8.8640e+01,8.8345e+01,8.7513e+01,8.7035e+01,8.6182e+01,8.5830e+01,8.5837e+01,8.5357e+01,8.5145e+01,8.4478e+01,8.4352e+01,8.4670e+01,8.4925e+01,8.5611e+01,8.6121e+01,8.6986e+01,8.7660e+01,8.8508e+01,8.8765e+01,8.8564e+01,8.7646e+01,8.7310e+01,8.6631e+01,8.6379e+01,8.5955e+01,8.5702e+01,8.5986e+01,8.5953e+01,8.5483e+01,8.4987e+01,8.4599e+01,8.4614e+01,8.4849e+01,8.4350e+01,8.3811e+01,8.3620e+01,8.3962e+01,8.3547e+01,8.4154e+01,8.3688e+01,8.2903e+01,8.2927e+01,8.3339e+01,8.3458e+01,8.3198e+01,8.3185e+01,8.3495e+01,8.3432e+01,8.4032e+01,8.4788e+01,8.5562e+01,8.5972e+01,8.6002e+01,8.6767e+01,8.6396e+01,8.7132e+01,8.8306e+01,8.8588e+01,8.7800e+01,8.7729e+01,8.8145e+01,8.7907e+01,8.7658e+01,8.7324e+01,8.6343e+01,8.6881e+01,8.7965e+01,8.8083e+01,8.8946e+01,8.8412e+01,8.8022e+01,8.7340e+01,8.6186e+01,8.5973e+01,8.4892e+01,8.4407e+01,8.3605e+01,8.3225e+01,8.2640e+01,8.2184e+01,8.2184e+01,8.2042e+01,8.2271e+01,8.2158e+01,8.2502e+01,8.2679e+01,8.3178e+01,8.3050e+01,8.2641e+01,8.2321e+01,8.2223e+01,8.1972e+01,8.1801e+01,8.2080e+01,8.2420e+01,8.2604e+01,8.2730e+01,8.3031e+01,8.3070e+01,8.2842e+01,8.2571e+01,8.2343e+01,8.1882e+01,8.2123e+01,8.2208e+01,8.2073e+01,8.1775e+01,8.1792e+01,8.1633e+01,8.1748e+01,8.1744e+01,8.1682e+01,8.1507e+01,8.1573e+01,8.1714e+01,8.1630e+01,8.1962e+01,8.2338e+01,8.2276e+01,8.2920e+01,8.2783e+01,8.2223e+01,8.2453e+01,8.2513e+01,8.3223e+01,8.4048e+01,8.4420e+01,8.5210e+01,8.5042e+01,8.4488e+01,8.4268e+01,8.3632e+01,8.3880e+01,8.4413e+01,8.4647e+01,8.5109e+01,8.5990e+01,8.6611e+01,8.7223e+01,8.8269e+01,8.9253e+01,8.9589e+01,8.9955e+01,9.0338e+01,9.0192e+01,9.0801e+01,9.1289e+01,9.1572e+01,9.1671e+01,9.1686e+01,9.1800e+01,9.1888e+01,9.1937e+01,9.2209e+01,9.2457e+01,9.2597e+01,9.3025e+01,9.3403e+01,9.3374e+01,9.3460e+01,9.3643e+01,9.3689e+01,9.3624e+01,9.3671e+01,9.3789e+01,9.3790e+01,9.3886e+01,9.4003e+01,9.4190e+01,9.4307e+01,9.4761e+01,9.4856e+01
8.8453e+01,8.8163e+01,8.7335e+01,8.6863e+01,8.6014e+01,8.5662e+01,8.5666e+01,8.5188e+01,8.4977e+01,8.4314e+01,8.4190e+01,8.4506e+01,8.4762e+01,8.5445e+01,8.5955e+01,8.6817e+01,8.7490e+01,8.8337e+01,8.8596e+01,8.8397e+01,8.7481e+01,8.7146e+01,8.6469e+01,8.6216e+01,8.5790e+01,8.5539e+01,8.5824e+01,8.5790e+01,8.5322e+01,8.4829e+01,8.4442e+01,8.4456e+01,8.4692e+01,8.4196e+01,8.3656e+01,8.3461e+01,8.3803e+01,8.3389e+01,8.3994e+01,8.3532e+01,8.2750e+01,8.2779e+01,8.3193e+01,8.3318e+01,8.3063e+01,8.3057e+01,8.3365e+01,8.3304e+01,8.3899e+01,8.4650e+01,8.5411e+01,8.5813e+01,8.5848e+01,8.6605e+01,8.6244e+01,8.6983e+01,8.8150e+01,8.8438e+01,8.7654e+01,8.7599e+01,8.8014e+01,8.7785e+01,8.7538e+01,8.7211e+01,8.6234e+01,8.6774e+01,8.7857e+01,8.7973e+01,8.8835e+01,8.8300e+01,8.7911e+01,8.7225e+01,8.6071e+01,8.5854e+01,8.4773e+01,8.4287e+01,8.3483e+01,8.3107e+01,8.2521e+01,8.2064e+01,8.2066e+01,8.1924e+01,8.2155e+01,8.2042e+01,8.2387e+01,8.2563e+01,8.3062e+01,8.2933e+01,8.2521e+01,8.2200e+01,8.2098e+01,8.1845e+01,8.1669e+01,8.1946e+01,8.2289e+01,8.2471e+01,8.2600e+01,8.2900e+01,8.2940e+01,8.2712e+01,8.2439e+01,8.2208e+01,8.1746e+01,8.1982e+01,8.2062e+01,8.1928e+01,8.1633e+01,8.1652e+01,8.1499e+01,8.1616e+01,8.1615e+01,8.1554e+01,8.1379e+01,8.1446e+01,8.1584e+01,8.1500e+01,8.1832e+01,8.2204e+01,8.2139e+01,8.2779e+01,8.2637e+01,8.2079e+01,8.2306e+01,8.2362e+01,8.3069e+01,8.3892e+01,8.4261e+01,8.5045e+01,8.4878e+01,8.4329e+01,8.4108e+01,8.3471e+01,8.3720e+01,8.4254e+01,8.4484e+01,8.4938e+01,8.5812e+01,8.6432e+01,8.7042e+01,8.8084e+01,8.9066e+01,8.9400e+01,8.9767e+01,9.0150e+01,9.0006e+01,9.0616e+01,9.1106e+01,9.1390e+01,9.1490e+01,9.1502e+01,9.1617e+01,9.1703e+01,9.1753e+01,9.2028e+01,9.2277e+01,9.2418e+01,9.2851e+01,9.3233e+01,9.3205e+01,9.3292e+01,9.3477e+01,9.3524e+01,9.3457e+01,9.3506e+01,9.3624e+01,9.3626e+01,9.3724e+01,9.3841e+01,9.4030e+01,9.4151e+01,9.4606e+01,9.4701e+01
8.8389e+01,8.8099e+01,8.7275e+01,8.6802e+01,8.5955e+01,8.5601e+01,8.5604e+01,8.5127e+01,8.4917e+01,8.4260e+01,8.4137e+01,8.4453e+01,8.4709e+01,8.5391e+01,8.5899e+01,8.6760e+01,8.7430e+01,8.8276e+01,8.8534e+01,8.8333e+01,8.7420e+01,8.7083e+01,8.6408e+01,8.6154e+01,8.5727e+01,8.5476e+01,8.5763e+01,8.5730e+01,8.5263e+01,8.4771e+01,8.4388e+01,8.4404e+01,8.4642e+01,8.4150e+01,8.3613e+01,8.3417e+01,8.3758e+01,8.3350e+01,8.3957e+01,8.3501e+01,8.2717e+01,8.2750e+01,8.3169e+01,8.3300e+01,8.3045e+01,8.3037e+01,8.3343e+01,8.3277e+01,8.3866e+01,8.4620e+01,8.5375e+01,8.5789e+01,8.5839e+01,8.6598e+01,8.6240e+01,8.6983e+01,8.8149e+01,8.8438e+01,8.7653e+01,8.7593e+01,8.7998e+01,8.7765e+01,8.7511e+01,8.7188e+01,8.6212e+01,8.6755e+01,8.7840e+01,8.7961e+01,8.8827e+01,8.8293e+01,8.7902e+01,8.7217e+01,8.6062e+01,8.5849e+01,8.4765e+01,8.4275e+01,8.3468e+01,8.3088e+01,8.2498e+01,8.2037e+01,8.2037e+01,8.1891e+01,8.2121e+01,8.2004e+01,8.2350e+01,8.2523e+01,8.3022e+01,8.2892e+01,8.2479e+01,8.2156e+01,8.2052e+01,8.1797e+01,8.1620e+01,8.1893e+01,8.2235e+01,8.2416e+01,8.2546e+01,8.2843e+01,8.2885e+01,8.2658e+01,8.2384e+01,8.2152e+01,8.1693e+01,8.1926e+01,8.2003e+01,8.1872e+01,8.1582e+01,8.1603e+01,8.1454e+01,8.1567e+01,8.1570e+01,8.1513e+01,8.1342e+01,8.1413e+01,8.1553e+01,8.1468e+01,8.1805e+01,8.2177e+01,8.2110e+01,8.2751e+01,8.2605e+01,8.2042e+01,8.2265e+01,8.2317e+01,8.3020e+01,8.3841e+01,8.4213e+01,8.4993e+01,8.4832e+01,8.4289e+01,8.4073e+01,8.3437e+01,8.3690e+01,8.4231e+01,8.4461e+01,8.4913e+01,8.5784e+01,8.6404e+01,8.7012e+01,8.8051e+01,8.9031e+01,8.9361e+01,8.9728e+01,9.0112e+01,8.9968e+01,9.0579e+01,9.1068e+01,9.1354e+01,9.1454e+01,9.1465e+01,9.1578e+01,9.1663e+01,9.1713e+01,9.1987e+01,9.2236e+01,9.2378e+01,9.2809e+01,9.3192e+01,9.3165e+01,9.3254e+01,9.3441e+01,9.3490e+01,9.3426e+01,9.3478e+01,9.3599e+01,9.3601e+01,9.3697e+01,9.3812e+01,9.4002e+01,9.4126e+01,9.4581e+01,9.4676e+01
8.8152e+01,8.7863e+01,8.7042e+01,8.6568e+01,8.5722e+01,8.5366e+01,8.5368e+01,8.4894e+01,8.4684e+01,8.4031e+01,8.3910e+01,8.4227e+01,8.4483e+01,8.5164e+01,8.5672e+01,8.6532e+01,8.7200e+01,8.8049e+01,8.8309e+01,8.8106e+01,8.7193e+01,8.6853e+01,8.6177e+01,8.5921e+01,8.5491e+01,8.5242e+01,8.5531e+01,8.5499e+01,8.5035e+01,8.4547e+01,8.4167e+01,8.4181e+01,8.4421e+01,8.3932e+01,8.3390e+01,8.3190e+01,8.3530e+01,8.3121e+01,8.3727e+01,8.3272e+01,8.2490e+01,8.2526e+01,8.2946e+01,8.3080e+01,8.2828e+01,8.2825e+01,8.3132e+01,8.3070e+01,8.3660e+01,8.4415e+01,8.5165e+01,8.5570e+01,8.5617e+01,8.6365e+01,8.6011e+01,8.6753e+01,8.7912e+01,8.8204e+01,8.7423e+01,8.7372e+01,8.7778e+01,8.7552e+01,8.7302e+01,8.6984e+01,8.6011e+01,8.6556e+01,8.7639e+01,8.7757e+01,8.8621e+01,8.8090e+01,8.7702e+01,8.7015e+01,8.5858e+01,8.5640e+01,8.4557e+01,8.4068e+01,8.3258e+01,8.2883e+01,8.2292e+01,8.1831e+01,8.1835e+01,8.1690e+01,8.1923e+01,8.1806e+01,8.2153e+01,8.2327e+01,8.2826e+01,8.2694e+01,8.2278e+01,8.1956e+01,8.1849e+01,8.1592e+01,8.1411e+01,8.1684e+01,8.2030e+01,8.2212e+01,8.2344e+01,8.2641e+01,8.2683e+01,8.2454e+01,8.2178e+01,8.1945e+01,8.1484e+01,8.1715e+01,8.1790e+01,8.1659e+01,8.1368e+01,8.1390e+01,8.1244e+01,8.1359e+01,8.1363e+01,8.1306e+01,8.1133e+01,8.1203e+01,8.1340e+01,8.1256e+01,8.1593e+01,8.1962e+01,8.1893e+01,8.2532e+01,8.2384e+01,8.1822e+01,8.2044e+01,8.2095e+01,8.2797e+01,8.3617e+01,8.3987e+01,8.4763e+01,8.4601e+01,8.4061e+01,8.3844e+01,8.3208e+01,8.3460e+01,8.3999e+01,8.4224e+01,8.4673e+01,8.5543e+01,8.6164e+01,8.6770e+01,8.7809e+01,8.8788e+01,8.9118e+01,8.9485e+01,8.9870e+01,8.9726e+01,9.0339e+01,9.0830e+01,9.1119e+01,9.1222e+01,9.1233e+01,9.1348e+01,9.1436e+01,9.1486e+01,9.1764e+01,9.2015e+01,9.2158e+01,9.2593e+01,9.2981e+01,9.2956e+01,9.3046e+01,9.3235e+01,9.3284e+01,9.3218e+01,9.3267e+01,9.3387e+01,9.3388e+01,9.3485e+01,9.3601e+01,9.3795e+01,9.3923e+01,9.4383e+01,9.4481e+01
8.7821e+01,8.7527e+01,8.6704e+01,8.6231e+01,8.5385e+01,8.5026e+01,8.5022e+01,8.4550e+01,8.4336e+01,8.3691e+01,8.3578e+01,8.3894e+01,8.4154e+01,8.4835e+01,8.5346e+01,8.6207e+01,8.6878e+01,8.7733e+01,8.7999e+01,8.7797e+01,8.6878e+01,8.6537e+01,8.5857e+01,8.5603e+01,8.5167e+01,8.4919e+01,8.5204e+01,8.5168e+01,8.4709e+01,8.4225e+01,8.3849e+01,8.3858e+01,8.4098e+01,8.3615e+01,8.3072e+01,8.2866e+01,8.3212e+01,8.2806e+01,8.3418e+01,8.2969e+01,8.2191e+01,8.2237e+01,8.2661e+01,8.2803e+01,8.2551e+01,8.2557e+01,8.2872e+01,8.2819e+01,8.3419e+01,8.4176e+01,8.4928e+01,8.5320e+01,8.5357e+01,8.6092e+01,8.5735e+01,8.6475e+01,8.7628e+01,8.7924e+01,8.7153e+01,8.7111e+01,8.7526e+01,8.7309e+01,8.7068e+01,8.6749e+01,8.5774e+01,8.6319e+01,8.7401e+01,8.7511e+01,8.8370e+01,8.7834e+01,8.7445e+01,8.6752e+01,8.5594e+01,8.5373e+01,8.4290e+01,8.3797e+01,8.2986e+01,8.2614e+01,8.2024e+01,8.1561e+01,8.1569e+01,8.1425e+01,8.1658e+01,8.1544e+01,8.1899e+01,8.2077e+01,8.2584e+01,8.2451e+01,8.2031e+01,8.1700e+01,8.1590e+01,8.1325e+01,8.1138e+01,8.1409e+01,8.1761e+01,8.1941e+01,8.2076e+01,8.2370e+01,8.2412e+01,8.2177e+01,8.1894e+01,8.1658e+01,8.1193e+01,8.1418e+01,8.1487e+01,8.1355e+01,8.1066e+01,8.1087e+01,8.0946e+01,8.1063e+01,8.1072e+01,8.1018e+01,8.0845e+01,8.0916e+01,8.1049e+01,8.0965e+01,8.1305e+01,8.1669e+01,8.1599e+01,8.2236e+01,8.2082e+01,8.1519e+01,8.1739e+01,8.1784e+01,8.2484e+01,8.3307e+01,8.3677e+01,8.4451e+01,8.4293e+01,8.3762e+01,8.3547e+01,8.2917e+01,8.3169e+01,8.3707e+01,8.3928e+01,8.4374e+01,8.5248e+01,8.5872e+01,8.6476e+01,8.7518e+01,8.8497e+01,8.8824e+01,8.9193e+01,8.9580e+01,8.9436e+01,9.0052e+01,9.0544e+01,9.0836e+01,9.0942e+01,9.0953e+01,9.1072e+01,9.1162e+01,9.1215e+01,9.1498e+01,9.1750e+01,9.1896e+01,9.2335e+01,9.2728e+01,9.2701e+01,9.2792e+01,9.2985e+01,9.3035e+01,9.2968e+01,9.3015e+01,9.3132e+01,9.3131e+01,9.3225e+01,9.3341e+01,9.3537e+01,9.3668e+01,9.4131e+01,9.4231e+01
8.7595e+01,8.7299e+01,8.6477e+01,8.6004e+01,8.5162e+01,8.4802e+01,8.4799e+01,8.4331e+01,8.4117e+01,8.3478e+01,8.3369e+01,8.3683e+01,8.3944e+01,8.4623e+01,8.5131e+01,8.5990e+01,8.6657e+01,8.7514e+01,8.7784e+01,8.7585e+01,8.6665e+01,8.6325e+01,8.5647e+01,8.5394e+01,8.4955e+01,8.4710e+01,8.4997e+01,8.4959e+01,8.4503e+01,8.4026e+01,8.3653e+01,8.3658e+01,8.3903e+01,8.3425e+01,8.2876e+01,8.2662e+01,8.3008e+01,8.2602e+01,8.3215e+01,8.2771e+01,8.1997e+01,8.2048e+01,8.2474e+01,8.2621e+01,8.2371e+01,8.2381e+01,8.2696e+01,8.2647e+01,8.3246e+01,8.4004e+01,8.4753e+01,8.5142e+01,8.5178e+01,8.5905e+01,8.5548e+01,8.6288e+01,8.7432e+01,8.7730e+01,8.6969e+01,8.6931e+01,8.7347e+01,8.7134e+01,8.6896e+01,8.6582e+01,8.5610e+01,8.6158e+01,8.7236e+01,8.7342e+01,8.8198e+01,8.7664e+01,8.7278e+01,8.6583e+01,8.5426e+01,8.5201e+01,8.4119e+01,8.3627e+01,8.2815e+01,8.2445e+01,8.1855e+01,8.1391e+01,8.1401e+01,8.1257e+01,8.1492e+01,8.1377e+01,8.1735e+01,8.1913e+01,8.2422e+01,8.2287e+01,8.1863e+01,8.1532e+01,8.1418e+01,8.1152e+01,8.0960e+01,8.1230e+01,8.1585e+01,8.1765e+01,8.1904e+01,8.2197e+01,8.2243e+01,8.2004e+01,8.1715e+01,8.1476e+01,8.1010e+01,8.1233e+01,8.1300e+01,8.1170e+01,8.0882e+01,8.0906e+01,8.0769e+01,8.0885e+01,8.0897e+01,8.0846e+01,8.0673e+01,8.0745e+01,8.0876e+01,8.0792e+01,8.1131e+01,8.1493e+01,8.1420e+01,8.2054e+01,8.1895e+01,8.1332e+01,8.1548e+01,8.1589e+01,8.2284e+01,8.3106e+01,8.3473e+01,8.4242e+01,8.4086e+01,8.3561e+01,8.3347e+01,8.2719e+01,8.2968e+01,8.3504e+01,8.3715e+01,8.4156e+01,8.5031e+01,8.5654e+01,8.6254e+01,8.7295e+01,8.8270e+01,8.8594e+01,8.8962e+01,8.9350e+01,8.9207e+01,8.9823e+01,9.0319e+01,9.0615e+01,9.0725e+01,9.0738e+01,9.0862e+01,9.0953e+01,9.1007e+01,9.1295e+01,9.1549e+01,9.1699e+01,9.2141e+01,9.2537e+01,9.2509e+01,9.2601e+01,9.2796e+01,9.2847e+01,9.2781e+01,9.2827e+01,9.2943e+01,9.2942e+01,9.3037e+01,9.3155e+01,9.3354e+01,9.3486e+01,9.3951e+01,9.4052e+01
8.7350e+01,8.7049e+01,8.6224e+01,8.5750e+01,8.4905e+01,8.4541e+01,8.4533e+01,8.4064e+01,8.3848e+01,8.3212e+01,8.3106e+01,8.3420e+01,8.3686e+01,8.4367e+01,8.4877e+01,8.5737e+01,8.6406e+01,8.7268e+01,8.7541e+01,8.7341e+01,8.6418e+01,8.6076e+01,8.5394e+01,8.5139e+01,8.4696e+01,8.4450e+01,8.4738e+01,8.4700e+01,8.4247e+01,8.3771e+01,8.3400e+01,8.3404e+01,8.3653e+01,8.3179e+01,8.2628e+01,8.2408e+01,8.2757e+01,8.2356e+01,8.2973e+01,8.2533e+01,8.1755e+01,8.1809e+01,8.2240e+01,8.2390e+01,8.2137e+01,8.2145e+01,8.2464e+01,8.2413e+01,8.3016e+01,8.3777e+01,8.4529e+01,8.4922e+01,8.4959e+01,8.5690e+01,8.5329e+01,8.6067e+01,8.7211e+01,8.7503e+01,8.6741e+01,8.6698e+01,8.7109e+01,8.6895e+01,8.6657e+01,8.6343e+01,8.5373e+01,8.5921e+01,8.6998e+01,8.7106e+01,8.7964e+01,8.7432e+01,8.7048e+01,8.6354e+01,8.5195e+01,8.4971e+01,8.3887e+01,8.3393e+01,8.2579e+01,8.2206e+01,8.1614e+01,8.1147e+01,8.1155e+01,8.1009e+01,8.1244e+01,8.1128e+01,8.1487e+01,8.1665e+01,8.2174e+01,8.2039e+01,8.1613e+01,8.1281e+01,8.1166e+01,8.0899e+01,8.0707e+01,8.0976e+01,8.1332e+01,8.1513e+01,8.1654e+01,8.1951e+01,8.1999e+01,8.1759e+01,8.1468e+01,8.1227e+01,8.0760e+01,8.0984e+01,8.1049e+01,8.0919e+01,8.0631e+01,8.0656e+01,8.0520e+01,8.0637e+01,8.0650e+01,8.0599e+01,8.0426e+01,8.0499e+01,8.0630e+01,8.0545e+01,8.0887e+01,8.1251e+01,8.1177e+01,8.1814e+01,8.1652e+01,8.1085e+01,8.1299e+01,8.1336e+01,8.2032e+01,8.2856e+01,8.3225e+01,8.3995e+01,8.3842e+01,8.3320e+01,8.3107e+01,8.2479e+01,8.2730e+01,8.3268e+01,8.3479e+01,8.3923e+01,8.4802e+01,8.5430e+01,8.6032e+01,8.7076e+01,8.8054e+01,8.8376e+01,8.8743e+01,8.9133e+01,8.8991e+01,8.9607e+01,9.0104e+01,9.0404e+01,9.0516e+01,9.0529e+01,9.0655e+01,9.0746e+01,9.0800e+01,9.1090e+01,9.1344e+01,9.1497e+01,9.1939e+01,9.2337e+01,9.2307e+01,9.2401e+01,9.2599e+01,9.2652e+01,9.2585e+01,9.2629e+01,9.2743e+01,9.2740e+01,9.2834e+01,9.2955e+01,9.3154e+01,9.3287e+01,9.3753e+01,9.3854e+01
8.7066e+01,8.6764e+01,8.5940e+01,8.5466e+01,8.4623e+01,8.4256e+01,8.4245e+01,8.3776e+01,8.3565e+01,8.2936e+01,8.2829e+01,8.3138e+01,8.3407e+01,8.4084e+01,8.4594e+01,8.5452e+01,8.6122e+01,8.6987e+01,8.7268e+01,8.7072e+01,8.6150e+01,8.5807e+01,8.5122e+01,8.4864e+01,8.4417e+01,8.4177e+01,8.4468e+01,8.4432e+01,8.3982e+01,8.3511e+01,8.3142e+01,8.3144e+01,8.3399e+01,8.2926e+01,8.2370e+01,8.2141e+01,8.2490e+01,8.2089e+01,8.2707e+01,8.2271e+01,8.1496e+01,8.1554e+01,8.1990e+01,8.2144e+01,8.1895e+01,8.1905e+01,8.2221e+01,8.2170e+01,8.2769e+01,8.3532e+01,8.4279e+01,8.4676e+01,8.4719e+01,8.5451e+01,8.5093e+01,8.5834e+01,8.6977e+01,8.7270e+01,8.6507e+01,8.6463e+01,8.6869e+01,8.6653e+01,8.6411e+01,8.6100e+01,8.5132e+01,8.5681e+01,8.6758e+01,8.6870e+01,8.7730e+01,8.7202e+01,8.6822e+01,8.6129e+01,8.4968e+01,8.4744e+01,8.3657e+01,8.3164e+01,8.2347e+01,8.1974e+01,8.1379e+01,8.0911e+01,8.0919e+01,8.0772e+01,8.1008e+01,8.0889e+01,8.1246e+01,8.1421e+01,8.1928e+01,8.1790e+01,8.1359e+01,8.1030e+01,8.0909e+01,8.0642e+01,8.0446e+01,8.0712e+01,8.1070e+01,8.1251e+01,8.1398e+01,8.1696e+01,8.1750e+01,8.1511e+01,8.1216e+01,8.0969e+01,8.0504e+01,8.0726e+01,8.0788e+01,8.0664e+01,8.0377e+01,8.0409e+01,8.0277e+01,8.0394e+01,8.0411e+01,8.0363e+01,8.0189e+01,8.0264e+01,8.0394e+01,8.0307e+01,8.0649e+01,8.1012e+01,8.0933e+01,8.1569e+01,8.1402e+01,8.0831e+01,8.1039e+01,8.1072e+01,8.1762e+01,8.2585e+01,8.2954e+01,8.3720e+01,8.3569e+01,8.3052e+01,8.2840e+01,8.2212e+01,8.2463e+01,8.3001e+01,8.3208e+01,8.3651e+01,8.4531e+01,8.5158e+01,8.5759e+01,8.6801e+01,8.7778e+01,8.8099e+01,8.8466e+01,8.8856e+01,8.8713e+01,8.9330e+01,8.9829e+01,9.0132e+01,9.0246e+01,9.0260e+01,9.0389e+01,9.0481e+01,9.0535e+01,9.0824e+01,9.1078e+01,9.1233e+01,9.1674e+01,9.2068e+01,9.2035e+01,9.2131e+01,9.2333e+01,9.2389e+01,9.2322e+01,9.2368e+01,9.2482e+01,9.2479e+01,9.2574e+01,9.2699e+01,9.2899e+01,9.3030e+01,9.3493e+01,9.3595e+01
8.6748e+01,8.6441e+01,8.5613e+01,8.5138e+01,8.4292e+01,8.3924e+01,8.3913e+01,8.3444e+01,8.3232e+01,8.2602e+01,8.2497e+01,8.2808e+01,8.3079e+01,8.3758e+01,8.4270e+01,8.5131e+01,8.5804e+01,8.6674e+01,8.6959e+01,8.6764e+01,8.5838e+01,8.5493e+01,8.4804e+01,8.4544e+01,8.4093e+01,8.3850e+01,8.4142e+01,8.4104e+01,8.3653e+01,8.3180e+01,8.2808e+01,8.2811e+01,8.3065e+01,8.2591e+01,8.2035e+01,8.1807e+01,8.2158e+01,8.1756e+01,8.2379e+01,8.1945e+01,8.1164e+01,8.1224e+01,8.1667e+01,8.1824e+01,8.1574e+01,8.1582e+01,8.1896e+01,8.1840e+01,8.2439e+01,8.3209e+01,8.3961e+01,8.4367e+01,8.4415e+01,8.5156e+01,8.4798e+01,8.5543e+01,8.6693e+01,8.6983e+01,8.6211e+01,8.6159e+01,8.6557e+01,8.6333e+01,8.6083e+01,8.5770e+01,8.4802e+01,8.5349e+01,8.6431e+01,8.6550e+01,8.7418e+01,8.6893e+01,8.6512e+01,8.5822e+01,8.4659e+01,8.4438e+01,8.3345e+01,8.2850e+01,8.2029e+01,8.1649e+01,8.1048e+01,8.0573e+01,8.0575e+01,8.0421e+01,8.0653e+01,8.0529e+01,8.0884e+01,8.1055e+01,8.1560e+01,8.1420e+01,8.0990e+01,8.0661e+01,8.0541e+01,8.0275e+01,8.0082e+01,8.0345e+01,8.0702e+01,8.0882e+01,8.1028e+01,8.1323e+01,8.1377e+01,8.1138e+01,8.0845e+01,8.0598e+01,8.0137e+01,8.0359e+01,8.0422e+01,8.0302e+01,8.0019e+01,8.0053e+01,7.9923e+01,8.0037e+01,8.0054e+01,8.0009e+01,7.9839e+01,7.9918e+01,8.0054e+01,7.9966e+01,8.0314e+01,8.0681e+01,8.0601e+01,8.1241e+01,8.1070e+01,8.0493e+01,8.0698e+01,8.0727e+01,8.1418e+01,8.2244e+01,8.2617e+01,8.3385e+01,8.3237e+01,8.2721e+01,8.2512e+01,8.1881e+01,8.2136e+01,8.2677e+01,8.2884e+01,8.3330e+01,8.4214e+01,8.4845e+01,8.5447e+01,8.6493e+01,8.7473e+01,8.7794e+01,8.8160e+01,8.8549e+01,8.8404e+01,8.9021e+01,8.9519e+01,8.9824e+01,8.9937e+01,8.9952e+01,9.0082e+01,9.0176e+01,9.0228e+01,9.0516e+01,9.0769e+01,9.0923e+01,9.1364e+01,9.1758e+01,9.1722e+01,9.1816e+01,9.2022e+01,9.2078e+01,9.2011e+01,9.2054e+01,9.2168e+01,9.2167e+01,9.2262e+01,9.2390e+01,9.2588e+01,9.2718e+01,9.3179e+01,9.3280e+01
8.6493e+01,8.6185e+01,8.5355e+01,8.4882e+01,8.4037e+01,8.3669e+01,8.3658e+01,8.3189e+01,8.2975e+01,8.2346e+01,8.2245e+01,8.2556e+01,8.2829e+01,8.3508e+01,8.4022e+01,8.4883e+01,8.5559e+01,8.6433e+01,8.6725e+01,8.6533e+01,8.5603e+01,8.5260e+01,8.4570e+01,8.4311e+01,8.3856e+01,8.3614e+01,8.3902e+01,8.3859e+01,8.3408e+01,8.2937e+01,8.2565e+01,8.2564e+01,8.2817e+01,8.2343e+01,8.1787e+01,8.1558e+01,8.1911e+01,8.1506e+01,8.2130e+01,8.1700e+01,8.0922e+01,8.0986e+01,8.1431e+01,8.1593e+01,8.1346e+01,8.1358e+01,8.1673e+01,8.1620e+01,8.2219e+01,8.2990e+01,8.3740e+01,8.4146e+01,8.4196e+01,8.4936e+01,8.4577e+01,8.5328e+01,8.6480e+01,8.6774e+01,8.6003e+01,8.5954e+01,8.6353e+01,8.6129e+01,8.5879e+01,8.5567e+01,8.4599e+01,8.5149e+01,8.6232e+01,8.6351e+01,8.7220e+01,8.6694e+01,8.6314e+01,8.5621e+01,8.4454e+01,8.4229e+01,8.3133e+01,8.2636e+01,8.1810e+01,8.1433e+01,8.0830e+01,8.0353e+01,8.0357e+01,8.0204e+01,8.0439e+01,8.0314e+01,8.0670e+01,8.0841e+01,8.1347e+01,8.1206e+01,8.0774e+01,8.0445e+01,8.0323e+01,8.0057e+01,7.9858e+01,8.0123e+01,8.0486e+01,8.0670e+01,8.0820e+01,8.1118e+01,8.1174e+01,8.0935e+01,8.0637e+01,8.0384e+01,7.9918e+01,8.0137e+01,8.0193e+01,8.0074e+01,7.9789e+01,7.9827e+01,7.9701e+01,7.9820e+01,7.9841e+01,7.9795e+01,7.9621e+01,7.9700e+01,7.9833e+01,7.9741e+01,8.0088e+01,8.0453e+01,8.0369e+01,8.1006e+01,8.0830e+01,8.0252e+01,8.0453e+01,8.0480e+01,8.1167e+01,8.1992e+01,8.2365e+01,8.3131e+01,8.2985e+01,8.2473e+01,8.2265e+01,8.1634e+01,8.1889e+01,8.2430e+01,8.2635e+01,8.3080e+01,8.3968e+01,8.4601e+01,8.5203e+01,8.6250e+01,8.7229e+01,8.7547e+01,8.7912e+01,8.8301e+01,8.8155e+01,8.8773e+01,8.9276e+01,8.9583e+01,8.9698e+01,8.9714e+01,8.9845e+01,8.9939e+01,8.9992e+01,9.0283e+01,9.0535e+01,9.0689e+01,9.1131e+01,9.1525e+01,9.1486e+01,9.1581e+01,9.1792e+01,9.1849e+01,9.1782e+01,9.1824e+01,9.1939e+01,9.1942e+01,9.2039e+01,9.2170e+01,9.2367e+01,9.2499e+01,9.2961e+01,9.3064e+01
8.6169e+01,8.5857e+01,8.5021e+01,8.4546e+01,8.3700e+01,8.3329e+01,8.3318e+01,8.2848e+01,8.2633e+01,8.2004e+01,8.1903e+01,8.2216e+01,8.2491e+01,8.3173e+01,8.3689e+01,8.4552e+01,8.5233e+01,8.6113e+01,8.6409e+01,8.6218e+01,8.5284e+01,8.4939e+01,8.4245e+01,8.3985e+01,8.3525e+01,8.3282e+01,8.3568e+01,8.3523e+01,8.3071e+01,8.2598e+01,8.2224e+01,8.2224e+01,8.2477e+01,8.2007e+01,8.1451e+01,8.1218e+01,8.1572e+01,8.1170e+01,8.1798e+01,8.1371e+01,8.0589e+01,8.0656e+01,8.1106e+01,8.1271e+01,8.1024e+01,8.1035e+01,8.1349e+01,8.1294e+01,8.1893e+01,8.2668e+01,8.3418e+01,8.3829e+01,8.3885e+01,8.4629e+01,8.4272e+01,8.5029e+01,8.6188e+01,8.6485e+01,8.5707e+01,8.5657e+01,8.6055e+01,8.5828e+01,8.5572e+01,8.5260e+01,8.4289e+01,8.4842e+01,8.5929e+01,8.6052e+01,8.6927e+01,8.6401e+01,8.6018e+01,8.5324e+01,8.4151e+01,8.3927e+01,8.2824e+01,8.2325e+01,8.1495e+01,8.1115e+01,8.0508e+01,8.0029e+01,8.0033e+01,7.9879e+01,8.0114e+01,7.9988e+01,8.0347e+01,8.0518e+01,8.1026e+01,8.0884e+01,8.0449e+01,8.0120e+01,7.9996e+01,7.9728e+01,7.9527e+01,7.9791e+01,8.0157e+01,8.0340e+01,8.0492e+01,8.0791e+01,8.0848e+01,8.0606e+01,8.0304e+01,8.0048e+01,7.9580e+01,7.9796e+01,7.9848e+01,7.9730e+01,7.9447e+01,7.9486e+01,7.9363e+01,7.9482e+01,7.9505e+01,7.9461e+01,7.9287e+01,7.9368e+01,7.9501e+01,7.9410e+01,7.9760e+01,8.0126e+01,8.0040e+01,8.0680e+01,8.0500e+01,7.9917e+01,8.0115e+01,8.0136e+01,8.0822e+01,8.1650e+01,8.2025e+01,8.2791e+01,8.2650e+01,8.2141e+01,8.1935e+01,8.1301e+01,8.1559e+01,8.2105e+01,8.2307e+01,8.2755e+01,8.3648e+01,8.4286e+01,8.4891e+01,8.5941e+01,8.6924e+01,8.7240e+01,8.7604e+01,8.7995e+01,8.7849e+01,8.8469e+01,8.8974e+01,8.9285e+01,8.9402e+01,8.9416e+01,8.9548e+01,8.9641e+01,8.9695e+01,8.9984e+01,9.0234e+01,9.0389e+01,9.0832e+01,9.1227e+01,9.1185e+01,9.1281e+01,9.1494e+01,9.1552e+01,9.1485e+01,9.1525e+01,9.1639e+01,9.1641e+01,9.1737e+01,9.1870e+01,9.2064e+01,9.2196e+01,9.2655e+01,9.2762e+01
8.5805e+01,8.5489e+01,8.4651e+01,8.4176e+01,8.3329e+01,8.2956e+01,8.2946e+01,8.2476e+01,8.2261e+01,8.1632e+01,8.1530e+01,8.1845e+01,8.2122e+01,8.2807e+01,8.3324e+01,8.4190e+01,8.4873e+01,8.5760e+01,8.6061e+01,8.5871e+01,8.4932e+01,8.4585e+01,8.3886e+01,8.3624e+01,8.3159e+01,8.2914e+01,8.3200e+01,8.3153e+01,8.2700e+01,8.2227e+01,8.1851e+01,8.1850e+01,8.2106e+01,8.1635e+01,8.1075e+01,8.0838e+01,8.1193e+01,8.0790e+01,8.1419e+01,8.0991e+01,8.0210e+01,8.0278e+01,8.0729e+01,8.0896e+01,8.0651e+01,8.0664e+01,8.0977e+01,8.0924e+01,8.1521e+01,8.2298e+01,8.3046e+01,8.3457e+01,8.3516e+01,8.4260e+01,8.3904e+01,8.4666e+01,8.5828e+01,8.6130e+01,8.5351e+01,8.5304e+01,8.5704e+01,8.5477e+01,8.5219e+01,8.4908e+01,8.3936e+01,8.4494e+01,8.5583e+01,8.5706e+01,8.6585e+01,8.6057e+01,8.5676e+01,8.4977e+01,8.3800e+01,8.3571e+01,8.2465e+01,8.1966e+01,8.1132e+01,8.0754e+01,8.0144e+01,7.9666e+01,7.9673e+01,7.9520e+01,7.9758e+01,7.9633e+01,7.9994e+01,8.0167e+01,8.0675e+01,8.0533e+01,8.0094e+01,7.9767e+01,7.9641e+01,7.9373e+01,7.9167e+01,7.9434e+01,7.9806e+01,7.9995e+01,8.0151e+01,8.0455e+01,8.0513e+01,8.0270e+01,7.9964e+01,7.9703e+01,7.9229e+01,7.9444e+01,7.9491e+01,7.9372e+01,7.9085e+01,7.9127e+01,7.9004e+01,7.9128e+01,7.9152e+01,7.9105e+01,7.8928e+01,7.9006e+01,7.9137e+01,7.9044e+01,7.9392e+01,7.9755e+01,7.9667e+01,8.0306e+01,8.0124e+01,7.9541e+01,7.9737e+01,7.9759e+01,8.0443e+01,8.1270e+01,8.1644e+01,8.2409e+01,8.2269e+01,8.1762e+01,8.1555e+01,8.0919e+01,8.1176e+01,8.1721e+01,8.1919e+01,8.2366e+01,8.3267e+01,8.3907e+01,8.4509e+01,8.5565e+01,8.6549e+01,8.6866e+01,8.7226e+01,8.7618e+01,8.7471e+01,8.8094e+01,8.8606e+01,8.8922e+01,8.9040e+01,8.9053e+01,8.9187e+01,8.9277e+01,8.9327e+01,8.9615e+01,8.9862e+01,9.0016e+01,9.0460e+01,9.0856e+01,9.0811e+01,9.0908e+01,9.1128e+01,9.1188e+01,9.1123e+01,9.1164e+01,9.1283e+01,9.1290e+01,9.1389e+01,9.1527e+01,9.1721e+01,9.1854e+01,9.2313e+01,9.2423e+01
8.5507e+01,8.5189e+01,8.4351e+01,8.3877e+01,8.3032e+01,8.2661e+01,8.2652e+01,8.2182e+01,8.1971e+01,8.1342e+01,8.1236e+01,8.1548e+01,8.1826e+01,8.2510e+01,8.3026e+01,8.3892e+01,8.4576e+01,8.5465e+01,8.5772e+01,8.5584e+01,8.4645e+01,8.4301e+01,8.3600e+01,8.3340e+01,8.2874e+01,8.2632e+01,8.2916e+01,8.2867e+01,8.2413e+01,8.1941e+01,8.1564e+01,8.1562e+01,8.1823e+01,8.1351e+01,8.0786e+01,8.0544e+01,8.0896e+01,8.0493e+01,8.1119e+01,8.0693e+01,7.9912e+01,7.9982e+01,8.0434e+01,8.0603e+01,8.0362e+01,8.0375e+01,8.0684e+01,8.0633e+01,8.1226e+01,8.2001e+01,8.2745e+01,8.3156e+01,8.3220e+01,8.3964e+01,8.3611e+01,8.4378e+01,8.5541e+01,8.5848e+01,8.5069e+01,8.5027e+01,8.5429e+01,8.5206e+01,8.4950e+01,8.4642e+01,8.3670e+01,8.4233e+01,8.5322e+01,8.5443e+01,8.6323e+01,8.5794e+01,8.5414e+01,8.4712e+01,8.3532e+01,8.3297e+01,8.2188e+01,8.1691e+01,8.0854e+01,8.0478e+01,7.9867e+01,7.9389e+01,7.9401e+01,7.9250e+01,7.9493e+01,7.9368e+01,7.9729e+01,7.9902e+01,8.0410e+01,8.0267e+01,7.9825e+01,7.9501e+01,7.9371e+01,7.9104e+01,7.8894e+01,7.9162e+01,7.9539e+01,7.9733e+01,7.9894e+01,8.0202e+01,8.0263e+01,8.0019e+01,7.9711e+01,7.9445e+01,7.8966e+01,7.9180e+01,7.9223e+01,7.9104e+01,7.8813e+01,7.8858e+01,7.8736e+01,7.8865e+01,7.8891e+01,7.8844e+01,7.8662e+01,7.8740e+01,7.8867e+01,7.8770e+01,7.9114e+01,7.9474e+01,7.9382e+01,8.0019e+01,7.9835e+01,7.9252e+01,7.9445e+01,7.9467e+01,8.0148e+01,8.0973e+01,8.1344e+01,8.2105e+01,8.1967e+01,8.1465e+01,8.1255e+01,8.0617e+01,8.0874e+01,8.1419e+01,8.1616e+01,8.2060e+01,8.2965e+01,8.3608e+01,8.4208e+01,8.5267e+01,8.6253e+01,8.6568e+01,8.6926e+01,8.7319e+01,8.7172e+01,8.7799e+01,8.8314e+01,8.8635e+01,8.8754e+01,8.8768e+01,8.8903e+01,8.8992e+01,8.9043e+01,8.9332e+01,8.9579e+01,8.9735e+01,9.0181e+01,9.0578e+01,9.0531e+01,9.0632e+01,9.0857e+01,9.0919e+01,9.0853e+01,9.0894e+01,9.1013e+01,9.1024e+01,9.1128e+01,9.1266e+01,9.1457e+01,9.1590e+01,9.2047e+01,9.2158e+01
8.5196e+01,8.4875e+01,8.4036e+01,8.3561e+01,8.2715e+01,8.2342e+01,8.2331e+01,8.1862e+01,8.1651e+01,8.1026e+01,8.0922e+01,8.1232e+01,8.1512e+01,8.2196e+01,8.2713e+01,8.3579e+01,8.4267e+01,8.5161e+01,8.5477e+01,8.5295e+01,8.4351e+01,8.4007e+01,8.3301e+01,8.3042e+01,8.2569e+01,8.2327e+01,8.2613e+01,8.2564e+01,8.2114e+01,8.1644e+01,8.1268e+01,8.1262e+01,8.1527e+01,8.1057e+01,8.0486e+01,8.0238e+01,8.0593e+01,8.0190e+01,8.0820e+01,8.0397e+01,7.9617e+01,7.9693e+01,8.0148e+01,8.0322e+01,8.0081e+01,8.0098e+01,8.0410e+01,8.0362e+01,8.0958e+01,8.1735e+01,8.2478e+01,8.2888e+01,8.2951e+01,8.3694e+01,8.3339e+01,8.4110e+01,8.5275e+01,8.5587e+01,8.4809e+01,8.4769e+01,8.5176e+01,8.4954e+01,8.4699e+01,8.4389e+01,8.3412e+01,8.3973e+01,8.5066e+01,8.5186e+01,8.6066e+01,8.5533e+01,8.5150e+01,8.4446e+01,8.3263e+01,8.3027e+01,8.1916e+01,8.1416e+01,8.0577e+01,8.0203e+01,7.9592e+01,7.9112e+01,7.9125e+01,7.8975e+01,7.9218e+01,7.9094e+01,7.9458e+01,7.9633e+01,8.0143e+01,8.0001e+01,7.9559e+01,7.9233e+01,7.9104e+01,7.8835e+01,7.8622e+01,7.8890e+01,7.9271e+01,7.9465e+01,7.9627e+01,7.9935e+01,7.9997e+01,7.9751e+01,7.9439e+01,7.9170e+01,7.8686e+01,7.8897e+01,7.8934e+01,7.8813e+01,7.8522e+01,7.8566e+01,7.8447e+01,7.8579e+01,7.8606e+01,7.8556e+01,7.8374e+01,7.8449e+01,7.8573e+01,7.8479e+01,7.8824e+01,7.9182e+01,7.9090e+01,7.9726e+01,7.9539e+01,7.8956e+01,7.9148e+01,7.9166e+01,7.9846e+01,8.0674e+01,8.1045e+01,8.1804e+01,8.1668e+01,8.1170e+01,8.0959e+01,8.0321e+01,8.0577e+01,8.1120e+01,8.1315e+01,8.1757e+01,8.2666e+01,8.3310e+01,8.3907e+01,8.4970e+01,8.5960e+01,8.6276e+01,8.6634e+01,8.7026e+01,8.6876e+01,8.7506e+01,8.8022e+01,8.8346e+01,8.8467e+01,8.8482e+01,8.8619e+01,8.8707e+01,8.8755e+01,8.9044e+01,8.9290e+01,8.9447e+01,8.9894e+01,9.0293e+01,9.0241e+01,9.0344e+01,9.0572e+01,9.0637e+01,9.0571e+01,9.0613e+01,9.0734e+01,9.0746e+01,9.0851e+01,9.0990e+01,9.1180e+01,9.1313e+01,9.1768e+01,9.1879e+01
8.4843e+01,8.4518e+01,8.3681e+01,8.3204e+01,8.2355e+01,8.1977e+01,8.1962e+01,8.1493e+01,8.1283e+01,8.0663e+01,8.0560e+01,8.0870e+01,8.1154e+01,8.1840e+01,8.2358e+01,8.3224e+01,8.3913e+01,8.4812e+01,8.5136e+01,8.4957e+01,8.4011e+01,8.3666e+01,8.2953e+01,8.2693e+01,8.2211e+01,8.1969e+01,8.2258e+01,8.2209e+01,8.1763e+01,8.1294e+01,8.0919e+01,8.0910e+01,8.1181e+01,8.0716e+01,8.0140e+01,7.9883e+01,8.0240e+01,7.9839e+01,8.0473e+01,8.0052e+01,7.9273e+01,7.9352e+01,7.9811e+01,7.9989e+01,7.9748e+01,7.9768e+01,8.0081e+01,8.0037e+01,8.0633e+01,8.1410e+01,8.2152e+01,8.2559e+01,8.2624e+01,8.3366e+01,8.3010e+01,8.3786e+01,8.4955e+01,8.5271e+01,8.4494e+01,8.4457e+01,8.4868e+01,8.4649e+01,8.4397e+01,8.4089e+01,8.3108e+01,8.3673e+01,8.4768e+01,8.4883e+01,8.5764e+01,8.5228e+01,8.4845e+01,8.4136e+01,8.2949e+01,8.2709e+01,8.1595e+01,8.1094e+01,8.0253e+01,7.9880e+01,7.9269e+01,7.8790e+01,7.8808e+01,7.8660e+01,7.8908e+01,7.8786e+01,7.9154e+01,7.9333e+01,7.9847e+01,7.9704e+01,7.9256e+01,7.8929e+01,7.8795e+01,7.8523e+01,7.8302e+01,7.8571e+01,7.8959e+01,7.9154e+01,7.9322e+01,7.9632e+01,7.9698e+01,7.9448e+01,7.9129e+01,7.8853e+01,7.8364e+01,7.8570e+01,7.8601e+01,7.8478e+01,7.8187e+01,7.8232e+01,7.8117e+01,7.8253e+01,7.8285e+01,7.8235e+01,7.8049e+01,7.8124e+01,7.8243e+01,7.8147e+01,7.8493e+01,7.8847e+01,7.8753e+01,7.9388e+01,7.9198e+01,7.8613e+01,7.8802e+01,7.8817e+01,7.9496e+01,8.0326e+01,8.0696e+01,8.1452e+01,8.1320e+01,8.0826e+01,8.0614e+01,7.9975e+01,8.0232e+01,8.0777e+01,8.0970e+01,8.1411e+01,8.2325e+01,8.2973e+01,8.3570e+01,8.4639e+01,8.5633e+01,8.5952e+01,8.6311e+01,8.6703e+01,8.6553e+01,8.7187e+01,8.7707e+01,8.8036e+01,8.8158e+01,8.8175e+01,8.8313e+01,8.8399e+01,8.8445e+01,8.8737e+01,8.8981e+01,8.9139e+01,8.9592e+01,8.9992e+01,8.9940e+01,9.0045e+01,9.0278e+01,9.0345e+01,9.0278e+01,9.0321e+01,9.0444e+01,9.0455e+01,9.0560e+01,9.0698e+01,9.0883e+01,9.1014e+01,9.1465e+01,9.1575e+01
8.4521e+01,8.4189e+01,8.3347e+01,8.2866e+01,8.2011e+01,8.1627e+01,8.1606e+01,8.1138e+01,8.0927e+01,8.0312e+01,8.0212e+01,8.0522e+01,8.0813e+01,8.1503e+01,8.2024e+01,8.2894e+01,8.3590e+01,8.4499e+01,8.4829e+01,8.4648e+01,8.3696e+01,8.3346e+01,8.2624e+01,8.2360e+01,8.1867e+01,8.1624e+01,8.1911e+01,8.1863e+01,8.1422e+01,8.0954e+01,8.0581e+01,8.0568e+01,8.0842e+01,8.0383e+01,7.9805e+01,7.9541e+01,7.9902e+01,7.9508e+01,8.0147e+01,7.9729e+01,7.8949e+01,7.9035e+01,7.9497e+01,7.9680e+01,7.9435e+01,7.9461e+01,7.9780e+01,7.9742e+01,8.0345e+01,8.1124e+01,8.1867e+01,8.2271e+01,8.2334e+01,8.3073e+01,8.2712e+01,8.3492e+01,8.4667e+01,8.4989e+01,8.4215e+01,8.4181e+01,8.4600e+01,8.4384e+01,8.4137e+01,8.3826e+01,8.2838e+01,8.3403e+01,8.4504e+01,8.4613e+01,8.5491e+01,8.4945e+01,8.4554e+01,8.3839e+01,8.2647e+01,8.2407e+01,8.1290e+01,8.0783e+01,7.9940e+01,7.9571e+01,7.8961e+01,7.8480e+01,7.8502e+01,7.8356e+01,7.8604e+01,7.8486e+01,7.8863e+01,7.9048e+01,7.9570e+01,7.9427e+01,7.8975e+01,7.8641e+01,7.8506e+01,7.8226e+01,7.8001e+01,7.8269e+01,7.8663e+01,7.8857e+01,7.9028e+01,7.9336e+01,7.9403e+01,7.9148e+01,7.8821e+01,7.8541e+01,7.8046e+01,7.8246e+01,7.8271e+01,7.8144e+01,7.7853e+01,7.7897e+01,7.7786e+01,7.7928e+01,7.7962e+01,7.7910e+01,7.7722e+01,7.7795e+01,7.7910e+01,7.7816e+01,7.8164e+01,7.8516e+01,7.8424e+01,7.9060e+01,7.8869e+01,7.8283e+01,7.8474e+01,7.8483e+01,7.9163e+01,8.0000e+01,8.0370e+01,8.1128e+01,8.0998e+01,8.0508e+01,8.0297e+01,7.9658e+01,7.9918e+01,8.0464e+01,8.0655e+01,8.1099e+01,8.2019e+01,8.2672e+01,8.3273e+01,8.4350e+01,8.5353e+01,8.5676e+01,8.6039e+01,8.6433e+01,8.6284e+01,8.6923e+01,8.7446e+01,8.7778e+01,8.7901e+01,8.7921e+01,8.8061e+01,8.8149e+01,8.8195e+01,8.8491e+01,8.8737e+01,8.8895e+01,8.9354e+01,8.9758e+01,8.9706e+01,8.9809e+01,9.0044e+01,9.0111e+01,9.0043e+01,9.0085e+01,9.0208e+01,9.0220e+01,9.0325e+01,9.0463e+01,9.0647e+01,9.0776e+01,9.1226e+01,9.1336e+01
8.4305e+01,8.3963e+01,8.3116e+01,8.2632e+01,8.1772e+01,8.1380e+01,8.1351e+01,8.0887e+01,8.0673e+01,8.0067e+01,7.9976e+01,8.0287e+01,8.0584e+01,8.1276e+01,8.1799e+01,8.2671e+01,8.3371e+01,8.4290e+01,8.4627e+01,8.4446e+01,8.3488e+01,8.3134e+01,8.2405e+01,8.2139e+01,8.1634e+01,8.1393e+01,8.1678e+01,8.1628e+01,8.1196e+01,8.0731e+01,8.0364e+01,8.0347e+01,8.0622e+01,8.0170e+01,7.9592e+01,7.9324e+01,7.9691e+01,7.9305e+01,7.9952e+01,7.9540e+01,7.8763e+01,7.8858e+01,7.9324e+01,7.9515e+01,7.9267e+01,7.9301e+01,7.9627e+01,7.9598e+01,8.0206e+01,8.0985e+01,8.1727e+01,8.2125e+01,8.2184e+01,8.2918e+01,8.2552e+01,8.3336e+01,8.4513e+01,8.4841e+01,8.4073e+01,8.4042e+01,8.4468e+01,8.4256e+01,8.4015e+01,8.3704e+01,8.2715e+01,8.3280e+01,8.4379e+01,8.4484e+01,8.5357e+01,8.4805e+01,8.4410e+01,8.3688e+01,8.2495e+01,8.2251e+01,8.1134e+01,8.0620e+01,7.9777e+01,7.9412e+01,7.8806e+01,7.8322e+01,7.8350e+01,7.8205e+01,7.8455e+01,7.8340e+01,7.8725e+01,7.8914e+01,7.9444e+01,7.9301e+01,7.8846e+01,7.8506e+01,7.8369e+01,7.8081e+01,7.7849e+01,7.8115e+01,7.8516e+01,7.8706e+01,7.8879e+01,7.9184e+01,7.9252e+01,7.8990e+01,7.8653e+01,7.8369e+01,7.7868e+01,7.8058e+01,7.8074e+01,7.7944e+01,7.7657e+01,7.7698e+01,7.7596e+01,7.7742e+01,7.7781e+01,7.7730e+01,7.7540e+01,7.7610e+01,7.7719e+01,7.7628e+01,7.7980e+01,7.8326e+01,7.8235e+01,7.8871e+01,7.8676e+01,7.8089e+01,7.8278e+01,7.8279e+01,7.8957e+01,7.9799e+01,8.0170e+01,8.0926e+01,8.0803e+01,8.0321e+01,8.0112e+01,7.9474e+01,7.9735e+01,8.0281e+01,8.0467e+01,8.0910e+01,8.1832e+01,8.2487e+01,8.3087e+01,8.4165e+01,8.5170e+01,8.5493e+01,8.5858e+01,8.6251e+01,8.6105e+01,8.6744e+01,8.7271e+01,8.7604e+01,8.7728e+01,8.7749e+01,8.7894e+01,8.7982e+01,8.8030e+01,8.8331e+01,8.8578e+01,8.8739e+01,8.9203e+01,8.9612e+01,8.9560e+01,8.9665e+01,8.9901e+01,8.9969e+01,8.9899e+01,8.9942e+01,9.0065e+01,9.0077e+01,9.0182e+01,9.0318e+01,9.0504e+01,9.0631e+01,9.1077e+01,9.1187e+01
8.4044e+01,8.3698e+01,8.2845e+01,8.2357e+01,8.1489e+01,8.1090e+01,8.1057e+01,8.0591e+01,8.0373e+01,7.9766e+01,7.9676e+01,7.9990e+01,8.0294e+01,8.0993e+01,8.1520e+01,8.2400e+01,8.3105e+01,8.4031e+01,8.4369e+01,8.4185e+01,8.3223e+01,8.2864e+01,8.2126e+01,8.1857e+01,8.1345e+01,8.1099e+01,8.1385e+01,8.1336e+01,8.0904e+01,8.0437e+01,8.0071e+01,8.0052e+01,8.0329e+01,7.9879e+01,7.9300e+01,7.9029e+01,7.9397e+01,7.9014e+01,7.9664e+01,7.9250e+01,7.8473e+01,7.8569e+01,7.9034e+01,7.9226e+01,7.8974e+01,7.9011e+01,7.9341e+01,7.9317e+01,7.9928e+01,8.0706e+01,8.1448e+01,8.1844e+01,8.1901e+01,8.2633e+01,8.2264e+01,8.3052e+01,8.4234e+01,8.4567e+01,8.3800e+01,8.3773e+01,8.4206e+01,8.3999e+01,8.3763e+01,8.3454e+01,8.2460e+01,8.3028e+01,8.4131e+01,8.4230e+01,8.5102e+01,8.4543e+01,8.4145e+01,8.3415e+01,8.2216e+01,8.1967e+01,8.0848e+01,8.0331e+01,7.9486e+01,7.9125e+01,7.8521e+01,7.8038e+01,7.8070e+01,7.7929e+01,7.8182e+01,7.8073e+01,7.8464e+01,7.8659e+01,7.9195e+01,7.9052e+01,7.8593e+01,7.8250e+01,7.8110e+01,7.7819e+01,7.7582e+01,7.7850e+01,7.8257e+01,7.8448e+01,7.8625e+01,7.8932e+01,7.9002e+01,7.8736e+01,7.8394e+01,7.8105e+01,7.7598e+01,7.7784e+01,7.7795e+01,7.7660e+01,7.7370e+01,7.7409e+01,7.7308e+01,7.7461e+01,7.7503e+01,7.7447e+01,7.7252e+01,7.7318e+01,7.7421e+01,7.7331e+01,7.7682e+01,7.8026e+01,7.7937e+01,7.8575e+01,7.8382e+01,7.7795e+01,7.7987e+01,7.7987e+01,7.8669e+01,7.9515e+01,7.9885e+01,8.0643e+01,8.0521e+01,8.0039e+01,7.9829e+01,7.9189e+01,7.9450e+01,7.9996e+01,8.0182e+01,8.0628e+01,8.1557e+01,8.2217e+01,8.2822e+01,8.3907e+01,8.4919e+01,8.5243e+01,8.5610e+01,8.6002e+01,8.5855e+01,8.6498e+01,8.7027e+01,8.7360e+01,8.7483e+01,8.7507e+01,8.7652e+01,8.7742e+01,8.7788e+01,8.8091e+01,8.8337e+01,8.8499e+01,8.8967e+01,8.9380e+01,8.9326e+01,8.9431e+01,8.9670e+01,8.9738e+01,8.9668e+01,8.9709e+01,8.9833e+01,8.9842e+01,8.9945e+01,9.0080e+01,9.0262e+01,9.0387e+01,9.0833e+01,9.0943e+01
8.3733e+01,8.3379e+01,8.2518e+01,8.2025e+01,8.1150e+01,8.0744e+01,8.0706e+01,8.0238e+01,8.0017e+01,7.9412e+01,7.9325e+01,7.9641e+01,7.9952e+01,8.0655e+01,8.1186e+01,8.2071e+01,8.2783e+01,8.3717e+01,8.4060e+01,8.3875e+01,8.2906e+01,8.2545e+01,8.1799e+01,8.1529e+01,8.1010e+01,8.0765e+01,8.1047e+01,8.0998e+01,8.0570e+01,8.0103e+01,7.9740e+01,7.9717e+01,7.9996e+01,7.9553e+01,7.8972e+01,7.8695e+01,7.9066e+01,7.8689e+01,7.9343e+01,7.8932e+01,7.8156e+01,7.8257e+01,7.8725e+01,7.8921e+01,7.8668e+01,7.8709e+01,7.9042e+01,7.9024e+01,7.9638e+01,8.0415e+01,8.1153e+01,8.1544e+01,8.1602e+01,8.2331e+01,8.1961e+01,8.2755e+01,8.3940e+01,8.4280e+01,8.3515e+01,8.3495e+01,8.3936e+01,8.3736e+01,8.3507e+01,8.3201e+01,8.2203e+01,8.2778e+01,8.3883e+01,8.3974e+01,8.4843e+01,8.4278e+01,8.3878e+01,8.3139e+01,8.1935e+01,8.1679e+01,8.0556e+01,8.0036e+01,7.9187e+01,7.8832e+01,7.8230e+01,7.7747e+01,7.7787e+01,7.7650e+01,7.7908e+01,7.7802e+01,7.8200e+01,7.8402e+01,7.8944e+01,7.8803e+01,7.8338e+01,7.7990e+01,7.7849e+01,7.7551e+01,7.7307e+01,7.7577e+01,7.7992e+01,7.8185e+01,7.8366e+01,7.8674e+01,7.8747e+01,7.8475e+01,7.8124e+01,7.7829e+01,7.7312e+01,7.7493e+01,7.7494e+01,7.7353e+01,7.7060e+01,7.7099e+01,7.7004e+01,7.7166e+01,7.7214e+01,7.7157e+01,7.6953e+01,7.7015e+01,7.7110e+01,7.7019e+01,7.7370e+01,7.7708e+01,7.7618e+01,7.8255e+01,7.8061e+01,7.7473e+01,7.7664e+01,7.7660e+01,7.8342e+01,7.9193e+01,7.9564e+01,8.0322e+01,8.0205e+01,7.9728e+01,7.9517e+01,7.8876e+01,7.9138e+01,7.9685e+01,7.9868e+01,8.0314e+01,8.1249e+01,8.1912e+01,8.2516e+01,8.3605e+01,8.4623e+01,8.4950e+01,8.5320e+01,8.5716e+01,8.5571e+01,8.6218e+01,8.6752e+01,8.7089e+01,8.7211e+01,8.7238e+01,8.7386e+01,8.7475e+01,8.7520e+01,8.7826e+01,8.8071e+01,8.8235e+01,8.8708e+01,8.9125e+01,8.9074e+01,8.9180e+01,8.9420e+01,8.9486e+01,8.9411e+01,8.9450e+01,8.9570e+01,8.9577e+01,8.9678e+01,8.9813e+01,8.9996e+01,9.0122e+01,9.0567e+01,9.0679e+01
8.3519e+01,8.3162e+01,8.2294e+01,8.1802e+01,8.0920e+01,8.0511e+01,8.0469e+01,7.9996e+01,7.9772e+01,7.9167e+01,7.9081e+01,7.9396e+01,7.9713e+01,8.0421e+01,8.0958e+01,8.1851e+01,8.2571e+01,8.3513e+01,8.3857e+01,8.3671e+01,8.2695e+01,8.2334e+01,8.1581e+01,8.1311e+01,8.0785e+01,8.0541e+01,8.0817e+01,8.0761e+01,8.0334e+01,7.9868e+01,7.9505e+01,7.9477e+01,7.9758e+01,7.9317e+01,7.8733e+01,7.8452e+01,7.8825e+01,7.8450e+01,7.9107e+01,7.8697e+01,7.7926e+01,7.8030e+01,7.8499e+01,7.8698e+01,7.8446e+01,7.8492e+01,7.8824e+01,7.8812e+01,7.9425e+01,8.0198e+01,8.0933e+01,8.1322e+01,8.1381e+01,8.2109e+01,8.1740e+01,8.2537e+01,8.3723e+01,8.4069e+01,8.3306e+01,8.3293e+01,8.3738e+01,8.3545e+01,8.3320e+01,8.3020e+01,8.2022e+01,8.2604e+01,8.3708e+01,8.3795e+01,8.4662e+01,8.4095e+01,8.3697e+01,8.2950e+01,8.1741e+01,8.1476e+01,8.0350e+01,7.9831e+01,7.8978e+01,7.8631e+01,7.8030e+01,7.7550e+01,7.7599e+01,7.7470e+01,7.7736e+01,7.7635e+01,7.8038e+01,7.8246e+01,7.8794e+01,7.8653e+01,7.8184e+01,7.7834e+01,7.7689e+01,7.7387e+01,7.7136e+01,7.7410e+01,7.7835e+01,7.8032e+01,7.8217e+01,7.8527e+01,7.8601e+01,7.8325e+01,7.7965e+01,7.7664e+01,7.7137e+01,7.7312e+01,7.7303e+01,7.7157e+01,7.6859e+01,7.6899e+01,7.6809e+01,7.6983e+01,7.7037e+01,7.6977e+01,7.6762e+01,7.6818e+01,7.6903e+01,7.6808e+01,7.7154e+01,7.7485e+01,7.7393e+01,7.8026e+01,7.7829e+01,7.7243e+01,7.7433e+01,7.7428e+01,7.8109e+01,7.8963e+01,7.9332e+01,8.0090e+01,7.9973e+01,7.9500e+01,7.9286e+01,7.8644e+01,7.8905e+01,7.9454e+01,7.9638e+01,8.0085e+01,8.1025e+01,8.1688e+01,8.2295e+01,8.3390e+01,8.4414e+01,8.4743e+01,8.5114e+01,8.5512e+01,8.5368e+01,8.6017e+01,8.6553e+01,8.6892e+01,8.7015e+01,8.7042e+01,8.7191e+01,8.7282e+01,8.7329e+01,8.7634e+01,8.7883e+01,8.8048e+01,8.8521e+01,8.8938e+01,8.8885e+01,8.8995e+01,8.9235e+01,8.9302e+01,8.9225e+01,8.9263e+01,8.9381e+01,8.9385e+01,8.9484e+01,8.9620e+01,8.9808e+01,8.9937e+01,9.0385e+01,9.0501e+01
8.3093e+01,8.2727e+01,8.1851e+01,8.1353e+01,8.0464e+01,8.0051e+01,8.0003e+01,7.9533e+01,7.9312e+01,7.8711e+01,7.8625e+01,7.8937e+01,7.9259e+01,7.9969e+01,8.0507e+01,8.1403e+01,8.2129e+01,8.3082e+01,8.3430e+01,8.3244e+01,8.2260e+01,8.1894e+01,8.1129e+01,8.0855e+01,8.0322e+01,8.0084e+01,8.0359e+01,8.0303e+01,7.9881e+01,7.9420e+01,7.9060e+01,7.9031e+01,7.9318e+01,7.8883e+01,7.8294e+01,7.8007e+01,7.8379e+01,7.8009e+01,7.8669e+01,7.8263e+01,7.7492e+01,7.7603e+01,7.8080e+01,7.8286e+01,7.8039e+01,7.8090e+01,7.8421e+01,7.8413e+01,7.9026e+01,7.9805e+01,8.0537e+01,8.0928e+01,8.0994e+01,8.1723e+01,8.1356e+01,8.2165e+01,8.3360e+01,8.3718e+01,8.2954e+01,8.2949e+01,8.3404e+01,8.3216e+01,8.2994e+01,8.2694e+01,8.1689e+01,8.2277e+01,8.3388e+01,8.3470e+01,8.4338e+01,8.3762e+01,8.3359e+01,8.2600e+01,8.1382e+01,8.1108e+01,7.9974e+01,7.9449e+01,7.8588e+01,7.8247e+01,7.7644e+01,7.7162e+01,7.7221e+01,7.7095e+01,7.7367e+01,7.7270e+01,7.7680e+01,7.7894e+01,7.8449e+01,7.8306e+01,7.7828e+01,7.7472e+01,7.7320e+01,7.7010e+01,7.6747e+01,7.7023e+01,7.7460e+01,7.7662e+01,7.7855e+01,7.8170e+01,7.8249e+01,7.7967e+01,7.7597e+01,7.7286e+01,7.6748e+01,7.6918e+01,7.6899e+01,7.6749e+01,7.6447e+01,7.6492e+01,7.6409e+01,7.6593e+01,7.6653e+01,7.6592e+01,7.6369e+01,7.6422e+01,7.6498e+01,7.6399e+01,7.6743e+01,7.7067e+01,7.6970e+01,7.7600e+01,7.7397e+01,7.6808e+01,7.6995e+01,7.6985e+01,7.7662e+01,7.8518e+01,7.8888e+01,7.9646e+01,7.9532e+01,7.9065e+01,7.8853e+01,7.8210e+01,7.8480e+01,7.9036e+01,7.9226e+01,7.9676e+01,8.0620e+01,8.1287e+01,8.1897e+01,8.2999e+01,8.4032e+01,8.4366e+01,8.4747e+01,8.5152e+01,8.5010e+01,8.5666e+01,8.6206e+01,8.6545e+01,8.6662e+01,8.6686e+01,8.6831e+01,8.6920e+01,8.6965e+01,8.7268e+01,8.7514e+01,8.7674e+01,8.8149e+01,8.8569e+01,8.8521e+01,8.8627e+01,8.8867e+01,8.8933e+01,8.8855e+01,8.8892e+01,8.9011e+01,8.9013e+01,8.9112e+01,8.9249e+01,8.9437e+01,8.9565e+01,9.0015e+01,9.0135e+01
8.2653e+01,8.2281e+01,8.1401e+01,8.0898e+01,8.0006e+01,7.9589e+01,7.9537e+01,7.9069e+01,7.8850e+01,7.8253e+01,7.8169e+01,7.8477e+01,7.8804e+01,7.9515e+01,8.0055e+01,8.0953e+01,8.1684e+01,8.2645e+01,8.2998e+01,8.2813e+01,8.1823e+01,8.1454e+01,8.0681e+01,8.0404e+01,7.9864e+01,7.9629e+01,7.9904e+01,7.9845e+01,7.9426e+01,7.8969e+01,7.8610e+01,7.8577e+01,7.8868e+01,7.8434e+01,7.7840e+01,7.7546e+01,7.7921e+01,7.7552e+01,7.8217e+01,7.7812e+01,7.7043e+01,7.7159e+01,7.7640e+01,7.7852e+01,7.7609e+01,7.7665e+01,7.7995e+01,7.7992e+01,7.8605e+01,7.9386e+01,8.0115e+01,8.0507e+01,8.0576e+01,8.1307e+01,8.0940e+01,8.1757e+01,8.2958e+01,8.3324e+01,8.2559e+01,8.2561e+01,8.3023e+01,8.2840e+01,8.2621e+01,8.2325e+01,8.1315e+01,8.1910e+01,8.3025e+01,8.3103e+01,8.3972e+01,8.3391e+01,8.2986e+01,8.2219e+01,8.0991e+01,8.0709e+01,7.9568e+01,7.9041e+01,7.8173e+01,7.7838e+01,7.7235e+01,7.6755e+01,7.6825e+01,7.6706e+01,7.6989e+01,7.6896e+01,7.7312e+01,7.7532e+01,7.8091e+01,7.7948e+01,7.7460e+01,7.7101e+01,7.6941e+01,7.6625e+01,7.6350e+01,7.6630e+01,7.7079e+01,7.7288e+01,7.7490e+01,7.7810e+01,7.7894e+01,7.7608e+01,7.7227e+01,7.6904e+01,7.6355e+01,7.6519e+01,7.6487e+01,7.6334e+01,7.6027e+01,7.6077e+01,7.6002e+01,7.6198e+01,7.6267e+01,7.6205e+01,7.5970e+01,7.6017e+01,7.6081e+01,7.5977e+01,7.6318e+01,7.6634e+01,7.6532e+01,7.7158e+01,7.6951e+01,7.6362e+01,7.6547e+01,7.6535e+01,7.7211e+01,7.8069e+01,7.8437e+01,7.9195e+01,7.9083e+01,7.8619e+01,7.8408e+01,7.7768e+01,7.8041e+01,7.8600e+01,7.8795e+01,7.9246e+01,8.0197e+01,8.0867e+01,8.1479e+01,8.2591e+01,8.3628e+01,8.3964e+01,8.4351e+01,8.4759e+01,8.4616e+01,8.5275e+01,8.5815e+01,8.6155e+01,8.6272e+01,8.6297e+01,8.6444e+01,8.6534e+01,8.6580e+01,8.6887e+01,8.7130e+01,8.7289e+01,8.7769e+01,8.8198e+01,8.8151e+01,8.8255e+01,8.8500e+01,8.8564e+01,8.8490e+01,8.8526e+01,8.8648e+01,8.8649e+01,8.8748e+01,8.8885e+01,8.9068e+01,8.9194e+01,8.9645e+01,8.9765e+01
8.2363e+01,8.1983e+01,8.1096e+01,8.0584e+01,7.9687e+01,7.9263e+01,7.9207e+01,7.8743e+01,7.8529e+01,7.7939e+01,7.7854e+01,7.8159e+01,7.8491e+01,7.9203e+01,7.9742e+01,8.0642e+01,8.1376e+01,8.2347e+01,8.2705e+01,8.2517e+01,8.1522e+01,8.1149e+01,8.0367e+01,8.0085e+01,7.9537e+01,7.9306e+01,7.9586e+01,7.9530e+01,7.9118e+01,7.8668e+01,7.8313e+01,7.8279e+01,7.8578e+01,7.8148e+01,7.7549e+01,7.7246e+01,7.7620e+01,7.7255e+01,7.7922e+01,7.7521e+01,7.6754e+01,7.6875e+01,7.7362e+01,7.7579e+01,7.7338e+01,7.7398e+01,7.7728e+01,7.7729e+01,7.8343e+01,7.9125e+01,7.9851e+01,8.0241e+01,8.0313e+01,8.1043e+01,8.0677e+01,8.1500e+01,8.2701e+01,8.3071e+01,8.2307e+01,8.2315e+01,8.2780e+01,8.2601e+01,8.2384e+01,8.2090e+01,8.1079e+01,8.1677e+01,8.2793e+01,8.2869e+01,8.3739e+01,8.3156e+01,8.2751e+01,8.1979e+01,8.0747e+01,8.0461e+01,7.9316e+01,7.8787e+01,7.7913e+01,7.7582e+01,7.6977e+01,7.6496e+01,7.6569e+01,7.6452e+01,7.6738e+01,7.6645e+01,7.7065e+01,7.7287e+01,7.7849e+01,7.7704e+01,7.7212e+01,7.6850e+01,7.6685e+01,7.6365e+01,7.6083e+01,7.6362e+01,7.6818e+01,7.7029e+01,7.7237e+01,7.7559e+01,7.7647e+01,7.7359e+01,7.6972e+01,7.6642e+01,7.6087e+01,7.6248e+01,7.6207e+01,7.6055e+01,7.5749e+01,7.5805e+01,7.5735e+01,7.5936e+01,7.6011e+01,7.5950e+01,7.5711e+01,7.5757e+01,7.5817e+01,7.5710e+01,7.6050e+01,7.6360e+01,7.6255e+01,7.6877e+01,7.6665e+01,7.6073e+01,7.6253e+01,7.6237e+01,7.6908e+01,7.7767e+01,7.8136e+01,7.8891e+01,7.8784e+01,7.8326e+01,7.8117e+01,7.7480e+01,7.7757e+01,7.8317e+01,7.8516e+01,7.8969e+01,7.9924e+01,8.0596e+01,8.1210e+01,8.2329e+01,8.3371e+01,8.3711e+01,8.4105e+01,8.4517e+01,8.4376e+01,8.5039e+01,8.5582e+01,8.5921e+01,8.6036e+01,8.6059e+01,8.6206e+01,8.6294e+01,8.6338e+01,8.6648e+01,8.6890e+01,8.7046e+01,8.7533e+01,8.7969e+01,8.7927e+01,8.8034e+01,8.8276e+01,8.8337e+01,8.8263e+01,8.8297e+01,8.8418e+01,8.8416e+01,8.8512e+01,8.8647e+01,8.8828e+01,8.8954e+01,8.9404e+01,8.9526e+01
8.2166e+01,8.1778e+01,8.0893e+01,8.0377e+01,7.9480e+01,7.9052e+01,7.8994e+01,7.8537e+01,7.8323e+01,7.7743e+01,7.7663e+01,7.7968e+01,7.8301e+01,7.9013e+01,7.9550e+01,8.0449e+01,8.1182e+01,8.2160e+01,8.2525e+01,8.2338e+01,8.1340e+01,8.0964e+01,8.0178e+01,7.9893e+01,7.9337e+01,7.9108e+01,7.9390e+01,7.9332e+01,7.8924e+01,7.8479e+01,7.8127e+01,7.8090e+01,7.8393e+01,7.7967e+01,7.7364e+01,7.7055e+01,7.7431e+01,7.7067e+01,7.7738e+01,7.7342e+01,7.6574e+01,7.6700e+01,7.7190e+01,7.7411e+01,7.7169e+01,7.7231e+01,7.7563e+01,7.7564e+01,7.8180e+01,7.8963e+01,7.9692e+01,8.0082e+01,8.0152e+01,8.0884e+01,8.0516e+01,8.1339e+01,8.2542e+01,8.2907e+01,8.2141e+01,8.2145e+01,8.2607e+01,8.2427e+01,8.2209e+01,8.1915e+01,8.0906e+01,8.1502e+01,8.2617e+01,8.2694e+01,8.3565e+01,8.2983e+01,8.2580e+01,8.1810e+01,8.0579e+01,8.0294e+01,7.9148e+01,7.8619e+01,7.7745e+01,7.7412e+01,7.6806e+01,7.6323e+01,7.6396e+01,7.6278e+01,7.6562e+01,7.6469e+01,7.6891e+01,7.7112e+01,7.7676e+01,7.7529e+01,7.7036e+01,7.6672e+01,7.6506e+01,7.6182e+01,7.5898e+01,7.6173e+01,7.6631e+01,7.6838e+01,7.7047e+01,7.7367e+01,7.7456e+01,7.7167e+01,7.6777e+01,7.6445e+01,7.5892e+01,7.6049e+01,7.6005e+01,7.5858e+01,7.5556e+01,7.5615e+01,7.5549e+01,7.5748e+01,7.5825e+01,7.5766e+01,7.5531e+01,7.5580e+01,7.5641e+01,7.5535e+01,7.5878e+01,7.6188e+01,7.6081e+01,7.6704e+01,7.6487e+01,7.5893e+01,7.6070e+01,7.6048e+01,7.6716e+01,7.7577e+01,7.7946e+01,7.8701e+01,7.8598e+01,7.8144e+01,7.7939e+01,7.7304e+01,7.7585e+01,7.8149e+01,7.8353e+01,7.8808e+01,7.9768e+01,8.0445e+01,8.1059e+01,8.2182e+01,8.3226e+01,8.3568e+01,8.3964e+01,8.4376e+01,8.4234e+01,8.4898e+01,8.5440e+01,8.5777e+01,8.5890e+01,8.5914e+01,8.6059e+01,8.6151e+01,8.6196e+01,8.6507e+01,8.6749e+01,8.6905e+01,8.7392e+01,8.7830e+01,8.7789e+01,8.7894e+01,8.8136e+01,8.8198e+01,8.8125e+01,8.8159e+01,8.8277e+01,8.8272e+01,8.8368e+01,8.8503e+01,8.8681e+01,8.8804e+01,8.9252e+01,8.9375e+01
8.1977e+01,8.1579e+01,8.0681e+01,8.0154e+01,7.9246e+01,7.8805e+01,7.8738e+01,7.8278e+01,7.8060e+01,7.7480e+01,7.7404e+01,7.7714e+01,7.8060e+01,7.8781e+01,7.9326e+01,8.0236e+01,8.0979e+01,8.1969e+01,8.2335e+01,8.2141e+01,8.1134e+01,8.0747e+01,7.9947e+01,7.9653e+01,7.9084e+01,7.8848e+01,7.9128e+01,7.9073e+01,7.8669e+01,7.8221e+01,7.7874e+01,7.7835e+01,7.8139e+01,7.7720e+01,7.7118e+01,7.6806e+01,7.7188e+01,7.6833e+01,7.7512e+01,7.7118e+01,7.6347e+01,7.6478e+01,7.6972e+01,7.7196e+01,7.6947e+01,7.7010e+01,7.7349e+01,7.7354e+01,7.7974e+01,7.8757e+01,7.9488e+01,7.9875e+01,7.9942e+01,8.0674e+01,8.0300e+01,8.1122e+01,8.2326e+01,8.2694e+01,8.1931e+01,8.1936e+01,8.2403e+01,8.2225e+01,8.2012e+01,8.1716e+01,8.0705e+01,8.1298e+01,8.2412e+01,8.2485e+01,8.3351e+01,8.2765e+01,8.2357e+01,8.1585e+01,8.0355e+01,8.0070e+01,7.8926e+01,7.8393e+01,7.7519e+01,7.7189e+01,7.6586e+01,7.6101e+01,7.6177e+01,7.6058e+01,7.6341e+01,7.6249e+01,7.6677e+01,7.6900e+01,7.7470e+01,7.7323e+01,7.6829e+01,7.6458e+01,7.6291e+01,7.5960e+01,7.5670e+01,7.5941e+01,7.6405e+01,7.6609e+01,7.6820e+01,7.7136e+01,7.7227e+01,7.6932e+01,7.6535e+01,7.6198e+01,7.5641e+01,7.5792e+01,7.5740e+01,7.5596e+01,7.5298e+01,7.5359e+01,7.5300e+01,7.5501e+01,7.5584e+01,7.5527e+01,7.5292e+01,7.5342e+01,7.5398e+01,7.5293e+01,7.5638e+01,7.5946e+01,7.5841e+01,7.6467e+01,7.6249e+01,7.5650e+01,7.5828e+01,7.5801e+01,7.6473e+01,7.7342e+01,7.7717e+01,7.8478e+01,7.8382e+01,7.7931e+01,7.7728e+01,7.7095e+01,7.7380e+01,7.7947e+01,7.8152e+01,7.8610e+01,7.9581e+01,8.0260e+01,8.0875e+01,8.2011e+01,8.3064e+01,8.3410e+01,8.3813e+01,8.4228e+01,8.4084e+01,8.4753e+01,8.5293e+01,8.5628e+01,8.5739e+01,8.5765e+01,8.5911e+01,8.5998e+01,8.6047e+01,8.6360e+01,8.6599e+01,8.6754e+01,8.7244e+01,8.7689e+01,8.7648e+01,8.7755e+01,8.7999e+01,8.8058e+01,8.7984e+01,8.8018e+01,8.8136e+01,8.8129e+01,8.8222e+01,8.8354e+01,8.8531e+01,8.8653e+01,8.9100e+01,8.9221e+01
8.1601e+01,8.1191e+01,8.0285e+01,7.9750e+01,7.8837e+01,7.8390e+01,7.8323e+01,7.7863e+01,7.7644e+01,7.7067e+01,7.6994e+01,7.7310e+01,7.7659e+01,7.8386e+01,7.8931e+01,7.9848e+01,8.0594e+01,8.1593e+01,8.1961e+01,8.1763e+01,8.0749e+01,8.0357e+01,7.9551e+01,7.9254e+01,7.8678e+01,7.8438e+01,7.8715e+01,7.8659e+01,7.8256e+01,7.7807e+01,7.7463e+01,7.7423e+01,7.7733e+01,7.7323e+01,7.6717e+01,7.6395e+01,7.6780e+01,7.6431e+01,7.7117e+01,7.6725e+01,7.5950e+01,7.6086e+01,7.6583e+01,7.6809e+01,7.6555e+01,7.6619e+01,7.6963e+01,7.6969e+01,7.7593e+01,7.8375e+01,7.9108e+01,7.9494e+01,7.9557e+01,8.0291e+01,7.9914e+01,8.0737e+01,8.1943e+01,8.2309e+01,8.1544e+01,8.1550e+01,8.2018e+01,8.1841e+01,8.1631e+01,8.1335e+01,8.0324e+01,8.0917e+01,8.2030e+01,8.2101e+01,8.2967e+01,8.2380e+01,8.1971e+01,8.1200e+01,7.9969e+01,7.9684e+01,7.8539e+01,7.8007e+01,7.7131e+01,7.6802e+01,7.6197e+01,7.5712e+01,7.5790e+01,7.5672e+01,7.5957e+01,7.5865e+01,7.6297e+01,7.6523e+01,7.7096e+01,7.6950e+01,7.6454e+01,7.6080e+01,7.5912e+01,7.5575e+01,7.5280e+01,7.5549e+01,7.6021e+01,7.6223e+01,7.6438e+01,7.6752e+01,7.6845e+01,7.6545e+01,7.6139e+01,7.5795e+01,7.5234e+01,7.5378e+01,7.5319e+01,7.5176e+01,7.4880e+01,7.4945e+01,7.4894e+01,7.5099e+01,7.5189e+01,7.5136e+01,7.4900e+01,7.4953e+01,7.5006e+01,7.4899e+01,7.5246e+01,7.5552e+01,7.5444e+01,7.6073e+01,7.5851e+01,7.5249e+01,7.5426e+01,7.5394e+01,7.6070e+01,7.6945e+01,7.7322e+01,7.8086e+01,7.7996e+01,7.7548e+01,7.7349e+01,7.6718e+01,7.7004e+01,7.7572e+01,7.7778e+01,7.8237e+01,7.9219e+01,7.9904e+01,8.0518e+01,8.1664e+01,8.2721e+01,8.3068e+01,8.3473e+01,8.3887e+01,8.3744e+01,8.4417e+01,8.4960e+01,8.5294e+01,8.5405e+01,8.5433e+01,8.5580e+01,8.5668e+01,8.5720e+01,8.6038e+01,8.6276e+01,8.6433e+01,8.6927e+01,8.7382e+01,8.7343e+01,8.7453e+01,8.7695e+01,8.7751e+01,8.7678e+01,8.7710e+01,8.7828e+01,8.7821e+01,8.7916e+01,8.8048e+01,8.8226e+01,8.8346e+01,8.8795e+01,8.8915e+01
8.1367e+01,8.0950e+01,8.0038e+01,7.9500e+01,7.8585e+01,7.8136e+01,7.8070e+01,7.7610e+01,7.7389e+01,7.6813e+01,7.6742e+01,7.7059e+01,7.7411e+01,7.8141e+01,7.8689e+01,7.9611e+01,8.0361e+01,8.1366e+01,8.1738e+01,8.1539e+01,8.0519e+01,8.0126e+01,7.9317e+01,7.9022e+01,7.8441e+01,7.8201e+01,7.8476e+01,7.8414e+01,7.8008e+01,7.7559e+01,7.7214e+01,7.7170e+01,7.7482e+01,7.7074e+01,7.6466e+01,7.6139e+01,7.6527e+01,7.6180e+01,7.6871e+01,7.6480e+01,7.5702e+01,7.5841e+01,7.6341e+01,7.6569e+01,7.6312e+01,7.6376e+01,7.6722e+01,7.6729e+01,7.7355e+01,7.8135e+01,7.8872e+01,7.9258e+01,7.9320e+01,8.0057e+01,7.9679e+01,8.0502e+01,8.1712e+01,8.2075e+01,8.1305e+01,8.1310e+01,8.1778e+01,8.1603e+01,8.1394e+01,8.1102e+01,8.0091e+01,8.0689e+01,8.1802e+01,8.1871e+01,8.2739e+01,8.2151e+01,8.1745e+01,8.0971e+01,7.9737e+01,7.9450e+01,7.8301e+01,7.7770e+01,7.6891e+01,7.6563e+01,7.5956e+01,7.5470e+01,7.5551e+01,7.5433e+01,7.5720e+01,7.5627e+01,7.6061e+01,7.6287e+01,7.6862e+01,7.6715e+01,7.6217e+01,7.5841e+01,7.5673e+01,7.5333e+01,7.5035e+01,7.5303e+01,7.5778e+01,7.5980e+01,7.6196e+01,7.6510e+01,7.6604e+01,7.6302e+01,7.5893e+01,7.5546e+01,7.4983e+01,7.5125e+01,7.5062e+01,7.4918e+01,7.4624e+01,7.4690e+01,7.4643e+01,7.4849e+01,7.4944e+01,7.4894e+01,7.4656e+01,7.4711e+01,7.4760e+01,7.4651e+01,7.5000e+01,7.5305e+01,7.5195e+01,7.5826e+01,7.5602e+01,7.4997e+01,7.5174e+01,7.5140e+01,7.5819e+01,7.6699e+01,7.7078e+01,7.7844e+01,7.7757e+01,7.7311e+01,7.7112e+01,7.6479e+01,7.6768e+01,7.7336e+01,7.7542e+01,7.8001e+01,7.8991e+01,7.9681e+01,8.0294e+01,8.1446e+01,8.2506e+01,8.2852e+01,8.3258e+01,8.3673e+01,8.3530e+01,8.4205e+01,8.4751e+01,8.5086e+01,8.5197e+01,8.5225e+01,8.5371e+01,8.5460e+01,8.5515e+01,8.5834e+01,8.6073e+01,8.6231e+01,8.6728e+01,8.7187e+01,8.7152e+01,8.7262e+01,8.7504e+01,8.7560e+01,8.7484e+01,8.7512e+01,8.7628e+01,8.7620e+01,8.7713e+01,8.7845e+01,8.8022e+01,8.8141e+01,8.8591e+01,8.8712e+01
8.0945e+01,8.0521e+01,7.9603e+01,7.9055e+01,7.8134e+01,7.7679e+01,7.7613e+01,7.7153e+01,7.6931e+01,7.6359e+01,7.6291e+01,7.6613e+01,7.6965e+01,7.7700e+01,7.8247e+01,7.9173e+01,7.9923e+01,8.0934e+01,8.1305e+01,8.1101e+01,8.0075e+01,7.9676e+01,7.8863e+01,7.8565e+01,7.7979e+01,7.7738e+01,7.8015e+01,7.7954e+01,7.7552e+01,7.7107e+01,7.6767e+01,7.6724e+01,7.7042e+01,7.6643e+01,7.6034e+01,7.5701e+01,7.6090e+01,7.5751e+01,7.6446e+01,7.6062e+01,7.5283e+01,7.5429e+01,7.5936e+01,7.6171e+01,7.5919e+01,7.5987e+01,7.6331e+01,7.6341e+01,7.6968e+01,7.7752e+01,7.8487e+01,7.8876e+01,7.8942e+01,7.9683e+01,7.9306e+01,8.0139e+01,8.1357e+01,8.1726e+01,8.0951e+01,8.0961e+01,8.1433e+01,8.1261e+01,8.1052e+01,8.0760e+01,7.9744e+01,8.0346e+01,8.1463e+01,8.1533e+01,8.2407e+01,8.1817e+01,8.1410e+01,8.0631e+01,7.9389e+01,7.9096e+01,7.7939e+01,7.7407e+01,7.6519e+01,7.6192e+01,7.5579e+01,7.5090e+01,7.5177e+01,7.5060e+01,7.5355e+01,7.5259e+01,7.5699e+01,7.5925e+01,7.6505e+01,7.6355e+01,7.5848e+01,7.5468e+01,7.5291e+01,7.4945e+01,7.4635e+01,7.4901e+01,7.5389e+01,7.5595e+01,7.5824e+01,7.6144e+01,7.6248e+01,7.5944e+01,7.5524e+01,7.5162e+01,7.4589e+01,7.4726e+01,7.4649e+01,7.4508e+01,7.4212e+01,7.4289e+01,7.4254e+01,7.4470e+01,7.4578e+01,7.4534e+01,7.4287e+01,7.4345e+01,7.4384e+01,7.4266e+01,7.4614e+01,7.4912e+01,7.4793e+01,7.5420e+01,7.5185e+01,7.4575e+01,7.4744e+01,7.4702e+01,7.5376e+01,7.6258e+01,7.6640e+01,7.7406e+01,7.7327e+01,7.6889e+01,7.6696e+01,7.6068e+01,7.6363e+01,7.6936e+01,7.7146e+01,7.7608e+01,7.8602e+01,7.9294e+01,7.9908e+01,8.1062e+01,8.2123e+01,8.2466e+01,8.2871e+01,8.3285e+01,8.3142e+01,8.3822e+01,8.4366e+01,8.4699e+01,8.4812e+01,8.4842e+01,8.4993e+01,8.5084e+01,8.5143e+01,8.5465e+01,8.5707e+01,8.5870e+01,8.6366e+01,8.6829e+01,8.6794e+01,8.6906e+01,8.7150e+01,8.7210e+01,8.7139e+01,8.7172e+01,8.7288e+01,8.7277e+01,8.7373e+01,8.7504e+01,8.7683e+01,8.7801e+01,8.8254e+01,8.8374e+01
8.0437e+01,8.0006e+01,7.9072e+01,7.8518e+01,7.7586e+01,7.7122e+01,7.7045e+01,7.6578e+01,7.6349e+01,7.5780e+01,7.5719e+01,7.6046e+01,7.6407e+01,7.7151e+01,7.7706e+01,7.8644e+01,7.9405e+01,8.0426e+01,8.0801e+01,8.0598e+01,7.9559e+01,7.9160e+01,7.8336e+01,7.8040e+01,7.7440e+01,7.7194e+01,7.7464e+01,7.7399e+01,7.7002e+01,7.6554e+01,7.6218e+01,7.6170e+01,7.6490e+01,7.6100e+01,7.5490e+01,7.5150e+01,7.5547e+01,7.5216e+01,7.5921e+01,7.5538e+01,7.4754e+01,7.4907e+01,7.5419e+01,7.5659e+01,7.5402e+01,7.5473e+01,7.5822e+01,7.5836e+01,7.6470e+01,7.7255e+01,7.7995e+01,7.8382e+01,7.8447e+01,7.9193e+01,7.8812e+01,7.9652e+01,8.0881e+01,8.1254e+01,8.0474e+01,8.0486e+01,8.0965e+01,8.0794e+01,8.0588e+01,8.0293e+01,7.9268e+01,7.9875e+01,8.1002e+01,8.1070e+01,8.1950e+01,8.1353e+01,8.0941e+01,8.0156e+01,7.8902e+01,7.8606e+01,7.7440e+01,7.6904e+01,7.6009e+01,7.5681e+01,7.5065e+01,7.4574e+01,7.4664e+01,7.4548e+01,7.4845e+01,7.4752e+01,7.5198e+01,7.5431e+01,7.6019e+01,7.5870e+01,7.5360e+01,7.4975e+01,7.4798e+01,7.4444e+01,7.4127e+01,7.4395e+01,7.4893e+01,7.5100e+01,7.5333e+01,7.5654e+01,7.5759e+01,7.5448e+01,7.5017e+01,7.4646e+01,7.4064e+01,7.4193e+01,7.4103e+01,7.3961e+01,7.3666e+01,7.3748e+01,7.3722e+01,7.3944e+01,7.4061e+01,7.4019e+01,7.3766e+01,7.3825e+01,7.3858e+01,7.3737e+01,7.4088e+01,7.4384e+01,7.4261e+01,7.4893e+01,7.4652e+01,7.4035e+01,7.4202e+01,7.4152e+01,7.4831e+01,7.5723e+01,7.6111e+01,7.6882e+01,7.6810e+01,7.6375e+01,7.6182e+01,7.5556e+01,7.5852e+01,7.6427e+01,7.6636e+01,7.7101e+01,7.8103e+01,7.8800e+01,7.9418e+01,8.0579e+01,8.1646e+01,8.1989e+01,8.2396e+01,8.2813e+01,8.2672e+01,8.3358e+01,8.3907e+01,8.4243e+01,8.4359e+01,8.4392e+01,8.4547e+01,8.4642e+01,8.4703e+01,8.5028e+01,8.5277e+01,8.5445e+01,8.5943e+01,8.6409e+01,8.6375e+01,8.6485e+01,8.6725e+01,8.6781e+01,8.6706e+01,8.6734e+01,8.6851e+01,8.6839e+01,8.6934e+01,8.7068e+01,8.7253e+01,8.7373e+01,8.7833e+01,8.7956e+01
7.9995e+01,7.9558e+01,7.8614e+01,7.8047e+01,7.7108e+01,7.6637e+01,7.6563e+01,7.6099e+01,7.5867e+01,7.5303e+01,7.5249e+01,7.5583e+01,7.5946e+01,7.6696e+01,7.7250e+01,7.8197e+01,7.8960e+01,7.9992e+01,8.0368e+01,8.0160e+01,7.9108e+01,7.8702e+01,7.7873e+01,7.7575e+01,7.6965e+01,7.6718e+01,7.6990e+01,7.6920e+01,7.6528e+01,7.6086e+01,7.5752e+01,7.5701e+01,7.6024e+01,7.5639e+01,7.5029e+01,7.4685e+01,7.5088e+01,7.4763e+01,7.5478e+01,7.5101e+01,7.4311e+01,7.4472e+01,7.4992e+01,7.5239e+01,7.4982e+01,7.5057e+01,7.5410e+01,7.5425e+01,7.6062e+01,7.6851e+01,7.7599e+01,7.7993e+01,7.8059e+01,7.8815e+01,7.8429e+01,7.9278e+01,8.0521e+01,8.0897e+01,8.0107e+01,8.0117e+01,8.0600e+01,8.0426e+01,8.0217e+01,7.9921e+01,7.8889e+01,7.9499e+01,8.0632e+01,8.0702e+01,8.1589e+01,8.0990e+01,8.0575e+01,7.9787e+01,7.8524e+01,7.8225e+01,7.7049e+01,7.6510e+01,7.5605e+01,7.5276e+01,7.4654e+01,7.4160e+01,7.4254e+01,7.4140e+01,7.4444e+01,7.4350e+01,7.4801e+01,7.5037e+01,7.5630e+01,7.5481e+01,7.4965e+01,7.4577e+01,7.4396e+01,7.4036e+01,7.3710e+01,7.3981e+01,7.4493e+01,7.4707e+01,7.4946e+01,7.5273e+01,7.5380e+01,7.5064e+01,7.4623e+01,7.4244e+01,7.3649e+01,7.3774e+01,7.3671e+01,7.3526e+01,7.3227e+01,7.3316e+01,7.3298e+01,7.3530e+01,7.3657e+01,7.3617e+01,7.3356e+01,7.3416e+01,7.3441e+01,7.3313e+01,7.3665e+01,7.3957e+01,7.3827e+01,7.4459e+01,7.4208e+01,7.3582e+01,7.3745e+01,7.3685e+01,7.4362e+01,7.5261e+01,7.5654e+01,7.6429e+01,7.6364e+01,7.5934e+01,7.5748e+01,7.5123e+01,7.5425e+01,7.6007e+01,7.6220e+01,7.6694e+01,7.7703e+01,7.8405e+01,7.9030e+01,8.0199e+01,8.1273e+01,8.1616e+01,8.2023e+01,8.2438e+01,8.2298e+01,8.2984e+01,8.3529e+01,8.3861e+01,8.3979e+01,8.4015e+01,8.4173e+01,8.4271e+01,8.4337e+01,8.4665e+01,8.4921e+01,8.5094e+01,8.5590e+01,8.6058e+01,8.6019e+01,8.6129e+01,8.6366e+01,8.6424e+01,8.6348e+01,8.6376e+01,8.6487e+01,8.6471e+01,8.6566e+01,8.6700e+01,8.6888e+01,8.7007e+01,8.7470e+01,8.7592e+01
7.9729e+01,7.9286e+01,7.8330e+01,7.7749e+01,7.6799e+01,7.6314e+01,7.6237e+01,7.5776e+01,7.5540e+01,7.4984e+01,7.4938e+01,7.5283e+01,7.5650e+01,7.6409e+01,7.6960e+01,7.7916e+01,7.8678e+01,7.9719e+01,8.0093e+01,7.9877e+01,7.8817e+01,7.8400e+01,7.7562e+01,7.7255e+01,7.6636e+01,7.6380e+01,7.6654e+01,7.6592e+01,7.6212e+01,7.5772e+01,7.5450e+01,7.5404e+01,7.5731e+01,7.5361e+01,7.4754e+01,7.4403e+01,7.4810e+01,7.4496e+01,7.5218e+01,7.4846e+01,7.4048e+01,7.4214e+01,7.4741e+01,7.4992e+01,7.4733e+01,7.4809e+01,7.5163e+01,7.5180e+01,7.5823e+01,7.6614e+01,7.7366e+01,7.7762e+01,7.7831e+01,7.8595e+01,7.8207e+01,7.9065e+01,8.0319e+01,8.0701e+01,7.9904e+01,7.9917e+01,8.0409e+01,8.0236e+01,8.0028e+01,7.9727e+01,7.8684e+01,7.9297e+01,8.0438e+01,8.0506e+01,8.1398e+01,8.0792e+01,8.0372e+01,7.9578e+01,7.8308e+01,7.8005e+01,7.6820e+01,7.6278e+01,7.5366e+01,7.5036e+01,7.4408e+01,7.3907e+01,7.4002e+01,7.3884e+01,7.4190e+01,7.4093e+01,7.4549e+01,7.4786e+01,7.5385e+01,7.5232e+01,7.4712e+01,7.4317e+01,7.4133e+01,7.3766e+01,7.3432e+01,7.3701e+01,7.4220e+01,7.4433e+01,7.4677e+01,7.5002e+01,7.5113e+01,7.4792e+01,7.4343e+01,7.3956e+01,7.3357e+01,7.3475e+01,7.3363e+01,7.3222e+01,7.2929e+01,7.3024e+01,7.3017e+01,7.3250e+01,7.3388e+01,7.3357e+01,7.3096e+01,7.3163e+01,7.3187e+01,7.3053e+01,7.3410e+01,7.3702e+01,7.3565e+01,7.4200e+01,7.3941e+01,7.3307e+01,7.3463e+01,7.3394e+01,7.4073e+01,7.4976e+01,7.5376e+01,7.6157e+01,7.6100e+01,7.5672e+01,7.5495e+01,7.4876e+01,7.5178e+01,7.5757e+01,7.5972e+01,7.6451e+01,7.7469e+01,7.8169e+01,7.8795e+01,7.9971e+01,8.1048e+01,8.1392e+01,8.1800e+01,8.2210e+01,8.2069e+01,8.2754e+01,8.3296e+01,8.3627e+01,8.3745e+01,8.3785e+01,8.3948e+01,8.4044e+01,8.4109e+01,8.4439e+01,8.4698e+01,8.4875e+01,8.5367e+01,8.5839e+01,8.5797e+01,8.5904e+01,8.6140e+01,8.6198e+01,8.6124e+01,8.6150e+01,8.6260e+01,8.6247e+01,8.6343e+01,8.6479e+01,8.6671e+01,8.6790e+01,8.7255e+01,8.7377e+01
7.9493e+01,7.9044e+01,7.8080e+01,7.7493e+01,7.6532e+01,7.6035e+01,7.5954e+01,7.5488e+01,7.5244e+01,7.4690e+01,7.4652e+01,7.5010e+01,7.5384e+01,7.6154e+01,7.6710e+01,7.7678e+01,7.8446e+01,7.9495e+01,7.9871e+01,7.9652e+01,7.8583e+01,7.8163e+01,7.7318e+01,7.7010e+01,7.6377e+01,7.6107e+01,7.6374e+01,7.6308e+01,7.5929e+01,7.5479e+01,7.5158e+01,7.5109e+01,7.5435e+01,7.5072e+01,7.4469e+01,7.4115e+01,7.4531e+01,7.4226e+01,7.4961e+01,7.4589e+01,7.3783e+01,7.3953e+01,7.4480e+01,7.4730e+01,7.4456e+01,7.4533e+01,7.4903e+01,7.4927e+01,7.5586e+01,7.6372e+01,7.7140e+01,7.7523e+01,7.7571e+01,7.8335e+01,7.7934e+01,7.8787e+01,8.0046e+01,8.0422e+01,7.9621e+01,7.9631e+01,8.0128e+01,7.9958e+01,7.9759e+01,7.9452e+01,7.8404e+01,7.9013e+01,8.0154e+01,8.0217e+01,8.1106e+01,8.0494e+01,8.0068e+01,7.9275e+01,7.8005e+01,7.7707e+01,7.6525e+01,7.5980e+01,7.5072e+01,7.4739e+01,7.4116e+01,7.3613e+01,7.3708e+01,7.3589e+01,7.3890e+01,7.3797e+01,7.4262e+01,7.4505e+01,7.5114e+01,7.4964e+01,7.4448e+01,7.4047e+01,7.3869e+01,7.3495e+01,7.3161e+01,7.3430e+01,7.3954e+01,7.4159e+01,7.4398e+01,7.4717e+01,7.4823e+01,7.4491e+01,7.4035e+01,7.3648e+01,7.3045e+01,7.3153e+01,7.3036e+01,7.2891e+01,7.2603e+01,7.2693e+01,7.2693e+01,7.2927e+01,7.3069e+01,7.3040e+01,7.2782e+01,7.2852e+01,7.2874e+01,7.2746e+01,7.3110e+01,7.3406e+01,7.3275e+01,7.3920e+01,7.3662e+01,7.3023e+01,7.3183e+01,7.3107e+01,7.3794e+01,7.4709e+01,7.5117e+01,7.5907e+01,7.5859e+01,7.5433e+01,7.5260e+01,7.4643e+01,7.4943e+01,7.5519e+01,7.5725e+01,7.6203e+01,7.7229e+01,7.7935e+01,7.8557e+01,7.9738e+01,8.0816e+01,8.1159e+01,8.1561e+01,8.1970e+01,8.1835e+01,8.2521e+01,8.3069e+01,8.3403e+01,8.3526e+01,8.3570e+01,8.3736e+01,8.3835e+01,8.3907e+01,8.4242e+01,8.4504e+01,8.4681e+01,8.5175e+01,8.5652e+01,8.5606e+01,8.5708e+01,8.5941e+01,8.5996e+01,8.5917e+01,8.5939e+01,8.6046e+01,8.6033e+01,8.6130e+01,8.6265e+01,8.6457e+01,8.6576e+01,8.7043e+01,8.7162e+01
7.9375e+01,7.8920e+01,7.7951e+01,7.7350e+01,7.6382e+01,7.5872e+01,7.5787e+01,7.5326e+01,7.5071e+01,7.4521e+01,7.4498e+01,7.4871e+01,7.5247e+01,7.6028e+01,7.6580e+01,7.7554e+01,7.8318e+01,7.9374e+01,7.9749e+01,7.9526e+01,7.8447e+01,7.8020e+01,7.7170e+01,7.6854e+01,7.6212e+01,7.5928e+01,7.6198e+01,7.6136e+01,7.5763e+01,7.5303e+01,7.4989e+01,7.4948e+01,7.5268e+01,7.4912e+01,7.4319e+01,7.3969e+01,7.4396e+01,7.4095e+01,7.4842e+01,7.4472e+01,7.3651e+01,7.3825e+01,7.4360e+01,7.4611e+01,7.4326e+01,7.4398e+01,7.4777e+01,7.4789e+01,7.5460e+01,7.6261e+01,7.7057e+01,7.7455e+01,7.7495e+01,7.8275e+01,7.7861e+01,7.8714e+01,7.9988e+01,8.0350e+01,7.9532e+01,7.9520e+01,8.0005e+01,7.9818e+01,7.9605e+01,7.9292e+01,7.8237e+01,7.8846e+01,7.9996e+01,8.0070e+01,8.0971e+01,8.0363e+01,7.9933e+01,7.9146e+01,7.7871e+01,7.7585e+01,7.6393e+01,7.5841e+01,7.4928e+01,7.4579e+01,7.3945e+01,7.3429e+01,7.3511e+01,7.3379e+01,7.3670e+01,7.3568e+01,7.4033e+01,7.4268e+01,7.4878e+01,7.4722e+01,7.4208e+01,7.3800e+01,7.3623e+01,7.3245e+01,7.2915e+01,7.3172e+01,7.3690e+01,7.3883e+01,7.4121e+01,7.4431e+01,7.4538e+01,7.4207e+01,7.3749e+01,7.3361e+01,7.2768e+01,7.2869e+01,7.2752e+01,7.2621e+01,7.2353e+01,7.2445e+01,7.2453e+01,7.2671e+01,7.2818e+01,7.2801e+01,7.2558e+01,7.2644e+01,7.2681e+01,7.2557e+01,7.2939e+01,7.3251e+01,7.3121e+01,7.3784e+01,7.3520e+01,7.2863e+01,7.3021e+01,7.2934e+01,7.3628e+01,7.4555e+01,7.4978e+01,7.5780e+01,7.5742e+01,7.5316e+01,7.5152e+01,7.4535e+01,7.4842e+01,7.5427e+01,7.5638e+01,7.6118e+01,7.7146e+01,7.7856e+01,7.8478e+01,7.9658e+01,8.0734e+01,8.1073e+01,8.1471e+01,8.1877e+01,8.1740e+01,8.2419e+01,8.2965e+01,8.3297e+01,8.3421e+01,8.3468e+01,8.3635e+01,8.3735e+01,8.3808e+01,8.4140e+01,8.4401e+01,8.4574e+01,8.5061e+01,8.5542e+01,8.5492e+01,8.5592e+01,8.5826e+01,8.5877e+01,8.5800e+01,8.5819e+01,8.5924e+01,8.5913e+01,8.6007e+01,8.6143e+01,8.6335e+01,8.6456e+01,8.6922e+01,8.7040e+01
7.9261e+01,7.8807e+01,7.7830e+01,7.7222e+01,7.6246e+01,7.5728e+01,7.5640e+01,7.5174e+01,7.4910e+01,7.4360e+01,7.4346e+01,7.4730e+01,7.5109e+01,7.5899e+01,7.6454e+01,7.7437e+01,7.8204e+01,7.9262e+01,7.9633e+01,7.9406e+01,7.8322e+01,7.7892e+01,7.7039e+01,7.6722e+01,7.6076e+01,7.5780e+01,7.6047e+01,7.5986e+01,7.5612e+01,7.5143e+01,7.4831e+01,7.4791e+01,7.5108e+01,7.4758e+01,7.4171e+01,7.3823e+01,7.4256e+01,7.3962e+01,7.4718e+01,7.4349e+01,7.3520e+01,7.3696e+01,7.4234e+01,7.4484e+01,7.4193e+01,7.4264e+01,7.4648e+01,7.4661e+01,7.5342e+01,7.6147e+01,7.6961e+01,7.7361e+01,7.7394e+01,7.8184e+01,7.7760e+01,7.8620e+01,7.9912e+01,8.0278e+01,7.9451e+01,7.9435e+01,7.9931e+01,7.9738e+01,7.9526e+01,7.9201e+01,7.8131e+01,7.8741e+01,7.9902e+01,7.9975e+01,8.0884e+01,8.0266e+01,7.9826e+01,7.9034e+01,7.7750e+01,7.7465e+01,7.6265e+01,7.5708e+01,7.4791e+01,7.4437e+01,7.3801e+01,7.3280e+01,7.3359e+01,7.3221e+01,7.3509e+01,7.3403e+01,7.3873e+01,7.4107e+01,7.4723e+01,7.4562e+01,7.4046e+01,7.3631e+01,7.3454e+01,7.3070e+01,7.2740e+01,7.2989e+01,7.3508e+01,7.3696e+01,7.3934e+01,7.4240e+01,7.4350e+01,7.4019e+01,7.3558e+01,7.3166e+01,7.2577e+01,7.2674e+01,7.2555e+01,7.2431e+01,7.2170e+01,7.2266e+01,7.2279e+01,7.2494e+01,7.2647e+01,7.2638e+01,7.2398e+01,7.2491e+01,7.2529e+01,7.2403e+01,7.2791e+01,7.3107e+01,7.2976e+01,7.3645e+01,7.3379e+01,7.2714e+01,7.2870e+01,7.2777e+01,7.3476e+01,7.4409e+01,7.4842e+01,7.5653e+01,7.5622e+01,7.5194e+01,7.5037e+01,7.4423e+01,7.4732e+01,7.5317e+01,7.5530e+01,7.6012e+01,7.7045e+01,7.7755e+01,7.8374e+01,7.9557e+01,8.0632e+01,8.0973e+01,8.1367e+01,8.1769e+01,8.1632e+01,8.2308e+01,8.2854e+01,8.3186e+01,8.3315e+01,8.3367e+01,8.3538e+01,8.3640e+01,8.3715e+01,8.4048e+01,8.4309e+01,8.4481e+01,8.4966e+01,8.5449e+01,8.5394e+01,8.5490e+01,8.5724e+01,8.5772e+01,8.5697e+01,8.5713e+01,8.5820e+01,8.5814e+01,8.5913e+01,8.6054e+01,8.6247e+01,8.6369e+01,8.6835e+01,8.6950e+01
7.8870e+01,7.8414e+01,7.7431e+01,7.6814e+01,7.5833e+01,7.5311e+01,7.5225e+01,7.4761e+01,7.4498e+01,7.3950e+01,7.3939e+01,7.4325e+01,7.4703e+01,7.5496e+01,7.6050e+01,7.7039e+01,7.7809e+01,7.8875e+01,7.9248e+01,7.9021e+01,7.7928e+01,7.7498e+01,7.6644e+01,7.6333e+01,7.5684e+01,7.5394e+01,7.5660e+01,7.5590e+01,7.5214e+01,7.4750e+01,7.4430e+01,7.4381e+01,7.4701e+01,7.4352e+01,7.3762e+01,7.3407e+01,7.3848e+01,7.3556e+01,7.4323e+01,7.3961e+01,7.3123e+01,7.3307e+01,7.3851e+01,7.4106e+01,7.3806e+01,7.3881e+01,7.4278e+01,7.4293e+01,7.4989e+01,7.5801e+01,7.6629e+01,7.7022e+01,7.7038e+01,7.7827e+01,7.7388e+01,7.8241e+01,7.9537e+01,7.9887e+01,7.9049e+01,7.9014e+01,7.9495e+01,7.9297e+01,7.9084e+01,7.8765e+01,7.7701e+01,7.8313e+01,7.9472e+01,7.9548e+01,8.0462e+01,7.9852e+01,7.9420e+01,7.8634e+01,7.7350e+01,7.7071e+01,7.5870e+01,7.5315e+01,7.4399e+01,7.4038e+01,7.3399e+01,7.2876e+01,7.2953e+01,7.2816e+01,7.3107e+01,7.3001e+01,7.3470e+01,7.3706e+01,7.4322e+01,7.4164e+01,7.3648e+01,7.3236e+01,7.3059e+01,7.2676e+01,7.2343e+01,7.2597e+01,7.3121e+01,7.3315e+01,7.3556e+01,7.3870e+01,7.3981e+01,7.3650e+01,7.3187e+01,7.2790e+01,7.2191e+01,7.2290e+01,7.2165e+01,7.2037e+01,7.1768e+01,7.1869e+01,7.1884e+01,7.2107e+01,7.2264e+01,7.2253e+01,7.2007e+01,7.2099e+01,7.2132e+01,7.2005e+01,7.2394e+01,7.2711e+01,7.2578e+01,7.3252e+01,7.2978e+01,7.2306e+01,7.2460e+01,7.2355e+01,7.3052e+01,7.3994e+01,7.4433e+01,7.5249e+01,7.5226e+01,7.4799e+01,7.4648e+01,7.4031e+01,7.4344e+01,7.4935e+01,7.5146e+01,7.5632e+01,7.6675e+01,7.7386e+01,7.8009e+01,7.9197e+01,8.0274e+01,8.0618e+01,8.1013e+01,8.1415e+01,8.1283e+01,8.1960e+01,8.2511e+01,8.2847e+01,8.2980e+01,8.3035e+01,8.3216e+01,8.3320e+01,8.3396e+01,8.3733e+01,8.3999e+01,8.4174e+01,8.4663e+01,8.5147e+01,8.5092e+01,8.5189e+01,8.5427e+01,8.5474e+01,8.5400e+01,8.5416e+01,8.5526e+01,8.5524e+01,8.5621e+01,8.5765e+01,8.5961e+01,8.6084e+01,8.6551e+01,8.6663e+01
7.8560e+01,7.8099e+01,7.7108e+01,7.6483e+01,7.5493e+01,7.4960e+01,7.4865e+01,7.4403e+01,7.4137e+01,7.3600e+01,7.3597e+01,7.3986e+01,7.4373e+01,7.5170e+01,7.5727e+01,7.6723e+01,7.7498e+01,7.8579e+01,7.8960e+01,7.8730e+01,7.7633e+01,7.7197e+01,7.6333e+01,7.6021e+01,7.5357e+01,7.5069e+01,7.5334e+01,7.5261e+01,7.4897e+01,7.4441e+01,7.4127e+01,7.4066e+01,7.4395e+01,7.4062e+01,7.3466e+01,7.3096e+01,7.3542e+01,7.3263e+01,7.4038e+01,7.3687e+01,7.2849e+01,7.3045e+01,7.3592e+01,7.3856e+01,7.3552e+01,7.3636e+01,7.4043e+01,7.4075e+01,7.4782e+01,7.5590e+01,7.6412e+01,7.6784e+01,7.6784e+01,7.7559e+01,7.7113e+01,7.7959e+01,7.9251e+01,7.9597e+01,7.8756e+01,7.8721e+01,7.9210e+01,7.9039e+01,7.8855e+01,7.8537e+01,7.7473e+01,7.8084e+01,7.9237e+01,7.9298e+01,8.0205e+01,7.9590e+01,7.9160e+01,7.8370e+01,7.7087e+01,7.6804e+01,7.5611e+01,7.5060e+01,7.4150e+01,7.3793e+01,7.3159e+01,7.2635e+01,7.2716e+01,7.2580e+01,7.2870e+01,7.2766e+01,7.3241e+01,7.3480e+01,7.4102e+01,7.3942e+01,7.3423e+01,7.3007e+01,7.2826e+01,7.2438e+01,7.2097e+01,7.2349e+01,7.2881e+01,7.3077e+01,7.3324e+01,7.3640e+01,7.3756e+01,7.3423e+01,7.2954e+01,7.2549e+01,7.1943e+01,7.2037e+01,7.1899e+01,7.1771e+01,7.1502e+01,7.1609e+01,7.1634e+01,7.1865e+01,7.2031e+01,7.2022e+01,7.1771e+01,7.1861e+01,7.1885e+01,7.1756e+01,7.2142e+01,7.2452e+01,7.2316e+01,7.2986e+01,7.2704e+01,7.2030e+01,7.2175e+01,7.2056e+01,7.2744e+01,7.3686e+01,7.4128e+01,7.4940e+01,7.4930e+01,7.4515e+01,7.4371e+01,7.3757e+01,7.4070e+01,7.4662e+01,7.4869e+01,7.5359e+01,7.6411e+01,7.7123e+01,7.7747e+01,7.8941e+01,8.0020e+01,8.0373e+01,8.0772e+01,8.1176e+01,8.1052e+01,8.1736e+01,8.2293e+01,8.2636e+01,8.2769e+01,8.2824e+01,8.3013e+01,8.3116e+01,8.3190e+01,8.3530e+01,8.3797e+01,8.3972e+01,8.4467e+01,8.4954e+01,8.4903e+01,8.5002e+01,8.5246e+01,8.5292e+01,8.5217e+01,8.5230e+01,8.5343e+01,8.5346e+01,8.5442e+01,8.5592e+01,8.5790e+01,8.5916e+01,8.6386e+01,8.6497e+01
7.8061e+01,7.7585e+01,7.6581e+01,7.5947e+01,7.4948e+01,7.4405e+01,7.4298e+01,7.3842e+01,7.3580e+01,7.3058e+01,7.3061e+01,7.3441e+01,7.3838e+01,7.4634e+01,7.5193e+01,7.6195e+01,7.6981e+01,7.8078e+01,7.8469e+01,7.8243e+01,7.7134e+01,7.6697e+01,7.5820e+01,7.5508e+01,7.4827e+01,7.4555e+01,7.4813e+01,7.4731e+01,7.4383e+01,7.3946e+01,7.3641e+01,7.3567e+01,7.3915e+01,7.3601e+01,7.2993e+01,7.2600e+01,7.3044e+01,7.2779e+01,7.3557e+01,7.3220e+01,7.2389e+01,7.2597e+01,7.3152e+01,7.3428e+01,7.3136e+01,7.3229e+01,7.3629e+01,7.3672e+01,7.4370e+01,7.5168e+01,7.5965e+01,7.6325e+01,7.6334e+01,7.7097e+01,7.6666e+01,7.7517e+01,7.8792e+01,7.9149e+01,7.8325e+01,7.8328e+01,7.8834e+01,7.8684e+01,7.8509e+01,7.8200e+01,7.7140e+01,7.7755e+01,7.8901e+01,7.8954e+01,7.9849e+01,7.9230e+01,7.8805e+01,7.8005e+01,7.6722e+01,7.6424e+01,7.5233e+01,7.4684e+01,7.3767e+01,7.3424e+01,7.2790e+01,7.2268e+01,7.2362e+01,7.2233e+01,7.2534e+01,7.2432e+01,7.2915e+01,7.3160e+01,7.3787e+01,7.3625e+01,7.3096e+01,7.2677e+01,7.2488e+01,7.2092e+01,7.1736e+01,7.1993e+01,7.2543e+01,7.2747e+01,7.3004e+01,7.3328e+01,7.3449e+01,7.3112e+01,7.2631e+01,7.2213e+01,7.1590e+01,7.1677e+01,7.1517e+01,7.1384e+01,7.1108e+01,7.1227e+01,7.1264e+01,7.1513e+01,7.1693e+01,7.1685e+01,7.1419e+01,7.1508e+01,7.1514e+01,7.1373e+01,7.1751e+01,7.2043e+01,7.1893e+01,7.2549e+01,7.2253e+01,7.1580e+01,7.1712e+01,7.1579e+01,7.2251e+01,7.3195e+01,7.3634e+01,7.4435e+01,7.4434e+01,7.4034e+01,7.3890e+01,7.3278e+01,7.3593e+01,7.4184e+01,7.4392e+01,7.4888e+01,7.5947e+01,7.6653e+01,7.7282e+01,7.8485e+01,7.9572e+01,7.9940e+01,8.0352e+01,8.0763e+01,8.0642e+01,8.1336e+01,8.1897e+01,8.2246e+01,8.2376e+01,8.2428e+01,8.2623e+01,8.2717e+01,8.2795e+01,8.3140e+01,8.3408e+01,8.3590e+01,8.4093e+01,8.4580e+01,8.4534e+01,8.4639e+01,8.4883e+01,8.4933e+01,8.4854e+01,8.4870e+01,8.4984e+01,8.4985e+01,8.5079e+01,8.5229e+01,8.5429e+01,8.5556e+01,8.6028e+01,8.6139e+01
7.7635e+01,7.7151e+01,7.6138e+01,7.5501e+01,7.4499e+01,7.3951e+01,7.3842e+01,7.3390e+01,7.3136e+01,7.2626e+01,7.2629e+01,7.3002e+01,7.3400e+01,7.4195e+01,7.4755e+01,7.5762e+01,7.6555e+01,7.7664e+01,7.8063e+01,7.7839e+01,7.6722e+01,7.6287e+01,7.5404e+01,7.5098e+01,7.4408e+01,7.4147e+01,7.4399e+01,7.4309e+01,7.3966e+01,7.3543e+01,7.3236e+01,7.3148e+01,7.3511e+01,7.3206e+01,7.2584e+01,7.2172e+01,7.2617e+01,7.2360e+01,7.3144e+01,7.2818e+01,7.1987e+01,7.2205e+01,7.2762e+01,7.3047e+01,7.2752e+01,7.2856e+01,7.3265e+01,7.3321e+01,7.4026e+01,7.4822e+01,7.5614e+01,7.5960e+01,7.5959e+01,7.6703e+01,7.6265e+01,7.7107e+01,7.8368e+01,7.8715e+01,7.7915e+01,7.7915e+01,7.8425e+01,7.8285e+01,7.8125e+01,7.7815e+01,7.6761e+01,7.7371e+01,7.8507e+01,7.8550e+01,7.9434e+01,7.8817e+01,7.8398e+01,7.7600e+01,7.6327e+01,7.6030e+01,7.4849e+01,7.4302e+01,7.3390e+01,7.3049e+01,7.2417e+01,7.1897e+01,7.1996e+01,7.1871e+01,7.2176e+01,7.2079e+01,7.2566e+01,7.2818e+01,7.3449e+01,7.3293e+01,7.2764e+01,7.2345e+01,7.2156e+01,7.1758e+01,7.1395e+01,7.1659e+01,7.2219e+01,7.2428e+01,7.2689e+01,7.3017e+01,7.3138e+01,7.2796e+01,7.2310e+01,7.1887e+01,7.1253e+01,7.1338e+01,7.1170e+01,7.1028e+01,7.0743e+01,7.0866e+01,7.0907e+01,7.1167e+01,7.1352e+01,7.1341e+01,7.1066e+01,7.1150e+01,7.1146e+01,7.1002e+01,7.1374e+01,7.1659e+01,7.1505e+01,7.2155e+01,7.1854e+01,7.1183e+01,7.1310e+01,7.1167e+01,7.1832e+01,7.2778e+01,7.3214e+01,7.4013e+01,7.4018e+01,7.3623e+01,7.3484e+01,7.2873e+01,7.3185e+01,7.3775e+01,7.3976e+01,7.4477e+01,7.5547e+01,7.6252e+01,7.6885e+01,7.8096e+01,7.9188e+01,7.9569e+01,7.9986e+01,8.0403e+01,8.0293e+01,8.0994e+01,8.1564e+01,8.1924e+01,8.2059e+01,8.2112e+01,8.2319e+01,8.2413e+01,8.2493e+01,8.2845e+01,8.3117e+01,8.3306e+01,8.3819e+01,8.4303e+01,8.4263e+01,8.4372e+01,8.4615e+01,8.4667e+01,8.4585e+01,8.4600e+01,8.4714e+01,8.4714e+01,8.4807e+01,8.4956e+01,8.5158e+01,8.5289e+01,8.5765e+01,8.5877e+01
7.7053e+01,7.6553e+01,7.5526e+01,7.4875e+01,7.3861e+01,7.3301e+01,7.3184e+01,7.2738e+01,7.2492e+01,7.2002e+01,7.2009e+01,7.2374e+01,7.2778e+01,7.3571e+01,7.4131e+01,7.5143e+01,7.5946e+01,7.7072e+01,7.7481e+01,7.7259e+01,7.6132e+01,7.5696e+01,7.4798e+01,7.4495e+01,7.3786e+01,7.3541e+01,7.3788e+01,7.3692e+01,7.3365e+01,7.2964e+01,7.2669e+01,7.2574e+01,7.2963e+01,7.2679e+01,7.2042e+01,7.1603e+01,7.2042e+01,7.1802e+01,7.2586e+01,7.2277e+01,7.1454e+01,7.1687e+01,7.2255e+01,7.2557e+01,7.2275e+01,7.2392e+01,7.2795e+01,7.2870e+01,7.3575e+01,7.4368e+01,7.5142e+01,7.5470e+01,7.5475e+01,7.6204e+01,7.5778e+01,7.6637e+01,7.7893e+01,7.8272e+01,7.7497e+01,7.7539e+01,7.8087e+01,7.7958e+01,7.7806e+01,7.7493e+01,7.6423e+01,7.7042e+01,7.8188e+01,7.8222e+01,7.9106e+01,7.8471e+01,7.8042e+01,7.7226e+01,7.5937e+01,7.5621e+01,7.4431e+01,7.3881e+01,7.2956e+01,7.2627e+01,7.1993e+01,7.1470e+01,7.1585e+01,7.1465e+01,7.1785e+01,7.1689e+01,7.2187e+01,7.2445e+01,7.3087e+01,7.2925e+01,7.2381e+01,7.1955e+01,7.1756e+01,7.1347e+01,7.0965e+01,7.1233e+01,7.1814e+01,7.2033e+01,7.2307e+01,7.2646e+01,7.2775e+01,7.2430e+01,7.1928e+01,7.1488e+01,7.0834e+01,7.0912e+01,7.0718e+01,7.0572e+01,7.0278e+01,7.0418e+01,7.0474e+01,7.0754e+01,7.0959e+01,7.0953e+01,7.0661e+01,7.0746e+01,7.0724e+01,7.0561e+01,7.0924e+01,7.1191e+01,7.1017e+01,7.1651e+01,7.1333e+01,7.0661e+01,7.0769e+01,7.0613e+01,7.1258e+01,7.2200e+01,7.2633e+01,7.3418e+01,7.3438e+01,7.3064e+01,7.2930e+01,7.2331e+01,7.2647e+01,7.3234e+01,7.3439e+01,7.3946e+01,7.5020e+01,7.5718e+01,7.6354e+01,7.7571e+01,7.8668e+01,7.9057e+01,7.9484e+01,7.9907e+01,7.9798e+01,8.0510e+01,8.1083e+01,8.1446e+01,8.1578e+01,8.1627e+01,8.1837e+01,8.1923e+01,8.2004e+01,8.2359e+01,8.2632e+01,8.2823e+01,8.3341e+01,8.3825e+01,8.3791e+01,8.3904e+01,8.4149e+01,8.4204e+01,8.4121e+01,8.4140e+01,8.4260e+01,8.4255e+01,8.4347e+01,8.4495e+01,8.4698e+01,8.4828e+01,8.5305e+01,8.5416e+01
7.6447e+01,7.5937e+01,7.4904e+01,7.4246e+01,7.3231e+01,7.2664e+01,7.2545e+01,7.2116e+01,7.1881e+01,7.1420e+01,7.1427e+01,7.1780e+01,7.2180e+01,7.2964e+01,7.3518e+01,7.4530e+01,7.5338e+01,7.6478e+01,7.6900e+01,7.6684e+01,7.5549e+01,7.5116e+01,7.4210e+01,7.3915e+01,7.3187e+01,7.2965e+01,7.3215e+01,7.3107e+01,7.2793e+01,7.2416e+01,7.2123e+01,7.2017e+01,7.2429e+01,7.2157e+01,7.1503e+01,7.1040e+01,7.1473e+01,7.1240e+01,7.2026e+01,7.1733e+01,7.0915e+01,7.1162e+01,7.1736e+01,7.2052e+01,7.1781e+01,7.1913e+01,7.2316e+01,7.2411e+01,7.3124e+01,7.3915e+01,7.4679e+01,7.4987e+01,7.4985e+01,7.5699e+01,7.5277e+01,7.6153e+01,7.7418e+01,7.7837e+01,7.7076e+01,7.7147e+01,7.7730e+01,7.7607e+01,7.7460e+01,7.7142e+01,7.6055e+01,7.6683e+01,7.7842e+01,7.7868e+01,7.8759e+01,7.8107e+01,7.7667e+01,7.6830e+01,7.5522e+01,7.5187e+01,7.3986e+01,7.3435e+01,7.2498e+01,7.2181e+01,7.1544e+01,7.1022e+01,7.1154e+01,7.1043e+01,7.1379e+01,7.1287e+01,7.1794e+01,7.2061e+01,7.2711e+01,7.2549e+01,7.1992e+01,7.1562e+01,7.1355e+01,7.0939e+01,7.0539e+01,7.0816e+01,7.1417e+01,7.1648e+01,7.1935e+01,7.2284e+01,7.2420e+01,7.2071e+01,7.1557e+01,7.1102e+01,7.0427e+01,7.0501e+01,7.0287e+01,7.0130e+01,6.9821e+01,6.9974e+01,7.0042e+01,7.0344e+01,7.0563e+01,7.0558e+01,7.0246e+01,7.0328e+01,7.0285e+01,7.0106e+01,7.0457e+01,7.0708e+01,7.0518e+01,7.1138e+01,7.0806e+01,7.0137e+01,7.0232e+01,7.0066e+01,7.0692e+01,7.1628e+01,7.2055e+01,7.2828e+01,7.2857e+01,7.2499e+01,7.2371e+01,7.1781e+01,7.2096e+01,7.2678e+01,7.2882e+01,7.3395e+01,7.4477e+01,7.5171e+01,7.5812e+01,7.7034e+01,7.8134e+01,7.8527e+01,7.8957e+01,7.9381e+01,7.9277e+01,7.9995e+01,8.0572e+01,8.0942e+01,8.1077e+01,8.1128e+01,8.1345e+01,8.1432e+01,8.1512e+01,8.1870e+01,8.2145e+01,8.2341e+01,8.2861e+01,8.3343e+01,8.3310e+01,8.3425e+01,8.3671e+01,8.3730e+01,8.3652e+01,8.3676e+01,8.3801e+01,8.3795e+01,8.3888e+01,8.4037e+01,8.4246e+01,8.4379e+01,8.4863e+01,8.4975e+01
7.5885e+01,7.5368e+01,7.4327e+01,7.3660e+01,7.2639e+01,7.2067e+01,7.1949e+01,7.1527e+01,7.1299e+01,7.0855e+01,7.0860e+01,7.1209e+01,7.1604e+01,7.2389e+01,7.2939e+01,7.3956e+01,7.4770e+01,7.5921e+01,7.6344e+01,7.6130e+01,7.4983e+01,7.4550e+01,7.3636e+01,7.3345e+01,7.2604e+01,7.2392e+01,7.2638e+01,7.2520e+01,7.2214e+01,7.1856e+01,7.1566e+01,7.1460e+01,7.1889e+01,7.1622e+01,7.0957e+01,7.0484e+01,7.0911e+01,7.0680e+01,7.1467e+01,7.1181e+01,7.0360e+01,7.0611e+01,7.1198e+01,7.1525e+01,7.1270e+01,7.1403e+01,7.1794e+01,7.1888e+01,7.2599e+01,7.3394e+01,7.4155e+01,7.4470e+01,7.4485e+01,7.5229e+01,7.4823e+01,7.5736e+01,7.7042e+01,7.7484e+01,7.6687e+01,7.6764e+01,7.7348e+01,7.7220e+01,7.7061e+01,7.6746e+01,7.5644e+01,7.6290e+01,7.7469e+01,7.7502e+01,7.8415e+01,7.7761e+01,7.7319e+01,7.6469e+01,7.5130e+01,7.4780e+01,7.3548e+01,7.2992e+01,7.2028e+01,7.1712e+01,7.1059e+01,7.0534e+01,7.0676e+01,7.0569e+01,7.0921e+01,7.0826e+01,7.1336e+01,7.1605e+01,7.2260e+01,7.2092e+01,7.1522e+01,7.1088e+01,7.0870e+01,7.0449e+01,7.0034e+01,7.0319e+01,7.0935e+01,7.1180e+01,7.1479e+01,7.1843e+01,7.1988e+01,7.1641e+01,7.1119e+01,7.0649e+01,6.9957e+01,7.0037e+01,6.9807e+01,6.9648e+01,6.9324e+01,6.9496e+01,6.9571e+01,6.9888e+01,7.0121e+01,7.0122e+01,6.9792e+01,6.9876e+01,6.9826e+01,6.9624e+01,6.9968e+01,7.0212e+01,7.0002e+01,7.0613e+01,7.0263e+01,6.9588e+01,6.9670e+01,6.9497e+01,7.0114e+01,7.1050e+01,7.1479e+01,7.2252e+01,7.2283e+01,7.1929e+01,7.1810e+01,7.1226e+01,7.1550e+01,7.2141e+01,7.2362e+01,7.2888e+01,7.3974e+01,7.4670e+01,7.5319e+01,7.6542e+01,7.7647e+01,7.8037e+01,7.8469e+01,7.8891e+01,7.8783e+01,7.9498e+01,8.0071e+01,8.0441e+01,8.0576e+01,8.0625e+01,8.0842e+01,8.0932e+01,8.1011e+01,8.1367e+01,8.1643e+01,8.1843e+01,8.2365e+01,8.2842e+01,8.2815e+01,8.2932e+01,8.3175e+01,8.3236e+01,8.3162e+01,8.3188e+01,8.3316e+01,8.3305e+01,8.3397e+01,8.3548e+01,8.3761e+01,8.3895e+01,8.4384e+01,8.4495e+01
7.5403e+01,7.4873e+01,7.3820e+01,7.3148e+01,7.2123e+01,7.1546e+01,7.1414e+01,7.1021e+01,7.0815e+01,7.0414e+01,7.0415e+01,7.0735e+01,7.1127e+01,7.1895e+01,7.2439e+01,7.3453e+01,7.4276e+01,7.5443e+01,7.5880e+01,7.5676e+01,7.4521e+01,7.4095e+01,7.3172e+01,7.2897e+01,7.2136e+01,7.1970e+01,7.2214e+01,7.2072e+01,7.1786e+01,7.1466e+01,7.1178e+01,7.1056e+01,7.1517e+01,7.1262e+01,7.0572e+01,7.0066e+01,7.0484e+01,7.0262e+01,7.1047e+01,7.0781e+01,6.9972e+01,7.0238e+01,7.0833e+01,7.1178e+01,7.0945e+01,7.1092e+01,7.1469e+01,7.1575e+01,7.2275e+01,7.3068e+01,7.3799e+01,7.4108e+01,7.4156e+01,7.4882e+01,7.4495e+01,7.5431e+01,7.6730e+01,7.7196e+01,7.6418e+01,7.6503e+01,7.7088e+01,7.6968e+01,7.6812e+01,7.6506e+01,7.5407e+01,7.6061e+01,7.7238e+01,7.7268e+01,7.8181e+01,7.7529e+01,7.7091e+01,7.6235e+01,7.4890e+01,7.4528e+01,7.3288e+01,7.2732e+01,7.1754e+01,7.1447e+01,7.0788e+01,7.0266e+01,7.0423e+01,7.0324e+01,7.0693e+01,7.0600e+01,7.1114e+01,7.1391e+01,7.2048e+01,7.1882e+01,7.1302e+01,7.0870e+01,7.0645e+01,7.0221e+01,6.9791e+01,7.0088e+01,7.0722e+01,7.0981e+01,7.1290e+01,7.1666e+01,7.1815e+01,7.1466e+01,7.0936e+01,7.0456e+01,6.9745e+01,6.9825e+01,6.9578e+01,6.9405e+01,6.9063e+01,6.9247e+01,6.9330e+01,6.9669e+01,6.9915e+01,6.9915e+01,6.9565e+01,6.9646e+01,6.9577e+01,6.9356e+01,6.9685e+01,6.9909e+01,6.9676e+01,7.0264e+01,6.9896e+01,6.9227e+01,6.9292e+01,6.9109e+01,6.9699e+01,7.0626e+01,7.1042e+01,7.1794e+01,7.1832e+01,7.1498e+01,7.1379e+01,7.0802e+01,7.1126e+01,7.1713e+01,7.1940e+01,7.2472e+01,7.3561e+01,7.4245e+01,7.4897e+01,7.6125e+01,7.7232e+01,7.7634e+01,7.8080e+01,7.8508e+01,7.8405e+01,7.9128e+01,7.9700e+01,8.0075e+01,8.0206e+01,8.0249e+01,8.0470e+01,8.0552e+01,8.0625e+01,8.0980e+01,8.1257e+01,8.1462e+01,8.1988e+01,8.2458e+01,8.2436e+01,8.2561e+01,8.2807e+01,8.2876e+01,8.2805e+01,8.2839e+01,8.2972e+01,8.2959e+01,8.3048e+01,8.3202e+01,8.3421e+01,8.3557e+01,8.4048e+01,8.4164e+01
7.4730e+01,7.4189e+01,7.3108e+01,7.2432e+01,7.1386e+01,7.0796e+01,7.0622e+01,7.0239e+01,7.0034e+01,6.9672e+01,6.9687e+01,6.9984e+01,7.0392e+01,7.1158e+01,7.1720e+01,7.2751e+01,7.3606e+01,7.4791e+01,7.5244e+01,7.5060e+01,7.3879e+01,7.3469e+01,7.2523e+01,7.2271e+01,7.1477e+01,7.1354e+01,7.1565e+01,7.1378e+01,7.1106e+01,7.0816e+01,7.0526e+01,7.0379e+01,7.0856e+01,7.0610e+01,6.9902e+01,6.9376e+01,6.9804e+01,6.9588e+01,7.0389e+01,7.0136e+01,6.9338e+01,6.9622e+01,7.0233e+01,7.0597e+01,7.0381e+01,7.0544e+01,7.0917e+01,7.1031e+01,7.1729e+01,7.2528e+01,7.3245e+01,7.3566e+01,7.3645e+01,7.4383e+01,7.3996e+01,7.4960e+01,7.6282e+01,7.6762e+01,7.5978e+01,7.6064e+01,7.6651e+01,7.6528e+01,7.6365e+01,7.6060e+01,7.4952e+01,7.5616e+01,7.6804e+01,7.6837e+01,7.7760e+01,7.7106e+01,7.6666e+01,7.5799e+01,7.4435e+01,7.4061e+01,7.2800e+01,7.2233e+01,7.1232e+01,7.0931e+01,7.0260e+01,6.9735e+01,6.9905e+01,6.9814e+01,7.0199e+01,7.0111e+01,7.0633e+01,7.0918e+01,7.1584e+01,7.1418e+01,7.0828e+01,7.0390e+01,7.0161e+01,6.9728e+01,6.9283e+01,6.9593e+01,7.0247e+01,7.0519e+01,7.0835e+01,7.1224e+01,7.1375e+01,7.1020e+01,7.0479e+01,6.9988e+01,6.9249e+01,6.9327e+01,6.9059e+01,6.8870e+01,6.8508e+01,6.8704e+01,6.8797e+01,6.9160e+01,6.9416e+01,6.9413e+01,6.9041e+01,6.9118e+01,6.9033e+01,6.8796e+01,6.9120e+01,6.9328e+01,6.9077e+01,6.9651e+01,6.9263e+01,6.8590e+01,6.8646e+01,6.8444e+01,6.9021e+01,6.9965e+01,7.0378e+01,7.1130e+01,7.1173e+01,7.0854e+01,7.0731e+01,7.0150e+01,7.0484e+01,7.1081e+01,7.1319e+01,7.1855e+01,7.2945e+01,7.3634e+01,7.4296e+01,7.5528e+01,7.6644e+01,7.7048e+01,7.7504e+01,7.7941e+01,7.7836e+01,7.8561e+01,7.9134e+01,7.9510e+01,7.9641e+01,7.9679e+01,7.9903e+01,7.9980e+01,8.0055e+01,8.0408e+01,8.0682e+01,8.0891e+01,8.1423e+01,8.1889e+01,8.1876e+01,8.2008e+01,8.2255e+01,8.2329e+01,8.2255e+01,8.2291e+01,8.2426e+01,8.2405e+01,8.2486e+01,8.2638e+01,8.2862e+01,8.3002e+01,8.3496e+01,8.3616e+01
7.4150e+01,7.3599e+01,7.2499e+01,7.1835e+01,7.0786e+01,7.0201e+01,6.9978e+01,6.9621e+01,6.9426e+01,6.9114e+01,6.9139e+01,6.9390e+01,6.9812e+01,7.0556e+01,7.1135e+01,7.2165e+01,7.3046e+01,7.4247e+01,7.4727e+01,7.4570e+01,7.3381e+01,7.2997e+01,7.2047e+01,7.1830e+01,7.1021e+01,7.0948e+01,7.1129e+01,7.0894e+01,7.0629e+01,7.0372e+01,7.0071e+01,6.9886e+01,7.0383e+01,7.0143e+01,6.9408e+01,6.8852e+01,6.9284e+01,6.9074e+01,6.9881e+01,6.9650e+01,6.8876e+01,6.9182e+01,6.9801e+01,7.0187e+01,6.9990e+01,7.0178e+01,7.0550e+01,7.0687e+01,7.1387e+01,7.2187e+01,7.2891e+01,7.3198e+01,7.3276e+01,7.3986e+01,7.3599e+01,7.4574e+01,7.5890e+01,7.6388e+01,7.5623e+01,7.5723e+01,7.6320e+01,7.6212e+01,7.6060e+01,7.5764e+01,7.4660e+01,7.5330e+01,7.6512e+01,7.6534e+01,7.7448e+01,7.6790e+01,7.6352e+01,7.5473e+01,7.4106e+01,7.3716e+01,7.2456e+01,7.1887e+01,7.0879e+01,7.0594e+01,6.9926e+01,6.9405e+01,6.9595e+01,6.9518e+01,6.9918e+01,6.9840e+01,7.0373e+01,7.0672e+01,7.1347e+01,7.1186e+01,7.0588e+01,7.0147e+01,6.9914e+01,6.9473e+01,6.9012e+01,6.9336e+01,7.0010e+01,7.0294e+01,7.0619e+01,7.1018e+01,7.1169e+01,7.0805e+01,7.0254e+01,6.9754e+01,6.8990e+01,6.9066e+01,6.8780e+01,6.8569e+01,6.8184e+01,6.8385e+01,6.8485e+01,6.8875e+01,6.9139e+01,6.9128e+01,6.8734e+01,6.8799e+01,6.8690e+01,6.8441e+01,6.8750e+01,6.8932e+01,6.8665e+01,6.9215e+01,6.8811e+01,6.8149e+01,6.8198e+01,6.7982e+01,6.8535e+01,6.9484e+01,6.9875e+01,7.0606e+01,7.0650e+01,7.0350e+01,7.0224e+01,6.9644e+01,6.9982e+01,7.0580e+01,7.0820e+01,7.1363e+01,7.2454e+01,7.3141e+01,7.3808e+01,7.5040e+01,7.6163e+01,7.6581e+01,7.7053e+01,7.7504e+01,7.7412e+01,7.8148e+01,7.8723e+01,7.9113e+01,7.9243e+01,7.9276e+01,7.9509e+01,7.9583e+01,7.9653e+01,8.0008e+01,8.0281e+01,8.0494e+01,8.1034e+01,8.1492e+01,8.1484e+01,8.1623e+01,8.1875e+01,8.1963e+01,8.1887e+01,8.1926e+01,8.2064e+01,8.2037e+01,8.2112e+01,8.2264e+01,8.2490e+01,8.2631e+01,8.3129e+01,8.3253e+01
7.3699e+01,7.3140e+01,7.2023e+01,7.1370e+01,7.0320e+01,6.9744e+01,6.9487e+01,6.9152e+01,6.8977e+01,6.8699e+01,6.8720e+01,6.8931e+01,6.9358e+01,7.0083e+01,7.0676e+01,7.1708e+01,7.2617e+01,7.3827e+01,7.4327e+01,7.4194e+01,7.2997e+01,7.2640e+01,7.1690e+01,7.1510e+01,7.0700e+01,7.0666e+01,7.0819e+01,7.0536e+01,7.0266e+01,7.0036e+01,6.9718e+01,6.9503e+01,7.0023e+01,6.9782e+01,6.9018e+01,6.8433e+01,6.8868e+01,6.8657e+01,6.9471e+01,6.9253e+01,6.8494e+01,6.8814e+01,6.9433e+01,6.9829e+01,6.9637e+01,6.9838e+01,7.0216e+01,7.0364e+01,7.1065e+01,7.1856e+01,7.2559e+01,7.2858e+01,7.2925e+01,7.3623e+01,7.3231e+01,7.4201e+01,7.5505e+01,7.6002e+01,7.5246e+01,7.5352e+01,7.5949e+01,7.5852e+01,7.5710e+01,7.5427e+01,7.4333e+01,7.5010e+01,7.6182e+01,7.6195e+01,7.7103e+01,7.6448e+01,7.6022e+01,7.5138e+01,7.3772e+01,7.3374e+01,7.2116e+01,7.1552e+01,7.0543e+01,7.0268e+01,6.9604e+01,6.9093e+01,6.9299e+01,6.9237e+01,6.9651e+01,6.9583e+01,7.0118e+01,7.0428e+01,7.1106e+01,7.0953e+01,7.0350e+01,6.9916e+01,6.9683e+01,6.9245e+01,6.8777e+01,6.9121e+01,6.9808e+01,7.0109e+01,7.0436e+01,7.0849e+01,7.0996e+01,7.0626e+01,7.0073e+01,6.9571e+01,6.8782e+01,6.8863e+01,6.8568e+01,6.8333e+01,6.7922e+01,6.8125e+01,6.8222e+01,6.8637e+01,6.8902e+01,6.8877e+01,6.8461e+01,6.8512e+01,6.8384e+01,6.8128e+01,6.8422e+01,6.8588e+01,6.8314e+01,6.8848e+01,6.8436e+01,6.7784e+01,6.7833e+01,6.7609e+01,6.8147e+01,6.9103e+01,6.9475e+01,7.0197e+01,7.0237e+01,6.9949e+01,6.9816e+01,6.9230e+01,6.9567e+01,7.0163e+01,7.0400e+01,7.0949e+01,7.2049e+01,7.2742e+01,7.3416e+01,7.4653e+01,7.5783e+01,7.6209e+01,7.6692e+01,7.7153e+01,7.7070e+01,7.7813e+01,7.8396e+01,7.8793e+01,7.8929e+01,7.8962e+01,7.9204e+01,7.9277e+01,7.9348e+01,7.9705e+01,7.9980e+01,8.0202e+01,8.0747e+01,8.1199e+01,8.1198e+01,8.1346e+01,8.1599e+01,8.1695e+01,8.1616e+01,8.1656e+01,8.1790e+01,8.1758e+01,8.1830e+01,8.1980e+01,8.2209e+01,8.2352e+01,8.2850e+01,8.2977e+01
7.3301e+01,7.2743e+01,7.1598e+01,7.0968e+01,6.9902e+01,6.9334e+01,6.9017e+01,6.8653e+01,6.8436e+01,6.8184e+01,6.8237e+01,6.8427e+01,6.8891e+01,6.9625e+01,7.0259e+01,7.1313e+01,7.2259e+01,7.3477e+01,7.3996e+01,7.3887e+01,7.2675e+01,7.2349e+01,7.1395e+01,7.1257e+01,7.0444e+01,7.0432e+01,7.0531e+01,7.0176e+01,6.9887e+01,6.9662e+01,6.9320e+01,6.9056e+01,6.9569e+01,6.9331e+01,6.8557e+01,6.7963e+01,6.8423e+01,6.8216e+01,6.9049e+01,6.8837e+01,6.8095e+01,6.8432e+01,6.9049e+01,6.9454e+01,6.9260e+01,6.9483e+01,6.9878e+01,7.0049e+01,7.0766e+01,7.1546e+01,7.2253e+01,7.2525e+01,7.2564e+01,7.3236e+01,7.2828e+01,7.3791e+01,7.5087e+01,7.5590e+01,7.4856e+01,7.4968e+01,7.5578e+01,7.5492e+01,7.5368e+01,7.5084e+01,7.3992e+01,7.4663e+01,7.5826e+01,7.5825e+01,7.6719e+01,7.6058e+01,7.5630e+01,7.4741e+01,7.3382e+01,7.2978e+01,7.1734e+01,7.1167e+01,7.0167e+01,6.9905e+01,6.9255e+01,6.8749e+01,6.8968e+01,6.8918e+01,6.9336e+01,6.9285e+01,6.9831e+01,7.0159e+01,7.0847e+01,7.0707e+01,7.0109e+01,6.9674e+01,6.9451e+01,6.9008e+01,6.8536e+01,6.8896e+01,6.9597e+01,6.9901e+01,7.0220e+01,7.0633e+01,7.0765e+01,7.0378e+01,6.9821e+01,6.9324e+01,6.8511e+01,6.8586e+01,6.8283e+01,6.8016e+01,6.7588e+01,6.7778e+01,6.7877e+01,6.8313e+01,6.8574e+01,6.8533e+01,6.8104e+01,6.8140e+01,6.7993e+01,6.7743e+01,6.8030e+01,6.8180e+01,6.7910e+01,6.8435e+01,6.8022e+01,6.7379e+01,6.7438e+01,6.7200e+01,6.7738e+01,6.8720e+01,6.9080e+01,6.9807e+01,6.9845e+01,6.9561e+01,6.9418e+01,6.8821e+01,6.9157e+01,6.9755e+01,6.9979e+01,7.0527e+01,7.1632e+01,7.2335e+01,7.3011e+01,7.4249e+01,7.5382e+01,7.5812e+01,7.6296e+01,7.6766e+01,7.6698e+01,7.7448e+01,7.8043e+01,7.8457e+01,7.8605e+01,7.8639e+01,7.8894e+01,7.8976e+01,7.9050e+01,7.9411e+01,7.9692e+01,7.9914e+01,8.0464e+01,8.0906e+01,8.0901e+01,8.1049e+01,8.1307e+01,8.1411e+01,8.1329e+01,8.1369e+01,8.1503e+01,8.1464e+01,8.1533e+01,8.1683e+01,8.1914e+01,8.2059e+01,8.2562e+01,8.2692e+01
7.2842e+01,7.2288e+01,7.1103e+01,7.0491e+01,6.9397e+01,6.8846e+01,6.8481e+01,6.8088e+01,6.7873e+01,6.7660e+01,6.7712e+01,6.7861e+01,6.8345e+01,6.9080e+01,6.9752e+01,7.0834e+01,7.1828e+01,7.3047e+01,7.3576e+01,7.3492e+01,7.2261e+01,7.1974e+01,7.1020e+01,7.0938e+01,7.0138e+01,7.0165e+01,7.0209e+01,6.9773e+01,6.9456e+01,6.9253e+01,6.8880e+01,6.8569e+01,6.9101e+01,6.8862e+01,6.8060e+01,6.7440e+01,6.7911e+01,6.7704e+01,6.8550e+01,6.8344e+01,6.7616e+01,6.7965e+01,6.8579e+01,6.8988e+01,6.8793e+01,6.9028e+01,6.9431e+01,6.9613e+01,7.0336e+01,7.1108e+01,7.1819e+01,7.2081e+01,7.2104e+01,7.2764e+01,7.2344e+01,7.3297e+01,7.4586e+01,7.5082e+01,7.4358e+01,7.4466e+01,7.5075e+01,7.4994e+01,7.4878e+01,7.4598e+01,7.3516e+01,7.4187e+01,7.5338e+01,7.5331e+01,7.6218e+01,7.5563e+01,7.5146e+01,7.4259e+01,7.2906e+01,7.2498e+01,7.1261e+01,7.0700e+01,6.9705e+01,6.9450e+01,6.8805e+01,6.8309e+01,6.8538e+01,6.8502e+01,6.8933e+01,6.8894e+01,6.9441e+01,6.9783e+01,7.0473e+01,7.0348e+01,6.9751e+01,6.9325e+01,6.9111e+01,6.8673e+01,6.8196e+01,6.8585e+01,6.9301e+01,6.9622e+01,6.9935e+01,7.0362e+01,7.0481e+01,7.0086e+01,6.9531e+01,6.9039e+01,6.8198e+01,6.8285e+01,6.7981e+01,6.7680e+01,6.7218e+01,6.7404e+01,6.7494e+01,6.7954e+01,6.8208e+01,6.8149e+01,6.7699e+01,6.7720e+01,6.7557e+01,6.7305e+01,6.7580e+01,6.7716e+01,6.7445e+01,6.7959e+01,6.7542e+01,6.6909e+01,6.6976e+01,6.6726e+01,6.7256e+01,6.8262e+01,6.8608e+01,6.9343e+01,6.9380e+01,6.9102e+01,6.8945e+01,6.8338e+01,6.8675e+01,6.9277e+01,6.9490e+01,7.0029e+01,7.1142e+01,7.1858e+01,7.2534e+01,7.3779e+01,7.4920e+01,7.5349e+01,7.5834e+01,7.6313e+01,7.6250e+01,7.7004e+01,7.7611e+01,7.8033e+01,7.8192e+01,7.8227e+01,7.8489e+01,7.8579e+01,7.8665e+01,7.9031e+01,7.9315e+01,7.9535e+01,8.0091e+01,8.0529e+01,8.0524e+01,8.0672e+01,8.0931e+01,8.1038e+01,8.0950e+01,8.0989e+01,8.1122e+01,8.1079e+01,8.1147e+01,8.1297e+01,8.1532e+01,8.1684e+01,8.2195e+01,8.2329e+01
7.2369e+01,7.1818e+01,7.0613e+01,7.0022e+01,6.8925e+01,6.8411e+01,6.8042e+01,6.7658e+01,6.7516e+01,6.7314e+01,6.7318e+01,6.7409e+01,6.7873e+01,6.8584e+01,6.9268e+01,7.0355e+01,7.1374e+01,7.2590e+01,7.3134e+01,7.3076e+01,7.1847e+01,7.1599e+01,7.0666e+01,7.0646e+01,6.9878e+01,6.9962e+01,6.9984e+01,6.9486e+01,6.9125e+01,6.8956e+01,6.8536e+01,6.8186e+01,6.8756e+01,6.8504e+01,6.7660e+01,6.7004e+01,6.7458e+01,6.7246e+01,6.8086e+01,6.7897e+01,6.7180e+01,6.7538e+01,6.8149e+01,6.8567e+01,6.8382e+01,6.8627e+01,6.9028e+01,6.9223e+01,6.9945e+01,7.0708e+01,7.1416e+01,7.1665e+01,7.1676e+01,7.2323e+01,7.1898e+01,7.2848e+01,7.4129e+01,7.4626e+01,7.3915e+01,7.4027e+01,7.4640e+01,7.4567e+01,7.4460e+01,7.4187e+01,7.3114e+01,7.3788e+01,7.4929e+01,7.4915e+01,7.5798e+01,7.5149e+01,7.4742e+01,7.3857e+01,7.2508e+01,7.2094e+01,7.0863e+01,7.0313e+01,6.9320e+01,6.9072e+01,6.8429e+01,6.7945e+01,6.8184e+01,6.8161e+01,6.8605e+01,6.8574e+01,6.9117e+01,6.9469e+01,7.0157e+01,7.0044e+01,6.9445e+01,6.9031e+01,6.8821e+01,6.8391e+01,6.7907e+01,6.8322e+01,6.9053e+01,6.9396e+01,6.9711e+01,7.0158e+01,7.0271e+01,6.9877e+01,6.9327e+01,6.8837e+01,6.7971e+01,6.8079e+01,6.7778e+01,6.7451e+01,6.6949e+01,6.7142e+01,6.7219e+01,6.7702e+01,6.7957e+01,6.7888e+01,6.7416e+01,6.7428e+01,6.7248e+01,6.6979e+01,6.7231e+01,6.7350e+01,6.7064e+01,6.7557e+01,6.7131e+01,6.6515e+01,6.6575e+01,6.6325e+01,6.6828e+01,6.7827e+01,6.8150e+01,6.8876e+01,6.8912e+01,6.8642e+01,6.8482e+01,6.7877e+01,6.8214e+01,6.8812e+01,6.9017e+01,6.9555e+01,7.0678e+01,7.1402e+01,7.2081e+01,7.3335e+01,7.4480e+01,7.4919e+01,7.5410e+01,7.5897e+01,7.5851e+01,7.6617e+01,7.7236e+01,7.7675e+01,7.7844e+01,7.7884e+01,7.8159e+01,7.8255e+01,7.8341e+01,7.8711e+01,7.9005e+01,7.9231e+01,7.9793e+01,8.0219e+01,8.0216e+01,8.0372e+01,8.0632e+01,8.0751e+01,8.0657e+01,8.0696e+01,8.0828e+01,8.0786e+01,8.0852e+01,8.1004e+01,8.1239e+01,8.1393e+01,8.1908e+01,8.2046e+01
7.1916e+01,7.1404e+01,7.0153e+01,6.9602e+01,6.8465e+01,6.8032e+01,6.7686e+01,6.7187e+01,6.7086e+01,6.6817e+01,6.6774e+01,6.6783e+01,6.7268e+01,6.7989e+01,6.8744e+01,6.9882e+01,7.0973e+01,7.2167e+01,7.2707e+01,7.2681e+01,7.1434e+01,7.1252e+01,7.0336e+01,7.0404e+01,6.9702e+01,6.9828e+01,6.9783e+01,6.9173e+01,6.8704e+01,6.8543e+01,6.8043e+01,6.7626e+01,6.8207e+01,6.7931e+01,6.7054e+01,6.6381e+01,6.6850e+01,6.6631e+01,6.7489e+01,6.7299e+01,6.6598e+01,6.6966e+01,6.7572e+01,6.7991e+01,6.7809e+01,6.8066e+01,6.8473e+01,6.8679e+01,6.9405e+01,7.0160e+01,7.0872e+01,7.1114e+01,7.1116e+01,7.1759e+01,7.1325e+01,7.2277e+01,7.3565e+01,7.4062e+01,7.3351e+01,7.3460e+01,7.4071e+01,7.3997e+01,7.3892e+01,7.3622e+01,7.2555e+01,7.3232e+01,7.4366e+01,7.4351e+01,7.5233e+01,7.4590e+01,7.4191e+01,7.3304e+01,7.1953e+01,7.1531e+01,7.0299e+01,6.9753e+01,6.8759e+01,6.8522e+01,6.7885e+01,6.7414e+01,6.7669e+01,6.7664e+01,6.8125e+01,6.8109e+01,6.8652e+01,6.9022e+01,6.9711e+01,6.9618e+01,6.9024e+01,6.8622e+01,6.8428e+01,6.8007e+01,6.7528e+01,6.7982e+01,6.8721e+01,6.9081e+01,6.9381e+01,6.9846e+01,6.9939e+01,6.9539e+01,6.8999e+01,6.8523e+01,6.7624e+01,6.7753e+01,6.7465e+01,6.7087e+01,6.6535e+01,6.6715e+01,6.6772e+01,6.7286e+01,6.7527e+01,6.7434e+01,6.6934e+01,6.6927e+01,6.6727e+01,6.6449e+01,6.6679e+01,6.6780e+01,6.6491e+01,6.6969e+01,6.6542e+01,6.5943e+01,6.6022e+01,6.5769e+01,6.6266e+01,6.7298e+01,6.7600e+01,6.8352e+01,6.8379e+01,6.8104e+01,6.7919e+01,6.7297e+01,6.7645e+01,6.8246e+01,6.8448e+01,6.8972e+01,7.0093e+01,7.0826e+01,7.1505e+01,7.2766e+01,7.3917e+01,7.4355e+01,7.4851e+01,7.5350e+01,7.5306e+01,7.6074e+01,7.6706e+01,7.7151e+01,7.7326e+01,7.7360e+01,7.7641e+01,7.7739e+01,7.7834e+01,7.8210e+01,7.8510e+01,7.8736e+01,7.9309e+01,7.9731e+01,7.9729e+01,7.9887e+01,8.0149e+01,8.0270e+01,8.0166e+01,8.0196e+01,8.0326e+01,8.0282e+01,8.0343e+01,8.0491e+01,8.0730e+01,8.0895e+01,8.1416e+01,8.1556e+01
7.1623e+01,7.1169e+01,6.9887e+01,6.9376e+01,6.8198e+01,6.7843e+01,6.7577e+01,6.6888e+01,6.6768e+01,6.6302e+01,6.6230e+01,6.6212e+01,6.6741e+01,6.7514e+01,6.8350e+01,6.9555e+01,7.0710e+01,7.1868e+01,7.2372e+01,7.2353e+01,7.1086e+01,7.0946e+01,7.0034e+01,7.0154e+01,6.9518e+01,6.9635e+01,6.9524e+01,6.8835e+01,6.8254e+01,6.8053e+01,6.7487e+01,6.7031e+01,6.7592e+01,6.7298e+01,6.6421e+01,6.5769e+01,6.6263e+01,6.6037e+01,6.6916e+01,6.6702e+01,6.6001e+01,6.6370e+01,6.6975e+01,6.7388e+01,6.7190e+01,6.7449e+01,6.7868e+01,6.8076e+01,6.8814e+01,6.9573e+01,7.0305e+01,7.0552e+01,7.0545e+01,7.1200e+01,7.0751e+01,7.1704e+01,7.3013e+01,7.3505e+01,7.2783e+01,7.2877e+01,7.3486e+01,7.3398e+01,7.3286e+01,7.3005e+01,7.1931e+01,7.2604e+01,7.3744e+01,7.3735e+01,7.4625e+01,7.3980e+01,7.3575e+01,7.2688e+01,7.1330e+01,7.0913e+01,6.9674e+01,6.9121e+01,6.8125e+01,6.7887e+01,6.7254e+01,6.6789e+01,6.7049e+01,6.7056e+01,6.7522e+01,6.7521e+01,6.8066e+01,6.8450e+01,6.9143e+01,6.9068e+01,6.8485e+01,6.8091e+01,6.7918e+01,6.7503e+01,6.7036e+01,6.7521e+01,6.8260e+01,6.8626e+01,6.8906e+01,6.9378e+01,6.9449e+01,6.9040e+01,6.8511e+01,6.8054e+01,6.7131e+01,6.7277e+01,6.7007e+01,6.6583e+01,6.5994e+01,6.6156e+01,6.6193e+01,6.6727e+01,6.6949e+01,6.6835e+01,6.6319e+01,6.6298e+01,6.6090e+01,6.5812e+01,6.6036e+01,6.6136e+01,6.5854e+01,6.6341e+01,6.5923e+01,6.5325e+01,6.5431e+01,6.5183e+01,6.5712e+01,6.6791e+01,6.7094e+01,6.7902e+01,6.7917e+01,6.7619e+01,6.7410e+01,6.6768e+01,6.7139e+01,6.7761e+01,6.7966e+01,6.8473e+01,6.9589e+01,7.0344e+01,7.1026e+01,7.2294e+01,7.3463e+01,7.3899e+01,7.4401e+01,7.4921e+01,7.4879e+01,7.5650e+01,7.6308e+01,7.6751e+01,7.6927e+01,7.6948e+01,7.7217e+01,7.7316e+01,7.7432e+01,7.7813e+01,7.8119e+01,7.8334e+01,7.8915e+01,7.9343e+01,7.9341e+01,7.9488e+01,7.9746e+01,7.9857e+01,7.9741e+01,7.9762e+01,7.9891e+01,7.9846e+01,7.9902e+01,8.0043e+01,8.0286e+01,8.0456e+01,8.0981e+01,8.1122e+01
7.1408e+01,7.1048e+01,6.9729e+01,6.9319e+01,6.8134e+01,6.7923e+01,6.7787e+01,6.6836e+01,6.6708e+01,6.5908e+01,6.5723e+01,6.5591e+01,6.6217e+01,6.7063e+01,6.8051e+01,6.9331e+01,7.0575e+01,7.1671e+01,7.2138e+01,7.2144e+01,7.0865e+01,7.0802e+01,6.9920e+01,7.0124e+01,6.9587e+01,6.9698e+01,6.9503e+01,6.8710e+01,6.7938e+01,6.7675e+01,6.6972e+01,6.6407e+01,6.6931e+01,6.6580e+01,6.5673e+01,6.5033e+01,6.5594e+01,6.5359e+01,6.6284e+01,6.6035e+01,6.5356e+01,6.5731e+01,6.6316e+01,6.6719e+01,6.6504e+01,6.6784e+01,6.7232e+01,6.7463e+01,6.8225e+01,6.8969e+01,6.9720e+01,6.9948e+01,6.9905e+01,7.0549e+01,7.0070e+01,7.1012e+01,7.2330e+01,7.2818e+01,7.2106e+01,7.2189e+01,7.2805e+01,7.2715e+01,7.2614e+01,7.2327e+01,7.1254e+01,7.1919e+01,7.3048e+01,7.3024e+01,7.3901e+01,7.3250e+01,7.2844e+01,7.1952e+01,7.0601e+01,7.0180e+01,6.8953e+01,6.8396e+01,6.7413e+01,6.7198e+01,6.6593e+01,6.6155e+01,6.6442e+01,6.6488e+01,6.6972e+01,6.7015e+01,6.7566e+01,6.7993e+01,6.8698e+01,6.8665e+01,6.8102e+01,6.7720e+01,6.7586e+01,6.7181e+01,6.6730e+01,6.7273e+01,6.8018e+01,6.8398e+01,6.8644e+01,6.9128e+01,6.9157e+01,6.8726e+01,6.8211e+01,6.7787e+01,6.6816e+01,6.6984e+01,6.6740e+01,6.6226e+01,6.5564e+01,6.5679e+01,6.5675e+01,6.6259e+01,6.6453e+01,6.6290e+01,6.5732e+01,6.5666e+01,6.5421e+01,6.5147e+01,6.5340e+01,6.5411e+01,6.5147e+01,6.5621e+01,6.5226e+01,6.4662e+01,6.4831e+01,6.4604e+01,6.5185e+01,6.6342e+01,6.6610e+01,6.7495e+01,6.7460e+01,6.7118e+01,6.6868e+01,6.6195e+01,6.6578e+01,6.7210e+01,6.7422e+01,6.7910e+01,6.9027e+01,6.9793e+01,7.0469e+01,7.1751e+01,7.2932e+01,7.3378e+01,7.3886e+01,7.4421e+01,7.4383e+01,7.5156e+01,7.5830e+01,7.6282e+01,7.6464e+01,7.6477e+01,7.6744e+01,7.6850e+01,7.6978e+01,7.7365e+01,7.7683e+01,7.7893e+01,7.8484e+01,7.8901e+01,7.8896e+01,7.9039e+01,7.9296e+01,7.9410e+01,7.9288e+01,7.9307e+01,7.9431e+01,7.9383e+01,7.9434e+01,7.9579e+01,7.9827e+01,8.0004e+01,8.0536e+01,8.0679e+01
7.0929e+01,7.0642e+01,6.9302e+01,6.9048e+01,6.7975e+01,6.8007e+01,6.8067e+01,6.7216e+01,6.7290e+01,6.6392e+01,6.5963e+01,6.5542e+01,6.5979e+01,6.6637e+01,6.7705e+01,6.8953e+01,7.0265e+01,7.1314e+01,7.1825e+01,7.1921e+01,7.0677e+01,7.0737e+01,6.9958e+01,7.0294e+01,6.9863e+01,7.0063e+01,6.9899e+01,6.9070e+01,6.8168e+01,6.7949e+01,6.7090e+01,6.6426e+01,6.6998e+01,6.6505e+01,6.5432e+01,6.4690e+01,6.5213e+01,6.4891e+01,6.5802e+01,6.5584e+01,6.4987e+01,6.5371e+01,6.5919e+01,6.6331e+01,6.6170e+01,6.6485e+01,6.6916e+01,6.7186e+01,6.7933e+01,6.8633e+01,6.9354e+01,6.9539e+01,6.9480e+01,7.0083e+01,6.9608e+01,7.0549e+01,7.1845e+01,7.2351e+01,7.1667e+01,7.1776e+01,7.2404e+01,7.2344e+01,7.2270e+01,7.2012e+01,7.0967e+01,7.1650e+01,7.2749e+01,7.2701e+01,7.3562e+01,7.2924e+01,7.2554e+01,7.1653e+01,7.0311e+01,6.9852e+01,6.8640e+01,6.8123e+01,6.7152e+01,6.6984e+01,6.6402e+01,6.6027e+01,6.6363e+01,6.6471e+01,6.7006e+01,6.7084e+01,6.7617e+01,6.8076e+01,6.8766e+01,6.8766e+01,6.8200e+01,6.7860e+01,6.7732e+01,6.7361e+01,6.6905e+01,6.7513e+01,6.8276e+01,6.8709e+01,6.8958e+01,6.9488e+01,6.9505e+01,6.9083e+01,6.8587e+01,6.8176e+01,6.7166e+01,6.7380e+01,6.7161e+01,6.6591e+01,6.5837e+01,6.5940e+01,6.5880e+01,6.6522e+01,6.6693e+01,6.6480e+01,6.5856e+01,6.5728e+01,6.5425e+01,6.5126e+01,6.5229e+01,6.5229e+01,6.4946e+01,6.5323e+01,6.4931e+01,6.4474e+01,6.4673e+01,6.4509e+01,6.5025e+01,6.6135e+01,6.6262e+01,6.7096e+01,6.6976e+01,6.6627e+01,6.6323e+01,6.5594e+01,6.5941e+01,6.6568e+01,6.6751e+01,6.7259e+01,6.8395e+01,6.9177e+01,6.9879e+01,7.1172e+01,7.2376e+01,7.2857e+01,7.3378e+01,7.3920e+01,7.3915e+01,7.4704e+01,7.5391e+01,7.5879e+01,7.6083e+01,7.6107e+01,7.6400e+01,7.6520e+01,7.6635e+01,7.7030e+01,7.7371e+01,7.7596e+01,7.8195e+01,7.8590e+01,7.8580e+01,7.8740e+01,7.9005e+01,7.9135e+01,7.9014e+01,7.9038e+01,7.9158e+01,7.9106e+01,7.9152e+01,7.9303e+01,7.9554e+01,7.9737e+01,8.0278e+01,8.0426e+01
7.0375e+01,7.0163e+01,6.8812e+01,6.8616e+01,6.7576e+01,6.7804e+01,6.8132e+01,6.7283e+01,6.7620e+01,6.6626e+01,6.5870e+01,6.5263e+01,6.5359e+01,6.5903e+01,6.7029e+01,6.8328e+01,6.9685e+01,7.0676e+01,7.1139e+01,7.1248e+01,7.0021e+01,7.0161e+01,6.9468e+01,6.9919e+01,6.9627e+01,6.9896e+01,6.9772e+01,6.8936e+01,6.7897e+01,6.7758e+01,6.6789e+01,6.6139e+01,6.6886e+01,6.6336e+01,6.5133e+01,6.4259e+01,6.4613e+01,6.4296e+01,6.5156e+01,6.4990e+01,6.4370e+01,6.4754e+01,6.5318e+01,6.5750e+01,6.5629e+01,6.5926e+01,6.6314e+01,6.6577e+01,6.7293e+01,6.7989e+01,6.8686e+01,6.8881e+01,6.8852e+01,6.9472e+01,6.9032e+01,6.9993e+01,7.1284e+01,7.1788e+01,7.1081e+01,7.1204e+01,7.1819e+01,7.1765e+01,7.1681e+01,7.1449e+01,7.0422e+01,7.1134e+01,7.2229e+01,7.2196e+01,7.3084e+01,7.2478e+01,7.2141e+01,7.1255e+01,6.9898e+01,6.9425e+01,6.8190e+01,6.7717e+01,6.6717e+01,6.6533e+01,6.5914e+01,6.5551e+01,6.5894e+01,6.6013e+01,6.6589e+01,6.6650e+01,6.7150e+01,6.7604e+01,6.8267e+01,6.8271e+01,6.7688e+01,6.7386e+01,6.7246e+01,6.6911e+01,6.6444e+01,6.7097e+01,6.7874e+01,6.8367e+01,6.8637e+01,6.9227e+01,6.9262e+01,6.8882e+01,6.8413e+01,6.7991e+01,6.6960e+01,6.7251e+01,6.7059e+01,6.6483e+01,6.5646e+01,6.5807e+01,6.5707e+01,6.6375e+01,6.6567e+01,6.6367e+01,6.5700e+01,6.5585e+01,6.5272e+01,6.4890e+01,6.4930e+01,6.4920e+01,6.4558e+01,6.4882e+01,6.4440e+01,6.4010e+01,6.4142e+01,6.4017e+01,6.4428e+01,6.5461e+01,6.5534e+01,6.6354e+01,6.6244e+01,6.5903e+01,6.5639e+01,6.4970e+01,6.5345e+01,6.5968e+01,6.6192e+01,6.6729e+01,6.7896e+01,6.8651e+01,6.9365e+01,7.0694e+01,7.1902e+01,7.2410e+01,7.2954e+01,7.3491e+01,7.3495e+01,7.4300e+01,7.4984e+01,7.5480e+01,7.5673e+01,7.5690e+01,7.6004e+01,7.6106e+01,7.6207e+01,7.6609e+01,7.6953e+01,7.7196e+01,7.7800e+01,7.8185e+01,7.8188e+01,7.8369e+01,7.8639e+01,7.8783e+01,7.8669e+01,7.8705e+01,7.8831e+01,7.8783e+01,7.8831e+01,7.8981e+01,7.9235e+01,7.9428e+01,7.9970e+01,8.0121e+01
7.0507e+01,7.0497e+01,6.9204e+01,6.9235e+01,6.8327e+01,6.8677e+01,6.9032e+01,6.8113e+01,6.8345e+01,6.7189e+01,6.6391e+01,6.5769e+01,6.5792e+01,6.6213e+01,6.7455e+01,6.8700e+01,7.0113e+01,7.0960e+01,7.1429e+01,7.1636e+01,7.0478e+01,7.0749e+01,7.0149e+01,7.0676e+01,7.0466e+01,7.0718e+01,7.0547e+01,6.9679e+01,6.8499e+01,6.8250e+01,6.7116e+01,6.6355e+01,6.6982e+01,6.6229e+01,6.4900e+01,6.4038e+01,6.4444e+01,6.3944e+01,6.4830e+01,6.4611e+01,6.4126e+01,6.4505e+01,6.4991e+01,6.5403e+01,6.5301e+01,6.5649e+01,6.6061e+01,6.6378e+01,6.7110e+01,6.7745e+01,6.8438e+01,6.8570e+01,6.8479e+01,6.9042e+01,6.8567e+01,6.9499e+01,7.0770e+01,7.1287e+01,7.0630e+01,7.0763e+01,7.1405e+01,7.1378e+01,7.1336e+01,7.1110e+01,7.0100e+01,7.0804e+01,7.1863e+01,7.1790e+01,7.2637e+01,7.2025e+01,7.1706e+01,7.0805e+01,6.9474e+01,6.8971e+01,6.7779e+01,6.7328e+01,6.6371e+01,6.6257e+01,6.5705e+01,6.5421e+01,6.5818e+01,6.6012e+01,6.6616e+01,6.6745e+01,6.7242e+01,6.7752e+01,6.8418e+01,6.8483e+01,6.7929e+01,6.7658e+01,6.7566e+01,6.7257e+01,6.6816e+01,6.7539e+01,6.8314e+01,6.8825e+01,6.9055e+01,6.9656e+01,6.9640e+01,6.9236e+01,6.8794e+01,6.8420e+01,6.7351e+01,6.7667e+01,6.7517e+01,6.6852e+01,6.5942e+01,6.6027e+01,6.5856e+01,6.6576e+01,6.6707e+01,6.6424e+01,6.5702e+01,6.5498e+01,6.5122e+01,6.4765e+01,6.4724e+01,6.4638e+01,6.4316e+01,6.4557e+01,6.4181e+01,6.3902e+01,6.4173e+01,6.4173e+01,6.4667e+01,6.5721e+01,6.5632e+01,6.6490e+01,6.6196e+01,6.5779e+01,6.5368e+01,6.4604e+01,6.4930e+01,6.5538e+01,6.5716e+01,6.6198e+01,6.7348e+01,6.8143e+01,6.8849e+01,7.0173e+01,7.1396e+01,7.1908e+01,7.2457e+01,7.3027e+01,7.3056e+01,7.3875e+01,7.4592e+01,7.5112e+01,7.5333e+01,7.5355e+01,7.5665e+01,7.5788e+01,7.5898e+01,7.6299e+01,7.6658e+01,7.6889e+01,7.7500e+01,7.7873e+01,7.7857e+01,7.8034e+01,7.8306e+01,7.8457e+01,7.8335e+01,7.8364e+01,7.8488e+01,7.8440e+01,7.8488e+01,7.8648e+01,7.8908e+01,7.9105e+01,7.9655e+01,7.9807e+01
6.9973e+01,7.0086e+01,6.8905e+01,6.9153e+01,6.8485e+01,6.9037e+01,6.9568e+01,6.8800e+01,6.9165e+01,6.8075e+01,6.7193e+01,6.6526e+01,6.6261e+01,6.6289e+01,6.7383e+01,6.8431e+01,6.9827e+01,7.0586e+01,7.1139e+01,7.1470e+01,7.0420e+01,7.0819e+01,7.0372e+01,7.1002e+01,7.0885e+01,7.1232e+01,7.1151e+01,7.0322e+01,6.9131e+01,6.8963e+01,6.7786e+01,6.7072e+01,6.7784e+01,6.6954e+01,6.5515e+01,6.4594e+01,6.4735e+01,6.4041e+01,6.4750e+01,6.4614e+01,6.4216e+01,6.4568e+01,6.5010e+01,6.5438e+01,6.5444e+01,6.5795e+01,6.6131e+01,6.6464e+01,6.7131e+01,6.7716e+01,6.8335e+01,6.8436e+01,6.8373e+01,6.8896e+01,6.8478e+01,6.9422e+01,7.0645e+01,7.1186e+01,7.0548e+01,7.0732e+01,7.1371e+01,7.1388e+01,7.1364e+01,7.1193e+01,7.0230e+01,7.0976e+01,7.2000e+01,7.1916e+01,7.2763e+01,7.2192e+01,7.1935e+01,7.1041e+01,6.9719e+01,6.9172e+01,6.7987e+01,6.7613e+01,6.6652e+01,6.6564e+01,6.6002e+01,6.5772e+01,6.6196e+01,6.6424e+01,6.7082e+01,6.7202e+01,6.7654e+01,6.8158e+01,6.8783e+01,6.8854e+01,6.8279e+01,6.8061e+01,6.7946e+01,6.7685e+01,6.7229e+01,6.7989e+01,6.8777e+01,6.9352e+01,6.9615e+01,7.0275e+01,7.0283e+01,6.9922e+01,6.9499e+01,6.9110e+01,6.8036e+01,6.8408e+01,6.8272e+01,6.7622e+01,6.6662e+01,6.6788e+01,6.6580e+01,6.7318e+01,6.7455e+01,6.7168e+01,6.6407e+01,6.6188e+01,6.5791e+01,6.5380e+01,6.5252e+01,6.5130e+01,6.4753e+01,6.4884e+01,6.4501e+01,6.4334e+01,6.4565e+01,6.4668e+01,6.5036e+01,6.5891e+01,6.5616e+01,6.6290e+01,6.5877e+01,6.5488e+01,6.5029e+01,6.4243e+01,6.4505e+01,6.5089e+01,6.5233e+01,6.5766e+01,6.6943e+01,6.7734e+01,6.8484e+01,6.9816e+01,7.1054e+01,7.1614e+01,7.2189e+01,7.2765e+01,7.2834e+01,7.3674e+01,7.4390e+01,7.4947e+01,7.5189e+01,7.5228e+01,7.5573e+01,7.5703e+01,7.5785e+01,7.6189e+01,7.6568e+01,7.6827e+01,7.7440e+01,7.7788e+01,7.7769e+01,7.7975e+01,7.8255e+01,7.8433e+01,7.8318e+01,7.8358e+01,7.8480e+01,7.8431e+01,7.8483e+01,7.8647e+01,7.8908e+01,7.9108e+01,7.9658e+01,7.9813e+01
7.0145e+01,7.0496e+01,6.9440e+01,6.9747e+01,6.9115e+01,6.9713e+01,7.0331e+01,6.9475e+01,6.9852e+01,6.8616e+01,6.7593e+01,6.6971e+01,6.6555e+01,6.6605e+01,6.7681e+01,6.8715e+01,7.0087e+01,7.0643e+01,7.1084e+01,7.1443e+01,7.0477e+01,7.0980e+01,7.0639e+01,7.1338e+01,7.1354e+01,7.1679e+01,7.1586e+01,7.0763e+01,6.9419e+01,6.9177e+01,6.7854e+01,6.7150e+01,6.7852e+01,6.6856e+01,6.5309e+01,6.4417e+01,6.4383e+01,6.3462e+01,6.4101e+01,6.3952e+01,6.3633e+01,6.3964e+01,6.4361e+01,6.4786e+01,6.4828e+01,6.5192e+01,6.5514e+01,6.5871e+01,6.6531e+01,6.7082e+01,6.7695e+01,6.7774e+01,6.7693e+01,6.8207e+01,6.7786e+01,6.8731e+01,6.9956e+01,7.0493e+01,6.9854e+01,7.0041e+01,7.0680e+01,7.0705e+01,7.0691e+01,7.0534e+01,6.9590e+01,7.0346e+01,7.1351e+01,7.1263e+01,7.2111e+01,7.1559e+01,7.1329e+01,7.0442e+01,6.9123e+01,6.8560e+01,6.7377e+01,6.7042e+01,6.6085e+01,6.6018e+01,6.5469e+01,6.5292e+01,6.5745e+01,6.6023e+01,6.6719e+01,6.6871e+01,6.7297e+01,6.7832e+01,6.8442e+01,6.8558e+01,6.8000e+01,6.7825e+01,6.7742e+01,6.7523e+01,6.7088e+01,6.7922e+01,6.8708e+01,6.9325e+01,6.9566e+01,7.0266e+01,7.0246e+01,6.9897e+01,6.9513e+01,6.9157e+01,6.8054e+01,6.8493e+01,6.8413e+01,6.7707e+01,6.6657e+01,6.6764e+01,6.6475e+01,6.7249e+01,6.7354e+01,6.7028e+01,6.6216e+01,6.5959e+01,6.5537e+01,6.5086e+01,6.4870e+01,6.4714e+01,6.4313e+01,6.4365e+01,6.4010e+01,6.3969e+01,6.4266e+01,6.4531e+01,6.4949e+01,6.5753e+01,6.5334e+01,6.6091e+01,6.5491e+01,6.4993e+01,6.4435e+01,6.3635e+01,6.3928e+01,6.4513e+01,6.4704e+01,6.5190e+01,6.6369e+01,6.7162e+01,6.7904e+01,6.9266e+01,7.0517e+01,7.1080e+01,7.1672e+01,7.2256e+01,7.2333e+01,7.3186e+01,7.3920e+01,7.4475e+01,7.4715e+01,7.4744e+01,7.5084e+01,7.5213e+01,7.5299e+01,7.5706e+01,7.6093e+01,7.6349e+01,7.6966e+01,7.7307e+01,7.7289e+01,7.7498e+01,7.7780e+01,7.7962e+01,7.7847e+01,7.7889e+01,7.8014e+01,7.7969e+01,7.8019e+01,7.8188e+01,7.8453e+01,7.8659e+01,7.9214e+01,7.9371e+01
6.9505e+01,7.0046e+01,6.9223e+01,6.9675e+01,6.9273e+01,6.9990e+01,7.0770e+01,7.0053e+01,7.0557e+01,6.9398e+01,6.8313e+01,6.7700e+01,6.7092e+01,6.6915e+01,6.7660e+01,6.8404e+01,6.9658e+01,7.0064e+01,7.0573e+01,7.1053e+01,7.0241e+01,7.0858e+01,7.0689e+01,7.1465e+01,7.1577e+01,7.1988e+01,7.2010e+01,7.1263e+01,6.9938e+01,6.9782e+01,6.8469e+01,6.7866e+01,6.8677e+01,6.7688e+01,6.6118e+01,6.5212e+01,6.4910e+01,6.3855e+01,6.4161e+01,6.4122e+01,6.3815e+01,6.4087e+01,6.4459e+01,6.4902e+01,6.5061e+01,6.5388e+01,6.5600e+01,6.5945e+01,6.6515e+01,6.7034e+01,6.7557e+01,6.7631e+01,6.7620e+01,6.8120e+01,6.7796e+01,6.8771e+01,6.9951e+01,7.0508e+01,6.9858e+01,7.0098e+01,7.0719e+01,7.0780e+01,7.0760e+01,7.0666e+01,6.9767e+01,7.0575e+01,7.1560e+01,7.1482e+01,7.2357e+01,7.1857e+01,7.1685e+01,7.0818e+01,6.9494e+01,6.8903e+01,6.7706e+01,6.7450e+01,6.6471e+01,6.6390e+01,6.5796e+01,6.5643e+01,6.6098e+01,6.6380e+01,6.7123e+01,6.7238e+01,6.7613e+01,6.8119e+01,6.8678e+01,6.8779e+01,6.8189e+01,6.8066e+01,6.7941e+01,6.7770e+01,6.7314e+01,6.8168e+01,6.8965e+01,6.9649e+01,6.9937e+01,7.0699e+01,7.0723e+01,7.0431e+01,7.0065e+01,6.9680e+01,6.8587e+01,6.9083e+01,6.9015e+01,6.8353e+01,6.7274e+01,6.7450e+01,6.7140e+01,6.7910e+01,6.8042e+01,6.7748e+01,6.6917e+01,6.6687e+01,6.6273e+01,6.5754e+01,6.5481e+01,6.5335e+01,6.4863e+01,6.4855e+01,6.4481e+01,6.4484e+01,6.4685e+01,6.5035e+01,6.5320e+01,6.5871e+01,6.5289e+01,6.5788e+01,6.5044e+01,6.4610e+01,6.4063e+01,6.3310e+01,6.3573e+01,6.4144e+01,6.4361e+01,6.4918e+01,6.6118e+01,6.6865e+01,6.7653e+01,6.9026e+01,7.0283e+01,7.0898e+01,7.1509e+01,7.2073e+01,7.2184e+01,7.3055e+01,7.3773e+01,7.4352e+01,7.4593e+01,7.4635e+01,7.5014e+01,7.5140e+01,7.5192e+01,7.5608e+01,7.6018e+01,7.6315e+01,7.6935e+01,7.7249e+01,7.7243e+01,7.7488e+01,7.7776e+01,7.7984e+01,7.7877e+01,7.7937e+01,7.8063e+01,7.8016e+01,7.8069e+01,7.8233e+01,7.8499e+01,7.8706e+01,7.9261e+01,7.9425e+01
6.9486e+01,7.0045e+01,6.9402e+01,7.0016e+01,6.9796e+01,7.0548e+01,7.1312e+01,7.0727e+01,7.1233e+01,7.0192e+01,6.9206e+01,6.8556e+01,6.8021e+01,6.7760e+01,6.8378e+01,6.8876e+01,7.0009e+01,7.0431e+01,7.1141e+01,7.1723e+01,7.0996e+01,7.1619e+01,7.1489e+01,7.2260e+01,7.2314e+01,7.2781e+01,7.2848e+01,7.2113e+01,7.0892e+01,7.0788e+01,6.9539e+01,6.8914e+01,6.9705e+01,6.8751e+01,6.7200e+01,6.6295e+01,6.6077e+01,6.5014e+01,6.5259e+01,6.5184e+01,6.4938e+01,6.5169e+01,6.5472e+01,6.5890e+01,6.6101e+01,6.6436e+01,6.6615e+01,6.6971e+01,6.7499e+01,6.7963e+01,6.8422e+01,6.8448e+01,6.8435e+01,6.8862e+01,6.8573e+01,6.9519e+01,7.0629e+01,7.1210e+01,7.0617e+01,7.0899e+01,7.1529e+01,7.1634e+01,7.1647e+01,7.1589e+01,7.0729e+01,7.1544e+01,7.2488e+01,7.2382e+01,7.3224e+01,7.2738e+01,7.2600e+01,7.1734e+01,7.0443e+01,6.9827e+01,6.8675e+01,6.8456e+01,6.7512e+01,6.7464e+01,6.6895e+01,6.6774e+01,6.7235e+01,6.7527e+01,6.8273e+01,6.8386e+01,6.8750e+01,6.9244e+01,6.9788e+01,6.9883e+01,6.9284e+01,6.9173e+01,6.9031e+01,6.8868e+01,6.8401e+01,6.9232e+01,7.0030e+01,7.0716e+01,7.1024e+01,7.1783e+01,7.1826e+01,7.1538e+01,7.1160e+01,7.0760e+01,6.9683e+01,7.0156e+01,7.0061e+01,6.9426e+01,6.8384e+01,6.8559e+01,6.8272e+01,6.9034e+01,6.9167e+01,6.8868e+01,6.8046e+01,6.7800e+01,6.7375e+01,6.6886e+01,6.6608e+01,6.6443e+01,6.6000e+01,6.5971e+01,6.5632e+01,6.5660e+01,6.5860e+01,6.6178e+01,6.6429e+01,6.6940e+01,6.6364e+01,6.6695e+01,6.5933e+01,6.5513e+01,6.4910e+01,6.4083e+01,6.4131e+01,6.4631e+01,6.4713e+01,6.5291e+01,6.6460e+01,6.7203e+01,6.8000e+01,6.9315e+01,7.0559e+01,7.1204e+01,7.1801e+01,7.2375e+01,7.2525e+01,7.3404e+01,7.4123e+01,7.4743e+01,7.5021e+01,7.5090e+01,7.5498e+01,7.5649e+01,7.5686e+01,7.6100e+01,7.6523e+01,7.6841e+01,7.7458e+01,7.7748e+01,7.7733e+01,7.7996e+01,7.8293e+01,7.8518e+01,7.8416e+01,7.8482e+01,7.8609e+01,7.8562e+01,7.8618e+01,7.8779e+01,7.9042e+01,7.9238e+01,7.9788e+01,7.9954e+01
6.9373e+01,6.9996e+01,6.9661e+01,7.0341e+01,7.0299e+01,7.1072e+01,7.1886e+01,7.1424e+01,7.1980e+01,7.1034e+01,7.0073e+01,6.9429e+01,6.8870e+01,6.8567e+01,6.8983e+01,6.9236e+01,7.0151e+01,7.0508e+01,7.1354e+01,7.2018e+01,7.1417e+01,7.2060e+01,7.2017e+01,7.2793e+01,7.2855e+01,7.3375e+01,7.3519e+01,7.2836e+01,7.1682e+01,7.1636e+01,7.0433e+01,6.9849e+01,7.0675e+01,6.9752e+01,6.8204e+01,6.7285e+01,6.7014e+01,6.5943e+01,6.6077e+01,6.6032e+01,6.5784e+01,6.5974e+01,6.6251e+01,6.6664e+01,6.6937e+01,6.7256e+01,6.7372e+01,6.7719e+01,6.8186e+01,6.8622e+01,6.9014e+01,6.9030e+01,6.9057e+01,6.9456e+01,6.9233e+01,7.0179e+01,7.1236e+01,7.1833e+01,7.1254e+01,7.1572e+01,7.2192e+01,7.2325e+01,7.2342e+01,7.2324e+01,7.1497e+01,7.2336e+01,7.3259e+01,7.3155e+01,7.4000e+01,7.3544e+01,7.3440e+01,7.2586e+01,7.1306e+01,7.0674e+01,6.9531e+01,6.9351e+01,6.8410e+01,6.8361e+01,6.7776e+01,6.7665e+01,6.8123e+01,6.8411e+01,6.9172e+01,6.9261e+01,6.9602e+01,7.0074e+01,7.0590e+01,7.0666e+01,7.0045e+01,6.9957e+01,6.9781e+01,6.9638e+01,6.9155e+01,6.9973e+01,7.0776e+01,7.1488e+01,7.1829e+01,7.2610e+01,7.2684e+01,7.2423e+01,7.2043e+01,7.1619e+01,7.0557e+01,7.1036e+01,7.0928e+01,7.0331e+01,6.9300e+01,6.9511e+01,6.9235e+01,6.9989e+01,7.0142e+01,6.9863e+01,6.9043e+01,6.8811e+01,6.8389e+01,6.7882e+01,6.7590e+01,6.7424e+01,6.6962e+01,6.6911e+01,6.6571e+01,6.6605e+01,6.6761e+01,6.7081e+01,6.7270e+01,6.7677e+01,6.7079e+01,6.7290e+01,6.6491e+01,6.6047e+01,6.5478e+01,6.4680e+01,6.4570e+01,6.4987e+01,6.4992e+01,6.5634e+01,6.6784e+01,6.7495e+01,6.8313e+01,6.9581e+01,7.0800e+01,7.1471e+01,7.2056e+01,7.2597e+01,7.2773e+01,7.3644e+01,7.4328e+01,7.4963e+01,7.5251e+01,7.5347e+01,7.5801e+01,7.5955e+01,7.5965e+01,7.6387e+01,7.6831e+01,7.7183e+01,7.7804e+01,7.8069e+01,7.8056e+01,7.8351e+01,7.8653e+01,7.8898e+01,7.8798e+01,7.8873e+01,7.8995e+01,7.8947e+01,7.9003e+01,7.9153e+01,7.9409e+01,7.9601e+01,8.0144e+01,8.0320e+01
7.0085e+01,7.0859e+01,7.0647e+01,7.1307e+01,7.1278e+01,7.2061e+01,7.2896e+01,7.2415e+01,7.2965e+01,7.1976e+01,7.0983e+01,7.0352e+01,6.9765e+01,6.9485e+01,6.9888e+01,7.0107e+01,7.0912e+01,7.1074e+01,7.1870e+01,7.2583e+01,7.2105e+01,7.2804e+01,7.2842e+01,7.3642e+01,7.3762e+01,7.4279e+01,7.4430e+01,7.3755e+01,7.2550e+01,7.2471e+01,7.1211e+01,7.0634e+01,7.1430e+01,7.0422e+01,6.8844e+01,6.7982e+01,6.7656e+01,6.6442e+01,6.6430e+01,6.6314e+01,6.6124e+01,6.6226e+01,6.6400e+01,6.6763e+01,6.7102e+01,6.7409e+01,6.7475e+01,6.7828e+01,6.8246e+01,6.8613e+01,6.8952e+01,6.8926e+01,6.8946e+01,6.9296e+01,6.9116e+01,7.0033e+01,7.1027e+01,7.1624e+01,7.1074e+01,7.1422e+01,7.2033e+01,7.2200e+01,7.2241e+01,7.2266e+01,7.1490e+01,7.2343e+01,7.3220e+01,7.3099e+01,7.3927e+01,7.3510e+01,7.3460e+01,7.2625e+01,7.1375e+01,7.0721e+01,6.9613e+01,6.9503e+01,6.8593e+01,6.8570e+01,6.8007e+01,6.7962e+01,6.8436e+01,6.8766e+01,6.9557e+01,6.9665e+01,6.9968e+01,7.0454e+01,7.0937e+01,7.1046e+01,7.0437e+01,7.0401e+01,7.0243e+01,7.0148e+01,6.9688e+01,7.0553e+01,7.1345e+01,7.2092e+01,7.2423e+01,7.3234e+01,7.3294e+01,7.3049e+01,7.2699e+01,7.2297e+01,7.1229e+01,7.1749e+01,7.1676e+01,7.1055e+01,6.9983e+01,7.0176e+01,6.9846e+01,7.0612e+01,7.0737e+01,7.0429e+01,6.9581e+01,6.9317e+01,6.8885e+01,6.8368e+01,6.8012e+01,6.7833e+01,6.7381e+01,6.7278e+01,6.7005e+01,6.7135e+01,6.7348e+01,6.7767e+01,6.7986e+01,6.8343e+01,6.7677e+01,6.7909e+01,6.6946e+01,6.6342e+01,6.5645e+01,6.4788e+01,6.4487e+01,6.4835e+01,6.4820e+01,6.5468e+01,6.6596e+01,6.7268e+01,6.8077e+01,6.9315e+01,7.0507e+01,7.1183e+01,7.1748e+01,7.2285e+01,7.2484e+01,7.3353e+01,7.4040e+01,7.4695e+01,7.5005e+01,7.5126e+01,7.5601e+01,7.5790e+01,7.5793e+01,7.6214e+01,7.6679e+01,7.7043e+01,7.7665e+01,7.7901e+01,7.7877e+01,7.8185e+01,7.8489e+01,7.8754e+01,7.8656e+01,7.8738e+01,7.8861e+01,7.8815e+01,7.8879e+01,7.9033e+01,7.9290e+01,7.9479e+01,8.0026e+01,8.0209e+01
7.0587e+01,7.1382e+01,7.1288e+01,7.1947e+01,7.1979e+01,7.2765e+01,7.3620e+01,7.3181e+01,7.3746e+01,7.2785e+01,7.1797e+01,7.1162e+01,7.0564e+01,7.0253e+01,7.0605e+01,7.0752e+01,7.1442e+01,7.1544e+01,7.2359e+01,7.3091e+01,7.2704e+01,7.3410e+01,7.3503e+01,7.4306e+01,7.4448e+01,7.4988e+01,7.5179e+01,7.4525e+01,7.3335e+01,7.3272e+01,7.2017e+01,7.1451e+01,7.2255e+01,7.1244e+01,6.9668e+01,6.8816e+01,6.8469e+01,6.7233e+01,6.7156e+01,6.7010e+01,6.6825e+01,6.6878e+01,6.7008e+01,6.7347e+01,6.7734e+01,6.8026e+01,6.8043e+01,6.8391e+01,6.8761e+01,6.9089e+01,6.9371e+01,6.9326e+01,6.9369e+01,6.9688e+01,6.9562e+01,7.0463e+01,7.1403e+01,7.2004e+01,7.1472e+01,7.1851e+01,7.2451e+01,7.2649e+01,7.2702e+01,7.2766e+01,7.2027e+01,7.2897e+01,7.3745e+01,7.3617e+01,7.4436e+01,7.4048e+01,7.4034e+01,7.3211e+01,7.1979e+01,7.1310e+01,7.0220e+01,7.0151e+01,6.9254e+01,6.9239e+01,6.8676e+01,6.8656e+01,6.9136e+01,6.9478e+01,7.0289e+01,7.0394e+01,7.0674e+01,7.1155e+01,7.1616e+01,7.1727e+01,7.1108e+01,7.1099e+01,7.0929e+01,7.0860e+01,7.0395e+01,7.1274e+01,7.2067e+01,7.2842e+01,7.3189e+01,7.4024e+01,7.4097e+01,7.3868e+01,7.3524e+01,7.3114e+01,7.2047e+01,7.2581e+01,7.2509e+01,7.1896e+01,7.0815e+01,7.1018e+01,7.0678e+01,7.1449e+01,7.1575e+01,7.1264e+01,7.0404e+01,7.0132e+01,6.9694e+01,6.9168e+01,6.8787e+01,6.8602e+01,6.8146e+01,6.8021e+01,6.7764e+01,6.7919e+01,6.8121e+01,6.8567e+01,6.8771e+01,6.9074e+01,6.8392e+01,6.8557e+01,6.7555e+01,6.6912e+01,6.6227e+01,6.5410e+01,6.4987e+01,6.5201e+01,6.5097e+01,6.5785e+01,6.6855e+01,6.7482e+01,6.8322e+01,6.9515e+01,7.0700e+01,7.1433e+01,7.2001e+01,7.2538e+01,7.2800e+01,7.3688e+01,7.4379e+01,7.5068e+01,7.5392e+01,7.5528e+01,7.6010e+01,7.6204e+01,7.6171e+01,7.6589e+01,7.7079e+01,7.7465e+01,7.8084e+01,7.8305e+01,7.8289e+01,7.8614e+01,7.8911e+01,7.9187e+01,7.9087e+01,7.9170e+01,7.9285e+01,7.9237e+01,7.9293e+01,7.9448e+01,7.9696e+01,7.9889e+01,8.0442e+01,8.0626e+01
7.0949e+01,7.1607e+01,7.1562e+01,7.2194e+01,7.2270e+01,7.3033e+01,7.3876e+01,7.3512e+01,7.4084e+01,7.3195e+01,7.2252e+01,7.1623e+01,7.1047e+01,7.0715e+01,7.1016e+01,7.1112e+01,7.1731e+01,7.1896e+01,7.2763e+01,7.3484e+01,7.3107e+01,7.3775e+01,7.3865e+01,7.4645e+01,7.4752e+01,7.5316e+01,7.5544e+01,7.4916e+01,7.3790e+01,7.3757e+01,7.2558e+01,7.2002e+01,7.2820e+01,7.1870e+01,7.0327e+01,6.9458e+01,6.9136e+01,6.7972e+01,6.7926e+01,6.7809e+01,6.7592e+01,6.7665e+01,6.7829e+01,6.8182e+01,6.8558e+01,6.8845e+01,6.8857e+01,6.9192e+01,6.9553e+01,6.9897e+01,7.0170e+01,7.0143e+01,7.0209e+01,7.0538e+01,7.0424e+01,7.1325e+01,7.2260e+01,7.2857e+01,7.2324e+01,7.2704e+01,7.3299e+01,7.3498e+01,7.3546e+01,7.3614e+01,7.2875e+01,7.3746e+01,7.4596e+01,7.4470e+01,7.5288e+01,7.4897e+01,7.4875e+01,7.4052e+01,7.2821e+01,7.2159e+01,7.1067e+01,7.0984e+01,7.0081e+01,7.0056e+01,6.9480e+01,6.9436e+01,6.9906e+01,7.0226e+01,7.1029e+01,7.1114e+01,7.1401e+01,7.1862e+01,7.2325e+01,7.2408e+01,7.1770e+01,7.1748e+01,7.1550e+01,7.1468e+01,7.0984e+01,7.1828e+01,7.2629e+01,7.3398e+01,7.3770e+01,7.4599e+01,7.4698e+01,7.4473e+01,7.4108e+01,7.3673e+01,7.2619e+01,7.3131e+01,7.3032e+01,7.2451e+01,7.1405e+01,7.1625e+01,7.1320e+01,7.2078e+01,7.2225e+01,7.1934e+01,7.1092e+01,7.0836e+01,7.0403e+01,6.9886e+01,6.9535e+01,6.9359e+01,6.8901e+01,6.8799e+01,6.8518e+01,6.8625e+01,6.8785e+01,6.9176e+01,6.9340e+01,6.9632e+01,6.8994e+01,6.9087e+01,6.8183e+01,6.7625e+01,6.7000e+01,6.6175e+01,6.5813e+01,6.6070e+01,6.5949e+01,6.6622e+01,6.7646e+01,6.8280e+01,6.9133e+01,7.0279e+01,7.1460e+01,7.2198e+01,7.2772e+01,7.3302e+01,7.3592e+01,7.4490e+01,7.5183e+01,7.5867e+01,7.6179e+01,7.6303e+01,7.6769e+01,7.6944e+01,7.6900e+01,7.7324e+01,7.7823e+01,7.8211e+01,7.8831e+01,7.9059e+01,7.9050e+01,7.9375e+01,7.9664e+01,7.9932e+01,7.9820e+01,7.9896e+01,7.9999e+01,7.9947e+01,7.9992e+01,8.0139e+01,8.0379e+01,8.0571e+01,8.1123e+01,8.1306e+01
7.0970e+01,7.1499e+01,7.1497e+01,7.2057e+01,7.2159e+01,7.2898e+01,7.3770e+01,7.3452e+01,7.4055e+01,7.3206e+01,7.2261e+01,7.1662e+01,7.1066e+01,7.0730e+01,7.0957e+01,7.1028e+01,7.1574e+01,7.1793e+01,7.2651e+01,7.3329e+01,7.2962e+01,7.3593e+01,7.3694e+01,7.4453e+01,7.4565e+01,7.5136e+01,7.5410e+01,7.4822e+01,7.3727e+01,7.3722e+01,7.2559e+01,7.2046e+01,7.2902e+01,7.2006e+01,7.0491e+01,6.9607e+01,6.9254e+01,6.8157e+01,6.8105e+01,6.8026e+01,6.7740e+01,6.7826e+01,6.8050e+01,6.8432e+01,6.8801e+01,6.9067e+01,6.9066e+01,6.9377e+01,6.9732e+01,7.0120e+01,7.0399e+01,7.0416e+01,7.0527e+01,7.0905e+01,7.0807e+01,7.1740e+01,7.2705e+01,7.3297e+01,7.2724e+01,7.3097e+01,7.3682e+01,7.3863e+01,7.3884e+01,7.3948e+01,7.3191e+01,7.4075e+01,7.4953e+01,7.4850e+01,7.5696e+01,7.5303e+01,7.5265e+01,7.4441e+01,7.3183e+01,7.2532e+01,7.1404e+01,7.1303e+01,7.0363e+01,7.0304e+01,6.9687e+01,6.9602e+01,7.0054e+01,7.0342e+01,7.1140e+01,7.1193e+01,7.1482e+01,7.1919e+01,7.2381e+01,7.2434e+01,7.1774e+01,7.1739e+01,7.1513e+01,7.1421e+01,7.0920e+01,7.1741e+01,7.2547e+01,7.3319e+01,7.3715e+01,7.4547e+01,7.4672e+01,7.4463e+01,7.4090e+01,7.3632e+01,7.2594e+01,7.3105e+01,7.2995e+01,7.2450e+01,7.1421e+01,7.1679e+01,7.1397e+01,7.2140e+01,7.2319e+01,7.2068e+01,7.1239e+01,7.1022e+01,7.0605e+01,7.0064e+01,6.9739e+01,6.9585e+01,6.9091e+01,6.9012e+01,6.8684e+01,6.8737e+01,6.8835e+01,6.9205e+01,6.9340e+01,6.9588e+01,6.8981e+01,6.9027e+01,6.8171e+01,6.7662e+01,6.7154e+01,6.6426e+01,6.6147e+01,6.6428e+01,6.6394e+01,6.7107e+01,6.8160e+01,6.8771e+01,6.9644e+01,7.0830e+01,7.2014e+01,7.2772e+01,7.3365e+01,7.3874e+01,7.4154e+01,7.5048e+01,7.5718e+01,7.6391e+01,7.6674e+01,7.6786e+01,7.7244e+01,7.7381e+01,7.7313e+01,7.7733e+01,7.8222e+01,7.8610e+01,7.9225e+01,7.9470e+01,7.9485e+01,7.9809e+01,8.0088e+01,8.0339e+01,8.0236e+01,8.0308e+01,8.0413e+01,8.0369e+01,8.0402e+01,8.0558e+01,8.0785e+01,8.0987e+01,8.1544e+01,8.1724e+01
7.1357e+01,7.1622e+01,7.1603e+01,7.2048e+01,7.2152e+01,7.2838e+01,7.3711e+01,7.3459e+01,7.4076e+01,7.3288e+01,7.2376e+01,7.1823e+01,7.1239e+01,7.0928e+01,7.1088e+01,7.1162e+01,7.1637e+01,7.1960e+01,7.2774e+01,7.3381e+01,7.3004e+01,7.3568e+01,7.3657e+01,7.4374e+01,7.4461e+01,7.5034e+01,7.5358e+01,7.4814e+01,7.3778e+01,7.3793e+01,7.2692e+01,7.2223e+01,7.3105e+01,7.2283e+01,7.0821e+01,6.9932e+01,6.9590e+01,6.8595e+01,6.8579e+01,6.8528e+01,6.8154e+01,6.8260e+01,6.8551e+01,6.8955e+01,6.9293e+01,6.9535e+01,6.9535e+01,6.9815e+01,7.0175e+01,7.0615e+01,7.0915e+01,7.0982e+01,7.1127e+01,7.1556e+01,7.1459e+01,7.2409e+01,7.3405e+01,7.3981e+01,7.3373e+01,7.3728e+01,7.4300e+01,7.4458e+01,7.4451e+01,7.4502e+01,7.3723e+01,7.4607e+01,7.5514e+01,7.5434e+01,7.6302e+01,7.5901e+01,7.5840e+01,7.5019e+01,7.3742e+01,7.3113e+01,7.1956e+01,7.1826e+01,7.0857e+01,7.0760e+01,7.0105e+01,6.9968e+01,7.0391e+01,7.0633e+01,7.1412e+01,7.1426e+01,7.1723e+01,7.2126e+01,7.2590e+01,7.2604e+01,7.1927e+01,7.1871e+01,7.1615e+01,7.1508e+01,7.0990e+01,7.1769e+01,7.2576e+01,7.3337e+01,7.3757e+01,7.4581e+01,7.4736e+01,7.4540e+01,7.4153e+01,7.3669e+01,7.2657e+01,7.3154e+01,7.3028e+01,7.2529e+01,7.1540e+01,7.1829e+01,7.1582e+01,7.2297e+01,7.2505e+01,7.2294e+01,7.1494e+01,7.1321e+01,7.0927e+01,7.0382e+01,7.0105e+01,6.9982e+01,6.9470e+01,6.9440e+01,6.9071e+01,6.9046e+01,6.9082e+01,6.9402e+01,6.9507e+01,6.9733e+01,6.9204e+01,6.9200e+01,6.8474e+01,6.8047e+01,6.7641e+01,6.6937e+01,6.6774e+01,6.7141e+01,6.7177e+01,6.7899e+01,6.8963e+01,6.9573e+01,7.0450e+01,7.1644e+01,7.2819e+01,7.3566e+01,7.4167e+01,7.4662e+01,7.4930e+01,7.5825e+01,7.6490e+01,7.7144e+01,7.7399e+01,7.7489e+01,7.7924e+01,7.8029e+01,7.7951e+01,7.8369e+01,7.8841e+01,7.9215e+01,7.9824e+01,8.0094e+01,8.0125e+01,8.0436e+01,8.0707e+01,8.0936e+01,8.0837e+01,8.0900e+01,8.1007e+01,8.0973e+01,8.1002e+01,8.1165e+01,8.1388e+01,8.1593e+01,8.2156e+01,8.2329e+01
7.1717e+01,7.1800e+01,7.1780e+01,7.2099e+01,7.2197e+01,7.2848e+01,7.3755e+01,7.3521e+01,7.4161e+01,7.3381e+01,7.2452e+01,7.1958e+01,7.1354e+01,7.1089e+01,7.1188e+01,7.1281e+01,7.1676e+01,7.2069e+01,7.2786e+01,7.3284e+01,7.2919e+01,7.3431e+01,7.3541e+01,7.4238e+01,7.4353e+01,7.4914e+01,7.5275e+01,7.4775e+01,7.3748e+01,7.3761e+01,7.2681e+01,7.2273e+01,7.3177e+01,7.2387e+01,7.0970e+01,7.0105e+01,6.9739e+01,6.8808e+01,6.8787e+01,6.8715e+01,6.8234e+01,6.8314e+01,6.8648e+01,6.9056e+01,6.9370e+01,6.9571e+01,6.9557e+01,6.9800e+01,7.0158e+01,7.0645e+01,7.0968e+01,7.1090e+01,7.1271e+01,7.1763e+01,7.1672e+01,7.2639e+01,7.3670e+01,7.4218e+01,7.3561e+01,7.3887e+01,7.4438e+01,7.4562e+01,7.4520e+01,7.4555e+01,7.3761e+01,7.4645e+01,7.5579e+01,7.5532e+01,7.6433e+01,7.6039e+01,7.5963e+01,7.5160e+01,7.3865e+01,7.3266e+01,7.2076e+01,7.1934e+01,7.0938e+01,7.0789e+01,7.0090e+01,6.9913e+01,7.0302e+01,7.0506e+01,7.1274e+01,7.1252e+01,7.1536e+01,7.1908e+01,7.2360e+01,7.2352e+01,7.1669e+01,7.1614e+01,7.1346e+01,7.1247e+01,7.0733e+01,7.1501e+01,7.2296e+01,7.3063e+01,7.3491e+01,7.4324e+01,7.4494e+01,7.4324e+01,7.3948e+01,7.3459e+01,7.2470e+01,7.2988e+01,7.2877e+01,7.2409e+01,7.1430e+01,7.1745e+01,7.1497e+01,7.2186e+01,7.2411e+01,7.2234e+01,7.1455e+01,7.1323e+01,7.0960e+01,7.0395e+01,7.0144e+01,7.0065e+01,6.9530e+01,6.9542e+01,6.9153e+01,6.9074e+01,6.9069e+01,6.9397e+01,6.9503e+01,6.9691e+01,6.9226e+01,6.9227e+01,6.8562e+01,6.8114e+01,6.7796e+01,6.7134e+01,6.7075e+01,6.7506e+01,6.7663e+01,6.8407e+01,6.9500e+01,7.0086e+01,7.0965e+01,7.2199e+01,7.3362e+01,7.4102e+01,7.4712e+01,7.5190e+01,7.5434e+01,7.6319e+01,7.6970e+01,7.7597e+01,7.7821e+01,7.7890e+01,7.8311e+01,7.8387e+01,7.8299e+01,7.8705e+01,7.9152e+01,7.9512e+01,8.0109e+01,8.0401e+01,8.0454e+01,8.0754e+01,8.1016e+01,8.1226e+01,8.1139e+01,8.1199e+01,8.1315e+01,8.1300e+01,8.1328e+01,8.1511e+01,8.1726e+01,8.1937e+01,8.2501e+01,8.2665e+01
7.2528e+01,7.2493e+01,7.2452e+01,7.2623e+01,7.2717e+01,7.3291e+01,7.4198e+01,7.4034e+01,7.4684e+01,7.3965e+01,7.3068e+01,7.2622e+01,7.2038e+01,7.1812e+01,7.1854e+01,7.1944e+01,7.2216e+01,7.2656e+01,7.3322e+01,7.3728e+01,7.3414e+01,7.3834e+01,7.3955e+01,7.4588e+01,7.4688e+01,7.5252e+01,7.5688e+01,7.5257e+01,7.4296e+01,7.4325e+01,7.3303e+01,7.2946e+01,7.3862e+01,7.3115e+01,7.1738e+01,7.0883e+01,7.0528e+01,6.9644e+01,6.9633e+01,6.9534e+01,6.8997e+01,6.9035e+01,6.9368e+01,6.9756e+01,7.0072e+01,7.0227e+01,7.0173e+01,7.0370e+01,7.0687e+01,7.1186e+01,7.1486e+01,7.1648e+01,7.1879e+01,7.2404e+01,7.2358e+01,7.3326e+01,7.4347e+01,7.4874e+01,7.4186e+01,7.4509e+01,7.5031e+01,7.5148e+01,7.5082e+01,7.5132e+01,7.4349e+01,7.5245e+01,7.6184e+01,7.6162e+01,7.7085e+01,7.6714e+01,7.6650e+01,7.5864e+01,7.4566e+01,7.3981e+01,7.2778e+01,7.2649e+01,7.1640e+01,7.1455e+01,7.0723e+01,7.0524e+01,7.0878e+01,7.1049e+01,7.1808e+01,7.1745e+01,7.2005e+01,7.2335e+01,7.2760e+01,7.2724e+01,7.2028e+01,7.1986e+01,7.1692e+01,7.1611e+01,7.1097e+01,7.1836e+01,7.2615e+01,7.3392e+01,7.3845e+01,7.4689e+01,7.4891e+01,7.4754e+01,7.4384e+01,7.3877e+01,7.2923e+01,7.3451e+01,7.3341e+01,7.2925e+01,7.1977e+01,7.2323e+01,7.2086e+01,7.2742e+01,7.2984e+01,7.2842e+01,7.2087e+01,7.1990e+01,7.1655e+01,7.1080e+01,7.0852e+01,7.0806e+01,7.0261e+01,7.0304e+01,6.9908e+01,6.9788e+01,6.9749e+01,7.0062e+01,7.0163e+01,7.0325e+01,6.9943e+01,6.9946e+01,6.9365e+01,6.8888e+01,6.8591e+01,6.7924e+01,6.7877e+01,6.8321e+01,6.8521e+01,6.9269e+01,7.0336e+01,7.0876e+01,7.1753e+01,7.2961e+01,7.4094e+01,7.4842e+01,7.5450e+01,7.5914e+01,7.6151e+01,7.7031e+01,7.7660e+01,7.8281e+01,7.8484e+01,7.8548e+01,7.8960e+01,7.9022e+01,7.8913e+01,7.9306e+01,7.9744e+01,8.0100e+01,8.0683e+01,8.0981e+01,8.1049e+01,8.1348e+01,8.1600e+01,8.1799e+01,8.1720e+01,8.1777e+01,8.1899e+01,8.1900e+01,8.1937e+01,8.2133e+01,8.2342e+01,8.2549e+01,8.3113e+01,8.3270e+01
7.2852e+01,7.2630e+01,7.2455e+01,7.2472e+01,7.2528e+01,7.3032e+01,7.3925e+01,7.3812e+01,7.4469e+01,7.3803e+01,7.2943e+01,7.2541e+01,7.1994e+01,7.1818e+01,7.1833e+01,7.1978e+01,7.2258e+01,7.2830e+01,7.3428e+01,7.3732e+01,7.3364e+01,7.3696e+01,7.3767e+01,7.4349e+01,7.4403e+01,7.4965e+01,7.5427e+01,7.5028e+01,7.4128e+01,7.4170e+01,7.3215e+01,7.2894e+01,7.3822e+01,7.3143e+01,7.1819e+01,7.0962e+01,7.0646e+01,6.9862e+01,6.9929e+01,6.9849e+01,6.9251e+01,6.9321e+01,6.9712e+01,7.0108e+01,7.0371e+01,7.0508e+01,7.0478e+01,7.0644e+01,7.0981e+01,7.1531e+01,7.1871e+01,7.2080e+01,7.2321e+01,7.2890e+01,7.2821e+01,7.3793e+01,7.4847e+01,7.5354e+01,7.4637e+01,7.4931e+01,7.5441e+01,7.5528e+01,7.5437e+01,7.5462e+01,7.4655e+01,7.5540e+01,7.6506e+01,7.6503e+01,7.7441e+01,7.7057e+01,7.6963e+01,7.6180e+01,7.4870e+01,7.4312e+01,7.3090e+01,7.2923e+01,7.1898e+01,7.1679e+01,7.0924e+01,7.0675e+01,7.0998e+01,7.1125e+01,7.1854e+01,7.1763e+01,7.2037e+01,7.2340e+01,7.2775e+01,7.2707e+01,7.2002e+01,7.1931e+01,7.1617e+01,7.1511e+01,7.0987e+01,7.1677e+01,7.2453e+01,7.3206e+01,7.3671e+01,7.4495e+01,7.4716e+01,7.4582e+01,7.4198e+01,7.3674e+01,7.2745e+01,7.3251e+01,7.3127e+01,7.2753e+01,7.1851e+01,7.2215e+01,7.2010e+01,7.2635e+01,7.2896e+01,7.2786e+01,7.2067e+01,7.2008e+01,7.1701e+01,7.1137e+01,7.0963e+01,7.0952e+01,7.0410e+01,7.0510e+01,7.0088e+01,6.9888e+01,6.9810e+01,7.0059e+01,7.0148e+01,7.0331e+01,7.0054e+01,7.0069e+01,6.9650e+01,6.9250e+01,6.9014e+01,6.8341e+01,6.8394e+01,6.8906e+01,6.9133e+01,6.9860e+01,7.0943e+01,7.1500e+01,7.2357e+01,7.3568e+01,7.4693e+01,7.5400e+01,7.6008e+01,7.6471e+01,7.6677e+01,7.7555e+01,7.8189e+01,7.8777e+01,7.8959e+01,7.9001e+01,7.9390e+01,7.9432e+01,7.9339e+01,7.9732e+01,8.0147e+01,8.0479e+01,8.1063e+01,8.1385e+01,8.1456e+01,8.1736e+01,8.1985e+01,8.2161e+01,8.2079e+01,8.2127e+01,8.2252e+01,8.2266e+01,8.2309e+01,8.2503e+01,8.2699e+01,8.2906e+01,8.3465e+01,8.3612e+01
7.3033e+01,7.2781e+01,7.2486e+01,7.2583e+01,7.2601e+01,7.3119e+01,7.3958e+01,7.3813e+01,7.4433e+01,7.3745e+01,7.2912e+01,7.2491e+01,7.1989e+01,7.1819e+01,7.1924e+01,7.2134e+01,7.2569e+01,7.3176e+01,7.3790e+01,7.4096e+01,7.3658e+01,7.4001e+01,7.4016e+01,7.4607e+01,7.4627e+01,7.5170e+01,7.5570e+01,7.5117e+01,7.4194e+01,7.4205e+01,7.3230e+01,7.2870e+01,7.3766e+01,7.3082e+01,7.1765e+01,7.0917e+01,7.0654e+01,6.9877e+01,6.9997e+01,6.9904e+01,6.9320e+01,6.9401e+01,6.9785e+01,7.0171e+01,7.0403e+01,7.0551e+01,7.0552e+01,7.0724e+01,7.1087e+01,7.1639e+01,7.2008e+01,7.2212e+01,7.2422e+01,7.2988e+01,7.2885e+01,7.3839e+01,7.4902e+01,7.5397e+01,7.4690e+01,7.4964e+01,7.5480e+01,7.5560e+01,7.5478e+01,7.5486e+01,7.4672e+01,7.5537e+01,7.6499e+01,7.6487e+01,7.7408e+01,7.7012e+01,7.6906e+01,7.6123e+01,7.4825e+01,7.4278e+01,7.3072e+01,7.2888e+01,7.1881e+01,7.1669e+01,7.0935e+01,7.0689e+01,7.1015e+01,7.1148e+01,7.1865e+01,7.1793e+01,7.2083e+01,7.2404e+01,7.2857e+01,7.2805e+01,7.2114e+01,7.2032e+01,7.1740e+01,7.1623e+01,7.1110e+01,7.1806e+01,7.2579e+01,7.3312e+01,7.3754e+01,7.4558e+01,7.4756e+01,7.4597e+01,7.4210e+01,7.3704e+01,7.2768e+01,7.3258e+01,7.3138e+01,7.2740e+01,7.1845e+01,7.2174e+01,7.1965e+01,7.2590e+01,7.2827e+01,7.2696e+01,7.1982e+01,7.1905e+01,7.1597e+01,7.1064e+01,7.0900e+01,7.0889e+01,7.0379e+01,7.0496e+01,7.0095e+01,6.9895e+01,6.9855e+01,7.0083e+01,7.0192e+01,7.0441e+01,7.0178e+01,7.0231e+01,6.9827e+01,6.9432e+01,6.9130e+01,6.8353e+01,6.8433e+01,6.9007e+01,6.9212e+01,6.9924e+01,7.1013e+01,7.1612e+01,7.2479e+01,7.3683e+01,7.4820e+01,7.5521e+01,7.6128e+01,7.6624e+01,7.6834e+01,7.7722e+01,7.8381e+01,7.8965e+01,7.9166e+01,7.9205e+01,7.9586e+01,7.9642e+01,7.9578e+01,7.9978e+01,8.0394e+01,8.0705e+01,8.1300e+01,8.1632e+01,8.1686e+01,8.1947e+01,8.2197e+01,8.2364e+01,8.2271e+01,8.2304e+01,8.2431e+01,8.2456e+01,8.2507e+01,8.2704e+01,8.2894e+01,8.3093e+01,8.3646e+01,8.3781e+01
7.2972e+01,7.2808e+01,7.2489e+01,7.2776e+01,7.2783e+01,7.3374e+01,7.4213e+01,7.3996e+01,7.4600e+01,7.3847e+01,7.2988e+01,7.2525e+01,7.2008e+01,7.1806e+01,7.1978e+01,7.2195e+01,7.2748e+01,7.3302e+01,7.3948e+01,7.4298e+01,7.3843e+01,7.4246e+01,7.4269e+01,7.4903e+01,7.4950e+01,7.5482e+01,7.5825e+01,7.5318e+01,7.4328e+01,7.4312e+01,7.3282e+01,7.2881e+01,7.3755e+01,7.3028e+01,7.1684e+01,7.0838e+01,7.0583e+01,6.9766e+01,6.9896e+01,6.9798e+01,6.9254e+01,6.9338e+01,6.9699e+01,7.0072e+01,7.0300e+01,7.0460e+01,7.0474e+01,7.0657e+01,7.1029e+01,7.1564e+01,7.1941e+01,7.2128e+01,7.2312e+01,7.2863e+01,7.2745e+01,7.3681e+01,7.4739e+01,7.5226e+01,7.4529e+01,7.4798e+01,7.5316e+01,7.5400e+01,7.5330e+01,7.5337e+01,7.4529e+01,7.5387e+01,7.6337e+01,7.6315e+01,7.7225e+01,7.6829e+01,7.6729e+01,7.5948e+01,7.4661e+01,7.4113e+01,7.2923e+01,7.2745e+01,7.1756e+01,7.1559e+01,7.0845e+01,7.0621e+01,7.0956e+01,7.1108e+01,7.1829e+01,7.1779e+01,7.2070e+01,7.2409e+01,7.2866e+01,7.2836e+01,7.2159e+01,7.2086e+01,7.1816e+01,7.1706e+01,7.1206e+01,7.1927e+01,7.2698e+01,7.3433e+01,7.3854e+01,7.4657e+01,7.4832e+01,7.4661e+01,7.4283e+01,7.3798e+01,7.2848e+01,7.3345e+01,7.3241e+01,7.2810e+01,7.1893e+01,7.2193e+01,7.1961e+01,7.2598e+01,7.2810e+01,7.2652e+01,7.1926e+01,7.1825e+01,7.1507e+01,7.0986e+01,7.0805e+01,7.0781e+01,7.0291e+01,7.0395e+01,7.0016e+01,6.9848e+01,6.9848e+01,7.0089e+01,7.0205e+01,7.0482e+01,7.0183e+01,7.0256e+01,6.9812e+01,6.9414e+01,6.9048e+01,6.8212e+01,6.8286e+01,6.8885e+01,6.9076e+01,6.9774e+01,7.0861e+01,7.1477e+01,7.2344e+01,7.3534e+01,7.4673e+01,7.5364e+01,7.5966e+01,7.6485e+01,7.6700e+01,7.7598e+01,7.8274e+01,7.8859e+01,7.9077e+01,7.9117e+01,7.9494e+01,7.9571e+01,7.9526e+01,7.9929e+01,8.0353e+01,8.0653e+01,8.1255e+01,8.1585e+01,8.1627e+01,8.1878e+01,8.2128e+01,8.2292e+01,8.2192e+01,8.2219e+01,8.2353e+01,8.2385e+01,8.2447e+01,8.2648e+01,8.2844e+01,8.3034e+01,8.3588e+01,8.3720e+01
7.3477e+01,7.3206e+01,7.2605e+01,7.2710e+01,7.2641e+01,7.3181e+01,7.3996e+01,7.3795e+01,7.4396e+01,7.3671e+01,7.2841e+01,7.2421e+01,7.1947e+01,7.1810e+01,7.2000e+01,7.2338e+01,7.2960e+01,7.3629e+01,7.4209e+01,7.4458e+01,7.3908e+01,7.4226e+01,7.4174e+01,7.4765e+01,7.4775e+01,7.5286e+01,7.5624e+01,7.5127e+01,7.4169e+01,7.4148e+01,7.3160e+01,7.2786e+01,7.3660e+01,7.2985e+01,7.1693e+01,7.0858e+01,7.0651e+01,6.9923e+01,7.0128e+01,7.0018e+01,6.9418e+01,6.9519e+01,6.9919e+01,7.0292e+01,7.0468e+01,7.0613e+01,7.0655e+01,7.0815e+01,7.1213e+01,7.1792e+01,7.2214e+01,7.2437e+01,7.2619e+01,7.3206e+01,7.3061e+01,7.4000e+01,7.5093e+01,7.5559e+01,7.4839e+01,7.5073e+01,7.5584e+01,7.5638e+01,7.5551e+01,7.5529e+01,7.4696e+01,7.5538e+01,7.6512e+01,7.6504e+01,7.7423e+01,7.7013e+01,7.6883e+01,7.6106e+01,7.4811e+01,7.4292e+01,7.3087e+01,7.2873e+01,7.1875e+01,7.1647e+01,7.0919e+01,7.0655e+01,7.0963e+01,7.1083e+01,7.1776e+01,7.1711e+01,7.2014e+01,7.2338e+01,7.2806e+01,7.2759e+01,7.2082e+01,7.1985e+01,7.1711e+01,7.1582e+01,7.1082e+01,7.1775e+01,7.2539e+01,7.3249e+01,7.3670e+01,7.4453e+01,7.4632e+01,7.4457e+01,7.4072e+01,7.3582e+01,7.2649e+01,7.3130e+01,7.3019e+01,7.2609e+01,7.1725e+01,7.2031e+01,7.1819e+01,7.2433e+01,7.2655e+01,7.2519e+01,7.1823e+01,7.1749e+01,7.1454e+01,7.0944e+01,7.0807e+01,7.0815e+01,7.0332e+01,7.0489e+01,7.0096e+01,6.9864e+01,6.9845e+01,7.0041e+01,7.0173e+01,7.0495e+01,7.0292e+01,7.0419e+01,7.0091e+01,6.9727e+01,6.9402e+01,6.8581e+01,6.8739e+01,6.9372e+01,6.9601e+01,7.0266e+01,7.1366e+01,7.1987e+01,7.2821e+01,7.4029e+01,7.5159e+01,7.5812e+01,7.6414e+01,7.6929e+01,7.7114e+01,7.8010e+01,7.8690e+01,7.9242e+01,7.9437e+01,7.9460e+01,7.9816e+01,7.9871e+01,7.9836e+01,8.0236e+01,8.0631e+01,8.0916e+01,8.1514e+01,8.1867e+01,8.1913e+01,8.2151e+01,8.2398e+01,8.2543e+01,8.2446e+01,8.2469e+01,8.2615e+01,8.2659e+01,8.2728e+01,8.2918e+01,8.3108e+01,8.3290e+01,8.3833e+01,8.3956e+01
7.3852e+01,7.3503e+01,7.2927e+01,7.2729e+01,7.2657e+01,7.3129e+01,7.3998e+01,7.3864e+01,7.4508e+01,7.3832e+01,7.2997e+01,7.2646e+01,7.2158e+01,7.2081e+01,7.2171e+01,7.2521e+01,7.3006e+01,7.3754e+01,7.4281e+01,7.4432e+01,7.3871e+01,7.4094e+01,7.4040e+01,7.4583e+01,7.4602e+01,7.5117e+01,7.5518e+01,7.5086e+01,7.4179e+01,7.4185e+01,7.3253e+01,7.2955e+01,7.3860e+01,7.3232e+01,7.1982e+01,7.1160e+01,7.0927e+01,7.0262e+01,7.0466e+01,7.0355e+01,6.9681e+01,6.9768e+01,7.0200e+01,7.0573e+01,7.0736e+01,7.0847e+01,7.0873e+01,7.0997e+01,7.1386e+01,7.1998e+01,7.2428e+01,7.2692e+01,7.2909e+01,7.3540e+01,7.3413e+01,7.4368e+01,7.5478e+01,7.5928e+01,7.5166e+01,7.5384e+01,7.5870e+01,7.5900e+01,7.5783e+01,7.5758e+01,7.4918e+01,7.5766e+01,7.6761e+01,7.6781e+01,7.7730e+01,7.7332e+01,7.7196e+01,7.6433e+01,7.5122e+01,7.4622e+01,7.3390e+01,7.3170e+01,7.2146e+01,7.1877e+01,7.1110e+01,7.0809e+01,7.1086e+01,7.1168e+01,7.1850e+01,7.1747e+01,7.2040e+01,7.2332e+01,7.2787e+01,7.2713e+01,7.2025e+01,7.1923e+01,7.1625e+01,7.1496e+01,7.0988e+01,7.1652e+01,7.2410e+01,7.3123e+01,7.3565e+01,7.4354e+01,7.4562e+01,7.4412e+01,7.4026e+01,7.3518e+01,7.2609e+01,7.3099e+01,7.2986e+01,7.2622e+01,7.1759e+01,7.2106e+01,7.1910e+01,7.2497e+01,7.2747e+01,7.2652e+01,7.1978e+01,7.1949e+01,7.1684e+01,7.1151e+01,7.1041e+01,7.1086e+01,7.0578e+01,7.0769e+01,7.0350e+01,7.0063e+01,6.9991e+01,7.0175e+01,7.0298e+01,7.0580e+01,7.0455e+01,7.0600e+01,7.0349e+01,6.9982e+01,6.9749e+01,6.9008e+01,6.9200e+01,6.9823e+01,7.0106e+01,7.0783e+01,7.1895e+01,7.2479e+01,7.3293e+01,7.4512e+01,7.5614e+01,7.6253e+01,7.6848e+01,7.7335e+01,7.7498e+01,7.8388e+01,7.9042e+01,7.9576e+01,7.9743e+01,7.9756e+01,8.0111e+01,8.0145e+01,8.0095e+01,8.0486e+01,8.0863e+01,8.1155e+01,8.1737e+01,8.2095e+01,8.2156e+01,8.2395e+01,8.2635e+01,8.2774e+01,8.2690e+01,8.2722e+01,8.2888e+01,8.2939e+01,8.3014e+01,8.3200e+01,8.3389e+01,8.3563e+01,8.4097e+01,8.4215e+01
7.4728e+01,7.4373e+01,7.3697e+01,7.3297e+01,7.2999e+01,7.3258e+01,7.4020e+01,7.3941e+01,7.4550e+01,7.3949e+01,7.3193e+01,7.2928e+01,7.2542e+01,7.2590e+01,7.2729e+01,7.3224e+01,7.3725e+01,7.4513e+01,7.4958e+01,7.5002e+01,7.4371e+01,7.4458e+01,7.4299e+01,7.4736e+01,7.4671e+01,7.5151e+01,7.5572e+01,7.5186e+01,7.4366e+01,7.4360e+01,7.3508e+01,7.3249e+01,7.4135e+01,7.3571e+01,7.2396e+01,7.1609e+01,7.1441e+01,7.0853e+01,7.1118e+01,7.0978e+01,7.0254e+01,7.0346e+01,7.0805e+01,7.1169e+01,7.1285e+01,7.1378e+01,7.1427e+01,7.1527e+01,7.1935e+01,7.2579e+01,7.3040e+01,7.3332e+01,7.3549e+01,7.4205e+01,7.4062e+01,7.5010e+01,7.6137e+01,7.6570e+01,7.5794e+01,7.5985e+01,7.6461e+01,7.6465e+01,7.6330e+01,7.6281e+01,7.5424e+01,7.6254e+01,7.7264e+01,7.7299e+01,7.8252e+01,7.7846e+01,7.7686e+01,7.6931e+01,7.5619e+01,7.5147e+01,7.3909e+01,7.3659e+01,7.2632e+01,7.2336e+01,7.1559e+01,7.1220e+01,7.1468e+01,7.1514e+01,7.2163e+01,7.2042e+01,7.2347e+01,7.2619e+01,7.3081e+01,7.2988e+01,7.2306e+01,7.2179e+01,7.1879e+01,7.1728e+01,7.1225e+01,7.1847e+01,7.2592e+01,7.3272e+01,7.3715e+01,7.4478e+01,7.4694e+01,7.4543e+01,7.4146e+01,7.3629e+01,7.2746e+01,7.3209e+01,7.3082e+01,7.2753e+01,7.1940e+01,7.2293e+01,7.2126e+01,7.2682e+01,7.2944e+01,7.2874e+01,7.2235e+01,7.2236e+01,7.1999e+01,7.1484e+01,7.1425e+01,7.1506e+01,7.1012e+01,7.1260e+01,7.0838e+01,7.0486e+01,7.0401e+01,7.0542e+01,7.0707e+01,7.1045e+01,7.1030e+01,7.1249e+01,7.1076e+01,7.0707e+01,7.0498e+01,6.9769e+01,6.9996e+01,7.0628e+01,7.0923e+01,7.1578e+01,7.2689e+01,7.3270e+01,7.4058e+01,7.5281e+01,7.6373e+01,7.6990e+01,7.7581e+01,7.8067e+01,7.8204e+01,7.9088e+01,7.9736e+01,8.0247e+01,8.0393e+01,8.0393e+01,8.0729e+01,8.0746e+01,8.0701e+01,8.1086e+01,8.1440e+01,8.1718e+01,8.2291e+01,8.2665e+01,8.2728e+01,8.2950e+01,8.3184e+01,8.3307e+01,8.3231e+01,8.3264e+01,8.3439e+01,8.3490e+01,8.3568e+01,8.3749e+01,8.3936e+01,8.4102e+01,8.4622e+01,8.4728e+01
7.5375e+01,7.5029e+01,7.4326e+01,7.3768e+01,7.3301e+01,7.3374e+01,7.4145e+01,7.4099e+01,7.4728e+01,7.4158e+01,7.3406e+01,7.3244e+01,7.2873e+01,7.3026e+01,7.3129e+01,7.3712e+01,7.4179e+01,7.4971e+01,7.5307e+01,7.5225e+01,7.4561e+01,7.4517e+01,7.4307e+01,7.4663e+01,7.4584e+01,7.5045e+01,7.5514e+01,7.5201e+01,7.4436e+01,7.4431e+01,7.3642e+01,7.3465e+01,7.4359e+01,7.3842e+01,7.2731e+01,7.1984e+01,7.1812e+01,7.1286e+01,7.1562e+01,7.1399e+01,7.0604e+01,7.0675e+01,7.1160e+01,7.1513e+01,7.1596e+01,7.1650e+01,7.1694e+01,7.1750e+01,7.2156e+01,7.2844e+01,7.3330e+01,7.3670e+01,7.3911e+01,7.4612e+01,7.4472e+01,7.5427e+01,7.6574e+01,7.6985e+01,7.6175e+01,7.6341e+01,7.6798e+01,7.6772e+01,7.6606e+01,7.6539e+01,7.5667e+01,7.6492e+01,7.7525e+01,7.7590e+01,7.8568e+01,7.8165e+01,7.7988e+01,7.7249e+01,7.5926e+01,7.5484e+01,7.4226e+01,7.3960e+01,7.2916e+01,7.2571e+01,7.1760e+01,7.1377e+01,7.1583e+01,7.1583e+01,7.2210e+01,7.2051e+01,7.2347e+01,7.2584e+01,7.3036e+01,7.2915e+01,7.2229e+01,7.2094e+01,7.1781e+01,7.1630e+01,7.1132e+01,7.1722e+01,7.2451e+01,7.3123e+01,7.3577e+01,7.4339e+01,7.4577e+01,7.4450e+01,7.4060e+01,7.3531e+01,7.2680e+01,7.3151e+01,7.3030e+01,7.2748e+01,7.1965e+01,7.2350e+01,7.2194e+01,7.2714e+01,7.2997e+01,7.2971e+01,7.2363e+01,7.2414e+01,7.2215e+01,7.1684e+01,7.1662e+01,7.1790e+01,7.1284e+01,7.1581e+01,7.1148e+01,7.0737e+01,7.0614e+01,7.0744e+01,7.0929e+01,7.1257e+01,7.1344e+01,7.1618e+01,7.1519e+01,7.1141e+01,7.0987e+01,7.0312e+01,7.0579e+01,7.1216e+01,7.1556e+01,7.2201e+01,7.3314e+01,7.3871e+01,7.4634e+01,7.5873e+01,7.6940e+01,7.7534e+01,7.8119e+01,7.8588e+01,7.8697e+01,7.9566e+01,8.0203e+01,8.0691e+01,8.0814e+01,8.0800e+01,8.1125e+01,8.1115e+01,8.1071e+01,8.1450e+01,8.1780e+01,8.2049e+01,8.2608e+01,8.3000e+01,8.3071e+01,8.3283e+01,8.3511e+01,8.3622e+01,8.3556e+01,8.3587e+01,8.3767e+01,8.3817e+01,8.3893e+01,8.4073e+01,8.4257e+01,8.4427e+01,8.4936e+01,8.5032e+01
7.5969e+01,7.5641e+01,7.5019e+01,7.4487e+01,7.4073e+01,7.4136e+01,7.4856e+01,7.4793e+01,7.5377e+01,7.4822e+01,7.4091e+01,7.3959e+01,7.3599e+01,7.3760e+01,7.3841e+01,7.4376e+01,7.4754e+01,7.5511e+01,7.5834e+01,7.5725e+01,7.5120e+01,7.5052e+01,7.4897e+01,7.5219e+01,7.5166e+01,7.5593e+01,7.6093e+01,7.5833e+01,7.5082e+01,7.5054e+01,7.4279e+01,7.4128e+01,7.5005e+01,7.4487e+01,7.3394e+01,7.2669e+01,7.2487e+01,7.1956e+01,7.2211e+01,7.2037e+01,7.1232e+01,7.1279e+01,7.1751e+01,7.2089e+01,7.2173e+01,7.2211e+01,7.2243e+01,7.2287e+01,7.2680e+01,7.3362e+01,7.3836e+01,7.4179e+01,7.4429e+01,7.5126e+01,7.5004e+01,7.5949e+01,7.7077e+01,7.7483e+01,7.6678e+01,7.6848e+01,7.7299e+01,7.7277e+01,7.7107e+01,7.7048e+01,7.6183e+01,7.7010e+01,7.8039e+01,7.8108e+01,7.9086e+01,7.8689e+01,7.8516e+01,7.7784e+01,7.6468e+01,7.6030e+01,7.4777e+01,7.4519e+01,7.3480e+01,7.3128e+01,7.2312e+01,7.1925e+01,7.2120e+01,7.2111e+01,7.2735e+01,7.2566e+01,7.2853e+01,7.3081e+01,7.3524e+01,7.3399e+01,7.2715e+01,7.2585e+01,7.2269e+01,7.2127e+01,7.1636e+01,7.2217e+01,7.2934e+01,7.3605e+01,7.4064e+01,7.4826e+01,7.5071e+01,7.4956e+01,7.4573e+01,7.4045e+01,7.3211e+01,7.3687e+01,7.3573e+01,7.3309e+01,7.2537e+01,7.2925e+01,7.2765e+01,7.3273e+01,7.3556e+01,7.3538e+01,7.2939e+01,7.2998e+01,7.2810e+01,7.2278e+01,7.2256e+01,7.2395e+01,7.1892e+01,7.2193e+01,7.1776e+01,7.1369e+01,7.1250e+01,7.1404e+01,7.1605e+01,7.1908e+01,7.1993e+01,7.2269e+01,7.2145e+01,7.1736e+01,7.1595e+01,7.0933e+01,7.1173e+01,7.1773e+01,7.2113e+01,7.2759e+01,7.3859e+01,7.4384e+01,7.5134e+01,7.6359e+01,7.7407e+01,7.8007e+01,7.8592e+01,7.9048e+01,7.9154e+01,8.0023e+01,8.0641e+01,8.1130e+01,8.1245e+01,8.1232e+01,8.1562e+01,8.1547e+01,8.1487e+01,8.1863e+01,8.2195e+01,8.2475e+01,8.3027e+01,8.3412e+01,8.3487e+01,8.3704e+01,8.3926e+01,8.4040e+01,8.3979e+01,8.4013e+01,8.4193e+01,8.4238e+01,8.4315e+01,8.4494e+01,8.4678e+01,8.4843e+01,8.5343e+01,8.5440e+01
7.6671e+01,7.6349e+01,7.5758e+01,7.5210e+01,7.4759e+01,7.4745e+01,7.5437e+01,7.5362e+01,7.5918e+01,7.5380e+01,7.4669e+01,7.4602e+01,7.4257e+01,7.4465e+01,7.4536e+01,7.5084e+01,7.5421e+01,7.6144e+01,7.6409e+01,7.6219e+01,7.5652e+01,7.5497e+01,7.5343e+01,7.5578e+01,7.5534e+01,7.5909e+01,7.6463e+01,7.6280e+01,7.5565e+01,7.5518e+01,7.4785e+01,7.4687e+01,7.5554e+01,7.5060e+01,7.4008e+01,7.3311e+01,7.3130e+01,7.2619e+01,7.2872e+01,7.2688e+01,7.1848e+01,7.1880e+01,7.2358e+01,7.2686e+01,7.2756e+01,7.2768e+01,7.2793e+01,7.2805e+01,7.3189e+01,7.3890e+01,7.4368e+01,7.4739e+01,7.5008e+01,7.5727e+01,7.5614e+01,7.6558e+01,7.7689e+01,7.8081e+01,7.7256e+01,7.7411e+01,7.7841e+01,7.7797e+01,7.7600e+01,7.7532e+01,7.6666e+01,7.7486e+01,7.8525e+01,7.8619e+01,7.9614e+01,7.9229e+01,7.9050e+01,7.8337e+01,7.7020e+01,7.6604e+01,7.5344e+01,7.5080e+01,7.4036e+01,7.3651e+01,7.2813e+01,7.2394e+01,7.2550e+01,7.2499e+01,7.3098e+01,7.2890e+01,7.3163e+01,7.3353e+01,7.3781e+01,7.3626e+01,7.2940e+01,7.2807e+01,7.2476e+01,7.2339e+01,7.1859e+01,7.2409e+01,7.3102e+01,7.3766e+01,7.4232e+01,7.4992e+01,7.5255e+01,7.5167e+01,7.4797e+01,7.4266e+01,7.3472e+01,7.3960e+01,7.3862e+01,7.3644e+01,7.2904e+01,7.3311e+01,7.3156e+01,7.3624e+01,7.3920e+01,7.3937e+01,7.3370e+01,7.3467e+01,7.3313e+01,7.2778e+01,7.2785e+01,7.2958e+01,7.2455e+01,7.2788e+01,7.2371e+01,7.1933e+01,7.1799e+01,7.1953e+01,7.2176e+01,7.2468e+01,7.2601e+01,7.2910e+01,7.2803e+01,7.2373e+01,7.2264e+01,7.1634e+01,7.1873e+01,7.2454e+01,7.2804e+01,7.3449e+01,7.4546e+01,7.5050e+01,7.5781e+01,7.7003e+01,7.8030e+01,7.8625e+01,7.9204e+01,7.9643e+01,7.9734e+01,8.0594e+01,8.1197e+01,8.1675e+01,8.1774e+01,8.1755e+01,8.2081e+01,8.2051e+01,8.1983e+01,8.2356e+01,8.2677e+01,8.2961e+01,8.3503e+01,8.3892e+01,8.3975e+01,8.4194e+01,8.4411e+01,8.4518e+01,8.4465e+01,8.4496e+01,8.4674e+01,8.4717e+01,8.4794e+01,8.4971e+01,8.5151e+01,8.5314e+01,8.5804e+01,8.5896e+01
7.7303e+01,7.6996e+01,7.6419e+01,7.5868e+01,7.5394e+01,7.5347e+01,7.6031e+01,7.5925e+01,7.6457e+01,7.5911e+01,7.5206e+01,7.5179e+01,7.4844e+01,7.5085e+01,7.5160e+01,7.5726e+01,7.6061e+01,7.6760e+01,7.6986e+01,7.6750e+01,7.6193e+01,7.5985e+01,7.5820e+01,7.5999e+01,7.5974e+01,7.6304e+01,7.6882e+01,7.6747e+01,7.6038e+01,7.5969e+01,7.5252e+01,7.5188e+01,7.6040e+01,7.5550e+01,7.4530e+01,7.3864e+01,7.3685e+01,7.3184e+01,7.3435e+01,7.3235e+01,7.2376e+01,7.2393e+01,7.2873e+01,7.3190e+01,7.3250e+01,7.3247e+01,7.3270e+01,7.3267e+01,7.3647e+01,7.4355e+01,7.4833e+01,7.5217e+01,7.5496e+01,7.6223e+01,7.6117e+01,7.7058e+01,7.8187e+01,7.8573e+01,7.7743e+01,7.7894e+01,7.8318e+01,7.8266e+01,7.8059e+01,7.7987e+01,7.7118e+01,7.7935e+01,7.8980e+01,7.9084e+01,8.0085e+01,7.9701e+01,7.9516e+01,7.8809e+01,7.7492e+01,7.7086e+01,7.5824e+01,7.5555e+01,7.4509e+01,7.4109e+01,7.3262e+01,7.2826e+01,7.2963e+01,7.2892e+01,7.3480e+01,7.3257e+01,7.3529e+01,7.3705e+01,7.4129e+01,7.3962e+01,7.3278e+01,7.3138e+01,7.2805e+01,7.2665e+01,7.2195e+01,7.2728e+01,7.3405e+01,7.4061e+01,7.4528e+01,7.5284e+01,7.5554e+01,7.5477e+01,7.5114e+01,7.4583e+01,7.3808e+01,7.4303e+01,7.4216e+01,7.4018e+01,7.3292e+01,7.3707e+01,7.3550e+01,7.4000e+01,7.4304e+01,7.4341e+01,7.3787e+01,7.3904e+01,7.3766e+01,7.3225e+01,7.3245e+01,7.3438e+01,7.2935e+01,7.3287e+01,7.2876e+01,7.2422e+01,7.2285e+01,7.2449e+01,7.2694e+01,7.2981e+01,7.3145e+01,7.3485e+01,7.3383e+01,7.2936e+01,7.2836e+01,7.2222e+01,7.2462e+01,7.3024e+01,7.3385e+01,7.4014e+01,7.5100e+01,7.5581e+01,7.6288e+01,7.7503e+01,7.8508e+01,7.9090e+01,7.9667e+01,8.0094e+01,8.0172e+01,8.1025e+01,8.1620e+01,8.2085e+01,8.2174e+01,8.2151e+01,8.2467e+01,8.2425e+01,8.2350e+01,8.2717e+01,8.3023e+01,8.3304e+01,8.3836e+01,8.4234e+01,8.4319e+01,8.4534e+01,8.4750e+01,8.4851e+01,8.4804e+01,8.4837e+01,8.5015e+01,8.5061e+01,8.5139e+01,8.5308e+01,8.5481e+01,8.5640e+01,8.6122e+01,8.6214e+01
7.7716e+01,7.7439e+01,7.6859e+01,7.6309e+01,7.5811e+01,7.5753e+01,7.6414e+01,7.6274e+01,7.6784e+01,7.6223e+01,7.5521e+01,7.5512e+01,7.5190e+01,7.5455e+01,7.5545e+01,7.6131e+01,7.6476e+01,7.7137e+01,7.7321e+01,7.7055e+01,7.6528e+01,7.6329e+01,7.6167e+01,7.6337e+01,7.6320e+01,7.6618e+01,7.7178e+01,7.7051e+01,7.6332e+01,7.6241e+01,7.5522e+01,7.5473e+01,7.6306e+01,7.5806e+01,7.4803e+01,7.4165e+01,7.3988e+01,7.3482e+01,7.3727e+01,7.3499e+01,7.2625e+01,7.2617e+01,7.3083e+01,7.3378e+01,7.3429e+01,7.3407e+01,7.3426e+01,7.3409e+01,7.3787e+01,7.4498e+01,7.4982e+01,7.5375e+01,7.5657e+01,7.6394e+01,7.6293e+01,7.7228e+01,7.8355e+01,7.8732e+01,7.7893e+01,7.8037e+01,7.8451e+01,7.8391e+01,7.8175e+01,7.8103e+01,7.7236e+01,7.8052e+01,7.9099e+01,7.9211e+01,8.0217e+01,7.9838e+01,7.9655e+01,7.8953e+01,7.7637e+01,7.7237e+01,7.5974e+01,7.5708e+01,7.4664e+01,7.4252e+01,7.3401e+01,7.2961e+01,7.3089e+01,7.3018e+01,7.3607e+01,7.3385e+01,7.3647e+01,7.3822e+01,7.4238e+01,7.4076e+01,7.3404e+01,7.3274e+01,7.2953e+01,7.2828e+01,7.2377e+01,7.2907e+01,7.3566e+01,7.4217e+01,7.4673e+01,7.5428e+01,7.5690e+01,7.5622e+01,7.5273e+01,7.4753e+01,7.3990e+01,7.4491e+01,7.4416e+01,7.4222e+01,7.3498e+01,7.3906e+01,7.3737e+01,7.4179e+01,7.4474e+01,7.4509e+01,7.3958e+01,7.4077e+01,7.3951e+01,7.3411e+01,7.3428e+01,7.3636e+01,7.3142e+01,7.3504e+01,7.3112e+01,7.2662e+01,7.2540e+01,7.2728e+01,7.3001e+01,7.3290e+01,7.3460e+01,7.3835e+01,7.3718e+01,7.3240e+01,7.3142e+01,7.2543e+01,7.2778e+01,7.3322e+01,7.3697e+01,7.4311e+01,7.5386e+01,7.5848e+01,7.6536e+01,7.7749e+01,7.8739e+01,7.9307e+01,7.9877e+01,8.0291e+01,8.0354e+01,8.1196e+01,8.1778e+01,8.2230e+01,8.2305e+01,8.2278e+01,8.2590e+01,8.2542e+01,8.2463e+01,8.2825e+01,8.3119e+01,8.3404e+01,8.3932e+01,8.4326e+01,8.4418e+01,8.4635e+01,8.4852e+01,8.4953e+01,8.4914e+01,8.4950e+01,8.5132e+01,8.5177e+01,8.5253e+01,8.5421e+01,8.5591e+01,8.5750e+01,8.6227e+01,8.6318e+01
7.8089e+01,7.7835e+01,7.7260e+01,7.6708e+01,7.6187e+01,7.6104e+01,7.6739e+01,7.6573e+01,7.7064e+01,7.6499e+01,7.5801e+01,7.5821e+01,7.5512e+01,7.5804e+01,7.5902e+01,7.6500e+01,7.6835e+01,7.7460e+01,7.7608e+01,7.7322e+01,7.6827e+01,7.6618e+01,7.6443e+01,7.6564e+01,7.6551e+01,7.6804e+01,7.7380e+01,7.7292e+01,7.6581e+01,7.6466e+01,7.5763e+01,7.5742e+01,7.6563e+01,7.6063e+01,7.5079e+01,7.4463e+01,7.4285e+01,7.3777e+01,7.4011e+01,7.3758e+01,7.2864e+01,7.2825e+01,7.3276e+01,7.3543e+01,7.3587e+01,7.3531e+01,7.3533e+01,7.3481e+01,7.3840e+01,7.4555e+01,7.5040e+01,7.5456e+01,7.5752e+01,7.6509e+01,7.6424e+01,7.7347e+01,7.8465e+01,7.8825e+01,7.7969e+01,7.8105e+01,7.8500e+01,7.8432e+01,7.8201e+01,7.8133e+01,7.7271e+01,7.8092e+01,7.9143e+01,7.9268e+01,8.0286e+01,7.9918e+01,7.9739e+01,7.9049e+01,7.7735e+01,7.7346e+01,7.6083e+01,7.5828e+01,7.4788e+01,7.4356e+01,7.3495e+01,7.3051e+01,7.3150e+01,7.3059e+01,7.3642e+01,7.3402e+01,7.3640e+01,7.3800e+01,7.4198e+01,7.4033e+01,7.3364e+01,7.3252e+01,7.2933e+01,7.2833e+01,7.2402e+01,7.2930e+01,7.3569e+01,7.4230e+01,7.4687e+01,7.5454e+01,7.5723e+01,7.5675e+01,7.5341e+01,7.4825e+01,7.4079e+01,7.4598e+01,7.4539e+01,7.4361e+01,7.3643e+01,7.4054e+01,7.3873e+01,7.4296e+01,7.4586e+01,7.4629e+01,7.4089e+01,7.4219e+01,7.4112e+01,7.3572e+01,7.3594e+01,7.3825e+01,7.3340e+01,7.3719e+01,7.3346e+01,7.2890e+01,7.2775e+01,7.2983e+01,7.3284e+01,7.3575e+01,7.3760e+01,7.4164e+01,7.4032e+01,7.3521e+01,7.3428e+01,7.2839e+01,7.3065e+01,7.3591e+01,7.3982e+01,7.4590e+01,7.5656e+01,7.6099e+01,7.6773e+01,7.7986e+01,7.8958e+01,7.9518e+01,8.0078e+01,8.0476e+01,8.0524e+01,8.1353e+01,8.1916e+01,8.2354e+01,8.2410e+01,8.2385e+01,8.2696e+01,8.2639e+01,8.2551e+01,8.2904e+01,8.3184e+01,8.3475e+01,8.3994e+01,8.4390e+01,8.4495e+01,8.4715e+01,8.4928e+01,8.5030e+01,8.4999e+01,8.5042e+01,8.5234e+01,8.5283e+01,8.5361e+01,8.5530e+01,8.5698e+01,8.5856e+01,8.6330e+01,8.6425e+01
7.8697e+01,7.8464e+01,7.7898e+01,7.7366e+01,7.6840e+01,7.6751e+01,7.7361e+01,7.7158e+01,7.7614e+01,7.7038e+01,7.6352e+01,7.6394e+01,7.6105e+01,7.6414e+01,7.6530e+01,7.7132e+01,7.7469e+01,7.8061e+01,7.8194e+01,7.7908e+01,7.7431e+01,7.7213e+01,7.7022e+01,7.7099e+01,7.7096e+01,7.7298e+01,7.7887e+01,7.7835e+01,7.7123e+01,7.6980e+01,7.6286e+01,7.6282e+01,7.7084e+01,7.6580e+01,7.5611e+01,7.5017e+01,7.4844e+01,7.4327e+01,7.4552e+01,7.4273e+01,7.3375e+01,7.3310e+01,7.3741e+01,7.3983e+01,7.4022e+01,7.3941e+01,7.3930e+01,7.3855e+01,7.4201e+01,7.4916e+01,7.5401e+01,7.5827e+01,7.6129e+01,7.6892e+01,7.6818e+01,7.7728e+01,7.8834e+01,7.9182e+01,7.8323e+01,7.8454e+01,7.8840e+01,7.8769e+01,7.8531e+01,7.8464e+01,7.7607e+01,7.8428e+01,7.9478e+01,7.9610e+01,8.0629e+01,8.0266e+01,8.0091e+01,7.9409e+01,7.8104e+01,7.7723e+01,7.6468e+01,7.6221e+01,7.5191e+01,7.4749e+01,7.3889e+01,7.3451e+01,7.3535e+01,7.3443e+01,7.4021e+01,7.3777e+01,7.3992e+01,7.4140e+01,7.4518e+01,7.4356e+01,7.3695e+01,7.3600e+01,7.3284e+01,7.3202e+01,7.2783e+01,7.3302e+01,7.3925e+01,7.4587e+01,7.5044e+01,7.5812e+01,7.6085e+01,7.6049e+01,7.5723e+01,7.5213e+01,7.4484e+01,7.5007e+01,7.4959e+01,7.4793e+01,7.4086e+01,7.4493e+01,7.4306e+01,7.4715e+01,7.5001e+01,7.5048e+01,7.4518e+01,7.4650e+01,7.4553e+01,7.4019e+01,7.4042e+01,7.4285e+01,7.3812e+01,7.4201e+01,7.3848e+01,7.3396e+01,7.3294e+01,7.3523e+01,7.3855e+01,7.4150e+01,7.4339e+01,7.4765e+01,7.4611e+01,7.4075e+01,7.3973e+01,7.3387e+01,7.3596e+01,7.4098e+01,7.4491e+01,7.5086e+01,7.6138e+01,7.6562e+01,7.7219e+01,7.8428e+01,7.9382e+01,7.9937e+01,8.0489e+01,8.0874e+01,8.0908e+01,8.1729e+01,8.2278e+01,8.2706e+01,8.2752e+01,8.2731e+01,8.3040e+01,8.2975e+01,8.2875e+01,8.3215e+01,8.3480e+01,8.3777e+01,8.4281e+01,8.4674e+01,8.4783e+01,8.5001e+01,8.5212e+01,8.5316e+01,8.5290e+01,8.5341e+01,8.5534e+01,8.5579e+01,8.5652e+01,8.5820e+01,8.5985e+01,8.6140e+01,8.6608e+01,8.6703e+01
7.9200e+01,7.8993e+01,7.8436e+01,7.7922e+01,7.7389e+01,7.7305e+01,7.7909e+01,7.7669e+01,7.8102e+01,7.7499e+01,7.6811e+01,7.6873e+01,7.6591e+01,7.6918e+01,7.7049e+01,7.7661e+01,7.8001e+01,7.8559e+01,7.8672e+01,7.8383e+01,7.7923e+01,7.7707e+01,7.7509e+01,7.7561e+01,7.7570e+01,7.7715e+01,7.8305e+01,7.8278e+01,7.7550e+01,7.7376e+01,7.6681e+01,7.6698e+01,7.7482e+01,7.6967e+01,7.6014e+01,7.5444e+01,7.5271e+01,7.4745e+01,7.4960e+01,7.4659e+01,7.3751e+01,7.3662e+01,7.4077e+01,7.4295e+01,7.4328e+01,7.4224e+01,7.4201e+01,7.4102e+01,7.4434e+01,7.5147e+01,7.5636e+01,7.6076e+01,7.6382e+01,7.7156e+01,7.7092e+01,7.7988e+01,7.9085e+01,7.9415e+01,7.8546e+01,7.8668e+01,7.9039e+01,7.8961e+01,7.8712e+01,7.8647e+01,7.7795e+01,7.8616e+01,7.9667e+01,7.9810e+01,8.0837e+01,8.0483e+01,8.0311e+01,7.9641e+01,7.8341e+01,7.7971e+01,7.6721e+01,7.6484e+01,7.5462e+01,7.5007e+01,7.4147e+01,7.3713e+01,7.3777e+01,7.3676e+01,7.4241e+01,7.3988e+01,7.4179e+01,7.4313e+01,7.4672e+01,7.4514e+01,7.3865e+01,7.3786e+01,7.3477e+01,7.3412e+01,7.3010e+01,7.3521e+01,7.4125e+01,7.4786e+01,7.5240e+01,7.6012e+01,7.6286e+01,7.6266e+01,7.5956e+01,7.5453e+01,7.4742e+01,7.5277e+01,7.5247e+01,7.5092e+01,7.4390e+01,7.4798e+01,7.4599e+01,7.4993e+01,7.5274e+01,7.5327e+01,7.4806e+01,7.4945e+01,7.4862e+01,7.4328e+01,7.4351e+01,7.4611e+01,7.4149e+01,7.4548e+01,7.4213e+01,7.3763e+01,7.3673e+01,7.3924e+01,7.4282e+01,7.4581e+01,7.4776e+01,7.5228e+01,7.5057e+01,7.4495e+01,7.4388e+01,7.3807e+01,7.4004e+01,7.4486e+01,7.4884e+01,7.5469e+01,7.6509e+01,7.6918e+01,7.7561e+01,7.8769e+01,7.9710e+01,8.0259e+01,8.0802e+01,8.1172e+01,8.1193e+01,8.2003e+01,8.2543e+01,8.2960e+01,8.2998e+01,8.2979e+01,8.3285e+01,8.3213e+01,8.3107e+01,8.3438e+01,8.3693e+01,8.3994e+01,8.4489e+01,8.4881e+01,8.4999e+01,8.5219e+01,8.5427e+01,8.5532e+01,8.5511e+01,8.5569e+01,8.5767e+01,8.5813e+01,8.5884e+01,8.6052e+01,8.6214e+01,8.6365e+01,8.6827e+01,8.6920e+01
7.9603e+01,7.9401e+01,7.8853e+01,7.8340e+01,7.7808e+01,7.7723e+01,7.8320e+01,7.8066e+01,7.8482e+01,7.7870e+01,7.7190e+01,7.7263e+01,7.6989e+01,7.7326e+01,7.7461e+01,7.8072e+01,7.8403e+01,7.8951e+01,7.9058e+01,7.8761e+01,7.8315e+01,7.8090e+01,7.7896e+01,7.7930e+01,7.7951e+01,7.8071e+01,7.8670e+01,7.8659e+01,7.7924e+01,7.7732e+01,7.7037e+01,7.7065e+01,7.7837e+01,7.7316e+01,7.6373e+01,7.5818e+01,7.5646e+01,7.5116e+01,7.5327e+01,7.5010e+01,7.4094e+01,7.3987e+01,7.4391e+01,7.4590e+01,7.4617e+01,7.4495e+01,7.4466e+01,7.4352e+01,7.4675e+01,7.5381e+01,7.5869e+01,7.6318e+01,7.6628e+01,7.7412e+01,7.7360e+01,7.8244e+01,7.9330e+01,7.9650e+01,7.8771e+01,7.8891e+01,7.9251e+01,7.9169e+01,7.8911e+01,7.8848e+01,7.7998e+01,7.8821e+01,7.9876e+01,8.0028e+01,8.1064e+01,8.0715e+01,8.0547e+01,7.9882e+01,7.8583e+01,7.8220e+01,7.6969e+01,7.6739e+01,7.5722e+01,7.5255e+01,7.4393e+01,7.3958e+01,7.4004e+01,7.3899e+01,7.4458e+01,7.4204e+01,7.4383e+01,7.4515e+01,7.4864e+01,7.4705e+01,7.4064e+01,7.3990e+01,7.3682e+01,7.3626e+01,7.3235e+01,7.3740e+01,7.4329e+01,7.4991e+01,7.5443e+01,7.6216e+01,7.6493e+01,7.6483e+01,7.6182e+01,7.5686e+01,7.4989e+01,7.5533e+01,7.5518e+01,7.5372e+01,7.4674e+01,7.5080e+01,7.4871e+01,7.5253e+01,7.5530e+01,7.5586e+01,7.5072e+01,7.5215e+01,7.5145e+01,7.4613e+01,7.4637e+01,7.4911e+01,7.4458e+01,7.4867e+01,7.4547e+01,7.4097e+01,7.4018e+01,7.4283e+01,7.4659e+01,7.4962e+01,7.5159e+01,7.5624e+01,7.5439e+01,7.4856e+01,7.4751e+01,7.4175e+01,7.4362e+01,7.4832e+01,7.5238e+01,7.5830e+01,7.6866e+01,7.7265e+01,7.7904e+01,7.9109e+01,8.0039e+01,8.0588e+01,8.1118e+01,8.1475e+01,8.1489e+01,8.2291e+01,8.2814e+01,8.3225e+01,8.3254e+01,8.3240e+01,8.3550e+01,8.3476e+01,8.3360e+01,8.3684e+01,8.3934e+01,8.4242e+01,8.4727e+01,8.5115e+01,8.5241e+01,8.5461e+01,8.5667e+01,8.5776e+01,8.5760e+01,8.5824e+01,8.6025e+01,8.6069e+01,8.6143e+01,8.6312e+01,8.6473e+01,8.6624e+01,8.7085e+01,8.7178e+01
7.9872e+01,7.9687e+01,7.9152e+01,7.8657e+01,7.8133e+01,7.8063e+01,7.8662e+01,7.8392e+01,7.8797e+01,7.8170e+01,7.7490e+01,7.7563e+01,7.7288e+01,7.7623e+01,7.7763e+01,7.8367e+01,7.8694e+01,7.9223e+01,7.9331e+01,7.9045e+01,7.8614e+01,7.8404e+01,7.8223e+01,7.8269e+01,7.8302e+01,7.8415e+01,7.9004e+01,7.8988e+01,7.8238e+01,7.8031e+01,7.7326e+01,7.7352e+01,7.8114e+01,7.7580e+01,7.6637e+01,7.6091e+01,7.5920e+01,7.5376e+01,7.5580e+01,7.5254e+01,7.4341e+01,7.4223e+01,7.4613e+01,7.4799e+01,7.4830e+01,7.4700e+01,7.4664e+01,7.4545e+01,7.4860e+01,7.5555e+01,7.6039e+01,7.6484e+01,7.6791e+01,7.7572e+01,7.7528e+01,7.8400e+01,7.9474e+01,7.9788e+01,7.8911e+01,7.9032e+01,7.9388e+01,7.9307e+01,7.9047e+01,7.8985e+01,7.8139e+01,7.8963e+01,8.0017e+01,8.0172e+01,8.1212e+01,8.0866e+01,8.0702e+01,8.0042e+01,7.8747e+01,7.8386e+01,7.7143e+01,7.6923e+01,7.5917e+01,7.5450e+01,7.4598e+01,7.4179e+01,7.4226e+01,7.4131e+01,7.4685e+01,7.4437e+01,7.4606e+01,7.4735e+01,7.5072e+01,7.4920e+01,7.4287e+01,7.4222e+01,7.3917e+01,7.3869e+01,7.3486e+01,7.3992e+01,7.4574e+01,7.5236e+01,7.5683e+01,7.6456e+01,7.6732e+01,7.6727e+01,7.6429e+01,7.5938e+01,7.5247e+01,7.5793e+01,7.5784e+01,7.5636e+01,7.4938e+01,7.5338e+01,7.5125e+01,7.5506e+01,7.5779e+01,7.5831e+01,7.5315e+01,7.5453e+01,7.5384e+01,7.4853e+01,7.4871e+01,7.5146e+01,7.4698e+01,7.5104e+01,7.4794e+01,7.4353e+01,7.4283e+01,7.4560e+01,7.4945e+01,7.5247e+01,7.5434e+01,7.5904e+01,7.5703e+01,7.5105e+01,7.4993e+01,7.4415e+01,7.4587e+01,7.5043e+01,7.5447e+01,7.6035e+01,7.7063e+01,7.7451e+01,7.8085e+01,7.9287e+01,8.0212e+01,8.0760e+01,8.1285e+01,8.1634e+01,8.1643e+01,8.2441e+01,8.2958e+01,8.3364e+01,8.3393e+01,8.3381e+01,8.3691e+01,8.3617e+01,8.3496e+01,8.3816e+01,8.4063e+01,8.4372e+01,8.4852e+01,8.5238e+01,8.5362e+01,8.5583e+01,8.5791e+01,8.5902e+01,8.5894e+01,8.5960e+01,8.6164e+01,8.6209e+01,8.6284e+01,8.6453e+01,8.6615e+01,8.6762e+01,8.7218e+01,8.7309e+01
8.0301e+01,8.0128e+01,7.9603e+01,7.9124e+01,7.8605e+01,7.8547e+01,7.9145e+01,7.8858e+01,7.9247e+01,7.8598e+01,7.7920e+01,7.7995e+01,7.7723e+01,7.8062e+01,7.8212e+01,7.8815e+01,7.9146e+01,7.9656e+01,7.9763e+01,7.9490e+01,7.9069e+01,7.8875e+01,7.8703e+01,7.8759e+01,7.8797e+01,7.8890e+01,7.9462e+01,7.9441e+01,7.8671e+01,7.8441e+01,7.7723e+01,7.7750e+01,7.8494e+01,7.7946e+01,7.7009e+01,7.6478e+01,7.6310e+01,7.5754e+01,7.5955e+01,7.5616e+01,7.4704e+01,7.4574e+01,7.4953e+01,7.5126e+01,7.5151e+01,7.5017e+01,7.4986e+01,7.4867e+01,7.5183e+01,7.5871e+01,7.6357e+01,7.6798e+01,7.7097e+01,7.7874e+01,7.7827e+01,7.8686e+01,7.9752e+01,8.0056e+01,7.9185e+01,7.9299e+01,7.9653e+01,7.9568e+01,7.9307e+01,7.9237e+01,7.8390e+01,7.9202e+01,8.0255e+01,8.0413e+01,8.1450e+01,8.1105e+01,8.0937e+01,8.0285e+01,7.9000e+01,7.8650e+01,7.7418e+01,7.7198e+01,7.6206e+01,7.5734e+01,7.4893e+01,7.4473e+01,7.4507e+01,7.4405e+01,7.4944e+01,7.4700e+01,7.4862e+01,7.4992e+01,7.5326e+01,7.5181e+01,7.4561e+01,7.4498e+01,7.4204e+01,7.4162e+01,7.3792e+01,7.4301e+01,7.4870e+01,7.5527e+01,7.5962e+01,7.6731e+01,7.6999e+01,7.6998e+01,7.6710e+01,7.6231e+01,7.5549e+01,7.6103e+01,7.6111e+01,7.5961e+01,7.5265e+01,7.5654e+01,7.5428e+01,7.5800e+01,7.6062e+01,7.6109e+01,7.5599e+01,7.5735e+01,7.5675e+01,7.5153e+01,7.5173e+01,7.5458e+01,7.5023e+01,7.5437e+01,7.5143e+01,7.4707e+01,7.4653e+01,7.4945e+01,7.5349e+01,7.5659e+01,7.5840e+01,7.6327e+01,7.6107e+01,7.5489e+01,7.5369e+01,7.4791e+01,7.4950e+01,7.5387e+01,7.5782e+01,7.6362e+01,7.7381e+01,7.7763e+01,7.8387e+01,7.9583e+01,8.0498e+01,8.1041e+01,8.1556e+01,8.1895e+01,8.1900e+01,8.2691e+01,8.3204e+01,8.3607e+01,8.3636e+01,8.3626e+01,8.3938e+01,8.3862e+01,8.3737e+01,8.4052e+01,8.4297e+01,8.4609e+01,8.5087e+01,8.5470e+01,8.5597e+01,8.5822e+01,8.6031e+01,8.6142e+01,8.6135e+01,8.6205e+01,8.6410e+01,8.6457e+01,8.6529e+01,8.6697e+01,8.6855e+01,8.7000e+01,8.7452e+01,8.7541e+01
8.0475e+01,8.0314e+01,7.9798e+01,7.9331e+01,7.8817e+01,7.8774e+01,7.9373e+01,7.9076e+01,7.9457e+01,7.8794e+01,7.8117e+01,7.8187e+01,7.7913e+01,7.8248e+01,7.8402e+01,7.9001e+01,7.9332e+01,7.9828e+01,7.9933e+01,7.9668e+01,7.9258e+01,7.9082e+01,7.8922e+01,7.8994e+01,7.9038e+01,7.9136e+01,7.9693e+01,7.9660e+01,7.8879e+01,7.8641e+01,7.7915e+01,7.7940e+01,7.8676e+01,7.8117e+01,7.7176e+01,7.6652e+01,7.6481e+01,7.5913e+01,7.6110e+01,7.5766e+01,7.4856e+01,7.4723e+01,7.5100e+01,7.5273e+01,7.5303e+01,7.5172e+01,7.5140e+01,7.5025e+01,7.5338e+01,7.6019e+01,7.6503e+01,7.6942e+01,7.7240e+01,7.8018e+01,7.7976e+01,7.8833e+01,7.9895e+01,8.0199e+01,7.9323e+01,7.9443e+01,7.9796e+01,7.9714e+01,7.9453e+01,7.9386e+01,7.8541e+01,7.9353e+01,8.0406e+01,8.0565e+01,8.1605e+01,8.1260e+01,8.1094e+01,8.0440e+01,7.9154e+01,7.8800e+01,7.7568e+01,7.7350e+01,7.6360e+01,7.5896e+01,7.5062e+01,7.4647e+01,7.4684e+01,7.4584e+01,7.5117e+01,7.4882e+01,7.5043e+01,7.5183e+01,7.5520e+01,7.5385e+01,7.4774e+01,7.4712e+01,7.4429e+01,7.4389e+01,7.4027e+01,7.4546e+01,7.5110e+01,7.5760e+01,7.6182e+01,7.6944e+01,7.7200e+01,7.7193e+01,7.6910e+01,7.6441e+01,7.5757e+01,7.6306e+01,7.6318e+01,7.6158e+01,7.5461e+01,7.5837e+01,7.5605e+01,7.5978e+01,7.6228e+01,7.6265e+01,7.5755e+01,7.5882e+01,7.5824e+01,7.5308e+01,7.5325e+01,7.5609e+01,7.5179e+01,7.5590e+01,7.5300e+01,7.4870e+01,7.4822e+01,7.5123e+01,7.5529e+01,7.5837e+01,7.6009e+01,7.6500e+01,7.6267e+01,7.5637e+01,7.5514e+01,7.4935e+01,7.5091e+01,7.5529e+01,7.5928e+01,7.6510e+01,7.7528e+01,7.7912e+01,7.8540e+01,7.9738e+01,8.0656e+01,8.1195e+01,8.1710e+01,8.2050e+01,8.2049e+01,8.2840e+01,8.3349e+01,8.3748e+01,8.3775e+01,8.3765e+01,8.4080e+01,8.4007e+01,8.3887e+01,8.4206e+01,8.4457e+01,8.4767e+01,8.5249e+01,8.5628e+01,8.5749e+01,8.5976e+01,8.6190e+01,8.6306e+01,8.6302e+01,8.6371e+01,8.6581e+01,8.6631e+01,8.6705e+01,8.6876e+01,8.7040e+01,8.7185e+01,8.7637e+01,8.7725e+01
8.0667e+01,8.0508e+01,7.9994e+01,7.9526e+01,7.9015e+01,7.8976e+01,7.9579e+01,7.9279e+01,7.9657e+01,7.8988e+01,7.8312e+01,7.8382e+01,7.8104e+01,7.8439e+01,7.8590e+01,7.9186e+01,7.9515e+01,8.0004e+01,8.0096e+01,7.9819e+01,7.9421e+01,7.9247e+01,7.9100e+01,7.9178e+01,7.9231e+01,7.9328e+01,7.9886e+01,7.9853e+01,7.9066e+01,7.8826e+01,7.8096e+01,7.8121e+01,7.8855e+01,7.8292e+01,7.7352e+01,7.6829e+01,7.6658e+01,7.6090e+01,7.6289e+01,7.5947e+01,7.5037e+01,7.4908e+01,7.5284e+01,7.5456e+01,7.5487e+01,7.5359e+01,7.5328e+01,7.5218e+01,7.5532e+01,7.6205e+01,7.6688e+01,7.7122e+01,7.7413e+01,7.8190e+01,7.8148e+01,7.9000e+01,8.0058e+01,8.0358e+01,7.9482e+01,7.9610e+01,7.9968e+01,7.9892e+01,7.9635e+01,7.9569e+01,7.8723e+01,7.9536e+01,8.0590e+01,8.0747e+01,8.1788e+01,8.1440e+01,8.1274e+01,8.0617e+01,7.9329e+01,7.8972e+01,7.7742e+01,7.7527e+01,7.6541e+01,7.6084e+01,7.5258e+01,7.4848e+01,7.4891e+01,7.4792e+01,7.5315e+01,7.5085e+01,7.5252e+01,7.5395e+01,7.5736e+01,7.5601e+01,7.4994e+01,7.4928e+01,7.4648e+01,7.4604e+01,7.4244e+01,7.4759e+01,7.5322e+01,7.5966e+01,7.6384e+01,7.7140e+01,7.7393e+01,7.7381e+01,7.7099e+01,7.6633e+01,7.5948e+01,7.6493e+01,7.6506e+01,7.6343e+01,7.5648e+01,7.6019e+01,7.5787e+01,7.6160e+01,7.6407e+01,7.6441e+01,7.5932e+01,7.6056e+01,7.5997e+01,7.5486e+01,7.5503e+01,7.5785e+01,7.5358e+01,7.5767e+01,7.5476e+01,7.5046e+01,7.4997e+01,7.5295e+01,7.5700e+01,7.6005e+01,7.6178e+01,7.6674e+01,7.6441e+01,7.5810e+01,7.5691e+01,7.5116e+01,7.5267e+01,7.5704e+01,7.6102e+01,7.6687e+01,7.7709e+01,7.8094e+01,7.8726e+01,7.9928e+01,8.0850e+01,8.1385e+01,8.1898e+01,8.2236e+01,8.2232e+01,8.3021e+01,8.3530e+01,8.3925e+01,8.3955e+01,8.3947e+01,8.4267e+01,8.4196e+01,8.4080e+01,8.4402e+01,8.4656e+01,8.4968e+01,8.5454e+01,8.5828e+01,8.5949e+01,8.6179e+01,8.6396e+01,8.6512e+01,8.6510e+01,8.6583e+01,8.6793e+01,8.6843e+01,8.6914e+01,8.7082e+01,8.7243e+01,8.7386e+01,8.7836e+01,8.7924e+01
8.1135e+01,8.0989e+01,8.0478e+01,8.0020e+01,7.9503e+01,7.9468e+01,8.0069e+01,7.9751e+01,8.0122e+01,7.9434e+01,7.8753e+01,7.8830e+01,7.8551e+01,7.8895e+01,7.9056e+01,7.9658e+01,7.9994e+01,8.0465e+01,8.0546e+01,8.0274e+01,7.9874e+01,7.9706e+01,7.9550e+01,7.9619e+01,7.9680e+01,7.9758e+01,8.0307e+01,8.0279e+01,7.9479e+01,7.9222e+01,7.8488e+01,7.8526e+01,7.9245e+01,7.8671e+01,7.7742e+01,7.7241e+01,7.7070e+01,7.6492e+01,7.6685e+01,7.6323e+01,7.5407e+01,7.5259e+01,7.5625e+01,7.5780e+01,7.5809e+01,7.5665e+01,7.5624e+01,7.5497e+01,7.5800e+01,7.6471e+01,7.6956e+01,7.7403e+01,7.7702e+01,7.8497e+01,7.8466e+01,7.9316e+01,8.0376e+01,8.0672e+01,7.9769e+01,7.9897e+01,8.0244e+01,8.0163e+01,7.9897e+01,7.9834e+01,7.8992e+01,7.9806e+01,8.0862e+01,8.1028e+01,8.2079e+01,8.1739e+01,8.1575e+01,8.0924e+01,7.9635e+01,7.9280e+01,7.8046e+01,7.7837e+01,7.6851e+01,7.6389e+01,7.5561e+01,7.5155e+01,7.5194e+01,7.5094e+01,7.5614e+01,7.5378e+01,7.5536e+01,7.5670e+01,7.6002e+01,7.5868e+01,7.5268e+01,7.5207e+01,7.4932e+01,7.4895e+01,7.4543e+01,7.5059e+01,7.5612e+01,7.6256e+01,7.6669e+01,7.7425e+01,7.7675e+01,7.7670e+01,7.7397e+01,7.6938e+01,7.6260e+01,7.6814e+01,7.6837e+01,7.6676e+01,7.5982e+01,7.6350e+01,7.6110e+01,7.6476e+01,7.6717e+01,7.6752e+01,7.6248e+01,7.6375e+01,7.6327e+01,7.5816e+01,7.5832e+01,7.6124e+01,7.5702e+01,7.6119e+01,7.5840e+01,7.5410e+01,7.5371e+01,7.5684e+01,7.6109e+01,7.6421e+01,7.6602e+01,7.7120e+01,7.6874e+01,7.6222e+01,7.6094e+01,7.5517e+01,7.5661e+01,7.6090e+01,7.6491e+01,7.7070e+01,7.8080e+01,7.8460e+01,7.9088e+01,8.0284e+01,8.1200e+01,8.1724e+01,8.2228e+01,8.2554e+01,8.2538e+01,8.3316e+01,8.3816e+01,8.4200e+01,8.4225e+01,8.4222e+01,8.4541e+01,8.4473e+01,8.4358e+01,8.4676e+01,8.4924e+01,8.5235e+01,8.5717e+01,8.6087e+01,8.6213e+01,8.6442e+01,8.6660e+01,8.6776e+01,8.6774e+01,8.6854e+01,8.7065e+01,8.7113e+01,8.7180e+01,8.7348e+01,8.7506e+01,8.7649e+01,8.8097e+01,8.8184e+01
8.1464e+01,8.1341e+01,8.0839e+01,8.0401e+01,7.9890e+01,7.9871e+01,8.0473e+01,8.0142e+01,8.0509e+01,7.9803e+01,7.9113e+01,7.9181e+01,7.8897e+01,7.9238e+01,7.9408e+01,8.0009e+01,8.0354e+01,8.0798e+01,8.0873e+01,8.0622e+01,8.0231e+01,8.0097e+01,7.9949e+01,8.0039e+01,8.0104e+01,8.0183e+01,8.0711e+01,8.0666e+01,7.9842e+01,7.9572e+01,7.8818e+01,7.8855e+01,7.9562e+01,7.8968e+01,7.8038e+01,7.7551e+01,7.7372e+01,7.6773e+01,7.6950e+01,7.6571e+01,7.5657e+01,7.5490e+01,7.5844e+01,7.5988e+01,7.6029e+01,7.5879e+01,7.5822e+01,7.5693e+01,7.5980e+01,7.6641e+01,7.7114e+01,7.7562e+01,7.7870e+01,7.8670e+01,7.8656e+01,7.9511e+01,8.0571e+01,8.0882e+01,7.9974e+01,8.0114e+01,8.0462e+01,8.0382e+01,8.0112e+01,8.0054e+01,7.9216e+01,8.0036e+01,8.1090e+01,8.1258e+01,8.2312e+01,8.1974e+01,8.1813e+01,8.1160e+01,7.9869e+01,7.9506e+01,7.8270e+01,7.8069e+01,7.7082e+01,7.6627e+01,7.5801e+01,7.5403e+01,7.5448e+01,7.5353e+01,7.5877e+01,7.5638e+01,7.5790e+01,7.5921e+01,7.6247e+01,7.6118e+01,7.5524e+01,7.5473e+01,7.5206e+01,7.5179e+01,7.4837e+01,7.5367e+01,7.5912e+01,7.6558e+01,7.6961e+01,7.7720e+01,7.7962e+01,7.7960e+01,7.7698e+01,7.7249e+01,7.6572e+01,7.7134e+01,7.7169e+01,7.6998e+01,7.6294e+01,7.6654e+01,7.6402e+01,7.6769e+01,7.7002e+01,7.7030e+01,7.6524e+01,7.6646e+01,7.6599e+01,7.6085e+01,7.6091e+01,7.6381e+01,7.5960e+01,7.6370e+01,7.6104e+01,7.5688e+01,7.5661e+01,7.5998e+01,7.6430e+01,7.6734e+01,7.6903e+01,7.7437e+01,7.7167e+01,7.6492e+01,7.6353e+01,7.5775e+01,7.5906e+01,7.6323e+01,7.6723e+01,7.7291e+01,7.8287e+01,7.8657e+01,7.9280e+01,8.0471e+01,8.1383e+01,8.1902e+01,8.2403e+01,8.2723e+01,8.2700e+01,8.3467e+01,8.3960e+01,8.4341e+01,8.4363e+01,8.4361e+01,8.4681e+01,8.4615e+01,8.4502e+01,8.4820e+01,8.5071e+01,8.5383e+01,8.5867e+01,8.6228e+01,8.6353e+01,8.6585e+01,8.6804e+01,8.6923e+01,8.6920e+01,8.7003e+01,8.7215e+01,8.7261e+01,8.7326e+01,8.7495e+01,8.7653e+01,8.7798e+01,8.8247e+01,8.8335e+01
8.1956e+01,8.1840e+01,8.1341e+01,8.0910e+01,8.0395e+01,8.0371e+01,8.0959e+01,8.0621e+01,8.0970e+01,8.0257e+01,7.9578e+01,7.9659e+01,7.9386e+01,7.9738e+01,7.9920e+01,8.0523e+01,8.0871e+01,8.1312e+01,8.1394e+01,8.1155e+01,8.0759e+01,8.0622e+01,8.0460e+01,8.0534e+01,8.0588e+01,8.0642e+01,8.1160e+01,8.1121e+01,8.0295e+01,8.0003e+01,7.9253e+01,7.9298e+01,7.9985e+01,7.9386e+01,7.8471e+01,7.8002e+01,7.7835e+01,7.7229e+01,7.7407e+01,7.7010e+01,7.6096e+01,7.5914e+01,7.6252e+01,7.6376e+01,7.6407e+01,7.6244e+01,7.6186e+01,7.6046e+01,7.6330e+01,7.6983e+01,7.7466e+01,7.7923e+01,7.8225e+01,7.9044e+01,7.9029e+01,7.9879e+01,8.0949e+01,8.1251e+01,8.0325e+01,8.0454e+01,8.0796e+01,8.0706e+01,8.0428e+01,8.0369e+01,7.9532e+01,8.0351e+01,8.1404e+01,8.1577e+01,8.2636e+01,8.2301e+01,8.2139e+01,8.1492e+01,8.0201e+01,7.9845e+01,7.8608e+01,7.8410e+01,7.7429e+01,7.6971e+01,7.6150e+01,7.5753e+01,7.5792e+01,7.5695e+01,7.6210e+01,7.5971e+01,7.6125e+01,7.6252e+01,7.6576e+01,7.6443e+01,7.5853e+01,7.5800e+01,7.5536e+01,7.5511e+01,7.5179e+01,7.5705e+01,7.6239e+01,7.6878e+01,7.7276e+01,7.8029e+01,7.8267e+01,7.8267e+01,7.8012e+01,7.7572e+01,7.6906e+01,7.7472e+01,7.7520e+01,7.7352e+01,7.6655e+01,7.7006e+01,7.6746e+01,7.7102e+01,7.7327e+01,7.7355e+01,7.6859e+01,7.6982e+01,7.6946e+01,7.6441e+01,7.6453e+01,7.6755e+01,7.6350e+01,7.6773e+01,7.6525e+01,7.6110e+01,7.6104e+01,7.6449e+01,7.6906e+01,7.7230e+01,7.7401e+01,7.7948e+01,7.7665e+01,7.6974e+01,7.6820e+01,7.6234e+01,7.6346e+01,7.6750e+01,7.7141e+01,7.7702e+01,7.8689e+01,7.9057e+01,7.9673e+01,8.0855e+01,8.1757e+01,8.2269e+01,8.2758e+01,8.3064e+01,8.3033e+01,8.3788e+01,8.4274e+01,8.4649e+01,8.4670e+01,8.4677e+01,8.5001e+01,8.4937e+01,8.4824e+01,8.5136e+01,8.5384e+01,8.5699e+01,8.6178e+01,8.6537e+01,8.6671e+01,8.6905e+01,8.7120e+01,8.7237e+01,8.7230e+01,8.7313e+01,8.7520e+01,8.7564e+01,8.7626e+01,8.7796e+01,8.7950e+01,8.8094e+01,8.8539e+01,8.8628e+01
8.2424e+01,8.2315e+01,8.1820e+01,8.1397e+01,8.0881e+01,8.0857e+01,8.1436e+01,8.1092e+01,8.1431e+01,8.0708e+01,8.0033e+01,8.0118e+01,7.9852e+01,8.0209e+01,8.0400e+01,8.1004e+01,8.1355e+01,8.1789e+01,8.1875e+01,8.1644e+01,8.1248e+01,8.1116e+01,8.0947e+01,8.1013e+01,8.1060e+01,8.1100e+01,8.1611e+01,8.1572e+01,8.0740e+01,8.0428e+01,7.9674e+01,7.9726e+01,8.0393e+01,7.9783e+01,7.8880e+01,7.8430e+01,7.8271e+01,7.7653e+01,7.7829e+01,7.7413e+01,7.6495e+01,7.6295e+01,7.6624e+01,7.6730e+01,7.6757e+01,7.6580e+01,7.6512e+01,7.6350e+01,7.6622e+01,7.7279e+01,7.7770e+01,7.8256e+01,7.8573e+01,7.9410e+01,7.9397e+01,8.0243e+01,8.1315e+01,8.1601e+01,8.0660e+01,8.0773e+01,8.1095e+01,8.0994e+01,8.0704e+01,8.0647e+01,7.9816e+01,8.0633e+01,8.1687e+01,8.1868e+01,8.2934e+01,8.2608e+01,8.2448e+01,8.1810e+01,8.0523e+01,8.0177e+01,7.8938e+01,7.8741e+01,7.7761e+01,7.7294e+01,7.6467e+01,7.6067e+01,7.6096e+01,7.5989e+01,7.6500e+01,7.6252e+01,7.6398e+01,7.6514e+01,7.6830e+01,7.6692e+01,7.6104e+01,7.6056e+01,7.5793e+01,7.5775e+01,7.5451e+01,7.5982e+01,7.6505e+01,7.7145e+01,7.7535e+01,7.8290e+01,7.8525e+01,7.8533e+01,7.8291e+01,7.7860e+01,7.7205e+01,7.7782e+01,7.7847e+01,7.7683e+01,7.6988e+01,7.7335e+01,7.7065e+01,7.7409e+01,7.7627e+01,7.7658e+01,7.7170e+01,7.7299e+01,7.7277e+01,7.6776e+01,7.6791e+01,7.7109e+01,7.6713e+01,7.7147e+01,7.6913e+01,7.6500e+01,7.6513e+01,7.6871e+01,7.7348e+01,7.7686e+01,7.7858e+01,7.8419e+01,7.8123e+01,7.7417e+01,7.7251e+01,7.6660e+01,7.6762e+01,7.7160e+01,7.7549e+01,7.8102e+01,7.9077e+01,7.9445e+01,8.0052e+01,8.1225e+01,8.2117e+01,8.2621e+01,8.3099e+01,8.3395e+01,8.3358e+01,8.4097e+01,8.4574e+01,8.4940e+01,8.4954e+01,8.4966e+01,8.5289e+01,8.5230e+01,8.5116e+01,8.5425e+01,8.5668e+01,8.5983e+01,8.6460e+01,8.6820e+01,8.6962e+01,8.7194e+01,8.7405e+01,8.7518e+01,8.7506e+01,8.7590e+01,8.7796e+01,8.7837e+01,8.7895e+01,8.8066e+01,8.8220e+01,8.8367e+01,8.8814e+01,8.8905e+01
8.2778e+01,8.2681e+01,8.2195e+01,8.1779e+01,8.1269e+01,8.1246e+01,8.1821e+01,8.1479e+01,8.1814e+01,8.1094e+01,8.0425e+01,8.0510e+01,8.0245e+01,8.0598e+01,8.0790e+01,8.1387e+01,8.1733e+01,8.2160e+01,8.2248e+01,8.2021e+01,8.1634e+01,8.1504e+01,8.1340e+01,8.1403e+01,8.1448e+01,8.1481e+01,8.1992e+01,8.1957e+01,8.1130e+01,8.0813e+01,8.0062e+01,8.0113e+01,8.0773e+01,8.0159e+01,7.9258e+01,7.8812e+01,7.8652e+01,7.8026e+01,7.8194e+01,7.7770e+01,7.6860e+01,7.6646e+01,7.6957e+01,7.7050e+01,7.7082e+01,7.6897e+01,7.6818e+01,7.6649e+01,7.6907e+01,7.7551e+01,7.8038e+01,7.8533e+01,7.8860e+01,7.9705e+01,7.9700e+01,8.0547e+01,8.1619e+01,8.1908e+01,8.0968e+01,8.1079e+01,8.1399e+01,8.1294e+01,8.1001e+01,8.0946e+01,8.0118e+01,8.0935e+01,8.1987e+01,8.2169e+01,8.3234e+01,8.2910e+01,8.2750e+01,8.2114e+01,8.0829e+01,8.0482e+01,7.9246e+01,7.9053e+01,7.8076e+01,7.7612e+01,7.6790e+01,7.6395e+01,7.6421e+01,7.6315e+01,7.6824e+01,7.6573e+01,7.6714e+01,7.6825e+01,7.7133e+01,7.6990e+01,7.6401e+01,7.6359e+01,7.6094e+01,7.6089e+01,7.5775e+01,7.6309e+01,7.6819e+01,7.7463e+01,7.7851e+01,7.8607e+01,7.8840e+01,7.8854e+01,7.8621e+01,7.8200e+01,7.7555e+01,7.8138e+01,7.8214e+01,7.8053e+01,7.7361e+01,7.7700e+01,7.7420e+01,7.7757e+01,7.7967e+01,7.7995e+01,7.7511e+01,7.7636e+01,7.7619e+01,7.7122e+01,7.7134e+01,7.7453e+01,7.7066e+01,7.7498e+01,7.7279e+01,7.6879e+01,7.6905e+01,7.7272e+01,7.7753e+01,7.8090e+01,7.8250e+01,7.8811e+01,7.8500e+01,7.7782e+01,7.7610e+01,7.7020e+01,7.7106e+01,7.7487e+01,7.7871e+01,7.8422e+01,7.9386e+01,7.9749e+01,8.0351e+01,8.1516e+01,8.2397e+01,8.2898e+01,8.3366e+01,8.3652e+01,8.3612e+01,8.4339e+01,8.4805e+01,8.5167e+01,8.5179e+01,8.5196e+01,8.5526e+01,8.5467e+01,8.5347e+01,8.5653e+01,8.5895e+01,8.6216e+01,8.6691e+01,8.7048e+01,8.7201e+01,8.7438e+01,8.7648e+01,8.7760e+01,8.7747e+01,8.7831e+01,8.8038e+01,8.8082e+01,8.8140e+01,8.8316e+01,8.8470e+01,8.8618e+01,8.9065e+01,8.9157e+01
8.3148e+01,8.3045e+01,8.2558e+01,8.2138e+01,8.1625e+01,8.1595e+01,8.2165e+01,8.1823e+01,8.2146e+01,8.1424e+01,8.0767e+01,8.0866e+01,8.0606e+01,8.0969e+01,8.1164e+01,8.1765e+01,8.2108e+01,8.2540e+01,8.2628e+01,8.2398e+01,8.2003e+01,8.1863e+01,8.1696e+01,8.1746e+01,8.1786e+01,8.1804e+01,8.2312e+01,8.2279e+01,8.1452e+01,8.1125e+01,8.0378e+01,8.0432e+01,8.1078e+01,8.0463e+01,7.9572e+01,7.9136e+01,7.8990e+01,7.8361e+01,7.8540e+01,7.8109e+01,7.7192e+01,7.6975e+01,7.7281e+01,7.7360e+01,7.7378e+01,7.7182e+01,7.7111e+01,7.6923e+01,7.7187e+01,7.7840e+01,7.8369e+01,7.8876e+01,7.9185e+01,8.0041e+01,8.0019e+01,8.0855e+01,8.1933e+01,8.2202e+01,8.1246e+01,8.1333e+01,8.1640e+01,8.1520e+01,8.1217e+01,8.1156e+01,8.0326e+01,8.1140e+01,8.2195e+01,8.2386e+01,8.3459e+01,8.3141e+01,8.2983e+01,8.2358e+01,8.1076e+01,8.0742e+01,7.9505e+01,7.9314e+01,7.8341e+01,7.7864e+01,7.7039e+01,7.6645e+01,7.6658e+01,7.6545e+01,7.7044e+01,7.6786e+01,7.6918e+01,7.7019e+01,7.7318e+01,7.7172e+01,7.6587e+01,7.6546e+01,7.6278e+01,7.6275e+01,7.5969e+01,7.6486e+01,7.6987e+01,7.7628e+01,7.8016e+01,7.8771e+01,7.9006e+01,7.9027e+01,7.8802e+01,7.8384e+01,7.7755e+01,7.8343e+01,7.8429e+01,7.8281e+01,7.7601e+01,7.7939e+01,7.7655e+01,7.7978e+01,7.8182e+01,7.8214e+01,7.7744e+01,7.7874e+01,7.7870e+01,7.7382e+01,7.7403e+01,7.7736e+01,7.7363e+01,7.7808e+01,7.7596e+01,7.7190e+01,7.7226e+01,7.7587e+01,7.8080e+01,7.8431e+01,7.8599e+01,7.9167e+01,7.8860e+01,7.8140e+01,7.7966e+01,7.7368e+01,7.7447e+01,7.7831e+01,7.8204e+01,7.8757e+01,7.9725e+01,8.0098e+01,8.0699e+01,8.1863e+01,8.2741e+01,8.3246e+01,8.3702e+01,8.3984e+01,8.3947e+01,8.4666e+01,8.5131e+01,8.5492e+01,8.5506e+01,8.5530e+01,8.5863e+01,8.5810e+01,8.5692e+01,8.5996e+01,8.6234e+01,8.6553e+01,8.7023e+01,8.7380e+01,8.7537e+01,8.7771e+01,8.7976e+01,8.8085e+01,8.8069e+01,8.8153e+01,8.8357e+01,8.8398e+01,8.8451e+01,8.8628e+01,8.8783e+01,8.8934e+01,8.9382e+01,8.9474e+01
8.3512e+01,8.3413e+01,8.2927e+01,8.2514e+01,8.2003e+01,8.1972e+01,8.2537e+01,8.2190e+01,8.2500e+01,8.1776e+01,8.1127e+01,8.1235e+01,8.0979e+01,8.1346e+01,8.1547e+01,8.2150e+01,8.2493e+01,8.2920e+01,8.3011e+01,8.2787e+01,8.2391e+01,8.2258e+01,8.2095e+01,8.2151e+01,8.2186e+01,8.2191e+01,8.2688e+01,8.2647e+01,8.1815e+01,8.1472e+01,8.0720e+01,8.0765e+01,8.1397e+01,8.0784e+01,7.9902e+01,7.9473e+01,7.9334e+01,7.8706e+01,7.8889e+01,7.8455e+01,7.7538e+01,7.7318e+01,7.7611e+01,7.7679e+01,7.7675e+01,7.7471e+01,7.7420e+01,7.7231e+01,7.7520e+01,7.8178e+01,7.8728e+01,7.9218e+01,7.9495e+01,8.0347e+01,8.0306e+01,8.1127e+01,8.2211e+01,8.2463e+01,8.1496e+01,8.1564e+01,8.1870e+01,8.1742e+01,8.1441e+01,8.1369e+01,8.0533e+01,8.1341e+01,8.2399e+01,8.2593e+01,8.3670e+01,8.3352e+01,8.3189e+01,8.2572e+01,8.1294e+01,8.0973e+01,7.9741e+01,7.9554e+01,7.8594e+01,7.8106e+01,7.7287e+01,7.6895e+01,7.6894e+01,7.6776e+01,7.7261e+01,7.7003e+01,7.7127e+01,7.7224e+01,7.7519e+01,7.7375e+01,7.6802e+01,7.6764e+01,7.6502e+01,7.6508e+01,7.6218e+01,7.6732e+01,7.7216e+01,7.7856e+01,7.8237e+01,7.8990e+01,7.9223e+01,7.9250e+01,7.9036e+01,7.8629e+01,7.8012e+01,7.8605e+01,7.8705e+01,7.8559e+01,7.7885e+01,7.8213e+01,7.7921e+01,7.8233e+01,7.8431e+01,7.8463e+01,7.8002e+01,7.8134e+01,7.8136e+01,7.7659e+01,7.7684e+01,7.8027e+01,7.7669e+01,7.8125e+01,7.7926e+01,7.7525e+01,7.7575e+01,7.7938e+01,7.8440e+01,7.8799e+01,7.8963e+01,7.9533e+01,7.9226e+01,7.8505e+01,7.8330e+01,7.7731e+01,7.7802e+01,7.8177e+01,7.8534e+01,7.9080e+01,8.0047e+01,8.0421e+01,8.1013e+01,8.2175e+01,8.3043e+01,8.3551e+01,8.3998e+01,8.4277e+01,8.4250e+01,8.4963e+01,8.5432e+01,8.5797e+01,8.5815e+01,8.5843e+01,8.6181e+01,8.6126e+01,8.6008e+01,8.6307e+01,8.6539e+01,8.6857e+01,8.7324e+01,8.7684e+01,8.7845e+01,8.8075e+01,8.8278e+01,8.8384e+01,8.8366e+01,8.8449e+01,8.8650e+01,8.8689e+01,8.8743e+01,8.8920e+01,8.9073e+01,8.9222e+01,8.9665e+01,8.9756e+01
8.3974e+01,8.3875e+01,8.3390e+01,8.2976e+01,8.2466e+01,8.2434e+01,8.2996e+01,8.2652e+01,8.2952e+01,8.2228e+01,8.1592e+01,8.1705e+01,8.1451e+01,8.1821e+01,8.2024e+01,8.2628e+01,8.2967e+01,8.3395e+01,8.3490e+01,8.3269e+01,8.2868e+01,8.2734e+01,8.2570e+01,8.2621e+01,8.2651e+01,8.2647e+01,8.3143e+01,8.3099e+01,8.2271e+01,8.1923e+01,8.1171e+01,8.1213e+01,8.1831e+01,8.1214e+01,8.0340e+01,7.9920e+01,7.9795e+01,7.9161e+01,7.9355e+01,7.8919e+01,7.8001e+01,7.7782e+01,7.8073e+01,7.8135e+01,7.8120e+01,7.7915e+01,7.7878e+01,7.7678e+01,7.7981e+01,7.8658e+01,7.9230e+01,7.9729e+01,7.9999e+01,8.0850e+01,8.0793e+01,8.1607e+01,8.2697e+01,8.2934e+01,8.1966e+01,8.2000e+01,8.2283e+01,8.2121e+01,8.1797e+01,8.1713e+01,8.0873e+01,8.1676e+01,8.2740e+01,8.2949e+01,8.4038e+01,8.3729e+01,8.3566e+01,8.2963e+01,8.1688e+01,8.1388e+01,8.0155e+01,7.9961e+01,7.9006e+01,7.8503e+01,7.7683e+01,7.7289e+01,7.7274e+01,7.7148e+01,7.7620e+01,7.7357e+01,7.7472e+01,7.7557e+01,7.7841e+01,7.7693e+01,7.7128e+01,7.7095e+01,7.6837e+01,7.6857e+01,7.6594e+01,7.7090e+01,7.7543e+01,7.8176e+01,7.8550e+01,7.9299e+01,7.9529e+01,7.9565e+01,7.9363e+01,7.8967e+01,7.8368e+01,7.8963e+01,7.9075e+01,7.8938e+01,7.8276e+01,7.8596e+01,7.8298e+01,7.8596e+01,7.8782e+01,7.8813e+01,7.8365e+01,7.8498e+01,7.8514e+01,7.8052e+01,7.8087e+01,7.8444e+01,7.8099e+01,7.8568e+01,7.8373e+01,7.7970e+01,7.8032e+01,7.8388e+01,7.8897e+01,7.9267e+01,7.9434e+01,8.0009e+01,7.9703e+01,7.8981e+01,7.8805e+01,7.8201e+01,7.8269e+01,7.8647e+01,7.8996e+01,7.9538e+01,8.0503e+01,8.0885e+01,8.1471e+01,8.2625e+01,8.3486e+01,8.3988e+01,8.4425e+01,8.4699e+01,8.4671e+01,8.5374e+01,8.5839e+01,8.6199e+01,8.6217e+01,8.6249e+01,8.6592e+01,8.6540e+01,8.6422e+01,8.6721e+01,8.6950e+01,8.7267e+01,8.7734e+01,8.8096e+01,8.8261e+01,8.8490e+01,8.8688e+01,8.8790e+01,8.8767e+01,8.8846e+01,8.9043e+01,8.9083e+01,8.9137e+01,8.9314e+01,8.9462e+01,8.9612e+01,9.0054e+01,9.0145e+01
8.4477e+01,8.4376e+01,8.3885e+01,8.3469e+01,8.2953e+01,8.2911e+01,8.3460e+01,8.3112e+01,8.3396e+01,8.2672e+01,8.2051e+01,8.2177e+01,8.1934e+01,8.2314e+01,8.2527e+01,8.3138e+01,8.3481e+01,8.3914e+01,8.4012e+01,8.3793e+01,8.3379e+01,8.3241e+01,8.3068e+01,8.3109e+01,8.3129e+01,8.3108e+01,8.3596e+01,8.3554e+01,8.2730e+01,8.2370e+01,8.1627e+01,8.1667e+01,8.2269e+01,8.1658e+01,8.0797e+01,8.0385e+01,8.0278e+01,7.9649e+01,7.9859e+01,7.9423e+01,7.8505e+01,7.8295e+01,7.8588e+01,7.8651e+01,7.8619e+01,7.8424e+01,7.8411e+01,7.8214e+01,7.8535e+01,7.9219e+01,7.9799e+01,8.0290e+01,8.0542e+01,8.1383e+01,8.1306e+01,8.2104e+01,8.3190e+01,8.3411e+01,8.2447e+01,8.2450e+01,8.2715e+01,8.2528e+01,8.2194e+01,8.2100e+01,8.1267e+01,8.2053e+01,8.3110e+01,8.3326e+01,8.4413e+01,8.4114e+01,8.3950e+01,8.3364e+01,8.2105e+01,8.1826e+01,8.0608e+01,8.0405e+01,7.9465e+01,7.8952e+01,7.8138e+01,7.7739e+01,7.7710e+01,7.7574e+01,7.8025e+01,7.7760e+01,7.7875e+01,7.7951e+01,7.8234e+01,7.8083e+01,7.7535e+01,7.7493e+01,7.7246e+01,7.7257e+01,7.7011e+01,7.7470e+01,7.7900e+01,7.8509e+01,7.8876e+01,7.9608e+01,7.9835e+01,7.9873e+01,7.9679e+01,7.9292e+01,7.8715e+01,7.9306e+01,7.9429e+01,7.9304e+01,7.8662e+01,7.8974e+01,7.8677e+01,7.8954e+01,7.9131e+01,7.9162e+01,7.8736e+01,7.8874e+01,7.8905e+01,7.8465e+01,7.8519e+01,7.8888e+01,7.8560e+01,7.9043e+01,7.8852e+01,7.8441e+01,7.8512e+01,7.8857e+01,7.9377e+01,7.9765e+01,7.9940e+01,8.0521e+01,8.0220e+01,7.9505e+01,7.9328e+01,7.8721e+01,7.8789e+01,7.9169e+01,7.9505e+01,8.0037e+01,8.1005e+01,8.1396e+01,8.1976e+01,8.3128e+01,8.3985e+01,8.4484e+01,8.4915e+01,8.5192e+01,8.5168e+01,8.5867e+01,8.6336e+01,8.6695e+01,8.6718e+01,8.6752e+01,8.7095e+01,8.7046e+01,8.6934e+01,8.7234e+01,8.7462e+01,8.7773e+01,8.8240e+01,8.8604e+01,8.8767e+01,8.8991e+01,8.9185e+01,8.9282e+01,8.9256e+01,8.9332e+01,8.9528e+01,8.9568e+01,8.9622e+01,8.9798e+01,8.9943e+01,9.0092e+01,9.0531e+01,9.0619e+01
8.4993e+01,8.4899e+01,8.4418e+01,8.4011e+01,8.3498e+01,8.3459e+01,8.4002e+01,8.3651e+01,8.3932e+01,8.3207e+01,8.2588e+01,8.2711e+01,8.2472e+01,8.2850e+01,8.3065e+01,8.3670e+01,8.4014e+01,8.4445e+01,8.4548e+01,8.4334e+01,8.3926e+01,8.3791e+01,8.3616e+01,8.3656e+01,8.3674e+01,8.3653e+01,8.4139e+01,8.4098e+01,8.3274e+01,8.2911e+01,8.2169e+01,8.2209e+01,8.2803e+01,8.2186e+01,8.1329e+01,8.0925e+01,8.0819e+01,8.0184e+01,8.0391e+01,7.9949e+01,7.9035e+01,7.8819e+01,7.9110e+01,7.9167e+01,7.9141e+01,7.8941e+01,7.8916e+01,7.8701e+01,7.9005e+01,7.9693e+01,8.0268e+01,8.0774e+01,8.1040e+01,8.1883e+01,8.1819e+01,8.2611e+01,8.3682e+01,8.3897e+01,8.2936e+01,8.2942e+01,8.3187e+01,8.2993e+01,8.2640e+01,8.2550e+01,8.1731e+01,8.2509e+01,8.3561e+01,8.3791e+01,8.4877e+01,8.4592e+01,8.4432e+01,8.3858e+01,8.2610e+01,8.2337e+01,8.1125e+01,8.0920e+01,7.9982e+01,7.9464e+01,7.8647e+01,7.8243e+01,7.8204e+01,7.8060e+01,7.8504e+01,7.8229e+01,7.8331e+01,7.8392e+01,7.8659e+01,7.8502e+01,7.7958e+01,7.7924e+01,7.7678e+01,7.7709e+01,7.7491e+01,7.7955e+01,7.8348e+01,7.8961e+01,7.9319e+01,8.0056e+01,8.0282e+01,8.0333e+01,8.0151e+01,7.9776e+01,7.9210e+01,7.9809e+01,7.9942e+01,7.9819e+01,7.9182e+01,7.9488e+01,7.9184e+01,7.9453e+01,7.9620e+01,7.9651e+01,7.9232e+01,7.9372e+01,7.9413e+01,7.8977e+01,7.9033e+01,7.9407e+01,7.9084e+01,7.9568e+01,7.9383e+01,7.8975e+01,7.9054e+01,7.9401e+01,7.9925e+01,8.0315e+01,8.0486e+01,8.1068e+01,8.0760e+01,8.0040e+01,7.9857e+01,7.9244e+01,7.9309e+01,7.9690e+01,8.0027e+01,8.0560e+01,8.1517e+01,8.1902e+01,8.2479e+01,8.3621e+01,8.4472e+01,8.4967e+01,8.5393e+01,8.5662e+01,8.5628e+01,8.6317e+01,8.6774e+01,8.7125e+01,8.7139e+01,8.7175e+01,8.7516e+01,8.7469e+01,8.7352e+01,8.7648e+01,8.7875e+01,8.8188e+01,8.8650e+01,8.9013e+01,8.9181e+01,8.9403e+01,8.9592e+01,8.9688e+01,8.9657e+01,8.9731e+01,8.9921e+01,8.9959e+01,9.0014e+01,9.0190e+01,9.0334e+01,9.0486e+01,9.0927e+01,9.1019e+01
8.5370e+01,8.5285e+01,8.4808e+01,8.4410e+01,8.3900e+01,8.3863e+01,8.4401e+01,8.4048e+01,8.4325e+01,8.3601e+01,8.2984e+01,8.3106e+01,8.2870e+01,8.3246e+01,8.3467e+01,8.4072e+01,8.4420e+01,8.4848e+01,8.4954e+01,8.4747e+01,8.4339e+01,8.4207e+01,8.4033e+01,8.4075e+01,8.4090e+01,8.4071e+01,8.4549e+01,8.4501e+01,8.3674e+01,8.3309e+01,8.2563e+01,8.2598e+01,8.3184e+01,8.2564e+01,8.1710e+01,8.1313e+01,8.1209e+01,8.0570e+01,8.0774e+01,8.0331e+01,7.9423e+01,7.9207e+01,7.9495e+01,7.9552e+01,7.9527e+01,7.9331e+01,7.9305e+01,7.9091e+01,7.9389e+01,8.0073e+01,8.0637e+01,8.1141e+01,8.1407e+01,8.2243e+01,8.2183e+01,8.2966e+01,8.4024e+01,8.4233e+01,8.3279e+01,8.3287e+01,8.3523e+01,8.3333e+01,8.2977e+01,8.2887e+01,8.2081e+01,8.2849e+01,8.3890e+01,8.4124e+01,8.5201e+01,8.4924e+01,8.4770e+01,8.4203e+01,8.2966e+01,8.2697e+01,8.1496e+01,8.1290e+01,8.0358e+01,7.9841e+01,7.9026e+01,7.8621e+01,7.8576e+01,7.8426e+01,7.8866e+01,7.8587e+01,7.8684e+01,7.8738e+01,7.9000e+01,7.8840e+01,7.8295e+01,7.8264e+01,7.8014e+01,7.8060e+01,7.7862e+01,7.8344e+01,7.8725e+01,7.9343e+01,7.9687e+01,8.0424e+01,8.0642e+01,8.0694e+01,8.0521e+01,8.0156e+01,7.9594e+01,8.0195e+01,8.0336e+01,8.0209e+01,7.9571e+01,7.9871e+01,7.9563e+01,7.9828e+01,7.9989e+01,8.0018e+01,7.9604e+01,7.9743e+01,7.9789e+01,7.9357e+01,7.9414e+01,7.9789e+01,7.9470e+01,7.9952e+01,7.9771e+01,7.9368e+01,7.9453e+01,7.9802e+01,8.0327e+01,8.0719e+01,8.0885e+01,8.1467e+01,8.1154e+01,8.0434e+01,8.0245e+01,7.9632e+01,7.9691e+01,8.0067e+01,8.0401e+01,8.0923e+01,8.1871e+01,8.2254e+01,8.2822e+01,8.3953e+01,8.4797e+01,8.5290e+01,8.5711e+01,8.5979e+01,8.5945e+01,8.6630e+01,8.7086e+01,8.7438e+01,8.7453e+01,8.7491e+01,8.7830e+01,8.7788e+01,8.7670e+01,8.7964e+01,8.8192e+01,8.8502e+01,8.8963e+01,8.9328e+01,8.9497e+01,8.9717e+01,8.9905e+01,9.0002e+01,8.9967e+01,9.0042e+01,9.0232e+01,9.0270e+01,9.0326e+01,9.0504e+01,9.0647e+01,9.0801e+01,9.1242e+01,9.1336e+01
8.5741e+01,8.5659e+01,8.5191e+01,8.4799e+01,8.4296e+01,8.4264e+01,8.4805e+01,8.4454e+01,8.4730e+01,8.4005e+01,8.3390e+01,8.3510e+01,8.3271e+01,8.3643e+01,8.3863e+01,8.4462e+01,8.4806e+01,8.5231e+01,8.5341e+01,8.5136e+01,8.4733e+01,8.4604e+01,8.4436e+01,8.4482e+01,8.4497e+01,8.4479e+01,8.4955e+01,8.4904e+01,8.4075e+01,8.3708e+01,8.2959e+01,8.2992e+01,8.3571e+01,8.2945e+01,8.2093e+01,8.1700e+01,8.1597e+01,8.0952e+01,8.1153e+01,8.0710e+01,7.9805e+01,7.9587e+01,7.9871e+01,7.9925e+01,7.9899e+01,7.9701e+01,7.9677e+01,7.9457e+01,7.9754e+01,8.0438e+01,8.1001e+01,8.1507e+01,8.1774e+01,8.2608e+01,8.2547e+01,8.3323e+01,8.4374e+01,8.4574e+01,8.3623e+01,8.3619e+01,8.3841e+01,8.3632e+01,8.3260e+01,8.3163e+01,8.2368e+01,8.3123e+01,8.4158e+01,8.4406e+01,8.5486e+01,8.5223e+01,8.5074e+01,8.4521e+01,8.3295e+01,8.3037e+01,8.1844e+01,8.1639e+01,8.0714e+01,8.0191e+01,7.9376e+01,7.8970e+01,7.8914e+01,7.8759e+01,7.9190e+01,7.8907e+01,7.8988e+01,7.9032e+01,7.9276e+01,7.9115e+01,7.8581e+01,7.8568e+01,7.8332e+01,7.8406e+01,7.8229e+01,7.8714e+01,7.9077e+01,7.9685e+01,8.0013e+01,8.0748e+01,8.0959e+01,8.1019e+01,8.0859e+01,8.0505e+01,7.9952e+01,8.0557e+01,8.0706e+01,8.0579e+01,7.9944e+01,8.0237e+01,7.9922e+01,8.0180e+01,8.0332e+01,8.0357e+01,7.9950e+01,8.0090e+01,8.0143e+01,7.9719e+01,7.9778e+01,8.0158e+01,7.9846e+01,8.0328e+01,8.0152e+01,7.9753e+01,7.9844e+01,8.0192e+01,8.0718e+01,8.1110e+01,8.1273e+01,8.1855e+01,8.1537e+01,8.0815e+01,8.0624e+01,8.0012e+01,8.0067e+01,8.0439e+01,8.0768e+01,8.1288e+01,8.2230e+01,8.2611e+01,8.3171e+01,8.4293e+01,8.5127e+01,8.5617e+01,8.6028e+01,8.6287e+01,8.6249e+01,8.6925e+01,8.7373e+01,8.7719e+01,8.7730e+01,8.7772e+01,8.8111e+01,8.8074e+01,8.7954e+01,8.8246e+01,8.8476e+01,8.8786e+01,8.9241e+01,8.9606e+01,8.9776e+01,8.9992e+01,9.0176e+01,9.0271e+01,9.0233e+01,9.0307e+01,9.0494e+01,9.0535e+01,9.0593e+01,9.0772e+01,9.0912e+01,9.1067e+01,9.1509e+01,9.1603e+01
8.6068e+01,8.5986e+01,8.5512e+01,8.5125e+01,8.4617e+01,8.4577e+01,8.5111e+01,8.4753e+01,8.5021e+01,8.4294e+01,8.3684e+01,8.3811e+01,8.3583e+01,8.3963e+01,8.4192e+01,8.4798e+01,8.5149e+01,8.5580e+01,8.5692e+01,8.5486e+01,8.5076e+01,8.4945e+01,8.4769e+01,8.4811e+01,8.4818e+01,8.4792e+01,8.5259e+01,8.5203e+01,8.4374e+01,8.4001e+01,8.3252e+01,8.3281e+01,8.3850e+01,8.3222e+01,8.2377e+01,8.1992e+01,8.1898e+01,8.1254e+01,8.1461e+01,8.1013e+01,8.0115e+01,7.9900e+01,8.0180e+01,8.0233e+01,8.0203e+01,8.0013e+01,7.9997e+01,7.9787e+01,8.0088e+01,8.0762e+01,8.1318e+01,8.1811e+01,8.2068e+01,8.2888e+01,8.2824e+01,8.3588e+01,8.4627e+01,8.4821e+01,8.3882e+01,8.3878e+01,8.4098e+01,8.3894e+01,8.3534e+01,8.3435e+01,8.2650e+01,8.3391e+01,8.4413e+01,8.4656e+01,8.5721e+01,8.5462e+01,8.5315e+01,8.4767e+01,8.3554e+01,8.3300e+01,8.2121e+01,8.1914e+01,8.1000e+01,8.0481e+01,7.9676e+01,7.9270e+01,7.9211e+01,7.9053e+01,7.9472e+01,7.9190e+01,7.9273e+01,7.9311e+01,7.9554e+01,7.9389e+01,7.8870e+01,7.8850e+01,7.8633e+01,7.8703e+01,7.8540e+01,7.9013e+01,7.9357e+01,7.9947e+01,8.0262e+01,8.0991e+01,8.1199e+01,8.1263e+01,8.1111e+01,8.0766e+01,8.0222e+01,8.0825e+01,8.0981e+01,8.0854e+01,8.0224e+01,8.0511e+01,8.0195e+01,8.0446e+01,8.0594e+01,8.0620e+01,8.0220e+01,8.0360e+01,8.0416e+01,8.0000e+01,8.0064e+01,8.0444e+01,8.0140e+01,8.0623e+01,8.0451e+01,8.0054e+01,8.0151e+01,8.0496e+01,8.1027e+01,8.1428e+01,8.1592e+01,8.2176e+01,8.1860e+01,8.1141e+01,8.0943e+01,8.0329e+01,8.0378e+01,8.0746e+01,8.1061e+01,8.1570e+01,8.2507e+01,8.2888e+01,8.3443e+01,8.4559e+01,8.5388e+01,8.5879e+01,8.6284e+01,8.6545e+01,8.6512e+01,8.7184e+01,8.7636e+01,8.7985e+01,8.8002e+01,8.8049e+01,8.8387e+01,8.8354e+01,8.8236e+01,8.8527e+01,8.8757e+01,8.9065e+01,8.9517e+01,8.9882e+01,9.0054e+01,9.0267e+01,9.0447e+01,9.0542e+01,9.0497e+01,9.0571e+01,9.0754e+01,9.0794e+01,9.0852e+01,9.1029e+01,9.1164e+01,9.1323e+01,9.1763e+01,9.1858e+01
8.6333e+01,8.6254e+01,8.5778e+01,8.5399e+01,8.4891e+01,8.4854e+01,8.5386e+01,8.5027e+01,8.5287e+01,8.4554e+01,8.3948e+01,8.4077e+01,8.3850e+01,8.4232e+01,8.4469e+01,8.5078e+01,8.5434e+01,8.5865e+01,8.5978e+01,8.5776e+01,8.5361e+01,8.5234e+01,8.5058e+01,8.5103e+01,8.5107e+01,8.5078e+01,8.5536e+01,8.5470e+01,8.4636e+01,8.4256e+01,8.3500e+01,8.3523e+01,8.4078e+01,8.3439e+01,8.2598e+01,8.2225e+01,8.2139e+01,8.1486e+01,8.1697e+01,8.1243e+01,8.0349e+01,8.0133e+01,8.0405e+01,8.0452e+01,8.0417e+01,8.0231e+01,8.0223e+01,8.0016e+01,8.0323e+01,8.0995e+01,8.1554e+01,8.2040e+01,8.2285e+01,8.3096e+01,8.3025e+01,8.3777e+01,8.4808e+01,8.4993e+01,8.4063e+01,8.4047e+01,8.4262e+01,8.4047e+01,8.3687e+01,8.3575e+01,8.2795e+01,8.3518e+01,8.4531e+01,8.4778e+01,8.5840e+01,8.5589e+01,8.5445e+01,8.4910e+01,8.3708e+01,8.3464e+01,8.2297e+01,8.2090e+01,8.1187e+01,8.0665e+01,7.9867e+01,7.9463e+01,7.9396e+01,7.9237e+01,7.9646e+01,7.9365e+01,7.9440e+01,7.9474e+01,7.9709e+01,7.9547e+01,7.9047e+01,7.9041e+01,7.8854e+01,7.8934e+01,7.8785e+01,7.9264e+01,7.9607e+01,8.0183e+01,8.0477e+01,8.1198e+01,8.1389e+01,8.1453e+01,8.1311e+01,8.0979e+01,8.0437e+01,8.1041e+01,8.1205e+01,8.1071e+01,8.0441e+01,8.0717e+01,8.0393e+01,8.0639e+01,8.0776e+01,8.0797e+01,8.0402e+01,8.0539e+01,8.0601e+01,8.0195e+01,8.0261e+01,8.0646e+01,8.0351e+01,8.0838e+01,8.0675e+01,8.0282e+01,8.0391e+01,8.0736e+01,8.1274e+01,8.1684e+01,8.1847e+01,8.2438e+01,8.2116e+01,8.1392e+01,8.1188e+01,8.0568e+01,8.0610e+01,8.0970e+01,8.1271e+01,8.1770e+01,8.2696e+01,8.3079e+01,8.3626e+01,8.4732e+01,8.5552e+01,8.6038e+01,8.6434e+01,8.6692e+01,8.6660e+01,8.7322e+01,8.7772e+01,8.8119e+01,8.8139e+01,8.8192e+01,8.8531e+01,8.8505e+01,8.8390e+01,8.8679e+01,8.8913e+01,8.9220e+01,8.9668e+01,9.0032e+01,9.0204e+01,9.0413e+01,9.0587e+01,9.0681e+01,9.0628e+01,9.0700e+01,9.0878e+01,9.0916e+01,9.0976e+01,9.1153e+01,9.1286e+01,9.1446e+01,9.1887e+01,9.1985e+01
8.6774e+01,8.6693e+01,8.6210e+01,8.5834e+01,8.5320e+01,8.5278e+01,8.5801e+01,8.5434e+01,8.5681e+01,8.4944e+01,8.4350e+01,8.4486e+01,8.4269e+01,8.4659e+01,8.4906e+01,8.5522e+01,8.5886e+01,8.6322e+01,8.6436e+01,8.6234e+01,8.5810e+01,8.5680e+01,8.5497e+01,8.5537e+01,8.5534e+01,8.5495e+01,8.5942e+01,8.5871e+01,8.5039e+01,8.4653e+01,8.3900e+01,8.3921e+01,8.4460e+01,8.3820e+01,8.2990e+01,8.2630e+01,8.2558e+01,8.1905e+01,8.2127e+01,8.1670e+01,8.0782e+01,8.0572e+01,8.0845e+01,8.0892e+01,8.0852e+01,8.0675e+01,8.0676e+01,8.0472e+01,8.0785e+01,8.1456e+01,8.2017e+01,8.2498e+01,8.2736e+01,8.3538e+01,8.3461e+01,8.4205e+01,8.5230e+01,8.5413e+01,8.4496e+01,8.4477e+01,8.4695e+01,8.4476e+01,8.4117e+01,8.3990e+01,8.3209e+01,8.3913e+01,8.4922e+01,8.5174e+01,8.6228e+01,8.5980e+01,8.5832e+01,8.5302e+01,8.4109e+01,8.3872e+01,8.2714e+01,8.2499e+01,8.1604e+01,8.1083e+01,8.0291e+01,7.9884e+01,7.9813e+01,7.9648e+01,8.0046e+01,7.9765e+01,7.9839e+01,7.9866e+01,8.0096e+01,7.9937e+01,7.9460e+01,7.9449e+01,7.9276e+01,7.9345e+01,7.9202e+01,7.9666e+01,7.9997e+01,8.0550e+01,8.0829e+01,8.1533e+01,8.1719e+01,8.1786e+01,8.1651e+01,8.1328e+01,8.0799e+01,8.1397e+01,8.1565e+01,8.1436e+01,8.0820e+01,8.1089e+01,8.0768e+01,8.1004e+01,8.1135e+01,8.1157e+01,8.0774e+01,8.0913e+01,8.0982e+01,8.0586e+01,8.0661e+01,8.1048e+01,8.0762e+01,8.1253e+01,8.1092e+01,8.0697e+01,8.0811e+01,8.1149e+01,8.1692e+01,8.2112e+01,8.2281e+01,8.2877e+01,8.2557e+01,8.1838e+01,8.1632e+01,8.1012e+01,8.1057e+01,8.1417e+01,8.1711e+01,8.2202e+01,8.3120e+01,8.3507e+01,8.4047e+01,8.5144e+01,8.5960e+01,8.6443e+01,8.6835e+01,8.7092e+01,8.7065e+01,8.7719e+01,8.8168e+01,8.8514e+01,8.8536e+01,8.8595e+01,8.8937e+01,8.8920e+01,8.8805e+01,8.9088e+01,8.9318e+01,8.9624e+01,9.0063e+01,9.0423e+01,9.0594e+01,9.0799e+01,9.0969e+01,9.1064e+01,9.1005e+01,9.1078e+01,9.1253e+01,9.1289e+01,9.1347e+01,9.1522e+01,9.1649e+01,9.1809e+01,9.2246e+01,9.2345e+01
8.7142e+01,8.7060e+01,8.6576e+01,8.6202e+01,8.5689e+01,8.5647e+01,8.6162e+01,8.5794e+01,8.6032e+01,8.5296e+01,8.4712e+01,8.4852e+01,8.4640e+01,8.5031e+01,8.5282e+01,8.5897e+01,8.6261e+01,8.6695e+01,8.6808e+01,8.6607e+01,8.6184e+01,8.6054e+01,8.5871e+01,8.5906e+01,8.5902e+01,8.5855e+01,8.6295e+01,8.6223e+01,8.5393e+01,8.5003e+01,8.4254e+01,8.4275e+01,8.4804e+01,8.4165e+01,8.3344e+01,8.2991e+01,8.2926e+01,8.2274e+01,8.2500e+01,8.2045e+01,8.1159e+01,8.0952e+01,8.1226e+01,8.1275e+01,8.1233e+01,8.1059e+01,8.1064e+01,8.0861e+01,8.1177e+01,8.1849e+01,8.2411e+01,8.2891e+01,8.3126e+01,8.3926e+01,8.3846e+01,8.4587e+01,8.5609e+01,8.5791e+01,8.4879e+01,8.4857e+01,8.5074e+01,8.4850e+01,8.4486e+01,8.4350e+01,8.3567e+01,8.4263e+01,8.5273e+01,8.5531e+01,8.6586e+01,8.6338e+01,8.6187e+01,8.5660e+01,8.4471e+01,8.4239e+01,8.3085e+01,8.2866e+01,8.1975e+01,8.1451e+01,8.0660e+01,8.0251e+01,8.0174e+01,8.0006e+01,8.0398e+01,8.0117e+01,8.0190e+01,8.0216e+01,8.0444e+01,8.0289e+01,7.9818e+01,7.9806e+01,7.9632e+01,7.9698e+01,7.9555e+01,8.0012e+01,8.0339e+01,8.0882e+01,8.1156e+01,8.1850e+01,8.2033e+01,8.2101e+01,8.1968e+01,8.1648e+01,8.1126e+01,8.1719e+01,8.1887e+01,8.1764e+01,8.1157e+01,8.1424e+01,8.1106e+01,8.1335e+01,8.1465e+01,8.1488e+01,8.1113e+01,8.1254e+01,8.1328e+01,8.0939e+01,8.1020e+01,8.1410e+01,8.1129e+01,8.1622e+01,8.1461e+01,8.1064e+01,8.1180e+01,8.1512e+01,8.2057e+01,8.2482e+01,8.2654e+01,8.3253e+01,8.2935e+01,8.2216e+01,8.2014e+01,8.1396e+01,8.1442e+01,8.1802e+01,8.2092e+01,8.2579e+01,8.3490e+01,8.3878e+01,8.4414e+01,8.5499e+01,8.6306e+01,8.6786e+01,8.7172e+01,8.7424e+01,8.7399e+01,8.8043e+01,8.8488e+01,8.8832e+01,8.8855e+01,8.8919e+01,8.9266e+01,8.9253e+01,8.9138e+01,8.9418e+01,8.9652e+01,8.9958e+01,9.0391e+01,9.0747e+01,9.0918e+01,9.1121e+01,9.1286e+01,9.1379e+01,9.1315e+01,9.1386e+01,9.1556e+01,9.1592e+01,9.1649e+01,9.1824e+01,9.1952e+01,9.2112e+01,9.2546e+01,9.2647e+01
8.7501e+01,8.7418e+01,8.6929e+01,8.6557e+01,8.6041e+01,8.5997e+01,8.6508e+01,8.6136e+01,8.6362e+01,8.5624e+01,8.5049e+01,8.5196e+01,8.4988e+01,8.5385e+01,8.5643e+01,8.6263e+01,8.6631e+01,8.7068e+01,8.7180e+01,8.6977e+01,8.6550e+01,8.6419e+01,8.6235e+01,8.6272e+01,8.6265e+01,8.6212e+01,8.6644e+01,8.6563e+01,8.5732e+01,8.5334e+01,8.4585e+01,8.4604e+01,8.5121e+01,8.4483e+01,8.3672e+01,8.3329e+01,8.3272e+01,8.2623e+01,8.2855e+01,8.2401e+01,8.1517e+01,8.1316e+01,8.1590e+01,8.1639e+01,8.1593e+01,8.1426e+01,8.1440e+01,8.1243e+01,8.1568e+01,8.2237e+01,8.2803e+01,8.3277e+01,8.3502e+01,8.4296e+01,8.4207e+01,8.4942e+01,8.5964e+01,8.6142e+01,8.5237e+01,8.5208e+01,8.5427e+01,8.5199e+01,8.4841e+01,8.4690e+01,8.3907e+01,8.4587e+01,8.5591e+01,8.5850e+01,8.6901e+01,8.6653e+01,8.6498e+01,8.5977e+01,8.4795e+01,8.4570e+01,8.3425e+01,8.3201e+01,8.2318e+01,8.1795e+01,8.1012e+01,8.0601e+01,8.0522e+01,8.0352e+01,8.0735e+01,8.0457e+01,8.0534e+01,8.0563e+01,8.0796e+01,8.0646e+01,8.0183e+01,8.0163e+01,7.9994e+01,8.0050e+01,7.9908e+01,8.0357e+01,8.0679e+01,8.1208e+01,8.1476e+01,8.2156e+01,8.2334e+01,8.2398e+01,8.2266e+01,8.1952e+01,8.1438e+01,8.2023e+01,8.2194e+01,8.2071e+01,8.1473e+01,8.1734e+01,8.1419e+01,8.1642e+01,8.1769e+01,8.1793e+01,8.1426e+01,8.1569e+01,8.1647e+01,8.1266e+01,8.1353e+01,8.1745e+01,8.1469e+01,8.1965e+01,8.1807e+01,8.1408e+01,8.1528e+01,8.1854e+01,8.2402e+01,8.2834e+01,8.3009e+01,8.3613e+01,8.3296e+01,8.2580e+01,8.2378e+01,8.1760e+01,8.1809e+01,8.2169e+01,8.2456e+01,8.2938e+01,8.3843e+01,8.4235e+01,8.4766e+01,8.5845e+01,8.6650e+01,8.7126e+01,8.7508e+01,8.7760e+01,8.7738e+01,8.8376e+01,8.8819e+01,8.9162e+01,8.9188e+01,8.9256e+01,8.9602e+01,8.9595e+01,8.9483e+01,8.9764e+01,9.0001e+01,9.0304e+01,9.0736e+01,9.1091e+01,9.1263e+01,9.1465e+01,9.1627e+01,9.1717e+01,9.1649e+01,9.1717e+01,9.1883e+01,9.1917e+01,9.1971e+01,9.2146e+01,9.2270e+01,9.2429e+01,9.2861e+01,9.2961e+01
8.7840e+01,8.7759e+01,8.7268e+01,8.6897e+01,8.6380e+01,8.6339e+01,8.6851e+01,8.6478e+01,8.6700e+01,8.5956e+01,8.5383e+01,8.5534e+01,8.5325e+01,8.5725e+01,8.5983e+01,8.6603e+01,8.6970e+01,8.7404e+01,8.7510e+01,8.7307e+01,8.6878e+01,8.6748e+01,8.6567e+01,8.6602e+01,8.6601e+01,8.6543e+01,8.6971e+01,8.6890e+01,8.6056e+01,8.5653e+01,8.4905e+01,8.4928e+01,8.5435e+01,8.4789e+01,8.3987e+01,8.3655e+01,8.3604e+01,8.2951e+01,8.3187e+01,8.2731e+01,8.1845e+01,8.1644e+01,8.1920e+01,8.1969e+01,8.1919e+01,8.1756e+01,8.1775e+01,8.1578e+01,8.1907e+01,8.2580e+01,8.3149e+01,8.3623e+01,8.3846e+01,8.4638e+01,8.4545e+01,8.5277e+01,8.6299e+01,8.6477e+01,8.5575e+01,8.5541e+01,8.5762e+01,8.5529e+01,8.5166e+01,8.5002e+01,8.4211e+01,8.4879e+01,8.5888e+01,8.6154e+01,8.7207e+01,8.6957e+01,8.6797e+01,8.6281e+01,8.5103e+01,8.4884e+01,8.3743e+01,8.3514e+01,8.2633e+01,8.2106e+01,8.1323e+01,8.0909e+01,8.0823e+01,8.0648e+01,8.1024e+01,8.0745e+01,8.0821e+01,8.0848e+01,8.1080e+01,8.0934e+01,8.0477e+01,8.0455e+01,8.0289e+01,8.0342e+01,8.0204e+01,8.0647e+01,8.0964e+01,8.1483e+01,8.1746e+01,8.2415e+01,8.2590e+01,8.2654e+01,8.2524e+01,8.2215e+01,8.1709e+01,8.2292e+01,8.2466e+01,8.2348e+01,8.1758e+01,8.2018e+01,8.1704e+01,8.1919e+01,8.2043e+01,8.2070e+01,8.1710e+01,8.1857e+01,8.1942e+01,8.1565e+01,8.1658e+01,8.2056e+01,8.1784e+01,8.2284e+01,8.2127e+01,8.1724e+01,8.1848e+01,8.2172e+01,8.2724e+01,8.3160e+01,8.3339e+01,8.3950e+01,8.3633e+01,8.2914e+01,8.2715e+01,8.2099e+01,8.2151e+01,8.2512e+01,8.2797e+01,8.3274e+01,8.4173e+01,8.4569e+01,8.5095e+01,8.6169e+01,8.6969e+01,8.7437e+01,8.7813e+01,8.8058e+01,8.8037e+01,8.8664e+01,8.9103e+01,8.9438e+01,8.9464e+01,8.9533e+01,8.9883e+01,8.9880e+01,8.9774e+01,9.0056e+01,9.0292e+01,9.0594e+01,9.1026e+01,9.1381e+01,9.1552e+01,9.1753e+01,9.1914e+01,9.2003e+01,9.1937e+01,9.2004e+01,9.2166e+01,9.2199e+01,9.2250e+01,9.2423e+01,9.2546e+01,9.2705e+01,9.3135e+01,9.3234e+01
8.8117e+01,8.8035e+01,8.7542e+01,8.7169e+01,8.6650e+01,8.6605e+01,8.7115e+01,8.6743e+01,8.6961e+01,8.6217e+01,8.5648e+01,8.5804e+01,8.5596e+01,8.6000e+01,8.6258e+01,8.6880e+01,8.7246e+01,8.7681e+01,8.7785e+01,8.7579e+01,8.7148e+01,8.7014e+01,8.6831e+01,8.6862e+01,8.6859e+01,8.6792e+01,8.7219e+01,8.7142e+01,8.6310e+01,8.5902e+01,8.5158e+01,8.5185e+01,8.5685e+01,8.5041e+01,8.4248e+01,8.3923e+01,8.3875e+01,8.3227e+01,8.3466e+01,8.3011e+01,8.2124e+01,8.1925e+01,8.2202e+01,8.2251e+01,8.2196e+01,8.2034e+01,8.2058e+01,8.1863e+01,8.2197e+01,8.2872e+01,8.3444e+01,8.3918e+01,8.4138e+01,8.4930e+01,8.4832e+01,8.5563e+01,8.6589e+01,8.6766e+01,8.5865e+01,8.5827e+01,8.6051e+01,8.5815e+01,8.5454e+01,8.5278e+01,8.4480e+01,8.5142e+01,8.6157e+01,8.6423e+01,8.7476e+01,8.7220e+01,8.7053e+01,8.6538e+01,8.5362e+01,8.5149e+01,8.4010e+01,8.3777e+01,8.2900e+01,8.2371e+01,8.1590e+01,8.1173e+01,8.1085e+01,8.0908e+01,8.1279e+01,8.1001e+01,8.1083e+01,8.1112e+01,8.1349e+01,8.1202e+01,8.0745e+01,8.0718e+01,8.0551e+01,8.0597e+01,8.0459e+01,8.0895e+01,8.1211e+01,8.1721e+01,8.1982e+01,8.2641e+01,8.2815e+01,8.2875e+01,8.2745e+01,8.2438e+01,8.1939e+01,8.2518e+01,8.2695e+01,8.2581e+01,8.1998e+01,8.2256e+01,8.1945e+01,8.2154e+01,8.2280e+01,8.2311e+01,8.1957e+01,8.2108e+01,8.2196e+01,8.1821e+01,8.1918e+01,8.2319e+01,8.2049e+01,8.2553e+01,8.2397e+01,8.1991e+01,8.2114e+01,8.2436e+01,8.2989e+01,8.3426e+01,8.3610e+01,8.4225e+01,8.3913e+01,8.3195e+01,8.3002e+01,8.2390e+01,8.2447e+01,8.2809e+01,8.3093e+01,8.3567e+01,8.4464e+01,8.4863e+01,8.5386e+01,8.6457e+01,8.7253e+01,8.7716e+01,8.8090e+01,8.8333e+01,8.8311e+01,8.8934e+01,8.9369e+01,8.9700e+01,8.9725e+01,8.9792e+01,9.0142e+01,9.0140e+01,9.0038e+01,9.0323e+01,9.0563e+01,9.0864e+01,9.1297e+01,9.1650e+01,9.1820e+01,9.2020e+01,9.2180e+01,9.2268e+01,9.2201e+01,9.2267e+01,9.2424e+01,9.2456e+01,9.2506e+01,9.2679e+01,9.2804e+01,9.2964e+01,9.3392e+01,9.3492e+01
8.8449e+01,8.8368e+01,8.7872e+01,8.7499e+01,8.6977e+01,8.6929e+01,8.7436e+01,8.7063e+01,8.7274e+01,8.6530e+01,8.5967e+01,8.6127e+01,8.5922e+01,8.6330e+01,8.6590e+01,8.7215e+01,8.7583e+01,8.8018e+01,8.8120e+01,8.7915e+01,8.7480e+01,8.7346e+01,8.7161e+01,8.7190e+01,8.7185e+01,8.7113e+01,8.7537e+01,8.7457e+01,8.6625e+01,8.6214e+01,8.5470e+01,8.5497e+01,8.5987e+01,8.5341e+01,8.4556e+01,8.4240e+01,8.4199e+01,8.3550e+01,8.3794e+01,8.3338e+01,8.2451e+01,8.2253e+01,8.2531e+01,8.2579e+01,8.2519e+01,8.2362e+01,8.2393e+01,8.2200e+01,8.2541e+01,8.3218e+01,8.3793e+01,8.4265e+01,8.4480e+01,8.5269e+01,8.5163e+01,8.5891e+01,8.6918e+01,8.7093e+01,8.6199e+01,8.6154e+01,8.6382e+01,8.6142e+01,8.5786e+01,8.5598e+01,8.4790e+01,8.5431e+01,8.6446e+01,8.6715e+01,8.7762e+01,8.7505e+01,8.7332e+01,8.6823e+01,8.5654e+01,8.5450e+01,8.4318e+01,8.4078e+01,8.3208e+01,8.2676e+01,8.1900e+01,8.1480e+01,8.1386e+01,8.1205e+01,8.1567e+01,8.1291e+01,8.1375e+01,8.1405e+01,8.1644e+01,8.1501e+01,8.1050e+01,8.1019e+01,8.0857e+01,8.0898e+01,8.0763e+01,8.1194e+01,8.1504e+01,8.2003e+01,8.2259e+01,8.2909e+01,8.3081e+01,8.3138e+01,8.3008e+01,8.2705e+01,8.2212e+01,8.2789e+01,8.2971e+01,8.2859e+01,8.2283e+01,8.2536e+01,8.2224e+01,8.2426e+01,8.2548e+01,8.2580e+01,8.2234e+01,8.2388e+01,8.2482e+01,8.2114e+01,8.2218e+01,8.2623e+01,8.2358e+01,8.2867e+01,8.2713e+01,8.2305e+01,8.2432e+01,8.2751e+01,8.3309e+01,8.3750e+01,8.3937e+01,8.4558e+01,8.4247e+01,8.3528e+01,8.3338e+01,8.2730e+01,8.2789e+01,8.3150e+01,8.3431e+01,8.3898e+01,8.4790e+01,8.5188e+01,8.5704e+01,8.6769e+01,8.7563e+01,8.8020e+01,8.8388e+01,8.8627e+01,8.8606e+01,8.9221e+01,8.9656e+01,8.9985e+01,9.0012e+01,9.0079e+01,9.0428e+01,9.0428e+01,9.0327e+01,9.0615e+01,9.0856e+01,9.1154e+01,9.1589e+01,9.1941e+01,9.2112e+01,9.2313e+01,9.2472e+01,9.2560e+01,9.2492e+01,9.2556e+01,9.2710e+01,9.2742e+01,9.2792e+01,9.2965e+01,9.3089e+01,9.3246e+01,9.3673e+01,9.3770e+01
