6.2325e+01,6.2351e+01,6.2750e+01,6.3146e+01,6.3829e+01,6.4213e+01,6.4328e+01,6.4900e+01,6.4020e+01,6.3328e+01,6.3302e+01,6.2805e+01,6.2971e+01,6.2651e+01,6.2144e+01,6.1401e+01,6.1530e+01,6.0856e+01,6.0777e+01,6.0305e+01,6.1103e+01,6.1601e+01,6.0694e+01,5.9883e+01,5.9312e+01,6.0164e+01,6.1315e+01,6.2856e+01,6.3335e+01,6.2195e+01,6.2651e+01,6.3081e+01,6.2495e+01,6.2210e+01,6.1858e+01,6.2155e+01,6.1777e+01,6.1204e+01,6.1633e+01,6.1201e+01,6.0258e+01,5.9711e+01,5.8932e+01,5.7715e+01,5.6378e+01,5.5311e+01,5.4295e+01,5.3413e+01,5.2752e+01,5.2166e+01,5.1896e+01,5.1677e+01,5.1990e+01,5.1911e+01,5.2056e+01,5.2734e+01,5.3582e+01,5.3834e+01,5.5433e+01,5.5960e+01,5.7189e+01,5.8762e+01,6.0067e+01,6.1901e+01,6.3305e+01,6.5028e+01,6.7024e+01,6.8365e+01,7.0418e+01,7.2272e+01,7.4280e+01,7.3375e+01,7.3127e+01,7.5146e+01,7.5076e+01,7.3115e+01,7.2272e+01,7.3052e+01,7.4011e+01,7.3117e+01,7.2661e+01,7.4869e+01,7.6136e+01,7.8722e+01,7.8924e+01,7.9512e+01,8.0810e+01,8.2485e+01,8.4792e+01,8.6057e+01,8.8122e+01,8.9139e+01,9.1986e+01,9.4084e+01,9.7124e+01,9.9198e+01,1.0128e+02,1.0381e+02,1.0466e+02,1.0547e+02,1.0797e+02,1.0831e+02,1.1007e+02,1.1146e+02,1.1305e+02,1.1373e+02,1.1474e+02,1.1597e+02,1.1652e+02,1.1755e+02,1.1865e+02,1.1969e+02,1.2055e+02,1.2148e+02,1.2203e+02,1.2314e+02,1.2391e+02,1.2466e+02,1.2544e+02,1.2646e+02,1.2752e+02,1.2869e+02,1.2975e+02,1.3106e+02,1.3183e+02,1.3257e+02,1.3357e+02,1.3396e+02,1.3457e+02,1.3439e+02,1.3402e+02
6.2268e+01,6.2296e+01,6.2697e+01,6.3094e+01,6.3778e+01,6.4163e+01,6.4273e+01,6.4846e+01,6.3963e+01,6.3272e+01,6.3244e+01,6.2748e+01,6.2915e+01,6.2595e+01,6.2094e+01,6.1355e+01,6.1488e+01,6.0816e+01,6.0738e+01,6.0264e+01,6.1063e+01,6.1564e+01,6.0653e+01,5.9837e+01,5.9259e+01,6.0113e+01,6.1273e+01,6.2822e+01,6.3302e+01,6.2155e+01,6.2607e+01,6.3038e+01,6.2447e+01,6.2159e+01,6.1801e+01,6.2095e+01,6.1711e+01,6.1130e+01,6.1555e+01,6.1119e+01,6.0175e+01,5.9633e+01,5.8853e+01,5.7638e+01,5.6298e+01,5.5231e+01,5.4213e+01,5.3329e+01,5.2671e+01,5.2080e+01,5.1814e+01,5.1594e+01,5.1913e+01,5.1837e+01,5.1980e+01,5.2665e+01,5.3517e+01,5.3765e+01,5.5376e+01,5.5902e+01,5.7136e+01,5.8721e+01,6.0027e+01,6.1868e+01,6.3272e+01,6.5001e+01,6.7001e+01,6.8342e+01,7.0401e+01,7.2258e+01,7.4269e+01,7.3364e+01,7.3119e+01,7.5143e+01,7.5075e+01,7.3111e+01,7.2266e+01,7.3046e+01,7.4006e+01,7.3111e+01,7.2652e+01,7.4863e+01,7.6135e+01,7.8725e+01,7.8930e+01,7.9516e+01,8.0817e+01,8.2496e+01,8.4807e+01,8.6076e+01,8.8144e+01,8.9163e+01,9.2014e+01,9.4115e+01,9.7158e+01,9.9234e+01,1.0131e+02,1.0384e+02,1.0470e+02,1.0551e+02,1.0800e+02,1.0834e+02,1.1011e+02,1.1149e+02,1.1308e+02,1.1376e+02,1.1477e+02,1.1600e+02,1.1655e+02,1.1758e+02,1.1868e+02,1.1972e+02,1.2058e+02,1.2151e+02,1.2205e+02,1.2317e+02,1.2394e+02,1.2469e+02,1.2547e+02,1.2648e+02,1.2755e+02,1.2872e+02,1.2977e+02,1.3109e+02,1.3185e+02,1.3259e+02,1.3359e+02,1.3398e+02,1.3460e+02,1.3441e+02,1.3404e+02
6.2392e+01,6.2419e+01,6.2820e+01,6.3217e+01,6.3898e+01,6.4280e+01,6.4384e+01,6.4956e+01,6.4076e+01,6.3391e+01,6.3364e+01,6.2870e+01,6.3041e+01,6.2724e+01,6.2230e+01,6.1497e+01,6.1636e+01,6.0969e+01,6.0893e+01,6.0417e+01,6.1216e+01,6.1714e+01,6.0799e+01,5.9979e+01,5.9395e+01,6.0251e+01,6.1417e+01,6.2971e+01,6.3451e+01,6.2298e+01,6.2746e+01,6.3177e+01,6.2582e+01,6.2293e+01,6.1928e+01,6.2221e+01,6.1835e+01,6.1249e+01,6.1670e+01,6.1233e+01,6.0291e+01,5.9754e+01,5.8973e+01,5.7762e+01,5.6419e+01,5.5350e+01,5.4331e+01,5.3443e+01,5.2790e+01,5.2196e+01,5.1934e+01,5.1709e+01,5.2032e+01,5.1956e+01,5.2099e+01,5.2789e+01,5.3647e+01,5.3893e+01,5.5516e+01,5.6043e+01,5.7283e+01,5.8878e+01,6.0186e+01,6.2034e+01,6.3436e+01,6.5168e+01,6.7166e+01,6.8505e+01,7.0565e+01,7.2421e+01,7.4430e+01,7.3527e+01,7.3285e+01,7.5310e+01,7.5245e+01,7.3283e+01,7.2440e+01,7.3217e+01,7.4178e+01,7.3285e+01,7.2826e+01,7.5036e+01,7.6309e+01,7.8899e+01,7.9104e+01,7.9688e+01,8.0988e+01,8.2667e+01,8.4976e+01,8.6245e+01,8.8311e+01,8.9329e+01,9.2177e+01,9.4277e+01,9.7318e+01,9.9392e+01,1.0147e+02,1.0400e+02,1.0486e+02,1.0566e+02,1.0815e+02,1.0849e+02,1.1025e+02,1.1164e+02,1.1322e+02,1.1390e+02,1.1491e+02,1.1614e+02,1.1669e+02,1.1772e+02,1.1881e+02,1.1985e+02,1.2070e+02,1.2164e+02,1.2218e+02,1.2329e+02,1.2406e+02,1.2481e+02,1.2560e+02,1.2661e+02,1.2767e+02,1.2883e+02,1.2988e+02,1.3119e+02,1.3196e+02,1.3270e+02,1.3370e+02,1.3409e+02,1.3470e+02,1.3451e+02,1.3415e+02
6.1567e+01,6.1593e+01,6.1996e+01,6.2399e+01,6.3088e+01,6.3471e+01,6.3576e+01,6.4154e+01,6.3264e+01,6.2571e+01,6.2546e+01,6.2043e+01,6.2215e+01,6.1896e+01,6.1393e+01,6.0650e+01,6.0786e+01,6.0109e+01,6.0026e+01,5.9540e+01,6.0346e+01,6.0854e+01,5.9930e+01,5.9105e+01,5.8519e+01,5.9383e+01,6.0561e+01,6.2129e+01,6.2611e+01,6.1444e+01,6.1893e+01,6.2328e+01,6.1725e+01,6.1429e+01,6.1059e+01,6.1359e+01,6.0966e+01,6.0375e+01,6.0801e+01,6.0363e+01,5.9410e+01,5.8872e+01,5.8087e+01,5.6857e+01,5.5498e+01,5.4413e+01,5.3376e+01,5.2473e+01,5.1811e+01,5.1207e+01,5.0942e+01,5.0713e+01,5.1047e+01,5.0969e+01,5.1110e+01,5.1813e+01,5.2685e+01,5.2937e+01,5.4588e+01,5.5123e+01,5.6388e+01,5.8007e+01,5.9338e+01,6.1211e+01,6.2634e+01,6.4386e+01,6.6409e+01,6.7766e+01,6.9843e+01,7.1717e+01,7.3747e+01,7.2834e+01,7.2584e+01,7.4624e+01,7.4553e+01,7.2572e+01,7.1719e+01,7.2503e+01,7.3471e+01,7.2569e+01,7.2105e+01,7.4333e+01,7.5617e+01,7.8226e+01,7.8431e+01,7.9019e+01,8.0329e+01,8.2018e+01,8.4341e+01,8.5616e+01,8.7695e+01,8.8719e+01,9.1582e+01,9.3692e+01,9.6748e+01,9.8831e+01,1.0092e+02,1.0346e+02,1.0432e+02,1.0513e+02,1.0763e+02,1.0797e+02,1.0974e+02,1.1113e+02,1.1272e+02,1.1340e+02,1.1442e+02,1.1565e+02,1.1620e+02,1.1723e+02,1.1833e+02,1.1937e+02,1.2022e+02,1.2116e+02,1.2171e+02,1.2282e+02,1.2359e+02,1.2435e+02,1.2513e+02,1.2614e+02,1.2721e+02,1.2837e+02,1.2943e+02,1.3074e+02,1.3151e+02,1.3225e+02,1.3325e+02,1.3364e+02,1.3426e+02,1.3407e+02,1.3370e+02
6.1195e+01,6.1222e+01,6.1627e+01,6.2034e+01,6.2725e+01,6.3108e+01,6.3215e+01,6.3795e+01,6.2901e+01,6.2208e+01,6.2185e+01,6.1683e+01,6.1856e+01,6.1542e+01,6.1036e+01,6.0289e+01,6.0424e+01,5.9745e+01,5.9660e+01,5.9174e+01,5.9985e+01,6.0497e+01,5.9567e+01,5.8738e+01,5.8154e+01,5.9023e+01,6.0205e+01,6.1780e+01,6.2263e+01,6.1089e+01,6.1535e+01,6.1970e+01,6.1362e+01,6.1061e+01,6.0686e+01,6.0989e+01,6.0588e+01,5.9991e+01,6.0415e+01,5.9973e+01,5.9011e+01,5.8476e+01,5.7685e+01,5.6447e+01,5.5080e+01,5.3983e+01,5.2939e+01,5.2024e+01,5.1362e+01,5.0753e+01,5.0492e+01,5.0258e+01,5.0600e+01,5.0518e+01,5.0658e+01,5.1371e+01,5.2256e+01,5.2509e+01,5.4180e+01,5.4723e+01,5.6002e+01,5.7637e+01,5.8983e+01,6.0871e+01,6.2306e+01,6.4070e+01,6.6106e+01,6.7473e+01,6.9559e+01,7.1443e+01,7.3483e+01,7.2565e+01,7.2311e+01,7.4359e+01,7.4288e+01,7.2299e+01,7.1443e+01,7.2230e+01,7.3203e+01,7.2298e+01,7.1832e+01,7.4069e+01,7.5357e+01,7.7976e+01,7.8182e+01,7.8772e+01,8.0085e+01,8.1779e+01,8.4108e+01,8.5386e+01,8.7471e+01,8.8497e+01,9.1367e+01,9.3481e+01,9.6545e+01,9.8632e+01,1.0073e+02,1.0327e+02,1.0414e+02,1.0494e+02,1.0745e+02,1.0779e+02,1.0957e+02,1.1096e+02,1.1255e+02,1.1323e+02,1.1426e+02,1.1548e+02,1.1604e+02,1.1707e+02,1.1817e+02,1.1921e+02,1.2006e+02,1.2100e+02,1.2154e+02,1.2266e+02,1.2343e+02,1.2419e+02,1.2497e+02,1.2599e+02,1.2705e+02,1.2822e+02,1.2927e+02,1.3059e+02,1.3136e+02,1.3210e+02,1.3311e+02,1.3350e+02,1.3411e+02,1.3392e+02,1.3356e+02
6.0846e+01,6.0872e+01,6.1280e+01,6.1687e+01,6.2381e+01,6.2761e+01,6.2872e+01,6.3456e+01,6.2560e+01,6.1865e+01,6.1844e+01,6.1340e+01,6.1514e+01,6.1201e+01,6.0688e+01,5.9936e+01,6.0069e+01,5.9386e+01,5.9299e+01,5.8809e+01,5.9626e+01,6.0141e+01,5.9205e+01,5.8380e+01,5.7797e+01,5.8663e+01,5.9848e+01,6.1428e+01,6.1914e+01,6.0732e+01,6.1176e+01,6.1614e+01,6.1000e+01,6.0697e+01,6.0323e+01,6.0627e+01,6.0220e+01,5.9623e+01,6.0049e+01,5.9610e+01,5.8641e+01,5.8110e+01,5.7322e+01,5.6077e+01,5.4702e+01,5.3591e+01,5.2539e+01,5.1616e+01,5.0946e+01,5.0332e+01,5.0071e+01,4.9836e+01,5.0185e+01,5.0103e+01,5.0247e+01,5.0970e+01,5.1867e+01,5.2127e+01,5.3814e+01,5.4364e+01,5.5659e+01,5.7305e+01,5.8664e+01,6.0564e+01,6.2009e+01,6.3784e+01,6.5830e+01,6.7204e+01,6.9296e+01,7.1187e+01,7.3239e+01,7.2318e+01,7.2059e+01,7.4113e+01,7.4037e+01,7.2038e+01,7.1177e+01,7.1966e+01,7.2941e+01,7.2032e+01,7.1564e+01,7.3808e+01,7.5100e+01,7.7727e+01,7.7933e+01,7.8523e+01,7.9839e+01,8.1538e+01,8.3873e+01,8.5155e+01,8.7245e+01,8.8275e+01,9.1151e+01,9.3268e+01,9.6337e+01,9.8428e+01,1.0053e+02,1.0308e+02,1.0394e+02,1.0475e+02,1.0726e+02,1.0761e+02,1.0938e+02,1.1077e+02,1.1237e+02,1.1305e+02,1.1407e+02,1.1531e+02,1.1586e+02,1.1688e+02,1.1798e+02,1.1902e+02,1.1987e+02,1.2081e+02,1.2136e+02,1.2248e+02,1.2325e+02,1.2401e+02,1.2479e+02,1.2581e+02,1.2687e+02,1.2804e+02,1.2910e+02,1.3041e+02,1.3118e+02,1.3192e+02,1.3293e+02,1.3332e+02,1.3394e+02,1.3375e+02,1.3338e+02
5.9834e+01,5.9858e+01,6.0267e+01,6.0682e+01,6.1390e+01,6.1775e+01,6.1893e+01,6.2485e+01,6.1571e+01,6.0860e+01,6.0833e+01,6.0314e+01,6.0482e+01,6.0168e+01,5.9633e+01,5.8865e+01,5.8990e+01,5.8293e+01,5.8189e+01,5.7687e+01,5.8507e+01,5.9030e+01,5.8091e+01,5.7267e+01,5.6684e+01,5.7552e+01,5.8741e+01,6.0329e+01,6.0819e+01,5.9633e+01,6.0083e+01,6.0528e+01,5.9913e+01,5.9604e+01,5.9234e+01,5.9555e+01,5.9147e+01,5.8555e+01,5.8990e+01,5.8556e+01,5.7578e+01,5.7047e+01,5.6253e+01,5.4975e+01,5.3580e+01,5.2446e+01,5.1368e+01,5.0426e+01,4.9735e+01,4.9107e+01,4.8833e+01,4.8593e+01,4.8946e+01,4.8855e+01,4.9003e+01,4.9729e+01,5.0639e+01,5.0914e+01,5.2618e+01,5.3184e+01,5.4506e+01,5.6167e+01,5.7554e+01,5.9475e+01,6.0951e+01,6.2742e+01,6.4822e+01,6.6223e+01,6.8328e+01,7.0240e+01,7.2316e+01,7.1376e+01,7.1101e+01,7.3172e+01,7.3085e+01,7.1067e+01,7.0194e+01,7.0998e+01,7.1978e+01,7.1054e+01,7.0585e+01,7.2851e+01,7.4146e+01,7.6796e+01,7.6996e+01,7.7595e+01,7.8919e+01,8.0622e+01,8.2974e+01,8.4258e+01,8.6360e+01,8.7389e+01,9.0285e+01,9.2413e+01,9.5501e+01,9.7601e+01,9.9710e+01,1.0227e+02,1.0314e+02,1.0396e+02,1.0648e+02,1.0682e+02,1.0860e+02,1.1000e+02,1.1160e+02,1.1229e+02,1.1332e+02,1.1455e+02,1.1511e+02,1.1613e+02,1.1724e+02,1.1828e+02,1.1914e+02,1.2008e+02,1.2063e+02,1.2176e+02,1.2253e+02,1.2329e+02,1.2408e+02,1.2510e+02,1.2617e+02,1.2735e+02,1.2840e+02,1.2972e+02,1.3049e+02,1.3124e+02,1.3225e+02,1.3264e+02,1.3326e+02,1.3307e+02,1.3270e+02
5.8507e+01,5.8532e+01,5.8950e+01,5.9381e+01,6.0115e+01,6.0511e+01,6.0636e+01,6.1240e+01,6.0297e+01,5.9563e+01,5.9527e+01,5.8983e+01,5.9142e+01,5.8819e+01,5.8257e+01,5.7462e+01,5.7574e+01,5.6851e+01,5.6725e+01,5.6203e+01,5.7022e+01,5.7552e+01,5.6612e+01,5.5787e+01,5.5202e+01,5.6071e+01,5.7269e+01,5.8870e+01,5.9361e+01,5.8169e+01,5.8625e+01,5.9079e+01,5.8464e+01,5.8153e+01,5.7792e+01,5.8134e+01,5.7732e+01,5.7147e+01,5.7598e+01,5.7170e+01,5.6182e+01,5.5647e+01,5.4841e+01,5.3516e+01,5.2092e+01,5.0928e+01,4.9816e+01,4.8848e+01,4.8129e+01,4.7484e+01,4.7191e+01,4.6945e+01,4.7300e+01,4.7203e+01,4.7361e+01,4.8091e+01,4.9021e+01,4.9317e+01,5.1045e+01,5.1631e+01,5.2992e+01,5.4667e+01,5.6093e+01,5.8038e+01,5.9558e+01,6.1371e+01,6.3495e+01,6.4934e+01,6.7052e+01,6.8994e+01,7.1102e+01,7.0136e+01,6.9835e+01,7.1927e+01,7.1822e+01,6.9775e+01,6.8880e+01,6.9706e+01,7.0690e+01,6.9738e+01,6.9265e+01,7.1560e+01,7.2857e+01,7.5538e+01,7.5728e+01,7.6339e+01,7.7673e+01,7.9384e+01,8.1763e+01,8.3050e+01,8.5170e+01,8.6200e+01,8.9123e+01,9.1270e+01,9.4383e+01,9.6498e+01,9.8618e+01,1.0120e+02,1.0207e+02,1.0290e+02,1.0543e+02,1.0578e+02,1.0757e+02,1.0898e+02,1.1058e+02,1.1128e+02,1.1231e+02,1.1355e+02,1.1411e+02,1.1514e+02,1.1626e+02,1.1731e+02,1.1817e+02,1.1912e+02,1.1968e+02,1.2081e+02,1.2159e+02,1.2235e+02,1.2315e+02,1.2417e+02,1.2525e+02,1.2643e+02,1.2749e+02,1.2882e+02,1.2959e+02,1.3034e+02,1.3136e+02,1.3175e+02,1.3237e+02,1.3218e+02,1.3181e+02
5.7273e+01,5.7295e+01,5.7718e+01,5.8159e+01,5.8914e+01,5.9317e+01,5.9455e+01,6.0072e+01,5.9106e+01,5.8344e+01,5.8297e+01,5.7726e+01,5.7874e+01,5.7542e+01,5.6946e+01,5.6119e+01,5.6214e+01,5.5464e+01,5.5311e+01,5.4767e+01,5.5584e+01,5.6124e+01,5.5184e+01,5.4367e+01,5.3785e+01,5.4650e+01,5.5851e+01,5.7460e+01,5.7955e+01,5.6761e+01,5.7225e+01,5.7693e+01,5.7084e+01,5.6769e+01,5.6420e+01,5.6787e+01,5.6388e+01,5.5820e+01,5.6289e+01,5.5873e+01,5.4875e+01,5.4340e+01,5.3527e+01,5.2149e+01,5.0694e+01,4.9496e+01,4.8340e+01,4.7339e+01,4.6584e+01,4.5917e+01,4.5600e+01,4.5346e+01,4.5702e+01,4.5594e+01,4.5763e+01,4.6497e+01,4.7445e+01,4.7768e+01,4.9518e+01,5.0125e+01,5.1524e+01,5.3212e+01,5.4680e+01,5.6649e+01,5.8213e+01,6.0047e+01,6.2214e+01,6.3694e+01,6.5823e+01,6.7796e+01,6.9935e+01,6.8941e+01,6.8617e+01,7.0732e+01,7.0612e+01,6.8538e+01,6.7627e+01,6.8475e+01,6.9468e+01,6.8493e+01,6.8020e+01,7.0346e+01,7.1646e+01,7.4361e+01,7.4541e+01,7.5169e+01,7.6515e+01,7.8229e+01,8.0630e+01,8.1916e+01,8.4054e+01,8.5085e+01,8.8033e+01,9.0192e+01,9.3329e+01,9.5453e+01,9.7586e+01,1.0019e+02,1.0107e+02,1.0190e+02,1.0445e+02,1.0481e+02,1.0660e+02,1.0802e+02,1.0964e+02,1.1034e+02,1.1138e+02,1.1263e+02,1.1319e+02,1.1423e+02,1.1535e+02,1.1640e+02,1.1727e+02,1.1823e+02,1.1879e+02,1.1993e+02,1.2071e+02,1.2147e+02,1.2227e+02,1.2330e+02,1.2438e+02,1.2557e+02,1.2664e+02,1.2797e+02,1.2875e+02,1.2950e+02,1.3052e+02,1.3091e+02,1.3154e+02,1.3134e+02,1.3097e+02
5.6281e+01,5.6302e+01,5.6733e+01,5.7187e+01,5.7968e+01,5.8390e+01,5.8538e+01,5.9172e+01,5.8181e+01,5.7391e+01,5.7332e+01,5.6732e+01,5.6872e+01,5.6530e+01,5.5903e+01,5.5045e+01,5.5117e+01,5.4339e+01,5.4164e+01,5.3599e+01,5.4416e+01,5.4967e+01,5.4027e+01,5.3223e+01,5.2646e+01,5.3503e+01,5.4698e+01,5.6307e+01,5.6804e+01,5.5615e+01,5.6089e+01,5.6566e+01,5.5967e+01,5.5655e+01,5.5317e+01,5.5705e+01,5.5319e+01,5.4768e+01,5.5259e+01,5.4856e+01,5.3850e+01,5.3312e+01,5.2492e+01,5.1061e+01,4.9579e+01,4.8345e+01,4.7146e+01,4.6112e+01,4.5318e+01,4.4626e+01,4.4284e+01,4.4024e+01,4.4381e+01,4.4264e+01,4.4447e+01,4.5183e+01,4.6154e+01,4.6506e+01,4.8276e+01,4.8910e+01,5.0347e+01,5.2043e+01,5.3549e+01,5.5533e+01,5.7135e+01,5.8989e+01,6.1190e+01,6.2707e+01,6.4839e+01,6.6840e+01,6.9002e+01,6.7977e+01,6.7631e+01,6.9767e+01,6.9631e+01,6.7537e+01,6.6610e+01,6.7485e+01,6.8481e+01,6.7481e+01,6.7009e+01,6.9363e+01,7.0659e+01,7.3403e+01,7.3571e+01,7.4215e+01,7.5569e+01,7.7283e+01,7.9705e+01,8.0987e+01,8.3140e+01,8.4168e+01,8.7138e+01,8.9310e+01,9.2468e+01,9.4601e+01,9.6742e+01,9.9360e+01,1.0025e+02,1.0109e+02,1.0365e+02,1.0401e+02,1.0582e+02,1.0725e+02,1.0887e+02,1.0958e+02,1.1062e+02,1.1187e+02,1.1244e+02,1.1348e+02,1.1461e+02,1.1567e+02,1.1654e+02,1.1750e+02,1.1807e+02,1.1921e+02,1.1999e+02,1.2076e+02,1.2157e+02,1.2260e+02,1.2368e+02,1.2487e+02,1.2595e+02,1.2728e+02,1.2806e+02,1.2882e+02,1.2984e+02,1.3024e+02,1.3086e+02,1.3067e+02,1.3030e+02
5.5010e+01,5.5029e+01,5.5468e+01,5.5932e+01,5.6735e+01,5.7169e+01,5.7333e+01,5.7986e+01,5.6966e+01,5.6148e+01,5.6072e+01,5.5439e+01,5.5562e+01,5.5205e+01,5.4543e+01,5.3650e+01,5.3705e+01,5.2892e+01,5.2685e+01,5.2091e+01,5.2897e+01,5.3451e+01,5.2523e+01,5.1725e+01,5.1153e+01,5.2006e+01,5.3208e+01,5.4821e+01,5.5312e+01,5.4118e+01,5.4593e+01,5.5082e+01,5.4492e+01,5.4180e+01,5.3860e+01,5.4277e+01,5.3902e+01,5.3377e+01,5.3898e+01,5.3514e+01,5.2501e+01,5.1962e+01,5.1136e+01,4.9646e+01,4.8132e+01,4.6861e+01,4.5618e+01,4.4549e+01,4.3710e+01,4.2998e+01,4.2626e+01,4.2355e+01,4.2711e+01,4.2582e+01,4.2777e+01,4.3521e+01,4.4511e+01,4.4887e+01,4.6676e+01,4.7333e+01,4.8810e+01,5.0517e+01,5.2062e+01,5.4066e+01,5.5710e+01,5.7590e+01,5.9833e+01,6.1391e+01,6.3533e+01,6.5571e+01,6.7764e+01,6.6706e+01,6.6337e+01,6.8498e+01,6.8349e+01,6.6231e+01,6.5290e+01,6.6190e+01,6.7197e+01,6.6176e+01,6.5709e+01,6.8096e+01,6.9391e+01,7.2170e+01,7.2328e+01,7.2994e+01,7.4360e+01,7.6073e+01,7.8516e+01,7.9794e+01,8.1967e+01,8.2994e+01,8.5988e+01,8.8170e+01,9.1351e+01,9.3492e+01,9.5643e+01,9.8281e+01,9.9172e+01,1.0003e+02,1.0261e+02,1.0298e+02,1.0480e+02,1.0625e+02,1.0788e+02,1.0860e+02,1.0965e+02,1.1091e+02,1.1148e+02,1.1253e+02,1.1366e+02,1.1472e+02,1.1561e+02,1.1657e+02,1.1714e+02,1.1828e+02,1.1907e+02,1.1984e+02,1.2065e+02,1.2169e+02,1.2278e+02,1.2397e+02,1.2505e+02,1.2639e+02,1.2717e+02,1.2793e+02,1.2896e+02,1.2936e+02,1.2998e+02,1.2979e+02,1.2942e+02
5.3886e+01,5.3901e+01,5.4351e+01,5.4827e+01,5.5656e+01,5.6100e+01,5.6281e+01,5.6949e+01,5.5896e+01,5.5042e+01,5.4941e+01,5.4276e+01,5.4383e+01,5.4011e+01,5.3317e+01,5.2395e+01,5.2432e+01,5.1593e+01,5.1358e+01,5.0746e+01,5.1549e+01,5.2105e+01,5.1185e+01,5.0392e+01,4.9824e+01,5.0677e+01,5.1883e+01,5.3501e+01,5.3992e+01,5.2799e+01,5.3281e+01,5.3780e+01,5.3202e+01,5.2892e+01,5.2588e+01,5.3030e+01,5.2663e+01,5.2167e+01,5.2714e+01,5.2350e+01,5.1338e+01,5.0799e+01,4.9973e+01,4.8432e+01,4.6894e+01,4.5590e+01,4.4308e+01,4.3208e+01,4.2337e+01,4.1611e+01,4.1208e+01,4.0925e+01,4.1273e+01,4.1130e+01,4.1317e+01,4.2056e+01,4.3049e+01,4.3430e+01,4.5226e+01,4.5902e+01,4.7402e+01,4.9118e+01,5.0692e+01,5.2709e+01,5.4386e+01,5.6291e+01,5.8567e+01,6.0163e+01,6.2315e+01,6.4384e+01,6.6602e+01,6.5517e+01,6.5130e+01,6.7314e+01,6.7159e+01,6.5021e+01,6.4073e+01,6.4995e+01,6.6016e+01,6.4982e+01,6.4524e+01,6.6944e+01,6.8241e+01,7.1052e+01,7.1206e+01,7.1895e+01,7.3277e+01,7.4987e+01,7.7444e+01,7.8717e+01,8.0910e+01,8.1937e+01,8.4951e+01,8.7138e+01,9.0339e+01,9.2485e+01,9.4648e+01,9.7304e+01,9.8205e+01,9.9078e+01,1.0167e+02,1.0206e+02,1.0390e+02,1.0536e+02,1.0700e+02,1.0772e+02,1.0878e+02,1.1005e+02,1.1063e+02,1.1169e+02,1.1283e+02,1.1390e+02,1.1479e+02,1.1576e+02,1.1633e+02,1.1748e+02,1.1827e+02,1.1904e+02,1.1986e+02,1.2089e+02,1.2199e+02,1.2319e+02,1.2427e+02,1.2562e+02,1.2641e+02,1.2717e+02,1.2820e+02,1.2860e+02,1.2923e+02,1.2904e+02,1.2867e+02
5.2683e+01,5.2692e+01,5.3148e+01,5.3639e+01,5.4497e+01,5.4957e+01,5.5154e+01,5.5842e+01,5.4756e+01,5.3864e+01,5.3742e+01,5.3036e+01,5.3125e+01,5.2734e+01,5.1999e+01,5.1033e+01,5.1044e+01,5.0169e+01,4.9905e+01,4.9268e+01,5.0063e+01,5.0631e+01,4.9726e+01,4.8943e+01,4.8393e+01,4.9249e+01,5.0457e+01,5.2073e+01,5.2557e+01,5.1360e+01,5.1842e+01,5.2351e+01,5.1783e+01,5.1475e+01,5.1200e+01,5.1677e+01,5.1330e+01,5.0871e+01,5.1453e+01,5.1112e+01,5.0104e+01,4.9558e+01,4.8728e+01,4.7115e+01,4.5542e+01,4.4195e+01,4.2861e+01,4.1727e+01,4.0808e+01,4.0062e+01,3.9622e+01,3.9331e+01,3.9674e+01,3.9525e+01,3.9727e+01,4.0475e+01,4.1482e+01,4.1892e+01,4.3693e+01,4.4391e+01,4.5928e+01,4.7646e+01,4.9258e+01,5.1289e+01,5.3012e+01,5.4937e+01,5.7254e+01,5.8890e+01,6.1047e+01,6.3147e+01,6.5397e+01,6.4278e+01,6.3864e+01,6.6069e+01,6.5900e+01,6.3742e+01,6.2782e+01,6.3728e+01,6.4760e+01,6.3707e+01,6.3256e+01,6.5707e+01,6.7001e+01,6.9844e+01,6.9988e+01,7.0701e+01,7.2096e+01,7.3800e+01,7.6272e+01,7.7538e+01,7.9751e+01,8.0776e+01,8.3809e+01,8.6002e+01,8.9224e+01,9.1374e+01,9.3546e+01,9.6222e+01,9.7131e+01,9.8020e+01,1.0063e+02,1.0103e+02,1.0288e+02,1.0436e+02,1.0601e+02,1.0675e+02,1.0781e+02,1.0908e+02,1.0967e+02,1.1073e+02,1.1189e+02,1.1296e+02,1.1385e+02,1.1483e+02,1.1540e+02,1.1655e+02,1.1734e+02,1.1813e+02,1.1894e+02,1.1998e+02,1.2109e+02,1.2229e+02,1.2338e+02,1.2473e+02,1.2552e+02,1.2629e+02,1.2732e+02,1.2772e+02,1.2835e+02,1.2817e+02,1.2779e+02
5.1588e+01,5.1600e+01,5.2065e+01,5.2564e+01,5.3440e+01,5.3913e+01,5.4128e+01,5.4833e+01,5.3720e+01,5.2791e+01,5.2644e+01,5.1903e+01,5.1969e+01,5.1560e+01,5.0789e+01,4.9791e+01,4.9780e+01,4.8879e+01,4.8584e+01,4.7929e+01,4.8720e+01,4.9291e+01,4.8393e+01,4.7620e+01,4.7078e+01,4.7928e+01,4.9131e+01,5.0747e+01,5.1235e+01,5.0042e+01,5.0534e+01,5.1055e+01,5.0510e+01,5.0212e+01,4.9961e+01,5.0472e+01,5.0147e+01,4.9718e+01,5.0325e+01,5.0012e+01,4.9011e+01,4.8466e+01,4.7632e+01,4.5955e+01,4.4349e+01,4.2965e+01,4.1582e+01,4.0417e+01,3.9457e+01,3.8694e+01,3.8221e+01,3.7924e+01,3.8258e+01,3.8102e+01,3.8309e+01,3.9051e+01,4.0060e+01,4.0493e+01,4.2290e+01,4.3004e+01,4.4566e+01,4.6279e+01,4.7922e+01,4.9964e+01,5.1725e+01,5.3664e+01,5.6016e+01,5.7686e+01,5.9849e+01,6.1973e+01,6.4250e+01,6.3107e+01,6.2667e+01,6.4888e+01,6.4705e+01,6.2525e+01,6.1554e+01,6.2522e+01,6.3561e+01,6.2492e+01,6.2048e+01,6.4525e+01,6.5818e+01,6.8688e+01,6.8826e+01,6.9557e+01,7.0965e+01,7.2664e+01,7.5150e+01,7.6411e+01,7.8642e+01,7.9669e+01,8.2719e+01,8.4916e+01,8.8155e+01,9.0309e+01,9.2493e+01,9.5185e+01,9.6103e+01,9.7007e+01,9.9635e+01,1.0004e+02,1.0190e+02,1.0340e+02,1.0506e+02,1.0580e+02,1.0687e+02,1.0816e+02,1.0875e+02,1.0982e+02,1.1099e+02,1.1206e+02,1.1296e+02,1.1394e+02,1.1451e+02,1.1567e+02,1.1647e+02,1.1725e+02,1.1808e+02,1.1912e+02,1.2023e+02,1.2144e+02,1.2253e+02,1.2389e+02,1.2468e+02,1.2545e+02,1.2648e+02,1.2689e+02,1.2752e+02,1.2733e+02,1.2696e+02
5.0311e+01,5.0316e+01,5.0783e+01,5.1304e+01,5.2210e+01,5.2696e+01,5.2923e+01,5.3649e+01,5.2503e+01,5.1538e+01,5.1374e+01,5.0588e+01,5.0636e+01,5.0210e+01,4.9386e+01,4.8341e+01,4.8305e+01,4.7364e+01,4.7042e+01,4.6355e+01,4.7139e+01,4.7711e+01,4.6821e+01,4.6057e+01,4.5532e+01,4.6380e+01,4.7585e+01,4.9201e+01,4.9682e+01,4.8486e+01,4.8982e+01,4.9514e+01,4.8985e+01,4.8688e+01,4.8464e+01,4.9015e+01,4.8713e+01,4.8317e+01,4.8962e+01,4.8673e+01,4.7678e+01,4.7131e+01,4.6292e+01,4.4537e+01,4.2886e+01,4.1444e+01,3.9995e+01,3.8788e+01,3.7772e+01,3.6988e+01,3.6476e+01,3.6172e+01,3.6500e+01,3.6339e+01,3.6561e+01,3.7315e+01,3.8343e+01,3.8820e+01,4.0636e+01,4.1377e+01,4.2995e+01,4.4716e+01,4.6415e+01,4.8484e+01,5.0306e+01,5.2269e+01,5.4678e+01,5.6397e+01,5.8569e+01,6.0727e+01,6.3048e+01,6.1872e+01,6.1394e+01,6.3634e+01,6.3425e+01,6.1213e+01,6.0217e+01,6.1204e+01,6.2246e+01,6.1153e+01,6.0705e+01,6.3213e+01,6.4508e+01,6.7412e+01,6.7543e+01,6.8292e+01,6.9714e+01,7.1415e+01,7.3917e+01,7.5178e+01,7.7431e+01,7.8463e+01,8.1534e+01,8.3739e+01,8.6999e+01,8.9162e+01,9.1361e+01,9.4071e+01,9.4997e+01,9.5913e+01,9.8561e+01,9.8983e+01,1.0086e+02,1.0237e+02,1.0404e+02,1.0479e+02,1.0588e+02,1.0717e+02,1.0777e+02,1.0885e+02,1.1002e+02,1.1110e+02,1.1201e+02,1.1300e+02,1.1357e+02,1.1474e+02,1.1554e+02,1.1633e+02,1.1715e+02,1.1820e+02,1.1931e+02,1.2053e+02,1.2163e+02,1.2299e+02,1.2379e+02,1.2456e+02,1.2560e+02,1.2601e+02,1.2664e+02,1.2645e+02,1.2608e+02
4.9076e+01,4.9061e+01,4.9541e+01,5.0087e+01,5.1019e+01,5.1514e+01,5.1752e+01,5.2502e+01,5.1317e+01,5.0319e+01,5.0134e+01,4.9315e+01,4.9348e+01,4.8911e+01,4.8027e+01,4.6940e+01,4.6874e+01,4.5895e+01,4.5552e+01,4.4849e+01,4.5635e+01,4.6210e+01,4.5320e+01,4.4560e+01,4.4056e+01,4.4909e+01,4.6115e+01,4.7739e+01,4.8224e+01,4.7020e+01,4.7532e+01,4.8080e+01,4.7560e+01,4.7262e+01,4.7074e+01,4.7659e+01,4.7374e+01,4.7009e+01,4.7690e+01,4.7418e+01,4.6411e+01,4.5847e+01,4.4999e+01,4.3148e+01,4.1444e+01,3.9944e+01,3.8415e+01,3.7154e+01,3.6076e+01,3.5265e+01,3.4712e+01,3.4400e+01,3.4722e+01,3.4550e+01,3.4774e+01,3.5541e+01,3.6587e+01,3.7110e+01,3.8966e+01,3.9732e+01,4.1413e+01,4.3157e+01,4.4922e+01,4.7032e+01,4.8923e+01,5.0917e+01,5.3392e+01,5.5164e+01,5.7356e+01,5.9554e+01,6.1918e+01,6.0714e+01,6.0204e+01,6.2469e+01,6.2239e+01,5.9987e+01,5.8969e+01,5.9973e+01,6.1025e+01,5.9914e+01,5.9459e+01,6.2005e+01,6.3310e+01,6.6255e+01,6.6384e+01,6.7152e+01,6.8595e+01,7.0301e+01,7.2821e+01,7.4085e+01,7.6365e+01,7.7407e+01,8.0502e+01,8.2714e+01,8.5997e+01,8.8169e+01,9.0386e+01,9.3117e+01,9.4055e+01,9.4985e+01,9.7655e+01,9.8092e+01,9.9986e+01,1.0152e+02,1.0320e+02,1.0396e+02,1.0507e+02,1.0637e+02,1.0698e+02,1.0806e+02,1.0925e+02,1.1034e+02,1.1125e+02,1.1224e+02,1.1282e+02,1.1400e+02,1.1480e+02,1.1559e+02,1.1642e+02,1.1747e+02,1.1859e+02,1.1981e+02,1.2092e+02,1.2229e+02,1.2309e+02,1.2387e+02,1.2492e+02,1.2532e+02,1.2596e+02,1.2578e+02,1.2540e+02
4.7755e+01,4.7737e+01,4.8232e+01,4.8798e+01,4.9753e+01,5.0256e+01,5.0512e+01,5.1280e+01,5.0059e+01,4.9020e+01,4.8806e+01,4.7932e+01,4.7925e+01,4.7462e+01,4.6513e+01,4.5372e+01,4.5275e+01,4.4249e+01,4.3865e+01,4.3140e+01,4.3919e+01,4.4492e+01,4.3613e+01,4.2860e+01,4.2365e+01,4.3211e+01,4.4410e+01,4.6029e+01,4.6517e+01,4.5326e+01,4.5855e+01,4.6423e+01,4.5936e+01,4.5645e+01,4.5497e+01,4.6142e+01,4.5896e+01,4.5583e+01,4.6313e+01,4.6090e+01,4.5093e+01,4.4537e+01,4.3685e+01,4.1718e+01,3.9962e+01,3.8387e+01,3.6753e+01,3.5423e+01,3.4264e+01,3.3423e+01,3.2814e+01,3.2488e+01,3.2798e+01,3.2620e+01,3.2855e+01,3.3623e+01,3.4682e+01,3.5252e+01,3.7118e+01,3.7910e+01,3.9643e+01,4.1387e+01,4.3214e+01,4.5353e+01,4.7314e+01,4.9332e+01,5.1874e+01,5.3703e+01,5.5912e+01,5.8147e+01,6.0557e+01,5.9321e+01,5.8773e+01,6.1062e+01,6.0810e+01,5.8522e+01,5.7485e+01,5.8516e+01,5.9581e+01,5.8447e+01,5.7996e+01,6.0582e+01,6.1886e+01,6.4872e+01,6.4990e+01,6.5787e+01,6.7248e+01,6.8947e+01,7.1488e+01,7.2745e+01,7.5052e+01,7.6095e+01,7.9215e+01,8.1433e+01,8.4740e+01,8.6918e+01,8.9148e+01,9.1903e+01,9.2848e+01,9.3798e+01,9.6490e+01,9.6942e+01,9.8853e+01,1.0041e+02,1.0211e+02,1.0288e+02,1.0399e+02,1.0531e+02,1.0592e+02,1.0702e+02,1.0822e+02,1.0932e+02,1.1024e+02,1.1123e+02,1.1181e+02,1.1299e+02,1.1380e+02,1.1459e+02,1.1543e+02,1.1648e+02,1.1761e+02,1.1883e+02,1.1994e+02,1.2132e+02,1.2213e+02,1.2291e+02,1.2396e+02,1.2438e+02,1.2502e+02,1.2483e+02,1.2446e+02
4.6499e+01,4.6468e+01,4.6969e+01,4.7550e+01,4.8532e+01,4.9052e+01,4.9317e+01,5.0108e+01,4.8851e+01,4.7767e+01,4.7518e+01,4.6591e+01,4.6545e+01,4.6058e+01,4.5055e+01,4.3859e+01,4.3734e+01,4.2661e+01,4.2251e+01,4.1494e+01,4.2260e+01,4.2818e+01,4.1943e+01,4.1189e+01,4.0704e+01,4.1549e+01,4.2755e+01,4.4375e+01,4.4858e+01,4.3660e+01,4.4202e+01,4.4784e+01,4.4320e+01,4.4034e+01,4.3919e+01,4.4606e+01,4.4396e+01,4.4133e+01,4.4908e+01,4.4722e+01,4.3718e+01,4.3158e+01,4.2307e+01,4.0231e+01,3.8413e+01,3.6764e+01,3.5039e+01,3.3649e+01,3.2417e+01,3.1558e+01,3.0907e+01,3.0582e+01,3.0883e+01,3.0715e+01,3.0971e+01,3.1756e+01,3.2830e+01,3.3462e+01,3.5343e+01,3.6161e+01,3.7959e+01,3.9710e+01,4.1604e+01,4.3779e+01,4.5809e+01,4.7854e+01,5.0458e+01,5.2336e+01,5.4559e+01,5.6831e+01,5.9286e+01,5.8020e+01,5.7431e+01,5.9741e+01,5.9462e+01,5.7134e+01,5.6070e+01,5.7122e+01,5.8193e+01,5.7035e+01,5.6580e+01,5.9203e+01,6.0512e+01,6.3539e+01,6.3651e+01,6.4469e+01,6.5949e+01,6.7650e+01,7.0209e+01,7.1467e+01,7.3800e+01,7.4851e+01,7.7996e+01,8.0223e+01,8.3555e+01,8.5743e+01,8.7989e+01,9.0762e+01,9.1716e+01,9.2681e+01,9.5392e+01,9.5860e+01,9.7788e+01,9.9361e+01,1.0108e+02,1.0185e+02,1.0299e+02,1.0431e+02,1.0493e+02,1.0604e+02,1.0726e+02,1.0836e+02,1.0929e+02,1.1029e+02,1.1087e+02,1.1206e+02,1.1287e+02,1.1366e+02,1.1450e+02,1.1556e+02,1.1670e+02,1.1793e+02,1.1904e+02,1.2043e+02,1.2124e+02,1.2202e+02,1.2308e+02,1.2349e+02,1.2414e+02,1.2395e+02,1.2358e+02
4.5179e+01,4.5138e+01,4.5654e+01,4.6267e+01,4.7288e+01,4.7817e+01,4.8104e+01,4.8924e+01,4.7632e+01,4.6496e+01,4.6230e+01,4.5228e+01,4.5147e+01,4.4615e+01,4.3528e+01,4.2250e+01,4.2072e+01,4.0930e+01,4.0478e+01,3.9667e+01,4.0426e+01,4.0977e+01,4.0103e+01,3.9376e+01,3.8913e+01,3.9729e+01,4.0922e+01,4.2532e+01,4.3010e+01,4.1818e+01,4.2366e+01,4.2970e+01,4.2542e+01,4.2262e+01,4.2213e+01,4.2963e+01,4.2792e+01,4.2609e+01,4.3456e+01,4.3338e+01,4.2336e+01,4.1790e+01,4.0947e+01,3.8724e+01,3.6846e+01,3.5078e+01,3.3183e+01,3.1656e+01,3.0298e+01,2.9371e+01,2.8673e+01,2.8321e+01,2.8649e+01,2.8486e+01,2.8790e+01,2.9616e+01,3.0740e+01,3.1484e+01,3.3417e+01,3.4278e+01,3.6181e+01,3.7937e+01,3.9929e+01,4.2154e+01,4.4287e+01,4.6356e+01,4.9051e+01,5.0996e+01,5.3233e+01,5.5551e+01,5.8064e+01,5.6761e+01,5.6123e+01,5.8458e+01,5.8140e+01,5.5754e+01,5.4645e+01,5.5719e+01,5.6793e+01,5.5597e+01,5.5124e+01,5.7794e+01,5.9112e+01,6.2192e+01,6.2296e+01,6.3134e+01,6.4637e+01,6.6347e+01,6.8935e+01,7.0201e+01,7.2570e+01,7.3636e+01,7.6813e+01,7.9053e+01,8.2414e+01,8.4613e+01,8.6880e+01,8.9677e+01,9.0643e+01,9.1626e+01,9.4355e+01,9.4842e+01,9.6785e+01,9.8380e+01,1.0011e+02,1.0090e+02,1.0205e+02,1.0338e+02,1.0400e+02,1.0512e+02,1.0635e+02,1.0746e+02,1.0840e+02,1.0940e+02,1.0999e+02,1.1118e+02,1.1200e+02,1.1279e+02,1.1364e+02,1.1470e+02,1.1584e+02,1.1708e+02,1.1820e+02,1.1960e+02,1.2041e+02,1.2119e+02,1.2226e+02,1.2267e+02,1.2332e+02,1.2313e+02,1.2276e+02
4.4867e+01,4.4803e+01,4.5327e+01,4.5970e+01,4.7013e+01,4.7550e+01,4.7861e+01,4.8708e+01,4.7392e+01,4.6215e+01,4.5937e+01,4.4884e+01,4.4783e+01,4.4234e+01,4.3070e+01,4.1727e+01,4.1477e+01,4.0267e+01,3.9773e+01,3.8926e+01,3.9671e+01,4.0237e+01,3.9386e+01,3.8701e+01,3.8271e+01,3.9047e+01,4.0205e+01,4.1773e+01,4.2233e+01,4.1075e+01,4.1618e+01,4.2228e+01,4.1843e+01,4.1549e+01,4.1552e+01,4.2367e+01,4.2237e+01,4.2122e+01,4.3049e+01,4.2983e+01,4.1975e+01,4.1431e+01,4.0570e+01,3.8244e+01,3.6300e+01,3.4448e+01,3.2408e+01,3.0750e+01,2.9264e+01,2.8235e+01,2.7487e+01,2.7108e+01,2.7470e+01,2.7264e+01,2.7637e+01,2.8462e+01,2.9656e+01,3.0515e+01,3.2470e+01,3.3394e+01,3.5366e+01,3.7097e+01,3.9166e+01,4.1398e+01,4.3620e+01,4.5703e+01,4.8464e+01,5.0484e+01,5.2708e+01,5.5064e+01,5.7598e+01,5.6247e+01,5.5581e+01,5.7944e+01,5.7608e+01,5.5199e+01,5.4070e+01,5.5177e+01,5.6254e+01,5.5023e+01,5.4548e+01,5.7254e+01,5.8560e+01,6.1678e+01,6.1762e+01,6.2621e+01,6.4129e+01,6.5833e+01,6.8446e+01,6.9699e+01,7.2084e+01,7.3141e+01,7.6338e+01,7.8584e+01,8.1963e+01,8.4162e+01,8.6432e+01,8.9253e+01,9.0219e+01,9.1222e+01,9.3959e+01,9.4455e+01,9.6398e+01,9.8009e+01,9.9736e+01,1.0053e+02,1.0168e+02,1.0301e+02,1.0363e+02,1.0475e+02,1.0599e+02,1.0710e+02,1.0805e+02,1.0905e+02,1.0963e+02,1.1083e+02,1.1165e+02,1.1244e+02,1.1329e+02,1.1435e+02,1.1550e+02,1.1674e+02,1.1786e+02,1.1926e+02,1.2007e+02,1.2086e+02,1.2192e+02,1.2234e+02,1.2299e+02,1.2280e+02,1.2243e+02
4.4311e+01,4.4242e+01,4.4782e+01,4.5458e+01,4.6540e+01,4.7085e+01,4.7423e+01,4.8294e+01,4.6945e+01,4.5717e+01,4.5425e+01,4.4308e+01,4.4170e+01,4.3594e+01,4.2367e+01,4.0949e+01,4.0645e+01,3.9357e+01,3.8815e+01,3.7936e+01,3.8670e+01,3.9239e+01,3.8408e+01,3.7756e+01,3.7363e+01,3.8121e+01,3.9255e+01,4.0790e+01,4.1237e+01,4.0098e+01,4.0638e+01,4.1244e+01,4.0891e+01,4.0566e+01,4.0600e+01,4.1468e+01,4.1355e+01,4.1305e+01,4.2295e+01,4.2289e+01,4.1305e+01,4.0793e+01,3.9942e+01,3.7530e+01,3.5553e+01,3.3604e+01,3.1441e+01,2.9655e+01,2.8052e+01,2.6934e+01,2.6124e+01,2.5683e+01,2.6040e+01,2.5780e+01,2.6200e+01,2.7030e+01,2.8303e+01,2.9255e+01,3.1265e+01,3.2270e+01,3.4314e+01,3.6054e+01,3.8210e+01,4.0466e+01,4.2757e+01,4.4874e+01,4.7685e+01,4.9771e+01,5.2000e+01,5.4403e+01,5.6963e+01,5.5575e+01,5.4895e+01,5.7291e+01,5.6952e+01,5.4521e+01,5.3388e+01,5.4525e+01,5.5624e+01,5.4379e+01,5.3915e+01,5.6663e+01,5.7971e+01,6.1127e+01,6.1208e+01,6.2098e+01,6.3625e+01,6.5318e+01,6.7942e+01,6.9183e+01,7.1590e+01,7.2644e+01,7.5860e+01,7.8104e+01,8.1500e+01,8.3695e+01,8.5975e+01,8.8820e+01,8.9797e+01,9.0823e+01,9.3573e+01,9.4083e+01,9.6033e+01,9.7657e+01,9.9384e+01,1.0018e+02,1.0134e+02,1.0268e+02,1.0330e+02,1.0443e+02,1.0568e+02,1.0680e+02,1.0775e+02,1.0875e+02,1.0934e+02,1.1054e+02,1.1135e+02,1.1215e+02,1.1300e+02,1.1406e+02,1.1521e+02,1.1646e+02,1.1758e+02,1.1898e+02,1.1980e+02,1.2059e+02,1.2166e+02,1.2208e+02,1.2272e+02,1.2254e+02,1.2216e+02
4.4284e+01,4.4204e+01,4.4752e+01,4.5461e+01,4.6561e+01,4.7106e+01,4.7464e+01,4.8352e+01,4.6984e+01,4.5730e+01,4.5429e+01,4.4256e+01,4.4086e+01,4.3490e+01,4.2200e+01,4.0716e+01,4.0343e+01,3.8980e+01,3.8383e+01,3.7461e+01,3.8155e+01,3.8715e+01,3.7932e+01,3.7335e+01,3.6987e+01,3.7690e+01,3.8778e+01,4.0241e+01,4.0650e+01,3.9555e+01,4.0073e+01,4.0673e+01,4.0364e+01,4.0019e+01,4.0117e+01,4.1059e+01,4.0993e+01,4.1034e+01,4.2122e+01,4.2182e+01,4.1204e+01,4.0713e+01,3.9859e+01,3.7358e+01,3.5343e+01,3.3300e+01,3.0998e+01,2.9059e+01,2.7310e+01,2.6056e+01,2.5191e+01,2.4686e+01,2.5077e+01,2.4771e+01,2.5283e+01,2.6087e+01,2.7441e+01,2.8532e+01,3.0556e+01,3.1643e+01,3.3755e+01,3.5460e+01,3.7709e+01,3.9965e+01,4.2347e+01,4.4479e+01,4.7351e+01,4.9517e+01,5.1725e+01,5.4173e+01,5.6749e+01,5.5304e+01,5.4600e+01,5.7029e+01,5.6678e+01,5.4232e+01,5.3089e+01,5.4260e+01,5.5365e+01,5.4092e+01,5.3631e+01,5.6410e+01,5.7698e+01,6.0889e+01,6.0943e+01,6.1857e+01,6.3384e+01,6.5059e+01,6.7703e+01,6.8922e+01,7.1341e+01,7.2378e+01,7.5608e+01,7.7853e+01,8.1263e+01,8.3453e+01,8.5726e+01,8.8596e+01,8.9565e+01,9.0617e+01,9.3373e+01,9.3891e+01,9.5842e+01,9.7482e+01,9.9204e+01,9.9998e+01,1.0116e+02,1.0249e+02,1.0311e+02,1.0424e+02,1.0549e+02,1.0660e+02,1.0755e+02,1.0855e+02,1.0914e+02,1.1034e+02,1.1116e+02,1.1195e+02,1.1281e+02,1.1387e+02,1.1502e+02,1.1627e+02,1.1739e+02,1.1879e+02,1.1961e+02,1.2040e+02,1.2147e+02,1.2189e+02,1.2254e+02,1.2235e+02,1.2197e+02
4.4700e+01,4.4614e+01,4.5165e+01,4.5894e+01,4.7007e+01,4.7563e+01,4.7950e+01,4.8860e+01,4.7486e+01,4.6203e+01,4.5894e+01,4.4675e+01,4.4482e+01,4.3864e+01,4.2526e+01,4.0969e+01,4.0534e+01,3.9090e+01,3.8446e+01,3.7478e+01,3.8115e+01,3.8658e+01,3.7935e+01,3.7410e+01,3.7109e+01,3.7745e+01,3.8780e+01,4.0151e+01,4.0513e+01,3.9475e+01,3.9962e+01,4.0549e+01,4.0299e+01,3.9930e+01,4.0074e+01,4.1077e+01,4.1041e+01,4.1159e+01,4.2328e+01,4.2454e+01,4.1505e+01,4.1041e+01,4.0180e+01,3.7625e+01,3.5588e+01,3.3489e+01,3.1092e+01,2.9053e+01,2.7221e+01,2.5858e+01,2.4963e+01,2.4393e+01,2.4779e+01,2.4410e+01,2.4995e+01,2.5749e+01,2.7171e+01,2.8343e+01,3.0369e+01,3.1545e+01,3.3681e+01,3.5366e+01,3.7677e+01,3.9910e+01,4.2339e+01,4.4484e+01,4.7375e+01,4.9607e+01,5.1781e+01,5.4266e+01,5.6832e+01,5.5340e+01,5.4640e+01,5.7099e+01,5.6758e+01,5.4322e+01,5.3189e+01,5.4392e+01,5.5509e+01,5.4222e+01,5.3776e+01,5.6578e+01,5.7844e+01,6.1057e+01,6.1090e+01,6.2030e+01,6.3555e+01,6.5206e+01,6.7857e+01,6.9049e+01,7.1473e+01,7.2491e+01,7.5725e+01,7.7963e+01,8.1377e+01,8.3551e+01,8.5815e+01,8.8706e+01,8.9672e+01,9.0749e+01,9.3503e+01,9.4029e+01,9.5975e+01,9.7626e+01,9.9334e+01,1.0013e+02,1.0129e+02,1.0261e+02,1.0322e+02,1.0435e+02,1.0559e+02,1.0670e+02,1.0765e+02,1.0864e+02,1.0923e+02,1.1043e+02,1.1124e+02,1.1203e+02,1.1288e+02,1.1394e+02,1.1509e+02,1.1633e+02,1.1745e+02,1.1885e+02,1.1966e+02,1.2045e+02,1.2152e+02,1.2194e+02,1.2259e+02,1.2240e+02,1.2203e+02
4.5202e+01,4.5097e+01,4.5640e+01,4.6389e+01,4.7500e+01,4.8059e+01,4.8456e+01,4.9373e+01,4.8008e+01,4.6717e+01,4.6422e+01,4.5178e+01,4.4970e+01,4.4356e+01,4.2964e+01,4.1367e+01,4.0852e+01,3.9376e+01,3.8695e+01,3.7735e+01,3.8341e+01,3.8906e+01,3.8234e+01,3.7780e+01,3.7548e+01,3.8129e+01,3.9089e+01,4.0378e+01,4.0722e+01,3.9757e+01,4.0238e+01,4.0814e+01,4.0620e+01,4.0233e+01,4.0417e+01,4.1467e+01,4.1476e+01,4.1663e+01,4.2897e+01,4.3066e+01,4.2133e+01,4.1664e+01,4.0805e+01,3.8198e+01,3.6144e+01,3.4018e+01,3.1540e+01,2.9419e+01,2.7494e+01,2.5993e+01,2.5022e+01,2.4392e+01,2.4749e+01,2.4299e+01,2.4952e+01,2.5596e+01,2.7069e+01,2.8336e+01,3.0317e+01,3.1592e+01,3.3736e+01,3.5353e+01,3.7723e+01,3.9907e+01,4.2392e+01,4.4539e+01,4.7454e+01,4.9763e+01,5.1883e+01,5.4402e+01,5.6953e+01,5.5384e+01,5.4669e+01,5.7158e+01,5.6820e+01,5.4413e+01,5.3302e+01,5.4559e+01,5.5687e+01,5.4376e+01,5.3966e+01,5.6787e+01,5.7997e+01,6.1226e+01,6.1211e+01,6.2187e+01,6.3689e+01,6.5291e+01,6.7948e+01,6.9088e+01,7.1497e+01,7.2469e+01,7.5699e+01,7.7931e+01,8.1345e+01,8.3503e+01,8.5738e+01,8.8653e+01,8.9597e+01,9.0706e+01,9.3461e+01,9.3991e+01,9.5935e+01,9.7601e+01,9.9291e+01,1.0008e+02,1.0123e+02,1.0253e+02,1.0313e+02,1.0424e+02,1.0548e+02,1.0659e+02,1.0753e+02,1.0852e+02,1.0911e+02,1.1030e+02,1.1111e+02,1.1190e+02,1.1275e+02,1.1380e+02,1.1494e+02,1.1618e+02,1.1730e+02,1.1870e+02,1.1951e+02,1.2030e+02,1.2137e+02,1.2179e+02,1.2243e+02,1.2225e+02,1.2187e+02
4.6242e+01,4.6107e+01,4.6625e+01,4.7378e+01,4.8478e+01,4.9037e+01,4.9430e+01,5.0339e+01,4.8987e+01,4.7715e+01,4.7439e+01,4.6203e+01,4.6010e+01,4.5412e+01,4.4004e+01,4.2407e+01,4.1846e+01,4.0348e+01,3.9651e+01,3.8677e+01,3.9237e+01,3.9769e+01,3.9139e+01,3.8729e+01,3.8525e+01,3.9047e+01,3.9965e+01,4.1167e+01,4.1461e+01,4.0546e+01,4.0969e+01,4.1530e+01,4.1355e+01,4.0921e+01,4.1122e+01,4.2186e+01,4.2189e+01,4.2416e+01,4.3707e+01,4.3891e+01,4.2965e+01,4.2474e+01,4.1577e+01,3.8972e+01,3.6918e+01,3.4809e+01,3.2317e+01,3.0171e+01,2.8231e+01,2.6615e+01,2.5639e+01,2.5015e+01,2.5399e+01,2.4893e+01,2.5641e+01,2.6192e+01,2.7724e+01,2.9048e+01,3.0985e+01,3.2350e+01,3.4488e+01,3.6047e+01,3.8472e+01,4.0606e+01,4.3148e+01,4.5279e+01,4.8208e+01,5.0581e+01,5.2651e+01,5.5189e+01,5.7719e+01,5.6097e+01,5.5368e+01,5.7865e+01,5.7519e+01,5.5132e+01,5.4022e+01,5.5308e+01,5.6421e+01,5.5082e+01,5.4674e+01,5.7490e+01,5.8656e+01,6.1882e+01,6.1822e+01,6.2799e+01,6.4265e+01,6.5846e+01,6.8516e+01,6.9628e+01,7.2011e+01,7.2948e+01,7.6167e+01,7.8400e+01,8.1806e+01,8.3959e+01,8.6167e+01,8.9091e+01,9.0008e+01,9.1125e+01,9.3870e+01,9.4391e+01,9.6318e+01,9.7981e+01,9.9646e+01,1.0042e+02,1.0156e+02,1.0285e+02,1.0342e+02,1.0454e+02,1.0576e+02,1.0687e+02,1.0781e+02,1.0880e+02,1.0938e+02,1.1057e+02,1.1137e+02,1.1215e+02,1.1300e+02,1.1406e+02,1.1519e+02,1.1643e+02,1.1754e+02,1.1893e+02,1.1974e+02,1.2053e+02,1.2160e+02,1.2202e+02,1.2266e+02,1.2248e+02,1.2210e+02
4.7373e+01,4.7223e+01,4.7732e+01,4.8492e+01,4.9574e+01,5.0128e+01,5.0537e+01,5.1448e+01,5.0102e+01,4.8826e+01,4.8557e+01,4.7307e+01,4.7107e+01,4.6524e+01,4.5115e+01,4.3500e+01,4.2899e+01,4.1376e+01,4.0654e+01,3.9684e+01,4.0206e+01,4.0738e+01,4.0158e+01,3.9810e+01,3.9655e+01,4.0131e+01,4.0982e+01,4.2096e+01,4.2359e+01,4.1514e+01,4.1912e+01,4.2453e+01,4.2334e+01,4.1878e+01,4.2105e+01,4.3175e+01,4.3198e+01,4.3481e+01,4.4796e+01,4.5023e+01,4.4145e+01,4.3680e+01,4.2800e+01,4.0212e+01,3.8186e+01,3.6088e+01,3.3603e+01,3.1459e+01,2.9536e+01,2.7879e+01,2.6906e+01,2.6242e+01,2.6599e+01,2.5981e+01,2.6665e+01,2.7064e+01,2.8591e+01,2.9860e+01,3.1722e+01,3.3158e+01,3.5208e+01,3.6737e+01,3.9146e+01,4.1198e+01,4.3717e+01,4.5863e+01,4.8754e+01,5.1171e+01,5.3198e+01,5.5762e+01,5.8242e+01,5.6583e+01,5.5905e+01,5.8436e+01,5.8143e+01,5.5803e+01,5.4747e+01,5.6055e+01,5.7203e+01,5.5888e+01,5.5523e+01,5.8351e+01,5.9496e+01,6.2727e+01,6.2663e+01,6.3676e+01,6.5144e+01,6.6689e+01,6.9343e+01,7.0419e+01,7.2805e+01,7.3721e+01,7.6929e+01,7.9137e+01,8.2533e+01,8.4652e+01,8.6844e+01,8.9784e+01,9.0702e+01,9.1847e+01,9.4584e+01,9.5117e+01,9.7034e+01,9.8709e+01,1.0036e+02,1.0114e+02,1.0228e+02,1.0355e+02,1.0412e+02,1.0523e+02,1.0645e+02,1.0755e+02,1.0849e+02,1.0947e+02,1.1006e+02,1.1123e+02,1.1203e+02,1.1281e+02,1.1366e+02,1.1470e+02,1.1584e+02,1.1707e+02,1.1817e+02,1.1956e+02,1.2037e+02,1.2116e+02,1.2222e+02,1.2264e+02,1.2328e+02,1.2310e+02,1.2273e+02
4.9720e+01,4.9554e+01,5.0049e+01,5.0805e+01,5.1875e+01,5.2417e+01,5.2807e+01,5.3690e+01,5.2353e+01,5.1110e+01,5.0875e+01,4.9660e+01,4.9480e+01,4.8927e+01,4.7529e+01,4.5925e+01,4.5312e+01,4.3788e+01,4.3048e+01,4.2061e+01,4.2559e+01,4.3064e+01,4.2507e+01,4.2169e+01,4.2004e+01,4.2441e+01,4.3274e+01,4.4340e+01,4.4577e+01,4.3762e+01,4.4091e+01,4.4615e+01,4.4470e+01,4.3953e+01,4.4167e+01,4.5237e+01,4.5225e+01,4.5510e+01,4.6852e+01,4.7050e+01,4.6155e+01,4.5655e+01,4.4715e+01,4.2142e+01,4.0103e+01,3.8035e+01,3.5553e+01,3.3441e+01,3.1544e+01,2.9764e+01,2.8846e+01,2.8215e+01,2.8648e+01,2.7984e+01,2.8784e+01,2.9099e+01,3.0734e+01,3.2021e+01,3.3856e+01,3.5399e+01,3.7401e+01,3.8899e+01,4.1306e+01,4.3268e+01,4.5766e+01,4.7922e+01,5.0769e+01,5.3243e+01,5.5206e+01,5.7793e+01,6.0203e+01,5.8483e+01,5.7840e+01,6.0397e+01,6.0133e+01,5.7850e+01,5.6825e+01,5.8194e+01,5.9343e+01,5.7987e+01,5.7650e+01,6.0472e+01,6.1551e+01,6.4770e+01,6.4640e+01,6.5658e+01,6.7069e+01,6.8580e+01,7.1258e+01,7.2289e+01,7.4628e+01,7.5479e+01,7.8678e+01,8.0896e+01,8.4283e+01,8.6389e+01,8.8526e+01,9.1470e+01,9.2342e+01,9.3495e+01,9.6197e+01,9.6696e+01,9.8569e+01,1.0022e+02,1.0181e+02,1.0256e+02,1.0366e+02,1.0489e+02,1.0542e+02,1.0651e+02,1.0770e+02,1.0878e+02,1.0970e+02,1.1068e+02,1.1126e+02,1.1242e+02,1.1321e+02,1.1397e+02,1.1481e+02,1.1585e+02,1.1697e+02,1.1819e+02,1.1928e+02,1.2065e+02,1.2145e+02,1.2223e+02,1.2328e+02,1.2370e+02,1.2433e+02,1.2415e+02,1.2378e+02
5.1797e+01,5.1625e+01,5.2107e+01,5.2856e+01,5.3910e+01,5.4451e+01,5.4797e+01,5.5653e+01,5.4325e+01,5.3132e+01,5.2948e+01,5.1791e+01,5.1659e+01,5.1148e+01,4.9787e+01,4.8229e+01,4.7622e+01,4.6141e+01,4.5424e+01,4.4468e+01,4.5008e+01,4.5535e+01,4.4967e+01,4.4619e+01,4.4448e+01,4.4886e+01,4.5712e+01,4.6780e+01,4.7028e+01,4.6215e+01,4.6527e+01,4.7036e+01,4.6846e+01,4.6286e+01,4.6456e+01,4.7467e+01,4.7418e+01,4.7647e+01,4.8966e+01,4.9093e+01,4.8166e+01,4.7617e+01,4.6608e+01,4.4074e+01,4.2015e+01,4.0008e+01,3.7571e+01,3.5523e+01,3.3695e+01,3.1871e+01,3.1017e+01,3.0427e+01,3.0920e+01,3.0263e+01,3.1111e+01,3.1395e+01,3.3077e+01,3.4344e+01,3.6191e+01,3.7779e+01,3.9728e+01,4.1234e+01,4.3608e+01,4.5529e+01,4.7973e+01,5.0144e+01,5.2938e+01,5.5417e+01,5.7354e+01,5.9943e+01,6.2295e+01,6.0549e+01,5.9949e+01,6.2526e+01,6.2290e+01,6.0054e+01,5.9057e+01,6.0466e+01,6.1617e+01,6.0238e+01,5.9922e+01,6.2737e+01,6.3776e+01,6.6982e+01,6.6808e+01,6.7824e+01,6.9190e+01,7.0679e+01,7.3374e+01,7.4375e+01,7.6673e+01,7.7470e+01,8.0666e+01,8.2899e+01,8.6280e+01,8.8383e+01,9.0479e+01,9.3424e+01,9.4259e+01,9.5411e+01,9.8084e+01,9.8552e+01,1.0039e+02,1.0201e+02,1.0356e+02,1.0428e+02,1.0534e+02,1.0654e+02,1.0704e+02,1.0810e+02,1.0926e+02,1.1033e+02,1.1123e+02,1.1220e+02,1.1278e+02,1.1393e+02,1.1471e+02,1.1547e+02,1.1630e+02,1.1733e+02,1.1844e+02,1.1964e+02,1.2072e+02,1.2208e+02,1.2287e+02,1.2364e+02,1.2468e+02,1.2509e+02,1.2572e+02,1.2554e+02,1.2517e+02
5.3022e+01,5.2853e+01,5.3332e+01,5.4079e+01,5.5132e+01,5.5657e+01,5.5963e+01,5.6783e+01,5.5454e+01,5.4297e+01,5.4151e+01,5.3034e+01,5.2919e+01,5.2435e+01,5.1096e+01,4.9551e+01,4.8959e+01,4.7483e+01,4.6762e+01,4.5802e+01,4.6368e+01,4.6892e+01,4.6307e+01,4.5961e+01,4.5772e+01,4.6191e+01,4.7011e+01,4.8079e+01,4.8343e+01,4.7535e+01,4.7827e+01,4.8345e+01,4.8121e+01,4.7515e+01,4.7664e+01,4.8662e+01,4.8564e+01,4.8792e+01,5.0117e+01,5.0234e+01,4.9300e+01,4.8770e+01,4.7759e+01,4.5261e+01,4.3205e+01,4.1193e+01,3.8784e+01,3.6735e+01,3.4922e+01,3.3051e+01,3.2203e+01,3.1590e+01,3.2097e+01,3.1397e+01,3.2281e+01,3.2535e+01,3.4266e+01,3.5502e+01,3.7353e+01,3.9011e+01,4.0920e+01,4.2454e+01,4.4810e+01,4.6688e+01,4.9087e+01,5.1308e+01,5.4057e+01,5.6571e+01,5.8500e+01,6.1123e+01,6.3430e+01,6.1657e+01,6.1105e+01,6.3719e+01,6.3519e+01,6.1308e+01,6.0346e+01,6.1800e+01,6.2979e+01,6.1584e+01,6.1304e+01,6.4136e+01,6.5157e+01,6.8368e+01,6.8174e+01,6.9213e+01,7.0569e+01,7.2033e+01,7.4741e+01,7.5709e+01,7.7993e+01,7.8750e+01,8.1955e+01,8.4192e+01,8.7575e+01,8.9668e+01,9.1739e+01,9.4694e+01,9.5516e+01,9.6681e+01,9.9332e+01,9.9788e+01,1.0159e+02,1.0320e+02,1.0471e+02,1.0541e+02,1.0644e+02,1.0761e+02,1.0809e+02,1.0914e+02,1.1028e+02,1.1134e+02,1.1223e+02,1.1320e+02,1.1378e+02,1.1492e+02,1.1569e+02,1.1645e+02,1.1728e+02,1.1830e+02,1.1940e+02,1.2059e+02,1.2167e+02,1.2302e+02,1.2380e+02,1.2457e+02,1.2560e+02,1.2601e+02,1.2663e+02,1.2645e+02,1.2608e+02
5.5345e+01,5.5162e+01,5.5630e+01,5.6373e+01,5.7411e+01,5.7923e+01,5.8218e+01,5.9018e+01,5.7706e+01,5.6577e+01,5.6453e+01,5.5357e+01,5.5263e+01,5.4799e+01,5.3477e+01,5.1944e+01,5.1342e+01,4.9875e+01,4.9146e+01,4.8194e+01,4.8734e+01,4.9253e+01,4.8684e+01,4.8346e+01,4.8147e+01,4.8544e+01,4.9356e+01,5.0399e+01,5.0650e+01,4.9865e+01,5.0122e+01,5.0637e+01,5.0418e+01,4.9771e+01,4.9911e+01,5.0917e+01,5.0796e+01,5.1025e+01,5.2357e+01,5.2443e+01,5.1497e+01,5.0944e+01,4.9892e+01,4.7421e+01,4.5357e+01,4.3364e+01,4.0972e+01,3.8941e+01,3.7154e+01,3.5218e+01,3.4412e+01,3.3815e+01,3.4365e+01,3.3642e+01,3.4571e+01,3.4775e+01,3.6563e+01,3.7799e+01,3.9622e+01,4.1329e+01,4.3196e+01,4.4700e+01,4.7037e+01,4.8847e+01,5.1220e+01,5.3435e+01,5.6143e+01,5.8683e+01,6.0556e+01,6.3174e+01,6.5420e+01,6.3614e+01,6.3090e+01,6.5707e+01,6.5532e+01,6.3378e+01,6.2443e+01,6.3928e+01,6.5099e+01,6.3685e+01,6.3420e+01,6.6235e+01,6.7207e+01,7.0395e+01,7.0155e+01,7.1189e+01,7.2494e+01,7.3935e+01,7.6653e+01,7.7591e+01,7.9831e+01,8.0540e+01,8.3727e+01,8.5966e+01,8.9331e+01,9.1409e+01,9.3432e+01,9.6379e+01,9.7158e+01,9.8323e+01,1.0094e+02,1.0136e+02,1.0313e+02,1.0471e+02,1.0617e+02,1.0684e+02,1.0783e+02,1.0896e+02,1.0940e+02,1.1042e+02,1.1153e+02,1.1258e+02,1.1344e+02,1.1440e+02,1.1498e+02,1.1611e+02,1.1687e+02,1.1761e+02,1.1844e+02,1.1944e+02,1.2053e+02,1.2171e+02,1.2277e+02,1.2410e+02,1.2488e+02,1.2564e+02,1.2666e+02,1.2707e+02,1.2767e+02,1.2750e+02,1.2714e+02
5.6708e+01,5.6507e+01,5.6949e+01,5.7684e+01,5.8691e+01,5.9190e+01,5.9465e+01,6.0252e+01,5.8967e+01,5.7875e+01,5.7779e+01,5.6704e+01,5.6626e+01,5.6173e+01,5.4855e+01,5.3338e+01,5.2732e+01,5.1281e+01,5.0574e+01,4.9619e+01,5.0127e+01,5.0624e+01,5.0058e+01,4.9726e+01,4.9510e+01,4.9882e+01,5.0698e+01,5.1730e+01,5.1963e+01,5.1173e+01,5.1388e+01,5.1901e+01,5.1676e+01,5.1024e+01,5.1189e+01,5.2212e+01,5.2107e+01,5.2320e+01,5.3668e+01,5.3727e+01,5.2739e+01,5.2150e+01,5.1051e+01,4.8568e+01,4.6466e+01,4.4479e+01,4.2081e+01,4.0038e+01,3.8290e+01,3.6301e+01,3.5591e+01,3.5034e+01,3.5666e+01,3.5016e+01,3.5994e+01,3.6243e+01,3.8052e+01,3.9319e+01,4.1142e+01,4.2827e+01,4.4702e+01,4.6201e+01,4.8537e+01,5.0341e+01,5.2723e+01,5.4915e+01,5.7616e+01,6.0164e+01,6.2013e+01,6.4606e+01,6.6832e+01,6.5022e+01,6.4492e+01,6.7089e+01,6.6905e+01,6.4775e+01,6.3834e+01,6.5318e+01,6.6455e+01,6.5023e+01,6.4739e+01,6.7517e+01,6.8456e+01,7.1609e+01,7.1334e+01,7.2334e+01,7.3588e+01,7.5023e+01,7.7748e+01,7.8680e+01,8.0882e+01,8.1567e+01,8.4735e+01,8.6982e+01,9.0331e+01,9.2406e+01,9.4395e+01,9.7335e+01,9.8077e+01,9.9232e+01,1.0183e+02,1.0221e+02,1.0395e+02,1.0551e+02,1.0695e+02,1.0758e+02,1.0854e+02,1.0965e+02,1.1005e+02,1.1105e+02,1.1213e+02,1.1316e+02,1.1401e+02,1.1497e+02,1.1555e+02,1.1667e+02,1.1741e+02,1.1815e+02,1.1897e+02,1.1996e+02,1.2103e+02,1.2220e+02,1.2325e+02,1.2458e+02,1.2535e+02,1.2610e+02,1.2711e+02,1.2752e+02,1.2812e+02,1.2795e+02,1.2758e+02
5.7688e+01,5.7474e+01,5.7900e+01,5.8629e+01,5.9616e+01,6.0111e+01,6.0381e+01,6.1171e+01,5.9909e+01,5.8836e+01,5.8767e+01,5.7697e+01,5.7630e+01,5.7183e+01,5.5872e+01,5.4358e+01,5.3750e+01,5.2319e+01,5.1638e+01,5.0693e+01,5.1197e+01,5.1700e+01,5.1139e+01,5.0831e+01,5.0623e+01,5.0974e+01,5.1783e+01,5.2794e+01,5.3006e+01,5.2210e+01,5.2391e+01,5.2894e+01,5.2661e+01,5.2027e+01,5.2221e+01,5.3242e+01,5.3154e+01,5.3338e+01,5.4678e+01,5.4699e+01,5.3689e+01,5.3069e+01,5.1933e+01,4.9445e+01,4.7318e+01,4.5334e+01,4.2946e+01,4.0925e+01,3.9225e+01,3.7222e+01,3.6614e+01,3.6114e+01,3.6813e+01,3.6221e+01,3.7228e+01,3.7523e+01,3.9355e+01,4.0644e+01,4.2476e+01,4.4149e+01,4.6025e+01,4.7522e+01,4.9849e+01,5.1639e+01,5.4003e+01,5.6184e+01,5.8861e+01,6.1405e+01,6.3224e+01,6.5800e+01,6.8008e+01,6.6193e+01,6.5658e+01,6.8244e+01,6.8053e+01,6.5945e+01,6.4996e+01,6.6488e+01,6.7599e+01,6.6142e+01,6.5848e+01,6.8600e+01,6.9506e+01,7.2637e+01,7.2330e+01,7.3309e+01,7.4523e+01,7.5950e+01,7.8679e+01,7.9606e+01,8.1780e+01,8.2449e+01,8.5607e+01,8.7865e+01,9.1206e+01,9.3284e+01,9.5254e+01,9.8180e+01,9.8899e+01,1.0004e+02,1.0261e+02,1.0298e+02,1.0470e+02,1.0624e+02,1.0766e+02,1.0828e+02,1.0922e+02,1.1031e+02,1.1070e+02,1.1167e+02,1.1274e+02,1.1376e+02,1.1460e+02,1.1556e+02,1.1613e+02,1.1724e+02,1.1798e+02,1.1871e+02,1.1952e+02,1.2051e+02,1.2157e+02,1.2273e+02,1.2377e+02,1.2509e+02,1.2585e+02,1.2660e+02,1.2761e+02,1.2801e+02,1.2861e+02,1.2844e+02,1.2808e+02
5.9269e+01,5.9037e+01,5.9436e+01,6.0164e+01,6.1124e+01,6.1601e+01,6.1845e+01,6.2612e+01,6.1375e+01,6.0340e+01,6.0308e+01,5.9272e+01,5.9231e+01,5.8796e+01,5.7494e+01,5.5997e+01,5.5393e+01,5.3983e+01,5.3333e+01,5.2397e+01,5.2884e+01,5.3359e+01,5.2787e+01,5.2484e+01,5.2253e+01,5.2578e+01,5.3385e+01,5.4389e+01,5.4589e+01,5.3785e+01,5.3921e+01,5.4426e+01,5.4191e+01,5.3535e+01,5.3738e+01,5.4756e+01,5.4659e+01,5.4834e+01,5.6170e+01,5.6156e+01,5.5112e+01,5.4453e+01,5.3272e+01,5.0802e+01,4.8667e+01,4.6727e+01,4.4363e+01,4.2363e+01,4.0735e+01,3.8718e+01,3.8201e+01,3.7733e+01,3.8485e+01,3.7960e+01,3.8999e+01,3.9318e+01,4.1157e+01,4.2467e+01,4.4277e+01,4.5938e+01,4.7811e+01,4.9287e+01,5.1614e+01,5.3378e+01,5.5752e+01,5.7898e+01,6.0563e+01,6.3115e+01,6.4896e+01,6.7442e+01,6.9624e+01,6.7809e+01,6.7261e+01,6.9814e+01,6.9610e+01,6.7530e+01,6.6577e+01,6.8061e+01,6.9132e+01,6.7661e+01,6.7344e+01,7.0049e+01,7.0920e+01,7.4007e+01,7.3667e+01,7.4604e+01,7.5761e+01,7.7181e+01,7.9903e+01,8.0821e+01,8.2947e+01,8.3591e+01,8.6714e+01,8.8972e+01,9.2284e+01,9.4356e+01,9.6290e+01,9.9199e+01,9.9878e+01,1.0101e+02,1.0355e+02,1.0388e+02,1.0558e+02,1.0710e+02,1.0850e+02,1.0908e+02,1.0999e+02,1.1106e+02,1.1141e+02,1.1236e+02,1.1340e+02,1.1440e+02,1.1522e+02,1.1617e+02,1.1675e+02,1.1785e+02,1.1858e+02,1.1930e+02,1.2011e+02,1.2108e+02,1.2213e+02,1.2328e+02,1.2431e+02,1.2562e+02,1.2637e+02,1.2711e+02,1.2811e+02,1.2851e+02,1.2910e+02,1.2893e+02,1.2858e+02
6.0237e+01,5.9995e+01,6.0396e+01,6.1136e+01,6.2103e+01,6.2588e+01,6.2828e+01,6.3590e+01,6.2356e+01,6.1322e+01,6.1294e+01,6.0262e+01,6.0224e+01,5.9787e+01,5.8453e+01,5.6939e+01,5.6297e+01,5.4859e+01,5.4196e+01,5.3218e+01,5.3659e+01,5.4114e+01,5.3561e+01,5.3287e+01,5.3046e+01,5.3328e+01,5.4128e+01,5.5113e+01,5.5302e+01,5.4519e+01,5.4641e+01,5.5167e+01,5.4943e+01,5.4296e+01,5.4523e+01,5.5568e+01,5.5474e+01,5.5688e+01,5.7052e+01,5.7057e+01,5.5999e+01,5.5322e+01,5.4146e+01,5.1641e+01,4.9503e+01,4.7565e+01,4.5147e+01,4.3130e+01,4.1450e+01,3.9373e+01,3.8826e+01,3.8358e+01,3.9102e+01,3.8580e+01,3.9683e+01,3.9970e+01,4.1824e+01,4.3176e+01,4.4953e+01,4.6647e+01,4.8526e+01,4.9968e+01,5.2307e+01,5.4040e+01,5.6444e+01,5.8580e+01,6.1247e+01,6.3837e+01,6.5582e+01,6.8130e+01,7.0290e+01,6.8438e+01,6.7878e+01,7.0429e+01,7.0216e+01,6.8157e+01,6.7200e+01,6.8715e+01,6.9769e+01,6.8267e+01,6.7950e+01,7.0650e+01,7.1481e+01,7.4562e+01,7.4180e+01,7.5112e+01,7.6233e+01,7.7641e+01,8.0373e+01,8.1276e+01,8.3374e+01,8.3989e+01,8.7100e+01,8.9365e+01,9.2665e+01,9.4737e+01,9.6637e+01,9.9542e+01,1.0019e+02,1.0132e+02,1.0386e+02,1.0417e+02,1.0585e+02,1.0738e+02,1.0875e+02,1.0930e+02,1.1018e+02,1.1122e+02,1.1154e+02,1.1248e+02,1.1349e+02,1.1449e+02,1.1530e+02,1.1625e+02,1.1683e+02,1.1792e+02,1.1864e+02,1.1936e+02,1.2017e+02,1.2113e+02,1.2218e+02,1.2332e+02,1.2434e+02,1.2564e+02,1.2639e+02,1.2712e+02,1.2812e+02,1.2852e+02,1.2910e+02,1.2894e+02,1.2858e+02
6.2035e+01,6.1777e+01,6.2158e+01,6.2897e+01,6.3842e+01,6.4316e+01,6.4541e+01,6.5287e+01,6.4079e+01,6.3076e+01,6.3073e+01,6.2065e+01,6.2040e+01,6.1612e+01,6.0272e+01,5.8769e+01,5.8115e+01,5.6691e+01,5.6042e+01,5.5063e+01,5.5474e+01,5.5909e+01,5.5361e+01,5.5107e+01,5.4851e+01,5.5099e+01,5.5889e+01,5.6858e+01,5.7041e+01,5.6268e+01,5.6362e+01,5.6900e+01,5.6683e+01,5.6030e+01,5.6277e+01,5.7324e+01,5.7230e+01,5.7447e+01,5.8812e+01,5.8793e+01,5.7712e+01,5.6993e+01,5.5787e+01,5.3284e+01,5.1144e+01,4.9255e+01,4.6845e+01,4.4857e+01,4.3228e+01,4.1133e+01,4.0650e+01,4.0226e+01,4.1006e+01,4.0539e+01,4.1670e+01,4.1965e+01,4.3802e+01,4.5167e+01,4.6906e+01,4.8586e+01,5.0452e+01,5.1858e+01,5.4185e+01,5.5880e+01,5.8283e+01,6.0380e+01,6.3024e+01,6.5621e+01,6.7316e+01,6.9838e+01,7.1963e+01,7.0100e+01,6.9530e+01,7.2050e+01,7.1826e+01,6.9803e+01,6.8844e+01,7.0365e+01,7.1383e+01,6.9860e+01,6.9531e+01,7.2188e+01,7.2971e+01,7.6009e+01,7.5587e+01,7.6487e+01,7.7550e+01,7.8941e+01,8.1668e+01,8.2553e+01,8.4602e+01,8.5185e+01,8.8265e+01,9.0530e+01,9.3804e+01,9.5868e+01,9.7725e+01,1.0061e+02,1.0122e+02,1.0234e+02,1.0484e+02,1.0512e+02,1.0678e+02,1.0828e+02,1.0962e+02,1.1013e+02,1.1097e+02,1.1198e+02,1.1227e+02,1.1318e+02,1.1417e+02,1.1515e+02,1.1595e+02,1.1688e+02,1.1747e+02,1.1854e+02,1.1925e+02,1.1996e+02,1.2076e+02,1.2171e+02,1.2274e+02,1.2387e+02,1.2488e+02,1.2617e+02,1.2691e+02,1.2763e+02,1.2862e+02,1.2901e+02,1.2959e+02,1.2943e+02,1.2908e+02
6.2415e+01,6.2156e+01,6.2545e+01,6.3298e+01,6.4263e+01,6.4747e+01,6.4985e+01,6.5738e+01,6.4530e+01,6.3511e+01,6.3500e+01,6.2476e+01,6.2446e+01,6.2008e+01,6.0633e+01,5.9103e+01,5.8417e+01,5.6954e+01,5.6282e+01,5.5255e+01,5.5622e+01,5.6040e+01,5.5517e+01,5.5301e+01,5.5040e+01,5.5240e+01,5.6016e+01,5.6961e+01,5.7143e+01,5.6402e+01,5.6496e+01,5.7066e+01,5.6867e+01,5.6233e+01,5.6500e+01,5.7583e+01,5.7504e+01,5.7775e+01,5.9176e+01,5.9212e+01,5.8140e+01,5.7441e+01,5.6273e+01,5.3732e+01,5.1600e+01,4.9680e+01,4.7211e+01,4.5181e+01,4.3467e+01,4.1326e+01,4.0781e+01,4.0325e+01,4.1065e+01,4.0571e+01,4.1744e+01,4.1978e+01,4.3821e+01,4.5218e+01,4.6923e+01,4.8649e+01,5.0515e+01,5.1890e+01,5.4227e+01,5.5895e+01,5.8323e+01,6.0438e+01,6.3089e+01,6.5732e+01,6.7408e+01,6.9951e+01,7.2067e+01,7.0163e+01,6.9584e+01,7.2125e+01,7.1893e+01,6.9874e+01,6.8916e+01,7.0475e+01,7.1494e+01,6.9942e+01,6.9626e+01,7.2299e+01,7.3055e+01,7.6109e+01,7.5655e+01,7.6569e+01,7.7619e+01,7.8999e+01,8.1745e+01,8.2616e+01,8.4659e+01,8.5221e+01,8.8309e+01,9.0586e+01,9.3866e+01,9.5934e+01,9.7774e+01,1.0067e+02,1.0126e+02,1.0239e+02,1.0489e+02,1.0517e+02,1.0681e+02,1.0833e+02,1.0965e+02,1.1014e+02,1.1096e+02,1.1196e+02,1.1223e+02,1.1313e+02,1.1411e+02,1.1509e+02,1.1588e+02,1.1681e+02,1.1739e+02,1.1847e+02,1.1917e+02,1.1988e+02,1.2068e+02,1.2163e+02,1.2265e+02,1.2378e+02,1.2479e+02,1.2607e+02,1.2680e+02,1.2753e+02,1.2851e+02,1.2890e+02,1.2948e+02,1.2932e+02,1.2897e+02
6.2245e+01,6.1994e+01,6.2398e+01,6.3149e+01,6.4128e+01,6.4623e+01,6.4871e+01,6.5632e+01,6.4409e+01,6.3377e+01,6.3344e+01,6.2310e+01,6.2270e+01,6.1821e+01,6.0436e+01,5.8886e+01,5.8187e+01,5.6706e+01,5.6009e+01,5.4952e+01,5.5308e+01,5.5735e+01,5.5229e+01,5.5012e+01,5.4759e+01,5.4964e+01,5.5747e+01,5.6686e+01,5.6864e+01,5.6126e+01,5.6232e+01,5.6797e+01,5.6590e+01,5.5969e+01,5.6230e+01,5.7331e+01,5.7252e+01,5.7524e+01,5.8936e+01,5.8987e+01,5.7916e+01,5.7230e+01,5.6067e+01,5.3517e+01,5.1382e+01,4.9446e+01,4.6963e+01,4.4923e+01,4.3153e+01,4.1003e+01,4.0417e+01,3.9936e+01,4.0650e+01,4.0115e+01,4.1291e+01,4.1507e+01,4.3366e+01,4.4755e+01,4.6475e+01,4.8215e+01,5.0078e+01,5.1467e+01,5.3802e+01,5.5483e+01,5.7915e+01,6.0062e+01,6.2726e+01,6.5380e+01,6.7084e+01,6.9655e+01,7.1776e+01,6.9860e+01,6.9305e+01,7.1880e+01,7.1666e+01,6.9634e+01,6.8685e+01,7.0255e+01,7.1303e+01,6.9759e+01,6.9461e+01,7.2167e+01,7.2941e+01,7.6027e+01,7.5583e+01,7.6526e+01,7.7602e+01,7.8987e+01,8.1745e+01,8.2619e+01,8.4688e+01,8.5259e+01,8.8366e+01,9.0644e+01,9.3941e+01,9.6009e+01,9.7863e+01,1.0077e+02,1.0138e+02,1.0252e+02,1.0504e+02,1.0533e+02,1.0699e+02,1.0851e+02,1.0984e+02,1.1036e+02,1.1119e+02,1.1219e+02,1.1246e+02,1.1337e+02,1.1436e+02,1.1535e+02,1.1614e+02,1.1708e+02,1.1766e+02,1.1873e+02,1.1945e+02,1.2016e+02,1.2096e+02,1.2191e+02,1.2294e+02,1.2406e+02,1.2508e+02,1.2636e+02,1.2709e+02,1.2782e+02,1.2880e+02,1.2920e+02,1.2978e+02,1.2962e+02,1.2927e+02
6.2565e+01,6.2321e+01,6.2736e+01,6.3492e+01,6.4491e+01,6.5000e+01,6.5260e+01,6.6027e+01,6.4801e+01,6.3751e+01,6.3706e+01,6.2661e+01,6.2612e+01,6.2150e+01,6.0743e+01,5.9176e+01,5.8451e+01,5.6949e+01,5.6236e+01,5.5163e+01,5.5488e+01,5.5909e+01,5.5422e+01,5.5232e+01,5.4967e+01,5.5140e+01,5.5906e+01,5.6837e+01,5.7033e+01,5.6332e+01,5.6462e+01,5.7069e+01,5.6890e+01,5.6291e+01,5.6568e+01,5.7690e+01,5.7616e+01,5.7929e+01,5.9349e+01,5.9438e+01,5.8376e+01,5.7716e+01,5.6589e+01,5.4030e+01,5.1907e+01,4.9960e+01,4.7452e+01,4.5406e+01,4.3575e+01,4.1412e+01,4.0755e+01,4.0229e+01,4.0873e+01,4.0288e+01,4.1457e+01,4.1586e+01,4.3431e+01,4.4816e+01,4.6482e+01,4.8257e+01,5.0085e+01,5.1432e+01,5.3760e+01,5.5402e+01,5.7852e+01,6.0000e+01,6.2661e+01,6.5349e+01,6.7027e+01,6.9605e+01,7.1707e+01,6.9758e+01,6.9202e+01,7.1784e+01,7.1569e+01,6.9552e+01,6.8612e+01,7.0205e+01,7.1257e+01,6.9703e+01,6.9420e+01,7.2136e+01,7.2890e+01,7.5986e+01,7.5523e+01,7.6479e+01,7.7548e+01,7.8924e+01,8.1684e+01,8.2547e+01,8.4606e+01,8.5163e+01,8.8262e+01,9.0536e+01,9.3823e+01,9.5884e+01,9.7722e+01,1.0063e+02,1.0123e+02,1.0238e+02,1.0490e+02,1.0520e+02,1.0686e+02,1.0839e+02,1.0971e+02,1.1022e+02,1.1104e+02,1.1202e+02,1.1228e+02,1.1319e+02,1.1417e+02,1.1516e+02,1.1596e+02,1.1690e+02,1.1748e+02,1.1854e+02,1.1926e+02,1.1997e+02,1.2077e+02,1.2172e+02,1.2275e+02,1.2387e+02,1.2488e+02,1.2616e+02,1.2690e+02,1.2763e+02,1.2861e+02,1.2900e+02,1.2958e+02,1.2942e+02,1.2907e+02
6.4221e+01,6.3981e+01,6.4392e+01,6.5140e+01,6.6138e+01,6.6650e+01,6.6900e+01,6.7658e+01,6.6434e+01,6.5397e+01,6.5356e+01,6.4324e+01,6.4276e+01,6.3815e+01,6.2416e+01,6.0855e+01,6.0132e+01,5.8622e+01,5.7896e+01,5.6792e+01,5.7079e+01,5.7470e+01,5.7005e+01,5.6822e+01,5.6537e+01,5.6681e+01,5.7453e+01,5.8362e+01,5.8542e+01,5.7852e+01,5.7952e+01,5.8567e+01,5.8366e+01,5.7768e+01,5.8024e+01,5.9147e+01,5.9052e+01,5.9351e+01,6.0778e+01,6.0861e+01,5.9787e+01,5.9131e+01,5.7995e+01,5.5464e+01,5.3353e+01,5.1437e+01,4.8957e+01,4.6940e+01,4.5122e+01,4.2954e+01,4.2320e+01,4.1804e+01,4.2463e+01,4.1868e+01,4.3059e+01,4.3180e+01,4.5036e+01,4.6407e+01,4.8057e+01,4.9837e+01,5.1646e+01,5.2991e+01,5.5308e+01,5.6936e+01,5.9388e+01,6.1536e+01,6.4187e+01,6.6883e+01,6.8550e+01,7.1132e+01,7.3213e+01,7.1251e+01,7.0709e+01,7.3294e+01,7.3083e+01,7.1079e+01,7.0141e+01,7.1736e+01,7.2780e+01,7.1221e+01,7.0931e+01,7.3639e+01,7.4382e+01,7.7469e+01,7.6991e+01,7.7936e+01,7.8984e+01,8.0363e+01,8.3130e+01,8.3990e+01,8.6030e+01,8.6571e+01,8.9657e+01,9.1933e+01,9.5203e+01,9.7257e+01,9.9069e+01,1.0196e+02,1.0254e+02,1.0369e+02,1.0620e+02,1.0648e+02,1.0812e+02,1.0965e+02,1.1095e+02,1.1144e+02,1.1223e+02,1.1318e+02,1.1342e+02,1.1432e+02,1.1527e+02,1.1626e+02,1.1705e+02,1.1799e+02,1.1856e+02,1.1962e+02,1.2033e+02,1.2104e+02,1.2184e+02,1.2278e+02,1.2380e+02,1.2491e+02,1.2591e+02,1.2718e+02,1.2791e+02,1.2863e+02,1.2961e+02,1.3000e+02,1.3057e+02,1.3042e+02,1.3007e+02
6.5458e+01,6.5213e+01,6.5623e+01,6.6367e+01,6.7369e+01,6.7900e+01,6.8161e+01,6.8930e+01,6.7716e+01,6.6666e+01,6.6627e+01,6.5587e+01,6.5535e+01,6.5065e+01,6.3664e+01,6.2091e+01,6.1347e+01,5.9825e+01,5.9115e+01,5.8011e+01,5.8271e+01,5.8651e+01,5.8199e+01,5.8046e+01,5.7753e+01,5.7862e+01,5.8608e+01,5.9498e+01,5.9678e+01,5.9019e+01,5.9120e+01,5.9760e+01,5.9576e+01,5.9008e+01,5.9268e+01,6.0383e+01,6.0271e+01,6.0583e+01,6.1997e+01,6.2090e+01,6.1026e+01,6.0397e+01,5.9279e+01,5.6771e+01,5.4696e+01,5.2798e+01,5.0325e+01,4.8336e+01,4.6513e+01,4.4357e+01,4.3715e+01,4.3171e+01,4.3798e+01,4.3163e+01,4.4325e+01,4.4380e+01,4.6234e+01,4.7580e+01,4.9179e+01,5.0985e+01,5.2750e+01,5.4065e+01,5.6377e+01,5.7959e+01,6.0413e+01,6.2547e+01,6.5173e+01,6.7884e+01,6.9512e+01,7.2088e+01,7.4139e+01,7.2154e+01,7.1619e+01,7.4196e+01,7.3996e+01,7.2025e+01,7.1101e+01,7.2696e+01,7.3734e+01,7.2181e+01,7.1895e+01,7.4591e+01,7.5317e+01,7.8395e+01,7.7910e+01,7.8853e+01,7.9890e+01,8.1261e+01,8.4009e+01,8.4861e+01,8.6887e+01,8.7423e+01,9.0476e+01,9.2735e+01,9.5978e+01,9.8011e+01,9.9802e+01,1.0269e+02,1.0326e+02,1.0441e+02,1.0692e+02,1.0720e+02,1.0885e+02,1.1039e+02,1.1168e+02,1.1216e+02,1.1295e+02,1.1389e+02,1.1410e+02,1.1500e+02,1.1594e+02,1.1693e+02,1.1772e+02,1.1865e+02,1.1922e+02,1.2028e+02,1.2098e+02,1.2169e+02,1.2249e+02,1.2343e+02,1.2444e+02,1.2555e+02,1.2655e+02,1.2781e+02,1.2854e+02,1.2926e+02,1.3023e+02,1.3062e+02,1.3120e+02,1.3104e+02,1.3069e+02
6.6612e+01,6.6364e+01,6.6765e+01,6.7502e+01,6.8495e+01,6.9024e+01,6.9280e+01,7.0038e+01,6.8838e+01,6.7806e+01,6.7772e+01,6.6756e+01,6.6714e+01,6.6256e+01,6.4853e+01,6.3294e+01,6.2547e+01,6.1037e+01,6.0322e+01,5.9222e+01,5.9447e+01,5.9819e+01,5.9387e+01,5.9252e+01,5.8953e+01,5.9037e+01,5.9774e+01,6.0652e+01,6.0839e+01,6.0202e+01,6.0310e+01,6.0974e+01,6.0794e+01,6.0257e+01,6.0530e+01,6.1658e+01,6.1565e+01,6.1875e+01,6.3289e+01,6.3387e+01,6.2297e+01,6.1656e+01,6.0539e+01,5.8039e+01,5.5970e+01,5.4102e+01,5.1641e+01,4.9665e+01,4.7837e+01,4.5694e+01,4.5051e+01,4.4508e+01,4.5109e+01,4.4500e+01,4.5676e+01,4.5711e+01,4.7521e+01,4.8868e+01,5.0413e+01,5.2193e+01,5.3927e+01,5.5197e+01,5.7479e+01,5.9033e+01,6.1489e+01,6.3595e+01,6.6208e+01,6.8921e+01,7.0522e+01,7.3075e+01,7.5102e+01,7.3109e+01,7.2568e+01,7.5126e+01,7.4913e+01,7.2962e+01,7.2039e+01,7.3643e+01,7.4662e+01,7.3097e+01,7.2811e+01,7.5487e+01,7.6183e+01,7.9240e+01,7.8728e+01,7.9659e+01,8.0664e+01,8.2025e+01,8.4772e+01,8.5613e+01,8.7606e+01,8.8119e+01,9.1152e+01,9.3410e+01,9.6632e+01,9.8661e+01,1.0042e+02,1.0329e+02,1.0384e+02,1.0499e+02,1.0748e+02,1.0775e+02,1.0938e+02,1.1092e+02,1.1218e+02,1.1265e+02,1.1340e+02,1.1431e+02,1.1450e+02,1.1539e+02,1.1631e+02,1.1730e+02,1.1807e+02,1.1900e+02,1.1957e+02,1.2061e+02,1.2131e+02,1.2202e+02,1.2281e+02,1.2375e+02,1.2475e+02,1.2585e+02,1.2684e+02,1.2810e+02,1.2882e+02,1.2954e+02,1.3050e+02,1.3089e+02,1.3146e+02,1.3131e+02,1.3097e+02
6.7869e+01,6.7623e+01,6.8008e+01,6.8733e+01,6.9709e+01,7.0228e+01,7.0472e+01,7.1214e+01,7.0021e+01,6.9006e+01,6.8978e+01,6.7989e+01,6.7957e+01,6.7516e+01,6.6113e+01,6.4560e+01,6.3802e+01,6.2298e+01,6.1569e+01,6.0474e+01,6.0672e+01,6.1037e+01,6.0628e+01,6.0531e+01,6.0234e+01,6.0282e+01,6.0981e+01,6.1825e+01,6.2028e+01,6.1435e+01,6.1552e+01,6.2239e+01,6.2090e+01,6.1574e+01,6.1875e+01,6.3011e+01,6.2934e+01,6.3261e+01,6.4686e+01,6.4798e+01,6.3693e+01,6.3044e+01,6.1923e+01,5.9433e+01,5.7380e+01,5.5564e+01,5.3124e+01,5.1164e+01,4.9331e+01,4.7203e+01,4.6535e+01,4.6002e+01,4.6561e+01,4.5965e+01,4.7146e+01,4.7148e+01,4.8892e+01,5.0237e+01,5.1712e+01,5.3463e+01,5.5152e+01,5.6363e+01,5.8609e+01,6.0117e+01,6.2570e+01,6.4631e+01,6.7224e+01,6.9944e+01,7.1501e+01,7.4026e+01,7.6020e+01,7.4025e+01,7.3480e+01,7.6009e+01,7.5785e+01,7.3861e+01,7.2946e+01,7.4556e+01,7.5556e+01,7.3986e+01,7.3706e+01,7.6356e+01,7.7019e+01,8.0046e+01,7.9514e+01,8.0434e+01,8.1412e+01,8.2753e+01,8.5487e+01,8.6304e+01,8.8263e+01,8.8749e+01,9.1751e+01,9.3997e+01,9.7191e+01,9.9204e+01,1.0093e+02,1.0379e+02,1.0432e+02,1.0547e+02,1.0794e+02,1.0821e+02,1.0982e+02,1.1136e+02,1.1259e+02,1.1305e+02,1.1379e+02,1.1467e+02,1.1483e+02,1.1571e+02,1.1663e+02,1.1762e+02,1.1838e+02,1.1930e+02,1.1987e+02,1.2090e+02,1.2160e+02,1.2231e+02,1.2310e+02,1.2403e+02,1.2503e+02,1.2612e+02,1.2710e+02,1.2835e+02,1.2907e+02,1.2979e+02,1.3075e+02,1.3114e+02,1.3171e+02,1.3155e+02,1.3121e+02
6.9425e+01,6.9174e+01,6.9549e+01,7.0261e+01,7.1224e+01,7.1736e+01,7.1973e+01,7.2706e+01,7.1526e+01,7.0531e+01,7.0508e+01,6.9539e+01,6.9514e+01,6.9090e+01,6.7693e+01,6.6159e+01,6.5396e+01,6.3914e+01,6.3177e+01,6.2097e+01,6.2259e+01,6.2625e+01,6.2249e+01,6.2170e+01,6.1885e+01,6.1923e+01,6.2613e+01,6.3437e+01,6.3636e+01,6.3064e+01,6.3184e+01,6.3883e+01,6.3729e+01,6.3227e+01,6.3540e+01,6.4691e+01,6.4639e+01,6.4955e+01,6.6387e+01,6.6482e+01,6.5350e+01,6.4670e+01,6.3536e+01,6.1060e+01,5.9011e+01,5.7238e+01,5.4826e+01,5.2888e+01,5.1068e+01,4.8961e+01,4.8311e+01,4.7798e+01,4.8352e+01,4.7783e+01,4.8975e+01,4.8976e+01,5.0680e+01,5.2023e+01,5.3456e+01,5.5178e+01,5.6837e+01,5.8000e+01,6.0199e+01,6.1672e+01,6.4108e+01,6.6126e+01,6.8694e+01,7.1397e+01,7.2917e+01,7.5406e+01,7.7366e+01,7.5372e+01,7.4824e+01,7.7324e+01,7.7087e+01,7.5192e+01,7.4273e+01,7.5888e+01,7.6856e+01,7.5272e+01,7.4987e+01,7.7602e+01,7.8227e+01,8.1219e+01,8.0653e+01,8.1553e+01,8.2486e+01,8.3814e+01,8.6548e+01,8.7353e+01,8.9267e+01,8.9725e+01,9.2702e+01,9.4955e+01,9.8125e+01,1.0014e+02,1.0182e+02,1.0466e+02,1.0515e+02,1.0629e+02,1.0873e+02,1.0897e+02,1.1055e+02,1.1207e+02,1.1327e+02,1.1370e+02,1.1440e+02,1.1524e+02,1.1537e+02,1.1623e+02,1.1712e+02,1.1810e+02,1.1884e+02,1.1975e+02,1.2031e+02,1.2133e+02,1.2202e+02,1.2272e+02,1.2351e+02,1.2443e+02,1.2542e+02,1.2650e+02,1.2746e+02,1.2870e+02,1.2941e+02,1.3012e+02,1.3107e+02,1.3146e+02,1.3202e+02,1.3187e+02,1.3154e+02
7.0836e+01,7.0589e+01,7.0970e+01,7.1679e+01,7.2652e+01,7.3167e+01,7.3395e+01,7.4120e+01,7.2942e+01,7.1958e+01,7.1936e+01,7.0978e+01,7.0945e+01,7.0521e+01,6.9127e+01,6.7601e+01,6.6832e+01,6.5350e+01,6.4596e+01,6.3498e+01,6.3651e+01,6.4010e+01,6.3649e+01,6.3574e+01,6.3285e+01,6.3313e+01,6.4009e+01,6.4830e+01,6.5029e+01,6.4467e+01,6.4580e+01,6.5281e+01,6.5087e+01,6.4575e+01,6.4862e+01,6.6006e+01,6.5932e+01,6.6236e+01,6.7674e+01,6.7757e+01,6.6627e+01,6.5940e+01,6.4811e+01,6.2354e+01,6.0320e+01,5.8569e+01,5.6168e+01,5.4247e+01,5.2439e+01,5.0326e+01,4.9680e+01,4.9169e+01,4.9722e+01,4.9140e+01,5.0351e+01,5.0342e+01,5.2061e+01,5.3393e+01,5.4824e+01,5.6571e+01,5.8220e+01,5.9385e+01,6.1563e+01,6.3018e+01,6.5434e+01,6.7461e+01,7.0004e+01,7.2707e+01,7.4218e+01,7.6712e+01,7.8643e+01,7.6635e+01,7.6108e+01,7.8620e+01,7.8392e+01,7.6514e+01,7.5602e+01,7.7236e+01,7.8204e+01,7.6606e+01,7.6332e+01,7.8943e+01,7.9548e+01,8.2533e+01,8.1945e+01,8.2844e+01,8.3754e+01,8.5076e+01,8.7822e+01,8.8617e+01,9.0507e+01,9.0939e+01,9.3916e+01,9.6181e+01,9.9344e+01,1.0136e+02,1.0301e+02,1.0584e+02,1.0631e+02,1.0744e+02,1.0985e+02,1.1008e+02,1.1162e+02,1.1313e+02,1.1430e+02,1.1470e+02,1.1537e+02,1.1618e+02,1.1628e+02,1.1713e+02,1.1800e+02,1.1897e+02,1.1970e+02,1.2061e+02,1.2116e+02,1.2217e+02,1.2286e+02,1.2355e+02,1.2433e+02,1.2525e+02,1.2622e+02,1.2729e+02,1.2825e+02,1.2947e+02,1.3018e+02,1.3087e+02,1.3182e+02,1.3221e+02,1.3276e+02,1.3261e+02,1.3228e+02
7.1208e+01,7.0951e+01,7.1347e+01,7.2070e+01,7.3066e+01,7.3594e+01,7.3824e+01,7.4557e+01,7.3367e+01,7.2372e+01,7.2343e+01,7.1376e+01,7.1341e+01,7.0901e+01,6.9467e+01,6.7923e+01,6.7119e+01,6.5603e+01,6.4815e+01,6.3677e+01,6.3780e+01,6.4125e+01,6.3809e+01,6.3790e+01,6.3519e+01,6.3494e+01,6.4153e+01,6.4924e+01,6.5111e+01,6.4595e+01,6.4707e+01,6.5427e+01,6.5258e+01,6.4769e+01,6.5072e+01,6.6221e+01,6.6148e+01,6.6505e+01,6.7971e+01,6.8098e+01,6.7005e+01,6.6323e+01,6.5234e+01,6.2759e+01,6.0741e+01,5.8992e+01,5.6566e+01,5.4650e+01,5.2803e+01,5.0658e+01,4.9956e+01,4.9437e+01,4.9957e+01,4.9344e+01,5.0568e+01,5.0503e+01,5.2204e+01,5.3544e+01,5.4920e+01,5.6687e+01,5.8310e+01,5.9426e+01,6.1581e+01,6.2974e+01,6.5385e+01,6.7395e+01,6.9916e+01,7.2642e+01,7.4100e+01,7.6599e+01,7.8491e+01,7.6444e+01,7.5921e+01,7.8434e+01,7.8206e+01,7.6357e+01,7.5453e+01,7.7111e+01,7.8073e+01,7.6461e+01,7.6204e+01,7.8814e+01,7.9382e+01,8.2362e+01,8.1748e+01,8.2664e+01,8.3559e+01,8.4855e+01,8.7593e+01,8.8361e+01,9.0234e+01,9.0639e+01,9.3595e+01,9.5846e+01,9.8989e+01,1.0098e+02,1.0260e+02,1.0543e+02,1.0588e+02,1.0702e+02,1.0943e+02,1.0965e+02,1.1119e+02,1.1270e+02,1.1384e+02,1.1424e+02,1.1489e+02,1.1568e+02,1.1576e+02,1.1660e+02,1.1745e+02,1.1841e+02,1.1914e+02,1.2004e+02,1.2061e+02,1.2161e+02,1.2229e+02,1.2299e+02,1.2377e+02,1.2468e+02,1.2565e+02,1.2672e+02,1.2767e+02,1.2889e+02,1.2959e+02,1.3029e+02,1.3123e+02,1.3161e+02,1.3217e+02,1.3202e+02,1.3169e+02
7.2036e+01,7.1783e+01,7.2192e+01,7.2924e+01,7.3940e+01,7.4481e+01,7.4709e+01,7.5443e+01,7.4247e+01,7.3248e+01,7.3214e+01,7.2244e+01,7.2198e+01,7.1745e+01,7.0287e+01,6.8736e+01,6.7916e+01,6.6382e+01,6.5566e+01,6.4392e+01,6.4450e+01,6.4776e+01,6.4498e+01,6.4511e+01,6.4247e+01,6.4185e+01,6.4832e+01,6.5572e+01,6.5748e+01,6.5259e+01,6.5358e+01,6.6092e+01,6.5907e+01,6.5431e+01,6.5742e+01,6.6900e+01,6.6824e+01,6.7201e+01,6.8684e+01,6.8825e+01,6.7752e+01,6.7072e+01,6.6013e+01,6.3544e+01,6.1554e+01,5.9820e+01,5.7393e+01,5.5490e+01,5.3630e+01,5.1478e+01,5.0753e+01,5.0231e+01,5.0734e+01,5.0099e+01,5.1337e+01,5.1242e+01,5.2942e+01,5.4275e+01,5.5617e+01,5.7404e+01,5.9007e+01,6.0098e+01,6.2228e+01,6.3577e+01,6.5973e+01,6.7981e+01,7.0477e+01,7.3214e+01,7.4639e+01,7.7148e+01,7.9007e+01,7.6932e+01,7.6422e+01,7.8942e+01,7.8718e+01,7.6892e+01,7.5996e+01,7.7677e+01,7.8637e+01,7.7011e+01,7.6770e+01,7.9379e+01,7.9917e+01,8.2894e+01,8.2256e+01,8.3185e+01,8.4063e+01,8.5337e+01,8.8075e+01,8.8822e+01,9.0676e+01,9.1056e+01,9.4002e+01,9.6251e+01,9.9382e+01,1.0136e+02,1.0295e+02,1.0577e+02,1.0619e+02,1.0734e+02,1.0973e+02,1.0995e+02,1.1146e+02,1.1297e+02,1.1409e+02,1.1447e+02,1.1509e+02,1.1586e+02,1.1591e+02,1.1674e+02,1.1757e+02,1.1853e+02,1.1925e+02,1.2015e+02,1.2071e+02,1.2170e+02,1.2238e+02,1.2307e+02,1.2386e+02,1.2476e+02,1.2572e+02,1.2678e+02,1.2772e+02,1.2893e+02,1.2963e+02,1.3032e+02,1.3125e+02,1.3164e+02,1.3219e+02,1.3204e+02,1.3171e+02
7.1738e+01,7.1477e+01,7.1894e+01,7.2631e+01,7.3662e+01,7.4215e+01,7.4457e+01,7.5204e+01,7.4003e+01,7.2984e+01,7.2938e+01,7.1949e+01,7.1900e+01,7.1427e+01,6.9931e+01,6.8364e+01,6.7511e+01,6.5950e+01,6.5112e+01,6.3914e+01,6.3924e+01,6.4243e+01,6.4011e+01,6.4079e+01,6.3837e+01,6.3734e+01,6.4346e+01,6.5036e+01,6.5198e+01,6.4750e+01,6.4853e+01,6.5604e+01,6.5455e+01,6.5016e+01,6.5356e+01,6.6513e+01,6.6453e+01,6.6881e+01,6.8393e+01,6.8586e+01,6.7547e+01,6.6870e+01,6.5853e+01,6.3370e+01,6.1400e+01,5.9668e+01,5.7224e+01,5.5331e+01,5.3428e+01,5.1268e+01,5.0484e+01,4.9967e+01,5.0422e+01,4.9782e+01,5.1029e+01,5.0888e+01,5.2538e+01,5.3891e+01,5.5168e+01,5.6944e+01,5.8522e+01,5.9545e+01,6.1653e+01,6.2949e+01,6.5347e+01,6.7315e+01,6.9795e+01,7.2543e+01,7.3914e+01,7.6408e+01,7.8242e+01,7.6144e+01,7.5615e+01,7.8114e+01,7.7872e+01,7.6069e+01,7.5170e+01,7.6863e+01,7.7801e+01,7.6163e+01,7.5930e+01,7.8523e+01,7.9023e+01,8.1985e+01,8.1324e+01,8.2257e+01,8.3117e+01,8.4373e+01,8.7099e+01,8.7829e+01,8.9663e+01,9.0027e+01,9.2949e+01,9.5187e+01,9.8297e+01,1.0027e+02,1.0183e+02,1.0464e+02,1.0505e+02,1.0621e+02,1.0859e+02,1.0882e+02,1.1033e+02,1.1185e+02,1.1297e+02,1.1334e+02,1.1396e+02,1.1472e+02,1.1476e+02,1.1559e+02,1.1642e+02,1.1738e+02,1.1810e+02,1.1900e+02,1.1957e+02,1.2056e+02,1.2124e+02,1.2194e+02,1.2273e+02,1.2363e+02,1.2459e+02,1.2565e+02,1.2660e+02,1.2781e+02,1.2851e+02,1.2920e+02,1.3014e+02,1.3053e+02,1.3108e+02,1.3093e+02,1.3060e+02
7.0824e+01,7.0558e+01,7.0981e+01,7.1723e+01,7.2759e+01,7.3321e+01,7.3575e+01,7.4339e+01,7.3135e+01,7.2102e+01,7.2054e+01,7.1044e+01,7.1000e+01,7.0521e+01,6.9020e+01,6.7438e+01,6.6575e+01,6.4995e+01,6.4162e+01,6.2967e+01,6.2995e+01,6.3323e+01,6.3088e+01,6.3161e+01,6.2928e+01,6.2829e+01,6.3438e+01,6.4132e+01,6.4292e+01,6.3842e+01,6.3952e+01,6.4697e+01,6.4561e+01,6.4127e+01,6.4462e+01,6.5595e+01,6.5519e+01,6.5961e+01,6.7473e+01,6.7692e+01,6.6680e+01,6.6028e+01,6.5030e+01,6.2528e+01,6.0550e+01,5.8766e+01,5.6287e+01,5.4373e+01,5.2437e+01,5.0260e+01,4.9447e+01,4.8893e+01,4.9331e+01,4.8641e+01,4.9869e+01,4.9705e+01,5.1384e+01,5.2725e+01,5.4032e+01,5.5842e+01,5.7423e+01,5.8483e+01,6.0613e+01,6.1924e+01,6.4321e+01,6.6313e+01,6.8796e+01,7.1553e+01,7.2940e+01,7.5452e+01,7.7291e+01,7.5193e+01,7.4685e+01,7.7205e+01,7.6988e+01,7.5180e+01,7.4296e+01,7.5977e+01,7.6940e+01,7.5331e+01,7.5105e+01,7.7717e+01,7.8242e+01,8.1223e+01,8.0590e+01,8.1537e+01,8.2428e+01,8.3695e+01,8.6416e+01,8.7157e+01,8.9023e+01,8.9408e+01,9.2341e+01,9.4570e+01,9.7691e+01,9.9662e+01,1.0125e+02,1.0408e+02,1.0451e+02,1.0567e+02,1.0808e+02,1.0832e+02,1.0986e+02,1.1139e+02,1.1253e+02,1.1293e+02,1.1357e+02,1.1436e+02,1.1443e+02,1.1527e+02,1.1612e+02,1.1708e+02,1.1782e+02,1.1872e+02,1.1930e+02,1.2030e+02,1.2098e+02,1.2168e+02,1.2247e+02,1.2338e+02,1.2435e+02,1.2542e+02,1.2637e+02,1.2759e+02,1.2830e+02,1.2900e+02,1.2994e+02,1.3033e+02,1.3089e+02,1.3074e+02,1.3040e+02
7.1375e+01,7.1116e+01,7.1551e+01,7.2301e+01,7.3352e+01,7.3929e+01,7.4192e+01,7.4966e+01,7.3762e+01,7.2720e+01,7.2669e+01,7.1646e+01,7.1597e+01,7.1095e+01,6.9595e+01,6.7999e+01,6.7135e+01,6.5535e+01,6.4705e+01,6.3487e+01,6.3515e+01,6.3834e+01,6.3605e+01,6.3682e+01,6.3450e+01,6.3343e+01,6.3957e+01,6.4633e+01,6.4763e+01,6.4306e+01,6.4394e+01,6.5114e+01,6.4959e+01,6.4519e+01,6.4817e+01,6.5919e+01,6.5810e+01,6.6254e+01,6.7766e+01,6.8008e+01,6.7039e+01,6.6427e+01,6.5455e+01,6.2975e+01,6.1019e+01,5.9220e+01,5.6743e+01,5.4841e+01,5.2903e+01,5.0728e+01,4.9903e+01,4.9309e+01,4.9725e+01,4.8980e+01,5.0188e+01,5.0001e+01,5.1713e+01,5.3030e+01,5.4357e+01,5.6194e+01,5.7763e+01,5.8861e+01,6.1005e+01,6.2318e+01,6.4697e+01,6.6734e+01,6.9200e+01,7.1972e+01,7.3374e+01,7.5920e+01,7.7746e+01,7.5636e+01,7.5173e+01,7.7728e+01,7.7552e+01,7.5751e+01,7.4900e+01,7.6576e+01,7.7579e+01,7.6001e+01,7.5796e+01,7.8433e+01,7.8976e+01,8.1975e+01,8.1361e+01,8.2330e+01,8.3242e+01,8.4502e+01,8.7212e+01,8.7946e+01,8.9828e+01,9.0216e+01,9.3150e+01,9.5363e+01,9.8482e+01,1.0044e+02,1.0203e+02,1.0487e+02,1.0531e+02,1.0649e+02,1.0891e+02,1.0916e+02,1.1071e+02,1.1225e+02,1.1340e+02,1.1380e+02,1.1444e+02,1.1523e+02,1.1531e+02,1.1615e+02,1.1699e+02,1.1795e+02,1.1869e+02,1.1959e+02,1.2017e+02,1.2117e+02,1.2186e+02,1.2256e+02,1.2335e+02,1.2426e+02,1.2523e+02,1.2629e+02,1.2724e+02,1.2846e+02,1.2916e+02,1.2987e+02,1.3081e+02,1.3120e+02,1.3175e+02,1.3160e+02,1.3126e+02
7.0816e+01,7.0555e+01,7.1001e+01,7.1759e+01,7.2821e+01,7.3402e+01,7.3682e+01,7.4474e+01,7.3269e+01,7.2211e+01,7.2158e+01,7.1106e+01,7.1051e+01,7.0535e+01,6.9052e+01,6.7448e+01,6.6599e+01,6.4991e+01,6.4176e+01,6.2951e+01,6.2988e+01,6.3301e+01,6.3061e+01,6.3123e+01,6.2883e+01,6.2792e+01,6.3427e+01,6.4120e+01,6.4238e+01,6.3758e+01,6.3834e+01,6.4541e+01,6.4382e+01,6.3927e+01,6.4205e+01,6.5283e+01,6.5152e+01,6.5588e+01,6.7086e+01,6.7323e+01,6.6363e+01,6.5784e+01,6.4819e+01,6.2340e+01,6.0375e+01,5.8518e+01,5.6045e+01,5.4121e+01,5.2179e+01,5.0010e+01,4.9199e+01,4.8568e+01,4.9002e+01,4.8215e+01,4.9419e+01,4.9241e+01,5.1020e+01,5.2324e+01,5.3703e+01,5.5581e+01,5.7170e+01,5.8321e+01,6.0488e+01,6.1826e+01,6.4198e+01,6.6274e+01,6.8741e+01,7.1510e+01,7.2938e+01,7.5500e+01,7.7340e+01,7.5241e+01,7.4795e+01,7.7368e+01,7.7214e+01,7.5400e+01,7.4552e+01,7.6209e+01,7.7230e+01,7.5672e+01,7.5460e+01,7.8109e+01,7.8689e+01,8.1704e+01,8.1118e+01,8.2088e+01,8.3027e+01,8.4311e+01,8.7025e+01,8.7784e+01,8.9696e+01,9.0112e+01,9.3061e+01,9.5275e+01,9.8408e+01,1.0037e+02,1.0199e+02,1.0482e+02,1.0528e+02,1.0646e+02,1.0889e+02,1.0915e+02,1.1071e+02,1.1225e+02,1.1342e+02,1.1384e+02,1.1450e+02,1.1531e+02,1.1540e+02,1.1624e+02,1.1709e+02,1.1805e+02,1.1879e+02,1.1970e+02,1.2028e+02,1.2128e+02,1.2197e+02,1.2266e+02,1.2345e+02,1.2436e+02,1.2533e+02,1.2640e+02,1.2735e+02,1.2857e+02,1.2928e+02,1.2998e+02,1.3092e+02,1.3131e+02,1.3186e+02,1.3172e+02,1.3138e+02
7.1635e+01,7.1382e+01,7.1840e+01,7.2598e+01,7.3672e+01,7.4272e+01,7.4570e+01,7.5380e+01,7.4183e+01,7.3114e+01,7.3056e+01,7.1990e+01,7.1933e+01,7.1402e+01,6.9934e+01,6.8324e+01,6.7478e+01,6.5859e+01,6.5062e+01,6.3825e+01,6.3856e+01,6.4162e+01,6.3929e+01,6.3993e+01,6.3755e+01,6.3663e+01,6.4303e+01,6.4987e+01,6.5079e+01,6.4590e+01,6.4647e+01,6.5331e+01,6.5154e+01,6.4701e+01,6.4946e+01,6.5980e+01,6.5812e+01,6.6232e+01,6.7711e+01,6.7956e+01,6.7028e+01,6.6500e+01,6.5557e+01,6.3117e+01,6.1172e+01,5.9288e+01,5.6837e+01,5.4928e+01,5.2996e+01,5.0843e+01,5.0048e+01,4.9388e+01,4.9821e+01,4.8991e+01,5.0168e+01,4.9985e+01,5.1799e+01,5.3066e+01,5.4468e+01,5.6363e+01,5.7936e+01,5.9126e+01,6.1292e+01,6.2632e+01,6.4971e+01,6.7071e+01,6.9507e+01,7.2263e+01,7.3698e+01,7.6274e+01,7.8097e+01,7.6003e+01,7.5598e+01,7.8187e+01,7.8070e+01,7.6268e+01,7.5444e+01,7.7078e+01,7.8123e+01,7.6600e+01,7.6396e+01,7.9050e+01,7.9652e+01,8.2668e+01,8.2109e+01,8.3084e+01,8.4041e+01,8.5328e+01,8.8025e+01,8.8790e+01,9.0716e+01,9.1145e+01,9.4086e+01,9.6284e+01,9.9407e+01,1.0135e+02,1.0298e+02,1.0581e+02,1.0628e+02,1.0746e+02,1.0990e+02,1.1016e+02,1.1173e+02,1.1328e+02,1.1445e+02,1.1488e+02,1.1553e+02,1.1635e+02,1.1644e+02,1.1728e+02,1.1812e+02,1.1907e+02,1.1981e+02,1.2072e+02,1.2130e+02,1.2230e+02,1.2298e+02,1.2367e+02,1.2446e+02,1.2536e+02,1.2633e+02,1.2739e+02,1.2835e+02,1.2956e+02,1.3027e+02,1.3097e+02,1.3191e+02,1.3229e+02,1.3284e+02,1.3269e+02,1.3236e+02
7.0653e+01,7.0390e+01,7.0863e+01,7.1624e+01,7.2703e+01,7.3309e+01,7.3624e+01,7.4448e+01,7.3255e+01,7.2171e+01,7.2108e+01,7.1018e+01,7.0958e+01,7.0417e+01,6.8958e+01,6.7338e+01,6.6496e+01,6.4869e+01,6.4085e+01,6.2857e+01,6.2896e+01,6.3199e+01,6.2956e+01,6.3022e+01,6.2776e+01,6.2678e+01,6.3315e+01,6.4010e+01,6.4110e+01,6.3625e+01,6.3703e+01,6.4400e+01,6.4252e+01,6.3811e+01,6.4060e+01,6.5086e+01,6.4921e+01,6.5364e+01,6.6836e+01,6.7098e+01,6.6188e+01,6.5691e+01,6.4776e+01,6.2327e+01,6.0386e+01,5.8458e+01,5.6001e+01,5.4071e+01,5.2113e+01,4.9985e+01,4.9161e+01,4.8448e+01,4.8849e+01,4.7974e+01,4.9131e+01,4.8925e+01,5.0764e+01,5.2023e+01,5.3422e+01,5.5339e+01,5.6900e+01,5.8090e+01,6.0250e+01,6.1569e+01,6.3890e+01,6.6001e+01,6.8418e+01,7.1172e+01,7.2599e+01,7.5170e+01,7.6988e+01,7.4900e+01,7.4501e+01,7.7087e+01,7.6982e+01,7.5187e+01,7.4369e+01,7.5992e+01,7.7041e+01,7.5534e+01,7.5331e+01,7.7985e+01,7.8603e+01,8.1621e+01,8.1081e+01,8.2060e+01,8.3036e+01,8.4335e+01,8.7023e+01,8.7804e+01,8.9748e+01,9.0199e+01,9.3143e+01,9.5336e+01,9.8463e+01,1.0041e+02,1.0205e+02,1.0488e+02,1.0536e+02,1.0654e+02,1.0899e+02,1.0926e+02,1.1083e+02,1.1239e+02,1.1359e+02,1.1403e+02,1.1470e+02,1.1554e+02,1.1564e+02,1.1648e+02,1.1733e+02,1.1828e+02,1.1903e+02,1.1994e+02,1.2053e+02,1.2153e+02,1.2221e+02,1.2290e+02,1.2369e+02,1.2460e+02,1.2557e+02,1.2664e+02,1.2759e+02,1.2881e+02,1.2952e+02,1.3023e+02,1.3117e+02,1.3155e+02,1.3210e+02,1.3196e+02,1.3162e+02
6.9076e+01,6.8804e+01,6.9286e+01,7.0050e+01,7.1136e+01,7.1748e+01,7.2070e+01,7.2907e+01,7.1708e+01,7.0606e+01,7.0539e+01,6.9432e+01,6.9381e+01,6.8843e+01,6.7355e+01,6.5717e+01,6.4851e+01,6.3210e+01,6.2412e+01,6.1187e+01,6.1225e+01,6.1546e+01,6.1310e+01,6.1417e+01,6.1181e+01,6.1058e+01,6.1665e+01,6.2352e+01,6.2468e+01,6.2009e+01,6.2119e+01,6.2842e+01,6.2743e+01,6.2340e+01,6.2632e+01,6.3674e+01,6.3537e+01,6.4021e+01,6.5506e+01,6.5792e+01,6.4883e+01,6.4366e+01,6.3479e+01,6.0990e+01,5.9053e+01,5.7110e+01,5.4617e+01,5.2667e+01,5.0646e+01,4.8521e+01,4.7625e+01,4.6915e+01,4.7275e+01,4.6396e+01,4.7570e+01,4.7324e+01,4.9141e+01,5.0438e+01,5.1805e+01,5.3730e+01,5.5291e+01,5.6426e+01,5.8570e+01,5.9853e+01,6.2182e+01,6.4262e+01,6.6683e+01,6.9444e+01,7.0831e+01,7.3378e+01,7.5194e+01,7.3098e+01,7.2663e+01,7.5225e+01,7.5091e+01,7.3303e+01,7.2467e+01,7.4106e+01,7.5130e+01,7.3599e+01,7.3394e+01,7.6042e+01,7.6633e+01,7.9647e+01,7.9091e+01,8.0068e+01,8.1036e+01,8.2337e+01,8.5028e+01,8.5809e+01,8.7748e+01,8.8202e+01,9.1143e+01,9.3342e+01,9.6470e+01,9.8424e+01,1.0007e+02,1.0289e+02,1.0337e+02,1.0454e+02,1.0699e+02,1.0726e+02,1.0885e+02,1.1041e+02,1.1162e+02,1.1207e+02,1.1275e+02,1.1360e+02,1.1371e+02,1.1457e+02,1.1542e+02,1.1639e+02,1.1714e+02,1.1806e+02,1.1864e+02,1.1965e+02,1.2034e+02,1.2103e+02,1.2182e+02,1.2273e+02,1.2371e+02,1.2478e+02,1.2575e+02,1.2698e+02,1.2769e+02,1.2840e+02,1.2935e+02,1.2974e+02,1.3029e+02,1.3015e+02,1.2981e+02
6.7931e+01,6.7649e+01,6.8140e+01,6.8910e+01,7.0009e+01,7.0627e+01,7.0959e+01,7.1812e+01,7.0614e+01,6.9494e+01,6.9426e+01,6.8305e+01,6.8267e+01,6.7732e+01,6.6212e+01,6.4559e+01,6.3681e+01,6.2035e+01,6.1233e+01,6.0004e+01,6.0031e+01,6.0365e+01,6.0127e+01,6.0249e+01,6.0010e+01,5.9870e+01,6.0475e+01,6.1158e+01,6.1271e+01,6.0810e+01,6.0927e+01,6.1667e+01,6.1586e+01,6.1215e+01,6.1530e+01,6.2609e+01,6.2498e+01,6.2998e+01,6.4491e+01,6.4780e+01,6.3866e+01,6.3310e+01,6.2429e+01,5.9913e+01,5.7968e+01,5.6027e+01,5.3507e+01,5.1558e+01,4.9497e+01,4.7365e+01,4.6442e+01,4.5786e+01,4.6153e+01,4.5319e+01,4.6529e+01,4.6286e+01,4.8082e+01,4.9438e+01,5.0773e+01,5.2685e+01,5.4269e+01,5.5345e+01,5.7478e+01,5.8739e+01,6.1088e+01,6.3133e+01,6.5572e+01,6.8332e+01,6.9688e+01,7.2210e+01,7.4040e+01,7.1933e+01,7.1445e+01,7.3980e+01,7.3804e+01,7.2010e+01,7.1138e+01,7.2794e+01,7.3780e+01,7.2205e+01,7.1984e+01,7.4622e+01,7.5183e+01,7.8188e+01,7.7601e+01,7.8560e+01,7.9500e+01,8.0809e+01,8.3511e+01,8.4300e+01,8.6218e+01,8.6670e+01,8.9607e+01,9.1825e+01,9.4953e+01,9.6929e+01,9.8570e+01,1.0138e+02,1.0184e+02,1.0300e+02,1.0544e+02,1.0570e+02,1.0729e+02,1.0884e+02,1.1005e+02,1.1049e+02,1.1117e+02,1.1201e+02,1.1212e+02,1.1297e+02,1.1382e+02,1.1479e+02,1.1554e+02,1.1645e+02,1.1704e+02,1.1805e+02,1.1874e+02,1.1943e+02,1.2023e+02,1.2114e+02,1.2212e+02,1.2320e+02,1.2416e+02,1.2539e+02,1.2611e+02,1.2682e+02,1.2777e+02,1.2816e+02,1.2872e+02,1.2858e+02,1.2824e+02
6.6872e+01,6.6593e+01,6.7093e+01,6.7856e+01,6.8965e+01,6.9603e+01,6.9949e+01,7.0820e+01,6.9620e+01,6.8475e+01,6.8394e+01,6.7254e+01,6.7209e+01,6.6660e+01,6.5104e+01,6.3435e+01,6.2515e+01,6.0849e+01,6.0028e+01,5.8777e+01,5.8777e+01,5.9120e+01,5.8909e+01,5.9091e+01,5.8868e+01,5.8685e+01,5.9248e+01,5.9895e+01,6.0014e+01,5.9596e+01,5.9738e+01,6.0506e+01,6.0474e+01,6.0147e+01,6.0508e+01,6.1599e+01,6.1518e+01,6.2067e+01,6.3573e+01,6.3902e+01,6.3009e+01,6.2442e+01,6.1600e+01,5.9058e+01,5.7134e+01,5.5203e+01,5.2653e+01,5.0715e+01,4.8598e+01,4.6453e+01,4.5449e+01,4.4824e+01,4.5146e+01,4.4318e+01,4.5548e+01,4.5258e+01,4.7004e+01,4.8402e+01,4.9674e+01,5.1584e+01,5.3159e+01,5.4155e+01,5.6264e+01,5.7477e+01,5.9837e+01,6.1831e+01,6.4268e+01,6.7031e+01,6.8331e+01,7.0828e+01,7.2649e+01,7.0521e+01,6.9990e+01,7.2494e+01,7.2277e+01,7.0494e+01,6.9599e+01,7.1272e+01,7.2220e+01,7.0612e+01,7.0388e+01,7.3006e+01,7.3526e+01,7.6514e+01,7.5902e+01,7.6854e+01,7.7775e+01,7.9076e+01,8.1773e+01,8.2556e+01,8.4457e+01,8.4904e+01,8.7827e+01,9.0046e+01,9.3161e+01,9.5141e+01,9.6771e+01,9.9564e+01,1.0002e+02,1.0117e+02,1.0361e+02,1.0387e+02,1.0546e+02,1.0702e+02,1.0823e+02,1.0867e+02,1.0935e+02,1.1020e+02,1.1030e+02,1.1116e+02,1.1203e+02,1.1300e+02,1.1376e+02,1.1469e+02,1.1527e+02,1.1629e+02,1.1698e+02,1.1768e+02,1.1847e+02,1.1939e+02,1.2038e+02,1.2146e+02,1.2243e+02,1.2367e+02,1.2439e+02,1.2511e+02,1.2607e+02,1.2647e+02,1.2703e+02,1.2689e+02,1.2655e+02
6.5713e+01,6.5423e+01,6.5928e+01,6.6683e+01,6.7795e+01,6.8435e+01,6.8789e+01,6.9669e+01,6.8477e+01,6.7319e+01,6.7232e+01,6.6085e+01,6.6052e+01,6.5511e+01,6.3934e+01,6.2264e+01,6.1324e+01,5.9673e+01,5.8852e+01,5.7615e+01,5.7612e+01,5.7980e+01,5.7771e+01,5.7979e+01,5.7775e+01,5.7583e+01,5.8123e+01,5.8755e+01,5.8876e+01,5.8470e+01,5.8633e+01,5.9412e+01,5.9410e+01,5.9132e+01,5.9529e+01,6.0639e+01,6.0579e+01,6.1145e+01,6.2657e+01,6.2985e+01,6.2084e+01,6.1475e+01,6.0645e+01,5.8079e+01,5.6148e+01,5.4227e+01,5.1663e+01,4.9733e+01,4.7578e+01,4.5438e+01,4.4395e+01,4.3831e+01,4.4158e+01,4.3377e+01,4.4642e+01,4.4356e+01,4.6069e+01,4.7525e+01,4.8754e+01,5.0641e+01,5.2228e+01,5.3150e+01,5.5231e+01,5.6413e+01,5.8779e+01,6.0712e+01,6.3153e+01,6.5896e+01,6.7147e+01,6.9600e+01,7.1423e+01,6.9295e+01,6.8711e+01,7.1172e+01,7.0909e+01,6.9130e+01,6.8196e+01,6.9876e+01,7.0775e+01,6.9128e+01,6.8887e+01,7.1480e+01,7.1964e+01,7.4931e+01,7.4293e+01,7.5224e+01,7.6118e+01,7.7425e+01,8.0124e+01,8.0913e+01,8.2792e+01,8.3242e+01,8.6152e+01,8.8382e+01,9.1488e+01,9.3480e+01,9.5101e+01,9.7873e+01,9.8321e+01,9.9447e+01,1.0188e+02,1.0213e+02,1.0371e+02,1.0526e+02,1.0647e+02,1.0691e+02,1.0759e+02,1.0843e+02,1.0854e+02,1.0939e+02,1.1025e+02,1.1123e+02,1.1199e+02,1.1292e+02,1.1350e+02,1.1452e+02,1.1521e+02,1.1591e+02,1.1671e+02,1.1764e+02,1.1863e+02,1.1971e+02,1.2068e+02,1.2192e+02,1.2264e+02,1.2336e+02,1.2433e+02,1.2473e+02,1.2530e+02,1.2516e+02,1.2481e+02
6.4783e+01,6.4488e+01,6.4994e+01,6.5740e+01,6.6857e+01,6.7505e+01,6.7863e+01,6.8752e+01,6.7565e+01,6.6393e+01,6.6300e+01,6.5147e+01,6.5112e+01,6.4566e+01,6.2963e+01,6.1292e+01,6.0330e+01,5.8681e+01,5.7849e+01,5.6606e+01,5.6578e+01,5.6947e+01,5.6759e+01,5.7009e+01,5.6820e+01,5.6595e+01,5.7105e+01,5.7708e+01,5.7832e+01,5.7455e+01,5.7629e+01,5.8431e+01,5.8461e+01,5.8220e+01,5.8659e+01,5.9778e+01,5.9738e+01,6.0343e+01,6.1874e+01,6.2225e+01,6.1339e+01,6.0709e+01,5.9907e+01,5.7319e+01,5.5401e+01,5.3501e+01,5.0914e+01,4.9000e+01,4.6802e+01,4.4647e+01,4.3544e+01,4.3030e+01,4.3339e+01,4.2597e+01,4.3900e+01,4.3600e+01,4.5263e+01,4.6776e+01,4.7955e+01,4.9826e+01,5.1424e+01,5.2273e+01,5.4335e+01,5.5486e+01,5.7870e+01,5.9744e+01,6.2194e+01,6.4928e+01,6.6130e+01,6.8554e+01,7.0376e+01,6.8238e+01,6.7605e+01,7.0028e+01,6.9719e+01,6.7941e+01,6.6971e+01,6.8653e+01,6.9505e+01,6.7830e+01,6.7569e+01,7.0135e+01,7.0587e+01,7.3534e+01,7.2876e+01,7.3788e+01,7.4662e+01,7.5974e+01,7.8665e+01,7.9462e+01,8.1324e+01,8.1781e+01,8.4672e+01,8.6904e+01,8.9994e+01,9.1992e+01,9.3600e+01,9.6355e+01,9.6793e+01,9.7908e+01,1.0033e+02,1.0058e+02,1.0216e+02,1.0371e+02,1.0492e+02,1.0537e+02,1.0605e+02,1.0689e+02,1.0700e+02,1.0786e+02,1.0873e+02,1.0971e+02,1.1048e+02,1.1142e+02,1.1200e+02,1.1302e+02,1.1372e+02,1.1443e+02,1.1523e+02,1.1616e+02,1.1716e+02,1.1824e+02,1.1922e+02,1.2047e+02,1.2120e+02,1.2192e+02,1.2289e+02,1.2330e+02,1.2387e+02,1.2373e+02,1.2339e+02
6.3361e+01,6.3065e+01,6.3584e+01,6.4318e+01,6.5443e+01,6.6106e+01,6.6473e+01,6.7379e+01,6.6193e+01,6.4998e+01,6.4899e+01,6.3731e+01,6.3692e+01,6.3149e+01,6.1528e+01,5.9852e+01,5.8863e+01,5.7224e+01,5.6377e+01,5.5151e+01,5.5139e+01,5.5533e+01,5.5338e+01,5.5614e+01,5.5435e+01,5.5201e+01,5.5676e+01,5.6279e+01,5.6429e+01,5.6075e+01,5.6302e+01,5.7130e+01,5.7201e+01,5.7012e+01,5.7483e+01,5.8606e+01,5.8579e+01,5.9209e+01,6.0731e+01,6.1100e+01,6.0229e+01,5.9612e+01,5.8869e+01,5.6266e+01,5.4370e+01,5.2435e+01,4.9834e+01,4.7929e+01,4.5670e+01,4.3516e+01,4.2329e+01,4.1828e+01,4.2092e+01,4.1350e+01,4.2665e+01,4.2331e+01,4.3958e+01,4.5505e+01,4.6634e+01,4.8502e+01,5.0098e+01,5.0879e+01,5.2919e+01,5.4043e+01,5.6428e+01,5.8259e+01,6.0708e+01,6.3423e+01,6.4591e+01,6.6981e+01,6.8809e+01,6.6671e+01,6.5994e+01,6.8388e+01,6.8046e+01,6.6269e+01,6.5274e+01,6.6963e+01,6.7788e+01,6.6088e+01,6.5823e+01,6.8380e+01,6.8816e+01,7.1755e+01,7.1093e+01,7.1999e+01,7.2874e+01,7.4192e+01,7.6876e+01,7.7681e+01,7.9541e+01,8.0009e+01,8.2893e+01,8.5125e+01,8.8211e+01,9.0214e+01,9.1824e+01,9.4566e+01,9.5006e+01,9.6111e+01,9.8533e+01,9.8783e+01,1.0037e+02,1.0192e+02,1.0313e+02,1.0359e+02,1.0427e+02,1.0513e+02,1.0524e+02,1.0611e+02,1.0698e+02,1.0796e+02,1.0873e+02,1.0967e+02,1.1026e+02,1.1128e+02,1.1198e+02,1.1269e+02,1.1350e+02,1.1444e+02,1.1544e+02,1.1652e+02,1.1751e+02,1.1876e+02,1.1949e+02,1.2022e+02,1.2120e+02,1.2161e+02,1.2219e+02,1.2205e+02,1.2170e+02
6.2486e+01,6.2193e+01,6.2717e+01,6.3442e+01,6.4565e+01,6.5227e+01,6.5603e+01,6.6514e+01,6.5336e+01,6.4129e+01,6.4027e+01,6.2854e+01,6.2809e+01,6.2265e+01,6.0626e+01,5.8949e+01,5.7954e+01,5.6326e+01,5.5471e+01,5.4251e+01,5.4220e+01,5.4630e+01,5.4439e+01,5.4726e+01,5.4545e+01,5.4308e+01,5.4782e+01,5.5391e+01,5.5548e+01,5.5191e+01,5.5441e+01,5.6292e+01,5.6394e+01,5.6252e+01,5.6752e+01,5.7903e+01,5.7897e+01,5.8550e+01,6.0072e+01,6.0461e+01,5.9596e+01,5.8980e+01,5.8268e+01,5.5658e+01,5.3771e+01,5.1835e+01,4.9219e+01,4.7333e+01,4.5024e+01,4.2882e+01,4.1629e+01,4.1148e+01,4.1366e+01,4.0649e+01,4.1963e+01,4.1629e+01,4.3190e+01,4.4755e+01,4.5829e+01,4.7651e+01,4.9240e+01,4.9964e+01,5.1964e+01,5.3068e+01,5.5449e+01,5.7227e+01,5.9668e+01,6.2353e+01,6.3496e+01,6.5846e+01,6.7667e+01,6.5543e+01,6.4843e+01,6.7197e+01,6.6836e+01,6.5066e+01,6.4055e+01,6.5728e+01,6.6526e+01,6.4828e+01,6.4553e+01,6.7089e+01,6.7521e+01,7.0437e+01,6.9786e+01,7.0675e+01,7.1550e+01,7.2882e+01,7.5543e+01,7.6370e+01,7.8228e+01,7.8724e+01,8.1587e+01,8.3810e+01,8.6876e+01,8.8882e+01,9.0497e+01,9.3219e+01,9.3665e+01,9.4759e+01,9.7184e+01,9.7433e+01,9.9023e+01,1.0059e+02,1.0180e+02,1.0226e+02,1.0295e+02,1.0380e+02,1.0392e+02,1.0479e+02,1.0567e+02,1.0666e+02,1.0743e+02,1.0837e+02,1.0896e+02,1.0999e+02,1.1069e+02,1.1141e+02,1.1222e+02,1.1316e+02,1.1417e+02,1.1526e+02,1.1625e+02,1.1751e+02,1.1825e+02,1.1899e+02,1.1997e+02,1.2038e+02,1.2096e+02,1.2082e+02,1.2047e+02
6.0838e+01,6.0546e+01,6.1074e+01,6.1784e+01,6.2915e+01,6.3601e+01,6.3996e+01,6.4927e+01,6.3751e+01,6.2516e+01,6.2390e+01,6.1197e+01,6.1126e+01,6.0554e+01,5.8876e+01,5.7185e+01,5.6150e+01,5.4508e+01,5.3633e+01,5.2385e+01,5.2315e+01,5.2729e+01,5.2567e+01,5.2902e+01,5.2751e+01,5.2480e+01,5.2908e+01,5.3479e+01,5.3642e+01,5.3321e+01,5.3601e+01,5.4479e+01,5.4627e+01,5.4543e+01,5.5109e+01,5.6271e+01,5.6296e+01,5.6989e+01,5.8521e+01,5.8941e+01,5.8101e+01,5.7486e+01,5.6833e+01,5.4201e+01,5.2353e+01,5.0421e+01,4.7789e+01,4.5922e+01,4.3563e+01,4.1433e+01,4.0083e+01,3.9627e+01,3.9769e+01,3.9083e+01,4.0429e+01,4.0065e+01,4.1559e+01,4.3185e+01,4.4189e+01,4.5988e+01,4.7593e+01,4.8224e+01,5.0214e+01,5.1297e+01,5.3708e+01,5.5427e+01,5.7886e+01,6.0562e+01,6.1667e+01,6.3994e+01,6.5836e+01,6.3699e+01,6.2936e+01,6.5262e+01,6.4843e+01,6.3059e+01,6.2010e+01,6.3690e+01,6.4451e+01,6.2721e+01,6.2435e+01,6.4959e+01,6.5365e+01,6.8280e+01,6.7612e+01,6.8500e+01,6.9372e+01,7.0700e+01,7.3360e+01,7.4188e+01,7.6048e+01,7.6551e+01,7.9416e+01,8.1644e+01,8.4715e+01,8.6737e+01,8.8361e+01,9.1080e+01,9.1537e+01,9.2626e+01,9.5062e+01,9.5330e+01,9.6940e+01,9.8520e+01,9.9762e+01,1.0024e+02,1.0094e+02,1.0182e+02,1.0195e+02,1.0284e+02,1.0375e+02,1.0475e+02,1.0554e+02,1.0649e+02,1.0708e+02,1.0812e+02,1.0884e+02,1.0957e+02,1.1038e+02,1.1133e+02,1.1235e+02,1.1346e+02,1.1446e+02,1.1574e+02,1.1648e+02,1.1723e+02,1.1822e+02,1.1863e+02,1.1923e+02,1.1908e+02,1.1873e+02
5.9502e+01,5.9222e+01,5.9761e+01,6.0459e+01,6.1595e+01,6.2287e+01,6.2689e+01,6.3629e+01,6.2444e+01,6.1188e+01,6.1056e+01,5.9856e+01,5.9776e+01,5.9203e+01,5.7516e+01,5.5819e+01,5.4769e+01,5.3135e+01,5.2243e+01,5.1011e+01,5.0979e+01,5.1418e+01,5.1236e+01,5.1589e+01,5.1439e+01,5.1166e+01,5.1558e+01,5.2157e+01,5.2376e+01,5.2071e+01,5.2424e+01,5.3338e+01,5.3527e+01,5.3497e+01,5.4087e+01,5.5231e+01,5.5251e+01,5.5954e+01,5.7448e+01,5.7882e+01,5.7053e+01,5.6459e+01,5.5862e+01,5.3227e+01,5.1414e+01,4.9470e+01,4.6827e+01,4.4980e+01,4.2581e+01,4.0471e+01,3.9018e+01,3.8539e+01,3.8598e+01,3.7876e+01,3.9210e+01,3.8794e+01,4.0273e+01,4.1922e+01,4.2890e+01,4.4692e+01,4.6284e+01,4.6873e+01,4.8851e+01,4.9919e+01,5.2327e+01,5.4014e+01,5.6467e+01,5.9120e+01,6.0200e+01,6.2506e+01,6.4353e+01,6.2218e+01,6.1431e+01,6.3737e+01,6.3300e+01,6.1520e+01,6.0464e+01,6.2148e+01,6.2903e+01,6.1172e+01,6.0896e+01,6.3421e+01,6.3833e+01,6.6750e+01,6.6103e+01,6.7001e+01,6.7901e+01,6.9230e+01,7.1873e+01,7.2707e+01,7.4588e+01,7.5110e+01,7.7974e+01,8.0192e+01,8.3267e+01,8.5282e+01,8.6924e+01,8.9639e+01,9.0122e+01,9.1216e+01,9.3660e+01,9.3951e+01,9.5581e+01,9.7175e+01,9.8435e+01,9.8941e+01,9.9652e+01,1.0055e+02,1.0070e+02,1.0161e+02,1.0254e+02,1.0354e+02,1.0434e+02,1.0530e+02,1.0589e+02,1.0694e+02,1.0767e+02,1.0841e+02,1.0922e+02,1.1018e+02,1.1121e+02,1.1232e+02,1.1333e+02,1.1461e+02,1.1537e+02,1.1611e+02,1.1712e+02,1.1753e+02,1.1813e+02,1.1799e+02,1.1763e+02
5.8598e+01,5.8318e+01,5.8857e+01,5.9548e+01,6.0688e+01,6.1387e+01,6.1801e+01,6.2748e+01,6.1569e+01,6.0293e+01,6.0155e+01,5.8945e+01,5.8855e+01,5.8263e+01,5.6540e+01,5.4832e+01,5.3752e+01,5.2105e+01,5.1190e+01,4.9952e+01,4.9900e+01,5.0345e+01,5.0185e+01,5.0602e+01,5.0489e+01,5.0165e+01,5.0476e+01,5.1018e+01,5.1250e+01,5.1009e+01,5.1398e+01,5.2341e+01,5.2603e+01,5.2640e+01,5.3281e+01,5.4414e+01,5.4461e+01,5.5232e+01,5.6733e+01,5.7239e+01,5.6476e+01,5.5896e+01,5.5390e+01,5.2755e+01,5.1015e+01,4.9095e+01,4.6451e+01,4.4636e+01,4.2218e+01,4.0145e+01,3.8586e+01,3.8117e+01,3.8069e+01,3.7336e+01,3.8631e+01,3.8114e+01,3.9467e+01,4.1125e+01,4.1953e+01,4.3733e+01,4.5277e+01,4.5750e+01,4.7685e+01,4.8668e+01,5.1069e+01,5.2702e+01,5.5133e+01,5.7796e+01,5.8806e+01,6.1089e+01,6.2913e+01,6.0762e+01,5.9943e+01,6.2221e+01,6.1758e+01,6.0000e+01,5.8947e+01,6.0651e+01,6.1389e+01,5.9647e+01,5.9395e+01,6.1910e+01,6.2283e+01,6.5186e+01,6.4529e+01,6.5445e+01,6.6346e+01,6.7642e+01,7.0258e+01,7.1064e+01,7.2938e+01,7.3449e+01,7.6292e+01,7.8487e+01,8.1548e+01,8.3545e+01,8.5178e+01,8.7886e+01,8.8382e+01,8.9487e+01,9.1927e+01,9.2245e+01,9.3877e+01,9.5483e+01,9.6749e+01,9.7269e+01,9.7990e+01,9.8895e+01,9.9051e+01,9.9967e+01,1.0090e+02,1.0192e+02,1.0272e+02,1.0369e+02,1.0429e+02,1.0535e+02,1.0608e+02,1.0683e+02,1.0766e+02,1.0862e+02,1.0965e+02,1.1078e+02,1.1179e+02,1.1309e+02,1.1384e+02,1.1460e+02,1.1560e+02,1.1602e+02,1.1663e+02,1.1648e+02,1.1613e+02
5.8361e+01,5.8067e+01,5.8599e+01,5.9277e+01,6.0415e+01,6.1109e+01,6.1528e+01,6.2471e+01,6.1307e+01,6.0027e+01,5.9884e+01,5.8681e+01,5.8584e+01,5.7985e+01,5.6232e+01,5.4520e+01,5.3426e+01,5.1775e+01,5.0823e+01,4.9575e+01,4.9465e+01,4.9906e+01,4.9797e+01,5.0273e+01,5.0189e+01,4.9806e+01,5.0066e+01,5.0535e+01,5.0742e+01,5.0552e+01,5.0923e+01,5.1877e+01,5.2169e+01,5.2249e+01,5.2959e+01,5.4113e+01,5.4215e+01,5.5037e+01,5.6580e+01,5.7108e+01,5.6365e+01,5.5732e+01,5.5267e+01,5.2630e+01,5.0936e+01,4.9066e+01,4.6439e+01,4.4673e+01,4.2252e+01,4.0207e+01,3.8610e+01,3.8229e+01,3.8167e+01,3.7517e+01,3.8849e+01,3.8322e+01,3.9575e+01,4.1270e+01,4.1985e+01,4.3722e+01,4.5242e+01,4.5586e+01,4.7461e+01,4.8350e+01,5.0741e+01,5.2292e+01,5.4700e+01,5.7361e+01,5.8274e+01,6.0514e+01,6.2306e+01,6.0131e+01,5.9264e+01,6.1497e+01,6.0988e+01,5.9264e+01,5.8188e+01,5.9927e+01,6.0611e+01,5.8816e+01,5.8571e+01,6.1050e+01,6.1343e+01,6.4214e+01,6.3496e+01,6.4408e+01,6.5258e+01,6.6523e+01,6.9140e+01,6.9917e+01,7.1744e+01,7.2220e+01,7.5043e+01,7.7245e+01,8.0291e+01,8.2287e+01,8.3880e+01,8.6566e+01,8.7035e+01,8.8134e+01,9.0545e+01,9.0854e+01,9.2463e+01,9.4051e+01,9.5302e+01,9.5818e+01,9.6525e+01,9.7415e+01,9.7557e+01,9.8461e+01,9.9389e+01,1.0040e+02,1.0120e+02,1.0216e+02,1.0277e+02,1.0382e+02,1.0456e+02,1.0531e+02,1.0614e+02,1.0709e+02,1.0812e+02,1.0924e+02,1.1026e+02,1.1155e+02,1.1230e+02,1.1306e+02,1.1406e+02,1.1448e+02,1.1508e+02,1.1494e+02,1.1458e+02
5.8336e+01,5.8021e+01,5.8527e+01,5.9196e+01,6.0328e+01,6.1019e+01,6.1431e+01,6.2377e+01,6.1226e+01,5.9955e+01,5.9819e+01,5.8612e+01,5.8520e+01,5.7923e+01,5.6167e+01,5.4467e+01,5.3391e+01,5.1761e+01,5.0830e+01,4.9571e+01,4.9426e+01,4.9831e+01,4.9721e+01,5.0151e+01,5.0054e+01,4.9673e+01,4.9978e+01,5.0434e+01,5.0573e+01,5.0327e+01,5.0616e+01,5.1527e+01,5.1761e+01,5.1835e+01,5.2549e+01,5.3729e+01,5.3866e+01,5.4642e+01,5.6199e+01,5.6661e+01,5.5872e+01,5.5155e+01,5.4630e+01,5.1975e+01,5.0248e+01,4.8394e+01,4.5776e+01,4.4057e+01,4.1663e+01,3.9613e+01,3.8141e+01,3.7887e+01,3.7980e+01,3.7494e+01,3.8949e+01,3.8565e+01,3.9854e+01,4.1647e+01,4.2410e+01,4.4088e+01,4.5694e+01,4.6007e+01,4.7893e+01,4.8807e+01,5.1218e+01,5.2721e+01,5.5165e+01,5.7795e+01,5.8696e+01,6.0903e+01,6.2733e+01,6.0562e+01,5.9626e+01,6.1826e+01,6.1257e+01,5.9509e+01,5.8364e+01,6.0102e+01,6.0717e+01,5.8852e+01,5.8550e+01,6.0990e+01,6.1246e+01,6.4101e+01,6.3316e+01,6.4174e+01,6.4954e+01,6.6246e+01,6.8908e+01,6.9711e+01,7.1501e+01,7.1972e+01,7.4809e+01,7.7066e+01,8.0124e+01,8.2165e+01,8.3748e+01,8.6415e+01,8.6844e+01,8.7903e+01,9.0304e+01,9.0568e+01,9.2168e+01,9.3718e+01,9.4972e+01,9.5469e+01,9.6161e+01,9.7048e+01,9.7181e+01,9.8058e+01,9.8970e+01,9.9961e+01,1.0075e+02,1.0171e+02,1.0232e+02,1.0337e+02,1.0409e+02,1.0484e+02,1.0566e+02,1.0661e+02,1.0763e+02,1.0875e+02,1.0975e+02,1.1104e+02,1.1179e+02,1.1254e+02,1.1354e+02,1.1395e+02,1.1455e+02,1.1441e+02,1.1406e+02
5.6826e+01,5.6503e+01,5.6993e+01,5.7644e+01,5.8775e+01,5.9471e+01,5.9897e+01,6.0850e+01,5.9714e+01,5.8422e+01,5.8266e+01,5.7039e+01,5.6923e+01,5.6289e+01,5.4494e+01,5.2783e+01,5.1685e+01,5.0047e+01,4.9095e+01,4.7808e+01,4.7598e+01,4.7975e+01,4.7906e+01,4.8368e+01,4.8300e+01,4.7885e+01,4.8166e+01,4.8563e+01,4.8673e+01,4.8456e+01,4.8732e+01,4.9660e+01,4.9931e+01,5.0063e+01,5.0853e+01,5.2055e+01,5.2261e+01,5.3083e+01,5.4666e+01,5.5168e+01,5.4417e+01,5.3672e+01,5.3207e+01,5.0545e+01,4.8865e+01,4.7039e+01,4.4428e+01,4.2778e+01,4.0378e+01,3.8374e+01,3.6858e+01,3.6713e+01,3.6766e+01,3.6402e+01,3.7894e+01,3.7532e+01,3.8700e+01,4.0551e+01,4.1215e+01,4.2794e+01,4.4417e+01,4.4596e+01,4.6450e+01,4.7332e+01,4.9769e+01,5.1164e+01,5.3625e+01,5.6226e+01,5.7067e+01,5.9218e+01,6.1074e+01,5.8903e+01,5.7868e+01,6.0003e+01,5.9346e+01,5.7587e+01,5.6380e+01,5.8132e+01,5.8673e+01,5.6746e+01,5.6421e+01,5.8824e+01,5.9017e+01,6.1852e+01,6.1008e+01,6.1850e+01,6.2584e+01,6.3868e+01,6.6551e+01,6.7353e+01,6.9117e+01,6.9577e+01,7.2418e+01,7.4700e+01,7.7769e+01,7.9839e+01,8.1418e+01,8.4072e+01,8.4485e+01,8.5530e+01,8.7934e+01,8.8195e+01,8.9803e+01,9.1349e+01,9.2621e+01,9.3126e+01,9.3836e+01,9.4738e+01,9.4884e+01,9.5771e+01,9.6701e+01,9.7699e+01,9.8501e+01,9.9471e+01,1.0008e+02,1.0113e+02,1.0187e+02,1.0262e+02,1.0345e+02,1.0441e+02,1.0545e+02,1.0657e+02,1.0759e+02,1.0889e+02,1.0964e+02,1.1040e+02,1.1141e+02,1.1183e+02,1.1243e+02,1.1229e+02,1.1193e+02
5.6853e+01,5.6540e+01,5.7025e+01,5.7652e+01,5.8779e+01,5.9474e+01,5.9908e+01,6.0851e+01,5.9726e+01,5.8433e+01,5.8261e+01,5.7033e+01,5.6895e+01,5.6243e+01,5.4421e+01,5.2705e+01,5.1580e+01,4.9930e+01,4.8928e+01,4.7628e+01,4.7347e+01,4.7713e+01,4.7714e+01,4.8244e+01,4.8209e+01,4.7735e+01,4.7938e+01,4.8245e+01,4.8354e+01,4.8235e+01,4.8529e+01,4.9492e+01,4.9830e+01,5.0031e+01,5.0901e+01,5.2115e+01,5.2383e+01,5.3276e+01,5.4886e+01,5.5452e+01,5.4764e+01,5.4025e+01,5.3651e+01,5.1024e+01,4.9423e+01,4.7641e+01,4.5084e+01,4.3498e+01,4.1086e+01,3.9160e+01,3.7560e+01,3.7447e+01,3.7369e+01,3.6994e+01,3.8457e+01,3.8016e+01,3.9024e+01,4.0843e+01,4.1334e+01,4.2840e+01,4.4368e+01,4.4389e+01,4.6145e+01,4.6908e+01,4.9301e+01,5.0608e+01,5.3007e+01,5.5602e+01,5.6341e+01,5.8451e+01,6.0252e+01,5.8050e+01,5.6984e+01,5.9081e+01,5.8400e+01,5.6700e+01,5.5508e+01,5.7313e+01,5.7829e+01,5.5870e+01,5.5595e+01,5.7973e+01,5.8078e+01,6.0883e+01,5.9985e+01,6.0859e+01,6.1558e+01,6.2783e+01,6.5456e+01,6.6203e+01,6.7929e+01,6.8341e+01,7.1160e+01,7.3429e+01,7.6482e+01,7.8535e+01,8.0069e+01,8.2707e+01,8.3099e+01,8.4157e+01,8.6538e+01,8.6803e+01,8.8392e+01,8.9939e+01,9.1194e+01,9.1693e+01,9.2391e+01,9.3276e+01,9.3407e+01,9.4299e+01,9.5229e+01,9.6235e+01,9.7043e+01,9.8019e+01,9.8631e+01,9.9681e+01,1.0042e+02,1.0119e+02,1.0203e+02,1.0298e+02,1.0402e+02,1.0515e+02,1.0617e+02,1.0747e+02,1.0823e+02,1.0898e+02,1.1000e+02,1.1042e+02,1.1103e+02,1.1089e+02,1.1053e+02
5.4387e+01,5.4070e+01,5.4552e+01,5.5170e+01,5.6306e+01,5.7016e+01,5.7466e+01,5.8429e+01,5.7302e+01,5.5979e+01,5.5780e+01,5.4513e+01,5.4346e+01,5.3648e+01,5.1790e+01,5.0058e+01,4.8912e+01,4.7245e+01,4.6240e+01,4.4915e+01,4.4598e+01,4.4947e+01,4.4962e+01,4.5497e+01,4.5493e+01,4.5020e+01,4.5238e+01,4.5534e+01,4.5622e+01,4.5492e+01,4.5795e+01,4.6767e+01,4.7123e+01,4.7341e+01,4.8234e+01,4.9458e+01,4.9763e+01,5.0687e+01,5.2312e+01,5.2918e+01,5.2269e+01,5.1544e+01,5.1226e+01,4.8590e+01,4.7013e+01,4.5225e+01,4.2658e+01,4.1119e+01,3.8708e+01,3.6825e+01,3.5167e+01,3.5099e+01,3.4977e+01,3.4689e+01,3.6161e+01,3.5756e+01,3.6693e+01,3.8571e+01,3.9027e+01,4.0449e+01,4.2039e+01,4.1999e+01,4.3776e+01,4.4587e+01,4.7045e+01,4.8289e+01,5.0756e+01,5.3316e+01,5.4076e+01,5.6157e+01,5.8043e+01,5.5872e+01,5.4717e+01,5.6771e+01,5.6011e+01,5.4241e+01,5.2973e+01,5.4741e+01,5.5211e+01,5.3231e+01,5.2908e+01,5.5280e+01,5.5406e+01,5.8227e+01,5.7334e+01,5.8194e+01,5.8911e+01,6.0167e+01,6.2859e+01,6.3644e+01,6.5403e+01,6.5857e+01,6.8707e+01,7.0994e+01,7.4079e+01,7.6168e+01,7.7752e+01,8.0402e+01,8.0822e+01,8.1871e+01,8.4292e+01,8.4578e+01,8.6210e+01,8.7777e+01,8.9083e+01,8.9616e+01,9.0364e+01,9.1295e+01,9.1474e+01,9.2394e+01,9.3362e+01,9.4383e+01,9.5212e+01,9.6200e+01,9.6816e+01,9.7887e+01,9.8643e+01,9.9428e+01,1.0027e+02,1.0124e+02,1.0230e+02,1.0345e+02,1.0449e+02,1.0581e+02,1.0658e+02,1.0735e+02,1.0838e+02,1.0881e+02,1.0943e+02,1.0928e+02,1.0892e+02
5.2556e+01,5.2255e+01,5.2756e+01,5.3380e+01,5.4538e+01,5.5268e+01,5.5732e+01,5.6718e+01,5.5568e+01,5.4206e+01,5.3977e+01,5.2666e+01,5.2473e+01,5.1745e+01,4.9868e+01,4.8114e+01,4.6951e+01,4.5245e+01,4.4238e+01,4.2905e+01,4.2608e+01,4.2969e+01,4.2964e+01,4.3503e+01,4.3511e+01,4.3048e+01,4.3269e+01,4.3598e+01,4.3723e+01,4.3606e+01,4.3983e+01,4.4982e+01,4.5378e+01,4.5596e+01,4.6437e+01,4.7635e+01,4.7906e+01,4.8874e+01,5.0488e+01,5.1166e+01,5.0574e+01,4.9941e+01,4.9693e+01,4.7061e+01,4.5508e+01,4.3673e+01,4.1087e+01,3.9510e+01,3.7053e+01,3.5186e+01,3.3395e+01,3.3229e+01,3.2983e+01,3.2584e+01,3.3990e+01,3.3510e+01,3.4427e+01,3.6298e+01,3.6744e+01,3.8197e+01,3.9802e+01,3.9793e+01,4.1623e+01,4.2487e+01,4.4994e+01,4.6292e+01,4.8808e+01,5.1387e+01,5.2216e+01,5.4342e+01,5.6288e+01,5.4129e+01,5.2983e+01,5.5072e+01,5.4328e+01,5.2500e+01,5.1233e+01,5.2966e+01,5.3490e+01,5.1564e+01,5.1245e+01,5.3677e+01,5.3891e+01,5.6771e+01,5.5960e+01,5.6858e+01,5.7671e+01,5.8954e+01,6.1633e+01,6.2446e+01,6.4284e+01,6.4796e+01,6.7677e+01,6.9939e+01,7.3050e+01,7.5132e+01,7.6783e+01,7.9467e+01,7.9955e+01,8.1027e+01,8.3505e+01,8.3843e+01,8.5529e+01,8.7135e+01,8.8492e+01,8.9074e+01,8.9886e+01,9.0868e+01,9.1106e+01,9.2066e+01,9.3074e+01,9.4120e+01,9.4973e+01,9.5973e+01,9.6597e+01,9.7691e+01,9.8462e+01,9.9260e+01,1.0012e+02,1.0111e+02,1.0219e+02,1.0336e+02,1.0442e+02,1.0576e+02,1.0654e+02,1.0732e+02,1.0836e+02,1.0879e+02,1.0942e+02,1.0927e+02,1.0890e+02
5.0638e+01,5.0329e+01,5.0830e+01,5.1472e+01,5.2647e+01,5.3375e+01,5.3840e+01,5.4839e+01,5.3669e+01,5.2278e+01,5.2048e+01,5.0716e+01,5.0520e+01,4.9780e+01,4.7904e+01,4.6146e+01,4.5005e+01,4.3295e+01,4.2331e+01,4.0987e+01,4.0729e+01,4.1090e+01,4.1030e+01,4.1517e+01,4.1518e+01,4.1110e+01,4.1413e+01,4.1809e+01,4.1902e+01,4.1671e+01,4.2025e+01,4.2980e+01,4.3333e+01,4.3511e+01,4.4306e+01,4.5504e+01,4.5753e+01,4.6671e+01,4.8280e+01,4.8908e+01,4.8279e+01,4.7622e+01,4.7320e+01,4.4651e+01,4.3046e+01,4.1198e+01,3.8564e+01,3.6981e+01,3.4558e+01,3.2680e+01,3.0921e+01,3.0817e+01,3.0670e+01,3.0404e+01,3.1842e+01,3.1501e+01,3.2473e+01,3.4447e+01,3.5018e+01,3.6445e+01,3.8203e+01,3.8288e+01,4.0221e+01,4.1239e+01,4.3843e+01,4.5150e+01,4.7781e+01,5.0325e+01,5.1260e+01,5.3379e+01,5.5445e+01,5.3363e+01,5.2166e+01,5.4229e+01,5.3430e+01,5.1490e+01,5.0138e+01,5.1772e+01,5.2263e+01,5.0353e+01,4.9928e+01,5.2357e+01,5.2672e+01,5.5574e+01,5.4825e+01,5.5652e+01,5.6505e+01,5.7879e+01,6.0566e+01,6.1471e+01,6.3355e+01,6.3959e+01,6.6858e+01,6.9138e+01,7.2270e+01,7.4397e+01,7.6129e+01,7.8817e+01,7.9344e+01,8.0376e+01,8.2897e+01,8.3251e+01,8.4986e+01,8.6601e+01,8.8018e+01,8.8635e+01,8.9500e+01,9.0539e+01,9.0834e+01,9.1807e+01,9.2846e+01,9.3894e+01,9.4761e+01,9.5763e+01,9.6388e+01,9.7498e+01,9.8273e+01,9.9071e+01,9.9934e+01,1.0094e+02,1.0203e+02,1.0321e+02,1.0428e+02,1.0564e+02,1.0643e+02,1.0722e+02,1.0827e+02,1.0870e+02,1.0933e+02,1.0918e+02,1.0881e+02
4.8422e+01,4.8118e+01,4.8620e+01,4.9271e+01,5.0467e+01,5.1200e+01,5.1665e+01,5.2671e+01,5.1473e+01,5.0058e+01,4.9803e+01,4.8437e+01,4.8206e+01,4.7421e+01,4.5492e+01,4.3710e+01,4.2540e+01,4.0803e+01,3.9820e+01,3.8458e+01,3.8147e+01,3.8492e+01,3.8478e+01,3.8999e+01,3.9045e+01,3.8621e+01,3.8923e+01,3.9283e+01,3.9361e+01,3.9155e+01,3.9537e+01,4.0524e+01,4.0922e+01,4.1116e+01,4.1957e+01,4.3196e+01,4.3531e+01,4.4523e+01,4.6186e+01,4.6880e+01,4.6302e+01,4.5651e+01,4.5414e+01,4.2740e+01,4.1167e+01,3.9350e+01,3.6725e+01,3.5195e+01,3.2781e+01,3.0976e+01,2.9105e+01,2.9050e+01,2.8799e+01,2.8595e+01,2.9997e+01,2.9686e+01,3.0488e+01,3.2498e+01,3.2959e+01,3.4258e+01,3.6043e+01,3.6021e+01,3.7952e+01,3.8988e+01,4.1653e+01,4.2887e+01,4.5581e+01,4.8106e+01,4.9049e+01,5.1147e+01,5.3286e+01,5.1222e+01,4.9942e+01,5.1969e+01,5.1101e+01,4.9102e+01,4.7692e+01,4.9308e+01,4.9771e+01,4.7848e+01,4.7401e+01,4.9841e+01,5.0170e+01,5.3101e+01,5.2358e+01,5.3204e+01,5.4089e+01,5.5468e+01,5.8166e+01,5.9084e+01,6.1006e+01,6.1638e+01,6.4568e+01,6.6851e+01,7.0013e+01,7.2162e+01,7.3941e+01,7.6655e+01,7.7217e+01,7.8258e+01,8.0825e+01,8.1217e+01,8.3001e+01,8.4652e+01,8.6115e+01,8.6771e+01,8.7686e+01,8.8769e+01,8.9114e+01,9.0113e+01,9.1190e+01,9.2256e+01,9.3147e+01,9.4161e+01,9.4787e+01,9.5915e+01,9.6708e+01,9.7519e+01,9.8392e+01,9.9408e+01,1.0052e+02,1.0172e+02,1.0281e+02,1.0419e+02,1.0499e+02,1.0579e+02,1.0685e+02,1.0729e+02,1.0793e+02,1.0777e+02,1.0740e+02
4.6190e+01,4.5898e+01,4.6408e+01,4.7042e+01,4.8255e+01,4.9003e+01,4.9496e+01,5.0534e+01,4.9324e+01,4.7853e+01,4.7549e+01,4.6128e+01,4.5863e+01,4.5051e+01,4.3104e+01,4.1292e+01,4.0138e+01,3.8382e+01,3.7413e+01,3.6020e+01,3.5711e+01,3.6000e+01,3.5947e+01,3.6415e+01,3.6441e+01,3.6034e+01,3.6400e+01,3.6784e+01,3.6822e+01,3.6551e+01,3.6912e+01,3.7897e+01,3.8296e+01,3.8512e+01,3.9351e+01,4.0609e+01,4.0951e+01,4.1979e+01,4.3659e+01,4.4401e+01,4.3886e+01,4.3282e+01,4.3117e+01,4.0450e+01,3.8937e+01,3.7090e+01,3.4456e+01,3.2994e+01,3.0539e+01,2.8850e+01,2.6865e+01,2.6901e+01,2.6577e+01,2.6454e+01,2.7875e+01,2.7637e+01,2.8390e+01,3.0482e+01,3.0937e+01,3.2147e+01,3.4029e+01,3.3986e+01,3.5956e+01,3.7079e+01,3.9790e+01,4.0984e+01,4.3743e+01,4.6202e+01,4.7194e+01,4.9270e+01,5.1502e+01,4.9492e+01,4.8144e+01,5.0137e+01,4.9222e+01,4.7152e+01,4.5675e+01,4.7238e+01,4.7681e+01,4.5761e+01,4.5262e+01,4.7719e+01,4.8110e+01,5.1077e+01,5.0377e+01,5.1209e+01,5.2144e+01,5.3586e+01,5.6297e+01,5.7282e+01,5.9263e+01,5.9971e+01,6.2939e+01,6.5234e+01,6.8432e+01,7.0614e+01,7.2470e+01,7.5191e+01,7.5798e+01,7.6820e+01,7.9438e+01,7.9849e+01,8.1688e+01,8.3355e+01,8.4881e+01,8.5578e+01,8.6552e+01,8.7697e+01,8.8103e+01,8.9128e+01,9.0247e+01,9.1329e+01,9.2243e+01,9.3265e+01,9.3891e+01,9.5038e+01,9.5842e+01,9.6662e+01,9.7546e+01,9.8579e+01,9.9707e+01,1.0093e+02,1.0204e+02,1.0343e+02,1.0424e+02,1.0505e+02,1.0613e+02,1.0657e+02,1.0722e+02,1.0706e+02,1.0668e+02
4.4280e+01,4.3999e+01,4.4509e+01,4.5133e+01,4.6366e+01,4.7118e+01,4.7636e+01,4.8694e+01,4.7474e+01,4.5970e+01,4.5620e+01,4.4166e+01,4.3865e+01,4.3028e+01,4.1037e+01,3.9215e+01,3.8043e+01,3.6284e+01,3.5300e+01,3.3886e+01,3.3532e+01,3.3787e+01,3.3761e+01,3.4221e+01,3.4287e+01,3.3876e+01,3.4285e+01,3.4615e+01,3.4576e+01,3.4297e+01,3.4619e+01,3.5625e+01,3.6045e+01,3.6246e+01,3.7171e+01,3.8551e+01,3.9002e+01,4.0108e+01,4.1877e+01,4.2652e+01,4.2182e+01,4.1531e+01,4.1400e+01,3.8744e+01,3.7286e+01,3.5515e+01,3.2923e+01,3.1594e+01,2.9190e+01,2.7621e+01,2.5614e+01,2.5860e+01,2.5539e+01,2.5567e+01,2.6971e+01,2.6810e+01,2.7424e+01,2.9545e+01,2.9886e+01,3.0920e+01,3.2845e+01,3.2641e+01,3.4552e+01,3.5668e+01,3.8404e+01,3.9461e+01,4.2273e+01,4.4659e+01,4.5623e+01,4.7634e+01,4.9938e+01,4.7957e+01,4.6483e+01,4.8402e+01,4.7375e+01,4.5250e+01,4.3665e+01,4.5223e+01,4.5577e+01,4.3578e+01,4.3020e+01,4.5452e+01,4.5815e+01,4.8784e+01,4.8044e+01,4.8861e+01,4.9781e+01,5.1244e+01,5.4003e+01,5.5015e+01,5.7009e+01,5.7737e+01,6.0750e+01,6.3084e+01,6.6323e+01,6.8547e+01,7.0434e+01,7.3161e+01,7.3772e+01,7.4778e+01,7.7412e+01,7.7812e+01,7.9665e+01,8.1331e+01,8.2886e+01,8.3593e+01,8.4594e+01,8.5773e+01,8.6215e+01,8.7258e+01,8.8408e+01,8.9501e+01,9.0433e+01,9.1457e+01,9.2076e+01,9.3231e+01,9.4047e+01,9.4876e+01,9.5767e+01,9.6811e+01,9.7951e+01,9.9189e+01,1.0031e+02,1.0172e+02,1.0254e+02,1.0335e+02,1.0444e+02,1.0488e+02,1.0554e+02,1.0538e+02,1.0499e+02
4.1919e+01,4.1643e+01,4.2151e+01,4.2754e+01,4.4010e+01,4.4787e+01,4.5339e+01,4.6433e+01,4.5188e+01,4.3617e+01,4.3200e+01,4.1692e+01,4.1327e+01,4.0440e+01,3.8402e+01,3.6536e+01,3.5326e+01,3.3521e+01,3.2509e+01,3.1045e+01,3.0704e+01,3.0952e+01,3.0935e+01,3.1485e+01,3.1621e+01,3.1146e+01,3.1519e+01,3.1770e+01,3.1680e+01,3.1418e+01,3.1777e+01,3.2797e+01,3.3301e+01,3.3558e+01,3.4531e+01,3.5896e+01,3.6399e+01,3.7604e+01,3.9428e+01,4.0300e+01,3.9953e+01,3.9352e+01,3.9344e+01,3.6742e+01,3.5423e+01,3.3689e+01,3.1187e+01,2.9989e+01,2.7632e+01,2.6273e+01,2.4181e+01,2.4496e+01,2.4045e+01,2.4147e+01,2.5440e+01,2.5318e+01,2.5719e+01,2.7839e+01,2.8034e+01,2.8871e+01,3.0813e+01,3.0471e+01,3.2362e+01,3.3513e+01,3.6294e+01,3.7253e+01,4.0131e+01,4.2452e+01,4.3430e+01,4.5405e+01,4.7806e+01,4.5870e+01,4.4298e+01,4.6168e+01,4.5054e+01,4.2849e+01,4.1187e+01,4.2711e+01,4.3034e+01,4.1021e+01,4.0435e+01,4.2886e+01,4.3299e+01,4.6312e+01,4.5623e+01,4.6462e+01,4.7462e+01,4.8943e+01,5.1691e+01,5.2734e+01,5.4801e+01,5.5590e+01,5.8644e+01,6.0971e+01,6.4247e+01,6.6487e+01,6.8455e+01,7.1213e+01,7.1891e+01,7.2906e+01,7.5590e+01,7.6048e+01,7.7958e+01,7.9659e+01,8.1277e+01,8.2041e+01,8.3108e+01,8.4345e+01,8.4855e+01,8.5940e+01,8.7139e+01,8.8253e+01,8.9210e+01,9.0243e+01,9.0866e+01,9.2045e+01,9.2876e+01,9.3717e+01,9.4621e+01,9.5688e+01,9.6851e+01,9.8112e+01,9.9255e+01,1.0069e+02,1.0152e+02,1.0235e+02,1.0345e+02,1.0390e+02,1.0457e+02,1.0440e+02,1.0401e+02
4.0463e+01,4.0210e+01,4.0697e+01,4.1283e+01,4.2554e+01,4.3314e+01,4.3865e+01,4.4953e+01,4.3686e+01,4.2111e+01,4.1652e+01,4.0133e+01,3.9736e+01,3.8834e+01,3.6768e+01,3.4932e+01,3.3718e+01,3.1924e+01,3.0867e+01,2.9354e+01,2.8960e+01,2.9147e+01,2.9195e+01,2.9711e+01,2.9929e+01,2.9500e+01,2.9961e+01,3.0127e+01,2.9892e+01,2.9600e+01,2.9887e+01,3.0883e+01,3.1388e+01,3.1590e+01,3.2648e+01,3.4127e+01,3.4739e+01,3.6009e+01,3.7930e+01,3.8812e+01,3.8511e+01,3.7867e+01,3.7881e+01,3.5345e+01,3.4129e+01,3.2496e+01,3.0133e+01,2.9075e+01,2.6849e+01,2.5661e+01,2.3622e+01,2.4055e+01,2.3617e+01,2.3830e+01,2.5099e+01,2.5035e+01,2.5338e+01,2.7445e+01,2.7555e+01,2.8221e+01,3.0188e+01,2.9715e+01,3.1526e+01,3.2679e+01,3.5460e+01,3.6296e+01,3.9212e+01,4.1441e+01,4.2417e+01,4.4330e+01,4.6804e+01,4.4919e+01,4.3241e+01,4.5033e+01,4.3815e+01,4.1544e+01,3.9769e+01,4.1265e+01,4.1492e+01,3.9407e+01,3.8737e+01,4.1148e+01,4.1558e+01,4.4561e+01,4.3843e+01,4.4643e+01,4.5628e+01,4.7158e+01,4.9972e+01,5.1064e+01,5.3139e+01,5.3957e+01,5.7058e+01,5.9431e+01,6.2742e+01,6.5034e+01,6.7026e+01,6.9776e+01,7.0439e+01,7.1425e+01,7.4109e+01,7.4539e+01,7.6446e+01,7.8126e+01,7.9762e+01,8.0529e+01,8.1622e+01,8.2873e+01,8.3414e+01,8.4511e+01,8.5732e+01,8.6850e+01,8.7817e+01,8.8845e+01,8.9463e+01,9.0654e+01,9.1492e+01,9.2336e+01,9.3248e+01,9.4329e+01,9.5500e+01,9.6773e+01,9.7927e+01,9.9371e+01,1.0020e+02,1.0104e+02,1.0215e+02,1.0260e+02,1.0327e+02,1.0311e+02,1.0271e+02
4.0100e+01,3.9881e+01,4.0369e+01,4.0945e+01,4.2244e+01,4.3032e+01,4.3621e+01,4.4726e+01,4.3467e+01,4.1869e+01,4.1346e+01,3.9799e+01,3.9335e+01,3.8386e+01,3.6259e+01,3.4395e+01,3.3119e+01,3.1292e+01,3.0155e+01,2.8605e+01,2.8126e+01,2.8286e+01,2.8471e+01,2.9149e+01,2.9433e+01,2.8866e+01,2.9158e+01,2.9117e+01,2.8843e+01,2.8782e+01,2.9095e+01,3.0189e+01,3.0841e+01,3.1124e+01,3.2364e+01,3.3888e+01,3.4634e+01,3.6062e+01,3.8045e+01,3.9045e+01,3.8905e+01,3.8280e+01,3.8418e+01,3.5970e+01,3.4918e+01,3.3380e+01,3.1104e+01,3.0155e+01,2.7960e+01,2.6872e+01,2.4790e+01,2.5249e+01,2.4685e+01,2.4824e+01,2.6037e+01,2.5792e+01,2.5897e+01,2.7943e+01,2.7771e+01,2.8343e+01,3.0139e+01,2.9379e+01,3.1012e+01,3.1948e+01,3.4646e+01,3.5318e+01,3.8148e+01,4.0360e+01,4.1159e+01,4.3009e+01,4.5427e+01,4.3473e+01,4.1689e+01,4.3421e+01,4.2118e+01,3.9922e+01,3.8127e+01,3.9769e+01,3.9932e+01,3.7714e+01,3.7132e+01,3.9522e+01,3.9735e+01,4.2732e+01,4.1862e+01,4.2749e+01,4.3663e+01,4.5086e+01,4.7947e+01,4.8945e+01,5.0982e+01,5.1711e+01,5.4848e+01,5.7248e+01,6.0587e+01,6.2882e+01,6.4831e+01,6.7600e+01,6.8231e+01,6.9252e+01,7.1926e+01,7.2359e+01,7.4249e+01,7.5946e+01,7.7564e+01,7.8318e+01,7.9407e+01,8.0652e+01,8.1190e+01,8.2307e+01,8.3538e+01,8.4671e+01,8.5649e+01,8.6681e+01,8.7299e+01,8.8498e+01,8.9347e+01,9.0199e+01,9.1116e+01,9.2210e+01,9.3394e+01,9.4678e+01,9.5842e+01,9.7301e+01,9.8144e+01,9.8984e+01,1.0011e+02,1.0056e+02,1.0125e+02,1.0108e+02,1.0068e+02
3.9828e+01,3.9621e+01,4.0071e+01,4.0620e+01,4.1892e+01,4.2654e+01,4.3257e+01,4.4351e+01,4.3118e+01,4.1541e+01,4.0997e+01,3.9464e+01,3.8989e+01,3.8075e+01,3.5940e+01,3.4146e+01,3.2855e+01,3.1095e+01,2.9933e+01,2.8407e+01,2.7854e+01,2.7975e+01,2.8277e+01,2.8985e+01,2.9331e+01,2.8777e+01,2.9043e+01,2.8879e+01,2.8525e+01,2.8568e+01,2.8857e+01,2.9961e+01,3.0660e+01,3.0944e+01,3.2348e+01,3.3972e+01,3.4873e+01,3.6365e+01,3.8388e+01,3.9401e+01,3.9301e+01,3.8632e+01,3.8802e+01,3.6428e+01,3.5469e+01,3.4038e+01,3.1873e+01,3.1004e+01,2.8898e+01,2.7911e+01,2.5885e+01,2.6401e+01,2.5807e+01,2.5949e+01,2.7112e+01,2.6808e+01,2.6776e+01,2.8757e+01,2.8423e+01,2.8884e+01,3.0555e+01,2.9608e+01,3.1046e+01,3.1836e+01,3.4424e+01,3.4925e+01,3.7662e+01,3.9787e+01,4.0470e+01,4.2211e+01,4.4594e+01,4.2647e+01,4.0764e+01,4.2387e+01,4.0984e+01,3.8836e+01,3.6990e+01,3.8686e+01,3.8738e+01,3.6420e+01,3.5844e+01,3.8142e+01,3.8211e+01,4.1134e+01,4.0137e+01,4.1015e+01,4.1829e+01,4.3210e+01,4.6134e+01,4.7098e+01,4.9073e+01,4.9749e+01,5.2910e+01,5.5353e+01,5.8712e+01,6.1053e+01,6.2971e+01,6.5721e+01,6.6299e+01,6.7306e+01,6.9948e+01,7.0350e+01,7.2209e+01,7.3898e+01,7.5504e+01,7.6234e+01,7.7314e+01,7.8550e+01,7.9085e+01,8.0219e+01,8.1467e+01,8.2617e+01,8.3606e+01,8.4641e+01,8.5248e+01,8.6454e+01,8.7316e+01,8.8170e+01,8.9091e+01,9.0195e+01,9.1392e+01,9.2689e+01,9.3862e+01,9.5331e+01,9.6181e+01,9.7027e+01,9.8161e+01,9.8620e+01,9.9310e+01,9.9143e+01,9.8749e+01
3.9551e+01,3.9396e+01,3.9867e+01,4.0418e+01,4.1728e+01,4.2522e+01,4.3147e+01,4.4247e+01,4.2994e+01,4.1393e+01,4.0773e+01,3.9223e+01,3.8666e+01,3.7706e+01,3.5504e+01,3.3673e+01,3.2329e+01,3.0551e+01,2.9296e+01,2.7777e+01,2.7167e+01,2.7313e+01,2.7748e+01,2.8590e+01,2.9008e+01,2.8374e+01,2.8472e+01,2.8151e+01,2.7805e+01,2.8078e+01,2.8474e+01,2.9645e+01,3.0464e+01,3.0812e+01,3.2309e+01,3.3960e+01,3.4949e+01,3.6580e+01,3.8645e+01,3.9790e+01,3.9862e+01,3.9253e+01,3.9561e+01,3.7269e+01,3.6452e+01,3.5071e+01,3.2961e+01,3.2170e+01,3.0082e+01,2.9171e+01,2.7079e+01,2.7523e+01,2.6778e+01,2.6809e+01,2.7844e+01,2.7351e+01,2.7132e+01,2.8999e+01,2.8421e+01,2.8812e+01,3.0305e+01,2.9134e+01,3.0398e+01,3.0982e+01,3.3476e+01,3.3844e+01,3.6487e+01,3.8597e+01,3.9123e+01,4.0826e+01,4.3140e+01,4.1115e+01,3.9166e+01,4.0768e+01,3.9337e+01,3.7288e+01,3.5482e+01,3.7345e+01,3.7404e+01,3.4998e+01,3.4585e+01,3.6910e+01,3.6792e+01,3.9741e+01,3.8620e+01,3.9659e+01,4.0449e+01,4.1673e+01,4.4608e+01,4.5439e+01,4.7405e+01,4.7978e+01,5.1177e+01,5.3616e+01,5.7006e+01,5.9315e+01,6.1188e+01,6.3977e+01,6.4546e+01,6.5623e+01,6.8280e+01,6.8704e+01,7.0569e+01,7.2285e+01,7.3879e+01,7.4605e+01,7.5687e+01,7.6920e+01,7.7459e+01,7.8606e+01,7.9859e+01,8.1014e+01,8.2007e+01,8.3046e+01,8.3658e+01,8.4873e+01,8.5747e+01,8.6609e+01,8.7536e+01,8.8650e+01,8.9858e+01,9.1164e+01,9.2348e+01,9.3831e+01,9.4687e+01,9.5538e+01,9.6680e+01,9.7140e+01,9.7837e+01,9.7666e+01,9.7270e+01
4.0234e+01,4.0111e+01,4.0606e+01,4.1179e+01,4.2523e+01,4.3351e+01,4.3966e+01,4.5068e+01,4.3783e+01,4.2171e+01,4.1532e+01,3.9960e+01,3.9352e+01,3.8335e+01,3.6097e+01,3.4203e+01,3.2839e+01,3.0991e+01,2.9665e+01,2.8136e+01,2.7542e+01,2.7709e+01,2.8166e+01,2.9076e+01,2.9464e+01,2.8741e+01,2.8711e+01,2.8358e+01,2.8128e+01,2.8564e+01,2.9071e+01,3.0316e+01,3.1215e+01,3.1606e+01,3.3054e+01,3.4635e+01,3.5564e+01,3.7259e+01,3.9302e+01,4.0529e+01,4.0691e+01,4.0158e+01,4.0521e+01,3.8222e+01,3.7433e+01,3.6016e+01,3.3849e+01,3.3010e+01,3.0877e+01,2.9900e+01,2.7742e+01,2.8077e+01,2.7256e+01,2.7139e+01,2.8158e+01,2.7513e+01,2.7294e+01,2.9121e+01,2.8473e+01,2.8969e+01,3.0382e+01,2.9171e+01,3.0437e+01,3.0922e+01,3.3403e+01,3.3842e+01,3.6441e+01,3.8661e+01,3.9136e+01,4.0922e+01,4.3164e+01,4.1030e+01,3.9133e+01,4.0835e+01,3.9493e+01,3.7524e+01,3.5834e+01,3.7852e+01,3.8032e+01,3.5625e+01,3.5382e+01,3.7814e+01,3.7627e+01,4.0652e+01,3.9494e+01,4.0688e+01,4.1502e+01,4.2617e+01,4.5533e+01,4.6256e+01,4.8222e+01,4.8706e+01,5.1916e+01,5.4330e+01,5.7724e+01,5.9975e+01,6.1797e+01,6.4613e+01,6.5176e+01,6.6319e+01,6.8989e+01,6.9428e+01,7.1292e+01,7.3017e+01,7.4581e+01,7.5306e+01,7.6378e+01,7.7588e+01,7.8112e+01,7.9252e+01,8.0483e+01,8.1630e+01,8.2609e+01,8.3642e+01,8.4265e+01,8.5476e+01,8.6347e+01,8.7208e+01,8.8136e+01,8.9245e+01,9.0448e+01,9.1747e+01,9.2928e+01,9.4407e+01,9.5261e+01,9.6107e+01,9.7245e+01,9.7700e+01,9.8393e+01,9.8219e+01,9.7824e+01
4.0623e+01,4.0527e+01,4.1026e+01,4.1595e+01,4.2933e+01,4.3769e+01,4.4416e+01,4.5516e+01,4.4261e+01,4.2653e+01,4.1965e+01,4.0393e+01,3.9733e+01,3.8700e+01,3.6440e+01,3.4565e+01,3.3179e+01,3.1379e+01,3.0034e+01,2.8563e+01,2.7916e+01,2.8085e+01,2.8643e+01,2.9641e+01,3.0086e+01,2.9313e+01,2.9156e+01,2.8680e+01,2.8442e+01,2.9035e+01,2.9581e+01,3.0850e+01,3.1808e+01,3.2222e+01,3.3791e+01,3.5447e+01,3.6487e+01,3.8265e+01,4.0333e+01,4.1616e+01,4.1863e+01,4.1337e+01,4.1766e+01,3.9525e+01,3.8827e+01,3.7481e+01,3.5367e+01,3.4585e+01,3.2480e+01,3.1555e+01,2.9404e+01,2.9738e+01,2.8871e+01,2.8729e+01,2.9688e+01,2.8925e+01,2.8595e+01,3.0348e+01,2.9519e+01,2.9962e+01,3.1209e+01,2.9818e+01,3.0901e+01,3.1162e+01,3.3498e+01,3.3783e+01,3.6229e+01,3.8400e+01,3.8675e+01,4.0366e+01,4.2497e+01,4.0301e+01,3.8330e+01,3.9949e+01,3.8555e+01,3.6741e+01,3.5099e+01,3.7251e+01,3.7373e+01,3.4883e+01,3.4774e+01,3.7121e+01,3.6691e+01,3.9633e+01,3.8297e+01,3.9575e+01,4.0259e+01,4.1199e+01,4.4119e+01,4.4695e+01,4.6566e+01,4.6909e+01,5.0117e+01,5.2538e+01,5.5933e+01,5.8174e+01,5.9910e+01,6.2735e+01,6.3235e+01,6.4418e+01,6.7062e+01,6.7487e+01,6.9320e+01,7.1050e+01,7.2576e+01,7.3267e+01,7.4318e+01,7.5505e+01,7.6012e+01,7.7160e+01,7.8393e+01,7.9547e+01,8.0529e+01,8.1561e+01,8.2179e+01,8.3394e+01,8.4273e+01,8.5137e+01,8.6066e+01,8.7182e+01,8.8394e+01,8.9700e+01,9.0887e+01,9.2377e+01,9.3237e+01,9.4087e+01,9.5234e+01,9.5691e+01,9.6392e+01,9.6215e+01,9.5818e+01
3.9886e+01,3.9823e+01,4.0321e+01,4.0867e+01,4.2198e+01,4.3040e+01,4.3704e+01,4.4801e+01,4.3550e+01,4.1932e+01,4.1184e+01,3.9624e+01,3.8917e+01,3.7880e+01,3.5609e+01,3.3764e+01,3.2348e+01,3.0611e+01,2.9255e+01,2.7831e+01,2.7158e+01,2.7368e+01,2.8034e+01,2.9105e+01,2.9671e+01,2.8915e+01,2.8667e+01,2.8050e+01,2.7724e+01,2.8417e+01,2.9008e+01,3.0226e+01,3.1231e+01,3.1690e+01,3.3337e+01,3.5031e+01,3.6190e+01,3.8047e+01,4.0141e+01,4.1502e+01,4.1888e+01,4.1395e+01,4.1944e+01,3.9829e+01,3.9274e+01,3.8021e+01,3.6039e+01,3.5392e+01,3.3360e+01,3.2597e+01,3.0454e+01,3.0824e+01,2.9898e+01,2.9802e+01,3.0614e+01,2.9852e+01,2.9310e+01,3.0924e+01,2.9928e+01,3.0145e+01,3.1240e+01,2.9680e+01,3.0522e+01,3.0651e+01,3.2817e+01,3.2887e+01,3.5209e+01,3.7217e+01,3.7357e+01,3.8902e+01,4.0998e+01,3.8845e+01,3.6771e+01,3.8252e+01,3.6757e+01,3.5010e+01,3.3337e+01,3.5529e+01,3.5553e+01,3.2997e+01,3.2958e+01,3.5217e+01,3.4633e+01,3.7507e+01,3.6087e+01,3.7437e+01,3.8094e+01,3.8921e+01,4.1830e+01,4.2336e+01,4.4205e+01,4.4516e+01,4.7754e+01,5.0173e+01,5.3591e+01,5.5833e+01,5.7579e+01,6.0415e+01,6.0933e+01,6.2139e+01,6.4787e+01,6.5234e+01,6.7076e+01,6.8825e+01,7.0373e+01,7.1074e+01,7.2147e+01,7.3363e+01,7.3906e+01,7.5080e+01,7.6344e+01,7.7514e+01,7.8516e+01,7.9555e+01,8.0174e+01,8.1406e+01,8.2302e+01,8.3180e+01,8.4116e+01,8.5248e+01,8.6478e+01,8.7803e+01,8.9009e+01,9.0518e+01,9.1388e+01,9.2248e+01,9.3410e+01,9.3871e+01,9.4583e+01,9.4404e+01,9.4003e+01
3.9975e+01,3.9872e+01,4.0324e+01,4.0837e+01,4.2125e+01,4.2960e+01,4.3645e+01,4.4755e+01,4.3585e+01,4.1985e+01,4.1252e+01,3.9714e+01,3.9066e+01,3.8089e+01,3.5852e+01,3.4079e+01,3.2678e+01,3.1032e+01,2.9762e+01,2.8376e+01,2.7681e+01,2.7787e+01,2.8425e+01,2.9481e+01,3.0048e+01,2.9270e+01,2.9026e+01,2.8392e+01,2.8017e+01,2.8651e+01,2.9145e+01,3.0336e+01,3.1290e+01,3.1756e+01,3.3481e+01,3.5240e+01,3.6423e+01,3.8239e+01,4.0315e+01,4.1578e+01,4.1900e+01,4.1310e+01,4.1807e+01,3.9708e+01,3.9178e+01,3.8004e+01,3.6069e+01,3.5507e+01,3.3547e+01,3.2832e+01,3.0797e+01,3.1318e+01,3.0519e+01,3.0587e+01,3.1494e+01,3.0833e+01,3.0330e+01,3.2054e+01,3.1105e+01,3.1275e+01,3.2446e+01,3.0865e+01,3.1729e+01,3.1886e+01,3.4068e+01,3.4015e+01,3.6342e+01,3.8233e+01,3.8321e+01,3.9733e+01,4.1847e+01,3.9765e+01,3.7593e+01,3.8918e+01,3.7307e+01,3.5569e+01,3.3779e+01,3.5869e+01,3.5699e+01,3.3071e+01,3.2863e+01,3.4936e+01,3.4263e+01,3.7002e+01,3.5461e+01,3.6611e+01,3.7078e+01,3.7978e+01,4.0936e+01,4.1519e+01,4.3270e+01,4.3600e+01,4.6791e+01,4.9284e+01,5.2673e+01,5.4997e+01,5.6707e+01,5.9467e+01,5.9893e+01,6.1003e+01,6.3616e+01,6.3995e+01,6.5826e+01,6.7533e+01,6.9093e+01,6.9758e+01,7.0824e+01,7.2039e+01,7.2571e+01,7.3744e+01,7.5019e+01,7.6189e+01,7.7194e+01,7.8230e+01,7.8832e+01,8.0057e+01,8.0950e+01,8.1825e+01,8.2761e+01,8.3892e+01,8.5122e+01,8.6446e+01,8.7651e+01,8.9159e+01,9.0030e+01,9.0894e+01,9.2058e+01,9.2522e+01,9.3237e+01,9.3061e+01,9.2659e+01
4.0233e+01,4.0122e+01,4.0544e+01,4.1008e+01,4.2264e+01,4.3092e+01,4.3792e+01,4.4913e+01,4.3805e+01,4.2220e+01,4.1503e+01,3.9975e+01,3.9379e+01,3.8451e+01,3.6274e+01,3.4547e+01,3.3200e+01,3.1577e+01,3.0361e+01,2.8953e+01,2.8257e+01,2.8235e+01,2.8787e+01,2.9766e+01,3.0258e+01,2.9450e+01,2.9252e+01,2.8628e+01,2.8222e+01,2.8768e+01,2.9154e+01,3.0301e+01,3.1229e+01,3.1695e+01,3.3363e+01,3.5154e+01,3.6315e+01,3.8078e+01,4.0121e+01,4.1310e+01,4.1564e+01,4.0937e+01,4.1362e+01,3.9265e+01,3.8703e+01,3.7552e+01,3.5645e+01,3.5111e+01,3.3201e+01,3.2512e+01,3.0564e+01,3.1191e+01,3.0490e+01,3.0673e+01,3.1686e+01,3.1103e+01,3.0678e+01,3.2518e+01,3.1650e+01,3.1829e+01,3.3101e+01,3.1557e+01,3.2512e+01,3.2753e+01,3.4998e+01,3.4901e+01,3.7276e+01,3.9102e+01,3.9216e+01,4.0574e+01,4.2737e+01,4.0718e+01,3.8511e+01,3.9766e+01,3.8103e+01,3.6319e+01,3.4439e+01,3.6408e+01,3.6138e+01,3.3507e+01,3.3140e+01,3.5128e+01,3.4508e+01,3.7187e+01,3.5654e+01,3.6629e+01,3.7024e+01,3.8060e+01,4.1042e+01,4.1737e+01,4.3438e+01,4.3833e+01,4.6972e+01,4.9495e+01,5.2848e+01,5.5221e+01,5.6934e+01,5.9637e+01,6.0022e+01,6.1052e+01,6.3644e+01,6.3986e+01,6.5811e+01,6.7490e+01,6.9058e+01,6.9714e+01,7.0778e+01,7.1990e+01,7.2515e+01,7.3687e+01,7.4966e+01,7.6139e+01,7.7151e+01,7.8185e+01,7.8770e+01,7.9984e+01,8.0872e+01,8.1743e+01,8.2676e+01,8.3803e+01,8.5027e+01,8.6346e+01,8.7545e+01,8.9047e+01,8.9914e+01,9.0778e+01,9.1938e+01,9.2403e+01,9.3116e+01,9.2944e+01,9.2542e+01
4.1186e+01,4.1039e+01,4.1427e+01,4.1858e+01,4.3064e+01,4.3876e+01,4.4596e+01,4.5722e+01,4.4689e+01,4.3130e+01,4.2436e+01,4.0938e+01,4.0398e+01,3.9533e+01,3.7402e+01,3.5745e+01,3.4412e+01,3.2877e+01,3.1739e+01,3.0374e+01,2.9676e+01,2.9598e+01,3.0123e+01,3.1067e+01,3.1557e+01,3.0771e+01,3.0584e+01,2.9964e+01,2.9532e+01,3.0011e+01,3.0303e+01,3.1352e+01,3.2199e+01,3.2681e+01,3.4367e+01,3.6158e+01,3.7293e+01,3.8956e+01,4.0936e+01,4.1993e+01,4.2181e+01,4.1453e+01,4.1789e+01,3.9720e+01,3.9161e+01,3.8104e+01,3.6247e+01,3.5790e+01,3.3973e+01,3.3310e+01,3.1515e+01,3.2285e+01,3.1737e+01,3.2051e+01,3.3157e+01,3.2672e+01,3.2328e+01,3.4244e+01,3.3450e+01,3.3618e+01,3.4947e+01,3.3420e+01,3.4389e+01,3.4641e+01,3.6881e+01,3.6677e+01,3.9029e+01,4.0748e+01,4.0809e+01,4.2047e+01,4.4200e+01,4.2248e+01,3.9975e+01,4.1085e+01,3.9329e+01,3.7576e+01,3.5614e+01,3.7484e+01,3.7048e+01,3.4386e+01,3.3890e+01,3.5692e+01,3.4988e+01,3.7516e+01,3.5884e+01,3.6669e+01,3.6871e+01,3.7959e+01,4.0945e+01,4.1698e+01,4.3257e+01,4.3657e+01,4.6709e+01,4.9285e+01,5.2582e+01,5.5021e+01,5.6680e+01,5.9288e+01,5.9576e+01,6.0505e+01,6.3051e+01,6.3327e+01,6.5135e+01,6.6765e+01,6.8336e+01,6.8956e+01,7.0002e+01,7.1203e+01,7.1709e+01,7.2872e+01,7.4147e+01,7.5314e+01,7.6322e+01,7.7351e+01,7.7918e+01,7.9118e+01,8.0001e+01,8.0863e+01,8.1791e+01,8.2912e+01,8.4131e+01,8.5444e+01,8.6635e+01,8.8130e+01,8.8995e+01,8.9859e+01,9.1018e+01,9.1484e+01,9.2197e+01,9.2029e+01,9.1628e+01
4.0264e+01,4.0091e+01,4.0454e+01,4.0856e+01,4.2037e+01,4.2838e+01,4.3561e+01,4.4691e+01,4.3663e+01,4.2093e+01,4.1393e+01,3.9919e+01,3.9399e+01,3.8565e+01,3.6448e+01,3.4837e+01,3.3495e+01,3.2023e+01,3.0932e+01,2.9582e+01,2.8895e+01,2.8869e+01,2.9436e+01,3.0383e+01,3.0974e+01,3.0282e+01,3.0137e+01,2.9476e+01,2.8901e+01,2.9285e+01,2.9474e+01,3.0379e+01,3.1150e+01,3.1615e+01,3.3345e+01,3.5114e+01,3.6256e+01,3.7854e+01,3.9825e+01,4.0810e+01,4.1044e+01,4.0237e+01,4.0596e+01,3.8635e+01,3.8194e+01,3.7274e+01,3.5538e+01,3.5251e+01,3.3578e+01,3.3061e+01,3.1382e+01,3.2324e+01,3.1877e+01,3.2341e+01,3.3419e+01,3.3108e+01,3.2714e+01,3.4601e+01,3.3836e+01,3.3840e+01,3.5201e+01,3.3663e+01,3.4550e+01,3.4857e+01,3.7056e+01,3.6732e+01,3.9096e+01,4.0655e+01,4.0729e+01,4.1857e+01,4.4081e+01,4.2244e+01,3.9887e+01,4.0872e+01,3.8997e+01,3.7171e+01,3.5063e+01,3.6817e+01,3.6219e+01,3.3496e+01,3.2848e+01,3.4518e+01,3.3824e+01,3.6283e+01,3.4651e+01,3.5302e+01,3.5475e+01,3.6675e+01,3.9695e+01,4.0573e+01,4.2156e+01,4.2677e+01,4.5754e+01,4.8383e+01,5.1699e+01,5.4195e+01,5.5925e+01,5.8488e+01,5.8808e+01,5.9660e+01,6.2207e+01,6.2467e+01,6.4297e+01,6.5902e+01,6.7538e+01,6.8182e+01,6.9261e+01,7.0516e+01,7.1066e+01,7.2241e+01,7.3544e+01,7.4716e+01,7.5740e+01,7.6772e+01,7.7338e+01,7.8549e+01,7.9436e+01,8.0304e+01,8.1234e+01,8.2364e+01,8.3590e+01,8.4914e+01,8.6114e+01,8.7617e+01,8.8484e+01,8.9354e+01,9.0519e+01,9.0989e+01,9.1706e+01,9.1541e+01,9.1140e+01
4.0075e+01,3.9871e+01,4.0196e+01,4.0563e+01,4.1698e+01,4.2498e+01,4.3229e+01,4.4355e+01,4.3365e+01,4.1807e+01,4.1079e+01,3.9649e+01,3.9138e+01,3.8331e+01,3.6240e+01,3.4702e+01,3.3345e+01,3.1991e+01,3.0959e+01,2.9690e+01,2.8986e+01,2.9023e+01,2.9681e+01,3.0661e+01,3.1400e+01,3.0777e+01,3.0589e+01,2.9832e+01,2.9142e+01,2.9522e+01,2.9653e+01,3.0393e+01,3.1115e+01,3.1608e+01,3.3410e+01,3.5115e+01,3.6288e+01,3.7840e+01,3.9782e+01,4.0712e+01,4.1034e+01,4.0162e+01,4.0563e+01,3.8738e+01,3.8442e+01,3.7681e+01,3.6080e+01,3.5972e+01,3.4445e+01,3.4060e+01,3.2502e+01,3.3590e+01,3.3230e+01,3.3812e+01,3.4849e+01,3.4652e+01,3.4180e+01,3.6023e+01,3.5238e+01,3.5069e+01,3.6399e+01,3.4798e+01,3.5552e+01,3.5835e+01,3.7936e+01,3.7429e+01,3.9728e+01,4.1093e+01,4.1091e+01,4.2054e+01,4.4284e+01,4.2550e+01,4.0087e+01,4.0891e+01,3.8877e+01,3.7071e+01,3.4862e+01,3.6531e+01,3.5740e+01,3.2957e+01,3.2227e+01,3.3673e+01,3.2843e+01,3.5139e+01,3.3395e+01,3.3925e+01,3.3949e+01,3.5145e+01,3.8172e+01,3.9092e+01,4.0605e+01,4.1166e+01,4.4224e+01,4.6903e+01,5.0207e+01,5.2756e+01,5.4489e+01,5.6985e+01,5.7282e+01,5.8063e+01,6.0595e+01,6.0837e+01,6.2682e+01,6.4266e+01,6.5952e+01,6.6608e+01,6.7715e+01,6.9017e+01,6.9604e+01,7.0792e+01,7.2122e+01,7.3295e+01,7.4330e+01,7.5363e+01,7.5927e+01,7.7149e+01,7.8044e+01,7.8918e+01,7.9854e+01,8.0997e+01,8.2234e+01,8.3568e+01,8.4779e+01,8.6293e+01,8.7168e+01,8.8045e+01,8.9222e+01,8.9696e+01,9.0420e+01,9.0256e+01,8.9854e+01
3.9140e+01,3.8942e+01,3.9270e+01,3.9644e+01,4.0804e+01,4.1631e+01,4.2361e+01,4.3494e+01,4.2461e+01,4.0869e+01,4.0091e+01,3.8654e+01,3.8087e+01,3.7234e+01,3.5108e+01,3.3529e+01,3.2137e+01,3.0773e+01,2.9716e+01,2.8442e+01,2.7724e+01,2.7808e+01,2.8540e+01,2.9631e+01,3.0456e+01,2.9783e+01,2.9511e+01,2.8652e+01,2.7891e+01,2.8332e+01,2.8481e+01,2.9210e+01,2.9990e+01,3.0616e+01,3.2430e+01,3.4030e+01,3.5205e+01,3.6825e+01,3.8778e+01,3.9810e+01,4.0259e+01,3.9471e+01,3.9999e+01,3.8215e+01,3.8021e+01,3.7267e+01,3.5709e+01,3.5629e+01,3.4092e+01,3.3771e+01,3.2155e+01,3.3180e+01,3.2742e+01,3.3297e+01,3.4258e+01,3.4026e+01,3.3461e+01,3.5253e+01,3.4383e+01,3.4148e+01,3.5427e+01,3.3765e+01,3.4470e+01,3.4721e+01,3.6799e+01,3.6266e+01,3.8564e+01,3.9919e+01,3.9891e+01,4.0859e+01,4.3115e+01,4.1361e+01,3.8851e+01,3.9655e+01,3.7610e+01,3.5802e+01,3.3595e+01,3.5315e+01,3.4533e+01,3.1712e+01,3.1063e+01,3.2539e+01,3.1639e+01,3.3991e+01,3.2212e+01,3.2868e+01,3.2965e+01,3.4070e+01,3.7086e+01,3.7943e+01,3.9538e+01,4.0089e+01,4.3199e+01,4.5864e+01,4.9207e+01,5.1723e+01,5.3488e+01,5.6037e+01,5.6400e+01,5.7243e+01,5.9827e+01,6.0138e+01,6.2036e+01,6.3659e+01,6.5386e+01,6.6086e+01,6.7232e+01,6.8567e+01,6.9190e+01,7.0393e+01,7.1735e+01,7.2915e+01,7.3958e+01,7.4994e+01,7.5577e+01,7.6820e+01,7.7725e+01,7.8612e+01,7.9559e+01,8.0714e+01,8.1963e+01,8.3312e+01,8.4537e+01,8.6064e+01,8.6946e+01,8.7829e+01,8.9014e+01,8.9491e+01,9.0221e+01,9.0053e+01,8.9648e+01
3.8360e+01,3.8156e+01,3.8451e+01,3.8772e+01,3.9912e+01,4.0742e+01,4.1451e+01,4.2587e+01,4.1547e+01,3.9931e+01,3.9149e+01,3.7731e+01,3.7178e+01,3.6341e+01,3.4255e+01,3.2702e+01,3.1346e+01,3.0021e+01,2.9016e+01,2.7736e+01,2.7097e+01,2.7176e+01,2.7830e+01,2.8852e+01,2.9683e+01,2.9060e+01,2.8846e+01,2.7998e+01,2.7131e+01,2.7448e+01,2.7490e+01,2.8110e+01,2.8838e+01,2.9471e+01,3.1239e+01,3.2767e+01,3.3922e+01,3.5478e+01,3.7406e+01,3.8401e+01,3.8906e+01,3.8102e+01,3.8666e+01,3.6964e+01,3.6869e+01,3.6193e+01,3.4722e+01,3.4769e+01,3.3352e+01,3.3137e+01,3.1616e+01,3.2775e+01,3.2444e+01,3.3118e+01,3.4090e+01,3.4023e+01,3.3474e+01,3.5279e+01,3.4485e+01,3.4161e+01,3.5512e+01,3.3887e+01,3.4597e+01,3.4936e+01,3.7008e+01,3.6447e+01,3.8781e+01,4.0036e+01,4.0057e+01,4.0974e+01,4.3308e+01,4.1652e+01,3.9097e+01,3.9833e+01,3.7723e+01,3.5823e+01,3.3486e+01,3.5100e+01,3.4214e+01,3.1335e+01,3.0537e+01,3.1968e+01,3.1155e+01,3.3512e+01,3.1801e+01,3.2370e+01,3.2540e+01,3.3793e+01,3.6836e+01,3.7824e+01,3.9501e+01,4.0184e+01,4.3323e+01,4.6017e+01,4.9381e+01,5.1911e+01,5.3750e+01,5.6269e+01,5.6693e+01,5.7482e+01,6.0077e+01,6.0378e+01,6.2295e+01,6.3885e+01,6.5665e+01,6.6391e+01,6.7570e+01,6.8948e+01,6.9604e+01,7.0802e+01,7.2148e+01,7.3323e+01,7.4372e+01,7.5413e+01,7.6002e+01,7.7248e+01,7.8148e+01,7.9035e+01,7.9981e+01,8.1137e+01,8.2386e+01,8.3737e+01,8.4964e+01,8.6490e+01,8.7370e+01,8.8252e+01,8.9433e+01,8.9912e+01,9.0641e+01,9.0475e+01,9.0070e+01
3.8525e+01,3.8368e+01,3.8675e+01,3.8989e+01,4.0163e+01,4.1033e+01,4.1747e+01,4.2899e+01,4.1845e+01,4.0184e+01,3.9363e+01,3.7902e+01,3.7291e+01,3.6400e+01,3.4312e+01,3.2691e+01,3.1349e+01,2.9947e+01,2.8916e+01,2.7559e+01,2.6931e+01,2.6908e+01,2.7487e+01,2.8548e+01,2.9293e+01,2.8511e+01,2.8205e+01,2.7280e+01,2.6434e+01,2.6841e+01,2.6904e+01,2.7629e+01,2.8482e+01,2.9261e+01,3.0930e+01,3.2375e+01,3.3479e+01,3.5097e+01,3.6989e+01,3.8099e+01,3.8686e+01,3.8010e+01,3.8633e+01,3.6901e+01,3.6827e+01,3.6088e+01,3.4584e+01,3.4592e+01,3.3120e+01,3.2895e+01,3.1310e+01,3.2396e+01,3.1999e+01,3.2630e+01,3.3632e+01,3.3491e+01,3.2943e+01,3.4793e+01,3.3952e+01,3.3692e+01,3.5041e+01,3.3378e+01,3.4165e+01,3.4486e+01,3.6619e+01,3.6117e+01,3.8482e+01,3.9834e+01,3.9841e+01,4.0830e+01,4.3162e+01,4.1438e+01,3.8889e+01,3.9697e+01,3.7634e+01,3.5744e+01,3.3453e+01,3.5155e+01,3.4359e+01,3.1461e+01,3.0754e+01,3.2329e+01,3.1534e+01,3.4014e+01,3.2327e+01,3.3020e+01,3.3277e+01,3.4473e+01,3.7476e+01,3.8395e+01,4.0106e+01,4.0732e+01,4.3872e+01,4.6532e+01,4.9895e+01,5.2364e+01,5.4181e+01,5.6729e+01,5.7174e+01,5.8012e+01,6.0625e+01,6.0953e+01,6.2881e+01,6.4478e+01,6.6246e+01,6.6978e+01,6.8149e+01,6.9511e+01,7.0147e+01,7.1330e+01,7.2648e+01,7.3811e+01,7.4846e+01,7.5880e+01,7.6484e+01,7.7724e+01,7.8613e+01,7.9497e+01,8.0442e+01,8.1589e+01,8.2830e+01,8.4172e+01,8.5394e+01,8.6914e+01,8.7790e+01,8.8667e+01,8.9843e+01,9.0320e+01,9.1046e+01,9.0878e+01,9.0472e+01
3.8219e+01,3.8117e+01,3.8447e+01,3.8769e+01,3.9978e+01,4.0881e+01,4.1596e+01,4.2749e+01,4.1662e+01,3.9976e+01,3.9083e+01,3.7594e+01,3.6895e+01,3.5926e+01,3.3827e+01,3.2177e+01,3.0838e+01,2.9411e+01,2.8335e+01,2.6977e+01,2.6332e+01,2.6332e+01,2.6986e+01,2.8131e+01,2.8938e+01,2.8091e+01,2.7662e+01,2.6605e+01,2.5739e+01,2.6313e+01,2.6482e+01,2.7202e+01,2.8174e+01,2.9056e+01,3.0659e+01,3.2002e+01,3.3129e+01,3.4863e+01,3.6756e+01,3.8021e+01,3.8780e+01,3.8233e+01,3.8980e+01,3.7310e+01,3.7311e+01,3.6558e+01,3.5098e+01,3.5101e+01,3.3622e+01,3.3441e+01,3.1795e+01,3.2767e+01,3.2260e+01,3.2803e+01,3.3731e+01,3.3500e+01,3.2855e+01,3.4625e+01,3.3669e+01,3.3354e+01,3.4599e+01,3.2841e+01,3.3541e+01,3.3769e+01,3.5837e+01,3.5295e+01,3.7599e+01,3.8946e+01,3.8882e+01,3.9864e+01,4.2167e+01,4.0412e+01,3.7835e+01,3.8638e+01,3.6567e+01,3.4726e+01,3.2484e+01,3.4282e+01,3.3527e+01,3.0608e+01,3.0063e+01,3.1691e+01,3.0799e+01,3.3334e+01,3.1610e+01,3.2486e+01,3.2812e+01,3.3869e+01,3.6828e+01,3.7643e+01,3.9396e+01,3.9971e+01,4.3136e+01,4.5759e+01,4.9138e+01,5.1561e+01,5.3376e+01,5.5961e+01,5.6447e+01,5.7349e+01,5.9998e+01,6.0385e+01,6.2343e+01,6.3976e+01,6.5755e+01,6.6521e+01,6.7712e+01,6.9088e+01,6.9745e+01,7.0935e+01,7.2252e+01,7.3416e+01,7.4450e+01,7.5490e+01,7.6113e+01,7.7365e+01,7.8261e+01,7.9156e+01,8.0108e+01,8.1263e+01,8.2512e+01,8.3863e+01,8.5094e+01,8.6623e+01,8.7505e+01,8.8384e+01,8.9567e+01,9.0044e+01,9.0774e+01,9.0600e+01,9.0192e+01
3.8912e+01,3.8844e+01,3.9217e+01,3.9556e+01,4.0780e+01,4.1700e+01,4.2409e+01,4.3554e+01,4.2452e+01,4.0752e+01,3.9837e+01,3.8326e+01,3.7569e+01,3.6549e+01,3.4443e+01,3.2724e+01,3.1385e+01,2.9884e+01,2.8755e+01,2.7372e+01,2.6781e+01,2.6786e+01,2.7384e+01,2.8593e+01,2.9343e+01,2.8367e+01,2.7806e+01,2.6696e+01,2.5932e+01,2.6621e+01,2.6880e+01,2.7643e+01,2.8707e+01,2.9651e+01,3.1121e+01,3.2391e+01,3.3481e+01,3.5278e+01,3.7134e+01,3.8513e+01,3.9353e+01,3.8934e+01,3.9718e+01,3.8045e+01,3.8035e+01,3.7220e+01,3.5727e+01,3.5667e+01,3.4126e+01,3.3896e+01,3.2181e+01,3.3022e+01,3.2427e+01,3.2855e+01,3.3766e+01,3.3392e+01,3.2735e+01,3.4490e+01,3.3444e+01,3.3213e+01,3.4379e+01,3.2560e+01,3.3289e+01,3.3408e+01,3.5495e+01,3.5005e+01,3.7292e+01,3.8768e+01,3.8645e+01,3.9717e+01,4.1971e+01,4.0107e+01,3.7556e+01,3.8455e+01,3.6450e+01,3.4667e+01,3.2550e+01,3.4491e+01,3.3885e+01,3.1005e+01,3.0666e+01,3.2426e+01,3.1519e+01,3.4129e+01,3.2441e+01,3.3472e+01,3.3854e+01,3.4769e+01,3.7627e+01,3.8308e+01,4.0059e+01,4.0537e+01,4.3677e+01,4.6231e+01,4.9587e+01,5.1934e+01,5.3715e+01,5.6349e+01,5.6858e+01,5.7835e+01,6.0498e+01,6.0934e+01,6.2891e+01,6.4545e+01,6.6291e+01,6.7061e+01,6.8246e+01,6.9597e+01,7.0243e+01,7.1424e+01,7.2719e+01,7.3870e+01,7.4886e+01,7.5919e+01,7.6557e+01,7.7807e+01,7.8694e+01,7.9589e+01,8.0543e+01,8.1693e+01,8.2937e+01,8.4282e+01,8.5510e+01,8.7037e+01,8.7917e+01,8.8794e+01,8.9973e+01,9.0449e+01,9.1176e+01,9.0997e+01,9.0588e+01
3.9623e+01,3.9548e+01,3.9922e+01,4.0241e+01,4.1452e+01,4.2371e+01,4.3085e+01,4.4234e+01,4.3157e+01,4.1453e+01,4.0558e+01,3.9042e+01,3.8301e+01,3.7297e+01,3.5217e+01,3.3469e+01,3.2153e+01,3.0596e+01,2.9478e+01,2.8045e+01,2.7519e+01,2.7442e+01,2.7876e+01,2.9057e+01,2.9657e+01,2.8575e+01,2.7995e+01,2.6962e+01,2.6332e+01,2.6974e+01,2.7217e+01,2.8055e+01,2.9138e+01,3.0075e+01,3.1423e+01,3.2676e+01,3.3665e+01,3.5430e+01,3.7212e+01,3.8577e+01,3.9354e+01,3.8983e+01,3.9708e+01,3.7993e+01,3.7925e+01,3.7059e+01,3.5511e+01,3.5390e+01,3.3816e+01,3.3526e+01,3.1790e+01,3.2592e+01,3.1990e+01,3.2399e+01,3.3392e+01,3.2964e+01,3.2383e+01,3.4248e+01,3.3228e+01,3.3136e+01,3.4373e+01,3.2595e+01,3.3505e+01,3.3678e+01,3.5906e+01,3.5535e+01,3.7916e+01,3.9519e+01,3.9455e+01,4.0633e+01,4.2916e+01,4.0997e+01,3.8495e+01,3.9495e+01,3.7554e+01,3.5736e+01,3.3659e+01,3.5591e+01,3.5068e+01,3.2244e+01,3.1879e+01,3.3705e+01,3.2914e+01,3.5553e+01,3.3945e+01,3.4911e+01,3.5303e+01,3.6260e+01,3.9088e+01,3.9776e+01,4.1504e+01,4.1964e+01,4.5056e+01,4.7585e+01,5.0908e+01,5.3224e+01,5.4982e+01,5.7625e+01,5.8127e+01,5.9108e+01,6.1751e+01,6.2184e+01,6.4119e+01,6.5758e+01,6.7469e+01,6.8227e+01,6.9395e+01,7.0712e+01,7.1333e+01,7.2497e+01,7.3776e+01,7.4915e+01,7.5920e+01,7.6938e+01,7.7573e+01,7.8811e+01,7.9682e+01,8.0568e+01,8.1515e+01,8.2652e+01,8.3883e+01,8.5214e+01,8.6430e+01,8.7943e+01,8.8816e+01,8.9686e+01,9.0856e+01,9.1330e+01,9.2052e+01,9.1875e+01,9.1467e+01
3.9180e+01,3.9128e+01,3.9469e+01,3.9695e+01,4.0870e+01,4.1793e+01,4.2511e+01,4.3662e+01,4.2619e+01,4.0903e+01,3.9968e+01,3.8451e+01,3.7701e+01,3.6718e+01,3.4712e+01,3.3024e+01,3.1794e+01,3.0265e+01,2.9193e+01,2.7735e+01,2.7269e+01,2.7081e+01,2.7367e+01,2.8467e+01,2.8973e+01,2.7851e+01,2.7287e+01,2.6271e+01,2.5663e+01,2.6257e+01,2.6499e+01,2.7339e+01,2.8473e+01,2.9470e+01,3.0648e+01,3.1833e+01,3.2740e+01,3.4484e+01,3.6181e+01,3.7567e+01,3.8393e+01,3.8103e+01,3.8850e+01,3.7207e+01,3.7191e+01,3.6344e+01,3.4866e+01,3.4796e+01,3.3301e+01,3.3097e+01,3.1379e+01,3.2201e+01,3.1608e+01,3.2073e+01,3.3057e+01,3.2707e+01,3.2096e+01,3.3981e+01,3.2999e+01,3.2852e+01,3.4161e+01,3.2427e+01,3.3405e+01,3.3720e+01,3.5998e+01,3.5628e+01,3.8082e+01,3.9596e+01,3.9638e+01,4.0790e+01,4.3168e+01,4.1353e+01,3.8839e+01,3.9800e+01,3.7836e+01,3.5916e+01,3.3749e+01,3.5536e+01,3.4966e+01,3.2168e+01,3.1673e+01,3.3486e+01,3.2826e+01,3.5466e+01,3.3952e+01,3.4808e+01,3.5245e+01,3.6346e+01,3.9175e+01,3.9990e+01,4.1752e+01,4.2317e+01,4.5400e+01,4.7946e+01,5.1263e+01,5.3598e+01,5.5403e+01,5.8008e+01,5.8541e+01,5.9471e+01,6.2119e+01,6.2546e+01,6.4496e+01,6.6114e+01,6.7861e+01,6.8643e+01,6.9831e+01,7.1169e+01,7.1811e+01,7.2973e+01,7.4257e+01,7.5394e+01,7.6407e+01,7.7425e+01,7.8059e+01,7.9295e+01,8.0161e+01,8.1045e+01,8.1990e+01,8.3126e+01,8.4354e+01,8.5683e+01,8.6896e+01,8.8406e+01,8.9277e+01,9.0145e+01,9.1311e+01,9.1786e+01,9.2507e+01,9.2332e+01,9.1926e+01
3.8888e+01,3.8836e+01,3.9133e+01,3.9289e+01,4.0416e+01,4.1327e+01,4.2070e+01,4.3224e+01,4.2240e+01,4.0536e+01,3.9582e+01,3.8088e+01,3.7369e+01,3.6450e+01,3.4514e+01,3.2932e+01,3.1774e+01,3.0342e+01,2.9343e+01,2.7911e+01,2.7431e+01,2.7133e+01,2.7371e+01,2.8369e+01,2.8818e+01,2.7733e+01,2.7257e+01,2.6235e+01,2.5522e+01,2.6032e+01,2.6138e+01,2.6950e+01,2.8078e+01,2.9114e+01,3.0343e+01,3.1622e+01,3.2593e+01,3.4283e+01,3.5944e+01,3.7265e+01,3.8054e+01,3.7706e+01,3.8424e+01,3.6822e+01,3.6835e+01,3.6063e+01,3.4659e+01,3.4678e+01,3.3264e+01,3.3137e+01,3.1503e+01,3.2461e+01,3.1956e+01,3.2559e+01,3.3559e+01,3.3346e+01,3.2731e+01,3.4642e+01,3.3732e+01,3.3489e+01,3.4863e+01,3.3163e+01,3.4102e+01,3.4492e+01,3.6712e+01,3.6230e+01,3.8661e+01,3.9987e+01,4.0038e+01,4.1030e+01,4.3437e+01,4.1763e+01,3.9186e+01,3.9977e+01,3.7910e+01,3.5976e+01,3.3677e+01,3.5320e+01,3.4549e+01,3.1690e+01,3.1010e+01,3.2641e+01,3.1934e+01,3.4444e+01,3.2850e+01,3.3529e+01,3.3839e+01,3.5057e+01,3.7962e+01,3.8893e+01,4.0596e+01,4.1228e+01,4.4313e+01,4.6941e+01,5.0264e+01,5.2684e+01,5.4501e+01,5.7035e+01,5.7524e+01,5.8363e+01,6.0987e+01,6.1350e+01,6.3289e+01,6.4876e+01,6.6647e+01,6.7415e+01,6.8604e+01,6.9963e+01,7.0619e+01,7.1794e+01,7.3102e+01,7.4252e+01,7.5283e+01,7.6309e+01,7.6928e+01,7.8160e+01,7.9031e+01,7.9917e+01,8.0863e+01,8.2004e+01,8.3236e+01,8.4571e+01,8.5789e+01,8.7304e+01,8.8178e+01,8.9052e+01,9.0223e+01,9.0702e+01,9.1428e+01,9.1257e+01,9.0851e+01
3.8594e+01,3.8587e+01,3.8851e+01,3.8929e+01,4.0016e+01,4.0910e+01,4.1652e+01,4.2805e+01,4.1837e+01,4.0144e+01,3.9169e+01,3.7661e+01,3.6937e+01,3.6029e+01,3.4166e+01,3.2660e+01,3.1621e+01,3.0220e+01,2.9272e+01,2.7821e+01,2.7387e+01,2.6973e+01,2.7054e+01,2.7864e+01,2.8166e+01,2.7132e+01,2.6817e+01,2.5932e+01,2.5250e+01,2.5617e+01,2.5690e+01,2.6523e+01,2.7602e+01,2.8620e+01,2.9708e+01,3.0991e+01,3.1866e+01,3.3482e+01,3.5086e+01,3.6367e+01,3.7086e+01,3.6756e+01,3.7426e+01,3.5801e+01,3.5762e+01,3.4970e+01,3.3576e+01,3.3591e+01,3.2234e+01,3.2141e+01,3.0538e+01,3.1564e+01,3.1139e+01,3.1815e+01,3.2859e+01,3.2777e+01,3.2228e+01,3.4183e+01,3.3418e+01,3.3183e+01,3.4691e+01,3.3141e+01,3.4174e+01,3.4740e+01,3.6971e+01,3.6578e+01,3.9053e+01,4.0308e+01,4.0501e+01,4.1506e+01,4.3981e+01,4.2397e+01,3.9863e+01,4.0667e+01,3.8631e+01,3.6615e+01,3.4276e+01,3.5799e+01,3.5037e+01,3.2231e+01,3.1444e+01,3.3083e+01,3.2526e+01,3.5041e+01,3.3534e+01,3.4131e+01,3.4481e+01,3.5852e+01,3.8813e+01,3.9859e+01,4.1595e+01,4.2306e+01,4.5418e+01,4.8075e+01,5.1415e+01,5.3864e+01,5.5712e+01,5.8210e+01,5.8704e+01,5.9501e+01,6.2117e+01,6.2446e+01,6.4371e+01,6.5935e+01,6.7720e+01,6.8489e+01,6.9685e+01,7.1051e+01,7.1714e+01,7.2892e+01,7.4206e+01,7.5361e+01,7.6402e+01,7.7432e+01,7.8040e+01,7.9264e+01,8.0138e+01,8.1018e+01,8.1958e+01,8.3095e+01,8.4324e+01,8.5655e+01,8.6867e+01,8.8374e+01,8.9245e+01,9.0115e+01,9.1281e+01,9.1759e+01,9.2481e+01,9.2313e+01,9.1909e+01
3.8570e+01,3.8559e+01,3.8783e+01,3.8830e+01,3.9879e+01,4.0755e+01,4.1491e+01,4.2635e+01,4.1706e+01,4.0050e+01,3.9099e+01,3.7634e+01,3.6961e+01,3.6105e+01,3.4266e+01,3.2832e+01,3.1806e+01,3.0488e+01,2.9575e+01,2.8172e+01,2.7730e+01,2.7301e+01,2.7419e+01,2.8149e+01,2.8473e+01,2.7553e+01,2.7323e+01,2.6447e+01,2.5663e+01,2.5940e+01,2.5871e+01,2.6607e+01,2.7598e+01,2.8563e+01,2.9763e+01,3.1151e+01,3.2127e+01,3.3687e+01,3.5305e+01,3.6492e+01,3.7163e+01,3.6711e+01,3.7341e+01,3.5760e+01,3.5748e+01,3.5059e+01,3.3739e+01,3.3858e+01,3.2594e+01,3.2558e+01,3.1077e+01,3.2241e+01,3.1924e+01,3.2703e+01,3.3748e+01,3.3766e+01,3.3232e+01,3.5155e+01,3.4446e+01,3.4135e+01,3.5648e+01,3.4109e+01,3.5042e+01,3.5593e+01,3.7731e+01,3.7230e+01,3.9643e+01,4.0759e+01,4.0920e+01,4.1799e+01,4.4252e+01,4.2752e+01,4.0177e+01,4.0857e+01,3.8749e+01,3.6761e+01,3.4351e+01,3.5812e+01,3.4904e+01,3.2044e+01,3.1152e+01,3.2633e+01,3.1997e+01,3.4388e+01,3.2788e+01,3.3261e+01,3.3483e+01,3.4914e+01,3.7939e+01,3.9047e+01,4.0713e+01,4.1450e+01,4.4561e+01,4.7282e+01,5.0626e+01,5.3149e+01,5.4991e+01,5.7430e+01,5.7871e+01,5.8598e+01,6.1184e+01,6.1456e+01,6.3361e+01,6.4894e+01,6.6687e+01,6.7433e+01,6.8624e+01,6.9999e+01,7.0670e+01,7.1861e+01,7.3193e+01,7.4362e+01,7.5417e+01,7.6456e+01,7.7050e+01,7.8267e+01,7.9146e+01,8.0026e+01,8.0965e+01,8.2106e+01,8.3337e+01,8.4672e+01,8.5886e+01,8.7399e+01,8.8272e+01,8.9145e+01,9.0314e+01,9.0794e+01,9.1519e+01,9.1354e+01,9.0950e+01
3.8222e+01,3.8186e+01,3.8382e+01,3.8411e+01,3.9431e+01,4.0303e+01,4.1056e+01,4.2195e+01,4.1294e+01,3.9647e+01,3.8672e+01,3.7248e+01,3.6574e+01,3.5753e+01,3.3919e+01,3.2523e+01,3.1469e+01,3.0236e+01,2.9324e+01,2.8032e+01,2.7545e+01,2.7193e+01,2.7466e+01,2.8258e+01,2.8743e+01,2.7892e+01,2.7572e+01,2.6565e+01,2.5661e+01,2.6000e+01,2.5886e+01,2.6463e+01,2.7480e+01,2.8460e+01,2.9808e+01,3.1247e+01,3.2387e+01,3.3985e+01,3.5622e+01,3.6816e+01,3.7595e+01,3.7110e+01,3.7802e+01,3.6357e+01,3.6466e+01,3.5896e+01,3.4709e+01,3.4948e+01,3.3773e+01,3.3845e+01,3.2418e+01,3.3600e+01,3.3249e+01,3.4032e+01,3.4943e+01,3.4941e+01,3.4269e+01,3.6066e+01,3.5247e+01,3.4772e+01,3.6147e+01,3.4485e+01,3.5219e+01,3.5653e+01,3.7663e+01,3.6956e+01,3.9269e+01,4.0230e+01,4.0272e+01,4.0980e+01,4.3397e+01,4.1974e+01,3.9316e+01,3.9821e+01,3.7616e+01,3.5708e+01,3.3266e+01,3.4679e+01,3.3615e+01,3.0726e+01,2.9823e+01,3.1107e+01,3.0314e+01,3.2552e+01,3.0859e+01,3.1278e+01,3.1398e+01,3.2777e+01,3.5770e+01,3.6873e+01,3.8493e+01,3.9249e+01,4.2330e+01,4.5053e+01,4.8382e+01,5.0927e+01,5.2781e+01,5.5199e+01,5.5641e+01,5.6345e+01,5.8940e+01,5.9218e+01,6.1147e+01,6.2686e+01,6.4512e+01,6.5285e+01,6.6505e+01,6.7921e+01,6.8635e+01,6.9845e+01,7.1215e+01,7.2395e+01,7.3467e+01,7.4508e+01,7.5101e+01,7.6333e+01,7.7219e+01,7.8108e+01,7.9057e+01,8.0211e+01,8.1458e+01,8.2808e+01,8.4039e+01,8.5570e+01,8.6452e+01,8.7336e+01,8.8520e+01,8.9005e+01,8.9740e+01,8.9575e+01,8.9168e+01
3.8387e+01,3.8340e+01,3.8494e+01,3.8452e+01,3.9381e+01,4.0216e+01,4.0983e+01,4.2096e+01,4.1276e+01,3.9681e+01,3.8700e+01,3.7332e+01,3.6700e+01,3.5943e+01,3.4206e+01,3.2944e+01,3.1966e+01,3.0879e+01,3.0056e+01,2.8872e+01,2.8388e+01,2.8031e+01,2.8306e+01,2.8958e+01,2.9459e+01,2.8770e+01,2.8543e+01,2.7586e+01,2.6642e+01,2.6870e+01,2.6668e+01,2.7062e+01,2.7955e+01,2.8872e+01,3.0241e+01,3.1727e+01,3.2926e+01,3.4409e+01,3.5991e+01,3.7070e+01,3.7828e+01,3.7257e+01,3.7909e+01,3.6585e+01,3.6762e+01,3.6328e+01,3.5290e+01,3.5665e+01,3.4649e+01,3.4839e+01,3.3558e+01,3.4860e+01,3.4596e+01,3.5471e+01,3.6349e+01,3.6448e+01,3.5757e+01,3.7499e+01,3.6722e+01,3.6139e+01,3.7499e+01,3.5853e+01,3.6485e+01,3.6935e+01,3.8832e+01,3.7993e+01,4.0220e+01,4.0973e+01,4.0991e+01,4.1520e+01,4.3922e+01,4.2644e+01,3.9947e+01,4.0268e+01,3.7994e+01,3.6131e+01,3.3634e+01,3.4896e+01,3.3664e+01,3.0805e+01,2.9788e+01,3.0824e+01,2.9982e+01,3.2000e+01,3.0258e+01,3.0488e+01,3.0453e+01,3.1902e+01,3.4906e+01,3.6090e+01,3.7610e+01,3.8412e+01,4.1445e+01,4.4208e+01,4.7507e+01,5.0110e+01,5.1957e+01,5.4284e+01,5.4675e+01,5.5292e+01,5.7858e+01,5.8074e+01,5.9994e+01,6.1497e+01,6.3349e+01,6.4117e+01,6.5355e+01,6.6796e+01,6.7533e+01,6.8755e+01,7.0150e+01,7.1340e+01,7.2427e+01,7.3474e+01,7.4053e+01,7.5283e+01,7.6175e+01,7.7067e+01,7.8015e+01,7.9176e+01,8.0428e+01,8.1784e+01,8.3021e+01,8.4559e+01,8.5445e+01,8.6332e+01,8.7522e+01,8.8009e+01,8.8750e+01,8.8588e+01,8.8182e+01
3.8661e+01,3.8621e+01,3.8810e+01,3.8804e+01,3.9719e+01,4.0526e+01,4.1318e+01,4.2416e+01,4.1614e+01,4.0059e+01,3.9080e+01,3.7736e+01,3.7130e+01,3.6420e+01,3.4695e+01,3.3473e+01,3.2466e+01,3.1441e+01,3.0604e+01,2.9495e+01,2.8990e+01,2.8698e+01,2.9061e+01,2.9763e+01,3.0273e+01,2.9599e+01,2.9306e+01,2.8307e+01,2.7414e+01,2.7759e+01,2.7642e+01,2.8020e+01,2.8909e+01,2.9751e+01,3.1222e+01,3.2806e+01,3.4109e+01,3.5599e+01,3.7174e+01,3.8239e+01,3.8996e+01,3.8400e+01,3.9035e+01,3.7781e+01,3.7961e+01,3.7566e+01,3.6579e+01,3.6967e+01,3.5952e+01,3.6164e+01,3.4885e+01,3.6144e+01,3.5818e+01,3.6648e+01,3.7433e+01,3.7461e+01,3.6670e+01,3.8326e+01,3.7443e+01,3.6784e+01,3.8017e+01,3.6270e+01,3.6740e+01,3.7061e+01,3.8831e+01,3.7844e+01,3.9953e+01,4.0594e+01,4.0495e+01,4.0903e+01,4.3248e+01,4.2008e+01,3.9257e+01,3.9461e+01,3.7123e+01,3.5348e+01,3.2861e+01,3.4147e+01,3.2841e+01,2.9966e+01,2.9023e+01,2.9921e+01,2.8919e+01,3.0796e+01,2.8968e+01,2.9197e+01,2.9063e+01,3.0442e+01,3.3470e+01,3.4608e+01,3.6085e+01,3.6867e+01,3.9901e+01,4.2661e+01,4.5964e+01,4.8584e+01,5.0417e+01,5.2746e+01,5.3116e+01,5.3742e+01,5.6292e+01,5.6505e+01,5.8411e+01,5.9947e+01,6.1793e+01,6.2550e+01,6.3785e+01,6.5242e+01,6.5987e+01,6.7237e+01,6.8661e+01,6.9868e+01,7.0971e+01,7.2019e+01,7.2584e+01,7.3821e+01,7.4731e+01,7.5628e+01,7.6578e+01,7.7750e+01,7.9015e+01,8.0382e+01,8.1628e+01,8.3177e+01,8.4069e+01,8.4964e+01,8.6164e+01,8.6657e+01,8.7406e+01,8.7246e+01,8.6839e+01
3.7957e+01,3.7927e+01,3.8109e+01,3.8085e+01,3.8972e+01,3.9744e+01,4.0516e+01,4.1595e+01,4.0756e+01,3.9204e+01,3.8199e+01,3.6887e+01,3.6269e+01,3.5555e+01,3.3864e+01,3.2697e+01,3.1728e+01,3.0798e+01,2.9990e+01,2.8944e+01,2.8443e+01,2.8241e+01,2.8673e+01,2.9318e+01,2.9904e+01,2.9385e+01,2.9188e+01,2.8248e+01,2.7290e+01,2.7545e+01,2.7421e+01,2.7673e+01,2.8464e+01,2.9275e+01,3.0780e+01,3.2339e+01,3.3656e+01,3.5111e+01,3.6685e+01,3.7718e+01,3.8546e+01,3.7939e+01,3.8653e+01,3.7529e+01,3.7824e+01,3.7504e+01,3.6653e+01,3.7143e+01,3.6235e+01,3.6568e+01,3.5328e+01,3.6611e+01,3.6288e+01,3.7119e+01,3.7805e+01,3.7895e+01,3.7038e+01,3.8575e+01,3.7688e+01,3.6903e+01,3.8084e+01,3.6344e+01,3.6677e+01,3.7005e+01,3.8638e+01,3.7590e+01,3.9613e+01,4.0097e+01,3.9993e+01,4.0306e+01,4.2655e+01,4.1515e+01,3.8746e+01,3.8855e+01,3.6496e+01,3.4737e+01,3.2220e+01,3.3424e+01,3.2050e+01,2.9195e+01,2.8220e+01,2.9003e+01,2.8028e+01,2.9810e+01,2.8052e+01,2.8249e+01,2.8172e+01,2.9592e+01,3.2600e+01,3.3787e+01,3.5316e+01,3.6177e+01,3.9216e+01,4.1952e+01,4.5260e+01,4.7862e+01,4.9740e+01,5.2041e+01,5.2456e+01,5.3068e+01,5.5631e+01,5.5841e+01,5.7760e+01,5.9292e+01,6.1183e+01,6.1962e+01,6.3231e+01,6.4735e+01,6.5519e+01,6.6789e+01,6.8232e+01,6.9454e+01,7.0571e+01,7.1629e+01,7.2197e+01,7.3446e+01,7.4369e+01,7.5277e+01,7.6233e+01,7.7417e+01,7.8694e+01,8.0076e+01,8.1335e+01,8.2894e+01,8.3790e+01,8.4687e+01,8.5891e+01,8.6387e+01,8.7141e+01,8.6982e+01,8.6574e+01
3.7237e+01,3.7255e+01,3.7456e+01,3.7455e+01,3.8436e+01,3.9269e+01,4.0048e+01,4.1145e+01,4.0232e+01,3.8619e+01,3.7553e+01,3.6182e+01,3.5458e+01,3.4651e+01,3.2875e+01,3.1622e+01,3.0579e+01,2.9562e+01,2.8660e+01,2.7542e+01,2.6939e+01,2.6736e+01,2.7291e+01,2.8074e+01,2.8723e+01,2.8103e+01,2.7773e+01,2.6666e+01,2.5655e+01,2.6099e+01,2.6068e+01,2.6399e+01,2.7379e+01,2.8296e+01,2.9814e+01,3.1352e+01,3.2693e+01,3.4323e+01,3.5930e+01,3.7148e+01,3.8126e+01,3.7703e+01,3.8557e+01,3.7447e+01,3.7801e+01,3.7401e+01,3.6533e+01,3.6967e+01,3.5984e+01,3.6335e+01,3.4961e+01,3.6107e+01,3.5621e+01,3.6367e+01,3.6977e+01,3.6946e+01,3.5943e+01,3.7458e+01,3.6412e+01,3.5555e+01,3.6652e+01,3.4774e+01,3.5076e+01,3.5351e+01,3.7017e+01,3.5901e+01,3.7941e+01,3.8447e+01,3.8299e+01,3.8601e+01,4.0989e+01,3.9832e+01,3.6983e+01,3.7061e+01,3.4640e+01,3.2880e+01,3.0359e+01,3.1608e+01,3.0221e+01,2.7320e+01,2.6422e+01,2.7249e+01,2.6163e+01,2.8041e+01,2.6215e+01,2.6608e+01,2.6661e+01,2.7983e+01,3.1025e+01,3.2130e+01,3.3781e+01,3.4625e+01,3.7738e+01,4.0434e+01,4.3797e+01,4.6359e+01,4.8278e+01,5.0680e+01,5.1178e+01,5.1902e+01,5.4550e+01,5.4866e+01,5.6854e+01,5.8490e+01,6.0395e+01,6.1239e+01,6.2548e+01,6.4077e+01,6.4898e+01,6.6192e+01,6.7652e+01,6.8884e+01,7.0013e+01,7.1082e+01,7.1671e+01,7.2944e+01,7.3884e+01,7.4807e+01,7.5779e+01,7.6979e+01,7.8272e+01,7.9673e+01,8.0950e+01,8.2529e+01,8.3436e+01,8.4341e+01,8.5557e+01,8.6056e+01,8.6816e+01,8.6651e+01,8.6237e+01
3.7455e+01,3.7463e+01,3.7683e+01,3.7713e+01,3.8693e+01,3.9523e+01,4.0333e+01,4.1417e+01,4.0519e+01,3.8927e+01,3.7833e+01,3.6472e+01,3.5723e+01,3.4931e+01,3.3131e+01,3.1890e+01,3.0774e+01,2.9792e+01,2.8852e+01,2.7834e+01,2.7164e+01,2.7086e+01,2.7802e+01,2.8748e+01,2.9511e+01,2.8850e+01,2.8344e+01,2.7080e+01,2.6075e+01,2.6724e+01,2.6824e+01,2.7124e+01,2.8227e+01,2.9115e+01,3.0709e+01,3.2276e+01,3.3735e+01,3.5465e+01,3.7081e+01,3.8407e+01,3.9508e+01,3.9192e+01,4.0133e+01,3.9096e+01,3.9486e+01,3.9051e+01,3.8223e+01,3.8614e+01,3.7604e+01,3.7977e+01,3.6536e+01,3.7536e+01,3.6891e+01,3.7545e+01,3.8011e+01,3.7840e+01,3.6650e+01,3.8049e+01,3.6790e+01,3.5823e+01,3.6713e+01,3.4656e+01,3.4772e+01,3.4873e+01,3.6437e+01,3.5106e+01,3.7022e+01,3.7431e+01,3.7104e+01,3.7246e+01,3.9577e+01,3.8453e+01,3.5501e+01,3.5403e+01,3.2873e+01,3.1236e+01,2.8745e+01,3.0007e+01,2.8511e+01,2.5599e+01,2.4847e+01,2.5489e+01,2.4125e+01,2.5853e+01,2.3897e+01,2.4395e+01,2.4433e+01,2.5589e+01,2.8607e+01,2.9607e+01,3.1298e+01,3.2127e+01,3.5257e+01,3.7896e+01,4.1274e+01,4.3808e+01,4.5755e+01,4.8228e+01,4.8783e+01,4.9588e+01,5.2266e+01,5.2672e+01,5.4698e+01,5.6416e+01,5.8340e+01,5.9229e+01,6.0565e+01,6.2122e+01,6.2967e+01,6.4290e+01,6.5786e+01,6.7035e+01,6.8181e+01,6.9260e+01,6.9857e+01,7.1159e+01,7.2119e+01,7.3058e+01,7.4043e+01,7.5263e+01,7.6576e+01,7.7999e+01,7.9296e+01,8.0898e+01,8.1817e+01,8.2735e+01,8.3967e+01,8.4473e+01,8.5245e+01,8.5077e+01,8.4658e+01
3.7836e+01,3.7885e+01,3.8144e+01,3.8209e+01,3.9236e+01,4.0080e+01,4.0924e+01,4.2002e+01,4.1070e+01,3.9458e+01,3.8296e+01,3.6918e+01,3.6086e+01,3.5257e+01,3.3410e+01,3.2118e+01,3.0928e+01,2.9919e+01,2.8889e+01,2.7894e+01,2.7182e+01,2.7175e+01,2.7979e+01,2.9049e+01,2.9844e+01,2.9091e+01,2.8394e+01,2.7002e+01,2.6086e+01,2.6989e+01,2.7273e+01,2.7681e+01,2.8964e+01,2.9940e+01,3.1528e+01,3.3082e+01,3.4593e+01,3.6445e+01,3.8040e+01,3.9518e+01,4.0709e+01,4.0535e+01,4.1561e+01,4.0517e+01,4.0921e+01,4.0433e+01,3.9577e+01,3.9901e+01,3.8793e+01,3.9142e+01,3.7569e+01,3.8413e+01,3.7593e+01,3.8107e+01,3.8449e+01,3.8106e+01,3.6754e+01,3.8057e+01,3.6609e+01,3.5588e+01,3.6304e+01,3.4096e+01,3.4084e+01,3.4037e+01,3.5513e+01,3.4073e+01,3.5886e+01,3.6264e+01,3.5800e+01,3.5864e+01,3.8125e+01,3.6988e+01,3.3981e+01,3.3790e+01,3.1222e+01,2.9738e+01,2.7359e+01,2.8737e+01,2.7251e+01,2.4336e+01,2.3877e+01,2.4482e+01,2.2805e+01,2.4444e+01,2.2286e+01,2.3131e+01,2.3167e+01,2.3913e+01,2.6924e+01,2.7638e+01,2.9361e+01,3.0024e+01,3.3234e+01,3.5833e+01,3.9268e+01,4.1740e+01,4.3655e+01,4.6233e+01,4.6821e+01,4.7770e+01,5.0482e+01,5.0963e+01,5.3004e+01,5.4809e+01,5.6713e+01,5.7638e+01,5.8991e+01,6.0557e+01,6.1425e+01,6.2778e+01,6.4294e+01,6.5563e+01,6.6723e+01,6.7813e+01,6.8423e+01,6.9747e+01,7.0728e+01,7.1686e+01,7.2687e+01,7.3924e+01,7.5258e+01,7.6701e+01,7.8020e+01,7.9646e+01,8.0576e+01,8.1505e+01,8.2753e+01,8.3263e+01,8.4046e+01,8.3873e+01,8.3452e+01
3.7742e+01,3.7781e+01,3.8080e+01,3.8168e+01,3.9145e+01,3.9973e+01,4.0831e+01,4.1885e+01,4.0970e+01,3.9388e+01,3.8171e+01,3.6811e+01,3.5951e+01,3.5131e+01,3.3295e+01,3.2056e+01,3.0832e+01,2.9897e+01,2.8857e+01,2.7998e+01,2.7295e+01,2.7430e+01,2.8299e+01,2.9468e+01,3.0353e+01,2.9584e+01,2.8712e+01,2.7241e+01,2.6396e+01,2.7472e+01,2.7946e+01,2.8339e+01,2.9791e+01,3.0835e+01,3.2356e+01,3.3838e+01,3.5430e+01,3.7370e+01,3.8926e+01,4.0535e+01,4.1845e+01,4.1804e+01,4.2952e+01,4.1967e+01,4.2416e+01,4.1900e+01,4.1099e+01,4.1395e+01,4.0282e+01,4.0683e+01,3.9049e+01,3.9740e+01,3.8782e+01,3.9184e+01,3.9302e+01,3.8850e+01,3.7298e+01,3.8398e+01,3.6770e+01,3.5605e+01,3.6096e+01,3.3772e+01,3.3525e+01,3.3320e+01,3.4607e+01,3.2992e+01,3.4651e+01,3.4877e+01,3.4287e+01,3.4200e+01,3.6394e+01,3.5343e+01,3.2297e+01,3.1946e+01,2.9334e+01,2.7973e+01,2.5678e+01,2.7028e+01,2.5499e+01,2.2660e+01,2.2403e+01,2.2873e+01,2.0994e+01,2.2509e+01,2.0360e+01,2.1484e+01,2.1711e+01,2.2199e+01,2.5089e+01,2.5652e+01,2.7517e+01,2.8193e+01,3.1443e+01,3.3927e+01,3.7386e+01,3.9772e+01,4.1750e+01,4.4405e+01,4.5113e+01,4.6171e+01,4.8917e+01,4.9501e+01,5.1578e+01,5.3457e+01,5.5400e+01,5.6388e+01,5.7774e+01,5.9389e+01,6.0299e+01,6.1671e+01,6.3216e+01,6.4493e+01,6.5668e+01,6.6767e+01,6.7392e+01,6.8745e+01,6.9746e+01,7.0718e+01,7.1728e+01,7.2983e+01,7.4335e+01,7.5799e+01,7.7138e+01,7.8783e+01,7.9723e+01,8.0660e+01,8.1919e+01,8.2432e+01,8.3223e+01,8.3047e+01,8.2620e+01
3.9413e+01,3.9477e+01,3.9783e+01,3.9869e+01,4.0835e+01,4.1675e+01,4.2549e+01,4.3597e+01,4.2716e+01,4.1156e+01,3.9936e+01,3.8589e+01,3.7682e+01,3.6865e+01,3.5034e+01,3.3777e+01,3.2524e+01,3.1573e+01,3.0480e+01,2.9640e+01,2.8900e+01,2.9049e+01,2.9976e+01,3.1217e+01,3.2123e+01,3.1279e+01,3.0257e+01,2.8682e+01,2.7915e+01,2.9143e+01,2.9669e+01,3.0092e+01,3.1612e+01,3.2696e+01,3.4214e+01,3.5702e+01,3.7336e+01,3.9300e+01,4.0810e+01,4.2473e+01,4.3823e+01,4.3839e+01,4.4999e+01,4.4020e+01,4.4484e+01,4.3956e+01,4.3135e+01,4.3406e+01,4.2222e+01,4.2575e+01,4.0875e+01,4.1478e+01,4.0415e+01,4.0727e+01,4.0817e+01,4.0218e+01,3.8596e+01,3.9669e+01,3.7903e+01,3.6772e+01,3.7136e+01,3.4703e+01,3.4408e+01,3.4063e+01,3.5310e+01,3.3605e+01,3.5152e+01,3.5386e+01,3.4624e+01,3.4453e+01,3.6505e+01,3.5404e+01,3.2345e+01,3.1898e+01,2.9297e+01,2.8191e+01,2.6087e+01,2.7531e+01,2.6011e+01,2.3251e+01,2.3277e+01,2.3598e+01,2.1395e+01,2.2601e+01,2.0161e+01,2.1446e+01,2.1362e+01,2.1310e+01,2.4105e+01,2.4286e+01,2.5950e+01,2.6321e+01,2.9558e+01,3.2033e+01,3.5482e+01,3.7823e+01,3.9671e+01,4.2378e+01,4.3021e+01,4.4175e+01,4.6910e+01,4.7512e+01,4.9574e+01,5.1498e+01,5.3382e+01,5.4361e+01,5.5720e+01,5.7305e+01,5.8204e+01,5.9591e+01,6.1140e+01,6.2426e+01,6.3605e+01,6.4712e+01,6.5345e+01,6.6707e+01,6.7720e+01,6.8711e+01,6.9731e+01,7.0996e+01,7.2361e+01,7.3838e+01,7.5191e+01,7.6853e+01,7.7802e+01,7.8748e+01,8.0023e+01,8.0541e+01,8.1342e+01,8.1164e+01,8.0736e+01
4.0589e+01,4.0655e+01,4.0937e+01,4.1001e+01,4.1928e+01,4.2757e+01,4.3639e+01,4.4673e+01,4.3843e+01,4.2325e+01,4.1106e+01,3.9764e+01,3.8833e+01,3.8021e+01,3.6203e+01,3.4984e+01,3.3743e+01,3.2827e+01,3.1748e+01,3.0962e+01,3.0169e+01,3.0294e+01,3.1268e+01,3.2481e+01,3.3402e+01,3.2582e+01,3.1555e+01,2.9941e+01,2.9164e+01,3.0391e+01,3.0867e+01,3.1229e+01,3.2716e+01,3.3738e+01,3.5256e+01,3.6820e+01,3.8527e+01,4.0457e+01,4.1934e+01,4.3579e+01,4.4943e+01,4.4956e+01,4.6100e+01,4.5168e+01,4.5662e+01,4.5170e+01,4.4388e+01,4.4664e+01,4.3472e+01,4.3834e+01,4.2135e+01,4.2691e+01,4.1573e+01,4.1852e+01,4.1906e+01,4.1244e+01,3.9576e+01,4.0638e+01,3.8794e+01,3.7661e+01,3.7961e+01,3.5473e+01,3.5188e+01,3.4785e+01,3.6028e+01,3.4241e+01,3.5731e+01,3.5939e+01,3.5085e+01,3.4821e+01,3.6811e+01,3.5724e+01,3.2631e+01,3.2069e+01,2.9464e+01,2.8517e+01,2.6545e+01,2.7957e+01,2.6414e+01,2.3789e+01,2.3947e+01,2.4084e+01,2.1757e+01,2.2639e+01,2.0081e+01,2.1317e+01,2.0957e+01,2.0592e+01,2.3288e+01,2.3253e+01,2.4734e+01,2.4931e+01,2.8099e+01,3.0533e+01,3.3940e+01,3.6259e+01,3.8034e+01,4.0770e+01,4.1371e+01,4.2571e+01,4.5296e+01,4.5905e+01,4.7954e+01,4.9919e+01,5.1758e+01,5.2708e+01,5.4062e+01,5.5623e+01,5.6516e+01,5.7906e+01,5.9460e+01,6.0757e+01,6.1945e+01,6.3060e+01,6.3695e+01,6.5066e+01,6.6090e+01,6.7094e+01,6.8128e+01,6.9399e+01,7.0774e+01,7.2263e+01,7.3627e+01,7.5304e+01,7.6260e+01,7.7216e+01,7.8504e+01,7.9028e+01,7.9838e+01,7.9659e+01,7.9230e+01
4.2879e+01,4.2966e+01,4.3245e+01,4.3301e+01,4.4209e+01,4.5032e+01,4.5903e+01,4.6914e+01,4.6127e+01,4.4655e+01,4.3467e+01,4.2163e+01,4.1220e+01,4.0434e+01,3.8613e+01,3.7386e+01,3.6138e+01,3.5217e+01,3.4141e+01,3.3363e+01,3.2559e+01,3.2658e+01,3.3626e+01,3.4846e+01,3.5733e+01,3.4858e+01,3.3766e+01,3.2120e+01,3.1400e+01,3.2678e+01,3.3135e+01,3.3506e+01,3.4976e+01,3.5997e+01,3.7483e+01,3.9062e+01,4.0797e+01,4.2709e+01,4.4155e+01,4.5793e+01,4.7162e+01,4.7153e+01,4.8262e+01,4.7320e+01,4.7801e+01,4.7330e+01,4.6519e+01,4.6801e+01,4.5566e+01,4.5868e+01,4.4142e+01,4.4681e+01,4.3537e+01,4.3758e+01,4.3822e+01,4.3063e+01,4.1404e+01,4.2471e+01,4.0556e+01,3.9516e+01,3.9762e+01,3.7234e+01,3.6967e+01,3.6448e+01,3.7662e+01,3.5838e+01,3.7217e+01,3.7447e+01,3.6450e+01,3.6135e+01,3.7958e+01,3.6812e+01,3.3758e+01,3.3144e+01,3.0614e+01,2.9911e+01,2.8144e+01,2.9633e+01,2.8140e+01,2.5625e+01,2.5981e+01,2.6033e+01,2.3586e+01,2.4218e+01,2.1575e+01,2.2811e+01,2.2146e+01,2.1328e+01,2.3772e+01,2.3341e+01,2.4461e+01,2.4264e+01,2.7296e+01,2.9678e+01,3.2997e+01,3.5237e+01,3.6819e+01,3.9555e+01,4.0043e+01,4.1307e+01,4.3974e+01,4.4554e+01,4.6541e+01,4.8517e+01,5.0262e+01,5.1155e+01,5.2456e+01,5.3968e+01,5.4835e+01,5.6211e+01,5.7746e+01,5.9040e+01,6.0224e+01,6.1344e+01,6.1984e+01,6.3355e+01,6.4386e+01,6.5404e+01,6.6445e+01,6.7716e+01,6.9095e+01,7.0587e+01,7.1955e+01,7.3642e+01,7.4601e+01,7.5560e+01,7.6857e+01,7.7384e+01,7.8200e+01,7.8020e+01,7.7592e+01
4.4919e+01,4.5012e+01,4.5286e+01,4.5335e+01,4.6199e+01,4.7010e+01,4.7878e+01,4.8866e+01,4.8117e+01,4.6710e+01,4.5538e+01,4.4270e+01,4.3331e+01,4.2558e+01,4.0766e+01,3.9589e+01,3.8342e+01,3.7462e+01,3.6373e+01,3.5643e+01,3.4806e+01,3.4909e+01,3.5939e+01,3.7160e+01,3.8053e+01,3.7191e+01,3.6074e+01,3.4418e+01,3.3731e+01,3.5048e+01,3.5514e+01,3.5879e+01,3.7345e+01,3.8328e+01,3.9822e+01,4.1437e+01,4.3215e+01,4.5120e+01,4.6549e+01,4.8180e+01,4.9559e+01,4.9541e+01,5.0648e+01,4.9724e+01,5.0214e+01,4.9743e+01,4.8943e+01,4.9218e+01,4.7959e+01,4.8225e+01,4.6486e+01,4.6965e+01,4.5781e+01,4.5917e+01,4.5929e+01,4.5068e+01,4.3381e+01,4.4367e+01,4.2354e+01,4.1349e+01,4.1477e+01,3.8907e+01,3.8567e+01,3.7896e+01,3.8996e+01,3.7098e+01,3.8316e+01,3.8512e+01,3.7362e+01,3.6960e+01,3.8603e+01,3.7435e+01,3.4433e+01,3.3734e+01,3.1316e+01,3.0883e+01,2.9350e+01,3.0869e+01,2.9451e+01,2.7107e+01,2.7658e+01,2.7620e+01,2.5095e+01,2.5481e+01,2.2839e+01,2.4092e+01,2.3219e+01,2.2012e+01,2.4208e+01,2.3450e+01,2.4228e+01,2.3682e+01,2.6541e+01,2.8838e+01,3.2034e+01,3.4168e+01,3.5549e+01,3.8265e+01,3.8631e+01,3.9958e+01,4.2545e+01,4.3069e+01,4.4980e+01,4.6957e+01,4.8608e+01,4.9423e+01,5.0656e+01,5.2107e+01,5.2927e+01,5.4297e+01,5.5816e+01,5.7106e+01,5.8285e+01,5.9409e+01,6.0054e+01,6.1438e+01,6.2484e+01,6.3513e+01,6.4562e+01,6.5837e+01,6.7220e+01,6.8719e+01,7.0096e+01,7.1794e+01,7.2756e+01,7.3720e+01,7.5027e+01,7.5558e+01,7.6382e+01,7.6202e+01,7.5774e+01
4.7170e+01,4.7261e+01,4.7506e+01,4.7529e+01,4.8358e+01,4.9165e+01,5.0015e+01,5.0984e+01,5.0287e+01,4.8931e+01,4.7783e+01,4.6550e+01,4.5619e+01,4.4866e+01,4.3093e+01,4.1940e+01,4.0700e+01,3.9834e+01,3.8750e+01,3.8032e+01,3.7181e+01,3.7248e+01,3.8275e+01,3.9474e+01,4.0344e+01,3.9472e+01,3.8355e+01,3.6697e+01,3.6024e+01,3.7327e+01,3.7740e+01,3.8080e+01,3.9503e+01,4.0486e+01,4.1954e+01,4.3560e+01,4.5345e+01,4.7194e+01,4.8571e+01,5.0159e+01,5.1519e+01,5.1464e+01,5.2529e+01,5.1603e+01,5.2092e+01,5.1663e+01,5.0866e+01,5.1162e+01,4.9897e+01,5.0146e+01,4.8413e+01,4.8906e+01,4.7722e+01,4.7838e+01,4.7884e+01,4.6979e+01,4.5326e+01,4.6334e+01,4.4314e+01,4.3385e+01,4.3505e+01,4.0937e+01,4.0633e+01,3.9905e+01,4.0982e+01,3.9075e+01,4.0212e+01,4.0418e+01,3.9179e+01,3.8734e+01,4.0239e+01,3.9038e+01,3.6088e+01,3.5344e+01,3.3007e+01,3.2745e+01,3.1357e+01,3.2894e+01,3.1512e+01,2.9271e+01,2.9894e+01,2.9783e+01,2.7236e+01,2.7452e+01,2.4802e+01,2.5937e+01,2.4838e+01,2.3426e+01,2.5368e+01,2.4382e+01,2.4776e+01,2.3909e+01,2.6506e+01,2.8710e+01,3.1729e+01,3.3771e+01,3.4928e+01,3.7575e+01,3.7788e+01,3.9118e+01,4.1606e+01,4.2061e+01,4.3886e+01,4.5834e+01,4.7379e+01,4.8110e+01,4.9276e+01,5.0656e+01,5.1425e+01,5.2778e+01,5.4273e+01,5.5562e+01,5.6740e+01,5.7866e+01,5.8507e+01,5.9884e+01,6.0934e+01,6.1971e+01,6.3026e+01,6.4300e+01,6.5682e+01,6.7178e+01,6.8556e+01,7.0260e+01,7.1223e+01,7.2190e+01,7.3504e+01,7.4038e+01,7.4868e+01,7.4689e+01,7.4263e+01
4.9686e+01,4.9798e+01,5.0062e+01,5.0101e+01,5.0939e+01,5.1742e+01,5.2585e+01,5.3545e+01,5.2858e+01,5.1533e+01,5.0419e+01,4.9212e+01,4.8282e+01,4.7533e+01,4.5747e+01,4.4580e+01,4.3335e+01,4.2447e+01,4.1339e+01,4.0611e+01,3.9732e+01,3.9786e+01,4.0840e+01,4.2057e+01,4.2879e+01,4.1967e+01,4.0837e+01,3.9193e+01,3.8580e+01,3.9936e+01,4.0355e+01,4.0769e+01,4.2173e+01,4.3137e+01,4.4624e+01,4.6264e+01,4.8047e+01,4.9905e+01,5.1314e+01,5.2900e+01,5.4258e+01,5.4175e+01,5.5220e+01,5.4255e+01,5.4702e+01,5.4250e+01,5.3392e+01,5.3664e+01,5.2351e+01,5.2507e+01,5.0742e+01,5.1213e+01,5.0019e+01,5.0056e+01,5.0117e+01,4.9115e+01,4.7498e+01,4.8464e+01,4.6385e+01,4.5559e+01,4.5593e+01,4.3005e+01,4.2643e+01,4.1762e+01,4.2733e+01,4.0817e+01,4.1781e+01,4.2008e+01,4.0617e+01,4.0153e+01,4.1426e+01,4.0145e+01,3.7317e+01,3.6572e+01,3.4398e+01,3.4387e+01,3.3206e+01,3.4858e+01,3.3594e+01,3.1429e+01,3.2222e+01,3.2162e+01,2.9556e+01,2.9749e+01,2.7111e+01,2.8350e+01,2.7208e+01,2.5599e+01,2.7336e+01,2.6077e+01,2.6189e+01,2.4950e+01,2.7308e+01,2.9373e+01,3.2212e+01,3.4075e+01,3.4941e+01,3.7527e+01,3.7563e+01,3.8956e+01,4.1309e+01,4.1663e+01,4.3348e+01,4.5254e+01,4.6644e+01,4.7256e+01,4.8300e+01,4.9567e+01,5.0251e+01,5.1569e+01,5.3011e+01,5.4288e+01,5.5452e+01,5.6582e+01,5.7222e+01,5.8594e+01,5.9654e+01,6.0697e+01,6.1751e+01,6.3021e+01,6.4400e+01,6.5890e+01,6.7267e+01,6.8972e+01,6.9934e+01,7.0902e+01,7.2219e+01,7.2756e+01,7.3588e+01,7.3410e+01,7.2988e+01
5.2431e+01,5.2537e+01,5.2793e+01,5.2814e+01,5.3630e+01,5.4430e+01,5.5268e+01,5.6213e+01,5.5556e+01,5.4261e+01,5.3151e+01,5.1968e+01,5.1040e+01,5.0293e+01,4.8550e+01,4.7412e+01,4.6170e+01,4.5291e+01,4.4199e+01,4.3459e+01,4.2541e+01,4.2573e+01,4.3641e+01,4.4857e+01,4.5664e+01,4.4740e+01,4.3611e+01,4.1958e+01,4.1346e+01,4.2704e+01,4.3085e+01,4.3481e+01,4.4867e+01,4.5835e+01,4.7321e+01,4.8966e+01,5.0726e+01,5.2550e+01,5.3934e+01,5.5492e+01,5.6849e+01,5.6746e+01,5.7757e+01,5.6808e+01,5.7246e+01,5.6815e+01,5.5953e+01,5.6237e+01,5.4928e+01,5.5050e+01,5.3325e+01,5.3819e+01,5.2661e+01,5.2706e+01,5.2811e+01,5.1795e+01,5.0214e+01,5.1184e+01,4.9099e+01,4.8296e+01,4.8299e+01,4.5703e+01,4.5313e+01,4.4368e+01,4.5289e+01,4.3332e+01,4.4189e+01,4.4381e+01,4.2902e+01,4.2361e+01,4.3481e+01,4.2220e+01,3.9473e+01,3.8658e+01,3.6570e+01,3.6709e+01,3.5632e+01,3.7248e+01,3.5990e+01,3.3918e+01,3.4737e+01,3.4584e+01,3.1956e+01,3.1991e+01,2.9358e+01,3.0485e+01,2.9178e+01,2.7445e+01,2.8964e+01,2.7560e+01,2.7337e+01,2.5853e+01,2.7883e+01,2.9815e+01,3.2402e+01,3.4137e+01,3.4738e+01,3.7185e+01,3.7026e+01,3.8384e+01,4.0573e+01,4.0814e+01,4.2364e+01,4.4206e+01,4.5462e+01,4.5964e+01,4.6903e+01,4.8070e+01,4.8683e+01,4.9984e+01,5.1392e+01,5.2677e+01,5.3833e+01,5.4971e+01,5.5602e+01,5.6962e+01,5.8029e+01,5.9074e+01,6.0132e+01,6.1404e+01,6.2781e+01,6.4272e+01,6.5650e+01,6.7361e+01,6.8323e+01,6.9292e+01,7.0615e+01,7.1155e+01,7.1993e+01,7.1818e+01,7.1397e+01
5.4894e+01,5.5001e+01,5.5267e+01,5.5301e+01,5.6123e+01,5.6923e+01,5.7747e+01,5.8682e+01,5.8029e+01,5.6755e+01,5.5682e+01,5.4513e+01,5.3594e+01,5.2855e+01,5.1095e+01,4.9947e+01,4.8687e+01,4.7788e+01,4.6659e+01,4.5897e+01,4.4955e+01,4.4984e+01,4.6075e+01,4.7313e+01,4.8102e+01,4.7149e+01,4.6013e+01,4.4372e+01,4.3790e+01,4.5174e+01,4.5542e+01,4.5978e+01,4.7338e+01,4.8298e+01,4.9789e+01,5.1438e+01,5.3166e+01,5.4988e+01,5.6391e+01,5.7937e+01,5.9273e+01,5.9140e+01,6.0129e+01,5.9131e+01,5.9534e+01,5.9086e+01,5.8167e+01,5.8424e+01,5.7066e+01,5.7106e+01,5.5348e+01,5.5831e+01,5.4674e+01,5.4656e+01,5.4808e+01,5.3716e+01,5.2197e+01,5.3165e+01,5.1067e+01,5.0380e+01,5.0349e+01,4.7750e+01,4.7352e+01,4.6315e+01,4.7187e+01,4.5272e+01,4.6028e+01,4.6279e+01,4.4706e+01,4.4203e+01,4.5151e+01,4.3785e+01,4.1146e+01,4.0388e+01,3.8434e+01,3.8731e+01,3.7793e+01,3.9518e+01,3.8354e+01,3.6307e+01,3.7223e+01,3.7133e+01,3.4468e+01,3.4533e+01,3.1886e+01,3.3064e+01,3.1725e+01,2.9940e+01,3.1362e+01,2.9833e+01,2.9446e+01,2.7757e+01,2.9562e+01,3.1349e+01,3.3735e+01,3.5300e+01,3.5630e+01,3.7991e+01,3.7656e+01,3.9043e+01,4.1084e+01,4.1221e+01,4.2623e+01,4.4379e+01,4.5464e+01,4.5840e+01,4.6638e+01,4.7654e+01,4.8148e+01,4.9388e+01,5.0706e+01,5.1972e+01,5.3094e+01,5.4234e+01,5.4863e+01,5.6201e+01,5.7262e+01,5.8306e+01,5.9362e+01,6.0621e+01,6.1985e+01,6.3460e+01,6.4826e+01,6.6527e+01,6.7480e+01,6.8444e+01,6.9764e+01,7.0301e+01,7.1137e+01,7.0963e+01,7.0548e+01
5.6835e+01,5.6973e+01,5.7259e+01,5.7296e+01,5.8108e+01,5.8904e+01,5.9735e+01,6.0664e+01,6.0018e+01,5.8765e+01,5.7692e+01,5.6539e+01,5.5597e+01,5.4852e+01,5.3109e+01,5.1973e+01,5.0717e+01,4.9833e+01,4.8697e+01,4.7952e+01,4.6971e+01,4.7025e+01,4.8161e+01,4.9397e+01,5.0204e+01,4.9279e+01,4.8148e+01,4.6504e+01,4.5929e+01,4.7326e+01,4.7696e+01,4.8126e+01,4.9476e+01,5.0410e+01,5.1912e+01,5.3589e+01,5.5321e+01,5.7119e+01,5.8501e+01,6.0033e+01,6.1382e+01,6.1254e+01,6.2241e+01,6.1282e+01,6.1699e+01,6.1270e+01,6.0382e+01,6.0654e+01,5.9300e+01,5.9326e+01,5.7558e+01,5.8017e+01,5.6834e+01,5.6759e+01,5.6866e+01,5.5728e+01,5.4203e+01,5.5080e+01,5.2946e+01,5.2278e+01,5.2165e+01,4.9571e+01,4.9108e+01,4.7989e+01,4.8757e+01,4.6815e+01,4.7429e+01,4.7633e+01,4.5979e+01,4.5425e+01,4.6223e+01,4.4871e+01,4.2331e+01,4.1527e+01,3.9690e+01,4.0145e+01,3.9346e+01,4.1058e+01,3.9934e+01,3.7998e+01,3.9000e+01,3.8851e+01,3.6159e+01,3.6099e+01,3.3500e+01,3.4684e+01,3.3303e+01,3.1381e+01,3.2600e+01,3.0933e+01,3.0364e+01,2.8524e+01,3.0057e+01,3.1652e+01,3.3816e+01,3.5213e+01,3.5339e+01,3.7600e+01,3.7156e+01,3.8559e+01,4.0482e+01,4.0547e+01,4.1836e+01,4.3557e+01,4.4511e+01,4.4797e+01,4.5511e+01,4.6442e+01,4.6891e+01,4.8120e+01,4.9423e+01,5.0699e+01,5.1821e+01,5.2964e+01,5.3578e+01,5.4908e+01,5.5979e+01,5.7029e+01,5.8088e+01,5.9347e+01,6.0711e+01,6.2188e+01,6.3561e+01,6.5273e+01,6.6226e+01,6.7194e+01,6.8520e+01,6.9059e+01,6.9901e+01,6.9727e+01,6.9316e+01
5.8420e+01,5.8545e+01,5.8806e+01,5.8812e+01,5.9585e+01,6.0370e+01,6.1194e+01,6.2106e+01,6.1503e+01,6.0283e+01,5.9227e+01,5.8106e+01,5.7173e+01,5.6453e+01,5.4758e+01,5.3674e+01,5.2433e+01,5.1604e+01,5.0495e+01,4.9799e+01,4.8828e+01,4.8912e+01,5.0067e+01,5.1307e+01,5.2162e+01,5.1257e+01,5.0108e+01,4.8447e+01,4.7857e+01,4.9251e+01,4.9615e+01,4.9997e+01,5.1341e+01,5.2272e+01,5.3763e+01,5.5400e+01,5.7143e+01,5.8906e+01,6.0242e+01,6.1745e+01,6.3130e+01,6.2993e+01,6.3992e+01,6.3089e+01,6.3556e+01,6.3161e+01,6.2327e+01,6.2640e+01,6.1328e+01,6.1388e+01,5.9650e+01,6.0123e+01,5.8950e+01,5.8896e+01,5.9007e+01,5.7882e+01,5.6362e+01,5.7215e+01,5.5070e+01,5.4387e+01,5.4251e+01,5.1637e+01,5.1136e+01,4.9961e+01,5.0679e+01,4.8683e+01,4.9218e+01,4.9375e+01,4.7631e+01,4.6994e+01,4.7706e+01,4.6376e+01,4.3833e+01,4.2927e+01,4.1084e+01,4.1632e+01,4.0852e+01,4.2513e+01,4.1309e+01,3.9404e+01,4.0391e+01,4.0094e+01,3.7324e+01,3.7083e+01,3.4446e+01,3.5538e+01,3.4012e+01,3.1950e+01,3.2977e+01,3.1199e+01,3.0356e+01,2.8365e+01,2.9617e+01,3.1122e+01,3.3075e+01,3.4380e+01,3.4286e+01,3.6380e+01,3.5776e+01,3.7128e+01,3.8932e+01,3.8908e+01,4.0121e+01,4.1768e+01,4.2666e+01,4.2878e+01,4.3542e+01,4.4423e+01,4.4847e+01,4.6067e+01,4.7353e+01,4.8633e+01,4.9765e+01,5.0923e+01,5.1539e+01,5.2876e+01,5.3960e+01,5.5035e+01,5.6107e+01,5.7381e+01,5.8753e+01,6.0247e+01,6.1636e+01,6.3367e+01,6.4325e+01,6.5303e+01,6.6644e+01,6.7190e+01,6.8046e+01,6.7871e+01,6.7458e+01
6.0319e+01,6.0460e+01,6.0716e+01,6.0702e+01,6.1449e+01,6.2225e+01,6.3062e+01,6.3970e+01,6.3392e+01,6.2186e+01,6.1136e+01,6.0025e+01,5.9072e+01,5.8360e+01,5.6690e+01,5.5618e+01,5.4386e+01,5.3575e+01,5.2467e+01,5.1792e+01,5.0796e+01,5.0886e+01,5.2067e+01,5.3319e+01,5.4191e+01,5.3290e+01,5.2122e+01,5.0443e+01,4.9857e+01,5.1267e+01,5.1638e+01,5.2001e+01,5.3352e+01,5.4272e+01,5.5762e+01,5.7406e+01,5.9164e+01,6.0909e+01,6.2204e+01,6.3700e+01,6.5106e+01,6.4991e+01,6.5994e+01,6.5139e+01,6.5641e+01,6.5259e+01,6.4468e+01,6.4798e+01,6.3505e+01,6.3585e+01,6.1855e+01,6.2295e+01,6.1095e+01,6.1013e+01,6.1087e+01,5.9934e+01,5.8404e+01,5.9191e+01,5.7003e+01,5.6319e+01,5.6116e+01,5.3493e+01,5.2940e+01,5.1694e+01,5.2335e+01,5.0299e+01,5.0717e+01,5.0825e+01,4.9005e+01,4.8312e+01,4.8909e+01,4.7607e+01,4.5133e+01,4.4170e+01,4.2407e+01,4.3069e+01,4.2387e+01,4.4002e+01,4.2810e+01,4.1007e+01,4.2042e+01,4.1672e+01,3.8896e+01,3.8533e+01,3.5953e+01,3.7030e+01,3.5485e+01,3.3302e+01,3.4114e+01,3.2227e+01,3.1237e+01,2.9153e+01,3.0134e+01,3.1437e+01,3.3151e+01,3.4276e+01,3.4005e+01,3.5964e+01,3.5282e+01,3.6633e+01,3.8311e+01,3.8230e+01,3.9339e+01,4.0941e+01,4.1729e+01,4.1864e+01,4.2460e+01,4.3266e+01,4.3659e+01,4.4861e+01,4.6127e+01,4.7404e+01,4.8533e+01,4.9691e+01,5.0294e+01,5.1617e+01,5.2707e+01,5.3786e+01,5.4860e+01,5.6133e+01,5.7501e+01,5.8997e+01,6.0389e+01,6.2124e+01,6.3082e+01,6.4064e+01,6.5412e+01,6.5964e+01,6.6829e+01,6.6657e+01,6.6246e+01
6.0961e+01,6.1094e+01,6.1312e+01,6.1262e+01,6.1965e+01,6.2731e+01,6.3560e+01,6.4449e+01,6.3916e+01,6.2744e+01,6.1688e+01,6.0616e+01,5.9667e+01,5.8979e+01,5.7375e+01,5.6377e+01,5.5173e+01,5.4445e+01,5.3377e+01,5.2779e+01,5.1825e+01,5.1943e+01,5.3099e+01,5.4337e+01,5.5234e+01,5.4351e+01,5.3140e+01,5.1455e+01,5.0891e+01,5.2308e+01,5.2707e+01,5.3036e+01,5.4410e+01,5.5351e+01,5.6803e+01,5.8389e+01,6.0170e+01,6.1893e+01,6.3124e+01,6.4609e+01,6.6043e+01,6.5943e+01,6.6964e+01,6.6175e+01,6.6725e+01,6.6391e+01,6.5675e+01,6.6052e+01,6.4823e+01,6.4967e+01,6.3268e+01,6.3730e+01,6.2537e+01,6.2497e+01,6.2550e+01,6.1416e+01,5.9831e+01,6.0610e+01,5.8388e+01,5.7637e+01,5.7403e+01,5.4727e+01,5.4126e+01,5.2846e+01,5.3443e+01,5.1323e+01,5.1702e+01,5.1725e+01,4.9849e+01,4.9037e+01,4.9617e+01,4.8395e+01,4.5858e+01,4.4751e+01,4.2907e+01,4.3612e+01,4.2913e+01,4.4448e+01,4.3151e+01,4.1387e+01,4.2412e+01,4.1877e+01,3.9035e+01,3.8476e+01,3.5885e+01,3.6904e+01,3.5271e+01,3.2920e+01,3.3537e+01,3.1502e+01,3.0272e+01,2.8020e+01,2.8751e+01,2.9941e+01,3.1475e+01,3.2514e+01,3.2068e+01,3.3900e+01,3.3107e+01,3.4427e+01,3.5985e+01,3.5868e+01,3.6908e+01,3.8488e+01,3.9254e+01,3.9406e+01,4.0019e+01,4.0851e+01,4.1299e+01,4.2537e+01,4.3854e+01,4.5158e+01,4.6317e+01,4.7496e+01,4.8112e+01,4.9474e+01,5.0596e+01,5.1705e+01,5.2806e+01,5.4115e+01,5.5522e+01,5.7060e+01,5.8485e+01,6.0257e+01,6.1233e+01,6.2232e+01,6.3605e+01,6.4163e+01,6.5047e+01,6.4871e+01,6.4455e+01
6.1497e+01,6.1630e+01,6.1823e+01,6.1744e+01,6.2400e+01,6.3153e+01,6.3982e+01,6.4856e+01,6.4362e+01,6.3219e+01,6.2159e+01,6.1116e+01,6.0162e+01,5.9489e+01,5.7942e+01,5.7015e+01,5.5841e+01,5.5191e+01,5.4167e+01,5.3629e+01,5.2675e+01,5.2790e+01,5.3947e+01,5.5175e+01,5.6083e+01,5.5222e+01,5.3996e+01,5.2318e+01,5.1763e+01,5.3178e+01,5.3583e+01,5.3891e+01,5.5272e+01,5.6226e+01,5.7667e+01,5.9218e+01,6.1026e+01,6.2725e+01,6.3898e+01,6.5361e+01,6.6808e+01,6.6704e+01,6.7742e+01,6.7012e+01,6.7614e+01,6.7341e+01,6.6689e+01,6.7122e+01,6.5961e+01,6.6166e+01,6.4502e+01,6.4991e+01,6.3811e+01,6.3808e+01,6.3830e+01,6.2720e+01,6.1079e+01,6.1827e+01,5.9569e+01,5.8754e+01,5.8474e+01,5.5760e+01,5.5097e+01,5.3780e+01,5.4313e+01,5.2131e+01,5.2458e+01,5.2405e+01,5.0498e+01,4.9598e+01,5.0162e+01,4.9005e+01,4.6435e+01,4.5233e+01,4.3355e+01,4.4088e+01,4.3390e+01,4.4854e+01,4.3495e+01,4.1779e+01,4.2785e+01,4.2134e+01,3.9265e+01,3.8571e+01,3.5990e+01,3.6941e+01,3.5241e+01,3.2808e+01,3.3285e+01,3.1191e+01,2.9795e+01,2.7471e+01,2.7988e+01,2.9092e+01,3.0463e+01,3.1462e+01,3.0891e+01,3.2558e+01,3.1642e+01,3.2870e+01,3.4297e+01,3.4102e+01,3.5071e+01,3.6613e+01,3.7354e+01,3.7484e+01,3.8119e+01,3.8968e+01,3.9450e+01,4.0722e+01,4.2089e+01,4.3417e+01,4.4609e+01,4.5798e+01,4.6412e+01,4.7792e+01,4.8939e+01,5.0065e+01,5.1184e+01,5.2518e+01,5.3949e+01,5.5514e+01,5.6961e+01,5.8759e+01,5.9750e+01,6.0763e+01,6.2156e+01,6.2723e+01,6.3625e+01,6.3448e+01,6.3030e+01
6.2104e+01,6.2226e+01,6.2394e+01,6.2293e+01,6.2922e+01,6.3661e+01,6.4484e+01,6.5342e+01,6.4874e+01,6.3763e+01,6.2707e+01,6.1689e+01,6.0748e+01,6.0090e+01,5.8596e+01,5.7733e+01,5.6587e+01,5.6002e+01,5.5005e+01,5.4515e+01,5.3586e+01,5.3696e+01,5.4838e+01,5.6045e+01,5.6943e+01,5.6099e+01,5.4865e+01,5.3200e+01,5.2666e+01,5.4084e+01,5.4513e+01,5.4812e+01,5.6205e+01,5.7166e+01,5.8570e+01,6.0087e+01,6.1921e+01,6.3611e+01,6.4745e+01,6.6203e+01,6.7650e+01,6.7557e+01,6.8606e+01,6.7915e+01,6.8533e+01,6.8284e+01,6.7681e+01,6.8134e+01,6.7023e+01,6.7272e+01,6.5644e+01,6.6136e+01,6.4969e+01,6.4998e+01,6.4999e+01,6.3904e+01,6.2203e+01,6.2941e+01,6.0656e+01,5.9772e+01,5.9462e+01,5.6716e+01,5.6005e+01,5.4677e+01,5.5167e+01,5.2924e+01,5.3226e+01,5.3097e+01,5.1185e+01,5.0191e+01,5.0744e+01,4.9682e+01,4.7086e+01,4.5783e+01,4.3863e+01,4.4611e+01,4.3911e+01,4.5306e+01,4.3900e+01,4.2239e+01,4.3237e+01,4.2497e+01,3.9629e+01,3.8831e+01,3.6286e+01,3.7206e+01,3.5487e+01,3.3008e+01,3.3393e+01,3.1250e+01,2.9767e+01,2.7398e+01,2.7767e+01,2.8744e+01,2.9967e+01,3.0880e+01,3.0219e+01,3.1771e+01,3.0788e+01,3.1970e+01,3.3245e+01,3.3010e+01,3.3873e+01,3.5360e+01,3.6036e+01,3.6174e+01,3.6797e+01,3.7617e+01,3.8116e+01,3.9385e+01,4.0758e+01,4.2083e+01,4.3286e+01,4.4476e+01,4.5097e+01,4.6498e+01,4.7662e+01,4.8800e+01,4.9935e+01,5.1284e+01,5.2733e+01,5.4316e+01,5.5776e+01,5.7590e+01,5.8593e+01,5.9617e+01,6.1025e+01,6.1598e+01,6.2512e+01,6.2334e+01,6.1915e+01
6.2690e+01,6.2814e+01,6.2954e+01,6.2820e+01,6.3409e+01,6.4127e+01,6.4936e+01,6.5764e+01,6.5327e+01,6.4241e+01,6.3185e+01,6.2204e+01,6.1255e+01,6.0618e+01,5.9179e+01,5.8378e+01,5.7262e+01,5.6752e+01,5.5806e+01,5.5382e+01,5.4477e+01,5.4602e+01,5.5727e+01,5.6927e+01,5.7849e+01,5.7021e+01,5.5749e+01,5.4082e+01,5.3565e+01,5.4985e+01,5.5437e+01,5.5700e+01,5.7105e+01,5.8078e+01,5.9449e+01,6.0914e+01,6.2763e+01,6.4430e+01,6.5503e+01,6.6959e+01,6.8444e+01,6.8384e+01,6.9469e+01,6.8851e+01,6.9534e+01,6.9331e+01,6.8802e+01,6.9302e+01,6.8253e+01,6.8568e+01,6.6970e+01,6.7474e+01,6.6305e+01,6.6369e+01,6.6338e+01,6.5268e+01,6.3524e+01,6.4239e+01,6.1924e+01,6.0973e+01,6.0629e+01,5.7852e+01,5.7096e+01,5.5732e+01,5.6172e+01,5.3858e+01,5.4107e+01,5.3903e+01,5.1934e+01,5.0832e+01,5.1357e+01,5.0392e+01,4.7764e+01,4.6326e+01,4.4351e+01,4.5125e+01,4.4414e+01,4.5698e+01,4.4208e+01,4.2619e+01,4.3598e+01,4.2708e+01,3.9816e+01,3.8841e+01,3.6349e+01,3.7213e+01,3.5465e+01,3.2859e+01,3.3004e+01,3.0757e+01,2.9094e+01,2.6647e+01,2.6717e+01,2.7502e+01,2.8486e+01,2.9267e+01,2.8442e+01,2.9830e+01,2.8774e+01,2.9927e+01,3.1093e+01,3.0863e+01,3.1687e+01,3.3187e+01,3.3882e+01,3.4084e+01,3.4771e+01,3.5689e+01,3.6299e+01,3.7621e+01,3.9074e+01,4.0429e+01,4.1677e+01,4.2889e+01,4.3533e+01,4.4983e+01,4.6186e+01,4.7360e+01,4.8530e+01,4.9920e+01,5.1406e+01,5.3031e+01,5.4524e+01,5.6377e+01,5.7397e+01,5.8439e+01,5.9870e+01,6.0449e+01,6.1381e+01,6.1200e+01,6.0777e+01
6.2790e+01,6.2911e+01,6.3030e+01,6.2869e+01,6.3413e+01,6.4123e+01,6.4938e+01,6.5761e+01,6.5361e+01,6.4293e+01,6.3231e+01,6.2273e+01,6.1323e+01,6.0697e+01,5.9316e+01,5.8580e+01,5.7493e+01,5.7056e+01,5.6165e+01,5.5794e+01,5.4898e+01,5.5021e+01,5.6137e+01,5.7313e+01,5.8246e+01,5.7453e+01,5.6190e+01,5.4547e+01,5.4029e+01,5.5418e+01,5.5868e+01,5.6096e+01,5.7483e+01,5.8467e+01,5.9824e+01,6.1248e+01,6.3111e+01,6.4737e+01,6.5747e+01,6.7171e+01,6.8665e+01,6.8601e+01,6.9705e+01,6.9151e+01,6.9890e+01,6.9754e+01,6.9298e+01,6.9869e+01,6.8892e+01,6.9285e+01,6.7729e+01,6.8273e+01,6.7116e+01,6.7231e+01,6.7180e+01,6.6151e+01,6.4364e+01,6.5067e+01,6.2742e+01,6.1722e+01,6.1362e+01,5.8556e+01,5.7753e+01,5.6390e+01,5.6795e+01,5.4425e+01,5.4659e+01,5.4377e+01,5.2412e+01,5.1226e+01,5.1776e+01,5.0891e+01,4.8206e+01,4.6673e+01,4.4628e+01,4.5381e+01,4.4626e+01,4.5830e+01,4.4262e+01,4.2702e+01,4.3629e+01,4.2630e+01,3.9733e+01,3.8646e+01,3.6176e+01,3.6940e+01,3.5135e+01,3.2512e+01,3.2535e+01,3.0308e+01,2.8529e+01,2.6124e+01,2.6002e+01,2.6738e+01,2.7579e+01,2.8390e+01,2.7529e+01,2.8733e+01,2.7586e+01,2.8595e+01,2.9684e+01,2.9409e+01,3.0235e+01,3.1714e+01,3.2450e+01,3.2676e+01,3.3448e+01,3.4431e+01,3.5122e+01,3.6503e+01,3.8035e+01,3.9422e+01,4.0714e+01,4.1921e+01,4.2549e+01,4.4000e+01,4.5217e+01,4.6400e+01,4.7580e+01,4.8987e+01,5.0491e+01,5.2133e+01,5.3647e+01,5.5521e+01,5.6551e+01,5.7604e+01,5.9047e+01,5.9634e+01,6.0579e+01,6.0398e+01,5.9974e+01
6.2832e+01,6.2957e+01,6.3058e+01,6.2870e+01,6.3371e+01,6.4066e+01,6.4883e+01,6.5692e+01,6.5325e+01,6.4280e+01,6.3209e+01,6.2284e+01,6.1343e+01,6.0744e+01,5.9416e+01,5.8735e+01,5.7674e+01,5.7301e+01,5.6447e+01,5.6140e+01,5.5271e+01,5.5428e+01,5.6538e+01,5.7707e+01,5.8679e+01,5.7914e+01,5.6626e+01,5.4975e+01,5.4462e+01,5.5855e+01,5.6321e+01,5.6512e+01,5.7912e+01,5.8893e+01,6.0237e+01,6.1635e+01,6.3510e+01,6.5121e+01,6.6092e+01,6.7514e+01,6.9041e+01,6.8994e+01,7.0121e+01,6.9619e+01,7.0397e+01,7.0300e+01,6.9894e+01,7.0506e+01,6.9575e+01,7.0017e+01,6.8476e+01,6.9042e+01,6.7887e+01,6.8023e+01,6.7936e+01,6.6931e+01,6.5105e+01,6.5771e+01,6.3438e+01,6.2355e+01,6.1964e+01,5.9138e+01,5.8272e+01,5.6896e+01,5.7248e+01,5.4808e+01,5.5002e+01,5.4630e+01,5.2637e+01,5.1367e+01,5.1916e+01,5.1091e+01,4.8374e+01,4.6752e+01,4.4673e+01,4.5462e+01,4.4715e+01,4.5844e+01,4.4225e+01,4.2730e+01,4.3654e+01,4.2551e+01,3.9646e+01,3.8430e+01,3.6015e+01,3.6737e+01,3.4923e+01,3.2219e+01,3.2056e+01,2.9765e+01,2.7868e+01,2.5439e+01,2.5084e+01,2.5684e+01,2.6375e+01,2.7140e+01,2.6184e+01,2.7272e+01,2.6071e+01,2.7054e+01,2.8103e+01,2.7839e+01,2.8678e+01,3.0205e+01,3.0991e+01,3.1291e+01,3.2158e+01,3.3260e+01,3.4080e+01,3.5534e+01,3.7164e+01,3.8587e+01,3.9936e+01,4.1145e+01,4.1777e+01,4.3260e+01,4.4496e+01,4.5711e+01,4.6911e+01,4.8342e+01,4.9873e+01,5.1540e+01,5.3079e+01,5.4978e+01,5.6017e+01,5.7078e+01,5.8533e+01,5.9124e+01,6.0080e+01,5.9896e+01,5.9469e+01
6.2542e+01,6.2661e+01,6.2754e+01,6.2559e+01,6.3046e+01,6.3724e+01,6.4535e+01,6.5332e+01,6.4977e+01,6.3949e+01,6.2881e+01,6.1973e+01,6.1053e+01,6.0485e+01,5.9182e+01,5.8527e+01,5.7477e+01,5.7143e+01,5.6304e+01,5.6031e+01,5.5202e+01,5.5391e+01,5.6471e+01,5.7628e+01,5.8608e+01,5.7859e+01,5.6567e+01,5.4923e+01,5.4417e+01,5.5812e+01,5.6290e+01,5.6481e+01,5.7888e+01,5.8869e+01,6.0208e+01,6.1592e+01,6.3475e+01,6.5089e+01,6.6059e+01,6.7485e+01,6.9025e+01,6.8978e+01,7.0115e+01,6.9626e+01,7.0404e+01,7.0316e+01,6.9921e+01,7.0543e+01,6.9632e+01,7.0085e+01,6.8546e+01,6.9137e+01,6.7999e+01,6.8147e+01,6.8041e+01,6.7062e+01,6.5222e+01,6.5865e+01,6.3546e+01,6.2433e+01,6.2033e+01,5.9209e+01,5.8295e+01,5.6915e+01,5.7216e+01,5.4736e+01,5.4901e+01,5.4459e+01,5.2447e+01,5.1096e+01,5.1633e+01,5.0882e+01,4.8136e+01,4.6422e+01,4.4295e+01,4.5097e+01,4.4322e+01,4.5401e+01,4.3722e+01,4.2242e+01,4.3152e+01,4.1978e+01,3.9044e+01,3.7736e+01,3.5342e+01,3.6049e+01,3.4224e+01,3.1483e+01,3.1251e+01,2.8932e+01,2.6983e+01,2.4541e+01,2.4128e+01,2.4706e+01,2.5387e+01,2.6155e+01,2.5165e+01,2.6234e+01,2.5014e+01,2.6013e+01,2.7033e+01,2.6746e+01,2.7567e+01,2.9127e+01,2.9961e+01,3.0315e+01,3.1221e+01,3.2408e+01,3.3292e+01,3.4784e+01,3.6460e+01,3.7894e+01,3.9271e+01,4.0492e+01,4.1129e+01,4.2639e+01,4.3890e+01,4.5120e+01,4.6328e+01,4.7778e+01,4.9325e+01,5.1006e+01,5.2558e+01,5.4470e+01,5.5518e+01,5.6588e+01,5.8053e+01,5.8645e+01,5.9608e+01,5.9420e+01,5.8988e+01
6.2281e+01,6.2394e+01,6.2475e+01,6.2274e+01,6.2750e+01,6.3419e+01,6.4227e+01,6.5020e+01,6.4675e+01,6.3647e+01,6.2589e+01,6.1687e+01,6.0775e+01,6.0223e+01,5.8936e+01,5.8308e+01,5.7270e+01,5.6972e+01,5.6149e+01,5.5911e+01,5.5113e+01,5.5323e+01,5.6374e+01,5.7518e+01,5.8497e+01,5.7762e+01,5.6475e+01,5.4854e+01,5.4357e+01,5.5738e+01,5.6227e+01,5.6417e+01,5.7824e+01,5.8809e+01,6.0135e+01,6.1501e+01,6.3396e+01,6.4998e+01,6.5946e+01,6.7370e+01,6.8911e+01,6.8874e+01,7.0028e+01,6.9556e+01,7.0351e+01,7.0268e+01,6.9899e+01,7.0538e+01,6.9643e+01,7.0133e+01,6.8596e+01,6.9196e+01,6.8051e+01,6.8212e+01,6.8093e+01,6.7122e+01,6.5268e+01,6.5904e+01,6.3577e+01,6.2448e+01,6.2037e+01,5.9192e+01,5.8251e+01,5.6861e+01,5.7137e+01,5.4640e+01,5.4793e+01,5.4326e+01,5.2297e+01,5.0883e+01,5.1418e+01,5.0718e+01,4.7936e+01,4.6156e+01,4.3986e+01,4.4795e+01,4.3998e+01,4.5058e+01,4.3333e+01,4.1851e+01,4.2758e+01,4.1532e+01,3.8578e+01,3.7202e+01,3.4825e+01,3.5524e+01,3.3700e+01,3.0924e+01,3.0621e+01,2.8270e+01,2.6274e+01,2.3818e+01,2.3335e+01,2.3861e+01,2.4511e+01,2.5251e+01,2.4251e+01,2.5318e+01,2.4118e+01,2.5105e+01,2.6104e+01,2.5807e+01,2.6619e+01,2.8192e+01,2.9058e+01,2.9459e+01,3.0390e+01,3.1630e+01,3.2545e+01,3.4041e+01,3.5738e+01,3.7161e+01,3.8546e+01,3.9770e+01,4.0406e+01,4.1925e+01,4.3182e+01,4.4410e+01,4.5623e+01,4.7087e+01,4.8645e+01,5.0337e+01,5.1902e+01,5.3826e+01,5.4878e+01,5.5953e+01,5.7424e+01,5.8018e+01,5.8986e+01,5.8800e+01,5.8366e+01
6.2109e+01,6.2215e+01,6.2289e+01,6.2082e+01,6.2537e+01,6.3182e+01,6.3979e+01,6.4754e+01,6.4417e+01,6.3398e+01,6.2357e+01,6.1469e+01,6.0575e+01,6.0060e+01,5.8808e+01,5.8219e+01,5.7207e+01,5.6944e+01,5.6139e+01,5.5937e+01,5.5172e+01,5.5400e+01,5.6423e+01,5.7562e+01,5.8548e+01,5.7823e+01,5.6532e+01,5.4922e+01,5.4433e+01,5.5812e+01,5.6319e+01,5.6510e+01,5.7919e+01,5.8896e+01,6.0225e+01,6.1577e+01,6.3480e+01,6.5085e+01,6.6025e+01,6.7446e+01,6.8984e+01,6.8955e+01,7.0118e+01,6.9659e+01,7.0465e+01,7.0389e+01,7.0047e+01,7.0693e+01,6.9824e+01,7.0336e+01,6.8806e+01,6.9410e+01,6.8269e+01,6.8432e+01,6.8295e+01,6.7335e+01,6.5474e+01,6.6093e+01,6.3763e+01,6.2622e+01,6.2195e+01,5.9346e+01,5.8370e+01,5.6961e+01,5.7193e+01,5.4670e+01,5.4788e+01,5.4283e+01,5.2225e+01,5.0758e+01,5.1275e+01,5.0620e+01,4.7822e+01,4.5986e+01,4.3794e+01,4.4616e+01,4.3805e+01,4.4822e+01,4.3055e+01,4.1595e+01,4.2486e+01,4.1205e+01,3.8249e+01,3.6802e+01,3.4468e+01,3.5144e+01,3.3332e+01,3.0550e+01,3.0168e+01,2.7824e+01,2.5809e+01,2.3399e+01,2.2860e+01,2.3346e+01,2.3966e+01,2.4694e+01,2.3708e+01,2.4752e+01,2.3601e+01,2.4546e+01,2.5526e+01,2.5221e+01,2.6031e+01,2.7580e+01,2.8511e+01,2.8960e+01,2.9915e+01,3.1198e+01,3.2128e+01,3.3619e+01,3.5319e+01,3.6730e+01,3.8125e+01,3.9348e+01,3.9970e+01,4.1499e+01,4.2753e+01,4.3973e+01,4.5183e+01,4.6655e+01,4.8217e+01,4.9912e+01,5.1479e+01,5.3404e+01,5.4461e+01,5.5541e+01,5.7015e+01,5.7610e+01,5.8582e+01,5.8398e+01,5.7959e+01
6.2095e+01,6.2189e+01,6.2247e+01,6.2027e+01,6.2453e+01,6.3085e+01,6.3870e+01,6.4629e+01,6.4317e+01,6.3316e+01,6.2289e+01,6.1427e+01,6.0541e+01,6.0048e+01,5.8829e+01,5.8285e+01,5.7293e+01,5.7098e+01,5.6333e+01,5.6178e+01,5.5440e+01,5.5662e+01,5.6653e+01,5.7754e+01,5.8731e+01,5.8027e+01,5.6749e+01,5.5170e+01,5.4692e+01,5.6045e+01,5.6554e+01,5.6731e+01,5.8122e+01,5.9103e+01,6.0411e+01,6.1724e+01,6.3628e+01,6.5202e+01,6.6097e+01,6.7499e+01,6.9039e+01,6.9013e+01,7.0190e+01,6.9770e+01,7.0612e+01,7.0580e+01,7.0291e+01,7.0983e+01,7.0166e+01,7.0738e+01,6.9238e+01,6.9869e+01,6.8732e+01,6.8929e+01,6.8788e+01,6.7857e+01,6.5983e+01,6.6607e+01,6.4280e+01,6.3105e+01,6.2683e+01,5.9811e+01,5.8815e+01,5.7411e+01,5.7627e+01,5.5080e+01,5.5191e+01,5.4642e+01,5.2582e+01,5.1047e+01,5.1583e+01,5.1001e+01,4.8160e+01,4.6246e+01,4.3986e+01,4.4782e+01,4.3921e+01,4.4876e+01,4.3038e+01,4.1590e+01,4.2439e+01,4.1071e+01,3.8113e+01,3.6572e+01,3.4265e+01,3.4874e+01,3.3038e+01,3.0250e+01,2.9773e+01,2.7446e+01,2.5358e+01,2.2994e+01,2.2321e+01,2.2742e+01,2.3259e+01,2.3980e+01,2.2974e+01,2.3897e+01,2.2724e+01,2.3572e+01,2.4483e+01,2.4170e+01,2.4972e+01,2.6520e+01,2.7507e+01,2.8011e+01,2.9038e+01,3.0382e+01,3.1383e+01,3.2874e+01,3.4622e+01,3.6018e+01,3.7427e+01,3.8640e+01,3.9255e+01,4.0789e+01,4.2052e+01,4.3271e+01,4.4481e+01,4.5963e+01,4.7538e+01,4.9242e+01,5.0822e+01,5.2759e+01,5.3815e+01,5.4897e+01,5.6373e+01,5.6968e+01,5.7944e+01,5.7762e+01,5.7324e+01
6.1993e+01,6.2081e+01,6.2125e+01,6.1888e+01,6.2278e+01,6.2887e+01,6.3660e+01,6.4400e+01,6.4114e+01,6.3141e+01,6.2129e+01,6.1290e+01,6.0423e+01,5.9968e+01,5.8792e+01,5.8293e+01,5.7335e+01,5.7197e+01,5.6466e+01,5.6358e+01,5.5658e+01,5.5884e+01,5.6841e+01,5.7918e+01,5.8906e+01,5.8224e+01,5.6946e+01,5.5384e+01,5.4919e+01,5.6257e+01,5.6771e+01,5.6927e+01,5.8305e+01,5.9268e+01,6.0571e+01,6.1854e+01,6.3761e+01,6.5328e+01,6.6201e+01,6.7587e+01,6.9122e+01,6.9102e+01,7.0288e+01,6.9892e+01,7.0758e+01,7.0757e+01,7.0511e+01,7.1223e+01,7.0444e+01,7.1056e+01,6.9574e+01,7.0218e+01,6.9081e+01,6.9292e+01,6.9147e+01,6.8233e+01,6.6358e+01,6.6978e+01,6.4660e+01,6.3473e+01,6.3053e+01,6.0182e+01,5.9177e+01,5.7776e+01,5.7973e+01,5.5414e+01,5.5516e+01,5.4931e+01,5.2874e+01,5.1295e+01,5.1844e+01,5.1324e+01,4.8463e+01,4.6492e+01,4.4191e+01,4.4961e+01,4.4061e+01,4.4948e+01,4.3051e+01,4.1625e+01,4.2429e+01,4.0984e+01,3.8029e+01,3.6407e+01,3.4131e+01,3.4679e+01,3.2827e+01,3.0046e+01,2.9489e+01,2.7192e+01,2.5061e+01,2.2757e+01,2.1995e+01,2.2376e+01,2.2821e+01,2.3556e+01,2.2542e+01,2.3364e+01,2.2182e+01,2.2951e+01,2.3805e+01,2.3486e+01,2.4282e+01,2.5790e+01,2.6841e+01,2.7433e+01,2.8538e+01,2.9938e+01,3.1022e+01,3.2519e+01,3.4306e+01,3.5705e+01,3.7128e+01,3.8317e+01,3.8907e+01,4.0449e+01,4.1702e+01,4.2915e+01,4.4125e+01,4.5612e+01,4.7189e+01,4.8894e+01,5.0477e+01,5.2412e+01,5.3466e+01,5.4549e+01,5.6024e+01,5.6617e+01,5.7594e+01,5.7415e+01,5.6974e+01
6.1958e+01,6.2042e+01,6.2087e+01,6.1850e+01,6.2228e+01,6.2825e+01,6.3588e+01,6.4318e+01,6.4031e+01,6.3064e+01,6.2059e+01,6.1229e+01,6.0380e+01,5.9944e+01,5.8787e+01,5.8308e+01,5.7367e+01,5.7251e+01,5.6539e+01,5.6459e+01,5.5793e+01,5.6031e+01,5.6964e+01,5.8033e+01,5.9017e+01,5.8344e+01,5.7061e+01,5.5521e+01,5.5075e+01,5.6415e+01,5.6951e+01,5.7117e+01,5.8493e+01,5.9444e+01,6.0758e+01,6.2031e+01,6.3939e+01,6.5514e+01,6.6389e+01,6.7772e+01,6.9294e+01,6.9273e+01,7.0468e+01,7.0068e+01,7.0940e+01,7.0937e+01,7.0704e+01,7.1414e+01,7.0642e+01,7.1269e+01,6.9782e+01,7.0427e+01,6.9282e+01,6.9498e+01,6.9356e+01,6.8445e+01,6.6572e+01,6.7199e+01,6.4879e+01,6.3692e+01,6.3275e+01,6.0397e+01,5.9384e+01,5.7980e+01,5.8168e+01,5.5606e+01,5.5698e+01,5.5096e+01,5.3028e+01,5.1419e+01,5.1952e+01,5.1475e+01,4.8620e+01,4.6618e+01,4.4299e+01,4.5055e+01,4.4125e+01,4.4998e+01,4.3077e+01,4.1641e+01,4.2427e+01,4.0966e+01,3.8012e+01,3.6369e+01,3.4114e+01,3.4653e+01,3.2811e+01,3.0060e+01,2.9501e+01,2.7240e+01,2.5115e+01,2.2854e+01,2.2111e+01,2.2493e+01,2.2937e+01,2.3678e+01,2.2677e+01,2.3463e+01,2.2295e+01,2.3026e+01,2.3841e+01,2.3504e+01,2.4269e+01,2.5698e+01,2.6775e+01,2.7398e+01,2.8511e+01,2.9921e+01,3.1020e+01,3.2534e+01,3.4317e+01,3.5703e+01,3.7120e+01,3.8293e+01,3.8861e+01,4.0396e+01,4.1645e+01,4.2854e+01,4.4056e+01,4.5546e+01,4.7116e+01,4.8813e+01,5.0384e+01,5.2307e+01,5.3356e+01,5.4438e+01,5.5909e+01,5.6500e+01,5.7480e+01,5.7303e+01,5.6861e+01
6.1692e+01,6.1758e+01,6.1802e+01,6.1570e+01,6.1946e+01,6.2537e+01,6.3289e+01,6.4017e+01,6.3732e+01,6.2771e+01,6.1781e+01,6.0946e+01,6.0111e+01,5.9684e+01,5.8530e+01,5.8073e+01,5.7146e+01,5.7040e+01,5.6344e+01,5.6275e+01,5.5611e+01,5.5846e+01,5.6769e+01,5.7831e+01,5.8813e+01,5.8147e+01,5.6875e+01,5.5352e+01,5.4909e+01,5.6243e+01,5.6781e+01,5.6956e+01,5.8324e+01,5.9259e+01,6.0584e+01,6.1866e+01,6.3771e+01,6.5356e+01,6.6249e+01,6.7623e+01,6.9121e+01,6.9086e+01,7.0280e+01,6.9863e+01,7.0730e+01,7.0724e+01,7.0489e+01,7.1188e+01,7.0418e+01,7.1036e+01,6.9548e+01,7.0198e+01,6.9064e+01,6.9282e+01,6.9152e+01,6.8240e+01,6.6383e+01,6.7027e+01,6.4716e+01,6.3543e+01,6.3142e+01,6.0258e+01,5.9249e+01,5.7845e+01,5.8041e+01,5.5489e+01,5.5591e+01,5.5003e+01,5.2934e+01,5.1328e+01,5.1867e+01,5.1382e+01,4.8518e+01,4.6523e+01,4.4191e+01,4.4926e+01,4.3969e+01,4.4856e+01,4.2925e+01,4.1458e+01,4.2223e+01,4.0778e+01,3.7819e+01,3.6205e+01,3.3931e+01,3.4467e+01,3.2615e+01,2.9925e+01,2.9451e+01,2.7261e+01,2.5200e+01,2.3004e+01,2.2415e+01,2.2908e+01,2.3470e+01,2.4279e+01,2.3386e+01,2.4228e+01,2.3110e+01,2.3808e+01,2.4630e+01,2.4241e+01,2.4962e+01,2.6282e+01,2.7327e+01,2.7879e+01,2.8956e+01,3.0302e+01,3.1340e+01,3.2822e+01,3.4563e+01,3.5920e+01,3.7299e+01,3.8466e+01,3.9037e+01,4.0573e+01,4.1814e+01,4.3018e+01,4.4214e+01,4.5698e+01,4.7254e+01,4.8940e+01,5.0493e+01,5.2403e+01,5.3446e+01,5.4525e+01,5.5988e+01,5.6574e+01,5.7548e+01,5.7371e+01,5.6929e+01
6.1734e+01,6.1790e+01,6.1832e+01,6.1603e+01,6.1981e+01,6.2573e+01,6.3322e+01,6.4052e+01,6.3769e+01,6.2810e+01,6.1833e+01,6.0993e+01,6.0160e+01,5.9729e+01,5.8581e+01,5.8141e+01,5.7226e+01,5.7121e+01,5.6444e+01,5.6360e+01,5.5690e+01,5.5898e+01,5.6811e+01,5.7858e+01,5.8812e+01,5.8140e+01,5.6890e+01,5.5387e+01,5.4938e+01,5.6258e+01,5.6777e+01,5.6958e+01,5.8309e+01,5.9241e+01,6.0566e+01,6.1849e+01,6.3749e+01,6.5331e+01,6.6228e+01,6.7586e+01,6.9057e+01,6.8995e+01,7.0182e+01,6.9757e+01,7.0623e+01,7.0635e+01,7.0405e+01,7.1117e+01,7.0354e+01,7.0969e+01,6.9491e+01,7.0159e+01,6.9043e+01,6.9269e+01,6.9159e+01,6.8253e+01,6.6414e+01,6.7086e+01,6.4789e+01,6.3624e+01,6.3253e+01,6.0373e+01,5.9384e+01,5.7997e+01,5.8210e+01,5.5674e+01,5.5792e+01,5.5214e+01,5.3160e+01,5.1569e+01,5.2109e+01,5.1627e+01,4.8770e+01,4.6788e+01,4.4451e+01,4.5146e+01,4.4153e+01,4.5039e+01,4.3098e+01,4.1597e+01,4.2323e+01,4.0886e+01,3.7937e+01,3.6345e+01,3.4057e+01,3.4561e+01,3.2682e+01,3.0076e+01,2.9698e+01,2.7606e+01,2.5595e+01,2.3474e+01,2.3012e+01,2.3620e+01,2.4252e+01,2.5128e+01,2.4299e+01,2.5134e+01,2.4015e+01,2.4669e+01,2.5474e+01,2.5012e+01,2.5675e+01,2.6907e+01,2.7896e+01,2.8340e+01,2.9376e+01,3.0647e+01,3.1620e+01,3.3086e+01,3.4794e+01,3.6123e+01,3.7473e+01,3.8634e+01,3.9211e+01,4.0747e+01,4.1985e+01,4.3181e+01,4.4369e+01,4.5843e+01,4.7386e+01,4.9057e+01,5.0593e+01,5.2490e+01,5.3526e+01,5.4604e+01,5.6062e+01,5.6646e+01,5.7618e+01,5.7445e+01,5.7005e+01
6.1997e+01,6.2038e+01,6.2069e+01,6.1845e+01,6.2224e+01,6.2813e+01,6.3558e+01,6.4292e+01,6.4018e+01,6.3067e+01,6.2105e+01,6.1260e+01,6.0434e+01,6.0005e+01,5.8854e+01,5.8422e+01,5.7510e+01,5.7410e+01,5.6750e+01,5.6657e+01,5.5960e+01,5.6140e+01,5.7065e+01,5.8101e+01,5.9055e+01,5.8388e+01,5.7170e+01,5.5670e+01,5.5192e+01,5.6482e+01,5.6960e+01,5.7120e+01,5.8437e+01,5.9354e+01,6.0683e+01,6.1966e+01,6.3850e+01,6.5415e+01,6.6317e+01,6.7647e+01,6.9096e+01,6.9007e+01,7.0174e+01,6.9746e+01,7.0604e+01,7.0635e+01,7.0409e+01,7.1134e+01,7.0388e+01,7.0997e+01,6.9547e+01,7.0244e+01,6.9162e+01,6.9410e+01,6.9339e+01,6.8453e+01,6.6648e+01,6.7356e+01,6.5087e+01,6.3932e+01,6.3599e+01,6.0738e+01,5.9786e+01,5.8432e+01,5.8681e+01,5.6159e+01,5.6301e+01,5.5740e+01,5.3708e+01,5.2143e+01,5.2697e+01,5.2207e+01,4.9361e+01,4.7401e+01,4.5070e+01,4.5728e+01,4.4705e+01,4.5569e+01,4.3617e+01,4.2100e+01,4.2765e+01,4.1322e+01,3.8396e+01,3.6816e+01,3.4506e+01,3.4930e+01,3.2995e+01,3.0481e+01,3.0169e+01,2.8190e+01,2.6185e+01,2.4147e+01,2.3729e+01,2.4416e+01,2.5047e+01,2.5970e+01,2.5164e+01,2.5962e+01,2.4806e+01,2.5402e+01,2.6209e+01,2.5703e+01,2.6353e+01,2.7534e+01,2.8507e+01,2.8873e+01,2.9905e+01,3.1113e+01,3.2052e+01,3.3495e+01,3.5169e+01,3.6483e+01,3.7808e+01,3.8960e+01,3.9534e+01,4.1055e+01,4.2280e+01,4.3465e+01,4.4649e+01,4.6110e+01,4.7641e+01,4.9301e+01,5.0827e+01,5.2719e+01,5.3750e+01,5.4820e+01,5.6271e+01,5.6849e+01,5.7812e+01,5.7638e+01,5.7203e+01
6.2509e+01,6.2541e+01,6.2572e+01,6.2353e+01,6.2733e+01,6.3315e+01,6.4054e+01,6.4785e+01,6.4513e+01,6.3571e+01,6.2620e+01,6.1779e+01,6.0962e+01,6.0547e+01,5.9404e+01,5.8982e+01,5.8073e+01,5.7985e+01,5.7332e+01,5.7246e+01,5.6538e+01,5.6695e+01,5.7631e+01,5.8652e+01,5.9598e+01,5.8937e+01,5.7743e+01,5.6251e+01,5.5761e+01,5.7032e+01,5.7484e+01,5.7637e+01,5.8925e+01,5.9831e+01,6.1171e+01,6.2449e+01,6.4320e+01,6.5869e+01,6.6766e+01,6.8071e+01,6.9508e+01,6.9404e+01,7.0553e+01,7.0129e+01,7.0979e+01,7.1024e+01,7.0803e+01,7.1539e+01,7.0810e+01,7.1421e+01,6.9989e+01,7.0712e+01,6.9650e+01,6.9910e+01,6.9872e+01,6.8997e+01,6.7219e+01,6.7955e+01,6.5706e+01,6.4558e+01,6.4245e+01,6.1385e+01,6.0451e+01,5.9109e+01,5.9376e+01,5.6854e+01,5.7003e+01,5.6446e+01,5.4416e+01,5.2851e+01,5.3399e+01,5.2903e+01,5.0062e+01,4.8104e+01,4.5777e+01,4.6437e+01,4.5410e+01,4.6272e+01,4.4317e+01,4.2796e+01,4.3441e+01,4.1993e+01,3.9075e+01,3.7495e+01,3.5178e+01,3.5558e+01,3.3594e+01,3.1130e+01,3.0835e+01,2.8903e+01,2.6886e+01,2.4881e+01,2.4436e+01,2.5117e+01,2.5690e+01,2.6603e+01,2.5765e+01,2.6485e+01,2.5264e+01,2.5807e+01,2.6563e+01,2.6004e+01,2.6602e+01,2.7739e+01,2.8664e+01,2.8976e+01,2.9999e+01,3.1146e+01,3.2085e+01,3.3549e+01,3.5205e+01,3.6530e+01,3.7855e+01,3.9001e+01,3.9564e+01,4.1069e+01,4.2286e+01,4.3463e+01,4.4646e+01,4.6106e+01,4.7636e+01,4.9290e+01,5.0813e+01,5.2702e+01,5.3730e+01,5.4798e+01,5.6246e+01,5.6824e+01,5.7785e+01,5.7611e+01,5.7183e+01
6.2815e+01,6.2835e+01,6.2846e+01,6.2618e+01,6.2989e+01,6.3573e+01,6.4301e+01,6.5031e+01,6.4764e+01,6.3833e+01,6.2886e+01,6.2048e+01,6.1235e+01,6.0823e+01,5.9695e+01,5.9287e+01,5.8384e+01,5.8303e+01,5.7667e+01,5.7570e+01,5.6851e+01,5.6972e+01,5.7909e+01,5.8907e+01,5.9846e+01,5.9193e+01,5.8028e+01,5.6545e+01,5.6036e+01,5.7276e+01,5.7694e+01,5.7822e+01,5.9086e+01,5.9978e+01,6.1306e+01,6.2579e+01,6.4441e+01,6.5968e+01,6.6852e+01,6.8129e+01,6.9549e+01,6.9420e+01,7.0547e+01,7.0126e+01,7.0973e+01,7.1039e+01,7.0830e+01,7.1588e+01,7.0876e+01,7.1493e+01,7.0087e+01,7.0837e+01,6.9798e+01,7.0076e+01,7.0072e+01,6.9215e+01,6.7468e+01,6.8231e+01,6.6013e+01,6.4879e+01,6.4601e+01,6.1764e+01,6.0871e+01,5.9565e+01,5.9865e+01,5.7366e+01,5.7545e+01,5.7001e+01,5.5002e+01,5.3461e+01,5.4027e+01,5.3522e+01,5.0685e+01,4.8745e+01,4.6418e+01,4.7046e+01,4.5989e+01,4.6834e+01,4.4864e+01,4.3328e+01,4.3923e+01,4.2464e+01,3.9567e+01,3.7993e+01,3.5659e+01,3.5975e+01,3.3970e+01,3.1574e+01,3.1328e+01,2.9470e+01,2.7468e+01,2.5520e+01,2.5104e+01,2.5831e+01,2.6393e+01,2.7353e+01,2.6551e+01,2.7226e+01,2.5977e+01,2.6459e+01,2.7222e+01,2.6630e+01,2.7237e+01,2.8343e+01,2.9246e+01,2.9508e+01,3.0533e+01,3.1620e+01,3.2530e+01,3.3967e+01,3.5607e+01,3.6918e+01,3.8235e+01,3.9355e+01,3.9911e+01,4.1398e+01,4.2596e+01,4.3757e+01,4.4939e+01,4.6385e+01,4.7903e+01,4.9545e+01,5.1058e+01,5.2938e+01,5.3963e+01,5.5030e+01,5.6475e+01,5.7052e+01,5.8007e+01,5.7834e+01,5.7412e+01
6.3354e+01,6.3359e+01,6.3366e+01,6.3140e+01,6.3516e+01,6.4097e+01,6.4825e+01,6.5559e+01,6.5289e+01,6.4358e+01,6.3415e+01,6.2570e+01,6.1756e+01,6.1344e+01,6.0217e+01,5.9811e+01,5.8908e+01,5.8821e+01,5.8186e+01,5.8080e+01,5.7349e+01,5.7456e+01,5.8395e+01,5.9375e+01,6.0293e+01,5.9645e+01,5.8513e+01,5.7044e+01,5.6520e+01,5.7737e+01,5.8127e+01,5.8250e+01,5.9493e+01,6.0381e+01,6.1703e+01,6.2972e+01,6.4818e+01,6.6325e+01,6.7203e+01,6.8458e+01,6.9865e+01,6.9717e+01,7.0821e+01,7.0396e+01,7.1228e+01,7.1306e+01,7.1095e+01,7.1864e+01,7.1162e+01,7.1776e+01,7.0385e+01,7.1153e+01,7.0131e+01,7.0418e+01,7.0440e+01,6.9593e+01,6.7870e+01,6.8655e+01,6.6458e+01,6.5338e+01,6.5088e+01,6.2265e+01,6.1396e+01,6.0108e+01,6.0424e+01,5.7951e+01,5.8142e+01,5.7606e+01,5.5631e+01,5.4107e+01,5.4679e+01,5.4175e+01,5.1349e+01,4.9429e+01,4.7112e+01,4.7715e+01,4.6639e+01,4.7473e+01,4.5502e+01,4.3952e+01,4.4516e+01,4.3067e+01,4.0198e+01,3.8642e+01,3.6317e+01,3.6598e+01,3.4592e+01,3.2269e+01,3.2069e+01,3.0280e+01,2.8308e+01,2.6413e+01,2.6028e+01,2.6778e+01,2.7327e+01,2.8291e+01,2.7502e+01,2.8127e+01,2.6860e+01,2.7278e+01,2.7986e+01,2.7347e+01,2.7909e+01,2.8952e+01,2.9819e+01,3.0019e+01,3.1017e+01,3.2040e+01,3.2910e+01,3.4325e+01,3.5935e+01,3.7236e+01,3.8542e+01,3.9657e+01,4.0211e+01,4.1677e+01,4.2865e+01,4.4013e+01,4.5194e+01,4.6633e+01,4.8142e+01,4.9772e+01,5.1279e+01,5.3155e+01,5.4183e+01,5.5247e+01,5.6692e+01,5.7268e+01,5.8218e+01,5.8045e+01,5.7628e+01
