1.0241e+02,1.0234e+02,1.0230e+02,1.0224e+02,1.0217e+02,1.0232e+02,1.0226e+02,1.0245e+02,1.0239e+02,1.0200e+02,1.0130e+02,1.0112e+02,1.0079e+02,1.0025e+02,1.0014e+02,1.0027e+02,1.0001e+02,9.9646e+01,9.9683e+01,9.9796e+01,1.0013e+02,1.0013e+02,1.0028e+02,1.0030e+02,1.0014e+02,9.9742e+01,9.9476e+01,1.0017e+02,1.0123e+02,1.0215e+02,1.0370e+02,1.0547e+02,1.0696e+02,1.0875e+02,1.1057e+02,1.1177e+02,1.1323e+02,1.1431e+02,1.1626e+02,1.1776e+02,1.1923e+02,1.2039e+02,1.2139e+02,1.2130e+02,1.2116e+02,1.2066e+02,1.1955e+02,1.1960e+02,1.1943e+02,1.1873e+02,1.1715e+02,1.1713e+02,1.1737e+02,1.1611e+02,1.1388e+02,1.1271e+02,1.1025e+02,1.0804e+02,1.0732e+02,1.0491e+02,1.0290e+02,1.0153e+02,9.8900e+01,9.8238e+01,9.5802e+01,9.5937e+01,9.4930e+01,9.2941e+01,9.0432e+01,8.8579e+01,8.8566e+01,8.6092e+01,8.4962e+01,8.6163e+01,8.5022e+01,8.3933e+01,8.1840e+01,8.0358e+01,7.8299e+01,7.7848e+01,7.5642e+01,7.5442e+01,7.4069e+01,7.3102e+01,7.2594e+01,7.0612e+01,7.0180e+01,6.8356e+01,6.7923e+01,6.6372e+01,6.5086e+01,6.3626e+01,6.3114e+01,6.2241e+01,6.1239e+01,6.1070e+01,6.1370e+01,6.1829e+01,6.1804e+01,6.2197e+01,6.3022e+01,6.3713e+01,6.4383e+01,6.5685e+01,6.6454e+01,6.7264e+01,6.7357e+01,6.8277e+01,6.9273e+01,7.0175e+01,7.1370e+01,7.2087e+01,7.2956e+01,7.2927e+01,7.2733e+01,7.3113e+01,7.3471e+01,7.3507e+01,7.3712e+01,7.4453e+01,7.5182e+01,7.6008e+01,7.6871e+01,7.7900e+01,7.8384e+01,7.8927e+01,7.9645e+01,8.0111e+01,8.0726e+01,8.0781e+01,8.0601e+01
1.0232e+02,1.0225e+02,1.0221e+02,1.0215e+02,1.0207e+02,1.0223e+02,1.0217e+02,1.0236e+02,1.0230e+02,1.0190e+02,1.0121e+02,1.0103e+02,1.0069e+02,1.0016e+02,1.0004e+02,1.0017e+02,9.9907e+01,9.9545e+01,9.9583e+01,9.9695e+01,1.0003e+02,1.0003e+02,1.0018e+02,1.0020e+02,1.0004e+02,9.9645e+01,9.9377e+01,1.0007e+02,1.0114e+02,1.0205e+02,1.0361e+02,1.0538e+02,1.0688e+02,1.0867e+02,1.1049e+02,1.1169e+02,1.1316e+02,1.1424e+02,1.1620e+02,1.1770e+02,1.1917e+02,1.2033e+02,1.2133e+02,1.2124e+02,1.2110e+02,1.2059e+02,1.1948e+02,1.1953e+02,1.1935e+02,1.1866e+02,1.1708e+02,1.1705e+02,1.1729e+02,1.1603e+02,1.1380e+02,1.1263e+02,1.1017e+02,1.0796e+02,1.0723e+02,1.0482e+02,1.0280e+02,1.0144e+02,9.8798e+01,9.8135e+01,9.5695e+01,9.5831e+01,9.4823e+01,9.2831e+01,9.0316e+01,8.8459e+01,8.8446e+01,8.5965e+01,8.4831e+01,8.6035e+01,8.4889e+01,8.3798e+01,8.1697e+01,8.0208e+01,7.8141e+01,7.7690e+01,7.5474e+01,7.5271e+01,7.3891e+01,7.2919e+01,7.2408e+01,7.0416e+01,6.9982e+01,6.8148e+01,6.7710e+01,6.6153e+01,6.4863e+01,6.3395e+01,6.2878e+01,6.2000e+01,6.0994e+01,6.0822e+01,6.1120e+01,6.1577e+01,6.1546e+01,6.1937e+01,6.2760e+01,6.3451e+01,6.4122e+01,6.5427e+01,6.6197e+01,6.7011e+01,6.7106e+01,6.8031e+01,6.9029e+01,6.9933e+01,7.1131e+01,7.1851e+01,7.2723e+01,7.2693e+01,7.2501e+01,7.2879e+01,7.3235e+01,7.3275e+01,7.3482e+01,7.4224e+01,7.4955e+01,7.5782e+01,7.6647e+01,7.7678e+01,7.8164e+01,7.8707e+01,7.9426e+01,7.9892e+01,8.0508e+01,8.0560e+01,8.0380e+01
1.0231e+02,1.0224e+02,1.0220e+02,1.0214e+02,1.0206e+02,1.0222e+02,1.0216e+02,1.0235e+02,1.0229e+02,1.0189e+02,1.0119e+02,1.0101e+02,1.0067e+02,1.0014e+02,1.0002e+02,1.0015e+02,9.9886e+01,9.9524e+01,9.9562e+01,9.9674e+01,1.0001e+02,1.0001e+02,1.0016e+02,1.0018e+02,1.0002e+02,9.9618e+01,9.9349e+01,1.0004e+02,1.0111e+02,1.0203e+02,1.0359e+02,1.0536e+02,1.0687e+02,1.0866e+02,1.1048e+02,1.1169e+02,1.1316e+02,1.1424e+02,1.1619e+02,1.1770e+02,1.1917e+02,1.2033e+02,1.2133e+02,1.2124e+02,1.2109e+02,1.2058e+02,1.1947e+02,1.1953e+02,1.1935e+02,1.1865e+02,1.1707e+02,1.1704e+02,1.1729e+02,1.1603e+02,1.1379e+02,1.1262e+02,1.1016e+02,1.0794e+02,1.0722e+02,1.0480e+02,1.0279e+02,1.0142e+02,9.8778e+01,9.8116e+01,9.5674e+01,9.5810e+01,9.4801e+01,9.2806e+01,9.0288e+01,8.8427e+01,8.8413e+01,8.5927e+01,8.4789e+01,8.5994e+01,8.4844e+01,8.3749e+01,8.1642e+01,8.0150e+01,7.8075e+01,7.7622e+01,7.5398e+01,7.5192e+01,7.3806e+01,7.2828e+01,7.2316e+01,7.0317e+01,6.9882e+01,6.8042e+01,6.7602e+01,6.6041e+01,6.4748e+01,6.3275e+01,6.2754e+01,6.1872e+01,6.0866e+01,6.0690e+01,6.0988e+01,6.1443e+01,6.1410e+01,6.1798e+01,6.2620e+01,6.3311e+01,6.3984e+01,6.5293e+01,6.6064e+01,6.6881e+01,6.6978e+01,6.7905e+01,6.8902e+01,6.9806e+01,7.1006e+01,7.1726e+01,7.2600e+01,7.2573e+01,7.2379e+01,7.2753e+01,7.3107e+01,7.3151e+01,7.3359e+01,7.4099e+01,7.4831e+01,7.5659e+01,7.6525e+01,7.7557e+01,7.8039e+01,7.8582e+01,7.9298e+01,7.9764e+01,8.0380e+01,8.0435e+01,8.0257e+01
1.0216e+02,1.0209e+02,1.0205e+02,1.0199e+02,1.0191e+02,1.0207e+02,1.0201e+02,1.0220e+02,1.0214e+02,1.0174e+02,1.0104e+02,1.0086e+02,1.0052e+02,9.9983e+01,9.9872e+01,1.0000e+02,9.9733e+01,9.9371e+01,9.9411e+01,9.9522e+01,9.9862e+01,9.9858e+01,1.0001e+02,1.0003e+02,9.9867e+01,9.9466e+01,9.9197e+01,9.9892e+01,1.0096e+02,1.0188e+02,1.0345e+02,1.0522e+02,1.0673e+02,1.0853e+02,1.1035e+02,1.1156e+02,1.1303e+02,1.1411e+02,1.1607e+02,1.1758e+02,1.1905e+02,1.2021e+02,1.2121e+02,1.2112e+02,1.2098e+02,1.2046e+02,1.1935e+02,1.1940e+02,1.1923e+02,1.1853e+02,1.1694e+02,1.1692e+02,1.1716e+02,1.1590e+02,1.1366e+02,1.1248e+02,1.1002e+02,1.0780e+02,1.0707e+02,1.0466e+02,1.0264e+02,1.0127e+02,9.8621e+01,9.7957e+01,9.5511e+01,9.5649e+01,9.4639e+01,9.2641e+01,9.0117e+01,8.8252e+01,8.8237e+01,8.5746e+01,8.4603e+01,8.5811e+01,8.4658e+01,8.3560e+01,8.1448e+01,7.9951e+01,7.7870e+01,7.7416e+01,7.5185e+01,7.4978e+01,7.3586e+01,7.2604e+01,7.2089e+01,7.0084e+01,6.9647e+01,6.7801e+01,6.7359e+01,6.5793e+01,6.4495e+01,6.3017e+01,6.2495e+01,6.1608e+01,6.0600e+01,6.0423e+01,6.0725e+01,6.1182e+01,6.1150e+01,6.1538e+01,6.2365e+01,6.3057e+01,6.3734e+01,6.5052e+01,6.5824e+01,6.6646e+01,6.6747e+01,6.7681e+01,6.8682e+01,6.9589e+01,7.0794e+01,7.1519e+01,7.2397e+01,7.2370e+01,7.2179e+01,7.2553e+01,7.2906e+01,7.2951e+01,7.3163e+01,7.3906e+01,7.4642e+01,7.5472e+01,7.6340e+01,7.7374e+01,7.7859e+01,7.8405e+01,7.9124e+01,7.9590e+01,8.0207e+01,8.0259e+01,8.0080e+01
1.0192e+02,1.0185e+02,1.0181e+02,1.0175e+02,1.0167e+02,1.0183e+02,1.0177e+02,1.0196e+02,1.0190e+02,1.0150e+02,1.0080e+02,1.0062e+02,1.0027e+02,9.9738e+01,9.9627e+01,9.9756e+01,9.9489e+01,9.9125e+01,9.9166e+01,9.9277e+01,9.9617e+01,9.9614e+01,9.9769e+01,9.9788e+01,9.9626e+01,9.9222e+01,9.8955e+01,9.9652e+01,1.0072e+02,1.0165e+02,1.0321e+02,1.0499e+02,1.0650e+02,1.0831e+02,1.1013e+02,1.1135e+02,1.1282e+02,1.1391e+02,1.1587e+02,1.1738e+02,1.1886e+02,1.2002e+02,1.2102e+02,1.2093e+02,1.2079e+02,1.2027e+02,1.1916e+02,1.1921e+02,1.1903e+02,1.1833e+02,1.1674e+02,1.1671e+02,1.1695e+02,1.1569e+02,1.1345e+02,1.1227e+02,1.0980e+02,1.0758e+02,1.0685e+02,1.0442e+02,1.0240e+02,1.0102e+02,9.8371e+01,9.7703e+01,9.5251e+01,9.5389e+01,9.4376e+01,9.2373e+01,8.9842e+01,8.7972e+01,8.7958e+01,8.5457e+01,8.4312e+01,8.5526e+01,8.4371e+01,8.3270e+01,8.1151e+01,7.9649e+01,7.7561e+01,7.7104e+01,7.4864e+01,7.4658e+01,7.3258e+01,7.2272e+01,7.1752e+01,6.9735e+01,6.9294e+01,6.7438e+01,6.6995e+01,6.5418e+01,6.4111e+01,6.2625e+01,6.2102e+01,6.1213e+01,6.0198e+01,6.0025e+01,6.0334e+01,6.0802e+01,6.0774e+01,6.1169e+01,6.2007e+01,6.2709e+01,6.3395e+01,6.4729e+01,6.5511e+01,6.6345e+01,6.6451e+01,6.7397e+01,6.8411e+01,6.9328e+01,7.0546e+01,7.1281e+01,7.2169e+01,7.2143e+01,7.1947e+01,7.2320e+01,7.2677e+01,7.2723e+01,7.2933e+01,7.3680e+01,7.4421e+01,7.5255e+01,7.6129e+01,7.7167e+01,7.7657e+01,7.8206e+01,7.8929e+01,7.9396e+01,8.0015e+01,8.0065e+01,7.9886e+01
1.0173e+02,1.0166e+02,1.0162e+02,1.0156e+02,1.0148e+02,1.0163e+02,1.0157e+02,1.0176e+02,1.0170e+02,1.0130e+02,1.0060e+02,1.0041e+02,1.0007e+02,9.9532e+01,9.9419e+01,9.9548e+01,9.9282e+01,9.8917e+01,9.8957e+01,9.9067e+01,9.9409e+01,9.9404e+01,9.9557e+01,9.9577e+01,9.9412e+01,9.9005e+01,9.8737e+01,9.9435e+01,1.0051e+02,1.0143e+02,1.0300e+02,1.0479e+02,1.0630e+02,1.0811e+02,1.0994e+02,1.1116e+02,1.1263e+02,1.1372e+02,1.1569e+02,1.1720e+02,1.1868e+02,1.1985e+02,1.2086e+02,1.2076e+02,1.2062e+02,1.2010e+02,1.1899e+02,1.1903e+02,1.1886e+02,1.1816e+02,1.1656e+02,1.1653e+02,1.1677e+02,1.1551e+02,1.1326e+02,1.1208e+02,1.0960e+02,1.0738e+02,1.0665e+02,1.0422e+02,1.0219e+02,1.0082e+02,9.8158e+01,9.7489e+01,9.5031e+01,9.5171e+01,9.4157e+01,9.2150e+01,8.9611e+01,8.7737e+01,8.7725e+01,8.5218e+01,8.4068e+01,8.5285e+01,8.4127e+01,8.3025e+01,8.0899e+01,7.9391e+01,7.7297e+01,7.6840e+01,7.4592e+01,7.4386e+01,7.2983e+01,7.1994e+01,7.1474e+01,6.9451e+01,6.9011e+01,6.7148e+01,6.6706e+01,6.5124e+01,6.3805e+01,6.2312e+01,6.1790e+01,6.0897e+01,5.9876e+01,5.9703e+01,6.0019e+01,6.0493e+01,6.0468e+01,6.0866e+01,6.1713e+01,6.2423e+01,6.3116e+01,6.4462e+01,6.5249e+01,6.6091e+01,6.6200e+01,6.7156e+01,6.8180e+01,6.9107e+01,7.0333e+01,7.1071e+01,7.1968e+01,7.1944e+01,7.1743e+01,7.2117e+01,7.2479e+01,7.2526e+01,7.2736e+01,7.3487e+01,7.4233e+01,7.5074e+01,7.5954e+01,7.6997e+01,7.7489e+01,7.8040e+01,7.8765e+01,7.9230e+01,7.9848e+01,7.9897e+01,7.9716e+01
1.0143e+02,1.0137e+02,1.0132e+02,1.0127e+02,1.0119e+02,1.0134e+02,1.0129e+02,1.0148e+02,1.0141e+02,1.0101e+02,1.0031e+02,1.0012e+02,9.9778e+01,9.9240e+01,9.9128e+01,9.9257e+01,9.8989e+01,9.8624e+01,9.8664e+01,9.8773e+01,9.9114e+01,9.9110e+01,9.9264e+01,9.9285e+01,9.9121e+01,9.8715e+01,9.8448e+01,9.9150e+01,1.0023e+02,1.0116e+02,1.0273e+02,1.0452e+02,1.0604e+02,1.0785e+02,1.0969e+02,1.1091e+02,1.1239e+02,1.1348e+02,1.1546e+02,1.1697e+02,1.1845e+02,1.1962e+02,1.2063e+02,1.2054e+02,1.2039e+02,1.1987e+02,1.1875e+02,1.1880e+02,1.1862e+02,1.1791e+02,1.1631e+02,1.1628e+02,1.1652e+02,1.1525e+02,1.1300e+02,1.1181e+02,1.0933e+02,1.0710e+02,1.0636e+02,1.0393e+02,1.0189e+02,1.0051e+02,9.7842e+01,9.7167e+01,9.4701e+01,9.4840e+01,9.3821e+01,9.1806e+01,8.9257e+01,8.7377e+01,8.7366e+01,8.4846e+01,8.3695e+01,8.4921e+01,8.3762e+01,8.2657e+01,8.0523e+01,7.9006e+01,7.6903e+01,7.6445e+01,7.4186e+01,7.3986e+01,7.2575e+01,7.1586e+01,7.1059e+01,6.9024e+01,6.8577e+01,6.6701e+01,6.6261e+01,6.4664e+01,6.3336e+01,6.1835e+01,6.1318e+01,6.0425e+01,5.9396e+01,5.9233e+01,5.9559e+01,6.0048e+01,6.0031e+01,6.0442e+01,6.1307e+01,6.2029e+01,6.2732e+01,6.4095e+01,6.4893e+01,6.5746e+01,6.5857e+01,6.6820e+01,6.7857e+01,6.8792e+01,7.0027e+01,7.0774e+01,7.1680e+01,7.1656e+01,7.1450e+01,7.1826e+01,7.2193e+01,7.2239e+01,7.2445e+01,7.3200e+01,7.3951e+01,7.4796e+01,7.5681e+01,7.6729e+01,7.7226e+01,7.7782e+01,7.8513e+01,7.8982e+01,7.9603e+01,7.9650e+01,7.9468e+01
1.0108e+02,1.0101e+02,1.0097e+02,1.0091e+02,1.0083e+02,1.0099e+02,1.0093e+02,1.0113e+02,1.0106e+02,1.0066e+02,9.9963e+01,9.9775e+01,9.9426e+01,9.8886e+01,9.8775e+01,9.8904e+01,9.8634e+01,9.8266e+01,9.8306e+01,9.8413e+01,9.8753e+01,9.8748e+01,9.8905e+01,9.8925e+01,9.8761e+01,9.8352e+01,9.8086e+01,9.8791e+01,9.9870e+01,1.0080e+02,1.0237e+02,1.0418e+02,1.0570e+02,1.0752e+02,1.0936e+02,1.1059e+02,1.1207e+02,1.1317e+02,1.1515e+02,1.1666e+02,1.1815e+02,1.1932e+02,1.2033e+02,1.2024e+02,1.2009e+02,1.1957e+02,1.1845e+02,1.1850e+02,1.1832e+02,1.1761e+02,1.1601e+02,1.1598e+02,1.1621e+02,1.1494e+02,1.1268e+02,1.1149e+02,1.0900e+02,1.0676e+02,1.0602e+02,1.0358e+02,1.0153e+02,1.0014e+02,9.7468e+01,9.6792e+01,9.4316e+01,9.4458e+01,9.3436e+01,9.1414e+01,8.8851e+01,8.6964e+01,8.6956e+01,8.4424e+01,8.3266e+01,8.4497e+01,8.3329e+01,8.2222e+01,8.0076e+01,7.8547e+01,7.6433e+01,7.5976e+01,7.3704e+01,7.3505e+01,7.2088e+01,7.1097e+01,7.0569e+01,6.8522e+01,6.8073e+01,6.6185e+01,6.5748e+01,6.4139e+01,6.2797e+01,6.1287e+01,6.0773e+01,5.9876e+01,5.8838e+01,5.8679e+01,5.9016e+01,5.9516e+01,5.9505e+01,5.9927e+01,6.0810e+01,6.1545e+01,6.2260e+01,6.3638e+01,6.4441e+01,6.5303e+01,6.5419e+01,6.6393e+01,6.7441e+01,6.8389e+01,6.9634e+01,7.0387e+01,7.1301e+01,7.1275e+01,7.1065e+01,7.1445e+01,7.1814e+01,7.1859e+01,7.2067e+01,7.2830e+01,7.3587e+01,7.4439e+01,7.5331e+01,7.6386e+01,7.6891e+01,7.7449e+01,7.8185e+01,7.8657e+01,7.9285e+01,7.9333e+01,7.9152e+01
1.0081e+02,1.0074e+02,1.0071e+02,1.0065e+02,1.0057e+02,1.0073e+02,1.0067e+02,1.0086e+02,1.0080e+02,1.0040e+02,9.9700e+01,9.9512e+01,9.9162e+01,9.8621e+01,9.8511e+01,9.8642e+01,9.8371e+01,9.8002e+01,9.8043e+01,9.8150e+01,9.8490e+01,9.8483e+01,9.8642e+01,9.8661e+01,9.8497e+01,9.8087e+01,9.7822e+01,9.8530e+01,9.9612e+01,1.0054e+02,1.0212e+02,1.0393e+02,1.0546e+02,1.0728e+02,1.0913e+02,1.1036e+02,1.1185e+02,1.1295e+02,1.1493e+02,1.1645e+02,1.1794e+02,1.1911e+02,1.2012e+02,1.2003e+02,1.1988e+02,1.1936e+02,1.1823e+02,1.1828e+02,1.1810e+02,1.1739e+02,1.1578e+02,1.1575e+02,1.1599e+02,1.1471e+02,1.1245e+02,1.1125e+02,1.0876e+02,1.0651e+02,1.0577e+02,1.0332e+02,1.0127e+02,9.9880e+01,9.7197e+01,9.6518e+01,9.4035e+01,9.4177e+01,9.3150e+01,9.1122e+01,8.8552e+01,8.6659e+01,8.6651e+01,8.4111e+01,8.2950e+01,8.4187e+01,8.3018e+01,8.1907e+01,7.9755e+01,7.8221e+01,7.6100e+01,7.5641e+01,7.3360e+01,7.3161e+01,7.1736e+01,7.0741e+01,7.0205e+01,6.8148e+01,6.7691e+01,6.5793e+01,6.5352e+01,6.3734e+01,6.2389e+01,6.0873e+01,6.0358e+01,5.9462e+01,5.8420e+01,5.8266e+01,5.8609e+01,5.9120e+01,5.9118e+01,5.9552e+01,6.0450e+01,6.1194e+01,6.1919e+01,6.3309e+01,6.4121e+01,6.4995e+01,6.5117e+01,6.6104e+01,6.7160e+01,6.8120e+01,6.9374e+01,7.0133e+01,7.1052e+01,7.1024e+01,7.0809e+01,7.1189e+01,7.1558e+01,7.1600e+01,7.1807e+01,7.2575e+01,7.3338e+01,7.4192e+01,7.5087e+01,7.6148e+01,7.6659e+01,7.7222e+01,7.7964e+01,7.8436e+01,7.9067e+01,7.9113e+01,7.8931e+01
1.0060e+02,1.0053e+02,1.0049e+02,1.0043e+02,1.0035e+02,1.0051e+02,1.0045e+02,1.0065e+02,1.0058e+02,1.0018e+02,9.9483e+01,9.9296e+01,9.8944e+01,9.8402e+01,9.8293e+01,9.8423e+01,9.8151e+01,9.7782e+01,9.7825e+01,9.7931e+01,9.8271e+01,9.8263e+01,9.8425e+01,9.8442e+01,9.8278e+01,9.7868e+01,9.7601e+01,9.8314e+01,9.9398e+01,1.0033e+02,1.0191e+02,1.0372e+02,1.0526e+02,1.0708e+02,1.0893e+02,1.1017e+02,1.1166e+02,1.1276e+02,1.1474e+02,1.1626e+02,1.1775e+02,1.1893e+02,1.1994e+02,1.1984e+02,1.1969e+02,1.1917e+02,1.1804e+02,1.1809e+02,1.1791e+02,1.1720e+02,1.1559e+02,1.1555e+02,1.1579e+02,1.1451e+02,1.1224e+02,1.1105e+02,1.0855e+02,1.0630e+02,1.0556e+02,1.0311e+02,1.0105e+02,9.9654e+01,9.6967e+01,9.6285e+01,9.3797e+01,9.3939e+01,9.2910e+01,9.0878e+01,8.8303e+01,8.6407e+01,8.6400e+01,8.3853e+01,8.2693e+01,8.3934e+01,8.2764e+01,8.1652e+01,7.9497e+01,7.7959e+01,7.5834e+01,7.5374e+01,7.3090e+01,7.2895e+01,7.1468e+01,7.0476e+01,6.9937e+01,6.7876e+01,6.7415e+01,6.5513e+01,6.5076e+01,6.3452e+01,6.2106e+01,6.0593e+01,6.0085e+01,5.9197e+01,5.8154e+01,5.8011e+01,5.8364e+01,5.8887e+01,5.8896e+01,5.9342e+01,6.0253e+01,6.1004e+01,6.1737e+01,6.3134e+01,6.3952e+01,6.4834e+01,6.4960e+01,6.5954e+01,6.7018e+01,6.7986e+01,6.9248e+01,7.0009e+01,7.0929e+01,7.0895e+01,7.0675e+01,7.1057e+01,7.1423e+01,7.1460e+01,7.1669e+01,7.2441e+01,7.3207e+01,7.4062e+01,7.4958e+01,7.6021e+01,7.6535e+01,7.7100e+01,7.7843e+01,7.8315e+01,7.8949e+01,7.8995e+01,7.8814e+01
1.0031e+02,1.0024e+02,1.0020e+02,1.0014e+02,1.0006e+02,1.0022e+02,1.0016e+02,1.0036e+02,1.0029e+02,9.9895e+01,9.9192e+01,9.9006e+01,9.8652e+01,9.8110e+01,9.8003e+01,9.8135e+01,9.7863e+01,9.7494e+01,9.7538e+01,9.7644e+01,9.7984e+01,9.7976e+01,9.8141e+01,9.8158e+01,9.7992e+01,9.7578e+01,9.7311e+01,9.8025e+01,9.9109e+01,1.0004e+02,1.0162e+02,1.0344e+02,1.0498e+02,1.0681e+02,1.0866e+02,1.0990e+02,1.1139e+02,1.1249e+02,1.1448e+02,1.1600e+02,1.1749e+02,1.1867e+02,1.1968e+02,1.1959e+02,1.1944e+02,1.1892e+02,1.1779e+02,1.1784e+02,1.1766e+02,1.1695e+02,1.1534e+02,1.1531e+02,1.1555e+02,1.1426e+02,1.1200e+02,1.1080e+02,1.0829e+02,1.0604e+02,1.0530e+02,1.0283e+02,1.0077e+02,9.9375e+01,9.6678e+01,9.5995e+01,9.3498e+01,9.3642e+01,9.2610e+01,9.0571e+01,8.7986e+01,8.6082e+01,8.6073e+01,8.3516e+01,8.2352e+01,8.3599e+01,8.2424e+01,8.1306e+01,7.9139e+01,7.7594e+01,7.5457e+01,7.4993e+01,7.2695e+01,7.2497e+01,7.1060e+01,7.0061e+01,6.9517e+01,6.7444e+01,6.6980e+01,6.5066e+01,6.4626e+01,6.2990e+01,6.1637e+01,6.0114e+01,5.9602e+01,5.8710e+01,5.7657e+01,5.7514e+01,5.7873e+01,5.8403e+01,5.8417e+01,5.8868e+01,5.9791e+01,6.0547e+01,6.1287e+01,6.2697e+01,6.3521e+01,6.4415e+01,6.4543e+01,6.5550e+01,6.6618e+01,6.7595e+01,6.8870e+01,6.9636e+01,7.0563e+01,7.0524e+01,7.0301e+01,7.0684e+01,7.1050e+01,7.1087e+01,7.1294e+01,7.2071e+01,7.2843e+01,7.3700e+01,7.4600e+01,7.5668e+01,7.6183e+01,7.6752e+01,7.7500e+01,7.7974e+01,7.8614e+01,7.8660e+01,7.8477e+01
1.0007e+02,9.9997e+01,9.9961e+01,9.9901e+01,9.9820e+01,9.9982e+01,9.9926e+01,1.0012e+02,1.0006e+02,9.9659e+01,9.8954e+01,9.8768e+01,9.8412e+01,9.7869e+01,9.7763e+01,9.7895e+01,9.7623e+01,9.7253e+01,9.7297e+01,9.7403e+01,9.7744e+01,9.7735e+01,9.7902e+01,9.7919e+01,9.7753e+01,9.7336e+01,9.7070e+01,9.7786e+01,9.8873e+01,9.9802e+01,1.0139e+02,1.0321e+02,1.0475e+02,1.0659e+02,1.0844e+02,1.0968e+02,1.1117e+02,1.1228e+02,1.1427e+02,1.1579e+02,1.1729e+02,1.1846e+02,1.1948e+02,1.1939e+02,1.1924e+02,1.1872e+02,1.1759e+02,1.1764e+02,1.1746e+02,1.1675e+02,1.1513e+02,1.1511e+02,1.1535e+02,1.1406e+02,1.1179e+02,1.1059e+02,1.0808e+02,1.0582e+02,1.0507e+02,1.0261e+02,1.0054e+02,9.9136e+01,9.6431e+01,9.5746e+01,9.3242e+01,9.3389e+01,9.2357e+01,9.0313e+01,8.7717e+01,8.5807e+01,8.5801e+01,8.3235e+01,8.2065e+01,8.3316e+01,8.2133e+01,8.1013e+01,7.8836e+01,7.7280e+01,7.5134e+01,7.4673e+01,7.2365e+01,7.2169e+01,7.0729e+01,6.9728e+01,6.9184e+01,6.7102e+01,6.6636e+01,6.4711e+01,6.4271e+01,6.2623e+01,6.1261e+01,5.9727e+01,5.9212e+01,5.8315e+01,5.7250e+01,5.7105e+01,5.7470e+01,5.8004e+01,5.8020e+01,5.8473e+01,5.9406e+01,6.0167e+01,6.0912e+01,6.2334e+01,6.3162e+01,6.4066e+01,6.4195e+01,6.5211e+01,6.6287e+01,6.7269e+01,6.8553e+01,6.9322e+01,7.0251e+01,7.0205e+01,6.9981e+01,7.0369e+01,7.0733e+01,7.0766e+01,7.0973e+01,7.1752e+01,7.2527e+01,7.3390e+01,7.4293e+01,7.5364e+01,7.5883e+01,7.6455e+01,7.7207e+01,7.7683e+01,7.8329e+01,7.8375e+01,7.8190e+01
9.9882e+01,9.9810e+01,9.9776e+01,9.9719e+01,9.9642e+01,9.9806e+01,9.9752e+01,9.9949e+01,9.9886e+01,9.9486e+01,9.8783e+01,9.8594e+01,9.8233e+01,9.7690e+01,9.7584e+01,9.7713e+01,9.7439e+01,9.7070e+01,9.7115e+01,9.7220e+01,9.7562e+01,9.7552e+01,9.7721e+01,9.7740e+01,9.7572e+01,9.7154e+01,9.6889e+01,9.7608e+01,9.8696e+01,9.9625e+01,1.0121e+02,1.0304e+02,1.0458e+02,1.0642e+02,1.0829e+02,1.0952e+02,1.1102e+02,1.1213e+02,1.1412e+02,1.1564e+02,1.1714e+02,1.1832e+02,1.1933e+02,1.1925e+02,1.1910e+02,1.1858e+02,1.1744e+02,1.1749e+02,1.1731e+02,1.1660e+02,1.1498e+02,1.1495e+02,1.1519e+02,1.1391e+02,1.1163e+02,1.1042e+02,1.0791e+02,1.0565e+02,1.0490e+02,1.0243e+02,1.0036e+02,9.8949e+01,9.6237e+01,9.5550e+01,9.3038e+01,9.3185e+01,9.2151e+01,9.0101e+01,8.7496e+01,8.5582e+01,8.5578e+01,8.3004e+01,8.1832e+01,8.3087e+01,8.1902e+01,8.0780e+01,7.8597e+01,7.7035e+01,7.4882e+01,7.4420e+01,7.2105e+01,7.1913e+01,7.0468e+01,6.9468e+01,6.8921e+01,6.6830e+01,6.6361e+01,6.4426e+01,6.3986e+01,6.2326e+01,6.0956e+01,5.9416e+01,5.8901e+01,5.8002e+01,5.6929e+01,5.6787e+01,5.7154e+01,5.7695e+01,5.7712e+01,5.8172e+01,5.9115e+01,5.9882e+01,6.0634e+01,6.2065e+01,6.2903e+01,6.3815e+01,6.3943e+01,6.4968e+01,6.6051e+01,6.7040e+01,6.8335e+01,6.9105e+01,7.0036e+01,6.9983e+01,6.9758e+01,7.0152e+01,7.0513e+01,7.0542e+01,7.0749e+01,7.1532e+01,7.2310e+01,7.3176e+01,7.4083e+01,7.5158e+01,7.5680e+01,7.6253e+01,7.7008e+01,7.7487e+01,7.8137e+01,7.8183e+01,7.7997e+01
9.9646e+01,9.9574e+01,9.9539e+01,9.9481e+01,9.9403e+01,9.9568e+01,9.9515e+01,9.9715e+01,9.9654e+01,9.9251e+01,9.8546e+01,9.8358e+01,9.7994e+01,9.7449e+01,9.7343e+01,9.7473e+01,9.7197e+01,9.6827e+01,9.6874e+01,9.6978e+01,9.7320e+01,9.7309e+01,9.7481e+01,9.7498e+01,9.7330e+01,9.6911e+01,9.6644e+01,9.7364e+01,9.8453e+01,9.9383e+01,1.0097e+02,1.0281e+02,1.0435e+02,1.0619e+02,1.0806e+02,1.0930e+02,1.1080e+02,1.1191e+02,1.1390e+02,1.1543e+02,1.1693e+02,1.1811e+02,1.1913e+02,1.1904e+02,1.1890e+02,1.1838e+02,1.1724e+02,1.1729e+02,1.1711e+02,1.1640e+02,1.1478e+02,1.1476e+02,1.1500e+02,1.1371e+02,1.1143e+02,1.1022e+02,1.0770e+02,1.0544e+02,1.0469e+02,1.0221e+02,1.0013e+02,9.8722e+01,9.6002e+01,9.5315e+01,9.2796e+01,9.2944e+01,9.1907e+01,8.9851e+01,8.7238e+01,8.5316e+01,8.5311e+01,8.2727e+01,8.1549e+01,8.2809e+01,8.1618e+01,8.0491e+01,7.8297e+01,7.6728e+01,7.4564e+01,7.4101e+01,7.1773e+01,7.1580e+01,7.0129e+01,6.9123e+01,6.8573e+01,6.6468e+01,6.5994e+01,6.4043e+01,6.3596e+01,6.1920e+01,6.0541e+01,5.8985e+01,5.8461e+01,5.7553e+01,5.6464e+01,5.6318e+01,5.6683e+01,5.7226e+01,5.7239e+01,5.7699e+01,5.8647e+01,5.9417e+01,6.0171e+01,6.1615e+01,6.2455e+01,6.3376e+01,6.3505e+01,6.4536e+01,6.5629e+01,6.6620e+01,6.7925e+01,6.8699e+01,6.9637e+01,6.9584e+01,6.9358e+01,6.9757e+01,7.0122e+01,7.0152e+01,7.0362e+01,7.1149e+01,7.1933e+01,7.2809e+01,7.3719e+01,7.4799e+01,7.5326e+01,7.5905e+01,7.6664e+01,7.7147e+01,7.7800e+01,7.7846e+01,7.7658e+01
9.9444e+01,9.9372e+01,9.9336e+01,9.9278e+01,9.9198e+01,9.9363e+01,9.9308e+01,9.9509e+01,9.9449e+01,9.9044e+01,9.8341e+01,9.8154e+01,9.7789e+01,9.7243e+01,9.7139e+01,9.7269e+01,9.6991e+01,9.6623e+01,9.6673e+01,9.6780e+01,9.7124e+01,9.7114e+01,9.7287e+01,9.7305e+01,9.7136e+01,9.6715e+01,9.6446e+01,9.7167e+01,9.8259e+01,9.9193e+01,1.0079e+02,1.0263e+02,1.0417e+02,1.0602e+02,1.0789e+02,1.0913e+02,1.1063e+02,1.1174e+02,1.1374e+02,1.1527e+02,1.1677e+02,1.1796e+02,1.1898e+02,1.1889e+02,1.1875e+02,1.1822e+02,1.1709e+02,1.1714e+02,1.1696e+02,1.1625e+02,1.1462e+02,1.1460e+02,1.1485e+02,1.1356e+02,1.1127e+02,1.1006e+02,1.0754e+02,1.0527e+02,1.0452e+02,1.0203e+02,9.9955e+01,9.8540e+01,9.5811e+01,9.5124e+01,9.2595e+01,9.2744e+01,9.1705e+01,8.9641e+01,8.7018e+01,8.5087e+01,8.5081e+01,8.2485e+01,8.1302e+01,8.2568e+01,8.1371e+01,8.0238e+01,7.8032e+01,7.6454e+01,7.4277e+01,7.3810e+01,7.1466e+01,7.1271e+01,6.9807e+01,6.8792e+01,6.8235e+01,6.6110e+01,6.5629e+01,6.3657e+01,6.3199e+01,6.1505e+01,6.0116e+01,5.8537e+01,5.8000e+01,5.7077e+01,5.5972e+01,5.5817e+01,5.6177e+01,5.6720e+01,5.6723e+01,5.7180e+01,5.8133e+01,5.8905e+01,5.9658e+01,6.1110e+01,6.1954e+01,6.2882e+01,6.3012e+01,6.4049e+01,6.5148e+01,6.6140e+01,6.7455e+01,6.8232e+01,6.9173e+01,6.9120e+01,6.8892e+01,6.9293e+01,6.9661e+01,6.9689e+01,6.9899e+01,7.0692e+01,7.1483e+01,7.2367e+01,7.3280e+01,7.4366e+01,7.4897e+01,7.5481e+01,7.6244e+01,7.6732e+01,7.7391e+01,7.7438e+01,7.7249e+01
9.9258e+01,9.9187e+01,9.9150e+01,9.9090e+01,9.9010e+01,9.9172e+01,9.9117e+01,9.9318e+01,9.9260e+01,9.8857e+01,9.8154e+01,9.7968e+01,9.7604e+01,9.7058e+01,9.6955e+01,9.7085e+01,9.6808e+01,9.6441e+01,9.6492e+01,9.6600e+01,9.6947e+01,9.6939e+01,9.7113e+01,9.7131e+01,9.6964e+01,9.6542e+01,9.6272e+01,9.6995e+01,9.8089e+01,9.9024e+01,1.0062e+02,1.0246e+02,1.0401e+02,1.0586e+02,1.0773e+02,1.0897e+02,1.1048e+02,1.1158e+02,1.1358e+02,1.1512e+02,1.1663e+02,1.1782e+02,1.1884e+02,1.1876e+02,1.1862e+02,1.1809e+02,1.1695e+02,1.1700e+02,1.1682e+02,1.1611e+02,1.1449e+02,1.1447e+02,1.1471e+02,1.1342e+02,1.1113e+02,1.0992e+02,1.0739e+02,1.0512e+02,1.0436e+02,1.0187e+02,9.9784e+01,9.8362e+01,9.5627e+01,9.4937e+01,9.2403e+01,9.2557e+01,9.1518e+01,8.9449e+01,8.6816e+01,8.4881e+01,8.4878e+01,8.2273e+01,8.1087e+01,8.2358e+01,8.1156e+01,8.0020e+01,7.7805e+01,7.6217e+01,7.4031e+01,7.3567e+01,7.1212e+01,7.1019e+01,6.9550e+01,6.8531e+01,6.7972e+01,6.5834e+01,6.5349e+01,6.3361e+01,6.2896e+01,6.1186e+01,5.9790e+01,5.8199e+01,5.7657e+01,5.6729e+01,5.5612e+01,5.5456e+01,5.5816e+01,5.6362e+01,5.6360e+01,5.6817e+01,5.7775e+01,5.8546e+01,5.9298e+01,6.0756e+01,6.1596e+01,6.2531e+01,6.2661e+01,6.3705e+01,6.4809e+01,6.5804e+01,6.7127e+01,6.7906e+01,6.8853e+01,6.8796e+01,6.8566e+01,6.8971e+01,6.9339e+01,6.9364e+01,6.9577e+01,7.0374e+01,7.1170e+01,7.2060e+01,7.2977e+01,7.4067e+01,7.4599e+01,7.5188e+01,7.5953e+01,7.6445e+01,7.7109e+01,7.7157e+01,7.6967e+01
9.9038e+01,9.8969e+01,9.8931e+01,9.8870e+01,9.8792e+01,9.8954e+01,9.8899e+01,9.9101e+01,9.9043e+01,9.8640e+01,9.7937e+01,9.7750e+01,9.7384e+01,9.6840e+01,9.6736e+01,9.6866e+01,9.6591e+01,9.6227e+01,9.6277e+01,9.6387e+01,9.6736e+01,9.6727e+01,9.6900e+01,9.6915e+01,9.6746e+01,9.6322e+01,9.6053e+01,9.6780e+01,9.7878e+01,9.8815e+01,1.0041e+02,1.0226e+02,1.0381e+02,1.0566e+02,1.0754e+02,1.0878e+02,1.1028e+02,1.1139e+02,1.1339e+02,1.1494e+02,1.1644e+02,1.1764e+02,1.1866e+02,1.1858e+02,1.1844e+02,1.1791e+02,1.1677e+02,1.1681e+02,1.1664e+02,1.1593e+02,1.1430e+02,1.1428e+02,1.1452e+02,1.1323e+02,1.1093e+02,1.0972e+02,1.0719e+02,1.0491e+02,1.0416e+02,1.0165e+02,9.9569e+01,9.8143e+01,9.5401e+01,9.4711e+01,9.2171e+01,9.2326e+01,9.1285e+01,8.9214e+01,8.6572e+01,8.4634e+01,8.4633e+01,8.2021e+01,8.0833e+01,8.2108e+01,8.0902e+01,7.9766e+01,7.7543e+01,7.5948e+01,7.3756e+01,7.3292e+01,7.0929e+01,7.0737e+01,6.9264e+01,6.8242e+01,6.7683e+01,6.5534e+01,6.5047e+01,6.3047e+01,6.2579e+01,6.0856e+01,5.9452e+01,5.7850e+01,5.7301e+01,5.6368e+01,5.5242e+01,5.5085e+01,5.5446e+01,5.5998e+01,5.5996e+01,5.6458e+01,5.7424e+01,5.8199e+01,5.8957e+01,6.0426e+01,6.1270e+01,6.2212e+01,6.2342e+01,6.3395e+01,6.4500e+01,6.5500e+01,6.6833e+01,6.7619e+01,6.8573e+01,6.8513e+01,6.8281e+01,6.8684e+01,6.9054e+01,6.9078e+01,6.9289e+01,7.0088e+01,7.0890e+01,7.1788e+01,7.2708e+01,7.3801e+01,7.4338e+01,7.4931e+01,7.5701e+01,7.6198e+01,7.6867e+01,7.6915e+01,7.6726e+01
9.8802e+01,9.8734e+01,9.8695e+01,9.8632e+01,9.8551e+01,9.8709e+01,9.8651e+01,9.8852e+01,9.8796e+01,9.8394e+01,9.7689e+01,9.7502e+01,9.7137e+01,9.6591e+01,9.6486e+01,9.6615e+01,9.6338e+01,9.5972e+01,9.6024e+01,9.6136e+01,9.6487e+01,9.6480e+01,9.6652e+01,9.6666e+01,9.6496e+01,9.6070e+01,9.5800e+01,9.6528e+01,9.7628e+01,9.8568e+01,1.0017e+02,1.0202e+02,1.0357e+02,1.0543e+02,1.0731e+02,1.0855e+02,1.1006e+02,1.1116e+02,1.1317e+02,1.1472e+02,1.1623e+02,1.1743e+02,1.1846e+02,1.1837e+02,1.1824e+02,1.1771e+02,1.1657e+02,1.1661e+02,1.1644e+02,1.1573e+02,1.1410e+02,1.1408e+02,1.1432e+02,1.1302e+02,1.1073e+02,1.0952e+02,1.0698e+02,1.0469e+02,1.0394e+02,1.0143e+02,9.9338e+01,9.7906e+01,9.5157e+01,9.4465e+01,9.1917e+01,9.2073e+01,9.1029e+01,8.8950e+01,8.6299e+01,8.4353e+01,8.4351e+01,8.1728e+01,8.0535e+01,8.1817e+01,8.0605e+01,7.9463e+01,7.7228e+01,7.5624e+01,7.3418e+01,7.2952e+01,7.0573e+01,7.0380e+01,6.8897e+01,6.7868e+01,6.7305e+01,6.5139e+01,6.4647e+01,6.2629e+01,6.2155e+01,6.0416e+01,5.9000e+01,5.7384e+01,5.6832e+01,5.5891e+01,5.4751e+01,5.4592e+01,5.4962e+01,5.5521e+01,5.5522e+01,5.5989e+01,5.6971e+01,5.7750e+01,5.8513e+01,5.9995e+01,6.0838e+01,6.1786e+01,6.1915e+01,6.2976e+01,6.4085e+01,6.5087e+01,6.6429e+01,6.7221e+01,6.8182e+01,6.8120e+01,6.7887e+01,6.8294e+01,6.8666e+01,6.8691e+01,6.8905e+01,6.9709e+01,7.0515e+01,7.1419e+01,7.2344e+01,7.3443e+01,7.3983e+01,7.4580e+01,7.5353e+01,7.5854e+01,7.6528e+01,7.6576e+01,7.6384e+01
9.8493e+01,9.8424e+01,9.8383e+01,9.8319e+01,9.8237e+01,9.8393e+01,9.8333e+01,9.8534e+01,9.8478e+01,9.8074e+01,9.7368e+01,9.7179e+01,9.6813e+01,9.6264e+01,9.6161e+01,9.6290e+01,9.6011e+01,9.5645e+01,9.5698e+01,9.5814e+01,9.6168e+01,9.6161e+01,9.6333e+01,9.6347e+01,9.6177e+01,9.5750e+01,9.5481e+01,9.6215e+01,9.7321e+01,9.8264e+01,9.9871e+01,1.0173e+02,1.0328e+02,1.0515e+02,1.0703e+02,1.0827e+02,1.0979e+02,1.1089e+02,1.1290e+02,1.1446e+02,1.1597e+02,1.1718e+02,1.1821e+02,1.1813e+02,1.1799e+02,1.1746e+02,1.1632e+02,1.1636e+02,1.1619e+02,1.1547e+02,1.1384e+02,1.1382e+02,1.1406e+02,1.1276e+02,1.1046e+02,1.0924e+02,1.0669e+02,1.0440e+02,1.0364e+02,1.0112e+02,9.9026e+01,9.7586e+01,9.4827e+01,9.4132e+01,9.1574e+01,9.1732e+01,9.0683e+01,8.8597e+01,8.5935e+01,8.3980e+01,8.3979e+01,8.1343e+01,8.0146e+01,8.1436e+01,8.0219e+01,7.9072e+01,7.6825e+01,7.5210e+01,7.2991e+01,7.2524e+01,7.0127e+01,6.9934e+01,6.8440e+01,6.7404e+01,6.6837e+01,6.4652e+01,6.4158e+01,6.2120e+01,6.1643e+01,5.9886e+01,5.8452e+01,5.6817e+01,5.6262e+01,5.5309e+01,5.4154e+01,5.3991e+01,5.4375e+01,5.4942e+01,5.4951e+01,5.5424e+01,5.6426e+01,5.7210e+01,5.7983e+01,5.9484e+01,6.0330e+01,6.1284e+01,6.1414e+01,6.2485e+01,6.3603e+01,6.4617e+01,6.5973e+01,6.6774e+01,6.7745e+01,6.7683e+01,6.7449e+01,6.7864e+01,6.8243e+01,6.8267e+01,6.8483e+01,6.9296e+01,7.0112e+01,7.1027e+01,7.1959e+01,7.3067e+01,7.3610e+01,7.4210e+01,7.4987e+01,7.5490e+01,7.6168e+01,7.6216e+01,7.6023e+01
9.8318e+01,9.8248e+01,9.8206e+01,9.8142e+01,9.8060e+01,9.8214e+01,9.8156e+01,9.8359e+01,9.8303e+01,9.7898e+01,9.7189e+01,9.6999e+01,9.6631e+01,9.6082e+01,9.5978e+01,9.6108e+01,9.5829e+01,9.5464e+01,9.5519e+01,9.5635e+01,9.5991e+01,9.5984e+01,9.6155e+01,9.6168e+01,9.5997e+01,9.5572e+01,9.5304e+01,9.6043e+01,9.7153e+01,9.8097e+01,9.9707e+01,1.0157e+02,1.0312e+02,1.0499e+02,1.0687e+02,1.0812e+02,1.0963e+02,1.1074e+02,1.1275e+02,1.1431e+02,1.1583e+02,1.1703e+02,1.1807e+02,1.1798e+02,1.1785e+02,1.1732e+02,1.1617e+02,1.1622e+02,1.1605e+02,1.1533e+02,1.1369e+02,1.1367e+02,1.1391e+02,1.1261e+02,1.1030e+02,1.0908e+02,1.0653e+02,1.0424e+02,1.0347e+02,1.0095e+02,9.8843e+01,9.7396e+01,9.4632e+01,9.3934e+01,9.1371e+01,9.1532e+01,9.0482e+01,8.8393e+01,8.5724e+01,8.3766e+01,8.3769e+01,8.1126e+01,7.9927e+01,8.1222e+01,8.0002e+01,7.8856e+01,7.6601e+01,7.4977e+01,7.2752e+01,7.2288e+01,6.9883e+01,6.9693e+01,6.8194e+01,6.7157e+01,6.6589e+01,6.4393e+01,6.3898e+01,6.1848e+01,6.1373e+01,5.9603e+01,5.8158e+01,5.6515e+01,5.5962e+01,5.5004e+01,5.3840e+01,5.3676e+01,5.4074e+01,5.4649e+01,5.4664e+01,5.5141e+01,5.6158e+01,5.6947e+01,5.7726e+01,5.9242e+01,6.0087e+01,6.1048e+01,6.1174e+01,6.2251e+01,6.3373e+01,6.4390e+01,6.5755e+01,6.6559e+01,6.7536e+01,6.7471e+01,6.7235e+01,6.7653e+01,6.8036e+01,6.8061e+01,6.8275e+01,6.9091e+01,6.9909e+01,7.0826e+01,7.1761e+01,7.2871e+01,7.3417e+01,7.4021e+01,7.4799e+01,7.5304e+01,7.5986e+01,7.6033e+01,7.5840e+01
9.8027e+01,9.7956e+01,9.7912e+01,9.7849e+01,9.7764e+01,9.7917e+01,9.7859e+01,9.8065e+01,9.8009e+01,9.7603e+01,9.6893e+01,9.6702e+01,9.6333e+01,9.5781e+01,9.5676e+01,9.5806e+01,9.5525e+01,9.5158e+01,9.5213e+01,9.5330e+01,9.5686e+01,9.5679e+01,9.5849e+01,9.5861e+01,9.5690e+01,9.5267e+01,9.4998e+01,9.5740e+01,9.6854e+01,9.7801e+01,9.9415e+01,1.0128e+02,1.0284e+02,1.0472e+02,1.0660e+02,1.0785e+02,1.0937e+02,1.1047e+02,1.1249e+02,1.1405e+02,1.1557e+02,1.1678e+02,1.1782e+02,1.1774e+02,1.1760e+02,1.1707e+02,1.1593e+02,1.1597e+02,1.1580e+02,1.1508e+02,1.1344e+02,1.1343e+02,1.1366e+02,1.1236e+02,1.1005e+02,1.0882e+02,1.0626e+02,1.0396e+02,1.0320e+02,1.0066e+02,9.8552e+01,9.7100e+01,9.4327e+01,9.3626e+01,9.1053e+01,9.1216e+01,9.0163e+01,8.8066e+01,8.5387e+01,8.3421e+01,8.3423e+01,8.0768e+01,7.9564e+01,8.0867e+01,7.9641e+01,7.8488e+01,7.6222e+01,7.4589e+01,7.2351e+01,7.1883e+01,6.9463e+01,6.9271e+01,6.7761e+01,6.6716e+01,6.6144e+01,6.3931e+01,6.3432e+01,6.1365e+01,6.0885e+01,5.9099e+01,5.7639e+01,5.5978e+01,5.5418e+01,5.4446e+01,5.3264e+01,5.3090e+01,5.3496e+01,5.4074e+01,5.4089e+01,5.4566e+01,5.5598e+01,5.6393e+01,5.7181e+01,5.8716e+01,5.9567e+01,6.0533e+01,6.0658e+01,6.1746e+01,6.2879e+01,6.3906e+01,6.5284e+01,6.6098e+01,6.7082e+01,6.7017e+01,6.6784e+01,6.7209e+01,6.7594e+01,6.7622e+01,6.7841e+01,6.8667e+01,6.9493e+01,7.0418e+01,7.1362e+01,7.2481e+01,7.3031e+01,7.3640e+01,7.4424e+01,7.4931e+01,7.5616e+01,7.5661e+01,7.5467e+01
9.7717e+01,9.7646e+01,9.7602e+01,9.7537e+01,9.7452e+01,9.7604e+01,9.7545e+01,9.7752e+01,9.7696e+01,9.7290e+01,9.6579e+01,9.6388e+01,9.6016e+01,9.5461e+01,9.5355e+01,9.5483e+01,9.5201e+01,9.4830e+01,9.4884e+01,9.5001e+01,9.5357e+01,9.5349e+01,9.5519e+01,9.5529e+01,9.5357e+01,9.4933e+01,9.4664e+01,9.5409e+01,9.6525e+01,9.7475e+01,9.9095e+01,1.0097e+02,1.0254e+02,1.0442e+02,1.0631e+02,1.0756e+02,1.0908e+02,1.1018e+02,1.1221e+02,1.1377e+02,1.1530e+02,1.1652e+02,1.1756e+02,1.1748e+02,1.1734e+02,1.1681e+02,1.1567e+02,1.1571e+02,1.1554e+02,1.1482e+02,1.1317e+02,1.1316e+02,1.1339e+02,1.1209e+02,1.0977e+02,1.0854e+02,1.0598e+02,1.0367e+02,1.0290e+02,1.0036e+02,9.8243e+01,9.6786e+01,9.4001e+01,9.3299e+01,9.0714e+01,9.0876e+01,8.9818e+01,8.7711e+01,8.5018e+01,8.3042e+01,8.3042e+01,8.0370e+01,7.9158e+01,8.0469e+01,7.9236e+01,7.8074e+01,7.5793e+01,7.4149e+01,7.1894e+01,7.1421e+01,6.8981e+01,6.8785e+01,6.7261e+01,6.6204e+01,6.5628e+01,6.3390e+01,6.2886e+01,6.0794e+01,6.0305e+01,5.8499e+01,5.7016e+01,5.5328e+01,5.4756e+01,5.3763e+01,5.2556e+01,5.2369e+01,5.2781e+01,5.3361e+01,5.3370e+01,5.3849e+01,5.4895e+01,5.5700e+01,5.6494e+01,5.8051e+01,5.8908e+01,5.9881e+01,5.9999e+01,6.1099e+01,6.2245e+01,6.3281e+01,6.4671e+01,6.5493e+01,6.6487e+01,6.6423e+01,6.6190e+01,6.6621e+01,6.7011e+01,6.7043e+01,6.7266e+01,6.8102e+01,6.8936e+01,6.9871e+01,7.0825e+01,7.1956e+01,7.2513e+01,7.3127e+01,7.3918e+01,7.4431e+01,7.5123e+01,7.5167e+01,7.4971e+01
9.7475e+01,9.7404e+01,9.7360e+01,9.7295e+01,9.7210e+01,9.7361e+01,9.7301e+01,9.7512e+01,9.7458e+01,9.7051e+01,9.6342e+01,9.6151e+01,9.5777e+01,9.5221e+01,9.5113e+01,9.5240e+01,9.4956e+01,9.4584e+01,9.4636e+01,9.4753e+01,9.5111e+01,9.5104e+01,9.5274e+01,9.5283e+01,9.5109e+01,9.4685e+01,9.4415e+01,9.5164e+01,9.6282e+01,9.7233e+01,9.8856e+01,1.0074e+02,1.0231e+02,1.0419e+02,1.0609e+02,1.0734e+02,1.0886e+02,1.0997e+02,1.1200e+02,1.1357e+02,1.1510e+02,1.1632e+02,1.1736e+02,1.1728e+02,1.1714e+02,1.1661e+02,1.1546e+02,1.1551e+02,1.1534e+02,1.1461e+02,1.1297e+02,1.1295e+02,1.1319e+02,1.1188e+02,1.0956e+02,1.0833e+02,1.0576e+02,1.0344e+02,1.0268e+02,1.0013e+02,9.8006e+01,9.6547e+01,9.3754e+01,9.3052e+01,9.0457e+01,9.0617e+01,8.9553e+01,8.7436e+01,8.4734e+01,8.2748e+01,8.2745e+01,8.0061e+01,7.8843e+01,8.0161e+01,7.8924e+01,7.7754e+01,7.5462e+01,7.3813e+01,7.1542e+01,7.1063e+01,6.8605e+01,6.8407e+01,6.6870e+01,6.5804e+01,6.5220e+01,6.2962e+01,6.2450e+01,6.0338e+01,5.9841e+01,5.8016e+01,5.6520e+01,5.4813e+01,5.4233e+01,5.3226e+01,5.2005e+01,5.1811e+01,5.2221e+01,5.2800e+01,5.2807e+01,5.3288e+01,5.4342e+01,5.5151e+01,5.5952e+01,5.7519e+01,5.8384e+01,5.9362e+01,5.9480e+01,6.0585e+01,6.1743e+01,6.2789e+01,6.4191e+01,6.5020e+01,6.6023e+01,6.5955e+01,6.5719e+01,6.6156e+01,6.6550e+01,6.6581e+01,6.6807e+01,6.7650e+01,6.8489e+01,6.9433e+01,7.0394e+01,7.1535e+01,7.2096e+01,7.2713e+01,7.3510e+01,7.4029e+01,7.4725e+01,7.4769e+01,7.4571e+01
9.7393e+01,9.7322e+01,9.7278e+01,9.7213e+01,9.7128e+01,9.7278e+01,9.7216e+01,9.7427e+01,9.7372e+01,9.6962e+01,9.6253e+01,9.6062e+01,9.5684e+01,9.5124e+01,9.5017e+01,9.5145e+01,9.4858e+01,9.4484e+01,9.4538e+01,9.4654e+01,9.5010e+01,9.5003e+01,9.5174e+01,9.5182e+01,9.5008e+01,9.4585e+01,9.4315e+01,9.5064e+01,9.6180e+01,9.7134e+01,9.8758e+01,1.0064e+02,1.0221e+02,1.0411e+02,1.0600e+02,1.0725e+02,1.0878e+02,1.0989e+02,1.1192e+02,1.1349e+02,1.1503e+02,1.1625e+02,1.1729e+02,1.1721e+02,1.1707e+02,1.1654e+02,1.1539e+02,1.1544e+02,1.1527e+02,1.1455e+02,1.1290e+02,1.1288e+02,1.1312e+02,1.1181e+02,1.0949e+02,1.0826e+02,1.0568e+02,1.0337e+02,1.0260e+02,1.0005e+02,9.7922e+01,9.6462e+01,9.3663e+01,9.2961e+01,9.0360e+01,9.0519e+01,8.9451e+01,8.7329e+01,8.4619e+01,8.2627e+01,8.2624e+01,7.9931e+01,7.8708e+01,8.0031e+01,7.8790e+01,7.7615e+01,7.5314e+01,7.3659e+01,7.1376e+01,7.0894e+01,6.8424e+01,6.8221e+01,6.6675e+01,6.5601e+01,6.5013e+01,6.2740e+01,6.2225e+01,6.0098e+01,5.9594e+01,5.7756e+01,5.6247e+01,5.4521e+01,5.3929e+01,5.2907e+01,5.1667e+01,5.1462e+01,5.1868e+01,5.2440e+01,5.2438e+01,5.2915e+01,5.3969e+01,5.4782e+01,5.5582e+01,5.7155e+01,5.8022e+01,5.8996e+01,5.9109e+01,6.0215e+01,6.1379e+01,6.2426e+01,6.3833e+01,6.4663e+01,6.5670e+01,6.5601e+01,6.5362e+01,6.5801e+01,6.6198e+01,6.6229e+01,6.6455e+01,6.7303e+01,6.8145e+01,6.9097e+01,7.0065e+01,7.1212e+01,7.1775e+01,7.2393e+01,7.3194e+01,7.3715e+01,7.4413e+01,7.4456e+01,7.4257e+01
9.7159e+01,9.7088e+01,9.7045e+01,9.6981e+01,9.6899e+01,9.7045e+01,9.6985e+01,9.7197e+01,9.7144e+01,9.6734e+01,9.6026e+01,9.5836e+01,9.5455e+01,9.4894e+01,9.4788e+01,9.4915e+01,9.4628e+01,9.4253e+01,9.4308e+01,9.4425e+01,9.4783e+01,9.4777e+01,9.4949e+01,9.4955e+01,9.4777e+01,9.4353e+01,9.4082e+01,9.4835e+01,9.5957e+01,9.6913e+01,9.8544e+01,1.0044e+02,1.0201e+02,1.0391e+02,1.0580e+02,1.0706e+02,1.0859e+02,1.0970e+02,1.1173e+02,1.1331e+02,1.1485e+02,1.1608e+02,1.1712e+02,1.1704e+02,1.1690e+02,1.1637e+02,1.1522e+02,1.1526e+02,1.1510e+02,1.1437e+02,1.1271e+02,1.1270e+02,1.1294e+02,1.1163e+02,1.0930e+02,1.0806e+02,1.0548e+02,1.0316e+02,1.0239e+02,9.9831e+01,9.7701e+01,9.6235e+01,9.3430e+01,9.2725e+01,9.0118e+01,9.0278e+01,8.9208e+01,8.7079e+01,8.4360e+01,8.2361e+01,8.2358e+01,7.9653e+01,7.8424e+01,7.9753e+01,7.8506e+01,7.7326e+01,7.5014e+01,7.3350e+01,7.1055e+01,7.0570e+01,6.8084e+01,6.7882e+01,6.6325e+01,6.5243e+01,6.4650e+01,6.2358e+01,6.1838e+01,5.9690e+01,5.9180e+01,5.7322e+01,5.5797e+01,5.4049e+01,5.3448e+01,5.2409e+01,5.1149e+01,5.0934e+01,5.1340e+01,5.1911e+01,5.1904e+01,5.2379e+01,5.3443e+01,5.4261e+01,5.5063e+01,5.6652e+01,5.7525e+01,5.8500e+01,5.8604e+01,5.9711e+01,6.0889e+01,6.1943e+01,6.3360e+01,6.4192e+01,6.5205e+01,6.5133e+01,6.4892e+01,6.5335e+01,6.5733e+01,6.5768e+01,6.5998e+01,6.6852e+01,6.7697e+01,6.8655e+01,6.9628e+01,7.0782e+01,7.1353e+01,7.1980e+01,7.2788e+01,7.3312e+01,7.4013e+01,7.4055e+01,7.3855e+01
9.6870e+01,9.6804e+01,9.6761e+01,9.6698e+01,9.6616e+01,9.6758e+01,9.6696e+01,9.6906e+01,9.6851e+01,9.6442e+01,9.5733e+01,9.5543e+01,9.5162e+01,9.4600e+01,9.4495e+01,9.4624e+01,9.4334e+01,9.3960e+01,9.4018e+01,9.4133e+01,9.4492e+01,9.4489e+01,9.4660e+01,9.4665e+01,9.4485e+01,9.4060e+01,9.3788e+01,9.4543e+01,9.5669e+01,9.6629e+01,9.8266e+01,1.0017e+02,1.0175e+02,1.0365e+02,1.0555e+02,1.0681e+02,1.0835e+02,1.0946e+02,1.1150e+02,1.1309e+02,1.1463e+02,1.1586e+02,1.1691e+02,1.1683e+02,1.1669e+02,1.1616e+02,1.1500e+02,1.1504e+02,1.1487e+02,1.1414e+02,1.1248e+02,1.1246e+02,1.1270e+02,1.1139e+02,1.0906e+02,1.0781e+02,1.0523e+02,1.0290e+02,1.0213e+02,9.9562e+01,9.7426e+01,9.5956e+01,9.3143e+01,9.2435e+01,8.9820e+01,8.9979e+01,8.8904e+01,8.6764e+01,8.4035e+01,8.2026e+01,8.2021e+01,7.9302e+01,7.8067e+01,7.9403e+01,7.8151e+01,7.6962e+01,7.4638e+01,7.2968e+01,7.0656e+01,7.0165e+01,6.7660e+01,6.7453e+01,6.5881e+01,6.4788e+01,6.4188e+01,6.1873e+01,6.1346e+01,5.9175e+01,5.8655e+01,5.6776e+01,5.5237e+01,5.3465e+01,5.2851e+01,5.1796e+01,5.0513e+01,5.0291e+01,5.0697e+01,5.1275e+01,5.1266e+01,5.1745e+01,5.2823e+01,5.3649e+01,5.4457e+01,5.6067e+01,5.6946e+01,5.7931e+01,5.8032e+01,5.9147e+01,6.0341e+01,6.1402e+01,6.2833e+01,6.3670e+01,6.4690e+01,6.4610e+01,6.4369e+01,6.4818e+01,6.5215e+01,6.5251e+01,6.5492e+01,6.6353e+01,6.7202e+01,6.8164e+01,6.9144e+01,7.0303e+01,7.0882e+01,7.1516e+01,7.2331e+01,7.2859e+01,7.3565e+01,7.3607e+01,7.3405e+01
9.6606e+01,9.6542e+01,9.6496e+01,9.6430e+01,9.6346e+01,9.6483e+01,9.6417e+01,9.6620e+01,9.6565e+01,9.6153e+01,9.5445e+01,9.5259e+01,9.4878e+01,9.4315e+01,9.4215e+01,9.4347e+01,9.4055e+01,9.3682e+01,9.3746e+01,9.3864e+01,9.4223e+01,9.4222e+01,9.4394e+01,9.4401e+01,9.4219e+01,9.3793e+01,9.3518e+01,9.4270e+01,9.5396e+01,9.6359e+01,9.7995e+01,9.9903e+01,1.0149e+02,1.0339e+02,1.0529e+02,1.0655e+02,1.0809e+02,1.0921e+02,1.1125e+02,1.1284e+02,1.1439e+02,1.1562e+02,1.1667e+02,1.1659e+02,1.1646e+02,1.1592e+02,1.1476e+02,1.1480e+02,1.1463e+02,1.1390e+02,1.1224e+02,1.1223e+02,1.1247e+02,1.1116e+02,1.0883e+02,1.0758e+02,1.0499e+02,1.0266e+02,1.0190e+02,9.9325e+01,9.7189e+01,9.5720e+01,9.2902e+01,9.2196e+01,8.9576e+01,8.9731e+01,8.8653e+01,8.6504e+01,8.3772e+01,8.1753e+01,8.1742e+01,7.9015e+01,7.7775e+01,7.9117e+01,7.7863e+01,7.6663e+01,7.4332e+01,7.2662e+01,7.0338e+01,6.9836e+01,6.7317e+01,6.7103e+01,6.5518e+01,6.4411e+01,6.3805e+01,6.1476e+01,6.0945e+01,5.8759e+01,5.8227e+01,5.6337e+01,5.4792e+01,5.3002e+01,5.2376e+01,5.1308e+01,5.0012e+01,4.9787e+01,5.0186e+01,5.0765e+01,5.0754e+01,5.1234e+01,5.2315e+01,5.3142e+01,5.3953e+01,5.5572e+01,5.6461e+01,5.7455e+01,5.7557e+01,5.8680e+01,5.9891e+01,6.0956e+01,6.2401e+01,6.3241e+01,6.4272e+01,6.4189e+01,6.3947e+01,6.4402e+01,6.4801e+01,6.4840e+01,6.5089e+01,6.5959e+01,6.6811e+01,6.7781e+01,6.8765e+01,6.9930e+01,7.0516e+01,7.1157e+01,7.1978e+01,7.2511e+01,7.3220e+01,7.3262e+01,7.3060e+01
9.6279e+01,9.6217e+01,9.6173e+01,9.6107e+01,9.6027e+01,9.6164e+01,9.6100e+01,9.6304e+01,9.6249e+01,9.5836e+01,9.5125e+01,9.4939e+01,9.4558e+01,9.3996e+01,9.3895e+01,9.4026e+01,9.3734e+01,9.3363e+01,9.3425e+01,9.3541e+01,9.3902e+01,9.3903e+01,9.4073e+01,9.4079e+01,9.3898e+01,9.3471e+01,9.3198e+01,9.3955e+01,9.5087e+01,9.6053e+01,9.7697e+01,9.9612e+01,1.0120e+02,1.0311e+02,1.0502e+02,1.0628e+02,1.0782e+02,1.0894e+02,1.1099e+02,1.1258e+02,1.1414e+02,1.1537e+02,1.1642e+02,1.1634e+02,1.1621e+02,1.1567e+02,1.1450e+02,1.1454e+02,1.1437e+02,1.1364e+02,1.1197e+02,1.1196e+02,1.1220e+02,1.1088e+02,1.0855e+02,1.0730e+02,1.0470e+02,1.0236e+02,1.0159e+02,9.9015e+01,9.6871e+01,9.5397e+01,9.2569e+01,9.1858e+01,8.9229e+01,8.9384e+01,8.8301e+01,8.6144e+01,8.3399e+01,8.1372e+01,8.1363e+01,7.8622e+01,7.7376e+01,7.8727e+01,7.7469e+01,7.6262e+01,7.3920e+01,7.2241e+01,6.9902e+01,6.9397e+01,6.6861e+01,6.6646e+01,6.5049e+01,6.3935e+01,6.3325e+01,6.0977e+01,6.0442e+01,5.8236e+01,5.7702e+01,5.5790e+01,5.4228e+01,5.2419e+01,5.1788e+01,5.0713e+01,4.9402e+01,4.9182e+01,4.9591e+01,5.0185e+01,5.0179e+01,5.0669e+01,5.1766e+01,5.2603e+01,5.3424e+01,5.5059e+01,5.5955e+01,5.6960e+01,5.7062e+01,5.8196e+01,5.9421e+01,6.0497e+01,6.1956e+01,6.2806e+01,6.3846e+01,6.3765e+01,6.3525e+01,6.3986e+01,6.4390e+01,6.4429e+01,6.4681e+01,6.5561e+01,6.6420e+01,6.7398e+01,6.8391e+01,6.9565e+01,7.0156e+01,7.0806e+01,7.1633e+01,7.2172e+01,7.2887e+01,7.2928e+01,7.2724e+01
9.5901e+01,9.5837e+01,9.5795e+01,9.5729e+01,9.5652e+01,9.5790e+01,9.5730e+01,9.5937e+01,9.5880e+01,9.5468e+01,9.4755e+01,9.4570e+01,9.4189e+01,9.3624e+01,9.3524e+01,9.3652e+01,9.3358e+01,9.2985e+01,9.3046e+01,9.3161e+01,9.3522e+01,9.3523e+01,9.3694e+01,9.3698e+01,9.3515e+01,9.3086e+01,9.2808e+01,9.3565e+01,9.4699e+01,9.5667e+01,9.7315e+01,9.9236e+01,1.0083e+02,1.0274e+02,1.0466e+02,1.0592e+02,1.0747e+02,1.0859e+02,1.1065e+02,1.1225e+02,1.1381e+02,1.1504e+02,1.1609e+02,1.1601e+02,1.1587e+02,1.1534e+02,1.1417e+02,1.1421e+02,1.1404e+02,1.1330e+02,1.1164e+02,1.1162e+02,1.1187e+02,1.1055e+02,1.0820e+02,1.0695e+02,1.0435e+02,1.0201e+02,1.0124e+02,9.8648e+01,9.6500e+01,9.5021e+01,9.2183e+01,9.1471e+01,8.8833e+01,8.8990e+01,8.7907e+01,8.5741e+01,8.2984e+01,8.0946e+01,8.0935e+01,7.8181e+01,7.6925e+01,7.8281e+01,7.7013e+01,7.5799e+01,7.3441e+01,7.1751e+01,6.9394e+01,6.8886e+01,6.6330e+01,6.6110e+01,6.4502e+01,6.3377e+01,6.2768e+01,6.0401e+01,5.9869e+01,5.7646e+01,5.7107e+01,5.5181e+01,5.3601e+01,5.1773e+01,5.1138e+01,5.0049e+01,4.8727e+01,4.8503e+01,4.8921e+01,4.9521e+01,4.9523e+01,5.0022e+01,5.1132e+01,5.1972e+01,5.2809e+01,5.4455e+01,5.5357e+01,5.6370e+01,5.6477e+01,5.7628e+01,5.8869e+01,5.9958e+01,6.1438e+01,6.2294e+01,6.3341e+01,6.3260e+01,6.3025e+01,6.3493e+01,6.3903e+01,6.3946e+01,6.4202e+01,6.5093e+01,6.5964e+01,6.6953e+01,6.7954e+01,6.9139e+01,6.9738e+01,7.0394e+01,7.1231e+01,7.1778e+01,7.2501e+01,7.2543e+01,7.2334e+01
9.5580e+01,9.5517e+01,9.5475e+01,9.5412e+01,9.5336e+01,9.5474e+01,9.5414e+01,9.5621e+01,9.5564e+01,9.5151e+01,9.4438e+01,9.4256e+01,9.3875e+01,9.3310e+01,9.3212e+01,9.3341e+01,9.3043e+01,9.2669e+01,9.2731e+01,9.2846e+01,9.3208e+01,9.3210e+01,9.3381e+01,9.3388e+01,9.3202e+01,9.2773e+01,9.2490e+01,9.3245e+01,9.4382e+01,9.5350e+01,9.7001e+01,9.8928e+01,1.0052e+02,1.0244e+02,1.0436e+02,1.0563e+02,1.0718e+02,1.0830e+02,1.1037e+02,1.1197e+02,1.1354e+02,1.1477e+02,1.1582e+02,1.1575e+02,1.1561e+02,1.1508e+02,1.1391e+02,1.1395e+02,1.1378e+02,1.1305e+02,1.1138e+02,1.1136e+02,1.1161e+02,1.1029e+02,1.0794e+02,1.0668e+02,1.0408e+02,1.0173e+02,1.0096e+02,9.8365e+01,9.6211e+01,9.4730e+01,9.1882e+01,9.1170e+01,8.8521e+01,8.8679e+01,8.7590e+01,8.5412e+01,8.2645e+01,8.0594e+01,8.0579e+01,7.7810e+01,7.6547e+01,7.7911e+01,7.6637e+01,7.5411e+01,7.3040e+01,7.1344e+01,6.8968e+01,6.8451e+01,6.5873e+01,6.5645e+01,6.4021e+01,6.2877e+01,6.2263e+01,5.9874e+01,5.9339e+01,5.7093e+01,5.6542e+01,5.4600e+01,5.3005e+01,5.1153e+01,5.0504e+01,4.9397e+01,4.8058e+01,4.7825e+01,4.8239e+01,4.8839e+01,4.8841e+01,4.9335e+01,5.0452e+01,5.1294e+01,5.2138e+01,5.3797e+01,5.4704e+01,5.5726e+01,5.5836e+01,5.6998e+01,5.8255e+01,5.9354e+01,6.0851e+01,6.1716e+01,6.2772e+01,6.2693e+01,6.2461e+01,6.2937e+01,6.3350e+01,6.3395e+01,6.3657e+01,6.4560e+01,6.5439e+01,6.6439e+01,6.7449e+01,6.8644e+01,6.9248e+01,6.9909e+01,7.0754e+01,7.1302e+01,7.2028e+01,7.2068e+01,7.1856e+01
9.5388e+01,9.5324e+01,9.5282e+01,9.5219e+01,9.5142e+01,9.5280e+01,9.5222e+01,9.5433e+01,9.5377e+01,9.4964e+01,9.4250e+01,9.4072e+01,9.3691e+01,9.3124e+01,9.3029e+01,9.3158e+01,9.2857e+01,9.2482e+01,9.2544e+01,9.2659e+01,9.3022e+01,9.3025e+01,9.3197e+01,9.3206e+01,9.3022e+01,9.2595e+01,9.2309e+01,9.3066e+01,9.4205e+01,9.5173e+01,9.6824e+01,9.8755e+01,1.0035e+02,1.0227e+02,1.0420e+02,1.0546e+02,1.0702e+02,1.0814e+02,1.1021e+02,1.1182e+02,1.1339e+02,1.1462e+02,1.1567e+02,1.1560e+02,1.1546e+02,1.1493e+02,1.1376e+02,1.1381e+02,1.1364e+02,1.1291e+02,1.1123e+02,1.1122e+02,1.1147e+02,1.1014e+02,1.0779e+02,1.0653e+02,1.0392e+02,1.0157e+02,1.0080e+02,9.8200e+01,9.6042e+01,9.4557e+01,9.1703e+01,9.0989e+01,8.8333e+01,8.8491e+01,8.7399e+01,8.5215e+01,8.2440e+01,8.0382e+01,8.0366e+01,7.7586e+01,7.6321e+01,7.7694e+01,7.6418e+01,7.5186e+01,7.2807e+01,7.1108e+01,6.8721e+01,6.8199e+01,6.5610e+01,6.5383e+01,6.3749e+01,6.2601e+01,6.1980e+01,5.9578e+01,5.9037e+01,5.6776e+01,5.6220e+01,5.4263e+01,5.2657e+01,5.0791e+01,5.0136e+01,4.9023e+01,4.7664e+01,4.7428e+01,4.7843e+01,4.8448e+01,4.8447e+01,4.8946e+01,5.0072e+01,5.0923e+01,5.1771e+01,5.3439e+01,5.4352e+01,5.5373e+01,5.5479e+01,5.6641e+01,5.7912e+01,5.9013e+01,6.0522e+01,6.1387e+01,6.2448e+01,6.2364e+01,6.2127e+01,6.2608e+01,6.3025e+01,6.3066e+01,6.3328e+01,6.4238e+01,6.5116e+01,6.6120e+01,6.7134e+01,6.8333e+01,6.8938e+01,6.9603e+01,7.0453e+01,7.1003e+01,7.1730e+01,7.1770e+01,7.1557e+01
9.5056e+01,9.4994e+01,9.4953e+01,9.4893e+01,9.4818e+01,9.4957e+01,9.4898e+01,9.5110e+01,9.5049e+01,9.4636e+01,9.3924e+01,9.3746e+01,9.3364e+01,9.2796e+01,9.2702e+01,9.2831e+01,9.2525e+01,9.2149e+01,9.2213e+01,9.2325e+01,9.2690e+01,9.2696e+01,9.2873e+01,9.2888e+01,9.2707e+01,9.2281e+01,9.1998e+01,9.2758e+01,9.3900e+01,9.4869e+01,9.6527e+01,9.8463e+01,1.0006e+02,1.0199e+02,1.0392e+02,1.0519e+02,1.0675e+02,1.0787e+02,1.0994e+02,1.1155e+02,1.1313e+02,1.1436e+02,1.1541e+02,1.1534e+02,1.1521e+02,1.1467e+02,1.1350e+02,1.1354e+02,1.1337e+02,1.1264e+02,1.1096e+02,1.1095e+02,1.1119e+02,1.0986e+02,1.0750e+02,1.0624e+02,1.0362e+02,1.0127e+02,1.0049e+02,9.7886e+01,9.5720e+01,9.4230e+01,9.1367e+01,9.0647e+01,8.7982e+01,8.8141e+01,8.7045e+01,8.4853e+01,8.2066e+01,8.0001e+01,7.9988e+01,7.7196e+01,7.5928e+01,7.7308e+01,7.6028e+01,7.4791e+01,7.2401e+01,7.0691e+01,6.8291e+01,6.7765e+01,6.5157e+01,6.4931e+01,6.3288e+01,6.2132e+01,6.1509e+01,5.9087e+01,5.8544e+01,5.6264e+01,5.5706e+01,5.3730e+01,5.2101e+01,5.0212e+01,4.9551e+01,4.8422e+01,4.7046e+01,4.6806e+01,4.7229e+01,4.7845e+01,4.7846e+01,4.8347e+01,4.9487e+01,5.0348e+01,5.1208e+01,5.2899e+01,5.3822e+01,5.4860e+01,5.4971e+01,5.6146e+01,5.7433e+01,5.8548e+01,6.0075e+01,6.0948e+01,6.2014e+01,6.1930e+01,6.1699e+01,6.2186e+01,6.2603e+01,6.2649e+01,6.2919e+01,6.3837e+01,6.4723e+01,6.5740e+01,6.6766e+01,6.7976e+01,6.8583e+01,6.9251e+01,7.0106e+01,7.0656e+01,7.1384e+01,7.1421e+01,7.1204e+01
9.4793e+01,9.4732e+01,9.4692e+01,9.4635e+01,9.4561e+01,9.4702e+01,9.4642e+01,9.4856e+01,9.4794e+01,9.4380e+01,9.3667e+01,9.3490e+01,9.3105e+01,9.2533e+01,9.2442e+01,9.2569e+01,9.2257e+01,9.1878e+01,9.1942e+01,9.2052e+01,9.2417e+01,9.2425e+01,9.2603e+01,9.2620e+01,9.2439e+01,9.2014e+01,9.1731e+01,9.2493e+01,9.3638e+01,9.4609e+01,9.6273e+01,9.8214e+01,9.9818e+01,1.0175e+02,1.0368e+02,1.0496e+02,1.0652e+02,1.0765e+02,1.0972e+02,1.1133e+02,1.1291e+02,1.1415e+02,1.1520e+02,1.1513e+02,1.1499e+02,1.1446e+02,1.1328e+02,1.1332e+02,1.1315e+02,1.1242e+02,1.1074e+02,1.1073e+02,1.1097e+02,1.0964e+02,1.0727e+02,1.0601e+02,1.0339e+02,1.0103e+02,1.0025e+02,9.7633e+01,9.5458e+01,9.3965e+01,9.1090e+01,9.0366e+01,8.7691e+01,8.7850e+01,8.6748e+01,8.4546e+01,8.1748e+01,7.9672e+01,7.9659e+01,7.6852e+01,7.5576e+01,7.6964e+01,7.5678e+01,7.4434e+01,7.2031e+01,7.0313e+01,6.7895e+01,6.7363e+01,6.4734e+01,6.4505e+01,6.2848e+01,6.1680e+01,6.1052e+01,5.8605e+01,5.8059e+01,5.5754e+01,5.5190e+01,5.3192e+01,5.1540e+01,4.9623e+01,4.8949e+01,4.7800e+01,4.6399e+01,4.6147e+01,4.6575e+01,4.7198e+01,4.7196e+01,4.7702e+01,4.8858e+01,4.9730e+01,5.0598e+01,5.2307e+01,5.3244e+01,5.4287e+01,5.4395e+01,5.5581e+01,5.6885e+01,5.8012e+01,5.9553e+01,6.0433e+01,6.1509e+01,6.1428e+01,6.1201e+01,6.1694e+01,6.2117e+01,6.2167e+01,6.2442e+01,6.3373e+01,6.4267e+01,6.5297e+01,6.6332e+01,6.7554e+01,6.8165e+01,6.8836e+01,6.9698e+01,7.0250e+01,7.0979e+01,7.1013e+01,7.0795e+01
9.4494e+01,9.4434e+01,9.4394e+01,9.4340e+01,9.4270e+01,9.4415e+01,9.4357e+01,9.4576e+01,9.4514e+01,9.4101e+01,9.3387e+01,9.3209e+01,9.2824e+01,9.2247e+01,9.2157e+01,9.2284e+01,9.1969e+01,9.1588e+01,9.1653e+01,9.1763e+01,9.2128e+01,9.2137e+01,9.2317e+01,9.2335e+01,9.2152e+01,9.1725e+01,9.1441e+01,9.2203e+01,9.3349e+01,9.4324e+01,9.5992e+01,9.7938e+01,9.9545e+01,1.0148e+02,1.0342e+02,1.0469e+02,1.0626e+02,1.0739e+02,1.0947e+02,1.1108e+02,1.1266e+02,1.1390e+02,1.1495e+02,1.1488e+02,1.1475e+02,1.1421e+02,1.1303e+02,1.1307e+02,1.1290e+02,1.1217e+02,1.1049e+02,1.1047e+02,1.1072e+02,1.0938e+02,1.0701e+02,1.0575e+02,1.0312e+02,1.0076e+02,9.9977e+01,9.7358e+01,9.5178e+01,9.3683e+01,9.0800e+01,9.0073e+01,8.7391e+01,8.7549e+01,8.6444e+01,8.4234e+01,8.1426e+01,7.9343e+01,7.9330e+01,7.6512e+01,7.5229e+01,7.6621e+01,7.5330e+01,7.4081e+01,7.1669e+01,6.9943e+01,6.7513e+01,6.6978e+01,6.4333e+01,6.4109e+01,6.2443e+01,6.1274e+01,6.0644e+01,5.8182e+01,5.7634e+01,5.5313e+01,5.4754e+01,5.2738e+01,5.1065e+01,4.9133e+01,4.8463e+01,4.7308e+01,4.5890e+01,4.5640e+01,4.6085e+01,4.6724e+01,4.6726e+01,4.7244e+01,4.8413e+01,4.9296e+01,5.0176e+01,5.1901e+01,5.2850e+01,5.3906e+01,5.4021e+01,5.5219e+01,5.6539e+01,5.7674e+01,5.9230e+01,6.0115e+01,6.1192e+01,6.1110e+01,6.0886e+01,6.1381e+01,6.1802e+01,6.1854e+01,6.2133e+01,6.3070e+01,6.3971e+01,6.5013e+01,6.6055e+01,6.7283e+01,6.7895e+01,6.8568e+01,6.9433e+01,6.9985e+01,7.0713e+01,7.0746e+01,7.0524e+01
9.4193e+01,9.4134e+01,9.4097e+01,9.4045e+01,9.3977e+01,9.4120e+01,9.4061e+01,9.4278e+01,9.4213e+01,9.3802e+01,9.3090e+01,9.2916e+01,9.2531e+01,9.1956e+01,9.1870e+01,9.1995e+01,9.1678e+01,9.1298e+01,9.1364e+01,9.1475e+01,9.1843e+01,9.1860e+01,9.2045e+01,9.2071e+01,9.1893e+01,9.1466e+01,9.1186e+01,9.1950e+01,9.3097e+01,9.4071e+01,9.5745e+01,9.7695e+01,9.9305e+01,1.0125e+02,1.0318e+02,1.0446e+02,1.0603e+02,1.0716e+02,1.0924e+02,1.1085e+02,1.1243e+02,1.1367e+02,1.1472e+02,1.1465e+02,1.1451e+02,1.1398e+02,1.1280e+02,1.1284e+02,1.1266e+02,1.1193e+02,1.1025e+02,1.1023e+02,1.1048e+02,1.0914e+02,1.0677e+02,1.0550e+02,1.0286e+02,1.0050e+02,9.9713e+01,9.7089e+01,9.4903e+01,9.3404e+01,9.0515e+01,8.9784e+01,8.7096e+01,8.7253e+01,8.6145e+01,8.3929e+01,8.1114e+01,7.9025e+01,7.9014e+01,7.6187e+01,7.4902e+01,7.6299e+01,7.5005e+01,7.3753e+01,7.1334e+01,6.9602e+01,6.7163e+01,6.6625e+01,6.3969e+01,6.3746e+01,6.2075e+01,6.0901e+01,6.0269e+01,5.7795e+01,5.7247e+01,5.4916e+01,5.4356e+01,5.2329e+01,5.0645e+01,4.8704e+01,4.8032e+01,4.6871e+01,4.5445e+01,4.5198e+01,4.5641e+01,4.6287e+01,4.6287e+01,4.6805e+01,4.7984e+01,4.8874e+01,4.9757e+01,5.1495e+01,5.2463e+01,5.3535e+01,5.3650e+01,5.4852e+01,5.6186e+01,5.7330e+01,5.8894e+01,5.9784e+01,6.0866e+01,6.0789e+01,6.0566e+01,6.1061e+01,6.1484e+01,6.1541e+01,6.1823e+01,6.2762e+01,6.3669e+01,6.4719e+01,6.5770e+01,6.7010e+01,6.7621e+01,6.8296e+01,6.9163e+01,6.9718e+01,7.0449e+01,7.0482e+01,7.0258e+01
9.3861e+01,9.3802e+01,9.3769e+01,9.3716e+01,9.3651e+01,9.3796e+01,9.3736e+01,9.3952e+01,9.3884e+01,9.3475e+01,9.2764e+01,9.2588e+01,9.2200e+01,9.1628e+01,9.1545e+01,9.1669e+01,9.1350e+01,9.0972e+01,9.1039e+01,9.1147e+01,9.1520e+01,9.1542e+01,9.1733e+01,9.1763e+01,9.1588e+01,9.1162e+01,9.0884e+01,9.1649e+01,9.2795e+01,9.3774e+01,9.5450e+01,9.7407e+01,9.9019e+01,1.0096e+02,1.0290e+02,1.0418e+02,1.0575e+02,1.0689e+02,1.0896e+02,1.1058e+02,1.1216e+02,1.1340e+02,1.1445e+02,1.1438e+02,1.1424e+02,1.1370e+02,1.1252e+02,1.1256e+02,1.1238e+02,1.1165e+02,1.0996e+02,1.0994e+02,1.1020e+02,1.0885e+02,1.0648e+02,1.0521e+02,1.0257e+02,1.0020e+02,9.9414e+01,9.6784e+01,9.4594e+01,9.3095e+01,9.0195e+01,8.9462e+01,8.6765e+01,8.6919e+01,8.5806e+01,8.3581e+01,8.0755e+01,7.8656e+01,7.8642e+01,7.5803e+01,7.4511e+01,7.5915e+01,7.4616e+01,7.3356e+01,7.0926e+01,6.9188e+01,6.6732e+01,6.6185e+01,6.3512e+01,6.3283e+01,6.1597e+01,6.0409e+01,5.9768e+01,5.7272e+01,5.6716e+01,5.4361e+01,5.3790e+01,5.1740e+01,5.0046e+01,4.8081e+01,4.7393e+01,4.6216e+01,4.4772e+01,4.4522e+01,4.4957e+01,4.5609e+01,4.5598e+01,4.6117e+01,4.7305e+01,4.8206e+01,4.9100e+01,5.0860e+01,5.1848e+01,5.2949e+01,5.3072e+01,5.4290e+01,5.5644e+01,5.6809e+01,5.8392e+01,5.9295e+01,6.0387e+01,6.0310e+01,6.0092e+01,6.0593e+01,6.1014e+01,6.1077e+01,6.1370e+01,6.2310e+01,6.3222e+01,6.4284e+01,6.5341e+01,6.6590e+01,6.7204e+01,6.7884e+01,6.8755e+01,6.9315e+01,7.0050e+01,7.0084e+01,6.9860e+01
9.3492e+01,9.3433e+01,9.3403e+01,9.3352e+01,9.3290e+01,9.3440e+01,9.3380e+01,9.3597e+01,9.3529e+01,9.3118e+01,9.2404e+01,9.2226e+01,9.1836e+01,9.1260e+01,9.1177e+01,9.1302e+01,9.0981e+01,9.0602e+01,9.0670e+01,9.0779e+01,9.1154e+01,9.1177e+01,9.1370e+01,9.1403e+01,9.1231e+01,9.0808e+01,9.0531e+01,9.1303e+01,9.2455e+01,9.3438e+01,9.5122e+01,9.7082e+01,9.8698e+01,1.0065e+02,1.0259e+02,1.0387e+02,1.0544e+02,1.0658e+02,1.0866e+02,1.1028e+02,1.1186e+02,1.1309e+02,1.1414e+02,1.1407e+02,1.1393e+02,1.1339e+02,1.1220e+02,1.1224e+02,1.1206e+02,1.1133e+02,1.0964e+02,1.0962e+02,1.0988e+02,1.0853e+02,1.0615e+02,1.0488e+02,1.0224e+02,9.9857e+01,9.9074e+01,9.6438e+01,9.4240e+01,9.2739e+01,8.9829e+01,8.9092e+01,8.6385e+01,8.6535e+01,8.5414e+01,8.3178e+01,8.0341e+01,7.8231e+01,7.8215e+01,7.5361e+01,7.4065e+01,7.5480e+01,7.4179e+01,7.2911e+01,7.0469e+01,6.8724e+01,6.6252e+01,6.5696e+01,6.3002e+01,6.2771e+01,6.1069e+01,5.9869e+01,5.9217e+01,5.6693e+01,5.6125e+01,5.3740e+01,5.3159e+01,5.1079e+01,4.9363e+01,4.7363e+01,4.6659e+01,4.5464e+01,4.3988e+01,4.3737e+01,4.4173e+01,4.4841e+01,4.4823e+01,4.5357e+01,4.6567e+01,4.7498e+01,4.8411e+01,5.0204e+01,5.1222e+01,5.2342e+01,5.2471e+01,5.3706e+01,5.5079e+01,5.6263e+01,5.7864e+01,5.8788e+01,5.9890e+01,5.9814e+01,5.9596e+01,6.0099e+01,6.0520e+01,6.0582e+01,6.0883e+01,6.1831e+01,6.2753e+01,6.3830e+01,6.4896e+01,6.6154e+01,6.6777e+01,6.7467e+01,6.8348e+01,6.8915e+01,6.9655e+01,6.9689e+01,6.9461e+01
9.3350e+01,9.3292e+01,9.3261e+01,9.3211e+01,9.3149e+01,9.3301e+01,9.3238e+01,9.3455e+01,9.3387e+01,9.2978e+01,9.2262e+01,9.2083e+01,9.1695e+01,9.1120e+01,9.1038e+01,9.1166e+01,9.0847e+01,9.0467e+01,9.0536e+01,9.0645e+01,9.1024e+01,9.1049e+01,9.1244e+01,9.1278e+01,9.1107e+01,9.0683e+01,9.0407e+01,9.1183e+01,9.2340e+01,9.3328e+01,9.5017e+01,9.6981e+01,9.8599e+01,1.0055e+02,1.0249e+02,1.0378e+02,1.0535e+02,1.0649e+02,1.0857e+02,1.1019e+02,1.1177e+02,1.1301e+02,1.1406e+02,1.1399e+02,1.1384e+02,1.1330e+02,1.1212e+02,1.1216e+02,1.1198e+02,1.1125e+02,1.0955e+02,1.0954e+02,1.0980e+02,1.0845e+02,1.0606e+02,1.0479e+02,1.0214e+02,9.9756e+01,9.8972e+01,9.6330e+01,9.4126e+01,9.2622e+01,8.9702e+01,8.8963e+01,8.6248e+01,8.6397e+01,8.5270e+01,8.3025e+01,8.0178e+01,7.8059e+01,7.8041e+01,7.5175e+01,7.3873e+01,7.5295e+01,7.3990e+01,7.2716e+01,7.0263e+01,6.8510e+01,6.6022e+01,6.5461e+01,6.2748e+01,6.2514e+01,6.0796e+01,5.9585e+01,5.8924e+01,5.6374e+01,5.5796e+01,5.3384e+01,5.2791e+01,5.0686e+01,4.8951e+01,4.6920e+01,4.6195e+01,4.4977e+01,4.3475e+01,4.3212e+01,4.3644e+01,4.4319e+01,4.4288e+01,4.4830e+01,4.6053e+01,4.7004e+01,4.7924e+01,4.9737e+01,5.0775e+01,5.1897e+01,5.2024e+01,5.3267e+01,5.4650e+01,5.5841e+01,5.7452e+01,5.8386e+01,5.9492e+01,5.9415e+01,5.9192e+01,5.9693e+01,6.0111e+01,6.0167e+01,6.0467e+01,6.1415e+01,6.2339e+01,6.3420e+01,6.4490e+01,6.5752e+01,6.6378e+01,6.7071e+01,6.7956e+01,6.8527e+01,6.9271e+01,6.9303e+01,6.9077e+01
9.3119e+01,9.3059e+01,9.3028e+01,9.2976e+01,9.2916e+01,9.3068e+01,9.3004e+01,9.3219e+01,9.3150e+01,9.2738e+01,9.2021e+01,9.1841e+01,9.1450e+01,9.0868e+01,9.0789e+01,9.0921e+01,9.0602e+01,9.0222e+01,9.0295e+01,9.0403e+01,9.0779e+01,9.0800e+01,9.0996e+01,9.1025e+01,9.0851e+01,9.0422e+01,9.0141e+01,9.0917e+01,9.2075e+01,9.3071e+01,9.4764e+01,9.6734e+01,9.8358e+01,1.0031e+02,1.0226e+02,1.0355e+02,1.0513e+02,1.0627e+02,1.0835e+02,1.0998e+02,1.1156e+02,1.1280e+02,1.1385e+02,1.1377e+02,1.1363e+02,1.1309e+02,1.1190e+02,1.1194e+02,1.1176e+02,1.1104e+02,1.0935e+02,1.0933e+02,1.0960e+02,1.0826e+02,1.0587e+02,1.0460e+02,1.0195e+02,9.9555e+01,9.8778e+01,9.6132e+01,9.3924e+01,9.2423e+01,8.9490e+01,8.8753e+01,8.6026e+01,8.6168e+01,8.5033e+01,8.2772e+01,7.9918e+01,7.7781e+01,7.7754e+01,7.4871e+01,7.3562e+01,7.4996e+01,7.3685e+01,7.2394e+01,6.9926e+01,6.8169e+01,6.5658e+01,6.5079e+01,6.2340e+01,6.2091e+01,6.0347e+01,5.9113e+01,5.8437e+01,5.5857e+01,5.5265e+01,5.2820e+01,5.2204e+01,5.0070e+01,4.8324e+01,4.6250e+01,4.5491e+01,4.4241e+01,4.2704e+01,4.2426e+01,4.2839e+01,4.3512e+01,4.3457e+01,4.3995e+01,4.5218e+01,4.6176e+01,4.7094e+01,4.8929e+01,4.9986e+01,5.1126e+01,5.1255e+01,5.2513e+01,5.3913e+01,5.5126e+01,5.6757e+01,5.7704e+01,5.8821e+01,5.8738e+01,5.8513e+01,5.9021e+01,5.9441e+01,5.9498e+01,5.9806e+01,6.0764e+01,6.1695e+01,6.2788e+01,6.3867e+01,6.5138e+01,6.5770e+01,6.6473e+01,6.7366e+01,6.7945e+01,6.8693e+01,6.8723e+01,6.8494e+01
9.3002e+01,9.2941e+01,9.2910e+01,9.2859e+01,9.2802e+01,9.2955e+01,9.2891e+01,9.3107e+01,9.3041e+01,9.2631e+01,9.1911e+01,9.1733e+01,9.1345e+01,9.0763e+01,9.0686e+01,9.0821e+01,9.0503e+01,9.0126e+01,9.0201e+01,9.0309e+01,9.0686e+01,9.0708e+01,9.0902e+01,9.0929e+01,9.0754e+01,9.0327e+01,9.0046e+01,9.0824e+01,9.1987e+01,9.2990e+01,9.4688e+01,9.6664e+01,9.8293e+01,1.0025e+02,1.0220e+02,1.0350e+02,1.0508e+02,1.0622e+02,1.0831e+02,1.0994e+02,1.1152e+02,1.1276e+02,1.1381e+02,1.1374e+02,1.1359e+02,1.1305e+02,1.1186e+02,1.1191e+02,1.1173e+02,1.1101e+02,1.0931e+02,1.0930e+02,1.0957e+02,1.0822e+02,1.0583e+02,1.0456e+02,1.0190e+02,9.9501e+01,9.8723e+01,9.6073e+01,9.3858e+01,9.2354e+01,8.9409e+01,8.8670e+01,8.5931e+01,8.6068e+01,8.4924e+01,8.2649e+01,7.9785e+01,7.7632e+01,7.7598e+01,7.4697e+01,7.3378e+01,7.4823e+01,7.3507e+01,7.2201e+01,6.9720e+01,6.7957e+01,6.5423e+01,6.4830e+01,6.2066e+01,6.1806e+01,6.0038e+01,5.8783e+01,5.8091e+01,5.5478e+01,5.4870e+01,5.2390e+01,5.1751e+01,4.9586e+01,4.7822e+01,4.5707e+01,4.4917e+01,4.3634e+01,4.2061e+01,4.1758e+01,4.2162e+01,4.2831e+01,4.2758e+01,4.3295e+01,4.4519e+01,4.5489e+01,4.6402e+01,4.8255e+01,4.9333e+01,5.0470e+01,5.0586e+01,5.1847e+01,5.3262e+01,5.4484e+01,5.6132e+01,5.7081e+01,5.8205e+01,5.8111e+01,5.7883e+01,5.8399e+01,5.8815e+01,5.8868e+01,5.9178e+01,6.0141e+01,6.1075e+01,6.2175e+01,6.3261e+01,6.4536e+01,6.5171e+01,6.5879e+01,6.6778e+01,6.7362e+01,6.8114e+01,6.8145e+01,6.7915e+01
9.2921e+01,9.2860e+01,9.2830e+01,9.2782e+01,9.2727e+01,9.2882e+01,9.2821e+01,9.3039e+01,9.2975e+01,9.2567e+01,9.1842e+01,9.1665e+01,9.1277e+01,9.0697e+01,9.0620e+01,9.0756e+01,9.0441e+01,9.0064e+01,9.0139e+01,9.0246e+01,9.0626e+01,9.0647e+01,9.0840e+01,9.0866e+01,9.0694e+01,9.0269e+01,8.9993e+01,9.0776e+01,9.1945e+01,9.2947e+01,9.4652e+01,9.6630e+01,9.8263e+01,1.0023e+02,1.0219e+02,1.0348e+02,1.0507e+02,1.0622e+02,1.0831e+02,1.0993e+02,1.1152e+02,1.1276e+02,1.1381e+02,1.1374e+02,1.1359e+02,1.1305e+02,1.1186e+02,1.1190e+02,1.1173e+02,1.1100e+02,1.0931e+02,1.0929e+02,1.0956e+02,1.0821e+02,1.0581e+02,1.0453e+02,1.0187e+02,9.9465e+01,9.8682e+01,9.6027e+01,9.3804e+01,9.2296e+01,8.9343e+01,8.8598e+01,8.5851e+01,8.5988e+01,8.4838e+01,8.2556e+01,7.9682e+01,7.7522e+01,7.7490e+01,7.4577e+01,7.3255e+01,7.4706e+01,7.3388e+01,7.2079e+01,6.9588e+01,6.7818e+01,6.5273e+01,6.4677e+01,6.1899e+01,6.1639e+01,5.9861e+01,5.8601e+01,5.7903e+01,5.5271e+01,5.4656e+01,5.2154e+01,5.1511e+01,4.9323e+01,4.7538e+01,4.5397e+01,4.4594e+01,4.3291e+01,4.1692e+01,4.1380e+01,4.1787e+01,4.2464e+01,4.2382e+01,4.2923e+01,4.4152e+01,4.5140e+01,4.6057e+01,4.7924e+01,4.9019e+01,5.0153e+01,5.0254e+01,5.1514e+01,5.2935e+01,5.4160e+01,5.5815e+01,5.6762e+01,5.7886e+01,5.7785e+01,5.7554e+01,5.8073e+01,5.8483e+01,5.8534e+01,5.8841e+01,5.9805e+01,6.0741e+01,6.1846e+01,6.2939e+01,6.4219e+01,6.4852e+01,6.5562e+01,6.6464e+01,6.7049e+01,6.7801e+01,6.7830e+01,6.7599e+01
9.2799e+01,9.2737e+01,9.2710e+01,9.2664e+01,9.2611e+01,9.2768e+01,9.2707e+01,9.2926e+01,9.2860e+01,9.2449e+01,9.1722e+01,9.1544e+01,9.1154e+01,9.0568e+01,9.0493e+01,9.0628e+01,9.0309e+01,8.9931e+01,9.0008e+01,9.0112e+01,9.0492e+01,9.0513e+01,9.0706e+01,9.0734e+01,9.0561e+01,9.0133e+01,8.9855e+01,9.0638e+01,9.1811e+01,9.2819e+01,9.4531e+01,9.6516e+01,9.8154e+01,1.0013e+02,1.0209e+02,1.0339e+02,1.0497e+02,1.0613e+02,1.0822e+02,1.0985e+02,1.1144e+02,1.1269e+02,1.1374e+02,1.1366e+02,1.1352e+02,1.1297e+02,1.1178e+02,1.1182e+02,1.1165e+02,1.1093e+02,1.0923e+02,1.0921e+02,1.0948e+02,1.0813e+02,1.0573e+02,1.0445e+02,1.0178e+02,9.9365e+01,9.8582e+01,9.5925e+01,9.3694e+01,9.2187e+01,8.9223e+01,8.8475e+01,8.5715e+01,8.5844e+01,8.4681e+01,8.2383e+01,7.9502e+01,7.7325e+01,7.7284e+01,7.4352e+01,7.3022e+01,7.4490e+01,7.3173e+01,7.1847e+01,6.9348e+01,6.7578e+01,6.5012e+01,6.4397e+01,6.1595e+01,6.1326e+01,5.9519e+01,5.8238e+01,5.7518e+01,5.4852e+01,5.4214e+01,5.1674e+01,5.1003e+01,4.8782e+01,4.6986e+01,4.4803e+01,4.3968e+01,4.2636e+01,4.0995e+01,4.0661e+01,4.1053e+01,4.1729e+01,4.1627e+01,4.2173e+01,4.3409e+01,4.4414e+01,4.5331e+01,4.7218e+01,4.8334e+01,4.9463e+01,4.9562e+01,5.0821e+01,5.2258e+01,5.3491e+01,5.5163e+01,5.6107e+01,5.7232e+01,5.7113e+01,5.6880e+01,5.7409e+01,5.7814e+01,5.7863e+01,5.8176e+01,5.9150e+01,6.0089e+01,6.1200e+01,6.2301e+01,6.3590e+01,6.4229e+01,6.4945e+01,6.5856e+01,6.6446e+01,6.7202e+01,6.7231e+01,6.6999e+01
9.2791e+01,9.2728e+01,9.2703e+01,9.2660e+01,9.2607e+01,9.2767e+01,9.2707e+01,9.2931e+01,9.2864e+01,9.2456e+01,9.1727e+01,9.1545e+01,9.1155e+01,9.0566e+01,9.0486e+01,9.0615e+01,9.0295e+01,8.9912e+01,8.9983e+01,9.0084e+01,9.0466e+01,9.0488e+01,9.0677e+01,9.0706e+01,9.0533e+01,9.0106e+01,8.9828e+01,9.0613e+01,9.1789e+01,9.2805e+01,9.4527e+01,9.6515e+01,9.8160e+01,1.0014e+02,1.0211e+02,1.0341e+02,1.0500e+02,1.0616e+02,1.0826e+02,1.0989e+02,1.1149e+02,1.1273e+02,1.1379e+02,1.1371e+02,1.1356e+02,1.1301e+02,1.1182e+02,1.1187e+02,1.1169e+02,1.1097e+02,1.0926e+02,1.0924e+02,1.0951e+02,1.0815e+02,1.0574e+02,1.0445e+02,1.0178e+02,9.9354e+01,9.8564e+01,9.5900e+01,9.3657e+01,9.2147e+01,8.9173e+01,8.8416e+01,8.5646e+01,8.5770e+01,8.4595e+01,8.2286e+01,7.9395e+01,7.7208e+01,7.7169e+01,7.4219e+01,7.2885e+01,7.4366e+01,7.3050e+01,7.1717e+01,6.9211e+01,6.7436e+01,6.4853e+01,6.4229e+01,6.1406e+01,6.1136e+01,5.9309e+01,5.8015e+01,5.7278e+01,5.4581e+01,5.3923e+01,5.1348e+01,5.0658e+01,4.8399e+01,4.6583e+01,4.4357e+01,4.3494e+01,4.2135e+01,4.0445e+01,4.0097e+01,4.0482e+01,4.1165e+01,4.1032e+01,4.1580e+01,4.2821e+01,4.3846e+01,4.4760e+01,4.6670e+01,4.7802e+01,4.8925e+01,4.9012e+01,5.0266e+01,5.1714e+01,5.2945e+01,5.4623e+01,5.5565e+01,5.6683e+01,5.6560e+01,5.6325e+01,5.6848e+01,5.7251e+01,5.7303e+01,5.7618e+01,5.8589e+01,5.9534e+01,6.0648e+01,6.1753e+01,6.3047e+01,6.3688e+01,6.4405e+01,6.5321e+01,6.5914e+01,6.6672e+01,6.6702e+01,6.6472e+01
9.2648e+01,9.2583e+01,9.2558e+01,9.2516e+01,9.2465e+01,9.2628e+01,9.2571e+01,9.2797e+01,9.2731e+01,9.2326e+01,9.1592e+01,9.1408e+01,9.1019e+01,9.0428e+01,9.0343e+01,9.0468e+01,9.0147e+01,8.9760e+01,8.9824e+01,8.9923e+01,9.0306e+01,9.0325e+01,9.0511e+01,9.0538e+01,9.0361e+01,8.9929e+01,8.9651e+01,9.0438e+01,9.1622e+01,9.2648e+01,9.4379e+01,9.6373e+01,9.8026e+01,1.0001e+02,1.0199e+02,1.0330e+02,1.0489e+02,1.0606e+02,1.0817e+02,1.0980e+02,1.1140e+02,1.1265e+02,1.1370e+02,1.1362e+02,1.1347e+02,1.1292e+02,1.1172e+02,1.1177e+02,1.1159e+02,1.1086e+02,1.0916e+02,1.0913e+02,1.0940e+02,1.0804e+02,1.0563e+02,1.0432e+02,1.0165e+02,9.9212e+01,9.8417e+01,9.5748e+01,9.3495e+01,9.1981e+01,8.8998e+01,8.8234e+01,8.5452e+01,8.5572e+01,8.4388e+01,8.2068e+01,7.9166e+01,7.6969e+01,7.6928e+01,7.3961e+01,7.2620e+01,7.4114e+01,7.2796e+01,7.1453e+01,6.8937e+01,6.7156e+01,6.4556e+01,6.3922e+01,6.1077e+01,6.0802e+01,5.8955e+01,5.7644e+01,5.6893e+01,5.4165e+01,5.3494e+01,5.0885e+01,5.0176e+01,4.7884e+01,4.6050e+01,4.3782e+01,4.2889e+01,4.1499e+01,3.9768e+01,3.9401e+01,3.9779e+01,4.0466e+01,4.0312e+01,4.0864e+01,4.2118e+01,4.3164e+01,4.4089e+01,4.6035e+01,4.7195e+01,4.8327e+01,4.8406e+01,4.9672e+01,5.1134e+01,5.2382e+01,5.4082e+01,5.5040e+01,5.6165e+01,5.6044e+01,5.5808e+01,5.6334e+01,5.6738e+01,5.6795e+01,5.7113e+01,5.8089e+01,5.9043e+01,6.0162e+01,6.1273e+01,6.2576e+01,6.3222e+01,6.3946e+01,6.4871e+01,6.5470e+01,6.6228e+01,6.6257e+01,6.6027e+01
9.2533e+01,9.2469e+01,9.2445e+01,9.2402e+01,9.2353e+01,9.2520e+01,9.2463e+01,9.2691e+01,9.2621e+01,9.2214e+01,9.1482e+01,9.1299e+01,9.0909e+01,9.0315e+01,9.0227e+01,9.0346e+01,9.0021e+01,8.9630e+01,8.9690e+01,8.9785e+01,9.0168e+01,9.0189e+01,9.0375e+01,9.0405e+01,9.0226e+01,8.9790e+01,8.9511e+01,9.0300e+01,9.1493e+01,9.2526e+01,9.4266e+01,9.6263e+01,9.7921e+01,9.9911e+01,1.0189e+02,1.0320e+02,1.0480e+02,1.0597e+02,1.0808e+02,1.0972e+02,1.1132e+02,1.1257e+02,1.1362e+02,1.1354e+02,1.1339e+02,1.1284e+02,1.1164e+02,1.1168e+02,1.1150e+02,1.1077e+02,1.0906e+02,1.0903e+02,1.0930e+02,1.0794e+02,1.0552e+02,1.0421e+02,1.0153e+02,9.9086e+01,9.8286e+01,9.5613e+01,9.3352e+01,9.1835e+01,8.8843e+01,8.8073e+01,8.5284e+01,8.5400e+01,8.4207e+01,8.1879e+01,7.8969e+01,7.6762e+01,7.6720e+01,7.3740e+01,7.2393e+01,7.3895e+01,7.2574e+01,7.1223e+01,6.8698e+01,6.6912e+01,6.4298e+01,6.3654e+01,6.0790e+01,6.0508e+01,5.8644e+01,5.7317e+01,5.6555e+01,5.3797e+01,5.3114e+01,5.0474e+01,4.9749e+01,4.7425e+01,4.5573e+01,4.3264e+01,4.2342e+01,4.0920e+01,3.9154e+01,3.8769e+01,3.9129e+01,3.9815e+01,3.9639e+01,4.0195e+01,4.1462e+01,4.2543e+01,4.3483e+01,4.5463e+01,4.6652e+01,4.7791e+01,4.7870e+01,4.9136e+01,5.0616e+01,5.1874e+01,5.3591e+01,5.4560e+01,5.5690e+01,5.5571e+01,5.5337e+01,5.5862e+01,5.6265e+01,5.6327e+01,5.6650e+01,5.7633e+01,5.8597e+01,5.9724e+01,6.0846e+01,6.2161e+01,6.2814e+01,6.3544e+01,6.4478e+01,6.5080e+01,6.5842e+01,6.5866e+01,6.5632e+01
9.2284e+01,9.2219e+01,9.2194e+01,9.2154e+01,9.2110e+01,9.2277e+01,9.2224e+01,9.2457e+01,9.2388e+01,9.1984e+01,9.1250e+01,9.1065e+01,9.0675e+01,9.0079e+01,8.9986e+01,9.0101e+01,8.9774e+01,8.9379e+01,8.9432e+01,8.9522e+01,8.9904e+01,8.9922e+01,9.0104e+01,9.0128e+01,8.9943e+01,8.9500e+01,8.9221e+01,9.0012e+01,9.1212e+01,9.2250e+01,9.3999e+01,9.6005e+01,9.7671e+01,9.9671e+01,1.0166e+02,1.0298e+02,1.0459e+02,1.0576e+02,1.0788e+02,1.0952e+02,1.1112e+02,1.1237e+02,1.1342e+02,1.1333e+02,1.1317e+02,1.1262e+02,1.1141e+02,1.1146e+02,1.1128e+02,1.1055e+02,1.0883e+02,1.0880e+02,1.0907e+02,1.0771e+02,1.0529e+02,1.0397e+02,1.0128e+02,9.8830e+01,9.8026e+01,9.5347e+01,9.3077e+01,9.1559e+01,8.8557e+01,8.7783e+01,8.4982e+01,8.5093e+01,8.3891e+01,8.1551e+01,7.8632e+01,7.6416e+01,7.6374e+01,7.3377e+01,7.2023e+01,7.3535e+01,7.2212e+01,7.0854e+01,6.8321e+01,6.6531e+01,6.3901e+01,6.3249e+01,6.0367e+01,6.0083e+01,5.8202e+01,5.6867e+01,5.6092e+01,5.3308e+01,5.2612e+01,4.9946e+01,4.9210e+01,4.6862e+01,4.4992e+01,4.2656e+01,4.1719e+01,4.0276e+01,3.8480e+01,3.8090e+01,3.8458e+01,3.9157e+01,3.8980e+01,3.9547e+01,4.0844e+01,4.1950e+01,4.2917e+01,4.4938e+01,4.6151e+01,4.7309e+01,4.7392e+01,4.8670e+01,5.0168e+01,5.1449e+01,5.3186e+01,5.4164e+01,5.5302e+01,5.5177e+01,5.4935e+01,5.5465e+01,5.5869e+01,5.5937e+01,5.6264e+01,5.7252e+01,5.8220e+01,5.9350e+01,6.0481e+01,6.1804e+01,6.2458e+01,6.3193e+01,6.4131e+01,6.4738e+01,6.5503e+01,6.5526e+01,6.5291e+01
9.2267e+01,9.2202e+01,9.2177e+01,9.2139e+01,9.2099e+01,9.2270e+01,9.2218e+01,9.2453e+01,9.2380e+01,9.1974e+01,9.1245e+01,9.1059e+01,9.0665e+01,9.0067e+01,8.9973e+01,9.0082e+01,8.9747e+01,8.9347e+01,8.9397e+01,8.9478e+01,8.9858e+01,8.9873e+01,9.0058e+01,9.0077e+01,8.9887e+01,8.9436e+01,8.9155e+01,8.9944e+01,9.1147e+01,9.2189e+01,9.3946e+01,9.5955e+01,9.7625e+01,9.9629e+01,1.0162e+02,1.0295e+02,1.0456e+02,1.0574e+02,1.0786e+02,1.0950e+02,1.1110e+02,1.1235e+02,1.1339e+02,1.1331e+02,1.1314e+02,1.1259e+02,1.1139e+02,1.1144e+02,1.1126e+02,1.1054e+02,1.0883e+02,1.0879e+02,1.0906e+02,1.0770e+02,1.0528e+02,1.0396e+02,1.0127e+02,9.8809e+01,9.8006e+01,9.5322e+01,9.3044e+01,9.1527e+01,8.8511e+01,8.7736e+01,8.4919e+01,8.5026e+01,8.3815e+01,8.1460e+01,7.8529e+01,7.6297e+01,7.6248e+01,7.3231e+01,7.1865e+01,7.3389e+01,7.2060e+01,7.0686e+01,6.8138e+01,6.6343e+01,6.3688e+01,6.3018e+01,6.0107e+01,5.9809e+01,5.7899e+01,5.6538e+01,5.5742e+01,5.2918e+01,5.2202e+01,4.9494e+01,4.8728e+01,4.6343e+01,4.4455e+01,4.2064e+01,4.1081e+01,3.9594e+01,3.7751e+01,3.7330e+01,3.7667e+01,3.8355e+01,3.8136e+01,3.8693e+01,3.9993e+01,4.1119e+01,4.2091e+01,4.4144e+01,4.5379e+01,4.6534e+01,4.6603e+01,4.7880e+01,4.9392e+01,5.0683e+01,5.2435e+01,5.3419e+01,5.4562e+01,5.4434e+01,5.4192e+01,5.4723e+01,5.5127e+01,5.5204e+01,5.5539e+01,5.6532e+01,5.7506e+01,5.8645e+01,5.9786e+01,6.1121e+01,6.1778e+01,6.2518e+01,6.3461e+01,6.4072e+01,6.4841e+01,6.4861e+01,6.4622e+01
9.2148e+01,9.2084e+01,9.2059e+01,9.2020e+01,9.1982e+01,9.2158e+01,9.2107e+01,9.2348e+01,9.2271e+01,9.1867e+01,9.1138e+01,9.0950e+01,9.0553e+01,8.9954e+01,8.9853e+01,8.9954e+01,8.9615e+01,8.9208e+01,8.9252e+01,8.9327e+01,8.9707e+01,8.9720e+01,8.9907e+01,8.9928e+01,8.9735e+01,8.9279e+01,8.8999e+01,8.9791e+01,9.0999e+01,9.2046e+01,9.3810e+01,9.5825e+01,9.7499e+01,9.9511e+01,1.0151e+02,1.0284e+02,1.0445e+02,1.0563e+02,1.0776e+02,1.0939e+02,1.1099e+02,1.1224e+02,1.1328e+02,1.1319e+02,1.1302e+02,1.1247e+02,1.1126e+02,1.1132e+02,1.1114e+02,1.1042e+02,1.0871e+02,1.0867e+02,1.0895e+02,1.0759e+02,1.0516e+02,1.0384e+02,1.0115e+02,9.8682e+01,9.7880e+01,9.5192e+01,9.2907e+01,9.1391e+01,8.8364e+01,8.7587e+01,8.4757e+01,8.4858e+01,8.3639e+01,8.1272e+01,7.8330e+01,7.6086e+01,7.6033e+01,7.3000e+01,7.1627e+01,7.3160e+01,7.1827e+01,7.0444e+01,6.7883e+01,6.6080e+01,6.3406e+01,6.2723e+01,5.9789e+01,5.9485e+01,5.7556e+01,5.6180e+01,5.5370e+01,5.2512e+01,5.1782e+01,4.9037e+01,4.8255e+01,4.5830e+01,4.3917e+01,4.1477e+01,4.0464e+01,3.8938e+01,3.7047e+01,3.6609e+01,3.6940e+01,3.7638e+01,3.7408e+01,3.7982e+01,3.9306e+01,4.0465e+01,4.1472e+01,4.3566e+01,4.4822e+01,4.5999e+01,4.6079e+01,4.7371e+01,4.8899e+01,5.0210e+01,5.1980e+01,5.2968e+01,5.4115e+01,5.3984e+01,5.3736e+01,5.4262e+01,5.4667e+01,5.4751e+01,5.5090e+01,5.6085e+01,5.7063e+01,5.8208e+01,5.9353e+01,6.0697e+01,6.1357e+01,6.2099e+01,6.3048e+01,6.3662e+01,6.4432e+01,6.4451e+01,6.4208e+01
9.2301e+01,9.2239e+01,9.2213e+01,9.2174e+01,9.2137e+01,9.2314e+01,9.2262e+01,9.2501e+01,9.2421e+01,9.2011e+01,9.1286e+01,9.1101e+01,9.0700e+01,9.0098e+01,9.0002e+01,9.0105e+01,8.9760e+01,8.9354e+01,8.9403e+01,8.9474e+01,8.9851e+01,8.9863e+01,9.0057e+01,9.0078e+01,8.9878e+01,8.9413e+01,8.9129e+01,8.9914e+01,9.1117e+01,9.2168e+01,9.3933e+01,9.5954e+01,9.7629e+01,9.9641e+01,1.0164e+02,1.0297e+02,1.0458e+02,1.0576e+02,1.0789e+02,1.0952e+02,1.1113e+02,1.1238e+02,1.1341e+02,1.1333e+02,1.1316e+02,1.1261e+02,1.1141e+02,1.1147e+02,1.1130e+02,1.1059e+02,1.0888e+02,1.0885e+02,1.0913e+02,1.0778e+02,1.0535e+02,1.0403e+02,1.0134e+02,9.8868e+01,9.8075e+01,9.5384e+01,9.3099e+01,9.1587e+01,8.8548e+01,8.7776e+01,8.4935e+01,8.5034e+01,8.3811e+01,8.1434e+01,7.8484e+01,7.6226e+01,7.6163e+01,7.3116e+01,7.1732e+01,7.3270e+01,7.1927e+01,7.0527e+01,6.7947e+01,6.6136e+01,6.3434e+01,6.2735e+01,5.9770e+01,5.9447e+01,5.7492e+01,5.6085e+01,5.5263e+01,5.2366e+01,5.1626e+01,4.8841e+01,4.8030e+01,4.5570e+01,4.3634e+01,4.1133e+01,4.0069e+01,3.8488e+01,3.6546e+01,3.6064e+01,3.6367e+01,3.7045e+01,3.6771e+01,3.7328e+01,3.8641e+01,3.9796e+01,4.0788e+01,4.2896e+01,4.4149e+01,4.5315e+01,4.5372e+01,4.6665e+01,4.8185e+01,4.9497e+01,5.1273e+01,5.2258e+01,5.3405e+01,5.3269e+01,5.3018e+01,5.3538e+01,5.3940e+01,5.4027e+01,5.4360e+01,5.5354e+01,5.6329e+01,5.7479e+01,5.8629e+01,5.9981e+01,6.0643e+01,6.1391e+01,6.2344e+01,6.2960e+01,6.3734e+01,6.3753e+01,6.3507e+01
9.2403e+01,9.2339e+01,9.2311e+01,9.2271e+01,9.2234e+01,9.2415e+01,9.2364e+01,9.2608e+01,9.2531e+01,9.2122e+01,9.1395e+01,9.1207e+01,9.0811e+01,9.0203e+01,9.0104e+01,9.0207e+01,8.9858e+01,8.9442e+01,8.9488e+01,8.9560e+01,8.9936e+01,8.9944e+01,9.0137e+01,9.0157e+01,8.9953e+01,8.9485e+01,8.9200e+01,8.9985e+01,9.1191e+01,9.2254e+01,9.4025e+01,9.6052e+01,9.7735e+01,9.9753e+01,1.0176e+02,1.0309e+02,1.0469e+02,1.0588e+02,1.0801e+02,1.0965e+02,1.1125e+02,1.1250e+02,1.1354e+02,1.1345e+02,1.1327e+02,1.1273e+02,1.1153e+02,1.1160e+02,1.1143e+02,1.1072e+02,1.0900e+02,1.0898e+02,1.0927e+02,1.0793e+02,1.0549e+02,1.0417e+02,1.0148e+02,9.8998e+01,9.8207e+01,9.5514e+01,9.3221e+01,9.1713e+01,8.8659e+01,8.7885e+01,8.5028e+01,8.5114e+01,8.3874e+01,8.1477e+01,7.8518e+01,7.6239e+01,7.6165e+01,7.3095e+01,7.1705e+01,7.3262e+01,7.1920e+01,7.0500e+01,6.7909e+01,6.6097e+01,6.3368e+01,6.2644e+01,5.9649e+01,5.9313e+01,5.7322e+01,5.5889e+01,5.5036e+01,5.2094e+01,5.1320e+01,4.8486e+01,4.7638e+01,4.5131e+01,4.3183e+01,4.0620e+01,3.9503e+01,3.7876e+01,3.5871e+01,3.5351e+01,3.5631e+01,3.6300e+01,3.5996e+01,3.6560e+01,3.7879e+01,3.9052e+01,4.0040e+01,4.2170e+01,4.3438e+01,4.4604e+01,4.4653e+01,4.5945e+01,4.7478e+01,4.8800e+01,5.0588e+01,5.1569e+01,5.2722e+01,5.2576e+01,5.2317e+01,5.2840e+01,5.3240e+01,5.3328e+01,5.3662e+01,5.4661e+01,5.5637e+01,5.6791e+01,5.7945e+01,5.9306e+01,5.9971e+01,6.0721e+01,6.1680e+01,6.2298e+01,6.3071e+01,6.3089e+01,6.2844e+01
9.2658e+01,9.2595e+01,9.2568e+01,9.2528e+01,9.2492e+01,9.2677e+01,9.2631e+01,9.2883e+01,9.2806e+01,9.2400e+01,9.1675e+01,9.1489e+01,9.1095e+01,9.0486e+01,9.0384e+01,9.0483e+01,9.0129e+01,8.9706e+01,8.9745e+01,8.9813e+01,9.0187e+01,9.0191e+01,9.0386e+01,9.0407e+01,9.0199e+01,8.9729e+01,8.9442e+01,9.0229e+01,9.1441e+01,9.2513e+01,9.4294e+01,9.6327e+01,9.8018e+01,1.0004e+02,1.0205e+02,1.0338e+02,1.0499e+02,1.0618e+02,1.0831e+02,1.0995e+02,1.1156e+02,1.1280e+02,1.1383e+02,1.1375e+02,1.1356e+02,1.1302e+02,1.1183e+02,1.1189e+02,1.1173e+02,1.1102e+02,1.0930e+02,1.0928e+02,1.0957e+02,1.0823e+02,1.0579e+02,1.0446e+02,1.0177e+02,9.9271e+01,9.8475e+01,9.5777e+01,9.3469e+01,9.1959e+01,8.8893e+01,8.8104e+01,8.5235e+01,8.5311e+01,8.4054e+01,8.1642e+01,7.8670e+01,7.6381e+01,7.6308e+01,7.3218e+01,7.1826e+01,7.3401e+01,7.2063e+01,7.0636e+01,6.8039e+01,6.6222e+01,6.3477e+01,6.2737e+01,5.9721e+01,5.9381e+01,5.7364e+01,5.5917e+01,5.5036e+01,5.2058e+01,5.1250e+01,4.8372e+01,4.7498e+01,4.4942e+01,4.2983e+01,4.0367e+01,3.9210e+01,3.7549e+01,3.5474e+01,3.4928e+01,3.5181e+01,3.5842e+01,3.5497e+01,3.6062e+01,3.7381e+01,3.8580e+01,3.9558e+01,4.1707e+01,4.2982e+01,4.4142e+01,4.4177e+01,4.5452e+01,4.6987e+01,4.8303e+01,5.0080e+01,5.1042e+01,5.2184e+01,5.2033e+01,5.1760e+01,5.2268e+01,5.2671e+01,5.2762e+01,5.3081e+01,5.4068e+01,5.5031e+01,5.6183e+01,5.7334e+01,5.8694e+01,5.9354e+01,6.0102e+01,6.1060e+01,6.1677e+01,6.2448e+01,6.2467e+01,6.2222e+01
9.3065e+01,9.3000e+01,9.2974e+01,9.2936e+01,9.2903e+01,9.3092e+01,9.3049e+01,9.3307e+01,9.3229e+01,9.2823e+01,9.2097e+01,9.1907e+01,9.1512e+01,9.0895e+01,9.0789e+01,9.0883e+01,9.0522e+01,9.0089e+01,9.0122e+01,9.0185e+01,9.0557e+01,9.0556e+01,9.0749e+01,9.0773e+01,9.0559e+01,9.0084e+01,8.9794e+01,9.0580e+01,9.1796e+01,9.2875e+01,9.4661e+01,9.6698e+01,9.8394e+01,1.0042e+02,1.0244e+02,1.0377e+02,1.0537e+02,1.0656e+02,1.0870e+02,1.1033e+02,1.1194e+02,1.1318e+02,1.1422e+02,1.1413e+02,1.1394e+02,1.1340e+02,1.1221e+02,1.1228e+02,1.1212e+02,1.1141e+02,1.0969e+02,1.0967e+02,1.0997e+02,1.0863e+02,1.0619e+02,1.0486e+02,1.0216e+02,9.9654e+01,9.8859e+01,9.6159e+01,9.3844e+01,9.2337e+01,8.9263e+01,8.8467e+01,8.5590e+01,8.5657e+01,8.4387e+01,8.1963e+01,7.8984e+01,7.6683e+01,7.6606e+01,7.3501e+01,7.2107e+01,7.3696e+01,7.2361e+01,7.0924e+01,6.8322e+01,6.6505e+01,6.3747e+01,6.2990e+01,5.9955e+01,5.9607e+01,5.7566e+01,5.6101e+01,5.5197e+01,5.2189e+01,5.1355e+01,4.8442e+01,4.7543e+01,4.4950e+01,4.2987e+01,4.0330e+01,3.9136e+01,3.7449e+01,3.5322e+01,3.4757e+01,3.4988e+01,3.5640e+01,3.5266e+01,3.5827e+01,3.7136e+01,3.8333e+01,3.9287e+01,4.1428e+01,4.2691e+01,4.3826e+01,4.3841e+01,4.5095e+01,4.6626e+01,4.7923e+01,4.9691e+01,5.0625e+01,5.1751e+01,5.1582e+01,5.1298e+01,5.1802e+01,5.2201e+01,5.2288e+01,5.2595e+01,5.3570e+01,5.4519e+01,5.5665e+01,5.6810e+01,5.8164e+01,5.8819e+01,5.9564e+01,6.0517e+01,6.1132e+01,6.1900e+01,6.1919e+01,6.1676e+01
9.3563e+01,9.3499e+01,9.3473e+01,9.3433e+01,9.3395e+01,9.3584e+01,9.3546e+01,9.3808e+01,9.3735e+01,9.3335e+01,9.2611e+01,9.2421e+01,9.2029e+01,9.1413e+01,9.1310e+01,9.1408e+01,9.1049e+01,9.0618e+01,9.0654e+01,9.0719e+01,9.1092e+01,9.1094e+01,9.1295e+01,9.1326e+01,9.1115e+01,9.0639e+01,9.0353e+01,9.1144e+01,9.2365e+01,9.3449e+01,9.5240e+01,9.7282e+01,9.8982e+01,1.0101e+02,1.0303e+02,1.0436e+02,1.0596e+02,1.0715e+02,1.0928e+02,1.1092e+02,1.1253e+02,1.1376e+02,1.1479e+02,1.1470e+02,1.1451e+02,1.1397e+02,1.1278e+02,1.1285e+02,1.1270e+02,1.1200e+02,1.1028e+02,1.1027e+02,1.1057e+02,1.0923e+02,1.0679e+02,1.0546e+02,1.0277e+02,1.0024e+02,9.9450e+01,9.6746e+01,9.4422e+01,9.2915e+01,8.9824e+01,8.9023e+01,8.6129e+01,8.6194e+01,8.4915e+01,8.2481e+01,7.9489e+01,7.7176e+01,7.7094e+01,7.3973e+01,7.2573e+01,7.4177e+01,7.2840e+01,7.1392e+01,6.8777e+01,6.6952e+01,6.4173e+01,6.3401e+01,6.0340e+01,5.9981e+01,5.7911e+01,5.6424e+01,5.5495e+01,5.2449e+01,5.1587e+01,4.8631e+01,4.7702e+01,4.5064e+01,4.3090e+01,4.0378e+01,3.9137e+01,3.7407e+01,3.5217e+01,3.4613e+01,3.4820e+01,3.5456e+01,3.5027e+01,3.5569e+01,3.6857e+01,3.8050e+01,3.8962e+01,4.1102e+01,4.2353e+01,4.3448e+01,4.3422e+01,4.4641e+01,4.6145e+01,4.7423e+01,4.9164e+01,5.0086e+01,5.1202e+01,5.1040e+01,5.0742e+01,5.1227e+01,5.1620e+01,5.1710e+01,5.1999e+01,5.2960e+01,5.3897e+01,5.5034e+01,5.6173e+01,5.7519e+01,5.8164e+01,5.8902e+01,5.9847e+01,6.0459e+01,6.1222e+01,6.1244e+01,6.1004e+01
9.4112e+01,9.4049e+01,9.4023e+01,9.3985e+01,9.3945e+01,9.4132e+01,9.4097e+01,9.4361e+01,9.4297e+01,9.3902e+01,9.3184e+01,9.2995e+01,9.2605e+01,9.1986e+01,9.1885e+01,9.1991e+01,9.1633e+01,9.1207e+01,9.1251e+01,9.1321e+01,9.1695e+01,9.1694e+01,9.1901e+01,9.1935e+01,9.1725e+01,9.1244e+01,9.0959e+01,9.1748e+01,9.2974e+01,9.4064e+01,9.5857e+01,9.7906e+01,9.9610e+01,1.0164e+02,1.0366e+02,1.0499e+02,1.0659e+02,1.0778e+02,1.0991e+02,1.1155e+02,1.1316e+02,1.1439e+02,1.1542e+02,1.1533e+02,1.1513e+02,1.1459e+02,1.1341e+02,1.1348e+02,1.1333e+02,1.1263e+02,1.1092e+02,1.1091e+02,1.1122e+02,1.0988e+02,1.0744e+02,1.0611e+02,1.0342e+02,1.0089e+02,1.0010e+02,9.7399e+01,9.5072e+01,9.3566e+01,9.0464e+01,8.9663e+01,8.6761e+01,8.6822e+01,8.5537e+01,8.3092e+01,8.0094e+01,7.7768e+01,7.7678e+01,7.4542e+01,7.3135e+01,7.4749e+01,7.3409e+01,7.1946e+01,6.9321e+01,6.7495e+01,6.4697e+01,6.3909e+01,6.0829e+01,6.0453e+01,5.8357e+01,5.6845e+01,5.5896e+01,5.2819e+01,5.1935e+01,4.8945e+01,4.7982e+01,4.5315e+01,4.3339e+01,4.0581e+01,3.9293e+01,3.7521e+01,3.5280e+01,3.4628e+01,3.4814e+01,3.5415e+01,3.4934e+01,3.5417e+01,3.6661e+01,3.7809e+01,3.8650e+01,4.0777e+01,4.1977e+01,4.3028e+01,4.2946e+01,4.4143e+01,4.5610e+01,4.6873e+01,4.8595e+01,4.9507e+01,5.0625e+01,5.0460e+01,5.0148e+01,5.0619e+01,5.1009e+01,5.1099e+01,5.1370e+01,5.2316e+01,5.3233e+01,5.4358e+01,5.5489e+01,5.6824e+01,5.7463e+01,5.8194e+01,5.9132e+01,5.9744e+01,6.0507e+01,6.0531e+01,6.0297e+01
9.4766e+01,9.4704e+01,9.4678e+01,9.4643e+01,9.4603e+01,9.4794e+01,9.4766e+01,9.5033e+01,9.4971e+01,9.4575e+01,9.3858e+01,9.3667e+01,9.3276e+01,9.2653e+01,9.2552e+01,9.2661e+01,9.2299e+01,9.1871e+01,9.1920e+01,9.1988e+01,9.2354e+01,9.2354e+01,9.2568e+01,9.2606e+01,9.2394e+01,9.1909e+01,9.1618e+01,9.2406e+01,9.3635e+01,9.4725e+01,9.6520e+01,9.8571e+01,1.0028e+02,1.0231e+02,1.0433e+02,1.0566e+02,1.0725e+02,1.0845e+02,1.1058e+02,1.1222e+02,1.1382e+02,1.1505e+02,1.1607e+02,1.1598e+02,1.1578e+02,1.1524e+02,1.1406e+02,1.1414e+02,1.1399e+02,1.1330e+02,1.1158e+02,1.1158e+02,1.1189e+02,1.1057e+02,1.0812e+02,1.0679e+02,1.0410e+02,1.0157e+02,1.0078e+02,9.8069e+01,9.5739e+01,9.4235e+01,9.1127e+01,9.0323e+01,8.7415e+01,8.7473e+01,8.6182e+01,8.3729e+01,8.0727e+01,7.8393e+01,7.8298e+01,7.5152e+01,7.3740e+01,7.5361e+01,7.4021e+01,7.2548e+01,6.9917e+01,6.8090e+01,6.5283e+01,6.4481e+01,6.1389e+01,6.0997e+01,5.8880e+01,5.7347e+01,5.6379e+01,5.3284e+01,5.2379e+01,4.9369e+01,4.8377e+01,4.5695e+01,4.3729e+01,4.0942e+01,3.9609e+01,3.7807e+01,3.5525e+01,3.4826e+01,3.4992e+01,3.5551e+01,3.5015e+01,3.5430e+01,3.6630e+01,3.7743e+01,3.8509e+01,4.0617e+01,4.1760e+01,4.2763e+01,4.2634e+01,4.3803e+01,4.5229e+01,4.6473e+01,4.8173e+01,4.9075e+01,5.0189e+01,5.0027e+01,4.9705e+01,5.0167e+01,5.0556e+01,5.0645e+01,5.0899e+01,5.1831e+01,5.2738e+01,5.3856e+01,5.4979e+01,5.6308e+01,5.6939e+01,5.7666e+01,5.8596e+01,5.9210e+01,5.9973e+01,6.0004e+01,5.9774e+01
9.5444e+01,9.5384e+01,9.5358e+01,9.5322e+01,9.5281e+01,9.5470e+01,9.5442e+01,9.5707e+01,9.5652e+01,9.5256e+01,9.4538e+01,9.4347e+01,9.3957e+01,9.3330e+01,9.3228e+01,9.3345e+01,9.2984e+01,9.2555e+01,9.2609e+01,9.2679e+01,9.3043e+01,9.3033e+01,9.3246e+01,9.3283e+01,9.3067e+01,9.2579e+01,9.2288e+01,9.3072e+01,9.4300e+01,9.5398e+01,9.7195e+01,9.9250e+01,1.0096e+02,1.0299e+02,1.0502e+02,1.0634e+02,1.0794e+02,1.0914e+02,1.1127e+02,1.1290e+02,1.1450e+02,1.1573e+02,1.1675e+02,1.1666e+02,1.1645e+02,1.1592e+02,1.1475e+02,1.1483e+02,1.1469e+02,1.1401e+02,1.1229e+02,1.1229e+02,1.1262e+02,1.1130e+02,1.0886e+02,1.0753e+02,1.0484e+02,1.0230e+02,1.0152e+02,9.8814e+01,9.6485e+01,9.4990e+01,9.1873e+01,9.1075e+01,8.8157e+01,8.8206e+01,8.6910e+01,8.4445e+01,8.1441e+01,7.9090e+01,7.8976e+01,7.5818e+01,7.4387e+01,7.6011e+01,7.4664e+01,7.3170e+01,7.0527e+01,6.8703e+01,6.5874e+01,6.5050e+01,6.1936e+01,6.1513e+01,5.9367e+01,5.7797e+01,5.6813e+01,5.3686e+01,5.2764e+01,4.9723e+01,4.8689e+01,4.5988e+01,4.4021e+01,4.1185e+01,3.9789e+01,3.7941e+01,3.5621e+01,3.4860e+01,3.4979e+01,3.5485e+01,3.4890e+01,3.5251e+01,3.6388e+01,3.7451e+01,3.8154e+01,4.0226e+01,4.1316e+01,4.2269e+01,4.2098e+01,4.3251e+01,4.4631e+01,4.5852e+01,4.7522e+01,4.8406e+01,4.9507e+01,4.9347e+01,4.9013e+01,4.9456e+01,4.9834e+01,4.9934e+01,5.0179e+01,5.1094e+01,5.1985e+01,5.3091e+01,5.4209e+01,5.5530e+01,5.6151e+01,5.6870e+01,5.7794e+01,5.8402e+01,5.9164e+01,5.9197e+01,5.8970e+01
9.5959e+01,9.5901e+01,9.5873e+01,9.5830e+01,9.5788e+01,9.5975e+01,9.5941e+01,9.6204e+01,9.6154e+01,9.5758e+01,9.5039e+01,9.4850e+01,9.4462e+01,9.3831e+01,9.3730e+01,9.3852e+01,9.3487e+01,9.3053e+01,9.3105e+01,9.3174e+01,9.3536e+01,9.3520e+01,9.3738e+01,9.3776e+01,9.3554e+01,9.3065e+01,9.2772e+01,9.3550e+01,9.4778e+01,9.5881e+01,9.7682e+01,9.9737e+01,1.0145e+02,1.0348e+02,1.0549e+02,1.0682e+02,1.0841e+02,1.0961e+02,1.1174e+02,1.1337e+02,1.1497e+02,1.1620e+02,1.1722e+02,1.1713e+02,1.1693e+02,1.1641e+02,1.1524e+02,1.1533e+02,1.1520e+02,1.1453e+02,1.1282e+02,1.1282e+02,1.1316e+02,1.1185e+02,1.0941e+02,1.0808e+02,1.0540e+02,1.0285e+02,1.0208e+02,9.9376e+01,9.7049e+01,9.5562e+01,9.2435e+01,9.1645e+01,8.8716e+01,8.8755e+01,8.7448e+01,8.4969e+01,8.1964e+01,7.9593e+01,7.9459e+01,7.6286e+01,7.4838e+01,7.6467e+01,7.5112e+01,7.3592e+01,7.0936e+01,6.9120e+01,6.6263e+01,6.5410e+01,6.2267e+01,6.1806e+01,5.9625e+01,5.8009e+01,5.7007e+01,5.3843e+01,5.2905e+01,4.9829e+01,4.8743e+01,4.6027e+01,4.4055e+01,4.1160e+01,3.9692e+01,3.7780e+01,3.5405e+01,3.4576e+01,3.4613e+01,3.5056e+01,3.4380e+01,3.4695e+01,3.5775e+01,3.6824e+01,3.7482e+01,3.9529e+01,4.0603e+01,4.1514e+01,4.1324e+01,4.2453e+01,4.3805e+01,4.5014e+01,4.6664e+01,4.7543e+01,4.8626e+01,4.8471e+01,4.8139e+01,4.8571e+01,4.8949e+01,4.9058e+01,4.9297e+01,5.0210e+01,5.1107e+01,5.2214e+01,5.3336e+01,5.4661e+01,5.5284e+01,5.6008e+01,5.6939e+01,5.7548e+01,5.8315e+01,5.8349e+01,5.8121e+01
9.6437e+01,9.6382e+01,9.6354e+01,9.6309e+01,9.6266e+01,9.6451e+01,9.6410e+01,9.6670e+01,9.6629e+01,9.6233e+01,9.5507e+01,9.5326e+01,9.4941e+01,9.4307e+01,9.4208e+01,9.4341e+01,9.3981e+01,9.3547e+01,9.3602e+01,9.3676e+01,9.4039e+01,9.4014e+01,9.4233e+01,9.4269e+01,9.4049e+01,9.3562e+01,9.3271e+01,9.4044e+01,9.5271e+01,9.6378e+01,9.8176e+01,1.0023e+02,1.0194e+02,1.0397e+02,1.0599e+02,1.0730e+02,1.0889e+02,1.1008e+02,1.1222e+02,1.1385e+02,1.1545e+02,1.1668e+02,1.1770e+02,1.1763e+02,1.1743e+02,1.1691e+02,1.1575e+02,1.1585e+02,1.1572e+02,1.1506e+02,1.1335e+02,1.1336e+02,1.1370e+02,1.1240e+02,1.0996e+02,1.0864e+02,1.0596e+02,1.0341e+02,1.0265e+02,9.9945e+01,9.7623e+01,9.6137e+01,9.3005e+01,9.2222e+01,8.9287e+01,8.9324e+01,8.8015e+01,8.5527e+01,8.2518e+01,8.0134e+01,7.9986e+01,7.6803e+01,7.5342e+01,7.6974e+01,7.5611e+01,7.4073e+01,7.1405e+01,6.9590e+01,6.6715e+01,6.5845e+01,6.2682e+01,6.2194e+01,5.9990e+01,5.8342e+01,5.7330e+01,5.4139e+01,5.3192e+01,5.0090e+01,4.8964e+01,4.6237e+01,4.4265e+01,4.1325e+01,3.9800e+01,3.7840e+01,3.5422e+01,3.4537e+01,3.4522e+01,3.4912e+01,3.4184e+01,3.4451e+01,3.5482e+01,3.6503e+01,3.7117e+01,3.9131e+01,4.0158e+01,4.1032e+01,4.0819e+01,4.1939e+01,4.3261e+01,4.4453e+01,4.6089e+01,4.6962e+01,4.8037e+01,4.7885e+01,4.7544e+01,4.7973e+01,4.8356e+01,4.8469e+01,4.8702e+01,4.9605e+01,5.0504e+01,5.1617e+01,5.2739e+01,5.4062e+01,5.4682e+01,5.5404e+01,5.6336e+01,5.6944e+01,5.7714e+01,5.7748e+01,5.7522e+01
9.6933e+01,9.6880e+01,9.6853e+01,9.6805e+01,9.6760e+01,9.6945e+01,9.6896e+01,9.7155e+01,9.7119e+01,9.6722e+01,9.5996e+01,9.5821e+01,9.5437e+01,9.4806e+01,9.4713e+01,9.4853e+01,9.4493e+01,9.4059e+01,9.4117e+01,9.4192e+01,9.4560e+01,9.4536e+01,9.4760e+01,9.4799e+01,9.4584e+01,9.4099e+01,9.3819e+01,9.4594e+01,9.5819e+01,9.6923e+01,9.8717e+01,1.0077e+02,1.0248e+02,1.0450e+02,1.0652e+02,1.0783e+02,1.0941e+02,1.1060e+02,1.1273e+02,1.1436e+02,1.1597e+02,1.1719e+02,1.1821e+02,1.1814e+02,1.1794e+02,1.1744e+02,1.1628e+02,1.1638e+02,1.1626e+02,1.1560e+02,1.1390e+02,1.1392e+02,1.1426e+02,1.1297e+02,1.1053e+02,1.0922e+02,1.0653e+02,1.0399e+02,1.0323e+02,1.0053e+02,9.8212e+01,9.6728e+01,9.3590e+01,9.2815e+01,8.9873e+01,8.9908e+01,8.8601e+01,8.6104e+01,8.3090e+01,8.0692e+01,8.0533e+01,7.7340e+01,7.5869e+01,7.7503e+01,7.6130e+01,7.4578e+01,7.1894e+01,7.0074e+01,6.7179e+01,6.6296e+01,6.3110e+01,6.2601e+01,6.0382e+01,5.8706e+01,5.7689e+01,5.4473e+01,5.3522e+01,5.0395e+01,4.9240e+01,4.6495e+01,4.4508e+01,4.1519e+01,3.9949e+01,3.7936e+01,3.5468e+01,3.4536e+01,3.4482e+01,3.4841e+01,3.4066e+01,3.4311e+01,3.5313e+01,3.6332e+01,3.6922e+01,3.8907e+01,3.9909e+01,4.0751e+01,4.0514e+01,4.1601e+01,4.2894e+01,4.4061e+01,4.5670e+01,4.6513e+01,4.7567e+01,4.7416e+01,4.7062e+01,4.7477e+01,4.7860e+01,4.7979e+01,4.8199e+01,4.9083e+01,4.9972e+01,5.1080e+01,5.2195e+01,5.3510e+01,5.4125e+01,5.4846e+01,5.5776e+01,5.6383e+01,5.7153e+01,5.7189e+01,5.6962e+01
9.7545e+01,9.7496e+01,9.7465e+01,9.7416e+01,9.7368e+01,9.7553e+01,9.7505e+01,9.7766e+01,9.7742e+01,9.7346e+01,9.6621e+01,9.6455e+01,9.6076e+01,9.5443e+01,9.5353e+01,9.5505e+01,9.5147e+01,9.4713e+01,9.4777e+01,9.4860e+01,9.5228e+01,9.5194e+01,9.5420e+01,9.5456e+01,9.5239e+01,9.4749e+01,9.4464e+01,9.5232e+01,9.6458e+01,9.7566e+01,9.9354e+01,1.0141e+02,1.0312e+02,1.0514e+02,1.0716e+02,1.0846e+02,1.1004e+02,1.1124e+02,1.1336e+02,1.1499e+02,1.1660e+02,1.1782e+02,1.1884e+02,1.1878e+02,1.1858e+02,1.1808e+02,1.1694e+02,1.1704e+02,1.1693e+02,1.1627e+02,1.1458e+02,1.1460e+02,1.1495e+02,1.1366e+02,1.1123e+02,1.0993e+02,1.0725e+02,1.0470e+02,1.0396e+02,1.0125e+02,9.8933e+01,9.7446e+01,9.4302e+01,9.3534e+01,9.0586e+01,9.0621e+01,8.9314e+01,8.6810e+01,8.3791e+01,8.1385e+01,8.1217e+01,7.8017e+01,7.6538e+01,7.8174e+01,7.6793e+01,7.5227e+01,7.2532e+01,7.0711e+01,6.7799e+01,6.6902e+01,6.3699e+01,6.3167e+01,6.0929e+01,5.9224e+01,5.8197e+01,5.4956e+01,5.3996e+01,5.0847e+01,4.9653e+01,4.6902e+01,4.4918e+01,4.1890e+01,4.0265e+01,3.8200e+01,3.5684e+01,3.4685e+01,3.4576e+01,3.4869e+01,3.4027e+01,3.4213e+01,3.5159e+01,3.6127e+01,3.6652e+01,3.8596e+01,3.9540e+01,4.0335e+01,4.0055e+01,4.1117e+01,4.2366e+01,4.3507e+01,4.5093e+01,4.5926e+01,4.6985e+01,4.6832e+01,4.6460e+01,4.6865e+01,4.7257e+01,4.7373e+01,4.7576e+01,4.8450e+01,4.9335e+01,5.0437e+01,5.1549e+01,5.2857e+01,5.3466e+01,5.4185e+01,5.5112e+01,5.5716e+01,5.6489e+01,5.6527e+01,5.6305e+01
9.8269e+01,9.8222e+01,9.8188e+01,9.8135e+01,9.8084e+01,9.8271e+01,9.8218e+01,9.8479e+01,9.8464e+01,9.8070e+01,9.7346e+01,9.7186e+01,9.6812e+01,9.6183e+01,9.6096e+01,9.6252e+01,9.5898e+01,9.5461e+01,9.5523e+01,9.5609e+01,9.5982e+01,9.5950e+01,9.6176e+01,9.6212e+01,9.5992e+01,9.5495e+01,9.5210e+01,9.5979e+01,9.7206e+01,9.8317e+01,1.0011e+02,1.0217e+02,1.0388e+02,1.0590e+02,1.0793e+02,1.0923e+02,1.1081e+02,1.1200e+02,1.1413e+02,1.1576e+02,1.1737e+02,1.1860e+02,1.1962e+02,1.1956e+02,1.1937e+02,1.1887e+02,1.1773e+02,1.1783e+02,1.1772e+02,1.1707e+02,1.1537e+02,1.1540e+02,1.1575e+02,1.1447e+02,1.1204e+02,1.1074e+02,1.0805e+02,1.0551e+02,1.0477e+02,1.0205e+02,9.9735e+01,9.8244e+01,9.5093e+01,9.4325e+01,9.1368e+01,9.1401e+01,9.0086e+01,8.7571e+01,8.4546e+01,8.2129e+01,8.1954e+01,7.8740e+01,7.7260e+01,7.8908e+01,7.7527e+01,7.5945e+01,7.3239e+01,7.1419e+01,6.8483e+01,6.7566e+01,6.4337e+01,6.3785e+01,6.1518e+01,5.9780e+01,5.8731e+01,5.5453e+01,5.4472e+01,5.1283e+01,5.0037e+01,4.7261e+01,4.5283e+01,4.2201e+01,4.0515e+01,3.8395e+01,3.5808e+01,3.4748e+01,3.4563e+01,3.4802e+01,3.3877e+01,3.4033e+01,3.4933e+01,3.5893e+01,3.6364e+01,3.8284e+01,3.9218e+01,3.9969e+01,3.9640e+01,4.0662e+01,4.1876e+01,4.2976e+01,4.4529e+01,4.5333e+01,4.6367e+01,4.6208e+01,4.5827e+01,4.6214e+01,4.6591e+01,4.6709e+01,4.6903e+01,4.7751e+01,4.8629e+01,4.9724e+01,5.0826e+01,5.2122e+01,5.2721e+01,5.3436e+01,5.4356e+01,5.4959e+01,5.5730e+01,5.5773e+01,5.5555e+01
9.8875e+01,9.8831e+01,9.8799e+01,9.8746e+01,9.8697e+01,9.8883e+01,9.8823e+01,9.9081e+01,9.9073e+01,9.8681e+01,9.7963e+01,9.7810e+01,9.7437e+01,9.6810e+01,9.6729e+01,9.6888e+01,9.6533e+01,9.6096e+01,9.6160e+01,9.6250e+01,9.6627e+01,9.6598e+01,9.6824e+01,9.6857e+01,9.6635e+01,9.6133e+01,9.5845e+01,9.6615e+01,9.7842e+01,9.8953e+01,1.0074e+02,1.0281e+02,1.0451e+02,1.0654e+02,1.0856e+02,1.0985e+02,1.1144e+02,1.1263e+02,1.1476e+02,1.1640e+02,1.1801e+02,1.1924e+02,1.2026e+02,1.2021e+02,1.2001e+02,1.1952e+02,1.1838e+02,1.1849e+02,1.1838e+02,1.1772e+02,1.1603e+02,1.1607e+02,1.1641e+02,1.1514e+02,1.1270e+02,1.1140e+02,1.0872e+02,1.0617e+02,1.0544e+02,1.0272e+02,1.0041e+02,9.8913e+01,9.5757e+01,9.4992e+01,9.2031e+01,9.2065e+01,9.0748e+01,8.8223e+01,8.5196e+01,8.2766e+01,8.2581e+01,7.9356e+01,7.7868e+01,7.9525e+01,7.8141e+01,7.6540e+01,7.3826e+01,7.2010e+01,6.9052e+01,6.8113e+01,6.4859e+01,6.4281e+01,6.1985e+01,6.0208e+01,5.9140e+01,5.5827e+01,5.4830e+01,5.1605e+01,5.0302e+01,4.7510e+01,4.5537e+01,4.2400e+01,4.0644e+01,3.8460e+01,3.5811e+01,3.4680e+01,3.4407e+01,3.4574e+01,3.3559e+01,3.3668e+01,3.4531e+01,3.5486e+01,3.5900e+01,3.7806e+01,3.8739e+01,3.9436e+01,3.9056e+01,4.0041e+01,4.1227e+01,4.2294e+01,4.3821e+01,4.4608e+01,4.5622e+01,4.5455e+01,4.5072e+01,4.5448e+01,4.5817e+01,4.5933e+01,4.6128e+01,4.6963e+01,4.7843e+01,4.8937e+01,5.0041e+01,5.1334e+01,5.1931e+01,5.2645e+01,5.3567e+01,5.4172e+01,5.4948e+01,5.4992e+01,5.4777e+01
9.9623e+01,9.9577e+01,9.9541e+01,9.9489e+01,9.9439e+01,9.9626e+01,9.9566e+01,9.9827e+01,9.9828e+01,9.9436e+01,9.8717e+01,9.8567e+01,9.8194e+01,9.7569e+01,9.7490e+01,9.7648e+01,9.7298e+01,9.6864e+01,9.6926e+01,9.7014e+01,9.7393e+01,9.7365e+01,9.7592e+01,9.7628e+01,9.7400e+01,9.6890e+01,9.6600e+01,9.7364e+01,9.8588e+01,9.9704e+01,1.0149e+02,1.0356e+02,1.0527e+02,1.0729e+02,1.0931e+02,1.1061e+02,1.1219e+02,1.1338e+02,1.1551e+02,1.1715e+02,1.1876e+02,1.1999e+02,1.2101e+02,1.2095e+02,1.2075e+02,1.2027e+02,1.1913e+02,1.1925e+02,1.1914e+02,1.1849e+02,1.1680e+02,1.1684e+02,1.1719e+02,1.1592e+02,1.1349e+02,1.1220e+02,1.0951e+02,1.0696e+02,1.0624e+02,1.0352e+02,1.0120e+02,9.9711e+01,9.6550e+01,9.5792e+01,9.2825e+01,9.2858e+01,9.1542e+01,8.9013e+01,8.5981e+01,8.3545e+01,8.3355e+01,8.0123e+01,7.8626e+01,8.0283e+01,7.8891e+01,7.7277e+01,7.4549e+01,7.2729e+01,6.9751e+01,6.8800e+01,6.5524e+01,6.4921e+01,6.2603e+01,6.0793e+01,5.9715e+01,5.6375e+01,5.5367e+01,5.2117e+01,5.0769e+01,4.7965e+01,4.5999e+01,4.2820e+01,4.1003e+01,3.8767e+01,3.6078e+01,3.4869e+01,3.4533e+01,3.4621e+01,3.3539e+01,3.3591e+01,3.4381e+01,3.5299e+01,3.5651e+01,3.7508e+01,3.8426e+01,3.9059e+01,3.8643e+01,3.9585e+01,4.0741e+01,4.1761e+01,4.3259e+01,4.4010e+01,4.4997e+01,4.4824e+01,4.4426e+01,4.4773e+01,4.5133e+01,4.5256e+01,4.5441e+01,4.6249e+01,4.7131e+01,4.8218e+01,4.9307e+01,5.0584e+01,5.1177e+01,5.1887e+01,5.2803e+01,5.3407e+01,5.4179e+01,5.4229e+01,5.4016e+01
9.9727e+01,9.9686e+01,9.9652e+01,9.9604e+01,9.9563e+01,9.9752e+01,9.9696e+01,9.9961e+01,9.9964e+01,9.9577e+01,9.8865e+01,9.8716e+01,9.8337e+01,9.7715e+01,9.7642e+01,9.7796e+01,9.7448e+01,9.7025e+01,9.7088e+01,9.7168e+01,9.7546e+01,9.7521e+01,9.7747e+01,9.7790e+01,9.7553e+01,9.7036e+01,9.6738e+01,9.7497e+01,9.8722e+01,9.9838e+01,1.0163e+02,1.0370e+02,1.0541e+02,1.0743e+02,1.0946e+02,1.1075e+02,1.1234e+02,1.1353e+02,1.1566e+02,1.1729e+02,1.1890e+02,1.2013e+02,1.2114e+02,1.2109e+02,1.2089e+02,1.2041e+02,1.1927e+02,1.1940e+02,1.1929e+02,1.1864e+02,1.1696e+02,1.1700e+02,1.1735e+02,1.1608e+02,1.1364e+02,1.1235e+02,1.0967e+02,1.0712e+02,1.0640e+02,1.0368e+02,1.0137e+02,9.9878e+01,9.6711e+01,9.5958e+01,9.2985e+01,9.3016e+01,9.1698e+01,8.9163e+01,8.6129e+01,8.3682e+01,8.3483e+01,8.0242e+01,7.8727e+01,8.0385e+01,7.8985e+01,7.7355e+01,7.4617e+01,7.2801e+01,6.9805e+01,6.8837e+01,6.5542e+01,6.4915e+01,6.2573e+01,6.0731e+01,5.9641e+01,5.6276e+01,5.5258e+01,5.1983e+01,5.0595e+01,4.7786e+01,4.5821e+01,4.2604e+01,4.0736e+01,3.8455e+01,3.5733e+01,3.4458e+01,3.4067e+01,3.4092e+01,3.2962e+01,3.2973e+01,3.3729e+01,3.4618e+01,3.4932e+01,3.6761e+01,3.7675e+01,3.8259e+01,3.7809e+01,3.8720e+01,3.9881e+01,4.0913e+01,4.2431e+01,4.3194e+01,4.4211e+01,4.4050e+01,4.3627e+01,4.3974e+01,4.4361e+01,4.4492e+01,4.4670e+01,4.5489e+01,4.6380e+01,4.7479e+01,4.8581e+01,4.9866e+01,5.0463e+01,5.1180e+01,5.2109e+01,5.2721e+01,5.3502e+01,5.3550e+01,5.3331e+01
1.0012e+02,1.0008e+02,1.0005e+02,1.0000e+02,9.9959e+01,1.0015e+02,1.0009e+02,1.0035e+02,1.0036e+02,9.9978e+01,9.9277e+01,9.9138e+01,9.8765e+01,9.8151e+01,9.8085e+01,9.8239e+01,9.7895e+01,9.7474e+01,9.7536e+01,9.7620e+01,9.8002e+01,9.7986e+01,9.8214e+01,9.8265e+01,9.8025e+01,9.7495e+01,9.7196e+01,9.7951e+01,9.9172e+01,1.0029e+02,1.0208e+02,1.0415e+02,1.0587e+02,1.0789e+02,1.0992e+02,1.1121e+02,1.1280e+02,1.1399e+02,1.1612e+02,1.1775e+02,1.1936e+02,1.2059e+02,1.2160e+02,1.2155e+02,1.2135e+02,1.2088e+02,1.1975e+02,1.1987e+02,1.1976e+02,1.1912e+02,1.1744e+02,1.1748e+02,1.1783e+02,1.1657e+02,1.1413e+02,1.1284e+02,1.1015e+02,1.0760e+02,1.0689e+02,1.0416e+02,1.0185e+02,1.0036e+02,9.7193e+01,9.6446e+01,9.3472e+01,9.3506e+01,9.2192e+01,8.9651e+01,8.6612e+01,8.4155e+01,8.3947e+01,8.0695e+01,7.9157e+01,8.0811e+01,7.9393e+01,7.7746e+01,7.4990e+01,7.3168e+01,7.0147e+01,6.9167e+01,6.5845e+01,6.5193e+01,6.2831e+01,6.0954e+01,5.9860e+01,5.6463e+01,5.5444e+01,5.2140e+01,5.0705e+01,4.7891e+01,4.5919e+01,4.2652e+01,4.0720e+01,3.8362e+01,3.5574e+01,3.4197e+01,3.3738e+01,3.3662e+01,3.2455e+01,3.2395e+01,3.3097e+01,3.3944e+01,3.4195e+01,3.5992e+01,3.6898e+01,3.7442e+01,3.6962e+01,3.7835e+01,3.8990e+01,4.0023e+01,4.1544e+01,4.2292e+01,4.3307e+01,4.3147e+01,4.2705e+01,4.3040e+01,4.3431e+01,4.3558e+01,4.3717e+01,4.4535e+01,4.5419e+01,4.6520e+01,4.7630e+01,4.8922e+01,4.9519e+01,5.0238e+01,5.1171e+01,5.1787e+01,5.2576e+01,5.2625e+01,5.2404e+01
1.0029e+02,1.0025e+02,1.0021e+02,1.0016e+02,1.0011e+02,1.0030e+02,1.0024e+02,1.0049e+02,1.0051e+02,1.0013e+02,9.9437e+01,9.9310e+01,9.8938e+01,9.8328e+01,9.8269e+01,9.8424e+01,9.8084e+01,9.7665e+01,9.7731e+01,9.7817e+01,9.8201e+01,9.8188e+01,9.8417e+01,9.8472e+01,9.8230e+01,9.7696e+01,9.7396e+01,9.8146e+01,9.9364e+01,1.0048e+02,1.0226e+02,1.0434e+02,1.0605e+02,1.0806e+02,1.1009e+02,1.1137e+02,1.1296e+02,1.1414e+02,1.1627e+02,1.1790e+02,1.1951e+02,1.2075e+02,1.2175e+02,1.2171e+02,1.2152e+02,1.2106e+02,1.1993e+02,1.2006e+02,1.1996e+02,1.1932e+02,1.1766e+02,1.1770e+02,1.1805e+02,1.1681e+02,1.1437e+02,1.1308e+02,1.1039e+02,1.0784e+02,1.0713e+02,1.0441e+02,1.0211e+02,1.0062e+02,9.7454e+01,9.6719e+01,9.3742e+01,9.3778e+01,9.2471e+01,8.9920e+01,8.6880e+01,8.4405e+01,8.4180e+01,8.0917e+01,7.9349e+01,8.0995e+01,7.9558e+01,7.7889e+01,7.5117e+01,7.3298e+01,7.0255e+01,6.9258e+01,6.5915e+01,6.5231e+01,6.2848e+01,6.0934e+01,5.9839e+01,5.6421e+01,5.5403e+01,5.2082e+01,5.0605e+01,4.7798e+01,4.5826e+01,4.2523e+01,4.0537e+01,3.8126e+01,3.5301e+01,3.3829e+01,3.3313e+01,3.3144e+01,3.1886e+01,3.1756e+01,3.2429e+01,3.3238e+01,3.3453e+01,3.5229e+01,3.6126e+01,3.6656e+01,3.6186e+01,3.7046e+01,3.8214e+01,3.9247e+01,4.0773e+01,4.1506e+01,4.2515e+01,4.2353e+01,4.1906e+01,4.2238e+01,4.2635e+01,4.2762e+01,4.2916e+01,4.3740e+01,4.4624e+01,4.5742e+01,4.6865e+01,4.8171e+01,4.8769e+01,4.9493e+01,5.0433e+01,5.1054e+01,5.1852e+01,5.1898e+01,5.1676e+01
1.0060e+02,1.0055e+02,1.0052e+02,1.0046e+02,1.0042e+02,1.0060e+02,1.0054e+02,1.0079e+02,1.0081e+02,1.0042e+02,9.9735e+01,9.9618e+01,9.9245e+01,9.8640e+01,9.8587e+01,9.8742e+01,9.8402e+01,9.7983e+01,9.8049e+01,9.8131e+01,9.8517e+01,9.8506e+01,9.8737e+01,9.8787e+01,9.8544e+01,9.8006e+01,9.7706e+01,9.8453e+01,9.9667e+01,1.0078e+02,1.0256e+02,1.0464e+02,1.0635e+02,1.0836e+02,1.1039e+02,1.1168e+02,1.1326e+02,1.1444e+02,1.1657e+02,1.1820e+02,1.1981e+02,1.2105e+02,1.2205e+02,1.2203e+02,1.2183e+02,1.2138e+02,1.2026e+02,1.2039e+02,1.2029e+02,1.1966e+02,1.1799e+02,1.1804e+02,1.1840e+02,1.1715e+02,1.1471e+02,1.1342e+02,1.1072e+02,1.0818e+02,1.0747e+02,1.0474e+02,1.0243e+02,1.0094e+02,9.7778e+01,9.7048e+01,9.4069e+01,9.4118e+01,9.2825e+01,9.0275e+01,8.7223e+01,8.4743e+01,8.4516e+01,8.1246e+01,7.9656e+01,8.1288e+01,7.9825e+01,7.8154e+01,7.5358e+01,7.3522e+01,7.0464e+01,6.9474e+01,6.6114e+01,6.5415e+01,6.3029e+01,6.1096e+01,6.0018e+01,5.6583e+01,5.5583e+01,5.2245e+01,5.0752e+01,4.7940e+01,4.5937e+01,4.2590e+01,4.0562e+01,3.8092e+01,3.5216e+01,3.3660e+01,3.3120e+01,3.2891e+01,3.1593e+01,3.1403e+01,3.2054e+01,3.2814e+01,3.2999e+01,3.4767e+01,3.5631e+01,3.6166e+01,3.5700e+01,3.6580e+01,3.7748e+01,3.8776e+01,4.0302e+01,4.1002e+01,4.2001e+01,4.1834e+01,4.1372e+01,4.1694e+01,4.2093e+01,4.2204e+01,4.2347e+01,4.3152e+01,4.4017e+01,4.5133e+01,4.6259e+01,4.7563e+01,4.8157e+01,4.8878e+01,4.9815e+01,5.0437e+01,5.1240e+01,5.1287e+01,5.1067e+01
1.0100e+02,1.0095e+02,1.0091e+02,1.0086e+02,1.0081e+02,1.0100e+02,1.0093e+02,1.0118e+02,1.0120e+02,1.0081e+02,1.0012e+02,1.0002e+02,9.9642e+01,9.9037e+01,9.8990e+01,9.9147e+01,9.8802e+01,9.8380e+01,9.8450e+01,9.8529e+01,9.8912e+01,9.8897e+01,9.9122e+01,9.9162e+01,9.8910e+01,9.8362e+01,9.8057e+01,9.8797e+01,1.0000e+02,1.0111e+02,1.0289e+02,1.0497e+02,1.0667e+02,1.0869e+02,1.1072e+02,1.1200e+02,1.1358e+02,1.1476e+02,1.1690e+02,1.1852e+02,1.2013e+02,1.2136e+02,1.2237e+02,1.2235e+02,1.2216e+02,1.2172e+02,1.2062e+02,1.2076e+02,1.2067e+02,1.2004e+02,1.1838e+02,1.1844e+02,1.1881e+02,1.1757e+02,1.1513e+02,1.1384e+02,1.1114e+02,1.0860e+02,1.0790e+02,1.0518e+02,1.0289e+02,1.0140e+02,9.8245e+01,9.7533e+01,9.4552e+01,9.4598e+01,9.3308e+01,9.0748e+01,8.7694e+01,8.5193e+01,8.4944e+01,8.1664e+01,8.0038e+01,8.1656e+01,8.0166e+01,7.8469e+01,7.5651e+01,7.3816e+01,7.0729e+01,6.9721e+01,6.6334e+01,6.5591e+01,6.3183e+01,6.1202e+01,6.0128e+01,5.6671e+01,5.5681e+01,5.2328e+01,5.0786e+01,4.7990e+01,4.5980e+01,4.2589e+01,4.0488e+01,3.7948e+01,3.5034e+01,3.3359e+01,3.2735e+01,3.2392e+01,3.1013e+01,3.0734e+01,3.1323e+01,3.2027e+01,3.2161e+01,3.3888e+01,3.4728e+01,3.5227e+01,3.4753e+01,3.5620e+01,3.6773e+01,3.7778e+01,3.9286e+01,3.9958e+01,4.0935e+01,4.0760e+01,4.0288e+01,4.0602e+01,4.0990e+01,4.1083e+01,4.1216e+01,4.2022e+01,4.2881e+01,4.4002e+01,4.5143e+01,4.6458e+01,4.7053e+01,4.7780e+01,4.8725e+01,4.9348e+01,5.0157e+01,5.0199e+01,4.9979e+01
1.0140e+02,1.0136e+02,1.0132e+02,1.0126e+02,1.0121e+02,1.0139e+02,1.0132e+02,1.0158e+02,1.0159e+02,1.0118e+02,1.0050e+02,1.0041e+02,1.0003e+02,9.9423e+01,9.9377e+01,9.9539e+01,9.9189e+01,9.8761e+01,9.8834e+01,9.8908e+01,9.9282e+01,9.9262e+01,9.9487e+01,9.9520e+01,9.9265e+01,9.8709e+01,9.8401e+01,9.9138e+01,1.0034e+02,1.0145e+02,1.0322e+02,1.0531e+02,1.0702e+02,1.0904e+02,1.1108e+02,1.1236e+02,1.1395e+02,1.1513e+02,1.1727e+02,1.1890e+02,1.2051e+02,1.2174e+02,1.2274e+02,1.2272e+02,1.2253e+02,1.2210e+02,1.2100e+02,1.2114e+02,1.2105e+02,1.2043e+02,1.1877e+02,1.1883e+02,1.1921e+02,1.1797e+02,1.1553e+02,1.1424e+02,1.1154e+02,1.0900e+02,1.0830e+02,1.0558e+02,1.0329e+02,1.0181e+02,9.8650e+01,9.7942e+01,9.4962e+01,9.5010e+01,9.3724e+01,9.1160e+01,8.8102e+01,8.5594e+01,8.5339e+01,8.2055e+01,8.0413e+01,8.2018e+01,8.0510e+01,7.8807e+01,7.5972e+01,7.4128e+01,7.1028e+01,7.0017e+01,6.6613e+01,6.5846e+01,6.3428e+01,6.1422e+01,6.0355e+01,5.6887e+01,5.5907e+01,5.2545e+01,5.0983e+01,4.8192e+01,4.6162e+01,4.2738e+01,4.0595e+01,3.8011e+01,3.5081e+01,3.3356e+01,3.2694e+01,3.2303e+01,3.0884e+01,3.0560e+01,3.1118e+01,3.1792e+01,3.1880e+01,3.3585e+01,3.4408e+01,3.4882e+01,3.4367e+01,3.5215e+01,3.6339e+01,3.7318e+01,3.8786e+01,3.9430e+01,4.0391e+01,4.0208e+01,3.9724e+01,4.0032e+01,4.0414e+01,4.0487e+01,4.0612e+01,4.1406e+01,4.2246e+01,4.3352e+01,4.4494e+01,4.5803e+01,4.6392e+01,4.7117e+01,4.8059e+01,4.8678e+01,4.9486e+01,4.9526e+01,4.9310e+01
1.0234e+02,1.0230e+02,1.0225e+02,1.0219e+02,1.0214e+02,1.0233e+02,1.0226e+02,1.0251e+02,1.0253e+02,1.0213e+02,1.0145e+02,1.0137e+02,1.0100e+02,1.0039e+02,1.0036e+02,1.0053e+02,1.0018e+02,9.9745e+01,9.9823e+01,9.9909e+01,1.0029e+02,1.0027e+02,1.0049e+02,1.0052e+02,1.0027e+02,9.9700e+01,9.9389e+01,1.0012e+02,1.0132e+02,1.0243e+02,1.0420e+02,1.0629e+02,1.0800e+02,1.1002e+02,1.1206e+02,1.1334e+02,1.1493e+02,1.1610e+02,1.1824e+02,1.1987e+02,1.2149e+02,1.2272e+02,1.2372e+02,1.2371e+02,1.2352e+02,1.2310e+02,1.2201e+02,1.2216e+02,1.2207e+02,1.2145e+02,1.1980e+02,1.1987e+02,1.2026e+02,1.1903e+02,1.1658e+02,1.1529e+02,1.1259e+02,1.1005e+02,1.0936e+02,1.0663e+02,1.0435e+02,1.0287e+02,9.9711e+01,9.9013e+01,9.6027e+01,9.6074e+01,9.4788e+01,9.2208e+01,8.9149e+01,8.6620e+01,8.6346e+01,8.3044e+01,8.1385e+01,8.2999e+01,8.1483e+01,7.9750e+01,7.6905e+01,7.5071e+01,7.1944e+01,7.0904e+01,6.7478e+01,6.6677e+01,6.4223e+01,6.2170e+01,6.1078e+01,5.7579e+01,5.6576e+01,5.3182e+01,5.1543e+01,4.8753e+01,4.6763e+01,4.3299e+01,4.1071e+01,3.8436e+01,3.5449e+01,3.3597e+01,3.2814e+01,3.2268e+01,3.0729e+01,3.0290e+01,3.0733e+01,3.1330e+01,3.1303e+01,3.2917e+01,3.3690e+01,3.4069e+01,3.3497e+01,3.4291e+01,3.5371e+01,3.6275e+01,3.7699e+01,3.8286e+01,3.9213e+01,3.9016e+01,3.8514e+01,3.8803e+01,3.9178e+01,3.9237e+01,3.9343e+01,4.0120e+01,4.0938e+01,4.2027e+01,4.3167e+01,4.4471e+01,4.5054e+01,4.5781e+01,4.6730e+01,4.7352e+01,4.8166e+01,4.8210e+01,4.7995e+01
1.0336e+02,1.0332e+02,1.0327e+02,1.0320e+02,1.0315e+02,1.0333e+02,1.0325e+02,1.0350e+02,1.0353e+02,1.0313e+02,1.0244e+02,1.0237e+02,1.0201e+02,1.0140e+02,1.0136e+02,1.0154e+02,1.0120e+02,1.0076e+02,1.0083e+02,1.0093e+02,1.0130e+02,1.0127e+02,1.0150e+02,1.0151e+02,1.0125e+02,1.0067e+02,1.0035e+02,1.0107e+02,1.0227e+02,1.0339e+02,1.0516e+02,1.0724e+02,1.0897e+02,1.1098e+02,1.1302e+02,1.1430e+02,1.1589e+02,1.1705e+02,1.1920e+02,1.2083e+02,1.2246e+02,1.2369e+02,1.2468e+02,1.2469e+02,1.2450e+02,1.2409e+02,1.2302e+02,1.2318e+02,1.2310e+02,1.2250e+02,1.2085e+02,1.2092e+02,1.2132e+02,1.2010e+02,1.1765e+02,1.1635e+02,1.1366e+02,1.1111e+02,1.1043e+02,1.0770e+02,1.0541e+02,1.0394e+02,1.0077e+02,1.0008e+02,9.7078e+01,9.7116e+01,9.5815e+01,9.3210e+01,9.0152e+01,8.7591e+01,8.7289e+01,8.3963e+01,8.2287e+01,8.3921e+01,8.2402e+01,8.0631e+01,7.7779e+01,7.5968e+01,7.2813e+01,7.1730e+01,6.8279e+01,6.7423e+01,6.4914e+01,6.2799e+01,6.1660e+01,5.8127e+01,5.7080e+01,5.3648e+01,5.1917e+01,4.9118e+01,4.7185e+01,4.3669e+01,4.1324e+01,3.8635e+01,3.5599e+01,3.3618e+01,3.2698e+01,3.1978e+01,3.0294e+01,2.9715e+01,3.0020e+01,3.0553e+01,3.0378e+01,3.1920e+01,3.2649e+01,3.2905e+01,3.2245e+01,3.2962e+01,3.3976e+01,3.4825e+01,3.6215e+01,3.6765e+01,3.7677e+01,3.7470e+01,3.6957e+01,3.7220e+01,3.7591e+01,3.7659e+01,3.7769e+01,3.8536e+01,3.9347e+01,4.0430e+01,4.1568e+01,4.2876e+01,4.3461e+01,4.4192e+01,4.5152e+01,4.5779e+01,4.6601e+01,4.6651e+01,4.6436e+01
1.0395e+02,1.0391e+02,1.0385e+02,1.0378e+02,1.0373e+02,1.0391e+02,1.0383e+02,1.0408e+02,1.0411e+02,1.0370e+02,1.0301e+02,1.0295e+02,1.0259e+02,1.0197e+02,1.0194e+02,1.0212e+02,1.0177e+02,1.0132e+02,1.0139e+02,1.0149e+02,1.0185e+02,1.0180e+02,1.0202e+02,1.0202e+02,1.0175e+02,1.0116e+02,1.0084e+02,1.0155e+02,1.0274e+02,1.0386e+02,1.0563e+02,1.0772e+02,1.0944e+02,1.1145e+02,1.1350e+02,1.1476e+02,1.1636e+02,1.1752e+02,1.1967e+02,1.2130e+02,1.2294e+02,1.2417e+02,1.2514e+02,1.2517e+02,1.2498e+02,1.2459e+02,1.2353e+02,1.2372e+02,1.2363e+02,1.2305e+02,1.2141e+02,1.2149e+02,1.2190e+02,1.2069e+02,1.1824e+02,1.1694e+02,1.1426e+02,1.1171e+02,1.1104e+02,1.0833e+02,1.0604e+02,1.0459e+02,1.0141e+02,1.0073e+02,9.7720e+01,9.7735e+01,9.6418e+01,9.3790e+01,9.0740e+01,8.8149e+01,8.7814e+01,8.4476e+01,8.2785e+01,8.4423e+01,8.2901e+01,8.1094e+01,7.8235e+01,7.6447e+01,7.3265e+01,7.2137e+01,6.8659e+01,6.7737e+01,6.5181e+01,6.2999e+01,6.1829e+01,5.8271e+01,5.7202e+01,5.3750e+01,5.1941e+01,4.9156e+01,4.7262e+01,4.3701e+01,4.1242e+01,3.8483e+01,3.5441e+01,3.3356e+01,3.2293e+01,3.1428e+01,2.9620e+01,2.8931e+01,2.9106e+01,2.9617e+01,2.9346e+01,3.0834e+01,3.1555e+01,3.1720e+01,3.0984e+01,3.1640e+01,3.2616e+01,3.3430e+01,3.4812e+01,3.5350e+01,3.6263e+01,3.6058e+01,3.5528e+01,3.5787e+01,3.6164e+01,3.6244e+01,3.6374e+01,3.7141e+01,3.7952e+01,3.9029e+01,4.0176e+01,4.1494e+01,4.2086e+01,4.2823e+01,4.3802e+01,4.4435e+01,4.5262e+01,4.5313e+01,4.5096e+01
1.0505e+02,1.0501e+02,1.0496e+02,1.0489e+02,1.0484e+02,1.0502e+02,1.0493e+02,1.0517e+02,1.0520e+02,1.0479e+02,1.0411e+02,1.0405e+02,1.0370e+02,1.0308e+02,1.0305e+02,1.0324e+02,1.0288e+02,1.0242e+02,1.0249e+02,1.0259e+02,1.0293e+02,1.0288e+02,1.0309e+02,1.0309e+02,1.0280e+02,1.0219e+02,1.0186e+02,1.0255e+02,1.0374e+02,1.0486e+02,1.0662e+02,1.0871e+02,1.1043e+02,1.1244e+02,1.1448e+02,1.1574e+02,1.1733e+02,1.1849e+02,1.2063e+02,1.2226e+02,1.2390e+02,1.2513e+02,1.2609e+02,1.2613e+02,1.2594e+02,1.2558e+02,1.2454e+02,1.2475e+02,1.2467e+02,1.2411e+02,1.2248e+02,1.2257e+02,1.2300e+02,1.2180e+02,1.1934e+02,1.1805e+02,1.1538e+02,1.1282e+02,1.1217e+02,1.0946e+02,1.0718e+02,1.0574e+02,1.0256e+02,1.0189e+02,9.8878e+01,9.8881e+01,9.7555e+01,9.4911e+01,9.1871e+01,8.9256e+01,8.8892e+01,8.5545e+01,8.3828e+01,8.5463e+01,8.3932e+01,8.2090e+01,7.9223e+01,7.7455e+01,7.4250e+01,7.3085e+01,6.9585e+01,6.8599e+01,6.6001e+01,6.3753e+01,6.2560e+01,5.8985e+01,5.7901e+01,5.4437e+01,5.2548e+01,4.9792e+01,4.7955e+01,4.4371e+01,4.1812e+01,3.9011e+01,3.5977e+01,3.3794e+01,3.2596e+01,3.1575e+01,2.9610e+01,2.8758e+01,2.8737e+01,2.9161e+01,2.8712e+01,3.0061e+01,3.0758e+01,3.0756e+01,2.9899e+01,3.0426e+01,3.1335e+01,3.2084e+01,3.3409e+01,3.3920e+01,3.4809e+01,3.4632e+01,3.4105e+01,3.4339e+01,3.4703e+01,3.4811e+01,3.4957e+01,3.5707e+01,3.6523e+01,3.7596e+01,3.8745e+01,4.0067e+01,4.0660e+01,4.1400e+01,4.2392e+01,4.3028e+01,4.3859e+01,4.3912e+01,4.3696e+01
1.0638e+02,1.0633e+02,1.0627e+02,1.0620e+02,1.0614e+02,1.0632e+02,1.0623e+02,1.0647e+02,1.0650e+02,1.0609e+02,1.0540e+02,1.0535e+02,1.0500e+02,1.0438e+02,1.0435e+02,1.0455e+02,1.0418e+02,1.0372e+02,1.0378e+02,1.0388e+02,1.0422e+02,1.0416e+02,1.0437e+02,1.0435e+02,1.0405e+02,1.0342e+02,1.0307e+02,1.0375e+02,1.0494e+02,1.0607e+02,1.0783e+02,1.0993e+02,1.1166e+02,1.1366e+02,1.1571e+02,1.1697e+02,1.1857e+02,1.1973e+02,1.2188e+02,1.2352e+02,1.2516e+02,1.2639e+02,1.2734e+02,1.2739e+02,1.2720e+02,1.2685e+02,1.2582e+02,1.2605e+02,1.2597e+02,1.2543e+02,1.2381e+02,1.2389e+02,1.2434e+02,1.2314e+02,1.2068e+02,1.1938e+02,1.1672e+02,1.1415e+02,1.1351e+02,1.1080e+02,1.0852e+02,1.0709e+02,1.0390e+02,1.0324e+02,1.0021e+02,1.0021e+02,9.8871e+01,9.6209e+01,9.3170e+01,9.0532e+01,9.0145e+01,8.6782e+01,8.5051e+01,8.6698e+01,8.5163e+01,8.3289e+01,8.0414e+01,7.8662e+01,7.5433e+01,7.4233e+01,7.0713e+01,6.9675e+01,6.7030e+01,6.4726e+01,6.3495e+01,5.9896e+01,5.8774e+01,5.5284e+01,5.3315e+01,5.0561e+01,4.8775e+01,4.5158e+01,4.2498e+01,3.9670e+01,3.6622e+01,3.4342e+01,3.3018e+01,3.1840e+01,2.9750e+01,2.8767e+01,2.8567e+01,2.8892e+01,2.8285e+01,2.9546e+01,3.0156e+01,3.0049e+01,2.9107e+01,2.9566e+01,3.0377e+01,3.0998e+01,3.2248e+01,3.2683e+01,3.3526e+01,3.3310e+01,3.2752e+01,3.2936e+01,3.3265e+01,3.3331e+01,3.3445e+01,3.4160e+01,3.4938e+01,3.5978e+01,3.7101e+01,3.8399e+01,3.8982e+01,3.9723e+01,4.0716e+01,4.1357e+01,4.2203e+01,4.2268e+01,4.2061e+01
1.0796e+02,1.0792e+02,1.0785e+02,1.0778e+02,1.0773e+02,1.0791e+02,1.0781e+02,1.0805e+02,1.0810e+02,1.0767e+02,1.0697e+02,1.0693e+02,1.0659e+02,1.0595e+02,1.0593e+02,1.0613e+02,1.0576e+02,1.0528e+02,1.0534e+02,1.0545e+02,1.0577e+02,1.0569e+02,1.0590e+02,1.0587e+02,1.0556e+02,1.0492e+02,1.0456e+02,1.0522e+02,1.0641e+02,1.0756e+02,1.0931e+02,1.1142e+02,1.1316e+02,1.1516e+02,1.1721e+02,1.1847e+02,1.2006e+02,1.2122e+02,1.2337e+02,1.2501e+02,1.2665e+02,1.2788e+02,1.2881e+02,1.2886e+02,1.2866e+02,1.2833e+02,1.2732e+02,1.2757e+02,1.2749e+02,1.2698e+02,1.2536e+02,1.2545e+02,1.2592e+02,1.2474e+02,1.2228e+02,1.2099e+02,1.1833e+02,1.1576e+02,1.1514e+02,1.1243e+02,1.1015e+02,1.0875e+02,1.0556e+02,1.0490e+02,1.0186e+02,1.0183e+02,1.0048e+02,9.7786e+01,9.4758e+01,9.2093e+01,9.1673e+01,8.8292e+01,8.6549e+01,8.8208e+01,8.6678e+01,8.4765e+01,8.1892e+01,8.0168e+01,7.6915e+01,7.5667e+01,7.2127e+01,7.1030e+01,6.8339e+01,6.5972e+01,6.4702e+01,6.1083e+01,5.9924e+01,5.6417e+01,5.4354e+01,5.1622e+01,4.9912e+01,4.6270e+01,4.3507e+01,4.0640e+01,3.7573e+01,3.5196e+01,3.3717e+01,3.2365e+01,3.0119e+01,2.8970e+01,2.8544e+01,2.8753e+01,2.7907e+01,2.9005e+01,2.9498e+01,2.9197e+01,2.8096e+01,2.8390e+01,2.9071e+01,2.9543e+01,3.0677e+01,3.1026e+01,3.1802e+01,3.1570e+01,3.0988e+01,3.1147e+01,3.1457e+01,3.1500e+01,3.1588e+01,3.2273e+01,3.3034e+01,3.4057e+01,3.5172e+01,3.6463e+01,3.7042e+01,3.7785e+01,3.8801e+01,3.9450e+01,4.0314e+01,4.0386e+01,4.0177e+01
1.0938e+02,1.0934e+02,1.0928e+02,1.0921e+02,1.0916e+02,1.0934e+02,1.0925e+02,1.0948e+02,1.0951e+02,1.0909e+02,1.0840e+02,1.0834e+02,1.0799e+02,1.0735e+02,1.0732e+02,1.0751e+02,1.0713e+02,1.0665e+02,1.0671e+02,1.0681e+02,1.0713e+02,1.0706e+02,1.0726e+02,1.0723e+02,1.0692e+02,1.0628e+02,1.0591e+02,1.0657e+02,1.0777e+02,1.0892e+02,1.1069e+02,1.1281e+02,1.1455e+02,1.1655e+02,1.1860e+02,1.1986e+02,1.2146e+02,1.2262e+02,1.2478e+02,1.2641e+02,1.2804e+02,1.2926e+02,1.3019e+02,1.3023e+02,1.3001e+02,1.2969e+02,1.2869e+02,1.2893e+02,1.2885e+02,1.2833e+02,1.2672e+02,1.2680e+02,1.2726e+02,1.2608e+02,1.2361e+02,1.2231e+02,1.1965e+02,1.1707e+02,1.1644e+02,1.1374e+02,1.1145e+02,1.1004e+02,1.0685e+02,1.0618e+02,1.0315e+02,1.0313e+02,1.0177e+02,9.9089e+01,9.6052e+01,9.3399e+01,9.2998e+01,8.9614e+01,8.7877e+01,8.9535e+01,8.8006e+01,8.6103e+01,8.3227e+01,8.1493e+01,7.8239e+01,7.6997e+01,7.3451e+01,7.2355e+01,6.9663e+01,6.7288e+01,6.6017e+01,6.2394e+01,6.1231e+01,5.7716e+01,5.5633e+01,5.2896e+01,5.1192e+01,4.7534e+01,4.4751e+01,4.1876e+01,3.8791e+01,3.6416e+01,3.4880e+01,3.3500e+01,3.1164e+01,2.9946e+01,2.9421e+01,2.9581e+01,2.8577e+01,2.9579e+01,3.0015e+01,2.9576e+01,2.8351e+01,2.8508e+01,2.9066e+01,2.9400e+01,3.0390e+01,3.0641e+01,3.1341e+01,3.1103e+01,3.0488e+01,3.0588e+01,3.0864e+01,3.0864e+01,3.0895e+01,3.1503e+01,3.2212e+01,3.3183e+01,3.4247e+01,3.5481e+01,3.6029e+01,3.6745e+01,3.7746e+01,3.8388e+01,3.9249e+01,3.9335e+01,3.9137e+01
1.1020e+02,1.1015e+02,1.1009e+02,1.1003e+02,1.0998e+02,1.1016e+02,1.1007e+02,1.1031e+02,1.1035e+02,1.0992e+02,1.0922e+02,1.0916e+02,1.0881e+02,1.0814e+02,1.0811e+02,1.0830e+02,1.0791e+02,1.0740e+02,1.0746e+02,1.0755e+02,1.0785e+02,1.0777e+02,1.0797e+02,1.0792e+02,1.0760e+02,1.0695e+02,1.0657e+02,1.0722e+02,1.0843e+02,1.0960e+02,1.1138e+02,1.1352e+02,1.1528e+02,1.1728e+02,1.1935e+02,1.2062e+02,1.2223e+02,1.2340e+02,1.2556e+02,1.2719e+02,1.2881e+02,1.3003e+02,1.3094e+02,1.3098e+02,1.3075e+02,1.3043e+02,1.2943e+02,1.2968e+02,1.2959e+02,1.2908e+02,1.2746e+02,1.2753e+02,1.2801e+02,1.2682e+02,1.2435e+02,1.2306e+02,1.2040e+02,1.1781e+02,1.1718e+02,1.1449e+02,1.1219e+02,1.1080e+02,1.0760e+02,1.0692e+02,1.0388e+02,1.0381e+02,1.0241e+02,9.9688e+01,9.6666e+01,9.3991e+01,9.3568e+01,9.0161e+01,8.8447e+01,9.0151e+01,8.8671e+01,8.6740e+01,8.3899e+01,8.2215e+01,7.8952e+01,7.7654e+01,7.4105e+01,7.2994e+01,7.0251e+01,6.7854e+01,6.6503e+01,6.2855e+01,6.1604e+01,5.8056e+01,5.5901e+01,5.3137e+01,5.1518e+01,4.7855e+01,4.5021e+01,4.2185e+01,3.9068e+01,3.6708e+01,3.5050e+01,3.3637e+01,3.1236e+01,3.0059e+01,2.9477e+01,2.9711e+01,2.8662e+01,2.9635e+01,3.0104e+01,2.9564e+01,2.8262e+01,2.8300e+01,2.8788e+01,2.9016e+01,2.9932e+01,3.0121e+01,3.0769e+01,3.0509e+01,2.9891e+01,2.9956e+01,3.0186e+01,3.0139e+01,3.0149e+01,3.0717e+01,3.1392e+01,3.2318e+01,3.3346e+01,3.4550e+01,3.5092e+01,3.5798e+01,3.6802e+01,3.7445e+01,3.8309e+01,3.8404e+01,3.8212e+01
1.1144e+02,1.1139e+02,1.1133e+02,1.1127e+02,1.1122e+02,1.1141e+02,1.1132e+02,1.1156e+02,1.1160e+02,1.1116e+02,1.1045e+02,1.1041e+02,1.1004e+02,1.0937e+02,1.0935e+02,1.0953e+02,1.0912e+02,1.0861e+02,1.0866e+02,1.0875e+02,1.0904e+02,1.0895e+02,1.0915e+02,1.0911e+02,1.0878e+02,1.0813e+02,1.0773e+02,1.0839e+02,1.0960e+02,1.1079e+02,1.1258e+02,1.1473e+02,1.1651e+02,1.1853e+02,1.2060e+02,1.2188e+02,1.2350e+02,1.2468e+02,1.2684e+02,1.2847e+02,1.3009e+02,1.3129e+02,1.3218e+02,1.3222e+02,1.3197e+02,1.3165e+02,1.3066e+02,1.3091e+02,1.3081e+02,1.3031e+02,1.2869e+02,1.2875e+02,1.2923e+02,1.2804e+02,1.2556e+02,1.2424e+02,1.2159e+02,1.1899e+02,1.1836e+02,1.1567e+02,1.1335e+02,1.1197e+02,1.0877e+02,1.0807e+02,1.0502e+02,1.0493e+02,1.0349e+02,1.0074e+02,9.7731e+01,9.5034e+01,9.4595e+01,9.1163e+01,8.9472e+01,9.1224e+01,8.9782e+01,8.7823e+01,8.5008e+01,8.3364e+01,8.0094e+01,7.8750e+01,7.5201e+01,7.4077e+01,7.1289e+01,6.8871e+01,6.7450e+01,6.3792e+01,6.2467e+01,5.8894e+01,5.6663e+01,5.3888e+01,5.2364e+01,4.8707e+01,4.5826e+01,4.3033e+01,3.9886e+01,3.7532e+01,3.5775e+01,3.4314e+01,3.1841e+01,3.0646e+01,2.9983e+01,3.0193e+01,2.9029e+01,2.9929e+01,3.0365e+01,2.9737e+01,2.8377e+01,2.8295e+01,2.8702e+01,2.8824e+01,2.9650e+01,2.9764e+01,3.0361e+01,3.0076e+01,2.9413e+01,2.9442e+01,2.9647e+01,2.9557e+01,2.9523e+01,3.0025e+01,3.0656e+01,3.1520e+01,3.2498e+01,3.3657e+01,3.4180e+01,3.4871e+01,3.5869e+01,3.6509e+01,3.7369e+01,3.7477e+01,3.7302e+01
1.1268e+02,1.1264e+02,1.1258e+02,1.1252e+02,1.1247e+02,1.1266e+02,1.1257e+02,1.1282e+02,1.1287e+02,1.1243e+02,1.1172e+02,1.1168e+02,1.1132e+02,1.1064e+02,1.1061e+02,1.1080e+02,1.1038e+02,1.0985e+02,1.0991e+02,1.1001e+02,1.1030e+02,1.1021e+02,1.1042e+02,1.1036e+02,1.1003e+02,1.0936e+02,1.0895e+02,1.0961e+02,1.1084e+02,1.1205e+02,1.1385e+02,1.1601e+02,1.1779e+02,1.1981e+02,1.2189e+02,1.2317e+02,1.2480e+02,1.2597e+02,1.2814e+02,1.2978e+02,1.3139e+02,1.3260e+02,1.3348e+02,1.3351e+02,1.3325e+02,1.3293e+02,1.3193e+02,1.3218e+02,1.3207e+02,1.3158e+02,1.2996e+02,1.3001e+02,1.3049e+02,1.2930e+02,1.2682e+02,1.2551e+02,1.2287e+02,1.2026e+02,1.1963e+02,1.1695e+02,1.1461e+02,1.1325e+02,1.1003e+02,1.0933e+02,1.0627e+02,1.0615e+02,1.0467e+02,1.0190e+02,9.8907e+01,9.6202e+01,9.5754e+01,9.2309e+01,9.0655e+01,9.2454e+01,9.1058e+01,8.9077e+01,8.6294e+01,8.4688e+01,8.1409e+01,8.0019e+01,7.6464e+01,7.5332e+01,7.2503e+01,7.0067e+01,6.8576e+01,6.4897e+01,6.3497e+01,5.9896e+01,5.7597e+01,5.4801e+01,5.3370e+01,4.9716e+01,4.6805e+01,4.4047e+01,4.0874e+01,3.8562e+01,3.6720e+01,3.5256e+01,3.2757e+01,3.1612e+01,3.0924e+01,3.1183e+01,3.0002e+01,3.0836e+01,3.1245e+01,3.0523e+01,2.9111e+01,2.8903e+01,2.9201e+01,2.9188e+01,2.9887e+01,2.9903e+01,3.0399e+01,3.0071e+01,2.9380e+01,2.9354e+01,2.9494e+01,2.9342e+01,2.9245e+01,2.9647e+01,3.0198e+01,3.0973e+01,3.1884e+01,3.2972e+01,3.3471e+01,3.4140e+01,3.5120e+01,3.5759e+01,3.6617e+01,3.6742e+01,3.6584e+01
1.1270e+02,1.1265e+02,1.1258e+02,1.1252e+02,1.1246e+02,1.1265e+02,1.1257e+02,1.1282e+02,1.1287e+02,1.1242e+02,1.1170e+02,1.1167e+02,1.1132e+02,1.1062e+02,1.1058e+02,1.1078e+02,1.1035e+02,1.0979e+02,1.0983e+02,1.0995e+02,1.1022e+02,1.1011e+02,1.1033e+02,1.1026e+02,1.0991e+02,1.0921e+02,1.0879e+02,1.0943e+02,1.1068e+02,1.1191e+02,1.1373e+02,1.1591e+02,1.1772e+02,1.1975e+02,1.2185e+02,1.2315e+02,1.2479e+02,1.2598e+02,1.2815e+02,1.2980e+02,1.3141e+02,1.3263e+02,1.3349e+02,1.3350e+02,1.3321e+02,1.3288e+02,1.3188e+02,1.3213e+02,1.3201e+02,1.3153e+02,1.2990e+02,1.2995e+02,1.3045e+02,1.2926e+02,1.2679e+02,1.2548e+02,1.2284e+02,1.2021e+02,1.1957e+02,1.1691e+02,1.1455e+02,1.1319e+02,1.0996e+02,1.0925e+02,1.0617e+02,1.0601e+02,1.0450e+02,1.0170e+02,9.8712e+01,9.5990e+01,9.5532e+01,9.2065e+01,9.0443e+01,9.2295e+01,9.0949e+01,8.8946e+01,8.6197e+01,8.4632e+01,8.1345e+01,7.9906e+01,7.6351e+01,7.5225e+01,7.2349e+01,6.9914e+01,6.8335e+01,6.4634e+01,6.3143e+01,5.9509e+01,5.7158e+01,5.4332e+01,5.2988e+01,4.9351e+01,4.6431e+01,4.3730e+01,4.0529e+01,3.8276e+01,3.6387e+01,3.4959e+01,3.2465e+01,3.1435e+01,3.0804e+01,3.1178e+01,3.0072e+01,3.0988e+01,3.1469e+01,3.0816e+01,2.9465e+01,2.9273e+01,2.9605e+01,2.9610e+01,3.0337e+01,3.0345e+01,3.0825e+01,3.0460e+01,2.9783e+01,2.9743e+01,2.9825e+01,2.9648e+01,2.9565e+01,2.9939e+01,3.0477e+01,3.1225e+01,3.2108e+01,3.3169e+01,3.3665e+01,3.4319e+01,3.5281e+01,3.5917e+01,3.6770e+01,3.6901e+01,3.6748e+01
1.1385e+02,1.1380e+02,1.1373e+02,1.1367e+02,1.1362e+02,1.1380e+02,1.1371e+02,1.1397e+02,1.1404e+02,1.1359e+02,1.1286e+02,1.1284e+02,1.1250e+02,1.1178e+02,1.1174e+02,1.1195e+02,1.1151e+02,1.1094e+02,1.1099e+02,1.1111e+02,1.1138e+02,1.1127e+02,1.1148e+02,1.1139e+02,1.1104e+02,1.1032e+02,1.0989e+02,1.1052e+02,1.1177e+02,1.1302e+02,1.1484e+02,1.1702e+02,1.1883e+02,1.2085e+02,1.2296e+02,1.2425e+02,1.2589e+02,1.2707e+02,1.2924e+02,1.3089e+02,1.3249e+02,1.3371e+02,1.3456e+02,1.3456e+02,1.3426e+02,1.3395e+02,1.3297e+02,1.3324e+02,1.3312e+02,1.3265e+02,1.3105e+02,1.3109e+02,1.3161e+02,1.3043e+02,1.2797e+02,1.2666e+02,1.2404e+02,1.2140e+02,1.2079e+02,1.1814e+02,1.1578e+02,1.1445e+02,1.1121e+02,1.1051e+02,1.0743e+02,1.0723e+02,1.0568e+02,1.0284e+02,9.9880e+01,9.7122e+01,9.6623e+01,9.3138e+01,9.1526e+01,9.3416e+01,9.2106e+01,9.0048e+01,8.7329e+01,8.5829e+01,8.2521e+01,8.1006e+01,7.7444e+01,7.6262e+01,7.3323e+01,7.0834e+01,6.9178e+01,6.5468e+01,6.3905e+01,6.0261e+01,5.7808e+01,5.5007e+01,5.3799e+01,5.0182e+01,4.7188e+01,4.4524e+01,4.1349e+01,3.9093e+01,3.7072e+01,3.5571e+01,3.3007e+01,3.1952e+01,3.1191e+01,3.1548e+01,3.0358e+01,3.1139e+01,3.1593e+01,3.0822e+01,2.9440e+01,2.9117e+01,2.9352e+01,2.9241e+01,2.9866e+01,2.9806e+01,3.0209e+01,2.9808e+01,2.9112e+01,2.9060e+01,2.9105e+01,2.8897e+01,2.8791e+01,2.9116e+01,2.9630e+01,3.0338e+01,3.1189e+01,3.2234e+01,3.2729e+01,3.3390e+01,3.4368e+01,3.5017e+01,3.5882e+01,3.6024e+01,3.5879e+01
1.1397e+02,1.1393e+02,1.1386e+02,1.1380e+02,1.1374e+02,1.1392e+02,1.1383e+02,1.1409e+02,1.1417e+02,1.1372e+02,1.1299e+02,1.1298e+02,1.1264e+02,1.1192e+02,1.1189e+02,1.1210e+02,1.1167e+02,1.1110e+02,1.1114e+02,1.1127e+02,1.1154e+02,1.1141e+02,1.1161e+02,1.1153e+02,1.1116e+02,1.1044e+02,1.1000e+02,1.1062e+02,1.1187e+02,1.1309e+02,1.1490e+02,1.1706e+02,1.1885e+02,1.2087e+02,1.2295e+02,1.2422e+02,1.2585e+02,1.2701e+02,1.2918e+02,1.3083e+02,1.3243e+02,1.3364e+02,1.3449e+02,1.3452e+02,1.3422e+02,1.3394e+02,1.3298e+02,1.3328e+02,1.3318e+02,1.3273e+02,1.3115e+02,1.3121e+02,1.3174e+02,1.3059e+02,1.2813e+02,1.2683e+02,1.2423e+02,1.2160e+02,1.2102e+02,1.1839e+02,1.1606e+02,1.1475e+02,1.1152e+02,1.1086e+02,1.0777e+02,1.0756e+02,1.0600e+02,1.0315e+02,1.0021e+02,9.7419e+01,9.6868e+01,9.3381e+01,9.1726e+01,9.3601e+01,9.2274e+01,9.0165e+01,8.7441e+01,8.5977e+01,8.2644e+01,8.1085e+01,7.7512e+01,7.6252e+01,7.3282e+01,7.0728e+01,6.9068e+01,6.5365e+01,6.3808e+01,6.0183e+01,5.7666e+01,5.4930e+01,5.3779e+01,5.0168e+01,4.7098e+01,4.4416e+01,4.1295e+01,3.8959e+01,3.6836e+01,3.5205e+01,3.2559e+01,3.1378e+01,3.0442e+01,3.0694e+01,2.9382e+01,2.9999e+01,3.0414e+01,2.9518e+01,2.8086e+01,2.7674e+01,2.7841e+01,2.7687e+01,2.8281e+01,2.8246e+01,2.8665e+01,2.8279e+01,2.7571e+01,2.7562e+01,2.7656e+01,2.7496e+01,2.7435e+01,2.7821e+01,2.8409e+01,2.9195e+01,3.0111e+01,3.1251e+01,3.1785e+01,3.2496e+01,3.3538e+01,3.4213e+01,3.5114e+01,3.5250e+01,3.5089e+01
1.1499e+02,1.1495e+02,1.1488e+02,1.1481e+02,1.1475e+02,1.1494e+02,1.1484e+02,1.1510e+02,1.1519e+02,1.1475e+02,1.1401e+02,1.1401e+02,1.1368e+02,1.1294e+02,1.1291e+02,1.1313e+02,1.1270e+02,1.1211e+02,1.1215e+02,1.1230e+02,1.1255e+02,1.1241e+02,1.1261e+02,1.1251e+02,1.1213e+02,1.1140e+02,1.1093e+02,1.1155e+02,1.1279e+02,1.1403e+02,1.1583e+02,1.1798e+02,1.1977e+02,1.2177e+02,1.2385e+02,1.2510e+02,1.2672e+02,1.2787e+02,1.3003e+02,1.3168e+02,1.3328e+02,1.3449e+02,1.3532e+02,1.3535e+02,1.3505e+02,1.3479e+02,1.3385e+02,1.3418e+02,1.3409e+02,1.3367e+02,1.3210e+02,1.3216e+02,1.3272e+02,1.3159e+02,1.2914e+02,1.2785e+02,1.2528e+02,1.2265e+02,1.2210e+02,1.1950e+02,1.1718e+02,1.1591e+02,1.1268e+02,1.1204e+02,1.0895e+02,1.0869e+02,1.0710e+02,1.0421e+02,1.0131e+02,9.8478e+01,9.7871e+01,9.4372e+01,9.2712e+01,9.4611e+01,9.3311e+01,9.1140e+01,8.8444e+01,8.7051e+01,8.3698e+01,8.2061e+01,7.8484e+01,7.7150e+01,7.4123e+01,7.1506e+01,6.9780e+01,6.6084e+01,6.4471e+01,6.0857e+01,5.8242e+01,5.5562e+01,5.4552e+01,5.0978e+01,4.7835e+01,4.5195e+01,4.2137e+01,3.9793e+01,3.7542e+01,3.5824e+01,3.3119e+01,3.1892e+01,3.0801e+01,3.1011e+01,2.9606e+01,3.0046e+01,3.0425e+01,2.9402e+01,2.7951e+01,2.7401e+01,2.7455e+01,2.7200e+01,2.7691e+01,2.7620e+01,2.7982e+01,2.7585e+01,2.6876e+01,2.6876e+01,2.6955e+01,2.6804e+01,2.6758e+01,2.7124e+01,2.7724e+01,2.8507e+01,2.9412e+01,3.0570e+01,3.1115e+01,3.1843e+01,3.2914e+01,3.3601e+01,3.4517e+01,3.4657e+01,3.4496e+01
1.1434e+02,1.1429e+02,1.1422e+02,1.1415e+02,1.1408e+02,1.1427e+02,1.1416e+02,1.1442e+02,1.1452e+02,1.1407e+02,1.1333e+02,1.1334e+02,1.1302e+02,1.1228e+02,1.1224e+02,1.1247e+02,1.1204e+02,1.1142e+02,1.1146e+02,1.1161e+02,1.1185e+02,1.1168e+02,1.1186e+02,1.1174e+02,1.1134e+02,1.1058e+02,1.1011e+02,1.1069e+02,1.1193e+02,1.1318e+02,1.1497e+02,1.1711e+02,1.1891e+02,1.2090e+02,1.2299e+02,1.2423e+02,1.2585e+02,1.2700e+02,1.2917e+02,1.3081e+02,1.3242e+02,1.3362e+02,1.3444e+02,1.3448e+02,1.3416e+02,1.3392e+02,1.3300e+02,1.3336e+02,1.3328e+02,1.3289e+02,1.3134e+02,1.3142e+02,1.3199e+02,1.3090e+02,1.2847e+02,1.2719e+02,1.2464e+02,1.2201e+02,1.2149e+02,1.1891e+02,1.1661e+02,1.1537e+02,1.1214e+02,1.1154e+02,1.0843e+02,1.0814e+02,1.0653e+02,1.0361e+02,1.0074e+02,9.7860e+01,9.7200e+01,9.3690e+01,9.1999e+01,9.3902e+01,9.2603e+01,9.0382e+01,8.7693e+01,8.6349e+01,8.2969e+01,8.1275e+01,7.7691e+01,7.6300e+01,7.3231e+01,7.0569e+01,6.8804e+01,6.5104e+01,6.3462e+01,5.9856e+01,5.7176e+01,5.4547e+01,5.3612e+01,5.0061e+01,4.6865e+01,4.4235e+01,4.1219e+01,3.8827e+01,3.6495e+01,3.4688e+01,3.1944e+01,3.0689e+01,2.9519e+01,2.9705e+01,2.8286e+01,2.8689e+01,2.9096e+01,2.8094e+01,2.6696e+01,2.6152e+01,2.6254e+01,2.6086e+01,2.6677e+01,2.6688e+01,2.7119e+01,2.6718e+01,2.6032e+01,2.6094e+01,2.6186e+01,2.6080e+01,2.6121e+01,2.6590e+01,2.7298e+01,2.8189e+01,2.9178e+01,3.0444e+01,3.1038e+01,3.1810e+01,3.2932e+01,3.3638e+01,3.4581e+01,3.4708e+01,3.4529e+01
1.1298e+02,1.1294e+02,1.1287e+02,1.1280e+02,1.1273e+02,1.1291e+02,1.1280e+02,1.1306e+02,1.1315e+02,1.1270e+02,1.1197e+02,1.1196e+02,1.1164e+02,1.1091e+02,1.1088e+02,1.1109e+02,1.1067e+02,1.1007e+02,1.1011e+02,1.1025e+02,1.1049e+02,1.1033e+02,1.1051e+02,1.1041e+02,1.1002e+02,1.0928e+02,1.0881e+02,1.0941e+02,1.1063e+02,1.1187e+02,1.1365e+02,1.1580e+02,1.1759e+02,1.1959e+02,1.2168e+02,1.2292e+02,1.2454e+02,1.2570e+02,1.2786e+02,1.2951e+02,1.3112e+02,1.3232e+02,1.3316e+02,1.3320e+02,1.3290e+02,1.3265e+02,1.3171e+02,1.3206e+02,1.3198e+02,1.3157e+02,1.3001e+02,1.3009e+02,1.3066e+02,1.2955e+02,1.2712e+02,1.2584e+02,1.2328e+02,1.2065e+02,1.2011e+02,1.1752e+02,1.1522e+02,1.1396e+02,1.1073e+02,1.1012e+02,1.0701e+02,1.0676e+02,1.0520e+02,1.0230e+02,9.9398e+01,9.6547e+01,9.5919e+01,9.2420e+01,9.0710e+01,9.2574e+01,9.1232e+01,8.9054e+01,8.6329e+01,8.4922e+01,8.1551e+01,7.9923e+01,7.6337e+01,7.4989e+01,7.1971e+01,6.9348e+01,6.7659e+01,6.3956e+01,6.2386e+01,5.8779e+01,5.6185e+01,5.3527e+01,5.2453e+01,4.8862e+01,4.5711e+01,4.3021e+01,3.9968e+01,3.7539e+01,3.5301e+01,3.3523e+01,3.0807e+01,2.9538e+01,2.8458e+01,2.8643e+01,2.7279e+01,2.7820e+01,2.8266e+01,2.7374e+01,2.5986e+01,2.5581e+01,2.5812e+01,2.5783e+01,2.6521e+01,2.6615e+01,2.7147e+01,2.6778e+01,2.6104e+01,2.6191e+01,2.6333e+01,2.6262e+01,2.6335e+01,2.6879e+01,2.7628e+01,2.8577e+01,2.9622e+01,3.0924e+01,3.1528e+01,3.2305e+01,3.3423e+01,3.4128e+01,3.5071e+01,3.5184e+01,3.4993e+01
1.1214e+02,1.1210e+02,1.1203e+02,1.1196e+02,1.1190e+02,1.1208e+02,1.1197e+02,1.1223e+02,1.1230e+02,1.1185e+02,1.1113e+02,1.1112e+02,1.1078e+02,1.1008e+02,1.1005e+02,1.1026e+02,1.0984e+02,1.0928e+02,1.0932e+02,1.0945e+02,1.0971e+02,1.0957e+02,1.0976e+02,1.0967e+02,1.0930e+02,1.0859e+02,1.0815e+02,1.0876e+02,1.0998e+02,1.1119e+02,1.1298e+02,1.1512e+02,1.1690e+02,1.1890e+02,1.2097e+02,1.2222e+02,1.2384e+02,1.2499e+02,1.2716e+02,1.2880e+02,1.3041e+02,1.3162e+02,1.3247e+02,1.3252e+02,1.3225e+02,1.3198e+02,1.3103e+02,1.3135e+02,1.3128e+02,1.3084e+02,1.2926e+02,1.2934e+02,1.2989e+02,1.2876e+02,1.2631e+02,1.2503e+02,1.2244e+02,1.1983e+02,1.1927e+02,1.1664e+02,1.1435e+02,1.1305e+02,1.0983e+02,1.0921e+02,1.0612e+02,1.0592e+02,1.0441e+02,1.0156e+02,9.8622e+01,9.5814e+01,9.5238e+01,9.1761e+01,9.0038e+01,9.1852e+01,9.0461e+01,8.8345e+01,8.5577e+01,8.4089e+01,8.0740e+01,7.9203e+01,7.5619e+01,7.4325e+01,7.1381e+01,6.8808e+01,6.7222e+01,6.3531e+01,6.2061e+01,5.8466e+01,5.5984e+01,5.3300e+01,5.2066e+01,4.8439e+01,4.5354e+01,4.2601e+01,3.9516e+01,3.7068e+01,3.4961e+01,3.3242e+01,3.0571e+01,2.9272e+01,2.8285e+01,2.8443e+01,2.7111e+01,2.7751e+01,2.8192e+01,2.7372e+01,2.5964e+01,2.5671e+01,2.5974e+01,2.6009e+01,2.6812e+01,2.6939e+01,2.7524e+01,2.7197e+01,2.6529e+01,2.6613e+01,2.6811e+01,2.6761e+01,2.6819e+01,2.7388e+01,2.8133e+01,2.9092e+01,3.0156e+01,3.1450e+01,3.2044e+01,3.2811e+01,3.3911e+01,3.4606e+01,3.5538e+01,3.5646e+01,3.5453e+01
1.1215e+02,1.1211e+02,1.1205e+02,1.1197e+02,1.1191e+02,1.1209e+02,1.1198e+02,1.1223e+02,1.1231e+02,1.1187e+02,1.1115e+02,1.1114e+02,1.1080e+02,1.1011e+02,1.1010e+02,1.1031e+02,1.0991e+02,1.0937e+02,1.0942e+02,1.0954e+02,1.0981e+02,1.0969e+02,1.0987e+02,1.0979e+02,1.0943e+02,1.0874e+02,1.0831e+02,1.0892e+02,1.1011e+02,1.1130e+02,1.1306e+02,1.1517e+02,1.1693e+02,1.1890e+02,1.2095e+02,1.2218e+02,1.2377e+02,1.2491e+02,1.2706e+02,1.2869e+02,1.3031e+02,1.3152e+02,1.3238e+02,1.3245e+02,1.3220e+02,1.3195e+02,1.3102e+02,1.3135e+02,1.3130e+02,1.3087e+02,1.2931e+02,1.2941e+02,1.2995e+02,1.2884e+02,1.2639e+02,1.2512e+02,1.2254e+02,1.1995e+02,1.1941e+02,1.1679e+02,1.1453e+02,1.1324e+02,1.1004e+02,1.0944e+02,1.0636e+02,1.0619e+02,1.0471e+02,1.0188e+02,9.8942e+01,9.6131e+01,9.5539e+01,9.2080e+01,9.0318e+01,9.2084e+01,9.0647e+01,8.8527e+01,8.5729e+01,8.4225e+01,8.0872e+01,7.9354e+01,7.5767e+01,7.4434e+01,7.1519e+01,6.8920e+01,6.7405e+01,6.3744e+01,6.2354e+01,5.8805e+01,5.6345e+01,5.3724e+01,5.2451e+01,4.8827e+01,4.5728e+01,4.2934e+01,3.9907e+01,3.7390e+01,3.5290e+01,3.3489e+01,3.0799e+01,2.9348e+01,2.8243e+01,2.8245e+01,2.6801e+01,2.7301e+01,2.7640e+01,2.6738e+01,2.5271e+01,2.4957e+01,2.5206e+01,2.5220e+01,2.6009e+01,2.6164e+01,2.6784e+01,2.6514e+01,2.5857e+01,2.5983e+01,2.6268e+01,2.6279e+01,2.6368e+01,2.7006e+01,2.7810e+01,2.8825e+01,2.9939e+01,3.1289e+01,3.1895e+01,3.2688e+01,3.3817e+01,3.4519e+01,3.5468e+01,3.5569e+01,3.5368e+01
1.1077e+02,1.1074e+02,1.1068e+02,1.1060e+02,1.1053e+02,1.1072e+02,1.1060e+02,1.1085e+02,1.1091e+02,1.1048e+02,1.0976e+02,1.0975e+02,1.0941e+02,1.0873e+02,1.0871e+02,1.0892e+02,1.0852e+02,1.0798e+02,1.0802e+02,1.0813e+02,1.0840e+02,1.0827e+02,1.0844e+02,1.0836e+02,1.0799e+02,1.0730e+02,1.0687e+02,1.0747e+02,1.0865e+02,1.0984e+02,1.1158e+02,1.1370e+02,1.1545e+02,1.1743e+02,1.1948e+02,1.2071e+02,1.2230e+02,1.2344e+02,1.2560e+02,1.2722e+02,1.2884e+02,1.3004e+02,1.3091e+02,1.3099e+02,1.3074e+02,1.3049e+02,1.2956e+02,1.2990e+02,1.2986e+02,1.2943e+02,1.2787e+02,1.2797e+02,1.2852e+02,1.2742e+02,1.2498e+02,1.2370e+02,1.2113e+02,1.1854e+02,1.1800e+02,1.1538e+02,1.1313e+02,1.1185e+02,1.0865e+02,1.0807e+02,1.0499e+02,1.0483e+02,1.0338e+02,1.0055e+02,9.7611e+01,9.4795e+01,9.4194e+01,9.0739e+01,8.8939e+01,9.0673e+01,8.9203e+01,8.7086e+01,8.4268e+01,8.2750e+01,7.9394e+01,7.7894e+01,7.4311e+01,7.2980e+01,7.0086e+01,6.7497e+01,6.6022e+01,6.2369e+01,6.1026e+01,5.7495e+01,5.5071e+01,5.2477e+01,5.1146e+01,4.7528e+01,4.4451e+01,4.1640e+01,3.8641e+01,3.6076e+01,3.4020e+01,3.2197e+01,2.9541e+01,2.8073e+01,2.7007e+01,2.6976e+01,2.5601e+01,2.6185e+01,2.6580e+01,2.5819e+01,2.4468e+01,2.4339e+01,2.4769e+01,2.4975e+01,2.5965e+01,2.6249e+01,2.6997e+01,2.6773e+01,2.6162e+01,2.6347e+01,2.6679e+01,2.6765e+01,2.6939e+01,2.7681e+01,2.8557e+01,2.9641e+01,3.0816e+01,3.2218e+01,3.2844e+01,3.3648e+01,3.4781e+01,3.5478e+01,3.6425e+01,3.6508e+01,3.6292e+01
1.1082e+02,1.1079e+02,1.1072e+02,1.1064e+02,1.1057e+02,1.1076e+02,1.1063e+02,1.1088e+02,1.1096e+02,1.1052e+02,1.0980e+02,1.0979e+02,1.0947e+02,1.0877e+02,1.0875e+02,1.0895e+02,1.0855e+02,1.0798e+02,1.0802e+02,1.0814e+02,1.0839e+02,1.0823e+02,1.0838e+02,1.0829e+02,1.0789e+02,1.0717e+02,1.0672e+02,1.0729e+02,1.0847e+02,1.0967e+02,1.1141e+02,1.1352e+02,1.1528e+02,1.1726e+02,1.1932e+02,1.2054e+02,1.2213e+02,1.2326e+02,1.2543e+02,1.2705e+02,1.2867e+02,1.2987e+02,1.3072e+02,1.3080e+02,1.3053e+02,1.3031e+02,1.2939e+02,1.2977e+02,1.2973e+02,1.2934e+02,1.2780e+02,1.2791e+02,1.2849e+02,1.2742e+02,1.2499e+02,1.2373e+02,1.2118e+02,1.1859e+02,1.1808e+02,1.1549e+02,1.1325e+02,1.1200e+02,1.0880e+02,1.0826e+02,1.0516e+02,1.0495e+02,1.0346e+02,1.0060e+02,9.7691e+01,9.4825e+01,9.4159e+01,9.0685e+01,8.8867e+01,9.0626e+01,8.9180e+01,8.6993e+01,8.4203e+01,8.2762e+01,7.9376e+01,7.7790e+01,7.4202e+01,7.2800e+01,6.9838e+01,6.7189e+01,6.5637e+01,6.1978e+01,6.0567e+01,5.7039e+01,5.4509e+01,5.1972e+01,5.0779e+01,4.7198e+01,4.4049e+01,4.1278e+01,3.8337e+01,3.5744e+01,3.3551e+01,3.1624e+01,2.8899e+01,2.7412e+01,2.6225e+01,2.6183e+01,2.4783e+01,2.5274e+01,2.5708e+01,2.4913e+01,2.3622e+01,2.3446e+01,2.3900e+01,2.4152e+01,2.5201e+01,2.5542e+01,2.6329e+01,2.6105e+01,2.5518e+01,2.5762e+01,2.6105e+01,2.6229e+01,2.6475e+01,2.7271e+01,2.8210e+01,2.9343e+01,3.0554e+01,3.2016e+01,3.2670e+01,3.3500e+01,3.4666e+01,3.5374e+01,3.6339e+01,3.6416e+01,3.6191e+01
1.1173e+02,1.1170e+02,1.1163e+02,1.1154e+02,1.1147e+02,1.1166e+02,1.1153e+02,1.1179e+02,1.1187e+02,1.1143e+02,1.1070e+02,1.1071e+02,1.1040e+02,1.0968e+02,1.0965e+02,1.0986e+02,1.0945e+02,1.0885e+02,1.0889e+02,1.0902e+02,1.0926e+02,1.0908e+02,1.0923e+02,1.0912e+02,1.0870e+02,1.0796e+02,1.0748e+02,1.0804e+02,1.0923e+02,1.1044e+02,1.1219e+02,1.1430e+02,1.1607e+02,1.1804e+02,1.2011e+02,1.2132e+02,1.2291e+02,1.2404e+02,1.2621e+02,1.2784e+02,1.2945e+02,1.3066e+02,1.3148e+02,1.3156e+02,1.3128e+02,1.3107e+02,1.3017e+02,1.3057e+02,1.3054e+02,1.3017e+02,1.2864e+02,1.2875e+02,1.2936e+02,1.2830e+02,1.2589e+02,1.2463e+02,1.2210e+02,1.1950e+02,1.1901e+02,1.1645e+02,1.1421e+02,1.1299e+02,1.0979e+02,1.0926e+02,1.0615e+02,1.0588e+02,1.0434e+02,1.0143e+02,9.8562e+01,9.5655e+01,9.4937e+01,9.1444e+01,8.9638e+01,9.1446e+01,9.0051e+01,8.7802e+01,8.5057e+01,8.3699e+01,8.0296e+01,7.8620e+01,7.5033e+01,7.3574e+01,7.0539e+01,6.7840e+01,6.6184e+01,6.2521e+01,6.1009e+01,5.7474e+01,5.4831e+01,5.2326e+01,5.1303e+01,4.7766e+01,4.4551e+01,4.1850e+01,3.8951e+01,3.6384e+01,3.4065e+01,3.2088e+01,2.9313e+01,2.7851e+01,2.6558e+01,2.6540e+01,2.5093e+01,2.5454e+01,2.5872e+01,2.4973e+01,2.3690e+01,2.3359e+01,2.3718e+01,2.3892e+01,2.4860e+01,2.5168e+01,2.5906e+01,2.5642e+01,2.5045e+01,2.5304e+01,2.5617e+01,2.5723e+01,2.5977e+01,2.6760e+01,2.7716e+01,2.8848e+01,3.0048e+01,3.1523e+01,3.2191e+01,3.3033e+01,3.4220e+01,3.4937e+01,3.5913e+01,3.5995e+01,3.5775e+01
1.1098e+02,1.1094e+02,1.1087e+02,1.1079e+02,1.1072e+02,1.1090e+02,1.1077e+02,1.1103e+02,1.1111e+02,1.1067e+02,1.0994e+02,1.0994e+02,1.0963e+02,1.0890e+02,1.0887e+02,1.0907e+02,1.0865e+02,1.0803e+02,1.0806e+02,1.0820e+02,1.0842e+02,1.0822e+02,1.0837e+02,1.0826e+02,1.0783e+02,1.0707e+02,1.0659e+02,1.0713e+02,1.0833e+02,1.0957e+02,1.1133e+02,1.1346e+02,1.1525e+02,1.1723e+02,1.1933e+02,1.2056e+02,1.2217e+02,1.2331e+02,1.2548e+02,1.2712e+02,1.2873e+02,1.2994e+02,1.3076e+02,1.3083e+02,1.3052e+02,1.3031e+02,1.2939e+02,1.2978e+02,1.2973e+02,1.2936e+02,1.2782e+02,1.2793e+02,1.2854e+02,1.2748e+02,1.2508e+02,1.2381e+02,1.2128e+02,1.1867e+02,1.1816e+02,1.1560e+02,1.1334e+02,1.1213e+02,1.0891e+02,1.0838e+02,1.0526e+02,1.0497e+02,1.0342e+02,1.0050e+02,9.7628e+01,9.4720e+01,9.4008e+01,9.0503e+01,8.8711e+01,9.0543e+01,8.9169e+01,8.6924e+01,8.4193e+01,8.2843e+01,7.9441e+01,7.7755e+01,7.4171e+01,7.2746e+01,6.9696e+01,6.7024e+01,6.5327e+01,6.1641e+01,6.0084e+01,5.6520e+01,5.3874e+01,5.1329e+01,5.0314e+01,4.6781e+01,4.3594e+01,4.0926e+01,3.8002e+01,3.5480e+01,3.3188e+01,3.1289e+01,2.8576e+01,2.7270e+01,2.6125e+01,2.6237e+01,2.4964e+01,2.5496e+01,2.6022e+01,2.5282e+01,2.4119e+01,2.3896e+01,2.4373e+01,2.4639e+01,2.5687e+01,2.6015e+01,2.6761e+01,2.6451e+01,2.5870e+01,2.6122e+01,2.6367e+01,2.6428e+01,2.6688e+01,2.7452e+01,2.8381e+01,2.9498e+01,3.0680e+01,3.2134e+01,3.2801e+01,3.3627e+01,3.4795e+01,3.5505e+01,3.6469e+01,3.6550e+01,3.6331e+01
1.1114e+02,1.1109e+02,1.1102e+02,1.1095e+02,1.1088e+02,1.1106e+02,1.1095e+02,1.1121e+02,1.1128e+02,1.1083e+02,1.1010e+02,1.1010e+02,1.0978e+02,1.0906e+02,1.0902e+02,1.0922e+02,1.0880e+02,1.0819e+02,1.0821e+02,1.0835e+02,1.0859e+02,1.0841e+02,1.0857e+02,1.0847e+02,1.0805e+02,1.0730e+02,1.0683e+02,1.0740e+02,1.0862e+02,1.0986e+02,1.1164e+02,1.1379e+02,1.1559e+02,1.1759e+02,1.1970e+02,1.2095e+02,1.2257e+02,1.2373e+02,1.2591e+02,1.2755e+02,1.2916e+02,1.3037e+02,1.3120e+02,1.3126e+02,1.3095e+02,1.3071e+02,1.2976e+02,1.3012e+02,1.3004e+02,1.2964e+02,1.2808e+02,1.2817e+02,1.2876e+02,1.2766e+02,1.2524e+02,1.2396e+02,1.2140e+02,1.1877e+02,1.1823e+02,1.1564e+02,1.1335e+02,1.1210e+02,1.0887e+02,1.0829e+02,1.0518e+02,1.0492e+02,1.0337e+02,1.0047e+02,9.7571e+01,9.4707e+01,9.4061e+01,9.0559e+01,8.8812e+01,9.0657e+01,8.9294e+01,8.7109e+01,8.4372e+01,8.2966e+01,7.9588e+01,7.7961e+01,7.4378e+01,7.3034e+01,7.0018e+01,6.7406e+01,6.5727e+01,6.2024e+01,6.0469e+01,5.6870e+01,5.4292e+01,5.1654e+01,5.0551e+01,4.6976e+01,4.3848e+01,4.1162e+01,3.8134e+01,3.5674e+01,3.3474e+01,3.1696e+01,2.9027e+01,2.7810e+01,2.6815e+01,2.7022e+01,2.5800e+01,2.6480e+01,2.7023e+01,2.6327e+01,2.5103e+01,2.4900e+01,2.5351e+01,2.5557e+01,2.6536e+01,2.6781e+01,2.7464e+01,2.7124e+01,2.6504e+01,2.6670e+01,2.6858e+01,2.6851e+01,2.7024e+01,2.7689e+01,2.8524e+01,2.9566e+01,3.0687e+01,3.2061e+01,3.2697e+01,3.3492e+01,3.4620e+01,3.5321e+01,3.6266e+01,3.6360e+01,3.6153e+01
1.1191e+02,1.1186e+02,1.1179e+02,1.1172e+02,1.1165e+02,1.1183e+02,1.1173e+02,1.1199e+02,1.1206e+02,1.1161e+02,1.1088e+02,1.1087e+02,1.1055e+02,1.0982e+02,1.0977e+02,1.0998e+02,1.0955e+02,1.0893e+02,1.0895e+02,1.0910e+02,1.0933e+02,1.0915e+02,1.0933e+02,1.0922e+02,1.0882e+02,1.0806e+02,1.0758e+02,1.0816e+02,1.0940e+02,1.1066e+02,1.1246e+02,1.1463e+02,1.1645e+02,1.1846e+02,1.2059e+02,1.2185e+02,1.2349e+02,1.2467e+02,1.2684e+02,1.2850e+02,1.3010e+02,1.3132e+02,1.3214e+02,1.3217e+02,1.3185e+02,1.3159e+02,1.3063e+02,1.3096e+02,1.3087e+02,1.3045e+02,1.2888e+02,1.2895e+02,1.2953e+02,1.2841e+02,1.2598e+02,1.2470e+02,1.2212e+02,1.1948e+02,1.1892e+02,1.1632e+02,1.1400e+02,1.1274e+02,1.0949e+02,1.0888e+02,1.0576e+02,1.0550e+02,1.0392e+02,1.0102e+02,9.8107e+01,9.5261e+01,9.4648e+01,9.1138e+01,8.9449e+01,9.1338e+01,9.0022e+01,8.7857e+01,8.5149e+01,8.3744e+01,8.0381e+01,7.8753e+01,7.5178e+01,7.3881e+01,7.0857e+01,6.8280e+01,6.6552e+01,6.2834e+01,6.1219e+01,5.7588e+01,5.5010e+01,5.2309e+01,5.1233e+01,4.7658e+01,4.4563e+01,4.1920e+01,3.8833e+01,3.6468e+01,3.4291e+01,3.2615e+01,2.9986e+01,2.8888e+01,2.7993e+01,2.8308e+01,2.7134e+01,2.7883e+01,2.8438e+01,2.7756e+01,2.6518e+01,2.6273e+01,2.6664e+01,2.6774e+01,2.7645e+01,2.7783e+01,2.8361e+01,2.7964e+01,2.7322e+01,2.7415e+01,2.7511e+01,2.7424e+01,2.7521e+01,2.8069e+01,2.8800e+01,2.9738e+01,3.0771e+01,3.2047e+01,3.2648e+01,3.3405e+01,3.4491e+01,3.5183e+01,3.6107e+01,3.6220e+01,3.6031e+01
1.1316e+02,1.1311e+02,1.1304e+02,1.1297e+02,1.1290e+02,1.1308e+02,1.1298e+02,1.1324e+02,1.1333e+02,1.1288e+02,1.1214e+02,1.1213e+02,1.1181e+02,1.1108e+02,1.1103e+02,1.1125e+02,1.1081e+02,1.1020e+02,1.1023e+02,1.1038e+02,1.1062e+02,1.1046e+02,1.1065e+02,1.1054e+02,1.1014e+02,1.0939e+02,1.0892e+02,1.0952e+02,1.1077e+02,1.1202e+02,1.1383e+02,1.1600e+02,1.1781e+02,1.1983e+02,1.2194e+02,1.2321e+02,1.2485e+02,1.2602e+02,1.2819e+02,1.2985e+02,1.3145e+02,1.3267e+02,1.3349e+02,1.3351e+02,1.3319e+02,1.3292e+02,1.3196e+02,1.3228e+02,1.3218e+02,1.3176e+02,1.3018e+02,1.3025e+02,1.3081e+02,1.2969e+02,1.2725e+02,1.2597e+02,1.2339e+02,1.2075e+02,1.2018e+02,1.1758e+02,1.1525e+02,1.1398e+02,1.1074e+02,1.1010e+02,1.0699e+02,1.0672e+02,1.0513e+02,1.0223e+02,9.9323e+01,9.6490e+01,9.5892e+01,9.2385e+01,9.0730e+01,9.2640e+01,9.1347e+01,8.9189e+01,8.6494e+01,8.5092e+01,8.1736e+01,8.0105e+01,7.6528e+01,7.5237e+01,7.2210e+01,6.9630e+01,6.7887e+01,6.4166e+01,6.2531e+01,5.8891e+01,5.6301e+01,5.3580e+01,5.2532e+01,4.8951e+01,4.5848e+01,4.3211e+01,4.0105e+01,3.7780e+01,3.5575e+01,3.3919e+01,3.1266e+01,3.0166e+01,2.9236e+01,2.9564e+01,2.8329e+01,2.9010e+01,2.9521e+01,2.8739e+01,2.7414e+01,2.7055e+01,2.7318e+01,2.7283e+01,2.8002e+01,2.8034e+01,2.8501e+01,2.8079e+01,2.7409e+01,2.7441e+01,2.7490e+01,2.7348e+01,2.7369e+01,2.7814e+01,2.8466e+01,2.9313e+01,3.0274e+01,3.1476e+01,3.2049e+01,3.2784e+01,3.3853e+01,3.4543e+01,3.5460e+01,3.5590e+01,3.5417e+01
1.1301e+02,1.1296e+02,1.1289e+02,1.1282e+02,1.1276e+02,1.1294e+02,1.1285e+02,1.1311e+02,1.1319e+02,1.1273e+02,1.1199e+02,1.1198e+02,1.1165e+02,1.1092e+02,1.1087e+02,1.1108e+02,1.1064e+02,1.1004e+02,1.1007e+02,1.1021e+02,1.1046e+02,1.1031e+02,1.1051e+02,1.1041e+02,1.1003e+02,1.0928e+02,1.0882e+02,1.0943e+02,1.1070e+02,1.1196e+02,1.1379e+02,1.1598e+02,1.1780e+02,1.1983e+02,1.2196e+02,1.2325e+02,1.2490e+02,1.2609e+02,1.2826e+02,1.2993e+02,1.3152e+02,1.3274e+02,1.3358e+02,1.3358e+02,1.3325e+02,1.3294e+02,1.3196e+02,1.3225e+02,1.3213e+02,1.3168e+02,1.3008e+02,1.3013e+02,1.3068e+02,1.2952e+02,1.2707e+02,1.2578e+02,1.2318e+02,1.2053e+02,1.1993e+02,1.1731e+02,1.1496e+02,1.1366e+02,1.1041e+02,1.0974e+02,1.0663e+02,1.0638e+02,1.0479e+02,1.0191e+02,9.8986e+01,9.6193e+01,9.5649e+01,9.2148e+01,9.0539e+01,9.2465e+01,9.1193e+01,8.9088e+01,8.6403e+01,8.4966e+01,8.1639e+01,8.0054e+01,7.6493e+01,7.5285e+01,7.2290e+01,6.9780e+01,6.8042e+01,6.4318e+01,6.2677e+01,5.9019e+01,5.6496e+01,5.3707e+01,5.2603e+01,4.9021e+01,4.6002e+01,4.3396e+01,4.0240e+01,3.8015e+01,3.5917e+01,3.4412e+01,3.1850e+01,3.0887e+01,3.0137e+01,3.0576e+01,2.9472e+01,3.0312e+01,3.0870e+01,3.0202e+01,2.8919e+01,2.8649e+01,2.8964e+01,2.8949e+01,2.9676e+01,2.9673e+01,3.0114e+01,2.9684e+01,2.9030e+01,2.9010e+01,2.9015e+01,2.8841e+01,2.8816e+01,2.9188e+01,2.9758e+01,3.0516e+01,3.1402e+01,3.2500e+01,3.3031e+01,3.3717e+01,3.4721e+01,3.5386e+01,3.6267e+01,3.6407e+01,3.6252e+01
1.1174e+02,1.1168e+02,1.1161e+02,1.1155e+02,1.1148e+02,1.1167e+02,1.1157e+02,1.1183e+02,1.1189e+02,1.1143e+02,1.1070e+02,1.1068e+02,1.1035e+02,1.0963e+02,1.0958e+02,1.0979e+02,1.0935e+02,1.0875e+02,1.0878e+02,1.0891e+02,1.0916e+02,1.0901e+02,1.0921e+02,1.0911e+02,1.0872e+02,1.0799e+02,1.0753e+02,1.0814e+02,1.0939e+02,1.1066e+02,1.1248e+02,1.1467e+02,1.1650e+02,1.1853e+02,1.2066e+02,1.2196e+02,1.2361e+02,1.2481e+02,1.2699e+02,1.2865e+02,1.3025e+02,1.3147e+02,1.3231e+02,1.3231e+02,1.3199e+02,1.3168e+02,1.3069e+02,1.3097e+02,1.3084e+02,1.3039e+02,1.2878e+02,1.2884e+02,1.2938e+02,1.2822e+02,1.2577e+02,1.2448e+02,1.2187e+02,1.1923e+02,1.1862e+02,1.1599e+02,1.1364e+02,1.1232e+02,1.0908e+02,1.0841e+02,1.0531e+02,1.0509e+02,1.0354e+02,1.0069e+02,9.7736e+01,9.4962e+01,9.4442e+01,9.0956e+01,8.9320e+01,9.1200e+01,8.9884e+01,8.7813e+01,8.5093e+01,8.3605e+01,8.0285e+01,7.8755e+01,7.5192e+01,7.4008e+01,7.1056e+01,6.8572e+01,6.6903e+01,6.3186e+01,6.1615e+01,5.7971e+01,5.5521e+01,5.2730e+01,5.1519e+01,4.7920e+01,4.4940e+01,4.2288e+01,3.9125e+01,3.6877e+01,3.4873e+01,3.3402e+01,3.0867e+01,2.9901e+01,2.9224e+01,2.9663e+01,2.8614e+01,2.9565e+01,3.0170e+01,2.9599e+01,2.8346e+01,2.8187e+01,2.8611e+01,2.8719e+01,2.9565e+01,2.9645e+01,3.0179e+01,2.9783e+01,2.9151e+01,2.9171e+01,2.9233e+01,2.9101e+01,2.9120e+01,2.9570e+01,3.0193e+01,3.1021e+01,3.1966e+01,3.3116e+01,3.3664e+01,3.4360e+01,3.5369e+01,3.6033e+01,3.6916e+01,3.7042e+01,3.6877e+01
1.1134e+02,1.1129e+02,1.1123e+02,1.1116e+02,1.1111e+02,1.1129e+02,1.1120e+02,1.1145e+02,1.1150e+02,1.1105e+02,1.1032e+02,1.1029e+02,1.0995e+02,1.0925e+02,1.0920e+02,1.0940e+02,1.0897e+02,1.0841e+02,1.0844e+02,1.0855e+02,1.0881e+02,1.0868e+02,1.0888e+02,1.0880e+02,1.0843e+02,1.0772e+02,1.0728e+02,1.0790e+02,1.0914e+02,1.1038e+02,1.1219e+02,1.1437e+02,1.1618e+02,1.1820e+02,1.2032e+02,1.2161e+02,1.2325e+02,1.2444e+02,1.2662e+02,1.2827e+02,1.2987e+02,1.3109e+02,1.3195e+02,1.3196e+02,1.3167e+02,1.3135e+02,1.3036e+02,1.3063e+02,1.3051e+02,1.3004e+02,1.2843e+02,1.2849e+02,1.2901e+02,1.2784e+02,1.2538e+02,1.2409e+02,1.2146e+02,1.1884e+02,1.1823e+02,1.1557e+02,1.1324e+02,1.1190e+02,1.0867e+02,1.0800e+02,1.0492e+02,1.0475e+02,1.0324e+02,1.0043e+02,9.7458e+01,9.4717e+01,9.4229e+01,9.0768e+01,8.9108e+01,9.0930e+01,8.9559e+01,8.7533e+01,8.4770e+01,8.3215e+01,7.9908e+01,7.8453e+01,7.4887e+01,7.3724e+01,7.0840e+01,6.8380e+01,6.6817e+01,6.3115e+01,6.1651e+01,5.8032e+01,5.5670e+01,5.2886e+01,5.1533e+01,4.7898e+01,4.4952e+01,4.2223e+01,3.9058e+01,3.6762e+01,3.4840e+01,3.3371e+01,3.0844e+01,2.9797e+01,2.9135e+01,2.9512e+01,2.8436e+01,2.9405e+01,2.9972e+01,2.9399e+01,2.8094e+01,2.7975e+01,2.8417e+01,2.8554e+01,2.9422e+01,2.9535e+01,3.0115e+01,2.9767e+01,2.9127e+01,2.9153e+01,2.9272e+01,2.9154e+01,2.9162e+01,2.9649e+01,3.0288e+01,3.1149e+01,3.2125e+01,3.3291e+01,3.3838e+01,3.4535e+01,3.5544e+01,3.6201e+01,3.7078e+01,3.7193e+01,3.7021e+01
1.1040e+02,1.1035e+02,1.1028e+02,1.1021e+02,1.1015e+02,1.1033e+02,1.1023e+02,1.1048e+02,1.1052e+02,1.1007e+02,1.0935e+02,1.0931e+02,1.0897e+02,1.0827e+02,1.0823e+02,1.0843e+02,1.0800e+02,1.0743e+02,1.0746e+02,1.0756e+02,1.0781e+02,1.0767e+02,1.0785e+02,1.0777e+02,1.0739e+02,1.0667e+02,1.0623e+02,1.0683e+02,1.0806e+02,1.0929e+02,1.1109e+02,1.1326e+02,1.1506e+02,1.1708e+02,1.1920e+02,1.2048e+02,1.2211e+02,1.2330e+02,1.2547e+02,1.2712e+02,1.2873e+02,1.2995e+02,1.3081e+02,1.3083e+02,1.3054e+02,1.3024e+02,1.2926e+02,1.2955e+02,1.2944e+02,1.2899e+02,1.2739e+02,1.2746e+02,1.2801e+02,1.2685e+02,1.2440e+02,1.2312e+02,1.2050e+02,1.1788e+02,1.1729e+02,1.1464e+02,1.1232e+02,1.1101e+02,1.0778e+02,1.0713e+02,1.0405e+02,1.0388e+02,1.0238e+02,9.9574e+01,9.6603e+01,9.3846e+01,9.3335e+01,8.9882e+01,8.8185e+01,8.9975e+01,8.8575e+01,8.6535e+01,8.3754e+01,8.2199e+01,7.8881e+01,7.7422e+01,7.3850e+01,7.2651e+01,6.9767e+01,6.7284e+01,6.5746e+01,6.2055e+01,6.0627e+01,5.7028e+01,5.4670e+01,5.1927e+01,5.0557e+01,4.6926e+01,4.3960e+01,4.1204e+01,3.8085e+01,3.5747e+01,3.3817e+01,3.2318e+01,2.9767e+01,2.8680e+01,2.7979e+01,2.8339e+01,2.7267e+01,2.8264e+01,2.8898e+01,2.8376e+01,2.7108e+01,2.7037e+01,2.7565e+01,2.7816e+01,2.8784e+01,2.8994e+01,2.9655e+01,2.9337e+01,2.8730e+01,2.8823e+01,2.8983e+01,2.8921e+01,2.9011e+01,2.9587e+01,3.0306e+01,3.1252e+01,3.2296e+01,3.3542e+01,3.4120e+01,3.4846e+01,3.5884e+01,3.6550e+01,3.7441e+01,3.7541e+01,3.7352e+01
1.0987e+02,1.0983e+02,1.0976e+02,1.0969e+02,1.0962e+02,1.0980e+02,1.0969e+02,1.0994e+02,1.1000e+02,1.0954e+02,1.0882e+02,1.0879e+02,1.0846e+02,1.0775e+02,1.0769e+02,1.0790e+02,1.0747e+02,1.0687e+02,1.0690e+02,1.0702e+02,1.0725e+02,1.0708e+02,1.0725e+02,1.0715e+02,1.0674e+02,1.0601e+02,1.0555e+02,1.0613e+02,1.0736e+02,1.0860e+02,1.1039e+02,1.1256e+02,1.1436e+02,1.1637e+02,1.1849e+02,1.1976e+02,1.2139e+02,1.2258e+02,1.2475e+02,1.2640e+02,1.2801e+02,1.2923e+02,1.3007e+02,1.3010e+02,1.2979e+02,1.2951e+02,1.2854e+02,1.2885e+02,1.2876e+02,1.2834e+02,1.2675e+02,1.2683e+02,1.2740e+02,1.2627e+02,1.2385e+02,1.2259e+02,1.1999e+02,1.1737e+02,1.1681e+02,1.1419e+02,1.1189e+02,1.1061e+02,1.0738e+02,1.0677e+02,1.0367e+02,1.0346e+02,1.0194e+02,9.9093e+01,9.6152e+01,9.3357e+01,9.2795e+01,8.9331e+01,8.7621e+01,8.9424e+01,8.8039e+01,8.5948e+01,8.3184e+01,8.1686e+01,7.8341e+01,7.6816e+01,7.3236e+01,7.1983e+01,6.9055e+01,6.6527e+01,6.4942e+01,6.1245e+01,5.9780e+01,5.6186e+01,5.3759e+01,5.1061e+01,4.9774e+01,4.6165e+01,4.3148e+01,4.0406e+01,3.7332e+01,3.4981e+01,3.2943e+01,3.1384e+01,2.8795e+01,2.7717e+01,2.6963e+01,2.7359e+01,2.6316e+01,2.7300e+01,2.8007e+01,2.7510e+01,2.6294e+01,2.6233e+01,2.6803e+01,2.7137e+01,2.8176e+01,2.8466e+01,2.9167e+01,2.8854e+01,2.8279e+01,2.8420e+01,2.8589e+01,2.8579e+01,2.8744e+01,2.9386e+01,3.0182e+01,3.1191e+01,3.2278e+01,3.3594e+01,3.4204e+01,3.4960e+01,3.6035e+01,3.6715e+01,3.7623e+01,3.7715e+01,3.7513e+01
1.0976e+02,1.0971e+02,1.0965e+02,1.0957e+02,1.0950e+02,1.0967e+02,1.0955e+02,1.0980e+02,1.0986e+02,1.0940e+02,1.0867e+02,1.0865e+02,1.0833e+02,1.0760e+02,1.0754e+02,1.0775e+02,1.0732e+02,1.0670e+02,1.0672e+02,1.0686e+02,1.0709e+02,1.0689e+02,1.0706e+02,1.0695e+02,1.0652e+02,1.0577e+02,1.0530e+02,1.0586e+02,1.0709e+02,1.0834e+02,1.1014e+02,1.1231e+02,1.1413e+02,1.1614e+02,1.1828e+02,1.1955e+02,1.2118e+02,1.2237e+02,1.2454e+02,1.2621e+02,1.2781e+02,1.2904e+02,1.2987e+02,1.2990e+02,1.2957e+02,1.2929e+02,1.2832e+02,1.2864e+02,1.2855e+02,1.2813e+02,1.2655e+02,1.2663e+02,1.2721e+02,1.2609e+02,1.2368e+02,1.2243e+02,1.1984e+02,1.1722e+02,1.1666e+02,1.1406e+02,1.1176e+02,1.1049e+02,1.0725e+02,1.0665e+02,1.0354e+02,1.0330e+02,1.0176e+02,9.8898e+01,9.5972e+01,9.3168e+01,9.2594e+01,8.9127e+01,8.7441e+01,8.9273e+01,8.7921e+01,8.5816e+01,8.3079e+01,8.1615e+01,7.8269e+01,7.6714e+01,7.3143e+01,7.1897e+01,6.8951e+01,6.6433e+01,6.4801e+01,6.1103e+01,5.9590e+01,5.5993e+01,5.3548e+01,5.0848e+01,4.9617e+01,4.6044e+01,4.3051e+01,4.0368e+01,3.7328e+01,3.5050e+01,3.3012e+01,3.1520e+01,2.9019e+01,2.8059e+01,2.7370e+01,2.7816e+01,2.6880e+01,2.7916e+01,2.8646e+01,2.8246e+01,2.7107e+01,2.7088e+01,2.7673e+01,2.8052e+01,2.9093e+01,2.9406e+01,3.0104e+01,2.9768e+01,2.9225e+01,2.9385e+01,2.9524e+01,2.9506e+01,2.9698e+01,3.0340e+01,3.1119e+01,3.2102e+01,3.3164e+01,3.4454e+01,3.5054e+01,3.5794e+01,3.6847e+01,3.7515e+01,3.8411e+01,3.8505e+01,3.8307e+01
1.0922e+02,1.0917e+02,1.0911e+02,1.0902e+02,1.0894e+02,1.0911e+02,1.0898e+02,1.0923e+02,1.0929e+02,1.0882e+02,1.0809e+02,1.0807e+02,1.0776e+02,1.0702e+02,1.0695e+02,1.0717e+02,1.0674e+02,1.0611e+02,1.0613e+02,1.0628e+02,1.0650e+02,1.0629e+02,1.0645e+02,1.0634e+02,1.0590e+02,1.0515e+02,1.0467e+02,1.0523e+02,1.0645e+02,1.0772e+02,1.0952e+02,1.1169e+02,1.1350e+02,1.1551e+02,1.1765e+02,1.1892e+02,1.2054e+02,1.2173e+02,1.2390e+02,1.2558e+02,1.2718e+02,1.2842e+02,1.2925e+02,1.2928e+02,1.2895e+02,1.2868e+02,1.2770e+02,1.2802e+02,1.2793e+02,1.2751e+02,1.2592e+02,1.2601e+02,1.2658e+02,1.2546e+02,1.2308e+02,1.2184e+02,1.1925e+02,1.1664e+02,1.1609e+02,1.1349e+02,1.1119e+02,1.0993e+02,1.0669e+02,1.0610e+02,1.0299e+02,1.0273e+02,1.0118e+02,9.8314e+01,9.5398e+01,9.2602e+01,9.2030e+01,8.8569e+01,8.6906e+01,8.8749e+01,8.7419e+01,8.5316e+01,8.2600e+01,8.1153e+01,7.7813e+01,7.6252e+01,7.2690e+01,7.1458e+01,6.8518e+01,6.6018e+01,6.4378e+01,6.0687e+01,5.9166e+01,5.5578e+01,5.3148e+01,5.0454e+01,4.9234e+01,4.5689e+01,4.2734e+01,4.0084e+01,3.7075e+01,3.4870e+01,3.2856e+01,3.1445e+01,2.9024e+01,2.8161e+01,2.7568e+01,2.8099e+01,2.7283e+01,2.8406e+01,2.9196e+01,2.8890e+01,2.7843e+01,2.7872e+01,2.8519e+01,2.8966e+01,3.0041e+01,3.0398e+01,3.1108e+01,3.0781e+01,3.0286e+01,3.0481e+01,3.0621e+01,3.0623e+01,3.0854e+01,3.1506e+01,3.2285e+01,3.3264e+01,3.4321e+01,3.5601e+01,3.6197e+01,3.6924e+01,3.7963e+01,3.8621e+01,3.9508e+01,3.9595e+01,3.9395e+01
1.0884e+02,1.0880e+02,1.0873e+02,1.0864e+02,1.0855e+02,1.0872e+02,1.0860e+02,1.0885e+02,1.0891e+02,1.0844e+02,1.0771e+02,1.0770e+02,1.0739e+02,1.0665e+02,1.0657e+02,1.0680e+02,1.0638e+02,1.0573e+02,1.0575e+02,1.0592e+02,1.0613e+02,1.0591e+02,1.0607e+02,1.0595e+02,1.0550e+02,1.0474e+02,1.0425e+02,1.0480e+02,1.0602e+02,1.0728e+02,1.0908e+02,1.1124e+02,1.1306e+02,1.1507e+02,1.1721e+02,1.1847e+02,1.2010e+02,1.2128e+02,1.2345e+02,1.2513e+02,1.2674e+02,1.2798e+02,1.2881e+02,1.2883e+02,1.2850e+02,1.2823e+02,1.2726e+02,1.2759e+02,1.2750e+02,1.2709e+02,1.2552e+02,1.2561e+02,1.2619e+02,1.2508e+02,1.2271e+02,1.2148e+02,1.1891e+02,1.1629e+02,1.1576e+02,1.1318e+02,1.1089e+02,1.0964e+02,1.0641e+02,1.0583e+02,1.0272e+02,1.0244e+02,1.0087e+02,9.7995e+01,9.5100e+01,9.2288e+01,9.1691e+01,8.8231e+01,8.6570e+01,8.8422e+01,8.7110e+01,8.4983e+01,8.2285e+01,8.0872e+01,7.7527e+01,7.5933e+01,7.2376e+01,7.1125e+01,6.8167e+01,6.5657e+01,6.3987e+01,6.0300e+01,5.8755e+01,5.5178e+01,5.2724e+01,5.0057e+01,4.8891e+01,4.5382e+01,4.2435e+01,3.9821e+01,3.6851e+01,3.4679e+01,3.2651e+01,3.1251e+01,2.8903e+01,2.8117e+01,2.7548e+01,2.8112e+01,2.7388e+01,2.8516e+01,2.9336e+01,2.9093e+01,2.8125e+01,2.8188e+01,2.8863e+01,2.9337e+01,3.0436e+01,3.0811e+01,3.1533e+01,3.1216e+01,3.0770e+01,3.0989e+01,3.1132e+01,3.1168e+01,3.1442e+01,3.2106e+01,3.2913e+01,3.3907e+01,3.4961e+01,3.6254e+01,3.6856e+01,3.7578e+01,3.8620e+01,3.9274e+01,4.0156e+01,4.0235e+01,4.0033e+01
1.0857e+02,1.0853e+02,1.0846e+02,1.0837e+02,1.0828e+02,1.0844e+02,1.0832e+02,1.0857e+02,1.0865e+02,1.0818e+02,1.0745e+02,1.0744e+02,1.0714e+02,1.0640e+02,1.0633e+02,1.0656e+02,1.0614e+02,1.0550e+02,1.0552e+02,1.0569e+02,1.0590e+02,1.0568e+02,1.0584e+02,1.0572e+02,1.0527e+02,1.0450e+02,1.0402e+02,1.0456e+02,1.0578e+02,1.0704e+02,1.0884e+02,1.1100e+02,1.1282e+02,1.1482e+02,1.1696e+02,1.1822e+02,1.1984e+02,1.2102e+02,1.2318e+02,1.2487e+02,1.2647e+02,1.2772e+02,1.2855e+02,1.2858e+02,1.2825e+02,1.2798e+02,1.2701e+02,1.2734e+02,1.2725e+02,1.2684e+02,1.2527e+02,1.2536e+02,1.2593e+02,1.2483e+02,1.2246e+02,1.2123e+02,1.1865e+02,1.1604e+02,1.1551e+02,1.1294e+02,1.1065e+02,1.0941e+02,1.0618e+02,1.0561e+02,1.0250e+02,1.0222e+02,1.0064e+02,9.7764e+01,9.4877e+01,9.2064e+01,9.1462e+01,8.8004e+01,8.6341e+01,8.8193e+01,8.6887e+01,8.4759e+01,8.2071e+01,8.0672e+01,7.7335e+01,7.5736e+01,7.2189e+01,7.0936e+01,6.7980e+01,6.5475e+01,6.3802e+01,6.0127e+01,5.8581e+01,5.5019e+01,5.2571e+01,4.9925e+01,4.8776e+01,4.5299e+01,4.2376e+01,3.9792e+01,3.6855e+01,3.4704e+01,3.2701e+01,3.1316e+01,2.9040e+01,2.8316e+01,2.7807e+01,2.8406e+01,2.7761e+01,2.8894e+01,2.9737e+01,2.9538e+01,2.8639e+01,2.8731e+01,2.9430e+01,2.9949e+01,3.1066e+01,3.1479e+01,3.2217e+01,3.1914e+01,3.1506e+01,3.1755e+01,3.1917e+01,3.1969e+01,3.2263e+01,3.2942e+01,3.3757e+01,3.4753e+01,3.5811e+01,3.7111e+01,3.7707e+01,3.8423e+01,3.9452e+01,4.0098e+01,4.0970e+01,4.1038e+01,4.0837e+01
1.0837e+02,1.0832e+02,1.0825e+02,1.0815e+02,1.0806e+02,1.0822e+02,1.0810e+02,1.0836e+02,1.0843e+02,1.0797e+02,1.0725e+02,1.0724e+02,1.0694e+02,1.0621e+02,1.0614e+02,1.0637e+02,1.0596e+02,1.0532e+02,1.0534e+02,1.0551e+02,1.0572e+02,1.0550e+02,1.0566e+02,1.0556e+02,1.0511e+02,1.0435e+02,1.0387e+02,1.0441e+02,1.0563e+02,1.0689e+02,1.0868e+02,1.1084e+02,1.1266e+02,1.1466e+02,1.1680e+02,1.1806e+02,1.1967e+02,1.2084e+02,1.2300e+02,1.2468e+02,1.2628e+02,1.2752e+02,1.2834e+02,1.2838e+02,1.2804e+02,1.2778e+02,1.2681e+02,1.2714e+02,1.2705e+02,1.2665e+02,1.2508e+02,1.2517e+02,1.2575e+02,1.2465e+02,1.2229e+02,1.2106e+02,1.1849e+02,1.1587e+02,1.1534e+02,1.1278e+02,1.1049e+02,1.0926e+02,1.0603e+02,1.0545e+02,1.0234e+02,1.0205e+02,1.0047e+02,9.7591e+01,9.4711e+01,9.1896e+01,9.1288e+01,8.7832e+01,8.6172e+01,8.8030e+01,8.6736e+01,8.4604e+01,8.1930e+01,8.0545e+01,7.7214e+01,7.5607e+01,7.2070e+01,7.0820e+01,6.7863e+01,6.5368e+01,6.3683e+01,6.0019e+01,5.8462e+01,5.4911e+01,5.2469e+01,4.9837e+01,4.8716e+01,4.5274e+01,4.2379e+01,3.9835e+01,3.6924e+01,3.4807e+01,3.2846e+01,3.1498e+01,2.9304e+01,2.8649e+01,2.8207e+01,2.8848e+01,2.8280e+01,2.9419e+01,3.0277e+01,3.0105e+01,2.9261e+01,2.9373e+01,3.0069e+01,3.0619e+01,3.1743e+01,3.2198e+01,3.2957e+01,3.2669e+01,3.2293e+01,3.2563e+01,3.2734e+01,3.2800e+01,3.3108e+01,3.3798e+01,3.4620e+01,3.5609e+01,3.6662e+01,3.7959e+01,3.8541e+01,3.9248e+01,4.0259e+01,4.0895e+01,4.1757e+01,4.1820e+01,4.1616e+01
1.0828e+02,1.0823e+02,1.0816e+02,1.0806e+02,1.0797e+02,1.0813e+02,1.0801e+02,1.0827e+02,1.0835e+02,1.0789e+02,1.0717e+02,1.0716e+02,1.0687e+02,1.0615e+02,1.0608e+02,1.0631e+02,1.0590e+02,1.0527e+02,1.0528e+02,1.0546e+02,1.0567e+02,1.0546e+02,1.0562e+02,1.0552e+02,1.0508e+02,1.0432e+02,1.0386e+02,1.0440e+02,1.0562e+02,1.0687e+02,1.0866e+02,1.1081e+02,1.1263e+02,1.1463e+02,1.1677e+02,1.1803e+02,1.1963e+02,1.2081e+02,1.2297e+02,1.2465e+02,1.2624e+02,1.2748e+02,1.2830e+02,1.2834e+02,1.2800e+02,1.2774e+02,1.2677e+02,1.2709e+02,1.2700e+02,1.2660e+02,1.2503e+02,1.2512e+02,1.2569e+02,1.2459e+02,1.2223e+02,1.2100e+02,1.1843e+02,1.1581e+02,1.1528e+02,1.1272e+02,1.1043e+02,1.0920e+02,1.0597e+02,1.0539e+02,1.0229e+02,1.0200e+02,1.0042e+02,9.7543e+01,9.4669e+01,9.1859e+01,9.1253e+01,8.7803e+01,8.6148e+01,8.8004e+01,8.6715e+01,8.4589e+01,8.1924e+01,8.0544e+01,7.7223e+01,7.5619e+01,7.2093e+01,7.0848e+01,6.7901e+01,6.5417e+01,6.3735e+01,6.0085e+01,5.8531e+01,5.4998e+01,5.2573e+01,4.9954e+01,4.8837e+01,4.5420e+01,4.2554e+01,4.0035e+01,3.7157e+01,3.5072e+01,3.3160e+01,3.1851e+01,2.9740e+01,2.9129e+01,2.8739e+01,2.9404e+01,2.8881e+01,3.0025e+01,3.0887e+01,3.0749e+01,2.9938e+01,3.0061e+01,3.0741e+01,3.1298e+01,3.2411e+01,3.2879e+01,3.3638e+01,3.3364e+01,3.3005e+01,3.3279e+01,3.3469e+01,3.3549e+01,3.3862e+01,3.4555e+01,3.5384e+01,3.6360e+01,3.7402e+01,3.8699e+01,3.9282e+01,3.9985e+01,4.0987e+01,4.1618e+01,4.2475e+01,4.2532e+01,4.2326e+01
