	Genes	Uniprot	Uniprot w Num	Start Pos	End Pos	Sequence	pol-pol	pol-hyd	pol-pos	pol-neg	pol-aro	pol-ala	pol-pro	pol-gly	hyd-hyd	hyd-pos	hyd-neg	hyd-aro	hyd-ala	hyd-pro	hyd-gly	pos-pos	pos-neg	pos-aro	pos-ala	pos-pro	pos-gly	neg-neg	neg-aro	neg-ala	neg-pro	neg-gly	aro-aro	aro-ala	aro-pro	aro-gly	ala-ala	ala-pro	ala-gly	pro-pro	pro-gly	gly-gly	Frac A	Frac C	Frac D	Frac E	Frac F	Frac G	Frac H	Frac I	Frac K	Frac L	Frac M	Frac N	Frac P	Frac Q	Frac R	Frac S	Frac T	Frac V	Frac W	Frac Y	Frac K+R	Frac D+E	Frac Polar	Frac Aliphatic	Frac Aromatic	R/K Ratio	E/D Ratio	Frac Chain Expanding	FCR	NCPR	Hydrophobicity	Disorder Promoting	Iso point	PPII	A Patch	C Patch	D Patch	E Patch	F Patch	G Patch	H Patch	I Patch	K Patch	L Patch	M Patch	N Patch	P Patch	Q Patch	R Patch	S Patch	T Patch	V Patch	Y Patch	RG Frac
0	POLR1G	Q76KJ5	Q76KJ5_1	147	399	PRFSAFGGSPPVTGPGSASALRSPTSGKRKSTRKGTDASSDTQEAVNRHGAMEVKTALGNLGVSVKKRKRYFMQEEMEAKTMEPVAELPVPSATSSKKRKKSKGTETSQVEHTEPVAQTEPPEGTFLFPTKKRKRQKEADGTEEVDGIVADSQPQVIVEAQEETILLSPTKKRRKEKRQNLGMEAEMGPPGVLMVTEHSEHGLQAEVALVSPKKTKKKKGKRVGETEAALPDDFEPQGALAPSKKKERGARL	-0.7829254430454745	0.423506731017854	3.904281793279423	-0.7811410883498218	0.0	0.0	0.0	0.0	0.9105367950353533	8.546951222669362	-0.24275108621908076	0.0	0.0	0.0	0.0	6.623445466373379	7.709586088675382	0.0	0.0	0.0	0.0	0.8185072423879721	0.0	0.0	0.0	0.0	0.0	0.0	0.0	0.0	0.0	0.0	0.0	0.0	0.0	0.0	0.23908788459258062	-0.5744842281433558	-0.6023830489002004	0.3210775368745344	0.5463479141900587	0.03990292622513906	-0.27962063026351974	-0.29481188344622467	1.1159254768360758	-0.08676704509754526	0.6251948957230792	-0.6322216346618382	-0.4488901794237595	-0.2510735536955648	-0.04565146942062232	-0.7526490009114881	0.5123909880594482	1.2659698049192831	-0.49938208215527613	-0.3825681576570157	0.7813966057036161	-0.05139214771103387	-0.7264771571195726	0.8266023589911996	-0.08139704743821112	-0.802496091137837	1.2132046735413053	0.2530715316442028	0.48150449021661407	0.5486748326455991	0.35005406791253896	-0.14833948476144593	0.7512301734578096	0.06603895582339087	-0.24718714696677205	-0.007721419454543911	-0.18307288068621563	-0.3379923669369112	-0.00923000941572502	-0.24469288362320363	-0.07860456554572513	-0.014643600026100125	2.054193738769316	-0.08914388535837346	-0.01973390346162232	-0.0732165498296353	-0.4145371337702607	-0.1586720498657107	-0.24707875828787232	-0.497298710067915	-0.14772966960197215	-0.051332203353157295	-0.02082026000374536	-0.12791376108860372
