	Genes	Uniprot	Uniprot w Num	Start Pos	End Pos	Sequence	pol-pol	pol-hyd	pol-pos	pol-neg	pol-aro	pol-ala	pol-pro	pol-gly	hyd-hyd	hyd-pos	hyd-neg	hyd-aro	hyd-ala	hyd-pro	hyd-gly	pos-pos	pos-neg	pos-aro	pos-ala	pos-pro	pos-gly	neg-neg	neg-aro	neg-ala	neg-pro	neg-gly	aro-aro	aro-ala	aro-pro	aro-gly	ala-ala	ala-pro	ala-gly	pro-pro	pro-gly	gly-gly	Frac A	Frac C	Frac D	Frac E	Frac F	Frac G	Frac H	Frac I	Frac K	Frac L	Frac M	Frac N	Frac P	Frac Q	Frac R	Frac S	Frac T	Frac V	Frac W	Frac Y	Frac K+R	Frac D+E	Frac Polar	Frac Aliphatic	Frac Aromatic	R/K Ratio	E/D Ratio	Frac Chain Expanding	FCR	NCPR	Hydrophobicity	Disorder Promoting	Iso point	PPII	A Patch	C Patch	D Patch	E Patch	F Patch	G Patch	H Patch	I Patch	K Patch	L Patch	M Patch	N Patch	P Patch	Q Patch	R Patch	S Patch	T Patch	V Patch	Y Patch	RG Frac
0	POLR1G	X1WGE9	X1WGE9_1	132	291	QGPIPVPAAPAPRIPDGLKQRFHPFGSSTGARMQKEATFASPTPLQKTRQDVGDGDEPKKKKKKKKDKSQGDSGDVFIKQEETQIECNQLEISELMEEEPMEERRRKKKKVKKEKERENPDMVDASLFLKTEQLDPSYDDTEVTPGKTKKKKKKSSRNE	1.510185747068956	-0.24135190058209355	5.328427987214136	0.32696575584832277	0.0	0.0	0.0	0.0	-0.12616824221160364	6.1786826185254675	-1.4427533853268386	0.0	0.0	0.0	0.0	6.056633282594433	5.8498259121671214	0.0	0.0	0.0	0.0	1.5757569309335502	0.0	0.0	0.0	0.0	0.0	0.0	0.0	0.0	0.0	0.0	0.0	0.0	0.0	0.0	-0.4073727178575064	-0.14181542926058457	0.31944704421257636	0.3310283718374602	0.943420227618493	-0.16022373965732697	-0.6406876350654735	0.45871515655304895	1.9316828194882099	-0.29783360092137157	0.27932043616989083	-0.6190660112861187	-0.08795108090380627	0.1331339591247777	-0.12317971298647541	-1.038631858546988	-0.20129124207969407	-0.034926086198365035	-0.43735730411256696	-0.29941163646184976	1.3480502775692456	0.40727955802045585	-1.2387351492587333	-0.2302400067135539	0.2716567720338383	-1.1612050490079961	0.12465511663974949	1.3001964416931535	1.160010863903309	0.5570927193101459	-0.6705825296109676	0.17989420097898373	0.659571449467999	0.784137289335561	-0.17774741096223845	-0.010376520753341747	-0.21252102875505519	0.7717584658274538	-0.019077782081523022	-0.19488575767110286	-0.09493817120556539	-0.018883609927738448	2.9644027113936047	-0.08399869860993459	-0.035523636003543024	-0.09998011212868979	0.8079248524062816	-0.17462442740152395	-0.23369697225865133	-0.5497376149212416	-0.17599550733838618	-0.05299151720141419	-0.017957470399667597	-0.11433275376114065
