	Genes	Uniprot	Uniprot w Num	Start Pos	End Pos	Sequence	pol-pol	pol-hyd	pol-pos	pol-neg	pol-aro	pol-ala	pol-pro	pol-gly	hyd-hyd	hyd-pos	hyd-neg	hyd-aro	hyd-ala	hyd-pro	hyd-gly	pos-pos	pos-neg	pos-aro	pos-ala	pos-pro	pos-gly	neg-neg	neg-aro	neg-ala	neg-pro	neg-gly	aro-aro	aro-ala	aro-pro	aro-gly	ala-ala	ala-pro	ala-gly	pro-pro	pro-gly	gly-gly	Frac A	Frac C	Frac D	Frac E	Frac F	Frac G	Frac H	Frac I	Frac K	Frac L	Frac M	Frac N	Frac P	Frac Q	Frac R	Frac S	Frac T	Frac V	Frac W	Frac Y	Frac K+R	Frac D+E	Frac Polar	Frac Aliphatic	Frac Aromatic	R/K Ratio	E/D Ratio	Frac Chain Expanding	FCR	NCPR	Hydrophobicity	Disorder Promoting	Iso point	PPII	A Patch	C Patch	D Patch	E Patch	F Patch	G Patch	H Patch	I Patch	K Patch	L Patch	M Patch	N Patch	P Patch	Q Patch	R Patch	S Patch	T Patch	V Patch	Y Patch	RG Frac
0	POLR1G	A0A6I8SD67	A0A6I8SD67_1	135	197	HGESSVLHPIPDRLPRTVPEGLKLRYCPFGSVSPKYKRKGDLAIVHKKKKKKRKREEANVNV	0.7506903909675532	-0.9989980840411836	4.703960713506333	0.0	0.0	0.0	0.0	0.0	0.46675052078563356	4.508113869040834	0.0	0.0	0.0	0.0	0.0	4.248611875076489	0.0	0.0	0.0	0.0	0.0	0.0	0.0	0.0	0.0	0.0	0.0	0.0	0.0	0.0	0.0	0.0	0.0	0.0	0.0	0.0	-0.6113565010016634	0.708309684968353	-0.5863223366086477	-0.3788588807758576	0.19502291368823957	-0.11116320176840139	0.7855951286198981	0.6340360904083118	1.6822287885705625	1.201309180369498	-0.8234225221662711	-0.3175043147873483	-0.07550525957774933	-1.2692427400011883	0.7002214954501903	-1.1197817506906085	-1.0292551127940537	2.345168125129788	-0.4159525026778795	1.2060670712530128	1.7325061819406604	-0.5707153403693386	-1.5808947571267407	1.2817977278698158	0.7783672426417659	-0.4537665047186712	0.28610539723763545	0.7503712605703906	0.6916960657953561	1.511813256862189	0.6206659098666417	-2.04362015908368	0.9323626726518163	0.2770371758413337	-0.1581151336938728	-0.010511766624552736	-0.21379535172895545	-0.35216668023737174	-0.010511766624552736	-0.1843345654937909	-0.08376934415414412	-0.017547184456068916	1.7060580331477957	-0.058610115773497125	-0.01842392976371398	-0.10576694561769427	-0.3534969553268465	-0.15064846563732595	-0.22775780564112189	-0.5660706545007861	-0.14747012632797843	-0.041227488425331055	-0.018782005952912167	-0.12579309348504858
