7.6131e+01,7.6168e+01,7.6151e+01,7.6226e+01,7.6146e+01,7.6074e+01,7.6015e+01,7.6094e+01,7.6210e+01,7.6374e+01,7.6545e+01,7.6895e+01,7.6837e+01,7.7244e+01,7.7539e+01,7.7713e+01,7.7105e+01,7.7045e+01,7.6925e+01,7.6661e+01,7.6682e+01,7.6365e+01,7.6162e+01,7.6081e+01,7.6020e+01,7.6255e+01,7.6513e+01,7.6912e+01,7.7135e+01,7.7679e+01,7.8238e+01,7.8772e+01,7.8801e+01,7.9571e+01,7.9519e+01,7.8834e+01,7.8724e+01,7.9440e+01,7.9316e+01,7.8697e+01,7.9443e+01,8.0421e+01,8.1395e+01,8.2673e+01,8.2704e+01,8.1504e+01,8.0382e+01,7.9587e+01,7.8852e+01,7.8755e+01,7.8255e+01,7.7788e+01,7.7235e+01,7.6740e+01,7.6414e+01,7.6281e+01,7.6526e+01,7.6552e+01,7.6379e+01,7.6467e+01,7.6637e+01,7.6801e+01,7.7278e+01,7.7338e+01,7.6843e+01,7.6612e+01,7.6340e+01,7.6454e+01,7.6453e+01,7.6822e+01,7.7304e+01,7.7036e+01,7.6856e+01,7.6772e+01,7.7214e+01,7.6971e+01,7.6885e+01,7.6712e+01,7.7033e+01,7.7504e+01,7.8160e+01,7.8774e+01,7.9658e+01,8.0183e+01,8.1208e+01,8.1846e+01,8.2717e+01,8.2909e+01,8.3290e+01,8.3845e+01,8.3662e+01,8.2817e+01,8.3804e+01,8.3862e+01,8.5291e+01,8.5171e+01,8.5031e+01,8.3789e+01,8.2756e+01,8.2048e+01,8.1126e+01,8.0757e+01,8.1447e+01,8.1850e+01,8.1184e+01,8.1710e+01,8.1536e+01,8.2182e+01,8.2047e+01,8.1961e+01,8.3056e+01,8.3494e+01,8.3600e+01,8.4058e+01,8.3369e+01,8.2106e+01,8.1277e+01,8.0995e+01,8.0081e+01,7.9705e+01,8.0011e+01,8.0829e+01,8.0704e+01,8.0391e+01,8.1059e+01,8.1339e+01,8.0830e+01,8.1383e+01,8.0941e+01,8.1304e+01,8.1614e+01,8.2161e+01,8.3314e+01,8.3770e+01,8.5197e+01,8.5238e+01,8.5063e+01,8.3995e+01,8.4354e+01,8.4636e+01,8.5879e+01,8.6151e+01,8.7166e+01,8.8547e+01,8.9426e+01,9.0474e+01,8.9398e+01,8.9226e+01,8.9709e+01,8.8234e+01,8.6917e+01,8.6257e+01,8.5111e+01,8.4449e+01,8.3432e+01,8.3607e+01,8.2380e+01,8.1464e+01,8.0438e+01,8.0254e+01,7.9465e+01,7.9597e+01,7.9794e+01,7.9765e+01,8.0568e+01,8.0512e+01,8.0052e+01,8.0179e+01,8.0191e+01,8.0471e+01,8.0256e+01,8.0140e+01
7.5670e+01,7.5712e+01,7.5695e+01,7.5769e+01,7.5691e+01,7.5622e+01,7.5564e+01,7.5646e+01,7.5763e+01,7.5930e+01,7.6103e+01,7.6459e+01,7.6401e+01,7.6813e+01,7.7111e+01,7.7285e+01,7.6669e+01,7.6608e+01,7.6483e+01,7.6215e+01,7.6232e+01,7.5914e+01,7.5709e+01,7.5630e+01,7.5568e+01,7.5803e+01,7.6060e+01,7.6460e+01,7.6682e+01,7.7229e+01,7.7787e+01,7.8325e+01,7.8357e+01,7.9132e+01,7.9080e+01,7.8391e+01,7.8277e+01,7.8994e+01,7.8867e+01,7.8244e+01,7.8992e+01,7.9973e+01,8.0951e+01,8.2236e+01,8.2267e+01,8.1061e+01,7.9935e+01,7.9136e+01,7.8397e+01,7.8300e+01,7.7797e+01,7.7329e+01,7.6776e+01,7.6281e+01,7.5956e+01,7.5823e+01,7.6066e+01,7.6095e+01,7.5924e+01,7.6013e+01,7.6187e+01,7.6353e+01,7.6834e+01,7.6898e+01,7.6401e+01,7.6170e+01,7.5894e+01,7.6010e+01,7.6010e+01,7.6382e+01,7.6870e+01,7.6601e+01,7.6418e+01,7.6331e+01,7.6776e+01,7.6529e+01,7.6440e+01,7.6262e+01,7.6584e+01,7.7057e+01,7.7717e+01,7.8334e+01,7.9223e+01,7.9749e+01,8.0778e+01,8.1417e+01,8.2294e+01,8.2490e+01,8.2875e+01,8.3434e+01,8.3252e+01,8.2404e+01,8.3397e+01,8.3458e+01,8.4895e+01,8.4771e+01,8.4628e+01,8.3378e+01,8.2338e+01,8.1627e+01,8.0700e+01,8.0331e+01,8.1028e+01,8.1435e+01,8.0768e+01,8.1301e+01,8.1129e+01,8.1780e+01,8.1646e+01,8.1556e+01,8.2656e+01,8.3096e+01,8.3199e+01,8.3657e+01,8.2961e+01,8.1691e+01,8.0857e+01,8.0571e+01,7.9649e+01,7.9268e+01,7.9573e+01,8.0393e+01,8.0263e+01,7.9951e+01,8.0620e+01,8.0904e+01,8.0394e+01,8.0952e+01,8.0509e+01,8.0876e+01,8.1186e+01,8.1737e+01,8.2896e+01,8.3353e+01,8.4786e+01,8.4827e+01,8.4651e+01,8.3576e+01,8.3935e+01,8.4219e+01,8.5468e+01,8.5743e+01,8.6763e+01,8.8152e+01,8.9037e+01,9.0088e+01,8.9006e+01,8.8834e+01,8.9317e+01,8.7834e+01,8.6512e+01,8.5847e+01,8.4696e+01,8.4032e+01,8.3010e+01,8.3186e+01,8.1953e+01,8.1031e+01,7.9999e+01,7.9812e+01,7.9018e+01,7.9150e+01,7.9348e+01,7.9318e+01,8.0123e+01,8.0066e+01,7.9602e+01,7.9732e+01,7.9743e+01,8.0024e+01,7.9806e+01,7.9690e+01
7.5238e+01,7.5285e+01,7.5269e+01,7.5343e+01,7.5267e+01,7.5201e+01,7.5144e+01,7.5231e+01,7.5351e+01,7.5518e+01,7.5690e+01,7.6053e+01,7.5998e+01,7.6417e+01,7.6720e+01,7.6895e+01,7.6271e+01,7.6211e+01,7.6081e+01,7.5808e+01,7.5821e+01,7.5498e+01,7.5291e+01,7.5214e+01,7.5150e+01,7.5389e+01,7.5645e+01,7.6049e+01,7.6268e+01,7.6819e+01,7.7376e+01,7.7921e+01,7.7957e+01,7.8740e+01,7.8689e+01,7.7996e+01,7.7877e+01,7.8596e+01,7.8464e+01,7.7834e+01,7.8583e+01,7.9570e+01,8.0551e+01,8.1844e+01,8.1875e+01,8.0664e+01,7.9531e+01,7.8728e+01,7.7983e+01,7.7883e+01,7.7375e+01,7.6905e+01,7.6350e+01,7.5855e+01,7.5530e+01,7.5399e+01,7.5641e+01,7.5669e+01,7.5502e+01,7.5590e+01,7.5767e+01,7.5934e+01,7.6419e+01,7.6486e+01,7.5989e+01,7.5760e+01,7.5481e+01,7.5601e+01,7.5604e+01,7.5981e+01,7.6477e+01,7.6203e+01,7.6020e+01,7.5931e+01,7.6383e+01,7.6131e+01,7.6039e+01,7.5856e+01,7.6178e+01,7.6657e+01,7.7319e+01,7.7942e+01,7.8837e+01,7.9362e+01,8.0397e+01,8.1036e+01,8.1920e+01,8.2122e+01,8.2511e+01,8.3071e+01,8.2891e+01,8.2042e+01,8.3041e+01,8.3108e+01,8.4553e+01,8.4428e+01,8.4281e+01,8.3025e+01,8.1975e+01,8.1261e+01,8.0325e+01,7.9957e+01,8.0662e+01,8.1075e+01,8.0405e+01,8.0945e+01,8.0774e+01,8.1427e+01,8.1291e+01,8.1197e+01,8.2302e+01,8.2743e+01,8.2842e+01,8.3299e+01,8.2596e+01,8.1318e+01,8.0482e+01,8.0191e+01,7.9261e+01,7.8875e+01,7.9176e+01,7.9998e+01,7.9864e+01,7.9554e+01,8.0224e+01,8.0513e+01,8.0006e+01,8.0572e+01,8.0129e+01,8.0503e+01,8.0815e+01,8.1373e+01,8.2538e+01,8.2999e+01,8.4439e+01,8.4476e+01,8.4298e+01,8.3214e+01,8.3570e+01,8.3853e+01,8.5108e+01,8.5388e+01,8.6413e+01,8.7811e+01,8.8703e+01,8.9754e+01,8.8663e+01,8.8491e+01,8.8971e+01,8.7479e+01,8.6153e+01,8.5483e+01,8.4330e+01,8.3662e+01,8.2638e+01,8.2818e+01,8.1577e+01,8.0648e+01,7.9610e+01,7.9421e+01,7.8620e+01,7.8748e+01,7.8947e+01,7.8913e+01,7.9718e+01,7.9661e+01,7.9190e+01,7.9323e+01,7.9335e+01,7.9618e+01,7.9397e+01,7.9282e+01
7.4549e+01,7.4598e+01,7.4576e+01,7.4654e+01,7.4586e+01,7.4521e+01,7.4471e+01,7.4565e+01,7.4682e+01,7.4845e+01,7.5015e+01,7.5386e+01,7.5337e+01,7.5762e+01,7.6074e+01,7.6246e+01,7.5612e+01,7.5557e+01,7.5420e+01,7.5137e+01,7.5142e+01,7.4817e+01,7.4616e+01,7.4545e+01,7.4485e+01,7.4731e+01,7.4992e+01,7.5405e+01,7.5624e+01,7.6187e+01,7.6751e+01,7.7302e+01,7.7338e+01,7.8131e+01,7.8073e+01,7.7368e+01,7.7241e+01,7.7964e+01,7.7825e+01,7.7185e+01,7.7935e+01,7.8926e+01,7.9917e+01,8.1221e+01,8.1260e+01,8.0043e+01,7.8898e+01,7.8092e+01,7.7336e+01,7.7227e+01,7.6711e+01,7.6244e+01,7.5680e+01,7.5186e+01,7.4856e+01,7.4732e+01,7.4981e+01,7.5014e+01,7.4845e+01,7.4929e+01,7.5112e+01,7.5276e+01,7.5769e+01,7.5832e+01,7.5330e+01,7.5103e+01,7.4822e+01,7.4950e+01,7.4952e+01,7.5340e+01,7.5842e+01,7.5561e+01,7.5371e+01,7.5284e+01,7.5746e+01,7.5493e+01,7.5402e+01,7.5213e+01,7.5543e+01,7.6031e+01,7.6703e+01,7.7333e+01,7.8241e+01,7.8770e+01,7.9816e+01,8.0459e+01,8.1352e+01,8.1555e+01,8.1953e+01,8.2523e+01,8.2345e+01,8.1485e+01,8.2492e+01,8.2560e+01,8.4018e+01,8.3887e+01,8.3734e+01,8.2465e+01,8.1404e+01,8.0687e+01,7.9743e+01,7.9373e+01,8.0089e+01,8.0504e+01,7.9827e+01,8.0374e+01,8.0204e+01,8.0868e+01,8.0734e+01,8.0641e+01,8.1760e+01,8.2208e+01,8.2308e+01,8.2770e+01,8.2058e+01,8.0765e+01,7.9918e+01,7.9621e+01,7.8678e+01,7.8283e+01,7.8588e+01,7.9418e+01,7.9279e+01,7.8963e+01,7.9638e+01,7.9928e+01,7.9415e+01,7.9984e+01,7.9534e+01,7.9911e+01,8.0218e+01,8.0780e+01,8.1952e+01,8.2409e+01,8.3858e+01,8.3896e+01,8.3723e+01,8.2632e+01,8.2988e+01,8.3280e+01,8.4548e+01,8.4835e+01,8.5872e+01,8.7278e+01,8.8179e+01,8.9238e+01,8.8144e+01,8.7975e+01,8.8460e+01,8.6957e+01,8.5621e+01,8.4941e+01,8.3779e+01,8.3100e+01,8.2067e+01,8.2244e+01,8.0990e+01,8.0055e+01,7.9004e+01,7.8805e+01,7.7997e+01,7.8126e+01,7.8335e+01,7.8304e+01,7.9118e+01,7.9057e+01,7.8579e+01,7.8712e+01,7.8723e+01,7.9006e+01,7.8779e+01,7.8662e+01
7.4093e+01,7.4139e+01,7.4114e+01,7.4195e+01,7.4129e+01,7.4065e+01,7.4018e+01,7.4116e+01,7.4232e+01,7.4392e+01,7.4561e+01,7.4936e+01,7.4891e+01,7.5319e+01,7.5637e+01,7.5807e+01,7.5167e+01,7.5115e+01,7.4974e+01,7.4685e+01,7.4686e+01,7.4360e+01,7.4162e+01,7.4094e+01,7.4037e+01,7.4287e+01,7.4551e+01,7.4969e+01,7.5191e+01,7.5761e+01,7.6331e+01,7.6885e+01,7.6919e+01,7.7717e+01,7.7654e+01,7.6941e+01,7.6811e+01,7.7537e+01,7.7396e+01,7.6749e+01,7.7502e+01,7.8495e+01,7.9494e+01,8.0805e+01,8.0849e+01,7.9627e+01,7.8474e+01,7.7667e+01,7.6904e+01,7.6789e+01,7.6267e+01,7.5802e+01,7.5233e+01,7.4738e+01,7.4404e+01,7.4284e+01,7.4539e+01,7.4574e+01,7.4404e+01,7.4485e+01,7.4671e+01,7.4832e+01,7.5329e+01,7.5390e+01,7.4884e+01,7.4660e+01,7.4379e+01,7.4511e+01,7.4513e+01,7.4907e+01,7.5414e+01,7.5128e+01,7.4934e+01,7.4848e+01,7.5316e+01,7.5062e+01,7.4972e+01,7.4781e+01,7.5116e+01,7.5610e+01,7.6289e+01,7.6923e+01,7.7839e+01,7.8371e+01,7.9424e+01,8.0072e+01,8.0971e+01,8.1172e+01,8.1576e+01,8.2153e+01,8.1976e+01,8.1107e+01,8.2118e+01,8.2186e+01,8.3654e+01,8.3519e+01,8.3363e+01,8.2083e+01,8.1018e+01,8.0297e+01,7.9348e+01,7.8976e+01,7.9699e+01,8.0114e+01,7.9431e+01,7.9985e+01,7.9815e+01,8.0487e+01,8.0355e+01,8.0263e+01,8.1392e+01,8.1846e+01,8.1947e+01,8.2414e+01,8.1695e+01,8.0393e+01,7.9537e+01,7.9236e+01,7.8285e+01,7.7885e+01,7.8194e+01,7.9031e+01,7.8890e+01,7.8569e+01,7.9247e+01,7.9537e+01,7.9018e+01,7.9589e+01,7.9131e+01,7.9508e+01,7.9813e+01,8.0376e+01,8.1553e+01,8.2006e+01,8.3462e+01,8.3502e+01,8.3334e+01,8.2240e+01,8.2598e+01,8.2897e+01,8.4174e+01,8.4466e+01,8.5512e+01,8.6924e+01,8.7831e+01,8.8897e+01,8.7800e+01,8.7633e+01,8.8123e+01,8.6611e+01,8.5268e+01,8.4582e+01,8.3412e+01,8.2725e+01,8.1684e+01,8.1858e+01,8.0595e+01,7.9656e+01,7.8597e+01,7.8391e+01,7.7578e+01,7.7709e+01,7.7924e+01,7.7896e+01,7.8714e+01,7.8654e+01,7.8173e+01,7.8307e+01,7.8316e+01,7.8601e+01,7.8371e+01,7.8254e+01
7.3700e+01,7.3745e+01,7.3720e+01,7.3804e+01,7.3741e+01,7.3675e+01,7.3631e+01,7.3733e+01,7.3848e+01,7.4005e+01,7.4170e+01,7.4548e+01,7.4508e+01,7.4941e+01,7.5266e+01,7.5437e+01,7.4791e+01,7.4745e+01,7.4602e+01,7.4305e+01,7.4303e+01,7.3974e+01,7.3780e+01,7.3713e+01,7.3657e+01,7.3914e+01,7.4183e+01,7.4610e+01,7.4832e+01,7.5412e+01,7.5988e+01,7.6548e+01,7.6582e+01,7.7388e+01,7.7322e+01,7.6600e+01,7.6465e+01,7.7196e+01,7.7049e+01,7.6393e+01,7.7149e+01,7.8147e+01,7.9154e+01,8.0475e+01,8.0525e+01,7.9297e+01,7.8134e+01,7.7323e+01,7.6550e+01,7.6428e+01,7.5899e+01,7.5435e+01,7.4857e+01,7.4361e+01,7.4023e+01,7.3906e+01,7.4167e+01,7.4202e+01,7.4029e+01,7.4105e+01,7.4294e+01,7.4450e+01,7.4950e+01,7.5007e+01,7.4500e+01,7.4279e+01,7.4000e+01,7.4137e+01,7.4141e+01,7.4542e+01,7.5053e+01,7.4760e+01,7.4565e+01,7.4482e+01,7.4959e+01,7.4706e+01,7.4615e+01,7.4421e+01,7.4761e+01,7.5263e+01,7.5950e+01,7.6591e+01,7.7516e+01,7.8053e+01,7.9115e+01,7.9768e+01,8.0674e+01,8.0877e+01,8.1285e+01,8.1867e+01,8.1689e+01,8.0814e+01,8.1831e+01,8.1900e+01,8.3377e+01,8.3239e+01,8.3081e+01,8.1792e+01,8.0720e+01,7.9994e+01,7.9038e+01,7.8664e+01,7.9392e+01,7.9810e+01,7.9121e+01,7.9679e+01,7.9509e+01,8.0187e+01,8.0054e+01,7.9963e+01,8.1101e+01,8.1558e+01,8.1660e+01,8.2131e+01,8.1408e+01,8.0096e+01,7.9233e+01,7.8930e+01,7.7968e+01,7.7564e+01,7.7876e+01,7.8721e+01,7.8579e+01,7.8254e+01,7.8938e+01,7.9228e+01,7.8704e+01,7.9279e+01,7.8816e+01,7.9194e+01,7.9499e+01,8.0066e+01,8.1250e+01,8.1702e+01,8.3164e+01,8.3206e+01,8.3040e+01,8.1942e+01,8.2301e+01,8.2605e+01,8.3892e+01,8.4187e+01,8.5241e+01,8.6660e+01,8.7572e+01,8.8644e+01,8.7543e+01,8.7376e+01,8.7869e+01,8.6350e+01,8.4999e+01,8.4308e+01,8.3131e+01,8.2438e+01,8.1388e+01,8.1561e+01,8.0288e+01,7.9343e+01,7.8273e+01,7.8061e+01,7.7240e+01,7.7373e+01,7.7594e+01,7.7567e+01,7.8395e+01,7.8332e+01,7.7848e+01,7.7982e+01,7.7990e+01,7.8274e+01,7.8039e+01,7.7922e+01
7.3272e+01,7.3315e+01,7.3290e+01,7.3380e+01,7.3317e+01,7.3244e+01,7.3200e+01,7.3306e+01,7.3422e+01,7.3572e+01,7.3731e+01,7.4108e+01,7.4073e+01,7.4511e+01,7.4843e+01,7.5016e+01,7.4368e+01,7.4328e+01,7.4188e+01,7.3887e+01,7.3886e+01,7.3554e+01,7.3362e+01,7.3293e+01,7.3238e+01,7.3503e+01,7.3780e+01,7.4216e+01,7.4442e+01,7.5029e+01,7.5611e+01,7.6179e+01,7.6216e+01,7.7031e+01,7.6964e+01,7.6235e+01,7.6095e+01,7.6832e+01,7.6681e+01,7.6015e+01,7.6774e+01,7.7779e+01,7.8792e+01,8.0123e+01,8.0177e+01,7.8943e+01,7.7770e+01,7.6955e+01,7.6171e+01,7.6042e+01,7.5505e+01,7.5040e+01,7.4454e+01,7.3954e+01,7.3609e+01,7.3494e+01,7.3760e+01,7.3792e+01,7.3614e+01,7.3684e+01,7.3871e+01,7.4021e+01,7.4520e+01,7.4572e+01,7.4065e+01,7.3848e+01,7.3573e+01,7.3716e+01,7.3723e+01,7.4131e+01,7.4642e+01,7.4341e+01,7.4147e+01,7.4071e+01,7.4556e+01,7.4306e+01,7.4215e+01,7.4021e+01,7.4367e+01,7.4877e+01,7.5574e+01,7.6224e+01,7.7160e+01,7.7703e+01,7.8775e+01,7.9432e+01,8.0347e+01,8.0553e+01,8.0965e+01,8.1551e+01,8.1371e+01,8.0490e+01,8.1516e+01,8.1585e+01,8.3073e+01,8.2935e+01,8.2775e+01,8.1477e+01,8.0396e+01,7.9664e+01,7.8698e+01,7.8320e+01,7.9054e+01,7.9477e+01,7.8780e+01,7.9341e+01,7.9166e+01,7.9850e+01,7.9714e+01,7.9623e+01,8.0769e+01,8.1227e+01,8.1331e+01,8.1802e+01,8.1077e+01,7.9754e+01,7.8888e+01,7.8585e+01,7.7613e+01,7.7205e+01,7.7517e+01,7.8371e+01,7.8227e+01,7.7902e+01,7.8591e+01,7.8886e+01,7.8359e+01,7.8940e+01,7.8474e+01,7.8857e+01,7.9163e+01,7.9734e+01,8.0926e+01,8.1377e+01,8.2847e+01,8.2889e+01,8.2725e+01,8.1619e+01,8.1977e+01,8.2286e+01,8.3582e+01,8.3882e+01,8.4944e+01,8.6371e+01,8.7290e+01,8.8367e+01,8.7261e+01,8.7094e+01,8.7588e+01,8.6060e+01,8.4701e+01,8.4004e+01,8.2820e+01,8.2121e+01,8.1064e+01,8.1237e+01,7.9954e+01,7.9002e+01,7.7923e+01,7.7707e+01,7.6878e+01,7.7011e+01,7.7236e+01,7.7208e+01,7.8041e+01,7.7976e+01,7.7485e+01,7.7621e+01,7.7629e+01,7.7915e+01,7.7673e+01,7.7554e+01
7.3025e+01,7.3066e+01,7.3041e+01,7.3135e+01,7.3067e+01,7.2988e+01,7.2940e+01,7.3043e+01,7.3161e+01,7.3310e+01,7.3467e+01,7.3839e+01,7.3802e+01,7.4239e+01,7.4569e+01,7.4746e+01,7.4102e+01,7.4063e+01,7.3929e+01,7.3631e+01,7.3636e+01,7.3304e+01,7.3112e+01,7.3038e+01,7.2981e+01,7.3249e+01,7.3531e+01,7.3969e+01,7.4199e+01,7.4786e+01,7.5371e+01,7.5942e+01,7.5979e+01,7.6798e+01,7.6733e+01,7.6002e+01,7.5864e+01,7.6605e+01,7.6454e+01,7.5787e+01,7.6550e+01,7.7557e+01,7.8573e+01,7.9905e+01,7.9959e+01,7.8722e+01,7.7547e+01,7.6729e+01,7.5943e+01,7.5816e+01,7.5277e+01,7.4809e+01,7.4219e+01,7.3714e+01,7.3365e+01,7.3247e+01,7.3514e+01,7.3543e+01,7.3359e+01,7.3430e+01,7.3611e+01,7.3760e+01,7.4256e+01,7.4306e+01,7.3799e+01,7.3578e+01,7.3308e+01,7.3448e+01,7.3456e+01,7.3862e+01,7.4368e+01,7.4068e+01,7.3878e+01,7.3806e+01,7.4291e+01,7.4046e+01,7.3956e+01,7.3766e+01,7.4114e+01,7.4626e+01,7.5328e+01,7.5982e+01,7.6921e+01,7.7468e+01,7.8543e+01,7.9203e+01,8.0121e+01,8.0329e+01,8.0740e+01,8.1326e+01,8.1144e+01,8.0261e+01,8.1292e+01,8.1360e+01,8.2852e+01,8.2716e+01,8.2558e+01,8.1257e+01,8.0173e+01,7.9438e+01,7.8468e+01,7.8085e+01,7.8819e+01,7.9243e+01,7.8543e+01,7.9099e+01,7.8918e+01,7.9604e+01,7.9465e+01,7.9378e+01,8.0528e+01,8.0986e+01,8.1094e+01,8.1567e+01,8.0843e+01,7.9516e+01,7.8649e+01,7.8347e+01,7.7372e+01,7.6964e+01,7.7275e+01,7.8132e+01,7.7989e+01,7.7666e+01,7.8359e+01,7.8656e+01,7.8129e+01,7.8713e+01,7.8248e+01,7.8634e+01,7.8943e+01,7.9517e+01,8.0711e+01,8.1163e+01,8.2636e+01,8.2676e+01,8.2511e+01,8.1402e+01,8.1759e+01,8.2066e+01,8.3362e+01,8.3664e+01,8.4727e+01,8.6156e+01,8.7077e+01,8.8155e+01,8.7047e+01,8.6880e+01,8.7374e+01,8.5842e+01,8.4481e+01,8.3783e+01,8.2598e+01,8.1899e+01,8.0843e+01,8.1017e+01,7.9732e+01,7.8777e+01,7.7696e+01,7.7481e+01,7.6650e+01,7.6783e+01,7.7007e+01,7.6976e+01,7.7808e+01,7.7741e+01,7.7251e+01,7.7386e+01,7.7398e+01,7.7688e+01,7.7445e+01,7.7326e+01
7.2740e+01,7.2780e+01,7.2751e+01,7.2847e+01,7.2781e+01,7.2701e+01,7.2657e+01,7.2757e+01,7.2873e+01,7.3022e+01,7.3182e+01,7.3554e+01,7.3513e+01,7.3950e+01,7.4277e+01,7.4454e+01,7.3809e+01,7.3768e+01,7.3635e+01,7.3338e+01,7.3344e+01,7.3014e+01,7.2823e+01,7.2751e+01,7.2696e+01,7.2966e+01,7.3251e+01,7.3691e+01,7.3925e+01,7.4517e+01,7.5107e+01,7.5678e+01,7.5712e+01,7.6533e+01,7.6465e+01,7.5728e+01,7.5590e+01,7.6333e+01,7.6182e+01,7.5513e+01,7.6277e+01,7.7284e+01,7.8305e+01,7.9640e+01,7.9699e+01,7.8460e+01,7.7280e+01,7.6463e+01,7.5674e+01,7.5546e+01,7.5007e+01,7.4540e+01,7.3948e+01,7.3440e+01,7.3088e+01,7.2971e+01,7.3243e+01,7.3273e+01,7.3086e+01,7.3158e+01,7.3340e+01,7.3490e+01,7.3990e+01,7.4038e+01,7.3524e+01,7.3297e+01,7.3026e+01,7.3163e+01,7.3167e+01,7.3573e+01,7.4077e+01,7.3778e+01,7.3586e+01,7.3514e+01,7.4000e+01,7.3757e+01,7.3670e+01,7.3484e+01,7.3837e+01,7.4350e+01,7.5057e+01,7.5713e+01,7.6657e+01,7.7207e+01,7.8288e+01,7.8951e+01,7.9871e+01,8.0077e+01,8.0491e+01,8.1080e+01,8.0897e+01,8.0009e+01,8.1043e+01,8.1108e+01,8.2605e+01,8.2469e+01,8.2310e+01,8.1005e+01,7.9919e+01,7.9181e+01,7.8209e+01,7.7824e+01,7.8559e+01,7.8982e+01,7.8278e+01,7.8833e+01,7.8649e+01,7.9339e+01,7.9200e+01,7.9117e+01,8.0273e+01,8.0735e+01,8.0847e+01,8.1325e+01,8.0600e+01,7.9269e+01,7.8396e+01,7.8094e+01,7.7115e+01,7.6707e+01,7.7023e+01,7.7884e+01,7.7741e+01,7.7414e+01,7.8109e+01,7.8404e+01,7.7872e+01,7.8456e+01,7.7987e+01,7.8373e+01,7.8680e+01,7.9255e+01,8.0450e+01,8.0900e+01,8.2375e+01,8.2416e+01,8.2255e+01,8.1145e+01,8.1501e+01,8.1813e+01,8.3113e+01,8.3417e+01,8.4485e+01,8.5916e+01,8.6840e+01,8.7923e+01,8.6814e+01,8.6649e+01,8.7146e+01,8.5610e+01,8.4246e+01,8.3545e+01,8.2356e+01,8.1652e+01,8.0592e+01,8.0763e+01,7.9474e+01,7.8518e+01,7.7434e+01,7.7216e+01,7.6384e+01,7.6521e+01,7.6749e+01,7.6723e+01,7.7558e+01,7.7485e+01,7.6992e+01,7.7125e+01,7.7136e+01,7.7424e+01,7.7176e+01,7.7054e+01
7.2500e+01,7.2544e+01,7.2509e+01,7.2607e+01,7.2547e+01,7.2468e+01,7.2431e+01,7.2537e+01,7.2649e+01,7.2794e+01,7.2951e+01,7.3327e+01,7.3291e+01,7.3730e+01,7.4063e+01,7.4237e+01,7.3587e+01,7.3552e+01,7.3415e+01,7.3111e+01,7.3113e+01,7.2781e+01,7.2596e+01,7.2528e+01,7.2478e+01,7.2753e+01,7.3042e+01,7.3487e+01,7.3722e+01,7.4323e+01,7.4917e+01,7.5491e+01,7.5524e+01,7.6349e+01,7.6275e+01,7.5531e+01,7.5386e+01,7.6129e+01,7.5972e+01,7.5295e+01,7.6056e+01,7.7063e+01,7.8088e+01,7.9427e+01,7.9492e+01,7.8254e+01,7.7068e+01,7.6253e+01,7.5458e+01,7.5322e+01,7.4778e+01,7.4317e+01,7.3721e+01,7.3216e+01,7.2862e+01,7.2752e+01,7.3031e+01,7.3067e+01,7.2879e+01,7.2948e+01,7.3136e+01,7.3283e+01,7.3789e+01,7.3832e+01,7.3311e+01,7.3085e+01,7.2815e+01,7.2956e+01,7.2956e+01,7.3369e+01,7.3877e+01,7.3571e+01,7.3375e+01,7.3305e+01,7.3798e+01,7.3556e+01,7.3471e+01,7.3283e+01,7.3643e+01,7.4162e+01,7.4875e+01,7.5533e+01,7.6484e+01,7.7035e+01,7.8121e+01,7.8786e+01,7.9710e+01,7.9916e+01,8.0336e+01,8.0933e+01,8.0753e+01,7.9858e+01,8.0893e+01,8.0959e+01,8.2462e+01,8.2321e+01,8.2158e+01,8.0846e+01,7.9755e+01,7.9017e+01,7.8042e+01,7.7658e+01,7.8399e+01,7.8821e+01,7.8112e+01,7.8672e+01,7.8488e+01,7.9186e+01,7.9050e+01,7.8970e+01,8.0134e+01,8.0602e+01,8.0716e+01,8.1200e+01,8.0469e+01,7.9132e+01,7.8250e+01,7.7943e+01,7.6955e+01,7.6540e+01,7.6860e+01,7.7725e+01,7.7575e+01,7.7242e+01,7.7936e+01,7.8229e+01,7.7695e+01,7.8280e+01,7.7806e+01,7.8194e+01,7.8496e+01,7.9074e+01,8.0270e+01,8.0715e+01,8.2192e+01,8.2233e+01,8.2075e+01,8.0963e+01,8.1316e+01,8.1634e+01,8.2940e+01,8.3251e+01,8.4326e+01,8.5760e+01,8.6689e+01,8.7776e+01,8.6668e+01,8.6506e+01,8.7007e+01,8.5465e+01,8.4097e+01,8.3390e+01,8.2196e+01,8.1486e+01,8.0421e+01,8.0589e+01,7.9293e+01,7.8335e+01,7.7246e+01,7.7019e+01,7.6184e+01,7.6323e+01,7.6560e+01,7.6537e+01,7.7375e+01,7.7298e+01,7.6798e+01,7.6931e+01,7.6944e+01,7.7233e+01,7.6980e+01,7.6857e+01
7.2183e+01,7.2231e+01,7.2188e+01,7.2285e+01,7.2230e+01,7.2156e+01,7.2128e+01,7.2238e+01,7.2347e+01,7.2490e+01,7.2648e+01,7.3031e+01,7.2999e+01,7.3441e+01,7.3779e+01,7.3948e+01,7.3291e+01,7.3257e+01,7.3113e+01,7.2802e+01,7.2796e+01,7.2464e+01,7.2280e+01,7.2220e+01,7.2173e+01,7.2448e+01,7.2733e+01,7.3176e+01,7.3408e+01,7.4012e+01,7.4605e+01,7.5175e+01,7.5206e+01,7.6031e+01,7.5951e+01,7.5205e+01,7.5055e+01,7.5792e+01,7.5630e+01,7.4953e+01,7.5709e+01,7.6709e+01,7.7734e+01,7.9071e+01,7.9141e+01,7.7906e+01,7.6721e+01,7.5913e+01,7.5118e+01,7.4979e+01,7.4439e+01,7.3985e+01,7.3393e+01,7.2894e+01,7.2545e+01,7.2441e+01,7.2724e+01,7.2770e+01,7.2585e+01,7.2658e+01,7.2853e+01,7.3000e+01,7.3517e+01,7.3556e+01,7.3028e+01,7.2800e+01,7.2525e+01,7.2668e+01,7.2664e+01,7.3080e+01,7.3594e+01,7.3286e+01,7.3084e+01,7.3009e+01,7.3506e+01,7.3258e+01,7.3175e+01,7.2985e+01,7.3349e+01,7.3865e+01,7.4576e+01,7.5230e+01,7.6180e+01,7.6726e+01,7.7810e+01,7.8472e+01,7.9395e+01,7.9600e+01,8.0029e+01,8.0633e+01,8.0460e+01,7.9561e+01,8.0594e+01,8.0662e+01,8.2168e+01,8.2019e+01,8.1849e+01,8.0533e+01,7.9439e+01,7.8707e+01,7.7734e+01,7.7356e+01,7.8104e+01,7.8524e+01,7.7815e+01,7.8383e+01,7.8205e+01,7.8909e+01,7.8780e+01,7.8700e+01,7.9869e+01,8.0344e+01,8.0455e+01,8.0943e+01,8.0204e+01,7.8863e+01,7.7975e+01,7.7659e+01,7.6666e+01,7.6243e+01,7.6565e+01,7.7428e+01,7.7272e+01,7.6933e+01,7.7620e+01,7.7909e+01,7.7375e+01,7.7957e+01,7.7479e+01,7.7867e+01,7.8162e+01,7.8740e+01,7.9933e+01,8.0372e+01,8.1847e+01,8.1885e+01,8.1731e+01,8.0619e+01,8.0967e+01,8.1288e+01,8.2597e+01,8.2913e+01,8.3993e+01,8.5427e+01,8.6362e+01,8.7450e+01,8.6342e+01,8.6188e+01,8.6690e+01,8.5145e+01,8.3778e+01,8.3065e+01,8.1872e+01,8.1155e+01,8.0093e+01,8.0255e+01,7.8958e+01,7.8003e+01,7.6915e+01,7.6682e+01,7.5853e+01,7.5996e+01,7.6239e+01,7.6225e+01,7.7062e+01,7.6974e+01,7.6465e+01,7.6591e+01,7.6603e+01,7.6892e+01,7.6630e+01,7.6509e+01
7.1965e+01,7.2013e+01,7.1968e+01,7.2064e+01,7.2011e+01,7.1938e+01,7.1914e+01,7.2025e+01,7.2130e+01,7.2272e+01,7.2431e+01,7.2814e+01,7.2781e+01,7.3221e+01,7.3559e+01,7.3725e+01,7.3068e+01,7.3037e+01,7.2891e+01,7.2578e+01,7.2570e+01,7.2240e+01,7.2059e+01,7.2002e+01,7.1959e+01,7.2235e+01,7.2521e+01,7.2964e+01,7.3196e+01,7.3803e+01,7.4398e+01,7.4966e+01,7.4995e+01,7.5821e+01,7.5737e+01,7.4989e+01,7.4835e+01,7.5570e+01,7.5405e+01,7.4726e+01,7.5479e+01,7.6476e+01,7.7501e+01,7.8839e+01,7.8913e+01,7.7681e+01,7.6494e+01,7.5690e+01,7.4894e+01,7.4752e+01,7.4212e+01,7.3764e+01,7.3172e+01,7.2677e+01,7.2329e+01,7.2229e+01,7.2518e+01,7.2570e+01,7.2385e+01,7.2459e+01,7.2658e+01,7.2806e+01,7.3328e+01,7.3363e+01,7.2827e+01,7.2595e+01,7.2320e+01,7.2462e+01,7.2452e+01,7.2869e+01,7.3384e+01,7.3075e+01,7.2868e+01,7.2794e+01,7.3292e+01,7.3045e+01,7.2966e+01,7.2776e+01,7.3144e+01,7.3660e+01,7.4371e+01,7.5023e+01,7.5976e+01,7.6519e+01,7.7604e+01,7.8265e+01,7.9187e+01,7.9392e+01,7.9826e+01,8.0436e+01,8.0268e+01,7.9366e+01,8.0398e+01,8.0467e+01,8.1977e+01,8.1823e+01,8.1648e+01,8.0327e+01,7.9230e+01,7.8501e+01,7.7528e+01,7.7154e+01,7.7905e+01,7.8325e+01,7.7615e+01,7.8188e+01,7.8012e+01,7.8721e+01,7.8594e+01,7.8515e+01,7.9687e+01,8.0167e+01,8.0277e+01,8.0768e+01,8.0024e+01,7.8681e+01,7.7787e+01,7.7467e+01,7.6471e+01,7.6044e+01,7.6370e+01,7.7231e+01,7.7070e+01,7.6728e+01,7.7411e+01,7.7697e+01,7.7161e+01,7.7742e+01,7.7262e+01,7.7651e+01,7.7940e+01,7.8521e+01,7.9711e+01,8.0146e+01,8.1620e+01,8.1656e+01,8.1506e+01,8.0393e+01,8.0736e+01,8.1062e+01,8.2373e+01,8.2695e+01,8.3779e+01,8.5214e+01,8.6155e+01,8.7244e+01,8.6136e+01,8.5986e+01,8.6490e+01,8.4940e+01,8.3573e+01,8.2856e+01,8.1662e+01,8.0941e+01,7.9878e+01,8.0036e+01,7.8736e+01,7.7783e+01,7.6694e+01,7.6456e+01,7.5630e+01,7.5774e+01,7.6023e+01,7.6014e+01,7.6853e+01,7.6758e+01,7.6245e+01,7.6364e+01,7.6373e+01,7.6661e+01,7.6395e+01,7.6274e+01
7.1827e+01,7.1874e+01,7.1823e+01,7.1916e+01,7.1863e+01,7.1789e+01,7.1767e+01,7.1875e+01,7.1979e+01,7.2122e+01,7.2282e+01,7.2664e+01,7.2628e+01,7.3068e+01,7.3405e+01,7.3572e+01,7.2915e+01,7.2882e+01,7.2736e+01,7.2424e+01,7.2417e+01,7.2089e+01,7.1906e+01,7.1849e+01,7.1806e+01,7.2080e+01,7.2364e+01,7.2802e+01,7.3035e+01,7.3639e+01,7.4234e+01,7.4796e+01,7.4822e+01,7.5643e+01,7.5557e+01,7.4812e+01,7.4657e+01,7.5388e+01,7.5223e+01,7.4550e+01,7.5299e+01,7.6289e+01,7.7312e+01,7.8643e+01,7.8718e+01,7.7491e+01,7.6310e+01,7.5512e+01,7.4722e+01,7.4582e+01,7.4051e+01,7.3606e+01,7.3019e+01,7.2526e+01,7.2182e+01,7.2081e+01,7.2372e+01,7.2428e+01,7.2242e+01,7.2321e+01,7.2520e+01,7.2669e+01,7.3194e+01,7.3226e+01,7.2685e+01,7.2449e+01,7.2173e+01,7.2311e+01,7.2298e+01,7.2713e+01,7.3228e+01,7.2920e+01,7.2712e+01,7.2635e+01,7.3132e+01,7.2882e+01,7.2805e+01,7.2618e+01,7.2988e+01,7.3498e+01,7.4206e+01,7.4853e+01,7.5803e+01,7.6342e+01,7.7423e+01,7.8082e+01,7.8999e+01,7.9201e+01,7.9640e+01,8.0256e+01,8.0093e+01,7.9189e+01,8.0216e+01,8.0287e+01,8.1796e+01,8.1635e+01,8.1455e+01,8.0133e+01,7.9037e+01,7.8315e+01,7.7347e+01,7.6977e+01,7.7731e+01,7.8147e+01,7.7440e+01,7.8016e+01,7.7845e+01,7.8559e+01,7.8438e+01,7.8361e+01,7.9536e+01,8.0022e+01,8.0130e+01,8.0626e+01,7.9877e+01,7.8534e+01,7.7634e+01,7.7309e+01,7.6312e+01,7.5881e+01,7.6211e+01,7.7070e+01,7.6906e+01,7.6558e+01,7.7235e+01,7.7515e+01,7.6978e+01,7.7553e+01,7.7072e+01,7.7458e+01,7.7742e+01,7.8321e+01,7.9505e+01,7.9935e+01,8.1403e+01,8.1437e+01,8.1291e+01,8.0182e+01,8.0521e+01,8.0849e+01,8.2159e+01,8.2483e+01,8.3569e+01,8.5000e+01,8.5944e+01,8.7034e+01,8.5929e+01,8.5784e+01,8.6290e+01,8.4741e+01,8.3376e+01,8.2657e+01,8.1465e+01,8.0740e+01,7.9681e+01,7.9835e+01,7.8537e+01,7.7590e+01,7.6505e+01,7.6266e+01,7.5447e+01,7.5595e+01,7.5846e+01,7.5844e+01,7.6681e+01,7.6577e+01,7.6057e+01,7.6169e+01,7.6178e+01,7.6463e+01,7.6191e+01,7.6071e+01
7.1439e+01,7.1491e+01,7.1437e+01,7.1526e+01,7.1473e+01,7.1400e+01,7.1385e+01,7.1494e+01,7.1595e+01,7.1736e+01,7.1896e+01,7.2278e+01,7.2244e+01,7.2683e+01,7.3024e+01,7.3189e+01,7.2529e+01,7.2499e+01,7.2351e+01,7.2036e+01,7.2027e+01,7.1699e+01,7.1516e+01,7.1463e+01,7.1422e+01,7.1697e+01,7.1982e+01,7.2421e+01,7.2653e+01,7.3263e+01,7.3860e+01,7.4420e+01,7.4443e+01,7.5267e+01,7.5175e+01,7.4427e+01,7.4267e+01,7.4995e+01,7.4825e+01,7.4151e+01,7.4895e+01,7.5881e+01,7.6903e+01,7.8233e+01,7.8313e+01,7.7089e+01,7.5907e+01,7.5115e+01,7.4323e+01,7.4180e+01,7.3650e+01,7.3211e+01,7.2627e+01,7.2138e+01,7.1795e+01,7.1699e+01,7.1995e+01,7.2059e+01,7.1873e+01,7.1955e+01,7.2160e+01,7.2309e+01,7.2843e+01,7.2870e+01,7.2319e+01,7.2079e+01,7.1801e+01,7.1940e+01,7.1920e+01,7.2337e+01,7.2856e+01,7.2546e+01,7.2331e+01,7.2254e+01,7.2754e+01,7.2503e+01,7.2429e+01,7.2242e+01,7.2617e+01,7.3127e+01,7.3837e+01,7.4481e+01,7.5435e+01,7.5973e+01,7.7056e+01,7.7713e+01,7.8631e+01,7.8833e+01,7.9281e+01,7.9904e+01,7.9746e+01,7.8836e+01,7.9865e+01,7.9938e+01,8.1453e+01,8.1286e+01,8.1099e+01,7.9771e+01,7.8670e+01,7.7950e+01,7.6981e+01,7.6614e+01,7.7374e+01,7.7791e+01,7.7082e+01,7.7666e+01,7.7498e+01,7.8219e+01,7.8103e+01,7.8027e+01,7.9209e+01,7.9704e+01,7.9812e+01,8.0314e+01,7.9556e+01,7.8208e+01,7.7299e+01,7.6966e+01,7.5961e+01,7.5522e+01,7.5857e+01,7.6717e+01,7.6547e+01,7.6192e+01,7.6865e+01,7.7140e+01,7.6600e+01,7.7174e+01,7.6689e+01,7.7078e+01,7.7356e+01,7.7940e+01,7.9122e+01,7.9548e+01,8.1016e+01,8.1045e+01,8.0902e+01,7.9790e+01,8.0124e+01,8.0457e+01,8.1772e+01,8.2103e+01,8.3195e+01,8.4629e+01,8.5580e+01,8.6672e+01,8.5566e+01,8.5426e+01,8.5934e+01,8.4380e+01,8.3013e+01,8.2288e+01,8.1093e+01,8.0362e+01,7.9302e+01,7.9451e+01,7.8150e+01,7.7203e+01,7.6117e+01,7.5872e+01,7.5056e+01,7.5207e+01,7.5465e+01,7.5470e+01,7.6311e+01,7.6197e+01,7.5668e+01,7.5771e+01,7.5779e+01,7.6060e+01,7.5778e+01,7.5660e+01
7.1097e+01,7.1159e+01,7.1107e+01,7.1192e+01,7.1138e+01,7.1068e+01,7.1052e+01,7.1164e+01,7.1271e+01,7.1416e+01,7.1574e+01,7.1964e+01,7.1932e+01,7.2382e+01,7.2727e+01,7.2899e+01,7.2228e+01,7.2195e+01,7.2045e+01,7.1724e+01,7.1710e+01,7.1374e+01,7.1184e+01,7.1133e+01,7.1087e+01,7.1360e+01,7.1639e+01,7.2074e+01,7.2301e+01,7.2910e+01,7.3505e+01,7.4064e+01,7.4089e+01,7.4914e+01,7.4823e+01,7.4077e+01,7.3913e+01,7.4636e+01,7.4462e+01,7.3787e+01,7.4528e+01,7.5514e+01,7.6533e+01,7.7863e+01,7.7943e+01,7.6719e+01,7.5538e+01,7.4747e+01,7.3957e+01,7.3813e+01,7.3285e+01,7.2848e+01,7.2268e+01,7.1784e+01,7.1447e+01,7.1353e+01,7.1646e+01,7.1715e+01,7.1534e+01,7.1618e+01,7.1828e+01,7.1981e+01,7.2520e+01,7.2551e+01,7.1997e+01,7.1758e+01,7.1473e+01,7.1612e+01,7.1594e+01,7.2012e+01,7.2541e+01,7.2232e+01,7.2019e+01,7.1936e+01,7.2437e+01,7.2176e+01,7.2096e+01,7.1904e+01,7.2277e+01,7.2785e+01,7.3492e+01,7.4135e+01,7.5088e+01,7.5622e+01,7.6703e+01,7.7358e+01,7.8275e+01,7.8478e+01,7.8932e+01,7.9559e+01,7.9407e+01,7.8496e+01,7.9525e+01,7.9603e+01,8.1120e+01,8.0948e+01,8.0753e+01,7.9424e+01,7.8317e+01,7.7603e+01,7.6633e+01,7.6272e+01,7.7037e+01,7.7457e+01,7.6753e+01,7.7345e+01,7.7182e+01,7.7903e+01,7.7788e+01,7.7707e+01,7.8890e+01,7.9387e+01,7.9490e+01,7.9993e+01,7.9228e+01,7.7878e+01,7.6966e+01,7.6628e+01,7.5620e+01,7.5176e+01,7.5513e+01,7.6371e+01,7.6197e+01,7.5839e+01,7.6507e+01,7.6780e+01,7.6241e+01,7.6815e+01,7.6329e+01,7.6722e+01,7.6996e+01,7.7585e+01,7.8764e+01,7.9189e+01,8.0656e+01,8.0680e+01,8.0537e+01,7.9422e+01,7.9751e+01,8.0085e+01,8.1401e+01,8.1734e+01,8.2829e+01,8.4265e+01,8.5219e+01,8.6312e+01,8.5206e+01,8.5069e+01,8.5578e+01,8.4020e+01,8.2654e+01,8.1925e+01,8.0731e+01,7.9997e+01,7.8939e+01,7.9087e+01,7.7785e+01,7.6839e+01,7.5754e+01,7.5507e+01,7.4692e+01,7.4842e+01,7.5104e+01,7.5116e+01,7.5957e+01,7.5838e+01,7.5303e+01,7.5405e+01,7.5415e+01,7.5693e+01,7.5408e+01,7.5288e+01
7.0525e+01,7.0589e+01,7.0543e+01,7.0629e+01,7.0571e+01,7.0491e+01,7.0465e+01,7.0574e+01,7.0692e+01,7.0837e+01,7.0989e+01,7.1378e+01,7.1344e+01,7.1806e+01,7.2158e+01,7.2343e+01,7.1667e+01,7.1634e+01,7.1492e+01,7.1171e+01,7.1165e+01,7.0820e+01,7.0624e+01,7.0561e+01,7.0507e+01,7.0788e+01,7.1075e+01,7.1520e+01,7.1752e+01,7.2366e+01,7.2969e+01,7.3540e+01,7.3569e+01,7.4407e+01,7.4321e+01,7.3567e+01,7.3403e+01,7.4136e+01,7.3960e+01,7.3276e+01,7.4028e+01,7.5026e+01,7.6056e+01,7.7401e+01,7.7481e+01,7.6243e+01,7.5048e+01,7.4246e+01,7.3445e+01,7.3301e+01,7.2766e+01,7.2319e+01,7.1729e+01,7.1232e+01,7.0886e+01,7.0783e+01,7.1076e+01,7.1134e+01,7.0944e+01,7.1024e+01,7.1225e+01,7.1374e+01,7.1906e+01,7.1938e+01,7.1390e+01,7.1153e+01,7.0872e+01,7.1014e+01,7.1005e+01,7.1427e+01,7.1956e+01,7.1644e+01,7.1441e+01,7.1363e+01,7.1870e+01,7.1609e+01,7.1523e+01,7.1332e+01,7.1707e+01,7.2224e+01,7.2945e+01,7.3604e+01,7.4570e+01,7.5114e+01,7.6210e+01,7.6874e+01,7.7804e+01,7.8013e+01,7.8467e+01,7.9094e+01,7.8936e+01,7.8019e+01,7.9063e+01,7.9143e+01,8.0675e+01,8.0507e+01,8.0313e+01,7.8972e+01,7.7852e+01,7.7126e+01,7.6141e+01,7.5771e+01,7.6542e+01,7.6974e+01,7.6260e+01,7.6853e+01,7.6679e+01,7.7402e+01,7.7275e+01,7.7192e+01,7.8385e+01,7.8878e+01,7.8986e+01,7.9488e+01,7.8726e+01,7.7361e+01,7.6447e+01,7.6112e+01,7.5093e+01,7.4649e+01,7.4986e+01,7.5859e+01,7.5689e+01,7.5332e+01,7.6013e+01,7.6293e+01,7.5750e+01,7.6334e+01,7.5846e+01,7.6245e+01,7.6527e+01,7.7125e+01,7.8318e+01,7.8750e+01,8.0232e+01,8.0256e+01,8.0109e+01,7.8982e+01,7.9313e+01,7.9649e+01,8.0977e+01,8.1311e+01,8.2413e+01,8.3862e+01,8.4823e+01,8.5923e+01,8.4804e+01,8.4662e+01,8.5172e+01,8.3603e+01,8.2225e+01,8.1493e+01,8.0289e+01,7.9552e+01,7.8483e+01,7.8636e+01,7.7320e+01,7.6360e+01,7.5264e+01,7.5015e+01,7.4189e+01,7.4338e+01,7.4599e+01,7.4607e+01,7.5457e+01,7.5342e+01,7.4806e+01,7.4914e+01,7.4925e+01,7.5204e+01,7.4920e+01,7.4792e+01
7.0012e+01,7.0073e+01,7.0034e+01,7.0128e+01,7.0065e+01,6.9972e+01,6.9938e+01,7.0046e+01,7.0170e+01,7.0307e+01,7.0451e+01,7.0834e+01,7.0803e+01,7.1273e+01,7.1634e+01,7.1828e+01,7.1152e+01,7.1127e+01,7.0994e+01,7.0671e+01,7.0672e+01,7.0320e+01,7.0124e+01,7.0051e+01,6.9993e+01,7.0286e+01,7.0583e+01,7.1040e+01,7.1276e+01,7.1897e+01,7.2505e+01,7.3088e+01,7.3122e+01,7.3974e+01,7.3890e+01,7.3130e+01,7.2961e+01,7.3700e+01,7.3519e+01,7.2826e+01,7.3581e+01,7.4586e+01,7.5620e+01,7.6974e+01,7.7054e+01,7.5810e+01,7.4608e+01,7.3799e+01,7.2991e+01,7.2843e+01,7.2301e+01,7.1849e+01,7.1251e+01,7.0746e+01,7.0390e+01,7.0282e+01,7.0578e+01,7.0627e+01,7.0427e+01,7.0498e+01,7.0690e+01,7.0831e+01,7.1357e+01,7.1382e+01,7.0839e+01,7.0607e+01,7.0337e+01,7.0485e+01,7.0487e+01,7.0919e+01,7.1449e+01,7.1124e+01,7.0929e+01,7.0863e+01,7.1382e+01,7.1126e+01,7.1034e+01,7.0843e+01,7.1223e+01,7.1752e+01,7.2486e+01,7.3159e+01,7.4137e+01,7.4687e+01,7.5792e+01,7.6457e+01,7.7399e+01,7.7616e+01,7.8075e+01,7.8704e+01,7.8545e+01,7.7626e+01,7.8682e+01,7.8768e+01,8.0312e+01,8.0142e+01,7.9944e+01,7.8595e+01,7.7462e+01,7.6730e+01,7.5732e+01,7.5359e+01,7.6141e+01,7.6583e+01,7.5862e+01,7.6462e+01,7.6282e+01,7.7009e+01,7.6872e+01,7.6783e+01,7.7983e+01,7.8473e+01,7.8579e+01,7.9079e+01,7.8314e+01,7.6936e+01,7.6021e+01,7.5684e+01,7.4652e+01,7.4203e+01,7.4538e+01,7.5419e+01,7.5247e+01,7.4893e+01,7.5581e+01,7.5868e+01,7.5325e+01,7.5919e+01,7.5433e+01,7.5841e+01,7.6127e+01,7.6734e+01,7.7935e+01,7.8371e+01,7.9862e+01,7.9880e+01,7.9730e+01,7.8592e+01,7.8919e+01,7.9255e+01,8.0590e+01,8.0928e+01,8.2035e+01,8.3494e+01,8.4463e+01,8.5563e+01,8.4436e+01,8.4294e+01,8.4800e+01,8.3222e+01,8.1840e+01,8.1102e+01,7.9894e+01,7.9154e+01,7.8081e+01,7.8239e+01,7.6913e+01,7.5942e+01,7.4838e+01,7.4588e+01,7.3751e+01,7.3896e+01,7.4157e+01,7.4159e+01,7.5014e+01,7.4900e+01,7.4365e+01,7.4473e+01,7.4486e+01,7.4766e+01,7.4478e+01,7.4350e+01
6.9504e+01,6.9571e+01,6.9529e+01,6.9630e+01,6.9570e+01,6.9472e+01,6.9436e+01,6.9549e+01,6.9679e+01,6.9813e+01,6.9948e+01,7.0337e+01,7.0313e+01,7.0797e+01,7.1170e+01,7.1373e+01,7.0687e+01,7.0667e+01,7.0535e+01,7.0204e+01,7.0204e+01,6.9842e+01,6.9644e+01,6.9566e+01,6.9503e+01,6.9804e+01,7.0108e+01,7.0573e+01,7.0809e+01,7.1437e+01,7.2050e+01,7.2640e+01,7.2679e+01,7.3542e+01,7.3459e+01,7.2694e+01,7.2518e+01,7.3259e+01,7.3070e+01,7.2368e+01,7.3122e+01,7.4131e+01,7.5167e+01,7.6528e+01,7.6612e+01,7.5364e+01,7.4156e+01,7.3343e+01,7.2527e+01,7.2373e+01,7.1825e+01,7.1374e+01,7.0770e+01,7.0263e+01,6.9902e+01,6.9794e+01,7.0092e+01,7.0138e+01,6.9932e+01,6.9998e+01,7.0186e+01,7.0322e+01,7.0845e+01,7.0868e+01,7.0328e+01,7.0100e+01,6.9835e+01,6.9989e+01,7.0000e+01,7.0440e+01,7.0976e+01,7.0644e+01,7.0454e+01,7.0393e+01,7.0922e+01,7.0663e+01,7.0564e+01,7.0369e+01,7.0752e+01,7.1290e+01,7.2033e+01,7.2717e+01,7.3706e+01,7.4259e+01,7.5372e+01,7.6040e+01,7.6990e+01,7.7211e+01,7.7677e+01,7.8311e+01,7.8155e+01,7.7229e+01,7.8294e+01,7.8385e+01,7.9940e+01,7.9767e+01,7.9562e+01,7.8203e+01,7.7059e+01,7.6324e+01,7.5316e+01,7.4944e+01,7.5735e+01,7.6185e+01,7.5460e+01,7.6068e+01,7.5885e+01,7.6618e+01,7.6476e+01,7.6384e+01,7.7596e+01,7.8087e+01,7.8195e+01,7.8697e+01,7.7927e+01,7.6535e+01,7.5613e+01,7.5271e+01,7.4224e+01,7.3767e+01,7.4105e+01,7.4995e+01,7.4819e+01,7.4462e+01,7.5153e+01,7.5443e+01,7.4898e+01,7.5498e+01,7.5009e+01,7.5424e+01,7.5709e+01,7.6324e+01,7.7529e+01,7.7963e+01,7.9460e+01,7.9477e+01,7.9328e+01,7.8182e+01,7.8506e+01,7.8844e+01,8.0187e+01,8.0531e+01,8.1644e+01,8.3111e+01,8.4088e+01,8.5193e+01,8.4059e+01,8.3919e+01,8.4425e+01,8.2838e+01,8.1451e+01,8.0706e+01,7.9494e+01,7.8747e+01,7.7671e+01,7.7827e+01,7.6492e+01,7.5514e+01,7.4403e+01,7.4149e+01,7.3307e+01,7.3451e+01,7.3715e+01,7.3721e+01,7.4580e+01,7.4457e+01,7.3913e+01,7.4016e+01,7.4032e+01,7.4307e+01,7.4012e+01,7.3884e+01
6.8607e+01,6.8673e+01,6.8638e+01,6.8746e+01,6.8682e+01,6.8573e+01,6.8530e+01,6.8649e+01,6.8789e+01,6.8916e+01,6.9040e+01,6.9434e+01,6.9418e+01,6.9922e+01,7.0312e+01,7.0526e+01,6.9826e+01,6.9813e+01,6.9683e+01,6.9341e+01,6.9343e+01,6.8968e+01,6.8768e+01,6.8683e+01,6.8614e+01,6.8929e+01,6.9242e+01,6.9722e+01,6.9961e+01,7.0602e+01,7.1224e+01,7.1830e+01,7.1873e+01,7.2754e+01,7.2671e+01,7.1893e+01,7.1709e+01,7.2458e+01,7.2259e+01,7.1541e+01,7.2302e+01,7.3322e+01,7.4371e+01,7.5752e+01,7.5842e+01,7.4579e+01,7.3352e+01,7.2531e+01,7.1698e+01,7.1536e+01,7.0977e+01,7.0523e+01,6.9908e+01,6.9392e+01,6.9021e+01,6.8910e+01,6.9213e+01,6.9253e+01,6.9039e+01,6.9097e+01,6.9280e+01,6.9408e+01,6.9928e+01,6.9947e+01,6.9411e+01,6.9190e+01,6.8930e+01,6.9095e+01,6.9118e+01,6.9572e+01,7.0118e+01,6.9773e+01,6.9588e+01,6.9535e+01,7.0081e+01,6.9819e+01,6.9711e+01,6.9512e+01,6.9901e+01,7.0453e+01,7.1214e+01,7.1915e+01,7.2922e+01,7.3486e+01,7.4617e+01,7.5294e+01,7.6260e+01,7.6488e+01,7.6960e+01,7.7599e+01,7.7438e+01,7.6504e+01,7.7588e+01,7.7682e+01,7.9257e+01,7.9085e+01,7.8876e+01,7.7501e+01,7.6337e+01,7.5591e+01,7.4565e+01,7.4186e+01,7.4992e+01,7.5456e+01,7.4721e+01,7.5337e+01,7.5145e+01,7.5885e+01,7.5731e+01,7.5634e+01,7.6860e+01,7.7349e+01,7.7460e+01,7.7965e+01,7.7190e+01,7.5777e+01,7.4848e+01,7.4505e+01,7.3439e+01,7.2976e+01,7.3317e+01,7.4225e+01,7.4048e+01,7.3687e+01,7.4389e+01,7.4686e+01,7.4134e+01,7.4746e+01,7.4251e+01,7.4676e+01,7.4964e+01,7.5592e+01,7.6813e+01,7.7250e+01,7.8766e+01,7.8781e+01,7.8633e+01,7.7470e+01,7.7793e+01,7.8137e+01,7.9499e+01,7.9848e+01,8.0973e+01,8.2459e+01,8.3446e+01,8.4559e+01,8.3410e+01,8.3268e+01,8.3774e+01,8.2171e+01,8.0771e+01,8.0019e+01,7.8794e+01,7.8038e+01,7.6949e+01,7.7109e+01,7.5752e+01,7.4759e+01,7.3631e+01,7.3367e+01,7.2511e+01,7.2655e+01,7.2928e+01,7.2934e+01,7.3810e+01,7.3683e+01,7.3124e+01,7.3226e+01,7.3238e+01,7.3510e+01,7.3204e+01,7.3068e+01
6.7938e+01,6.8005e+01,6.7979e+01,6.8093e+01,6.8020e+01,6.7898e+01,6.7844e+01,6.7966e+01,6.8117e+01,6.8241e+01,6.8353e+01,6.8749e+01,6.8737e+01,6.9259e+01,6.9660e+01,6.9889e+01,6.9180e+01,6.9170e+01,6.9048e+01,6.8701e+01,6.8709e+01,6.8321e+01,6.8116e+01,6.8020e+01,6.7942e+01,6.8268e+01,6.8588e+01,6.9078e+01,6.9319e+01,6.9965e+01,7.0594e+01,7.1213e+01,7.1263e+01,7.2159e+01,7.2081e+01,7.1295e+01,7.1107e+01,7.1865e+01,7.1659e+01,7.0931e+01,7.1698e+01,7.2731e+01,7.3786e+01,7.5182e+01,7.5271e+01,7.3995e+01,7.2757e+01,7.1924e+01,7.1082e+01,7.0917e+01,7.0350e+01,6.9889e+01,6.9267e+01,6.8742e+01,6.8363e+01,6.8246e+01,6.8549e+01,6.8580e+01,6.8358e+01,6.8410e+01,6.8585e+01,6.8708e+01,6.9220e+01,6.9238e+01,6.8708e+01,6.8492e+01,6.8238e+01,6.8409e+01,6.8444e+01,6.8907e+01,6.9460e+01,6.9107e+01,6.8931e+01,6.8885e+01,6.9442e+01,6.9178e+01,6.9061e+01,6.8863e+01,6.9253e+01,6.9815e+01,7.0589e+01,7.1306e+01,7.2324e+01,7.2896e+01,7.4039e+01,7.4722e+01,7.5699e+01,7.5936e+01,7.6409e+01,7.7047e+01,7.6882e+01,7.5947e+01,7.7047e+01,7.7145e+01,7.8734e+01,7.8565e+01,7.8354e+01,7.6969e+01,7.5790e+01,7.5036e+01,7.3994e+01,7.3612e+01,7.4427e+01,7.4906e+01,7.4165e+01,7.4788e+01,7.4586e+01,7.5328e+01,7.5159e+01,7.5053e+01,7.6286e+01,7.6768e+01,7.6880e+01,7.7379e+01,7.6604e+01,7.5176e+01,7.4247e+01,7.3906e+01,7.2827e+01,7.2362e+01,7.2701e+01,7.3622e+01,7.3447e+01,7.3089e+01,7.3800e+01,7.4105e+01,7.3552e+01,7.4177e+01,7.3680e+01,7.4116e+01,7.4408e+01,7.5047e+01,7.6281e+01,7.6723e+01,7.8254e+01,7.8267e+01,7.8115e+01,7.6937e+01,7.7260e+01,7.7606e+01,7.8980e+01,7.9330e+01,8.0461e+01,8.1961e+01,8.2954e+01,8.4071e+01,8.2909e+01,8.2761e+01,8.3264e+01,8.1650e+01,8.0242e+01,7.9487e+01,7.8256e+01,7.7496e+01,7.6400e+01,7.6568e+01,7.5197e+01,7.4189e+01,7.3049e+01,7.2784e+01,7.1917e+01,7.2058e+01,7.2333e+01,7.2335e+01,7.3217e+01,7.3084e+01,7.2509e+01,7.2612e+01,7.2626e+01,7.2896e+01,7.2579e+01,7.2438e+01
6.7405e+01,6.7477e+01,6.7462e+01,6.7583e+01,6.7501e+01,6.7369e+01,6.7301e+01,6.7428e+01,6.7596e+01,6.7720e+01,6.7821e+01,6.8221e+01,6.8214e+01,6.8755e+01,6.9170e+01,6.9414e+01,6.8694e+01,6.8684e+01,6.8566e+01,6.8213e+01,6.8224e+01,6.7821e+01,6.7607e+01,6.7502e+01,6.7408e+01,6.7741e+01,6.8061e+01,6.8556e+01,6.8793e+01,6.9438e+01,7.0065e+01,7.0695e+01,7.0755e+01,7.1662e+01,7.1592e+01,7.0807e+01,7.0616e+01,7.1376e+01,7.1166e+01,7.0433e+01,7.1203e+01,7.2244e+01,7.3299e+01,7.4702e+01,7.4788e+01,7.3505e+01,7.2262e+01,7.1421e+01,7.0575e+01,7.0411e+01,6.9842e+01,6.9373e+01,6.8749e+01,6.8216e+01,6.7835e+01,6.7709e+01,6.8005e+01,6.8028e+01,6.7802e+01,6.7851e+01,6.8018e+01,6.8140e+01,6.8644e+01,6.8667e+01,6.8148e+01,6.7940e+01,6.7687e+01,6.7866e+01,6.7918e+01,6.8387e+01,6.8952e+01,6.8593e+01,6.8427e+01,6.8383e+01,6.8948e+01,6.8674e+01,6.8544e+01,6.8339e+01,6.8721e+01,6.9288e+01,7.0065e+01,7.0794e+01,7.1817e+01,7.2391e+01,7.3540e+01,7.4223e+01,7.5209e+01,7.5455e+01,7.5929e+01,7.6564e+01,7.6399e+01,7.5466e+01,7.6577e+01,7.6684e+01,7.8279e+01,7.8112e+01,7.7897e+01,7.6509e+01,7.5318e+01,7.4560e+01,7.3508e+01,7.3126e+01,7.3949e+01,7.4442e+01,7.3704e+01,7.4332e+01,7.4128e+01,7.4864e+01,7.4682e+01,7.4564e+01,7.5798e+01,7.6272e+01,7.6380e+01,7.6874e+01,7.6098e+01,7.4659e+01,7.3733e+01,7.3392e+01,7.2303e+01,7.1837e+01,7.2170e+01,7.3099e+01,7.2924e+01,7.2573e+01,7.3288e+01,7.3600e+01,7.3051e+01,7.3685e+01,7.3193e+01,7.3639e+01,7.3936e+01,7.4584e+01,7.5825e+01,7.6273e+01,7.7813e+01,7.7819e+01,7.7662e+01,7.6472e+01,7.6790e+01,7.7133e+01,7.8511e+01,7.8864e+01,7.9997e+01,8.1506e+01,8.2504e+01,8.3621e+01,8.2448e+01,8.2299e+01,8.2797e+01,8.1176e+01,7.9765e+01,7.9007e+01,7.7775e+01,7.7016e+01,7.5919e+01,7.6095e+01,7.4716e+01,7.3697e+01,7.2554e+01,7.2291e+01,7.1418e+01,7.1554e+01,7.1826e+01,7.1823e+01,7.2707e+01,7.2566e+01,7.1977e+01,7.2078e+01,7.2094e+01,7.2362e+01,7.2037e+01,7.1895e+01
6.6804e+01,6.6876e+01,6.6866e+01,6.6987e+01,6.6898e+01,6.6756e+01,6.6681e+01,6.6812e+01,6.6990e+01,6.7113e+01,6.7207e+01,6.7613e+01,6.7611e+01,6.8169e+01,6.8595e+01,6.8850e+01,6.8117e+01,6.8109e+01,6.7991e+01,6.7633e+01,6.7646e+01,6.7233e+01,6.7013e+01,6.6900e+01,6.6799e+01,6.7139e+01,6.7463e+01,6.7967e+01,6.8205e+01,6.8857e+01,6.9492e+01,7.0132e+01,7.0196e+01,7.1117e+01,7.1049e+01,7.0256e+01,7.0062e+01,7.0831e+01,7.0616e+01,6.9873e+01,7.0651e+01,7.1704e+01,7.2767e+01,7.4186e+01,7.4272e+01,7.2976e+01,7.1719e+01,7.0868e+01,7.0012e+01,6.9845e+01,6.9270e+01,6.8793e+01,6.8163e+01,6.7622e+01,6.7235e+01,6.7103e+01,6.7400e+01,6.7416e+01,6.7184e+01,6.7230e+01,6.7391e+01,6.7511e+01,6.8012e+01,6.8036e+01,6.7522e+01,6.7318e+01,6.7066e+01,6.7251e+01,6.7314e+01,6.7793e+01,6.8369e+01,6.8002e+01,6.7840e+01,6.7799e+01,6.8375e+01,6.8095e+01,6.7954e+01,6.7746e+01,6.8129e+01,6.8704e+01,6.9494e+01,7.0237e+01,7.1271e+01,7.1855e+01,7.3017e+01,7.3707e+01,7.4704e+01,7.4957e+01,7.5434e+01,7.6070e+01,7.5902e+01,7.4964e+01,7.6090e+01,7.6201e+01,7.7809e+01,7.7644e+01,7.7427e+01,7.6029e+01,7.4823e+01,7.4057e+01,7.2990e+01,7.2603e+01,7.3438e+01,7.3944e+01,7.3199e+01,7.3837e+01,7.3629e+01,7.4369e+01,7.4178e+01,7.4051e+01,7.5295e+01,7.5764e+01,7.5871e+01,7.6362e+01,7.5583e+01,7.4128e+01,7.3199e+01,7.2856e+01,7.1753e+01,7.1283e+01,7.1616e+01,7.2559e+01,7.2385e+01,7.2033e+01,7.2758e+01,7.3077e+01,7.2524e+01,7.3168e+01,7.2674e+01,7.3127e+01,7.3429e+01,7.4086e+01,7.5339e+01,7.5791e+01,7.7346e+01,7.7350e+01,7.7192e+01,7.5991e+01,7.6311e+01,7.6656e+01,7.8047e+01,7.8400e+01,7.9540e+01,8.1062e+01,8.2066e+01,8.3189e+01,8.2006e+01,8.1851e+01,8.2349e+01,8.0717e+01,7.9296e+01,7.8536e+01,7.7294e+01,7.6531e+01,7.5425e+01,7.5605e+01,7.4213e+01,7.3180e+01,7.2025e+01,7.1761e+01,7.0876e+01,7.1011e+01,7.1284e+01,7.1278e+01,7.2168e+01,7.2025e+01,7.1425e+01,7.1530e+01,7.1545e+01,7.1807e+01,7.1474e+01,7.1325e+01
6.6365e+01,6.6438e+01,6.6444e+01,6.6570e+01,6.6469e+01,6.6319e+01,6.6229e+01,6.6360e+01,6.6554e+01,6.6682e+01,6.6773e+01,6.7181e+01,6.7177e+01,6.7749e+01,6.8181e+01,6.8449e+01,6.7709e+01,6.7698e+01,6.7585e+01,6.7225e+01,6.7244e+01,6.6821e+01,6.6589e+01,6.6465e+01,6.6350e+01,6.6693e+01,6.7017e+01,6.7525e+01,6.7761e+01,6.8412e+01,6.9046e+01,6.9698e+01,6.9770e+01,7.0700e+01,7.0638e+01,6.9845e+01,6.9651e+01,7.0424e+01,7.0210e+01,6.9464e+01,7.0249e+01,7.1312e+01,7.2376e+01,7.3800e+01,7.3881e+01,7.2576e+01,7.1316e+01,7.0455e+01,6.9597e+01,6.9435e+01,6.8858e+01,6.8369e+01,6.7735e+01,6.7185e+01,6.6795e+01,6.6651e+01,6.6939e+01,6.6943e+01,6.6709e+01,6.6755e+01,6.6906e+01,6.7030e+01,6.7522e+01,6.7558e+01,6.7053e+01,6.6853e+01,6.6599e+01,6.6790e+01,6.6869e+01,6.7354e+01,6.7941e+01,6.7569e+01,6.7416e+01,6.7376e+01,6.7957e+01,6.7671e+01,6.7515e+01,6.7302e+01,6.7676e+01,6.8257e+01,6.9053e+01,6.9809e+01,7.0849e+01,7.1435e+01,7.2602e+01,7.3292e+01,7.4297e+01,7.4556e+01,7.5034e+01,7.5666e+01,7.5498e+01,7.4564e+01,7.5699e+01,7.5815e+01,7.7429e+01,7.7265e+01,7.7045e+01,7.5644e+01,7.4429e+01,7.3660e+01,7.2585e+01,7.2199e+01,7.3040e+01,7.3558e+01,7.2815e+01,7.3458e+01,7.3248e+01,7.3986e+01,7.3786e+01,7.3648e+01,7.4892e+01,7.5352e+01,7.5454e+01,7.5936e+01,7.5156e+01,7.3692e+01,7.2770e+01,7.2424e+01,7.1316e+01,7.0844e+01,7.1169e+01,7.2116e+01,7.1944e+01,7.1601e+01,7.2332e+01,7.2659e+01,7.2109e+01,7.2763e+01,7.2272e+01,7.2733e+01,7.3040e+01,7.3703e+01,7.4963e+01,7.5422e+01,7.6986e+01,7.6988e+01,7.6824e+01,7.5615e+01,7.5935e+01,7.6276e+01,7.7670e+01,7.8021e+01,7.9160e+01,8.0689e+01,8.1695e+01,8.2818e+01,8.1626e+01,8.1468e+01,8.1961e+01,8.0324e+01,7.8901e+01,7.8143e+01,7.6900e+01,7.6140e+01,7.5030e+01,7.5217e+01,7.3819e+01,7.2776e+01,7.1620e+01,7.1360e+01,7.0468e+01,7.0599e+01,7.0867e+01,7.0853e+01,7.1744e+01,7.1596e+01,7.0989e+01,7.1095e+01,7.1110e+01,7.1367e+01,7.1030e+01,7.0878e+01
6.6172e+01,6.6249e+01,6.6266e+01,6.6381e+01,6.6267e+01,6.6118e+01,6.6015e+01,6.6135e+01,6.6342e+01,6.6483e+01,6.6582e+01,6.6985e+01,6.6969e+01,6.7546e+01,6.7971e+01,6.8250e+01,6.7510e+01,6.7486e+01,6.7377e+01,6.7027e+01,6.7053e+01,6.6627e+01,6.6377e+01,6.6245e+01,6.6116e+01,6.6448e+01,6.6762e+01,6.7260e+01,6.7493e+01,6.8130e+01,6.8758e+01,6.9410e+01,6.9486e+01,7.0414e+01,7.0362e+01,6.9578e+01,6.9391e+01,7.0164e+01,6.9956e+01,6.9222e+01,7.0012e+01,7.1078e+01,7.2135e+01,7.3554e+01,7.3622e+01,7.2316e+01,7.1064e+01,7.0198e+01,6.9351e+01,6.9205e+01,6.8638e+01,6.8137e+01,6.7514e+01,6.6957e+01,6.6576e+01,6.6416e+01,6.6689e+01,6.6689e+01,6.6458e+01,6.6517e+01,6.6660e+01,6.6799e+01,6.7284e+01,6.7333e+01,6.6831e+01,6.6623e+01,6.6360e+01,6.6542e+01,6.6625e+01,6.7100e+01,6.7692e+01,6.7330e+01,6.7186e+01,6.7138e+01,6.7711e+01,6.7415e+01,6.7247e+01,6.7036e+01,6.7396e+01,6.7966e+01,6.8757e+01,6.9514e+01,7.0548e+01,7.1133e+01,7.2296e+01,7.2984e+01,7.3987e+01,7.4251e+01,7.4726e+01,7.5353e+01,7.5186e+01,7.4257e+01,7.5395e+01,7.5515e+01,7.7128e+01,7.6965e+01,7.6744e+01,7.5348e+01,7.4131e+01,7.3363e+01,7.2286e+01,7.1904e+01,7.2746e+01,7.3272e+01,7.2535e+01,7.3181e+01,7.2974e+01,7.3706e+01,7.3501e+01,7.3354e+01,7.4594e+01,7.5049e+01,7.5145e+01,7.5622e+01,7.4841e+01,7.3375e+01,7.2456e+01,7.2109e+01,7.1001e+01,7.0532e+01,7.0852e+01,7.1799e+01,7.1630e+01,7.1293e+01,7.2024e+01,7.2354e+01,7.1809e+01,7.2465e+01,7.1981e+01,7.2445e+01,7.2755e+01,7.3420e+01,7.4681e+01,7.5146e+01,7.6710e+01,7.6709e+01,7.6538e+01,7.5327e+01,7.5646e+01,7.5981e+01,7.7370e+01,7.7715e+01,7.8849e+01,8.0377e+01,8.1382e+01,8.2502e+01,8.1307e+01,8.1147e+01,8.1636e+01,8.0001e+01,7.8582e+01,7.7829e+01,7.6588e+01,7.5835e+01,7.4729e+01,7.4921e+01,7.3527e+01,7.2483e+01,7.1334e+01,7.1084e+01,7.0195e+01,7.0328e+01,7.0587e+01,7.0570e+01,7.1456e+01,7.1302e+01,7.0696e+01,7.0801e+01,7.0819e+01,7.1069e+01,7.0729e+01,7.0574e+01
6.6036e+01,6.6113e+01,6.6142e+01,6.6252e+01,6.6125e+01,6.5975e+01,6.5861e+01,6.5974e+01,6.6191e+01,6.6345e+01,6.6451e+01,6.6853e+01,6.6826e+01,6.7406e+01,6.7826e+01,6.8113e+01,6.7370e+01,6.7335e+01,6.7227e+01,6.6884e+01,6.6915e+01,6.6487e+01,6.6223e+01,6.6086e+01,6.5946e+01,6.6268e+01,6.6572e+01,6.7061e+01,6.7290e+01,6.7914e+01,6.8535e+01,6.9188e+01,6.9269e+01,7.0195e+01,7.0152e+01,6.9378e+01,6.9199e+01,6.9975e+01,6.9777e+01,6.9052e+01,6.9852e+01,7.0926e+01,7.1980e+01,7.3396e+01,7.3452e+01,7.2140e+01,7.0893e+01,7.0018e+01,6.9181e+01,6.9049e+01,6.8490e+01,6.7975e+01,6.7356e+01,6.6791e+01,6.6415e+01,6.6240e+01,6.6501e+01,6.6493e+01,6.6267e+01,6.6335e+01,6.6473e+01,6.6625e+01,6.7103e+01,6.7170e+01,6.6672e+01,6.6459e+01,6.6187e+01,6.6364e+01,6.6453e+01,6.6921e+01,6.7520e+01,6.7166e+01,6.7027e+01,6.6970e+01,6.7536e+01,6.7231e+01,6.7056e+01,6.6843e+01,6.7189e+01,6.7749e+01,6.8530e+01,6.9289e+01,7.0314e+01,7.0900e+01,7.2059e+01,7.2747e+01,7.3750e+01,7.4018e+01,7.4486e+01,7.5105e+01,7.4935e+01,7.4014e+01,7.5157e+01,7.5282e+01,7.6893e+01,7.6735e+01,7.6515e+01,7.5123e+01,7.3903e+01,7.3135e+01,7.2056e+01,7.1676e+01,7.2518e+01,7.3055e+01,7.2326e+01,7.2975e+01,7.2768e+01,7.3490e+01,7.3276e+01,7.3114e+01,7.4346e+01,7.4788e+01,7.4878e+01,7.5343e+01,7.4564e+01,7.3097e+01,7.2191e+01,7.1847e+01,7.0744e+01,7.0282e+01,7.0593e+01,7.1540e+01,7.1380e+01,7.1054e+01,7.1789e+01,7.2124e+01,7.1583e+01,7.2242e+01,7.1765e+01,7.2231e+01,7.2548e+01,7.3212e+01,7.4476e+01,7.4950e+01,7.6517e+01,7.6514e+01,7.6336e+01,7.5124e+01,7.5446e+01,7.5772e+01,7.7155e+01,7.7493e+01,7.8618e+01,8.0147e+01,8.1148e+01,8.2264e+01,8.1065e+01,8.0901e+01,8.1385e+01,7.9752e+01,7.8336e+01,7.7591e+01,7.6354e+01,7.5610e+01,7.4506e+01,7.4706e+01,7.3317e+01,7.2269e+01,7.1127e+01,7.0890e+01,7.0000e+01,7.0133e+01,7.0380e+01,7.0357e+01,7.1239e+01,7.1082e+01,7.0474e+01,7.0578e+01,7.0590e+01,7.0836e+01,7.0503e+01,7.0345e+01
6.5908e+01,6.5980e+01,6.6020e+01,6.6130e+01,6.5990e+01,6.5829e+01,6.5701e+01,6.5809e+01,6.6036e+01,6.6191e+01,6.6292e+01,6.6687e+01,6.6656e+01,6.7241e+01,6.7661e+01,6.7956e+01,6.7219e+01,6.7186e+01,6.7086e+01,6.6748e+01,6.6789e+01,6.6359e+01,6.6089e+01,6.5938e+01,6.5789e+01,6.6113e+01,6.6420e+01,6.6912e+01,6.7142e+01,6.7760e+01,6.8380e+01,6.9040e+01,6.9126e+01,7.0055e+01,7.0019e+01,6.9247e+01,6.9074e+01,6.9856e+01,6.9666e+01,6.8944e+01,6.9754e+01,7.0839e+01,7.1895e+01,7.3313e+01,7.3358e+01,7.2038e+01,7.0790e+01,6.9905e+01,6.9070e+01,6.8948e+01,6.8388e+01,6.7858e+01,6.7236e+01,6.6659e+01,6.6277e+01,6.6089e+01,6.6339e+01,6.6316e+01,6.6085e+01,6.6150e+01,6.6272e+01,6.6423e+01,6.6882e+01,6.6957e+01,6.6477e+01,6.6270e+01,6.6004e+01,6.6184e+01,6.6286e+01,6.6755e+01,6.7350e+01,6.6993e+01,6.6867e+01,6.6817e+01,6.7384e+01,6.7084e+01,6.6903e+01,6.6694e+01,6.7033e+01,6.7598e+01,6.8381e+01,6.9147e+01,7.0171e+01,7.0758e+01,7.1918e+01,7.2606e+01,7.3612e+01,7.3887e+01,7.4349e+01,7.4960e+01,7.4788e+01,7.3873e+01,7.5021e+01,7.5148e+01,7.6759e+01,7.6608e+01,7.6390e+01,7.5000e+01,7.3778e+01,7.3006e+01,7.1923e+01,7.1541e+01,7.2382e+01,7.2924e+01,7.2196e+01,7.2842e+01,7.2631e+01,7.3348e+01,7.3127e+01,7.2962e+01,7.4186e+01,7.4618e+01,7.4705e+01,7.5160e+01,7.4388e+01,7.2923e+01,7.2028e+01,7.1686e+01,7.0585e+01,7.0125e+01,7.0425e+01,7.1372e+01,7.1216e+01,7.0901e+01,7.1642e+01,7.1985e+01,7.1449e+01,7.2114e+01,7.1643e+01,7.2112e+01,7.2437e+01,7.3104e+01,7.4372e+01,7.4855e+01,7.6428e+01,7.6425e+01,7.6239e+01,7.5023e+01,7.5348e+01,7.5667e+01,7.7049e+01,7.7381e+01,7.8501e+01,8.0034e+01,8.1033e+01,8.2146e+01,8.0941e+01,8.0771e+01,8.1248e+01,7.9616e+01,7.8201e+01,7.7461e+01,7.6226e+01,7.5488e+01,7.4385e+01,7.4591e+01,7.3202e+01,7.2148e+01,7.1008e+01,7.0781e+01,6.9888e+01,7.0018e+01,7.0255e+01,7.0222e+01,7.1101e+01,7.0940e+01,7.0329e+01,7.0436e+01,7.0446e+01,7.0685e+01,7.0353e+01,7.0191e+01
6.5878e+01,6.5955e+01,6.6003e+01,6.6102e+01,6.5951e+01,6.5792e+01,6.5656e+01,6.5756e+01,6.5991e+01,6.6157e+01,6.6265e+01,6.6659e+01,6.6618e+01,6.7203e+01,6.7616e+01,6.7917e+01,6.7181e+01,6.7137e+01,6.7039e+01,6.6709e+01,6.6756e+01,6.6326e+01,6.6043e+01,6.5886e+01,6.5726e+01,6.6040e+01,6.6337e+01,6.6820e+01,6.7044e+01,6.7649e+01,6.8259e+01,6.8921e+01,6.9016e+01,6.9944e+01,6.9921e+01,6.9159e+01,6.8993e+01,6.9778e+01,6.9595e+01,6.8883e+01,6.9702e+01,7.0795e+01,7.1846e+01,7.3261e+01,7.3288e+01,7.1963e+01,7.0723e+01,6.9826e+01,6.9002e+01,6.8896e+01,6.8343e+01,6.7796e+01,6.7181e+01,6.6596e+01,6.6222e+01,6.6019e+01,6.6253e+01,6.6223e+01,6.6000e+01,6.6073e+01,6.6191e+01,6.6355e+01,6.6807e+01,6.6899e+01,6.6424e+01,6.6212e+01,6.5939e+01,6.6112e+01,6.6218e+01,6.6677e+01,6.7272e+01,6.6925e+01,6.6806e+01,6.6750e+01,6.7308e+01,6.7003e+01,6.6815e+01,6.6605e+01,6.6930e+01,6.7487e+01,6.8261e+01,6.9028e+01,7.0045e+01,7.0631e+01,7.1787e+01,7.2472e+01,7.3482e+01,7.3764e+01,7.4220e+01,7.4820e+01,7.4646e+01,7.3739e+01,7.4894e+01,7.5024e+01,7.6635e+01,7.6490e+01,7.6275e+01,7.4890e+01,7.3664e+01,7.2888e+01,7.1801e+01,7.1421e+01,7.2261e+01,7.2812e+01,7.2091e+01,7.2736e+01,7.2524e+01,7.3233e+01,7.3005e+01,7.2830e+01,7.4044e+01,7.4464e+01,7.4544e+01,7.4986e+01,7.4218e+01,7.2754e+01,7.1874e+01,7.1533e+01,7.0437e+01,6.9980e+01,7.0268e+01,7.1211e+01,7.1061e+01,7.0759e+01,7.1504e+01,7.1856e+01,7.1328e+01,7.1999e+01,7.1539e+01,7.2014e+01,7.2348e+01,7.3019e+01,7.4291e+01,7.4786e+01,7.6362e+01,7.6355e+01,7.6158e+01,7.4937e+01,7.5263e+01,7.5571e+01,7.6948e+01,7.7274e+01,7.8386e+01,7.9924e+01,8.0919e+01,8.2029e+01,8.0817e+01,8.0640e+01,8.1112e+01,7.9480e+01,7.8065e+01,7.7332e+01,7.6099e+01,7.5371e+01,7.4271e+01,7.4486e+01,7.3101e+01,7.2042e+01,7.0909e+01,7.0694e+01,6.9799e+01,6.9923e+01,7.0146e+01,7.0103e+01,7.0975e+01,7.0816e+01,7.0210e+01,7.0319e+01,7.0327e+01,7.0566e+01,7.0245e+01,7.0088e+01
6.5620e+01,6.5701e+01,6.5749e+01,6.5850e+01,6.5698e+01,6.5537e+01,6.5401e+01,6.5502e+01,6.5738e+01,6.5904e+01,6.6013e+01,6.6410e+01,6.6368e+01,6.6956e+01,6.7369e+01,6.7669e+01,6.6932e+01,6.6888e+01,6.6788e+01,6.6456e+01,6.6503e+01,6.6076e+01,6.5793e+01,6.5634e+01,6.5474e+01,6.5792e+01,6.6091e+01,6.6580e+01,6.6805e+01,6.7413e+01,6.8024e+01,6.8693e+01,6.8789e+01,6.9722e+01,6.9699e+01,6.8934e+01,6.8770e+01,6.9562e+01,6.9381e+01,6.8664e+01,6.9493e+01,7.0598e+01,7.1657e+01,7.3082e+01,7.3105e+01,7.1768e+01,7.0520e+01,6.9613e+01,6.8783e+01,6.8677e+01,6.8117e+01,6.7562e+01,6.6941e+01,6.6350e+01,6.5971e+01,6.5766e+01,6.5996e+01,6.5959e+01,6.5736e+01,6.5807e+01,6.5920e+01,6.6084e+01,6.6528e+01,6.6626e+01,6.6160e+01,6.5950e+01,6.5678e+01,6.5856e+01,6.5965e+01,6.6427e+01,6.7021e+01,6.6672e+01,6.6555e+01,6.6501e+01,6.7061e+01,6.6758e+01,6.6572e+01,6.6364e+01,6.6691e+01,6.7252e+01,6.8031e+01,6.8803e+01,6.9823e+01,7.0414e+01,7.1573e+01,7.2262e+01,7.3276e+01,7.3561e+01,7.4010e+01,7.4605e+01,7.4425e+01,7.3521e+01,7.4681e+01,7.4809e+01,7.6421e+01,7.6284e+01,7.6074e+01,7.4689e+01,7.3461e+01,7.2679e+01,7.1588e+01,7.1203e+01,7.2042e+01,7.2596e+01,7.1873e+01,7.2514e+01,7.2298e+01,7.3005e+01,7.2772e+01,7.2597e+01,7.3805e+01,7.4218e+01,7.4300e+01,7.4735e+01,7.3975e+01,7.2514e+01,7.1642e+01,7.1305e+01,7.0210e+01,6.9754e+01,7.0037e+01,7.0982e+01,7.0833e+01,7.0537e+01,7.1288e+01,7.1647e+01,7.1119e+01,7.1795e+01,7.1335e+01,7.1811e+01,7.2153e+01,7.2825e+01,7.4104e+01,7.4604e+01,7.6189e+01,7.6184e+01,7.5983e+01,7.4759e+01,7.5089e+01,7.5394e+01,7.6773e+01,7.7092e+01,7.8200e+01,7.9742e+01,8.0733e+01,8.1843e+01,8.0628e+01,8.0443e+01,8.0912e+01,7.9282e+01,7.7865e+01,7.7138e+01,7.5904e+01,7.5181e+01,7.4077e+01,7.4297e+01,7.2909e+01,7.1843e+01,7.0707e+01,7.0496e+01,6.9594e+01,6.9718e+01,6.9938e+01,6.9889e+01,7.0761e+01,7.0599e+01,6.9986e+01,7.0098e+01,7.0102e+01,7.0338e+01,7.0019e+01,6.9860e+01
6.5264e+01,6.5349e+01,6.5391e+01,6.5500e+01,6.5357e+01,6.5195e+01,6.5064e+01,6.5171e+01,6.5406e+01,6.5567e+01,6.5669e+01,6.6069e+01,6.6033e+01,6.6625e+01,6.7041e+01,6.7341e+01,6.6602e+01,6.6563e+01,6.6461e+01,6.6124e+01,6.6167e+01,6.5740e+01,6.5462e+01,6.5305e+01,6.5149e+01,6.5474e+01,6.5781e+01,6.6276e+01,6.6505e+01,6.7121e+01,6.7738e+01,6.8413e+01,6.8508e+01,6.9445e+01,6.9420e+01,6.8646e+01,6.8482e+01,6.9282e+01,6.9099e+01,6.8372e+01,6.9206e+01,7.0321e+01,7.1392e+01,7.2832e+01,7.2859e+01,7.1510e+01,7.0248e+01,6.9334e+01,6.8491e+01,6.8377e+01,6.7804e+01,6.7249e+01,6.6618e+01,6.6026e+01,6.5641e+01,6.5441e+01,6.5676e+01,6.5638e+01,6.5413e+01,6.5475e+01,6.5588e+01,6.5743e+01,6.6182e+01,6.6278e+01,6.5817e+01,6.5614e+01,6.5348e+01,6.5531e+01,6.5642e+01,6.6108e+01,6.6701e+01,6.6347e+01,6.6230e+01,6.6181e+01,6.6746e+01,6.6446e+01,6.6265e+01,6.6062e+01,6.6396e+01,6.6963e+01,6.7749e+01,6.8526e+01,6.9551e+01,7.0149e+01,7.1314e+01,7.2010e+01,7.3027e+01,7.3312e+01,7.3758e+01,7.4352e+01,7.4165e+01,7.3259e+01,7.4425e+01,7.4547e+01,7.6164e+01,7.6032e+01,7.5828e+01,7.4438e+01,7.3208e+01,7.2420e+01,7.1324e+01,7.0934e+01,7.1772e+01,7.2326e+01,7.1598e+01,7.2235e+01,7.2012e+01,7.2719e+01,7.2480e+01,7.2306e+01,7.3512e+01,7.3919e+01,7.4006e+01,7.4438e+01,7.3687e+01,7.2226e+01,7.1359e+01,7.1029e+01,6.9932e+01,6.9479e+01,6.9765e+01,7.0717e+01,7.0570e+01,7.0274e+01,7.1032e+01,7.1394e+01,7.0861e+01,7.1541e+01,7.1076e+01,7.1550e+01,7.1894e+01,7.2566e+01,7.3853e+01,7.4354e+01,7.5951e+01,7.5951e+01,7.5749e+01,7.4521e+01,7.4855e+01,7.5162e+01,7.6546e+01,7.6862e+01,7.7971e+01,7.9519e+01,8.0507e+01,8.1622e+01,8.0402e+01,8.0210e+01,8.0680e+01,7.9049e+01,7.7629e+01,7.6904e+01,7.5666e+01,7.4943e+01,7.3836e+01,7.4058e+01,7.2662e+01,7.1591e+01,7.0447e+01,7.0234e+01,6.9326e+01,6.9451e+01,6.9677e+01,6.9626e+01,7.0502e+01,7.0338e+01,6.9716e+01,6.9827e+01,6.9830e+01,7.0065e+01,6.9739e+01,6.9579e+01
6.5268e+01,6.5350e+01,6.5399e+01,6.5501e+01,6.5346e+01,6.5182e+01,6.5044e+01,6.5146e+01,6.5386e+01,6.5554e+01,6.5662e+01,6.6062e+01,6.6019e+01,6.6613e+01,6.7026e+01,6.7328e+01,6.6588e+01,6.6543e+01,6.6441e+01,6.6111e+01,6.6159e+01,6.5733e+01,6.5449e+01,6.5284e+01,6.5122e+01,6.5443e+01,6.5747e+01,6.6239e+01,6.6468e+01,6.7076e+01,6.7691e+01,6.8365e+01,6.8462e+01,6.9395e+01,6.9379e+01,6.8613e+01,6.8457e+01,6.9259e+01,6.9085e+01,6.8367e+01,6.9209e+01,7.0330e+01,7.1398e+01,7.2832e+01,7.2845e+01,7.1494e+01,7.0240e+01,6.9318e+01,6.8484e+01,6.8383e+01,6.7813e+01,6.7244e+01,6.6614e+01,6.6012e+01,6.5626e+01,6.5415e+01,6.5641e+01,6.5593e+01,6.5369e+01,6.5432e+01,6.5539e+01,6.5700e+01,6.6133e+01,6.6239e+01,6.5785e+01,6.5581e+01,6.5312e+01,6.5493e+01,6.5608e+01,6.6070e+01,6.6663e+01,6.6315e+01,6.6203e+01,6.6150e+01,6.6709e+01,6.6409e+01,6.6224e+01,6.6023e+01,6.6352e+01,6.6917e+01,6.7700e+01,6.8477e+01,6.9498e+01,7.0097e+01,7.1259e+01,7.1954e+01,7.2971e+01,7.3257e+01,7.3696e+01,7.4284e+01,7.4095e+01,7.3194e+01,7.4359e+01,7.4480e+01,7.6092e+01,7.5965e+01,7.5766e+01,7.4383e+01,7.3157e+01,7.2366e+01,7.1271e+01,7.0878e+01,7.1710e+01,7.2263e+01,7.1538e+01,7.2172e+01,7.1950e+01,7.2654e+01,7.2417e+01,7.2243e+01,7.3444e+01,7.3850e+01,7.3936e+01,7.4367e+01,7.3618e+01,7.2164e+01,7.1301e+01,7.0972e+01,6.9878e+01,6.9426e+01,6.9711e+01,7.0660e+01,7.0515e+01,7.0222e+01,7.0984e+01,7.1347e+01,7.0815e+01,7.1495e+01,7.1035e+01,7.1509e+01,7.1862e+01,7.2533e+01,7.3819e+01,7.4327e+01,7.5919e+01,7.5919e+01,7.5711e+01,7.4486e+01,7.4825e+01,7.5123e+01,7.6500e+01,7.6809e+01,7.7911e+01,7.9457e+01,8.0439e+01,8.1553e+01,8.0334e+01,8.0136e+01,8.0605e+01,7.8979e+01,7.7560e+01,7.6843e+01,7.5607e+01,7.4892e+01,7.3787e+01,7.4012e+01,7.2623e+01,7.1552e+01,7.0413e+01,7.0211e+01,6.9302e+01,6.9424e+01,6.9641e+01,6.9584e+01,7.0453e+01,7.0290e+01,6.9678e+01,6.9790e+01,6.9795e+01,7.0032e+01,6.9719e+01,6.9563e+01
6.4909e+01,6.5007e+01,6.5049e+01,6.5147e+01,6.5001e+01,6.4849e+01,6.4718e+01,6.4825e+01,6.5066e+01,6.5245e+01,6.5363e+01,6.5779e+01,6.5734e+01,6.6334e+01,6.6748e+01,6.7049e+01,6.6294e+01,6.6242e+01,6.6127e+01,6.5789e+01,6.5825e+01,6.5397e+01,6.5106e+01,6.4951e+01,6.4787e+01,6.5102e+01,6.5396e+01,6.5884e+01,6.6105e+01,6.6713e+01,6.7322e+01,6.7996e+01,6.8096e+01,6.9031e+01,6.9013e+01,6.8248e+01,6.8086e+01,6.8884e+01,6.8707e+01,6.7988e+01,6.8830e+01,6.9952e+01,7.1023e+01,7.2461e+01,7.2474e+01,7.1119e+01,6.9862e+01,6.8939e+01,6.8104e+01,6.8003e+01,6.7435e+01,6.6867e+01,6.6240e+01,6.5645e+01,6.5267e+01,6.5059e+01,6.5279e+01,6.5239e+01,6.5026e+01,6.5095e+01,6.5211e+01,6.5381e+01,6.5820e+01,6.5940e+01,6.5483e+01,6.5277e+01,6.4994e+01,6.5178e+01,6.5291e+01,6.5754e+01,6.6359e+01,6.6014e+01,6.5898e+01,6.5834e+01,6.6394e+01,6.6083e+01,6.5895e+01,6.5689e+01,6.6014e+01,6.6574e+01,6.7352e+01,6.8126e+01,6.9144e+01,6.9739e+01,7.0898e+01,7.1591e+01,7.2610e+01,7.2901e+01,7.3342e+01,7.3929e+01,7.3741e+01,7.2843e+01,7.4012e+01,7.4137e+01,7.5751e+01,7.5624e+01,7.5422e+01,7.4037e+01,7.2805e+01,7.2014e+01,7.0917e+01,7.0529e+01,7.1368e+01,7.1928e+01,7.1208e+01,7.1848e+01,7.1631e+01,7.2330e+01,7.2092e+01,7.1910e+01,7.3104e+01,7.3505e+01,7.3585e+01,7.4010e+01,7.3261e+01,7.1808e+01,7.0951e+01,7.0618e+01,6.9523e+01,6.9067e+01,6.9346e+01,7.0291e+01,7.0144e+01,6.9853e+01,7.0614e+01,7.0980e+01,7.0450e+01,7.1132e+01,7.0675e+01,7.1153e+01,7.1505e+01,7.2181e+01,7.3469e+01,7.3979e+01,7.5577e+01,7.5573e+01,7.5362e+01,7.4131e+01,7.4468e+01,7.4766e+01,7.6145e+01,7.6453e+01,7.7556e+01,7.9107e+01,8.0090e+01,8.1203e+01,7.9980e+01,7.9781e+01,8.0247e+01,7.8618e+01,7.7200e+01,7.6482e+01,7.5246e+01,7.4532e+01,7.3427e+01,7.3653e+01,7.2261e+01,7.1187e+01,7.0049e+01,6.9846e+01,6.8937e+01,6.9059e+01,6.9278e+01,6.9220e+01,7.0088e+01,6.9920e+01,6.9300e+01,6.9409e+01,6.9413e+01,6.9647e+01,6.9330e+01,6.9171e+01
6.4716e+01,6.4827e+01,6.4861e+01,6.4949e+01,6.4809e+01,6.4672e+01,6.4550e+01,6.4661e+01,6.4900e+01,6.5090e+01,6.5222e+01,6.5654e+01,6.5605e+01,6.6210e+01,6.6621e+01,6.6920e+01,6.6150e+01,6.6089e+01,6.5959e+01,6.5614e+01,6.5636e+01,6.5209e+01,6.4913e+01,6.4768e+01,6.4605e+01,6.4911e+01,6.5193e+01,6.5673e+01,6.5886e+01,6.6493e+01,6.7096e+01,6.7765e+01,6.7865e+01,6.8799e+01,6.8778e+01,6.8016e+01,6.7848e+01,6.8639e+01,6.8461e+01,6.7745e+01,6.8584e+01,6.9704e+01,7.0773e+01,7.2209e+01,7.2219e+01,7.0865e+01,6.9612e+01,6.8691e+01,6.7861e+01,6.7764e+01,6.7202e+01,6.6634e+01,6.6016e+01,6.5427e+01,6.5061e+01,6.4856e+01,6.5072e+01,6.5041e+01,6.4844e+01,6.4920e+01,6.5050e+01,6.5231e+01,6.5684e+01,6.5815e+01,6.5349e+01,6.5138e+01,6.4840e+01,6.5023e+01,6.5130e+01,6.5591e+01,6.6209e+01,6.5868e+01,6.5744e+01,6.5666e+01,6.6226e+01,6.5903e+01,6.5716e+01,6.5503e+01,6.5826e+01,6.6381e+01,6.7150e+01,6.7915e+01,6.8930e+01,6.9517e+01,7.0672e+01,7.1361e+01,7.2380e+01,7.2673e+01,7.3119e+01,7.3709e+01,7.3527e+01,7.2630e+01,7.3797e+01,7.3928e+01,7.5542e+01,7.5412e+01,7.5203e+01,7.3818e+01,7.2582e+01,7.1795e+01,7.0696e+01,7.0315e+01,7.1160e+01,7.1723e+01,7.1009e+01,7.1657e+01,7.1451e+01,7.2149e+01,7.1916e+01,7.1730e+01,7.2921e+01,7.3326e+01,7.3400e+01,7.3825e+01,7.3070e+01,7.1619e+01,7.0761e+01,7.0419e+01,6.9321e+01,6.8857e+01,6.9137e+01,7.0075e+01,6.9921e+01,6.9627e+01,7.0385e+01,7.0747e+01,7.0219e+01,7.0900e+01,7.0443e+01,7.0923e+01,7.1273e+01,7.1954e+01,7.3239e+01,7.3749e+01,7.5347e+01,7.5338e+01,7.5125e+01,7.3892e+01,7.4227e+01,7.4525e+01,7.5904e+01,7.6214e+01,7.7319e+01,7.8872e+01,7.9858e+01,8.0972e+01,7.9747e+01,7.9550e+01,8.0016e+01,7.8384e+01,7.6965e+01,7.6245e+01,7.5009e+01,7.4293e+01,7.3189e+01,7.3414e+01,7.2022e+01,7.0949e+01,6.9813e+01,6.9610e+01,6.8704e+01,6.8824e+01,6.9043e+01,6.8987e+01,6.9852e+01,6.9676e+01,6.9054e+01,6.9157e+01,6.9159e+01,6.9390e+01,6.9077e+01,6.8920e+01
6.4592e+01,6.4707e+01,6.4740e+01,6.4819e+01,6.4678e+01,6.4552e+01,6.4436e+01,6.4545e+01,6.4781e+01,6.4983e+01,6.5130e+01,6.5569e+01,6.5512e+01,6.6114e+01,6.6519e+01,6.6815e+01,6.6039e+01,6.5968e+01,6.5829e+01,6.5483e+01,6.5498e+01,6.5074e+01,6.4773e+01,6.4636e+01,6.4474e+01,6.4770e+01,6.5043e+01,6.5516e+01,6.5726e+01,6.6331e+01,6.6933e+01,6.7596e+01,6.7692e+01,6.8620e+01,6.8596e+01,6.7836e+01,6.7667e+01,6.8456e+01,6.8281e+01,6.7570e+01,6.8410e+01,6.9527e+01,7.0599e+01,7.2033e+01,7.2044e+01,7.0690e+01,6.9437e+01,6.8520e+01,6.7692e+01,6.7599e+01,6.7044e+01,6.6478e+01,6.5863e+01,6.5278e+01,6.4919e+01,6.4717e+01,6.4932e+01,6.4911e+01,6.4720e+01,6.4807e+01,6.4946e+01,6.5138e+01,6.5601e+01,6.5739e+01,6.5262e+01,6.5042e+01,6.4731e+01,6.4909e+01,6.5008e+01,6.5465e+01,6.6089e+01,6.5755e+01,6.5624e+01,6.5536e+01,6.6091e+01,6.5763e+01,6.5578e+01,6.5364e+01,6.5686e+01,6.6234e+01,6.6995e+01,6.7754e+01,6.8764e+01,6.9349e+01,7.0500e+01,7.1190e+01,7.2206e+01,7.2496e+01,7.2942e+01,7.3532e+01,7.3351e+01,7.2454e+01,7.3618e+01,7.3748e+01,7.5360e+01,7.5229e+01,7.5020e+01,7.3636e+01,7.2402e+01,7.1616e+01,7.0521e+01,7.0142e+01,7.0987e+01,7.1549e+01,7.0840e+01,7.1491e+01,7.1290e+01,7.1984e+01,7.1755e+01,7.1567e+01,7.2751e+01,7.3159e+01,7.3230e+01,7.3657e+01,7.2901e+01,7.1455e+01,7.0596e+01,7.0254e+01,6.9160e+01,6.8696e+01,6.8980e+01,6.9916e+01,6.9764e+01,6.9466e+01,7.0223e+01,7.0581e+01,7.0048e+01,7.0725e+01,7.0265e+01,7.0742e+01,7.1091e+01,7.1769e+01,7.3052e+01,7.3561e+01,7.5156e+01,7.5149e+01,7.4937e+01,7.3708e+01,7.4046e+01,7.4345e+01,7.5724e+01,7.6031e+01,7.7136e+01,7.8686e+01,7.9669e+01,8.0785e+01,7.9564e+01,7.9368e+01,7.9837e+01,7.8208e+01,7.6788e+01,7.6070e+01,7.4833e+01,7.4117e+01,7.3011e+01,7.3234e+01,7.1844e+01,7.0774e+01,6.9640e+01,6.9436e+01,6.8533e+01,6.8658e+01,6.8879e+01,6.8827e+01,6.9696e+01,6.9524e+01,6.8906e+01,6.9008e+01,6.9000e+01,6.9226e+01,6.8915e+01,6.8750e+01
6.4214e+01,6.4338e+01,6.4361e+01,6.4450e+01,6.4326e+01,6.4205e+01,6.4103e+01,6.4225e+01,6.4451e+01,6.4645e+01,6.4788e+01,6.5237e+01,6.5188e+01,6.5794e+01,6.6206e+01,6.6498e+01,6.5714e+01,6.5653e+01,6.5506e+01,6.5145e+01,6.5147e+01,6.4721e+01,6.4432e+01,6.4308e+01,6.4156e+01,6.4461e+01,6.4740e+01,6.5221e+01,6.5433e+01,6.6053e+01,6.6662e+01,6.7328e+01,6.7421e+01,6.8356e+01,6.8319e+01,6.7545e+01,6.7364e+01,6.8153e+01,6.7966e+01,6.7241e+01,6.8076e+01,6.9192e+01,7.0274e+01,7.1719e+01,7.1744e+01,7.0388e+01,6.9122e+01,6.8209e+01,6.7367e+01,6.7257e+01,6.6691e+01,6.6139e+01,6.5516e+01,6.4939e+01,6.4577e+01,6.4393e+01,6.4623e+01,6.4612e+01,6.4422e+01,6.4500e+01,6.4649e+01,6.4831e+01,6.5303e+01,6.5431e+01,6.4948e+01,6.4733e+01,6.4425e+01,6.4613e+01,6.4708e+01,6.5178e+01,6.5806e+01,6.5461e+01,6.5322e+01,6.5239e+01,6.5806e+01,6.5479e+01,6.5302e+01,6.5084e+01,6.5420e+01,6.5976e+01,6.6745e+01,6.7505e+01,6.8525e+01,6.9111e+01,7.0269e+01,7.0962e+01,7.1982e+01,7.2271e+01,7.2726e+01,7.3325e+01,7.3144e+01,7.2240e+01,7.3407e+01,7.3536e+01,7.5156e+01,7.5021e+01,7.4808e+01,7.3414e+01,7.2173e+01,7.1387e+01,7.0288e+01,6.9910e+01,7.0764e+01,7.1325e+01,7.0612e+01,7.1269e+01,7.1071e+01,7.1768e+01,7.1539e+01,7.1351e+01,7.2539e+01,7.2949e+01,7.3022e+01,7.3453e+01,7.2696e+01,7.1246e+01,7.0380e+01,7.0037e+01,6.8933e+01,6.8462e+01,6.8752e+01,6.9693e+01,6.9533e+01,6.9228e+01,6.9984e+01,7.0341e+01,6.9803e+01,7.0481e+01,7.0011e+01,7.0488e+01,7.0828e+01,7.1508e+01,7.2795e+01,7.3294e+01,7.4897e+01,7.4891e+01,7.4688e+01,7.3454e+01,7.3789e+01,7.4099e+01,7.5488e+01,7.5803e+01,7.6919e+01,7.8474e+01,7.9464e+01,8.0585e+01,7.9361e+01,7.9170e+01,7.9642e+01,7.8006e+01,7.6582e+01,7.5856e+01,7.4614e+01,7.3888e+01,7.2777e+01,7.2995e+01,7.1593e+01,7.0520e+01,6.9376e+01,6.9157e+01,6.8251e+01,6.8381e+01,6.8619e+01,6.8573e+01,6.9449e+01,6.9274e+01,6.8642e+01,6.8744e+01,6.8738e+01,6.8962e+01,6.8638e+01,6.8466e+01
6.4126e+01,6.4257e+01,6.4277e+01,6.4359e+01,6.4236e+01,6.4123e+01,6.4028e+01,6.4150e+01,6.4374e+01,6.4576e+01,6.4729e+01,6.5185e+01,6.5132e+01,6.5739e+01,6.6149e+01,6.6441e+01,6.5648e+01,6.5580e+01,6.5426e+01,6.5061e+01,6.5054e+01,6.4629e+01,6.4336e+01,6.4220e+01,6.4069e+01,6.4366e+01,6.4639e+01,6.5115e+01,6.5326e+01,6.5947e+01,6.6557e+01,6.7216e+01,6.7304e+01,6.8236e+01,6.8196e+01,6.7421e+01,6.7237e+01,6.8023e+01,6.7838e+01,6.7117e+01,6.7954e+01,6.9068e+01,7.0156e+01,7.1601e+01,7.1627e+01,7.0270e+01,6.9002e+01,6.8091e+01,6.7251e+01,6.7143e+01,6.6581e+01,6.6033e+01,6.5412e+01,6.4839e+01,6.4481e+01,6.4301e+01,6.4534e+01,6.4533e+01,6.4347e+01,6.4432e+01,6.4589e+01,6.4778e+01,6.5259e+01,6.5390e+01,6.4898e+01,6.4675e+01,6.4359e+01,6.4544e+01,6.4631e+01,6.5099e+01,6.5733e+01,6.5392e+01,6.5249e+01,6.5157e+01,6.5725e+01,6.5390e+01,6.5216e+01,6.4998e+01,6.5336e+01,6.5885e+01,6.6649e+01,6.7404e+01,6.8420e+01,6.9003e+01,7.0159e+01,7.0852e+01,7.1869e+01,7.2158e+01,7.2613e+01,7.3211e+01,7.3030e+01,7.2129e+01,7.3296e+01,7.3427e+01,7.5045e+01,7.4911e+01,7.4696e+01,7.3302e+01,7.2060e+01,7.1275e+01,7.0176e+01,6.9803e+01,7.0660e+01,7.1225e+01,7.0518e+01,7.1178e+01,7.0986e+01,7.1677e+01,7.1448e+01,7.1254e+01,7.2433e+01,7.2840e+01,7.2910e+01,7.3337e+01,7.2583e+01,7.1138e+01,7.0275e+01,6.9932e+01,6.8829e+01,6.8359e+01,6.8651e+01,6.9589e+01,6.9430e+01,6.9123e+01,6.9878e+01,7.0231e+01,6.9691e+01,7.0366e+01,6.9894e+01,7.0369e+01,7.0707e+01,7.1388e+01,7.2675e+01,7.3170e+01,7.4776e+01,7.4770e+01,7.4568e+01,7.3335e+01,7.3671e+01,7.3982e+01,7.5372e+01,7.5684e+01,7.6799e+01,7.8355e+01,7.9342e+01,8.0463e+01,7.9240e+01,7.9046e+01,7.9518e+01,7.7884e+01,7.6461e+01,7.5737e+01,7.4496e+01,7.3772e+01,7.2660e+01,7.2877e+01,7.1475e+01,7.0404e+01,6.9261e+01,6.9040e+01,6.8141e+01,6.8277e+01,6.8520e+01,6.8480e+01,6.9358e+01,6.9187e+01,6.8556e+01,6.8658e+01,6.8647e+01,6.8866e+01,6.8540e+01,6.8356e+01
6.3448e+01,6.3595e+01,6.3595e+01,6.3690e+01,6.3598e+01,6.3497e+01,6.3425e+01,6.3576e+01,6.3791e+01,6.3978e+01,6.4120e+01,6.4599e+01,6.4570e+01,6.5193e+01,6.5629e+01,6.5915e+01,6.5098e+01,6.5048e+01,6.4874e+01,6.4475e+01,6.4438e+01,6.4002e+01,6.3727e+01,6.3634e+01,6.3496e+01,6.3813e+01,6.4091e+01,6.4585e+01,6.4789e+01,6.5438e+01,6.6055e+01,6.6725e+01,6.6816e+01,6.7768e+01,6.7711e+01,6.6911e+01,6.6699e+01,6.7481e+01,6.7267e+01,6.6514e+01,6.7337e+01,6.8450e+01,6.9553e+01,7.1022e+01,7.1074e+01,6.9711e+01,6.8419e+01,6.7514e+01,6.6645e+01,6.6504e+01,6.5923e+01,6.5399e+01,6.4766e+01,6.4212e+01,6.3853e+01,6.3704e+01,6.3957e+01,6.3974e+01,6.3793e+01,6.3863e+01,6.4040e+01,6.4212e+01,6.4710e+01,6.4828e+01,6.4331e+01,6.4124e+01,6.3808e+01,6.4017e+01,6.4106e+01,6.4602e+01,6.5255e+01,6.4891e+01,6.4733e+01,6.4647e+01,6.5244e+01,6.4902e+01,6.4730e+01,6.4494e+01,6.4849e+01,6.5417e+01,6.6195e+01,6.6957e+01,6.7994e+01,6.8576e+01,6.9746e+01,7.0440e+01,7.1471e+01,7.1765e+01,7.2241e+01,7.2855e+01,7.2681e+01,7.1769e+01,7.2945e+01,7.3083e+01,7.4719e+01,7.4573e+01,7.4344e+01,7.2929e+01,7.1667e+01,7.0883e+01,6.9772e+01,6.9404e+01,7.0284e+01,7.0854e+01,7.0142e+01,7.0821e+01,7.0635e+01,7.1334e+01,7.1104e+01,7.0904e+01,7.2095e+01,7.2508e+01,7.2573e+01,7.3003e+01,7.2236e+01,7.0775e+01,6.9900e+01,6.9547e+01,6.8422e+01,6.7933e+01,6.8229e+01,6.9173e+01,6.8996e+01,6.8679e+01,6.9429e+01,6.9787e+01,6.9245e+01,6.9929e+01,6.9444e+01,6.9929e+01,7.0252e+01,7.0945e+01,7.2241e+01,7.2727e+01,7.4349e+01,7.4338e+01,7.4146e+01,7.2896e+01,7.3223e+01,7.3550e+01,7.4962e+01,7.5294e+01,7.6430e+01,7.8001e+01,7.9008e+01,8.0134e+01,7.8899e+01,7.8716e+01,7.9188e+01,7.7537e+01,7.6106e+01,7.5360e+01,7.4111e+01,7.3366e+01,7.2244e+01,7.2455e+01,7.1028e+01,6.9945e+01,6.8781e+01,6.8530e+01,6.7620e+01,6.7757e+01,6.8027e+01,6.7995e+01,6.8884e+01,6.8708e+01,6.8054e+01,6.8160e+01,6.8156e+01,6.8378e+01,6.8029e+01,6.7839e+01
6.3000e+01,6.3152e+01,6.3144e+01,6.3236e+01,6.3152e+01,6.3054e+01,6.2988e+01,6.3147e+01,6.3365e+01,6.3549e+01,6.3685e+01,6.4174e+01,6.4153e+01,6.4788e+01,6.5237e+01,6.5528e+01,6.4698e+01,6.4655e+01,6.4476e+01,6.4062e+01,6.4014e+01,6.3567e+01,6.3292e+01,6.3206e+01,6.3066e+01,6.3387e+01,6.3662e+01,6.4161e+01,6.4358e+01,6.5015e+01,6.5631e+01,6.6304e+01,6.6397e+01,6.7356e+01,6.7293e+01,6.6488e+01,6.6263e+01,6.7042e+01,6.6819e+01,6.6058e+01,6.6878e+01,6.7990e+01,6.9099e+01,7.0577e+01,7.0634e+01,6.9268e+01,6.7968e+01,6.7064e+01,6.6189e+01,6.6041e+01,6.5456e+01,6.4940e+01,6.4306e+01,6.3759e+01,6.3402e+01,6.3262e+01,6.3519e+01,6.3544e+01,6.3365e+01,6.3431e+01,6.3614e+01,6.3782e+01,6.4286e+01,6.4400e+01,6.3901e+01,6.3701e+01,6.3384e+01,6.3602e+01,6.3697e+01,6.4204e+01,6.4868e+01,6.4496e+01,6.4339e+01,6.4254e+01,6.4862e+01,6.4509e+01,6.4329e+01,6.4081e+01,6.4436e+01,6.5008e+01,6.5787e+01,6.6553e+01,6.7595e+01,6.8174e+01,6.9348e+01,7.0041e+01,7.1076e+01,7.1373e+01,7.1859e+01,7.2480e+01,7.2311e+01,7.1396e+01,7.2575e+01,7.2720e+01,7.4364e+01,7.4211e+01,7.3973e+01,7.2549e+01,7.1277e+01,7.0495e+01,6.9380e+01,6.9017e+01,6.9907e+01,7.0484e+01,6.9774e+01,7.0465e+01,7.0286e+01,7.0984e+01,7.0752e+01,7.0543e+01,7.1736e+01,7.2148e+01,7.2210e+01,7.2638e+01,7.1865e+01,7.0396e+01,6.9518e+01,6.9161e+01,6.8027e+01,6.7531e+01,6.7827e+01,6.8773e+01,6.8589e+01,6.8269e+01,6.9017e+01,6.9376e+01,6.8833e+01,6.9521e+01,6.9031e+01,6.9522e+01,6.9837e+01,7.0536e+01,7.1837e+01,7.2321e+01,7.3952e+01,7.3936e+01,7.3747e+01,7.2487e+01,7.2811e+01,7.3144e+01,7.4566e+01,7.4905e+01,7.6050e+01,7.7629e+01,7.8647e+01,7.9775e+01,7.8534e+01,7.8353e+01,7.8827e+01,7.7166e+01,7.5728e+01,7.4974e+01,7.3721e+01,7.2968e+01,7.1841e+01,7.2051e+01,7.0614e+01,6.9527e+01,6.8356e+01,6.8095e+01,6.7181e+01,6.7318e+01,6.7595e+01,6.7565e+01,6.8460e+01,6.8283e+01,6.7620e+01,6.7729e+01,6.7721e+01,6.7951e+01,6.7597e+01,6.7408e+01
6.2294e+01,6.2465e+01,6.2442e+01,6.2541e+01,6.2479e+01,6.2391e+01,6.2341e+01,6.2529e+01,6.2748e+01,6.2922e+01,6.3046e+01,6.3564e+01,6.3567e+01,6.4227e+01,6.4705e+01,6.4998e+01,6.4137e+01,6.4107e+01,6.3910e+01,6.3460e+01,6.3384e+01,6.2917e+01,6.2650e+01,6.2582e+01,6.2445e+01,6.2782e+01,6.3057e+01,6.3573e+01,6.3761e+01,6.4442e+01,6.5062e+01,6.5750e+01,6.5851e+01,6.6834e+01,6.6761e+01,6.5934e+01,6.5683e+01,6.6462e+01,6.6212e+01,6.5420e+01,6.6233e+01,6.7353e+01,6.8481e+01,6.9988e+01,7.0063e+01,6.8683e+01,6.7357e+01,6.6449e+01,6.5545e+01,6.5369e+01,6.4761e+01,6.4261e+01,6.3615e+01,6.3082e+01,6.2724e+01,6.2611e+01,6.2880e+01,6.2920e+01,6.2749e+01,6.2802e+01,6.3005e+01,6.3162e+01,6.3684e+01,6.3791e+01,6.3290e+01,6.3106e+01,6.2784e+01,6.3027e+01,6.3130e+01,6.3664e+01,6.4355e+01,6.3961e+01,6.3796e+01,6.3712e+01,6.4350e+01,6.3980e+01,6.3791e+01,6.3518e+01,6.3882e+01,6.4472e+01,6.5263e+01,6.6041e+01,6.7105e+01,6.7685e+01,6.8876e+01,6.9571e+01,7.0624e+01,7.0931e+01,7.1436e+01,7.2070e+01,7.1908e+01,7.0983e+01,7.2178e+01,7.2336e+01,7.4002e+01,7.3838e+01,7.3584e+01,7.2139e+01,7.0841e+01,7.0055e+01,6.8921e+01,6.8562e+01,6.9478e+01,7.0069e+01,6.9356e+01,7.0069e+01,6.9897e+01,7.0600e+01,7.0364e+01,7.0140e+01,7.1347e+01,7.1760e+01,7.1813e+01,7.2239e+01,7.1451e+01,6.9959e+01,6.9070e+01,6.8703e+01,6.7544e+01,6.7032e+01,6.7327e+01,6.8281e+01,6.8086e+01,6.7759e+01,6.8508e+01,6.8876e+01,6.8332e+01,6.9033e+01,6.8535e+01,6.9041e+01,6.9349e+01,7.0065e+01,7.1381e+01,7.1865e+01,7.3518e+01,7.3493e+01,7.3306e+01,7.2023e+01,7.2339e+01,7.2683e+01,7.4126e+01,7.4481e+01,7.5646e+01,7.7243e+01,7.8281e+01,7.9413e+01,7.8156e+01,7.7982e+01,7.8454e+01,7.6772e+01,7.5324e+01,7.4550e+01,7.3287e+01,7.2517e+01,7.1379e+01,7.1589e+01,7.0126e+01,6.9023e+01,6.7829e+01,6.7543e+01,6.6611e+01,6.6744e+01,6.7043e+01,6.7014e+01,6.7922e+01,6.7743e+01,6.7060e+01,6.7178e+01,6.7173e+01,6.7413e+01,6.7043e+01,6.6856e+01
6.1673e+01,6.1865e+01,6.1839e+01,6.1946e+01,6.1904e+01,6.1829e+01,6.1788e+01,6.1999e+01,6.2224e+01,6.2396e+01,6.2515e+01,6.3056e+01,6.3073e+01,6.3754e+01,6.4250e+01,6.4545e+01,6.3660e+01,6.3636e+01,6.3424e+01,6.2950e+01,6.2851e+01,6.2366e+01,6.2100e+01,6.2046e+01,6.1907e+01,6.2254e+01,6.2525e+01,6.3053e+01,6.3226e+01,6.3926e+01,6.4544e+01,6.5244e+01,6.5354e+01,6.6358e+01,6.6276e+01,6.5435e+01,6.5158e+01,6.5930e+01,6.5655e+01,6.4839e+01,6.5639e+01,6.6760e+01,6.7897e+01,6.9423e+01,6.9513e+01,6.8128e+01,6.6785e+01,6.5879e+01,6.4955e+01,6.4754e+01,6.4132e+01,6.3649e+01,6.2999e+01,6.2484e+01,6.2132e+01,6.2039e+01,6.2312e+01,6.2365e+01,6.2206e+01,6.2248e+01,6.2468e+01,6.2618e+01,6.3153e+01,6.3261e+01,6.2762e+01,6.2592e+01,6.2263e+01,6.2525e+01,6.2636e+01,6.3189e+01,6.3900e+01,6.3494e+01,6.3323e+01,6.3236e+01,6.3891e+01,6.3509e+01,6.3312e+01,6.3019e+01,6.3387e+01,6.3992e+01,6.4790e+01,6.5576e+01,6.6656e+01,6.7232e+01,6.8434e+01,6.9126e+01,7.0193e+01,7.0508e+01,7.1030e+01,7.1674e+01,7.1522e+01,7.0590e+01,7.1793e+01,7.1962e+01,7.3642e+01,7.3468e+01,7.3200e+01,7.1740e+01,7.0423e+01,6.9638e+01,6.8491e+01,6.8139e+01,6.9077e+01,6.9677e+01,6.8960e+01,6.9688e+01,6.9520e+01,7.0228e+01,6.9990e+01,6.9760e+01,7.0978e+01,7.1394e+01,7.1442e+01,7.1869e+01,7.1069e+01,6.9560e+01,6.8663e+01,6.8285e+01,6.7105e+01,6.6574e+01,6.6866e+01,6.7824e+01,6.7612e+01,6.7281e+01,6.8028e+01,6.8405e+01,6.7861e+01,6.8574e+01,6.8071e+01,6.8589e+01,6.8887e+01,6.9618e+01,7.0940e+01,7.1419e+01,7.3084e+01,7.3051e+01,7.2868e+01,7.1569e+01,7.1876e+01,7.2230e+01,7.3688e+01,7.4060e+01,7.5238e+01,7.6847e+01,7.7902e+01,7.9034e+01,7.7767e+01,7.7602e+01,7.8071e+01,7.6374e+01,7.4923e+01,7.4130e+01,7.2864e+01,7.2078e+01,7.0935e+01,7.1142e+01,6.9660e+01,6.8546e+01,6.7336e+01,6.7030e+01,6.6088e+01,6.6216e+01,6.6534e+01,6.6506e+01,6.7421e+01,6.7237e+01,6.6543e+01,6.6663e+01,6.6671e+01,6.6918e+01,6.6537e+01,6.6350e+01
6.1134e+01,6.1347e+01,6.1301e+01,6.1424e+01,6.1415e+01,6.1353e+01,6.1337e+01,6.1583e+01,6.1802e+01,6.1959e+01,6.2063e+01,6.2635e+01,6.2681e+01,6.3383e+01,6.3908e+01,6.4198e+01,6.3285e+01,6.3279e+01,6.3048e+01,6.2534e+01,6.2401e+01,6.1897e+01,6.1647e+01,6.1620e+01,6.1490e+01,6.1855e+01,6.2126e+01,6.2673e+01,6.2832e+01,6.3558e+01,6.4175e+01,6.4891e+01,6.5013e+01,6.6041e+01,6.5950e+01,6.5089e+01,6.4777e+01,6.5544e+01,6.5235e+01,6.4383e+01,6.5168e+01,6.6290e+01,6.7440e+01,6.8992e+01,6.9103e+01,6.7713e+01,6.6347e+01,6.5441e+01,6.4486e+01,6.4248e+01,6.3599e+01,6.3143e+01,6.2481e+01,6.1990e+01,6.1638e+01,6.1583e+01,6.1871e+01,6.1946e+01,6.1800e+01,6.1826e+01,6.2075e+01,6.2209e+01,6.2769e+01,6.2862e+01,6.2357e+01,6.2206e+01,6.1874e+01,6.2164e+01,6.2278e+01,6.2861e+01,6.3596e+01,6.3166e+01,6.2982e+01,6.2899e+01,6.3587e+01,6.3190e+01,6.2990e+01,6.2669e+01,6.3049e+01,6.3672e+01,6.4479e+01,6.5276e+01,6.6374e+01,6.6948e+01,6.8161e+01,6.8848e+01,6.9928e+01,7.0254e+01,7.0795e+01,7.1448e+01,7.1304e+01,7.0370e+01,7.1583e+01,7.1765e+01,7.3458e+01,7.3275e+01,7.2991e+01,7.1518e+01,7.0179e+01,6.9396e+01,6.8233e+01,6.7891e+01,6.8852e+01,6.9468e+01,6.8752e+01,6.9498e+01,6.9334e+01,7.0042e+01,6.9796e+01,6.9551e+01,7.0773e+01,7.1187e+01,7.1225e+01,7.1645e+01,7.0835e+01,6.9309e+01,6.8408e+01,6.8022e+01,6.6822e+01,6.6275e+01,6.6562e+01,6.7526e+01,6.7298e+01,6.6964e+01,6.7706e+01,6.8093e+01,6.7553e+01,6.8281e+01,6.7772e+01,6.8307e+01,6.8593e+01,6.9345e+01,7.0678e+01,7.1156e+01,7.2836e+01,7.2784e+01,7.2602e+01,7.1281e+01,7.1571e+01,7.1935e+01,7.3410e+01,7.3800e+01,7.4994e+01,7.6613e+01,7.7685e+01,7.8814e+01,7.7537e+01,7.7382e+01,7.7846e+01,7.6136e+01,7.4683e+01,7.3870e+01,7.2604e+01,7.1801e+01,7.0653e+01,7.0863e+01,6.9358e+01,6.8231e+01,6.7002e+01,6.6666e+01,6.5709e+01,6.5829e+01,6.6175e+01,6.6150e+01,6.7075e+01,6.6885e+01,6.6162e+01,6.6290e+01,6.6310e+01,6.6569e+01,6.6168e+01,6.5980e+01
6.0281e+01,6.0512e+01,6.0462e+01,6.0600e+01,6.0612e+01,6.0559e+01,6.0553e+01,6.0824e+01,6.1048e+01,6.1202e+01,6.1303e+01,6.1904e+01,6.1965e+01,6.2691e+01,6.3241e+01,6.3538e+01,6.2590e+01,6.2593e+01,6.2347e+01,6.1800e+01,6.1643e+01,6.1114e+01,6.0871e+01,6.0858e+01,6.0729e+01,6.1111e+01,6.1387e+01,6.1957e+01,6.2107e+01,6.2859e+01,6.3482e+01,6.4219e+01,6.4353e+01,6.5410e+01,6.5316e+01,6.4434e+01,6.4099e+01,6.4875e+01,6.4542e+01,6.3655e+01,6.4443e+01,6.5586e+01,6.6755e+01,6.8340e+01,6.8461e+01,6.7050e+01,6.5656e+01,6.4734e+01,6.3747e+01,6.3483e+01,6.2804e+01,6.2355e+01,6.1674e+01,6.1189e+01,6.0831e+01,6.0796e+01,6.1095e+01,6.1180e+01,6.1039e+01,6.1056e+01,6.1320e+01,6.1449e+01,6.2027e+01,6.2120e+01,6.1610e+01,6.1470e+01,6.1129e+01,6.1440e+01,6.1564e+01,6.2173e+01,6.2933e+01,6.2484e+01,6.2293e+01,6.2211e+01,6.2926e+01,6.2516e+01,6.2306e+01,6.1961e+01,6.2350e+01,6.2996e+01,6.3820e+01,6.4637e+01,6.5761e+01,6.6339e+01,6.7572e+01,6.8262e+01,6.9361e+01,6.9698e+01,7.0252e+01,7.0912e+01,7.0770e+01,6.9830e+01,7.1059e+01,7.1253e+01,7.2965e+01,7.2778e+01,7.2484e+01,7.0995e+01,6.9631e+01,6.8841e+01,6.7655e+01,6.7313e+01,6.8297e+01,6.8930e+01,6.8208e+01,6.8969e+01,6.8804e+01,6.9515e+01,6.9261e+01,6.9002e+01,7.0237e+01,7.0650e+01,7.0683e+01,7.1101e+01,7.0278e+01,6.8731e+01,6.7819e+01,6.7426e+01,6.6204e+01,6.5643e+01,6.5927e+01,6.6902e+01,6.6664e+01,6.6327e+01,6.7077e+01,6.7479e+01,6.6941e+01,6.7688e+01,6.7178e+01,6.7732e+01,6.8018e+01,6.8790e+01,7.0143e+01,7.0633e+01,7.2333e+01,7.2271e+01,7.2083e+01,7.0738e+01,7.1023e+01,7.1392e+01,7.2885e+01,7.3286e+01,7.4495e+01,7.6131e+01,7.7219e+01,7.8351e+01,7.7058e+01,7.6905e+01,7.7367e+01,7.5640e+01,7.4175e+01,7.3346e+01,7.2070e+01,7.1254e+01,7.0093e+01,7.0308e+01,6.8778e+01,6.7631e+01,6.6377e+01,6.6021e+01,6.5037e+01,6.5150e+01,6.5515e+01,6.5484e+01,6.6423e+01,6.6237e+01,6.5507e+01,6.5648e+01,6.5679e+01,6.5951e+01,6.5539e+01,6.5348e+01
5.9835e+01,6.0088e+01,6.0020e+01,6.0180e+01,6.0227e+01,6.0186e+01,6.0204e+01,6.0515e+01,6.0730e+01,6.0861e+01,6.0943e+01,6.1576e+01,6.1671e+01,6.2418e+01,6.3001e+01,6.3288e+01,6.2313e+01,6.2341e+01,6.2072e+01,6.1483e+01,6.1291e+01,6.0746e+01,6.0528e+01,6.0542e+01,6.0429e+01,6.0838e+01,6.1124e+01,6.1722e+01,6.1862e+01,6.2649e+01,6.3279e+01,6.4034e+01,6.4174e+01,6.5257e+01,6.5146e+01,6.4238e+01,6.3868e+01,6.4639e+01,6.4268e+01,6.3339e+01,6.4107e+01,6.5245e+01,6.6427e+01,6.8034e+01,6.8187e+01,6.6777e+01,6.5358e+01,6.4443e+01,6.3419e+01,6.3108e+01,6.2396e+01,6.1979e+01,6.1280e+01,6.0820e+01,6.0456e+01,6.0462e+01,6.0779e+01,6.0883e+01,6.0751e+01,6.0743e+01,6.1031e+01,6.1138e+01,6.1736e+01,6.1811e+01,6.1301e+01,6.1186e+01,6.0847e+01,6.1192e+01,6.1322e+01,6.1967e+01,6.2748e+01,6.2268e+01,6.2060e+01,6.1987e+01,6.2739e+01,6.2323e+01,6.2112e+01,6.1743e+01,6.2149e+01,6.2823e+01,6.3667e+01,6.4497e+01,6.5650e+01,6.6223e+01,6.7472e+01,6.8161e+01,6.9273e+01,6.9614e+01,7.0189e+01,7.0866e+01,7.0735e+01,6.9783e+01,7.1017e+01,7.1219e+01,7.2945e+01,7.2743e+01,7.2434e+01,7.0928e+01,6.9549e+01,6.8761e+01,6.7563e+01,6.7228e+01,6.8235e+01,6.8873e+01,6.8142e+01,6.8921e+01,6.8761e+01,6.9488e+01,6.9237e+01,6.8975e+01,7.0228e+01,7.0648e+01,7.0676e+01,7.1096e+01,7.0258e+01,6.8691e+01,6.7767e+01,6.7359e+01,6.6113e+01,6.5531e+01,6.5815e+01,6.6797e+01,6.6538e+01,6.6190e+01,6.6937e+01,6.7346e+01,6.6805e+01,6.7563e+01,6.7042e+01,6.7607e+01,6.7877e+01,6.8662e+01,7.0016e+01,7.0494e+01,7.2198e+01,7.2131e+01,7.1958e+01,7.0602e+01,7.0874e+01,7.1262e+01,7.2775e+01,7.3198e+01,7.4426e+01,7.6071e+01,7.7177e+01,7.8312e+01,7.7014e+01,7.6875e+01,7.7336e+01,7.5593e+01,7.4125e+01,7.3275e+01,7.1992e+01,7.1155e+01,6.9984e+01,7.0188e+01,6.8636e+01,6.7481e+01,6.6207e+01,6.5820e+01,6.4819e+01,6.4927e+01,6.5324e+01,6.5296e+01,6.6250e+01,6.6052e+01,6.5300e+01,6.5438e+01,6.5473e+01,6.5745e+01,6.5309e+01,6.5112e+01
5.9273e+01,5.9553e+01,5.9491e+01,5.9667e+01,5.9730e+01,5.9698e+01,5.9721e+01,6.0062e+01,6.0289e+01,6.0416e+01,6.0488e+01,6.1154e+01,6.1269e+01,6.2047e+01,6.2656e+01,6.2954e+01,6.1944e+01,6.1979e+01,6.1699e+01,6.1078e+01,6.0863e+01,6.0284e+01,6.0068e+01,6.0092e+01,5.9971e+01,6.0396e+01,6.0679e+01,6.1297e+01,6.1419e+01,6.2225e+01,6.2847e+01,6.3625e+01,6.3786e+01,6.4897e+01,6.4792e+01,6.3875e+01,6.3479e+01,6.4249e+01,6.3848e+01,6.2885e+01,6.3645e+01,6.4799e+01,6.5984e+01,6.7617e+01,6.7773e+01,6.6353e+01,6.4917e+01,6.3988e+01,6.2936e+01,6.2596e+01,6.1852e+01,6.1445e+01,6.0734e+01,6.0290e+01,5.9928e+01,5.9959e+01,6.0278e+01,6.0392e+01,6.0275e+01,6.0254e+01,6.0564e+01,6.0666e+01,6.1285e+01,6.1363e+01,6.0852e+01,6.0754e+01,6.0403e+01,6.0773e+01,6.0917e+01,6.1588e+01,6.2396e+01,6.1899e+01,6.1688e+01,6.1616e+01,6.2393e+01,6.1961e+01,6.1733e+01,6.1334e+01,6.1739e+01,6.2433e+01,6.3284e+01,6.4130e+01,6.5298e+01,6.5868e+01,6.7126e+01,6.7809e+01,6.8940e+01,6.9298e+01,6.9884e+01,7.0562e+01,7.0438e+01,6.9488e+01,7.0735e+01,7.0953e+01,7.2689e+01,7.2485e+01,7.2165e+01,7.0652e+01,6.9251e+01,6.8460e+01,6.7243e+01,6.6914e+01,6.7941e+01,6.8597e+01,6.7869e+01,6.8664e+01,6.8511e+01,6.9235e+01,6.8979e+01,6.8699e+01,6.9957e+01,7.0374e+01,7.0387e+01,7.0800e+01,6.9946e+01,6.8362e+01,6.7435e+01,6.7016e+01,6.5749e+01,6.5149e+01,6.5421e+01,6.6404e+01,6.6130e+01,6.5788e+01,6.6534e+01,6.6962e+01,6.6435e+01,6.7215e+01,6.6701e+01,6.7291e+01,6.7565e+01,6.8375e+01,6.9739e+01,7.0229e+01,7.1941e+01,7.1855e+01,7.1672e+01,7.0293e+01,7.0552e+01,7.0937e+01,7.2459e+01,7.2894e+01,7.4129e+01,7.5789e+01,7.6909e+01,7.8036e+01,7.6723e+01,7.6586e+01,7.7036e+01,7.5281e+01,7.3810e+01,7.2945e+01,7.1665e+01,7.0820e+01,6.9649e+01,6.9864e+01,6.8296e+01,6.7122e+01,6.5832e+01,6.5429e+01,6.4407e+01,6.4498e+01,6.4907e+01,6.4868e+01,6.5821e+01,6.5628e+01,6.4866e+01,6.5023e+01,6.5081e+01,6.5372e+01,6.4929e+01,6.4742e+01
5.8945e+01,5.9238e+01,5.9154e+01,5.9342e+01,5.9431e+01,5.9413e+01,5.9457e+01,5.9810e+01,6.0026e+01,6.0154e+01,6.0233e+01,6.0912e+01,6.1031e+01,6.1807e+01,6.2418e+01,6.2707e+01,6.1687e+01,6.1721e+01,6.1429e+01,6.0796e+01,6.0563e+01,5.9981e+01,5.9775e+01,5.9820e+01,5.9710e+01,6.0136e+01,6.0417e+01,6.1033e+01,6.1155e+01,6.1970e+01,6.2598e+01,6.3370e+01,6.3524e+01,6.4634e+01,6.4520e+01,6.3595e+01,6.3190e+01,6.3958e+01,6.3547e+01,6.2572e+01,6.3322e+01,6.4469e+01,6.5665e+01,6.7305e+01,6.7479e+01,6.6061e+01,6.4614e+01,6.3694e+01,6.2630e+01,6.2269e+01,6.1515e+01,6.1134e+01,6.0417e+01,5.9991e+01,5.9632e+01,5.9685e+01,6.0022e+01,6.0157e+01,6.0043e+01,6.0028e+01,6.0354e+01,6.0458e+01,6.1098e+01,6.1169e+01,6.0638e+01,6.0533e+01,6.0173e+01,6.0543e+01,6.0676e+01,6.1349e+01,6.2166e+01,6.1670e+01,6.1444e+01,6.1363e+01,6.2141e+01,6.1702e+01,6.1483e+01,6.1081e+01,6.1495e+01,6.2186e+01,6.3036e+01,6.3876e+01,6.5048e+01,6.5618e+01,6.6878e+01,6.7564e+01,6.8688e+01,6.9038e+01,6.9629e+01,7.0314e+01,7.0193e+01,6.9238e+01,7.0479e+01,7.0694e+01,7.2430e+01,7.2219e+01,7.1896e+01,7.0381e+01,6.8983e+01,6.8198e+01,6.6987e+01,6.6660e+01,6.7688e+01,6.8340e+01,6.7614e+01,6.8411e+01,6.8261e+01,6.8985e+01,6.8730e+01,6.8449e+01,6.9710e+01,7.0133e+01,7.0147e+01,7.0567e+01,6.9710e+01,6.8126e+01,6.7190e+01,6.6774e+01,6.5508e+01,6.4912e+01,6.5195e+01,6.6182e+01,6.5907e+01,6.5553e+01,6.6297e+01,6.6716e+01,6.6180e+01,6.6954e+01,6.6432e+01,6.7018e+01,6.7281e+01,6.8088e+01,6.9450e+01,6.9931e+01,7.1643e+01,7.1559e+01,7.1384e+01,7.0008e+01,7.0264e+01,7.0658e+01,7.2183e+01,7.2622e+01,7.3862e+01,7.5516e+01,7.6637e+01,7.7768e+01,7.6460e+01,7.6330e+01,7.6786e+01,7.5032e+01,7.3563e+01,7.2694e+01,7.1412e+01,7.0561e+01,6.9389e+01,6.9599e+01,6.8028e+01,6.6857e+01,6.5563e+01,6.5148e+01,6.4129e+01,6.4230e+01,6.4653e+01,6.4624e+01,6.5586e+01,6.5387e+01,6.4609e+01,6.4758e+01,6.4814e+01,6.5103e+01,6.4645e+01,6.4453e+01
5.8789e+01,5.9087e+01,5.8982e+01,5.9197e+01,5.9316e+01,5.9301e+01,5.9369e+01,5.9745e+01,5.9943e+01,6.0049e+01,6.0117e+01,6.0806e+01,6.0946e+01,6.1717e+01,6.2340e+01,6.2609e+01,6.1589e+01,6.1646e+01,6.1343e+01,6.0687e+01,6.0433e+01,5.9854e+01,5.9677e+01,5.9746e+01,5.9655e+01,6.0100e+01,6.0391e+01,6.1023e+01,6.1143e+01,6.1980e+01,6.2613e+01,6.3392e+01,6.3547e+01,6.4667e+01,6.4542e+01,6.3601e+01,6.3178e+01,6.3944e+01,6.3511e+01,6.2508e+01,6.3245e+01,6.4388e+01,6.5596e+01,6.7251e+01,6.7448e+01,6.6031e+01,6.4567e+01,6.3653e+01,6.2565e+01,6.2171e+01,6.1393e+01,6.1040e+01,6.0309e+01,5.9900e+01,5.9534e+01,5.9621e+01,5.9979e+01,6.0131e+01,6.0017e+01,5.9988e+01,6.0330e+01,6.0416e+01,6.1071e+01,6.1120e+01,6.0581e+01,6.0487e+01,6.0135e+01,6.0521e+01,6.0648e+01,6.1340e+01,6.2157e+01,6.1644e+01,6.1401e+01,6.1330e+01,6.2127e+01,6.1696e+01,6.1492e+01,6.1083e+01,6.1516e+01,6.2220e+01,6.3079e+01,6.3922e+01,6.5106e+01,6.5678e+01,6.6947e+01,6.7635e+01,6.8764e+01,6.9113e+01,6.9712e+01,7.0405e+01,7.0284e+01,6.9323e+01,7.0566e+01,7.0779e+01,7.2521e+01,7.2306e+01,7.1980e+01,7.0457e+01,6.9054e+01,6.8269e+01,6.7054e+01,6.6726e+01,6.7758e+01,6.8407e+01,6.7673e+01,6.8470e+01,6.8314e+01,6.9040e+01,6.8780e+01,6.8504e+01,6.9768e+01,7.0192e+01,7.0212e+01,7.0635e+01,6.9781e+01,6.8193e+01,6.7252e+01,6.6841e+01,6.5569e+01,6.4970e+01,6.5258e+01,6.6251e+01,6.5971e+01,6.5611e+01,6.6353e+01,6.6774e+01,6.6235e+01,6.7012e+01,6.6481e+01,6.7069e+01,6.7324e+01,6.8133e+01,6.9499e+01,6.9972e+01,7.1687e+01,7.1603e+01,7.1436e+01,7.0056e+01,7.0303e+01,7.0706e+01,7.2240e+01,7.2690e+01,7.3938e+01,7.5593e+01,7.6720e+01,7.7851e+01,7.6543e+01,7.6419e+01,7.6875e+01,7.5117e+01,7.3649e+01,7.2770e+01,7.1489e+01,7.0627e+01,6.9454e+01,6.9660e+01,6.8077e+01,6.6903e+01,6.5595e+01,6.5160e+01,6.4131e+01,6.4232e+01,6.4673e+01,6.4650e+01,6.5620e+01,6.5420e+01,6.4624e+01,6.4772e+01,6.4828e+01,6.5121e+01,6.4646e+01,6.4449e+01
5.8713e+01,5.9008e+01,5.8893e+01,5.9112e+01,5.9241e+01,5.9234e+01,5.9315e+01,5.9691e+01,5.9878e+01,5.9985e+01,6.0061e+01,6.0749e+01,6.0888e+01,6.1648e+01,6.2266e+01,6.2522e+01,6.1503e+01,6.1560e+01,6.1250e+01,6.0594e+01,6.0335e+01,5.9764e+01,5.9596e+01,5.9677e+01,5.9596e+01,6.0035e+01,6.0324e+01,6.0951e+01,6.1072e+01,6.1910e+01,6.2544e+01,6.3313e+01,6.3460e+01,6.4572e+01,6.4442e+01,6.3502e+01,6.3078e+01,6.3839e+01,6.3405e+01,6.2403e+01,6.3131e+01,6.4262e+01,6.5469e+01,6.7119e+01,6.7324e+01,6.5916e+01,6.4455e+01,6.3553e+01,6.2466e+01,6.2066e+01,6.1292e+01,6.0954e+01,6.0227e+01,5.9828e+01,5.9467e+01,5.9563e+01,5.9932e+01,6.0098e+01,5.9984e+01,5.9964e+01,6.0315e+01,6.0406e+01,6.1074e+01,6.1116e+01,6.0559e+01,6.0455e+01,6.0099e+01,6.0478e+01,6.0590e+01,6.1277e+01,6.2092e+01,6.1584e+01,6.1330e+01,6.1253e+01,6.2046e+01,6.1616e+01,6.1422e+01,6.1017e+01,6.1456e+01,6.2153e+01,6.3007e+01,6.3840e+01,6.5019e+01,6.5589e+01,6.6853e+01,6.7541e+01,6.8661e+01,6.9004e+01,6.9604e+01,7.0301e+01,7.0183e+01,6.9220e+01,7.0455e+01,7.0664e+01,7.2401e+01,7.2182e+01,7.1856e+01,7.0336e+01,6.8941e+01,6.8162e+01,6.6956e+01,6.6630e+01,6.7657e+01,6.8300e+01,6.7567e+01,6.8360e+01,6.8203e+01,6.8930e+01,6.8673e+01,6.8403e+01,6.9667e+01,7.0098e+01,7.0123e+01,7.0555e+01,6.9700e+01,6.8119e+01,6.7172e+01,6.6762e+01,6.5496e+01,6.4900e+01,6.5196e+01,6.6186e+01,6.5905e+01,6.5537e+01,6.6272e+01,6.6683e+01,6.6141e+01,6.6911e+01,6.6376e+01,6.6959e+01,6.7210e+01,6.8014e+01,6.9374e+01,6.9842e+01,7.1551e+01,7.1467e+01,7.1302e+01,6.9928e+01,7.0172e+01,7.0574e+01,7.2101e+01,7.2553e+01,7.3800e+01,7.5445e+01,7.6570e+01,7.7698e+01,7.6399e+01,7.6281e+01,7.6738e+01,7.4987e+01,7.3526e+01,7.2645e+01,7.1370e+01,7.0506e+01,6.9341e+01,6.9542e+01,6.7965e+01,6.6798e+01,6.5494e+01,6.5057e+01,6.4036e+01,6.4142e+01,6.4588e+01,6.4578e+01,6.5546e+01,6.5346e+01,6.4542e+01,6.4687e+01,6.4745e+01,6.5037e+01,6.4552e+01,6.4363e+01
5.8557e+01,5.8853e+01,5.8719e+01,5.8967e+01,5.9123e+01,5.9117e+01,5.9220e+01,5.9626e+01,5.9799e+01,5.9877e+01,5.9936e+01,6.0637e+01,6.0806e+01,6.1567e+01,6.2206e+01,6.2443e+01,6.1420e+01,6.1505e+01,6.1185e+01,6.0501e+01,6.0219e+01,5.9643e+01,5.9507e+01,5.9608e+01,5.9543e+01,6.0004e+01,6.0300e+01,6.0945e+01,6.1056e+01,6.1914e+01,6.2545e+01,6.3322e+01,6.3477e+01,6.4602e+01,6.4464e+01,6.3514e+01,6.3067e+01,6.3817e+01,6.3357e+01,6.2332e+01,6.3040e+01,6.4162e+01,6.5366e+01,6.7020e+01,6.7244e+01,6.5846e+01,6.4379e+01,6.3486e+01,6.2381e+01,6.1949e+01,6.1153e+01,6.0841e+01,6.0102e+01,5.9724e+01,5.9357e+01,5.9488e+01,5.9874e+01,6.0054e+01,5.9946e+01,5.9905e+01,6.0277e+01,6.0346e+01,6.1031e+01,6.1053e+01,6.0493e+01,6.0408e+01,6.0060e+01,6.0462e+01,6.0575e+01,6.1286e+01,6.2106e+01,6.1576e+01,6.1306e+01,6.1244e+01,6.2059e+01,6.1635e+01,6.1449e+01,6.1029e+01,6.1482e+01,6.2195e+01,6.3053e+01,6.3889e+01,6.5076e+01,6.5640e+01,6.6908e+01,6.7590e+01,6.8716e+01,6.9062e+01,6.9674e+01,7.0379e+01,7.0268e+01,6.9302e+01,7.0536e+01,7.0749e+01,7.2490e+01,7.2263e+01,7.1927e+01,7.0401e+01,6.9000e+01,6.8225e+01,6.7016e+01,6.6695e+01,6.7731e+01,6.8374e+01,6.7640e+01,6.8438e+01,6.8283e+01,6.9010e+01,6.8753e+01,6.8482e+01,6.9747e+01,7.0178e+01,7.0202e+01,7.0633e+01,6.9775e+01,6.8193e+01,6.7242e+01,6.6832e+01,6.5558e+01,6.4955e+01,6.5252e+01,6.6240e+01,6.5948e+01,6.5573e+01,6.6299e+01,6.6712e+01,6.6174e+01,6.6947e+01,6.6408e+01,6.6998e+01,6.7236e+01,6.8048e+01,6.9403e+01,6.9860e+01,7.1565e+01,7.1473e+01,7.1318e+01,6.9940e+01,7.0168e+01,7.0579e+01,7.2112e+01,7.2582e+01,7.3839e+01,7.5486e+01,7.6622e+01,7.7749e+01,7.6450e+01,7.6342e+01,7.6798e+01,7.5041e+01,7.3581e+01,7.2686e+01,7.1413e+01,7.0536e+01,6.9372e+01,6.9568e+01,6.7983e+01,6.6814e+01,6.5502e+01,6.5045e+01,6.4018e+01,6.4114e+01,6.4578e+01,6.4570e+01,6.5540e+01,6.5337e+01,6.4519e+01,6.4664e+01,6.4727e+01,6.5031e+01,6.4535e+01,6.4353e+01
5.8569e+01,5.8865e+01,5.8719e+01,5.8986e+01,5.9163e+01,5.9157e+01,5.9274e+01,5.9705e+01,5.9869e+01,5.9922e+01,5.9962e+01,6.0675e+01,6.0869e+01,6.1636e+01,6.2295e+01,6.2521e+01,6.1495e+01,6.1605e+01,6.1276e+01,6.0571e+01,6.0273e+01,5.9691e+01,5.9578e+01,5.9690e+01,5.9639e+01,6.0123e+01,6.0428e+01,6.1092e+01,6.1195e+01,6.2074e+01,6.2705e+01,6.3492e+01,6.3653e+01,6.4790e+01,6.4638e+01,6.3675e+01,6.3207e+01,6.3949e+01,6.3469e+01,6.2426e+01,6.3118e+01,6.4230e+01,6.5433e+01,6.7087e+01,6.7329e+01,6.5941e+01,6.4471e+01,6.3586e+01,6.2466e+01,6.2009e+01,6.1194e+01,6.0899e+01,6.0147e+01,5.9783e+01,5.9408e+01,5.9565e+01,5.9961e+01,6.0147e+01,6.0042e+01,5.9975e+01,6.0360e+01,6.0404e+01,6.1094e+01,6.1100e+01,6.0549e+01,6.0489e+01,6.0153e+01,6.0583e+01,6.0703e+01,6.1441e+01,6.2266e+01,6.1709e+01,6.1428e+01,6.1381e+01,6.2219e+01,6.1802e+01,6.1621e+01,6.1187e+01,6.1652e+01,6.2384e+01,6.3251e+01,6.4092e+01,6.5293e+01,6.5850e+01,6.7123e+01,6.7801e+01,6.8933e+01,6.9280e+01,6.9909e+01,7.0626e+01,7.0526e+01,6.9552e+01,7.0784e+01,7.1002e+01,7.2749e+01,7.2509e+01,7.2161e+01,7.0625e+01,6.9217e+01,6.8448e+01,6.7235e+01,6.6922e+01,6.7975e+01,6.8615e+01,6.7876e+01,6.8688e+01,6.8542e+01,6.9280e+01,6.9030e+01,6.8759e+01,7.0033e+01,7.0468e+01,7.0488e+01,7.0916e+01,7.0051e+01,6.8457e+01,6.7502e+01,6.7080e+01,6.5793e+01,6.5173e+01,6.5466e+01,6.6451e+01,6.6142e+01,6.5761e+01,6.6482e+01,6.6899e+01,6.6363e+01,6.7140e+01,6.6593e+01,6.7184e+01,6.7406e+01,6.8219e+01,6.9564e+01,7.0003e+01,7.1699e+01,7.1609e+01,7.1471e+01,7.0097e+01,7.0317e+01,7.0745e+01,7.2289e+01,7.2774e+01,7.4043e+01,7.5692e+01,7.6839e+01,7.7969e+01,7.6672e+01,7.6574e+01,7.7031e+01,7.5266e+01,7.3805e+01,7.2899e+01,7.1622e+01,7.0731e+01,6.9562e+01,6.9747e+01,6.8152e+01,6.6986e+01,6.5668e+01,6.5191e+01,6.4157e+01,6.4249e+01,6.4730e+01,6.4719e+01,6.5696e+01,6.5480e+01,6.4654e+01,6.4791e+01,6.4847e+01,6.5154e+01,6.4654e+01,6.4465e+01
5.8867e+01,5.9165e+01,5.9003e+01,5.9288e+01,5.9484e+01,5.9480e+01,5.9611e+01,6.0055e+01,6.0206e+01,6.0246e+01,6.0282e+01,6.0999e+01,6.1204e+01,6.1961e+01,6.2618e+01,6.2830e+01,6.1811e+01,6.1929e+01,6.1595e+01,6.0887e+01,6.0581e+01,6.0004e+01,5.9908e+01,6.0033e+01,5.9995e+01,6.0485e+01,6.0793e+01,6.1461e+01,6.1563e+01,6.2451e+01,6.3081e+01,6.3864e+01,6.4019e+01,6.5149e+01,6.4985e+01,6.4018e+01,6.3545e+01,6.4277e+01,6.3792e+01,6.2746e+01,6.3423e+01,6.4517e+01,6.5715e+01,6.7355e+01,6.7614e+01,6.6245e+01,6.4779e+01,6.3911e+01,6.2788e+01,6.2318e+01,6.1496e+01,6.1217e+01,6.0461e+01,6.0110e+01,5.9734e+01,5.9910e+01,6.0315e+01,6.0510e+01,6.0409e+01,6.0334e+01,6.0730e+01,6.0766e+01,6.1464e+01,6.1461e+01,6.0906e+01,6.0851e+01,6.0519e+01,6.0955e+01,6.1068e+01,6.1811e+01,6.2630e+01,6.2069e+01,6.1777e+01,6.1733e+01,6.2572e+01,6.2162e+01,6.1995e+01,6.1563e+01,6.2035e+01,6.2770e+01,6.3637e+01,6.4469e+01,6.5670e+01,6.6223e+01,6.7489e+01,6.8165e+01,6.9285e+01,6.9619e+01,7.0255e+01,7.0981e+01,7.0886e+01,6.9909e+01,7.1128e+01,7.1340e+01,7.3080e+01,7.2830e+01,7.2479e+01,7.0943e+01,6.9547e+01,6.8790e+01,6.7591e+01,6.7285e+01,6.8338e+01,6.8966e+01,6.8228e+01,6.9041e+01,6.8898e+01,6.9642e+01,6.9399e+01,6.9136e+01,7.0410e+01,7.0850e+01,7.0871e+01,7.1302e+01,7.0438e+01,6.8849e+01,6.7891e+01,6.7468e+01,6.6187e+01,6.5566e+01,6.5863e+01,6.6843e+01,6.6527e+01,6.6138e+01,6.6850e+01,6.7259e+01,6.6719e+01,6.7485e+01,6.6930e+01,6.7509e+01,6.7714e+01,6.8514e+01,6.9841e+01,7.0258e+01,7.1935e+01,7.1852e+01,7.1734e+01,7.0377e+01,7.0592e+01,7.1035e+01,7.2576e+01,7.3066e+01,7.4336e+01,7.5970e+01,7.7115e+01,7.8245e+01,7.6963e+01,7.6877e+01,7.7338e+01,7.5581e+01,7.4130e+01,7.3222e+01,7.1950e+01,7.1052e+01,6.9889e+01,7.0059e+01,6.8472e+01,6.7323e+01,6.6013e+01,6.5525e+01,6.4499e+01,6.4599e+01,6.5092e+01,6.5090e+01,6.6069e+01,6.5839e+01,6.5000e+01,6.5123e+01,6.5172e+01,6.5467e+01,6.4955e+01,6.4756e+01
5.8933e+01,5.9231e+01,5.9056e+01,5.9353e+01,5.9562e+01,5.9562e+01,5.9710e+01,6.0163e+01,6.0300e+01,6.0332e+01,6.0368e+01,6.1090e+01,6.1302e+01,6.2054e+01,6.2713e+01,6.2910e+01,6.1891e+01,6.2015e+01,6.1671e+01,6.0957e+01,6.0641e+01,6.0071e+01,5.9990e+01,6.0128e+01,6.0104e+01,6.0598e+01,6.0908e+01,6.1578e+01,6.1681e+01,6.2579e+01,6.3214e+01,6.3990e+01,6.4136e+01,6.5261e+01,6.5081e+01,6.4108e+01,6.3630e+01,6.4356e+01,6.3867e+01,6.2820e+01,6.3487e+01,6.4565e+01,6.5761e+01,6.7392e+01,6.7666e+01,6.6310e+01,6.4847e+01,6.3992e+01,6.2867e+01,6.2385e+01,6.1561e+01,6.1299e+01,6.0540e+01,6.0200e+01,5.9822e+01,6.0016e+01,6.0435e+01,6.0642e+01,6.0541e+01,6.0461e+01,6.0870e+01,6.0897e+01,6.1608e+01,6.1592e+01,6.1027e+01,6.0976e+01,6.0645e+01,6.1087e+01,6.1190e+01,6.1940e+01,6.2760e+01,6.2191e+01,6.1884e+01,6.1840e+01,6.2684e+01,6.2278e+01,6.2125e+01,6.1693e+01,6.2179e+01,6.2916e+01,6.3785e+01,6.4609e+01,6.5813e+01,6.6362e+01,6.7628e+01,6.8304e+01,6.9417e+01,6.9741e+01,7.0387e+01,7.1128e+01,7.1041e+01,7.0052e+01,7.1260e+01,7.1467e+01,7.3208e+01,7.2944e+01,7.2587e+01,7.1046e+01,6.9657e+01,6.8908e+01,6.7718e+01,6.7417e+01,6.8476e+01,6.9089e+01,6.8346e+01,6.9166e+01,6.9031e+01,6.9790e+01,6.9562e+01,6.9310e+01,7.0595e+01,7.1051e+01,7.1076e+01,7.1521e+01,7.0647e+01,6.9055e+01,6.8083e+01,6.7649e+01,6.6365e+01,6.5734e+01,6.6041e+01,6.7018e+01,6.6692e+01,6.6288e+01,6.6994e+01,6.7392e+01,6.6844e+01,6.7600e+01,6.7032e+01,6.7600e+01,6.7791e+01,6.8580e+01,6.9895e+01,7.0294e+01,7.1958e+01,7.1885e+01,7.1784e+01,7.0443e+01,7.0659e+01,7.1116e+01,7.2662e+01,7.3157e+01,7.4435e+01,7.6063e+01,7.7210e+01,7.8347e+01,7.7075e+01,7.6999e+01,7.7470e+01,7.5712e+01,7.4261e+01,7.3347e+01,7.2071e+01,7.1162e+01,6.9996e+01,7.0152e+01,6.8564e+01,6.7427e+01,6.6115e+01,6.5618e+01,6.4598e+01,6.4707e+01,6.5212e+01,6.5220e+01,6.6203e+01,6.5966e+01,6.5123e+01,6.5239e+01,6.5283e+01,6.5571e+01,6.5053e+01,6.4853e+01
5.9034e+01,5.9333e+01,5.9150e+01,5.9461e+01,5.9681e+01,5.9685e+01,5.9843e+01,6.0309e+01,6.0436e+01,6.0457e+01,6.0490e+01,6.1222e+01,6.1447e+01,6.2198e+01,6.2862e+01,6.3046e+01,6.2026e+01,6.2158e+01,6.1807e+01,6.1084e+01,6.0759e+01,6.0188e+01,6.0119e+01,6.0267e+01,6.0253e+01,6.0753e+01,6.1063e+01,6.1737e+01,6.1835e+01,6.2740e+01,6.3373e+01,6.4145e+01,6.4289e+01,6.5410e+01,6.5223e+01,6.4248e+01,6.3763e+01,6.4481e+01,6.3987e+01,6.2941e+01,6.3598e+01,6.4667e+01,6.5857e+01,6.7478e+01,6.7759e+01,6.6414e+01,6.4956e+01,6.4112e+01,6.2987e+01,6.2499e+01,6.1671e+01,6.1420e+01,6.0656e+01,6.0325e+01,5.9943e+01,6.0153e+01,6.0580e+01,6.0796e+01,6.0698e+01,6.0610e+01,6.1030e+01,6.1048e+01,6.1769e+01,6.1744e+01,6.1176e+01,6.1134e+01,6.0805e+01,6.1259e+01,6.1361e+01,6.2121e+01,6.2946e+01,6.2367e+01,6.2048e+01,6.2007e+01,6.2858e+01,6.2454e+01,6.2306e+01,6.1868e+01,6.2359e+01,6.3100e+01,6.3966e+01,6.4785e+01,6.5989e+01,6.6531e+01,6.7791e+01,6.8463e+01,6.9570e+01,6.9888e+01,7.0542e+01,7.1293e+01,7.1214e+01,7.0221e+01,7.1419e+01,7.1626e+01,7.3364e+01,7.3091e+01,7.2727e+01,7.1184e+01,6.9800e+01,6.9061e+01,6.7878e+01,6.7584e+01,6.8647e+01,6.9252e+01,6.8510e+01,6.9335e+01,6.9208e+01,6.9972e+01,6.9753e+01,6.9505e+01,7.0792e+01,7.1256e+01,7.1278e+01,7.1726e+01,7.0846e+01,6.9256e+01,6.8278e+01,6.7837e+01,6.6555e+01,6.5919e+01,6.6230e+01,6.7200e+01,6.6867e+01,6.6455e+01,6.7154e+01,6.7547e+01,6.6998e+01,6.7748e+01,6.7175e+01,6.7735e+01,6.7915e+01,6.8698e+01,7.0001e+01,7.0387e+01,7.2039e+01,7.1971e+01,7.1881e+01,7.0551e+01,7.0764e+01,7.1230e+01,7.2776e+01,7.3275e+01,7.4557e+01,7.6180e+01,7.7329e+01,7.8469e+01,7.7203e+01,7.7135e+01,7.7610e+01,7.5852e+01,7.4403e+01,7.3484e+01,7.2210e+01,7.1293e+01,7.0129e+01,7.0278e+01,6.8693e+01,6.7565e+01,6.6258e+01,6.5754e+01,6.4740e+01,6.4853e+01,6.5363e+01,6.5375e+01,6.6357e+01,6.6116e+01,6.5268e+01,6.5381e+01,6.5418e+01,6.5699e+01,6.5175e+01,6.4970e+01
5.9382e+01,5.9677e+01,5.9497e+01,5.9810e+01,6.0033e+01,6.0037e+01,6.0202e+01,6.0676e+01,6.0793e+01,6.0804e+01,6.0833e+01,6.1565e+01,6.1799e+01,6.2545e+01,6.3215e+01,6.3385e+01,6.2368e+01,6.2509e+01,6.2151e+01,6.1425e+01,6.1097e+01,6.0531e+01,6.0474e+01,6.0628e+01,6.0625e+01,6.1130e+01,6.1443e+01,6.2121e+01,6.2217e+01,6.3128e+01,6.3761e+01,6.4530e+01,6.4673e+01,6.5793e+01,6.5596e+01,6.4617e+01,6.4128e+01,6.4839e+01,6.4340e+01,6.3293e+01,6.3937e+01,6.4993e+01,6.6171e+01,6.7780e+01,6.8070e+01,6.6741e+01,6.5291e+01,6.4457e+01,6.3333e+01,6.2836e+01,6.2007e+01,6.1767e+01,6.1005e+01,6.0683e+01,6.0302e+01,6.0521e+01,6.0953e+01,6.1173e+01,6.1077e+01,6.0982e+01,6.1407e+01,6.1416e+01,6.2138e+01,6.2104e+01,6.1537e+01,6.1503e+01,6.1180e+01,6.1643e+01,6.1741e+01,6.2511e+01,6.3336e+01,6.2746e+01,6.2415e+01,6.2378e+01,6.3234e+01,6.2836e+01,6.2697e+01,6.2255e+01,6.2754e+01,6.3499e+01,6.4367e+01,6.5181e+01,6.6391e+01,6.6924e+01,6.8182e+01,6.8849e+01,6.9952e+01,7.0265e+01,7.0931e+01,7.1693e+01,7.1624e+01,7.0624e+01,7.1812e+01,7.2018e+01,7.3756e+01,7.3469e+01,7.3098e+01,7.1552e+01,7.0173e+01,6.9441e+01,6.8265e+01,6.7978e+01,6.9046e+01,6.9640e+01,6.8895e+01,6.9728e+01,6.9609e+01,7.0386e+01,7.0180e+01,6.9938e+01,7.1232e+01,7.1705e+01,7.1726e+01,7.2178e+01,7.1291e+01,6.9699e+01,6.8715e+01,6.8263e+01,6.6980e+01,6.6335e+01,6.6649e+01,6.7610e+01,6.7266e+01,6.6846e+01,6.7537e+01,6.7924e+01,6.7374e+01,6.8118e+01,6.7540e+01,6.8095e+01,6.8265e+01,6.9041e+01,7.0331e+01,7.0704e+01,7.2339e+01,7.2274e+01,7.2198e+01,7.0879e+01,7.1088e+01,7.1566e+01,7.3115e+01,7.3623e+01,7.4910e+01,7.6529e+01,7.7681e+01,7.8825e+01,7.7566e+01,7.7509e+01,7.7988e+01,7.6229e+01,7.4781e+01,7.3857e+01,7.2581e+01,7.1654e+01,7.0489e+01,7.0624e+01,6.9041e+01,6.7923e+01,6.6619e+01,6.6107e+01,6.5095e+01,6.5207e+01,6.5725e+01,6.5739e+01,6.6727e+01,6.6482e+01,6.5636e+01,6.5742e+01,6.5769e+01,6.6047e+01,6.5528e+01,6.5326e+01
5.9592e+01,5.9886e+01,5.9704e+01,6.0024e+01,6.0250e+01,6.0252e+01,6.0418e+01,6.0893e+01,6.1002e+01,6.1006e+01,6.1033e+01,6.1759e+01,6.1998e+01,6.2736e+01,6.3405e+01,6.3561e+01,6.2553e+01,6.2697e+01,6.2336e+01,6.1615e+01,6.1289e+01,6.0736e+01,6.0685e+01,6.0842e+01,6.0848e+01,6.1352e+01,6.1666e+01,6.2339e+01,6.2439e+01,6.3350e+01,6.3985e+01,6.4746e+01,6.4878e+01,6.5986e+01,6.5778e+01,6.4798e+01,6.4313e+01,6.5017e+01,6.4522e+01,6.3484e+01,6.4120e+01,6.5158e+01,6.6332e+01,6.7926e+01,6.8227e+01,6.6911e+01,6.5470e+01,6.4652e+01,6.3535e+01,6.3037e+01,6.2215e+01,6.1985e+01,6.1227e+01,6.0909e+01,6.0529e+01,6.0749e+01,6.1183e+01,6.1402e+01,6.1303e+01,6.1208e+01,6.1627e+01,6.1631e+01,6.2343e+01,6.2305e+01,6.1745e+01,6.1715e+01,6.1398e+01,6.1861e+01,6.1957e+01,6.2726e+01,6.3547e+01,6.2956e+01,6.2617e+01,6.2578e+01,6.3430e+01,6.3034e+01,6.2902e+01,6.2468e+01,6.2968e+01,6.3708e+01,6.4573e+01,6.5378e+01,6.6585e+01,6.7114e+01,6.8365e+01,6.9032e+01,7.0122e+01,7.0423e+01,7.1092e+01,7.1862e+01,7.1799e+01,7.0792e+01,7.1968e+01,7.2166e+01,7.3901e+01,7.3605e+01,7.3231e+01,7.1683e+01,7.0317e+01,6.9596e+01,6.8434e+01,6.8151e+01,6.9216e+01,6.9797e+01,6.9048e+01,6.9880e+01,6.9763e+01,7.0549e+01,7.0352e+01,7.0118e+01,7.1415e+01,7.1891e+01,7.1916e+01,7.2372e+01,7.1487e+01,6.9899e+01,6.8914e+01,6.8460e+01,6.7187e+01,6.6545e+01,6.6864e+01,6.7820e+01,6.7478e+01,6.7052e+01,6.7736e+01,6.8113e+01,6.7557e+01,6.8286e+01,6.7700e+01,6.8240e+01,6.8394e+01,6.9154e+01,7.0427e+01,7.0781e+01,7.2401e+01,7.2347e+01,7.2289e+01,7.0988e+01,7.1198e+01,7.1690e+01,7.3237e+01,7.3747e+01,7.5036e+01,7.6641e+01,7.7793e+01,7.8940e+01,7.7695e+01,7.7647e+01,7.8134e+01,7.6380e+01,7.4939e+01,7.4015e+01,7.2740e+01,7.1807e+01,7.0643e+01,7.0761e+01,6.9184e+01,6.8086e+01,6.6793e+01,6.6276e+01,6.5278e+01,6.5400e+01,6.5922e+01,6.5946e+01,6.6943e+01,6.6693e+01,6.5854e+01,6.5947e+01,6.5955e+01,6.6214e+01,6.5691e+01,6.5476e+01
5.9763e+01,6.0058e+01,5.9890e+01,6.0215e+01,6.0432e+01,6.0427e+01,6.0585e+01,6.1060e+01,6.1171e+01,6.1175e+01,6.1197e+01,6.1919e+01,6.2162e+01,6.2899e+01,6.3569e+01,6.3719e+01,6.2715e+01,6.2861e+01,6.2500e+01,6.1786e+01,6.1468e+01,6.0918e+01,6.0864e+01,6.1015e+01,6.1018e+01,6.1519e+01,6.1830e+01,6.2500e+01,6.2598e+01,6.3502e+01,6.4131e+01,6.4890e+01,6.5024e+01,6.6126e+01,6.5920e+01,6.4948e+01,6.4468e+01,6.5168e+01,6.4678e+01,6.3649e+01,6.4283e+01,6.5317e+01,6.6480e+01,6.8063e+01,6.8358e+01,6.7050e+01,6.5619e+01,6.4804e+01,6.3697e+01,6.3206e+01,6.2390e+01,6.2158e+01,6.1405e+01,6.1085e+01,6.0707e+01,6.0919e+01,6.1344e+01,6.1556e+01,6.1459e+01,6.1363e+01,6.1776e+01,6.1780e+01,6.2483e+01,6.2448e+01,6.1898e+01,6.1872e+01,6.1558e+01,6.2023e+01,6.2121e+01,6.2889e+01,6.3711e+01,6.3119e+01,6.2778e+01,6.2738e+01,6.3586e+01,6.3189e+01,6.3056e+01,6.2620e+01,6.3116e+01,6.3852e+01,6.4711e+01,6.5512e+01,6.6714e+01,6.7238e+01,6.8484e+01,6.9148e+01,7.0232e+01,7.0532e+01,7.1201e+01,7.1973e+01,7.1914e+01,7.0907e+01,7.2077e+01,7.2275e+01,7.4005e+01,7.3705e+01,7.3330e+01,7.1786e+01,7.0426e+01,6.9709e+01,6.8553e+01,6.8272e+01,6.9333e+01,6.9909e+01,6.9160e+01,6.9991e+01,6.9877e+01,7.0668e+01,7.0478e+01,7.0249e+01,7.1545e+01,7.2024e+01,7.2048e+01,7.2503e+01,7.1617e+01,7.0033e+01,6.9050e+01,6.8592e+01,6.7323e+01,6.6680e+01,6.6995e+01,6.7943e+01,6.7599e+01,6.7176e+01,6.7855e+01,6.8230e+01,6.7678e+01,6.8403e+01,6.7820e+01,6.8356e+01,6.8512e+01,6.9267e+01,7.0531e+01,7.0882e+01,7.2490e+01,7.2438e+01,7.2383e+01,7.1090e+01,7.1300e+01,7.1790e+01,7.3331e+01,7.3841e+01,7.5127e+01,7.6728e+01,7.7878e+01,7.9025e+01,7.7783e+01,7.7738e+01,7.8224e+01,7.6471e+01,7.5034e+01,7.4110e+01,7.2838e+01,7.1907e+01,7.0747e+01,7.0862e+01,6.9296e+01,6.8203e+01,6.6919e+01,6.6409e+01,6.5417e+01,6.5537e+01,6.6049e+01,6.6072e+01,6.7064e+01,6.6818e+01,6.5986e+01,6.6084e+01,6.6085e+01,6.6333e+01,6.5809e+01,6.5596e+01
5.9790e+01,6.0082e+01,5.9907e+01,6.0233e+01,6.0456e+01,6.0454e+01,6.0616e+01,6.1093e+01,6.1196e+01,6.1195e+01,6.1216e+01,6.1936e+01,6.2184e+01,6.2914e+01,6.3584e+01,6.3724e+01,6.2726e+01,6.2874e+01,6.2512e+01,6.1799e+01,6.1481e+01,6.0936e+01,6.0886e+01,6.1042e+01,6.1052e+01,6.1551e+01,6.1862e+01,6.2525e+01,6.2626e+01,6.3533e+01,6.4167e+01,6.4913e+01,6.5034e+01,6.6125e+01,6.5905e+01,6.4932e+01,6.4454e+01,6.5147e+01,6.4660e+01,6.3638e+01,6.4264e+01,6.5282e+01,6.6446e+01,6.8018e+01,6.8327e+01,6.7030e+01,6.5602e+01,6.4803e+01,6.3700e+01,6.3205e+01,6.2397e+01,6.2179e+01,6.1428e+01,6.1114e+01,6.0738e+01,6.0956e+01,6.1389e+01,6.1607e+01,6.1507e+01,6.1414e+01,6.1828e+01,6.1829e+01,6.2533e+01,6.2491e+01,6.1936e+01,6.1910e+01,6.1598e+01,6.2062e+01,6.2153e+01,6.2921e+01,6.3742e+01,6.3150e+01,6.2800e+01,6.2756e+01,6.3601e+01,6.3204e+01,6.3077e+01,6.2646e+01,6.3147e+01,6.3878e+01,6.4734e+01,6.5523e+01,6.6723e+01,6.7242e+01,6.8484e+01,6.9149e+01,7.0223e+01,7.0511e+01,7.1188e+01,7.1971e+01,7.1919e+01,7.0903e+01,7.2062e+01,7.2254e+01,7.3984e+01,7.3673e+01,7.3294e+01,7.1746e+01,7.0396e+01,6.9687e+01,6.8542e+01,6.8265e+01,6.9325e+01,6.9890e+01,6.9137e+01,6.9969e+01,6.9859e+01,7.0660e+01,7.0481e+01,7.0262e+01,7.1565e+01,7.2052e+01,7.2081e+01,7.2546e+01,7.1658e+01,7.0074e+01,6.9085e+01,6.8621e+01,6.7354e+01,6.6709e+01,6.7034e+01,6.7982e+01,6.7637e+01,6.7202e+01,6.7877e+01,6.8237e+01,6.7674e+01,6.8385e+01,6.7792e+01,6.8315e+01,6.8458e+01,6.9202e+01,7.0453e+01,7.0787e+01,7.2382e+01,7.2339e+01,7.2300e+01,7.1022e+01,7.1233e+01,7.1737e+01,7.3281e+01,7.3792e+01,7.5085e+01,7.6679e+01,7.7831e+01,7.8985e+01,7.7754e+01,7.7717e+01,7.8212e+01,7.6459e+01,7.5022e+01,7.4096e+01,7.2820e+01,7.1881e+01,7.0720e+01,7.0819e+01,6.9255e+01,6.8178e+01,6.6901e+01,6.6384e+01,6.5407e+01,6.5543e+01,6.6061e+01,6.6095e+01,6.7099e+01,6.6851e+01,6.6029e+01,6.6120e+01,6.6108e+01,6.6335e+01,6.5805e+01,6.5580e+01
6.0226e+01,6.0516e+01,6.0326e+01,6.0638e+01,6.0868e+01,6.0878e+01,6.1048e+01,6.1514e+01,6.1603e+01,6.1611e+01,6.1650e+01,6.2368e+01,6.2607e+01,6.3318e+01,6.3971e+01,6.4094e+01,6.3106e+01,6.3242e+01,6.2869e+01,6.2169e+01,6.1849e+01,6.1325e+01,6.1274e+01,6.1439e+01,6.1459e+01,6.1941e+01,6.2243e+01,6.2886e+01,6.2992e+01,6.3888e+01,6.4524e+01,6.5245e+01,6.5346e+01,6.6410e+01,6.6177e+01,6.5213e+01,6.4746e+01,6.5428e+01,6.4959e+01,6.3963e+01,6.4583e+01,6.5576e+01,6.6733e+01,6.8277e+01,6.8590e+01,6.7314e+01,6.5904e+01,6.5128e+01,6.4048e+01,6.3568e+01,6.2787e+01,6.2577e+01,6.1839e+01,6.1527e+01,6.1159e+01,6.1371e+01,6.1805e+01,6.2029e+01,6.1931e+01,6.1853e+01,6.2267e+01,6.2280e+01,6.2989e+01,6.2948e+01,6.2383e+01,6.2345e+01,6.2024e+01,6.2475e+01,6.2551e+01,6.3305e+01,6.4122e+01,6.3543e+01,6.3181e+01,6.3122e+01,6.3947e+01,6.3547e+01,6.3431e+01,6.3012e+01,6.3512e+01,6.4221e+01,6.5063e+01,6.5828e+01,6.7014e+01,6.7523e+01,6.8748e+01,6.9412e+01,7.0459e+01,7.0727e+01,7.1406e+01,7.2200e+01,7.2156e+01,7.1133e+01,7.2268e+01,7.2450e+01,7.4168e+01,7.3843e+01,7.3462e+01,7.1920e+01,7.0593e+01,6.9903e+01,6.8784e+01,6.8516e+01,6.9567e+01,7.0109e+01,6.9359e+01,7.0190e+01,7.0088e+01,7.0901e+01,7.0740e+01,7.0535e+01,7.1839e+01,7.2338e+01,7.2372e+01,7.2847e+01,7.1959e+01,7.0387e+01,6.9391e+01,6.8921e+01,6.7675e+01,6.7036e+01,6.7373e+01,6.8310e+01,6.7971e+01,6.7521e+01,6.8186e+01,6.8522e+01,6.7947e+01,6.8630e+01,6.8028e+01,6.8527e+01,6.8654e+01,6.9372e+01,7.0599e+01,7.0912e+01,7.2483e+01,7.2456e+01,7.2436e+01,7.1189e+01,7.1407e+01,7.1921e+01,7.3455e+01,7.3957e+01,7.5244e+01,7.6818e+01,7.7959e+01,7.9120e+01,7.7909e+01,7.7880e+01,7.8389e+01,7.6648e+01,7.5220e+01,7.4304e+01,7.3031e+01,7.2093e+01,7.0937e+01,7.1015e+01,6.9470e+01,6.8422e+01,6.7166e+01,6.6655e+01,6.5706e+01,6.5862e+01,6.6376e+01,6.6428e+01,6.7431e+01,6.7175e+01,6.6361e+01,6.6435e+01,6.6398e+01,6.6590e+01,6.6056e+01,6.5817e+01
6.0612e+01,6.0906e+01,6.0718e+01,6.1029e+01,6.1264e+01,6.1284e+01,6.1456e+01,6.1928e+01,6.2016e+01,6.2025e+01,6.2064e+01,6.2788e+01,6.3033e+01,6.3747e+01,6.4403e+01,6.4520e+01,6.3529e+01,6.3664e+01,6.3285e+01,6.2579e+01,6.2250e+01,6.1723e+01,6.1668e+01,6.1840e+01,6.1861e+01,6.2334e+01,6.2622e+01,6.3252e+01,6.3346e+01,6.4236e+01,6.4859e+01,6.5567e+01,6.5667e+01,6.6720e+01,6.6479e+01,6.5526e+01,6.5052e+01,6.5714e+01,6.5241e+01,6.4257e+01,6.4858e+01,6.5828e+01,6.6967e+01,6.8487e+01,6.8807e+01,6.7554e+01,6.6163e+01,6.5407e+01,6.4342e+01,6.3864e+01,6.3098e+01,6.2900e+01,6.2179e+01,6.1883e+01,6.1531e+01,6.1749e+01,6.2175e+01,6.2409e+01,6.2327e+01,6.2253e+01,6.2679e+01,6.2695e+01,6.3412e+01,6.3372e+01,6.2806e+01,6.2773e+01,6.2445e+01,6.2899e+01,6.2971e+01,6.3725e+01,6.4551e+01,6.3973e+01,6.3603e+01,6.3536e+01,6.4359e+01,6.3946e+01,6.3827e+01,6.3399e+01,6.3894e+01,6.4592e+01,6.5416e+01,6.6164e+01,6.7337e+01,6.7826e+01,6.9033e+01,6.9681e+01,7.0717e+01,7.0984e+01,7.1675e+01,7.2476e+01,7.2449e+01,7.1430e+01,7.2550e+01,7.2738e+01,7.4447e+01,7.4109e+01,7.3713e+01,7.2177e+01,7.0855e+01,7.0185e+01,6.9079e+01,6.8830e+01,6.9885e+01,7.0422e+01,6.9683e+01,7.0521e+01,7.0433e+01,7.1248e+01,7.1099e+01,7.0893e+01,7.2193e+01,7.2696e+01,7.2723e+01,7.3198e+01,7.2303e+01,7.0739e+01,6.9743e+01,6.9260e+01,6.8018e+01,6.7369e+01,6.7704e+01,6.8622e+01,6.8270e+01,6.7817e+01,6.8461e+01,6.8787e+01,6.8220e+01,6.8892e+01,6.8293e+01,6.8789e+01,6.8900e+01,6.9616e+01,7.0819e+01,7.1118e+01,7.2665e+01,7.2632e+01,7.2621e+01,7.1387e+01,7.1594e+01,7.2113e+01,7.3637e+01,7.4144e+01,7.5430e+01,7.6993e+01,7.8138e+01,7.9294e+01,7.8091e+01,7.8076e+01,7.8582e+01,7.6845e+01,7.5430e+01,7.4509e+01,7.3247e+01,7.2307e+01,7.1164e+01,7.1231e+01,6.9699e+01,6.8668e+01,6.7430e+01,6.6915e+01,6.5985e+01,6.6142e+01,6.6658e+01,6.6719e+01,6.7715e+01,6.7448e+01,6.6636e+01,6.6699e+01,6.6658e+01,6.6831e+01,6.6292e+01,6.6046e+01
6.0851e+01,6.1131e+01,6.0931e+01,6.1234e+01,6.1470e+01,6.1497e+01,6.1674e+01,6.2137e+01,6.2212e+01,6.2226e+01,6.2280e+01,6.3002e+01,6.3240e+01,6.3939e+01,6.4586e+01,6.4688e+01,6.3700e+01,6.3831e+01,6.3442e+01,6.2743e+01,6.2415e+01,6.1905e+01,6.1852e+01,6.2030e+01,6.2063e+01,6.2526e+01,6.2814e+01,6.3434e+01,6.3536e+01,6.4423e+01,6.5054e+01,6.5744e+01,6.5828e+01,6.6864e+01,6.6613e+01,6.5662e+01,6.5197e+01,6.5855e+01,6.5397e+01,6.4431e+01,6.5035e+01,6.5993e+01,6.7132e+01,6.8635e+01,6.8957e+01,6.7714e+01,6.6332e+01,6.5589e+01,6.4538e+01,6.4073e+01,6.3324e+01,6.3127e+01,6.2409e+01,6.2107e+01,6.1755e+01,6.1966e+01,6.2400e+01,6.2640e+01,6.2553e+01,6.2492e+01,6.2919e+01,6.2944e+01,6.3671e+01,6.3628e+01,6.3045e+01,6.2998e+01,6.2665e+01,6.3111e+01,6.3169e+01,6.3919e+01,6.4746e+01,6.4171e+01,6.3788e+01,6.3712e+01,6.4529e+01,6.4117e+01,6.4004e+01,6.3584e+01,6.4081e+01,6.4770e+01,6.5590e+01,6.6325e+01,6.7493e+01,6.7978e+01,6.9176e+01,6.9825e+01,7.0846e+01,7.1100e+01,7.1794e+01,7.2604e+01,7.2583e+01,7.1557e+01,7.2663e+01,7.2846e+01,7.4550e+01,7.4202e+01,7.3804e+01,7.2268e+01,7.0960e+01,7.0299e+01,6.9208e+01,6.8964e+01,7.0018e+01,7.0542e+01,6.9802e+01,7.0642e+01,7.0561e+01,7.1386e+01,7.1250e+01,7.1052e+01,7.2358e+01,7.2872e+01,7.2902e+01,7.3387e+01,7.2486e+01,7.0924e+01,6.9918e+01,6.9428e+01,6.8196e+01,6.7551e+01,6.7898e+01,6.8812e+01,6.8464e+01,6.7998e+01,6.8638e+01,6.8948e+01,6.8369e+01,6.9024e+01,6.8416e+01,6.8896e+01,6.8998e+01,6.9698e+01,7.0888e+01,7.1175e+01,7.2709e+01,7.2687e+01,7.2689e+01,7.1476e+01,7.1691e+01,7.2218e+01,7.3740e+01,7.4237e+01,7.5522e+01,7.7074e+01,7.8211e+01,7.9377e+01,7.8187e+01,7.8176e+01,7.8696e+01,7.6964e+01,7.5550e+01,7.4635e+01,7.3370e+01,7.2428e+01,7.1284e+01,7.1336e+01,6.9813e+01,6.8800e+01,6.7573e+01,6.7060e+01,6.6146e+01,6.6321e+01,6.6838e+01,6.6911e+01,6.7915e+01,6.7649e+01,6.6846e+01,6.6904e+01,6.6838e+01,6.6986e+01,6.6449e+01,6.6192e+01
6.1371e+01,6.1638e+01,6.1433e+01,6.1745e+01,6.1983e+01,6.2006e+01,6.2184e+01,6.2641e+01,6.2703e+01,6.2712e+01,6.2769e+01,6.3476e+01,6.3714e+01,6.4397e+01,6.5038e+01,6.5127e+01,6.4154e+01,6.4289e+01,6.3901e+01,6.3210e+01,6.2887e+01,6.2394e+01,6.2348e+01,6.2528e+01,6.2571e+01,6.3028e+01,6.3318e+01,6.3928e+01,6.4038e+01,6.4920e+01,6.5555e+01,6.6228e+01,6.6296e+01,6.7312e+01,6.7052e+01,6.6107e+01,6.5651e+01,6.6304e+01,6.5857e+01,6.4909e+01,6.5508e+01,6.6448e+01,6.7580e+01,6.9062e+01,6.9388e+01,6.8161e+01,6.6793e+01,6.6067e+01,6.5031e+01,6.4575e+01,6.3844e+01,6.3652e+01,6.2942e+01,6.2638e+01,6.2285e+01,6.2491e+01,6.2928e+01,6.3165e+01,6.3074e+01,6.3017e+01,6.3441e+01,6.3463e+01,6.4185e+01,6.4130e+01,6.3547e+01,6.3499e+01,6.3174e+01,6.3614e+01,6.3662e+01,6.4407e+01,6.5225e+01,6.4653e+01,6.4261e+01,6.4185e+01,6.4995e+01,6.4587e+01,6.4484e+01,6.4073e+01,6.4575e+01,6.5255e+01,6.6069e+01,6.6789e+01,6.7946e+01,6.8426e+01,6.9610e+01,7.0259e+01,7.1258e+01,7.1498e+01,7.2190e+01,7.3004e+01,7.2985e+01,7.1958e+01,7.3046e+01,7.3221e+01,7.4914e+01,7.4559e+01,7.4163e+01,7.2634e+01,7.1346e+01,7.0697e+01,6.9625e+01,6.9386e+01,7.0431e+01,7.0938e+01,7.0200e+01,7.1033e+01,7.0956e+01,7.1785e+01,7.1659e+01,7.1472e+01,7.2776e+01,7.3295e+01,7.3330e+01,7.3823e+01,7.2927e+01,7.1378e+01,7.0371e+01,6.9882e+01,6.8666e+01,6.8028e+01,6.8383e+01,6.9289e+01,6.8945e+01,6.8470e+01,6.9104e+01,6.9396e+01,6.8811e+01,6.9446e+01,6.8833e+01,6.9295e+01,6.9387e+01,7.0070e+01,7.1241e+01,7.1515e+01,7.3029e+01,7.3017e+01,7.3030e+01,7.1840e+01,7.2059e+01,7.2593e+01,7.4103e+01,7.4595e+01,7.5873e+01,7.7408e+01,7.8537e+01,7.9703e+01,7.8527e+01,7.8525e+01,7.9052e+01,7.7332e+01,7.5928e+01,7.5018e+01,7.3758e+01,7.2818e+01,7.1680e+01,7.1719e+01,7.0213e+01,6.9222e+01,6.8011e+01,6.7500e+01,6.6607e+01,6.6798e+01,6.7312e+01,6.7394e+01,6.8399e+01,6.8136e+01,6.7344e+01,6.7403e+01,6.7328e+01,6.7449e+01,6.6907e+01,6.6638e+01
6.1574e+01,6.1826e+01,6.1612e+01,6.1930e+01,6.2173e+01,6.2197e+01,6.2388e+01,6.2850e+01,6.2897e+01,6.2894e+01,6.2948e+01,6.3651e+01,6.3899e+01,6.4571e+01,6.5215e+01,6.5291e+01,6.4324e+01,6.4470e+01,6.4080e+01,6.3387e+01,6.3060e+01,6.2573e+01,6.2542e+01,6.2729e+01,6.2786e+01,6.3248e+01,6.3543e+01,6.4156e+01,6.4273e+01,6.5162e+01,6.5803e+01,6.6467e+01,6.6525e+01,6.7533e+01,6.7264e+01,6.6315e+01,6.5859e+01,6.6510e+01,6.6063e+01,6.5112e+01,6.5706e+01,6.6638e+01,6.7774e+01,6.9255e+01,6.9591e+01,6.8370e+01,6.7000e+01,6.6284e+01,6.5243e+01,6.4777e+01,6.4044e+01,6.3866e+01,6.3150e+01,6.2852e+01,6.2493e+01,6.2714e+01,6.3168e+01,6.3415e+01,6.3318e+01,6.3257e+01,6.3688e+01,6.3700e+01,6.4429e+01,6.4354e+01,6.3762e+01,6.3716e+01,6.3398e+01,6.3841e+01,6.3879e+01,6.4627e+01,6.5438e+01,6.4860e+01,6.4461e+01,6.4389e+01,6.5201e+01,6.4802e+01,6.4711e+01,6.4304e+01,6.4817e+01,6.5499e+01,6.6314e+01,6.7027e+01,6.8184e+01,6.8664e+01,6.9848e+01,7.0502e+01,7.1493e+01,7.1723e+01,7.2414e+01,7.3232e+01,7.3212e+01,7.2181e+01,7.3261e+01,7.3428e+01,7.5118e+01,7.4762e+01,7.4368e+01,7.2840e+01,7.1561e+01,7.0914e+01,6.9849e+01,6.9608e+01,7.0647e+01,7.1142e+01,7.0401e+01,7.1230e+01,7.1154e+01,7.1984e+01,7.1866e+01,7.1688e+01,7.2989e+01,7.3513e+01,7.3553e+01,7.4050e+01,7.3158e+01,7.1621e+01,7.0612e+01,7.0127e+01,6.8919e+01,6.8284e+01,6.8649e+01,6.9553e+01,6.9212e+01,6.8729e+01,6.9359e+01,6.9640e+01,6.9049e+01,6.9675e+01,6.9055e+01,6.9508e+01,6.9597e+01,7.0271e+01,7.1441e+01,7.1709e+01,7.3221e+01,7.3215e+01,7.3233e+01,7.2051e+01,7.2274e+01,7.2812e+01,7.4321e+01,7.4812e+01,7.6092e+01,7.7621e+01,7.8746e+01,7.9912e+01,7.8743e+01,7.8743e+01,7.9274e+01,7.7559e+01,7.6157e+01,7.5249e+01,7.3987e+01,7.3046e+01,7.1905e+01,7.1938e+01,7.0433e+01,6.9449e+01,6.8237e+01,6.7720e+01,6.6830e+01,6.7031e+01,6.7552e+01,6.7640e+01,6.8650e+01,6.8398e+01,6.7612e+01,6.7679e+01,6.7597e+01,6.7712e+01,6.7171e+01,6.6902e+01
6.2070e+01,6.2316e+01,6.2102e+01,6.2410e+01,6.2642e+01,6.2668e+01,6.2855e+01,6.3291e+01,6.3334e+01,6.3350e+01,6.3425e+01,6.4113e+01,6.4336e+01,6.4992e+01,6.5610e+01,6.5682e+01,6.4729e+01,6.4855e+01,6.4468e+01,6.3799e+01,6.3485e+01,6.3020e+01,6.2976e+01,6.3158e+01,6.3213e+01,6.3652e+01,6.3939e+01,6.4526e+01,6.4654e+01,6.5521e+01,6.6165e+01,6.6801e+01,6.6838e+01,6.7813e+01,6.7543e+01,6.6613e+01,6.6182e+01,6.6829e+01,6.6410e+01,6.5495e+01,6.6093e+01,6.7008e+01,6.8137e+01,6.9589e+01,6.9917e+01,6.8711e+01,6.7362e+01,6.6662e+01,6.5652e+01,6.5217e+01,6.4518e+01,6.4333e+01,6.3634e+01,6.3324e+01,6.2970e+01,6.3168e+01,6.3617e+01,6.3861e+01,6.3757e+01,6.3719e+01,6.4141e+01,6.4174e+01,6.4900e+01,6.4834e+01,6.4229e+01,6.4155e+01,6.3831e+01,6.4245e+01,6.4269e+01,6.4990e+01,6.5788e+01,6.5237e+01,6.4841e+01,6.4754e+01,6.5539e+01,6.5139e+01,6.5055e+01,6.4670e+01,6.5179e+01,6.5833e+01,6.6633e+01,6.7325e+01,6.8456e+01,6.8936e+01,7.0098e+01,7.0755e+01,7.1715e+01,7.1925e+01,7.2599e+01,7.3411e+01,7.3386e+01,7.2361e+01,7.3418e+01,7.3570e+01,7.5235e+01,7.4883e+01,7.4501e+01,7.2993e+01,7.1745e+01,7.1110e+01,7.0075e+01,6.9834e+01,7.0848e+01,7.1323e+01,7.0591e+01,7.1401e+01,7.1326e+01,7.2150e+01,7.2042e+01,7.1878e+01,7.3164e+01,7.3692e+01,7.3741e+01,7.4245e+01,7.3366e+01,7.1857e+01,7.0854e+01,7.0378e+01,6.9199e+01,6.8584e+01,6.8960e+01,6.9857e+01,6.9533e+01,6.9046e+01,6.9674e+01,6.9931e+01,6.9331e+01,6.9929e+01,6.9308e+01,6.9737e+01,6.9823e+01,7.0472e+01,7.1623e+01,7.1885e+01,7.3374e+01,7.3380e+01,7.3401e+01,7.2250e+01,7.2483e+01,7.3013e+01,7.4497e+01,7.4967e+01,7.6227e+01,7.7727e+01,7.8830e+01,7.9991e+01,7.8847e+01,7.8845e+01,7.9380e+01,7.7694e+01,7.6309e+01,7.5422e+01,7.4173e+01,7.3249e+01,7.2123e+01,7.2148e+01,7.0674e+01,6.9718e+01,6.8530e+01,6.8034e+01,6.7173e+01,6.7395e+01,6.7900e+01,6.8001e+01,6.9003e+01,6.8749e+01,6.7972e+01,6.8034e+01,6.7947e+01,6.8034e+01,6.7486e+01,6.7206e+01
6.2186e+01,6.2412e+01,6.2220e+01,6.2511e+01,6.2726e+01,6.2758e+01,6.2945e+01,6.3374e+01,6.3413e+01,6.3435e+01,6.3520e+01,6.4202e+01,6.4420e+01,6.5067e+01,6.5679e+01,6.5749e+01,6.4801e+01,6.4921e+01,6.4539e+01,6.3874e+01,6.3562e+01,6.3093e+01,6.3046e+01,6.3231e+01,6.3287e+01,6.3716e+01,6.3997e+01,6.4579e+01,6.4705e+01,6.5570e+01,6.6212e+01,6.6842e+01,6.6878e+01,6.7851e+01,6.7583e+01,6.6656e+01,6.6222e+01,6.6865e+01,6.6444e+01,6.5530e+01,6.6125e+01,6.7040e+01,6.8164e+01,6.9616e+01,6.9940e+01,6.8736e+01,6.7390e+01,6.6691e+01,6.5684e+01,6.5249e+01,6.4554e+01,6.4371e+01,6.3676e+01,6.3372e+01,6.3026e+01,6.3232e+01,6.3687e+01,6.3946e+01,6.3847e+01,6.3822e+01,6.4252e+01,6.4294e+01,6.5028e+01,6.4957e+01,6.4336e+01,6.4251e+01,6.3920e+01,6.4326e+01,6.4342e+01,6.5057e+01,6.5853e+01,6.5307e+01,6.4911e+01,6.4821e+01,6.5600e+01,6.5202e+01,6.5121e+01,6.4734e+01,6.5244e+01,6.5897e+01,6.6691e+01,6.7376e+01,6.8506e+01,6.8983e+01,7.0145e+01,7.0805e+01,7.1764e+01,7.1971e+01,7.2644e+01,7.3455e+01,7.3429e+01,7.2406e+01,7.3460e+01,7.3611e+01,7.5274e+01,7.4923e+01,7.4543e+01,7.3039e+01,7.1792e+01,7.1155e+01,7.0121e+01,6.9879e+01,7.0887e+01,7.1361e+01,7.0635e+01,7.1440e+01,7.1369e+01,7.2182e+01,7.2074e+01,7.1908e+01,7.3183e+01,7.3709e+01,7.3756e+01,7.4259e+01,7.3384e+01,7.1889e+01,7.0888e+01,7.0420e+01,6.9248e+01,6.8638e+01,6.9021e+01,6.9914e+01,6.9594e+01,6.9101e+01,6.9724e+01,6.9976e+01,6.9376e+01,6.9972e+01,6.9353e+01,6.9784e+01,6.9874e+01,7.0527e+01,7.1683e+01,7.1953e+01,7.3446e+01,7.3444e+01,7.3458e+01,7.2301e+01,7.2531e+01,7.3058e+01,7.4540e+01,7.5015e+01,7.6278e+01,7.7778e+01,7.8881e+01,8.0040e+01,7.8897e+01,7.8894e+01,7.9432e+01,7.7749e+01,7.6360e+01,7.5473e+01,7.4221e+01,7.3297e+01,7.2167e+01,7.2193e+01,7.0719e+01,6.9761e+01,6.8570e+01,6.8070e+01,6.7208e+01,6.7427e+01,6.7935e+01,6.8037e+01,6.9045e+01,6.8806e+01,6.8038e+01,6.8109e+01,6.8019e+01,6.8118e+01,6.7584e+01,6.7318e+01
6.2207e+01,6.2426e+01,6.2263e+01,6.2557e+01,6.2754e+01,6.2775e+01,6.2951e+01,6.3385e+01,6.3429e+01,6.3445e+01,6.3519e+01,6.4194e+01,6.4421e+01,6.5071e+01,6.5692e+01,6.5767e+01,6.4822e+01,6.4952e+01,6.4580e+01,6.3910e+01,6.3604e+01,6.3123e+01,6.3076e+01,6.3254e+01,6.3306e+01,6.3742e+01,6.4023e+01,6.4618e+01,6.4735e+01,6.5608e+01,6.6245e+01,6.6890e+01,6.6941e+01,6.7931e+01,6.7668e+01,6.6736e+01,6.6291e+01,6.6936e+01,6.6502e+01,6.5572e+01,6.6166e+01,6.7097e+01,6.8217e+01,6.9679e+01,6.9993e+01,6.8782e+01,6.7433e+01,6.6721e+01,6.5703e+01,6.5260e+01,6.4552e+01,6.4362e+01,6.3665e+01,6.3367e+01,6.3024e+01,6.3235e+01,6.3685e+01,6.3945e+01,6.3851e+01,6.3815e+01,6.4246e+01,6.4279e+01,6.5011e+01,6.4931e+01,6.4320e+01,6.4249e+01,6.3926e+01,6.4344e+01,6.4370e+01,6.5097e+01,6.5893e+01,6.5335e+01,6.4941e+01,6.4863e+01,6.5653e+01,6.5261e+01,6.5176e+01,6.4776e+01,6.5285e+01,6.5955e+01,6.6753e+01,6.7448e+01,6.8590e+01,6.9067e+01,7.0238e+01,7.0896e+01,7.1871e+01,7.2089e+01,7.2768e+01,7.3580e+01,7.3555e+01,7.2530e+01,7.3593e+01,7.3752e+01,7.5423e+01,7.5073e+01,7.4689e+01,7.3178e+01,7.1918e+01,7.1274e+01,7.0226e+01,6.9981e+01,7.0997e+01,7.1480e+01,7.0753e+01,7.1561e+01,7.1489e+01,7.2300e+01,7.2188e+01,7.2015e+01,7.3292e+01,7.3814e+01,7.3857e+01,7.4356e+01,7.3479e+01,7.1979e+01,7.0977e+01,7.0508e+01,6.9326e+01,6.8707e+01,6.9084e+01,6.9976e+01,6.9646e+01,6.9156e+01,6.9779e+01,7.0046e+01,6.9454e+01,7.0065e+01,6.9451e+01,6.9897e+01,6.9992e+01,7.0659e+01,7.1823e+01,7.2104e+01,7.3606e+01,7.3594e+01,7.3600e+01,7.2428e+01,7.2652e+01,7.3176e+01,7.4666e+01,7.5152e+01,7.6423e+01,7.7934e+01,7.9047e+01,8.0206e+01,7.9055e+01,7.9052e+01,7.9590e+01,7.7896e+01,7.6500e+01,7.5602e+01,7.4346e+01,7.3415e+01,7.2278e+01,7.2306e+01,7.0819e+01,6.9847e+01,6.8645e+01,6.8138e+01,6.7256e+01,6.7456e+01,6.7968e+01,6.8060e+01,6.9072e+01,6.8843e+01,6.8084e+01,6.8160e+01,6.8078e+01,6.8202e+01,6.7684e+01,6.7434e+01
6.1906e+01,6.2151e+01,6.2018e+01,6.2310e+01,6.2488e+01,6.2503e+01,6.2660e+01,6.3096e+01,6.3163e+01,6.3191e+01,6.3262e+01,6.3948e+01,6.4175e+01,6.4845e+01,6.5472e+01,6.5568e+01,6.4607e+01,6.4729e+01,6.4364e+01,6.3691e+01,6.3387e+01,6.2882e+01,6.2814e+01,6.2980e+01,6.3004e+01,6.3431e+01,6.3695e+01,6.4285e+01,6.4384e+01,6.5242e+01,6.5860e+01,6.6520e+01,6.6593e+01,6.7597e+01,6.7356e+01,6.6438e+01,6.5988e+01,6.6629e+01,6.6186e+01,6.5253e+01,6.5845e+01,6.6788e+01,6.7893e+01,6.9362e+01,6.9658e+01,6.8439e+01,6.7096e+01,6.6369e+01,6.5355e+01,6.4918e+01,6.4210e+01,6.4008e+01,6.3326e+01,6.3031e+01,6.2705e+01,6.2904e+01,6.3326e+01,6.3581e+01,6.3504e+01,6.3479e+01,6.3909e+01,6.3958e+01,6.4689e+01,6.4632e+01,6.4027e+01,6.3956e+01,6.3616e+01,6.4034e+01,6.4077e+01,6.4798e+01,6.5608e+01,6.5059e+01,6.4683e+01,6.4598e+01,6.5385e+01,6.4976e+01,6.4868e+01,6.4454e+01,6.4940e+01,6.5607e+01,6.6394e+01,6.7098e+01,6.8233e+01,6.8705e+01,6.9875e+01,7.0525e+01,7.1511e+01,7.1748e+01,7.2421e+01,7.3216e+01,7.3190e+01,7.2184e+01,7.3259e+01,7.3433e+01,7.5101e+01,7.4762e+01,7.4377e+01,7.2875e+01,7.1600e+01,7.0951e+01,6.9890e+01,6.9646e+01,7.0665e+01,7.1170e+01,7.0454e+01,7.1265e+01,7.1192e+01,7.1981e+01,7.1853e+01,7.1657e+01,7.2916e+01,7.3418e+01,7.3445e+01,7.3922e+01,7.3050e+01,7.1553e+01,7.0571e+01,7.0107e+01,6.8924e+01,6.8308e+01,6.8667e+01,6.9555e+01,6.9228e+01,6.8756e+01,6.9378e+01,6.9663e+01,6.9091e+01,6.9720e+01,6.9127e+01,6.9595e+01,6.9706e+01,7.0394e+01,7.1567e+01,7.1870e+01,7.3382e+01,7.3348e+01,7.3331e+01,7.2137e+01,7.2348e+01,7.2856e+01,7.4341e+01,7.4831e+01,7.6096e+01,7.7617e+01,7.8736e+01,7.9880e+01,7.8714e+01,7.8705e+01,7.9225e+01,7.7528e+01,7.6134e+01,7.5236e+01,7.3988e+01,7.3066e+01,7.1935e+01,7.1982e+01,7.0495e+01,6.9505e+01,6.8305e+01,6.7804e+01,6.6912e+01,6.7089e+01,6.7589e+01,6.7667e+01,6.8664e+01,6.8437e+01,6.7677e+01,6.7760e+01,6.7690e+01,6.7832e+01,6.7317e+01,6.7074e+01
6.1319e+01,6.1582e+01,6.1443e+01,6.1751e+01,6.1935e+01,6.1939e+01,6.2090e+01,6.2536e+01,6.2615e+01,6.2633e+01,6.2686e+01,6.3382e+01,6.3621e+01,6.4311e+01,6.4954e+01,6.5064e+01,6.4093e+01,6.4225e+01,6.3867e+01,6.3182e+01,6.2878e+01,6.2354e+01,6.2289e+01,6.2445e+01,6.2461e+01,6.2905e+01,6.3183e+01,6.3792e+01,6.3893e+01,6.4760e+01,6.5383e+01,6.6065e+01,6.6150e+01,6.7176e+01,6.6943e+01,6.6014e+01,6.5559e+01,6.6213e+01,6.5760e+01,6.4805e+01,6.5405e+01,6.6367e+01,6.7484e+01,6.8978e+01,6.9276e+01,6.8037e+01,6.6674e+01,6.5929e+01,6.4895e+01,6.4445e+01,6.3713e+01,6.3507e+01,6.2808e+01,6.2507e+01,6.2166e+01,6.2365e+01,6.2788e+01,6.3027e+01,6.2942e+01,6.2900e+01,6.3318e+01,6.3356e+01,6.4076e+01,6.4022e+01,6.3433e+01,6.3376e+01,6.3044e+01,6.3474e+01,6.3535e+01,6.4267e+01,6.5079e+01,6.4520e+01,6.4158e+01,6.4084e+01,6.4887e+01,6.4481e+01,6.4361e+01,6.3943e+01,6.4429e+01,6.5113e+01,6.5917e+01,6.6646e+01,6.7798e+01,6.8279e+01,6.9467e+01,7.0122e+01,7.1128e+01,7.1379e+01,7.2051e+01,7.2838e+01,7.2803e+01,7.1798e+01,7.2895e+01,7.3075e+01,7.4758e+01,7.4431e+01,7.4049e+01,7.2537e+01,7.1243e+01,7.0577e+01,6.9494e+01,6.9240e+01,7.0266e+01,7.0789e+01,7.0064e+01,7.0873e+01,7.0787e+01,7.1572e+01,7.1425e+01,7.1222e+01,7.2484e+01,7.2972e+01,7.3001e+01,7.3467e+01,7.2600e+01,7.1088e+01,7.0113e+01,6.9654e+01,6.8459e+01,6.7842e+01,6.8191e+01,6.9093e+01,6.8767e+01,6.8308e+01,6.8944e+01,6.9249e+01,6.8681e+01,6.9331e+01,6.8742e+01,6.9225e+01,6.9347e+01,7.0050e+01,7.1246e+01,7.1563e+01,7.3099e+01,7.3060e+01,7.3035e+01,7.1817e+01,7.2030e+01,7.2537e+01,7.4038e+01,7.4530e+01,7.5799e+01,7.7342e+01,7.8471e+01,7.9617e+01,7.8428e+01,7.8409e+01,7.8920e+01,7.7208e+01,7.5801e+01,7.4900e+01,7.3644e+01,7.2722e+01,7.1579e+01,7.1639e+01,7.0132e+01,6.9120e+01,6.7904e+01,6.7402e+01,6.6488e+01,6.6659e+01,6.7158e+01,6.7225e+01,6.8225e+01,6.7995e+01,6.7235e+01,6.7318e+01,6.7250e+01,6.7400e+01,6.6876e+01,6.6616e+01
6.1524e+01,6.1793e+01,6.1678e+01,6.1986e+01,6.2151e+01,6.2146e+01,6.2279e+01,6.2723e+01,6.2820e+01,6.2842e+01,6.2888e+01,6.3584e+01,6.3825e+01,6.4527e+01,6.5175e+01,6.5302e+01,6.4326e+01,6.4454e+01,6.4109e+01,6.3426e+01,6.3131e+01,6.2589e+01,6.2510e+01,6.2650e+01,6.2646e+01,6.3085e+01,6.3354e+01,6.3958e+01,6.4049e+01,6.4899e+01,6.5506e+01,6.6195e+01,6.6297e+01,6.7326e+01,6.7114e+01,6.6201e+01,6.5748e+01,6.6399e+01,6.5945e+01,6.4996e+01,6.5598e+01,6.6566e+01,6.7664e+01,6.9152e+01,6.9432e+01,6.8193e+01,6.6844e+01,6.6089e+01,6.5066e+01,6.4629e+01,6.3901e+01,6.3678e+01,6.2989e+01,6.2685e+01,6.2350e+01,6.2539e+01,6.2942e+01,6.3173e+01,6.3095e+01,6.3055e+01,6.3467e+01,6.3510e+01,6.4221e+01,6.4179e+01,6.3602e+01,6.3548e+01,6.3212e+01,6.3641e+01,6.3715e+01,6.4441e+01,6.5256e+01,6.4705e+01,6.4361e+01,6.4286e+01,6.5085e+01,6.4672e+01,6.4533e+01,6.4109e+01,6.4575e+01,6.5255e+01,6.6049e+01,6.6783e+01,6.7926e+01,6.8403e+01,6.9584e+01,7.0231e+01,7.1241e+01,7.1505e+01,7.2169e+01,7.2940e+01,7.2904e+01,7.1916e+01,7.3019e+01,7.3208e+01,7.4885e+01,7.4567e+01,7.4186e+01,7.2686e+01,7.1386e+01,7.0719e+01,6.9630e+01,6.9376e+01,7.0400e+01,7.0938e+01,7.0224e+01,7.1029e+01,7.0941e+01,7.1706e+01,7.1545e+01,7.1326e+01,7.2570e+01,7.3039e+01,7.3059e+01,7.3506e+01,7.2647e+01,7.1143e+01,7.0187e+01,6.9735e+01,6.8546e+01,6.7936e+01,6.8268e+01,6.9164e+01,6.8844e+01,6.8402e+01,6.9036e+01,6.9356e+01,6.8805e+01,6.9465e+01,6.8897e+01,6.9394e+01,6.9528e+01,7.0245e+01,7.1442e+01,7.1779e+01,7.3315e+01,7.3260e+01,7.3216e+01,7.1988e+01,7.2192e+01,7.2682e+01,7.4172e+01,7.4662e+01,7.5918e+01,7.7463e+01,7.8592e+01,7.9723e+01,7.8526e+01,7.8502e+01,7.8998e+01,7.7290e+01,7.5890e+01,7.4993e+01,7.3749e+01,7.2840e+01,7.1706e+01,7.1781e+01,7.0281e+01,6.9261e+01,6.8053e+01,6.7563e+01,6.6646e+01,6.6801e+01,6.7283e+01,6.7338e+01,6.8324e+01,6.8099e+01,6.7352e+01,6.7438e+01,6.7378e+01,6.7539e+01,6.7022e+01,6.6762e+01
6.0889e+01,6.1181e+01,6.1081e+01,6.1398e+01,6.1555e+01,6.1540e+01,6.1656e+01,6.2103e+01,6.2225e+01,6.2249e+01,6.2280e+01,6.2986e+01,6.3229e+01,6.3957e+01,6.4616e+01,6.4772e+01,6.3783e+01,6.3911e+01,6.3582e+01,6.2893e+01,6.2604e+01,6.2034e+01,6.1941e+01,6.2062e+01,6.2037e+01,6.2489e+01,6.2767e+01,6.3391e+01,6.3482e+01,6.4339e+01,6.4950e+01,6.5667e+01,6.5787e+01,6.6845e+01,6.6651e+01,6.5729e+01,6.5270e+01,6.5941e+01,6.5476e+01,6.4501e+01,6.5121e+01,6.6127e+01,6.7244e+01,6.8769e+01,6.9039e+01,6.7766e+01,6.6389e+01,6.5601e+01,6.4553e+01,6.4106e+01,6.3349e+01,6.3111e+01,6.2403e+01,6.2088e+01,6.1742e+01,6.1925e+01,6.2322e+01,6.2537e+01,6.2455e+01,6.2402e+01,6.2804e+01,6.2843e+01,6.3543e+01,6.3513e+01,6.2951e+01,6.2905e+01,6.2572e+01,6.3009e+01,6.3105e+01,6.3839e+01,6.4655e+01,6.4100e+01,6.3781e+01,6.3717e+01,6.4528e+01,6.4114e+01,6.3955e+01,6.3522e+01,6.3984e+01,6.4684e+01,6.5496e+01,6.6261e+01,6.7421e+01,6.7913e+01,6.9115e+01,6.9768e+01,7.0805e+01,7.1091e+01,7.1747e+01,7.2502e+01,7.2452e+01,7.1471e+01,7.2604e+01,7.2803e+01,7.4493e+01,7.4195e+01,7.3821e+01,7.2317e+01,7.0993e+01,7.0302e+01,6.9182e+01,6.8914e+01,6.9942e+01,7.0507e+01,6.9787e+01,7.0588e+01,7.0481e+01,7.1236e+01,7.1048e+01,7.0816e+01,7.2059e+01,7.2510e+01,7.2529e+01,7.2962e+01,7.2111e+01,7.0593e+01,6.9649e+01,6.9206e+01,6.7999e+01,6.7389e+01,6.7706e+01,6.8620e+01,6.8306e+01,6.7883e+01,6.8536e+01,6.8881e+01,6.8339e+01,6.9028e+01,6.8469e+01,6.8989e+01,6.9147e+01,6.9888e+01,7.1118e+01,7.1481e+01,7.3050e+01,7.2986e+01,7.2920e+01,7.1657e+01,7.1866e+01,7.2342e+01,7.3846e+01,7.4333e+01,7.5591e+01,7.7164e+01,7.8298e+01,7.9425e+01,7.8200e+01,7.8157e+01,7.8638e+01,7.6916e+01,7.5503e+01,7.4607e+01,7.3355e+01,7.2454e+01,7.1310e+01,7.1411e+01,6.9891e+01,6.8836e+01,6.7605e+01,6.7117e+01,6.6170e+01,6.6312e+01,6.6791e+01,6.6829e+01,6.7811e+01,6.7595e+01,6.6845e+01,6.6951e+01,6.6903e+01,6.7080e+01,6.6559e+01,6.6298e+01
6.0493e+01,6.0810e+01,6.0741e+01,6.1060e+01,6.1201e+01,6.1183e+01,6.1282e+01,6.1735e+01,6.1884e+01,6.1917e+01,6.1938e+01,6.2660e+01,6.2905e+01,6.3663e+01,6.4333e+01,6.4515e+01,6.3507e+01,6.3631e+01,6.3310e+01,6.2610e+01,6.2320e+01,6.1717e+01,6.1605e+01,6.1714e+01,6.1662e+01,6.2118e+01,6.2388e+01,6.3020e+01,6.3094e+01,6.3951e+01,6.4551e+01,6.5287e+01,6.5429e+01,6.6509e+01,6.6330e+01,6.5411e+01,6.4940e+01,6.5610e+01,6.5132e+01,6.4141e+01,6.4763e+01,6.5790e+01,6.6907e+01,6.8451e+01,6.8709e+01,6.7420e+01,6.6034e+01,6.5227e+01,6.4166e+01,6.3712e+01,6.2937e+01,6.2693e+01,6.1984e+01,6.1673e+01,6.1335e+01,6.1518e+01,6.1900e+01,6.2113e+01,6.2043e+01,6.1987e+01,6.2393e+01,6.2438e+01,6.3137e+01,6.3123e+01,6.2570e+01,6.2530e+01,6.2187e+01,6.2634e+01,6.2751e+01,6.3492e+01,6.4324e+01,6.3767e+01,6.3465e+01,6.3402e+01,6.4222e+01,6.3795e+01,6.3611e+01,6.3158e+01,6.3606e+01,6.4315e+01,6.5129e+01,6.5908e+01,6.7073e+01,6.7564e+01,6.8772e+01,6.9419e+01,7.0473e+01,7.0777e+01,7.1434e+01,7.2182e+01,7.2132e+01,7.1160e+01,7.2307e+01,7.2521e+01,7.4216e+01,7.3923e+01,7.3544e+01,7.2040e+01,7.0697e+01,7.0001e+01,6.8863e+01,6.8597e+01,6.9635e+01,7.0221e+01,6.9508e+01,7.0315e+01,7.0206e+01,7.0950e+01,7.0749e+01,7.0500e+01,7.1740e+01,7.2180e+01,7.2191e+01,7.2613e+01,7.1758e+01,7.0229e+01,6.9291e+01,6.8847e+01,6.7623e+01,6.7004e+01,6.7306e+01,6.8224e+01,6.7905e+01,6.7497e+01,6.8152e+01,6.8516e+01,6.7987e+01,6.8695e+01,6.8148e+01,6.8688e+01,6.8857e+01,6.9618e+01,7.0860e+01,7.1238e+01,7.2820e+01,7.2740e+01,7.2657e+01,7.1373e+01,7.1576e+01,7.2042e+01,7.3550e+01,7.4041e+01,7.5301e+01,7.6886e+01,7.8025e+01,7.9145e+01,7.7905e+01,7.7857e+01,7.8328e+01,7.6599e+01,7.5184e+01,7.4283e+01,7.3033e+01,7.2134e+01,7.0990e+01,7.1107e+01,6.9578e+01,6.8503e+01,6.7262e+01,6.6774e+01,6.5811e+01,6.5933e+01,6.6413e+01,6.6440e+01,6.7415e+01,6.7204e+01,6.6443e+01,6.6566e+01,6.6537e+01,6.6731e+01,6.6211e+01,6.5970e+01
6.0137e+01,6.0482e+01,6.0409e+01,6.0742e+01,6.0900e+01,6.0888e+01,6.0990e+01,6.1459e+01,6.1616e+01,6.1647e+01,6.1660e+01,6.2398e+01,6.2652e+01,6.3425e+01,6.4107e+01,6.4295e+01,6.3274e+01,6.3404e+01,6.3077e+01,6.2360e+01,6.2055e+01,6.1437e+01,6.1326e+01,6.1441e+01,6.1386e+01,6.1853e+01,6.2126e+01,6.2772e+01,6.2837e+01,6.3708e+01,6.4307e+01,6.5058e+01,6.5211e+01,6.6308e+01,6.6129e+01,6.5200e+01,6.4713e+01,6.5386e+01,6.4888e+01,6.3873e+01,6.4492e+01,6.5528e+01,6.6659e+01,6.8228e+01,6.8496e+01,6.7193e+01,6.5787e+01,6.4973e+01,6.3889e+01,6.3414e+01,6.2617e+01,6.2384e+01,6.1665e+01,6.1363e+01,6.1026e+01,6.1222e+01,6.1603e+01,6.1817e+01,6.1753e+01,6.1687e+01,6.2099e+01,6.2140e+01,6.2841e+01,6.2834e+01,6.2288e+01,6.2259e+01,6.1914e+01,6.2377e+01,6.2504e+01,6.3260e+01,6.4102e+01,6.3534e+01,6.3234e+01,6.3175e+01,6.4010e+01,6.3577e+01,6.3383e+01,6.2917e+01,6.3364e+01,6.4087e+01,6.4910e+01,6.5703e+01,6.6878e+01,6.7370e+01,6.8588e+01,6.9233e+01,7.0299e+01,7.0616e+01,7.1277e+01,7.2022e+01,7.1972e+01,7.1003e+01,7.2163e+01,7.2384e+01,7.4087e+01,7.3797e+01,7.3415e+01,7.1905e+01,7.0547e+01,6.9846e+01,6.8694e+01,6.8430e+01,6.9480e+01,7.0079e+01,6.9366e+01,7.0178e+01,7.0067e+01,7.0811e+01,7.0602e+01,7.0344e+01,7.1586e+01,7.2022e+01,7.2027e+01,7.2442e+01,7.1582e+01,7.0043e+01,6.9107e+01,6.8658e+01,6.7420e+01,6.6791e+01,6.7083e+01,6.8006e+01,6.7680e+01,6.7279e+01,6.7937e+01,6.8314e+01,6.7790e+01,6.8513e+01,6.7966e+01,6.8518e+01,6.8687e+01,6.9461e+01,7.0714e+01,7.1093e+01,7.2690e+01,7.2606e+01,7.2522e+01,7.1221e+01,7.1421e+01,7.1889e+01,7.3408e+01,7.3905e+01,7.5170e+01,7.6767e+01,7.7914e+01,7.9030e+01,7.7777e+01,7.7726e+01,7.8188e+01,7.6452e+01,7.5034e+01,7.4127e+01,7.2876e+01,7.1973e+01,7.0825e+01,7.0950e+01,6.9406e+01,6.8316e+01,6.7061e+01,6.6562e+01,6.5586e+01,6.5702e+01,6.6193e+01,6.6216e+01,6.7190e+01,6.6980e+01,6.6196e+01,6.6328e+01,6.6303e+01,6.6500e+01,6.5967e+01,6.5724e+01
5.9776e+01,6.0148e+01,6.0099e+01,6.0428e+01,6.0571e+01,6.0550e+01,6.0632e+01,6.1102e+01,6.1289e+01,6.1325e+01,6.1323e+01,6.2067e+01,6.2321e+01,6.3120e+01,6.3810e+01,6.4032e+01,6.3004e+01,6.3131e+01,6.2826e+01,6.2106e+01,6.1811e+01,6.1159e+01,6.1026e+01,6.1118e+01,6.1033e+01,6.1507e+01,6.1779e+01,6.2437e+01,6.2491e+01,6.3359e+01,6.3948e+01,6.4726e+01,6.4905e+01,6.6030e+01,6.5877e+01,6.4951e+01,6.4455e+01,6.5136e+01,6.4622e+01,6.3583e+01,6.4209e+01,6.5275e+01,6.6410e+01,6.8012e+01,6.8267e+01,6.6936e+01,6.5512e+01,6.4668e+01,6.3567e+01,6.3082e+01,6.2262e+01,6.2015e+01,6.1292e+01,6.0991e+01,6.0656e+01,6.0850e+01,6.1214e+01,6.1418e+01,6.1359e+01,6.1284e+01,6.1688e+01,6.1729e+01,6.2417e+01,6.2426e+01,6.1897e+01,6.1875e+01,6.1530e+01,6.1998e+01,6.2150e+01,6.2908e+01,6.3750e+01,6.3182e+01,6.2914e+01,6.2865e+01,6.3708e+01,6.3272e+01,6.3052e+01,6.2575e+01,6.3008e+01,6.3743e+01,6.4573e+01,6.5391e+01,6.6574e+01,6.7073e+01,6.8306e+01,6.8949e+01,7.0044e+01,7.0388e+01,7.1040e+01,7.1764e+01,7.1702e+01,7.0748e+01,7.1935e+01,7.2170e+01,7.3881e+01,7.3613e+01,7.3238e+01,7.1730e+01,7.0347e+01,6.9625e+01,6.8444e+01,6.8170e+01,6.9223e+01,6.9852e+01,6.9140e+01,6.9947e+01,6.9819e+01,7.0545e+01,7.0310e+01,7.0035e+01,7.1269e+01,7.1682e+01,7.1684e+01,7.2080e+01,7.1229e+01,6.9681e+01,6.8761e+01,6.8320e+01,6.7065e+01,6.6434e+01,6.6704e+01,6.7637e+01,6.7313e+01,6.6937e+01,6.7607e+01,6.8014e+01,6.7508e+01,6.8263e+01,6.7735e+01,6.8318e+01,6.8514e+01,6.9320e+01,7.0602e+01,7.1015e+01,7.2642e+01,7.2539e+01,7.2424e+01,7.1084e+01,7.1281e+01,7.1729e+01,7.3256e+01,7.3753e+01,7.5015e+01,7.6639e+01,7.7792e+01,7.8898e+01,7.7614e+01,7.7545e+01,7.7986e+01,7.6237e+01,7.4810e+01,7.3902e+01,7.2652e+01,7.1759e+01,7.0607e+01,7.0763e+01,6.9202e+01,6.8076e+01,6.6804e+01,6.6309e+01,6.5305e+01,6.5396e+01,6.5882e+01,6.5884e+01,6.6847e+01,6.6645e+01,6.5863e+01,6.6013e+01,6.6009e+01,6.6233e+01,6.5703e+01,6.5468e+01
5.9607e+01,6.0009e+01,5.9981e+01,6.0310e+01,6.0445e+01,6.0423e+01,6.0493e+01,6.0974e+01,6.1184e+01,6.1224e+01,6.1208e+01,6.1965e+01,6.2227e+01,6.3050e+01,6.3754e+01,6.3998e+01,6.2957e+01,6.3087e+01,6.2789e+01,6.2056e+01,6.1756e+01,6.1072e+01,6.0926e+01,6.1010e+01,6.0901e+01,6.1382e+01,6.1646e+01,6.2314e+01,6.2348e+01,6.3217e+01,6.3792e+01,6.4589e+01,6.4793e+01,6.5940e+01,6.5802e+01,6.4879e+01,6.4365e+01,6.5041e+01,6.4503e+01,6.3441e+01,6.4058e+01,6.5137e+01,6.6273e+01,6.7899e+01,6.8152e+01,6.6808e+01,6.5372e+01,6.4515e+01,6.3394e+01,6.2888e+01,6.2047e+01,6.1809e+01,6.1087e+01,6.0803e+01,6.0478e+01,6.0683e+01,6.1037e+01,6.1243e+01,6.1196e+01,6.1111e+01,6.1521e+01,6.1560e+01,6.2248e+01,6.2267e+01,6.1749e+01,6.1740e+01,6.1389e+01,6.1873e+01,6.2044e+01,6.2813e+01,6.3670e+01,6.3095e+01,6.2842e+01,6.2799e+01,6.3655e+01,6.3208e+01,6.2964e+01,6.2466e+01,6.2886e+01,6.3630e+01,6.4459e+01,6.5290e+01,6.6475e+01,6.6971e+01,6.8209e+01,6.8844e+01,6.9958e+01,7.0323e+01,7.0976e+01,7.1690e+01,7.1627e+01,7.0685e+01,7.1888e+01,7.2138e+01,7.3853e+01,7.3593e+01,7.3213e+01,7.1706e+01,7.0303e+01,6.9575e+01,6.8375e+01,6.8104e+01,6.9169e+01,6.9820e+01,6.9115e+01,6.9927e+01,6.9799e+01,7.0514e+01,7.0267e+01,6.9975e+01,7.1202e+01,7.1605e+01,7.1595e+01,7.1978e+01,7.1123e+01,6.9565e+01,6.8653e+01,6.8212e+01,6.6938e+01,6.6296e+01,6.6546e+01,6.7481e+01,6.7150e+01,6.6793e+01,6.7461e+01,6.7889e+01,6.7400e+01,6.8177e+01,6.7662e+01,6.8269e+01,6.8475e+01,6.9303e+01,7.0599e+01,7.1024e+01,7.2664e+01,7.2544e+01,7.2413e+01,7.1051e+01,7.1238e+01,7.1675e+01,7.3207e+01,7.3708e+01,7.4972e+01,7.6609e+01,7.7768e+01,7.8864e+01,7.7562e+01,7.7486e+01,7.7910e+01,7.6154e+01,7.4727e+01,7.3814e+01,7.2569e+01,7.1680e+01,7.0531e+01,7.0706e+01,6.9136e+01,6.7988e+01,6.6704e+01,6.6203e+01,6.5183e+01,6.5251e+01,6.5741e+01,6.5735e+01,6.6683e+01,6.6488e+01,6.5692e+01,6.5860e+01,6.5877e+01,6.6125e+01,6.5598e+01,6.5382e+01
5.9575e+01,6.0015e+01,5.9999e+01,6.0312e+01,6.0444e+01,6.0431e+01,6.0492e+01,6.0978e+01,6.1212e+01,6.1260e+01,6.1235e+01,6.2003e+01,6.2266e+01,6.3111e+01,6.3822e+01,6.4091e+01,6.3040e+01,6.3167e+01,6.2880e+01,6.2139e+01,6.1837e+01,6.1124e+01,6.0955e+01,6.1029e+01,6.0897e+01,6.1375e+01,6.1626e+01,6.2297e+01,6.2308e+01,6.3175e+01,6.3731e+01,6.4542e+01,6.4768e+01,6.5931e+01,6.5809e+01,6.4896e+01,6.4364e+01,6.5029e+01,6.4465e+01,6.3383e+01,6.3981e+01,6.5067e+01,6.6191e+01,6.7833e+01,6.8084e+01,6.6736e+01,6.5296e+01,6.4432e+01,6.3299e+01,6.2772e+01,6.1918e+01,6.1692e+01,6.0985e+01,6.0726e+01,6.0425e+01,6.0635e+01,6.0969e+01,6.1180e+01,6.1152e+01,6.1065e+01,6.1482e+01,6.1525e+01,6.2211e+01,6.2247e+01,6.1742e+01,6.1738e+01,6.1379e+01,6.1867e+01,6.2053e+01,6.2822e+01,6.3684e+01,6.3113e+01,6.2882e+01,6.2841e+01,6.3700e+01,6.3242e+01,6.2972e+01,6.2459e+01,6.2862e+01,6.3610e+01,6.4434e+01,6.5274e+01,6.6456e+01,6.6943e+01,6.8181e+01,6.8803e+01,6.9933e+01,7.0321e+01,7.0973e+01,7.1672e+01,7.1610e+01,7.0684e+01,7.1901e+01,7.2167e+01,7.3881e+01,7.3632e+01,7.3249e+01,7.1749e+01,7.0328e+01,6.9596e+01,6.8380e+01,6.8113e+01,6.9183e+01,6.9855e+01,6.9160e+01,6.9973e+01,6.9841e+01,7.0545e+01,7.0285e+01,6.9981e+01,7.1197e+01,7.1587e+01,7.1568e+01,7.1937e+01,7.1083e+01,6.9525e+01,6.8627e+01,6.8183e+01,6.6897e+01,6.6245e+01,6.6475e+01,6.7405e+01,6.7065e+01,6.6723e+01,6.7385e+01,6.7829e+01,6.7362e+01,6.8158e+01,6.7661e+01,6.8293e+01,6.8510e+01,6.9366e+01,7.0668e+01,7.1109e+01,7.2753e+01,7.2612e+01,7.2464e+01,7.1078e+01,7.1251e+01,7.1678e+01,7.3213e+01,7.3723e+01,7.4985e+01,7.6637e+01,7.7805e+01,7.8887e+01,7.7566e+01,7.7482e+01,7.7885e+01,7.6121e+01,7.4696e+01,7.3779e+01,7.2542e+01,7.1658e+01,7.0513e+01,7.0707e+01,6.9131e+01,6.7964e+01,6.6676e+01,6.6171e+01,6.5142e+01,6.5189e+01,6.5682e+01,6.5667e+01,6.6593e+01,6.6393e+01,6.5584e+01,6.5757e+01,6.5794e+01,6.6058e+01,6.5523e+01,6.5326e+01
5.9625e+01,6.0097e+01,6.0113e+01,6.0419e+01,6.0533e+01,6.0512e+01,6.0549e+01,6.1041e+01,6.1309e+01,6.1363e+01,6.1320e+01,6.2100e+01,6.2369e+01,6.3241e+01,6.3963e+01,6.4261e+01,6.3201e+01,6.3327e+01,6.3058e+01,6.2314e+01,6.2018e+01,6.1268e+01,6.1076e+01,6.1126e+01,6.0959e+01,6.1440e+01,6.1680e+01,6.2358e+01,6.2346e+01,6.3204e+01,6.3738e+01,6.4571e+01,6.4827e+01,6.6012e+01,6.5915e+01,6.5016e+01,6.4473e+01,6.5132e+01,6.4549e+01,6.3450e+01,6.4039e+01,6.5144e+01,6.6252e+01,6.7912e+01,6.8147e+01,6.6788e+01,6.5346e+01,6.4463e+01,6.3319e+01,6.2778e+01,6.1904e+01,6.1673e+01,6.0974e+01,6.0729e+01,6.0441e+01,6.0654e+01,6.0962e+01,6.1166e+01,6.1155e+01,6.1054e+01,6.1475e+01,6.1517e+01,6.2199e+01,6.2254e+01,6.1768e+01,6.1780e+01,6.1415e+01,6.1915e+01,6.2127e+01,6.2897e+01,6.3766e+01,6.3197e+01,6.2994e+01,6.2958e+01,6.3822e+01,6.3356e+01,6.3056e+01,6.2524e+01,6.2907e+01,6.3663e+01,6.4481e+01,6.5335e+01,6.6514e+01,6.6995e+01,6.8237e+01,6.8849e+01,7.0001e+01,7.0416e+01,7.1064e+01,7.1746e+01,7.1680e+01,7.0772e+01,7.2006e+01,7.2289e+01,7.4004e+01,7.3768e+01,7.3385e+01,7.1892e+01,7.0453e+01,6.9710e+01,6.8472e+01,6.8205e+01,6.9280e+01,6.9976e+01,6.9291e+01,7.0102e+01,6.9966e+01,7.0654e+01,7.0378e+01,7.0056e+01,7.1261e+01,7.1633e+01,7.1604e+01,7.1954e+01,7.1103e+01,6.9541e+01,6.8660e+01,6.8219e+01,6.6917e+01,6.6255e+01,6.6460e+01,6.7390e+01,6.7043e+01,6.6727e+01,6.7388e+01,6.7856e+01,6.7413e+01,6.8236e+01,6.7762e+01,6.8422e+01,6.8660e+01,6.9544e+01,7.0859e+01,7.1323e+01,7.2977e+01,7.2817e+01,7.2643e+01,7.1231e+01,7.1394e+01,7.1801e+01,7.3335e+01,7.3849e+01,7.5109e+01,7.6778e+01,7.7950e+01,7.9020e+01,7.7677e+01,7.7579e+01,7.7961e+01,7.6189e+01,7.4760e+01,7.3843e+01,7.2612e+01,7.1740e+01,7.0599e+01,7.0818e+01,6.9237e+01,6.8044e+01,6.6748e+01,6.6246e+01,6.5201e+01,6.5216e+01,6.5704e+01,6.5670e+01,6.6571e+01,6.6376e+01,6.5560e+01,6.5751e+01,6.5818e+01,6.6111e+01,6.5582e+01,6.5418e+01
5.9979e+01,6.0470e+01,6.0486e+01,6.0781e+01,6.0897e+01,6.0884e+01,6.0918e+01,6.1414e+01,6.1694e+01,6.1750e+01,6.1700e+01,6.2480e+01,6.2752e+01,6.3632e+01,6.4359e+01,6.4667e+01,6.3607e+01,6.3736e+01,6.3469e+01,6.2720e+01,6.2422e+01,6.1661e+01,6.1458e+01,6.1506e+01,6.1326e+01,6.1804e+01,6.2030e+01,6.2704e+01,6.2669e+01,6.3521e+01,6.4032e+01,6.4868e+01,6.5142e+01,6.6333e+01,6.6243e+01,6.5357e+01,6.4798e+01,6.5435e+01,6.4829e+01,6.3725e+01,6.4284e+01,6.5377e+01,6.6456e+01,6.8111e+01,6.8348e+01,6.7004e+01,6.5575e+01,6.4702e+01,6.3560e+01,6.3006e+01,6.2136e+01,6.1921e+01,6.1251e+01,6.1034e+01,6.0770e+01,6.0988e+01,6.1276e+01,6.1487e+01,6.1495e+01,6.1392e+01,6.1820e+01,6.1861e+01,6.2542e+01,6.2603e+01,6.2129e+01,6.2149e+01,6.1782e+01,6.2286e+01,6.2505e+01,6.3275e+01,6.4148e+01,6.3580e+01,6.3385e+01,6.3351e+01,6.4216e+01,6.3742e+01,6.3427e+01,6.2883e+01,6.3253e+01,6.4006e+01,6.4812e+01,6.5662e+01,6.6833e+01,6.7299e+01,6.8533e+01,6.9126e+01,7.0286e+01,7.0718e+01,7.1373e+01,7.2049e+01,7.1992e+01,7.1096e+01,7.2333e+01,7.2631e+01,7.4341e+01,7.4106e+01,7.3714e+01,7.2227e+01,7.0777e+01,7.0040e+01,6.8797e+01,6.8541e+01,6.9622e+01,7.0329e+01,6.9655e+01,7.0471e+01,7.0339e+01,7.1022e+01,7.0747e+01,7.0418e+01,7.1616e+01,7.1985e+01,7.1948e+01,7.2293e+01,7.1437e+01,6.9877e+01,6.9002e+01,6.8551e+01,6.7239e+01,6.6563e+01,6.6753e+01,6.7668e+01,6.7304e+01,6.6996e+01,6.7640e+01,6.8116e+01,6.7692e+01,6.8525e+01,6.8064e+01,6.8742e+01,6.8979e+01,6.9883e+01,7.1189e+01,7.1655e+01,7.3299e+01,7.3121e+01,7.2941e+01,7.1519e+01,7.1662e+01,7.2064e+01,7.3596e+01,7.4124e+01,7.5386e+01,7.7061e+01,7.8242e+01,7.9302e+01,7.7952e+01,7.7856e+01,7.8224e+01,7.6445e+01,7.5023e+01,7.4098e+01,7.2877e+01,7.2004e+01,7.0873e+01,7.1097e+01,6.9517e+01,6.8318e+01,6.7027e+01,6.6521e+01,6.5480e+01,6.5475e+01,6.5970e+01,6.5933e+01,6.6811e+01,6.6599e+01,6.5759e+01,6.5944e+01,6.6032e+01,6.6338e+01,6.5797e+01,6.5660e+01
6.0372e+01,6.0882e+01,6.0925e+01,6.1201e+01,6.1295e+01,6.1278e+01,6.1286e+01,6.1772e+01,6.2082e+01,6.2151e+01,6.2095e+01,6.2872e+01,6.3137e+01,6.4032e+01,6.4758e+01,6.5096e+01,6.4037e+01,6.4157e+01,6.3913e+01,6.3171e+01,6.2885e+01,6.2100e+01,6.1868e+01,6.1891e+01,6.1678e+01,6.2145e+01,6.2356e+01,6.3024e+01,6.2967e+01,6.3796e+01,6.4280e+01,6.5129e+01,6.5431e+01,6.6632e+01,6.6573e+01,6.5711e+01,6.5149e+01,6.5779e+01,6.5164e+01,6.4059e+01,6.4613e+01,6.5721e+01,6.6776e+01,6.8434e+01,6.8644e+01,6.7294e+01,6.5878e+01,6.4987e+01,6.3853e+01,6.3307e+01,6.2439e+01,6.2207e+01,6.1561e+01,6.1349e+01,6.1106e+01,6.1307e+01,6.1560e+01,6.1763e+01,6.1789e+01,6.1689e+01,6.2112e+01,6.2165e+01,6.2833e+01,6.2917e+01,6.2461e+01,6.2482e+01,6.2108e+01,6.2608e+01,6.2846e+01,6.3605e+01,6.4478e+01,6.3922e+01,6.3758e+01,6.3725e+01,6.4583e+01,6.4100e+01,6.3755e+01,6.3200e+01,6.3541e+01,6.4290e+01,6.5082e+01,6.5940e+01,6.7099e+01,6.7555e+01,6.8784e+01,6.9361e+01,7.0536e+01,7.0996e+01,7.1641e+01,7.2293e+01,7.2234e+01,7.1363e+01,7.2613e+01,7.2929e+01,7.4633e+01,7.4414e+01,7.4023e+01,7.2552e+01,7.1088e+01,7.0344e+01,6.9086e+01,6.8832e+01,6.9911e+01,7.0642e+01,6.9982e+01,7.0792e+01,7.0654e+01,7.1316e+01,7.1023e+01,7.0677e+01,7.1855e+01,7.2203e+01,7.2154e+01,7.2476e+01,7.1627e+01,7.0074e+01,6.9224e+01,6.8776e+01,6.7460e+01,6.6781e+01,6.6942e+01,6.7848e+01,6.7483e+01,6.7204e+01,6.7844e+01,6.8342e+01,6.7947e+01,6.8802e+01,6.8370e+01,6.9076e+01,6.9334e+01,7.0264e+01,7.1577e+01,7.2071e+01,7.3720e+01,7.3518e+01,7.3308e+01,7.1863e+01,7.1995e+01,7.2372e+01,7.3897e+01,7.4425e+01,7.5677e+01,7.7363e+01,7.8546e+01,7.9586e+01,7.8217e+01,7.8109e+01,7.8451e+01,7.6670e+01,7.5252e+01,7.4331e+01,7.3122e+01,7.2266e+01,7.1146e+01,7.1398e+01,6.9821e+01,6.8603e+01,6.7315e+01,6.6821e+01,6.5772e+01,6.5737e+01,6.6218e+01,6.6164e+01,6.7011e+01,6.6803e+01,6.5964e+01,6.6159e+01,6.6280e+01,6.6610e+01,6.6074e+01,6.5965e+01
6.0894e+01,6.1417e+01,6.1457e+01,6.1688e+01,6.1769e+01,6.1773e+01,6.1778e+01,6.2229e+01,6.2545e+01,6.2652e+01,6.2628e+01,6.3400e+01,6.3632e+01,6.4517e+01,6.5215e+01,6.5561e+01,6.4506e+01,6.4593e+01,6.4351e+01,6.3631e+01,6.3353e+01,6.2574e+01,6.2309e+01,6.2328e+01,6.2100e+01,6.2529e+01,6.2713e+01,6.3344e+01,6.3280e+01,6.4079e+01,6.4547e+01,6.5369e+01,6.5665e+01,6.6843e+01,6.6790e+01,6.5955e+01,6.5402e+01,6.6013e+01,6.5409e+01,6.4336e+01,6.4879e+01,6.5968e+01,6.6998e+01,6.8632e+01,6.8829e+01,6.7495e+01,6.6106e+01,6.5232e+01,6.4135e+01,6.3618e+01,6.2800e+01,6.2568e+01,6.1967e+01,6.1762e+01,6.1553e+01,6.1727e+01,6.1959e+01,6.2168e+01,6.2206e+01,6.2145e+01,6.2561e+01,6.2651e+01,6.3316e+01,6.3429e+01,6.2962e+01,6.2950e+01,6.2551e+01,6.3016e+01,6.3240e+01,6.3964e+01,6.4835e+01,6.4315e+01,6.4162e+01,6.4102e+01,6.4930e+01,6.4430e+01,6.4073e+01,6.3526e+01,6.3846e+01,6.4562e+01,6.5329e+01,6.6164e+01,6.7297e+01,6.7738e+01,6.8948e+01,6.9515e+01,7.0676e+01,7.1136e+01,7.1777e+01,7.2421e+01,7.2367e+01,7.1507e+01,7.2746e+01,7.3066e+01,7.4753e+01,7.4536e+01,7.4144e+01,7.2690e+01,7.1235e+01,7.0502e+01,6.9256e+01,6.9011e+01,7.0079e+01,7.0809e+01,7.0166e+01,7.0970e+01,7.0839e+01,7.1490e+01,7.1203e+01,7.0856e+01,7.2019e+01,7.2368e+01,7.2318e+01,7.2643e+01,7.1797e+01,7.0266e+01,6.9422e+01,6.8970e+01,6.7669e+01,6.6996e+01,6.7156e+01,6.8046e+01,6.7687e+01,6.7407e+01,6.8034e+01,6.8516e+01,6.8123e+01,6.8966e+01,6.8545e+01,6.9250e+01,6.9511e+01,7.0444e+01,7.1745e+01,7.2246e+01,7.3882e+01,7.3671e+01,7.3450e+01,7.2010e+01,7.2140e+01,7.2509e+01,7.4022e+01,7.4544e+01,7.5789e+01,7.7471e+01,7.8646e+01,7.9680e+01,7.8313e+01,7.8199e+01,7.8535e+01,7.6762e+01,7.5350e+01,7.4437e+01,7.3237e+01,7.2392e+01,7.1283e+01,7.1540e+01,6.9980e+01,6.8772e+01,6.7502e+01,6.7020e+01,6.5995e+01,6.5963e+01,6.6438e+01,6.6399e+01,6.7228e+01,6.7006e+01,6.6171e+01,6.6351e+01,6.6468e+01,6.6788e+01,6.6244e+01,6.6141e+01
6.0994e+01,6.1525e+01,6.1610e+01,6.1844e+01,6.1891e+01,6.1871e+01,6.1842e+01,6.2300e+01,6.2651e+01,6.2754e+01,6.2702e+01,6.3477e+01,6.3719e+01,6.4631e+01,6.5343e+01,6.5723e+01,6.4665e+01,6.4759e+01,6.4548e+01,6.3828e+01,6.3572e+01,6.2752e+01,6.2470e+01,6.2452e+01,6.2190e+01,6.2633e+01,6.2820e+01,6.3473e+01,6.3394e+01,6.4189e+01,6.4640e+01,6.5501e+01,6.5836e+01,6.7047e+01,6.7031e+01,6.6204e+01,6.5651e+01,6.6279e+01,6.5668e+01,6.4575e+01,6.5143e+01,6.6286e+01,6.7311e+01,6.8973e+01,6.9131e+01,6.7763e+01,6.6364e+01,6.5439e+01,6.4321e+01,6.3803e+01,6.2941e+01,6.2668e+01,6.2049e+01,6.1833e+01,6.1615e+01,6.1785e+01,6.1993e+01,6.2181e+01,6.2228e+01,6.2143e+01,6.2560e+01,6.2638e+01,6.3298e+01,6.3422e+01,6.2978e+01,6.2989e+01,6.2592e+01,6.3074e+01,6.3331e+01,6.4064e+01,6.4935e+01,6.4407e+01,6.4287e+01,6.4248e+01,6.5088e+01,6.4592e+01,6.4206e+01,6.3639e+01,6.3940e+01,6.4680e+01,6.5455e+01,6.6321e+01,6.7464e+01,6.7914e+01,6.9141e+01,6.9708e+01,7.0905e+01,7.1392e+01,7.2020e+01,7.2643e+01,7.2574e+01,7.1729e+01,7.2997e+01,7.3332e+01,7.5028e+01,7.4834e+01,7.4451e+01,7.2998e+01,7.1521e+01,7.0760e+01,6.9482e+01,6.9220e+01,7.0291e+01,7.1049e+01,7.0405e+01,7.1203e+01,7.1058e+01,7.1690e+01,7.1377e+01,7.1012e+01,7.2165e+01,7.2491e+01,7.2433e+01,7.2738e+01,7.1898e+01,7.0357e+01,6.9532e+01,6.9091e+01,6.7771e+01,6.7094e+01,6.7225e+01,6.8126e+01,6.7766e+01,6.7519e+01,6.8162e+01,6.8685e+01,6.8319e+01,6.9202e+01,6.8809e+01,6.9547e+01,6.9843e+01,7.0806e+01,7.2132e+01,7.2669e+01,7.4324e+01,7.4099e+01,7.3846e+01,7.2373e+01,7.2503e+01,7.2846e+01,7.4362e+01,7.4884e+01,7.6126e+01,7.7835e+01,7.9014e+01,8.0040e+01,7.8646e+01,7.8509e+01,7.8829e+01,7.7041e+01,7.5613e+01,7.4699e+01,7.3497e+01,7.2665e+01,7.1550e+01,7.1844e+01,7.0273e+01,6.9026e+01,6.7738e+01,6.7268e+01,6.6205e+01,6.6131e+01,6.6588e+01,6.6505e+01,6.7317e+01,6.7125e+01,6.6299e+01,6.6517e+01,6.6667e+01,6.7036e+01,6.6514e+01,6.6445e+01
6.0775e+01,6.1285e+01,6.1415e+01,6.1703e+01,6.1722e+01,6.1647e+01,6.1590e+01,6.2077e+01,6.2449e+01,6.2510e+01,6.2405e+01,6.3177e+01,6.3456e+01,6.4391e+01,6.5137e+01,6.5532e+01,6.4481e+01,6.4613e+01,6.4435e+01,6.3703e+01,6.3469e+01,6.2613e+01,6.2353e+01,6.2300e+01,6.2022e+01,6.2513e+01,6.2735e+01,6.3442e+01,6.3371e+01,6.4184e+01,6.4649e+01,6.5562e+01,6.5925e+01,6.7176e+01,6.7191e+01,6.6347e+01,6.5802e+01,6.6476e+01,6.5868e+01,6.4736e+01,6.5356e+01,6.6574e+01,6.7631e+01,6.9346e+01,6.9475e+01,6.8050e+01,6.6611e+01,6.5617e+01,6.4451e+01,6.3921e+01,6.2982e+01,6.2659e+01,6.1973e+01,6.1717e+01,6.1446e+01,6.1627e+01,6.1843e+01,6.1999e+01,6.2024e+01,6.1887e+01,6.2297e+01,6.2332e+01,6.2980e+01,6.3083e+01,6.2668e+01,6.2722e+01,6.2357e+01,6.2878e+01,6.3171e+01,6.3935e+01,6.4799e+01,6.4238e+01,6.4136e+01,6.4141e+01,6.5013e+01,6.4543e+01,6.4147e+01,6.3569e+01,6.3879e+01,6.4665e+01,6.5473e+01,6.6388e+01,6.7559e+01,6.8043e+01,6.9305e+01,6.9897e+01,7.1130e+01,7.1634e+01,7.2241e+01,7.2844e+01,7.2746e+01,7.1903e+01,7.3207e+01,7.3539e+01,7.5256e+01,7.5089e+01,7.4726e+01,7.3265e+01,7.1768e+01,7.0967e+01,6.9651e+01,6.9356e+01,7.0426e+01,7.1207e+01,7.0543e+01,7.1327e+01,7.1154e+01,7.1775e+01,7.1430e+01,7.1054e+01,7.2208e+01,7.2510e+01,7.2457e+01,7.2745e+01,7.1920e+01,7.0356e+01,6.9544e+01,6.9132e+01,6.7793e+01,6.7127e+01,6.7240e+01,6.8175e+01,6.7833e+01,6.7615e+01,6.8300e+01,6.8864e+01,6.8504e+01,6.9424e+01,6.9041e+01,6.9798e+01,7.0132e+01,7.1107e+01,7.2476e+01,7.3042e+01,7.4733e+01,7.4514e+01,7.4240e+01,7.2742e+01,7.2892e+01,7.3219e+01,7.4750e+01,7.5257e+01,7.6499e+01,7.8237e+01,7.9409e+01,8.0441e+01,7.9023e+01,7.8856e+01,7.9170e+01,7.7370e+01,7.5915e+01,7.5010e+01,7.3789e+01,7.2970e+01,7.1831e+01,7.2160e+01,7.0569e+01,6.9278e+01,6.7953e+01,6.7494e+01,6.6375e+01,6.6274e+01,6.6716e+01,6.6587e+01,6.7409e+01,6.7270e+01,6.6454e+01,6.6731e+01,6.6893e+01,6.7302e+01,6.6813e+01,6.6753e+01
6.0908e+01,6.1417e+01,6.1622e+01,6.1941e+01,6.1908e+01,6.1784e+01,6.1674e+01,6.2182e+01,6.2605e+01,6.2645e+01,6.2482e+01,6.3257e+01,6.3566e+01,6.4542e+01,6.5322e+01,6.5759e+01,6.4707e+01,6.4863e+01,6.4725e+01,6.3984e+01,6.3778e+01,6.2865e+01,6.2593e+01,6.2490e+01,6.2162e+01,6.2684e+01,6.2913e+01,6.3654e+01,6.3561e+01,6.4367e+01,6.4806e+01,6.5774e+01,6.6191e+01,6.7483e+01,6.7546e+01,6.6717e+01,6.6170e+01,6.6863e+01,6.6247e+01,6.5092e+01,6.5741e+01,6.7020e+01,6.8069e+01,6.9814e+01,6.9895e+01,6.8432e+01,6.6985e+01,6.5929e+01,6.4741e+01,6.4213e+01,6.3220e+01,6.2842e+01,6.2128e+01,6.1848e+01,6.1554e+01,6.1730e+01,6.1914e+01,6.2030e+01,6.2062e+01,6.1877e+01,6.2281e+01,6.2287e+01,6.2911e+01,6.3021e+01,6.2658e+01,6.2763e+01,6.2416e+01,6.2977e+01,6.3327e+01,6.4116e+01,6.4986e+01,6.4403e+01,6.4341e+01,6.4381e+01,6.5277e+01,6.4811e+01,6.4375e+01,6.3766e+01,6.4049e+01,6.4868e+01,6.5682e+01,6.6639e+01,6.7813e+01,6.8306e+01,6.9582e+01,7.0168e+01,7.1441e+01,7.1984e+01,7.2575e+01,7.3145e+01,7.3031e+01,7.2215e+01,7.3554e+01,7.3908e+01,7.5630e+01,7.5489e+01,7.5133e+01,7.3680e+01,7.2155e+01,7.1327e+01,6.9971e+01,6.9663e+01,7.0739e+01,7.1560e+01,7.0901e+01,7.1681e+01,7.1495e+01,7.2086e+01,7.1707e+01,7.1298e+01,7.2432e+01,7.2694e+01,7.2622e+01,7.2866e+01,7.2053e+01,7.0478e+01,6.9703e+01,6.9309e+01,6.7946e+01,6.7277e+01,6.7343e+01,6.8291e+01,6.7954e+01,6.7787e+01,6.8492e+01,6.9110e+01,6.8788e+01,6.9756e+01,6.9410e+01,7.0205e+01,7.0580e+01,7.1588e+01,7.2983e+01,7.3590e+01,7.5301e+01,7.5062e+01,7.4748e+01,7.3215e+01,7.3364e+01,7.3657e+01,7.5184e+01,7.5687e+01,7.6919e+01,7.8685e+01,7.9856e+01,8.0869e+01,7.9418e+01,7.9226e+01,7.9512e+01,7.7703e+01,7.6239e+01,7.5336e+01,7.4121e+01,7.3323e+01,7.2187e+01,7.2563e+01,7.0968e+01,6.9631e+01,6.8287e+01,6.7842e+01,6.6679e+01,6.6523e+01,6.6936e+01,6.6752e+01,6.7550e+01,6.7462e+01,6.6662e+01,6.7001e+01,6.7206e+01,6.7667e+01,6.7214e+01,6.7193e+01
6.0656e+01,6.1148e+01,6.1412e+01,6.1751e+01,6.1675e+01,6.1516e+01,6.1372e+01,6.1889e+01,6.2339e+01,6.2373e+01,6.2188e+01,6.2970e+01,6.3290e+01,6.4292e+01,6.5088e+01,6.5549e+01,6.4491e+01,6.4655e+01,6.4540e+01,6.3797e+01,6.3611e+01,6.2662e+01,6.2381e+01,6.2244e+01,6.1892e+01,6.2433e+01,6.2676e+01,6.3447e+01,6.3358e+01,6.4170e+01,6.4618e+01,6.5622e+01,6.6061e+01,6.7382e+01,6.7476e+01,6.6641e+01,6.6106e+01,6.6840e+01,6.6237e+01,6.5063e+01,6.5769e+01,6.7120e+01,6.8205e+01,6.9998e+01,7.0042e+01,6.8517e+01,6.7035e+01,6.5913e+01,6.4697e+01,6.4181e+01,6.3145e+01,6.2706e+01,6.1946e+01,6.1621e+01,6.1291e+01,6.1457e+01,6.1639e+01,6.1727e+01,6.1747e+01,6.1539e+01,6.1938e+01,6.1934e+01,6.2554e+01,6.2674e+01,6.2323e+01,6.2447e+01,6.2103e+01,6.2685e+01,6.3064e+01,6.3868e+01,6.4745e+01,6.4149e+01,6.4104e+01,6.4162e+01,6.5074e+01,6.4614e+01,6.4158e+01,6.3533e+01,6.3812e+01,6.4659e+01,6.5491e+01,6.6482e+01,6.7674e+01,6.8193e+01,6.9495e+01,7.0103e+01,7.1405e+01,7.1960e+01,7.2529e+01,7.3080e+01,7.2939e+01,7.2127e+01,7.3495e+01,7.3848e+01,7.5585e+01,7.5469e+01,7.5133e+01,7.3676e+01,7.2137e+01,7.1272e+01,6.9886e+01,6.9550e+01,7.0624e+01,7.1467e+01,7.0800e+01,7.1570e+01,7.1368e+01,7.1939e+01,7.1534e+01,7.1108e+01,7.2236e+01,7.2476e+01,7.2402e+01,7.2630e+01,7.1828e+01,7.0241e+01,6.9480e+01,6.9109e+01,6.7738e+01,6.7083e+01,6.7138e+01,6.8114e+01,6.7801e+01,6.7654e+01,6.8398e+01,6.9046e+01,6.8726e+01,6.9724e+01,6.9389e+01,7.0200e+01,7.0614e+01,7.1633e+01,7.3068e+01,7.3709e+01,7.5455e+01,7.5224e+01,7.4884e+01,7.3327e+01,7.3503e+01,7.3779e+01,7.5319e+01,7.5800e+01,7.7029e+01,7.8823e+01,7.9982e+01,8.1005e+01,7.9531e+01,7.9305e+01,7.9594e+01,7.7775e+01,7.6282e+01,7.5392e+01,7.4155e+01,7.3373e+01,7.2210e+01,7.2618e+01,7.1007e+01,6.9633e+01,6.8258e+01,6.7826e+01,6.6617e+01,6.6443e+01,6.6837e+01,6.6617e+01,6.7431e+01,6.7396e+01,6.6626e+01,6.7018e+01,6.7222e+01,6.7723e+01,6.7315e+01,6.7299e+01
6.0129e+01,6.0574e+01,6.0898e+01,6.1303e+01,6.1173e+01,6.0923e+01,6.0730e+01,6.1270e+01,6.1754e+01,6.1731e+01,6.1466e+01,6.2228e+01,6.2591e+01,6.3625e+01,6.4464e+01,6.4963e+01,6.3921e+01,6.4132e+01,6.4073e+01,6.3327e+01,6.3187e+01,6.2194e+01,6.1937e+01,6.1741e+01,6.1363e+01,6.1971e+01,6.2268e+01,6.3107e+01,6.3039e+01,6.3870e+01,6.4339e+01,6.5403e+01,6.5870e+01,6.7233e+01,6.7363e+01,6.6509e+01,6.5991e+01,6.6779e+01,6.6186e+01,6.4980e+01,6.5745e+01,6.7167e+01,6.8283e+01,7.0122e+01,7.0137e+01,6.8560e+01,6.7042e+01,6.5852e+01,6.4591e+01,6.4072e+01,6.2961e+01,6.2457e+01,6.1614e+01,6.1222e+01,6.0809e+01,6.0972e+01,6.1166e+01,6.1192e+01,6.1168e+01,6.0883e+01,6.1255e+01,6.1181e+01,6.1767e+01,6.1846e+01,6.1548e+01,6.1735e+01,6.1450e+01,6.2082e+01,6.2516e+01,6.3360e+01,6.4220e+01,6.3575e+01,6.3567e+01,6.3694e+01,6.4647e+01,6.4229e+01,6.3761e+01,6.3131e+01,6.3421e+01,6.4325e+01,6.5204e+01,6.6255e+01,6.7479e+01,6.8044e+01,6.9388e+01,7.0024e+01,7.1368e+01,7.1940e+01,7.2485e+01,7.3014e+01,7.2836e+01,7.2024e+01,7.3436e+01,7.3785e+01,7.5547e+01,7.5462e+01,7.5150e+01,7.3681e+01,7.2122e+01,7.1207e+01,6.9776e+01,6.9398e+01,7.0469e+01,7.1339e+01,7.0647e+01,7.1400e+01,7.1165e+01,7.1726e+01,7.1282e+01,7.0844e+01,7.1978e+01,7.2189e+01,7.2122e+01,7.2329e+01,7.1547e+01,6.9929e+01,6.9184e+01,6.8852e+01,6.7455e+01,6.6816e+01,6.6849e+01,6.7872e+01,6.7584e+01,6.7475e+01,6.8270e+01,6.8963e+01,6.8647e+01,6.9684e+01,6.9358e+01,7.0186e+01,7.0644e+01,7.1676e+01,7.3157e+01,7.3830e+01,7.5615e+01,7.5391e+01,7.5027e+01,7.3444e+01,7.3644e+01,7.3902e+01,7.5455e+01,7.5922e+01,7.7152e+01,7.8977e+01,8.0128e+01,8.1158e+01,7.9659e+01,7.9399e+01,7.9684e+01,7.7851e+01,7.6327e+01,7.5446e+01,7.4189e+01,7.3422e+01,7.2234e+01,7.2680e+01,7.1050e+01,6.9630e+01,6.8214e+01,6.7796e+01,6.6528e+01,6.6328e+01,6.6700e+01,6.6425e+01,6.7250e+01,6.7280e+01,6.6526e+01,6.6985e+01,6.7204e+01,6.7743e+01,6.7374e+01,6.7367e+01
5.9191e+01,5.9630e+01,6.0024e+01,6.0448e+01,6.0263e+01,5.9962e+01,5.9721e+01,6.0286e+01,6.0814e+01,6.0776e+01,6.0463e+01,6.1232e+01,6.1616e+01,6.2690e+01,6.3557e+01,6.4096e+01,6.3050e+01,6.3275e+01,6.3254e+01,6.2507e+01,6.2400e+01,6.1355e+01,6.1082e+01,6.0835e+01,6.0418e+01,6.1064e+01,6.1380e+01,6.2266e+01,6.2196e+01,6.3041e+01,6.3516e+01,6.4635e+01,6.5136e+01,6.6543e+01,6.6707e+01,6.5844e+01,6.5330e+01,6.6156e+01,6.5564e+01,6.4328e+01,6.5142e+01,6.6636e+01,6.7778e+01,6.9663e+01,6.9645e+01,6.8013e+01,6.6462e+01,6.5204e+01,6.3903e+01,6.3382e+01,6.2205e+01,6.1639e+01,6.0738e+01,6.0305e+01,5.9849e+01,6.0010e+01,6.0194e+01,6.0182e+01,6.0149e+01,5.9811e+01,6.0186e+01,6.0075e+01,6.0661e+01,6.0727e+01,6.0465e+01,6.0700e+01,6.0434e+01,6.1106e+01,6.1587e+01,6.2461e+01,6.3326e+01,6.2652e+01,6.2675e+01,6.2838e+01,6.3818e+01,6.3412e+01,6.2919e+01,6.2266e+01,6.2550e+01,6.3499e+01,6.4406e+01,6.5506e+01,6.6759e+01,6.7352e+01,6.8728e+01,6.9381e+01,7.0766e+01,7.1360e+01,7.1893e+01,7.2409e+01,7.2209e+01,7.1397e+01,7.2848e+01,7.3204e+01,7.4992e+01,7.4926e+01,7.4624e+01,7.3143e+01,7.1555e+01,7.0603e+01,6.9131e+01,6.8726e+01,6.9809e+01,7.0709e+01,7.0005e+01,7.0759e+01,7.0510e+01,7.1061e+01,7.0591e+01,7.0133e+01,7.1275e+01,7.1470e+01,7.1397e+01,7.1588e+01,7.0804e+01,6.9151e+01,6.8412e+01,6.8093e+01,6.6666e+01,6.6023e+01,6.6037e+01,6.7093e+01,6.6815e+01,6.6731e+01,6.7568e+01,6.8303e+01,6.7994e+01,6.9072e+01,6.8760e+01,6.9615e+01,7.0112e+01,7.1168e+01,7.2689e+01,7.3399e+01,7.5220e+01,7.4990e+01,7.4596e+01,7.2980e+01,7.3193e+01,7.3432e+01,7.4998e+01,7.5455e+01,7.6687e+01,7.8544e+01,7.9696e+01,8.0733e+01,7.9208e+01,7.8925e+01,7.9209e+01,7.7357e+01,7.5805e+01,7.4923e+01,7.3648e+01,7.2887e+01,7.1680e+01,7.2159e+01,7.0507e+01,6.9042e+01,6.7592e+01,6.7186e+01,6.5863e+01,6.5633e+01,6.5987e+01,6.5662e+01,6.6499e+01,6.6577e+01,6.5833e+01,6.6346e+01,6.6582e+01,6.7163e+01,6.6833e+01,6.6844e+01
5.8541e+01,5.8966e+01,5.9392e+01,5.9854e+01,5.9646e+01,5.9298e+01,5.9045e+01,5.9637e+01,6.0173e+01,6.0100e+01,5.9744e+01,6.0512e+01,6.0926e+01,6.2020e+01,6.2917e+01,6.3469e+01,6.2422e+01,6.2678e+01,6.2678e+01,6.1921e+01,6.1830e+01,6.0759e+01,6.0507e+01,6.0238e+01,5.9821e+01,6.0513e+01,6.0869e+01,6.1802e+01,6.1753e+01,6.2631e+01,6.3139e+01,6.4287e+01,6.4788e+01,6.6219e+01,6.6385e+01,6.5496e+01,6.4986e+01,6.5848e+01,6.5260e+01,6.3995e+01,6.4845e+01,6.6377e+01,6.7552e+01,6.9469e+01,6.9452e+01,6.7791e+01,6.6205e+01,6.4915e+01,6.3574e+01,6.3036e+01,6.1805e+01,6.1213e+01,6.0242e+01,5.9773e+01,5.9257e+01,5.9439e+01,5.9658e+01,5.9626e+01,5.9561e+01,5.9176e+01,5.9555e+01,5.9398e+01,5.9992e+01,6.0012e+01,5.9754e+01,6.0023e+01,5.9792e+01,6.0499e+01,6.1001e+01,6.1910e+01,6.2773e+01,6.2060e+01,6.2087e+01,6.2290e+01,6.3305e+01,6.2922e+01,6.2437e+01,6.1781e+01,6.2092e+01,6.3082e+01,6.4028e+01,6.5161e+01,6.6443e+01,6.7071e+01,6.8477e+01,6.9156e+01,7.0560e+01,7.1150e+01,7.1677e+01,7.2196e+01,7.1977e+01,7.1148e+01,7.2622e+01,7.2969e+01,7.4780e+01,7.4722e+01,7.4430e+01,7.2930e+01,7.1331e+01,7.0353e+01,6.8857e+01,6.8429e+01,6.9521e+01,7.0430e+01,6.9704e+01,7.0461e+01,7.0199e+01,7.0760e+01,7.0278e+01,6.9818e+01,7.0981e+01,7.1175e+01,7.1110e+01,7.1304e+01,7.0520e+01,6.8834e+01,6.8085e+01,6.7781e+01,6.6334e+01,6.5697e+01,6.5718e+01,6.6810e+01,6.6545e+01,6.6461e+01,6.7331e+01,6.8077e+01,6.7751e+01,6.8841e+01,6.8515e+01,6.9368e+01,6.9881e+01,7.0937e+01,7.2485e+01,7.3201e+01,7.5048e+01,7.4828e+01,7.4434e+01,7.2808e+01,7.3039e+01,7.3284e+01,7.4865e+01,7.5316e+01,7.6557e+01,7.8429e+01,7.9577e+01,8.0630e+01,7.9100e+01,7.8804e+01,7.9101e+01,7.7238e+01,7.5664e+01,7.4783e+01,7.3485e+01,7.2721e+01,7.1490e+01,7.1975e+01,7.0306e+01,6.8823e+01,6.7343e+01,6.6931e+01,6.5575e+01,6.5352e+01,6.5712e+01,6.5370e+01,6.6236e+01,6.6348e+01,6.5598e+01,6.6148e+01,6.6373e+01,6.6957e+01,6.6643e+01,6.6641e+01
5.8395e+01,5.8825e+01,5.9345e+01,5.9787e+01,5.9509e+01,5.9124e+01,5.8808e+01,5.9409e+01,6.0009e+01,5.9943e+01,5.9545e+01,6.0322e+01,6.0747e+01,6.1893e+01,6.2812e+01,6.3424e+01,6.2366e+01,6.2618e+01,6.2655e+01,6.1903e+01,6.1842e+01,6.0711e+01,6.0413e+01,6.0087e+01,5.9606e+01,6.0309e+01,6.0653e+01,6.1607e+01,6.1531e+01,6.2395e+01,6.2877e+01,6.4064e+01,6.4610e+01,6.6069e+01,6.6280e+01,6.5414e+01,6.4903e+01,6.5771e+01,6.5178e+01,6.3907e+01,6.4777e+01,6.6353e+01,6.7512e+01,6.9445e+01,6.9385e+01,6.7698e+01,6.6114e+01,6.4777e+01,6.3427e+01,6.2902e+01,6.1640e+01,6.0993e+01,6.0009e+01,5.9521e+01,5.8999e+01,5.9166e+01,5.9342e+01,5.9275e+01,5.9223e+01,5.8799e+01,5.9183e+01,5.9010e+01,5.9594e+01,5.9635e+01,5.9421e+01,5.9733e+01,5.9503e+01,6.0243e+01,6.0800e+01,6.1720e+01,6.2598e+01,6.1877e+01,6.1954e+01,6.2176e+01,6.3201e+01,6.2808e+01,6.2273e+01,6.1584e+01,6.1862e+01,6.2873e+01,6.3816e+01,6.4976e+01,6.6251e+01,6.6885e+01,6.8295e+01,6.8966e+01,7.0401e+01,7.1025e+01,7.1537e+01,7.2029e+01,7.1797e+01,7.0993e+01,7.2494e+01,7.2863e+01,7.4676e+01,7.4640e+01,7.4351e+01,7.2862e+01,7.1239e+01,7.0238e+01,6.8711e+01,6.8275e+01,6.9374e+01,7.0317e+01,6.9606e+01,7.0364e+01,7.0103e+01,7.0636e+01,7.0134e+01,6.9642e+01,7.0787e+01,7.0955e+01,7.0870e+01,7.1034e+01,7.0253e+01,6.8557e+01,6.7834e+01,6.7542e+01,6.6072e+01,6.5429e+01,6.5415e+01,6.6513e+01,6.6252e+01,6.6206e+01,6.7089e+01,6.7872e+01,6.7576e+01,6.8703e+01,6.8409e+01,6.9298e+01,6.9847e+01,7.0939e+01,7.2505e+01,7.3258e+01,7.5119e+01,7.4876e+01,7.4442e+01,7.2785e+01,7.3013e+01,7.3226e+01,7.4803e+01,7.5246e+01,7.6480e+01,7.8377e+01,7.9519e+01,8.0560e+01,7.9004e+01,7.8681e+01,7.8960e+01,7.7089e+01,7.5503e+01,7.4627e+01,7.3333e+01,7.2588e+01,7.1360e+01,7.1887e+01,7.0219e+01,6.8699e+01,6.7209e+01,6.6812e+01,6.5427e+01,6.5157e+01,6.5491e+01,6.5106e+01,6.5957e+01,6.6108e+01,6.5367e+01,6.5968e+01,6.6232e+01,6.6857e+01,6.6578e+01,6.6617e+01
5.8876e+01,5.9310e+01,5.9891e+01,6.0292e+01,5.9958e+01,5.9558e+01,5.9191e+01,5.9779e+01,6.0432e+01,6.0381e+01,5.9959e+01,6.0723e+01,6.1146e+01,6.2320e+01,6.3247e+01,6.3902e+01,6.2845e+01,6.3088e+01,6.3152e+01,6.2413e+01,6.2375e+01,6.1216e+01,6.0874e+01,6.0505e+01,5.9968e+01,6.0653e+01,6.0961e+01,6.1906e+01,6.1786e+01,6.2614e+01,6.3046e+01,6.4253e+01,6.4845e+01,6.6317e+01,6.6564e+01,6.5737e+01,6.5218e+01,6.6061e+01,6.5458e+01,6.4201e+01,6.5052e+01,6.6630e+01,6.7734e+01,6.9649e+01,6.9555e+01,6.7879e+01,6.6331e+01,6.4981e+01,6.3654e+01,6.3145e+01,6.1897e+01,6.1222e+01,6.0286e+01,5.9811e+01,5.9325e+01,5.9465e+01,5.9573e+01,5.9482e+01,5.9464e+01,5.9028e+01,5.9410e+01,5.9246e+01,5.9807e+01,5.9888e+01,5.9715e+01,6.0050e+01,5.9814e+01,6.0562e+01,6.1158e+01,6.2067e+01,6.2957e+01,6.2243e+01,6.2363e+01,6.2591e+01,6.3608e+01,6.3199e+01,6.2617e+01,6.1901e+01,6.2132e+01,6.3140e+01,6.4055e+01,6.5222e+01,6.6473e+01,6.7089e+01,6.8485e+01,6.9127e+01,7.0585e+01,7.1245e+01,7.1756e+01,7.2228e+01,7.2002e+01,7.1226e+01,7.2738e+01,7.3136e+01,7.4941e+01,7.4911e+01,7.4612e+01,7.3140e+01,7.1500e+01,7.0496e+01,6.8952e+01,6.8526e+01,6.9633e+01,7.0603e+01,6.9919e+01,7.0684e+01,7.0437e+01,7.0948e+01,7.0440e+01,6.9921e+01,7.1044e+01,7.1196e+01,7.1084e+01,7.1222e+01,7.0435e+01,6.8737e+01,6.8041e+01,6.7744e+01,6.6253e+01,6.5589e+01,6.5532e+01,6.6614e+01,6.6336e+01,6.6328e+01,6.7197e+01,6.8009e+01,6.7757e+01,6.8911e+01,6.8653e+01,6.9577e+01,7.0148e+01,7.1273e+01,7.2835e+01,7.3607e+01,7.5461e+01,7.5185e+01,7.4720e+01,7.3041e+01,7.3246e+01,7.3431e+01,7.4994e+01,7.5446e+01,7.6672e+01,7.8584e+01,7.9729e+01,8.0749e+01,7.9175e+01,7.8844e+01,7.9099e+01,7.7221e+01,7.5638e+01,7.4756e+01,7.3478e+01,7.2747e+01,7.1538e+01,7.2097e+01,7.0441e+01,6.8901e+01,6.7420e+01,6.7034e+01,6.5646e+01,6.5322e+01,6.5634e+01,6.5216e+01,6.6024e+01,6.6195e+01,6.5454e+01,6.6088e+01,6.6408e+01,6.7063e+01,6.6807e+01,6.6899e+01
5.9491e+01,5.9948e+01,6.0566e+01,6.0893e+01,6.0521e+01,6.0147e+01,5.9754e+01,6.0311e+01,6.0996e+01,6.0993e+01,6.0596e+01,6.1360e+01,6.1753e+01,6.2941e+01,6.3851e+01,6.4536e+01,6.3469e+01,6.3674e+01,6.3742e+01,6.3022e+01,6.2991e+01,6.1818e+01,6.1419e+01,6.1029e+01,6.0449e+01,6.1089e+01,6.1350e+01,6.2263e+01,6.2106e+01,6.2901e+01,6.3293e+01,6.4500e+01,6.5117e+01,6.6588e+01,6.6860e+01,6.6068e+01,6.5545e+01,6.6364e+01,6.5756e+01,6.4516e+01,6.5355e+01,6.6942e+01,6.8015e+01,6.9924e+01,6.9797e+01,6.8118e+01,6.6592e+01,6.5231e+01,6.3922e+01,6.3433e+01,6.2204e+01,6.1515e+01,6.0637e+01,6.0190e+01,5.9768e+01,5.9877e+01,5.9925e+01,5.9837e+01,5.9862e+01,5.9462e+01,5.9850e+01,5.9737e+01,6.0292e+01,6.0433e+01,6.0265e+01,6.0579e+01,6.0305e+01,6.1030e+01,6.1636e+01,6.2512e+01,6.3415e+01,6.2735e+01,6.2883e+01,6.3086e+01,6.4078e+01,6.3640e+01,6.3021e+01,6.2288e+01,6.2475e+01,6.3462e+01,6.4345e+01,6.5503e+01,6.6726e+01,6.7324e+01,6.8704e+01,6.9327e+01,7.0794e+01,7.1474e+01,7.1979e+01,7.2433e+01,7.2210e+01,7.1458e+01,7.2972e+01,7.3389e+01,7.5179e+01,7.5158e+01,7.4856e+01,7.3404e+01,7.1757e+01,7.0754e+01,6.9204e+01,6.8789e+01,6.9897e+01,7.0880e+01,7.0221e+01,7.0991e+01,7.0759e+01,7.1249e+01,7.0743e+01,7.0205e+01,7.1302e+01,7.1442e+01,7.1311e+01,7.1430e+01,7.0643e+01,6.8959e+01,6.8285e+01,6.7983e+01,6.6486e+01,6.5810e+01,6.5732e+01,6.6798e+01,6.6509e+01,6.6518e+01,6.7374e+01,6.8199e+01,6.7973e+01,6.9143e+01,6.8910e+01,6.9855e+01,7.0444e+01,7.1593e+01,7.3149e+01,7.3940e+01,7.5787e+01,7.5491e+01,7.5001e+01,7.3308e+01,7.3503e+01,7.3667e+01,7.5220e+01,7.5672e+01,7.6888e+01,7.8809e+01,7.9949e+01,8.0952e+01,7.9365e+01,7.9023e+01,7.9261e+01,7.7386e+01,7.5806e+01,7.4928e+01,7.3662e+01,7.2944e+01,7.1748e+01,7.2330e+01,7.0686e+01,6.9134e+01,6.7660e+01,6.7282e+01,6.5898e+01,6.5542e+01,6.5841e+01,6.5411e+01,6.6194e+01,6.6376e+01,6.5638e+01,6.6290e+01,6.6634e+01,6.7307e+01,6.7074e+01,6.7196e+01
5.9548e+01,5.9975e+01,6.0684e+01,6.0984e+01,6.0526e+01,6.0109e+01,5.9646e+01,6.0192e+01,6.0930e+01,6.0936e+01,6.0514e+01,6.1260e+01,6.1652e+01,6.2869e+01,6.3788e+01,6.4521e+01,6.3458e+01,6.3659e+01,6.3768e+01,6.3068e+01,6.3080e+01,6.1874e+01,6.1433e+01,6.0981e+01,6.0346e+01,6.0990e+01,6.1245e+01,6.2178e+01,6.2009e+01,6.2792e+01,6.3174e+01,6.4421e+01,6.5072e+01,6.6569e+01,6.6883e+01,6.6106e+01,6.5598e+01,6.6444e+01,6.5852e+01,6.4613e+01,6.5501e+01,6.7149e+01,6.8229e+01,7.0164e+01,6.9988e+01,6.8262e+01,6.6724e+01,6.5299e+01,6.3980e+01,6.3524e+01,6.2274e+01,6.1493e+01,6.0599e+01,6.0107e+01,5.9673e+01,5.9744e+01,5.9749e+01,5.9618e+01,5.9646e+01,5.9215e+01,5.9596e+01,5.9475e+01,6.0008e+01,6.0177e+01,6.0052e+01,6.0394e+01,6.0123e+01,6.0869e+01,6.1521e+01,6.2399e+01,6.3307e+01,6.2623e+01,6.2814e+01,6.3038e+01,6.4032e+01,6.3596e+01,6.2943e+01,6.2191e+01,6.2351e+01,6.3361e+01,6.4249e+01,6.5439e+01,6.6661e+01,6.7281e+01,6.8674e+01,6.9307e+01,7.0801e+01,7.1500e+01,7.1980e+01,7.2407e+01,7.2158e+01,7.1421e+01,7.2965e+01,7.3387e+01,7.5182e+01,7.5190e+01,7.4905e+01,7.3460e+01,7.1798e+01,7.0763e+01,6.9184e+01,6.8749e+01,6.9856e+01,7.0868e+01,7.0213e+01,7.0976e+01,7.0735e+01,7.1199e+01,7.0667e+01,7.0104e+01,7.1185e+01,7.1299e+01,7.1158e+01,7.1253e+01,7.0478e+01,6.8783e+01,6.8132e+01,6.7855e+01,6.6347e+01,6.5679e+01,6.5580e+01,6.6663e+01,6.6391e+01,6.6430e+01,6.7316e+01,6.8176e+01,6.7965e+01,6.9167e+01,6.8957e+01,6.9924e+01,7.0555e+01,7.1724e+01,7.3309e+01,7.4136e+01,7.6009e+01,7.5706e+01,7.5182e+01,7.3464e+01,7.3676e+01,7.3811e+01,7.5364e+01,7.5793e+01,7.6999e+01,7.8944e+01,8.0068e+01,8.1070e+01,7.9462e+01,7.9088e+01,7.9322e+01,7.7443e+01,7.5843e+01,7.4979e+01,7.3702e+01,7.3006e+01,7.1799e+01,7.2421e+01,7.0774e+01,6.9186e+01,6.7694e+01,6.7338e+01,6.5916e+01,6.5526e+01,6.5795e+01,6.5318e+01,6.6109e+01,6.6343e+01,6.5627e+01,6.6342e+01,6.6707e+01,6.7422e+01,6.7240e+01,6.7383e+01
6.0330e+01,6.0752e+01,6.1493e+01,6.1715e+01,6.1212e+01,6.0815e+01,6.0315e+01,6.0818e+01,6.1589e+01,6.1641e+01,6.1240e+01,6.1970e+01,6.2333e+01,6.3551e+01,6.4446e+01,6.5207e+01,6.4149e+01,6.4314e+01,6.4432e+01,6.3761e+01,6.3787e+01,6.2582e+01,6.2086e+01,6.1606e+01,6.0924e+01,6.1514e+01,6.1711e+01,6.2601e+01,6.2388e+01,6.3119e+01,6.3448e+01,6.4693e+01,6.5378e+01,6.6872e+01,6.7219e+01,6.6489e+01,6.5981e+01,6.6796e+01,6.6205e+01,6.4997e+01,6.5871e+01,6.7523e+01,6.8556e+01,7.0473e+01,7.0253e+01,6.8528e+01,6.7027e+01,6.5588e+01,6.4306e+01,6.3890e+01,6.2690e+01,6.1875e+01,6.1078e+01,6.0607e+01,6.0247e+01,6.0262e+01,6.0184e+01,6.0041e+01,6.0114e+01,5.9716e+01,6.0085e+01,6.0011e+01,6.0509e+01,6.0743e+01,6.0656e+01,6.0987e+01,6.0685e+01,6.1404e+01,6.2072e+01,6.2908e+01,6.3823e+01,6.3179e+01,6.3407e+01,6.3608e+01,6.4567e+01,6.4105e+01,6.3409e+01,6.2643e+01,6.2747e+01,6.3728e+01,6.4574e+01,6.5753e+01,6.6938e+01,6.7536e+01,6.8906e+01,6.9512e+01,7.1018e+01,7.1746e+01,7.2218e+01,7.2623e+01,7.2377e+01,7.1670e+01,7.3217e+01,7.3662e+01,7.5442e+01,7.5460e+01,7.5172e+01,7.3749e+01,7.2078e+01,7.1044e+01,6.9459e+01,6.9036e+01,7.0142e+01,7.1171e+01,7.0547e+01,7.1316e+01,7.1093e+01,7.1531e+01,7.0999e+01,7.0413e+01,7.1465e+01,7.1564e+01,7.1399e+01,7.1470e+01,7.0696e+01,6.9015e+01,6.8391e+01,6.8108e+01,6.6593e+01,6.5909e+01,6.5781e+01,6.6842e+01,6.6558e+01,6.6622e+01,6.7492e+01,6.8369e+01,6.8194e+01,6.9415e+01,6.9240e+01,7.0234e+01,7.0887e+01,7.2085e+01,7.3662e+01,7.4513e+01,7.6378e+01,7.6048e+01,7.5490e+01,7.3755e+01,7.3952e+01,7.4058e+01,7.5596e+01,7.6024e+01,7.7218e+01,7.9177e+01,8.0298e+01,8.1284e+01,7.9659e+01,7.9271e+01,7.9488e+01,7.7607e+01,7.6009e+01,7.5147e+01,7.3884e+01,7.3204e+01,7.2015e+01,7.2667e+01,7.1037e+01,6.9434e+01,6.7958e+01,6.7619e+01,6.6206e+01,6.5772e+01,6.6015e+01,6.5517e+01,6.6269e+01,6.6507e+01,6.5797e+01,6.6534e+01,6.6941e+01,6.7684e+01,6.7538e+01,6.7731e+01
6.0445e+01,6.0818e+01,6.1652e+01,6.1814e+01,6.1199e+01,6.0770e+01,6.0185e+01,6.0631e+01,6.1464e+01,6.1568e+01,6.1186e+01,6.1882e+01,6.2194e+01,6.3422e+01,6.4291e+01,6.5103e+01,6.4059e+01,6.4185e+01,6.4350e+01,6.3729e+01,6.3816e+01,6.2596e+01,6.2029e+01,6.1473e+01,6.0718e+01,6.1271e+01,6.1440e+01,6.2320e+01,6.2092e+01,6.2778e+01,6.3084e+01,6.4365e+01,6.5089e+01,6.6600e+01,6.7009e+01,6.6314e+01,6.5844e+01,6.6692e+01,6.6147e+01,6.4976e+01,6.5926e+01,6.7649e+01,6.8687e+01,7.0617e+01,7.0318e+01,6.8532e+01,6.7034e+01,6.5512e+01,6.4256e+01,6.3938e+01,6.2773e+01,6.1807e+01,6.1029e+01,6.0475e+01,6.0124e+01,6.0043e+01,5.9885e+01,5.9686e+01,5.9772e+01,5.9389e+01,5.9732e+01,5.9699e+01,6.0163e+01,6.0465e+01,6.0413e+01,6.0732e+01,6.0408e+01,6.1107e+01,6.1814e+01,6.2617e+01,6.3531e+01,6.2918e+01,6.3201e+01,6.3402e+01,6.4333e+01,6.3865e+01,6.3124e+01,6.2345e+01,6.2398e+01,6.3383e+01,6.4217e+01,6.5424e+01,6.6598e+01,6.7218e+01,6.8599e+01,6.9217e+01,7.0753e+01,7.1503e+01,7.1941e+01,7.2312e+01,7.2035e+01,7.1348e+01,7.2926e+01,7.3379e+01,7.5161e+01,7.5214e+01,7.4949e+01,7.3540e+01,7.1855e+01,7.0783e+01,6.9167e+01,6.8719e+01,6.9817e+01,7.0879e+01,7.0266e+01,7.1022e+01,7.0790e+01,7.1191e+01,7.0634e+01,7.0019e+01,7.1047e+01,7.1119e+01,7.0943e+01,7.0992e+01,7.0229e+01,6.8545e+01,6.7946e+01,6.7688e+01,6.6164e+01,6.5491e+01,6.5338e+01,6.6415e+01,6.6156e+01,6.6258e+01,6.7165e+01,6.8082e+01,6.7925e+01,6.9182e+01,6.9042e+01,7.0061e+01,7.0774e+01,7.1992e+01,7.3602e+01,7.4507e+01,7.6400e+01,7.6065e+01,7.5457e+01,7.3696e+01,7.3921e+01,7.3983e+01,7.5512e+01,7.5906e+01,7.7082e+01,7.9068e+01,8.0166e+01,8.1154e+01,7.9505e+01,7.9076e+01,7.9291e+01,7.7407e+01,7.5782e+01,7.4940e+01,7.3664e+01,7.3016e+01,7.1815e+01,7.2520e+01,7.0895e+01,6.9249e+01,6.7760e+01,6.7466e+01,6.6014e+01,6.5538e+01,6.5727e+01,6.5171e+01,6.5924e+01,6.6233e+01,6.5567e+01,6.6381e+01,6.6812e+01,6.7611e+01,6.7540e+01,6.7752e+01
6.1390e+01,6.1790e+01,6.2613e+01,6.2681e+01,6.2066e+01,6.1714e+01,6.1131e+01,6.1532e+01,6.2377e+01,6.2552e+01,6.2233e+01,6.2943e+01,6.3211e+01,6.4434e+01,6.5264e+01,6.6080e+01,6.5019e+01,6.5084e+01,6.5221e+01,6.4617e+01,6.4684e+01,6.3477e+01,6.2844e+01,6.2302e+01,6.1518e+01,6.1978e+01,6.2052e+01,6.2846e+01,6.2551e+01,6.3173e+01,6.3402e+01,6.4651e+01,6.5404e+01,6.6899e+01,6.7326e+01,6.6691e+01,6.6204e+01,6.6990e+01,6.6432e+01,6.5306e+01,6.6218e+01,6.7926e+01,6.8901e+01,7.0800e+01,7.0459e+01,6.8684e+01,6.7236e+01,6.5718e+01,6.4520e+01,6.4259e+01,6.3199e+01,6.2213e+01,6.1606e+01,6.1112e+01,6.0889e+01,6.0752e+01,6.0499e+01,6.0335e+01,6.0498e+01,6.0208e+01,6.0556e+01,6.0616e+01,6.1072e+01,6.1453e+01,6.1399e+01,6.1672e+01,6.1279e+01,6.1925e+01,6.2615e+01,6.3359e+01,6.4302e+01,6.3754e+01,6.4047e+01,6.4179e+01,6.5057e+01,6.4528e+01,6.3742e+01,6.2941e+01,6.2924e+01,6.3845e+01,6.4606e+01,6.5770e+01,6.6893e+01,6.7458e+01,6.8798e+01,6.9371e+01,7.0907e+01,7.1684e+01,7.2134e+01,7.2495e+01,7.2247e+01,7.1592e+01,7.3157e+01,7.3646e+01,7.5405e+01,7.5450e+01,7.5161e+01,7.3775e+01,7.2081e+01,7.1034e+01,6.9425e+01,6.9020e+01,7.0130e+01,7.1205e+01,7.0640e+01,7.1420e+01,7.1229e+01,7.1608e+01,7.1072e+01,7.0431e+01,7.1427e+01,7.1500e+01,7.1285e+01,7.1319e+01,7.0534e+01,6.8876e+01,6.8296e+01,6.7999e+01,6.6475e+01,6.5769e+01,6.5592e+01,6.6618e+01,6.6326e+01,6.6433e+01,6.7296e+01,6.8214e+01,6.8096e+01,6.9363e+01,6.9259e+01,7.0309e+01,7.1025e+01,7.2277e+01,7.3859e+01,7.4781e+01,7.6650e+01,7.6279e+01,7.5644e+01,7.3870e+01,7.4069e+01,7.4106e+01,7.5619e+01,7.6022e+01,7.7188e+01,7.9181e+01,8.0286e+01,8.1252e+01,7.9590e+01,7.9163e+01,7.9357e+01,7.7471e+01,7.5858e+01,7.5012e+01,7.3756e+01,7.3114e+01,7.1940e+01,7.2661e+01,7.1056e+01,6.9409e+01,6.7948e+01,6.7661e+01,6.6238e+01,6.5720e+01,6.5901e+01,6.5353e+01,6.6063e+01,6.6337e+01,6.5658e+01,6.6467e+01,6.6929e+01,6.7742e+01,6.7693e+01,6.7952e+01
6.2453e+01,6.2895e+01,6.3649e+01,6.3687e+01,6.3143e+01,6.2860e+01,6.2332e+01,6.2722e+01,6.3524e+01,6.3714e+01,6.3428e+01,6.4147e+01,6.4408e+01,6.5598e+01,6.6403e+01,6.7182e+01,6.6121e+01,6.6169e+01,6.6260e+01,6.5653e+01,6.5673e+01,6.4508e+01,6.3882e+01,6.3401e+01,6.2656e+01,6.3065e+01,6.3093e+01,6.3813e+01,6.3493e+01,6.4084e+01,6.4272e+01,6.5441e+01,6.6169e+01,6.7613e+01,6.7999e+01,6.7395e+01,6.6874e+01,6.7568e+01,6.6968e+01,6.5873e+01,6.6666e+01,6.8278e+01,6.9174e+01,7.1023e+01,7.0710e+01,6.9012e+01,6.7622e+01,6.6204e+01,6.5061e+01,6.4774e+01,6.3827e+01,6.2986e+01,6.2515e+01,6.2124e+01,6.1981e+01,6.1864e+01,6.1612e+01,6.1505e+01,6.1696e+01,6.1462e+01,6.1821e+01,6.1910e+01,6.2372e+01,6.2756e+01,6.2682e+01,6.2923e+01,6.2506e+01,6.3114e+01,6.3752e+01,6.4459e+01,6.5404e+01,6.4895e+01,6.5157e+01,6.5241e+01,6.6085e+01,6.5526e+01,6.4753e+01,6.3963e+01,6.3934e+01,6.4790e+01,6.5496e+01,6.6586e+01,6.7657e+01,6.8157e+01,6.9440e+01,6.9959e+01,7.1458e+01,7.2234e+01,7.2718e+01,7.3098e+01,7.2900e+01,7.2255e+01,7.3773e+01,7.4282e+01,7.6008e+01,7.6017e+01,7.5694e+01,7.4326e+01,7.2646e+01,7.1658e+01,7.0095e+01,6.9747e+01,7.0862e+01,7.1910e+01,7.1379e+01,7.2183e+01,7.2035e+01,7.2428e+01,7.1939e+01,7.1309e+01,7.2296e+01,7.2397e+01,7.2166e+01,7.2211e+01,7.1404e+01,6.9781e+01,6.9196e+01,6.8853e+01,6.7344e+01,6.6606e+01,6.6437e+01,6.7399e+01,6.7060e+01,6.7138e+01,6.7919e+01,6.8789e+01,6.8690e+01,6.9921e+01,6.9812e+01,7.0857e+01,7.1528e+01,7.2787e+01,7.4312e+01,7.5201e+01,7.7024e+01,7.6624e+01,7.6003e+01,7.4241e+01,7.4392e+01,7.4444e+01,7.5944e+01,7.6384e+01,7.7556e+01,7.9531e+01,8.0656e+01,8.1600e+01,7.9950e+01,7.9557e+01,7.9737e+01,7.7858e+01,7.6279e+01,7.5414e+01,7.4190e+01,7.3529e+01,7.2395e+01,7.3085e+01,7.1504e+01,6.9904e+01,6.8492e+01,6.8174e+01,6.6837e+01,6.6331e+01,6.6550e+01,6.6074e+01,6.6735e+01,6.6921e+01,6.6197e+01,6.6929e+01,6.7410e+01,6.8179e+01,6.8083e+01,6.8382e+01
6.2755e+01,6.3236e+01,6.3902e+01,6.3946e+01,6.3501e+01,6.3279e+01,6.2840e+01,6.3260e+01,6.3991e+01,6.4158e+01,6.3892e+01,6.4637e+01,6.4918e+01,6.6076e+01,6.6883e+01,6.7601e+01,6.6530e+01,6.6595e+01,6.6633e+01,6.5990e+01,6.5951e+01,6.4819e+01,6.4245e+01,6.3849e+01,6.3180e+01,6.3600e+01,6.3647e+01,6.4363e+01,6.4070e+01,6.4710e+01,6.4940e+01,6.6055e+01,6.6718e+01,6.8129e+01,6.8438e+01,6.7793e+01,6.7239e+01,6.7904e+01,6.7264e+01,6.6133e+01,6.6846e+01,6.8382e+01,6.9296e+01,7.1143e+01,7.0928e+01,6.9291e+01,6.7878e+01,6.6563e+01,6.5384e+01,6.4974e+01,6.3997e+01,6.3348e+01,6.2864e+01,6.2565e+01,6.2433e+01,6.2400e+01,6.2234e+01,6.2195e+01,6.2376e+01,6.2156e+01,6.2547e+01,6.2627e+01,6.3134e+01,6.3472e+01,6.3340e+01,6.3558e+01,6.3138e+01,6.3738e+01,6.4314e+01,6.5031e+01,6.5974e+01,6.5458e+01,6.5658e+01,6.5723e+01,6.6577e+01,6.6020e+01,6.5301e+01,6.4533e+01,6.4560e+01,6.5405e+01,6.6124e+01,6.7173e+01,6.8254e+01,6.8737e+01,7.0018e+01,7.0540e+01,7.1999e+01,7.2731e+01,7.3248e+01,7.3674e+01,7.3501e+01,7.2821e+01,7.4299e+01,7.4787e+01,7.6512e+01,7.6483e+01,7.6146e+01,7.4758e+01,7.3103e+01,7.2150e+01,7.0628e+01,7.0295e+01,7.1409e+01,7.2406e+01,7.1856e+01,7.2670e+01,7.2531e+01,7.2970e+01,7.2519e+01,7.1933e+01,7.2952e+01,7.3097e+01,7.2890e+01,7.2979e+01,7.2160e+01,7.0550e+01,6.9922e+01,6.9556e+01,6.8060e+01,6.7318e+01,6.7198e+01,6.8155e+01,6.7804e+01,6.7825e+01,6.8576e+01,6.9384e+01,6.9242e+01,7.0418e+01,7.0254e+01,7.1257e+01,7.1861e+01,7.3090e+01,7.4585e+01,7.5412e+01,7.7212e+01,7.6828e+01,7.6267e+01,7.4537e+01,7.4674e+01,7.4785e+01,7.6305e+01,7.6778e+01,7.7978e+01,7.9924e+01,8.1068e+01,8.2024e+01,8.0406e+01,8.0050e+01,8.0250e+01,7.8376e+01,7.6811e+01,7.5933e+01,7.4705e+01,7.4008e+01,7.2870e+01,7.3494e+01,7.1906e+01,7.0363e+01,6.8954e+01,6.8581e+01,6.7289e+01,6.6859e+01,6.7147e+01,6.6751e+01,6.7440e+01,6.7561e+01,6.6808e+01,6.7440e+01,6.7868e+01,6.8565e+01,6.8385e+01,6.8659e+01
6.3158e+01,6.3652e+01,6.4311e+01,6.4258e+01,6.3795e+01,6.3633e+01,6.3189e+01,6.3553e+01,6.4293e+01,6.4539e+01,6.4346e+01,6.5092e+01,6.5314e+01,6.6463e+01,6.7224e+01,6.7953e+01,6.6870e+01,6.6869e+01,6.6889e+01,6.6278e+01,6.6239e+01,6.5123e+01,6.4475e+01,6.4078e+01,6.3387e+01,6.3724e+01,6.3706e+01,6.4349e+01,6.4025e+01,6.4623e+01,6.4826e+01,6.5900e+01,6.6558e+01,6.7951e+01,6.8266e+01,6.7655e+01,6.7096e+01,6.7729e+01,6.7089e+01,6.5988e+01,6.6695e+01,6.8262e+01,6.9178e+01,7.1040e+01,7.0785e+01,6.9112e+01,6.7692e+01,6.6363e+01,6.5210e+01,6.4847e+01,6.4018e+01,6.3352e+01,6.3006e+01,6.2717e+01,6.2671e+01,6.2571e+01,6.2349e+01,6.2332e+01,6.2553e+01,6.2421e+01,6.2810e+01,6.2972e+01,6.3482e+01,6.3882e+01,6.3728e+01,6.3887e+01,6.3409e+01,6.3951e+01,6.4501e+01,6.5163e+01,6.6122e+01,6.5664e+01,6.5874e+01,6.5880e+01,6.6686e+01,6.6083e+01,6.5334e+01,6.4562e+01,6.4546e+01,6.5340e+01,6.6015e+01,6.7029e+01,6.8083e+01,6.8537e+01,6.9802e+01,7.0313e+01,7.1766e+01,7.2503e+01,7.3021e+01,7.3445e+01,7.3285e+01,7.2614e+01,7.4083e+01,7.4588e+01,7.6301e+01,7.6269e+01,7.5927e+01,7.4550e+01,7.2891e+01,7.1945e+01,7.0430e+01,7.0117e+01,7.1234e+01,7.2233e+01,7.1706e+01,7.2534e+01,7.2421e+01,7.2853e+01,7.2425e+01,7.1829e+01,7.2838e+01,7.2996e+01,7.2770e+01,7.2862e+01,7.2026e+01,7.0432e+01,6.9805e+01,6.9408e+01,6.7920e+01,6.7164e+01,6.7051e+01,6.7987e+01,6.7634e+01,6.7638e+01,6.8380e+01,6.9170e+01,6.9025e+01,7.0198e+01,7.0042e+01,7.1055e+01,7.1672e+01,7.2919e+01,7.4415e+01,7.5269e+01,7.7073e+01,7.6678e+01,7.6092e+01,7.4349e+01,7.4497e+01,7.4595e+01,7.6116e+01,7.6578e+01,7.7772e+01,7.9729e+01,8.0868e+01,8.1826e+01,8.0200e+01,7.9834e+01,8.0035e+01,7.8160e+01,7.6587e+01,7.5716e+01,7.4480e+01,7.3788e+01,7.2647e+01,7.3279e+01,7.1692e+01,7.0145e+01,6.8740e+01,6.8373e+01,6.7094e+01,6.6667e+01,6.6959e+01,6.6591e+01,6.7279e+01,6.7377e+01,6.6635e+01,6.7237e+01,6.7642e+01,6.8330e+01,6.8154e+01,6.8436e+01
6.1928e+01,6.2398e+01,6.3128e+01,6.3080e+01,6.2542e+01,6.2327e+01,6.1827e+01,6.2191e+01,6.2979e+01,6.3232e+01,6.3019e+01,6.3758e+01,6.3973e+01,6.5154e+01,6.5929e+01,6.6699e+01,6.5617e+01,6.5621e+01,6.5684e+01,6.5085e+01,6.5096e+01,6.3933e+01,6.3255e+01,6.2793e+01,6.2053e+01,6.2423e+01,6.2430e+01,6.3139e+01,6.2824e+01,6.3457e+01,6.3698e+01,6.4856e+01,6.5547e+01,6.7004e+01,6.7365e+01,6.6723e+01,6.6194e+01,6.6928e+01,6.6333e+01,6.5195e+01,6.6067e+01,6.7770e+01,6.8771e+01,7.0686e+01,7.0378e+01,6.8602e+01,6.7119e+01,6.5640e+01,6.4412e+01,6.4110e+01,6.3124e+01,6.2226e+01,6.1803e+01,6.1444e+01,6.1363e+01,6.1235e+01,6.0996e+01,6.0944e+01,6.1152e+01,6.0986e+01,6.1368e+01,6.1519e+01,6.2025e+01,6.2430e+01,6.2294e+01,6.2473e+01,6.2006e+01,6.2577e+01,6.3174e+01,6.3866e+01,6.4828e+01,6.4341e+01,6.4584e+01,6.4629e+01,6.5465e+01,6.4882e+01,6.4108e+01,6.3313e+01,6.3302e+01,6.4162e+01,6.4891e+01,6.5981e+01,6.7093e+01,6.7612e+01,6.8941e+01,6.9507e+01,7.1009e+01,7.1753e+01,7.2239e+01,7.2647e+01,7.2440e+01,7.1754e+01,7.3275e+01,7.3765e+01,7.5518e+01,7.5519e+01,7.5209e+01,7.3809e+01,7.2128e+01,7.1116e+01,6.9545e+01,6.9177e+01,7.0300e+01,7.1330e+01,7.0769e+01,7.1581e+01,7.1433e+01,7.1857e+01,7.1391e+01,7.0783e+01,7.1810e+01,7.1952e+01,7.1737e+01,7.1825e+01,7.0995e+01,6.9358e+01,6.8724e+01,6.8358e+01,6.6843e+01,6.6104e+01,6.5986e+01,6.6988e+01,6.6671e+01,6.6696e+01,6.7524e+01,6.8368e+01,6.8203e+01,6.9425e+01,6.9275e+01,7.0302e+01,7.0980e+01,7.2230e+01,7.3799e+01,7.4703e+01,7.6569e+01,7.6203e+01,7.5589e+01,7.3820e+01,7.4025e+01,7.4099e+01,7.5640e+01,7.6062e+01,7.7254e+01,7.9245e+01,8.0368e+01,8.1351e+01,7.9700e+01,7.9295e+01,7.9511e+01,7.7619e+01,7.5999e+01,7.5141e+01,7.3864e+01,7.3186e+01,7.1996e+01,7.2669e+01,7.1047e+01,6.9436e+01,6.7967e+01,6.7633e+01,6.6243e+01,6.5785e+01,6.6049e+01,6.5609e+01,6.6359e+01,6.6546e+01,6.5844e+01,6.6542e+01,6.6935e+01,6.7683e+01,6.7574e+01,6.7820e+01
6.1017e+01,6.1495e+01,6.2188e+01,6.2217e+01,6.1737e+01,6.1495e+01,6.1050e+01,6.1479e+01,6.2223e+01,6.2397e+01,6.2139e+01,6.2891e+01,6.3159e+01,6.4335e+01,6.5151e+01,6.5884e+01,6.4805e+01,6.4876e+01,6.4932e+01,6.4288e+01,6.4279e+01,6.3111e+01,6.2522e+01,6.2095e+01,6.1419e+01,6.1888e+01,6.1993e+01,6.2789e+01,6.2544e+01,6.3266e+01,6.3591e+01,6.4764e+01,6.5408e+01,6.6872e+01,6.7183e+01,6.6464e+01,6.5933e+01,6.6714e+01,6.6112e+01,6.4910e+01,6.5782e+01,6.7459e+01,6.8522e+01,7.0461e+01,7.0236e+01,6.8482e+01,6.6953e+01,6.5517e+01,6.4224e+01,6.3802e+01,6.2618e+01,6.1863e+01,6.1211e+01,6.0870e+01,6.0685e+01,6.0672e+01,6.0562e+01,6.0521e+01,6.0662e+01,6.0419e+01,6.0817e+01,6.0884e+01,6.1420e+01,6.1737e+01,6.1573e+01,6.1784e+01,6.1373e+01,6.1993e+01,6.2579e+01,6.3337e+01,6.4279e+01,6.3723e+01,6.3926e+01,6.4026e+01,6.4923e+01,6.4395e+01,6.3686e+01,6.2916e+01,6.2999e+01,6.3918e+01,6.4725e+01,6.5841e+01,6.7010e+01,6.7573e+01,6.8945e+01,6.9554e+01,7.1049e+01,7.1754e+01,7.2247e+01,7.2688e+01,7.2466e+01,7.1730e+01,7.3250e+01,7.3697e+01,7.5478e+01,7.5470e+01,7.5178e+01,7.3739e+01,7.2072e+01,7.1046e+01,6.9478e+01,6.9075e+01,7.0191e+01,7.1186e+01,7.0571e+01,7.1368e+01,7.1190e+01,7.1660e+01,7.1197e+01,7.0637e+01,7.1714e+01,7.1883e+01,7.1715e+01,7.1843e+01,7.1021e+01,6.9360e+01,6.8681e+01,6.8335e+01,6.6812e+01,6.6090e+01,6.6012e+01,6.7060e+01,6.6755e+01,6.6750e+01,6.7605e+01,6.8430e+01,6.8214e+01,6.9410e+01,6.9204e+01,7.0191e+01,7.0838e+01,7.2050e+01,7.3635e+01,7.4495e+01,7.6376e+01,7.6048e+01,7.5487e+01,7.3738e+01,7.3955e+01,7.4079e+01,7.5649e+01,7.6086e+01,7.7306e+01,7.9288e+01,8.0421e+01,8.1432e+01,7.9800e+01,7.9407e+01,7.9648e+01,7.7749e+01,7.6117e+01,7.5252e+01,7.3951e+01,7.3247e+01,7.2029e+01,7.2661e+01,7.1012e+01,6.9418e+01,6.7919e+01,6.7553e+01,6.6149e+01,6.5749e+01,6.6049e+01,6.5624e+01,6.6421e+01,6.6604e+01,6.5882e+01,6.6550e+01,6.6909e+01,6.7626e+01,6.7465e+01,6.7671e+01
5.9756e+01,6.0210e+01,6.0955e+01,6.1039e+01,6.0517e+01,6.0209e+01,5.9739e+01,6.0208e+01,6.0974e+01,6.1112e+01,6.0811e+01,6.1567e+01,6.1861e+01,6.3066e+01,6.3918e+01,6.4669e+01,6.3588e+01,6.3697e+01,6.3784e+01,6.3127e+01,6.3150e+01,6.1939e+01,6.1371e+01,6.0902e+01,6.0214e+01,6.0761e+01,6.0936e+01,6.1828e+01,6.1626e+01,6.2408e+01,6.2799e+01,6.4040e+01,6.4688e+01,6.6198e+01,6.6521e+01,6.5751e+01,6.5248e+01,6.6116e+01,6.5549e+01,6.4316e+01,6.5288e+01,6.7029e+01,6.8157e+01,7.0135e+01,6.9905e+01,6.8097e+01,6.6518e+01,6.5013e+01,6.3675e+01,6.3282e+01,6.2020e+01,6.1113e+01,6.0239e+01,5.9784e+01,5.9483e+01,5.9503e+01,5.9442e+01,5.9363e+01,5.9460e+01,5.9143e+01,5.9550e+01,5.9563e+01,6.0118e+01,6.0398e+01,6.0236e+01,6.0484e+01,6.0107e+01,6.0781e+01,6.1403e+01,6.2220e+01,6.3159e+01,6.2544e+01,6.2754e+01,6.2911e+01,6.3862e+01,6.3375e+01,6.2674e+01,6.1895e+01,6.2022e+01,6.3021e+01,6.3903e+01,6.5088e+01,6.6326e+01,6.6953e+01,6.8386e+01,6.9048e+01,7.0576e+01,7.1272e+01,7.1752e+01,7.2198e+01,7.1940e+01,7.1172e+01,7.2731e+01,7.3153e+01,7.4979e+01,7.4989e+01,7.4719e+01,7.3243e+01,7.1562e+01,7.0484e+01,6.8878e+01,6.8423e+01,6.9545e+01,7.0548e+01,6.9887e+01,7.0671e+01,7.0460e+01,7.0945e+01,7.0458e+01,6.9906e+01,7.1020e+01,7.1188e+01,7.1044e+01,7.1184e+01,7.0367e+01,6.8660e+01,6.7957e+01,6.7638e+01,6.6089e+01,6.5383e+01,6.5317e+01,6.6427e+01,6.6149e+01,6.6147e+01,6.7073e+01,6.7927e+01,6.7679e+01,6.8900e+01,6.8678e+01,6.9658e+01,7.0333e+01,7.1533e+01,7.3169e+01,7.4045e+01,7.5971e+01,7.5676e+01,7.5119e+01,7.3360e+01,7.3619e+01,7.3748e+01,7.5343e+01,7.5762e+01,7.6992e+01,7.8994e+01,8.0123e+01,8.1161e+01,7.9521e+01,7.9113e+01,7.9374e+01,7.7459e+01,7.5794e+01,7.4928e+01,7.3591e+01,7.2881e+01,7.1619e+01,7.2260e+01,7.0575e+01,6.8947e+01,6.7396e+01,6.7043e+01,6.5565e+01,6.5168e+01,6.5456e+01,6.4982e+01,6.5836e+01,6.6074e+01,6.5379e+01,6.6091e+01,6.6430e+01,6.7176e+01,6.7045e+01,6.7215e+01
6.0163e+01,6.0590e+01,6.1412e+01,6.1421e+01,6.0797e+01,6.0488e+01,5.9926e+01,6.0330e+01,6.1176e+01,6.1399e+01,6.1137e+01,6.1871e+01,6.2104e+01,6.3332e+01,6.4149e+01,6.4964e+01,6.3881e+01,6.3925e+01,6.4045e+01,6.3438e+01,6.3508e+01,6.2276e+01,6.1603e+01,6.1058e+01,6.0272e+01,6.0743e+01,6.0837e+01,6.1689e+01,6.1424e+01,6.2139e+01,6.2468e+01,6.3748e+01,6.4461e+01,6.5994e+01,6.6391e+01,6.5684e+01,6.5204e+01,6.6076e+01,6.5548e+01,6.4370e+01,6.5402e+01,6.7199e+01,6.8294e+01,7.0261e+01,6.9937e+01,6.8084e+01,6.6537e+01,6.4949e+01,6.3665e+01,6.3409e+01,6.2247e+01,6.1121e+01,6.0350e+01,5.9807e+01,5.9585e+01,5.9473e+01,5.9262e+01,5.9149e+01,5.9317e+01,5.9052e+01,5.9448e+01,5.9540e+01,6.0066e+01,6.0444e+01,6.0322e+01,6.0555e+01,6.0124e+01,6.0772e+01,6.1436e+01,6.2206e+01,6.3165e+01,6.2600e+01,6.2875e+01,6.3001e+01,6.3908e+01,6.3382e+01,6.2603e+01,6.1785e+01,6.1820e+01,6.2803e+01,6.3640e+01,6.4845e+01,6.6060e+01,6.6679e+01,6.8102e+01,6.8749e+01,7.0310e+01,7.1048e+01,7.1506e+01,7.1913e+01,7.1648e+01,7.0918e+01,7.2502e+01,7.2958e+01,7.4780e+01,7.4814e+01,7.4546e+01,7.3090e+01,7.1386e+01,7.0286e+01,6.8648e+01,6.8197e+01,6.9329e+01,7.0378e+01,6.9753e+01,7.0542e+01,7.0345e+01,7.0781e+01,7.0274e+01,6.9672e+01,7.0748e+01,7.0882e+01,7.0700e+01,7.0799e+01,6.9977e+01,6.8270e+01,6.7605e+01,6.7283e+01,6.5725e+01,6.5009e+01,6.4897e+01,6.5995e+01,6.5722e+01,6.5764e+01,6.6712e+01,6.7617e+01,6.7411e+01,6.8679e+01,6.8515e+01,6.9538e+01,7.0271e+01,7.1504e+01,7.3157e+01,7.4094e+01,7.6030e+01,7.5714e+01,7.5099e+01,7.3312e+01,7.3583e+01,7.3655e+01,7.5228e+01,7.5619e+01,7.6821e+01,7.8846e+01,7.9962e+01,8.0984e+01,7.9315e+01,7.8881e+01,7.9124e+01,7.7205e+01,7.5531e+01,7.4675e+01,7.3343e+01,7.2665e+01,7.1410e+01,7.2104e+01,7.0431e+01,6.8759e+01,6.7214e+01,6.6913e+01,6.5400e+01,6.4935e+01,6.5159e+01,6.4617e+01,6.5447e+01,6.5738e+01,6.5097e+01,6.5877e+01,6.6250e+01,6.7056e+01,6.7009e+01,6.7212e+01
5.9543e+01,5.9908e+01,6.0796e+01,6.0876e+01,6.0188e+01,5.9774e+01,5.9130e+01,5.9555e+01,6.0463e+01,6.0646e+01,6.0311e+01,6.1027e+01,6.1286e+01,6.2556e+01,6.3411e+01,6.4272e+01,6.3201e+01,6.3280e+01,6.3457e+01,6.2854e+01,6.2975e+01,6.1706e+01,6.1048e+01,6.0425e+01,5.9592e+01,6.0132e+01,6.0280e+01,6.1206e+01,6.0961e+01,6.1677e+01,6.2015e+01,6.3373e+01,6.4127e+01,6.5700e+01,6.6139e+01,6.5423e+01,6.4971e+01,6.5891e+01,6.5387e+01,6.4209e+01,6.5281e+01,6.7106e+01,6.8208e+01,7.0189e+01,6.9843e+01,6.7965e+01,6.6415e+01,6.4783e+01,6.3499e+01,6.3268e+01,6.2085e+01,6.0914e+01,6.0055e+01,5.9363e+01,5.9003e+01,5.8844e+01,5.8606e+01,5.8376e+01,5.8507e+01,5.8136e+01,5.8506e+01,5.8532e+01,5.9022e+01,5.9395e+01,5.9346e+01,5.9657e+01,5.9278e+01,5.9991e+01,6.0739e+01,6.1554e+01,6.2502e+01,6.1886e+01,6.2208e+01,6.2402e+01,6.3346e+01,6.2860e+01,6.2060e+01,6.1230e+01,6.1261e+01,6.2312e+01,6.3192e+01,6.4466e+01,6.5715e+01,6.6377e+01,6.7829e+01,6.8493e+01,7.0094e+01,7.0855e+01,7.1294e+01,7.1680e+01,7.1387e+01,7.0662e+01,7.2286e+01,7.2743e+01,7.4586e+01,7.4646e+01,7.4392e+01,7.2930e+01,7.1204e+01,7.0066e+01,6.8387e+01,6.7901e+01,6.9039e+01,7.0118e+01,6.9474e+01,7.0253e+01,7.0030e+01,7.0452e+01,6.9908e+01,6.9287e+01,7.0365e+01,7.0470e+01,7.0287e+01,7.0360e+01,6.9550e+01,6.7805e+01,6.7157e+01,6.6866e+01,6.5283e+01,6.4575e+01,6.4426e+01,6.5558e+01,6.5299e+01,6.5388e+01,6.6387e+01,6.7347e+01,6.7157e+01,6.8466e+01,6.8323e+01,6.9366e+01,7.0133e+01,7.1373e+01,7.3054e+01,7.4013e+01,7.5973e+01,7.5660e+01,7.5030e+01,7.3226e+01,7.3505e+01,7.3557e+01,7.5129e+01,7.5508e+01,7.6700e+01,7.8743e+01,7.9856e+01,8.0875e+01,7.9187e+01,7.8737e+01,7.8972e+01,7.7043e+01,7.5357e+01,7.4502e+01,7.3168e+01,7.2504e+01,7.1242e+01,7.1966e+01,7.0282e+01,6.8573e+01,6.7012e+01,6.6741e+01,6.5183e+01,6.4682e+01,6.4855e+01,6.4232e+01,6.5060e+01,6.5408e+01,6.4796e+01,6.5628e+01,6.6028e+01,6.6876e+01,6.6873e+01,6.7083e+01
5.8552e+01,5.8862e+01,5.9774e+01,5.9960e+01,5.9272e+01,5.8765e+01,5.8109e+01,5.8599e+01,5.9505e+01,5.9600e+01,5.9183e+01,5.9896e+01,6.0216e+01,6.1508e+01,6.2421e+01,6.3279e+01,6.2215e+01,6.2367e+01,6.2571e+01,6.1939e+01,6.2078e+01,6.0788e+01,6.0207e+01,5.9564e+01,5.8762e+01,5.9416e+01,5.9673e+01,6.0697e+01,6.0522e+01,6.1303e+01,6.1715e+01,6.3108e+01,6.3840e+01,6.5439e+01,6.5855e+01,6.5076e+01,6.4631e+01,6.5605e+01,6.5101e+01,6.3876e+01,6.4971e+01,6.6808e+01,6.7960e+01,6.9972e+01,6.9668e+01,6.7780e+01,6.6185e+01,6.4553e+01,6.3216e+01,6.2927e+01,6.1662e+01,6.0527e+01,5.9523e+01,5.8757e+01,5.8233e+01,5.8125e+01,5.7989e+01,5.7691e+01,5.7730e+01,5.7230e+01,5.7591e+01,5.7501e+01,5.7999e+01,5.8291e+01,5.8261e+01,5.8647e+01,5.8347e+01,5.9139e+01,5.9923e+01,6.0819e+01,6.1747e+01,6.1045e+01,6.1356e+01,6.1629e+01,6.2641e+01,6.2218e+01,6.1459e+01,6.0641e+01,6.0744e+01,6.1874e+01,6.2834e+01,6.4160e+01,6.5471e+01,6.6182e+01,6.7678e+01,6.8378e+01,6.9993e+01,7.0736e+01,7.1177e+01,7.1579e+01,7.1267e+01,7.0509e+01,7.2151e+01,7.2581e+01,7.4456e+01,7.4517e+01,7.4274e+01,7.2782e+01,7.1053e+01,6.9890e+01,6.8193e+01,6.7670e+01,6.8811e+01,6.9881e+01,6.9190e+01,6.9958e+01,6.9704e+01,7.0152e+01,6.9593e+01,6.8993e+01,7.0110e+01,7.0218e+01,7.0065e+01,7.0154e+01,6.9353e+01,6.7569e+01,6.6898e+01,6.6632e+01,6.5034e+01,6.4342e+01,6.4211e+01,6.5389e+01,6.5146e+01,6.5228e+01,6.6267e+01,6.7233e+01,6.7011e+01,6.8321e+01,6.8147e+01,6.9172e+01,6.9930e+01,7.1151e+01,7.2853e+01,7.3792e+01,7.5773e+01,7.5488e+01,7.4888e+01,7.3088e+01,7.3382e+01,7.3461e+01,7.5055e+01,7.5438e+01,7.6646e+01,7.8691e+01,7.9810e+01,8.0850e+01,7.9167e+01,7.8722e+01,7.8975e+01,7.7037e+01,7.5337e+01,7.4473e+01,7.3121e+01,7.2440e+01,7.1154e+01,7.1859e+01,7.0148e+01,6.8434e+01,6.6840e+01,6.6553e+01,6.4963e+01,6.4492e+01,6.4680e+01,6.4046e+01,6.4914e+01,6.5278e+01,6.4668e+01,6.5495e+01,6.5878e+01,6.6723e+01,6.6707e+01,6.6891e+01
5.8429e+01,5.8751e+01,5.9611e+01,5.9893e+01,5.9285e+01,5.8761e+01,5.8148e+01,5.8698e+01,5.9563e+01,5.9581e+01,5.9102e+01,5.9828e+01,6.0215e+01,6.1508e+01,6.2462e+01,6.3291e+01,6.2228e+01,6.2434e+01,6.2623e+01,6.1949e+01,6.2055e+01,6.0769e+01,6.0266e+01,5.9669e+01,5.8924e+01,5.9631e+01,5.9924e+01,6.0962e+01,6.0797e+01,6.1601e+01,6.2012e+01,6.3388e+01,6.4108e+01,6.5697e+01,6.6080e+01,6.5283e+01,6.4809e+01,6.5753e+01,6.5208e+01,6.3953e+01,6.4985e+01,6.6773e+01,6.7910e+01,6.9913e+01,6.9656e+01,6.7813e+01,6.6223e+01,6.4645e+01,6.3289e+01,6.2923e+01,6.1624e+01,6.0600e+01,5.9591e+01,5.8900e+01,5.8351e+01,5.8320e+01,5.8250e+01,5.7970e+01,5.7974e+01,5.7422e+01,5.7774e+01,5.7601e+01,5.8090e+01,5.8304e+01,5.8293e+01,5.8733e+01,5.8492e+01,5.9323e+01,6.0105e+01,6.1041e+01,6.1959e+01,6.1216e+01,6.1496e+01,6.1796e+01,6.2840e+01,6.2434e+01,6.1708e+01,6.0900e+01,6.1037e+01,6.2169e+01,6.3136e+01,6.4449e+01,6.5760e+01,6.6454e+01,6.7931e+01,6.8610e+01,7.0207e+01,7.0947e+01,7.1411e+01,7.1826e+01,7.1536e+01,7.0777e+01,7.2401e+01,7.2835e+01,7.4702e+01,7.4741e+01,7.4478e+01,7.2985e+01,7.1262e+01,7.0131e+01,6.8455e+01,6.7953e+01,6.9100e+01,7.0159e+01,6.9467e+01,7.0243e+01,6.9987e+01,7.0449e+01,6.9890e+01,6.9297e+01,7.0420e+01,7.0528e+01,7.0377e+01,7.0463e+01,6.9663e+01,6.7881e+01,6.7211e+01,6.6940e+01,6.5349e+01,6.4651e+01,6.4520e+01,6.5679e+01,6.5416e+01,6.5492e+01,6.6495e+01,6.7448e+01,6.7233e+01,6.8527e+01,6.8340e+01,6.9357e+01,7.0073e+01,7.1286e+01,7.2959e+01,7.3860e+01,7.5820e+01,7.5530e+01,7.4958e+01,7.3170e+01,7.3431e+01,7.3532e+01,7.5124e+01,7.5533e+01,7.6747e+01,7.8772e+01,7.9907e+01,8.0936e+01,7.9266e+01,7.8851e+01,7.9095e+01,7.7161e+01,7.5489e+01,7.4610e+01,7.3279e+01,7.2582e+01,7.1318e+01,7.1996e+01,7.0289e+01,6.8600e+01,6.7026e+01,6.6709e+01,6.5153e+01,6.4692e+01,6.4911e+01,6.4305e+01,6.5150e+01,6.5466e+01,6.4815e+01,6.5607e+01,6.6006e+01,6.6829e+01,6.6761e+01,6.6947e+01
5.8783e+01,5.9072e+01,5.9951e+01,6.0241e+01,5.9608e+01,5.9047e+01,5.8376e+01,5.8908e+01,5.9813e+01,5.9825e+01,5.9315e+01,6.0014e+01,6.0401e+01,6.1712e+01,6.2672e+01,6.3537e+01,6.2488e+01,6.2696e+01,6.2919e+01,6.2261e+01,6.2392e+01,6.1100e+01,6.0586e+01,5.9947e+01,5.9168e+01,5.9876e+01,6.0160e+01,6.1195e+01,6.1010e+01,6.1772e+01,6.2138e+01,6.3541e+01,6.4305e+01,6.5907e+01,6.6326e+01,6.5559e+01,6.5088e+01,6.6016e+01,6.5468e+01,6.4233e+01,6.5248e+01,6.7028e+01,6.8117e+01,7.0097e+01,6.9809e+01,6.7982e+01,6.6432e+01,6.4846e+01,6.3523e+01,6.3184e+01,6.1917e+01,6.0872e+01,5.9913e+01,5.9206e+01,5.8656e+01,5.8571e+01,5.8441e+01,5.8094e+01,5.8095e+01,5.7505e+01,5.7811e+01,5.7612e+01,5.8033e+01,5.8269e+01,5.8344e+01,5.8831e+01,5.8621e+01,5.9472e+01,6.0309e+01,6.1247e+01,6.2155e+01,6.1402e+01,6.1729e+01,6.2051e+01,6.3094e+01,6.2694e+01,6.1937e+01,6.1115e+01,6.1211e+01,6.2352e+01,6.3302e+01,6.4635e+01,6.5931e+01,6.6613e+01,6.8073e+01,6.8721e+01,7.0342e+01,7.1122e+01,7.1580e+01,7.1969e+01,7.1683e+01,7.0957e+01,7.2595e+01,7.3057e+01,7.4917e+01,7.4966e+01,7.4694e+01,7.3219e+01,7.1479e+01,7.0347e+01,6.8653e+01,6.8159e+01,6.9315e+01,7.0400e+01,6.9727e+01,7.0509e+01,7.0260e+01,7.0697e+01,7.0123e+01,6.9500e+01,7.0600e+01,7.0680e+01,7.0500e+01,7.0547e+01,6.9749e+01,6.7960e+01,6.7327e+01,6.7058e+01,6.5450e+01,6.4736e+01,6.4554e+01,6.5693e+01,6.5413e+01,6.5540e+01,6.6539e+01,6.7532e+01,6.7366e+01,6.8692e+01,6.8546e+01,6.9597e+01,7.0332e+01,7.1574e+01,7.3239e+01,7.4157e+01,7.6104e+01,7.5785e+01,7.5190e+01,7.3385e+01,7.3618e+01,7.3687e+01,7.5253e+01,7.5666e+01,7.6861e+01,7.8893e+01,8.0033e+01,8.1033e+01,7.9344e+01,7.8928e+01,7.9142e+01,7.7206e+01,7.5550e+01,7.4664e+01,7.3365e+01,7.2685e+01,7.1454e+01,7.2162e+01,7.0469e+01,6.8761e+01,6.7206e+01,6.6913e+01,6.5356e+01,6.4844e+01,6.5019e+01,6.4361e+01,6.5152e+01,6.5482e+01,6.4850e+01,6.5667e+01,6.6127e+01,6.6988e+01,6.6955e+01,6.7190e+01
5.8511e+01,5.8733e+01,5.9638e+01,6.0038e+01,5.9395e+01,5.8743e+01,5.8031e+01,5.8595e+01,5.9514e+01,5.9458e+01,5.8871e+01,5.9543e+01,5.9975e+01,6.1310e+01,6.2317e+01,6.3200e+01,6.2165e+01,6.2426e+01,6.2687e+01,6.2018e+01,6.2180e+01,6.0873e+01,6.0409e+01,5.9736e+01,5.8965e+01,5.9749e+01,6.0106e+01,6.1204e+01,6.1062e+01,6.1849e+01,6.2255e+01,6.3692e+01,6.4457e+01,6.6080e+01,6.6506e+01,6.5711e+01,6.5254e+01,6.6222e+01,6.5684e+01,6.4426e+01,6.5471e+01,6.7267e+01,6.8386e+01,7.0382e+01,7.0105e+01,6.8266e+01,6.6693e+01,6.5092e+01,6.3743e+01,6.3390e+01,6.2085e+01,6.1031e+01,5.9990e+01,5.9213e+01,5.8556e+01,5.8468e+01,5.8388e+01,5.7971e+01,5.7892e+01,5.7210e+01,5.7465e+01,5.7167e+01,5.7540e+01,5.7708e+01,5.7845e+01,5.8409e+01,5.8285e+01,5.9194e+01,6.0083e+01,6.1077e+01,6.1967e+01,6.1152e+01,6.1491e+01,6.1880e+01,6.2967e+01,6.2611e+01,6.1867e+01,6.1055e+01,6.1182e+01,6.2374e+01,6.3373e+01,6.4751e+01,6.6077e+01,6.6798e+01,6.8279e+01,6.8946e+01,7.0578e+01,7.1358e+01,7.1805e+01,7.2185e+01,7.1878e+01,7.1148e+01,7.2807e+01,7.3258e+01,7.5133e+01,7.5193e+01,7.4933e+01,7.3449e+01,7.1705e+01,7.0554e+01,6.8843e+01,6.8324e+01,6.9479e+01,7.0577e+01,6.9882e+01,7.0651e+01,7.0372e+01,7.0807e+01,7.0200e+01,6.9573e+01,7.0682e+01,7.0740e+01,7.0572e+01,7.0605e+01,6.9826e+01,6.8012e+01,6.7388e+01,6.7151e+01,6.5538e+01,6.4847e+01,6.4655e+01,6.5825e+01,6.5571e+01,6.5719e+01,6.6752e+01,6.7765e+01,6.7590e+01,6.8928e+01,6.8777e+01,6.9823e+01,7.0564e+01,7.1796e+01,7.3477e+01,7.4394e+01,7.6353e+01,7.6045e+01,7.5456e+01,7.3653e+01,7.3894e+01,7.3966e+01,7.5536e+01,7.5940e+01,7.7131e+01,7.9165e+01,8.0300e+01,8.1302e+01,7.9612e+01,7.9191e+01,7.9405e+01,7.7469e+01,7.5811e+01,7.4928e+01,7.3627e+01,7.2953e+01,7.1716e+01,7.2431e+01,7.0731e+01,6.9013e+01,6.7446e+01,6.7158e+01,6.5581e+01,6.5078e+01,6.5242e+01,6.4560e+01,6.5369e+01,6.5730e+01,6.5110e+01,6.5947e+01,6.6406e+01,6.7269e+01,6.7233e+01,6.7445e+01
5.8571e+01,5.8796e+01,5.9649e+01,6.0104e+01,5.9520e+01,5.8868e+01,5.8200e+01,5.8788e+01,5.9665e+01,5.9562e+01,5.8948e+01,5.9616e+01,6.0082e+01,6.1403e+01,6.2428e+01,6.3283e+01,6.2253e+01,6.2549e+01,6.2796e+01,6.2104e+01,6.2240e+01,6.0953e+01,6.0545e+01,5.9911e+01,5.9189e+01,5.9995e+01,6.0374e+01,6.1473e+01,6.1342e+01,6.2148e+01,6.2560e+01,6.3972e+01,6.4716e+01,6.6324e+01,6.6715e+01,6.5904e+01,6.5426e+01,6.6369e+01,6.5804e+01,6.4533e+01,6.5523e+01,6.7267e+01,6.8368e+01,7.0344e+01,7.0112e+01,6.8322e+01,6.6760e+01,6.5214e+01,6.3859e+01,6.3454e+01,6.2142e+01,6.1176e+01,6.0142e+01,5.9421e+01,5.8761e+01,5.8726e+01,5.8698e+01,5.8312e+01,5.8209e+01,5.7516e+01,5.7764e+01,5.7421e+01,5.7788e+01,5.7894e+01,5.8028e+01,5.8608e+01,5.8522e+01,5.9440e+01,6.0309e+01,6.1320e+01,6.2199e+01,6.1361e+01,6.1673e+01,6.2074e+01,6.3178e+01,6.2835e+01,6.2126e+01,6.1329e+01,6.1487e+01,6.2674e+01,6.3678e+01,6.5036e+01,6.6362e+01,6.7070e+01,6.8542e+01,6.9198e+01,7.0816e+01,7.1585e+01,7.2055e+01,7.2458e+01,7.2171e+01,7.1426e+01,7.3067e+01,7.3514e+01,7.5390e+01,7.5426e+01,7.5150e+01,7.3658e+01,7.1922e+01,7.0793e+01,6.9100e+01,6.8594e+01,6.9754e+01,7.0830e+01,7.0128e+01,7.0904e+01,7.0631e+01,7.1091e+01,7.0502e+01,6.9896e+01,7.1021e+01,7.1098e+01,7.0939e+01,7.0988e+01,7.0203e+01,6.8389e+01,6.7748e+01,6.7501e+01,6.5884e+01,6.5181e+01,6.5003e+01,6.6161e+01,6.5885e+01,6.6015e+01,6.7017e+01,6.8005e+01,6.7827e+01,6.9143e+01,6.8971e+01,7.0005e+01,7.0710e+01,7.1934e+01,7.3591e+01,7.4470e+01,7.6405e+01,7.6096e+01,7.5538e+01,7.3750e+01,7.3966e+01,7.4065e+01,7.5636e+01,7.6068e+01,7.7275e+01,7.9293e+01,8.0446e+01,8.1445e+01,7.9770e+01,7.9376e+01,7.9591e+01,7.7653e+01,7.6009e+01,7.5109e+01,7.3819e+01,7.3124e+01,7.1898e+01,7.2584e+01,7.0885e+01,6.9194e+01,6.7637e+01,6.7319e+01,6.5774e+01,6.5290e+01,6.5485e+01,6.4841e+01,6.5637e+01,6.5966e+01,6.5322e+01,6.6131e+01,6.6601e+01,6.7441e+01,6.7368e+01,6.7581e+01
5.7609e+01,5.7808e+01,5.8637e+01,5.9183e+01,5.8638e+01,5.7953e+01,5.7319e+01,5.7952e+01,5.8787e+01,5.8626e+01,5.7982e+01,5.8655e+01,5.9162e+01,6.0479e+01,6.1539e+01,6.2363e+01,6.1328e+01,6.1670e+01,6.1907e+01,6.1185e+01,6.1311e+01,6.0029e+01,5.9686e+01,5.9080e+01,5.8413e+01,5.9279e+01,5.9723e+01,6.0866e+01,6.0786e+01,6.1651e+01,6.2130e+01,6.3537e+01,6.4236e+01,6.5846e+01,6.6200e+01,6.5335e+01,6.4857e+01,6.5835e+01,6.5270e+01,6.3964e+01,6.4975e+01,6.6722e+01,6.7882e+01,6.9886e+01,6.9702e+01,6.7900e+01,6.6288e+01,6.4752e+01,6.3351e+01,6.2902e+01,6.1544e+01,6.0613e+01,5.9496e+01,5.8753e+01,5.8018e+01,5.8034e+01,5.8104e+01,5.7735e+01,5.7571e+01,5.6842e+01,5.7094e+01,5.6687e+01,5.7080e+01,5.7095e+01,5.7196e+01,5.7796e+01,5.7757e+01,5.8707e+01,5.9558e+01,6.0620e+01,6.1498e+01,6.0610e+01,6.0872e+01,6.1302e+01,6.2447e+01,6.2131e+01,6.1471e+01,6.0692e+01,6.0917e+01,6.2132e+01,6.3184e+01,6.4552e+01,6.5918e+01,6.6657e+01,6.8159e+01,6.8853e+01,7.0457e+01,7.1190e+01,7.1666e+01,7.2098e+01,7.1800e+01,7.1017e+01,7.2657e+01,7.3075e+01,7.4972e+01,7.4998e+01,7.4729e+01,7.3208e+01,7.1480e+01,7.0346e+01,6.8657e+01,6.8134e+01,6.9295e+01,7.0354e+01,6.9617e+01,7.0389e+01,7.0097e+01,7.0585e+01,6.9994e+01,6.9411e+01,7.0574e+01,7.0669e+01,7.0539e+01,7.0620e+01,6.9837e+01,6.8004e+01,6.7327e+01,6.7092e+01,6.5479e+01,6.4796e+01,6.4663e+01,6.5860e+01,6.5606e+01,6.5695e+01,6.6720e+01,6.7679e+01,6.7449e+01,6.8742e+01,6.8523e+01,6.9524e+01,7.0206e+01,7.1400e+01,7.3071e+01,7.3925e+01,7.5876e+01,7.5598e+01,7.5074e+01,7.3302e+01,7.3540e+01,7.3679e+01,7.5279e+01,7.5712e+01,7.6943e+01,7.8955e+01,8.0110e+01,8.1142e+01,7.9483e+01,7.9097e+01,7.9343e+01,7.7401e+01,7.5740e+01,7.4837e+01,7.3516e+01,7.2799e+01,7.1540e+01,7.2195e+01,7.0471e+01,6.8794e+01,6.7211e+01,6.6864e+01,6.5312e+01,6.4883e+01,6.5119e+01,6.4513e+01,6.5372e+01,6.5700e+01,6.5042e+01,6.5836e+01,6.6258e+01,6.7068e+01,6.6954e+01,6.7111e+01
5.6871e+01,5.6983e+01,5.7838e+01,5.8484e+01,5.7927e+01,5.7163e+01,5.6510e+01,5.7178e+01,5.7997e+01,5.7767e+01,5.7069e+01,5.7718e+01,5.8265e+01,5.9587e+01,6.0684e+01,6.1506e+01,6.0485e+01,6.0882e+01,6.1146e+01,6.0412e+01,6.0567e+01,5.9281e+01,5.8997e+01,5.8371e+01,5.7739e+01,5.8683e+01,5.9213e+01,6.0426e+01,6.0412e+01,6.1330e+01,6.1885e+01,6.3317e+01,6.3989e+01,6.5620e+01,6.5961e+01,6.5041e+01,6.4583e+01,6.5628e+01,6.5085e+01,6.3747e+01,6.4819e+01,6.6607e+01,6.7841e+01,6.9888e+01,6.9726e+01,6.7881e+01,6.6209e+01,6.4643e+01,6.3193e+01,6.2733e+01,6.1324e+01,6.0368e+01,5.9142e+01,5.8314e+01,5.7459e+01,5.7483e+01,5.7638e+01,5.7227e+01,5.6972e+01,5.6174e+01,5.6394e+01,5.5899e+01,5.6282e+01,5.6206e+01,5.6318e+01,5.6967e+01,5.7003e+01,5.8003e+01,5.8873e+01,5.9995e+01,6.0855e+01,5.9900e+01,6.0146e+01,6.0638e+01,6.1832e+01,6.1568e+01,6.0942e+01,6.0179e+01,6.0462e+01,6.1734e+01,6.2856e+01,6.4267e+01,6.5687e+01,6.6483e+01,6.8034e+01,6.8780e+01,7.0396e+01,7.1103e+01,7.1569e+01,7.2014e+01,7.1683e+01,7.0864e+01,7.2527e+01,7.2915e+01,7.4845e+01,7.4882e+01,7.4637e+01,7.3084e+01,7.1354e+01,7.0183e+01,6.8474e+01,6.7908e+01,6.9066e+01,7.0119e+01,6.9337e+01,7.0095e+01,6.9768e+01,7.0271e+01,6.9660e+01,6.9093e+01,7.0291e+01,7.0389e+01,7.0290e+01,7.0391e+01,6.9619e+01,6.7752e+01,6.7050e+01,6.6845e+01,6.5229e+01,6.4578e+01,6.4477e+01,6.5731e+01,6.5515e+01,6.5585e+01,6.6668e+01,6.7626e+01,6.7350e+01,6.8644e+01,6.8392e+01,6.9372e+01,7.0062e+01,7.1234e+01,7.2944e+01,7.3799e+01,7.5788e+01,7.5544e+01,7.5037e+01,7.3265e+01,7.3541e+01,7.3703e+01,7.5333e+01,7.5754e+01,7.7001e+01,7.9026e+01,8.0177e+01,8.1246e+01,7.9588e+01,7.9192e+01,7.9472e+01,7.7516e+01,7.5820e+01,7.4919e+01,7.3557e+01,7.2827e+01,7.1523e+01,7.2170e+01,7.0414e+01,6.8724e+01,6.7099e+01,6.6746e+01,6.5154e+01,6.4763e+01,6.5008e+01,6.4398e+01,6.5326e+01,6.5689e+01,6.5047e+01,6.5856e+01,6.6233e+01,6.7039e+01,6.6930e+01,6.7043e+01
5.5608e+01,5.5696e+01,5.6516e+01,5.7223e+01,5.6714e+01,5.5951e+01,5.5367e+01,5.6082e+01,5.6833e+01,5.6564e+01,5.5873e+01,5.6557e+01,5.7135e+01,5.8444e+01,5.9566e+01,6.0335e+01,5.9287e+01,5.9715e+01,5.9938e+01,5.9165e+01,5.9292e+01,5.8018e+01,5.7793e+01,5.7219e+01,5.6662e+01,5.7647e+01,5.8228e+01,5.9470e+01,5.9509e+01,6.0492e+01,6.1125e+01,6.2532e+01,6.3142e+01,6.4766e+01,6.5057e+01,6.4079e+01,6.3623e+01,6.4705e+01,6.4172e+01,6.2806e+01,6.3910e+01,6.5708e+01,6.7014e+01,6.9095e+01,6.8976e+01,6.7110e+01,6.5381e+01,6.3823e+01,6.2330e+01,6.1839e+01,6.0395e+01,5.9469e+01,5.8161e+01,5.7312e+01,5.6391e+01,5.6475e+01,5.6743e+01,5.6385e+01,5.6083e+01,5.5288e+01,5.5545e+01,5.5023e+01,5.5484e+01,5.5330e+01,5.5348e+01,5.5978e+01,5.6021e+01,5.7035e+01,5.7849e+01,5.9012e+01,5.9887e+01,5.8898e+01,5.9066e+01,5.9557e+01,6.0786e+01,6.0531e+01,5.9965e+01,5.9219e+01,5.9578e+01,6.0863e+01,6.2027e+01,6.3429e+01,6.4886e+01,6.5710e+01,6.7294e+01,6.8085e+01,6.9679e+01,7.0337e+01,7.0812e+01,7.1298e+01,7.0961e+01,7.0091e+01,7.1744e+01,7.2097e+01,7.4049e+01,7.4069e+01,7.3832e+01,7.2246e+01,7.0529e+01,6.9354e+01,6.7657e+01,6.7077e+01,6.8238e+01,6.9260e+01,6.8444e+01,6.9206e+01,6.8874e+01,6.9418e+01,6.8826e+01,6.8292e+01,6.9537e+01,6.9680e+01,6.9613e+01,6.9769e+01,6.8983e+01,6.7098e+01,6.6335e+01,6.6125e+01,6.4514e+01,6.3877e+01,6.3848e+01,6.5142e+01,6.4945e+01,6.4946e+01,6.6049e+01,6.6959e+01,6.6614e+01,6.7873e+01,6.7561e+01,6.8500e+01,6.9164e+01,7.0301e+01,7.2027e+01,7.2858e+01,7.4867e+01,7.4660e+01,7.4189e+01,7.2437e+01,7.2746e+01,7.2954e+01,7.4618e+01,7.5035e+01,7.6312e+01,7.8329e+01,7.9478e+01,8.0591e+01,7.8957e+01,7.8569e+01,7.8897e+01,7.6937e+01,7.5215e+01,7.4313e+01,7.2907e+01,7.2147e+01,7.0799e+01,7.1407e+01,6.9625e+01,6.7955e+01,6.6298e+01,6.5915e+01,6.4319e+01,6.3998e+01,6.4293e+01,6.3741e+01,6.4748e+01,6.5100e+01,6.4440e+01,6.5224e+01,6.5532e+01,6.6299e+01,6.6160e+01,6.6210e+01
5.5532e+01,5.5538e+01,5.6294e+01,5.7107e+01,5.6657e+01,5.5848e+01,5.5316e+01,5.6073e+01,5.6747e+01,5.6376e+01,5.5632e+01,5.6292e+01,5.6939e+01,5.8218e+01,5.9388e+01,6.0105e+01,5.9075e+01,5.9586e+01,5.9802e+01,5.8994e+01,5.9110e+01,5.7868e+01,5.7754e+01,5.7213e+01,5.6747e+01,5.7803e+01,5.8464e+01,5.9753e+01,5.9849e+01,6.0890e+01,6.1584e+01,6.2985e+01,6.3553e+01,6.5179e+01,6.5423e+01,6.4386e+01,6.3927e+01,6.5037e+01,6.4498e+01,6.3101e+01,6.4207e+01,6.5989e+01,6.7338e+01,6.9434e+01,6.9372e+01,6.7513e+01,6.5748e+01,6.4215e+01,6.2684e+01,6.2148e+01,6.0674e+01,5.9801e+01,5.8430e+01,5.7564e+01,5.6563e+01,5.6688e+01,5.7058e+01,5.6702e+01,5.6325e+01,5.5488e+01,5.5723e+01,5.5114e+01,5.5578e+01,5.5299e+01,5.5301e+01,5.5972e+01,5.6094e+01,5.7144e+01,5.7935e+01,5.9156e+01,6.0008e+01,5.8951e+01,5.9060e+01,5.9604e+01,6.0883e+01,6.0682e+01,6.0177e+01,5.9456e+01,5.9886e+01,6.1210e+01,6.2430e+01,6.3843e+01,6.5347e+01,6.6197e+01,6.7813e+01,6.8634e+01,7.0225e+01,7.0850e+01,7.1340e+01,7.1860e+01,7.1519e+01,7.0605e+01,7.2254e+01,7.2579e+01,7.4555e+01,7.4560e+01,7.4329e+01,7.2708e+01,7.0999e+01,6.9817e+01,6.8124e+01,6.7525e+01,6.8689e+01,6.9682e+01,6.8822e+01,6.9583e+01,6.9235e+01,6.9817e+01,6.9234e+01,6.8733e+01,7.0020e+01,7.0188e+01,7.0152e+01,7.0342e+01,6.9555e+01,6.7653e+01,6.6849e+01,6.6643e+01,6.5031e+01,6.4401e+01,6.4413e+01,6.5738e+01,6.5543e+01,6.5504e+01,6.6624e+01,6.7513e+01,6.7125e+01,6.8365e+01,6.8008e+01,6.8917e+01,6.9552e+01,7.0663e+01,7.2396e+01,7.3195e+01,7.5212e+01,7.5035e+01,7.4607e+01,7.2869e+01,7.3191e+01,7.3443e+01,7.5138e+01,7.5571e+01,7.6876e+01,7.8890e+01,8.0052e+01,8.1192e+01,7.9575e+01,7.9203e+01,7.9560e+01,7.7589e+01,7.5851e+01,7.4933e+01,7.3500e+01,7.2707e+01,7.1330e+01,7.1900e+01,7.0091e+01,6.8436e+01,6.6753e+01,6.6341e+01,6.4737e+01,6.4460e+01,6.4792e+01,6.4262e+01,6.5316e+01,6.5660e+01,6.4989e+01,6.5747e+01,6.6013e+01,6.6752e+01,6.6583e+01,6.6599e+01
5.5059e+01,5.4950e+01,5.5684e+01,5.6598e+01,5.6167e+01,5.5293e+01,5.4781e+01,5.5565e+01,5.6177e+01,5.5713e+01,5.4917e+01,5.5543e+01,5.6246e+01,5.7504e+01,5.8719e+01,5.9404e+01,5.8392e+01,5.8976e+01,5.9203e+01,5.8375e+01,5.8511e+01,5.7293e+01,5.7267e+01,5.6730e+01,5.6340e+01,5.7471e+01,5.8221e+01,5.9565e+01,5.9730e+01,6.0822e+01,6.1588e+01,6.2995e+01,6.3525e+01,6.5158e+01,6.5377e+01,6.4284e+01,6.3844e+01,6.5010e+01,6.4495e+01,6.3076e+01,6.4231e+01,6.6035e+01,6.7449e+01,6.9573e+01,6.9536e+01,6.7648e+01,6.5836e+01,6.4290e+01,6.2728e+01,6.2188e+01,6.0690e+01,5.9806e+01,5.8354e+01,5.7415e+01,5.6308e+01,5.6436e+01,5.6898e+01,5.6518e+01,5.6054e+01,5.5178e+01,5.5380e+01,5.4698e+01,5.5168e+01,5.4783e+01,5.4753e+01,5.5449e+01,5.5649e+01,5.6730e+01,5.7507e+01,5.8782e+01,5.9602e+01,5.8482e+01,5.8547e+01,5.9152e+01,6.0480e+01,6.0336e+01,5.9889e+01,5.9197e+01,5.9694e+01,6.1065e+01,6.2347e+01,6.3785e+01,6.5337e+01,6.6227e+01,6.7881e+01,6.8743e+01,7.0334e+01,7.0928e+01,7.1412e+01,7.1949e+01,7.1586e+01,7.0637e+01,7.2292e+01,7.2584e+01,7.4581e+01,7.4592e+01,7.4383e+01,7.2736e+01,7.1036e+01,6.9831e+01,6.8134e+01,6.7500e+01,6.8653e+01,6.9624e+01,6.8716e+01,6.9459e+01,6.9078e+01,6.9684e+01,6.9091e+01,6.8622e+01,6.9944e+01,7.0124e+01,7.0123e+01,7.0339e+01,6.9564e+01,6.7645e+01,6.6813e+01,6.6627e+01,6.5026e+01,6.4421e+01,6.4471e+01,6.5837e+01,6.5668e+01,6.5601e+01,6.6766e+01,6.7646e+01,6.7212e+01,6.8444e+01,6.8051e+01,6.8932e+01,6.9564e+01,7.0644e+01,7.2405e+01,7.3198e+01,7.5240e+01,7.5100e+01,7.4694e+01,7.2966e+01,7.3324e+01,7.3598e+01,7.5316e+01,7.5738e+01,7.7055e+01,7.9068e+01,8.0225e+01,8.1397e+01,7.9791e+01,7.9417e+01,7.9807e+01,7.7833e+01,7.6071e+01,7.5156e+01,7.3690e+01,7.2883e+01,7.1471e+01,7.2022e+01,7.0188e+01,6.8535e+01,6.6823e+01,6.6407e+01,6.4778e+01,6.4542e+01,6.4883e+01,6.4359e+01,6.5474e+01,6.5826e+01,6.5169e+01,6.5911e+01,6.6131e+01,6.6859e+01,6.6682e+01,6.6657e+01
5.4532e+01,5.4409e+01,5.5009e+01,5.5980e+01,5.5668e+01,5.4842e+01,5.4463e+01,5.5283e+01,5.5777e+01,5.5261e+01,5.4496e+01,5.5154e+01,5.5895e+01,5.7111e+01,5.8352e+01,5.8943e+01,5.7900e+01,5.8530e+01,5.8683e+01,5.7798e+01,5.7870e+01,5.6698e+01,5.6767e+01,5.6327e+01,5.6055e+01,5.7211e+01,5.7999e+01,5.9350e+01,5.9555e+01,6.0710e+01,6.1530e+01,6.2896e+01,6.3362e+01,6.4977e+01,6.5122e+01,6.3972e+01,6.3515e+01,6.4686e+01,6.4159e+01,6.2716e+01,6.3858e+01,6.5630e+01,6.7087e+01,6.9218e+01,6.9243e+01,6.7372e+01,6.5530e+01,6.4030e+01,6.2440e+01,6.1854e+01,6.0347e+01,5.9539e+01,5.8055e+01,5.7146e+01,5.6018e+01,5.6215e+01,5.6776e+01,5.6473e+01,5.5992e+01,5.5161e+01,5.5401e+01,5.4735e+01,5.5289e+01,5.4846e+01,5.4686e+01,5.5325e+01,5.5517e+01,5.6586e+01,5.7275e+01,5.8580e+01,5.9409e+01,5.8266e+01,5.8227e+01,5.8816e+01,6.0175e+01,6.0040e+01,5.9665e+01,5.8998e+01,5.9572e+01,6.0945e+01,6.2259e+01,6.3666e+01,6.5247e+01,6.6135e+01,6.7801e+01,6.8681e+01,7.0240e+01,7.0787e+01,7.1299e+01,7.1887e+01,7.1542e+01,7.0546e+01,7.2169e+01,7.2433e+01,7.4440e+01,7.4416e+01,7.4200e+01,7.2524e+01,7.0843e+01,6.9660e+01,6.7995e+01,6.7367e+01,6.8525e+01,6.9447e+01,6.8506e+01,6.9265e+01,6.8894e+01,6.9556e+01,6.9004e+01,6.8581e+01,6.9949e+01,7.0183e+01,7.0209e+01,7.0480e+01,6.9683e+01,6.7764e+01,6.6872e+01,6.6658e+01,6.5068e+01,6.4452e+01,6.4568e+01,6.5936e+01,6.5749e+01,6.5609e+01,6.6761e+01,6.7588e+01,6.7102e+01,6.8291e+01,6.7839e+01,6.8677e+01,6.9257e+01,7.0303e+01,7.2052e+01,7.2800e+01,7.4836e+01,7.4725e+01,7.4371e+01,7.2672e+01,7.3039e+01,7.3367e+01,7.5111e+01,7.5549e+01,7.6892e+01,7.8884e+01,8.0052e+01,8.1251e+01,7.9676e+01,7.9331e+01,7.9756e+01,7.7784e+01,7.6020e+01,7.5093e+01,7.3604e+01,7.2758e+01,7.1324e+01,7.1819e+01,6.9967e+01,6.8353e+01,6.6628e+01,6.6172e+01,6.4562e+01,6.4388e+01,6.4787e+01,6.4325e+01,6.5493e+01,6.5785e+01,6.5095e+01,6.5762e+01,6.5925e+01,6.6599e+01,6.6373e+01,6.6305e+01
5.3907e+01,5.3651e+01,5.4236e+01,5.5288e+01,5.4979e+01,5.4095e+01,5.3745e+01,5.4583e+01,5.5010e+01,5.4409e+01,5.3603e+01,5.4244e+01,5.5048e+01,5.6258e+01,5.7554e+01,5.8109e+01,5.7057e+01,5.7748e+01,5.7899e+01,5.6991e+01,5.7083e+01,5.5926e+01,5.6068e+01,5.5631e+01,5.5433e+01,5.6650e+01,5.7514e+01,5.8905e+01,5.9175e+01,6.0369e+01,6.1253e+01,6.2618e+01,6.3050e+01,6.4668e+01,6.4797e+01,6.3604e+01,6.3173e+01,6.4399e+01,6.3903e+01,6.2452e+01,6.3654e+01,6.5460e+01,6.6974e+01,6.9132e+01,6.9159e+01,6.7252e+01,6.5371e+01,6.3848e+01,6.2240e+01,6.1674e+01,6.0159e+01,5.9317e+01,5.7768e+01,5.6777e+01,5.5556e+01,5.5740e+01,5.6381e+01,5.6063e+01,5.5513e+01,5.4674e+01,5.4897e+01,5.4200e+01,5.4793e+01,5.4275e+01,5.4032e+01,5.4662e+01,5.4898e+01,5.5981e+01,5.6642e+01,5.7990e+01,5.8802e+01,5.7614e+01,5.7526e+01,5.8155e+01,5.9556e+01,5.9461e+01,5.9132e+01,5.8491e+01,5.9125e+01,6.0532e+01,6.1897e+01,6.3320e+01,6.4939e+01,6.5862e+01,6.7561e+01,6.8479e+01,7.0037e+01,7.0557e+01,7.1056e+01,7.1654e+01,7.1286e+01,7.0261e+01,7.1891e+01,7.2125e+01,7.4148e+01,7.4134e+01,7.3943e+01,7.2248e+01,7.0576e+01,6.9368e+01,6.7701e+01,6.7039e+01,6.8181e+01,6.9084e+01,6.8105e+01,6.8849e+01,6.8451e+01,6.9130e+01,6.8571e+01,6.8172e+01,6.9567e+01,6.9815e+01,6.9872e+01,7.0172e+01,6.9383e+01,6.7455e+01,6.6536e+01,6.6338e+01,6.4765e+01,6.4177e+01,6.4335e+01,6.5739e+01,6.5578e+01,6.5409e+01,6.6601e+01,6.7418e+01,6.6890e+01,6.8070e+01,6.7590e+01,6.8403e+01,6.8990e+01,7.0010e+01,7.1787e+01,7.2545e+01,7.4608e+01,7.4529e+01,7.4182e+01,7.2489e+01,7.2895e+01,7.3233e+01,7.4995e+01,7.5413e+01,7.6761e+01,7.8753e+01,7.9910e+01,8.1136e+01,7.9571e+01,7.9214e+01,7.9673e+01,7.7703e+01,7.5914e+01,7.4999e+01,7.3478e+01,7.2626e+01,7.1160e+01,7.1644e+01,6.9774e+01,6.8159e+01,6.6410e+01,6.5963e+01,6.4325e+01,6.4185e+01,6.4583e+01,6.4125e+01,6.5352e+01,6.5648e+01,6.4979e+01,6.5622e+01,6.5733e+01,6.6401e+01,6.6184e+01,6.6086e+01
5.4506e+01,5.4094e+01,5.4738e+01,5.5852e+01,5.5475e+01,5.4466e+01,5.4033e+01,5.4870e+01,5.5312e+01,5.4604e+01,5.3668e+01,5.4205e+01,5.5102e+01,5.6325e+01,5.7687e+01,5.8264e+01,5.7266e+01,5.8041e+01,5.8268e+01,5.7377e+01,5.7549e+01,5.6389e+01,5.6577e+01,5.6062e+01,5.5865e+01,5.7158e+01,5.8096e+01,5.9548e+01,5.9855e+01,6.1056e+01,6.1962e+01,6.3372e+01,6.3823e+01,6.5467e+01,6.5628e+01,6.4424e+01,6.4018e+01,6.5288e+01,6.4810e+01,6.3349e+01,6.4591e+01,6.6435e+01,6.7960e+01,7.0136e+01,7.0143e+01,6.8207e+01,6.6315e+01,6.4748e+01,6.3129e+01,6.2581e+01,6.1045e+01,6.0142e+01,5.8551e+01,5.7479e+01,5.6173e+01,5.6300e+01,5.6942e+01,5.6525e+01,5.5896e+01,5.4963e+01,5.5097e+01,5.4289e+01,5.4790e+01,5.4185e+01,5.4040e+01,5.4774e+01,5.5132e+01,5.6269e+01,5.6998e+01,5.8387e+01,5.9147e+01,5.7897e+01,5.7848e+01,5.8575e+01,6.0013e+01,5.9988e+01,5.9663e+01,5.9036e+01,5.9681e+01,6.1145e+01,6.2555e+01,6.4032e+01,6.5678e+01,6.6640e+01,6.8367e+01,6.9304e+01,7.0891e+01,7.1424e+01,7.1893e+01,7.2462e+01,7.2057e+01,7.1041e+01,7.2703e+01,7.2928e+01,7.4962e+01,7.4986e+01,7.4825e+01,7.3129e+01,7.1448e+01,7.0198e+01,6.8501e+01,6.7794e+01,6.8917e+01,6.9840e+01,6.8835e+01,6.9546e+01,6.9101e+01,6.9755e+01,6.9144e+01,6.8738e+01,7.0124e+01,7.0326e+01,7.0401e+01,7.0673e+01,6.9927e+01,6.7989e+01,6.7102e+01,6.6958e+01,6.5394e+01,6.4846e+01,6.4982e+01,6.6416e+01,6.6287e+01,6.6155e+01,6.7391e+01,6.8250e+01,6.7730e+01,6.8941e+01,6.8479e+01,6.9302e+01,6.9922e+01,7.0944e+01,7.2749e+01,7.3535e+01,7.5618e+01,7.5546e+01,7.5183e+01,7.3475e+01,7.3898e+01,7.4219e+01,7.5982e+01,7.6386e+01,7.7723e+01,7.9731e+01,8.0878e+01,8.2105e+01,8.0524e+01,8.0142e+01,8.0597e+01,7.8625e+01,7.6820e+01,7.5916e+01,7.4387e+01,7.3553e+01,7.2075e+01,7.2587e+01,7.0708e+01,6.9063e+01,6.7294e+01,6.6870e+01,6.5188e+01,6.5019e+01,6.5384e+01,6.4869e+01,6.6111e+01,6.6452e+01,6.5817e+01,6.6483e+01,6.6601e+01,6.7305e+01,6.7124e+01,6.7036e+01
5.4177e+01,5.3682e+01,5.4425e+01,5.5503e+01,5.5037e+01,5.3974e+01,5.3468e+01,5.4296e+01,5.4780e+01,5.4075e+01,5.3105e+01,5.3633e+01,5.4545e+01,5.5816e+01,5.7199e+01,5.7817e+01,5.6800e+01,5.7563e+01,5.7823e+01,5.6952e+01,5.7177e+01,5.5984e+01,5.6133e+01,5.5557e+01,5.5331e+01,5.6645e+01,5.7605e+01,5.9081e+01,5.9407e+01,6.0607e+01,6.1532e+01,6.2959e+01,6.3416e+01,6.5072e+01,6.5256e+01,6.4053e+01,6.3669e+01,6.4970e+01,6.4519e+01,6.3069e+01,6.4358e+01,6.6240e+01,6.7777e+01,6.9966e+01,6.9941e+01,6.7973e+01,6.6074e+01,6.4468e+01,6.2853e+01,6.2347e+01,6.0817e+01,5.9845e+01,5.8235e+01,5.7091e+01,5.5741e+01,5.5814e+01,5.6452e+01,5.5987e+01,5.5325e+01,5.4362e+01,5.4479e+01,5.3650e+01,5.4167e+01,5.3555e+01,5.3404e+01,5.4166e+01,5.4532e+01,5.5692e+01,5.6452e+01,5.7855e+01,5.8619e+01,5.7358e+01,5.7332e+01,5.8077e+01,5.9525e+01,5.9507e+01,5.9164e+01,5.8528e+01,5.9172e+01,6.0663e+01,6.2090e+01,6.3590e+01,6.5252e+01,6.6235e+01,6.7979e+01,6.8933e+01,7.0537e+01,7.1074e+01,7.1526e+01,7.2080e+01,7.1657e+01,7.0645e+01,7.2324e+01,7.2548e+01,7.4588e+01,7.4632e+01,7.4486e+01,7.2792e+01,7.1104e+01,6.9826e+01,6.8111e+01,6.7378e+01,6.8491e+01,6.9427e+01,6.8421e+01,6.9121e+01,6.8669e+01,6.9301e+01,6.8674e+01,6.8256e+01,6.9632e+01,6.9822e+01,6.9896e+01,7.0163e+01,6.9427e+01,6.7493e+01,6.6614e+01,6.6489e+01,6.4931e+01,6.4399e+01,6.4540e+01,6.5991e+01,6.5884e+01,6.5756e+01,6.7021e+01,6.7892e+01,6.7367e+01,6.8593e+01,6.8143e+01,6.8975e+01,6.9625e+01,7.0656e+01,7.2484e+01,7.3303e+01,7.5405e+01,7.5333e+01,7.4946e+01,7.3224e+01,7.3668e+01,7.3967e+01,7.5729e+01,7.6116e+01,7.7445e+01,7.9465e+01,8.0600e+01,8.1831e+01,8.0243e+01,7.9839e+01,8.0300e+01,7.8329e+01,7.6506e+01,7.5615e+01,7.4073e+01,7.3253e+01,7.1762e+01,7.2292e+01,7.0409e+01,6.8745e+01,6.6963e+01,6.6562e+01,6.4847e+01,6.4666e+01,6.5008e+01,6.4465e+01,6.5729e+01,6.6099e+01,6.5500e+01,6.6176e+01,6.6287e+01,6.7019e+01,6.6878e+01,6.6800e+01
5.3777e+01,5.3120e+01,5.3839e+01,5.4938e+01,5.4445e+01,5.3322e+01,5.2847e+01,5.3643e+01,5.4040e+01,5.3262e+01,5.2267e+01,5.2769e+01,5.3732e+01,5.4985e+01,5.6395e+01,5.6978e+01,5.5952e+01,5.6753e+01,5.7018e+01,5.6153e+01,5.6426e+01,5.5271e+01,5.5475e+01,5.4891e+01,5.4749e+01,5.6095e+01,5.7123e+01,5.8609e+01,5.9009e+01,6.0224e+01,6.1207e+01,6.2609e+01,6.3019e+01,6.4657e+01,6.4828e+01,6.3599e+01,6.3256e+01,6.4603e+01,6.4199e+01,6.2767e+01,6.4109e+01,6.6011e+01,6.7589e+01,6.9785e+01,6.9752e+01,6.7759e+01,6.5843e+01,6.4225e+01,6.2621e+01,6.2156e+01,6.0653e+01,5.9653e+01,5.8017e+01,5.6803e+01,5.5394e+01,5.5425e+01,5.6133e+01,5.5667e+01,5.4931e+01,5.4010e+01,5.4088e+01,5.3268e+01,5.3811e+01,5.3129e+01,5.2854e+01,5.3554e+01,5.3961e+01,5.5091e+01,5.5801e+01,5.7216e+01,5.7950e+01,5.6666e+01,5.6596e+01,5.7369e+01,5.8838e+01,5.8862e+01,5.8571e+01,5.7986e+01,5.8684e+01,6.0178e+01,6.1640e+01,6.3140e+01,6.4820e+01,6.5832e+01,6.7593e+01,6.8580e+01,7.0166e+01,7.0673e+01,7.1105e+01,7.1662e+01,7.1218e+01,7.0186e+01,7.1863e+01,7.2058e+01,7.4102e+01,7.4158e+01,7.4039e+01,7.2338e+01,7.0670e+01,6.9375e+01,6.7669e+01,6.6906e+01,6.7992e+01,6.8908e+01,6.7872e+01,6.8552e+01,6.8074e+01,6.8716e+01,6.8081e+01,6.7687e+01,6.9083e+01,6.9284e+01,6.9389e+01,6.9684e+01,6.8959e+01,6.7030e+01,6.6129e+01,6.6022e+01,6.4500e+01,6.4011e+01,6.4197e+01,6.5670e+01,6.5600e+01,6.5443e+01,6.6735e+01,6.7586e+01,6.7022e+01,6.8229e+01,6.7759e+01,6.8559e+01,6.9218e+01,7.0217e+01,7.2064e+01,7.2897e+01,7.5016e+01,7.4974e+01,7.4588e+01,7.2880e+01,7.3362e+01,7.3663e+01,7.5429e+01,7.5789e+01,7.7111e+01,7.9124e+01,8.0241e+01,8.1492e+01,7.9916e+01,7.9499e+01,7.9987e+01,7.8028e+01,7.6192e+01,7.5322e+01,7.3758e+01,7.2944e+01,7.1432e+01,7.1953e+01,7.0069e+01,6.8416e+01,6.6629e+01,6.6249e+01,6.4528e+01,6.4388e+01,6.4717e+01,6.4188e+01,6.5496e+01,6.5860e+01,6.5292e+01,6.5932e+01,6.5987e+01,6.6701e+01,6.6579e+01,6.6464e+01
5.4148e+01,5.3376e+01,5.4192e+01,5.5219e+01,5.4598e+01,5.3388e+01,5.2768e+01,5.3469e+01,5.3943e+01,5.3186e+01,5.2156e+01,5.2526e+01,5.3443e+01,5.4740e+01,5.6140e+01,5.6826e+01,5.5846e+01,5.6620e+01,5.6982e+01,5.6202e+01,5.6586e+01,5.5427e+01,5.5569e+01,5.4869e+01,5.4672e+01,5.6032e+01,5.7101e+01,5.8605e+01,5.9047e+01,6.0232e+01,6.1236e+01,6.2656e+01,6.3074e+01,6.4716e+01,6.4934e+01,6.3719e+01,6.3425e+01,6.4814e+01,6.4457e+01,6.3055e+01,6.4449e+01,6.6388e+01,6.7968e+01,7.0168e+01,7.0092e+01,6.8068e+01,6.6157e+01,6.4496e+01,6.2915e+01,6.2510e+01,6.1033e+01,5.9955e+01,5.8319e+01,5.7019e+01,5.5570e+01,5.5487e+01,5.6171e+01,5.5604e+01,5.4782e+01,5.3833e+01,5.3794e+01,5.2927e+01,5.3375e+01,5.2642e+01,5.2423e+01,5.3168e+01,5.3668e+01,5.4798e+01,5.5575e+01,5.6979e+01,5.7663e+01,5.6366e+01,5.6383e+01,5.7216e+01,5.8675e+01,5.8745e+01,5.8434e+01,5.7877e+01,5.8563e+01,6.0080e+01,6.1567e+01,6.3106e+01,6.4793e+01,6.5847e+01,6.7625e+01,6.8636e+01,7.0240e+01,7.0756e+01,7.1147e+01,7.1668e+01,7.1182e+01,7.0165e+01,7.1870e+01,7.2055e+01,7.4101e+01,7.4201e+01,7.4117e+01,7.2428e+01,7.0759e+01,6.9419e+01,6.7690e+01,6.6880e+01,6.7935e+01,6.8871e+01,6.7826e+01,6.8468e+01,6.7951e+01,6.8555e+01,6.7872e+01,6.7469e+01,6.8847e+01,6.9010e+01,6.9134e+01,6.9412e+01,6.8729e+01,6.6802e+01,6.5929e+01,6.5875e+01,6.4373e+01,6.3935e+01,6.4113e+01,6.5616e+01,6.5596e+01,6.5468e+01,6.6807e+01,6.7681e+01,6.7117e+01,6.8343e+01,6.7897e+01,6.8703e+01,6.9412e+01,7.0415e+01,7.2289e+01,7.3167e+01,7.5306e+01,7.5266e+01,7.4846e+01,7.3126e+01,7.3633e+01,7.3902e+01,7.5656e+01,7.5986e+01,7.7285e+01,7.9310e+01,8.0403e+01,8.1654e+01,8.0067e+01,7.9615e+01,8.0104e+01,7.8153e+01,7.6300e+01,7.5457e+01,7.3885e+01,7.3102e+01,7.1582e+01,7.2136e+01,7.0260e+01,6.8583e+01,6.6790e+01,6.6453e+01,6.4703e+01,6.4547e+01,6.4825e+01,6.4250e+01,6.5572e+01,6.5980e+01,6.5464e+01,6.6126e+01,6.6180e+01,6.6925e+01,6.6865e+01,6.6763e+01
5.2911e+01,5.2051e+01,5.2811e+01,5.3828e+01,5.3239e+01,5.2060e+01,5.1593e+01,5.2326e+01,5.2653e+01,5.1872e+01,5.0905e+01,5.1462e+01,5.2418e+01,5.3714e+01,5.5120e+01,5.5709e+01,5.4604e+01,5.5365e+01,5.5614e+01,5.4774e+01,5.5109e+01,5.3970e+01,5.4161e+01,5.3544e+01,5.3472e+01,5.4829e+01,5.5922e+01,5.7410e+01,5.7901e+01,5.9134e+01,6.0199e+01,6.1557e+01,6.1900e+01,6.3512e+01,6.3669e+01,6.2413e+01,6.2125e+01,6.3535e+01,6.3203e+01,6.1811e+01,6.3235e+01,6.5171e+01,6.6796e+01,6.9000e+01,6.8944e+01,6.6912e+01,6.4979e+01,6.3340e+01,6.1760e+01,6.1369e+01,5.9924e+01,5.8866e+01,5.7215e+01,5.5899e+01,5.4432e+01,5.4379e+01,5.5172e+01,5.4714e+01,5.3892e+01,5.3065e+01,5.3132e+01,5.2391e+01,5.3040e+01,5.2346e+01,5.1815e+01,5.2372e+01,5.2758e+01,5.3838e+01,5.4467e+01,5.5889e+01,5.6623e+01,5.5337e+01,5.5215e+01,5.5980e+01,5.7462e+01,5.7504e+01,5.7259e+01,5.6720e+01,5.7485e+01,5.8979e+01,6.0478e+01,6.1967e+01,6.3671e+01,6.4722e+01,6.6506e+01,6.7541e+01,6.9110e+01,6.9574e+01,6.9984e+01,7.0555e+01,7.0086e+01,6.9022e+01,7.0693e+01,7.0855e+01,7.2908e+01,7.2974e+01,7.2885e+01,7.1174e+01,6.9526e+01,6.8203e+01,6.6506e+01,6.5706e+01,6.6767e+01,6.7656e+01,6.6593e+01,6.7260e+01,6.6773e+01,6.7431e+01,6.6809e+01,6.6444e+01,6.7869e+01,6.8110e+01,6.8247e+01,6.8598e+01,6.7869e+01,6.5942e+01,6.4991e+01,6.4893e+01,6.3402e+01,6.2951e+01,6.3216e+01,6.4722e+01,6.4694e+01,6.4477e+01,6.5806e+01,6.6613e+01,6.5988e+01,6.7164e+01,6.6664e+01,6.7426e+01,6.8109e+01,6.9079e+01,7.0955e+01,7.1813e+01,7.3957e+01,7.3946e+01,7.3551e+01,7.1857e+01,7.2394e+01,7.2693e+01,7.4463e+01,7.4787e+01,7.6103e+01,7.8110e+01,7.9201e+01,8.0482e+01,7.8925e+01,7.8490e+01,7.9023e+01,7.7079e+01,7.5215e+01,7.4371e+01,7.2770e+01,7.1961e+01,7.0416e+01,7.0926e+01,6.9041e+01,6.7399e+01,6.5596e+01,6.5244e+01,6.3512e+01,6.3425e+01,6.3741e+01,6.3240e+01,6.4621e+01,6.4993e+01,6.4482e+01,6.5088e+01,6.5078e+01,6.5782e+01,6.5715e+01,6.5577e+01
5.1721e+01,5.0950e+01,5.1680e+01,5.2717e+01,5.2239e+01,5.1204e+01,5.0961e+01,5.1834e+01,5.2076e+01,5.1372e+01,5.0573e+01,5.1488e+01,5.2384e+01,5.3667e+01,5.5032e+01,5.5508e+01,5.4248e+01,5.4949e+01,5.5014e+01,5.4043e+01,5.4204e+01,5.3022e+01,5.3233e+01,5.2781e+01,5.2772e+01,5.4090e+01,5.5111e+01,5.6567e+01,5.7006e+01,5.8283e+01,5.9334e+01,6.0656e+01,6.0980e+01,6.2589e+01,6.2690e+01,6.1419e+01,6.1070e+01,6.2437e+01,6.2063e+01,6.0648e+01,6.2039e+01,6.3954e+01,6.5586e+01,6.7789e+01,6.7764e+01,6.5751e+01,6.3808e+01,6.2205e+01,6.0609e+01,6.0183e+01,5.8737e+01,5.7733e+01,5.6084e+01,5.4836e+01,5.3413e+01,5.3489e+01,5.4334e+01,5.4041e+01,5.3342e+01,5.2621e+01,5.2888e+01,5.2298e+01,5.3149e+01,5.2598e+01,5.1899e+01,5.2311e+01,5.2469e+01,5.3520e+01,5.4033e+01,5.5456e+01,5.6308e+01,5.5080e+01,5.4837e+01,5.5460e+01,5.6946e+01,5.6876e+01,5.6634e+01,5.6037e+01,5.6820e+01,5.8275e+01,5.9735e+01,6.1165e+01,6.2864e+01,6.3860e+01,6.5625e+01,6.6636e+01,6.8182e+01,6.8634e+01,6.9099e+01,6.9719e+01,6.9309e+01,6.8224e+01,6.9857e+01,7.0041e+01,7.2091e+01,7.2099e+01,7.1961e+01,7.0235e+01,6.8581e+01,6.7311e+01,6.5641e+01,6.4901e+01,6.6008e+01,6.6877e+01,6.5839e+01,6.6572e+01,6.6154e+01,6.6850e+01,6.6300e+01,6.5934e+01,6.7381e+01,6.7686e+01,6.7788e+01,6.8174e+01,6.7374e+01,6.5447e+01,6.4443e+01,6.4262e+01,6.2744e+01,6.2226e+01,6.2525e+01,6.3995e+01,6.3907e+01,6.3627e+01,6.4904e+01,6.5669e+01,6.5030e+01,6.6182e+01,6.5652e+01,6.6413e+01,6.7044e+01,6.8023e+01,6.9870e+01,7.0696e+01,7.2823e+01,7.2798e+01,7.2428e+01,7.0739e+01,7.1251e+01,7.1580e+01,7.3361e+01,7.3714e+01,7.5053e+01,7.7046e+01,7.8162e+01,7.9443e+01,7.7906e+01,7.7510e+01,7.8052e+01,7.6103e+01,7.4254e+01,7.3380e+01,7.1784e+01,7.0937e+01,6.9400e+01,6.9870e+01,6.7974e+01,6.6357e+01,6.4557e+01,6.4158e+01,6.2451e+01,6.2387e+01,6.2762e+01,6.2326e+01,6.3717e+01,6.4025e+01,6.3467e+01,6.4026e+01,6.4001e+01,6.4678e+01,6.4567e+01,6.4422e+01
5.1881e+01,5.1191e+01,5.1635e+01,5.2803e+01,5.2545e+01,5.1651e+01,5.1628e+01,5.2481e+01,5.2550e+01,5.1790e+01,5.1106e+01,5.1966e+01,5.2875e+01,5.4014e+01,5.5378e+01,5.5708e+01,5.4456e+01,5.5227e+01,5.5194e+01,5.4157e+01,5.4211e+01,5.3138e+01,5.3495e+01,5.3212e+01,5.3341e+01,5.4618e+01,5.5619e+01,5.7026e+01,5.7462e+01,5.8761e+01,5.9809e+01,6.1074e+01,6.1353e+01,6.2926e+01,6.2957e+01,6.1658e+01,6.1276e+01,6.2604e+01,6.2198e+01,6.0767e+01,6.2096e+01,6.3945e+01,6.5584e+01,6.7770e+01,6.7807e+01,6.5842e+01,6.3899e+01,6.2369e+01,6.0766e+01,6.0279e+01,5.8835e+01,5.7951e+01,5.6327e+01,5.5197e+01,5.3846e+01,5.4028e+01,5.4920e+01,5.4742e+01,5.4092e+01,5.3448e+01,5.3753e+01,5.3208e+01,5.4068e+01,5.3500e+01,5.2761e+01,5.3091e+01,5.3232e+01,5.4215e+01,5.4617e+01,5.6021e+01,5.6861e+01,5.5643e+01,5.5291e+01,5.5878e+01,5.7361e+01,5.7291e+01,5.7126e+01,5.6561e+01,5.7384e+01,5.8792e+01,6.0230e+01,6.1598e+01,6.3285e+01,6.4244e+01,6.5982e+01,6.6976e+01,6.8479e+01,6.8896e+01,6.9397e+01,7.0061e+01,6.9686e+01,6.8577e+01,7.0163e+01,7.0334e+01,7.2373e+01,7.2337e+01,7.2174e+01,7.0437e+01,6.8809e+01,6.7590e+01,6.5970e+01,6.5268e+01,6.6382e+01,6.7204e+01,6.6159e+01,6.6909e+01,6.6511e+01,6.7254e+01,6.6748e+01,6.6419e+01,6.7892e+01,6.8242e+01,6.8351e+01,6.8772e+01,6.7948e+01,6.6032e+01,6.4992e+01,6.4777e+01,6.3274e+01,6.2734e+01,6.3066e+01,6.4503e+01,6.4377e+01,6.4050e+01,6.5275e+01,6.5995e+01,6.5340e+01,6.6446e+01,6.5874e+01,6.6599e+01,6.7159e+01,6.8105e+01,6.9915e+01,7.0680e+01,7.2781e+01,7.2773e+01,7.2457e+01,7.0803e+01,7.1298e+01,7.1672e+01,7.3460e+01,7.3839e+01,7.5198e+01,7.7159e+01,7.8291e+01,7.9582e+01,7.8076e+01,7.7726e+01,7.8286e+01,7.6343e+01,7.4517e+01,7.3621e+01,7.2032e+01,7.1148e+01,6.9620e+01,7.0032e+01,6.8136e+01,6.6571e+01,6.4791e+01,6.4346e+01,6.2692e+01,6.2672e+01,6.3104e+01,6.2739e+01,6.4132e+01,6.4376e+01,6.3785e+01,6.4283e+01,6.4242e+01,6.4882e+01,6.4713e+01,6.4542e+01
5.1692e+01,5.0870e+01,5.1003e+01,5.2159e+01,5.2021e+01,5.1241e+01,5.1463e+01,5.2204e+01,5.2005e+01,5.1226e+01,5.0818e+01,5.1685e+01,5.2494e+01,5.3468e+01,5.4760e+01,5.4927e+01,5.3621e+01,5.4402e+01,5.4242e+01,5.3161e+01,5.3161e+01,5.2258e+01,5.2772e+01,5.2640e+01,5.2987e+01,5.4211e+01,5.5253e+01,5.6601e+01,5.7137e+01,5.8466e+01,5.9597e+01,6.0755e+01,6.0911e+01,6.2408e+01,6.2351e+01,6.0996e+01,6.0652e+01,6.2008e+01,6.1657e+01,6.0263e+01,6.1615e+01,6.3424e+01,6.5120e+01,6.7289e+01,6.7370e+01,6.5417e+01,6.3459e+01,6.1989e+01,6.0410e+01,5.9945e+01,5.8576e+01,5.7753e+01,5.6153e+01,5.5032e+01,5.3707e+01,5.3889e+01,5.4894e+01,5.4820e+01,5.4136e+01,5.3657e+01,5.3978e+01,5.3558e+01,5.4489e+01,5.3925e+01,5.2977e+01,5.3074e+01,5.3156e+01,5.3991e+01,5.4188e+01,5.5553e+01,5.6360e+01,5.5176e+01,5.4663e+01,5.5191e+01,5.6662e+01,5.6622e+01,5.6596e+01,5.6129e+01,5.7059e+01,5.8411e+01,5.9866e+01,6.1158e+01,6.2852e+01,6.3822e+01,6.5558e+01,6.6595e+01,6.8032e+01,6.8362e+01,6.8870e+01,6.9589e+01,6.9218e+01,6.8046e+01,6.9580e+01,6.9692e+01,7.1731e+01,7.1665e+01,7.1518e+01,6.9757e+01,6.8184e+01,6.6984e+01,6.5426e+01,6.4715e+01,6.5799e+01,6.6534e+01,6.5446e+01,6.6191e+01,6.5799e+01,6.6611e+01,6.6168e+01,6.5917e+01,6.7446e+01,6.7879e+01,6.8036e+01,6.8547e+01,6.7706e+01,6.5813e+01,6.4693e+01,6.4461e+01,6.3012e+01,6.2499e+01,6.2946e+01,6.4385e+01,6.4276e+01,6.3846e+01,6.5061e+01,6.5684e+01,6.4941e+01,6.5959e+01,6.5308e+01,6.5942e+01,6.6460e+01,6.7326e+01,6.9130e+01,6.9850e+01,7.1951e+01,7.2008e+01,7.1745e+01,7.0151e+01,7.0695e+01,7.1119e+01,7.2919e+01,7.3282e+01,7.4655e+01,7.6578e+01,7.7692e+01,7.9030e+01,7.7580e+01,7.7248e+01,7.7875e+01,7.5954e+01,7.4118e+01,7.3235e+01,7.1609e+01,7.0699e+01,6.9140e+01,6.9480e+01,6.7587e+01,6.6091e+01,6.4315e+01,6.3858e+01,6.2253e+01,6.2343e+01,6.2814e+01,6.2545e+01,6.3999e+01,6.4200e+01,6.3636e+01,6.4048e+01,6.3911e+01,6.4487e+01,6.4312e+01,6.4078e+01
5.1383e+01,5.0816e+01,5.0727e+01,5.1881e+01,5.1954e+01,5.1421e+01,5.1783e+01,5.2537e+01,5.2301e+01,5.1681e+01,5.1478e+01,5.2404e+01,5.3082e+01,5.3981e+01,5.5187e+01,5.5255e+01,5.3910e+01,5.4625e+01,5.4330e+01,5.3201e+01,5.3032e+01,5.2186e+01,5.2697e+01,5.2736e+01,5.3115e+01,5.4245e+01,5.5189e+01,5.6467e+01,5.6942e+01,5.8284e+01,5.9380e+01,6.0488e+01,6.0623e+01,6.2099e+01,6.1980e+01,6.0620e+01,6.0214e+01,6.1502e+01,6.1098e+01,5.9687e+01,6.0966e+01,6.2714e+01,6.4403e+01,6.6556e+01,6.6687e+01,6.4780e+01,6.2828e+01,6.1426e+01,5.9844e+01,5.9324e+01,5.7969e+01,5.7255e+01,5.5706e+01,5.4723e+01,5.3520e+01,5.3816e+01,5.4821e+01,5.4889e+01,5.4322e+01,5.3936e+01,5.4363e+01,5.4042e+01,5.5047e+01,5.4562e+01,5.3575e+01,5.3596e+01,5.3547e+01,5.4325e+01,5.4439e+01,5.5758e+01,5.6623e+01,5.5507e+01,5.4926e+01,5.5335e+01,5.6767e+01,5.6648e+01,5.6634e+01,5.6142e+01,5.7066e+01,5.8357e+01,5.9758e+01,6.0979e+01,6.2652e+01,6.3558e+01,6.5261e+01,6.6266e+01,6.7671e+01,6.7983e+01,6.8545e+01,6.9313e+01,6.9000e+01,6.7811e+01,6.9297e+01,6.9424e+01,7.1452e+01,7.1327e+01,7.1133e+01,6.9361e+01,6.7795e+01,6.6658e+01,6.5141e+01,6.4494e+01,6.5612e+01,6.6317e+01,6.5254e+01,6.6050e+01,6.5719e+01,6.6569e+01,6.6192e+01,6.5950e+01,6.7491e+01,6.7977e+01,6.8109e+01,6.8649e+01,6.7755e+01,6.5873e+01,6.4715e+01,6.4413e+01,6.2953e+01,6.2381e+01,6.2853e+01,6.4244e+01,6.4077e+01,6.3592e+01,6.4742e+01,6.5319e+01,6.4569e+01,6.5552e+01,6.4871e+01,6.5494e+01,6.5944e+01,6.6807e+01,6.8566e+01,6.9232e+01,7.1302e+01,7.1350e+01,7.1130e+01,6.9554e+01,7.0064e+01,7.0526e+01,7.2335e+01,7.2734e+01,7.4131e+01,7.6033e+01,7.7173e+01,7.8512e+01,7.7087e+01,7.6800e+01,7.7436e+01,7.5512e+01,7.3698e+01,7.2784e+01,7.1170e+01,7.0218e+01,6.8676e+01,6.8964e+01,6.7069e+01,6.5613e+01,6.3856e+01,6.3348e+01,6.1792e+01,6.1904e+01,6.2433e+01,6.2231e+01,6.3676e+01,6.3803e+01,6.3191e+01,6.3545e+01,6.3399e+01,6.3938e+01,6.3707e+01,6.3469e+01
5.0628e+01,5.0171e+01,5.0288e+01,5.1410e+01,5.1437e+01,5.0978e+01,5.1337e+01,5.2183e+01,5.2075e+01,5.1595e+01,5.1404e+01,5.2496e+01,5.3134e+01,5.4151e+01,5.5325e+01,5.5483e+01,5.4078e+01,5.4663e+01,5.4346e+01,5.3202e+01,5.2969e+01,5.1952e+01,5.2319e+01,5.2363e+01,5.2635e+01,5.3735e+01,5.4595e+01,5.5868e+01,5.6264e+01,5.7604e+01,5.8651e+01,5.9778e+01,5.9964e+01,6.1471e+01,6.1382e+01,6.0058e+01,5.9609e+01,6.0864e+01,6.0426e+01,5.9001e+01,6.0275e+01,6.2057e+01,6.3715e+01,6.5877e+01,6.5968e+01,6.4047e+01,6.2105e+01,6.0671e+01,5.9084e+01,5.8572e+01,5.7199e+01,5.6446e+01,5.4899e+01,5.3931e+01,5.2751e+01,5.3109e+01,5.4092e+01,5.4216e+01,5.3729e+01,5.3358e+01,5.3888e+01,5.3627e+01,5.4717e+01,5.4325e+01,5.3322e+01,5.3350e+01,5.3177e+01,5.3983e+01,5.4134e+01,5.5443e+01,5.6394e+01,5.5329e+01,5.4797e+01,5.5127e+01,5.6540e+01,5.6325e+01,5.6224e+01,5.5643e+01,5.6514e+01,5.7803e+01,5.9161e+01,6.0379e+01,6.2039e+01,6.2911e+01,6.4603e+01,6.5575e+01,6.7003e+01,6.7352e+01,6.7933e+01,6.8696e+01,6.8409e+01,6.7245e+01,6.8737e+01,6.8910e+01,7.0932e+01,7.0797e+01,7.0572e+01,6.8812e+01,6.7212e+01,6.6087e+01,6.4550e+01,6.3937e+01,6.5088e+01,6.5832e+01,6.4818e+01,6.5652e+01,6.5365e+01,6.6180e+01,6.5811e+01,6.5519e+01,6.7035e+01,6.7517e+01,6.7601e+01,6.8119e+01,6.7191e+01,6.5307e+01,6.4155e+01,6.3822e+01,6.2330e+01,6.1718e+01,6.2165e+01,6.3531e+01,6.3332e+01,6.2854e+01,6.3980e+01,6.4577e+01,6.3864e+01,6.4880e+01,6.4235e+01,6.4910e+01,6.5373e+01,6.6293e+01,6.8047e+01,6.8748e+01,7.0816e+01,7.0811e+01,7.0552e+01,6.8938e+01,6.9417e+01,6.9850e+01,7.1650e+01,7.2066e+01,7.3463e+01,7.5379e+01,7.6535e+01,7.7850e+01,7.6408e+01,7.6125e+01,7.6741e+01,7.4807e+01,7.2996e+01,7.2063e+01,7.0464e+01,6.9511e+01,6.7986e+01,6.8301e+01,6.6402e+01,6.4919e+01,6.3160e+01,6.2645e+01,6.1067e+01,6.1125e+01,6.1656e+01,6.1439e+01,6.2879e+01,6.3018e+01,6.2415e+01,6.2789e+01,6.2671e+01,6.3267e+01,6.3072e+01,6.2893e+01
5.0107e+01,4.9236e+01,4.9383e+01,5.0442e+01,5.0315e+01,4.9754e+01,5.0211e+01,5.0975e+01,5.0747e+01,5.0269e+01,5.0238e+01,5.1404e+01,5.1957e+01,5.2976e+01,5.4110e+01,5.4286e+01,5.2797e+01,5.3328e+01,5.2986e+01,5.1828e+01,5.1644e+01,5.0631e+01,5.1055e+01,5.1076e+01,5.1452e+01,5.2562e+01,5.3509e+01,5.4788e+01,5.5301e+01,5.6646e+01,5.7788e+01,5.8884e+01,5.9002e+01,6.0484e+01,6.0397e+01,5.9045e+01,5.8682e+01,6.0031e+01,5.9695e+01,5.8324e+01,5.9716e+01,6.1553e+01,6.3272e+01,6.5447e+01,6.5501e+01,6.3521e+01,6.1553e+01,6.0076e+01,5.8517e+01,5.8109e+01,5.6807e+01,5.5952e+01,5.4391e+01,5.3269e+01,5.2009e+01,5.2229e+01,5.3290e+01,5.3387e+01,5.2795e+01,5.2527e+01,5.3006e+01,5.2830e+01,5.3956e+01,5.3576e+01,5.2416e+01,5.2282e+01,5.2075e+01,5.2796e+01,5.2859e+01,5.4158e+01,5.5093e+01,5.4042e+01,5.3463e+01,5.3780e+01,5.5201e+01,5.5016e+01,5.4971e+01,5.4457e+01,5.5396e+01,5.6689e+01,5.8099e+01,5.9326e+01,6.1015e+01,6.1952e+01,6.3683e+01,6.4726e+01,6.6144e+01,6.6449e+01,6.6988e+01,6.7750e+01,6.7415e+01,6.6217e+01,6.7721e+01,6.7847e+01,6.9888e+01,6.9782e+01,6.9606e+01,6.7832e+01,6.6255e+01,6.5078e+01,6.3539e+01,6.2864e+01,6.3978e+01,6.4697e+01,6.3639e+01,6.4445e+01,6.4129e+01,6.4961e+01,6.4590e+01,6.4333e+01,6.5880e+01,6.6386e+01,6.6514e+01,6.7078e+01,6.6168e+01,6.4283e+01,6.3095e+01,6.2794e+01,6.1335e+01,6.0779e+01,6.1298e+01,6.2717e+01,6.2586e+01,6.2067e+01,6.3259e+01,6.3818e+01,6.3035e+01,6.4024e+01,6.3346e+01,6.3975e+01,6.4485e+01,6.5363e+01,6.7167e+01,6.7900e+01,7.0009e+01,7.0056e+01,6.9783e+01,6.8185e+01,6.8742e+01,6.9170e+01,7.0980e+01,7.1341e+01,7.2730e+01,7.4653e+01,7.5768e+01,7.7123e+01,7.5691e+01,7.5364e+01,7.6023e+01,7.4101e+01,7.2249e+01,7.1358e+01,6.9710e+01,6.8778e+01,6.7205e+01,6.7525e+01,6.5625e+01,6.4141e+01,6.2355e+01,6.1891e+01,6.0293e+01,6.0414e+01,6.0908e+01,6.0703e+01,6.2201e+01,6.2377e+01,6.1829e+01,6.2202e+01,6.2008e+01,6.2572e+01,6.2429e+01,6.2209e+01
5.0274e+01,4.9511e+01,4.9056e+01,5.0002e+01,5.0160e+01,4.9891e+01,5.0557e+01,5.1150e+01,5.0666e+01,5.0283e+01,5.0602e+01,5.1657e+01,5.2050e+01,5.2851e+01,5.3863e+01,5.3838e+01,5.2316e+01,5.2821e+01,5.2280e+01,5.1050e+01,5.0684e+01,4.9971e+01,5.0601e+01,5.0870e+01,5.1468e+01,5.2458e+01,5.3398e+01,5.4579e+01,5.5169e+01,5.6536e+01,5.7741e+01,5.8712e+01,5.8702e+01,6.0096e+01,5.9897e+01,5.8486e+01,5.8139e+01,5.9486e+01,5.9182e+01,5.7841e+01,5.9213e+01,6.0973e+01,6.2741e+01,6.4891e+01,6.5017e+01,6.3077e+01,6.1099e+01,5.9719e+01,5.8184e+01,5.7762e+01,5.6537e+01,5.5804e+01,5.4304e+01,5.3277e+01,5.2126e+01,5.2370e+01,5.3502e+01,5.3719e+01,5.3139e+01,5.3040e+01,5.3530e+01,5.3476e+01,5.4638e+01,5.4274e+01,5.2987e+01,5.2658e+01,5.2382e+01,5.2930e+01,5.2784e+01,5.4004e+01,5.4913e+01,5.3929e+01,5.3181e+01,5.3393e+01,5.4775e+01,5.4596e+01,5.4693e+01,5.4280e+01,5.5308e+01,5.6520e+01,5.7926e+01,5.9057e+01,6.0741e+01,6.1669e+01,6.3388e+01,6.4460e+01,6.5803e+01,6.6018e+01,6.6580e+01,6.7409e+01,6.7094e+01,6.5831e+01,6.7270e+01,6.7341e+01,6.9379e+01,6.9226e+01,6.9052e+01,6.7250e+01,6.5731e+01,6.4593e+01,6.3130e+01,6.2464e+01,6.3557e+01,6.4182e+01,6.3087e+01,6.3904e+01,6.3610e+01,6.4528e+01,6.4238e+01,6.4062e+01,6.5667e+01,6.6263e+01,6.6430e+01,6.7082e+01,6.6144e+01,6.4286e+01,6.3018e+01,6.2680e+01,6.1271e+01,6.0725e+01,6.1348e+01,6.2754e+01,6.2625e+01,6.2002e+01,6.3161e+01,6.3613e+01,6.2744e+01,6.3632e+01,6.2867e+01,6.3402e+01,6.3842e+01,6.4639e+01,6.6419e+01,6.7083e+01,6.9181e+01,6.9291e+01,6.9093e+01,6.7561e+01,6.8152e+01,6.8647e+01,7.0476e+01,7.0836e+01,7.2250e+01,7.4130e+01,7.5238e+01,7.6641e+01,7.5269e+01,7.4972e+01,7.5693e+01,7.3789e+01,7.1934e+01,7.1047e+01,6.9368e+01,6.8398e+01,6.6798e+01,6.7029e+01,6.5132e+01,6.3731e+01,6.1961e+01,6.1465e+01,5.9937e+01,6.0174e+01,6.0727e+01,6.0639e+01,6.2190e+01,6.2306e+01,6.1765e+01,6.2044e+01,6.1739e+01,6.2213e+01,6.2038e+01,6.1737e+01
5.0880e+01,4.9969e+01,4.9542e+01,5.0199e+01,5.0239e+01,4.9952e+01,5.0621e+01,5.1000e+01,5.0339e+01,4.9972e+01,5.0521e+01,5.1391e+01,5.1630e+01,5.2244e+01,5.3152e+01,5.3032e+01,5.1544e+01,5.2049e+01,5.1490e+01,5.0319e+01,5.0054e+01,4.9607e+01,5.0330e+01,5.0596e+01,5.1326e+01,5.2246e+01,5.3243e+01,5.4364e+01,5.5070e+01,5.6401e+01,5.7672e+01,5.8568e+01,5.8470e+01,5.9795e+01,5.9578e+01,5.8154e+01,5.7900e+01,5.9302e+01,5.9095e+01,5.7835e+01,5.9259e+01,6.1010e+01,6.2801e+01,6.4926e+01,6.5035e+01,6.3085e+01,6.1120e+01,5.9752e+01,5.8281e+01,5.7948e+01,5.6825e+01,5.6073e+01,5.4637e+01,5.3560e+01,5.2426e+01,5.2539e+01,5.3702e+01,5.3900e+01,5.3232e+01,5.3251e+01,5.3652e+01,5.3675e+01,5.4810e+01,5.4435e+01,5.3042e+01,5.2538e+01,5.2278e+01,5.2665e+01,5.2385e+01,5.3527e+01,5.4342e+01,5.3398e+01,5.2571e+01,5.2782e+01,5.4122e+01,5.4027e+01,5.4238e+01,5.3956e+01,5.5043e+01,5.6207e+01,5.7636e+01,5.8733e+01,6.0413e+01,6.1386e+01,6.3109e+01,6.4232e+01,6.5534e+01,6.5687e+01,6.6211e+01,6.7047e+01,6.6694e+01,6.5397e+01,6.6817e+01,6.6828e+01,6.8866e+01,6.8731e+01,6.8606e+01,6.6800e+01,6.5331e+01,6.4170e+01,6.2742e+01,6.2028e+01,6.3061e+01,6.3633e+01,6.2493e+01,6.3264e+01,6.2932e+01,6.3874e+01,6.3591e+01,6.3474e+01,6.5112e+01,6.5740e+01,6.5964e+01,6.6671e+01,6.5758e+01,6.3921e+01,6.2616e+01,6.2316e+01,6.0977e+01,6.0505e+01,6.1201e+01,6.2627e+01,6.2558e+01,6.1892e+01,6.3078e+01,6.3477e+01,6.2549e+01,6.3382e+01,6.2584e+01,6.3048e+01,6.3500e+01,6.4227e+01,6.6023e+01,6.6692e+01,6.8801e+01,6.8969e+01,6.8781e+01,6.7292e+01,6.7944e+01,6.8448e+01,7.0275e+01,7.0592e+01,7.1997e+01,7.3860e+01,7.4931e+01,7.6374e+01,7.5032e+01,7.4715e+01,7.5488e+01,7.3605e+01,7.1726e+01,7.0874e+01,6.9160e+01,6.8201e+01,6.6571e+01,6.6781e+01,6.4902e+01,6.3538e+01,6.1779e+01,6.1322e+01,5.9822e+01,6.0124e+01,6.0649e+01,6.0592e+01,6.2192e+01,6.2337e+01,6.1873e+01,6.2136e+01,6.1753e+01,6.2205e+01,6.2094e+01,6.1745e+01
5.0741e+01,5.0104e+01,4.9390e+01,4.9626e+01,4.9949e+01,5.0122e+01,5.0964e+01,5.1269e+01,5.0553e+01,5.0562e+01,5.1420e+01,5.2388e+01,5.2414e+01,5.2983e+01,5.3689e+01,5.3510e+01,5.1929e+01,5.2143e+01,5.1294e+01,5.0054e+01,4.9344e+01,4.9119e+01,4.9821e+01,5.0404e+01,5.1220e+01,5.1930e+01,5.2794e+01,5.3767e+01,5.4467e+01,5.5792e+01,5.7065e+01,5.7842e+01,5.7657e+01,5.8906e+01,5.8598e+01,5.7155e+01,5.6882e+01,5.8249e+01,5.8059e+01,5.6843e+01,5.8245e+01,5.9932e+01,6.1740e+01,6.3828e+01,6.3969e+01,6.2058e+01,6.0110e+01,5.8829e+01,5.7408e+01,5.7094e+01,5.6079e+01,5.5422e+01,5.4077e+01,5.3101e+01,5.2132e+01,5.2282e+01,5.3446e+01,5.3802e+01,5.3262e+01,5.3481e+01,5.3990e+01,5.4212e+01,5.5440e+01,5.5222e+01,5.3759e+01,5.3104e+01,5.2610e+01,5.2850e+01,5.2397e+01,5.3413e+01,5.4322e+01,5.3550e+01,5.2620e+01,5.2556e+01,5.3793e+01,5.3546e+01,5.3800e+01,5.3526e+01,5.4623e+01,5.5663e+01,5.7020e+01,5.8000e+01,5.9637e+01,6.0553e+01,6.2233e+01,6.3342e+01,6.4576e+01,6.4680e+01,6.5242e+01,6.6130e+01,6.5830e+01,6.4508e+01,6.5863e+01,6.5871e+01,6.7890e+01,6.7698e+01,6.7538e+01,6.5725e+01,6.4285e+01,6.3189e+01,6.1829e+01,6.1175e+01,6.2223e+01,6.2739e+01,6.1622e+01,6.2449e+01,6.2196e+01,6.3186e+01,6.2997e+01,6.2903e+01,6.4555e+01,6.5262e+01,6.5464e+01,6.6224e+01,6.5252e+01,6.3450e+01,6.2092e+01,6.1709e+01,6.0400e+01,5.9894e+01,6.0653e+01,6.2022e+01,6.1924e+01,6.1178e+01,6.2302e+01,6.2614e+01,6.1642e+01,6.2399e+01,6.1547e+01,6.1959e+01,6.2347e+01,6.3039e+01,6.4800e+01,6.5428e+01,6.7520e+01,6.7703e+01,6.7550e+01,6.6097e+01,6.6757e+01,6.7296e+01,6.9122e+01,6.9442e+01,7.0856e+01,7.2682e+01,7.3756e+01,7.5211e+01,7.3907e+01,7.3622e+01,7.4423e+01,7.2559e+01,7.0701e+01,6.9849e+01,6.8135e+01,6.7152e+01,6.5527e+01,6.5677e+01,6.3812e+01,6.2519e+01,6.0792e+01,6.0312e+01,5.8891e+01,5.9282e+01,5.9852e+01,5.9903e+01,6.1515e+01,6.1570e+01,6.1091e+01,6.1256e+01,6.0808e+01,6.1180e+01,6.1018e+01,6.0618e+01
4.9932e+01,4.9634e+01,4.8813e+01,4.8552e+01,4.9172e+01,4.9805e+01,5.0751e+01,5.1116e+01,5.0534e+01,5.0875e+01,5.1848e+01,5.3020e+01,5.2968e+01,5.3692e+01,5.4330e+01,5.4285e+01,5.2577e+01,5.2516e+01,5.1550e+01,5.0288e+01,4.9298e+01,4.8693e+01,4.9117e+01,4.9950e+01,5.0688e+01,5.1232e+01,5.1903e+01,5.2789e+01,5.3382e+01,5.4725e+01,5.5951e+01,5.6687e+01,5.6507e+01,5.7763e+01,5.7423e+01,5.5990e+01,5.5625e+01,5.6933e+01,5.6692e+01,5.5453e+01,5.6840e+01,5.8530e+01,6.0341e+01,6.2434e+01,6.2573e+01,6.0668e+01,5.8717e+01,5.7458e+01,5.6032e+01,5.5709e+01,5.4724e+01,5.4109e+01,5.2812e+01,5.1932e+01,5.1121e+01,5.1366e+01,5.2505e+01,5.3028e+01,5.2672e+01,5.3030e+01,5.3713e+01,5.4105e+01,5.5463e+01,5.5421e+01,5.3929e+01,5.3227e+01,5.2474e+01,5.2686e+01,5.2191e+01,5.3141e+01,5.4233e+01,5.3601e+01,5.2693e+01,5.2384e+01,5.3551e+01,5.3066e+01,5.3210e+01,5.2806e+01,5.3843e+01,5.4816e+01,5.6085e+01,5.6998e+01,5.8600e+01,5.9441e+01,6.1088e+01,6.2149e+01,6.3377e+01,6.3503e+01,6.4122e+01,6.5038e+01,6.4804e+01,6.3495e+01,6.4828e+01,6.4899e+01,6.6908e+01,6.6665e+01,6.6438e+01,6.4624e+01,6.3147e+01,6.2102e+01,6.0746e+01,6.0177e+01,6.1297e+01,6.1835e+01,6.0795e+01,6.1721e+01,6.1580e+01,6.2563e+01,6.2443e+01,6.2293e+01,6.3924e+01,6.4672e+01,6.4798e+01,6.5558e+01,6.4506e+01,6.2710e+01,6.1329e+01,6.0848e+01,5.9500e+01,5.8909e+01,5.9667e+01,6.0976e+01,6.0813e+01,6.0027e+01,6.1090e+01,6.1373e+01,6.0413e+01,6.1165e+01,6.0311e+01,6.0760e+01,6.1117e+01,6.1869e+01,6.3606e+01,6.4240e+01,6.6322e+01,6.6447e+01,6.6275e+01,6.4793e+01,6.5414e+01,6.5955e+01,6.7784e+01,6.8135e+01,6.9565e+01,7.1398e+01,7.2498e+01,7.3936e+01,7.2624e+01,7.2366e+01,7.3153e+01,7.1278e+01,6.9436e+01,6.8555e+01,6.6856e+01,6.5850e+01,6.4242e+01,6.4383e+01,6.2513e+01,6.1224e+01,5.9502e+01,5.8978e+01,5.7578e+01,5.7977e+01,5.8597e+01,5.8707e+01,6.0306e+01,6.0304e+01,5.9776e+01,5.9912e+01,5.9473e+01,5.9829e+01,5.9638e+01,5.9257e+01
5.0149e+01,5.0268e+01,4.9368e+01,4.9040e+01,4.9920e+01,5.0760e+01,5.1718e+01,5.2164e+01,5.1660e+01,5.2048e+01,5.2946e+01,5.4175e+01,5.4166e+01,5.4889e+01,5.5501e+01,5.5411e+01,5.3735e+01,5.3624e+01,5.2588e+01,5.1379e+01,5.0303e+01,4.9782e+01,4.9969e+01,5.0904e+01,5.1557e+01,5.1964e+01,5.2440e+01,5.3196e+01,5.3656e+01,5.5007e+01,5.6158e+01,5.6812e+01,5.6602e+01,5.7809e+01,5.7353e+01,5.5918e+01,5.5423e+01,5.6586e+01,5.6235e+01,5.4954e+01,5.6187e+01,5.7748e+01,5.9569e+01,6.1638e+01,6.1895e+01,6.0081e+01,5.8130e+01,5.7020e+01,5.5576e+01,5.5126e+01,5.4165e+01,5.3778e+01,5.2582e+01,5.1979e+01,5.1406e+01,5.1828e+01,5.2905e+01,5.3599e+01,5.3422e+01,5.3819e+01,5.4636e+01,5.5065e+01,5.6491e+01,5.6487e+01,5.5013e+01,5.4348e+01,5.3513e+01,5.3729e+01,5.3206e+01,5.4092e+01,5.5238e+01,5.4685e+01,5.3769e+01,5.3337e+01,5.4416e+01,5.3809e+01,5.3931e+01,5.3469e+01,5.4458e+01,5.5337e+01,5.6501e+01,5.7291e+01,5.8833e+01,5.9559e+01,6.1140e+01,6.2132e+01,6.3302e+01,6.3408e+01,6.4116e+01,6.5101e+01,6.4964e+01,6.3643e+01,6.4895e+01,6.4998e+01,6.6977e+01,6.6640e+01,6.6333e+01,6.4511e+01,6.3045e+01,6.2112e+01,6.0827e+01,6.0373e+01,6.1544e+01,6.2032e+01,6.1044e+01,6.2050e+01,6.2015e+01,6.3047e+01,6.3034e+01,6.2896e+01,6.4527e+01,6.5342e+01,6.5424e+01,6.6209e+01,6.5088e+01,6.3318e+01,6.1903e+01,6.1318e+01,5.9953e+01,5.9266e+01,6.0038e+01,6.1261e+01,6.1002e+01,6.0148e+01,6.1096e+01,6.1302e+01,6.0340e+01,6.1028e+01,6.0116e+01,6.0537e+01,6.0769e+01,6.1516e+01,6.3158e+01,6.3683e+01,6.5699e+01,6.5806e+01,6.5713e+01,6.4273e+01,6.4834e+01,6.5450e+01,6.7290e+01,6.7704e+01,6.9172e+01,7.0961e+01,7.2100e+01,7.3528e+01,7.2259e+01,7.2076e+01,7.2868e+01,7.0997e+01,6.9201e+01,6.8278e+01,6.6606e+01,6.5540e+01,6.3968e+01,6.4025e+01,6.2166e+01,6.0961e+01,5.9274e+01,5.8651e+01,5.7353e+01,5.7799e+01,5.8526e+01,5.8756e+01,6.0325e+01,6.0204e+01,5.9566e+01,5.9618e+01,5.9173e+01,5.9429e+01,5.9108e+01,5.8716e+01
4.9702e+01,5.0190e+01,4.9526e+01,4.8785e+01,4.9650e+01,5.0741e+01,5.1653e+01,5.2139e+01,5.1821e+01,5.2414e+01,5.3326e+01,5.4664e+01,5.4615e+01,5.5469e+01,5.6060e+01,5.6110e+01,5.4363e+01,5.4096e+01,5.3080e+01,5.1918e+01,5.0878e+01,5.0057e+01,4.9837e+01,5.0792e+01,5.1260e+01,5.1514e+01,5.1768e+01,5.2443e+01,5.2741e+01,5.4102e+01,5.5173e+01,5.5808e+01,5.5644e+01,5.6884e+01,5.6422e+01,5.5027e+01,5.4400e+01,5.5469e+01,5.5017e+01,5.3673e+01,5.4868e+01,5.6460e+01,5.8272e+01,6.0370e+01,6.0613e+01,5.8794e+01,5.6831e+01,5.5725e+01,5.4247e+01,5.3752e+01,5.2789e+01,5.2465e+01,5.1331e+01,5.0895e+01,5.0549e+01,5.1079e+01,5.2082e+01,5.2932e+01,5.2940e+01,5.3431e+01,5.4395e+01,5.4945e+01,5.6461e+01,5.6594e+01,5.5124e+01,5.4455e+01,5.3439e+01,5.3657e+01,5.3155e+01,5.3989e+01,5.5273e+01,5.4814e+01,5.3969e+01,5.3400e+01,5.4421e+01,5.3627e+01,5.3603e+01,5.2992e+01,5.3889e+01,5.4720e+01,5.5785e+01,5.6521e+01,5.8021e+01,5.8662e+01,6.0208e+01,6.1135e+01,6.2326e+01,6.2481e+01,6.3248e+01,6.4249e+01,6.4177e+01,6.2886e+01,6.4130e+01,6.4316e+01,6.6286e+01,6.5908e+01,6.5528e+01,6.3714e+01,6.2188e+01,6.1298e+01,5.9996e+01,5.9631e+01,6.0883e+01,6.1417e+01,6.0522e+01,6.1620e+01,6.1693e+01,6.2696e+01,6.2735e+01,6.2526e+01,6.4121e+01,6.4956e+01,6.4953e+01,6.5719e+01,6.4524e+01,6.2756e+01,6.1337e+01,6.0663e+01,5.9245e+01,5.8458e+01,5.9204e+01,6.0361e+01,6.0022e+01,5.9147e+01,6.0024e+01,6.0223e+01,5.9300e+01,6.0013e+01,5.9123e+01,5.9621e+01,5.9837e+01,6.0687e+01,6.2303e+01,6.2854e+01,6.4858e+01,6.4873e+01,6.4737e+01,6.3239e+01,6.3738e+01,6.4343e+01,6.6190e+01,6.6650e+01,6.8139e+01,6.9955e+01,7.1130e+01,7.2529e+01,7.1233e+01,7.1074e+01,7.1838e+01,6.9942e+01,6.8157e+01,6.7190e+01,6.5538e+01,6.4446e+01,6.2896e+01,6.2965e+01,6.1093e+01,5.9867e+01,5.8170e+01,5.7487e+01,5.6184e+01,5.6593e+01,5.7381e+01,5.7658e+01,5.9211e+01,5.9064e+01,5.8375e+01,5.8440e+01,5.8025e+01,5.8308e+01,5.7991e+01,5.7665e+01
5.0048e+01,5.0595e+01,5.0199e+01,4.8988e+01,4.9541e+01,5.0809e+01,5.1616e+01,5.1934e+01,5.1720e+01,5.2610e+01,5.3691e+01,5.5019e+01,5.4794e+01,5.5666e+01,5.6130e+01,5.6273e+01,5.4487e+01,5.3980e+01,5.2952e+01,5.1936e+01,5.0994e+01,5.0134e+01,4.9461e+01,5.0402e+01,5.0743e+01,5.0730e+01,5.0791e+01,5.1300e+01,5.1580e+01,5.2904e+01,5.3987e+01,5.4537e+01,5.4319e+01,5.5534e+01,5.5066e+01,5.3681e+01,5.3053e+01,5.4160e+01,5.3779e+01,5.2495e+01,5.3837e+01,5.5525e+01,5.7374e+01,5.9478e+01,5.9628e+01,5.7738e+01,5.5766e+01,5.4610e+01,5.3198e+01,5.2877e+01,5.2098e+01,5.1658e+01,5.0659e+01,5.0188e+01,5.0057e+01,5.0429e+01,5.1346e+01,5.2281e+01,5.2385e+01,5.3087e+01,5.4085e+01,5.4835e+01,5.6387e+01,5.6675e+01,5.5163e+01,5.4361e+01,5.3155e+01,5.3226e+01,5.2648e+01,5.3331e+01,5.4708e+01,5.4422e+01,5.3617e+01,5.2838e+01,5.3726e+01,5.2759e+01,5.2660e+01,5.2016e+01,5.2858e+01,5.3584e+01,5.4577e+01,5.5246e+01,5.6715e+01,5.7334e+01,5.8874e+01,5.9816e+01,6.0997e+01,6.1144e+01,6.1906e+01,6.2911e+01,6.2849e+01,6.1557e+01,6.2798e+01,6.3007e+01,6.4977e+01,6.4599e+01,6.4213e+01,6.2400e+01,6.0856e+01,5.9960e+01,5.8656e+01,5.8311e+01,5.9583e+01,6.0127e+01,5.9273e+01,6.0423e+01,6.0566e+01,6.1557e+01,6.1647e+01,6.1410e+01,6.2992e+01,6.3867e+01,6.3824e+01,6.4612e+01,6.3371e+01,6.1628e+01,6.0180e+01,5.9451e+01,5.8043e+01,5.7237e+01,5.8033e+01,5.9168e+01,5.8843e+01,5.7916e+01,5.8795e+01,5.8946e+01,5.7988e+01,5.8681e+01,5.7786e+01,5.8293e+01,5.8550e+01,5.9437e+01,6.1092e+01,6.1718e+01,6.3763e+01,6.3760e+01,6.3560e+01,6.2029e+01,6.2574e+01,6.3138e+01,6.4983e+01,6.5405e+01,6.6881e+01,6.8718e+01,6.9877e+01,7.1280e+01,6.9970e+01,6.9780e+01,7.0551e+01,6.8659e+01,6.6854e+01,6.5910e+01,6.4237e+01,6.3163e+01,6.1591e+01,6.1682e+01,5.9810e+01,5.8570e+01,5.6861e+01,5.6213e+01,5.4905e+01,5.5378e+01,5.6150e+01,5.6484e+01,5.8051e+01,5.7905e+01,5.7263e+01,5.7317e+01,5.6843e+01,5.7114e+01,5.6858e+01,5.6508e+01
4.9857e+01,5.0539e+01,5.0551e+01,4.9178e+01,4.9298e+01,5.0610e+01,5.1210e+01,5.1489e+01,5.1530e+01,5.2632e+01,5.3728e+01,5.5105e+01,5.4806e+01,5.5823e+01,5.6281e+01,5.6603e+01,5.4754e+01,5.4110e+01,5.3188e+01,5.2262e+01,5.1502e+01,5.0378e+01,4.9268e+01,5.0011e+01,5.0051e+01,4.9869e+01,4.9698e+01,5.0168e+01,5.0288e+01,5.1613e+01,5.2636e+01,5.3253e+01,5.3152e+01,5.4479e+01,5.4134e+01,5.2831e+01,5.2135e+01,5.3249e+01,5.2838e+01,5.1517e+01,5.3003e+01,5.4886e+01,5.6683e+01,5.8830e+01,5.8824e+01,5.6828e+01,5.4849e+01,5.3515e+01,5.2079e+01,5.1889e+01,5.1128e+01,5.0439e+01,4.9474e+01,4.8947e+01,4.9041e+01,4.9330e+01,5.0118e+01,5.1141e+01,5.1396e+01,5.2225e+01,5.3299e+01,5.4204e+01,5.5797e+01,5.6252e+01,5.4765e+01,5.3940e+01,5.2558e+01,5.2615e+01,5.2131e+01,5.2771e+01,5.4303e+01,5.4096e+01,5.3429e+01,5.2557e+01,5.3399e+01,5.2252e+01,5.1918e+01,5.1089e+01,5.1789e+01,5.2516e+01,5.3448e+01,5.4156e+01,5.5622e+01,5.6213e+01,5.7768e+01,5.8678e+01,5.9944e+01,6.0190e+01,6.0953e+01,6.1911e+01,6.1861e+01,6.0628e+01,6.1933e+01,6.2237e+01,6.4217e+01,6.3864e+01,6.3448e+01,6.1657e+01,6.0019e+01,5.9087e+01,5.7689e+01,5.7375e+01,5.8720e+01,5.9387e+01,5.8620e+01,5.9832e+01,6.0033e+01,6.0934e+01,6.0998e+01,6.0640e+01,6.2170e+01,6.3008e+01,6.2873e+01,6.3600e+01,6.2311e+01,6.0544e+01,5.9124e+01,5.8349e+01,5.6870e+01,5.5995e+01,5.6738e+01,5.7861e+01,5.7509e+01,5.6616e+01,5.7511e+01,5.7734e+01,5.6840e+01,5.7642e+01,5.6846e+01,5.7498e+01,5.7858e+01,5.8895e+01,6.0593e+01,6.1357e+01,6.3431e+01,6.3321e+01,6.2988e+01,6.1345e+01,6.1861e+01,6.2327e+01,6.4163e+01,6.4586e+01,6.6044e+01,6.7950e+01,6.9125e+01,7.0488e+01,6.9103e+01,6.8879e+01,6.9597e+01,6.7671e+01,6.5846e+01,6.4886e+01,6.3221e+01,6.2173e+01,6.0604e+01,6.0797e+01,5.8902e+01,5.7544e+01,5.5793e+01,5.5174e+01,5.3752e+01,5.4120e+01,5.4861e+01,5.5138e+01,5.6704e+01,5.6621e+01,5.6010e+01,5.6153e+01,5.5727e+01,5.6122e+01,5.5983e+01,5.5730e+01
5.0513e+01,5.1418e+01,5.1592e+01,5.0305e+01,5.0311e+01,5.1575e+01,5.2005e+01,5.2285e+01,5.2518e+01,5.3703e+01,5.4757e+01,5.6172e+01,5.5862e+01,5.6959e+01,5.7415e+01,5.7809e+01,5.5939e+01,5.5219e+01,5.4327e+01,5.3463e+01,5.2749e+01,5.1594e+01,5.0339e+01,5.0921e+01,5.0707e+01,5.0343e+01,4.9852e+01,5.0103e+01,4.9920e+01,5.1150e+01,5.1985e+01,5.2560e+01,5.2548e+01,5.3897e+01,5.3559e+01,5.2382e+01,5.1500e+01,5.2409e+01,5.1838e+01,5.0451e+01,5.1893e+01,5.3831e+01,5.5581e+01,5.7738e+01,5.7683e+01,5.5677e+01,5.3703e+01,5.2366e+01,5.0925e+01,5.0780e+01,5.0205e+01,4.9540e+01,4.8943e+01,4.8720e+01,4.9261e+01,4.9488e+01,4.9963e+01,5.1100e+01,5.1597e+01,5.2518e+01,5.3667e+01,5.4690e+01,5.6296e+01,5.6895e+01,5.5477e+01,5.4679e+01,5.3181e+01,5.3235e+01,5.2846e+01,5.3408e+01,5.5051e+01,5.4931e+01,5.4362e+01,5.3390e+01,5.4130e+01,5.2809e+01,5.2285e+01,5.1316e+01,5.1798e+01,5.2406e+01,5.3155e+01,5.3772e+01,5.5147e+01,5.5585e+01,5.7067e+01,5.7865e+01,5.9143e+01,5.9463e+01,6.0306e+01,6.1278e+01,6.1331e+01,6.0152e+01,6.1431e+01,6.1848e+01,6.3794e+01,6.3384e+01,6.2869e+01,6.1105e+01,5.9403e+01,5.8556e+01,5.7156e+01,5.6986e+01,5.8426e+01,5.9152e+01,5.8520e+01,5.9839e+01,6.0166e+01,6.1022e+01,6.1143e+01,6.0698e+01,6.2167e+01,6.3013e+01,6.2767e+01,6.3454e+01,6.2081e+01,6.0335e+01,5.8937e+01,5.8034e+01,5.6510e+01,5.5500e+01,5.6186e+01,5.7194e+01,5.6728e+01,5.5813e+01,5.6599e+01,5.6814e+01,5.5988e+01,5.6824e+01,5.6077e+01,5.6839e+01,5.7166e+01,5.8334e+01,5.9967e+01,6.0762e+01,6.2794e+01,6.2567e+01,6.2179e+01,6.0472e+01,6.0899e+01,6.1342e+01,6.3177e+01,6.3655e+01,6.5127e+01,6.7054e+01,6.8277e+01,6.9593e+01,6.8177e+01,6.7994e+01,6.8663e+01,6.6711e+01,6.4918e+01,6.3907e+01,6.2283e+01,6.1206e+01,5.9683e+01,5.9891e+01,5.7989e+01,5.6609e+01,5.4879e+01,5.4192e+01,5.2799e+01,5.3119e+01,5.3924e+01,5.4262e+01,5.5769e+01,5.5587e+01,5.4897e+01,5.4996e+01,5.4603e+01,5.4998e+01,5.4816e+01,5.4626e+01
5.0771e+01,5.1630e+01,5.2108e+01,5.0764e+01,5.0368e+01,5.1521e+01,5.1686e+01,5.1821e+01,5.2284e+01,5.3654e+01,5.4740e+01,5.6115e+01,5.5689e+01,5.6870e+01,5.7282e+01,5.7841e+01,5.5963e+01,5.5113e+01,5.4352e+01,5.3627e+01,5.3125e+01,5.1862e+01,5.0303e+01,5.0593e+01,5.0076e+01,4.9506e+01,4.8776e+01,4.8943e+01,4.8623e+01,4.9851e+01,5.0690e+01,5.1361e+01,5.1462e+01,5.2944e+01,5.2792e+01,5.1710e+01,5.0893e+01,5.1931e+01,5.1497e+01,5.0239e+01,5.1950e+01,5.4086e+01,5.5736e+01,5.7884e+01,5.7601e+01,5.5455e+01,5.3522e+01,5.1907e+01,5.0554e+01,5.0786e+01,5.0351e+01,4.9161e+01,4.8680e+01,4.8119e+01,4.8808e+01,4.8662e+01,4.8895e+01,5.0020e+01,5.0617e+01,5.1692e+01,5.2824e+01,5.4013e+01,5.5602e+01,5.6361e+01,5.4978e+01,5.4126e+01,5.2496e+01,5.2493e+01,5.2195e+01,5.2690e+01,5.4443e+01,5.4395e+01,5.3967e+01,5.2929e+01,5.3598e+01,5.2147e+01,5.1400e+01,5.0283e+01,5.0609e+01,5.1225e+01,5.1946e+01,5.2645e+01,5.4053e+01,5.4530e+01,5.6066e+01,5.6887e+01,5.8266e+01,5.8669e+01,5.9457e+01,6.0359e+01,6.0370e+01,5.9237e+01,6.0604e+01,6.1076e+01,6.3044e+01,6.2704e+01,6.2214e+01,6.0476e+01,5.8700e+01,5.7758e+01,5.6244e+01,5.6041e+01,5.7523e+01,5.8370e+01,5.7789e+01,5.9120e+01,5.9459e+01,6.0226e+01,6.0302e+01,5.9762e+01,6.1187e+01,6.1989e+01,6.1685e+01,6.2323e+01,6.0932e+01,5.9163e+01,5.7791e+01,5.6874e+01,5.5298e+01,5.4256e+01,5.4906e+01,5.5945e+01,5.5505e+01,5.4636e+01,5.5517e+01,5.5829e+01,5.5038e+01,5.5999e+01,5.5372e+01,5.6261e+01,5.6767e+01,5.8040e+01,5.9762e+01,6.0732e+01,6.2817e+01,6.2539e+01,6.1998e+01,6.0201e+01,6.0667e+01,6.0972e+01,6.2777e+01,6.3193e+01,6.4618e+01,6.6615e+01,6.7813e+01,6.9111e+01,6.7622e+01,6.7363e+01,6.7995e+01,6.6019e+01,6.4183e+01,6.3193e+01,6.1555e+01,6.0543e+01,5.8996e+01,5.9341e+01,5.7426e+01,5.5897e+01,5.4112e+01,5.3556e+01,5.1983e+01,5.2203e+01,5.2885e+01,5.3104e+01,5.4641e+01,5.4582e+01,5.3999e+01,5.4230e+01,5.3880e+01,5.4424e+01,5.4434e+01,5.4317e+01
5.1531e+01,5.2186e+01,5.2735e+01,5.1289e+01,5.0648e+01,5.1731e+01,5.1772e+01,5.1658e+01,5.2142e+01,5.3684e+01,5.4908e+01,5.6168e+01,5.5565e+01,5.6675e+01,5.6945e+01,5.7559e+01,5.5727e+01,5.4713e+01,5.4010e+01,5.3471e+01,5.3142e+01,5.1978e+01,5.0231e+01,5.0363e+01,4.9766e+01,4.8917e+01,4.8042e+01,4.7961e+01,4.7819e+01,4.9014e+01,5.0039e+01,5.0617e+01,5.0585e+01,5.2054e+01,5.1961e+01,5.0856e+01,5.0248e+01,5.1543e+01,5.1439e+01,5.0501e+01,5.2427e+01,5.4575e+01,5.6208e+01,5.8284e+01,5.7875e+01,5.5662e+01,5.3800e+01,5.2100e+01,5.1005e+01,5.1590e+01,5.1374e+01,4.9984e+01,4.9568e+01,4.8650e+01,4.9213e+01,4.8674e+01,4.8840e+01,4.9867e+01,5.0388e+01,5.1659e+01,5.2685e+01,5.4012e+01,5.5559e+01,5.6382e+01,5.4952e+01,5.3950e+01,5.2244e+01,5.2054e+01,5.1653e+01,5.1987e+01,5.3752e+01,5.3836e+01,5.3439e+01,5.2277e+01,5.2809e+01,5.1266e+01,5.0467e+01,4.9367e+01,4.9680e+01,5.0206e+01,5.0935e+01,5.1626e+01,5.3091e+01,5.3665e+01,5.5271e+01,5.6205e+01,5.7583e+01,5.7938e+01,5.8649e+01,5.9532e+01,5.9474e+01,5.8306e+01,5.9708e+01,6.0135e+01,6.2132e+01,6.1846e+01,6.1426e+01,5.9679e+01,5.7917e+01,5.6881e+01,5.5335e+01,5.5046e+01,5.6501e+01,5.7359e+01,5.6756e+01,5.8068e+01,5.8403e+01,5.9155e+01,5.9239e+01,5.8703e+01,6.0140e+01,6.0970e+01,6.0688e+01,6.1370e+01,5.9983e+01,5.8230e+01,5.6809e+01,5.5908e+01,5.4379e+01,5.3412e+01,5.4170e+01,5.5268e+01,5.4947e+01,5.4031e+01,5.5029e+01,5.5302e+01,5.4411e+01,5.5351e+01,5.4728e+01,5.5586e+01,5.6219e+01,5.7460e+01,5.9281e+01,6.0361e+01,6.2511e+01,6.2290e+01,6.1686e+01,5.9897e+01,6.0490e+01,6.0725e+01,6.2510e+01,6.2820e+01,6.4206e+01,6.6215e+01,6.7352e+01,6.8693e+01,6.7204e+01,6.6872e+01,6.7544e+01,6.5587e+01,6.3697e+01,6.2776e+01,6.1079e+01,6.0125e+01,5.8509e+01,5.8891e+01,5.6984e+01,5.5419e+01,5.3612e+01,5.3231e+01,5.1600e+01,5.1931e+01,5.2452e+01,5.2649e+01,5.4256e+01,5.4311e+01,5.3916e+01,5.4194e+01,5.3721e+01,5.4257e+01,5.4442e+01,5.4241e+01
