9.3537e+01,9.3574e+01,9.3865e+01,9.4234e+01,9.4643e+01,9.5251e+01,9.5420e+01,9.6032e+01,9.5602e+01,9.4935e+01,9.4546e+01,9.3885e+01,9.3632e+01,9.3672e+01,9.3276e+01,9.2636e+01,9.2161e+01,9.2237e+01,9.2089e+01,9.1962e+01,9.2201e+01,9.2360e+01,9.2617e+01,9.2377e+01,9.2540e+01,9.2709e+01,9.3010e+01,9.3243e+01,9.3167e+01,9.3135e+01,9.3097e+01,9.3407e+01,9.3702e+01,9.3721e+01,9.4312e+01,9.3862e+01,9.3938e+01,9.4822e+01,9.5774e+01,9.6876e+01,9.7860e+01,9.8718e+01,9.9844e+01,9.9601e+01,9.9496e+01,9.9794e+01,9.9482e+01,1.0008e+02,9.9635e+01,9.8469e+01,9.7485e+01,9.6933e+01,9.5611e+01,9.5227e+01,9.3737e+01,9.2504e+01,9.1695e+01,9.0976e+01,9.0014e+01,8.9645e+01,8.8960e+01,8.8270e+01,8.8225e+01,8.7741e+01,8.7398e+01,8.7411e+01,8.7754e+01,8.8104e+01,8.7648e+01,8.7918e+01,8.8689e+01,8.8899e+01,8.9374e+01,8.9894e+01,9.0249e+01,9.0618e+01,9.0573e+01,9.0797e+01,9.1905e+01,9.2845e+01,9.3874e+01,9.4389e+01,9.5620e+01,9.6325e+01,9.5528e+01,9.6283e+01,9.7525e+01,9.8697e+01,9.9673e+01,1.0056e+02,9.9738e+01,9.9291e+01,9.9950e+01,9.9403e+01,1.0069e+02,1.0086e+02,1.0058e+02,1.0208e+02,1.0322e+02,1.0370e+02,1.0573e+02,1.0685e+02,1.0842e+02,1.0927e+02,1.0945e+02,1.0968e+02,1.1000e+02,1.1078e+02,1.1119e+02,1.1203e+02,1.1292e+02,1.1379e+02,1.1463e+02,1.1519e+02,1.1563e+02,1.1630e+02,1.1719e+02,1.1800e+02,1.1882e+02,1.1973e+02,1.2071e+02,1.2169e+02,1.2259e+02,1.2373e+02,1.2444e+02,1.2521e+02,1.2613e+02,1.2665e+02,1.2725e+02,1.2714e+02,1.2684e+02
9.3266e+01,9.3303e+01,9.3596e+01,9.3969e+01,9.4379e+01,9.4990e+01,9.5162e+01,9.5777e+01,9.5346e+01,9.4678e+01,9.4288e+01,9.3625e+01,9.3374e+01,9.3415e+01,9.3015e+01,9.2369e+01,9.1892e+01,9.1969e+01,9.1823e+01,9.1695e+01,9.1933e+01,9.2090e+01,9.2350e+01,9.2106e+01,9.2268e+01,9.2436e+01,9.2734e+01,9.2970e+01,9.2894e+01,9.2860e+01,9.2823e+01,9.3136e+01,9.3432e+01,9.3454e+01,9.4047e+01,9.3596e+01,9.3670e+01,9.4555e+01,9.5508e+01,9.6612e+01,9.7599e+01,9.8458e+01,9.9587e+01,9.9344e+01,9.9239e+01,9.9539e+01,9.9226e+01,9.9821e+01,9.9380e+01,9.8210e+01,9.7224e+01,9.6674e+01,9.5347e+01,9.4963e+01,9.3469e+01,9.2233e+01,9.1422e+01,9.0700e+01,8.9734e+01,8.9363e+01,8.8676e+01,8.7982e+01,8.7937e+01,8.7452e+01,8.7104e+01,8.7118e+01,8.7458e+01,8.7809e+01,8.7353e+01,8.7626e+01,8.8398e+01,8.8612e+01,8.9089e+01,8.9612e+01,8.9968e+01,9.0336e+01,9.0293e+01,9.0515e+01,9.1625e+01,9.2564e+01,9.3594e+01,9.4106e+01,9.5338e+01,9.6042e+01,9.5242e+01,9.5996e+01,9.7237e+01,9.8409e+01,9.9387e+01,1.0027e+02,9.9452e+01,9.9005e+01,9.9666e+01,9.9122e+01,1.0041e+02,1.0058e+02,1.0030e+02,1.0181e+02,1.0295e+02,1.0344e+02,1.0548e+02,1.0660e+02,1.0817e+02,1.0903e+02,1.0921e+02,1.0944e+02,1.0977e+02,1.1054e+02,1.1097e+02,1.1181e+02,1.1271e+02,1.1358e+02,1.1442e+02,1.1499e+02,1.1543e+02,1.1610e+02,1.1699e+02,1.1781e+02,1.1862e+02,1.1954e+02,1.2052e+02,1.2150e+02,1.2240e+02,1.2354e+02,1.2426e+02,1.2503e+02,1.2595e+02,1.2647e+02,1.2707e+02,1.2695e+02,1.2666e+02
9.3050e+01,9.3085e+01,9.3379e+01,9.3753e+01,9.4163e+01,9.4776e+01,9.4949e+01,9.5568e+01,9.5138e+01,9.4468e+01,9.4077e+01,9.3414e+01,9.3163e+01,9.3205e+01,9.2802e+01,9.2152e+01,9.1674e+01,9.1752e+01,9.1605e+01,9.1476e+01,9.1714e+01,9.1871e+01,9.2133e+01,9.1888e+01,9.2049e+01,9.2217e+01,9.2515e+01,9.2753e+01,9.2680e+01,9.2647e+01,9.2612e+01,9.2927e+01,9.3224e+01,9.3247e+01,9.3840e+01,9.3388e+01,9.3463e+01,9.4350e+01,9.5303e+01,9.6409e+01,9.7397e+01,9.8258e+01,9.9388e+01,9.9144e+01,9.9039e+01,9.9338e+01,9.9024e+01,9.9619e+01,9.9178e+01,9.8006e+01,9.7021e+01,9.6471e+01,9.5142e+01,9.4758e+01,9.3262e+01,9.2022e+01,9.1209e+01,9.0486e+01,8.9518e+01,8.9146e+01,8.8456e+01,8.7761e+01,8.7715e+01,8.7229e+01,8.6880e+01,8.6892e+01,8.7231e+01,8.7581e+01,8.7124e+01,8.7396e+01,8.8168e+01,8.8382e+01,8.8857e+01,8.9380e+01,8.9736e+01,9.0103e+01,9.0059e+01,9.0281e+01,9.1391e+01,9.2328e+01,9.3358e+01,9.3871e+01,9.5102e+01,9.5806e+01,9.5007e+01,9.5762e+01,9.7005e+01,9.8176e+01,9.9155e+01,1.0004e+02,9.9222e+01,9.8774e+01,9.9435e+01,9.8891e+01,1.0018e+02,1.0035e+02,1.0008e+02,1.0159e+02,1.0273e+02,1.0323e+02,1.0527e+02,1.0640e+02,1.0797e+02,1.0883e+02,1.0902e+02,1.0925e+02,1.0958e+02,1.1036e+02,1.1079e+02,1.1163e+02,1.1253e+02,1.1341e+02,1.1425e+02,1.1482e+02,1.1527e+02,1.1594e+02,1.1684e+02,1.1765e+02,1.1847e+02,1.1938e+02,1.2038e+02,1.2135e+02,1.2226e+02,1.2340e+02,1.2412e+02,1.2489e+02,1.2581e+02,1.2633e+02,1.2694e+02,1.2682e+02,1.2652e+02
9.2748e+01,9.2785e+01,9.3081e+01,9.3456e+01,9.3868e+01,9.4483e+01,9.4657e+01,9.5278e+01,9.4846e+01,9.4175e+01,9.3782e+01,9.3119e+01,9.2868e+01,9.2911e+01,9.2506e+01,9.1852e+01,9.1371e+01,9.1451e+01,9.1304e+01,9.1175e+01,9.1413e+01,9.1571e+01,9.1835e+01,9.1587e+01,9.1749e+01,9.1917e+01,9.2215e+01,9.2455e+01,9.2382e+01,9.2347e+01,9.2314e+01,9.2630e+01,9.2928e+01,9.2952e+01,9.3549e+01,9.3096e+01,9.3171e+01,9.4059e+01,9.5015e+01,9.6124e+01,9.7114e+01,9.7978e+01,9.9112e+01,9.8868e+01,9.8763e+01,9.9063e+01,9.8747e+01,9.9342e+01,9.8899e+01,9.7721e+01,9.6733e+01,9.6181e+01,9.4847e+01,9.4462e+01,9.2961e+01,9.1718e+01,9.0903e+01,9.0177e+01,8.9206e+01,8.8832e+01,8.8140e+01,8.7441e+01,8.7395e+01,8.6908e+01,8.6556e+01,8.6569e+01,8.6909e+01,8.7260e+01,8.6803e+01,8.7078e+01,8.7851e+01,8.8068e+01,8.8545e+01,8.9071e+01,8.9430e+01,8.9797e+01,8.9755e+01,8.9977e+01,9.1089e+01,9.2028e+01,9.3059e+01,9.3571e+01,9.4805e+01,9.5510e+01,9.4707e+01,9.5463e+01,9.6705e+01,9.7879e+01,9.8861e+01,9.9748e+01,9.8929e+01,9.8485e+01,9.9151e+01,9.8610e+01,9.9898e+01,1.0007e+02,9.9804e+01,1.0132e+02,1.0246e+02,1.0296e+02,1.0501e+02,1.0613e+02,1.0770e+02,1.0857e+02,1.0876e+02,1.0899e+02,1.0933e+02,1.1010e+02,1.1054e+02,1.1139e+02,1.1229e+02,1.1317e+02,1.1402e+02,1.1459e+02,1.1504e+02,1.1571e+02,1.1661e+02,1.1743e+02,1.1825e+02,1.1917e+02,1.2016e+02,1.2114e+02,1.2205e+02,1.2320e+02,1.2391e+02,1.2468e+02,1.2561e+02,1.2613e+02,1.2674e+02,1.2662e+02,1.2632e+02
9.2519e+01,9.2558e+01,9.2857e+01,9.3236e+01,9.3648e+01,9.4264e+01,9.4441e+01,9.5064e+01,9.4631e+01,9.3956e+01,9.3562e+01,9.2897e+01,9.2648e+01,9.2693e+01,9.2286e+01,9.1628e+01,9.1145e+01,9.1225e+01,9.1077e+01,9.0950e+01,9.1190e+01,9.1348e+01,9.1613e+01,9.1365e+01,9.1528e+01,9.1696e+01,9.1994e+01,9.2233e+01,9.2158e+01,9.2125e+01,9.2091e+01,9.2407e+01,9.2706e+01,9.2731e+01,9.3333e+01,9.2880e+01,9.2954e+01,9.3844e+01,9.4804e+01,9.5919e+01,9.6912e+01,9.7779e+01,9.8917e+01,9.8671e+01,9.8567e+01,9.8868e+01,9.8550e+01,9.9146e+01,9.8701e+01,9.7518e+01,9.6528e+01,9.5974e+01,9.4635e+01,9.4248e+01,9.2743e+01,9.1493e+01,9.0674e+01,8.9944e+01,8.8969e+01,8.8593e+01,8.7899e+01,8.7196e+01,8.7150e+01,8.6661e+01,8.6304e+01,8.6318e+01,8.6658e+01,8.7012e+01,8.6551e+01,8.6829e+01,8.7607e+01,8.7827e+01,8.8307e+01,8.8837e+01,8.9197e+01,8.9564e+01,8.9521e+01,8.9742e+01,9.0860e+01,9.1802e+01,9.2839e+01,9.3352e+01,9.4592e+01,9.5299e+01,9.4492e+01,9.5249e+01,9.6494e+01,9.7671e+01,9.8659e+01,9.9548e+01,9.8725e+01,9.8278e+01,9.8948e+01,9.8405e+01,9.9697e+01,9.9870e+01,9.9597e+01,1.0112e+02,1.0225e+02,1.0275e+02,1.0480e+02,1.0592e+02,1.0749e+02,1.0835e+02,1.0855e+02,1.0877e+02,1.0910e+02,1.0988e+02,1.1032e+02,1.1117e+02,1.1207e+02,1.1296e+02,1.1381e+02,1.1438e+02,1.1483e+02,1.1551e+02,1.1641e+02,1.1723e+02,1.1806e+02,1.1898e+02,1.1997e+02,1.2095e+02,1.2187e+02,1.2301e+02,1.2373e+02,1.2450e+02,1.2543e+02,1.2596e+02,1.2656e+02,1.2645e+02,1.2615e+02
9.2385e+01,9.2427e+01,9.2729e+01,9.3107e+01,9.3521e+01,9.4138e+01,9.4314e+01,9.4938e+01,9.4505e+01,9.3829e+01,9.3433e+01,9.2768e+01,9.2518e+01,9.2563e+01,9.2155e+01,9.1495e+01,9.1009e+01,9.1087e+01,9.0936e+01,9.0807e+01,9.1046e+01,9.1205e+01,9.1470e+01,9.1221e+01,9.1383e+01,9.1549e+01,9.1846e+01,9.2083e+01,9.2007e+01,9.1973e+01,9.1940e+01,9.2255e+01,9.2552e+01,9.2577e+01,9.3178e+01,9.2725e+01,9.2799e+01,9.3689e+01,9.4649e+01,9.5764e+01,9.6758e+01,9.7624e+01,9.8764e+01,9.8517e+01,9.8414e+01,9.8717e+01,9.8400e+01,9.8997e+01,9.8551e+01,9.7366e+01,9.6375e+01,9.5824e+01,9.4484e+01,9.4099e+01,9.2592e+01,9.1342e+01,9.0521e+01,8.9792e+01,8.8819e+01,8.8444e+01,8.7750e+01,8.7049e+01,8.7005e+01,8.6517e+01,8.6160e+01,8.6177e+01,8.6518e+01,8.6875e+01,8.6416e+01,8.6696e+01,8.7476e+01,8.7696e+01,8.8179e+01,8.8710e+01,8.9073e+01,8.9442e+01,8.9402e+01,8.9624e+01,9.0745e+01,9.1689e+01,9.2725e+01,9.3240e+01,9.4483e+01,9.5192e+01,9.4381e+01,9.5141e+01,9.6385e+01,9.7565e+01,9.8557e+01,9.9450e+01,9.8625e+01,9.8184e+01,9.8859e+01,9.8319e+01,9.9614e+01,9.9791e+01,9.9521e+01,1.0104e+02,1.0218e+02,1.0267e+02,1.0472e+02,1.0584e+02,1.0740e+02,1.0827e+02,1.0847e+02,1.0870e+02,1.0903e+02,1.0980e+02,1.1024e+02,1.1110e+02,1.1200e+02,1.1289e+02,1.1374e+02,1.1432e+02,1.1477e+02,1.1545e+02,1.1636e+02,1.1717e+02,1.1800e+02,1.1892e+02,1.1992e+02,1.2090e+02,1.2181e+02,1.2296e+02,1.2368e+02,1.2445e+02,1.2538e+02,1.2590e+02,1.2651e+02,1.2639e+02,1.2610e+02
9.2117e+01,9.2158e+01,9.2461e+01,9.2839e+01,9.3252e+01,9.3869e+01,9.4046e+01,9.4672e+01,9.4240e+01,9.3562e+01,9.3164e+01,9.2499e+01,9.2249e+01,9.2296e+01,9.1889e+01,9.1229e+01,9.0743e+01,9.0821e+01,9.0673e+01,9.0547e+01,9.0787e+01,9.0945e+01,9.1210e+01,9.0962e+01,9.1127e+01,9.1294e+01,9.1594e+01,9.1832e+01,9.1758e+01,9.1725e+01,9.1694e+01,9.2010e+01,9.2309e+01,9.2334e+01,9.2935e+01,9.2482e+01,9.2555e+01,9.3446e+01,9.4409e+01,9.5530e+01,9.6526e+01,9.7394e+01,9.8538e+01,9.8290e+01,9.8185e+01,9.8488e+01,9.8168e+01,9.8763e+01,9.8315e+01,9.7128e+01,9.6134e+01,9.5579e+01,9.4235e+01,9.3848e+01,9.2338e+01,9.1085e+01,9.0264e+01,8.9533e+01,8.8558e+01,8.8182e+01,8.7489e+01,8.6786e+01,8.6742e+01,8.6254e+01,8.5897e+01,8.5914e+01,8.6254e+01,8.6611e+01,8.6154e+01,8.6435e+01,8.7215e+01,8.7437e+01,8.7921e+01,8.8454e+01,8.8820e+01,8.9189e+01,8.9152e+01,8.9375e+01,9.0496e+01,9.1439e+01,9.2475e+01,9.2988e+01,9.4233e+01,9.4941e+01,9.4129e+01,9.4888e+01,9.6134e+01,9.7317e+01,9.8309e+01,9.9204e+01,9.8378e+01,9.7936e+01,9.8614e+01,9.8072e+01,9.9370e+01,9.9548e+01,9.9280e+01,1.0080e+02,1.0194e+02,1.0244e+02,1.0449e+02,1.0561e+02,1.0718e+02,1.0805e+02,1.0826e+02,1.0848e+02,1.0882e+02,1.0960e+02,1.1004e+02,1.1091e+02,1.1182e+02,1.1271e+02,1.1357e+02,1.1414e+02,1.1460e+02,1.1528e+02,1.1619e+02,1.1701e+02,1.1784e+02,1.1876e+02,1.1976e+02,1.2074e+02,1.2166e+02,1.2281e+02,1.2353e+02,1.2430e+02,1.2523e+02,1.2576e+02,1.2636e+02,1.2624e+02,1.2595e+02
9.1857e+01,9.1897e+01,9.2199e+01,9.2576e+01,9.2990e+01,9.3607e+01,9.3784e+01,9.4410e+01,9.3979e+01,9.3300e+01,9.2903e+01,9.2237e+01,9.1989e+01,9.2036e+01,9.1629e+01,9.0969e+01,9.0483e+01,9.0562e+01,9.0415e+01,9.0291e+01,9.0530e+01,9.0688e+01,9.0953e+01,9.0706e+01,9.0869e+01,9.1036e+01,9.1336e+01,9.1574e+01,9.1499e+01,9.1466e+01,9.1434e+01,9.1750e+01,9.2048e+01,9.2073e+01,9.2675e+01,9.2221e+01,9.2292e+01,9.3184e+01,9.4149e+01,9.5271e+01,9.6270e+01,9.7139e+01,9.8286e+01,9.8038e+01,9.7935e+01,9.8240e+01,9.7922e+01,9.8520e+01,9.8071e+01,9.6882e+01,9.5887e+01,9.5330e+01,9.3982e+01,9.3596e+01,9.2083e+01,9.0827e+01,9.0005e+01,8.9272e+01,8.8294e+01,8.7916e+01,8.7222e+01,8.6518e+01,8.6473e+01,8.5985e+01,8.5626e+01,8.5644e+01,8.5985e+01,8.6343e+01,8.5886e+01,8.6169e+01,8.6950e+01,8.7173e+01,8.7659e+01,8.8192e+01,8.8560e+01,8.8930e+01,8.8895e+01,8.9119e+01,9.0240e+01,9.1182e+01,9.2217e+01,9.2728e+01,9.3973e+01,9.4679e+01,9.3866e+01,9.4624e+01,9.5869e+01,9.7052e+01,9.8045e+01,9.8941e+01,9.8116e+01,9.7676e+01,9.8355e+01,9.7811e+01,9.9110e+01,9.9291e+01,9.9023e+01,1.0054e+02,1.0168e+02,1.0218e+02,1.0423e+02,1.0535e+02,1.0692e+02,1.0779e+02,1.0800e+02,1.0823e+02,1.0857e+02,1.0935e+02,1.0981e+02,1.1067e+02,1.1158e+02,1.1248e+02,1.1334e+02,1.1391e+02,1.1437e+02,1.1504e+02,1.1596e+02,1.1678e+02,1.1761e+02,1.1853e+02,1.1953e+02,1.2051e+02,1.2143e+02,1.2258e+02,1.2330e+02,1.2407e+02,1.2500e+02,1.2553e+02,1.2613e+02,1.2601e+02,1.2572e+02
9.1634e+01,9.1674e+01,9.1975e+01,9.2351e+01,9.2765e+01,9.3382e+01,9.3558e+01,9.4184e+01,9.3752e+01,9.3074e+01,9.2676e+01,9.2011e+01,9.1762e+01,9.1811e+01,9.1401e+01,9.0741e+01,9.0256e+01,9.0335e+01,9.0188e+01,9.0063e+01,9.0301e+01,9.0461e+01,9.0725e+01,9.0479e+01,9.0643e+01,9.0811e+01,9.1113e+01,9.1351e+01,9.1275e+01,9.1242e+01,9.1211e+01,9.1527e+01,9.1826e+01,9.1852e+01,9.2456e+01,9.2002e+01,9.2075e+01,9.2968e+01,9.3933e+01,9.5057e+01,9.6056e+01,9.6925e+01,9.8072e+01,9.7824e+01,9.7721e+01,9.8027e+01,9.7708e+01,9.8307e+01,9.7856e+01,9.6666e+01,9.5669e+01,9.5110e+01,9.3760e+01,9.3372e+01,9.1857e+01,9.0600e+01,8.9778e+01,8.9044e+01,8.8064e+01,8.7688e+01,8.6993e+01,8.6288e+01,8.6246e+01,8.5758e+01,8.5400e+01,8.5419e+01,8.5763e+01,8.6122e+01,8.5667e+01,8.5951e+01,8.6731e+01,8.6953e+01,8.7440e+01,8.7972e+01,8.8341e+01,8.8713e+01,8.8680e+01,8.8906e+01,9.0026e+01,9.0969e+01,9.2000e+01,9.2513e+01,9.3757e+01,9.4464e+01,9.3652e+01,9.4413e+01,9.5659e+01,9.6846e+01,9.7838e+01,9.8739e+01,9.7916e+01,9.7478e+01,9.8160e+01,9.7613e+01,9.8913e+01,9.9099e+01,9.8830e+01,1.0035e+02,1.0148e+02,1.0198e+02,1.0403e+02,1.0514e+02,1.0671e+02,1.0758e+02,1.0780e+02,1.0802e+02,1.0837e+02,1.0914e+02,1.0960e+02,1.1047e+02,1.1139e+02,1.1228e+02,1.1314e+02,1.1372e+02,1.1417e+02,1.1485e+02,1.1576e+02,1.1658e+02,1.1741e+02,1.1834e+02,1.1934e+02,1.2032e+02,1.2124e+02,1.2239e+02,1.2311e+02,1.2388e+02,1.2481e+02,1.2534e+02,1.2594e+02,1.2582e+02,1.2553e+02
9.1480e+01,9.1520e+01,9.1819e+01,9.2195e+01,9.2608e+01,9.3225e+01,9.3402e+01,9.4028e+01,9.3597e+01,9.2919e+01,9.2521e+01,9.1857e+01,9.1609e+01,9.1661e+01,9.1252e+01,9.0591e+01,9.0104e+01,9.0182e+01,9.0033e+01,8.9906e+01,9.0143e+01,9.0305e+01,9.0570e+01,9.0325e+01,9.0488e+01,9.0659e+01,9.0962e+01,9.1201e+01,9.1122e+01,9.1089e+01,9.1055e+01,9.1369e+01,9.1668e+01,9.1691e+01,9.2296e+01,9.1840e+01,9.1916e+01,9.2811e+01,9.3775e+01,9.4899e+01,9.5901e+01,9.6773e+01,9.7922e+01,9.7674e+01,9.7572e+01,9.7879e+01,9.7561e+01,9.8161e+01,9.7708e+01,9.6515e+01,9.5517e+01,9.4957e+01,9.3603e+01,9.3214e+01,9.1699e+01,9.0440e+01,8.9617e+01,8.8881e+01,8.7898e+01,8.7520e+01,8.6824e+01,8.6119e+01,8.6078e+01,8.5591e+01,8.5232e+01,8.5253e+01,8.5599e+01,8.5960e+01,8.5506e+01,8.5790e+01,8.6572e+01,8.6794e+01,8.7282e+01,8.7814e+01,8.8184e+01,8.8558e+01,8.8525e+01,8.8753e+01,8.9875e+01,9.0819e+01,9.1852e+01,9.2367e+01,9.3613e+01,9.4322e+01,9.3509e+01,9.4273e+01,9.5520e+01,9.6709e+01,9.7704e+01,9.8606e+01,9.7781e+01,9.7345e+01,9.8028e+01,9.7482e+01,9.8784e+01,9.8970e+01,9.8697e+01,1.0021e+02,1.0135e+02,1.0185e+02,1.0389e+02,1.0501e+02,1.0657e+02,1.0744e+02,1.0766e+02,1.0787e+02,1.0822e+02,1.0899e+02,1.0945e+02,1.1032e+02,1.1124e+02,1.1213e+02,1.1299e+02,1.1357e+02,1.1402e+02,1.1469e+02,1.1560e+02,1.1642e+02,1.1725e+02,1.1817e+02,1.1917e+02,1.2015e+02,1.2107e+02,1.2222e+02,1.2293e+02,1.2371e+02,1.2464e+02,1.2517e+02,1.2577e+02,1.2565e+02,1.2536e+02
9.1237e+01,9.1275e+01,9.1574e+01,9.1951e+01,9.2369e+01,9.2987e+01,9.3165e+01,9.3793e+01,9.3361e+01,9.2682e+01,9.2283e+01,9.1617e+01,9.1368e+01,9.1420e+01,9.1011e+01,9.0350e+01,8.9862e+01,8.9941e+01,8.9792e+01,8.9667e+01,8.9906e+01,9.0067e+01,9.0333e+01,9.0086e+01,9.0250e+01,9.0422e+01,9.0727e+01,9.0967e+01,9.0889e+01,9.0857e+01,9.0826e+01,9.1143e+01,9.1443e+01,9.1467e+01,9.2076e+01,9.1618e+01,9.1694e+01,9.2592e+01,9.3560e+01,9.4685e+01,9.5690e+01,9.6565e+01,9.7718e+01,9.7470e+01,9.7370e+01,9.7679e+01,9.7363e+01,9.7965e+01,9.7511e+01,9.6316e+01,9.5315e+01,9.4753e+01,9.3394e+01,9.3003e+01,9.1482e+01,9.0218e+01,8.9394e+01,8.8653e+01,8.7666e+01,8.7284e+01,8.6585e+01,8.5876e+01,8.5833e+01,8.5343e+01,8.4982e+01,8.5000e+01,8.5346e+01,8.5706e+01,8.5249e+01,8.5532e+01,8.6316e+01,8.6538e+01,8.7025e+01,8.7559e+01,8.7927e+01,8.8299e+01,8.8264e+01,8.8491e+01,8.9613e+01,9.0556e+01,9.1589e+01,9.2101e+01,9.3344e+01,9.4050e+01,9.3239e+01,9.4001e+01,9.5250e+01,9.6437e+01,9.7427e+01,9.8331e+01,9.7509e+01,9.7072e+01,9.7754e+01,9.7202e+01,9.8503e+01,9.8691e+01,9.8416e+01,9.9930e+01,1.0107e+02,1.0157e+02,1.0361e+02,1.0472e+02,1.0629e+02,1.0715e+02,1.0737e+02,1.0759e+02,1.0794e+02,1.0872e+02,1.0918e+02,1.1005e+02,1.1097e+02,1.1187e+02,1.1273e+02,1.1330e+02,1.1376e+02,1.1442e+02,1.1534e+02,1.1616e+02,1.1699e+02,1.1791e+02,1.1891e+02,1.1989e+02,1.2081e+02,1.2196e+02,1.2268e+02,1.2346e+02,1.2439e+02,1.2491e+02,1.2552e+02,1.2540e+02,1.2510e+02
9.0957e+01,9.0992e+01,9.1290e+01,9.1669e+01,9.2091e+01,9.2712e+01,9.2892e+01,9.3523e+01,9.3092e+01,9.2412e+01,9.2010e+01,9.1343e+01,9.1094e+01,9.1149e+01,9.0741e+01,9.0079e+01,8.9589e+01,8.9665e+01,8.9517e+01,8.9393e+01,8.9633e+01,8.9794e+01,9.0062e+01,8.9813e+01,8.9975e+01,9.0147e+01,9.0452e+01,9.0690e+01,9.0614e+01,9.0583e+01,9.0555e+01,9.0873e+01,9.1174e+01,9.1197e+01,9.1804e+01,9.1344e+01,9.1419e+01,9.2321e+01,9.3293e+01,9.4421e+01,9.5429e+01,9.6308e+01,9.7466e+01,9.7219e+01,9.7122e+01,9.7434e+01,9.7118e+01,9.7722e+01,9.7267e+01,9.6069e+01,9.5064e+01,9.4501e+01,9.3136e+01,9.2747e+01,9.1219e+01,8.9952e+01,8.9120e+01,8.8378e+01,8.7386e+01,8.7003e+01,8.6298e+01,8.5586e+01,8.5540e+01,8.5045e+01,8.4681e+01,8.4696e+01,8.5039e+01,8.5398e+01,8.4937e+01,8.5219e+01,8.6004e+01,8.6227e+01,8.6712e+01,8.7248e+01,8.7614e+01,8.7984e+01,8.7948e+01,8.8172e+01,8.9295e+01,9.0237e+01,9.1272e+01,9.1782e+01,9.3023e+01,9.3727e+01,9.2916e+01,9.3675e+01,9.4924e+01,9.6107e+01,9.7094e+01,9.7996e+01,9.7176e+01,9.6738e+01,9.7418e+01,9.6865e+01,9.8163e+01,9.8352e+01,9.8078e+01,9.9592e+01,1.0074e+02,1.0124e+02,1.0328e+02,1.0440e+02,1.0597e+02,1.0684e+02,1.0706e+02,1.0728e+02,1.0764e+02,1.0843e+02,1.0889e+02,1.0977e+02,1.1069e+02,1.1159e+02,1.1246e+02,1.1303e+02,1.1348e+02,1.1415e+02,1.1506e+02,1.1589e+02,1.1672e+02,1.1765e+02,1.1864e+02,1.1962e+02,1.2054e+02,1.2170e+02,1.2242e+02,1.2320e+02,1.2413e+02,1.2466e+02,1.2526e+02,1.2514e+02,1.2484e+02
9.0672e+01,9.0703e+01,9.0999e+01,9.1381e+01,9.1804e+01,9.2427e+01,9.2610e+01,9.3242e+01,9.2812e+01,9.2132e+01,9.1730e+01,9.1060e+01,9.0811e+01,9.0867e+01,9.0461e+01,8.9796e+01,8.9305e+01,8.9381e+01,8.9233e+01,8.9110e+01,8.9352e+01,8.9513e+01,8.9782e+01,8.9531e+01,8.9694e+01,8.9867e+01,9.0172e+01,9.0411e+01,9.0335e+01,9.0304e+01,9.0276e+01,9.0596e+01,9.0897e+01,9.0920e+01,9.1529e+01,9.1065e+01,9.1140e+01,9.2044e+01,9.3019e+01,9.4147e+01,9.5158e+01,9.6040e+01,9.7201e+01,9.6957e+01,9.6863e+01,9.7176e+01,9.6862e+01,9.7467e+01,9.7014e+01,9.5813e+01,9.4809e+01,9.4247e+01,9.2879e+01,9.2492e+01,9.0961e+01,8.9688e+01,8.8852e+01,8.8105e+01,8.7110e+01,8.6723e+01,8.6014e+01,8.5298e+01,8.5249e+01,8.4751e+01,8.4384e+01,8.4396e+01,8.4737e+01,8.5093e+01,8.4631e+01,8.4913e+01,8.5698e+01,8.5922e+01,8.6406e+01,8.6942e+01,8.7308e+01,8.7678e+01,8.7640e+01,8.7865e+01,8.8989e+01,8.9933e+01,9.0968e+01,9.1479e+01,9.2722e+01,9.3426e+01,9.2613e+01,9.3373e+01,9.4621e+01,9.5805e+01,9.6794e+01,9.7696e+01,9.6876e+01,9.6440e+01,9.7124e+01,9.6574e+01,9.7873e+01,9.8063e+01,9.7792e+01,9.9309e+01,1.0046e+02,1.0096e+02,1.0301e+02,1.0413e+02,1.0570e+02,1.0658e+02,1.0681e+02,1.0704e+02,1.0740e+02,1.0819e+02,1.0865e+02,1.0953e+02,1.1045e+02,1.1135e+02,1.1222e+02,1.1279e+02,1.1325e+02,1.1391e+02,1.1483e+02,1.1565e+02,1.1648e+02,1.1741e+02,1.1841e+02,1.1939e+02,1.2031e+02,1.2147e+02,1.2219e+02,1.2297e+02,1.2390e+02,1.2443e+02,1.2504e+02,1.2491e+02,1.2461e+02
9.0353e+01,9.0381e+01,9.0676e+01,9.1061e+01,9.1488e+01,9.2114e+01,9.2297e+01,9.2933e+01,9.2498e+01,9.1817e+01,9.1411e+01,9.0740e+01,9.0489e+01,9.0548e+01,9.0143e+01,8.9477e+01,8.8984e+01,8.9059e+01,8.8912e+01,8.8786e+01,8.9030e+01,8.9190e+01,8.9460e+01,8.9207e+01,8.9369e+01,8.9540e+01,8.9845e+01,9.0085e+01,9.0011e+01,8.9980e+01,8.9955e+01,9.0276e+01,9.0578e+01,9.0604e+01,9.1215e+01,9.0750e+01,9.0823e+01,9.1730e+01,9.2710e+01,9.3840e+01,9.4853e+01,9.5735e+01,9.6899e+01,9.6652e+01,9.6558e+01,9.6876e+01,9.6560e+01,9.7169e+01,9.6716e+01,9.5514e+01,9.4507e+01,9.3947e+01,9.2577e+01,9.2192e+01,9.0656e+01,8.9379e+01,8.8538e+01,8.7788e+01,8.6791e+01,8.6402e+01,8.5687e+01,8.4968e+01,8.4917e+01,8.4416e+01,8.4047e+01,8.4057e+01,8.4397e+01,8.4752e+01,8.4288e+01,8.4568e+01,8.5353e+01,8.5576e+01,8.6059e+01,8.6595e+01,8.6960e+01,8.7330e+01,8.7293e+01,8.7518e+01,8.8643e+01,8.9588e+01,9.0625e+01,9.1138e+01,9.2381e+01,9.3089e+01,9.2277e+01,9.3041e+01,9.4295e+01,9.5479e+01,9.6465e+01,9.7369e+01,9.6552e+01,9.6112e+01,9.6792e+01,9.6236e+01,9.7533e+01,9.7722e+01,9.7447e+01,9.8963e+01,1.0011e+02,1.0062e+02,1.0268e+02,1.0381e+02,1.0539e+02,1.0627e+02,1.0650e+02,1.0673e+02,1.0710e+02,1.0790e+02,1.0837e+02,1.0924e+02,1.1017e+02,1.1108e+02,1.1195e+02,1.1252e+02,1.1298e+02,1.1365e+02,1.1457e+02,1.1540e+02,1.1623e+02,1.1716e+02,1.1816e+02,1.1914e+02,1.2007e+02,1.2124e+02,1.2196e+02,1.2274e+02,1.2368e+02,1.2421e+02,1.2482e+02,1.2469e+02,1.2439e+02
8.9985e+01,9.0011e+01,9.0306e+01,9.0691e+01,9.1122e+01,9.1749e+01,9.1934e+01,9.2572e+01,9.2136e+01,9.1454e+01,9.1048e+01,9.0373e+01,9.0119e+01,9.0176e+01,8.9768e+01,8.9102e+01,8.8610e+01,8.8684e+01,8.8539e+01,8.8416e+01,8.8659e+01,8.8819e+01,8.9086e+01,8.8836e+01,8.8999e+01,8.9171e+01,8.9478e+01,8.9717e+01,8.9644e+01,8.9616e+01,8.9591e+01,8.9913e+01,9.0218e+01,9.0244e+01,9.0858e+01,9.0393e+01,9.0466e+01,9.1375e+01,9.2358e+01,9.3490e+01,9.4504e+01,9.5389e+01,9.6554e+01,9.6307e+01,9.6213e+01,9.6531e+01,9.6215e+01,9.6825e+01,9.6372e+01,9.5168e+01,9.4160e+01,9.3600e+01,9.2225e+01,9.1840e+01,9.0299e+01,8.9017e+01,8.8173e+01,8.7420e+01,8.6419e+01,8.6027e+01,8.5309e+01,8.4588e+01,8.4536e+01,8.4034e+01,8.3665e+01,8.3675e+01,8.4017e+01,8.4374e+01,8.3910e+01,8.4192e+01,8.4980e+01,8.5204e+01,8.5691e+01,8.6230e+01,8.6598e+01,8.6970e+01,8.6934e+01,8.7160e+01,8.8288e+01,8.9235e+01,9.0274e+01,9.0787e+01,9.2034e+01,9.2741e+01,9.1926e+01,9.2690e+01,9.3944e+01,9.5130e+01,9.6118e+01,9.7020e+01,9.6200e+01,9.5760e+01,9.6440e+01,9.5886e+01,9.7185e+01,9.7374e+01,9.7102e+01,9.8622e+01,9.9778e+01,1.0029e+02,1.0235e+02,1.0349e+02,1.0508e+02,1.0597e+02,1.0620e+02,1.0645e+02,1.0682e+02,1.0762e+02,1.0809e+02,1.0897e+02,1.0990e+02,1.1081e+02,1.1169e+02,1.1226e+02,1.1272e+02,1.1340e+02,1.1432e+02,1.1515e+02,1.1598e+02,1.1692e+02,1.1792e+02,1.1891e+02,1.1984e+02,1.2101e+02,1.2173e+02,1.2252e+02,1.2346e+02,1.2398e+02,1.2459e+02,1.2447e+02,1.2417e+02
8.9599e+01,8.9624e+01,8.9914e+01,9.0299e+01,9.0728e+01,9.1354e+01,9.1538e+01,9.2175e+01,9.1741e+01,9.1060e+01,9.0657e+01,8.9982e+01,8.9728e+01,8.9784e+01,8.9377e+01,8.8711e+01,8.8222e+01,8.8299e+01,8.8158e+01,8.8038e+01,8.8281e+01,8.8438e+01,8.8703e+01,8.8452e+01,8.8616e+01,8.8788e+01,8.9096e+01,8.9335e+01,8.9266e+01,8.9241e+01,8.9218e+01,8.9544e+01,8.9853e+01,8.9880e+01,9.0497e+01,9.0029e+01,9.0101e+01,9.1012e+01,9.1998e+01,9.3135e+01,9.4153e+01,9.5040e+01,9.6210e+01,9.5965e+01,9.5873e+01,9.6194e+01,9.5879e+01,9.6490e+01,9.6038e+01,9.4831e+01,9.3823e+01,9.3263e+01,9.1883e+01,9.1498e+01,8.9952e+01,8.8663e+01,8.7817e+01,8.7058e+01,8.6052e+01,8.5656e+01,8.4932e+01,8.4206e+01,8.4151e+01,8.3645e+01,8.3273e+01,8.3281e+01,8.3622e+01,8.3978e+01,8.3512e+01,8.3793e+01,8.4582e+01,8.4806e+01,8.5292e+01,8.5832e+01,8.6199e+01,8.6570e+01,8.6533e+01,8.6759e+01,8.7889e+01,8.8839e+01,8.9880e+01,9.0394e+01,9.1644e+01,9.2353e+01,9.1538e+01,9.2303e+01,9.3561e+01,9.4749e+01,9.5737e+01,9.6641e+01,9.5820e+01,9.5377e+01,9.6057e+01,9.5499e+01,9.6798e+01,9.6986e+01,9.6713e+01,9.8235e+01,9.9394e+01,9.9912e+01,1.0198e+02,1.0313e+02,1.0472e+02,1.0562e+02,1.0585e+02,1.0610e+02,1.0647e+02,1.0728e+02,1.0775e+02,1.0863e+02,1.0956e+02,1.1047e+02,1.1135e+02,1.1193e+02,1.1239e+02,1.1306e+02,1.1399e+02,1.1482e+02,1.1566e+02,1.1660e+02,1.1760e+02,1.1859e+02,1.1953e+02,1.2070e+02,1.2143e+02,1.2221e+02,1.2315e+02,1.2368e+02,1.2430e+02,1.2417e+02,1.2387e+02
8.9324e+01,8.9347e+01,8.9638e+01,9.0022e+01,9.0452e+01,9.1079e+01,9.1263e+01,9.1902e+01,9.1466e+01,9.0787e+01,9.0389e+01,8.9714e+01,8.9463e+01,8.9521e+01,8.9117e+01,8.8447e+01,8.7959e+01,8.8032e+01,8.7894e+01,8.7776e+01,8.8019e+01,8.8174e+01,8.8441e+01,8.8188e+01,8.8354e+01,8.8527e+01,8.8834e+01,8.9073e+01,8.9006e+01,8.8982e+01,8.8960e+01,8.9289e+01,8.9601e+01,8.9629e+01,9.0246e+01,8.9774e+01,8.9844e+01,9.0757e+01,9.1746e+01,9.2883e+01,9.3905e+01,9.4796e+01,9.5970e+01,9.5729e+01,9.5640e+01,9.5962e+01,9.5648e+01,9.6261e+01,9.5811e+01,9.4600e+01,9.3590e+01,9.3029e+01,9.1643e+01,9.1258e+01,8.9707e+01,8.8412e+01,8.7564e+01,8.6800e+01,8.5788e+01,8.5386e+01,8.4659e+01,8.3927e+01,8.3869e+01,8.3359e+01,8.2981e+01,8.2987e+01,8.3324e+01,8.3679e+01,8.3210e+01,8.3495e+01,8.4287e+01,8.4518e+01,8.5004e+01,8.5551e+01,8.5920e+01,8.6289e+01,8.6252e+01,8.6473e+01,8.7609e+01,8.8558e+01,8.9603e+01,9.0112e+01,9.1366e+01,9.2069e+01,9.1245e+01,9.2005e+01,9.3259e+01,9.4445e+01,9.5440e+01,9.6338e+01,9.5511e+01,9.5069e+01,9.5754e+01,9.5204e+01,9.6508e+01,9.6696e+01,9.6433e+01,9.7963e+01,9.9125e+01,9.9652e+01,1.0173e+02,1.0288e+02,1.0448e+02,1.0538e+02,1.0561e+02,1.0587e+02,1.0623e+02,1.0705e+02,1.0751e+02,1.0840e+02,1.0933e+02,1.1025e+02,1.1113e+02,1.1170e+02,1.1216e+02,1.1284e+02,1.1376e+02,1.1460e+02,1.1544e+02,1.1638e+02,1.1738e+02,1.1838e+02,1.1931e+02,1.2049e+02,1.2122e+02,1.2200e+02,1.2294e+02,1.2347e+02,1.2409e+02,1.2396e+02,1.2366e+02
8.9007e+01,8.9030e+01,8.9321e+01,8.9706e+01,9.0138e+01,9.0765e+01,9.0950e+01,9.1590e+01,9.1156e+01,9.0476e+01,9.0077e+01,8.9402e+01,8.9149e+01,8.9208e+01,8.8803e+01,8.8131e+01,8.7642e+01,8.7715e+01,8.7577e+01,8.7461e+01,8.7705e+01,8.7860e+01,8.8125e+01,8.7872e+01,8.8041e+01,8.8215e+01,8.8526e+01,8.8765e+01,8.8697e+01,8.8673e+01,8.8651e+01,8.8979e+01,8.9293e+01,8.9318e+01,8.9935e+01,8.9463e+01,8.9538e+01,9.0454e+01,9.1446e+01,9.2589e+01,9.3615e+01,9.4512e+01,9.5690e+01,9.5449e+01,9.5356e+01,9.5674e+01,9.5358e+01,9.5969e+01,9.5516e+01,9.4299e+01,9.3288e+01,9.2722e+01,9.1331e+01,9.0941e+01,8.9386e+01,8.8089e+01,8.7241e+01,8.6475e+01,8.5458e+01,8.5053e+01,8.4325e+01,8.3588e+01,8.3530e+01,8.3018e+01,8.2638e+01,8.2646e+01,8.2983e+01,8.3341e+01,8.2869e+01,8.3157e+01,8.3954e+01,8.4188e+01,8.4677e+01,8.5229e+01,8.5600e+01,8.5968e+01,8.5930e+01,8.6150e+01,8.7291e+01,8.8241e+01,8.9290e+01,8.9798e+01,9.1056e+01,9.1759e+01,9.0931e+01,9.1689e+01,9.2946e+01,9.4134e+01,9.5132e+01,9.6028e+01,9.5195e+01,9.4749e+01,9.5434e+01,9.4886e+01,9.6194e+01,9.6380e+01,9.6119e+01,9.7657e+01,9.8820e+01,9.9349e+01,1.0143e+02,1.0258e+02,1.0419e+02,1.0510e+02,1.0533e+02,1.0559e+02,1.0596e+02,1.0678e+02,1.0724e+02,1.0813e+02,1.0906e+02,1.0998e+02,1.1087e+02,1.1144e+02,1.1190e+02,1.1259e+02,1.1351e+02,1.1436e+02,1.1520e+02,1.1614e+02,1.1715e+02,1.1815e+02,1.1909e+02,1.2027e+02,1.2100e+02,1.2179e+02,1.2273e+02,1.2327e+02,1.2389e+02,1.2376e+02,1.2346e+02
8.8770e+01,8.8791e+01,8.9082e+01,8.9467e+01,8.9897e+01,9.0523e+01,9.0708e+01,9.1349e+01,9.0918e+01,9.0241e+01,8.9844e+01,8.9170e+01,8.8920e+01,8.8979e+01,8.8577e+01,8.7906e+01,8.7421e+01,8.7496e+01,8.7360e+01,8.7249e+01,8.7492e+01,8.7645e+01,8.7908e+01,8.7656e+01,8.7824e+01,8.8000e+01,8.8312e+01,8.8550e+01,8.8483e+01,8.8460e+01,8.8437e+01,8.8766e+01,8.9081e+01,8.9105e+01,8.9724e+01,8.9252e+01,8.9328e+01,9.0245e+01,9.1239e+01,9.2385e+01,9.3414e+01,9.4315e+01,9.5497e+01,9.5259e+01,9.5167e+01,9.5483e+01,9.5170e+01,9.5780e+01,9.5327e+01,9.4107e+01,9.3096e+01,9.2530e+01,9.1136e+01,9.0744e+01,8.9186e+01,8.7884e+01,8.7035e+01,8.6265e+01,8.5245e+01,8.4837e+01,8.4108e+01,8.3368e+01,8.3309e+01,8.2795e+01,8.2414e+01,8.2420e+01,8.2757e+01,8.3114e+01,8.2641e+01,8.2928e+01,8.3727e+01,8.3962e+01,8.4450e+01,8.5004e+01,8.5373e+01,8.5739e+01,8.5698e+01,8.5916e+01,8.7058e+01,8.8010e+01,8.9061e+01,8.9569e+01,9.0829e+01,9.1533e+01,9.0703e+01,9.1462e+01,9.2720e+01,9.3910e+01,9.4910e+01,9.5807e+01,9.4971e+01,9.4523e+01,9.5209e+01,9.4662e+01,9.5974e+01,9.6158e+01,9.5895e+01,9.7436e+01,9.8600e+01,9.9126e+01,1.0121e+02,1.0236e+02,1.0397e+02,1.0488e+02,1.0511e+02,1.0537e+02,1.0573e+02,1.0655e+02,1.0701e+02,1.0790e+02,1.0884e+02,1.0976e+02,1.1064e+02,1.1123e+02,1.1169e+02,1.1237e+02,1.1330e+02,1.1414e+02,1.1499e+02,1.1593e+02,1.1695e+02,1.1795e+02,1.1889e+02,1.2007e+02,1.2080e+02,1.2159e+02,1.2254e+02,1.2308e+02,1.2370e+02,1.2357e+02,1.2327e+02
8.8534e+01,8.8556e+01,8.8847e+01,8.9233e+01,8.9663e+01,9.0289e+01,9.0474e+01,9.1117e+01,9.0686e+01,9.0009e+01,8.9613e+01,8.8938e+01,8.8685e+01,8.8745e+01,8.8342e+01,8.7670e+01,8.7182e+01,8.7255e+01,8.7119e+01,8.7009e+01,8.7254e+01,8.7409e+01,8.7672e+01,8.7421e+01,8.7590e+01,8.7767e+01,8.8079e+01,8.8319e+01,8.8252e+01,8.8230e+01,8.8207e+01,8.8535e+01,8.8852e+01,8.8875e+01,8.9493e+01,8.9021e+01,8.9098e+01,9.0015e+01,9.1011e+01,9.2159e+01,9.3190e+01,9.4096e+01,9.5282e+01,9.5047e+01,9.4956e+01,9.5269e+01,9.4956e+01,9.5567e+01,9.5114e+01,9.3889e+01,9.2877e+01,9.2310e+01,9.0911e+01,9.0517e+01,8.8956e+01,8.7651e+01,8.6800e+01,8.6027e+01,8.5006e+01,8.4596e+01,8.3866e+01,8.3125e+01,8.3065e+01,8.2550e+01,8.2166e+01,8.2173e+01,8.2510e+01,8.2868e+01,8.2392e+01,8.2682e+01,8.3483e+01,8.3721e+01,8.4210e+01,8.4767e+01,8.5137e+01,8.5502e+01,8.5461e+01,8.5677e+01,8.6824e+01,8.7777e+01,8.8830e+01,8.9339e+01,9.0603e+01,9.1306e+01,9.0472e+01,9.1230e+01,9.2488e+01,9.3680e+01,9.4685e+01,9.5583e+01,9.4741e+01,9.4294e+01,9.4984e+01,9.4442e+01,9.5758e+01,9.5944e+01,9.5683e+01,9.7231e+01,9.8397e+01,9.8923e+01,1.0101e+02,1.0216e+02,1.0378e+02,1.0469e+02,1.0492e+02,1.0517e+02,1.0554e+02,1.0635e+02,1.0681e+02,1.0770e+02,1.0864e+02,1.0956e+02,1.1045e+02,1.1103e+02,1.1150e+02,1.1219e+02,1.1311e+02,1.1396e+02,1.1480e+02,1.1575e+02,1.1676e+02,1.1777e+02,1.1871e+02,1.1989e+02,1.2063e+02,1.2142e+02,1.2237e+02,1.2291e+02,1.2353e+02,1.2341e+02,1.2310e+02
8.8330e+01,8.8352e+01,8.8643e+01,8.9028e+01,8.9456e+01,9.0083e+01,9.0266e+01,9.0909e+01,9.0478e+01,8.9802e+01,8.9405e+01,8.8731e+01,8.8480e+01,8.8536e+01,8.8131e+01,8.7460e+01,8.6973e+01,8.7047e+01,8.6912e+01,8.6803e+01,8.7047e+01,8.7201e+01,8.7461e+01,8.7210e+01,8.7377e+01,8.7555e+01,8.7867e+01,8.8107e+01,8.8040e+01,8.8018e+01,8.7994e+01,8.8320e+01,8.8636e+01,8.8657e+01,8.9275e+01,8.8801e+01,8.8879e+01,8.9797e+01,9.0793e+01,9.1942e+01,9.2976e+01,9.3884e+01,9.5072e+01,9.4839e+01,9.4748e+01,9.5059e+01,9.4747e+01,9.5355e+01,9.4903e+01,9.3678e+01,9.2665e+01,9.2097e+01,9.0697e+01,9.0302e+01,8.8740e+01,8.7434e+01,8.6584e+01,8.5810e+01,8.4789e+01,8.4378e+01,8.3650e+01,8.2909e+01,8.2850e+01,8.2336e+01,8.1955e+01,8.1962e+01,8.2301e+01,8.2661e+01,8.2187e+01,8.2479e+01,8.3280e+01,8.3518e+01,8.4011e+01,8.4567e+01,8.4939e+01,8.5307e+01,8.5266e+01,8.5485e+01,8.6632e+01,8.7587e+01,8.8640e+01,8.9149e+01,9.0415e+01,9.1118e+01,9.0284e+01,9.1043e+01,9.2298e+01,9.3492e+01,9.4498e+01,9.5398e+01,9.4559e+01,9.4116e+01,9.4809e+01,9.4268e+01,9.5584e+01,9.5774e+01,9.5516e+01,9.7065e+01,9.8232e+01,9.8762e+01,1.0085e+02,1.0200e+02,1.0361e+02,1.0452e+02,1.0476e+02,1.0502e+02,1.0538e+02,1.0620e+02,1.0666e+02,1.0755e+02,1.0849e+02,1.0942e+02,1.1031e+02,1.1089e+02,1.1135e+02,1.1204e+02,1.1297e+02,1.1382e+02,1.1466e+02,1.1561e+02,1.1662e+02,1.1763e+02,1.1857e+02,1.1976e+02,1.2050e+02,1.2129e+02,1.2225e+02,1.2279e+02,1.2342e+02,1.2329e+02,1.2298e+02
8.7901e+01,8.7922e+01,8.8214e+01,8.8597e+01,8.9026e+01,8.9652e+01,8.9835e+01,9.0479e+01,9.0049e+01,8.9374e+01,8.8978e+01,8.8302e+01,8.8052e+01,8.8111e+01,8.7704e+01,8.7032e+01,8.6546e+01,8.6622e+01,8.6489e+01,8.6380e+01,8.6623e+01,8.6776e+01,8.7033e+01,8.6780e+01,8.6950e+01,8.7129e+01,8.7446e+01,8.7689e+01,8.7624e+01,8.7603e+01,8.7579e+01,8.7906e+01,8.8224e+01,8.8245e+01,8.8867e+01,8.8394e+01,8.8473e+01,8.9391e+01,9.0392e+01,9.1545e+01,9.2582e+01,9.3497e+01,9.4689e+01,9.4459e+01,9.4364e+01,9.4671e+01,9.4355e+01,9.4962e+01,9.4508e+01,9.3279e+01,9.2265e+01,9.1693e+01,9.0290e+01,8.9892e+01,8.8326e+01,8.7016e+01,8.6164e+01,8.5386e+01,8.4363e+01,8.3950e+01,8.3219e+01,8.2476e+01,8.2414e+01,8.1897e+01,8.1517e+01,8.1523e+01,8.1863e+01,8.2223e+01,8.1745e+01,8.2035e+01,8.2839e+01,8.3075e+01,8.3567e+01,8.4124e+01,8.4494e+01,8.4862e+01,8.4817e+01,8.5036e+01,8.6186e+01,8.7145e+01,8.8203e+01,8.8717e+01,8.9985e+01,9.0693e+01,8.9860e+01,9.0623e+01,9.1886e+01,9.3085e+01,9.4091e+01,9.4995e+01,9.4153e+01,9.3705e+01,9.4398e+01,9.3853e+01,9.5174e+01,9.5363e+01,9.5100e+01,9.6655e+01,9.7831e+01,9.8358e+01,1.0046e+02,1.0161e+02,1.0323e+02,1.0416e+02,1.0440e+02,1.0465e+02,1.0502e+02,1.0583e+02,1.0630e+02,1.0720e+02,1.0814e+02,1.0908e+02,1.0997e+02,1.1055e+02,1.1102e+02,1.1171e+02,1.1264e+02,1.1349e+02,1.1434e+02,1.1529e+02,1.1631e+02,1.1732e+02,1.1827e+02,1.1946e+02,1.2021e+02,1.2100e+02,1.2196e+02,1.2251e+02,1.2313e+02,1.2300e+02,1.2270e+02
8.7729e+01,8.7750e+01,8.8043e+01,8.8426e+01,8.8853e+01,8.9479e+01,8.9662e+01,9.0305e+01,8.9878e+01,8.9207e+01,8.8813e+01,8.8137e+01,8.7891e+01,8.7954e+01,8.7545e+01,8.6874e+01,8.6391e+01,8.6467e+01,8.6339e+01,8.6229e+01,8.6468e+01,8.6616e+01,8.6872e+01,8.6617e+01,8.6785e+01,8.6967e+01,8.7284e+01,8.7532e+01,8.7469e+01,8.7447e+01,8.7425e+01,8.7754e+01,8.8075e+01,8.8098e+01,8.8724e+01,8.8251e+01,8.8329e+01,8.9247e+01,9.0251e+01,9.1408e+01,9.2448e+01,9.3369e+01,9.4565e+01,9.4340e+01,9.4244e+01,9.4548e+01,9.4231e+01,9.4836e+01,9.4384e+01,9.3154e+01,9.2142e+01,9.1570e+01,9.0167e+01,8.9770e+01,8.8201e+01,8.6887e+01,8.6032e+01,8.5250e+01,8.4225e+01,8.3805e+01,8.3070e+01,8.2323e+01,8.2256e+01,8.1734e+01,8.1354e+01,8.1354e+01,8.1691e+01,8.2046e+01,8.1568e+01,8.1855e+01,8.2657e+01,8.2894e+01,8.3382e+01,8.3939e+01,8.4308e+01,8.4673e+01,8.4628e+01,8.4845e+01,8.5993e+01,8.6949e+01,8.8005e+01,8.8517e+01,8.9784e+01,9.0489e+01,8.9657e+01,9.0419e+01,9.1679e+01,9.2876e+01,9.3882e+01,9.4785e+01,9.3945e+01,9.3499e+01,9.4193e+01,9.3649e+01,9.4968e+01,9.5160e+01,9.4901e+01,9.6454e+01,9.7627e+01,9.8156e+01,1.0025e+02,1.0141e+02,1.0303e+02,1.0395e+02,1.0420e+02,1.0445e+02,1.0482e+02,1.0564e+02,1.0611e+02,1.0701e+02,1.0796e+02,1.0890e+02,1.0979e+02,1.1038e+02,1.1084e+02,1.1154e+02,1.1247e+02,1.1331e+02,1.1416e+02,1.1512e+02,1.1614e+02,1.1715e+02,1.1810e+02,1.1929e+02,1.2004e+02,1.2084e+02,1.2180e+02,1.2234e+02,1.2297e+02,1.2284e+02,1.2254e+02
8.7758e+01,8.7780e+01,8.8070e+01,8.8451e+01,8.8876e+01,8.9499e+01,8.9681e+01,9.0323e+01,8.9898e+01,8.9231e+01,8.8840e+01,8.8167e+01,8.7925e+01,8.7990e+01,8.7580e+01,8.6912e+01,8.6434e+01,8.6512e+01,8.6386e+01,8.6278e+01,8.6514e+01,8.6661e+01,8.6916e+01,8.6661e+01,8.6828e+01,8.7012e+01,8.7331e+01,8.7581e+01,8.7521e+01,8.7501e+01,8.7481e+01,8.7812e+01,8.8136e+01,8.8161e+01,8.8789e+01,8.8316e+01,8.8393e+01,8.9309e+01,9.0316e+01,9.1473e+01,9.2513e+01,9.3436e+01,9.4633e+01,9.4410e+01,9.4314e+01,9.4617e+01,9.4303e+01,9.4907e+01,9.4458e+01,9.3228e+01,9.2216e+01,9.1645e+01,9.0242e+01,8.9846e+01,8.8278e+01,8.6961e+01,8.6106e+01,8.5322e+01,8.4296e+01,8.3873e+01,8.3136e+01,8.2388e+01,8.2317e+01,8.1793e+01,8.1415e+01,8.1411e+01,8.1746e+01,8.2097e+01,8.1619e+01,8.1902e+01,8.2700e+01,8.2934e+01,8.3419e+01,8.3973e+01,8.4339e+01,8.4702e+01,8.4656e+01,8.4872e+01,8.6016e+01,8.6969e+01,8.8023e+01,8.8534e+01,8.9798e+01,9.0502e+01,8.9674e+01,9.0435e+01,9.1695e+01,9.2890e+01,9.3892e+01,9.4794e+01,9.3957e+01,9.3512e+01,9.4203e+01,9.3658e+01,9.4976e+01,9.5167e+01,9.4905e+01,9.6454e+01,9.7625e+01,9.8150e+01,1.0024e+02,1.0139e+02,1.0301e+02,1.0394e+02,1.0418e+02,1.0444e+02,1.0481e+02,1.0563e+02,1.0610e+02,1.0700e+02,1.0795e+02,1.0889e+02,1.0978e+02,1.1036e+02,1.1083e+02,1.1152e+02,1.1245e+02,1.1329e+02,1.1414e+02,1.1509e+02,1.1611e+02,1.1712e+02,1.1807e+02,1.1927e+02,1.2001e+02,1.2081e+02,1.2177e+02,1.2232e+02,1.2294e+02,1.2281e+02,1.2251e+02
8.7809e+01,8.7830e+01,8.8120e+01,8.8500e+01,8.8926e+01,8.9549e+01,8.9731e+01,9.0372e+01,8.9948e+01,8.9281e+01,8.8891e+01,8.8220e+01,8.7978e+01,8.8044e+01,8.7632e+01,8.6961e+01,8.6480e+01,8.6557e+01,8.6428e+01,8.6320e+01,8.6558e+01,8.6708e+01,8.6965e+01,8.6710e+01,8.6878e+01,8.7062e+01,8.7381e+01,8.7629e+01,8.7570e+01,8.7550e+01,8.7532e+01,8.7861e+01,8.8187e+01,8.8211e+01,8.8837e+01,8.8363e+01,8.8440e+01,8.9356e+01,9.0359e+01,9.1514e+01,9.2552e+01,9.3473e+01,9.4669e+01,9.4447e+01,9.4352e+01,9.4654e+01,9.4341e+01,9.4944e+01,9.4496e+01,9.3265e+01,9.2253e+01,9.1680e+01,9.0278e+01,8.9880e+01,8.8314e+01,8.7001e+01,8.6149e+01,8.5367e+01,8.4342e+01,8.3921e+01,8.3187e+01,8.2440e+01,8.2370e+01,8.1847e+01,8.1470e+01,8.1468e+01,8.1804e+01,8.2157e+01,8.1679e+01,8.1964e+01,8.2762e+01,8.2998e+01,8.3485e+01,8.4040e+01,8.4408e+01,8.4771e+01,8.4727e+01,8.4943e+01,8.6088e+01,8.7040e+01,8.8093e+01,8.8602e+01,8.9866e+01,9.0568e+01,8.9737e+01,9.0496e+01,9.1753e+01,9.2948e+01,9.3953e+01,9.4856e+01,9.4018e+01,9.3577e+01,9.4273e+01,9.3731e+01,9.5052e+01,9.5247e+01,9.4988e+01,9.6541e+01,9.7714e+01,9.8242e+01,1.0034e+02,1.0149e+02,1.0311e+02,1.0403e+02,1.0428e+02,1.0454e+02,1.0491e+02,1.0573e+02,1.0619e+02,1.0710e+02,1.0805e+02,1.0899e+02,1.0987e+02,1.1046e+02,1.1092e+02,1.1162e+02,1.1254e+02,1.1338e+02,1.1423e+02,1.1518e+02,1.1620e+02,1.1721e+02,1.1816e+02,1.1935e+02,1.2009e+02,1.2089e+02,1.2185e+02,1.2239e+02,1.2302e+02,1.2289e+02,1.2258e+02
8.7627e+01,8.7649e+01,8.7939e+01,8.8319e+01,8.8745e+01,8.9370e+01,8.9554e+01,9.0199e+01,8.9775e+01,8.9105e+01,8.8716e+01,8.8045e+01,8.7804e+01,8.7872e+01,8.7460e+01,8.6788e+01,8.6308e+01,8.6385e+01,8.6256e+01,8.6147e+01,8.6385e+01,8.6532e+01,8.6787e+01,8.6529e+01,8.6697e+01,8.6881e+01,8.7201e+01,8.7450e+01,8.7393e+01,8.7373e+01,8.7356e+01,8.7686e+01,8.8013e+01,8.8038e+01,8.8666e+01,8.8188e+01,8.8268e+01,8.9187e+01,9.0192e+01,9.1348e+01,9.2385e+01,9.3307e+01,9.4504e+01,9.4279e+01,9.4183e+01,9.4484e+01,9.4171e+01,9.4775e+01,9.4326e+01,9.3092e+01,9.2078e+01,9.1504e+01,9.0098e+01,8.9698e+01,8.8130e+01,8.6814e+01,8.5962e+01,8.5178e+01,8.4152e+01,8.3731e+01,8.2997e+01,8.2249e+01,8.2180e+01,8.1655e+01,8.1277e+01,8.1276e+01,8.1614e+01,8.1968e+01,8.1488e+01,8.1774e+01,8.2577e+01,8.2813e+01,8.3302e+01,8.3861e+01,8.4229e+01,8.4593e+01,8.4546e+01,8.4762e+01,8.5912e+01,8.6868e+01,8.7927e+01,8.8438e+01,8.9707e+01,9.0412e+01,8.9578e+01,9.0339e+01,9.1600e+01,9.2799e+01,9.3807e+01,9.4713e+01,9.3870e+01,9.3426e+01,9.4124e+01,9.3581e+01,9.4908e+01,9.5103e+01,9.4842e+01,9.6402e+01,9.7583e+01,9.8111e+01,1.0022e+02,1.0137e+02,1.0300e+02,1.0393e+02,1.0417e+02,1.0443e+02,1.0481e+02,1.0562e+02,1.0609e+02,1.0700e+02,1.0795e+02,1.0889e+02,1.0977e+02,1.1036e+02,1.1083e+02,1.1152e+02,1.1245e+02,1.1329e+02,1.1414e+02,1.1509e+02,1.1612e+02,1.1712e+02,1.1807e+02,1.1927e+02,1.2001e+02,1.2081e+02,1.2177e+02,1.2231e+02,1.2294e+02,1.2281e+02,1.2250e+02
8.7412e+01,8.7434e+01,8.7725e+01,8.8105e+01,8.8533e+01,8.9159e+01,8.9345e+01,8.9991e+01,8.9568e+01,8.8894e+01,8.8506e+01,8.7833e+01,8.7591e+01,8.7660e+01,8.7248e+01,8.6576e+01,8.6096e+01,8.6173e+01,8.6041e+01,8.5931e+01,8.6170e+01,8.6317e+01,8.6572e+01,8.6313e+01,8.6482e+01,8.6665e+01,8.6985e+01,8.7234e+01,8.7178e+01,8.7159e+01,8.7142e+01,8.7471e+01,8.7799e+01,8.7822e+01,8.8450e+01,8.7971e+01,8.8053e+01,8.8975e+01,8.9980e+01,9.1138e+01,9.2175e+01,9.3095e+01,9.4293e+01,9.4065e+01,9.3968e+01,9.4271e+01,9.3958e+01,9.4564e+01,9.4113e+01,9.2875e+01,9.1859e+01,9.1282e+01,8.9873e+01,8.9470e+01,8.7899e+01,8.6582e+01,8.5730e+01,8.4945e+01,8.3917e+01,8.3496e+01,8.2764e+01,8.2015e+01,8.1947e+01,8.1423e+01,8.1043e+01,8.1044e+01,8.1385e+01,8.1744e+01,8.1262e+01,8.1550e+01,8.2357e+01,8.2594e+01,8.3086e+01,8.3646e+01,8.4016e+01,8.4383e+01,8.4335e+01,8.4552e+01,8.5708e+01,8.6670e+01,8.7735e+01,8.8250e+01,8.9524e+01,9.0234e+01,8.9397e+01,9.0161e+01,9.1429e+01,9.2633e+01,9.3645e+01,9.4554e+01,9.3707e+01,9.3259e+01,9.3960e+01,9.3416e+01,9.4749e+01,9.4943e+01,9.4680e+01,9.6248e+01,9.7434e+01,9.7962e+01,1.0008e+02,1.0124e+02,1.0288e+02,1.0381e+02,1.0405e+02,1.0431e+02,1.0468e+02,1.0551e+02,1.0597e+02,1.0688e+02,1.0783e+02,1.0877e+02,1.0967e+02,1.1026e+02,1.1072e+02,1.1142e+02,1.1235e+02,1.1320e+02,1.1405e+02,1.1500e+02,1.1603e+02,1.1704e+02,1.1799e+02,1.1919e+02,1.1993e+02,1.2073e+02,1.2170e+02,1.2224e+02,1.2286e+02,1.2273e+02,1.2243e+02
8.7025e+01,8.7047e+01,8.7339e+01,8.7719e+01,8.8147e+01,8.8775e+01,8.8958e+01,8.9604e+01,8.9179e+01,8.8506e+01,8.8116e+01,8.7441e+01,8.7199e+01,8.7268e+01,8.6856e+01,8.6185e+01,8.5707e+01,8.5785e+01,8.5657e+01,8.5548e+01,8.5786e+01,8.5931e+01,8.6183e+01,8.5923e+01,8.6093e+01,8.6275e+01,8.6598e+01,8.6850e+01,8.6795e+01,8.6775e+01,8.6758e+01,8.7089e+01,8.7417e+01,8.7441e+01,8.8072e+01,8.7595e+01,8.7676e+01,8.8598e+01,8.9607e+01,9.0766e+01,9.1805e+01,9.2726e+01,9.3925e+01,9.3696e+01,9.3600e+01,9.3904e+01,9.3591e+01,9.4200e+01,9.3749e+01,9.2511e+01,9.1494e+01,9.0919e+01,8.9508e+01,8.9106e+01,8.7532e+01,8.6211e+01,8.5357e+01,8.4570e+01,8.3541e+01,8.3119e+01,8.2385e+01,8.1635e+01,8.1567e+01,8.1043e+01,8.0666e+01,8.0666e+01,8.1008e+01,8.1365e+01,8.0884e+01,8.1169e+01,8.1974e+01,8.2207e+01,8.2698e+01,8.3254e+01,8.3623e+01,8.3993e+01,8.3946e+01,8.4168e+01,8.5324e+01,8.6290e+01,8.7353e+01,8.7873e+01,8.9151e+01,8.9866e+01,8.9029e+01,8.9799e+01,9.1071e+01,9.2282e+01,9.3296e+01,9.4211e+01,9.3363e+01,9.2916e+01,9.3620e+01,9.3075e+01,9.4413e+01,9.4609e+01,9.4345e+01,9.5919e+01,9.7111e+01,9.7641e+01,9.9764e+01,1.0094e+02,1.0258e+02,1.0352e+02,1.0376e+02,1.0403e+02,1.0440e+02,1.0523e+02,1.0570e+02,1.0662e+02,1.0757e+02,1.0852e+02,1.0942e+02,1.1001e+02,1.1048e+02,1.1118e+02,1.1212e+02,1.1296e+02,1.1382e+02,1.1477e+02,1.1580e+02,1.1682e+02,1.1778e+02,1.1898e+02,1.1973e+02,1.2053e+02,1.2150e+02,1.2205e+02,1.2267e+02,1.2254e+02,1.2224e+02
8.6615e+01,8.6638e+01,8.6932e+01,8.7313e+01,8.7742e+01,8.8374e+01,8.8556e+01,8.9204e+01,8.8779e+01,8.8103e+01,8.7710e+01,8.7032e+01,8.6788e+01,8.6856e+01,8.6444e+01,8.5773e+01,8.5293e+01,8.5373e+01,8.5243e+01,8.5135e+01,8.5376e+01,8.5523e+01,8.5775e+01,8.5515e+01,8.5687e+01,8.5869e+01,8.6194e+01,8.6447e+01,8.6396e+01,8.6376e+01,8.6358e+01,8.6689e+01,8.7018e+01,8.7042e+01,8.7674e+01,8.7198e+01,8.7282e+01,8.8207e+01,8.9216e+01,9.0379e+01,9.1417e+01,9.2339e+01,9.3538e+01,9.3309e+01,9.3210e+01,9.3514e+01,9.3199e+01,9.3809e+01,9.3354e+01,9.2113e+01,9.1093e+01,9.0516e+01,8.9100e+01,8.8696e+01,8.7118e+01,8.5793e+01,8.4938e+01,8.4149e+01,8.3115e+01,8.2693e+01,8.1959e+01,8.1207e+01,8.1141e+01,8.0618e+01,8.0239e+01,8.0241e+01,8.0587e+01,8.0946e+01,8.0464e+01,8.0751e+01,8.1560e+01,8.1793e+01,8.2287e+01,8.2844e+01,8.3214e+01,8.3588e+01,8.3542e+01,8.3767e+01,8.4928e+01,8.5900e+01,8.6969e+01,8.7494e+01,8.8779e+01,8.9501e+01,8.8661e+01,8.9438e+01,9.0718e+01,9.1938e+01,9.2957e+01,9.3878e+01,9.3024e+01,9.2574e+01,9.3282e+01,9.2734e+01,9.4079e+01,9.4276e+01,9.4007e+01,9.5590e+01,9.6789e+01,9.7318e+01,9.9455e+01,1.0064e+02,1.0229e+02,1.0324e+02,1.0348e+02,1.0375e+02,1.0412e+02,1.0496e+02,1.0542e+02,1.0635e+02,1.0731e+02,1.0826e+02,1.0916e+02,1.0976e+02,1.1023e+02,1.1094e+02,1.1188e+02,1.1273e+02,1.1359e+02,1.1455e+02,1.1558e+02,1.1661e+02,1.1757e+02,1.1878e+02,1.1953e+02,1.2034e+02,1.2131e+02,1.2185e+02,1.2248e+02,1.2235e+02,1.2204e+02
8.6202e+01,8.6228e+01,8.6520e+01,8.6900e+01,8.7330e+01,8.7963e+01,8.8145e+01,8.8795e+01,8.8371e+01,8.7695e+01,8.7299e+01,8.6622e+01,8.6379e+01,8.6446e+01,8.6033e+01,8.5363e+01,8.4886e+01,8.4969e+01,8.4839e+01,8.4732e+01,8.4972e+01,8.5119e+01,8.5368e+01,8.5106e+01,8.5282e+01,8.5463e+01,8.5792e+01,8.6046e+01,8.5997e+01,8.5982e+01,8.5967e+01,8.6299e+01,8.6633e+01,8.6655e+01,8.7290e+01,8.6817e+01,8.6904e+01,8.7831e+01,8.8844e+01,9.0011e+01,9.1052e+01,9.1975e+01,9.3176e+01,9.2945e+01,9.2845e+01,9.3148e+01,9.2834e+01,9.3445e+01,9.2988e+01,9.1744e+01,9.0722e+01,9.0144e+01,8.8726e+01,8.8320e+01,8.6737e+01,8.5408e+01,8.4551e+01,8.3761e+01,8.2723e+01,8.2300e+01,8.1563e+01,8.0809e+01,8.0742e+01,8.0217e+01,7.9841e+01,7.9841e+01,8.0188e+01,8.0546e+01,8.0062e+01,8.0344e+01,8.1152e+01,8.1380e+01,8.1872e+01,8.2425e+01,8.2792e+01,8.3168e+01,8.3121e+01,8.3350e+01,8.4511e+01,8.5489e+01,8.6560e+01,8.7093e+01,8.8382e+01,8.9113e+01,8.8274e+01,8.9061e+01,9.0349e+01,9.1578e+01,9.2598e+01,9.3528e+01,9.2673e+01,9.2221e+01,9.2930e+01,9.2377e+01,9.3729e+01,9.3926e+01,9.3653e+01,9.5242e+01,9.6450e+01,9.6979e+01,9.9128e+01,1.0032e+02,1.0198e+02,1.0293e+02,1.0317e+02,1.0345e+02,1.0382e+02,1.0467e+02,1.0513e+02,1.0606e+02,1.0702e+02,1.0798e+02,1.0889e+02,1.0949e+02,1.0997e+02,1.1068e+02,1.1162e+02,1.1247e+02,1.1334e+02,1.1430e+02,1.1534e+02,1.1637e+02,1.1734e+02,1.1856e+02,1.1931e+02,1.2012e+02,1.2109e+02,1.2164e+02,1.2227e+02,1.2214e+02,1.2183e+02
8.5934e+01,8.5962e+01,8.6254e+01,8.6632e+01,8.7063e+01,8.7698e+01,8.7880e+01,8.8532e+01,8.8108e+01,8.7433e+01,8.7037e+01,8.6360e+01,8.6119e+01,8.6187e+01,8.5774e+01,8.5105e+01,8.4630e+01,8.4714e+01,8.4587e+01,8.4482e+01,8.4720e+01,8.4866e+01,8.5113e+01,8.4850e+01,8.5027e+01,8.5211e+01,8.5542e+01,8.5801e+01,8.5755e+01,8.5741e+01,8.5728e+01,8.6062e+01,8.6398e+01,8.6422e+01,8.7059e+01,8.6588e+01,8.6675e+01,8.7601e+01,8.8619e+01,8.9789e+01,9.0830e+01,9.1757e+01,9.2958e+01,9.2729e+01,9.2626e+01,9.2926e+01,9.2609e+01,9.3219e+01,9.2762e+01,9.1516e+01,9.0494e+01,8.9915e+01,8.8494e+01,8.8088e+01,8.6502e+01,8.5171e+01,8.4312e+01,8.3520e+01,8.2479e+01,8.2053e+01,8.1312e+01,8.0556e+01,8.0486e+01,7.9959e+01,7.9582e+01,7.9580e+01,7.9926e+01,8.0282e+01,7.9799e+01,8.0081e+01,8.0889e+01,8.1117e+01,8.1609e+01,8.2162e+01,8.2531e+01,8.2907e+01,8.2860e+01,8.3091e+01,8.4253e+01,8.5234e+01,8.6306e+01,8.6841e+01,8.8134e+01,8.8866e+01,8.8026e+01,8.8815e+01,9.0106e+01,9.1340e+01,9.2365e+01,9.3299e+01,9.2441e+01,9.1991e+01,9.2706e+01,9.2153e+01,9.3511e+01,9.3711e+01,9.3439e+01,9.5037e+01,9.6251e+01,9.6784e+01,9.8943e+01,1.0014e+02,1.0181e+02,1.0276e+02,1.0301e+02,1.0329e+02,1.0366e+02,1.0451e+02,1.0498e+02,1.0591e+02,1.0687e+02,1.0782e+02,1.0874e+02,1.0934e+02,1.0982e+02,1.1054e+02,1.1148e+02,1.1233e+02,1.1320e+02,1.1417e+02,1.1521e+02,1.1625e+02,1.1722e+02,1.1844e+02,1.1919e+02,1.2001e+02,1.2098e+02,1.2152e+02,1.2216e+02,1.2203e+02,1.2172e+02
8.5610e+01,8.5637e+01,8.5929e+01,8.6309e+01,8.6740e+01,8.7375e+01,8.7561e+01,8.8216e+01,8.7793e+01,8.7114e+01,8.6714e+01,8.6036e+01,8.5795e+01,8.5865e+01,8.5451e+01,8.4782e+01,8.4306e+01,8.4390e+01,8.4264e+01,8.4156e+01,8.4395e+01,8.4542e+01,8.4790e+01,8.4527e+01,8.4704e+01,8.4888e+01,8.5219e+01,8.5480e+01,8.5434e+01,8.5419e+01,8.5406e+01,8.5741e+01,8.6077e+01,8.6101e+01,8.6739e+01,8.6268e+01,8.6355e+01,8.7281e+01,8.8304e+01,8.9475e+01,9.0517e+01,9.1448e+01,9.2652e+01,9.2427e+01,9.2323e+01,9.2620e+01,9.2302e+01,9.2910e+01,9.2454e+01,9.1207e+01,9.0185e+01,8.9607e+01,8.8183e+01,8.7778e+01,8.6187e+01,8.4853e+01,8.3990e+01,8.3196e+01,8.2154e+01,8.1726e+01,8.0982e+01,8.0225e+01,8.0153e+01,7.9626e+01,7.9246e+01,7.9244e+01,7.9589e+01,7.9946e+01,7.9463e+01,7.9748e+01,8.0557e+01,8.0787e+01,8.1282e+01,8.1838e+01,8.2209e+01,8.2586e+01,8.2540e+01,8.2770e+01,8.3936e+01,8.4917e+01,8.5990e+01,8.6524e+01,8.7820e+01,8.8552e+01,8.7707e+01,8.8497e+01,8.9787e+01,9.1022e+01,9.2052e+01,9.2989e+01,9.2131e+01,9.1685e+01,9.2405e+01,9.1855e+01,9.3216e+01,9.3421e+01,9.3155e+01,9.4756e+01,9.5976e+01,9.6518e+01,9.8684e+01,9.9881e+01,1.0155e+02,1.0251e+02,1.0276e+02,1.0305e+02,1.0343e+02,1.0428e+02,1.0475e+02,1.0568e+02,1.0665e+02,1.0761e+02,1.0853e+02,1.0914e+02,1.0962e+02,1.1034e+02,1.1128e+02,1.1214e+02,1.1301e+02,1.1398e+02,1.1503e+02,1.1606e+02,1.1704e+02,1.1827e+02,1.1902e+02,1.1984e+02,1.2081e+02,1.2136e+02,1.2199e+02,1.2186e+02,1.2155e+02
8.5305e+01,8.5332e+01,8.5624e+01,8.6004e+01,8.6436e+01,8.7073e+01,8.7256e+01,8.7911e+01,8.7486e+01,8.6808e+01,8.6407e+01,8.5730e+01,8.5490e+01,8.5563e+01,8.5149e+01,8.4480e+01,8.4006e+01,8.4090e+01,8.3964e+01,8.3855e+01,8.4095e+01,8.4242e+01,8.4488e+01,8.4225e+01,8.4403e+01,8.4589e+01,8.4923e+01,8.5189e+01,8.5144e+01,8.5128e+01,8.5115e+01,8.5450e+01,8.5787e+01,8.5812e+01,8.6453e+01,8.5982e+01,8.6069e+01,8.6996e+01,8.8021e+01,8.9196e+01,9.0238e+01,9.1172e+01,9.2377e+01,9.2153e+01,9.2046e+01,9.2338e+01,9.2019e+01,9.2626e+01,9.2170e+01,9.0920e+01,8.9897e+01,8.9318e+01,8.7891e+01,8.7485e+01,8.5892e+01,8.4556e+01,8.3691e+01,8.2897e+01,8.1854e+01,8.1425e+01,8.0679e+01,7.9922e+01,7.9849e+01,7.9322e+01,7.8942e+01,7.8939e+01,7.9283e+01,7.9641e+01,7.9157e+01,7.9443e+01,8.0254e+01,8.0485e+01,8.0982e+01,8.1540e+01,8.1913e+01,8.2291e+01,8.2246e+01,8.2477e+01,8.3646e+01,8.4629e+01,8.5704e+01,8.6238e+01,8.7540e+01,8.8273e+01,8.7423e+01,8.8214e+01,8.9506e+01,9.0748e+01,9.1784e+01,9.2725e+01,9.1860e+01,9.1417e+01,9.2145e+01,9.1599e+01,9.2970e+01,9.3181e+01,9.2918e+01,9.4531e+01,9.5761e+01,9.6309e+01,9.8486e+01,9.9690e+01,1.0137e+02,1.0233e+02,1.0258e+02,1.0287e+02,1.0325e+02,1.0411e+02,1.0458e+02,1.0551e+02,1.0648e+02,1.0745e+02,1.0837e+02,1.0898e+02,1.0946e+02,1.1019e+02,1.1113e+02,1.1199e+02,1.1286e+02,1.1384e+02,1.1489e+02,1.1593e+02,1.1691e+02,1.1814e+02,1.1890e+02,1.1972e+02,1.2069e+02,1.2123e+02,1.2187e+02,1.2174e+02,1.2143e+02
8.5066e+01,8.5093e+01,8.5385e+01,8.5767e+01,8.6201e+01,8.6842e+01,8.7025e+01,8.7681e+01,8.7258e+01,8.6578e+01,8.6176e+01,8.5498e+01,8.5259e+01,8.5334e+01,8.4920e+01,8.4249e+01,8.3775e+01,8.3858e+01,8.3732e+01,8.3624e+01,8.3863e+01,8.4011e+01,8.4256e+01,8.3994e+01,8.4174e+01,8.4365e+01,8.4704e+01,8.4977e+01,8.4936e+01,8.4918e+01,8.4906e+01,8.5241e+01,8.5578e+01,8.5604e+01,8.6248e+01,8.5779e+01,8.5864e+01,8.6792e+01,8.7820e+01,8.8999e+01,9.0040e+01,9.0978e+01,9.2183e+01,9.1960e+01,9.1847e+01,9.2134e+01,9.1811e+01,9.2413e+01,9.1954e+01,9.0700e+01,8.9678e+01,8.9095e+01,8.7666e+01,8.7255e+01,8.5660e+01,8.4322e+01,8.3459e+01,8.2664e+01,8.1620e+01,8.1190e+01,8.0445e+01,7.9688e+01,7.9614e+01,7.9086e+01,7.8706e+01,7.8702e+01,7.9046e+01,7.9403e+01,7.8918e+01,7.9204e+01,8.0017e+01,8.0249e+01,8.0748e+01,8.1308e+01,8.1683e+01,8.2062e+01,8.2018e+01,8.2250e+01,8.3423e+01,8.4408e+01,8.5487e+01,8.6021e+01,8.7328e+01,8.8062e+01,8.7208e+01,8.7999e+01,8.9295e+01,9.0541e+01,9.1582e+01,9.2525e+01,9.1652e+01,9.1207e+01,9.1940e+01,9.1396e+01,9.2775e+01,9.2987e+01,9.2724e+01,9.4346e+01,9.5581e+01,9.6129e+01,9.8316e+01,9.9523e+01,1.0121e+02,1.0218e+02,1.0243e+02,1.0271e+02,1.0310e+02,1.0395e+02,1.0442e+02,1.0536e+02,1.0633e+02,1.0730e+02,1.0823e+02,1.0884e+02,1.0932e+02,1.1005e+02,1.1100e+02,1.1186e+02,1.1273e+02,1.1371e+02,1.1477e+02,1.1581e+02,1.1679e+02,1.1802e+02,1.1878e+02,1.1960e+02,1.2057e+02,1.2112e+02,1.2175e+02,1.2162e+02,1.2131e+02
8.4675e+01,8.4701e+01,8.4993e+01,8.5377e+01,8.5813e+01,8.6455e+01,8.6638e+01,8.7295e+01,8.6872e+01,8.6191e+01,8.5785e+01,8.5106e+01,8.4867e+01,8.4944e+01,8.4531e+01,8.3861e+01,8.3390e+01,8.3474e+01,8.3348e+01,8.3240e+01,8.3480e+01,8.3628e+01,8.3869e+01,8.3606e+01,8.3786e+01,8.3978e+01,8.4323e+01,8.4599e+01,8.4561e+01,8.4545e+01,8.4534e+01,8.4870e+01,8.5210e+01,8.5234e+01,8.5881e+01,8.5412e+01,8.5499e+01,8.6427e+01,8.7458e+01,8.8638e+01,8.9681e+01,9.0622e+01,9.1828e+01,9.1604e+01,9.1485e+01,9.1769e+01,9.1444e+01,9.2045e+01,9.1584e+01,9.0328e+01,8.9302e+01,8.8716e+01,8.7285e+01,8.6870e+01,8.5270e+01,8.3933e+01,8.3070e+01,8.2277e+01,8.1231e+01,8.0803e+01,8.0058e+01,7.9300e+01,7.9227e+01,7.8699e+01,7.8319e+01,7.8315e+01,7.8661e+01,7.9017e+01,7.8532e+01,7.8818e+01,7.9632e+01,7.9865e+01,8.0364e+01,8.0927e+01,8.1302e+01,8.1681e+01,8.1637e+01,8.1867e+01,8.3043e+01,8.4030e+01,8.5112e+01,8.5646e+01,8.6958e+01,8.7692e+01,8.6835e+01,8.7628e+01,8.8928e+01,9.0177e+01,9.1222e+01,9.2167e+01,9.1291e+01,9.0844e+01,9.1580e+01,9.1035e+01,9.2422e+01,9.2639e+01,9.2378e+01,9.4009e+01,9.5254e+01,9.5809e+01,9.8008e+01,9.9224e+01,1.0092e+02,1.0189e+02,1.0214e+02,1.0243e+02,1.0281e+02,1.0367e+02,1.0414e+02,1.0509e+02,1.0606e+02,1.0704e+02,1.0797e+02,1.0859e+02,1.0907e+02,1.0980e+02,1.1075e+02,1.1162e+02,1.1250e+02,1.1348e+02,1.1454e+02,1.1558e+02,1.1657e+02,1.1781e+02,1.1857e+02,1.1939e+02,1.2036e+02,1.2091e+02,1.2155e+02,1.2141e+02,1.2111e+02
8.4391e+01,8.4417e+01,8.4708e+01,8.5094e+01,8.5528e+01,8.6171e+01,8.6355e+01,8.7012e+01,8.6590e+01,8.5909e+01,8.5500e+01,8.4823e+01,8.4585e+01,8.4665e+01,8.4255e+01,8.3586e+01,8.3117e+01,8.3201e+01,8.3075e+01,8.2971e+01,8.3212e+01,8.3359e+01,8.3601e+01,8.3337e+01,8.3518e+01,8.3714e+01,8.4066e+01,8.4346e+01,8.4312e+01,8.4299e+01,8.4290e+01,8.4629e+01,8.4968e+01,8.4993e+01,8.5641e+01,8.5173e+01,8.5258e+01,8.6188e+01,8.7220e+01,8.8403e+01,8.9445e+01,9.0388e+01,9.1593e+01,9.1367e+01,9.1243e+01,9.1525e+01,9.1199e+01,9.1800e+01,9.1338e+01,9.0079e+01,8.9050e+01,8.8461e+01,8.7027e+01,8.6607e+01,8.5005e+01,8.3668e+01,8.2808e+01,8.2015e+01,8.0965e+01,8.0535e+01,7.9792e+01,7.9031e+01,7.8957e+01,7.8429e+01,7.8048e+01,7.8043e+01,7.8387e+01,7.8744e+01,7.8258e+01,7.8546e+01,7.9361e+01,7.9595e+01,8.0096e+01,8.0661e+01,8.1038e+01,8.1418e+01,8.1375e+01,8.1606e+01,8.2784e+01,8.3773e+01,8.4859e+01,8.5392e+01,8.6708e+01,8.7442e+01,8.6581e+01,8.7374e+01,8.8675e+01,8.9928e+01,9.0975e+01,9.1921e+01,9.1039e+01,9.0590e+01,9.1327e+01,9.0782e+01,9.2175e+01,9.2392e+01,9.2130e+01,9.3768e+01,9.5016e+01,9.5571e+01,9.7779e+01,9.8997e+01,1.0070e+02,1.0168e+02,1.0193e+02,1.0221e+02,1.0259e+02,1.0345e+02,1.0392e+02,1.0488e+02,1.0585e+02,1.0684e+02,1.0777e+02,1.0838e+02,1.0887e+02,1.0960e+02,1.1056e+02,1.1142e+02,1.1231e+02,1.1329e+02,1.1435e+02,1.1540e+02,1.1639e+02,1.1763e+02,1.1839e+02,1.1921e+02,1.2019e+02,1.2074e+02,1.2138e+02,1.2124e+02,1.2094e+02
8.4004e+01,8.4029e+01,8.4320e+01,8.4708e+01,8.5141e+01,8.5785e+01,8.5970e+01,8.6630e+01,8.6212e+01,8.5531e+01,8.5122e+01,8.4444e+01,8.4209e+01,8.4292e+01,8.3880e+01,8.3212e+01,8.2746e+01,8.2831e+01,8.2705e+01,8.2600e+01,8.2839e+01,8.2987e+01,8.3223e+01,8.2961e+01,8.3142e+01,8.3341e+01,8.3696e+01,8.3977e+01,8.3946e+01,8.3935e+01,8.3928e+01,8.4268e+01,8.4609e+01,8.4635e+01,8.5287e+01,8.4820e+01,8.4904e+01,8.5834e+01,8.6869e+01,8.8053e+01,8.9095e+01,9.0040e+01,9.1247e+01,9.1020e+01,9.0895e+01,9.1177e+01,9.0852e+01,9.1454e+01,9.0993e+01,8.9732e+01,8.8702e+01,8.8112e+01,8.6675e+01,8.6255e+01,8.4649e+01,8.3308e+01,8.2447e+01,8.1652e+01,8.0601e+01,8.0170e+01,7.9425e+01,7.8664e+01,7.8590e+01,7.8060e+01,7.7681e+01,7.7674e+01,7.8020e+01,7.8374e+01,7.7887e+01,7.8169e+01,7.8982e+01,7.9212e+01,7.9711e+01,8.0273e+01,8.0647e+01,8.1026e+01,8.0981e+01,8.1214e+01,8.2391e+01,8.3382e+01,8.4469e+01,8.5006e+01,8.6323e+01,8.7062e+01,8.6204e+01,8.7003e+01,8.8310e+01,8.9569e+01,9.0618e+01,9.1570e+01,9.0688e+01,9.0241e+01,9.0982e+01,9.0430e+01,9.1829e+01,9.2053e+01,9.1784e+01,9.3427e+01,9.4686e+01,9.5240e+01,9.7458e+01,9.8686e+01,1.0040e+02,1.0138e+02,1.0163e+02,1.0192e+02,1.0230e+02,1.0316e+02,1.0362e+02,1.0458e+02,1.0556e+02,1.0655e+02,1.0749e+02,1.0811e+02,1.0859e+02,1.0933e+02,1.1028e+02,1.1115e+02,1.1204e+02,1.1303e+02,1.1409e+02,1.1515e+02,1.1614e+02,1.1738e+02,1.1814e+02,1.1897e+02,1.1995e+02,1.2050e+02,1.2114e+02,1.2101e+02,1.2070e+02
8.3766e+01,8.3789e+01,8.4082e+01,8.4470e+01,8.4902e+01,8.5545e+01,8.5732e+01,8.6394e+01,8.5980e+01,8.5301e+01,8.4892e+01,8.4215e+01,8.3982e+01,8.4068e+01,8.3656e+01,8.2989e+01,8.2526e+01,8.2610e+01,8.2486e+01,8.2383e+01,8.2619e+01,8.2764e+01,8.2998e+01,8.2735e+01,8.2916e+01,8.3118e+01,8.3477e+01,8.3761e+01,8.3734e+01,8.3724e+01,8.3718e+01,8.4059e+01,8.4402e+01,8.4429e+01,8.5083e+01,8.4619e+01,8.4704e+01,8.5634e+01,8.6671e+01,8.7856e+01,8.8892e+01,8.9838e+01,9.1044e+01,9.0816e+01,9.0687e+01,9.0967e+01,9.0644e+01,9.1246e+01,9.0784e+01,8.9523e+01,8.8493e+01,8.7903e+01,8.6467e+01,8.6048e+01,8.4441e+01,8.3100e+01,8.2239e+01,8.1444e+01,8.0394e+01,7.9964e+01,7.9220e+01,7.8459e+01,7.8384e+01,7.7853e+01,7.7478e+01,7.7469e+01,7.7815e+01,7.8166e+01,7.7680e+01,7.7958e+01,7.8769e+01,7.8996e+01,7.9492e+01,8.0052e+01,8.0424e+01,8.0803e+01,8.0757e+01,8.0990e+01,8.2163e+01,8.3154e+01,8.4241e+01,8.4780e+01,8.6097e+01,8.6839e+01,8.5983e+01,8.6786e+01,8.8097e+01,8.9360e+01,9.0408e+01,9.1364e+01,9.0484e+01,9.0035e+01,9.0776e+01,9.0219e+01,9.1621e+01,9.1845e+01,9.1571e+01,9.3215e+01,9.4477e+01,9.5026e+01,9.7247e+01,9.8477e+01,1.0020e+02,1.0118e+02,1.0143e+02,1.0171e+02,1.0209e+02,1.0295e+02,1.0341e+02,1.0437e+02,1.0535e+02,1.0634e+02,1.0728e+02,1.0790e+02,1.0839e+02,1.0912e+02,1.1008e+02,1.1095e+02,1.1184e+02,1.1283e+02,1.1390e+02,1.1495e+02,1.1594e+02,1.1718e+02,1.1794e+02,1.1877e+02,1.1975e+02,1.2031e+02,1.2095e+02,1.2082e+02,1.2051e+02
8.3456e+01,8.3478e+01,8.3768e+01,8.4158e+01,8.4590e+01,8.5236e+01,8.5426e+01,8.6091e+01,8.5679e+01,8.5001e+01,8.4591e+01,8.3913e+01,8.3684e+01,8.3774e+01,8.3363e+01,8.2696e+01,8.2238e+01,8.2325e+01,8.2204e+01,8.2102e+01,8.2337e+01,8.2479e+01,8.2707e+01,8.2444e+01,8.2625e+01,8.2829e+01,8.3190e+01,8.3476e+01,8.3452e+01,8.3444e+01,8.3443e+01,8.3784e+01,8.4125e+01,8.4154e+01,8.4810e+01,8.4347e+01,8.4432e+01,8.5362e+01,8.6402e+01,8.7588e+01,8.8623e+01,8.9568e+01,9.0771e+01,9.0542e+01,9.0411e+01,9.0690e+01,9.0367e+01,9.0970e+01,9.0508e+01,8.9246e+01,8.8215e+01,8.7625e+01,8.6190e+01,8.5771e+01,8.4166e+01,8.2824e+01,8.1964e+01,8.1167e+01,8.0120e+01,7.9689e+01,7.8946e+01,7.8187e+01,7.8111e+01,7.7579e+01,7.7209e+01,7.7197e+01,7.7544e+01,7.7892e+01,7.7406e+01,7.7681e+01,7.8489e+01,7.8714e+01,7.9208e+01,7.9765e+01,8.0136e+01,8.0515e+01,8.0468e+01,8.0701e+01,8.1873e+01,8.2863e+01,8.3951e+01,8.4491e+01,8.5808e+01,8.6551e+01,8.5697e+01,8.6501e+01,8.7813e+01,8.9078e+01,9.0126e+01,9.1084e+01,9.0202e+01,8.9754e+01,9.0497e+01,8.9938e+01,9.1343e+01,9.1573e+01,9.1295e+01,9.2942e+01,9.4214e+01,9.4766e+01,9.6993e+01,9.8234e+01,9.9965e+01,1.0096e+02,1.0121e+02,1.0150e+02,1.0187e+02,1.0274e+02,1.0320e+02,1.0416e+02,1.0514e+02,1.0614e+02,1.0708e+02,1.0770e+02,1.0819e+02,1.0893e+02,1.0989e+02,1.1076e+02,1.1165e+02,1.1265e+02,1.1371e+02,1.1477e+02,1.1576e+02,1.1700e+02,1.1777e+02,1.1860e+02,1.1958e+02,1.2014e+02,1.2079e+02,1.2065e+02,1.2035e+02
8.3169e+01,8.3191e+01,8.3480e+01,8.3873e+01,8.4309e+01,8.4957e+01,8.5150e+01,8.5818e+01,8.5404e+01,8.4725e+01,8.4313e+01,8.3633e+01,8.3402e+01,8.3496e+01,8.3086e+01,8.2419e+01,8.1964e+01,8.2048e+01,8.1929e+01,8.1828e+01,8.2061e+01,8.2198e+01,8.2421e+01,8.2158e+01,8.2338e+01,8.2544e+01,8.2907e+01,8.3192e+01,8.3168e+01,8.3160e+01,8.3161e+01,8.3499e+01,8.3840e+01,8.3870e+01,8.4529e+01,8.4068e+01,8.4154e+01,8.5085e+01,8.6125e+01,8.7312e+01,8.8347e+01,8.9294e+01,9.0496e+01,9.0267e+01,9.0133e+01,9.0410e+01,9.0086e+01,9.0687e+01,9.0223e+01,8.8961e+01,8.7931e+01,8.7339e+01,8.5905e+01,8.5486e+01,8.3883e+01,8.2541e+01,8.1683e+01,8.0886e+01,7.9840e+01,7.9408e+01,7.8665e+01,7.7907e+01,7.7830e+01,7.7300e+01,7.6929e+01,7.6917e+01,7.7266e+01,7.7615e+01,7.7129e+01,7.7404e+01,7.8213e+01,7.8438e+01,7.8933e+01,7.9491e+01,7.9863e+01,8.0243e+01,8.0195e+01,8.0429e+01,8.1603e+01,8.2595e+01,8.3685e+01,8.4227e+01,8.5545e+01,8.6289e+01,8.5435e+01,8.6240e+01,8.7554e+01,8.8822e+01,8.9871e+01,9.0832e+01,8.9948e+01,8.9499e+01,9.0244e+01,8.9681e+01,9.1090e+01,9.1320e+01,9.1036e+01,9.2682e+01,9.3960e+01,9.4507e+01,9.6737e+01,9.7981e+01,9.9716e+01,1.0071e+02,1.0096e+02,1.0125e+02,1.0162e+02,1.0249e+02,1.0295e+02,1.0391e+02,1.0489e+02,1.0589e+02,1.0684e+02,1.0746e+02,1.0795e+02,1.0869e+02,1.0965e+02,1.1053e+02,1.1142e+02,1.1242e+02,1.1348e+02,1.1454e+02,1.1554e+02,1.1679e+02,1.1755e+02,1.1838e+02,1.1937e+02,1.1993e+02,1.2058e+02,1.2045e+02,1.2014e+02
8.2976e+01,8.2996e+01,8.3286e+01,8.3680e+01,8.4117e+01,8.4768e+01,8.4963e+01,8.5632e+01,8.5219e+01,8.4542e+01,8.4130e+01,8.3449e+01,8.3218e+01,8.3315e+01,8.2905e+01,8.2237e+01,8.1785e+01,8.1868e+01,8.1751e+01,8.1650e+01,8.1882e+01,8.2017e+01,8.2237e+01,8.1974e+01,8.2152e+01,8.2357e+01,8.2721e+01,8.3005e+01,8.2981e+01,8.2973e+01,8.2975e+01,8.3313e+01,8.3654e+01,8.3684e+01,8.4347e+01,8.3887e+01,8.3973e+01,8.4906e+01,8.5949e+01,8.7137e+01,8.8174e+01,8.9121e+01,9.0322e+01,9.0094e+01,8.9960e+01,9.0237e+01,8.9913e+01,9.0514e+01,9.0050e+01,8.8787e+01,8.7756e+01,8.7165e+01,8.5732e+01,8.5312e+01,8.3709e+01,8.2367e+01,8.1509e+01,8.0711e+01,7.9663e+01,7.9231e+01,7.8486e+01,7.7725e+01,7.7647e+01,7.7114e+01,7.6742e+01,7.6729e+01,7.7077e+01,7.7425e+01,7.6936e+01,7.7209e+01,7.8019e+01,7.8243e+01,7.8737e+01,7.9294e+01,7.9663e+01,8.0041e+01,7.9991e+01,8.0224e+01,8.1396e+01,8.2388e+01,8.3479e+01,8.4022e+01,8.5337e+01,8.6083e+01,8.5232e+01,8.6038e+01,8.7356e+01,8.8623e+01,8.9668e+01,9.0629e+01,8.9748e+01,8.9296e+01,9.0037e+01,8.9468e+01,9.0873e+01,9.1101e+01,9.0807e+01,9.2447e+01,9.3726e+01,9.4266e+01,9.6495e+01,9.7740e+01,9.9477e+01,1.0047e+02,1.0072e+02,1.0101e+02,1.0138e+02,1.0225e+02,1.0271e+02,1.0368e+02,1.0466e+02,1.0566e+02,1.0661e+02,1.0724e+02,1.0772e+02,1.0846e+02,1.0942e+02,1.1030e+02,1.1120e+02,1.1220e+02,1.1327e+02,1.1433e+02,1.1532e+02,1.1658e+02,1.1735e+02,1.1818e+02,1.1917e+02,1.1973e+02,1.2038e+02,1.2025e+02,1.1994e+02
8.2798e+01,8.2818e+01,8.3106e+01,8.3500e+01,8.3942e+01,8.4592e+01,8.4788e+01,8.5456e+01,8.5041e+01,8.4361e+01,8.3947e+01,8.3265e+01,8.3032e+01,8.3132e+01,8.2726e+01,8.2058e+01,8.1606e+01,8.1689e+01,8.1572e+01,8.1470e+01,8.1701e+01,8.1833e+01,8.2053e+01,8.1790e+01,8.1968e+01,8.2174e+01,8.2538e+01,8.2818e+01,8.2788e+01,8.2780e+01,8.2777e+01,8.3114e+01,8.3452e+01,8.3482e+01,8.4142e+01,8.3682e+01,8.3767e+01,8.4700e+01,8.5743e+01,8.6932e+01,8.7972e+01,8.8920e+01,9.0121e+01,8.9893e+01,8.9759e+01,9.0035e+01,8.9710e+01,9.0311e+01,8.9846e+01,8.8584e+01,8.7554e+01,8.6962e+01,8.5529e+01,8.5108e+01,8.3508e+01,8.2168e+01,8.1314e+01,8.0517e+01,7.9471e+01,7.9038e+01,7.8295e+01,7.7535e+01,7.7457e+01,7.6926e+01,7.6554e+01,7.6542e+01,7.6890e+01,7.7239e+01,7.6752e+01,7.7027e+01,7.7837e+01,7.8063e+01,7.8558e+01,7.9118e+01,7.9489e+01,7.9868e+01,7.9820e+01,8.0054e+01,8.1227e+01,8.2218e+01,8.3309e+01,8.3850e+01,8.5168e+01,8.5912e+01,8.5058e+01,8.5862e+01,8.7178e+01,8.8446e+01,8.9494e+01,9.0455e+01,8.9572e+01,8.9122e+01,8.9866e+01,8.9296e+01,9.0705e+01,9.0935e+01,9.0641e+01,9.2284e+01,9.3567e+01,9.4109e+01,9.6340e+01,9.7588e+01,9.9324e+01,1.0031e+02,1.0056e+02,1.0086e+02,1.0123e+02,1.0211e+02,1.0256e+02,1.0354e+02,1.0452e+02,1.0552e+02,1.0647e+02,1.0710e+02,1.0758e+02,1.0832e+02,1.0928e+02,1.1016e+02,1.1106e+02,1.1206e+02,1.1314e+02,1.1420e+02,1.1520e+02,1.1646e+02,1.1723e+02,1.1806e+02,1.1906e+02,1.1962e+02,1.2027e+02,1.2013e+02,1.1983e+02
8.2567e+01,8.2588e+01,8.2877e+01,8.3273e+01,8.3716e+01,8.4366e+01,8.4561e+01,8.5229e+01,8.4812e+01,8.4133e+01,8.3717e+01,8.3033e+01,8.2800e+01,8.2898e+01,8.2491e+01,8.1823e+01,8.1369e+01,8.1452e+01,8.1333e+01,8.1233e+01,8.1466e+01,8.1599e+01,8.1822e+01,8.1562e+01,8.1741e+01,8.1947e+01,8.2310e+01,8.2587e+01,8.2554e+01,8.2543e+01,8.2538e+01,8.2874e+01,8.3209e+01,8.3240e+01,8.3898e+01,8.3438e+01,8.3523e+01,8.4456e+01,8.5499e+01,8.6690e+01,8.7732e+01,8.8680e+01,8.9880e+01,8.9654e+01,8.9523e+01,8.9803e+01,8.9478e+01,9.0082e+01,8.9616e+01,8.8355e+01,8.7323e+01,8.6733e+01,8.5299e+01,8.4879e+01,8.3278e+01,8.1938e+01,8.1084e+01,8.0287e+01,7.9241e+01,7.8807e+01,7.8063e+01,7.7301e+01,7.7222e+01,7.6689e+01,7.6317e+01,7.6303e+01,7.6648e+01,7.6994e+01,7.6507e+01,7.6782e+01,7.7589e+01,7.7817e+01,7.8310e+01,7.8870e+01,7.9241e+01,7.9617e+01,7.9571e+01,7.9802e+01,8.0973e+01,8.1962e+01,8.3053e+01,8.3592e+01,8.4909e+01,8.5651e+01,8.4796e+01,8.5598e+01,8.6913e+01,8.8179e+01,8.9226e+01,9.0184e+01,8.9302e+01,8.8852e+01,8.9595e+01,8.9022e+01,9.0430e+01,9.0661e+01,9.0367e+01,9.2011e+01,9.3295e+01,9.3841e+01,9.6074e+01,9.7326e+01,9.9065e+01,1.0006e+02,1.0031e+02,1.0061e+02,1.0100e+02,1.0188e+02,1.0234e+02,1.0332e+02,1.0431e+02,1.0532e+02,1.0627e+02,1.0690e+02,1.0738e+02,1.0813e+02,1.0909e+02,1.0998e+02,1.1088e+02,1.1188e+02,1.1296e+02,1.1403e+02,1.1503e+02,1.1629e+02,1.1707e+02,1.1790e+02,1.1890e+02,1.1946e+02,1.2011e+02,1.1997e+02,1.1967e+02
8.2360e+01,8.2385e+01,8.2676e+01,8.3071e+01,8.3517e+01,8.4169e+01,8.4365e+01,8.5034e+01,8.4614e+01,8.3934e+01,8.3517e+01,8.2831e+01,8.2596e+01,8.2689e+01,8.2281e+01,8.1612e+01,8.1156e+01,8.1237e+01,8.1115e+01,8.1013e+01,8.1247e+01,8.1380e+01,8.1605e+01,8.1345e+01,8.1524e+01,8.1730e+01,8.2096e+01,8.2373e+01,8.2339e+01,8.2324e+01,8.2321e+01,8.2654e+01,8.2989e+01,8.3022e+01,8.3680e+01,8.3223e+01,8.3307e+01,8.4237e+01,8.5281e+01,8.6471e+01,8.7508e+01,8.8454e+01,8.9650e+01,8.9423e+01,8.9292e+01,8.9573e+01,8.9246e+01,8.9852e+01,8.9385e+01,8.8125e+01,8.7094e+01,8.6503e+01,8.5074e+01,8.4655e+01,8.3055e+01,8.1717e+01,8.0862e+01,8.0069e+01,7.9025e+01,7.8595e+01,7.7850e+01,7.7091e+01,7.7013e+01,7.6480e+01,7.6111e+01,7.6097e+01,7.6443e+01,7.6790e+01,7.6303e+01,7.6576e+01,7.7381e+01,7.7606e+01,7.8100e+01,7.8655e+01,7.9027e+01,7.9406e+01,7.9361e+01,7.9596e+01,8.0765e+01,8.1756e+01,8.2844e+01,8.3387e+01,8.4704e+01,8.5450e+01,8.4597e+01,8.5404e+01,8.6722e+01,8.7992e+01,8.9039e+01,9.0002e+01,8.9122e+01,8.8673e+01,8.9416e+01,8.8839e+01,9.0246e+01,9.0477e+01,9.0178e+01,9.1820e+01,9.3105e+01,9.3649e+01,9.5884e+01,9.7138e+01,9.8880e+01,9.9877e+01,1.0013e+02,1.0044e+02,1.0082e+02,1.0170e+02,1.0218e+02,1.0316e+02,1.0416e+02,1.0517e+02,1.0612e+02,1.0675e+02,1.0724e+02,1.0799e+02,1.0896e+02,1.0984e+02,1.1075e+02,1.1176e+02,1.1284e+02,1.1391e+02,1.1492e+02,1.1618e+02,1.1695e+02,1.1779e+02,1.1878e+02,1.1935e+02,1.2000e+02,1.1986e+02,1.1956e+02
8.2317e+01,8.2343e+01,8.2634e+01,8.3029e+01,8.3475e+01,8.4129e+01,8.4327e+01,8.4995e+01,8.4575e+01,8.3894e+01,8.3475e+01,8.2788e+01,8.2552e+01,8.2645e+01,8.2237e+01,8.1567e+01,8.1109e+01,8.1189e+01,8.1065e+01,8.0961e+01,8.1197e+01,8.1329e+01,8.1552e+01,8.1292e+01,8.1471e+01,8.1676e+01,8.2044e+01,8.2321e+01,8.2285e+01,8.2267e+01,8.2262e+01,8.2592e+01,8.2925e+01,8.2959e+01,8.3619e+01,8.3162e+01,8.3245e+01,8.4176e+01,8.5219e+01,8.6409e+01,8.7444e+01,8.8388e+01,8.9580e+01,8.9352e+01,8.9220e+01,8.9501e+01,8.9173e+01,8.9780e+01,8.9311e+01,8.8050e+01,8.7019e+01,8.6428e+01,8.5001e+01,8.4581e+01,8.2982e+01,8.1648e+01,8.0795e+01,8.0005e+01,7.8961e+01,7.8534e+01,7.7790e+01,7.7031e+01,7.6955e+01,7.6422e+01,7.6055e+01,7.6041e+01,7.6390e+01,7.6737e+01,7.6249e+01,7.6520e+01,7.7328e+01,7.7550e+01,7.8044e+01,7.8598e+01,7.8969e+01,7.9349e+01,7.9301e+01,7.9539e+01,8.0710e+01,8.1705e+01,8.2798e+01,8.3345e+01,8.4665e+01,8.5416e+01,8.4563e+01,8.5374e+01,8.6697e+01,8.7968e+01,8.9016e+01,8.9978e+01,8.9096e+01,8.8642e+01,8.9384e+01,8.8803e+01,9.0212e+01,9.0439e+01,9.0133e+01,9.1773e+01,9.3058e+01,9.3592e+01,9.5826e+01,9.7081e+01,9.8827e+01,9.9820e+01,1.0007e+02,1.0037e+02,1.0076e+02,1.0164e+02,1.0211e+02,1.0309e+02,1.0409e+02,1.0510e+02,1.0606e+02,1.0668e+02,1.0717e+02,1.0792e+02,1.0889e+02,1.0978e+02,1.1068e+02,1.1169e+02,1.1277e+02,1.1384e+02,1.1485e+02,1.1611e+02,1.1689e+02,1.1772e+02,1.1872e+02,1.1928e+02,1.1994e+02,1.1980e+02,1.1950e+02
8.2117e+01,8.2145e+01,8.2437e+01,8.2829e+01,8.3275e+01,8.3930e+01,8.4127e+01,8.4797e+01,8.4376e+01,8.3694e+01,8.3274e+01,8.2588e+01,8.2349e+01,8.2440e+01,8.2032e+01,8.1362e+01,8.0902e+01,8.0980e+01,8.0854e+01,8.0747e+01,8.0985e+01,8.1119e+01,8.1345e+01,8.1088e+01,8.1268e+01,8.1473e+01,8.1841e+01,8.2121e+01,8.2088e+01,8.2066e+01,8.2063e+01,8.2393e+01,8.2726e+01,8.2762e+01,8.3422e+01,8.2969e+01,8.3052e+01,8.3979e+01,8.5020e+01,8.6208e+01,8.7237e+01,8.8180e+01,8.9368e+01,8.9140e+01,8.9007e+01,8.9287e+01,8.8955e+01,8.9562e+01,8.9091e+01,8.7832e+01,8.6803e+01,8.6213e+01,8.4789e+01,8.4370e+01,8.2773e+01,8.1441e+01,8.0589e+01,7.9801e+01,7.8761e+01,7.8335e+01,7.7592e+01,7.6836e+01,7.6761e+01,7.6231e+01,7.5868e+01,7.5854e+01,7.6205e+01,7.6551e+01,7.6067e+01,7.6337e+01,7.7141e+01,7.7360e+01,7.7856e+01,7.8405e+01,7.8778e+01,7.9162e+01,7.9120e+01,7.9363e+01,8.0531e+01,8.1529e+01,8.2615e+01,8.3167e+01,8.4489e+01,8.5243e+01,8.4390e+01,8.5206e+01,8.6530e+01,8.7808e+01,8.8860e+01,8.9830e+01,8.8948e+01,8.8500e+01,8.9248e+01,8.8666e+01,9.0079e+01,9.0311e+01,9.0006e+01,9.1646e+01,9.2934e+01,9.3472e+01,9.5706e+01,9.6965e+01,9.8714e+01,9.9711e+01,9.9967e+01,1.0027e+02,1.0066e+02,1.0154e+02,1.0202e+02,1.0301e+02,1.0402e+02,1.0503e+02,1.0599e+02,1.0662e+02,1.0711e+02,1.0786e+02,1.0883e+02,1.0972e+02,1.1063e+02,1.1164e+02,1.1272e+02,1.1380e+02,1.1481e+02,1.1608e+02,1.1685e+02,1.1768e+02,1.1868e+02,1.1925e+02,1.1990e+02,1.1977e+02,1.1946e+02
8.1949e+01,8.1978e+01,8.2271e+01,8.2663e+01,8.3111e+01,8.3769e+01,8.3964e+01,8.4636e+01,8.4213e+01,8.3531e+01,8.3110e+01,8.2423e+01,8.2181e+01,8.2273e+01,8.1864e+01,8.1191e+01,8.0728e+01,8.0806e+01,8.0677e+01,8.0567e+01,8.0805e+01,8.0941e+01,8.1167e+01,8.0911e+01,8.1091e+01,8.1296e+01,8.1663e+01,8.1941e+01,8.1907e+01,8.1884e+01,8.1881e+01,8.2211e+01,8.2541e+01,8.2577e+01,8.3237e+01,8.2785e+01,8.2869e+01,8.3796e+01,8.4835e+01,8.6021e+01,8.7048e+01,8.7991e+01,8.9177e+01,8.8950e+01,8.8816e+01,8.9095e+01,8.8761e+01,8.9370e+01,8.8899e+01,8.7640e+01,8.6610e+01,8.6020e+01,8.4597e+01,8.4178e+01,8.2581e+01,8.1249e+01,8.0398e+01,7.9609e+01,7.8569e+01,7.8144e+01,7.7401e+01,7.6646e+01,7.6573e+01,7.6044e+01,7.5681e+01,7.5670e+01,7.6022e+01,7.6370e+01,7.5887e+01,7.6158e+01,7.6963e+01,7.7182e+01,7.7680e+01,7.8230e+01,7.8604e+01,7.8991e+01,7.8950e+01,7.9195e+01,8.0366e+01,8.1367e+01,8.2456e+01,8.3010e+01,8.4337e+01,8.5094e+01,8.4238e+01,8.5057e+01,8.6384e+01,8.7667e+01,8.8723e+01,8.9697e+01,8.8812e+01,8.8364e+01,8.9117e+01,8.8533e+01,8.9952e+01,9.0186e+01,8.9877e+01,9.1521e+01,9.2813e+01,9.3349e+01,9.5588e+01,9.6851e+01,9.8605e+01,9.9604e+01,9.9860e+01,1.0016e+02,1.0056e+02,1.0143e+02,1.0191e+02,1.0290e+02,1.0391e+02,1.0493e+02,1.0589e+02,1.0652e+02,1.0701e+02,1.0776e+02,1.0873e+02,1.0962e+02,1.1053e+02,1.1155e+02,1.1263e+02,1.1371e+02,1.1472e+02,1.1599e+02,1.1676e+02,1.1760e+02,1.1859e+02,1.1916e+02,1.1982e+02,1.1968e+02,1.1938e+02
8.1884e+01,8.1915e+01,8.2211e+01,8.2603e+01,8.3052e+01,8.3711e+01,8.3905e+01,8.4577e+01,8.4155e+01,8.3474e+01,8.3053e+01,8.2366e+01,8.2122e+01,8.2213e+01,8.1804e+01,8.1130e+01,8.0668e+01,8.0744e+01,8.0612e+01,8.0497e+01,8.0733e+01,8.0870e+01,8.1096e+01,8.0843e+01,8.1021e+01,8.1225e+01,8.1590e+01,8.1868e+01,8.1832e+01,8.1806e+01,8.1802e+01,8.2129e+01,8.2458e+01,8.2494e+01,8.3154e+01,8.2706e+01,8.2794e+01,8.3720e+01,8.4754e+01,8.5939e+01,8.6963e+01,8.7907e+01,8.9090e+01,8.8863e+01,8.8727e+01,8.9002e+01,8.8665e+01,8.9270e+01,8.8797e+01,8.7538e+01,8.6510e+01,8.5921e+01,8.4499e+01,8.4078e+01,8.2485e+01,8.1155e+01,8.0308e+01,7.9520e+01,7.8482e+01,7.8057e+01,7.7317e+01,7.6563e+01,7.6493e+01,7.5966e+01,7.5602e+01,7.5594e+01,7.5947e+01,7.6298e+01,7.5817e+01,7.6093e+01,7.6899e+01,7.7122e+01,7.7625e+01,7.8178e+01,7.8559e+01,7.8949e+01,7.8912e+01,7.9159e+01,8.0336e+01,8.1340e+01,8.2430e+01,8.2983e+01,8.4318e+01,8.5072e+01,8.4207e+01,8.5023e+01,8.6348e+01,8.7636e+01,8.8702e+01,8.9676e+01,8.8782e+01,8.8336e+01,8.9097e+01,8.8518e+01,8.9947e+01,9.0182e+01,8.9876e+01,9.1527e+01,9.2822e+01,9.3361e+01,9.5604e+01,9.6870e+01,9.8628e+01,9.9633e+01,9.9892e+01,1.0020e+02,1.0059e+02,1.0146e+02,1.0194e+02,1.0294e+02,1.0395e+02,1.0498e+02,1.0594e+02,1.0657e+02,1.0705e+02,1.0780e+02,1.0877e+02,1.0967e+02,1.1057e+02,1.1159e+02,1.1267e+02,1.1375e+02,1.1476e+02,1.1603e+02,1.1680e+02,1.1764e+02,1.1864e+02,1.1921e+02,1.1986e+02,1.1972e+02,1.1942e+02
8.1829e+01,8.1860e+01,8.2155e+01,8.2547e+01,8.2997e+01,8.3655e+01,8.3848e+01,8.4519e+01,8.4095e+01,8.3417e+01,8.2996e+01,8.2310e+01,8.2068e+01,8.2156e+01,8.1749e+01,8.1076e+01,8.0616e+01,8.0690e+01,8.0560e+01,8.0444e+01,8.0674e+01,8.0810e+01,8.1035e+01,8.0782e+01,8.0957e+01,8.1159e+01,8.1522e+01,8.1794e+01,8.1755e+01,8.1727e+01,8.1722e+01,8.2050e+01,8.2379e+01,8.2416e+01,8.3075e+01,8.2630e+01,8.2720e+01,8.3643e+01,8.4673e+01,8.5854e+01,8.6878e+01,8.7819e+01,8.9000e+01,8.8772e+01,8.8638e+01,8.8916e+01,8.8582e+01,8.9191e+01,8.8719e+01,8.7463e+01,8.6437e+01,8.5850e+01,8.4429e+01,8.4012e+01,8.2421e+01,8.1091e+01,8.0244e+01,7.9456e+01,7.8420e+01,7.7994e+01,7.7255e+01,7.6502e+01,7.6434e+01,7.5909e+01,7.5546e+01,7.5540e+01,7.5893e+01,7.6244e+01,7.5765e+01,7.6041e+01,7.6845e+01,7.7068e+01,7.7570e+01,7.8123e+01,7.8505e+01,7.8894e+01,7.8859e+01,7.9106e+01,8.0280e+01,8.1282e+01,8.2369e+01,8.2920e+01,8.4255e+01,8.5007e+01,8.4142e+01,8.4956e+01,8.6278e+01,8.7565e+01,8.8632e+01,8.9607e+01,8.8712e+01,8.8270e+01,8.9033e+01,8.8456e+01,8.9887e+01,9.0125e+01,8.9820e+01,9.1472e+01,9.2769e+01,9.3310e+01,9.5552e+01,9.6821e+01,9.8576e+01,9.9586e+01,9.9851e+01,1.0016e+02,1.0055e+02,1.0143e+02,1.0191e+02,1.0291e+02,1.0393e+02,1.0495e+02,1.0590e+02,1.0654e+02,1.0702e+02,1.0777e+02,1.0875e+02,1.0964e+02,1.1055e+02,1.1157e+02,1.1265e+02,1.1372e+02,1.1473e+02,1.1600e+02,1.1677e+02,1.1761e+02,1.1861e+02,1.1918e+02,1.1983e+02,1.1969e+02,1.1939e+02
8.1768e+01,8.1798e+01,8.2095e+01,8.2488e+01,8.2939e+01,8.3596e+01,8.3788e+01,8.4456e+01,8.4032e+01,8.3355e+01,8.2934e+01,8.2249e+01,8.2010e+01,8.2097e+01,8.1691e+01,8.1021e+01,8.0563e+01,8.0636e+01,8.0506e+01,8.0393e+01,8.0621e+01,8.0755e+01,8.0978e+01,8.0725e+01,8.0902e+01,8.1102e+01,8.1464e+01,8.1734e+01,8.1696e+01,8.1667e+01,8.1663e+01,8.1991e+01,8.2324e+01,8.2364e+01,8.3025e+01,8.2585e+01,8.2676e+01,8.3597e+01,8.4624e+01,8.5805e+01,8.6827e+01,8.7768e+01,8.8947e+01,8.8716e+01,8.8579e+01,8.8857e+01,8.8520e+01,8.9129e+01,8.8655e+01,8.7399e+01,8.6371e+01,8.5783e+01,8.4362e+01,8.3942e+01,8.2352e+01,8.1025e+01,8.0180e+01,7.9395e+01,7.8358e+01,7.7935e+01,7.7197e+01,7.6446e+01,7.6378e+01,7.5855e+01,7.5494e+01,7.5488e+01,7.5842e+01,7.6193e+01,7.5715e+01,7.5991e+01,7.6795e+01,7.7017e+01,7.7521e+01,7.8073e+01,7.8455e+01,7.8845e+01,7.8811e+01,7.9059e+01,8.0232e+01,8.1234e+01,8.2321e+01,8.2873e+01,8.4208e+01,8.4963e+01,8.4099e+01,8.4916e+01,8.6239e+01,8.7530e+01,8.8597e+01,8.9575e+01,8.8679e+01,8.8237e+01,8.9002e+01,8.8425e+01,8.9859e+01,9.0096e+01,8.9791e+01,9.1444e+01,9.2740e+01,9.3279e+01,9.5521e+01,9.6792e+01,9.8548e+01,9.9559e+01,9.9826e+01,1.0014e+02,1.0053e+02,1.0141e+02,1.0189e+02,1.0289e+02,1.0390e+02,1.0492e+02,1.0587e+02,1.0651e+02,1.0700e+02,1.0775e+02,1.0872e+02,1.0961e+02,1.1052e+02,1.1154e+02,1.1262e+02,1.1370e+02,1.1471e+02,1.1598e+02,1.1675e+02,1.1758e+02,1.1858e+02,1.1915e+02,1.1980e+02,1.1967e+02,1.1936e+02
8.1806e+01,8.1838e+01,8.2134e+01,8.2524e+01,8.2977e+01,8.3632e+01,8.3824e+01,8.4491e+01,8.4068e+01,8.3391e+01,8.2973e+01,8.2287e+01,8.2048e+01,8.2133e+01,8.1728e+01,8.1060e+01,8.0603e+01,8.0673e+01,8.0541e+01,8.0426e+01,8.0652e+01,8.0786e+01,8.1006e+01,8.0754e+01,8.0929e+01,8.1127e+01,8.1488e+01,8.1756e+01,8.1719e+01,8.1687e+01,8.1684e+01,8.2009e+01,8.2341e+01,8.2382e+01,8.3041e+01,8.2607e+01,8.2700e+01,8.3615e+01,8.4638e+01,8.5816e+01,8.6836e+01,8.7777e+01,8.8951e+01,8.8721e+01,8.8580e+01,8.8851e+01,8.8512e+01,8.9117e+01,8.8644e+01,8.7389e+01,8.6368e+01,8.5781e+01,8.4366e+01,8.3946e+01,8.2360e+01,8.1038e+01,8.0194e+01,7.9411e+01,7.8380e+01,7.7959e+01,7.7224e+01,7.6478e+01,7.6412e+01,7.5893e+01,7.5536e+01,7.5532e+01,7.5887e+01,7.6239e+01,7.5765e+01,7.6042e+01,7.6843e+01,7.7064e+01,7.7571e+01,7.8119e+01,7.8505e+01,7.8900e+01,7.8871e+01,7.9125e+01,8.0298e+01,8.1301e+01,8.2383e+01,8.2939e+01,8.4277e+01,8.5033e+01,8.4167e+01,8.4986e+01,8.6309e+01,8.7604e+01,8.8677e+01,8.9659e+01,8.8759e+01,8.8322e+01,8.9094e+01,8.8522e+01,8.9960e+01,9.0201e+01,8.9898e+01,9.1554e+01,9.2852e+01,9.3392e+01,9.5635e+01,9.6908e+01,9.8665e+01,9.9680e+01,9.9947e+01,1.0027e+02,1.0066e+02,1.0153e+02,1.0202e+02,1.0302e+02,1.0402e+02,1.0504e+02,1.0599e+02,1.0663e+02,1.0712e+02,1.0787e+02,1.0884e+02,1.0973e+02,1.1064e+02,1.1165e+02,1.1273e+02,1.1380e+02,1.1481e+02,1.1608e+02,1.1685e+02,1.1769e+02,1.1868e+02,1.1925e+02,1.1990e+02,1.1977e+02,1.1946e+02
8.1938e+01,8.1968e+01,8.2264e+01,8.2656e+01,8.3110e+01,8.3767e+01,8.3958e+01,8.4624e+01,8.4201e+01,8.3527e+01,8.3112e+01,8.2427e+01,8.2188e+01,8.2275e+01,8.1869e+01,8.1200e+01,8.0745e+01,8.0810e+01,8.0679e+01,8.0564e+01,8.0787e+01,8.0920e+01,8.1138e+01,8.0886e+01,8.1058e+01,8.1255e+01,8.1614e+01,8.1882e+01,8.1843e+01,8.1806e+01,8.1799e+01,8.2120e+01,8.2448e+01,8.2488e+01,8.3145e+01,8.2715e+01,8.2810e+01,8.3722e+01,8.4740e+01,8.5916e+01,8.6934e+01,8.7876e+01,8.9047e+01,8.8819e+01,8.8676e+01,8.8941e+01,8.8600e+01,8.9202e+01,8.8728e+01,8.7474e+01,8.6455e+01,8.5869e+01,8.4457e+01,8.4035e+01,8.2455e+01,8.1137e+01,8.0297e+01,7.9518e+01,7.8490e+01,7.8071e+01,7.7341e+01,7.6598e+01,7.6534e+01,7.6018e+01,7.5664e+01,7.5663e+01,7.6020e+01,7.6374e+01,7.5901e+01,7.6179e+01,7.6981e+01,7.7203e+01,7.7712e+01,7.8260e+01,7.8649e+01,7.9045e+01,7.9019e+01,7.9275e+01,8.0449e+01,8.1453e+01,8.2534e+01,8.3091e+01,8.4431e+01,8.5187e+01,8.4319e+01,8.5139e+01,8.6460e+01,8.7758e+01,8.8834e+01,8.9816e+01,8.8912e+01,8.8477e+01,8.9252e+01,8.8683e+01,9.0125e+01,9.0365e+01,9.0062e+01,9.1718e+01,9.3016e+01,9.3555e+01,9.5798e+01,9.7071e+01,9.8827e+01,9.9844e+01,1.0011e+02,1.0043e+02,1.0082e+02,1.0169e+02,1.0217e+02,1.0316e+02,1.0416e+02,1.0518e+02,1.0613e+02,1.0677e+02,1.0725e+02,1.0800e+02,1.0897e+02,1.0985e+02,1.1076e+02,1.1177e+02,1.1285e+02,1.1392e+02,1.1492e+02,1.1619e+02,1.1696e+02,1.1779e+02,1.1879e+02,1.1935e+02,1.2001e+02,1.1987e+02,1.1957e+02
8.2074e+01,8.2103e+01,8.2396e+01,8.2785e+01,8.3236e+01,8.3892e+01,8.4082e+01,8.4747e+01,8.4324e+01,8.3655e+01,8.3244e+01,8.2560e+01,8.2322e+01,8.2409e+01,8.2002e+01,8.1335e+01,8.0881e+01,8.0944e+01,8.0812e+01,8.0697e+01,8.0920e+01,8.1053e+01,8.1268e+01,8.1016e+01,8.1186e+01,8.1383e+01,8.1740e+01,8.2006e+01,8.1969e+01,8.1934e+01,8.1931e+01,8.2253e+01,8.2585e+01,8.2627e+01,8.3283e+01,8.2857e+01,8.2951e+01,8.3862e+01,8.4878e+01,8.6054e+01,8.7070e+01,8.8011e+01,8.9177e+01,8.8947e+01,8.8799e+01,8.9061e+01,8.8718e+01,8.9318e+01,8.8843e+01,8.7590e+01,8.6574e+01,8.5988e+01,8.4579e+01,8.4157e+01,8.2577e+01,8.1260e+01,8.0420e+01,7.9642e+01,7.8615e+01,7.8198e+01,7.7468e+01,7.6726e+01,7.6661e+01,7.6145e+01,7.5793e+01,7.5791e+01,7.6148e+01,7.6501e+01,7.6029e+01,7.6307e+01,7.7108e+01,7.7327e+01,7.7836e+01,7.8381e+01,7.8769e+01,7.9167e+01,7.9142e+01,7.9401e+01,8.0572e+01,8.1577e+01,8.2656e+01,8.3215e+01,8.4555e+01,8.5315e+01,8.4448e+01,8.5271e+01,8.6593e+01,8.7893e+01,8.8971e+01,8.9955e+01,8.9050e+01,8.8616e+01,8.9394e+01,8.8827e+01,9.0272e+01,9.0514e+01,9.0211e+01,9.1870e+01,9.3168e+01,9.3708e+01,9.5950e+01,9.7224e+01,9.8981e+01,9.9999e+01,1.0027e+02,1.0059e+02,1.0097e+02,1.0185e+02,1.0232e+02,1.0331e+02,1.0430e+02,1.0532e+02,1.0627e+02,1.0690e+02,1.0739e+02,1.0813e+02,1.0910e+02,1.0998e+02,1.1088e+02,1.1190e+02,1.1297e+02,1.1403e+02,1.1504e+02,1.1630e+02,1.1707e+02,1.1791e+02,1.1890e+02,1.1947e+02,1.2012e+02,1.1998e+02,1.1968e+02
8.2197e+01,8.2225e+01,8.2516e+01,8.2902e+01,8.3352e+01,8.4007e+01,8.4193e+01,8.4857e+01,8.4433e+01,8.3766e+01,8.3358e+01,8.2677e+01,8.2438e+01,8.2527e+01,8.2123e+01,8.1458e+01,8.1007e+01,8.1070e+01,8.0937e+01,8.0819e+01,8.1044e+01,8.1181e+01,8.1400e+01,8.1153e+01,8.1325e+01,8.1524e+01,8.1879e+01,8.2147e+01,8.2108e+01,8.2069e+01,8.2063e+01,8.2381e+01,8.2710e+01,8.2747e+01,8.3399e+01,8.2971e+01,8.3070e+01,8.3982e+01,8.4995e+01,8.6172e+01,8.7187e+01,8.8129e+01,8.9295e+01,8.9065e+01,8.8916e+01,8.9174e+01,8.8829e+01,8.9424e+01,8.8946e+01,8.7689e+01,8.6674e+01,8.6086e+01,8.4677e+01,8.4252e+01,8.2675e+01,8.1360e+01,8.0524e+01,7.9747e+01,7.8721e+01,7.8305e+01,7.7580e+01,7.6839e+01,7.6778e+01,7.6266e+01,7.5914e+01,7.5917e+01,7.6277e+01,7.6635e+01,7.6165e+01,7.6448e+01,7.7252e+01,7.7474e+01,7.7988e+01,7.8533e+01,7.8925e+01,7.9328e+01,7.9306e+01,7.9568e+01,8.0742e+01,8.1748e+01,8.2826e+01,8.3385e+01,8.4728e+01,8.5485e+01,8.4615e+01,8.5436e+01,8.6756e+01,8.8058e+01,8.9140e+01,9.0125e+01,8.9216e+01,8.8785e+01,8.9569e+01,8.9005e+01,9.0452e+01,9.0698e+01,9.0400e+01,9.2059e+01,9.3361e+01,9.3907e+01,9.6149e+01,9.7425e+01,9.9182e+01,1.0020e+02,1.0047e+02,1.0079e+02,1.0118e+02,1.0205e+02,1.0252e+02,1.0351e+02,1.0450e+02,1.0551e+02,1.0646e+02,1.0710e+02,1.0758e+02,1.0832e+02,1.0928e+02,1.1016e+02,1.1106e+02,1.1207e+02,1.1314e+02,1.1421e+02,1.1521e+02,1.1647e+02,1.1723e+02,1.1807e+02,1.1906e+02,1.1963e+02,1.2028e+02,1.2015e+02,1.1984e+02
8.2390e+01,8.2418e+01,8.2705e+01,8.3084e+01,8.3530e+01,8.4180e+01,8.4363e+01,8.5023e+01,8.4600e+01,8.3937e+01,8.3530e+01,8.2854e+01,8.2614e+01,8.2703e+01,8.2301e+01,8.1639e+01,8.1190e+01,8.1251e+01,8.1118e+01,8.1001e+01,8.1226e+01,8.1364e+01,8.1585e+01,8.1342e+01,8.1515e+01,8.1718e+01,8.2074e+01,8.2344e+01,8.2309e+01,8.2272e+01,8.2265e+01,8.2583e+01,8.2911e+01,8.2945e+01,8.3594e+01,8.3166e+01,8.3267e+01,8.4178e+01,8.5188e+01,8.6365e+01,8.7374e+01,8.8316e+01,8.9480e+01,8.9250e+01,8.9098e+01,8.9354e+01,8.9007e+01,8.9600e+01,8.9120e+01,8.7865e+01,8.6850e+01,8.6261e+01,8.4856e+01,8.4433e+01,8.2859e+01,8.1547e+01,8.0714e+01,7.9939e+01,7.8916e+01,7.8501e+01,7.7779e+01,7.7040e+01,7.6979e+01,7.6469e+01,7.6120e+01,7.6125e+01,7.6485e+01,7.6843e+01,7.6377e+01,7.6662e+01,7.7465e+01,7.7687e+01,7.8204e+01,7.8747e+01,7.9141e+01,7.9547e+01,7.9528e+01,7.9793e+01,8.0965e+01,8.1971e+01,8.3044e+01,8.3604e+01,8.4947e+01,8.5704e+01,8.4834e+01,8.5657e+01,8.6974e+01,8.8279e+01,8.9361e+01,9.0348e+01,8.9441e+01,8.9014e+01,8.9802e+01,8.9237e+01,9.0685e+01,9.0937e+01,9.0641e+01,9.2297e+01,9.3603e+01,9.4154e+01,9.6393e+01,9.7672e+01,9.9425e+01,1.0044e+02,1.0072e+02,1.0104e+02,1.0143e+02,1.0231e+02,1.0277e+02,1.0375e+02,1.0474e+02,1.0575e+02,1.0670e+02,1.0733e+02,1.0781e+02,1.0855e+02,1.0952e+02,1.1039e+02,1.1129e+02,1.1230e+02,1.1337e+02,1.1443e+02,1.1543e+02,1.1668e+02,1.1745e+02,1.1829e+02,1.1928e+02,1.1985e+02,1.2050e+02,1.2037e+02,1.2006e+02
8.2463e+01,8.2492e+01,8.2777e+01,8.3154e+01,8.3598e+01,8.4246e+01,8.4429e+01,8.5087e+01,8.4665e+01,8.4003e+01,8.3599e+01,8.2924e+01,8.2681e+01,8.2773e+01,8.2372e+01,8.1713e+01,8.1266e+01,8.1329e+01,8.1193e+01,8.1075e+01,8.1303e+01,8.1443e+01,8.1668e+01,8.1425e+01,8.1600e+01,8.1803e+01,8.2162e+01,8.2431e+01,8.2395e+01,8.2354e+01,8.2346e+01,8.2661e+01,8.2988e+01,8.3021e+01,8.3669e+01,8.3241e+01,8.3345e+01,8.4257e+01,8.5266e+01,8.6446e+01,8.7456e+01,8.8399e+01,8.9563e+01,8.9333e+01,8.9182e+01,8.9436e+01,8.9088e+01,8.9678e+01,8.9195e+01,8.7938e+01,8.6923e+01,8.6332e+01,8.4925e+01,8.4500e+01,8.2928e+01,8.1619e+01,8.0789e+01,8.0018e+01,7.8995e+01,7.8582e+01,7.7864e+01,7.7125e+01,7.7066e+01,7.6558e+01,7.6209e+01,7.6216e+01,7.6576e+01,7.6936e+01,7.6473e+01,7.6759e+01,7.7561e+01,7.7783e+01,7.8302e+01,7.8844e+01,7.9242e+01,7.9649e+01,7.9635e+01,7.9900e+01,8.1071e+01,8.2075e+01,8.3146e+01,8.3703e+01,8.5046e+01,8.5800e+01,8.4929e+01,8.5750e+01,8.7064e+01,8.8368e+01,8.9450e+01,9.0437e+01,8.9530e+01,8.9107e+01,8.9897e+01,8.9331e+01,9.0780e+01,9.1037e+01,9.0745e+01,9.2399e+01,9.3707e+01,9.4266e+01,9.6503e+01,9.7785e+01,9.9539e+01,1.0056e+02,1.0084e+02,1.0116e+02,1.0156e+02,1.0244e+02,1.0291e+02,1.0388e+02,1.0487e+02,1.0588e+02,1.0682e+02,1.0745e+02,1.0794e+02,1.0868e+02,1.0964e+02,1.1051e+02,1.1141e+02,1.1242e+02,1.1349e+02,1.1455e+02,1.1554e+02,1.1680e+02,1.1757e+02,1.1840e+02,1.1939e+02,1.1996e+02,1.2062e+02,1.2048e+02,1.2018e+02
8.2545e+01,8.2576e+01,8.2860e+01,8.3238e+01,8.3676e+01,8.4323e+01,8.4504e+01,8.5161e+01,8.4739e+01,8.4080e+01,8.3676e+01,8.3000e+01,8.2757e+01,8.2849e+01,8.2449e+01,8.1791e+01,8.1346e+01,8.1412e+01,8.1278e+01,8.1159e+01,8.1389e+01,8.1527e+01,8.1752e+01,8.1507e+01,8.1682e+01,8.1884e+01,8.2244e+01,8.2512e+01,8.2476e+01,8.2433e+01,8.2425e+01,8.2736e+01,8.3063e+01,8.3094e+01,8.3744e+01,8.3321e+01,8.3430e+01,8.4342e+01,8.5353e+01,8.6537e+01,8.7547e+01,8.8492e+01,8.9656e+01,8.9423e+01,8.9268e+01,8.9522e+01,8.9173e+01,8.9763e+01,8.9276e+01,8.8019e+01,8.7003e+01,8.6409e+01,8.5004e+01,8.4581e+01,8.3008e+01,8.1700e+01,8.0870e+01,8.0102e+01,7.9081e+01,7.8673e+01,7.7954e+01,7.7217e+01,7.7159e+01,7.6651e+01,7.6305e+01,7.6311e+01,7.6674e+01,7.7031e+01,7.6567e+01,7.6849e+01,7.7650e+01,7.7868e+01,7.8385e+01,7.8924e+01,7.9320e+01,7.9727e+01,7.9710e+01,7.9977e+01,8.1146e+01,8.2152e+01,8.3223e+01,8.3783e+01,8.5123e+01,8.5880e+01,8.5015e+01,8.5839e+01,8.7159e+01,8.8462e+01,8.9538e+01,9.0526e+01,8.9622e+01,8.9193e+01,8.9977e+01,8.9404e+01,9.0847e+01,9.1103e+01,9.0805e+01,9.2452e+01,9.3759e+01,9.4315e+01,9.6547e+01,9.7824e+01,9.9577e+01,1.0059e+02,1.0087e+02,1.0120e+02,1.0160e+02,1.0248e+02,1.0295e+02,1.0393e+02,1.0492e+02,1.0592e+02,1.0685e+02,1.0748e+02,1.0797e+02,1.0871e+02,1.0966e+02,1.1054e+02,1.1144e+02,1.1244e+02,1.1351e+02,1.1457e+02,1.1556e+02,1.1682e+02,1.1758e+02,1.1842e+02,1.1941e+02,1.1997e+02,1.2063e+02,1.2050e+02,1.2020e+02
8.2719e+01,8.2753e+01,8.3037e+01,8.3412e+01,8.3846e+01,8.4487e+01,8.4668e+01,8.5321e+01,8.4903e+01,8.4245e+01,8.3841e+01,8.3164e+01,8.2920e+01,8.3011e+01,8.2611e+01,8.1958e+01,8.1517e+01,8.1585e+01,8.1449e+01,8.1329e+01,8.1561e+01,8.1699e+01,8.1924e+01,8.1681e+01,8.1859e+01,8.2061e+01,8.2425e+01,8.2691e+01,8.2657e+01,8.2612e+01,8.2605e+01,8.2913e+01,8.3239e+01,8.3269e+01,8.3919e+01,8.3500e+01,8.3612e+01,8.4522e+01,8.5531e+01,8.6716e+01,8.7724e+01,8.8669e+01,8.9832e+01,8.9597e+01,8.9440e+01,8.9692e+01,8.9343e+01,8.9932e+01,8.9441e+01,8.8183e+01,8.7167e+01,8.6572e+01,8.5168e+01,8.4745e+01,8.3172e+01,8.1866e+01,8.1036e+01,8.0273e+01,7.9256e+01,7.8852e+01,7.8136e+01,7.7402e+01,7.7345e+01,7.6839e+01,7.6498e+01,7.6506e+01,7.6872e+01,7.7231e+01,7.6768e+01,7.7048e+01,7.7848e+01,7.8062e+01,7.8579e+01,7.9114e+01,7.9509e+01,7.9920e+01,7.9904e+01,8.0175e+01,8.1342e+01,8.2349e+01,8.3419e+01,8.3982e+01,8.5321e+01,8.6081e+01,8.5218e+01,8.6044e+01,8.7366e+01,8.8671e+01,8.9744e+01,9.0734e+01,8.9832e+01,8.9404e+01,9.0189e+01,8.9612e+01,9.1055e+01,9.1316e+01,9.1016e+01,9.2661e+01,9.3971e+01,9.4527e+01,9.6755e+01,9.8034e+01,9.9782e+01,1.0079e+02,1.0107e+02,1.0140e+02,1.0180e+02,1.0269e+02,1.0316e+02,1.0413e+02,1.0512e+02,1.0612e+02,1.0705e+02,1.0767e+02,1.0815e+02,1.0889e+02,1.0984e+02,1.1071e+02,1.1161e+02,1.1262e+02,1.1368e+02,1.1474e+02,1.1573e+02,1.1698e+02,1.1774e+02,1.1857e+02,1.1956e+02,1.2012e+02,1.2078e+02,1.2065e+02,1.2035e+02
8.2859e+01,8.2895e+01,8.3175e+01,8.3548e+01,8.3977e+01,8.4615e+01,8.4795e+01,8.5446e+01,8.5031e+01,8.4374e+01,8.3964e+01,8.3288e+01,8.3042e+01,8.3129e+01,8.2729e+01,8.2080e+01,8.1638e+01,8.1711e+01,8.1572e+01,8.1452e+01,8.1685e+01,8.1826e+01,8.2051e+01,8.1810e+01,8.1992e+01,8.2195e+01,8.2565e+01,8.2834e+01,8.2804e+01,8.2758e+01,8.2752e+01,8.3058e+01,8.3385e+01,8.3416e+01,8.4067e+01,8.3654e+01,8.3768e+01,8.4675e+01,8.5683e+01,8.6869e+01,8.7875e+01,8.8818e+01,8.9980e+01,8.9740e+01,8.9580e+01,8.9832e+01,8.9483e+01,9.0073e+01,8.9579e+01,8.8321e+01,8.7304e+01,8.6707e+01,8.5305e+01,8.4883e+01,8.3309e+01,8.2005e+01,8.1174e+01,8.0415e+01,7.9400e+01,7.9002e+01,7.8286e+01,7.7554e+01,7.7497e+01,7.6990e+01,7.6656e+01,7.6661e+01,7.7030e+01,7.7384e+01,7.6922e+01,7.7196e+01,7.7992e+01,7.8198e+01,7.8713e+01,7.9240e+01,7.9631e+01,8.0044e+01,8.0027e+01,8.0302e+01,8.1464e+01,8.2474e+01,8.3542e+01,8.4110e+01,8.5446e+01,8.6211e+01,8.5357e+01,8.6189e+01,8.7517e+01,8.8824e+01,8.9890e+01,9.0884e+01,8.9989e+01,8.9559e+01,9.0340e+01,8.9755e+01,9.1195e+01,9.1456e+01,9.1151e+01,9.2789e+01,9.4098e+01,9.4650e+01,9.6872e+01,9.8150e+01,9.9897e+01,1.0090e+02,1.0117e+02,1.0151e+02,1.0192e+02,1.0281e+02,1.0328e+02,1.0425e+02,1.0524e+02,1.0623e+02,1.0716e+02,1.0778e+02,1.0826e+02,1.0899e+02,1.0994e+02,1.1082e+02,1.1171e+02,1.1271e+02,1.1378e+02,1.1483e+02,1.1582e+02,1.1707e+02,1.1783e+02,1.1866e+02,1.1965e+02,1.2021e+02,1.2087e+02,1.2074e+02,1.2044e+02
8.3147e+01,8.3187e+01,8.3469e+01,8.3842e+01,8.4267e+01,8.4897e+01,8.5076e+01,8.5721e+01,8.5308e+01,8.4652e+01,8.4241e+01,8.3567e+01,8.3318e+01,8.3403e+01,8.3003e+01,8.2356e+01,8.1914e+01,8.1986e+01,8.1844e+01,8.1724e+01,8.1959e+01,8.2099e+01,8.2322e+01,8.2081e+01,8.2262e+01,8.2465e+01,8.2836e+01,8.3102e+01,8.3071e+01,8.3023e+01,8.3016e+01,8.3319e+01,8.3643e+01,8.3671e+01,8.4320e+01,8.3908e+01,8.4024e+01,8.4928e+01,8.5931e+01,8.7116e+01,8.8118e+01,8.9061e+01,9.0218e+01,8.9978e+01,8.9817e+01,9.0066e+01,8.9718e+01,9.0304e+01,8.9812e+01,8.8556e+01,8.7543e+01,8.6948e+01,8.5550e+01,8.5127e+01,8.3560e+01,8.2261e+01,8.1435e+01,8.0680e+01,7.9671e+01,7.9276e+01,7.8564e+01,7.7836e+01,7.7781e+01,7.7277e+01,7.6943e+01,7.6950e+01,7.7319e+01,7.7674e+01,7.7214e+01,7.7488e+01,7.8282e+01,7.8487e+01,7.9003e+01,7.9529e+01,7.9922e+01,8.0336e+01,8.0322e+01,8.0598e+01,8.1758e+01,8.2765e+01,8.3830e+01,8.4396e+01,8.5731e+01,8.6492e+01,8.5637e+01,8.6465e+01,8.7788e+01,8.9090e+01,9.0155e+01,9.1146e+01,9.0250e+01,8.9821e+01,9.0602e+01,9.0021e+01,9.1460e+01,9.1724e+01,9.1423e+01,9.3059e+01,9.4366e+01,9.4920e+01,9.7136e+01,9.8411e+01,1.0015e+02,1.0116e+02,1.0143e+02,1.0177e+02,1.0218e+02,1.0306e+02,1.0353e+02,1.0450e+02,1.0548e+02,1.0648e+02,1.0740e+02,1.0803e+02,1.0850e+02,1.0924e+02,1.1019e+02,1.1106e+02,1.1195e+02,1.1295e+02,1.1401e+02,1.1507e+02,1.1605e+02,1.1730e+02,1.1806e+02,1.1889e+02,1.1987e+02,1.2044e+02,1.2109e+02,1.2096e+02,1.2066e+02
8.3370e+01,8.3411e+01,8.3693e+01,8.4068e+01,8.4492e+01,8.5120e+01,8.5299e+01,8.5941e+01,8.5531e+01,8.4877e+01,8.4463e+01,8.3791e+01,8.3539e+01,8.3621e+01,8.3224e+01,8.2577e+01,8.2133e+01,8.2201e+01,8.2057e+01,8.1939e+01,8.2174e+01,8.2313e+01,8.2533e+01,8.2293e+01,8.2476e+01,8.2680e+01,8.3054e+01,8.3318e+01,8.3291e+01,8.3245e+01,8.3242e+01,8.3546e+01,8.3872e+01,8.3904e+01,8.4556e+01,8.4144e+01,8.4259e+01,8.5163e+01,8.6166e+01,8.7353e+01,8.8353e+01,8.9298e+01,9.0453e+01,9.0209e+01,9.0044e+01,9.0292e+01,8.9944e+01,9.0530e+01,9.0037e+01,8.8783e+01,8.7769e+01,8.7173e+01,8.5776e+01,8.5356e+01,8.3791e+01,8.2494e+01,8.1670e+01,8.0915e+01,7.9906e+01,7.9511e+01,7.8800e+01,7.8071e+01,7.8014e+01,7.7510e+01,7.7175e+01,7.7181e+01,7.7546e+01,7.7897e+01,7.7439e+01,7.7711e+01,7.8501e+01,7.8706e+01,7.9219e+01,7.9743e+01,8.0135e+01,8.0547e+01,8.0534e+01,8.0808e+01,8.1964e+01,8.2968e+01,8.4030e+01,8.4595e+01,8.5925e+01,8.6684e+01,8.5831e+01,8.6657e+01,8.7977e+01,8.9276e+01,9.0337e+01,9.1324e+01,9.0428e+01,8.9998e+01,9.0774e+01,9.0193e+01,9.1628e+01,9.1888e+01,9.1588e+01,9.3218e+01,9.4519e+01,9.5071e+01,9.7277e+01,9.8549e+01,1.0029e+02,1.0129e+02,1.0156e+02,1.0190e+02,1.0232e+02,1.0321e+02,1.0368e+02,1.0464e+02,1.0562e+02,1.0661e+02,1.0753e+02,1.0816e+02,1.0864e+02,1.0937e+02,1.1032e+02,1.1119e+02,1.1208e+02,1.1308e+02,1.1414e+02,1.1520e+02,1.1619e+02,1.1743e+02,1.1819e+02,1.1901e+02,1.2000e+02,1.2057e+02,1.2122e+02,1.2109e+02,1.2079e+02
8.3626e+01,8.3669e+01,8.3949e+01,8.4324e+01,8.4745e+01,8.5368e+01,8.5547e+01,8.6184e+01,8.5777e+01,8.5124e+01,8.4709e+01,8.4038e+01,8.3785e+01,8.3863e+01,8.3466e+01,8.2822e+01,8.2378e+01,8.2447e+01,8.2303e+01,8.2186e+01,8.2421e+01,8.2558e+01,8.2773e+01,8.2534e+01,8.2717e+01,8.2922e+01,8.3295e+01,8.3557e+01,8.3531e+01,8.3486e+01,8.3485e+01,8.3790e+01,8.4118e+01,8.4148e+01,8.4800e+01,8.4387e+01,8.4505e+01,8.5410e+01,8.6412e+01,8.7602e+01,8.8604e+01,8.9551e+01,9.0707e+01,9.0464e+01,9.0297e+01,9.0543e+01,9.0192e+01,9.0777e+01,9.0283e+01,8.9028e+01,8.8015e+01,8.7415e+01,8.6016e+01,8.5593e+01,8.4029e+01,8.2733e+01,8.1914e+01,8.1159e+01,8.0150e+01,7.9753e+01,7.9045e+01,7.8315e+01,7.8257e+01,7.7752e+01,7.7417e+01,7.7421e+01,7.7783e+01,7.8134e+01,7.7677e+01,7.7950e+01,7.8740e+01,7.8946e+01,7.9460e+01,7.9985e+01,8.0379e+01,8.0790e+01,8.0779e+01,8.1054e+01,8.2209e+01,8.3209e+01,8.4270e+01,8.4830e+01,8.6161e+01,8.6915e+01,8.6059e+01,8.6880e+01,8.8194e+01,8.9490e+01,9.0552e+01,9.1533e+01,9.0636e+01,9.0208e+01,9.0985e+01,9.0409e+01,9.1843e+01,9.2106e+01,9.1813e+01,9.3442e+01,9.4739e+01,9.5298e+01,9.7499e+01,9.8769e+01,1.0051e+02,1.0151e+02,1.0178e+02,1.0213e+02,1.0254e+02,1.0343e+02,1.0390e+02,1.0486e+02,1.0584e+02,1.0683e+02,1.0775e+02,1.0837e+02,1.0885e+02,1.0958e+02,1.1053e+02,1.1140e+02,1.1229e+02,1.1329e+02,1.1435e+02,1.1540e+02,1.1639e+02,1.1763e+02,1.1839e+02,1.1921e+02,1.2019e+02,1.2076e+02,1.2141e+02,1.2128e+02,1.2098e+02
8.3904e+01,8.3949e+01,8.4230e+01,8.4607e+01,8.5024e+01,8.5645e+01,8.5823e+01,8.6456e+01,8.6051e+01,8.5399e+01,8.4984e+01,8.4317e+01,8.4064e+01,8.4140e+01,8.3744e+01,8.3102e+01,8.2657e+01,8.2723e+01,8.2575e+01,8.2457e+01,8.2690e+01,8.2826e+01,8.3040e+01,8.2803e+01,8.2987e+01,8.3192e+01,8.3567e+01,8.3827e+01,8.3804e+01,8.3762e+01,8.3764e+01,8.4070e+01,8.4401e+01,8.4432e+01,8.5087e+01,8.4676e+01,8.4794e+01,8.5696e+01,8.6699e+01,8.7886e+01,8.8880e+01,8.9821e+01,9.0971e+01,9.0721e+01,9.0551e+01,9.0798e+01,9.0450e+01,9.1035e+01,9.0541e+01,8.9294e+01,8.8283e+01,8.7686e+01,8.6292e+01,8.5876e+01,8.4314e+01,8.3021e+01,8.2202e+01,8.1450e+01,8.0446e+01,8.0052e+01,7.9345e+01,7.8620e+01,7.8561e+01,7.8061e+01,7.7727e+01,7.7732e+01,7.8094e+01,7.8443e+01,7.7990e+01,7.8261e+01,7.9047e+01,7.9249e+01,7.9763e+01,8.0285e+01,8.0680e+01,8.1093e+01,8.1084e+01,8.1360e+01,8.2512e+01,8.3511e+01,8.4569e+01,8.5129e+01,8.6458e+01,8.7210e+01,8.6355e+01,8.7175e+01,8.8487e+01,8.9780e+01,9.0840e+01,9.1821e+01,9.0924e+01,9.0496e+01,9.1270e+01,9.0694e+01,9.2123e+01,9.2384e+01,9.2091e+01,9.3713e+01,9.5002e+01,9.5557e+01,9.7747e+01,9.9009e+01,1.0074e+02,1.0173e+02,1.0199e+02,1.0234e+02,1.0275e+02,1.0364e+02,1.0411e+02,1.0506e+02,1.0603e+02,1.0702e+02,1.0794e+02,1.0856e+02,1.0904e+02,1.0976e+02,1.1071e+02,1.1158e+02,1.1247e+02,1.1346e+02,1.1452e+02,1.1557e+02,1.1655e+02,1.1779e+02,1.1854e+02,1.1936e+02,1.2034e+02,1.2091e+02,1.2156e+02,1.2143e+02,1.2113e+02
8.4097e+01,8.4145e+01,8.4426e+01,8.4805e+01,8.5222e+01,8.5844e+01,8.6021e+01,8.6654e+01,8.6247e+01,8.5595e+01,8.5182e+01,8.4516e+01,8.4264e+01,8.4341e+01,8.3947e+01,8.3304e+01,8.2859e+01,8.2925e+01,8.2778e+01,8.2659e+01,8.2890e+01,8.3024e+01,8.3234e+01,8.2993e+01,8.3174e+01,8.3373e+01,8.3746e+01,8.4001e+01,8.3974e+01,8.3932e+01,8.3933e+01,8.4238e+01,8.4569e+01,8.4601e+01,8.5254e+01,8.4843e+01,8.4959e+01,8.5861e+01,8.6862e+01,8.8047e+01,8.9038e+01,8.9975e+01,9.1123e+01,9.0871e+01,9.0702e+01,9.0949e+01,9.0601e+01,9.1184e+01,9.0691e+01,8.9450e+01,8.8441e+01,8.7844e+01,8.6453e+01,8.6037e+01,8.4476e+01,8.3186e+01,8.2368e+01,8.1619e+01,8.0617e+01,8.0227e+01,7.9521e+01,7.8797e+01,7.8742e+01,7.8244e+01,7.7908e+01,7.7916e+01,7.8279e+01,7.8631e+01,7.8177e+01,7.8452e+01,7.9240e+01,7.9447e+01,7.9963e+01,8.0490e+01,8.0888e+01,8.1302e+01,8.1294e+01,8.1568e+01,8.2725e+01,8.3724e+01,8.4784e+01,8.5341e+01,8.6673e+01,8.7421e+01,8.6562e+01,8.7378e+01,8.8687e+01,8.9979e+01,9.1041e+01,9.2019e+01,9.1122e+01,9.0695e+01,9.1468e+01,9.0896e+01,9.2324e+01,9.2586e+01,9.2297e+01,9.3921e+01,9.5207e+01,9.5765e+01,9.7954e+01,9.9209e+01,1.0094e+02,1.0192e+02,1.0218e+02,1.0252e+02,1.0294e+02,1.0382e+02,1.0429e+02,1.0524e+02,1.0620e+02,1.0719e+02,1.0811e+02,1.0873e+02,1.0921e+02,1.0994e+02,1.1088e+02,1.1175e+02,1.1264e+02,1.1363e+02,1.1469e+02,1.1574e+02,1.1671e+02,1.1796e+02,1.1871e+02,1.1952e+02,1.2050e+02,1.2107e+02,1.2172e+02,1.2159e+02,1.2129e+02
8.4184e+01,8.4234e+01,8.4516e+01,8.4895e+01,8.5313e+01,8.5934e+01,8.6111e+01,8.6743e+01,8.6331e+01,8.5681e+01,8.5268e+01,8.4603e+01,8.4350e+01,8.4426e+01,8.4033e+01,8.3388e+01,8.2942e+01,8.3005e+01,8.2859e+01,8.2739e+01,8.2969e+01,8.3098e+01,8.3307e+01,8.3061e+01,8.3241e+01,8.3439e+01,8.3810e+01,8.4063e+01,8.4034e+01,8.3995e+01,8.3998e+01,8.4306e+01,8.4638e+01,8.4671e+01,8.5325e+01,8.4913e+01,8.5026e+01,8.5928e+01,8.6931e+01,8.8116e+01,8.9109e+01,9.0047e+01,9.1195e+01,9.0945e+01,9.0777e+01,9.1026e+01,9.0679e+01,9.1262e+01,9.0771e+01,8.9537e+01,8.8533e+01,8.7938e+01,8.6550e+01,8.6138e+01,8.4577e+01,8.3285e+01,8.2465e+01,8.1710e+01,8.0708e+01,8.0312e+01,7.9602e+01,7.8876e+01,7.8816e+01,7.8317e+01,7.7975e+01,7.7981e+01,7.8336e+01,7.8686e+01,7.8234e+01,7.8508e+01,7.9292e+01,7.9502e+01,8.0016e+01,8.0548e+01,8.0947e+01,8.1356e+01,8.1352e+01,8.1621e+01,8.2775e+01,8.3767e+01,8.4823e+01,8.5374e+01,8.6704e+01,8.7446e+01,8.6583e+01,8.7395e+01,8.8699e+01,8.9987e+01,9.1049e+01,9.2025e+01,9.1130e+01,9.0708e+01,9.1484e+01,9.0917e+01,9.2345e+01,9.2610e+01,9.2326e+01,9.3951e+01,9.5239e+01,9.5801e+01,9.7992e+01,9.9248e+01,1.0097e+02,1.0196e+02,1.0222e+02,1.0257e+02,1.0298e+02,1.0387e+02,1.0433e+02,1.0529e+02,1.0626e+02,1.0724e+02,1.0816e+02,1.0878e+02,1.0925e+02,1.0998e+02,1.1092e+02,1.1179e+02,1.1267e+02,1.1366e+02,1.1472e+02,1.1577e+02,1.1674e+02,1.1798e+02,1.1873e+02,1.1955e+02,1.2053e+02,1.2109e+02,1.2174e+02,1.2161e+02,1.2131e+02
8.4522e+01,8.4574e+01,8.4855e+01,8.5231e+01,8.5649e+01,8.6269e+01,8.6447e+01,8.7078e+01,8.6667e+01,8.6015e+01,8.5601e+01,8.4936e+01,8.4684e+01,8.4756e+01,8.4364e+01,8.3720e+01,8.3275e+01,8.3336e+01,8.3187e+01,8.3066e+01,8.3296e+01,8.3429e+01,8.3636e+01,8.3392e+01,8.3574e+01,8.3775e+01,8.4148e+01,8.4402e+01,8.4375e+01,8.4336e+01,8.4337e+01,8.4643e+01,8.4972e+01,8.5003e+01,8.5654e+01,8.5244e+01,8.5359e+01,8.6258e+01,8.7257e+01,8.8440e+01,8.9432e+01,9.0370e+01,9.1514e+01,9.1265e+01,9.1095e+01,9.1339e+01,9.0992e+01,9.1570e+01,9.1077e+01,8.9846e+01,8.8845e+01,8.8248e+01,8.6865e+01,8.6450e+01,8.4896e+01,8.3608e+01,8.2791e+01,8.2038e+01,8.1038e+01,8.0641e+01,7.9935e+01,7.9209e+01,7.9150e+01,7.8652e+01,7.8309e+01,7.8316e+01,7.8671e+01,7.9021e+01,7.8570e+01,7.8846e+01,7.9630e+01,7.9843e+01,8.0357e+01,8.0890e+01,8.1289e+01,8.1697e+01,8.1694e+01,8.1962e+01,8.3115e+01,8.4103e+01,8.5157e+01,8.5702e+01,8.7030e+01,8.7765e+01,8.6901e+01,8.7706e+01,8.9004e+01,9.0287e+01,9.1348e+01,9.2318e+01,9.1422e+01,9.0998e+01,9.1772e+01,9.1209e+01,9.2634e+01,9.2895e+01,9.2614e+01,9.4239e+01,9.5520e+01,9.6083e+01,9.8273e+01,9.9523e+01,1.0124e+02,1.0223e+02,1.0250e+02,1.0284e+02,1.0325e+02,1.0414e+02,1.0461e+02,1.0556e+02,1.0653e+02,1.0752e+02,1.0843e+02,1.0905e+02,1.0952e+02,1.1024e+02,1.1117e+02,1.1204e+02,1.1292e+02,1.1391e+02,1.1496e+02,1.1601e+02,1.1698e+02,1.1822e+02,1.1897e+02,1.1979e+02,1.2076e+02,1.2132e+02,1.2197e+02,1.2184e+02,1.2154e+02
8.4604e+01,8.4657e+01,8.4936e+01,8.5308e+01,8.5726e+01,8.6344e+01,8.6520e+01,8.7149e+01,8.6737e+01,8.6087e+01,8.5670e+01,8.5008e+01,8.4752e+01,8.4824e+01,8.4433e+01,8.3788e+01,8.3343e+01,8.3401e+01,8.3250e+01,8.3129e+01,8.3361e+01,8.3498e+01,8.3709e+01,8.3469e+01,8.3653e+01,8.3856e+01,8.4230e+01,8.4486e+01,8.4461e+01,8.4425e+01,8.4426e+01,8.4730e+01,8.5058e+01,8.5084e+01,8.5731e+01,8.5320e+01,8.5437e+01,8.6337e+01,8.7333e+01,8.8516e+01,8.9505e+01,9.0443e+01,9.1585e+01,9.1335e+01,9.1163e+01,9.1407e+01,9.1060e+01,9.1636e+01,9.1142e+01,8.9916e+01,8.8916e+01,8.8321e+01,8.6942e+01,8.6532e+01,8.4980e+01,8.3693e+01,8.2875e+01,8.2121e+01,8.1123e+01,8.0727e+01,8.0021e+01,7.9298e+01,7.9239e+01,7.8744e+01,7.8401e+01,7.8409e+01,7.8763e+01,7.9114e+01,7.8666e+01,7.8942e+01,7.9724e+01,7.9935e+01,8.0450e+01,8.0980e+01,8.1382e+01,8.1792e+01,8.1793e+01,8.2063e+01,8.3215e+01,8.4204e+01,8.5254e+01,8.5802e+01,8.7131e+01,8.7868e+01,8.7005e+01,8.7814e+01,8.9112e+01,9.0399e+01,9.1462e+01,9.2436e+01,9.1540e+01,9.1118e+01,9.1896e+01,9.1334e+01,9.2761e+01,9.3021e+01,9.2740e+01,9.4366e+01,9.5650e+01,9.6211e+01,9.8406e+01,9.9660e+01,1.0138e+02,1.0237e+02,1.0264e+02,1.0299e+02,1.0340e+02,1.0429e+02,1.0476e+02,1.0571e+02,1.0668e+02,1.0767e+02,1.0858e+02,1.0920e+02,1.0966e+02,1.1039e+02,1.1132e+02,1.1219e+02,1.1307e+02,1.1406e+02,1.1511e+02,1.1615e+02,1.1713e+02,1.1836e+02,1.1911e+02,1.1992e+02,1.2090e+02,1.2146e+02,1.2211e+02,1.2198e+02,1.2168e+02
8.4629e+01,8.4679e+01,8.4958e+01,8.5331e+01,8.5746e+01,8.6364e+01,8.6540e+01,8.7167e+01,8.6755e+01,8.6108e+01,8.5692e+01,8.5032e+01,8.4775e+01,8.4850e+01,8.4462e+01,8.3819e+01,8.3375e+01,8.3433e+01,8.3282e+01,8.3161e+01,8.3392e+01,8.3528e+01,8.3739e+01,8.3498e+01,8.3682e+01,8.3883e+01,8.4256e+01,8.4511e+01,8.4487e+01,8.4453e+01,8.4455e+01,8.4763e+01,8.5093e+01,8.5120e+01,8.5768e+01,8.5354e+01,8.5470e+01,8.6373e+01,8.7374e+01,8.8557e+01,8.9545e+01,9.0482e+01,9.1625e+01,9.1373e+01,9.1202e+01,9.1448e+01,9.1103e+01,9.1680e+01,9.1188e+01,8.9964e+01,8.8963e+01,8.8370e+01,8.6988e+01,8.6581e+01,8.5025e+01,8.3734e+01,8.2912e+01,8.2157e+01,8.1157e+01,8.0762e+01,8.0053e+01,7.9330e+01,7.9273e+01,7.8779e+01,7.8435e+01,7.8443e+01,7.8798e+01,7.9148e+01,7.8699e+01,7.8975e+01,7.9758e+01,7.9967e+01,8.0482e+01,8.1013e+01,8.1414e+01,8.1826e+01,8.1826e+01,8.2098e+01,8.3252e+01,8.4244e+01,8.5295e+01,8.5846e+01,8.7176e+01,8.7918e+01,8.7056e+01,8.7869e+01,8.9170e+01,9.0459e+01,9.1522e+01,9.2500e+01,9.1606e+01,9.1185e+01,9.1964e+01,9.1401e+01,9.2828e+01,9.3088e+01,9.2804e+01,9.4428e+01,9.5711e+01,9.6269e+01,9.8463e+01,9.9714e+01,1.0143e+02,1.0242e+02,1.0268e+02,1.0302e+02,1.0344e+02,1.0432e+02,1.0479e+02,1.0574e+02,1.0671e+02,1.0770e+02,1.0861e+02,1.0922e+02,1.0969e+02,1.1041e+02,1.1135e+02,1.1221e+02,1.1310e+02,1.1408e+02,1.1513e+02,1.1617e+02,1.1714e+02,1.1838e+02,1.1912e+02,1.1993e+02,1.2091e+02,1.2147e+02,1.2211e+02,1.2199e+02,1.2169e+02
8.4836e+01,8.4882e+01,8.5157e+01,8.5528e+01,8.5939e+01,8.6554e+01,8.6729e+01,8.7353e+01,8.6946e+01,8.6303e+01,8.5891e+01,8.5233e+01,8.4978e+01,8.5057e+01,8.4672e+01,8.4032e+01,8.3592e+01,8.3653e+01,8.3505e+01,8.3387e+01,8.3620e+01,8.3756e+01,8.3967e+01,8.3728e+01,8.3910e+01,8.4108e+01,8.4478e+01,8.4733e+01,8.4711e+01,8.4674e+01,8.4677e+01,8.4983e+01,8.5312e+01,8.5339e+01,8.5987e+01,8.5572e+01,8.5688e+01,8.6591e+01,8.7592e+01,8.8776e+01,8.9763e+01,9.0701e+01,9.1844e+01,9.1594e+01,9.1423e+01,9.1667e+01,9.1322e+01,9.1901e+01,9.1409e+01,9.0181e+01,8.9180e+01,8.8585e+01,8.7203e+01,8.6792e+01,8.5235e+01,8.3944e+01,8.3126e+01,8.2372e+01,8.1372e+01,8.0979e+01,8.0272e+01,7.9550e+01,7.9496e+01,7.9001e+01,7.8661e+01,7.8670e+01,7.9028e+01,7.9379e+01,7.8927e+01,7.9203e+01,7.9990e+01,8.0199e+01,8.0715e+01,8.1243e+01,8.1644e+01,8.2057e+01,8.2054e+01,8.2327e+01,8.3483e+01,8.4478e+01,8.5531e+01,8.6085e+01,8.7413e+01,8.8158e+01,8.7298e+01,8.8112e+01,8.9414e+01,9.0702e+01,9.1763e+01,9.2739e+01,9.1846e+01,9.1422e+01,9.2197e+01,9.1633e+01,9.3056e+01,9.3309e+01,9.3021e+01,9.4640e+01,9.5916e+01,9.6469e+01,9.8655e+01,9.9901e+01,1.0162e+02,1.0259e+02,1.0285e+02,1.0319e+02,1.0361e+02,1.0449e+02,1.0495e+02,1.0591e+02,1.0687e+02,1.0786e+02,1.0876e+02,1.0938e+02,1.0984e+02,1.1056e+02,1.1150e+02,1.1236e+02,1.1324e+02,1.1423e+02,1.1528e+02,1.1631e+02,1.1728e+02,1.1851e+02,1.1925e+02,1.2006e+02,1.2104e+02,1.2160e+02,1.2224e+02,1.2212e+02,1.2182e+02
8.4865e+01,8.4912e+01,8.5189e+01,8.5562e+01,8.5972e+01,8.6587e+01,8.6759e+01,8.7379e+01,8.6970e+01,8.6329e+01,8.5920e+01,8.5265e+01,8.5009e+01,8.5090e+01,8.4710e+01,8.4071e+01,8.3633e+01,8.3692e+01,8.3544e+01,8.3425e+01,8.3657e+01,8.3790e+01,8.4000e+01,8.3760e+01,8.3941e+01,8.4138e+01,8.4508e+01,8.4762e+01,8.4740e+01,8.4704e+01,8.4708e+01,8.5016e+01,8.5347e+01,8.5375e+01,8.6025e+01,8.5605e+01,8.5721e+01,8.6627e+01,8.7632e+01,8.8814e+01,8.9800e+01,9.0735e+01,9.1877e+01,9.1625e+01,9.1454e+01,9.1699e+01,9.1355e+01,9.1933e+01,9.1442e+01,9.0217e+01,8.9217e+01,8.8624e+01,8.7240e+01,8.6830e+01,8.5271e+01,8.3978e+01,8.3161e+01,8.2405e+01,8.1404e+01,8.1011e+01,8.0304e+01,7.9581e+01,7.9527e+01,7.9035e+01,7.8692e+01,7.8702e+01,7.9059e+01,7.9411e+01,7.8961e+01,7.9238e+01,8.0024e+01,8.0235e+01,8.0754e+01,8.1285e+01,8.1690e+01,8.2105e+01,8.2104e+01,8.2377e+01,8.3536e+01,8.4531e+01,8.5586e+01,8.6138e+01,8.7469e+01,8.8212e+01,8.7348e+01,8.8160e+01,8.9459e+01,9.0747e+01,9.1811e+01,9.2787e+01,9.1892e+01,9.1471e+01,9.2250e+01,9.1689e+01,9.3114e+01,9.3370e+01,9.3087e+01,9.4709e+01,9.5981e+01,9.6538e+01,9.8722e+01,9.9963e+01,1.0167e+02,1.0265e+02,1.0290e+02,1.0324e+02,1.0366e+02,1.0454e+02,1.0500e+02,1.0595e+02,1.0692e+02,1.0790e+02,1.0881e+02,1.0942e+02,1.0988e+02,1.1060e+02,1.1153e+02,1.1240e+02,1.1328e+02,1.1426e+02,1.1530e+02,1.1634e+02,1.1730e+02,1.1853e+02,1.1927e+02,1.2008e+02,1.2105e+02,1.2161e+02,1.2225e+02,1.2213e+02,1.2183e+02
8.4972e+01,8.5019e+01,8.5297e+01,8.5671e+01,8.6081e+01,8.6695e+01,8.6865e+01,8.7482e+01,8.7072e+01,8.6431e+01,8.6024e+01,8.5367e+01,8.5110e+01,8.5192e+01,8.4816e+01,8.4177e+01,8.3739e+01,8.3796e+01,8.3649e+01,8.3532e+01,8.3764e+01,8.3899e+01,8.4109e+01,8.3870e+01,8.4051e+01,8.4247e+01,8.4617e+01,8.4872e+01,8.4851e+01,8.4810e+01,8.4812e+01,8.5116e+01,8.5446e+01,8.5472e+01,8.6120e+01,8.5700e+01,8.5818e+01,8.6722e+01,8.7721e+01,8.8901e+01,8.9884e+01,9.0816e+01,9.1955e+01,9.1702e+01,9.1530e+01,9.1774e+01,9.1428e+01,9.2004e+01,9.1512e+01,9.0288e+01,8.9289e+01,8.8696e+01,8.7314e+01,8.6901e+01,8.5344e+01,8.4056e+01,8.3242e+01,8.2492e+01,8.1494e+01,8.1104e+01,8.0401e+01,7.9681e+01,7.9631e+01,7.9143e+01,7.8802e+01,7.8817e+01,7.9178e+01,7.9534e+01,7.9085e+01,7.9364e+01,8.0153e+01,8.0365e+01,8.0887e+01,8.1421e+01,8.1829e+01,8.2245e+01,8.2246e+01,8.2518e+01,8.3681e+01,8.4677e+01,8.5734e+01,8.6284e+01,8.7619e+01,8.8358e+01,8.7490e+01,8.8298e+01,8.9594e+01,9.0880e+01,9.1945e+01,9.2918e+01,9.2020e+01,9.1600e+01,9.2378e+01,9.1820e+01,9.3246e+01,9.3503e+01,9.3225e+01,9.4850e+01,9.6120e+01,9.6682e+01,9.8866e+01,1.0010e+02,1.0181e+02,1.0279e+02,1.0304e+02,1.0338e+02,1.0379e+02,1.0467e+02,1.0513e+02,1.0608e+02,1.0704e+02,1.0802e+02,1.0892e+02,1.0953e+02,1.1000e+02,1.1071e+02,1.1165e+02,1.1251e+02,1.1339e+02,1.1436e+02,1.1541e+02,1.1644e+02,1.1740e+02,1.1863e+02,1.1937e+02,1.2018e+02,1.2115e+02,1.2170e+02,1.2235e+02,1.2222e+02,1.2192e+02
8.5066e+01,8.5114e+01,8.5394e+01,8.5768e+01,8.6179e+01,8.6793e+01,8.6962e+01,8.7577e+01,8.7164e+01,8.6522e+01,8.6114e+01,8.5457e+01,8.5197e+01,8.5277e+01,8.4905e+01,8.4267e+01,8.3827e+01,8.3880e+01,8.3732e+01,8.3615e+01,8.3845e+01,8.3978e+01,8.4187e+01,8.3944e+01,8.4126e+01,8.4319e+01,8.4690e+01,8.4941e+01,8.4919e+01,8.4879e+01,8.4881e+01,8.5186e+01,8.5517e+01,8.5543e+01,8.6192e+01,8.5772e+01,8.5889e+01,8.6791e+01,8.7790e+01,8.8966e+01,8.9948e+01,9.0878e+01,9.2015e+01,9.1760e+01,9.1586e+01,9.1830e+01,9.1486e+01,9.2061e+01,9.1572e+01,9.0353e+01,8.9357e+01,8.8769e+01,8.7390e+01,8.6983e+01,8.5427e+01,8.4138e+01,8.3321e+01,8.2570e+01,8.1573e+01,8.1182e+01,8.0477e+01,7.9757e+01,7.9707e+01,7.9221e+01,7.8876e+01,7.8891e+01,7.9249e+01,7.9606e+01,7.9160e+01,7.9440e+01,8.0226e+01,8.0440e+01,8.0963e+01,8.1500e+01,8.1910e+01,8.2326e+01,8.2330e+01,8.2601e+01,8.3765e+01,8.4759e+01,8.5814e+01,8.6362e+01,8.7699e+01,8.8435e+01,8.7563e+01,8.8370e+01,8.9663e+01,9.0949e+01,9.2017e+01,9.2991e+01,9.2094e+01,9.1678e+01,9.2460e+01,9.1906e+01,9.3334e+01,9.3597e+01,9.3325e+01,9.4954e+01,9.6228e+01,9.6797e+01,9.8986e+01,1.0023e+02,1.0193e+02,1.0291e+02,1.0317e+02,1.0350e+02,1.0391e+02,1.0479e+02,1.0525e+02,1.0620e+02,1.0716e+02,1.0814e+02,1.0904e+02,1.0965e+02,1.1012e+02,1.1082e+02,1.1176e+02,1.1262e+02,1.1349e+02,1.1447e+02,1.1551e+02,1.1654e+02,1.1750e+02,1.1872e+02,1.1946e+02,1.2027e+02,1.2124e+02,1.2179e+02,1.2243e+02,1.2231e+02,1.2202e+02
8.5125e+01,8.5174e+01,8.5455e+01,8.5833e+01,8.6243e+01,8.6857e+01,8.7024e+01,8.7636e+01,8.7221e+01,8.6578e+01,8.6169e+01,8.5515e+01,8.5253e+01,8.5333e+01,8.4963e+01,8.4325e+01,8.3885e+01,8.3936e+01,8.3789e+01,8.3670e+01,8.3896e+01,8.4022e+01,8.4230e+01,8.3983e+01,8.4165e+01,8.4353e+01,8.4724e+01,8.4972e+01,8.4948e+01,8.4912e+01,8.4915e+01,8.5225e+01,8.5562e+01,8.5591e+01,8.6246e+01,8.5824e+01,8.5937e+01,8.6841e+01,8.7847e+01,8.9021e+01,9.0003e+01,9.0930e+01,9.2068e+01,9.1811e+01,9.1639e+01,9.1889e+01,9.1547e+01,9.2124e+01,9.1640e+01,9.0427e+01,8.9435e+01,8.8853e+01,8.7474e+01,8.7076e+01,8.5516e+01,8.4222e+01,8.3399e+01,8.2642e+01,8.1644e+01,8.1250e+01,8.0538e+01,7.9817e+01,7.9762e+01,7.9276e+01,7.8926e+01,7.8940e+01,7.9293e+01,7.9646e+01,7.9202e+01,7.9480e+01,8.0261e+01,8.0474e+01,8.0994e+01,8.1532e+01,8.1943e+01,8.2356e+01,8.2363e+01,8.2632e+01,8.3794e+01,8.4785e+01,8.5838e+01,8.6384e+01,8.7721e+01,8.8457e+01,8.7585e+01,8.8395e+01,8.9687e+01,9.0975e+01,9.2043e+01,9.3021e+01,9.2126e+01,9.1713e+01,9.2498e+01,9.1945e+01,9.3376e+01,9.3641e+01,9.3371e+01,9.5003e+01,9.6280e+01,9.6850e+01,9.9042e+01,1.0028e+02,1.0199e+02,1.0296e+02,1.0322e+02,1.0355e+02,1.0395e+02,1.0483e+02,1.0529e+02,1.0624e+02,1.0720e+02,1.0818e+02,1.0908e+02,1.0969e+02,1.1015e+02,1.1086e+02,1.1180e+02,1.1265e+02,1.1353e+02,1.1450e+02,1.1554e+02,1.1657e+02,1.1752e+02,1.1874e+02,1.1948e+02,1.2028e+02,1.2125e+02,1.2180e+02,1.2244e+02,1.2232e+02,1.2203e+02
8.5332e+01,8.5382e+01,8.5664e+01,8.6041e+01,8.6448e+01,8.7057e+01,8.7221e+01,8.7828e+01,8.7410e+01,8.6770e+01,8.6362e+01,8.5713e+01,8.5451e+01,8.5532e+01,8.5166e+01,8.4530e+01,8.4090e+01,8.4140e+01,8.3995e+01,8.3874e+01,8.4098e+01,8.4223e+01,8.4431e+01,8.4185e+01,8.4365e+01,8.4554e+01,8.4924e+01,8.5172e+01,8.5148e+01,8.5110e+01,8.5113e+01,8.5423e+01,8.5761e+01,8.5792e+01,8.6451e+01,8.6030e+01,8.6144e+01,8.7047e+01,8.8053e+01,8.9225e+01,9.0206e+01,9.1130e+01,9.2266e+01,9.2008e+01,9.1835e+01,9.2085e+01,9.1744e+01,9.2323e+01,9.1838e+01,9.0626e+01,8.9632e+01,8.9050e+01,8.7670e+01,8.7274e+01,8.5713e+01,8.4418e+01,8.3592e+01,8.2837e+01,8.1840e+01,8.1448e+01,8.0735e+01,8.0015e+01,7.9962e+01,7.9477e+01,7.9128e+01,7.9143e+01,7.9498e+01,7.9853e+01,7.9411e+01,7.9690e+01,8.0472e+01,8.0686e+01,8.1209e+01,8.1749e+01,8.2163e+01,8.2578e+01,8.2586e+01,8.2856e+01,8.4021e+01,8.5013e+01,8.6067e+01,8.6613e+01,8.7952e+01,8.8687e+01,8.7811e+01,8.8618e+01,8.9908e+01,9.1196e+01,9.2268e+01,9.3245e+01,9.2347e+01,9.1936e+01,9.2724e+01,9.2178e+01,9.3611e+01,9.3877e+01,9.3612e+01,9.5248e+01,9.6522e+01,9.7094e+01,9.9283e+01,1.0052e+02,1.0222e+02,1.0319e+02,1.0344e+02,1.0377e+02,1.0417e+02,1.0504e+02,1.0549e+02,1.0643e+02,1.0739e+02,1.0837e+02,1.0927e+02,1.0988e+02,1.1034e+02,1.1105e+02,1.1198e+02,1.1284e+02,1.1370e+02,1.1467e+02,1.1571e+02,1.1674e+02,1.1769e+02,1.1890e+02,1.1964e+02,1.2044e+02,1.2140e+02,1.2196e+02,1.2259e+02,1.2247e+02,1.2218e+02
8.5514e+01,8.5565e+01,8.5848e+01,8.6224e+01,8.6630e+01,8.7235e+01,8.7395e+01,8.7996e+01,8.7573e+01,8.6933e+01,8.6526e+01,8.5881e+01,8.5616e+01,8.5698e+01,8.5337e+01,8.4703e+01,8.4262e+01,8.4309e+01,8.4166e+01,8.4046e+01,8.4265e+01,8.4384e+01,8.4591e+01,8.4342e+01,8.4522e+01,8.4709e+01,8.5078e+01,8.5324e+01,8.5299e+01,8.5264e+01,8.5265e+01,8.5580e+01,8.5920e+01,8.5954e+01,8.6613e+01,8.6192e+01,8.6304e+01,8.7208e+01,8.8216e+01,8.9388e+01,9.0369e+01,9.1291e+01,9.2428e+01,9.2167e+01,9.1996e+01,9.2251e+01,9.1913e+01,9.2492e+01,9.2011e+01,9.0804e+01,8.9812e+01,8.9233e+01,8.7854e+01,8.7464e+01,8.5903e+01,8.4606e+01,8.3777e+01,8.3017e+01,8.2019e+01,8.1621e+01,8.0905e+01,8.0183e+01,8.0126e+01,7.9644e+01,7.9289e+01,7.9304e+01,7.9654e+01,8.0010e+01,7.9572e+01,7.9854e+01,8.0633e+01,8.0853e+01,8.1377e+01,8.1924e+01,8.2342e+01,8.2754e+01,8.2768e+01,8.3033e+01,8.4198e+01,8.5183e+01,8.6235e+01,8.6773e+01,8.8114e+01,8.8841e+01,8.7959e+01,8.8760e+01,9.0043e+01,9.1328e+01,9.2403e+01,9.3378e+01,9.2479e+01,9.2074e+01,9.2867e+01,9.2329e+01,9.3766e+01,9.4037e+01,9.3783e+01,9.5422e+01,9.6697e+01,9.7276e+01,9.9464e+01,1.0070e+02,1.0239e+02,1.0336e+02,1.0362e+02,1.0394e+02,1.0434e+02,1.0520e+02,1.0565e+02,1.0660e+02,1.0755e+02,1.0853e+02,1.0943e+02,1.1004e+02,1.1050e+02,1.1120e+02,1.1213e+02,1.1299e+02,1.1385e+02,1.1482e+02,1.1586e+02,1.1688e+02,1.1783e+02,1.1904e+02,1.1977e+02,1.2057e+02,1.2153e+02,1.2208e+02,1.2272e+02,1.2260e+02,1.2231e+02
8.5810e+01,8.5861e+01,8.6144e+01,8.6520e+01,8.6922e+01,8.7523e+01,8.7681e+01,8.8277e+01,8.7855e+01,8.7217e+01,8.6813e+01,8.6171e+01,8.5906e+01,8.5989e+01,8.5635e+01,8.5003e+01,8.4563e+01,8.4610e+01,8.4469e+01,8.4349e+01,8.4568e+01,8.4689e+01,8.4898e+01,8.4653e+01,8.4831e+01,8.5018e+01,8.5383e+01,8.5628e+01,8.5604e+01,8.5562e+01,8.5561e+01,8.5873e+01,8.6209e+01,8.6243e+01,8.6900e+01,8.6481e+01,8.6593e+01,8.7495e+01,8.8501e+01,8.9670e+01,9.0646e+01,9.1565e+01,9.2699e+01,9.2436e+01,9.2264e+01,9.2518e+01,9.2179e+01,9.2760e+01,9.2279e+01,9.1074e+01,9.0081e+01,8.9502e+01,8.8125e+01,8.7735e+01,8.6177e+01,8.4883e+01,8.4056e+01,8.3300e+01,8.2306e+01,8.1914e+01,8.1201e+01,8.0484e+01,8.0432e+01,7.9954e+01,7.9603e+01,7.9623e+01,7.9978e+01,8.0339e+01,7.9905e+01,8.0191e+01,8.0972e+01,8.1192e+01,8.1721e+01,8.2267e+01,8.2689e+01,8.3106e+01,8.3122e+01,8.3392e+01,8.4559e+01,8.5546e+01,8.6597e+01,8.7136e+01,8.8478e+01,8.9205e+01,8.8321e+01,8.9122e+01,9.0401e+01,9.1685e+01,9.2762e+01,9.3736e+01,9.2836e+01,9.2434e+01,9.3228e+01,9.2694e+01,9.4129e+01,9.4401e+01,9.4147e+01,9.5785e+01,9.7055e+01,9.7632e+01,9.9814e+01,1.0104e+02,1.0273e+02,1.0369e+02,1.0395e+02,1.0427e+02,1.0466e+02,1.0552e+02,1.0597e+02,1.0691e+02,1.0786e+02,1.0883e+02,1.0973e+02,1.1034e+02,1.1080e+02,1.1149e+02,1.1242e+02,1.1327e+02,1.1414e+02,1.1510e+02,1.1613e+02,1.1715e+02,1.1809e+02,1.1930e+02,1.2003e+02,1.2083e+02,1.2179e+02,1.2234e+02,1.2297e+02,1.2285e+02,1.2256e+02
8.5940e+01,8.5990e+01,8.6272e+01,8.6646e+01,8.7046e+01,8.7645e+01,8.7802e+01,8.8397e+01,8.7973e+01,8.7338e+01,8.6931e+01,8.6292e+01,8.6024e+01,8.6107e+01,8.5752e+01,8.5119e+01,8.4676e+01,8.4721e+01,8.4577e+01,8.4456e+01,8.4675e+01,8.4798e+01,8.5011e+01,8.4769e+01,8.4950e+01,8.5139e+01,8.5507e+01,8.5755e+01,8.5736e+01,8.5697e+01,8.5698e+01,8.6015e+01,8.6353e+01,8.6390e+01,8.7050e+01,8.6627e+01,8.6736e+01,8.7641e+01,8.8651e+01,8.9819e+01,9.0794e+01,9.1714e+01,9.2849e+01,9.2584e+01,9.2412e+01,9.2669e+01,9.2329e+01,9.2910e+01,9.2428e+01,9.1225e+01,9.0232e+01,8.9654e+01,8.8276e+01,8.7888e+01,8.6328e+01,8.5032e+01,8.4201e+01,8.3442e+01,8.2444e+01,8.2051e+01,8.1333e+01,8.0614e+01,8.0560e+01,8.0081e+01,7.9727e+01,7.9746e+01,8.0099e+01,8.0459e+01,8.0026e+01,8.0310e+01,8.1089e+01,8.1309e+01,8.1837e+01,8.2382e+01,8.2804e+01,8.3220e+01,8.3237e+01,8.3507e+01,8.4670e+01,8.5657e+01,8.6706e+01,8.7245e+01,8.8583e+01,8.9311e+01,8.8431e+01,8.9233e+01,9.0514e+01,9.1798e+01,9.2872e+01,9.3847e+01,9.2950e+01,9.2548e+01,9.3341e+01,9.2806e+01,9.4240e+01,9.4511e+01,9.4254e+01,9.5890e+01,9.7161e+01,9.7736e+01,9.9918e+01,1.0115e+02,1.0283e+02,1.0379e+02,1.0404e+02,1.0437e+02,1.0476e+02,1.0562e+02,1.0607e+02,1.0701e+02,1.0796e+02,1.0894e+02,1.0984e+02,1.1044e+02,1.1090e+02,1.1159e+02,1.1252e+02,1.1337e+02,1.1423e+02,1.1519e+02,1.1622e+02,1.1724e+02,1.1818e+02,1.1939e+02,1.2012e+02,1.2091e+02,1.2186e+02,1.2241e+02,1.2305e+02,1.2293e+02,1.2264e+02
8.6067e+01,8.6118e+01,8.6399e+01,8.6770e+01,8.7169e+01,8.7768e+01,8.7926e+01,8.8520e+01,8.8097e+01,8.7462e+01,8.7055e+01,8.6416e+01,8.6146e+01,8.6228e+01,8.5873e+01,8.5238e+01,8.4793e+01,8.4837e+01,8.4690e+01,8.4570e+01,8.4796e+01,8.4924e+01,8.5140e+01,8.4901e+01,8.5088e+01,8.5279e+01,8.5652e+01,8.5899e+01,8.5881e+01,8.5843e+01,8.5842e+01,8.6155e+01,8.6490e+01,8.6521e+01,8.7179e+01,8.6754e+01,8.6867e+01,8.7774e+01,8.8783e+01,8.9953e+01,9.0929e+01,9.1850e+01,9.2986e+01,9.2721e+01,9.2547e+01,9.2803e+01,9.2462e+01,9.3041e+01,9.2557e+01,9.1355e+01,9.0361e+01,8.9781e+01,8.8403e+01,8.8016e+01,8.6457e+01,8.5162e+01,8.4332e+01,8.3575e+01,8.2575e+01,8.2182e+01,8.1467e+01,8.0747e+01,8.0692e+01,8.0214e+01,7.9858e+01,7.9877e+01,8.0229e+01,8.0589e+01,8.0155e+01,8.0440e+01,8.1219e+01,8.1437e+01,8.1965e+01,8.2507e+01,8.2927e+01,8.3345e+01,8.3361e+01,8.3633e+01,8.4794e+01,8.5781e+01,8.6828e+01,8.7369e+01,8.8705e+01,8.9435e+01,8.8560e+01,8.9364e+01,9.0647e+01,9.1931e+01,9.3001e+01,9.3978e+01,9.3085e+01,9.2680e+01,9.3472e+01,9.2931e+01,9.4361e+01,9.4631e+01,9.4369e+01,9.5999e+01,9.7272e+01,9.7843e+01,1.0002e+02,1.0126e+02,1.0294e+02,1.0390e+02,1.0415e+02,1.0448e+02,1.0487e+02,1.0574e+02,1.0620e+02,1.0713e+02,1.0808e+02,1.0906e+02,1.0996e+02,1.1056e+02,1.1102e+02,1.1171e+02,1.1264e+02,1.1349e+02,1.1435e+02,1.1531e+02,1.1634e+02,1.1735e+02,1.1829e+02,1.1950e+02,1.2023e+02,1.2102e+02,1.2197e+02,1.2252e+02,1.2316e+02,1.2304e+02,1.2275e+02
8.6227e+01,8.6277e+01,8.6558e+01,8.6926e+01,8.7325e+01,8.7922e+01,8.8079e+01,8.8671e+01,8.8246e+01,8.7611e+01,8.7202e+01,8.6567e+01,8.6295e+01,8.6376e+01,8.6020e+01,8.5385e+01,8.4938e+01,8.4980e+01,8.4830e+01,8.4711e+01,8.4936e+01,8.5063e+01,8.5281e+01,8.5041e+01,8.5231e+01,8.5422e+01,8.5798e+01,8.6044e+01,8.6029e+01,8.5995e+01,8.5995e+01,8.6312e+01,8.6650e+01,8.6682e+01,8.7340e+01,8.6912e+01,8.7025e+01,8.7933e+01,8.8944e+01,9.0113e+01,9.1089e+01,9.2010e+01,9.3144e+01,9.2878e+01,9.2704e+01,9.2962e+01,9.2624e+01,9.3201e+01,9.2721e+01,9.1522e+01,9.0532e+01,8.9956e+01,8.8579e+01,8.8197e+01,8.6641e+01,8.5344e+01,8.4512e+01,8.3750e+01,8.2749e+01,8.2350e+01,8.1631e+01,8.0908e+01,8.0849e+01,8.0368e+01,8.0007e+01,8.0023e+01,8.0369e+01,8.0725e+01,8.0292e+01,8.0575e+01,8.1349e+01,8.1568e+01,8.2092e+01,8.2635e+01,8.3054e+01,8.3467e+01,8.3486e+01,8.3754e+01,8.4910e+01,8.5891e+01,8.6934e+01,8.7471e+01,8.8802e+01,8.9529e+01,8.8655e+01,8.9457e+01,9.0736e+01,9.2017e+01,9.3086e+01,9.4062e+01,9.3170e+01,9.2767e+01,9.3560e+01,9.3020e+01,9.4449e+01,9.4721e+01,9.4461e+01,9.6090e+01,9.7364e+01,9.7936e+01,1.0012e+02,1.0135e+02,1.0304e+02,1.0399e+02,1.0425e+02,1.0458e+02,1.0498e+02,1.0585e+02,1.0631e+02,1.0724e+02,1.0819e+02,1.0917e+02,1.1006e+02,1.1066e+02,1.1112e+02,1.1181e+02,1.1274e+02,1.1358e+02,1.1445e+02,1.1540e+02,1.1643e+02,1.1744e+02,1.1838e+02,1.1959e+02,1.2031e+02,1.2110e+02,1.2206e+02,1.2260e+02,1.2324e+02,1.2312e+02,1.2284e+02
8.6459e+01,8.6509e+01,8.6789e+01,8.7154e+01,8.7553e+01,8.8149e+01,8.8305e+01,8.8897e+01,8.8473e+01,8.7838e+01,8.7428e+01,8.6791e+01,8.6518e+01,8.6598e+01,8.6244e+01,8.5608e+01,8.5161e+01,8.5202e+01,8.5049e+01,8.4932e+01,8.5162e+01,8.5296e+01,8.5517e+01,8.5280e+01,8.5471e+01,8.5662e+01,8.6036e+01,8.6283e+01,8.6269e+01,8.6232e+01,8.6231e+01,8.6543e+01,8.6876e+01,8.6904e+01,8.7557e+01,8.7129e+01,8.7245e+01,8.8148e+01,8.9153e+01,9.0321e+01,9.1295e+01,9.2216e+01,9.3348e+01,9.3084e+01,9.2910e+01,9.3163e+01,9.2825e+01,9.3400e+01,9.2920e+01,9.1720e+01,9.0731e+01,9.0155e+01,8.8780e+01,8.8396e+01,8.6845e+01,8.5554e+01,8.4726e+01,8.3969e+01,8.2970e+01,8.2573e+01,8.1861e+01,8.1140e+01,8.1085e+01,8.0607e+01,8.0245e+01,8.0266e+01,8.0613e+01,8.0972e+01,8.0540e+01,8.0826e+01,8.1602e+01,8.1822e+01,8.2347e+01,8.2889e+01,8.3309e+01,8.3723e+01,8.3742e+01,8.4011e+01,8.5166e+01,8.6146e+01,8.7188e+01,8.7725e+01,8.9055e+01,8.9781e+01,8.8908e+01,8.9708e+01,9.0986e+01,9.2266e+01,9.3334e+01,9.4306e+01,9.3414e+01,9.3009e+01,9.3799e+01,9.3258e+01,9.4685e+01,9.4953e+01,9.4692e+01,9.6318e+01,9.7588e+01,9.8158e+01,1.0034e+02,1.0157e+02,1.0325e+02,1.0421e+02,1.0446e+02,1.0480e+02,1.0519e+02,1.0606e+02,1.0652e+02,1.0746e+02,1.0841e+02,1.0938e+02,1.1027e+02,1.1087e+02,1.1132e+02,1.1201e+02,1.1293e+02,1.1378e+02,1.1464e+02,1.1559e+02,1.1662e+02,1.1763e+02,1.1857e+02,1.1977e+02,1.2050e+02,1.2129e+02,1.2224e+02,1.2279e+02,1.2342e+02,1.2331e+02,1.2302e+02
8.6672e+01,8.6722e+01,8.7002e+01,8.7364e+01,8.7763e+01,8.8359e+01,8.8514e+01,8.9105e+01,8.8681e+01,8.8046e+01,8.7635e+01,8.7001e+01,8.6726e+01,8.6805e+01,8.6448e+01,8.5812e+01,8.5363e+01,8.5404e+01,8.5249e+01,8.5131e+01,8.5362e+01,8.5496e+01,8.5721e+01,8.5486e+01,8.5678e+01,8.5868e+01,8.6243e+01,8.6487e+01,8.6476e+01,8.6444e+01,8.6445e+01,8.6758e+01,8.7095e+01,8.7125e+01,8.7779e+01,8.7350e+01,8.7463e+01,8.8367e+01,8.9376e+01,9.0542e+01,9.1516e+01,9.2435e+01,9.3567e+01,9.3301e+01,9.3129e+01,9.3386e+01,9.3052e+01,9.3628e+01,9.3150e+01,9.1954e+01,9.0964e+01,9.0391e+01,8.9018e+01,8.8640e+01,8.7089e+01,8.5797e+01,8.4965e+01,8.4206e+01,8.3207e+01,8.2808e+01,8.2092e+01,8.1370e+01,8.1311e+01,8.0831e+01,8.0469e+01,8.0485e+01,8.0829e+01,8.1184e+01,8.0752e+01,8.1034e+01,8.1805e+01,8.2021e+01,8.2542e+01,8.3080e+01,8.3496e+01,8.3909e+01,8.3928e+01,8.4199e+01,8.5349e+01,8.6327e+01,8.7364e+01,8.7903e+01,8.9230e+01,8.9958e+01,8.9088e+01,8.9892e+01,9.1171e+01,9.2452e+01,9.3516e+01,9.4492e+01,9.3604e+01,9.3199e+01,9.3988e+01,9.3445e+01,9.4868e+01,9.5136e+01,9.4872e+01,9.6494e+01,9.7763e+01,9.8329e+01,1.0051e+02,1.0174e+02,1.0342e+02,1.0437e+02,1.0463e+02,1.0496e+02,1.0536e+02,1.0623e+02,1.0669e+02,1.0762e+02,1.0858e+02,1.0954e+02,1.1043e+02,1.1102e+02,1.1147e+02,1.1217e+02,1.1308e+02,1.1393e+02,1.1478e+02,1.1574e+02,1.1676e+02,1.1777e+02,1.1871e+02,1.1990e+02,1.2063e+02,1.2142e+02,1.2237e+02,1.2291e+02,1.2355e+02,1.2343e+02,1.2315e+02
8.6872e+01,8.6922e+01,8.7199e+01,8.7558e+01,8.7953e+01,8.8547e+01,8.8701e+01,8.9289e+01,8.8867e+01,8.8235e+01,8.7824e+01,8.7191e+01,8.6916e+01,8.6996e+01,8.6640e+01,8.6005e+01,8.5557e+01,8.5599e+01,8.5443e+01,8.5328e+01,8.5564e+01,8.5703e+01,8.5932e+01,8.5703e+01,8.5898e+01,8.6089e+01,8.6465e+01,8.6711e+01,8.6702e+01,8.6664e+01,8.6663e+01,8.6970e+01,8.7302e+01,8.7329e+01,8.7981e+01,8.7555e+01,8.7672e+01,8.8572e+01,8.9578e+01,9.0741e+01,9.1710e+01,9.2628e+01,9.3756e+01,9.3491e+01,9.3319e+01,9.3576e+01,9.3243e+01,9.3823e+01,9.3346e+01,9.2148e+01,9.1156e+01,9.0584e+01,8.9214e+01,8.8835e+01,8.7287e+01,8.5999e+01,8.5169e+01,8.4415e+01,8.3419e+01,8.3026e+01,8.2315e+01,8.1597e+01,8.1541e+01,8.1061e+01,8.0707e+01,8.0724e+01,8.1073e+01,8.1428e+01,8.0994e+01,8.1274e+01,8.2047e+01,8.2257e+01,8.2779e+01,8.3309e+01,8.3724e+01,8.4141e+01,8.4159e+01,8.4435e+01,8.5585e+01,8.6569e+01,8.7607e+01,8.8153e+01,8.9479e+01,9.0213e+01,8.9348e+01,9.0156e+01,9.1439e+01,9.2722e+01,9.3783e+01,9.4760e+01,9.3874e+01,9.3467e+01,9.4252e+01,9.3705e+01,9.5122e+01,9.5387e+01,9.5117e+01,9.6729e+01,9.7995e+01,9.8554e+01,1.0072e+02,1.0195e+02,1.0363e+02,1.0458e+02,1.0482e+02,1.0516e+02,1.0556e+02,1.0643e+02,1.0689e+02,1.0782e+02,1.0877e+02,1.0973e+02,1.1061e+02,1.1121e+02,1.1165e+02,1.1234e+02,1.1326e+02,1.1410e+02,1.1496e+02,1.1591e+02,1.1693e+02,1.1793e+02,1.1887e+02,1.2007e+02,1.2079e+02,1.2158e+02,1.2253e+02,1.2308e+02,1.2371e+02,1.2359e+02,1.2331e+02
8.7168e+01,8.7219e+01,8.7495e+01,8.7851e+01,8.8244e+01,8.8838e+01,8.8990e+01,8.9575e+01,8.9158e+01,8.8529e+01,8.8118e+01,8.7485e+01,8.7211e+01,8.7292e+01,8.6937e+01,8.6303e+01,8.5855e+01,8.5899e+01,8.5741e+01,8.5628e+01,8.5870e+01,8.6018e+01,8.6248e+01,8.6025e+01,8.6221e+01,8.6414e+01,8.6787e+01,8.7035e+01,8.7028e+01,8.6982e+01,8.6981e+01,8.7280e+01,8.7605e+01,8.7628e+01,8.8272e+01,8.7850e+01,8.7972e+01,8.8865e+01,8.9862e+01,9.1020e+01,9.1987e+01,9.2904e+01,9.4030e+01,9.3766e+01,9.3594e+01,9.3845e+01,9.3511e+01,9.4091e+01,9.3611e+01,9.2412e+01,9.1418e+01,9.0845e+01,8.9479e+01,8.9096e+01,8.7554e+01,8.6274e+01,8.5451e+01,8.4705e+01,8.3714e+01,8.3326e+01,8.2622e+01,8.1908e+01,8.1857e+01,8.1379e+01,8.1031e+01,8.1051e+01,8.1405e+01,8.1764e+01,8.1326e+01,8.1609e+01,8.2387e+01,8.2596e+01,8.3119e+01,8.3647e+01,8.4061e+01,8.4481e+01,8.4496e+01,8.4773e+01,8.5925e+01,8.6911e+01,8.7952e+01,8.8499e+01,8.9824e+01,9.0558e+01,8.9695e+01,9.0502e+01,9.1786e+01,9.3065e+01,9.4123e+01,9.5096e+01,9.4210e+01,9.3798e+01,9.4577e+01,9.4027e+01,9.5437e+01,9.5696e+01,9.5420e+01,9.7026e+01,9.8283e+01,9.8835e+01,1.0100e+02,1.0222e+02,1.0389e+02,1.0483e+02,1.0508e+02,1.0541e+02,1.0581e+02,1.0668e+02,1.0713e+02,1.0806e+02,1.0901e+02,1.0996e+02,1.1084e+02,1.1143e+02,1.1187e+02,1.1256e+02,1.1347e+02,1.1431e+02,1.1517e+02,1.1612e+02,1.1714e+02,1.1814e+02,1.1907e+02,1.2027e+02,1.2100e+02,1.2178e+02,1.2273e+02,1.2328e+02,1.2391e+02,1.2380e+02,1.2351e+02
8.7382e+01,8.7435e+01,8.7710e+01,8.8066e+01,8.8457e+01,8.9048e+01,8.9198e+01,8.9780e+01,8.9367e+01,8.8740e+01,8.8332e+01,8.7703e+01,8.7431e+01,8.7514e+01,8.7161e+01,8.6531e+01,8.6085e+01,8.6131e+01,8.5975e+01,8.5862e+01,8.6105e+01,8.6253e+01,8.6483e+01,8.6263e+01,8.6458e+01,8.6652e+01,8.7023e+01,8.7274e+01,8.7268e+01,8.7217e+01,8.7215e+01,8.7511e+01,8.7835e+01,8.7859e+01,8.8503e+01,8.8085e+01,8.8206e+01,8.9095e+01,9.0089e+01,9.1243e+01,9.2205e+01,9.3119e+01,9.4242e+01,9.3978e+01,9.3808e+01,9.4058e+01,9.3724e+01,9.4308e+01,9.3827e+01,9.2630e+01,9.1634e+01,9.1061e+01,8.9698e+01,8.9315e+01,8.7776e+01,8.6499e+01,8.5676e+01,8.4934e+01,8.3948e+01,8.3566e+01,8.2865e+01,8.2157e+01,8.2107e+01,8.1631e+01,8.1291e+01,8.1312e+01,8.1670e+01,8.2029e+01,8.1592e+01,8.1873e+01,8.2650e+01,8.2856e+01,8.3380e+01,8.3903e+01,8.4316e+01,8.4740e+01,8.4753e+01,8.5033e+01,8.6184e+01,8.7173e+01,8.8213e+01,8.8763e+01,9.0086e+01,9.0821e+01,8.9961e+01,9.0768e+01,9.2051e+01,9.3330e+01,9.4387e+01,9.5360e+01,9.4476e+01,9.4065e+01,9.4843e+01,9.4293e+01,9.5700e+01,9.5957e+01,9.5680e+01,9.7282e+01,9.8536e+01,9.9085e+01,1.0124e+02,1.0246e+02,1.0413e+02,1.0506e+02,1.0530e+02,1.0563e+02,1.0603e+02,1.0690e+02,1.0735e+02,1.0827e+02,1.0921e+02,1.1016e+02,1.1104e+02,1.1162e+02,1.1207e+02,1.1276e+02,1.1367e+02,1.1450e+02,1.1536e+02,1.1631e+02,1.1732e+02,1.1832e+02,1.1925e+02,1.2044e+02,1.2117e+02,1.2196e+02,1.2291e+02,1.2345e+02,1.2408e+02,1.2396e+02,1.2368e+02
8.7523e+01,8.7579e+01,8.7856e+01,8.8215e+01,8.8607e+01,8.9197e+01,8.9348e+01,8.9930e+01,8.9517e+01,8.8888e+01,8.8481e+01,8.7854e+01,8.7584e+01,8.7670e+01,8.7319e+01,8.6686e+01,8.6238e+01,8.6285e+01,8.6129e+01,8.6012e+01,8.6255e+01,8.6404e+01,8.6632e+01,8.6410e+01,8.6601e+01,8.6792e+01,8.7158e+01,8.7407e+01,8.7399e+01,8.7344e+01,8.7339e+01,8.7631e+01,8.7954e+01,8.7977e+01,8.8618e+01,8.8203e+01,8.8327e+01,8.9212e+01,9.0200e+01,9.1349e+01,9.2310e+01,9.3222e+01,9.4342e+01,9.4079e+01,9.3908e+01,9.4157e+01,9.3822e+01,9.4405e+01,9.3923e+01,9.2730e+01,9.1735e+01,9.1162e+01,8.9804e+01,8.9421e+01,8.7885e+01,8.6613e+01,8.5791e+01,8.5053e+01,8.4070e+01,8.3691e+01,8.2992e+01,8.2287e+01,8.2242e+01,8.1769e+01,8.1428e+01,8.1454e+01,8.1815e+01,8.2178e+01,8.1743e+01,8.2028e+01,8.2808e+01,8.3018e+01,8.3546e+01,8.4074e+01,8.4492e+01,8.4916e+01,8.4931e+01,8.5210e+01,8.6365e+01,8.7353e+01,8.8394e+01,8.8940e+01,9.0265e+01,9.0996e+01,9.0132e+01,9.0936e+01,9.2214e+01,9.3491e+01,9.4550e+01,9.5522e+01,9.4637e+01,9.4229e+01,9.5008e+01,9.4462e+01,9.5870e+01,9.6128e+01,9.5857e+01,9.7460e+01,9.8712e+01,9.9266e+01,1.0142e+02,1.0263e+02,1.0429e+02,1.0523e+02,1.0547e+02,1.0580e+02,1.0620e+02,1.0706e+02,1.0751e+02,1.0843e+02,1.0938e+02,1.1032e+02,1.1120e+02,1.1178e+02,1.1223e+02,1.1291e+02,1.1383e+02,1.1466e+02,1.1551e+02,1.1646e+02,1.1747e+02,1.1847e+02,1.1940e+02,1.2059e+02,1.2132e+02,1.2211e+02,1.2306e+02,1.2360e+02,1.2423e+02,1.2411e+02,1.2383e+02
8.7777e+01,8.7834e+01,8.8111e+01,8.8470e+01,8.8859e+01,8.9449e+01,8.9601e+01,9.0183e+01,8.9778e+01,8.9152e+01,8.8748e+01,8.8119e+01,8.7854e+01,8.7942e+01,8.7591e+01,8.6961e+01,8.6515e+01,8.6567e+01,8.6412e+01,8.6296e+01,8.6541e+01,8.6694e+01,8.6922e+01,8.6704e+01,8.6892e+01,8.7082e+01,8.7445e+01,8.7694e+01,8.7686e+01,8.7623e+01,8.7618e+01,8.7902e+01,8.8221e+01,8.8245e+01,8.8881e+01,8.8473e+01,8.8598e+01,8.9476e+01,9.0456e+01,9.1599e+01,9.2555e+01,9.3464e+01,9.4579e+01,9.4318e+01,9.4148e+01,9.4393e+01,9.4057e+01,9.4641e+01,9.4158e+01,9.2964e+01,9.1968e+01,9.1395e+01,9.0042e+01,8.9656e+01,8.8125e+01,8.6861e+01,8.6043e+01,8.5314e+01,8.4338e+01,8.3968e+01,8.3275e+01,8.2577e+01,8.2537e+01,8.2067e+01,8.1736e+01,8.1764e+01,8.2134e+01,8.2500e+01,8.2064e+01,8.2348e+01,8.3131e+01,8.3336e+01,8.3865e+01,8.4387e+01,8.4802e+01,8.5230e+01,8.5239e+01,8.5522e+01,8.6678e+01,8.7673e+01,8.8716e+01,8.9268e+01,9.0593e+01,9.1329e+01,9.0469e+01,9.1275e+01,9.2556e+01,9.3833e+01,9.4890e+01,9.5862e+01,9.4980e+01,9.4570e+01,9.5345e+01,9.4795e+01,9.6198e+01,9.6452e+01,9.6175e+01,9.7773e+01,9.9021e+01,9.9569e+01,1.0172e+02,1.0292e+02,1.0458e+02,1.0551e+02,1.0575e+02,1.0607e+02,1.0646e+02,1.0733e+02,1.0777e+02,1.0869e+02,1.0962e+02,1.1057e+02,1.1144e+02,1.1202e+02,1.1247e+02,1.1315e+02,1.1406e+02,1.1490e+02,1.1574e+02,1.1669e+02,1.1770e+02,1.1870e+02,1.1963e+02,1.2081e+02,1.2154e+02,1.2232e+02,1.2327e+02,1.2381e+02,1.2444e+02,1.2433e+02,1.2404e+02
8.7962e+01,8.8018e+01,8.8291e+01,8.8648e+01,8.9035e+01,8.9624e+01,8.9777e+01,9.0361e+01,8.9963e+01,8.9340e+01,8.8939e+01,8.8311e+01,8.8047e+01,8.8136e+01,8.7782e+01,8.7155e+01,8.6710e+01,8.6765e+01,8.6610e+01,8.6493e+01,8.6741e+01,8.6897e+01,8.7127e+01,8.6913e+01,8.7102e+01,8.7294e+01,8.7656e+01,8.7908e+01,8.7901e+01,8.7837e+01,8.7831e+01,8.8111e+01,8.8429e+01,8.8452e+01,8.9087e+01,8.8684e+01,8.8812e+01,8.9686e+01,9.0660e+01,9.1799e+01,9.2750e+01,9.3656e+01,9.4768e+01,9.4508e+01,9.4336e+01,9.4578e+01,9.4240e+01,9.4826e+01,9.4339e+01,9.3146e+01,9.2146e+01,9.1570e+01,9.0223e+01,8.9835e+01,8.8305e+01,8.7047e+01,8.6231e+01,8.5509e+01,8.4538e+01,8.4174e+01,8.3485e+01,8.2791e+01,8.2755e+01,8.2284e+01,8.1961e+01,8.1991e+01,8.2367e+01,8.2734e+01,8.2296e+01,8.2577e+01,8.3361e+01,8.3560e+01,8.4088e+01,8.4602e+01,8.5012e+01,8.5444e+01,8.5449e+01,8.5737e+01,8.6892e+01,8.7893e+01,8.8938e+01,8.9499e+01,9.0822e+01,9.1566e+01,9.0712e+01,9.1526e+01,9.2812e+01,9.4093e+01,9.5147e+01,9.6123e+01,9.5243e+01,9.4831e+01,9.5603e+01,9.5046e+01,9.6446e+01,9.6696e+01,9.6409e+01,9.8003e+01,9.9250e+01,9.9789e+01,1.0193e+02,1.0314e+02,1.0480e+02,1.0573e+02,1.0595e+02,1.0628e+02,1.0667e+02,1.0754e+02,1.0798e+02,1.0889e+02,1.0983e+02,1.1077e+02,1.1164e+02,1.1222e+02,1.1267e+02,1.1336e+02,1.1427e+02,1.1510e+02,1.1595e+02,1.1689e+02,1.1790e+02,1.1890e+02,1.1982e+02,1.2101e+02,1.2174e+02,1.2252e+02,1.2347e+02,1.2401e+02,1.2464e+02,1.2452e+02,1.2423e+02
8.8233e+01,8.8291e+01,8.8566e+01,8.8924e+01,8.9311e+01,8.9900e+01,9.0056e+01,9.0642e+01,9.0250e+01,8.9628e+01,8.9230e+01,8.8600e+01,8.8340e+01,8.8432e+01,8.8076e+01,8.7447e+01,8.7003e+01,8.7062e+01,8.6909e+01,8.6795e+01,8.7047e+01,8.7206e+01,8.7437e+01,8.7222e+01,8.7411e+01,8.7601e+01,8.7959e+01,8.8210e+01,8.8201e+01,8.8134e+01,8.8127e+01,8.8402e+01,8.8721e+01,8.8743e+01,8.9377e+01,8.8976e+01,8.9107e+01,8.9978e+01,9.0948e+01,9.2083e+01,9.3029e+01,9.3935e+01,9.5044e+01,9.4787e+01,9.4618e+01,9.4855e+01,9.4518e+01,9.5105e+01,9.4619e+01,9.3424e+01,9.2423e+01,9.1847e+01,9.0501e+01,9.0107e+01,8.8579e+01,8.7323e+01,8.6510e+01,8.5792e+01,8.4823e+01,8.4464e+01,8.3779e+01,8.3087e+01,8.3055e+01,8.2584e+01,8.2265e+01,8.2296e+01,8.2676e+01,8.3045e+01,8.2604e+01,8.2887e+01,8.3675e+01,8.3874e+01,8.4403e+01,8.4916e+01,8.5326e+01,8.5759e+01,8.5760e+01,8.6048e+01,8.7206e+01,8.8210e+01,8.9257e+01,8.9821e+01,9.1143e+01,9.1889e+01,9.1036e+01,9.1849e+01,9.3136e+01,9.4416e+01,9.5470e+01,9.6444e+01,9.5563e+01,9.5148e+01,9.5918e+01,9.5360e+01,9.6757e+01,9.7003e+01,9.6714e+01,9.8305e+01,9.9546e+01,1.0008e+02,1.0222e+02,1.0342e+02,1.0508e+02,1.0600e+02,1.0622e+02,1.0655e+02,1.0694e+02,1.0780e+02,1.0823e+02,1.0914e+02,1.1007e+02,1.1100e+02,1.1187e+02,1.1245e+02,1.1290e+02,1.1358e+02,1.1449e+02,1.1532e+02,1.1616e+02,1.1711e+02,1.1811e+02,1.1910e+02,1.2003e+02,1.2121e+02,1.2194e+02,1.2272e+02,1.2367e+02,1.2420e+02,1.2483e+02,1.2471e+02,1.2442e+02
8.8444e+01,8.8501e+01,8.8777e+01,8.9134e+01,8.9522e+01,9.0112e+01,9.0270e+01,9.0858e+01,9.0468e+01,8.9847e+01,8.9452e+01,8.8823e+01,8.8564e+01,8.8658e+01,8.8304e+01,8.7675e+01,8.7230e+01,8.7292e+01,8.7139e+01,8.7026e+01,8.7280e+01,8.7441e+01,8.7673e+01,8.7458e+01,8.7644e+01,8.7833e+01,8.8186e+01,8.8436e+01,8.8424e+01,8.8356e+01,8.8348e+01,8.8623e+01,8.8942e+01,8.8966e+01,8.9597e+01,8.9197e+01,8.9325e+01,9.0194e+01,9.1160e+01,9.2290e+01,9.3233e+01,9.4137e+01,9.5246e+01,9.4993e+01,9.4827e+01,9.5065e+01,9.4730e+01,9.5318e+01,9.4836e+01,9.3642e+01,9.2642e+01,9.2070e+01,9.0725e+01,9.0333e+01,8.8805e+01,8.7550e+01,8.6736e+01,8.6017e+01,8.5050e+01,8.4689e+01,8.4005e+01,8.3314e+01,8.3282e+01,8.2811e+01,8.2493e+01,8.2523e+01,8.2903e+01,8.3273e+01,8.2829e+01,8.3113e+01,8.3903e+01,8.4103e+01,8.4631e+01,8.5146e+01,8.5554e+01,8.5984e+01,8.5982e+01,8.6267e+01,8.7425e+01,8.8427e+01,8.9475e+01,9.0036e+01,9.1356e+01,9.2098e+01,9.1245e+01,9.2052e+01,9.3333e+01,9.4607e+01,9.5660e+01,9.6629e+01,9.5749e+01,9.5336e+01,9.6104e+01,9.5550e+01,9.6944e+01,9.7189e+01,9.6904e+01,9.8493e+01,9.9729e+01,1.0026e+02,1.0239e+02,1.0359e+02,1.0524e+02,1.0616e+02,1.0638e+02,1.0671e+02,1.0709e+02,1.0795e+02,1.0838e+02,1.0929e+02,1.1021e+02,1.1114e+02,1.1200e+02,1.1258e+02,1.1304e+02,1.1372e+02,1.1462e+02,1.1545e+02,1.1629e+02,1.1723e+02,1.1824e+02,1.1923e+02,1.2015e+02,1.2133e+02,1.2206e+02,1.2284e+02,1.2379e+02,1.2432e+02,1.2495e+02,1.2483e+02,1.2454e+02
8.8719e+01,8.8775e+01,8.9051e+01,8.9407e+01,8.9795e+01,9.0387e+01,9.0548e+01,9.1138e+01,9.0754e+01,9.0135e+01,8.9743e+01,8.9113e+01,8.8858e+01,8.8955e+01,8.8599e+01,8.7971e+01,8.7528e+01,8.7595e+01,8.7442e+01,8.7330e+01,8.7585e+01,8.7747e+01,8.7980e+01,8.7765e+01,8.7949e+01,8.8136e+01,8.8485e+01,8.8733e+01,8.8718e+01,8.8650e+01,8.8643e+01,8.8915e+01,8.9235e+01,8.9263e+01,8.9894e+01,8.9496e+01,8.9621e+01,9.0486e+01,9.1450e+01,9.2575e+01,9.3513e+01,9.4414e+01,9.5521e+01,9.5272e+01,9.5110e+01,9.5346e+01,9.5013e+01,9.5601e+01,9.5124e+01,9.3932e+01,9.2935e+01,9.2367e+01,9.1026e+01,9.0636e+01,8.9111e+01,8.7856e+01,8.7043e+01,8.6325e+01,8.5360e+01,8.5000e+01,8.4316e+01,8.3625e+01,8.3591e+01,8.3118e+01,8.2803e+01,8.2831e+01,8.3211e+01,8.3577e+01,8.3132e+01,8.3413e+01,8.4200e+01,8.4399e+01,8.4923e+01,8.5436e+01,8.5840e+01,8.6268e+01,8.6263e+01,8.6546e+01,8.7701e+01,8.8702e+01,8.9748e+01,9.0309e+01,9.1625e+01,9.2366e+01,9.1516e+01,9.2322e+01,9.3601e+01,9.4872e+01,9.5922e+01,9.6888e+01,9.6011e+01,9.5601e+01,9.6366e+01,9.5813e+01,9.7203e+01,9.7448e+01,9.7165e+01,9.8749e+01,9.9981e+01,1.0052e+02,1.0264e+02,1.0383e+02,1.0547e+02,1.0640e+02,1.0661e+02,1.0693e+02,1.0732e+02,1.0817e+02,1.0859e+02,1.0949e+02,1.1041e+02,1.1134e+02,1.1220e+02,1.1277e+02,1.1323e+02,1.1391e+02,1.1481e+02,1.1563e+02,1.1647e+02,1.1741e+02,1.1841e+02,1.1940e+02,1.2032e+02,1.2150e+02,1.2222e+02,1.2300e+02,1.2395e+02,1.2448e+02,1.2511e+02,1.2498e+02,1.2470e+02
8.8985e+01,8.9040e+01,8.9318e+01,8.9676e+01,9.0065e+01,9.0659e+01,9.0821e+01,9.1412e+01,9.1030e+01,9.0412e+01,9.0023e+01,8.9394e+01,8.9143e+01,8.9243e+01,8.8888e+01,8.8259e+01,8.7816e+01,8.7885e+01,8.7732e+01,8.7621e+01,8.7877e+01,8.8039e+01,8.8273e+01,8.8061e+01,8.8243e+01,8.8429e+01,8.8774e+01,8.9020e+01,8.9003e+01,8.8935e+01,8.8928e+01,8.9199e+01,8.9520e+01,8.9547e+01,9.0177e+01,8.9776e+01,8.9900e+01,9.0768e+01,9.1731e+01,9.2854e+01,9.3791e+01,9.4691e+01,9.5795e+01,9.5547e+01,9.5386e+01,9.5620e+01,9.5288e+01,9.5875e+01,9.5399e+01,9.4209e+01,9.3212e+01,9.2643e+01,9.1304e+01,9.0910e+01,8.9386e+01,8.8133e+01,8.7322e+01,8.6606e+01,8.5640e+01,8.5280e+01,8.4598e+01,8.3905e+01,8.3872e+01,8.3397e+01,8.3081e+01,8.3110e+01,8.3491e+01,8.3860e+01,8.3412e+01,8.3696e+01,8.4488e+01,8.4690e+01,8.5215e+01,8.5730e+01,8.6134e+01,8.6560e+01,8.6552e+01,8.6833e+01,8.7991e+01,8.8991e+01,9.0040e+01,9.0599e+01,9.1915e+01,9.2654e+01,9.1801e+01,9.2601e+01,9.3876e+01,9.5143e+01,9.6195e+01,9.7156e+01,9.6274e+01,9.5862e+01,9.6625e+01,9.6078e+01,9.7469e+01,9.7710e+01,9.7432e+01,9.9017e+01,1.0024e+02,1.0078e+02,1.0289e+02,1.0408e+02,1.0572e+02,1.0664e+02,1.0685e+02,1.0716e+02,1.0755e+02,1.0839e+02,1.0882e+02,1.0971e+02,1.1062e+02,1.1154e+02,1.1240e+02,1.1297e+02,1.1343e+02,1.1411e+02,1.1501e+02,1.1583e+02,1.1667e+02,1.1760e+02,1.1860e+02,1.1959e+02,1.2051e+02,1.2168e+02,1.2240e+02,1.2319e+02,1.2413e+02,1.2466e+02,1.2529e+02,1.2516e+02,1.2488e+02
8.9260e+01,8.9316e+01,8.9597e+01,8.9953e+01,9.0344e+01,9.0938e+01,9.1098e+01,9.1687e+01,9.1306e+01,9.0690e+01,9.0302e+01,8.9675e+01,8.9423e+01,8.9522e+01,8.9168e+01,8.8540e+01,8.8098e+01,8.8169e+01,8.8014e+01,8.7905e+01,8.8164e+01,8.8330e+01,8.8568e+01,8.8360e+01,8.8546e+01,8.8732e+01,8.9078e+01,8.9323e+01,8.9307e+01,8.9243e+01,8.9235e+01,8.9505e+01,8.9824e+01,8.9850e+01,9.0478e+01,9.0079e+01,9.0205e+01,9.1071e+01,9.2030e+01,9.3152e+01,9.4085e+01,9.4984e+01,9.6087e+01,9.5838e+01,9.5675e+01,9.5906e+01,9.5570e+01,9.6153e+01,9.5677e+01,9.4487e+01,9.3490e+01,9.2919e+01,9.1583e+01,9.1185e+01,8.9664e+01,8.8415e+01,8.7607e+01,8.6894e+01,8.5930e+01,8.5570e+01,8.4891e+01,8.4198e+01,8.4164e+01,8.3689e+01,8.3372e+01,8.3402e+01,8.3783e+01,8.4153e+01,8.3704e+01,8.3991e+01,8.4783e+01,8.4987e+01,8.5513e+01,8.6028e+01,8.6433e+01,8.6859e+01,8.6853e+01,8.7134e+01,8.8291e+01,8.9290e+01,9.0338e+01,9.0895e+01,9.2211e+01,9.2946e+01,9.2093e+01,9.2891e+01,9.4162e+01,9.5427e+01,9.6479e+01,9.7437e+01,9.6554e+01,9.6143e+01,9.6907e+01,9.6363e+01,9.7753e+01,9.7994e+01,9.7718e+01,9.9302e+01,1.0052e+02,1.0106e+02,1.0317e+02,1.0435e+02,1.0598e+02,1.0690e+02,1.0712e+02,1.0742e+02,1.0780e+02,1.0865e+02,1.0906e+02,1.0995e+02,1.1086e+02,1.1179e+02,1.1264e+02,1.1321e+02,1.1366e+02,1.1434e+02,1.1524e+02,1.1605e+02,1.1689e+02,1.1783e+02,1.1882e+02,1.1980e+02,1.2071e+02,1.2189e+02,1.2261e+02,1.2339e+02,1.2433e+02,1.2486e+02,1.2548e+02,1.2536e+02,1.2508e+02
8.9568e+01,8.9625e+01,8.9908e+01,9.0266e+01,9.0660e+01,9.1254e+01,9.1413e+01,9.2002e+01,9.1620e+01,9.1006e+01,9.0621e+01,8.9993e+01,8.9744e+01,8.9845e+01,8.9490e+01,8.8863e+01,8.8423e+01,8.8497e+01,8.8343e+01,8.8234e+01,8.8489e+01,8.8655e+01,8.8891e+01,8.8683e+01,8.8867e+01,8.9049e+01,8.9390e+01,8.9629e+01,8.9610e+01,8.9549e+01,8.9540e+01,8.9808e+01,9.0125e+01,9.0151e+01,9.0775e+01,9.0377e+01,9.0502e+01,9.1365e+01,9.2321e+01,9.3439e+01,9.4372e+01,9.5269e+01,9.6370e+01,9.6124e+01,9.5965e+01,9.6194e+01,9.5858e+01,9.6439e+01,9.5967e+01,9.4780e+01,9.3788e+01,9.3221e+01,9.1888e+01,9.1491e+01,8.9975e+01,8.8730e+01,8.7925e+01,8.7213e+01,8.6252e+01,8.5892e+01,8.5215e+01,8.4523e+01,8.4490e+01,8.4016e+01,8.3699e+01,8.3730e+01,8.4109e+01,8.4479e+01,8.4032e+01,8.4319e+01,8.5110e+01,8.5315e+01,8.5841e+01,8.6357e+01,8.6761e+01,8.7187e+01,8.7181e+01,8.7461e+01,8.8616e+01,8.9612e+01,9.0657e+01,9.1211e+01,9.2524e+01,9.3256e+01,9.2402e+01,9.3195e+01,9.4461e+01,9.5722e+01,9.6772e+01,9.7726e+01,9.6844e+01,9.6435e+01,9.7199e+01,9.6661e+01,9.8048e+01,9.8290e+01,9.8019e+01,9.9601e+01,1.0082e+02,1.0135e+02,1.0346e+02,1.0463e+02,1.0626e+02,1.0718e+02,1.0739e+02,1.0769e+02,1.0807e+02,1.0891e+02,1.0932e+02,1.1021e+02,1.1112e+02,1.1204e+02,1.1289e+02,1.1346e+02,1.1391e+02,1.1458e+02,1.1548e+02,1.1629e+02,1.1712e+02,1.1805e+02,1.1904e+02,1.2002e+02,1.2093e+02,1.2210e+02,1.2282e+02,1.2360e+02,1.2454e+02,1.2507e+02,1.2569e+02,1.2557e+02,1.2529e+02
8.9845e+01,8.9902e+01,9.0187e+01,9.0545e+01,9.0940e+01,9.1533e+01,9.1692e+01,9.2280e+01,9.1897e+01,9.1281e+01,9.0897e+01,9.0270e+01,9.0019e+01,9.0121e+01,8.9771e+01,8.9144e+01,8.8704e+01,8.8778e+01,8.8623e+01,8.8515e+01,8.8774e+01,8.8943e+01,8.9180e+01,8.8976e+01,8.9162e+01,8.9344e+01,8.9685e+01,8.9921e+01,8.9901e+01,8.9843e+01,8.9833e+01,9.0101e+01,9.0418e+01,9.0442e+01,9.1063e+01,9.0666e+01,9.0791e+01,9.1651e+01,9.2605e+01,9.3722e+01,9.4655e+01,9.5553e+01,9.6654e+01,9.6410e+01,9.6250e+01,9.6478e+01,9.6138e+01,9.6715e+01,9.6243e+01,9.5056e+01,9.4064e+01,9.3496e+01,9.2164e+01,9.1764e+01,9.0251e+01,8.9009e+01,8.8207e+01,8.7497e+01,8.6536e+01,8.6174e+01,8.5499e+01,8.4808e+01,8.4774e+01,8.4302e+01,8.3982e+01,8.4014e+01,8.4391e+01,8.4761e+01,8.4315e+01,8.4604e+01,8.5395e+01,8.5603e+01,8.6129e+01,8.6646e+01,8.7052e+01,8.7477e+01,8.7473e+01,8.7752e+01,8.8906e+01,8.9900e+01,9.0944e+01,9.1495e+01,9.2807e+01,9.3536e+01,9.2682e+01,9.3472e+01,9.4734e+01,9.5991e+01,9.7042e+01,9.7992e+01,9.7109e+01,9.6702e+01,9.7464e+01,9.6929e+01,9.8313e+01,9.8554e+01,9.8285e+01,9.9863e+01,1.0107e+02,1.0160e+02,1.0370e+02,1.0487e+02,1.0649e+02,1.0741e+02,1.0762e+02,1.0792e+02,1.0829e+02,1.0912e+02,1.0953e+02,1.1042e+02,1.1132e+02,1.1224e+02,1.1309e+02,1.1366e+02,1.1411e+02,1.1478e+02,1.1568e+02,1.1648e+02,1.1731e+02,1.1824e+02,1.1922e+02,1.2020e+02,1.2111e+02,1.2227e+02,1.2299e+02,1.2376e+02,1.2470e+02,1.2523e+02,1.2585e+02,1.2573e+02,1.2545e+02
9.0171e+01,9.0229e+01,9.0515e+01,9.0873e+01,9.1269e+01,9.1863e+01,9.2021e+01,9.2610e+01,9.2227e+01,9.1613e+01,9.1229e+01,9.0604e+01,9.0354e+01,9.0455e+01,9.0105e+01,8.9479e+01,8.9041e+01,8.9116e+01,8.8963e+01,8.8855e+01,8.9113e+01,8.9283e+01,8.9522e+01,8.9319e+01,8.9506e+01,8.9688e+01,9.0026e+01,9.0262e+01,9.0241e+01,9.0187e+01,9.0176e+01,9.0444e+01,9.0762e+01,9.0785e+01,9.1404e+01,9.1009e+01,9.1134e+01,9.1994e+01,9.2942e+01,9.4058e+01,9.4987e+01,9.5883e+01,9.6983e+01,9.6738e+01,9.6577e+01,9.6801e+01,9.6459e+01,9.7033e+01,9.6560e+01,9.5375e+01,9.4383e+01,9.3813e+01,9.2486e+01,9.2083e+01,9.0573e+01,8.9336e+01,8.8538e+01,8.7832e+01,8.6873e+01,8.6514e+01,8.5843e+01,8.5154e+01,8.5121e+01,8.4651e+01,8.4335e+01,8.4367e+01,8.4745e+01,8.5115e+01,8.4671e+01,8.4960e+01,8.5750e+01,8.5957e+01,8.6483e+01,8.6998e+01,8.7405e+01,8.7830e+01,8.7828e+01,8.8108e+01,8.9260e+01,9.0252e+01,9.1293e+01,9.1843e+01,9.3153e+01,9.3880e+01,9.3026e+01,9.3813e+01,9.5069e+01,9.6324e+01,9.7374e+01,9.8321e+01,9.7437e+01,9.7032e+01,9.7794e+01,9.7264e+01,9.8646e+01,9.8888e+01,9.8623e+01,1.0020e+02,1.0140e+02,1.0193e+02,1.0402e+02,1.0518e+02,1.0680e+02,1.0771e+02,1.0793e+02,1.0822e+02,1.0859e+02,1.0942e+02,1.0983e+02,1.1071e+02,1.1161e+02,1.1252e+02,1.1337e+02,1.1394e+02,1.1439e+02,1.1506e+02,1.1595e+02,1.1676e+02,1.1758e+02,1.1850e+02,1.1949e+02,1.2046e+02,1.2136e+02,1.2253e+02,1.2324e+02,1.2401e+02,1.2495e+02,1.2547e+02,1.2609e+02,1.2597e+02,1.2569e+02
9.0545e+01,9.0605e+01,9.0891e+01,9.1250e+01,9.1647e+01,9.2240e+01,9.2397e+01,9.2986e+01,9.2603e+01,9.1990e+01,9.1609e+01,9.0985e+01,9.0737e+01,9.0838e+01,9.0490e+01,8.9865e+01,8.9429e+01,8.9504e+01,8.9353e+01,8.9245e+01,8.9503e+01,8.9674e+01,8.9913e+01,8.9711e+01,8.9896e+01,9.0078e+01,9.0412e+01,9.0647e+01,9.0626e+01,9.0574e+01,9.0564e+01,9.0831e+01,9.1149e+01,9.1172e+01,9.1789e+01,9.1396e+01,9.1521e+01,9.2378e+01,9.3324e+01,9.4438e+01,9.5364e+01,9.6258e+01,9.7355e+01,9.7108e+01,9.6944e+01,9.7166e+01,9.6821e+01,9.7392e+01,9.6918e+01,9.5733e+01,9.4742e+01,9.4172e+01,9.2848e+01,9.2443e+01,9.0937e+01,8.9706e+01,8.8911e+01,8.8210e+01,8.7254e+01,8.6899e+01,8.6233e+01,8.5547e+01,8.5516e+01,8.5048e+01,8.4735e+01,8.4770e+01,8.5149e+01,8.5521e+01,8.5079e+01,8.5367e+01,8.6157e+01,8.6361e+01,8.6889e+01,8.7402e+01,8.7808e+01,8.8234e+01,8.8232e+01,8.8513e+01,8.9665e+01,9.0658e+01,9.1698e+01,9.2249e+01,9.3559e+01,9.4285e+01,9.3432e+01,9.4219e+01,9.5474e+01,9.6728e+01,9.7777e+01,9.8722e+01,9.7839e+01,9.7434e+01,9.8193e+01,9.7665e+01,9.9046e+01,9.9285e+01,9.9022e+01,1.0060e+02,1.0179e+02,1.0232e+02,1.0441e+02,1.0557e+02,1.0718e+02,1.0809e+02,1.0830e+02,1.0859e+02,1.0896e+02,1.0978e+02,1.1019e+02,1.1106e+02,1.1195e+02,1.1287e+02,1.1371e+02,1.1428e+02,1.1473e+02,1.1540e+02,1.1629e+02,1.1709e+02,1.1791e+02,1.1883e+02,1.1981e+02,1.2077e+02,1.2168e+02,1.2284e+02,1.2354e+02,1.2431e+02,1.2524e+02,1.2577e+02,1.2638e+02,1.2626e+02,1.2599e+02
9.0861e+01,9.0922e+01,9.1208e+01,9.1567e+01,9.1965e+01,9.2557e+01,9.2714e+01,9.3301e+01,9.2919e+01,9.2307e+01,9.1924e+01,9.1300e+01,9.1051e+01,9.1151e+01,9.0805e+01,9.0180e+01,8.9745e+01,8.9821e+01,8.9671e+01,8.9563e+01,8.9820e+01,8.9992e+01,9.0233e+01,9.0032e+01,9.0217e+01,9.0399e+01,9.0731e+01,9.0964e+01,9.0944e+01,9.0893e+01,9.0881e+01,9.1147e+01,9.1462e+01,9.1486e+01,9.2101e+01,9.1711e+01,9.1837e+01,9.2690e+01,9.3629e+01,9.4739e+01,9.5659e+01,9.6551e+01,9.7644e+01,9.7396e+01,9.7231e+01,9.7450e+01,9.7102e+01,9.7669e+01,9.7195e+01,9.6012e+01,9.5024e+01,9.4456e+01,9.3138e+01,9.2732e+01,9.1232e+01,9.0008e+01,8.9216e+01,8.8521e+01,8.7569e+01,8.7218e+01,8.6556e+01,8.5875e+01,8.5846e+01,8.5382e+01,8.5072e+01,8.5109e+01,8.5490e+01,8.5862e+01,8.5423e+01,8.5712e+01,8.6498e+01,8.6701e+01,8.7230e+01,8.7740e+01,8.8148e+01,8.8576e+01,8.8576e+01,8.8859e+01,9.0010e+01,9.1002e+01,9.2039e+01,9.2591e+01,9.3900e+01,9.4627e+01,9.3774e+01,9.4561e+01,9.5814e+01,9.7068e+01,9.8116e+01,9.9061e+01,9.8179e+01,9.7776e+01,9.8535e+01,9.8009e+01,9.9388e+01,9.9627e+01,9.9366e+01,1.0094e+02,1.0213e+02,1.0266e+02,1.0474e+02,1.0589e+02,1.0750e+02,1.0841e+02,1.0862e+02,1.0891e+02,1.0928e+02,1.1010e+02,1.1050e+02,1.1137e+02,1.1226e+02,1.1317e+02,1.1402e+02,1.1458e+02,1.1503e+02,1.1570e+02,1.1658e+02,1.1738e+02,1.1820e+02,1.1912e+02,1.2009e+02,1.2105e+02,1.2195e+02,1.2311e+02,1.2382e+02,1.2458e+02,1.2551e+02,1.2604e+02,1.2665e+02,1.2653e+02,1.2625e+02
9.1123e+01,9.1185e+01,9.1475e+01,9.1834e+01,9.2232e+01,9.2824e+01,9.2978e+01,9.3563e+01,9.3181e+01,9.2570e+01,9.2188e+01,9.1566e+01,9.1318e+01,9.1416e+01,9.1073e+01,9.0449e+01,9.0016e+01,9.0092e+01,8.9944e+01,8.9837e+01,9.0092e+01,9.0263e+01,9.0504e+01,9.0304e+01,9.0488e+01,9.0669e+01,9.0999e+01,9.1231e+01,9.1212e+01,9.1161e+01,9.1151e+01,9.1417e+01,9.1732e+01,9.1756e+01,9.2370e+01,9.1981e+01,9.2106e+01,9.2958e+01,9.3895e+01,9.5003e+01,9.5921e+01,9.6811e+01,9.7901e+01,9.7651e+01,9.7484e+01,9.7702e+01,9.7352e+01,9.7920e+01,9.7444e+01,9.6263e+01,9.5273e+01,9.4704e+01,9.3390e+01,9.2982e+01,9.1484e+01,9.0264e+01,8.9473e+01,8.8782e+01,8.7833e+01,8.7485e+01,8.6826e+01,8.6147e+01,8.6121e+01,8.5660e+01,8.5352e+01,8.5391e+01,8.5775e+01,8.6149e+01,8.5711e+01,8.6000e+01,8.6787e+01,8.6987e+01,8.7517e+01,8.8026e+01,8.8434e+01,8.8864e+01,8.8865e+01,8.9149e+01,9.0300e+01,9.1294e+01,9.2332e+01,9.2885e+01,9.4194e+01,9.4922e+01,9.4071e+01,9.4858e+01,9.6112e+01,9.7365e+01,9.8413e+01,9.9357e+01,9.8475e+01,9.8071e+01,9.8826e+01,9.8300e+01,9.9677e+01,9.9913e+01,9.9652e+01,1.0122e+02,1.0241e+02,1.0294e+02,1.0502e+02,1.0616e+02,1.0777e+02,1.0867e+02,1.0888e+02,1.0917e+02,1.0953e+02,1.1035e+02,1.1075e+02,1.1162e+02,1.1251e+02,1.1342e+02,1.1426e+02,1.1482e+02,1.1528e+02,1.1594e+02,1.1682e+02,1.1762e+02,1.1844e+02,1.1935e+02,1.2032e+02,1.2128e+02,1.2217e+02,1.2333e+02,1.2403e+02,1.2479e+02,1.2572e+02,1.2625e+02,1.2686e+02,1.2673e+02,1.2646e+02
9.1299e+01,9.1363e+01,9.1654e+01,9.2013e+01,9.2411e+01,9.3004e+01,9.3157e+01,9.3742e+01,9.3359e+01,9.2749e+01,9.2366e+01,9.1745e+01,9.1496e+01,9.1594e+01,9.1253e+01,9.0630e+01,9.0196e+01,9.0274e+01,9.0125e+01,9.0017e+01,9.0272e+01,9.0443e+01,9.0686e+01,9.0487e+01,9.0674e+01,9.0855e+01,9.1184e+01,9.1417e+01,9.1397e+01,9.1346e+01,9.1335e+01,9.1602e+01,9.1916e+01,9.1939e+01,9.2551e+01,9.2162e+01,9.2286e+01,9.3138e+01,9.4073e+01,9.5178e+01,9.6094e+01,9.6981e+01,9.8068e+01,9.7816e+01,9.7648e+01,9.7865e+01,9.7515e+01,9.8082e+01,9.7607e+01,9.6428e+01,9.5441e+01,9.4874e+01,9.3563e+01,9.3157e+01,9.1661e+01,9.0444e+01,8.9655e+01,8.8967e+01,8.8020e+01,8.7676e+01,8.7018e+01,8.6342e+01,8.6318e+01,8.5859e+01,8.5553e+01,8.5594e+01,8.5980e+01,8.6356e+01,8.5921e+01,8.6209e+01,8.6995e+01,8.7193e+01,8.7724e+01,8.8231e+01,8.8641e+01,8.9073e+01,8.9076e+01,8.9362e+01,9.0512e+01,9.1506e+01,9.2541e+01,9.3094e+01,9.4403e+01,9.5131e+01,9.4280e+01,9.5070e+01,9.6323e+01,9.7576e+01,9.8623e+01,9.9568e+01,9.8690e+01,9.8288e+01,9.9042e+01,9.8515e+01,9.9889e+01,1.0013e+02,9.9865e+01,1.0143e+02,1.0262e+02,1.0315e+02,1.0522e+02,1.0637e+02,1.0797e+02,1.0887e+02,1.0908e+02,1.0937e+02,1.0973e+02,1.1055e+02,1.1095e+02,1.1182e+02,1.1270e+02,1.1361e+02,1.1445e+02,1.1501e+02,1.1547e+02,1.1613e+02,1.1701e+02,1.1780e+02,1.1862e+02,1.1953e+02,1.2050e+02,1.2145e+02,1.2235e+02,1.2350e+02,1.2420e+02,1.2496e+02,1.2589e+02,1.2641e+02,1.2702e+02,1.2690e+02,1.2662e+02
9.1545e+01,9.1609e+01,9.1900e+01,9.2257e+01,9.2656e+01,9.3247e+01,9.3399e+01,9.3983e+01,9.3601e+01,9.2990e+01,9.2607e+01,9.1985e+01,9.1735e+01,9.1831e+01,9.1491e+01,9.0868e+01,9.0432e+01,9.0510e+01,9.0359e+01,9.0253e+01,9.0509e+01,9.0680e+01,9.0924e+01,9.0727e+01,9.0916e+01,9.1095e+01,9.1423e+01,9.1656e+01,9.1638e+01,9.1589e+01,9.1580e+01,9.1847e+01,9.2163e+01,9.2186e+01,9.2797e+01,9.2409e+01,9.2532e+01,9.3382e+01,9.4317e+01,9.5420e+01,9.6333e+01,9.7218e+01,9.8302e+01,9.8049e+01,9.7880e+01,9.8095e+01,9.7743e+01,9.8307e+01,9.7834e+01,9.6657e+01,9.5672e+01,9.5107e+01,9.3799e+01,9.3393e+01,9.1899e+01,9.0685e+01,8.9896e+01,8.9212e+01,8.8267e+01,8.7925e+01,8.7269e+01,8.6596e+01,8.6572e+01,8.6117e+01,8.5813e+01,8.5856e+01,8.6243e+01,8.6620e+01,8.6189e+01,8.6476e+01,8.7259e+01,8.7455e+01,8.7987e+01,8.8490e+01,8.8900e+01,8.9337e+01,8.9342e+01,8.9633e+01,9.0781e+01,9.1775e+01,9.2807e+01,9.3363e+01,9.4671e+01,9.5401e+01,9.4551e+01,9.5343e+01,9.6594e+01,9.7849e+01,9.8895e+01,9.9842e+01,9.8966e+01,9.8566e+01,9.9322e+01,9.8796e+01,1.0017e+02,1.0041e+02,1.0015e+02,1.0171e+02,1.0290e+02,1.0343e+02,1.0550e+02,1.0664e+02,1.0824e+02,1.0914e+02,1.0935e+02,1.0964e+02,1.1001e+02,1.1083e+02,1.1123e+02,1.1209e+02,1.1298e+02,1.1388e+02,1.1472e+02,1.1529e+02,1.1574e+02,1.1640e+02,1.1728e+02,1.1808e+02,1.1889e+02,1.1979e+02,1.2076e+02,1.2171e+02,1.2260e+02,1.2375e+02,1.2445e+02,1.2521e+02,1.2614e+02,1.2666e+02,1.2727e+02,1.2715e+02,1.2687e+02
9.1773e+01,9.1837e+01,9.2126e+01,9.2481e+01,9.2877e+01,9.3467e+01,9.3621e+01,9.4203e+01,9.3824e+01,9.3216e+01,9.2833e+01,9.2214e+01,9.1965e+01,9.2059e+01,9.1717e+01,9.1096e+01,9.0659e+01,9.0738e+01,9.0586e+01,9.0478e+01,9.0732e+01,9.0903e+01,9.1148e+01,9.0951e+01,9.1141e+01,9.1317e+01,9.1645e+01,9.1877e+01,9.1859e+01,9.1810e+01,9.1801e+01,9.2066e+01,9.2381e+01,9.2403e+01,9.3014e+01,9.2628e+01,9.2752e+01,9.3599e+01,9.4532e+01,9.5632e+01,9.6540e+01,9.7423e+01,9.8502e+01,9.8250e+01,9.8080e+01,9.8292e+01,9.7941e+01,9.8503e+01,9.8033e+01,9.6859e+01,9.5878e+01,9.5316e+01,9.4013e+01,9.3610e+01,9.2120e+01,9.0910e+01,9.0120e+01,8.9439e+01,8.8499e+01,8.8161e+01,8.7505e+01,8.6837e+01,8.6814e+01,8.6362e+01,8.6062e+01,8.6106e+01,8.6493e+01,8.6868e+01,8.6442e+01,8.6726e+01,8.7503e+01,8.7694e+01,8.8225e+01,8.8723e+01,8.9133e+01,8.9570e+01,8.9578e+01,8.9870e+01,9.1014e+01,9.2007e+01,9.3034e+01,9.3592e+01,9.4897e+01,9.5629e+01,9.4783e+01,9.5577e+01,9.6828e+01,9.8083e+01,9.9127e+01,1.0008e+02,9.9206e+01,9.8810e+01,9.9565e+01,9.9039e+01,1.0041e+02,1.0065e+02,1.0039e+02,1.0195e+02,1.0314e+02,1.0367e+02,1.0573e+02,1.0688e+02,1.0848e+02,1.0938e+02,1.0958e+02,1.0987e+02,1.1024e+02,1.1106e+02,1.1146e+02,1.1232e+02,1.1321e+02,1.1412e+02,1.1495e+02,1.1552e+02,1.1597e+02,1.1663e+02,1.1751e+02,1.1830e+02,1.1911e+02,1.2001e+02,1.2098e+02,1.2192e+02,1.2281e+02,1.2396e+02,1.2466e+02,1.2541e+02,1.2634e+02,1.2686e+02,1.2746e+02,1.2734e+02,1.2707e+02
9.1935e+01,9.2000e+01,9.2287e+01,9.2639e+01,9.3034e+01,9.3621e+01,9.3774e+01,9.4355e+01,9.3976e+01,9.3368e+01,9.2985e+01,9.2365e+01,9.2117e+01,9.2211e+01,9.1870e+01,9.1250e+01,9.0813e+01,9.0892e+01,9.0743e+01,9.0634e+01,9.0886e+01,9.1057e+01,9.1302e+01,9.1106e+01,9.1296e+01,9.1471e+01,9.1796e+01,9.2029e+01,9.2013e+01,9.1966e+01,9.1959e+01,9.2227e+01,9.2544e+01,9.2567e+01,9.3180e+01,9.2795e+01,9.2916e+01,9.3762e+01,9.4695e+01,9.5792e+01,9.6698e+01,9.7579e+01,9.8655e+01,9.8403e+01,9.8234e+01,9.8446e+01,9.8096e+01,9.8657e+01,9.8190e+01,9.7017e+01,9.6039e+01,9.5479e+01,9.4179e+01,9.3776e+01,9.2288e+01,9.1079e+01,9.0289e+01,8.9610e+01,8.8672e+01,8.8337e+01,8.7682e+01,8.7018e+01,8.6995e+01,8.6545e+01,8.6249e+01,8.6292e+01,8.6680e+01,8.7055e+01,8.6632e+01,8.6914e+01,8.7687e+01,8.7874e+01,8.8404e+01,8.8899e+01,8.9307e+01,8.9746e+01,8.9754e+01,9.0049e+01,9.1189e+01,9.2182e+01,9.3206e+01,9.3765e+01,9.5068e+01,9.5802e+01,9.4959e+01,9.5757e+01,9.7008e+01,9.8264e+01,9.9305e+01,1.0026e+02,9.9393e+01,9.9000e+01,9.9755e+01,9.9226e+01,1.0059e+02,1.0084e+02,1.0058e+02,1.0214e+02,1.0333e+02,1.0385e+02,1.0592e+02,1.0707e+02,1.0866e+02,1.0956e+02,1.0976e+02,1.1006e+02,1.1042e+02,1.1125e+02,1.1165e+02,1.1251e+02,1.1339e+02,1.1430e+02,1.1514e+02,1.1570e+02,1.1615e+02,1.1681e+02,1.1769e+02,1.1848e+02,1.1929e+02,1.2019e+02,1.2115e+02,1.2210e+02,1.2299e+02,1.2413e+02,1.2483e+02,1.2558e+02,1.2650e+02,1.2702e+02,1.2762e+02,1.2751e+02,1.2723e+02
9.2114e+01,9.2177e+01,9.2460e+01,9.2810e+01,9.3201e+01,9.3785e+01,9.3941e+01,9.4522e+01,9.4145e+01,9.3538e+01,9.3155e+01,9.2535e+01,9.2289e+01,9.2383e+01,9.2042e+01,9.1423e+01,9.0987e+01,9.1067e+01,9.0920e+01,9.0811e+01,9.1061e+01,9.1232e+01,9.1476e+01,9.1282e+01,9.1472e+01,9.1647e+01,9.1971e+01,9.2204e+01,9.2190e+01,9.2144e+01,9.2139e+01,9.2408e+01,9.2727e+01,9.2751e+01,9.3365e+01,9.2983e+01,9.3103e+01,9.3948e+01,9.4882e+01,9.5976e+01,9.6880e+01,9.7759e+01,9.8832e+01,9.8581e+01,9.8411e+01,9.8622e+01,9.8273e+01,9.8836e+01,9.8371e+01,9.7200e+01,9.6225e+01,9.5666e+01,9.4367e+01,9.3966e+01,9.2479e+01,9.1271e+01,9.0481e+01,8.9803e+01,8.8867e+01,8.8533e+01,8.7878e+01,8.7216e+01,8.7192e+01,8.6745e+01,8.6452e+01,8.6495e+01,8.6883e+01,8.7257e+01,8.6838e+01,8.7117e+01,8.7886e+01,8.8069e+01,8.8597e+01,8.9087e+01,8.9495e+01,8.9935e+01,8.9945e+01,9.0242e+01,9.1379e+01,9.2372e+01,9.3393e+01,9.3954e+01,9.5257e+01,9.5993e+01,9.5153e+01,9.5954e+01,9.7205e+01,9.8462e+01,9.9501e+01,1.0046e+02,9.9596e+01,9.9207e+01,9.9962e+01,9.9432e+01,1.0080e+02,1.0105e+02,1.0078e+02,1.0234e+02,1.0353e+02,1.0406e+02,1.0612e+02,1.0727e+02,1.0886e+02,1.0976e+02,1.0996e+02,1.1025e+02,1.1062e+02,1.1144e+02,1.1184e+02,1.1270e+02,1.1358e+02,1.1449e+02,1.1532e+02,1.1589e+02,1.1633e+02,1.1699e+02,1.1787e+02,1.1866e+02,1.1946e+02,1.2037e+02,1.2133e+02,1.2227e+02,1.2316e+02,1.2431e+02,1.2500e+02,1.2575e+02,1.2667e+02,1.2719e+02,1.2779e+02,1.2767e+02,1.2739e+02
9.2330e+01,9.2393e+01,9.2675e+01,9.3024e+01,9.3413e+01,9.3997e+01,9.4155e+01,9.4736e+01,9.4360e+01,9.3754e+01,9.3371e+01,9.2750e+01,9.2506e+01,9.2601e+01,9.2262e+01,9.1644e+01,9.1209e+01,9.1289e+01,9.1146e+01,9.1037e+01,9.1285e+01,9.1453e+01,9.1697e+01,9.1502e+01,9.1692e+01,9.1865e+01,9.2188e+01,9.2422e+01,9.2409e+01,9.2362e+01,9.2360e+01,9.2629e+01,9.2946e+01,9.2971e+01,9.3585e+01,9.3205e+01,9.3323e+01,9.4167e+01,9.5099e+01,9.6190e+01,9.7093e+01,9.7969e+01,9.9039e+01,9.8789e+01,9.8621e+01,9.8833e+01,9.8486e+01,9.9051e+01,9.8589e+01,9.7420e+01,9.6447e+01,9.5891e+01,9.4594e+01,9.4195e+01,9.2708e+01,9.1501e+01,9.0711e+01,9.0035e+01,8.9102e+01,8.8769e+01,8.8115e+01,8.7455e+01,8.7430e+01,8.6983e+01,8.6694e+01,8.6735e+01,8.7123e+01,8.7494e+01,8.7077e+01,8.7353e+01,8.8117e+01,8.8297e+01,8.8823e+01,8.9310e+01,8.9716e+01,9.0155e+01,9.0164e+01,9.0462e+01,9.1595e+01,9.2586e+01,9.3605e+01,9.4167e+01,9.5466e+01,9.6203e+01,9.5367e+01,9.6169e+01,9.7419e+01,9.8675e+01,9.9710e+01,1.0067e+02,9.9810e+01,9.9420e+01,1.0017e+02,9.9641e+01,1.0100e+02,1.0125e+02,1.0098e+02,1.0253e+02,1.0373e+02,1.0425e+02,1.0631e+02,1.0746e+02,1.0905e+02,1.0994e+02,1.1014e+02,1.1044e+02,1.1081e+02,1.1163e+02,1.1202e+02,1.1288e+02,1.1376e+02,1.1466e+02,1.1550e+02,1.1606e+02,1.1651e+02,1.1716e+02,1.1804e+02,1.1883e+02,1.1963e+02,1.2053e+02,1.2149e+02,1.2244e+02,1.2333e+02,1.2447e+02,1.2516e+02,1.2591e+02,1.2682e+02,1.2734e+02,1.2794e+02,1.2781e+02,1.2754e+02
9.2498e+01,9.2558e+01,9.2836e+01,9.3183e+01,9.3571e+01,9.4156e+01,9.4316e+01,9.4898e+01,9.4523e+01,9.3916e+01,9.3531e+01,9.2912e+01,9.2667e+01,9.2760e+01,9.2422e+01,9.1807e+01,9.1373e+01,9.1452e+01,9.1308e+01,9.1197e+01,9.1444e+01,9.1614e+01,9.1855e+01,9.1663e+01,9.1852e+01,9.2028e+01,9.2350e+01,9.2582e+01,9.2570e+01,9.2523e+01,9.2521e+01,9.2788e+01,9.3103e+01,9.3127e+01,9.3738e+01,9.3359e+01,9.3478e+01,9.4319e+01,9.5249e+01,9.6337e+01,9.7239e+01,9.8115e+01,9.9185e+01,9.8937e+01,9.8768e+01,9.8978e+01,9.8631e+01,9.9195e+01,9.8734e+01,9.7566e+01,9.6597e+01,9.6042e+01,9.4747e+01,9.4349e+01,9.2865e+01,9.1660e+01,9.0872e+01,9.0198e+01,8.9268e+01,8.8936e+01,8.8283e+01,8.7627e+01,8.7603e+01,8.7157e+01,8.6871e+01,8.6914e+01,8.7303e+01,8.7674e+01,8.7260e+01,8.7534e+01,8.8297e+01,8.8474e+01,8.9000e+01,8.9485e+01,8.9891e+01,9.0332e+01,9.0341e+01,9.0641e+01,9.1773e+01,9.2766e+01,9.3783e+01,9.4348e+01,9.5647e+01,9.6386e+01,9.5552e+01,9.6356e+01,9.7606e+01,9.8863e+01,9.9899e+01,1.0086e+02,1.0000e+02,9.9616e+01,1.0037e+02,9.9838e+01,1.0120e+02,1.0145e+02,1.0118e+02,1.0273e+02,1.0393e+02,1.0445e+02,1.0651e+02,1.0766e+02,1.0924e+02,1.1013e+02,1.1034e+02,1.1063e+02,1.1099e+02,1.1181e+02,1.1221e+02,1.1306e+02,1.1393e+02,1.1483e+02,1.1567e+02,1.1623e+02,1.1667e+02,1.1732e+02,1.1820e+02,1.1898e+02,1.1979e+02,1.2068e+02,1.2164e+02,1.2259e+02,1.2348e+02,1.2462e+02,1.2530e+02,1.2605e+02,1.2697e+02,1.2748e+02,1.2807e+02,1.2795e+02,1.2768e+02
