1.0344e+02,1.0346e+02,1.0397e+02,1.0456e+02,1.0480e+02,1.0443e+02,1.0436e+02,1.0388e+02,1.0331e+02,1.0302e+02,1.0398e+02,1.0405e+02,1.0319e+02,1.0373e+02,1.0469e+02,1.0440e+02,1.0398e+02,1.0497e+02,1.0564e+02,1.0551e+02,1.0709e+02,1.0852e+02,1.0778e+02,1.0874e+02,1.1032e+02,1.1113e+02,1.1297e+02,1.1404e+02,1.1601e+02,1.1695e+02,1.1834e+02,1.1978e+02,1.2138e+02,1.2165e+02,1.2356e+02,1.2423e+02,1.2523e+02,1.2505e+02,1.2655e+02,1.2724e+02,1.2858e+02,1.3000e+02,1.3155e+02,1.3066e+02,1.3064e+02,1.2985e+02,1.2775e+02,1.2670e+02,1.2446e+02,1.2342e+02,1.2238e+02,1.2069e+02,1.1801e+02,1.1715e+02,1.1550e+02,1.1290e+02,1.1249e+02,1.1398e+02,1.1362e+02,1.1417e+02,1.1339e+02,1.1112e+02,1.0955e+02,1.0708e+02,1.0529e+02,1.0404e+02,1.0418e+02,1.0302e+02,1.0137e+02,9.9599e+01,9.7145e+01,9.5608e+01,9.3204e+01,9.1338e+01,8.9353e+01,8.9728e+01,8.7724e+01,8.7038e+01,8.5846e+01,8.6724e+01,8.4859e+01,8.3021e+01,8.2582e+01,8.2121e+01,8.1029e+01,8.0256e+01,7.9766e+01,7.8721e+01,7.7797e+01,7.7652e+01,7.6921e+01,7.6650e+01,7.5792e+01,7.5439e+01,7.4920e+01,7.4893e+01,7.3975e+01,7.3799e+01,7.4057e+01,7.4353e+01,7.4688e+01,7.5106e+01,7.5582e+01,7.6133e+01,7.7206e+01,7.7787e+01,7.8361e+01,7.9205e+01,7.9839e+01,8.0803e+01,8.1903e+01,8.2877e+01,8.3784e+01,8.4566e+01,8.5128e+01,8.5873e+01,8.6742e+01,8.7737e+01,8.8802e+01,8.9818e+01,9.0943e+01,9.2077e+01,9.3084e+01,9.4281e+01,9.4900e+01,9.5701e+01,9.6661e+01,9.7115e+01,9.7761e+01,9.7660e+01,9.7381e+01
1.0333e+02,1.0334e+02,1.0385e+02,1.0445e+02,1.0468e+02,1.0432e+02,1.0424e+02,1.0377e+02,1.0319e+02,1.0290e+02,1.0387e+02,1.0394e+02,1.0308e+02,1.0361e+02,1.0457e+02,1.0429e+02,1.0387e+02,1.0486e+02,1.0553e+02,1.0540e+02,1.0698e+02,1.0842e+02,1.0767e+02,1.0863e+02,1.1021e+02,1.1103e+02,1.1287e+02,1.1393e+02,1.1590e+02,1.1684e+02,1.1824e+02,1.1968e+02,1.2128e+02,1.2156e+02,1.2346e+02,1.2414e+02,1.2513e+02,1.2495e+02,1.2645e+02,1.2714e+02,1.2848e+02,1.2991e+02,1.3145e+02,1.3056e+02,1.3054e+02,1.2976e+02,1.2765e+02,1.2660e+02,1.2436e+02,1.2332e+02,1.2228e+02,1.2059e+02,1.1791e+02,1.1705e+02,1.1540e+02,1.1280e+02,1.1239e+02,1.1388e+02,1.1352e+02,1.1408e+02,1.1330e+02,1.1102e+02,1.0946e+02,1.0698e+02,1.0519e+02,1.0394e+02,1.0407e+02,1.0291e+02,1.0126e+02,9.9489e+01,9.7031e+01,9.5493e+01,9.3084e+01,9.1214e+01,8.9224e+01,8.9599e+01,8.7590e+01,8.6900e+01,8.5705e+01,8.6586e+01,8.4715e+01,8.2870e+01,8.2425e+01,8.1962e+01,8.0863e+01,8.0088e+01,7.9601e+01,7.8552e+01,7.7625e+01,7.7482e+01,7.6746e+01,7.6469e+01,7.5604e+01,7.5243e+01,7.4719e+01,7.4686e+01,7.3760e+01,7.3582e+01,7.3845e+01,7.4140e+01,7.4474e+01,7.4893e+01,7.5369e+01,7.5924e+01,7.7003e+01,7.7584e+01,7.8160e+01,7.9009e+01,7.9642e+01,8.0612e+01,8.1717e+01,8.2695e+01,8.3604e+01,8.4387e+01,8.4948e+01,8.5694e+01,8.6565e+01,8.7562e+01,8.8630e+01,8.9650e+01,9.0778e+01,9.1914e+01,9.2923e+01,9.4124e+01,9.4746e+01,9.5551e+01,9.6515e+01,9.6970e+01,9.7617e+01,9.7518e+01,9.7240e+01
1.0331e+02,1.0333e+02,1.0384e+02,1.0443e+02,1.0466e+02,1.0429e+02,1.0422e+02,1.0373e+02,1.0316e+02,1.0287e+02,1.0383e+02,1.0391e+02,1.0305e+02,1.0358e+02,1.0455e+02,1.0426e+02,1.0385e+02,1.0483e+02,1.0551e+02,1.0538e+02,1.0696e+02,1.0840e+02,1.0765e+02,1.0861e+02,1.1019e+02,1.1100e+02,1.1284e+02,1.1391e+02,1.1588e+02,1.1682e+02,1.1822e+02,1.1965e+02,1.2125e+02,1.2154e+02,1.2344e+02,1.2412e+02,1.2511e+02,1.2493e+02,1.2643e+02,1.2712e+02,1.2846e+02,1.2989e+02,1.3143e+02,1.3054e+02,1.3052e+02,1.2974e+02,1.2763e+02,1.2658e+02,1.2434e+02,1.2330e+02,1.2226e+02,1.2058e+02,1.1789e+02,1.1704e+02,1.1539e+02,1.1278e+02,1.1238e+02,1.1387e+02,1.1351e+02,1.1406e+02,1.1328e+02,1.1100e+02,1.0944e+02,1.0697e+02,1.0517e+02,1.0391e+02,1.0405e+02,1.0290e+02,1.0124e+02,9.9470e+01,9.7011e+01,9.5471e+01,9.3062e+01,9.1188e+01,8.9199e+01,8.9577e+01,8.7567e+01,8.6876e+01,8.5680e+01,8.6559e+01,8.4686e+01,8.2838e+01,8.2391e+01,8.1924e+01,8.0823e+01,8.0046e+01,7.9558e+01,7.8506e+01,7.7579e+01,7.7441e+01,7.6703e+01,7.6424e+01,7.5555e+01,7.5190e+01,7.4660e+01,7.4623e+01,7.3691e+01,7.3510e+01,7.3777e+01,7.4071e+01,7.4403e+01,7.4823e+01,7.5297e+01,7.5854e+01,7.6937e+01,7.7517e+01,7.8093e+01,7.8946e+01,7.9577e+01,8.0549e+01,8.1655e+01,8.2634e+01,8.3545e+01,8.4329e+01,8.4890e+01,8.5637e+01,8.6508e+01,8.7506e+01,8.8572e+01,8.9594e+01,9.0723e+01,9.1860e+01,9.2870e+01,9.4073e+01,9.4696e+01,9.5503e+01,9.6467e+01,9.6923e+01,9.7570e+01,9.7473e+01,9.7197e+01
1.0283e+02,1.0285e+02,1.0336e+02,1.0396e+02,1.0418e+02,1.0382e+02,1.0374e+02,1.0326e+02,1.0269e+02,1.0240e+02,1.0336e+02,1.0344e+02,1.0258e+02,1.0311e+02,1.0407e+02,1.0379e+02,1.0338e+02,1.0436e+02,1.0503e+02,1.0491e+02,1.0649e+02,1.0793e+02,1.0718e+02,1.0814e+02,1.0973e+02,1.1055e+02,1.1240e+02,1.1347e+02,1.1545e+02,1.1639e+02,1.1780e+02,1.1923e+02,1.2085e+02,1.2113e+02,1.2304e+02,1.2372e+02,1.2472e+02,1.2454e+02,1.2605e+02,1.2674e+02,1.2808e+02,1.2951e+02,1.3106e+02,1.3016e+02,1.3014e+02,1.2935e+02,1.2723e+02,1.2618e+02,1.2393e+02,1.2289e+02,1.2184e+02,1.2016e+02,1.1746e+02,1.1661e+02,1.1495e+02,1.1234e+02,1.1193e+02,1.1343e+02,1.1307e+02,1.1363e+02,1.1285e+02,1.1055e+02,1.0898e+02,1.0650e+02,1.0469e+02,1.0343e+02,1.0357e+02,1.0240e+02,1.0074e+02,9.8957e+01,9.6483e+01,9.4935e+01,9.2508e+01,9.0624e+01,8.8618e+01,8.8994e+01,8.6966e+01,8.6268e+01,8.5063e+01,8.5953e+01,8.4063e+01,8.2194e+01,8.1738e+01,8.1267e+01,8.0146e+01,7.9362e+01,7.8875e+01,7.7810e+01,7.6871e+01,7.6734e+01,7.5983e+01,7.5695e+01,7.4814e+01,7.4439e+01,7.3900e+01,7.3856e+01,7.2913e+01,7.2733e+01,7.3007e+01,7.3301e+01,7.3639e+01,7.4063e+01,7.4540e+01,7.5105e+01,7.6196e+01,7.6783e+01,7.7366e+01,7.8226e+01,7.8863e+01,7.9846e+01,8.0962e+01,8.1951e+01,8.2871e+01,8.3660e+01,8.4225e+01,8.4978e+01,8.5859e+01,8.6865e+01,8.7940e+01,8.8970e+01,9.0110e+01,9.1257e+01,9.2275e+01,9.3487e+01,9.4116e+01,9.4929e+01,9.5902e+01,9.6362e+01,9.7014e+01,9.6916e+01,9.6639e+01
1.0265e+02,1.0267e+02,1.0319e+02,1.0378e+02,1.0401e+02,1.0364e+02,1.0357e+02,1.0309e+02,1.0251e+02,1.0222e+02,1.0318e+02,1.0326e+02,1.0240e+02,1.0293e+02,1.0390e+02,1.0362e+02,1.0321e+02,1.0419e+02,1.0486e+02,1.0473e+02,1.0632e+02,1.0775e+02,1.0700e+02,1.0798e+02,1.0957e+02,1.1039e+02,1.1224e+02,1.1332e+02,1.1530e+02,1.1625e+02,1.1765e+02,1.1909e+02,1.2071e+02,1.2099e+02,1.2291e+02,1.2359e+02,1.2459e+02,1.2441e+02,1.2593e+02,1.2661e+02,1.2796e+02,1.2939e+02,1.3093e+02,1.3003e+02,1.3001e+02,1.2922e+02,1.2710e+02,1.2604e+02,1.2379e+02,1.2275e+02,1.2170e+02,1.2001e+02,1.1731e+02,1.1646e+02,1.1479e+02,1.1218e+02,1.1177e+02,1.1328e+02,1.1292e+02,1.1348e+02,1.1270e+02,1.1041e+02,1.0883e+02,1.0634e+02,1.0453e+02,1.0327e+02,1.0340e+02,1.0223e+02,1.0056e+02,9.8772e+01,9.6289e+01,9.4738e+01,9.2301e+01,9.0412e+01,8.8396e+01,8.8770e+01,8.6731e+01,8.6028e+01,8.4820e+01,8.5718e+01,8.3819e+01,8.1938e+01,8.1475e+01,8.1004e+01,7.9871e+01,7.9087e+01,7.8603e+01,7.7531e+01,7.6584e+01,7.6445e+01,7.5683e+01,7.5384e+01,7.4495e+01,7.4109e+01,7.3565e+01,7.3512e+01,7.2560e+01,7.2381e+01,7.2659e+01,7.2951e+01,7.3291e+01,7.3716e+01,7.4193e+01,7.4764e+01,7.5860e+01,7.6448e+01,7.7035e+01,7.7898e+01,7.8536e+01,7.9527e+01,8.0647e+01,8.1642e+01,8.2565e+01,8.3359e+01,8.3929e+01,8.4685e+01,8.5571e+01,8.6578e+01,8.7657e+01,8.8691e+01,8.9837e+01,9.0988e+01,9.2012e+01,9.3228e+01,9.3859e+01,9.4675e+01,9.5651e+01,9.6114e+01,9.6770e+01,9.6672e+01,9.6397e+01
1.0247e+02,1.0249e+02,1.0300e+02,1.0360e+02,1.0383e+02,1.0346e+02,1.0339e+02,1.0291e+02,1.0234e+02,1.0205e+02,1.0301e+02,1.0308e+02,1.0223e+02,1.0276e+02,1.0372e+02,1.0344e+02,1.0303e+02,1.0400e+02,1.0468e+02,1.0455e+02,1.0613e+02,1.0757e+02,1.0682e+02,1.0780e+02,1.0939e+02,1.1022e+02,1.1208e+02,1.1316e+02,1.1514e+02,1.1609e+02,1.1750e+02,1.1894e+02,1.2056e+02,1.2085e+02,1.2276e+02,1.2345e+02,1.2446e+02,1.2428e+02,1.2580e+02,1.2648e+02,1.2783e+02,1.2927e+02,1.3081e+02,1.2991e+02,1.2988e+02,1.2908e+02,1.2696e+02,1.2590e+02,1.2365e+02,1.2260e+02,1.2155e+02,1.1985e+02,1.1715e+02,1.1629e+02,1.1463e+02,1.1201e+02,1.1160e+02,1.1311e+02,1.1275e+02,1.1332e+02,1.1254e+02,1.1023e+02,1.0866e+02,1.0616e+02,1.0435e+02,1.0308e+02,1.0321e+02,1.0203e+02,1.0035e+02,9.8563e+01,9.6071e+01,9.4516e+01,9.2069e+01,9.0174e+01,8.8148e+01,8.8520e+01,8.6469e+01,8.5762e+01,8.4551e+01,8.5459e+01,8.3551e+01,8.1654e+01,8.1189e+01,8.0718e+01,7.9571e+01,7.8786e+01,7.8303e+01,7.7221e+01,7.6260e+01,7.6118e+01,7.5343e+01,7.5034e+01,7.4133e+01,7.3738e+01,7.3190e+01,7.3130e+01,7.2168e+01,7.1985e+01,7.2262e+01,7.2549e+01,7.2888e+01,7.3315e+01,7.3788e+01,7.4365e+01,7.5462e+01,7.6055e+01,7.6645e+01,7.7510e+01,7.8151e+01,7.9149e+01,8.0273e+01,8.1275e+01,8.2201e+01,8.2998e+01,8.3570e+01,8.4330e+01,8.5219e+01,8.6229e+01,8.7313e+01,8.8353e+01,8.9503e+01,9.0660e+01,9.1691e+01,9.2913e+01,9.3545e+01,9.4365e+01,9.5344e+01,9.5810e+01,9.6471e+01,9.6373e+01,9.6099e+01
1.0177e+02,1.0179e+02,1.0230e+02,1.0290e+02,1.0313e+02,1.0277e+02,1.0270e+02,1.0223e+02,1.0165e+02,1.0136e+02,1.0232e+02,1.0239e+02,1.0153e+02,1.0206e+02,1.0302e+02,1.0274e+02,1.0233e+02,1.0330e+02,1.0398e+02,1.0385e+02,1.0543e+02,1.0688e+02,1.0613e+02,1.0711e+02,1.0871e+02,1.0954e+02,1.1141e+02,1.1250e+02,1.1450e+02,1.1545e+02,1.1687e+02,1.1831e+02,1.1994e+02,1.2021e+02,1.2214e+02,1.2283e+02,1.2385e+02,1.2367e+02,1.2519e+02,1.2588e+02,1.2724e+02,1.2868e+02,1.3023e+02,1.2932e+02,1.2929e+02,1.2848e+02,1.2635e+02,1.2528e+02,1.2302e+02,1.2197e+02,1.2090e+02,1.1920e+02,1.1648e+02,1.1563e+02,1.1396e+02,1.1133e+02,1.1091e+02,1.1244e+02,1.1208e+02,1.1265e+02,1.1186e+02,1.0955e+02,1.0797e+02,1.0546e+02,1.0364e+02,1.0236e+02,1.0248e+02,1.0130e+02,9.9610e+01,9.7809e+01,9.5301e+01,9.3739e+01,9.1273e+01,8.9368e+01,8.7323e+01,8.7692e+01,8.5622e+01,8.4909e+01,8.3690e+01,8.4614e+01,8.2689e+01,8.0771e+01,8.0302e+01,7.9829e+01,7.8666e+01,7.7876e+01,7.7394e+01,7.6299e+01,7.5324e+01,7.5175e+01,7.4386e+01,7.4070e+01,7.3161e+01,7.2763e+01,7.2212e+01,7.2150e+01,7.1186e+01,7.1013e+01,7.1294e+01,7.1587e+01,7.1939e+01,7.2368e+01,7.2851e+01,7.3433e+01,7.4545e+01,7.5148e+01,7.5748e+01,7.6627e+01,7.7279e+01,7.8294e+01,7.9433e+01,8.0449e+01,8.1388e+01,8.2194e+01,8.2774e+01,8.3544e+01,8.4444e+01,8.5464e+01,8.6559e+01,8.7609e+01,8.8771e+01,8.9941e+01,9.0979e+01,9.2214e+01,9.2855e+01,9.3684e+01,9.4673e+01,9.5144e+01,9.5814e+01,9.5715e+01,9.5438e+01
1.0080e+02,1.0082e+02,1.0133e+02,1.0194e+02,1.0217e+02,1.0181e+02,1.0174e+02,1.0128e+02,1.0070e+02,1.0041e+02,1.0136e+02,1.0143e+02,1.0057e+02,1.0110e+02,1.0206e+02,1.0177e+02,1.0136e+02,1.0234e+02,1.0301e+02,1.0288e+02,1.0446e+02,1.0591e+02,1.0517e+02,1.0616e+02,1.0776e+02,1.0861e+02,1.1049e+02,1.1159e+02,1.1360e+02,1.1456e+02,1.1599e+02,1.1744e+02,1.1907e+02,1.1934e+02,1.2128e+02,1.2198e+02,1.2300e+02,1.2282e+02,1.2435e+02,1.2504e+02,1.2641e+02,1.2787e+02,1.2942e+02,1.2850e+02,1.2847e+02,1.2766e+02,1.2550e+02,1.2443e+02,1.2216e+02,1.2110e+02,1.2002e+02,1.1830e+02,1.1557e+02,1.1472e+02,1.1303e+02,1.1038e+02,1.0996e+02,1.1150e+02,1.1113e+02,1.1171e+02,1.1092e+02,1.0858e+02,1.0699e+02,1.0446e+02,1.0263e+02,1.0135e+02,1.0147e+02,1.0027e+02,9.8573e+01,9.6755e+01,9.4226e+01,9.2651e+01,9.0161e+01,8.8240e+01,8.6173e+01,8.6543e+01,8.4450e+01,8.3734e+01,8.2499e+01,8.3438e+01,8.1490e+01,7.9548e+01,7.9080e+01,7.8604e+01,7.7425e+01,7.6625e+01,7.6134e+01,7.5025e+01,7.4034e+01,7.3880e+01,7.3085e+01,7.2770e+01,7.1857e+01,7.1466e+01,7.0916e+01,7.0865e+01,6.9902e+01,6.9736e+01,7.0019e+01,7.0328e+01,7.0693e+01,7.1125e+01,7.1621e+01,7.2208e+01,7.3340e+01,7.3953e+01,7.4566e+01,7.5464e+01,7.6128e+01,7.7164e+01,7.8322e+01,7.9352e+01,8.0305e+01,8.1122e+01,8.1709e+01,8.2492e+01,8.3403e+01,8.4436e+01,8.5544e+01,8.6611e+01,8.7788e+01,8.8971e+01,9.0021e+01,9.1271e+01,9.1919e+01,9.2757e+01,9.3758e+01,9.4235e+01,9.4912e+01,9.4811e+01,9.4530e+01
9.9971e+01,9.9980e+01,1.0049e+02,1.0111e+02,1.0134e+02,1.0099e+02,1.0092e+02,1.0046e+02,9.9877e+01,9.9584e+01,1.0054e+02,1.0061e+02,9.9737e+01,1.0027e+02,1.0123e+02,1.0094e+02,1.0052e+02,1.0150e+02,1.0217e+02,1.0204e+02,1.0362e+02,1.0508e+02,1.0433e+02,1.0533e+02,1.0695e+02,1.0781e+02,1.0969e+02,1.1081e+02,1.1283e+02,1.1380e+02,1.1524e+02,1.1670e+02,1.1834e+02,1.1860e+02,1.2055e+02,1.2125e+02,1.2228e+02,1.2210e+02,1.2364e+02,1.2433e+02,1.2570e+02,1.2718e+02,1.2873e+02,1.2779e+02,1.2777e+02,1.2694e+02,1.2478e+02,1.2369e+02,1.2142e+02,1.2034e+02,1.1926e+02,1.1752e+02,1.1478e+02,1.1392e+02,1.1222e+02,1.0957e+02,1.0914e+02,1.1069e+02,1.1032e+02,1.1091e+02,1.1011e+02,1.0777e+02,1.0617e+02,1.0362e+02,1.0178e+02,1.0048e+02,1.0060e+02,9.9389e+01,9.7678e+01,9.5846e+01,9.3296e+01,9.1712e+01,8.9198e+01,8.7266e+01,8.5174e+01,8.5538e+01,8.3419e+01,8.2696e+01,8.1452e+01,8.2413e+01,8.0444e+01,7.8473e+01,7.8002e+01,7.7525e+01,7.6322e+01,7.5515e+01,7.5021e+01,7.3892e+01,7.2879e+01,7.2718e+01,7.1903e+01,7.1579e+01,7.0654e+01,7.0258e+01,6.9706e+01,6.9653e+01,6.8684e+01,6.8524e+01,6.8811e+01,6.9127e+01,6.9505e+01,6.9941e+01,7.0445e+01,7.1043e+01,7.2191e+01,7.2817e+01,7.3445e+01,7.4360e+01,7.5037e+01,7.6093e+01,7.7270e+01,7.8316e+01,7.9284e+01,8.0113e+01,8.0706e+01,8.1502e+01,8.2425e+01,8.3472e+01,8.4594e+01,8.5676e+01,8.6867e+01,8.8065e+01,8.9126e+01,9.0392e+01,9.1047e+01,9.1895e+01,9.2907e+01,9.3390e+01,9.4075e+01,9.3973e+01,9.3687e+01
9.9258e+01,9.9260e+01,9.9774e+01,1.0040e+02,1.0063e+02,1.0029e+02,1.0022e+02,9.9767e+01,9.9185e+01,9.8895e+01,9.9852e+01,9.9910e+01,9.9039e+01,9.9574e+01,1.0053e+02,1.0023e+02,9.9818e+01,1.0080e+02,1.0147e+02,1.0133e+02,1.0291e+02,1.0437e+02,1.0363e+02,1.0463e+02,1.0625e+02,1.0712e+02,1.0901e+02,1.1013e+02,1.1217e+02,1.1315e+02,1.1459e+02,1.1606e+02,1.1770e+02,1.1796e+02,1.1991e+02,1.2063e+02,1.2167e+02,1.2149e+02,1.2303e+02,1.2372e+02,1.2510e+02,1.2659e+02,1.2814e+02,1.2720e+02,1.2717e+02,1.2634e+02,1.2416e+02,1.2307e+02,1.2079e+02,1.1971e+02,1.1861e+02,1.1686e+02,1.1411e+02,1.1325e+02,1.1154e+02,1.0888e+02,1.0845e+02,1.1000e+02,1.0963e+02,1.1023e+02,1.0943e+02,1.0706e+02,1.0546e+02,1.0290e+02,1.0105e+02,9.9745e+01,9.9856e+01,9.8637e+01,9.6914e+01,9.5070e+01,9.2502e+01,9.0911e+01,8.8377e+01,8.6435e+01,8.4322e+01,8.4682e+01,8.2541e+01,8.1814e+01,8.0562e+01,8.1544e+01,7.9557e+01,7.7561e+01,7.7090e+01,7.6616e+01,7.5394e+01,7.4583e+01,7.4087e+01,7.2941e+01,7.1905e+01,7.1732e+01,7.0900e+01,7.0568e+01,6.9633e+01,6.9236e+01,6.8686e+01,6.8636e+01,6.7663e+01,6.7509e+01,6.7796e+01,6.8122e+01,6.8510e+01,6.8947e+01,6.9458e+01,7.0064e+01,7.1226e+01,7.1864e+01,7.2503e+01,7.3433e+01,7.4121e+01,7.5194e+01,7.6387e+01,7.7447e+01,7.8427e+01,7.9265e+01,7.9864e+01,8.0673e+01,8.1605e+01,8.2664e+01,8.3800e+01,8.4899e+01,8.6102e+01,8.7313e+01,8.8385e+01,8.9664e+01,9.0326e+01,9.1184e+01,9.2205e+01,9.2693e+01,9.3384e+01,9.3279e+01,9.2991e+01
9.8291e+01,9.8290e+01,9.8808e+01,9.9435e+01,9.9676e+01,9.9331e+01,9.9270e+01,9.8823e+01,9.8238e+01,9.7945e+01,9.8903e+01,9.8956e+01,9.8080e+01,9.8614e+01,9.9574e+01,9.9270e+01,9.8852e+01,9.9836e+01,1.0050e+02,1.0036e+02,1.0195e+02,1.0341e+02,1.0267e+02,1.0368e+02,1.0531e+02,1.0619e+02,1.0809e+02,1.0922e+02,1.1127e+02,1.1226e+02,1.1371e+02,1.1519e+02,1.1684e+02,1.1709e+02,1.1905e+02,1.1978e+02,1.2082e+02,1.2064e+02,1.2219e+02,1.2288e+02,1.2427e+02,1.2577e+02,1.2733e+02,1.2637e+02,1.2634e+02,1.2550e+02,1.2331e+02,1.2222e+02,1.1993e+02,1.1884e+02,1.1773e+02,1.1597e+02,1.1321e+02,1.1234e+02,1.1062e+02,1.0795e+02,1.0751e+02,1.0907e+02,1.0869e+02,1.0931e+02,1.0849e+02,1.0612e+02,1.0450e+02,1.0193e+02,1.0007e+02,9.8752e+01,9.8859e+01,9.7629e+01,9.5894e+01,9.4033e+01,9.1444e+01,8.9840e+01,8.7282e+01,8.5325e+01,8.3188e+01,8.3546e+01,8.1380e+01,8.0647e+01,7.9380e+01,8.0380e+01,7.8369e+01,7.6345e+01,7.5875e+01,7.5397e+01,7.4153e+01,7.3328e+01,7.2822e+01,7.1653e+01,7.0596e+01,7.0418e+01,6.9574e+01,6.9241e+01,6.8300e+01,6.7908e+01,6.7355e+01,6.7318e+01,6.6347e+01,6.6202e+01,6.6497e+01,6.6843e+01,6.7246e+01,6.7690e+01,6.8219e+01,6.8836e+01,7.0021e+01,7.0676e+01,7.1335e+01,7.2285e+01,7.2995e+01,7.4091e+01,7.5310e+01,7.6386e+01,7.7388e+01,7.8236e+01,7.8839e+01,7.9658e+01,8.0604e+01,8.1677e+01,8.2828e+01,8.3942e+01,8.5160e+01,8.6385e+01,8.7468e+01,8.8763e+01,8.9431e+01,9.0298e+01,9.1330e+01,9.1824e+01,9.2521e+01,9.2415e+01,9.2123e+01
9.7414e+01,9.7413e+01,9.7935e+01,9.8566e+01,9.8812e+01,9.8465e+01,9.8404e+01,9.7960e+01,9.7371e+01,9.7077e+01,9.8038e+01,9.8088e+01,9.7204e+01,9.7740e+01,9.8703e+01,9.8394e+01,9.7972e+01,9.8958e+01,9.9627e+01,9.9483e+01,1.0108e+02,1.0255e+02,1.0180e+02,1.0282e+02,1.0445e+02,1.0535e+02,1.0727e+02,1.0841e+02,1.1047e+02,1.1147e+02,1.1293e+02,1.1442e+02,1.1607e+02,1.1632e+02,1.1829e+02,1.1901e+02,1.2007e+02,1.1988e+02,1.2144e+02,1.2213e+02,1.2352e+02,1.2503e+02,1.2659e+02,1.2563e+02,1.2560e+02,1.2475e+02,1.2255e+02,1.2145e+02,1.1915e+02,1.1806e+02,1.1694e+02,1.1517e+02,1.1239e+02,1.1152e+02,1.0978e+02,1.0710e+02,1.0666e+02,1.0823e+02,1.0785e+02,1.0847e+02,1.0766e+02,1.0527e+02,1.0365e+02,1.0105e+02,9.9193e+01,9.7863e+01,9.7966e+01,9.6727e+01,9.4983e+01,9.3110e+01,9.0503e+01,8.8889e+01,8.6310e+01,8.4340e+01,8.2182e+01,8.2540e+01,8.0353e+01,7.9616e+01,7.8337e+01,7.9352e+01,7.7320e+01,7.5275e+01,7.4811e+01,7.4329e+01,7.3070e+01,7.2229e+01,7.1706e+01,7.0516e+01,6.9440e+01,6.9258e+01,6.8406e+01,6.8079e+01,6.7130e+01,6.6747e+01,6.6198e+01,6.6182e+01,6.5213e+01,6.5071e+01,6.5370e+01,6.5735e+01,6.6150e+01,6.6599e+01,6.7140e+01,6.7764e+01,6.8965e+01,6.9638e+01,7.0308e+01,7.1278e+01,7.2008e+01,7.3123e+01,7.4362e+01,7.5449e+01,7.6468e+01,7.7327e+01,7.7935e+01,7.8767e+01,7.9722e+01,8.0806e+01,8.1968e+01,8.3096e+01,8.4327e+01,8.5560e+01,8.6652e+01,8.7960e+01,8.8634e+01,8.9510e+01,9.0553e+01,9.1053e+01,9.1756e+01,9.1650e+01,9.1354e+01
9.6418e+01,9.6412e+01,9.6939e+01,9.7577e+01,9.7831e+01,9.7490e+01,9.7437e+01,9.7001e+01,9.6409e+01,9.6113e+01,9.7072e+01,9.7115e+01,9.6227e+01,9.6763e+01,9.7724e+01,9.7409e+01,9.6985e+01,9.7971e+01,9.8637e+01,9.8490e+01,1.0008e+02,1.0156e+02,1.0081e+02,1.0184e+02,1.0348e+02,1.0438e+02,1.0631e+02,1.0746e+02,1.0954e+02,1.1054e+02,1.1201e+02,1.1351e+02,1.1517e+02,1.1540e+02,1.1738e+02,1.1812e+02,1.1918e+02,1.1898e+02,1.2055e+02,1.2124e+02,1.2265e+02,1.2417e+02,1.2573e+02,1.2476e+02,1.2473e+02,1.2387e+02,1.2165e+02,1.2055e+02,1.1825e+02,1.1714e+02,1.1601e+02,1.1423e+02,1.1144e+02,1.1057e+02,1.0881e+02,1.0612e+02,1.0567e+02,1.0725e+02,1.0687e+02,1.0750e+02,1.0669e+02,1.0428e+02,1.0265e+02,1.0005e+02,9.8179e+01,9.6838e+01,9.6935e+01,9.5684e+01,9.3929e+01,9.2044e+01,8.9420e+01,8.7796e+01,8.5196e+01,8.3217e+01,8.1037e+01,8.1392e+01,7.9184e+01,7.8441e+01,7.7151e+01,7.8183e+01,7.6133e+01,7.4064e+01,7.3600e+01,7.3118e+01,7.1845e+01,7.1000e+01,7.0477e+01,6.9277e+01,6.8185e+01,6.7994e+01,6.7134e+01,6.6805e+01,6.5863e+01,6.5494e+01,6.4943e+01,6.4944e+01,6.3989e+01,6.3862e+01,6.4165e+01,6.4551e+01,6.4983e+01,6.5431e+01,6.5987e+01,6.6620e+01,6.7844e+01,6.8535e+01,6.9228e+01,7.0222e+01,7.0978e+01,7.2120e+01,7.3392e+01,7.4498e+01,7.5545e+01,7.6413e+01,7.7023e+01,7.7865e+01,7.8831e+01,7.9929e+01,8.1105e+01,8.2249e+01,8.3495e+01,8.4740e+01,8.5845e+01,8.7168e+01,8.7851e+01,8.8738e+01,8.9790e+01,9.0297e+01,9.1006e+01,9.0897e+01,9.0596e+01
9.5565e+01,9.5558e+01,9.6088e+01,9.6731e+01,9.6993e+01,9.6652e+01,9.6601e+01,9.6171e+01,9.5572e+01,9.5275e+01,9.6236e+01,9.6270e+01,9.5375e+01,9.5913e+01,9.6872e+01,9.6548e+01,9.6120e+01,9.7109e+01,9.7771e+01,9.7620e+01,9.9215e+01,1.0070e+02,9.9953e+01,1.0098e+02,1.0263e+02,1.0354e+02,1.0548e+02,1.0664e+02,1.0873e+02,1.0974e+02,1.1121e+02,1.1273e+02,1.1438e+02,1.1461e+02,1.1660e+02,1.1734e+02,1.1840e+02,1.1820e+02,1.1978e+02,1.2047e+02,1.2188e+02,1.2341e+02,1.2498e+02,1.2400e+02,1.2397e+02,1.2311e+02,1.2088e+02,1.1978e+02,1.1747e+02,1.1636e+02,1.1521e+02,1.1342e+02,1.1062e+02,1.0974e+02,1.0798e+02,1.0527e+02,1.0482e+02,1.0641e+02,1.0602e+02,1.0666e+02,1.0583e+02,1.0342e+02,1.0179e+02,9.9167e+01,9.7293e+01,9.5945e+01,9.6037e+01,9.4780e+01,9.3019e+01,9.1122e+01,8.8484e+01,8.6852e+01,8.4236e+01,8.2246e+01,8.0052e+01,8.0408e+01,7.8185e+01,7.7441e+01,7.6142e+01,7.7186e+01,7.5122e+01,7.3040e+01,7.2589e+01,7.2112e+01,7.0839e+01,6.9985e+01,6.9444e+01,6.8230e+01,6.7124e+01,6.6920e+01,6.6060e+01,6.5742e+01,6.4804e+01,6.4457e+01,6.3926e+01,6.3951e+01,6.3008e+01,6.2888e+01,6.3181e+01,6.3581e+01,6.4020e+01,6.4462e+01,6.5026e+01,6.5661e+01,6.6897e+01,6.7598e+01,6.8299e+01,6.9311e+01,7.0081e+01,7.1243e+01,7.2535e+01,7.3655e+01,7.4720e+01,7.5599e+01,7.6214e+01,7.7069e+01,7.8045e+01,7.9155e+01,8.0341e+01,8.1496e+01,8.2753e+01,8.4006e+01,8.5118e+01,8.6453e+01,8.7142e+01,8.8038e+01,8.9098e+01,8.9611e+01,9.0325e+01,9.0215e+01,8.9912e+01
9.4737e+01,9.4723e+01,9.5256e+01,9.5911e+01,9.6180e+01,9.5845e+01,9.5805e+01,9.5386e+01,9.4786e+01,9.4486e+01,9.5442e+01,9.5470e+01,9.4571e+01,9.5106e+01,9.6062e+01,9.5732e+01,9.5302e+01,9.6285e+01,9.6944e+01,9.6790e+01,9.8381e+01,9.9867e+01,9.9129e+01,1.0017e+02,1.0181e+02,1.0274e+02,1.0469e+02,1.0586e+02,1.0797e+02,1.0899e+02,1.1047e+02,1.1198e+02,1.1365e+02,1.1386e+02,1.1585e+02,1.1660e+02,1.1768e+02,1.1748e+02,1.1906e+02,1.1975e+02,1.2117e+02,1.2272e+02,1.2429e+02,1.2330e+02,1.2327e+02,1.2239e+02,1.2015e+02,1.1904e+02,1.1672e+02,1.1560e+02,1.1444e+02,1.1263e+02,1.0982e+02,1.0894e+02,1.0716e+02,1.0444e+02,1.0398e+02,1.0559e+02,1.0520e+02,1.0585e+02,1.0502e+02,1.0259e+02,1.0095e+02,9.8312e+01,9.6433e+01,9.5075e+01,9.5155e+01,9.3885e+01,9.2113e+01,9.0204e+01,8.7546e+01,8.5910e+01,8.3271e+01,8.1272e+01,7.9053e+01,7.9400e+01,7.7150e+01,7.6407e+01,7.5101e+01,7.6178e+01,7.4096e+01,7.1985e+01,7.1540e+01,7.1080e+01,6.9788e+01,6.8939e+01,6.8391e+01,6.7144e+01,6.5987e+01,6.5758e+01,6.4862e+01,6.4528e+01,6.3567e+01,6.3213e+01,6.2697e+01,6.2729e+01,6.1770e+01,6.1642e+01,6.1916e+01,6.2316e+01,6.2759e+01,6.3191e+01,6.3758e+01,6.4399e+01,6.5649e+01,6.6362e+01,6.7077e+01,6.8109e+01,6.8894e+01,7.0081e+01,7.1401e+01,7.2542e+01,7.3636e+01,7.4527e+01,7.5142e+01,7.6013e+01,7.7002e+01,7.8127e+01,7.9330e+01,8.0500e+01,8.1772e+01,8.3039e+01,8.4164e+01,8.5516e+01,8.6213e+01,8.7119e+01,8.8193e+01,8.8713e+01,8.9435e+01,8.9323e+01,8.9016e+01
9.3880e+01,9.3858e+01,9.4396e+01,9.5060e+01,9.5332e+01,9.5002e+01,9.4967e+01,9.4553e+01,9.3950e+01,9.3646e+01,9.4600e+01,9.4625e+01,9.3723e+01,9.4256e+01,9.5211e+01,9.4879e+01,9.4448e+01,9.5431e+01,9.6090e+01,9.5933e+01,9.7524e+01,9.9017e+01,9.8281e+01,9.9330e+01,1.0098e+02,1.0192e+02,1.0389e+02,1.0507e+02,1.0719e+02,1.0822e+02,1.0971e+02,1.1123e+02,1.1290e+02,1.1310e+02,1.1510e+02,1.1586e+02,1.1694e+02,1.1674e+02,1.1833e+02,1.1902e+02,1.2045e+02,1.2201e+02,1.2358e+02,1.2257e+02,1.2253e+02,1.2164e+02,1.1939e+02,1.1827e+02,1.1595e+02,1.1482e+02,1.1364e+02,1.1182e+02,1.0900e+02,1.0811e+02,1.0633e+02,1.0360e+02,1.0314e+02,1.0475e+02,1.0436e+02,1.0503e+02,1.0420e+02,1.0175e+02,1.0010e+02,9.7452e+01,9.5566e+01,9.4192e+01,9.4262e+01,9.2976e+01,9.1191e+01,8.9269e+01,8.6590e+01,8.4947e+01,8.2282e+01,8.0275e+01,7.8029e+01,7.8365e+01,7.6087e+01,7.5339e+01,7.4024e+01,7.5131e+01,7.3027e+01,7.0880e+01,7.0433e+01,6.9980e+01,6.8659e+01,6.7817e+01,6.7279e+01,6.6018e+01,6.4824e+01,6.4574e+01,6.3652e+01,6.3299e+01,6.2330e+01,6.1977e+01,6.1469e+01,6.1505e+01,6.0550e+01,6.0444e+01,6.0717e+01,6.1128e+01,6.1593e+01,6.2028e+01,6.2607e+01,6.3261e+01,6.4531e+01,6.5267e+01,6.6007e+01,6.7065e+01,6.7880e+01,6.9103e+01,7.0459e+01,7.1626e+01,7.2748e+01,7.3656e+01,7.4277e+01,7.5162e+01,7.6165e+01,7.7305e+01,7.8527e+01,7.9714e+01,8.1003e+01,8.2286e+01,8.3428e+01,8.4798e+01,8.5504e+01,8.6419e+01,8.7502e+01,8.8027e+01,8.8758e+01,8.8643e+01,8.8331e+01
9.2941e+01,9.2908e+01,9.3452e+01,9.4123e+01,9.4400e+01,9.4074e+01,9.4045e+01,9.3637e+01,9.3032e+01,9.2729e+01,9.3682e+01,9.3698e+01,9.2791e+01,9.3329e+01,9.4280e+01,9.3941e+01,9.3510e+01,9.4498e+01,9.5151e+01,9.4987e+01,9.6580e+01,9.8077e+01,9.7342e+01,9.8400e+01,1.0006e+02,1.0101e+02,1.0298e+02,1.0418e+02,1.0631e+02,1.0735e+02,1.0885e+02,1.1038e+02,1.1205e+02,1.1225e+02,1.1425e+02,1.1501e+02,1.1610e+02,1.1590e+02,1.1750e+02,1.1819e+02,1.1962e+02,1.2119e+02,1.2276e+02,1.2174e+02,1.2169e+02,1.2080e+02,1.1853e+02,1.1741e+02,1.1508e+02,1.1394e+02,1.1275e+02,1.1091e+02,1.0808e+02,1.0720e+02,1.0540e+02,1.0267e+02,1.0220e+02,1.0383e+02,1.0344e+02,1.0412e+02,1.0329e+02,1.0083e+02,9.9170e+01,9.6505e+01,9.4612e+01,9.3223e+01,9.3285e+01,9.1983e+01,9.0185e+01,8.8251e+01,8.5554e+01,8.3905e+01,8.1219e+01,7.9206e+01,7.6938e+01,7.7262e+01,7.4958e+01,7.4204e+01,7.2884e+01,7.4018e+01,7.1896e+01,6.9719e+01,6.9271e+01,6.8825e+01,6.7483e+01,6.6645e+01,6.6120e+01,6.4855e+01,6.3641e+01,6.3373e+01,6.2439e+01,6.2076e+01,6.1115e+01,6.0777e+01,6.0273e+01,6.0318e+01,5.9382e+01,5.9310e+01,5.9574e+01,5.9993e+01,6.0479e+01,6.0906e+01,6.1495e+01,6.2159e+01,6.3448e+01,6.4202e+01,6.4966e+01,6.6051e+01,6.6899e+01,6.8155e+01,6.9544e+01,7.0736e+01,7.1886e+01,7.2810e+01,7.3446e+01,7.4352e+01,7.5371e+01,7.6526e+01,7.7764e+01,7.8967e+01,8.0269e+01,8.1568e+01,8.2725e+01,8.4110e+01,8.4823e+01,8.5745e+01,8.6837e+01,8.7365e+01,8.8103e+01,8.7985e+01,8.7670e+01
9.1708e+01,9.1668e+01,9.2217e+01,9.2898e+01,9.3181e+01,9.2857e+01,9.2831e+01,9.2430e+01,9.1820e+01,9.1516e+01,9.2469e+01,9.2476e+01,9.1562e+01,9.2101e+01,9.3052e+01,9.2704e+01,9.2270e+01,9.3258e+01,9.3910e+01,9.3744e+01,9.5339e+01,9.6844e+01,9.6111e+01,9.7176e+01,9.8846e+01,9.9812e+01,1.0180e+02,1.0301e+02,1.0516e+02,1.0620e+02,1.0771e+02,1.0925e+02,1.1093e+02,1.1111e+02,1.1312e+02,1.1389e+02,1.1499e+02,1.1479e+02,1.1640e+02,1.1709e+02,1.1854e+02,1.2013e+02,1.2170e+02,1.2067e+02,1.2061e+02,1.1971e+02,1.1742e+02,1.1630e+02,1.1396e+02,1.1280e+02,1.1160e+02,1.0975e+02,1.0690e+02,1.0601e+02,1.0420e+02,1.0145e+02,1.0097e+02,1.0262e+02,1.0223e+02,1.0292e+02,1.0209e+02,9.9608e+01,9.7943e+01,9.5259e+01,9.3354e+01,9.1949e+01,9.2002e+01,9.0683e+01,8.8870e+01,8.6920e+01,8.4198e+01,8.2538e+01,7.9823e+01,7.7799e+01,7.5499e+01,7.5813e+01,7.3476e+01,7.2713e+01,7.1380e+01,7.2544e+01,7.0395e+01,6.8180e+01,6.7737e+01,6.7302e+01,6.5935e+01,6.5099e+01,6.4576e+01,6.3297e+01,6.2050e+01,6.1753e+01,6.0801e+01,6.0427e+01,5.9474e+01,5.9156e+01,5.8672e+01,5.8740e+01,5.7833e+01,5.7803e+01,5.8053e+01,5.8495e+01,5.9013e+01,5.9429e+01,6.0035e+01,6.0720e+01,6.2039e+01,6.2824e+01,6.3617e+01,6.4743e+01,6.5623e+01,6.6921e+01,6.8348e+01,6.9571e+01,7.0752e+01,7.1694e+01,7.2340e+01,7.3270e+01,7.4307e+01,7.5481e+01,7.6739e+01,7.7961e+01,7.9283e+01,8.0599e+01,8.1772e+01,8.3178e+01,8.3903e+01,8.4836e+01,8.5941e+01,8.6477e+01,8.7224e+01,8.7101e+01,8.6781e+01
9.0736e+01,9.0686e+01,9.1240e+01,9.1934e+01,9.2223e+01,9.1905e+01,9.1890e+01,9.1501e+01,9.0893e+01,9.0592e+01,9.1535e+01,9.1535e+01,9.0628e+01,9.1166e+01,9.2106e+01,9.1756e+01,9.1331e+01,9.2315e+01,9.2954e+01,9.2782e+01,9.4372e+01,9.5873e+01,9.5142e+01,9.6217e+01,9.7889e+01,9.8871e+01,1.0086e+02,1.0209e+02,1.0426e+02,1.0532e+02,1.0683e+02,1.0839e+02,1.1007e+02,1.1024e+02,1.1225e+02,1.1305e+02,1.1415e+02,1.1395e+02,1.1557e+02,1.1626e+02,1.1771e+02,1.1931e+02,1.2087e+02,1.1982e+02,1.1975e+02,1.1883e+02,1.1653e+02,1.1539e+02,1.1305e+02,1.1187e+02,1.1066e+02,1.0880e+02,1.0594e+02,1.0506e+02,1.0325e+02,1.0049e+02,1.0002e+02,1.0169e+02,1.0131e+02,1.0203e+02,1.0120e+02,9.8714e+01,9.7035e+01,9.4337e+01,9.2423e+01,9.0985e+01,9.1025e+01,8.9672e+01,8.7838e+01,8.5882e+01,8.3131e+01,8.1473e+01,7.8727e+01,7.6709e+01,7.4373e+01,7.4653e+01,7.2277e+01,7.1491e+01,7.0166e+01,7.1374e+01,6.9206e+01,6.6937e+01,6.6470e+01,6.6065e+01,6.4659e+01,6.3866e+01,6.3402e+01,6.2129e+01,6.0830e+01,6.0478e+01,5.9467e+01,5.9019e+01,5.8059e+01,5.7709e+01,5.7217e+01,5.7231e+01,5.6340e+01,5.6372e+01,5.6614e+01,5.7038e+01,5.7595e+01,5.7998e+01,5.8612e+01,5.9335e+01,6.0691e+01,6.1503e+01,6.2338e+01,6.3505e+01,6.4423e+01,6.5774e+01,6.7248e+01,6.8509e+01,6.9724e+01,7.0682e+01,7.1335e+01,7.2285e+01,7.3341e+01,7.4531e+01,7.5812e+01,7.7056e+01,7.8399e+01,7.9733e+01,8.0925e+01,8.2353e+01,8.3090e+01,8.4034e+01,8.5154e+01,8.5696e+01,8.6453e+01,8.6326e+01,8.6001e+01
9.0125e+01,9.0069e+01,9.0627e+01,9.1331e+01,9.1620e+01,9.1308e+01,9.1303e+01,9.0921e+01,9.0322e+01,9.0028e+01,9.0962e+01,9.0960e+01,9.0065e+01,9.0605e+01,9.1535e+01,9.1188e+01,9.0775e+01,9.1757e+01,9.2386e+01,9.2212e+01,9.3799e+01,9.5291e+01,9.4557e+01,9.5640e+01,9.7317e+01,9.8309e+01,1.0031e+02,1.0155e+02,1.0372e+02,1.0479e+02,1.0631e+02,1.0788e+02,1.0957e+02,1.0973e+02,1.1175e+02,1.1256e+02,1.1367e+02,1.1348e+02,1.1510e+02,1.1580e+02,1.1723e+02,1.1883e+02,1.2038e+02,1.1932e+02,1.1922e+02,1.1829e+02,1.1597e+02,1.1482e+02,1.1247e+02,1.1128e+02,1.1007e+02,1.0820e+02,1.0533e+02,1.0448e+02,1.0267e+02,9.9913e+01,9.9459e+01,1.0116e+02,1.0080e+02,1.0154e+02,1.0073e+02,9.8238e+01,9.6546e+01,9.3842e+01,9.1920e+01,9.0448e+01,9.0473e+01,8.9083e+01,8.7230e+01,8.5277e+01,8.2505e+01,8.0861e+01,7.8091e+01,7.6093e+01,7.3731e+01,7.3966e+01,7.1558e+01,7.0749e+01,6.9452e+01,7.0709e+01,6.8540e+01,6.6228e+01,6.5735e+01,6.5377e+01,6.3943e+01,6.3220e+01,6.2832e+01,6.1581e+01,6.0224e+01,5.9794e+01,5.8707e+01,5.8158e+01,5.7178e+01,5.6772e+01,5.6277e+01,5.6192e+01,5.5297e+01,5.5388e+01,5.5617e+01,5.6001e+01,5.6588e+01,5.6980e+01,5.7588e+01,5.8351e+01,5.9732e+01,6.0565e+01,6.1435e+01,6.2634e+01,6.3580e+01,6.4974e+01,6.6483e+01,6.7774e+01,6.9017e+01,6.9989e+01,7.0652e+01,7.1619e+01,7.2685e+01,7.3890e+01,7.5194e+01,7.6455e+01,7.7812e+01,7.9163e+01,8.0369e+01,8.1816e+01,8.2562e+01,8.3514e+01,8.4643e+01,8.5189e+01,8.5954e+01,8.5822e+01,8.5492e+01
8.9347e+01,8.9277e+01,8.9837e+01,9.0557e+01,9.0856e+01,9.0557e+01,9.0567e+01,9.0204e+01,8.9611e+01,8.9316e+01,9.0237e+01,9.0227e+01,8.9337e+01,8.9871e+01,9.0787e+01,9.0438e+01,9.0031e+01,9.1001e+01,9.1620e+01,9.1442e+01,9.3017e+01,9.4508e+01,9.3783e+01,9.4878e+01,9.6549e+01,9.7557e+01,9.9565e+01,1.0082e+02,1.0301e+02,1.0409e+02,1.0561e+02,1.0719e+02,1.0889e+02,1.0903e+02,1.1105e+02,1.1188e+02,1.1299e+02,1.1280e+02,1.1442e+02,1.1512e+02,1.1656e+02,1.1817e+02,1.1972e+02,1.1863e+02,1.1853e+02,1.1758e+02,1.1525e+02,1.1409e+02,1.1174e+02,1.1053e+02,1.0931e+02,1.0742e+02,1.0455e+02,1.0370e+02,1.0189e+02,9.9126e+01,9.8670e+01,1.0039e+02,1.0003e+02,1.0079e+02,9.9983e+01,9.7478e+01,9.5781e+01,9.3066e+01,9.1143e+01,8.9653e+01,8.9661e+01,8.8250e+01,8.6387e+01,8.4429e+01,8.1640e+01,8.0003e+01,7.7214e+01,7.5222e+01,7.2839e+01,7.3049e+01,7.0616e+01,6.9801e+01,6.8512e+01,6.9808e+01,6.7632e+01,6.5285e+01,6.4790e+01,6.4474e+01,6.3021e+01,6.2357e+01,6.2020e+01,6.0787e+01,5.9378e+01,5.8877e+01,5.7742e+01,5.7131e+01,5.6170e+01,5.5766e+01,5.5298e+01,5.5182e+01,5.4346e+01,5.4510e+01,5.4698e+01,5.5076e+01,5.5691e+01,5.6048e+01,5.6650e+01,5.7418e+01,5.8821e+01,5.9663e+01,6.0550e+01,6.1783e+01,6.2748e+01,6.4187e+01,6.5728e+01,6.7048e+01,6.8318e+01,6.9305e+01,6.9976e+01,7.0962e+01,7.2040e+01,7.3257e+01,7.4576e+01,7.5856e+01,7.7230e+01,7.8599e+01,7.9820e+01,8.1284e+01,8.2040e+01,8.3001e+01,8.4140e+01,8.4690e+01,8.5462e+01,8.5324e+01,8.4991e+01
8.8828e+01,8.8751e+01,8.9311e+01,9.0042e+01,9.0338e+01,9.0048e+01,9.0063e+01,8.9712e+01,8.9137e+01,8.8849e+01,8.9755e+01,8.9747e+01,8.8875e+01,8.9408e+01,9.0308e+01,8.9968e+01,8.9577e+01,9.0540e+01,9.1145e+01,9.0968e+01,9.2540e+01,9.4021e+01,9.3292e+01,9.4396e+01,9.6067e+01,9.7088e+01,9.9101e+01,1.0037e+02,1.0256e+02,1.0364e+02,1.0517e+02,1.0675e+02,1.0845e+02,1.0858e+02,1.1060e+02,1.1145e+02,1.1256e+02,1.1237e+02,1.1401e+02,1.1470e+02,1.1613e+02,1.1774e+02,1.1927e+02,1.1817e+02,1.1805e+02,1.1709e+02,1.1475e+02,1.1357e+02,1.1121e+02,1.0999e+02,1.0877e+02,1.0688e+02,1.0401e+02,1.0319e+02,1.0139e+02,9.8635e+01,9.8201e+01,9.9946e+01,9.9617e+01,1.0039e+02,9.9611e+01,9.7110e+01,9.5404e+01,9.2692e+01,9.0768e+01,8.9242e+01,8.9233e+01,8.7782e+01,8.5904e+01,8.3961e+01,8.1158e+01,7.9546e+01,7.6743e+01,7.4784e+01,7.2385e+01,7.2540e+01,7.0085e+01,6.9245e+01,6.8003e+01,6.9348e+01,6.7191e+01,6.4818e+01,6.4297e+01,6.4054e+01,6.2607e+01,6.2047e+01,6.1792e+01,6.0602e+01,5.9140e+01,5.8541e+01,5.7328e+01,5.6606e+01,5.5633e+01,5.5173e+01,5.4724e+01,5.4472e+01,5.3657e+01,5.3898e+01,5.4059e+01,5.4381e+01,5.5030e+01,5.5368e+01,5.5953e+01,5.6758e+01,5.8172e+01,5.9034e+01,5.9951e+01,6.1209e+01,6.2199e+01,6.3682e+01,6.5252e+01,6.6597e+01,6.7887e+01,6.8884e+01,6.9565e+01,7.0567e+01,7.1653e+01,7.2879e+01,7.4214e+01,7.5505e+01,7.6890e+01,7.8272e+01,7.9504e+01,8.0984e+01,8.1749e+01,8.2716e+01,8.3863e+01,8.4414e+01,8.5191e+01,8.5049e+01,8.4713e+01
8.8320e+01,8.8230e+01,8.8790e+01,8.9538e+01,8.9840e+01,8.9563e+01,8.9591e+01,8.9258e+01,8.8689e+01,8.8414e+01,8.9304e+01,8.9280e+01,8.8422e+01,8.8957e+01,8.9834e+01,8.9487e+01,8.9114e+01,9.0067e+01,9.0650e+01,9.0462e+01,9.2021e+01,9.3491e+01,9.2772e+01,9.3886e+01,9.5547e+01,9.6579e+01,9.8593e+01,9.9871e+01,1.0206e+02,1.0315e+02,1.0468e+02,1.0627e+02,1.0798e+02,1.0810e+02,1.1011e+02,1.1096e+02,1.1207e+02,1.1189e+02,1.1352e+02,1.1420e+02,1.1563e+02,1.1724e+02,1.1876e+02,1.1765e+02,1.1752e+02,1.1655e+02,1.1419e+02,1.1301e+02,1.1064e+02,1.0941e+02,1.0819e+02,1.0628e+02,1.0342e+02,1.0261e+02,1.0082e+02,9.8072e+01,9.7649e+01,9.9415e+01,9.9102e+01,9.9901e+01,9.9132e+01,9.6631e+01,9.4925e+01,9.2214e+01,9.0296e+01,8.8746e+01,8.8715e+01,8.7238e+01,8.5354e+01,8.3423e+01,8.0610e+01,7.9021e+01,7.6210e+01,7.4279e+01,7.1871e+01,7.1980e+01,6.9511e+01,6.8663e+01,6.7463e+01,6.8853e+01,6.6721e+01,6.4333e+01,6.3806e+01,6.3645e+01,6.2223e+01,6.1775e+01,6.1593e+01,6.0452e+01,5.8948e+01,5.8248e+01,5.6980e+01,5.6170e+01,5.5217e+01,5.4748e+01,5.4369e+01,5.4030e+01,5.3268e+01,5.3580e+01,5.3683e+01,5.3979e+01,5.4671e+01,5.4969e+01,5.5551e+01,5.6389e+01,5.7820e+01,5.8695e+01,5.9628e+01,6.0913e+01,6.1920e+01,6.3447e+01,6.5041e+01,6.6410e+01,6.7714e+01,6.8723e+01,6.9407e+01,7.0421e+01,7.1512e+01,7.2738e+01,7.4078e+01,7.5379e+01,7.6774e+01,7.8165e+01,7.9408e+01,8.0901e+01,8.1673e+01,8.2646e+01,8.3798e+01,8.4349e+01,8.5126e+01,8.4981e+01,8.4643e+01
8.8305e+01,8.8211e+01,8.8768e+01,8.9523e+01,8.9816e+01,8.9543e+01,8.9570e+01,8.9242e+01,8.8689e+01,8.8426e+01,8.9305e+01,8.9281e+01,8.8445e+01,8.8984e+01,8.9844e+01,8.9504e+01,8.9154e+01,9.0100e+01,9.0668e+01,9.0480e+01,9.2037e+01,9.3486e+01,9.2762e+01,9.3881e+01,9.5539e+01,9.6578e+01,9.8597e+01,9.9885e+01,1.0207e+02,1.0317e+02,1.0470e+02,1.0629e+02,1.0800e+02,1.0811e+02,1.1013e+02,1.1099e+02,1.1210e+02,1.1192e+02,1.1354e+02,1.1422e+02,1.1562e+02,1.1723e+02,1.1872e+02,1.1760e+02,1.1745e+02,1.1647e+02,1.1410e+02,1.1289e+02,1.1052e+02,1.0927e+02,1.0807e+02,1.0617e+02,1.0332e+02,1.0254e+02,1.0078e+02,9.8044e+01,9.7655e+01,9.9451e+01,9.9174e+01,9.9995e+01,9.9258e+01,9.6774e+01,9.5065e+01,9.2369e+01,9.0457e+01,8.8871e+01,8.8821e+01,8.7302e+01,8.5412e+01,8.3511e+01,8.0696e+01,7.9149e+01,7.6340e+01,7.4463e+01,7.2057e+01,7.2100e+01,6.9631e+01,6.8761e+01,6.7636e+01,6.9061e+01,6.6978e+01,6.4596e+01,6.4043e+01,6.3967e+01,6.2593e+01,6.2256e+01,6.2150e+01,6.1065e+01,5.9544e+01,5.8767e+01,5.7448e+01,5.6552e+01,5.5589e+01,5.5067e+01,5.4738e+01,5.4268e+01,5.3498e+01,5.3848e+01,5.3907e+01,5.4122e+01,5.4831e+01,5.5096e+01,5.5643e+01,5.6493e+01,5.7900e+01,5.8765e+01,5.9693e+01,6.0970e+01,6.1980e+01,6.3511e+01,6.5106e+01,6.6478e+01,6.7780e+01,6.8796e+01,6.9483e+01,7.0500e+01,7.1590e+01,7.2812e+01,7.4156e+01,7.5461e+01,7.6861e+01,7.8258e+01,7.9506e+01,8.1006e+01,8.1782e+01,8.2757e+01,8.3911e+01,8.4461e+01,8.5240e+01,8.5092e+01,8.4755e+01
8.8235e+01,8.8130e+01,8.8689e+01,8.9455e+01,8.9751e+01,8.9489e+01,8.9529e+01,8.9219e+01,8.8680e+01,8.8432e+01,8.9291e+01,8.9258e+01,8.8444e+01,8.8983e+01,8.9817e+01,8.9478e+01,8.9149e+01,9.0083e+01,9.0627e+01,9.0432e+01,9.1976e+01,9.3408e+01,9.2691e+01,9.3818e+01,9.5463e+01,9.6513e+01,9.8536e+01,9.9836e+01,1.0202e+02,1.0313e+02,1.0466e+02,1.0626e+02,1.0797e+02,1.0807e+02,1.1007e+02,1.1094e+02,1.1204e+02,1.1187e+02,1.1348e+02,1.1414e+02,1.1553e+02,1.1714e+02,1.1861e+02,1.1748e+02,1.1730e+02,1.1630e+02,1.1393e+02,1.1270e+02,1.1033e+02,1.0906e+02,1.0786e+02,1.0596e+02,1.0312e+02,1.0237e+02,1.0063e+02,9.7913e+01,9.7549e+01,9.9373e+01,9.9124e+01,9.9975e+01,9.9264e+01,9.6790e+01,9.5085e+01,9.2400e+01,9.0502e+01,8.8886e+01,8.8805e+01,8.7248e+01,8.5359e+01,8.3488e+01,8.0673e+01,7.9172e+01,7.6366e+01,7.4543e+01,7.2141e+01,7.2116e+01,6.9648e+01,6.8778e+01,6.7730e+01,6.9210e+01,6.7182e+01,6.4810e+01,6.4268e+01,6.4299e+01,6.2984e+01,6.2749e+01,6.2689e+01,6.1641e+01,6.0079e+01,5.9208e+01,5.7830e+01,5.6847e+01,5.5878e+01,5.5324e+01,5.5094e+01,5.4527e+01,5.3744e+01,5.4128e+01,5.4105e+01,5.4243e+01,5.4983e+01,5.5196e+01,5.5718e+01,5.6595e+01,5.7980e+01,5.8847e+01,5.9775e+01,6.1047e+01,6.2062e+01,6.3614e+01,6.5212e+01,6.6598e+01,6.7907e+01,6.8936e+01,6.9628e+01,7.0655e+01,7.1748e+01,7.2967e+01,7.4311e+01,7.5622e+01,7.7027e+01,7.8429e+01,7.9684e+01,8.1194e+01,8.1976e+01,8.2953e+01,8.4111e+01,8.4661e+01,8.5442e+01,8.5289e+01,8.4947e+01
8.8364e+01,8.8252e+01,8.8807e+01,8.9587e+01,8.9884e+01,8.9632e+01,8.9682e+01,8.9386e+01,8.8859e+01,8.8625e+01,8.9468e+01,8.9426e+01,8.8632e+01,8.9174e+01,8.9986e+01,8.9645e+01,8.9338e+01,9.0264e+01,9.0789e+01,9.0587e+01,9.2127e+01,9.3543e+01,9.2830e+01,9.3957e+01,9.5588e+01,9.6635e+01,9.8652e+01,9.9951e+01,1.0212e+02,1.0324e+02,1.0476e+02,1.0634e+02,1.0806e+02,1.0815e+02,1.1014e+02,1.1102e+02,1.1211e+02,1.1195e+02,1.1355e+02,1.1420e+02,1.1557e+02,1.1717e+02,1.1862e+02,1.1748e+02,1.1729e+02,1.1628e+02,1.1390e+02,1.1265e+02,1.1028e+02,1.0900e+02,1.0782e+02,1.0591e+02,1.0310e+02,1.0238e+02,1.0066e+02,9.7969e+01,9.7641e+01,9.9485e+01,9.9271e+01,1.0014e+02,9.9467e+01,9.7016e+01,9.5316e+01,9.2655e+01,9.0773e+01,8.9129e+01,8.9025e+01,8.7434e+01,8.5552e+01,8.3725e+01,8.0922e+01,7.9477e+01,7.6691e+01,7.4931e+01,7.2553e+01,7.2465e+01,7.0021e+01,6.9144e+01,6.8189e+01,6.9694e+01,6.7740e+01,6.5407e+01,6.4858e+01,6.4987e+01,6.3757e+01,6.3628e+01,6.3632e+01,6.2650e+01,6.1093e+01,6.0154e+01,5.8761e+01,5.7733e+01,5.6785e+01,5.6227e+01,5.6062e+01,5.5431e+01,5.4626e+01,5.5016e+01,5.4924e+01,5.4987e+01,5.5728e+01,5.5873e+01,5.6357e+01,5.7244e+01,5.8605e+01,5.9457e+01,6.0371e+01,6.1636e+01,6.2646e+01,6.4200e+01,6.5793e+01,6.7180e+01,6.8484e+01,6.9515e+01,7.0204e+01,7.1229e+01,7.2316e+01,7.3522e+01,7.4862e+01,7.6170e+01,7.7575e+01,7.8977e+01,8.0235e+01,8.1747e+01,8.2528e+01,8.3502e+01,8.4656e+01,8.5204e+01,8.5983e+01,8.5826e+01,8.5485e+01
8.9189e+01,8.9076e+01,8.9630e+01,9.0418e+01,9.0709e+01,9.0462e+01,9.0515e+01,9.0227e+01,8.9719e+01,8.9497e+01,9.0327e+01,9.0285e+01,8.9512e+01,9.0056e+01,9.0850e+01,9.0514e+01,9.0225e+01,9.1143e+01,9.1650e+01,9.1450e+01,9.2987e+01,9.4387e+01,9.3671e+01,9.4800e+01,9.6422e+01,9.7470e+01,9.9485e+01,1.0079e+02,1.0294e+02,1.0406e+02,1.0557e+02,1.0715e+02,1.0886e+02,1.0895e+02,1.1092e+02,1.1180e+02,1.1288e+02,1.1272e+02,1.1431e+02,1.1495e+02,1.1629e+02,1.1787e+02,1.1930e+02,1.1816e+02,1.1795e+02,1.1694e+02,1.1456e+02,1.1330e+02,1.1093e+02,1.0963e+02,1.0847e+02,1.0657e+02,1.0378e+02,1.0309e+02,1.0141e+02,9.8745e+01,9.8453e+01,1.0031e+02,1.0013e+02,1.0103e+02,1.0038e+02,9.7955e+01,9.6265e+01,9.3629e+01,9.1769e+01,9.0107e+01,8.9979e+01,8.8362e+01,8.6494e+01,8.4713e+01,8.1929e+01,8.0538e+01,7.7776e+01,7.6073e+01,7.3720e+01,7.3581e+01,7.1164e+01,7.0293e+01,6.9407e+01,7.0927e+01,6.9025e+01,6.6723e+01,6.6173e+01,6.6344e+01,6.5147e+01,6.5048e+01,6.5075e+01,6.4111e+01,6.2558e+01,6.1608e+01,6.0198e+01,5.9134e+01,5.8159e+01,5.7548e+01,5.7410e+01,5.6699e+01,5.5826e+01,5.6206e+01,5.6071e+01,5.6045e+01,5.6774e+01,5.6876e+01,5.7310e+01,5.8206e+01,5.9524e+01,6.0355e+01,6.1241e+01,6.2473e+01,6.3464e+01,6.5010e+01,6.6574e+01,6.7954e+01,6.9237e+01,7.0265e+01,7.0952e+01,7.1973e+01,7.3052e+01,7.4248e+01,7.5581e+01,7.6881e+01,7.8279e+01,7.9677e+01,8.0933e+01,8.2442e+01,8.3221e+01,8.4191e+01,8.5341e+01,8.5884e+01,8.6659e+01,8.6498e+01,8.6155e+01
8.9967e+01,8.9851e+01,9.0405e+01,9.1204e+01,9.1495e+01,9.1253e+01,9.1316e+01,9.1040e+01,9.0546e+01,9.0338e+01,9.1154e+01,9.1107e+01,9.0356e+01,9.0901e+01,9.1676e+01,9.1342e+01,9.1072e+01,9.1985e+01,9.2470e+01,9.2266e+01,9.3799e+01,9.5182e+01,9.4467e+01,9.5591e+01,9.7196e+01,9.8235e+01,1.0024e+02,1.0154e+02,1.0368e+02,1.0480e+02,1.0630e+02,1.0788e+02,1.0959e+02,1.0968e+02,1.1163e+02,1.1250e+02,1.1357e+02,1.1340e+02,1.1497e+02,1.1559e+02,1.1691e+02,1.1847e+02,1.1988e+02,1.1875e+02,1.1852e+02,1.1751e+02,1.1513e+02,1.1384e+02,1.1149e+02,1.1018e+02,1.0904e+02,1.0715e+02,1.0438e+02,1.0373e+02,1.0207e+02,9.9446e+01,9.9192e+01,1.0107e+02,1.0092e+02,1.0183e+02,1.0123e+02,9.8829e+01,9.7151e+01,9.4548e+01,9.2712e+01,9.1033e+01,9.0884e+01,8.9244e+01,8.7395e+01,8.5666e+01,8.2909e+01,8.1580e+01,7.8852e+01,7.7213e+01,7.4899e+01,7.4713e+01,7.2339e+01,7.1475e+01,7.0669e+01,7.2193e+01,7.0358e+01,6.8107e+01,6.7564e+01,6.7790e+01,6.6659e+01,6.6604e+01,6.6655e+01,6.5732e+01,6.4202e+01,6.3235e+01,6.1833e+01,6.0758e+01,5.9798e+01,5.9185e+01,5.9081e+01,5.8331e+01,5.7435e+01,5.7820e+01,5.7647e+01,5.7559e+01,5.8278e+01,5.8331e+01,5.8722e+01,5.9610e+01,6.0904e+01,6.1721e+01,6.2589e+01,6.3801e+01,6.4786e+01,6.6321e+01,6.7864e+01,6.9232e+01,7.0494e+01,7.1514e+01,7.2197e+01,7.3210e+01,7.4276e+01,7.5455e+01,7.6778e+01,7.8066e+01,7.9459e+01,8.0849e+01,8.2101e+01,8.3604e+01,8.4379e+01,8.5342e+01,8.6484e+01,8.7023e+01,8.7792e+01,8.7627e+01,8.7284e+01
9.0411e+01,9.0290e+01,9.0845e+01,9.1650e+01,9.1939e+01,9.1693e+01,9.1760e+01,9.1479e+01,9.0998e+01,9.0803e+01,9.1621e+01,9.1575e+01,9.0839e+01,9.1396e+01,9.2167e+01,9.1835e+01,9.1581e+01,9.2502e+01,9.2979e+01,9.2773e+01,9.4318e+01,9.5695e+01,9.4969e+01,9.6079e+01,9.7681e+01,9.8701e+01,1.0070e+02,1.0198e+02,1.0411e+02,1.0523e+02,1.0672e+02,1.0829e+02,1.1001e+02,1.1011e+02,1.1205e+02,1.1292e+02,1.1397e+02,1.1382e+02,1.1538e+02,1.1601e+02,1.1731e+02,1.1885e+02,1.2025e+02,1.1913e+02,1.1889e+02,1.1789e+02,1.1552e+02,1.1423e+02,1.1188e+02,1.1057e+02,1.0945e+02,1.0757e+02,1.0482e+02,1.0418e+02,1.0255e+02,9.9937e+01,9.9705e+01,1.0158e+02,1.0145e+02,1.0236e+02,1.0177e+02,9.9392e+01,9.7716e+01,9.5135e+01,9.3305e+01,9.1623e+01,9.1481e+01,8.9838e+01,8.7998e+01,8.6298e+01,8.3565e+01,8.2260e+01,7.9563e+01,7.7946e+01,7.5668e+01,7.5484e+01,7.3150e+01,7.2286e+01,7.1504e+01,7.2992e+01,7.1189e+01,6.8979e+01,6.8430e+01,6.8656e+01,6.7568e+01,6.7518e+01,6.7574e+01,6.6681e+01,6.5194e+01,6.4250e+01,6.2890e+01,6.1843e+01,6.0903e+01,6.0304e+01,6.0175e+01,5.9427e+01,5.8501e+01,5.8877e+01,5.8730e+01,5.8623e+01,5.9310e+01,5.9353e+01,5.9716e+01,6.0590e+01,6.1876e+01,6.2672e+01,6.3530e+01,6.4729e+01,6.5700e+01,6.7220e+01,6.8745e+01,7.0096e+01,7.1337e+01,7.2345e+01,7.3025e+01,7.4028e+01,7.5086e+01,7.6258e+01,7.7570e+01,7.8849e+01,8.0233e+01,8.1614e+01,8.2857e+01,8.4353e+01,8.5124e+01,8.6085e+01,8.7223e+01,8.7759e+01,8.8524e+01,8.8357e+01,8.8014e+01
9.1343e+01,9.1221e+01,9.1772e+01,9.2579e+01,9.2863e+01,9.2615e+01,9.2681e+01,9.2398e+01,9.1923e+01,9.1734e+01,9.2553e+01,9.2508e+01,9.1779e+01,9.2340e+01,9.3106e+01,9.2775e+01,9.2529e+01,9.3450e+01,9.3919e+01,9.3714e+01,9.5261e+01,9.6632e+01,9.5902e+01,9.7012e+01,9.8612e+01,9.9627e+01,1.0162e+02,1.0290e+02,1.0502e+02,1.0613e+02,1.0761e+02,1.0918e+02,1.1089e+02,1.1099e+02,1.1291e+02,1.1378e+02,1.1482e+02,1.1467e+02,1.1622e+02,1.1683e+02,1.1812e+02,1.1964e+02,1.2103e+02,1.1991e+02,1.1967e+02,1.1866e+02,1.1630e+02,1.1500e+02,1.1266e+02,1.1134e+02,1.1024e+02,1.0838e+02,1.0565e+02,1.0503e+02,1.0342e+02,1.0083e+02,1.0062e+02,1.0250e+02,1.0239e+02,1.0330e+02,1.0273e+02,1.0038e+02,9.8713e+01,9.6155e+01,9.4340e+01,9.2655e+01,9.2505e+01,9.0855e+01,8.9030e+01,8.7361e+01,8.4649e+01,8.3378e+01,8.0704e+01,7.9119e+01,7.6864e+01,7.6662e+01,7.4354e+01,7.3498e+01,7.2747e+01,7.4228e+01,7.2450e+01,7.0264e+01,6.9715e+01,6.9942e+01,6.8866e+01,6.8815e+01,6.8877e+01,6.7989e+01,6.6515e+01,6.5586e+01,6.4231e+01,6.3183e+01,6.2224e+01,6.1596e+01,6.1471e+01,6.0697e+01,5.9711e+01,6.0059e+01,5.9895e+01,5.9731e+01,6.0389e+01,6.0409e+01,6.0729e+01,6.1602e+01,6.2833e+01,6.3598e+01,6.4425e+01,6.5583e+01,6.6529e+01,6.8028e+01,6.9516e+01,7.0850e+01,7.2067e+01,7.3066e+01,7.3742e+01,7.4733e+01,7.5780e+01,7.6942e+01,7.8240e+01,7.9505e+01,8.0876e+01,8.2247e+01,8.3482e+01,8.4970e+01,8.5734e+01,8.6688e+01,8.7820e+01,8.8350e+01,8.9108e+01,8.8939e+01,8.8595e+01
9.1666e+01,9.1540e+01,9.2091e+01,9.2907e+01,9.3191e+01,9.2943e+01,9.3016e+01,9.2738e+01,9.2278e+01,9.2108e+01,9.2920e+01,9.2869e+01,9.2160e+01,9.2731e+01,9.3485e+01,9.3152e+01,9.2924e+01,9.3851e+01,9.4305e+01,9.4092e+01,9.5644e+01,9.7001e+01,9.6264e+01,9.7360e+01,9.8944e+01,9.9948e+01,1.0194e+02,1.0321e+02,1.0531e+02,1.0642e+02,1.0790e+02,1.0945e+02,1.1117e+02,1.1127e+02,1.1318e+02,1.1405e+02,1.1509e+02,1.1494e+02,1.1648e+02,1.1710e+02,1.1836e+02,1.1986e+02,1.2124e+02,1.2013e+02,1.1987e+02,1.1887e+02,1.1651e+02,1.1521e+02,1.1287e+02,1.1155e+02,1.1047e+02,1.0861e+02,1.0590e+02,1.0530e+02,1.0372e+02,1.0115e+02,1.0096e+02,1.0285e+02,1.0276e+02,1.0368e+02,1.0313e+02,1.0081e+02,9.9142e+01,9.6609e+01,9.4804e+01,9.3109e+01,9.2954e+01,9.1291e+01,8.9478e+01,8.7845e+01,8.5157e+01,8.3923e+01,8.1281e+01,7.9735e+01,7.7518e+01,7.7298e+01,7.5032e+01,7.4182e+01,7.3478e+01,7.4944e+01,7.3216e+01,7.1077e+01,7.0535e+01,7.0797e+01,6.9781e+01,6.9762e+01,6.9839e+01,6.8991e+01,6.7547e+01,6.6609e+01,6.5279e+01,6.4238e+01,6.3313e+01,6.2711e+01,6.2594e+01,6.1826e+01,6.0851e+01,6.1209e+01,6.1049e+01,6.0881e+01,6.1525e+01,6.1524e+01,6.1820e+01,6.2671e+01,6.3901e+01,6.4656e+01,6.5477e+01,6.6630e+01,6.7570e+01,6.9063e+01,7.0545e+01,7.1871e+01,7.3074e+01,7.4072e+01,7.4746e+01,7.5732e+01,7.6767e+01,7.7920e+01,7.9212e+01,8.0470e+01,8.1838e+01,8.3202e+01,8.4432e+01,8.5912e+01,8.6673e+01,8.7623e+01,8.8748e+01,8.9276e+01,9.0029e+01,8.9860e+01,8.9519e+01
9.2259e+01,9.2127e+01,9.2678e+01,9.3507e+01,9.3797e+01,9.3561e+01,9.3647e+01,9.3389e+01,9.2938e+01,9.2785e+01,9.3577e+01,9.3512e+01,9.2821e+01,9.3392e+01,9.4122e+01,9.3785e+01,9.3573e+01,9.4488e+01,9.4923e+01,9.4701e+01,9.6235e+01,9.7575e+01,9.6851e+01,9.7941e+01,9.9497e+01,1.0049e+02,1.0247e+02,1.0374e+02,1.0582e+02,1.0692e+02,1.0840e+02,1.0994e+02,1.1166e+02,1.1176e+02,1.1366e+02,1.1453e+02,1.1556e+02,1.1541e+02,1.1694e+02,1.1755e+02,1.1879e+02,1.2028e+02,1.2165e+02,1.2054e+02,1.2027e+02,1.1927e+02,1.1692e+02,1.1562e+02,1.1330e+02,1.1197e+02,1.1089e+02,1.0904e+02,1.0635e+02,1.0576e+02,1.0420e+02,1.0166e+02,1.0149e+02,1.0337e+02,1.0330e+02,1.0423e+02,1.0370e+02,1.0139e+02,9.9738e+01,9.7226e+01,9.5442e+01,9.3744e+01,9.3575e+01,9.1905e+01,9.0109e+01,8.8509e+01,8.5846e+01,8.4653e+01,8.2043e+01,8.0540e+01,7.8355e+01,7.8109e+01,7.5878e+01,7.5045e+01,7.4391e+01,7.5859e+01,7.4183e+01,7.2084e+01,7.1556e+01,7.1858e+01,7.0883e+01,7.0900e+01,7.0995e+01,7.0176e+01,6.8746e+01,6.7791e+01,6.6466e+01,6.5413e+01,6.4515e+01,6.3923e+01,6.3830e+01,6.3057e+01,6.2115e+01,6.2487e+01,6.2316e+01,6.2144e+01,6.2794e+01,6.2774e+01,6.3056e+01,6.3892e+01,6.5120e+01,6.5877e+01,6.6687e+01,6.7832e+01,6.8771e+01,7.0258e+01,7.1731e+01,7.3052e+01,7.4244e+01,7.5241e+01,7.5914e+01,7.6896e+01,7.7920e+01,7.9060e+01,8.0345e+01,8.1595e+01,8.2959e+01,8.4315e+01,8.5542e+01,8.7013e+01,8.7768e+01,8.8712e+01,8.9829e+01,9.0354e+01,9.1100e+01,9.0930e+01,9.0591e+01
9.2712e+01,9.2577e+01,9.3126e+01,9.3961e+01,9.4251e+01,9.4023e+01,9.4113e+01,9.3864e+01,9.3423e+01,9.3283e+01,9.4069e+01,9.3999e+01,9.3322e+01,9.3899e+01,9.4617e+01,9.4279e+01,9.4081e+01,9.4996e+01,9.5421e+01,9.5191e+01,9.6724e+01,9.8049e+01,9.7324e+01,9.8402e+01,9.9938e+01,1.0093e+02,1.0290e+02,1.0416e+02,1.0622e+02,1.0733e+02,1.0880e+02,1.1033e+02,1.1205e+02,1.1215e+02,1.1404e+02,1.1491e+02,1.1594e+02,1.1580e+02,1.1732e+02,1.1791e+02,1.1914e+02,1.2061e+02,1.2196e+02,1.2087e+02,1.2060e+02,1.1960e+02,1.1726e+02,1.1594e+02,1.1364e+02,1.1230e+02,1.1123e+02,1.0939e+02,1.0671e+02,1.0614e+02,1.0460e+02,1.0208e+02,1.0193e+02,1.0382e+02,1.0376e+02,1.0469e+02,1.0418e+02,1.0189e+02,1.0024e+02,9.7752e+01,9.5981e+01,9.4279e+01,9.4102e+01,9.2426e+01,9.0642e+01,8.9072e+01,8.6431e+01,8.5269e+01,8.2686e+01,8.1216e+01,7.9063e+01,7.8803e+01,7.6608e+01,7.5787e+01,7.5170e+01,7.6629e+01,7.4995e+01,7.2936e+01,7.2422e+01,7.2750e+01,7.1819e+01,7.1854e+01,7.1952e+01,7.1159e+01,6.9748e+01,6.8787e+01,6.7479e+01,6.6432e+01,6.5560e+01,6.4990e+01,6.4907e+01,6.4143e+01,6.3222e+01,6.3602e+01,6.3438e+01,6.3275e+01,6.3924e+01,6.3895e+01,6.4166e+01,6.4978e+01,6.6210e+01,6.6961e+01,6.7764e+01,6.8905e+01,6.9835e+01,7.1315e+01,7.2781e+01,7.4097e+01,7.5275e+01,7.6272e+01,7.6944e+01,7.7921e+01,7.8936e+01,8.0066e+01,8.1343e+01,8.2587e+01,8.3949e+01,8.5299e+01,8.6521e+01,8.7984e+01,8.8735e+01,8.9672e+01,9.0783e+01,9.1306e+01,9.2046e+01,9.1879e+01,9.1544e+01
9.2791e+01,9.2648e+01,9.3203e+01,9.4050e+01,9.4341e+01,9.4118e+01,9.4221e+01,9.3984e+01,9.3552e+01,9.3426e+01,9.4207e+01,9.4129e+01,9.3464e+01,9.4050e+01,9.4756e+01,9.4413e+01,9.4229e+01,9.5148e+01,9.5555e+01,9.5318e+01,9.6850e+01,9.8166e+01,9.7441e+01,9.8512e+01,1.0004e+02,1.0103e+02,1.0299e+02,1.0426e+02,1.0632e+02,1.0743e+02,1.0890e+02,1.1044e+02,1.1216e+02,1.1225e+02,1.1413e+02,1.1501e+02,1.1603e+02,1.1589e+02,1.1740e+02,1.1799e+02,1.1920e+02,1.2066e+02,1.2200e+02,1.2091e+02,1.2062e+02,1.1962e+02,1.1727e+02,1.1595e+02,1.1365e+02,1.1230e+02,1.1124e+02,1.0939e+02,1.0673e+02,1.0618e+02,1.0466e+02,1.0215e+02,1.0203e+02,1.0393e+02,1.0389e+02,1.0484e+02,1.0435e+02,1.0207e+02,1.0042e+02,9.7941e+01,9.6179e+01,9.4462e+01,9.4272e+01,9.2576e+01,9.0798e+01,8.9253e+01,8.6623e+01,8.5493e+01,8.2925e+01,8.1485e+01,7.9350e+01,7.9068e+01,7.6890e+01,7.6077e+01,7.5495e+01,7.6961e+01,7.5353e+01,7.3312e+01,7.2814e+01,7.3171e+01,7.2270e+01,7.2322e+01,7.2422e+01,7.1639e+01,7.0223e+01,6.9243e+01,6.7933e+01,6.6884e+01,6.6013e+01,6.5449e+01,6.5384e+01,6.4608e+01,6.3675e+01,6.4061e+01,6.3872e+01,6.3679e+01,6.4312e+01,6.4247e+01,6.4486e+01,6.5287e+01,6.6507e+01,6.7242e+01,6.8032e+01,6.9165e+01,7.0087e+01,7.1566e+01,7.3024e+01,7.4340e+01,7.5510e+01,7.6513e+01,7.7191e+01,7.8169e+01,7.9180e+01,8.0306e+01,8.1579e+01,8.2818e+01,8.4183e+01,8.5533e+01,8.6754e+01,8.8217e+01,8.8965e+01,8.9900e+01,9.1009e+01,9.1532e+01,9.2274e+01,9.2107e+01,9.1772e+01
9.3201e+01,9.3055e+01,9.3607e+01,9.4458e+01,9.4744e+01,9.4522e+01,9.4628e+01,9.4395e+01,9.3973e+01,9.3862e+01,9.4642e+01,9.4560e+01,9.3909e+01,9.4505e+01,9.5202e+01,9.4859e+01,9.4688e+01,9.5614e+01,9.6007e+01,9.5764e+01,9.7296e+01,9.8599e+01,9.7869e+01,9.8926e+01,1.0044e+02,1.0142e+02,1.0338e+02,1.0463e+02,1.0668e+02,1.0778e+02,1.0925e+02,1.1078e+02,1.1251e+02,1.1260e+02,1.1446e+02,1.1535e+02,1.1636e+02,1.1622e+02,1.1773e+02,1.1831e+02,1.1950e+02,1.2095e+02,1.2228e+02,1.2120e+02,1.2091e+02,1.1991e+02,1.1757e+02,1.1625e+02,1.1396e+02,1.1261e+02,1.1156e+02,1.0973e+02,1.0708e+02,1.0655e+02,1.0504e+02,1.0255e+02,1.0245e+02,1.0434e+02,1.0432e+02,1.0527e+02,1.0479e+02,1.0253e+02,1.0089e+02,9.8435e+01,9.6683e+01,9.4965e+01,9.4775e+01,9.3076e+01,9.1312e+01,8.9795e+01,8.7189e+01,8.6086e+01,8.3549e+01,8.2136e+01,8.0035e+01,7.9750e+01,7.7609e+01,7.6805e+01,7.6251e+01,7.7696e+01,7.6123e+01,7.4122e+01,7.3635e+01,7.4005e+01,7.3147e+01,7.3209e+01,7.3311e+01,7.2554e+01,7.1165e+01,7.0187e+01,6.8904e+01,6.7871e+01,6.7027e+01,6.6486e+01,6.6420e+01,6.5656e+01,6.4735e+01,6.5132e+01,6.4958e+01,6.4774e+01,6.5405e+01,6.5336e+01,6.5568e+01,6.6351e+01,6.7572e+01,6.8300e+01,6.9078e+01,7.0204e+01,7.1116e+01,7.2590e+01,7.4036e+01,7.5346e+01,7.6499e+01,7.7503e+01,7.8182e+01,7.9155e+01,8.0157e+01,8.1274e+01,8.2538e+01,8.3768e+01,8.5131e+01,8.6474e+01,8.7691e+01,8.9144e+01,8.9886e+01,9.0814e+01,9.1917e+01,9.2438e+01,9.3176e+01,9.3012e+01,9.2680e+01
9.3143e+01,9.2995e+01,9.3551e+01,9.4411e+01,9.4698e+01,9.4474e+01,9.4586e+01,9.4352e+01,9.3936e+01,9.3825e+01,9.4611e+01,9.4531e+01,9.3880e+01,9.4481e+01,9.5181e+01,9.4838e+01,9.4669e+01,9.5601e+01,9.5991e+01,9.5749e+01,9.7292e+01,9.8598e+01,9.7862e+01,9.8918e+01,1.0044e+02,1.0142e+02,1.0338e+02,1.0465e+02,1.0670e+02,1.0780e+02,1.0927e+02,1.1081e+02,1.1255e+02,1.1263e+02,1.1449e+02,1.1538e+02,1.1639e+02,1.1626e+02,1.1777e+02,1.1835e+02,1.1954e+02,1.2099e+02,1.2232e+02,1.2123e+02,1.2094e+02,1.1993e+02,1.1758e+02,1.1625e+02,1.1395e+02,1.1259e+02,1.1154e+02,1.0970e+02,1.0706e+02,1.0653e+02,1.0503e+02,1.0254e+02,1.0245e+02,1.0435e+02,1.0434e+02,1.0529e+02,1.0483e+02,1.0256e+02,1.0092e+02,9.8455e+01,9.6700e+01,9.4972e+01,9.4777e+01,9.3067e+01,9.1298e+01,8.9782e+01,8.7169e+01,8.6070e+01,8.3524e+01,8.2107e+01,7.9998e+01,7.9712e+01,7.7560e+01,7.6753e+01,7.6194e+01,7.7647e+01,7.6057e+01,7.4039e+01,7.3552e+01,7.3917e+01,7.3047e+01,7.3096e+01,7.3189e+01,7.2415e+01,7.1013e+01,7.0035e+01,6.8743e+01,6.7711e+01,6.6839e+01,6.6280e+01,6.6213e+01,6.5430e+01,6.4463e+01,6.4842e+01,6.4643e+01,6.4413e+01,6.5018e+01,6.4923e+01,6.5123e+01,6.5906e+01,6.7101e+01,6.7811e+01,6.8574e+01,6.9686e+01,7.0586e+01,7.2056e+01,7.3489e+01,7.4799e+01,7.5947e+01,7.6953e+01,7.7636e+01,7.8610e+01,7.9615e+01,8.0731e+01,8.1992e+01,8.3220e+01,8.4586e+01,8.5933e+01,8.7151e+01,8.8608e+01,8.9349e+01,9.0278e+01,9.1382e+01,9.1902e+01,9.2645e+01,9.2481e+01,9.2148e+01
9.2779e+01,9.2636e+01,9.3196e+01,9.4054e+01,9.4339e+01,9.4107e+01,9.4216e+01,9.3970e+01,9.3549e+01,9.3425e+01,9.4224e+01,9.4153e+01,9.3490e+01,9.4089e+01,9.4808e+01,9.4466e+01,9.4285e+01,9.5224e+01,9.5627e+01,9.5395e+01,9.6951e+01,9.8273e+01,9.7528e+01,9.8593e+01,1.0013e+02,1.0112e+02,1.0309e+02,1.0436e+02,1.0643e+02,1.0754e+02,1.0902e+02,1.1056e+02,1.1230e+02,1.1238e+02,1.1426e+02,1.1515e+02,1.1617e+02,1.1603e+02,1.1755e+02,1.1814e+02,1.1935e+02,1.2080e+02,1.2214e+02,1.2105e+02,1.2076e+02,1.1975e+02,1.1739e+02,1.1606e+02,1.1375e+02,1.1239e+02,1.1134e+02,1.0950e+02,1.0684e+02,1.0630e+02,1.0479e+02,1.0228e+02,1.0218e+02,1.0408e+02,1.0406e+02,1.0501e+02,1.0453e+02,1.0225e+02,1.0059e+02,9.8109e+01,9.6335e+01,9.4606e+01,9.4422e+01,9.2712e+01,9.0926e+01,8.9384e+01,8.6747e+01,8.5620e+01,8.3046e+01,8.1596e+01,7.9459e+01,7.9189e+01,7.7005e+01,7.6181e+01,7.5585e+01,7.7040e+01,7.5406e+01,7.3351e+01,7.2851e+01,7.3184e+01,7.2278e+01,7.2297e+01,7.2377e+01,7.1575e+01,7.0157e+01,6.9193e+01,6.7889e+01,6.6859e+01,6.5953e+01,6.5369e+01,6.5284e+01,6.4491e+01,6.3475e+01,6.3836e+01,6.3634e+01,6.3378e+01,6.3972e+01,6.3881e+01,6.4073e+01,6.4876e+01,6.6063e+01,6.6771e+01,6.7535e+01,6.8642e+01,6.9540e+01,7.1013e+01,7.2446e+01,7.3759e+01,7.4913e+01,7.5922e+01,7.6607e+01,7.7585e+01,7.8601e+01,7.9727e+01,8.0993e+01,8.2227e+01,8.3596e+01,8.4951e+01,8.6174e+01,8.7640e+01,8.8383e+01,8.9318e+01,9.0427e+01,9.0950e+01,9.1697e+01,9.1532e+01,9.1198e+01
9.2778e+01,9.2633e+01,9.3195e+01,9.4065e+01,9.4360e+01,9.4133e+01,9.4256e+01,9.4021e+01,9.3603e+01,9.3495e+01,9.4295e+01,9.4214e+01,9.3560e+01,9.4173e+01,9.4881e+01,9.4533e+01,9.4366e+01,9.5310e+01,9.5699e+01,9.5456e+01,9.7009e+01,9.8325e+01,9.7580e+01,9.8640e+01,1.0018e+02,1.0116e+02,1.0313e+02,1.0440e+02,1.0648e+02,1.0759e+02,1.0908e+02,1.1063e+02,1.1238e+02,1.1246e+02,1.1434e+02,1.1523e+02,1.1624e+02,1.1610e+02,1.1763e+02,1.1820e+02,1.1940e+02,1.2085e+02,1.2219e+02,1.2109e+02,1.2079e+02,1.1978e+02,1.1741e+02,1.1607e+02,1.1376e+02,1.1239e+02,1.1134e+02,1.0949e+02,1.0684e+02,1.0631e+02,1.0481e+02,1.0231e+02,1.0222e+02,1.0413e+02,1.0412e+02,1.0508e+02,1.0461e+02,1.0234e+02,1.0067e+02,9.8193e+01,9.6423e+01,9.4684e+01,9.4490e+01,9.2766e+01,9.0980e+01,8.9446e+01,8.6812e+01,8.5700e+01,8.3128e+01,8.1689e+01,7.9553e+01,7.9271e+01,7.7088e+01,7.6273e+01,7.5690e+01,7.7161e+01,7.5532e+01,7.3474e+01,7.2981e+01,7.3324e+01,7.2415e+01,7.2434e+01,7.2512e+01,7.1701e+01,7.0269e+01,6.9296e+01,6.7974e+01,6.6929e+01,6.6001e+01,6.5398e+01,6.5337e+01,6.4528e+01,6.3480e+01,6.3827e+01,6.3592e+01,6.3290e+01,6.3858e+01,6.3736e+01,6.3892e+01,6.4689e+01,6.5849e+01,6.6536e+01,6.7288e+01,6.8375e+01,6.9262e+01,7.0741e+01,7.2162e+01,7.3483e+01,7.4637e+01,7.5649e+01,7.6336e+01,7.7317e+01,7.8340e+01,7.9463e+01,8.0730e+01,8.1966e+01,8.3339e+01,8.4698e+01,8.5925e+01,8.7396e+01,8.8137e+01,8.9070e+01,9.0179e+01,9.0701e+01,9.1449e+01,9.1285e+01,9.0949e+01
9.2122e+01,9.1973e+01,9.2542e+01,9.3420e+01,9.3724e+01,9.3505e+01,9.3645e+01,9.3428e+01,9.3016e+01,9.2910e+01,9.3701e+01,9.3610e+01,9.2958e+01,9.3568e+01,9.4266e+01,9.3911e+01,9.3749e+01,9.4687e+01,9.5065e+01,9.4818e+01,9.6356e+01,9.7674e+01,9.6939e+01,9.8009e+01,9.9546e+01,1.0054e+02,1.0252e+02,1.0380e+02,1.0589e+02,1.0701e+02,1.0850e+02,1.1007e+02,1.1182e+02,1.1190e+02,1.1378e+02,1.1468e+02,1.1570e+02,1.1555e+02,1.1708e+02,1.1766e+02,1.1887e+02,1.2033e+02,1.2166e+02,1.2055e+02,1.2023e+02,1.1921e+02,1.1682e+02,1.1549e+02,1.1317e+02,1.1180e+02,1.1072e+02,1.0887e+02,1.0621e+02,1.0568e+02,1.0418e+02,1.0167e+02,1.0157e+02,1.0350e+02,1.0349e+02,1.0446e+02,1.0399e+02,1.0170e+02,1.0003e+02,9.7533e+01,9.5760e+01,9.4010e+01,9.3804e+01,9.2066e+01,9.0270e+01,8.8727e+01,8.6081e+01,8.4968e+01,8.2382e+01,8.0940e+01,7.8791e+01,7.8500e+01,7.6299e+01,7.5494e+01,7.4911e+01,7.6411e+01,7.4774e+01,7.2699e+01,7.2223e+01,7.2582e+01,7.1665e+01,7.1685e+01,7.1754e+01,7.0924e+01,6.9459e+01,6.8461e+01,6.7111e+01,6.6052e+01,6.5105e+01,6.4495e+01,6.4466e+01,6.3649e+01,6.2596e+01,6.2941e+01,6.2667e+01,6.2340e+01,6.2900e+01,6.2753e+01,6.2896e+01,6.3690e+01,6.4850e+01,6.5529e+01,6.6289e+01,6.7381e+01,6.8279e+01,6.9778e+01,7.1210e+01,7.2547e+01,7.3718e+01,7.4741e+01,7.5435e+01,7.6425e+01,7.7459e+01,7.8589e+01,7.9865e+01,8.1114e+01,8.2499e+01,8.3869e+01,8.5105e+01,8.6587e+01,8.7332e+01,8.8269e+01,8.9386e+01,8.9910e+01,9.0664e+01,9.0499e+01,9.0160e+01
9.1990e+01,9.1838e+01,9.2418e+01,9.3309e+01,9.3622e+01,9.3411e+01,9.3567e+01,9.3363e+01,9.2957e+01,9.2865e+01,9.3653e+01,9.3549e+01,9.2906e+01,9.3524e+01,9.4211e+01,9.3849e+01,9.3697e+01,9.4639e+01,9.5002e+01,9.4742e+01,9.6268e+01,9.7577e+01,9.6851e+01,9.7917e+01,9.9447e+01,1.0044e+02,1.0242e+02,1.0371e+02,1.0580e+02,1.0694e+02,1.0844e+02,1.1001e+02,1.1178e+02,1.1184e+02,1.1373e+02,1.1464e+02,1.1566e+02,1.1551e+02,1.1704e+02,1.1761e+02,1.1881e+02,1.2028e+02,1.2160e+02,1.2047e+02,1.2014e+02,1.1910e+02,1.1671e+02,1.1537e+02,1.1306e+02,1.1166e+02,1.1059e+02,1.0873e+02,1.0607e+02,1.0555e+02,1.0406e+02,1.0156e+02,1.0146e+02,1.0341e+02,1.0341e+02,1.0440e+02,1.0393e+02,1.0164e+02,9.9959e+01,9.7460e+01,9.5686e+01,9.3920e+01,9.3698e+01,9.1937e+01,9.0136e+01,8.8596e+01,8.5943e+01,8.4841e+01,8.2248e+01,8.0812e+01,7.8658e+01,7.8354e+01,7.6144e+01,7.5349e+01,7.4773e+01,7.6295e+01,7.4655e+01,7.2568e+01,7.2110e+01,7.2484e+01,7.1566e+01,7.1582e+01,7.1633e+01,7.0779e+01,6.9281e+01,6.8264e+01,6.6885e+01,6.5819e+01,6.4844e+01,6.4231e+01,6.4224e+01,6.3404e+01,6.2340e+01,6.2657e+01,6.2334e+01,6.1966e+01,6.2488e+01,6.2298e+01,6.2398e+01,6.3164e+01,6.4309e+01,6.4965e+01,6.5713e+01,6.6794e+01,6.7685e+01,6.9186e+01,7.0618e+01,7.1966e+01,7.3142e+01,7.4176e+01,7.4875e+01,7.5873e+01,7.6910e+01,7.8042e+01,7.9322e+01,8.0577e+01,8.1969e+01,8.3343e+01,8.4584e+01,8.6073e+01,8.6820e+01,8.7760e+01,8.8882e+01,8.9409e+01,9.0167e+01,9.0003e+01,8.9664e+01
9.1983e+01,9.1833e+01,9.2413e+01,9.3306e+01,9.3621e+01,9.3413e+01,9.3573e+01,9.3373e+01,9.2969e+01,9.2877e+01,9.3672e+01,9.3565e+01,9.2916e+01,9.3538e+01,9.4227e+01,9.3859e+01,9.3706e+01,9.4652e+01,9.5016e+01,9.4755e+01,9.6282e+01,9.7594e+01,9.6867e+01,9.7934e+01,9.9469e+01,1.0047e+02,1.0246e+02,1.0376e+02,1.0587e+02,1.0701e+02,1.0851e+02,1.1010e+02,1.1187e+02,1.1192e+02,1.1381e+02,1.1473e+02,1.1574e+02,1.1559e+02,1.1712e+02,1.1769e+02,1.1890e+02,1.2037e+02,1.2169e+02,1.2055e+02,1.2022e+02,1.1917e+02,1.1677e+02,1.1542e+02,1.1310e+02,1.1171e+02,1.1062e+02,1.0876e+02,1.0609e+02,1.0558e+02,1.0407e+02,1.0157e+02,1.0148e+02,1.0344e+02,1.0343e+02,1.0444e+02,1.0397e+02,1.0166e+02,9.9977e+01,9.7466e+01,9.5689e+01,9.3916e+01,9.3683e+01,9.1912e+01,9.0104e+01,8.8555e+01,8.5888e+01,8.4779e+01,8.2167e+01,8.0721e+01,7.8546e+01,7.8236e+01,7.6001e+01,7.5206e+01,7.4618e+01,7.6162e+01,7.4497e+01,7.2382e+01,7.1926e+01,7.2292e+01,7.1345e+01,7.1339e+01,7.1373e+01,7.0483e+01,6.8953e+01,6.7933e+01,6.6523e+01,6.5447e+01,6.4428e+01,6.3789e+01,6.3793e+01,6.2960e+01,6.1858e+01,6.2139e+01,6.1771e+01,6.1355e+01,6.1841e+01,6.1615e+01,6.1674e+01,6.2429e+01,6.3535e+01,6.4163e+01,6.4891e+01,6.5949e+01,6.6828e+01,6.8325e+01,6.9748e+01,7.1107e+01,7.2290e+01,7.3338e+01,7.4039e+01,7.5046e+01,7.6085e+01,7.7218e+01,7.8504e+01,7.9768e+01,8.1165e+01,8.2545e+01,8.3790e+01,8.5286e+01,8.6034e+01,8.6978e+01,8.8104e+01,8.8632e+01,8.9394e+01,8.9230e+01,8.8891e+01
9.2430e+01,9.2278e+01,9.2866e+01,9.3771e+01,9.4088e+01,9.3884e+01,9.4053e+01,9.3860e+01,9.3460e+01,9.3382e+01,9.4182e+01,9.4065e+01,9.3423e+01,9.4057e+01,9.4740e+01,9.4365e+01,9.4222e+01,9.5176e+01,9.5529e+01,9.5255e+01,9.6776e+01,9.8080e+01,9.7355e+01,9.8415e+01,9.9946e+01,1.0095e+02,1.0292e+02,1.0424e+02,1.0635e+02,1.0750e+02,1.0901e+02,1.1060e+02,1.1237e+02,1.1241e+02,1.1429e+02,1.1522e+02,1.1623e+02,1.1607e+02,1.1760e+02,1.1816e+02,1.1935e+02,1.2082e+02,1.2212e+02,1.2097e+02,1.2062e+02,1.1956e+02,1.1715e+02,1.1580e+02,1.1348e+02,1.1207e+02,1.1100e+02,1.0913e+02,1.0647e+02,1.0599e+02,1.0449e+02,1.0200e+02,1.0193e+02,1.0390e+02,1.0392e+02,1.0495e+02,1.0449e+02,1.0218e+02,1.0050e+02,9.7996e+01,9.6228e+01,9.4441e+01,9.4190e+01,9.2398e+01,9.0593e+01,8.9061e+01,8.6398e+01,8.5310e+01,8.2702e+01,8.1273e+01,7.9102e+01,7.8778e+01,7.6546e+01,7.5761e+01,7.5190e+01,7.6746e+01,7.5089e+01,7.2975e+01,7.2531e+01,7.2912e+01,7.1973e+01,7.1966e+01,7.1990e+01,7.1088e+01,6.9541e+01,6.8508e+01,6.7083e+01,6.6006e+01,6.4969e+01,6.4329e+01,6.4353e+01,6.3522e+01,6.2406e+01,6.2660e+01,6.2250e+01,6.1789e+01,6.2238e+01,6.1967e+01,6.1979e+01,6.2704e+01,6.3776e+01,6.4375e+01,6.5074e+01,6.6109e+01,6.6966e+01,6.8450e+01,6.9853e+01,7.1207e+01,7.2377e+01,7.3427e+01,7.4131e+01,7.5138e+01,7.6172e+01,7.7298e+01,7.8578e+01,7.9842e+01,8.1239e+01,8.2615e+01,8.3857e+01,8.5349e+01,8.6094e+01,8.7038e+01,8.8161e+01,8.8688e+01,8.9450e+01,8.9288e+01,8.8950e+01
9.2638e+01,9.2485e+01,9.3082e+01,9.3992e+01,9.4314e+01,9.4113e+01,9.4296e+01,9.4114e+01,9.3721e+01,9.3651e+01,9.4445e+01,9.4315e+01,9.3679e+01,9.4316e+01,9.4988e+01,9.4604e+01,9.4467e+01,9.5421e+01,9.5760e+01,9.5477e+01,9.6987e+01,9.8286e+01,9.7573e+01,9.8635e+01,1.0016e+02,1.0117e+02,1.0314e+02,1.0446e+02,1.0657e+02,1.0773e+02,1.0924e+02,1.1083e+02,1.1261e+02,1.1264e+02,1.1452e+02,1.1545e+02,1.1646e+02,1.1629e+02,1.1781e+02,1.1836e+02,1.1954e+02,1.2101e+02,1.2230e+02,1.2113e+02,1.2076e+02,1.1969e+02,1.1728e+02,1.1591e+02,1.1360e+02,1.1218e+02,1.1109e+02,1.0922e+02,1.0657e+02,1.0611e+02,1.0462e+02,1.0214e+02,1.0208e+02,1.0407e+02,1.0409e+02,1.0514e+02,1.0470e+02,1.0239e+02,1.0072e+02,9.8221e+01,9.6468e+01,9.4673e+01,9.4397e+01,9.2588e+01,9.0794e+01,8.9279e+01,8.6627e+01,8.5568e+01,8.2972e+01,8.1567e+01,7.9411e+01,7.9067e+01,7.6849e+01,7.6087e+01,7.5546e+01,7.7122e+01,7.5490e+01,7.3393e+01,7.2980e+01,7.3393e+01,7.2482e+01,7.2490e+01,7.2503e+01,7.1602e+01,7.0036e+01,6.8974e+01,6.7539e+01,6.6464e+01,6.5430e+01,6.4809e+01,6.4869e+01,6.4055e+01,6.2951e+01,6.3204e+01,6.2765e+01,6.2288e+01,6.2723e+01,6.2421e+01,6.2415e+01,6.3115e+01,6.4180e+01,6.4771e+01,6.5461e+01,6.6487e+01,6.7337e+01,6.8810e+01,7.0203e+01,7.1547e+01,7.2708e+01,7.3751e+01,7.4453e+01,7.5459e+01,7.6489e+01,7.7609e+01,7.8884e+01,8.0147e+01,8.1541e+01,8.2910e+01,8.4146e+01,8.5633e+01,8.6376e+01,8.7317e+01,8.8436e+01,8.8961e+01,8.9722e+01,8.9560e+01,8.9222e+01
9.2826e+01,9.2670e+01,9.3264e+01,9.4177e+01,9.4492e+01,9.4285e+01,9.4469e+01,9.4280e+01,9.3889e+01,9.3832e+01,9.4629e+01,9.4497e+01,9.3869e+01,9.4514e+01,9.5184e+01,9.4801e+01,9.4672e+01,9.5632e+01,9.5967e+01,9.5684e+01,9.7196e+01,9.8486e+01,9.7768e+01,9.8822e+01,1.0034e+02,1.0134e+02,1.0330e+02,1.0463e+02,1.0673e+02,1.0789e+02,1.0940e+02,1.1100e+02,1.1278e+02,1.1280e+02,1.1467e+02,1.1561e+02,1.1661e+02,1.1645e+02,1.1797e+02,1.1851e+02,1.1967e+02,1.2114e+02,1.2239e+02,1.2122e+02,1.2083e+02,1.1974e+02,1.1732e+02,1.1594e+02,1.1363e+02,1.1220e+02,1.1114e+02,1.0928e+02,1.0664e+02,1.0620e+02,1.0474e+02,1.0228e+02,1.0225e+02,1.0425e+02,1.0431e+02,1.0538e+02,1.0496e+02,1.0267e+02,1.0100e+02,9.8518e+01,9.6770e+01,9.4954e+01,9.4666e+01,9.2832e+01,9.1043e+01,8.9556e+01,8.6913e+01,8.5878e+01,8.3296e+01,8.1916e+01,7.9773e+01,7.9412e+01,7.7209e+01,7.6446e+01,7.5931e+01,7.7504e+01,7.5895e+01,7.3811e+01,7.3399e+01,7.3828e+01,7.2935e+01,7.2955e+01,7.2976e+01,7.2083e+01,7.0519e+01,6.9446e+01,6.8011e+01,6.6933e+01,6.5905e+01,6.5293e+01,6.5354e+01,6.4544e+01,6.3444e+01,6.3693e+01,6.3249e+01,6.2768e+01,6.3195e+01,6.2886e+01,6.2871e+01,6.3556e+01,6.4615e+01,6.5198e+01,6.5877e+01,6.6897e+01,6.7733e+01,6.9193e+01,7.0579e+01,7.1917e+01,7.3068e+01,7.4112e+01,7.4814e+01,7.5816e+01,7.6833e+01,7.7946e+01,7.9212e+01,8.0473e+01,8.1864e+01,8.3226e+01,8.4458e+01,8.5939e+01,8.6679e+01,8.7616e+01,8.8731e+01,8.9254e+01,9.0014e+01,8.9855e+01,8.9519e+01
9.2814e+01,9.2651e+01,9.3240e+01,9.4158e+01,9.4476e+01,9.4272e+01,9.4455e+01,9.4269e+01,9.3877e+01,9.3816e+01,9.4610e+01,9.4480e+01,9.3849e+01,9.4489e+01,9.5158e+01,9.4775e+01,9.4642e+01,9.5596e+01,9.5933e+01,9.5657e+01,9.7174e+01,9.8467e+01,9.7748e+01,9.8810e+01,1.0033e+02,1.0134e+02,1.0331e+02,1.0464e+02,1.0674e+02,1.0790e+02,1.0940e+02,1.1100e+02,1.1279e+02,1.1280e+02,1.1466e+02,1.1561e+02,1.1660e+02,1.1644e+02,1.1796e+02,1.1850e+02,1.1966e+02,1.2113e+02,1.2238e+02,1.2120e+02,1.2080e+02,1.1969e+02,1.1726e+02,1.1586e+02,1.1354e+02,1.1209e+02,1.1103e+02,1.0915e+02,1.0653e+02,1.0610e+02,1.0465e+02,1.0220e+02,1.0218e+02,1.0420e+02,1.0427e+02,1.0536e+02,1.0495e+02,1.0266e+02,1.0100e+02,9.8512e+01,9.6772e+01,9.4943e+01,9.4633e+01,9.2781e+01,9.0997e+01,8.9520e+01,8.6873e+01,8.5853e+01,8.3263e+01,8.1890e+01,7.9739e+01,7.9364e+01,7.7152e+01,7.6400e+01,7.5894e+01,7.7491e+01,7.5878e+01,7.3784e+01,7.3385e+01,7.3825e+01,7.2927e+01,7.2946e+01,7.2957e+01,7.2047e+01,7.0456e+01,6.9365e+01,6.7910e+01,6.6824e+01,6.5771e+01,6.5146e+01,6.5233e+01,6.4420e+01,6.3283e+01,6.3510e+01,6.3026e+01,6.2510e+01,6.2915e+01,6.2570e+01,6.2527e+01,6.3203e+01,6.4233e+01,6.4798e+01,6.5456e+01,6.6460e+01,6.7279e+01,6.8729e+01,7.0106e+01,7.1446e+01,7.2592e+01,7.3644e+01,7.4348e+01,7.5357e+01,7.6370e+01,7.7479e+01,7.8740e+01,8.0004e+01,8.1395e+01,8.2754e+01,8.3987e+01,8.5468e+01,8.6206e+01,8.7142e+01,8.8254e+01,8.8776e+01,8.9534e+01,8.9375e+01,8.9040e+01
9.3252e+01,9.3087e+01,9.3673e+01,9.4598e+01,9.4917e+01,9.4714e+01,9.4893e+01,9.4704e+01,9.4313e+01,9.4255e+01,9.5050e+01,9.4920e+01,9.4293e+01,9.4934e+01,9.5602e+01,9.5218e+01,9.5086e+01,9.6040e+01,9.6377e+01,9.6106e+01,9.7626e+01,9.8918e+01,9.8198e+01,9.9257e+01,1.0078e+02,1.0179e+02,1.0375e+02,1.0507e+02,1.0717e+02,1.0833e+02,1.0982e+02,1.1142e+02,1.1320e+02,1.1320e+02,1.1506e+02,1.1602e+02,1.1700e+02,1.1685e+02,1.1836e+02,1.1890e+02,1.2005e+02,1.2152e+02,1.2276e+02,1.2158e+02,1.2117e+02,1.2005e+02,1.1762e+02,1.1620e+02,1.1388e+02,1.1242e+02,1.1136e+02,1.0949e+02,1.0688e+02,1.0647e+02,1.0503e+02,1.0259e+02,1.0259e+02,1.0462e+02,1.0471e+02,1.0581e+02,1.0542e+02,1.0313e+02,1.0147e+02,9.8997e+01,9.7264e+01,9.5428e+01,9.5107e+01,9.3244e+01,9.1470e+01,9.0008e+01,8.7367e+01,8.6363e+01,8.3777e+01,8.2412e+01,8.0266e+01,7.9885e+01,7.7678e+01,7.6931e+01,7.6432e+01,7.8033e+01,7.6422e+01,7.4328e+01,7.3933e+01,7.4376e+01,7.3480e+01,7.3494e+01,7.3499e+01,7.2582e+01,7.0984e+01,6.9890e+01,6.8434e+01,6.7352e+01,6.6285e+01,6.5656e+01,6.5748e+01,6.4938e+01,6.3769e+01,6.3972e+01,6.3470e+01,6.2927e+01,6.3307e+01,6.2943e+01,6.2874e+01,6.3538e+01,6.4539e+01,6.5081e+01,6.5710e+01,6.6691e+01,6.7482e+01,6.8910e+01,7.0265e+01,7.1595e+01,7.2721e+01,7.3773e+01,7.4476e+01,7.5483e+01,7.6484e+01,7.7582e+01,7.8831e+01,8.0090e+01,8.1476e+01,8.2824e+01,8.4050e+01,8.5523e+01,8.6256e+01,8.7188e+01,8.8294e+01,8.8812e+01,8.9567e+01,8.9409e+01,8.9079e+01
9.3155e+01,9.2981e+01,9.3563e+01,9.4495e+01,9.4822e+01,9.4626e+01,9.4811e+01,9.4633e+01,9.4242e+01,9.4181e+01,9.4973e+01,9.4839e+01,9.4209e+01,9.4848e+01,9.5512e+01,9.5125e+01,9.4990e+01,9.5940e+01,9.6273e+01,9.5998e+01,9.7517e+01,9.8815e+01,9.8100e+01,9.9164e+01,1.0068e+02,1.0170e+02,1.0367e+02,1.0500e+02,1.0709e+02,1.0826e+02,1.0976e+02,1.1136e+02,1.1314e+02,1.1314e+02,1.1500e+02,1.1596e+02,1.1694e+02,1.1678e+02,1.1830e+02,1.1884e+02,1.1999e+02,1.2147e+02,1.2272e+02,1.2152e+02,1.2111e+02,1.1999e+02,1.1754e+02,1.1612e+02,1.1380e+02,1.1232e+02,1.1125e+02,1.0936e+02,1.0674e+02,1.0634e+02,1.0489e+02,1.0245e+02,1.0245e+02,1.0448e+02,1.0457e+02,1.0568e+02,1.0529e+02,1.0300e+02,1.0134e+02,9.8851e+01,9.7125e+01,9.5286e+01,9.4947e+01,9.3078e+01,9.1306e+01,8.9840e+01,8.7194e+01,8.6195e+01,8.3602e+01,8.2236e+01,8.0082e+01,7.9695e+01,7.7478e+01,7.6746e+01,7.6246e+01,7.7868e+01,7.6249e+01,7.4147e+01,7.3771e+01,7.4220e+01,7.3320e+01,7.3327e+01,7.3315e+01,7.2378e+01,7.0756e+01,6.9649e+01,6.8178e+01,6.7097e+01,6.6011e+01,6.5380e+01,6.5501e+01,6.4698e+01,6.3508e+01,6.3691e+01,6.3150e+01,6.2579e+01,6.2932e+01,6.2531e+01,6.2429e+01,6.3083e+01,6.4053e+01,6.4577e+01,6.5186e+01,6.6149e+01,6.6927e+01,6.8347e+01,6.9692e+01,7.1021e+01,7.2143e+01,7.3194e+01,7.3895e+01,7.4905e+01,7.5907e+01,7.6998e+01,7.8245e+01,7.9504e+01,8.0888e+01,8.2234e+01,8.3461e+01,8.4932e+01,8.5663e+01,8.6591e+01,8.7695e+01,8.8211e+01,8.8966e+01,8.8808e+01,8.8477e+01
9.2745e+01,9.2565e+01,9.3145e+01,9.4076e+01,9.4408e+01,9.4212e+01,9.4394e+01,9.4215e+01,9.3818e+01,9.3743e+01,9.4538e+01,9.4413e+01,9.3770e+01,9.4402e+01,9.5076e+01,9.4693e+01,9.4546e+01,9.5494e+01,9.5839e+01,9.5571e+01,9.7098e+01,9.8410e+01,9.7689e+01,9.8761e+01,1.0029e+02,1.0133e+02,1.0331e+02,1.0465e+02,1.0677e+02,1.0794e+02,1.0944e+02,1.1105e+02,1.1283e+02,1.1284e+02,1.1470e+02,1.1567e+02,1.1666e+02,1.1649e+02,1.1802e+02,1.1857e+02,1.1975e+02,1.2125e+02,1.2252e+02,1.2131e+02,1.2091e+02,1.1978e+02,1.1731e+02,1.1589e+02,1.1356e+02,1.1208e+02,1.1098e+02,1.0908e+02,1.0644e+02,1.0602e+02,1.0454e+02,1.0209e+02,1.0206e+02,1.0410e+02,1.0417e+02,1.0528e+02,1.0487e+02,1.0255e+02,1.0088e+02,9.8372e+01,9.6633e+01,9.4796e+01,9.4460e+01,9.2595e+01,9.0811e+01,8.9315e+01,8.6644e+01,8.5620e+01,8.2996e+01,8.1599e+01,7.9416e+01,7.9038e+01,7.6787e+01,7.6053e+01,7.5524e+01,7.7165e+01,7.5511e+01,7.3374e+01,7.2995e+01,7.3429e+01,7.2495e+01,7.2480e+01,7.2455e+01,7.1488e+01,6.9839e+01,6.8731e+01,6.7236e+01,6.6145e+01,6.5022e+01,6.4366e+01,6.4499e+01,6.3684e+01,6.2450e+01,6.2613e+01,6.2039e+01,6.1445e+01,6.1784e+01,6.1359e+01,6.1242e+01,6.1903e+01,6.2860e+01,6.3378e+01,6.3992e+01,6.4954e+01,6.5737e+01,6.7161e+01,6.8514e+01,6.9846e+01,7.0973e+01,7.2022e+01,7.2722e+01,7.3734e+01,7.4744e+01,7.5840e+01,7.7093e+01,7.8357e+01,7.9748e+01,8.1102e+01,8.2338e+01,8.3819e+01,8.4552e+01,8.5485e+01,8.6593e+01,8.7111e+01,8.7870e+01,8.7708e+01,8.7376e+01
9.1843e+01,9.1657e+01,9.2235e+01,9.3166e+01,9.3507e+01,9.3313e+01,9.3501e+01,9.3332e+01,9.2924e+01,9.2838e+01,9.3630e+01,9.3504e+01,9.2850e+01,9.3474e+01,9.4151e+01,9.3765e+01,9.3606e+01,9.4552e+01,9.4901e+01,9.4629e+01,9.6159e+01,9.7478e+01,9.6757e+01,9.7835e+01,9.9372e+01,1.0042e+02,1.0242e+02,1.0378e+02,1.0590e+02,1.0708e+02,1.0858e+02,1.1020e+02,1.1199e+02,1.1198e+02,1.1385e+02,1.1483e+02,1.1582e+02,1.1563e+02,1.1717e+02,1.1771e+02,1.1890e+02,1.2043e+02,1.2170e+02,1.2048e+02,1.2008e+02,1.1894e+02,1.1645e+02,1.1503e+02,1.1270e+02,1.1121e+02,1.1009e+02,1.0817e+02,1.0553e+02,1.0510e+02,1.0361e+02,1.0114e+02,1.0111e+02,1.0316e+02,1.0322e+02,1.0435e+02,1.0393e+02,1.0159e+02,9.9926e+01,9.7401e+01,9.5660e+01,9.3814e+01,9.3465e+01,9.1591e+01,8.9800e+01,8.8296e+01,8.5610e+01,8.4582e+01,8.1942e+01,8.0541e+01,7.8341e+01,7.7954e+01,7.5685e+01,7.4958e+01,7.4431e+01,7.6099e+01,7.4440e+01,7.2290e+01,7.1924e+01,7.2377e+01,7.1442e+01,7.1437e+01,7.1409e+01,7.0434e+01,6.8758e+01,6.7619e+01,6.6102e+01,6.4997e+01,6.3869e+01,6.3220e+01,6.3394e+01,6.2584e+01,6.1358e+01,6.1537e+01,6.0927e+01,6.0345e+01,6.0700e+01,6.0247e+01,6.0145e+01,6.0820e+01,6.1799e+01,6.2337e+01,6.2980e+01,6.3968e+01,6.4778e+01,6.6224e+01,6.7608e+01,6.8955e+01,7.0105e+01,7.1157e+01,7.1856e+01,7.2877e+01,7.3899e+01,7.5005e+01,7.6266e+01,7.7540e+01,7.8940e+01,8.0304e+01,8.1551e+01,8.3042e+01,8.3776e+01,8.4713e+01,8.5825e+01,8.6344e+01,8.7108e+01,8.6945e+01,8.6611e+01
9.1734e+01,9.1541e+01,9.2120e+01,9.3052e+01,9.3396e+01,9.3206e+01,9.3391e+01,9.3219e+01,9.2809e+01,9.2720e+01,9.3517e+01,9.3392e+01,9.2731e+01,9.3355e+01,9.4036e+01,9.3649e+01,9.3485e+01,9.4432e+01,9.4785e+01,9.4516e+01,9.6052e+01,9.7376e+01,9.6650e+01,9.7733e+01,9.9281e+01,1.0035e+02,1.0235e+02,1.0372e+02,1.0586e+02,1.0704e+02,1.0855e+02,1.1018e+02,1.1197e+02,1.1196e+02,1.1384e+02,1.1482e+02,1.1582e+02,1.1563e+02,1.1717e+02,1.1772e+02,1.1892e+02,1.2046e+02,1.2173e+02,1.2050e+02,1.2009e+02,1.1894e+02,1.1644e+02,1.1500e+02,1.1266e+02,1.1116e+02,1.1004e+02,1.0810e+02,1.0545e+02,1.0502e+02,1.0352e+02,1.0105e+02,1.0101e+02,1.0307e+02,1.0312e+02,1.0426e+02,1.0383e+02,1.0148e+02,9.9811e+01,9.7270e+01,9.5525e+01,9.3672e+01,9.3316e+01,9.1434e+01,8.9636e+01,8.8117e+01,8.5416e+01,8.4376e+01,8.1716e+01,8.0302e+01,7.8080e+01,7.7689e+01,7.5395e+01,7.4670e+01,7.4129e+01,7.5820e+01,7.4137e+01,7.1959e+01,7.1594e+01,7.2041e+01,7.1078e+01,7.1057e+01,7.1017e+01,7.0008e+01,6.8296e+01,6.7150e+01,6.5602e+01,6.4487e+01,6.3315e+01,6.2641e+01,6.2832e+01,6.2015e+01,6.0739e+01,6.0874e+01,6.0211e+01,5.9587e+01,5.9901e+01,5.9401e+01,5.9259e+01,5.9912e+01,6.0851e+01,6.1362e+01,6.1983e+01,6.2946e+01,6.3740e+01,6.5176e+01,6.6549e+01,6.7892e+01,6.9038e+01,7.0084e+01,7.0776e+01,7.1796e+01,7.2816e+01,7.3918e+01,7.5179e+01,7.6457e+01,7.7861e+01,7.9227e+01,8.0476e+01,8.1971e+01,8.2703e+01,8.3641e+01,8.4755e+01,8.5273e+01,8.6039e+01,8.5875e+01,8.5541e+01
9.2050e+01,9.1850e+01,9.2423e+01,9.3361e+01,9.3709e+01,9.3526e+01,9.3710e+01,9.3543e+01,9.3130e+01,9.3049e+01,9.3840e+01,9.3710e+01,9.3057e+01,9.3683e+01,9.4354e+01,9.3964e+01,9.3807e+01,9.4750e+01,9.5094e+01,9.4825e+01,9.6357e+01,9.7672e+01,9.6947e+01,9.8028e+01,9.9572e+01,1.0064e+02,1.0263e+02,1.0399e+02,1.0613e+02,1.0731e+02,1.0881e+02,1.1043e+02,1.1222e+02,1.1220e+02,1.1408e+02,1.1507e+02,1.1605e+02,1.1587e+02,1.1740e+02,1.1794e+02,1.1914e+02,1.2068e+02,1.2193e+02,1.2069e+02,1.2028e+02,1.1911e+02,1.1660e+02,1.1515e+02,1.1282e+02,1.1131e+02,1.1019e+02,1.0826e+02,1.0562e+02,1.0521e+02,1.0373e+02,1.0128e+02,1.0125e+02,1.0332e+02,1.0339e+02,1.0455e+02,1.0414e+02,1.0179e+02,1.0013e+02,9.7604e+01,9.5871e+01,9.4011e+01,9.3637e+01,9.1743e+01,8.9955e+01,8.8455e+01,8.5765e+01,8.4749e+01,8.2100e+01,8.0705e+01,7.8494e+01,7.8089e+01,7.5806e+01,7.5093e+01,7.4573e+01,7.6273e+01,7.4607e+01,7.2439e+01,7.2088e+01,7.2552e+01,7.1604e+01,7.1594e+01,7.1555e+01,7.0549e+01,6.8828e+01,6.7663e+01,6.6110e+01,6.4996e+01,6.3821e+01,6.3156e+01,6.3376e+01,6.2573e+01,6.1283e+01,6.1405e+01,6.0714e+01,6.0076e+01,6.0368e+01,5.9837e+01,5.9669e+01,6.0309e+01,6.1223e+01,6.1715e+01,6.2309e+01,6.3253e+01,6.4019e+01,6.5439e+01,6.6791e+01,6.8125e+01,6.9258e+01,7.0293e+01,7.0976e+01,7.1989e+01,7.2999e+01,7.4088e+01,7.5337e+01,7.6609e+01,7.8003e+01,7.9359e+01,8.0602e+01,8.2090e+01,8.2816e+01,8.3750e+01,8.4857e+01,8.5370e+01,8.6131e+01,8.5967e+01,8.5636e+01
9.1691e+01,9.1484e+01,9.2056e+01,9.2990e+01,9.3333e+01,9.3145e+01,9.3328e+01,9.3153e+01,9.2743e+01,9.2663e+01,9.3470e+01,9.3346e+01,9.2689e+01,9.3326e+01,9.4009e+01,9.3621e+01,9.3465e+01,9.4421e+01,9.4772e+01,9.4500e+01,9.6047e+01,9.7363e+01,9.6618e+01,9.7691e+01,9.9252e+01,1.0033e+02,1.0233e+02,1.0370e+02,1.0585e+02,1.0704e+02,1.0855e+02,1.1019e+02,1.1198e+02,1.1196e+02,1.1385e+02,1.1485e+02,1.1585e+02,1.1567e+02,1.1721e+02,1.1777e+02,1.1897e+02,1.2051e+02,1.2177e+02,1.2053e+02,1.2011e+02,1.1894e+02,1.1643e+02,1.1498e+02,1.1263e+02,1.1112e+02,1.1000e+02,1.0807e+02,1.0542e+02,1.0501e+02,1.0352e+02,1.0104e+02,1.0101e+02,1.0309e+02,1.0315e+02,1.0429e+02,1.0388e+02,1.0152e+02,9.9843e+01,9.7301e+01,9.5547e+01,9.3679e+01,9.3321e+01,9.1423e+01,8.9614e+01,8.8092e+01,8.5382e+01,8.4340e+01,8.1669e+01,8.0252e+01,7.8016e+01,7.7621e+01,7.5311e+01,7.4578e+01,7.4031e+01,7.5729e+01,7.4032e+01,7.1834e+01,7.1462e+01,7.1902e+01,7.0924e+01,7.0893e+01,7.0848e+01,6.9818e+01,6.8082e+01,6.6928e+01,6.5358e+01,6.4239e+01,6.3035e+01,6.2348e+01,6.2560e+01,6.1744e+01,6.0419e+01,6.0511e+01,5.9795e+01,5.9137e+01,5.9407e+01,5.8861e+01,5.8673e+01,5.9312e+01,6.0201e+01,6.0673e+01,6.1258e+01,6.2189e+01,6.2951e+01,6.4366e+01,6.5715e+01,6.7045e+01,6.8176e+01,6.9208e+01,6.9887e+01,7.0900e+01,7.1913e+01,7.3004e+01,7.4255e+01,7.5531e+01,7.6931e+01,7.8292e+01,7.9541e+01,8.1036e+01,8.1763e+01,8.2700e+01,8.3812e+01,8.4328e+01,8.5094e+01,8.4930e+01,8.4598e+01
9.0658e+01,9.0453e+01,9.1030e+01,9.1958e+01,9.2299e+01,9.2109e+01,9.2290e+01,9.2113e+01,9.1707e+01,9.1613e+01,9.2432e+01,9.2316e+01,9.1646e+01,9.2283e+01,9.2981e+01,9.2596e+01,9.2431e+01,9.3396e+01,9.3759e+01,9.3486e+01,9.5049e+01,9.6373e+01,9.5613e+01,9.6687e+01,9.8265e+01,9.9356e+01,1.0137e+02,1.0276e+02,1.0493e+02,1.0613e+02,1.0766e+02,1.0930e+02,1.1110e+02,1.1108e+02,1.1298e+02,1.1400e+02,1.1500e+02,1.1482e+02,1.1638e+02,1.1695e+02,1.1816e+02,1.1972e+02,1.2100e+02,1.1976e+02,1.1933e+02,1.1817e+02,1.1565e+02,1.1421e+02,1.1184e+02,1.1035e+02,1.0922e+02,1.0728e+02,1.0460e+02,1.0417e+02,1.0265e+02,1.0015e+02,1.0010e+02,1.0217e+02,1.0222e+02,1.0336e+02,1.0292e+02,1.0055e+02,9.8854e+01,9.6291e+01,9.4514e+01,9.2639e+01,9.2297e+01,9.0398e+01,8.8568e+01,8.7019e+01,8.4283e+01,8.3208e+01,8.0510e+01,7.9067e+01,7.6802e+01,7.6419e+01,7.4080e+01,7.3326e+01,7.2750e+01,7.4449e+01,7.2720e+01,7.0492e+01,7.0103e+01,7.0524e+01,6.9520e+01,6.9474e+01,6.9427e+01,6.8383e+01,6.6637e+01,6.5490e+01,6.3908e+01,6.2782e+01,6.1565e+01,6.0866e+01,6.1069e+01,6.0239e+01,5.8903e+01,5.9000e+01,5.8280e+01,5.7634e+01,5.7910e+01,5.7372e+01,5.7192e+01,5.7853e+01,5.8755e+01,5.9236e+01,5.9851e+01,6.0798e+01,6.1587e+01,6.3020e+01,6.4393e+01,6.5736e+01,6.6883e+01,6.7926e+01,6.8614e+01,6.9638e+01,7.0672e+01,7.1780e+01,7.3045e+01,7.4334e+01,7.5751e+01,7.7130e+01,7.8394e+01,7.9906e+01,8.0640e+01,8.1585e+01,8.2710e+01,8.3235e+01,8.4012e+01,8.3848e+01,8.3512e+01
8.9514e+01,8.9310e+01,8.9891e+01,9.0818e+01,9.1166e+01,9.0975e+01,9.1161e+01,9.0985e+01,9.0579e+01,9.0475e+01,9.1297e+01,9.1182e+01,9.0502e+01,9.1136e+01,9.1842e+01,9.1457e+01,9.1284e+01,9.2253e+01,9.2624e+01,9.2346e+01,9.3918e+01,9.5253e+01,9.4487e+01,9.5562e+01,9.7147e+01,9.8252e+01,1.0028e+02,1.0169e+02,1.0387e+02,1.0507e+02,1.0662e+02,1.0826e+02,1.1007e+02,1.1005e+02,1.1197e+02,1.1299e+02,1.1401e+02,1.1384e+02,1.1541e+02,1.1600e+02,1.1723e+02,1.1879e+02,1.2009e+02,1.1884e+02,1.1842e+02,1.1726e+02,1.1474e+02,1.1331e+02,1.1094e+02,1.0945e+02,1.0830e+02,1.0635e+02,1.0364e+02,1.0318e+02,1.0164e+02,9.9103e+01,9.9026e+01,1.0110e+02,1.0113e+02,1.0225e+02,1.0180e+02,9.9406e+01,9.7688e+01,9.5101e+01,9.3299e+01,9.1420e+01,9.1094e+01,8.9195e+01,8.7341e+01,8.5761e+01,8.2999e+01,8.1890e+01,7.9166e+01,7.7696e+01,7.5404e+01,7.5033e+01,7.2665e+01,7.1895e+01,7.1289e+01,7.2992e+01,7.1233e+01,6.8976e+01,6.8580e+01,6.8988e+01,6.7961e+01,6.7902e+01,6.7844e+01,6.6781e+01,6.5015e+01,6.3863e+01,6.2266e+01,6.1138e+01,5.9907e+01,5.9202e+01,5.9398e+01,5.8562e+01,5.7234e+01,5.7337e+01,5.6619e+01,5.5986e+01,5.6286e+01,5.5768e+01,5.5617e+01,5.6295e+01,5.7233e+01,5.7745e+01,5.8404e+01,5.9390e+01,6.0217e+01,6.1682e+01,6.3097e+01,6.4453e+01,6.5622e+01,6.6673e+01,6.7370e+01,6.8406e+01,6.9458e+01,7.0584e+01,7.1866e+01,7.3168e+01,7.4603e+01,7.6003e+01,7.7283e+01,7.8811e+01,7.9555e+01,8.0511e+01,8.1651e+01,8.2181e+01,8.2969e+01,8.2801e+01,8.2458e+01
8.8720e+01,8.8514e+01,8.9095e+01,9.0021e+01,9.0372e+01,9.0187e+01,9.0373e+01,9.0199e+01,8.9794e+01,8.9686e+01,9.0515e+01,9.0395e+01,8.9708e+01,9.0350e+01,9.1059e+01,9.0666e+01,9.0493e+01,9.1470e+01,9.1844e+01,9.1556e+01,9.3136e+01,9.4476e+01,9.3703e+01,9.4773e+01,9.6373e+01,9.7495e+01,9.9538e+01,1.0097e+02,1.0317e+02,1.0439e+02,1.0595e+02,1.0760e+02,1.0942e+02,1.0939e+02,1.1133e+02,1.1237e+02,1.1340e+02,1.1324e+02,1.1482e+02,1.1543e+02,1.1667e+02,1.1825e+02,1.1955e+02,1.1829e+02,1.1786e+02,1.1669e+02,1.1415e+02,1.1272e+02,1.1034e+02,1.0885e+02,1.0767e+02,1.0570e+02,1.0297e+02,1.0249e+02,1.0093e+02,9.8366e+01,9.8267e+01,1.0035e+02,1.0037e+02,1.0149e+02,1.0102e+02,9.8603e+01,9.6873e+01,9.4259e+01,9.2443e+01,9.0556e+01,9.0226e+01,8.8319e+01,8.6448e+01,8.4840e+01,8.2052e+01,8.0919e+01,7.8165e+01,7.6671e+01,7.4348e+01,7.3981e+01,7.1577e+01,7.0805e+01,7.0176e+01,7.1904e+01,7.0114e+01,6.7818e+01,6.7423e+01,6.7824e+01,6.6766e+01,6.6692e+01,6.6619e+01,6.5518e+01,6.3707e+01,6.2539e+01,6.0903e+01,5.9764e+01,5.8490e+01,5.7770e+01,5.7987e+01,5.7154e+01,5.5783e+01,5.5844e+01,5.5074e+01,5.4414e+01,5.4676e+01,5.4122e+01,5.3937e+01,5.4605e+01,5.5523e+01,5.6020e+01,5.6691e+01,5.7671e+01,5.8503e+01,5.9973e+01,6.1397e+01,6.2761e+01,6.3941e+01,6.4999e+01,6.5697e+01,6.6746e+01,6.7813e+01,6.8952e+01,7.0245e+01,7.1559e+01,7.3009e+01,7.4426e+01,7.5720e+01,7.7265e+01,7.8015e+01,7.8979e+01,8.0131e+01,8.0668e+01,8.1465e+01,8.1299e+01,8.0955e+01
8.8674e+01,8.8458e+01,8.9042e+01,8.9976e+01,9.0331e+01,9.0155e+01,9.0339e+01,9.0174e+01,8.9768e+01,8.9669e+01,9.0497e+01,9.0362e+01,8.9678e+01,9.0332e+01,9.1030e+01,9.0626e+01,9.0463e+01,9.1442e+01,9.1805e+01,9.1505e+01,9.3084e+01,9.4420e+01,9.3648e+01,9.4716e+01,9.6314e+01,9.7450e+01,9.9495e+01,1.0094e+02,1.0314e+02,1.0436e+02,1.0591e+02,1.0755e+02,1.0937e+02,1.0933e+02,1.1126e+02,1.1232e+02,1.1335e+02,1.1319e+02,1.1478e+02,1.1538e+02,1.1662e+02,1.1821e+02,1.1951e+02,1.1823e+02,1.1779e+02,1.1662e+02,1.1406e+02,1.1262e+02,1.1023e+02,1.0872e+02,1.0754e+02,1.0556e+02,1.0283e+02,1.0237e+02,1.0080e+02,9.8254e+01,9.8160e+01,1.0026e+02,1.0028e+02,1.0142e+02,1.0096e+02,9.8533e+01,9.6812e+01,9.4199e+01,9.2394e+01,9.0502e+01,9.0149e+01,8.8229e+01,8.6364e+01,8.4764e+01,8.1976e+01,8.0858e+01,7.8105e+01,7.6622e+01,7.4298e+01,7.3916e+01,7.1511e+01,7.0753e+01,7.0138e+01,7.1885e+01,7.0100e+01,6.7804e+01,6.7428e+01,6.7849e+01,6.6802e+01,6.6737e+01,6.6658e+01,6.5550e+01,6.3716e+01,6.2523e+01,6.0877e+01,5.9740e+01,5.8462e+01,5.7756e+01,5.8010e+01,5.7199e+01,5.5819e+01,5.5856e+01,5.5041e+01,5.4360e+01,5.4586e+01,5.3991e+01,5.3770e+01,5.4414e+01,5.5296e+01,5.5757e+01,5.6410e+01,5.7361e+01,5.8176e+01,5.9635e+01,6.1039e+01,6.2406e+01,6.3586e+01,6.4651e+01,6.5346e+01,6.6402e+01,6.7471e+01,6.8606e+01,6.9895e+01,7.1210e+01,7.2658e+01,7.4073e+01,7.5366e+01,7.6913e+01,7.7662e+01,7.8627e+01,7.9782e+01,8.0320e+01,8.1119e+01,8.0955e+01,8.0610e+01
8.8650e+01,8.8421e+01,8.9000e+01,8.9946e+01,9.0313e+01,9.0149e+01,9.0334e+01,9.0182e+01,8.9769e+01,8.9669e+01,9.0493e+01,9.0347e+01,8.9659e+01,9.0315e+01,9.1004e+01,9.0592e+01,9.0429e+01,9.1402e+01,9.1761e+01,9.1449e+01,9.3020e+01,9.4359e+01,9.3598e+01,9.4661e+01,9.6250e+01,9.7384e+01,9.9424e+01,1.0087e+02,1.0306e+02,1.0426e+02,1.0581e+02,1.0744e+02,1.0925e+02,1.0922e+02,1.1115e+02,1.1220e+02,1.1325e+02,1.1310e+02,1.1471e+02,1.1532e+02,1.1659e+02,1.1819e+02,1.1950e+02,1.1824e+02,1.1782e+02,1.1665e+02,1.1409e+02,1.1264e+02,1.1027e+02,1.0875e+02,1.0755e+02,1.0555e+02,1.0282e+02,1.0233e+02,1.0075e+02,9.8193e+01,9.8071e+01,1.0015e+02,1.0014e+02,1.0128e+02,1.0079e+02,9.8347e+01,9.6633e+01,9.4004e+01,9.2200e+01,9.0328e+01,8.9978e+01,8.8081e+01,8.6216e+01,8.4594e+01,8.1799e+01,8.0663e+01,7.7899e+01,7.6389e+01,7.4056e+01,7.3695e+01,7.1277e+01,7.0534e+01,6.9893e+01,7.1651e+01,6.9846e+01,6.7536e+01,6.7172e+01,6.7582e+01,6.6519e+01,6.6439e+01,6.6342e+01,6.5215e+01,6.3363e+01,6.2169e+01,6.0517e+01,5.9384e+01,5.8090e+01,5.7383e+01,5.7654e+01,5.6860e+01,5.5456e+01,5.5471e+01,5.4642e+01,5.3955e+01,5.4155e+01,5.3560e+01,5.3325e+01,5.3965e+01,5.4837e+01,5.5293e+01,5.5947e+01,5.6894e+01,5.7711e+01,5.9166e+01,6.0566e+01,6.1926e+01,6.3097e+01,6.4159e+01,6.4854e+01,6.5912e+01,6.6986e+01,6.8126e+01,6.9417e+01,7.0734e+01,7.2183e+01,7.3603e+01,7.4899e+01,7.6448e+01,7.7197e+01,7.8162e+01,7.9319e+01,7.9857e+01,8.0659e+01,8.0495e+01,8.0148e+01
8.8622e+01,8.8391e+01,8.8967e+01,8.9921e+01,9.0294e+01,9.0136e+01,9.0319e+01,9.0168e+01,8.9751e+01,8.9646e+01,9.0472e+01,9.0323e+01,8.9629e+01,9.0287e+01,9.0977e+01,9.0560e+01,9.0393e+01,9.1365e+01,9.1729e+01,9.1408e+01,9.2976e+01,9.4317e+01,9.3560e+01,9.4614e+01,9.6198e+01,9.7333e+01,9.9375e+01,1.0082e+02,1.0301e+02,1.0420e+02,1.0573e+02,1.0735e+02,1.0916e+02,1.0913e+02,1.1107e+02,1.1213e+02,1.1320e+02,1.1306e+02,1.1468e+02,1.1532e+02,1.1660e+02,1.1821e+02,1.1955e+02,1.1829e+02,1.1789e+02,1.1673e+02,1.1417e+02,1.1272e+02,1.1035e+02,1.0884e+02,1.0762e+02,1.0561e+02,1.0288e+02,1.0236e+02,1.0075e+02,9.8184e+01,9.8039e+01,1.0010e+02,1.0007e+02,1.0119e+02,1.0068e+02,9.8220e+01,9.6503e+01,9.3859e+01,9.2046e+01,9.0189e+01,8.9852e+01,8.7974e+01,8.6103e+01,8.4456e+01,8.1649e+01,8.0487e+01,7.7707e+01,7.6167e+01,7.3819e+01,7.3479e+01,7.1044e+01,7.0301e+01,6.9631e+01,7.1391e+01,6.9561e+01,6.7230e+01,6.6859e+01,6.7251e+01,6.6163e+01,6.6067e+01,6.5959e+01,6.4812e+01,6.2949e+01,6.1766e+01,6.0109e+01,5.8974e+01,5.7664e+01,5.6945e+01,5.7213e+01,5.6431e+01,5.4998e+01,5.4990e+01,5.4167e+01,5.3484e+01,5.3661e+01,5.3084e+01,5.2841e+01,5.3499e+01,5.4373e+01,5.4836e+01,5.5507e+01,5.6463e+01,5.7287e+01,5.8733e+01,6.0135e+01,6.1483e+01,6.2647e+01,6.3703e+01,6.4399e+01,6.5458e+01,6.6537e+01,6.7686e+01,6.8982e+01,7.0302e+01,7.1753e+01,7.3176e+01,7.4475e+01,7.6029e+01,7.6782e+01,7.7748e+01,7.8909e+01,7.9449e+01,8.0256e+01,8.0092e+01,7.9745e+01
8.8604e+01,8.8369e+01,8.8943e+01,8.9903e+01,9.0286e+01,9.0137e+01,9.0318e+01,9.0172e+01,8.9748e+01,8.9635e+01,9.0457e+01,9.0306e+01,8.9602e+01,9.0254e+01,9.0944e+01,9.0522e+01,9.0347e+01,9.1310e+01,9.1680e+01,9.1358e+01,9.2922e+01,9.4268e+01,9.3517e+01,9.4576e+01,9.6160e+01,9.7301e+01,9.9340e+01,1.0079e+02,1.0298e+02,1.0417e+02,1.0570e+02,1.0730e+02,1.0911e+02,1.0908e+02,1.1102e+02,1.1209e+02,1.1317e+02,1.1305e+02,1.1468e+02,1.1532e+02,1.1663e+02,1.1825e+02,1.1960e+02,1.1834e+02,1.1796e+02,1.1679e+02,1.1421e+02,1.1277e+02,1.1039e+02,1.0887e+02,1.0764e+02,1.0562e+02,1.0287e+02,1.0234e+02,1.0071e+02,9.8127e+01,9.7962e+01,1.0002e+02,9.9974e+01,1.0109e+02,1.0056e+02,9.8081e+01,9.6370e+01,9.3708e+01,9.1894e+01,9.0046e+01,8.9705e+01,8.7839e+01,8.5965e+01,8.4298e+01,8.1478e+01,8.0298e+01,7.7501e+01,7.5935e+01,7.3568e+01,7.3237e+01,7.0779e+01,7.0044e+01,6.9353e+01,7.1134e+01,6.9281e+01,6.6923e+01,6.6557e+01,6.6940e+01,6.5822e+01,6.5709e+01,6.5583e+01,6.4399e+01,6.2500e+01,6.1309e+01,5.9624e+01,5.8486e+01,5.7138e+01,5.6402e+01,5.6685e+01,5.5915e+01,5.4438e+01,5.4385e+01,5.3526e+01,5.2828e+01,5.2977e+01,5.2384e+01,5.2134e+01,5.2783e+01,5.3638e+01,5.4107e+01,5.4778e+01,5.5725e+01,5.6548e+01,5.7983e+01,5.9380e+01,6.0719e+01,6.1871e+01,6.2922e+01,6.3615e+01,6.4675e+01,6.5759e+01,6.6912e+01,6.8209e+01,6.9532e+01,7.0986e+01,7.2411e+01,7.3710e+01,7.5267e+01,7.6018e+01,7.6985e+01,7.8148e+01,7.8691e+01,7.9502e+01,7.9341e+01,7.8993e+01
8.8577e+01,8.8343e+01,8.8917e+01,8.9878e+01,9.0259e+01,9.0102e+01,9.0286e+01,9.0134e+01,8.9722e+01,8.9623e+01,9.0456e+01,9.0306e+01,8.9611e+01,9.0279e+01,9.0971e+01,9.0550e+01,9.0388e+01,9.1363e+01,9.1727e+01,9.1398e+01,9.2971e+01,9.4302e+01,9.3533e+01,9.4575e+01,9.6164e+01,9.7300e+01,9.9332e+01,1.0079e+02,1.0299e+02,1.0418e+02,1.0572e+02,1.0733e+02,1.0915e+02,1.0912e+02,1.1107e+02,1.1215e+02,1.1323e+02,1.1311e+02,1.1474e+02,1.1540e+02,1.1669e+02,1.1831e+02,1.1965e+02,1.1839e+02,1.1799e+02,1.1683e+02,1.1425e+02,1.1280e+02,1.1041e+02,1.0891e+02,1.0769e+02,1.0569e+02,1.0294e+02,1.0241e+02,1.0080e+02,9.8202e+01,9.8050e+01,1.0012e+02,1.0009e+02,1.0120e+02,1.0068e+02,9.8209e+01,9.6479e+01,9.3821e+01,9.1990e+01,9.0124e+01,8.9796e+01,8.7915e+01,8.6028e+01,8.4362e+01,8.1536e+01,8.0350e+01,7.7550e+01,7.5984e+01,7.3613e+01,7.3285e+01,7.0824e+01,7.0067e+01,6.9369e+01,7.1131e+01,6.9271e+01,6.6903e+01,6.6510e+01,6.6878e+01,6.5753e+01,6.5632e+01,6.5516e+01,6.4331e+01,6.2437e+01,6.1260e+01,5.9570e+01,5.8427e+01,5.7070e+01,5.6326e+01,5.6591e+01,5.5815e+01,5.4328e+01,5.4270e+01,5.3410e+01,5.2718e+01,5.2864e+01,5.2273e+01,5.2026e+01,5.2683e+01,5.3537e+01,5.4005e+01,5.4676e+01,5.5620e+01,5.6432e+01,5.7852e+01,5.9234e+01,6.0558e+01,6.1692e+01,6.2732e+01,6.3421e+01,6.4473e+01,6.5554e+01,6.6706e+01,6.8001e+01,6.9320e+01,7.0771e+01,7.2190e+01,7.3486e+01,7.5041e+01,7.5787e+01,7.6752e+01,7.7913e+01,7.8456e+01,7.9266e+01,7.9108e+01,7.8762e+01
8.7718e+01,8.7480e+01,8.8058e+01,8.9019e+01,8.9401e+01,8.9242e+01,8.9437e+01,8.9289e+01,8.8886e+01,8.8802e+01,8.9647e+01,8.9485e+01,8.8794e+01,8.9484e+01,9.0175e+01,8.9743e+01,8.9594e+01,9.0590e+01,9.0940e+01,9.0597e+01,9.2182e+01,9.3508e+01,9.2723e+01,9.3752e+01,9.5354e+01,9.6496e+01,9.8531e+01,1.0000e+02,1.0221e+02,1.0342e+02,1.0498e+02,1.0661e+02,1.0844e+02,1.0841e+02,1.1036e+02,1.1145e+02,1.1252e+02,1.1240e+02,1.1403e+02,1.1468e+02,1.1597e+02,1.1758e+02,1.1891e+02,1.1764e+02,1.1723e+02,1.1605e+02,1.1347e+02,1.1202e+02,1.0963e+02,1.0812e+02,1.0690e+02,1.0490e+02,1.0214e+02,1.0162e+02,1.0002e+02,9.7415e+01,9.7270e+01,9.9359e+01,9.9337e+01,1.0046e+02,9.9950e+01,9.7481e+01,9.5738e+01,9.3078e+01,9.1239e+01,8.9351e+01,8.9017e+01,8.7112e+01,8.5215e+01,8.3553e+01,8.0718e+01,7.9537e+01,7.6731e+01,7.5173e+01,7.2796e+01,7.2459e+01,6.9992e+01,6.9229e+01,6.8535e+01,7.0302e+01,6.8440e+01,6.6067e+01,6.5679e+01,6.6058e+01,6.4949e+01,6.4832e+01,6.4712e+01,6.3528e+01,6.1622e+01,6.0427e+01,5.8735e+01,5.7601e+01,5.6255e+01,5.5540e+01,5.5826e+01,5.5069e+01,5.3604e+01,5.3556e+01,5.2662e+01,5.1978e+01,5.2137e+01,5.1519e+01,5.1282e+01,5.1948e+01,5.2819e+01,5.3279e+01,5.3963e+01,5.4919e+01,5.5733e+01,5.7178e+01,5.8570e+01,5.9919e+01,6.1076e+01,6.2125e+01,6.2808e+01,6.3872e+01,6.4962e+01,6.6119e+01,6.7422e+01,6.8751e+01,7.0211e+01,7.1639e+01,7.2942e+01,7.4506e+01,7.5255e+01,7.6225e+01,7.7394e+01,7.7941e+01,7.8754e+01,7.8596e+01,7.8250e+01
8.6805e+01,8.6563e+01,8.7146e+01,8.8111e+01,8.8503e+01,8.8349e+01,8.8552e+01,8.8413e+01,8.8012e+01,8.7920e+01,8.8766e+01,8.8600e+01,8.7895e+01,8.8582e+01,8.9279e+01,8.8841e+01,8.8680e+01,8.9680e+01,9.0036e+01,8.9688e+01,9.1276e+01,9.2607e+01,9.1819e+01,9.2850e+01,9.4460e+01,9.5619e+01,9.7659e+01,9.9146e+01,1.0137e+02,1.0259e+02,1.0415e+02,1.0579e+02,1.0763e+02,1.0759e+02,1.0956e+02,1.1067e+02,1.1174e+02,1.1162e+02,1.1327e+02,1.1393e+02,1.1523e+02,1.1687e+02,1.1821e+02,1.1692e+02,1.1650e+02,1.1532e+02,1.1273e+02,1.1128e+02,1.0888e+02,1.0737e+02,1.0612e+02,1.0411e+02,1.0133e+02,1.0079e+02,9.9167e+01,9.6543e+01,9.6373e+01,9.8467e+01,9.8427e+01,9.9552e+01,9.9028e+01,9.6534e+01,9.4781e+01,9.2097e+01,9.0246e+01,8.8349e+01,8.8013e+01,8.6101e+01,8.4188e+01,8.2497e+01,7.9640e+01,7.8434e+01,7.5603e+01,7.4027e+01,7.1621e+01,7.1282e+01,6.8783e+01,6.8020e+01,6.7306e+01,6.9098e+01,6.7211e+01,6.4806e+01,6.4428e+01,6.4806e+01,6.3673e+01,6.3541e+01,6.3398e+01,6.2175e+01,6.0221e+01,5.9001e+01,5.7273e+01,5.6138e+01,5.4755e+01,5.4041e+01,5.4360e+01,5.3624e+01,5.2144e+01,5.2066e+01,5.1110e+01,5.0414e+01,5.0562e+01,4.9914e+01,4.9686e+01,5.0342e+01,5.1216e+01,5.1680e+01,5.2377e+01,5.3346e+01,5.4172e+01,5.5636e+01,5.7045e+01,5.8406e+01,5.9580e+01,6.0635e+01,6.1315e+01,6.2391e+01,6.3496e+01,6.4664e+01,6.5976e+01,6.7321e+01,6.8796e+01,7.0236e+01,7.1553e+01,7.3129e+01,7.3882e+01,7.4858e+01,7.6037e+01,7.6589e+01,7.7410e+01,7.7252e+01,7.6905e+01
8.5211e+01,8.4972e+01,8.5559e+01,8.6522e+01,8.6922e+01,8.6771e+01,8.6979e+01,8.6842e+01,8.6437e+01,8.6329e+01,8.7186e+01,8.7020e+01,8.6295e+01,8.6981e+01,8.7694e+01,8.7251e+01,8.7075e+01,8.8083e+01,8.8453e+01,8.8101e+01,8.9702e+01,9.1048e+01,9.0247e+01,9.1274e+01,9.2903e+01,9.4081e+01,9.6141e+01,9.7647e+01,9.9900e+01,1.0111e+02,1.0269e+02,1.0434e+02,1.0618e+02,1.0614e+02,1.0815e+02,1.0927e+02,1.1037e+02,1.1025e+02,1.1193e+02,1.1261e+02,1.1394e+02,1.1559e+02,1.1696e+02,1.1566e+02,1.1525e+02,1.1407e+02,1.1147e+02,1.1004e+02,1.0762e+02,1.0612e+02,1.0483e+02,1.0280e+02,9.9981e+01,9.9408e+01,9.7746e+01,9.5083e+01,9.4876e+01,9.6966e+01,9.6898e+01,9.8010e+01,9.7457e+01,9.4931e+01,9.3156e+01,9.0436e+01,8.8557e+01,8.6657e+01,8.6335e+01,8.4425e+01,8.2484e+01,8.0749e+01,7.7855e+01,7.6603e+01,7.3733e+01,7.2116e+01,6.9669e+01,6.9348e+01,6.6804e+01,6.6029e+01,6.5273e+01,6.7083e+01,6.5153e+01,6.2706e+01,6.2330e+01,6.2694e+01,6.1530e+01,6.1380e+01,6.1216e+01,5.9960e+01,5.7964e+01,5.6726e+01,5.4971e+01,5.3834e+01,5.2425e+01,5.1707e+01,5.2054e+01,5.1340e+01,4.9834e+01,4.9755e+01,4.8786e+01,4.8109e+01,4.8266e+01,4.7635e+01,4.7428e+01,4.8124e+01,4.9037e+01,4.9544e+01,5.0301e+01,5.1320e+01,5.2194e+01,5.3709e+01,5.5176e+01,5.6565e+01,5.7778e+01,5.8848e+01,5.9535e+01,6.0632e+01,6.1764e+01,6.2960e+01,6.4301e+01,6.5677e+01,6.7180e+01,6.8644e+01,6.9988e+01,7.1593e+01,7.2362e+01,7.3352e+01,7.4551e+01,7.5112e+01,7.5947e+01,7.5788e+01,7.5438e+01
8.3685e+01,8.3446e+01,8.4035e+01,8.4996e+01,8.5398e+01,8.5245e+01,8.5453e+01,8.5311e+01,8.4903e+01,8.4778e+01,8.5654e+01,8.5495e+01,8.4749e+01,8.5437e+01,8.6172e+01,8.5729e+01,8.5538e+01,8.6561e+01,8.6947e+01,8.6594e+01,8.8210e+01,8.9567e+01,8.8747e+01,8.9761e+01,9.1406e+01,9.2591e+01,9.4666e+01,9.6188e+01,9.8464e+01,9.9676e+01,1.0127e+02,1.0293e+02,1.0477e+02,1.0473e+02,1.0675e+02,1.0789e+02,1.0901e+02,1.0891e+02,1.1061e+02,1.1131e+02,1.1265e+02,1.1430e+02,1.1568e+02,1.1439e+02,1.1398e+02,1.1281e+02,1.1021e+02,1.0879e+02,1.0636e+02,1.0487e+02,1.0357e+02,1.0152e+02,9.8681e+01,9.8084e+01,9.6401e+01,9.3701e+01,9.3475e+01,9.5563e+01,9.5481e+01,9.6576e+01,9.6011e+01,9.3469e+01,9.1667e+01,8.8927e+01,8.7017e+01,8.5105e+01,8.4808e+01,8.2894e+01,8.0924e+01,7.9157e+01,7.6236e+01,7.4946e+01,7.2047e+01,7.0406e+01,6.7927e+01,6.7616e+01,6.5040e+01,6.4236e+01,6.3450e+01,6.5261e+01,6.3301e+01,6.0824e+01,6.0434e+01,6.0787e+01,5.9604e+01,5.9448e+01,5.9280e+01,5.8016e+01,5.6002e+01,5.4748e+01,5.2985e+01,5.1851e+01,5.0442e+01,4.9736e+01,5.0092e+01,4.9390e+01,4.7897e+01,4.7847e+01,4.6885e+01,4.6237e+01,4.6434e+01,4.5837e+01,4.5676e+01,4.6434e+01,4.7397e+01,4.7947e+01,4.8771e+01,4.9842e+01,5.0765e+01,5.2330e+01,5.3855e+01,5.5284e+01,5.6548e+01,5.7643e+01,5.8339e+01,5.9462e+01,6.0622e+01,6.1846e+01,6.3219e+01,6.4624e+01,6.6154e+01,6.7641e+01,6.9006e+01,7.0635e+01,7.1419e+01,7.2423e+01,7.3637e+01,7.4204e+01,7.5050e+01,7.4888e+01,7.4532e+01
8.2133e+01,8.1892e+01,8.2487e+01,8.3448e+01,8.3854e+01,8.3704e+01,8.3919e+01,8.3782e+01,8.3379e+01,8.3240e+01,8.4124e+01,8.3966e+01,8.3207e+01,8.3894e+01,8.4639e+01,8.4194e+01,8.3993e+01,8.5023e+01,8.5417e+01,8.5061e+01,8.6689e+01,8.8049e+01,8.7212e+01,8.8216e+01,8.9879e+01,9.1089e+01,9.3179e+01,9.4723e+01,9.7018e+01,9.8232e+01,9.9835e+01,1.0150e+02,1.0335e+02,1.0330e+02,1.0535e+02,1.0651e+02,1.0765e+02,1.0755e+02,1.0928e+02,1.1000e+02,1.1136e+02,1.1302e+02,1.1441e+02,1.1311e+02,1.1269e+02,1.1151e+02,1.0891e+02,1.0749e+02,1.0505e+02,1.0356e+02,1.0224e+02,1.0018e+02,9.7310e+01,9.6693e+01,9.4986e+01,9.2257e+01,9.2008e+01,9.4104e+01,9.4009e+01,9.5102e+01,9.4525e+01,9.1963e+01,9.0138e+01,8.7376e+01,8.5442e+01,8.3512e+01,8.3222e+01,8.1292e+01,7.9295e+01,7.7496e+01,7.4543e+01,7.3220e+01,7.0289e+01,6.8633e+01,6.6116e+01,6.5799e+01,6.3182e+01,6.2358e+01,6.1546e+01,6.3375e+01,6.1385e+01,5.8872e+01,5.8480e+01,5.8828e+01,5.7621e+01,5.7454e+01,5.7275e+01,5.5982e+01,5.3925e+01,5.2642e+01,5.0840e+01,4.9694e+01,4.8258e+01,4.7555e+01,4.7951e+01,4.7268e+01,4.5779e+01,4.5734e+01,4.4718e+01,4.4086e+01,4.4304e+01,4.3681e+01,4.3550e+01,4.4334e+01,4.5330e+01,4.5901e+01,4.6772e+01,4.7888e+01,4.8851e+01,5.0477e+01,5.2058e+01,5.3532e+01,5.4847e+01,5.5967e+01,5.6670e+01,5.7821e+01,5.9014e+01,6.0264e+01,6.1664e+01,6.3101e+01,6.4661e+01,6.6170e+01,6.7559e+01,6.9212e+01,7.0007e+01,7.1023e+01,7.2253e+01,7.2828e+01,7.3686e+01,7.3522e+01,7.3163e+01
8.1004e+01,8.0768e+01,8.1365e+01,8.2325e+01,8.2731e+01,8.2577e+01,8.2790e+01,8.2648e+01,8.2242e+01,8.2079e+01,8.2978e+01,8.2828e+01,8.2042e+01,8.2724e+01,8.3493e+01,8.3046e+01,8.2821e+01,8.3862e+01,8.4279e+01,8.3925e+01,8.5569e+01,8.6945e+01,8.6094e+01,8.7092e+01,8.8772e+01,8.9999e+01,9.2106e+01,9.3665e+01,9.5980e+01,9.7191e+01,9.8801e+01,1.0048e+02,1.0232e+02,1.0226e+02,1.0433e+02,1.0551e+02,1.0666e+02,1.0658e+02,1.0833e+02,1.0907e+02,1.1045e+02,1.1213e+02,1.1354e+02,1.1224e+02,1.1182e+02,1.1066e+02,1.0805e+02,1.0666e+02,1.0421e+02,1.0273e+02,1.0137e+02,9.9304e+01,9.6399e+01,9.5749e+01,9.4008e+01,9.1241e+01,9.0957e+01,9.3046e+01,9.2924e+01,9.4002e+01,9.3400e+01,9.0813e+01,8.8968e+01,8.6179e+01,8.4218e+01,8.2287e+01,8.2015e+01,8.0092e+01,7.8069e+01,7.6229e+01,7.3247e+01,7.1877e+01,6.8913e+01,6.7227e+01,6.4670e+01,6.4364e+01,6.1706e+01,6.0861e+01,6.0005e+01,6.1842e+01,5.9809e+01,5.7258e+01,5.6858e+01,5.7178e+01,5.5929e+01,5.5735e+01,5.5534e+01,5.4207e+01,5.2122e+01,5.0839e+01,4.9016e+01,4.7875e+01,4.6409e+01,4.5698e+01,4.6102e+01,4.5435e+01,4.3931e+01,4.3871e+01,4.2836e+01,4.2208e+01,4.2409e+01,4.1793e+01,4.1660e+01,4.2472e+01,4.3474e+01,4.4068e+01,4.4990e+01,4.6139e+01,4.7147e+01,4.8818e+01,5.0452e+01,5.1956e+01,5.3314e+01,5.4453e+01,5.5164e+01,5.6337e+01,5.7557e+01,5.8830e+01,6.0262e+01,6.1726e+01,6.3311e+01,6.4838e+01,6.6247e+01,6.7921e+01,6.8729e+01,6.9757e+01,7.1004e+01,7.1586e+01,7.2455e+01,7.2290e+01,7.1928e+01
7.9860e+01,7.9613e+01,8.0210e+01,8.1165e+01,8.1571e+01,8.1409e+01,8.1626e+01,8.1480e+01,8.1083e+01,8.0909e+01,8.1824e+01,8.1681e+01,8.0884e+01,8.1569e+01,8.2356e+01,8.1912e+01,8.1678e+01,8.2732e+01,8.3158e+01,8.2808e+01,8.4470e+01,8.5852e+01,8.4975e+01,8.5955e+01,8.7659e+01,8.8903e+01,9.1023e+01,9.2597e+01,9.4937e+01,9.6151e+01,9.7777e+01,9.9467e+01,1.0131e+02,1.0125e+02,1.0335e+02,1.0456e+02,1.0573e+02,1.0566e+02,1.0744e+02,1.0821e+02,1.0961e+02,1.1131e+02,1.1273e+02,1.1143e+02,1.1101e+02,1.0984e+02,1.0723e+02,1.0585e+02,1.0338e+02,1.0192e+02,1.0053e+02,9.8457e+01,9.5518e+01,9.4835e+01,9.3066e+01,9.0259e+01,8.9941e+01,9.2031e+01,9.1886e+01,9.2948e+01,9.2327e+01,8.9714e+01,8.7839e+01,8.5021e+01,8.3026e+01,8.1084e+01,8.0835e+01,7.8907e+01,7.6850e+01,7.4965e+01,7.1947e+01,7.0525e+01,6.7525e+01,6.5800e+01,6.3201e+01,6.2920e+01,6.0216e+01,5.9340e+01,5.8423e+01,6.0254e+01,5.8163e+01,5.5564e+01,5.5154e+01,5.5433e+01,5.4144e+01,5.3898e+01,5.3658e+01,5.2276e+01,5.0144e+01,4.8856e+01,4.6988e+01,4.5852e+01,4.4330e+01,4.3614e+01,4.4025e+01,4.3375e+01,4.1864e+01,4.1776e+01,4.0671e+01,4.0039e+01,4.0259e+01,3.9623e+01,3.9534e+01,4.0353e+01,4.1375e+01,4.1999e+01,4.2952e+01,4.4154e+01,4.5199e+01,4.6917e+01,4.8602e+01,5.0142e+01,5.1545e+01,5.2706e+01,5.3416e+01,5.4612e+01,5.5853e+01,5.7147e+01,5.8597e+01,6.0088e+01,6.1697e+01,6.3241e+01,6.4667e+01,6.6360e+01,6.7178e+01,6.8221e+01,6.9483e+01,7.0073e+01,7.0954e+01,7.0789e+01,7.0424e+01
7.8996e+01,7.8740e+01,7.9338e+01,8.0291e+01,8.0702e+01,8.0538e+01,8.0761e+01,8.0620e+01,8.0229e+01,8.0043e+01,8.0965e+01,8.0821e+01,8.0011e+01,8.0696e+01,8.1490e+01,8.1043e+01,8.0800e+01,8.1859e+01,8.2293e+01,8.1936e+01,8.3602e+01,8.4989e+01,8.4100e+01,8.5072e+01,8.6792e+01,8.8059e+01,9.0184e+01,9.1781e+01,9.4140e+01,9.5355e+01,9.6989e+01,9.8682e+01,1.0053e+02,1.0047e+02,1.0259e+02,1.0382e+02,1.0502e+02,1.0495e+02,1.0675e+02,1.0754e+02,1.0896e+02,1.1068e+02,1.1211e+02,1.1078e+02,1.1035e+02,1.0918e+02,1.0655e+02,1.0518e+02,1.0270e+02,1.0123e+02,9.9824e+01,9.7729e+01,9.4763e+01,9.4062e+01,9.2263e+01,8.9427e+01,8.9079e+01,9.1179e+01,9.1017e+01,9.2083e+01,9.1444e+01,8.8803e+01,8.6912e+01,8.4066e+01,8.2053e+01,8.0099e+01,7.9849e+01,7.7911e+01,7.5834e+01,7.3915e+01,7.0870e+01,6.9413e+01,6.6382e+01,6.4628e+01,6.1994e+01,6.1723e+01,5.8977e+01,5.8097e+01,5.7139e+01,5.8989e+01,5.6856e+01,5.4212e+01,5.3809e+01,5.4067e+01,5.2743e+01,5.2459e+01,5.2177e+01,5.0727e+01,4.8523e+01,4.7213e+01,4.5281e+01,4.4137e+01,4.2551e+01,4.1828e+01,4.2275e+01,4.1668e+01,4.0122e+01,3.9969e+01,3.8773e+01,3.8137e+01,3.8331e+01,3.7637e+01,3.7563e+01,3.8370e+01,3.9409e+01,4.0039e+01,4.1009e+01,4.2245e+01,4.3330e+01,4.5085e+01,4.6815e+01,4.8383e+01,4.9831e+01,5.1009e+01,5.1723e+01,5.2938e+01,5.4203e+01,5.5516e+01,5.6979e+01,5.8494e+01,6.0126e+01,6.1689e+01,6.3134e+01,6.4847e+01,6.5674e+01,6.6726e+01,6.8004e+01,6.8601e+01,6.9494e+01,6.9327e+01,6.8958e+01
7.8266e+01,7.7998e+01,7.8591e+01,7.9541e+01,7.9946e+01,7.9773e+01,7.9998e+01,7.9848e+01,7.9463e+01,7.9267e+01,8.0207e+01,8.0070e+01,7.9252e+01,7.9943e+01,8.0755e+01,8.0311e+01,8.0064e+01,8.1136e+01,8.1581e+01,8.1217e+01,8.2889e+01,8.4279e+01,8.3370e+01,8.4323e+01,8.6062e+01,8.7340e+01,8.9468e+01,9.1081e+01,9.3455e+01,9.4661e+01,9.6307e+01,9.8005e+01,9.9858e+01,9.9797e+01,1.0195e+02,1.0321e+02,1.0443e+02,1.0438e+02,1.0621e+02,1.0704e+02,1.0849e+02,1.1022e+02,1.1168e+02,1.1034e+02,1.0992e+02,1.0875e+02,1.0613e+02,1.0479e+02,1.0230e+02,1.0087e+02,9.9432e+01,9.7337e+01,9.4338e+01,9.3593e+01,9.1764e+01,8.8883e+01,8.8485e+01,9.0572e+01,9.0373e+01,9.1403e+01,9.0730e+01,8.8060e+01,8.6135e+01,8.3258e+01,8.1203e+01,7.9251e+01,7.9044e+01,7.7122e+01,7.5003e+01,7.3022e+01,6.9944e+01,6.8410e+01,6.5342e+01,6.3527e+01,6.0845e+01,6.0623e+01,5.7826e+01,5.6908e+01,5.5853e+01,5.7675e+01,5.5462e+01,5.2755e+01,5.2327e+01,5.2494e+01,5.1089e+01,5.0711e+01,5.0366e+01,4.8825e+01,4.6575e+01,4.5309e+01,4.3326e+01,4.2183e+01,4.0514e+01,3.9757e+01,4.0166e+01,3.9575e+01,3.7982e+01,3.7752e+01,3.6537e+01,3.5894e+01,3.6037e+01,3.5361e+01,3.5265e+01,3.6078e+01,3.7131e+01,3.7791e+01,3.8810e+01,4.0093e+01,4.1244e+01,4.3056e+01,4.4855e+01,4.6461e+01,4.7963e+01,4.9174e+01,4.9908e+01,5.1156e+01,5.2456e+01,5.3801e+01,5.5285e+01,5.6826e+01,5.8483e+01,6.0075e+01,6.1547e+01,6.3287e+01,6.4123e+01,6.5186e+01,6.6482e+01,6.7089e+01,6.7995e+01,6.7828e+01,6.7457e+01
7.7178e+01,7.6897e+01,7.7490e+01,7.8434e+01,7.8839e+01,7.8655e+01,7.8886e+01,7.8736e+01,7.8358e+01,7.8154e+01,7.9107e+01,7.8975e+01,7.8147e+01,7.8842e+01,7.9668e+01,7.9226e+01,7.8972e+01,8.0055e+01,8.0506e+01,8.0141e+01,8.1826e+01,8.3217e+01,8.2284e+01,8.3213e+01,8.4968e+01,8.6257e+01,8.8391e+01,9.0015e+01,9.2408e+01,9.3612e+01,9.5268e+01,9.6974e+01,9.8823e+01,9.8758e+01,1.0094e+02,1.0221e+02,1.0346e+02,1.0342e+02,1.0529e+02,1.0615e+02,1.0762e+02,1.0935e+02,1.1083e+02,1.0949e+02,1.0907e+02,1.0791e+02,1.0528e+02,1.0395e+02,1.0145e+02,1.0003e+02,9.8576e+01,9.6475e+01,9.3451e+01,9.2674e+01,9.0823e+01,8.7909e+01,8.7479e+01,8.9562e+01,8.9342e+01,9.0355e+01,8.9662e+01,8.6974e+01,8.5024e+01,8.2126e+01,8.0044e+01,7.8088e+01,7.7904e+01,7.5985e+01,7.3839e+01,7.1819e+01,6.8717e+01,6.7136e+01,6.4041e+01,6.2195e+01,5.9481e+01,5.9284e+01,5.6451e+01,5.5507e+01,5.4396e+01,5.6206e+01,5.3944e+01,5.1199e+01,5.0761e+01,5.0888e+01,4.9450e+01,4.9028e+01,4.8651e+01,4.7064e+01,4.4769e+01,4.3495e+01,4.1467e+01,4.0327e+01,3.8610e+01,3.7861e+01,3.8290e+01,3.7746e+01,3.6172e+01,3.5912e+01,3.4603e+01,3.3966e+01,3.4130e+01,3.3430e+01,3.3401e+01,3.4226e+01,3.5316e+01,3.6029e+01,3.7110e+01,3.8467e+01,3.9679e+01,4.1547e+01,4.3413e+01,4.5059e+01,4.6614e+01,4.7838e+01,4.8567e+01,4.9833e+01,5.1154e+01,5.2516e+01,5.4015e+01,5.5577e+01,5.7255e+01,5.8860e+01,6.0350e+01,6.2107e+01,6.2950e+01,6.4025e+01,6.5334e+01,6.5949e+01,6.6866e+01,6.6700e+01,6.6328e+01
7.6457e+01,7.6162e+01,7.6755e+01,7.7702e+01,7.8111e+01,7.7929e+01,7.8167e+01,7.8021e+01,7.7655e+01,7.7447e+01,7.8407e+01,7.8266e+01,7.7433e+01,7.8138e+01,7.8964e+01,7.8515e+01,7.8263e+01,7.9352e+01,7.9800e+01,7.9424e+01,8.1104e+01,8.2494e+01,8.1552e+01,8.2463e+01,8.4229e+01,8.5536e+01,8.7668e+01,8.9312e+01,9.1716e+01,9.2907e+01,9.4568e+01,9.6272e+01,9.8125e+01,9.8062e+01,1.0027e+02,1.0157e+02,1.0284e+02,1.0282e+02,1.0471e+02,1.0560e+02,1.0711e+02,1.0886e+02,1.1036e+02,1.0902e+02,1.0860e+02,1.0745e+02,1.0482e+02,1.0351e+02,1.0101e+02,9.9605e+01,9.8119e+01,9.6010e+01,9.2951e+01,9.2132e+01,9.0245e+01,8.7288e+01,8.6805e+01,8.8873e+01,8.8611e+01,8.9601e+01,8.8868e+01,8.6147e+01,8.4177e+01,8.1248e+01,7.9141e+01,7.7198e+01,7.7036e+01,7.5138e+01,7.2969e+01,7.0896e+01,6.7773e+01,6.6138e+01,6.3021e+01,6.1124e+01,5.8384e+01,5.8231e+01,5.5363e+01,5.4416e+01,5.3231e+01,5.5034e+01,5.2716e+01,4.9927e+01,4.9499e+01,4.9570e+01,4.8086e+01,4.7591e+01,4.7143e+01,4.5465e+01,4.3108e+01,4.1851e+01,3.9761e+01,3.8620e+01,3.6825e+01,3.6071e+01,3.6500e+01,3.6018e+01,3.4412e+01,3.4051e+01,3.2648e+01,3.1993e+01,3.2070e+01,3.1297e+01,3.1222e+01,3.2058e+01,3.3166e+01,3.3886e+01,3.5011e+01,3.6437e+01,3.7721e+01,3.9664e+01,4.1620e+01,4.3310e+01,4.4929e+01,4.6178e+01,4.6923e+01,4.8219e+01,4.9572e+01,5.0964e+01,5.2485e+01,5.4073e+01,5.5776e+01,5.7404e+01,5.8920e+01,6.0702e+01,6.1555e+01,6.2643e+01,6.3970e+01,6.4594e+01,6.5525e+01,6.5361e+01,6.4987e+01
7.5234e+01,7.4932e+01,7.5520e+01,7.6456e+01,7.6866e+01,7.6673e+01,7.6917e+01,7.6765e+01,7.6406e+01,7.6197e+01,7.7174e+01,7.7033e+01,7.6196e+01,7.6911e+01,7.7750e+01,7.7299e+01,7.7046e+01,7.8153e+01,7.8608e+01,7.8225e+01,7.9915e+01,8.1305e+01,8.0339e+01,8.1225e+01,8.3004e+01,8.4317e+01,8.6451e+01,8.8109e+01,9.0527e+01,9.1704e+01,9.3368e+01,9.5073e+01,9.6929e+01,9.6870e+01,9.9103e+01,1.0042e+02,1.0171e+02,1.0171e+02,1.0362e+02,1.0453e+02,1.0605e+02,1.0781e+02,1.0932e+02,1.0799e+02,1.0758e+02,1.0643e+02,1.0381e+02,1.0251e+02,9.9987e+01,9.8605e+01,9.7112e+01,9.5007e+01,9.1927e+01,9.1087e+01,8.9187e+01,8.6200e+01,8.5688e+01,8.7743e+01,8.7458e+01,8.8418e+01,8.7663e+01,8.4928e+01,8.2932e+01,7.9985e+01,7.7851e+01,7.5910e+01,7.5776e+01,7.3888e+01,7.1697e+01,6.9590e+01,6.6449e+01,6.4774e+01,6.1641e+01,5.9705e+01,5.6950e+01,5.6832e+01,5.3943e+01,5.2979e+01,5.1751e+01,5.3541e+01,5.1195e+01,4.8378e+01,4.7938e+01,4.7980e+01,4.6475e+01,4.5950e+01,4.5480e+01,4.3763e+01,4.1371e+01,4.0117e+01,3.7976e+01,3.6808e+01,3.4987e+01,3.4243e+01,3.4682e+01,3.4272e+01,3.2703e+01,3.2319e+01,3.0840e+01,3.0219e+01,3.0312e+01,2.9521e+01,2.9527e+01,3.0478e+01,3.1718e+01,3.2554e+01,3.3794e+01,3.5350e+01,3.6758e+01,3.8782e+01,4.0846e+01,4.2569e+01,4.4258e+01,4.5509e+01,4.6243e+01,4.7551e+01,4.8920e+01,5.0332e+01,5.1874e+01,5.3477e+01,5.5194e+01,5.6833e+01,5.8360e+01,6.0154e+01,6.1011e+01,6.2104e+01,6.3439e+01,6.4066e+01,6.5001e+01,6.4837e+01,6.4462e+01
7.4328e+01,7.4010e+01,7.4596e+01,7.5529e+01,7.5944e+01,7.5749e+01,7.6009e+01,7.5873e+01,7.5528e+01,7.5319e+01,7.6297e+01,7.6140e+01,7.5298e+01,7.6018e+01,7.6850e+01,7.6387e+01,7.6134e+01,7.7240e+01,7.7684e+01,7.7286e+01,7.8958e+01,8.0341e+01,7.9378e+01,8.0248e+01,8.2025e+01,8.3354e+01,8.5477e+01,8.7153e+01,8.9585e+01,9.0743e+01,9.2409e+01,9.4110e+01,9.5967e+01,9.5905e+01,9.8166e+01,9.9502e+01,1.0083e+02,1.0083e+02,1.0277e+02,1.0371e+02,1.0526e+02,1.0703e+02,1.0857e+02,1.0722e+02,1.0682e+02,1.0568e+02,1.0304e+02,1.0176e+02,9.9240e+01,9.7867e+01,9.6342e+01,9.4227e+01,9.1122e+01,9.0249e+01,8.8320e+01,8.5307e+01,8.4749e+01,8.6788e+01,8.6467e+01,8.7415e+01,8.6626e+01,8.3865e+01,8.1854e+01,7.8881e+01,7.6733e+01,7.4804e+01,7.4679e+01,7.2807e+01,7.0600e+01,6.8450e+01,6.5297e+01,6.3585e+01,6.0438e+01,5.8466e+01,5.5698e+01,5.5613e+01,5.2705e+01,5.1761e+01,5.0486e+01,5.2280e+01,4.9907e+01,4.7075e+01,4.6674e+01,4.6699e+01,4.5192e+01,4.4628e+01,4.4093e+01,4.2311e+01,3.9866e+01,3.8603e+01,3.6421e+01,3.5261e+01,3.3411e+01,3.2716e+01,3.3209e+01,3.2933e+01,3.1408e+01,3.0959e+01,2.9379e+01,2.8808e+01,2.8830e+01,2.7974e+01,2.7984e+01,2.8956e+01,3.0233e+01,3.1101e+01,3.2382e+01,3.4009e+01,3.5476e+01,3.7556e+01,3.9682e+01,4.1435e+01,4.3178e+01,4.4439e+01,4.5168e+01,4.6490e+01,4.7873e+01,4.9299e+01,5.0851e+01,5.2469e+01,5.4193e+01,5.5841e+01,5.7381e+01,5.9188e+01,6.0053e+01,6.1152e+01,6.2497e+01,6.3128e+01,6.4068e+01,6.3905e+01,6.3529e+01
7.3426e+01,7.3097e+01,7.3670e+01,7.4589e+01,7.4988e+01,7.4768e+01,7.5031e+01,7.4878e+01,7.4539e+01,7.4321e+01,7.5323e+01,7.5175e+01,7.4319e+01,7.5049e+01,7.5904e+01,7.5444e+01,7.5179e+01,7.6306e+01,7.6766e+01,7.6368e+01,7.8048e+01,7.9437e+01,7.8448e+01,7.9296e+01,8.1089e+01,8.2433e+01,8.4550e+01,8.6245e+01,8.8692e+01,8.9827e+01,9.1495e+01,9.3198e+01,9.5049e+01,9.4984e+01,9.7277e+01,9.8633e+01,9.9980e+01,1.0001e+02,1.0198e+02,1.0295e+02,1.0452e+02,1.0630e+02,1.0786e+02,1.0650e+02,1.0610e+02,1.0497e+02,1.0233e+02,1.0108e+02,9.8541e+01,9.7201e+01,9.5670e+01,9.3566e+01,9.0433e+01,8.9531e+01,8.7592e+01,8.4536e+01,8.3938e+01,8.5965e+01,8.5614e+01,8.6527e+01,8.5711e+01,8.2931e+01,8.0895e+01,7.7904e+01,7.5730e+01,7.3805e+01,7.3711e+01,7.1855e+01,6.9624e+01,6.7436e+01,6.4268e+01,6.2504e+01,5.9341e+01,5.7325e+01,5.4536e+01,5.4489e+01,5.1557e+01,5.0592e+01,4.9264e+01,5.1040e+01,4.8639e+01,4.5779e+01,4.5357e+01,4.5332e+01,4.3769e+01,4.3163e+01,4.2608e+01,4.0777e+01,3.8309e+01,3.7069e+01,3.4832e+01,3.3629e+01,3.1744e+01,3.1037e+01,3.1550e+01,3.1359e+01,2.9887e+01,2.9403e+01,2.7795e+01,2.7288e+01,2.7262e+01,2.6425e+01,2.6481e+01,2.7555e+01,2.8932e+01,2.9899e+01,3.1310e+01,3.3043e+01,3.4632e+01,3.6760e+01,3.8980e+01,4.0733e+01,4.2526e+01,4.3771e+01,4.4487e+01,4.5807e+01,4.7199e+01,4.8639e+01,5.0201e+01,5.1825e+01,5.3553e+01,5.5205e+01,5.6752e+01,5.8568e+01,5.9436e+01,6.0537e+01,6.1887e+01,6.2520e+01,6.3463e+01,6.3300e+01,6.2927e+01
7.3115e+01,7.2771e+01,7.3349e+01,7.4263e+01,7.4682e+01,7.4476e+01,7.4764e+01,7.4641e+01,7.4310e+01,7.4096e+01,7.5085e+01,7.4905e+01,7.4044e+01,7.4774e+01,7.5611e+01,7.5123e+01,7.4857e+01,7.5975e+01,7.6420e+01,7.6001e+01,7.7657e+01,7.9053e+01,7.8088e+01,7.8932e+01,8.0712e+01,8.2072e+01,8.4183e+01,8.5893e+01,8.8356e+01,8.9484e+01,9.1161e+01,9.2857e+01,9.4711e+01,9.4642e+01,9.6957e+01,9.8327e+01,9.9688e+01,9.9716e+01,1.0169e+02,1.0266e+02,1.0426e+02,1.0606e+02,1.0762e+02,1.0626e+02,1.0587e+02,1.0473e+02,1.0208e+02,1.0083e+02,9.8300e+01,9.6949e+01,9.5379e+01,9.3253e+01,9.0101e+01,8.9173e+01,8.7207e+01,8.4136e+01,8.3492e+01,8.5505e+01,8.5111e+01,8.6032e+01,8.5174e+01,8.2354e+01,8.0328e+01,7.7304e+01,7.5143e+01,7.3248e+01,7.3127e+01,7.1293e+01,6.9078e+01,6.6865e+01,6.3702e+01,6.1940e+01,5.8781e+01,5.6742e+01,5.3968e+01,5.3943e+01,5.1021e+01,5.0149e+01,4.8819e+01,5.0637e+01,4.8252e+01,4.5423e+01,4.5110e+01,4.5137e+01,4.3643e+01,4.3040e+01,4.2417e+01,4.0561e+01,3.8057e+01,3.6777e+01,3.4554e+01,3.3402e+01,3.1570e+01,3.0992e+01,3.1627e+01,3.1597e+01,3.0231e+01,2.9712e+01,2.7999e+01,2.7539e+01,2.7433e+01,2.6466e+01,2.6517e+01,2.7523e+01,2.8851e+01,2.9767e+01,3.1074e+01,3.2763e+01,3.4315e+01,3.6409e+01,3.8596e+01,4.0358e+01,4.2161e+01,4.3416e+01,4.4132e+01,4.5453e+01,4.6838e+01,4.8269e+01,4.9823e+01,5.1444e+01,5.3165e+01,5.4810e+01,5.6352e+01,5.8164e+01,5.9030e+01,6.0129e+01,6.1476e+01,6.2108e+01,6.3049e+01,6.2887e+01,6.2513e+01
7.1746e+01,7.1386e+01,7.1958e+01,7.2869e+01,7.3282e+01,7.3081e+01,7.3385e+01,7.3285e+01,7.2981e+01,7.2780e+01,7.3765e+01,7.3563e+01,7.2714e+01,7.3458e+01,7.4276e+01,7.3776e+01,7.3531e+01,7.4653e+01,7.5073e+01,7.4638e+01,7.6277e+01,7.7656e+01,7.6687e+01,7.7507e+01,7.9278e+01,8.0651e+01,8.2755e+01,8.4486e+01,8.6957e+01,8.8077e+01,8.9760e+01,9.1456e+01,9.3305e+01,9.3223e+01,9.5545e+01,9.6938e+01,9.8318e+01,9.8362e+01,1.0036e+02,1.0133e+02,1.0294e+02,1.0473e+02,1.0630e+02,1.0493e+02,1.0453e+02,1.0339e+02,1.0074e+02,9.9506e+01,9.6971e+01,9.5635e+01,9.4057e+01,9.1942e+01,8.8784e+01,8.7847e+01,8.5890e+01,8.2811e+01,8.2145e+01,8.4149e+01,8.3742e+01,8.4653e+01,8.3784e+01,8.0963e+01,7.8924e+01,7.5900e+01,7.3738e+01,7.1839e+01,7.1722e+01,6.9886e+01,6.7661e+01,6.5444e+01,6.2290e+01,6.0534e+01,5.7390e+01,5.5367e+01,5.2612e+01,5.2583e+01,4.9681e+01,4.8829e+01,4.7520e+01,4.9337e+01,4.6991e+01,4.4199e+01,4.3929e+01,4.4003e+01,4.2586e+01,4.2024e+01,4.1401e+01,3.9591e+01,3.7112e+01,3.5804e+01,3.3636e+01,3.2537e+01,3.0858e+01,3.0455e+01,3.1176e+01,3.1291e+01,3.0173e+01,2.9777e+01,2.8135e+01,2.7848e+01,2.7837e+01,2.6973e+01,2.7147e+01,2.8255e+01,2.9654e+01,3.0615e+01,3.1957e+01,3.3634e+01,3.5187e+01,3.7283e+01,3.9448e+01,4.1200e+01,4.2997e+01,4.4238e+01,4.4941e+01,4.6251e+01,4.7622e+01,4.9034e+01,5.0570e+01,5.2177e+01,5.3876e+01,5.5504e+01,5.7029e+01,5.8829e+01,5.9692e+01,6.0779e+01,6.2116e+01,6.2745e+01,6.3674e+01,6.3512e+01,6.3140e+01
7.1590e+01,7.1213e+01,7.1786e+01,7.2695e+01,7.3113e+01,7.2925e+01,7.3245e+01,7.3175e+01,7.2880e+01,7.2700e+01,7.3655e+01,7.3422e+01,7.2595e+01,7.3342e+01,7.4120e+01,7.3604e+01,7.3382e+01,7.4483e+01,7.4873e+01,7.4427e+01,7.6023e+01,7.7395e+01,7.6465e+01,7.7288e+01,7.9040e+01,8.0414e+01,8.2501e+01,8.4233e+01,8.6700e+01,8.7824e+01,8.9504e+01,9.1183e+01,9.3030e+01,9.2944e+01,9.5264e+01,9.6655e+01,9.8044e+01,9.8080e+01,1.0008e+02,1.0103e+02,1.0265e+02,1.0447e+02,1.0603e+02,1.0465e+02,1.0426e+02,1.0309e+02,1.0043e+02,9.9187e+01,9.6655e+01,9.5299e+01,9.3701e+01,9.1570e+01,8.8415e+01,8.7487e+01,8.5522e+01,8.2462e+01,8.1782e+01,8.3778e+01,8.3353e+01,8.4293e+01,8.3403e+01,8.0567e+01,7.8567e+01,7.5541e+01,7.3424e+01,7.1556e+01,7.1391e+01,6.9568e+01,6.7377e+01,6.5172e+01,6.2043e+01,6.0331e+01,5.7213e+01,5.5196e+01,5.2487e+01,5.2457e+01,4.9598e+01,4.8859e+01,4.7602e+01,4.9463e+01,4.7187e+01,4.4471e+01,4.4322e+01,4.4484e+01,4.3180e+01,4.2664e+01,4.2010e+01,4.0242e+01,3.7791e+01,3.6443e+01,3.4358e+01,3.3331e+01,3.1800e+01,3.1557e+01,3.2391e+01,3.2632e+01,3.1663e+01,3.1298e+01,2.9663e+01,2.9426e+01,2.9378e+01,2.8438e+01,2.8579e+01,2.9605e+01,3.0933e+01,3.1821e+01,3.3056e+01,3.4638e+01,3.6121e+01,3.8131e+01,4.0217e+01,4.1931e+01,4.3702e+01,4.4925e+01,4.5615e+01,4.6905e+01,4.8251e+01,4.9635e+01,5.1143e+01,5.2727e+01,5.4398e+01,5.6002e+01,5.7505e+01,5.9284e+01,6.0138e+01,6.1213e+01,6.2536e+01,6.3160e+01,6.4077e+01,6.3916e+01,6.3547e+01
7.0953e+01,7.0561e+01,7.1128e+01,7.2023e+01,7.2438e+01,7.2258e+01,7.2595e+01,7.2546e+01,7.2284e+01,7.2119e+01,7.3066e+01,7.2822e+01,7.2016e+01,7.2772e+01,7.3530e+01,7.3015e+01,7.2817e+01,7.3912e+01,7.4281e+01,7.3820e+01,7.5392e+01,7.6737e+01,7.5805e+01,7.6598e+01,7.8335e+01,7.9718e+01,8.1791e+01,8.3540e+01,8.6015e+01,8.7136e+01,8.8822e+01,9.0494e+01,9.2341e+01,9.2233e+01,9.4563e+01,9.5990e+01,9.7405e+01,9.7463e+01,9.9480e+01,1.0045e+02,1.0207e+02,1.0388e+02,1.0544e+02,1.0406e+02,1.0366e+02,1.0249e+02,9.9822e+01,9.8591e+01,9.6061e+01,9.4715e+01,9.3106e+01,9.0983e+01,8.7823e+01,8.6888e+01,8.4932e+01,8.1870e+01,8.1171e+01,8.3157e+01,8.2716e+01,8.3641e+01,8.2733e+01,7.9894e+01,7.7877e+01,7.4849e+01,7.2725e+01,7.0865e+01,7.0709e+01,6.8892e+01,6.6692e+01,6.4476e+01,6.1359e+01,5.9651e+01,5.6556e+01,5.4542e+01,5.1870e+01,5.1863e+01,4.9040e+01,4.8334e+01,4.7080e+01,4.8919e+01,4.6673e+01,4.4005e+01,4.3911e+01,4.4096e+01,4.2866e+01,4.2359e+01,4.1678e+01,3.9932e+01,3.7500e+01,3.6144e+01,3.4115e+01,3.3160e+01,3.1741e+01,3.1632e+01,3.2480e+01,3.2811e+01,3.2002e+01,3.1657e+01,3.0081e+01,2.9899e+01,2.9828e+01,2.8914e+01,2.9073e+01,3.0096e+01,3.1413e+01,3.2301e+01,3.3542e+01,3.5083e+01,3.6543e+01,3.8497e+01,4.0539e+01,4.2205e+01,4.3955e+01,4.5153e+01,4.5825e+01,4.7092e+01,4.8420e+01,4.9786e+01,5.1276e+01,5.2842e+01,5.4492e+01,5.6078e+01,5.7565e+01,5.9332e+01,6.0179e+01,6.1244e+01,6.2560e+01,6.3184e+01,6.4094e+01,6.3936e+01,6.3571e+01
7.1272e+01,7.0879e+01,7.1456e+01,7.2356e+01,7.2788e+01,7.2621e+01,7.2962e+01,7.2934e+01,7.2666e+01,7.2513e+01,7.3427e+01,7.3150e+01,7.2353e+01,7.3104e+01,7.3828e+01,7.3290e+01,7.3101e+01,7.4173e+01,7.4524e+01,7.4058e+01,7.5596e+01,7.6951e+01,7.6069e+01,7.6881e+01,7.8605e+01,7.9983e+01,8.2044e+01,8.3780e+01,8.6244e+01,8.7372e+01,8.9056e+01,9.0701e+01,9.2550e+01,9.2451e+01,9.4777e+01,9.6183e+01,9.7596e+01,9.7632e+01,9.9642e+01,1.0057e+02,1.0222e+02,1.0405e+02,1.0561e+02,1.0422e+02,1.0384e+02,1.0264e+02,9.9963e+01,9.8715e+01,9.6190e+01,9.4813e+01,9.3177e+01,9.1025e+01,8.7872e+01,8.6945e+01,8.4972e+01,8.1930e+01,8.1219e+01,8.3200e+01,8.2741e+01,8.3711e+01,8.2782e+01,7.9921e+01,7.7958e+01,7.4920e+01,7.2851e+01,7.1031e+01,7.0806e+01,6.9005e+01,6.6858e+01,6.4656e+01,6.1566e+01,5.9908e+01,5.6841e+01,5.4826e+01,5.2205e+01,5.2200e+01,4.9427e+01,4.8857e+01,4.7661e+01,4.9554e+01,4.7381e+01,4.4800e+01,4.4841e+01,4.5116e+01,4.3999e+01,4.3542e+01,4.2833e+01,4.1146e+01,3.8761e+01,3.7369e+01,3.5451e+01,3.4579e+01,3.3297e+01,3.3309e+01,3.4266e+01,3.4693e+01,3.3963e+01,3.3653e+01,3.2082e+01,3.1928e+01,3.1819e+01,3.0818e+01,3.0910e+01,3.1822e+01,3.3035e+01,3.3807e+01,3.4906e+01,3.6338e+01,3.7694e+01,3.9559e+01,4.1503e+01,4.3135e+01,4.4843e+01,4.6029e+01,4.6694e+01,4.7943e+01,4.9248e+01,5.0581e+01,5.2036e+01,5.3578e+01,5.5199e+01,5.6756e+01,5.8220e+01,5.9961e+01,6.0798e+01,6.1850e+01,6.3150e+01,6.3764e+01,6.4660e+01,6.4503e+01,6.4142e+01
7.1083e+01,7.0698e+01,7.1270e+01,7.2168e+01,7.2591e+01,7.2429e+01,7.2755e+01,7.2727e+01,7.2462e+01,7.2313e+01,7.3203e+01,7.2927e+01,7.2153e+01,7.2895e+01,7.3597e+01,7.3072e+01,7.2898e+01,7.3952e+01,7.4297e+01,7.3848e+01,7.5374e+01,7.6717e+01,7.5844e+01,7.6669e+01,7.8401e+01,7.9777e+01,8.1831e+01,8.3559e+01,8.6005e+01,8.7142e+01,8.8820e+01,9.0447e+01,9.2295e+01,9.2195e+01,9.4509e+01,9.5907e+01,9.7314e+01,9.7350e+01,9.9353e+01,1.0027e+02,1.0190e+02,1.0374e+02,1.0528e+02,1.0386e+02,1.0346e+02,1.0224e+02,9.9548e+01,9.8270e+01,9.5732e+01,9.4338e+01,9.2726e+01,9.0577e+01,8.7446e+01,8.6567e+01,8.4620e+01,8.1602e+01,8.0929e+01,8.2939e+01,8.2517e+01,8.3528e+01,8.2632e+01,7.9788e+01,7.7854e+01,7.4840e+01,7.2804e+01,7.0965e+01,7.0695e+01,6.8863e+01,6.6741e+01,6.4585e+01,6.1511e+01,5.9904e+01,5.6852e+01,5.4877e+01,5.2278e+01,5.2227e+01,4.9482e+01,4.8942e+01,4.7823e+01,4.9747e+01,4.7645e+01,4.5108e+01,4.5153e+01,4.5489e+01,4.4410e+01,4.4026e+01,4.3389e+01,4.1788e+01,3.9466e+01,3.8055e+01,3.6192e+01,3.5297e+01,3.4131e+01,3.4161e+01,3.5161e+01,3.5591e+01,3.4935e+01,3.4747e+01,3.3296e+01,3.3237e+01,3.3231e+01,3.2318e+01,3.2468e+01,3.3430e+01,3.4640e+01,3.5426e+01,3.6509e+01,3.7887e+01,3.9217e+01,4.1043e+01,4.2935e+01,4.4552e+01,4.6230e+01,4.7413e+01,4.8071e+01,4.9311e+01,5.0605e+01,5.1918e+01,5.3351e+01,5.4874e+01,5.6479e+01,5.8022e+01,5.9470e+01,6.1193e+01,6.2024e+01,6.3064e+01,6.4349e+01,6.4954e+01,6.5836e+01,6.5679e+01,6.5321e+01
7.1965e+01,7.1577e+01,7.2163e+01,7.3070e+01,7.3517e+01,7.3361e+01,7.3693e+01,7.3677e+01,7.3396e+01,7.3247e+01,7.4120e+01,7.3813e+01,7.3020e+01,7.3756e+01,7.4442e+01,7.3883e+01,7.3695e+01,7.4736e+01,7.5078e+01,7.4619e+01,7.6124e+01,7.7497e+01,7.6671e+01,7.7523e+01,7.9236e+01,8.0621e+01,8.2680e+01,8.4411e+01,8.6863e+01,8.7999e+01,8.9677e+01,9.1289e+01,9.3138e+01,9.3031e+01,9.5343e+01,9.6722e+01,9.8117e+01,9.8118e+01,1.0010e+02,1.0097e+02,1.0261e+02,1.0447e+02,1.0601e+02,1.0458e+02,1.0420e+02,1.0295e+02,1.0025e+02,9.8955e+01,9.6425e+01,9.4990e+01,9.3345e+01,9.1159e+01,8.8030e+01,8.7157e+01,8.5182e+01,8.2183e+01,8.1499e+01,8.3505e+01,8.3064e+01,8.4121e+01,8.3203e+01,8.0329e+01,7.8445e+01,7.5415e+01,7.3434e+01,7.1639e+01,7.1300e+01,6.9490e+01,6.7428e+01,6.5289e+01,6.2248e+01,6.0697e+01,5.7678e+01,5.5714e+01,5.3171e+01,5.3116e+01,5.0421e+01,5.0006e+01,4.8945e+01,5.0923e+01,4.8883e+01,4.6418e+01,4.6587e+01,4.7002e+01,4.6017e+01,4.5664e+01,4.4988e+01,4.3410e+01,4.1091e+01,3.9633e+01,3.7809e+01,3.6960e+01,3.5817e+01,3.5896e+01,3.6975e+01,3.7440e+01,3.6760e+01,3.6551e+01,3.5003e+01,3.4910e+01,3.4863e+01,3.3815e+01,3.3897e+01,3.4729e+01,3.5860e+01,3.6537e+01,3.7498e+01,3.8794e+01,4.0040e+01,4.1814e+01,4.3632e+01,4.5240e+01,4.6885e+01,4.8063e+01,4.8714e+01,4.9937e+01,5.1204e+01,5.2488e+01,5.3892e+01,5.5395e+01,5.6976e+01,5.8496e+01,5.9920e+01,6.1619e+01,6.2441e+01,6.3473e+01,6.4744e+01,6.5341e+01,6.6214e+01,6.6058e+01,6.5699e+01
7.2669e+01,7.2282e+01,7.2873e+01,7.3789e+01,7.4246e+01,7.4080e+01,7.4401e+01,7.4370e+01,7.4057e+01,7.3880e+01,7.4768e+01,7.4463e+01,7.3623e+01,7.4345e+01,7.5059e+01,7.4484e+01,7.4251e+01,7.5296e+01,7.5671e+01,7.5212e+01,7.6726e+01,7.8144e+01,7.7337e+01,7.8210e+01,7.9917e+01,8.1311e+01,8.3395e+01,8.5132e+01,8.7596e+01,8.8724e+01,9.0397e+01,9.2006e+01,9.3848e+01,9.3731e+01,9.6047e+01,9.7411e+01,9.8801e+01,9.8779e+01,1.0075e+02,1.0161e+02,1.0325e+02,1.0514e+02,1.0668e+02,1.0525e+02,1.0490e+02,1.0364e+02,1.0094e+02,9.9640e+01,9.7118e+01,9.5654e+01,9.3978e+01,9.1760e+01,8.8627e+01,8.7744e+01,8.5731e+01,8.2732e+01,8.2030e+01,8.4022e+01,8.3556e+01,8.4625e+01,8.3683e+01,8.0782e+01,7.8920e+01,7.5868e+01,7.3904e+01,7.2137e+01,7.1774e+01,6.9992e+01,6.7955e+01,6.5804e+01,6.2763e+01,6.1209e+01,5.8184e+01,5.6200e+01,5.3654e+01,5.3608e+01,5.0900e+01,5.0523e+01,4.9447e+01,5.1464e+01,4.9404e+01,4.6923e+01,4.7132e+01,4.7551e+01,4.6548e+01,4.6170e+01,4.5443e+01,4.3808e+01,4.1426e+01,3.9939e+01,3.8065e+01,3.7223e+01,3.5985e+01,3.6046e+01,3.7159e+01,3.7646e+01,3.6871e+01,3.6585e+01,3.4921e+01,3.4783e+01,3.4693e+01,3.3555e+01,3.3613e+01,3.4368e+01,3.5487e+01,3.6104e+01,3.7027e+01,3.8329e+01,3.9557e+01,4.1330e+01,4.3157e+01,4.4781e+01,4.6433e+01,4.7619e+01,4.8273e+01,4.9500e+01,5.0765e+01,5.2049e+01,5.3452e+01,5.4963e+01,5.6544e+01,5.8066e+01,5.9489e+01,6.1187e+01,6.2014e+01,6.3051e+01,6.4325e+01,6.4922e+01,6.5800e+01,6.5644e+01,6.5281e+01
7.3352e+01,7.2961e+01,7.3571e+01,7.4494e+01,7.4986e+01,7.4842e+01,7.5179e+01,7.5177e+01,7.4851e+01,7.4697e+01,7.5558e+01,7.5204e+01,7.4363e+01,7.5091e+01,7.5767e+01,7.5149e+01,7.4925e+01,7.5948e+01,7.6303e+01,7.5819e+01,7.7289e+01,7.8719e+01,7.7973e+01,7.8863e+01,8.0537e+01,8.1921e+01,8.3992e+01,8.5720e+01,8.8179e+01,8.9304e+01,9.0979e+01,9.2569e+01,9.4414e+01,9.4296e+01,9.6618e+01,9.7967e+01,9.9356e+01,9.9308e+01,1.0127e+02,1.0209e+02,1.0374e+02,1.0564e+02,1.0720e+02,1.0577e+02,1.0544e+02,1.0417e+02,1.0147e+02,1.0016e+02,9.7652e+01,9.6154e+01,9.4442e+01,9.2193e+01,8.9058e+01,8.8169e+01,8.6132e+01,8.3154e+01,8.2429e+01,8.4402e+01,8.3905e+01,8.5007e+01,8.4029e+01,8.1098e+01,7.9283e+01,7.6215e+01,7.4301e+01,7.2594e+01,7.2175e+01,7.0432e+01,6.8453e+01,6.6308e+01,6.3309e+01,6.1804e+01,5.8824e+01,5.6838e+01,5.4367e+01,5.4343e+01,5.1706e+01,5.1475e+01,5.0443e+01,5.2494e+01,5.0502e+01,4.8114e+01,4.8466e+01,4.8956e+01,4.8063e+01,4.7712e+01,4.6931e+01,4.5326e+01,4.2961e+01,4.1439e+01,3.9632e+01,3.8859e+01,3.7677e+01,3.7824e+01,3.9007e+01,3.9563e+01,3.8813e+01,3.8503e+01,3.6800e+01,3.6629e+01,3.6470e+01,3.5241e+01,3.5225e+01,3.5851e+01,3.6896e+01,3.7411e+01,3.8232e+01,3.9455e+01,4.0607e+01,4.2337e+01,4.4092e+01,4.5693e+01,4.7308e+01,4.8475e+01,4.9125e+01,5.0332e+01,5.1571e+01,5.2829e+01,5.4206e+01,5.5693e+01,5.7252e+01,5.8753e+01,6.0152e+01,6.1826e+01,6.2643e+01,6.3673e+01,6.4934e+01,6.5523e+01,6.6390e+01,6.6235e+01,6.5872e+01
7.2618e+01,7.2222e+01,7.2839e+01,7.3756e+01,7.4256e+01,7.4119e+01,7.4469e+01,7.4476e+01,7.4162e+01,7.4029e+01,7.4893e+01,7.4525e+01,7.3696e+01,7.4443e+01,7.5110e+01,7.4485e+01,7.4281e+01,7.5309e+01,7.5652e+01,7.5148e+01,7.6608e+01,7.8024e+01,7.7273e+01,7.8141e+01,7.9807e+01,8.1186e+01,8.3245e+01,8.4972e+01,8.7442e+01,8.8570e+01,9.0258e+01,9.1852e+01,9.3706e+01,9.3583e+01,9.5911e+01,9.7280e+01,9.8686e+01,9.8656e+01,1.0063e+02,1.0146e+02,1.0313e+02,1.0502e+02,1.0658e+02,1.0517e+02,1.0484e+02,1.0359e+02,1.0090e+02,9.9613e+01,9.7098e+01,9.5623e+01,9.3906e+01,9.1664e+01,8.8505e+01,8.7589e+01,8.5550e+01,8.2547e+01,8.1802e+01,8.3764e+01,8.3248e+01,8.4323e+01,8.3323e+01,8.0382e+01,7.8541e+01,7.5459e+01,7.3522e+01,7.1826e+01,7.1434e+01,6.9704e+01,6.7705e+01,6.5536e+01,6.2531e+01,6.1010e+01,5.8034e+01,5.6030e+01,5.3574e+01,5.3582e+01,5.0961e+01,5.0736e+01,4.9691e+01,5.1716e+01,4.9726e+01,4.7357e+01,4.7740e+01,4.8238e+01,4.7383e+01,4.7033e+01,4.6227e+01,4.4627e+01,4.2258e+01,4.0728e+01,3.8948e+01,3.8222e+01,3.7079e+01,3.7303e+01,3.8486e+01,3.9089e+01,3.8395e+01,3.8072e+01,3.6376e+01,3.6203e+01,3.5999e+01,3.4772e+01,3.4742e+01,3.5352e+01,3.6399e+01,3.6931e+01,3.7787e+01,3.9029e+01,4.0207e+01,4.1962e+01,4.3736e+01,4.5329e+01,4.6950e+01,4.8109e+01,4.8761e+01,4.9966e+01,5.1208e+01,5.2473e+01,5.3855e+01,5.5342e+01,5.6908e+01,5.8414e+01,5.9822e+01,6.1502e+01,6.2317e+01,6.3350e+01,6.4615e+01,6.5206e+01,6.6076e+01,6.5923e+01,6.5561e+01
7.2588e+01,7.2187e+01,7.2813e+01,7.3725e+01,7.4241e+01,7.4103e+01,7.4459e+01,7.4469e+01,7.4149e+01,7.4020e+01,7.4900e+01,7.4513e+01,7.3662e+01,7.4424e+01,7.5100e+01,7.4451e+01,7.4239e+01,7.5278e+01,7.5626e+01,7.5098e+01,7.6556e+01,7.7978e+01,7.7229e+01,7.8086e+01,7.9741e+01,8.1125e+01,8.3183e+01,8.4918e+01,8.7404e+01,8.8529e+01,9.0228e+01,9.1826e+01,9.3686e+01,9.3558e+01,9.5891e+01,9.7272e+01,9.8688e+01,9.8660e+01,1.0063e+02,1.0148e+02,1.0315e+02,1.0505e+02,1.0663e+02,1.0522e+02,1.0492e+02,1.0368e+02,1.0101e+02,9.9735e+01,9.7226e+01,9.5761e+01,9.4021e+01,9.1769e+01,8.8588e+01,8.7635e+01,8.5567e+01,8.2540e+01,8.1759e+01,8.3699e+01,8.3146e+01,8.4194e+01,8.3153e+01,8.0187e+01,7.8322e+01,7.5207e+01,7.3247e+01,7.1580e+01,7.1213e+01,6.9517e+01,6.7507e+01,6.5294e+01,6.2283e+01,6.0733e+01,5.7758e+01,5.5719e+01,5.3281e+01,5.3342e+01,5.0733e+01,5.0536e+01,4.9455e+01,5.1462e+01,4.9455e+01,4.7098e+01,4.7538e+01,4.8027e+01,4.7202e+01,4.6816e+01,4.5939e+01,4.4296e+01,4.1885e+01,4.0342e+01,3.8561e+01,3.7901e+01,3.6730e+01,3.7014e+01,3.8195e+01,3.8855e+01,3.8157e+01,3.7755e+01,3.5992e+01,3.5764e+01,3.5469e+01,3.4177e+01,3.4092e+01,3.4609e+01,3.5627e+01,3.6127e+01,3.6981e+01,3.8242e+01,3.9427e+01,4.1206e+01,4.3002e+01,4.4591e+01,4.6220e+01,4.7370e+01,4.8025e+01,4.9231e+01,5.0474e+01,5.1748e+01,5.3135e+01,5.4626e+01,5.6199e+01,5.7713e+01,5.9129e+01,6.0817e+01,6.1633e+01,6.2673e+01,6.3946e+01,6.4543e+01,6.5422e+01,6.5269e+01,6.4905e+01
7.2468e+01,7.2062e+01,7.2680e+01,7.3574e+01,7.4069e+01,7.3903e+01,7.4248e+01,7.4222e+01,7.3914e+01,7.3764e+01,7.4689e+01,7.4348e+01,7.3479e+01,7.4243e+01,7.4974e+01,7.4356e+01,7.4125e+01,7.5195e+01,7.5580e+01,7.5067e+01,7.6565e+01,7.7985e+01,7.7176e+01,7.8006e+01,7.9685e+01,8.1076e+01,8.3144e+01,8.4885e+01,8.7397e+01,8.8528e+01,9.0240e+01,9.1865e+01,9.3721e+01,9.3592e+01,9.5925e+01,9.7328e+01,9.8763e+01,9.8763e+01,1.0075e+02,1.0164e+02,1.0332e+02,1.0521e+02,1.0680e+02,1.0541e+02,1.0511e+02,1.0390e+02,1.0123e+02,9.9980e+01,9.7459e+01,9.6037e+01,9.4312e+01,9.2083e+01,8.8880e+01,8.7898e+01,8.5825e+01,8.2756e+01,8.1963e+01,8.3891e+01,8.3323e+01,8.4310e+01,8.3249e+01,8.0276e+01,7.8352e+01,7.5215e+01,7.3187e+01,7.1511e+01,7.1227e+01,6.9542e+01,6.7469e+01,6.5196e+01,6.2132e+01,6.0489e+01,5.7458e+01,5.5349e+01,5.2843e+01,5.2957e+01,5.0269e+01,4.9962e+01,4.8775e+01,5.0742e+01,4.8626e+01,4.6169e+01,4.6524e+01,4.6915e+01,4.5987e+01,4.5517e+01,4.4607e+01,4.2868e+01,4.0392e+01,3.8891e+01,3.7035e+01,3.6365e+01,3.5077e+01,3.5305e+01,3.6395e+01,3.7031e+01,3.6265e+01,3.5759e+01,3.3947e+01,3.3673e+01,3.3340e+01,3.2046e+01,3.1984e+01,3.2505e+01,3.3569e+01,3.4121e+01,3.5065e+01,3.6417e+01,3.7677e+01,3.9516e+01,4.1396e+01,4.3004e+01,4.4677e+01,4.5838e+01,4.6503e+01,4.7727e+01,4.8999e+01,5.0303e+01,5.1724e+01,5.3241e+01,5.4841e+01,5.6383e+01,5.7825e+01,5.9540e+01,6.0372e+01,6.1432e+01,6.2728e+01,6.3339e+01,6.4236e+01,6.4082e+01,6.3714e+01
7.1696e+01,7.1279e+01,7.1904e+01,7.2789e+01,7.3292e+01,7.3130e+01,7.3501e+01,7.3496e+01,7.3221e+01,7.3100e+01,7.4024e+01,7.3660e+01,7.2812e+01,7.3602e+01,7.4314e+01,7.3683e+01,7.3486e+01,7.4564e+01,7.4917e+01,7.4380e+01,7.5865e+01,7.7253e+01,7.6437e+01,7.7237e+01,7.8906e+01,8.0300e+01,8.2353e+01,8.4094e+01,8.6609e+01,8.7743e+01,8.9468e+01,9.1101e+01,9.2970e+01,9.2848e+01,9.5195e+01,9.6618e+01,9.8059e+01,9.8073e+01,1.0007e+02,1.0099e+02,1.0266e+02,1.0453e+02,1.0613e+02,1.0475e+02,1.0444e+02,1.0326e+02,1.0060e+02,9.9392e+01,9.6877e+01,9.5491e+01,9.3762e+01,9.1557e+01,8.8337e+01,8.7322e+01,8.5258e+01,8.2170e+01,8.1350e+01,8.3269e+01,8.2686e+01,8.3634e+01,8.2562e+01,7.9591e+01,7.7622e+01,7.4474e+01,7.2403e+01,7.0724e+01,7.0486e+01,6.8801e+01,6.6687e+01,6.4379e+01,6.1311e+01,5.9638e+01,5.6621e+01,5.4510e+01,5.2025e+01,5.2173e+01,4.9515e+01,4.9204e+01,4.7992e+01,4.9893e+01,4.7785e+01,4.5375e+01,4.5767e+01,4.6146e+01,4.5286e+01,4.4799e+01,4.3858e+01,4.2149e+01,3.9726e+01,3.8256e+01,3.6477e+01,3.5879e+01,3.4685e+01,3.4997e+01,3.6065e+01,3.6747e+01,3.6103e+01,3.5641e+01,3.3916e+01,3.3682e+01,3.3357e+01,3.2128e+01,3.2078e+01,3.2617e+01,3.3678e+01,3.4242e+01,3.5199e+01,3.6529e+01,3.7771e+01,3.9591e+01,4.1437e+01,4.3015e+01,4.4667e+01,4.5808e+01,4.6462e+01,4.7675e+01,4.8942e+01,5.0246e+01,5.1660e+01,5.3162e+01,5.4753e+01,5.6290e+01,5.7728e+01,5.9441e+01,6.0266e+01,6.1320e+01,6.2613e+01,6.3226e+01,6.4121e+01,6.3967e+01,6.3600e+01
7.1084e+01,7.0658e+01,7.1281e+01,7.2168e+01,7.2670e+01,7.2521e+01,7.2910e+01,7.2940e+01,7.2705e+01,7.2611e+01,7.3518e+01,7.3137e+01,7.2323e+01,7.3128e+01,7.3809e+01,7.3176e+01,7.3019e+01,7.4091e+01,7.4406e+01,7.3851e+01,7.5316e+01,7.6662e+01,7.5839e+01,7.6614e+01,7.8259e+01,7.9654e+01,8.1684e+01,8.3428e+01,8.5928e+01,8.7053e+01,8.8771e+01,9.0402e+01,9.2277e+01,9.2157e+01,9.4504e+01,9.5946e+01,9.7391e+01,9.7426e+01,9.9426e+01,1.0035e+02,1.0202e+02,1.0386e+02,1.0545e+02,1.0409e+02,1.0376e+02,1.0259e+02,9.9938e+01,9.8732e+01,9.6219e+01,9.4845e+01,9.3130e+01,9.0944e+01,8.7731e+01,8.6724e+01,8.4689e+01,8.1612e+01,8.0800e+01,8.2718e+01,8.2147e+01,8.3079e+01,8.2020e+01,7.9075e+01,7.7082e+01,7.3954e+01,7.1876e+01,7.0189e+01,6.9972e+01,6.8280e+01,6.6157e+01,6.3868e+01,6.0826e+01,5.9181e+01,5.6207e+01,5.4135e+01,5.1698e+01,5.1848e+01,4.9244e+01,4.8935e+01,4.7750e+01,4.9609e+01,4.7543e+01,4.5186e+01,4.5586e+01,4.5984e+01,4.5199e+01,4.4753e+01,4.3843e+01,4.2211e+01,3.9872e+01,3.8427e+01,3.6739e+01,3.6169e+01,3.5106e+01,3.5461e+01,3.6509e+01,3.7184e+01,3.6659e+01,3.6303e+01,3.4687e+01,3.4477e+01,3.4227e+01,3.3081e+01,3.3044e+01,3.3669e+01,3.4739e+01,3.5350e+01,3.6330e+01,3.7654e+01,3.8897e+01,4.0695e+01,4.2514e+01,4.4060e+01,4.5682e+01,4.6809e+01,4.7459e+01,4.8653e+01,4.9908e+01,5.1202e+01,5.2603e+01,5.4086e+01,5.5661e+01,5.7188e+01,5.8616e+01,6.0320e+01,6.1137e+01,6.2181e+01,6.3465e+01,6.4076e+01,6.4964e+01,6.4807e+01,6.4443e+01
7.1162e+01,7.0729e+01,7.1370e+01,7.2257e+01,7.2777e+01,7.2638e+01,7.3060e+01,7.3113e+01,7.2894e+01,7.2825e+01,7.3731e+01,7.3315e+01,7.2508e+01,7.3336e+01,7.3997e+01,7.3335e+01,7.3198e+01,7.4277e+01,7.4562e+01,7.3978e+01,7.5426e+01,7.6764e+01,7.5954e+01,7.6705e+01,7.8331e+01,7.9729e+01,8.1755e+01,8.3499e+01,8.6007e+01,8.7145e+01,8.8878e+01,9.0513e+01,9.2391e+01,9.2267e+01,9.4612e+01,9.6062e+01,9.7503e+01,9.7530e+01,9.9528e+01,1.0046e+02,1.0213e+02,1.0396e+02,1.0556e+02,1.0420e+02,1.0388e+02,1.0273e+02,1.0009e+02,9.8922e+01,9.6430e+01,9.5074e+01,9.3337e+01,9.1156e+01,8.7932e+01,8.6888e+01,8.4841e+01,8.1755e+01,8.0909e+01,8.2811e+01,8.2214e+01,8.3132e+01,8.2051e+01,7.9094e+01,7.7082e+01,7.3938e+01,7.1842e+01,7.0171e+01,6.9969e+01,6.8289e+01,6.6152e+01,6.3836e+01,6.0801e+01,5.9141e+01,5.6189e+01,5.4119e+01,5.1714e+01,5.1897e+01,4.9332e+01,4.9051e+01,4.7843e+01,4.9648e+01,4.7591e+01,4.5291e+01,4.5757e+01,4.6148e+01,4.5439e+01,4.4963e+01,4.3990e+01,4.2366e+01,4.0057e+01,3.8628e+01,3.7016e+01,3.6550e+01,3.5542e+01,3.5982e+01,3.7006e+01,3.7726e+01,3.7270e+01,3.6898e+01,3.5289e+01,3.5068e+01,3.4792e+01,3.3631e+01,3.3560e+01,3.4124e+01,3.5124e+01,3.5667e+01,3.6591e+01,3.7841e+01,3.9017e+01,4.0770e+01,4.2527e+01,4.4042e+01,4.5631e+01,4.6730e+01,4.7367e+01,4.8546e+01,4.9784e+01,5.1067e+01,5.2452e+01,5.3919e+01,5.5474e+01,5.6985e+01,5.8398e+01,6.0088e+01,6.0896e+01,6.1934e+01,6.3213e+01,6.3826e+01,6.4711e+01,6.4557e+01,6.4196e+01
7.1756e+01,7.1316e+01,7.1972e+01,7.2858e+01,7.3414e+01,7.3289e+01,7.3731e+01,7.3807e+01,7.3581e+01,7.3511e+01,7.4411e+01,7.3962e+01,7.3136e+01,7.3970e+01,7.4620e+01,7.3921e+01,7.3774e+01,7.4850e+01,7.5123e+01,7.4511e+01,7.5942e+01,7.7300e+01,7.6526e+01,7.7275e+01,7.8877e+01,8.0270e+01,8.2299e+01,8.4041e+01,8.6562e+01,8.7703e+01,8.9443e+01,9.1072e+01,9.2947e+01,9.2817e+01,9.5152e+01,9.6595e+01,9.8040e+01,9.8046e+01,1.0004e+02,1.0096e+02,1.0265e+02,1.0450e+02,1.0611e+02,1.0477e+02,1.0447e+02,1.0333e+02,1.0069e+02,9.9545e+01,9.7079e+01,9.5710e+01,9.3924e+01,9.1716e+01,8.8480e+01,8.7394e+01,8.5302e+01,8.2213e+01,8.1321e+01,8.3189e+01,8.2544e+01,8.3465e+01,8.2341e+01,7.9353e+01,7.7355e+01,7.4187e+01,7.2107e+01,7.0485e+01,7.0267e+01,6.8632e+01,6.6525e+01,6.4190e+01,6.1178e+01,5.9526e+01,5.6603e+01,5.4511e+01,5.2161e+01,5.2403e+01,4.9894e+01,4.9707e+01,4.8484e+01,5.0276e+01,4.8237e+01,4.6006e+01,4.6593e+01,4.7009e+01,4.6392e+01,4.5896e+01,4.4834e+01,4.3201e+01,4.0880e+01,3.9430e+01,3.7883e+01,3.7545e+01,3.6565e+01,3.7118e+01,3.8160e+01,3.8970e+01,3.8522e+01,3.8066e+01,3.6379e+01,3.6108e+01,3.5712e+01,3.4432e+01,3.4270e+01,3.4678e+01,3.5577e+01,3.5984e+01,3.6816e+01,3.8001e+01,3.9090e+01,4.0786e+01,4.2477e+01,4.3956e+01,4.5505e+01,4.6578e+01,4.7203e+01,4.8369e+01,4.9587e+01,5.0853e+01,5.2218e+01,5.3671e+01,5.5204e+01,5.6698e+01,5.8097e+01,5.9771e+01,6.0573e+01,6.1610e+01,6.2883e+01,6.3497e+01,6.4381e+01,6.4229e+01,6.3869e+01
7.1717e+01,7.1265e+01,7.1934e+01,7.2810e+01,7.3385e+01,7.3256e+01,7.3721e+01,7.3813e+01,7.3593e+01,7.3518e+01,7.4430e+01,7.3969e+01,7.3125e+01,7.3965e+01,7.4625e+01,7.3909e+01,7.3750e+01,7.4838e+01,7.5113e+01,7.4480e+01,7.5906e+01,7.7282e+01,7.6511e+01,7.7227e+01,7.8812e+01,8.0192e+01,8.2221e+01,8.3959e+01,8.6493e+01,8.7617e+01,8.9365e+01,9.0983e+01,9.2853e+01,9.2733e+01,9.5073e+01,9.6511e+01,9.7970e+01,9.7970e+01,9.9976e+01,1.0091e+02,1.0262e+02,1.0446e+02,1.0611e+02,1.0480e+02,1.0454e+02,1.0342e+02,1.0081e+02,9.9708e+01,9.7270e+01,9.5922e+01,9.4099e+01,9.1889e+01,8.8632e+01,8.7484e+01,8.5363e+01,8.2254e+01,8.1307e+01,8.3124e+01,8.2423e+01,8.3295e+01,8.2118e+01,7.9109e+01,7.7088e+01,7.3893e+01,7.1790e+01,7.0217e+01,7.0044e+01,6.8468e+01,6.6356e+01,6.3971e+01,6.0964e+01,5.9272e+01,5.6364e+01,5.4223e+01,5.1909e+01,5.2233e+01,4.9760e+01,4.9618e+01,4.8349e+01,5.0096e+01,4.8064e+01,4.5898e+01,4.6562e+01,4.6982e+01,4.6450e+01,4.5949e+01,4.4840e+01,4.3247e+01,4.0986e+01,3.9552e+01,3.8119e+01,3.7883e+01,3.7019e+01,3.7691e+01,3.8744e+01,3.9642e+01,3.9304e+01,3.8868e+01,3.7218e+01,3.6999e+01,3.6583e+01,3.5318e+01,3.5148e+01,3.5504e+01,3.6374e+01,3.6734e+01,3.7545e+01,3.8701e+01,3.9737e+01,4.1382e+01,4.3022e+01,4.4453e+01,4.5959e+01,4.7002e+01,4.7613e+01,4.8752e+01,4.9953e+01,5.1209e+01,5.2557e+01,5.3987e+01,5.5491e+01,5.6966e+01,5.8346e+01,6.0002e+01,6.0797e+01,6.1828e+01,6.3094e+01,6.3710e+01,6.4588e+01,6.4439e+01,6.4082e+01
7.1993e+01,7.1535e+01,7.2205e+01,7.3087e+01,7.3684e+01,7.3572e+01,7.4052e+01,7.4178e+01,7.3969e+01,7.3908e+01,7.4798e+01,7.4308e+01,7.3474e+01,7.4319e+01,7.4951e+01,7.4212e+01,7.4069e+01,7.5149e+01,7.5395e+01,7.4743e+01,7.6147e+01,7.7522e+01,7.6781e+01,7.7491e+01,7.9049e+01,8.0418e+01,8.2439e+01,8.4165e+01,8.6691e+01,8.7815e+01,8.9563e+01,9.1169e+01,9.3040e+01,9.2919e+01,9.5243e+01,9.6671e+01,9.8124e+01,9.8102e+01,1.0010e+02,1.0100e+02,1.0270e+02,1.0454e+02,1.0618e+02,1.0489e+02,1.0464e+02,1.0352e+02,1.0091e+02,9.9807e+01,9.7389e+01,9.6027e+01,9.4188e+01,9.1974e+01,8.8731e+01,8.7582e+01,8.5460e+01,8.2380e+01,8.1433e+01,8.3233e+01,8.2527e+01,8.3414e+01,8.2236e+01,7.9238e+01,7.7238e+01,7.4061e+01,7.1991e+01,7.0443e+01,7.0247e+01,6.8686e+01,6.6616e+01,6.4266e+01,6.1307e+01,5.9673e+01,5.6825e+01,5.4717e+01,5.2489e+01,5.2834e+01,5.0458e+01,5.0401e+01,4.9176e+01,5.0893e+01,4.8936e+01,4.6881e+01,4.7634e+01,4.8112e+01,4.7713e+01,4.7256e+01,4.6141e+01,4.4632e+01,4.2445e+01,4.1001e+01,3.9681e+01,3.9518e+01,3.8775e+01,3.9536e+01,4.0602e+01,4.1530e+01,4.1248e+01,4.0881e+01,3.9286e+01,3.9083e+01,3.8682e+01,3.7418e+01,3.7205e+01,3.7542e+01,3.8380e+01,3.8708e+01,3.9465e+01,4.0571e+01,4.1564e+01,4.3171e+01,4.4746e+01,4.6141e+01,4.7596e+01,4.8613e+01,4.9207e+01,5.0321e+01,5.1486e+01,5.2717e+01,5.4033e+01,5.5427e+01,5.6897e+01,5.8343e+01,5.9695e+01,6.1322e+01,6.2101e+01,6.3113e+01,6.4356e+01,6.4963e+01,6.5823e+01,6.5677e+01,6.5327e+01
7.0901e+01,7.0455e+01,7.1118e+01,7.2001e+01,7.2594e+01,7.2477e+01,7.2964e+01,7.3096e+01,7.2926e+01,7.2865e+01,7.3769e+01,7.3284e+01,7.2457e+01,7.3312e+01,7.3951e+01,7.3219e+01,7.3088e+01,7.4182e+01,7.4424e+01,7.3768e+01,7.5187e+01,7.6528e+01,7.5753e+01,7.6447e+01,7.8013e+01,7.9400e+01,8.1424e+01,8.3166e+01,8.5691e+01,8.6821e+01,8.8579e+01,9.0193e+01,9.2078e+01,9.1968e+01,9.4306e+01,9.5758e+01,9.7213e+01,9.7220e+01,9.9221e+01,1.0015e+02,1.0184e+02,1.0366e+02,1.0528e+02,1.0398e+02,1.0370e+02,1.0259e+02,9.9971e+01,9.8873e+01,9.6437e+01,9.5090e+01,9.3275e+01,9.1079e+01,8.7829e+01,8.6694e+01,8.4606e+01,8.1515e+01,8.0578e+01,8.2401e+01,8.1719e+01,8.2585e+01,8.1433e+01,7.8452e+01,7.6396e+01,7.3217e+01,7.1093e+01,6.9494e+01,6.9336e+01,6.7731e+01,6.5604e+01,6.3237e+01,6.0246e+01,5.8582e+01,5.5713e+01,5.3608e+01,5.1347e+01,5.1682e+01,4.9277e+01,4.9161e+01,4.7918e+01,4.9619e+01,4.7634e+01,4.5546e+01,4.6252e+01,4.6713e+01,4.6306e+01,4.5864e+01,4.4779e+01,4.3296e+01,4.1142e+01,3.9730e+01,3.8435e+01,3.8261e+01,3.7569e+01,3.8316e+01,3.9361e+01,4.0274e+01,4.0059e+01,3.9765e+01,3.8257e+01,3.8079e+01,3.7725e+01,3.6554e+01,3.6351e+01,3.6810e+01,3.7692e+01,3.8104e+01,3.8964e+01,4.0131e+01,4.1202e+01,4.2870e+01,4.4511e+01,4.5928e+01,4.7422e+01,4.8449e+01,4.9047e+01,5.0174e+01,5.1357e+01,5.2604e+01,5.3939e+01,5.5347e+01,5.6832e+01,5.8296e+01,5.9667e+01,6.1315e+01,6.2099e+01,6.3110e+01,6.4359e+01,6.4968e+01,6.5830e+01,6.5682e+01,6.5328e+01
7.0374e+01,6.9940e+01,7.0601e+01,7.1462e+01,7.2036e+01,7.1893e+01,7.2386e+01,7.2494e+01,7.2354e+01,7.2285e+01,7.3219e+01,7.2752e+01,7.1920e+01,7.2785e+01,7.3450e+01,7.2733e+01,7.2600e+01,7.3714e+01,7.3969e+01,7.3324e+01,7.4761e+01,7.6079e+01,7.5260e+01,7.5935e+01,7.7525e+01,7.8928e+01,8.0956e+01,8.2714e+01,8.5241e+01,8.6363e+01,8.8128e+01,8.9745e+01,9.1627e+01,9.1533e+01,9.3901e+01,9.5373e+01,9.6847e+01,9.6892e+01,9.8921e+01,9.9895e+01,1.0159e+02,1.0339e+02,1.0502e+02,1.0371e+02,1.0340e+02,1.0230e+02,9.9705e+01,9.8623e+01,9.6161e+01,9.4854e+01,9.3059e+01,9.0891e+01,8.7622e+01,8.6479e+01,8.4408e+01,8.1286e+01,8.0337e+01,8.2163e+01,8.1481e+01,8.2297e+01,8.1146e+01,7.8169e+01,7.6051e+01,7.2855e+01,7.0660e+01,6.9024e+01,6.8935e+01,6.7308e+01,6.5105e+01,6.2677e+01,5.9631e+01,5.7876e+01,5.4954e+01,5.2808e+01,5.0474e+01,5.0819e+01,4.8337e+01,4.8128e+01,4.6818e+01,4.8492e+01,4.6439e+01,4.4285e+01,4.4918e+01,4.5307e+01,4.4829e+01,4.4345e+01,4.3262e+01,4.1747e+01,3.9612e+01,3.8263e+01,3.6952e+01,3.6746e+01,3.6058e+01,3.6759e+01,3.7729e+01,3.8615e+01,3.8488e+01,3.8215e+01,3.6792e+01,3.6651e+01,3.6349e+01,3.5276e+01,3.5129e+01,3.5665e+01,3.6595e+01,3.7073e+01,3.8013e+01,3.9223e+01,4.0355e+01,4.2036e+01,4.3724e+01,4.5134e+01,4.6656e+01,4.7677e+01,4.8269e+01,4.9390e+01,5.0585e+01,5.1845e+01,5.3193e+01,5.4606e+01,5.6098e+01,5.7571e+01,5.8951e+01,6.0611e+01,6.1402e+01,6.2415e+01,6.3673e+01,6.4290e+01,6.5158e+01,6.5009e+01,6.4654e+01
6.9104e+01,6.8692e+01,6.9340e+01,7.0191e+01,7.0739e+01,7.0570e+01,7.1055e+01,7.1143e+01,7.1030e+01,7.0958e+01,7.1921e+01,7.1475e+01,7.0644e+01,7.1523e+01,7.2214e+01,7.1516e+01,7.1389e+01,7.2531e+01,7.2800e+01,7.2164e+01,7.3638e+01,7.4927e+01,7.4051e+01,7.4719e+01,7.6338e+01,7.7766e+01,7.9798e+01,8.1576e+01,8.4106e+01,8.5242e+01,8.7017e+01,8.8656e+01,9.0554e+01,9.0474e+01,9.2854e+01,9.4343e+01,9.5807e+01,9.5874e+01,9.7902e+01,9.8906e+01,1.0057e+02,1.0236e+02,1.0397e+02,1.0264e+02,1.0229e+02,1.0119e+02,9.8599e+01,9.7519e+01,9.5033e+01,9.3757e+01,9.2000e+01,8.9861e+01,8.6587e+01,8.5466e+01,8.3442e+01,8.0303e+01,7.9383e+01,8.1251e+01,8.0613e+01,8.1413e+01,8.0307e+01,7.7355e+01,7.5182e+01,7.1991e+01,6.9736e+01,6.8021e+01,6.7971e+01,6.6274e+01,6.3999e+01,6.1556e+01,5.8453e+01,5.6651e+01,5.3679e+01,5.1538e+01,4.9132e+01,4.9445e+01,4.6900e+01,4.6588e+01,4.5254e+01,4.6915e+01,4.4819e+01,4.2596e+01,4.3131e+01,4.3481e+01,4.2942e+01,4.2464e+01,4.1436e+01,3.9931e+01,3.7807e+01,3.6477e+01,3.5147e+01,3.4890e+01,3.4226e+01,3.4886e+01,3.5840e+01,3.6703e+01,3.6630e+01,3.6448e+01,3.5118e+01,3.5047e+01,3.4835e+01,3.3892e+01,3.3822e+01,3.4530e+01,3.5552e+01,3.6159e+01,3.7230e+01,3.8533e+01,3.9757e+01,4.1512e+01,4.3284e+01,4.4727e+01,4.6295e+01,4.7330e+01,4.7930e+01,4.9069e+01,5.0290e+01,5.1573e+01,5.2948e+01,5.4382e+01,5.5901e+01,5.7399e+01,5.8806e+01,6.0495e+01,6.1295e+01,6.2313e+01,6.3580e+01,6.4199e+01,6.5072e+01,6.4921e+01,6.4561e+01
6.8284e+01,6.7873e+01,6.8509e+01,6.9348e+01,6.9865e+01,6.9673e+01,7.0141e+01,7.0197e+01,7.0106e+01,7.0021e+01,7.1021e+01,7.0613e+01,6.9778e+01,7.0666e+01,7.1396e+01,7.0728e+01,7.0599e+01,7.1767e+01,7.2066e+01,7.1443e+01,7.2947e+01,7.4232e+01,7.3300e+01,7.3941e+01,7.5584e+01,7.7025e+01,7.9066e+01,8.0861e+01,8.3406e+01,8.4536e+01,8.6319e+01,8.7965e+01,8.9867e+01,8.9785e+01,9.2183e+01,9.3695e+01,9.5181e+01,9.5290e+01,9.7345e+01,9.8397e+01,1.0007e+02,1.0184e+02,1.0346e+02,1.0213e+02,1.0177e+02,1.0068e+02,9.8105e+01,9.7038e+01,9.4538e+01,9.3287e+01,9.1540e+01,8.9412e+01,8.6119e+01,8.4988e+01,8.2976e+01,7.9805e+01,7.8875e+01,8.0743e+01,8.0102e+01,8.0857e+01,7.9743e+01,7.6789e+01,7.4569e+01,7.1363e+01,6.9052e+01,6.7316e+01,6.7325e+01,6.5620e+01,6.3284e+01,6.0791e+01,5.7640e+01,5.5767e+01,5.2747e+01,5.0561e+01,4.8093e+01,4.8427e+01,4.5812e+01,4.5415e+01,4.4022e+01,4.5672e+01,4.3516e+01,4.1220e+01,4.1674e+01,4.1970e+01,4.1348e+01,4.0857e+01,3.9859e+01,3.8344e+01,3.6216e+01,3.4901e+01,3.3547e+01,3.3252e+01,3.2584e+01,3.3213e+01,3.4173e+01,3.5046e+01,3.5005e+01,3.4844e+01,3.3557e+01,3.3521e+01,3.3334e+01,3.2460e+01,3.2462e+01,3.3269e+01,3.4350e+01,3.5033e+01,3.6183e+01,3.7539e+01,3.8818e+01,4.0596e+01,4.2428e+01,4.3878e+01,4.5475e+01,4.6514e+01,4.7125e+01,4.8272e+01,4.9514e+01,5.0814e+01,5.2214e+01,5.3662e+01,5.5200e+01,5.6714e+01,5.8143e+01,5.9854e+01,6.0663e+01,6.1687e+01,6.2964e+01,6.3589e+01,6.4472e+01,6.4321e+01,6.3961e+01
6.8299e+01,6.7893e+01,6.8534e+01,6.9358e+01,6.9869e+01,6.9657e+01,7.0116e+01,7.0150e+01,7.0062e+01,6.9945e+01,7.0976e+01,7.0590e+01,6.9722e+01,7.0606e+01,7.1377e+01,7.0717e+01,7.0557e+01,7.1742e+01,7.2079e+01,7.1460e+01,7.2987e+01,7.4287e+01,7.3325e+01,7.3957e+01,7.5620e+01,7.7081e+01,7.9142e+01,8.0956e+01,8.3523e+01,8.4638e+01,8.6429e+01,8.8080e+01,8.9973e+01,8.9882e+01,9.2303e+01,9.3839e+01,9.5346e+01,9.5475e+01,9.7550e+01,9.8636e+01,1.0033e+02,1.0211e+02,1.0374e+02,1.0240e+02,1.0205e+02,1.0097e+02,9.8402e+01,9.7354e+01,9.4852e+01,9.3615e+01,9.1847e+01,8.9711e+01,8.6400e+01,8.5241e+01,8.3208e+01,8.0008e+01,7.9038e+01,8.0892e+01,8.0219e+01,8.0936e+01,7.9791e+01,7.6815e+01,7.4556e+01,7.1315e+01,6.8952e+01,6.7215e+01,6.7271e+01,6.5576e+01,6.3190e+01,6.0623e+01,5.7424e+01,5.5467e+01,5.2399e+01,5.0149e+01,4.7627e+01,4.8009e+01,4.5331e+01,4.4904e+01,4.3425e+01,4.5072e+01,4.2844e+01,4.0499e+01,4.0965e+01,4.1212e+01,4.0545e+01,4.0006e+01,3.8954e+01,3.7377e+01,3.5197e+01,3.3877e+01,3.2496e+01,3.2231e+01,3.1515e+01,3.2160e+01,3.3141e+01,3.4069e+01,3.4028e+01,3.3777e+01,3.2427e+01,3.2344e+01,3.2053e+01,3.1122e+01,3.1082e+01,3.1842e+01,3.2879e+01,3.3542e+01,3.4711e+01,3.6071e+01,3.7363e+01,3.9132e+01,4.0994e+01,4.2439e+01,4.4061e+01,4.5103e+01,4.5719e+01,4.6870e+01,4.8126e+01,4.9441e+01,5.0857e+01,5.2317e+01,5.3867e+01,5.5390e+01,5.6834e+01,5.8560e+01,5.9376e+01,6.0408e+01,6.1696e+01,6.2328e+01,6.3221e+01,6.3074e+01,6.2714e+01
6.7741e+01,6.7344e+01,6.7975e+01,6.8777e+01,6.9256e+01,6.9007e+01,6.9451e+01,6.9445e+01,6.9378e+01,6.9238e+01,7.0310e+01,6.9968e+01,6.9084e+01,6.9970e+01,7.0792e+01,7.0165e+01,6.9988e+01,7.1200e+01,7.1576e+01,7.0980e+01,7.2539e+01,7.3828e+01,7.2809e+01,7.3426e+01,7.5121e+01,7.6599e+01,7.8666e+01,8.0498e+01,8.3081e+01,8.4183e+01,8.5977e+01,8.7648e+01,8.9539e+01,8.9454e+01,9.1901e+01,9.3453e+01,9.4966e+01,9.5128e+01,9.7224e+01,9.8349e+01,1.0004e+02,1.0180e+02,1.0343e+02,1.0208e+02,1.0171e+02,1.0063e+02,9.8089e+01,9.7052e+01,9.4534e+01,9.3329e+01,9.1584e+01,8.9473e+01,8.6153e+01,8.5001e+01,8.2994e+01,7.9770e+01,7.8802e+01,8.0669e+01,8.0009e+01,8.0682e+01,7.9550e+01,7.6584e+01,7.4270e+01,7.1021e+01,6.8591e+01,6.6806e+01,6.6928e+01,6.5205e+01,6.2744e+01,6.0126e+01,5.6872e+01,5.4827e+01,5.1703e+01,4.9419e+01,4.6814e+01,4.7201e+01,4.4438e+01,4.3903e+01,4.2350e+01,4.3981e+01,4.1679e+01,3.9243e+01,3.9611e+01,3.9780e+01,3.8998e+01,3.8424e+01,3.7397e+01,3.5782e+01,3.3576e+01,3.2279e+01,3.0836e+01,3.0518e+01,2.9745e+01,3.0317e+01,3.1290e+01,3.2214e+01,3.2173e+01,3.1925e+01,3.0612e+01,3.0552e+01,3.0280e+01,2.9424e+01,2.9457e+01,3.0345e+01,3.1445e+01,3.2217e+01,3.3517e+01,3.4951e+01,3.6344e+01,3.8158e+01,4.0116e+01,4.1593e+01,4.3281e+01,4.4331e+01,4.4950e+01,4.6108e+01,4.7384e+01,4.8717e+01,5.0158e+01,5.1638e+01,5.3210e+01,5.4750e+01,5.6212e+01,5.7959e+01,5.8786e+01,5.9822e+01,6.1119e+01,6.1757e+01,6.2655e+01,6.2510e+01,6.2150e+01
6.7412e+01,6.7021e+01,6.7643e+01,6.8425e+01,6.8877e+01,6.8588e+01,6.9008e+01,6.8963e+01,6.8896e+01,6.8723e+01,6.9841e+01,6.9540e+01,6.8625e+01,6.9509e+01,7.0390e+01,6.9785e+01,6.9578e+01,7.0820e+01,7.1243e+01,7.0659e+01,7.2261e+01,7.3553e+01,7.2475e+01,7.3071e+01,7.4793e+01,7.6284e+01,7.8364e+01,8.0205e+01,8.2804e+01,8.3893e+01,8.5696e+01,8.7383e+01,8.9259e+01,8.9178e+01,9.1641e+01,9.3212e+01,9.4735e+01,9.4927e+01,9.7038e+01,9.8205e+01,9.9893e+01,1.0165e+02,1.0328e+02,1.0195e+02,1.0156e+02,1.0051e+02,9.7991e+01,9.6978e+01,9.4458e+01,9.3290e+01,9.1558e+01,8.9470e+01,8.6141e+01,8.4969e+01,8.2966e+01,7.9711e+01,7.8728e+01,8.0589e+01,7.9924e+01,8.0533e+01,7.9399e+01,7.6441e+01,7.4064e+01,7.0803e+01,6.8296e+01,6.6486e+01,6.6694e+01,6.4969e+01,6.2436e+01,5.9756e+01,5.6449e+01,5.4302e+01,5.1125e+01,4.8795e+01,4.6115e+01,4.6536e+01,4.3699e+01,4.3057e+01,4.1406e+01,4.2996e+01,4.0613e+01,3.8106e+01,3.8403e+01,3.8500e+01,3.7643e+01,3.7040e+01,3.6021e+01,3.4381e+01,3.2157e+01,3.0877e+01,2.9404e+01,2.9075e+01,2.8271e+01,2.8815e+01,2.9758e+01,3.0679e+01,3.0657e+01,3.0387e+01,2.9088e+01,2.9022e+01,2.8736e+01,2.7947e+01,2.8007e+01,2.8957e+01,3.0092e+01,3.0952e+01,3.2357e+01,3.3863e+01,3.5336e+01,3.7185e+01,3.9218e+01,4.0702e+01,4.2429e+01,4.3478e+01,4.4097e+01,4.5259e+01,4.6549e+01,4.7903e+01,4.9365e+01,5.0859e+01,5.2450e+01,5.4005e+01,5.5486e+01,5.7252e+01,5.8087e+01,5.9128e+01,6.0435e+01,6.1079e+01,6.1985e+01,6.1844e+01,6.1487e+01
6.7099e+01,6.6733e+01,6.7365e+01,6.8133e+01,6.8563e+01,6.8230e+01,6.8629e+01,6.8535e+01,6.8444e+01,6.8234e+01,6.9391e+01,6.9112e+01,6.8143e+01,6.9021e+01,6.9959e+01,6.9355e+01,6.9099e+01,7.0367e+01,7.0848e+01,7.0289e+01,7.1923e+01,7.3244e+01,7.2151e+01,7.2782e+01,7.4544e+01,7.6071e+01,7.8174e+01,8.0027e+01,8.2642e+01,8.3735e+01,8.5542e+01,8.7252e+01,8.9106e+01,8.9027e+01,9.1510e+01,9.3067e+01,9.4565e+01,9.4739e+01,9.6846e+01,9.8018e+01,9.9704e+01,1.0148e+02,1.0311e+02,1.0175e+02,1.0135e+02,1.0028e+02,9.7773e+01,9.6764e+01,9.4231e+01,9.3070e+01,9.1334e+01,8.9247e+01,8.5912e+01,8.4745e+01,8.2733e+01,7.9461e+01,7.8474e+01,8.0360e+01,7.9702e+01,8.0319e+01,7.9198e+01,7.6231e+01,7.3847e+01,7.0568e+01,6.8036e+01,6.6186e+01,6.6391e+01,6.4627e+01,6.2058e+01,5.9337e+01,5.5969e+01,5.3751e+01,5.0500e+01,4.8144e+01,4.5354e+01,4.5744e+01,4.2801e+01,4.2117e+01,4.0405e+01,4.2048e+01,3.9594e+01,3.6998e+01,3.7293e+01,3.7370e+01,3.6432e+01,3.5787e+01,3.4727e+01,3.2997e+01,3.0641e+01,2.9272e+01,2.7669e+01,2.7318e+01,2.6420e+01,2.6997e+01,2.8036e+01,2.9043e+01,2.8996e+01,2.8702e+01,2.7344e+01,2.7347e+01,2.7060e+01,2.6287e+01,2.6392e+01,2.7404e+01,2.8605e+01,2.9560e+01,3.1030e+01,3.2618e+01,3.4175e+01,3.6086e+01,3.8198e+01,3.9726e+01,4.1505e+01,4.2559e+01,4.3174e+01,4.4351e+01,4.5655e+01,4.7031e+01,4.8512e+01,5.0030e+01,5.1642e+01,5.3213e+01,5.4709e+01,5.6491e+01,5.7335e+01,5.8385e+01,5.9699e+01,6.0345e+01,6.1258e+01,6.1119e+01,6.0759e+01
6.7531e+01,6.7181e+01,6.7807e+01,6.8560e+01,6.8987e+01,6.8628e+01,6.9019e+01,6.8892e+01,6.8787e+01,6.8542e+01,6.9732e+01,6.9483e+01,6.8475e+01,6.9346e+01,7.0333e+01,6.9739e+01,6.9444e+01,7.0729e+01,7.1253e+01,7.0708e+01,7.2361e+01,7.3694e+01,7.2582e+01,7.3212e+01,7.5001e+01,7.6532e+01,7.8638e+01,8.0490e+01,8.3112e+01,8.4193e+01,8.6007e+01,8.7715e+01,8.9554e+01,8.9476e+01,9.1975e+01,9.3541e+01,9.5045e+01,9.5227e+01,9.7352e+01,9.8557e+01,1.0026e+02,1.0205e+02,1.0369e+02,1.0232e+02,1.0192e+02,1.0085e+02,9.8354e+01,9.7359e+01,9.4819e+01,9.3681e+01,9.1948e+01,8.9869e+01,8.6525e+01,8.5339e+01,8.3310e+01,8.0010e+01,7.9003e+01,8.0884e+01,8.0208e+01,8.0795e+01,7.9659e+01,7.6676e+01,7.4270e+01,7.0967e+01,6.8394e+01,6.6540e+01,6.6784e+01,6.5026e+01,6.2421e+01,5.9641e+01,5.6228e+01,5.3914e+01,5.0602e+01,4.8167e+01,4.5291e+01,4.5737e+01,4.2711e+01,4.1974e+01,4.0126e+01,4.1747e+01,3.9172e+01,3.6480e+01,3.6749e+01,3.6718e+01,3.5666e+01,3.4911e+01,3.3765e+01,3.1906e+01,2.9441e+01,2.8073e+01,2.6384e+01,2.6058e+01,2.5038e+01,2.5604e+01,2.6627e+01,2.7691e+01,2.7601e+01,2.7177e+01,2.5770e+01,2.5757e+01,2.5353e+01,2.4586e+01,2.4685e+01,2.5657e+01,2.6852e+01,2.7832e+01,2.9349e+01,3.0985e+01,3.2593e+01,3.4516e+01,3.6686e+01,3.8209e+01,4.0024e+01,4.1066e+01,4.1668e+01,4.2850e+01,4.4170e+01,4.5564e+01,4.7059e+01,4.8594e+01,5.0220e+01,5.1803e+01,5.3314e+01,5.5110e+01,5.5964e+01,5.7025e+01,5.8355e+01,5.9012e+01,5.9940e+01,5.9805e+01,5.9445e+01
6.7024e+01,6.6693e+01,6.7313e+01,6.8052e+01,6.8456e+01,6.8062e+01,6.8441e+01,6.8271e+01,6.8166e+01,6.7887e+01,6.9126e+01,6.8919e+01,6.7872e+01,6.8742e+01,6.9795e+01,6.9221e+01,6.8889e+01,7.0210e+01,7.0794e+01,7.0265e+01,7.1963e+01,7.3313e+01,7.2152e+01,7.2773e+01,7.4592e+01,7.6140e+01,7.8268e+01,8.0141e+01,8.2779e+01,8.3847e+01,8.5669e+01,8.7391e+01,8.9221e+01,8.9136e+01,9.1648e+01,9.3228e+01,9.4731e+01,9.4924e+01,9.7065e+01,9.8291e+01,9.9987e+01,1.0178e+02,1.0343e+02,1.0204e+02,1.0162e+02,1.0056e+02,9.8073e+01,9.7090e+01,9.4543e+01,9.3434e+01,9.1713e+01,8.9652e+01,8.6305e+01,8.5112e+01,8.3085e+01,7.9766e+01,7.8759e+01,8.0641e+01,7.9970e+01,8.0521e+01,7.9392e+01,7.6413e+01,7.3965e+01,7.0652e+01,6.8024e+01,6.6134e+01,6.6432e+01,6.4656e+01,6.1996e+01,5.9172e+01,5.5709e+01,5.3302e+01,4.9930e+01,4.7449e+01,4.4484e+01,4.4963e+01,4.1854e+01,4.1021e+01,3.9058e+01,4.0646e+01,3.7972e+01,3.5188e+01,3.5406e+01,3.5288e+01,3.4141e+01,3.3312e+01,3.2132e+01,3.0189e+01,2.7629e+01,2.6228e+01,2.4435e+01,2.4097e+01,2.3020e+01,2.3621e+01,2.4610e+01,2.5742e+01,2.5701e+01,2.5263e+01,2.3914e+01,2.4010e+01,2.3627e+01,2.3015e+01,2.3220e+01,2.4285e+01,2.5605e+01,2.6748e+01,2.8403e+01,3.0176e+01,3.1910e+01,3.3901e+01,3.6181e+01,3.7732e+01,3.9589e+01,4.0635e+01,4.1229e+01,4.2420e+01,4.3758e+01,4.5175e+01,4.6691e+01,4.8247e+01,4.9891e+01,5.1489e+01,5.3013e+01,5.4819e+01,5.5682e+01,5.6749e+01,5.8087e+01,5.8745e+01,5.9679e+01,5.9542e+01,5.9178e+01
6.7159e+01,6.6828e+01,6.7436e+01,6.8153e+01,6.8531e+01,6.8095e+01,6.8482e+01,6.8276e+01,6.8195e+01,6.7906e+01,6.9191e+01,6.9009e+01,6.7941e+01,6.8829e+01,6.9926e+01,6.9364e+01,6.9019e+01,7.0374e+01,7.0985e+01,7.0450e+01,7.2162e+01,7.3495e+01,7.2294e+01,7.2873e+01,7.4702e+01,7.6256e+01,7.8372e+01,8.0255e+01,8.2894e+01,8.3931e+01,8.5756e+01,8.7470e+01,8.9291e+01,8.9211e+01,9.1739e+01,9.3352e+01,9.4881e+01,9.5118e+01,9.7293e+01,9.8565e+01,1.0027e+02,1.0206e+02,1.0372e+02,1.0233e+02,1.0189e+02,1.0084e+02,9.8374e+01,9.7415e+01,9.4864e+01,9.3796e+01,9.2085e+01,9.0049e+01,8.6695e+01,8.5486e+01,8.3466e+01,8.0124e+01,7.9090e+01,8.0951e+01,8.0259e+01,8.0744e+01,7.9596e+01,7.6624e+01,7.4128e+01,7.0809e+01,6.8123e+01,6.6231e+01,6.6608e+01,6.4850e+01,6.2140e+01,5.9259e+01,5.5773e+01,5.3269e+01,4.9876e+01,4.7345e+01,4.4332e+01,4.4879e+01,4.1735e+01,4.0837e+01,3.8745e+01,4.0245e+01,3.7488e+01,3.4671e+01,3.4862e+01,3.4610e+01,3.3388e+01,3.2455e+01,3.1211e+01,2.9204e+01,2.6649e+01,2.5338e+01,2.3551e+01,2.3259e+01,2.2157e+01,2.2738e+01,2.3649e+01,2.4829e+01,2.4857e+01,2.4334e+01,2.3063e+01,2.3211e+01,2.2782e+01,2.2284e+01,2.2544e+01,2.3638e+01,2.4966e+01,2.6183e+01,2.7927e+01,2.9726e+01,3.1518e+01,3.3481e+01,3.5784e+01,3.7290e+01,3.9157e+01,4.0180e+01,4.0756e+01,4.1927e+01,4.3255e+01,4.4662e+01,4.6168e+01,4.7714e+01,4.9349e+01,5.0941e+01,5.2461e+01,5.4264e+01,5.5128e+01,5.6189e+01,5.7524e+01,5.8187e+01,5.9125e+01,5.8990e+01,5.8628e+01
6.7816e+01,6.7497e+01,6.8095e+01,6.8798e+01,6.9166e+01,6.8700e+01,6.9082e+01,6.8843e+01,6.8761e+01,6.8444e+01,6.9759e+01,6.9608e+01,6.8513e+01,6.9393e+01,7.0534e+01,6.9986e+01,6.9612e+01,7.0986e+01,7.1636e+01,7.1107e+01,7.2835e+01,7.4168e+01,7.2938e+01,7.3508e+01,7.5354e+01,7.6917e+01,7.9031e+01,8.0922e+01,8.3560e+01,8.4579e+01,8.6400e+01,8.8111e+01,8.9917e+01,8.9832e+01,9.2372e+01,9.4002e+01,9.5539e+01,9.5791e+01,9.7978e+01,9.9274e+01,1.0099e+02,1.0279e+02,1.0445e+02,1.0305e+02,1.0259e+02,1.0154e+02,9.9084e+01,9.8141e+01,9.5589e+01,9.4548e+01,9.2843e+01,9.0819e+01,8.7471e+01,8.6254e+01,8.4232e+01,8.0885e+01,7.9830e+01,8.1680e+01,8.0971e+01,8.1420e+01,8.0258e+01,7.7284e+01,7.4765e+01,7.1439e+01,6.8720e+01,6.6831e+01,6.7253e+01,6.5508e+01,6.2768e+01,5.9844e+01,5.6343e+01,5.3759e+01,5.0346e+01,4.7775e+01,4.4712e+01,4.5312e+01,4.2130e+01,4.1180e+01,3.8965e+01,4.0393e+01,3.7538e+01,3.4668e+01,3.4831e+01,3.4426e+01,3.3101e+01,3.2019e+01,3.0663e+01,2.8515e+01,2.5893e+01,2.4664e+01,2.2833e+01,2.2617e+01,2.1397e+01,2.1937e+01,2.2747e+01,2.3963e+01,2.3986e+01,2.3320e+01,2.2062e+01,2.2199e+01,2.1673e+01,2.1264e+01,2.1526e+01,2.2564e+01,2.3873e+01,2.5151e+01,2.6977e+01,2.8834e+01,3.0707e+01,3.2680e+01,3.5050e+01,3.6533e+01,3.8424e+01,3.9424e+01,3.9973e+01,4.1129e+01,4.2456e+01,4.3868e+01,4.5377e+01,4.6926e+01,4.8558e+01,5.0147e+01,5.1666e+01,5.3470e+01,5.4340e+01,5.5402e+01,5.6739e+01,5.7404e+01,5.8344e+01,5.8210e+01,5.7850e+01
6.7826e+01,6.7509e+01,6.8090e+01,6.8764e+01,6.9101e+01,6.8596e+01,6.8980e+01,6.8705e+01,6.8632e+01,6.8307e+01,6.9644e+01,6.9527e+01,6.8434e+01,6.9314e+01,7.0484e+01,6.9965e+01,6.9588e+01,7.0976e+01,7.1650e+01,7.1128e+01,7.2849e+01,7.4157e+01,7.2902e+01,7.3452e+01,7.5308e+01,7.6857e+01,7.8941e+01,8.0832e+01,8.3468e+01,8.4465e+01,8.6286e+01,8.8002e+01,8.9803e+01,8.9720e+01,9.2281e+01,9.3930e+01,9.5477e+01,9.5749e+01,9.7952e+01,9.9273e+01,1.0100e+02,1.0278e+02,1.0444e+02,1.0303e+02,1.0257e+02,1.0153e+02,9.9101e+01,9.8190e+01,9.5641e+01,9.4650e+01,9.2964e+01,9.0979e+01,8.7640e+01,8.6423e+01,8.4425e+01,8.1072e+01,7.9998e+01,8.1833e+01,8.1115e+01,8.1508e+01,8.0340e+01,7.7382e+01,7.4828e+01,7.1512e+01,6.8750e+01,6.6854e+01,6.7343e+01,6.5609e+01,6.2824e+01,5.9860e+01,5.6354e+01,5.3690e+01,5.0275e+01,4.7684e+01,4.4588e+01,4.5230e+01,4.2032e+01,4.1017e+01,3.8703e+01,4.0029e+01,3.7124e+01,3.4254e+01,3.4379e+01,3.3837e+01,3.2448e+01,3.1257e+01,2.9844e+01,2.7643e+01,2.5070e+01,2.3987e+01,2.2210e+01,2.2097e+01,2.0887e+01,2.1428e+01,2.2125e+01,2.3420e+01,2.3548e+01,2.2817e+01,2.1697e+01,2.1951e+01,2.1443e+01,2.1225e+01,2.1618e+01,2.2666e+01,2.4033e+01,2.5412e+01,2.7310e+01,2.9196e+01,3.1113e+01,3.3072e+01,3.5450e+01,3.6885e+01,3.8763e+01,3.9724e+01,4.0244e+01,4.1368e+01,4.2672e+01,4.4059e+01,4.5546e+01,4.7074e+01,4.8680e+01,5.0243e+01,5.1744e+01,5.3527e+01,5.4393e+01,5.5441e+01,5.6765e+01,5.7423e+01,5.8354e+01,5.8224e+01,5.7867e+01
6.8612e+01,6.8283e+01,6.8854e+01,6.9523e+01,6.9843e+01,6.9320e+01,6.9733e+01,6.9453e+01,6.9407e+01,6.9091e+01,7.0442e+01,7.0324e+01,6.9233e+01,7.0127e+01,7.1302e+01,7.0780e+01,7.0409e+01,7.1807e+01,7.2475e+01,7.1942e+01,7.3645e+01,7.4932e+01,7.3672e+01,7.4190e+01,7.6037e+01,7.7582e+01,7.9639e+01,8.1529e+01,8.4152e+01,8.5122e+01,8.6937e+01,8.8635e+01,9.0430e+01,9.0346e+01,9.2923e+01,9.4596e+01,9.6164e+01,9.6462e+01,9.8688e+01,1.0005e+02,1.0178e+02,1.0356e+02,1.0523e+02,1.0381e+02,1.0334e+02,1.0231e+02,9.9901e+01,9.9027e+01,9.6490e+01,9.5541e+01,9.3855e+01,9.1896e+01,8.8565e+01,8.7322e+01,8.5330e+01,8.1972e+01,8.0857e+01,8.2659e+01,8.1905e+01,8.2246e+01,8.1047e+01,7.8090e+01,7.5517e+01,7.2200e+01,6.9411e+01,6.7542e+01,6.8085e+01,6.6387e+01,6.3578e+01,6.0571e+01,5.7080e+01,5.4348e+01,5.0957e+01,4.8352e+01,4.5257e+01,4.5953e+01,4.2770e+01,4.1719e+01,3.9306e+01,4.0502e+01,3.7537e+01,3.4676e+01,3.4779e+01,3.4062e+01,3.2623e+01,3.1264e+01,2.9722e+01,2.7428e+01,2.4921e+01,2.4032e+01,2.2385e+01,2.2451e+01,2.1272e+01,2.1818e+01,2.2370e+01,2.3718e+01,2.3962e+01,2.3152e+01,2.2141e+01,2.2473e+01,2.1932e+01,2.1831e+01,2.2238e+01,2.3188e+01,2.4440e+01,2.5766e+01,2.7588e+01,2.9356e+01,3.1226e+01,3.3101e+01,3.5412e+01,3.6772e+01,3.8616e+01,3.9534e+01,4.0018e+01,4.1106e+01,4.2384e+01,4.3742e+01,4.5200e+01,4.6702e+01,4.8277e+01,4.9813e+01,5.1290e+01,5.3051e+01,5.3911e+01,5.4944e+01,5.6254e+01,5.6908e+01,5.7831e+01,5.7705e+01,5.7357e+01
6.9504e+01,6.9153e+01,6.9714e+01,7.0384e+01,7.0693e+01,7.0170e+01,7.0597e+01,7.0319e+01,7.0291e+01,6.9970e+01,7.1316e+01,7.1204e+01,7.0121e+01,7.1008e+01,7.2176e+01,7.1660e+01,7.1288e+01,7.2674e+01,7.3334e+01,7.2800e+01,7.4475e+01,7.5741e+01,7.4477e+01,7.4971e+01,7.6807e+01,7.8359e+01,8.0388e+01,8.2292e+01,8.4899e+01,8.5823e+01,8.7613e+01,8.9292e+01,9.1067e+01,9.0946e+01,9.3527e+01,9.5243e+01,9.6843e+01,9.7172e+01,9.9422e+01,1.0081e+02,1.0257e+02,1.0435e+02,1.0602e+02,1.0461e+02,1.0412e+02,1.0311e+02,1.0070e+02,9.9843e+01,9.7317e+01,9.6390e+01,9.4705e+01,9.2758e+01,8.9437e+01,8.8181e+01,8.6184e+01,8.2833e+01,8.1683e+01,8.3449e+01,8.2661e+01,8.2964e+01,8.1734e+01,7.8779e+01,7.6199e+01,7.2887e+01,7.0094e+01,6.8265e+01,6.8843e+01,6.7192e+01,6.4384e+01,6.1355e+01,5.7911e+01,5.5152e+01,5.1820e+01,4.9214e+01,4.6187e+01,4.6946e+01,4.3831e+01,4.2804e+01,4.0363e+01,4.1451e+01,3.8509e+01,3.5737e+01,3.5847e+01,3.5012e+01,3.3565e+01,3.2094e+01,3.0464e+01,2.8116e+01,2.5724e+01,2.5046e+01,2.3546e+01,2.3734e+01,2.2581e+01,2.3072e+01,2.3450e+01,2.4764e+01,2.5065e+01,2.4148e+01,2.3197e+01,2.3474e+01,2.2863e+01,2.2790e+01,2.3125e+01,2.3920e+01,2.5031e+01,2.6267e+01,2.8013e+01,2.9702e+01,3.1488e+01,3.3291e+01,3.5527e+01,3.6813e+01,3.8599e+01,3.9470e+01,3.9916e+01,4.0957e+01,4.2191e+01,4.3505e+01,4.4923e+01,4.6392e+01,4.7927e+01,4.9424e+01,5.0868e+01,5.2595e+01,5.3447e+01,5.4462e+01,5.5752e+01,5.6398e+01,5.7306e+01,5.7183e+01,5.6842e+01
7.0063e+01,6.9703e+01,7.0250e+01,7.0912e+01,7.1196e+01,7.0655e+01,7.1101e+01,7.0807e+01,7.0794e+01,7.0493e+01,7.1847e+01,7.1740e+01,7.0673e+01,7.1574e+01,7.2744e+01,7.2234e+01,7.1879e+01,7.3274e+01,7.3923e+01,7.3388e+01,7.5047e+01,7.6292e+01,7.5025e+01,7.5500e+01,7.7338e+01,7.8875e+01,8.0879e+01,8.2780e+01,8.5378e+01,8.6275e+01,8.8064e+01,8.9736e+01,9.1514e+01,9.1390e+01,9.3982e+01,9.5714e+01,9.7329e+01,9.7671e+01,9.9938e+01,1.0135e+02,1.0312e+02,1.0489e+02,1.0658e+02,1.0516e+02,1.0466e+02,1.0366e+02,1.0126e+02,1.0044e+02,9.7919e+01,9.7032e+01,9.5356e+01,9.3438e+01,9.0123e+01,8.8850e+01,8.6864e+01,8.3507e+01,8.2332e+01,8.4071e+01,8.3261e+01,8.3519e+01,8.2270e+01,7.9323e+01,7.6727e+01,7.3422e+01,7.0609e+01,6.8801e+01,6.9429e+01,6.7809e+01,6.4984e+01,6.1928e+01,5.8506e+01,5.5698e+01,5.2397e+01,4.9784e+01,4.6773e+01,4.7578e+01,4.4490e+01,4.3422e+01,4.0916e+01,4.1876e+01,3.8905e+01,3.6163e+01,3.6219e+01,3.5222e+01,3.3716e+01,3.2092e+01,3.0374e+01,2.7952e+01,2.5657e+01,2.5190e+01,2.3802e+01,2.4106e+01,2.2977e+01,2.3443e+01,2.3633e+01,2.4978e+01,2.5379e+01,2.4394e+01,2.3569e+01,2.3904e+01,2.3306e+01,2.3353e+01,2.3728e+01,2.4490e+01,2.5571e+01,2.6820e+01,2.8526e+01,3.0178e+01,3.1911e+01,3.3667e+01,3.5860e+01,3.7114e+01,3.8864e+01,3.9710e+01,4.0136e+01,4.1151e+01,4.2365e+01,4.3657e+01,4.5050e+01,4.6498e+01,4.8006e+01,4.9477e+01,5.0895e+01,5.2595e+01,5.3443e+01,5.4445e+01,5.5720e+01,5.6356e+01,5.7256e+01,5.7135e+01,5.6800e+01
7.1621e+01,7.1233e+01,7.1769e+01,7.2429e+01,7.2712e+01,7.2179e+01,7.2639e+01,7.2354e+01,7.2353e+01,7.2055e+01,7.3391e+01,7.3285e+01,7.2234e+01,7.3123e+01,7.4271e+01,7.3767e+01,7.3415e+01,7.4783e+01,7.5423e+01,7.4885e+01,7.6499e+01,7.7727e+01,7.6479e+01,7.6925e+01,7.8735e+01,8.0257e+01,8.2222e+01,8.4119e+01,8.6696e+01,8.7554e+01,8.9322e+01,9.0959e+01,9.2718e+01,9.2567e+01,9.5162e+01,9.6928e+01,9.8582e+01,9.8948e+01,1.0124e+02,1.0267e+02,1.0446e+02,1.0623e+02,1.0792e+02,1.0651e+02,1.0601e+02,1.0502e+02,1.0262e+02,1.0182e+02,9.9315e+01,9.8436e+01,9.6749e+01,9.4834e+01,9.1535e+01,9.0255e+01,8.8255e+01,8.4918e+01,8.3699e+01,8.5392e+01,8.4535e+01,8.4765e+01,8.3469e+01,8.0516e+01,7.7937e+01,7.4639e+01,7.1847e+01,7.0112e+01,7.0756e+01,6.9207e+01,6.6413e+01,6.3343e+01,5.9992e+01,5.7178e+01,5.3958e+01,5.1340e+01,4.8429e+01,4.9304e+01,4.6308e+01,4.5310e+01,4.2797e+01,4.3667e+01,4.0746e+01,3.8114e+01,3.8205e+01,3.7117e+01,3.5617e+01,3.3896e+01,3.2093e+01,2.9627e+01,2.7442e+01,2.7144e+01,2.5844e+01,2.6225e+01,2.5096e+01,2.5530e+01,2.5609e+01,2.6924e+01,2.7369e+01,2.6318e+01,2.5515e+01,2.5774e+01,2.5108e+01,2.5103e+01,2.5366e+01,2.5893e+01,2.6800e+01,2.7881e+01,2.9422e+01,3.0928e+01,3.2526e+01,3.4159e+01,3.6225e+01,3.7386e+01,3.9052e+01,3.9844e+01,4.0233e+01,4.1198e+01,4.2359e+01,4.3596e+01,4.4933e+01,4.6330e+01,4.7787e+01,4.9211e+01,5.0587e+01,5.2245e+01,5.3077e+01,5.4056e+01,5.5307e+01,5.5934e+01,5.6815e+01,5.6697e+01,5.6370e+01
7.2620e+01,7.2199e+01,7.2724e+01,7.3404e+01,7.3709e+01,7.3209e+01,7.3691e+01,7.3452e+01,7.3459e+01,7.3160e+01,7.4463e+01,7.4337e+01,7.3297e+01,7.4168e+01,7.5281e+01,7.4765e+01,7.4416e+01,7.5749e+01,7.6366e+01,7.5809e+01,7.7377e+01,7.8599e+01,7.7387e+01,7.7802e+01,7.9566e+01,8.1073e+01,8.3011e+01,8.4906e+01,8.7466e+01,8.8288e+01,9.0033e+01,9.1631e+01,9.3368e+01,9.3181e+01,9.5766e+01,9.7567e+01,9.9260e+01,9.9651e+01,1.0196e+02,1.0339e+02,1.0521e+02,1.0697e+02,1.0867e+02,1.0727e+02,1.0678e+02,1.0580e+02,1.0340e+02,1.0260e+02,1.0013e+02,9.9240e+01,9.7529e+01,9.5599e+01,9.2318e+01,9.1030e+01,8.9006e+01,8.5697e+01,8.4434e+01,8.6082e+01,8.5181e+01,8.5399e+01,8.4058e+01,8.1095e+01,7.8538e+01,7.5245e+01,7.2485e+01,7.0818e+01,7.1460e+01,6.9977e+01,6.7225e+01,6.4156e+01,6.0881e+01,5.8097e+01,5.4966e+01,5.2361e+01,4.9573e+01,5.0505e+01,4.7624e+01,4.6747e+01,4.4274e+01,4.5108e+01,4.2287e+01,3.9801e+01,4.0002e+01,3.8947e+01,3.7555e+01,3.5865e+01,3.4037e+01,3.1642e+01,2.9564e+01,2.9295e+01,2.8100e+01,2.8535e+01,2.7483e+01,2.7946e+01,2.8071e+01,2.9373e+01,2.9839e+01,2.8806e+01,2.7960e+01,2.8150e+01,2.7427e+01,2.7298e+01,2.7457e+01,2.7808e+01,2.8579e+01,2.9509e+01,3.0925e+01,3.2305e+01,3.3802e+01,3.5340e+01,3.7297e+01,3.8378e+01,3.9973e+01,4.0721e+01,4.1082e+01,4.2007e+01,4.3116e+01,4.4304e+01,4.5594e+01,4.6946e+01,4.8362e+01,4.9747e+01,5.1089e+01,5.2707e+01,5.3522e+01,5.4477e+01,5.5707e+01,5.6326e+01,5.7192e+01,5.7076e+01,5.6754e+01
7.4212e+01,7.3768e+01,7.4277e+01,7.4959e+01,7.5272e+01,7.4789e+01,7.5277e+01,7.5053e+01,7.5070e+01,7.4763e+01,7.6041e+01,7.5923e+01,7.4900e+01,7.5747e+01,7.6839e+01,7.6336e+01,7.5985e+01,7.7285e+01,7.7895e+01,7.7337e+01,7.8866e+01,8.0077e+01,7.8883e+01,7.9270e+01,8.1006e+01,8.2492e+01,8.4391e+01,8.6275e+01,8.8808e+01,8.9593e+01,9.1314e+01,9.2878e+01,9.4599e+01,9.4388e+01,9.6961e+01,9.8791e+01,1.0052e+02,1.0094e+02,1.0327e+02,1.0471e+02,1.0655e+02,1.0831e+02,1.1001e+02,1.0862e+02,1.0815e+02,1.0716e+02,1.0477e+02,1.0397e+02,1.0152e+02,1.0063e+02,9.8908e+01,9.6974e+01,9.3713e+01,9.2425e+01,9.0384e+01,8.7098e+01,8.5806e+01,8.7410e+01,8.6469e+01,8.6669e+01,8.5287e+01,8.2320e+01,7.9787e+01,7.6505e+01,7.3778e+01,7.2184e+01,7.2831e+01,7.1418e+01,6.8713e+01,6.5649e+01,6.2449e+01,5.9684e+01,5.6635e+01,5.4026e+01,5.1347e+01,5.2344e+01,4.9558e+01,4.8753e+01,4.6298e+01,4.7079e+01,4.4322e+01,4.1932e+01,4.2164e+01,4.1079e+01,3.9711e+01,3.7995e+01,3.6147e+01,3.3763e+01,3.1764e+01,3.1565e+01,3.0403e+01,3.0853e+01,2.9779e+01,3.0206e+01,3.0264e+01,3.1525e+01,3.1951e+01,3.0859e+01,2.9983e+01,3.0080e+01,2.9301e+01,2.9109e+01,2.9184e+01,2.9375e+01,3.0026e+01,3.0822e+01,3.2119e+01,3.3401e+01,3.4781e+01,3.6211e+01,3.8052e+01,3.9045e+01,4.0550e+01,4.1244e+01,4.1568e+01,4.2436e+01,4.3490e+01,4.4622e+01,4.5859e+01,4.7161e+01,4.8526e+01,4.9863e+01,5.1164e+01,5.2736e+01,5.3531e+01,5.4462e+01,5.5666e+01,5.6277e+01,5.7126e+01,5.7015e+01,5.6700e+01
7.4487e+01,7.4034e+01,7.4542e+01,7.5216e+01,7.5514e+01,7.5031e+01,7.5523e+01,7.5299e+01,7.5330e+01,7.5026e+01,7.6306e+01,7.6192e+01,7.5176e+01,7.6024e+01,7.7113e+01,7.6615e+01,7.6267e+01,7.7564e+01,7.8170e+01,7.7605e+01,7.9117e+01,8.0308e+01,7.9103e+01,7.9464e+01,8.1188e+01,8.2674e+01,8.4558e+01,8.6450e+01,8.8968e+01,8.9720e+01,9.1421e+01,9.2974e+01,9.4678e+01,9.4452e+01,9.7031e+01,9.8878e+01,1.0062e+02,1.0106e+02,1.0341e+02,1.0486e+02,1.0671e+02,1.0846e+02,1.1017e+02,1.0879e+02,1.0831e+02,1.0734e+02,1.0497e+02,1.0420e+02,1.0176e+02,1.0090e+02,9.9190e+01,9.7281e+01,9.4034e+01,9.2736e+01,9.0705e+01,8.7427e+01,8.6111e+01,8.7685e+01,8.6725e+01,8.6880e+01,8.5484e+01,8.2534e+01,7.9986e+01,7.6722e+01,7.3977e+01,7.2403e+01,7.3103e+01,7.1722e+01,6.9003e+01,6.5924e+01,6.2759e+01,5.9961e+01,5.6958e+01,5.4367e+01,5.1725e+01,5.2754e+01,5.0018e+01,4.9185e+01,4.6697e+01,4.7361e+01,4.4615e+01,4.2287e+01,4.2485e+01,4.1299e+01,3.9918e+01,3.8144e+01,3.6280e+01,3.3921e+01,3.2072e+01,3.2047e+01,3.1020e+01,3.1541e+01,3.0547e+01,3.0970e+01,3.0939e+01,3.2213e+01,3.2740e+01,3.1655e+01,3.0885e+01,3.1051e+01,3.0302e+01,3.0206e+01,3.0298e+01,3.0500e+01,3.1119e+01,3.1877e+01,3.3108e+01,3.4335e+01,3.5624e+01,3.6991e+01,3.8765e+01,3.9729e+01,4.1181e+01,4.1855e+01,4.2165e+01,4.3002e+01,4.4024e+01,4.5120e+01,4.6316e+01,4.7580e+01,4.8906e+01,5.0205e+01,5.1472e+01,5.3006e+01,5.3788e+01,5.4698e+01,5.5881e+01,5.6482e+01,5.7317e+01,5.7211e+01,5.6904e+01
7.4193e+01,7.3757e+01,7.4280e+01,7.4939e+01,7.5221e+01,7.4715e+01,7.5207e+01,7.4955e+01,7.4982e+01,7.4690e+01,7.5994e+01,7.5877e+01,7.4849e+01,7.5721e+01,7.6826e+01,7.6318e+01,7.5971e+01,7.7293e+01,7.7904e+01,7.7337e+01,7.8866e+01,8.0052e+01,7.8832e+01,7.9201e+01,8.0943e+01,8.2440e+01,8.4337e+01,8.6229e+01,8.8755e+01,8.9518e+01,9.1227e+01,9.2801e+01,9.4505e+01,9.4304e+01,9.6907e+01,9.8734e+01,1.0045e+02,1.0088e+02,1.0321e+02,1.0467e+02,1.0651e+02,1.0825e+02,1.0996e+02,1.0858e+02,1.0809e+02,1.0714e+02,1.0478e+02,1.0403e+02,1.0158e+02,1.0075e+02,9.9052e+01,9.7167e+01,9.3913e+01,9.2597e+01,9.0583e+01,8.7289e+01,8.5971e+01,8.7550e+01,8.6593e+01,8.6730e+01,8.5344e+01,8.2403e+01,7.9839e+01,7.6574e+01,7.3801e+01,7.2204e+01,7.2929e+01,7.1530e+01,6.8777e+01,6.5678e+01,6.2482e+01,5.9632e+01,5.6600e+01,5.4008e+01,5.1302e+01,5.2318e+01,4.9537e+01,4.8627e+01,4.6076e+01,4.6676e+01,4.3863e+01,4.1493e+01,4.1621e+01,4.0330e+01,3.8883e+01,3.7016e+01,3.5111e+01,3.2695e+01,3.0884e+01,3.0990e+01,3.0013e+01,3.0586e+01,2.9605e+01,3.0019e+01,2.9889e+01,3.1182e+01,3.1796e+01,3.0689e+01,3.0029e+01,3.0285e+01,2.9564e+01,2.9594e+01,2.9720e+01,2.9952e+01,3.0585e+01,3.1354e+01,3.2568e+01,3.3780e+01,3.5054e+01,3.6420e+01,3.8196e+01,3.9170e+01,4.0627e+01,4.1315e+01,4.1627e+01,4.2466e+01,4.3497e+01,4.4603e+01,4.5798e+01,4.7066e+01,4.8393e+01,4.9695e+01,5.0963e+01,5.2502e+01,5.3288e+01,5.4205e+01,5.5392e+01,5.5993e+01,5.6834e+01,5.6729e+01,5.6422e+01
7.4635e+01,7.4210e+01,7.4742e+01,7.5389e+01,7.5651e+01,7.5126e+01,7.5611e+01,7.5335e+01,7.5368e+01,7.5082e+01,7.6400e+01,7.6292e+01,7.5266e+01,7.6144e+01,7.7260e+01,7.6758e+01,7.6412e+01,7.7740e+01,7.8358e+01,7.7794e+01,7.9322e+01,8.0489e+01,7.9254e+01,7.9625e+01,8.1375e+01,8.2879e+01,8.4771e+01,8.6664e+01,8.9181e+01,8.9936e+01,9.1634e+01,9.3215e+01,9.4912e+01,9.4718e+01,9.7334e+01,9.9159e+01,1.0086e+02,1.0129e+02,1.0362e+02,1.0509e+02,1.0692e+02,1.0866e+02,1.1036e+02,1.0897e+02,1.0847e+02,1.0753e+02,1.0518e+02,1.0445e+02,1.0201e+02,1.0120e+02,9.9527e+01,9.7671e+01,9.4422e+01,9.3109e+01,9.1116e+01,8.7820e+01,8.6506e+01,8.8090e+01,8.7142e+01,8.7254e+01,8.5883e+01,8.2962e+01,8.0379e+01,7.7128e+01,7.4330e+01,7.2716e+01,7.3479e+01,7.2068e+01,6.9284e+01,6.6177e+01,6.2979e+01,6.0093e+01,5.7067e+01,5.4505e+01,5.1775e+01,5.2766e+01,4.9975e+01,4.8979e+01,4.6396e+01,4.6907e+01,4.4063e+01,4.1681e+01,4.1712e+01,4.0301e+01,3.8772e+01,3.6818e+01,3.4904e+01,3.2454e+01,3.0736e+01,3.1018e+01,3.0096e+01,3.0690e+01,2.9715e+01,3.0073e+01,2.9821e+01,3.1079e+01,3.1757e+01,3.0625e+01,3.0044e+01,3.0326e+01,2.9634e+01,2.9749e+01,2.9869e+01,3.0098e+01,3.0684e+01,3.1409e+01,3.2540e+01,3.3703e+01,3.4895e+01,3.6212e+01,3.7943e+01,3.8903e+01,4.0326e+01,4.1012e+01,4.1324e+01,4.2148e+01,4.3170e+01,4.4263e+01,4.5434e+01,4.6686e+01,4.7996e+01,4.9282e+01,5.0535e+01,5.2058e+01,5.2837e+01,5.3747e+01,5.4924e+01,5.5520e+01,5.6358e+01,5.6259e+01,5.5956e+01
7.4561e+01,7.4170e+01,7.4712e+01,7.5356e+01,7.5606e+01,7.5059e+01,7.5523e+01,7.5208e+01,7.5237e+01,7.4939e+01,7.6286e+01,7.6208e+01,7.5168e+01,7.6051e+01,7.7203e+01,7.6717e+01,7.6361e+01,7.7714e+01,7.8359e+01,7.7818e+01,7.9391e+01,8.0562e+01,7.9294e+01,7.9692e+01,8.1479e+01,8.2998e+01,8.4919e+01,8.6817e+01,8.9349e+01,9.0129e+01,9.1844e+01,9.3452e+01,9.5166e+01,9.4992e+01,9.7619e+01,9.9425e+01,1.0110e+02,1.0152e+02,1.0384e+02,1.0530e+02,1.0711e+02,1.0884e+02,1.1053e+02,1.0913e+02,1.0862e+02,1.0767e+02,1.0532e+02,1.0458e+02,1.0211e+02,1.0130e+02,9.9652e+01,9.7804e+01,9.4545e+01,9.3245e+01,9.1275e+01,8.7960e+01,8.6693e+01,8.8323e+01,8.7419e+01,8.7547e+01,8.6217e+01,8.3303e+01,8.0700e+01,7.7443e+01,7.4618e+01,7.2942e+01,7.3703e+01,7.2227e+01,6.9406e+01,6.6301e+01,6.3035e+01,6.0128e+01,5.7024e+01,5.4459e+01,5.1622e+01,5.2555e+01,4.9658e+01,4.8541e+01,4.5929e+01,4.6469e+01,4.3529e+01,4.1001e+01,4.0900e+01,3.9427e+01,3.7748e+01,3.5728e+01,3.3826e+01,3.1254e+01,2.9421e+01,2.9729e+01,2.8672e+01,2.9180e+01,2.8057e+01,2.8289e+01,2.7926e+01,2.9107e+01,2.9717e+01,2.8506e+01,2.7939e+01,2.8211e+01,2.7502e+01,2.7685e+01,2.7817e+01,2.8059e+01,2.8684e+01,2.9466e+01,3.0626e+01,3.1843e+01,3.3072e+01,3.4440e+01,3.6240e+01,3.7261e+01,3.8742e+01,3.9467e+01,3.9808e+01,4.0669e+01,4.1732e+01,4.2867e+01,4.4080e+01,4.5369e+01,4.6725e+01,4.8050e+01,4.9343e+01,5.0908e+01,5.1707e+01,5.2641e+01,5.3842e+01,5.4449e+01,5.5304e+01,5.5204e+01,5.4896e+01
7.4972e+01,7.4599e+01,7.5140e+01,7.5763e+01,7.5993e+01,7.5422e+01,7.5869e+01,7.5519e+01,7.5555e+01,7.5245e+01,7.6614e+01,7.6573e+01,7.5531e+01,7.6410e+01,7.7592e+01,7.7136e+01,7.6771e+01,7.8138e+01,7.8806e+01,7.8283e+01,7.9882e+01,8.1042e+01,7.9743e+01,8.0140e+01,8.1946e+01,8.3463e+01,8.5392e+01,8.7290e+01,8.9830e+01,9.0616e+01,9.2338e+01,9.3960e+01,9.5682e+01,9.5527e+01,9.8156e+01,9.9951e+01,1.0161e+02,1.0203e+02,1.0433e+02,1.0581e+02,1.0760e+02,1.0932e+02,1.1099e+02,1.0960e+02,1.0907e+02,1.0813e+02,1.0579e+02,1.0505e+02,1.0257e+02,1.0179e+02,1.0017e+02,9.8353e+01,9.5097e+01,9.3804e+01,9.1859e+01,8.8533e+01,8.7292e+01,8.8937e+01,8.8056e+01,8.8163e+01,8.6853e+01,8.3960e+01,8.1328e+01,7.8078e+01,7.5220e+01,7.3514e+01,7.4315e+01,7.2817e+01,6.9961e+01,6.6854e+01,6.3559e+01,6.0619e+01,5.7487e+01,5.4923e+01,5.2035e+01,5.2951e+01,5.0007e+01,4.8778e+01,4.6131e+01,4.6620e+01,4.3624e+01,4.1023e+01,4.0776e+01,3.9190e+01,3.7375e+01,3.5270e+01,3.3396e+01,3.0758e+01,2.8949e+01,2.9389e+01,2.8285e+01,2.8729e+01,2.7532e+01,2.7647e+01,2.7131e+01,2.8247e+01,2.8860e+01,2.7594e+01,2.7095e+01,2.7382e+01,2.6696e+01,2.6977e+01,2.7140e+01,2.7384e+01,2.8022e+01,2.8810e+01,2.9975e+01,3.1219e+01,3.2434e+01,3.3810e+01,3.5624e+01,3.6651e+01,3.8138e+01,3.8868e+01,3.9216e+01,4.0077e+01,4.1149e+01,4.2292e+01,4.3507e+01,4.4805e+01,4.6168e+01,4.7502e+01,4.8805e+01,5.0380e+01,5.1183e+01,5.2126e+01,5.3332e+01,5.3944e+01,5.4805e+01,5.4707e+01,5.4398e+01
7.5711e+01,7.5357e+01,7.5894e+01,7.6504e+01,7.6718e+01,7.6128e+01,7.6552e+01,7.6170e+01,7.6215e+01,7.5891e+01,7.7279e+01,7.7275e+01,7.6230e+01,7.7103e+01,7.8313e+01,7.7886e+01,7.7512e+01,7.8886e+01,7.9577e+01,7.9077e+01,8.0698e+01,8.1854e+01,8.0535e+01,8.0938e+01,8.2761e+01,8.4280e+01,8.6218e+01,8.8115e+01,9.0665e+01,9.1461e+01,9.3195e+01,9.4827e+01,9.6555e+01,9.6405e+01,9.9031e+01,1.0082e+02,1.0248e+02,1.0289e+02,1.0520e+02,1.0667e+02,1.0846e+02,1.1017e+02,1.1184e+02,1.1044e+02,1.0991e+02,1.0896e+02,1.0662e+02,1.0588e+02,1.0338e+02,1.0260e+02,1.0099e+02,9.9176e+01,9.5915e+01,9.4635e+01,9.2703e+01,8.9369e+01,8.8151e+01,8.9812e+01,8.8947e+01,8.9057e+01,8.7758e+01,8.4869e+01,8.2232e+01,7.8983e+01,7.6119e+01,7.4398e+01,7.5200e+01,7.3685e+01,7.0823e+01,6.7721e+01,6.4406e+01,6.1462e+01,5.8306e+01,5.5731e+01,5.2814e+01,5.3719e+01,5.0736e+01,4.9450e+01,4.6794e+01,4.7295e+01,4.4258e+01,4.1582e+01,4.1244e+01,3.9613e+01,3.7700e+01,3.5550e+01,3.3699e+01,3.0992e+01,2.9118e+01,2.9575e+01,2.8367e+01,2.8737e+01,2.7416e+01,2.7419e+01,2.6813e+01,2.7874e+01,2.8390e+01,2.7038e+01,2.6532e+01,2.6760e+01,2.6015e+01,2.6319e+01,2.6467e+01,2.6663e+01,2.7288e+01,2.8064e+01,2.9214e+01,3.0470e+01,3.1671e+01,3.3031e+01,3.4853e+01,3.5876e+01,3.7369e+01,3.8102e+01,3.8447e+01,3.9315e+01,4.0389e+01,4.1539e+01,4.2761e+01,4.4068e+01,4.5441e+01,4.6787e+01,4.8105e+01,4.9694e+01,5.0502e+01,5.1452e+01,5.2667e+01,5.3285e+01,5.4151e+01,5.4050e+01,5.3739e+01
7.5794e+01,7.5465e+01,7.6020e+01,7.6631e+01,7.6838e+01,7.6240e+01,7.6649e+01,7.6245e+01,7.6289e+01,7.5974e+01,7.7378e+01,7.7378e+01,7.6333e+01,7.7220e+01,7.8441e+01,7.8014e+01,7.7648e+01,7.9037e+01,7.9732e+01,7.9241e+01,8.0884e+01,8.2043e+01,8.0712e+01,8.1141e+01,8.2983e+01,8.4513e+01,8.6470e+01,8.8370e+01,9.0930e+01,9.1745e+01,9.3493e+01,9.5144e+01,9.6886e+01,9.6746e+01,9.9387e+01,1.0117e+02,1.0281e+02,1.0321e+02,1.0551e+02,1.0698e+02,1.0875e+02,1.1046e+02,1.1212e+02,1.1071e+02,1.1016e+02,1.0921e+02,1.0686e+02,1.0610e+02,1.0358e+02,1.0279e+02,1.0119e+02,9.9369e+01,9.6098e+01,9.4834e+01,9.2921e+01,8.9580e+01,8.8399e+01,9.0095e+01,8.9264e+01,8.9402e+01,8.8133e+01,8.5247e+01,8.2608e+01,7.9356e+01,7.6486e+01,7.4725e+01,7.5508e+01,7.3946e+01,7.1069e+01,6.7981e+01,6.4627e+01,6.1693e+01,5.8495e+01,5.5934e+01,5.2960e+01,5.3806e+01,5.0766e+01,4.9414e+01,4.6769e+01,4.7300e+01,4.4220e+01,4.1456e+01,4.1028e+01,3.9374e+01,3.7364e+01,3.5183e+01,3.3361e+01,3.0578e+01,2.8627e+01,2.9113e+01,2.7801e+01,2.8092e+01,2.6656e+01,2.6550e+01,2.5861e+01,2.6860e+01,2.7291e+01,2.5865e+01,2.5356e+01,2.5541e+01,2.4763e+01,2.5098e+01,2.5203e+01,2.5371e+01,2.5975e+01,2.6749e+01,2.7856e+01,2.9115e+01,3.0303e+01,3.1683e+01,3.3527e+01,3.4591e+01,3.6114e+01,3.6869e+01,3.7233e+01,3.8131e+01,3.9228e+01,4.0401e+01,4.1651e+01,4.2986e+01,4.4398e+01,4.5775e+01,4.7126e+01,4.8749e+01,4.9567e+01,5.0536e+01,5.1769e+01,5.2395e+01,5.3275e+01,5.3176e+01,5.2865e+01
7.6156e+01,7.5838e+01,7.6392e+01,7.6983e+01,7.7177e+01,7.6570e+01,7.6968e+01,7.6544e+01,7.6590e+01,7.6270e+01,7.7681e+01,7.7706e+01,7.6667e+01,7.7549e+01,7.8783e+01,7.8378e+01,7.8012e+01,7.9403e+01,8.0108e+01,7.9629e+01,8.1282e+01,8.2425e+01,8.1076e+01,8.1507e+01,8.3359e+01,8.4877e+01,8.6832e+01,8.8726e+01,9.1284e+01,9.2107e+01,9.3860e+01,9.5519e+01,9.7272e+01,9.7153e+01,9.9794e+01,1.0157e+02,1.0319e+02,1.0359e+02,1.0587e+02,1.0735e+02,1.0910e+02,1.1079e+02,1.1244e+02,1.1103e+02,1.1048e+02,1.0953e+02,1.0719e+02,1.0644e+02,1.0391e+02,1.0314e+02,1.0157e+02,9.9777e+01,9.6512e+01,9.5255e+01,9.3366e+01,9.0020e+01,8.8864e+01,9.0576e+01,8.9768e+01,8.9891e+01,8.8647e+01,8.5785e+01,8.3127e+01,7.9890e+01,7.6999e+01,7.5213e+01,7.6024e+01,7.4442e+01,7.1544e+01,6.8467e+01,6.5103e+01,6.2157e+01,5.8951e+01,5.6409e+01,5.3412e+01,5.4233e+01,5.1177e+01,4.9741e+01,4.7094e+01,4.7575e+01,4.4482e+01,4.1694e+01,4.1142e+01,3.9411e+01,3.7308e+01,3.5089e+01,3.3335e+01,3.0559e+01,2.8697e+01,2.9317e+01,2.8003e+01,2.8218e+01,2.6773e+01,2.6569e+01,2.5761e+01,2.6690e+01,2.7137e+01,2.5714e+01,2.5292e+01,2.5501e+01,2.4764e+01,2.5170e+01,2.5287e+01,2.5451e+01,2.6040e+01,2.6786e+01,2.7860e+01,2.9101e+01,3.0248e+01,3.1608e+01,3.3425e+01,3.4472e+01,3.5970e+01,3.6715e+01,3.7083e+01,3.7965e+01,3.9064e+01,4.0232e+01,4.1473e+01,4.2804e+01,4.4208e+01,4.5583e+01,4.6931e+01,4.8553e+01,4.9373e+01,5.0342e+01,5.1575e+01,5.2205e+01,5.3091e+01,5.2998e+01,5.2689e+01
7.6041e+01,7.5745e+01,7.6300e+01,7.6874e+01,7.7045e+01,7.6419e+01,7.6797e+01,7.6339e+01,7.6393e+01,7.6080e+01,7.7506e+01,7.7563e+01,7.6534e+01,7.7421e+01,7.8676e+01,7.8300e+01,7.7942e+01,7.9345e+01,8.0064e+01,7.9613e+01,8.1287e+01,8.2418e+01,8.1039e+01,8.1490e+01,8.3372e+01,8.4900e+01,8.6864e+01,8.8761e+01,9.1331e+01,9.2177e+01,9.3944e+01,9.5632e+01,9.7397e+01,9.7292e+01,9.9937e+01,1.0169e+02,1.0329e+02,1.0369e+02,1.0596e+02,1.0744e+02,1.0915e+02,1.1084e+02,1.1246e+02,1.1104e+02,1.1047e+02,1.0953e+02,1.0719e+02,1.0643e+02,1.0388e+02,1.0313e+02,1.0159e+02,9.9819e+01,9.6547e+01,9.5314e+01,9.3458e+01,9.0100e+01,8.8986e+01,9.0737e+01,8.9974e+01,9.0106e+01,8.8904e+01,8.6063e+01,8.3392e+01,8.0168e+01,7.7261e+01,7.5423e+01,7.6238e+01,7.4607e+01,7.1682e+01,6.8624e+01,6.5230e+01,6.2280e+01,5.9042e+01,5.6526e+01,5.3472e+01,5.4230e+01,5.1126e+01,4.9588e+01,4.6950e+01,4.7424e+01,4.4302e+01,4.1441e+01,4.0748e+01,3.8953e+01,3.6724e+01,3.4455e+01,3.2764e+01,2.9943e+01,2.8084e+01,2.8808e+01,2.7425e+01,2.7557e+01,2.6052e+01,2.5730e+01,2.4805e+01,2.5683e+01,2.6126e+01,2.4685e+01,2.4366e+01,2.4613e+01,2.3939e+01,2.4484e+01,2.4657e+01,2.4876e+01,2.5495e+01,2.6323e+01,2.7406e+01,2.8653e+01,2.9821e+01,3.1182e+01,3.3002e+01,3.4084e+01,3.5602e+01,3.6375e+01,3.6750e+01,3.7658e+01,3.8773e+01,3.9955e+01,4.1213e+01,4.2554e+01,4.3970e+01,4.5350e+01,4.6707e+01,4.8341e+01,4.9166e+01,5.0138e+01,5.1378e+01,5.2010e+01,5.2906e+01,5.2813e+01,5.2504e+01
7.5617e+01,7.5325e+01,7.5873e+01,7.6431e+01,7.6587e+01,7.5948e+01,7.6317e+01,7.5841e+01,7.5909e+01,7.5612e+01,7.7048e+01,7.7121e+01,7.6108e+01,7.7006e+01,7.8267e+01,7.7910e+01,7.7568e+01,7.8980e+01,7.9700e+01,7.9269e+01,8.0962e+01,8.2074e+01,8.0669e+01,8.1133e+01,8.3038e+01,8.4578e+01,8.6549e+01,8.8455e+01,9.1035e+01,9.1903e+01,9.3678e+01,9.5394e+01,9.7178e+01,9.7093e+01,9.9743e+01,1.0149e+02,1.0307e+02,1.0346e+02,1.0573e+02,1.0720e+02,1.0890e+02,1.1058e+02,1.1219e+02,1.1076e+02,1.1017e+02,1.0921e+02,1.0686e+02,1.0609e+02,1.0351e+02,1.0277e+02,1.0125e+02,9.9488e+01,9.6210e+01,9.4996e+01,9.3169e+01,8.9807e+01,8.8730e+01,9.0513e+01,8.9790e+01,8.9936e+01,8.8772e+01,8.5949e+01,8.3273e+01,8.0061e+01,7.7149e+01,7.5264e+01,7.6069e+01,7.4390e+01,7.1451e+01,6.8418e+01,6.5000e+01,6.2066e+01,5.8801e+01,5.6307e+01,5.3215e+01,5.3919e+01,5.0781e+01,4.9181e+01,4.6573e+01,4.7061e+01,4.3934e+01,4.1023e+01,4.0231e+01,3.8417e+01,3.6112e+01,3.3835e+01,3.2221e+01,2.9392e+01,2.7538e+01,2.8313e+01,2.6870e+01,2.6915e+01,2.5380e+01,2.4980e+01,2.3972e+01,2.4820e+01,2.5252e+01,2.3792e+01,2.3511e+01,2.3756e+01,2.3077e+01,2.3707e+01,2.3887e+01,2.4154e+01,2.4782e+01,2.5662e+01,2.6775e+01,2.8059e+01,2.9250e+01,3.0644e+01,3.2499e+01,3.3627e+01,3.5190e+01,3.5987e+01,3.6354e+01,3.7290e+01,3.8422e+01,3.9626e+01,4.0912e+01,4.2276e+01,4.3715e+01,4.5114e+01,4.6483e+01,4.8137e+01,4.8975e+01,4.9959e+01,5.1212e+01,5.1851e+01,5.2756e+01,5.2659e+01,5.2350e+01
7.5305e+01,7.5027e+01,7.5581e+01,7.6132e+01,7.6279e+01,7.5637e+01,7.5994e+01,7.5504e+01,7.5571e+01,7.5283e+01,7.6718e+01,7.6800e+01,7.5794e+01,7.6695e+01,7.7957e+01,7.7610e+01,7.7274e+01,7.8685e+01,7.9406e+01,7.8993e+01,8.0696e+01,8.1800e+01,8.0388e+01,8.0872e+01,8.2794e+01,8.4340e+01,8.6316e+01,8.8219e+01,9.0794e+01,9.1675e+01,9.3452e+01,9.5182e+01,9.6976e+01,9.6903e+01,9.9555e+01,1.0129e+02,1.0284e+02,1.0323e+02,1.0549e+02,1.0696e+02,1.0864e+02,1.1032e+02,1.1191e+02,1.1048e+02,1.0988e+02,1.0891e+02,1.0656e+02,1.0579e+02,1.0319e+02,1.0245e+02,1.0095e+02,9.9202e+01,9.5921e+01,9.4722e+01,9.2911e+01,8.9543e+01,8.8501e+01,9.0314e+01,8.9625e+01,8.9790e+01,8.8661e+01,8.5851e+01,8.3180e+01,7.9980e+01,7.7071e+01,7.5152e+01,7.5942e+01,7.4227e+01,7.1285e+01,6.8278e+01,6.4847e+01,6.1927e+01,5.8643e+01,5.6167e+01,5.3045e+01,5.3706e+01,5.0546e+01,4.8896e+01,4.6311e+01,4.6805e+01,4.3677e+01,4.0734e+01,3.9862e+01,3.8035e+01,3.5666e+01,3.3386e+01,3.1845e+01,2.9031e+01,2.7210e+01,2.8031e+01,2.6563e+01,2.6532e+01,2.4996e+01,2.4532e+01,2.3459e+01,2.4275e+01,2.4693e+01,2.3249e+01,2.3036e+01,2.3325e+01,2.2713e+01,2.3437e+01,2.3663e+01,2.3975e+01,2.4633e+01,2.5557e+01,2.6685e+01,2.7980e+01,2.9171e+01,3.0588e+01,3.2451e+01,3.3603e+01,3.5164e+01,3.5962e+01,3.6327e+01,3.7262e+01,3.8403e+01,3.9614e+01,4.0906e+01,4.2274e+01,4.3722e+01,4.5127e+01,4.6500e+01,4.8165e+01,4.9015e+01,5.0008e+01,5.1264e+01,5.1902e+01,5.2811e+01,5.2714e+01,5.2408e+01
7.5031e+01,7.4756e+01,7.5301e+01,7.5840e+01,7.5977e+01,7.5325e+01,7.5674e+01,7.5166e+01,7.5236e+01,7.4962e+01,7.6397e+01,7.6495e+01,7.5507e+01,7.6414e+01,7.7678e+01,7.7350e+01,7.7027e+01,7.8445e+01,7.9165e+01,7.8770e+01,8.0486e+01,8.1579e+01,8.0154e+01,8.0653e+01,8.2590e+01,8.4131e+01,8.6103e+01,8.8002e+01,9.0573e+01,9.1469e+01,9.3249e+01,9.4997e+01,9.6812e+01,9.6761e+01,9.9410e+01,1.0112e+02,1.0266e+02,1.0304e+02,1.0529e+02,1.0677e+02,1.0843e+02,1.1011e+02,1.1170e+02,1.1025e+02,1.0964e+02,1.0867e+02,1.0631e+02,1.0553e+02,1.0291e+02,1.0218e+02,1.0070e+02,9.8959e+01,9.5676e+01,9.4493e+01,9.2704e+01,8.9333e+01,8.8322e+01,9.0160e+01,8.9504e+01,8.9682e+01,8.8585e+01,8.5790e+01,8.3123e+01,7.9936e+01,7.7032e+01,7.5081e+01,7.5856e+01,7.4108e+01,7.1165e+01,6.8186e+01,6.4744e+01,6.1844e+01,5.8546e+01,5.6080e+01,5.2941e+01,5.3570e+01,5.0396e+01,4.8711e+01,4.6158e+01,4.6664e+01,4.3548e+01,4.0583e+01,3.9644e+01,3.7820e+01,3.5414e+01,3.3152e+01,3.1693e+01,2.8923e+01,2.7139e+01,2.7965e+01,2.6470e+01,2.6353e+01,2.4829e+01,2.4322e+01,2.3196e+01,2.3976e+01,2.4372e+01,2.2959e+01,2.2811e+01,2.3123e+01,2.2551e+01,2.3359e+01,2.3600e+01,2.3975e+01,2.4650e+01,2.5597e+01,2.6723e+01,2.8038e+01,2.9229e+01,3.0665e+01,3.2536e+01,3.3702e+01,3.5272e+01,3.6066e+01,3.6420e+01,3.7349e+01,3.8502e+01,3.9722e+01,4.1019e+01,4.2392e+01,4.3843e+01,4.5254e+01,4.6631e+01,4.8306e+01,4.9166e+01,5.0168e+01,5.1433e+01,5.2073e+01,5.2988e+01,5.2891e+01,5.2590e+01
7.4385e+01,7.4129e+01,7.4679e+01,7.5215e+01,7.5353e+01,7.4699e+01,7.5027e+01,7.4514e+01,7.4577e+01,7.4295e+01,7.5729e+01,7.5835e+01,7.4843e+01,7.5743e+01,7.7012e+01,7.6690e+01,7.6364e+01,7.7778e+01,7.8502e+01,7.8129e+01,7.9862e+01,8.0950e+01,7.9515e+01,8.0047e+01,8.2008e+01,8.3571e+01,8.5558e+01,8.7464e+01,9.0042e+01,9.0961e+01,9.2740e+01,9.4513e+01,9.6329e+01,9.6280e+01,9.8927e+01,1.0063e+02,1.0214e+02,1.0250e+02,1.0474e+02,1.0620e+02,1.0784e+02,1.0952e+02,1.1109e+02,1.0963e+02,1.0900e+02,1.0802e+02,1.0564e+02,1.0484e+02,1.0220e+02,1.0145e+02,9.9992e+01,9.8254e+01,9.4972e+01,9.3816e+01,9.2046e+01,8.8682e+01,8.7715e+01,8.9595e+01,8.8987e+01,8.9201e+01,8.8152e+01,8.5376e+01,8.2712e+01,7.9539e+01,7.6641e+01,7.4638e+01,7.5382e+01,7.3577e+01,7.0627e+01,6.7683e+01,6.4220e+01,6.1351e+01,5.8026e+01,5.5606e+01,5.2427e+01,5.2976e+01,4.9768e+01,4.8032e+01,4.5527e+01,4.6080e+01,4.2970e+01,3.9959e+01,3.8953e+01,3.7165e+01,3.4710e+01,3.2503e+01,3.1142e+01,2.8400e+01,2.6585e+01,2.7376e+01,2.5816e+01,2.5594e+01,2.4065e+01,2.3504e+01,2.2387e+01,2.3145e+01,2.3533e+01,2.2175e+01,2.2024e+01,2.2364e+01,2.1835e+01,2.2687e+01,2.2970e+01,2.3444e+01,2.4169e+01,2.5208e+01,2.6416e+01,2.7796e+01,2.9052e+01,3.0543e+01,3.2463e+01,3.3668e+01,3.5266e+01,3.6073e+01,3.6438e+01,3.7385e+01,3.8556e+01,3.9795e+01,4.1113e+01,4.2505e+01,4.3973e+01,4.5404e+01,4.6800e+01,4.8496e+01,4.9365e+01,5.0374e+01,5.1644e+01,5.2288e+01,5.3209e+01,5.3110e+01,5.2805e+01
7.4054e+01,7.3808e+01,7.4359e+01,7.4888e+01,7.5019e+01,7.4357e+01,7.4680e+01,7.4162e+01,7.4242e+01,7.3965e+01,7.5402e+01,7.5512e+01,7.4531e+01,7.5437e+01,7.6705e+01,7.6389e+01,7.6075e+01,7.7492e+01,7.8210e+01,7.7843e+01,7.9580e+01,8.0648e+01,7.9195e+01,7.9727e+01,8.1694e+01,8.3275e+01,8.5263e+01,8.7175e+01,8.9754e+01,9.0682e+01,9.2459e+01,9.4244e+01,9.6061e+01,9.6016e+01,9.8656e+01,1.0036e+02,1.0187e+02,1.0223e+02,1.0446e+02,1.0593e+02,1.0755e+02,1.0923e+02,1.1078e+02,1.0932e+02,1.0868e+02,1.0769e+02,1.0533e+02,1.0452e+02,1.0187e+02,1.0113e+02,9.9681e+01,9.7950e+01,9.4669e+01,9.3522e+01,9.1770e+01,8.8409e+01,8.7460e+01,8.9353e+01,8.8765e+01,8.8982e+01,8.7955e+01,8.5194e+01,8.2524e+01,7.9363e+01,7.6463e+01,7.4437e+01,7.5179e+01,7.3349e+01,7.0393e+01,6.7465e+01,6.3998e+01,6.1143e+01,5.7822e+01,5.5436e+01,5.2253e+01,5.2767e+01,4.9560e+01,4.7790e+01,4.5312e+01,4.5861e+01,4.2768e+01,3.9752e+01,3.8697e+01,3.6908e+01,3.4436e+01,3.2252e+01,3.0951e+01,2.8240e+01,2.6456e+01,2.7273e+01,2.5727e+01,2.5481e+01,2.3998e+01,2.3417e+01,2.2268e+01,2.2988e+01,2.3433e+01,2.2130e+01,2.2018e+01,2.2358e+01,2.1826e+01,2.2718e+01,2.2950e+01,2.3483e+01,2.4184e+01,2.5261e+01,2.6521e+01,2.7940e+01,2.9232e+01,3.0761e+01,3.2708e+01,3.3932e+01,3.5547e+01,3.6343e+01,3.6701e+01,3.7640e+01,3.8804e+01,4.0041e+01,4.1358e+01,4.2744e+01,4.4204e+01,4.5631e+01,4.7020e+01,4.8709e+01,4.9573e+01,5.0573e+01,5.1836e+01,5.2480e+01,5.3396e+01,5.3296e+01,5.2987e+01
7.3896e+01,7.3657e+01,7.4195e+01,7.4715e+01,7.4840e+01,7.4149e+01,7.4461e+01,7.3928e+01,7.4005e+01,7.3713e+01,7.5164e+01,7.5293e+01,7.4302e+01,7.5202e+01,7.6492e+01,7.6188e+01,7.5863e+01,7.7294e+01,7.8025e+01,7.7665e+01,7.9422e+01,8.0492e+01,7.9018e+01,7.9567e+01,8.1548e+01,8.3142e+01,8.5137e+01,8.7060e+01,8.9644e+01,9.0578e+01,9.2346e+01,9.4148e+01,9.5961e+01,9.5922e+01,9.8551e+01,1.0025e+02,1.0174e+02,1.0210e+02,1.0430e+02,1.0577e+02,1.0738e+02,1.0906e+02,1.1060e+02,1.0913e+02,1.0849e+02,1.0750e+02,1.0513e+02,1.0432e+02,1.0167e+02,1.0093e+02,9.9486e+01,9.7762e+01,9.4485e+01,9.3353e+01,9.1618e+01,8.8263e+01,8.7331e+01,8.9236e+01,8.8668e+01,8.8884e+01,8.7878e+01,8.5133e+01,8.2450e+01,7.9299e+01,7.6392e+01,7.4340e+01,7.5087e+01,7.3234e+01,7.0267e+01,6.7351e+01,6.3878e+01,6.1035e+01,5.7711e+01,5.5355e+01,5.2167e+01,5.2649e+01,4.9439e+01,4.7637e+01,4.5187e+01,4.5743e+01,4.2667e+01,3.9646e+01,3.8554e+01,3.6784e+01,3.4305e+01,3.2172e+01,3.0945e+01,2.8289e+01,2.6519e+01,2.7309e+01,2.5757e+01,2.5459e+01,2.4007e+01,2.3405e+01,2.2265e+01,2.2941e+01,2.3387e+01,2.2131e+01,2.2038e+01,2.2370e+01,2.1845e+01,2.2749e+01,2.2941e+01,2.3509e+01,2.4179e+01,2.5294e+01,2.6599e+01,2.8081e+01,2.9423e+01,3.0980e+01,3.2967e+01,3.4198e+01,3.5839e+01,3.6629e+01,3.6977e+01,3.7910e+01,3.9074e+01,4.0313e+01,4.1627e+01,4.3017e+01,4.4475e+01,4.5907e+01,4.7301e+01,4.8997e+01,4.9858e+01,5.0859e+01,5.2123e+01,5.2769e+01,5.3686e+01,5.3585e+01,5.3275e+01
7.3867e+01,7.3629e+01,7.4163e+01,7.4671e+01,7.4788e+01,7.4086e+01,7.4393e+01,7.3856e+01,7.3949e+01,7.3666e+01,7.5122e+01,7.5256e+01,7.4277e+01,7.5187e+01,7.6477e+01,7.6180e+01,7.5870e+01,7.7310e+01,7.8033e+01,7.7671e+01,7.9433e+01,8.0485e+01,7.8992e+01,7.9536e+01,8.1514e+01,8.3112e+01,8.5106e+01,8.7035e+01,8.9623e+01,9.0559e+01,9.2329e+01,9.4142e+01,9.5956e+01,9.5916e+01,9.8539e+01,1.0024e+02,1.0172e+02,1.0209e+02,1.0428e+02,1.0576e+02,1.0735e+02,1.0902e+02,1.1055e+02,1.0908e+02,1.0842e+02,1.0744e+02,1.0508e+02,1.0428e+02,1.0163e+02,1.0091e+02,9.9474e+01,9.7765e+01,9.4496e+01,9.3369e+01,9.1661e+01,8.8313e+01,8.7388e+01,8.9292e+01,8.8735e+01,8.8938e+01,8.7946e+01,8.5223e+01,8.2530e+01,7.9399e+01,7.6487e+01,7.4426e+01,7.5188e+01,7.3328e+01,7.0354e+01,6.7451e+01,6.3993e+01,6.1158e+01,5.7860e+01,5.5539e+01,5.2373e+01,5.2843e+01,4.9665e+01,4.7841e+01,4.5412e+01,4.5918e+01,4.2880e+01,3.9905e+01,3.8783e+01,3.7000e+01,3.4551e+01,3.2448e+01,3.1278e+01,2.8720e+01,2.7085e+01,2.7931e+01,2.6496e+01,2.6219e+01,2.4887e+01,2.4303e+01,2.3194e+01,2.3823e+01,2.4317e+01,2.3141e+01,2.3140e+01,2.3482e+01,2.2954e+01,2.3900e+01,2.4052e+01,2.4601e+01,2.5181e+01,2.6266e+01,2.7548e+01,2.8975e+01,3.0287e+01,3.1789e+01,3.3710e+01,3.4907e+01,3.6505e+01,3.7269e+01,3.7596e+01,3.8502e+01,3.9636e+01,4.0844e+01,4.2121e+01,4.3475e+01,4.4911e+01,4.6330e+01,4.7709e+01,4.9390e+01,5.0244e+01,5.1232e+01,5.2487e+01,5.3128e+01,5.4042e+01,5.3943e+01,5.3636e+01
7.3793e+01,7.3551e+01,7.4078e+01,7.4569e+01,7.4675e+01,7.3969e+01,7.4274e+01,7.3734e+01,7.3845e+01,7.3577e+01,7.5029e+01,7.5175e+01,7.4221e+01,7.5139e+01,7.6421e+01,7.6143e+01,7.5857e+01,7.7295e+01,7.8012e+01,7.7655e+01,7.9408e+01,8.0440e+01,7.8936e+01,7.9475e+01,8.1452e+01,8.3039e+01,8.5023e+01,8.6951e+01,8.9546e+01,9.0484e+01,9.2269e+01,9.4097e+01,9.5918e+01,9.5893e+01,9.8522e+01,1.0022e+02,1.0169e+02,1.0206e+02,1.0425e+02,1.0572e+02,1.0731e+02,1.0895e+02,1.1048e+02,1.0901e+02,1.0835e+02,1.0738e+02,1.0503e+02,1.0425e+02,1.0161e+02,1.0091e+02,9.9484e+01,9.7797e+01,9.4538e+01,9.3409e+01,9.1723e+01,8.8382e+01,8.7457e+01,8.9354e+01,8.8802e+01,8.8985e+01,8.8001e+01,8.5294e+01,8.2593e+01,7.9477e+01,7.6556e+01,7.4489e+01,7.5273e+01,7.3412e+01,7.0426e+01,6.7528e+01,6.4077e+01,6.1238e+01,5.7954e+01,5.5648e+01,5.2491e+01,5.2956e+01,4.9799e+01,4.7952e+01,4.5534e+01,4.5995e+01,4.2985e+01,4.0051e+01,3.8900e+01,3.7100e+01,3.4668e+01,3.2580e+01,3.1456e+01,2.8977e+01,2.7472e+01,2.8385e+01,2.7036e+01,2.6766e+01,2.5519e+01,2.4937e+01,2.3835e+01,2.4411e+01,2.4953e+01,2.3838e+01,2.3930e+01,2.4309e+01,2.3813e+01,2.4798e+01,2.4957e+01,2.5510e+01,2.6063e+01,2.7142e+01,2.8379e+01,2.9756e+01,3.1050e+01,3.2507e+01,3.4377e+01,3.5555e+01,3.7117e+01,3.7864e+01,3.8185e+01,3.9083e+01,4.0214e+01,4.1409e+01,4.2675e+01,4.4008e+01,4.5437e+01,4.6847e+01,4.8222e+01,4.9894e+01,5.0740e+01,5.1715e+01,5.2961e+01,5.3600e+01,5.4510e+01,5.4408e+01,5.4104e+01
7.4282e+01,7.4031e+01,7.4554e+01,7.5034e+01,7.5123e+01,7.4418e+01,7.4729e+01,7.4191e+01,7.4323e+01,7.4062e+01,7.5520e+01,7.5671e+01,7.4729e+01,7.5655e+01,7.6937e+01,7.6667e+01,7.6391e+01,7.7834e+01,7.8548e+01,7.8183e+01,7.9924e+01,8.0944e+01,7.9431e+01,7.9939e+01,8.1901e+01,8.3480e+01,8.5453e+01,8.7386e+01,8.9983e+01,9.0897e+01,9.2681e+01,9.4502e+01,9.6318e+01,9.6288e+01,9.8923e+01,1.0063e+02,1.0212e+02,1.0250e+02,1.0470e+02,1.0619e+02,1.0777e+02,1.0939e+02,1.1092e+02,1.0947e+02,1.0881e+02,1.0786e+02,1.0554e+02,1.0479e+02,1.0216e+02,1.0148e+02,1.0006e+02,9.8393e+01,9.5144e+01,9.4002e+01,9.2323e+01,8.8987e+01,8.8039e+01,8.9906e+01,8.9334e+01,8.9473e+01,8.8470e+01,8.5774e+01,8.3057e+01,7.9948e+01,7.7010e+01,7.4964e+01,7.5795e+01,7.3965e+01,7.0965e+01,6.8049e+01,6.4619e+01,6.1753e+01,5.8503e+01,5.6200e+01,5.3076e+01,5.3576e+01,5.0460e+01,4.8608e+01,4.6173e+01,4.6556e+01,4.3569e+01,4.0703e+01,3.9557e+01,3.7712e+01,3.5316e+01,3.3214e+01,3.2078e+01,2.9648e+01,2.8266e+01,2.9258e+01,2.8023e+01,2.7817e+01,2.6628e+01,2.6058e+01,2.4934e+01,2.5462e+01,2.6040e+01,2.4928e+01,2.5079e+01,2.5449e+01,2.4951e+01,2.5938e+01,2.6064e+01,2.6534e+01,2.7002e+01,2.8004e+01,2.9145e+01,3.0416e+01,3.1642e+01,3.3026e+01,3.4819e+01,3.5956e+01,3.7472e+01,3.8194e+01,3.8516e+01,3.9393e+01,4.0518e+01,4.1693e+01,4.2941e+01,4.4248e+01,4.5659e+01,4.7051e+01,4.8409e+01,5.0062e+01,5.0897e+01,5.1858e+01,5.3091e+01,5.3725e+01,5.4626e+01,5.4524e+01,5.4225e+01
7.4924e+01,7.4669e+01,7.5192e+01,7.5669e+01,7.5754e+01,7.5057e+01,7.5377e+01,7.4846e+01,7.4990e+01,7.4738e+01,7.6202e+01,7.6351e+01,7.5414e+01,7.6349e+01,7.7631e+01,7.7360e+01,7.7092e+01,7.8542e+01,7.9249e+01,7.8876e+01,8.0612e+01,8.1630e+01,8.0112e+01,8.0599e+01,8.2548e+01,8.4118e+01,8.6083e+01,8.8017e+01,9.0615e+01,9.1514e+01,9.3299e+01,9.5116e+01,9.6935e+01,9.6903e+01,9.9534e+01,1.0125e+02,1.0274e+02,1.0312e+02,1.0533e+02,1.0682e+02,1.0840e+02,1.1001e+02,1.1155e+02,1.1011e+02,1.0946e+02,1.0853e+02,1.0622e+02,1.0549e+02,1.0288e+02,1.0222e+02,1.0079e+02,9.9132e+01,9.5888e+01,9.4729e+01,9.3049e+01,8.9715e+01,8.8751e+01,9.0590e+01,8.9997e+01,9.0110e+01,8.9087e+01,8.6392e+01,8.3668e+01,8.0561e+01,7.7617e+01,7.5599e+01,7.6454e+01,7.4654e+01,7.1657e+01,6.8733e+01,6.5323e+01,6.2448e+01,5.9227e+01,5.6919e+01,5.3829e+01,5.4363e+01,5.1281e+01,4.9442e+01,4.6997e+01,4.7331e+01,4.4359e+01,4.1542e+01,4.0415e+01,3.8554e+01,3.6199e+01,3.4086e+01,3.2932e+01,3.0534e+01,2.9217e+01,3.0236e+01,2.9065e+01,2.8909e+01,2.7738e+01,2.7180e+01,2.6021e+01,2.6504e+01,2.7061e+01,2.5913e+01,2.6076e+01,2.6405e+01,2.5895e+01,2.6865e+01,2.6950e+01,2.7340e+01,2.7736e+01,2.8656e+01,2.9705e+01,3.0882e+01,3.2015e+01,3.3327e+01,3.5051e+01,3.6145e+01,3.7616e+01,3.8308e+01,3.8619e+01,3.9476e+01,4.0584e+01,4.1739e+01,4.2964e+01,4.4244e+01,4.5632e+01,4.7004e+01,4.8344e+01,4.9975e+01,5.0797e+01,5.1751e+01,5.2972e+01,5.3604e+01,5.4499e+01,5.4397e+01,5.4103e+01
7.5148e+01,7.4889e+01,7.5412e+01,7.5884e+01,7.5969e+01,7.5281e+01,7.5604e+01,7.5086e+01,7.5240e+01,7.4986e+01,7.6445e+01,7.6588e+01,7.5653e+01,7.6587e+01,7.7861e+01,7.7586e+01,7.7319e+01,7.8762e+01,7.9462e+01,7.9078e+01,8.0798e+01,8.1804e+01,8.0289e+01,8.0758e+01,8.2687e+01,8.4251e+01,8.6205e+01,8.8143e+01,9.0737e+01,9.1620e+01,9.3399e+01,9.5206e+01,9.7017e+01,9.6974e+01,9.9602e+01,1.0133e+02,1.0283e+02,1.0322e+02,1.0543e+02,1.0693e+02,1.0852e+02,1.1012e+02,1.1166e+02,1.1023e+02,1.0959e+02,1.0868e+02,1.0637e+02,1.0567e+02,1.0307e+02,1.0242e+02,1.0099e+02,9.9340e+01,9.6105e+01,9.4930e+01,9.3249e+01,8.9922e+01,8.8936e+01,9.0748e+01,9.0135e+01,9.0222e+01,8.9183e+01,8.6496e+01,8.3766e+01,8.0666e+01,7.7720e+01,7.5725e+01,7.6605e+01,7.4834e+01,7.1838e+01,6.8907e+01,6.5525e+01,6.2645e+01,5.9464e+01,5.7171e+01,5.4125e+01,5.4684e+01,5.1653e+01,4.9838e+01,4.7393e+01,4.7672e+01,4.4733e+01,4.1992e+01,4.0913e+01,3.9051e+01,3.6771e+01,3.4674e+01,3.3494e+01,3.1153e+01,2.9922e+01,3.0970e+01,2.9911e+01,2.9841e+01,2.8751e+01,2.8267e+01,2.7159e+01,2.7665e+01,2.8260e+01,2.7152e+01,2.7330e+01,2.7676e+01,2.7170e+01,2.8110e+01,2.8188e+01,2.8556e+01,2.8908e+01,2.9758e+01,3.0761e+01,3.1869e+01,3.2936e+01,3.4190e+01,3.5839e+01,3.6892e+01,3.8307e+01,3.8975e+01,3.9273e+01,4.0098e+01,4.1171e+01,4.2285e+01,4.3473e+01,4.4713e+01,4.6065e+01,4.7408e+01,4.8722e+01,5.0324e+01,5.1128e+01,5.2066e+01,5.3264e+01,5.3887e+01,5.4769e+01,5.4673e+01,5.4386e+01
7.5318e+01,7.5055e+01,7.5581e+01,7.6050e+01,7.6137e+01,7.5453e+01,7.5778e+01,7.5270e+01,7.5428e+01,7.5176e+01,7.6626e+01,7.6757e+01,7.5825e+01,7.6760e+01,7.8022e+01,7.7738e+01,7.7477e+01,7.8911e+01,7.9599e+01,7.9208e+01,8.0910e+01,8.1903e+01,8.0400e+01,8.0862e+01,8.2777e+01,8.4336e+01,8.6273e+01,8.8204e+01,9.0786e+01,9.1659e+01,9.3433e+01,9.5231e+01,9.7036e+01,9.7000e+01,9.9629e+01,1.0136e+02,1.0286e+02,1.0326e+02,1.0547e+02,1.0698e+02,1.0857e+02,1.1017e+02,1.1171e+02,1.1029e+02,1.0965e+02,1.0875e+02,1.0645e+02,1.0576e+02,1.0318e+02,1.0254e+02,1.0110e+02,9.9454e+01,9.6226e+01,9.5040e+01,9.3358e+01,9.0037e+01,8.9036e+01,9.0832e+01,9.0207e+01,9.0281e+01,8.9236e+01,8.6556e+01,8.3831e+01,8.0738e+01,7.7796e+01,7.5817e+01,7.6706e+01,7.4951e+01,7.1961e+01,6.9028e+01,6.5669e+01,6.2790e+01,5.9639e+01,5.7365e+01,5.4348e+01,5.4913e+01,5.1920e+01,5.0131e+01,4.7694e+01,4.7941e+01,4.5035e+01,4.2357e+01,4.1322e+01,3.9466e+01,3.7246e+01,3.5169e+01,3.3973e+01,3.1685e+01,3.0528e+01,3.1596e+01,3.0628e+01,3.0616e+01,2.9596e+01,2.9171e+01,2.8118e+01,2.8642e+01,2.9268e+01,2.8206e+01,2.8393e+01,2.8770e+01,2.8271e+01,2.9187e+01,2.9273e+01,2.9643e+01,2.9971e+01,3.0792e+01,3.1754e+01,3.2816e+01,3.3830e+01,3.5049e+01,3.6637e+01,3.7666e+01,3.9053e+01,3.9707e+01,3.9992e+01,4.0794e+01,4.1848e+01,4.2928e+01,4.4083e+01,4.5284e+01,4.6596e+01,4.7913e+01,4.9200e+01,5.0771e+01,5.1564e+01,5.2493e+01,5.3675e+01,5.4290e+01,5.5160e+01,5.5067e+01,5.4784e+01
