9.1930e+01,9.1820e+01,9.1650e+01,9.1749e+01,9.1923e+01,9.2403e+01,9.2562e+01,9.3105e+01,9.2992e+01,9.2626e+01,9.2636e+01,9.2241e+01,9.2285e+01,9.2219e+01,9.1648e+01,9.1380e+01,9.1276e+01,9.0744e+01,9.0269e+01,8.9839e+01,8.8859e+01,8.8337e+01,8.7993e+01,8.7295e+01,8.6887e+01,8.5969e+01,8.5545e+01,8.5049e+01,8.4670e+01,8.5331e+01,8.5385e+01,8.5606e+01,8.4747e+01,8.4235e+01,8.4764e+01,8.4745e+01,8.5362e+01,8.5859e+01,8.6812e+01,8.7255e+01,8.7887e+01,8.8954e+01,8.9596e+01,9.0187e+01,9.0193e+01,9.0710e+01,9.0408e+01,9.1166e+01,9.1122e+01,9.1210e+01,9.1396e+01,9.1448e+01,9.1093e+01,9.1418e+01,9.1487e+01,9.0806e+01,9.0087e+01,9.0401e+01,9.0128e+01,8.9983e+01,8.8453e+01,8.8355e+01,8.9184e+01,9.0349e+01,8.9714e+01,9.0841e+01,9.1104e+01,9.2652e+01,9.3473e+01,9.2059e+01,9.2300e+01,9.1049e+01,9.1939e+01,9.2309e+01,9.1436e+01,9.1744e+01,9.0612e+01,9.0098e+01,9.0897e+01,9.0378e+01,9.1070e+01,9.0720e+01,9.2276e+01,9.2502e+01,9.4167e+01,9.4222e+01,9.2925e+01,9.4411e+01,9.5199e+01,9.6168e+01,9.8016e+01,9.8460e+01,1.0043e+02,1.0125e+02,1.0297e+02,1.0463e+02,1.0606e+02,1.0799e+02,1.0980e+02,1.1109e+02,1.1260e+02,1.1320e+02,1.1490e+02,1.1649e+02,1.1746e+02,1.1866e+02,1.1953e+02,1.2105e+02,1.2222e+02,1.2347e+02,1.2481e+02,1.2584e+02,1.2681e+02,1.2760e+02,1.2810e+02,1.2889e+02,1.2982e+02,1.3077e+02,1.3181e+02,1.3290e+02,1.3403e+02,1.3509e+02,1.3609e+02,1.3732e+02,1.3811e+02,1.3885e+02,1.3977e+02,1.4028e+02,1.4090e+02,1.4076e+02,1.4056e+02
9.1707e+01,9.1598e+01,9.1428e+01,9.1527e+01,9.1702e+01,9.2184e+01,9.2343e+01,9.2888e+01,9.2772e+01,9.2406e+01,9.2413e+01,9.2017e+01,9.2060e+01,9.1994e+01,9.1424e+01,9.1154e+01,9.1050e+01,9.0517e+01,9.0042e+01,8.9611e+01,8.8630e+01,8.8108e+01,8.7765e+01,8.7067e+01,8.6662e+01,8.5746e+01,8.5326e+01,8.4832e+01,8.4452e+01,8.5111e+01,8.5164e+01,8.5385e+01,8.4525e+01,8.4013e+01,8.4543e+01,8.4523e+01,8.5141e+01,8.5639e+01,8.6594e+01,8.7039e+01,8.7672e+01,8.8739e+01,8.9384e+01,8.9977e+01,8.9982e+01,9.0501e+01,9.0201e+01,9.0961e+01,9.0917e+01,9.1005e+01,9.1192e+01,9.1245e+01,9.0891e+01,9.1216e+01,9.1284e+01,9.0602e+01,8.9879e+01,9.0191e+01,8.9914e+01,8.9766e+01,8.8233e+01,8.8132e+01,8.8961e+01,9.0125e+01,8.9489e+01,9.0617e+01,9.0878e+01,9.2426e+01,9.3248e+01,9.1833e+01,9.2075e+01,9.0822e+01,9.1713e+01,9.2082e+01,9.1206e+01,9.1515e+01,9.0381e+01,8.9867e+01,9.0666e+01,9.0145e+01,9.0839e+01,9.0490e+01,9.2048e+01,9.2275e+01,9.3942e+01,9.3999e+01,9.2702e+01,9.4192e+01,9.4980e+01,9.5952e+01,9.7801e+01,9.8245e+01,1.0022e+02,1.0104e+02,1.0276e+02,1.0442e+02,1.0586e+02,1.0778e+02,1.0959e+02,1.1089e+02,1.1240e+02,1.1300e+02,1.1470e+02,1.1629e+02,1.1727e+02,1.1847e+02,1.1934e+02,1.2086e+02,1.2204e+02,1.2328e+02,1.2462e+02,1.2566e+02,1.2662e+02,1.2742e+02,1.2792e+02,1.2872e+02,1.2965e+02,1.3060e+02,1.3164e+02,1.3273e+02,1.3386e+02,1.3493e+02,1.3593e+02,1.3716e+02,1.3795e+02,1.3870e+02,1.3962e+02,1.4012e+02,1.4075e+02,1.4060e+02,1.4041e+02
9.1579e+01,9.1470e+01,9.1301e+01,9.1399e+01,9.1574e+01,9.2055e+01,9.2215e+01,9.2761e+01,9.2644e+01,9.2276e+01,9.2285e+01,9.1889e+01,9.1931e+01,9.1862e+01,9.1292e+01,9.1021e+01,9.0915e+01,9.0380e+01,8.9906e+01,8.9474e+01,8.8492e+01,8.7971e+01,8.7627e+01,8.6928e+01,8.6527e+01,8.5612e+01,8.5195e+01,8.4701e+01,8.4319e+01,8.4975e+01,8.5025e+01,8.5244e+01,8.4387e+01,8.3877e+01,8.4404e+01,8.4386e+01,8.5004e+01,8.5502e+01,8.6457e+01,8.6899e+01,8.7532e+01,8.8597e+01,8.9242e+01,8.9836e+01,8.9839e+01,9.0361e+01,9.0062e+01,9.0822e+01,9.0779e+01,9.0868e+01,9.1057e+01,9.1110e+01,9.0756e+01,9.1083e+01,9.1150e+01,9.0467e+01,8.9743e+01,9.0055e+01,8.9778e+01,8.9629e+01,8.8096e+01,8.7994e+01,8.8824e+01,8.9989e+01,8.9354e+01,9.0483e+01,9.0745e+01,9.2293e+01,9.3117e+01,9.1702e+01,9.1945e+01,9.0692e+01,9.1583e+01,9.1953e+01,9.1078e+01,9.1388e+01,9.0255e+01,8.9742e+01,9.0542e+01,9.0023e+01,9.0719e+01,9.0371e+01,9.1931e+01,9.2158e+01,9.3827e+01,9.3887e+01,9.2591e+01,9.4082e+01,9.4874e+01,9.5848e+01,9.7699e+01,9.8144e+01,1.0012e+02,1.0094e+02,1.0267e+02,1.0433e+02,1.0577e+02,1.0769e+02,1.0951e+02,1.1080e+02,1.1232e+02,1.1292e+02,1.1462e+02,1.1621e+02,1.1719e+02,1.1839e+02,1.1926e+02,1.2078e+02,1.2196e+02,1.2321e+02,1.2455e+02,1.2559e+02,1.2656e+02,1.2735e+02,1.2785e+02,1.2865e+02,1.2958e+02,1.3053e+02,1.3158e+02,1.3267e+02,1.3380e+02,1.3487e+02,1.3588e+02,1.3711e+02,1.3790e+02,1.3864e+02,1.3956e+02,1.4007e+02,1.4069e+02,1.4055e+02,1.4035e+02
9.1364e+01,9.1255e+01,9.1085e+01,9.1187e+01,9.1363e+01,9.1845e+01,9.2009e+01,9.2558e+01,9.2442e+01,9.2074e+01,9.2082e+01,9.1683e+01,9.1723e+01,9.1653e+01,9.1080e+01,9.0808e+01,9.0702e+01,9.0164e+01,8.9688e+01,8.9254e+01,8.8270e+01,8.7750e+01,8.7404e+01,8.6704e+01,8.6303e+01,8.5388e+01,8.4972e+01,8.4477e+01,8.4095e+01,8.4750e+01,8.4801e+01,8.5017e+01,8.4159e+01,8.3651e+01,8.4179e+01,8.4162e+01,8.4783e+01,8.5284e+01,8.6243e+01,8.6687e+01,8.7321e+01,8.8392e+01,8.9039e+01,8.9635e+01,8.9637e+01,9.0160e+01,8.9861e+01,9.0622e+01,9.0576e+01,9.0666e+01,9.0854e+01,9.0907e+01,9.0552e+01,9.0879e+01,9.0945e+01,9.0260e+01,8.9532e+01,8.9843e+01,8.9564e+01,8.9414e+01,8.7878e+01,8.7775e+01,8.8607e+01,8.9773e+01,8.9135e+01,9.0267e+01,9.0529e+01,9.2078e+01,9.2903e+01,9.1485e+01,9.1728e+01,9.0472e+01,9.1365e+01,9.1734e+01,9.0857e+01,9.1166e+01,9.0031e+01,8.9516e+01,9.0317e+01,8.9797e+01,9.0494e+01,9.0146e+01,9.1709e+01,9.1935e+01,9.3607e+01,9.3667e+01,9.2372e+01,9.3865e+01,9.4659e+01,9.5634e+01,9.7486e+01,9.7934e+01,9.9908e+01,1.0074e+02,1.0246e+02,1.0413e+02,1.0556e+02,1.0749e+02,1.0931e+02,1.1060e+02,1.1212e+02,1.1272e+02,1.1443e+02,1.1602e+02,1.1700e+02,1.1821e+02,1.1908e+02,1.2061e+02,1.2179e+02,1.2304e+02,1.2438e+02,1.2542e+02,1.2639e+02,1.2719e+02,1.2769e+02,1.2849e+02,1.2942e+02,1.3037e+02,1.3142e+02,1.3251e+02,1.3365e+02,1.3471e+02,1.3572e+02,1.3695e+02,1.3774e+02,1.3849e+02,1.3941e+02,1.3991e+02,1.4054e+02,1.4039e+02,1.4019e+02
9.1151e+01,9.1042e+01,9.0871e+01,9.0974e+01,9.1153e+01,9.1638e+01,9.1803e+01,9.2354e+01,9.2238e+01,9.1867e+01,9.1871e+01,9.1469e+01,9.1505e+01,9.1431e+01,9.0858e+01,9.0585e+01,9.0476e+01,8.9939e+01,8.9460e+01,8.9025e+01,8.8037e+01,8.7515e+01,8.7166e+01,8.6465e+01,8.6064e+01,8.5147e+01,8.4732e+01,8.4235e+01,8.3850e+01,8.4506e+01,8.4556e+01,8.4772e+01,8.3912e+01,8.3403e+01,8.3932e+01,8.3915e+01,8.4537e+01,8.5038e+01,8.5998e+01,8.6442e+01,8.7075e+01,8.8149e+01,8.8798e+01,8.9396e+01,8.9396e+01,8.9922e+01,8.9623e+01,9.0387e+01,9.0339e+01,9.0430e+01,9.0618e+01,9.0672e+01,9.0318e+01,9.0645e+01,9.0714e+01,9.0028e+01,8.9300e+01,8.9612e+01,8.9334e+01,8.9183e+01,8.7644e+01,8.7541e+01,8.8375e+01,8.9544e+01,8.8904e+01,9.0039e+01,9.0301e+01,9.1854e+01,9.2681e+01,9.1259e+01,9.1503e+01,9.0243e+01,9.1137e+01,9.1508e+01,9.0627e+01,9.0936e+01,8.9799e+01,8.9282e+01,9.0084e+01,8.9562e+01,9.0260e+01,8.9910e+01,9.1475e+01,9.1701e+01,9.3375e+01,9.3435e+01,9.2137e+01,9.3633e+01,9.4430e+01,9.5406e+01,9.7261e+01,9.7713e+01,9.9689e+01,1.0052e+02,1.0224e+02,1.0391e+02,1.0536e+02,1.0729e+02,1.0910e+02,1.1040e+02,1.1192e+02,1.1253e+02,1.1424e+02,1.1583e+02,1.1682e+02,1.1802e+02,1.1890e+02,1.2043e+02,1.2161e+02,1.2287e+02,1.2421e+02,1.2525e+02,1.2622e+02,1.2702e+02,1.2753e+02,1.2833e+02,1.2926e+02,1.3021e+02,1.3126e+02,1.3236e+02,1.3349e+02,1.3456e+02,1.3557e+02,1.3681e+02,1.3760e+02,1.3834e+02,1.3926e+02,1.3977e+02,1.4040e+02,1.4025e+02,1.4005e+02
9.0976e+01,9.0866e+01,9.0696e+01,9.0801e+01,9.0983e+01,9.1469e+01,9.1635e+01,9.2188e+01,9.2071e+01,9.1696e+01,9.1697e+01,9.1290e+01,9.1321e+01,9.1245e+01,9.0670e+01,9.0395e+01,9.0284e+01,8.9745e+01,8.9265e+01,8.8830e+01,8.7842e+01,8.7319e+01,8.6971e+01,8.6270e+01,8.5867e+01,8.4951e+01,8.4535e+01,8.4039e+01,8.3656e+01,8.4312e+01,8.4366e+01,8.4581e+01,8.3719e+01,8.3212e+01,8.3744e+01,8.3727e+01,8.4348e+01,8.4849e+01,8.5809e+01,8.6254e+01,8.6888e+01,8.7963e+01,8.8613e+01,8.9213e+01,8.9215e+01,8.9741e+01,8.9442e+01,9.0205e+01,9.0154e+01,9.0244e+01,9.0430e+01,9.0483e+01,9.0127e+01,9.0454e+01,9.0520e+01,8.9831e+01,8.9101e+01,8.9411e+01,8.9130e+01,8.8977e+01,8.7439e+01,8.7334e+01,8.8168e+01,8.9335e+01,8.8695e+01,8.9831e+01,9.0093e+01,9.1646e+01,9.2473e+01,9.1051e+01,9.1296e+01,9.0034e+01,9.0927e+01,9.1297e+01,9.0414e+01,9.0724e+01,8.9586e+01,8.9069e+01,8.9872e+01,8.9351e+01,9.0050e+01,8.9703e+01,9.1268e+01,9.1492e+01,9.3167e+01,9.3230e+01,9.1935e+01,9.3433e+01,9.4233e+01,9.5212e+01,9.7070e+01,9.7524e+01,9.9504e+01,1.0034e+02,1.0207e+02,1.0374e+02,1.0519e+02,1.0712e+02,1.0894e+02,1.1024e+02,1.1177e+02,1.1237e+02,1.1409e+02,1.1569e+02,1.1668e+02,1.1789e+02,1.1877e+02,1.2030e+02,1.2149e+02,1.2274e+02,1.2409e+02,1.2513e+02,1.2610e+02,1.2691e+02,1.2741e+02,1.2822e+02,1.2915e+02,1.3010e+02,1.3115e+02,1.3225e+02,1.3339e+02,1.3446e+02,1.3547e+02,1.3671e+02,1.3750e+02,1.3824e+02,1.3916e+02,1.3968e+02,1.4030e+02,1.4015e+02,1.3995e+02
9.0697e+01,9.0587e+01,9.0415e+01,9.0521e+01,9.0703e+01,9.1191e+01,9.1358e+01,9.1912e+01,9.1798e+01,9.1422e+01,9.1422e+01,9.1015e+01,9.1045e+01,9.0969e+01,9.0391e+01,9.0116e+01,9.0007e+01,8.9466e+01,8.8985e+01,8.8545e+01,8.7552e+01,8.7026e+01,8.6675e+01,8.5973e+01,8.5568e+01,8.4651e+01,8.4234e+01,8.3739e+01,8.3355e+01,8.4015e+01,8.4070e+01,8.4287e+01,8.3422e+01,8.2913e+01,8.3447e+01,8.3431e+01,8.4055e+01,8.4557e+01,8.5521e+01,8.5969e+01,8.6606e+01,8.7684e+01,8.8337e+01,8.8939e+01,8.8941e+01,8.9468e+01,8.9167e+01,8.9930e+01,8.9878e+01,8.9968e+01,9.0153e+01,9.0206e+01,8.9848e+01,9.0176e+01,9.0244e+01,8.9554e+01,8.8823e+01,8.9134e+01,8.8849e+01,8.8695e+01,8.7151e+01,8.7044e+01,8.7881e+01,8.9051e+01,8.8408e+01,8.9547e+01,8.9809e+01,9.1365e+01,9.2194e+01,9.0767e+01,9.1014e+01,8.9747e+01,9.0641e+01,9.1009e+01,9.0122e+01,9.0431e+01,8.9287e+01,8.8768e+01,8.9571e+01,8.9045e+01,8.9745e+01,8.9395e+01,9.0964e+01,9.1190e+01,9.2868e+01,9.2930e+01,9.1633e+01,9.3134e+01,9.3938e+01,9.4919e+01,9.6782e+01,9.7240e+01,9.9224e+01,1.0006e+02,1.0180e+02,1.0347e+02,1.0493e+02,1.0686e+02,1.0869e+02,1.1000e+02,1.1153e+02,1.1213e+02,1.1386e+02,1.1546e+02,1.1645e+02,1.1766e+02,1.1855e+02,1.2009e+02,1.2127e+02,1.2253e+02,1.2388e+02,1.2492e+02,1.2590e+02,1.2671e+02,1.2721e+02,1.2802e+02,1.2895e+02,1.2991e+02,1.3096e+02,1.3206e+02,1.3320e+02,1.3427e+02,1.3528e+02,1.3652e+02,1.3732e+02,1.3806e+02,1.3899e+02,1.3950e+02,1.4013e+02,1.3998e+02,1.3978e+02
9.0414e+01,9.0304e+01,9.0131e+01,9.0237e+01,9.0419e+01,9.0908e+01,9.1077e+01,9.1633e+01,9.1519e+01,9.1143e+01,9.1140e+01,9.0730e+01,9.0759e+01,9.0681e+01,9.0101e+01,8.9822e+01,8.9711e+01,8.9168e+01,8.8683e+01,8.8241e+01,8.7243e+01,8.6713e+01,8.6362e+01,8.5656e+01,8.5246e+01,8.4328e+01,8.3908e+01,8.3413e+01,8.3029e+01,8.3693e+01,8.3750e+01,8.3968e+01,8.3099e+01,8.2588e+01,8.3125e+01,8.3108e+01,8.3732e+01,8.4236e+01,8.5205e+01,8.5657e+01,8.6297e+01,8.7381e+01,8.8034e+01,8.8639e+01,8.8641e+01,8.9169e+01,8.8868e+01,8.9632e+01,8.9578e+01,8.9667e+01,8.9850e+01,8.9903e+01,8.9542e+01,8.9871e+01,8.9938e+01,8.9244e+01,8.8511e+01,8.8822e+01,8.8535e+01,8.8380e+01,8.6831e+01,8.6723e+01,8.7564e+01,8.8738e+01,8.8093e+01,8.9238e+01,8.9500e+01,9.1061e+01,9.1894e+01,9.0463e+01,9.0712e+01,8.9441e+01,9.0335e+01,9.0702e+01,8.9810e+01,9.0120e+01,8.8972e+01,8.8452e+01,8.9257e+01,8.8728e+01,8.9430e+01,8.9080e+01,9.0653e+01,9.0882e+01,9.2565e+01,9.2628e+01,9.1328e+01,9.2834e+01,9.3639e+01,9.4625e+01,9.6492e+01,9.6951e+01,9.8942e+01,9.9786e+01,1.0153e+02,1.0321e+02,1.0467e+02,1.0661e+02,1.0844e+02,1.0976e+02,1.1129e+02,1.1190e+02,1.1363e+02,1.1524e+02,1.1623e+02,1.1745e+02,1.1834e+02,1.1988e+02,1.2107e+02,1.2233e+02,1.2369e+02,1.2473e+02,1.2571e+02,1.2652e+02,1.2703e+02,1.2783e+02,1.2877e+02,1.2973e+02,1.3078e+02,1.3188e+02,1.3303e+02,1.3410e+02,1.3511e+02,1.3636e+02,1.3715e+02,1.3790e+02,1.3882e+02,1.3934e+02,1.3997e+02,1.3982e+02,1.3962e+02
9.0208e+01,9.0098e+01,8.9925e+01,9.0034e+01,9.0218e+01,9.0709e+01,9.0880e+01,9.1437e+01,9.1323e+01,9.0946e+01,9.0939e+01,9.0526e+01,9.0552e+01,9.0474e+01,8.9893e+01,8.9613e+01,8.9502e+01,8.8955e+01,8.8468e+01,8.8023e+01,8.7023e+01,8.6490e+01,8.6138e+01,8.5430e+01,8.5018e+01,8.4101e+01,8.3680e+01,8.3186e+01,8.2803e+01,8.3469e+01,8.3527e+01,8.3748e+01,8.2877e+01,8.2363e+01,8.2903e+01,8.2883e+01,8.3506e+01,8.4009e+01,8.4980e+01,8.5434e+01,8.6076e+01,8.7163e+01,8.7820e+01,8.8428e+01,8.8433e+01,8.8964e+01,8.8662e+01,8.9429e+01,8.9376e+01,8.9467e+01,8.9650e+01,8.9703e+01,8.9343e+01,8.9673e+01,8.9741e+01,8.9046e+01,8.8312e+01,8.8623e+01,8.8335e+01,8.8178e+01,8.6626e+01,8.6515e+01,8.7357e+01,8.8531e+01,8.7883e+01,8.9028e+01,8.9288e+01,9.0851e+01,9.1683e+01,9.0248e+01,9.0496e+01,8.9221e+01,9.0117e+01,9.0486e+01,8.9593e+01,8.9901e+01,8.8751e+01,8.8229e+01,8.9034e+01,8.8503e+01,8.9205e+01,8.8852e+01,9.0427e+01,9.0656e+01,9.2340e+01,9.2401e+01,9.1098e+01,9.2605e+01,9.3412e+01,9.4398e+01,9.6268e+01,9.6728e+01,9.8722e+01,9.9567e+01,1.0131e+02,1.0299e+02,1.0446e+02,1.0640e+02,1.0823e+02,1.0955e+02,1.1108e+02,1.1169e+02,1.1342e+02,1.1503e+02,1.1603e+02,1.1725e+02,1.1814e+02,1.1968e+02,1.2088e+02,1.2214e+02,1.2350e+02,1.2454e+02,1.2552e+02,1.2634e+02,1.2685e+02,1.2765e+02,1.2859e+02,1.2956e+02,1.3061e+02,1.3172e+02,1.3286e+02,1.3393e+02,1.3495e+02,1.3620e+02,1.3699e+02,1.3774e+02,1.3867e+02,1.3919e+02,1.3982e+02,1.3967e+02,1.3946e+02
9.0066e+01,8.9954e+01,8.9781e+01,8.9891e+01,9.0075e+01,9.0565e+01,9.0736e+01,9.1293e+01,9.1178e+01,9.0801e+01,9.0792e+01,9.0379e+01,9.0405e+01,9.0327e+01,8.9744e+01,8.9465e+01,8.9354e+01,8.8804e+01,8.8318e+01,8.7870e+01,8.6869e+01,8.6332e+01,8.5981e+01,8.5268e+01,8.4852e+01,8.3932e+01,8.3510e+01,8.3015e+01,8.2633e+01,8.3301e+01,8.3361e+01,8.3581e+01,8.2708e+01,8.2194e+01,8.2736e+01,8.2716e+01,8.3340e+01,8.3844e+01,8.4819e+01,8.5277e+01,8.5923e+01,8.7016e+01,8.7674e+01,8.8284e+01,8.8291e+01,8.8824e+01,8.8523e+01,8.9291e+01,8.9237e+01,8.9329e+01,8.9510e+01,8.9563e+01,8.9200e+01,8.9530e+01,8.9596e+01,8.8897e+01,8.8160e+01,8.8470e+01,8.8178e+01,8.8020e+01,8.6466e+01,8.6353e+01,8.7198e+01,8.8375e+01,8.7725e+01,8.8875e+01,8.9136e+01,9.0700e+01,9.1536e+01,9.0098e+01,9.0348e+01,8.9070e+01,8.9966e+01,9.0333e+01,8.9437e+01,8.9745e+01,8.8591e+01,8.8068e+01,8.8873e+01,8.8338e+01,8.9040e+01,8.8684e+01,9.0262e+01,9.0494e+01,9.2179e+01,9.2239e+01,9.0933e+01,9.2440e+01,9.3246e+01,9.4232e+01,9.6103e+01,9.6562e+01,9.8557e+01,9.9403e+01,1.0115e+02,1.0283e+02,1.0430e+02,1.0624e+02,1.0807e+02,1.0939e+02,1.1092e+02,1.1153e+02,1.1327e+02,1.1488e+02,1.1588e+02,1.1710e+02,1.1800e+02,1.1954e+02,1.2074e+02,1.2200e+02,1.2336e+02,1.2440e+02,1.2539e+02,1.2620e+02,1.2671e+02,1.2752e+02,1.2846e+02,1.2942e+02,1.3048e+02,1.3158e+02,1.3273e+02,1.3380e+02,1.3483e+02,1.3607e+02,1.3687e+02,1.3762e+02,1.3855e+02,1.3906e+02,1.3969e+02,1.3954e+02,1.3934e+02
8.9773e+01,8.9658e+01,8.9482e+01,8.9594e+01,8.9780e+01,9.0273e+01,9.0444e+01,9.1003e+01,9.0889e+01,9.0512e+01,9.0503e+01,9.0092e+01,9.0119e+01,9.0043e+01,8.9461e+01,8.9180e+01,8.9071e+01,8.8520e+01,8.8032e+01,8.7580e+01,8.6576e+01,8.6035e+01,8.5682e+01,8.4969e+01,8.4552e+01,8.3634e+01,8.3210e+01,8.2719e+01,8.2337e+01,8.3008e+01,8.3069e+01,8.3291e+01,8.2414e+01,8.1897e+01,8.2442e+01,8.2419e+01,8.3044e+01,8.3547e+01,8.4527e+01,8.4988e+01,8.5638e+01,8.6734e+01,8.7394e+01,8.8008e+01,8.8016e+01,8.8552e+01,8.8253e+01,8.9026e+01,8.8975e+01,8.9069e+01,8.9255e+01,8.9310e+01,8.8950e+01,8.9282e+01,8.9350e+01,8.8651e+01,8.7911e+01,8.8220e+01,8.7928e+01,8.7765e+01,8.6201e+01,8.6084e+01,8.6926e+01,8.8104e+01,8.7445e+01,8.8595e+01,8.8850e+01,9.0418e+01,9.1250e+01,8.9805e+01,9.0053e+01,8.8768e+01,8.9665e+01,9.0035e+01,8.9137e+01,8.9442e+01,8.8283e+01,8.7755e+01,8.8558e+01,8.8020e+01,8.8720e+01,8.8360e+01,8.9937e+01,9.0170e+01,9.1855e+01,9.1912e+01,9.0603e+01,9.2110e+01,9.2917e+01,9.3903e+01,9.5776e+01,9.6235e+01,9.8234e+01,9.9082e+01,1.0083e+02,1.0252e+02,1.0399e+02,1.0594e+02,1.0778e+02,1.0910e+02,1.1063e+02,1.1124e+02,1.1298e+02,1.1459e+02,1.1560e+02,1.1683e+02,1.1773e+02,1.1928e+02,1.2048e+02,1.2174e+02,1.2311e+02,1.2415e+02,1.2514e+02,1.2595e+02,1.2646e+02,1.2727e+02,1.2822e+02,1.2919e+02,1.3025e+02,1.3135e+02,1.3250e+02,1.3358e+02,1.3460e+02,1.3586e+02,1.3665e+02,1.3740e+02,1.3833e+02,1.3885e+02,1.3948e+02,1.3933e+02,1.3912e+02
8.9538e+01,8.9422e+01,8.9244e+01,8.9354e+01,8.9538e+01,9.0032e+01,9.0202e+01,9.0760e+01,9.0644e+01,9.0269e+01,9.0263e+01,8.9853e+01,8.9883e+01,8.9809e+01,8.9226e+01,8.8945e+01,8.8836e+01,8.8284e+01,8.7796e+01,8.7341e+01,8.6335e+01,8.5791e+01,8.5438e+01,8.4721e+01,8.4302e+01,8.3384e+01,8.2961e+01,8.2470e+01,8.2086e+01,8.2758e+01,8.2818e+01,8.3042e+01,8.2162e+01,8.1642e+01,8.2187e+01,8.2162e+01,8.2789e+01,8.3294e+01,8.4278e+01,8.4743e+01,8.5397e+01,8.6498e+01,8.7160e+01,8.7778e+01,8.7790e+01,8.8329e+01,8.8029e+01,8.8803e+01,8.8752e+01,8.8848e+01,8.9035e+01,8.9090e+01,8.8730e+01,8.9063e+01,8.9130e+01,8.8431e+01,8.7689e+01,8.7998e+01,8.7707e+01,8.7541e+01,8.5970e+01,8.5851e+01,8.6693e+01,8.7873e+01,8.7211e+01,8.8362e+01,8.8617e+01,9.0189e+01,9.1023e+01,8.9573e+01,8.9821e+01,8.8533e+01,8.9432e+01,8.9803e+01,8.8903e+01,8.9208e+01,8.8045e+01,8.7515e+01,8.8318e+01,8.7776e+01,8.8476e+01,8.8114e+01,8.9693e+01,8.9928e+01,9.1614e+01,9.1670e+01,9.0358e+01,9.1866e+01,9.2673e+01,9.3660e+01,9.5534e+01,9.5992e+01,9.7994e+01,9.8843e+01,1.0060e+02,1.0229e+02,1.0376e+02,1.0571e+02,1.0755e+02,1.0887e+02,1.1040e+02,1.1102e+02,1.1276e+02,1.1437e+02,1.1538e+02,1.1661e+02,1.1752e+02,1.1907e+02,1.2027e+02,1.2154e+02,1.2291e+02,1.2396e+02,1.2494e+02,1.2576e+02,1.2627e+02,1.2708e+02,1.2803e+02,1.2900e+02,1.3006e+02,1.3117e+02,1.3232e+02,1.3340e+02,1.3442e+02,1.3568e+02,1.3647e+02,1.3722e+02,1.3815e+02,1.3867e+02,1.3930e+02,1.3915e+02,1.3895e+02
8.9378e+01,8.9260e+01,8.9081e+01,8.9191e+01,8.9373e+01,8.9866e+01,9.0035e+01,9.0591e+01,9.0473e+01,9.0099e+01,9.0093e+01,8.9685e+01,8.9715e+01,8.9645e+01,8.9061e+01,8.8784e+01,8.8677e+01,8.8127e+01,8.7639e+01,8.7185e+01,8.6177e+01,8.5633e+01,8.5282e+01,8.4561e+01,8.4142e+01,8.3220e+01,8.2795e+01,8.2302e+01,8.1912e+01,8.2582e+01,8.2638e+01,8.2860e+01,8.1980e+01,8.1458e+01,8.2000e+01,8.1974e+01,8.2602e+01,8.3109e+01,8.4097e+01,8.4562e+01,8.5218e+01,8.6323e+01,8.6985e+01,8.7606e+01,8.7622e+01,8.8164e+01,8.7863e+01,8.8641e+01,8.8591e+01,8.8687e+01,8.8877e+01,8.8933e+01,8.8572e+01,8.8905e+01,8.8974e+01,8.8274e+01,8.7531e+01,8.7841e+01,8.7550e+01,8.7383e+01,8.5808e+01,8.5688e+01,8.6533e+01,8.7717e+01,8.7052e+01,8.8208e+01,8.8463e+01,9.0040e+01,9.0876e+01,8.9423e+01,8.9672e+01,8.8381e+01,8.9283e+01,8.9654e+01,8.8751e+01,8.9057e+01,8.7889e+01,8.7358e+01,8.8161e+01,8.7615e+01,8.8316e+01,8.7952e+01,8.9533e+01,8.9771e+01,9.1459e+01,9.1512e+01,9.0198e+01,9.1707e+01,9.2513e+01,9.3501e+01,9.5377e+01,9.5834e+01,9.7840e+01,9.8690e+01,1.0045e+02,1.0214e+02,1.0362e+02,1.0556e+02,1.0741e+02,1.0874e+02,1.1027e+02,1.1089e+02,1.1264e+02,1.1425e+02,1.1526e+02,1.1649e+02,1.1740e+02,1.1895e+02,1.2016e+02,1.2143e+02,1.2280e+02,1.2385e+02,1.2484e+02,1.2565e+02,1.2616e+02,1.2698e+02,1.2792e+02,1.2889e+02,1.2995e+02,1.3106e+02,1.3221e+02,1.3330e+02,1.3433e+02,1.3558e+02,1.3638e+02,1.3713e+02,1.3806e+02,1.3858e+02,1.3921e+02,1.3906e+02,1.3886e+02
8.9207e+01,8.9085e+01,8.8904e+01,8.9014e+01,8.9197e+01,8.9691e+01,8.9860e+01,9.0417e+01,9.0299e+01,8.9928e+01,8.9924e+01,8.9517e+01,8.9549e+01,8.9482e+01,8.8897e+01,8.8620e+01,8.8513e+01,8.7962e+01,8.7474e+01,8.7015e+01,8.6008e+01,8.5462e+01,8.5114e+01,8.4390e+01,8.3969e+01,8.3048e+01,8.2622e+01,8.2132e+01,8.1740e+01,8.2414e+01,8.2471e+01,8.2691e+01,8.1807e+01,8.1281e+01,8.1826e+01,8.1801e+01,8.2435e+01,8.2945e+01,8.3941e+01,8.4409e+01,8.5071e+01,8.6175e+01,8.6838e+01,8.7462e+01,8.7480e+01,8.8022e+01,8.7720e+01,8.8498e+01,8.8447e+01,8.8541e+01,8.8732e+01,8.8785e+01,8.8421e+01,8.8754e+01,8.8821e+01,8.8117e+01,8.7373e+01,8.7682e+01,8.7389e+01,8.7219e+01,8.5641e+01,8.5518e+01,8.6362e+01,8.7544e+01,8.6875e+01,8.8030e+01,8.8282e+01,8.9858e+01,9.0692e+01,8.9237e+01,8.9486e+01,8.8192e+01,8.9089e+01,8.9458e+01,8.8553e+01,8.8856e+01,8.7685e+01,8.7152e+01,8.7952e+01,8.7403e+01,8.8103e+01,8.7738e+01,8.9318e+01,8.9557e+01,9.1243e+01,9.1295e+01,8.9981e+01,9.1488e+01,9.2294e+01,9.3283e+01,9.5158e+01,9.5614e+01,9.7620e+01,9.8471e+01,1.0023e+02,1.0193e+02,1.0340e+02,1.0535e+02,1.0720e+02,1.0853e+02,1.1006e+02,1.1068e+02,1.1243e+02,1.1404e+02,1.1505e+02,1.1629e+02,1.1720e+02,1.1875e+02,1.1996e+02,1.2123e+02,1.2261e+02,1.2366e+02,1.2465e+02,1.2547e+02,1.2598e+02,1.2679e+02,1.2774e+02,1.2871e+02,1.2977e+02,1.3089e+02,1.3204e+02,1.3312e+02,1.3415e+02,1.3541e+02,1.3621e+02,1.3695e+02,1.3789e+02,1.3841e+02,1.3904e+02,1.3889e+02,1.3869e+02
8.8914e+01,8.8790e+01,8.8610e+01,8.8723e+01,8.8906e+01,8.9399e+01,8.9571e+01,9.0129e+01,9.0010e+01,8.9640e+01,8.9636e+01,8.9232e+01,8.9265e+01,8.9200e+01,8.8614e+01,8.8339e+01,8.8233e+01,8.7680e+01,8.7195e+01,8.6732e+01,8.5724e+01,8.5176e+01,8.4825e+01,8.4099e+01,8.3676e+01,8.2755e+01,8.2326e+01,8.1833e+01,8.1438e+01,8.2112e+01,8.2167e+01,8.2385e+01,8.1498e+01,8.0970e+01,8.1512e+01,8.1487e+01,8.2128e+01,8.2642e+01,8.3643e+01,8.4113e+01,8.4776e+01,8.5879e+01,8.6541e+01,8.7165e+01,8.7180e+01,8.7725e+01,8.7424e+01,8.8206e+01,8.8155e+01,8.8249e+01,8.8443e+01,8.8499e+01,8.8133e+01,8.8466e+01,8.8534e+01,8.7828e+01,8.7083e+01,8.7392e+01,8.7097e+01,8.6926e+01,8.5346e+01,8.5222e+01,8.6068e+01,8.7251e+01,8.6582e+01,8.7738e+01,8.7989e+01,8.9565e+01,9.0400e+01,8.8943e+01,8.9193e+01,8.7897e+01,8.8794e+01,8.9161e+01,8.8255e+01,8.8556e+01,8.7383e+01,8.6849e+01,8.7649e+01,8.7099e+01,8.7800e+01,8.7437e+01,8.9019e+01,8.9258e+01,9.0947e+01,9.1002e+01,8.9689e+01,9.1200e+01,9.2012e+01,9.3005e+01,9.4886e+01,9.5346e+01,9.7359e+01,9.8216e+01,9.9982e+01,1.0168e+02,1.0317e+02,1.0512e+02,1.0697e+02,1.0830e+02,1.0984e+02,1.1046e+02,1.1221e+02,1.1383e+02,1.1485e+02,1.1608e+02,1.1699e+02,1.1855e+02,1.1976e+02,1.2104e+02,1.2242e+02,1.2348e+02,1.2447e+02,1.2530e+02,1.2581e+02,1.2662e+02,1.2757e+02,1.2855e+02,1.2961e+02,1.3073e+02,1.3188e+02,1.3297e+02,1.3400e+02,1.3526e+02,1.3605e+02,1.3680e+02,1.3774e+02,1.3826e+02,1.3889e+02,1.3874e+02,1.3854e+02
8.8727e+01,8.8602e+01,8.8422e+01,8.8536e+01,8.8721e+01,8.9213e+01,8.9385e+01,8.9942e+01,8.9824e+01,8.9455e+01,8.9451e+01,8.9047e+01,8.9078e+01,8.9013e+01,8.8428e+01,8.8156e+01,8.8053e+01,8.7502e+01,8.7020e+01,8.6556e+01,8.5547e+01,8.4996e+01,8.4643e+01,8.3912e+01,8.3490e+01,8.2567e+01,8.2137e+01,8.1643e+01,8.1242e+01,8.1918e+01,8.1971e+01,8.2184e+01,8.1297e+01,8.0767e+01,8.1307e+01,8.1284e+01,8.1931e+01,8.2451e+01,8.3457e+01,8.3924e+01,8.4588e+01,8.5690e+01,8.6349e+01,8.6976e+01,8.6992e+01,8.7540e+01,8.7240e+01,8.8027e+01,8.7976e+01,8.8072e+01,8.8269e+01,8.8327e+01,8.7962e+01,8.8295e+01,8.8365e+01,8.7660e+01,8.6915e+01,8.7226e+01,8.6932e+01,8.6760e+01,8.5176e+01,8.5052e+01,8.5898e+01,8.7082e+01,8.6410e+01,8.7567e+01,8.7816e+01,8.9393e+01,9.0228e+01,8.8768e+01,8.9017e+01,8.7718e+01,8.8615e+01,8.8984e+01,8.8077e+01,8.8377e+01,8.7201e+01,8.6665e+01,8.7464e+01,8.6911e+01,8.7610e+01,8.7244e+01,8.8827e+01,8.9066e+01,9.0755e+01,9.0807e+01,8.9490e+01,9.1001e+01,9.1815e+01,9.2807e+01,9.4691e+01,9.5149e+01,9.7166e+01,9.8023e+01,9.9791e+01,1.0150e+02,1.0298e+02,1.0493e+02,1.0679e+02,1.0812e+02,1.0966e+02,1.1027e+02,1.1203e+02,1.1364e+02,1.1467e+02,1.1591e+02,1.1681e+02,1.1838e+02,1.1959e+02,1.2087e+02,1.2225e+02,1.2331e+02,1.2430e+02,1.2512e+02,1.2563e+02,1.2645e+02,1.2739e+02,1.2838e+02,1.2944e+02,1.3055e+02,1.3171e+02,1.3280e+02,1.3383e+02,1.3509e+02,1.3588e+02,1.3663e+02,1.3756e+02,1.3809e+02,1.3872e+02,1.3857e+02,1.3837e+02
8.8586e+01,8.8461e+01,8.8283e+01,8.8400e+01,8.8586e+01,8.9078e+01,8.9251e+01,8.9810e+01,8.9690e+01,8.9320e+01,8.9315e+01,8.8908e+01,8.8940e+01,8.8876e+01,8.8289e+01,8.8017e+01,8.7914e+01,8.7361e+01,8.6879e+01,8.6414e+01,8.5404e+01,8.4856e+01,8.4502e+01,8.3772e+01,8.3349e+01,8.2429e+01,8.1995e+01,8.1500e+01,8.1099e+01,8.1776e+01,8.1829e+01,8.2042e+01,8.1151e+01,8.0620e+01,8.1160e+01,8.1138e+01,8.1788e+01,8.2310e+01,8.3319e+01,8.3787e+01,8.4453e+01,8.5555e+01,8.6216e+01,8.6846e+01,8.6863e+01,8.7414e+01,8.7114e+01,8.7905e+01,8.7856e+01,8.7951e+01,8.8149e+01,8.8207e+01,8.7841e+01,8.8174e+01,8.8244e+01,8.7536e+01,8.6790e+01,8.7099e+01,8.6802e+01,8.6628e+01,8.5041e+01,8.4913e+01,8.5760e+01,8.6942e+01,8.6267e+01,8.7423e+01,8.7669e+01,8.9245e+01,9.0078e+01,8.8616e+01,8.8865e+01,8.7564e+01,8.8459e+01,8.8826e+01,8.7919e+01,8.8217e+01,8.7038e+01,8.6500e+01,8.7297e+01,8.6742e+01,8.7440e+01,8.7071e+01,8.8653e+01,8.8893e+01,9.0581e+01,9.0631e+01,8.9311e+01,9.0822e+01,9.1635e+01,9.2627e+01,9.4512e+01,9.4970e+01,9.6988e+01,9.7846e+01,9.9616e+01,1.0132e+02,1.0281e+02,1.0476e+02,1.0662e+02,1.0795e+02,1.0949e+02,1.1011e+02,1.1187e+02,1.1349e+02,1.1451e+02,1.1575e+02,1.1666e+02,1.1823e+02,1.1944e+02,1.2072e+02,1.2210e+02,1.2316e+02,1.2416e+02,1.2498e+02,1.2549e+02,1.2630e+02,1.2725e+02,1.2823e+02,1.2930e+02,1.3041e+02,1.3157e+02,1.3266e+02,1.3369e+02,1.3495e+02,1.3574e+02,1.3649e+02,1.3743e+02,1.3795e+02,1.3859e+02,1.3844e+02,1.3823e+02
8.8475e+01,8.8349e+01,8.8170e+01,8.8291e+01,8.8478e+01,8.8971e+01,8.9146e+01,8.9707e+01,8.9588e+01,8.9219e+01,8.9214e+01,8.8809e+01,8.8839e+01,8.8775e+01,8.8184e+01,8.7911e+01,8.7810e+01,8.7253e+01,8.6773e+01,8.6304e+01,8.5292e+01,8.4740e+01,8.4387e+01,8.3655e+01,8.3231e+01,8.2311e+01,8.1875e+01,8.1379e+01,8.0980e+01,8.1659e+01,8.1716e+01,8.1926e+01,8.1032e+01,8.0501e+01,8.1043e+01,8.1024e+01,8.1681e+01,8.2203e+01,8.3218e+01,8.3691e+01,8.4362e+01,8.5467e+01,8.6132e+01,8.6766e+01,8.6786e+01,8.7340e+01,8.7041e+01,8.7835e+01,8.7784e+01,8.7878e+01,8.8075e+01,8.8130e+01,8.7761e+01,8.8091e+01,8.8158e+01,8.7445e+01,8.6694e+01,8.6999e+01,8.6697e+01,8.6520e+01,8.4930e+01,8.4799e+01,8.5647e+01,8.6829e+01,8.6149e+01,8.7306e+01,8.7548e+01,8.9122e+01,8.9954e+01,8.8489e+01,8.8738e+01,8.7433e+01,8.8323e+01,8.8687e+01,8.7776e+01,8.8070e+01,8.6888e+01,8.6347e+01,8.7140e+01,8.6581e+01,8.7277e+01,8.6907e+01,8.8489e+01,8.8732e+01,9.0419e+01,9.0468e+01,8.9150e+01,9.0662e+01,9.1475e+01,9.2468e+01,9.4354e+01,9.4813e+01,9.6834e+01,9.7695e+01,9.9467e+01,1.0118e+02,1.0267e+02,1.0462e+02,1.0648e+02,1.0782e+02,1.0936e+02,1.0998e+02,1.1174e+02,1.1335e+02,1.1438e+02,1.1562e+02,1.1653e+02,1.1811e+02,1.1932e+02,1.2060e+02,1.2199e+02,1.2305e+02,1.2404e+02,1.2487e+02,1.2538e+02,1.2619e+02,1.2715e+02,1.2813e+02,1.2920e+02,1.3031e+02,1.3147e+02,1.3257e+02,1.3360e+02,1.3485e+02,1.3565e+02,1.3640e+02,1.3733e+02,1.3786e+02,1.3849e+02,1.3834e+02,1.3814e+02
8.8313e+01,8.8186e+01,8.8004e+01,8.8126e+01,8.8312e+01,8.8803e+01,8.8980e+01,8.9541e+01,8.9422e+01,8.9054e+01,8.9051e+01,8.8649e+01,8.8679e+01,8.8618e+01,8.8026e+01,8.7755e+01,8.7655e+01,8.7097e+01,8.6617e+01,8.6146e+01,8.5134e+01,8.4582e+01,8.4232e+01,8.3501e+01,8.3073e+01,8.2149e+01,8.1709e+01,8.1210e+01,8.0808e+01,8.1491e+01,8.1547e+01,8.1756e+01,8.0858e+01,8.0323e+01,8.0866e+01,8.0848e+01,8.1512e+01,8.2038e+01,8.3062e+01,8.3540e+01,8.4217e+01,8.5328e+01,8.5993e+01,8.6630e+01,8.6651e+01,8.7208e+01,8.6908e+01,8.7705e+01,8.7653e+01,8.7745e+01,8.7942e+01,8.7995e+01,8.7624e+01,8.7952e+01,8.8015e+01,8.7299e+01,8.6543e+01,8.6846e+01,8.6539e+01,8.6360e+01,8.4766e+01,8.4633e+01,8.5484e+01,8.6667e+01,8.5985e+01,8.7145e+01,8.7386e+01,8.8959e+01,8.9793e+01,8.8326e+01,8.8578e+01,8.7269e+01,8.8157e+01,8.8517e+01,8.7603e+01,8.7896e+01,8.6710e+01,8.6169e+01,8.6960e+01,8.6398e+01,8.7093e+01,8.6720e+01,8.8303e+01,8.8550e+01,9.0238e+01,9.0287e+01,8.8967e+01,9.0480e+01,9.1291e+01,9.2287e+01,9.4174e+01,9.4630e+01,9.6655e+01,9.7517e+01,9.9294e+01,1.0101e+02,1.0250e+02,1.0446e+02,1.0632e+02,1.0766e+02,1.0921e+02,1.0983e+02,1.1159e+02,1.1321e+02,1.1424e+02,1.1549e+02,1.1640e+02,1.1798e+02,1.1919e+02,1.2047e+02,1.2187e+02,1.2293e+02,1.2393e+02,1.2475e+02,1.2526e+02,1.2609e+02,1.2704e+02,1.2803e+02,1.2910e+02,1.3022e+02,1.3138e+02,1.3247e+02,1.3350e+02,1.3477e+02,1.3556e+02,1.3631e+02,1.3725e+02,1.3777e+02,1.3841e+02,1.3826e+02,1.3805e+02
8.8231e+01,8.8103e+01,8.7921e+01,8.8043e+01,8.8228e+01,8.8720e+01,8.8900e+01,8.9462e+01,8.9342e+01,8.8973e+01,8.8969e+01,8.8569e+01,8.8599e+01,8.8538e+01,8.7944e+01,8.7672e+01,8.7573e+01,8.7011e+01,8.6533e+01,8.6059e+01,8.5046e+01,8.4496e+01,8.4148e+01,8.3421e+01,8.2992e+01,8.2071e+01,8.1628e+01,8.1128e+01,8.0726e+01,8.1412e+01,8.1468e+01,8.1678e+01,8.0776e+01,8.0240e+01,8.0785e+01,8.0769e+01,8.1439e+01,8.1968e+01,8.2996e+01,8.3477e+01,8.4156e+01,8.5269e+01,8.5937e+01,8.6576e+01,8.6596e+01,8.7155e+01,8.6852e+01,8.7649e+01,8.7597e+01,8.7685e+01,8.7881e+01,8.7930e+01,8.7556e+01,8.7881e+01,8.7939e+01,8.7220e+01,8.6460e+01,8.6760e+01,8.6448e+01,8.6267e+01,8.4673e+01,8.4537e+01,8.5390e+01,8.6572e+01,8.5889e+01,8.7050e+01,8.7290e+01,8.8860e+01,8.9695e+01,8.8228e+01,8.8483e+01,8.7172e+01,8.8055e+01,8.8411e+01,8.7494e+01,8.7785e+01,8.6597e+01,8.6057e+01,8.6844e+01,8.6279e+01,8.6972e+01,8.6598e+01,8.8179e+01,8.8429e+01,9.0114e+01,9.0161e+01,8.8842e+01,9.0352e+01,9.1160e+01,9.2156e+01,9.4039e+01,9.4491e+01,9.6515e+01,9.7378e+01,9.9155e+01,1.0087e+02,1.0236e+02,1.0432e+02,1.0619e+02,1.0753e+02,1.0908e+02,1.0970e+02,1.1147e+02,1.1309e+02,1.1412e+02,1.1537e+02,1.1628e+02,1.1786e+02,1.1907e+02,1.2036e+02,1.2176e+02,1.2282e+02,1.2382e+02,1.2465e+02,1.2516e+02,1.2598e+02,1.2694e+02,1.2793e+02,1.2900e+02,1.3012e+02,1.3128e+02,1.3238e+02,1.3342e+02,1.3468e+02,1.3548e+02,1.3623e+02,1.3717e+02,1.3769e+02,1.3833e+02,1.3818e+02,1.3798e+02
8.8043e+01,8.7915e+01,8.7732e+01,8.7851e+01,8.8032e+01,8.8522e+01,8.8705e+01,8.9266e+01,8.9145e+01,8.8777e+01,8.8778e+01,8.8379e+01,8.8411e+01,8.8356e+01,8.7761e+01,8.7489e+01,8.7393e+01,8.6828e+01,8.6350e+01,8.5875e+01,8.4859e+01,8.4310e+01,8.3964e+01,8.3239e+01,8.2812e+01,8.1890e+01,8.1449e+01,8.0947e+01,8.0542e+01,8.1226e+01,8.1283e+01,8.1488e+01,8.0584e+01,8.0050e+01,8.0593e+01,8.0581e+01,8.1256e+01,8.1789e+01,8.2820e+01,8.3302e+01,8.3986e+01,8.5100e+01,8.5770e+01,8.6411e+01,8.6430e+01,8.6989e+01,8.6684e+01,8.7483e+01,8.7429e+01,8.7517e+01,8.7714e+01,8.7760e+01,8.7384e+01,8.7704e+01,8.7762e+01,8.7041e+01,8.6280e+01,8.6579e+01,8.6264e+01,8.6084e+01,8.4486e+01,8.4350e+01,8.5205e+01,8.6390e+01,8.5706e+01,8.6870e+01,8.7111e+01,8.8682e+01,8.9519e+01,8.8049e+01,8.8305e+01,8.6990e+01,8.7874e+01,8.8229e+01,8.7310e+01,8.7601e+01,8.6411e+01,8.5871e+01,8.6658e+01,8.6092e+01,8.6785e+01,8.6410e+01,8.7993e+01,8.8244e+01,8.9933e+01,8.9980e+01,8.8659e+01,9.0172e+01,9.0980e+01,9.1978e+01,9.3865e+01,9.4317e+01,9.6345e+01,9.7209e+01,9.8989e+01,1.0071e+02,1.0221e+02,1.0417e+02,1.0605e+02,1.0739e+02,1.0894e+02,1.0956e+02,1.1133e+02,1.1296e+02,1.1399e+02,1.1524e+02,1.1616e+02,1.1774e+02,1.1896e+02,1.2025e+02,1.2165e+02,1.2271e+02,1.2372e+02,1.2454e+02,1.2506e+02,1.2589e+02,1.2685e+02,1.2784e+02,1.2891e+02,1.3003e+02,1.3120e+02,1.3230e+02,1.3333e+02,1.3460e+02,1.3540e+02,1.3615e+02,1.3709e+02,1.3762e+02,1.3826e+02,1.3811e+02,1.3790e+02
8.7843e+01,8.7714e+01,8.7529e+01,8.7647e+01,8.7826e+01,8.8318e+01,8.8502e+01,8.9065e+01,8.8943e+01,8.8572e+01,8.8573e+01,8.8172e+01,8.8202e+01,8.8150e+01,8.7553e+01,8.7279e+01,8.7184e+01,8.6616e+01,8.6137e+01,8.5662e+01,8.4642e+01,8.4094e+01,8.3748e+01,8.3024e+01,8.2599e+01,8.1678e+01,8.1238e+01,8.0736e+01,8.0329e+01,8.1012e+01,8.1068e+01,8.1273e+01,8.0369e+01,7.9836e+01,8.0378e+01,8.0367e+01,8.1044e+01,8.1580e+01,8.2613e+01,8.3096e+01,8.3782e+01,8.4900e+01,8.5574e+01,8.6220e+01,8.6238e+01,8.6800e+01,8.6491e+01,8.7293e+01,8.7237e+01,8.7321e+01,8.7516e+01,8.7559e+01,8.7180e+01,8.7497e+01,8.7554e+01,8.6831e+01,8.6064e+01,8.6361e+01,8.6045e+01,8.5863e+01,8.4262e+01,8.4125e+01,8.4982e+01,8.6169e+01,8.5482e+01,8.6648e+01,8.6888e+01,8.8459e+01,8.9297e+01,8.7826e+01,8.8084e+01,8.6766e+01,8.7647e+01,8.8000e+01,8.7076e+01,8.7366e+01,8.6174e+01,8.5634e+01,8.6421e+01,8.5853e+01,8.6546e+01,8.6169e+01,8.7753e+01,8.8007e+01,8.9697e+01,8.9745e+01,8.8423e+01,8.9937e+01,9.0742e+01,9.1740e+01,9.3626e+01,9.4079e+01,9.6107e+01,9.6970e+01,9.8752e+01,1.0047e+02,1.0198e+02,1.0395e+02,1.0582e+02,1.0717e+02,1.0872e+02,1.0935e+02,1.1112e+02,1.1275e+02,1.1379e+02,1.1503e+02,1.1595e+02,1.1754e+02,1.1876e+02,1.2005e+02,1.2145e+02,1.2252e+02,1.2353e+02,1.2436e+02,1.2487e+02,1.2571e+02,1.2667e+02,1.2766e+02,1.2874e+02,1.2987e+02,1.3103e+02,1.3213e+02,1.3317e+02,1.3444e+02,1.3524e+02,1.3599e+02,1.3693e+02,1.3746e+02,1.3810e+02,1.3795e+02,1.3774e+02
8.7611e+01,8.7482e+01,8.7295e+01,8.7411e+01,8.7587e+01,8.8079e+01,8.8263e+01,8.8826e+01,8.8704e+01,8.8331e+01,8.8332e+01,8.7931e+01,8.7961e+01,8.7911e+01,8.7312e+01,8.7036e+01,8.6940e+01,8.6368e+01,8.5888e+01,8.5415e+01,8.4394e+01,8.3848e+01,8.3503e+01,8.2782e+01,8.2358e+01,8.1436e+01,8.0997e+01,8.0494e+01,8.0089e+01,8.0769e+01,8.0826e+01,8.1033e+01,8.0132e+01,7.9599e+01,8.0141e+01,8.0130e+01,8.0809e+01,8.1346e+01,8.2380e+01,8.2865e+01,8.3554e+01,8.4673e+01,8.5350e+01,8.5997e+01,8.6017e+01,8.6577e+01,8.6264e+01,8.7064e+01,8.7006e+01,8.7086e+01,8.7279e+01,8.7318e+01,8.6936e+01,8.7252e+01,8.7308e+01,8.6581e+01,8.5813e+01,8.6108e+01,8.5790e+01,8.5607e+01,8.4007e+01,8.3869e+01,8.4727e+01,8.5914e+01,8.5227e+01,8.6394e+01,8.6635e+01,8.8205e+01,8.9044e+01,8.7572e+01,8.7831e+01,8.6513e+01,8.7394e+01,8.7746e+01,8.6823e+01,8.7114e+01,8.5925e+01,8.5387e+01,8.6175e+01,8.5612e+01,8.6308e+01,8.5934e+01,8.7520e+01,8.7771e+01,8.9464e+01,8.9516e+01,8.8197e+01,8.9715e+01,9.0524e+01,9.1524e+01,9.3414e+01,9.3873e+01,9.5904e+01,9.6768e+01,9.8554e+01,1.0028e+02,1.0178e+02,1.0376e+02,1.0564e+02,1.0699e+02,1.0855e+02,1.0918e+02,1.1096e+02,1.1260e+02,1.1364e+02,1.1489e+02,1.1582e+02,1.1742e+02,1.1863e+02,1.1993e+02,1.2134e+02,1.2241e+02,1.2341e+02,1.2425e+02,1.2476e+02,1.2560e+02,1.2656e+02,1.2756e+02,1.2864e+02,1.2976e+02,1.3093e+02,1.3203e+02,1.3307e+02,1.3434e+02,1.3514e+02,1.3590e+02,1.3684e+02,1.3737e+02,1.3801e+02,1.3786e+02,1.3765e+02
8.7378e+01,8.7250e+01,8.7063e+01,8.7178e+01,8.7350e+01,8.7843e+01,8.8027e+01,8.8590e+01,8.8465e+01,8.8091e+01,8.8093e+01,8.7691e+01,8.7722e+01,8.7673e+01,8.7073e+01,8.6794e+01,8.6702e+01,8.6126e+01,8.5648e+01,8.5172e+01,8.4151e+01,8.3606e+01,8.3261e+01,8.2540e+01,8.2116e+01,8.1197e+01,8.0760e+01,8.0261e+01,7.9861e+01,8.0540e+01,8.0600e+01,8.0806e+01,7.9906e+01,7.9376e+01,7.9918e+01,7.9911e+01,8.0594e+01,8.1135e+01,8.2173e+01,8.2661e+01,8.3353e+01,8.4473e+01,8.5153e+01,8.5801e+01,8.5824e+01,8.6382e+01,8.6064e+01,8.6861e+01,8.6799e+01,8.6875e+01,8.7067e+01,8.7104e+01,8.6718e+01,8.7031e+01,8.7086e+01,8.6356e+01,8.5584e+01,8.5877e+01,8.5556e+01,8.5371e+01,8.3770e+01,8.3630e+01,8.4489e+01,8.5673e+01,8.4985e+01,8.6153e+01,8.6392e+01,8.7961e+01,8.8799e+01,8.7328e+01,8.7588e+01,8.6270e+01,8.7149e+01,8.7500e+01,8.6578e+01,8.6871e+01,8.5684e+01,8.5148e+01,8.5939e+01,8.5380e+01,8.6078e+01,8.5708e+01,8.7296e+01,8.7545e+01,8.9242e+01,8.9299e+01,8.7982e+01,8.9504e+01,9.0320e+01,9.1324e+01,9.3220e+01,9.3687e+01,9.5722e+01,9.6589e+01,9.8382e+01,1.0011e+02,1.0162e+02,1.0360e+02,1.0548e+02,1.0684e+02,1.0841e+02,1.0905e+02,1.1083e+02,1.1248e+02,1.1352e+02,1.1478e+02,1.1571e+02,1.1731e+02,1.1852e+02,1.1982e+02,1.2123e+02,1.2231e+02,1.2331e+02,1.2415e+02,1.2466e+02,1.2550e+02,1.2646e+02,1.2746e+02,1.2854e+02,1.2967e+02,1.3084e+02,1.3194e+02,1.3298e+02,1.3425e+02,1.3505e+02,1.3581e+02,1.3676e+02,1.3729e+02,1.3793e+02,1.3777e+02,1.3756e+02
8.6962e+01,8.6833e+01,8.6647e+01,8.6762e+01,8.6935e+01,8.7428e+01,8.7613e+01,8.8177e+01,8.8052e+01,8.7679e+01,8.7682e+01,8.7278e+01,8.7308e+01,8.7262e+01,8.6663e+01,8.6386e+01,8.6293e+01,8.5716e+01,8.5238e+01,8.4762e+01,8.3743e+01,8.3198e+01,8.2854e+01,8.2132e+01,8.1707e+01,8.0787e+01,8.0351e+01,7.9851e+01,7.9450e+01,8.0130e+01,8.0191e+01,8.0395e+01,7.9495e+01,7.8966e+01,7.9508e+01,7.9503e+01,8.0191e+01,8.0732e+01,8.1774e+01,8.2266e+01,8.2960e+01,8.4082e+01,8.4763e+01,8.5408e+01,8.5430e+01,8.5985e+01,8.5664e+01,8.6459e+01,8.6395e+01,8.6469e+01,8.6659e+01,8.6693e+01,8.6306e+01,8.6618e+01,8.6673e+01,8.5941e+01,8.5168e+01,8.5460e+01,8.5137e+01,8.4952e+01,8.3352e+01,8.3211e+01,8.4071e+01,8.5257e+01,8.4571e+01,8.5742e+01,8.5985e+01,8.7554e+01,8.8396e+01,8.6925e+01,8.7188e+01,8.5871e+01,8.6752e+01,8.7104e+01,8.6183e+01,8.6480e+01,8.5296e+01,8.4765e+01,8.5562e+01,8.5009e+01,8.5714e+01,8.5352e+01,8.6946e+01,8.7192e+01,8.8896e+01,8.8963e+01,8.7650e+01,8.9182e+01,9.0006e+01,9.1020e+01,9.2925e+01,9.3399e+01,9.5443e+01,9.6315e+01,9.8119e+01,9.9845e+01,1.0137e+02,1.0335e+02,1.0524e+02,1.0661e+02,1.0818e+02,1.0883e+02,1.1062e+02,1.1227e+02,1.1333e+02,1.1459e+02,1.1552e+02,1.1713e+02,1.1835e+02,1.1966e+02,1.2107e+02,1.2215e+02,1.2316e+02,1.2400e+02,1.2452e+02,1.2536e+02,1.2633e+02,1.2733e+02,1.2841e+02,1.2954e+02,1.3071e+02,1.3182e+02,1.3286e+02,1.3413e+02,1.3493e+02,1.3569e+02,1.3664e+02,1.3717e+02,1.3782e+02,1.3766e+02,1.3745e+02
8.6623e+01,8.6491e+01,8.6303e+01,8.6418e+01,8.6588e+01,8.7080e+01,8.7267e+01,8.7831e+01,8.7704e+01,8.7331e+01,8.7335e+01,8.6930e+01,8.6960e+01,8.6916e+01,8.6317e+01,8.6040e+01,8.5951e+01,8.5373e+01,8.4896e+01,8.4420e+01,8.3400e+01,8.2854e+01,8.2511e+01,8.1790e+01,8.1365e+01,8.0446e+01,8.0013e+01,7.9514e+01,7.9113e+01,7.9791e+01,7.9852e+01,8.0055e+01,7.9158e+01,7.8632e+01,7.9172e+01,7.9167e+01,7.9857e+01,8.0398e+01,8.1441e+01,8.1934e+01,8.2628e+01,8.3751e+01,8.4432e+01,8.5076e+01,8.5097e+01,8.5651e+01,8.5328e+01,8.6125e+01,8.6060e+01,8.6133e+01,8.6324e+01,8.6356e+01,8.5969e+01,8.6281e+01,8.6336e+01,8.5604e+01,8.4830e+01,8.5121e+01,8.4801e+01,8.4615e+01,8.3012e+01,8.2872e+01,8.3730e+01,8.4917e+01,8.4230e+01,8.5401e+01,8.5644e+01,8.7214e+01,8.8056e+01,8.6586e+01,8.6848e+01,8.5534e+01,8.6417e+01,8.6770e+01,8.5851e+01,8.6150e+01,8.4970e+01,8.4441e+01,8.5242e+01,8.4695e+01,8.5405e+01,8.5049e+01,8.6645e+01,8.6886e+01,8.8595e+01,8.8669e+01,8.7361e+01,8.8899e+01,8.9733e+01,9.0753e+01,9.2666e+01,9.3150e+01,9.5199e+01,9.6074e+01,9.7888e+01,9.9614e+01,1.0114e+02,1.0313e+02,1.0502e+02,1.0640e+02,1.0799e+02,1.0864e+02,1.1044e+02,1.1210e+02,1.1316e+02,1.1443e+02,1.1537e+02,1.1698e+02,1.1821e+02,1.1952e+02,1.2094e+02,1.2203e+02,1.2305e+02,1.2389e+02,1.2440e+02,1.2524e+02,1.2621e+02,1.2721e+02,1.2830e+02,1.2943e+02,1.3060e+02,1.3171e+02,1.3275e+02,1.3403e+02,1.3483e+02,1.3559e+02,1.3654e+02,1.3708e+02,1.3772e+02,1.3756e+02,1.3735e+02
8.6369e+01,8.6237e+01,8.6051e+01,8.6167e+01,8.6336e+01,8.6828e+01,8.7018e+01,8.7583e+01,8.7453e+01,8.7080e+01,8.7086e+01,8.6682e+01,8.6712e+01,8.6673e+01,8.6077e+01,8.5800e+01,8.5712e+01,8.5133e+01,8.4659e+01,8.4185e+01,8.3166e+01,8.2622e+01,8.2278e+01,8.1555e+01,8.1132e+01,8.0214e+01,7.9784e+01,7.9285e+01,7.8885e+01,7.9561e+01,7.9620e+01,7.9824e+01,7.8930e+01,7.8404e+01,7.8943e+01,7.8937e+01,7.9628e+01,8.0170e+01,8.1215e+01,8.1709e+01,8.2405e+01,8.3527e+01,8.4212e+01,8.4858e+01,8.4878e+01,8.5435e+01,8.5112e+01,8.5912e+01,8.5848e+01,8.5920e+01,8.6110e+01,8.6143e+01,8.5757e+01,8.6067e+01,8.6123e+01,8.5391e+01,8.4615e+01,8.4906e+01,8.4587e+01,8.4399e+01,8.2795e+01,8.2654e+01,8.3511e+01,8.4699e+01,8.4010e+01,8.5181e+01,8.5422e+01,8.6992e+01,8.7832e+01,8.6360e+01,8.6620e+01,8.5305e+01,8.6188e+01,8.6543e+01,8.5625e+01,8.5924e+01,8.4744e+01,8.4214e+01,8.5016e+01,8.4472e+01,8.5182e+01,8.4828e+01,8.6424e+01,8.6661e+01,8.8371e+01,8.8448e+01,8.7139e+01,8.8679e+01,8.9516e+01,9.0537e+01,9.2453e+01,9.2943e+01,9.4993e+01,9.5867e+01,9.7684e+01,9.9408e+01,1.0094e+02,1.0294e+02,1.0483e+02,1.0621e+02,1.0780e+02,1.0846e+02,1.1026e+02,1.1192e+02,1.1299e+02,1.1426e+02,1.1520e+02,1.1682e+02,1.1805e+02,1.1937e+02,1.2079e+02,1.2188e+02,1.2291e+02,1.2375e+02,1.2427e+02,1.2511e+02,1.2608e+02,1.2708e+02,1.2817e+02,1.2930e+02,1.3047e+02,1.3158e+02,1.3262e+02,1.3390e+02,1.3470e+02,1.3547e+02,1.3642e+02,1.3695e+02,1.3759e+02,1.3744e+02,1.3723e+02
8.5975e+01,8.5840e+01,8.5653e+01,8.5770e+01,8.5938e+01,8.6429e+01,8.6620e+01,8.7187e+01,8.7059e+01,8.6685e+01,8.6690e+01,8.6286e+01,8.6318e+01,8.6280e+01,8.5685e+01,8.5409e+01,8.5325e+01,8.4746e+01,8.4270e+01,8.3796e+01,8.2777e+01,8.2234e+01,8.1889e+01,8.1166e+01,8.0738e+01,7.9816e+01,7.9384e+01,7.8882e+01,7.8478e+01,7.9153e+01,7.9210e+01,7.9411e+01,7.8516e+01,7.7992e+01,7.8531e+01,7.8530e+01,7.9226e+01,7.9771e+01,8.0820e+01,8.1319e+01,8.2017e+01,8.3142e+01,8.3830e+01,8.4472e+01,8.4491e+01,8.5045e+01,8.4718e+01,8.5516e+01,8.5450e+01,8.5518e+01,8.5705e+01,8.5733e+01,8.5344e+01,8.5651e+01,8.5705e+01,8.4970e+01,8.4194e+01,8.4485e+01,8.4163e+01,8.3978e+01,8.2374e+01,8.2235e+01,8.3096e+01,8.4289e+01,8.3604e+01,8.4780e+01,8.5027e+01,8.6600e+01,8.7447e+01,8.5976e+01,8.6241e+01,8.4928e+01,8.5815e+01,8.6170e+01,8.5251e+01,8.5556e+01,8.4379e+01,8.3854e+01,8.4664e+01,8.4125e+01,8.4843e+01,8.4495e+01,8.6101e+01,8.6338e+01,8.8058e+01,8.8143e+01,8.6836e+01,8.8387e+01,8.9232e+01,9.0264e+01,9.2191e+01,9.2688e+01,9.4749e+01,9.5629e+01,9.7459e+01,9.9186e+01,1.0073e+02,1.0273e+02,1.0463e+02,1.0602e+02,1.0762e+02,1.0829e+02,1.1010e+02,1.1177e+02,1.1284e+02,1.1412e+02,1.1506e+02,1.1669e+02,1.1793e+02,1.1925e+02,1.2068e+02,1.2177e+02,1.2280e+02,1.2365e+02,1.2417e+02,1.2501e+02,1.2598e+02,1.2699e+02,1.2808e+02,1.2922e+02,1.3039e+02,1.3150e+02,1.3254e+02,1.3382e+02,1.3463e+02,1.3539e+02,1.3634e+02,1.3688e+02,1.3752e+02,1.3736e+02,1.3715e+02
8.5540e+01,8.5404e+01,8.5216e+01,8.5332e+01,8.5501e+01,8.5990e+01,8.6183e+01,8.6750e+01,8.6621e+01,8.6242e+01,8.6245e+01,8.5836e+01,8.5867e+01,8.5827e+01,8.5230e+01,8.4953e+01,8.4867e+01,8.4288e+01,8.3808e+01,8.3339e+01,8.2315e+01,8.1770e+01,8.1424e+01,8.0703e+01,8.0275e+01,7.9352e+01,7.8922e+01,7.8419e+01,7.8014e+01,7.8694e+01,7.8751e+01,7.8956e+01,7.8059e+01,7.7531e+01,7.8073e+01,7.8068e+01,7.8761e+01,7.9305e+01,8.0352e+01,8.0851e+01,8.1547e+01,8.2674e+01,8.3366e+01,8.4007e+01,8.4027e+01,8.4580e+01,8.4250e+01,8.5047e+01,8.4981e+01,8.5051e+01,8.5237e+01,8.5267e+01,8.4877e+01,8.5188e+01,8.5241e+01,8.4504e+01,8.3726e+01,8.4018e+01,8.3698e+01,8.3511e+01,8.1903e+01,8.1764e+01,8.2626e+01,8.3821e+01,8.3137e+01,8.4314e+01,8.4563e+01,8.6141e+01,8.6990e+01,8.5518e+01,8.5784e+01,8.4471e+01,8.5363e+01,8.5719e+01,8.4800e+01,8.5109e+01,8.3932e+01,8.3408e+01,8.4224e+01,8.3687e+01,8.4410e+01,8.4065e+01,8.5679e+01,8.5913e+01,8.7641e+01,8.7730e+01,8.6421e+01,8.7980e+01,8.8832e+01,8.9870e+01,9.1806e+01,9.2311e+01,9.4380e+01,9.5266e+01,9.7103e+01,9.8833e+01,1.0038e+02,1.0240e+02,1.0429e+02,1.0570e+02,1.0731e+02,1.0798e+02,1.0981e+02,1.1149e+02,1.1256e+02,1.1386e+02,1.1481e+02,1.1645e+02,1.1768e+02,1.1901e+02,1.2045e+02,1.2155e+02,1.2258e+02,1.2343e+02,1.2395e+02,1.2480e+02,1.2577e+02,1.2678e+02,1.2787e+02,1.2901e+02,1.3019e+02,1.3130e+02,1.3234e+02,1.3362e+02,1.3443e+02,1.3520e+02,1.3615e+02,1.3669e+02,1.3733e+02,1.3717e+02,1.3696e+02
8.5095e+01,8.4957e+01,8.4769e+01,8.4887e+01,8.5057e+01,8.5546e+01,8.5742e+01,8.6308e+01,8.6180e+01,8.5798e+01,8.5800e+01,8.5387e+01,8.5414e+01,8.5374e+01,8.4778e+01,8.4499e+01,8.4414e+01,8.3836e+01,8.3359e+01,8.2894e+01,8.1867e+01,8.1320e+01,8.0973e+01,8.0254e+01,7.9829e+01,7.8907e+01,7.8480e+01,7.7978e+01,7.7573e+01,7.8253e+01,7.8311e+01,7.8520e+01,7.7624e+01,7.7095e+01,7.7638e+01,7.7630e+01,7.8320e+01,7.8861e+01,7.9904e+01,8.0401e+01,8.1094e+01,8.2222e+01,8.2918e+01,8.3557e+01,8.3574e+01,8.4128e+01,8.3799e+01,8.4601e+01,8.4534e+01,8.4608e+01,8.4796e+01,8.4828e+01,8.4440e+01,8.4756e+01,8.4808e+01,8.4069e+01,8.3287e+01,8.3579e+01,8.3258e+01,8.3070e+01,8.1457e+01,8.1317e+01,8.2179e+01,8.3376e+01,8.2691e+01,8.3870e+01,8.4119e+01,8.5699e+01,8.6549e+01,8.5078e+01,8.5345e+01,8.4033e+01,8.4928e+01,8.5287e+01,8.4369e+01,8.4680e+01,8.3504e+01,8.2981e+01,8.3800e+01,8.3266e+01,8.3994e+01,8.3653e+01,8.5270e+01,8.5504e+01,8.7236e+01,8.7331e+01,8.6024e+01,8.7590e+01,8.8448e+01,8.9494e+01,9.1435e+01,9.1947e+01,9.4022e+01,9.4915e+01,9.6762e+01,9.8494e+01,1.0006e+02,1.0207e+02,1.0398e+02,1.0540e+02,1.0701e+02,1.0769e+02,1.0953e+02,1.1122e+02,1.1230e+02,1.1360e+02,1.1456e+02,1.1621e+02,1.1745e+02,1.1878e+02,1.2022e+02,1.2133e+02,1.2237e+02,1.2322e+02,1.2374e+02,1.2459e+02,1.2557e+02,1.2658e+02,1.2768e+02,1.2882e+02,1.3000e+02,1.3112e+02,1.3216e+02,1.3345e+02,1.3426e+02,1.3502e+02,1.3598e+02,1.3652e+02,1.3716e+02,1.3700e+02,1.3678e+02
8.4818e+01,8.4681e+01,8.4494e+01,8.4612e+01,8.4781e+01,8.5267e+01,8.5464e+01,8.6028e+01,8.5897e+01,8.5514e+01,8.5515e+01,8.5103e+01,8.5131e+01,8.5092e+01,8.4499e+01,8.4222e+01,8.4139e+01,8.3563e+01,8.3090e+01,8.2632e+01,8.1605e+01,8.1059e+01,8.0714e+01,7.9999e+01,7.9578e+01,7.8657e+01,7.8233e+01,7.7732e+01,7.7331e+01,7.8010e+01,7.8071e+01,7.8283e+01,7.7388e+01,7.6861e+01,7.7406e+01,7.7397e+01,7.8082e+01,7.8619e+01,7.9658e+01,8.0155e+01,8.0844e+01,8.1974e+01,8.2671e+01,8.3307e+01,8.3320e+01,8.3873e+01,8.3542e+01,8.4343e+01,8.4274e+01,8.4347e+01,8.4535e+01,8.4565e+01,8.4179e+01,8.4495e+01,8.4545e+01,8.3808e+01,8.3026e+01,8.3318e+01,8.2997e+01,8.2810e+01,8.1198e+01,8.1060e+01,8.1922e+01,8.3119e+01,8.2437e+01,8.3616e+01,8.3868e+01,8.5448e+01,8.6301e+01,8.4832e+01,8.5101e+01,8.3793e+01,8.4691e+01,8.5051e+01,8.4134e+01,8.4449e+01,8.3278e+01,8.2759e+01,8.3585e+01,8.3056e+01,8.3790e+01,8.3456e+01,8.5078e+01,8.5309e+01,8.7046e+01,8.7148e+01,8.5846e+01,8.7418e+01,8.8282e+01,8.9334e+01,9.1281e+01,9.1798e+01,9.3879e+01,9.4776e+01,9.6631e+01,9.8363e+01,9.9932e+01,1.0195e+02,1.0386e+02,1.0529e+02,1.0691e+02,1.0760e+02,1.0944e+02,1.1114e+02,1.1223e+02,1.1353e+02,1.1449e+02,1.1614e+02,1.1739e+02,1.1872e+02,1.2017e+02,1.2128e+02,1.2232e+02,1.2317e+02,1.2370e+02,1.2454e+02,1.2553e+02,1.2654e+02,1.2764e+02,1.2878e+02,1.2996e+02,1.3108e+02,1.3213e+02,1.3341e+02,1.3422e+02,1.3499e+02,1.3595e+02,1.3649e+02,1.3713e+02,1.3697e+02,1.3675e+02
8.4500e+01,8.4363e+01,8.4178e+01,8.4296e+01,8.4467e+01,8.4952e+01,8.5150e+01,8.5713e+01,8.5581e+01,8.5197e+01,8.5195e+01,8.4781e+01,8.4808e+01,8.4767e+01,8.4174e+01,8.3894e+01,8.3809e+01,8.3233e+01,8.2761e+01,8.2307e+01,8.1279e+01,8.0732e+01,8.0389e+01,7.9679e+01,7.9263e+01,7.8344e+01,7.7926e+01,7.7427e+01,7.7027e+01,7.7707e+01,7.7766e+01,7.7979e+01,7.7089e+01,7.6561e+01,7.7104e+01,7.7091e+01,7.7773e+01,7.8308e+01,7.9345e+01,7.9841e+01,8.0528e+01,8.1657e+01,8.2356e+01,8.2989e+01,8.3000e+01,8.3549e+01,8.3215e+01,8.4013e+01,8.3944e+01,8.4017e+01,8.4205e+01,8.4237e+01,8.3850e+01,8.4168e+01,8.4219e+01,8.3481e+01,8.2697e+01,8.2991e+01,8.2672e+01,8.2485e+01,8.0871e+01,8.0734e+01,8.1596e+01,8.2795e+01,8.2113e+01,8.3293e+01,8.3547e+01,8.5128e+01,8.5981e+01,8.4514e+01,8.4782e+01,8.3476e+01,8.4376e+01,8.4738e+01,8.3823e+01,8.4140e+01,8.2970e+01,8.2452e+01,8.3280e+01,8.2754e+01,8.3490e+01,8.3159e+01,8.4780e+01,8.5008e+01,8.6746e+01,8.6850e+01,8.5552e+01,8.7124e+01,8.7993e+01,8.9048e+01,9.0996e+01,9.1520e+01,9.3602e+01,9.4505e+01,9.6364e+01,9.8095e+01,9.9672e+01,1.0170e+02,1.0360e+02,1.0504e+02,1.0666e+02,1.0736e+02,1.0922e+02,1.1091e+02,1.1201e+02,1.1332e+02,1.1429e+02,1.1595e+02,1.1720e+02,1.1854e+02,1.1999e+02,1.2110e+02,1.2215e+02,1.2301e+02,1.2353e+02,1.2438e+02,1.2537e+02,1.2638e+02,1.2749e+02,1.2863e+02,1.2982e+02,1.3094e+02,1.3199e+02,1.3327e+02,1.3409e+02,1.3486e+02,1.3582e+02,1.3636e+02,1.3701e+02,1.3685e+02,1.3663e+02
8.4223e+01,8.4085e+01,8.3899e+01,8.4015e+01,8.4185e+01,8.4669e+01,8.4866e+01,8.5426e+01,8.5293e+01,8.4908e+01,8.4904e+01,8.4490e+01,8.4515e+01,8.4476e+01,8.3887e+01,8.3608e+01,8.3523e+01,8.2950e+01,8.2478e+01,8.2028e+01,8.1005e+01,8.0463e+01,8.0122e+01,7.9419e+01,7.9008e+01,7.8095e+01,7.7688e+01,7.7194e+01,7.6793e+01,7.7471e+01,7.7526e+01,7.7740e+01,7.6856e+01,7.6327e+01,7.6865e+01,7.6848e+01,7.7527e+01,7.8057e+01,7.9091e+01,7.9586e+01,8.0269e+01,8.1395e+01,8.2095e+01,8.2723e+01,8.2730e+01,8.3275e+01,8.2942e+01,8.3740e+01,8.3673e+01,8.3746e+01,8.3936e+01,8.3969e+01,8.3584e+01,8.3902e+01,8.3954e+01,8.3220e+01,8.2437e+01,8.2730e+01,8.2414e+01,8.2227e+01,8.0614e+01,8.0479e+01,8.1337e+01,8.2535e+01,8.1855e+01,8.3033e+01,8.3288e+01,8.4866e+01,8.5718e+01,8.4254e+01,8.4520e+01,8.3219e+01,8.4122e+01,8.4487e+01,8.3578e+01,8.3897e+01,8.2734e+01,8.2219e+01,8.3050e+01,8.2531e+01,8.3269e+01,8.2943e+01,8.4563e+01,8.4787e+01,8.6524e+01,8.6633e+01,8.5340e+01,8.6914e+01,8.7787e+01,8.8844e+01,9.0793e+01,9.1324e+01,9.3405e+01,9.4309e+01,9.6172e+01,9.7900e+01,9.9483e+01,1.0151e+02,1.0342e+02,1.0486e+02,1.0649e+02,1.0720e+02,1.0906e+02,1.1076e+02,1.1187e+02,1.1318e+02,1.1416e+02,1.1582e+02,1.1708e+02,1.1842e+02,1.1988e+02,1.2100e+02,1.2205e+02,1.2291e+02,1.2344e+02,1.2429e+02,1.2528e+02,1.2630e+02,1.2741e+02,1.2856e+02,1.2974e+02,1.3086e+02,1.3191e+02,1.3320e+02,1.3402e+02,1.3480e+02,1.3576e+02,1.3630e+02,1.3694e+02,1.3679e+02,1.3657e+02
8.3978e+01,8.3843e+01,8.3658e+01,8.3773e+01,8.3947e+01,8.4430e+01,8.4625e+01,8.5184e+01,8.5051e+01,8.4664e+01,8.4659e+01,8.4243e+01,8.4265e+01,8.4225e+01,8.3638e+01,8.3361e+01,8.3275e+01,8.2703e+01,8.2231e+01,8.1781e+01,8.0759e+01,8.0218e+01,7.9876e+01,7.9177e+01,7.8770e+01,7.7860e+01,7.7458e+01,7.6966e+01,7.6565e+01,7.7243e+01,7.7296e+01,7.7514e+01,7.6633e+01,7.6101e+01,7.6638e+01,7.6618e+01,7.7294e+01,7.7821e+01,7.8854e+01,7.9348e+01,8.0030e+01,8.1155e+01,8.1857e+01,8.2482e+01,8.2488e+01,8.3031e+01,8.2698e+01,8.3492e+01,8.3428e+01,8.3502e+01,8.3693e+01,8.3727e+01,8.3342e+01,8.3661e+01,8.3715e+01,8.2981e+01,8.2197e+01,8.2491e+01,8.2178e+01,8.1990e+01,8.0378e+01,8.0242e+01,8.1098e+01,8.2295e+01,8.1615e+01,8.2791e+01,8.3045e+01,8.4622e+01,8.5472e+01,8.4009e+01,8.4274e+01,8.2975e+01,8.3880e+01,8.4246e+01,8.3339e+01,8.3659e+01,8.2499e+01,8.1985e+01,8.2817e+01,8.2300e+01,8.3039e+01,8.2714e+01,8.4333e+01,8.4553e+01,8.6289e+01,8.6400e+01,8.5111e+01,8.6684e+01,8.7560e+01,8.8617e+01,9.0566e+01,9.1103e+01,9.3183e+01,9.4089e+01,9.5955e+01,9.7681e+01,9.9269e+01,1.0130e+02,1.0321e+02,1.0466e+02,1.0629e+02,1.0700e+02,1.0887e+02,1.1058e+02,1.1169e+02,1.1301e+02,1.1400e+02,1.1567e+02,1.1692e+02,1.1828e+02,1.1973e+02,1.2086e+02,1.2192e+02,1.2278e+02,1.2331e+02,1.2416e+02,1.2515e+02,1.2617e+02,1.2729e+02,1.2844e+02,1.2962e+02,1.3075e+02,1.3180e+02,1.3309e+02,1.3391e+02,1.3469e+02,1.3565e+02,1.3619e+02,1.3684e+02,1.3668e+02,1.3646e+02
8.3595e+01,8.3460e+01,8.3272e+01,8.3390e+01,8.3568e+01,8.4058e+01,8.4255e+01,8.4820e+01,8.4687e+01,8.4297e+01,8.4288e+01,8.3870e+01,8.3892e+01,8.3854e+01,8.3264e+01,8.2985e+01,8.2898e+01,8.2326e+01,8.1849e+01,8.1399e+01,8.0379e+01,7.9837e+01,7.9495e+01,7.8798e+01,7.8392e+01,7.7485e+01,7.7085e+01,7.6598e+01,7.6199e+01,7.6880e+01,7.6933e+01,7.7156e+01,7.6276e+01,7.5739e+01,7.6277e+01,7.6251e+01,7.6928e+01,7.7450e+01,7.8486e+01,7.8984e+01,7.9669e+01,8.0795e+01,8.1501e+01,8.2125e+01,8.2131e+01,8.2671e+01,8.2341e+01,8.3131e+01,8.3067e+01,8.3142e+01,8.3334e+01,8.3369e+01,8.2985e+01,8.3309e+01,8.3360e+01,8.2624e+01,8.1833e+01,8.2124e+01,8.1808e+01,8.1616e+01,8.0000e+01,7.9860e+01,8.0715e+01,8.1910e+01,8.1226e+01,8.2403e+01,8.2654e+01,8.4229e+01,8.5078e+01,8.3614e+01,8.3879e+01,8.2578e+01,8.3482e+01,8.3849e+01,8.2942e+01,8.3261e+01,8.2101e+01,8.1588e+01,8.2421e+01,8.1907e+01,8.2648e+01,8.2327e+01,8.3947e+01,8.4166e+01,8.5904e+01,8.6020e+01,8.4735e+01,8.6311e+01,8.7191e+01,8.8253e+01,9.0205e+01,9.0749e+01,9.2833e+01,9.3744e+01,9.5617e+01,9.7344e+01,9.8943e+01,1.0098e+02,1.0289e+02,1.0435e+02,1.0599e+02,1.0671e+02,1.0859e+02,1.1030e+02,1.1143e+02,1.1275e+02,1.1375e+02,1.1542e+02,1.1668e+02,1.1804e+02,1.1950e+02,1.2064e+02,1.2170e+02,1.2256e+02,1.2309e+02,1.2394e+02,1.2494e+02,1.2596e+02,1.2708e+02,1.2823e+02,1.2942e+02,1.3054e+02,1.3160e+02,1.3289e+02,1.3371e+02,1.3449e+02,1.3546e+02,1.3599e+02,1.3665e+02,1.3649e+02,1.3626e+02
8.3252e+01,8.3118e+01,8.2929e+01,8.3046e+01,8.3227e+01,8.3718e+01,8.3916e+01,8.4483e+01,8.4350e+01,8.3955e+01,8.3944e+01,8.3520e+01,8.3538e+01,8.3499e+01,8.2909e+01,8.2628e+01,8.2542e+01,8.1971e+01,8.1492e+01,8.1041e+01,8.0020e+01,7.9478e+01,7.9132e+01,7.8435e+01,7.8029e+01,7.7125e+01,7.6728e+01,7.6245e+01,7.5843e+01,7.6525e+01,7.6575e+01,7.6803e+01,7.5922e+01,7.5381e+01,7.5919e+01,7.5890e+01,7.6566e+01,7.7084e+01,7.8122e+01,7.8623e+01,7.9309e+01,8.0437e+01,8.1148e+01,8.1774e+01,8.1780e+01,8.2321e+01,8.1993e+01,8.2784e+01,8.2724e+01,8.2802e+01,8.2995e+01,8.3030e+01,8.2650e+01,8.2977e+01,8.3026e+01,8.2291e+01,8.1497e+01,8.1786e+01,8.1472e+01,8.1275e+01,7.9655e+01,7.9512e+01,8.0364e+01,8.1558e+01,8.0872e+01,8.2046e+01,8.2295e+01,8.3872e+01,8.4720e+01,8.3253e+01,8.3515e+01,8.2213e+01,8.3119e+01,8.3490e+01,8.2585e+01,8.2904e+01,8.1745e+01,8.1230e+01,8.2064e+01,8.1551e+01,8.2292e+01,8.1973e+01,8.3593e+01,8.3808e+01,8.5547e+01,8.5663e+01,8.4379e+01,8.5957e+01,8.6841e+01,8.7905e+01,8.9861e+01,9.0410e+01,9.2498e+01,9.3411e+01,9.5291e+01,9.7018e+01,9.8625e+01,1.0066e+02,1.0258e+02,1.0405e+02,1.0570e+02,1.0643e+02,1.0832e+02,1.1004e+02,1.1117e+02,1.1250e+02,1.1350e+02,1.1518e+02,1.1645e+02,1.1781e+02,1.1928e+02,1.2041e+02,1.2148e+02,1.2235e+02,1.2287e+02,1.2373e+02,1.2473e+02,1.2575e+02,1.2687e+02,1.2803e+02,1.2922e+02,1.3034e+02,1.3140e+02,1.3270e+02,1.3352e+02,1.3430e+02,1.3526e+02,1.3580e+02,1.3646e+02,1.3630e+02,1.3607e+02
8.2961e+01,8.2824e+01,8.2633e+01,8.2750e+01,8.2932e+01,8.3422e+01,8.3620e+01,8.4185e+01,8.4055e+01,8.3659e+01,8.3649e+01,8.3222e+01,8.3237e+01,8.3194e+01,8.2605e+01,8.2324e+01,8.2240e+01,8.1670e+01,8.1193e+01,8.0741e+01,7.9719e+01,7.9176e+01,7.8827e+01,7.8130e+01,7.7722e+01,7.6820e+01,7.6427e+01,7.5947e+01,7.5544e+01,7.6223e+01,7.6272e+01,7.6504e+01,7.5629e+01,7.5088e+01,7.5624e+01,7.5590e+01,7.6265e+01,7.6779e+01,7.7814e+01,7.8313e+01,7.8996e+01,8.0121e+01,8.0835e+01,8.1459e+01,8.1467e+01,8.2006e+01,8.1682e+01,8.2470e+01,8.2416e+01,8.2496e+01,8.2689e+01,8.2727e+01,8.2351e+01,8.2682e+01,8.2732e+01,8.2001e+01,8.1206e+01,8.1498e+01,8.1190e+01,8.0991e+01,7.9369e+01,7.9226e+01,8.0072e+01,8.1264e+01,8.0577e+01,8.1745e+01,8.1992e+01,8.3569e+01,8.4411e+01,8.2943e+01,8.3197e+01,8.1899e+01,8.2808e+01,8.3187e+01,8.2291e+01,8.2607e+01,8.1453e+01,8.0935e+01,8.1769e+01,8.1263e+01,8.2002e+01,8.1686e+01,8.3302e+01,8.3507e+01,8.5243e+01,8.5363e+01,8.4082e+01,8.5660e+01,8.6551e+01,8.7615e+01,8.9574e+01,9.0133e+01,9.2222e+01,9.3135e+01,9.5022e+01,9.6745e+01,9.8359e+01,1.0040e+02,1.0232e+02,1.0380e+02,1.0546e+02,1.0620e+02,1.0810e+02,1.0983e+02,1.1097e+02,1.1231e+02,1.1332e+02,1.1501e+02,1.1628e+02,1.1765e+02,1.1912e+02,1.2026e+02,1.2133e+02,1.2219e+02,1.2272e+02,1.2358e+02,1.2457e+02,1.2560e+02,1.2672e+02,1.2788e+02,1.2908e+02,1.3020e+02,1.3126e+02,1.3256e+02,1.3338e+02,1.3416e+02,1.3513e+02,1.3567e+02,1.3633e+02,1.3617e+02,1.3594e+02
8.2728e+01,8.2592e+01,8.2399e+01,8.2515e+01,8.2698e+01,8.3187e+01,8.3386e+01,8.3952e+01,8.3824e+01,8.3428e+01,8.3419e+01,8.2987e+01,8.3000e+01,8.2957e+01,8.2369e+01,8.2090e+01,8.2008e+01,8.1440e+01,8.0966e+01,8.0513e+01,7.9492e+01,7.8946e+01,7.8594e+01,7.7896e+01,7.7487e+01,7.6587e+01,7.6194e+01,7.5717e+01,7.5319e+01,7.5997e+01,7.6047e+01,7.6283e+01,7.5412e+01,7.4871e+01,7.5407e+01,7.5370e+01,7.6044e+01,7.6554e+01,7.7588e+01,7.8086e+01,7.8771e+01,7.9892e+01,8.0609e+01,8.1234e+01,8.1242e+01,8.1780e+01,8.1458e+01,8.2242e+01,8.2192e+01,8.2271e+01,8.2465e+01,8.2503e+01,8.2129e+01,8.2463e+01,8.2512e+01,8.1783e+01,8.0988e+01,8.1279e+01,8.0975e+01,8.0774e+01,7.9151e+01,7.9007e+01,7.9851e+01,8.1043e+01,8.0356e+01,8.1521e+01,8.1767e+01,8.3345e+01,8.4184e+01,8.2716e+01,8.2967e+01,8.1671e+01,8.2583e+01,8.2965e+01,8.2073e+01,8.2391e+01,8.1240e+01,8.0721e+01,8.1558e+01,8.1055e+01,8.1795e+01,8.1482e+01,8.3098e+01,8.3297e+01,8.5034e+01,8.5156e+01,8.3876e+01,8.5456e+01,8.6352e+01,8.7417e+01,8.9380e+01,8.9943e+01,9.2034e+01,9.2946e+01,9.4838e+01,9.6560e+01,9.8178e+01,1.0023e+02,1.0214e+02,1.0364e+02,1.0530e+02,1.0605e+02,1.0796e+02,1.0969e+02,1.1084e+02,1.1219e+02,1.1320e+02,1.1489e+02,1.1617e+02,1.1754e+02,1.1901e+02,1.2015e+02,1.2122e+02,1.2208e+02,1.2261e+02,1.2347e+02,1.2446e+02,1.2549e+02,1.2662e+02,1.2777e+02,1.2897e+02,1.3009e+02,1.3116e+02,1.3246e+02,1.3328e+02,1.3406e+02,1.3503e+02,1.3557e+02,1.3622e+02,1.3606e+02,1.3583e+02
8.2351e+01,8.2216e+01,8.2023e+01,8.2137e+01,8.2325e+01,8.2817e+01,8.3014e+01,8.3582e+01,8.3454e+01,8.3055e+01,8.3046e+01,8.2612e+01,8.2625e+01,8.2576e+01,8.1986e+01,8.1706e+01,8.1623e+01,8.1053e+01,8.0578e+01,8.0121e+01,7.9100e+01,7.8547e+01,7.8188e+01,7.7489e+01,7.7079e+01,7.6182e+01,7.5791e+01,7.5320e+01,7.4926e+01,7.5605e+01,7.5656e+01,7.5897e+01,7.5027e+01,7.4482e+01,7.5020e+01,7.4979e+01,7.5652e+01,7.6157e+01,7.7192e+01,7.7690e+01,7.8378e+01,7.9501e+01,8.0223e+01,8.0848e+01,8.0857e+01,8.1394e+01,8.1070e+01,8.1851e+01,8.1800e+01,8.1881e+01,8.2073e+01,8.2113e+01,8.1742e+01,8.2080e+01,8.2128e+01,8.1401e+01,8.0603e+01,8.0895e+01,8.0593e+01,8.0390e+01,7.8763e+01,7.8620e+01,7.9462e+01,8.0655e+01,7.9967e+01,8.1131e+01,8.1377e+01,8.2959e+01,8.3798e+01,8.2329e+01,8.2579e+01,8.1282e+01,8.2198e+01,8.2584e+01,8.1694e+01,8.2013e+01,8.0863e+01,8.0343e+01,8.1183e+01,8.0682e+01,8.1423e+01,8.1112e+01,8.2729e+01,8.2924e+01,8.4662e+01,8.4786e+01,8.3507e+01,8.5088e+01,8.5989e+01,8.7057e+01,8.9024e+01,8.9592e+01,9.1688e+01,9.2602e+01,9.4502e+01,9.6223e+01,9.7849e+01,9.9906e+01,1.0183e+02,1.0333e+02,1.0500e+02,1.0576e+02,1.0767e+02,1.0942e+02,1.1058e+02,1.1193e+02,1.1295e+02,1.1464e+02,1.1593e+02,1.1729e+02,1.1877e+02,1.1991e+02,1.2098e+02,1.2185e+02,1.2238e+02,1.2324e+02,1.2424e+02,1.2527e+02,1.2640e+02,1.2756e+02,1.2876e+02,1.2988e+02,1.3095e+02,1.3225e+02,1.3308e+02,1.3386e+02,1.3483e+02,1.3537e+02,1.3603e+02,1.3587e+02,1.3564e+02
8.1981e+01,8.1848e+01,8.1653e+01,8.1768e+01,8.1959e+01,8.2456e+01,8.2656e+01,8.3229e+01,8.3104e+01,8.2702e+01,8.2693e+01,8.2255e+01,8.2265e+01,8.2214e+01,8.1621e+01,8.1336e+01,8.1250e+01,8.0679e+01,8.0200e+01,7.9738e+01,7.8713e+01,7.8154e+01,7.7787e+01,7.7084e+01,7.6670e+01,7.5770e+01,7.5376e+01,7.4904e+01,7.4509e+01,7.5190e+01,7.5239e+01,7.5483e+01,7.4612e+01,7.4064e+01,7.4605e+01,7.4562e+01,7.5238e+01,7.5743e+01,7.6782e+01,7.7284e+01,7.7975e+01,7.9102e+01,7.9830e+01,8.0457e+01,8.0466e+01,8.1003e+01,8.0678e+01,8.1460e+01,8.1408e+01,8.1490e+01,8.1682e+01,8.1724e+01,8.1353e+01,8.1697e+01,8.1744e+01,8.1015e+01,8.0213e+01,8.0507e+01,8.0205e+01,8.0001e+01,7.8370e+01,7.8226e+01,7.9071e+01,8.0266e+01,7.9575e+01,8.0742e+01,8.0987e+01,8.2574e+01,8.3414e+01,8.1940e+01,8.2188e+01,8.0887e+01,8.1806e+01,8.2194e+01,8.1302e+01,8.1622e+01,8.0468e+01,7.9946e+01,8.0789e+01,8.0288e+01,8.1032e+01,8.0719e+01,8.2341e+01,8.2534e+01,8.4278e+01,8.4401e+01,8.3118e+01,8.4703e+01,8.5608e+01,8.6678e+01,8.8651e+01,8.9223e+01,9.1323e+01,9.2240e+01,9.4146e+01,9.5870e+01,9.7502e+01,9.9566e+01,1.0149e+02,1.0300e+02,1.0468e+02,1.0544e+02,1.0736e+02,1.0912e+02,1.1028e+02,1.1164e+02,1.1266e+02,1.1437e+02,1.1566e+02,1.1703e+02,1.1852e+02,1.1965e+02,1.2073e+02,1.2160e+02,1.2212e+02,1.2299e+02,1.2399e+02,1.2503e+02,1.2616e+02,1.2732e+02,1.2852e+02,1.2965e+02,1.3072e+02,1.3202e+02,1.3285e+02,1.3363e+02,1.3461e+02,1.3515e+02,1.3581e+02,1.3565e+02,1.3542e+02
8.1657e+01,8.1526e+01,8.1331e+01,8.1446e+01,8.1638e+01,8.2136e+01,8.2336e+01,8.2909e+01,8.2783e+01,8.2381e+01,8.2371e+01,8.1932e+01,8.1941e+01,8.1886e+01,8.1290e+01,8.1005e+01,8.0916e+01,8.0346e+01,7.9869e+01,7.9408e+01,7.8381e+01,7.7819e+01,7.7450e+01,7.6745e+01,7.6331e+01,7.5434e+01,7.5040e+01,7.4573e+01,7.4182e+01,7.4861e+01,7.4909e+01,7.5158e+01,7.4292e+01,7.3744e+01,7.4286e+01,7.4238e+01,7.4909e+01,7.5410e+01,7.6447e+01,7.6949e+01,7.7640e+01,7.8769e+01,7.9504e+01,8.0130e+01,8.0141e+01,8.0675e+01,8.0349e+01,8.1128e+01,8.1078e+01,8.1160e+01,8.1354e+01,8.1397e+01,8.1029e+01,8.1378e+01,8.1425e+01,8.0699e+01,7.9897e+01,8.0189e+01,7.9890e+01,7.9684e+01,7.8051e+01,7.7904e+01,7.8744e+01,7.9937e+01,7.9245e+01,8.0408e+01,8.0651e+01,8.2240e+01,8.3078e+01,8.1603e+01,8.1848e+01,8.0547e+01,8.1470e+01,8.1863e+01,8.0975e+01,8.1295e+01,8.0144e+01,7.9622e+01,8.0467e+01,7.9972e+01,8.0717e+01,8.0408e+01,8.2032e+01,8.2219e+01,8.3967e+01,8.4095e+01,8.2812e+01,8.4402e+01,8.5313e+01,8.6388e+01,8.8370e+01,8.8947e+01,9.1055e+01,9.1975e+01,9.3892e+01,9.5618e+01,9.7259e+01,9.9333e+01,1.0126e+02,1.0278e+02,1.0447e+02,1.0524e+02,1.0717e+02,1.0894e+02,1.1011e+02,1.1147e+02,1.1250e+02,1.1421e+02,1.1551e+02,1.1688e+02,1.1837e+02,1.1951e+02,1.2059e+02,1.2146e+02,1.2198e+02,1.2284e+02,1.2385e+02,1.2488e+02,1.2601e+02,1.2718e+02,1.2838e+02,1.2951e+02,1.3058e+02,1.3188e+02,1.3271e+02,1.3350e+02,1.3447e+02,1.3502e+02,1.3568e+02,1.3552e+02,1.3528e+02
8.1359e+01,8.1229e+01,8.1032e+01,8.1150e+01,8.1343e+01,8.1844e+01,8.2044e+01,8.2618e+01,8.2498e+01,8.2096e+01,8.2085e+01,8.1644e+01,8.1652e+01,8.1598e+01,8.1003e+01,8.0719e+01,8.0626e+01,8.0056e+01,7.9577e+01,7.9112e+01,7.8082e+01,7.7520e+01,7.7147e+01,7.6442e+01,7.6029e+01,7.5132e+01,7.4739e+01,7.4272e+01,7.3882e+01,7.4562e+01,7.4612e+01,7.4864e+01,7.3996e+01,7.3445e+01,7.3991e+01,7.3939e+01,7.4608e+01,7.5105e+01,7.6142e+01,7.6644e+01,7.7334e+01,7.8462e+01,7.9200e+01,7.9828e+01,7.9839e+01,8.0377e+01,8.0054e+01,8.0838e+01,8.0790e+01,8.0877e+01,8.1075e+01,8.1121e+01,8.0759e+01,8.1112e+01,8.1159e+01,8.0436e+01,7.9631e+01,7.9923e+01,7.9627e+01,7.9418e+01,7.7782e+01,7.7632e+01,7.8469e+01,7.9661e+01,7.8966e+01,8.0126e+01,8.0367e+01,8.1958e+01,8.2794e+01,8.1316e+01,8.1558e+01,8.0257e+01,8.1183e+01,8.1581e+01,8.0696e+01,8.1015e+01,7.9864e+01,7.9341e+01,8.0189e+01,7.9695e+01,8.0442e+01,8.0134e+01,8.1760e+01,8.1945e+01,8.3697e+01,8.3826e+01,8.2540e+01,8.4134e+01,8.5048e+01,8.6126e+01,8.8113e+01,8.8692e+01,9.0804e+01,9.1726e+01,9.3648e+01,9.5378e+01,9.7022e+01,9.9102e+01,1.0103e+02,1.0256e+02,1.0425e+02,1.0503e+02,1.0696e+02,1.0873e+02,1.0991e+02,1.1128e+02,1.1231e+02,1.1403e+02,1.1533e+02,1.1671e+02,1.1820e+02,1.1934e+02,1.2042e+02,1.2128e+02,1.2180e+02,1.2267e+02,1.2367e+02,1.2471e+02,1.2584e+02,1.2701e+02,1.2821e+02,1.2934e+02,1.3041e+02,1.3172e+02,1.3255e+02,1.3333e+02,1.3431e+02,1.3485e+02,1.3552e+02,1.3536e+02,1.3512e+02
8.0988e+01,8.0856e+01,8.0660e+01,8.0780e+01,8.0974e+01,8.1476e+01,8.1672e+01,8.2246e+01,8.2127e+01,8.1728e+01,8.1719e+01,8.1282e+01,8.1291e+01,8.1237e+01,8.0641e+01,8.0360e+01,8.0264e+01,7.9696e+01,7.9215e+01,7.8749e+01,7.7717e+01,7.7157e+01,7.6788e+01,7.6085e+01,7.5674e+01,7.4777e+01,7.4384e+01,7.3914e+01,7.3524e+01,7.4204e+01,7.4253e+01,7.4508e+01,7.3643e+01,7.3092e+01,7.3637e+01,7.3581e+01,7.4247e+01,7.4740e+01,7.5776e+01,7.6278e+01,7.6966e+01,7.8094e+01,7.8834e+01,7.9462e+01,7.9473e+01,8.0012e+01,7.9691e+01,8.0477e+01,8.0430e+01,8.0519e+01,8.0721e+01,8.0767e+01,8.0408e+01,8.0762e+01,8.0810e+01,8.0091e+01,7.9288e+01,7.9580e+01,7.9286e+01,7.9077e+01,7.7441e+01,7.7290e+01,7.8124e+01,7.9317e+01,7.8622e+01,7.9780e+01,8.0022e+01,8.1615e+01,8.2452e+01,8.0973e+01,8.1215e+01,7.9915e+01,8.0845e+01,8.1245e+01,8.0362e+01,8.0684e+01,7.9535e+01,7.9013e+01,7.9866e+01,7.9374e+01,8.0125e+01,7.9821e+01,8.1451e+01,8.1636e+01,8.3393e+01,8.3526e+01,8.2240e+01,8.3839e+01,8.4758e+01,8.5842e+01,8.7835e+01,8.8415e+01,9.0535e+01,9.1460e+01,9.3390e+01,9.5128e+01,9.6778e+01,9.8865e+01,1.0081e+02,1.0234e+02,1.0404e+02,1.0481e+02,1.0676e+02,1.0853e+02,1.0972e+02,1.1109e+02,1.1213e+02,1.1386e+02,1.1516e+02,1.1654e+02,1.1804e+02,1.1918e+02,1.2027e+02,1.2113e+02,1.2165e+02,1.2252e+02,1.2352e+02,1.2456e+02,1.2570e+02,1.2687e+02,1.2807e+02,1.2921e+02,1.3028e+02,1.3158e+02,1.3241e+02,1.3320e+02,1.3418e+02,1.3473e+02,1.3539e+02,1.3523e+02,1.3500e+02
8.0641e+01,8.0509e+01,8.0310e+01,8.0430e+01,8.0623e+01,8.1128e+01,8.1322e+01,8.1895e+01,8.1779e+01,8.1382e+01,8.1375e+01,8.0942e+01,8.0950e+01,8.0893e+01,8.0297e+01,8.0018e+01,7.9919e+01,7.9350e+01,7.8868e+01,7.8401e+01,7.7367e+01,7.6806e+01,7.6435e+01,7.5731e+01,7.5319e+01,7.4422e+01,7.4030e+01,7.3561e+01,7.3170e+01,7.3850e+01,7.3896e+01,7.4154e+01,7.3292e+01,7.2737e+01,7.3283e+01,7.3220e+01,7.3880e+01,7.4369e+01,7.5402e+01,7.5900e+01,7.6584e+01,7.7711e+01,7.8450e+01,7.9079e+01,7.9092e+01,7.9632e+01,7.9316e+01,8.0104e+01,8.0061e+01,8.0156e+01,8.0361e+01,8.0411e+01,8.0059e+01,8.0419e+01,8.0469e+01,7.9755e+01,7.8954e+01,7.9247e+01,7.8959e+01,7.8750e+01,7.7111e+01,7.6962e+01,7.7791e+01,7.8987e+01,7.8291e+01,7.9449e+01,7.9691e+01,8.1291e+01,8.2127e+01,8.0645e+01,8.0881e+01,7.9580e+01,8.0518e+01,8.0927e+01,8.0048e+01,8.0373e+01,7.9225e+01,7.8702e+01,7.9561e+01,7.9073e+01,7.9827e+01,7.9525e+01,8.1160e+01,8.1338e+01,8.3101e+01,8.3236e+01,8.1943e+01,8.3548e+01,8.4477e+01,8.5563e+01,8.7567e+01,8.8154e+01,9.0282e+01,9.1209e+01,9.3150e+01,9.4890e+01,9.6548e+01,9.8647e+01,1.0059e+02,1.0213e+02,1.0385e+02,1.0463e+02,1.0658e+02,1.0836e+02,1.0955e+02,1.1094e+02,1.1198e+02,1.1371e+02,1.1501e+02,1.1639e+02,1.1790e+02,1.1904e+02,1.2013e+02,1.2099e+02,1.2151e+02,1.2238e+02,1.2338e+02,1.2442e+02,1.2556e+02,1.2673e+02,1.2794e+02,1.2907e+02,1.3014e+02,1.3145e+02,1.3228e+02,1.3307e+02,1.3405e+02,1.3460e+02,1.3527e+02,1.3510e+02,1.3487e+02
8.0493e+01,8.0361e+01,8.0161e+01,8.0280e+01,8.0472e+01,8.0978e+01,8.1170e+01,8.1742e+01,8.1624e+01,8.1228e+01,8.1226e+01,8.0798e+01,8.0806e+01,8.0748e+01,8.0153e+01,7.9874e+01,7.9777e+01,7.9207e+01,7.8726e+01,7.8256e+01,7.7217e+01,7.6657e+01,7.6287e+01,7.5581e+01,7.5169e+01,7.4273e+01,7.3881e+01,7.3408e+01,7.3018e+01,7.3699e+01,7.3747e+01,7.4008e+01,7.3145e+01,7.2591e+01,7.3139e+01,7.3075e+01,7.3731e+01,7.4218e+01,7.5250e+01,7.5744e+01,7.6423e+01,7.7551e+01,7.8290e+01,7.8919e+01,7.8933e+01,7.9475e+01,7.9161e+01,7.9950e+01,7.9909e+01,8.0007e+01,8.0215e+01,8.0267e+01,7.9916e+01,8.0278e+01,8.0330e+01,7.9619e+01,7.8820e+01,7.9115e+01,7.8828e+01,7.8620e+01,7.6980e+01,7.6830e+01,7.7658e+01,7.8855e+01,7.8158e+01,7.9315e+01,7.9556e+01,8.1159e+01,8.1995e+01,8.0509e+01,8.0743e+01,7.9440e+01,8.0382e+01,8.0794e+01,7.9917e+01,8.0242e+01,7.9091e+01,7.8567e+01,7.9426e+01,7.8937e+01,7.9689e+01,7.9384e+01,8.1020e+01,8.1196e+01,8.2960e+01,8.3091e+01,8.1795e+01,8.3400e+01,8.4331e+01,8.5417e+01,8.7425e+01,8.8010e+01,9.0143e+01,9.1070e+01,9.3018e+01,9.4762e+01,9.6423e+01,9.8529e+01,1.0048e+02,1.0202e+02,1.0374e+02,1.0452e+02,1.0648e+02,1.0827e+02,1.0947e+02,1.1085e+02,1.1189e+02,1.1363e+02,1.1494e+02,1.1632e+02,1.1782e+02,1.1896e+02,1.2005e+02,1.2091e+02,1.2144e+02,1.2230e+02,1.2331e+02,1.2435e+02,1.2548e+02,1.2666e+02,1.2786e+02,1.2900e+02,1.3006e+02,1.3137e+02,1.3220e+02,1.3300e+02,1.3398e+02,1.3453e+02,1.3520e+02,1.3503e+02,1.3480e+02
8.0164e+01,8.0030e+01,7.9830e+01,7.9949e+01,8.0144e+01,8.0651e+01,8.0841e+01,8.1416e+01,8.1299e+01,8.0904e+01,8.0906e+01,8.0481e+01,8.0491e+01,8.0434e+01,7.9838e+01,7.9562e+01,7.9463e+01,7.8893e+01,7.8409e+01,7.7940e+01,7.6896e+01,7.6332e+01,7.5963e+01,7.5255e+01,7.4844e+01,7.3949e+01,7.3555e+01,7.3082e+01,7.2688e+01,7.3369e+01,7.3410e+01,7.3672e+01,7.2814e+01,7.2257e+01,7.2802e+01,7.2731e+01,7.3386e+01,7.3871e+01,7.4903e+01,7.5399e+01,7.6077e+01,7.7207e+01,7.7949e+01,7.8577e+01,7.8598e+01,7.9137e+01,7.8825e+01,7.9611e+01,7.9570e+01,7.9669e+01,7.9875e+01,7.9928e+01,7.9577e+01,7.9940e+01,7.9992e+01,7.9284e+01,7.8489e+01,7.8787e+01,7.8504e+01,7.8299e+01,7.6659e+01,7.6513e+01,7.7339e+01,7.8539e+01,7.7844e+01,7.9000e+01,7.9244e+01,8.0855e+01,8.1692e+01,8.0204e+01,8.0437e+01,7.9133e+01,8.0082e+01,8.0500e+01,7.9626e+01,7.9956e+01,7.8807e+01,7.8283e+01,7.9150e+01,7.8665e+01,7.9423e+01,7.9125e+01,8.0766e+01,8.0937e+01,8.2708e+01,8.2845e+01,8.1546e+01,8.3160e+01,8.4102e+01,8.5195e+01,8.7214e+01,8.7803e+01,8.9948e+01,9.0879e+01,9.2839e+01,9.4589e+01,9.6260e+01,9.8376e+01,1.0033e+02,1.0188e+02,1.0362e+02,1.0440e+02,1.0637e+02,1.0817e+02,1.0937e+02,1.1076e+02,1.1181e+02,1.1355e+02,1.1487e+02,1.1625e+02,1.1776e+02,1.1890e+02,1.1999e+02,1.2086e+02,1.2138e+02,1.2225e+02,1.2326e+02,1.2430e+02,1.2544e+02,1.2661e+02,1.2782e+02,1.2896e+02,1.3003e+02,1.3134e+02,1.3217e+02,1.3296e+02,1.3395e+02,1.3449e+02,1.3516e+02,1.3500e+02,1.3477e+02
7.9856e+01,7.9721e+01,7.9523e+01,7.9640e+01,7.9835e+01,8.0341e+01,8.0529e+01,8.1102e+01,8.0984e+01,8.0589e+01,8.0593e+01,8.0169e+01,8.0180e+01,8.0126e+01,7.9533e+01,7.9257e+01,7.9159e+01,7.8593e+01,7.8109e+01,7.7646e+01,7.6602e+01,7.6040e+01,7.5674e+01,7.4969e+01,7.4563e+01,7.3672e+01,7.3281e+01,7.2809e+01,7.2414e+01,7.3095e+01,7.3133e+01,7.3400e+01,7.2546e+01,7.1986e+01,7.2530e+01,7.2453e+01,7.3103e+01,7.3583e+01,7.4610e+01,7.5103e+01,7.5777e+01,7.6906e+01,7.7649e+01,7.8273e+01,7.8293e+01,7.8830e+01,7.8518e+01,7.9303e+01,7.9265e+01,7.9364e+01,7.9572e+01,7.9625e+01,7.9278e+01,7.9642e+01,7.9695e+01,7.8992e+01,7.8200e+01,7.8496e+01,7.8216e+01,7.8013e+01,7.6376e+01,7.6231e+01,7.7055e+01,7.8257e+01,7.7565e+01,7.8722e+01,7.8969e+01,8.0585e+01,8.1424e+01,7.9937e+01,8.0167e+01,7.8867e+01,7.9824e+01,8.0248e+01,7.9379e+01,7.9715e+01,7.8571e+01,7.8051e+01,7.8927e+01,7.8451e+01,7.9217e+01,7.8928e+01,8.0575e+01,8.0739e+01,8.2519e+01,8.2666e+01,8.1369e+01,8.2993e+01,8.3947e+01,8.5049e+01,8.7081e+01,8.7678e+01,8.9834e+01,9.0769e+01,9.2740e+01,9.4492e+01,9.6172e+01,9.8297e+01,1.0025e+02,1.0182e+02,1.0356e+02,1.0435e+02,1.0632e+02,1.0814e+02,1.0934e+02,1.1074e+02,1.1179e+02,1.1353e+02,1.1485e+02,1.1624e+02,1.1775e+02,1.1889e+02,1.1999e+02,1.2085e+02,1.2138e+02,1.2225e+02,1.2326e+02,1.2430e+02,1.2544e+02,1.2661e+02,1.2782e+02,1.2896e+02,1.3003e+02,1.3134e+02,1.3217e+02,1.3296e+02,1.3395e+02,1.3449e+02,1.3516e+02,1.3500e+02,1.3477e+02
7.9647e+01,7.9513e+01,7.9314e+01,7.9427e+01,7.9621e+01,8.0125e+01,8.0312e+01,8.0884e+01,8.0763e+01,8.0371e+01,8.0378e+01,7.9957e+01,7.9970e+01,7.9919e+01,7.9327e+01,7.9050e+01,7.8955e+01,7.8391e+01,7.7906e+01,7.7447e+01,7.6404e+01,7.5843e+01,7.5482e+01,7.4776e+01,7.4371e+01,7.3483e+01,7.3093e+01,7.2622e+01,7.2230e+01,7.2908e+01,7.2945e+01,7.3211e+01,7.2362e+01,7.1803e+01,7.2344e+01,7.2267e+01,7.2914e+01,7.3394e+01,7.4419e+01,7.4909e+01,7.5581e+01,7.6709e+01,7.7450e+01,7.8073e+01,7.8094e+01,7.8630e+01,7.8317e+01,7.9099e+01,7.9059e+01,7.9156e+01,7.9364e+01,7.9417e+01,7.9069e+01,7.9434e+01,7.9487e+01,7.8786e+01,7.7998e+01,7.8293e+01,7.8013e+01,7.7812e+01,7.6179e+01,7.6037e+01,7.6861e+01,7.8064e+01,7.7377e+01,7.8536e+01,7.8788e+01,8.0407e+01,8.1251e+01,7.9766e+01,7.9998e+01,7.8700e+01,7.9663e+01,8.0088e+01,7.9222e+01,7.9564e+01,7.8423e+01,7.7909e+01,7.8792e+01,7.8321e+01,7.9095e+01,7.8814e+01,8.0467e+01,8.0630e+01,8.2417e+01,8.2571e+01,8.1277e+01,8.2911e+01,8.3870e+01,8.4982e+01,8.7022e+01,8.7619e+01,8.9783e+01,9.0723e+01,9.2703e+01,9.4459e+01,9.6145e+01,9.8274e+01,1.0023e+02,1.0180e+02,1.0355e+02,1.0435e+02,1.0633e+02,1.0814e+02,1.0936e+02,1.1075e+02,1.1180e+02,1.1355e+02,1.1488e+02,1.1626e+02,1.1778e+02,1.1892e+02,1.2002e+02,1.2088e+02,1.2141e+02,1.2228e+02,1.2329e+02,1.2433e+02,1.2547e+02,1.2664e+02,1.2785e+02,1.2899e+02,1.3006e+02,1.3137e+02,1.3220e+02,1.3300e+02,1.3398e+02,1.3453e+02,1.3520e+02,1.3503e+02,1.3480e+02
7.9416e+01,7.9279e+01,7.9082e+01,7.9197e+01,7.9393e+01,7.9899e+01,8.0084e+01,8.0658e+01,8.0536e+01,8.0144e+01,8.0151e+01,7.9729e+01,7.9742e+01,7.9693e+01,7.9101e+01,7.8825e+01,7.8730e+01,7.8168e+01,7.7684e+01,7.7231e+01,7.6189e+01,7.5631e+01,7.5275e+01,7.4573e+01,7.4172e+01,7.3288e+01,7.2900e+01,7.2432e+01,7.2040e+01,7.2712e+01,7.2749e+01,7.3017e+01,7.2170e+01,7.1613e+01,7.2154e+01,7.2073e+01,7.2715e+01,7.3191e+01,7.4208e+01,7.4699e+01,7.5368e+01,7.6499e+01,7.7243e+01,7.7860e+01,7.7885e+01,7.8416e+01,7.8105e+01,7.8884e+01,7.8848e+01,7.8944e+01,7.9151e+01,7.9205e+01,7.8861e+01,7.9227e+01,7.9281e+01,7.8584e+01,7.7798e+01,7.8091e+01,7.7813e+01,7.7611e+01,7.5979e+01,7.5838e+01,7.6659e+01,7.7863e+01,7.7178e+01,7.8336e+01,7.8590e+01,8.0213e+01,8.1058e+01,7.9574e+01,7.9804e+01,7.8510e+01,7.9480e+01,7.9910e+01,7.9048e+01,7.9396e+01,7.8261e+01,7.7752e+01,7.8644e+01,7.8182e+01,7.8963e+01,7.8692e+01,8.0352e+01,8.0510e+01,8.2305e+01,8.2468e+01,8.1175e+01,8.2817e+01,8.3787e+01,8.4906e+01,8.6958e+01,8.7561e+01,8.9733e+01,9.0676e+01,9.2665e+01,9.4421e+01,9.6114e+01,9.8249e+01,1.0021e+02,1.0179e+02,1.0354e+02,1.0434e+02,1.0633e+02,1.0815e+02,1.0937e+02,1.1077e+02,1.1182e+02,1.1357e+02,1.1489e+02,1.1628e+02,1.1780e+02,1.1894e+02,1.2004e+02,1.2091e+02,1.2143e+02,1.2230e+02,1.2331e+02,1.2436e+02,1.2550e+02,1.2667e+02,1.2788e+02,1.2902e+02,1.3009e+02,1.3140e+02,1.3223e+02,1.3303e+02,1.3401e+02,1.3456e+02,1.3523e+02,1.3507e+02,1.3483e+02
7.9325e+01,7.9184e+01,7.8985e+01,7.9101e+01,7.9299e+01,7.9810e+01,7.9993e+01,8.0570e+01,8.0451e+01,8.0058e+01,8.0063e+01,7.9640e+01,7.9652e+01,7.9604e+01,7.9014e+01,7.8739e+01,7.8646e+01,7.8088e+01,7.7604e+01,7.7148e+01,7.6105e+01,7.5540e+01,7.5181e+01,7.4476e+01,7.4076e+01,7.3192e+01,7.2805e+01,7.2339e+01,7.1948e+01,7.2623e+01,7.2658e+01,7.2931e+01,7.2084e+01,7.1524e+01,7.2065e+01,7.1978e+01,7.2614e+01,7.3089e+01,7.4106e+01,7.4597e+01,7.5269e+01,7.6401e+01,7.7143e+01,7.7767e+01,7.7801e+01,7.8336e+01,7.8026e+01,7.8805e+01,7.8769e+01,7.8867e+01,7.9074e+01,7.9131e+01,7.8789e+01,7.9158e+01,7.9213e+01,7.8515e+01,7.7726e+01,7.8021e+01,7.7744e+01,7.7540e+01,7.5902e+01,7.5760e+01,7.6582e+01,7.7790e+01,7.7100e+01,7.8260e+01,7.8514e+01,8.0143e+01,8.0988e+01,7.9497e+01,7.9726e+01,7.8426e+01,7.9400e+01,7.9832e+01,7.8970e+01,7.9319e+01,7.8181e+01,7.7670e+01,7.8564e+01,7.8102e+01,7.8884e+01,7.8612e+01,8.0273e+01,8.0431e+01,8.2226e+01,8.2388e+01,8.1090e+01,8.2735e+01,8.3706e+01,8.4826e+01,8.6881e+01,8.7480e+01,8.9656e+01,9.0601e+01,9.2593e+01,9.4351e+01,9.6046e+01,9.8181e+01,1.0014e+02,1.0172e+02,1.0347e+02,1.0428e+02,1.0627e+02,1.0809e+02,1.0931e+02,1.1071e+02,1.1176e+02,1.1351e+02,1.1484e+02,1.1622e+02,1.1774e+02,1.1888e+02,1.1998e+02,1.2084e+02,1.2137e+02,1.2224e+02,1.2325e+02,1.2430e+02,1.2544e+02,1.2661e+02,1.2782e+02,1.2896e+02,1.3003e+02,1.3134e+02,1.3217e+02,1.3297e+02,1.3395e+02,1.3450e+02,1.3517e+02,1.3500e+02,1.3477e+02
7.9288e+01,7.9140e+01,7.8943e+01,7.9063e+01,7.9266e+01,7.9779e+01,7.9956e+01,8.0533e+01,8.0418e+01,8.0029e+01,8.0034e+01,7.9611e+01,7.9619e+01,7.9566e+01,7.8976e+01,7.8701e+01,7.8605e+01,7.8048e+01,7.7566e+01,7.7112e+01,7.6072e+01,7.5503e+01,7.5143e+01,7.4442e+01,7.4044e+01,7.3163e+01,7.2778e+01,7.2317e+01,7.1930e+01,7.2605e+01,7.2643e+01,7.2923e+01,7.2076e+01,7.1514e+01,7.2059e+01,7.1967e+01,7.2596e+01,7.3061e+01,7.4075e+01,7.4570e+01,7.5245e+01,7.6385e+01,7.7132e+01,7.7757e+01,7.7799e+01,7.8332e+01,7.8024e+01,7.8799e+01,7.8765e+01,7.8862e+01,7.9066e+01,7.9123e+01,7.8781e+01,7.9151e+01,7.9203e+01,7.8505e+01,7.7715e+01,7.8007e+01,7.7728e+01,7.7521e+01,7.5882e+01,7.5738e+01,7.6558e+01,7.7764e+01,7.7074e+01,7.8231e+01,7.8484e+01,8.0114e+01,8.0957e+01,7.9466e+01,7.9693e+01,7.8393e+01,7.9367e+01,7.9801e+01,7.8941e+01,7.9291e+01,7.8154e+01,7.7644e+01,7.8538e+01,7.8079e+01,7.8860e+01,7.8591e+01,8.0251e+01,8.0406e+01,8.2202e+01,8.2364e+01,8.1067e+01,8.2713e+01,8.3686e+01,8.4808e+01,8.6866e+01,8.7464e+01,8.9644e+01,9.0591e+01,9.2588e+01,9.4349e+01,9.6046e+01,9.8184e+01,1.0014e+02,1.0172e+02,1.0348e+02,1.0429e+02,1.0628e+02,1.0810e+02,1.0932e+02,1.1072e+02,1.1177e+02,1.1353e+02,1.1486e+02,1.1625e+02,1.1777e+02,1.1891e+02,1.2001e+02,1.2087e+02,1.2140e+02,1.2227e+02,1.2328e+02,1.2433e+02,1.2547e+02,1.2664e+02,1.2785e+02,1.2898e+02,1.3005e+02,1.3137e+02,1.3220e+02,1.3299e+02,1.3398e+02,1.3452e+02,1.3519e+02,1.3503e+02,1.3479e+02
7.9230e+01,7.9077e+01,7.8883e+01,7.9005e+01,7.9210e+01,7.9721e+01,7.9894e+01,8.0472e+01,8.0358e+01,7.9972e+01,7.9980e+01,7.9563e+01,7.9573e+01,7.9517e+01,7.8925e+01,7.8649e+01,7.8553e+01,7.7996e+01,7.7519e+01,7.7064e+01,7.6028e+01,7.5459e+01,7.5103e+01,7.4406e+01,7.4010e+01,7.3135e+01,7.2753e+01,7.2297e+01,7.1917e+01,7.2586e+01,7.2626e+01,7.2912e+01,7.2071e+01,7.1513e+01,7.2061e+01,7.1966e+01,7.2585e+01,7.3042e+01,7.4047e+01,7.4547e+01,7.5224e+01,7.6371e+01,7.7124e+01,7.7748e+01,7.7802e+01,7.8330e+01,7.8021e+01,7.8789e+01,7.8757e+01,7.8849e+01,7.9052e+01,7.9107e+01,7.8769e+01,7.9139e+01,7.9189e+01,7.8495e+01,7.7706e+01,7.7993e+01,7.7715e+01,7.7504e+01,7.5868e+01,7.5720e+01,7.6533e+01,7.7735e+01,7.7045e+01,7.8198e+01,7.8450e+01,8.0081e+01,8.0922e+01,7.9433e+01,7.9658e+01,7.8362e+01,7.9340e+01,7.9777e+01,7.8925e+01,7.9277e+01,7.8147e+01,7.7640e+01,7.8539e+01,7.8086e+01,7.8869e+01,7.8606e+01,8.0264e+01,8.0415e+01,8.2210e+01,8.2376e+01,8.1082e+01,8.2730e+01,8.3706e+01,8.4833e+01,8.6894e+01,8.7493e+01,8.9678e+01,9.0628e+01,9.2633e+01,9.4396e+01,9.6099e+01,9.8242e+01,1.0021e+02,1.0179e+02,1.0355e+02,1.0436e+02,1.0636e+02,1.0818e+02,1.0940e+02,1.1081e+02,1.1186e+02,1.1362e+02,1.1495e+02,1.1634e+02,1.1786e+02,1.1900e+02,1.2010e+02,1.2097e+02,1.2149e+02,1.2236e+02,1.2337e+02,1.2442e+02,1.2556e+02,1.2673e+02,1.2794e+02,1.2908e+02,1.3015e+02,1.3146e+02,1.3229e+02,1.3308e+02,1.3407e+02,1.3461e+02,1.3528e+02,1.3512e+02,1.3489e+02
7.9418e+01,7.9259e+01,7.9070e+01,7.9201e+01,7.9409e+01,7.9919e+01,8.0090e+01,8.0669e+01,8.0561e+01,8.0181e+01,8.0193e+01,7.9781e+01,7.9793e+01,7.9733e+01,7.9137e+01,7.8864e+01,7.8763e+01,7.8205e+01,7.7727e+01,7.7266e+01,7.6228e+01,7.5653e+01,7.5296e+01,7.4597e+01,7.4196e+01,7.3316e+01,7.2928e+01,7.2471e+01,7.2093e+01,7.2768e+01,7.2811e+01,7.3098e+01,7.2253e+01,7.1692e+01,7.2244e+01,7.2149e+01,7.2776e+01,7.3230e+01,7.4243e+01,7.4751e+01,7.5439e+01,7.6593e+01,7.7352e+01,7.7979e+01,7.8041e+01,7.8566e+01,7.8249e+01,7.9010e+01,7.8972e+01,7.9058e+01,7.9254e+01,7.9304e+01,7.8960e+01,7.9327e+01,7.9372e+01,7.8673e+01,7.7882e+01,7.8168e+01,7.7886e+01,7.7674e+01,7.6037e+01,7.5887e+01,7.6703e+01,7.7904e+01,7.7211e+01,7.8364e+01,7.8613e+01,8.0241e+01,8.1082e+01,7.9591e+01,7.9819e+01,7.8518e+01,7.9487e+01,7.9917e+01,7.9059e+01,7.9406e+01,7.8269e+01,7.7758e+01,7.8650e+01,7.8190e+01,7.8967e+01,7.8698e+01,8.0351e+01,8.0508e+01,8.2297e+01,8.2456e+01,8.1161e+01,8.2804e+01,8.3771e+01,8.4893e+01,8.6946e+01,8.7536e+01,8.9714e+01,9.0663e+01,9.2661e+01,9.4422e+01,9.6122e+01,9.8256e+01,1.0022e+02,1.0180e+02,1.0355e+02,1.0436e+02,1.0635e+02,1.0817e+02,1.0940e+02,1.1081e+02,1.1186e+02,1.1361e+02,1.1495e+02,1.1634e+02,1.1786e+02,1.1900e+02,1.2010e+02,1.2096e+02,1.2149e+02,1.2236e+02,1.2336e+02,1.2442e+02,1.2555e+02,1.2673e+02,1.2794e+02,1.2907e+02,1.3014e+02,1.3145e+02,1.3228e+02,1.3307e+02,1.3406e+02,1.3460e+02,1.3527e+02,1.3511e+02,1.3488e+02
7.9507e+01,7.9348e+01,7.9162e+01,7.9294e+01,7.9497e+01,8.0008e+01,8.0177e+01,8.0757e+01,8.0652e+01,8.0280e+01,8.0296e+01,7.9890e+01,7.9908e+01,7.9848e+01,7.9247e+01,7.8975e+01,7.8876e+01,7.8316e+01,7.7840e+01,7.7377e+01,7.6340e+01,7.5766e+01,7.5412e+01,7.4715e+01,7.4317e+01,7.3442e+01,7.3056e+01,7.2603e+01,7.2232e+01,7.2904e+01,7.2948e+01,7.3243e+01,7.2403e+01,7.1847e+01,7.2404e+01,7.2308e+01,7.2924e+01,7.3374e+01,7.4374e+01,7.4884e+01,7.5569e+01,7.6730e+01,7.7490e+01,7.8111e+01,7.8179e+01,7.8696e+01,7.8377e+01,7.9133e+01,7.9098e+01,7.9182e+01,7.9374e+01,7.9423e+01,7.9083e+01,7.9452e+01,7.9497e+01,7.8801e+01,7.8010e+01,7.8295e+01,7.8016e+01,7.7803e+01,7.6167e+01,7.6017e+01,7.6829e+01,7.8029e+01,7.7336e+01,7.8486e+01,7.8734e+01,8.0364e+01,8.1202e+01,7.9711e+01,7.9935e+01,7.8637e+01,7.9609e+01,8.0043e+01,7.9189e+01,7.9538e+01,7.8405e+01,7.7896e+01,7.8788e+01,7.8333e+01,7.9108e+01,7.8841e+01,8.0489e+01,8.0644e+01,8.2428e+01,8.2585e+01,8.1290e+01,8.2928e+01,8.3893e+01,8.5012e+01,8.7061e+01,8.7646e+01,8.9820e+01,9.0767e+01,9.2764e+01,9.4519e+01,9.6216e+01,9.8348e+01,1.0030e+02,1.0188e+02,1.0364e+02,1.0445e+02,1.0644e+02,1.0826e+02,1.0949e+02,1.1090e+02,1.1194e+02,1.1370e+02,1.1504e+02,1.1642e+02,1.1794e+02,1.1908e+02,1.2018e+02,1.2104e+02,1.2156e+02,1.2243e+02,1.2344e+02,1.2449e+02,1.2563e+02,1.2681e+02,1.2802e+02,1.2915e+02,1.3022e+02,1.3152e+02,1.3235e+02,1.3315e+02,1.3413e+02,1.3467e+02,1.3534e+02,1.3518e+02,1.3495e+02
7.9705e+01,7.9541e+01,7.9354e+01,7.9486e+01,7.9685e+01,8.0199e+01,8.0365e+01,8.0945e+01,8.0848e+01,8.0479e+01,8.0499e+01,8.0097e+01,8.0117e+01,8.0058e+01,7.9455e+01,7.9187e+01,7.9090e+01,7.8531e+01,7.8057e+01,7.7592e+01,7.6554e+01,7.5982e+01,7.5628e+01,7.4937e+01,7.4539e+01,7.3672e+01,7.3286e+01,7.2838e+01,7.2473e+01,7.3142e+01,7.3190e+01,7.3490e+01,7.2651e+01,7.2099e+01,7.2661e+01,7.2567e+01,7.3172e+01,7.3619e+01,7.4605e+01,7.5119e+01,7.5799e+01,7.6967e+01,7.7724e+01,7.8339e+01,7.8411e+01,7.8922e+01,7.8607e+01,7.9358e+01,7.9329e+01,7.9413e+01,7.9603e+01,7.9655e+01,7.9320e+01,7.9692e+01,7.9738e+01,7.9046e+01,7.8256e+01,7.8539e+01,7.8263e+01,7.8047e+01,7.6410e+01,7.6257e+01,7.7063e+01,7.8260e+01,7.7566e+01,7.8710e+01,7.8955e+01,8.0586e+01,8.1419e+01,7.9928e+01,8.0146e+01,7.8850e+01,7.9826e+01,8.0266e+01,7.9420e+01,7.9768e+01,7.8639e+01,7.8131e+01,7.9022e+01,7.8570e+01,7.9342e+01,7.9075e+01,8.0717e+01,8.0869e+01,8.2647e+01,8.2801e+01,8.1505e+01,8.3137e+01,8.4098e+01,8.5213e+01,8.7255e+01,8.7832e+01,9.0001e+01,9.0943e+01,9.2936e+01,9.4688e+01,9.6379e+01,9.8505e+01,1.0046e+02,1.0203e+02,1.0379e+02,1.0459e+02,1.0658e+02,1.0840e+02,1.0963e+02,1.1103e+02,1.1207e+02,1.1383e+02,1.1517e+02,1.1655e+02,1.1806e+02,1.1920e+02,1.2029e+02,1.2115e+02,1.2168e+02,1.2254e+02,1.2355e+02,1.2460e+02,1.2574e+02,1.2691e+02,1.2812e+02,1.2925e+02,1.3032e+02,1.3162e+02,1.3245e+02,1.3324e+02,1.3422e+02,1.3477e+02,1.3543e+02,1.3527e+02,1.3504e+02
7.9898e+01,7.9738e+01,7.9545e+01,7.9673e+01,7.9869e+01,8.0387e+01,8.0555e+01,8.1136e+01,8.1041e+01,8.0669e+01,8.0687e+01,8.0281e+01,8.0299e+01,8.0240e+01,7.9643e+01,7.9371e+01,7.9275e+01,7.8719e+01,7.8243e+01,7.7780e+01,7.6736e+01,7.6164e+01,7.5804e+01,7.5121e+01,7.4734e+01,7.3873e+01,7.3492e+01,7.3045e+01,7.2679e+01,7.3347e+01,7.3390e+01,7.3689e+01,7.2853e+01,7.2302e+01,7.2860e+01,7.2766e+01,7.3366e+01,7.3815e+01,7.4791e+01,7.5295e+01,7.5968e+01,7.7134e+01,7.7892e+01,7.8508e+01,7.8579e+01,7.9089e+01,7.8774e+01,7.9526e+01,7.9496e+01,7.9585e+01,7.9777e+01,7.9832e+01,7.9499e+01,7.9871e+01,7.9921e+01,7.9233e+01,7.8448e+01,7.8736e+01,7.8465e+01,7.8253e+01,7.6616e+01,7.6468e+01,7.7275e+01,7.8475e+01,7.7782e+01,7.8926e+01,7.9173e+01,8.0807e+01,8.1640e+01,8.0147e+01,8.0363e+01,7.9066e+01,8.0045e+01,8.0486e+01,7.9640e+01,7.9987e+01,7.8855e+01,7.8343e+01,7.9232e+01,7.8777e+01,7.9545e+01,7.9274e+01,8.0914e+01,8.1066e+01,8.2839e+01,8.2988e+01,8.1688e+01,8.3315e+01,8.4275e+01,8.5384e+01,8.7425e+01,8.7998e+01,9.0165e+01,9.1101e+01,9.3089e+01,9.4839e+01,9.6522e+01,9.8648e+01,1.0059e+02,1.0216e+02,1.0391e+02,1.0472e+02,1.0670e+02,1.0851e+02,1.0974e+02,1.1113e+02,1.1217e+02,1.1392e+02,1.1525e+02,1.1663e+02,1.1815e+02,1.1928e+02,1.2038e+02,1.2123e+02,1.2176e+02,1.2262e+02,1.2363e+02,1.2468e+02,1.2581e+02,1.2699e+02,1.2820e+02,1.2933e+02,1.3039e+02,1.3169e+02,1.3252e+02,1.3331e+02,1.3429e+02,1.3483e+02,1.3550e+02,1.3533e+02,1.3510e+02
8.0160e+01,8.0002e+01,7.9804e+01,7.9924e+01,8.0115e+01,8.0636e+01,8.0805e+01,8.1389e+01,8.1295e+01,8.0922e+01,8.0943e+01,8.0536e+01,8.0558e+01,8.0505e+01,7.9907e+01,7.9631e+01,7.9536e+01,7.8977e+01,7.8499e+01,7.8032e+01,7.6988e+01,7.6415e+01,7.6056e+01,7.5372e+01,7.4988e+01,7.4131e+01,7.3750e+01,7.3304e+01,7.2941e+01,7.3606e+01,7.3654e+01,7.3951e+01,7.3109e+01,7.2563e+01,7.3127e+01,7.3041e+01,7.3637e+01,7.4090e+01,7.5064e+01,7.5585e+01,7.6261e+01,7.7442e+01,7.8191e+01,7.8799e+01,7.8871e+01,7.9373e+01,7.9058e+01,7.9804e+01,7.9770e+01,7.9859e+01,8.0043e+01,8.0097e+01,7.9763e+01,8.0135e+01,8.0184e+01,7.9496e+01,7.8712e+01,7.9002e+01,7.8731e+01,7.8519e+01,7.6881e+01,7.6734e+01,7.7541e+01,7.8743e+01,7.8050e+01,7.9195e+01,7.9443e+01,8.1080e+01,8.1915e+01,8.0421e+01,8.0638e+01,7.9340e+01,8.0322e+01,8.0763e+01,7.9916e+01,8.0265e+01,7.9133e+01,7.8623e+01,7.9513e+01,7.9056e+01,7.9824e+01,7.9553e+01,8.1192e+01,8.1347e+01,8.3120e+01,8.3267e+01,8.1966e+01,8.3592e+01,8.4547e+01,8.5655e+01,8.7692e+01,8.8259e+01,9.0422e+01,9.1353e+01,9.3338e+01,9.5085e+01,9.6761e+01,9.8884e+01,1.0082e+02,1.0239e+02,1.0414e+02,1.0494e+02,1.0692e+02,1.0873e+02,1.0995e+02,1.1133e+02,1.1237e+02,1.1412e+02,1.1544e+02,1.1681e+02,1.1832e+02,1.1946e+02,1.2055e+02,1.2141e+02,1.2193e+02,1.2280e+02,1.2380e+02,1.2485e+02,1.2598e+02,1.2715e+02,1.2836e+02,1.2949e+02,1.3054e+02,1.3184e+02,1.3267e+02,1.3346e+02,1.3444e+02,1.3498e+02,1.3565e+02,1.3548e+02,1.3526e+02
8.0449e+01,8.0293e+01,8.0089e+01,8.0207e+01,8.0398e+01,8.0922e+01,8.1091e+01,8.1676e+01,8.1583e+01,8.1209e+01,8.1229e+01,8.0821e+01,8.0844e+01,8.0793e+01,8.0196e+01,7.9915e+01,7.9817e+01,7.9252e+01,7.8770e+01,7.8297e+01,7.7248e+01,7.6669e+01,7.6311e+01,7.5625e+01,7.5255e+01,7.4396e+01,7.4020e+01,7.3571e+01,7.3207e+01,7.3873e+01,7.3922e+01,7.4218e+01,7.3371e+01,7.2827e+01,7.3394e+01,7.3311e+01,7.3906e+01,7.4363e+01,7.5342e+01,7.5881e+01,7.6570e+01,7.7766e+01,7.8506e+01,7.9113e+01,7.9188e+01,7.9685e+01,7.9362e+01,8.0099e+01,8.0057e+01,8.0143e+01,8.0322e+01,8.0375e+01,8.0036e+01,8.0407e+01,8.0458e+01,7.9768e+01,7.8986e+01,7.9278e+01,7.9008e+01,7.8797e+01,7.7157e+01,7.7011e+01,7.7821e+01,7.9027e+01,7.8333e+01,7.9484e+01,7.9736e+01,8.1377e+01,8.2219e+01,8.0724e+01,8.0950e+01,7.9650e+01,8.0630e+01,8.1065e+01,8.0212e+01,8.0565e+01,7.9428e+01,7.8921e+01,7.9809e+01,7.9346e+01,8.0113e+01,7.9838e+01,8.1476e+01,8.1639e+01,8.3408e+01,8.3547e+01,8.2244e+01,8.3864e+01,8.4810e+01,8.5912e+01,8.7940e+01,8.8495e+01,9.0650e+01,9.1577e+01,9.3550e+01,9.5294e+01,9.6959e+01,9.9072e+01,1.0100e+02,1.0256e+02,1.0430e+02,1.0509e+02,1.0706e+02,1.0886e+02,1.1007e+02,1.1145e+02,1.1248e+02,1.1422e+02,1.1554e+02,1.1691e+02,1.1841e+02,1.1954e+02,1.2063e+02,1.2149e+02,1.2201e+02,1.2287e+02,1.2387e+02,1.2492e+02,1.2605e+02,1.2722e+02,1.2843e+02,1.2955e+02,1.3061e+02,1.3191e+02,1.3273e+02,1.3352e+02,1.3450e+02,1.3504e+02,1.3570e+02,1.3554e+02,1.3531e+02
8.0821e+01,8.0665e+01,8.0457e+01,8.0572e+01,8.0767e+01,8.1294e+01,8.1463e+01,8.2052e+01,8.1959e+01,8.1583e+01,8.1605e+01,8.1194e+01,8.1217e+01,8.1168e+01,8.0567e+01,8.0282e+01,8.0183e+01,7.9611e+01,7.9125e+01,7.8641e+01,7.7590e+01,7.6997e+01,7.6632e+01,7.5917e+01,7.5541e+01,7.4681e+01,7.4304e+01,7.3858e+01,7.3496e+01,7.4172e+01,7.4231e+01,7.4523e+01,7.3662e+01,7.3116e+01,7.3693e+01,7.3619e+01,7.4225e+01,7.4686e+01,7.5695e+01,7.6257e+01,7.6963e+01,7.8165e+01,7.8896e+01,7.9506e+01,7.9582e+01,8.0076e+01,7.9748e+01,8.0479e+01,8.0425e+01,8.0507e+01,8.0674e+01,8.0722e+01,8.0371e+01,8.0736e+01,8.0785e+01,8.0086e+01,7.9302e+01,7.9595e+01,7.9318e+01,7.9106e+01,7.7465e+01,7.7318e+01,7.8135e+01,7.9339e+01,7.8640e+01,7.9794e+01,8.0044e+01,8.1684e+01,8.2530e+01,8.1032e+01,8.1263e+01,7.9956e+01,8.0929e+01,8.1355e+01,8.0492e+01,8.0844e+01,7.9703e+01,7.9195e+01,8.0080e+01,7.9612e+01,8.0378e+01,8.0100e+01,8.1737e+01,8.1906e+01,8.3671e+01,8.3806e+01,8.2502e+01,8.4117e+01,8.5056e+01,8.6153e+01,8.8173e+01,8.8721e+01,9.0868e+01,9.1792e+01,9.3756e+01,9.5497e+01,9.7154e+01,9.9260e+01,1.0119e+02,1.0273e+02,1.0447e+02,1.0526e+02,1.0722e+02,1.0902e+02,1.1023e+02,1.1160e+02,1.1262e+02,1.1436e+02,1.1567e+02,1.1703e+02,1.1853e+02,1.1966e+02,1.2075e+02,1.2161e+02,1.2213e+02,1.2299e+02,1.2399e+02,1.2503e+02,1.2617e+02,1.2734e+02,1.2854e+02,1.2966e+02,1.3072e+02,1.3201e+02,1.3283e+02,1.3362e+02,1.3460e+02,1.3514e+02,1.3580e+02,1.3564e+02,1.3541e+02
8.1028e+01,8.0871e+01,8.0664e+01,8.0780e+01,8.0971e+01,8.1495e+01,8.1665e+01,8.2251e+01,8.2161e+01,8.1788e+01,8.1810e+01,8.1401e+01,8.1424e+01,8.1378e+01,8.0779e+01,8.0497e+01,8.0402e+01,7.9828e+01,7.9342e+01,7.8861e+01,7.7820e+01,7.7230e+01,7.6879e+01,7.6160e+01,7.5767e+01,7.4922e+01,7.4544e+01,7.4110e+01,7.3767e+01,7.4442e+01,7.4523e+01,7.4815e+01,7.3944e+01,7.3411e+01,7.4002e+01,7.3941e+01,7.4551e+01,7.5029e+01,7.6033e+01,7.6606e+01,7.7301e+01,7.8504e+01,7.9223e+01,7.9817e+01,7.9886e+01,8.0369e+01,8.0045e+01,8.0768e+01,8.0717e+01,8.0794e+01,8.0952e+01,8.0993e+01,8.0643e+01,8.1004e+01,8.1045e+01,8.0350e+01,7.9563e+01,7.9844e+01,7.9561e+01,7.9343e+01,7.7702e+01,7.7545e+01,7.8353e+01,7.9549e+01,7.8848e+01,7.9995e+01,8.0242e+01,8.1879e+01,8.2723e+01,8.1228e+01,8.1461e+01,8.0159e+01,8.1134e+01,8.1561e+01,8.0704e+01,8.1060e+01,7.9926e+01,7.9426e+01,8.0312e+01,7.9849e+01,8.0616e+01,8.0342e+01,8.1975e+01,8.2147e+01,8.3908e+01,8.4045e+01,8.2750e+01,8.4362e+01,8.5294e+01,8.6392e+01,8.8403e+01,8.8946e+01,9.1087e+01,9.2007e+01,9.3966e+01,9.5701e+01,9.7354e+01,9.9454e+01,1.0137e+02,1.0292e+02,1.0466e+02,1.0544e+02,1.0740e+02,1.0920e+02,1.1041e+02,1.1177e+02,1.1278e+02,1.1452e+02,1.1582e+02,1.1718e+02,1.1867e+02,1.1980e+02,1.2088e+02,1.2174e+02,1.2226e+02,1.2312e+02,1.2411e+02,1.2516e+02,1.2629e+02,1.2746e+02,1.2866e+02,1.2978e+02,1.3083e+02,1.3213e+02,1.3295e+02,1.3374e+02,1.3471e+02,1.3525e+02,1.3591e+02,1.3575e+02,1.3552e+02
8.1397e+01,8.1236e+01,8.1033e+01,8.1154e+01,8.1345e+01,8.1873e+01,8.2043e+01,8.2630e+01,8.2542e+01,8.2170e+01,8.2194e+01,8.1784e+01,8.1806e+01,8.1761e+01,8.1165e+01,8.0885e+01,8.0791e+01,8.0219e+01,7.9732e+01,7.9250e+01,7.8219e+01,7.7627e+01,7.7281e+01,7.6539e+01,7.6114e+01,7.5255e+01,7.4869e+01,7.4440e+01,7.4105e+01,7.4803e+01,7.4898e+01,7.5184e+01,7.4294e+01,7.3755e+01,7.4357e+01,7.4301e+01,7.4928e+01,7.5409e+01,7.6436e+01,7.7008e+01,7.7706e+01,7.8903e+01,7.9620e+01,8.0218e+01,8.0282e+01,8.0770e+01,8.0449e+01,8.1175e+01,8.1121e+01,8.1198e+01,8.1353e+01,8.1391e+01,8.1034e+01,8.1390e+01,8.1427e+01,8.0725e+01,7.9935e+01,8.0214e+01,7.9923e+01,7.9702e+01,7.8060e+01,7.7897e+01,7.8710e+01,7.9898e+01,7.9189e+01,8.0332e+01,8.0568e+01,8.2198e+01,8.3037e+01,8.1534e+01,8.1766e+01,8.0451e+01,8.1416e+01,8.1839e+01,8.0974e+01,8.1321e+01,8.0180e+01,7.9674e+01,8.0555e+01,8.0087e+01,8.0849e+01,8.0571e+01,8.2201e+01,8.2377e+01,8.4134e+01,8.4266e+01,8.2971e+01,8.4577e+01,8.5503e+01,8.6595e+01,8.8599e+01,8.9136e+01,9.1269e+01,9.2186e+01,9.4136e+01,9.5868e+01,9.7514e+01,9.9606e+01,1.0152e+02,1.0306e+02,1.0479e+02,1.0557e+02,1.0752e+02,1.0931e+02,1.1052e+02,1.1187e+02,1.1288e+02,1.1461e+02,1.1590e+02,1.1726e+02,1.1874e+02,1.1987e+02,1.2095e+02,1.2181e+02,1.2233e+02,1.2319e+02,1.2418e+02,1.2522e+02,1.2635e+02,1.2752e+02,1.2872e+02,1.2984e+02,1.3090e+02,1.3219e+02,1.3301e+02,1.3380e+02,1.3477e+02,1.3531e+02,1.3596e+02,1.3580e+02,1.3558e+02
8.1714e+01,8.1551e+01,8.1348e+01,8.1473e+01,8.1666e+01,8.2198e+01,8.2370e+01,8.2959e+01,8.2872e+01,8.2503e+01,8.2532e+01,8.2120e+01,8.2140e+01,8.2096e+01,8.1500e+01,8.1221e+01,8.1128e+01,8.0553e+01,8.0070e+01,7.9581e+01,7.8556e+01,7.7960e+01,7.7625e+01,7.6861e+01,7.6416e+01,7.5522e+01,7.5125e+01,7.4688e+01,7.4352e+01,7.5065e+01,7.5172e+01,7.5449e+01,7.4543e+01,7.4002e+01,7.4614e+01,7.4571e+01,7.5219e+01,7.5718e+01,7.6766e+01,7.7346e+01,7.8054e+01,7.9251e+01,7.9956e+01,8.0556e+01,8.0618e+01,8.1105e+01,8.0778e+01,8.1499e+01,8.1433e+01,8.1507e+01,8.1658e+01,8.1690e+01,8.1321e+01,8.1673e+01,8.1708e+01,8.0998e+01,8.0208e+01,8.0490e+01,8.0195e+01,7.9978e+01,7.8336e+01,7.8178e+01,7.9004e+01,8.0198e+01,7.9489e+01,8.0644e+01,8.0887e+01,8.2521e+01,8.3371e+01,8.1867e+01,8.2113e+01,8.0793e+01,8.1751e+01,8.2162e+01,8.1286e+01,8.1637e+01,8.0492e+01,7.9987e+01,8.0870e+01,8.0397e+01,8.1164e+01,8.0884e+01,8.2518e+01,8.2702e+01,8.4460e+01,8.4589e+01,8.3290e+01,8.4896e+01,8.5814e+01,8.6905e+01,8.8903e+01,8.9429e+01,9.1559e+01,9.2476e+01,9.4418e+01,9.6153e+01,9.7792e+01,9.9878e+01,1.0179e+02,1.0332e+02,1.0505e+02,1.0582e+02,1.0776e+02,1.0955e+02,1.1074e+02,1.1209e+02,1.1309e+02,1.1481e+02,1.1610e+02,1.1745e+02,1.1892e+02,1.2004e+02,1.2112e+02,1.2198e+02,1.2250e+02,1.2335e+02,1.2434e+02,1.2538e+02,1.2651e+02,1.2768e+02,1.2887e+02,1.2999e+02,1.3105e+02,1.3234e+02,1.3316e+02,1.3394e+02,1.3492e+02,1.3545e+02,1.3611e+02,1.3595e+02,1.3573e+02
8.1865e+01,8.1704e+01,8.1505e+01,8.1632e+01,8.1826e+01,8.2358e+01,8.2536e+01,8.3127e+01,8.3040e+01,8.2674e+01,8.2706e+01,8.2293e+01,8.2318e+01,8.2276e+01,8.1678e+01,8.1398e+01,8.1306e+01,8.0726e+01,8.0245e+01,7.9753e+01,7.8720e+01,7.8124e+01,7.7781e+01,7.7016e+01,7.6599e+01,7.5682e+01,7.5282e+01,7.4822e+01,7.4461e+01,7.5175e+01,7.5260e+01,7.5530e+01,7.4628e+01,7.4073e+01,7.4670e+01,7.4618e+01,7.5273e+01,7.5772e+01,7.6837e+01,7.7410e+01,7.8126e+01,7.9318e+01,8.0019e+01,8.0630e+01,8.0691e+01,8.1186e+01,8.0860e+01,8.1587e+01,8.1517e+01,8.1599e+01,8.1758e+01,8.1795e+01,8.1424e+01,8.1776e+01,8.1818e+01,8.1109e+01,8.0325e+01,8.0621e+01,8.0332e+01,8.0127e+01,7.8484e+01,7.8341e+01,7.9178e+01,8.0385e+01,7.9683e+01,8.0848e+01,8.1100e+01,8.2737e+01,8.3591e+01,8.2090e+01,8.2336e+01,8.1018e+01,8.1974e+01,8.2384e+01,8.1505e+01,8.1854e+01,8.0703e+01,8.0191e+01,8.1072e+01,8.0594e+01,8.1359e+01,8.1073e+01,8.2710e+01,8.2893e+01,8.4652e+01,8.4778e+01,8.3475e+01,8.5080e+01,8.5999e+01,8.7085e+01,8.9084e+01,8.9612e+01,9.1740e+01,9.2659e+01,9.4595e+01,9.6331e+01,9.7969e+01,1.0005e+02,1.0196e+02,1.0349e+02,1.0521e+02,1.0598e+02,1.0792e+02,1.0969e+02,1.1088e+02,1.1223e+02,1.1323e+02,1.1495e+02,1.1623e+02,1.1758e+02,1.1906e+02,1.2017e+02,1.2125e+02,1.2210e+02,1.2262e+02,1.2348e+02,1.2447e+02,1.2551e+02,1.2664e+02,1.2780e+02,1.2900e+02,1.3012e+02,1.3117e+02,1.3246e+02,1.3327e+02,1.3406e+02,1.3503e+02,1.3556e+02,1.3622e+02,1.3606e+02,1.3584e+02
8.1900e+01,8.1738e+01,8.1543e+01,8.1673e+01,8.1866e+01,8.2399e+01,8.2578e+01,8.3172e+01,8.3087e+01,8.2726e+01,8.2760e+01,8.2351e+01,8.2379e+01,8.2340e+01,8.1742e+01,8.1465e+01,8.1375e+01,8.0791e+01,8.0314e+01,7.9817e+01,7.8789e+01,7.8193e+01,7.7872e+01,7.7098e+01,7.6668e+01,7.5711e+01,7.5295e+01,7.4812e+01,7.4438e+01,7.5162e+01,7.5251e+01,7.5511e+01,7.4595e+01,7.4039e+01,7.4643e+01,7.4604e+01,7.5280e+01,7.5812e+01,7.6892e+01,7.7475e+01,7.8197e+01,7.9391e+01,8.0077e+01,8.0689e+01,8.0748e+01,8.1243e+01,8.0911e+01,8.1640e+01,8.1563e+01,8.1640e+01,8.1792e+01,8.1824e+01,8.1443e+01,8.1788e+01,8.1829e+01,8.1113e+01,8.0329e+01,8.0629e+01,8.0340e+01,8.0141e+01,7.8498e+01,7.8364e+01,7.9213e+01,8.0431e+01,7.9734e+01,8.0914e+01,8.1180e+01,8.2821e+01,8.3689e+01,8.2192e+01,8.2451e+01,8.1135e+01,8.2089e+01,8.2490e+01,8.1603e+01,8.1960e+01,8.0805e+01,8.0299e+01,8.1182e+01,8.0701e+01,8.1470e+01,8.1184e+01,8.2825e+01,8.3014e+01,8.4775e+01,8.4898e+01,8.3592e+01,8.5198e+01,8.6112e+01,8.7198e+01,8.9194e+01,8.9717e+01,9.1845e+01,9.2767e+01,9.4702e+01,9.6438e+01,9.8077e+01,1.0015e+02,1.0207e+02,1.0359e+02,1.0531e+02,1.0608e+02,1.0802e+02,1.0979e+02,1.1099e+02,1.1233e+02,1.1333e+02,1.1505e+02,1.1634e+02,1.1768e+02,1.1916e+02,1.2028e+02,1.2135e+02,1.2221e+02,1.2272e+02,1.2358e+02,1.2457e+02,1.2561e+02,1.2674e+02,1.2790e+02,1.2909e+02,1.3021e+02,1.3127e+02,1.3255e+02,1.3337e+02,1.3415e+02,1.3512e+02,1.3565e+02,1.3631e+02,1.3615e+02,1.3593e+02
8.2112e+01,8.1949e+01,8.1758e+01,8.1889e+01,8.2083e+01,8.2616e+01,8.2796e+01,8.3390e+01,8.3306e+01,8.2949e+01,8.2985e+01,8.2579e+01,8.2607e+01,8.2569e+01,8.1973e+01,8.1697e+01,8.1607e+01,8.1024e+01,8.0549e+01,8.0054e+01,7.9032e+01,7.8434e+01,7.8114e+01,7.7334e+01,7.6884e+01,7.5911e+01,7.5470e+01,7.4980e+01,7.4614e+01,7.5364e+01,7.5461e+01,7.5710e+01,7.4774e+01,7.4211e+01,7.4821e+01,7.4790e+01,7.5486e+01,7.6024e+01,7.7112e+01,7.7687e+01,7.8412e+01,7.9600e+01,8.0282e+01,8.0899e+01,8.0956e+01,8.1457e+01,8.1128e+01,8.1861e+01,8.1785e+01,8.1864e+01,8.2018e+01,8.2049e+01,8.1662e+01,8.2004e+01,8.2044e+01,8.1324e+01,8.0540e+01,8.0842e+01,8.0547e+01,8.0350e+01,7.8704e+01,7.8570e+01,7.9426e+01,8.0643e+01,7.9939e+01,8.1121e+01,8.1381e+01,8.3021e+01,8.3888e+01,8.2383e+01,8.2644e+01,8.1317e+01,8.2261e+01,8.2655e+01,8.1758e+01,8.2108e+01,8.0941e+01,8.0424e+01,8.1304e+01,8.0816e+01,8.1583e+01,8.1292e+01,8.2935e+01,8.3127e+01,8.4890e+01,8.5007e+01,8.3691e+01,8.5296e+01,8.6209e+01,8.7290e+01,8.9286e+01,8.9805e+01,9.1932e+01,9.2855e+01,9.4785e+01,9.6523e+01,9.8161e+01,1.0023e+02,1.0215e+02,1.0367e+02,1.0537e+02,1.0614e+02,1.0808e+02,1.0984e+02,1.1104e+02,1.1238e+02,1.1338e+02,1.1509e+02,1.1638e+02,1.1773e+02,1.1920e+02,1.2032e+02,1.2139e+02,1.2225e+02,1.2276e+02,1.2361e+02,1.2460e+02,1.2564e+02,1.2677e+02,1.2793e+02,1.2912e+02,1.3024e+02,1.3129e+02,1.3258e+02,1.3339e+02,1.3417e+02,1.3514e+02,1.3568e+02,1.3633e+02,1.3617e+02,1.3595e+02
8.2328e+01,8.2166e+01,8.1978e+01,8.2109e+01,8.2304e+01,8.2840e+01,8.3021e+01,8.3616e+01,8.3530e+01,8.3175e+01,8.3214e+01,8.2811e+01,8.2841e+01,8.2805e+01,8.2211e+01,8.1938e+01,8.1850e+01,8.1269e+01,8.0798e+01,8.0305e+01,7.9289e+01,7.8695e+01,7.8390e+01,7.7610e+01,7.7152e+01,7.6157e+01,7.5689e+01,7.5176e+01,7.4809e+01,7.5580e+01,7.5686e+01,7.5918e+01,7.4964e+01,7.4401e+01,7.5014e+01,7.4999e+01,7.5718e+01,7.6275e+01,7.7368e+01,7.7936e+01,7.8664e+01,7.9845e+01,8.0515e+01,8.1136e+01,8.1190e+01,8.1693e+01,8.1361e+01,8.2096e+01,8.2014e+01,8.2090e+01,8.2243e+01,8.2271e+01,8.1876e+01,8.2210e+01,8.2251e+01,8.1525e+01,8.0745e+01,8.1052e+01,8.0753e+01,8.0562e+01,7.8918e+01,7.8792e+01,7.9660e+01,8.0882e+01,8.0181e+01,8.1373e+01,8.1639e+01,8.3280e+01,8.4154e+01,8.2651e+01,8.2919e+01,8.1591e+01,8.2529e+01,8.2915e+01,8.2010e+01,8.2361e+01,8.1186e+01,8.0666e+01,8.1545e+01,8.1050e+01,8.1817e+01,8.1521e+01,8.3167e+01,8.3364e+01,8.5126e+01,8.5236e+01,8.3912e+01,8.5514e+01,8.6423e+01,8.7498e+01,8.9491e+01,9.0004e+01,9.2129e+01,9.3052e+01,9.4976e+01,9.6713e+01,9.8347e+01,1.0041e+02,1.0232e+02,1.0384e+02,1.0554e+02,1.0630e+02,1.0823e+02,1.0999e+02,1.1118e+02,1.1253e+02,1.1352e+02,1.1523e+02,1.1651e+02,1.1786e+02,1.1933e+02,1.2044e+02,1.2151e+02,1.2237e+02,1.2288e+02,1.2373e+02,1.2472e+02,1.2575e+02,1.2688e+02,1.2804e+02,1.2923e+02,1.3035e+02,1.3140e+02,1.3268e+02,1.3349e+02,1.3427e+02,1.3524e+02,1.3577e+02,1.3643e+02,1.3627e+02,1.3606e+02
8.2578e+01,8.2416e+01,8.2230e+01,8.2363e+01,8.2560e+01,8.3097e+01,8.3280e+01,8.3877e+01,8.3789e+01,8.3433e+01,8.3472e+01,8.3067e+01,8.3100e+01,8.3064e+01,8.2470e+01,8.2194e+01,8.2105e+01,8.1522e+01,8.1049e+01,8.0557e+01,7.9535e+01,7.8939e+01,7.8622e+01,7.7840e+01,7.7394e+01,7.6408e+01,7.5947e+01,7.5434e+01,7.5058e+01,7.5822e+01,7.5913e+01,7.6144e+01,7.5197e+01,7.4629e+01,7.5224e+01,7.5196e+01,7.5914e+01,7.6460e+01,7.7556e+01,7.8114e+01,7.8844e+01,8.0018e+01,8.0693e+01,8.1323e+01,8.1378e+01,8.1890e+01,8.1564e+01,8.2306e+01,8.2230e+01,8.2316e+01,8.2476e+01,8.2512e+01,8.2120e+01,8.2456e+01,8.2507e+01,8.1783e+01,8.1008e+01,8.1322e+01,8.1028e+01,8.0841e+01,7.9198e+01,7.9075e+01,7.9940e+01,8.1163e+01,8.0459e+01,8.1645e+01,8.1905e+01,8.3546e+01,8.4411e+01,8.2901e+01,8.3158e+01,8.1823e+01,8.2760e+01,8.3152e+01,8.2248e+01,8.2586e+01,8.1405e+01,8.0871e+01,8.1743e+01,8.1241e+01,8.2000e+01,8.1694e+01,8.3339e+01,8.3532e+01,8.5294e+01,8.5396e+01,8.4065e+01,8.5662e+01,8.6571e+01,8.7636e+01,8.9627e+01,9.0141e+01,9.2260e+01,9.3180e+01,9.5094e+01,9.6830e+01,9.8457e+01,1.0051e+02,1.0242e+02,1.0393e+02,1.0562e+02,1.0637e+02,1.0830e+02,1.1006e+02,1.1124e+02,1.1259e+02,1.1357e+02,1.1529e+02,1.1657e+02,1.1791e+02,1.1938e+02,1.2049e+02,1.2156e+02,1.2241e+02,1.2292e+02,1.2378e+02,1.2476e+02,1.2580e+02,1.2693e+02,1.2809e+02,1.2928e+02,1.3039e+02,1.3144e+02,1.3272e+02,1.3353e+02,1.3431e+02,1.3528e+02,1.3581e+02,1.3647e+02,1.3631e+02,1.3610e+02
8.2814e+01,8.2651e+01,8.2467e+01,8.2600e+01,8.2798e+01,8.3335e+01,8.3520e+01,8.4120e+01,8.4031e+01,8.3675e+01,8.3716e+01,8.3312e+01,8.3347e+01,8.3314e+01,8.2717e+01,8.2438e+01,8.2350e+01,8.1767e+01,8.1292e+01,8.0802e+01,7.9776e+01,7.9183e+01,7.8861e+01,7.8083e+01,7.7656e+01,7.6676e+01,7.6230e+01,7.5716e+01,7.5330e+01,7.6080e+01,7.6158e+01,7.6391e+01,7.5455e+01,7.4881e+01,7.5465e+01,7.5424e+01,7.6130e+01,7.6667e+01,7.7764e+01,7.8315e+01,7.9044e+01,8.0216e+01,8.0891e+01,8.1527e+01,8.1584e+01,8.2105e+01,8.1782e+01,8.2530e+01,8.2458e+01,8.2549e+01,8.2714e+01,8.2759e+01,8.2368e+01,8.2708e+01,8.2769e+01,8.2050e+01,8.1281e+01,8.1602e+01,8.1318e+01,8.1136e+01,7.9493e+01,7.9376e+01,8.0238e+01,8.1466e+01,8.0761e+01,8.1945e+01,8.2204e+01,8.3849e+01,8.4707e+01,8.3193e+01,8.3438e+01,8.2103e+01,8.3048e+01,8.3450e+01,8.2554e+01,8.2888e+01,8.1711e+01,8.1170e+01,8.2039e+01,8.1538e+01,8.2290e+01,8.1977e+01,8.3615e+01,8.3801e+01,8.5556e+01,8.5651e+01,8.4316e+01,8.5903e+01,8.6809e+01,8.7862e+01,8.9846e+01,9.0361e+01,9.2468e+01,9.3376e+01,9.5278e+01,9.7004e+01,9.8619e+01,1.0067e+02,1.0257e+02,1.0406e+02,1.0575e+02,1.0650e+02,1.0841e+02,1.1016e+02,1.1134e+02,1.1268e+02,1.1366e+02,1.1537e+02,1.1664e+02,1.1798e+02,1.1945e+02,1.2056e+02,1.2163e+02,1.2247e+02,1.2298e+02,1.2384e+02,1.2483e+02,1.2586e+02,1.2698e+02,1.2814e+02,1.2933e+02,1.3045e+02,1.3149e+02,1.3277e+02,1.3358e+02,1.3436e+02,1.3533e+02,1.3586e+02,1.3652e+02,1.3636e+02,1.3615e+02
8.3217e+01,8.3056e+01,8.2871e+01,8.3002e+01,8.3199e+01,8.3733e+01,8.3921e+01,8.4520e+01,8.4428e+01,8.4072e+01,8.4117e+01,8.3711e+01,8.3749e+01,8.3719e+01,8.3124e+01,8.2844e+01,8.2757e+01,8.2172e+01,8.1700e+01,8.1216e+01,8.0187e+01,7.9597e+01,7.9270e+01,7.8497e+01,7.8080e+01,7.7111e+01,7.6670e+01,7.6159e+01,7.5773e+01,7.6517e+01,7.6587e+01,7.6822e+01,7.5892e+01,7.5317e+01,7.5889e+01,7.5841e+01,7.6535e+01,7.7060e+01,7.8146e+01,7.8680e+01,7.9403e+01,8.0566e+01,8.1241e+01,8.1883e+01,8.1938e+01,8.2471e+01,8.2158e+01,8.2915e+01,8.2853e+01,8.2952e+01,8.3126e+01,8.3178e+01,8.2793e+01,8.3138e+01,8.3206e+01,8.2491e+01,8.1725e+01,8.2051e+01,8.1772e+01,8.1591e+01,7.9948e+01,7.9831e+01,8.0688e+01,8.1913e+01,8.1206e+01,8.2381e+01,8.2633e+01,8.4275e+01,8.5123e+01,8.3604e+01,8.3836e+01,8.2497e+01,8.3442e+01,8.3852e+01,8.2962e+01,8.3284e+01,8.2104e+01,8.1551e+01,8.2410e+01,8.1906e+01,8.2646e+01,8.2324e+01,8.3951e+01,8.4131e+01,8.5877e+01,8.5963e+01,8.4623e+01,8.6199e+01,8.7103e+01,8.8143e+01,9.0119e+01,9.0633e+01,9.2729e+01,9.3626e+01,9.5516e+01,9.7231e+01,9.8832e+01,1.0088e+02,1.0276e+02,1.0425e+02,1.0592e+02,1.0667e+02,1.0857e+02,1.1031e+02,1.1148e+02,1.1281e+02,1.1379e+02,1.1549e+02,1.1676e+02,1.1809e+02,1.1955e+02,1.2066e+02,1.2173e+02,1.2257e+02,1.2308e+02,1.2393e+02,1.2492e+02,1.2595e+02,1.2707e+02,1.2822e+02,1.2941e+02,1.3052e+02,1.3157e+02,1.3284e+02,1.3365e+02,1.3443e+02,1.3540e+02,1.3593e+02,1.3659e+02,1.3643e+02,1.3622e+02
8.3473e+01,8.3312e+01,8.3129e+01,8.3261e+01,8.3455e+01,8.3987e+01,8.4172e+01,8.4768e+01,8.4677e+01,8.4321e+01,8.4365e+01,8.3963e+01,8.4002e+01,8.3972e+01,8.3377e+01,8.3100e+01,8.3012e+01,8.2429e+01,8.1956e+01,8.1471e+01,8.0443e+01,7.9859e+01,7.9535e+01,7.8766e+01,7.8355e+01,7.7378e+01,7.6935e+01,7.6414e+01,7.6019e+01,7.6763e+01,7.6823e+01,7.7052e+01,7.6125e+01,7.5547e+01,7.6107e+01,7.6060e+01,7.6764e+01,7.7298e+01,7.8383e+01,7.8906e+01,7.9628e+01,8.0783e+01,8.1454e+01,8.2100e+01,8.2152e+01,8.2688e+01,8.2374e+01,8.3133e+01,8.3066e+01,8.3166e+01,8.3344e+01,8.3398e+01,8.3010e+01,8.3351e+01,8.3425e+01,8.2712e+01,8.1953e+01,8.2286e+01,8.2011e+01,8.1839e+01,8.0200e+01,8.0093e+01,8.0955e+01,8.2187e+01,8.1485e+01,8.2664e+01,8.2921e+01,8.4564e+01,8.5413e+01,8.3896e+01,8.4128e+01,8.2792e+01,8.3736e+01,8.4146e+01,8.3255e+01,8.3577e+01,8.2396e+01,8.1841e+01,8.2699e+01,8.2192e+01,8.2928e+01,8.2603e+01,8.4228e+01,8.4407e+01,8.6149e+01,8.6231e+01,8.4889e+01,8.6458e+01,8.7358e+01,8.8391e+01,9.0362e+01,9.0874e+01,9.2963e+01,9.3857e+01,9.5739e+01,9.7448e+01,9.9043e+01,1.0108e+02,1.0296e+02,1.0444e+02,1.0611e+02,1.0685e+02,1.0874e+02,1.1047e+02,1.1164e+02,1.1296e+02,1.1394e+02,1.1563e+02,1.1690e+02,1.1822e+02,1.1968e+02,1.2079e+02,1.2185e+02,1.2270e+02,1.2320e+02,1.2406e+02,1.2504e+02,1.2607e+02,1.2719e+02,1.2834e+02,1.2952e+02,1.3064e+02,1.3168e+02,1.3295e+02,1.3376e+02,1.3454e+02,1.3550e+02,1.3603e+02,1.3669e+02,1.3654e+02,1.3632e+02
8.3667e+01,8.3508e+01,8.3322e+01,8.3453e+01,8.3646e+01,8.4175e+01,8.4356e+01,8.4949e+01,8.4859e+01,8.4501e+01,8.4542e+01,8.4141e+01,8.4175e+01,8.4142e+01,8.3550e+01,8.3273e+01,8.3184e+01,8.2603e+01,8.2132e+01,8.1644e+01,8.0622e+01,8.0040e+01,7.9720e+01,7.8954e+01,7.8541e+01,7.7560e+01,7.7113e+01,7.6586e+01,7.6190e+01,7.6933e+01,7.6990e+01,7.7212e+01,7.6288e+01,7.5712e+01,7.6266e+01,7.6226e+01,7.6936e+01,7.7477e+01,7.8561e+01,7.9081e+01,7.9804e+01,8.0956e+01,8.1623e+01,8.2270e+01,8.2322e+01,8.2857e+01,8.2537e+01,8.3294e+01,8.3222e+01,8.3317e+01,8.3496e+01,8.3546e+01,8.3156e+01,8.3493e+01,8.3566e+01,8.2850e+01,8.2093e+01,8.2427e+01,8.2149e+01,8.1982e+01,8.0349e+01,8.0247e+01,8.1116e+01,8.2351e+01,8.1657e+01,8.2843e+01,8.3107e+01,8.4749e+01,8.5604e+01,8.4094e+01,8.4333e+01,8.3002e+01,8.3944e+01,8.4349e+01,8.3456e+01,8.3783e+01,8.2604e+01,8.2055e+01,8.2913e+01,8.2407e+01,8.3147e+01,8.2824e+01,8.4451e+01,8.4635e+01,8.6377e+01,8.6461e+01,8.5122e+01,8.6692e+01,8.7588e+01,8.8623e+01,9.0590e+01,9.1099e+01,9.3186e+01,9.4083e+01,9.5963e+01,9.7670e+01,9.9263e+01,1.0129e+02,1.0317e+02,1.0465e+02,1.0631e+02,1.0705e+02,1.0895e+02,1.1068e+02,1.1184e+02,1.1317e+02,1.1414e+02,1.1583e+02,1.1709e+02,1.1841e+02,1.1987e+02,1.2097e+02,1.2203e+02,1.2288e+02,1.2339e+02,1.2424e+02,1.2522e+02,1.2624e+02,1.2736e+02,1.2851e+02,1.2969e+02,1.3080e+02,1.3184e+02,1.3311e+02,1.3392e+02,1.3469e+02,1.3565e+02,1.3618e+02,1.3684e+02,1.3668e+02,1.3647e+02
8.3999e+01,8.3838e+01,8.3651e+01,8.3781e+01,8.3970e+01,8.4494e+01,8.4671e+01,8.5258e+01,8.5169e+01,8.4813e+01,8.4856e+01,8.4455e+01,8.4486e+01,8.4454e+01,8.3866e+01,8.3593e+01,8.3506e+01,8.2929e+01,8.2464e+01,8.1975e+01,8.0959e+01,8.0381e+01,8.0062e+01,7.9298e+01,7.8886e+01,7.7905e+01,7.7456e+01,7.6926e+01,7.6530e+01,7.7273e+01,7.7327e+01,7.7545e+01,7.6622e+01,7.6050e+01,7.6600e+01,7.6567e+01,7.7274e+01,7.7817e+01,7.8892e+01,7.9403e+01,8.0121e+01,8.1268e+01,8.1929e+01,8.2579e+01,8.2630e+01,8.3169e+01,8.2850e+01,8.3612e+01,8.3540e+01,8.3636e+01,8.3819e+01,8.3873e+01,8.3483e+01,8.3820e+01,8.3897e+01,8.3182e+01,8.2429e+01,8.2766e+01,8.2490e+01,8.2326e+01,8.0695e+01,8.0596e+01,8.1464e+01,8.2700e+01,8.2007e+01,8.3191e+01,8.3455e+01,8.5096e+01,8.5948e+01,8.4438e+01,8.4673e+01,8.3342e+01,8.4284e+01,8.4688e+01,8.3797e+01,8.4120e+01,8.2939e+01,8.2387e+01,8.3240e+01,8.2731e+01,8.3464e+01,8.3136e+01,8.4755e+01,8.4940e+01,8.6673e+01,8.6750e+01,8.5411e+01,8.6971e+01,8.7858e+01,8.8885e+01,9.0842e+01,9.1344e+01,9.3422e+01,9.4313e+01,9.6182e+01,9.7881e+01,9.9464e+01,1.0149e+02,1.0335e+02,1.0482e+02,1.0648e+02,1.0722e+02,1.0911e+02,1.1083e+02,1.1198e+02,1.1330e+02,1.1427e+02,1.1595e+02,1.1721e+02,1.1853e+02,1.1998e+02,1.2108e+02,1.2214e+02,1.2298e+02,1.2349e+02,1.2434e+02,1.2532e+02,1.2634e+02,1.2745e+02,1.2860e+02,1.2978e+02,1.3089e+02,1.3192e+02,1.3319e+02,1.3400e+02,1.3477e+02,1.3573e+02,1.3626e+02,1.3691e+02,1.3675e+02,1.3654e+02
8.4346e+01,8.4182e+01,8.3987e+01,8.4112e+01,8.4296e+01,8.4815e+01,8.4989e+01,8.5570e+01,8.5481e+01,8.5125e+01,8.5169e+01,8.4772e+01,8.4803e+01,8.4772e+01,8.4188e+01,8.3919e+01,8.3833e+01,8.3260e+01,8.2795e+01,8.2309e+01,8.1296e+01,8.0723e+01,8.0407e+01,7.9646e+01,7.9233e+01,7.8255e+01,7.7800e+01,7.7271e+01,7.6875e+01,7.7612e+01,7.7665e+01,7.7876e+01,7.6955e+01,7.6388e+01,7.6935e+01,7.6907e+01,7.7610e+01,7.8154e+01,7.9222e+01,7.9727e+01,8.0437e+01,8.1578e+01,8.2235e+01,8.2884e+01,8.2933e+01,8.3474e+01,8.3159e+01,8.3924e+01,8.3853e+01,8.3947e+01,8.4131e+01,8.4183e+01,8.3794e+01,8.4126e+01,8.4204e+01,8.3491e+01,8.2742e+01,8.3081e+01,8.2803e+01,8.2645e+01,8.1020e+01,8.0924e+01,8.1792e+01,8.3028e+01,8.2339e+01,8.3523e+01,8.3789e+01,8.5427e+01,8.6279e+01,8.4773e+01,8.5008e+01,8.3681e+01,8.4621e+01,8.5023e+01,8.4132e+01,8.4455e+01,8.3275e+01,8.2726e+01,8.3576e+01,8.3066e+01,8.3799e+01,8.3471e+01,8.5089e+01,8.5275e+01,8.7004e+01,8.7080e+01,8.5743e+01,8.7299e+01,8.8182e+01,8.9206e+01,9.1157e+01,9.1656e+01,9.3730e+01,9.4619e+01,9.6484e+01,9.8178e+01,9.9757e+01,1.0177e+02,1.0364e+02,1.0510e+02,1.0676e+02,1.0749e+02,1.0938e+02,1.1110e+02,1.1225e+02,1.1356e+02,1.1453e+02,1.1620e+02,1.1746e+02,1.1877e+02,1.2021e+02,1.2131e+02,1.2237e+02,1.2321e+02,1.2372e+02,1.2457e+02,1.2554e+02,1.2656e+02,1.2767e+02,1.2881e+02,1.2999e+02,1.3110e+02,1.3213e+02,1.3339e+02,1.3420e+02,1.3496e+02,1.3592e+02,1.3645e+02,1.3710e+02,1.3695e+02,1.3673e+02
8.4673e+01,8.4505e+01,8.4308e+01,8.4430e+01,8.4611e+01,8.5126e+01,8.5301e+01,8.5878e+01,8.5787e+01,8.5431e+01,8.5475e+01,8.5078e+01,8.5108e+01,8.5078e+01,8.4498e+01,8.4232e+01,8.4151e+01,8.3581e+01,8.3122e+01,8.2640e+01,8.1633e+01,8.1062e+01,8.0754e+01,7.9996e+01,7.9585e+01,7.8607e+01,7.8149e+01,7.7619e+01,7.7222e+01,7.7953e+01,7.8007e+01,7.8209e+01,7.7291e+01,7.6734e+01,7.7277e+01,7.7257e+01,7.7955e+01,7.8505e+01,7.9564e+01,8.0064e+01,8.0769e+01,8.1907e+01,8.2555e+01,8.3201e+01,8.3250e+01,8.3791e+01,8.3476e+01,8.4242e+01,8.4172e+01,8.4264e+01,8.4448e+01,8.4499e+01,8.4110e+01,8.4440e+01,8.4516e+01,8.3805e+01,8.3061e+01,8.3401e+01,8.3124e+01,8.2970e+01,8.1350e+01,8.1257e+01,8.2125e+01,8.3361e+01,8.2677e+01,8.3862e+01,8.4130e+01,8.5767e+01,8.6621e+01,8.5119e+01,8.5355e+01,8.4034e+01,8.4974e+01,8.5377e+01,8.4491e+01,8.4816e+01,8.3640e+01,8.3095e+01,8.3944e+01,8.3435e+01,8.4166e+01,8.3840e+01,8.5451e+01,8.5637e+01,8.7359e+01,8.7434e+01,8.6101e+01,8.7650e+01,8.8529e+01,8.9549e+01,9.1493e+01,9.1986e+01,9.4054e+01,9.4936e+01,9.6797e+01,9.8482e+01,1.0005e+02,1.0206e+02,1.0391e+02,1.0537e+02,1.0702e+02,1.0776e+02,1.0964e+02,1.1135e+02,1.1249e+02,1.1380e+02,1.1476e+02,1.1643e+02,1.1768e+02,1.1898e+02,1.2042e+02,1.2151e+02,1.2256e+02,1.2340e+02,1.2391e+02,1.2475e+02,1.2572e+02,1.2673e+02,1.2784e+02,1.2898e+02,1.3016e+02,1.3126e+02,1.3229e+02,1.3356e+02,1.3435e+02,1.3512e+02,1.3607e+02,1.3660e+02,1.3725e+02,1.3709e+02,1.3688e+02
8.5083e+01,8.4914e+01,8.4717e+01,8.4835e+01,8.5010e+01,8.5522e+01,8.5694e+01,8.6266e+01,8.6175e+01,8.5821e+01,8.5867e+01,8.5476e+01,8.5506e+01,8.5477e+01,8.4901e+01,8.4641e+01,8.4561e+01,8.3995e+01,8.3539e+01,8.3061e+01,8.2056e+01,8.1491e+01,8.1188e+01,8.0434e+01,8.0026e+01,7.9049e+01,7.8589e+01,7.8055e+01,7.7656e+01,7.8379e+01,7.8428e+01,7.8624e+01,7.7711e+01,7.7159e+01,7.7694e+01,7.7678e+01,7.8367e+01,7.8920e+01,7.9967e+01,8.0458e+01,8.1150e+01,8.2278e+01,8.2918e+01,8.3566e+01,8.3616e+01,8.4164e+01,8.3857e+01,8.4628e+01,8.4563e+01,8.4658e+01,8.4844e+01,8.4897e+01,8.4511e+01,8.4838e+01,8.4916e+01,8.4207e+01,8.3468e+01,8.3810e+01,8.3535e+01,8.3385e+01,8.1773e+01,8.1683e+01,8.2549e+01,8.3784e+01,8.3104e+01,8.4288e+01,8.4557e+01,8.6192e+01,8.7044e+01,8.5546e+01,8.5780e+01,8.4462e+01,8.5402e+01,8.5805e+01,8.4921e+01,8.5245e+01,8.4070e+01,8.3525e+01,8.4369e+01,8.3859e+01,8.4584e+01,8.4254e+01,8.5858e+01,8.6045e+01,8.7758e+01,8.7828e+01,8.6496e+01,8.8037e+01,8.8908e+01,8.9921e+01,9.1857e+01,9.2344e+01,9.4403e+01,9.5278e+01,9.7131e+01,9.8809e+01,1.0037e+02,1.0237e+02,1.0422e+02,1.0567e+02,1.0732e+02,1.0805e+02,1.0992e+02,1.1163e+02,1.1277e+02,1.1407e+02,1.1502e+02,1.1668e+02,1.1792e+02,1.1922e+02,1.2064e+02,1.2173e+02,1.2278e+02,1.2361e+02,1.2412e+02,1.2496e+02,1.2593e+02,1.2694e+02,1.2804e+02,1.2918e+02,1.3035e+02,1.3146e+02,1.3248e+02,1.3374e+02,1.3454e+02,1.3530e+02,1.3625e+02,1.3678e+02,1.3743e+02,1.3727e+02,1.3706e+02
8.5422e+01,8.5252e+01,8.5056e+01,8.5169e+01,8.5344e+01,8.5854e+01,8.6025e+01,8.6594e+01,8.6500e+01,8.6146e+01,8.6197e+01,8.5810e+01,8.5841e+01,8.5815e+01,8.5243e+01,8.4987e+01,8.4911e+01,8.4349e+01,8.3900e+01,8.3426e+01,8.2423e+01,8.1862e+01,8.1562e+01,8.0812e+01,8.0409e+01,7.9435e+01,7.8975e+01,7.8440e+01,7.8036e+01,7.8748e+01,7.8790e+01,7.8979e+01,7.8075e+01,7.7530e+01,7.8056e+01,7.8043e+01,7.8724e+01,7.9278e+01,8.0313e+01,8.0798e+01,8.1483e+01,8.2607e+01,8.3239e+01,8.3887e+01,8.3937e+01,8.4487e+01,8.4185e+01,8.4959e+01,8.4898e+01,8.4994e+01,8.5185e+01,8.5240e+01,8.4857e+01,8.5183e+01,8.5265e+01,8.4560e+01,8.3829e+01,8.4172e+01,8.3902e+01,8.3756e+01,8.2151e+01,8.2063e+01,8.2924e+01,8.4158e+01,8.3482e+01,8.4662e+01,8.4933e+01,8.6567e+01,8.7416e+01,8.5922e+01,8.6153e+01,8.4841e+01,8.5783e+01,8.6190e+01,8.5312e+01,8.5636e+01,8.4466e+01,8.3923e+01,8.4765e+01,8.4258e+01,8.4980e+01,8.4653e+01,8.6251e+01,8.6433e+01,8.8142e+01,8.8212e+01,8.6884e+01,8.8422e+01,8.9294e+01,9.0305e+01,9.2237e+01,9.2724e+01,9.4780e+01,9.5649e+01,9.7498e+01,9.9169e+01,1.0072e+02,1.0272e+02,1.0456e+02,1.0601e+02,1.0765e+02,1.0838e+02,1.1024e+02,1.1194e+02,1.1308e+02,1.1437e+02,1.1532e+02,1.1698e+02,1.1821e+02,1.1950e+02,1.2092e+02,1.2200e+02,1.2304e+02,1.2388e+02,1.2438e+02,1.2522e+02,1.2618e+02,1.2719e+02,1.2829e+02,1.2942e+02,1.3059e+02,1.3169e+02,1.3272e+02,1.3397e+02,1.3477e+02,1.3552e+02,1.3647e+02,1.3700e+02,1.3765e+02,1.3749e+02,1.3728e+02
8.5713e+01,8.5543e+01,8.5349e+01,8.5461e+01,8.5632e+01,8.6139e+01,8.6309e+01,8.6875e+01,8.6783e+01,8.6433e+01,8.6486e+01,8.6100e+01,8.6132e+01,8.6107e+01,8.5541e+01,8.5290e+01,8.5215e+01,8.4658e+01,8.4209e+01,8.3739e+01,8.2736e+01,8.2179e+01,8.1886e+01,8.1142e+01,8.0743e+01,7.9769e+01,7.9311e+01,7.8776e+01,7.8367e+01,7.9074e+01,7.9111e+01,7.9296e+01,7.8394e+01,7.7848e+01,7.8369e+01,7.8354e+01,7.9032e+01,7.9583e+01,8.0612e+01,8.1090e+01,8.1768e+01,8.2886e+01,8.3518e+01,8.4172e+01,8.4226e+01,8.4783e+01,8.4483e+01,8.5261e+01,8.5206e+01,8.5302e+01,8.5497e+01,8.5553e+01,8.5172e+01,8.5495e+01,8.5579e+01,8.4875e+01,8.4147e+01,8.4492e+01,8.4222e+01,8.4079e+01,8.2476e+01,8.2390e+01,8.3249e+01,8.4483e+01,8.3807e+01,8.4986e+01,8.5256e+01,8.6891e+01,8.7738e+01,8.6242e+01,8.6468e+01,8.5154e+01,8.6097e+01,8.6506e+01,8.5629e+01,8.5949e+01,8.4775e+01,8.4228e+01,8.5064e+01,8.4551e+01,8.5266e+01,8.4930e+01,8.6521e+01,8.6704e+01,8.8406e+01,8.8466e+01,8.7133e+01,8.8661e+01,8.9525e+01,9.0527e+01,9.2452e+01,9.2933e+01,9.4981e+01,9.5840e+01,9.7681e+01,9.9347e+01,1.0089e+02,1.0289e+02,1.0472e+02,1.0616e+02,1.0780e+02,1.0852e+02,1.1038e+02,1.1208e+02,1.1321e+02,1.1450e+02,1.1544e+02,1.1709e+02,1.1832e+02,1.1961e+02,1.2102e+02,1.2210e+02,1.2314e+02,1.2397e+02,1.2447e+02,1.2530e+02,1.2627e+02,1.2727e+02,1.2837e+02,1.2950e+02,1.3067e+02,1.3177e+02,1.3279e+02,1.3404e+02,1.3483e+02,1.3559e+02,1.3654e+02,1.3706e+02,1.3771e+02,1.3756e+02,1.3735e+02
8.5895e+01,8.5727e+01,8.5535e+01,8.5649e+01,8.5818e+01,8.6325e+01,8.6495e+01,8.7061e+01,8.6967e+01,8.6616e+01,8.6670e+01,8.6283e+01,8.6313e+01,8.6289e+01,8.5727e+01,8.5479e+01,8.5407e+01,8.4854e+01,8.4406e+01,8.3940e+01,8.2936e+01,8.2380e+01,8.2091e+01,8.1344e+01,8.0949e+01,7.9974e+01,7.9516e+01,7.8981e+01,7.8571e+01,7.9275e+01,7.9310e+01,7.9491e+01,7.8591e+01,7.8048e+01,7.8564e+01,7.8551e+01,7.9227e+01,7.9779e+01,8.0804e+01,8.1276e+01,8.1948e+01,8.3061e+01,8.3691e+01,8.4350e+01,8.4405e+01,8.4966e+01,8.4669e+01,8.5452e+01,8.5401e+01,8.5498e+01,8.5697e+01,8.5754e+01,8.5372e+01,8.5695e+01,8.5781e+01,8.5077e+01,8.4352e+01,8.4699e+01,8.4431e+01,8.4289e+01,8.2687e+01,8.2601e+01,8.3459e+01,8.4693e+01,8.4015e+01,8.5191e+01,8.5457e+01,8.7091e+01,8.7934e+01,8.6434e+01,8.6655e+01,8.5337e+01,8.6278e+01,8.6688e+01,8.5811e+01,8.6123e+01,8.4945e+01,8.4390e+01,8.5219e+01,8.4701e+01,8.5407e+01,8.5064e+01,8.6648e+01,8.6830e+01,8.8525e+01,8.8577e+01,8.7240e+01,8.8759e+01,8.9619e+01,9.0611e+01,9.2532e+01,9.3013e+01,9.5055e+01,9.5907e+01,9.7742e+01,9.9402e+01,1.0094e+02,1.0294e+02,1.0476e+02,1.0620e+02,1.0784e+02,1.0857e+02,1.1041e+02,1.1211e+02,1.1324e+02,1.1452e+02,1.1547e+02,1.1711e+02,1.1834e+02,1.1963e+02,1.2103e+02,1.2211e+02,1.2314e+02,1.2397e+02,1.2448e+02,1.2530e+02,1.2627e+02,1.2727e+02,1.2837e+02,1.2951e+02,1.3067e+02,1.3177e+02,1.3279e+02,1.3404e+02,1.3483e+02,1.3559e+02,1.3653e+02,1.3706e+02,1.3771e+02,1.3756e+02,1.3735e+02
8.6273e+01,8.6108e+01,8.5916e+01,8.6027e+01,8.6194e+01,8.6701e+01,8.6872e+01,8.7436e+01,8.7340e+01,8.6987e+01,8.7038e+01,8.6650e+01,8.6681e+01,8.6659e+01,8.6102e+01,8.5859e+01,8.5790e+01,8.5240e+01,8.4792e+01,8.4331e+01,8.3327e+01,8.2775e+01,8.2489e+01,8.1745e+01,8.1354e+01,8.0379e+01,7.9924e+01,7.9387e+01,7.8976e+01,7.9682e+01,7.9713e+01,7.9896e+01,7.8997e+01,7.8451e+01,7.8965e+01,7.8949e+01,7.9623e+01,8.0175e+01,8.1195e+01,8.1659e+01,8.2326e+01,8.3428e+01,8.4055e+01,8.4719e+01,8.4776e+01,8.5342e+01,8.5047e+01,8.5834e+01,8.5791e+01,8.5887e+01,8.6091e+01,8.6149e+01,8.5769e+01,8.6092e+01,8.6181e+01,8.5477e+01,8.4755e+01,8.5103e+01,8.4837e+01,8.4696e+01,8.3095e+01,8.3009e+01,8.3864e+01,8.5096e+01,8.4414e+01,8.5587e+01,8.5848e+01,8.7481e+01,8.8317e+01,8.6814e+01,8.7030e+01,8.5710e+01,8.6648e+01,8.7059e+01,8.6183e+01,8.6488e+01,8.5307e+01,8.4745e+01,8.5566e+01,8.5043e+01,8.5741e+01,8.5389e+01,8.6966e+01,8.7148e+01,8.8834e+01,8.8876e+01,8.7533e+01,8.9042e+01,8.9894e+01,9.0874e+01,9.2785e+01,9.3262e+01,9.5294e+01,9.6136e+01,9.7958e+01,9.9610e+01,1.0114e+02,1.0312e+02,1.0494e+02,1.0637e+02,1.0801e+02,1.0873e+02,1.1056e+02,1.1226e+02,1.1338e+02,1.1465e+02,1.1560e+02,1.1723e+02,1.1846e+02,1.1974e+02,1.2114e+02,1.2221e+02,1.2324e+02,1.2407e+02,1.2457e+02,1.2539e+02,1.2635e+02,1.2735e+02,1.2845e+02,1.2958e+02,1.3074e+02,1.3184e+02,1.3285e+02,1.3410e+02,1.3489e+02,1.3564e+02,1.3659e+02,1.3711e+02,1.3776e+02,1.3761e+02,1.3740e+02
8.6549e+01,8.6382e+01,8.6189e+01,8.6302e+01,8.6468e+01,8.6974e+01,8.7146e+01,8.7708e+01,8.7613e+01,8.7259e+01,8.7308e+01,8.6918e+01,8.6945e+01,8.6924e+01,8.6371e+01,8.6131e+01,8.6063e+01,8.5515e+01,8.5070e+01,8.4612e+01,8.3608e+01,8.3056e+01,8.2771e+01,8.2026e+01,8.1638e+01,8.0661e+01,8.0206e+01,7.9669e+01,7.9255e+01,7.9962e+01,7.9991e+01,8.0174e+01,7.9276e+01,7.8729e+01,7.9241e+01,7.9224e+01,7.9895e+01,8.0446e+01,8.1465e+01,8.1926e+01,8.2590e+01,8.3689e+01,8.4314e+01,8.4982e+01,8.5039e+01,8.5608e+01,8.5318e+01,8.6110e+01,8.6072e+01,8.6170e+01,8.6375e+01,8.6435e+01,8.6055e+01,8.6380e+01,8.6470e+01,8.5767e+01,8.5044e+01,8.5393e+01,8.5130e+01,8.4989e+01,8.3388e+01,8.3303e+01,8.4157e+01,8.5389e+01,8.4705e+01,8.5875e+01,8.6133e+01,8.7766e+01,8.8599e+01,8.7094e+01,8.7306e+01,8.5984e+01,8.6922e+01,8.7335e+01,8.6460e+01,8.6762e+01,8.5579e+01,8.5013e+01,8.5831e+01,8.5305e+01,8.5997e+01,8.5640e+01,8.7212e+01,8.7392e+01,8.9073e+01,8.9109e+01,8.7764e+01,8.9266e+01,9.0115e+01,9.1087e+01,9.2996e+01,9.3473e+01,9.5500e+01,9.6337e+01,9.8153e+01,9.9803e+01,1.0132e+02,1.0331e+02,1.0513e+02,1.0655e+02,1.0818e+02,1.0890e+02,1.1073e+02,1.1241e+02,1.1352e+02,1.1480e+02,1.1573e+02,1.1736e+02,1.1859e+02,1.1986e+02,1.2126e+02,1.2233e+02,1.2336e+02,1.2418e+02,1.2468e+02,1.2550e+02,1.2646e+02,1.2745e+02,1.2855e+02,1.2968e+02,1.3084e+02,1.3193e+02,1.3294e+02,1.3419e+02,1.3498e+02,1.3572e+02,1.3666e+02,1.3719e+02,1.3784e+02,1.3769e+02,1.3748e+02
8.6842e+01,8.6678e+01,8.6492e+01,8.6606e+01,8.6770e+01,8.7276e+01,8.7450e+01,8.8014e+01,8.7916e+01,8.7562e+01,8.7612e+01,8.7225e+01,8.7256e+01,8.7235e+01,8.6681e+01,8.6442e+01,8.6373e+01,8.5824e+01,8.5378e+01,8.4922e+01,8.3921e+01,8.3373e+01,8.3092e+01,8.2351e+01,8.1966e+01,8.0989e+01,8.0536e+01,7.9999e+01,7.9587e+01,8.0295e+01,8.0327e+01,8.0509e+01,7.9612e+01,7.9066e+01,7.9578e+01,7.9562e+01,8.0236e+01,8.0787e+01,8.1804e+01,8.2262e+01,8.2928e+01,8.4025e+01,8.4649e+01,8.5318e+01,8.5374e+01,8.5943e+01,8.5648e+01,8.6439e+01,8.6399e+01,8.6492e+01,8.6700e+01,8.6755e+01,8.6374e+01,8.6695e+01,8.6784e+01,8.6081e+01,8.5360e+01,8.5707e+01,8.5442e+01,8.5301e+01,8.3703e+01,8.3616e+01,8.4467e+01,8.5695e+01,8.5009e+01,8.6177e+01,8.6432e+01,8.8059e+01,8.8888e+01,8.7384e+01,8.7596e+01,8.6272e+01,8.7203e+01,8.7612e+01,8.6734e+01,8.7030e+01,8.5844e+01,8.5276e+01,8.6086e+01,8.5557e+01,8.6243e+01,8.5881e+01,8.7447e+01,8.7630e+01,8.9305e+01,8.9335e+01,8.7991e+01,8.9485e+01,9.0327e+01,9.1293e+01,9.3194e+01,9.3669e+01,9.5689e+01,9.6517e+01,9.8325e+01,9.9969e+01,1.0148e+02,1.0346e+02,1.0528e+02,1.0669e+02,1.0832e+02,1.0904e+02,1.1086e+02,1.1254e+02,1.1365e+02,1.1492e+02,1.1585e+02,1.1747e+02,1.1869e+02,1.1996e+02,1.2136e+02,1.2242e+02,1.2344e+02,1.2427e+02,1.2476e+02,1.2558e+02,1.2654e+02,1.2753e+02,1.2862e+02,1.2975e+02,1.3091e+02,1.3200e+02,1.3302e+02,1.3426e+02,1.3504e+02,1.3579e+02,1.3673e+02,1.3725e+02,1.3790e+02,1.3775e+02,1.3755e+02
8.7087e+01,8.6925e+01,8.6742e+01,8.6858e+01,8.7023e+01,8.7529e+01,8.7705e+01,8.8270e+01,8.8172e+01,8.7816e+01,8.7865e+01,8.7476e+01,8.7506e+01,8.7486e+01,8.6930e+01,8.6689e+01,8.6619e+01,8.6069e+01,8.5622e+01,8.5168e+01,8.4168e+01,8.3623e+01,8.3345e+01,8.2607e+01,8.2224e+01,8.1246e+01,8.0793e+01,8.0258e+01,7.9850e+01,8.0558e+01,8.0593e+01,8.0775e+01,7.9878e+01,7.9335e+01,7.9848e+01,7.9834e+01,8.0506e+01,8.1056e+01,8.2073e+01,8.2531e+01,8.3199e+01,8.4296e+01,8.4921e+01,8.5590e+01,8.5644e+01,8.6211e+01,8.5913e+01,8.6701e+01,8.6660e+01,8.6751e+01,8.6958e+01,8.7009e+01,8.6625e+01,8.6943e+01,8.7032e+01,8.6327e+01,8.5608e+01,8.5954e+01,8.5688e+01,8.5548e+01,8.3953e+01,8.3866e+01,8.4715e+01,8.5942e+01,8.5255e+01,8.6421e+01,8.6674e+01,8.8298e+01,8.9126e+01,8.7621e+01,8.7834e+01,8.6509e+01,8.7436e+01,8.7843e+01,8.6964e+01,8.7257e+01,8.6070e+01,8.5500e+01,8.6307e+01,8.5776e+01,8.6460e+01,8.6097e+01,8.7661e+01,8.7844e+01,8.9516e+01,8.9546e+01,8.8205e+01,8.9697e+01,9.0537e+01,9.1503e+01,9.3402e+01,9.3878e+01,9.5896e+01,9.6721e+01,9.8525e+01,1.0017e+02,1.0167e+02,1.0366e+02,1.0547e+02,1.0688e+02,1.0851e+02,1.0922e+02,1.1103e+02,1.1271e+02,1.1381e+02,1.1508e+02,1.1600e+02,1.1762e+02,1.1884e+02,1.2011e+02,1.2150e+02,1.2256e+02,1.2359e+02,1.2441e+02,1.2490e+02,1.2571e+02,1.2666e+02,1.2766e+02,1.2875e+02,1.2987e+02,1.3103e+02,1.3211e+02,1.3313e+02,1.3437e+02,1.3515e+02,1.3589e+02,1.3683e+02,1.3736e+02,1.3801e+02,1.3786e+02,1.3765e+02
8.7342e+01,8.7181e+01,8.6999e+01,8.7114e+01,8.7278e+01,8.7783e+01,8.7961e+01,8.8526e+01,8.8429e+01,8.8072e+01,8.8122e+01,8.7731e+01,8.7761e+01,8.7743e+01,8.7189e+01,8.6949e+01,8.6880e+01,8.6333e+01,8.5889e+01,8.5437e+01,8.4439e+01,8.3895e+01,8.3618e+01,8.2880e+01,8.2496e+01,8.1518e+01,8.1064e+01,8.0531e+01,8.0121e+01,8.0825e+01,8.0860e+01,8.1037e+01,8.0142e+01,7.9604e+01,8.0115e+01,8.0108e+01,8.0781e+01,8.1337e+01,8.2352e+01,8.2807e+01,8.3475e+01,8.4570e+01,8.5192e+01,8.5861e+01,8.5913e+01,8.6478e+01,8.6179e+01,8.6967e+01,8.6924e+01,8.7014e+01,8.7219e+01,8.7268e+01,8.6880e+01,8.7195e+01,8.7286e+01,8.6581e+01,8.5863e+01,8.6212e+01,8.5947e+01,8.5809e+01,8.4217e+01,8.4133e+01,8.4984e+01,8.6211e+01,8.5524e+01,8.6692e+01,8.6945e+01,8.8570e+01,8.9398e+01,8.7893e+01,8.8105e+01,8.6780e+01,8.7707e+01,8.8113e+01,8.7235e+01,8.7529e+01,8.6342e+01,8.5772e+01,8.6579e+01,8.6048e+01,8.6732e+01,8.6369e+01,8.7931e+01,8.8114e+01,8.9785e+01,8.9815e+01,8.8473e+01,8.9963e+01,9.0803e+01,9.1766e+01,9.3664e+01,9.4141e+01,9.6157e+01,9.6977e+01,9.8777e+01,1.0042e+02,1.0192e+02,1.0390e+02,1.0571e+02,1.0712e+02,1.0875e+02,1.0945e+02,1.1126e+02,1.1293e+02,1.1403e+02,1.1529e+02,1.1621e+02,1.1782e+02,1.1904e+02,1.2030e+02,1.2169e+02,1.2275e+02,1.2377e+02,1.2459e+02,1.2508e+02,1.2589e+02,1.2684e+02,1.2783e+02,1.2892e+02,1.3004e+02,1.3119e+02,1.3228e+02,1.3329e+02,1.3453e+02,1.3531e+02,1.3605e+02,1.3699e+02,1.3751e+02,1.3816e+02,1.3801e+02,1.3781e+02
8.7627e+01,8.7470e+01,8.7291e+01,8.7404e+01,8.7565e+01,8.8070e+01,8.8245e+01,8.8808e+01,8.8707e+01,8.8350e+01,8.8400e+01,8.8012e+01,8.8044e+01,8.8025e+01,8.7475e+01,8.7233e+01,8.7168e+01,8.6623e+01,8.6181e+01,8.5732e+01,8.4735e+01,8.4193e+01,8.3917e+01,8.3177e+01,8.2794e+01,8.1815e+01,8.1360e+01,8.0827e+01,8.0418e+01,8.1118e+01,8.1154e+01,8.1326e+01,8.0434e+01,7.9901e+01,8.0408e+01,8.0404e+01,8.1073e+01,8.1633e+01,8.2644e+01,8.3093e+01,8.3755e+01,8.4844e+01,8.5457e+01,8.6123e+01,8.6171e+01,8.6736e+01,8.6439e+01,8.7231e+01,8.7188e+01,8.7279e+01,8.7487e+01,8.7537e+01,8.7149e+01,8.7463e+01,8.7561e+01,8.6858e+01,8.6147e+01,8.6498e+01,8.6235e+01,8.6101e+01,8.4514e+01,8.4434e+01,8.5285e+01,8.6512e+01,8.5826e+01,8.6994e+01,8.7247e+01,8.8872e+01,8.9699e+01,8.8194e+01,8.8405e+01,8.7078e+01,8.8004e+01,8.8409e+01,8.7530e+01,8.7822e+01,8.6633e+01,8.6061e+01,8.6865e+01,8.6331e+01,8.7012e+01,8.6646e+01,8.8207e+01,8.8392e+01,9.0061e+01,9.0087e+01,8.8742e+01,9.0230e+01,9.1066e+01,9.2026e+01,9.3922e+01,9.4395e+01,9.6410e+01,9.7229e+01,9.9023e+01,1.0067e+02,1.0216e+02,1.0414e+02,1.0595e+02,1.0735e+02,1.0897e+02,1.0967e+02,1.1147e+02,1.1314e+02,1.1422e+02,1.1548e+02,1.1639e+02,1.1800e+02,1.1921e+02,1.2047e+02,1.2185e+02,1.2291e+02,1.2393e+02,1.2475e+02,1.2523e+02,1.2604e+02,1.2698e+02,1.2797e+02,1.2905e+02,1.3017e+02,1.3132e+02,1.3240e+02,1.3341e+02,1.3465e+02,1.3543e+02,1.3616e+02,1.3710e+02,1.3762e+02,1.3827e+02,1.3812e+02,1.3792e+02
8.7836e+01,8.7681e+01,8.7505e+01,8.7618e+01,8.7778e+01,8.8281e+01,8.8452e+01,8.9014e+01,8.8910e+01,8.8554e+01,8.8608e+01,8.8224e+01,8.8258e+01,8.8240e+01,8.7694e+01,8.7455e+01,8.7392e+01,8.6852e+01,8.6410e+01,8.5963e+01,8.4968e+01,8.4429e+01,8.4154e+01,8.3412e+01,8.3031e+01,8.2052e+01,8.1598e+01,8.1064e+01,8.0650e+01,8.1344e+01,8.1375e+01,8.1541e+01,8.0651e+01,8.0120e+01,8.0621e+01,8.0619e+01,8.1287e+01,8.1854e+01,8.2862e+01,8.3306e+01,8.3963e+01,8.5048e+01,8.5657e+01,8.6326e+01,8.6374e+01,8.6942e+01,8.6647e+01,8.7443e+01,8.7402e+01,8.7496e+01,8.7706e+01,8.7759e+01,8.7372e+01,8.7686e+01,8.7787e+01,8.7087e+01,8.6380e+01,8.6733e+01,8.6471e+01,8.6340e+01,8.4755e+01,8.4675e+01,8.5525e+01,8.6751e+01,8.6065e+01,8.7231e+01,8.7482e+01,8.9108e+01,8.9934e+01,8.8426e+01,8.8634e+01,8.7306e+01,8.8232e+01,8.8640e+01,8.7761e+01,8.8050e+01,8.6860e+01,8.6284e+01,8.7085e+01,8.6549e+01,8.7226e+01,8.6856e+01,8.8414e+01,8.8599e+01,9.0265e+01,9.0285e+01,8.8934e+01,9.0418e+01,9.1251e+01,9.2206e+01,9.4101e+01,9.4569e+01,9.6584e+01,9.7398e+01,9.9189e+01,1.0083e+02,1.0232e+02,1.0430e+02,1.0611e+02,1.0750e+02,1.0912e+02,1.0981e+02,1.1160e+02,1.1327e+02,1.1435e+02,1.1559e+02,1.1650e+02,1.1810e+02,1.1931e+02,1.2057e+02,1.2195e+02,1.2300e+02,1.2401e+02,1.2483e+02,1.2531e+02,1.2612e+02,1.2706e+02,1.2804e+02,1.2912e+02,1.3023e+02,1.3138e+02,1.3246e+02,1.3347e+02,1.3470e+02,1.3548e+02,1.3621e+02,1.3715e+02,1.3767e+02,1.3832e+02,1.3817e+02,1.3797e+02
8.8094e+01,8.7942e+01,8.7770e+01,8.7883e+01,8.8043e+01,8.8545e+01,8.8716e+01,8.9279e+01,8.9173e+01,8.8819e+01,8.8875e+01,8.8493e+01,8.8529e+01,8.8513e+01,8.7966e+01,8.7730e+01,8.7668e+01,8.7129e+01,8.6687e+01,8.6244e+01,8.5253e+01,8.4721e+01,8.4451e+01,8.3712e+01,8.3334e+01,8.2355e+01,8.1901e+01,8.1366e+01,8.0951e+01,8.1644e+01,8.1676e+01,8.1837e+01,8.0948e+01,8.0422e+01,8.0921e+01,8.0921e+01,8.1590e+01,8.2157e+01,8.3163e+01,8.3608e+01,8.4261e+01,8.5346e+01,8.5953e+01,8.6619e+01,8.6667e+01,8.7230e+01,8.6933e+01,8.7724e+01,8.7683e+01,8.7775e+01,8.7984e+01,8.8034e+01,8.7647e+01,8.7957e+01,8.8060e+01,8.7361e+01,8.6658e+01,8.7009e+01,8.6748e+01,8.6617e+01,8.5039e+01,8.4959e+01,8.5806e+01,8.7028e+01,8.6344e+01,8.7507e+01,8.7758e+01,8.9379e+01,9.0203e+01,8.8700e+01,8.8909e+01,8.7584e+01,8.8507e+01,8.8912e+01,8.8034e+01,8.8323e+01,8.7135e+01,8.6563e+01,8.7363e+01,8.6827e+01,8.7505e+01,8.7136e+01,8.8693e+01,8.8881e+01,9.0545e+01,9.0568e+01,8.9220e+01,9.0704e+01,9.1534e+01,9.2490e+01,9.4384e+01,9.4848e+01,9.6862e+01,9.7675e+01,9.9462e+01,1.0111e+02,1.0259e+02,1.0457e+02,1.0638e+02,1.0777e+02,1.0938e+02,1.1007e+02,1.1185e+02,1.1351e+02,1.1458e+02,1.1583e+02,1.1673e+02,1.1833e+02,1.1953e+02,1.2079e+02,1.2216e+02,1.2321e+02,1.2422e+02,1.2504e+02,1.2551e+02,1.2632e+02,1.2726e+02,1.2824e+02,1.2932e+02,1.3042e+02,1.3157e+02,1.3264e+02,1.3365e+02,1.3488e+02,1.3566e+02,1.3639e+02,1.3732e+02,1.3784e+02,1.3849e+02,1.3835e+02,1.3814e+02
8.8341e+01,8.8193e+01,8.8024e+01,8.8139e+01,8.8298e+01,8.8800e+01,8.8970e+01,8.9531e+01,8.9422e+01,8.9067e+01,8.9121e+01,8.8741e+01,8.8776e+01,8.8759e+01,8.8213e+01,8.7978e+01,8.7913e+01,8.7374e+01,8.6933e+01,8.6494e+01,8.5507e+01,8.4982e+01,8.4717e+01,8.3983e+01,8.3606e+01,8.2629e+01,8.2175e+01,8.1641e+01,8.1224e+01,8.1916e+01,8.1949e+01,8.2107e+01,8.1219e+01,8.0697e+01,8.1194e+01,8.1196e+01,8.1865e+01,8.2430e+01,8.3434e+01,8.3880e+01,8.4532e+01,8.5614e+01,8.6221e+01,8.6883e+01,8.6929e+01,8.7486e+01,8.7187e+01,8.7972e+01,8.7933e+01,8.8021e+01,8.8228e+01,8.8275e+01,8.7887e+01,8.8192e+01,8.8291e+01,8.7595e+01,8.6894e+01,8.7242e+01,8.6980e+01,8.6850e+01,8.5279e+01,8.5199e+01,8.6045e+01,8.7265e+01,8.6586e+01,8.7749e+01,8.8003e+01,8.9620e+01,9.0446e+01,8.8950e+01,8.9163e+01,8.7845e+01,8.8766e+01,8.9168e+01,8.8291e+01,8.8583e+01,8.7401e+01,8.6835e+01,8.7637e+01,8.7104e+01,8.7785e+01,8.7421e+01,8.8978e+01,8.9167e+01,9.0832e+01,9.0858e+01,8.9516e+01,9.1000e+01,9.1829e+01,9.2787e+01,9.4677e+01,9.5140e+01,9.7151e+01,9.7965e+01,9.9748e+01,1.0139e+02,1.0287e+02,1.0485e+02,1.0665e+02,1.0804e+02,1.0965e+02,1.1033e+02,1.1211e+02,1.1377e+02,1.1484e+02,1.1608e+02,1.1698e+02,1.1858e+02,1.1978e+02,1.2103e+02,1.2240e+02,1.2345e+02,1.2446e+02,1.2527e+02,1.2574e+02,1.2654e+02,1.2748e+02,1.2846e+02,1.2954e+02,1.3064e+02,1.3178e+02,1.3286e+02,1.3386e+02,1.3509e+02,1.3587e+02,1.3660e+02,1.3753e+02,1.3805e+02,1.3870e+02,1.3855e+02,1.3835e+02
8.8594e+01,8.8446e+01,8.8280e+01,8.8397e+01,8.8554e+01,8.9055e+01,8.9224e+01,8.9787e+01,8.9677e+01,8.9322e+01,8.9376e+01,8.8998e+01,8.9034e+01,8.9016e+01,8.8470e+01,8.8238e+01,8.8174e+01,8.7635e+01,8.7193e+01,8.6755e+01,8.5773e+01,8.5253e+01,8.4991e+01,8.4261e+01,8.3885e+01,8.2909e+01,8.2456e+01,8.1921e+01,8.1504e+01,8.2193e+01,8.2226e+01,8.2382e+01,8.1495e+01,8.0974e+01,8.1470e+01,8.1472e+01,8.2140e+01,8.2704e+01,8.3704e+01,8.4149e+01,8.4796e+01,8.5875e+01,8.6481e+01,8.7140e+01,8.7184e+01,8.7738e+01,8.7437e+01,8.8221e+01,8.8182e+01,8.8268e+01,8.8475e+01,8.8521e+01,8.8135e+01,8.8439e+01,8.8539e+01,8.7846e+01,8.7150e+01,8.7497e+01,8.7234e+01,8.7107e+01,8.5543e+01,8.5464e+01,8.6308e+01,8.7525e+01,8.6849e+01,8.8011e+01,8.8266e+01,8.9879e+01,9.0704e+01,8.9212e+01,8.9425e+01,8.8110e+01,8.9029e+01,8.9429e+01,8.8553e+01,8.8846e+01,8.7665e+01,8.7102e+01,8.7901e+01,8.7368e+01,8.8047e+01,8.7683e+01,8.9237e+01,8.9427e+01,9.1089e+01,9.1115e+01,8.9774e+01,9.1255e+01,9.2081e+01,9.3037e+01,9.4924e+01,9.5383e+01,9.7391e+01,9.8202e+01,9.9981e+01,1.0163e+02,1.0310e+02,1.0508e+02,1.0688e+02,1.0826e+02,1.0987e+02,1.1055e+02,1.1232e+02,1.1397e+02,1.1504e+02,1.1628e+02,1.1718e+02,1.1877e+02,1.1997e+02,1.2122e+02,1.2259e+02,1.2363e+02,1.2464e+02,1.2545e+02,1.2592e+02,1.2672e+02,1.2765e+02,1.2863e+02,1.2971e+02,1.3081e+02,1.3195e+02,1.3302e+02,1.3402e+02,1.3525e+02,1.3602e+02,1.3676e+02,1.3769e+02,1.3820e+02,1.3885e+02,1.3871e+02,1.3851e+02
8.8894e+01,8.8750e+01,8.8586e+01,8.8702e+01,8.8857e+01,8.9357e+01,8.9524e+01,9.0088e+01,8.9976e+01,8.9618e+01,8.9670e+01,8.9292e+01,8.9327e+01,8.9307e+01,8.8761e+01,8.8529e+01,8.8466e+01,8.7927e+01,8.7484e+01,8.7046e+01,8.6065e+01,8.5547e+01,8.5287e+01,8.4560e+01,8.4187e+01,8.3215e+01,8.2763e+01,8.2232e+01,8.1816e+01,8.2504e+01,8.2534e+01,8.2691e+01,8.1808e+01,8.1285e+01,8.1779e+01,8.1777e+01,8.2441e+01,8.3004e+01,8.4003e+01,8.4447e+01,8.5093e+01,8.6169e+01,8.6773e+01,8.7429e+01,8.7473e+01,8.8024e+01,8.7723e+01,8.8505e+01,8.8469e+01,8.8554e+01,8.8761e+01,8.8808e+01,8.8425e+01,8.8729e+01,8.8830e+01,8.8140e+01,8.7447e+01,8.7794e+01,8.7536e+01,8.7408e+01,8.5847e+01,8.5769e+01,8.6609e+01,8.7823e+01,8.7147e+01,8.8305e+01,8.8558e+01,9.0168e+01,9.0990e+01,8.9500e+01,8.9711e+01,8.8399e+01,8.9316e+01,8.9715e+01,8.8842e+01,8.9132e+01,8.7954e+01,8.7391e+01,8.8186e+01,8.7655e+01,8.8331e+01,8.7966e+01,8.9516e+01,8.9706e+01,9.1363e+01,9.1387e+01,9.0048e+01,9.1525e+01,9.2347e+01,9.3298e+01,9.5180e+01,9.5635e+01,9.7637e+01,9.8445e+01,1.0022e+02,1.0186e+02,1.0333e+02,1.0530e+02,1.0709e+02,1.0847e+02,1.1007e+02,1.1074e+02,1.1251e+02,1.1415e+02,1.1522e+02,1.1645e+02,1.1734e+02,1.1893e+02,1.2012e+02,1.2137e+02,1.2274e+02,1.2378e+02,1.2479e+02,1.2559e+02,1.2607e+02,1.2686e+02,1.2779e+02,1.2876e+02,1.2983e+02,1.3093e+02,1.3207e+02,1.3314e+02,1.3414e+02,1.3536e+02,1.3613e+02,1.3687e+02,1.3779e+02,1.3831e+02,1.3896e+02,1.3881e+02,1.3861e+02
8.9243e+01,8.9101e+01,8.8937e+01,8.9051e+01,8.9203e+01,8.9701e+01,8.9867e+01,9.0429e+01,9.0313e+01,8.9955e+01,9.0007e+01,8.9629e+01,8.9665e+01,8.9643e+01,8.9097e+01,8.8863e+01,8.8800e+01,8.8260e+01,8.7817e+01,8.7376e+01,8.6398e+01,8.5883e+01,8.5626e+01,8.4901e+01,8.4528e+01,8.3559e+01,8.3108e+01,8.2578e+01,8.2164e+01,8.2852e+01,8.2885e+01,8.3043e+01,8.2163e+01,8.1642e+01,8.2136e+01,8.2135e+01,8.2798e+01,8.3360e+01,8.4357e+01,8.4801e+01,8.5446e+01,8.6519e+01,8.7124e+01,8.7775e+01,8.7817e+01,8.8363e+01,8.8060e+01,8.8837e+01,8.8798e+01,8.8881e+01,8.9084e+01,8.9132e+01,8.8747e+01,8.9050e+01,8.9151e+01,8.8461e+01,8.7770e+01,8.8117e+01,8.7859e+01,8.7734e+01,8.6179e+01,8.6103e+01,8.6943e+01,8.8156e+01,8.7484e+01,8.8639e+01,8.8892e+01,9.0498e+01,9.1319e+01,8.9835e+01,9.0047e+01,8.8739e+01,8.9653e+01,9.0049e+01,8.9176e+01,8.9467e+01,8.8291e+01,8.7731e+01,8.8524e+01,8.7992e+01,8.8667e+01,8.8301e+01,8.9847e+01,9.0039e+01,9.1691e+01,9.1713e+01,9.0376e+01,9.1846e+01,9.2661e+01,9.3607e+01,9.5481e+01,9.5929e+01,9.7923e+01,9.8727e+01,1.0049e+02,1.0213e+02,1.0359e+02,1.0555e+02,1.0734e+02,1.0871e+02,1.1030e+02,1.1097e+02,1.1273e+02,1.1437e+02,1.1543e+02,1.1665e+02,1.1754e+02,1.1913e+02,1.2031e+02,1.2156e+02,1.2293e+02,1.2396e+02,1.2496e+02,1.2577e+02,1.2624e+02,1.2703e+02,1.2796e+02,1.2893e+02,1.3000e+02,1.3109e+02,1.3222e+02,1.3329e+02,1.3429e+02,1.3551e+02,1.3628e+02,1.3701e+02,1.3794e+02,1.3845e+02,1.3910e+02,1.3895e+02,1.3875e+02
8.9437e+01,8.9297e+01,8.9133e+01,8.9246e+01,8.9398e+01,8.9895e+01,9.0061e+01,9.0621e+01,9.0503e+01,9.0143e+01,9.0195e+01,8.9818e+01,8.9856e+01,8.9837e+01,8.9292e+01,8.9056e+01,8.8994e+01,8.8455e+01,8.8011e+01,8.7572e+01,8.6597e+01,8.6085e+01,8.5828e+01,8.5107e+01,8.4738e+01,8.3770e+01,8.3322e+01,8.2793e+01,8.2383e+01,8.3073e+01,8.3105e+01,8.3265e+01,8.2387e+01,8.1865e+01,8.2357e+01,8.2355e+01,8.3016e+01,8.3577e+01,8.4573e+01,8.5013e+01,8.5656e+01,8.6724e+01,8.7327e+01,8.7977e+01,8.8016e+01,8.8561e+01,8.8256e+01,8.9034e+01,8.8997e+01,8.9078e+01,8.9285e+01,8.9332e+01,8.8951e+01,8.9254e+01,8.9356e+01,8.8669e+01,8.7981e+01,8.8326e+01,8.8070e+01,8.7944e+01,8.6393e+01,8.6315e+01,8.7151e+01,8.8360e+01,8.7688e+01,8.8840e+01,8.9091e+01,9.0694e+01,9.1512e+01,9.0029e+01,9.0240e+01,8.8933e+01,8.9844e+01,9.0240e+01,8.9368e+01,8.9656e+01,8.8481e+01,8.7920e+01,8.8710e+01,8.8177e+01,8.8847e+01,8.8479e+01,9.0021e+01,9.0214e+01,9.1862e+01,9.1881e+01,9.0544e+01,9.2010e+01,9.2821e+01,9.3764e+01,9.5634e+01,9.6079e+01,9.8069e+01,9.8869e+01,1.0063e+02,1.0226e+02,1.0372e+02,1.0568e+02,1.0747e+02,1.0883e+02,1.1043e+02,1.1109e+02,1.1284e+02,1.1448e+02,1.1554e+02,1.1676e+02,1.1765e+02,1.1923e+02,1.2042e+02,1.2166e+02,1.2302e+02,1.2406e+02,1.2506e+02,1.2587e+02,1.2634e+02,1.2713e+02,1.2806e+02,1.2903e+02,1.3009e+02,1.3118e+02,1.3231e+02,1.3338e+02,1.3438e+02,1.3560e+02,1.3637e+02,1.3710e+02,1.3802e+02,1.3853e+02,1.3918e+02,1.3903e+02,1.3883e+02
8.9584e+01,8.9443e+01,8.9276e+01,8.9389e+01,8.9538e+01,9.0034e+01,9.0200e+01,9.0758e+01,9.0638e+01,9.0280e+01,9.0333e+01,8.9955e+01,8.9996e+01,8.9978e+01,8.9432e+01,8.9195e+01,8.9133e+01,8.8594e+01,8.8151e+01,8.7711e+01,8.6738e+01,8.6229e+01,8.5974e+01,8.5256e+01,8.4887e+01,8.3921e+01,8.3475e+01,8.2948e+01,8.2539e+01,8.3232e+01,8.3263e+01,8.3425e+01,8.2552e+01,8.2028e+01,8.2519e+01,8.2515e+01,8.3173e+01,8.3733e+01,8.4726e+01,8.5163e+01,8.5803e+01,8.6868e+01,8.7472e+01,8.8120e+01,8.8158e+01,8.8700e+01,8.8393e+01,8.9171e+01,8.9132e+01,8.9213e+01,8.9418e+01,8.9465e+01,8.9085e+01,8.9386e+01,8.9487e+01,8.8801e+01,8.8115e+01,8.8461e+01,8.8204e+01,8.8081e+01,8.6533e+01,8.6456e+01,8.7293e+01,8.8501e+01,8.7831e+01,8.8983e+01,8.9235e+01,9.0835e+01,9.1653e+01,9.0172e+01,9.0384e+01,8.9079e+01,8.9988e+01,9.0383e+01,8.9511e+01,8.9800e+01,8.8627e+01,8.8068e+01,8.8858e+01,8.8325e+01,8.8996e+01,8.8628e+01,9.0168e+01,9.0362e+01,9.2009e+01,9.2028e+01,9.0693e+01,9.2158e+01,9.2966e+01,9.3908e+01,9.5775e+01,9.6217e+01,9.8203e+01,9.9002e+01,1.0076e+02,1.0239e+02,1.0385e+02,1.0580e+02,1.0760e+02,1.0895e+02,1.1054e+02,1.1120e+02,1.1295e+02,1.1459e+02,1.1564e+02,1.1686e+02,1.1775e+02,1.1933e+02,1.2051e+02,1.2176e+02,1.2312e+02,1.2415e+02,1.2515e+02,1.2596e+02,1.2643e+02,1.2722e+02,1.2814e+02,1.2911e+02,1.3018e+02,1.3127e+02,1.3240e+02,1.3347e+02,1.3447e+02,1.3568e+02,1.3645e+02,1.3718e+02,1.3810e+02,1.3861e+02,1.3926e+02,1.3911e+02,1.3891e+02
8.9856e+01,8.9717e+01,8.9548e+01,8.9660e+01,8.9806e+01,9.0300e+01,9.0467e+01,9.1022e+01,9.0902e+01,9.0544e+01,9.0596e+01,9.0220e+01,9.0262e+01,9.0245e+01,8.9700e+01,8.9462e+01,8.9402e+01,8.8865e+01,8.8420e+01,8.7981e+01,8.7011e+01,8.6504e+01,8.6250e+01,8.5534e+01,8.5166e+01,8.4201e+01,8.3755e+01,8.3228e+01,8.2822e+01,8.3518e+01,8.3550e+01,8.3715e+01,8.2843e+01,8.2318e+01,8.2809e+01,8.2803e+01,8.3460e+01,8.4020e+01,8.5012e+01,8.5446e+01,8.6086e+01,8.7148e+01,8.7748e+01,8.8393e+01,8.8427e+01,8.8967e+01,8.8660e+01,8.9439e+01,8.9400e+01,8.9481e+01,8.9687e+01,8.9733e+01,8.9354e+01,8.9653e+01,8.9755e+01,8.9071e+01,8.8387e+01,8.8731e+01,8.8474e+01,8.8351e+01,8.6806e+01,8.6729e+01,8.7564e+01,8.8769e+01,8.8100e+01,8.9250e+01,8.9501e+01,9.1097e+01,9.1914e+01,9.0437e+01,9.0649e+01,8.9347e+01,9.0253e+01,9.0645e+01,8.9773e+01,9.0060e+01,8.8887e+01,8.8328e+01,8.9114e+01,8.8580e+01,8.9248e+01,8.8877e+01,9.0414e+01,9.0610e+01,9.2252e+01,9.2268e+01,9.0933e+01,9.2392e+01,9.3196e+01,9.4133e+01,9.5992e+01,9.6430e+01,9.8410e+01,9.9207e+01,1.0095e+02,1.0259e+02,1.0404e+02,1.0599e+02,1.0777e+02,1.0912e+02,1.1070e+02,1.1136e+02,1.1310e+02,1.1473e+02,1.1578e+02,1.1700e+02,1.1789e+02,1.1947e+02,1.2065e+02,1.2189e+02,1.2325e+02,1.2428e+02,1.2528e+02,1.2608e+02,1.2655e+02,1.2734e+02,1.2827e+02,1.2923e+02,1.3030e+02,1.3139e+02,1.3252e+02,1.3358e+02,1.3458e+02,1.3580e+02,1.3657e+02,1.3729e+02,1.3822e+02,1.3873e+02,1.3937e+02,1.3922e+02,1.3902e+02
9.0101e+01,8.9961e+01,8.9790e+01,8.9901e+01,9.0045e+01,9.0538e+01,9.0707e+01,9.1261e+01,9.1138e+01,9.0779e+01,9.0830e+01,9.0454e+01,9.0495e+01,9.0476e+01,8.9929e+01,8.9689e+01,8.9628e+01,8.9091e+01,8.8646e+01,8.8207e+01,8.7239e+01,8.6733e+01,8.6477e+01,8.5762e+01,8.5393e+01,8.4430e+01,8.3985e+01,8.3462e+01,8.3059e+01,8.3756e+01,8.3789e+01,8.3956e+01,8.3086e+01,8.2561e+01,8.3053e+01,8.3047e+01,8.3701e+01,8.4260e+01,8.5251e+01,8.5684e+01,8.6324e+01,8.7386e+01,8.7987e+01,8.8631e+01,8.8665e+01,8.9204e+01,8.8897e+01,8.9676e+01,8.9637e+01,8.9720e+01,8.9927e+01,8.9973e+01,8.9595e+01,8.9896e+01,8.9998e+01,8.9315e+01,8.8631e+01,8.8973e+01,8.8718e+01,8.8591e+01,8.7047e+01,8.6967e+01,8.7795e+01,8.8996e+01,8.8324e+01,8.9467e+01,8.9714e+01,9.1307e+01,9.2119e+01,9.0643e+01,9.0852e+01,8.9552e+01,9.0455e+01,9.0846e+01,8.9975e+01,9.0259e+01,8.9087e+01,8.8527e+01,8.9308e+01,8.8774e+01,8.9437e+01,8.9066e+01,9.0597e+01,9.0792e+01,9.2428e+01,9.2441e+01,9.1109e+01,9.2562e+01,9.3363e+01,9.4295e+01,9.6149e+01,9.6585e+01,9.8558e+01,9.9354e+01,1.0109e+02,1.0272e+02,1.0417e+02,1.0611e+02,1.0789e+02,1.0924e+02,1.1081e+02,1.1146e+02,1.1321e+02,1.1483e+02,1.1588e+02,1.1710e+02,1.1799e+02,1.1956e+02,1.2074e+02,1.2198e+02,1.2334e+02,1.2437e+02,1.2536e+02,1.2617e+02,1.2664e+02,1.2743e+02,1.2835e+02,1.2932e+02,1.3038e+02,1.3147e+02,1.3260e+02,1.3366e+02,1.3466e+02,1.3587e+02,1.3664e+02,1.3737e+02,1.3829e+02,1.3880e+02,1.3944e+02,1.3930e+02,1.3910e+02
9.0332e+01,9.0194e+01,9.0025e+01,9.0135e+01,9.0279e+01,9.0774e+01,9.0943e+01,9.1499e+01,9.1375e+01,9.1015e+01,9.1065e+01,9.0687e+01,9.0729e+01,9.0709e+01,9.0162e+01,8.9918e+01,8.9856e+01,8.9321e+01,8.8875e+01,8.8435e+01,8.7472e+01,8.6967e+01,8.6711e+01,8.5996e+01,8.5626e+01,8.4666e+01,8.4222e+01,8.3699e+01,8.3300e+01,8.3995e+01,8.4029e+01,8.4195e+01,8.3328e+01,8.2806e+01,8.3296e+01,8.3292e+01,8.3944e+01,8.4503e+01,8.5489e+01,8.5918e+01,8.6555e+01,8.7611e+01,8.8208e+01,8.8849e+01,8.8879e+01,8.9415e+01,8.9107e+01,8.9884e+01,8.9840e+01,8.9923e+01,9.0129e+01,9.0176e+01,8.9798e+01,9.0100e+01,9.0204e+01,8.9523e+01,8.8843e+01,8.9188e+01,8.8935e+01,8.8812e+01,8.7272e+01,8.7196e+01,8.8026e+01,8.9227e+01,8.8558e+01,8.9702e+01,8.9952e+01,9.1543e+01,9.2355e+01,9.0883e+01,9.1093e+01,8.9796e+01,9.0699e+01,9.1090e+01,9.0221e+01,9.0506e+01,8.9337e+01,8.8779e+01,8.9561e+01,8.9027e+01,8.9689e+01,8.9318e+01,9.0847e+01,9.1043e+01,9.2676e+01,9.2688e+01,9.1358e+01,9.2807e+01,9.3606e+01,9.4534e+01,9.6384e+01,9.6817e+01,9.8786e+01,9.9577e+01,1.0131e+02,1.0294e+02,1.0438e+02,1.0632e+02,1.0810e+02,1.0943e+02,1.1101e+02,1.1165e+02,1.1339e+02,1.1501e+02,1.1605e+02,1.1726e+02,1.1815e+02,1.1972e+02,1.2090e+02,1.2214e+02,1.2350e+02,1.2453e+02,1.2552e+02,1.2632e+02,1.2679e+02,1.2758e+02,1.2850e+02,1.2946e+02,1.3053e+02,1.3162e+02,1.3274e+02,1.3381e+02,1.3481e+02,1.3602e+02,1.3679e+02,1.3751e+02,1.3843e+02,1.3894e+02,1.3958e+02,1.3943e+02,1.3923e+02
9.0557e+01,9.0420e+01,9.0254e+01,9.0364e+01,9.0509e+01,9.1006e+01,9.1177e+01,9.1733e+01,9.1609e+01,9.1249e+01,9.1296e+01,9.0918e+01,9.0960e+01,9.0939e+01,9.0387e+01,9.0142e+01,9.0078e+01,8.9543e+01,8.9095e+01,8.8655e+01,8.7694e+01,8.7192e+01,8.6933e+01,8.6220e+01,8.5848e+01,8.4889e+01,8.4447e+01,8.3925e+01,8.3527e+01,8.4221e+01,8.4255e+01,8.4419e+01,8.3553e+01,8.3035e+01,8.3525e+01,8.3523e+01,8.4176e+01,8.4736e+01,8.5723e+01,8.6152e+01,8.6790e+01,8.7846e+01,8.8442e+01,8.9080e+01,8.9107e+01,8.9641e+01,8.9330e+01,9.0104e+01,9.0058e+01,9.0137e+01,9.0341e+01,9.0385e+01,9.0007e+01,9.0307e+01,9.0410e+01,8.9729e+01,8.9049e+01,8.9393e+01,8.9141e+01,8.9019e+01,8.7480e+01,8.7406e+01,8.8237e+01,8.9437e+01,8.8770e+01,8.9914e+01,9.0164e+01,9.1752e+01,9.2565e+01,9.1096e+01,9.1308e+01,9.0014e+01,9.0914e+01,9.1301e+01,9.0431e+01,9.0716e+01,8.9549e+01,8.8993e+01,8.9773e+01,8.9239e+01,8.9901e+01,8.9529e+01,9.1057e+01,9.1256e+01,9.2888e+01,9.2900e+01,9.1571e+01,9.3019e+01,9.3814e+01,9.4742e+01,9.6588e+01,9.7017e+01,9.8984e+01,9.9775e+01,1.0151e+02,1.0313e+02,1.0457e+02,1.0650e+02,1.0828e+02,1.0962e+02,1.1118e+02,1.1183e+02,1.1356e+02,1.1517e+02,1.1622e+02,1.1743e+02,1.1831e+02,1.1988e+02,1.2105e+02,1.2229e+02,1.2364e+02,1.2467e+02,1.2566e+02,1.2647e+02,1.2693e+02,1.2772e+02,1.2864e+02,1.2960e+02,1.3066e+02,1.3175e+02,1.3287e+02,1.3394e+02,1.3493e+02,1.3614e+02,1.3691e+02,1.3763e+02,1.3855e+02,1.3906e+02,1.3970e+02,1.3955e+02,1.3935e+02
9.0789e+01,9.0653e+01,9.0486e+01,9.0595e+01,9.0740e+01,9.1237e+01,9.1408e+01,9.1965e+01,9.1840e+01,9.1482e+01,9.1530e+01,9.1155e+01,9.1200e+01,9.1179e+01,9.0628e+01,9.0383e+01,9.0321e+01,8.9788e+01,8.9341e+01,8.8902e+01,8.7946e+01,8.7447e+01,8.7186e+01,8.6476e+01,8.6102e+01,8.5143e+01,8.4700e+01,8.4177e+01,8.3781e+01,8.4472e+01,8.4507e+01,8.4667e+01,8.3805e+01,8.3292e+01,8.3781e+01,8.3783e+01,8.4435e+01,8.4996e+01,8.5979e+01,8.6406e+01,8.7042e+01,8.8095e+01,8.8687e+01,8.9322e+01,8.9344e+01,8.9875e+01,8.9564e+01,9.0335e+01,9.0285e+01,9.0363e+01,9.0568e+01,9.0610e+01,9.0236e+01,9.0535e+01,9.0636e+01,8.9959e+01,8.9281e+01,8.9624e+01,8.9372e+01,8.9251e+01,8.7717e+01,8.7645e+01,8.8476e+01,8.9674e+01,8.9011e+01,9.0154e+01,9.0405e+01,9.1988e+01,9.2802e+01,9.1338e+01,9.1552e+01,9.0261e+01,9.1158e+01,9.1542e+01,9.0671e+01,9.0957e+01,8.9791e+01,8.9239e+01,9.0017e+01,8.9481e+01,9.0142e+01,8.9770e+01,9.1296e+01,9.1499e+01,9.3129e+01,9.3140e+01,9.1813e+01,9.3258e+01,9.4049e+01,9.4976e+01,9.6817e+01,9.7242e+01,9.9206e+01,9.9998e+01,1.0173e+02,1.0335e+02,1.0479e+02,1.0672e+02,1.0850e+02,1.0983e+02,1.1139e+02,1.1203e+02,1.1376e+02,1.1537e+02,1.1642e+02,1.1762e+02,1.1850e+02,1.2006e+02,1.2124e+02,1.2247e+02,1.2382e+02,1.2485e+02,1.2584e+02,1.2664e+02,1.2710e+02,1.2789e+02,1.2881e+02,1.2977e+02,1.3082e+02,1.3191e+02,1.3304e+02,1.3410e+02,1.3509e+02,1.3630e+02,1.3707e+02,1.3779e+02,1.3870e+02,1.3921e+02,1.3985e+02,1.3970e+02,1.3950e+02
9.1010e+01,9.0874e+01,9.0708e+01,9.0816e+01,9.0962e+01,9.1459e+01,9.1628e+01,9.2184e+01,9.2057e+01,9.1702e+01,9.1749e+01,9.1377e+01,9.1423e+01,9.1404e+01,9.0851e+01,9.0604e+01,9.0541e+01,9.0012e+01,8.9564e+01,8.9127e+01,8.8173e+01,8.7677e+01,8.7416e+01,8.6707e+01,8.6333e+01,8.5376e+01,8.4934e+01,8.4412e+01,8.4017e+01,8.4707e+01,8.4745e+01,8.4904e+01,8.4042e+01,8.3532e+01,8.4023e+01,8.4027e+01,8.4677e+01,8.5237e+01,8.6217e+01,8.6644e+01,8.7279e+01,8.8329e+01,8.8920e+01,8.9552e+01,8.9574e+01,9.0102e+01,8.9788e+01,9.0554e+01,9.0502e+01,9.0577e+01,9.0779e+01,9.0820e+01,9.0445e+01,9.0744e+01,9.0843e+01,9.0166e+01,8.9488e+01,8.9829e+01,8.9577e+01,8.9456e+01,8.7928e+01,8.7856e+01,8.8686e+01,8.9880e+01,8.9220e+01,9.0360e+01,9.0611e+01,9.2189e+01,9.3002e+01,9.1542e+01,9.1756e+01,9.0468e+01,9.1362e+01,9.1744e+01,9.0874e+01,9.1160e+01,8.9997e+01,8.9447e+01,9.0223e+01,8.9689e+01,9.0349e+01,8.9978e+01,9.1502e+01,9.1707e+01,9.3335e+01,9.3347e+01,9.2024e+01,9.3468e+01,9.4256e+01,9.5182e+01,9.7019e+01,9.7442e+01,9.9403e+01,1.0019e+02,1.0192e+02,1.0354e+02,1.0497e+02,1.0690e+02,1.0868e+02,1.1000e+02,1.1157e+02,1.1220e+02,1.1393e+02,1.1554e+02,1.1658e+02,1.1778e+02,1.1866e+02,1.2022e+02,1.2139e+02,1.2263e+02,1.2397e+02,1.2500e+02,1.2599e+02,1.2679e+02,1.2725e+02,1.2803e+02,1.2895e+02,1.2990e+02,1.3096e+02,1.3205e+02,1.3317e+02,1.3423e+02,1.3522e+02,1.3643e+02,1.3719e+02,1.3791e+02,1.3883e+02,1.3933e+02,1.3997e+02,1.3983e+02,1.3963e+02
9.1207e+01,9.1071e+01,9.0906e+01,9.1013e+01,9.1159e+01,9.1655e+01,9.1824e+01,9.2378e+01,9.2253e+01,9.1899e+01,9.1945e+01,9.1573e+01,9.1620e+01,9.1601e+01,9.1048e+01,9.0799e+01,9.0737e+01,9.0210e+01,8.9764e+01,8.9328e+01,8.8378e+01,8.7885e+01,8.7622e+01,8.6917e+01,8.6540e+01,8.5586e+01,8.5146e+01,8.4625e+01,8.4232e+01,8.4921e+01,8.4958e+01,8.5118e+01,8.4258e+01,8.3751e+01,8.4241e+01,8.4246e+01,8.4896e+01,8.5455e+01,8.6433e+01,8.6858e+01,8.7492e+01,8.8539e+01,8.9128e+01,8.9755e+01,8.9776e+01,9.0301e+01,8.9986e+01,9.0750e+01,9.0696e+01,9.0770e+01,9.0970e+01,9.1012e+01,9.0639e+01,9.0938e+01,9.1035e+01,9.0360e+01,8.9681e+01,9.0020e+01,8.9769e+01,8.9649e+01,8.8125e+01,8.8054e+01,8.8883e+01,9.0074e+01,8.9417e+01,9.0554e+01,9.0805e+01,9.2378e+01,9.3189e+01,9.1733e+01,9.1948e+01,9.0664e+01,9.1555e+01,9.1935e+01,9.1067e+01,9.1352e+01,9.0193e+01,8.9644e+01,9.0418e+01,8.9885e+01,9.0543e+01,9.0173e+01,9.1694e+01,9.1898e+01,9.3522e+01,9.3535e+01,9.2216e+01,9.3657e+01,9.4442e+01,9.5366e+01,9.7199e+01,9.7620e+01,9.9576e+01,1.0036e+02,1.0209e+02,1.0371e+02,1.0514e+02,1.0706e+02,1.0884e+02,1.1016e+02,1.1172e+02,1.1236e+02,1.1408e+02,1.1569e+02,1.1673e+02,1.1793e+02,1.1881e+02,1.2037e+02,1.2153e+02,1.2277e+02,1.2411e+02,1.2514e+02,1.2612e+02,1.2692e+02,1.2738e+02,1.2816e+02,1.2908e+02,1.3004e+02,1.3109e+02,1.3218e+02,1.3330e+02,1.3436e+02,1.3535e+02,1.3656e+02,1.3732e+02,1.3804e+02,1.3896e+02,1.3946e+02,1.4010e+02,1.3996e+02,1.3975e+02
9.1479e+01,9.1343e+01,9.1177e+01,9.1283e+01,9.1429e+01,9.1925e+01,9.2094e+01,9.2648e+01,9.2523e+01,9.2171e+01,9.2215e+01,9.1845e+01,9.1894e+01,9.1875e+01,9.1320e+01,9.1070e+01,9.1006e+01,9.0482e+01,9.0036e+01,8.9600e+01,8.8654e+01,8.8163e+01,8.7899e+01,8.7194e+01,8.6815e+01,8.5863e+01,8.5424e+01,8.4904e+01,8.4510e+01,8.5198e+01,8.5235e+01,8.5395e+01,8.4537e+01,8.4032e+01,8.4522e+01,8.4526e+01,8.5175e+01,8.5730e+01,8.6707e+01,8.7131e+01,8.7765e+01,8.8810e+01,8.9399e+01,9.0024e+01,9.0045e+01,9.0565e+01,9.0249e+01,9.1008e+01,9.0953e+01,9.1024e+01,9.1223e+01,9.1265e+01,9.0891e+01,9.1190e+01,9.1284e+01,9.0610e+01,8.9931e+01,9.0271e+01,9.0021e+01,8.9903e+01,8.8384e+01,8.8315e+01,8.9142e+01,9.0330e+01,8.9676e+01,9.0810e+01,9.1061e+01,9.2628e+01,9.3436e+01,9.1987e+01,9.2202e+01,9.0923e+01,9.1811e+01,9.2189e+01,9.1324e+01,9.1609e+01,9.0455e+01,8.9910e+01,9.0682e+01,9.0151e+01,9.0809e+01,9.0441e+01,9.1958e+01,9.2162e+01,9.3782e+01,9.3796e+01,9.2483e+01,9.3919e+01,9.4702e+01,9.5624e+01,9.7451e+01,9.7873e+01,9.9822e+01,1.0061e+02,1.0232e+02,1.0394e+02,1.0537e+02,1.0729e+02,1.0905e+02,1.1038e+02,1.1193e+02,1.1257e+02,1.1429e+02,1.1590e+02,1.1694e+02,1.1814e+02,1.1901e+02,1.2057e+02,1.2173e+02,1.2296e+02,1.2430e+02,1.2532e+02,1.2631e+02,1.2711e+02,1.2757e+02,1.2835e+02,1.2927e+02,1.3022e+02,1.3127e+02,1.3236e+02,1.3348e+02,1.3454e+02,1.3553e+02,1.3674e+02,1.3750e+02,1.3821e+02,1.3913e+02,1.3963e+02,1.4027e+02,1.4013e+02,1.3993e+02
9.1752e+01,9.1617e+01,9.1453e+01,9.1558e+01,9.1703e+01,9.2196e+01,9.2367e+01,9.2920e+01,9.2796e+01,9.2446e+01,9.2489e+01,9.2120e+01,9.2168e+01,9.2147e+01,9.1592e+01,9.1339e+01,9.1276e+01,9.0754e+01,9.0308e+01,8.9874e+01,8.8933e+01,8.8445e+01,8.8180e+01,8.7475e+01,8.7093e+01,8.6143e+01,8.5705e+01,8.5186e+01,8.4793e+01,8.5482e+01,8.5519e+01,8.5680e+01,8.4823e+01,8.4320e+01,8.4809e+01,8.4813e+01,8.5460e+01,8.6013e+01,8.6986e+01,8.7407e+01,8.8037e+01,8.9077e+01,8.9662e+01,9.0284e+01,9.0305e+01,9.0822e+01,9.0504e+01,9.1260e+01,9.1204e+01,9.1275e+01,9.1472e+01,9.1514e+01,9.1141e+01,9.1442e+01,9.1535e+01,9.0863e+01,9.0187e+01,9.0527e+01,9.0280e+01,9.0164e+01,8.8653e+01,8.8586e+01,8.9410e+01,9.0594e+01,8.9944e+01,9.1073e+01,9.1325e+01,9.2887e+01,9.3693e+01,9.2250e+01,9.2465e+01,9.1193e+01,9.2079e+01,9.2456e+01,9.1596e+01,9.1882e+01,9.0735e+01,9.0193e+01,9.0966e+01,9.0439e+01,9.1097e+01,9.0732e+01,9.2246e+01,9.2450e+01,9.4067e+01,9.4084e+01,9.2775e+01,9.4210e+01,9.4992e+01,9.5913e+01,9.7736e+01,9.8158e+01,1.0010e+02,1.0089e+02,1.0260e+02,1.0421e+02,1.0563e+02,1.0755e+02,1.0931e+02,1.1063e+02,1.1219e+02,1.1282e+02,1.1454e+02,1.1614e+02,1.1718e+02,1.1838e+02,1.1926e+02,1.2081e+02,1.2197e+02,1.2320e+02,1.2454e+02,1.2556e+02,1.2654e+02,1.2734e+02,1.2780e+02,1.2858e+02,1.2950e+02,1.3045e+02,1.3151e+02,1.3259e+02,1.3371e+02,1.3477e+02,1.3576e+02,1.3696e+02,1.3772e+02,1.3843e+02,1.3934e+02,1.3985e+02,1.4048e+02,1.4034e+02,1.4014e+02
9.2025e+01,9.1892e+01,9.1729e+01,9.1835e+01,9.1983e+01,9.2477e+01,9.2649e+01,9.3203e+01,9.3077e+01,9.2726e+01,9.2769e+01,9.2400e+01,9.2449e+01,9.2428e+01,9.1871e+01,9.1617e+01,9.1552e+01,9.1032e+01,9.0588e+01,9.0155e+01,8.9217e+01,8.8731e+01,8.8466e+01,8.7762e+01,8.7379e+01,8.6431e+01,8.5994e+01,8.5474e+01,8.5081e+01,8.5769e+01,8.5806e+01,8.5966e+01,8.5112e+01,8.4611e+01,8.5098e+01,8.5101e+01,8.5746e+01,8.6295e+01,8.7267e+01,8.7687e+01,8.8317e+01,8.9354e+01,8.9939e+01,9.0557e+01,9.0578e+01,9.1090e+01,9.0772e+01,9.1525e+01,9.1468e+01,9.1539e+01,9.1733e+01,9.1775e+01,9.1402e+01,9.1701e+01,9.1793e+01,9.1123e+01,9.0449e+01,9.0789e+01,9.0543e+01,9.0429e+01,8.8923e+01,8.8858e+01,8.9681e+01,9.0862e+01,9.0215e+01,9.1341e+01,9.1593e+01,9.3150e+01,9.3953e+01,9.2515e+01,9.2729e+01,9.1462e+01,9.2345e+01,9.2720e+01,9.1864e+01,9.2150e+01,9.1008e+01,9.0468e+01,9.1239e+01,9.0715e+01,9.1372e+01,9.1010e+01,9.2520e+01,9.2723e+01,9.4336e+01,9.4355e+01,9.3053e+01,9.4485e+01,9.5265e+01,9.6184e+01,9.8002e+01,9.8426e+01,1.0036e+02,1.0115e+02,1.0285e+02,1.0446e+02,1.0588e+02,1.0779e+02,1.0955e+02,1.1087e+02,1.1242e+02,1.1305e+02,1.1477e+02,1.1637e+02,1.1741e+02,1.1860e+02,1.1947e+02,1.2102e+02,1.2218e+02,1.2341e+02,1.2474e+02,1.2576e+02,1.2674e+02,1.2754e+02,1.2800e+02,1.2879e+02,1.2970e+02,1.3065e+02,1.3170e+02,1.3279e+02,1.3390e+02,1.3496e+02,1.3595e+02,1.3715e+02,1.3791e+02,1.3862e+02,1.3953e+02,1.4003e+02,1.4067e+02,1.4053e+02,1.4033e+02
9.2250e+01,9.2118e+01,9.1957e+01,9.2065e+01,9.2214e+01,9.2708e+01,9.2881e+01,9.3436e+01,9.3310e+01,9.2958e+01,9.2999e+01,9.2630e+01,9.2678e+01,9.2652e+01,9.2093e+01,9.1837e+01,9.1770e+01,9.1250e+01,9.0806e+01,9.0373e+01,8.9438e+01,8.8955e+01,8.8692e+01,8.7989e+01,8.7604e+01,8.6655e+01,8.6218e+01,8.5697e+01,8.5304e+01,8.5991e+01,8.6030e+01,8.6189e+01,8.5335e+01,8.4836e+01,8.5324e+01,8.5328e+01,8.5973e+01,8.6520e+01,8.7490e+01,8.7913e+01,8.8545e+01,8.9583e+01,9.0169e+01,9.0785e+01,9.0806e+01,9.1316e+01,9.0998e+01,9.1748e+01,9.1690e+01,9.1762e+01,9.1956e+01,9.1998e+01,9.1626e+01,9.1921e+01,9.2013e+01,9.1344e+01,9.0671e+01,9.1009e+01,9.0763e+01,9.0648e+01,8.9144e+01,8.9079e+01,8.9899e+01,9.1077e+01,9.0431e+01,9.1554e+01,9.1805e+01,9.3357e+01,9.4159e+01,9.2725e+01,9.2939e+01,9.1675e+01,9.2555e+01,9.2929e+01,9.2075e+01,9.2360e+01,9.1221e+01,9.0683e+01,9.1451e+01,9.0930e+01,9.1585e+01,9.1225e+01,9.2730e+01,9.2931e+01,9.4540e+01,9.4560e+01,9.3263e+01,9.4691e+01,9.5469e+01,9.6386e+01,9.8198e+01,9.8622e+01,1.0055e+02,1.0134e+02,1.0304e+02,1.0464e+02,1.0605e+02,1.0796e+02,1.0971e+02,1.1103e+02,1.1257e+02,1.1321e+02,1.1493e+02,1.1652e+02,1.1756e+02,1.1875e+02,1.1962e+02,1.2117e+02,1.2232e+02,1.2355e+02,1.2489e+02,1.2591e+02,1.2689e+02,1.2769e+02,1.2814e+02,1.2893e+02,1.2984e+02,1.3079e+02,1.3184e+02,1.3293e+02,1.3404e+02,1.3510e+02,1.3609e+02,1.3729e+02,1.3804e+02,1.3876e+02,1.3966e+02,1.4017e+02,1.4080e+02,1.4066e+02,1.4046e+02
9.2468e+01,9.2337e+01,9.2176e+01,9.2284e+01,9.2433e+01,9.2926e+01,9.3098e+01,9.3653e+01,9.3526e+01,9.3174e+01,9.3216e+01,9.2846e+01,9.2894e+01,9.2865e+01,9.2307e+01,9.2050e+01,9.1982e+01,9.1462e+01,9.1020e+01,9.0589e+01,8.9653e+01,8.9170e+01,8.8908e+01,8.8206e+01,8.7819e+01,8.6868e+01,8.6430e+01,8.5907e+01,8.5515e+01,8.6199e+01,8.6239e+01,8.6395e+01,8.5542e+01,8.5045e+01,8.5532e+01,8.5538e+01,8.6183e+01,8.6728e+01,8.7696e+01,8.8119e+01,8.8749e+01,8.9784e+01,9.0368e+01,9.0981e+01,9.1003e+01,9.1511e+01,9.1195e+01,9.1943e+01,9.1885e+01,9.1961e+01,9.2157e+01,9.2201e+01,9.1833e+01,9.2128e+01,9.2221e+01,9.1558e+01,9.0889e+01,9.1228e+01,9.0987e+01,9.0872e+01,8.9369e+01,8.9305e+01,9.0122e+01,9.1298e+01,9.0653e+01,9.1771e+01,9.2022e+01,9.3574e+01,9.4373e+01,9.2940e+01,9.3150e+01,9.1889e+01,9.2769e+01,9.3145e+01,9.2296e+01,9.2580e+01,9.1444e+01,9.0904e+01,9.1671e+01,9.1152e+01,9.1805e+01,9.1446e+01,9.2947e+01,9.3145e+01,9.4750e+01,9.4769e+01,9.3474e+01,9.4898e+01,9.5678e+01,9.6592e+01,9.8400e+01,9.8825e+01,1.0075e+02,1.0153e+02,1.0323e+02,1.0483e+02,1.0624e+02,1.0814e+02,1.0989e+02,1.1120e+02,1.1274e+02,1.1338e+02,1.1509e+02,1.1669e+02,1.1772e+02,1.1891e+02,1.1978e+02,1.2133e+02,1.2248e+02,1.2370e+02,1.2504e+02,1.2606e+02,1.2704e+02,1.2784e+02,1.2829e+02,1.2907e+02,1.2999e+02,1.3094e+02,1.3199e+02,1.3307e+02,1.3419e+02,1.3525e+02,1.3623e+02,1.3742e+02,1.3818e+02,1.3890e+02,1.3980e+02,1.4031e+02,1.4094e+02,1.4080e+02,1.4061e+02
9.2709e+01,9.2579e+01,9.2419e+01,9.2526e+01,9.2674e+01,9.3164e+01,9.3336e+01,9.3887e+01,9.3760e+01,9.3408e+01,9.3448e+01,9.3078e+01,9.3123e+01,9.3093e+01,9.2535e+01,9.2277e+01,9.2209e+01,9.1691e+01,9.1251e+01,9.0822e+01,8.9890e+01,8.9409e+01,8.9149e+01,8.8448e+01,8.8061e+01,8.7112e+01,8.6674e+01,8.6152e+01,8.5761e+01,8.6442e+01,8.6482e+01,8.6638e+01,8.5789e+01,8.5293e+01,8.5779e+01,8.5782e+01,8.6424e+01,8.6966e+01,8.7930e+01,8.8353e+01,8.8982e+01,9.0016e+01,9.0599e+01,9.1210e+01,9.1232e+01,9.1740e+01,9.1426e+01,9.2172e+01,9.2116e+01,9.2193e+01,9.2389e+01,9.2435e+01,9.2069e+01,9.2364e+01,9.2456e+01,9.1795e+01,9.1125e+01,9.1462e+01,9.1223e+01,9.1105e+01,8.9605e+01,8.9540e+01,9.0353e+01,9.1527e+01,9.0882e+01,9.1998e+01,9.2248e+01,9.3796e+01,9.4592e+01,9.3163e+01,9.3374e+01,9.2116e+01,9.2993e+01,9.3369e+01,9.2522e+01,9.2805e+01,9.1672e+01,9.1134e+01,9.1899e+01,9.1383e+01,9.2035e+01,9.1678e+01,9.3175e+01,9.3372e+01,9.4973e+01,9.4993e+01,9.3702e+01,9.5124e+01,9.5902e+01,9.6813e+01,9.8616e+01,9.9041e+01,1.0096e+02,1.0174e+02,1.0343e+02,1.0503e+02,1.0644e+02,1.0833e+02,1.1007e+02,1.1138e+02,1.1292e+02,1.1355e+02,1.1526e+02,1.1685e+02,1.1789e+02,1.1907e+02,1.1994e+02,1.2149e+02,1.2264e+02,1.2386e+02,1.2519e+02,1.2621e+02,1.2719e+02,1.2799e+02,1.2844e+02,1.2922e+02,1.3014e+02,1.3109e+02,1.3214e+02,1.3322e+02,1.3434e+02,1.3539e+02,1.3637e+02,1.3757e+02,1.3833e+02,1.3904e+02,1.3995e+02,1.4045e+02,1.4109e+02,1.4095e+02,1.4075e+02
