8.7193e+01,8.7198e+01,8.7264e+01,8.7387e+01,8.7766e+01,8.7936e+01,8.7928e+01,8.8125e+01,8.7698e+01,8.7218e+01,8.6798e+01,8.6464e+01,8.6204e+01,8.5805e+01,8.5262e+01,8.4824e+01,8.4494e+01,8.4067e+01,8.3782e+01,8.3399e+01,8.3425e+01,8.3523e+01,8.3583e+01,8.3894e+01,8.4111e+01,8.4686e+01,8.4894e+01,8.5400e+01,8.5790e+01,8.5582e+01,8.6056e+01,8.6293e+01,8.6774e+01,8.7451e+01,8.7984e+01,8.8729e+01,8.9543e+01,9.0513e+01,9.1880e+01,9.2785e+01,9.2351e+01,9.2981e+01,9.3950e+01,9.3572e+01,9.3907e+01,9.3085e+01,9.2320e+01,9.1372e+01,9.0257e+01,8.9617e+01,8.9232e+01,8.7937e+01,8.7842e+01,8.6880e+01,8.6081e+01,8.5336e+01,8.4548e+01,8.3771e+01,8.3180e+01,8.2738e+01,8.2256e+01,8.1966e+01,8.1801e+01,8.1731e+01,8.1574e+01,8.1698e+01,8.2004e+01,8.2376e+01,8.2409e+01,8.3078e+01,8.3643e+01,8.4082e+01,8.5042e+01,8.5614e+01,8.6738e+01,8.7426e+01,8.8682e+01,8.9071e+01,8.9187e+01,8.8910e+01,8.9606e+01,9.0549e+01,9.1503e+01,9.2249e+01,9.3154e+01,9.4741e+01,9.5611e+01,9.7348e+01,9.8803e+01,9.8923e+01,1.0005e+02,1.0144e+02,1.0327e+02,1.0362e+02,1.0418e+02,1.0604e+02,1.0630e+02,1.0799e+02,1.0935e+02,1.1144e+02,1.1312e+02,1.1486e+02,1.1551e+02,1.1752e+02,1.1823e+02,1.1865e+02,1.1931e+02,1.2043e+02,1.2136e+02,1.2237e+02,1.2360e+02,1.2438e+02,1.2532e+02,1.2580e+02,1.2614e+02,1.2693e+02,1.2769e+02,1.2843e+02,1.2916e+02,1.3007e+02,1.3097e+02,1.3199e+02,1.3286e+02,1.3404e+02,1.3474e+02,1.3548e+02,1.3645e+02,1.3690e+02,1.3743e+02,1.3729e+02,1.3700e+02
8.6951e+01,8.6959e+01,8.7012e+01,8.7124e+01,8.7491e+01,8.7653e+01,8.7632e+01,8.7822e+01,8.7396e+01,8.6912e+01,8.6486e+01,8.6143e+01,8.5868e+01,8.5466e+01,8.4934e+01,8.4506e+01,8.4188e+01,8.3804e+01,8.3538e+01,8.3194e+01,8.3262e+01,8.3359e+01,8.3484e+01,8.3766e+01,8.4023e+01,8.4541e+01,8.4676e+01,8.5194e+01,8.5666e+01,8.5536e+01,8.6082e+01,8.6349e+01,8.6842e+01,8.7501e+01,8.8031e+01,8.8787e+01,8.9591e+01,9.0571e+01,9.1934e+01,9.2845e+01,9.2412e+01,9.3033e+01,9.3993e+01,9.3599e+01,9.3918e+01,9.3083e+01,9.2313e+01,9.1349e+01,9.0246e+01,8.9595e+01,8.9221e+01,8.7929e+01,8.7843e+01,8.6899e+01,8.6098e+01,8.5352e+01,8.4581e+01,8.3798e+01,8.3203e+01,8.2732e+01,8.2240e+01,8.1937e+01,8.1751e+01,8.1643e+01,8.1439e+01,8.1528e+01,8.1805e+01,8.2145e+01,8.2168e+01,8.2821e+01,8.3382e+01,8.3856e+01,8.4799e+01,8.5340e+01,8.6449e+01,8.7147e+01,8.8392e+01,8.8777e+01,8.8913e+01,8.8642e+01,8.9322e+01,9.0270e+01,9.1212e+01,9.1971e+01,9.2879e+01,9.4462e+01,9.5327e+01,9.7059e+01,9.8520e+01,9.8654e+01,9.9786e+01,1.0119e+02,1.0301e+02,1.0336e+02,1.0390e+02,1.0576e+02,1.0602e+02,1.0770e+02,1.0906e+02,1.1116e+02,1.1284e+02,1.1458e+02,1.1523e+02,1.1725e+02,1.1796e+02,1.1838e+02,1.1904e+02,1.2017e+02,1.2110e+02,1.2211e+02,1.2335e+02,1.2413e+02,1.2506e+02,1.2555e+02,1.2589e+02,1.2668e+02,1.2744e+02,1.2818e+02,1.2892e+02,1.2983e+02,1.3073e+02,1.3175e+02,1.3262e+02,1.3380e+02,1.3450e+02,1.3525e+02,1.3621e+02,1.3667e+02,1.3719e+02,1.3705e+02,1.3677e+02
8.6922e+01,8.6932e+01,8.6976e+01,8.7077e+01,8.7437e+01,8.7590e+01,8.7562e+01,8.7741e+01,8.7318e+01,8.6836e+01,8.6413e+01,8.6070e+01,8.5790e+01,8.5393e+01,8.4875e+01,8.4468e+01,8.4169e+01,8.3827e+01,8.3588e+01,8.3276e+01,8.3351e+01,8.3435e+01,8.3570e+01,8.3772e+01,8.3974e+01,8.4403e+01,8.4463e+01,8.4944e+01,8.5460e+01,8.5422e+01,8.6011e+01,8.6303e+01,8.6815e+01,8.7431e+01,8.7965e+01,8.8727e+01,8.9499e+01,9.0490e+01,9.1838e+01,9.2756e+01,9.2339e+01,9.2944e+01,9.3887e+01,9.3472e+01,9.3766e+01,9.2920e+01,9.2155e+01,9.1185e+01,9.0103e+01,8.9461e+01,8.9115e+01,8.7845e+01,8.7776e+01,8.6854e+01,8.6078e+01,8.5352e+01,8.4595e+01,8.3828e+01,8.3260e+01,8.2801e+01,8.2326e+01,8.2041e+01,8.1864e+01,8.1756e+01,8.1541e+01,8.1621e+01,8.1884e+01,8.2202e+01,8.2214e+01,8.2842e+01,8.3381e+01,8.3867e+01,8.4782e+01,8.5298e+01,8.6380e+01,8.7087e+01,8.8313e+01,8.8703e+01,8.8857e+01,8.8603e+01,8.9274e+01,9.0226e+01,9.1162e+01,9.1930e+01,9.2832e+01,9.4411e+01,9.5277e+01,9.7000e+01,9.8467e+01,9.8614e+01,9.9755e+01,1.0116e+02,1.0299e+02,1.0333e+02,1.0387e+02,1.0573e+02,1.0598e+02,1.0766e+02,1.0903e+02,1.1112e+02,1.1281e+02,1.1455e+02,1.1521e+02,1.1723e+02,1.1794e+02,1.1836e+02,1.1902e+02,1.2015e+02,1.2109e+02,1.2210e+02,1.2334e+02,1.2412e+02,1.2506e+02,1.2555e+02,1.2589e+02,1.2668e+02,1.2744e+02,1.2818e+02,1.2892e+02,1.2983e+02,1.3074e+02,1.3176e+02,1.3263e+02,1.3381e+02,1.3451e+02,1.3525e+02,1.3622e+02,1.3667e+02,1.3719e+02,1.3706e+02,1.3678e+02
8.6863e+01,8.6871e+01,8.6914e+01,8.7019e+01,8.7378e+01,8.7533e+01,8.7507e+01,8.7692e+01,8.7273e+01,8.6789e+01,8.6361e+01,8.6009e+01,8.5716e+01,8.5313e+01,8.4798e+01,8.4386e+01,8.4071e+01,8.3750e+01,8.3482e+01,8.3171e+01,8.3216e+01,8.3259e+01,8.3435e+01,8.3563e+01,8.3726e+01,8.4121e+01,8.4183e+01,8.4712e+01,8.5272e+01,8.5259e+01,8.5874e+01,8.6234e+01,8.6772e+01,8.7388e+01,8.7944e+01,8.8690e+01,8.9448e+01,9.0432e+01,9.1771e+01,9.2689e+01,9.2294e+01,9.2912e+01,9.3849e+01,9.3443e+01,9.3728e+01,9.2897e+01,9.2154e+01,9.1199e+01,9.0121e+01,8.9498e+01,8.9159e+01,8.7893e+01,8.7821e+01,8.6886e+01,8.6111e+01,8.5383e+01,8.4606e+01,8.3839e+01,8.3257e+01,8.2802e+01,8.2309e+01,8.1996e+01,8.1790e+01,8.1659e+01,8.1440e+01,8.1482e+01,8.1723e+01,8.2005e+01,8.1991e+01,8.2575e+01,8.3076e+01,8.3548e+01,8.4434e+01,8.4941e+01,8.6003e+01,8.6708e+01,8.7923e+01,8.8322e+01,8.8476e+01,8.8236e+01,8.8913e+01,8.9864e+01,9.0806e+01,9.1575e+01,9.2464e+01,9.4046e+01,9.4923e+01,9.6642e+01,9.8111e+01,9.8260e+01,9.9409e+01,1.0081e+02,1.0265e+02,1.0300e+02,1.0354e+02,1.0541e+02,1.0567e+02,1.0735e+02,1.0873e+02,1.1082e+02,1.1251e+02,1.1425e+02,1.1491e+02,1.1694e+02,1.1764e+02,1.1807e+02,1.1873e+02,1.1986e+02,1.2081e+02,1.2182e+02,1.2307e+02,1.2385e+02,1.2479e+02,1.2528e+02,1.2562e+02,1.2641e+02,1.2717e+02,1.2792e+02,1.2866e+02,1.2957e+02,1.3048e+02,1.3151e+02,1.3238e+02,1.3357e+02,1.3427e+02,1.3501e+02,1.3598e+02,1.3643e+02,1.3696e+02,1.3682e+02,1.3654e+02
8.6688e+01,8.6699e+01,8.6734e+01,8.6827e+01,8.7176e+01,8.7322e+01,8.7290e+01,8.7464e+01,8.7052e+01,8.6572e+01,8.6150e+01,8.5806e+01,8.5513e+01,8.5124e+01,8.4628e+01,8.4242e+01,8.3953e+01,8.3662e+01,8.3425e+01,8.3143e+01,8.3210e+01,8.3273e+01,8.3457e+01,8.3594e+01,8.3740e+01,8.4094e+01,8.4101e+01,8.4579e+01,8.5172e+01,8.5224e+01,8.5844e+01,8.6192e+01,8.6726e+01,8.7312e+01,8.7858e+01,8.8612e+01,8.9354e+01,9.0347e+01,9.1679e+01,9.2604e+01,9.2211e+01,9.2811e+01,9.3733e+01,9.3306e+01,9.3574e+01,9.2727e+01,9.1980e+01,9.1010e+01,8.9949e+01,8.9321e+01,8.9000e+01,8.7746e+01,8.7684e+01,8.6768e+01,8.6005e+01,8.5288e+01,8.4527e+01,8.3766e+01,8.3202e+01,8.2745e+01,8.2265e+01,8.1966e+01,8.1768e+01,8.1636e+01,8.1403e+01,8.1446e+01,8.1674e+01,8.1946e+01,8.1938e+01,8.2514e+01,8.3015e+01,8.3504e+01,8.4369e+01,8.4849e+01,8.5888e+01,8.6593e+01,8.7789e+01,8.8182e+01,8.8351e+01,8.8118e+01,8.8780e+01,8.9732e+01,9.0662e+01,9.1440e+01,9.2327e+01,9.3903e+01,9.4776e+01,9.6486e+01,9.7958e+01,9.8119e+01,9.9271e+01,1.0068e+02,1.0251e+02,1.0286e+02,1.0338e+02,1.0525e+02,1.0551e+02,1.0718e+02,1.0856e+02,1.1065e+02,1.1235e+02,1.1409e+02,1.1475e+02,1.1677e+02,1.1748e+02,1.1791e+02,1.1857e+02,1.1970e+02,1.2065e+02,1.2167e+02,1.2292e+02,1.2370e+02,1.2464e+02,1.2514e+02,1.2548e+02,1.2627e+02,1.2704e+02,1.2778e+02,1.2853e+02,1.2944e+02,1.3036e+02,1.3138e+02,1.3226e+02,1.3345e+02,1.3415e+02,1.3490e+02,1.3587e+02,1.3632e+02,1.3685e+02,1.3671e+02,1.3643e+02
8.6410e+01,8.6423e+01,8.6455e+01,8.6541e+01,8.6885e+01,8.7022e+01,8.6987e+01,8.7154e+01,8.6742e+01,8.6257e+01,8.5842e+01,8.5505e+01,8.5216e+01,8.4839e+01,8.4353e+01,8.3984e+01,8.3729e+01,8.3456e+01,8.3266e+01,8.3010e+01,8.3125e+01,8.3232e+01,8.3416e+01,8.3600e+01,8.3775e+01,8.4139e+01,8.4126e+01,8.4563e+01,8.5162e+01,8.5227e+01,8.5842e+01,8.6151e+01,8.6660e+01,8.7239e+01,8.7760e+01,8.8525e+01,8.9275e+01,9.0277e+01,9.1614e+01,9.2542e+01,9.2128e+01,9.2712e+01,9.3634e+01,9.3188e+01,9.3455e+01,9.2587e+01,9.1817e+01,9.0824e+01,8.9768e+01,8.9117e+01,8.8796e+01,8.7540e+01,8.7483e+01,8.6586e+01,8.5821e+01,8.5104e+01,8.4367e+01,8.3605e+01,8.3049e+01,8.2576e+01,8.2107e+01,8.1820e+01,8.1639e+01,8.1504e+01,8.1258e+01,8.1318e+01,8.1540e+01,8.1825e+01,8.1843e+01,8.2440e+01,8.2971e+01,8.3485e+01,8.4360e+01,8.4826e+01,8.5869e+01,8.6574e+01,8.7768e+01,8.8148e+01,8.8323e+01,8.8079e+01,8.8727e+01,8.9679e+01,9.0597e+01,9.1378e+01,9.2278e+01,9.3848e+01,9.4712e+01,9.6423e+01,9.7896e+01,9.8060e+01,9.9209e+01,1.0063e+02,1.0245e+02,1.0279e+02,1.0331e+02,1.0517e+02,1.0541e+02,1.0708e+02,1.0845e+02,1.1055e+02,1.1225e+02,1.1398e+02,1.1464e+02,1.1667e+02,1.1737e+02,1.1780e+02,1.1846e+02,1.1960e+02,1.2055e+02,1.2156e+02,1.2282e+02,1.2361e+02,1.2455e+02,1.2504e+02,1.2538e+02,1.2618e+02,1.2695e+02,1.2770e+02,1.2844e+02,1.2936e+02,1.3028e+02,1.3131e+02,1.3219e+02,1.3337e+02,1.3408e+02,1.3483e+02,1.3580e+02,1.3626e+02,1.3678e+02,1.3664e+02,1.3636e+02
8.6250e+01,8.6261e+01,8.6294e+01,8.6374e+01,8.6714e+01,8.6846e+01,8.6813e+01,8.6973e+01,8.6564e+01,8.6083e+01,8.5682e+01,8.5361e+01,8.5080e+01,8.4716e+01,8.4242e+01,8.3888e+01,8.3657e+01,8.3381e+01,8.3213e+01,8.2953e+01,8.3073e+01,8.3187e+01,8.3343e+01,8.3529e+01,8.3683e+01,8.4029e+01,8.4003e+01,8.4394e+01,8.4990e+01,8.5084e+01,8.5693e+01,8.5984e+01,8.6477e+01,8.7026e+01,8.7528e+01,8.8297e+01,8.9036e+01,9.0043e+01,9.1377e+01,9.2309e+01,9.1889e+01,9.2453e+01,9.3363e+01,9.2896e+01,9.3154e+01,9.2270e+01,9.1487e+01,9.0479e+01,8.9437e+01,8.8780e+01,8.8471e+01,8.7228e+01,8.7178e+01,8.6305e+01,8.5554e+01,8.4856e+01,8.4139e+01,8.3393e+01,8.2863e+01,8.2401e+01,8.1960e+01,8.1698e+01,8.1543e+01,8.1427e+01,8.1190e+01,8.1272e+01,8.1505e+01,8.1805e+01,8.1831e+01,8.2440e+01,8.2976e+01,8.3492e+01,8.4369e+01,8.4836e+01,8.5876e+01,8.6584e+01,8.7775e+01,8.8156e+01,8.8337e+01,8.8095e+01,8.8740e+01,8.9692e+01,9.0606e+01,9.1391e+01,9.2291e+01,9.3861e+01,9.4724e+01,9.6433e+01,9.7909e+01,9.8078e+01,9.9228e+01,1.0065e+02,1.0247e+02,1.0281e+02,1.0333e+02,1.0519e+02,1.0543e+02,1.0709e+02,1.0847e+02,1.1056e+02,1.1227e+02,1.1400e+02,1.1466e+02,1.1669e+02,1.1739e+02,1.1782e+02,1.1848e+02,1.1962e+02,1.2057e+02,1.2159e+02,1.2284e+02,1.2364e+02,1.2458e+02,1.2508e+02,1.2542e+02,1.2622e+02,1.2699e+02,1.2774e+02,1.2849e+02,1.2941e+02,1.3033e+02,1.3136e+02,1.3224e+02,1.3343e+02,1.3414e+02,1.3489e+02,1.3586e+02,1.3632e+02,1.3684e+02,1.3670e+02,1.3642e+02
8.5988e+01,8.5996e+01,8.6029e+01,8.6105e+01,8.6440e+01,8.6566e+01,8.6532e+01,8.6685e+01,8.6278e+01,8.5800e+01,8.5412e+01,8.5106e+01,8.4832e+01,8.4481e+01,8.4018e+01,8.3680e+01,8.3481e+01,8.3210e+01,8.3080e+01,8.2830e+01,8.2983e+01,8.3124e+01,8.3274e+01,8.3490e+01,8.3654e+01,8.4013e+01,8.3986e+01,8.4349e+01,8.4933e+01,8.5034e+01,8.5634e+01,8.5896e+01,8.6361e+01,8.6896e+01,8.7370e+01,8.8143e+01,8.8887e+01,8.9898e+01,9.1234e+01,9.2163e+01,9.1723e+01,9.2270e+01,9.3177e+01,9.2693e+01,9.2951e+01,9.2048e+01,9.1244e+01,9.0214e+01,8.9180e+01,8.8501e+01,8.8191e+01,8.6950e+01,8.6900e+01,8.6048e+01,8.5298e+01,8.4606e+01,8.3915e+01,8.3173e+01,8.2656e+01,8.2187e+01,8.1766e+01,8.1518e+01,8.1383e+01,8.1271e+01,8.1030e+01,8.1133e+01,8.1366e+01,8.1682e+01,8.1729e+01,8.2357e+01,8.2915e+01,8.3446e+01,8.4333e+01,8.4796e+01,8.5842e+01,8.6551e+01,8.7743e+01,8.8114e+01,8.8299e+01,8.8048e+01,8.8682e+01,8.9634e+01,9.0539e+01,9.1326e+01,9.2237e+01,9.3804e+01,9.4659e+01,9.6370e+01,9.7848e+01,9.8020e+01,9.9168e+01,1.0060e+02,1.0242e+02,1.0275e+02,1.0325e+02,1.0511e+02,1.0534e+02,1.0701e+02,1.0838e+02,1.1047e+02,1.1219e+02,1.1392e+02,1.1457e+02,1.1661e+02,1.1731e+02,1.1774e+02,1.1840e+02,1.1954e+02,1.2049e+02,1.2150e+02,1.2276e+02,1.2355e+02,1.2450e+02,1.2500e+02,1.2534e+02,1.2614e+02,1.2691e+02,1.2766e+02,1.2841e+02,1.2933e+02,1.3025e+02,1.3128e+02,1.3217e+02,1.3335e+02,1.3406e+02,1.3481e+02,1.3579e+02,1.3624e+02,1.3677e+02,1.3663e+02,1.3635e+02
8.5734e+01,8.5742e+01,8.5785e+01,8.5870e+01,8.6216e+01,8.6348e+01,8.6324e+01,8.6482e+01,8.6072e+01,8.5594e+01,8.5209e+01,8.4903e+01,8.4639e+01,8.4281e+01,8.3803e+01,8.3449e+01,8.3247e+01,8.2942e+01,8.2812e+01,8.2538e+01,8.2688e+01,8.2838e+01,8.2965e+01,8.3204e+01,8.3367e+01,8.3748e+01,8.3739e+01,8.4078e+01,8.4623e+01,8.4717e+01,8.5298e+01,8.5536e+01,8.5980e+01,8.6505e+01,8.6965e+01,8.7737e+01,8.8486e+01,8.9495e+01,9.0838e+01,9.1767e+01,9.1318e+01,9.1862e+01,9.2776e+01,9.2292e+01,9.2559e+01,9.1653e+01,9.0839e+01,8.9805e+01,8.8761e+01,8.8075e+01,8.7758e+01,8.6511e+01,8.6458e+01,8.5604e+01,8.4854e+01,8.4168e+01,8.3478e+01,8.2743e+01,8.2238e+01,8.1779e+01,8.1374e+01,8.1140e+01,8.1025e+01,8.0933e+01,8.0710e+01,8.0838e+01,8.1092e+01,8.1433e+01,8.1486e+01,8.2136e+01,8.2706e+01,8.3228e+01,8.4137e+01,8.4621e+01,8.5689e+01,8.6400e+01,8.7610e+01,8.7984e+01,8.8159e+01,8.7899e+01,8.8543e+01,8.9497e+01,9.0409e+01,9.1192e+01,9.2111e+01,9.3685e+01,9.4541e+01,9.6263e+01,9.7741e+01,9.7905e+01,9.9051e+01,1.0048e+02,1.0231e+02,1.0264e+02,1.0315e+02,1.0501e+02,1.0524e+02,1.0691e+02,1.0829e+02,1.1039e+02,1.1211e+02,1.1385e+02,1.1450e+02,1.1655e+02,1.1725e+02,1.1768e+02,1.1834e+02,1.1948e+02,1.2043e+02,1.2144e+02,1.2270e+02,1.2349e+02,1.2444e+02,1.2494e+02,1.2529e+02,1.2609e+02,1.2686e+02,1.2762e+02,1.2837e+02,1.2929e+02,1.3021e+02,1.3125e+02,1.3214e+02,1.3333e+02,1.3404e+02,1.3479e+02,1.3577e+02,1.3622e+02,1.3675e+02,1.3661e+02,1.3633e+02
8.5582e+01,8.5587e+01,8.5634e+01,8.5719e+01,8.6061e+01,8.6189e+01,8.6169e+01,8.6322e+01,8.5916e+01,8.5443e+01,8.5072e+01,8.4781e+01,8.4530e+01,8.4183e+01,8.3715e+01,8.3372e+01,8.3193e+01,8.2886e+01,8.2784e+01,8.2514e+01,8.2682e+01,8.2857e+01,8.2979e+01,8.3243e+01,8.3407e+01,8.3802e+01,8.3804e+01,8.4120e+01,8.4633e+01,8.4727e+01,8.5285e+01,8.5491e+01,8.5903e+01,8.6401e+01,8.6825e+01,8.7594e+01,8.8340e+01,8.9346e+01,9.0685e+01,9.1608e+01,9.1145e+01,9.1670e+01,9.2581e+01,9.2082e+01,9.2349e+01,9.1428e+01,9.0595e+01,8.9544e+01,8.8511e+01,8.7805e+01,8.7488e+01,8.6248e+01,8.6195e+01,8.5365e+01,8.4621e+01,8.3949e+01,8.3286e+01,8.2564e+01,8.2079e+01,8.1621e+01,8.1243e+01,8.1025e+01,8.0935e+01,8.0853e+01,8.0637e+01,8.0789e+01,8.1047e+01,8.1405e+01,8.1474e+01,8.2140e+01,8.2725e+01,8.3251e+01,8.4169e+01,8.4654e+01,8.5728e+01,8.6438e+01,8.7651e+01,8.8021e+01,8.8196e+01,8.7930e+01,8.8569e+01,8.9524e+01,9.0431e+01,9.1217e+01,9.2143e+01,9.3717e+01,9.4568e+01,9.6293e+01,9.7772e+01,9.7936e+01,9.9080e+01,1.0051e+02,1.0234e+02,1.0266e+02,1.0317e+02,1.0503e+02,1.0526e+02,1.0692e+02,1.0830e+02,1.1040e+02,1.1212e+02,1.1387e+02,1.1452e+02,1.1657e+02,1.1727e+02,1.1771e+02,1.1836e+02,1.1950e+02,1.2045e+02,1.2146e+02,1.2272e+02,1.2351e+02,1.2447e+02,1.2497e+02,1.2531e+02,1.2612e+02,1.2689e+02,1.2765e+02,1.2840e+02,1.2933e+02,1.3025e+02,1.3128e+02,1.3217e+02,1.3337e+02,1.3407e+02,1.3483e+02,1.3580e+02,1.3626e+02,1.3678e+02,1.3665e+02,1.3637e+02
8.5102e+01,8.5104e+01,8.5155e+01,8.5241e+01,8.5582e+01,8.5709e+01,8.5692e+01,8.5847e+01,8.5442e+01,8.4969e+01,8.4600e+01,8.4317e+01,8.4077e+01,8.3734e+01,8.3274e+01,8.2934e+01,8.2776e+01,8.2466e+01,8.2396e+01,8.2139e+01,8.2335e+01,8.2547e+01,8.2680e+01,8.2982e+01,8.3168e+01,8.3597e+01,8.3617e+01,8.3950e+01,8.4446e+01,8.4507e+01,8.5045e+01,8.5219e+01,8.5603e+01,8.6117e+01,8.6517e+01,8.7292e+01,8.8065e+01,8.9069e+01,9.0427e+01,9.1349e+01,9.0860e+01,9.1387e+01,9.2317e+01,9.1822e+01,9.2112e+01,9.1186e+01,9.0329e+01,8.9265e+01,8.8214e+01,8.7477e+01,8.7132e+01,8.5867e+01,8.5800e+01,8.4969e+01,8.4200e+01,8.3517e+01,8.2872e+01,8.2139e+01,8.1645e+01,8.1166e+01,8.0798e+01,8.0579e+01,8.0504e+01,8.0417e+01,8.0200e+01,8.0375e+01,8.0631e+01,8.1009e+01,8.1103e+01,8.1792e+01,8.2406e+01,8.2942e+01,8.3878e+01,8.4368e+01,8.5459e+01,8.6167e+01,8.7392e+01,8.7751e+01,8.7922e+01,8.7639e+01,8.8273e+01,8.9228e+01,9.0131e+01,9.0915e+01,9.1856e+01,9.3432e+01,9.4274e+01,9.6009e+01,9.7488e+01,9.7647e+01,9.8784e+01,1.0022e+02,1.0204e+02,1.0236e+02,1.0287e+02,1.0472e+02,1.0494e+02,1.0661e+02,1.0798e+02,1.1008e+02,1.1181e+02,1.1356e+02,1.1421e+02,1.1627e+02,1.1698e+02,1.1741e+02,1.1806e+02,1.1921e+02,1.2015e+02,1.2117e+02,1.2243e+02,1.2322e+02,1.2418e+02,1.2468e+02,1.2503e+02,1.2583e+02,1.2661e+02,1.2737e+02,1.2812e+02,1.2905e+02,1.2997e+02,1.3101e+02,1.3190e+02,1.3310e+02,1.3381e+02,1.3456e+02,1.3554e+02,1.3600e+02,1.3652e+02,1.3639e+02,1.3611e+02
8.4829e+01,8.4827e+01,8.4889e+01,8.4983e+01,8.5331e+01,8.5463e+01,8.5457e+01,8.5619e+01,8.5219e+01,8.4752e+01,8.4393e+01,8.4119e+01,8.3894e+01,8.3555e+01,8.3095e+01,8.2749e+01,8.2597e+01,8.2262e+01,8.2198e+01,8.1927e+01,8.2123e+01,8.2352e+01,8.2476e+01,8.2800e+01,8.2982e+01,8.3436e+01,8.3482e+01,8.3804e+01,8.4255e+01,8.4293e+01,8.4793e+01,8.4930e+01,8.5271e+01,8.5764e+01,8.6124e+01,8.6891e+01,8.7670e+01,8.8666e+01,9.0025e+01,9.0939e+01,9.0431e+01,9.0948e+01,9.1884e+01,9.1388e+01,9.1692e+01,9.0762e+01,8.9884e+01,8.8812e+01,8.7756e+01,8.6997e+01,8.6635e+01,8.5366e+01,8.5289e+01,8.4471e+01,8.3700e+01,8.3030e+01,8.2408e+01,8.1693e+01,8.1216e+01,8.0747e+01,8.0414e+01,8.0210e+01,8.0168e+01,8.0099e+01,7.9907e+01,8.0115e+01,8.0383e+01,8.0789e+01,8.0899e+01,8.1609e+01,8.2238e+01,8.2767e+01,8.3721e+01,8.4227e+01,8.5334e+01,8.6042e+01,8.7281e+01,8.7640e+01,8.7803e+01,8.7512e+01,8.8153e+01,8.9110e+01,9.0019e+01,9.0801e+01,9.1750e+01,9.3333e+01,9.4176e+01,9.5923e+01,9.7404e+01,9.7554e+01,9.8689e+01,1.0013e+02,1.0196e+02,1.0227e+02,1.0279e+02,1.0465e+02,1.0486e+02,1.0654e+02,1.0791e+02,1.1002e+02,1.1175e+02,1.1351e+02,1.1416e+02,1.1623e+02,1.1694e+02,1.1737e+02,1.1802e+02,1.1917e+02,1.2011e+02,1.2113e+02,1.2239e+02,1.2319e+02,1.2415e+02,1.2466e+02,1.2500e+02,1.2581e+02,1.2659e+02,1.2735e+02,1.2811e+02,1.2904e+02,1.2996e+02,1.3100e+02,1.3189e+02,1.3309e+02,1.3380e+02,1.3455e+02,1.3553e+02,1.3599e+02,1.3651e+02,1.3638e+02,1.3610e+02
8.4583e+01,8.4574e+01,8.4635e+01,8.4730e+01,8.5074e+01,8.5203e+01,8.5203e+01,8.5365e+01,8.4975e+01,8.4517e+01,8.4171e+01,8.3914e+01,8.3702e+01,8.3376e+01,8.2933e+01,8.2601e+01,8.2476e+01,8.2145e+01,8.2109e+01,8.1856e+01,8.2073e+01,8.2334e+01,8.2471e+01,8.2818e+01,8.3011e+01,8.3484e+01,8.3541e+01,8.3871e+01,8.4311e+01,8.4329e+01,8.4809e+01,8.4920e+01,8.5230e+01,8.5725e+01,8.6050e+01,8.6813e+01,8.7609e+01,8.8597e+01,8.9963e+01,9.0869e+01,9.0335e+01,9.0842e+01,9.1786e+01,9.1291e+01,9.1611e+01,9.0676e+01,8.9772e+01,8.8689e+01,8.7630e+01,8.6838e+01,8.6448e+01,8.5170e+01,8.5075e+01,8.4274e+01,8.3485e+01,8.2817e+01,8.2228e+01,8.1516e+01,8.1038e+01,8.0554e+01,8.0245e+01,8.0044e+01,8.0022e+01,7.9951e+01,7.9763e+01,7.9995e+01,8.0258e+01,8.0683e+01,8.0819e+01,8.1547e+01,8.2199e+01,8.2735e+01,8.3701e+01,8.4207e+01,8.5326e+01,8.6030e+01,8.7275e+01,8.7626e+01,8.7787e+01,8.7483e+01,8.8117e+01,8.9074e+01,8.9977e+01,9.0758e+01,9.1721e+01,9.3304e+01,9.4136e+01,9.5890e+01,9.7371e+01,9.7519e+01,9.8648e+01,1.0009e+02,1.0192e+02,1.0222e+02,1.0273e+02,1.0459e+02,1.0480e+02,1.0647e+02,1.0784e+02,1.0995e+02,1.1169e+02,1.1344e+02,1.1409e+02,1.1617e+02,1.1688e+02,1.1732e+02,1.1797e+02,1.1911e+02,1.2005e+02,1.2108e+02,1.2234e+02,1.2313e+02,1.2410e+02,1.2460e+02,1.2495e+02,1.2576e+02,1.2654e+02,1.2730e+02,1.2806e+02,1.2899e+02,1.2991e+02,1.3096e+02,1.3185e+02,1.3305e+02,1.3375e+02,1.3451e+02,1.3548e+02,1.3594e+02,1.3647e+02,1.3633e+02,1.3605e+02
8.4198e+01,8.4189e+01,8.4260e+01,8.4366e+01,8.4719e+01,8.4858e+01,8.4864e+01,8.5041e+01,8.4646e+01,8.4184e+01,8.3830e+01,8.3562e+01,8.3353e+01,8.3017e+01,8.2561e+01,8.2211e+01,8.2077e+01,8.1721e+01,8.1680e+01,8.1418e+01,8.1638e+01,8.1916e+01,8.2060e+01,8.2432e+01,8.2632e+01,8.3137e+01,8.3218e+01,8.3569e+01,8.3990e+01,8.3970e+01,8.4429e+01,8.4521e+01,8.4811e+01,8.5330e+01,8.5650e+01,8.6416e+01,8.7240e+01,8.8228e+01,8.9614e+01,9.0518e+01,8.9973e+01,9.0499e+01,9.1463e+01,9.0987e+01,9.1332e+01,9.0407e+01,8.9501e+01,8.8423e+01,8.7331e+01,8.6532e+01,8.6112e+01,8.4799e+01,8.4692e+01,8.3860e+01,8.3043e+01,8.2349e+01,8.1749e+01,8.1018e+01,8.0522e+01,8.0026e+01,7.9716e+01,7.9513e+01,7.9499e+01,7.9432e+01,7.9258e+01,7.9506e+01,7.9778e+01,8.0219e+01,8.0365e+01,8.1106e+01,8.1770e+01,8.2297e+01,8.3277e+01,8.3798e+01,8.4931e+01,8.5632e+01,8.6891e+01,8.7242e+01,8.7394e+01,8.7081e+01,8.7724e+01,8.8683e+01,8.9594e+01,9.0373e+01,9.1341e+01,9.2933e+01,9.3768e+01,9.5534e+01,9.7017e+01,9.7157e+01,9.8286e+01,9.9726e+01,1.0156e+02,1.0187e+02,1.0239e+02,1.0426e+02,1.0447e+02,1.0615e+02,1.0752e+02,1.0964e+02,1.1138e+02,1.1315e+02,1.1380e+02,1.1588e+02,1.1660e+02,1.1703e+02,1.1768e+02,1.1883e+02,1.1977e+02,1.2080e+02,1.2206e+02,1.2286e+02,1.2383e+02,1.2433e+02,1.2468e+02,1.2550e+02,1.2628e+02,1.2705e+02,1.2780e+02,1.2874e+02,1.2966e+02,1.3071e+02,1.3160e+02,1.3280e+02,1.3351e+02,1.3426e+02,1.3524e+02,1.3569e+02,1.3622e+02,1.3609e+02,1.3581e+02
8.3983e+01,8.3979e+01,8.4065e+01,8.4185e+01,8.4552e+01,8.4703e+01,8.4715e+01,8.4905e+01,8.4505e+01,8.4036e+01,8.3668e+01,8.3381e+01,8.3167e+01,8.2809e+01,8.2330e+01,8.1951e+01,8.1788e+01,8.1398e+01,8.1325e+01,8.1036e+01,8.1234e+01,8.1508e+01,8.1644e+01,8.2023e+01,8.2216e+01,8.2743e+01,8.2850e+01,8.3211e+01,8.3603e+01,8.3553e+01,8.3988e+01,8.4068e+01,8.4347e+01,8.4881e+01,8.5207e+01,8.5978e+01,8.6818e+01,8.7809e+01,8.9206e+01,9.0111e+01,8.9568e+01,9.0111e+01,9.1086e+01,9.0625e+01,9.0983e+01,9.0070e+01,8.9173e+01,8.8108e+01,8.6992e+01,8.6207e+01,8.5776e+01,8.4444e+01,8.4336e+01,8.3472e+01,8.2647e+01,8.1936e+01,8.1308e+01,8.0566e+01,8.0065e+01,7.9580e+01,7.9267e+01,7.9070e+01,7.9060e+01,7.9011e+01,7.8857e+01,7.9113e+01,7.9404e+01,7.9856e+01,7.9992e+01,8.0738e+01,8.1398e+01,8.1910e+01,8.2900e+01,8.3441e+01,8.4585e+01,8.5288e+01,8.6559e+01,8.6918e+01,8.7062e+01,8.6750e+01,8.7407e+01,8.8368e+01,8.9292e+01,9.0068e+01,9.1037e+01,9.2638e+01,9.3481e+01,9.5258e+01,9.6743e+01,9.6875e+01,9.8006e+01,9.9447e+01,1.0129e+02,1.0160e+02,1.0214e+02,1.0401e+02,1.0422e+02,1.0592e+02,1.0728e+02,1.0941e+02,1.1115e+02,1.1293e+02,1.1357e+02,1.1566e+02,1.1638e+02,1.1681e+02,1.1746e+02,1.1861e+02,1.1956e+02,1.2059e+02,1.2185e+02,1.2265e+02,1.2361e+02,1.2412e+02,1.2447e+02,1.2529e+02,1.2607e+02,1.2684e+02,1.2759e+02,1.2853e+02,1.2946e+02,1.3050e+02,1.3140e+02,1.3260e+02,1.3331e+02,1.3406e+02,1.3504e+02,1.3549e+02,1.3602e+02,1.3588e+02,1.3560e+02
8.3764e+01,8.3752e+01,8.3846e+01,8.3976e+01,8.4346e+01,8.4498e+01,8.4519e+01,8.4715e+01,8.4325e+01,8.3870e+01,8.3515e+01,8.3244e+01,8.3047e+01,8.2699e+01,8.2226e+01,8.1849e+01,8.1694e+01,8.1288e+01,8.1219e+01,8.0934e+01,8.1137e+01,8.1440e+01,8.1591e+01,8.1995e+01,8.2183e+01,8.2738e+01,8.2868e+01,8.3238e+01,8.3611e+01,8.3535e+01,8.3933e+01,8.3989e+01,8.4216e+01,8.4739e+01,8.5016e+01,8.5767e+01,8.6624e+01,8.7597e+01,8.8998e+01,8.9889e+01,8.9322e+01,8.9857e+01,9.0842e+01,9.0389e+01,9.0772e+01,8.9860e+01,8.8942e+01,8.7870e+01,8.6741e+01,8.5927e+01,8.5457e+01,8.4103e+01,8.3971e+01,8.3107e+01,8.2259e+01,8.1547e+01,8.0949e+01,8.0217e+01,7.9725e+01,7.9240e+01,7.8969e+01,7.8778e+01,7.8805e+01,7.8765e+01,7.8637e+01,7.8929e+01,7.9222e+01,7.9700e+01,7.9861e+01,8.0624e+01,8.1303e+01,8.1809e+01,8.2813e+01,8.3365e+01,8.4524e+01,8.5220e+01,8.6502e+01,8.6855e+01,8.6987e+01,8.6661e+01,8.7321e+01,8.8279e+01,8.9206e+01,8.9976e+01,9.0953e+01,9.2558e+01,9.3396e+01,9.5183e+01,9.6665e+01,9.6787e+01,9.7910e+01,9.9348e+01,1.0119e+02,1.0150e+02,1.0204e+02,1.0392e+02,1.0412e+02,1.0583e+02,1.0719e+02,1.0932e+02,1.1106e+02,1.1284e+02,1.1349e+02,1.1558e+02,1.1630e+02,1.1673e+02,1.1737e+02,1.1852e+02,1.1947e+02,1.2049e+02,1.2176e+02,1.2256e+02,1.2352e+02,1.2403e+02,1.2438e+02,1.2520e+02,1.2599e+02,1.2675e+02,1.2751e+02,1.2845e+02,1.2937e+02,1.3042e+02,1.3131e+02,1.3251e+02,1.3322e+02,1.3398e+02,1.3495e+02,1.3541e+02,1.3594e+02,1.3580e+02,1.3552e+02
8.3592e+01,8.3574e+01,8.3666e+01,8.3796e+01,8.4160e+01,8.4309e+01,8.4332e+01,8.4526e+01,8.4151e+01,8.3711e+01,8.3376e+01,8.3129e+01,8.2949e+01,8.2618e+01,8.2166e+01,8.1807e+01,8.1673e+01,8.1272e+01,8.1221e+01,8.0957e+01,8.1174e+01,8.1499e+01,8.1664e+01,8.2079e+01,8.2268e+01,8.2829e+01,8.2961e+01,8.3333e+01,8.3707e+01,8.3629e+01,8.4017e+01,8.4067e+01,8.4269e+01,8.4781e+01,8.5020e+01,8.5750e+01,8.6611e+01,8.7567e+01,8.8963e+01,8.9836e+01,8.9246e+01,8.9763e+01,9.0749e+01,9.0294e+01,9.0692e+01,8.9776e+01,8.8832e+01,8.7749e+01,8.6624e+01,8.5779e+01,8.5279e+01,8.3921e+01,8.3761e+01,8.2922e+01,8.2055e+01,8.1357e+01,8.0806e+01,8.0094e+01,7.9610e+01,7.9117e+01,7.8883e+01,7.8689e+01,7.8743e+01,7.8699e+01,7.8583e+01,7.8901e+01,7.9186e+01,7.9684e+01,7.9873e+01,8.0654e+01,8.1354e+01,8.1866e+01,8.2883e+01,8.3438e+01,8.4610e+01,8.5302e+01,8.6591e+01,8.6935e+01,8.7064e+01,8.6722e+01,8.7379e+01,8.8336e+01,8.9258e+01,9.0026e+01,9.1016e+01,9.2621e+01,9.3451e+01,9.5246e+01,9.6728e+01,9.6845e+01,9.7963e+01,9.9402e+01,1.0125e+02,1.0154e+02,1.0209e+02,1.0396e+02,1.0416e+02,1.0587e+02,1.0722e+02,1.0935e+02,1.1110e+02,1.1289e+02,1.1352e+02,1.1562e+02,1.1634e+02,1.1677e+02,1.1740e+02,1.1855e+02,1.1950e+02,1.2053e+02,1.2179e+02,1.2259e+02,1.2355e+02,1.2405e+02,1.2441e+02,1.2523e+02,1.2601e+02,1.2678e+02,1.2753e+02,1.2847e+02,1.2940e+02,1.3044e+02,1.3133e+02,1.3253e+02,1.3324e+02,1.3399e+02,1.3497e+02,1.3543e+02,1.3595e+02,1.3582e+02,1.3554e+02
8.3214e+01,8.3194e+01,8.3286e+01,8.3420e+01,8.3785e+01,8.3935e+01,8.3958e+01,8.4160e+01,8.3781e+01,8.3337e+01,8.2995e+01,8.2742e+01,8.2563e+01,8.2228e+01,8.1774e+01,8.1411e+01,8.1279e+01,8.0874e+01,8.0830e+01,8.0581e+01,8.0817e+01,8.1165e+01,8.1358e+01,8.1789e+01,8.1991e+01,8.2572e+01,8.2714e+01,8.3115e+01,8.3503e+01,8.3398e+01,8.3787e+01,8.3839e+01,8.4045e+01,8.4599e+01,8.4854e+01,8.5591e+01,8.6477e+01,8.7435e+01,8.8845e+01,8.9721e+01,8.9130e+01,8.9671e+01,9.0673e+01,9.0236e+01,9.0647e+01,8.9743e+01,8.8808e+01,8.7735e+01,8.6593e+01,8.5757e+01,8.5241e+01,8.3858e+01,8.3684e+01,8.2805e+01,8.1902e+01,8.1163e+01,8.0588e+01,7.9834e+01,7.9303e+01,7.8768e+01,7.8509e+01,7.8296e+01,7.8340e+01,7.8280e+01,7.8156e+01,7.8482e+01,7.8759e+01,7.9266e+01,7.9472e+01,8.0264e+01,8.0981e+01,8.1498e+01,8.2523e+01,8.3080e+01,8.4262e+01,8.4947e+01,8.6244e+01,8.6577e+01,8.6698e+01,8.6343e+01,8.6997e+01,8.7951e+01,8.8873e+01,8.9636e+01,9.0635e+01,9.2241e+01,9.3067e+01,9.4869e+01,9.6348e+01,9.6459e+01,9.7571e+01,9.9009e+01,1.0085e+02,1.0114e+02,1.0170e+02,1.0357e+02,1.0376e+02,1.0547e+02,1.0682e+02,1.0895e+02,1.1070e+02,1.1249e+02,1.1312e+02,1.1522e+02,1.1594e+02,1.1636e+02,1.1699e+02,1.1814e+02,1.1909e+02,1.2012e+02,1.2138e+02,1.2218e+02,1.2314e+02,1.2364e+02,1.2400e+02,1.2482e+02,1.2560e+02,1.2637e+02,1.2713e+02,1.2807e+02,1.2899e+02,1.3004e+02,1.3093e+02,1.3213e+02,1.3284e+02,1.3359e+02,1.3457e+02,1.3503e+02,1.3555e+02,1.3542e+02,1.3514e+02
8.2949e+01,8.2935e+01,8.3019e+01,8.3139e+01,8.3498e+01,8.3643e+01,8.3654e+01,8.3844e+01,8.3455e+01,8.3001e+01,8.2649e+01,8.2381e+01,8.2191e+01,8.1848e+01,8.1386e+01,8.1025e+01,8.0893e+01,8.0505e+01,8.0473e+01,8.0230e+01,8.0478e+01,8.0808e+01,8.1000e+01,8.1420e+01,8.1631e+01,8.2193e+01,8.2313e+01,8.2715e+01,8.3129e+01,8.3040e+01,8.3463e+01,8.3535e+01,8.3784e+01,8.4354e+01,8.4654e+01,8.5415e+01,8.6291e+01,8.7269e+01,8.8678e+01,8.9571e+01,8.9002e+01,8.9553e+01,9.0544e+01,9.0098e+01,9.0487e+01,8.9579e+01,8.8659e+01,8.7582e+01,8.6448e+01,8.5634e+01,8.5154e+01,8.3783e+01,8.3637e+01,8.2754e+01,8.1870e+01,8.1124e+01,8.0516e+01,7.9743e+01,7.9200e+01,7.8654e+01,7.8346e+01,7.8128e+01,7.8135e+01,7.8062e+01,7.7903e+01,7.8198e+01,7.8475e+01,7.8961e+01,7.9149e+01,7.9932e+01,8.0640e+01,8.1171e+01,8.2189e+01,8.2737e+01,8.3914e+01,8.4610e+01,8.5904e+01,8.6244e+01,8.6377e+01,8.6031e+01,8.6683e+01,8.7645e+01,8.8566e+01,8.9339e+01,9.0337e+01,9.1946e+01,9.2774e+01,9.4574e+01,9.6061e+01,9.6181e+01,9.7300e+01,9.8748e+01,1.0059e+02,1.0088e+02,1.0143e+02,1.0330e+02,1.0350e+02,1.0520e+02,1.0656e+02,1.0869e+02,1.1044e+02,1.1223e+02,1.1287e+02,1.1497e+02,1.1569e+02,1.1612e+02,1.1676e+02,1.1791e+02,1.1886e+02,1.1989e+02,1.2116e+02,1.2195e+02,1.2292e+02,1.2342e+02,1.2378e+02,1.2460e+02,1.2539e+02,1.2615e+02,1.2691e+02,1.2785e+02,1.2878e+02,1.2983e+02,1.3073e+02,1.3193e+02,1.3264e+02,1.3340e+02,1.3437e+02,1.3483e+02,1.3536e+02,1.3522e+02,1.3494e+02
8.2718e+01,8.2702e+01,8.2764e+01,8.2863e+01,8.3203e+01,8.3332e+01,8.3331e+01,8.3506e+01,8.3119e+01,8.2667e+01,8.2323e+01,8.2065e+01,8.1875e+01,8.1553e+01,8.1116e+01,8.0788e+01,8.0686e+01,8.0340e+01,8.0335e+01,8.0121e+01,8.0387e+01,8.0713e+01,8.0915e+01,8.1323e+01,8.1541e+01,8.2082e+01,8.2173e+01,8.2572e+01,8.3020e+01,8.2959e+01,8.3414e+01,8.3507e+01,8.3784e+01,8.4358e+01,8.4678e+01,8.5449e+01,8.6317e+01,8.7306e+01,8.8714e+01,8.9617e+01,8.9053e+01,8.9599e+01,9.0583e+01,9.0124e+01,9.0502e+01,8.9582e+01,8.8658e+01,8.7569e+01,8.6449e+01,8.5631e+01,8.5163e+01,8.3804e+01,8.3664e+01,8.2798e+01,8.1917e+01,8.1174e+01,8.0573e+01,7.9796e+01,7.9245e+01,7.8682e+01,7.8356e+01,7.8123e+01,7.8108e+01,7.8013e+01,7.7824e+01,7.8099e+01,7.8356e+01,7.8827e+01,7.9016e+01,7.9793e+01,8.0503e+01,8.1054e+01,8.2063e+01,8.2594e+01,8.3763e+01,8.4463e+01,8.5749e+01,8.6083e+01,8.6228e+01,8.5884e+01,8.6522e+01,8.7488e+01,8.8397e+01,8.9179e+01,9.0183e+01,9.1785e+01,9.2606e+01,9.4401e+01,9.5891e+01,9.6023e+01,9.7142e+01,9.8599e+01,1.0044e+02,1.0072e+02,1.0125e+02,1.0312e+02,1.0330e+02,1.0500e+02,1.0635e+02,1.0849e+02,1.1024e+02,1.1203e+02,1.1267e+02,1.1478e+02,1.1550e+02,1.1592e+02,1.1656e+02,1.1772e+02,1.1867e+02,1.1970e+02,1.2097e+02,1.2177e+02,1.2273e+02,1.2324e+02,1.2359e+02,1.2442e+02,1.2520e+02,1.2597e+02,1.2673e+02,1.2767e+02,1.2860e+02,1.2966e+02,1.3055e+02,1.3176e+02,1.3247e+02,1.3323e+02,1.3420e+02,1.3466e+02,1.3519e+02,1.3506e+02,1.3478e+02
8.2600e+01,8.2591e+01,8.2646e+01,8.2733e+01,8.3068e+01,8.3191e+01,8.3182e+01,8.3342e+01,8.2955e+01,8.2498e+01,8.2157e+01,8.1900e+01,8.1700e+01,8.1382e+01,8.0950e+01,8.0632e+01,8.0529e+01,8.0204e+01,8.0193e+01,7.9976e+01,8.0233e+01,8.0528e+01,8.0713e+01,8.1090e+01,8.1299e+01,8.1807e+01,8.1870e+01,8.2249e+01,8.2716e+01,8.2689e+01,8.3171e+01,8.3283e+01,8.3587e+01,8.4144e+01,8.4481e+01,8.5259e+01,8.6104e+01,8.7101e+01,8.8498e+01,8.9411e+01,8.8865e+01,8.9400e+01,9.0365e+01,8.9886e+01,9.0241e+01,8.9311e+01,8.8392e+01,8.7295e+01,8.6196e+01,8.5389e+01,8.4951e+01,8.3619e+01,8.3498e+01,8.2651e+01,8.1802e+01,8.1080e+01,8.0478e+01,7.9717e+01,7.9188e+01,7.8649e+01,7.8319e+01,7.8095e+01,7.8072e+01,7.7980e+01,7.7779e+01,7.8034e+01,7.8294e+01,7.8747e+01,7.8916e+01,7.9681e+01,8.0375e+01,8.0933e+01,8.1934e+01,8.2458e+01,8.3619e+01,8.4331e+01,8.5614e+01,8.5958e+01,8.6115e+01,8.5784e+01,8.6424e+01,8.7397e+01,8.8307e+01,8.9099e+01,9.0100e+01,9.1705e+01,9.2532e+01,9.4324e+01,9.5823e+01,9.5966e+01,9.7097e+01,9.8561e+01,1.0040e+02,1.0069e+02,1.0122e+02,1.0309e+02,1.0328e+02,1.0498e+02,1.0634e+02,1.0847e+02,1.1024e+02,1.1202e+02,1.1266e+02,1.1477e+02,1.1549e+02,1.1592e+02,1.1656e+02,1.1772e+02,1.1868e+02,1.1971e+02,1.2098e+02,1.2178e+02,1.2275e+02,1.2325e+02,1.2361e+02,1.2444e+02,1.2522e+02,1.2599e+02,1.2675e+02,1.2770e+02,1.2863e+02,1.2968e+02,1.3058e+02,1.3179e+02,1.3250e+02,1.3326e+02,1.3424e+02,1.3470e+02,1.3523e+02,1.3509e+02,1.3481e+02
8.2358e+01,8.2356e+01,8.2408e+01,8.2492e+01,8.2830e+01,8.2956e+01,8.2939e+01,8.3099e+01,8.2699e+01,8.2225e+01,8.1864e+01,8.1583e+01,8.1364e+01,8.1029e+01,8.0584e+01,8.0256e+01,8.0135e+01,7.9822e+01,7.9798e+01,7.9580e+01,7.9826e+01,8.0096e+01,8.0275e+01,8.0628e+01,8.0835e+01,8.1320e+01,8.1365e+01,8.1745e+01,8.2236e+01,8.2224e+01,8.2734e+01,8.2874e+01,8.3215e+01,8.3787e+01,8.4162e+01,8.4950e+01,8.5786e+01,8.6795e+01,8.8194e+01,8.9122e+01,8.8598e+01,8.9147e+01,9.0106e+01,8.9625e+01,8.9966e+01,8.9039e+01,8.8140e+01,8.7052e+01,8.5954e+01,8.5173e+01,8.4758e+01,8.3432e+01,8.3328e+01,8.2468e+01,8.1631e+01,8.0903e+01,8.0271e+01,7.9501e+01,7.8966e+01,7.8434e+01,7.8074e+01,7.7845e+01,7.7794e+01,7.7698e+01,7.7483e+01,7.7709e+01,7.7971e+01,7.8404e+01,7.8548e+01,7.9299e+01,7.9975e+01,8.0536e+01,8.1528e+01,8.2049e+01,8.3202e+01,8.3924e+01,8.5206e+01,8.5560e+01,8.5725e+01,8.5408e+01,8.6053e+01,8.7032e+01,8.7948e+01,8.8747e+01,8.9741e+01,9.1351e+01,9.2186e+01,9.3977e+01,9.5483e+01,9.5631e+01,9.6771e+01,9.8238e+01,1.0009e+02,1.0038e+02,1.0091e+02,1.0279e+02,1.0299e+02,1.0469e+02,1.0606e+02,1.0821e+02,1.0998e+02,1.1177e+02,1.1241e+02,1.1453e+02,1.1525e+02,1.1568e+02,1.1633e+02,1.1749e+02,1.1845e+02,1.1949e+02,1.2077e+02,1.2157e+02,1.2253e+02,1.2304e+02,1.2340e+02,1.2423e+02,1.2501e+02,1.2578e+02,1.2654e+02,1.2748e+02,1.2842e+02,1.2948e+02,1.3038e+02,1.3159e+02,1.3230e+02,1.3306e+02,1.3404e+02,1.3450e+02,1.3503e+02,1.3490e+02,1.3461e+02
8.2005e+01,8.2000e+01,8.2040e+01,8.2117e+01,8.2444e+01,8.2565e+01,8.2537e+01,8.2696e+01,8.2291e+01,8.1806e+01,8.1430e+01,8.1143e+01,8.0916e+01,8.0582e+01,8.0150e+01,7.9840e+01,7.9734e+01,7.9454e+01,7.9453e+01,7.9273e+01,7.9542e+01,7.9826e+01,8.0039e+01,8.0395e+01,8.0617e+01,8.1101e+01,8.1142e+01,8.1551e+01,8.2071e+01,8.2048e+01,8.2571e+01,8.2725e+01,8.3082e+01,8.3685e+01,8.4078e+01,8.4868e+01,8.5714e+01,8.6723e+01,8.8128e+01,8.9060e+01,8.8543e+01,8.9107e+01,9.0072e+01,8.9601e+01,8.9947e+01,8.9025e+01,8.8135e+01,8.7053e+01,8.5950e+01,8.5171e+01,8.4750e+01,8.3415e+01,8.3306e+01,8.2433e+01,8.1578e+01,8.0830e+01,8.0188e+01,7.9396e+01,7.8829e+01,7.8271e+01,7.7880e+01,7.7624e+01,7.7546e+01,7.7419e+01,7.7177e+01,7.7385e+01,7.7624e+01,7.8045e+01,7.8202e+01,7.8952e+01,7.9639e+01,8.0213e+01,8.1202e+01,8.1712e+01,8.2866e+01,8.3585e+01,8.4866e+01,8.5212e+01,8.5378e+01,8.5055e+01,8.5693e+01,8.6672e+01,8.7585e+01,8.8385e+01,8.9384e+01,9.0992e+01,9.1825e+01,9.3617e+01,9.5123e+01,9.5274e+01,9.6413e+01,9.7883e+01,9.9734e+01,1.0002e+02,1.0055e+02,1.0243e+02,1.0263e+02,1.0434e+02,1.0571e+02,1.0786e+02,1.0964e+02,1.1143e+02,1.1208e+02,1.1419e+02,1.1492e+02,1.1534e+02,1.1599e+02,1.1716e+02,1.1813e+02,1.1917e+02,1.2045e+02,1.2125e+02,1.2222e+02,1.2273e+02,1.2308e+02,1.2391e+02,1.2470e+02,1.2546e+02,1.2623e+02,1.2717e+02,1.2811e+02,1.2917e+02,1.3007e+02,1.3128e+02,1.3200e+02,1.3276e+02,1.3374e+02,1.3420e+02,1.3473e+02,1.3460e+02,1.3431e+02
8.1887e+01,8.1887e+01,8.1917e+01,8.1990e+01,8.2311e+01,8.2430e+01,8.2392e+01,8.2548e+01,8.2139e+01,8.1641e+01,8.1246e+01,8.0944e+01,8.0699e+01,8.0358e+01,7.9920e+01,7.9608e+01,7.9484e+01,7.9235e+01,7.9218e+01,7.9048e+01,7.9308e+01,7.9566e+01,7.9788e+01,8.0112e+01,8.0328e+01,8.0787e+01,8.0811e+01,8.1235e+01,8.1793e+01,8.1782e+01,8.2336e+01,8.2526e+01,8.2918e+01,8.3528e+01,8.3953e+01,8.4740e+01,8.5569e+01,8.6582e+01,8.7981e+01,8.8921e+01,8.8426e+01,8.9001e+01,8.9962e+01,8.9491e+01,8.9820e+01,8.8906e+01,8.8035e+01,8.6965e+01,8.5869e+01,8.5117e+01,8.4718e+01,8.3395e+01,8.3301e+01,8.2419e+01,8.1577e+01,8.0828e+01,8.0164e+01,7.9370e+01,7.8794e+01,7.8243e+01,7.7823e+01,7.7551e+01,7.7442e+01,7.7300e+01,7.7038e+01,7.7209e+01,7.7435e+01,7.7825e+01,7.7960e+01,7.8687e+01,7.9357e+01,7.9940e+01,8.0914e+01,8.1409e+01,8.2552e+01,8.3276e+01,8.4550e+01,8.4900e+01,8.5075e+01,8.4761e+01,8.5397e+01,8.6380e+01,8.7292e+01,8.8098e+01,8.9092e+01,9.0701e+01,9.1539e+01,9.3327e+01,9.4839e+01,9.4997e+01,9.6143e+01,9.7620e+01,9.9474e+01,9.9765e+01,1.0029e+02,1.0218e+02,1.0238e+02,1.0408e+02,1.0547e+02,1.0762e+02,1.0940e+02,1.1119e+02,1.1184e+02,1.1396e+02,1.1469e+02,1.1511e+02,1.1576e+02,1.1693e+02,1.1791e+02,1.1894e+02,1.2024e+02,1.2104e+02,1.2200e+02,1.2251e+02,1.2286e+02,1.2369e+02,1.2448e+02,1.2525e+02,1.2601e+02,1.2696e+02,1.2790e+02,1.2896e+02,1.2986e+02,1.3108e+02,1.3179e+02,1.3255e+02,1.3353e+02,1.3399e+02,1.3452e+02,1.3439e+02,1.3410e+02
8.1645e+01,8.1646e+01,8.1686e+01,8.1776e+01,8.2113e+01,8.2247e+01,8.2215e+01,8.2386e+01,8.1971e+01,8.1464e+01,8.1049e+01,8.0719e+01,8.0462e+01,8.0089e+01,7.9615e+01,7.9262e+01,7.9093e+01,7.8821e+01,7.8775e+01,7.8592e+01,7.8839e+01,7.9089e+01,7.9313e+01,7.9639e+01,7.9863e+01,8.0331e+01,8.0367e+01,8.0807e+01,8.1359e+01,8.1323e+01,8.1876e+01,8.2074e+01,8.2478e+01,8.3108e+01,8.3551e+01,8.4337e+01,8.5173e+01,8.6186e+01,8.7594e+01,8.8536e+01,8.8047e+01,8.8639e+01,8.9606e+01,8.9148e+01,8.9484e+01,8.8581e+01,8.7723e+01,8.6668e+01,8.5559e+01,8.4818e+01,8.4416e+01,8.3083e+01,8.2989e+01,8.2085e+01,8.1240e+01,8.0480e+01,7.9793e+01,7.8991e+01,7.8402e+01,7.7858e+01,7.7420e+01,7.7143e+01,7.7022e+01,7.6884e+01,7.6625e+01,7.6788e+01,7.7028e+01,7.7420e+01,7.7542e+01,7.8272e+01,7.8938e+01,7.9512e+01,8.0494e+01,8.1006e+01,8.2160e+01,8.2891e+01,8.4179e+01,8.4541e+01,8.4712e+01,8.4401e+01,8.5054e+01,8.6043e+01,8.6973e+01,8.7778e+01,8.8771e+01,9.0393e+01,9.1244e+01,9.3044e+01,9.4562e+01,9.4713e+01,9.5866e+01,9.7342e+01,9.9211e+01,9.9514e+01,1.0005e+02,1.0196e+02,1.0217e+02,1.0389e+02,1.0528e+02,1.0745e+02,1.0923e+02,1.1104e+02,1.1169e+02,1.1382e+02,1.1454e+02,1.1496e+02,1.1561e+02,1.1679e+02,1.1777e+02,1.1881e+02,1.2010e+02,1.2091e+02,1.2187e+02,1.2238e+02,1.2274e+02,1.2356e+02,1.2435e+02,1.2512e+02,1.2589e+02,1.2683e+02,1.2778e+02,1.2884e+02,1.2975e+02,1.3096e+02,1.3168e+02,1.3244e+02,1.3342e+02,1.3388e+02,1.3441e+02,1.3428e+02,1.3399e+02
8.1417e+01,8.1415e+01,8.1451e+01,8.1544e+01,8.1882e+01,8.2021e+01,8.1985e+01,8.2159e+01,8.1745e+01,8.1231e+01,8.0797e+01,8.0443e+01,8.0166e+01,7.9774e+01,7.9291e+01,7.8922e+01,7.8721e+01,7.8474e+01,7.8397e+01,7.8233e+01,7.8473e+01,7.8708e+01,7.8966e+01,7.9270e+01,7.9499e+01,7.9959e+01,7.9995e+01,8.0469e+01,8.1050e+01,8.1003e+01,8.1572e+01,8.1806e+01,8.2236e+01,8.2884e+01,8.3355e+01,8.4138e+01,8.4972e+01,8.5986e+01,8.7397e+01,8.8343e+01,8.7866e+01,8.8476e+01,8.9444e+01,8.8997e+01,8.9331e+01,8.8440e+01,8.7599e+01,8.6557e+01,8.5444e+01,8.4723e+01,8.4327e+01,8.2994e+01,8.2901e+01,8.1980e+01,8.1135e+01,8.0367e+01,7.9655e+01,7.8846e+01,7.8237e+01,7.7692e+01,7.7223e+01,7.6917e+01,7.6760e+01,7.6598e+01,7.6320e+01,7.6443e+01,7.6667e+01,7.7027e+01,7.7130e+01,7.7840e+01,7.8494e+01,7.9075e+01,8.0047e+01,8.0550e+01,8.1701e+01,8.2434e+01,8.3721e+01,8.4085e+01,8.4256e+01,8.3947e+01,8.4603e+01,8.5592e+01,8.6526e+01,8.7330e+01,8.8319e+01,8.9944e+01,9.0800e+01,9.2601e+01,9.4120e+01,9.4270e+01,9.5428e+01,9.6905e+01,9.8781e+01,9.9089e+01,9.9630e+01,1.0154e+02,1.0176e+02,1.0349e+02,1.0489e+02,1.0707e+02,1.0886e+02,1.1067e+02,1.1133e+02,1.1346e+02,1.1418e+02,1.1460e+02,1.1525e+02,1.1642e+02,1.1741e+02,1.1845e+02,1.1975e+02,1.2056e+02,1.2152e+02,1.2203e+02,1.2239e+02,1.2322e+02,1.2401e+02,1.2478e+02,1.2555e+02,1.2650e+02,1.2744e+02,1.2851e+02,1.2942e+02,1.3064e+02,1.3135e+02,1.3212e+02,1.3310e+02,1.3356e+02,1.3410e+02,1.3396e+02,1.3368e+02
8.1341e+01,8.1336e+01,8.1379e+01,8.1486e+01,8.1834e+01,8.1982e+01,8.1951e+01,8.2133e+01,8.1717e+01,8.1200e+01,8.0761e+01,8.0389e+01,8.0099e+01,7.9681e+01,7.9182e+01,7.8778e+01,7.8521e+01,7.8254e+01,7.8111e+01,7.7927e+01,7.8139e+01,7.8346e+01,7.8623e+01,7.8912e+01,7.9141e+01,7.9608e+01,7.9657e+01,8.0158e+01,8.0738e+01,8.0669e+01,8.1239e+01,8.1500e+01,8.1951e+01,8.2618e+01,8.3117e+01,8.3896e+01,8.4732e+01,8.5749e+01,8.7163e+01,8.8110e+01,8.7643e+01,8.8270e+01,8.9238e+01,8.8803e+01,8.9137e+01,8.8260e+01,8.7437e+01,8.6413e+01,8.5293e+01,8.4592e+01,8.4199e+01,8.2864e+01,8.2772e+01,8.1831e+01,8.0988e+01,8.0213e+01,7.9474e+01,7.8662e+01,7.8039e+01,7.7506e+01,7.7015e+01,7.6693e+01,7.6511e+01,7.6344e+01,7.6067e+01,7.6162e+01,7.6389e+01,7.6729e+01,7.6803e+01,7.7497e+01,7.8130e+01,7.8702e+01,7.9671e+01,8.0184e+01,8.1337e+01,8.2074e+01,8.3367e+01,8.3743e+01,8.3909e+01,8.3608e+01,8.4277e+01,8.5268e+01,8.6214e+01,8.7016e+01,8.7995e+01,8.9626e+01,9.0492e+01,9.2296e+01,9.3816e+01,9.3962e+01,9.5124e+01,9.6599e+01,9.8483e+01,9.8801e+01,9.9349e+01,1.0127e+02,1.0150e+02,1.0324e+02,1.0465e+02,1.0684e+02,1.0862e+02,1.1044e+02,1.1110e+02,1.1324e+02,1.1397e+02,1.1438e+02,1.1503e+02,1.1620e+02,1.1719e+02,1.1824e+02,1.1953e+02,1.2034e+02,1.2131e+02,1.2182e+02,1.2218e+02,1.2301e+02,1.2380e+02,1.2457e+02,1.2534e+02,1.2629e+02,1.2724e+02,1.2831e+02,1.2922e+02,1.3044e+02,1.3116e+02,1.3192e+02,1.3291e+02,1.3337e+02,1.3391e+02,1.3377e+02,1.3348e+02
8.1007e+01,8.0996e+01,8.1044e+01,8.1163e+01,8.1519e+01,8.1672e+01,8.1649e+01,8.1839e+01,8.1423e+01,8.0903e+01,8.0462e+01,8.0079e+01,7.9792e+01,7.9360e+01,7.8845e+01,7.8408e+01,7.8125e+01,7.7836e+01,7.7689e+01,7.7534e+01,7.7768e+01,7.8026e+01,7.8342e+01,7.8685e+01,7.8931e+01,7.9438e+01,7.9517e+01,8.0033e+01,8.0587e+01,8.0482e+01,8.1022e+01,8.1264e+01,8.1699e+01,8.2395e+01,8.2892e+01,8.3672e+01,8.4529e+01,8.5542e+01,8.6969e+01,8.7912e+01,8.7435e+01,8.8075e+01,8.9056e+01,8.8637e+01,8.8992e+01,8.8122e+01,8.7296e+01,8.6276e+01,8.5140e+01,8.4432e+01,8.4017e+01,8.2663e+01,8.2557e+01,8.1600e+01,8.0734e+01,7.9942e+01,7.9194e+01,7.8364e+01,7.7715e+01,7.7164e+01,7.6657e+01,7.6313e+01,7.6116e+01,7.5932e+01,7.5645e+01,7.5739e+01,7.5962e+01,7.6314e+01,7.6403e+01,7.7118e+01,7.7774e+01,7.8346e+01,7.9332e+01,7.9860e+01,8.1036e+01,8.1769e+01,8.3080e+01,8.3453e+01,8.3609e+01,8.3295e+01,8.3972e+01,8.4967e+01,8.5921e+01,8.6719e+01,8.7708e+01,8.9348e+01,9.0215e+01,9.2032e+01,9.3554e+01,9.3691e+01,9.4851e+01,9.6327e+01,9.8219e+01,9.8536e+01,9.9093e+01,1.0102e+02,1.0125e+02,1.0300e+02,1.0441e+02,1.0661e+02,1.0839e+02,1.1022e+02,1.1088e+02,1.1302e+02,1.1376e+02,1.1417e+02,1.1481e+02,1.1599e+02,1.1697e+02,1.1802e+02,1.1932e+02,1.2013e+02,1.2110e+02,1.2161e+02,1.2197e+02,1.2280e+02,1.2359e+02,1.2435e+02,1.2513e+02,1.2608e+02,1.2703e+02,1.2810e+02,1.2901e+02,1.3023e+02,1.3095e+02,1.3172e+02,1.3270e+02,1.3317e+02,1.3370e+02,1.3357e+02,1.3328e+02
8.0944e+01,8.0928e+01,8.0975e+01,8.1104e+01,8.1463e+01,8.1620e+01,8.1595e+01,8.1788e+01,8.1373e+01,8.0853e+01,8.0410e+01,8.0015e+01,7.9718e+01,7.9276e+01,7.8767e+01,7.8324e+01,7.8006e+01,7.7707e+01,7.7485e+01,7.7305e+01,7.7505e+01,7.7750e+01,7.8107e+01,7.8444e+01,7.8689e+01,7.9211e+01,7.9315e+01,7.9861e+01,8.0415e+01,8.0292e+01,8.0828e+01,8.1094e+01,8.1537e+01,8.2246e+01,8.2757e+01,8.3533e+01,8.4386e+01,8.5402e+01,8.6831e+01,8.7775e+01,8.7308e+01,8.7962e+01,8.8943e+01,8.8533e+01,8.8888e+01,8.8027e+01,8.7216e+01,8.6207e+01,8.5067e+01,8.4372e+01,8.3958e+01,8.2604e+01,8.2500e+01,8.1530e+01,8.0664e+01,7.9865e+01,7.9097e+01,7.8263e+01,7.7600e+01,7.7056e+01,7.6528e+01,7.6163e+01,7.5938e+01,7.5741e+01,7.5454e+01,7.5510e+01,7.5727e+01,7.6049e+01,7.6107e+01,7.6801e+01,7.7437e+01,7.8005e+01,7.8984e+01,7.9514e+01,8.0687e+01,8.1422e+01,8.2734e+01,8.3115e+01,8.3267e+01,8.2960e+01,8.3646e+01,8.4640e+01,8.5604e+01,8.6399e+01,8.7376e+01,8.9018e+01,8.9895e+01,9.1711e+01,9.3231e+01,9.3367e+01,9.4531e+01,9.6003e+01,9.7899e+01,9.8226e+01,9.8789e+01,1.0073e+02,1.0096e+02,1.0272e+02,1.0413e+02,1.0634e+02,1.0812e+02,1.0995e+02,1.1062e+02,1.1276e+02,1.1350e+02,1.1391e+02,1.1457e+02,1.1574e+02,1.1673e+02,1.1778e+02,1.1908e+02,1.1990e+02,1.2087e+02,1.2137e+02,1.2173e+02,1.2256e+02,1.2335e+02,1.2412e+02,1.2489e+02,1.2584e+02,1.2680e+02,1.2787e+02,1.2878e+02,1.3000e+02,1.3072e+02,1.3149e+02,1.3248e+02,1.3294e+02,1.3348e+02,1.3334e+02,1.3305e+02
8.0922e+01,8.0902e+01,8.0945e+01,8.1074e+01,8.1432e+01,8.1590e+01,8.1565e+01,8.1759e+01,8.1348e+01,8.0828e+01,8.0385e+01,7.9983e+01,7.9669e+01,7.9226e+01,7.8733e+01,7.8305e+01,7.7980e+01,7.7709e+01,7.7465e+01,7.7263e+01,7.7404e+01,7.7584e+01,7.7951e+01,7.8231e+01,7.8445e+01,7.8945e+01,7.9050e+01,7.9620e+01,8.0196e+01,8.0089e+01,8.0640e+01,8.0944e+01,8.1408e+01,8.2115e+01,8.2646e+01,8.3422e+01,8.4254e+01,8.5274e+01,8.6692e+01,8.7639e+01,8.7190e+01,8.7845e+01,8.8812e+01,8.8397e+01,8.8737e+01,8.7879e+01,8.7082e+01,8.6081e+01,8.4951e+01,8.4273e+01,8.3873e+01,8.2531e+01,8.2437e+01,8.1470e+01,8.0617e+01,7.9824e+01,7.9047e+01,7.8218e+01,7.7560e+01,7.7031e+01,7.6502e+01,7.6136e+01,7.5904e+01,7.5708e+01,7.5430e+01,7.5462e+01,7.5670e+01,7.5956e+01,7.5976e+01,7.6621e+01,7.7211e+01,7.7779e+01,7.8731e+01,7.9247e+01,8.0401e+01,8.1147e+01,8.2449e+01,8.2844e+01,8.3004e+01,8.2717e+01,8.3409e+01,8.4405e+01,8.5377e+01,8.6176e+01,8.7138e+01,8.8784e+01,8.9674e+01,9.1485e+01,9.3010e+01,9.3151e+01,9.4325e+01,9.5798e+01,9.7699e+01,9.8036e+01,9.8598e+01,1.0054e+02,1.0079e+02,1.0254e+02,1.0397e+02,1.0617e+02,1.0795e+02,1.0978e+02,1.1046e+02,1.1260e+02,1.1334e+02,1.1375e+02,1.1441e+02,1.1559e+02,1.1658e+02,1.1763e+02,1.1894e+02,1.1975e+02,1.2073e+02,1.2124e+02,1.2159e+02,1.2242e+02,1.2321e+02,1.2398e+02,1.2475e+02,1.2571e+02,1.2666e+02,1.2773e+02,1.2865e+02,1.2987e+02,1.3059e+02,1.3136e+02,1.3235e+02,1.3281e+02,1.3335e+02,1.3320e+02,1.3292e+02
8.1005e+01,8.0981e+01,8.1026e+01,8.1164e+01,8.1525e+01,8.1684e+01,8.1660e+01,8.1858e+01,8.1446e+01,8.0925e+01,8.0483e+01,8.0076e+01,7.9754e+01,7.9304e+01,7.8830e+01,7.8401e+01,7.8056e+01,7.7793e+01,7.7513e+01,7.7311e+01,7.7399e+01,7.7554e+01,7.7964e+01,7.8224e+01,7.8406e+01,7.8918e+01,7.9052e+01,7.9654e+01,8.0236e+01,8.0121e+01,8.0665e+01,8.1000e+01,8.1469e+01,8.2178e+01,8.2716e+01,8.3476e+01,8.4293e+01,8.5303e+01,8.6713e+01,8.7657e+01,8.7227e+01,8.7893e+01,8.8857e+01,8.8452e+01,8.8787e+01,8.7940e+01,8.7158e+01,8.6170e+01,8.5040e+01,8.4378e+01,8.3980e+01,8.2640e+01,8.2547e+01,8.1570e+01,8.0718e+01,7.9922e+01,7.9130e+01,7.8302e+01,7.7634e+01,7.7113e+01,7.6572e+01,7.6184e+01,7.5933e+01,7.5722e+01,7.5451e+01,7.5456e+01,7.5643e+01,7.5893e+01,7.5884e+01,7.6479e+01,7.7029e+01,7.7589e+01,7.8518e+01,7.9024e+01,8.0166e+01,8.0912e+01,8.2209e+01,8.2610e+01,8.2771e+01,8.2494e+01,8.3194e+01,8.4190e+01,8.5169e+01,8.5967e+01,8.6916e+01,8.8565e+01,8.9465e+01,9.1275e+01,9.2800e+01,9.2940e+01,9.4120e+01,9.5588e+01,9.7493e+01,9.7839e+01,9.8406e+01,1.0036e+02,1.0061e+02,1.0237e+02,1.0380e+02,1.0600e+02,1.0777e+02,1.0961e+02,1.1029e+02,1.1243e+02,1.1317e+02,1.1358e+02,1.1424e+02,1.1541e+02,1.1640e+02,1.1746e+02,1.1877e+02,1.1959e+02,1.2056e+02,1.2107e+02,1.2143e+02,1.2225e+02,1.2304e+02,1.2381e+02,1.2458e+02,1.2554e+02,1.2649e+02,1.2757e+02,1.2848e+02,1.2970e+02,1.3042e+02,1.3118e+02,1.3217e+02,1.3263e+02,1.3317e+02,1.3303e+02,1.3274e+02
8.0804e+01,8.0779e+01,8.0811e+01,8.0938e+01,8.1289e+01,8.1443e+01,8.1413e+01,8.1607e+01,8.1201e+01,8.0681e+01,8.0241e+01,7.9834e+01,7.9501e+01,7.9062e+01,7.8608e+01,7.8216e+01,7.7897e+01,7.7674e+01,7.7432e+01,7.7263e+01,7.7376e+01,7.7532e+01,7.7921e+01,7.8148e+01,7.8304e+01,7.8771e+01,7.8872e+01,7.9471e+01,8.0088e+01,8.0008e+01,8.0580e+01,8.0929e+01,8.1406e+01,8.2100e+01,8.2637e+01,8.3406e+01,8.4211e+01,8.5232e+01,8.6634e+01,8.7583e+01,8.7158e+01,8.7814e+01,8.8770e+01,8.8351e+01,8.8675e+01,8.7816e+01,8.7033e+01,8.6035e+01,8.4917e+01,8.4251e+01,8.3866e+01,8.2534e+01,8.2450e+01,8.1488e+01,8.0643e+01,7.9852e+01,7.9070e+01,7.8244e+01,7.7585e+01,7.7060e+01,7.6524e+01,7.6146e+01,7.5901e+01,7.5688e+01,7.5408e+01,7.5415e+01,7.5585e+01,7.5823e+01,7.5825e+01,7.6400e+01,7.6939e+01,7.7510e+01,7.8406e+01,7.8876e+01,7.9986e+01,8.0730e+01,8.2003e+01,8.2397e+01,8.2573e+01,8.2303e+01,8.2987e+01,8.3981e+01,8.4948e+01,8.5753e+01,8.6698e+01,8.8339e+01,8.9238e+01,9.1037e+01,9.2565e+01,9.2718e+01,9.3903e+01,9.5376e+01,9.7278e+01,9.7621e+01,9.8179e+01,1.0013e+02,1.0038e+02,1.0213e+02,1.0356e+02,1.0577e+02,1.0754e+02,1.0937e+02,1.1006e+02,1.1220e+02,1.1294e+02,1.1335e+02,1.1401e+02,1.1519e+02,1.1618e+02,1.1725e+02,1.1856e+02,1.1938e+02,1.2036e+02,1.2087e+02,1.2123e+02,1.2206e+02,1.2285e+02,1.2362e+02,1.2439e+02,1.2535e+02,1.2631e+02,1.2738e+02,1.2830e+02,1.2952e+02,1.3024e+02,1.3101e+02,1.3200e+02,1.3246e+02,1.3300e+02,1.3286e+02,1.3257e+02
8.0564e+01,8.0541e+01,8.0561e+01,8.0677e+01,8.1019e+01,8.1169e+01,8.1131e+01,8.1319e+01,8.0919e+01,8.0402e+01,7.9962e+01,7.9562e+01,7.9218e+01,7.8793e+01,7.8358e+01,7.7999e+01,7.7707e+01,7.7514e+01,7.7306e+01,7.7165e+01,7.7301e+01,7.7479e+01,7.7871e+01,7.8108e+01,7.8268e+01,7.8719e+01,7.8795e+01,7.9386e+01,8.0020e+01,7.9959e+01,8.0544e+01,8.0886e+01,8.1363e+01,8.2057e+01,8.2591e+01,8.3372e+01,8.4178e+01,8.5206e+01,8.6609e+01,8.7560e+01,8.7132e+01,8.7782e+01,8.8737e+01,8.8308e+01,8.8630e+01,8.7758e+01,8.6962e+01,8.5953e+01,8.4838e+01,8.4157e+01,8.3772e+01,8.2439e+01,8.2359e+01,8.1407e+01,8.0559e+01,7.9766e+01,7.8996e+01,7.8166e+01,7.7504e+01,7.6965e+01,7.6432e+01,7.6052e+01,7.5811e+01,7.5588e+01,7.5296e+01,7.5306e+01,7.5458e+01,7.5694e+01,7.5720e+01,7.6298e+01,7.6857e+01,7.7444e+01,7.8332e+01,7.8779e+01,7.9880e+01,8.0615e+01,8.1877e+01,8.2253e+01,8.2434e+01,8.2155e+01,8.2822e+01,8.3813e+01,8.4767e+01,8.5574e+01,8.6525e+01,8.8158e+01,8.9048e+01,9.0841e+01,9.2369e+01,9.2528e+01,9.3710e+01,9.5188e+01,9.7085e+01,9.7421e+01,9.7970e+01,9.9914e+01,1.0016e+02,1.0191e+02,1.0334e+02,1.0555e+02,1.0732e+02,1.0916e+02,1.0985e+02,1.1199e+02,1.1273e+02,1.1313e+02,1.1380e+02,1.1497e+02,1.1597e+02,1.1704e+02,1.1835e+02,1.1918e+02,1.2016e+02,1.2067e+02,1.2103e+02,1.2186e+02,1.2265e+02,1.2342e+02,1.2420e+02,1.2516e+02,1.2612e+02,1.2719e+02,1.2810e+02,1.2933e+02,1.3005e+02,1.3082e+02,1.3181e+02,1.3227e+02,1.3281e+02,1.3266e+02,1.3237e+02
8.0483e+01,8.0464e+01,8.0479e+01,8.0586e+01,8.0923e+01,8.1067e+01,8.1024e+01,8.1205e+01,8.0809e+01,8.0295e+01,7.9861e+01,7.9474e+01,7.9129e+01,7.8715e+01,7.8291e+01,7.7954e+01,7.7676e+01,7.7500e+01,7.7316e+01,7.7186e+01,7.7333e+01,7.7505e+01,7.7879e+01,7.8099e+01,7.8241e+01,7.8663e+01,7.8722e+01,7.9302e+01,7.9952e+01,7.9916e+01,8.0515e+01,8.0863e+01,8.1347e+01,8.2028e+01,8.2560e+01,8.3341e+01,8.4133e+01,8.5165e+01,8.6556e+01,8.7509e+01,8.7092e+01,8.7732e+01,8.8681e+01,8.8243e+01,8.8550e+01,8.7672e+01,8.6878e+01,8.5864e+01,8.4762e+01,8.4083e+01,8.3711e+01,8.2389e+01,8.2319e+01,8.1379e+01,8.0542e+01,7.9756e+01,7.8994e+01,7.8172e+01,7.7522e+01,7.6987e+01,7.6463e+01,7.6093e+01,7.5862e+01,7.5645e+01,7.5353e+01,7.5372e+01,7.5523e+01,7.5763e+01,7.5798e+01,7.6375e+01,7.6932e+01,7.7519e+01,7.8395e+01,7.8825e+01,7.9907e+01,8.0638e+01,8.1882e+01,8.2253e+01,8.2441e+01,8.2166e+01,8.2821e+01,8.3808e+01,8.4752e+01,8.5560e+01,8.6508e+01,8.8134e+01,8.9022e+01,9.0806e+01,9.2335e+01,9.2500e+01,9.3684e+01,9.5165e+01,9.7059e+01,9.7395e+01,9.7938e+01,9.9880e+01,1.0012e+02,1.0187e+02,1.0330e+02,1.0551e+02,1.0729e+02,1.0912e+02,1.0980e+02,1.1195e+02,1.1267e+02,1.1307e+02,1.1373e+02,1.1491e+02,1.1590e+02,1.1697e+02,1.1829e+02,1.1912e+02,1.2009e+02,1.2061e+02,1.2097e+02,1.2179e+02,1.2258e+02,1.2336e+02,1.2413e+02,1.2510e+02,1.2605e+02,1.2713e+02,1.2804e+02,1.2927e+02,1.2999e+02,1.3076e+02,1.3175e+02,1.3221e+02,1.3274e+02,1.3260e+02,1.3230e+02
8.0404e+01,8.0380e+01,8.0386e+01,8.0491e+01,8.0819e+01,8.0961e+01,8.0914e+01,8.1096e+01,8.0709e+01,8.0202e+01,7.9767e+01,7.9382e+01,7.9018e+01,7.8616e+01,7.8220e+01,7.7902e+01,7.7635e+01,7.7477e+01,7.7300e+01,7.7182e+01,7.7327e+01,7.7507e+01,7.7891e+01,7.8112e+01,7.8245e+01,7.8664e+01,7.8723e+01,7.9307e+01,7.9967e+01,7.9935e+01,8.0535e+01,8.0887e+01,8.1368e+01,8.2050e+01,8.2581e+01,8.3363e+01,8.4156e+01,8.5191e+01,8.6580e+01,8.7527e+01,8.7110e+01,8.7749e+01,8.8694e+01,8.8256e+01,8.8562e+01,8.7682e+01,8.6886e+01,8.5871e+01,8.4769e+01,8.4085e+01,8.3711e+01,8.2389e+01,8.2319e+01,8.1381e+01,8.0543e+01,7.9756e+01,7.8994e+01,7.8171e+01,7.7514e+01,7.6972e+01,7.6445e+01,7.6067e+01,7.5831e+01,7.5601e+01,7.5302e+01,7.5315e+01,7.5447e+01,7.5672e+01,7.5715e+01,7.6275e+01,7.6830e+01,7.7421e+01,7.8279e+01,7.8686e+01,7.9750e+01,8.0468e+01,8.1696e+01,8.2052e+01,8.2244e+01,8.1967e+01,8.2609e+01,8.3592e+01,8.4526e+01,8.5337e+01,8.6283e+01,8.7903e+01,8.8789e+01,9.0566e+01,9.2097e+01,9.2268e+01,9.3455e+01,9.4940e+01,9.6833e+01,9.7167e+01,9.7704e+01,9.9646e+01,9.9890e+01,1.0163e+02,1.0307e+02,1.0528e+02,1.0706e+02,1.0889e+02,1.0958e+02,1.1173e+02,1.1245e+02,1.1285e+02,1.1351e+02,1.1469e+02,1.1569e+02,1.1676e+02,1.1808e+02,1.1891e+02,1.1988e+02,1.2040e+02,1.2076e+02,1.2159e+02,1.2238e+02,1.2316e+02,1.2394e+02,1.2490e+02,1.2586e+02,1.2693e+02,1.2785e+02,1.2908e+02,1.2980e+02,1.3057e+02,1.3156e+02,1.3202e+02,1.3256e+02,1.3241e+02,1.3212e+02
8.0218e+01,8.0195e+01,8.0202e+01,8.0307e+01,8.0634e+01,8.0774e+01,8.0727e+01,8.0905e+01,8.0519e+01,8.0019e+01,7.9590e+01,7.9212e+01,7.8848e+01,7.8453e+01,7.8058e+01,7.7737e+01,7.7469e+01,7.7305e+01,7.7122e+01,7.6991e+01,7.7124e+01,7.7292e+01,7.7669e+01,7.7878e+01,7.7992e+01,7.8399e+01,7.8452e+01,7.9034e+01,7.9704e+01,7.9683e+01,8.0292e+01,8.0657e+01,8.1146e+01,8.1825e+01,8.2363e+01,8.3145e+01,8.3935e+01,8.4970e+01,8.6359e+01,8.7308e+01,8.6893e+01,8.7530e+01,8.8471e+01,8.8031e+01,8.8333e+01,8.7452e+01,8.6656e+01,8.5641e+01,8.4541e+01,8.3859e+01,8.3487e+01,8.2169e+01,8.2101e+01,8.1165e+01,8.0329e+01,7.9542e+01,7.8778e+01,7.7955e+01,7.7299e+01,7.6758e+01,7.6231e+01,7.5851e+01,7.5614e+01,7.5385e+01,7.5088e+01,7.5100e+01,7.5230e+01,7.5451e+01,7.5489e+01,7.6040e+01,7.6587e+01,7.7174e+01,7.8021e+01,7.8419e+01,7.9471e+01,8.0184e+01,8.1402e+01,8.1757e+01,8.1952e+01,8.1680e+01,8.2318e+01,8.3300e+01,8.4231e+01,8.5045e+01,8.5989e+01,8.7609e+01,8.8497e+01,9.0273e+01,9.1807e+01,9.1983e+01,9.3176e+01,9.4666e+01,9.6565e+01,9.6903e+01,9.7436e+01,9.9384e+01,9.9632e+01,1.0138e+02,1.0282e+02,1.0503e+02,1.0683e+02,1.0865e+02,1.0934e+02,1.1150e+02,1.1222e+02,1.1262e+02,1.1328e+02,1.1446e+02,1.1546e+02,1.1654e+02,1.1786e+02,1.1870e+02,1.1968e+02,1.2020e+02,1.2056e+02,1.2139e+02,1.2218e+02,1.2296e+02,1.2374e+02,1.2471e+02,1.2567e+02,1.2674e+02,1.2766e+02,1.2889e+02,1.2962e+02,1.3039e+02,1.3138e+02,1.3185e+02,1.3238e+02,1.3223e+02,1.3194e+02
8.0073e+01,8.0051e+01,8.0056e+01,8.0161e+01,8.0485e+01,8.0625e+01,8.0576e+01,8.0752e+01,8.0372e+01,7.9879e+01,7.9454e+01,7.9086e+01,7.8719e+01,7.8336e+01,7.7951e+01,7.7636e+01,7.7379e+01,7.7214e+01,7.7036e+01,7.6902e+01,7.7036e+01,7.7207e+01,7.7579e+01,7.7789e+01,7.7899e+01,7.8300e+01,7.8343e+01,7.8915e+01,7.9591e+01,7.9580e+01,8.0192e+01,8.0558e+01,8.1048e+01,8.1724e+01,8.2263e+01,8.3051e+01,8.3841e+01,8.4881e+01,8.6270e+01,8.7218e+01,8.6800e+01,8.7431e+01,8.8369e+01,8.7923e+01,8.8222e+01,8.7335e+01,8.6535e+01,8.5515e+01,8.4416e+01,8.3729e+01,8.3356e+01,8.2039e+01,8.1972e+01,8.1040e+01,8.0201e+01,7.9413e+01,7.8651e+01,7.7826e+01,7.7168e+01,7.6622e+01,7.6095e+01,7.5714e+01,7.5476e+01,7.5243e+01,7.4945e+01,7.4960e+01,7.5084e+01,7.5305e+01,7.5350e+01,7.5899e+01,7.6450e+01,7.7035e+01,7.7876e+01,7.8267e+01,7.9311e+01,8.0012e+01,8.1221e+01,8.1566e+01,8.1759e+01,8.1484e+01,8.2114e+01,8.3094e+01,8.4018e+01,8.4834e+01,8.5779e+01,8.7397e+01,8.8283e+01,9.0059e+01,9.1596e+01,9.1777e+01,9.2973e+01,9.4470e+01,9.6371e+01,9.6708e+01,9.7238e+01,9.9190e+01,9.9437e+01,1.0118e+02,1.0264e+02,1.0485e+02,1.0665e+02,1.0848e+02,1.0918e+02,1.1134e+02,1.1207e+02,1.1247e+02,1.1313e+02,1.1432e+02,1.1532e+02,1.1641e+02,1.1773e+02,1.1857e+02,1.1956e+02,1.2008e+02,1.2045e+02,1.2128e+02,1.2207e+02,1.2285e+02,1.2364e+02,1.2460e+02,1.2556e+02,1.2664e+02,1.2756e+02,1.2879e+02,1.2952e+02,1.3029e+02,1.3129e+02,1.3175e+02,1.3229e+02,1.3214e+02,1.3185e+02
8.0095e+01,8.0072e+01,8.0077e+01,8.0182e+01,8.0503e+01,8.0641e+01,8.0592e+01,8.0763e+01,8.0387e+01,7.9896e+01,7.9477e+01,7.9120e+01,7.8761e+01,7.8391e+01,7.8013e+01,7.7703e+01,7.7453e+01,7.7289e+01,7.7116e+01,7.6978e+01,7.7110e+01,7.7277e+01,7.7637e+01,7.7842e+01,7.7941e+01,7.8331e+01,7.8364e+01,7.8923e+01,7.9603e+01,7.9606e+01,8.0220e+01,8.0589e+01,8.1079e+01,8.1747e+01,8.2285e+01,8.3073e+01,8.3856e+01,8.4898e+01,8.6280e+01,8.7224e+01,8.6809e+01,8.7430e+01,8.8359e+01,8.7906e+01,8.8197e+01,8.7303e+01,8.6503e+01,8.5480e+01,8.4389e+01,8.3701e+01,8.3334e+01,8.2024e+01,8.1959e+01,8.1035e+01,8.0203e+01,7.9419e+01,7.8663e+01,7.7841e+01,7.7191e+01,7.6647e+01,7.6125e+01,7.5751e+01,7.5520e+01,7.5291e+01,7.4996e+01,7.5017e+01,7.5143e+01,7.5367e+01,7.5415e+01,7.5965e+01,7.6514e+01,7.7095e+01,7.7929e+01,7.8313e+01,7.9342e+01,8.0034e+01,8.1227e+01,8.1565e+01,8.1760e+01,8.1487e+01,8.2109e+01,8.3083e+01,8.3998e+01,8.4816e+01,8.5759e+01,8.7370e+01,8.8253e+01,9.0022e+01,9.1559e+01,9.1746e+01,9.2944e+01,9.4443e+01,9.6342e+01,9.6678e+01,9.7201e+01,9.9152e+01,9.9399e+01,1.0114e+02,1.0259e+02,1.0481e+02,1.0662e+02,1.0845e+02,1.0915e+02,1.1131e+02,1.1204e+02,1.1244e+02,1.1311e+02,1.1429e+02,1.1530e+02,1.1639e+02,1.1772e+02,1.1856e+02,1.1955e+02,1.2007e+02,1.2044e+02,1.2127e+02,1.2206e+02,1.2285e+02,1.2363e+02,1.2460e+02,1.2556e+02,1.2664e+02,1.2756e+02,1.2879e+02,1.2952e+02,1.3029e+02,1.3129e+02,1.3175e+02,1.3229e+02,1.3214e+02,1.3185e+02
7.9900e+01,7.9873e+01,7.9877e+01,7.9980e+01,8.0301e+01,8.0436e+01,8.0387e+01,8.0557e+01,8.0180e+01,7.9694e+01,7.9283e+01,7.8930e+01,7.8573e+01,7.8208e+01,7.7834e+01,7.7523e+01,7.7274e+01,7.7107e+01,7.6930e+01,7.6789e+01,7.6917e+01,7.7083e+01,7.7443e+01,7.7646e+01,7.7731e+01,7.8121e+01,7.8158e+01,7.8718e+01,7.9400e+01,7.9408e+01,8.0021e+01,8.0397e+01,8.0891e+01,8.1559e+01,8.2101e+01,8.2890e+01,8.3672e+01,8.4714e+01,8.6096e+01,8.7037e+01,8.6621e+01,8.7241e+01,8.8168e+01,8.7712e+01,8.8000e+01,8.7104e+01,8.6303e+01,8.5276e+01,8.4185e+01,8.3497e+01,8.3128e+01,8.1819e+01,8.1753e+01,8.0829e+01,7.9996e+01,7.9213e+01,7.8453e+01,7.7632e+01,7.6979e+01,7.6433e+01,7.5910e+01,7.5531e+01,7.5297e+01,7.5066e+01,7.4773e+01,7.4792e+01,7.4915e+01,7.5135e+01,7.5180e+01,7.5720e+01,7.6263e+01,7.6837e+01,7.7660e+01,7.8036e+01,7.9052e+01,7.9735e+01,8.0916e+01,8.1250e+01,8.1447e+01,8.1178e+01,8.1795e+01,8.2766e+01,8.3677e+01,8.4497e+01,8.5437e+01,8.7047e+01,8.7930e+01,8.9697e+01,9.1237e+01,9.1429e+01,9.2632e+01,9.4137e+01,9.6037e+01,9.6373e+01,9.6891e+01,9.8844e+01,9.9091e+01,1.0083e+02,1.0229e+02,1.0451e+02,1.0633e+02,1.0816e+02,1.0887e+02,1.1104e+02,1.1177e+02,1.1218e+02,1.1285e+02,1.1404e+02,1.1505e+02,1.1614e+02,1.1747e+02,1.1831e+02,1.1930e+02,1.1983e+02,1.2020e+02,1.2104e+02,1.2184e+02,1.2262e+02,1.2341e+02,1.2438e+02,1.2535e+02,1.2643e+02,1.2736e+02,1.2859e+02,1.2932e+02,1.3010e+02,1.3110e+02,1.3156e+02,1.3210e+02,1.3195e+02,1.3166e+02
7.9666e+01,7.9637e+01,7.9640e+01,7.9739e+01,8.0058e+01,8.0186e+01,8.0133e+01,8.0295e+01,7.9916e+01,7.9433e+01,7.9027e+01,7.8682e+01,7.8331e+01,7.7973e+01,7.7598e+01,7.7291e+01,7.7045e+01,7.6874e+01,7.6696e+01,7.6555e+01,7.6681e+01,7.6846e+01,7.7203e+01,7.7405e+01,7.7482e+01,7.7872e+01,7.7910e+01,7.8469e+01,7.9155e+01,7.9168e+01,7.9785e+01,8.0167e+01,8.0664e+01,8.1331e+01,8.1874e+01,8.2663e+01,8.3442e+01,8.4486e+01,8.5869e+01,8.6810e+01,8.6393e+01,8.7013e+01,8.7940e+01,8.7480e+01,8.7767e+01,8.6867e+01,8.6063e+01,8.5032e+01,8.3941e+01,8.3251e+01,8.2881e+01,8.1571e+01,8.1504e+01,8.0580e+01,7.9745e+01,7.8962e+01,7.8201e+01,7.7380e+01,7.6725e+01,7.6179e+01,7.5656e+01,7.5274e+01,7.5043e+01,7.4810e+01,7.4516e+01,7.4538e+01,7.4659e+01,7.4881e+01,7.4929e+01,7.5471e+01,7.6015e+01,7.6591e+01,7.7413e+01,7.7788e+01,7.8802e+01,7.9483e+01,8.0660e+01,8.0991e+01,8.1190e+01,8.0920e+01,8.1535e+01,8.2506e+01,8.3416e+01,8.4238e+01,8.5181e+01,8.6792e+01,8.7676e+01,8.9445e+01,9.0989e+01,9.1183e+01,9.2387e+01,9.3897e+01,9.5800e+01,9.6135e+01,9.6649e+01,9.8604e+01,9.8849e+01,1.0059e+02,1.0206e+02,1.0428e+02,1.0610e+02,1.0793e+02,1.0864e+02,1.1082e+02,1.1155e+02,1.1196e+02,1.1262e+02,1.1381e+02,1.1483e+02,1.1592e+02,1.1725e+02,1.1810e+02,1.1909e+02,1.1962e+02,1.1999e+02,1.2082e+02,1.2162e+02,1.2241e+02,1.2320e+02,1.2418e+02,1.2514e+02,1.2622e+02,1.2715e+02,1.2839e+02,1.2911e+02,1.2989e+02,1.3089e+02,1.3136e+02,1.3190e+02,1.3175e+02,1.3146e+02
7.9670e+01,7.9637e+01,7.9639e+01,7.9734e+01,8.0049e+01,8.0168e+01,8.0118e+01,8.0272e+01,7.9898e+01,7.9423e+01,7.9030e+01,7.8696e+01,7.8355e+01,7.8010e+01,7.7638e+01,7.7337e+01,7.7098e+01,7.6918e+01,7.6743e+01,7.6592e+01,7.6717e+01,7.6880e+01,7.7228e+01,7.7426e+01,7.7495e+01,7.7880e+01,7.7920e+01,7.8468e+01,7.9147e+01,7.9167e+01,7.9782e+01,8.0166e+01,8.0659e+01,8.1319e+01,8.1858e+01,8.2644e+01,8.3418e+01,8.4459e+01,8.5836e+01,8.6770e+01,8.6355e+01,8.6967e+01,8.7886e+01,8.7421e+01,8.7704e+01,8.6800e+01,8.5997e+01,8.4966e+01,8.3882e+01,8.3194e+01,8.2828e+01,8.1526e+01,8.1461e+01,8.0544e+01,7.9714e+01,7.8936e+01,7.8181e+01,7.7364e+01,7.6715e+01,7.6172e+01,7.5654e+01,7.5277e+01,7.5052e+01,7.4824e+01,7.4535e+01,7.4563e+01,7.4687e+01,7.4915e+01,7.4968e+01,7.5514e+01,7.6058e+01,7.6630e+01,7.7451e+01,7.7828e+01,7.8838e+01,7.9518e+01,8.0692e+01,8.1024e+01,8.1224e+01,8.0957e+01,8.1572e+01,8.2542e+01,8.3451e+01,8.4273e+01,8.5214e+01,8.6825e+01,8.7709e+01,8.9476e+01,9.1019e+01,9.1214e+01,9.2418e+01,9.3927e+01,9.5830e+01,9.6163e+01,9.6674e+01,9.8627e+01,9.8869e+01,1.0061e+02,1.0207e+02,1.0429e+02,1.0611e+02,1.0794e+02,1.0864e+02,1.1082e+02,1.1155e+02,1.1196e+02,1.1262e+02,1.1381e+02,1.1483e+02,1.1592e+02,1.1725e+02,1.1809e+02,1.1909e+02,1.1962e+02,1.1999e+02,1.2083e+02,1.2163e+02,1.2242e+02,1.2321e+02,1.2419e+02,1.2515e+02,1.2623e+02,1.2716e+02,1.2840e+02,1.2913e+02,1.2991e+02,1.3091e+02,1.3137e+02,1.3191e+02,1.3177e+02,1.3147e+02
7.9528e+01,7.9491e+01,7.9494e+01,7.9594e+01,7.9912e+01,8.0035e+01,7.9988e+01,8.0147e+01,7.9773e+01,7.9300e+01,7.8904e+01,7.8567e+01,7.8230e+01,7.7882e+01,7.7508e+01,7.7205e+01,7.6964e+01,7.6781e+01,7.6600e+01,7.6446e+01,7.6564e+01,7.6725e+01,7.7074e+01,7.7272e+01,7.7331e+01,7.7718e+01,7.7766e+01,7.8318e+01,7.8994e+01,7.9015e+01,7.9630e+01,8.0020e+01,8.0515e+01,8.1175e+01,8.1717e+01,8.2498e+01,8.3269e+01,8.4308e+01,8.5686e+01,8.6619e+01,8.6208e+01,8.6822e+01,8.7739e+01,8.7275e+01,8.7555e+01,8.6654e+01,8.5853e+01,8.4823e+01,8.3742e+01,8.3056e+01,8.2690e+01,8.1388e+01,8.1322e+01,8.0403e+01,7.9571e+01,7.8793e+01,7.8033e+01,7.7216e+01,7.6564e+01,7.6019e+01,7.5500e+01,7.5116e+01,7.4889e+01,7.4656e+01,7.4367e+01,7.4393e+01,7.4511e+01,7.4735e+01,7.4789e+01,7.5329e+01,7.5871e+01,7.6441e+01,7.7255e+01,7.7625e+01,7.8626e+01,7.9301e+01,8.0465e+01,8.0793e+01,8.0995e+01,8.0729e+01,8.1339e+01,8.2307e+01,8.3212e+01,8.4036e+01,8.4978e+01,8.6588e+01,8.7474e+01,8.9242e+01,9.0789e+01,9.0986e+01,9.2194e+01,9.3707e+01,9.5613e+01,9.5949e+01,9.6459e+01,9.8416e+01,9.8659e+01,1.0040e+02,1.0186e+02,1.0409e+02,1.0591e+02,1.0774e+02,1.0845e+02,1.1063e+02,1.1136e+02,1.1176e+02,1.1243e+02,1.1362e+02,1.1464e+02,1.1573e+02,1.1706e+02,1.1791e+02,1.1890e+02,1.1943e+02,1.1981e+02,1.2064e+02,1.2144e+02,1.2223e+02,1.2303e+02,1.2400e+02,1.2497e+02,1.2605e+02,1.2698e+02,1.2822e+02,1.2895e+02,1.2972e+02,1.3073e+02,1.3119e+02,1.3173e+02,1.3159e+02,1.3129e+02
7.9325e+01,7.9288e+01,7.9295e+01,7.9401e+01,7.9725e+01,7.9852e+01,7.9812e+01,7.9978e+01,7.9603e+01,7.9124e+01,7.8726e+01,7.8387e+01,7.8051e+01,7.7701e+01,7.7318e+01,7.7014e+01,7.6768e+01,7.6576e+01,7.6390e+01,7.6227e+01,7.6341e+01,7.6495e+01,7.6840e+01,7.7033e+01,7.7079e+01,7.7466e+01,7.7522e+01,7.8077e+01,7.8750e+01,7.8772e+01,7.9387e+01,7.9782e+01,8.0280e+01,8.0937e+01,8.1480e+01,8.2257e+01,8.3025e+01,8.4062e+01,8.5442e+01,8.6380e+01,8.5972e+01,8.6588e+01,8.7504e+01,8.7039e+01,8.7318e+01,8.6419e+01,8.5617e+01,8.4589e+01,8.3507e+01,8.2825e+01,8.2458e+01,8.1155e+01,8.1086e+01,8.0165e+01,7.9332e+01,7.8553e+01,7.7791e+01,7.6974e+01,7.6323e+01,7.5779e+01,7.5263e+01,7.4880e+01,7.4657e+01,7.4428e+01,7.4145e+01,7.4176e+01,7.4299e+01,7.4528e+01,7.4580e+01,7.5124e+01,7.5664e+01,7.6230e+01,7.7046e+01,7.7422e+01,7.8426e+01,7.9102e+01,8.0268e+01,8.0600e+01,8.0803e+01,8.0541e+01,8.1154e+01,8.2124e+01,8.3032e+01,8.3858e+01,8.4798e+01,8.6412e+01,8.7300e+01,8.9070e+01,9.0621e+01,9.0822e+01,9.2035e+01,9.3551e+01,9.5460e+01,9.5801e+01,9.6311e+01,9.8271e+01,9.8517e+01,1.0025e+02,1.0172e+02,1.0395e+02,1.0577e+02,1.0760e+02,1.0832e+02,1.1050e+02,1.1123e+02,1.1164e+02,1.1232e+02,1.1350e+02,1.1452e+02,1.1562e+02,1.1695e+02,1.1780e+02,1.1880e+02,1.1933e+02,1.1971e+02,1.2054e+02,1.2134e+02,1.2214e+02,1.2293e+02,1.2391e+02,1.2488e+02,1.2596e+02,1.2689e+02,1.2813e+02,1.2886e+02,1.2964e+02,1.3065e+02,1.3111e+02,1.3165e+02,1.3150e+02,1.3121e+02
7.9232e+01,7.9191e+01,7.9197e+01,7.9309e+01,7.9633e+01,7.9765e+01,7.9731e+01,7.9903e+01,7.9531e+01,7.9050e+01,7.8652e+01,7.8311e+01,7.7977e+01,7.7624e+01,7.7243e+01,7.6940e+01,7.6694e+01,7.6500e+01,7.6312e+01,7.6149e+01,7.6260e+01,7.6412e+01,7.6758e+01,7.6951e+01,7.6990e+01,7.7379e+01,7.7443e+01,7.8001e+01,7.8670e+01,7.8688e+01,7.9301e+01,7.9698e+01,8.0193e+01,8.0851e+01,8.1393e+01,8.2167e+01,8.2937e+01,8.3971e+01,8.5353e+01,8.6293e+01,8.5885e+01,8.6503e+01,8.7416e+01,8.6950e+01,8.7230e+01,8.6332e+01,8.5530e+01,8.4503e+01,8.3422e+01,8.2742e+01,8.2375e+01,8.1072e+01,8.1001e+01,8.0080e+01,7.9246e+01,7.8467e+01,7.7705e+01,7.6889e+01,7.6238e+01,7.5694e+01,7.5179e+01,7.4794e+01,7.4570e+01,7.4339e+01,7.4058e+01,7.4088e+01,7.4209e+01,7.4436e+01,7.4487e+01,7.5025e+01,7.5560e+01,7.6122e+01,7.6929e+01,7.7301e+01,7.8295e+01,7.8965e+01,8.0120e+01,8.0447e+01,8.0653e+01,8.0393e+01,8.0999e+01,8.1964e+01,8.2865e+01,8.3693e+01,8.4632e+01,8.6240e+01,8.7125e+01,8.8889e+01,9.0441e+01,9.0648e+01,9.1864e+01,9.3382e+01,9.5288e+01,9.5629e+01,9.6133e+01,9.8091e+01,9.8335e+01,1.0007e+02,1.0154e+02,1.0375e+02,1.0558e+02,1.0741e+02,1.0812e+02,1.1031e+02,1.1104e+02,1.1145e+02,1.1213e+02,1.1331e+02,1.1433e+02,1.1544e+02,1.1677e+02,1.1762e+02,1.1862e+02,1.1915e+02,1.1953e+02,1.2037e+02,1.2117e+02,1.2196e+02,1.2276e+02,1.2374e+02,1.2471e+02,1.2580e+02,1.2673e+02,1.2797e+02,1.2870e+02,1.2949e+02,1.3049e+02,1.3096e+02,1.3150e+02,1.3135e+02,1.3106e+02
7.9271e+01,7.9228e+01,7.9236e+01,7.9354e+01,7.9677e+01,7.9811e+01,7.9783e+01,7.9958e+01,7.9591e+01,7.9108e+01,7.8713e+01,7.8375e+01,7.8050e+01,7.7698e+01,7.7312e+01,7.7010e+01,7.6757e+01,7.6553e+01,7.6358e+01,7.6187e+01,7.6290e+01,7.6436e+01,7.6779e+01,7.6969e+01,7.6995e+01,7.7386e+01,7.7457e+01,7.8014e+01,7.8675e+01,7.8690e+01,7.9300e+01,7.9699e+01,8.0193e+01,8.0846e+01,8.1388e+01,8.2156e+01,8.2922e+01,8.3953e+01,8.5333e+01,8.6271e+01,8.5869e+01,8.6487e+01,8.7395e+01,8.6930e+01,8.7209e+01,8.6313e+01,8.5513e+01,8.4490e+01,8.3411e+01,8.2735e+01,8.2368e+01,8.1069e+01,8.0997e+01,8.0078e+01,7.9246e+01,7.8470e+01,7.7707e+01,7.6893e+01,7.6245e+01,7.5706e+01,7.5195e+01,7.4812e+01,7.4592e+01,7.4365e+01,7.4090e+01,7.4125e+01,7.4249e+01,7.4480e+01,7.4531e+01,7.5069e+01,7.5600e+01,7.6152e+01,7.6957e+01,7.7331e+01,7.8320e+01,7.8986e+01,8.0135e+01,8.0463e+01,8.0666e+01,8.0409e+01,8.1015e+01,8.1976e+01,8.2875e+01,8.3701e+01,8.4635e+01,8.6240e+01,8.7125e+01,8.8884e+01,9.0435e+01,9.0644e+01,9.1862e+01,9.3378e+01,9.5284e+01,9.5626e+01,9.6127e+01,9.8084e+01,9.8329e+01,1.0006e+02,1.0153e+02,1.0374e+02,1.0557e+02,1.0740e+02,1.0811e+02,1.1029e+02,1.1103e+02,1.1144e+02,1.1212e+02,1.1330e+02,1.1432e+02,1.1543e+02,1.1676e+02,1.1762e+02,1.1861e+02,1.1915e+02,1.1952e+02,1.2036e+02,1.2116e+02,1.2195e+02,1.2276e+02,1.2374e+02,1.2471e+02,1.2579e+02,1.2673e+02,1.2797e+02,1.2870e+02,1.2949e+02,1.3049e+02,1.3096e+02,1.3150e+02,1.3135e+02,1.3105e+02
7.9189e+01,7.9143e+01,7.9152e+01,7.9274e+01,7.9597e+01,7.9736e+01,7.9711e+01,7.9889e+01,7.9525e+01,7.9044e+01,7.8648e+01,7.8308e+01,7.7984e+01,7.7628e+01,7.7246e+01,7.6944e+01,7.6694e+01,7.6493e+01,7.6299e+01,7.6133e+01,7.6235e+01,7.6383e+01,7.6732e+01,7.6921e+01,7.6946e+01,7.7340e+01,7.7411e+01,7.7975e+01,7.8639e+01,7.8652e+01,7.9265e+01,7.9665e+01,8.0160e+01,8.0816e+01,8.1360e+01,8.2128e+01,8.2899e+01,8.3929e+01,8.5314e+01,8.6256e+01,8.5848e+01,8.6467e+01,8.7376e+01,8.6909e+01,8.7187e+01,8.6288e+01,8.5484e+01,8.4461e+01,8.3380e+01,8.2701e+01,8.2331e+01,8.1028e+01,8.0957e+01,8.0037e+01,7.9200e+01,7.8421e+01,7.7657e+01,7.6839e+01,7.6186e+01,7.5642e+01,7.5128e+01,7.4741e+01,7.4516e+01,7.4284e+01,7.4009e+01,7.4039e+01,7.4158e+01,7.4384e+01,7.4436e+01,7.4970e+01,7.5500e+01,7.6052e+01,7.6852e+01,7.7222e+01,7.8206e+01,7.8865e+01,8.0007e+01,8.0328e+01,8.0530e+01,8.0273e+01,8.0873e+01,8.1829e+01,8.2723e+01,8.3548e+01,8.4480e+01,8.6079e+01,8.6961e+01,8.8716e+01,9.0265e+01,9.0477e+01,9.1694e+01,9.3210e+01,9.5113e+01,9.5454e+01,9.5951e+01,9.7904e+01,9.8146e+01,9.9867e+01,1.0134e+02,1.0355e+02,1.0537e+02,1.0719e+02,1.0791e+02,1.1009e+02,1.1083e+02,1.1124e+02,1.1192e+02,1.1311e+02,1.1413e+02,1.1524e+02,1.1656e+02,1.1742e+02,1.1841e+02,1.1895e+02,1.1933e+02,1.2017e+02,1.2097e+02,1.2176e+02,1.2257e+02,1.2355e+02,1.2452e+02,1.2560e+02,1.2654e+02,1.2778e+02,1.2851e+02,1.2930e+02,1.3030e+02,1.3077e+02,1.3132e+02,1.3116e+02,1.3086e+02
7.9049e+01,7.9004e+01,7.9015e+01,7.9140e+01,7.9465e+01,7.9607e+01,7.9589e+01,7.9771e+01,7.9410e+01,7.8926e+01,7.8534e+01,7.8200e+01,7.7886e+01,7.7528e+01,7.7140e+01,7.6835e+01,7.6587e+01,7.6383e+01,7.6194e+01,7.6025e+01,7.6127e+01,7.6273e+01,7.6618e+01,7.6806e+01,7.6830e+01,7.7222e+01,7.7291e+01,7.7852e+01,7.8515e+01,7.8530e+01,7.9143e+01,7.9541e+01,8.0033e+01,8.0686e+01,8.1226e+01,8.1993e+01,8.2763e+01,8.3793e+01,8.5179e+01,8.6123e+01,8.5710e+01,8.6325e+01,8.7235e+01,8.6762e+01,8.7036e+01,8.6132e+01,8.5324e+01,8.4299e+01,8.3222e+01,8.2542e+01,8.2176e+01,8.0876e+01,8.0807e+01,7.9890e+01,7.9057e+01,7.8281e+01,7.7523e+01,7.6707e+01,7.6057e+01,7.5512e+01,7.5002e+01,7.4616e+01,7.4396e+01,7.4164e+01,7.3887e+01,7.3922e+01,7.4041e+01,7.4272e+01,7.4329e+01,7.4870e+01,7.5408e+01,7.5965e+01,7.6771e+01,7.7142e+01,7.8132e+01,7.8792e+01,7.9936e+01,8.0254e+01,8.0456e+01,8.0194e+01,8.0792e+01,8.1747e+01,8.2639e+01,8.3464e+01,8.4399e+01,8.5999e+01,8.6878e+01,8.8634e+01,9.0183e+01,9.0395e+01,9.1612e+01,9.3129e+01,9.5033e+01,9.5371e+01,9.5867e+01,9.7820e+01,9.8058e+01,9.9777e+01,1.0124e+02,1.0345e+02,1.0528e+02,1.0711e+02,1.0783e+02,1.1001e+02,1.1074e+02,1.1116e+02,1.1184e+02,1.1303e+02,1.1404e+02,1.1515e+02,1.1647e+02,1.1732e+02,1.1832e+02,1.1885e+02,1.1923e+02,1.2007e+02,1.2088e+02,1.2167e+02,1.2248e+02,1.2346e+02,1.2443e+02,1.2551e+02,1.2644e+02,1.2768e+02,1.2841e+02,1.2920e+02,1.3020e+02,1.3067e+02,1.3122e+02,1.3106e+02,1.3077e+02
7.9054e+01,7.9010e+01,7.9024e+01,7.9154e+01,7.9482e+01,7.9628e+01,7.9618e+01,7.9806e+01,7.9450e+01,7.8964e+01,7.8574e+01,7.8243e+01,7.7932e+01,7.7573e+01,7.7184e+01,7.6879e+01,7.6633e+01,7.6423e+01,7.6235e+01,7.6065e+01,7.6164e+01,7.6308e+01,7.6646e+01,7.6831e+01,7.6850e+01,7.7238e+01,7.7305e+01,7.7861e+01,7.8519e+01,7.8533e+01,7.9141e+01,7.9537e+01,8.0025e+01,8.0673e+01,8.1208e+01,8.1973e+01,8.2740e+01,8.3769e+01,8.5150e+01,8.6094e+01,8.5681e+01,8.6295e+01,8.7202e+01,8.6727e+01,8.6997e+01,8.6095e+01,8.5288e+01,8.4268e+01,8.3197e+01,8.2519e+01,8.2157e+01,8.0861e+01,8.0794e+01,7.9881e+01,7.9054e+01,7.8282e+01,7.7528e+01,7.6717e+01,7.6067e+01,7.5524e+01,7.5018e+01,7.4634e+01,7.4418e+01,7.4185e+01,7.3908e+01,7.3947e+01,7.4064e+01,7.4297e+01,7.4360e+01,7.4905e+01,7.5449e+01,7.6007e+01,7.6815e+01,7.7186e+01,7.8176e+01,7.8830e+01,7.9971e+01,8.0281e+01,8.0478e+01,8.0210e+01,8.0803e+01,8.1750e+01,8.2635e+01,8.3453e+01,8.4388e+01,8.5981e+01,8.6854e+01,8.8606e+01,9.0150e+01,9.0360e+01,9.1572e+01,9.3087e+01,9.4986e+01,9.5323e+01,9.5818e+01,9.7768e+01,9.8003e+01,9.9716e+01,1.0118e+02,1.0339e+02,1.0522e+02,1.0703e+02,1.0775e+02,1.0994e+02,1.1067e+02,1.1108e+02,1.1176e+02,1.1295e+02,1.1397e+02,1.1507e+02,1.1639e+02,1.1724e+02,1.1824e+02,1.1877e+02,1.1916e+02,1.2000e+02,1.2080e+02,1.2159e+02,1.2240e+02,1.2338e+02,1.2435e+02,1.2543e+02,1.2636e+02,1.2760e+02,1.2833e+02,1.2912e+02,1.3012e+02,1.3059e+02,1.3113e+02,1.3098e+02,1.3068e+02
7.9004e+01,7.8960e+01,7.8978e+01,7.9113e+01,7.9445e+01,7.9597e+01,7.9596e+01,7.9791e+01,7.9437e+01,7.8946e+01,7.8558e+01,7.8226e+01,7.7922e+01,7.7559e+01,7.7166e+01,7.6854e+01,7.6608e+01,7.6397e+01,7.6208e+01,7.6039e+01,7.6135e+01,7.6278e+01,7.6616e+01,7.6801e+01,7.6817e+01,7.7211e+01,7.7281e+01,7.7838e+01,7.8491e+01,7.8501e+01,7.9105e+01,7.9500e+01,7.9985e+01,8.0636e+01,8.1171e+01,8.1938e+01,8.2708e+01,8.3736e+01,8.5120e+01,8.6064e+01,8.5649e+01,8.6263e+01,8.7173e+01,8.6698e+01,8.6967e+01,8.6064e+01,8.5255e+01,8.4234e+01,8.3162e+01,8.2483e+01,8.2118e+01,8.0819e+01,8.0748e+01,7.9835e+01,7.9007e+01,7.8237e+01,7.7484e+01,7.6674e+01,7.6021e+01,7.5477e+01,7.4974e+01,7.4586e+01,7.4371e+01,7.4136e+01,7.3861e+01,7.3901e+01,7.4014e+01,7.4247e+01,7.4315e+01,7.4861e+01,7.5409e+01,7.5966e+01,7.6774e+01,7.7145e+01,7.8135e+01,7.8783e+01,7.9923e+01,8.0229e+01,8.0422e+01,8.0152e+01,8.0743e+01,8.1686e+01,8.2570e+01,8.3386e+01,8.4320e+01,8.5911e+01,8.6783e+01,8.8534e+01,9.0075e+01,9.0283e+01,9.1494e+01,9.3006e+01,9.4905e+01,9.5243e+01,9.5738e+01,9.7688e+01,9.7922e+01,9.9634e+01,1.0110e+02,1.0330e+02,1.0513e+02,1.0695e+02,1.0766e+02,1.0985e+02,1.1058e+02,1.1100e+02,1.1168e+02,1.1287e+02,1.1388e+02,1.1498e+02,1.1630e+02,1.1715e+02,1.1815e+02,1.1868e+02,1.1906e+02,1.1990e+02,1.2070e+02,1.2150e+02,1.2231e+02,1.2329e+02,1.2426e+02,1.2534e+02,1.2628e+02,1.2752e+02,1.2825e+02,1.2904e+02,1.3004e+02,1.3051e+02,1.3106e+02,1.3091e+02,1.3061e+02
7.9005e+01,7.8959e+01,7.8978e+01,7.9115e+01,7.9446e+01,7.9604e+01,7.9609e+01,7.9812e+01,7.9462e+01,7.8970e+01,7.8584e+01,7.8249e+01,7.7948e+01,7.7585e+01,7.7192e+01,7.6879e+01,7.6633e+01,7.6419e+01,7.6224e+01,7.6057e+01,7.6151e+01,7.6296e+01,7.6637e+01,7.6823e+01,7.6837e+01,7.7236e+01,7.7312e+01,7.7870e+01,7.8519e+01,7.8525e+01,7.9121e+01,7.9517e+01,8.0000e+01,8.0652e+01,8.1187e+01,8.1954e+01,8.2726e+01,8.3752e+01,8.5137e+01,8.6082e+01,8.5668e+01,8.6286e+01,8.7198e+01,8.6728e+01,8.6997e+01,8.6099e+01,8.5290e+01,8.4272e+01,8.3198e+01,8.2521e+01,8.2153e+01,8.0853e+01,8.0779e+01,7.9864e+01,7.9034e+01,7.8261e+01,7.7507e+01,7.6694e+01,7.6034e+01,7.5491e+01,7.4984e+01,7.4592e+01,7.4373e+01,7.4133e+01,7.3861e+01,7.3897e+01,7.4003e+01,7.4230e+01,7.4299e+01,7.4838e+01,7.5383e+01,7.5937e+01,7.6739e+01,7.7105e+01,7.8090e+01,7.8729e+01,7.9862e+01,8.0162e+01,8.0351e+01,8.0080e+01,8.0667e+01,8.1605e+01,8.2485e+01,8.3297e+01,8.4225e+01,8.5810e+01,8.6681e+01,8.8427e+01,8.9963e+01,9.0170e+01,9.1379e+01,9.2887e+01,9.4783e+01,9.5123e+01,9.5615e+01,9.7563e+01,9.7801e+01,9.9510e+01,1.0097e+02,1.0318e+02,1.0500e+02,1.0682e+02,1.0754e+02,1.0972e+02,1.1046e+02,1.1088e+02,1.1156e+02,1.1275e+02,1.1377e+02,1.1487e+02,1.1619e+02,1.1703e+02,1.1803e+02,1.1856e+02,1.1894e+02,1.1978e+02,1.2058e+02,1.2138e+02,1.2220e+02,1.2318e+02,1.2415e+02,1.2523e+02,1.2617e+02,1.2741e+02,1.2814e+02,1.2893e+02,1.2994e+02,1.3041e+02,1.3095e+02,1.3080e+02,1.3050e+02
7.9069e+01,7.9021e+01,7.9043e+01,7.9183e+01,7.9515e+01,7.9677e+01,7.9688e+01,7.9899e+01,7.9551e+01,7.9060e+01,7.8676e+01,7.8343e+01,7.8045e+01,7.7683e+01,7.7288e+01,7.6973e+01,7.6729e+01,7.6510e+01,7.6312e+01,7.6142e+01,7.6231e+01,7.6372e+01,7.6709e+01,7.6892e+01,7.6904e+01,7.7303e+01,7.7380e+01,7.7935e+01,7.8583e+01,7.8587e+01,7.9181e+01,7.9577e+01,8.0059e+01,8.0712e+01,8.1250e+01,8.2020e+01,8.2797e+01,8.3826e+01,8.5213e+01,8.6160e+01,8.5745e+01,8.6362e+01,8.7275e+01,8.6805e+01,8.7072e+01,8.6174e+01,8.5366e+01,8.4347e+01,8.3272e+01,8.2594e+01,8.2224e+01,8.0924e+01,8.0849e+01,7.9935e+01,7.9105e+01,7.8332e+01,7.7577e+01,7.6764e+01,7.6102e+01,7.5560e+01,7.5054e+01,7.4661e+01,7.4444e+01,7.4206e+01,7.3938e+01,7.3975e+01,7.4081e+01,7.4308e+01,7.4379e+01,7.4916e+01,7.5462e+01,7.6011e+01,7.6813e+01,7.7179e+01,7.8162e+01,7.8794e+01,7.9923e+01,8.0219e+01,8.0402e+01,8.0129e+01,8.0715e+01,8.1647e+01,8.2525e+01,8.3332e+01,8.4254e+01,8.5836e+01,8.6707e+01,8.8447e+01,8.9979e+01,9.0185e+01,9.1394e+01,9.2898e+01,9.4792e+01,9.5136e+01,9.5627e+01,9.7574e+01,9.7815e+01,9.9523e+01,1.0099e+02,1.0319e+02,1.0501e+02,1.0682e+02,1.0754e+02,1.0972e+02,1.1045e+02,1.1087e+02,1.1156e+02,1.1275e+02,1.1377e+02,1.1487e+02,1.1619e+02,1.1703e+02,1.1802e+02,1.1856e+02,1.1894e+02,1.1978e+02,1.2058e+02,1.2138e+02,1.2220e+02,1.2319e+02,1.2415e+02,1.2524e+02,1.2617e+02,1.2742e+02,1.2815e+02,1.2894e+02,1.2994e+02,1.3041e+02,1.3096e+02,1.3081e+02,1.3051e+02
7.9262e+01,7.9212e+01,7.9235e+01,7.9377e+01,7.9707e+01,7.9872e+01,7.9886e+01,8.0099e+01,7.9754e+01,7.9261e+01,7.8877e+01,7.8545e+01,7.8248e+01,7.7886e+01,7.7489e+01,7.7176e+01,7.6930e+01,7.6709e+01,7.6509e+01,7.6343e+01,7.6428e+01,7.6568e+01,7.6908e+01,7.7092e+01,7.7105e+01,7.7507e+01,7.7587e+01,7.8140e+01,7.8785e+01,7.8786e+01,7.9373e+01,7.9766e+01,8.0244e+01,8.0893e+01,8.1430e+01,8.2199e+01,8.2975e+01,8.4002e+01,8.5388e+01,8.6331e+01,8.5916e+01,8.6533e+01,8.7447e+01,8.6978e+01,8.7243e+01,8.6349e+01,8.5542e+01,8.4528e+01,8.3454e+01,8.2778e+01,8.2406e+01,8.1109e+01,8.1031e+01,8.0119e+01,7.9292e+01,7.8522e+01,7.7769e+01,7.6959e+01,7.6296e+01,7.5756e+01,7.5253e+01,7.4859e+01,7.4642e+01,7.4404e+01,7.4138e+01,7.4175e+01,7.4280e+01,7.4506e+01,7.4574e+01,7.5107e+01,7.5649e+01,7.6195e+01,7.6993e+01,7.7359e+01,7.8339e+01,7.8968e+01,8.0094e+01,8.0391e+01,8.0572e+01,8.0301e+01,8.0887e+01,8.1816e+01,8.2694e+01,8.3498e+01,8.4417e+01,8.5994e+01,8.6864e+01,8.8600e+01,9.0129e+01,9.0336e+01,9.1543e+01,9.3046e+01,9.4937e+01,9.5281e+01,9.5770e+01,9.7713e+01,9.7956e+01,9.9659e+01,1.0112e+02,1.0332e+02,1.0514e+02,1.0695e+02,1.0767e+02,1.0984e+02,1.1057e+02,1.1099e+02,1.1168e+02,1.1287e+02,1.1389e+02,1.1498e+02,1.1630e+02,1.1715e+02,1.1814e+02,1.1867e+02,1.1906e+02,1.1989e+02,1.2069e+02,1.2149e+02,1.2231e+02,1.2329e+02,1.2426e+02,1.2534e+02,1.2628e+02,1.2752e+02,1.2825e+02,1.2903e+02,1.3004e+02,1.3051e+02,1.3105e+02,1.3090e+02,1.3060e+02
7.9521e+01,7.9471e+01,7.9491e+01,7.9635e+01,7.9965e+01,8.0131e+01,8.0148e+01,8.0363e+01,8.0018e+01,7.9526e+01,7.9146e+01,7.8814e+01,7.8523e+01,7.8162e+01,7.7767e+01,7.7452e+01,7.7207e+01,7.6981e+01,7.6774e+01,7.6607e+01,7.6686e+01,7.6825e+01,7.7165e+01,7.7351e+01,7.7357e+01,7.7765e+01,7.7850e+01,7.8401e+01,7.9041e+01,7.9041e+01,7.9620e+01,8.0016e+01,8.0491e+01,8.1139e+01,8.1677e+01,8.2443e+01,8.3220e+01,8.4244e+01,8.5628e+01,8.6569e+01,8.6154e+01,8.6769e+01,8.7680e+01,8.7212e+01,8.7472e+01,8.6579e+01,8.5775e+01,8.4765e+01,8.3692e+01,8.3018e+01,8.2643e+01,8.1349e+01,8.1271e+01,8.0361e+01,7.9535e+01,7.8767e+01,7.8014e+01,7.7206e+01,7.6542e+01,7.6003e+01,7.5501e+01,7.5106e+01,7.4890e+01,7.4652e+01,7.4390e+01,7.4426e+01,7.4530e+01,7.4753e+01,7.4820e+01,7.5347e+01,7.5883e+01,7.6423e+01,7.7215e+01,7.7577e+01,7.8549e+01,7.9174e+01,8.0292e+01,8.0586e+01,8.0767e+01,8.0497e+01,8.1081e+01,8.2006e+01,8.2880e+01,8.3682e+01,8.4596e+01,8.6168e+01,8.7036e+01,8.8766e+01,9.0291e+01,9.0498e+01,9.1703e+01,9.3202e+01,9.5088e+01,9.5432e+01,9.5916e+01,9.7854e+01,9.8097e+01,9.9794e+01,1.0126e+02,1.0344e+02,1.0526e+02,1.0706e+02,1.0777e+02,1.0994e+02,1.1067e+02,1.1109e+02,1.1178e+02,1.1297e+02,1.1398e+02,1.1507e+02,1.1638e+02,1.1723e+02,1.1821e+02,1.1875e+02,1.1913e+02,1.1997e+02,1.2077e+02,1.2157e+02,1.2239e+02,1.2338e+02,1.2434e+02,1.2542e+02,1.2636e+02,1.2760e+02,1.2833e+02,1.2911e+02,1.3012e+02,1.3058e+02,1.3113e+02,1.3097e+02,1.3068e+02
7.9791e+01,7.9738e+01,7.9759e+01,7.9901e+01,8.0228e+01,8.0395e+01,8.0412e+01,8.0628e+01,8.0282e+01,7.9791e+01,7.9412e+01,7.9078e+01,7.8788e+01,7.8428e+01,7.8036e+01,7.7722e+01,7.7480e+01,7.7250e+01,7.7039e+01,7.6875e+01,7.6948e+01,7.7091e+01,7.7433e+01,7.7625e+01,7.7628e+01,7.8039e+01,7.8125e+01,7.8676e+01,7.9313e+01,7.9311e+01,7.9886e+01,8.0282e+01,8.0753e+01,8.1402e+01,8.1941e+01,8.2707e+01,8.3482e+01,8.4503e+01,8.5883e+01,8.6821e+01,8.6404e+01,8.7015e+01,8.7923e+01,8.7454e+01,8.7707e+01,8.6816e+01,8.6014e+01,8.5005e+01,8.3935e+01,8.3261e+01,8.2884e+01,8.1594e+01,8.1514e+01,8.0605e+01,7.9780e+01,7.9014e+01,7.8262e+01,7.7456e+01,7.6791e+01,7.6252e+01,7.5753e+01,7.5354e+01,7.5138e+01,7.4899e+01,7.4638e+01,7.4674e+01,7.4775e+01,7.4998e+01,7.5066e+01,7.5590e+01,7.6125e+01,7.6660e+01,7.7449e+01,7.7811e+01,7.8780e+01,7.9400e+01,8.0515e+01,8.0807e+01,8.0984e+01,8.0713e+01,8.1297e+01,8.2218e+01,8.3091e+01,8.3890e+01,8.4801e+01,8.6371e+01,8.7238e+01,8.8966e+01,9.0487e+01,9.0691e+01,9.1893e+01,9.3389e+01,9.5273e+01,9.5618e+01,9.6103e+01,9.8040e+01,9.8284e+01,9.9981e+01,1.0144e+02,1.0362e+02,1.0544e+02,1.0723e+02,1.0795e+02,1.1011e+02,1.1084e+02,1.1126e+02,1.1194e+02,1.1312e+02,1.1413e+02,1.1522e+02,1.1653e+02,1.1737e+02,1.1836e+02,1.1889e+02,1.1928e+02,1.2011e+02,1.2092e+02,1.2171e+02,1.2254e+02,1.2352e+02,1.2449e+02,1.2557e+02,1.2650e+02,1.2774e+02,1.2847e+02,1.2926e+02,1.3026e+02,1.3072e+02,1.3127e+02,1.3111e+02,1.3082e+02
8.0185e+01,8.0132e+01,8.0152e+01,8.0293e+01,8.0617e+01,8.0781e+01,8.0798e+01,8.1015e+01,8.0670e+01,8.0181e+01,7.9808e+01,7.9478e+01,7.9191e+01,7.8835e+01,7.8443e+01,7.8133e+01,7.7895e+01,7.7663e+01,7.7448e+01,7.7284e+01,7.7350e+01,7.7490e+01,7.7826e+01,7.8012e+01,7.8005e+01,7.8409e+01,7.8495e+01,7.9043e+01,7.9679e+01,7.9683e+01,8.0255e+01,8.0657e+01,8.1129e+01,8.1775e+01,8.2318e+01,8.3081e+01,8.3852e+01,8.4870e+01,8.6243e+01,8.7178e+01,8.6765e+01,8.7370e+01,8.8271e+01,8.7799e+01,8.8045e+01,8.7155e+01,8.6356e+01,8.5348e+01,8.4285e+01,8.3612e+01,8.3235e+01,8.1951e+01,8.1872e+01,8.0967e+01,8.0145e+01,7.9382e+01,7.8633e+01,7.7830e+01,7.7167e+01,7.6631e+01,7.6134e+01,7.5737e+01,7.5522e+01,7.5283e+01,7.5026e+01,7.5062e+01,7.5163e+01,7.5383e+01,7.5451e+01,7.5971e+01,7.6501e+01,7.7029e+01,7.7811e+01,7.8171e+01,7.9133e+01,7.9747e+01,8.0854e+01,8.1144e+01,8.1319e+01,8.1050e+01,8.1631e+01,8.2547e+01,8.3417e+01,8.4211e+01,8.5116e+01,8.6679e+01,8.7546e+01,8.9265e+01,9.0781e+01,9.0984e+01,9.2183e+01,9.3672e+01,9.5552e+01,9.5898e+01,9.6382e+01,9.8314e+01,9.8559e+01,1.0025e+02,1.0171e+02,1.0389e+02,1.0569e+02,1.0748e+02,1.0819e+02,1.1034e+02,1.1107e+02,1.1148e+02,1.1216e+02,1.1334e+02,1.1435e+02,1.1543e+02,1.1673e+02,1.1758e+02,1.1856e+02,1.1910e+02,1.1948e+02,1.2032e+02,1.2112e+02,1.2191e+02,1.2273e+02,1.2372e+02,1.2468e+02,1.2576e+02,1.2669e+02,1.2793e+02,1.2865e+02,1.2944e+02,1.3044e+02,1.3090e+02,1.3145e+02,1.3129e+02,1.3100e+02
8.0332e+01,8.0276e+01,8.0294e+01,8.0432e+01,8.0753e+01,8.0916e+01,8.0934e+01,8.1149e+01,8.0808e+01,8.0321e+01,7.9951e+01,7.9624e+01,7.9338e+01,7.8988e+01,7.8599e+01,7.8295e+01,7.8061e+01,7.7832e+01,7.7618e+01,7.7458e+01,7.7524e+01,7.7663e+01,7.7997e+01,7.8180e+01,7.8170e+01,7.8568e+01,7.8652e+01,7.9201e+01,7.9839e+01,7.9846e+01,8.0419e+01,8.0826e+01,8.1302e+01,8.1947e+01,8.2494e+01,8.3253e+01,8.4026e+01,8.5042e+01,8.6413e+01,8.7346e+01,8.6935e+01,8.7538e+01,8.8437e+01,8.7964e+01,8.8208e+01,8.7318e+01,8.6521e+01,8.5514e+01,8.4454e+01,8.3783e+01,8.3408e+01,8.2125e+01,8.2043e+01,8.1139e+01,8.0316e+01,7.9557e+01,7.8808e+01,7.8007e+01,7.7344e+01,7.6808e+01,7.6312e+01,7.5912e+01,7.5696e+01,7.5454e+01,7.5196e+01,7.5229e+01,7.5325e+01,7.5542e+01,7.5611e+01,7.6126e+01,7.6653e+01,7.7181e+01,7.7957e+01,7.8310e+01,7.9264e+01,7.9874e+01,8.0974e+01,8.1261e+01,8.1436e+01,8.1168e+01,8.1745e+01,8.2657e+01,8.3523e+01,8.4316e+01,8.5218e+01,8.6777e+01,8.7641e+01,8.9356e+01,9.0870e+01,9.1075e+01,9.2274e+01,9.3763e+01,9.5639e+01,9.5985e+01,9.6465e+01,9.8394e+01,9.8639e+01,1.0033e+02,1.0179e+02,1.0396e+02,1.0577e+02,1.0755e+02,1.0826e+02,1.1041e+02,1.1114e+02,1.1155e+02,1.1223e+02,1.1341e+02,1.1442e+02,1.1550e+02,1.1679e+02,1.1764e+02,1.1862e+02,1.1915e+02,1.1954e+02,1.2037e+02,1.2117e+02,1.2196e+02,1.2278e+02,1.2377e+02,1.2473e+02,1.2580e+02,1.2674e+02,1.2797e+02,1.2870e+02,1.2948e+02,1.3048e+02,1.3094e+02,1.3149e+02,1.3133e+02,1.3104e+02
8.0513e+01,8.0458e+01,8.0474e+01,8.0611e+01,8.0933e+01,8.1096e+01,8.1116e+01,8.1331e+01,8.0989e+01,8.0506e+01,8.0138e+01,7.9816e+01,7.9535e+01,7.9189e+01,7.8800e+01,7.8498e+01,7.8265e+01,7.8037e+01,7.7821e+01,7.7661e+01,7.7728e+01,7.7865e+01,7.8198e+01,7.8379e+01,7.8366e+01,7.8758e+01,7.8838e+01,7.9387e+01,8.0026e+01,8.0040e+01,8.0617e+01,8.1031e+01,8.1514e+01,8.2158e+01,8.2708e+01,8.3469e+01,8.4239e+01,8.5255e+01,8.6624e+01,8.7555e+01,8.7144e+01,8.7742e+01,8.8635e+01,8.8158e+01,8.8398e+01,8.7505e+01,8.6707e+01,8.5698e+01,8.4640e+01,8.3971e+01,8.3595e+01,8.2314e+01,8.2231e+01,8.1328e+01,8.0505e+01,7.9746e+01,7.8996e+01,7.8196e+01,7.7533e+01,7.6997e+01,7.6503e+01,7.6103e+01,7.5888e+01,7.5646e+01,7.5387e+01,7.5421e+01,7.5517e+01,7.5733e+01,7.5800e+01,7.6313e+01,7.6837e+01,7.7365e+01,7.8137e+01,7.8487e+01,7.9436e+01,8.0045e+01,8.1139e+01,8.1425e+01,8.1600e+01,8.1334e+01,8.1909e+01,8.2819e+01,8.3682e+01,8.4475e+01,8.5373e+01,8.6928e+01,8.7791e+01,8.9500e+01,9.1014e+01,9.1223e+01,9.2422e+01,9.3911e+01,9.5784e+01,9.6130e+01,9.6606e+01,9.8532e+01,9.8778e+01,1.0046e+02,1.0192e+02,1.0410e+02,1.0590e+02,1.0768e+02,1.0839e+02,1.1054e+02,1.1127e+02,1.1168e+02,1.1236e+02,1.1353e+02,1.1455e+02,1.1562e+02,1.1692e+02,1.1776e+02,1.1874e+02,1.1927e+02,1.1966e+02,1.2049e+02,1.2129e+02,1.2208e+02,1.2290e+02,1.2388e+02,1.2484e+02,1.2592e+02,1.2685e+02,1.2809e+02,1.2881e+02,1.2959e+02,1.3059e+02,1.3105e+02,1.3160e+02,1.3144e+02,1.3115e+02
8.0688e+01,8.0632e+01,8.0649e+01,8.0783e+01,8.1103e+01,8.1265e+01,8.1283e+01,8.1496e+01,8.1155e+01,8.0674e+01,8.0308e+01,7.9992e+01,7.9712e+01,7.9373e+01,7.8985e+01,7.8688e+01,7.8461e+01,7.8235e+01,7.8024e+01,7.7865e+01,7.7931e+01,7.8066e+01,7.8394e+01,7.8572e+01,7.8557e+01,7.8944e+01,7.9018e+01,7.9564e+01,8.0205e+01,8.0227e+01,8.0804e+01,8.1222e+01,8.1707e+01,8.2346e+01,8.2895e+01,8.3652e+01,8.4420e+01,8.5433e+01,8.6797e+01,8.7728e+01,8.7319e+01,8.7916e+01,8.8805e+01,8.8327e+01,8.8563e+01,8.7673e+01,8.6878e+01,8.5873e+01,8.4822e+01,8.4158e+01,8.3786e+01,8.2508e+01,8.2426e+01,8.1522e+01,8.0701e+01,7.9945e+01,7.9193e+01,7.8396e+01,7.7736e+01,7.7202e+01,7.6708e+01,7.6308e+01,7.6092e+01,7.5849e+01,7.5590e+01,7.5622e+01,7.5717e+01,7.5932e+01,7.5999e+01,7.6512e+01,7.7034e+01,7.7560e+01,7.8329e+01,7.8679e+01,7.9624e+01,8.0231e+01,8.1321e+01,8.1606e+01,8.1781e+01,8.1517e+01,8.2089e+01,8.2995e+01,8.3855e+01,8.4647e+01,8.5545e+01,8.7097e+01,8.7957e+01,8.9664e+01,9.1176e+01,9.1387e+01,9.2586e+01,9.4076e+01,9.5948e+01,9.6294e+01,9.6769e+01,9.8695e+01,9.8941e+01,1.0062e+02,1.0208e+02,1.0426e+02,1.0607e+02,1.0785e+02,1.0855e+02,1.1069e+02,1.1142e+02,1.1182e+02,1.1250e+02,1.1367e+02,1.1468e+02,1.1576e+02,1.1706e+02,1.1790e+02,1.1888e+02,1.1941e+02,1.1979e+02,1.2063e+02,1.2142e+02,1.2221e+02,1.2303e+02,1.2401e+02,1.2497e+02,1.2605e+02,1.2698e+02,1.2821e+02,1.2893e+02,1.2972e+02,1.3071e+02,1.3118e+02,1.3172e+02,1.3156e+02,1.3127e+02
8.0957e+01,8.0899e+01,8.0913e+01,8.1047e+01,8.1362e+01,8.1523e+01,8.1539e+01,8.1749e+01,8.1412e+01,8.0936e+01,8.0574e+01,8.0260e+01,7.9980e+01,7.9646e+01,7.9258e+01,7.8969e+01,7.8743e+01,7.8521e+01,7.8312e+01,7.8157e+01,7.8221e+01,7.8353e+01,7.8678e+01,7.8855e+01,7.8841e+01,7.9226e+01,7.9301e+01,7.9847e+01,8.0488e+01,8.0510e+01,8.1084e+01,8.1502e+01,8.1986e+01,8.2621e+01,8.3168e+01,8.3919e+01,8.4684e+01,8.5692e+01,8.7052e+01,8.7981e+01,8.7575e+01,8.8171e+01,8.9057e+01,8.8580e+01,8.8812e+01,8.7926e+01,8.7135e+01,8.6134e+01,8.5088e+01,8.4427e+01,8.4057e+01,8.2783e+01,8.2701e+01,8.1799e+01,8.0982e+01,8.0228e+01,7.9478e+01,7.8685e+01,7.8029e+01,7.7498e+01,7.7005e+01,7.6607e+01,7.6391e+01,7.6149e+01,7.5892e+01,7.5924e+01,7.6019e+01,7.6233e+01,7.6301e+01,7.6812e+01,7.7332e+01,7.7855e+01,7.8621e+01,7.8971e+01,7.9914e+01,8.0519e+01,8.1607e+01,8.1890e+01,8.2064e+01,8.1800e+01,8.2371e+01,8.3274e+01,8.4134e+01,8.4923e+01,8.5817e+01,8.7368e+01,8.8228e+01,8.9931e+01,9.1441e+01,9.1652e+01,9.2851e+01,9.4339e+01,9.6208e+01,9.6555e+01,9.7030e+01,9.8954e+01,9.9202e+01,1.0088e+02,1.0234e+02,1.0451e+02,1.0631e+02,1.0809e+02,1.0878e+02,1.1092e+02,1.1164e+02,1.1204e+02,1.1271e+02,1.1388e+02,1.1488e+02,1.1596e+02,1.1725e+02,1.1809e+02,1.1906e+02,1.1959e+02,1.1998e+02,1.2081e+02,1.2161e+02,1.2239e+02,1.2321e+02,1.2419e+02,1.2515e+02,1.2622e+02,1.2715e+02,1.2838e+02,1.2910e+02,1.2988e+02,1.3088e+02,1.3134e+02,1.3188e+02,1.3172e+02,1.3143e+02
8.1137e+01,8.1081e+01,8.1096e+01,8.1226e+01,8.1542e+01,8.1700e+01,8.1713e+01,8.1918e+01,8.1583e+01,8.1106e+01,8.0750e+01,8.0438e+01,8.0161e+01,7.9832e+01,7.9447e+01,7.9162e+01,7.8940e+01,7.8720e+01,7.8517e+01,7.8364e+01,7.8431e+01,7.8565e+01,7.8887e+01,7.9063e+01,7.9048e+01,7.9429e+01,7.9500e+01,8.0041e+01,8.0681e+01,8.0707e+01,8.1280e+01,8.1698e+01,8.2181e+01,8.2814e+01,8.3359e+01,8.4111e+01,8.4875e+01,8.5882e+01,8.7237e+01,8.8165e+01,8.7761e+01,8.8352e+01,8.9232e+01,8.8749e+01,8.8976e+01,8.8089e+01,8.7300e+01,8.6301e+01,8.5260e+01,8.4600e+01,8.4232e+01,8.2963e+01,8.2882e+01,8.1984e+01,8.1168e+01,8.0417e+01,7.9670e+01,7.8879e+01,7.8227e+01,7.7699e+01,7.7210e+01,7.6815e+01,7.6601e+01,7.6362e+01,7.6107e+01,7.6141e+01,7.6237e+01,7.6455e+01,7.6524e+01,7.7036e+01,7.7556e+01,7.8075e+01,7.8841e+01,7.9194e+01,8.0137e+01,8.0738e+01,8.1823e+01,8.2105e+01,8.2275e+01,8.2012e+01,8.2583e+01,8.3482e+01,8.4341e+01,8.5128e+01,8.6018e+01,8.7565e+01,8.8425e+01,9.0123e+01,9.1633e+01,9.1848e+01,9.3048e+01,9.4536e+01,9.6404e+01,9.6753e+01,9.7227e+01,9.9150e+01,9.9401e+01,1.0108e+02,1.0254e+02,1.0471e+02,1.0651e+02,1.0828e+02,1.0898e+02,1.1111e+02,1.1183e+02,1.1223e+02,1.1291e+02,1.1407e+02,1.1508e+02,1.1615e+02,1.1745e+02,1.1829e+02,1.1926e+02,1.1979e+02,1.2018e+02,1.2101e+02,1.2180e+02,1.2259e+02,1.2340e+02,1.2438e+02,1.2534e+02,1.2642e+02,1.2734e+02,1.2857e+02,1.2929e+02,1.3007e+02,1.3106e+02,1.3152e+02,1.3207e+02,1.3191e+02,1.3162e+02
8.1336e+01,8.1283e+01,8.1300e+01,8.1431e+01,8.1748e+01,8.1906e+01,8.1920e+01,8.2124e+01,8.1790e+01,8.1316e+01,8.0962e+01,8.0652e+01,8.0375e+01,8.0050e+01,7.9665e+01,7.9382e+01,7.9161e+01,7.8940e+01,7.8739e+01,7.8587e+01,7.8651e+01,7.8784e+01,7.9104e+01,7.9280e+01,7.9265e+01,7.9645e+01,7.9717e+01,8.0253e+01,8.0892e+01,8.0920e+01,8.1491e+01,8.1908e+01,8.2390e+01,8.3018e+01,8.3559e+01,8.4309e+01,8.5067e+01,8.6072e+01,8.7420e+01,8.8345e+01,8.7947e+01,8.8534e+01,8.9407e+01,8.8923e+01,8.9143e+01,8.8258e+01,8.7473e+01,8.6479e+01,8.5444e+01,8.4788e+01,8.4421e+01,8.3158e+01,8.3077e+01,8.2181e+01,8.1368e+01,8.0619e+01,7.9873e+01,7.9084e+01,7.8436e+01,7.7912e+01,7.7426e+01,7.7033e+01,7.6821e+01,7.6584e+01,7.6332e+01,7.6366e+01,7.6464e+01,7.6682e+01,7.6749e+01,7.7258e+01,7.7774e+01,7.8287e+01,7.9050e+01,7.9403e+01,8.0342e+01,8.0940e+01,8.2021e+01,8.2302e+01,8.2469e+01,8.2208e+01,8.2778e+01,8.3674e+01,8.4531e+01,8.5316e+01,8.6202e+01,8.7746e+01,8.8605e+01,9.0300e+01,9.1809e+01,9.2027e+01,9.3229e+01,9.4717e+01,9.6583e+01,9.6933e+01,9.7404e+01,9.9327e+01,9.9580e+01,1.0126e+02,1.0272e+02,1.0489e+02,1.0669e+02,1.0846e+02,1.0916e+02,1.1128e+02,1.1200e+02,1.1240e+02,1.1308e+02,1.1424e+02,1.1525e+02,1.1632e+02,1.1761e+02,1.1845e+02,1.1942e+02,1.1995e+02,1.2034e+02,1.2117e+02,1.2196e+02,1.2274e+02,1.2355e+02,1.2453e+02,1.2549e+02,1.2656e+02,1.2749e+02,1.2871e+02,1.2943e+02,1.3021e+02,1.3120e+02,1.3166e+02,1.3220e+02,1.3204e+02,1.3175e+02
8.1520e+01,8.1470e+01,8.1487e+01,8.1619e+01,8.1937e+01,8.2097e+01,8.2111e+01,8.2315e+01,8.1983e+01,8.1509e+01,8.1158e+01,8.0848e+01,8.0571e+01,8.0249e+01,7.9865e+01,7.9582e+01,7.9363e+01,7.9139e+01,7.8939e+01,7.8786e+01,7.8846e+01,7.8977e+01,7.9293e+01,7.9468e+01,7.9450e+01,7.9829e+01,7.9903e+01,8.0437e+01,8.1071e+01,8.1099e+01,8.1665e+01,8.2082e+01,8.2562e+01,8.3185e+01,8.3724e+01,8.4470e+01,8.5225e+01,8.6226e+01,8.7569e+01,8.8491e+01,8.8101e+01,8.8692e+01,8.9563e+01,8.9082e+01,8.9301e+01,8.8423e+01,8.7642e+01,8.6654e+01,8.5622e+01,8.4971e+01,8.4607e+01,8.3347e+01,8.3265e+01,8.2368e+01,8.1554e+01,8.0807e+01,8.0059e+01,7.9271e+01,7.8626e+01,7.8104e+01,7.7619e+01,7.7226e+01,7.7011e+01,7.6775e+01,7.6523e+01,7.6555e+01,7.6652e+01,7.6867e+01,7.6934e+01,7.7440e+01,7.7952e+01,7.8460e+01,7.9218e+01,7.9571e+01,8.0506e+01,8.1099e+01,8.2175e+01,8.2455e+01,8.2619e+01,8.2359e+01,8.2929e+01,8.3820e+01,8.4676e+01,8.5456e+01,8.6338e+01,8.7877e+01,8.8734e+01,9.0424e+01,9.1929e+01,9.2147e+01,9.3348e+01,9.4835e+01,9.6699e+01,9.7050e+01,9.7520e+01,9.9441e+01,9.9697e+01,1.0137e+02,1.0284e+02,1.0500e+02,1.0680e+02,1.0857e+02,1.0927e+02,1.1140e+02,1.1212e+02,1.1251e+02,1.1319e+02,1.1435e+02,1.1536e+02,1.1643e+02,1.1772e+02,1.1856e+02,1.1953e+02,1.2005e+02,1.2044e+02,1.2127e+02,1.2206e+02,1.2284e+02,1.2365e+02,1.2463e+02,1.2558e+02,1.2665e+02,1.2757e+02,1.2880e+02,1.2951e+02,1.3029e+02,1.3128e+02,1.3174e+02,1.3228e+02,1.3212e+02,1.3183e+02
8.1628e+01,8.1578e+01,8.1597e+01,8.1731e+01,8.2049e+01,8.2211e+01,8.2224e+01,8.2429e+01,8.2097e+01,8.1623e+01,8.1272e+01,8.0961e+01,8.0686e+01,8.0363e+01,7.9980e+01,7.9698e+01,7.9479e+01,7.9254e+01,7.9054e+01,7.8905e+01,7.8966e+01,7.9100e+01,7.9417e+01,7.9594e+01,7.9576e+01,7.9956e+01,8.0031e+01,8.0566e+01,8.1202e+01,8.1232e+01,8.1796e+01,8.2213e+01,8.2690e+01,8.3313e+01,8.3851e+01,8.4597e+01,8.5352e+01,8.6352e+01,8.7693e+01,8.8613e+01,8.8223e+01,8.8813e+01,8.9681e+01,8.9198e+01,8.9416e+01,8.8537e+01,8.7759e+01,8.6773e+01,8.5741e+01,8.5091e+01,8.4726e+01,8.3467e+01,8.3385e+01,8.2489e+01,8.1676e+01,8.0928e+01,8.0179e+01,7.9391e+01,7.8744e+01,7.8225e+01,7.7739e+01,7.7346e+01,7.7131e+01,7.6897e+01,7.6650e+01,7.6682e+01,7.6780e+01,7.6997e+01,7.7064e+01,7.7569e+01,7.8078e+01,7.8581e+01,7.9338e+01,7.9693e+01,8.0628e+01,8.1217e+01,8.2292e+01,8.2573e+01,8.2732e+01,8.2474e+01,8.3047e+01,8.3933e+01,8.4792e+01,8.5569e+01,8.6444e+01,8.7982e+01,8.8842e+01,9.0529e+01,9.2034e+01,9.2253e+01,9.3458e+01,9.4943e+01,9.6807e+01,9.7163e+01,9.7633e+01,9.9556e+01,9.9816e+01,1.0149e+02,1.0296e+02,1.0512e+02,1.0692e+02,1.0869e+02,1.0939e+02,1.1152e+02,1.1224e+02,1.1263e+02,1.1331e+02,1.1447e+02,1.1548e+02,1.1655e+02,1.1784e+02,1.1867e+02,1.1965e+02,1.2017e+02,1.2056e+02,1.2139e+02,1.2218e+02,1.2296e+02,1.2377e+02,1.2475e+02,1.2570e+02,1.2677e+02,1.2769e+02,1.2891e+02,1.2962e+02,1.3040e+02,1.3139e+02,1.3185e+02,1.3239e+02,1.3223e+02,1.3195e+02
8.1807e+01,8.1756e+01,8.1775e+01,8.1908e+01,8.2226e+01,8.2389e+01,8.2398e+01,8.2603e+01,8.2271e+01,8.1800e+01,8.1450e+01,8.1141e+01,8.0866e+01,8.0544e+01,8.0168e+01,7.9888e+01,7.9672e+01,7.9447e+01,7.9251e+01,7.9105e+01,7.9169e+01,7.9306e+01,7.9622e+01,7.9800e+01,7.9781e+01,8.0160e+01,8.0236e+01,8.0768e+01,8.1401e+01,8.1432e+01,8.1993e+01,8.2409e+01,8.2882e+01,8.3502e+01,8.4037e+01,8.4781e+01,8.5533e+01,8.6531e+01,8.7869e+01,8.8787e+01,8.8401e+01,8.8989e+01,8.9854e+01,8.9372e+01,8.9589e+01,8.8711e+01,8.7936e+01,8.6951e+01,8.5921e+01,8.5272e+01,8.4909e+01,8.3652e+01,8.3570e+01,8.2674e+01,8.1863e+01,8.1118e+01,8.0369e+01,7.9585e+01,7.8938e+01,7.8420e+01,7.7935e+01,7.7539e+01,7.7325e+01,7.7089e+01,7.6844e+01,7.6875e+01,7.6971e+01,7.7186e+01,7.7255e+01,7.7757e+01,7.8267e+01,7.8767e+01,7.9521e+01,7.9875e+01,8.0806e+01,8.1389e+01,8.2460e+01,8.2737e+01,8.2892e+01,8.2632e+01,8.3204e+01,8.4084e+01,8.4939e+01,8.5711e+01,8.6582e+01,8.8115e+01,8.8971e+01,9.0653e+01,9.2153e+01,9.2373e+01,9.3577e+01,9.5059e+01,9.6921e+01,9.7279e+01,9.7747e+01,9.9668e+01,9.9930e+01,1.0160e+02,1.0307e+02,1.0524e+02,1.0703e+02,1.0880e+02,1.0950e+02,1.1163e+02,1.1235e+02,1.1274e+02,1.1342e+02,1.1458e+02,1.1559e+02,1.1666e+02,1.1795e+02,1.1878e+02,1.1975e+02,1.2028e+02,1.2067e+02,1.2150e+02,1.2229e+02,1.2306e+02,1.2387e+02,1.2485e+02,1.2580e+02,1.2687e+02,1.2778e+02,1.2901e+02,1.2972e+02,1.3049e+02,1.3148e+02,1.3194e+02,1.3248e+02,1.3233e+02,1.3204e+02
8.2062e+01,8.2011e+01,8.2029e+01,8.2164e+01,8.2482e+01,8.2649e+01,8.2656e+01,8.2862e+01,8.2533e+01,8.2066e+01,8.1719e+01,8.1413e+01,8.1140e+01,8.0820e+01,8.0443e+01,8.0163e+01,7.9946e+01,7.9721e+01,7.9524e+01,7.9381e+01,7.9445e+01,7.9587e+01,7.9903e+01,8.0084e+01,8.0067e+01,8.0449e+01,8.0526e+01,8.1059e+01,8.1692e+01,8.1726e+01,8.2286e+01,8.2702e+01,8.3172e+01,8.3789e+01,8.4321e+01,8.5062e+01,8.5809e+01,8.6804e+01,8.8138e+01,8.9052e+01,8.8668e+01,8.9253e+01,9.0116e+01,8.9633e+01,8.9849e+01,8.8971e+01,8.8196e+01,8.7212e+01,8.6186e+01,8.5535e+01,8.5171e+01,8.3917e+01,8.3833e+01,8.2938e+01,8.2129e+01,8.1386e+01,8.0637e+01,7.9856e+01,7.9208e+01,7.8690e+01,7.8204e+01,7.7806e+01,7.7591e+01,7.7353e+01,7.7110e+01,7.7141e+01,7.7234e+01,7.7448e+01,7.7518e+01,7.8019e+01,7.8529e+01,7.9028e+01,7.9780e+01,8.0133e+01,8.1062e+01,8.1640e+01,8.2707e+01,8.2979e+01,8.3131e+01,8.2869e+01,8.3437e+01,8.4311e+01,8.5163e+01,8.5930e+01,8.6799e+01,8.8327e+01,8.9180e+01,9.0857e+01,9.2352e+01,9.2571e+01,9.3771e+01,9.5249e+01,9.7106e+01,9.7462e+01,9.7929e+01,9.9846e+01,1.0011e+02,1.0178e+02,1.0324e+02,1.0540e+02,1.0719e+02,1.0896e+02,1.0966e+02,1.1178e+02,1.1250e+02,1.1290e+02,1.1357e+02,1.1473e+02,1.1574e+02,1.1680e+02,1.1809e+02,1.1892e+02,1.1989e+02,1.2042e+02,1.2081e+02,1.2163e+02,1.2242e+02,1.2320e+02,1.2400e+02,1.2498e+02,1.2593e+02,1.2699e+02,1.2791e+02,1.2913e+02,1.2984e+02,1.3062e+02,1.3161e+02,1.3207e+02,1.3261e+02,1.3245e+02,1.3216e+02
8.2330e+01,8.2278e+01,8.2295e+01,8.2432e+01,8.2750e+01,8.2919e+01,8.2925e+01,8.3134e+01,8.2806e+01,8.2342e+01,8.1999e+01,8.1696e+01,8.1427e+01,8.1107e+01,8.0734e+01,8.0453e+01,8.0236e+01,8.0012e+01,7.9816e+01,7.9677e+01,7.9744e+01,7.9891e+01,8.0205e+01,8.0390e+01,8.0374e+01,8.0756e+01,8.0836e+01,8.1369e+01,8.1998e+01,8.2033e+01,8.2590e+01,8.3005e+01,8.3472e+01,8.4086e+01,8.4614e+01,8.5353e+01,8.6097e+01,8.7088e+01,8.8419e+01,8.9329e+01,8.8945e+01,8.9526e+01,9.0389e+01,8.9907e+01,9.0123e+01,8.9246e+01,8.8473e+01,8.7492e+01,8.6468e+01,8.5818e+01,8.5455e+01,8.4201e+01,8.4115e+01,8.3221e+01,8.2412e+01,8.1672e+01,8.0923e+01,8.0146e+01,7.9497e+01,7.8979e+01,7.8495e+01,7.8093e+01,7.7877e+01,7.7638e+01,7.7395e+01,7.7425e+01,7.7515e+01,7.7727e+01,7.7799e+01,7.8298e+01,7.8809e+01,7.9307e+01,8.0056e+01,8.0404e+01,8.1330e+01,8.1903e+01,8.2965e+01,8.3232e+01,8.3382e+01,8.3117e+01,8.3680e+01,8.4546e+01,8.5392e+01,8.6153e+01,8.7020e+01,8.8539e+01,8.9386e+01,9.1056e+01,9.2542e+01,9.2758e+01,9.3951e+01,9.5422e+01,9.7272e+01,9.7624e+01,9.8090e+01,9.9999e+01,1.0026e+02,1.0192e+02,1.0338e+02,1.0553e+02,1.0731e+02,1.0907e+02,1.0977e+02,1.1189e+02,1.1261e+02,1.1300e+02,1.1367e+02,1.1483e+02,1.1583e+02,1.1689e+02,1.1817e+02,1.1900e+02,1.1997e+02,1.2049e+02,1.2089e+02,1.2171e+02,1.2249e+02,1.2327e+02,1.2408e+02,1.2505e+02,1.2600e+02,1.2706e+02,1.2798e+02,1.2920e+02,1.2991e+02,1.3068e+02,1.3167e+02,1.3213e+02,1.3267e+02,1.3251e+02,1.3222e+02
8.2570e+01,8.2518e+01,8.2534e+01,8.2673e+01,8.2991e+01,8.3162e+01,8.3171e+01,8.3381e+01,8.3055e+01,8.2592e+01,8.2249e+01,8.1948e+01,8.1679e+01,8.1361e+01,8.0988e+01,8.0705e+01,8.0491e+01,8.0263e+01,8.0066e+01,7.9925e+01,7.9989e+01,8.0138e+01,8.0452e+01,8.0638e+01,8.0621e+01,8.1008e+01,8.1093e+01,8.1623e+01,8.2247e+01,8.2280e+01,8.2833e+01,8.3246e+01,8.3708e+01,8.4322e+01,8.4847e+01,8.5583e+01,8.6325e+01,8.7313e+01,8.8641e+01,8.9547e+01,8.9161e+01,8.9741e+01,9.0601e+01,9.0120e+01,9.0337e+01,8.9463e+01,8.8692e+01,8.7715e+01,8.6694e+01,8.6044e+01,8.5680e+01,8.4428e+01,8.4340e+01,8.3446e+01,8.2639e+01,8.1903e+01,8.1155e+01,8.0382e+01,7.9733e+01,7.9217e+01,7.8737e+01,7.8335e+01,7.8121e+01,7.7883e+01,7.7644e+01,7.7677e+01,7.7768e+01,7.7983e+01,7.8054e+01,7.8553e+01,7.9065e+01,7.9560e+01,8.0309e+01,8.0660e+01,8.1585e+01,8.2154e+01,8.3213e+01,8.3478e+01,8.3623e+01,8.3355e+01,8.3917e+01,8.4780e+01,8.5623e+01,8.6380e+01,8.7245e+01,8.8761e+01,8.9606e+01,9.1273e+01,9.2755e+01,9.2967e+01,9.4157e+01,9.5624e+01,9.7472e+01,9.7824e+01,9.8290e+01,1.0020e+02,1.0046e+02,1.0212e+02,1.0357e+02,1.0572e+02,1.0750e+02,1.0926e+02,1.0996e+02,1.1208e+02,1.1280e+02,1.1319e+02,1.1386e+02,1.1502e+02,1.1601e+02,1.1707e+02,1.1836e+02,1.1918e+02,1.2015e+02,1.2067e+02,1.2106e+02,1.2189e+02,1.2267e+02,1.2344e+02,1.2425e+02,1.2522e+02,1.2617e+02,1.2723e+02,1.2815e+02,1.2936e+02,1.3007e+02,1.3084e+02,1.3183e+02,1.3229e+02,1.3283e+02,1.3267e+02,1.3238e+02
8.2774e+01,8.2724e+01,8.2743e+01,8.2887e+01,8.3207e+01,8.3381e+01,8.3390e+01,8.3602e+01,8.3274e+01,8.2808e+01,8.2463e+01,8.2161e+01,8.1890e+01,8.1569e+01,8.1195e+01,8.0907e+01,8.0691e+01,8.0461e+01,8.0264e+01,8.0122e+01,8.0184e+01,8.0333e+01,8.0645e+01,8.0834e+01,8.0819e+01,8.1208e+01,8.1294e+01,8.1824e+01,8.2446e+01,8.2479e+01,8.3029e+01,8.3439e+01,8.3899e+01,8.4510e+01,8.5033e+01,8.5766e+01,8.6502e+01,8.7487e+01,8.8811e+01,8.9712e+01,8.9329e+01,8.9906e+01,9.0764e+01,9.0284e+01,9.0498e+01,8.9627e+01,8.8860e+01,8.7887e+01,8.6870e+01,8.6223e+01,8.5861e+01,8.4611e+01,8.4522e+01,8.3627e+01,8.2822e+01,8.2089e+01,8.1340e+01,8.0570e+01,7.9923e+01,7.9409e+01,7.8931e+01,7.8527e+01,7.8314e+01,7.8077e+01,7.7839e+01,7.7871e+01,7.7963e+01,7.8176e+01,7.8246e+01,7.8743e+01,7.9254e+01,7.9748e+01,8.0493e+01,8.0842e+01,8.1763e+01,8.2329e+01,8.3384e+01,8.3647e+01,8.3792e+01,8.3525e+01,8.4085e+01,8.4945e+01,8.5786e+01,8.6541e+01,8.7405e+01,8.8918e+01,8.9761e+01,9.1427e+01,9.2906e+01,9.3116e+01,9.4303e+01,9.5768e+01,9.7614e+01,9.7964e+01,9.8431e+01,1.0034e+02,1.0059e+02,1.0226e+02,1.0371e+02,1.0586e+02,1.0764e+02,1.0939e+02,1.1009e+02,1.1220e+02,1.1292e+02,1.1331e+02,1.1398e+02,1.1513e+02,1.1613e+02,1.1719e+02,1.1847e+02,1.1929e+02,1.2026e+02,1.2077e+02,1.2117e+02,1.2199e+02,1.2278e+02,1.2355e+02,1.2435e+02,1.2532e+02,1.2627e+02,1.2733e+02,1.2825e+02,1.2946e+02,1.3017e+02,1.3094e+02,1.3192e+02,1.3238e+02,1.3292e+02,1.3276e+02,1.3248e+02
8.3082e+01,8.3036e+01,8.3059e+01,8.3206e+01,8.3528e+01,8.3704e+01,8.3711e+01,8.3922e+01,8.3596e+01,8.3131e+01,8.2785e+01,8.2486e+01,8.2217e+01,8.1899e+01,8.1524e+01,8.1236e+01,8.1019e+01,8.0787e+01,8.0590e+01,8.0446e+01,8.0507e+01,8.0657e+01,8.0966e+01,8.1157e+01,8.1143e+01,8.1533e+01,8.1620e+01,8.2148e+01,8.2765e+01,8.2797e+01,8.3341e+01,8.3748e+01,8.4206e+01,8.4814e+01,8.5335e+01,8.6064e+01,8.6795e+01,8.7775e+01,8.9092e+01,8.9989e+01,8.9609e+01,9.0185e+01,9.1039e+01,9.0563e+01,9.0779e+01,8.9912e+01,8.9148e+01,8.8180e+01,8.7165e+01,8.6521e+01,8.6160e+01,8.4913e+01,8.4823e+01,8.3928e+01,8.3125e+01,8.2394e+01,8.1645e+01,8.0878e+01,8.0233e+01,7.9721e+01,7.9244e+01,7.8840e+01,7.8628e+01,7.8393e+01,7.8156e+01,7.8189e+01,7.8279e+01,7.8492e+01,7.8563e+01,7.9058e+01,7.9568e+01,8.0059e+01,8.0803e+01,8.1151e+01,8.2069e+01,8.2630e+01,8.3681e+01,8.3939e+01,8.4079e+01,8.3810e+01,8.4366e+01,8.5219e+01,8.6055e+01,8.6803e+01,8.7664e+01,8.9168e+01,9.0004e+01,9.1662e+01,9.3132e+01,9.3339e+01,9.4519e+01,9.5978e+01,9.7815e+01,9.8162e+01,9.8627e+01,1.0053e+02,1.0078e+02,1.0244e+02,1.0389e+02,1.0603e+02,1.0780e+02,1.0956e+02,1.1025e+02,1.1236e+02,1.1307e+02,1.1346e+02,1.1413e+02,1.1529e+02,1.1628e+02,1.1734e+02,1.1862e+02,1.1944e+02,1.2040e+02,1.2092e+02,1.2131e+02,1.2213e+02,1.2291e+02,1.2368e+02,1.2449e+02,1.2546e+02,1.2641e+02,1.2746e+02,1.2838e+02,1.2959e+02,1.3030e+02,1.3107e+02,1.3205e+02,1.3251e+02,1.3304e+02,1.3289e+02,1.3260e+02
8.3289e+01,8.3241e+01,8.3262e+01,8.3409e+01,8.3729e+01,8.3904e+01,8.3910e+01,8.4120e+01,8.3795e+01,8.3329e+01,8.2981e+01,8.2681e+01,8.2410e+01,8.2093e+01,8.1718e+01,8.1428e+01,8.1212e+01,8.0978e+01,8.0779e+01,8.0632e+01,8.0691e+01,8.0842e+01,8.1151e+01,8.1344e+01,8.1329e+01,8.1722e+01,8.1813e+01,8.2342e+01,8.2958e+01,8.2987e+01,8.3529e+01,8.3934e+01,8.4390e+01,8.4995e+01,8.5514e+01,8.6239e+01,8.6966e+01,8.7940e+01,8.9254e+01,9.0148e+01,8.9770e+01,9.0348e+01,9.1200e+01,9.0726e+01,9.0940e+01,9.0077e+01,8.9318e+01,8.8355e+01,8.7343e+01,8.6702e+01,8.6343e+01,8.5097e+01,8.5006e+01,8.4109e+01,8.3307e+01,8.2576e+01,8.1824e+01,8.1059e+01,8.0412e+01,7.9900e+01,7.9423e+01,7.9018e+01,7.8807e+01,7.8571e+01,7.8335e+01,7.8369e+01,7.8457e+01,7.8669e+01,7.8741e+01,7.9236e+01,7.9746e+01,8.0237e+01,8.0980e+01,8.1326e+01,8.2243e+01,8.2801e+01,8.3849e+01,8.4105e+01,8.4245e+01,8.3975e+01,8.4529e+01,8.5380e+01,8.6213e+01,8.6960e+01,8.7820e+01,8.9321e+01,9.0155e+01,9.1811e+01,9.3277e+01,9.3483e+01,9.4659e+01,9.6114e+01,9.7949e+01,9.8295e+01,9.8762e+01,1.0066e+02,1.0091e+02,1.0257e+02,1.0402e+02,1.0616e+02,1.0793e+02,1.0968e+02,1.1038e+02,1.1248e+02,1.1319e+02,1.1357e+02,1.1425e+02,1.1540e+02,1.1640e+02,1.1745e+02,1.1873e+02,1.1955e+02,1.2051e+02,1.2102e+02,1.2142e+02,1.2224e+02,1.2302e+02,1.2379e+02,1.2460e+02,1.2556e+02,1.2651e+02,1.2757e+02,1.2848e+02,1.2969e+02,1.3039e+02,1.3116e+02,1.3214e+02,1.3260e+02,1.3313e+02,1.3298e+02,1.3269e+02
8.3557e+01,8.3506e+01,8.3528e+01,8.3676e+01,8.3995e+01,8.4171e+01,8.4177e+01,8.4389e+01,8.4066e+01,8.3599e+01,8.3249e+01,8.2949e+01,8.2679e+01,8.2362e+01,8.1985e+01,8.1696e+01,8.1481e+01,8.1246e+01,8.1046e+01,8.0898e+01,8.0956e+01,8.1106e+01,8.1413e+01,8.1607e+01,8.1591e+01,8.1989e+01,8.2079e+01,8.2609e+01,8.3222e+01,8.3248e+01,8.3783e+01,8.4187e+01,8.4640e+01,8.5241e+01,8.5758e+01,8.6477e+01,8.7202e+01,8.8172e+01,8.9483e+01,9.0374e+01,8.9997e+01,9.0575e+01,9.1428e+01,9.0958e+01,9.1172e+01,9.0313e+01,8.9559e+01,8.8599e+01,8.7587e+01,8.6951e+01,8.6590e+01,8.5346e+01,8.5254e+01,8.4358e+01,8.3557e+01,8.2828e+01,8.2078e+01,8.1316e+01,8.0670e+01,8.0159e+01,7.9686e+01,7.9280e+01,7.9073e+01,7.8840e+01,7.8605e+01,7.8641e+01,7.8731e+01,7.8944e+01,7.9016e+01,7.9511e+01,8.0022e+01,8.0513e+01,8.1256e+01,8.1602e+01,8.2517e+01,8.3075e+01,8.4122e+01,8.4376e+01,8.4517e+01,8.4246e+01,8.4796e+01,8.5645e+01,8.6474e+01,8.7220e+01,8.8080e+01,8.9577e+01,9.0406e+01,9.2057e+01,9.3520e+01,9.3725e+01,9.4898e+01,9.6350e+01,9.8178e+01,9.8522e+01,9.8987e+01,1.0088e+02,1.0113e+02,1.0278e+02,1.0422e+02,1.0636e+02,1.0813e+02,1.0988e+02,1.1057e+02,1.1267e+02,1.1338e+02,1.1375e+02,1.1442e+02,1.1557e+02,1.1656e+02,1.1762e+02,1.1888e+02,1.1971e+02,1.2066e+02,1.2117e+02,1.2157e+02,1.2239e+02,1.2317e+02,1.2393e+02,1.2474e+02,1.2570e+02,1.2665e+02,1.2770e+02,1.2861e+02,1.2982e+02,1.3052e+02,1.3129e+02,1.3227e+02,1.3272e+02,1.3326e+02,1.3310e+02,1.3282e+02
8.3840e+01,8.3789e+01,8.3813e+01,8.3963e+01,8.4283e+01,8.4461e+01,8.4468e+01,8.4680e+01,8.4359e+01,8.3888e+01,8.3536e+01,8.3237e+01,8.2967e+01,8.2648e+01,8.2270e+01,8.1979e+01,8.1762e+01,8.1525e+01,8.1320e+01,8.1172e+01,8.1230e+01,8.1380e+01,8.1687e+01,8.1881e+01,8.1862e+01,8.2261e+01,8.2351e+01,8.2881e+01,8.3492e+01,8.3519e+01,8.4051e+01,8.4454e+01,8.4904e+01,8.5500e+01,8.6015e+01,8.6726e+01,8.7446e+01,8.8409e+01,8.9716e+01,9.0603e+01,9.0230e+01,9.0809e+01,9.1661e+01,9.1196e+01,9.1412e+01,9.0559e+01,8.9807e+01,8.8853e+01,8.7842e+01,8.7209e+01,8.6846e+01,8.5605e+01,8.5511e+01,8.4615e+01,8.3816e+01,8.3088e+01,8.2337e+01,8.1577e+01,8.0930e+01,8.0421e+01,7.9948e+01,7.9542e+01,7.9336e+01,7.9103e+01,7.8871e+01,7.8907e+01,7.8996e+01,7.9208e+01,7.9281e+01,7.9774e+01,8.0285e+01,8.0774e+01,8.1516e+01,8.1860e+01,8.2773e+01,8.3326e+01,8.4370e+01,8.4619e+01,8.4756e+01,8.4481e+01,8.5028e+01,8.5870e+01,8.6695e+01,8.7434e+01,8.8294e+01,8.9784e+01,9.0609e+01,9.2256e+01,9.3712e+01,9.3914e+01,9.5080e+01,9.6528e+01,9.8351e+01,9.8693e+01,9.9157e+01,1.0105e+02,1.0130e+02,1.0295e+02,1.0438e+02,1.0652e+02,1.0829e+02,1.1003e+02,1.1072e+02,1.1282e+02,1.1352e+02,1.1389e+02,1.1456e+02,1.1571e+02,1.1670e+02,1.1775e+02,1.1901e+02,1.1983e+02,1.2079e+02,1.2130e+02,1.2170e+02,1.2251e+02,1.2329e+02,1.2406e+02,1.2486e+02,1.2583e+02,1.2678e+02,1.2783e+02,1.2874e+02,1.2995e+02,1.3064e+02,1.3141e+02,1.3239e+02,1.3284e+02,1.3338e+02,1.3322e+02,1.3293e+02
8.4097e+01,8.4045e+01,8.4073e+01,8.4221e+01,8.4541e+01,8.4720e+01,8.4725e+01,8.4938e+01,8.4617e+01,8.4146e+01,8.3792e+01,8.3492e+01,8.3223e+01,8.2905e+01,8.2527e+01,8.2237e+01,8.2021e+01,8.1784e+01,8.1578e+01,8.1428e+01,8.1484e+01,8.1632e+01,8.1936e+01,8.2129e+01,8.2107e+01,8.2505e+01,8.2595e+01,8.3123e+01,8.3733e+01,8.3759e+01,8.4289e+01,8.4695e+01,8.5145e+01,8.5737e+01,8.6251e+01,8.6956e+01,8.7675e+01,8.8634e+01,8.9939e+01,9.0826e+01,9.0456e+01,9.1039e+01,9.1890e+01,9.1430e+01,9.1645e+01,9.0797e+01,9.0048e+01,8.9097e+01,8.8086e+01,8.7456e+01,8.7093e+01,8.5853e+01,8.5759e+01,8.4863e+01,8.4064e+01,8.3338e+01,8.2586e+01,8.1828e+01,8.1181e+01,8.0672e+01,8.0201e+01,7.9795e+01,7.9588e+01,7.9357e+01,7.9124e+01,7.9159e+01,7.9248e+01,7.9459e+01,7.9530e+01,8.0020e+01,8.0529e+01,8.1015e+01,8.1754e+01,8.2098e+01,8.3009e+01,8.3559e+01,8.4600e+01,8.4847e+01,8.4982e+01,8.4706e+01,8.5252e+01,8.6091e+01,8.6913e+01,8.7650e+01,8.8508e+01,8.9995e+01,9.0817e+01,9.2461e+01,9.3912e+01,9.4114e+01,9.5278e+01,9.6722e+01,9.8541e+01,9.8884e+01,9.9346e+01,1.0123e+02,1.0148e+02,1.0313e+02,1.0456e+02,1.0670e+02,1.0846e+02,1.1020e+02,1.1088e+02,1.1297e+02,1.1368e+02,1.1404e+02,1.1471e+02,1.1585e+02,1.1684e+02,1.1789e+02,1.1915e+02,1.1997e+02,1.2092e+02,1.2143e+02,1.2183e+02,1.2264e+02,1.2342e+02,1.2419e+02,1.2499e+02,1.2596e+02,1.2690e+02,1.2795e+02,1.2886e+02,1.3006e+02,1.3076e+02,1.3152e+02,1.3251e+02,1.3296e+02,1.3350e+02,1.3334e+02,1.3305e+02
8.4194e+01,8.4141e+01,8.4164e+01,8.4310e+01,8.4625e+01,8.4803e+01,8.4807e+01,8.5020e+01,8.4701e+01,8.4231e+01,8.3876e+01,8.3578e+01,8.3312e+01,8.2996e+01,8.2621e+01,8.2331e+01,8.2117e+01,8.1881e+01,8.1676e+01,8.1527e+01,8.1584e+01,8.1730e+01,8.2031e+01,8.2221e+01,8.2198e+01,8.2593e+01,8.2681e+01,8.3208e+01,8.3818e+01,8.3846e+01,8.4376e+01,8.4781e+01,8.5232e+01,8.5823e+01,8.6338e+01,8.7043e+01,8.7761e+01,8.8722e+01,9.0027e+01,9.0915e+01,9.0544e+01,9.1126e+01,9.1980e+01,9.1517e+01,9.1734e+01,9.0882e+01,9.0130e+01,8.9176e+01,8.8164e+01,8.7534e+01,8.7172e+01,8.5933e+01,8.5841e+01,8.4950e+01,8.4153e+01,8.3427e+01,8.2681e+01,8.1923e+01,8.1278e+01,8.0769e+01,8.0300e+01,7.9895e+01,7.9691e+01,7.9461e+01,7.9227e+01,7.9263e+01,7.9354e+01,7.9567e+01,7.9638e+01,8.0131e+01,8.0642e+01,8.1133e+01,8.1873e+01,8.2215e+01,8.3126e+01,8.3679e+01,8.4719e+01,8.4965e+01,8.5105e+01,8.4829e+01,8.5370e+01,8.6210e+01,8.7028e+01,8.7767e+01,8.8627e+01,9.0111e+01,9.0930e+01,9.2570e+01,9.4021e+01,9.4224e+01,9.5385e+01,9.6829e+01,9.8644e+01,9.8982e+01,9.9441e+01,1.0132e+02,1.0156e+02,1.0321e+02,1.0464e+02,1.0677e+02,1.0853e+02,1.1027e+02,1.1095e+02,1.1304e+02,1.1374e+02,1.1410e+02,1.1476e+02,1.1591e+02,1.1689e+02,1.1794e+02,1.1920e+02,1.2001e+02,1.2096e+02,1.2148e+02,1.2188e+02,1.2269e+02,1.2347e+02,1.2423e+02,1.2504e+02,1.2600e+02,1.2695e+02,1.2799e+02,1.2890e+02,1.3011e+02,1.3081e+02,1.3157e+02,1.3255e+02,1.3300e+02,1.3354e+02,1.3338e+02,1.3310e+02
8.4431e+01,8.4376e+01,8.4399e+01,8.4543e+01,8.4856e+01,8.5034e+01,8.5037e+01,8.5252e+01,8.4936e+01,8.4468e+01,8.4112e+01,8.3818e+01,8.3551e+01,8.3234e+01,8.2861e+01,8.2575e+01,8.2363e+01,8.2128e+01,8.1922e+01,8.1775e+01,8.1832e+01,8.1981e+01,8.2282e+01,8.2473e+01,8.2450e+01,8.2844e+01,8.2932e+01,8.3458e+01,8.4065e+01,8.4093e+01,8.4619e+01,8.5024e+01,8.5474e+01,8.6064e+01,8.6578e+01,8.7276e+01,8.7993e+01,8.8947e+01,9.0250e+01,9.1139e+01,9.0771e+01,9.1351e+01,9.2203e+01,9.1741e+01,9.1959e+01,9.1107e+01,9.0356e+01,8.9402e+01,8.8391e+01,8.7759e+01,8.7395e+01,8.6157e+01,8.6065e+01,8.5175e+01,8.4380e+01,8.3657e+01,8.2912e+01,8.2157e+01,8.1512e+01,8.1004e+01,8.0538e+01,8.0132e+01,7.9931e+01,7.9702e+01,7.9468e+01,7.9507e+01,7.9598e+01,7.9813e+01,7.9886e+01,8.0381e+01,8.0895e+01,8.1388e+01,8.2131e+01,8.2472e+01,8.3385e+01,8.3937e+01,8.4977e+01,8.5220e+01,8.5360e+01,8.5081e+01,8.5618e+01,8.6454e+01,8.7268e+01,8.8004e+01,8.8865e+01,9.0344e+01,9.1156e+01,9.2792e+01,9.4237e+01,9.4437e+01,9.5592e+01,9.7032e+01,9.8838e+01,9.9172e+01,9.9629e+01,1.0150e+02,1.0174e+02,1.0338e+02,1.0480e+02,1.0692e+02,1.0868e+02,1.1041e+02,1.1109e+02,1.1317e+02,1.1387e+02,1.1423e+02,1.1489e+02,1.1603e+02,1.1701e+02,1.1805e+02,1.1931e+02,1.2012e+02,1.2107e+02,1.2159e+02,1.2198e+02,1.2280e+02,1.2357e+02,1.2433e+02,1.2514e+02,1.2611e+02,1.2705e+02,1.2809e+02,1.2900e+02,1.3021e+02,1.3090e+02,1.3166e+02,1.3264e+02,1.3310e+02,1.3363e+02,1.3348e+02,1.3319e+02
8.4702e+01,8.4646e+01,8.4666e+01,8.4810e+01,8.5122e+01,8.5299e+01,8.5302e+01,8.5517e+01,8.5199e+01,8.4733e+01,8.4379e+01,8.4086e+01,8.3820e+01,8.3504e+01,8.3132e+01,8.2847e+01,8.2635e+01,8.2400e+01,8.2193e+01,8.2047e+01,8.2108e+01,8.2255e+01,8.2555e+01,8.2745e+01,8.2722e+01,8.3114e+01,8.3198e+01,8.3722e+01,8.4327e+01,8.4355e+01,8.4878e+01,8.5282e+01,8.5731e+01,8.6319e+01,8.6835e+01,8.7530e+01,8.8249e+01,8.9203e+01,9.0508e+01,9.1402e+01,9.1031e+01,9.1608e+01,9.2459e+01,9.1995e+01,9.2212e+01,9.1358e+01,9.0604e+01,8.9647e+01,8.8637e+01,8.8003e+01,8.7637e+01,8.6402e+01,8.6311e+01,8.5425e+01,8.4630e+01,8.3909e+01,8.3167e+01,8.2415e+01,8.1774e+01,8.1267e+01,8.0804e+01,8.0401e+01,8.0202e+01,7.9974e+01,7.9739e+01,7.9781e+01,7.9873e+01,8.0091e+01,8.0167e+01,8.0665e+01,8.1182e+01,8.1676e+01,8.2421e+01,8.2763e+01,8.3677e+01,8.4229e+01,8.5269e+01,8.5510e+01,8.5648e+01,8.5367e+01,8.5902e+01,8.6734e+01,8.7544e+01,8.8275e+01,8.9136e+01,9.0610e+01,9.1417e+01,9.3048e+01,9.4486e+01,9.4685e+01,9.5833e+01,9.7270e+01,9.9069e+01,9.9400e+01,9.9856e+01,1.0172e+02,1.0195e+02,1.0359e+02,1.0500e+02,1.0712e+02,1.0887e+02,1.1060e+02,1.1127e+02,1.1335e+02,1.1404e+02,1.1440e+02,1.1506e+02,1.1620e+02,1.1717e+02,1.1821e+02,1.1947e+02,1.2028e+02,1.2123e+02,1.2175e+02,1.2214e+02,1.2296e+02,1.2373e+02,1.2449e+02,1.2530e+02,1.2626e+02,1.2721e+02,1.2825e+02,1.2916e+02,1.3036e+02,1.3106e+02,1.3182e+02,1.3280e+02,1.3325e+02,1.3379e+02,1.3363e+02,1.3335e+02
8.4865e+01,8.4807e+01,8.4828e+01,8.4969e+01,8.5279e+01,8.5454e+01,8.5459e+01,8.5672e+01,8.5355e+01,8.4891e+01,8.4539e+01,8.4250e+01,8.3986e+01,8.3672e+01,8.3299e+01,8.3016e+01,8.2805e+01,8.2569e+01,8.2363e+01,8.2217e+01,8.2277e+01,8.2425e+01,8.2722e+01,8.2910e+01,8.2885e+01,8.3272e+01,8.3354e+01,8.3875e+01,8.4480e+01,8.4510e+01,8.5034e+01,8.5440e+01,8.5893e+01,8.6476e+01,8.6991e+01,8.7683e+01,8.8396e+01,8.9350e+01,9.0647e+01,9.1538e+01,9.1170e+01,9.1744e+01,9.2591e+01,9.2127e+01,9.2343e+01,9.1491e+01,9.0741e+01,8.9786e+01,8.8780e+01,8.8148e+01,8.7783e+01,8.6551e+01,8.6460e+01,8.5578e+01,8.4785e+01,8.4065e+01,8.3327e+01,8.2575e+01,8.1936e+01,8.1428e+01,8.0968e+01,8.0567e+01,8.0370e+01,8.0144e+01,7.9909e+01,7.9952e+01,8.0047e+01,8.0266e+01,8.0338e+01,8.0838e+01,8.1353e+01,8.1848e+01,8.2594e+01,8.2937e+01,8.3851e+01,8.4407e+01,8.5448e+01,8.5692e+01,8.5834e+01,8.5555e+01,8.6091e+01,8.6926e+01,8.7736e+01,8.8469e+01,8.9329e+01,9.0801e+01,9.1606e+01,9.3235e+01,9.4670e+01,9.4869e+01,9.6016e+01,9.7451e+01,9.9246e+01,9.9573e+01,1.0002e+02,1.0188e+02,1.0211e+02,1.0374e+02,1.0515e+02,1.0726e+02,1.0901e+02,1.1073e+02,1.1140e+02,1.1348e+02,1.1417e+02,1.1452e+02,1.1518e+02,1.1631e+02,1.1729e+02,1.1832e+02,1.1958e+02,1.2039e+02,1.2134e+02,1.2185e+02,1.2225e+02,1.2306e+02,1.2384e+02,1.2460e+02,1.2540e+02,1.2637e+02,1.2731e+02,1.2835e+02,1.2926e+02,1.3046e+02,1.3116e+02,1.3191e+02,1.3289e+02,1.3335e+02,1.3388e+02,1.3372e+02,1.3344e+02
8.4996e+01,8.4940e+01,8.4965e+01,8.5103e+01,8.5415e+01,8.5588e+01,8.5592e+01,8.5802e+01,8.5485e+01,8.5020e+01,8.4671e+01,8.4383e+01,8.4122e+01,8.3810e+01,8.3438e+01,8.3155e+01,8.2942e+01,8.2706e+01,8.2500e+01,8.2354e+01,8.2415e+01,8.2561e+01,8.2858e+01,8.3044e+01,8.3020e+01,8.3405e+01,8.3487e+01,8.4008e+01,8.4616e+01,8.4647e+01,8.5175e+01,8.5581e+01,8.6034e+01,8.6614e+01,8.7128e+01,8.7822e+01,8.8530e+01,8.9485e+01,9.0771e+01,9.1655e+01,9.1290e+01,9.1862e+01,9.2706e+01,9.2244e+01,9.2460e+01,9.1611e+01,9.0864e+01,8.9912e+01,8.8908e+01,8.8278e+01,8.7914e+01,8.6684e+01,8.6597e+01,8.5718e+01,8.4928e+01,8.4208e+01,8.3473e+01,8.2722e+01,8.2081e+01,8.1573e+01,8.1112e+01,8.0712e+01,8.0516e+01,8.0293e+01,8.0059e+01,8.0102e+01,8.0199e+01,8.0419e+01,8.0488e+01,8.0986e+01,8.1499e+01,8.1992e+01,8.2737e+01,8.3082e+01,8.3995e+01,8.4552e+01,8.5592e+01,8.5840e+01,8.5982e+01,8.5707e+01,8.6244e+01,8.7082e+01,8.7891e+01,8.8627e+01,8.9484e+01,9.0955e+01,9.1761e+01,9.3387e+01,9.4820e+01,9.5021e+01,9.6166e+01,9.7601e+01,9.9394e+01,9.9718e+01,1.0017e+02,1.0202e+02,1.0225e+02,1.0387e+02,1.0528e+02,1.0739e+02,1.0914e+02,1.1085e+02,1.1153e+02,1.1361e+02,1.1429e+02,1.1465e+02,1.1530e+02,1.1644e+02,1.1741e+02,1.1845e+02,1.1970e+02,1.2051e+02,1.2145e+02,1.2197e+02,1.2237e+02,1.2318e+02,1.2395e+02,1.2471e+02,1.2552e+02,1.2648e+02,1.2742e+02,1.2846e+02,1.2936e+02,1.3057e+02,1.3126e+02,1.3201e+02,1.3299e+02,1.3344e+02,1.3397e+02,1.3382e+02,1.3354e+02
8.5277e+01,8.5224e+01,8.5244e+01,8.5375e+01,8.5683e+01,8.5850e+01,8.5853e+01,8.6058e+01,8.5742e+01,8.5282e+01,8.4938e+01,8.4653e+01,8.4393e+01,8.4082e+01,8.3710e+01,8.3430e+01,8.3218e+01,8.2984e+01,8.2779e+01,8.2635e+01,8.2696e+01,8.2840e+01,8.3139e+01,8.3317e+01,8.3292e+01,8.3670e+01,8.3750e+01,8.4268e+01,8.4873e+01,8.4904e+01,8.5429e+01,8.5835e+01,8.6288e+01,8.6863e+01,8.7375e+01,8.8067e+01,8.8772e+01,8.9727e+01,9.1008e+01,9.1888e+01,9.1526e+01,9.2094e+01,9.2932e+01,9.2472e+01,9.2682e+01,9.1837e+01,9.1097e+01,9.0149e+01,8.9154e+01,8.8527e+01,8.8169e+01,8.6945e+01,8.6863e+01,8.5990e+01,8.5205e+01,8.4487e+01,8.3755e+01,8.3008e+01,8.2371e+01,8.1866e+01,8.1406e+01,8.1013e+01,8.0819e+01,8.0602e+01,8.0369e+01,8.0413e+01,8.0515e+01,8.0736e+01,8.0801e+01,8.1298e+01,8.1807e+01,8.2297e+01,8.3042e+01,8.3388e+01,8.4299e+01,8.4859e+01,8.5899e+01,8.6150e+01,8.6295e+01,8.6024e+01,8.6562e+01,8.7403e+01,8.8212e+01,8.8950e+01,8.9806e+01,9.1276e+01,9.2082e+01,9.3704e+01,9.5137e+01,9.5340e+01,9.6485e+01,9.7919e+01,9.9707e+01,1.0003e+02,1.0048e+02,1.0233e+02,1.0255e+02,1.0417e+02,1.0557e+02,1.0767e+02,1.0942e+02,1.1113e+02,1.1180e+02,1.1387e+02,1.1455e+02,1.1491e+02,1.1556e+02,1.1669e+02,1.1766e+02,1.1870e+02,1.1995e+02,1.2075e+02,1.2169e+02,1.2221e+02,1.2261e+02,1.2342e+02,1.2419e+02,1.2495e+02,1.2575e+02,1.2671e+02,1.2765e+02,1.2868e+02,1.2958e+02,1.3078e+02,1.3147e+02,1.3222e+02,1.3320e+02,1.3365e+02,1.3418e+02,1.3402e+02,1.3375e+02
8.5545e+01,8.5495e+01,8.5515e+01,8.5641e+01,8.5948e+01,8.6112e+01,8.6113e+01,8.6312e+01,8.5994e+01,8.5536e+01,8.5193e+01,8.4912e+01,8.4651e+01,8.4340e+01,8.3969e+01,8.3690e+01,8.3476e+01,8.3241e+01,8.3033e+01,8.2885e+01,8.2942e+01,8.3082e+01,8.3379e+01,8.3549e+01,8.3520e+01,8.3892e+01,8.3970e+01,8.4487e+01,8.5091e+01,8.5122e+01,8.5647e+01,8.6056e+01,8.6511e+01,8.7085e+01,8.7600e+01,8.8288e+01,8.8994e+01,8.9949e+01,9.1229e+01,9.2107e+01,9.1746e+01,9.2315e+01,9.3153e+01,9.2695e+01,9.2903e+01,9.2063e+01,9.1326e+01,9.0383e+01,8.9390e+01,8.8768e+01,8.8414e+01,8.7193e+01,8.7114e+01,8.6241e+01,8.5460e+01,8.4740e+01,8.4007e+01,8.3259e+01,8.2623e+01,8.2121e+01,8.1659e+01,8.1267e+01,8.1071e+01,8.0856e+01,8.0623e+01,8.0664e+01,8.0768e+01,8.0986e+01,8.1047e+01,8.1539e+01,8.2041e+01,8.2524e+01,8.3266e+01,8.3614e+01,8.4522e+01,8.5080e+01,8.6119e+01,8.6373e+01,8.6518e+01,8.6251e+01,8.6792e+01,8.7635e+01,8.8447e+01,8.9186e+01,9.0035e+01,9.1504e+01,9.2314e+01,9.3932e+01,9.5365e+01,9.5571e+01,9.6720e+01,9.8152e+01,9.9940e+01,1.0027e+02,1.0071e+02,1.0256e+02,1.0279e+02,1.0441e+02,1.0581e+02,1.0791e+02,1.0965e+02,1.1135e+02,1.1203e+02,1.1409e+02,1.1477e+02,1.1512e+02,1.1578e+02,1.1691e+02,1.1788e+02,1.1891e+02,1.2016e+02,1.2096e+02,1.2190e+02,1.2241e+02,1.2281e+02,1.2361e+02,1.2438e+02,1.2514e+02,1.2594e+02,1.2690e+02,1.2783e+02,1.2886e+02,1.2976e+02,1.3096e+02,1.3164e+02,1.3240e+02,1.3337e+02,1.3382e+02,1.3435e+02,1.3419e+02,1.3392e+02
8.5838e+01,8.5790e+01,8.5808e+01,8.5933e+01,8.6237e+01,8.6398e+01,8.6398e+01,8.6593e+01,8.6275e+01,8.5818e+01,8.5477e+01,8.5194e+01,8.4936e+01,8.4627e+01,8.4254e+01,8.3976e+01,8.3760e+01,8.3524e+01,8.3315e+01,8.3169e+01,8.3225e+01,8.3362e+01,8.3660e+01,8.3824e+01,8.3793e+01,8.4161e+01,8.4239e+01,8.4756e+01,8.5359e+01,8.5391e+01,8.5915e+01,8.6323e+01,8.6779e+01,8.7349e+01,8.7859e+01,8.8544e+01,8.9244e+01,9.0197e+01,9.1473e+01,9.2347e+01,9.1988e+01,9.2554e+01,9.3390e+01,9.2933e+01,9.3137e+01,9.2301e+01,9.1572e+01,9.0634e+01,8.9648e+01,8.9030e+01,8.8678e+01,8.7462e+01,8.7386e+01,8.6515e+01,8.5738e+01,8.5019e+01,8.4289e+01,8.3543e+01,8.2908e+01,8.2407e+01,8.1948e+01,8.1558e+01,8.1364e+01,8.1151e+01,8.0920e+01,8.0962e+01,8.1068e+01,8.1288e+01,8.1348e+01,8.1839e+01,8.2340e+01,8.2822e+01,8.3563e+01,8.3911e+01,8.4818e+01,8.5375e+01,8.6412e+01,8.6667e+01,8.6810e+01,8.6543e+01,8.7084e+01,8.7925e+01,8.8736e+01,8.9473e+01,9.0321e+01,9.1787e+01,9.2597e+01,9.4212e+01,9.5642e+01,9.5846e+01,9.6991e+01,9.8420e+01,1.0020e+02,1.0053e+02,1.0097e+02,1.0282e+02,1.0305e+02,1.0466e+02,1.0606e+02,1.0815e+02,1.0989e+02,1.1159e+02,1.1226e+02,1.1432e+02,1.1500e+02,1.1535e+02,1.1600e+02,1.1713e+02,1.1810e+02,1.1913e+02,1.2038e+02,1.2117e+02,1.2211e+02,1.2262e+02,1.2302e+02,1.2383e+02,1.2459e+02,1.2535e+02,1.2615e+02,1.2710e+02,1.2804e+02,1.2906e+02,1.2996e+02,1.3116e+02,1.3184e+02,1.3259e+02,1.3356e+02,1.3400e+02,1.3453e+02,1.3438e+02,1.3411e+02
8.6087e+01,8.6042e+01,8.6059e+01,8.6182e+01,8.6484e+01,8.6645e+01,8.6645e+01,8.6839e+01,8.6521e+01,8.6063e+01,8.5720e+01,8.5436e+01,8.5178e+01,8.4868e+01,8.4495e+01,8.4219e+01,8.4004e+01,8.3765e+01,8.3554e+01,8.3408e+01,8.3461e+01,8.3595e+01,8.3896e+01,8.4055e+01,8.4023e+01,8.4388e+01,8.4468e+01,8.4985e+01,8.5586e+01,8.5616e+01,8.6137e+01,8.6545e+01,8.7002e+01,8.7569e+01,8.8079e+01,8.8765e+01,8.9462e+01,9.0415e+01,9.1687e+01,9.2559e+01,9.2200e+01,9.2762e+01,9.3595e+01,9.3139e+01,9.3340e+01,9.2508e+01,9.1785e+01,9.0851e+01,8.9870e+01,8.9252e+01,8.8903e+01,8.7689e+01,8.7615e+01,8.6743e+01,8.5970e+01,8.5252e+01,8.4522e+01,8.3780e+01,8.3144e+01,8.2644e+01,8.2185e+01,8.1796e+01,8.1603e+01,8.1392e+01,8.1160e+01,8.1203e+01,8.1309e+01,8.1528e+01,8.1587e+01,8.2076e+01,8.2576e+01,8.3055e+01,8.3795e+01,8.4142e+01,8.5048e+01,8.5602e+01,8.6638e+01,8.6892e+01,8.7030e+01,8.6762e+01,8.7303e+01,8.8142e+01,8.8952e+01,8.9685e+01,9.0531e+01,9.1996e+01,9.2806e+01,9.4421e+01,9.5847e+01,9.6049e+01,9.7192e+01,9.8618e+01,1.0040e+02,1.0073e+02,1.0117e+02,1.0302e+02,1.0325e+02,1.0486e+02,1.0626e+02,1.0835e+02,1.1008e+02,1.1178e+02,1.1245e+02,1.1450e+02,1.1518e+02,1.1553e+02,1.1618e+02,1.1731e+02,1.1827e+02,1.1931e+02,1.2056e+02,1.2135e+02,1.2228e+02,1.2280e+02,1.2320e+02,1.2400e+02,1.2477e+02,1.2552e+02,1.2632e+02,1.2727e+02,1.2820e+02,1.2923e+02,1.3012e+02,1.3132e+02,1.3200e+02,1.3274e+02,1.3371e+02,1.3415e+02,1.3468e+02,1.3453e+02,1.3426e+02
8.6410e+01,8.6367e+01,8.6387e+01,8.6508e+01,8.6811e+01,8.6972e+01,8.6970e+01,8.7163e+01,8.6847e+01,8.6391e+01,8.6047e+01,8.5760e+01,8.5500e+01,8.5186e+01,8.4815e+01,8.4539e+01,8.4324e+01,8.4083e+01,8.3871e+01,8.3723e+01,8.3774e+01,8.3908e+01,8.4210e+01,8.4367e+01,8.4333e+01,8.4694e+01,8.4775e+01,8.5289e+01,8.5889e+01,8.5920e+01,8.6441e+01,8.6849e+01,8.7308e+01,8.7876e+01,8.8386e+01,8.9071e+01,8.9763e+01,9.0712e+01,9.1978e+01,9.2848e+01,9.2492e+01,9.3051e+01,9.3880e+01,9.3425e+01,9.3624e+01,9.2795e+01,9.2076e+01,9.1145e+01,9.0168e+01,8.9552e+01,8.9204e+01,8.7993e+01,8.7918e+01,8.7049e+01,8.6277e+01,8.5561e+01,8.4834e+01,8.4093e+01,8.3460e+01,8.2963e+01,8.2506e+01,8.2120e+01,8.1928e+01,8.1719e+01,8.1487e+01,8.1530e+01,8.1637e+01,8.1857e+01,8.1913e+01,8.2401e+01,8.2898e+01,8.3377e+01,8.4114e+01,8.4461e+01,8.5364e+01,8.5917e+01,8.6950e+01,8.7204e+01,8.7341e+01,8.7074e+01,8.7613e+01,8.8449e+01,8.9256e+01,8.9987e+01,9.0831e+01,9.2290e+01,9.3098e+01,9.4707e+01,9.6128e+01,9.6328e+01,9.7466e+01,9.8887e+01,1.0066e+02,1.0099e+02,1.0143e+02,1.0327e+02,1.0350e+02,1.0511e+02,1.0650e+02,1.0858e+02,1.1031e+02,1.1200e+02,1.1266e+02,1.1471e+02,1.1538e+02,1.1573e+02,1.1637e+02,1.1750e+02,1.1846e+02,1.1949e+02,1.2073e+02,1.2153e+02,1.2246e+02,1.2297e+02,1.2337e+02,1.2417e+02,1.2493e+02,1.2568e+02,1.2648e+02,1.2743e+02,1.2836e+02,1.2938e+02,1.3028e+02,1.3147e+02,1.3215e+02,1.3289e+02,1.3385e+02,1.3430e+02,1.3482e+02,1.3467e+02,1.3440e+02
8.6605e+01,8.6561e+01,8.6579e+01,8.6699e+01,8.7000e+01,8.7160e+01,8.7158e+01,8.7350e+01,8.7033e+01,8.6578e+01,8.6237e+01,8.5950e+01,8.5694e+01,8.5380e+01,8.5008e+01,8.4735e+01,8.4524e+01,8.4283e+01,8.4074e+01,8.3930e+01,8.3985e+01,8.4121e+01,8.4424e+01,8.4583e+01,8.4551e+01,8.4911e+01,8.4993e+01,8.5506e+01,8.6103e+01,8.6133e+01,8.6652e+01,8.7058e+01,8.7516e+01,8.8083e+01,8.8592e+01,8.9276e+01,8.9968e+01,9.0915e+01,9.2181e+01,9.3048e+01,9.2691e+01,9.3243e+01,9.4069e+01,9.3611e+01,9.3806e+01,9.2976e+01,9.2259e+01,9.1328e+01,9.0357e+01,8.9740e+01,8.9393e+01,8.8184e+01,8.8110e+01,8.7242e+01,8.6472e+01,8.5757e+01,8.5034e+01,8.4297e+01,8.3664e+01,8.3168e+01,8.2713e+01,8.2330e+01,8.2142e+01,8.1934e+01,8.1704e+01,8.1751e+01,8.1858e+01,8.2080e+01,8.2140e+01,8.2629e+01,8.3128e+01,8.3607e+01,8.4345e+01,8.4692e+01,8.5596e+01,8.6147e+01,8.7180e+01,8.7431e+01,8.7567e+01,8.7298e+01,8.7836e+01,8.8670e+01,8.9477e+01,9.0206e+01,9.1048e+01,9.2506e+01,9.3314e+01,9.4921e+01,9.6341e+01,9.6540e+01,9.7677e+01,9.9095e+01,1.0087e+02,1.0119e+02,1.0164e+02,1.0348e+02,1.0371e+02,1.0531e+02,1.0670e+02,1.0877e+02,1.1050e+02,1.1219e+02,1.1285e+02,1.1489e+02,1.1556e+02,1.1591e+02,1.1655e+02,1.1768e+02,1.1864e+02,1.1966e+02,1.2091e+02,1.2170e+02,1.2263e+02,1.2315e+02,1.2354e+02,1.2435e+02,1.2510e+02,1.2585e+02,1.2665e+02,1.2760e+02,1.2853e+02,1.2955e+02,1.3044e+02,1.3164e+02,1.3231e+02,1.3305e+02,1.3401e+02,1.3445e+02,1.3498e+02,1.3482e+02,1.3455e+02
8.6806e+01,8.6761e+01,8.6781e+01,8.6901e+01,8.7201e+01,8.7362e+01,8.7359e+01,8.7551e+01,8.7235e+01,8.6783e+01,8.6441e+01,8.6154e+01,8.5898e+01,8.5584e+01,8.5216e+01,8.4943e+01,8.4734e+01,8.4494e+01,8.4286e+01,8.4145e+01,8.4199e+01,8.4333e+01,8.4637e+01,8.4793e+01,8.4759e+01,8.5117e+01,8.5199e+01,8.5710e+01,8.6308e+01,8.6334e+01,8.6851e+01,8.7259e+01,8.7714e+01,8.8279e+01,8.8785e+01,8.9467e+01,9.0157e+01,9.1102e+01,9.2363e+01,9.3227e+01,9.2872e+01,9.3423e+01,9.4247e+01,9.3793e+01,9.3989e+01,9.3162e+01,9.2449e+01,9.1520e+01,9.0552e+01,8.9936e+01,8.9590e+01,8.8383e+01,8.8312e+01,8.7446e+01,8.6679e+01,8.5965e+01,8.5244e+01,8.4510e+01,8.3878e+01,8.3383e+01,8.2930e+01,8.2549e+01,8.2362e+01,8.2154e+01,8.1925e+01,8.1972e+01,8.2078e+01,8.2299e+01,8.2359e+01,8.2847e+01,8.3344e+01,8.3819e+01,8.4555e+01,8.4902e+01,8.5802e+01,8.6351e+01,8.7381e+01,8.7632e+01,8.7767e+01,8.7500e+01,8.8039e+01,8.8871e+01,8.9678e+01,9.0405e+01,9.1243e+01,9.2699e+01,9.3507e+01,9.5110e+01,9.6526e+01,9.6724e+01,9.7861e+01,9.9274e+01,1.0105e+02,1.0137e+02,1.0182e+02,1.0365e+02,1.0388e+02,1.0549e+02,1.0687e+02,1.0894e+02,1.1066e+02,1.1234e+02,1.1300e+02,1.1504e+02,1.1570e+02,1.1605e+02,1.1669e+02,1.1781e+02,1.1877e+02,1.1979e+02,1.2104e+02,1.2183e+02,1.2276e+02,1.2327e+02,1.2366e+02,1.2446e+02,1.2522e+02,1.2597e+02,1.2676e+02,1.2771e+02,1.2864e+02,1.2965e+02,1.3055e+02,1.3174e+02,1.3241e+02,1.3315e+02,1.3411e+02,1.3455e+02,1.3507e+02,1.3492e+02,1.3464e+02
8.7055e+01,8.7009e+01,8.7029e+01,8.7150e+01,8.7449e+01,8.7611e+01,8.7610e+01,8.7803e+01,8.7488e+01,8.7040e+01,8.6703e+01,8.6422e+01,8.6173e+01,8.5860e+01,8.5494e+01,8.5223e+01,8.5016e+01,8.4774e+01,8.4566e+01,8.4423e+01,8.4477e+01,8.4609e+01,8.4911e+01,8.5064e+01,8.5031e+01,8.5386e+01,8.5467e+01,8.5972e+01,8.6565e+01,8.6591e+01,8.7105e+01,8.7513e+01,8.7964e+01,8.8524e+01,8.9026e+01,8.9706e+01,9.0397e+01,9.1339e+01,9.2594e+01,9.3452e+01,9.3097e+01,9.3646e+01,9.4468e+01,9.4016e+01,9.4211e+01,9.3388e+01,9.2678e+01,9.1752e+01,9.0791e+01,9.0176e+01,8.9832e+01,8.8629e+01,8.8559e+01,8.7698e+01,8.6933e+01,8.6220e+01,8.5505e+01,8.4772e+01,8.4142e+01,8.3648e+01,8.3197e+01,8.2819e+01,8.2633e+01,8.2426e+01,8.2196e+01,8.2244e+01,8.2350e+01,8.2571e+01,8.2632e+01,8.3119e+01,8.3616e+01,8.4089e+01,8.4825e+01,8.5173e+01,8.6073e+01,8.6621e+01,8.7650e+01,8.7900e+01,8.8033e+01,8.7765e+01,8.8303e+01,8.9133e+01,8.9937e+01,9.0662e+01,9.1499e+01,9.2951e+01,9.3756e+01,9.5356e+01,9.6768e+01,9.6964e+01,9.8097e+01,9.9508e+01,1.0127e+02,1.0160e+02,1.0204e+02,1.0387e+02,1.0410e+02,1.0570e+02,1.0708e+02,1.0914e+02,1.1086e+02,1.1253e+02,1.1319e+02,1.1523e+02,1.1589e+02,1.1624e+02,1.1688e+02,1.1800e+02,1.1895e+02,1.1998e+02,1.2122e+02,1.2201e+02,1.2295e+02,1.2346e+02,1.2385e+02,1.2465e+02,1.2540e+02,1.2615e+02,1.2694e+02,1.2789e+02,1.2882e+02,1.2984e+02,1.3073e+02,1.3192e+02,1.3259e+02,1.3333e+02,1.3429e+02,1.3473e+02,1.3526e+02,1.3510e+02,1.3482e+02
8.7287e+01,8.7241e+01,8.7263e+01,8.7384e+01,8.7686e+01,8.7849e+01,8.7849e+01,8.8042e+01,8.7726e+01,8.7278e+01,8.6945e+01,8.6668e+01,8.6420e+01,8.6108e+01,8.5743e+01,8.5473e+01,8.5264e+01,8.5021e+01,8.4811e+01,8.4669e+01,8.4722e+01,8.4852e+01,8.5154e+01,8.5307e+01,8.5273e+01,8.5626e+01,8.5709e+01,8.6212e+01,8.6803e+01,8.6827e+01,8.7337e+01,8.7748e+01,8.8197e+01,8.8756e+01,8.9255e+01,8.9935e+01,9.0626e+01,9.1566e+01,9.2816e+01,9.3672e+01,9.3319e+01,9.3869e+01,9.4690e+01,9.4242e+01,9.4439e+01,9.3620e+01,9.2914e+01,9.1991e+01,9.1032e+01,9.0419e+01,9.0076e+01,8.8874e+01,8.8803e+01,8.7942e+01,8.7176e+01,8.6464e+01,8.5749e+01,8.5018e+01,8.4388e+01,8.3894e+01,8.3443e+01,8.3063e+01,8.2874e+01,8.2667e+01,8.2435e+01,8.2480e+01,8.2586e+01,8.2804e+01,8.2864e+01,8.3348e+01,8.3844e+01,8.4314e+01,8.5048e+01,8.5396e+01,8.6294e+01,8.6840e+01,8.7867e+01,8.8115e+01,8.8247e+01,8.7978e+01,8.8513e+01,8.9341e+01,9.0141e+01,9.0864e+01,9.1701e+01,9.3149e+01,9.3951e+01,9.5547e+01,9.6956e+01,9.7153e+01,9.8283e+01,9.9693e+01,1.0146e+02,1.0178e+02,1.0222e+02,1.0404e+02,1.0427e+02,1.0587e+02,1.0725e+02,1.0931e+02,1.1103e+02,1.1270e+02,1.1335e+02,1.1539e+02,1.1605e+02,1.1640e+02,1.1704e+02,1.1816e+02,1.1911e+02,1.2014e+02,1.2138e+02,1.2217e+02,1.2310e+02,1.2361e+02,1.2400e+02,1.2479e+02,1.2555e+02,1.2629e+02,1.2708e+02,1.2803e+02,1.2897e+02,1.2998e+02,1.3087e+02,1.3206e+02,1.3273e+02,1.3347e+02,1.3443e+02,1.3487e+02,1.3539e+02,1.3523e+02,1.3495e+02
8.7491e+01,8.7445e+01,8.7466e+01,8.7587e+01,8.7887e+01,8.8052e+01,8.8051e+01,8.8244e+01,8.7928e+01,8.7482e+01,8.7154e+01,8.6879e+01,8.6632e+01,8.6322e+01,8.5959e+01,8.5690e+01,8.5479e+01,8.5234e+01,8.5021e+01,8.4878e+01,8.4932e+01,8.5063e+01,8.5365e+01,8.5519e+01,8.5486e+01,8.5837e+01,8.5920e+01,8.6419e+01,8.7008e+01,8.7033e+01,8.7544e+01,8.7958e+01,8.8407e+01,8.8966e+01,8.9464e+01,9.0141e+01,9.0832e+01,9.1769e+01,9.3018e+01,9.3872e+01,9.3521e+01,9.4070e+01,9.4892e+01,9.4445e+01,9.4641e+01,9.3823e+01,9.3118e+01,9.2196e+01,9.1238e+01,9.0624e+01,9.0282e+01,8.9080e+01,8.9011e+01,8.8150e+01,8.7386e+01,8.6673e+01,8.5959e+01,8.5228e+01,8.4597e+01,8.4103e+01,8.3652e+01,8.3271e+01,8.3081e+01,8.2873e+01,8.2640e+01,8.2686e+01,8.2790e+01,8.3009e+01,8.3070e+01,8.3556e+01,8.4052e+01,8.4524e+01,8.5257e+01,8.5603e+01,8.6501e+01,8.7047e+01,8.8072e+01,8.8319e+01,8.8451e+01,8.8182e+01,8.8715e+01,8.9541e+01,9.0340e+01,9.1063e+01,9.1901e+01,9.3348e+01,9.4148e+01,9.5744e+01,9.7152e+01,9.7348e+01,9.8477e+01,9.9887e+01,1.0165e+02,1.0197e+02,1.0241e+02,1.0423e+02,1.0446e+02,1.0606e+02,1.0743e+02,1.0949e+02,1.1121e+02,1.1288e+02,1.1353e+02,1.1556e+02,1.1622e+02,1.1657e+02,1.1721e+02,1.1833e+02,1.1927e+02,1.2030e+02,1.2154e+02,1.2233e+02,1.2325e+02,1.2377e+02,1.2415e+02,1.2495e+02,1.2570e+02,1.2644e+02,1.2723e+02,1.2818e+02,1.2911e+02,1.3012e+02,1.3101e+02,1.3220e+02,1.3287e+02,1.3361e+02,1.3457e+02,1.3500e+02,1.3553e+02,1.3537e+02,1.3509e+02
8.7696e+01,8.7651e+01,8.7673e+01,8.7794e+01,8.8096e+01,8.8262e+01,8.8259e+01,8.8454e+01,8.8139e+01,8.7695e+01,8.7370e+01,8.7095e+01,8.6846e+01,8.6535e+01,8.6174e+01,8.5905e+01,8.5694e+01,8.5448e+01,8.5232e+01,8.5088e+01,8.5143e+01,8.5275e+01,8.5580e+01,8.5737e+01,8.5705e+01,8.6058e+01,8.6143e+01,8.6639e+01,8.7225e+01,8.7250e+01,8.7761e+01,8.8176e+01,8.8623e+01,8.9182e+01,8.9680e+01,9.0357e+01,9.1047e+01,9.1983e+01,9.3229e+01,9.4081e+01,9.3730e+01,9.4280e+01,9.5100e+01,9.4655e+01,9.4852e+01,9.4036e+01,9.3332e+01,9.2411e+01,9.1454e+01,9.0841e+01,9.0500e+01,8.9299e+01,8.9230e+01,8.8368e+01,8.7604e+01,8.6891e+01,8.6177e+01,8.5447e+01,8.4817e+01,8.4322e+01,8.3871e+01,8.3490e+01,8.3298e+01,8.3088e+01,8.2853e+01,8.2898e+01,8.3002e+01,8.3221e+01,8.3281e+01,8.3766e+01,8.4262e+01,8.4736e+01,8.5469e+01,8.5815e+01,8.6713e+01,8.7258e+01,8.8283e+01,8.8527e+01,8.8658e+01,8.8385e+01,8.8916e+01,8.9738e+01,9.0533e+01,9.1253e+01,9.2092e+01,9.3535e+01,9.4330e+01,9.5925e+01,9.7328e+01,9.7520e+01,9.8642e+01,1.0005e+02,1.0181e+02,1.0212e+02,1.0256e+02,1.0438e+02,1.0461e+02,1.0620e+02,1.0757e+02,1.0963e+02,1.1134e+02,1.1301e+02,1.1365e+02,1.1568e+02,1.1634e+02,1.1669e+02,1.1732e+02,1.1844e+02,1.1938e+02,1.2041e+02,1.2164e+02,1.2243e+02,1.2336e+02,1.2387e+02,1.2426e+02,1.2505e+02,1.2580e+02,1.2654e+02,1.2734e+02,1.2829e+02,1.2922e+02,1.3023e+02,1.3112e+02,1.3230e+02,1.3297e+02,1.3371e+02,1.3467e+02,1.3510e+02,1.3563e+02,1.3547e+02,1.3519e+02
8.7963e+01,8.7919e+01,8.7940e+01,8.8061e+01,8.8362e+01,8.8530e+01,8.8528e+01,8.8723e+01,8.8410e+01,8.7968e+01,8.7647e+01,8.7376e+01,8.7130e+01,8.6820e+01,8.6460e+01,8.6193e+01,8.5984e+01,8.5737e+01,8.5521e+01,8.5376e+01,8.5432e+01,8.5565e+01,8.5869e+01,8.6027e+01,8.5995e+01,8.6347e+01,8.6433e+01,8.6925e+01,8.7508e+01,8.7535e+01,8.8046e+01,8.8459e+01,8.8906e+01,8.9464e+01,8.9961e+01,9.0636e+01,9.1325e+01,9.2260e+01,9.3501e+01,9.4353e+01,9.4002e+01,9.4552e+01,9.5371e+01,9.4927e+01,9.5125e+01,9.4312e+01,9.3608e+01,9.2688e+01,9.1735e+01,9.1122e+01,9.0784e+01,8.9585e+01,8.9516e+01,8.8654e+01,8.7891e+01,8.7178e+01,8.6465e+01,8.5735e+01,8.5107e+01,8.4610e+01,8.4160e+01,8.3780e+01,8.3586e+01,8.3375e+01,8.3139e+01,8.3183e+01,8.3287e+01,8.3505e+01,8.3564e+01,8.4048e+01,8.4543e+01,8.5017e+01,8.5747e+01,8.6092e+01,8.6988e+01,8.7532e+01,8.8554e+01,8.8797e+01,8.8929e+01,8.8657e+01,8.9185e+01,9.0003e+01,9.0795e+01,9.1511e+01,9.2349e+01,9.3787e+01,9.4577e+01,9.6168e+01,9.7568e+01,9.7759e+01,9.8878e+01,1.0028e+02,1.0204e+02,1.0235e+02,1.0279e+02,1.0460e+02,1.0482e+02,1.0641e+02,1.0778e+02,1.0983e+02,1.1154e+02,1.1321e+02,1.1385e+02,1.1588e+02,1.1653e+02,1.1688e+02,1.1751e+02,1.1862e+02,1.1957e+02,1.2059e+02,1.2183e+02,1.2262e+02,1.2354e+02,1.2405e+02,1.2444e+02,1.2523e+02,1.2597e+02,1.2672e+02,1.2751e+02,1.2846e+02,1.2939e+02,1.3040e+02,1.3128e+02,1.3246e+02,1.3313e+02,1.3387e+02,1.3482e+02,1.3526e+02,1.3579e+02,1.3563e+02,1.3535e+02
8.8091e+01,8.8046e+01,8.8066e+01,8.8189e+01,8.8488e+01,8.8655e+01,8.8652e+01,8.8848e+01,8.8534e+01,8.8092e+01,8.7772e+01,8.7499e+01,8.7253e+01,8.6942e+01,8.6584e+01,8.6316e+01,8.6107e+01,8.5861e+01,8.5646e+01,8.5501e+01,8.5556e+01,8.5687e+01,8.5992e+01,8.6151e+01,8.6122e+01,8.6475e+01,8.6564e+01,8.7054e+01,8.7632e+01,8.7656e+01,8.8164e+01,8.8574e+01,8.9017e+01,8.9574e+01,9.0067e+01,9.0742e+01,9.1430e+01,9.2361e+01,9.3600e+01,9.4451e+01,9.4099e+01,9.4646e+01,9.5465e+01,9.5022e+01,9.5219e+01,9.4407e+01,9.3704e+01,9.2787e+01,9.1837e+01,9.1226e+01,9.0889e+01,8.9694e+01,8.9628e+01,8.8770e+01,8.8009e+01,8.7294e+01,8.6584e+01,8.5855e+01,8.5227e+01,8.4734e+01,8.4285e+01,8.3909e+01,8.3718e+01,8.3508e+01,8.3273e+01,8.3320e+01,8.3427e+01,8.3647e+01,8.3706e+01,8.4192e+01,8.4686e+01,8.5159e+01,8.5891e+01,8.6239e+01,8.7137e+01,8.7683e+01,8.8706e+01,8.8950e+01,8.9082e+01,8.8811e+01,8.9339e+01,9.0158e+01,9.0950e+01,9.1665e+01,9.2502e+01,9.3939e+01,9.4728e+01,9.6318e+01,9.7714e+01,9.7903e+01,9.9019e+01,1.0042e+02,1.0217e+02,1.0249e+02,1.0292e+02,1.0474e+02,1.0496e+02,1.0655e+02,1.0792e+02,1.0997e+02,1.1168e+02,1.1334e+02,1.1399e+02,1.1601e+02,1.1667e+02,1.1702e+02,1.1765e+02,1.1876e+02,1.1970e+02,1.2073e+02,1.2196e+02,1.2275e+02,1.2367e+02,1.2418e+02,1.2457e+02,1.2536e+02,1.2611e+02,1.2685e+02,1.2765e+02,1.2860e+02,1.2953e+02,1.3053e+02,1.3142e+02,1.3260e+02,1.3327e+02,1.3400e+02,1.3495e+02,1.3539e+02,1.3592e+02,1.3576e+02,1.3548e+02
8.8251e+01,8.8208e+01,8.8228e+01,8.8352e+01,8.8649e+01,8.8814e+01,8.8812e+01,8.9009e+01,8.8699e+01,8.8257e+01,8.7938e+01,8.7666e+01,8.7423e+01,8.7111e+01,8.6751e+01,8.6481e+01,8.6273e+01,8.6027e+01,8.5813e+01,8.5666e+01,8.5719e+01,8.5850e+01,8.6154e+01,8.6314e+01,8.6283e+01,8.6638e+01,8.6730e+01,8.7221e+01,8.7796e+01,8.7815e+01,8.8322e+01,8.8728e+01,8.9166e+01,8.9721e+01,9.0211e+01,9.0885e+01,9.1570e+01,9.2501e+01,9.3736e+01,9.4586e+01,9.4235e+01,9.4782e+01,9.5600e+01,9.5156e+01,9.5352e+01,9.4540e+01,9.3836e+01,9.2921e+01,9.1972e+01,9.1363e+01,9.1027e+01,8.9835e+01,8.9772e+01,8.8916e+01,8.8159e+01,8.7444e+01,8.6736e+01,8.6009e+01,8.5381e+01,8.4890e+01,8.4441e+01,8.4068e+01,8.3881e+01,8.3674e+01,8.3441e+01,8.3493e+01,8.3600e+01,8.3824e+01,8.3884e+01,8.4370e+01,8.4864e+01,8.5334e+01,8.6067e+01,8.6416e+01,8.7314e+01,8.7856e+01,8.8878e+01,8.9120e+01,8.9247e+01,8.8973e+01,8.9501e+01,9.0315e+01,9.1105e+01,9.1814e+01,9.2648e+01,9.4080e+01,9.4866e+01,9.6453e+01,9.7842e+01,9.8027e+01,9.9139e+01,1.0054e+02,1.0229e+02,1.0260e+02,1.0304e+02,1.0485e+02,1.0507e+02,1.0666e+02,1.0803e+02,1.1008e+02,1.1179e+02,1.1345e+02,1.1409e+02,1.1611e+02,1.1677e+02,1.1712e+02,1.1775e+02,1.1886e+02,1.1980e+02,1.2082e+02,1.2205e+02,1.2284e+02,1.2377e+02,1.2427e+02,1.2466e+02,1.2545e+02,1.2620e+02,1.2695e+02,1.2774e+02,1.2870e+02,1.2962e+02,1.3063e+02,1.3152e+02,1.3270e+02,1.3336e+02,1.3409e+02,1.3505e+02,1.3548e+02,1.3601e+02,1.3585e+02,1.3557e+02
8.8443e+01,8.8401e+01,8.8425e+01,8.8549e+01,8.8847e+01,8.9014e+01,8.9011e+01,8.9209e+01,8.8901e+01,8.8463e+01,8.8142e+01,8.7870e+01,8.7626e+01,8.7312e+01,8.6950e+01,8.6680e+01,8.6471e+01,8.6224e+01,8.6011e+01,8.5863e+01,8.5911e+01,8.6040e+01,8.6343e+01,8.6501e+01,8.6468e+01,8.6824e+01,8.6921e+01,8.7416e+01,8.7987e+01,8.7999e+01,8.8501e+01,8.8904e+01,8.9336e+01,8.9891e+01,9.0376e+01,9.1048e+01,9.1731e+01,9.2660e+01,9.3889e+01,9.4736e+01,9.4385e+01,9.4931e+01,9.5746e+01,9.5305e+01,9.5499e+01,9.4690e+01,9.3988e+01,9.3079e+01,9.2133e+01,9.1529e+01,9.1196e+01,9.0009e+01,8.9949e+01,8.9094e+01,8.8343e+01,8.7629e+01,8.6924e+01,8.6201e+01,8.5575e+01,8.5086e+01,8.4641e+01,8.4270e+01,8.4086e+01,8.3881e+01,8.3649e+01,8.3703e+01,8.3812e+01,8.4036e+01,8.4096e+01,8.4582e+01,8.5075e+01,8.5542e+01,8.6274e+01,8.6627e+01,8.7525e+01,8.8066e+01,8.9089e+01,8.9333e+01,8.9457e+01,8.9184e+01,8.9714e+01,9.0526e+01,9.1318e+01,9.2023e+01,9.2855e+01,9.4286e+01,9.5073e+01,9.6659e+01,9.8046e+01,9.8228e+01,9.9339e+01,1.0074e+02,1.0249e+02,1.0280e+02,1.0324e+02,1.0506e+02,1.0528e+02,1.0688e+02,1.0824e+02,1.1029e+02,1.1200e+02,1.1366e+02,1.1431e+02,1.1633e+02,1.1699e+02,1.1733e+02,1.1796e+02,1.1907e+02,1.2000e+02,1.2103e+02,1.2226e+02,1.2305e+02,1.2397e+02,1.2448e+02,1.2487e+02,1.2566e+02,1.2640e+02,1.2715e+02,1.2794e+02,1.2889e+02,1.2982e+02,1.3082e+02,1.3171e+02,1.3288e+02,1.3355e+02,1.3428e+02,1.3523e+02,1.3567e+02,1.3619e+02,1.3603e+02,1.3575e+02
8.8654e+01,8.8613e+01,8.8636e+01,8.8760e+01,8.9055e+01,8.9222e+01,8.9219e+01,8.9416e+01,8.9111e+01,8.8675e+01,8.8357e+01,8.8084e+01,8.7840e+01,8.7527e+01,8.7165e+01,8.6894e+01,8.6687e+01,8.6439e+01,8.6227e+01,8.6078e+01,8.6126e+01,8.6256e+01,8.6558e+01,8.6716e+01,8.6682e+01,8.7039e+01,8.7140e+01,8.7636e+01,8.8203e+01,8.8211e+01,8.8710e+01,8.9109e+01,8.9538e+01,9.0093e+01,9.0574e+01,9.1242e+01,9.1922e+01,9.2845e+01,9.4067e+01,9.4911e+01,9.4558e+01,9.5101e+01,9.5912e+01,9.5469e+01,9.5662e+01,9.4853e+01,9.4153e+01,9.3247e+01,9.2306e+01,9.1707e+01,9.1376e+01,9.0195e+01,9.0135e+01,8.9284e+01,8.8536e+01,8.7825e+01,8.7124e+01,8.6405e+01,8.5782e+01,8.5296e+01,8.4855e+01,8.4488e+01,8.4306e+01,8.4103e+01,8.3871e+01,8.3927e+01,8.4037e+01,8.4264e+01,8.4324e+01,8.4812e+01,8.5305e+01,8.5771e+01,8.6504e+01,8.6859e+01,8.7758e+01,8.8299e+01,8.9322e+01,8.9567e+01,8.9690e+01,8.9417e+01,8.9947e+01,9.0758e+01,9.1548e+01,9.2252e+01,9.3083e+01,9.4512e+01,9.5297e+01,9.6882e+01,9.8266e+01,9.8446e+01,9.9555e+01,1.0095e+02,1.0270e+02,1.0301e+02,1.0346e+02,1.0527e+02,1.0550e+02,1.0710e+02,1.0846e+02,1.1052e+02,1.1222e+02,1.1388e+02,1.1453e+02,1.1654e+02,1.1720e+02,1.1755e+02,1.1817e+02,1.1928e+02,1.2021e+02,1.2124e+02,1.2247e+02,1.2326e+02,1.2418e+02,1.2468e+02,1.2507e+02,1.2586e+02,1.2660e+02,1.2735e+02,1.2814e+02,1.2909e+02,1.3002e+02,1.3102e+02,1.3191e+02,1.3308e+02,1.3374e+02,1.3447e+02,1.3542e+02,1.3586e+02,1.3638e+02,1.3622e+02,1.3594e+02
8.8976e+01,8.8937e+01,8.8960e+01,8.9086e+01,8.9382e+01,8.9550e+01,8.9547e+01,8.9745e+01,8.9440e+01,8.9005e+01,8.8684e+01,8.8411e+01,8.8168e+01,8.7854e+01,8.7490e+01,8.7216e+01,8.7009e+01,8.6761e+01,8.6548e+01,8.6398e+01,8.6441e+01,8.6571e+01,8.6870e+01,8.7029e+01,8.6994e+01,8.7355e+01,8.7460e+01,8.7958e+01,8.8520e+01,8.8522e+01,8.9015e+01,8.9411e+01,8.9833e+01,9.0383e+01,9.0857e+01,9.1519e+01,9.2192e+01,9.3110e+01,9.4325e+01,9.5163e+01,9.4813e+01,9.5353e+01,9.6161e+01,9.5720e+01,9.5910e+01,9.5105e+01,9.4408e+01,9.3508e+01,9.2573e+01,9.1980e+01,9.1653e+01,9.0479e+01,9.0421e+01,8.9573e+01,8.8832e+01,8.8126e+01,8.7429e+01,8.6717e+01,8.6099e+01,8.5616e+01,8.5180e+01,8.4815e+01,8.4636e+01,8.4433e+01,8.4203e+01,8.4262e+01,8.4373e+01,8.4602e+01,8.4664e+01,8.5153e+01,8.5647e+01,8.6113e+01,8.6846e+01,8.7201e+01,8.8100e+01,8.8639e+01,8.9661e+01,8.9903e+01,9.0022e+01,8.9745e+01,9.0273e+01,9.1078e+01,9.1866e+01,9.2562e+01,9.3393e+01,9.4818e+01,9.5598e+01,9.7181e+01,9.8557e+01,9.8731e+01,9.9832e+01,1.0122e+02,1.0296e+02,1.0328e+02,1.0372e+02,1.0553e+02,1.0576e+02,1.0735e+02,1.0871e+02,1.1076e+02,1.1246e+02,1.1412e+02,1.1476e+02,1.1677e+02,1.1743e+02,1.1776e+02,1.1838e+02,1.1948e+02,1.2041e+02,1.2144e+02,1.2267e+02,1.2345e+02,1.2437e+02,1.2487e+02,1.2526e+02,1.2605e+02,1.2679e+02,1.2753e+02,1.2833e+02,1.2927e+02,1.3019e+02,1.3119e+02,1.3208e+02,1.3325e+02,1.3391e+02,1.3464e+02,1.3558e+02,1.3601e+02,1.3654e+02,1.3638e+02,1.3610e+02
8.9301e+01,8.9264e+01,8.9287e+01,8.9413e+01,8.9709e+01,8.9879e+01,8.9875e+01,9.0070e+01,8.9767e+01,8.9335e+01,8.9016e+01,8.8744e+01,8.8502e+01,8.8190e+01,8.7825e+01,8.7549e+01,8.7339e+01,8.7088e+01,8.6875e+01,8.6723e+01,8.6762e+01,8.6893e+01,8.7191e+01,8.7352e+01,8.7316e+01,8.7682e+01,8.7790e+01,8.8288e+01,8.8846e+01,8.8846e+01,8.9333e+01,8.9727e+01,9.0143e+01,9.0693e+01,9.1163e+01,9.1819e+01,9.2488e+01,9.3399e+01,9.4608e+01,9.5444e+01,9.5093e+01,9.5629e+01,9.6431e+01,9.5989e+01,9.6177e+01,9.5373e+01,9.4677e+01,9.3782e+01,9.2851e+01,9.2263e+01,9.1936e+01,9.0768e+01,9.0711e+01,8.9866e+01,8.9130e+01,8.8425e+01,8.7733e+01,8.7023e+01,8.6409e+01,8.5929e+01,8.5496e+01,8.5135e+01,8.4959e+01,8.4757e+01,8.4528e+01,8.4590e+01,8.4701e+01,8.4932e+01,8.4995e+01,8.5484e+01,8.5978e+01,8.6441e+01,8.7174e+01,8.7532e+01,8.8431e+01,8.8968e+01,8.9990e+01,9.0231e+01,9.0348e+01,9.0068e+01,9.0596e+01,9.1397e+01,9.2183e+01,9.2875e+01,9.3706e+01,9.5126e+01,9.5902e+01,9.7481e+01,9.8851e+01,9.9022e+01,1.0012e+02,1.0150e+02,1.0324e+02,1.0355e+02,1.0399e+02,1.0580e+02,1.0602e+02,1.0761e+02,1.0897e+02,1.1102e+02,1.1271e+02,1.1437e+02,1.1501e+02,1.1701e+02,1.1767e+02,1.1800e+02,1.1862e+02,1.1972e+02,1.2065e+02,1.2167e+02,1.2290e+02,1.2368e+02,1.2460e+02,1.2510e+02,1.2549e+02,1.2628e+02,1.2702e+02,1.2776e+02,1.2855e+02,1.2949e+02,1.3041e+02,1.3141e+02,1.3229e+02,1.3346e+02,1.3412e+02,1.3485e+02,1.3579e+02,1.3622e+02,1.3675e+02,1.3659e+02,1.3631e+02
8.9629e+01,8.9593e+01,8.9615e+01,8.9743e+01,9.0041e+01,9.0213e+01,9.0210e+01,9.0407e+01,9.0105e+01,8.9674e+01,8.9353e+01,8.9083e+01,8.8844e+01,8.8533e+01,8.8167e+01,8.7891e+01,8.7681e+01,8.7431e+01,8.7219e+01,8.7067e+01,8.7102e+01,8.7233e+01,8.7528e+01,8.7691e+01,8.7656e+01,8.8026e+01,8.8137e+01,8.8637e+01,8.9189e+01,8.9183e+01,8.9663e+01,9.0053e+01,9.0461e+01,9.1009e+01,9.1472e+01,9.2124e+01,9.2788e+01,9.3695e+01,9.4897e+01,9.5731e+01,9.5379e+01,9.5910e+01,9.6707e+01,9.6266e+01,9.6453e+01,9.5650e+01,9.4955e+01,9.4065e+01,9.3138e+01,9.2554e+01,9.2228e+01,9.1067e+01,9.1010e+01,9.0171e+01,8.9439e+01,8.8738e+01,8.8051e+01,8.7347e+01,8.6738e+01,8.6264e+01,8.5835e+01,8.5480e+01,8.5305e+01,8.5107e+01,8.4879e+01,8.4942e+01,8.5055e+01,8.5287e+01,8.5348e+01,8.5836e+01,8.6328e+01,8.6789e+01,8.7521e+01,8.7880e+01,8.8779e+01,8.9315e+01,9.0337e+01,9.0577e+01,9.0692e+01,9.0412e+01,9.0940e+01,9.1739e+01,9.2524e+01,9.3212e+01,9.4041e+01,9.5456e+01,9.6229e+01,9.7804e+01,9.9167e+01,9.9335e+01,1.0042e+02,1.0180e+02,1.0353e+02,1.0384e+02,1.0429e+02,1.0608e+02,1.0630e+02,1.0789e+02,1.0924e+02,1.1128e+02,1.1297e+02,1.1463e+02,1.1526e+02,1.1726e+02,1.1791e+02,1.1824e+02,1.1886e+02,1.1995e+02,1.2088e+02,1.2190e+02,1.2312e+02,1.2391e+02,1.2483e+02,1.2533e+02,1.2571e+02,1.2650e+02,1.2724e+02,1.2798e+02,1.2877e+02,1.2972e+02,1.3063e+02,1.3163e+02,1.3251e+02,1.3367e+02,1.3434e+02,1.3506e+02,1.3600e+02,1.3643e+02,1.3696e+02,1.3680e+02,1.3652e+02
8.9911e+01,8.9876e+01,8.9899e+01,9.0028e+01,9.0325e+01,9.0499e+01,9.0498e+01,9.0695e+01,9.0395e+01,8.9967e+01,8.9647e+01,8.9379e+01,8.9143e+01,8.8833e+01,8.8465e+01,8.8187e+01,8.7975e+01,8.7722e+01,8.7509e+01,8.7356e+01,8.7389e+01,8.7518e+01,8.7814e+01,8.7975e+01,8.7936e+01,8.8308e+01,8.8419e+01,8.8918e+01,8.9466e+01,8.9456e+01,8.9931e+01,9.0318e+01,9.0721e+01,9.1265e+01,9.1725e+01,9.2372e+01,9.3032e+01,9.3933e+01,9.5130e+01,9.5961e+01,9.5610e+01,9.6137e+01,9.6929e+01,9.6490e+01,9.6673e+01,9.5875e+01,9.5183e+01,9.4300e+01,9.3380e+01,9.2801e+01,9.2477e+01,9.1321e+01,9.1267e+01,9.0430e+01,8.9702e+01,8.9002e+01,8.8318e+01,8.7616e+01,8.7009e+01,8.6537e+01,8.6110e+01,8.5755e+01,8.5582e+01,8.5383e+01,8.5157e+01,8.5222e+01,8.5336e+01,8.5569e+01,8.5633e+01,8.6122e+01,8.6614e+01,8.7071e+01,8.7804e+01,8.8166e+01,8.9065e+01,8.9599e+01,9.0621e+01,9.0862e+01,9.0972e+01,9.0691e+01,9.1221e+01,9.2017e+01,9.2804e+01,9.3488e+01,9.4312e+01,9.5726e+01,9.6500e+01,9.8072e+01,9.9430e+01,9.9594e+01,1.0068e+02,1.0205e+02,1.0378e+02,1.0409e+02,1.0454e+02,1.0633e+02,1.0655e+02,1.0814e+02,1.0949e+02,1.1153e+02,1.1321e+02,1.1487e+02,1.1549e+02,1.1749e+02,1.1814e+02,1.1846e+02,1.1908e+02,1.2017e+02,1.2109e+02,1.2211e+02,1.2334e+02,1.2412e+02,1.2504e+02,1.2554e+02,1.2592e+02,1.2671e+02,1.2744e+02,1.2818e+02,1.2897e+02,1.2991e+02,1.3083e+02,1.3182e+02,1.3270e+02,1.3386e+02,1.3452e+02,1.3524e+02,1.3618e+02,1.3662e+02,1.3714e+02,1.3698e+02,1.3671e+02
9.0069e+01,9.0036e+01,9.0062e+01,9.0194e+01,9.0494e+01,9.0667e+01,9.0667e+01,9.0864e+01,9.0565e+01,9.0135e+01,8.9815e+01,8.9548e+01,8.9312e+01,8.9000e+01,8.8631e+01,8.8354e+01,8.8140e+01,8.7887e+01,8.7675e+01,8.7523e+01,8.7557e+01,8.7686e+01,8.7984e+01,8.8145e+01,8.8102e+01,8.8475e+01,8.8586e+01,8.9086e+01,8.9629e+01,8.9619e+01,9.0091e+01,9.0475e+01,9.0878e+01,9.1425e+01,9.1885e+01,9.2531e+01,9.3191e+01,9.4089e+01,9.5285e+01,9.6115e+01,9.5764e+01,9.6289e+01,9.7080e+01,9.6642e+01,9.6825e+01,9.6028e+01,9.5334e+01,9.4453e+01,9.3532e+01,9.2954e+01,9.2628e+01,9.1473e+01,9.1418e+01,9.0582e+01,8.9853e+01,8.9151e+01,8.8467e+01,8.7765e+01,8.7158e+01,8.6686e+01,8.6259e+01,8.5905e+01,8.5733e+01,8.5532e+01,8.5308e+01,8.5375e+01,8.5488e+01,8.5723e+01,8.5789e+01,8.6281e+01,8.6775e+01,8.7231e+01,8.7966e+01,8.8331e+01,8.9232e+01,8.9764e+01,9.0787e+01,9.1025e+01,9.1131e+01,9.0847e+01,9.1377e+01,9.2170e+01,9.2957e+01,9.3637e+01,9.4459e+01,9.5871e+01,9.6644e+01,9.8215e+01,9.9568e+01,9.9728e+01,1.0081e+02,1.0218e+02,1.0390e+02,1.0422e+02,1.0467e+02,1.0646e+02,1.0668e+02,1.0827e+02,1.0961e+02,1.1165e+02,1.1333e+02,1.1498e+02,1.1560e+02,1.1759e+02,1.1824e+02,1.1856e+02,1.1918e+02,1.2027e+02,1.2119e+02,1.2221e+02,1.2342e+02,1.2421e+02,1.2513e+02,1.2562e+02,1.2601e+02,1.2679e+02,1.2753e+02,1.2827e+02,1.2906e+02,1.3000e+02,1.3091e+02,1.3190e+02,1.3278e+02,1.3394e+02,1.3460e+02,1.3532e+02,1.3626e+02,1.3669e+02,1.3722e+02,1.3706e+02,1.3678e+02
9.0359e+01,9.0328e+01,9.0353e+01,9.0487e+01,9.0785e+01,9.0956e+01,9.0957e+01,9.1153e+01,9.0856e+01,9.0428e+01,9.0109e+01,8.9842e+01,8.9608e+01,8.9298e+01,8.8929e+01,8.8652e+01,8.8439e+01,8.8187e+01,8.7976e+01,8.7826e+01,8.7861e+01,8.7991e+01,8.8287e+01,8.8450e+01,8.8407e+01,8.8782e+01,8.8893e+01,8.9394e+01,8.9933e+01,8.9920e+01,9.0388e+01,9.0769e+01,9.1169e+01,9.1715e+01,9.2171e+01,9.2811e+01,9.3468e+01,9.4360e+01,9.5551e+01,9.6379e+01,9.6031e+01,9.6553e+01,9.7344e+01,9.6908e+01,9.7087e+01,9.6295e+01,9.5603e+01,9.4728e+01,9.3812e+01,9.3240e+01,9.2915e+01,9.1765e+01,9.1711e+01,9.0877e+01,9.0150e+01,8.9450e+01,8.8767e+01,8.8068e+01,8.7462e+01,8.6991e+01,8.6565e+01,8.6208e+01,8.6035e+01,8.5833e+01,8.5609e+01,8.5676e+01,8.5787e+01,8.6022e+01,8.6092e+01,8.6584e+01,8.7082e+01,8.7537e+01,8.8273e+01,8.8638e+01,8.9540e+01,9.0067e+01,9.1090e+01,9.1323e+01,9.1425e+01,9.1135e+01,9.1664e+01,9.2450e+01,9.3234e+01,9.3907e+01,9.4729e+01,9.6136e+01,9.6905e+01,9.8472e+01,9.9817e+01,9.9971e+01,1.0105e+02,1.0240e+02,1.0412e+02,1.0443e+02,1.0489e+02,1.0667e+02,1.0690e+02,1.0848e+02,1.0982e+02,1.1184e+02,1.1352e+02,1.1516e+02,1.1578e+02,1.1777e+02,1.1841e+02,1.1873e+02,1.1934e+02,1.2043e+02,1.2135e+02,1.2236e+02,1.2358e+02,1.2436e+02,1.2528e+02,1.2577e+02,1.2616e+02,1.2694e+02,1.2767e+02,1.2841e+02,1.2920e+02,1.3014e+02,1.3105e+02,1.3204e+02,1.3291e+02,1.3407e+02,1.3473e+02,1.3545e+02,1.3639e+02,1.3682e+02,1.3734e+02,1.3719e+02,1.3691e+02
9.0625e+01,9.0595e+01,9.0619e+01,9.0753e+01,9.1049e+01,9.1218e+01,9.1218e+01,9.1413e+01,9.1119e+01,9.0692e+01,9.0371e+01,9.0104e+01,8.9871e+01,8.9563e+01,8.9193e+01,8.8917e+01,8.8703e+01,8.8453e+01,8.8245e+01,8.8097e+01,8.8133e+01,8.8263e+01,8.8561e+01,8.8724e+01,8.8678e+01,8.9052e+01,8.9163e+01,8.9664e+01,9.0201e+01,9.0185e+01,9.0650e+01,9.1029e+01,9.1428e+01,9.1972e+01,9.2425e+01,9.3059e+01,9.3711e+01,9.4595e+01,9.5782e+01,9.6608e+01,9.6263e+01,9.6782e+01,9.7572e+01,9.7138e+01,9.7316e+01,9.6528e+01,9.5838e+01,9.4968e+01,9.4055e+01,9.3488e+01,9.3167e+01,9.2021e+01,9.1969e+01,9.1135e+01,9.0413e+01,8.9715e+01,8.9032e+01,8.8337e+01,8.7734e+01,8.7265e+01,8.6840e+01,8.6483e+01,8.6311e+01,8.6108e+01,8.5885e+01,8.5953e+01,8.6061e+01,8.6298e+01,8.6372e+01,8.6866e+01,8.7368e+01,8.7822e+01,8.8559e+01,8.8924e+01,8.9828e+01,9.0351e+01,9.1374e+01,9.1604e+01,9.1700e+01,9.1405e+01,9.1934e+01,9.2715e+01,9.3498e+01,9.4164e+01,9.4984e+01,9.6389e+01,9.7156e+01,9.8721e+01,1.0006e+02,1.0021e+02,1.0128e+02,1.0262e+02,1.0434e+02,1.0465e+02,1.0511e+02,1.0689e+02,1.0712e+02,1.0870e+02,1.1003e+02,1.1206e+02,1.1372e+02,1.1537e+02,1.1598e+02,1.1796e+02,1.1860e+02,1.1891e+02,1.1952e+02,1.2061e+02,1.2152e+02,1.2253e+02,1.2375e+02,1.2453e+02,1.2544e+02,1.2594e+02,1.2632e+02,1.2710e+02,1.2783e+02,1.2857e+02,1.2936e+02,1.3029e+02,1.3120e+02,1.3219e+02,1.3306e+02,1.3422e+02,1.3487e+02,1.3560e+02,1.3654e+02,1.3697e+02,1.3749e+02,1.3733e+02,1.3705e+02
9.0923e+01,9.0893e+01,9.0918e+01,9.1052e+01,9.1348e+01,9.1516e+01,9.1516e+01,9.1708e+01,9.1417e+01,9.0993e+01,9.0672e+01,9.0407e+01,9.0176e+01,8.9870e+01,8.9501e+01,8.9228e+01,8.9015e+01,8.8768e+01,8.8561e+01,8.8415e+01,8.8450e+01,8.8579e+01,8.8875e+01,8.9039e+01,8.8993e+01,8.9368e+01,8.9479e+01,8.9980e+01,9.0516e+01,9.0501e+01,9.0965e+01,9.1343e+01,9.1739e+01,9.2283e+01,9.2733e+01,9.3365e+01,9.4016e+01,9.4898e+01,9.6080e+01,9.6904e+01,9.6561e+01,9.7079e+01,9.7868e+01,9.7434e+01,9.7609e+01,9.6822e+01,9.6134e+01,9.5266e+01,9.4356e+01,9.3790e+01,9.3470e+01,9.2327e+01,9.2276e+01,9.1444e+01,9.0723e+01,9.0029e+01,8.9348e+01,8.8654e+01,8.8053e+01,8.7584e+01,8.7159e+01,8.6800e+01,8.6628e+01,8.6423e+01,8.6199e+01,8.6267e+01,8.6373e+01,8.6609e+01,8.6685e+01,8.7178e+01,8.7680e+01,8.8134e+01,8.8870e+01,8.9233e+01,9.0135e+01,9.0656e+01,9.1676e+01,9.1903e+01,9.1998e+01,9.1701e+01,9.2227e+01,9.3005e+01,9.3785e+01,9.4448e+01,9.5267e+01,9.6668e+01,9.7432e+01,9.8992e+01,1.0033e+02,1.0047e+02,1.0154e+02,1.0288e+02,1.0459e+02,1.0490e+02,1.0536e+02,1.0713e+02,1.0735e+02,1.0893e+02,1.1025e+02,1.1227e+02,1.1393e+02,1.1556e+02,1.1617e+02,1.1815e+02,1.1878e+02,1.1909e+02,1.1970e+02,1.2078e+02,1.2169e+02,1.2270e+02,1.2390e+02,1.2469e+02,1.2560e+02,1.2609e+02,1.2648e+02,1.2726e+02,1.2798e+02,1.2872e+02,1.2951e+02,1.3044e+02,1.3135e+02,1.3234e+02,1.3320e+02,1.3436e+02,1.3502e+02,1.3574e+02,1.3668e+02,1.3711e+02,1.3763e+02,1.3747e+02,1.3719e+02
9.1266e+01,9.1237e+01,9.1259e+01,9.1394e+01,9.1689e+01,9.1856e+01,9.1854e+01,9.2046e+01,9.1757e+01,9.1332e+01,9.1011e+01,9.0747e+01,9.0517e+01,9.0212e+01,8.9841e+01,8.9569e+01,8.9356e+01,8.9111e+01,8.8906e+01,8.8761e+01,8.8794e+01,8.8920e+01,8.9212e+01,8.9375e+01,8.9327e+01,8.9699e+01,8.9810e+01,9.0309e+01,9.0841e+01,9.0824e+01,9.1285e+01,9.1660e+01,9.2054e+01,9.2594e+01,9.3041e+01,9.3671e+01,9.4319e+01,9.5197e+01,9.6372e+01,9.7193e+01,9.6851e+01,9.7366e+01,9.8155e+01,9.7724e+01,9.7897e+01,9.7114e+01,9.6429e+01,9.5566e+01,9.4660e+01,9.4098e+01,9.3781e+01,9.2644e+01,9.2594e+01,9.1766e+01,9.1049e+01,9.0358e+01,8.9680e+01,8.8991e+01,8.8393e+01,8.7927e+01,8.7505e+01,8.7148e+01,8.6978e+01,8.6775e+01,8.6553e+01,8.6622e+01,8.6727e+01,8.6963e+01,8.7041e+01,8.7535e+01,8.8038e+01,8.8491e+01,8.9227e+01,8.9587e+01,9.0488e+01,9.1008e+01,9.2026e+01,9.2251e+01,9.2344e+01,9.2045e+01,9.2569e+01,9.3342e+01,9.4120e+01,9.4779e+01,9.5597e+01,9.6994e+01,9.7756e+01,9.9312e+01,1.0064e+02,1.0078e+02,1.0184e+02,1.0318e+02,1.0489e+02,1.0520e+02,1.0565e+02,1.0742e+02,1.0765e+02,1.0922e+02,1.1054e+02,1.1255e+02,1.1420e+02,1.1583e+02,1.1644e+02,1.1840e+02,1.1904e+02,1.1934e+02,1.1994e+02,1.2102e+02,1.2193e+02,1.2293e+02,1.2414e+02,1.2492e+02,1.2583e+02,1.2633e+02,1.2671e+02,1.2749e+02,1.2821e+02,1.2894e+02,1.2973e+02,1.3066e+02,1.3157e+02,1.3255e+02,1.3342e+02,1.3457e+02,1.3523e+02,1.3595e+02,1.3689e+02,1.3732e+02,1.3784e+02,1.3768e+02,1.3740e+02
9.1567e+01,9.1539e+01,9.1561e+01,9.1694e+01,9.1990e+01,9.2154e+01,9.2153e+01,9.2344e+01,9.2056e+01,9.1633e+01,9.1311e+01,9.1048e+01,9.0820e+01,9.0515e+01,9.0144e+01,8.9874e+01,8.9662e+01,8.9419e+01,8.9215e+01,8.9070e+01,8.9104e+01,8.9227e+01,8.9518e+01,8.9679e+01,8.9629e+01,8.9998e+01,9.0109e+01,9.0604e+01,9.1132e+01,9.1113e+01,9.1570e+01,9.1944e+01,9.2334e+01,9.2871e+01,9.3316e+01,9.3944e+01,9.4589e+01,9.5463e+01,9.6634e+01,9.7451e+01,9.7111e+01,9.7623e+01,9.8410e+01,9.7982e+01,9.8154e+01,9.7375e+01,9.6694e+01,9.5835e+01,9.4935e+01,9.4377e+01,9.4062e+01,9.2930e+01,9.2881e+01,9.2056e+01,9.1342e+01,9.0656e+01,8.9980e+01,8.9294e+01,8.8700e+01,8.8235e+01,8.7815e+01,8.7460e+01,8.7292e+01,8.7090e+01,8.6869e+01,8.6939e+01,8.7044e+01,8.7281e+01,8.7361e+01,8.7855e+01,8.8359e+01,8.8811e+01,8.9547e+01,8.9907e+01,9.0808e+01,9.1327e+01,9.2345e+01,9.2568e+01,9.2660e+01,9.2359e+01,9.2882e+01,9.3654e+01,9.4431e+01,9.5088e+01,9.5906e+01,9.7301e+01,9.8061e+01,9.9615e+01,1.0094e+02,1.0108e+02,1.0214e+02,1.0347e+02,1.0518e+02,1.0549e+02,1.0594e+02,1.0771e+02,1.0793e+02,1.0950e+02,1.1082e+02,1.1282e+02,1.1447e+02,1.1609e+02,1.1669e+02,1.1866e+02,1.1929e+02,1.1959e+02,1.2019e+02,1.2126e+02,1.2217e+02,1.2317e+02,1.2437e+02,1.2515e+02,1.2606e+02,1.2655e+02,1.2693e+02,1.2771e+02,1.2843e+02,1.2916e+02,1.2995e+02,1.3088e+02,1.3178e+02,1.3276e+02,1.3363e+02,1.3478e+02,1.3543e+02,1.3616e+02,1.3709e+02,1.3752e+02,1.3804e+02,1.3789e+02,1.3761e+02
9.1814e+01,9.1788e+01,9.1810e+01,9.1943e+01,9.2237e+01,9.2401e+01,9.2399e+01,9.2589e+01,9.2302e+01,9.1879e+01,9.1557e+01,9.1293e+01,9.1064e+01,9.0760e+01,9.0391e+01,9.0122e+01,8.9912e+01,8.9670e+01,8.9468e+01,8.9325e+01,8.9356e+01,8.9479e+01,8.9768e+01,8.9929e+01,8.9879e+01,9.0250e+01,9.0361e+01,9.0857e+01,9.1384e+01,9.1363e+01,9.1816e+01,9.2188e+01,9.2576e+01,9.3112e+01,9.3557e+01,9.4183e+01,9.4829e+01,9.5701e+01,9.6870e+01,9.7685e+01,9.7346e+01,9.7857e+01,9.8646e+01,9.8220e+01,9.8393e+01,9.7616e+01,9.6935e+01,9.6078e+01,9.5179e+01,9.4620e+01,9.4306e+01,9.3176e+01,9.3128e+01,9.2305e+01,9.1594e+01,9.0911e+01,9.0237e+01,8.9554e+01,8.8963e+01,8.8499e+01,8.8081e+01,8.7725e+01,8.7557e+01,8.7355e+01,8.7134e+01,8.7204e+01,8.7307e+01,8.7543e+01,8.7625e+01,8.8119e+01,8.8625e+01,8.9077e+01,8.9813e+01,9.0171e+01,9.1071e+01,9.1588e+01,9.2605e+01,9.2825e+01,9.2916e+01,9.2614e+01,9.3134e+01,9.3903e+01,9.4678e+01,9.5333e+01,9.6150e+01,9.7542e+01,9.8301e+01,9.9853e+01,1.0118e+02,1.0132e+02,1.0237e+02,1.0371e+02,1.0541e+02,1.0572e+02,1.0617e+02,1.0793e+02,1.0816e+02,1.0972e+02,1.1104e+02,1.1304e+02,1.1468e+02,1.1630e+02,1.1690e+02,1.1886e+02,1.1948e+02,1.1978e+02,1.2038e+02,1.2145e+02,1.2235e+02,1.2335e+02,1.2455e+02,1.2533e+02,1.2624e+02,1.2673e+02,1.2711e+02,1.2789e+02,1.2861e+02,1.2934e+02,1.3012e+02,1.3105e+02,1.3196e+02,1.3294e+02,1.3380e+02,1.3495e+02,1.3561e+02,1.3633e+02,1.3726e+02,1.3769e+02,1.3821e+02,1.3806e+02,1.3778e+02
