8.8368e+01,8.8747e+01,8.8921e+01,8.9180e+01,8.8894e+01,8.8384e+01,8.8542e+01,8.8359e+01,8.9027e+01,8.9673e+01,8.9688e+01,9.0669e+01,9.0789e+01,9.1730e+01,9.1265e+01,9.0468e+01,9.0206e+01,9.0373e+01,8.9806e+01,8.9015e+01,8.8521e+01,8.8428e+01,8.8860e+01,8.9070e+01,8.9443e+01,9.0158e+01,9.0575e+01,9.0361e+01,9.0125e+01,8.9755e+01,8.9432e+01,8.9285e+01,8.8551e+01,8.9272e+01,8.9320e+01,8.9436e+01,8.9151e+01,8.8953e+01,8.8108e+01,8.7408e+01,8.7047e+01,8.6588e+01,8.6344e+01,8.6568e+01,8.6720e+01,8.7092e+01,8.7408e+01,8.8106e+01,8.7732e+01,8.7007e+01,8.7002e+01,8.6442e+01,8.6626e+01,8.7289e+01,8.7906e+01,8.8543e+01,8.9209e+01,8.9467e+01,8.9870e+01,8.9143e+01,8.9157e+01,8.8282e+01,8.8036e+01,8.7641e+01,8.6971e+01,8.6631e+01,8.6280e+01,8.5945e+01,8.5664e+01,8.5402e+01,8.5315e+01,8.5461e+01,8.5521e+01,8.5689e+01,8.6071e+01,8.6067e+01,8.5936e+01,8.6213e+01,8.6005e+01,8.5696e+01,8.5837e+01,8.5708e+01,8.5722e+01,8.5915e+01,8.5763e+01,8.5440e+01,8.5293e+01,8.5206e+01,8.5320e+01,8.5501e+01,8.5840e+01,8.6219e+01,8.6508e+01,8.6849e+01,8.7568e+01,8.7447e+01,8.7002e+01,8.6934e+01,8.7004e+01,8.6643e+01,8.6193e+01,8.5799e+01,8.5778e+01,8.5669e+01,8.5828e+01,8.6028e+01,8.6181e+01,8.6372e+01,8.6678e+01,8.6594e+01,8.6811e+01,8.6835e+01,8.7312e+01,8.7391e+01,8.7406e+01,8.7504e+01,8.7021e+01,8.6767e+01,8.7259e+01,8.6966e+01,8.6522e+01,8.6232e+01,8.6386e+01,8.6006e+01,8.5634e+01,8.5541e+01,8.5761e+01,8.6151e+01,8.6708e+01,8.7166e+01,8.7594e+01,8.7858e+01,8.7655e+01,8.7719e+01,8.8051e+01,8.8317e+01,8.8709e+01,8.9023e+01,8.9365e+01,8.9889e+01,9.0381e+01,9.0760e+01,9.1056e+01,9.1174e+01,9.1446e+01,9.1898e+01,9.2308e+01,9.2474e+01,9.2625e+01,9.3003e+01,9.3577e+01,9.3370e+01,9.3458e+01,9.3450e+01,9.3562e+01,9.3489e+01,9.3724e+01,9.3562e+01,9.3187e+01,9.2956e+01,9.2863e+01,9.2612e+01,9.2347e+01,9.2457e+01,9.2604e+01,9.2839e+01,9.2790e+01,9.2692e+01,9.2730e+01,9.2873e+01,9.3146e+01,9.3178e+01
8.8244e+01,8.8636e+01,8.8825e+01,8.9088e+01,8.8781e+01,8.8256e+01,8.8410e+01,8.8214e+01,8.8887e+01,8.9546e+01,8.9567e+01,9.0559e+01,9.0689e+01,9.1640e+01,9.1182e+01,9.0388e+01,9.0136e+01,9.0316e+01,8.9756e+01,8.8960e+01,8.8457e+01,8.8336e+01,8.8756e+01,8.8967e+01,8.9336e+01,9.0059e+01,9.0470e+01,9.0247e+01,9.0003e+01,8.9626e+01,8.9300e+01,8.9150e+01,8.8408e+01,8.9129e+01,8.9177e+01,8.9290e+01,8.8999e+01,8.8800e+01,8.7952e+01,8.7248e+01,8.6888e+01,8.6425e+01,8.6180e+01,8.6407e+01,8.6560e+01,8.6936e+01,8.7258e+01,8.7964e+01,8.7588e+01,8.6855e+01,8.6852e+01,8.6284e+01,8.6468e+01,8.7139e+01,8.7765e+01,8.8408e+01,8.9081e+01,8.9341e+01,8.9744e+01,8.9009e+01,8.9022e+01,8.8140e+01,8.7891e+01,8.7489e+01,8.6813e+01,8.6468e+01,8.6113e+01,8.5775e+01,8.5491e+01,8.5229e+01,8.5143e+01,8.5289e+01,8.5353e+01,8.5524e+01,8.5909e+01,8.5908e+01,8.5777e+01,8.6061e+01,8.5851e+01,8.5537e+01,8.5681e+01,8.5548e+01,8.5557e+01,8.5749e+01,8.5592e+01,8.5269e+01,8.5124e+01,8.5037e+01,8.5154e+01,8.5336e+01,8.5676e+01,8.6059e+01,8.6351e+01,8.6694e+01,8.7419e+01,8.7295e+01,8.6847e+01,8.6779e+01,8.6848e+01,8.6482e+01,8.6029e+01,8.5633e+01,8.5611e+01,8.5503e+01,8.5662e+01,8.5863e+01,8.6019e+01,8.6210e+01,8.6518e+01,8.6430e+01,8.6644e+01,8.6668e+01,8.7144e+01,8.7221e+01,8.7237e+01,8.7335e+01,8.6851e+01,8.6599e+01,8.7093e+01,8.6802e+01,8.6356e+01,8.6066e+01,8.6223e+01,8.5842e+01,8.5468e+01,8.5376e+01,8.5597e+01,8.5989e+01,8.6550e+01,8.7010e+01,8.7441e+01,8.7706e+01,8.7505e+01,8.7569e+01,8.7903e+01,8.8171e+01,8.8566e+01,8.8880e+01,8.9224e+01,8.9752e+01,9.0245e+01,9.0626e+01,9.0923e+01,9.1040e+01,9.1315e+01,9.1768e+01,9.2178e+01,9.2344e+01,9.2498e+01,9.2879e+01,9.3456e+01,9.3251e+01,9.3342e+01,9.3335e+01,9.3449e+01,9.3373e+01,9.3612e+01,9.3450e+01,9.3073e+01,9.2838e+01,9.2744e+01,9.2489e+01,9.2221e+01,9.2331e+01,9.2476e+01,9.2715e+01,9.2668e+01,9.2567e+01,9.2603e+01,9.2745e+01,9.3017e+01,9.3049e+01
8.8074e+01,8.8483e+01,8.8688e+01,8.8970e+01,8.8654e+01,8.8129e+01,8.8295e+01,8.8092e+01,8.8766e+01,8.9434e+01,8.9451e+01,9.0449e+01,9.0590e+01,9.1547e+01,9.1094e+01,9.0302e+01,9.0055e+01,9.0233e+01,8.9666e+01,8.8869e+01,8.8352e+01,8.8238e+01,8.8659e+01,8.8882e+01,8.9250e+01,8.9976e+01,9.0383e+01,9.0160e+01,8.9907e+01,8.9526e+01,8.9194e+01,8.9042e+01,8.8292e+01,8.9017e+01,8.9060e+01,8.9169e+01,8.8873e+01,8.8669e+01,8.7814e+01,8.7106e+01,8.6743e+01,8.6271e+01,8.6026e+01,8.6261e+01,8.6413e+01,8.6802e+01,8.7133e+01,8.7852e+01,8.7474e+01,8.6730e+01,8.6729e+01,8.6149e+01,8.6333e+01,8.7021e+01,8.7657e+01,8.8307e+01,8.8985e+01,8.9245e+01,8.9647e+01,8.8903e+01,8.8915e+01,8.8024e+01,8.7771e+01,8.7362e+01,8.6677e+01,8.6324e+01,8.5963e+01,8.5618e+01,8.5327e+01,8.5061e+01,8.4978e+01,8.5128e+01,8.5196e+01,8.5372e+01,8.5765e+01,8.5765e+01,8.5631e+01,8.5916e+01,8.5699e+01,8.5376e+01,8.5514e+01,8.5374e+01,8.5381e+01,8.5568e+01,8.5412e+01,8.5092e+01,8.4950e+01,8.4867e+01,8.4982e+01,8.5157e+01,8.5493e+01,8.5873e+01,8.6163e+01,8.6506e+01,8.7231e+01,8.7109e+01,8.6661e+01,8.6592e+01,8.6663e+01,8.6302e+01,8.5848e+01,8.5458e+01,8.5446e+01,8.5345e+01,8.5503e+01,8.5714e+01,8.5876e+01,8.6070e+01,8.6381e+01,8.6287e+01,8.6501e+01,8.6526e+01,8.7004e+01,8.7077e+01,8.7094e+01,8.7188e+01,8.6698e+01,8.6445e+01,8.6941e+01,8.6645e+01,8.6193e+01,8.5898e+01,8.6050e+01,8.5666e+01,8.5294e+01,8.5199e+01,8.5416e+01,8.5808e+01,8.6367e+01,8.6830e+01,8.7262e+01,8.7532e+01,8.7328e+01,8.7394e+01,8.7730e+01,8.7998e+01,8.8395e+01,8.8708e+01,8.9053e+01,8.9582e+01,9.0076e+01,9.0458e+01,9.0756e+01,9.0873e+01,9.1148e+01,9.1601e+01,9.2011e+01,9.2177e+01,9.2334e+01,9.2718e+01,9.3298e+01,9.3095e+01,9.3185e+01,9.3180e+01,9.3294e+01,9.3216e+01,9.3458e+01,9.3295e+01,9.2916e+01,9.2677e+01,9.2580e+01,9.2324e+01,9.2055e+01,9.2165e+01,9.2309e+01,9.2553e+01,9.2509e+01,9.2405e+01,9.2441e+01,9.2582e+01,9.2854e+01,9.2888e+01
8.7905e+01,8.8323e+01,8.8546e+01,8.8831e+01,8.8496e+01,8.7973e+01,8.8145e+01,8.7942e+01,8.8606e+01,8.9277e+01,8.9290e+01,9.0291e+01,9.0447e+01,9.1409e+01,9.0969e+01,9.0184e+01,8.9951e+01,9.0138e+01,8.9576e+01,8.8776e+01,8.8251e+01,8.8122e+01,8.8530e+01,8.8761e+01,8.9125e+01,8.9851e+01,9.0250e+01,9.0027e+01,8.9768e+01,8.9386e+01,8.9050e+01,8.8900e+01,8.8148e+01,8.8869e+01,8.8907e+01,8.9011e+01,8.8713e+01,8.8503e+01,8.7647e+01,8.6944e+01,8.6580e+01,8.6106e+01,8.5864e+01,8.6103e+01,8.6253e+01,8.6650e+01,8.6988e+01,8.7714e+01,8.7343e+01,8.6598e+01,8.6607e+01,8.6026e+01,8.6206e+01,8.6897e+01,8.7534e+01,8.8178e+01,8.8860e+01,8.9126e+01,8.9524e+01,8.8777e+01,8.8783e+01,8.7888e+01,8.7626e+01,8.7211e+01,8.6526e+01,8.6168e+01,8.5808e+01,8.5459e+01,8.5169e+01,8.4907e+01,8.4833e+01,8.4989e+01,8.5066e+01,8.5240e+01,8.5639e+01,8.5648e+01,8.5519e+01,8.5814e+01,8.5596e+01,8.5266e+01,8.5404e+01,8.5257e+01,8.5259e+01,8.5441e+01,8.5279e+01,8.4958e+01,8.4817e+01,8.4732e+01,8.4850e+01,8.5021e+01,8.5351e+01,8.5724e+01,8.6025e+01,8.6365e+01,8.7089e+01,8.6959e+01,8.6507e+01,8.6441e+01,8.6501e+01,8.6136e+01,8.5692e+01,8.5306e+01,8.5297e+01,8.5198e+01,8.5349e+01,8.5563e+01,8.5735e+01,8.5931e+01,8.6249e+01,8.6157e+01,8.6363e+01,8.6381e+01,8.6853e+01,8.6922e+01,8.6934e+01,8.7023e+01,8.6531e+01,8.6277e+01,8.6769e+01,8.6473e+01,8.6023e+01,8.5731e+01,8.5882e+01,8.5504e+01,8.5139e+01,8.5051e+01,8.5268e+01,8.5654e+01,8.6210e+01,8.6668e+01,8.7097e+01,8.7369e+01,8.7172e+01,8.7238e+01,8.7576e+01,8.7844e+01,8.8243e+01,8.8557e+01,8.8902e+01,8.9432e+01,8.9929e+01,9.0312e+01,9.0609e+01,9.0726e+01,9.1001e+01,9.1456e+01,9.1865e+01,9.2030e+01,9.2187e+01,9.2575e+01,9.3156e+01,9.2954e+01,9.3047e+01,9.3041e+01,9.3154e+01,9.3073e+01,9.3317e+01,9.3157e+01,9.2778e+01,9.2538e+01,9.2441e+01,9.2185e+01,9.1915e+01,9.2029e+01,9.2173e+01,9.2418e+01,9.2376e+01,9.2270e+01,9.2304e+01,9.2446e+01,9.2719e+01,9.2753e+01
8.7631e+01,8.8071e+01,8.8312e+01,8.8612e+01,8.8271e+01,8.7757e+01,8.7935e+01,8.7728e+01,8.8386e+01,8.9062e+01,8.9072e+01,9.0075e+01,9.0240e+01,9.1204e+01,9.0767e+01,8.9983e+01,8.9753e+01,8.9937e+01,8.9369e+01,8.8569e+01,8.8038e+01,8.7916e+01,8.8326e+01,8.8562e+01,8.8926e+01,8.9652e+01,9.0047e+01,8.9823e+01,8.9559e+01,8.9174e+01,8.8831e+01,8.8680e+01,8.7921e+01,8.8641e+01,8.8673e+01,8.8770e+01,8.8467e+01,8.8251e+01,8.7391e+01,8.6687e+01,8.6323e+01,8.5840e+01,8.5601e+01,8.5852e+01,8.6003e+01,8.6415e+01,8.6761e+01,8.7498e+01,8.7128e+01,8.6376e+01,8.6389e+01,8.5798e+01,8.5980e+01,8.6683e+01,8.7327e+01,8.7972e+01,8.8657e+01,8.8925e+01,8.9321e+01,8.8568e+01,8.8570e+01,8.7668e+01,8.7400e+01,8.6976e+01,8.6286e+01,8.5918e+01,8.5554e+01,8.5197e+01,8.4901e+01,8.4637e+01,8.4569e+01,8.4733e+01,8.4815e+01,8.4995e+01,8.5402e+01,8.5413e+01,8.5281e+01,8.5579e+01,8.5354e+01,8.5015e+01,8.5147e+01,8.4991e+01,8.4990e+01,8.5167e+01,8.5004e+01,8.4687e+01,8.4548e+01,8.4468e+01,8.4584e+01,8.4744e+01,8.5065e+01,8.5428e+01,8.5730e+01,8.6067e+01,8.6788e+01,8.6655e+01,8.6203e+01,8.6137e+01,8.6195e+01,8.5837e+01,8.5403e+01,8.5029e+01,8.5034e+01,8.4943e+01,8.5087e+01,8.5313e+01,8.5496e+01,8.5694e+01,8.6018e+01,8.5921e+01,8.6125e+01,8.6140e+01,8.6611e+01,8.6672e+01,8.6681e+01,8.6764e+01,8.6266e+01,8.6010e+01,8.6500e+01,8.6199e+01,8.5744e+01,8.5449e+01,8.5592e+01,8.5216e+01,8.4858e+01,8.4770e+01,8.4979e+01,8.5359e+01,8.5911e+01,8.6367e+01,8.6796e+01,8.7067e+01,8.6869e+01,8.6938e+01,8.7279e+01,8.7547e+01,8.7951e+01,8.8266e+01,8.8612e+01,8.9146e+01,8.9645e+01,9.0031e+01,9.0329e+01,9.0446e+01,9.0723e+01,9.1180e+01,9.1592e+01,9.1758e+01,9.1916e+01,9.2305e+01,9.2890e+01,9.2689e+01,9.2785e+01,9.2781e+01,9.2896e+01,9.2814e+01,9.3062e+01,9.2900e+01,9.2516e+01,9.2273e+01,9.2173e+01,9.1913e+01,9.1641e+01,9.1757e+01,9.1901e+01,9.2148e+01,9.2107e+01,9.2000e+01,9.2034e+01,9.2175e+01,9.2449e+01,9.2482e+01
8.7430e+01,8.7871e+01,8.8122e+01,8.8412e+01,8.8056e+01,8.7553e+01,8.7722e+01,8.7514e+01,8.8157e+01,8.8830e+01,8.8842e+01,8.9844e+01,9.0016e+01,9.0983e+01,9.0555e+01,8.9779e+01,8.9559e+01,8.9751e+01,8.9192e+01,8.8393e+01,8.7866e+01,8.7731e+01,8.8125e+01,8.8360e+01,8.8714e+01,8.9436e+01,8.9823e+01,8.9598e+01,8.9329e+01,8.8944e+01,8.8598e+01,8.8449e+01,8.7691e+01,8.8408e+01,8.8437e+01,8.8532e+01,8.8231e+01,8.8013e+01,8.7155e+01,8.6455e+01,8.6091e+01,8.5612e+01,8.5376e+01,8.5625e+01,8.5775e+01,8.6188e+01,8.6535e+01,8.7273e+01,8.6912e+01,8.6164e+01,8.6185e+01,8.5599e+01,8.5779e+01,8.6480e+01,8.7118e+01,8.7756e+01,8.8440e+01,8.8714e+01,8.9105e+01,8.8351e+01,8.8347e+01,8.7445e+01,8.7172e+01,8.6746e+01,8.6061e+01,8.5694e+01,8.5334e+01,8.4978e+01,8.4689e+01,8.4431e+01,8.4369e+01,8.4534e+01,8.4621e+01,8.4795e+01,8.5202e+01,8.5221e+01,8.5097e+01,8.5402e+01,8.5183e+01,8.4845e+01,8.4985e+01,8.4827e+01,8.4823e+01,8.4999e+01,8.4829e+01,8.4507e+01,8.4368e+01,8.4282e+01,8.4403e+01,8.4568e+01,8.4889e+01,8.5251e+01,8.5565e+01,8.5900e+01,8.6621e+01,8.6478e+01,8.6022e+01,8.5962e+01,8.6004e+01,8.5634e+01,8.5211e+01,8.4831e+01,8.4830e+01,8.4735e+01,8.4873e+01,8.5096e+01,8.5282e+01,8.5481e+01,8.5809e+01,8.5716e+01,8.5913e+01,8.5923e+01,8.6389e+01,8.6449e+01,8.6455e+01,8.6537e+01,8.6041e+01,8.5785e+01,8.6271e+01,8.5972e+01,8.5523e+01,8.5232e+01,8.5379e+01,8.5010e+01,8.4656e+01,8.4578e+01,8.4794e+01,8.5170e+01,8.5722e+01,8.6170e+01,8.6596e+01,8.6871e+01,8.6682e+01,8.6749e+01,8.7095e+01,8.7365e+01,8.7772e+01,8.8090e+01,8.8437e+01,8.8973e+01,8.9473e+01,8.9859e+01,9.0156e+01,9.0275e+01,9.0552e+01,9.1009e+01,9.1421e+01,9.1586e+01,9.1744e+01,9.2132e+01,9.2718e+01,9.2518e+01,9.2614e+01,9.2611e+01,9.2727e+01,9.2645e+01,9.2894e+01,9.2731e+01,9.2347e+01,9.2102e+01,9.2000e+01,9.1743e+01,9.1470e+01,9.1586e+01,9.1730e+01,9.1978e+01,9.1939e+01,9.1833e+01,9.1867e+01,9.2009e+01,9.2284e+01,9.2317e+01
8.7077e+01,8.7511e+01,8.7765e+01,8.8066e+01,8.7719e+01,8.7231e+01,8.7425e+01,8.7246e+01,8.7895e+01,8.8549e+01,8.8541e+01,8.9537e+01,8.9704e+01,9.0666e+01,9.0231e+01,8.9452e+01,8.9231e+01,8.9416e+01,8.8852e+01,8.8056e+01,8.7524e+01,8.7400e+01,8.7802e+01,8.8050e+01,8.8415e+01,8.9132e+01,8.9528e+01,8.9315e+01,8.9057e+01,8.8682e+01,8.8342e+01,8.8198e+01,8.7447e+01,8.8163e+01,8.8193e+01,8.8293e+01,8.7997e+01,8.7781e+01,8.6927e+01,8.6232e+01,8.5869e+01,8.5396e+01,8.5159e+01,8.5401e+01,8.5549e+01,8.5951e+01,8.6292e+01,8.7020e+01,8.6662e+01,8.5923e+01,8.5943e+01,8.5364e+01,8.5542e+01,8.6231e+01,8.6862e+01,8.7492e+01,8.8174e+01,8.8450e+01,8.8843e+01,8.8097e+01,8.8094e+01,8.7199e+01,8.6930e+01,8.6511e+01,8.5831e+01,8.5471e+01,8.5116e+01,8.4764e+01,8.4479e+01,8.4222e+01,8.4157e+01,8.4320e+01,8.4404e+01,8.4574e+01,8.4976e+01,8.4992e+01,8.4869e+01,8.5170e+01,8.4954e+01,8.4621e+01,8.4762e+01,8.4609e+01,8.4609e+01,8.4790e+01,8.4622e+01,8.4298e+01,8.4156e+01,8.4068e+01,8.4187e+01,8.4354e+01,8.4676e+01,8.5039e+01,8.5348e+01,8.5685e+01,8.6404e+01,8.6266e+01,8.5810e+01,8.5745e+01,8.5790e+01,8.5424e+01,8.5000e+01,8.4620e+01,8.4614e+01,8.4517e+01,8.4657e+01,8.4876e+01,8.5056e+01,8.5254e+01,8.5579e+01,8.5491e+01,8.5691e+01,8.5700e+01,8.6166e+01,8.6229e+01,8.6235e+01,8.6320e+01,8.5829e+01,8.5574e+01,8.6059e+01,8.5761e+01,8.5315e+01,8.5025e+01,8.5173e+01,8.4804e+01,8.4449e+01,8.4370e+01,8.4586e+01,8.4965e+01,8.5516e+01,8.5964e+01,8.6390e+01,8.6665e+01,8.6474e+01,8.6542e+01,8.6887e+01,8.7154e+01,8.7561e+01,8.7876e+01,8.8222e+01,8.8756e+01,8.9251e+01,8.9639e+01,8.9934e+01,9.0052e+01,9.0328e+01,9.0785e+01,9.1197e+01,9.1360e+01,9.1517e+01,9.1907e+01,9.2492e+01,9.2294e+01,9.2391e+01,9.2389e+01,9.2505e+01,9.2424e+01,9.2675e+01,9.2514e+01,9.2131e+01,9.1888e+01,9.1787e+01,9.1529e+01,9.1257e+01,9.1370e+01,9.1515e+01,9.1764e+01,9.1722e+01,9.1615e+01,9.1647e+01,9.1789e+01,9.2066e+01,9.2098e+01
8.6741e+01,8.7183e+01,8.7433e+01,8.7751e+01,8.7422e+01,8.6929e+01,8.7132e+01,8.6954e+01,8.7615e+01,8.8272e+01,8.8261e+01,8.9258e+01,8.9419e+01,9.0379e+01,8.9934e+01,8.9146e+01,8.8915e+01,8.9089e+01,8.8511e+01,8.7715e+01,8.7175e+01,8.7070e+01,8.7493e+01,8.7744e+01,8.8119e+01,8.8839e+01,8.9243e+01,8.9033e+01,8.8776e+01,8.8401e+01,8.8061e+01,8.7916e+01,8.7163e+01,8.7881e+01,8.7911e+01,8.8010e+01,8.7713e+01,8.7496e+01,8.6638e+01,8.5939e+01,8.5574e+01,8.5096e+01,8.4858e+01,8.5105e+01,8.5254e+01,8.5659e+01,8.6002e+01,8.6732e+01,8.6369e+01,8.5624e+01,8.5639e+01,8.5054e+01,8.5233e+01,8.5926e+01,8.6563e+01,8.7200e+01,8.7885e+01,8.8159e+01,8.8556e+01,8.7810e+01,8.7810e+01,8.6913e+01,8.6644e+01,8.6223e+01,8.5539e+01,8.5174e+01,8.4815e+01,8.4458e+01,8.4167e+01,8.3904e+01,8.3837e+01,8.4002e+01,8.4083e+01,8.4259e+01,8.4665e+01,8.4675e+01,8.4544e+01,8.4840e+01,8.4617e+01,8.4280e+01,8.4414e+01,8.4260e+01,8.4262e+01,8.4441e+01,8.4278e+01,8.3958e+01,8.3817e+01,8.3735e+01,8.3850e+01,8.4012e+01,8.4331e+01,8.4691e+01,8.4990e+01,8.5327e+01,8.6044e+01,8.5914e+01,8.5461e+01,8.5392e+01,8.5447e+01,8.5095e+01,8.4668e+01,8.4294e+01,8.4296e+01,8.4203e+01,8.4348e+01,8.4572e+01,8.4753e+01,8.4954e+01,8.5280e+01,8.5189e+01,8.5394e+01,8.5405e+01,8.5874e+01,8.5936e+01,8.5941e+01,8.6026e+01,8.5530e+01,8.5273e+01,8.5761e+01,8.5459e+01,8.5006e+01,8.4712e+01,8.4854e+01,8.4481e+01,8.4125e+01,8.4038e+01,8.4247e+01,8.4627e+01,8.5176e+01,8.5628e+01,8.6057e+01,8.6330e+01,8.6134e+01,8.6204e+01,8.6548e+01,8.6814e+01,8.7222e+01,8.7534e+01,8.7881e+01,8.8416e+01,8.8912e+01,8.9303e+01,8.9599e+01,8.9715e+01,8.9990e+01,9.0448e+01,9.0863e+01,9.1027e+01,9.1185e+01,9.1578e+01,9.2165e+01,9.1968e+01,9.2066e+01,9.2065e+01,9.2182e+01,9.2101e+01,9.2355e+01,9.2194e+01,9.1812e+01,9.1568e+01,9.1465e+01,9.1207e+01,9.0932e+01,9.1045e+01,9.1191e+01,9.1441e+01,9.1399e+01,9.1290e+01,9.1320e+01,9.1461e+01,9.1739e+01,9.1768e+01
8.6476e+01,8.6881e+01,8.7114e+01,8.7444e+01,8.7138e+01,8.6663e+01,8.6876e+01,8.6717e+01,8.7381e+01,8.8023e+01,8.8000e+01,8.8989e+01,8.9140e+01,9.0093e+01,8.9639e+01,8.8849e+01,8.8614e+01,8.8778e+01,8.8193e+01,8.7403e+01,8.6861e+01,8.6775e+01,8.7209e+01,8.7466e+01,8.7848e+01,8.8562e+01,8.8974e+01,8.8774e+01,8.8528e+01,8.8161e+01,8.7825e+01,8.7685e+01,8.6939e+01,8.7655e+01,8.7687e+01,8.7789e+01,8.7496e+01,8.7280e+01,8.6425e+01,8.5728e+01,8.5363e+01,8.4888e+01,8.4650e+01,8.4893e+01,8.5040e+01,8.5437e+01,8.5777e+01,8.6498e+01,8.6138e+01,8.5400e+01,8.5415e+01,8.4835e+01,8.5012e+01,8.5696e+01,8.6326e+01,8.6956e+01,8.7639e+01,8.7916e+01,8.8316e+01,8.7578e+01,8.7578e+01,8.6687e+01,8.6421e+01,8.6006e+01,8.5326e+01,8.4966e+01,8.4609e+01,8.4253e+01,8.3964e+01,8.3700e+01,8.3632e+01,8.3796e+01,8.3874e+01,8.4049e+01,8.4453e+01,8.4459e+01,8.4326e+01,8.4617e+01,8.4395e+01,8.4062e+01,8.4196e+01,8.4045e+01,8.4048e+01,8.4229e+01,8.4067e+01,8.3747e+01,8.3607e+01,8.3525e+01,8.3641e+01,8.3804e+01,8.4126e+01,8.4488e+01,8.4783e+01,8.5120e+01,8.5834e+01,8.5706e+01,8.5256e+01,8.5188e+01,8.5246e+01,8.4894e+01,8.4466e+01,8.4089e+01,8.4088e+01,8.3993e+01,8.4141e+01,8.4362e+01,8.4540e+01,8.4742e+01,8.5068e+01,8.4980e+01,8.5188e+01,8.5199e+01,8.5669e+01,8.5732e+01,8.5736e+01,8.5820e+01,8.5326e+01,8.5068e+01,8.5555e+01,8.5253e+01,8.4802e+01,8.4508e+01,8.4651e+01,8.4279e+01,8.3922e+01,8.3834e+01,8.4043e+01,8.4424e+01,8.4973e+01,8.5426e+01,8.5855e+01,8.6130e+01,8.5936e+01,8.6005e+01,8.6349e+01,8.6613e+01,8.7019e+01,8.7331e+01,8.7676e+01,8.8209e+01,8.8703e+01,8.9093e+01,8.9387e+01,8.9502e+01,8.9776e+01,9.0233e+01,9.0649e+01,9.0814e+01,9.0973e+01,9.1368e+01,9.1956e+01,9.1760e+01,9.1856e+01,9.1857e+01,9.1974e+01,9.1894e+01,9.2151e+01,9.1989e+01,9.1607e+01,9.1363e+01,9.1259e+01,9.1000e+01,9.0726e+01,9.0839e+01,9.0985e+01,9.1235e+01,9.1192e+01,9.1081e+01,9.1108e+01,9.1248e+01,9.1526e+01,9.1554e+01
8.6307e+01,8.6717e+01,8.6959e+01,8.7298e+01,8.7004e+01,8.6545e+01,8.6759e+01,8.6604e+01,8.7263e+01,8.7899e+01,8.7872e+01,8.8850e+01,8.9000e+01,8.9945e+01,8.9490e+01,8.8706e+01,8.8472e+01,8.8626e+01,8.8035e+01,8.7257e+01,8.6718e+01,8.6648e+01,8.7083e+01,8.7342e+01,8.7722e+01,8.8429e+01,8.8840e+01,8.8646e+01,8.8404e+01,8.8041e+01,8.7705e+01,8.7570e+01,8.6827e+01,8.7542e+01,8.7568e+01,8.7670e+01,8.7379e+01,8.7157e+01,8.6299e+01,8.5604e+01,8.5236e+01,8.4756e+01,8.4519e+01,8.4768e+01,8.4913e+01,8.5315e+01,8.5659e+01,8.6381e+01,8.6026e+01,8.5286e+01,8.5303e+01,8.4719e+01,8.4894e+01,8.5579e+01,8.6212e+01,8.6838e+01,8.7523e+01,8.7803e+01,8.8205e+01,8.7470e+01,8.7468e+01,8.6577e+01,8.6307e+01,8.5891e+01,8.5211e+01,8.4848e+01,8.4492e+01,8.4129e+01,8.3837e+01,8.3568e+01,8.3503e+01,8.3673e+01,8.3751e+01,8.3930e+01,8.4339e+01,8.4342e+01,8.4204e+01,8.4492e+01,8.4263e+01,8.3926e+01,8.4052e+01,8.3897e+01,8.3898e+01,8.4074e+01,8.3916e+01,8.3602e+01,8.3465e+01,8.3390e+01,8.3503e+01,8.3659e+01,8.3975e+01,8.4328e+01,8.4615e+01,8.4944e+01,8.5648e+01,8.5525e+01,8.5082e+01,8.5017e+01,8.5080e+01,8.4739e+01,8.4319e+01,8.3950e+01,8.3957e+01,8.3867e+01,8.4013e+01,8.4241e+01,8.4423e+01,8.4630e+01,8.4960e+01,8.4873e+01,8.5083e+01,8.5092e+01,8.5564e+01,8.5625e+01,8.5624e+01,8.5704e+01,8.5204e+01,8.4943e+01,8.5427e+01,8.5120e+01,8.4663e+01,8.4367e+01,8.4501e+01,8.4130e+01,8.3779e+01,8.3689e+01,8.3890e+01,8.4266e+01,8.4806e+01,8.5257e+01,8.5681e+01,8.5956e+01,8.5760e+01,8.5830e+01,8.6174e+01,8.6436e+01,8.6840e+01,8.7150e+01,8.7494e+01,8.8024e+01,8.8516e+01,8.8908e+01,8.9205e+01,8.9321e+01,8.9594e+01,9.0053e+01,9.0470e+01,9.0635e+01,9.0796e+01,9.1192e+01,9.1782e+01,9.1586e+01,9.1680e+01,9.1680e+01,9.1797e+01,9.1716e+01,9.1973e+01,9.1811e+01,9.1429e+01,9.1184e+01,9.1081e+01,9.0821e+01,9.0548e+01,9.0663e+01,9.0810e+01,9.1061e+01,9.1017e+01,9.0904e+01,9.0929e+01,9.1069e+01,9.1347e+01,9.1372e+01
8.6124e+01,8.6531e+01,8.6757e+01,8.7093e+01,8.6807e+01,8.6339e+01,8.6554e+01,8.6396e+01,8.7068e+01,8.7710e+01,8.7683e+01,8.8667e+01,8.8811e+01,8.9756e+01,8.9292e+01,8.8497e+01,8.8250e+01,8.8391e+01,8.7787e+01,8.7012e+01,8.6474e+01,8.6421e+01,8.6871e+01,8.7128e+01,8.7514e+01,8.8227e+01,8.8645e+01,8.8448e+01,8.8207e+01,8.7841e+01,8.7506e+01,8.7369e+01,8.6622e+01,8.7341e+01,8.7371e+01,8.7475e+01,8.7182e+01,8.6962e+01,8.6099e+01,8.5397e+01,8.5027e+01,8.4543e+01,8.4304e+01,8.4555e+01,8.4702e+01,8.5105e+01,8.5450e+01,8.6173e+01,8.5810e+01,8.5065e+01,8.5075e+01,8.4486e+01,8.4666e+01,8.5356e+01,8.5993e+01,8.6627e+01,8.7312e+01,8.7587e+01,8.7993e+01,8.7257e+01,8.7260e+01,8.6368e+01,8.6101e+01,8.5684e+01,8.4999e+01,8.4634e+01,8.4271e+01,8.3905e+01,8.3606e+01,8.3331e+01,8.3262e+01,8.3431e+01,8.3506e+01,8.3691e+01,8.4102e+01,8.4098e+01,8.3950e+01,8.4231e+01,8.3996e+01,8.3657e+01,8.3777e+01,8.3624e+01,8.3624e+01,8.3800e+01,8.3647e+01,8.3337e+01,8.3204e+01,8.3135e+01,8.3248e+01,8.3402e+01,8.3721e+01,8.4075e+01,8.4351e+01,8.4680e+01,8.5383e+01,8.5268e+01,8.4831e+01,8.4764e+01,8.4840e+01,8.4508e+01,8.4081e+01,8.3712e+01,8.3725e+01,8.3635e+01,8.3788e+01,8.4018e+01,8.4198e+01,8.4405e+01,8.4733e+01,8.4643e+01,8.4858e+01,8.4872e+01,8.5351e+01,8.5414e+01,8.5415e+01,8.5496e+01,8.4990e+01,8.4727e+01,8.5217e+01,8.4906e+01,8.4441e+01,8.4142e+01,8.4272e+01,8.3896e+01,8.3539e+01,8.3442e+01,8.3638e+01,8.4017e+01,8.4558e+01,8.5017e+01,8.5445e+01,8.5721e+01,8.5520e+01,8.5590e+01,8.5930e+01,8.6190e+01,8.6595e+01,8.6904e+01,8.7250e+01,8.7785e+01,8.8279e+01,8.8674e+01,8.8969e+01,8.9083e+01,8.9356e+01,8.9815e+01,9.0233e+01,9.0400e+01,9.0561e+01,9.0959e+01,9.1551e+01,9.1355e+01,9.1448e+01,9.1449e+01,9.1568e+01,9.1486e+01,9.1744e+01,9.1579e+01,9.1195e+01,9.0949e+01,9.0844e+01,9.0584e+01,9.0310e+01,9.0424e+01,9.0571e+01,9.0820e+01,9.0777e+01,9.0666e+01,9.0691e+01,9.0832e+01,9.1111e+01,9.1135e+01
8.5943e+01,8.6331e+01,8.6551e+01,8.6883e+01,8.6607e+01,8.6157e+01,8.6370e+01,8.6219e+01,8.6885e+01,8.7516e+01,8.7485e+01,8.8456e+01,8.8595e+01,8.9531e+01,8.9066e+01,8.8280e+01,8.8037e+01,8.8173e+01,8.7571e+01,8.6808e+01,8.6279e+01,8.6232e+01,8.6676e+01,8.6932e+01,8.7314e+01,8.8017e+01,8.8433e+01,8.8242e+01,8.8005e+01,8.7646e+01,8.7315e+01,8.7182e+01,8.6443e+01,8.7159e+01,8.7191e+01,8.7299e+01,8.7013e+01,8.6796e+01,8.5938e+01,8.5242e+01,8.4874e+01,8.4397e+01,8.4158e+01,8.4402e+01,8.4548e+01,8.4942e+01,8.5280e+01,8.5995e+01,8.5638e+01,8.4904e+01,8.4916e+01,8.4337e+01,8.4514e+01,8.5194e+01,8.5820e+01,8.6444e+01,8.7122e+01,8.7400e+01,8.7802e+01,8.7074e+01,8.7075e+01,8.6191e+01,8.5927e+01,8.5517e+01,8.4840e+01,8.4482e+01,8.4126e+01,8.3764e+01,8.3471e+01,8.3201e+01,8.3133e+01,8.3301e+01,8.3375e+01,8.3554e+01,8.3960e+01,8.3958e+01,8.3815e+01,8.4095e+01,8.3865e+01,8.3532e+01,8.3657e+01,8.3508e+01,8.3513e+01,8.3693e+01,8.3539e+01,8.3224e+01,8.3086e+01,8.3011e+01,8.3124e+01,8.3282e+01,8.3602e+01,8.3959e+01,8.4241e+01,8.4573e+01,8.5277e+01,8.5160e+01,8.4719e+01,8.4650e+01,8.4719e+01,8.4380e+01,8.3955e+01,8.3583e+01,8.3588e+01,8.3495e+01,8.3647e+01,8.3871e+01,8.4048e+01,8.4255e+01,8.4583e+01,8.4498e+01,8.4713e+01,8.4725e+01,8.5202e+01,8.5269e+01,8.5268e+01,8.5351e+01,8.4850e+01,8.4586e+01,8.5074e+01,8.4765e+01,8.4306e+01,8.4009e+01,8.4141e+01,8.3768e+01,8.3412e+01,8.3319e+01,8.3521e+01,8.3902e+01,8.4444e+01,8.4899e+01,8.5325e+01,8.5601e+01,8.5406e+01,8.5475e+01,8.5818e+01,8.6079e+01,8.6486e+01,8.6797e+01,8.7143e+01,8.7678e+01,8.8171e+01,8.8565e+01,8.8861e+01,8.8973e+01,8.9245e+01,8.9704e+01,9.0125e+01,9.0293e+01,9.0453e+01,9.0852e+01,9.1443e+01,9.1246e+01,9.1339e+01,9.1339e+01,9.1457e+01,9.1377e+01,9.1636e+01,9.1473e+01,9.1091e+01,9.0847e+01,9.0744e+01,9.0484e+01,9.0212e+01,9.0326e+01,9.0474e+01,9.0723e+01,9.0677e+01,9.0564e+01,9.0590e+01,9.0731e+01,9.1010e+01,9.1031e+01
8.5778e+01,8.6143e+01,8.6339e+01,8.6658e+01,8.6396e+01,8.5948e+01,8.6156e+01,8.6008e+01,8.6676e+01,8.7304e+01,8.7273e+01,8.8243e+01,8.8373e+01,8.9306e+01,8.8833e+01,8.8042e+01,8.7791e+01,8.7919e+01,8.7311e+01,8.6557e+01,8.6038e+01,8.6001e+01,8.6449e+01,8.6701e+01,8.7082e+01,8.7784e+01,8.8205e+01,8.8015e+01,8.7783e+01,8.7425e+01,8.7100e+01,8.6964e+01,8.6231e+01,8.6948e+01,8.6989e+01,8.7105e+01,8.6823e+01,8.6616e+01,8.5762e+01,8.5063e+01,8.4697e+01,8.4228e+01,8.3984e+01,8.4218e+01,8.4366e+01,8.4748e+01,8.5077e+01,8.5780e+01,8.5421e+01,8.4693e+01,8.4700e+01,8.4130e+01,8.4311e+01,8.4982e+01,8.5599e+01,8.6222e+01,8.6892e+01,8.7163e+01,8.7564e+01,8.6842e+01,8.6849e+01,8.5974e+01,8.5719e+01,8.5318e+01,8.4644e+01,8.4293e+01,8.3938e+01,8.3584e+01,8.3294e+01,8.3027e+01,8.2952e+01,8.3113e+01,8.3182e+01,8.3357e+01,8.3755e+01,8.3750e+01,8.3609e+01,8.3887e+01,8.3665e+01,8.3341e+01,8.3472e+01,8.3333e+01,8.3342e+01,8.3530e+01,8.3375e+01,8.3053e+01,8.2912e+01,8.2832e+01,8.2947e+01,8.3115e+01,8.3444e+01,8.3812e+01,8.4098e+01,8.4440e+01,8.5155e+01,8.5038e+01,8.4589e+01,8.4515e+01,8.4582e+01,8.4232e+01,8.3797e+01,8.3416e+01,8.3410e+01,8.3310e+01,8.3468e+01,8.3683e+01,8.3850e+01,8.4051e+01,8.4372e+01,8.4289e+01,8.4507e+01,8.4523e+01,8.5002e+01,8.5077e+01,8.5083e+01,8.5174e+01,8.4678e+01,8.4417e+01,8.4911e+01,8.4605e+01,8.4150e+01,8.3853e+01,8.3992e+01,8.3614e+01,8.3249e+01,8.3157e+01,8.3368e+01,8.3758e+01,8.4311e+01,8.4769e+01,8.5201e+01,8.5479e+01,8.5285e+01,8.5355e+01,8.5699e+01,8.5964e+01,8.6373e+01,8.6686e+01,8.7036e+01,8.7576e+01,8.8072e+01,8.8468e+01,8.8763e+01,8.8873e+01,8.9145e+01,8.9604e+01,9.0024e+01,9.0194e+01,9.0354e+01,9.0753e+01,9.1344e+01,9.1145e+01,9.1236e+01,9.1238e+01,9.1360e+01,9.1281e+01,9.1540e+01,9.1375e+01,9.0994e+01,9.0752e+01,9.0649e+01,9.0388e+01,9.0117e+01,9.0227e+01,9.0377e+01,9.0628e+01,9.0580e+01,9.0465e+01,9.0490e+01,9.0630e+01,9.0910e+01,9.0933e+01
8.5517e+01,8.5869e+01,8.6067e+01,8.6378e+01,8.6117e+01,8.5688e+01,8.5891e+01,8.5748e+01,8.6407e+01,8.7025e+01,8.6991e+01,8.7948e+01,8.8077e+01,8.9002e+01,8.8535e+01,8.7756e+01,8.7518e+01,8.7648e+01,8.7051e+01,8.6305e+01,8.5794e+01,8.5749e+01,8.6182e+01,8.6435e+01,8.6807e+01,8.7500e+01,8.7911e+01,8.7725e+01,8.7492e+01,8.7136e+01,8.6809e+01,8.6674e+01,8.5946e+01,8.6657e+01,8.6700e+01,8.6816e+01,8.6538e+01,8.6334e+01,8.5486e+01,8.4793e+01,8.4430e+01,8.3968e+01,8.3728e+01,8.3957e+01,8.4107e+01,8.4486e+01,8.4808e+01,8.5506e+01,8.5154e+01,8.4436e+01,8.4450e+01,8.3886e+01,8.4066e+01,8.4731e+01,8.5340e+01,8.5952e+01,8.6616e+01,8.6890e+01,8.7283e+01,8.6564e+01,8.6565e+01,8.5696e+01,8.5441e+01,8.5042e+01,8.4376e+01,8.4028e+01,8.3677e+01,8.3328e+01,8.3044e+01,8.2783e+01,8.2712e+01,8.2871e+01,8.2945e+01,8.3115e+01,8.3511e+01,8.3513e+01,8.3381e+01,8.3667e+01,8.3450e+01,8.3127e+01,8.3265e+01,8.3125e+01,8.3133e+01,8.3325e+01,8.3163e+01,8.2835e+01,8.2691e+01,8.2605e+01,8.2723e+01,8.2896e+01,8.3226e+01,8.3597e+01,8.3892e+01,8.4236e+01,8.4954e+01,8.4830e+01,8.4375e+01,8.4303e+01,8.4359e+01,8.4001e+01,8.3568e+01,8.3183e+01,8.3171e+01,8.3066e+01,8.3219e+01,8.3428e+01,8.3595e+01,8.3794e+01,8.4116e+01,8.4037e+01,8.4249e+01,8.4260e+01,8.4734e+01,8.4810e+01,8.4814e+01,8.4907e+01,8.4415e+01,8.4158e+01,8.4650e+01,8.4348e+01,8.3899e+01,8.3608e+01,8.3751e+01,8.3378e+01,8.3013e+01,8.2930e+01,8.3147e+01,8.3537e+01,8.4092e+01,8.4546e+01,8.4975e+01,8.5255e+01,8.5063e+01,8.5132e+01,8.5478e+01,8.5742e+01,8.6151e+01,8.6466e+01,8.6813e+01,8.7353e+01,8.7846e+01,8.8241e+01,8.8535e+01,8.8646e+01,8.8917e+01,8.9377e+01,8.9797e+01,8.9966e+01,9.0126e+01,9.0523e+01,9.1114e+01,9.0916e+01,9.1007e+01,9.1008e+01,9.1129e+01,9.1051e+01,9.1310e+01,9.1146e+01,9.0763e+01,9.0523e+01,9.0418e+01,9.0155e+01,8.9883e+01,8.9995e+01,9.0143e+01,9.0393e+01,9.0341e+01,9.0225e+01,9.0250e+01,9.0391e+01,9.0672e+01,9.0691e+01
8.5175e+01,8.5509e+01,8.5681e+01,8.5977e+01,8.5725e+01,8.5294e+01,8.5490e+01,8.5347e+01,8.6012e+01,8.6629e+01,8.6599e+01,8.7561e+01,8.7681e+01,8.8611e+01,8.8133e+01,8.7346e+01,8.7103e+01,8.7237e+01,8.6641e+01,8.5891e+01,8.5387e+01,8.5340e+01,8.5773e+01,8.6021e+01,8.6393e+01,8.7088e+01,8.7503e+01,8.7313e+01,8.7081e+01,8.6723e+01,8.6400e+01,8.6263e+01,8.5536e+01,8.6253e+01,8.6305e+01,8.6430e+01,8.6154e+01,8.5959e+01,8.5110e+01,8.4411e+01,8.4048e+01,8.3592e+01,8.3345e+01,8.3564e+01,8.3716e+01,8.4085e+01,8.4400e+01,8.5091e+01,8.4735e+01,8.4021e+01,8.4031e+01,8.3474e+01,8.3658e+01,8.4318e+01,8.4921e+01,8.5532e+01,8.6192e+01,8.6463e+01,8.6856e+01,8.6138e+01,8.6144e+01,8.5278e+01,8.5031e+01,8.4639e+01,8.3972e+01,8.3630e+01,8.3278e+01,8.2937e+01,8.2654e+01,8.2397e+01,8.2318e+01,8.2470e+01,8.2542e+01,8.2709e+01,8.3098e+01,8.3102e+01,8.2974e+01,8.3264e+01,8.3055e+01,8.2738e+01,8.2887e+01,8.2756e+01,8.2767e+01,8.2969e+01,8.2802e+01,8.2463e+01,8.2314e+01,8.2220e+01,8.2342e+01,8.2528e+01,8.2867e+01,8.3253e+01,8.3557e+01,8.3914e+01,8.4648e+01,8.4523e+01,8.4054e+01,8.3974e+01,8.4025e+01,8.3653e+01,8.3208e+01,8.2811e+01,8.2786e+01,8.2672e+01,8.2831e+01,8.3029e+01,8.3187e+01,8.3381e+01,8.3698e+01,8.3619e+01,8.3833e+01,8.3847e+01,8.4325e+01,8.4408e+01,8.4420e+01,8.4523e+01,8.4035e+01,8.3781e+01,8.4285e+01,8.3986e+01,8.3540e+01,8.3248e+01,8.3401e+01,8.3022e+01,8.2645e+01,8.2564e+01,8.2795e+01,8.3196e+01,8.3766e+01,8.4225e+01,8.4668e+01,8.4946e+01,8.4757e+01,8.4828e+01,8.5177e+01,8.5445e+01,8.5856e+01,8.6171e+01,8.6522e+01,8.7064e+01,8.7559e+01,8.7955e+01,8.8250e+01,8.8359e+01,8.8631e+01,8.9092e+01,8.9516e+01,8.9687e+01,8.9846e+01,9.0244e+01,9.0835e+01,9.0636e+01,9.0727e+01,9.0730e+01,9.0853e+01,9.0777e+01,9.1039e+01,9.0878e+01,9.0496e+01,9.0255e+01,9.0149e+01,8.9883e+01,8.9610e+01,8.9719e+01,8.9868e+01,9.0122e+01,9.0067e+01,8.9948e+01,8.9973e+01,9.0112e+01,9.0394e+01,9.0411e+01
8.4974e+01,8.5300e+01,8.5454e+01,8.5724e+01,8.5482e+01,8.5048e+01,8.5233e+01,8.5092e+01,8.5760e+01,8.6372e+01,8.6346e+01,8.7303e+01,8.7406e+01,8.8327e+01,8.7835e+01,8.7043e+01,8.6785e+01,8.6902e+01,8.6303e+01,8.5580e+01,8.5105e+01,8.5067e+01,8.5498e+01,8.5734e+01,8.6104e+01,8.6795e+01,8.7218e+01,8.7032e+01,8.6807e+01,8.6450e+01,8.6133e+01,8.5995e+01,8.5274e+01,8.5993e+01,8.6053e+01,8.6185e+01,8.5916e+01,8.5730e+01,8.4884e+01,8.4182e+01,8.3818e+01,8.3370e+01,8.3118e+01,8.3328e+01,8.3479e+01,8.3837e+01,8.4143e+01,8.4822e+01,8.4465e+01,8.3759e+01,8.3765e+01,8.3217e+01,8.3403e+01,8.4053e+01,8.4646e+01,8.5254e+01,8.5905e+01,8.6170e+01,8.6563e+01,8.5854e+01,8.5865e+01,8.5009e+01,8.4771e+01,8.4389e+01,8.3727e+01,8.3394e+01,8.3044e+01,8.2710e+01,8.2430e+01,8.2173e+01,8.2087e+01,8.2233e+01,8.2300e+01,8.2463e+01,8.2844e+01,8.2845e+01,8.2720e+01,8.3006e+01,8.2804e+01,8.2495e+01,8.2650e+01,8.2526e+01,8.2543e+01,8.2753e+01,8.2586e+01,8.2241e+01,8.2088e+01,8.1989e+01,8.2112e+01,8.2305e+01,8.2651e+01,8.3045e+01,8.3351e+01,8.3716e+01,8.4457e+01,8.4334e+01,8.3859e+01,8.3773e+01,8.3822e+01,8.3444e+01,8.2990e+01,8.2588e+01,8.2555e+01,8.2436e+01,8.2601e+01,8.2791e+01,8.2939e+01,8.3131e+01,8.3441e+01,8.3366e+01,8.3584e+01,8.3603e+01,8.4084e+01,8.4176e+01,8.4193e+01,8.4304e+01,8.3821e+01,8.3567e+01,8.4077e+01,8.3780e+01,8.3335e+01,8.3041e+01,8.3199e+01,8.2813e+01,8.2428e+01,8.2346e+01,8.2585e+01,8.2994e+01,8.3571e+01,8.4035e+01,8.4482e+01,8.4759e+01,8.4570e+01,8.4645e+01,8.4995e+01,8.5265e+01,8.5675e+01,8.5988e+01,8.6339e+01,8.6881e+01,8.7377e+01,8.7774e+01,8.8070e+01,8.8179e+01,8.8452e+01,8.8914e+01,8.9339e+01,8.9509e+01,8.9669e+01,9.0069e+01,9.0660e+01,9.0462e+01,9.0553e+01,9.0556e+01,9.0679e+01,9.0602e+01,9.0865e+01,9.0705e+01,9.0322e+01,9.0082e+01,8.9974e+01,8.9706e+01,8.9433e+01,8.9541e+01,8.9692e+01,8.9946e+01,8.9888e+01,8.9768e+01,8.9790e+01,8.9929e+01,9.0213e+01,9.0230e+01
8.4756e+01,8.5081e+01,8.5219e+01,8.5470e+01,8.5230e+01,8.4781e+01,8.4957e+01,8.4812e+01,8.5490e+01,8.6106e+01,8.6087e+01,8.7053e+01,8.7141e+01,8.8067e+01,8.7559e+01,8.6751e+01,8.6472e+01,8.6579e+01,8.5969e+01,8.5258e+01,8.4810e+01,8.4774e+01,8.5210e+01,8.5433e+01,8.5803e+01,8.6499e+01,8.6930e+01,8.6738e+01,8.6517e+01,8.6156e+01,8.5842e+01,8.5699e+01,8.4978e+01,8.5705e+01,8.5775e+01,8.5913e+01,8.5645e+01,8.5466e+01,8.4618e+01,8.3908e+01,8.3543e+01,8.3097e+01,8.2840e+01,8.3043e+01,8.3197e+01,8.3547e+01,8.3847e+01,8.4519e+01,8.4153e+01,8.3449e+01,8.3447e+01,8.2903e+01,8.3094e+01,8.3740e+01,8.4329e+01,8.4942e+01,8.5588e+01,8.5846e+01,8.6243e+01,8.5536e+01,8.5556e+01,8.4705e+01,8.4476e+01,8.4101e+01,8.3437e+01,8.3107e+01,8.2753e+01,8.2423e+01,8.2140e+01,8.1880e+01,8.1785e+01,8.1924e+01,8.1986e+01,8.2151e+01,8.2526e+01,8.2522e+01,8.2395e+01,8.2678e+01,8.2481e+01,8.2179e+01,8.2338e+01,8.2221e+01,8.2237e+01,8.2452e+01,8.2282e+01,8.1935e+01,8.1784e+01,8.1685e+01,8.1812e+01,8.2015e+01,8.2371e+01,8.2777e+01,8.3084e+01,8.3457e+01,8.4209e+01,8.4088e+01,8.3607e+01,8.3518e+01,8.3570e+01,8.3184e+01,8.2718e+01,8.2307e+01,8.2266e+01,8.2141e+01,8.2313e+01,8.2498e+01,8.2636e+01,8.2823e+01,8.3126e+01,8.3049e+01,8.3273e+01,8.3299e+01,8.3788e+01,8.3887e+01,8.3911e+01,8.4031e+01,8.3548e+01,8.3296e+01,8.3816e+01,8.3520e+01,8.3073e+01,8.2776e+01,8.2939e+01,8.2544e+01,8.2146e+01,8.2062e+01,8.2307e+01,8.2728e+01,8.3317e+01,8.3791e+01,8.4247e+01,8.4525e+01,8.4337e+01,8.4415e+01,8.4763e+01,8.5035e+01,8.5446e+01,8.5758e+01,8.6110e+01,8.6655e+01,8.7153e+01,8.7554e+01,8.7855e+01,8.7965e+01,8.8239e+01,8.8703e+01,8.9131e+01,8.9302e+01,8.9462e+01,8.9863e+01,9.0454e+01,9.0256e+01,9.0350e+01,9.0355e+01,9.0477e+01,9.0401e+01,9.0668e+01,9.0511e+01,9.0126e+01,8.9885e+01,8.9776e+01,8.9505e+01,8.9230e+01,8.9338e+01,8.9488e+01,8.9744e+01,8.9687e+01,8.9567e+01,8.9590e+01,8.9727e+01,9.0011e+01,9.0029e+01
8.4538e+01,8.4854e+01,8.4997e+01,8.5231e+01,8.4989e+01,8.4553e+01,8.4720e+01,8.4578e+01,8.5247e+01,8.5852e+01,8.5833e+01,8.6782e+01,8.6862e+01,8.7772e+01,8.7264e+01,8.6471e+01,8.6201e+01,8.6304e+01,8.5727e+01,8.5036e+01,8.4602e+01,8.4551e+01,8.4969e+01,8.5185e+01,8.5543e+01,8.6226e+01,8.6655e+01,8.6468e+01,8.6249e+01,8.5890e+01,8.5575e+01,8.5433e+01,8.4717e+01,8.5438e+01,8.5508e+01,8.5648e+01,8.5385e+01,8.5209e+01,8.4367e+01,8.3661e+01,8.3298e+01,8.2858e+01,8.2602e+01,8.2802e+01,8.2957e+01,8.3304e+01,8.3598e+01,8.4266e+01,8.3906e+01,8.3210e+01,8.3213e+01,8.2674e+01,8.2864e+01,8.3505e+01,8.4086e+01,8.4689e+01,8.5330e+01,8.5591e+01,8.5982e+01,8.5280e+01,8.5295e+01,8.4450e+01,8.4221e+01,8.3850e+01,8.3192e+01,8.2867e+01,8.2517e+01,8.2190e+01,8.1910e+01,8.1652e+01,8.1558e+01,8.1697e+01,8.1761e+01,8.1923e+01,8.2297e+01,8.2297e+01,8.2175e+01,8.2461e+01,8.2268e+01,8.1966e+01,8.2129e+01,8.2013e+01,8.2028e+01,8.2246e+01,8.2072e+01,8.1721e+01,8.1568e+01,8.1466e+01,8.1595e+01,8.1801e+01,8.2157e+01,8.2565e+01,8.2877e+01,8.3251e+01,8.4004e+01,8.3880e+01,8.3396e+01,8.3307e+01,8.3353e+01,8.2962e+01,8.2498e+01,8.2084e+01,8.2040e+01,8.1913e+01,8.2082e+01,8.2263e+01,8.2401e+01,8.2587e+01,8.2892e+01,8.2818e+01,8.3041e+01,8.3063e+01,8.3550e+01,8.3652e+01,8.3674e+01,8.3795e+01,8.3317e+01,8.3064e+01,8.3583e+01,8.3289e+01,8.2846e+01,8.2551e+01,8.2715e+01,8.2321e+01,8.1923e+01,8.1843e+01,8.2092e+01,8.2513e+01,8.3103e+01,8.3574e+01,8.4028e+01,8.4306e+01,8.4120e+01,8.4199e+01,8.4550e+01,8.4823e+01,8.5233e+01,8.5544e+01,8.5895e+01,8.6438e+01,8.6935e+01,8.7336e+01,8.7639e+01,8.7748e+01,8.8024e+01,8.8491e+01,8.8919e+01,8.9089e+01,8.9248e+01,8.9647e+01,9.0238e+01,9.0036e+01,9.0131e+01,9.0136e+01,9.0259e+01,9.0184e+01,9.0452e+01,9.0295e+01,8.9911e+01,8.9673e+01,8.9564e+01,8.9291e+01,8.9018e+01,8.9123e+01,8.9275e+01,8.9529e+01,8.9469e+01,8.9348e+01,8.9370e+01,8.9506e+01,8.9793e+01,8.9811e+01
8.4230e+01,8.4539e+01,8.4683e+01,8.4888e+01,8.4638e+01,8.4209e+01,8.4361e+01,8.4219e+01,8.4879e+01,8.5476e+01,8.5462e+01,8.6401e+01,8.6474e+01,8.7379e+01,8.6872e+01,8.6087e+01,8.5835e+01,8.5964e+01,8.5420e+01,8.4715e+01,8.4287e+01,8.4210e+01,8.4607e+01,8.4816e+01,8.5164e+01,8.5840e+01,8.6263e+01,8.6075e+01,8.5855e+01,8.5493e+01,8.5177e+01,8.5036e+01,8.4322e+01,8.5043e+01,8.5116e+01,8.5259e+01,8.4998e+01,8.4826e+01,8.3986e+01,8.3280e+01,8.2917e+01,8.2480e+01,8.2224e+01,8.2418e+01,8.2573e+01,8.2916e+01,8.3207e+01,8.3870e+01,8.3515e+01,8.2824e+01,8.2832e+01,8.2297e+01,8.2485e+01,8.3123e+01,8.3697e+01,8.4294e+01,8.4932e+01,8.5196e+01,8.5585e+01,8.4884e+01,8.4898e+01,8.4056e+01,8.3829e+01,8.3461e+01,8.2807e+01,8.2486e+01,8.2139e+01,8.1817e+01,8.1540e+01,8.1282e+01,8.1186e+01,8.1324e+01,8.1388e+01,8.1546e+01,8.1918e+01,8.1922e+01,8.1806e+01,8.2098e+01,8.1909e+01,8.1608e+01,8.1777e+01,8.1662e+01,8.1677e+01,8.1898e+01,8.1719e+01,8.1363e+01,8.1209e+01,8.1101e+01,8.1233e+01,8.1445e+01,8.1805e+01,8.2218e+01,8.2539e+01,8.2918e+01,8.3678e+01,8.3550e+01,8.3058e+01,8.2967e+01,8.3006e+01,8.2605e+01,8.2139e+01,8.1720e+01,8.1668e+01,8.1538e+01,8.1707e+01,8.1883e+01,8.2018e+01,8.2205e+01,8.2510e+01,8.2440e+01,8.2663e+01,8.2684e+01,8.3171e+01,8.3277e+01,8.3298e+01,8.3424e+01,8.2949e+01,8.2695e+01,8.3215e+01,8.2922e+01,8.2484e+01,8.2189e+01,8.2358e+01,8.1962e+01,8.1558e+01,8.1484e+01,8.1741e+01,8.2165e+01,8.2762e+01,8.3233e+01,8.3690e+01,8.3971e+01,8.3789e+01,8.3864e+01,8.4216e+01,8.4490e+01,8.4901e+01,8.5211e+01,8.5562e+01,8.6109e+01,8.6609e+01,8.7012e+01,8.7317e+01,8.7427e+01,8.7705e+01,8.8173e+01,8.8604e+01,8.8776e+01,8.8935e+01,8.9334e+01,8.9927e+01,8.9722e+01,8.9818e+01,8.9828e+01,8.9951e+01,8.9879e+01,9.0150e+01,8.9989e+01,8.9603e+01,8.9364e+01,8.9253e+01,8.8976e+01,8.8698e+01,8.8800e+01,8.8951e+01,8.9204e+01,8.9144e+01,8.9024e+01,8.9047e+01,8.9183e+01,8.9470e+01,8.9486e+01
8.3924e+01,8.4231e+01,8.4391e+01,8.4598e+01,8.4335e+01,8.3926e+01,8.4078e+01,8.3939e+01,8.4583e+01,8.5171e+01,8.5152e+01,8.6075e+01,8.6156e+01,8.7052e+01,8.6568e+01,8.5814e+01,8.5598e+01,8.5752e+01,8.5216e+01,8.4494e+01,8.4046e+01,8.3955e+01,8.4336e+01,8.4555e+01,8.4892e+01,8.5557e+01,8.5963e+01,8.5778e+01,8.5550e+01,8.5190e+01,8.4870e+01,8.4733e+01,8.4021e+01,8.4737e+01,8.4805e+01,8.4946e+01,8.4689e+01,8.4516e+01,8.3678e+01,8.2976e+01,8.2612e+01,8.2178e+01,8.1922e+01,8.2116e+01,8.2269e+01,8.2615e+01,8.2910e+01,8.3575e+01,8.3229e+01,8.2540e+01,8.2556e+01,8.2019e+01,8.2202e+01,8.2842e+01,8.3418e+01,8.4007e+01,8.4647e+01,8.4920e+01,8.5305e+01,8.4603e+01,8.4607e+01,8.3764e+01,8.3530e+01,8.3161e+01,8.2511e+01,8.2192e+01,8.1849e+01,8.1526e+01,8.1251e+01,8.0992e+01,8.0898e+01,8.1040e+01,8.1107e+01,8.1264e+01,8.1640e+01,8.1649e+01,8.1536e+01,8.1833e+01,8.1643e+01,8.1339e+01,8.1509e+01,8.1392e+01,8.1408e+01,8.1631e+01,8.1452e+01,8.1090e+01,8.0932e+01,8.0821e+01,8.0952e+01,8.1163e+01,8.1519e+01,8.1929e+01,8.2253e+01,8.2634e+01,8.3392e+01,8.3262e+01,8.2766e+01,8.2674e+01,8.2706e+01,8.2303e+01,8.1843e+01,8.1427e+01,8.1376e+01,8.1248e+01,8.1414e+01,8.1591e+01,8.1730e+01,8.1920e+01,8.2231e+01,8.2164e+01,8.2385e+01,8.2400e+01,8.2884e+01,8.2992e+01,8.3008e+01,8.3134e+01,8.2661e+01,8.2403e+01,8.2919e+01,8.2626e+01,8.2192e+01,8.1897e+01,8.2065e+01,8.1670e+01,8.1268e+01,8.1197e+01,8.1456e+01,8.1878e+01,8.2473e+01,8.2940e+01,8.3391e+01,8.3673e+01,8.3492e+01,8.3564e+01,8.3916e+01,8.4189e+01,8.4600e+01,8.4912e+01,8.5261e+01,8.5807e+01,8.6307e+01,8.6710e+01,8.7020e+01,8.7131e+01,8.7410e+01,8.7882e+01,8.8315e+01,8.8486e+01,8.8644e+01,8.9041e+01,8.9635e+01,8.9428e+01,8.9525e+01,8.9535e+01,8.9658e+01,8.9587e+01,8.9858e+01,8.9696e+01,8.9311e+01,8.9074e+01,8.8965e+01,8.8687e+01,8.8410e+01,8.8512e+01,8.8663e+01,8.8913e+01,8.8853e+01,8.8733e+01,8.8758e+01,8.8892e+01,8.9180e+01,8.9194e+01
8.3727e+01,8.4031e+01,8.4192e+01,8.4376e+01,8.4100e+01,8.3686e+01,8.3815e+01,8.3669e+01,8.4307e+01,8.4890e+01,8.4886e+01,8.5799e+01,8.5861e+01,8.6743e+01,8.6253e+01,8.5517e+01,8.5309e+01,8.5477e+01,8.4966e+01,8.4248e+01,8.3817e+01,8.3710e+01,8.4074e+01,8.4271e+01,8.4589e+01,8.5242e+01,8.5643e+01,8.5454e+01,8.5227e+01,8.4863e+01,8.4543e+01,8.4405e+01,8.3698e+01,8.4417e+01,8.4490e+01,8.4638e+01,8.4387e+01,8.4220e+01,8.3386e+01,8.2681e+01,8.2316e+01,8.1888e+01,8.1628e+01,8.1814e+01,8.1969e+01,8.2308e+01,8.2594e+01,8.3252e+01,8.2906e+01,8.2223e+01,8.2237e+01,8.1705e+01,8.1893e+01,8.2528e+01,8.3096e+01,8.3682e+01,8.4315e+01,8.4585e+01,8.4967e+01,8.4268e+01,8.4275e+01,8.3439e+01,8.3211e+01,8.2850e+01,8.2203e+01,8.1891e+01,8.1551e+01,8.1235e+01,8.0963e+01,8.0701e+01,8.0596e+01,8.0731e+01,8.0795e+01,8.0951e+01,8.1321e+01,8.1331e+01,8.1221e+01,8.1520e+01,8.1336e+01,8.1037e+01,8.1216e+01,8.1105e+01,8.1124e+01,8.1357e+01,8.1176e+01,8.0803e+01,8.0640e+01,8.0524e+01,8.0660e+01,8.0881e+01,8.1245e+01,8.1666e+01,8.1995e+01,8.2384e+01,8.3150e+01,8.3021e+01,8.2517e+01,8.2420e+01,8.2448e+01,8.2037e+01,8.1569e+01,8.1145e+01,8.1084e+01,8.0949e+01,8.1119e+01,8.1288e+01,8.1419e+01,8.1605e+01,8.1912e+01,8.1846e+01,8.2070e+01,8.2089e+01,8.2577e+01,8.2693e+01,8.2714e+01,8.2849e+01,8.2381e+01,8.2122e+01,8.2644e+01,8.2353e+01,8.1925e+01,8.1628e+01,8.1804e+01,8.1403e+01,8.0989e+01,8.0919e+01,8.1189e+01,8.1618e+01,8.2222e+01,8.2694e+01,8.3150e+01,8.3429e+01,8.3250e+01,8.3322e+01,8.3677e+01,8.3952e+01,8.4365e+01,8.4676e+01,8.5027e+01,8.5576e+01,8.6078e+01,8.6483e+01,8.6794e+01,8.6906e+01,8.7187e+01,8.7660e+01,8.8096e+01,8.8267e+01,8.8423e+01,8.8821e+01,8.9417e+01,8.9208e+01,8.9301e+01,8.9311e+01,8.9436e+01,8.9367e+01,8.9636e+01,8.9472e+01,8.9087e+01,8.8851e+01,8.8743e+01,8.8465e+01,8.8187e+01,8.8287e+01,8.8438e+01,8.8688e+01,8.8628e+01,8.8508e+01,8.8534e+01,8.8668e+01,8.8954e+01,8.8969e+01
8.3456e+01,8.3759e+01,8.3923e+01,8.4103e+01,8.3820e+01,8.3402e+01,8.3521e+01,8.3368e+01,8.4001e+01,8.4583e+01,8.4589e+01,8.5495e+01,8.5547e+01,8.6414e+01,8.5924e+01,8.5203e+01,8.4990e+01,8.5159e+01,8.4662e+01,8.3951e+01,8.3529e+01,8.3419e+01,8.3779e+01,8.3963e+01,8.4269e+01,8.4911e+01,8.5307e+01,8.5113e+01,8.4884e+01,8.4515e+01,8.4193e+01,8.4053e+01,8.3348e+01,8.4068e+01,8.4146e+01,8.4298e+01,8.4049e+01,8.3885e+01,8.3052e+01,8.2346e+01,8.1980e+01,8.1554e+01,8.1291e+01,8.1474e+01,8.1629e+01,8.1966e+01,8.2249e+01,8.2903e+01,8.2555e+01,8.1875e+01,8.1887e+01,8.1356e+01,8.1546e+01,8.2182e+01,8.2747e+01,8.3332e+01,8.3959e+01,8.4226e+01,8.4606e+01,8.3910e+01,8.3918e+01,8.3087e+01,8.2864e+01,8.2507e+01,8.1862e+01,8.1555e+01,8.1217e+01,8.0907e+01,8.0638e+01,8.0370e+01,8.0255e+01,8.0386e+01,8.0441e+01,8.0598e+01,8.0966e+01,8.0970e+01,8.0857e+01,8.1152e+01,8.0969e+01,8.0672e+01,8.0849e+01,8.0742e+01,8.0760e+01,8.0997e+01,8.0819e+01,8.0446e+01,8.0284e+01,8.0172e+01,8.0309e+01,8.0534e+01,8.0903e+01,8.1329e+01,8.1657e+01,8.2049e+01,8.2819e+01,8.2692e+01,8.2187e+01,8.2088e+01,8.2119e+01,8.1705e+01,8.1233e+01,8.0807e+01,8.0745e+01,8.0609e+01,8.0783e+01,8.0948e+01,8.1074e+01,8.1258e+01,8.1559e+01,8.1492e+01,8.1721e+01,8.1745e+01,8.2235e+01,8.2358e+01,8.2380e+01,8.2520e+01,8.2058e+01,8.1797e+01,8.2321e+01,8.2031e+01,8.1604e+01,8.1306e+01,8.1483e+01,8.1077e+01,8.0656e+01,8.0580e+01,8.0851e+01,8.1286e+01,8.1893e+01,8.2371e+01,8.2826e+01,8.3104e+01,8.2923e+01,8.2992e+01,8.3346e+01,8.3621e+01,8.4033e+01,8.4343e+01,8.4692e+01,8.5242e+01,8.5745e+01,8.6148e+01,8.6459e+01,8.6568e+01,8.6849e+01,8.7323e+01,8.7760e+01,8.7933e+01,8.8090e+01,8.8489e+01,8.9086e+01,8.8873e+01,8.8963e+01,8.8974e+01,8.9100e+01,8.9035e+01,8.9304e+01,8.9137e+01,8.8751e+01,8.8516e+01,8.8408e+01,8.8130e+01,8.7852e+01,8.7953e+01,8.8103e+01,8.8354e+01,8.8292e+01,8.8173e+01,8.8197e+01,8.8334e+01,8.8622e+01,8.8639e+01
8.3146e+01,8.3451e+01,8.3614e+01,8.3795e+01,8.3507e+01,8.3079e+01,8.3190e+01,8.3030e+01,8.3664e+01,8.4252e+01,8.4267e+01,8.5181e+01,8.5232e+01,8.6108e+01,8.5613e+01,8.4877e+01,8.4649e+01,8.4823e+01,8.4334e+01,8.3621e+01,8.3206e+01,8.3092e+01,8.3451e+01,8.3625e+01,8.3928e+01,8.4574e+01,8.4972e+01,8.4768e+01,8.4537e+01,8.4163e+01,8.3842e+01,8.3699e+01,8.2994e+01,8.3720e+01,8.3801e+01,8.3959e+01,8.3713e+01,8.3555e+01,8.2720e+01,8.2008e+01,8.1640e+01,8.1215e+01,8.0945e+01,8.1122e+01,8.1277e+01,8.1610e+01,8.1890e+01,8.2543e+01,8.2187e+01,8.1504e+01,8.1509e+01,8.0978e+01,8.1173e+01,8.1811e+01,8.2376e+01,8.2968e+01,8.3594e+01,8.3857e+01,8.4241e+01,8.3544e+01,8.3557e+01,8.2726e+01,8.2508e+01,8.2155e+01,8.1507e+01,8.1203e+01,8.0863e+01,8.0558e+01,8.0289e+01,8.0020e+01,7.9888e+01,8.0005e+01,8.0056e+01,8.0219e+01,8.0582e+01,8.0583e+01,8.0467e+01,8.0763e+01,8.0583e+01,8.0290e+01,8.0476e+01,8.0379e+01,8.0403e+01,8.0654e+01,8.0480e+01,8.0093e+01,7.9921e+01,7.9804e+01,7.9944e+01,8.0178e+01,8.0554e+01,8.0989e+01,8.1317e+01,8.1717e+01,8.2494e+01,8.2370e+01,8.1859e+01,8.1754e+01,8.1784e+01,8.1367e+01,8.0888e+01,8.0458e+01,8.0390e+01,8.0249e+01,8.0430e+01,8.0589e+01,8.0706e+01,8.0886e+01,8.1181e+01,8.1109e+01,8.1342e+01,8.1374e+01,8.1870e+01,8.2001e+01,8.2031e+01,8.2181e+01,8.1722e+01,8.1462e+01,8.1994e+01,8.1707e+01,8.1281e+01,8.0980e+01,8.1164e+01,8.0749e+01,8.0319e+01,8.0237e+01,8.0514e+01,8.0955e+01,8.1570e+01,8.2053e+01,8.2516e+01,8.2790e+01,8.2607e+01,8.2677e+01,8.3033e+01,8.3309e+01,8.3722e+01,8.4028e+01,8.4377e+01,8.4927e+01,8.5430e+01,8.5834e+01,8.6143e+01,8.6249e+01,8.6530e+01,8.7002e+01,8.7438e+01,8.7613e+01,8.7771e+01,8.8173e+01,8.8774e+01,8.8559e+01,8.8646e+01,8.8656e+01,8.8785e+01,8.8718e+01,8.8987e+01,8.8818e+01,8.8431e+01,8.8195e+01,8.8086e+01,8.7807e+01,8.7528e+01,8.7630e+01,8.7782e+01,8.8035e+01,8.7973e+01,8.7852e+01,8.7878e+01,8.8014e+01,8.8303e+01,8.8322e+01
8.2980e+01,8.3288e+01,8.3462e+01,8.3647e+01,8.3349e+01,8.2921e+01,8.3026e+01,8.2859e+01,8.3484e+01,8.4072e+01,8.4096e+01,8.5006e+01,8.5060e+01,8.5931e+01,8.5452e+01,8.4735e+01,8.4515e+01,8.4696e+01,8.4209e+01,8.3493e+01,8.3074e+01,8.2951e+01,8.3304e+01,8.3470e+01,8.3760e+01,8.4396e+01,8.4784e+01,8.4577e+01,8.4345e+01,8.3968e+01,8.3641e+01,8.3491e+01,8.2786e+01,8.3504e+01,8.3589e+01,8.3745e+01,8.3499e+01,8.3346e+01,8.2519e+01,8.1811e+01,8.1454e+01,8.1037e+01,8.0774e+01,8.0949e+01,8.1115e+01,8.1446e+01,8.1717e+01,8.2368e+01,8.2013e+01,8.1336e+01,8.1342e+01,8.0817e+01,8.1021e+01,8.1660e+01,8.2216e+01,8.2805e+01,8.3421e+01,8.3679e+01,8.4052e+01,8.3350e+01,8.3360e+01,8.2530e+01,8.2312e+01,8.1958e+01,8.1313e+01,8.1006e+01,8.0665e+01,8.0368e+01,8.0101e+01,7.9848e+01,7.9720e+01,7.9828e+01,7.9893e+01,8.0055e+01,8.0412e+01,8.0425e+01,8.0322e+01,8.0629e+01,8.0461e+01,8.0172e+01,8.0370e+01,8.0274e+01,8.0298e+01,8.0549e+01,8.0366e+01,7.9973e+01,7.9796e+01,7.9667e+01,7.9815e+01,8.0056e+01,8.0434e+01,8.0869e+01,8.1207e+01,8.1607e+01,8.2385e+01,8.2252e+01,8.1738e+01,8.1638e+01,8.1661e+01,8.1235e+01,8.0759e+01,8.0320e+01,8.0244e+01,8.0092e+01,8.0262e+01,8.0411e+01,8.0529e+01,8.0698e+01,8.0990e+01,8.0916e+01,8.1136e+01,8.1165e+01,8.1654e+01,8.1780e+01,8.1814e+01,8.1965e+01,8.1513e+01,8.1262e+01,8.1794e+01,8.1518e+01,8.1100e+01,8.0811e+01,8.1004e+01,8.0598e+01,8.0170e+01,8.0100e+01,8.0384e+01,8.0818e+01,8.1435e+01,8.1915e+01,8.2377e+01,8.2649e+01,8.2464e+01,8.2529e+01,8.2883e+01,8.3155e+01,8.3564e+01,8.3867e+01,8.4214e+01,8.4762e+01,8.5264e+01,8.5668e+01,8.5979e+01,8.6083e+01,8.6365e+01,8.6840e+01,8.7278e+01,8.7454e+01,8.7614e+01,8.8015e+01,8.8618e+01,8.8399e+01,8.8483e+01,8.8495e+01,8.8628e+01,8.8564e+01,8.8832e+01,8.8661e+01,8.8273e+01,8.8039e+01,8.7930e+01,8.7651e+01,8.7372e+01,8.7473e+01,8.7625e+01,8.7879e+01,8.7816e+01,8.7695e+01,8.7721e+01,8.7857e+01,8.8147e+01,8.8167e+01
8.2753e+01,8.3060e+01,8.3238e+01,8.3424e+01,8.3121e+01,8.2692e+01,8.2795e+01,8.2624e+01,8.3247e+01,8.3838e+01,8.3864e+01,8.4772e+01,8.4832e+01,8.5703e+01,8.5232e+01,8.4516e+01,8.4292e+01,8.4466e+01,8.3976e+01,8.3260e+01,8.2842e+01,8.2719e+01,8.3074e+01,8.3242e+01,8.3532e+01,8.4172e+01,8.4553e+01,8.4336e+01,8.4096e+01,8.3714e+01,8.3388e+01,8.3239e+01,8.2535e+01,8.3260e+01,8.3344e+01,8.3506e+01,8.3266e+01,8.3116e+01,8.2288e+01,8.1577e+01,8.1214e+01,8.0799e+01,8.0528e+01,8.0696e+01,8.0858e+01,8.1186e+01,8.1457e+01,8.2107e+01,8.1748e+01,8.1067e+01,8.1067e+01,8.0539e+01,8.0746e+01,8.1386e+01,8.1946e+01,8.2540e+01,8.3158e+01,8.3412e+01,8.3789e+01,8.3087e+01,8.3102e+01,8.2273e+01,8.2060e+01,8.1710e+01,8.1063e+01,8.0763e+01,8.0424e+01,8.0134e+01,7.9873e+01,7.9616e+01,7.9473e+01,7.9562e+01,7.9614e+01,7.9778e+01,8.0130e+01,8.0136e+01,8.0029e+01,8.0335e+01,8.0173e+01,7.9892e+01,8.0098e+01,8.0014e+01,8.0051e+01,8.0315e+01,8.0142e+01,7.9739e+01,7.9547e+01,7.9408e+01,7.9552e+01,7.9800e+01,8.0180e+01,8.0621e+01,8.0958e+01,8.1364e+01,8.2144e+01,8.2015e+01,8.1496e+01,8.1389e+01,8.1410e+01,8.0984e+01,8.0504e+01,8.0068e+01,7.9988e+01,7.9836e+01,8.0013e+01,8.0158e+01,8.0267e+01,8.0434e+01,8.0719e+01,8.0639e+01,8.0870e+01,8.0908e+01,8.1405e+01,8.1541e+01,8.1580e+01,8.1740e+01,8.1293e+01,8.1037e+01,8.1573e+01,8.1297e+01,8.0881e+01,8.0588e+01,8.0783e+01,8.0370e+01,7.9936e+01,7.9859e+01,8.0145e+01,8.0582e+01,8.1202e+01,8.1683e+01,8.2146e+01,8.2414e+01,8.2222e+01,8.2283e+01,8.2639e+01,8.2908e+01,8.3316e+01,8.3618e+01,8.3962e+01,8.4508e+01,8.5010e+01,8.5414e+01,8.5723e+01,8.5827e+01,8.6109e+01,8.6585e+01,8.7022e+01,8.7196e+01,8.7358e+01,8.7756e+01,8.8360e+01,8.8140e+01,8.8225e+01,8.8238e+01,8.8373e+01,8.8308e+01,8.8577e+01,8.8404e+01,8.8016e+01,8.7783e+01,8.7672e+01,8.7392e+01,8.7113e+01,8.7215e+01,8.7368e+01,8.7622e+01,8.7559e+01,8.7440e+01,8.7465e+01,8.7603e+01,8.7896e+01,8.7917e+01
8.2628e+01,8.2937e+01,8.3120e+01,8.3300e+01,8.2982e+01,8.2545e+01,8.2640e+01,8.2463e+01,8.3082e+01,8.3675e+01,8.3710e+01,8.4617e+01,8.4677e+01,8.5551e+01,8.5088e+01,8.4376e+01,8.4153e+01,8.4335e+01,8.3844e+01,8.3120e+01,8.2701e+01,8.2571e+01,8.2923e+01,8.3086e+01,8.3367e+01,8.4009e+01,8.4383e+01,8.4153e+01,8.3901e+01,8.3511e+01,8.3180e+01,8.3029e+01,8.2326e+01,8.3050e+01,8.3135e+01,8.3297e+01,8.3060e+01,8.2913e+01,8.2090e+01,8.1380e+01,8.1017e+01,8.0605e+01,8.0332e+01,8.0496e+01,8.0658e+01,8.0984e+01,8.1253e+01,8.1900e+01,8.1542e+01,8.0865e+01,8.0864e+01,8.0337e+01,8.0544e+01,8.1184e+01,8.1742e+01,8.2334e+01,8.2948e+01,8.3201e+01,8.3576e+01,8.2875e+01,8.2889e+01,8.2064e+01,8.1853e+01,8.1507e+01,8.0866e+01,8.0572e+01,8.0238e+01,7.9955e+01,7.9701e+01,7.9443e+01,7.9295e+01,7.9380e+01,7.9412e+01,7.9575e+01,7.9924e+01,7.9924e+01,7.9813e+01,8.0118e+01,7.9959e+01,7.9682e+01,7.9898e+01,7.9821e+01,7.9867e+01,8.0142e+01,7.9974e+01,7.9563e+01,7.9359e+01,7.9214e+01,7.9355e+01,7.9609e+01,7.9991e+01,8.0436e+01,8.0776e+01,8.1187e+01,8.1969e+01,8.1839e+01,8.1316e+01,8.1206e+01,8.1224e+01,8.0794e+01,8.0313e+01,7.9877e+01,7.9794e+01,7.9644e+01,7.9823e+01,7.9965e+01,8.0069e+01,8.0238e+01,8.0520e+01,8.0442e+01,8.0679e+01,8.0718e+01,8.1214e+01,8.1356e+01,8.1393e+01,8.1556e+01,8.1113e+01,8.0855e+01,8.1389e+01,8.1115e+01,8.0704e+01,8.0411e+01,8.0610e+01,8.0195e+01,7.9757e+01,7.9677e+01,7.9964e+01,8.0401e+01,8.1023e+01,8.1505e+01,8.1965e+01,8.2231e+01,8.2040e+01,8.2095e+01,8.2450e+01,8.2718e+01,8.3122e+01,8.3424e+01,8.3767e+01,8.4311e+01,8.4813e+01,8.5217e+01,8.5528e+01,8.5635e+01,8.5920e+01,8.6400e+01,8.6838e+01,8.7013e+01,8.7178e+01,8.7577e+01,8.8182e+01,8.7961e+01,8.8047e+01,8.8063e+01,8.8202e+01,8.8139e+01,8.8410e+01,8.8235e+01,8.7845e+01,8.7613e+01,8.7502e+01,8.7220e+01,8.6941e+01,8.7040e+01,8.7194e+01,8.7448e+01,8.7384e+01,8.7264e+01,8.7287e+01,8.7423e+01,8.7715e+01,8.7735e+01
8.2540e+01,8.2847e+01,8.3031e+01,8.3211e+01,8.2890e+01,8.2454e+01,8.2548e+01,8.2369e+01,8.2986e+01,8.3579e+01,8.3614e+01,8.4519e+01,8.4583e+01,8.5457e+01,8.5000e+01,8.4290e+01,8.4069e+01,8.4252e+01,8.3758e+01,8.3033e+01,8.2614e+01,8.2482e+01,8.2833e+01,8.2996e+01,8.3277e+01,8.3919e+01,8.4288e+01,8.4055e+01,8.3798e+01,8.3408e+01,8.3079e+01,8.2931e+01,8.2229e+01,8.2957e+01,8.3039e+01,8.3204e+01,8.2971e+01,8.2825e+01,8.2000e+01,8.1290e+01,8.0923e+01,8.0511e+01,8.0235e+01,8.0397e+01,8.0554e+01,8.0878e+01,8.1149e+01,8.1795e+01,8.1434e+01,8.0755e+01,8.0749e+01,8.0221e+01,8.0428e+01,8.1068e+01,8.1628e+01,8.2224e+01,8.2840e+01,8.3090e+01,8.3469e+01,8.2769e+01,8.2787e+01,8.1963e+01,8.1754e+01,8.1412e+01,8.0770e+01,8.0479e+01,8.0147e+01,7.9866e+01,7.9613e+01,7.9353e+01,7.9204e+01,7.9288e+01,7.9310e+01,7.9469e+01,7.9810e+01,7.9798e+01,7.9675e+01,7.9962e+01,7.9804e+01,7.9542e+01,7.9753e+01,7.9689e+01,7.9742e+01,8.0023e+01,7.9863e+01,7.9457e+01,7.9252e+01,7.9113e+01,7.9246e+01,7.9499e+01,7.9880e+01,8.0329e+01,8.0665e+01,8.1079e+01,8.1863e+01,8.1737e+01,8.1213e+01,8.1099e+01,8.1118e+01,8.0689e+01,8.0206e+01,7.9774e+01,7.9693e+01,7.9546e+01,7.9728e+01,7.9869e+01,7.9968e+01,8.0136e+01,8.0411e+01,8.0328e+01,8.0570e+01,8.0616e+01,8.1115e+01,8.1260e+01,8.1302e+01,8.1468e+01,8.1026e+01,8.0768e+01,8.1303e+01,8.1028e+01,8.0617e+01,8.0322e+01,8.0520e+01,8.0102e+01,7.9664e+01,7.9579e+01,7.9864e+01,8.0303e+01,8.0925e+01,8.1410e+01,8.1869e+01,8.2135e+01,8.1940e+01,8.1992e+01,8.2346e+01,8.2613e+01,8.3013e+01,8.3315e+01,8.3656e+01,8.4196e+01,8.4698e+01,8.5100e+01,8.5411e+01,8.5518e+01,8.5804e+01,8.6285e+01,8.6724e+01,8.6901e+01,8.7066e+01,8.7463e+01,8.8070e+01,8.7846e+01,8.7931e+01,8.7949e+01,8.8092e+01,8.8029e+01,8.8301e+01,8.8124e+01,8.7733e+01,8.7502e+01,8.7389e+01,8.7109e+01,8.6829e+01,8.6928e+01,8.7084e+01,8.7337e+01,8.7272e+01,8.7154e+01,8.7176e+01,8.7314e+01,8.7606e+01,8.7628e+01
8.2336e+01,8.2645e+01,8.2832e+01,8.3015e+01,8.2691e+01,8.2252e+01,8.2341e+01,8.2156e+01,8.2770e+01,8.3365e+01,8.3407e+01,8.4313e+01,8.4380e+01,8.5258e+01,8.4806e+01,8.4098e+01,8.3878e+01,8.4066e+01,8.3572e+01,8.2842e+01,8.2423e+01,8.2286e+01,8.2634e+01,8.2791e+01,8.3067e+01,8.3708e+01,8.4071e+01,8.3831e+01,8.3571e+01,8.3182e+01,8.2856e+01,8.2709e+01,8.2014e+01,8.2744e+01,8.2822e+01,8.2992e+01,8.2768e+01,8.2625e+01,8.1805e+01,8.1096e+01,8.0731e+01,8.0326e+01,8.0049e+01,8.0204e+01,8.0363e+01,8.0681e+01,8.0945e+01,8.1587e+01,8.1223e+01,8.0548e+01,8.0537e+01,8.0015e+01,8.0228e+01,8.0864e+01,8.1419e+01,8.2016e+01,8.2626e+01,8.2871e+01,8.3247e+01,8.2547e+01,8.2568e+01,8.1747e+01,8.1544e+01,8.1205e+01,8.0568e+01,8.0282e+01,7.9952e+01,7.9680e+01,7.9433e+01,7.9180e+01,7.9031e+01,7.9106e+01,7.9128e+01,7.9279e+01,7.9607e+01,7.9596e+01,7.9482e+01,7.9771e+01,7.9632e+01,7.9384e+01,7.9601e+01,7.9541e+01,7.9600e+01,7.9882e+01,7.9723e+01,7.9312e+01,7.9102e+01,7.8953e+01,7.9083e+01,7.9339e+01,7.9717e+01,8.0165e+01,8.0504e+01,8.0921e+01,8.1703e+01,8.1576e+01,8.1049e+01,8.0933e+01,8.0947e+01,8.0515e+01,8.0035e+01,7.9602e+01,7.9515e+01,7.9365e+01,7.9544e+01,7.9677e+01,7.9770e+01,7.9931e+01,8.0197e+01,8.0111e+01,8.0353e+01,8.0405e+01,8.0905e+01,8.1057e+01,8.1103e+01,8.1277e+01,8.0840e+01,8.0583e+01,8.1119e+01,8.0847e+01,8.0439e+01,8.0147e+01,8.0348e+01,7.9933e+01,7.9497e+01,7.9416e+01,7.9704e+01,8.0141e+01,8.0762e+01,8.1242e+01,8.1700e+01,8.1963e+01,8.1768e+01,8.1819e+01,8.2176e+01,8.2444e+01,8.2845e+01,8.3150e+01,8.3491e+01,8.4029e+01,8.4530e+01,8.4932e+01,8.5244e+01,8.5355e+01,8.5641e+01,8.6124e+01,8.6559e+01,8.6734e+01,8.6899e+01,8.7295e+01,8.7902e+01,8.7680e+01,8.7766e+01,8.7784e+01,8.7929e+01,8.7865e+01,8.8135e+01,8.7956e+01,8.7566e+01,8.7336e+01,8.7222e+01,8.6940e+01,8.6665e+01,8.6767e+01,8.6928e+01,8.7180e+01,8.7114e+01,8.6998e+01,8.7019e+01,8.7160e+01,8.7456e+01,8.7479e+01
8.2017e+01,8.2323e+01,8.2511e+01,8.2698e+01,8.2372e+01,8.1927e+01,8.2017e+01,8.1834e+01,8.2454e+01,8.3053e+01,8.3094e+01,8.4006e+01,8.4072e+01,8.4955e+01,8.4495e+01,8.3779e+01,8.3554e+01,8.3739e+01,8.3236e+01,8.2504e+01,8.2083e+01,8.1949e+01,8.2305e+01,8.2464e+01,8.2746e+01,8.3394e+01,8.3764e+01,8.3520e+01,8.3255e+01,8.2864e+01,8.2539e+01,8.2396e+01,8.1699e+01,8.2440e+01,8.2514e+01,8.2688e+01,8.2469e+01,8.2325e+01,8.1499e+01,8.0786e+01,8.0412e+01,8.0006e+01,7.9720e+01,7.9872e+01,8.0024e+01,8.0340e+01,8.0609e+01,8.1251e+01,8.0883e+01,8.0205e+01,8.0189e+01,7.9663e+01,7.9875e+01,8.0512e+01,8.1072e+01,8.1674e+01,8.2290e+01,8.2536e+01,8.2920e+01,8.2221e+01,8.2245e+01,8.1423e+01,8.1221e+01,8.0887e+01,8.0248e+01,7.9967e+01,7.9641e+01,7.9369e+01,7.9125e+01,7.8868e+01,7.8716e+01,7.8789e+01,7.8796e+01,7.8939e+01,7.9262e+01,7.9238e+01,7.9120e+01,7.9406e+01,7.9277e+01,7.9041e+01,7.9262e+01,7.9206e+01,7.9275e+01,7.9561e+01,7.9410e+01,7.8997e+01,7.8776e+01,7.8620e+01,7.8740e+01,7.8996e+01,7.9371e+01,7.9822e+01,8.0159e+01,8.0580e+01,8.1362e+01,8.1238e+01,8.0708e+01,8.0586e+01,8.0601e+01,8.0171e+01,7.9689e+01,7.9261e+01,7.9174e+01,7.9029e+01,7.9215e+01,7.9348e+01,7.9437e+01,7.9603e+01,7.9867e+01,7.9785e+01,8.0039e+01,8.0095e+01,8.0602e+01,8.0762e+01,8.0807e+01,8.0985e+01,8.0545e+01,8.0280e+01,8.0818e+01,8.0541e+01,8.0130e+01,7.9833e+01,8.0033e+01,7.9612e+01,7.9174e+01,7.9085e+01,7.9371e+01,7.9807e+01,8.0428e+01,8.0912e+01,8.1373e+01,8.1631e+01,8.1436e+01,8.1488e+01,8.1850e+01,8.2118e+01,8.2521e+01,8.2827e+01,8.3168e+01,8.3708e+01,8.4211e+01,8.4612e+01,8.4925e+01,8.5038e+01,8.5323e+01,8.5808e+01,8.6243e+01,8.6418e+01,8.6583e+01,8.6981e+01,8.7590e+01,8.7369e+01,8.7453e+01,8.7470e+01,8.7617e+01,8.7552e+01,8.7821e+01,8.7638e+01,8.7246e+01,8.7014e+01,8.6899e+01,8.6616e+01,8.6340e+01,8.6444e+01,8.6604e+01,8.6855e+01,8.6791e+01,8.6679e+01,8.6702e+01,8.6843e+01,8.7142e+01,8.7169e+01
8.1877e+01,8.2187e+01,8.2379e+01,8.2568e+01,8.2238e+01,8.1788e+01,8.1871e+01,8.1681e+01,8.2297e+01,8.2899e+01,8.2949e+01,8.3861e+01,8.3928e+01,8.4813e+01,8.4357e+01,8.3645e+01,8.3424e+01,8.3615e+01,8.3114e+01,8.2377e+01,8.1956e+01,8.1815e+01,8.2166e+01,8.2319e+01,8.2595e+01,8.3241e+01,8.3603e+01,8.3351e+01,8.3080e+01,8.2688e+01,8.2369e+01,8.2228e+01,8.1538e+01,8.2283e+01,8.2355e+01,8.2538e+01,8.2326e+01,8.2187e+01,8.1363e+01,8.0649e+01,8.0276e+01,7.9875e+01,7.9587e+01,7.9733e+01,7.9886e+01,8.0195e+01,8.0457e+01,8.1094e+01,8.0722e+01,8.0048e+01,8.0025e+01,7.9508e+01,7.9726e+01,8.0359e+01,8.0912e+01,8.1516e+01,8.2126e+01,8.2364e+01,8.2746e+01,8.2045e+01,8.2076e+01,8.1258e+01,8.1063e+01,8.0733e+01,8.0098e+01,7.9822e+01,7.9499e+01,7.9236e+01,7.8997e+01,7.8746e+01,7.8595e+01,7.8663e+01,7.8672e+01,7.8806e+01,7.9114e+01,7.9094e+01,7.8993e+01,7.9281e+01,7.9165e+01,7.8935e+01,7.9158e+01,7.9103e+01,7.9174e+01,7.9460e+01,7.9307e+01,7.8892e+01,7.8670e+01,7.8509e+01,7.8628e+01,7.8886e+01,7.9261e+01,7.9714e+01,8.0054e+01,8.0477e+01,8.1262e+01,8.1136e+01,8.0603e+01,8.0479e+01,8.0489e+01,8.0056e+01,7.9574e+01,7.9144e+01,7.9050e+01,7.8901e+01,7.9085e+01,7.9209e+01,7.9292e+01,7.9450e+01,7.9704e+01,7.9618e+01,7.9872e+01,7.9934e+01,8.0440e+01,8.0606e+01,8.0658e+01,8.0842e+01,8.0409e+01,8.0147e+01,8.0687e+01,8.0415e+01,8.0007e+01,7.9713e+01,7.9919e+01,7.9499e+01,7.9061e+01,7.8974e+01,7.9264e+01,7.9698e+01,8.0322e+01,8.0803e+01,8.1265e+01,8.1522e+01,8.1326e+01,8.1377e+01,8.1740e+01,8.2007e+01,8.2410e+01,8.2715e+01,8.3056e+01,8.3596e+01,8.4100e+01,8.4501e+01,8.4816e+01,8.4930e+01,8.5216e+01,8.5703e+01,8.6140e+01,8.6314e+01,8.6477e+01,8.6873e+01,8.7482e+01,8.7258e+01,8.7342e+01,8.7359e+01,8.7509e+01,8.7444e+01,8.7712e+01,8.7526e+01,8.7131e+01,8.6902e+01,8.6787e+01,8.6503e+01,8.6229e+01,8.6333e+01,8.6497e+01,8.6749e+01,8.6684e+01,8.6574e+01,8.6598e+01,8.6742e+01,8.7044e+01,8.7072e+01
8.1796e+01,8.2109e+01,8.2303e+01,8.2489e+01,8.2151e+01,8.1695e+01,8.1774e+01,8.1581e+01,8.2198e+01,8.2799e+01,8.2853e+01,8.3763e+01,8.3829e+01,8.4714e+01,8.4260e+01,8.3549e+01,8.3328e+01,8.3523e+01,8.3022e+01,8.2282e+01,8.1862e+01,8.1718e+01,8.2068e+01,8.2217e+01,8.2491e+01,8.3140e+01,8.3499e+01,8.3239e+01,8.2960e+01,8.2566e+01,8.2245e+01,8.2110e+01,8.1423e+01,8.2171e+01,8.2239e+01,8.2425e+01,8.2218e+01,8.2077e+01,8.1253e+01,8.0540e+01,8.0164e+01,7.9767e+01,7.9477e+01,7.9618e+01,7.9770e+01,8.0075e+01,8.0335e+01,8.0970e+01,8.0599e+01,7.9927e+01,7.9904e+01,7.9390e+01,7.9607e+01,8.0237e+01,8.0789e+01,8.1393e+01,8.2002e+01,8.2241e+01,8.2622e+01,8.1923e+01,8.1952e+01,8.1137e+01,8.0942e+01,8.0617e+01,7.9986e+01,7.9716e+01,7.9401e+01,7.9143e+01,7.8911e+01,7.8662e+01,7.8514e+01,7.8585e+01,7.8588e+01,7.8707e+01,7.9007e+01,7.8989e+01,7.8905e+01,7.9205e+01,7.9094e+01,7.8866e+01,7.9093e+01,7.9037e+01,7.9111e+01,7.9398e+01,7.9244e+01,7.8826e+01,7.8598e+01,7.8428e+01,7.8541e+01,7.8800e+01,7.9172e+01,7.9624e+01,7.9970e+01,8.0396e+01,8.1181e+01,8.1051e+01,8.0513e+01,8.0388e+01,8.0392e+01,7.9955e+01,7.9475e+01,7.9047e+01,7.8949e+01,7.8800e+01,7.8982e+01,7.9103e+01,7.9182e+01,7.9343e+01,7.9595e+01,7.9520e+01,7.9779e+01,7.9836e+01,8.0342e+01,8.0514e+01,8.0562e+01,8.0750e+01,8.0317e+01,8.0051e+01,8.0589e+01,8.0317e+01,7.9912e+01,7.9618e+01,7.9829e+01,7.9409e+01,7.8973e+01,7.8886e+01,7.9178e+01,7.9607e+01,8.0231e+01,8.0707e+01,8.1167e+01,8.1424e+01,8.1229e+01,8.1279e+01,8.1643e+01,8.1910e+01,8.2315e+01,8.2624e+01,8.2964e+01,8.3505e+01,8.4011e+01,8.4411e+01,8.4725e+01,8.4841e+01,8.5125e+01,8.5615e+01,8.6052e+01,8.6223e+01,8.6386e+01,8.6779e+01,8.7391e+01,8.7165e+01,8.7250e+01,8.7268e+01,8.7419e+01,8.7355e+01,8.7620e+01,8.7432e+01,8.7035e+01,8.6806e+01,8.6690e+01,8.6405e+01,8.6132e+01,8.6238e+01,8.6402e+01,8.6653e+01,8.6586e+01,8.6477e+01,8.6504e+01,8.6651e+01,8.6957e+01,8.6986e+01
8.1538e+01,8.1854e+01,8.2052e+01,8.2241e+01,8.1897e+01,8.1438e+01,8.1515e+01,8.1319e+01,8.1932e+01,8.2534e+01,8.2592e+01,8.3501e+01,8.3572e+01,8.4459e+01,8.4009e+01,8.3301e+01,8.3082e+01,8.3282e+01,8.2778e+01,8.2034e+01,8.1612e+01,8.1464e+01,8.1813e+01,8.1962e+01,8.2235e+01,8.2885e+01,8.3238e+01,8.2972e+01,8.2685e+01,8.2290e+01,8.1972e+01,8.1841e+01,8.1155e+01,8.1907e+01,8.1970e+01,8.2157e+01,8.1951e+01,8.1808e+01,8.0981e+01,8.0265e+01,7.9885e+01,7.9484e+01,7.9192e+01,7.9334e+01,7.9480e+01,7.9787e+01,8.0052e+01,8.0686e+01,8.0313e+01,7.9641e+01,7.9616e+01,7.9102e+01,7.9313e+01,7.9940e+01,8.0495e+01,8.1102e+01,8.1714e+01,8.1951e+01,8.2339e+01,8.1642e+01,8.1675e+01,8.0861e+01,8.0668e+01,8.0344e+01,7.9712e+01,7.9444e+01,7.9130e+01,7.8869e+01,7.8636e+01,7.8383e+01,7.8236e+01,7.8312e+01,7.8313e+01,7.8430e+01,7.8733e+01,7.8710e+01,7.8622e+01,7.8906e+01,7.8793e+01,7.8569e+01,7.8789e+01,7.8733e+01,7.8811e+01,7.9097e+01,7.8949e+01,7.8534e+01,7.8306e+01,7.8140e+01,7.8247e+01,7.8500e+01,7.8867e+01,7.9318e+01,7.9660e+01,8.0086e+01,8.0869e+01,8.0742e+01,8.0205e+01,8.0078e+01,8.0084e+01,7.9651e+01,7.9173e+01,7.8751e+01,7.8658e+01,7.8517e+01,7.8699e+01,7.8824e+01,7.8905e+01,7.9071e+01,7.9325e+01,7.9254e+01,7.9513e+01,7.9569e+01,8.0075e+01,8.0248e+01,8.0294e+01,8.0481e+01,8.0046e+01,7.9776e+01,8.0314e+01,8.0039e+01,7.9631e+01,7.9334e+01,7.9542e+01,7.9121e+01,7.8685e+01,7.8593e+01,7.8880e+01,7.9308e+01,7.9929e+01,8.0409e+01,8.0867e+01,8.1124e+01,8.0926e+01,8.0973e+01,8.1337e+01,8.1599e+01,8.2003e+01,8.2310e+01,8.2646e+01,8.3183e+01,8.3687e+01,8.4083e+01,8.4397e+01,8.4514e+01,8.4798e+01,8.5287e+01,8.5726e+01,8.5898e+01,8.6061e+01,8.6452e+01,8.7063e+01,8.6834e+01,8.6919e+01,8.6939e+01,8.7093e+01,8.7029e+01,8.7293e+01,8.7101e+01,8.6703e+01,8.6472e+01,8.6357e+01,8.6075e+01,8.5802e+01,8.5907e+01,8.6074e+01,8.6321e+01,8.6258e+01,8.6153e+01,8.6181e+01,8.6329e+01,8.6633e+01,8.6661e+01
8.1518e+01,8.1836e+01,8.2037e+01,8.2230e+01,8.1887e+01,8.1422e+01,8.1500e+01,8.1303e+01,8.1918e+01,8.2523e+01,8.2582e+01,8.3492e+01,8.3562e+01,8.4446e+01,8.3992e+01,8.3283e+01,8.3061e+01,8.3259e+01,8.2752e+01,8.2008e+01,8.1586e+01,8.1442e+01,8.1795e+01,8.1943e+01,8.2218e+01,8.2868e+01,8.3222e+01,8.2952e+01,8.2663e+01,8.2269e+01,8.1960e+01,8.1836e+01,8.1153e+01,8.1913e+01,8.1971e+01,8.2161e+01,8.1959e+01,8.1811e+01,8.0981e+01,8.0265e+01,7.9878e+01,7.9474e+01,7.9178e+01,7.9319e+01,7.9459e+01,7.9763e+01,8.0031e+01,8.0661e+01,8.0283e+01,7.9613e+01,7.9581e+01,7.9072e+01,7.9280e+01,7.9901e+01,8.0455e+01,8.1066e+01,8.1679e+01,8.1911e+01,8.2307e+01,8.1615e+01,8.1656e+01,8.0845e+01,8.0658e+01,8.0338e+01,7.9706e+01,7.9441e+01,7.9129e+01,7.8867e+01,7.8635e+01,7.8378e+01,7.8232e+01,7.8312e+01,7.8309e+01,7.8422e+01,7.8722e+01,7.8700e+01,7.8615e+01,7.8895e+01,7.8777e+01,7.8553e+01,7.8767e+01,7.8708e+01,7.8789e+01,7.9072e+01,7.8928e+01,7.8517e+01,7.8289e+01,7.8125e+01,7.8226e+01,7.8474e+01,7.8835e+01,7.9283e+01,7.9620e+01,8.0045e+01,8.0823e+01,8.0698e+01,8.0164e+01,8.0035e+01,8.0043e+01,7.9616e+01,7.9141e+01,7.8726e+01,7.8637e+01,7.8502e+01,7.8685e+01,7.8813e+01,7.8893e+01,7.9062e+01,7.9314e+01,7.9248e+01,7.9511e+01,7.9568e+01,8.0075e+01,8.0252e+01,8.0298e+01,8.0486e+01,8.0048e+01,7.9773e+01,8.0310e+01,8.0033e+01,7.9622e+01,7.9322e+01,7.9527e+01,7.9104e+01,7.8670e+01,7.8572e+01,7.8854e+01,7.9277e+01,7.9895e+01,8.0375e+01,8.0832e+01,8.1084e+01,8.0884e+01,8.0929e+01,8.1294e+01,8.1553e+01,8.1956e+01,8.2261e+01,8.2594e+01,8.3131e+01,8.3630e+01,8.4023e+01,8.4337e+01,8.4455e+01,8.4740e+01,8.5229e+01,8.5668e+01,8.5840e+01,8.6003e+01,8.6392e+01,8.6999e+01,8.6767e+01,8.6851e+01,8.6873e+01,8.7029e+01,8.6967e+01,8.7231e+01,8.7036e+01,8.6639e+01,8.6410e+01,8.6297e+01,8.6019e+01,8.5747e+01,8.5851e+01,8.6018e+01,8.6265e+01,8.6202e+01,8.6098e+01,8.6124e+01,8.6267e+01,8.6567e+01,8.6593e+01
8.1551e+01,8.1870e+01,8.2071e+01,8.2266e+01,8.1925e+01,8.1461e+01,8.1536e+01,8.1337e+01,8.1951e+01,8.2557e+01,8.2620e+01,8.3530e+01,8.3596e+01,8.4477e+01,8.4020e+01,8.3313e+01,8.3089e+01,8.3285e+01,8.2778e+01,8.2038e+01,8.1618e+01,8.1475e+01,8.1829e+01,8.1974e+01,8.2249e+01,8.2894e+01,8.3244e+01,8.2969e+01,8.2678e+01,8.2286e+01,8.1982e+01,8.1862e+01,8.1183e+01,8.1947e+01,8.2002e+01,8.2195e+01,8.1996e+01,8.1848e+01,8.1017e+01,8.0299e+01,7.9910e+01,7.9504e+01,7.9204e+01,7.9345e+01,7.9482e+01,7.9785e+01,8.0053e+01,8.0680e+01,8.0298e+01,7.9630e+01,7.9592e+01,7.9086e+01,7.9293e+01,7.9911e+01,8.0464e+01,8.1078e+01,8.1689e+01,8.1913e+01,8.2312e+01,8.1624e+01,8.1672e+01,8.0866e+01,8.0684e+01,8.0367e+01,7.9735e+01,7.9471e+01,7.9159e+01,7.8896e+01,7.8661e+01,7.8400e+01,7.8251e+01,7.8329e+01,7.8323e+01,7.8439e+01,7.8739e+01,7.8712e+01,7.8620e+01,7.8888e+01,7.8766e+01,7.8545e+01,7.8753e+01,7.8698e+01,7.8778e+01,7.9062e+01,7.8923e+01,7.8517e+01,7.8292e+01,7.8135e+01,7.8233e+01,7.8478e+01,7.8838e+01,7.9285e+01,7.9616e+01,8.0039e+01,8.0814e+01,8.0695e+01,8.0164e+01,8.0034e+01,8.0046e+01,7.9626e+01,7.9151e+01,7.8741e+01,7.8655e+01,7.8524e+01,7.8710e+01,7.8838e+01,7.8916e+01,7.9085e+01,7.9332e+01,7.9264e+01,7.9527e+01,7.9590e+01,8.0100e+01,8.0280e+01,8.0329e+01,8.0519e+01,8.0080e+01,7.9805e+01,8.0343e+01,8.0064e+01,7.9650e+01,7.9347e+01,7.9549e+01,7.9123e+01,7.8688e+01,7.8585e+01,7.8863e+01,7.9287e+01,7.9902e+01,8.0384e+01,8.0840e+01,8.1093e+01,8.0892e+01,8.0935e+01,8.1300e+01,8.1557e+01,8.1961e+01,8.2262e+01,8.2590e+01,8.3125e+01,8.3620e+01,8.4010e+01,8.4323e+01,8.4441e+01,8.4727e+01,8.5213e+01,8.5654e+01,8.5825e+01,8.5987e+01,8.6371e+01,8.6974e+01,8.6741e+01,8.6824e+01,8.6847e+01,8.7005e+01,8.6947e+01,8.7209e+01,8.7012e+01,8.6616e+01,8.6389e+01,8.6280e+01,8.6005e+01,8.5738e+01,8.5840e+01,8.6012e+01,8.6257e+01,8.6195e+01,8.6093e+01,8.6120e+01,8.6262e+01,8.6562e+01,8.6587e+01
8.1386e+01,8.1710e+01,8.1910e+01,8.2107e+01,8.1767e+01,8.1304e+01,8.1376e+01,8.1177e+01,8.1788e+01,8.2392e+01,8.2457e+01,8.3363e+01,8.3429e+01,8.4307e+01,8.3855e+01,8.3153e+01,8.2934e+01,8.3135e+01,8.2633e+01,8.1892e+01,8.1471e+01,8.1325e+01,8.1673e+01,8.1816e+01,8.2089e+01,8.2729e+01,8.3076e+01,8.2803e+01,8.2514e+01,8.2130e+01,8.1831e+01,8.1718e+01,8.1043e+01,8.1809e+01,8.1857e+01,8.2051e+01,8.1856e+01,8.1704e+01,8.0874e+01,8.0158e+01,7.9768e+01,7.9362e+01,7.9063e+01,7.9205e+01,7.9341e+01,7.9643e+01,7.9911e+01,8.0538e+01,8.0157e+01,7.9490e+01,7.9453e+01,7.8952e+01,7.9159e+01,7.9775e+01,8.0326e+01,8.0938e+01,8.1548e+01,8.1772e+01,8.2172e+01,8.1483e+01,8.1532e+01,8.0725e+01,8.0542e+01,8.0225e+01,7.9595e+01,7.9332e+01,7.9024e+01,7.8762e+01,7.8529e+01,7.8270e+01,7.8126e+01,7.8207e+01,7.8205e+01,7.8317e+01,7.8616e+01,7.8597e+01,7.8514e+01,7.8792e+01,7.8669e+01,7.8443e+01,7.8651e+01,7.8592e+01,7.8671e+01,7.8952e+01,7.8813e+01,7.8404e+01,7.8177e+01,7.8017e+01,7.8114e+01,7.8357e+01,7.8713e+01,7.9155e+01,7.9489e+01,7.9909e+01,8.0681e+01,8.0557e+01,8.0027e+01,7.9900e+01,7.9909e+01,7.9488e+01,7.9019e+01,7.8609e+01,7.8523e+01,7.8392e+01,7.8573e+01,7.8702e+01,7.8781e+01,7.8950e+01,7.9198e+01,7.9135e+01,7.9396e+01,7.9456e+01,7.9965e+01,8.0147e+01,8.0193e+01,8.0383e+01,7.9945e+01,7.9667e+01,8.0201e+01,7.9922e+01,7.9508e+01,7.9206e+01,7.9408e+01,7.8985e+01,7.8555e+01,7.8455e+01,7.8734e+01,7.9153e+01,7.9764e+01,8.0242e+01,8.0693e+01,8.0945e+01,8.0742e+01,8.0786e+01,8.1152e+01,8.1407e+01,8.1811e+01,8.2112e+01,8.2437e+01,8.2970e+01,8.3463e+01,8.3851e+01,8.4164e+01,8.4285e+01,8.4571e+01,8.5057e+01,8.5497e+01,8.5665e+01,8.5824e+01,8.6207e+01,8.6804e+01,8.6570e+01,8.6653e+01,8.6676e+01,8.6834e+01,8.6778e+01,8.7039e+01,8.6841e+01,8.6447e+01,8.6219e+01,8.6111e+01,8.5841e+01,8.5572e+01,8.5672e+01,8.5844e+01,8.6087e+01,8.6024e+01,8.5923e+01,8.5948e+01,8.6091e+01,8.6390e+01,8.6414e+01
8.1126e+01,8.1452e+01,8.1651e+01,8.1848e+01,8.1511e+01,8.1054e+01,8.1125e+01,8.0925e+01,8.1536e+01,8.2140e+01,8.2206e+01,8.3114e+01,8.3180e+01,8.4059e+01,8.3610e+01,8.2910e+01,8.2695e+01,8.2897e+01,8.2397e+01,8.1655e+01,8.1233e+01,8.1084e+01,8.1429e+01,8.1573e+01,8.1843e+01,8.2478e+01,8.2821e+01,8.2552e+01,8.2271e+01,8.1888e+01,8.1585e+01,8.1468e+01,8.0788e+01,8.1553e+01,8.1603e+01,8.1795e+01,8.1597e+01,8.1444e+01,8.0612e+01,7.9895e+01,7.9506e+01,7.9100e+01,7.8802e+01,7.8948e+01,7.9088e+01,7.9395e+01,7.9663e+01,8.0298e+01,7.9916e+01,7.9242e+01,7.9206e+01,7.8698e+01,7.8911e+01,7.9538e+01,8.0093e+01,8.0708e+01,8.1322e+01,8.1550e+01,8.1946e+01,8.1249e+01,8.1293e+01,8.0479e+01,8.0292e+01,7.9969e+01,7.9336e+01,7.9067e+01,7.8756e+01,7.8492e+01,7.8257e+01,7.7998e+01,7.7853e+01,7.7932e+01,7.7932e+01,7.8050e+01,7.8348e+01,7.8331e+01,7.8247e+01,7.8530e+01,7.8408e+01,7.8179e+01,7.8390e+01,7.8331e+01,7.8408e+01,7.8689e+01,7.8548e+01,7.8139e+01,7.7912e+01,7.7753e+01,7.7855e+01,7.8100e+01,7.8459e+01,7.8901e+01,7.9237e+01,7.9655e+01,8.0429e+01,8.0303e+01,7.9774e+01,7.9651e+01,7.9660e+01,7.9237e+01,7.8766e+01,7.8352e+01,7.8264e+01,7.8129e+01,7.8310e+01,7.8439e+01,7.8519e+01,7.8685e+01,7.8931e+01,7.8861e+01,7.9124e+01,7.9187e+01,7.9700e+01,7.9882e+01,7.9928e+01,8.0117e+01,7.9677e+01,7.9400e+01,7.9937e+01,7.9657e+01,7.9241e+01,7.8939e+01,7.9139e+01,7.8718e+01,7.8288e+01,7.8192e+01,7.8474e+01,7.8895e+01,7.9508e+01,7.9986e+01,8.0436e+01,8.0690e+01,8.0484e+01,8.0530e+01,8.0900e+01,8.1156e+01,8.1562e+01,8.1864e+01,8.2191e+01,8.2724e+01,8.3220e+01,8.3607e+01,8.3923e+01,8.4048e+01,8.4337e+01,8.4825e+01,8.5268e+01,8.5437e+01,8.5595e+01,8.5976e+01,8.6571e+01,8.6335e+01,8.6416e+01,8.6438e+01,8.6598e+01,8.6543e+01,8.6803e+01,8.6604e+01,8.6211e+01,8.5985e+01,8.5878e+01,8.5610e+01,8.5340e+01,8.5438e+01,8.5611e+01,8.5852e+01,8.5790e+01,8.5691e+01,8.5718e+01,8.5863e+01,8.6162e+01,8.6186e+01
8.0888e+01,8.1221e+01,8.1420e+01,8.1622e+01,8.1287e+01,8.0831e+01,8.0902e+01,8.0699e+01,8.1313e+01,8.1922e+01,8.1990e+01,8.2902e+01,8.2969e+01,8.3850e+01,8.3401e+01,8.2697e+01,8.2480e+01,8.2684e+01,8.2180e+01,8.1435e+01,8.1010e+01,8.0863e+01,8.1210e+01,8.1356e+01,8.1624e+01,8.2258e+01,8.2595e+01,8.2326e+01,8.2048e+01,8.1662e+01,8.1355e+01,8.1233e+01,8.0545e+01,8.1311e+01,8.1365e+01,8.1553e+01,8.1347e+01,8.1193e+01,8.0356e+01,7.9633e+01,7.9246e+01,7.8832e+01,7.8536e+01,7.8688e+01,7.8832e+01,7.9144e+01,7.9416e+01,8.0058e+01,7.9672e+01,7.8989e+01,7.8951e+01,7.8432e+01,7.8651e+01,7.9287e+01,7.9851e+01,8.0472e+01,8.1091e+01,8.1319e+01,8.1717e+01,8.1015e+01,8.1060e+01,8.0239e+01,8.0048e+01,7.9719e+01,7.9077e+01,7.8801e+01,7.8479e+01,7.8211e+01,7.7968e+01,7.7706e+01,7.7556e+01,7.7631e+01,7.7632e+01,7.7761e+01,7.8063e+01,7.8039e+01,7.7943e+01,7.8218e+01,7.8098e+01,7.7871e+01,7.8082e+01,7.8027e+01,7.8101e+01,7.8384e+01,7.8241e+01,7.7835e+01,7.7612e+01,7.7458e+01,7.7565e+01,7.7812e+01,7.8178e+01,7.8622e+01,7.8954e+01,7.9372e+01,8.0149e+01,8.0025e+01,7.9498e+01,7.9376e+01,7.9392e+01,7.8969e+01,7.8494e+01,7.8076e+01,7.7991e+01,7.7854e+01,7.8038e+01,7.8169e+01,7.8250e+01,7.8413e+01,7.8659e+01,7.8577e+01,7.8841e+01,7.8912e+01,7.9430e+01,7.9608e+01,7.9659e+01,7.9846e+01,7.9400e+01,7.9127e+01,7.9667e+01,7.9387e+01,7.8965e+01,7.8663e+01,7.8859e+01,7.8437e+01,7.8002e+01,7.7906e+01,7.8189e+01,7.8616e+01,7.9232e+01,7.9714e+01,8.0163e+01,8.0425e+01,8.0218e+01,8.0264e+01,8.0636e+01,8.0894e+01,8.1299e+01,8.1600e+01,8.1927e+01,8.2460e+01,8.2955e+01,8.3341e+01,8.3661e+01,8.3787e+01,8.4079e+01,8.4568e+01,8.5014e+01,8.5184e+01,8.5342e+01,8.5724e+01,8.6319e+01,8.6081e+01,8.6158e+01,8.6178e+01,8.6338e+01,8.6283e+01,8.6540e+01,8.6335e+01,8.5941e+01,8.5713e+01,8.5605e+01,8.5338e+01,8.5065e+01,8.5161e+01,8.5334e+01,8.5578e+01,8.5517e+01,8.5421e+01,8.5449e+01,8.5595e+01,8.5895e+01,8.5921e+01
8.0735e+01,8.1072e+01,8.1272e+01,8.1480e+01,8.1149e+01,8.0696e+01,8.0770e+01,8.0564e+01,8.1177e+01,8.1791e+01,8.1859e+01,8.2775e+01,8.2846e+01,8.3729e+01,8.3282e+01,8.2578e+01,8.2363e+01,8.2567e+01,8.2063e+01,8.1316e+01,8.0886e+01,8.0739e+01,8.1086e+01,8.1233e+01,8.1503e+01,8.2134e+01,8.2468e+01,8.2203e+01,8.1929e+01,8.1543e+01,8.1232e+01,8.1103e+01,8.0409e+01,8.1171e+01,8.1227e+01,8.1409e+01,8.1195e+01,8.1039e+01,8.0201e+01,7.9477e+01,7.9095e+01,7.8678e+01,7.8388e+01,7.8547e+01,7.8698e+01,7.9018e+01,7.9292e+01,7.9942e+01,7.9554e+01,7.8863e+01,7.8826e+01,7.8301e+01,7.8525e+01,7.9171e+01,7.9739e+01,8.0365e+01,8.0986e+01,8.1213e+01,8.1609e+01,8.0898e+01,8.0942e+01,8.0113e+01,7.9918e+01,7.9578e+01,7.8930e+01,7.8643e+01,7.8313e+01,7.8042e+01,7.7792e+01,7.7533e+01,7.7385e+01,7.7459e+01,7.7469e+01,7.7609e+01,7.7917e+01,7.7896e+01,7.7794e+01,7.8070e+01,7.7945e+01,7.7714e+01,7.7924e+01,7.7867e+01,7.7935e+01,7.8215e+01,7.8069e+01,7.7664e+01,7.7448e+01,7.7297e+01,7.7413e+01,7.7661e+01,7.8029e+01,7.8472e+01,7.8804e+01,7.9219e+01,7.9996e+01,7.9871e+01,7.9347e+01,7.9230e+01,7.9248e+01,7.8825e+01,7.8350e+01,7.7927e+01,7.7845e+01,7.7704e+01,7.7884e+01,7.8018e+01,7.8105e+01,7.8264e+01,7.8512e+01,7.8420e+01,7.8676e+01,7.8747e+01,7.9264e+01,7.9434e+01,7.9487e+01,7.9669e+01,7.9221e+01,7.8954e+01,7.9495e+01,7.9217e+01,7.8793e+01,7.8495e+01,7.8689e+01,7.8272e+01,7.7837e+01,7.7747e+01,7.8031e+01,7.8458e+01,7.9074e+01,7.9556e+01,8.0003e+01,8.0267e+01,8.0056e+01,8.0099e+01,8.0469e+01,8.0724e+01,8.1126e+01,8.1426e+01,8.1752e+01,8.2285e+01,8.2781e+01,8.3164e+01,8.3486e+01,8.3614e+01,8.3906e+01,8.4396e+01,8.4842e+01,8.5013e+01,8.5169e+01,8.5551e+01,8.6145e+01,8.5903e+01,8.5976e+01,8.5993e+01,8.6155e+01,8.6101e+01,8.6354e+01,8.6149e+01,8.5755e+01,8.5531e+01,8.5425e+01,8.5162e+01,8.4890e+01,8.4986e+01,8.5161e+01,8.5407e+01,8.5351e+01,8.5256e+01,8.5283e+01,8.5430e+01,8.5729e+01,8.5754e+01
8.0576e+01,8.0912e+01,8.1113e+01,8.1317e+01,8.0982e+01,8.0528e+01,8.0597e+01,8.0389e+01,8.1000e+01,8.1613e+01,8.1685e+01,8.2600e+01,8.2670e+01,8.3555e+01,8.3110e+01,8.2408e+01,8.2195e+01,8.2404e+01,8.1901e+01,8.1150e+01,8.0721e+01,8.0570e+01,8.0914e+01,8.1059e+01,8.1325e+01,8.1958e+01,8.2288e+01,8.2016e+01,8.1736e+01,8.1346e+01,8.1036e+01,8.0908e+01,8.0215e+01,8.0977e+01,8.1034e+01,8.1217e+01,8.1004e+01,8.0850e+01,8.0011e+01,7.9286e+01,7.8903e+01,7.8487e+01,7.8196e+01,7.8353e+01,7.8502e+01,7.8820e+01,7.9094e+01,7.9742e+01,7.9354e+01,7.8666e+01,7.8629e+01,7.8103e+01,7.8324e+01,7.8968e+01,7.9536e+01,8.0160e+01,8.0779e+01,8.1006e+01,8.1403e+01,8.0697e+01,8.0741e+01,7.9916e+01,7.9722e+01,7.9385e+01,7.8738e+01,7.8453e+01,7.8124e+01,7.7853e+01,7.7602e+01,7.7342e+01,7.7192e+01,7.7264e+01,7.7271e+01,7.7411e+01,7.7720e+01,7.7693e+01,7.7585e+01,7.7851e+01,7.7727e+01,7.7502e+01,7.7711e+01,7.7661e+01,7.7732e+01,7.8018e+01,7.7874e+01,7.7468e+01,7.7250e+01,7.7100e+01,7.7214e+01,7.7464e+01,7.7835e+01,7.8283e+01,7.8615e+01,7.9035e+01,7.9818e+01,7.9695e+01,7.9166e+01,7.9046e+01,7.9064e+01,7.8638e+01,7.8158e+01,7.7734e+01,7.7651e+01,7.7510e+01,7.7692e+01,7.7826e+01,7.7911e+01,7.8073e+01,7.8323e+01,7.8234e+01,7.8493e+01,7.8562e+01,7.9079e+01,7.9248e+01,7.9300e+01,7.9482e+01,7.9034e+01,7.8767e+01,7.9310e+01,7.9032e+01,7.8608e+01,7.8309e+01,7.8505e+01,7.8086e+01,7.7646e+01,7.7556e+01,7.7842e+01,7.8273e+01,7.8895e+01,7.9380e+01,7.9832e+01,8.0097e+01,7.9882e+01,7.9924e+01,8.0296e+01,8.0552e+01,8.0950e+01,8.1253e+01,8.1580e+01,8.2110e+01,8.2606e+01,8.2988e+01,8.3310e+01,8.3437e+01,8.3732e+01,8.4222e+01,8.4670e+01,8.4843e+01,8.5001e+01,8.5387e+01,8.5984e+01,8.5739e+01,8.5810e+01,8.5825e+01,8.5987e+01,8.5932e+01,8.6187e+01,8.5981e+01,8.5587e+01,8.5365e+01,8.5260e+01,8.4998e+01,8.4722e+01,8.4817e+01,8.4991e+01,8.5238e+01,8.5185e+01,8.5090e+01,8.5119e+01,8.5267e+01,8.5566e+01,8.5595e+01
8.0362e+01,8.0697e+01,8.0899e+01,8.1100e+01,8.0762e+01,8.0308e+01,8.0380e+01,8.0174e+01,8.0787e+01,8.1399e+01,8.1468e+01,8.2383e+01,8.2454e+01,8.3340e+01,8.2896e+01,8.2191e+01,8.1978e+01,8.2185e+01,8.1677e+01,8.0924e+01,8.0493e+01,8.0344e+01,8.0691e+01,8.0842e+01,8.1110e+01,8.1749e+01,8.2080e+01,8.1807e+01,8.1520e+01,8.1125e+01,8.0806e+01,8.0679e+01,7.9980e+01,8.0743e+01,8.0798e+01,8.0978e+01,8.0763e+01,8.0603e+01,7.9760e+01,7.9034e+01,7.8647e+01,7.8226e+01,7.7935e+01,7.8096e+01,7.8241e+01,7.8564e+01,7.8845e+01,7.9498e+01,7.9114e+01,7.8421e+01,7.8388e+01,7.7855e+01,7.8070e+01,7.8717e+01,7.9293e+01,7.9917e+01,8.0545e+01,8.0780e+01,8.1182e+01,8.0474e+01,8.0512e+01,7.9683e+01,7.9481e+01,7.9142e+01,7.8494e+01,7.8208e+01,7.7878e+01,7.7602e+01,7.7351e+01,7.7086e+01,7.6936e+01,7.7014e+01,7.7017e+01,7.7156e+01,7.7472e+01,7.7439e+01,7.7325e+01,7.7584e+01,7.7455e+01,7.7232e+01,7.7437e+01,7.7386e+01,7.7462e+01,7.7748e+01,7.7608e+01,7.7203e+01,7.6982e+01,7.6833e+01,7.6942e+01,7.7190e+01,7.7559e+01,7.8007e+01,7.8338e+01,7.8760e+01,7.9543e+01,7.9421e+01,7.8892e+01,7.8770e+01,7.8789e+01,7.8364e+01,7.7884e+01,7.7464e+01,7.7384e+01,7.7249e+01,7.7433e+01,7.7572e+01,7.7662e+01,7.7833e+01,7.8091e+01,7.8007e+01,7.8272e+01,7.8336e+01,7.8855e+01,7.9023e+01,7.9068e+01,7.9246e+01,7.8790e+01,7.8518e+01,7.9060e+01,7.8778e+01,7.8351e+01,7.8048e+01,7.8243e+01,7.7821e+01,7.7381e+01,7.7287e+01,7.7570e+01,7.8002e+01,7.8624e+01,7.9113e+01,7.9568e+01,7.9833e+01,7.9615e+01,7.9654e+01,8.0024e+01,8.0280e+01,8.0678e+01,8.0982e+01,8.1308e+01,8.1839e+01,8.2333e+01,8.2713e+01,8.3034e+01,8.3159e+01,8.3455e+01,8.3944e+01,8.4394e+01,8.4570e+01,8.4730e+01,8.5117e+01,8.5715e+01,8.5470e+01,8.5538e+01,8.5552e+01,8.5713e+01,8.5659e+01,8.5917e+01,8.5715e+01,8.5319e+01,8.5098e+01,8.4996e+01,8.4735e+01,8.4458e+01,8.4553e+01,8.4730e+01,8.4981e+01,8.4928e+01,8.4831e+01,8.4860e+01,8.5005e+01,8.5304e+01,8.5337e+01
8.0173e+01,8.0510e+01,8.0711e+01,8.0908e+01,8.0561e+01,8.0102e+01,8.0169e+01,7.9960e+01,8.0570e+01,8.1184e+01,8.1258e+01,8.2173e+01,8.2244e+01,8.3132e+01,8.2689e+01,8.1984e+01,8.1770e+01,8.1982e+01,8.1475e+01,8.0719e+01,8.0290e+01,8.0136e+01,8.0481e+01,8.0629e+01,8.0894e+01,8.1536e+01,8.1865e+01,8.1583e+01,8.1286e+01,8.0884e+01,8.0562e+01,8.0437e+01,7.9738e+01,8.0505e+01,8.0557e+01,8.0740e+01,8.0530e+01,8.0373e+01,7.9530e+01,7.8803e+01,7.8413e+01,7.7996e+01,7.7702e+01,7.7857e+01,7.8002e+01,7.8322e+01,7.8600e+01,7.9251e+01,7.8866e+01,7.8176e+01,7.8142e+01,7.7612e+01,7.7826e+01,7.8470e+01,7.9043e+01,7.9669e+01,8.0296e+01,8.0529e+01,8.0933e+01,8.0226e+01,8.0264e+01,7.9436e+01,7.9236e+01,7.8900e+01,7.8256e+01,7.7977e+01,7.7652e+01,7.7380e+01,7.7136e+01,7.6872e+01,7.6721e+01,7.6799e+01,7.6797e+01,7.6925e+01,7.7237e+01,7.7206e+01,7.7101e+01,7.7364e+01,7.7241e+01,7.7022e+01,7.7232e+01,7.7183e+01,7.7266e+01,7.7556e+01,7.7418e+01,7.7006e+01,7.6777e+01,7.6621e+01,7.6724e+01,7.6974e+01,7.7341e+01,7.7792e+01,7.8127e+01,7.8554e+01,7.9340e+01,7.9217e+01,7.8681e+01,7.8555e+01,7.8569e+01,7.8140e+01,7.7659e+01,7.7239e+01,7.7155e+01,7.7020e+01,7.7203e+01,7.7338e+01,7.7424e+01,7.7597e+01,7.7854e+01,7.7777e+01,7.8046e+01,7.8107e+01,7.8626e+01,7.8801e+01,7.8845e+01,7.9028e+01,7.8574e+01,7.8297e+01,7.8841e+01,7.8558e+01,7.8136e+01,7.7831e+01,7.8033e+01,7.7607e+01,7.7166e+01,7.7072e+01,7.7358e+01,7.7790e+01,7.8414e+01,7.8904e+01,7.9358e+01,7.9622e+01,7.9401e+01,7.9436e+01,7.9805e+01,8.0061e+01,8.0461e+01,8.0764e+01,8.1085e+01,8.1618e+01,8.2107e+01,8.2484e+01,8.2802e+01,8.2923e+01,8.3221e+01,8.3706e+01,8.4158e+01,8.4335e+01,8.4494e+01,8.4884e+01,8.5482e+01,8.5235e+01,8.5304e+01,8.5319e+01,8.5479e+01,8.5425e+01,8.5687e+01,8.5487e+01,8.5090e+01,8.4868e+01,8.4769e+01,8.4507e+01,8.4230e+01,8.4328e+01,8.4512e+01,8.4770e+01,8.4719e+01,8.4621e+01,8.4654e+01,8.4796e+01,8.5098e+01,8.5135e+01
7.9912e+01,8.0251e+01,8.0458e+01,8.0653e+01,8.0298e+01,7.9835e+01,7.9905e+01,7.9696e+01,8.0307e+01,8.0923e+01,8.0993e+01,8.1913e+01,8.1991e+01,8.2889e+01,8.2448e+01,8.1738e+01,8.1526e+01,8.1739e+01,8.1226e+01,8.0463e+01,8.0028e+01,7.9872e+01,8.0221e+01,8.0375e+01,8.0643e+01,8.1298e+01,8.1630e+01,8.1347e+01,8.1043e+01,8.0636e+01,8.0303e+01,8.0175e+01,7.9468e+01,8.0232e+01,8.0283e+01,8.0459e+01,8.0242e+01,8.0080e+01,7.9234e+01,7.8506e+01,7.8116e+01,7.7694e+01,7.7404e+01,7.7565e+01,7.7710e+01,7.8038e+01,7.8324e+01,7.8983e+01,7.8604e+01,7.7908e+01,7.7883e+01,7.7343e+01,7.7551e+01,7.8201e+01,7.8783e+01,7.9408e+01,8.0044e+01,8.0288e+01,8.0692e+01,7.9980e+01,8.0009e+01,7.9174e+01,7.8964e+01,7.8621e+01,7.7975e+01,7.7691e+01,7.7364e+01,7.7084e+01,7.6838e+01,7.6572e+01,7.6426e+01,7.6513e+01,7.6511e+01,7.6641e+01,7.6964e+01,7.6930e+01,7.6817e+01,7.7075e+01,7.6947e+01,7.6725e+01,7.6933e+01,7.6880e+01,7.6962e+01,7.7251e+01,7.7112e+01,7.6700e+01,7.6473e+01,7.6318e+01,7.6421e+01,7.6670e+01,7.7038e+01,7.7490e+01,7.7827e+01,7.8255e+01,7.9044e+01,7.8918e+01,7.8381e+01,7.8256e+01,7.8271e+01,7.7839e+01,7.7358e+01,7.6937e+01,7.6858e+01,7.6724e+01,7.6906e+01,7.7048e+01,7.7144e+01,7.7325e+01,7.7594e+01,7.7522e+01,7.7792e+01,7.7845e+01,7.8363e+01,7.8532e+01,7.8566e+01,7.8741e+01,7.8280e+01,7.7998e+01,7.8541e+01,7.8255e+01,7.7831e+01,7.7525e+01,7.7727e+01,7.7303e+01,7.6861e+01,7.6767e+01,7.7052e+01,7.7483e+01,7.8109e+01,7.8601e+01,7.9059e+01,7.9322e+01,7.9101e+01,7.9137e+01,7.9506e+01,7.9765e+01,8.0165e+01,8.0469e+01,8.0793e+01,8.1328e+01,8.1820e+01,8.2199e+01,8.2518e+01,8.2636e+01,8.2936e+01,8.3424e+01,8.3878e+01,8.4058e+01,8.4220e+01,8.4614e+01,8.5218e+01,8.4971e+01,8.5039e+01,8.5053e+01,8.5214e+01,8.5158e+01,8.5423e+01,8.5224e+01,8.4823e+01,8.4599e+01,8.4500e+01,8.4238e+01,8.3958e+01,8.4054e+01,8.4236e+01,8.4498e+01,8.4446e+01,8.4343e+01,8.4373e+01,8.4515e+01,8.4816e+01,8.4856e+01
7.9681e+01,8.0024e+01,8.0233e+01,8.0428e+01,8.0068e+01,7.9602e+01,7.9675e+01,7.9464e+01,8.0075e+01,8.0693e+01,8.0762e+01,8.1685e+01,8.1771e+01,8.2677e+01,8.2243e+01,8.1531e+01,8.1322e+01,8.1539e+01,8.1023e+01,8.0251e+01,7.9809e+01,7.9650e+01,8.0000e+01,8.0158e+01,8.0427e+01,8.1090e+01,8.1421e+01,8.1138e+01,8.0831e+01,8.0418e+01,8.0076e+01,7.9940e+01,7.9224e+01,7.9984e+01,8.0037e+01,8.0206e+01,7.9982e+01,7.9817e+01,7.8969e+01,7.8241e+01,7.7855e+01,7.7431e+01,7.7147e+01,7.7316e+01,7.7467e+01,7.7803e+01,7.8092e+01,7.8760e+01,7.8384e+01,7.7682e+01,7.7663e+01,7.7113e+01,7.7324e+01,7.7985e+01,7.8572e+01,7.9197e+01,7.9838e+01,8.0088e+01,8.0489e+01,7.9767e+01,7.9788e+01,7.8944e+01,7.8726e+01,7.8375e+01,7.7726e+01,7.7433e+01,7.7102e+01,7.6817e+01,7.6567e+01,7.6301e+01,7.6158e+01,7.6247e+01,7.6250e+01,7.6388e+01,7.6720e+01,7.6687e+01,7.6565e+01,7.6822e+01,7.6691e+01,7.6465e+01,7.6674e+01,7.6618e+01,7.6695e+01,7.6980e+01,7.6836e+01,7.6426e+01,7.6204e+01,7.6053e+01,7.6162e+01,7.6412e+01,7.6784e+01,7.7235e+01,7.7575e+01,7.7999e+01,7.8789e+01,7.8659e+01,7.8125e+01,7.8007e+01,7.8023e+01,7.7590e+01,7.7109e+01,7.6682e+01,7.6606e+01,7.6470e+01,7.6647e+01,7.6795e+01,7.6898e+01,7.7080e+01,7.7355e+01,7.7280e+01,7.7546e+01,7.7595e+01,7.8110e+01,7.8273e+01,7.8303e+01,7.8472e+01,7.8005e+01,7.7726e+01,7.8269e+01,7.7983e+01,7.7557e+01,7.7254e+01,7.7454e+01,7.7033e+01,7.6590e+01,7.6500e+01,7.6785e+01,7.7216e+01,7.7843e+01,7.8335e+01,7.8796e+01,7.9064e+01,7.8842e+01,7.8876e+01,7.9245e+01,7.9504e+01,7.9902e+01,8.0203e+01,8.0532e+01,8.1068e+01,8.1564e+01,8.1946e+01,8.2263e+01,8.2378e+01,8.2678e+01,8.3169e+01,8.3623e+01,8.3805e+01,8.3970e+01,8.4368e+01,8.4974e+01,8.4729e+01,8.4797e+01,8.4814e+01,8.4977e+01,8.4920e+01,8.5186e+01,8.4987e+01,8.4585e+01,8.4355e+01,8.4251e+01,8.3988e+01,8.3703e+01,8.3794e+01,8.3974e+01,8.4237e+01,8.4180e+01,8.4072e+01,8.4099e+01,8.4239e+01,8.4540e+01,8.4578e+01
7.9443e+01,7.9782e+01,7.9992e+01,8.0183e+01,7.9819e+01,7.9353e+01,7.9428e+01,7.9220e+01,7.9829e+01,8.0444e+01,8.0507e+01,8.1428e+01,8.1518e+01,8.2426e+01,8.1995e+01,8.1283e+01,8.1076e+01,8.1294e+01,8.0776e+01,8.0002e+01,7.9558e+01,7.9399e+01,7.9750e+01,7.9912e+01,8.0182e+01,8.0852e+01,8.1185e+01,8.0903e+01,8.0592e+01,8.0179e+01,7.9834e+01,7.9702e+01,7.8986e+01,7.9747e+01,7.9798e+01,7.9968e+01,7.9744e+01,7.9575e+01,7.8721e+01,7.7990e+01,7.7597e+01,7.7168e+01,7.6882e+01,7.7054e+01,7.7198e+01,7.7538e+01,7.7835e+01,7.8507e+01,7.8136e+01,7.7433e+01,7.7420e+01,7.6865e+01,7.7066e+01,7.7726e+01,7.8319e+01,7.8941e+01,7.9589e+01,7.9847e+01,8.0252e+01,7.9531e+01,7.9549e+01,7.8703e+01,7.8482e+01,7.8132e+01,7.7483e+01,7.7192e+01,7.6863e+01,7.6569e+01,7.6316e+01,7.6042e+01,7.5900e+01,7.5999e+01,7.5997e+01,7.6135e+01,7.6477e+01,7.6441e+01,7.6311e+01,7.6556e+01,7.6407e+01,7.6180e+01,7.6379e+01,7.6322e+01,7.6403e+01,7.6688e+01,7.6551e+01,7.6145e+01,7.5923e+01,7.5777e+01,7.5880e+01,7.6122e+01,7.6491e+01,7.6941e+01,7.7276e+01,7.7700e+01,7.8489e+01,7.8362e+01,7.7829e+01,7.7710e+01,7.7729e+01,7.7301e+01,7.6820e+01,7.6400e+01,7.6332e+01,7.6205e+01,7.6385e+01,7.6542e+01,7.6649e+01,7.6842e+01,7.7125e+01,7.7055e+01,7.7324e+01,7.7370e+01,7.7887e+01,7.8050e+01,7.8076e+01,7.8241e+01,7.7767e+01,7.7481e+01,7.8023e+01,7.7729e+01,7.7298e+01,7.6988e+01,7.7184e+01,7.6759e+01,7.6317e+01,7.6219e+01,7.6497e+01,7.6929e+01,7.7555e+01,7.8050e+01,7.8514e+01,7.8782e+01,7.8565e+01,7.8603e+01,7.8975e+01,7.9238e+01,7.9637e+01,7.9939e+01,8.0274e+01,8.0812e+01,8.1312e+01,8.1695e+01,8.2010e+01,8.2118e+01,8.2420e+01,8.2909e+01,8.3363e+01,8.3545e+01,8.3714e+01,8.4116e+01,8.4728e+01,8.4484e+01,8.4554e+01,8.4574e+01,8.4737e+01,8.4677e+01,8.4947e+01,8.4747e+01,8.4342e+01,8.4105e+01,8.3994e+01,8.3728e+01,8.3437e+01,8.3526e+01,8.3705e+01,8.3968e+01,8.3908e+01,8.3800e+01,8.3829e+01,8.3970e+01,8.4277e+01,8.4320e+01
7.9257e+01,7.9595e+01,7.9804e+01,7.9992e+01,7.9625e+01,7.9156e+01,7.9230e+01,7.9022e+01,7.9633e+01,8.0246e+01,8.0309e+01,8.1229e+01,8.1320e+01,8.2233e+01,8.1804e+01,8.1091e+01,8.0884e+01,8.1103e+01,8.0583e+01,7.9806e+01,7.9360e+01,7.9201e+01,7.9552e+01,7.9714e+01,7.9985e+01,8.0660e+01,8.0994e+01,8.0711e+01,8.0397e+01,7.9982e+01,7.9632e+01,7.9500e+01,7.8781e+01,7.9540e+01,7.9594e+01,7.9763e+01,7.9536e+01,7.9368e+01,7.8511e+01,7.7778e+01,7.7384e+01,7.6953e+01,7.6668e+01,7.6842e+01,7.6985e+01,7.7329e+01,7.7628e+01,7.8302e+01,7.7937e+01,7.7233e+01,7.7227e+01,7.6668e+01,7.6864e+01,7.7526e+01,7.8122e+01,7.8741e+01,7.9391e+01,7.9656e+01,8.0059e+01,7.9336e+01,7.9349e+01,7.8501e+01,7.8276e+01,7.7925e+01,7.7275e+01,7.6984e+01,7.6655e+01,7.6358e+01,7.6106e+01,7.5826e+01,7.5684e+01,7.5788e+01,7.5785e+01,7.5925e+01,7.6277e+01,7.6243e+01,7.6106e+01,7.6350e+01,7.6180e+01,7.5949e+01,7.6144e+01,7.6086e+01,7.6169e+01,7.6454e+01,7.6318e+01,7.5914e+01,7.5693e+01,7.5551e+01,7.5653e+01,7.5893e+01,7.6264e+01,7.6715e+01,7.7049e+01,7.7473e+01,7.8264e+01,7.8138e+01,7.7606e+01,7.7487e+01,7.7510e+01,7.7082e+01,7.6599e+01,7.6178e+01,7.6113e+01,7.5988e+01,7.6169e+01,7.6330e+01,7.6441e+01,7.6639e+01,7.6929e+01,7.6864e+01,7.7132e+01,7.7173e+01,7.7690e+01,7.7851e+01,7.7874e+01,7.8036e+01,7.7558e+01,7.7271e+01,7.7813e+01,7.7517e+01,7.7084e+01,7.6771e+01,7.6967e+01,7.6538e+01,7.6094e+01,7.5993e+01,7.6269e+01,7.6703e+01,7.7332e+01,7.7831e+01,7.8299e+01,7.8566e+01,7.8345e+01,7.8384e+01,7.8755e+01,7.9021e+01,7.9416e+01,7.9717e+01,8.0055e+01,8.0591e+01,8.1092e+01,8.1476e+01,8.1786e+01,8.1890e+01,8.2192e+01,8.2679e+01,8.3132e+01,8.3317e+01,8.3490e+01,8.3895e+01,8.4511e+01,8.4270e+01,8.4341e+01,8.4364e+01,8.4529e+01,8.4467e+01,8.4742e+01,8.4542e+01,8.4134e+01,8.3891e+01,8.3774e+01,8.3503e+01,8.3208e+01,8.3300e+01,8.3482e+01,8.3745e+01,8.3683e+01,8.3576e+01,8.3605e+01,8.3750e+01,8.4059e+01,8.4105e+01
7.9073e+01,7.9409e+01,7.9619e+01,7.9807e+01,7.9443e+01,7.8975e+01,7.9049e+01,7.8838e+01,7.9446e+01,8.0060e+01,8.0124e+01,8.1043e+01,8.1138e+01,8.2055e+01,8.1630e+01,8.0919e+01,8.0718e+01,8.0940e+01,8.0420e+01,7.9639e+01,7.9190e+01,7.9029e+01,7.9377e+01,7.9540e+01,7.9808e+01,8.0484e+01,8.0817e+01,8.0534e+01,8.0219e+01,7.9803e+01,7.9451e+01,7.9316e+01,7.8596e+01,7.9351e+01,7.9407e+01,7.9575e+01,7.9345e+01,7.9179e+01,7.8324e+01,7.7590e+01,7.7200e+01,7.6769e+01,7.6489e+01,7.6665e+01,7.6813e+01,7.7158e+01,7.7456e+01,7.8132e+01,7.7768e+01,7.7063e+01,7.7058e+01,7.6499e+01,7.6699e+01,7.7363e+01,7.7957e+01,7.8576e+01,7.9226e+01,7.9492e+01,7.9892e+01,7.9165e+01,7.9176e+01,7.8324e+01,7.8098e+01,7.7744e+01,7.7092e+01,7.6797e+01,7.6464e+01,7.6166e+01,7.5908e+01,7.5629e+01,7.5486e+01,7.5589e+01,7.5594e+01,7.5742e+01,7.6096e+01,7.6066e+01,7.5927e+01,7.6174e+01,7.5998e+01,7.5757e+01,7.5943e+01,7.5885e+01,7.5958e+01,7.6241e+01,7.6103e+01,7.5704e+01,7.5492e+01,7.5359e+01,7.5470e+01,7.5711e+01,7.6086e+01,7.6536e+01,7.6869e+01,7.7289e+01,7.8081e+01,7.7956e+01,7.7427e+01,7.7312e+01,7.7339e+01,7.6910e+01,7.6426e+01,7.6002e+01,7.5938e+01,7.5809e+01,7.5987e+01,7.6148e+01,7.6262e+01,7.6455e+01,7.6745e+01,7.6673e+01,7.6936e+01,7.6979e+01,7.7494e+01,7.7650e+01,7.7676e+01,7.7837e+01,7.7360e+01,7.7079e+01,7.7622e+01,7.7329e+01,7.6894e+01,7.6584e+01,7.6778e+01,7.6351e+01,7.5905e+01,7.5807e+01,7.6081e+01,7.6518e+01,7.7148e+01,7.7649e+01,7.8121e+01,7.8386e+01,7.8165e+01,7.8209e+01,7.8582e+01,7.8848e+01,7.9241e+01,7.9541e+01,7.9882e+01,8.0419e+01,8.0923e+01,8.1308e+01,8.1617e+01,8.1719e+01,8.2021e+01,8.2510e+01,8.2963e+01,8.3151e+01,8.3330e+01,8.3738e+01,8.4358e+01,8.4118e+01,8.4191e+01,8.4217e+01,8.4385e+01,8.4322e+01,8.4601e+01,8.4402e+01,8.3995e+01,8.3748e+01,8.3626e+01,8.3351e+01,8.3053e+01,8.3143e+01,8.3323e+01,8.3581e+01,8.3514e+01,8.3406e+01,8.3435e+01,8.3579e+01,8.3888e+01,8.3931e+01
7.8939e+01,7.9276e+01,7.9490e+01,7.9680e+01,7.9312e+01,7.8838e+01,7.8909e+01,7.8690e+01,7.9293e+01,7.9912e+01,7.9985e+01,8.0910e+01,8.1012e+01,8.1941e+01,8.1517e+01,8.0803e+01,8.0605e+01,8.0833e+01,8.0311e+01,7.9523e+01,7.9069e+01,7.8902e+01,7.9248e+01,7.9407e+01,7.9673e+01,8.0353e+01,8.0682e+01,8.0391e+01,8.0071e+01,7.9649e+01,7.9296e+01,7.9155e+01,7.8437e+01,7.9188e+01,7.9247e+01,7.9417e+01,7.9187e+01,7.9028e+01,7.8177e+01,7.7444e+01,7.7062e+01,7.6637e+01,7.6360e+01,7.6533e+01,7.6689e+01,7.7032e+01,7.7320e+01,7.7994e+01,7.7627e+01,7.6926e+01,7.6918e+01,7.6365e+01,7.6572e+01,7.7236e+01,7.7824e+01,7.8443e+01,7.9087e+01,7.9348e+01,7.9741e+01,7.9010e+01,7.9022e+01,7.8171e+01,7.7948e+01,7.7594e+01,7.6944e+01,7.6648e+01,7.6312e+01,7.6020e+01,7.5762e+01,7.5490e+01,7.5345e+01,7.5440e+01,7.5452e+01,7.5604e+01,7.5951e+01,7.5925e+01,7.5791e+01,7.6045e+01,7.5881e+01,7.5636e+01,7.5826e+01,7.5766e+01,7.5831e+01,7.6112e+01,7.5967e+01,7.5569e+01,7.5364e+01,7.5232e+01,7.5351e+01,7.5598e+01,7.5979e+01,7.6433e+01,7.6768e+01,7.7188e+01,7.7984e+01,7.7856e+01,7.7327e+01,7.7215e+01,7.7242e+01,7.6808e+01,7.6322e+01,7.5889e+01,7.5821e+01,7.5682e+01,7.5856e+01,7.6011e+01,7.6122e+01,7.6305e+01,7.6589e+01,7.6511e+01,7.6768e+01,7.6814e+01,7.7326e+01,7.7481e+01,7.7513e+01,7.7677e+01,7.7206e+01,7.6932e+01,7.7478e+01,7.7192e+01,7.6760e+01,7.6457e+01,7.6656e+01,7.6232e+01,7.5783e+01,7.5688e+01,7.5965e+01,7.6403e+01,7.7038e+01,7.7542e+01,7.8020e+01,7.8285e+01,7.8065e+01,7.8107e+01,7.8479e+01,7.8746e+01,7.9139e+01,7.9439e+01,7.9786e+01,8.0325e+01,8.0834e+01,8.1222e+01,8.1527e+01,8.1623e+01,8.1924e+01,8.2412e+01,8.2866e+01,8.3056e+01,8.3240e+01,8.3648e+01,8.4271e+01,8.4033e+01,8.4107e+01,8.4139e+01,8.4310e+01,8.4248e+01,8.4532e+01,8.4333e+01,8.3924e+01,8.3672e+01,8.3543e+01,8.3265e+01,8.2963e+01,8.3055e+01,8.3233e+01,8.3491e+01,8.3418e+01,8.3307e+01,8.3338e+01,8.3484e+01,8.3797e+01,8.3842e+01
7.8996e+01,7.9333e+01,7.9549e+01,7.9744e+01,7.9381e+01,7.8904e+01,7.8977e+01,7.8756e+01,7.9365e+01,7.9988e+01,8.0063e+01,8.0997e+01,8.1098e+01,8.2038e+01,8.1604e+01,8.0881e+01,8.0679e+01,8.0904e+01,8.0375e+01,7.9585e+01,7.9129e+01,7.8966e+01,7.9317e+01,7.9477e+01,7.9746e+01,8.0431e+01,8.0765e+01,8.0473e+01,8.0153e+01,7.9731e+01,7.9377e+01,7.9236e+01,7.8514e+01,7.9270e+01,7.9333e+01,7.9503e+01,7.9267e+01,7.9108e+01,7.8251e+01,7.7512e+01,7.7128e+01,7.6698e+01,7.6420e+01,7.6596e+01,7.6753e+01,7.7098e+01,7.7389e+01,7.8065e+01,7.7696e+01,7.6989e+01,7.6979e+01,7.6423e+01,7.6633e+01,7.7300e+01,7.7891e+01,7.8515e+01,7.9162e+01,7.9421e+01,7.9818e+01,7.9084e+01,7.9099e+01,7.8244e+01,7.8022e+01,7.7666e+01,7.7009e+01,7.6709e+01,7.6367e+01,7.6071e+01,7.5806e+01,7.5530e+01,7.5383e+01,7.5477e+01,7.5492e+01,7.5651e+01,7.6000e+01,7.5973e+01,7.5833e+01,7.6085e+01,7.5912e+01,7.5662e+01,7.5841e+01,7.5780e+01,7.5839e+01,7.6117e+01,7.5975e+01,7.5586e+01,7.5389e+01,7.5265e+01,7.5388e+01,7.5633e+01,7.6017e+01,7.6471e+01,7.6800e+01,7.7217e+01,7.8015e+01,7.7890e+01,7.7365e+01,7.7256e+01,7.7290e+01,7.6860e+01,7.6371e+01,7.5938e+01,7.5872e+01,7.5735e+01,7.5910e+01,7.6068e+01,7.6180e+01,7.6361e+01,7.6643e+01,7.6558e+01,7.6815e+01,7.6865e+01,7.7380e+01,7.7532e+01,7.7570e+01,7.7733e+01,7.7258e+01,7.6989e+01,7.7538e+01,7.7253e+01,7.6815e+01,7.6509e+01,7.6706e+01,7.6279e+01,7.5826e+01,7.5728e+01,7.6000e+01,7.6442e+01,7.7078e+01,7.7589e+01,7.8071e+01,7.8338e+01,7.8116e+01,7.8164e+01,7.8538e+01,7.8804e+01,7.9195e+01,7.9495e+01,7.9845e+01,8.0382e+01,8.0895e+01,8.1283e+01,8.1584e+01,8.1678e+01,8.1976e+01,8.2462e+01,8.2913e+01,8.3103e+01,8.3292e+01,8.3700e+01,8.4324e+01,8.4092e+01,8.4167e+01,8.4203e+01,8.4376e+01,8.4312e+01,8.4600e+01,8.4401e+01,8.3991e+01,8.3734e+01,8.3599e+01,8.3319e+01,8.3016e+01,8.3105e+01,8.3279e+01,8.3533e+01,8.3456e+01,8.3342e+01,8.3372e+01,8.3519e+01,8.3831e+01,8.3875e+01
7.8767e+01,7.9109e+01,7.9336e+01,7.9541e+01,7.9170e+01,7.8685e+01,7.8763e+01,7.8533e+01,7.9139e+01,7.9777e+01,7.9856e+01,8.0814e+01,8.0934e+01,8.1896e+01,8.1459e+01,8.0723e+01,8.0520e+01,8.0748e+01,8.0209e+01,7.9404e+01,7.8933e+01,7.8766e+01,7.9122e+01,7.9289e+01,7.9566e+01,8.0269e+01,8.0607e+01,8.0307e+01,7.9976e+01,7.9540e+01,7.9174e+01,7.9021e+01,7.8289e+01,7.9040e+01,7.9102e+01,7.9267e+01,7.9026e+01,7.8867e+01,7.8012e+01,7.7273e+01,7.6897e+01,7.6467e+01,7.6199e+01,7.6381e+01,7.6548e+01,7.6902e+01,7.7190e+01,7.7876e+01,7.7505e+01,7.6793e+01,7.6785e+01,7.6227e+01,7.6443e+01,7.7119e+01,7.7712e+01,7.8343e+01,7.8990e+01,7.9249e+01,7.9640e+01,7.8891e+01,7.8902e+01,7.8036e+01,7.7807e+01,7.7442e+01,7.6783e+01,7.6475e+01,7.6129e+01,7.5832e+01,7.5564e+01,7.5293e+01,7.5150e+01,7.5245e+01,7.5271e+01,7.5436e+01,7.5789e+01,7.5769e+01,7.5631e+01,7.5892e+01,7.5719e+01,7.5459e+01,7.5639e+01,7.5571e+01,7.5619e+01,7.5891e+01,7.5741e+01,7.5354e+01,7.5165e+01,7.5044e+01,7.5177e+01,7.5422e+01,7.5810e+01,7.6262e+01,7.6596e+01,7.7008e+01,7.7807e+01,7.7675e+01,7.7154e+01,7.7054e+01,7.7090e+01,7.6656e+01,7.6168e+01,7.5728e+01,7.5665e+01,7.5520e+01,7.5687e+01,7.5846e+01,7.5965e+01,7.6141e+01,7.6426e+01,7.6334e+01,7.6582e+01,7.6631e+01,7.7141e+01,7.7286e+01,7.7323e+01,7.7482e+01,7.7007e+01,7.6742e+01,7.7291e+01,7.7009e+01,7.6571e+01,7.6272e+01,7.6469e+01,7.6048e+01,7.5596e+01,7.5505e+01,7.5775e+01,7.6215e+01,7.6851e+01,7.7362e+01,7.7847e+01,7.8114e+01,7.7895e+01,7.7946e+01,7.8318e+01,7.8585e+01,7.8977e+01,7.9275e+01,7.9626e+01,8.0167e+01,8.0681e+01,8.1071e+01,8.1369e+01,8.1459e+01,8.1755e+01,8.2241e+01,8.2689e+01,8.2884e+01,8.3077e+01,8.3487e+01,8.4115e+01,8.3883e+01,8.3956e+01,8.3995e+01,8.4171e+01,8.4108e+01,8.4398e+01,8.4200e+01,8.3785e+01,8.3523e+01,8.3381e+01,8.3100e+01,8.2793e+01,8.2888e+01,8.3063e+01,8.3316e+01,8.3236e+01,8.3121e+01,8.3154e+01,8.3304e+01,8.3622e+01,8.3671e+01
7.8625e+01,7.8971e+01,7.9200e+01,7.9416e+01,7.9047e+01,7.8554e+01,7.8637e+01,7.8401e+01,7.9010e+01,7.9666e+01,7.9750e+01,8.0733e+01,8.0856e+01,8.1832e+01,8.1382e+01,8.0630e+01,8.0419e+01,8.0642e+01,8.0093e+01,7.9281e+01,7.8800e+01,7.8637e+01,7.9004e+01,7.9175e+01,7.9463e+01,8.0180e+01,8.0528e+01,8.0224e+01,7.9892e+01,7.9445e+01,7.9066e+01,7.8904e+01,7.8160e+01,7.8914e+01,7.8980e+01,7.9144e+01,7.8895e+01,7.8737e+01,7.7876e+01,7.7132e+01,7.6758e+01,7.6326e+01,7.6061e+01,7.6247e+01,7.6421e+01,7.6781e+01,7.7069e+01,7.7764e+01,7.7388e+01,7.6669e+01,7.6661e+01,7.6097e+01,7.6319e+01,7.7005e+01,7.7603e+01,7.8243e+01,7.8895e+01,7.9152e+01,7.9542e+01,7.8780e+01,7.8791e+01,7.7913e+01,7.7680e+01,7.7308e+01,7.6644e+01,7.6330e+01,7.5978e+01,7.5679e+01,7.5404e+01,7.5133e+01,7.4990e+01,7.5083e+01,7.5115e+01,7.5288e+01,7.5646e+01,7.5628e+01,7.5486e+01,7.5750e+01,7.5572e+01,7.5302e+01,7.5478e+01,7.5407e+01,7.5447e+01,7.5715e+01,7.5563e+01,7.5180e+01,7.5000e+01,7.4885e+01,7.5025e+01,7.5271e+01,7.5664e+01,7.6117e+01,7.6449e+01,7.6858e+01,7.7661e+01,7.7530e+01,7.7011e+01,7.6915e+01,7.6956e+01,7.6523e+01,7.6031e+01,7.5586e+01,7.5525e+01,7.5376e+01,7.5542e+01,7.5703e+01,7.5824e+01,7.5998e+01,7.6283e+01,7.6185e+01,7.6430e+01,7.6480e+01,7.6990e+01,7.7131e+01,7.7172e+01,7.7331e+01,7.6853e+01,7.6592e+01,7.7146e+01,7.6864e+01,7.6422e+01,7.6122e+01,7.6319e+01,7.5897e+01,7.5442e+01,7.5350e+01,7.5619e+01,7.6062e+01,7.6701e+01,7.7217e+01,7.7707e+01,7.7977e+01,7.7758e+01,7.7812e+01,7.8185e+01,7.8451e+01,7.8844e+01,7.9141e+01,7.9492e+01,8.0034e+01,8.0549e+01,8.0937e+01,8.1228e+01,8.1313e+01,8.1604e+01,8.2086e+01,8.2531e+01,8.2729e+01,8.2926e+01,8.3339e+01,8.3969e+01,8.3738e+01,8.3808e+01,8.3848e+01,8.4026e+01,8.3962e+01,8.4254e+01,8.4055e+01,8.3639e+01,8.3372e+01,8.3227e+01,8.2949e+01,8.2642e+01,8.2740e+01,8.2914e+01,8.3166e+01,8.3087e+01,8.2971e+01,8.3009e+01,8.3161e+01,8.3478e+01,8.3531e+01
7.8715e+01,7.9062e+01,7.9295e+01,7.9518e+01,7.9149e+01,7.8651e+01,7.8744e+01,7.8504e+01,7.9117e+01,7.9785e+01,7.9862e+01,8.0851e+01,8.0981e+01,8.1961e+01,8.1510e+01,8.0751e+01,8.0537e+01,8.0756e+01,8.0200e+01,7.9383e+01,7.8895e+01,7.8737e+01,7.9112e+01,7.9290e+01,7.9585e+01,8.0308e+01,8.0659e+01,8.0351e+01,8.0018e+01,7.9558e+01,7.9172e+01,7.8993e+01,7.8243e+01,7.8987e+01,7.9056e+01,7.9215e+01,7.8960e+01,7.8807e+01,7.7951e+01,7.7208e+01,7.6842e+01,7.6408e+01,7.6149e+01,7.6340e+01,7.6521e+01,7.6886e+01,7.7173e+01,7.7871e+01,7.7492e+01,7.6770e+01,7.6760e+01,7.6194e+01,7.6420e+01,7.7109e+01,7.7709e+01,7.8355e+01,7.9005e+01,7.9258e+01,7.9644e+01,7.8877e+01,7.8887e+01,7.8007e+01,7.7773e+01,7.7395e+01,7.6730e+01,7.6412e+01,7.6056e+01,7.5755e+01,7.5478e+01,7.5207e+01,7.5063e+01,7.5158e+01,7.5193e+01,7.5371e+01,7.5733e+01,7.5716e+01,7.5571e+01,7.5836e+01,7.5650e+01,7.5372e+01,7.5542e+01,7.5466e+01,7.5500e+01,7.5764e+01,7.5612e+01,7.5236e+01,7.5063e+01,7.4955e+01,7.5099e+01,7.5343e+01,7.5739e+01,7.6191e+01,7.6519e+01,7.6925e+01,7.7727e+01,7.7597e+01,7.7084e+01,7.6991e+01,7.7039e+01,7.6609e+01,7.6116e+01,7.5670e+01,7.5614e+01,7.5462e+01,7.5626e+01,7.5790e+01,7.5914e+01,7.6085e+01,7.6370e+01,7.6269e+01,7.6509e+01,7.6558e+01,7.7066e+01,7.7202e+01,7.7243e+01,7.7400e+01,7.6921e+01,7.6663e+01,7.7218e+01,7.6939e+01,7.6496e+01,7.6198e+01,7.6395e+01,7.5974e+01,7.5518e+01,7.5424e+01,7.5687e+01,7.6130e+01,7.6769e+01,7.7287e+01,7.7781e+01,7.8053e+01,7.7837e+01,7.7891e+01,7.8265e+01,7.8531e+01,7.8927e+01,7.9222e+01,7.9573e+01,8.0117e+01,8.0633e+01,8.1023e+01,8.1309e+01,8.1388e+01,8.1677e+01,8.2154e+01,8.2597e+01,8.2798e+01,8.2998e+01,8.3413e+01,8.4045e+01,8.3814e+01,8.3883e+01,8.3926e+01,8.4107e+01,8.4043e+01,8.4338e+01,8.4140e+01,8.3723e+01,8.3453e+01,8.3307e+01,8.3030e+01,8.2722e+01,8.2820e+01,8.2993e+01,8.3245e+01,8.3169e+01,8.3053e+01,8.3095e+01,8.3249e+01,8.3567e+01,8.3623e+01
7.8852e+01,7.9192e+01,7.9422e+01,7.9645e+01,7.9275e+01,7.8780e+01,7.8881e+01,7.8646e+01,7.9262e+01,7.9928e+01,7.9993e+01,8.0983e+01,8.1119e+01,8.2102e+01,8.1653e+01,8.0892e+01,8.0678e+01,8.0897e+01,8.0338e+01,7.9519e+01,7.9028e+01,7.8871e+01,7.9248e+01,7.9432e+01,7.9731e+01,8.0458e+01,8.0812e+01,8.0507e+01,8.0175e+01,7.9715e+01,7.9329e+01,7.9145e+01,7.8388e+01,7.9128e+01,7.9197e+01,7.9344e+01,7.9085e+01,7.8929e+01,7.8075e+01,7.7335e+01,7.6971e+01,7.6535e+01,7.6279e+01,7.6476e+01,7.6657e+01,7.7027e+01,7.7318e+01,7.8019e+01,7.7638e+01,7.6913e+01,7.6903e+01,7.6335e+01,7.6559e+01,7.7251e+01,7.7854e+01,7.8502e+01,7.9155e+01,7.9407e+01,7.9794e+01,7.9026e+01,7.9038e+01,7.8155e+01,7.7919e+01,7.7535e+01,7.6868e+01,7.6545e+01,7.6185e+01,7.5881e+01,7.5601e+01,7.5330e+01,7.5189e+01,7.5286e+01,7.5324e+01,7.5504e+01,7.5870e+01,7.5854e+01,7.5707e+01,7.5973e+01,7.5782e+01,7.5497e+01,7.5659e+01,7.5577e+01,7.5605e+01,7.5863e+01,7.5712e+01,7.5344e+01,7.5178e+01,7.5077e+01,7.5222e+01,7.5461e+01,7.5856e+01,7.6305e+01,7.6630e+01,7.7032e+01,7.7833e+01,7.7705e+01,7.7195e+01,7.7104e+01,7.7156e+01,7.6729e+01,7.6237e+01,7.5793e+01,7.5742e+01,7.5592e+01,7.5755e+01,7.5923e+01,7.6052e+01,7.6222e+01,7.6510e+01,7.6406e+01,7.6643e+01,7.6691e+01,7.7197e+01,7.7328e+01,7.7368e+01,7.7519e+01,7.7039e+01,7.6783e+01,7.7336e+01,7.7057e+01,7.6613e+01,7.6316e+01,7.6511e+01,7.6091e+01,7.5636e+01,7.5541e+01,7.5800e+01,7.6243e+01,7.6879e+01,7.7400e+01,7.7893e+01,7.8166e+01,7.7950e+01,7.8004e+01,7.8375e+01,7.8639e+01,7.9034e+01,7.9325e+01,7.9676e+01,8.0220e+01,8.0733e+01,8.1123e+01,8.1405e+01,8.1482e+01,8.1771e+01,8.2243e+01,8.2687e+01,8.2889e+01,8.3090e+01,8.3502e+01,8.4133e+01,8.3900e+01,8.3972e+01,8.4017e+01,8.4199e+01,8.4138e+01,8.4435e+01,8.4238e+01,8.3821e+01,8.3549e+01,8.3402e+01,8.3127e+01,8.2819e+01,8.2918e+01,8.3091e+01,8.3344e+01,8.3264e+01,8.3145e+01,8.3191e+01,8.3344e+01,8.3659e+01,8.3715e+01
7.9031e+01,7.9368e+01,7.9586e+01,7.9801e+01,7.9440e+01,7.8943e+01,7.9039e+01,7.8804e+01,7.9424e+01,8.0089e+01,8.0157e+01,8.1143e+01,8.1266e+01,8.2242e+01,8.1784e+01,8.1020e+01,8.0800e+01,8.1013e+01,8.0456e+01,7.9646e+01,7.9165e+01,7.9014e+01,7.9393e+01,7.9571e+01,7.9868e+01,8.0593e+01,8.0948e+01,8.0639e+01,8.0310e+01,7.9846e+01,7.9469e+01,7.9281e+01,7.8531e+01,7.9271e+01,7.9350e+01,7.9502e+01,7.9244e+01,7.9098e+01,7.8247e+01,7.7504e+01,7.7141e+01,7.6709e+01,7.6448e+01,7.6637e+01,7.6817e+01,7.7177e+01,7.7462e+01,7.8153e+01,7.7768e+01,7.7049e+01,7.7033e+01,7.6471e+01,7.6697e+01,7.7382e+01,7.7979e+01,7.8626e+01,7.9271e+01,7.9517e+01,7.9904e+01,7.9142e+01,7.9161e+01,7.8289e+01,7.8062e+01,7.7688e+01,7.7023e+01,7.6707e+01,7.6349e+01,7.6053e+01,7.5775e+01,7.5503e+01,7.5354e+01,7.5444e+01,7.5475e+01,7.5651e+01,7.6009e+01,7.5989e+01,7.5842e+01,7.6102e+01,7.5913e+01,7.5636e+01,7.5797e+01,7.5722e+01,7.5757e+01,7.6020e+01,7.5875e+01,7.5506e+01,7.5336e+01,7.5234e+01,7.5375e+01,7.5619e+01,7.6017e+01,7.6472e+01,7.6792e+01,7.7200e+01,7.8004e+01,7.7882e+01,7.7370e+01,7.7273e+01,7.7328e+01,7.6901e+01,7.6402e+01,7.5958e+01,7.5902e+01,7.5751e+01,7.5921e+01,7.6082e+01,7.6201e+01,7.6369e+01,7.6648e+01,7.6545e+01,7.6787e+01,7.6841e+01,7.7348e+01,7.7487e+01,7.7533e+01,7.7693e+01,7.7218e+01,7.6963e+01,7.7520e+01,7.7244e+01,7.6801e+01,7.6502e+01,7.6701e+01,7.6274e+01,7.5814e+01,7.5711e+01,7.5971e+01,7.6419e+01,7.7059e+01,7.7584e+01,7.8081e+01,7.8355e+01,7.8139e+01,7.8189e+01,7.8559e+01,7.8819e+01,7.9213e+01,7.9502e+01,7.9848e+01,8.0390e+01,8.0902e+01,8.1292e+01,8.1571e+01,8.1646e+01,8.1933e+01,8.2403e+01,8.2845e+01,8.3050e+01,8.3253e+01,8.3666e+01,8.4295e+01,8.4062e+01,8.4132e+01,8.4180e+01,8.4364e+01,8.4305e+01,8.4603e+01,8.4403e+01,8.3985e+01,8.3711e+01,8.3563e+01,8.3293e+01,8.2985e+01,8.3078e+01,8.3247e+01,8.3503e+01,8.3426e+01,8.3306e+01,8.3355e+01,8.3506e+01,8.3817e+01,8.3873e+01
7.9213e+01,7.9551e+01,7.9770e+01,7.9979e+01,7.9617e+01,7.9122e+01,7.9211e+01,7.8974e+01,7.9589e+01,8.0250e+01,8.0323e+01,8.1297e+01,8.1417e+01,8.2383e+01,8.1929e+01,8.1176e+01,8.0959e+01,8.1174e+01,8.0625e+01,7.9822e+01,7.9349e+01,7.9194e+01,7.9565e+01,7.9736e+01,8.0025e+01,8.0739e+01,8.1086e+01,8.0774e+01,8.0447e+01,7.9982e+01,7.9609e+01,7.9421e+01,7.8676e+01,7.9414e+01,7.9499e+01,7.9655e+01,7.9399e+01,7.9260e+01,7.8415e+01,7.7672e+01,7.7311e+01,7.6884e+01,7.6622e+01,7.6805e+01,7.6985e+01,7.7339e+01,7.7617e+01,7.8301e+01,7.7914e+01,7.7200e+01,7.7179e+01,7.6623e+01,7.6853e+01,7.7533e+01,7.8124e+01,7.8770e+01,7.9407e+01,7.9647e+01,8.0031e+01,7.9274e+01,7.9297e+01,7.8432e+01,7.8212e+01,7.7844e+01,7.7183e+01,7.6872e+01,7.6515e+01,7.6226e+01,7.5951e+01,7.5681e+01,7.5527e+01,7.5609e+01,7.5636e+01,7.5811e+01,7.6160e+01,7.6137e+01,7.5992e+01,7.6248e+01,7.6068e+01,7.5802e+01,7.5969e+01,7.5902e+01,7.5940e+01,7.6208e+01,7.6062e+01,7.5689e+01,7.5517e+01,7.5411e+01,7.5554e+01,7.5803e+01,7.6204e+01,7.6664e+01,7.6985e+01,7.7397e+01,7.8202e+01,7.8081e+01,7.7566e+01,7.7466e+01,7.7518e+01,7.7089e+01,7.6587e+01,7.6140e+01,7.6078e+01,7.5924e+01,7.6095e+01,7.6249e+01,7.6361e+01,7.6523e+01,7.6794e+01,7.6690e+01,7.6933e+01,7.6992e+01,7.7500e+01,7.7645e+01,7.7696e+01,7.7862e+01,7.7392e+01,7.7140e+01,7.7700e+01,7.7426e+01,7.6987e+01,7.6689e+01,7.6891e+01,7.6464e+01,7.6001e+01,7.5899e+01,7.6163e+01,7.6614e+01,7.7256e+01,7.7781e+01,7.8279e+01,7.8555e+01,7.8341e+01,7.8389e+01,7.8759e+01,7.9017e+01,7.9411e+01,7.9699e+01,8.0040e+01,8.0583e+01,8.1093e+01,8.1482e+01,8.1759e+01,8.1831e+01,8.2119e+01,8.2586e+01,8.3030e+01,8.3234e+01,8.3438e+01,8.3851e+01,8.4480e+01,8.4244e+01,8.4314e+01,8.4362e+01,8.4546e+01,8.4489e+01,8.4783e+01,8.4582e+01,8.4162e+01,8.3886e+01,8.3740e+01,8.3474e+01,8.3166e+01,8.3259e+01,8.3426e+01,8.3682e+01,8.3608e+01,8.3490e+01,8.3542e+01,8.3694e+01,8.4002e+01,8.4056e+01
7.9409e+01,7.9750e+01,7.9968e+01,8.0170e+01,7.9807e+01,7.9314e+01,7.9396e+01,7.9154e+01,7.9763e+01,8.0423e+01,8.0502e+01,8.1471e+01,8.1589e+01,8.2550e+01,8.2104e+01,8.1360e+01,8.1150e+01,8.1374e+01,8.0834e+01,8.0029e+01,7.9559e+01,7.9395e+01,7.9757e+01,7.9921e+01,8.0202e+01,8.0910e+01,8.1248e+01,8.0934e+01,8.0609e+01,8.0142e+01,7.9771e+01,7.9577e+01,7.8834e+01,7.9566e+01,7.9660e+01,7.9815e+01,7.9555e+01,7.9423e+01,7.8584e+01,7.7844e+01,7.7491e+01,7.7070e+01,7.6813e+01,7.6991e+01,7.7179e+01,7.7528e+01,7.7796e+01,7.8476e+01,7.8087e+01,7.7379e+01,7.7356e+01,7.6807e+01,7.7043e+01,7.7721e+01,7.8303e+01,7.8948e+01,7.9576e+01,7.9809e+01,8.0185e+01,7.9429e+01,7.9454e+01,7.8593e+01,7.8379e+01,7.8011e+01,7.7352e+01,7.7041e+01,7.6683e+01,7.6401e+01,7.6128e+01,7.5865e+01,7.5710e+01,7.5787e+01,7.5819e+01,7.5994e+01,7.6337e+01,7.6320e+01,7.6180e+01,7.6441e+01,7.6268e+01,7.6003e+01,7.6178e+01,7.6112e+01,7.6143e+01,7.6409e+01,7.6256e+01,7.5884e+01,7.5716e+01,7.5608e+01,7.5759e+01,7.6016e+01,7.6423e+01,7.6887e+01,7.7213e+01,7.7625e+01,7.8435e+01,7.8310e+01,7.7794e+01,7.7696e+01,7.7746e+01,7.7309e+01,7.6805e+01,7.6349e+01,7.6281e+01,7.6117e+01,7.6284e+01,7.6431e+01,7.6539e+01,7.6692e+01,7.6958e+01,7.6851e+01,7.7089e+01,7.7148e+01,7.7652e+01,7.7795e+01,7.7850e+01,7.8019e+01,7.7556e+01,7.7311e+01,7.7873e+01,7.7606e+01,7.7172e+01,7.6881e+01,7.7087e+01,7.6664e+01,7.6199e+01,7.6105e+01,7.6374e+01,7.6827e+01,7.7473e+01,7.7996e+01,7.8493e+01,7.8773e+01,7.8559e+01,7.8601e+01,7.8966e+01,7.9220e+01,7.9610e+01,7.9895e+01,8.0234e+01,8.0773e+01,8.1281e+01,8.1669e+01,8.1942e+01,8.2014e+01,8.2304e+01,8.2768e+01,8.3212e+01,8.3416e+01,8.3622e+01,8.4032e+01,8.4662e+01,8.4427e+01,8.4497e+01,8.4548e+01,8.4733e+01,8.4677e+01,8.4972e+01,8.4770e+01,8.4348e+01,8.4074e+01,8.3929e+01,8.3666e+01,8.3359e+01,8.3449e+01,8.3613e+01,8.3871e+01,8.3796e+01,8.3678e+01,8.3732e+01,8.3886e+01,8.4193e+01,8.4244e+01
7.9578e+01,7.9923e+01,8.0150e+01,8.0354e+01,7.9980e+01,7.9486e+01,7.9567e+01,7.9323e+01,7.9927e+01,8.0589e+01,8.0669e+01,8.1637e+01,8.1764e+01,8.2731e+01,8.2293e+01,8.1550e+01,8.1344e+01,8.1575e+01,8.1036e+01,8.0224e+01,7.9751e+01,7.9579e+01,7.9937e+01,8.0102e+01,8.0382e+01,8.1091e+01,8.1425e+01,8.1107e+01,8.0778e+01,8.0309e+01,7.9936e+01,7.9739e+01,7.8996e+01,7.9725e+01,7.9816e+01,7.9967e+01,7.9708e+01,7.9577e+01,7.8743e+01,7.8007e+01,7.7657e+01,7.7239e+01,7.6984e+01,7.7162e+01,7.7351e+01,7.7700e+01,7.7967e+01,7.8647e+01,7.8259e+01,7.7551e+01,7.7528e+01,7.6980e+01,7.7219e+01,7.7898e+01,7.8479e+01,7.9123e+01,7.9750e+01,7.9982e+01,8.0357e+01,7.9598e+01,7.9622e+01,7.8760e+01,7.8544e+01,7.8174e+01,7.7517e+01,7.7206e+01,7.6849e+01,7.6570e+01,7.6297e+01,7.6038e+01,7.5883e+01,7.5956e+01,7.5990e+01,7.6166e+01,7.6507e+01,7.6491e+01,7.6353e+01,7.6615e+01,7.6448e+01,7.6186e+01,7.6365e+01,7.6302e+01,7.6331e+01,7.6597e+01,7.6440e+01,7.6066e+01,7.5898e+01,7.5787e+01,7.5942e+01,7.6202e+01,7.6610e+01,7.7075e+01,7.7406e+01,7.7818e+01,7.8630e+01,7.8501e+01,7.7983e+01,7.7887e+01,7.7934e+01,7.7493e+01,7.6990e+01,7.6532e+01,7.6460e+01,7.6294e+01,7.6458e+01,7.6602e+01,7.6710e+01,7.6860e+01,7.7123e+01,7.7014e+01,7.7250e+01,7.7310e+01,7.7812e+01,7.7954e+01,7.8010e+01,7.8179e+01,7.7719e+01,7.7477e+01,7.8037e+01,7.7773e+01,7.7343e+01,7.7056e+01,7.7266e+01,7.6844e+01,7.6381e+01,7.6288e+01,7.6560e+01,7.7012e+01,7.7659e+01,7.8180e+01,7.8676e+01,7.8959e+01,7.8747e+01,7.8785e+01,7.9149e+01,7.9402e+01,7.9792e+01,8.0077e+01,8.0415e+01,8.0954e+01,8.1463e+01,8.1849e+01,8.2119e+01,8.2190e+01,8.2479e+01,8.2940e+01,8.3384e+01,8.3588e+01,8.3794e+01,8.4205e+01,8.4834e+01,8.4598e+01,8.4669e+01,8.4720e+01,8.4905e+01,8.4850e+01,8.5142e+01,8.4940e+01,8.4516e+01,8.4241e+01,8.4097e+01,8.3838e+01,8.3532e+01,8.3623e+01,8.3787e+01,8.4046e+01,8.3976e+01,8.3860e+01,8.3920e+01,8.4077e+01,8.4386e+01,8.4439e+01
7.9780e+01,8.0128e+01,8.0362e+01,8.0568e+01,8.0192e+01,7.9699e+01,7.9780e+01,7.9536e+01,8.0134e+01,8.0794e+01,8.0876e+01,8.1840e+01,8.1970e+01,8.2933e+01,8.2499e+01,8.1761e+01,8.1554e+01,8.1784e+01,8.1247e+01,8.0438e+01,7.9965e+01,7.9795e+01,8.0151e+01,8.0316e+01,8.0594e+01,8.1302e+01,8.1632e+01,8.1313e+01,8.0981e+01,8.0512e+01,8.0136e+01,7.9938e+01,7.9196e+01,7.9919e+01,8.0006e+01,8.0151e+01,7.9893e+01,7.9759e+01,7.8932e+01,7.8204e+01,7.7858e+01,7.7442e+01,7.7193e+01,7.7373e+01,7.7563e+01,7.7914e+01,7.8180e+01,7.8859e+01,7.8475e+01,7.7771e+01,7.7751e+01,7.7206e+01,7.7442e+01,7.8119e+01,7.8698e+01,7.9338e+01,7.9961e+01,8.0193e+01,8.0563e+01,7.9806e+01,7.9827e+01,7.8969e+01,7.8750e+01,7.8379e+01,7.7727e+01,7.7417e+01,7.7064e+01,7.6784e+01,7.6514e+01,7.6258e+01,7.6107e+01,7.6184e+01,7.6220e+01,7.6393e+01,7.6734e+01,7.6722e+01,7.6588e+01,7.6852e+01,7.6683e+01,7.6419e+01,7.6595e+01,7.6527e+01,7.6554e+01,7.6815e+01,7.6658e+01,7.6288e+01,7.6123e+01,7.6013e+01,7.6166e+01,7.6422e+01,7.6827e+01,7.7287e+01,7.7617e+01,7.8025e+01,7.8832e+01,7.8701e+01,7.8186e+01,7.8094e+01,7.8139e+01,7.7701e+01,7.7203e+01,7.6749e+01,7.6680e+01,7.6515e+01,7.6675e+01,7.6820e+01,7.6931e+01,7.7081e+01,7.7346e+01,7.7239e+01,7.7471e+01,7.7528e+01,7.8026e+01,7.8166e+01,7.8219e+01,7.8385e+01,7.7926e+01,7.7684e+01,7.8238e+01,7.7975e+01,7.7548e+01,7.7263e+01,7.7471e+01,7.7054e+01,7.6595e+01,7.6504e+01,7.6773e+01,7.7220e+01,7.7863e+01,7.8380e+01,7.8873e+01,7.9154e+01,7.8947e+01,7.8989e+01,7.9354e+01,7.9607e+01,8.0001e+01,8.0284e+01,8.0619e+01,8.1159e+01,8.1666e+01,8.2054e+01,8.2318e+01,8.2389e+01,8.2674e+01,8.3132e+01,8.3573e+01,8.3776e+01,8.3983e+01,8.4390e+01,8.5020e+01,8.4782e+01,8.4853e+01,8.4908e+01,8.5096e+01,8.5043e+01,8.5335e+01,8.5132e+01,8.4706e+01,8.4429e+01,8.4284e+01,8.4026e+01,8.3720e+01,8.3813e+01,8.3976e+01,8.4235e+01,8.4165e+01,8.4048e+01,8.4109e+01,8.4267e+01,8.4575e+01,8.4628e+01
8.0068e+01,8.0423e+01,8.0663e+01,8.0871e+01,8.0487e+01,7.9992e+01,8.0075e+01,7.9829e+01,8.0423e+01,8.1083e+01,8.1165e+01,8.2130e+01,8.2268e+01,8.3237e+01,8.2808e+01,8.2070e+01,8.1865e+01,8.2098e+01,8.1560e+01,8.0748e+01,8.0271e+01,8.0096e+01,8.0452e+01,8.0618e+01,8.0898e+01,8.1609e+01,8.1935e+01,8.1615e+01,8.1277e+01,8.0806e+01,8.0424e+01,8.0224e+01,7.9478e+01,8.0195e+01,8.0277e+01,8.0412e+01,8.0151e+01,8.0011e+01,7.9187e+01,7.8467e+01,7.8123e+01,7.7706e+01,7.7463e+01,7.7649e+01,7.7840e+01,7.8197e+01,7.8466e+01,7.9150e+01,7.8770e+01,7.8064e+01,7.8049e+01,7.7501e+01,7.7736e+01,7.8415e+01,7.8995e+01,7.9634e+01,8.0260e+01,8.0494e+01,8.0863e+01,8.0103e+01,8.0120e+01,7.9259e+01,7.9033e+01,7.8656e+01,7.8007e+01,7.7694e+01,7.7341e+01,7.7058e+01,7.6789e+01,7.6534e+01,7.6389e+01,7.6470e+01,7.6510e+01,7.6684e+01,7.7029e+01,7.7020e+01,7.6886e+01,7.7153e+01,7.6981e+01,7.6712e+01,7.6885e+01,7.6810e+01,7.6834e+01,7.7090e+01,7.6932e+01,7.6566e+01,7.6404e+01,7.6297e+01,7.6450e+01,7.6701e+01,7.7102e+01,7.7556e+01,7.7887e+01,7.8290e+01,7.9092e+01,7.8958e+01,7.8447e+01,7.8360e+01,7.8405e+01,7.7968e+01,7.7477e+01,7.7025e+01,7.6961e+01,7.6797e+01,7.6953e+01,7.7101e+01,7.7218e+01,7.7370e+01,7.7638e+01,7.7531e+01,7.7760e+01,7.7813e+01,7.8306e+01,7.8441e+01,7.8490e+01,7.8650e+01,7.8191e+01,7.7949e+01,7.8496e+01,7.8233e+01,7.7808e+01,7.7526e+01,7.7731e+01,7.7320e+01,7.6866e+01,7.6778e+01,7.7042e+01,7.7484e+01,7.8122e+01,7.8637e+01,7.9125e+01,7.9410e+01,7.9208e+01,7.9250e+01,7.9616e+01,7.9869e+01,8.0266e+01,8.0547e+01,8.0879e+01,8.1419e+01,8.1926e+01,8.2316e+01,8.2576e+01,8.2646e+01,8.2928e+01,8.3382e+01,8.3820e+01,8.4019e+01,8.4226e+01,8.4628e+01,8.5259e+01,8.5019e+01,8.5090e+01,8.5147e+01,8.5336e+01,8.5287e+01,8.5577e+01,8.5375e+01,8.4949e+01,8.4672e+01,8.4526e+01,8.4267e+01,8.3962e+01,8.4056e+01,8.4219e+01,8.4476e+01,8.4405e+01,8.4286e+01,8.4348e+01,8.4508e+01,8.4814e+01,8.4869e+01
8.0313e+01,8.0671e+01,8.0909e+01,8.1112e+01,8.0724e+01,8.0229e+01,8.0306e+01,8.0059e+01,8.0645e+01,8.1303e+01,8.1390e+01,8.2350e+01,8.2488e+01,8.3454e+01,8.3033e+01,8.2300e+01,8.2099e+01,8.2335e+01,8.1804e+01,8.0991e+01,8.0516e+01,8.0337e+01,8.0687e+01,8.0850e+01,8.1124e+01,8.1833e+01,8.2154e+01,8.1833e+01,8.1493e+01,8.1020e+01,8.0633e+01,8.0431e+01,7.9685e+01,8.0395e+01,8.0478e+01,8.0607e+01,8.0344e+01,8.0203e+01,7.9386e+01,7.8672e+01,7.8333e+01,7.7919e+01,7.7683e+01,7.7869e+01,7.8065e+01,7.8423e+01,7.8689e+01,7.9372e+01,7.8995e+01,7.8293e+01,7.8281e+01,7.7736e+01,7.7972e+01,7.8650e+01,7.9226e+01,7.9861e+01,8.0483e+01,8.0717e+01,8.1079e+01,8.0319e+01,8.0333e+01,7.9473e+01,7.9246e+01,7.8867e+01,7.8222e+01,7.7908e+01,7.7558e+01,7.7276e+01,7.7009e+01,7.6758e+01,7.6617e+01,7.6699e+01,7.6743e+01,7.6914e+01,7.7260e+01,7.7256e+01,7.7126e+01,7.7396e+01,7.7225e+01,7.6952e+01,7.7126e+01,7.7048e+01,7.7069e+01,7.7322e+01,7.7162e+01,7.6797e+01,7.6637e+01,7.6530e+01,7.6686e+01,7.6937e+01,7.7338e+01,7.7791e+01,7.8124e+01,7.8525e+01,7.9327e+01,7.9189e+01,7.8679e+01,7.8596e+01,7.8640e+01,7.8200e+01,7.7711e+01,7.7256e+01,7.7191e+01,7.7026e+01,7.7177e+01,7.7325e+01,7.7444e+01,7.7593e+01,7.7863e+01,7.7757e+01,7.7981e+01,7.8031e+01,7.8520e+01,7.8652e+01,7.8699e+01,7.8857e+01,7.8400e+01,7.8159e+01,7.8703e+01,7.8441e+01,7.8021e+01,7.7742e+01,7.7948e+01,7.7542e+01,7.7089e+01,7.7007e+01,7.7271e+01,7.7712e+01,7.8349e+01,7.8862e+01,7.9348e+01,7.9637e+01,7.9435e+01,7.9475e+01,7.9840e+01,8.0093e+01,8.0488e+01,8.0767e+01,8.1099e+01,8.1637e+01,8.2141e+01,8.2530e+01,8.2787e+01,8.2857e+01,8.3136e+01,8.3587e+01,8.4023e+01,8.4224e+01,8.4436e+01,8.4834e+01,8.5464e+01,8.5221e+01,8.5291e+01,8.5355e+01,8.5549e+01,8.5506e+01,8.5797e+01,8.5592e+01,8.5167e+01,8.4890e+01,8.4743e+01,8.4487e+01,8.4180e+01,8.4274e+01,8.4438e+01,8.4697e+01,8.4625e+01,8.4505e+01,8.4566e+01,8.4725e+01,8.5030e+01,8.5084e+01
8.0567e+01,8.0923e+01,8.1161e+01,8.1362e+01,8.0971e+01,8.0479e+01,8.0559e+01,8.0315e+01,8.0899e+01,8.1554e+01,8.1635e+01,8.2594e+01,8.2740e+01,8.3712e+01,8.3293e+01,8.2560e+01,8.2361e+01,8.2600e+01,8.2069e+01,8.1253e+01,8.0775e+01,8.0593e+01,8.0942e+01,8.1108e+01,8.1384e+01,8.2097e+01,8.2418e+01,8.2101e+01,8.1762e+01,8.1292e+01,8.0906e+01,8.0705e+01,7.9957e+01,8.0667e+01,8.0747e+01,8.0871e+01,8.0604e+01,8.0458e+01,7.9641e+01,7.8930e+01,7.8591e+01,7.8177e+01,7.7944e+01,7.8134e+01,7.8328e+01,7.8688e+01,7.8958e+01,7.9643e+01,7.9267e+01,7.8564e+01,7.8554e+01,7.8009e+01,7.8242e+01,7.8920e+01,7.9497e+01,8.0131e+01,8.0755e+01,8.0990e+01,8.1353e+01,8.0594e+01,8.0609e+01,7.9748e+01,7.9518e+01,7.9137e+01,7.8492e+01,7.8177e+01,7.7827e+01,7.7543e+01,7.7278e+01,7.7027e+01,7.6890e+01,7.6976e+01,7.7021e+01,7.7191e+01,7.7538e+01,7.7535e+01,7.7407e+01,7.7679e+01,7.7507e+01,7.7233e+01,7.7405e+01,7.7323e+01,7.7344e+01,7.7593e+01,7.7434e+01,7.7071e+01,7.6912e+01,7.6804e+01,7.6958e+01,7.7204e+01,7.7601e+01,7.8048e+01,7.8382e+01,7.8778e+01,7.9576e+01,7.9436e+01,7.8928e+01,7.8847e+01,7.8890e+01,7.8452e+01,7.7969e+01,7.7517e+01,7.7457e+01,7.7294e+01,7.7442e+01,7.7594e+01,7.7716e+01,7.7868e+01,7.8139e+01,7.8035e+01,7.8258e+01,7.8306e+01,7.8792e+01,7.8921e+01,7.8966e+01,7.9120e+01,7.8660e+01,7.8419e+01,7.8957e+01,7.8694e+01,7.8273e+01,7.7994e+01,7.8196e+01,7.7795e+01,7.7349e+01,7.7269e+01,7.7529e+01,7.7965e+01,7.8597e+01,7.9107e+01,7.9589e+01,7.9876e+01,7.9675e+01,7.9713e+01,8.0074e+01,8.0326e+01,8.0719e+01,8.0994e+01,8.1324e+01,8.1860e+01,8.2364e+01,8.2753e+01,8.3004e+01,8.3071e+01,8.3346e+01,8.3794e+01,8.4225e+01,8.4424e+01,8.4638e+01,8.5037e+01,8.5665e+01,8.5420e+01,8.5490e+01,8.5557e+01,8.5752e+01,8.5711e+01,8.6002e+01,8.5798e+01,8.5375e+01,8.5098e+01,8.4954e+01,8.4698e+01,8.4392e+01,8.4486e+01,8.4647e+01,8.4907e+01,8.4832e+01,8.4709e+01,8.4769e+01,8.4926e+01,8.5230e+01,8.5283e+01
8.0812e+01,8.1170e+01,8.1409e+01,8.1613e+01,8.1220e+01,8.0729e+01,8.0815e+01,8.0575e+01,8.1164e+01,8.1819e+01,8.1892e+01,8.2861e+01,8.3011e+01,8.3988e+01,8.3563e+01,8.2822e+01,8.2619e+01,8.2855e+01,8.2322e+01,8.1505e+01,8.1025e+01,8.0844e+01,8.1196e+01,8.1368e+01,8.1651e+01,8.2369e+01,8.2695e+01,8.2381e+01,8.2045e+01,8.1576e+01,8.1193e+01,8.0992e+01,8.0243e+01,8.0956e+01,8.1036e+01,8.1159e+01,8.0890e+01,8.0739e+01,7.9918e+01,7.9206e+01,7.8865e+01,7.8448e+01,7.8215e+01,7.8407e+01,7.8597e+01,7.8959e+01,7.9233e+01,7.9919e+01,7.9544e+01,7.8840e+01,7.8831e+01,7.8285e+01,7.8515e+01,7.9192e+01,7.9771e+01,8.0404e+01,8.1030e+01,8.1266e+01,8.1631e+01,8.0874e+01,8.0891e+01,8.0029e+01,7.9800e+01,7.9418e+01,7.8773e+01,7.8458e+01,7.8109e+01,7.7823e+01,7.7559e+01,7.7306e+01,7.7171e+01,7.7259e+01,7.7303e+01,7.7471e+01,7.7819e+01,7.7818e+01,7.7691e+01,7.7965e+01,7.7791e+01,7.7516e+01,7.7687e+01,7.7602e+01,7.7624e+01,7.7871e+01,7.7713e+01,7.7351e+01,7.7191e+01,7.7084e+01,7.7234e+01,7.7477e+01,7.7869e+01,7.8313e+01,7.8646e+01,7.9041e+01,7.9836e+01,7.9696e+01,7.9188e+01,7.9107e+01,7.9148e+01,7.8712e+01,7.8232e+01,7.7785e+01,7.7727e+01,7.7568e+01,7.7716e+01,7.7871e+01,7.7994e+01,7.8149e+01,7.8421e+01,7.8318e+01,7.8541e+01,7.8590e+01,7.9076e+01,7.9206e+01,7.9250e+01,7.9403e+01,7.8941e+01,7.8698e+01,7.9235e+01,7.8968e+01,7.8545e+01,7.8264e+01,7.8463e+01,7.8063e+01,7.7620e+01,7.7540e+01,7.7798e+01,7.8231e+01,7.8860e+01,7.9366e+01,7.9846e+01,8.0132e+01,7.9934e+01,7.9971e+01,8.0330e+01,8.0584e+01,8.0975e+01,8.1246e+01,8.1577e+01,8.2113e+01,8.2613e+01,8.3003e+01,8.3248e+01,8.3315e+01,8.3583e+01,8.4025e+01,8.4454e+01,8.4650e+01,8.4860e+01,8.5256e+01,8.5882e+01,8.5639e+01,8.5703e+01,8.5771e+01,8.5966e+01,8.5927e+01,8.6215e+01,8.6008e+01,8.5588e+01,8.5308e+01,8.5167e+01,8.4917e+01,8.4610e+01,8.4699e+01,8.4854e+01,8.5117e+01,8.5045e+01,8.4921e+01,8.4986e+01,8.5140e+01,8.5440e+01,8.5491e+01
8.1044e+01,8.1408e+01,8.1653e+01,8.1862e+01,8.1463e+01,8.0967e+01,8.1055e+01,8.0813e+01,8.1398e+01,8.2056e+01,8.2132e+01,8.3107e+01,8.3261e+01,8.4239e+01,8.3817e+01,8.3075e+01,8.2871e+01,8.3106e+01,8.2572e+01,8.1753e+01,8.1269e+01,8.1089e+01,8.1443e+01,8.1618e+01,8.1902e+01,8.2627e+01,8.2954e+01,8.2641e+01,8.2301e+01,8.1833e+01,8.1444e+01,8.1242e+01,8.0490e+01,8.1200e+01,8.1273e+01,8.1389e+01,8.1118e+01,8.0960e+01,8.0140e+01,7.9434e+01,7.9094e+01,7.8677e+01,7.8449e+01,7.8646e+01,7.8837e+01,7.9205e+01,7.9483e+01,8.0175e+01,7.9805e+01,7.9100e+01,7.9097e+01,7.8549e+01,7.8775e+01,7.9455e+01,8.0036e+01,8.0667e+01,8.1295e+01,8.1534e+01,8.1898e+01,8.1137e+01,8.1148e+01,8.0284e+01,8.0047e+01,7.9660e+01,7.9018e+01,7.8700e+01,7.8355e+01,7.8065e+01,7.7803e+01,7.7551e+01,7.7422e+01,7.7517e+01,7.7564e+01,7.7731e+01,7.8085e+01,7.8088e+01,7.7962e+01,7.8240e+01,7.8063e+01,7.7782e+01,7.7950e+01,7.7859e+01,7.7878e+01,7.8120e+01,7.7963e+01,7.7603e+01,7.7445e+01,7.7339e+01,7.7488e+01,7.7727e+01,7.8115e+01,7.8553e+01,7.8888e+01,7.9278e+01,8.0069e+01,7.9924e+01,7.9420e+01,7.9344e+01,7.9382e+01,7.8946e+01,7.8473e+01,7.8027e+01,7.7973e+01,7.7817e+01,7.7957e+01,7.8117e+01,7.8247e+01,7.8405e+01,7.8683e+01,7.8583e+01,7.8804e+01,7.8846e+01,7.9329e+01,7.9455e+01,7.9493e+01,7.9640e+01,7.9177e+01,7.8930e+01,7.9460e+01,7.9191e+01,7.8769e+01,7.8490e+01,7.8685e+01,7.8292e+01,7.7856e+01,7.7782e+01,7.8037e+01,7.8464e+01,7.9086e+01,7.9587e+01,8.0058e+01,8.0346e+01,8.0148e+01,8.0179e+01,8.0534e+01,8.0787e+01,8.1176e+01,8.1447e+01,8.1778e+01,8.2313e+01,8.2808e+01,8.3199e+01,8.3442e+01,8.3507e+01,8.3770e+01,8.4207e+01,8.4636e+01,8.4833e+01,8.5045e+01,8.5440e+01,8.6068e+01,8.5826e+01,8.5885e+01,8.5956e+01,8.6155e+01,8.6119e+01,8.6409e+01,8.6198e+01,8.5774e+01,8.5489e+01,8.5347e+01,8.5099e+01,8.4793e+01,8.4884e+01,8.5038e+01,8.5304e+01,8.5234e+01,8.5112e+01,8.5177e+01,8.5330e+01,8.5628e+01,8.5681e+01
8.1203e+01,8.1571e+01,8.1812e+01,8.2022e+01,8.1622e+01,8.1117e+01,8.1199e+01,8.0951e+01,8.1534e+01,8.2200e+01,8.2283e+01,8.3270e+01,8.3422e+01,8.4405e+01,8.3982e+01,8.3236e+01,8.3030e+01,8.3268e+01,8.2735e+01,8.1914e+01,8.1429e+01,8.1245e+01,8.1597e+01,8.1769e+01,8.2054e+01,8.2785e+01,8.3115e+01,8.2801e+01,8.2462e+01,8.1992e+01,8.1605e+01,8.1402e+01,8.0649e+01,8.1360e+01,8.1435e+01,8.1552e+01,8.1280e+01,8.1122e+01,8.0302e+01,7.9595e+01,7.9254e+01,7.8840e+01,7.8611e+01,7.8805e+01,7.8996e+01,7.9362e+01,7.9640e+01,8.0334e+01,7.9963e+01,7.9259e+01,7.9257e+01,7.8711e+01,7.8937e+01,7.9616e+01,8.0196e+01,8.0828e+01,8.1457e+01,8.1696e+01,8.2058e+01,8.1296e+01,8.1307e+01,8.0442e+01,8.0205e+01,7.9818e+01,7.9175e+01,7.8859e+01,7.8514e+01,7.8227e+01,7.7967e+01,7.7716e+01,7.7587e+01,7.7682e+01,7.7731e+01,7.7895e+01,7.8249e+01,7.8255e+01,7.8134e+01,7.8416e+01,7.8242e+01,7.7960e+01,7.8132e+01,7.8040e+01,7.8058e+01,7.8300e+01,7.8140e+01,7.7779e+01,7.7620e+01,7.7511e+01,7.7662e+01,7.7902e+01,7.8291e+01,7.8732e+01,7.9070e+01,7.9463e+01,8.0258e+01,8.0112e+01,7.9603e+01,7.9525e+01,7.9560e+01,7.9120e+01,7.8644e+01,7.8196e+01,7.8138e+01,7.7979e+01,7.8118e+01,7.8276e+01,7.8406e+01,7.8564e+01,7.8841e+01,7.8743e+01,7.8962e+01,7.9004e+01,7.9487e+01,7.9614e+01,7.9653e+01,7.9802e+01,7.9340e+01,7.9093e+01,7.9626e+01,7.9356e+01,7.8935e+01,7.8655e+01,7.8853e+01,7.8459e+01,7.8023e+01,7.7952e+01,7.8212e+01,7.8642e+01,7.9268e+01,7.9766e+01,8.0238e+01,8.0527e+01,8.0325e+01,8.0357e+01,8.0709e+01,8.0961e+01,8.1345e+01,8.1613e+01,8.1943e+01,8.2475e+01,8.2969e+01,8.3360e+01,8.3601e+01,8.3667e+01,8.3930e+01,8.4367e+01,8.4795e+01,8.4992e+01,8.5198e+01,8.5592e+01,8.6221e+01,8.5985e+01,8.6044e+01,8.6112e+01,8.6312e+01,8.6272e+01,8.6564e+01,8.6352e+01,8.5924e+01,8.5642e+01,8.5502e+01,8.5255e+01,8.4957e+01,8.5046e+01,8.5202e+01,8.5470e+01,8.5395e+01,8.5273e+01,8.5336e+01,8.5495e+01,8.5800e+01,8.5854e+01
8.1357e+01,8.1734e+01,8.1979e+01,8.2200e+01,8.1806e+01,8.1297e+01,8.1389e+01,8.1140e+01,8.1729e+01,8.2402e+01,8.2481e+01,8.3468e+01,8.3618e+01,8.4597e+01,8.4172e+01,8.3424e+01,8.3215e+01,8.3448e+01,8.2912e+01,8.2092e+01,8.1604e+01,8.1425e+01,8.1785e+01,8.1961e+01,8.2253e+01,8.2986e+01,8.3322e+01,8.3012e+01,8.2677e+01,8.2210e+01,8.1823e+01,8.1618e+01,8.0862e+01,8.1573e+01,8.1645e+01,8.1756e+01,8.1479e+01,8.1316e+01,8.0495e+01,7.9790e+01,7.9449e+01,7.9031e+01,7.8803e+01,7.9005e+01,7.9195e+01,7.9569e+01,7.9852e+01,8.0551e+01,8.0179e+01,7.9472e+01,7.9471e+01,7.8922e+01,7.9145e+01,7.9828e+01,8.0413e+01,8.1047e+01,8.1678e+01,8.1916e+01,8.2278e+01,8.1514e+01,8.1525e+01,8.0657e+01,8.0417e+01,8.0025e+01,7.9380e+01,7.9059e+01,7.8715e+01,7.8423e+01,7.8163e+01,7.7911e+01,7.7787e+01,7.7887e+01,7.7939e+01,7.8103e+01,7.8461e+01,7.8471e+01,7.8350e+01,7.8636e+01,7.8459e+01,7.8171e+01,7.8342e+01,7.8244e+01,7.8259e+01,7.8497e+01,7.8338e+01,7.7979e+01,7.7821e+01,7.7714e+01,7.7862e+01,7.8097e+01,7.8481e+01,7.8914e+01,7.9253e+01,7.9643e+01,8.0434e+01,8.0286e+01,7.9778e+01,7.9702e+01,7.9736e+01,7.9298e+01,7.8829e+01,7.8385e+01,7.8333e+01,7.8179e+01,7.8314e+01,7.8478e+01,7.8613e+01,7.8772e+01,7.9053e+01,7.8955e+01,7.9172e+01,7.9212e+01,7.9692e+01,7.9816e+01,7.9852e+01,7.9998e+01,7.9534e+01,7.9285e+01,7.9813e+01,7.9541e+01,7.9118e+01,7.8836e+01,7.9029e+01,7.8638e+01,7.8209e+01,7.8141e+01,7.8398e+01,7.8823e+01,7.9445e+01,7.9937e+01,8.0405e+01,8.0695e+01,8.0495e+01,8.0528e+01,8.0884e+01,8.1142e+01,8.1527e+01,8.1795e+01,8.2124e+01,8.2656e+01,8.3154e+01,8.3543e+01,8.3785e+01,8.3850e+01,8.4110e+01,8.4547e+01,8.4973e+01,8.5167e+01,8.5371e+01,8.5759e+01,8.6389e+01,8.6151e+01,8.6206e+01,8.6276e+01,8.6481e+01,8.6447e+01,8.6741e+01,8.6528e+01,8.6095e+01,8.5807e+01,8.5667e+01,8.5421e+01,8.5128e+01,8.5212e+01,8.5370e+01,8.5635e+01,8.5557e+01,8.5435e+01,8.5500e+01,8.5665e+01,8.5975e+01,8.6033e+01
8.1646e+01,8.2020e+01,8.2261e+01,8.2482e+01,8.2091e+01,8.1585e+01,8.1671e+01,8.1417e+01,8.1996e+01,8.2671e+01,8.2758e+01,8.3738e+01,8.3888e+01,8.4864e+01,8.4446e+01,8.3703e+01,8.3498e+01,8.3732e+01,8.3200e+01,8.2382e+01,8.1894e+01,8.1715e+01,8.2071e+01,8.2245e+01,8.2532e+01,8.3263e+01,8.3595e+01,8.3285e+01,8.2948e+01,8.2478e+01,8.2088e+01,8.1880e+01,8.1123e+01,8.1831e+01,8.1903e+01,8.2014e+01,8.1735e+01,8.1573e+01,8.0750e+01,8.0044e+01,7.9703e+01,7.9285e+01,7.9060e+01,7.9264e+01,7.9457e+01,7.9836e+01,8.0119e+01,8.0823e+01,8.0452e+01,7.9743e+01,7.9745e+01,7.9195e+01,7.9421e+01,8.0108e+01,8.0693e+01,8.1328e+01,8.1957e+01,8.2195e+01,8.2554e+01,8.1785e+01,8.1794e+01,8.0922e+01,8.0680e+01,8.0285e+01,7.9640e+01,7.9317e+01,7.8973e+01,7.8680e+01,7.8420e+01,7.8171e+01,7.8051e+01,7.8152e+01,7.8208e+01,7.8373e+01,7.8731e+01,7.8744e+01,7.8627e+01,7.8916e+01,7.8742e+01,7.8453e+01,7.8627e+01,7.8528e+01,7.8540e+01,7.8775e+01,7.8610e+01,7.8251e+01,7.8095e+01,7.7987e+01,7.8140e+01,7.8375e+01,7.8760e+01,7.9191e+01,7.9534e+01,7.9919e+01,8.0708e+01,8.0555e+01,8.0050e+01,7.9981e+01,8.0014e+01,7.9573e+01,7.9106e+01,7.8657e+01,7.8604e+01,7.8446e+01,7.8576e+01,7.8740e+01,7.8878e+01,7.9035e+01,7.9318e+01,7.9219e+01,7.9433e+01,7.9471e+01,7.9949e+01,8.0072e+01,8.0108e+01,8.0252e+01,7.9788e+01,7.9539e+01,8.0067e+01,7.9794e+01,7.9370e+01,7.9090e+01,7.9283e+01,7.8897e+01,7.8470e+01,7.8407e+01,7.8666e+01,7.9088e+01,7.9708e+01,8.0200e+01,8.0664e+01,8.0962e+01,8.0761e+01,8.0791e+01,8.1147e+01,8.1405e+01,8.1791e+01,8.2060e+01,8.2390e+01,8.2922e+01,8.3425e+01,8.3815e+01,8.4058e+01,8.4125e+01,8.4381e+01,8.4818e+01,8.5247e+01,8.5443e+01,8.5648e+01,8.6031e+01,8.6658e+01,8.6418e+01,8.6466e+01,8.6540e+01,8.6749e+01,8.6720e+01,8.7008e+01,8.6793e+01,8.6367e+01,8.6071e+01,8.5929e+01,8.5689e+01,8.5388e+01,8.5469e+01,8.5622e+01,8.5884e+01,8.5809e+01,8.5688e+01,8.5759e+01,8.5916e+01,8.6215e+01,8.6274e+01
8.1907e+01,8.2281e+01,8.2524e+01,8.2748e+01,8.2361e+01,8.1859e+01,8.1949e+01,8.1693e+01,8.2272e+01,8.2947e+01,8.3033e+01,8.4009e+01,8.4160e+01,8.5131e+01,8.4718e+01,8.3978e+01,8.3774e+01,8.4006e+01,8.3473e+01,8.2656e+01,8.2165e+01,8.1990e+01,8.2348e+01,8.2525e+01,8.2811e+01,8.3540e+01,8.3869e+01,8.3559e+01,8.3221e+01,8.2748e+01,8.2353e+01,8.2143e+01,8.1379e+01,8.2089e+01,8.2159e+01,8.2263e+01,8.1978e+01,8.1810e+01,8.0982e+01,8.0275e+01,7.9933e+01,7.9507e+01,7.9287e+01,7.9501e+01,7.9699e+01,8.0089e+01,8.0376e+01,8.1087e+01,8.0712e+01,7.9996e+01,7.9996e+01,7.9439e+01,7.9669e+01,8.0363e+01,8.0954e+01,8.1595e+01,8.2227e+01,8.2463e+01,8.2823e+01,8.2050e+01,8.2060e+01,8.1182e+01,8.0936e+01,8.0534e+01,7.9884e+01,7.9553e+01,7.9205e+01,7.8907e+01,7.8643e+01,7.8392e+01,7.8275e+01,7.8379e+01,7.8437e+01,7.8606e+01,7.8968e+01,7.8979e+01,7.8858e+01,7.9145e+01,7.8967e+01,7.8678e+01,7.8848e+01,7.8747e+01,7.8757e+01,7.8990e+01,7.8824e+01,7.8469e+01,7.8316e+01,7.8212e+01,7.8365e+01,7.8597e+01,7.8981e+01,7.9405e+01,7.9746e+01,8.0124e+01,8.0909e+01,8.0754e+01,8.0255e+01,8.0191e+01,8.0228e+01,7.9791e+01,7.9329e+01,7.8883e+01,7.8837e+01,7.8680e+01,7.8806e+01,7.8975e+01,7.9119e+01,7.9276e+01,7.9559e+01,7.9456e+01,7.9669e+01,7.9708e+01,8.0187e+01,8.0306e+01,8.0340e+01,8.0480e+01,8.0011e+01,7.9762e+01,8.0288e+01,8.0012e+01,7.9585e+01,7.9306e+01,7.9493e+01,7.9111e+01,7.8688e+01,7.8625e+01,7.8880e+01,7.9297e+01,7.9912e+01,8.0401e+01,8.0860e+01,8.1164e+01,8.0962e+01,8.0989e+01,8.1349e+01,8.1608e+01,8.1998e+01,8.2270e+01,8.2601e+01,8.3134e+01,8.3642e+01,8.4030e+01,8.4271e+01,8.4339e+01,8.4589e+01,8.5025e+01,8.5457e+01,8.5649e+01,8.5853e+01,8.6233e+01,8.6853e+01,8.6611e+01,8.6659e+01,8.6738e+01,8.6946e+01,8.6924e+01,8.7208e+01,8.6994e+01,8.6575e+01,8.6279e+01,8.6146e+01,8.5904e+01,8.5603e+01,8.5676e+01,8.5824e+01,8.6081e+01,8.6004e+01,8.5882e+01,8.5955e+01,8.6108e+01,8.6401e+01,8.6462e+01
8.2278e+01,8.2648e+01,8.2885e+01,8.3105e+01,8.2724e+01,8.2230e+01,8.2317e+01,8.2065e+01,8.2636e+01,8.3301e+01,8.3387e+01,8.4352e+01,8.4499e+01,8.5461e+01,8.5054e+01,8.4322e+01,8.4122e+01,8.4354e+01,8.3826e+01,8.3016e+01,8.2530e+01,8.2357e+01,8.2710e+01,8.2885e+01,8.3167e+01,8.3889e+01,8.4215e+01,8.3908e+01,8.3569e+01,8.3097e+01,8.2699e+01,8.2489e+01,8.1729e+01,8.2432e+01,8.2499e+01,8.2602e+01,8.2319e+01,8.2149e+01,8.1327e+01,8.0627e+01,8.0288e+01,7.9870e+01,7.9656e+01,7.9870e+01,8.0072e+01,8.0460e+01,8.0741e+01,8.1449e+01,8.1080e+01,8.0371e+01,8.0376e+01,7.9825e+01,8.0053e+01,8.0743e+01,8.1327e+01,8.1961e+01,8.2588e+01,8.2825e+01,8.3180e+01,8.2409e+01,8.2412e+01,8.1539e+01,8.1290e+01,8.0887e+01,8.0245e+01,7.9918e+01,7.9575e+01,7.9280e+01,7.9021e+01,7.8775e+01,7.8663e+01,7.8769e+01,7.8831e+01,7.8996e+01,7.9356e+01,7.9373e+01,7.9258e+01,7.9548e+01,7.9372e+01,7.9081e+01,7.9250e+01,7.9146e+01,7.9154e+01,7.9380e+01,7.9214e+01,7.8861e+01,7.8710e+01,7.8606e+01,7.8760e+01,7.8989e+01,7.9369e+01,7.9787e+01,8.0125e+01,8.0496e+01,8.1272e+01,8.1115e+01,8.0624e+01,8.0566e+01,8.0604e+01,8.0173e+01,7.9716e+01,7.9270e+01,7.9223e+01,7.9064e+01,7.9186e+01,7.9351e+01,7.9496e+01,7.9652e+01,7.9937e+01,7.9839e+01,8.0047e+01,8.0080e+01,8.0553e+01,8.0670e+01,8.0700e+01,8.0838e+01,8.0372e+01,8.0125e+01,8.0645e+01,8.0373e+01,7.9951e+01,7.9676e+01,7.9863e+01,7.9488e+01,7.9067e+01,7.9009e+01,7.9261e+01,7.9672e+01,8.0280e+01,8.0767e+01,8.1217e+01,8.1526e+01,8.1327e+01,8.1355e+01,8.1717e+01,8.1976e+01,8.2365e+01,8.2635e+01,8.2964e+01,8.3492e+01,8.3994e+01,8.4378e+01,8.4614e+01,8.4683e+01,8.4928e+01,8.5361e+01,8.5784e+01,8.5969e+01,8.6169e+01,8.6545e+01,8.7159e+01,8.6924e+01,8.6972e+01,8.7045e+01,8.7250e+01,8.7224e+01,8.7502e+01,8.7289e+01,8.6879e+01,8.6594e+01,8.6466e+01,8.6225e+01,8.5933e+01,8.6005e+01,8.6156e+01,8.6410e+01,8.6326e+01,8.6199e+01,8.6270e+01,8.6418e+01,8.6708e+01,8.6762e+01
8.2388e+01,8.2757e+01,8.2995e+01,8.3211e+01,8.2828e+01,8.2337e+01,8.2423e+01,8.2175e+01,8.2745e+01,8.3403e+01,8.3489e+01,8.4447e+01,8.4593e+01,8.5551e+01,8.5145e+01,8.4417e+01,8.4219e+01,8.4450e+01,8.3924e+01,8.3116e+01,8.2631e+01,8.2459e+01,8.2812e+01,8.2986e+01,8.3267e+01,8.3986e+01,8.4310e+01,8.4003e+01,8.3663e+01,8.3192e+01,8.2794e+01,8.2586e+01,8.1829e+01,8.2527e+01,8.2595e+01,8.2696e+01,8.2412e+01,8.2242e+01,8.1426e+01,8.0733e+01,8.0399e+01,7.9982e+01,7.9772e+01,7.9984e+01,8.0185e+01,8.0567e+01,8.0845e+01,8.1547e+01,8.1183e+01,8.0479e+01,8.0485e+01,7.9937e+01,8.0162e+01,8.0848e+01,8.1428e+01,8.2057e+01,8.2682e+01,8.2921e+01,8.3273e+01,8.2506e+01,8.2508e+01,8.1640e+01,8.1392e+01,8.0992e+01,8.0355e+01,8.0029e+01,7.9687e+01,7.9394e+01,7.9137e+01,7.8892e+01,7.8781e+01,7.8887e+01,7.8947e+01,7.9111e+01,7.9471e+01,7.9487e+01,7.9371e+01,7.9661e+01,7.9483e+01,7.9191e+01,7.9358e+01,7.9252e+01,7.9262e+01,7.9487e+01,7.9325e+01,7.8974e+01,7.8823e+01,7.8720e+01,7.8871e+01,7.9097e+01,7.9474e+01,7.9889e+01,8.0224e+01,8.0592e+01,8.1363e+01,8.1208e+01,8.0721e+01,8.0664e+01,8.0704e+01,8.0277e+01,7.9822e+01,7.9380e+01,7.9336e+01,7.9179e+01,7.9302e+01,7.9466e+01,7.9609e+01,7.9765e+01,8.0049e+01,7.9953e+01,8.0160e+01,8.0192e+01,8.0661e+01,8.0777e+01,8.0805e+01,8.0940e+01,8.0477e+01,8.0232e+01,8.0748e+01,8.0480e+01,8.0062e+01,7.9790e+01,7.9977e+01,7.9602e+01,7.9182e+01,7.9121e+01,7.9369e+01,7.9778e+01,8.0382e+01,8.0869e+01,8.1318e+01,8.1626e+01,8.1430e+01,8.1460e+01,8.1825e+01,8.2082e+01,8.2470e+01,8.2735e+01,8.3065e+01,8.3589e+01,8.4085e+01,8.4464e+01,8.4695e+01,8.4759e+01,8.5000e+01,8.5433e+01,8.5851e+01,8.6031e+01,8.6228e+01,8.6609e+01,8.7221e+01,8.6994e+01,8.7045e+01,8.7109e+01,8.7307e+01,8.7274e+01,8.7550e+01,8.7340e+01,8.6936e+01,8.6665e+01,8.6553e+01,8.6316e+01,8.6036e+01,8.6113e+01,8.6270e+01,8.6526e+01,8.6430e+01,8.6296e+01,8.6360e+01,8.6510e+01,8.6810e+01,8.6862e+01
8.2537e+01,8.2902e+01,8.3138e+01,8.3348e+01,8.2964e+01,8.2476e+01,8.2559e+01,8.2311e+01,8.2878e+01,8.3533e+01,8.3620e+01,8.4571e+01,8.4714e+01,8.5667e+01,8.5264e+01,8.4544e+01,8.4348e+01,8.4581e+01,8.4058e+01,8.3252e+01,8.2769e+01,8.2595e+01,8.2946e+01,8.3118e+01,8.3392e+01,8.4105e+01,8.4423e+01,8.4111e+01,8.3767e+01,8.3294e+01,8.2895e+01,8.2687e+01,8.1933e+01,8.2629e+01,8.2699e+01,8.2800e+01,8.2517e+01,8.2349e+01,8.1538e+01,8.0847e+01,8.0517e+01,8.0102e+01,7.9892e+01,8.0102e+01,8.0304e+01,8.0682e+01,8.0957e+01,8.1654e+01,8.1290e+01,8.0589e+01,8.0593e+01,8.0046e+01,8.0272e+01,8.0956e+01,8.1534e+01,8.2161e+01,8.2783e+01,8.3019e+01,8.3369e+01,8.2606e+01,8.2609e+01,8.1746e+01,8.1500e+01,8.1103e+01,8.0468e+01,8.0144e+01,7.9803e+01,7.9513e+01,7.9256e+01,7.9013e+01,7.8898e+01,7.9001e+01,7.9058e+01,7.9221e+01,7.9578e+01,7.9592e+01,7.9474e+01,7.9760e+01,7.9582e+01,7.9296e+01,7.9461e+01,7.9359e+01,7.9372e+01,7.9602e+01,7.9444e+01,7.9092e+01,7.8938e+01,7.8834e+01,7.8984e+01,7.9211e+01,7.9587e+01,8.0004e+01,8.0335e+01,8.0704e+01,8.1472e+01,8.1321e+01,8.0835e+01,8.0776e+01,8.0818e+01,8.0394e+01,7.9939e+01,7.9499e+01,7.9454e+01,7.9298e+01,7.9422e+01,7.9584e+01,7.9723e+01,7.9877e+01,8.0157e+01,8.0059e+01,8.0266e+01,8.0300e+01,8.0769e+01,8.0884e+01,8.0914e+01,8.1050e+01,8.0590e+01,8.0348e+01,8.0863e+01,8.0599e+01,8.0184e+01,7.9915e+01,8.0102e+01,7.9726e+01,7.9305e+01,7.9241e+01,7.9489e+01,7.9898e+01,8.0502e+01,8.0990e+01,8.1436e+01,8.1745e+01,8.1547e+01,8.1576e+01,8.1941e+01,8.2197e+01,8.2586e+01,8.2849e+01,8.3177e+01,8.3699e+01,8.4194e+01,8.4569e+01,8.4799e+01,8.4859e+01,8.5096e+01,8.5529e+01,8.5950e+01,8.6125e+01,8.6315e+01,8.6695e+01,8.7302e+01,8.7081e+01,8.7136e+01,8.7191e+01,8.7384e+01,8.7349e+01,8.7624e+01,8.7412e+01,8.7011e+01,8.6753e+01,8.6658e+01,8.6418e+01,8.6146e+01,8.6221e+01,8.6383e+01,8.6639e+01,8.6533e+01,8.6392e+01,8.6449e+01,8.6602e+01,8.6911e+01,8.6960e+01
8.2620e+01,8.2984e+01,8.3217e+01,8.3425e+01,8.3041e+01,8.2551e+01,8.2633e+01,8.2385e+01,8.2951e+01,8.3606e+01,8.3695e+01,8.4645e+01,8.4785e+01,8.5736e+01,8.5333e+01,8.4611e+01,8.4413e+01,8.4645e+01,8.4122e+01,8.3318e+01,8.2837e+01,8.2665e+01,8.3016e+01,8.3188e+01,8.3461e+01,8.4175e+01,8.4497e+01,8.4183e+01,8.3837e+01,8.3362e+01,8.2961e+01,8.2754e+01,8.1999e+01,8.2696e+01,8.2764e+01,8.2867e+01,8.2585e+01,8.2417e+01,8.1604e+01,8.0912e+01,8.0580e+01,8.0167e+01,7.9957e+01,8.0166e+01,8.0368e+01,8.0746e+01,8.1021e+01,8.1720e+01,8.1358e+01,8.0658e+01,8.0665e+01,8.0119e+01,8.0342e+01,8.1025e+01,8.1603e+01,8.2228e+01,8.2850e+01,8.3088e+01,8.3438e+01,8.2675e+01,8.2676e+01,8.1812e+01,8.1563e+01,8.1166e+01,8.0533e+01,8.0211e+01,7.9872e+01,7.9581e+01,7.9327e+01,7.9083e+01,7.8971e+01,7.9077e+01,7.9134e+01,7.9295e+01,7.9654e+01,7.9669e+01,7.9554e+01,7.9841e+01,7.9661e+01,7.9372e+01,7.9535e+01,7.9429e+01,7.9442e+01,7.9669e+01,7.9513e+01,7.9162e+01,7.9008e+01,7.8905e+01,7.9053e+01,7.9277e+01,7.9652e+01,8.0066e+01,8.0396e+01,8.0763e+01,8.1528e+01,8.1378e+01,8.0894e+01,8.0836e+01,8.0879e+01,8.0458e+01,8.0003e+01,7.9564e+01,7.9521e+01,7.9365e+01,7.9489e+01,7.9651e+01,7.9792e+01,7.9949e+01,8.0232e+01,8.0138e+01,8.0345e+01,8.0375e+01,8.0843e+01,8.0958e+01,8.0986e+01,8.1120e+01,8.0659e+01,8.0416e+01,8.0930e+01,8.0666e+01,8.0252e+01,7.9981e+01,8.0169e+01,7.9792e+01,7.9371e+01,7.9306e+01,7.9552e+01,7.9960e+01,8.0563e+01,8.1054e+01,8.1500e+01,8.1813e+01,8.1615e+01,8.1646e+01,8.2011e+01,8.2266e+01,8.2654e+01,8.2914e+01,8.3240e+01,8.3762e+01,8.4254e+01,8.4629e+01,8.4857e+01,8.4913e+01,8.5148e+01,8.5586e+01,8.5998e+01,8.6164e+01,8.6352e+01,8.6737e+01,8.7343e+01,8.7133e+01,8.7199e+01,8.7249e+01,8.7429e+01,8.7381e+01,8.7656e+01,8.7462e+01,8.7072e+01,8.6830e+01,8.6733e+01,8.6482e+01,8.6217e+01,8.6297e+01,8.6467e+01,8.6720e+01,8.6605e+01,8.6459e+01,8.6513e+01,8.6667e+01,8.6979e+01,8.7026e+01
8.2769e+01,8.3137e+01,8.3372e+01,8.3583e+01,8.3202e+01,8.2710e+01,8.2794e+01,8.2547e+01,8.3113e+01,8.3767e+01,8.3856e+01,8.4804e+01,8.4942e+01,8.5891e+01,8.5487e+01,8.4765e+01,8.4566e+01,8.4795e+01,8.4273e+01,8.3472e+01,8.2992e+01,8.2823e+01,8.3175e+01,8.3346e+01,8.3620e+01,8.4335e+01,8.4660e+01,8.4347e+01,8.4001e+01,8.3524e+01,8.3118e+01,8.2904e+01,8.2148e+01,8.2837e+01,8.2902e+01,8.2997e+01,8.2712e+01,8.2542e+01,8.1735e+01,8.1053e+01,8.0730e+01,8.0322e+01,8.0123e+01,8.0335e+01,8.0547e+01,8.0928e+01,8.1197e+01,8.1895e+01,8.1535e+01,8.0839e+01,8.0850e+01,8.0307e+01,8.0532e+01,8.1215e+01,8.1788e+01,8.2410e+01,8.3025e+01,8.3262e+01,8.3604e+01,8.2839e+01,8.2835e+01,8.1972e+01,8.1719e+01,8.1316e+01,8.0689e+01,8.0364e+01,8.0028e+01,7.9739e+01,7.9489e+01,7.9253e+01,7.9148e+01,7.9257e+01,7.9321e+01,7.9480e+01,7.9839e+01,7.9862e+01,7.9753e+01,8.0046e+01,7.9868e+01,7.9575e+01,7.9740e+01,7.9629e+01,7.9638e+01,7.9859e+01,7.9698e+01,7.9348e+01,7.9197e+01,7.9094e+01,7.9245e+01,7.9469e+01,7.9844e+01,8.0255e+01,8.0588e+01,8.0952e+01,8.1716e+01,8.1562e+01,8.1079e+01,8.1026e+01,8.1068e+01,8.0645e+01,8.0192e+01,7.9750e+01,7.9705e+01,7.9545e+01,7.9661e+01,7.9821e+01,7.9966e+01,8.0120e+01,8.0407e+01,8.0317e+01,8.0517e+01,8.0539e+01,8.0998e+01,8.1109e+01,8.1130e+01,8.1260e+01,8.0802e+01,8.0561e+01,8.1069e+01,8.0809e+01,8.0403e+01,8.0139e+01,8.0331e+01,7.9961e+01,7.9542e+01,7.9485e+01,7.9732e+01,8.0137e+01,8.0740e+01,8.1228e+01,8.1672e+01,8.1988e+01,8.1789e+01,8.1819e+01,8.2183e+01,8.2435e+01,8.2820e+01,8.3079e+01,8.3408e+01,8.3927e+01,8.4418e+01,8.4792e+01,8.5017e+01,8.5070e+01,8.5301e+01,8.5746e+01,8.6152e+01,8.6312e+01,8.6501e+01,8.6892e+01,8.7503e+01,8.7300e+01,8.7371e+01,8.7417e+01,8.7595e+01,8.7538e+01,8.7822e+01,8.7640e+01,8.7244e+01,8.7016e+01,8.6918e+01,8.6659e+01,8.6402e+01,8.6481e+01,8.6659e+01,8.6911e+01,8.6787e+01,8.6640e+01,8.6689e+01,8.6851e+01,8.7171e+01,8.7218e+01
8.3050e+01,8.3415e+01,8.3646e+01,8.3854e+01,8.3476e+01,8.2986e+01,8.3070e+01,8.2827e+01,8.3393e+01,8.4040e+01,8.4127e+01,8.5069e+01,8.5202e+01,8.6144e+01,8.5740e+01,8.5022e+01,8.4822e+01,8.5049e+01,8.4530e+01,8.3735e+01,8.3259e+01,8.3092e+01,8.3444e+01,8.3613e+01,8.3886e+01,8.4595e+01,8.4920e+01,8.4609e+01,8.4263e+01,8.3790e+01,8.3382e+01,8.3169e+01,8.2421e+01,8.3102e+01,8.3165e+01,8.3260e+01,8.2983e+01,8.2818e+01,8.2023e+01,8.1346e+01,8.1028e+01,8.0624e+01,8.0427e+01,8.0636e+01,8.0846e+01,8.1222e+01,8.1486e+01,8.2176e+01,8.1822e+01,8.1135e+01,8.1148e+01,8.0612e+01,8.0833e+01,8.1509e+01,8.2075e+01,8.2690e+01,8.3299e+01,8.3536e+01,8.3873e+01,8.3113e+01,8.3104e+01,8.2250e+01,8.1998e+01,8.1602e+01,8.0984e+01,8.0664e+01,8.0333e+01,8.0049e+01,7.9803e+01,7.9569e+01,7.9468e+01,7.9579e+01,7.9642e+01,7.9795e+01,8.0152e+01,8.0178e+01,8.0074e+01,8.0370e+01,8.0194e+01,7.9901e+01,8.0066e+01,7.9951e+01,7.9963e+01,8.0181e+01,8.0021e+01,7.9672e+01,7.9520e+01,7.9414e+01,7.9562e+01,7.9781e+01,8.0150e+01,8.0557e+01,8.0887e+01,8.1248e+01,8.2007e+01,8.1853e+01,8.1373e+01,8.1320e+01,8.1361e+01,8.0942e+01,8.0494e+01,8.0056e+01,8.0012e+01,7.9853e+01,7.9969e+01,8.0127e+01,8.0271e+01,8.0424e+01,8.0710e+01,8.0627e+01,8.0825e+01,8.0843e+01,8.1296e+01,8.1408e+01,8.1427e+01,8.1558e+01,8.1105e+01,8.0865e+01,8.1369e+01,8.1112e+01,8.0709e+01,8.0445e+01,8.0637e+01,8.0268e+01,7.9853e+01,7.9795e+01,8.0040e+01,8.0441e+01,8.1039e+01,8.1524e+01,8.1965e+01,8.2283e+01,8.2085e+01,8.2119e+01,8.2485e+01,8.2737e+01,8.3123e+01,8.3381e+01,8.3710e+01,8.4228e+01,8.4720e+01,8.5094e+01,8.5319e+01,8.5372e+01,8.5603e+01,8.6054e+01,8.6455e+01,8.6609e+01,8.6800e+01,8.7190e+01,8.7799e+01,8.7603e+01,8.7682e+01,8.7728e+01,8.7898e+01,8.7830e+01,8.8123e+01,8.7960e+01,8.7572e+01,8.7345e+01,8.7242e+01,8.6978e+01,8.6725e+01,8.6805e+01,8.6987e+01,8.7236e+01,8.7104e+01,8.6956e+01,8.7003e+01,8.7164e+01,8.7484e+01,8.7530e+01
8.3289e+01,8.3653e+01,8.3884e+01,8.4090e+01,8.3712e+01,8.3223e+01,8.3308e+01,8.3070e+01,8.3636e+01,8.4278e+01,8.4363e+01,8.5300e+01,8.5429e+01,8.6366e+01,8.5962e+01,8.5246e+01,8.5045e+01,8.5270e+01,8.4752e+01,8.3962e+01,8.3489e+01,8.3325e+01,8.3676e+01,8.3845e+01,8.4120e+01,8.4827e+01,8.5155e+01,8.4846e+01,8.4499e+01,8.4026e+01,8.3614e+01,8.3397e+01,8.2651e+01,8.3321e+01,8.3384e+01,8.3473e+01,8.3197e+01,8.3036e+01,8.2253e+01,8.1583e+01,8.1272e+01,8.0872e+01,8.0679e+01,8.0888e+01,8.1100e+01,8.1475e+01,8.1736e+01,8.2423e+01,8.2072e+01,8.1390e+01,8.1406e+01,8.0873e+01,8.1093e+01,8.1765e+01,8.2328e+01,8.2939e+01,8.3544e+01,8.3782e+01,8.4113e+01,8.3353e+01,8.3338e+01,8.2488e+01,8.2235e+01,8.1839e+01,8.1228e+01,8.0910e+01,8.0583e+01,8.0303e+01,8.0063e+01,7.9832e+01,7.9735e+01,7.9847e+01,7.9911e+01,8.0060e+01,8.0415e+01,8.0445e+01,8.0346e+01,8.0645e+01,8.0469e+01,8.0176e+01,8.0342e+01,8.0224e+01,8.0238e+01,8.0455e+01,8.0297e+01,7.9946e+01,7.9791e+01,7.9684e+01,7.9829e+01,8.0046e+01,8.0413e+01,8.0817e+01,8.1147e+01,8.1507e+01,8.2264e+01,8.2110e+01,8.1629e+01,8.1576e+01,8.1615e+01,8.1197e+01,8.0752e+01,8.0316e+01,8.0272e+01,8.0114e+01,8.0227e+01,8.0383e+01,8.0526e+01,8.0678e+01,8.0964e+01,8.0886e+01,8.1079e+01,8.1092e+01,8.1538e+01,8.1650e+01,8.1665e+01,8.1796e+01,8.1350e+01,8.1111e+01,8.1612e+01,8.1358e+01,8.0962e+01,8.0700e+01,8.0895e+01,8.0528e+01,8.0115e+01,8.0058e+01,8.0303e+01,8.0702e+01,8.1298e+01,8.1781e+01,8.2219e+01,8.2537e+01,8.2341e+01,8.2374e+01,8.2742e+01,8.2990e+01,8.3376e+01,8.3632e+01,8.3958e+01,8.4476e+01,8.4970e+01,8.5348e+01,8.5576e+01,8.5629e+01,8.5860e+01,8.6317e+01,8.6713e+01,8.6862e+01,8.7054e+01,8.7437e+01,8.8044e+01,8.7851e+01,8.7936e+01,8.7986e+01,8.8156e+01,8.8087e+01,8.8396e+01,8.8242e+01,8.7854e+01,8.7626e+01,8.7520e+01,8.7248e+01,8.6998e+01,8.7075e+01,8.7263e+01,8.7508e+01,8.7368e+01,8.7221e+01,8.7263e+01,8.7429e+01,8.7752e+01,8.7800e+01
8.3607e+01,8.3975e+01,8.4206e+01,8.4416e+01,8.4041e+01,8.3554e+01,8.3644e+01,8.3408e+01,8.3975e+01,8.4616e+01,8.4696e+01,8.5631e+01,8.5762e+01,8.6697e+01,8.6295e+01,8.5580e+01,8.5379e+01,8.5602e+01,8.5083e+01,8.4295e+01,8.3819e+01,8.3658e+01,8.4011e+01,8.4184e+01,8.4462e+01,8.5169e+01,8.5499e+01,8.5194e+01,8.4852e+01,8.4383e+01,8.3971e+01,8.3753e+01,8.3004e+01,8.3671e+01,8.3734e+01,8.3812e+01,8.3527e+01,8.3358e+01,8.2579e+01,8.1915e+01,8.1608e+01,8.1205e+01,8.1019e+01,8.1236e+01,8.1450e+01,8.1830e+01,8.2093e+01,8.2783e+01,8.2432e+01,8.1750e+01,8.1768e+01,8.1234e+01,8.1453e+01,8.2127e+01,8.2691e+01,8.3300e+01,8.3905e+01,8.4143e+01,8.4472e+01,8.3712e+01,8.3696e+01,8.2844e+01,8.2590e+01,8.2188e+01,8.1575e+01,8.1250e+01,8.0921e+01,8.0638e+01,8.0396e+01,8.0169e+01,8.0079e+01,8.0196e+01,8.0266e+01,8.0416e+01,8.0774e+01,8.0808e+01,8.0710e+01,8.1013e+01,8.0836e+01,8.0539e+01,8.0704e+01,8.0580e+01,8.0589e+01,8.0796e+01,8.0633e+01,8.0288e+01,8.0138e+01,8.0033e+01,8.0180e+01,8.0392e+01,8.0755e+01,8.1150e+01,8.1481e+01,8.1831e+01,8.2580e+01,8.2421e+01,8.1949e+01,8.1904e+01,8.1946e+01,8.1532e+01,8.1094e+01,8.0660e+01,8.0621e+01,8.0463e+01,8.0570e+01,8.0731e+01,8.0880e+01,8.1031e+01,8.1320e+01,8.1241e+01,8.1429e+01,8.1438e+01,8.1878e+01,8.1982e+01,8.1994e+01,8.2116e+01,8.1669e+01,8.1433e+01,8.1925e+01,8.1674e+01,8.1279e+01,8.1022e+01,8.1213e+01,8.0854e+01,8.0447e+01,8.0394e+01,8.0633e+01,8.1024e+01,8.1613e+01,8.2093e+01,8.2524e+01,8.2846e+01,8.2650e+01,8.2682e+01,8.3050e+01,8.3296e+01,8.3682e+01,8.3936e+01,8.4261e+01,8.4778e+01,8.5273e+01,8.5653e+01,8.5882e+01,8.5938e+01,8.6168e+01,8.6628e+01,8.7015e+01,8.7167e+01,8.7370e+01,8.7751e+01,8.8362e+01,8.8167e+01,8.8254e+01,8.8306e+01,8.8480e+01,8.8412e+01,8.8721e+01,8.8564e+01,8.8169e+01,8.7937e+01,8.7822e+01,8.7547e+01,8.7297e+01,8.7379e+01,8.7571e+01,8.7814e+01,8.7675e+01,8.7530e+01,8.7571e+01,8.7738e+01,8.8057e+01,8.8109e+01
8.3911e+01,8.4282e+01,8.4515e+01,8.4728e+01,8.4356e+01,8.3872e+01,8.3966e+01,8.3732e+01,8.4296e+01,8.4935e+01,8.5012e+01,8.5944e+01,8.6080e+01,8.7012e+01,8.6615e+01,8.5903e+01,8.5705e+01,8.5926e+01,8.5408e+01,8.4621e+01,8.4143e+01,8.3983e+01,8.4336e+01,8.4511e+01,8.4790e+01,8.5496e+01,8.5826e+01,8.5526e+01,8.5186e+01,8.4719e+01,8.4303e+01,8.4081e+01,8.3330e+01,8.3988e+01,8.4054e+01,8.4125e+01,8.3832e+01,8.3663e+01,8.2890e+01,8.2230e+01,8.1931e+01,8.1526e+01,8.1349e+01,8.1571e+01,8.1792e+01,8.2176e+01,8.2438e+01,8.3130e+01,8.2781e+01,8.2098e+01,8.2118e+01,8.1584e+01,8.1806e+01,8.2483e+01,8.3046e+01,8.3654e+01,8.4257e+01,8.4496e+01,8.4820e+01,8.4056e+01,8.4035e+01,8.3181e+01,8.2923e+01,8.2516e+01,8.1903e+01,8.1571e+01,8.1239e+01,8.0952e+01,8.0708e+01,8.0486e+01,8.0403e+01,8.0522e+01,8.0602e+01,8.0756e+01,8.1117e+01,8.1156e+01,8.1060e+01,8.1367e+01,8.1189e+01,8.0886e+01,8.1052e+01,8.0923e+01,8.0922e+01,8.1121e+01,8.0949e+01,8.0609e+01,8.0468e+01,8.0366e+01,8.0520e+01,8.0731e+01,8.1095e+01,8.1485e+01,8.1818e+01,8.2159e+01,8.2905e+01,8.2739e+01,8.2274e+01,8.2239e+01,8.2281e+01,8.1868e+01,8.1434e+01,8.0997e+01,8.0960e+01,8.0799e+01,8.0901e+01,8.1063e+01,8.1217e+01,8.1365e+01,8.1656e+01,8.1575e+01,8.1755e+01,8.1760e+01,8.2193e+01,8.2287e+01,8.2296e+01,8.2410e+01,8.1964e+01,8.1735e+01,8.2222e+01,8.1975e+01,8.1582e+01,8.1332e+01,8.1521e+01,8.1171e+01,8.0768e+01,8.0721e+01,8.0958e+01,8.1343e+01,8.1929e+01,8.2406e+01,8.2834e+01,8.3159e+01,8.2961e+01,8.2991e+01,8.3356e+01,8.3598e+01,8.3982e+01,8.4234e+01,8.4560e+01,8.5076e+01,8.5570e+01,8.5951e+01,8.6179e+01,8.6235e+01,8.6464e+01,8.6928e+01,8.7314e+01,8.7465e+01,8.7669e+01,8.8044e+01,8.8653e+01,8.8459e+01,8.8551e+01,8.8606e+01,8.8781e+01,8.8712e+01,8.9026e+01,8.8873e+01,8.8479e+01,8.8247e+01,8.8129e+01,8.7849e+01,8.7600e+01,8.7683e+01,8.7878e+01,8.8119e+01,8.7978e+01,8.7834e+01,8.7874e+01,8.8042e+01,8.8362e+01,8.8414e+01
8.4219e+01,8.4592e+01,8.4827e+01,8.5045e+01,8.4675e+01,8.4194e+01,8.4296e+01,8.4068e+01,8.4632e+01,8.5267e+01,8.5337e+01,8.6267e+01,8.6406e+01,8.7337e+01,8.6942e+01,8.6228e+01,8.6031e+01,8.6247e+01,8.5726e+01,8.4941e+01,8.4460e+01,8.4306e+01,8.4662e+01,8.4844e+01,8.5129e+01,8.5835e+01,8.6169e+01,8.5876e+01,8.5538e+01,8.5077e+01,8.4659e+01,8.4438e+01,8.3686e+01,8.4339e+01,8.4400e+01,8.4466e+01,8.4168e+01,8.3990e+01,8.3216e+01,8.2561e+01,8.2264e+01,8.1854e+01,8.1683e+01,8.1914e+01,8.2135e+01,8.2526e+01,8.2792e+01,8.3489e+01,8.3145e+01,8.2459e+01,8.2484e+01,8.1946e+01,8.2166e+01,8.2845e+01,8.3411e+01,8.4017e+01,8.4623e+01,8.4867e+01,8.5191e+01,8.4426e+01,8.4399e+01,8.3542e+01,8.3277e+01,8.2864e+01,8.2251e+01,8.1913e+01,8.1580e+01,8.1286e+01,8.1039e+01,8.0818e+01,8.0743e+01,8.0870e+01,8.0956e+01,8.1112e+01,8.1480e+01,8.1521e+01,8.1424e+01,8.1733e+01,8.1551e+01,8.1241e+01,8.1405e+01,8.1268e+01,8.1260e+01,8.1449e+01,8.1273e+01,8.0940e+01,8.0805e+01,8.0707e+01,8.0862e+01,8.1066e+01,8.1427e+01,8.1808e+01,8.2140e+01,8.2470e+01,8.3208e+01,8.3036e+01,8.2582e+01,8.2556e+01,8.2600e+01,8.2192e+01,8.1766e+01,8.1331e+01,8.1301e+01,8.1143e+01,8.1239e+01,8.1408e+01,8.1571e+01,8.1723e+01,8.2020e+01,8.1940e+01,8.2117e+01,8.2116e+01,8.2546e+01,8.2632e+01,8.2635e+01,8.2739e+01,8.2287e+01,8.2057e+01,8.2536e+01,8.2287e+01,8.1893e+01,8.1646e+01,8.1830e+01,8.1487e+01,8.1092e+01,8.1048e+01,8.1277e+01,8.1653e+01,8.2230e+01,8.2703e+01,8.3124e+01,8.3452e+01,8.3254e+01,8.3282e+01,8.3644e+01,8.3883e+01,8.4266e+01,8.4516e+01,8.4842e+01,8.5357e+01,8.5850e+01,8.6231e+01,8.6460e+01,8.6517e+01,8.6743e+01,8.7209e+01,8.7593e+01,8.7746e+01,8.7953e+01,8.8323e+01,8.8930e+01,8.8736e+01,8.8828e+01,8.8886e+01,8.9063e+01,8.8995e+01,8.9307e+01,8.9152e+01,8.8758e+01,8.8527e+01,8.8406e+01,8.8127e+01,8.7879e+01,8.7961e+01,8.8156e+01,8.8392e+01,8.8248e+01,8.8107e+01,8.8147e+01,8.8317e+01,8.8635e+01,8.8687e+01
8.4361e+01,8.4739e+01,8.4976e+01,8.5199e+01,8.4830e+01,8.4351e+01,8.4456e+01,8.4230e+01,8.4794e+01,8.5429e+01,8.5496e+01,8.6427e+01,8.6568e+01,8.7500e+01,8.7107e+01,8.6392e+01,8.6197e+01,8.6411e+01,8.5887e+01,8.5102e+01,8.4617e+01,8.4465e+01,8.4823e+01,8.5009e+01,8.5298e+01,8.6006e+01,8.6343e+01,8.6051e+01,8.5714e+01,8.5253e+01,8.4833e+01,8.4610e+01,8.3854e+01,8.4507e+01,8.4568e+01,8.4629e+01,8.4325e+01,8.4143e+01,8.3369e+01,8.2715e+01,8.2420e+01,8.2007e+01,8.1841e+01,8.2076e+01,8.2301e+01,8.2696e+01,8.2963e+01,8.3663e+01,8.3318e+01,8.2629e+01,8.2655e+01,8.2115e+01,8.2337e+01,8.3020e+01,8.3588e+01,8.4196e+01,8.4803e+01,8.5047e+01,8.5369e+01,8.4601e+01,8.4574e+01,8.3713e+01,8.3445e+01,8.3028e+01,8.2411e+01,8.2068e+01,8.1732e+01,8.1436e+01,8.1188e+01,8.0968e+01,8.0898e+01,8.1026e+01,8.1116e+01,8.1275e+01,8.1644e+01,8.1688e+01,8.1592e+01,8.1904e+01,8.1722e+01,8.1408e+01,8.1573e+01,8.1433e+01,8.1421e+01,8.1606e+01,8.1427e+01,8.1096e+01,8.0963e+01,8.0867e+01,8.1025e+01,8.1228e+01,8.1589e+01,8.1967e+01,8.2302e+01,8.2629e+01,8.3367e+01,8.3191e+01,8.2738e+01,8.2717e+01,8.2761e+01,8.2352e+01,8.1928e+01,8.1492e+01,8.1463e+01,8.1303e+01,8.1396e+01,8.1567e+01,8.1733e+01,8.1884e+01,8.2183e+01,8.2101e+01,8.2275e+01,8.2272e+01,8.2699e+01,8.2782e+01,8.2783e+01,8.2883e+01,8.2429e+01,8.2201e+01,8.2677e+01,8.2429e+01,8.2035e+01,8.1790e+01,8.1972e+01,8.1634e+01,8.1242e+01,8.1202e+01,8.1431e+01,8.1803e+01,8.2378e+01,8.2848e+01,8.3267e+01,8.3596e+01,8.3397e+01,8.3425e+01,8.3784e+01,8.4019e+01,8.4400e+01,8.4652e+01,8.4977e+01,8.5492e+01,8.5986e+01,8.6368e+01,8.6596e+01,8.6653e+01,8.6878e+01,8.7344e+01,8.7729e+01,8.7885e+01,8.8093e+01,8.8462e+01,8.9068e+01,8.8874e+01,8.8969e+01,8.9028e+01,8.9205e+01,8.9137e+01,8.9454e+01,8.9299e+01,8.8905e+01,8.8671e+01,8.8553e+01,8.8276e+01,8.8027e+01,8.8108e+01,8.8304e+01,8.8540e+01,8.8393e+01,8.8251e+01,8.8292e+01,8.8461e+01,8.8778e+01,8.8828e+01
8.4572e+01,8.4951e+01,8.5188e+01,8.5414e+01,8.5050e+01,8.4576e+01,8.4687e+01,8.4467e+01,8.5033e+01,8.5663e+01,8.5724e+01,8.6651e+01,8.6792e+01,8.7721e+01,8.7328e+01,8.6612e+01,8.6416e+01,8.6625e+01,8.6100e+01,8.5319e+01,8.4834e+01,8.4687e+01,8.5048e+01,8.5239e+01,8.5533e+01,8.6241e+01,8.6583e+01,8.6297e+01,8.5962e+01,8.5507e+01,8.5087e+01,8.4868e+01,8.4110e+01,8.4763e+01,8.4820e+01,8.4878e+01,8.4572e+01,8.4384e+01,8.3605e+01,8.2953e+01,8.2656e+01,8.2239e+01,8.2077e+01,8.2317e+01,8.2541e+01,8.2940e+01,8.3211e+01,8.3915e+01,8.3572e+01,8.2882e+01,8.2910e+01,8.2368e+01,8.2587e+01,8.3272e+01,8.3842e+01,8.4449e+01,8.5060e+01,8.5307e+01,8.5632e+01,8.4862e+01,8.4833e+01,8.3970e+01,8.3697e+01,8.3276e+01,8.2658e+01,8.2313e+01,8.1978e+01,8.1677e+01,8.1428e+01,8.1207e+01,8.1143e+01,8.1276e+01,8.1368e+01,8.1527e+01,8.1901e+01,8.1946e+01,8.1849e+01,8.2163e+01,8.1979e+01,8.1662e+01,8.1827e+01,8.1682e+01,8.1669e+01,8.1850e+01,8.1668e+01,8.1339e+01,8.1207e+01,8.1111e+01,8.1268e+01,8.1466e+01,8.1823e+01,8.2195e+01,8.2530e+01,8.2850e+01,8.3583e+01,8.3403e+01,8.2955e+01,8.2940e+01,8.2983e+01,8.2578e+01,8.2159e+01,8.1726e+01,8.1701e+01,8.1544e+01,8.1635e+01,8.1811e+01,8.1983e+01,8.2137e+01,8.2441e+01,8.2360e+01,8.2534e+01,8.2529e+01,8.2957e+01,8.3037e+01,8.3033e+01,8.3129e+01,8.2670e+01,8.2438e+01,8.2909e+01,8.2656e+01,8.2260e+01,8.2013e+01,8.2190e+01,8.1856e+01,8.1472e+01,8.1434e+01,8.1658e+01,8.2024e+01,8.2592e+01,8.3056e+01,8.3471e+01,8.3802e+01,8.3604e+01,8.3631e+01,8.3989e+01,8.4221e+01,8.4604e+01,8.4858e+01,8.5183e+01,8.5700e+01,8.6195e+01,8.6577e+01,8.6806e+01,8.6862e+01,8.7085e+01,8.7552e+01,8.7938e+01,8.8096e+01,8.8305e+01,8.8671e+01,8.9277e+01,8.9083e+01,8.9181e+01,8.9242e+01,8.9418e+01,8.9349e+01,8.9667e+01,8.9513e+01,8.9117e+01,8.8883e+01,8.8767e+01,8.8491e+01,8.8241e+01,8.8321e+01,8.8516e+01,8.8750e+01,8.8604e+01,8.8464e+01,8.8506e+01,8.8678e+01,8.8995e+01,8.9047e+01
8.4840e+01,8.5221e+01,8.5461e+01,8.5689e+01,8.5325e+01,8.4850e+01,8.4964e+01,8.4747e+01,8.5312e+01,8.5940e+01,8.5998e+01,8.6925e+01,8.7067e+01,8.7994e+01,8.7602e+01,8.6886e+01,8.6690e+01,8.6897e+01,8.6372e+01,8.5592e+01,8.5105e+01,8.4960e+01,8.5323e+01,8.5516e+01,8.5815e+01,8.6525e+01,8.6869e+01,8.6584e+01,8.6248e+01,8.5793e+01,8.5372e+01,8.5153e+01,8.4392e+01,8.5045e+01,8.5099e+01,8.5152e+01,8.4841e+01,8.4646e+01,8.3866e+01,8.3215e+01,8.2919e+01,8.2498e+01,8.2340e+01,8.2585e+01,8.2809e+01,8.3214e+01,8.3489e+01,8.4196e+01,8.3855e+01,8.3163e+01,8.3194e+01,8.2650e+01,8.2868e+01,8.3554e+01,8.4126e+01,8.4733e+01,8.5346e+01,8.5595e+01,8.5920e+01,8.5149e+01,8.5118e+01,8.4252e+01,8.3976e+01,8.3551e+01,8.2931e+01,8.2583e+01,8.2248e+01,8.1944e+01,8.1697e+01,8.1476e+01,8.1416e+01,8.1555e+01,8.1649e+01,8.1807e+01,8.2185e+01,8.2232e+01,8.2137e+01,8.2453e+01,8.2266e+01,8.1946e+01,8.2109e+01,8.1959e+01,8.1947e+01,8.2123e+01,8.1943e+01,8.1614e+01,8.1481e+01,8.1385e+01,8.1540e+01,8.1733e+01,8.2086e+01,8.2450e+01,8.2786e+01,8.3100e+01,8.3827e+01,8.3644e+01,8.3200e+01,8.3191e+01,8.3235e+01,8.2832e+01,8.2420e+01,8.1989e+01,8.1969e+01,8.1815e+01,8.1901e+01,8.2081e+01,8.2259e+01,8.2417e+01,8.2724e+01,8.2646e+01,8.2819e+01,8.2809e+01,8.3235e+01,8.3312e+01,8.3303e+01,8.3393e+01,8.2932e+01,8.2696e+01,8.3162e+01,8.2907e+01,8.2511e+01,8.2265e+01,8.2440e+01,8.2111e+01,8.1733e+01,8.1695e+01,8.1914e+01,8.2274e+01,8.2836e+01,8.3297e+01,8.3707e+01,8.4037e+01,8.3836e+01,8.3857e+01,8.4210e+01,8.4437e+01,8.4818e+01,8.5073e+01,8.5397e+01,8.5913e+01,8.6408e+01,8.6790e+01,8.7018e+01,8.7073e+01,8.7297e+01,8.7762e+01,8.8151e+01,8.8316e+01,8.8526e+01,8.8895e+01,8.9501e+01,8.9307e+01,8.9405e+01,8.9469e+01,8.9646e+01,8.9578e+01,8.9897e+01,8.9741e+01,8.9343e+01,8.9106e+01,8.8989e+01,8.8715e+01,8.8461e+01,8.8539e+01,8.8730e+01,8.8963e+01,8.8819e+01,8.8680e+01,8.8724e+01,8.8893e+01,8.9207e+01,8.9257e+01
8.5093e+01,8.5472e+01,8.5715e+01,8.5943e+01,8.5578e+01,8.5105e+01,8.5219e+01,8.5002e+01,8.5564e+01,8.6191e+01,8.6249e+01,8.7173e+01,8.7318e+01,8.8244e+01,8.7855e+01,8.7142e+01,8.6950e+01,8.7159e+01,8.6636e+01,8.5855e+01,8.5366e+01,8.5220e+01,8.5580e+01,8.5775e+01,8.6072e+01,8.6780e+01,8.7123e+01,8.6838e+01,8.6504e+01,8.6049e+01,8.5631e+01,8.5411e+01,8.4651e+01,8.5304e+01,8.5359e+01,8.5412e+01,8.5099e+01,8.4905e+01,8.4125e+01,8.3474e+01,8.3178e+01,8.2756e+01,8.2599e+01,8.2845e+01,8.3070e+01,8.3475e+01,8.3750e+01,8.4457e+01,8.4115e+01,8.3423e+01,8.3454e+01,8.2911e+01,8.3129e+01,8.3816e+01,8.4387e+01,8.4994e+01,8.5606e+01,8.5854e+01,8.6177e+01,8.5407e+01,8.5378e+01,8.4512e+01,8.4237e+01,8.3811e+01,8.3191e+01,8.2841e+01,8.2506e+01,8.2201e+01,8.1952e+01,8.1731e+01,8.1673e+01,8.1813e+01,8.1908e+01,8.2067e+01,8.2446e+01,8.2495e+01,8.2399e+01,8.2717e+01,8.2529e+01,8.2207e+01,8.2370e+01,8.2218e+01,8.2204e+01,8.2379e+01,8.2197e+01,8.1869e+01,8.1738e+01,8.1643e+01,8.1798e+01,8.1990e+01,8.2343e+01,8.2708e+01,8.3045e+01,8.3359e+01,8.4088e+01,8.3904e+01,8.3459e+01,8.3450e+01,8.3494e+01,8.3090e+01,8.2678e+01,8.2246e+01,8.2227e+01,8.2073e+01,8.2158e+01,8.2340e+01,8.2518e+01,8.2676e+01,8.2984e+01,8.2907e+01,8.3078e+01,8.3067e+01,8.3492e+01,8.3567e+01,8.3557e+01,8.3646e+01,8.3184e+01,8.2948e+01,8.3412e+01,8.3158e+01,8.2764e+01,8.2519e+01,8.2693e+01,8.2365e+01,8.1986e+01,8.1950e+01,8.2169e+01,8.2529e+01,8.3092e+01,8.3552e+01,8.3963e+01,8.4291e+01,8.4092e+01,8.4114e+01,8.4466e+01,8.4696e+01,8.5077e+01,8.5335e+01,8.5664e+01,8.6180e+01,8.6677e+01,8.7059e+01,8.7287e+01,8.7339e+01,8.7561e+01,8.8027e+01,8.8418e+01,8.8584e+01,8.8797e+01,8.9166e+01,8.9772e+01,8.9580e+01,8.9679e+01,8.9746e+01,8.9923e+01,8.9853e+01,9.0174e+01,9.0017e+01,8.9620e+01,8.9383e+01,8.9265e+01,8.8992e+01,8.8734e+01,8.8811e+01,8.8998e+01,8.9230e+01,8.9088e+01,8.8950e+01,8.8996e+01,8.9163e+01,8.9476e+01,8.9525e+01
8.5258e+01,8.5635e+01,8.5876e+01,8.6103e+01,8.5739e+01,8.5270e+01,8.5388e+01,8.5175e+01,8.5736e+01,8.6360e+01,8.6413e+01,8.7335e+01,8.7482e+01,8.8409e+01,8.8021e+01,8.7309e+01,8.7118e+01,8.7324e+01,8.6800e+01,8.6021e+01,8.5532e+01,8.5387e+01,8.5748e+01,8.5946e+01,8.6245e+01,8.6954e+01,8.7298e+01,8.7016e+01,8.6684e+01,8.6231e+01,8.5814e+01,8.5595e+01,8.4836e+01,8.5487e+01,8.5541e+01,8.5593e+01,8.5281e+01,8.5086e+01,8.4307e+01,8.3657e+01,8.3362e+01,8.2940e+01,8.2784e+01,8.3031e+01,8.3257e+01,8.3662e+01,8.3937e+01,8.4644e+01,8.4303e+01,8.3612e+01,8.3644e+01,8.3102e+01,8.3321e+01,8.4007e+01,8.4578e+01,8.5183e+01,8.5793e+01,8.6041e+01,8.6361e+01,8.5591e+01,8.5561e+01,8.4695e+01,8.4420e+01,8.3995e+01,8.3376e+01,8.3026e+01,8.2691e+01,8.2386e+01,8.2139e+01,8.1918e+01,8.1863e+01,8.2004e+01,8.2101e+01,8.2258e+01,8.2638e+01,8.2688e+01,8.2594e+01,8.2913e+01,8.2727e+01,8.2405e+01,8.2570e+01,8.2419e+01,8.2405e+01,8.2580e+01,8.2394e+01,8.2064e+01,8.1932e+01,8.1836e+01,8.1992e+01,8.2183e+01,8.2535e+01,8.2897e+01,8.3236e+01,8.3548e+01,8.4275e+01,8.4088e+01,8.3645e+01,8.3638e+01,8.3680e+01,8.3276e+01,8.2866e+01,8.2434e+01,8.2415e+01,8.2260e+01,8.2343e+01,8.2526e+01,8.2705e+01,8.2864e+01,8.3173e+01,8.3096e+01,8.3266e+01,8.3255e+01,8.3678e+01,8.3752e+01,8.3741e+01,8.3828e+01,8.3366e+01,8.3130e+01,8.3593e+01,8.3339e+01,8.2944e+01,8.2699e+01,8.2871e+01,8.2546e+01,8.2171e+01,8.2137e+01,8.2356e+01,8.2714e+01,8.3273e+01,8.3729e+01,8.4136e+01,8.4466e+01,8.4264e+01,8.4286e+01,8.4638e+01,8.4865e+01,8.5245e+01,8.5505e+01,8.5835e+01,8.6350e+01,8.6849e+01,8.7229e+01,8.7455e+01,8.7504e+01,8.7721e+01,8.8187e+01,8.8577e+01,8.8746e+01,8.8955e+01,8.9320e+01,8.9922e+01,8.9730e+01,8.9827e+01,8.9897e+01,9.0075e+01,9.0009e+01,9.0327e+01,9.0173e+01,8.9779e+01,8.9542e+01,8.9425e+01,8.9155e+01,8.8897e+01,8.8975e+01,8.9163e+01,8.9392e+01,8.9245e+01,8.9109e+01,8.9156e+01,8.9323e+01,8.9635e+01,8.9683e+01
8.5464e+01,8.5839e+01,8.6077e+01,8.6304e+01,8.5944e+01,8.5479e+01,8.5597e+01,8.5385e+01,8.5948e+01,8.6572e+01,8.6622e+01,8.7544e+01,8.7690e+01,8.8614e+01,8.8225e+01,8.7514e+01,8.7323e+01,8.7529e+01,8.7007e+01,8.6230e+01,8.5742e+01,8.5597e+01,8.5957e+01,8.6155e+01,8.6454e+01,8.7158e+01,8.7502e+01,8.7223e+01,8.6897e+01,8.6448e+01,8.6035e+01,8.5818e+01,8.5061e+01,8.5714e+01,8.5770e+01,8.5826e+01,8.5515e+01,8.5324e+01,8.4543e+01,8.3891e+01,8.3595e+01,8.3174e+01,8.3014e+01,8.3260e+01,8.3485e+01,8.3887e+01,8.4161e+01,8.4866e+01,8.4522e+01,8.3832e+01,8.3861e+01,8.3320e+01,8.3540e+01,8.4226e+01,8.4795e+01,8.5402e+01,8.6010e+01,8.6254e+01,8.6575e+01,8.5807e+01,8.5780e+01,8.4917e+01,8.4646e+01,8.4223e+01,8.3603e+01,8.3253e+01,8.2917e+01,8.2611e+01,8.2362e+01,8.2141e+01,8.2084e+01,8.2225e+01,8.2321e+01,8.2480e+01,8.2858e+01,8.2906e+01,8.2811e+01,8.3128e+01,8.2944e+01,8.2623e+01,8.2789e+01,8.2641e+01,8.2625e+01,8.2802e+01,8.2612e+01,8.2283e+01,8.2154e+01,8.2059e+01,8.2216e+01,8.2410e+01,8.2764e+01,8.3128e+01,8.3467e+01,8.3782e+01,8.4511e+01,8.4325e+01,8.3879e+01,8.3870e+01,8.3911e+01,8.3507e+01,8.3095e+01,8.2662e+01,8.2641e+01,8.2485e+01,8.2570e+01,8.2752e+01,8.2929e+01,8.3085e+01,8.3393e+01,8.3316e+01,8.3487e+01,8.3477e+01,8.3901e+01,8.3976e+01,8.3966e+01,8.4053e+01,8.3591e+01,8.3357e+01,8.3823e+01,8.3570e+01,8.3173e+01,8.2928e+01,8.3098e+01,8.2772e+01,8.2396e+01,8.2363e+01,8.2587e+01,8.2946e+01,8.3508e+01,8.3962e+01,8.4369e+01,8.4698e+01,8.4498e+01,8.4521e+01,8.4875e+01,8.5102e+01,8.5478e+01,8.5740e+01,8.6070e+01,8.6584e+01,8.7082e+01,8.7462e+01,8.7690e+01,8.7741e+01,8.7955e+01,8.8423e+01,8.8814e+01,8.8980e+01,8.9186e+01,8.9548e+01,9.0147e+01,8.9957e+01,9.0054e+01,9.0122e+01,9.0298e+01,9.0232e+01,9.0550e+01,9.0397e+01,9.0007e+01,8.9773e+01,8.9656e+01,8.9386e+01,8.9131e+01,8.9208e+01,8.9396e+01,8.9622e+01,8.9471e+01,8.9334e+01,8.9379e+01,8.9547e+01,8.9857e+01,8.9903e+01
8.5756e+01,8.6130e+01,8.6368e+01,8.6597e+01,8.6236e+01,8.5771e+01,8.5889e+01,8.5675e+01,8.6239e+01,8.6864e+01,8.6915e+01,8.7838e+01,8.7984e+01,8.8907e+01,8.8518e+01,8.7807e+01,8.7615e+01,8.7821e+01,8.7300e+01,8.6523e+01,8.6035e+01,8.5890e+01,8.6250e+01,8.6447e+01,8.6744e+01,8.7447e+01,8.7790e+01,8.7510e+01,8.7185e+01,8.6737e+01,8.6328e+01,8.6111e+01,8.5356e+01,8.6011e+01,8.6070e+01,8.6128e+01,8.5819e+01,8.5630e+01,8.4849e+01,8.4195e+01,8.3897e+01,8.3475e+01,8.3311e+01,8.3555e+01,8.3779e+01,8.4180e+01,8.4453e+01,8.5156e+01,8.4809e+01,8.4118e+01,8.4144e+01,8.3603e+01,8.3825e+01,8.4510e+01,8.5079e+01,8.5688e+01,8.6295e+01,8.6535e+01,8.6856e+01,8.6091e+01,8.6068e+01,8.5208e+01,8.4941e+01,8.4521e+01,8.3898e+01,8.3549e+01,8.3210e+01,8.2906e+01,8.2654e+01,8.2430e+01,8.2369e+01,8.2508e+01,8.2601e+01,8.2763e+01,8.3139e+01,8.3184e+01,8.3086e+01,8.3401e+01,8.3216e+01,8.2897e+01,8.3062e+01,8.2915e+01,8.2898e+01,8.3075e+01,8.2885e+01,8.2559e+01,8.2432e+01,8.2340e+01,8.2498e+01,8.2693e+01,8.3050e+01,8.3417e+01,8.3754e+01,8.4072e+01,8.4801e+01,8.4619e+01,8.4172e+01,8.4160e+01,8.4202e+01,8.3799e+01,8.3385e+01,8.2952e+01,8.2931e+01,8.2775e+01,8.2864e+01,8.3044e+01,8.3217e+01,8.3372e+01,8.3676e+01,8.3598e+01,8.3771e+01,8.3764e+01,8.4190e+01,8.4267e+01,8.4261e+01,8.4350e+01,8.3889e+01,8.3658e+01,8.4126e+01,8.3874e+01,8.3477e+01,8.3232e+01,8.3400e+01,8.3071e+01,8.2690e+01,8.2653e+01,8.2877e+01,8.3241e+01,8.3806e+01,8.4263e+01,8.4670e+01,8.4999e+01,8.4802e+01,8.4825e+01,8.5182e+01,8.5410e+01,8.5787e+01,8.6050e+01,8.6381e+01,8.6895e+01,8.7394e+01,8.7773e+01,8.8003e+01,8.8053e+01,8.8264e+01,8.8733e+01,8.9125e+01,8.9289e+01,8.9491e+01,8.9851e+01,9.0450e+01,9.0265e+01,9.0361e+01,9.0426e+01,9.0600e+01,9.0530e+01,9.0844e+01,9.0693e+01,9.0306e+01,9.0076e+01,8.9961e+01,8.9690e+01,8.9437e+01,8.9515e+01,8.9703e+01,8.9927e+01,8.9771e+01,8.9634e+01,8.9677e+01,8.9843e+01,9.0155e+01,9.0199e+01
8.5870e+01,8.6243e+01,8.6480e+01,8.6709e+01,8.6349e+01,8.5884e+01,8.6000e+01,8.5783e+01,8.6348e+01,8.6977e+01,8.7029e+01,8.7954e+01,8.8099e+01,8.9024e+01,8.8634e+01,8.7924e+01,8.7732e+01,8.7940e+01,8.7418e+01,8.6640e+01,8.6153e+01,8.6006e+01,8.6365e+01,8.6559e+01,8.6856e+01,8.7556e+01,8.7899e+01,8.7618e+01,8.7294e+01,8.6845e+01,8.6438e+01,8.6219e+01,8.5466e+01,8.6122e+01,8.6183e+01,8.6245e+01,8.5938e+01,8.5753e+01,8.4972e+01,8.4316e+01,8.4019e+01,8.3598e+01,8.3432e+01,8.3674e+01,8.3898e+01,8.4297e+01,8.4567e+01,8.5269e+01,8.4918e+01,8.4228e+01,8.4249e+01,8.3709e+01,8.3934e+01,8.4621e+01,8.5189e+01,8.5801e+01,8.6405e+01,8.6641e+01,8.6961e+01,8.6195e+01,8.6175e+01,8.5317e+01,8.5053e+01,8.4635e+01,8.4011e+01,8.3661e+01,8.3320e+01,8.3017e+01,8.2762e+01,8.2539e+01,8.2473e+01,8.2607e+01,8.2700e+01,8.2866e+01,8.3239e+01,8.3282e+01,8.3182e+01,8.3494e+01,8.3310e+01,8.2992e+01,8.3156e+01,8.3014e+01,8.2995e+01,8.3176e+01,8.2986e+01,8.2661e+01,8.2535e+01,8.2445e+01,8.2607e+01,8.2807e+01,8.3168e+01,8.3539e+01,8.3875e+01,8.4196e+01,8.4928e+01,8.4748e+01,8.4300e+01,8.4285e+01,8.4328e+01,8.3925e+01,8.3506e+01,8.3072e+01,8.3047e+01,8.2889e+01,8.2981e+01,8.3157e+01,8.3327e+01,8.3477e+01,8.3777e+01,8.3694e+01,8.3867e+01,8.3864e+01,8.4293e+01,8.4370e+01,8.4369e+01,8.4461e+01,8.4001e+01,8.3774e+01,8.4246e+01,8.3997e+01,8.3599e+01,8.3355e+01,8.3526e+01,8.3194e+01,8.2809e+01,8.2771e+01,8.3000e+01,8.3366e+01,8.3934e+01,8.4393e+01,8.4801e+01,8.5129e+01,8.4930e+01,8.4952e+01,8.5309e+01,8.5536e+01,8.5910e+01,8.6174e+01,8.6505e+01,8.7017e+01,8.7516e+01,8.7894e+01,8.8123e+01,8.8172e+01,8.8378e+01,8.8848e+01,8.9239e+01,8.9401e+01,8.9600e+01,8.9959e+01,9.0555e+01,9.0372e+01,9.0468e+01,9.0532e+01,9.0707e+01,9.0638e+01,9.0952e+01,9.0802e+01,9.0418e+01,9.0193e+01,9.0080e+01,8.9812e+01,8.9563e+01,8.9642e+01,8.9831e+01,9.0052e+01,8.9895e+01,8.9757e+01,8.9801e+01,8.9970e+01,9.0283e+01,9.0326e+01
8.6000e+01,8.6371e+01,8.6607e+01,8.6837e+01,8.6477e+01,8.6013e+01,8.6129e+01,8.5910e+01,8.6474e+01,8.7105e+01,8.7157e+01,8.8083e+01,8.8231e+01,8.9156e+01,8.8769e+01,8.8061e+01,8.7873e+01,8.8082e+01,8.7561e+01,8.6779e+01,8.6289e+01,8.6141e+01,8.6498e+01,8.6693e+01,8.6988e+01,8.7689e+01,8.8031e+01,8.7749e+01,8.7426e+01,8.6977e+01,8.6570e+01,8.6350e+01,8.5598e+01,8.6255e+01,8.6316e+01,8.6381e+01,8.6076e+01,8.5892e+01,8.5111e+01,8.4454e+01,8.4158e+01,8.3738e+01,8.3571e+01,8.3811e+01,8.4037e+01,8.4434e+01,8.4704e+01,8.5405e+01,8.5055e+01,8.4364e+01,8.4385e+01,8.3845e+01,8.4071e+01,8.4759e+01,8.5328e+01,8.5940e+01,8.6544e+01,8.6780e+01,8.7097e+01,8.6329e+01,8.6310e+01,8.5451e+01,8.5188e+01,8.4769e+01,8.4145e+01,8.3795e+01,8.3453e+01,8.3152e+01,8.2896e+01,8.2673e+01,8.2606e+01,8.2739e+01,8.2834e+01,8.3001e+01,8.3375e+01,8.3417e+01,8.3316e+01,8.3628e+01,8.3444e+01,8.3126e+01,8.3292e+01,8.3152e+01,8.3134e+01,8.3321e+01,8.3128e+01,8.2798e+01,8.2672e+01,8.2581e+01,8.2745e+01,8.2948e+01,8.3311e+01,8.3683e+01,8.4021e+01,8.4344e+01,8.5076e+01,8.4895e+01,8.4446e+01,8.4430e+01,8.4471e+01,8.4066e+01,8.3648e+01,8.3212e+01,8.3186e+01,8.3026e+01,8.3118e+01,8.3292e+01,8.3461e+01,8.3611e+01,8.3911e+01,8.3829e+01,8.4001e+01,8.3997e+01,8.4425e+01,8.4503e+01,8.4503e+01,8.4596e+01,8.4138e+01,8.3911e+01,8.4384e+01,8.4135e+01,8.3737e+01,8.3496e+01,8.3666e+01,8.3335e+01,8.2948e+01,8.2912e+01,8.3144e+01,8.3510e+01,8.4080e+01,8.4537e+01,8.4947e+01,8.5273e+01,8.5073e+01,8.5096e+01,8.5453e+01,8.5682e+01,8.6055e+01,8.6320e+01,8.6655e+01,8.7166e+01,8.7667e+01,8.8043e+01,8.8272e+01,8.8320e+01,8.8524e+01,8.8993e+01,8.9383e+01,8.9546e+01,8.9748e+01,9.0108e+01,9.0706e+01,9.0521e+01,9.0619e+01,9.0687e+01,9.0866e+01,9.0798e+01,9.1112e+01,9.0963e+01,9.0578e+01,9.0354e+01,9.0240e+01,8.9971e+01,8.9723e+01,8.9805e+01,8.9996e+01,9.0217e+01,9.0061e+01,8.9924e+01,8.9973e+01,9.0143e+01,9.0458e+01,9.0501e+01
8.6305e+01,8.6674e+01,8.6907e+01,8.7137e+01,8.6779e+01,8.6317e+01,8.6431e+01,8.6211e+01,8.6776e+01,8.7406e+01,8.7459e+01,8.8382e+01,8.8530e+01,8.9453e+01,8.9065e+01,8.8359e+01,8.8169e+01,8.8378e+01,8.7857e+01,8.7078e+01,8.6590e+01,8.6442e+01,8.6799e+01,8.6991e+01,8.7286e+01,8.7983e+01,8.8324e+01,8.8041e+01,8.7719e+01,8.7271e+01,8.6867e+01,8.6649e+01,8.5901e+01,8.6558e+01,8.6621e+01,8.6689e+01,8.6387e+01,8.6206e+01,8.5426e+01,8.4769e+01,8.4471e+01,8.4052e+01,8.3882e+01,8.4118e+01,8.4341e+01,8.4736e+01,8.5004e+01,8.5701e+01,8.5349e+01,8.4661e+01,8.4680e+01,8.4142e+01,8.4367e+01,8.5052e+01,8.5619e+01,8.6231e+01,8.6833e+01,8.7066e+01,8.7383e+01,8.6618e+01,8.6603e+01,8.5748e+01,8.5490e+01,8.5076e+01,8.4453e+01,8.4107e+01,8.3767e+01,8.3469e+01,8.3214e+01,8.2991e+01,8.2919e+01,8.3047e+01,8.3137e+01,8.3303e+01,8.3673e+01,8.3712e+01,8.3609e+01,8.3916e+01,8.3732e+01,8.3419e+01,8.3581e+01,8.3446e+01,8.3432e+01,8.3623e+01,8.3441e+01,8.3109e+01,8.2979e+01,8.2888e+01,8.3049e+01,8.3251e+01,8.3612e+01,8.3985e+01,8.4319e+01,8.4642e+01,8.5369e+01,8.5192e+01,8.4745e+01,8.4727e+01,8.4769e+01,8.4368e+01,8.3950e+01,8.3518e+01,8.3492e+01,8.3334e+01,8.3429e+01,8.3601e+01,8.3766e+01,8.3915e+01,8.4211e+01,8.4128e+01,8.4303e+01,8.4302e+01,8.4732e+01,8.4814e+01,8.4817e+01,8.4914e+01,8.4459e+01,8.4231e+01,8.4705e+01,8.4455e+01,8.4058e+01,8.3814e+01,8.3983e+01,8.3650e+01,8.3263e+01,8.3223e+01,8.3453e+01,8.3820e+01,8.4387e+01,8.4844e+01,8.5250e+01,8.5575e+01,8.5377e+01,8.5401e+01,8.5760e+01,8.5991e+01,8.6364e+01,8.6631e+01,8.6968e+01,8.7479e+01,8.7982e+01,8.8357e+01,8.8584e+01,8.8627e+01,8.8829e+01,8.9297e+01,8.9685e+01,8.9852e+01,9.0054e+01,9.0411e+01,9.1009e+01,9.0826e+01,9.0923e+01,9.0993e+01,9.1171e+01,9.1101e+01,9.1414e+01,9.1268e+01,9.0884e+01,9.0660e+01,9.0545e+01,9.0275e+01,9.0028e+01,9.0109e+01,9.0303e+01,9.0523e+01,9.0365e+01,9.0230e+01,9.0278e+01,9.0450e+01,9.0766e+01,9.0813e+01
8.6558e+01,8.6924e+01,8.7157e+01,8.7388e+01,8.7030e+01,8.6567e+01,8.6682e+01,8.6461e+01,8.7027e+01,8.7658e+01,8.7711e+01,8.8636e+01,8.8783e+01,8.9707e+01,8.9318e+01,8.8612e+01,8.8422e+01,8.8629e+01,8.8108e+01,8.7330e+01,8.6843e+01,8.6694e+01,8.7052e+01,8.7243e+01,8.7538e+01,8.8235e+01,8.8576e+01,8.8293e+01,8.7970e+01,8.7520e+01,8.7118e+01,8.6897e+01,8.6152e+01,8.6811e+01,8.6876e+01,8.6948e+01,8.6650e+01,8.6473e+01,8.5696e+01,8.5038e+01,8.4739e+01,8.4324e+01,8.4150e+01,8.4383e+01,8.4605e+01,8.4997e+01,8.5262e+01,8.5957e+01,8.5603e+01,8.4917e+01,8.4934e+01,8.4398e+01,8.4625e+01,8.5307e+01,8.5873e+01,8.6486e+01,8.7086e+01,8.7318e+01,8.7632e+01,8.6864e+01,8.6850e+01,8.5999e+01,8.5745e+01,8.5334e+01,8.4714e+01,8.4371e+01,8.4033e+01,8.3739e+01,8.3487e+01,8.3264e+01,8.3187e+01,8.3311e+01,8.3398e+01,8.3563e+01,8.3929e+01,8.3965e+01,8.3861e+01,8.4166e+01,8.3984e+01,8.3675e+01,8.3839e+01,8.3710e+01,8.3701e+01,8.3902e+01,8.3723e+01,8.3384e+01,8.3248e+01,8.3155e+01,8.3315e+01,8.3520e+01,8.3882e+01,8.4257e+01,8.4591e+01,8.4917e+01,8.5644e+01,8.5468e+01,8.5020e+01,8.4998e+01,8.5038e+01,8.4637e+01,8.4219e+01,8.3788e+01,8.3759e+01,8.3600e+01,8.3698e+01,8.3866e+01,8.4027e+01,8.4173e+01,8.4465e+01,8.4381e+01,8.4557e+01,8.4558e+01,8.4988e+01,8.5074e+01,8.5081e+01,8.5183e+01,8.4733e+01,8.4506e+01,8.4981e+01,8.4733e+01,8.4337e+01,8.4094e+01,8.4264e+01,8.3929e+01,8.3539e+01,8.3498e+01,8.3730e+01,8.4098e+01,8.4665e+01,8.5122e+01,8.5528e+01,8.5850e+01,8.5656e+01,8.5684e+01,8.6045e+01,8.6277e+01,8.6653e+01,8.6923e+01,8.7261e+01,8.7774e+01,8.8275e+01,8.8650e+01,8.8875e+01,8.8915e+01,8.9115e+01,8.9579e+01,8.9966e+01,9.0137e+01,9.0338e+01,9.0690e+01,9.1288e+01,9.1108e+01,9.1202e+01,9.1273e+01,9.1452e+01,9.1381e+01,9.1693e+01,9.1549e+01,9.1166e+01,9.0940e+01,9.0825e+01,9.0555e+01,9.0306e+01,9.0388e+01,9.0583e+01,9.0803e+01,9.0644e+01,9.0508e+01,9.0559e+01,9.0732e+01,9.1051e+01,9.1099e+01
8.6870e+01,8.7237e+01,8.7470e+01,8.7703e+01,8.7345e+01,8.6883e+01,8.6998e+01,8.6779e+01,8.7347e+01,8.7977e+01,8.8028e+01,8.8951e+01,8.9096e+01,9.0016e+01,8.9623e+01,8.8916e+01,8.8723e+01,8.8928e+01,8.8406e+01,8.7632e+01,8.7147e+01,8.7002e+01,8.7362e+01,8.7553e+01,8.7850e+01,8.8545e+01,8.8889e+01,8.8606e+01,8.8285e+01,8.7839e+01,8.7438e+01,8.7218e+01,8.6472e+01,8.7135e+01,8.7202e+01,8.7276e+01,8.6978e+01,8.6802e+01,8.6024e+01,8.5365e+01,8.5063e+01,8.4648e+01,8.4470e+01,8.4700e+01,8.4919e+01,8.5308e+01,8.5574e+01,8.6266e+01,8.5909e+01,8.5224e+01,8.5239e+01,8.4704e+01,8.4930e+01,8.5611e+01,8.6177e+01,8.6791e+01,8.7393e+01,8.7621e+01,8.7939e+01,8.7170e+01,8.7162e+01,8.6311e+01,8.6060e+01,8.5653e+01,8.5031e+01,8.4693e+01,8.4356e+01,8.4066e+01,8.3817e+01,8.3593e+01,8.3512e+01,8.3633e+01,8.3713e+01,8.3875e+01,8.4237e+01,8.4270e+01,8.4166e+01,8.4466e+01,8.4284e+01,8.3979e+01,8.4140e+01,8.4014e+01,8.4011e+01,8.4220e+01,8.4051e+01,8.3708e+01,8.3565e+01,8.3471e+01,8.3626e+01,8.3831e+01,8.4190e+01,8.4566e+01,8.4896e+01,8.5225e+01,8.5948e+01,8.5777e+01,8.5328e+01,8.5302e+01,8.5344e+01,8.4947e+01,8.4528e+01,8.4102e+01,8.4072e+01,8.3916e+01,8.4019e+01,8.4184e+01,8.4339e+01,8.4485e+01,8.4772e+01,8.4690e+01,8.4868e+01,8.4873e+01,8.5304e+01,8.5396e+01,8.5406e+01,8.5512e+01,8.5065e+01,8.4838e+01,8.5314e+01,8.5066e+01,8.4671e+01,8.4425e+01,8.4596e+01,8.4256e+01,8.3865e+01,8.3818e+01,8.4049e+01,8.4418e+01,8.4984e+01,8.5440e+01,8.5846e+01,8.6168e+01,8.5979e+01,8.6010e+01,8.6375e+01,8.6610e+01,8.6987e+01,8.7260e+01,8.7600e+01,8.8113e+01,8.8616e+01,8.8993e+01,8.9217e+01,8.9257e+01,8.9455e+01,8.9917e+01,9.0303e+01,9.0472e+01,9.0673e+01,9.1021e+01,9.1616e+01,9.1440e+01,9.1533e+01,9.1600e+01,9.1774e+01,9.1700e+01,9.2008e+01,9.1865e+01,9.1486e+01,9.1259e+01,9.1146e+01,9.0877e+01,9.0629e+01,9.0709e+01,9.0900e+01,9.1119e+01,9.0958e+01,9.0823e+01,9.0871e+01,9.1042e+01,9.1361e+01,9.1411e+01
8.7170e+01,8.7539e+01,8.7773e+01,8.8009e+01,8.7652e+01,8.7189e+01,8.7304e+01,8.7086e+01,8.7656e+01,8.8287e+01,8.8337e+01,8.9260e+01,8.9403e+01,9.0321e+01,8.9926e+01,8.9218e+01,8.9022e+01,8.9223e+01,8.8700e+01,8.7929e+01,8.7445e+01,8.7302e+01,8.7665e+01,8.7857e+01,8.8156e+01,8.8852e+01,8.9198e+01,8.8916e+01,8.8595e+01,8.8148e+01,8.7747e+01,8.7525e+01,8.6778e+01,8.7443e+01,8.7512e+01,8.7587e+01,8.7290e+01,8.7118e+01,8.6341e+01,8.5680e+01,8.5377e+01,8.4963e+01,8.4783e+01,8.5011e+01,8.5229e+01,8.5616e+01,8.5882e+01,8.6572e+01,8.6215e+01,8.5530e+01,8.5544e+01,8.5011e+01,8.5236e+01,8.5916e+01,8.6482e+01,8.7097e+01,8.7699e+01,8.7928e+01,8.8248e+01,8.7475e+01,8.7468e+01,8.6615e+01,8.6367e+01,8.5962e+01,8.5342e+01,8.5007e+01,8.4672e+01,8.4386e+01,8.4140e+01,8.3916e+01,8.3833e+01,8.3950e+01,8.4026e+01,8.4186e+01,8.4546e+01,8.4576e+01,8.4471e+01,8.4767e+01,8.4585e+01,8.4283e+01,8.4442e+01,8.4321e+01,8.4326e+01,8.4540e+01,8.4378e+01,8.4031e+01,8.3882e+01,8.3785e+01,8.3936e+01,8.4141e+01,8.4498e+01,8.4873e+01,8.5200e+01,8.5529e+01,8.6249e+01,8.6080e+01,8.5633e+01,8.5605e+01,8.5648e+01,8.5255e+01,8.4836e+01,8.4413e+01,8.4383e+01,8.4229e+01,8.4335e+01,8.4498e+01,8.4649e+01,8.4794e+01,8.5079e+01,8.4997e+01,8.5177e+01,8.5181e+01,8.5611e+01,8.5708e+01,8.5719e+01,8.5830e+01,8.5387e+01,8.5159e+01,8.5636e+01,8.5389e+01,8.4995e+01,8.4748e+01,8.4918e+01,8.4577e+01,8.4186e+01,8.4135e+01,8.4364e+01,8.4732e+01,8.5295e+01,8.5750e+01,8.6155e+01,8.6480e+01,8.6296e+01,8.6329e+01,8.6697e+01,8.6932e+01,8.7311e+01,8.7585e+01,8.7924e+01,8.8438e+01,8.8941e+01,8.9320e+01,8.9543e+01,8.9583e+01,8.9778e+01,9.0237e+01,9.0621e+01,9.0791e+01,9.0990e+01,9.1333e+01,9.1926e+01,9.1754e+01,9.1845e+01,9.1909e+01,9.2080e+01,9.2004e+01,9.2308e+01,9.2167e+01,9.1790e+01,9.1561e+01,9.1447e+01,9.1177e+01,9.0932e+01,9.1012e+01,9.1202e+01,9.1420e+01,9.1256e+01,9.1119e+01,9.1166e+01,9.1335e+01,9.1655e+01,9.1708e+01
8.7433e+01,8.7803e+01,8.8037e+01,8.8275e+01,8.7920e+01,8.7458e+01,8.7574e+01,8.7356e+01,8.7927e+01,8.8558e+01,8.8606e+01,8.9529e+01,8.9671e+01,9.0588e+01,9.0192e+01,8.9483e+01,8.9286e+01,8.9485e+01,8.8963e+01,8.8194e+01,8.7710e+01,8.7570e+01,8.7934e+01,8.8126e+01,8.8426e+01,8.9121e+01,8.9467e+01,8.9187e+01,8.8867e+01,8.8420e+01,8.8019e+01,8.7795e+01,8.7047e+01,8.7709e+01,8.7781e+01,8.7856e+01,8.7559e+01,8.7391e+01,8.6616e+01,8.5954e+01,8.5654e+01,8.5243e+01,8.5063e+01,8.5289e+01,8.5508e+01,8.5893e+01,8.6156e+01,8.6846e+01,8.6487e+01,8.5802e+01,8.5813e+01,8.5282e+01,8.5509e+01,8.6189e+01,8.6754e+01,8.7370e+01,8.7970e+01,8.8196e+01,8.8516e+01,8.7744e+01,8.7738e+01,8.6885e+01,8.6639e+01,8.6233e+01,8.5613e+01,8.5278e+01,8.4942e+01,8.4662e+01,8.4416e+01,8.4196e+01,8.4110e+01,8.4223e+01,8.4298e+01,8.4457e+01,8.4813e+01,8.4843e+01,8.4739e+01,8.5035e+01,8.4857e+01,8.4561e+01,8.4725e+01,8.4610e+01,8.4618e+01,8.4836e+01,8.4672e+01,8.4319e+01,8.4167e+01,8.4067e+01,8.4219e+01,8.4426e+01,8.4784e+01,8.5161e+01,8.5489e+01,8.5819e+01,8.6538e+01,8.6370e+01,8.5922e+01,8.5892e+01,8.5934e+01,8.5541e+01,8.5121e+01,8.4697e+01,8.4665e+01,8.4509e+01,8.4615e+01,8.4773e+01,8.4921e+01,8.5061e+01,8.5340e+01,8.5256e+01,8.5433e+01,8.5440e+01,8.5868e+01,8.5966e+01,8.5982e+01,8.6097e+01,8.5658e+01,8.5435e+01,8.5914e+01,8.5671e+01,8.5279e+01,8.5034e+01,8.5206e+01,8.4865e+01,8.4472e+01,8.4422e+01,8.4653e+01,8.5022e+01,8.5585e+01,8.6039e+01,8.6442e+01,8.6770e+01,8.6591e+01,8.6626e+01,8.6997e+01,8.7233e+01,8.7613e+01,8.7890e+01,8.8229e+01,8.8742e+01,8.9245e+01,8.9624e+01,8.9846e+01,8.9888e+01,9.0079e+01,9.0535e+01,9.0916e+01,9.1082e+01,9.1282e+01,9.1620e+01,9.2213e+01,9.2047e+01,9.2136e+01,9.2197e+01,9.2366e+01,9.2287e+01,9.2586e+01,9.2445e+01,9.2068e+01,9.1838e+01,9.1724e+01,9.1456e+01,9.1216e+01,9.1296e+01,9.1482e+01,9.1697e+01,9.1533e+01,9.1397e+01,9.1445e+01,9.1619e+01,9.1942e+01,9.1997e+01
8.7621e+01,8.7992e+01,8.8223e+01,8.8463e+01,8.8113e+01,8.7654e+01,8.7769e+01,8.7550e+01,8.8123e+01,8.8755e+01,8.8804e+01,8.9725e+01,8.9866e+01,9.0780e+01,9.0382e+01,8.9673e+01,8.9474e+01,8.9672e+01,8.9150e+01,8.8384e+01,8.7902e+01,8.7764e+01,8.8128e+01,8.8319e+01,8.8619e+01,8.9309e+01,8.9655e+01,8.9378e+01,8.9063e+01,8.8621e+01,8.8223e+01,8.7999e+01,8.7251e+01,8.7915e+01,8.7989e+01,8.8064e+01,8.7765e+01,8.7600e+01,8.6825e+01,8.6162e+01,8.5864e+01,8.5452e+01,8.5271e+01,8.5496e+01,8.5717e+01,8.6099e+01,8.6360e+01,8.7049e+01,8.6686e+01,8.6000e+01,8.6007e+01,8.5477e+01,8.5709e+01,8.6389e+01,8.6953e+01,8.7571e+01,8.8170e+01,8.8393e+01,8.8714e+01,8.7943e+01,8.7940e+01,8.7087e+01,8.6842e+01,8.6436e+01,8.5812e+01,8.5475e+01,8.5135e+01,8.4858e+01,8.4610e+01,8.4392e+01,8.4305e+01,8.4413e+01,8.4492e+01,8.4652e+01,8.5004e+01,8.5035e+01,8.4933e+01,8.5230e+01,8.5057e+01,8.4763e+01,8.4931e+01,8.4816e+01,8.4820e+01,8.5035e+01,8.4866e+01,8.4516e+01,8.4368e+01,8.4268e+01,8.4423e+01,8.4633e+01,8.4993e+01,8.5370e+01,8.5697e+01,8.6027e+01,8.6746e+01,8.6580e+01,8.6133e+01,8.6102e+01,8.6146e+01,8.5754e+01,8.5332e+01,8.4906e+01,8.4871e+01,8.4711e+01,8.4819e+01,8.4974e+01,8.5118e+01,8.5252e+01,8.5525e+01,8.5435e+01,8.5610e+01,8.5621e+01,8.6050e+01,8.6148e+01,8.6171e+01,8.6289e+01,8.5853e+01,8.5636e+01,8.6118e+01,8.5877e+01,8.5485e+01,8.5241e+01,8.5414e+01,8.5073e+01,8.4678e+01,8.4629e+01,8.4862e+01,8.5234e+01,8.5797e+01,8.6251e+01,8.6653e+01,8.6984e+01,8.6808e+01,8.6847e+01,8.7220e+01,8.7459e+01,8.7838e+01,8.8118e+01,8.8458e+01,8.8969e+01,8.9473e+01,8.9851e+01,9.0075e+01,9.0119e+01,9.0312e+01,9.0766e+01,9.1147e+01,9.1309e+01,9.1507e+01,9.1845e+01,9.2434e+01,9.2270e+01,9.2360e+01,9.2417e+01,9.2583e+01,9.2502e+01,9.2799e+01,9.2658e+01,9.2285e+01,9.2056e+01,9.1945e+01,9.1681e+01,9.1444e+01,9.1524e+01,9.1707e+01,9.1921e+01,9.1755e+01,9.1615e+01,9.1662e+01,9.1832e+01,9.2153e+01,9.2211e+01
8.7888e+01,8.8259e+01,8.8488e+01,8.8730e+01,8.8383e+01,8.7925e+01,8.8043e+01,8.7826e+01,8.8400e+01,8.9031e+01,8.9077e+01,8.9997e+01,9.0136e+01,9.1048e+01,9.0650e+01,8.9942e+01,8.9741e+01,8.9935e+01,8.9414e+01,8.8651e+01,8.8169e+01,8.8034e+01,8.8400e+01,8.8591e+01,8.8893e+01,8.9580e+01,8.9928e+01,8.9655e+01,8.9343e+01,8.8902e+01,8.8503e+01,8.8279e+01,8.7527e+01,8.8190e+01,8.8264e+01,8.8337e+01,8.8033e+01,8.7866e+01,8.7090e+01,8.6426e+01,8.6130e+01,8.5716e+01,8.5539e+01,8.5768e+01,8.5991e+01,8.6377e+01,8.6639e+01,8.7330e+01,8.6968e+01,8.6280e+01,8.6288e+01,8.5756e+01,8.5989e+01,8.6671e+01,8.7236e+01,8.7855e+01,8.8455e+01,8.8679e+01,8.9000e+01,8.8229e+01,8.8224e+01,8.7367e+01,8.7118e+01,8.6706e+01,8.6080e+01,8.5737e+01,8.5394e+01,8.5114e+01,8.4863e+01,8.4647e+01,8.4563e+01,8.4673e+01,8.4758e+01,8.4922e+01,8.5277e+01,8.5310e+01,8.5206e+01,8.5504e+01,8.5330e+01,8.5033e+01,8.5200e+01,8.5081e+01,8.5079e+01,8.5287e+01,8.5113e+01,8.4768e+01,8.4626e+01,8.4529e+01,8.4688e+01,8.4897e+01,8.5256e+01,8.5632e+01,8.5956e+01,8.6282e+01,8.6999e+01,8.6834e+01,8.6392e+01,8.6364e+01,8.6411e+01,8.6021e+01,8.5599e+01,8.5173e+01,8.5139e+01,8.4978e+01,8.5085e+01,8.5241e+01,8.5389e+01,8.5521e+01,8.5797e+01,8.5704e+01,8.5873e+01,8.5882e+01,8.6306e+01,8.6400e+01,8.6423e+01,8.6539e+01,8.6103e+01,8.5890e+01,8.6372e+01,8.6133e+01,8.5740e+01,8.5498e+01,8.5671e+01,8.5332e+01,8.4937e+01,8.4889e+01,8.5120e+01,8.5492e+01,8.6054e+01,8.6509e+01,8.6911e+01,8.7245e+01,8.7074e+01,8.7118e+01,8.7491e+01,8.7731e+01,8.8113e+01,8.8394e+01,8.8734e+01,8.9248e+01,8.9752e+01,9.0133e+01,9.0355e+01,9.0398e+01,9.0590e+01,9.1039e+01,9.1422e+01,9.1583e+01,9.1782e+01,9.2117e+01,9.2708e+01,9.2546e+01,9.2636e+01,9.2693e+01,9.2858e+01,9.2775e+01,9.3068e+01,9.2925e+01,9.2550e+01,9.2318e+01,9.2207e+01,9.1942e+01,9.1707e+01,9.1788e+01,9.1967e+01,9.2178e+01,9.2013e+01,9.1873e+01,9.1919e+01,9.2090e+01,9.2413e+01,9.2473e+01
8.8176e+01,8.8546e+01,8.8770e+01,8.9012e+01,8.8669e+01,8.8213e+01,8.8329e+01,8.8112e+01,8.8683e+01,8.9311e+01,8.9359e+01,9.0275e+01,9.0414e+01,9.1321e+01,9.0925e+01,9.0221e+01,9.0022e+01,9.0216e+01,8.9698e+01,8.8939e+01,8.8460e+01,8.8325e+01,8.8687e+01,8.8876e+01,8.9175e+01,8.9857e+01,9.0202e+01,8.9930e+01,8.9622e+01,8.9183e+01,8.8787e+01,8.8563e+01,8.7815e+01,8.8472e+01,8.8548e+01,8.8620e+01,8.8316e+01,8.8151e+01,8.7378e+01,8.6716e+01,8.6424e+01,8.6012e+01,8.5836e+01,8.6065e+01,8.6289e+01,8.6673e+01,8.6933e+01,8.7622e+01,8.7260e+01,8.6574e+01,8.6580e+01,8.6050e+01,8.6284e+01,8.6964e+01,8.7527e+01,8.8144e+01,8.8741e+01,8.8961e+01,8.9281e+01,8.8514e+01,8.8509e+01,8.7657e+01,8.7410e+01,8.6998e+01,8.6374e+01,8.6030e+01,8.5684e+01,8.5405e+01,8.5153e+01,8.4942e+01,8.4859e+01,8.4966e+01,8.5054e+01,8.5219e+01,8.5571e+01,8.5604e+01,8.5501e+01,8.5799e+01,8.5629e+01,8.5335e+01,8.5505e+01,8.5387e+01,8.5385e+01,8.5592e+01,8.5415e+01,8.5070e+01,8.4929e+01,8.4830e+01,8.4991e+01,8.5200e+01,8.5559e+01,8.5933e+01,8.6256e+01,8.6581e+01,8.7296e+01,8.7132e+01,8.6691e+01,8.6664e+01,8.6711e+01,8.6322e+01,8.5901e+01,8.5474e+01,8.5439e+01,8.5277e+01,8.5382e+01,8.5538e+01,8.5685e+01,8.5814e+01,8.6088e+01,8.5990e+01,8.6156e+01,8.6167e+01,8.6589e+01,8.6677e+01,8.6702e+01,8.6817e+01,8.6385e+01,8.6175e+01,8.6657e+01,8.6421e+01,8.6030e+01,8.5791e+01,8.5965e+01,8.5628e+01,8.5235e+01,8.5189e+01,8.5421e+01,8.5792e+01,8.6353e+01,8.6807e+01,8.7209e+01,8.7544e+01,8.7378e+01,8.7426e+01,8.7800e+01,8.8041e+01,8.8425e+01,8.8708e+01,8.9049e+01,8.9563e+01,9.0066e+01,9.0448e+01,9.0670e+01,9.0714e+01,9.0907e+01,9.1352e+01,9.1732e+01,9.1893e+01,9.2093e+01,9.2426e+01,9.3014e+01,9.2854e+01,9.2945e+01,9.3004e+01,9.3166e+01,9.3083e+01,9.3375e+01,9.3232e+01,9.2857e+01,9.2622e+01,9.2511e+01,9.2245e+01,9.2011e+01,9.2092e+01,9.2266e+01,9.2476e+01,9.2310e+01,9.2171e+01,9.2214e+01,9.2386e+01,9.2709e+01,9.2774e+01
8.8458e+01,8.8827e+01,8.9046e+01,8.9290e+01,8.8950e+01,8.8496e+01,8.8611e+01,8.8394e+01,8.8965e+01,8.9591e+01,8.9640e+01,9.0555e+01,9.0691e+01,9.1596e+01,9.1201e+01,9.0498e+01,9.0297e+01,9.0492e+01,8.9976e+01,8.9219e+01,8.8742e+01,8.8608e+01,8.8968e+01,8.9155e+01,8.9452e+01,9.0130e+01,9.0472e+01,9.0202e+01,8.9898e+01,8.9462e+01,8.9069e+01,8.8847e+01,8.8101e+01,8.8757e+01,8.8832e+01,8.8902e+01,8.8597e+01,8.8431e+01,8.7658e+01,8.6996e+01,8.6706e+01,8.6293e+01,8.6119e+01,8.6349e+01,8.6574e+01,8.6958e+01,8.7217e+01,8.7906e+01,8.7542e+01,8.6855e+01,8.6858e+01,8.6328e+01,8.6566e+01,8.7246e+01,8.7809e+01,8.8427e+01,8.9021e+01,8.9239e+01,8.9559e+01,8.8795e+01,8.8792e+01,8.7941e+01,8.7694e+01,8.7280e+01,8.6655e+01,8.6306e+01,8.5957e+01,8.5678e+01,8.5423e+01,8.5213e+01,8.5131e+01,8.5236e+01,8.5326e+01,8.5494e+01,8.5845e+01,8.5877e+01,8.5773e+01,8.6070e+01,8.5902e+01,8.5610e+01,8.5781e+01,8.5664e+01,8.5660e+01,8.5864e+01,8.5684e+01,8.5341e+01,8.5204e+01,8.5107e+01,8.5271e+01,8.5481e+01,8.5843e+01,8.6218e+01,8.6541e+01,8.6865e+01,8.7582e+01,8.7418e+01,8.6977e+01,8.6951e+01,8.6999e+01,8.6610e+01,8.6187e+01,8.5757e+01,8.5722e+01,8.5557e+01,8.5663e+01,8.5817e+01,8.5964e+01,8.6090e+01,8.6360e+01,8.6257e+01,8.6422e+01,8.6437e+01,8.6859e+01,8.6941e+01,8.6969e+01,8.7081e+01,8.6650e+01,8.6446e+01,8.6928e+01,8.6694e+01,8.6303e+01,8.6067e+01,8.6241e+01,8.5906e+01,8.5513e+01,8.5468e+01,8.5701e+01,8.6073e+01,8.6635e+01,8.7090e+01,8.7491e+01,8.7827e+01,8.7660e+01,8.7707e+01,8.8081e+01,8.8321e+01,8.8705e+01,8.8989e+01,8.9328e+01,8.9840e+01,9.0342e+01,9.0722e+01,9.0941e+01,9.0983e+01,9.1175e+01,9.1617e+01,9.1995e+01,9.2156e+01,9.2355e+01,9.2689e+01,9.3275e+01,9.3115e+01,9.3207e+01,9.3267e+01,9.3429e+01,9.3346e+01,9.3637e+01,9.3495e+01,9.3120e+01,9.2883e+01,9.2771e+01,9.2506e+01,9.2273e+01,9.2354e+01,9.2531e+01,9.2742e+01,9.2576e+01,9.2438e+01,9.2482e+01,9.2655e+01,9.2975e+01,9.3041e+01
8.8745e+01,8.9114e+01,8.9333e+01,8.9579e+01,8.9240e+01,8.8788e+01,8.8907e+01,8.8693e+01,8.9262e+01,8.9885e+01,8.9930e+01,9.0843e+01,9.0983e+01,9.1887e+01,9.1496e+01,9.0794e+01,9.0596e+01,9.0790e+01,9.0274e+01,8.9517e+01,8.9039e+01,8.8905e+01,8.9265e+01,8.9455e+01,8.9754e+01,9.0433e+01,9.0776e+01,9.0508e+01,9.0205e+01,8.9771e+01,8.9376e+01,8.9156e+01,8.8408e+01,8.9062e+01,8.9133e+01,8.9201e+01,8.8894e+01,8.8726e+01,8.7953e+01,8.7294e+01,8.7005e+01,8.6593e+01,8.6423e+01,8.6656e+01,8.6883e+01,8.7269e+01,8.7529e+01,8.8220e+01,8.7859e+01,8.7171e+01,8.7177e+01,8.6647e+01,8.6884e+01,8.7565e+01,8.8127e+01,8.8744e+01,8.9338e+01,8.9557e+01,8.9876e+01,8.9111e+01,8.9105e+01,8.8253e+01,8.8002e+01,8.7585e+01,8.6960e+01,8.6608e+01,8.6258e+01,8.5977e+01,8.5722e+01,8.5516e+01,8.5438e+01,8.5547e+01,8.5642e+01,8.5809e+01,8.6163e+01,8.6197e+01,8.6094e+01,8.6393e+01,8.6225e+01,8.5930e+01,8.6101e+01,8.5981e+01,8.5975e+01,8.6176e+01,8.5992e+01,8.5651e+01,8.5516e+01,8.5419e+01,8.5584e+01,8.5792e+01,8.6152e+01,8.6523e+01,8.6847e+01,8.7166e+01,8.7879e+01,8.7712e+01,8.7276e+01,8.7253e+01,8.7302e+01,8.6914e+01,8.6494e+01,8.6065e+01,8.6031e+01,8.5866e+01,8.5967e+01,8.6124e+01,8.6275e+01,8.6402e+01,8.6676e+01,8.6573e+01,8.6734e+01,8.6743e+01,8.7162e+01,8.7236e+01,8.7262e+01,8.7371e+01,8.6940e+01,8.6738e+01,8.7218e+01,8.6985e+01,8.6595e+01,8.6361e+01,8.6534e+01,8.6204e+01,8.5815e+01,8.5773e+01,8.6004e+01,8.6373e+01,8.6931e+01,8.7384e+01,8.7781e+01,8.8117e+01,8.7953e+01,8.7999e+01,8.8372e+01,8.8611e+01,8.8996e+01,8.9279e+01,8.9618e+01,9.0132e+01,9.0635e+01,9.1016e+01,9.1233e+01,9.1274e+01,9.1465e+01,9.1903e+01,9.2280e+01,9.2445e+01,9.2646e+01,9.2978e+01,9.3564e+01,9.3405e+01,9.3498e+01,9.3560e+01,9.3722e+01,9.3637e+01,9.3930e+01,9.3790e+01,9.3415e+01,9.3177e+01,9.3064e+01,9.2797e+01,9.2564e+01,9.2648e+01,9.2826e+01,9.3037e+01,9.2871e+01,9.2734e+01,9.2779e+01,9.2955e+01,9.3275e+01,9.3344e+01
8.9040e+01,8.9406e+01,8.9623e+01,8.9869e+01,8.9535e+01,8.9085e+01,8.9202e+01,8.8988e+01,8.9554e+01,9.0175e+01,9.0222e+01,9.1131e+01,9.1270e+01,9.2170e+01,9.1780e+01,9.1082e+01,9.0884e+01,9.1077e+01,9.0565e+01,8.9812e+01,8.9337e+01,8.9203e+01,8.9560e+01,8.9748e+01,9.0045e+01,9.0720e+01,9.1061e+01,9.0793e+01,9.0492e+01,9.0059e+01,8.9666e+01,8.9445e+01,8.8701e+01,8.9349e+01,8.9421e+01,8.9487e+01,8.9180e+01,8.9016e+01,8.8249e+01,8.7593e+01,8.7309e+01,8.6901e+01,8.6733e+01,8.6964e+01,8.7191e+01,8.7576e+01,8.7833e+01,8.8520e+01,8.8160e+01,8.7476e+01,8.7481e+01,8.6955e+01,8.7190e+01,8.7868e+01,8.8427e+01,8.9042e+01,8.9633e+01,8.9849e+01,9.0165e+01,8.9403e+01,8.9398e+01,8.8549e+01,8.8300e+01,8.7885e+01,8.7265e+01,8.6915e+01,8.6569e+01,8.6289e+01,8.6037e+01,8.5833e+01,8.5757e+01,8.5866e+01,8.5960e+01,8.6126e+01,8.6477e+01,8.6510e+01,8.6408e+01,8.6705e+01,8.6538e+01,8.6247e+01,8.6417e+01,8.6300e+01,8.6295e+01,8.6495e+01,8.6313e+01,8.5973e+01,8.5837e+01,8.5740e+01,8.5903e+01,8.6110e+01,8.6468e+01,8.6838e+01,8.7161e+01,8.7480e+01,8.8190e+01,8.8023e+01,8.7588e+01,8.7566e+01,8.7614e+01,8.7226e+01,8.6807e+01,8.6379e+01,8.6345e+01,8.6180e+01,8.6280e+01,8.6436e+01,8.6587e+01,8.6714e+01,8.6987e+01,8.6887e+01,8.7047e+01,8.7055e+01,8.7469e+01,8.7543e+01,8.7565e+01,8.7673e+01,8.7245e+01,8.7043e+01,8.7520e+01,8.7289e+01,8.6901e+01,8.6669e+01,8.6842e+01,8.6515e+01,8.6129e+01,8.6090e+01,8.6321e+01,8.6688e+01,8.7242e+01,8.7694e+01,8.8089e+01,8.8423e+01,8.8259e+01,8.8307e+01,8.8678e+01,8.8916e+01,8.9300e+01,8.9582e+01,8.9919e+01,9.0434e+01,9.0937e+01,9.1317e+01,9.1533e+01,9.1573e+01,9.1763e+01,9.2197e+01,9.2573e+01,9.2740e+01,9.2941e+01,9.3270e+01,9.3852e+01,9.3692e+01,9.3785e+01,9.3848e+01,9.4010e+01,9.3928e+01,9.4222e+01,9.4082e+01,9.3707e+01,9.3467e+01,9.3356e+01,9.3090e+01,9.2861e+01,9.2946e+01,9.3126e+01,9.3338e+01,9.3172e+01,9.3036e+01,9.3080e+01,9.3254e+01,9.3570e+01,9.3638e+01
8.9362e+01,8.9726e+01,8.9941e+01,9.0185e+01,8.9853e+01,8.9406e+01,8.9520e+01,8.9306e+01,8.9867e+01,9.0487e+01,9.0534e+01,9.1441e+01,9.1580e+01,9.2477e+01,9.2091e+01,9.1397e+01,9.1203e+01,9.1398e+01,9.0891e+01,9.0139e+01,8.9665e+01,8.9529e+01,8.9881e+01,9.0067e+01,9.0361e+01,9.1033e+01,9.1369e+01,9.1101e+01,9.0801e+01,9.0368e+01,8.9976e+01,8.9755e+01,8.9014e+01,8.9660e+01,8.9732e+01,8.9799e+01,8.9495e+01,8.9334e+01,8.8571e+01,8.7917e+01,8.7635e+01,8.7230e+01,8.7062e+01,8.7291e+01,8.7518e+01,8.7900e+01,8.8155e+01,8.8840e+01,8.8480e+01,8.7800e+01,8.7805e+01,8.7281e+01,8.7516e+01,8.8191e+01,8.8747e+01,8.9360e+01,8.9948e+01,9.0163e+01,9.0477e+01,8.9717e+01,8.9712e+01,8.8865e+01,8.8617e+01,8.8204e+01,8.7589e+01,8.7243e+01,8.6902e+01,8.6623e+01,8.6374e+01,8.6170e+01,8.6096e+01,8.6205e+01,8.6297e+01,8.6460e+01,8.6809e+01,8.6841e+01,8.6741e+01,8.7036e+01,8.6872e+01,8.6585e+01,8.6756e+01,8.6641e+01,8.6640e+01,8.6843e+01,8.6661e+01,8.6319e+01,8.6180e+01,8.6080e+01,8.6241e+01,8.6450e+01,8.6806e+01,8.7176e+01,8.7501e+01,8.7820e+01,8.8529e+01,8.8361e+01,8.7925e+01,8.7903e+01,8.7948e+01,8.7559e+01,8.7141e+01,8.6713e+01,8.6677e+01,8.6512e+01,8.6611e+01,8.6767e+01,8.6917e+01,8.7044e+01,8.7317e+01,8.7219e+01,8.7380e+01,8.7387e+01,8.7799e+01,8.7877e+01,8.7896e+01,8.8005e+01,8.7579e+01,8.7375e+01,8.7851e+01,8.7620e+01,8.7233e+01,8.7002e+01,8.7174e+01,8.6848e+01,8.6464e+01,8.6427e+01,8.6660e+01,8.7026e+01,8.7578e+01,8.8028e+01,8.8421e+01,8.8752e+01,8.8585e+01,8.8632e+01,8.9000e+01,8.9236e+01,8.9617e+01,8.9897e+01,9.0234e+01,9.0746e+01,9.1247e+01,9.1627e+01,9.1843e+01,9.1883e+01,9.2075e+01,9.2509e+01,9.2886e+01,9.3055e+01,9.3254e+01,9.3582e+01,9.4162e+01,9.4000e+01,9.4091e+01,9.4156e+01,9.4319e+01,9.4240e+01,9.4533e+01,9.4390e+01,9.4015e+01,9.3774e+01,9.3665e+01,9.3402e+01,9.3174e+01,9.3258e+01,9.3440e+01,9.3651e+01,9.3485e+01,9.3350e+01,9.3393e+01,9.3568e+01,9.3883e+01,9.3952e+01
8.9550e+01,8.9911e+01,9.0123e+01,9.0363e+01,9.0034e+01,8.9586e+01,8.9697e+01,8.9483e+01,9.0042e+01,9.0660e+01,9.0711e+01,9.1614e+01,9.1750e+01,9.2644e+01,9.2256e+01,9.1564e+01,9.1370e+01,9.1565e+01,9.1061e+01,9.0313e+01,8.9844e+01,8.9707e+01,9.0056e+01,9.0238e+01,9.0529e+01,9.1197e+01,9.1532e+01,9.1264e+01,9.0965e+01,9.0533e+01,9.0143e+01,8.9922e+01,8.9186e+01,8.9830e+01,8.9904e+01,8.9976e+01,8.9679e+01,8.9521e+01,8.8760e+01,8.8108e+01,8.7824e+01,8.7423e+01,8.7252e+01,8.7477e+01,8.7700e+01,8.8077e+01,8.8331e+01,8.9011e+01,8.8652e+01,8.7976e+01,8.7980e+01,8.7459e+01,8.7692e+01,8.8363e+01,8.8916e+01,8.9526e+01,9.0112e+01,9.0326e+01,9.0640e+01,8.9883e+01,8.9879e+01,8.9037e+01,8.8793e+01,8.8386e+01,8.7776e+01,8.7437e+01,8.7101e+01,8.6824e+01,8.6577e+01,8.6371e+01,8.6294e+01,8.6403e+01,8.6490e+01,8.6650e+01,8.6994e+01,8.7025e+01,8.6925e+01,8.7217e+01,8.7054e+01,8.6770e+01,8.6940e+01,8.6828e+01,8.6830e+01,8.7035e+01,8.6858e+01,8.6516e+01,8.6375e+01,8.6274e+01,8.6432e+01,8.6639e+01,8.6994e+01,8.7364e+01,8.7686e+01,8.8006e+01,8.8714e+01,8.8548e+01,8.8113e+01,8.8087e+01,8.8132e+01,8.7744e+01,8.7326e+01,8.6901e+01,8.6864e+01,8.6701e+01,8.6803e+01,8.6957e+01,8.7103e+01,8.7232e+01,8.7504e+01,8.7410e+01,8.7574e+01,8.7582e+01,8.7996e+01,8.8080e+01,8.8100e+01,8.8210e+01,8.7784e+01,8.7578e+01,8.8052e+01,8.7819e+01,8.7433e+01,8.7199e+01,8.7370e+01,8.7043e+01,8.6659e+01,8.6620e+01,8.6854e+01,8.7219e+01,8.7770e+01,8.8220e+01,8.8610e+01,8.8936e+01,8.8768e+01,8.8816e+01,8.9184e+01,8.9421e+01,8.9800e+01,9.0078e+01,9.0418e+01,9.0930e+01,9.1431e+01,9.1810e+01,9.2025e+01,9.2064e+01,9.2255e+01,9.2689e+01,9.3067e+01,9.3237e+01,9.3433e+01,9.3759e+01,9.4337e+01,9.4174e+01,9.4263e+01,9.4326e+01,9.4489e+01,9.4411e+01,9.4701e+01,9.4559e+01,9.4185e+01,9.3946e+01,9.3840e+01,9.3578e+01,9.3354e+01,9.3439e+01,9.3620e+01,9.3832e+01,9.3664e+01,9.3528e+01,9.3568e+01,9.3743e+01,9.4058e+01,9.4128e+01
8.9723e+01,9.0083e+01,9.0293e+01,9.0532e+01,9.0204e+01,8.9757e+01,8.9867e+01,8.9652e+01,9.0209e+01,9.0824e+01,9.0876e+01,9.1777e+01,9.1912e+01,9.2804e+01,9.2417e+01,9.1726e+01,9.1533e+01,9.1728e+01,9.1228e+01,9.0483e+01,9.0019e+01,8.9880e+01,9.0225e+01,9.0404e+01,9.0694e+01,9.1359e+01,9.1695e+01,9.1429e+01,9.1131e+01,9.0702e+01,9.0313e+01,9.0094e+01,8.9363e+01,9.0001e+01,9.0071e+01,9.0140e+01,8.9845e+01,8.9689e+01,8.8934e+01,8.8289e+01,8.8006e+01,8.7608e+01,8.7437e+01,8.7661e+01,8.7882e+01,8.8258e+01,8.8512e+01,8.9189e+01,8.8833e+01,8.8159e+01,8.8163e+01,8.7644e+01,8.7876e+01,8.8543e+01,8.9095e+01,8.9702e+01,9.0286e+01,9.0499e+01,9.0813e+01,9.0059e+01,9.0054e+01,8.9216e+01,8.8972e+01,8.8567e+01,8.7962e+01,8.7624e+01,8.7289e+01,8.7012e+01,8.6767e+01,8.6562e+01,8.6486e+01,8.6595e+01,8.6682e+01,8.6840e+01,8.7184e+01,8.7213e+01,8.7113e+01,8.7404e+01,8.7242e+01,8.6960e+01,8.7129e+01,8.7018e+01,8.7021e+01,8.7226e+01,8.7050e+01,8.6708e+01,8.6567e+01,8.6466e+01,8.6622e+01,8.6829e+01,8.7182e+01,8.7550e+01,8.7872e+01,8.8193e+01,8.8899e+01,8.8733e+01,8.8298e+01,8.8272e+01,8.8315e+01,8.7928e+01,8.7512e+01,8.7088e+01,8.7051e+01,8.6889e+01,8.6991e+01,8.7145e+01,8.7291e+01,8.7420e+01,8.7691e+01,8.7598e+01,8.7762e+01,8.7770e+01,8.8183e+01,8.8265e+01,8.8282e+01,8.8389e+01,8.7966e+01,8.7760e+01,8.8230e+01,8.7999e+01,8.7616e+01,8.7383e+01,8.7554e+01,8.7229e+01,8.6847e+01,8.6809e+01,8.7043e+01,8.7407e+01,8.7957e+01,8.8404e+01,8.8792e+01,8.9115e+01,8.8948e+01,8.8997e+01,8.9362e+01,8.9601e+01,8.9979e+01,9.0257e+01,9.0597e+01,9.1111e+01,9.1611e+01,9.1989e+01,9.2204e+01,9.2240e+01,9.2430e+01,9.2862e+01,9.3242e+01,9.3412e+01,9.3607e+01,9.3933e+01,9.4508e+01,9.4345e+01,9.4434e+01,9.4495e+01,9.4655e+01,9.4578e+01,9.4868e+01,9.4728e+01,9.4357e+01,9.4121e+01,9.4018e+01,9.3760e+01,9.3536e+01,9.3621e+01,9.3802e+01,9.4017e+01,9.3849e+01,9.3709e+01,9.3748e+01,9.3922e+01,9.4237e+01,9.4309e+01
9.0032e+01,9.0394e+01,9.0605e+01,9.0843e+01,9.0516e+01,9.0068e+01,9.0176e+01,8.9960e+01,9.0514e+01,9.1129e+01,9.1183e+01,9.2081e+01,9.2214e+01,9.3103e+01,9.2717e+01,9.2029e+01,9.1835e+01,9.2031e+01,9.1535e+01,9.0793e+01,9.0332e+01,9.0192e+01,9.0534e+01,9.0709e+01,9.0997e+01,9.1660e+01,9.1994e+01,9.1726e+01,9.1429e+01,9.1001e+01,9.0615e+01,9.0397e+01,8.9668e+01,9.0305e+01,9.0373e+01,9.0439e+01,9.0142e+01,8.9984e+01,8.9233e+01,8.8592e+01,8.8312e+01,8.7915e+01,8.7747e+01,8.7972e+01,8.8194e+01,8.8569e+01,8.8821e+01,8.9496e+01,8.9139e+01,8.8468e+01,8.8470e+01,8.7954e+01,8.8187e+01,8.8853e+01,8.9402e+01,9.0008e+01,9.0589e+01,9.0800e+01,9.1112e+01,9.0360e+01,9.0357e+01,8.9522e+01,8.9279e+01,8.8873e+01,8.8268e+01,8.7929e+01,8.7593e+01,8.7317e+01,8.7072e+01,8.6870e+01,8.6795e+01,8.6903e+01,8.6992e+01,8.7151e+01,8.7492e+01,8.7522e+01,8.7423e+01,8.7712e+01,8.7553e+01,8.7272e+01,8.7443e+01,8.7332e+01,8.7333e+01,8.7536e+01,8.7358e+01,8.7017e+01,8.6879e+01,8.6778e+01,8.6936e+01,8.7143e+01,8.7497e+01,8.7866e+01,8.8188e+01,8.8508e+01,8.9214e+01,8.9048e+01,8.8612e+01,8.8587e+01,8.8631e+01,8.8243e+01,8.7827e+01,8.7403e+01,8.7365e+01,8.7201e+01,8.7301e+01,8.7454e+01,8.7601e+01,8.7728e+01,8.7996e+01,8.7901e+01,8.8063e+01,8.8072e+01,8.8482e+01,8.8559e+01,8.8577e+01,8.8680e+01,8.8258e+01,8.8055e+01,8.8522e+01,8.8295e+01,8.7916e+01,8.7688e+01,8.7862e+01,8.7540e+01,8.7158e+01,8.7122e+01,8.7355e+01,8.7719e+01,8.8270e+01,8.8716e+01,8.9104e+01,8.9426e+01,8.9260e+01,8.9310e+01,8.9672e+01,8.9910e+01,9.0288e+01,9.0565e+01,9.0907e+01,9.1422e+01,9.1921e+01,9.2299e+01,9.2510e+01,9.2543e+01,9.2731e+01,9.3161e+01,9.3539e+01,9.3709e+01,9.3903e+01,9.4228e+01,9.4801e+01,9.4640e+01,9.4730e+01,9.4788e+01,9.4945e+01,9.4865e+01,9.5155e+01,9.5015e+01,9.4646e+01,9.4413e+01,9.4311e+01,9.4054e+01,9.3832e+01,9.3919e+01,9.4101e+01,9.4316e+01,9.4149e+01,9.4007e+01,9.4045e+01,9.4217e+01,9.4529e+01,9.4604e+01
9.0290e+01,9.0654e+01,9.0866e+01,9.1106e+01,9.0779e+01,9.0332e+01,9.0439e+01,9.0223e+01,9.0776e+01,9.1391e+01,9.1446e+01,9.2343e+01,9.2476e+01,9.3364e+01,9.2978e+01,9.2290e+01,9.2096e+01,9.2291e+01,9.1795e+01,9.1055e+01,9.0595e+01,9.0455e+01,9.0797e+01,9.0972e+01,9.1260e+01,9.1922e+01,9.2256e+01,9.1988e+01,9.1692e+01,9.1265e+01,9.0879e+01,9.0664e+01,8.9936e+01,9.0573e+01,9.0637e+01,9.0701e+01,9.0402e+01,9.0240e+01,8.9492e+01,8.8854e+01,8.8576e+01,8.8179e+01,8.8012e+01,8.8238e+01,8.8460e+01,8.8836e+01,8.9088e+01,8.9764e+01,8.9407e+01,8.8735e+01,8.8737e+01,8.8221e+01,8.8453e+01,8.9119e+01,8.9668e+01,9.0275e+01,9.0856e+01,9.1066e+01,9.1378e+01,9.0628e+01,9.0624e+01,8.9790e+01,8.9546e+01,8.9139e+01,8.8536e+01,8.8195e+01,8.7859e+01,8.7582e+01,8.7336e+01,8.7135e+01,8.7061e+01,8.7169e+01,8.7258e+01,8.7418e+01,8.7760e+01,8.7788e+01,8.7688e+01,8.7976e+01,8.7815e+01,8.7534e+01,8.7703e+01,8.7592e+01,8.7592e+01,8.7793e+01,8.7616e+01,8.7278e+01,8.7140e+01,8.7042e+01,8.7199e+01,8.7405e+01,8.7759e+01,8.8126e+01,8.8447e+01,8.8766e+01,8.9471e+01,8.9306e+01,8.8872e+01,8.8847e+01,8.8891e+01,8.8505e+01,8.8090e+01,8.7667e+01,8.7630e+01,8.7467e+01,8.7567e+01,8.7721e+01,8.7869e+01,8.7996e+01,8.8265e+01,8.8169e+01,8.8331e+01,8.8340e+01,8.8750e+01,8.8826e+01,8.8841e+01,8.8940e+01,8.8518e+01,8.8314e+01,8.8779e+01,8.8552e+01,8.8174e+01,8.7948e+01,8.8123e+01,8.7801e+01,8.7421e+01,8.7385e+01,8.7617e+01,8.7980e+01,8.8530e+01,8.8976e+01,8.9363e+01,8.9685e+01,8.9521e+01,8.9570e+01,8.9931e+01,9.0168e+01,9.0545e+01,9.0822e+01,9.1164e+01,9.1680e+01,9.2177e+01,9.2554e+01,9.2766e+01,9.2799e+01,9.2985e+01,9.3414e+01,9.3793e+01,9.3963e+01,9.4155e+01,9.4478e+01,9.5047e+01,9.4884e+01,9.4975e+01,9.5031e+01,9.5188e+01,9.5110e+01,9.5400e+01,9.5259e+01,9.4892e+01,9.4662e+01,9.4562e+01,9.4307e+01,9.4088e+01,9.4177e+01,9.4360e+01,9.4574e+01,9.4408e+01,9.4264e+01,9.4303e+01,9.4473e+01,9.4781e+01,9.4858e+01
9.0497e+01,9.0858e+01,9.1066e+01,9.1302e+01,9.0976e+01,9.0530e+01,9.0635e+01,9.0419e+01,9.0967e+01,9.1579e+01,9.1636e+01,9.2529e+01,9.2661e+01,9.3546e+01,9.3163e+01,9.2480e+01,9.2289e+01,9.2487e+01,9.1996e+01,9.1258e+01,9.0800e+01,9.0658e+01,9.0994e+01,9.1167e+01,9.1450e+01,9.2108e+01,9.2438e+01,9.2170e+01,9.1874e+01,9.1449e+01,9.1066e+01,9.0852e+01,9.0130e+01,9.0763e+01,9.0826e+01,9.0890e+01,9.0600e+01,9.0440e+01,8.9697e+01,8.9062e+01,8.8783e+01,8.8391e+01,8.8222e+01,8.8445e+01,8.8665e+01,8.9037e+01,8.9288e+01,8.9959e+01,8.9605e+01,8.8937e+01,8.8939e+01,8.8426e+01,8.8657e+01,8.9319e+01,8.9864e+01,9.0467e+01,9.1044e+01,9.1254e+01,9.1564e+01,9.0818e+01,9.0814e+01,8.9985e+01,8.9743e+01,8.9342e+01,8.8742e+01,8.8406e+01,8.8073e+01,8.7797e+01,8.7553e+01,8.7352e+01,8.7277e+01,8.7383e+01,8.7470e+01,8.7629e+01,8.7968e+01,8.7995e+01,8.7896e+01,8.8182e+01,8.8024e+01,8.7746e+01,8.7915e+01,8.7806e+01,8.7808e+01,8.8010e+01,8.7833e+01,8.7495e+01,8.7358e+01,8.7258e+01,8.7415e+01,8.7622e+01,8.7975e+01,8.8343e+01,8.8663e+01,8.8984e+01,8.9688e+01,8.9524e+01,8.9088e+01,8.9061e+01,8.9104e+01,8.8717e+01,8.8303e+01,8.7881e+01,8.7842e+01,8.7680e+01,8.7780e+01,8.7932e+01,8.8077e+01,8.8205e+01,8.8471e+01,8.8377e+01,8.8539e+01,8.8548e+01,8.8957e+01,8.9036e+01,8.9052e+01,8.9154e+01,8.8734e+01,8.8529e+01,8.8993e+01,8.8767e+01,8.8390e+01,8.8164e+01,8.8339e+01,8.8018e+01,8.7639e+01,8.7603e+01,8.7836e+01,8.8200e+01,8.8749e+01,8.9193e+01,8.9578e+01,8.9897e+01,8.9733e+01,8.9783e+01,9.0145e+01,9.0386e+01,9.0763e+01,9.1041e+01,9.1387e+01,9.1905e+01,9.2402e+01,9.2780e+01,9.2992e+01,9.3024e+01,9.3210e+01,9.3637e+01,9.4015e+01,9.4183e+01,9.4371e+01,9.4693e+01,9.5258e+01,9.5094e+01,9.5185e+01,9.5239e+01,9.5394e+01,9.5317e+01,9.5605e+01,9.5465e+01,9.5101e+01,9.4874e+01,9.4777e+01,9.4526e+01,9.4307e+01,9.4396e+01,9.4579e+01,9.4795e+01,9.4633e+01,9.4487e+01,9.4524e+01,9.4688e+01,9.4993e+01,9.5067e+01
9.0733e+01,9.1093e+01,9.1301e+01,9.1536e+01,9.1212e+01,9.0769e+01,9.0875e+01,9.0661e+01,9.1206e+01,9.1815e+01,9.1870e+01,9.2759e+01,9.2892e+01,9.3773e+01,9.3393e+01,9.2714e+01,9.2524e+01,9.2722e+01,9.2233e+01,9.1497e+01,9.1041e+01,9.0898e+01,9.1233e+01,9.1406e+01,9.1688e+01,9.2344e+01,9.2673e+01,9.2408e+01,9.2113e+01,9.1691e+01,9.1310e+01,9.1100e+01,9.0383e+01,9.1015e+01,9.1074e+01,9.1139e+01,9.0852e+01,9.0688e+01,8.9947e+01,8.9317e+01,8.9037e+01,8.8645e+01,8.8477e+01,8.8700e+01,8.8917e+01,8.9289e+01,8.9540e+01,9.0209e+01,8.9859e+01,8.9194e+01,8.9197e+01,8.8685e+01,8.8913e+01,8.9572e+01,9.0116e+01,9.0715e+01,9.1291e+01,9.1502e+01,9.1811e+01,9.1069e+01,9.1063e+01,9.0239e+01,8.9996e+01,8.9597e+01,8.9001e+01,8.8666e+01,8.8336e+01,8.8059e+01,8.7817e+01,8.7615e+01,8.7543e+01,8.7652e+01,8.7738e+01,8.7895e+01,8.8234e+01,8.8260e+01,8.8161e+01,8.8447e+01,8.8288e+01,8.8010e+01,8.8178e+01,8.8069e+01,8.8071e+01,8.8270e+01,8.8095e+01,8.7760e+01,8.7622e+01,8.7523e+01,8.7677e+01,8.7881e+01,8.8230e+01,8.8595e+01,8.8915e+01,8.9235e+01,8.9936e+01,8.9771e+01,8.9336e+01,8.9310e+01,8.9351e+01,8.8966e+01,8.8554e+01,8.8136e+01,8.8098e+01,8.7939e+01,8.8038e+01,8.8192e+01,8.8338e+01,8.8468e+01,8.8736e+01,8.8645e+01,8.8807e+01,8.8815e+01,8.9223e+01,8.9301e+01,8.9314e+01,8.9412e+01,8.8992e+01,8.8785e+01,8.9244e+01,8.9016e+01,8.8642e+01,8.8416e+01,8.8589e+01,8.8271e+01,8.7896e+01,8.7861e+01,8.8092e+01,8.8452e+01,8.8999e+01,8.9440e+01,8.9823e+01,9.0143e+01,8.9981e+01,9.0030e+01,9.0392e+01,9.0633e+01,9.1012e+01,9.1290e+01,9.1637e+01,9.2158e+01,9.2657e+01,9.3034e+01,9.3246e+01,9.3278e+01,9.3465e+01,9.3890e+01,9.4267e+01,9.4434e+01,9.4618e+01,9.4939e+01,9.5502e+01,9.5335e+01,9.5429e+01,9.5482e+01,9.5635e+01,9.5559e+01,9.5847e+01,9.5710e+01,9.5349e+01,9.5125e+01,9.5030e+01,9.4780e+01,9.4561e+01,9.4651e+01,9.4836e+01,9.5052e+01,9.4894e+01,9.4749e+01,9.4788e+01,9.4948e+01,9.5251e+01,9.5326e+01
9.1021e+01,9.1380e+01,9.1587e+01,9.1823e+01,9.1502e+01,9.1061e+01,9.1166e+01,9.0955e+01,9.1498e+01,9.2104e+01,9.2159e+01,9.3045e+01,9.3178e+01,9.4056e+01,9.3675e+01,9.2997e+01,9.2807e+01,9.3003e+01,9.2516e+01,9.1784e+01,9.1330e+01,9.1188e+01,9.1522e+01,9.1694e+01,9.1976e+01,9.2629e+01,9.2959e+01,9.2695e+01,9.2403e+01,9.1984e+01,9.1606e+01,9.1400e+01,9.0687e+01,9.1320e+01,9.1377e+01,9.1446e+01,9.1163e+01,9.0998e+01,9.0256e+01,8.9626e+01,8.9343e+01,8.8952e+01,8.8782e+01,8.9003e+01,8.9217e+01,8.9587e+01,8.9839e+01,9.0506e+01,9.0155e+01,8.9491e+01,8.9494e+01,8.8983e+01,8.9209e+01,8.9866e+01,9.0410e+01,9.1008e+01,9.1584e+01,9.1794e+01,9.2104e+01,9.1365e+01,9.1361e+01,9.0539e+01,9.0299e+01,8.9901e+01,8.9307e+01,8.8973e+01,8.8644e+01,8.8367e+01,8.8125e+01,8.7923e+01,8.7848e+01,8.7956e+01,8.8040e+01,8.8197e+01,8.8534e+01,8.8558e+01,8.8458e+01,8.8739e+01,8.8580e+01,8.8304e+01,8.8470e+01,8.8362e+01,8.8365e+01,8.8565e+01,8.8394e+01,8.8060e+01,8.7922e+01,8.7824e+01,8.7976e+01,8.8180e+01,8.8528e+01,8.8894e+01,8.9211e+01,8.9531e+01,9.0232e+01,9.0069e+01,8.9635e+01,8.9607e+01,8.9649e+01,8.9265e+01,8.8853e+01,8.8436e+01,8.8399e+01,8.8241e+01,8.8342e+01,8.8497e+01,8.8641e+01,8.8772e+01,8.9039e+01,8.8947e+01,8.9112e+01,8.9122e+01,8.9531e+01,8.9610e+01,8.9624e+01,8.9724e+01,8.9304e+01,8.9096e+01,8.9554e+01,8.9324e+01,8.8950e+01,8.8722e+01,8.8894e+01,8.8575e+01,8.8200e+01,8.8163e+01,8.8394e+01,8.8755e+01,8.9301e+01,8.9743e+01,9.0126e+01,9.0447e+01,9.0284e+01,9.0332e+01,9.0694e+01,9.0933e+01,9.1312e+01,9.1589e+01,9.1936e+01,9.2458e+01,9.2957e+01,9.3331e+01,9.3544e+01,9.3577e+01,9.3765e+01,9.4188e+01,9.4564e+01,9.4730e+01,9.4912e+01,9.5232e+01,9.5793e+01,9.5626e+01,9.5719e+01,9.5768e+01,9.5918e+01,9.5843e+01,9.6129e+01,9.5992e+01,9.5633e+01,9.5412e+01,9.5319e+01,9.5074e+01,9.4855e+01,9.4945e+01,9.5128e+01,9.5345e+01,9.5190e+01,9.5044e+01,9.5085e+01,9.5243e+01,9.5543e+01,9.5616e+01
9.1268e+01,9.1624e+01,9.1830e+01,9.2064e+01,9.1744e+01,9.1305e+01,9.1409e+01,9.1198e+01,9.1738e+01,9.2343e+01,9.2398e+01,9.3282e+01,9.3415e+01,9.4291e+01,9.3912e+01,9.3236e+01,9.3048e+01,9.3244e+01,9.2759e+01,9.2028e+01,9.1576e+01,9.1433e+01,9.1765e+01,9.1936e+01,9.2216e+01,9.2867e+01,9.3196e+01,9.2933e+01,9.2642e+01,9.2225e+01,9.1849e+01,9.1644e+01,9.0934e+01,9.1566e+01,9.1623e+01,9.1693e+01,9.1414e+01,9.1250e+01,9.0510e+01,8.9881e+01,8.9598e+01,8.9209e+01,8.9038e+01,8.9256e+01,8.9469e+01,8.9836e+01,9.0087e+01,9.0751e+01,9.0403e+01,8.9742e+01,8.9745e+01,8.9236e+01,8.9461e+01,9.0114e+01,9.0656e+01,9.1251e+01,9.1825e+01,9.2035e+01,9.2345e+01,9.1609e+01,9.1605e+01,9.0787e+01,9.0547e+01,9.0153e+01,8.9560e+01,8.9230e+01,8.8902e+01,8.8627e+01,8.8386e+01,8.8184e+01,8.8109e+01,8.8217e+01,8.8300e+01,8.8455e+01,8.8791e+01,8.8815e+01,8.8716e+01,8.8997e+01,8.8839e+01,8.8565e+01,8.8731e+01,8.8624e+01,8.8628e+01,8.8829e+01,8.8658e+01,8.8324e+01,8.8185e+01,8.8086e+01,8.8236e+01,8.8439e+01,8.8786e+01,8.9150e+01,8.9467e+01,8.9787e+01,9.0486e+01,9.0324e+01,8.9890e+01,8.9861e+01,8.9901e+01,8.9518e+01,8.9108e+01,8.8693e+01,8.8655e+01,8.8498e+01,8.8600e+01,8.8753e+01,8.8897e+01,8.9028e+01,8.9295e+01,8.9205e+01,8.9370e+01,8.9380e+01,8.9788e+01,8.9868e+01,8.9882e+01,8.9982e+01,8.9563e+01,8.9354e+01,8.9811e+01,8.9581e+01,8.9208e+01,8.8980e+01,8.9151e+01,8.8833e+01,8.8460e+01,8.8423e+01,8.8654e+01,8.9015e+01,8.9559e+01,8.9999e+01,9.0380e+01,9.0700e+01,9.0537e+01,9.0584e+01,9.0947e+01,9.1188e+01,9.1568e+01,9.1846e+01,9.2195e+01,9.2718e+01,9.3218e+01,9.3588e+01,9.3799e+01,9.3831e+01,9.4019e+01,9.4441e+01,9.4817e+01,9.4984e+01,9.5164e+01,9.5484e+01,9.6043e+01,9.5875e+01,9.5967e+01,9.6017e+01,9.6167e+01,9.6094e+01,9.6380e+01,9.6243e+01,9.5886e+01,9.5666e+01,9.5574e+01,9.5332e+01,9.5112e+01,9.5204e+01,9.5389e+01,9.5606e+01,9.5452e+01,9.5308e+01,9.5349e+01,9.5507e+01,9.5808e+01,9.5879e+01
