7.0555e+01,6.9913e+01,7.0083e+01,7.0851e+01,7.0867e+01,7.0883e+01,7.1356e+01,7.2559e+01,7.4901e+01,7.7189e+01,7.7986e+01,7.8260e+01,7.7693e+01,7.9123e+01,7.8762e+01,7.9973e+01,7.9832e+01,7.9102e+01,7.7160e+01,7.6243e+01,7.4586e+01,7.3094e+01,7.3580e+01,7.2303e+01,7.2691e+01,7.1205e+01,7.2300e+01,7.1786e+01,7.2913e+01,7.2847e+01,7.1355e+01,6.9246e+01,6.8214e+01,6.9127e+01,6.8559e+01,6.8242e+01,6.7086e+01,6.6218e+01,6.7692e+01,6.6541e+01,6.8152e+01,6.8659e+01,6.8933e+01,6.6829e+01,6.5436e+01,6.4275e+01,6.3162e+01,6.3558e+01,6.4767e+01,6.5493e+01,6.6944e+01,6.8425e+01,6.9625e+01,6.8885e+01,6.7490e+01,6.8632e+01,7.0101e+01,7.0917e+01,6.9720e+01,6.8335e+01,6.6351e+01,6.4771e+01,6.3253e+01,6.1506e+01,6.1770e+01,6.3423e+01,6.3310e+01,6.1574e+01,6.1357e+01,6.1789e+01,6.0611e+01,6.0768e+01,6.1686e+01,6.1577e+01,6.1098e+01,6.0058e+01,5.9219e+01,5.7968e+01,5.7956e+01,5.8758e+01,5.8672e+01,5.8070e+01,5.8797e+01,5.8247e+01,5.8999e+01,6.0520e+01,6.0991e+01,5.9806e+01,5.8453e+01,5.7455e+01,5.7716e+01,5.8688e+01,5.9423e+01,6.0290e+01,6.1864e+01,6.2381e+01,6.2061e+01,6.3205e+01,6.3307e+01,6.3043e+01,6.3777e+01,6.4176e+01,6.5822e+01,6.5840e+01,6.4377e+01,6.2976e+01,6.1405e+01,6.1200e+01,5.9936e+01,5.9802e+01,5.9306e+01,6.0437e+01,6.0364e+01,6.1262e+01,6.2709e+01,6.4219e+01,6.5208e+01,6.4923e+01,6.6681e+01,6.8016e+01,6.8306e+01,6.6576e+01,6.6477e+01,6.4708e+01,6.4064e+01,6.5580e+01,6.4533e+01,6.5174e+01,6.6240e+01,6.6624e+01,6.7685e+01,6.7627e+01,6.8554e+01,6.8351e+01,6.7282e+01,6.5361e+01,6.3907e+01,6.2294e+01,6.1233e+01,6.0656e+01,5.9387e+01,5.8682e+01,5.7624e+01,5.7913e+01,5.7416e+01,5.7415e+01,5.7804e+01,5.9060e+01,6.0120e+01,6.1152e+01,6.2774e+01,6.4044e+01,6.5135e+01,6.7012e+01,6.8954e+01,6.9055e+01,7.0031e+01,6.9002e+01,6.8385e+01,6.8022e+01,6.8093e+01,6.8953e+01,6.7561e+01,6.6576e+01,6.6706e+01,6.5564e+01,6.5632e+01,6.4433e+01,6.4293e+01,6.4484e+01,6.5404e+01,6.5437e+01
7.0555e+01,6.9913e+01,7.0089e+01,7.0855e+01,7.0875e+01,7.0879e+01,7.1349e+01,7.2564e+01,7.4905e+01,7.7195e+01,7.7987e+01,7.8247e+01,7.7664e+01,7.9087e+01,7.8729e+01,7.9928e+01,7.9774e+01,7.9045e+01,7.7104e+01,7.6203e+01,7.4553e+01,7.3071e+01,7.3571e+01,7.2304e+01,7.2702e+01,7.1214e+01,7.2317e+01,7.1806e+01,7.2938e+01,7.2873e+01,7.1376e+01,6.9262e+01,6.8226e+01,6.9138e+01,6.8564e+01,6.8237e+01,6.7072e+01,6.6209e+01,6.7690e+01,6.6541e+01,6.8156e+01,6.8654e+01,6.8917e+01,6.6807e+01,6.5420e+01,6.4259e+01,6.3151e+01,6.3550e+01,6.4766e+01,6.5489e+01,6.6945e+01,6.8423e+01,6.9627e+01,6.8882e+01,6.7477e+01,6.8614e+01,7.0083e+01,7.0887e+01,6.9676e+01,6.8287e+01,6.6302e+01,6.4722e+01,6.3210e+01,6.1454e+01,6.1740e+01,6.3400e+01,6.3289e+01,6.1552e+01,6.1340e+01,6.1776e+01,6.0586e+01,6.0735e+01,6.1655e+01,6.1534e+01,6.1041e+01,5.9978e+01,5.9140e+01,5.7871e+01,5.7857e+01,5.8658e+01,5.8571e+01,5.7969e+01,5.8715e+01,5.8160e+01,5.8875e+01,6.0400e+01,6.0843e+01,5.9624e+01,5.8244e+01,5.7253e+01,5.7484e+01,5.8530e+01,5.9333e+01,6.0189e+01,6.1750e+01,6.2301e+01,6.2005e+01,6.3169e+01,6.3256e+01,6.2960e+01,6.3668e+01,6.4036e+01,6.5674e+01,6.5689e+01,6.4245e+01,6.2817e+01,6.1222e+01,6.0969e+01,5.9672e+01,5.9500e+01,5.9019e+01,6.0157e+01,6.0098e+01,6.1047e+01,6.2482e+01,6.4019e+01,6.5042e+01,6.4790e+01,6.6561e+01,6.7921e+01,6.8230e+01,6.6512e+01,6.6434e+01,6.4655e+01,6.4005e+01,6.5515e+01,6.4454e+01,6.5071e+01,6.6126e+01,6.6482e+01,6.7547e+01,6.7502e+01,6.8457e+01,6.8264e+01,6.7188e+01,6.5266e+01,6.3793e+01,6.2158e+01,6.1114e+01,6.0531e+01,5.9232e+01,5.8533e+01,5.7470e+01,5.7786e+01,5.7271e+01,5.7288e+01,5.7704e+01,5.8989e+01,6.0073e+01,6.1123e+01,6.2755e+01,6.4037e+01,6.5134e+01,6.7021e+01,6.8970e+01,6.9069e+01,7.0050e+01,6.9014e+01,6.8389e+01,6.8014e+01,6.8081e+01,6.8944e+01,6.7548e+01,6.6566e+01,6.6706e+01,6.5557e+01,6.5616e+01,6.4410e+01,6.4272e+01,6.4464e+01,6.5387e+01,6.5424e+01
7.0533e+01,6.9901e+01,7.0090e+01,7.0858e+01,7.0892e+01,7.0891e+01,7.1372e+01,7.2598e+01,7.4940e+01,7.7228e+01,7.8007e+01,7.8262e+01,7.7666e+01,7.9093e+01,7.8747e+01,7.9948e+01,7.9790e+01,7.9073e+01,7.7140e+01,7.6242e+01,7.4600e+01,7.3112e+01,7.3620e+01,7.2355e+01,7.2761e+01,7.1281e+01,7.2388e+01,7.1866e+01,7.2997e+01,7.2920e+01,7.1414e+01,6.9301e+01,6.8275e+01,6.9201e+01,6.8628e+01,6.8313e+01,6.7144e+01,6.6265e+01,6.7735e+01,6.6573e+01,6.8183e+01,6.8672e+01,6.8916e+01,6.6802e+01,6.5417e+01,6.4267e+01,6.3164e+01,6.3588e+01,6.4813e+01,6.5555e+01,6.7013e+01,6.8503e+01,6.9706e+01,6.8957e+01,6.7555e+01,6.8701e+01,7.0169e+01,7.0978e+01,6.9771e+01,6.8385e+01,6.6396e+01,6.4815e+01,6.3291e+01,6.1525e+01,6.1804e+01,6.3475e+01,6.3359e+01,6.1608e+01,6.1370e+01,6.1798e+01,6.0583e+01,6.0712e+01,6.1643e+01,6.1514e+01,6.0993e+01,5.9902e+01,5.9061e+01,5.7775e+01,5.7748e+01,5.8538e+01,5.8449e+01,5.7852e+01,5.8631e+01,5.8088e+01,5.8781e+01,6.0322e+01,6.0766e+01,5.9538e+01,5.8121e+01,5.7150e+01,5.7452e+01,5.8553e+01,5.9356e+01,6.0177e+01,6.1743e+01,6.2295e+01,6.2029e+01,6.3208e+01,6.3316e+01,6.3015e+01,6.3733e+01,6.4083e+01,6.5707e+01,6.5704e+01,6.4262e+01,6.2814e+01,6.1218e+01,6.0930e+01,5.9593e+01,5.9433e+01,5.9000e+01,6.0165e+01,6.0141e+01,6.1119e+01,6.2546e+01,6.4086e+01,6.5124e+01,6.4875e+01,6.6638e+01,6.8006e+01,6.8306e+01,6.6587e+01,6.6514e+01,6.4743e+01,6.4102e+01,6.5617e+01,6.4558e+01,6.5177e+01,6.6232e+01,6.6584e+01,6.7650e+01,6.7607e+01,6.8566e+01,6.8373e+01,6.7292e+01,6.5367e+01,6.3885e+01,6.2243e+01,6.1197e+01,6.0600e+01,5.9287e+01,5.8571e+01,5.7482e+01,5.7793e+01,5.7252e+01,5.7256e+01,5.7678e+01,5.8983e+01,6.0067e+01,6.1139e+01,6.2779e+01,6.4059e+01,6.5177e+01,6.7063e+01,6.9011e+01,6.9097e+01,7.0070e+01,6.9018e+01,6.8383e+01,6.7996e+01,6.8068e+01,6.8941e+01,6.7542e+01,6.6553e+01,6.6698e+01,6.5534e+01,6.5587e+01,6.4379e+01,6.4245e+01,6.4436e+01,6.5359e+01,6.5399e+01
7.0502e+01,6.9873e+01,7.0061e+01,7.0836e+01,7.0873e+01,7.0874e+01,7.1355e+01,7.2581e+01,7.4924e+01,7.7216e+01,7.7998e+01,7.8249e+01,7.7649e+01,7.9071e+01,7.8725e+01,7.9921e+01,7.9761e+01,7.9046e+01,7.7116e+01,7.6221e+01,7.4580e+01,7.3096e+01,7.3603e+01,7.2336e+01,7.2738e+01,7.1249e+01,7.2352e+01,7.1830e+01,7.2957e+01,7.2879e+01,7.1376e+01,6.9257e+01,6.8225e+01,6.9153e+01,6.8586e+01,6.8266e+01,6.7101e+01,6.6227e+01,6.7707e+01,6.6542e+01,6.8154e+01,6.8651e+01,6.8898e+01,6.6782e+01,6.5389e+01,6.4238e+01,6.3120e+01,6.3540e+01,6.4757e+01,6.5490e+01,6.6943e+01,6.8432e+01,6.9630e+01,6.8867e+01,6.7458e+01,6.8605e+01,7.0069e+01,7.0869e+01,6.9651e+01,6.8269e+01,6.6273e+01,6.4699e+01,6.3174e+01,6.1402e+01,6.1706e+01,6.3390e+01,6.3292e+01,6.1539e+01,6.1314e+01,6.1732e+01,6.0506e+01,6.0623e+01,6.1542e+01,6.1392e+01,6.0868e+01,5.9763e+01,5.8935e+01,5.7645e+01,5.7641e+01,5.8450e+01,5.8382e+01,5.7797e+01,5.8599e+01,5.8065e+01,5.8768e+01,6.0314e+01,6.0758e+01,5.9525e+01,5.8102e+01,5.7133e+01,5.7417e+01,5.8513e+01,5.9329e+01,6.0166e+01,6.1732e+01,6.2289e+01,6.2013e+01,6.3188e+01,6.3285e+01,6.2983e+01,6.3687e+01,6.4040e+01,6.5667e+01,6.5672e+01,6.4238e+01,6.2789e+01,6.1183e+01,6.0884e+01,5.9541e+01,5.9347e+01,5.8915e+01,6.0055e+01,6.0009e+01,6.1001e+01,6.2420e+01,6.3983e+01,6.5028e+01,6.4798e+01,6.6578e+01,6.7950e+01,6.8266e+01,6.6548e+01,6.6470e+01,6.4684e+01,6.4020e+01,6.5528e+01,6.4444e+01,6.5057e+01,6.6122e+01,6.6463e+01,6.7522e+01,6.7472e+01,6.8451e+01,6.8249e+01,6.7148e+01,6.5218e+01,6.3711e+01,6.2059e+01,6.1023e+01,6.0411e+01,5.9074e+01,5.8355e+01,5.7259e+01,5.7588e+01,5.7030e+01,5.7053e+01,5.7506e+01,5.8831e+01,5.9942e+01,6.1034e+01,6.2678e+01,6.3977e+01,6.5099e+01,6.6998e+01,6.8952e+01,6.9036e+01,7.0020e+01,6.8966e+01,6.8316e+01,6.7911e+01,6.7969e+01,6.8843e+01,6.7439e+01,6.6458e+01,6.6620e+01,6.5455e+01,6.5499e+01,6.4294e+01,6.4162e+01,6.4354e+01,6.5281e+01,6.5323e+01
7.0362e+01,6.9728e+01,6.9905e+01,7.0682e+01,7.0711e+01,7.0712e+01,7.1186e+01,7.2411e+01,7.4757e+01,7.7057e+01,7.7849e+01,7.8092e+01,7.7492e+01,7.8905e+01,7.8554e+01,7.9746e+01,7.9587e+01,7.8870e+01,7.6939e+01,7.6044e+01,7.4401e+01,7.2921e+01,7.3425e+01,7.2155e+01,7.2554e+01,7.1051e+01,7.2156e+01,7.1640e+01,7.2771e+01,7.2699e+01,7.1200e+01,6.9070e+01,6.8024e+01,6.8948e+01,6.8381e+01,6.8049e+01,6.6885e+01,6.6020e+01,6.7515e+01,6.6355e+01,6.7976e+01,6.8480e+01,6.8736e+01,6.6617e+01,6.5216e+01,6.4058e+01,6.2928e+01,6.3333e+01,6.4545e+01,6.5264e+01,6.6718e+01,6.8201e+01,6.9401e+01,6.8632e+01,6.7212e+01,6.8352e+01,6.9816e+01,7.0606e+01,6.9374e+01,6.7991e+01,6.5990e+01,6.4419e+01,6.2899e+01,6.1122e+01,6.1450e+01,6.3138e+01,6.3056e+01,6.1303e+01,6.1100e+01,6.1520e+01,6.0296e+01,6.0419e+01,6.1332e+01,6.1176e+01,6.0663e+01,5.9562e+01,5.8740e+01,5.7451e+01,5.7465e+01,5.8288e+01,5.8228e+01,5.7646e+01,5.8444e+01,5.7909e+01,5.8630e+01,6.0175e+01,6.0621e+01,5.9391e+01,5.7981e+01,5.7001e+01,5.7257e+01,5.8323e+01,5.9138e+01,5.9999e+01,6.1565e+01,6.2123e+01,6.1828e+01,6.2995e+01,6.3075e+01,6.2776e+01,6.3468e+01,6.3832e+01,6.5468e+01,6.5486e+01,6.4054e+01,6.2615e+01,6.1007e+01,6.0720e+01,5.9396e+01,5.9185e+01,5.8730e+01,5.9839e+01,5.9757e+01,6.0736e+01,6.2153e+01,6.3728e+01,6.4768e+01,6.4547e+01,6.6342e+01,6.7713e+01,6.8045e+01,6.6327e+01,6.6243e+01,6.4442e+01,6.3758e+01,6.5261e+01,6.4158e+01,6.4766e+01,6.5842e+01,6.6179e+01,6.7231e+01,6.7174e+01,6.8168e+01,6.7960e+01,6.6844e+01,6.4911e+01,6.3390e+01,6.1728e+01,6.0700e+01,6.0084e+01,5.8732e+01,5.8023e+01,5.6934e+01,5.7284e+01,5.6732e+01,5.6777e+01,5.7246e+01,5.8578e+01,5.9710e+01,6.0803e+01,6.2454e+01,6.3765e+01,6.4882e+01,6.6794e+01,6.8757e+01,6.8850e+01,6.9847e+01,6.8796e+01,6.8141e+01,6.7725e+01,6.7772e+01,6.8643e+01,6.7236e+01,6.6266e+01,6.6439e+01,6.5278e+01,6.5314e+01,6.4109e+01,6.3982e+01,6.4178e+01,6.5112e+01,6.5153e+01
7.0404e+01,6.9769e+01,6.9941e+01,7.0718e+01,7.0742e+01,7.0743e+01,7.1209e+01,7.2431e+01,7.4774e+01,7.7075e+01,7.7875e+01,7.8113e+01,7.7515e+01,7.8918e+01,7.8560e+01,7.9744e+01,7.9582e+01,7.8863e+01,7.6933e+01,7.6042e+01,7.4399e+01,7.2930e+01,7.3431e+01,7.2163e+01,7.2558e+01,7.1045e+01,7.2148e+01,7.1641e+01,7.2772e+01,7.2707e+01,7.1215e+01,6.9082e+01,6.8025e+01,6.8940e+01,6.8376e+01,6.8031e+01,6.6871e+01,6.6021e+01,6.7525e+01,6.6373e+01,6.7997e+01,6.8506e+01,6.8768e+01,6.6650e+01,6.5248e+01,6.4087e+01,6.2951e+01,6.3344e+01,6.4546e+01,6.5249e+01,6.6696e+01,6.8167e+01,6.9364e+01,6.8589e+01,6.7161e+01,6.8291e+01,6.9747e+01,7.0520e+01,6.9275e+01,6.7897e+01,6.5902e+01,6.4346e+01,6.2840e+01,6.1070e+01,6.1423e+01,6.3108e+01,6.3041e+01,6.1299e+01,6.1114e+01,6.1530e+01,6.0311e+01,6.0433e+01,6.1335e+01,6.1169e+01,6.0664e+01,5.9562e+01,5.8749e+01,5.7462e+01,5.7490e+01,5.8322e+01,5.8270e+01,5.7690e+01,5.8490e+01,5.7956e+01,5.8674e+01,6.0215e+01,6.0651e+01,5.9416e+01,5.8012e+01,5.7041e+01,5.7281e+01,5.8339e+01,5.9161e+01,6.0028e+01,6.1584e+01,6.2150e+01,6.1849e+01,6.3010e+01,6.3075e+01,6.2771e+01,6.3442e+01,6.3803e+01,6.5436e+01,6.5464e+01,6.4045e+01,6.2610e+01,6.1000e+01,6.0703e+01,5.9384e+01,5.9147e+01,5.8700e+01,5.9777e+01,5.9677e+01,6.0659e+01,6.2051e+01,6.3639e+01,6.4680e+01,6.4483e+01,6.6287e+01,6.7657e+01,6.8008e+01,6.6301e+01,6.6219e+01,6.4411e+01,6.3709e+01,6.5194e+01,6.4072e+01,6.4662e+01,6.5740e+01,6.6060e+01,6.7098e+01,6.7037e+01,6.8051e+01,6.7841e+01,6.6712e+01,6.4786e+01,6.3252e+01,6.1583e+01,6.0581e+01,5.9958e+01,5.8588e+01,5.7891e+01,5.6816e+01,5.7194e+01,5.6639e+01,5.6714e+01,5.7208e+01,5.8547e+01,5.9698e+01,6.0795e+01,6.2443e+01,6.3765e+01,6.4873e+01,6.6792e+01,6.8758e+01,6.8858e+01,6.9867e+01,6.8820e+01,6.8160e+01,6.7735e+01,6.7774e+01,6.8646e+01,6.7237e+01,6.6277e+01,6.6459e+01,6.5302e+01,6.5332e+01,6.4130e+01,6.4005e+01,6.4205e+01,6.5140e+01,6.5179e+01
7.0231e+01,6.9597e+01,6.9774e+01,7.0560e+01,7.0594e+01,7.0601e+01,7.1077e+01,7.2303e+01,7.4658e+01,7.6970e+01,7.7775e+01,7.8015e+01,7.7413e+01,7.8820e+01,7.8464e+01,7.9655e+01,7.9496e+01,7.8779e+01,7.6845e+01,7.5948e+01,7.4299e+01,7.2819e+01,7.3318e+01,7.2040e+01,7.2431e+01,7.0912e+01,7.2012e+01,7.1495e+01,7.2624e+01,7.2550e+01,7.1054e+01,6.8912e+01,6.7855e+01,6.8784e+01,6.8228e+01,6.7891e+01,6.6734e+01,6.5872e+01,6.7377e+01,6.6210e+01,6.7836e+01,6.8352e+01,6.8613e+01,6.6483e+01,6.5067e+01,6.3910e+01,6.2761e+01,6.3166e+01,6.4368e+01,6.5078e+01,6.6523e+01,6.8007e+01,6.9198e+01,6.8406e+01,6.6977e+01,6.8120e+01,6.9574e+01,7.0350e+01,6.9105e+01,6.7736e+01,6.5728e+01,6.4175e+01,6.2654e+01,6.0874e+01,6.1231e+01,6.2935e+01,6.2879e+01,6.1123e+01,6.0925e+01,6.1327e+01,6.0085e+01,6.0188e+01,6.1086e+01,6.0902e+01,6.0384e+01,5.9264e+01,5.8459e+01,5.7168e+01,5.7208e+01,5.8048e+01,5.8011e+01,5.7444e+01,5.8271e+01,5.7752e+01,5.8478e+01,6.0032e+01,6.0485e+01,5.9252e+01,5.7830e+01,5.6859e+01,5.7131e+01,5.8203e+01,5.9016e+01,5.9876e+01,6.1446e+01,6.2003e+01,6.1705e+01,6.2868e+01,6.2946e+01,6.2652e+01,6.3336e+01,6.3702e+01,6.5338e+01,6.5361e+01,6.3933e+01,6.2491e+01,6.0880e+01,6.0580e+01,5.9246e+01,5.9020e+01,5.8583e+01,5.9675e+01,5.9584e+01,6.0567e+01,6.1963e+01,6.3551e+01,6.4590e+01,6.4386e+01,6.6191e+01,6.7559e+01,6.7906e+01,6.6189e+01,6.6097e+01,6.4285e+01,6.3576e+01,6.5067e+01,6.3935e+01,6.4538e+01,6.5631e+01,6.5959e+01,6.6990e+01,6.6915e+01,6.7931e+01,6.7706e+01,6.6561e+01,6.4628e+01,6.3076e+01,6.1408e+01,6.0399e+01,5.9747e+01,5.8361e+01,5.7631e+01,5.6527e+01,5.6901e+01,5.6318e+01,5.6398e+01,5.6913e+01,5.8271e+01,5.9437e+01,6.0558e+01,6.2212e+01,6.3546e+01,6.4671e+01,6.6602e+01,6.8571e+01,6.8664e+01,6.9682e+01,6.8616e+01,6.7942e+01,6.7500e+01,6.7540e+01,6.8426e+01,6.7005e+01,6.6031e+01,6.6221e+01,6.5049e+01,6.5077e+01,6.3878e+01,6.3755e+01,6.3957e+01,6.4898e+01,6.4942e+01
7.0087e+01,6.9445e+01,6.9611e+01,7.0397e+01,7.0422e+01,7.0435e+01,7.0904e+01,7.2125e+01,7.4485e+01,7.6805e+01,7.7624e+01,7.7860e+01,7.7264e+01,7.8661e+01,7.8294e+01,7.9481e+01,7.9322e+01,7.8601e+01,7.6665e+01,7.5768e+01,7.4114e+01,7.2637e+01,7.3132e+01,7.1849e+01,7.2233e+01,7.0700e+01,7.1796e+01,7.1285e+01,7.2413e+01,7.2344e+01,7.0855e+01,6.8702e+01,6.7630e+01,6.8557e+01,6.8006e+01,6.7660e+01,6.6509e+01,6.5656e+01,6.7174e+01,6.6008e+01,6.7642e+01,6.8170e+01,6.8443e+01,6.6307e+01,6.4880e+01,6.3714e+01,6.2548e+01,6.2943e+01,6.4135e+01,6.4832e+01,6.6270e+01,6.7751e+01,6.8937e+01,6.8130e+01,6.6692e+01,6.7835e+01,6.9283e+01,7.0049e+01,6.8794e+01,6.7433e+01,6.5417e+01,6.3877e+01,6.2354e+01,6.0574e+01,6.0956e+01,6.2670e+01,6.2635e+01,6.0881e+01,6.0696e+01,6.1089e+01,5.9842e+01,5.9940e+01,6.0825e+01,6.0623e+01,6.0115e+01,5.8992e+01,5.8198e+01,5.6906e+01,5.6970e+01,5.7828e+01,5.7803e+01,5.7239e+01,5.8074e+01,5.7559e+01,5.8295e+01,5.9855e+01,6.0311e+01,5.9075e+01,5.7651e+01,5.6675e+01,5.6943e+01,5.8006e+01,5.8817e+01,5.9689e+01,6.1262e+01,6.1819e+01,6.1509e+01,6.2665e+01,6.2734e+01,6.2446e+01,6.3123e+01,6.3497e+01,6.5140e+01,6.5172e+01,6.3745e+01,6.2305e+01,6.0690e+01,6.0392e+01,5.9062e+01,5.8826e+01,5.8385e+01,5.9462e+01,5.9355e+01,6.0328e+01,6.1716e+01,6.3311e+01,6.4345e+01,6.4150e+01,6.5966e+01,6.7330e+01,6.7688e+01,6.5971e+01,6.5872e+01,6.4049e+01,6.3320e+01,6.4802e+01,6.3647e+01,6.4248e+01,6.5356e+01,6.5680e+01,6.6695e+01,6.6607e+01,6.7637e+01,6.7401e+01,6.6234e+01,6.4296e+01,6.2719e+01,6.1045e+01,6.0050e+01,5.9368e+01,5.7961e+01,5.7219e+01,5.6116e+01,5.6510e+01,5.5914e+01,5.6033e+01,5.6586e+01,5.7953e+01,5.9148e+01,6.0282e+01,6.1938e+01,6.3292e+01,6.4416e+01,6.6364e+01,6.8341e+01,6.8438e+01,6.9477e+01,6.8407e+01,6.7725e+01,6.7272e+01,6.7304e+01,6.8197e+01,6.6763e+01,6.5786e+01,6.5990e+01,6.4813e+01,6.4839e+01,6.3637e+01,6.3514e+01,6.3718e+01,6.4665e+01,6.4707e+01
7.0054e+01,6.9410e+01,6.9585e+01,7.0374e+01,7.0402e+01,7.0412e+01,7.0883e+01,7.2116e+01,7.4488e+01,7.6820e+01,7.7642e+01,7.7873e+01,7.7265e+01,7.8664e+01,7.8297e+01,7.9482e+01,7.9313e+01,7.8585e+01,7.6641e+01,7.5750e+01,7.4091e+01,7.2614e+01,7.3120e+01,7.1837e+01,7.2227e+01,7.0687e+01,7.1790e+01,7.1278e+01,7.2411e+01,7.2340e+01,7.0843e+01,6.8680e+01,6.7604e+01,6.8535e+01,6.7980e+01,6.7629e+01,6.6468e+01,6.5611e+01,6.7137e+01,6.5966e+01,6.7610e+01,6.8135e+01,6.8402e+01,6.6250e+01,6.4820e+01,6.3650e+01,6.2483e+01,6.2886e+01,6.4089e+01,6.4792e+01,6.6237e+01,6.7724e+01,6.8913e+01,6.8099e+01,6.6654e+01,6.7801e+01,6.9249e+01,7.0013e+01,6.8751e+01,6.7388e+01,6.5367e+01,6.3824e+01,6.2299e+01,6.0513e+01,6.0897e+01,6.2617e+01,6.2577e+01,6.0813e+01,6.0623e+01,6.1022e+01,5.9765e+01,5.9859e+01,6.0749e+01,6.0540e+01,6.0020e+01,5.8881e+01,5.8086e+01,5.6784e+01,5.6842e+01,5.7696e+01,5.7667e+01,5.7098e+01,5.7942e+01,5.7418e+01,5.8141e+01,5.9710e+01,6.0155e+01,5.8902e+01,5.7464e+01,5.6496e+01,5.6766e+01,5.7855e+01,5.8688e+01,5.9556e+01,6.1133e+01,6.1708e+01,6.1410e+01,6.2585e+01,6.2652e+01,6.2346e+01,6.3018e+01,6.3376e+01,6.5018e+01,6.5045e+01,6.3623e+01,6.2162e+01,6.0532e+01,6.0208e+01,5.8857e+01,5.8609e+01,5.8189e+01,5.9269e+01,5.9176e+01,6.0177e+01,6.1556e+01,6.3165e+01,6.4222e+01,6.4044e+01,6.5870e+01,6.7253e+01,6.7621e+01,6.5903e+01,6.5816e+01,6.3983e+01,6.3254e+01,6.4741e+01,6.3579e+01,6.4170e+01,6.5274e+01,6.5582e+01,6.6602e+01,6.6522e+01,6.7570e+01,6.7337e+01,6.6163e+01,6.4222e+01,6.2634e+01,6.0950e+01,5.9963e+01,5.9276e+01,5.7856e+01,5.7113e+01,5.6007e+01,5.6404e+01,5.5789e+01,5.5917e+01,5.6483e+01,5.7862e+01,5.9066e+01,6.0212e+01,6.1876e+01,6.3239e+01,6.4371e+01,6.6329e+01,6.8315e+01,6.8408e+01,6.9452e+01,6.8375e+01,6.7683e+01,6.7221e+01,6.7250e+01,6.8148e+01,6.6705e+01,6.5722e+01,6.5930e+01,6.4740e+01,6.4762e+01,6.3551e+01,6.3430e+01,6.3632e+01,6.4581e+01,6.4624e+01
7.0073e+01,6.9418e+01,6.9582e+01,7.0365e+01,7.0384e+01,7.0392e+01,7.0854e+01,7.2086e+01,7.4458e+01,7.6796e+01,7.7630e+01,7.7853e+01,7.7247e+01,7.8638e+01,7.8261e+01,7.9443e+01,7.9271e+01,7.8536e+01,7.6588e+01,7.5700e+01,7.4037e+01,7.2568e+01,7.3074e+01,7.1793e+01,7.2182e+01,7.0633e+01,7.1736e+01,7.1231e+01,7.2368e+01,7.2305e+01,7.0812e+01,6.8641e+01,6.7553e+01,6.8478e+01,6.7922e+01,6.7561e+01,6.6402e+01,6.5554e+01,6.7089e+01,6.5924e+01,6.7576e+01,6.8103e+01,6.8378e+01,6.6222e+01,6.4790e+01,6.3612e+01,6.2440e+01,6.2833e+01,6.4033e+01,6.4724e+01,6.6167e+01,6.7646e+01,6.8833e+01,6.8011e+01,6.6559e+01,6.7700e+01,6.9141e+01,6.9893e+01,6.8624e+01,6.7267e+01,6.5249e+01,6.3718e+01,6.2201e+01,6.0421e+01,6.0818e+01,6.2536e+01,6.2507e+01,6.0747e+01,6.0568e+01,6.0968e+01,5.9712e+01,5.9808e+01,6.0693e+01,6.0475e+01,5.9961e+01,5.8819e+01,5.8030e+01,5.6727e+01,5.6793e+01,5.7655e+01,5.7628e+01,5.7056e+01,5.7898e+01,5.7369e+01,5.8090e+01,5.9659e+01,6.0097e+01,5.8837e+01,5.7400e+01,5.6435e+01,5.6697e+01,5.7785e+01,5.8625e+01,5.9497e+01,6.1071e+01,6.1653e+01,6.1353e+01,6.2529e+01,6.2587e+01,6.2276e+01,6.2936e+01,6.3292e+01,6.4932e+01,6.4964e+01,6.3548e+01,6.2087e+01,6.0454e+01,6.0123e+01,5.8772e+01,5.8513e+01,5.8099e+01,5.9165e+01,5.9068e+01,6.0071e+01,6.1435e+01,6.3049e+01,6.4108e+01,6.3944e+01,6.5774e+01,6.7160e+01,6.7539e+01,6.5826e+01,6.5741e+01,6.3904e+01,6.3166e+01,6.4644e+01,6.3471e+01,6.4051e+01,6.5156e+01,6.5452e+01,6.6464e+01,6.6382e+01,6.7443e+01,6.7207e+01,6.6023e+01,6.4087e+01,6.2489e+01,6.0803e+01,5.9834e+01,5.9136e+01,5.7707e+01,5.6965e+01,5.5868e+01,5.6277e+01,5.5655e+01,5.5808e+01,5.6394e+01,5.7776e+01,5.8994e+01,6.0145e+01,6.1809e+01,6.3181e+01,6.4308e+01,6.6277e+01,6.8268e+01,6.8370e+01,6.9427e+01,6.8353e+01,6.7661e+01,6.7195e+01,6.7222e+01,6.8121e+01,6.6670e+01,6.5685e+01,6.5898e+01,6.4706e+01,6.4727e+01,6.3512e+01,6.3390e+01,6.3595e+01,6.4550e+01,6.4592e+01
6.9930e+01,6.9269e+01,6.9432e+01,7.0213e+01,7.0222e+01,7.0224e+01,7.0679e+01,7.1919e+01,7.4297e+01,7.6648e+01,7.7488e+01,7.7705e+01,7.7094e+01,7.8483e+01,7.8098e+01,7.9274e+01,7.9091e+01,7.8347e+01,7.6391e+01,7.5510e+01,7.3844e+01,7.2380e+01,7.2892e+01,7.1613e+01,7.2008e+01,7.0448e+01,7.1562e+01,7.1066e+01,7.2214e+01,7.2162e+01,7.0662e+01,6.8478e+01,6.7378e+01,6.8296e+01,6.7729e+01,6.7353e+01,6.6184e+01,6.5343e+01,6.6893e+01,6.5733e+01,6.7399e+01,6.7923e+01,6.8200e+01,6.6036e+01,6.4602e+01,6.3412e+01,6.2239e+01,6.2626e+01,6.3835e+01,6.4521e+01,6.5974e+01,6.7449e+01,6.8647e+01,6.7828e+01,6.6363e+01,6.7495e+01,6.8943e+01,6.9687e+01,6.8402e+01,6.7033e+01,6.5017e+01,6.3482e+01,6.1973e+01,6.0190e+01,6.0595e+01,6.2312e+01,6.2279e+01,6.0518e+01,6.0349e+01,6.0763e+01,5.9511e+01,5.9619e+01,6.0514e+01,6.0303e+01,5.9792e+01,5.8649e+01,5.7849e+01,5.6536e+01,5.6595e+01,5.7458e+01,5.7420e+01,5.6836e+01,5.7670e+01,5.7125e+01,5.7842e+01,5.9412e+01,5.9836e+01,5.8564e+01,5.7128e+01,5.6162e+01,5.6406e+01,5.7497e+01,5.8354e+01,5.9234e+01,6.0804e+01,6.1404e+01,6.1104e+01,6.2290e+01,6.2334e+01,6.2007e+01,6.2652e+01,6.2998e+01,6.4638e+01,6.4675e+01,6.3268e+01,6.1800e+01,6.0158e+01,5.9816e+01,5.8466e+01,5.8189e+01,5.7779e+01,5.8829e+01,5.8729e+01,5.9741e+01,6.1088e+01,6.2714e+01,6.3787e+01,6.3642e+01,6.5483e+01,6.6884e+01,6.7278e+01,6.5570e+01,6.5498e+01,6.3650e+01,6.2908e+01,6.4383e+01,6.3203e+01,6.3764e+01,6.4863e+01,6.5139e+01,6.6153e+01,6.6081e+01,6.7163e+01,6.6937e+01,6.5751e+01,6.3814e+01,6.2209e+01,6.0510e+01,5.9558e+01,5.8868e+01,5.7432e+01,5.6711e+01,5.5632e+01,5.6056e+01,5.5444e+01,5.5605e+01,5.6192e+01,5.7578e+01,5.8804e+01,5.9951e+01,6.1627e+01,6.3005e+01,6.4127e+01,6.6107e+01,6.8113e+01,6.8224e+01,6.9288e+01,6.8213e+01,6.7524e+01,6.7057e+01,6.7079e+01,6.7982e+01,6.6526e+01,6.5543e+01,6.5756e+01,6.4557e+01,6.4574e+01,6.3346e+01,6.3227e+01,6.3435e+01,6.4398e+01,6.4440e+01
6.9748e+01,6.9079e+01,6.9235e+01,7.0013e+01,7.0013e+01,7.0005e+01,7.0453e+01,7.1704e+01,7.4088e+01,7.6450e+01,7.7298e+01,7.7507e+01,7.6891e+01,7.8276e+01,7.7880e+01,7.9051e+01,7.8859e+01,7.8110e+01,7.6148e+01,7.5273e+01,7.3606e+01,7.2144e+01,7.2664e+01,7.1391e+01,7.1795e+01,7.0230e+01,7.1355e+01,7.0864e+01,7.2025e+01,7.1980e+01,7.0472e+01,6.8274e+01,6.7163e+01,6.8079e+01,6.7502e+01,6.7118e+01,6.5938e+01,6.5096e+01,6.6655e+01,6.5497e+01,6.7175e+01,6.7693e+01,6.7966e+01,6.5793e+01,6.4361e+01,6.3159e+01,6.1987e+01,6.2374e+01,6.3595e+01,6.4282e+01,6.5748e+01,6.7227e+01,6.8435e+01,6.7616e+01,6.6140e+01,6.7272e+01,6.8727e+01,6.9468e+01,6.8170e+01,6.6791e+01,6.4770e+01,6.3228e+01,6.1716e+01,5.9922e+01,6.0332e+01,6.2055e+01,6.2017e+01,6.0248e+01,6.0081e+01,6.0506e+01,5.9250e+01,5.9364e+01,6.0269e+01,6.0059e+01,5.9546e+01,5.8391e+01,5.7583e+01,5.6256e+01,5.6311e+01,5.7180e+01,5.7134e+01,5.6537e+01,5.7370e+01,5.6812e+01,5.7520e+01,5.9095e+01,5.9507e+01,5.8222e+01,5.6780e+01,5.5819e+01,5.6060e+01,5.7164e+01,5.8036e+01,5.8916e+01,6.0487e+01,6.1100e+01,6.0807e+01,6.2008e+01,6.2047e+01,6.1706e+01,6.2346e+01,6.2681e+01,6.4321e+01,6.4355e+01,6.2951e+01,6.1471e+01,5.9820e+01,5.9462e+01,5.8101e+01,5.7814e+01,5.7418e+01,5.8468e+01,5.8378e+01,5.9406e+01,6.0748e+01,6.2384e+01,6.3473e+01,6.3339e+01,6.5189e+01,6.6605e+01,6.7005e+01,6.5295e+01,6.5233e+01,6.3376e+01,6.2634e+01,6.4115e+01,6.2929e+01,6.3481e+01,6.4575e+01,6.4839e+01,6.5858e+01,6.5794e+01,6.6892e+01,6.6672e+01,6.5482e+01,6.3540e+01,6.1924e+01,6.0214e+01,5.9269e+01,5.8576e+01,5.7131e+01,5.6410e+01,5.5329e+01,5.5760e+01,5.5142e+01,5.5313e+01,5.5907e+01,5.7305e+01,5.8544e+01,5.9698e+01,6.1388e+01,6.2777e+01,6.3901e+01,6.5895e+01,6.7916e+01,6.8033e+01,6.9103e+01,6.8023e+01,6.7335e+01,6.6869e+01,6.6897e+01,6.7806e+01,6.6340e+01,6.5345e+01,6.5554e+01,6.4344e+01,6.4366e+01,6.3129e+01,6.3005e+01,6.3217e+01,6.4183e+01,6.4220e+01
6.9602e+01,6.8921e+01,6.9065e+01,6.9835e+01,6.9817e+01,6.9797e+01,7.0226e+01,7.1487e+01,7.3871e+01,7.6244e+01,7.7105e+01,7.7300e+01,7.6684e+01,7.8052e+01,7.7636e+01,7.8797e+01,7.8594e+01,7.7838e+01,7.5872e+01,7.5005e+01,7.3339e+01,7.1887e+01,7.2417e+01,7.1155e+01,7.1572e+01,7.0002e+01,7.1141e+01,7.0662e+01,7.1839e+01,7.1810e+01,7.0295e+01,6.8082e+01,6.6959e+01,6.7864e+01,6.7272e+01,6.6876e+01,6.5684e+01,6.4849e+01,6.6417e+01,6.5270e+01,6.6962e+01,6.7470e+01,6.7745e+01,6.5567e+01,6.4143e+01,6.2927e+01,6.1761e+01,6.2139e+01,6.3368e+01,6.4052e+01,6.5529e+01,6.7003e+01,6.8226e+01,6.7414e+01,6.5925e+01,6.7049e+01,6.8514e+01,6.9248e+01,6.7936e+01,6.6545e+01,6.4525e+01,6.2977e+01,6.1472e+01,5.9675e+01,6.0090e+01,6.1809e+01,6.1764e+01,5.9997e+01,5.9840e+01,6.0280e+01,5.9032e+01,5.9163e+01,6.0078e+01,5.9878e+01,5.9373e+01,5.8222e+01,5.7400e+01,5.6064e+01,5.6112e+01,5.6982e+01,5.6921e+01,5.6308e+01,5.7126e+01,5.6553e+01,5.7250e+01,5.8818e+01,5.9213e+01,5.7922e+01,5.6488e+01,5.5534e+01,5.5762e+01,5.6865e+01,5.7748e+01,5.8627e+01,6.0188e+01,6.0814e+01,6.0526e+01,6.1735e+01,6.1763e+01,6.1408e+01,6.2037e+01,6.2360e+01,6.3992e+01,6.4027e+01,6.2633e+01,6.1150e+01,5.9497e+01,5.9129e+01,5.7771e+01,5.7473e+01,5.7088e+01,5.8127e+01,5.8044e+01,5.9080e+01,6.0408e+01,6.2044e+01,6.3144e+01,6.3023e+01,6.4873e+01,6.6299e+01,6.6707e+01,6.5005e+01,6.4955e+01,6.3097e+01,6.2359e+01,6.3838e+01,6.2653e+01,6.3192e+01,6.4275e+01,6.4525e+01,6.5549e+01,6.5498e+01,6.6607e+01,6.6400e+01,6.5214e+01,6.3272e+01,6.1654e+01,5.9937e+01,5.9001e+01,5.8316e+01,5.6875e+01,5.6169e+01,5.5104e+01,5.5542e+01,5.4940e+01,5.5114e+01,5.5704e+01,5.7100e+01,5.8342e+01,5.9489e+01,6.1188e+01,6.2580e+01,6.3699e+01,6.5701e+01,6.7737e+01,6.7867e+01,6.8942e+01,6.7861e+01,6.7184e+01,6.6728e+01,6.6763e+01,6.7675e+01,6.6200e+01,6.5194e+01,6.5393e+01,6.4176e+01,6.4209e+01,6.2964e+01,6.2834e+01,6.3048e+01,6.4017e+01,6.4049e+01
6.9280e+01,6.8600e+01,6.8747e+01,6.9526e+01,6.9513e+01,6.9493e+01,6.9930e+01,7.1197e+01,7.3591e+01,7.5969e+01,7.6828e+01,7.7026e+01,7.6409e+01,7.7782e+01,7.7367e+01,7.8528e+01,7.8324e+01,7.7572e+01,7.5604e+01,7.4734e+01,7.3067e+01,7.1605e+01,7.2140e+01,7.0873e+01,7.1293e+01,6.9722e+01,7.0867e+01,7.0380e+01,7.1562e+01,7.1528e+01,7.0002e+01,6.7780e+01,6.6656e+01,6.7573e+01,6.6980e+01,6.6590e+01,6.5389e+01,6.4542e+01,6.6111e+01,6.4953e+01,6.6651e+01,6.7158e+01,6.7429e+01,6.5239e+01,6.3809e+01,6.2589e+01,6.1419e+01,6.1808e+01,6.3048e+01,6.3744e+01,6.5231e+01,6.6721e+01,6.7950e+01,6.7133e+01,6.5641e+01,6.6781e+01,6.8257e+01,6.9004e+01,6.7693e+01,6.6292e+01,6.4255e+01,6.2691e+01,6.1166e+01,5.9351e+01,5.9760e+01,6.1496e+01,6.1446e+01,5.9662e+01,5.9493e+01,5.9933e+01,5.8670e+01,5.8794e+01,5.9715e+01,5.9509e+01,5.8994e+01,5.7829e+01,5.7004e+01,5.5658e+01,5.5707e+01,5.6582e+01,5.6523e+01,5.5909e+01,5.6739e+01,5.6166e+01,5.6862e+01,5.8440e+01,5.8839e+01,5.7541e+01,5.6092e+01,5.5137e+01,5.5379e+01,5.6498e+01,5.7387e+01,5.8264e+01,5.9835e+01,6.0463e+01,6.0181e+01,6.1400e+01,6.1438e+01,6.1081e+01,6.1721e+01,6.2042e+01,6.3681e+01,6.3710e+01,6.2306e+01,6.0809e+01,5.9147e+01,5.8770e+01,5.7394e+01,5.7100e+01,5.6721e+01,5.7779e+01,5.7709e+01,5.8760e+01,6.0103e+01,6.1749e+01,6.2860e+01,6.2731e+01,6.4588e+01,6.6024e+01,6.6425e+01,6.4709e+01,6.4660e+01,6.2795e+01,6.2060e+01,6.3557e+01,6.2373e+01,6.2923e+01,6.4011e+01,6.4267e+01,6.5306e+01,6.5259e+01,6.6366e+01,6.6161e+01,6.4973e+01,6.3013e+01,6.1387e+01,5.9656e+01,5.8699e+01,5.8007e+01,5.6553e+01,5.5827e+01,5.4739e+01,5.5169e+01,5.4553e+01,5.4720e+01,5.5314e+01,5.6723e+01,5.7972e+01,5.9134e+01,6.0844e+01,6.2244e+01,6.3377e+01,6.5390e+01,6.7435e+01,6.7560e+01,6.8637e+01,6.7542e+01,6.6860e+01,6.6402e+01,6.6445e+01,6.7366e+01,6.5880e+01,6.4859e+01,6.5056e+01,6.3828e+01,6.3866e+01,6.2616e+01,6.2480e+01,6.2694e+01,6.3665e+01,6.3694e+01
6.8759e+01,6.8072e+01,6.8216e+01,6.9000e+01,6.8981e+01,6.8964e+01,6.9398e+01,7.0672e+01,7.3079e+01,7.5470e+01,7.6339e+01,7.6542e+01,7.5935e+01,7.7312e+01,7.6882e+01,7.8043e+01,7.7837e+01,7.7075e+01,7.5096e+01,7.4220e+01,7.2543e+01,7.1073e+01,7.1611e+01,7.0339e+01,7.0762e+01,6.9182e+01,7.0337e+01,6.9849e+01,7.1043e+01,7.1012e+01,6.9475e+01,6.7232e+01,6.6096e+01,6.7019e+01,6.6419e+01,6.6027e+01,6.4815e+01,6.3959e+01,6.5541e+01,6.4375e+01,6.6090e+01,6.6602e+01,6.6878e+01,6.4667e+01,6.3225e+01,6.1988e+01,6.0807e+01,6.1198e+01,6.2451e+01,6.3154e+01,6.4658e+01,6.6163e+01,6.7408e+01,6.6587e+01,6.5078e+01,6.6231e+01,6.7725e+01,6.8482e+01,6.7162e+01,6.5746e+01,6.3686e+01,6.2102e+01,6.0554e+01,5.8715e+01,5.9128e+01,6.0886e+01,6.0834e+01,5.9029e+01,5.8858e+01,5.9302e+01,5.8025e+01,5.8152e+01,5.9085e+01,5.8877e+01,5.8358e+01,5.7178e+01,5.6341e+01,5.4975e+01,5.5026e+01,5.5915e+01,5.5855e+01,5.5232e+01,5.6074e+01,5.5494e+01,5.6197e+01,5.7791e+01,5.8194e+01,5.6886e+01,5.5420e+01,5.4456e+01,5.4706e+01,5.5839e+01,5.6732e+01,5.7616e+01,5.9204e+01,5.9835e+01,5.9549e+01,6.0779e+01,6.0820e+01,6.0463e+01,6.1115e+01,6.1442e+01,6.3097e+01,6.3123e+01,6.1702e+01,6.0194e+01,5.8518e+01,5.8142e+01,5.6750e+01,5.6459e+01,5.6074e+01,5.7153e+01,5.7085e+01,5.8145e+01,5.9512e+01,6.1170e+01,6.2287e+01,6.2146e+01,6.4015e+01,6.5459e+01,6.5854e+01,6.4122e+01,6.4070e+01,6.2192e+01,6.1456e+01,6.2973e+01,6.1784e+01,6.2349e+01,6.3446e+01,6.3715e+01,6.4772e+01,6.4726e+01,6.5832e+01,6.5627e+01,6.4435e+01,6.2450e+01,6.0811e+01,5.9060e+01,5.8078e+01,5.7377e+01,5.5910e+01,5.5168e+01,5.4061e+01,5.4491e+01,5.3871e+01,5.4033e+01,5.4631e+01,5.6056e+01,5.7319e+01,5.8495e+01,6.0225e+01,6.1643e+01,6.2786e+01,6.4819e+01,6.6884e+01,6.7011e+01,6.8098e+01,6.6988e+01,6.6304e+01,6.5850e+01,6.5907e+01,6.6842e+01,6.5336e+01,6.4288e+01,6.4479e+01,6.3235e+01,6.3285e+01,6.2023e+01,6.1879e+01,6.2096e+01,6.3077e+01,6.3100e+01
6.8429e+01,6.7736e+01,6.7872e+01,6.8663e+01,6.8639e+01,6.8629e+01,6.9063e+01,7.0338e+01,7.2761e+01,7.5167e+01,7.6054e+01,7.6264e+01,7.5666e+01,7.7047e+01,7.6606e+01,7.7770e+01,7.7562e+01,7.6785e+01,7.4790e+01,7.3911e+01,7.2221e+01,7.0745e+01,7.1279e+01,6.9996e+01,7.0416e+01,6.8821e+01,6.9978e+01,6.9489e+01,7.0688e+01,7.0659e+01,6.9118e+01,6.6859e+01,6.5710e+01,6.6639e+01,6.6040e+01,6.5645e+01,6.4431e+01,6.3571e+01,6.5165e+01,6.3992e+01,6.5721e+01,6.6241e+01,6.6526e+01,6.4297e+01,6.2840e+01,6.1592e+01,6.0397e+01,6.0788e+01,6.2044e+01,6.2747e+01,6.4256e+01,6.5770e+01,6.7020e+01,6.6187e+01,6.4667e+01,6.5829e+01,6.7328e+01,6.8088e+01,6.6759e+01,6.5340e+01,6.3265e+01,6.1676e+01,6.0116e+01,5.8265e+01,5.8687e+01,6.0462e+01,6.0418e+01,5.8601e+01,5.8431e+01,5.8872e+01,5.7582e+01,5.7705e+01,5.8638e+01,5.8420e+01,5.7898e+01,5.6705e+01,5.5869e+01,5.4494e+01,5.4556e+01,5.5459e+01,5.5407e+01,5.4783e+01,5.5639e+01,5.5061e+01,5.5774e+01,5.7381e+01,5.7794e+01,5.6481e+01,5.5004e+01,5.4030e+01,5.4288e+01,5.5425e+01,5.6318e+01,5.7209e+01,5.8810e+01,5.9438e+01,5.9146e+01,6.0378e+01,6.0420e+01,6.0067e+01,6.0726e+01,6.1061e+01,6.2729e+01,6.2758e+01,6.1325e+01,5.9813e+01,5.8129e+01,5.7759e+01,5.6361e+01,5.6073e+01,5.5678e+01,5.6766e+01,5.6692e+01,5.7749e+01,5.9127e+01,6.0791e+01,6.1905e+01,6.1760e+01,6.3639e+01,6.5083e+01,6.5480e+01,6.3736e+01,6.3678e+01,6.1789e+01,6.1044e+01,6.2568e+01,6.1368e+01,6.1941e+01,6.3051e+01,6.3326e+01,6.4386e+01,6.4333e+01,6.5445e+01,6.5233e+01,6.4029e+01,6.2029e+01,6.0374e+01,5.8613e+01,5.7625e+01,5.6907e+01,5.5429e+01,5.4672e+01,5.3553e+01,5.3983e+01,5.3348e+01,5.3519e+01,5.4135e+01,5.5573e+01,5.6853e+01,5.8044e+01,5.9783e+01,6.1216e+01,6.2369e+01,6.4420e+01,6.6499e+01,6.6629e+01,6.7732e+01,6.6608e+01,6.5918e+01,6.5456e+01,6.5517e+01,6.6465e+01,6.4941e+01,6.3879e+01,6.4074e+01,6.2820e+01,6.2872e+01,6.1601e+01,6.1452e+01,6.1673e+01,6.2663e+01,6.2685e+01
6.8276e+01,6.7575e+01,6.7693e+01,6.8490e+01,6.8457e+01,6.8456e+01,6.8885e+01,7.0154e+01,7.2587e+01,7.5001e+01,7.5904e+01,7.6123e+01,7.5540e+01,7.6924e+01,7.6469e+01,7.7639e+01,7.7440e+01,7.6653e+01,7.4646e+01,7.3755e+01,7.2052e+01,7.0572e+01,7.1095e+01,6.9803e+01,7.0213e+01,6.8605e+01,6.9758e+01,6.9271e+01,7.0470e+01,7.0446e+01,6.8911e+01,6.6640e+01,6.5479e+01,6.6407e+01,6.5815e+01,6.5414e+01,6.4204e+01,6.3350e+01,6.4953e+01,6.3780e+01,6.5517e+01,6.6049e+01,6.6348e+01,6.4110e+01,6.2641e+01,6.1384e+01,6.0175e+01,6.0558e+01,6.1807e+01,6.2502e+01,6.4007e+01,6.5522e+01,6.6769e+01,6.5927e+01,6.4402e+01,6.5567e+01,6.7064e+01,6.7823e+01,6.6491e+01,6.5075e+01,6.2994e+01,6.1410e+01,5.9846e+01,5.7994e+01,5.8427e+01,6.0208e+01,6.0177e+01,5.8361e+01,5.8199e+01,5.8633e+01,5.7341e+01,5.7461e+01,5.8385e+01,5.8156e+01,5.7643e+01,5.6453e+01,5.5625e+01,5.4254e+01,5.4332e+01,5.5249e+01,5.5207e+01,5.4584e+01,5.5443e+01,5.4867e+01,5.5593e+01,5.7204e+01,5.7623e+01,5.6312e+01,5.4835e+01,5.3850e+01,5.4103e+01,5.5230e+01,5.6117e+01,5.7018e+01,5.8623e+01,5.9245e+01,5.8940e+01,6.0165e+01,6.0203e+01,5.9858e+01,6.0516e+01,6.0861e+01,6.2537e+01,6.2573e+01,6.1136e+01,5.9632e+01,5.7948e+01,5.7590e+01,5.6198e+01,5.5909e+01,5.5499e+01,5.6582e+01,5.6494e+01,5.7539e+01,5.8918e+01,6.0583e+01,6.1688e+01,6.1542e+01,6.3427e+01,6.4866e+01,6.5266e+01,6.3519e+01,6.3453e+01,6.1557e+01,6.0801e+01,6.2322e+01,6.1113e+01,6.1690e+01,6.2810e+01,6.3089e+01,6.4144e+01,6.4084e+01,6.5199e+01,6.4980e+01,6.3765e+01,6.1760e+01,6.0095e+01,5.8332e+01,5.7345e+01,5.6613e+01,5.5132e+01,5.4366e+01,5.3247e+01,5.3677e+01,5.3039e+01,5.3227e+01,5.3857e+01,5.5293e+01,5.6586e+01,5.7782e+01,5.9521e+01,6.0966e+01,6.2116e+01,6.4180e+01,6.6265e+01,6.6403e+01,6.7523e+01,6.6397e+01,6.5704e+01,6.5239e+01,6.5297e+01,6.6248e+01,6.4713e+01,6.3648e+01,6.3851e+01,6.2596e+01,6.2651e+01,6.1376e+01,6.1221e+01,6.1448e+01,6.2442e+01,6.2461e+01
6.8096e+01,6.7389e+01,6.7508e+01,6.8305e+01,6.8269e+01,6.8267e+01,6.8695e+01,6.9973e+01,7.2420e+01,7.4851e+01,7.5763e+01,7.5982e+01,7.5396e+01,7.6786e+01,7.6320e+01,7.7484e+01,7.7270e+01,7.6466e+01,7.4442e+01,7.3562e+01,7.1847e+01,7.0371e+01,7.0902e+01,6.9609e+01,7.0025e+01,6.8406e+01,6.9570e+01,6.9086e+01,7.0296e+01,7.0276e+01,6.8730e+01,6.6442e+01,6.5270e+01,6.6201e+01,6.5599e+01,6.5190e+01,6.3966e+01,6.3108e+01,6.4726e+01,6.3549e+01,6.5304e+01,6.5836e+01,6.6137e+01,6.3877e+01,6.2398e+01,6.1127e+01,5.9913e+01,6.0300e+01,6.1564e+01,6.2265e+01,6.3786e+01,6.5308e+01,6.6569e+01,6.5725e+01,6.4186e+01,6.5355e+01,6.6864e+01,6.7623e+01,6.6280e+01,6.4851e+01,6.2760e+01,6.1162e+01,5.9589e+01,5.7721e+01,5.8156e+01,5.9949e+01,5.9911e+01,5.8079e+01,5.7915e+01,5.8360e+01,5.7055e+01,5.7178e+01,5.8116e+01,5.7887e+01,5.7363e+01,5.6155e+01,5.5316e+01,5.3926e+01,5.3996e+01,5.4916e+01,5.4867e+01,5.4236e+01,5.5105e+01,5.4520e+01,5.5239e+01,5.6863e+01,5.7276e+01,5.5949e+01,5.4459e+01,5.3478e+01,5.3736e+01,5.4880e+01,5.5781e+01,5.6684e+01,5.8297e+01,5.8935e+01,5.8635e+01,5.9879e+01,5.9913e+01,5.9554e+01,6.0210e+01,6.0545e+01,6.2223e+01,6.2258e+01,6.0820e+01,5.9299e+01,5.7601e+01,5.7228e+01,5.5821e+01,5.5527e+01,5.5129e+01,5.6218e+01,5.6141e+01,5.7204e+01,5.8584e+01,6.0258e+01,6.1381e+01,6.1242e+01,6.3134e+01,6.4590e+01,6.4996e+01,6.3245e+01,6.3189e+01,6.1283e+01,6.0527e+01,6.2059e+01,6.0847e+01,6.1420e+01,6.2538e+01,6.2808e+01,6.3876e+01,6.3827e+01,6.4953e+01,6.4742e+01,6.3526e+01,6.1508e+01,5.9835e+01,5.8057e+01,5.7063e+01,5.6332e+01,5.4837e+01,5.4069e+01,5.2940e+01,5.3374e+01,5.2727e+01,5.2911e+01,5.3545e+01,5.4998e+01,5.6302e+01,5.7510e+01,5.9268e+01,6.0724e+01,6.1884e+01,6.3964e+01,6.6067e+01,6.6204e+01,6.7330e+01,6.6191e+01,6.5494e+01,6.5022e+01,6.5087e+01,6.6051e+01,6.4501e+01,6.3420e+01,6.3621e+01,6.2346e+01,6.2401e+01,6.1112e+01,6.0962e+01,6.1193e+01,6.2198e+01,6.2227e+01
6.7766e+01,6.7048e+01,6.7165e+01,6.7962e+01,6.7921e+01,6.7924e+01,6.8351e+01,6.9634e+01,7.2100e+01,7.4550e+01,7.5478e+01,7.5699e+01,7.5114e+01,7.6511e+01,7.6033e+01,7.7199e+01,7.6974e+01,7.6157e+01,7.4121e+01,7.3242e+01,7.1512e+01,7.0030e+01,7.0563e+01,6.9261e+01,6.9677e+01,6.8045e+01,6.9216e+01,6.8729e+01,6.9949e+01,6.9930e+01,6.8375e+01,6.6067e+01,6.4883e+01,6.5820e+01,6.5216e+01,6.4804e+01,6.3574e+01,6.2711e+01,6.4343e+01,6.3157e+01,6.4926e+01,6.5466e+01,6.5774e+01,6.3494e+01,6.2001e+01,6.0719e+01,5.9489e+01,5.9878e+01,6.1148e+01,6.1852e+01,6.3381e+01,6.4915e+01,6.6185e+01,6.5328e+01,6.3777e+01,6.4957e+01,6.6473e+01,6.7238e+01,6.5886e+01,6.4451e+01,6.2343e+01,6.0736e+01,5.9147e+01,5.7262e+01,5.7705e+01,5.9516e+01,5.9483e+01,5.7636e+01,5.7472e+01,5.7917e+01,5.6597e+01,5.6719e+01,5.7661e+01,5.7423e+01,5.6898e+01,5.5678e+01,5.4835e+01,5.3432e+01,5.3511e+01,5.4444e+01,5.4400e+01,5.3764e+01,5.4645e+01,5.4055e+01,5.4783e+01,5.6422e+01,5.6838e+01,5.5500e+01,5.3996e+01,5.3004e+01,5.3267e+01,5.4420e+01,5.5328e+01,5.6241e+01,5.7868e+01,5.8511e+01,5.8205e+01,5.9456e+01,5.9489e+01,5.9131e+01,5.9791e+01,6.0132e+01,6.1823e+01,6.1859e+01,6.0411e+01,5.8880e+01,5.7168e+01,5.6794e+01,5.5376e+01,5.5080e+01,5.4675e+01,5.5775e+01,5.5693e+01,5.6762e+01,5.8154e+01,5.9841e+01,6.0968e+01,6.0828e+01,6.2733e+01,6.4196e+01,6.4606e+01,6.2843e+01,6.2786e+01,6.0865e+01,6.0102e+01,6.1644e+01,6.0422e+01,6.1000e+01,6.2127e+01,6.2399e+01,6.3474e+01,6.3423e+01,6.4557e+01,6.4343e+01,6.3115e+01,6.1083e+01,5.9395e+01,5.7603e+01,5.6601e+01,5.5859e+01,5.4350e+01,5.3568e+01,5.2422e+01,5.2860e+01,5.2202e+01,5.2395e+01,5.3043e+01,5.4508e+01,5.5827e+01,5.7048e+01,5.8819e+01,6.0291e+01,6.1461e+01,6.3561e+01,6.5679e+01,6.5816e+01,6.6961e+01,6.5806e+01,6.5103e+01,6.4626e+01,6.4700e+01,6.5681e+01,6.4112e+01,6.3007e+01,6.3210e+01,6.1919e+01,6.1980e+01,6.0682e+01,6.0528e+01,6.0759e+01,6.1776e+01,6.1804e+01
6.7653e+01,6.6926e+01,6.7045e+01,6.7844e+01,6.7799e+01,6.7799e+01,6.8227e+01,6.9525e+01,7.2014e+01,7.4489e+01,7.5424e+01,7.5642e+01,7.5046e+01,7.6450e+01,7.5965e+01,7.7129e+01,7.6885e+01,7.6060e+01,7.4010e+01,7.3136e+01,7.1391e+01,6.9905e+01,7.0449e+01,6.9141e+01,6.9562e+01,6.7915e+01,6.9098e+01,6.8610e+01,6.9843e+01,6.9828e+01,6.8259e+01,6.5930e+01,6.4735e+01,6.5677e+01,6.5064e+01,6.4643e+01,6.3397e+01,6.2530e+01,6.4179e+01,6.2985e+01,6.4773e+01,6.5314e+01,6.5620e+01,6.3316e+01,6.1813e+01,6.0518e+01,5.9280e+01,5.9674e+01,6.0962e+01,6.1672e+01,6.3218e+01,6.4762e+01,6.6045e+01,6.5184e+01,6.3617e+01,6.4803e+01,6.6330e+01,6.7094e+01,6.5726e+01,6.4278e+01,6.2158e+01,6.0538e+01,5.8939e+01,5.7034e+01,5.7482e+01,5.9309e+01,5.9271e+01,5.7406e+01,5.7240e+01,5.7696e+01,5.6362e+01,5.6486e+01,5.7443e+01,5.7203e+01,5.6667e+01,5.5429e+01,5.4576e+01,5.3153e+01,5.3227e+01,5.4165e+01,5.4115e+01,5.3469e+01,5.4359e+01,5.3758e+01,5.4483e+01,5.6137e+01,5.6547e+01,5.5192e+01,5.3674e+01,5.2680e+01,5.2945e+01,5.4116e+01,5.5042e+01,5.5959e+01,5.7597e+01,5.8256e+01,5.7955e+01,5.9227e+01,5.9255e+01,5.8881e+01,5.9538e+01,5.9869e+01,6.1565e+01,6.1599e+01,6.0151e+01,5.8602e+01,5.6875e+01,5.6486e+01,5.5052e+01,5.4750e+01,5.4352e+01,5.5456e+01,5.5379e+01,5.6466e+01,5.7858e+01,5.9558e+01,6.0703e+01,6.0574e+01,6.2493e+01,6.3976e+01,6.4397e+01,6.2630e+01,6.2583e+01,6.0647e+01,5.9882e+01,6.1436e+01,6.0205e+01,6.0777e+01,6.1903e+01,6.2164e+01,6.3248e+01,6.3207e+01,6.4358e+01,6.4152e+01,6.2918e+01,6.0874e+01,5.9172e+01,5.7361e+01,5.6356e+01,5.5610e+01,5.4081e+01,5.3295e+01,5.2136e+01,5.2582e+01,5.1912e+01,5.2111e+01,5.2769e+01,5.4255e+01,5.5589e+01,5.6825e+01,5.8616e+01,6.0101e+01,6.1283e+01,6.3404e+01,6.5541e+01,6.5679e+01,6.6836e+01,6.5666e+01,6.4958e+01,6.4472e+01,6.4552e+01,6.5549e+01,6.3965e+01,6.2844e+01,6.3047e+01,6.1737e+01,6.1795e+01,6.0483e+01,6.0330e+01,6.0563e+01,6.1593e+01,6.1623e+01
6.7190e+01,6.6464e+01,6.6597e+01,6.7403e+01,6.7363e+01,6.7362e+01,6.7796e+01,6.9111e+01,7.1625e+01,7.4123e+01,7.5064e+01,7.5283e+01,7.4676e+01,7.6097e+01,7.5615e+01,7.6792e+01,7.6545e+01,7.5716e+01,7.3643e+01,7.2758e+01,7.0991e+01,6.9488e+01,7.0039e+01,6.8721e+01,6.9147e+01,6.7489e+01,6.8685e+01,6.8193e+01,6.9439e+01,6.9422e+01,6.7836e+01,6.5482e+01,6.4277e+01,6.5232e+01,6.4610e+01,6.4189e+01,6.2927e+01,6.2046e+01,6.3710e+01,6.2500e+01,6.4307e+01,6.4852e+01,6.5155e+01,6.2824e+01,6.1306e+01,5.9997e+01,5.8747e+01,5.9153e+01,6.0460e+01,6.1185e+01,6.2751e+01,6.4316e+01,6.5615e+01,6.4747e+01,6.3166e+01,6.4370e+01,6.5916e+01,6.6694e+01,6.5316e+01,6.3850e+01,6.1704e+01,6.0059e+01,5.8435e+01,5.6500e+01,5.6946e+01,5.8799e+01,5.8755e+01,5.6862e+01,5.6685e+01,5.7146e+01,5.5787e+01,5.5907e+01,5.6879e+01,5.6632e+01,5.6079e+01,5.4814e+01,5.3952e+01,5.2507e+01,5.2581e+01,5.3530e+01,5.3482e+01,5.2832e+01,5.3743e+01,5.3138e+01,5.3868e+01,5.5546e+01,5.5962e+01,5.4589e+01,5.3045e+01,5.2041e+01,5.2320e+01,5.3514e+01,5.4452e+01,5.5377e+01,5.7038e+01,5.7704e+01,5.7405e+01,5.8696e+01,5.8729e+01,5.8350e+01,5.9019e+01,5.9352e+01,6.1068e+01,6.1099e+01,5.9632e+01,5.8060e+01,5.6310e+01,5.5912e+01,5.4453e+01,5.4153e+01,5.3753e+01,5.4881e+01,5.4809e+01,5.5913e+01,5.7326e+01,5.9048e+01,6.0210e+01,6.0077e+01,6.2015e+01,6.3516e+01,6.3936e+01,6.2148e+01,6.2103e+01,6.0148e+01,5.9382e+01,6.0959e+01,5.9723e+01,6.0304e+01,6.1436e+01,6.1701e+01,6.2804e+01,6.2771e+01,6.3930e+01,6.3728e+01,6.2489e+01,6.0419e+01,5.8701e+01,5.6865e+01,5.5836e+01,5.5084e+01,5.3535e+01,5.2730e+01,5.1542e+01,5.1983e+01,5.1295e+01,5.1484e+01,5.2149e+01,5.3657e+01,5.5004e+01,5.6264e+01,5.8080e+01,5.9585e+01,6.0784e+01,6.2927e+01,6.5084e+01,6.5217e+01,6.6386e+01,6.5200e+01,6.4484e+01,6.3995e+01,6.4084e+01,6.5099e+01,6.3497e+01,6.2355e+01,6.2559e+01,6.1225e+01,6.1287e+01,5.9954e+01,5.9799e+01,6.0030e+01,6.1075e+01,6.1106e+01
6.6579e+01,6.5847e+01,6.5996e+01,6.6810e+01,6.6775e+01,6.6770e+01,6.7212e+01,6.8550e+01,7.1094e+01,7.3618e+01,7.4562e+01,7.4781e+01,7.4159e+01,7.5600e+01,7.5117e+01,7.6307e+01,7.6053e+01,7.5213e+01,7.3111e+01,7.2221e+01,7.0433e+01,6.8914e+01,6.9480e+01,6.8153e+01,6.8591e+01,6.6915e+01,6.8130e+01,6.7635e+01,6.8899e+01,6.8881e+01,6.7270e+01,6.4888e+01,6.3672e+01,6.4639e+01,6.4003e+01,6.3577e+01,6.2293e+01,6.1397e+01,6.3081e+01,6.1853e+01,6.3685e+01,6.4229e+01,6.4527e+01,6.2163e+01,6.0630e+01,5.9305e+01,5.8046e+01,5.8465e+01,5.9799e+01,6.0542e+01,6.2135e+01,6.3723e+01,6.5045e+01,6.4175e+01,6.2575e+01,6.3793e+01,6.5366e+01,6.6160e+01,6.4767e+01,6.3272e+01,6.1102e+01,5.9423e+01,5.7774e+01,5.5808e+01,5.6249e+01,5.8127e+01,5.8070e+01,5.6146e+01,5.5959e+01,5.6433e+01,5.5053e+01,5.5176e+01,5.6173e+01,5.5932e+01,5.5363e+01,5.4073e+01,5.3188e+01,5.1716e+01,5.1776e+01,5.2728e+01,5.2672e+01,5.2012e+01,5.2938e+01,5.2324e+01,5.3053e+01,5.4753e+01,5.5170e+01,5.3778e+01,5.2210e+01,5.1204e+01,5.1497e+01,5.2714e+01,5.3666e+01,5.4594e+01,5.6276e+01,5.6954e+01,5.6662e+01,5.7978e+01,5.8015e+01,5.7625e+01,5.8306e+01,5.8636e+01,6.0368e+01,6.0393e+01,5.8909e+01,5.7310e+01,5.5539e+01,5.5129e+01,5.3645e+01,5.3351e+01,5.2956e+01,5.4110e+01,5.4051e+01,5.5176e+01,5.6613e+01,5.8353e+01,5.9535e+01,5.9394e+01,6.1349e+01,6.2873e+01,6.3291e+01,6.1482e+01,6.1444e+01,5.9470e+01,5.8706e+01,6.0310e+01,5.9069e+01,5.9659e+01,6.0798e+01,6.1068e+01,6.2197e+01,6.2174e+01,6.3339e+01,6.3146e+01,6.1906e+01,5.9806e+01,5.8077e+01,5.6212e+01,5.5155e+01,5.4404e+01,5.2838e+01,5.2023e+01,5.0813e+01,5.1253e+01,5.0563e+01,5.0733e+01,5.1391e+01,5.2921e+01,5.4279e+01,5.5555e+01,5.7404e+01,5.8924e+01,6.0142e+01,6.2311e+01,6.4496e+01,6.4628e+01,6.5804e+01,6.4599e+01,6.3878e+01,6.3387e+01,6.3488e+01,6.4522e+01,6.2902e+01,6.1738e+01,6.1940e+01,6.0579e+01,6.0642e+01,5.9282e+01,5.9127e+01,5.9361e+01,6.0421e+01,6.0460e+01
6.6061e+01,6.5313e+01,6.5462e+01,6.6275e+01,6.6229e+01,6.6214e+01,6.6649e+01,6.8002e+01,7.0561e+01,7.3105e+01,7.4060e+01,7.4273e+01,7.3646e+01,7.5087e+01,7.4591e+01,7.5778e+01,7.5512e+01,7.4656e+01,7.2537e+01,7.1650e+01,6.9847e+01,6.8331e+01,6.8908e+01,6.7585e+01,6.8035e+01,6.6347e+01,6.7582e+01,6.7094e+01,6.8378e+01,6.8369e+01,6.6741e+01,6.4335e+01,6.3103e+01,6.4068e+01,6.3414e+01,6.2975e+01,6.1671e+01,6.0773e+01,6.2477e+01,6.1248e+01,6.3105e+01,6.3646e+01,6.3947e+01,6.1559e+01,6.0020e+01,5.8674e+01,5.7409e+01,5.7827e+01,5.9183e+01,5.9931e+01,6.1548e+01,6.3144e+01,6.4488e+01,6.3624e+01,6.2004e+01,6.3224e+01,6.4818e+01,6.5615e+01,6.4207e+01,6.2689e+01,6.0506e+01,5.8805e+01,5.7146e+01,5.5159e+01,5.5598e+01,5.7487e+01,5.7418e+01,5.5478e+01,5.5292e+01,5.5785e+01,5.4399e+01,5.4536e+01,5.5555e+01,5.5324e+01,5.4753e+01,5.3453e+01,5.2543e+01,5.1045e+01,5.1097e+01,5.2060e+01,5.1990e+01,5.1309e+01,5.2233e+01,5.1600e+01,5.2327e+01,5.4038e+01,5.4444e+01,5.3034e+01,5.1458e+01,5.0449e+01,5.0738e+01,5.1969e+01,5.2936e+01,5.3869e+01,5.5557e+01,5.6253e+01,5.5964e+01,5.7299e+01,5.7330e+01,5.6925e+01,5.7606e+01,5.7927e+01,5.9665e+01,5.9686e+01,5.8198e+01,5.6584e+01,5.4800e+01,5.4380e+01,5.2885e+01,5.2589e+01,5.2200e+01,5.3367e+01,5.3320e+01,5.4461e+01,5.5910e+01,5.7657e+01,5.8854e+01,5.8710e+01,6.0673e+01,6.2214e+01,6.2633e+01,6.0817e+01,6.0792e+01,5.8807e+01,5.8048e+01,5.9668e+01,5.8429e+01,5.9019e+01,6.0156e+01,6.0426e+01,6.1575e+01,6.1565e+01,6.2733e+01,6.2551e+01,6.1318e+01,5.9200e+01,5.7469e+01,5.5583e+01,5.4508e+01,5.3769e+01,5.2191e+01,5.1380e+01,5.0156e+01,5.0601e+01,4.9918e+01,5.0075e+01,5.0725e+01,5.2273e+01,5.3641e+01,5.4922e+01,5.6797e+01,5.8327e+01,5.9551e+01,6.1741e+01,6.3952e+01,6.4090e+01,6.5275e+01,6.4066e+01,6.3349e+01,6.2864e+01,6.2973e+01,6.4016e+01,6.2386e+01,6.1206e+01,6.1400e+01,6.0025e+01,6.0092e+01,5.8712e+01,5.8562e+01,5.8803e+01,5.9885e+01,5.9932e+01
6.5628e+01,6.4873e+01,6.5029e+01,6.5844e+01,6.5796e+01,6.5775e+01,6.6210e+01,6.7575e+01,7.0148e+01,7.2707e+01,7.3666e+01,7.3876e+01,7.3240e+01,7.4690e+01,7.4192e+01,7.5383e+01,7.5114e+01,7.4252e+01,7.2120e+01,7.1229e+01,6.9413e+01,6.7890e+01,6.8475e+01,6.7150e+01,6.7610e+01,6.5912e+01,6.7163e+01,6.6677e+01,6.7976e+01,6.7971e+01,6.6326e+01,6.3902e+01,6.2663e+01,6.3631e+01,6.2964e+01,6.2520e+01,6.1200e+01,6.0296e+01,6.2011e+01,6.0777e+01,6.2650e+01,6.3189e+01,6.3489e+01,6.1084e+01,5.9539e+01,5.8181e+01,5.6913e+01,5.7335e+01,5.8707e+01,5.9465e+01,6.1102e+01,6.2710e+01,6.4073e+01,6.3213e+01,6.1579e+01,6.2806e+01,6.4421e+01,6.5226e+01,6.3808e+01,6.2269e+01,6.0073e+01,5.8349e+01,5.6677e+01,5.4671e+01,5.5105e+01,5.7005e+01,5.6924e+01,5.4969e+01,5.4780e+01,5.5284e+01,5.3889e+01,5.4035e+01,5.5070e+01,5.4849e+01,5.4275e+01,5.2968e+01,5.2039e+01,5.0524e+01,5.0566e+01,5.1531e+01,5.1452e+01,5.0761e+01,5.1687e+01,5.1046e+01,5.1772e+01,5.3491e+01,5.3893e+01,5.2473e+01,5.0891e+01,4.9880e+01,5.0172e+01,5.1412e+01,5.2386e+01,5.3320e+01,5.5016e+01,5.5720e+01,5.5433e+01,5.6782e+01,5.6814e+01,5.6402e+01,5.7088e+01,5.7407e+01,5.9152e+01,5.9170e+01,5.7674e+01,5.6047e+01,5.4253e+01,5.3826e+01,5.2319e+01,5.2030e+01,5.1644e+01,5.2828e+01,5.2794e+01,5.3945e+01,5.5411e+01,5.7161e+01,5.8367e+01,5.8215e+01,6.0183e+01,6.1735e+01,6.2149e+01,6.0324e+01,6.0305e+01,5.8313e+01,5.7561e+01,5.9199e+01,5.7965e+01,5.8563e+01,5.9700e+01,5.9977e+01,6.1146e+01,6.1145e+01,6.2310e+01,6.2138e+01,6.0911e+01,5.8775e+01,5.7043e+01,5.5138e+01,5.4041e+01,5.3312e+01,5.1726e+01,5.0914e+01,4.9676e+01,5.0118e+01,4.9441e+01,4.9581e+01,5.0219e+01,5.1775e+01,5.3146e+01,5.4431e+01,5.6325e+01,5.7862e+01,5.9095e+01,6.1299e+01,6.3528e+01,6.3670e+01,6.4856e+01,6.3636e+01,6.2920e+01,6.2436e+01,6.2560e+01,6.3618e+01,6.1980e+01,6.0782e+01,6.0968e+01,5.9576e+01,5.9647e+01,5.8256e+01,5.8105e+01,5.8351e+01,5.9443e+01,5.9493e+01
6.5265e+01,6.4506e+01,6.4671e+01,6.5492e+01,6.5444e+01,6.5424e+01,6.5864e+01,6.7243e+01,6.9839e+01,7.2420e+01,7.3386e+01,7.3597e+01,7.2954e+01,7.4415e+01,7.3913e+01,7.5111e+01,7.4835e+01,7.3967e+01,7.1820e+01,7.0925e+01,6.9095e+01,6.7561e+01,6.8153e+01,6.6816e+01,6.7279e+01,6.5566e+01,6.6827e+01,6.6338e+01,6.7650e+01,6.7643e+01,6.5981e+01,6.3536e+01,6.2288e+01,6.3266e+01,6.2592e+01,6.2147e+01,6.0816e+01,5.9901e+01,6.1629e+01,6.0382e+01,6.2270e+01,6.2813e+01,6.3112e+01,6.0683e+01,5.9124e+01,5.7757e+01,5.6476e+01,5.6908e+01,5.8295e+01,5.9063e+01,6.0716e+01,6.2342e+01,6.3717e+01,6.2853e+01,6.1205e+01,6.2445e+01,6.4078e+01,6.4893e+01,6.3464e+01,6.1910e+01,5.9694e+01,5.7951e+01,5.6257e+01,5.4228e+01,5.4661e+01,5.6583e+01,5.6501e+01,5.4524e+01,5.4326e+01,5.4831e+01,5.3415e+01,5.3556e+01,5.4603e+01,5.4377e+01,5.3791e+01,5.2465e+01,5.1527e+01,4.9995e+01,5.0043e+01,5.1019e+01,5.0943e+01,5.0250e+01,5.1192e+01,5.0551e+01,5.1283e+01,5.3017e+01,5.3428e+01,5.2001e+01,5.0402e+01,4.9385e+01,4.9691e+01,5.0945e+01,5.1923e+01,5.2861e+01,5.4574e+01,5.5281e+01,5.4995e+01,5.6356e+01,5.6395e+01,5.5984e+01,5.6683e+01,5.7007e+01,5.8768e+01,5.8781e+01,5.7268e+01,5.5623e+01,5.3815e+01,5.3383e+01,5.1859e+01,5.1575e+01,5.1190e+01,5.2393e+01,5.2364e+01,5.3525e+01,5.5011e+01,5.6774e+01,5.7989e+01,5.7828e+01,5.9810e+01,6.1373e+01,6.1785e+01,5.9941e+01,5.9919e+01,5.7913e+01,5.7157e+01,5.8814e+01,5.7574e+01,5.8184e+01,5.9334e+01,5.9620e+01,6.0803e+01,6.0802e+01,6.1971e+01,6.1797e+01,6.0564e+01,5.8403e+01,5.6657e+01,5.4732e+01,5.3613e+01,5.2873e+01,5.1271e+01,5.0438e+01,4.9174e+01,4.9604e+01,4.8910e+01,4.9042e+01,4.9692e+01,5.1266e+01,5.2656e+01,5.3963e+01,5.5881e+01,5.7431e+01,5.8684e+01,6.0909e+01,6.3159e+01,6.3302e+01,6.4497e+01,6.3251e+01,6.2527e+01,6.2028e+01,6.2165e+01,6.3253e+01,6.1599e+01,6.0376e+01,6.0562e+01,5.9142e+01,5.9205e+01,5.7799e+01,5.7647e+01,5.7898e+01,5.9009e+01,5.9052e+01
6.5085e+01,6.4320e+01,6.4489e+01,6.5307e+01,6.5255e+01,6.5230e+01,6.5672e+01,6.7066e+01,6.9685e+01,7.2290e+01,7.3262e+01,7.3473e+01,7.2818e+01,7.4291e+01,7.3789e+01,7.4994e+01,7.4710e+01,7.3840e+01,7.1678e+01,7.0778e+01,6.8934e+01,6.7383e+01,6.7982e+01,6.6634e+01,6.7104e+01,6.5377e+01,6.6655e+01,6.6167e+01,6.7500e+01,6.7496e+01,6.5813e+01,6.3346e+01,6.2089e+01,6.3072e+01,6.2383e+01,6.1934e+01,6.0586e+01,5.9661e+01,6.1404e+01,6.0147e+01,6.2053e+01,6.2593e+01,6.2890e+01,6.0438e+01,5.8870e+01,5.7492e+01,5.6207e+01,5.6646e+01,5.8053e+01,5.8832e+01,6.0508e+01,6.2149e+01,6.3548e+01,6.2687e+01,6.1020e+01,6.2270e+01,6.3928e+01,6.4750e+01,6.3304e+01,6.1725e+01,5.9491e+01,5.7723e+01,5.6013e+01,5.3960e+01,5.4391e+01,5.6330e+01,5.6238e+01,5.4242e+01,5.4037e+01,5.4553e+01,5.3125e+01,5.3270e+01,5.4340e+01,5.4123e+01,5.3527e+01,5.2184e+01,5.1222e+01,4.9666e+01,4.9704e+01,5.0681e+01,5.0599e+01,4.9902e+01,5.0854e+01,5.0210e+01,5.0942e+01,5.2689e+01,5.3102e+01,5.1664e+01,5.0053e+01,4.9035e+01,4.9347e+01,5.0613e+01,5.1600e+01,5.2540e+01,5.4267e+01,5.4981e+01,5.4698e+01,5.6075e+01,5.6117e+01,5.5698e+01,5.6405e+01,5.6727e+01,5.8500e+01,5.8511e+01,5.6987e+01,5.5324e+01,5.3501e+01,5.3060e+01,5.1519e+01,5.1235e+01,5.0855e+01,5.2070e+01,5.2047e+01,5.3222e+01,5.4717e+01,5.6494e+01,5.7724e+01,5.7564e+01,5.9560e+01,6.1138e+01,6.1553e+01,5.9696e+01,5.9679e+01,5.7658e+01,5.6902e+01,5.8578e+01,5.7334e+01,5.7948e+01,5.9100e+01,5.9384e+01,6.0584e+01,6.0595e+01,6.1775e+01,6.1612e+01,6.0378e+01,5.8193e+01,5.6436e+01,5.4485e+01,5.3349e+01,5.2608e+01,5.0987e+01,5.0145e+01,4.8862e+01,4.9293e+01,4.8595e+01,4.8722e+01,4.9374e+01,5.0970e+01,5.2376e+01,5.3693e+01,5.5636e+01,5.7198e+01,5.8462e+01,6.0708e+01,6.2984e+01,6.3134e+01,6.4333e+01,6.3060e+01,6.2335e+01,6.1826e+01,6.1983e+01,6.3100e+01,6.1433e+01,6.0180e+01,6.0358e+01,5.8908e+01,5.8967e+01,5.7545e+01,5.7401e+01,5.7667e+01,5.8797e+01,5.8847e+01
6.4710e+01,6.3947e+01,6.4131e+01,6.4957e+01,6.4910e+01,6.4880e+01,6.5329e+01,6.6740e+01,6.9376e+01,7.1996e+01,7.2966e+01,7.3176e+01,7.2510e+01,7.3995e+01,7.3496e+01,7.4706e+01,7.4413e+01,7.3542e+01,7.1370e+01,7.0470e+01,6.8619e+01,6.7056e+01,6.7666e+01,6.6312e+01,6.6790e+01,6.5056e+01,6.6347e+01,6.5854e+01,6.7200e+01,6.7193e+01,6.5490e+01,6.3007e+01,6.1749e+01,6.2742e+01,6.2043e+01,6.1596e+01,6.0233e+01,5.9294e+01,6.1043e+01,5.9773e+01,6.1691e+01,6.2227e+01,6.2516e+01,6.0046e+01,5.8474e+01,5.7091e+01,5.5807e+01,5.6259e+01,5.7683e+01,5.8479e+01,6.0173e+01,6.1832e+01,6.3249e+01,6.2396e+01,6.0721e+01,6.1982e+01,6.3665e+01,6.4502e+01,6.3050e+01,6.1448e+01,5.9201e+01,5.7406e+01,5.5679e+01,5.3606e+01,5.4019e+01,5.5970e+01,5.5864e+01,5.3851e+01,5.3633e+01,5.4155e+01,5.2716e+01,5.2862e+01,5.3949e+01,5.3745e+01,5.3140e+01,5.1793e+01,5.0812e+01,4.9244e+01,4.9268e+01,5.0240e+01,5.0151e+01,4.9451e+01,5.0408e+01,4.9765e+01,5.0488e+01,5.2236e+01,5.2648e+01,5.1211e+01,4.9596e+01,4.8587e+01,4.8912e+01,5.0187e+01,5.1174e+01,5.2105e+01,5.3838e+01,5.4555e+01,5.4282e+01,5.5674e+01,5.5724e+01,5.5301e+01,5.6019e+01,5.6337e+01,5.8115e+01,5.8115e+01,5.6581e+01,5.4903e+01,5.3075e+01,5.2627e+01,5.1075e+01,5.0804e+01,5.0433e+01,5.1668e+01,5.1661e+01,5.2846e+01,5.4357e+01,5.6135e+01,5.7376e+01,5.7206e+01,5.9205e+01,6.0797e+01,6.1206e+01,5.9336e+01,5.9324e+01,5.7299e+01,5.6553e+01,5.8250e+01,5.7016e+01,5.7641e+01,5.8792e+01,5.9082e+01,6.0306e+01,6.0332e+01,6.1508e+01,6.1357e+01,6.0134e+01,5.7929e+01,5.6177e+01,5.4206e+01,5.3041e+01,5.2316e+01,5.0683e+01,4.9835e+01,4.8525e+01,4.8945e+01,4.8246e+01,4.8351e+01,4.8985e+01,5.0585e+01,5.1984e+01,5.3306e+01,5.5267e+01,5.6829e+01,5.8109e+01,6.0365e+01,6.2658e+01,6.2806e+01,6.4005e+01,6.2712e+01,6.1984e+01,6.1468e+01,6.1643e+01,6.2785e+01,6.1110e+01,5.9833e+01,6.0002e+01,5.8527e+01,5.8581e+01,5.7151e+01,5.7008e+01,5.7275e+01,5.8419e+01,5.8471e+01
6.4280e+01,6.3517e+01,6.3710e+01,6.4542e+01,6.4499e+01,6.4471e+01,6.4931e+01,6.6355e+01,6.9015e+01,7.1653e+01,7.2625e+01,7.2841e+01,7.2168e+01,7.3670e+01,7.3174e+01,7.4397e+01,7.4105e+01,7.3237e+01,7.1052e+01,7.0139e+01,6.8275e+01,6.6690e+01,6.7304e+01,6.5933e+01,6.6413e+01,6.4665e+01,6.5965e+01,6.5461e+01,6.6812e+01,6.6798e+01,6.5081e+01,6.2579e+01,6.1316e+01,6.2324e+01,6.1620e+01,6.1171e+01,5.9792e+01,5.8839e+01,6.0607e+01,5.9318e+01,6.1253e+01,6.1795e+01,6.2082e+01,5.9585e+01,5.7993e+01,5.6601e+01,5.5298e+01,5.5762e+01,5.7205e+01,5.8013e+01,5.9726e+01,6.1405e+01,6.2833e+01,6.1971e+01,6.0279e+01,6.1554e+01,6.3251e+01,6.4093e+01,6.2628e+01,6.1014e+01,5.8744e+01,5.6928e+01,5.5176e+01,5.3070e+01,5.3489e+01,5.5473e+01,5.5367e+01,5.3323e+01,5.3099e+01,5.3624e+01,5.2158e+01,5.2302e+01,5.3407e+01,5.3202e+01,5.2581e+01,5.1207e+01,5.0209e+01,4.8614e+01,4.8642e+01,4.9629e+01,4.9546e+01,4.8842e+01,4.9822e+01,4.9178e+01,4.9916e+01,5.1692e+01,5.2117e+01,5.0664e+01,4.9024e+01,4.7998e+01,4.8335e+01,4.9628e+01,5.0622e+01,5.1567e+01,5.3327e+01,5.4049e+01,5.3772e+01,5.5180e+01,5.5233e+01,5.4809e+01,5.5539e+01,5.5865e+01,5.7666e+01,5.7667e+01,5.6112e+01,5.4414e+01,5.2563e+01,5.2113e+01,5.0540e+01,5.0270e+01,4.9890e+01,5.1147e+01,5.1137e+01,5.2334e+01,5.3870e+01,5.5669e+01,5.6918e+01,5.6740e+01,5.8760e+01,6.0365e+01,6.0777e+01,5.8886e+01,5.8872e+01,5.6823e+01,5.6068e+01,5.7787e+01,5.6541e+01,5.7176e+01,5.8343e+01,5.8640e+01,5.9879e+01,5.9903e+01,6.1087e+01,6.0934e+01,5.9702e+01,5.7470e+01,5.5699e+01,5.3702e+01,5.2513e+01,5.1770e+01,5.0108e+01,4.9227e+01,4.7880e+01,4.8291e+01,4.7584e+01,4.7689e+01,4.8339e+01,4.9974e+01,5.1409e+01,5.2756e+01,5.4752e+01,5.6334e+01,5.7635e+01,5.9917e+01,6.2231e+01,6.2379e+01,6.3585e+01,6.2266e+01,6.1524e+01,6.0985e+01,6.1170e+01,6.2342e+01,6.0657e+01,5.9360e+01,5.9528e+01,5.8019e+01,5.8058e+01,5.6611e+01,5.6477e+01,5.6760e+01,5.7932e+01,5.7986e+01
6.3943e+01,6.3188e+01,6.3393e+01,6.4233e+01,6.4196e+01,6.4162e+01,6.4628e+01,6.6065e+01,6.8737e+01,7.1384e+01,7.2354e+01,7.2568e+01,7.1889e+01,7.3398e+01,7.2904e+01,7.4132e+01,7.3846e+01,7.2980e+01,7.0787e+01,6.9867e+01,6.7995e+01,6.6400e+01,6.7022e+01,6.5645e+01,6.6133e+01,6.4375e+01,6.5687e+01,6.5182e+01,6.6546e+01,6.6531e+01,6.4797e+01,6.2282e+01,6.1016e+01,6.2028e+01,6.1312e+01,6.0855e+01,5.9461e+01,5.8504e+01,6.0285e+01,5.8989e+01,6.0936e+01,6.1474e+01,6.1754e+01,5.9242e+01,5.7645e+01,5.6245e+01,5.4941e+01,5.5411e+01,5.6871e+01,5.7684e+01,5.9416e+01,6.1102e+01,6.2548e+01,6.1688e+01,5.9979e+01,6.1253e+01,6.2969e+01,6.3808e+01,6.2325e+01,6.0693e+01,5.8411e+01,5.6580e+01,5.4820e+01,5.2691e+01,5.3120e+01,5.5118e+01,5.5007e+01,5.2946e+01,5.2723e+01,5.3262e+01,5.1786e+01,5.1940e+01,5.3066e+01,5.2870e+01,5.2232e+01,5.0840e+01,4.9827e+01,4.8212e+01,4.8230e+01,4.9220e+01,4.9130e+01,4.8417e+01,4.9402e+01,4.8748e+01,4.9486e+01,5.1271e+01,5.1694e+01,5.0230e+01,4.8581e+01,4.7550e+01,4.7888e+01,4.9188e+01,5.0192e+01,5.1144e+01,5.2913e+01,5.3646e+01,5.3369e+01,5.4793e+01,5.4840e+01,5.4405e+01,5.5134e+01,5.5458e+01,5.7270e+01,5.7271e+01,5.5709e+01,5.3998e+01,5.2136e+01,5.1681e+01,5.0098e+01,4.9829e+01,4.9446e+01,5.0710e+01,5.0701e+01,5.1904e+01,5.3450e+01,5.5258e+01,5.6515e+01,5.6340e+01,5.8373e+01,5.9993e+01,6.0412e+01,5.8512e+01,5.8505e+01,5.6442e+01,5.5688e+01,5.7420e+01,5.6171e+01,5.6803e+01,5.7968e+01,5.8262e+01,5.9517e+01,5.9553e+01,6.0746e+01,6.0605e+01,5.9375e+01,5.7126e+01,5.5347e+01,5.3325e+01,5.2127e+01,5.1383e+01,4.9692e+01,4.8796e+01,4.7423e+01,4.7851e+01,4.7141e+01,4.7275e+01,4.7939e+01,4.9605e+01,5.1055e+01,5.2409e+01,5.4428e+01,5.6015e+01,5.7326e+01,5.9620e+01,6.1949e+01,6.2099e+01,6.3304e+01,6.1962e+01,6.1215e+01,6.0662e+01,6.0859e+01,6.2054e+01,6.0363e+01,5.9051e+01,5.9217e+01,5.7682e+01,5.7711e+01,5.6255e+01,5.6117e+01,5.6395e+01,5.7578e+01,5.7621e+01
6.3520e+01,6.2758e+01,6.2964e+01,6.3810e+01,6.3763e+01,6.3720e+01,6.4184e+01,6.5636e+01,6.8329e+01,7.0998e+01,7.1975e+01,7.2185e+01,7.1498e+01,7.3013e+01,7.2519e+01,7.3756e+01,7.3471e+01,7.2605e+01,7.0393e+01,6.9463e+01,6.7574e+01,6.5964e+01,6.6594e+01,6.5203e+01,6.5697e+01,6.3914e+01,6.5247e+01,6.4748e+01,6.6133e+01,6.6126e+01,6.4374e+01,6.1834e+01,6.0552e+01,6.1561e+01,6.0825e+01,6.0346e+01,5.8934e+01,5.7980e+01,5.9789e+01,5.8492e+01,6.0466e+01,6.1004e+01,6.1288e+01,5.8751e+01,5.7144e+01,5.5722e+01,5.4409e+01,5.4871e+01,5.6350e+01,5.7160e+01,5.8918e+01,6.0611e+01,6.2087e+01,6.1229e+01,5.9486e+01,6.0758e+01,6.2505e+01,6.3339e+01,6.1823e+01,6.0160e+01,5.7860e+01,5.6007e+01,5.4240e+01,5.2082e+01,5.2532e+01,5.4547e+01,5.4435e+01,5.2358e+01,5.2151e+01,5.2712e+01,5.1235e+01,5.1411e+01,5.2562e+01,5.2385e+01,5.1744e+01,5.0341e+01,4.9303e+01,4.7660e+01,4.7667e+01,4.8666e+01,4.8562e+01,4.7827e+01,4.8811e+01,4.8135e+01,4.8880e+01,5.0682e+01,5.1101e+01,4.9617e+01,4.7956e+01,4.6909e+01,4.7234e+01,4.8539e+01,4.9560e+01,5.0533e+01,5.2317e+01,5.3065e+01,5.2779e+01,5.4218e+01,5.4248e+01,5.3802e+01,5.4524e+01,5.4853e+01,5.6684e+01,5.6694e+01,5.5122e+01,5.3398e+01,5.1514e+01,5.1057e+01,4.9464e+01,4.9183e+01,4.8787e+01,5.0054e+01,5.0032e+01,5.1241e+01,5.2797e+01,5.4625e+01,5.5892e+01,5.5724e+01,5.7782e+01,5.9420e+01,5.9854e+01,5.7941e+01,5.7940e+01,5.5852e+01,5.5090e+01,5.6837e+01,5.5578e+01,5.6207e+01,5.7376e+01,5.7665e+01,5.8942e+01,5.8990e+01,6.0201e+01,6.0072e+01,5.8837e+01,5.6561e+01,5.4762e+01,5.2702e+01,5.1491e+01,5.0743e+01,4.9009e+01,4.8101e+01,4.6722e+01,4.7205e+01,4.6517e+01,4.6684e+01,4.7356e+01,4.9053e+01,5.0526e+01,5.1876e+01,5.3926e+01,5.5526e+01,5.6839e+01,5.9159e+01,6.1516e+01,6.1681e+01,6.2896e+01,6.1531e+01,6.0781e+01,6.0214e+01,6.0421e+01,6.1638e+01,5.9940e+01,5.8611e+01,5.8769e+01,5.7212e+01,5.7234e+01,5.5768e+01,5.5638e+01,5.5929e+01,5.7136e+01,5.7184e+01
6.3148e+01,6.2382e+01,6.2588e+01,6.3437e+01,6.3381e+01,6.3329e+01,6.3790e+01,6.5256e+01,6.7960e+01,7.0643e+01,7.1621e+01,7.1826e+01,7.1128e+01,7.2648e+01,7.2157e+01,7.3401e+01,7.3111e+01,7.2246e+01,7.0020e+01,6.9088e+01,6.7190e+01,6.5571e+01,6.6209e+01,6.4814e+01,6.5315e+01,6.3520e+01,6.4868e+01,6.4374e+01,6.5773e+01,6.5772e+01,6.4009e+01,6.1456e+01,6.0165e+01,6.1170e+01,6.0416e+01,5.9922e+01,5.8492e+01,5.7542e+01,5.9368e+01,5.8073e+01,6.0064e+01,6.0596e+01,6.0878e+01,5.8326e+01,5.6719e+01,5.5282e+01,5.3973e+01,5.4431e+01,5.5928e+01,5.6734e+01,5.8510e+01,6.0202e+01,6.1696e+01,6.0841e+01,5.9076e+01,6.0336e+01,6.2097e+01,6.2918e+01,6.1374e+01,5.9695e+01,5.7394e+01,5.5534e+01,5.3775e+01,5.1603e+01,5.2071e+01,5.4089e+01,5.3971e+01,5.1885e+01,5.1689e+01,5.2273e+01,5.0799e+01,5.0995e+01,5.2169e+01,5.2008e+01,5.1362e+01,4.9951e+01,4.8890e+01,4.7222e+01,4.7213e+01,4.8215e+01,4.8092e+01,4.7336e+01,4.8314e+01,4.7619e+01,4.8363e+01,5.0176e+01,5.0588e+01,4.9089e+01,4.7420e+01,4.6362e+01,4.6677e+01,4.7988e+01,4.9025e+01,5.0011e+01,5.1801e+01,5.2564e+01,5.2276e+01,5.3731e+01,5.3744e+01,5.3283e+01,5.3994e+01,5.4320e+01,5.6159e+01,5.6176e+01,5.4604e+01,5.2872e+01,5.0975e+01,5.0513e+01,4.8917e+01,4.8626e+01,4.8222e+01,4.9488e+01,4.9459e+01,5.0671e+01,5.2229e+01,5.4065e+01,5.5338e+01,5.5180e+01,5.7251e+01,5.8903e+01,5.9354e+01,5.7440e+01,5.7449e+01,5.5345e+01,5.4582e+01,5.6331e+01,5.5070e+01,5.5686e+01,5.6848e+01,5.7129e+01,5.8418e+01,5.8477e+01,5.9699e+01,5.9583e+01,5.8351e+01,5.6068e+01,5.4263e+01,5.2180e+01,5.0980e+01,5.0238e+01,4.8467e+01,4.7575e+01,4.6205e+01,4.6763e+01,4.6065e+01,4.6248e+01,4.6922e+01,4.8646e+01,5.0124e+01,5.1468e+01,5.3538e+01,5.5141e+01,5.6451e+01,5.8781e+01,6.1152e+01,6.1327e+01,6.2543e+01,6.1171e+01,6.0426e+01,5.9856e+01,6.0073e+01,6.1302e+01,5.9601e+01,5.8263e+01,5.8414e+01,5.6842e+01,5.6860e+01,5.5388e+01,5.5265e+01,5.5566e+01,5.6786e+01,5.6837e+01
6.2748e+01,6.1955e+01,6.2153e+01,6.3005e+01,6.2931e+01,6.2861e+01,6.3309e+01,6.4793e+01,6.7513e+01,7.0221e+01,7.1214e+01,7.1407e+01,7.0701e+01,7.2219e+01,7.1716e+01,7.2956e+01,7.2648e+01,7.1767e+01,6.9520e+01,6.8594e+01,6.6683e+01,6.5066e+01,6.5719e+01,6.4325e+01,6.4840e+01,6.3028e+01,6.4400e+01,6.3921e+01,6.5347e+01,6.5364e+01,6.3582e+01,6.1005e+01,5.9696e+01,6.0689e+01,5.9908e+01,5.9387e+01,5.7931e+01,5.6991e+01,5.8845e+01,5.7560e+01,5.9579e+01,6.0100e+01,6.0383e+01,5.7810e+01,5.6203e+01,5.4743e+01,5.3437e+01,5.3884e+01,5.5406e+01,5.6207e+01,5.8013e+01,5.9704e+01,6.1227e+01,6.0382e+01,5.8585e+01,5.9834e+01,6.1619e+01,6.2423e+01,6.0838e+01,5.9125e+01,5.6818e+01,5.4942e+01,5.3194e+01,5.1005e+01,5.1493e+01,5.3513e+01,5.3383e+01,5.1289e+01,5.1113e+01,5.1734e+01,5.0271e+01,5.0497e+01,5.1704e+01,5.1571e+01,5.0927e+01,4.9513e+01,4.8416e+01,4.6719e+01,4.6679e+01,4.7677e+01,4.7522e+01,4.6737e+01,4.7696e+01,4.6971e+01,4.7706e+01,4.9525e+01,4.9920e+01,4.8401e+01,4.6730e+01,4.5669e+01,4.5964e+01,4.7282e+01,4.8345e+01,4.9342e+01,5.1130e+01,5.1920e+01,5.1633e+01,5.3110e+01,5.3100e+01,5.2613e+01,5.3306e+01,5.3624e+01,5.5469e+01,5.5490e+01,5.3921e+01,5.2176e+01,5.0266e+01,4.9793e+01,4.8192e+01,4.7886e+01,4.7485e+01,4.8744e+01,4.8714e+01,4.9936e+01,5.1493e+01,5.3344e+01,5.4628e+01,5.4481e+01,5.6571e+01,5.8241e+01,5.8710e+01,5.6793e+01,5.6819e+01,5.4696e+01,5.3931e+01,5.5686e+01,5.4420e+01,5.5013e+01,5.6163e+01,5.6426e+01,5.7733e+01,5.7813e+01,5.9057e+01,5.8965e+01,5.7740e+01,5.5445e+01,5.3632e+01,5.1515e+01,5.0327e+01,4.9604e+01,4.7797e+01,4.6960e+01,4.5643e+01,4.6264e+01,4.5593e+01,4.5760e+01,4.6413e+01,4.8161e+01,4.9645e+01,5.0974e+01,5.3072e+01,5.4677e+01,5.5980e+01,5.8335e+01,6.0735e+01,6.0931e+01,6.2154e+01,6.0769e+01,6.0033e+01,5.9460e+01,5.9683e+01,6.0924e+01,5.9216e+01,5.7867e+01,5.8007e+01,5.6425e+01,5.6439e+01,5.4963e+01,5.4851e+01,5.5168e+01,5.6405e+01,5.6465e+01
6.2364e+01,6.1561e+01,6.1775e+01,6.2625e+01,6.2546e+01,6.2455e+01,6.2897e+01,6.4410e+01,6.7150e+01,6.9884e+01,7.0880e+01,7.1058e+01,7.0330e+01,7.1851e+01,7.1341e+01,7.2576e+01,7.2243e+01,7.1350e+01,6.9084e+01,6.8171e+01,6.6251e+01,6.4632e+01,6.5313e+01,6.3925e+01,6.4465e+01,6.2644e+01,6.4049e+01,6.3576e+01,6.5032e+01,6.5056e+01,6.3244e+01,6.0645e+01,5.9329e+01,6.0322e+01,5.9506e+01,5.8969e+01,5.7473e+01,5.6527e+01,5.8404e+01,5.7117e+01,5.9165e+01,5.9668e+01,5.9941e+01,5.7339e+01,5.5733e+01,5.4251e+01,5.2952e+01,5.3409e+01,5.4973e+01,5.5791e+01,5.7638e+01,5.9344e+01,6.0902e+01,6.0074e+01,5.8250e+01,5.9496e+01,6.1316e+01,6.2119e+01,6.0501e+01,5.8745e+01,5.6428e+01,5.4514e+01,5.2762e+01,5.0535e+01,5.1024e+01,5.3056e+01,5.2895e+01,5.0773e+01,5.0595e+01,5.1256e+01,4.9786e+01,5.0035e+01,5.1287e+01,5.1182e+01,5.0516e+01,4.9082e+01,4.7943e+01,4.6208e+01,4.6132e+01,4.7121e+01,4.6935e+01,4.6121e+01,4.7073e+01,4.6321e+01,4.7037e+01,4.8867e+01,4.9240e+01,4.7698e+01,4.6016e+01,4.4962e+01,4.5255e+01,4.6597e+01,4.7689e+01,4.8686e+01,5.0478e+01,5.1300e+01,5.1032e+01,5.2548e+01,5.2526e+01,5.2004e+01,5.2689e+01,5.2982e+01,5.4825e+01,5.4838e+01,5.3273e+01,5.1501e+01,4.9575e+01,4.9078e+01,4.7460e+01,4.7153e+01,4.6769e+01,4.8041e+01,4.8032e+01,4.9283e+01,5.0850e+01,5.2710e+01,5.4025e+01,5.3881e+01,5.5978e+01,5.7677e+01,5.8156e+01,5.6238e+01,5.6295e+01,5.4157e+01,5.3411e+01,5.5190e+01,5.3940e+01,5.4519e+01,5.5648e+01,5.5907e+01,5.7252e+01,5.7363e+01,5.8613e+01,5.8558e+01,5.7355e+01,5.5043e+01,5.3237e+01,5.1074e+01,4.9869e+01,4.9189e+01,4.7321e+01,4.6528e+01,4.5179e+01,4.5843e+01,4.5170e+01,4.5311e+01,4.5942e+01,4.7731e+01,4.9217e+01,5.0549e+01,5.2688e+01,5.4292e+01,5.5609e+01,5.7982e+01,6.0412e+01,6.0619e+01,6.1834e+01,6.0431e+01,5.9699e+01,5.9121e+01,5.9362e+01,6.0627e+01,5.8912e+01,5.7540e+01,5.7662e+01,5.6049e+01,5.6056e+01,5.4560e+01,5.4468e+01,5.4799e+01,5.6061e+01,5.6129e+01
6.2054e+01,6.1248e+01,6.1470e+01,6.2328e+01,6.2245e+01,6.2152e+01,6.2594e+01,6.4117e+01,6.6869e+01,6.9616e+01,7.0619e+01,7.0799e+01,7.0069e+01,7.1601e+01,7.1088e+01,7.2333e+01,7.2002e+01,7.1098e+01,6.8813e+01,6.7893e+01,6.5958e+01,6.4332e+01,6.5017e+01,6.3622e+01,6.4166e+01,6.2335e+01,6.3750e+01,6.3280e+01,6.4743e+01,6.4769e+01,6.2948e+01,6.0338e+01,5.9019e+01,6.0012e+01,5.9186e+01,5.8641e+01,5.7133e+01,5.6186e+01,5.8074e+01,5.6784e+01,5.8845e+01,5.9348e+01,5.9622e+01,5.7002e+01,5.5388e+01,5.3896e+01,5.2595e+01,5.3058e+01,5.4637e+01,5.5461e+01,5.7322e+01,5.9032e+01,6.0601e+01,5.9774e+01,5.7941e+01,5.9186e+01,6.1013e+01,6.1814e+01,6.0187e+01,5.8422e+01,5.6097e+01,5.4173e+01,5.2423e+01,5.0186e+01,5.0675e+01,5.2712e+01,5.2540e+01,5.0408e+01,5.0226e+01,5.0899e+01,4.9420e+01,4.9671e+01,5.0939e+01,5.0839e+01,5.0161e+01,4.8713e+01,4.7561e+01,4.5810e+01,4.5723e+01,4.6710e+01,4.6517e+01,4.5696e+01,4.6654e+01,4.5896e+01,4.6612e+01,4.8455e+01,4.8829e+01,4.7277e+01,4.5583e+01,4.4524e+01,4.4821e+01,4.6174e+01,4.7275e+01,4.8275e+01,5.0075e+01,5.0905e+01,5.0640e+01,5.2169e+01,5.2143e+01,5.1611e+01,5.2293e+01,5.2581e+01,5.4428e+01,5.4442e+01,5.2875e+01,5.1095e+01,4.9161e+01,4.8661e+01,4.7038e+01,4.6731e+01,4.6345e+01,4.7620e+01,4.7612e+01,4.8867e+01,5.0434e+01,5.2298e+01,5.3620e+01,5.3478e+01,5.5577e+01,5.7278e+01,5.7763e+01,5.5848e+01,5.5915e+01,5.3775e+01,5.3040e+01,5.4826e+01,5.3581e+01,5.4148e+01,5.5265e+01,5.5517e+01,5.6863e+01,5.6985e+01,5.8247e+01,5.8207e+01,5.7006e+01,5.4696e+01,5.2888e+01,5.0716e+01,4.9524e+01,4.8859e+01,4.6994e+01,4.6224e+01,4.4859e+01,4.5515e+01,4.4826e+01,4.4955e+01,4.5580e+01,4.7384e+01,4.8868e+01,5.0205e+01,5.2358e+01,5.3963e+01,5.5290e+01,5.7670e+01,6.0110e+01,6.0318e+01,6.1536e+01,6.0125e+01,5.9392e+01,5.8813e+01,5.9063e+01,6.0336e+01,5.8612e+01,5.7229e+01,5.7349e+01,5.5725e+01,5.5730e+01,5.4223e+01,5.4133e+01,5.4465e+01,5.5735e+01,5.5804e+01
6.1679e+01,6.0873e+01,6.1109e+01,6.1977e+01,6.1900e+01,6.1802e+01,6.2251e+01,6.3788e+01,6.6553e+01,6.9310e+01,7.0310e+01,7.0488e+01,6.9748e+01,7.1288e+01,7.0778e+01,7.2027e+01,7.1693e+01,7.0788e+01,6.8494e+01,6.7573e+01,6.5631e+01,6.3997e+01,6.4693e+01,6.3294e+01,6.3849e+01,6.2014e+01,6.3442e+01,6.2967e+01,6.4441e+01,6.4465e+01,6.2625e+01,6.0005e+01,5.8687e+01,5.9688e+01,5.8850e+01,5.8303e+01,5.6777e+01,5.5821e+01,5.7718e+01,5.6418e+01,5.8489e+01,5.8985e+01,5.9250e+01,5.6612e+01,5.4993e+01,5.3496e+01,5.2199e+01,5.2675e+01,5.4276e+01,5.5113e+01,5.6993e+01,5.8716e+01,6.0299e+01,5.9476e+01,5.7633e+01,5.8883e+01,6.0727e+01,6.1533e+01,5.9891e+01,5.8105e+01,5.5767e+01,5.3824e+01,5.2068e+01,4.9816e+01,5.0302e+01,5.2347e+01,5.2159e+01,5.0011e+01,4.9821e+01,5.0510e+01,4.9023e+01,4.9276e+01,5.0566e+01,5.0478e+01,4.9780e+01,4.8316e+01,4.7145e+01,4.5380e+01,4.5261e+01,4.6226e+01,4.6017e+01,4.5193e+01,4.6159e+01,4.5398e+01,4.6096e+01,4.7947e+01,4.8317e+01,4.6753e+01,4.5048e+01,4.4006e+01,4.4317e+01,4.5687e+01,4.6801e+01,4.7791e+01,4.9597e+01,5.0443e+01,5.0192e+01,5.1743e+01,5.1718e+01,5.1168e+01,5.1850e+01,5.2127e+01,5.3981e+01,5.3986e+01,5.2413e+01,5.0612e+01,4.8667e+01,4.8149e+01,4.6509e+01,4.6210e+01,4.5842e+01,4.7130e+01,4.7140e+01,4.8409e+01,4.9982e+01,5.1853e+01,5.3191e+01,5.3049e+01,5.5158e+01,5.6872e+01,5.7364e+01,5.5444e+01,5.5525e+01,5.3372e+01,5.2643e+01,5.4445e+01,5.3199e+01,5.3756e+01,5.4865e+01,5.5115e+01,5.6479e+01,5.6614e+01,5.7886e+01,5.7862e+01,5.6666e+01,5.4344e+01,5.2534e+01,5.0340e+01,4.9152e+01,4.8515e+01,4.6649e+01,4.5917e+01,4.4554e+01,4.5203e+01,4.4520e+01,4.4615e+01,4.5215e+01,4.7030e+01,4.8503e+01,4.9843e+01,5.2009e+01,5.3613e+01,5.4951e+01,5.7340e+01,5.9792e+01,5.9996e+01,6.1212e+01,5.9783e+01,5.9046e+01,5.8460e+01,5.8720e+01,6.0010e+01,5.8282e+01,5.6884e+01,5.7001e+01,5.5357e+01,5.5356e+01,5.3841e+01,5.3746e+01,5.4073e+01,5.5348e+01,5.5423e+01
6.1081e+01,6.0268e+01,6.0509e+01,6.1379e+01,6.1295e+01,6.1192e+01,6.1642e+01,6.3189e+01,6.5969e+01,6.8739e+01,6.9745e+01,6.9925e+01,6.9182e+01,7.0733e+01,7.0222e+01,7.1480e+01,7.1149e+01,7.0235e+01,6.7924e+01,6.6993e+01,6.5036e+01,6.3392e+01,6.4092e+01,6.2686e+01,6.3245e+01,6.1401e+01,6.2843e+01,6.2371e+01,6.3859e+01,6.3887e+01,6.2033e+01,5.9399e+01,5.8077e+01,5.9078e+01,5.8224e+01,5.7669e+01,5.6124e+01,5.5165e+01,5.7075e+01,5.5772e+01,5.7860e+01,5.8354e+01,5.8619e+01,5.5960e+01,5.4335e+01,5.2824e+01,5.1527e+01,5.2008e+01,5.3629e+01,5.4475e+01,5.6375e+01,5.8106e+01,5.9709e+01,5.8895e+01,5.7038e+01,5.8288e+01,6.0151e+01,6.0959e+01,5.9305e+01,5.7499e+01,5.5150e+01,5.3187e+01,5.1429e+01,4.9160e+01,4.9643e+01,5.1692e+01,5.1489e+01,4.9327e+01,4.9133e+01,4.9840e+01,4.8347e+01,4.8611e+01,4.9926e+01,4.9855e+01,4.9149e+01,4.7679e+01,4.6480e+01,4.4691e+01,4.4547e+01,4.5507e+01,4.5281e+01,4.4445e+01,4.5416e+01,4.4647e+01,4.5346e+01,4.7213e+01,4.7587e+01,4.6011e+01,4.4292e+01,4.3244e+01,4.3560e+01,4.4938e+01,4.6060e+01,4.7055e+01,4.8873e+01,4.9728e+01,4.9477e+01,5.1044e+01,5.1014e+01,5.0451e+01,5.1129e+01,5.1406e+01,5.3272e+01,5.3284e+01,5.1700e+01,4.9890e+01,4.7933e+01,4.7417e+01,4.5770e+01,4.5469e+01,4.5092e+01,4.6383e+01,4.6388e+01,4.7659e+01,4.9234e+01,5.1115e+01,5.2457e+01,5.2318e+01,5.4435e+01,5.6154e+01,5.6660e+01,5.4741e+01,5.4839e+01,5.2677e+01,5.1961e+01,5.3781e+01,5.2540e+01,5.3087e+01,5.4187e+01,5.4424e+01,5.5808e+01,5.5958e+01,5.7251e+01,5.7240e+01,5.6047e+01,5.3717e+01,5.1912e+01,4.9703e+01,4.8521e+01,4.7910e+01,4.6049e+01,4.5330e+01,4.3955e+01,4.4599e+01,4.3922e+01,4.3992e+01,4.4569e+01,4.6396e+01,4.7863e+01,4.9201e+01,5.1386e+01,5.2988e+01,5.4332e+01,5.6730e+01,5.9196e+01,5.9407e+01,6.0623e+01,5.9181e+01,5.8447e+01,5.7861e+01,5.8137e+01,5.9444e+01,5.7713e+01,5.6300e+01,5.6407e+01,5.4748e+01,5.4744e+01,5.3225e+01,5.3134e+01,5.3472e+01,5.4759e+01,5.4839e+01
6.0806e+01,5.9988e+01,6.0228e+01,6.1099e+01,6.1013e+01,6.0910e+01,6.1362e+01,6.2908e+01,6.5686e+01,6.8453e+01,6.9456e+01,6.9640e+01,6.8899e+01,7.0456e+01,6.9949e+01,7.1217e+01,7.0896e+01,6.9983e+01,6.7668e+01,6.6727e+01,6.4767e+01,6.3118e+01,6.3812e+01,6.2407e+01,6.2967e+01,6.1130e+01,6.2571e+01,6.2099e+01,6.3587e+01,6.3617e+01,6.1762e+01,5.9132e+01,5.7815e+01,5.8814e+01,5.7960e+01,5.7411e+01,5.5870e+01,5.4909e+01,5.6807e+01,5.5505e+01,5.7586e+01,5.8075e+01,5.8335e+01,5.5680e+01,5.4063e+01,5.2560e+01,5.1275e+01,5.1763e+01,5.3383e+01,5.4233e+01,5.6129e+01,5.7855e+01,5.9456e+01,5.8651e+01,5.6803e+01,5.8051e+01,5.9910e+01,6.0721e+01,5.9079e+01,5.7280e+01,5.4942e+01,5.2985e+01,5.1231e+01,4.8979e+01,4.9440e+01,5.1474e+01,5.1262e+01,4.9110e+01,4.8904e+01,4.9610e+01,4.8125e+01,4.8387e+01,4.9704e+01,4.9643e+01,4.8937e+01,4.7476e+01,4.6273e+01,4.4492e+01,4.4332e+01,4.5272e+01,4.5036e+01,4.4204e+01,4.5169e+01,4.4412e+01,4.5096e+01,4.6953e+01,4.7331e+01,4.5769e+01,4.4054e+01,4.3022e+01,4.3357e+01,4.4739e+01,4.5847e+01,4.6819e+01,4.8628e+01,4.9472e+01,4.9233e+01,5.0794e+01,5.0780e+01,5.0227e+01,5.0921e+01,5.1199e+01,5.3061e+01,5.3061e+01,5.1468e+01,4.9661e+01,4.7718e+01,4.7205e+01,4.5555e+01,4.5278e+01,4.4912e+01,4.6223e+01,4.6249e+01,4.7522e+01,4.9107e+01,5.0975e+01,5.2315e+01,5.2156e+01,5.4256e+01,5.5967e+01,5.6431e+01,5.4510e+01,5.4600e+01,5.2465e+01,5.1765e+01,5.3584e+01,5.2354e+01,5.2915e+01,5.4024e+01,5.4277e+01,5.5646e+01,5.5777e+01,5.7056e+01,5.7031e+01,5.5838e+01,5.3518e+01,5.1721e+01,4.9537e+01,4.8362e+01,4.7753e+01,4.5925e+01,4.5206e+01,4.3839e+01,4.4464e+01,4.3799e+01,4.3853e+01,4.4410e+01,4.6219e+01,4.7665e+01,4.8993e+01,5.1165e+01,5.2755e+01,5.4093e+01,5.6480e+01,5.8939e+01,5.9146e+01,6.0357e+01,5.8920e+01,5.8192e+01,5.7619e+01,5.7900e+01,5.9202e+01,5.7473e+01,5.6059e+01,5.6164e+01,5.4509e+01,5.4511e+01,5.2998e+01,5.2894e+01,5.3224e+01,5.4493e+01,5.4569e+01
6.0520e+01,5.9697e+01,5.9929e+01,6.0800e+01,6.0709e+01,6.0600e+01,6.1049e+01,6.2598e+01,6.5372e+01,6.8138e+01,6.9141e+01,6.9324e+01,6.8583e+01,7.0139e+01,6.9631e+01,7.0900e+01,7.0583e+01,6.9666e+01,6.7350e+01,6.6406e+01,6.4446e+01,6.2800e+01,6.3493e+01,6.2095e+01,6.2660e+01,6.0833e+01,6.2275e+01,6.1805e+01,6.3295e+01,6.3330e+01,6.1473e+01,5.8848e+01,5.7535e+01,5.8531e+01,5.7675e+01,5.7132e+01,5.5591e+01,5.4625e+01,5.6512e+01,5.5213e+01,5.7289e+01,5.7768e+01,5.8023e+01,5.5371e+01,5.3763e+01,5.2265e+01,5.0993e+01,5.1488e+01,5.3112e+01,5.3970e+01,5.5865e+01,5.7588e+01,5.9188e+01,5.8394e+01,5.6552e+01,5.7795e+01,5.9649e+01,6.0461e+01,5.8827e+01,5.7036e+01,5.4708e+01,5.2757e+01,5.1005e+01,4.8762e+01,4.9205e+01,5.1229e+01,5.1004e+01,4.8856e+01,4.8638e+01,4.9348e+01,4.7868e+01,4.8132e+01,4.9457e+01,4.9409e+01,4.8703e+01,4.7250e+01,4.6033e+01,4.4250e+01,4.4071e+01,4.4998e+01,4.4746e+01,4.3910e+01,4.4870e+01,4.4117e+01,4.4787e+01,4.6637e+01,4.7016e+01,4.5462e+01,4.3748e+01,4.2733e+01,4.3088e+01,4.4476e+01,4.5576e+01,4.6526e+01,4.8330e+01,4.9168e+01,4.8945e+01,5.0508e+01,5.0511e+01,4.9957e+01,5.0665e+01,5.0933e+01,5.2782e+01,5.2769e+01,5.1175e+01,4.9369e+01,4.7439e+01,4.6929e+01,4.5276e+01,4.5024e+01,4.4669e+01,4.5999e+01,4.6044e+01,4.7315e+01,4.8903e+01,5.0754e+01,5.2089e+01,5.1920e+01,5.4000e+01,5.5707e+01,5.6153e+01,5.4242e+01,5.4336e+01,5.2218e+01,5.1530e+01,5.3349e+01,5.2130e+01,5.2693e+01,5.3798e+01,5.4052e+01,5.5412e+01,5.5538e+01,5.6810e+01,5.6783e+01,5.5596e+01,5.3291e+01,5.1509e+01,4.9347e+01,4.8172e+01,4.7570e+01,4.5764e+01,4.5041e+01,4.3672e+01,4.4281e+01,4.3621e+01,4.3659e+01,4.4199e+01,4.6002e+01,4.7434e+01,4.8755e+01,5.0923e+01,5.2502e+01,5.3838e+01,5.6215e+01,5.8670e+01,5.8875e+01,6.0077e+01,5.8642e+01,5.7922e+01,5.7360e+01,5.7646e+01,5.8942e+01,5.7218e+01,5.5804e+01,5.5902e+01,5.4251e+01,5.4255e+01,5.2748e+01,5.2642e+01,5.2976e+01,5.4236e+01,5.4314e+01
6.0262e+01,5.9450e+01,5.9700e+01,6.0577e+01,6.0497e+01,6.0390e+01,6.0855e+01,6.2413e+01,6.5200e+01,6.7973e+01,6.8969e+01,6.9157e+01,6.8409e+01,6.9980e+01,6.9480e+01,7.0759e+01,7.0446e+01,6.9533e+01,6.7212e+01,6.6259e+01,6.4294e+01,6.2633e+01,6.3329e+01,6.1923e+01,6.2493e+01,6.0666e+01,6.2116e+01,6.1632e+01,6.3125e+01,6.3149e+01,6.1276e+01,5.8644e+01,5.7339e+01,5.8352e+01,5.7493e+01,5.6963e+01,5.5414e+01,5.4428e+01,5.6313e+01,5.4996e+01,5.7073e+01,5.7553e+01,5.7800e+01,5.5135e+01,5.3516e+01,5.2021e+01,5.0744e+01,5.1260e+01,5.2898e+01,5.3778e+01,5.5685e+01,5.7428e+01,5.9033e+01,5.8237e+01,5.6398e+01,5.7661e+01,5.9528e+01,6.0359e+01,5.8732e+01,5.6932e+01,5.4587e+01,5.2613e+01,5.0833e+01,4.8566e+01,4.8994e+01,5.1040e+01,5.0805e+01,4.8634e+01,4.8394e+01,4.9098e+01,4.7593e+01,4.7841e+01,4.9176e+01,4.9122e+01,4.8391e+01,4.6912e+01,4.5692e+01,4.3896e+01,4.3715e+01,4.4639e+01,4.4397e+01,4.3572e+01,4.4558e+01,4.3814e+01,4.4485e+01,4.6350e+01,4.6739e+01,4.5180e+01,4.3446e+01,4.2431e+01,4.2807e+01,4.4218e+01,4.5323e+01,4.6269e+01,4.8092e+01,4.8928e+01,4.8715e+01,5.0292e+01,5.0315e+01,4.9766e+01,5.0501e+01,5.0771e+01,5.2636e+01,5.2607e+01,5.0989e+01,4.9157e+01,4.7213e+01,4.6692e+01,4.5013e+01,4.4773e+01,4.4425e+01,4.5783e+01,4.5839e+01,4.7137e+01,4.8751e+01,5.0625e+01,5.1985e+01,5.1805e+01,5.3901e+01,5.5630e+01,5.6055e+01,5.4110e+01,5.4195e+01,5.2074e+01,5.1389e+01,5.3235e+01,5.2013e+01,5.2601e+01,5.3725e+01,5.3993e+01,5.5365e+01,5.5486e+01,5.6754e+01,5.6717e+01,5.5519e+01,5.3190e+01,5.1389e+01,4.9209e+01,4.8003e+01,4.7377e+01,4.5544e+01,4.4787e+01,4.3384e+01,4.3985e+01,4.3299e+01,4.3335e+01,4.3886e+01,4.5709e+01,4.7150e+01,4.8494e+01,5.0676e+01,5.2261e+01,5.3621e+01,5.6004e+01,5.8467e+01,5.8660e+01,5.9858e+01,5.8405e+01,5.7671e+01,5.7092e+01,5.7385e+01,5.8701e+01,5.6970e+01,5.5544e+01,5.5651e+01,5.3977e+01,5.3967e+01,5.2446e+01,5.2334e+01,5.2662e+01,5.3928e+01,5.4002e+01
5.9657e+01,5.8845e+01,5.9096e+01,5.9985e+01,5.9910e+01,5.9808e+01,6.0287e+01,6.1854e+01,6.4663e+01,6.7451e+01,6.8450e+01,6.8650e+01,6.7902e+01,6.9493e+01,6.8995e+01,7.0296e+01,6.9995e+01,6.9080e+01,6.6744e+01,6.5770e+01,6.3789e+01,6.2106e+01,6.2796e+01,6.1371e+01,6.1940e+01,6.0104e+01,6.1561e+01,6.1062e+01,6.2559e+01,6.2573e+01,6.0687e+01,5.8039e+01,5.6733e+01,5.7765e+01,5.6907e+01,5.6387e+01,5.4828e+01,5.3818e+01,5.5712e+01,5.4372e+01,5.6461e+01,5.6950e+01,5.7199e+01,5.4508e+01,5.2864e+01,5.1364e+01,5.0069e+01,5.0603e+01,5.2257e+01,5.3158e+01,5.5079e+01,5.6850e+01,5.8463e+01,5.7658e+01,5.5813e+01,5.7100e+01,5.8985e+01,5.9834e+01,5.8205e+01,5.6392e+01,5.4019e+01,5.2019e+01,5.0205e+01,4.7904e+01,4.8328e+01,5.0406e+01,5.0168e+01,4.7964e+01,4.7707e+01,4.8407e+01,4.6872e+01,4.7109e+01,4.8456e+01,4.8393e+01,4.7645e+01,4.6141e+01,4.4913e+01,4.3098e+01,4.2923e+01,4.3862e+01,4.3629e+01,4.2807e+01,4.3819e+01,4.3080e+01,4.3774e+01,4.5670e+01,4.6085e+01,4.4513e+01,4.2746e+01,4.1705e+01,4.2099e+01,4.3533e+01,4.4643e+01,4.5601e+01,4.7461e+01,4.8291e+01,4.8075e+01,4.9666e+01,4.9709e+01,4.9168e+01,4.9933e+01,5.0219e+01,5.2120e+01,5.2085e+01,5.0426e+01,4.8573e+01,4.6603e+01,4.6091e+01,4.4385e+01,4.4149e+01,4.3777e+01,4.5165e+01,4.5209e+01,4.6524e+01,4.8176e+01,5.0088e+01,5.1462e+01,5.1269e+01,5.3397e+01,5.5145e+01,5.5563e+01,5.3578e+01,5.3651e+01,5.1504e+01,5.0808e+01,5.2687e+01,5.1447e+01,5.2059e+01,5.3211e+01,5.3494e+01,5.4882e+01,5.4998e+01,5.6269e+01,5.6222e+01,5.5010e+01,5.2646e+01,5.0820e+01,4.8608e+01,4.7368e+01,4.6719e+01,4.4847e+01,4.4055e+01,4.2609e+01,4.3208e+01,4.2487e+01,4.2523e+01,4.3094e+01,4.4948e+01,4.6409e+01,4.7782e+01,4.9988e+01,5.1589e+01,5.2975e+01,5.5375e+01,5.7856e+01,5.8046e+01,5.9251e+01,5.7775e+01,5.7022e+01,5.6418e+01,5.6713e+01,5.8050e+01,5.6309e+01,5.4872e+01,5.4989e+01,5.3294e+01,5.3269e+01,5.1741e+01,5.1631e+01,5.1968e+01,5.3247e+01,5.3320e+01
5.9295e+01,5.8489e+01,5.8753e+01,5.9644e+01,5.9577e+01,5.9472e+01,5.9963e+01,6.1544e+01,6.4367e+01,6.7164e+01,6.8157e+01,6.8360e+01,6.7603e+01,6.9208e+01,6.8719e+01,7.0030e+01,6.9732e+01,6.8824e+01,6.6484e+01,6.5501e+01,6.3516e+01,6.1814e+01,6.2509e+01,6.1075e+01,6.1655e+01,5.9820e+01,6.1290e+01,6.0775e+01,6.2277e+01,6.2280e+01,6.0378e+01,5.7722e+01,5.6423e+01,5.7470e+01,5.6607e+01,5.6101e+01,5.4527e+01,5.3491e+01,5.5385e+01,5.4026e+01,5.6121e+01,5.6604e+01,5.6841e+01,5.4130e+01,5.2479e+01,5.0981e+01,4.9687e+01,5.0244e+01,5.1919e+01,5.2845e+01,5.4783e+01,5.6578e+01,5.8202e+01,5.7395e+01,5.5548e+01,5.6856e+01,5.8757e+01,5.9625e+01,5.7998e+01,5.6173e+01,5.3778e+01,5.1754e+01,4.9911e+01,4.7585e+01,4.7994e+01,5.0092e+01,4.9839e+01,4.7609e+01,4.7329e+01,4.8029e+01,4.6472e+01,4.6700e+01,4.8063e+01,4.7998e+01,4.7228e+01,4.5703e+01,4.4466e+01,4.2637e+01,4.2453e+01,4.3387e+01,4.3153e+01,4.2334e+01,4.3362e+01,4.2632e+01,4.3320e+01,4.5228e+01,4.5654e+01,4.4082e+01,4.2298e+01,4.1260e+01,4.1677e+01,4.3131e+01,4.4244e+01,4.5193e+01,4.7072e+01,4.7901e+01,4.7700e+01,4.9311e+01,4.9379e+01,4.8837e+01,4.9632e+01,4.9919e+01,5.1841e+01,5.1790e+01,5.0099e+01,4.8218e+01,4.6235e+01,4.5719e+01,4.3988e+01,4.3766e+01,4.3394e+01,4.4811e+01,4.4863e+01,4.6202e+01,4.7881e+01,4.9817e+01,5.1212e+01,5.1010e+01,5.3159e+01,5.4930e+01,5.5338e+01,5.3320e+01,5.3388e+01,5.1228e+01,5.0534e+01,5.2441e+01,5.1197e+01,5.1826e+01,5.2990e+01,5.3279e+01,5.4683e+01,5.4801e+01,5.6075e+01,5.6025e+01,5.4807e+01,5.2421e+01,5.0584e+01,4.8355e+01,4.7086e+01,4.6426e+01,4.4535e+01,4.3713e+01,4.2233e+01,4.2819e+01,4.2073e+01,4.2102e+01,4.2678e+01,4.4549e+01,4.6014e+01,4.7407e+01,4.9628e+01,5.1232e+01,5.2642e+01,5.5049e+01,5.7540e+01,5.7722e+01,5.8920e+01,5.7420e+01,5.6660e+01,5.6042e+01,5.6352e+01,5.7711e+01,5.5965e+01,5.4515e+01,5.4631e+01,5.2907e+01,5.2870e+01,5.1328e+01,5.1211e+01,5.1544e+01,5.2827e+01,5.2893e+01
5.8726e+01,5.7918e+01,5.8182e+01,5.9085e+01,5.9020e+01,5.8919e+01,5.9421e+01,6.1020e+01,6.3880e+01,6.6707e+01,6.7709e+01,6.7921e+01,6.7160e+01,6.8786e+01,6.8294e+01,6.9622e+01,6.9326e+01,6.8409e+01,6.6043e+01,6.5047e+01,6.3040e+01,6.1313e+01,6.2014e+01,6.0554e+01,6.1136e+01,5.9276e+01,6.0760e+01,6.0233e+01,6.1746e+01,6.1742e+01,5.9819e+01,5.7131e+01,5.5819e+01,5.6887e+01,5.6016e+01,5.5504e+01,5.3907e+01,5.2853e+01,5.4777e+01,5.3392e+01,5.5516e+01,5.6011e+01,5.6253e+01,5.3500e+01,5.1816e+01,5.0295e+01,4.8974e+01,4.9547e+01,5.1249e+01,5.2193e+01,5.4159e+01,5.5987e+01,5.7628e+01,5.6804e+01,5.4936e+01,5.6269e+01,5.8194e+01,5.9078e+01,5.7429e+01,5.5578e+01,5.3147e+01,5.1091e+01,4.9217e+01,4.6850e+01,4.7263e+01,4.9399e+01,4.9142e+01,4.6870e+01,4.6580e+01,4.7288e+01,4.5696e+01,4.5917e+01,4.7300e+01,4.7224e+01,4.6431e+01,4.4871e+01,4.3621e+01,4.1763e+01,4.1583e+01,4.2534e+01,4.2307e+01,4.1486e+01,4.2540e+01,4.1806e+01,4.2515e+01,4.4458e+01,4.4903e+01,4.3308e+01,4.1490e+01,4.0425e+01,4.0850e+01,4.2329e+01,4.3459e+01,4.4427e+01,4.6343e+01,4.7179e+01,4.6973e+01,4.8610e+01,4.8682e+01,4.8133e+01,4.8942e+01,4.9237e+01,5.1191e+01,5.1143e+01,4.9422e+01,4.7518e+01,4.5501e+01,4.4984e+01,4.3223e+01,4.2993e+01,4.2606e+01,4.4042e+01,4.4087e+01,4.5447e+01,4.7148e+01,4.9116e+01,5.0532e+01,5.0330e+01,5.2513e+01,5.4309e+01,5.4725e+01,5.2677e+01,5.2750e+01,5.0556e+01,4.9853e+01,5.1792e+01,5.0531e+01,5.1168e+01,5.2347e+01,5.2635e+01,5.4064e+01,5.4192e+01,5.5482e+01,5.5436e+01,5.4205e+01,5.1782e+01,4.9919e+01,4.7654e+01,4.6358e+01,4.5683e+01,4.3754e+01,4.2904e+01,4.1380e+01,4.1969e+01,4.1188e+01,4.1215e+01,4.1810e+01,4.3723e+01,4.5217e+01,4.6645e+01,4.8901e+01,5.0532e+01,5.1970e+01,5.4414e+01,5.6939e+01,5.7119e+01,5.8337e+01,5.6809e+01,5.6027e+01,5.5383e+01,5.5691e+01,5.7077e+01,5.5304e+01,5.3835e+01,5.3964e+01,5.2209e+01,5.2161e+01,5.0589e+01,5.0470e+01,5.0810e+01,5.2119e+01,5.2197e+01
5.8064e+01,5.7253e+01,5.7532e+01,5.8449e+01,5.8389e+01,5.8292e+01,5.8811e+01,6.0429e+01,6.3328e+01,6.6183e+01,6.7190e+01,6.7411e+01,6.6642e+01,6.8293e+01,6.7803e+01,6.9151e+01,6.8858e+01,6.7938e+01,6.5551e+01,6.4539e+01,6.2511e+01,6.0754e+01,6.1460e+01,5.9972e+01,6.0557e+01,5.8672e+01,6.0172e+01,5.9629e+01,6.1157e+01,6.1144e+01,5.9193e+01,5.6471e+01,5.5147e+01,5.6240e+01,5.5359e+01,5.4844e+01,5.3221e+01,5.2143e+01,5.4099e+01,5.2681e+01,5.4837e+01,5.5342e+01,5.5585e+01,5.2785e+01,5.1065e+01,4.9520e+01,4.8172e+01,4.8767e+01,5.0503e+01,5.1471e+01,5.3472e+01,5.5338e+01,5.7000e+01,5.6160e+01,5.4270e+01,5.5632e+01,5.7587e+01,5.8491e+01,5.6823e+01,5.4942e+01,5.2467e+01,5.0370e+01,4.8457e+01,4.6041e+01,4.6454e+01,4.8635e+01,4.8369e+01,4.6048e+01,4.5739e+01,4.6458e+01,4.4827e+01,4.5046e+01,4.6458e+01,4.6382e+01,4.5562e+01,4.3967e+01,4.2693e+01,4.0799e+01,4.0608e+01,4.1569e+01,4.1340e+01,4.0512e+01,4.1597e+01,4.0860e+01,4.1590e+01,4.3579e+01,4.4049e+01,4.2424e+01,4.0563e+01,3.9470e+01,3.9907e+01,4.1415e+01,4.2564e+01,4.3552e+01,4.5517e+01,4.6361e+01,4.6150e+01,4.7818e+01,4.7896e+01,4.7339e+01,4.8167e+01,4.8473e+01,5.0467e+01,5.0426e+01,4.8667e+01,4.6732e+01,4.4670e+01,4.4154e+01,4.2353e+01,4.2116e+01,4.1710e+01,4.3175e+01,4.3212e+01,4.4601e+01,4.6335e+01,4.8342e+01,4.9781e+01,4.9573e+01,5.1791e+01,5.3614e+01,5.4033e+01,5.1957e+01,5.2035e+01,4.9806e+01,4.9099e+01,5.1080e+01,4.9805e+01,5.0454e+01,5.1645e+01,5.1935e+01,5.3398e+01,5.3541e+01,5.4847e+01,5.4808e+01,5.3565e+01,5.1099e+01,4.9211e+01,4.6904e+01,4.5569e+01,4.4886e+01,4.2918e+01,4.2043e+01,4.0475e+01,4.1064e+01,4.0261e+01,4.0276e+01,4.0876e+01,4.2829e+01,4.4346e+01,4.5803e+01,4.8101e+01,4.9754e+01,5.1227e+01,5.3706e+01,5.6267e+01,5.6442e+01,5.7671e+01,5.6108e+01,5.5308e+01,5.4645e+01,5.4967e+01,5.6390e+01,5.4590e+01,5.3089e+01,5.3220e+01,5.1418e+01,5.1360e+01,4.9748e+01,4.9622e+01,4.9959e+01,5.1298e+01,5.1375e+01
5.7702e+01,5.6891e+01,5.7173e+01,5.8100e+01,5.8045e+01,5.7951e+01,5.8481e+01,6.0116e+01,6.3046e+01,6.5924e+01,6.6939e+01,6.7166e+01,6.6392e+01,6.8058e+01,6.7566e+01,6.8924e+01,6.8628e+01,6.7699e+01,6.5293e+01,6.4277e+01,6.2234e+01,6.0462e+01,6.1175e+01,5.9667e+01,6.0256e+01,5.8350e+01,5.9862e+01,5.9303e+01,6.0837e+01,6.0813e+01,5.8844e+01,5.6096e+01,5.4762e+01,5.5878e+01,5.4994e+01,5.4478e+01,5.2832e+01,5.1733e+01,5.3716e+01,5.2270e+01,5.4453e+01,5.4968e+01,5.5212e+01,5.2372e+01,5.0620e+01,4.9056e+01,4.7680e+01,4.8292e+01,5.0056e+01,5.1044e+01,5.3070e+01,5.4968e+01,5.6642e+01,5.5782e+01,5.3874e+01,5.5263e+01,5.7235e+01,5.8155e+01,5.6473e+01,5.4574e+01,5.2059e+01,4.9931e+01,4.7979e+01,4.5516e+01,4.5938e+01,4.8166e+01,4.7897e+01,4.5524e+01,4.5204e+01,4.5931e+01,4.4258e+01,4.4467e+01,4.5897e+01,4.5804e+01,4.4958e+01,4.3323e+01,4.2038e+01,4.0108e+01,3.9918e+01,4.0898e+01,4.0664e+01,3.9824e+01,4.0943e+01,4.0194e+01,4.0940e+01,4.2980e+01,4.3463e+01,4.1795e+01,3.9882e+01,3.8763e+01,3.9210e+01,4.0767e+01,4.1954e+01,4.2965e+01,4.4975e+01,4.5843e+01,4.5633e+01,4.7341e+01,4.7424e+01,4.6849e+01,4.7689e+01,4.7984e+01,5.0002e+01,4.9957e+01,4.8180e+01,4.6201e+01,4.4090e+01,4.3548e+01,4.1701e+01,4.1445e+01,4.1041e+01,4.2531e+01,4.2577e+01,4.4015e+01,4.5770e+01,4.7819e+01,4.9303e+01,4.9106e+01,5.1359e+01,5.3225e+01,5.3658e+01,5.1555e+01,5.1642e+01,4.9372e+01,4.8653e+01,5.0674e+01,4.9373e+01,5.0034e+01,5.1246e+01,5.1532e+01,5.3022e+01,5.3169e+01,5.4500e+01,5.4454e+01,5.3185e+01,5.0680e+01,4.8752e+01,4.6404e+01,4.5040e+01,4.4331e+01,4.2316e+01,4.1406e+01,3.9788e+01,4.0385e+01,3.9540e+01,3.9559e+01,4.0186e+01,4.2190e+01,4.3744e+01,4.5243e+01,4.7579e+01,4.9263e+01,5.0768e+01,5.3283e+01,5.5875e+01,5.6047e+01,5.7291e+01,5.5701e+01,5.4874e+01,5.4179e+01,5.4495e+01,5.5941e+01,5.4114e+01,5.2603e+01,5.2754e+01,5.0924e+01,5.0847e+01,4.9206e+01,4.9078e+01,4.9416e+01,5.0781e+01,5.0864e+01
5.7069e+01,5.6248e+01,5.6532e+01,5.7466e+01,5.7413e+01,5.7319e+01,5.7858e+01,5.9508e+01,6.2465e+01,6.5366e+01,6.6387e+01,6.6617e+01,6.5838e+01,6.7517e+01,6.7023e+01,6.8393e+01,6.8101e+01,6.7169e+01,6.4751e+01,6.3724e+01,6.1669e+01,5.9877e+01,6.0594e+01,5.9065e+01,5.9656e+01,5.7729e+01,5.9253e+01,5.8682e+01,6.0227e+01,6.0197e+01,5.8209e+01,5.5435e+01,5.4089e+01,5.5224e+01,5.4335e+01,5.3817e+01,5.2153e+01,5.1035e+01,5.3044e+01,5.1574e+01,5.3781e+01,5.4305e+01,5.4552e+01,5.1678e+01,4.9897e+01,4.8315e+01,4.6915e+01,4.7539e+01,4.9327e+01,5.0332e+01,5.2383e+01,5.4310e+01,5.5998e+01,5.5125e+01,5.3199e+01,5.4610e+01,5.6606e+01,5.7541e+01,5.5845e+01,5.3922e+01,5.1372e+01,4.9211e+01,4.7227e+01,4.4723e+01,4.5151e+01,4.7417e+01,4.7144e+01,4.4731e+01,4.4403e+01,4.5138e+01,4.3435e+01,4.3643e+01,4.5092e+01,4.4993e+01,4.4134e+01,4.2474e+01,4.1170e+01,3.9209e+01,3.9021e+01,4.0025e+01,3.9791e+01,3.8937e+01,4.0075e+01,3.9314e+01,4.0083e+01,4.2165e+01,4.2672e+01,4.0972e+01,3.9016e+01,3.7862e+01,3.8314e+01,3.9900e+01,4.1111e+01,4.2148e+01,4.4202e+01,4.5080e+01,4.4861e+01,4.6595e+01,4.6680e+01,4.6096e+01,4.6949e+01,4.7249e+01,4.9297e+01,4.9260e+01,4.7458e+01,4.5452e+01,4.3300e+01,4.2758e+01,4.0880e+01,4.0611e+01,4.0184e+01,4.1695e+01,4.1733e+01,4.3198e+01,4.4983e+01,4.7067e+01,4.8574e+01,4.8373e+01,5.0657e+01,5.2552e+01,5.2996e+01,5.0867e+01,5.0956e+01,4.8650e+01,4.7920e+01,4.9977e+01,4.8656e+01,4.9333e+01,5.0565e+01,5.0856e+01,5.2373e+01,5.2525e+01,5.3870e+01,5.3823e+01,5.2537e+01,4.9992e+01,4.8036e+01,4.5650e+01,4.4255e+01,4.3532e+01,4.1480e+01,4.0546e+01,3.8887e+01,3.9489e+01,3.8619e+01,3.8633e+01,3.9273e+01,4.1321e+01,4.2904e+01,4.4431e+01,4.6802e+01,4.8510e+01,5.0041e+01,5.2588e+01,5.5213e+01,5.5388e+01,5.6644e+01,5.5031e+01,5.4187e+01,5.3470e+01,5.3777e+01,5.5243e+01,5.3397e+01,5.1878e+01,5.2038e+01,5.0191e+01,5.0102e+01,4.8446e+01,4.8319e+01,4.8670e+01,5.0062e+01,5.0145e+01
5.6771e+01,5.5932e+01,5.6221e+01,5.7174e+01,5.7120e+01,5.7032e+01,5.7574e+01,5.9234e+01,6.2213e+01,6.5133e+01,6.6167e+01,6.6397e+01,6.5620e+01,6.7305e+01,6.6801e+01,6.8178e+01,6.7884e+01,6.6940e+01,6.4504e+01,6.3472e+01,6.1400e+01,5.9601e+01,6.0323e+01,5.8782e+01,5.9375e+01,5.7427e+01,5.8960e+01,5.8383e+01,5.9936e+01,5.9905e+01,5.7906e+01,5.5102e+01,5.3737e+01,5.4885e+01,5.3996e+01,5.3472e+01,5.1795e+01,5.0664e+01,5.2702e+01,5.1212e+01,5.3446e+01,5.3986e+01,5.4244e+01,5.1337e+01,4.9524e+01,4.7915e+01,4.6481e+01,4.7111e+01,4.8918e+01,4.9931e+01,5.2000e+01,5.3948e+01,5.5644e+01,5.4753e+01,5.2808e+01,5.4236e+01,5.6246e+01,5.7187e+01,5.5476e+01,5.3542e+01,5.0960e+01,4.8778e+01,4.6762e+01,4.4218e+01,4.4659e+01,4.6969e+01,4.6705e+01,4.4247e+01,4.3917e+01,4.4658e+01,4.2919e+01,4.3129e+01,4.4595e+01,4.4485e+01,4.3617e+01,4.1926e+01,4.0599e+01,3.8592e+01,3.8407e+01,3.9444e+01,3.9207e+01,3.8328e+01,3.9503e+01,3.8718e+01,3.9519e+01,4.1665e+01,4.2186e+01,4.0432e+01,3.8414e+01,3.7215e+01,3.7674e+01,3.9313e+01,4.0563e+01,4.1636e+01,4.3744e+01,4.4641e+01,4.4410e+01,4.6171e+01,4.6258e+01,4.5671e+01,4.6541e+01,4.6852e+01,4.8938e+01,4.8900e+01,4.7070e+01,4.5020e+01,4.2811e+01,4.2248e+01,4.0315e+01,4.0027e+01,3.9591e+01,4.1143e+01,4.1182e+01,4.2692e+01,4.4520e+01,4.6651e+01,4.8186e+01,4.7984e+01,5.0310e+01,5.2228e+01,5.2683e+01,5.0523e+01,5.0602e+01,4.8254e+01,4.7497e+01,4.9578e+01,4.8224e+01,4.8915e+01,5.0178e+01,5.0479e+01,5.2003e+01,5.2141e+01,5.3503e+01,5.3441e+01,5.2129e+01,4.9550e+01,4.7555e+01,4.5131e+01,4.3714e+01,4.2964e+01,4.0863e+01,3.9900e+01,3.8202e+01,3.8823e+01,3.7925e+01,3.7954e+01,3.8624e+01,4.0725e+01,4.2353e+01,4.3914e+01,4.6324e+01,4.8068e+01,4.9620e+01,5.2204e+01,5.4860e+01,5.5037e+01,5.6311e+01,5.4689e+01,5.3828e+01,5.3101e+01,5.3399e+01,5.4874e+01,5.3000e+01,5.1471e+01,5.1643e+01,4.9778e+01,4.9686e+01,4.7998e+01,4.7864e+01,4.8208e+01,4.9621e+01,4.9703e+01
5.6174e+01,5.5319e+01,5.5613e+01,5.6582e+01,5.6531e+01,5.6450e+01,5.7001e+01,5.8667e+01,6.1669e+01,6.4606e+01,6.5645e+01,6.5882e+01,6.5105e+01,6.6803e+01,6.6300e+01,6.7690e+01,6.7403e+01,6.6454e+01,6.4006e+01,6.2959e+01,6.0872e+01,5.9057e+01,5.9774e+01,5.8216e+01,5.8807e+01,5.6841e+01,5.8380e+01,5.7796e+01,5.9358e+01,5.9328e+01,5.7315e+01,5.4487e+01,5.3105e+01,5.4265e+01,5.3374e+01,5.2847e+01,5.1162e+01,5.0019e+01,5.2079e+01,5.0570e+01,5.2826e+01,5.3380e+01,5.3647e+01,5.0712e+01,4.8871e+01,4.7243e+01,4.5782e+01,4.6416e+01,4.8238e+01,4.9260e+01,5.1348e+01,5.3315e+01,5.5023e+01,5.4123e+01,5.2160e+01,5.3602e+01,5.5629e+01,5.6580e+01,5.4856e+01,5.2907e+01,5.0296e+01,4.8091e+01,4.6049e+01,4.3475e+01,4.3923e+01,4.6264e+01,4.6004e+01,4.3514e+01,4.3181e+01,4.3925e+01,4.2161e+01,4.2373e+01,4.3859e+01,4.3752e+01,4.2878e+01,4.1169e+01,3.9811e+01,3.7768e+01,3.7577e+01,3.8636e+01,3.8408e+01,3.7519e+01,3.8722e+01,3.7925e+01,3.8756e+01,4.0946e+01,4.1488e+01,3.9705e+01,3.7642e+01,3.6404e+01,3.6872e+01,3.8540e+01,3.9806e+01,4.0908e+01,4.3060e+01,4.3960e+01,4.3711e+01,4.5486e+01,4.5576e+01,4.4995e+01,4.5883e+01,4.6217e+01,4.8345e+01,4.8317e+01,4.6449e+01,4.4376e+01,4.2127e+01,4.1567e+01,3.9599e+01,3.9305e+01,3.8846e+01,4.0431e+01,4.0459e+01,4.1986e+01,4.3857e+01,4.6022e+01,4.7563e+01,4.7347e+01,4.9706e+01,5.1629e+01,5.2088e+01,4.9901e+01,4.9966e+01,4.7586e+01,4.6806e+01,4.8908e+01,4.7529e+01,4.8235e+01,4.9524e+01,4.9841e+01,5.1377e+01,5.1503e+01,5.2872e+01,5.2802e+01,5.1473e+01,4.8863e+01,4.6844e+01,4.4390e+01,4.2950e+01,4.2187e+01,4.0056e+01,3.9080e+01,3.7359e+01,3.7995e+01,3.7091e+01,3.7117e+01,3.7793e+01,3.9929e+01,4.1583e+01,4.3164e+01,4.5608e+01,4.7377e+01,4.8942e+01,5.1553e+01,5.4237e+01,5.4420e+01,5.5703e+01,5.4076e+01,5.3208e+01,5.2484e+01,5.2774e+01,5.4253e+01,5.2357e+01,5.0815e+01,5.0987e+01,4.9113e+01,4.9025e+01,4.7313e+01,4.7171e+01,4.7518e+01,4.8946e+01,4.9029e+01
5.5668e+01,5.4787e+01,5.5075e+01,5.6060e+01,5.6001e+01,5.5943e+01,5.6498e+01,5.8160e+01,6.1193e+01,6.4153e+01,6.5213e+01,6.5470e+01,6.4709e+01,6.6426e+01,6.5910e+01,6.7322e+01,6.7049e+01,6.6082e+01,6.3607e+01,6.2537e+01,6.0417e+01,5.8582e+01,5.9283e+01,5.7696e+01,5.8267e+01,5.6267e+01,5.7804e+01,5.7218e+01,5.8784e+01,5.8756e+01,5.6742e+01,5.3881e+01,5.2468e+01,5.3638e+01,5.2754e+01,5.2213e+01,5.0528e+01,4.9385e+01,5.1480e+01,4.9955e+01,5.2242e+01,5.2827e+01,5.3127e+01,5.0157e+01,4.8272e+01,4.6610e+01,4.5104e+01,4.5725e+01,4.7552e+01,4.8566e+01,5.0665e+01,5.2647e+01,5.4360e+01,5.3437e+01,5.1452e+01,5.2909e+01,5.4945e+01,5.5901e+01,5.4161e+01,5.2203e+01,4.9558e+01,4.7338e+01,4.5273e+01,4.2672e+01,4.3144e+01,4.5520e+01,4.5284e+01,4.2764e+01,4.2446e+01,4.3188e+01,4.1404e+01,4.1623e+01,4.3113e+01,4.2997e+01,4.2133e+01,4.0415e+01,3.9042e+01,3.6974e+01,3.6804e+01,3.7911e+01,3.7705e+01,3.6800e+01,3.8021e+01,3.7205e+01,3.8089e+01,4.0327e+01,4.0890e+01,3.9071e+01,3.6976e+01,3.5676e+01,3.6126e+01,3.7798e+01,3.9077e+01,4.0230e+01,4.2430e+01,4.3334e+01,4.3043e+01,4.4822e+01,4.4898e+01,4.4328e+01,4.5221e+01,4.5588e+01,4.7767e+01,4.7765e+01,4.5863e+01,4.3776e+01,4.1482e+01,4.0942e+01,3.8961e+01,3.8647e+01,3.8138e+01,3.9736e+01,3.9728e+01,4.1248e+01,4.3153e+01,4.5350e+01,4.6885e+01,4.6668e+01,4.9072e+01,5.1003e+01,5.1490e+01,4.9274e+01,4.9320e+01,4.6890e+01,4.6070e+01,4.8185e+01,4.6766e+01,4.7479e+01,4.8800e+01,4.9125e+01,5.0661e+01,5.0770e+01,5.2160e+01,5.2075e+01,5.0718e+01,4.8080e+01,4.6028e+01,4.3547e+01,4.2099e+01,4.1320e+01,3.9165e+01,3.8184e+01,3.6458e+01,3.7111e+01,3.6211e+01,3.6248e+01,3.6936e+01,3.9097e+01,4.0786e+01,4.2385e+01,4.4857e+01,4.6665e+01,4.8234e+01,5.0883e+01,5.3595e+01,5.3787e+01,5.5100e+01,5.3473e+01,5.2598e+01,5.1883e+01,5.2167e+01,5.3652e+01,5.1724e+01,5.0164e+01,5.0342e+01,4.8465e+01,4.8393e+01,4.6652e+01,4.6496e+01,4.6839e+01,4.8285e+01,4.8367e+01
5.5065e+01,5.4175e+01,5.4468e+01,5.5471e+01,5.5415e+01,5.5368e+01,5.5936e+01,5.7598e+01,6.0650e+01,6.3620e+01,6.4681e+01,6.4949e+01,6.4189e+01,6.5923e+01,6.5414e+01,6.6843e+01,6.6581e+01,6.5617e+01,6.3134e+01,6.2047e+01,5.9914e+01,5.8056e+01,5.8747e+01,5.7139e+01,5.7701e+01,5.5682e+01,5.7218e+01,5.6624e+01,5.8192e+01,5.8162e+01,5.6142e+01,5.3260e+01,5.1829e+01,5.3012e+01,5.2132e+01,5.1588e+01,4.9900e+01,4.8750e+01,5.0866e+01,4.9322e+01,5.1627e+01,5.2233e+01,5.2547e+01,4.9555e+01,4.7640e+01,4.5959e+01,4.4420e+01,4.5040e+01,4.6872e+01,4.7890e+01,5.0000e+01,5.2001e+01,5.3721e+01,5.2782e+01,5.0782e+01,5.2257e+01,5.4305e+01,5.5277e+01,5.3528e+01,5.1559e+01,4.8880e+01,4.6641e+01,4.4544e+01,4.1915e+01,4.2399e+01,4.4810e+01,4.4589e+01,4.2040e+01,4.1724e+01,4.2461e+01,4.0651e+01,4.0869e+01,4.2363e+01,4.2235e+01,4.1372e+01,3.9635e+01,3.8251e+01,3.6153e+01,3.6002e+01,3.7149e+01,3.6952e+01,3.6034e+01,3.7287e+01,3.6461e+01,3.7386e+01,3.9671e+01,4.0253e+01,3.8406e+01,3.6272e+01,3.4928e+01,3.5379e+01,3.7067e+01,3.8357e+01,3.9547e+01,4.1790e+01,4.2694e+01,4.2375e+01,4.4161e+01,4.4237e+01,4.3678e+01,4.4589e+01,4.4984e+01,4.7206e+01,4.7216e+01,4.5278e+01,4.3174e+01,4.0843e+01,4.0314e+01,3.8305e+01,3.7984e+01,3.7444e+01,3.9076e+01,3.9053e+01,4.0579e+01,4.2534e+01,4.4757e+01,4.6288e+01,4.6053e+01,4.8488e+01,5.0427e+01,5.0924e+01,4.8677e+01,4.8705e+01,4.6238e+01,4.5389e+01,4.7523e+01,4.6073e+01,4.6806e+01,4.8161e+01,4.8508e+01,5.0053e+01,5.0141e+01,5.1537e+01,5.1434e+01,5.0054e+01,4.7380e+01,4.5298e+01,4.2789e+01,4.1316e+01,4.0509e+01,3.8325e+01,3.7317e+01,3.5567e+01,3.6232e+01,3.5320e+01,3.5370e+01,3.6080e+01,3.8270e+01,3.9992e+01,4.1617e+01,4.4116e+01,4.5955e+01,4.7539e+01,5.0213e+01,5.2947e+01,5.3139e+01,5.4464e+01,5.2844e+01,5.1960e+01,5.1251e+01,5.1522e+01,5.2998e+01,5.1048e+01,4.9480e+01,4.9662e+01,4.7780e+01,4.7720e+01,4.5959e+01,4.5789e+01,4.6131e+01,4.7588e+01,4.7673e+01
5.4300e+01,5.3385e+01,5.3665e+01,5.4678e+01,5.4612e+01,5.4572e+01,5.5140e+01,5.6805e+01,5.9880e+01,6.2869e+01,6.3943e+01,6.4217e+01,6.3461e+01,6.5207e+01,6.4693e+01,6.6136e+01,6.5881e+01,6.4910e+01,6.2412e+01,6.1308e+01,5.9155e+01,5.7279e+01,5.7960e+01,5.6334e+01,5.6892e+01,5.4848e+01,5.6393e+01,5.5799e+01,5.7381e+01,5.7360e+01,5.5329e+01,5.2415e+01,5.0957e+01,5.2145e+01,5.1259e+01,5.0703e+01,4.9005e+01,4.7850e+01,4.9997e+01,4.8440e+01,5.0777e+01,5.1400e+01,5.1734e+01,4.8711e+01,4.6766e+01,4.5052e+01,4.3481e+01,4.4092e+01,4.5940e+01,4.6959e+01,4.9093e+01,5.1111e+01,5.2850e+01,5.1903e+01,4.9876e+01,5.1365e+01,5.3437e+01,5.4421e+01,5.2656e+01,5.0660e+01,4.7946e+01,4.5677e+01,4.3550e+01,4.0883e+01,4.1381e+01,4.3828e+01,4.3615e+01,4.1033e+01,4.0727e+01,4.1475e+01,3.9645e+01,3.9880e+01,4.1394e+01,4.1270e+01,4.0414e+01,3.8662e+01,3.7247e+01,3.5109e+01,3.4963e+01,3.6147e+01,3.5946e+01,3.5001e+01,3.6273e+01,3.5425e+01,3.6393e+01,3.8732e+01,3.9335e+01,3.7451e+01,3.5275e+01,3.3879e+01,3.4328e+01,3.6030e+01,3.7336e+01,3.8568e+01,4.0861e+01,4.1769e+01,4.1418e+01,4.3215e+01,4.3287e+01,4.2738e+01,4.3669e+01,4.4101e+01,4.6378e+01,4.6400e+01,4.4414e+01,4.2291e+01,3.9917e+01,3.9405e+01,3.7367e+01,3.7044e+01,3.6461e+01,3.8133e+01,3.8093e+01,3.9626e+01,4.1642e+01,4.3895e+01,4.5418e+01,4.5157e+01,4.7634e+01,4.9566e+01,5.0074e+01,4.7792e+01,4.7799e+01,4.5292e+01,4.4415e+01,4.6573e+01,4.5099e+01,4.5852e+01,4.7236e+01,4.7608e+01,4.9174e+01,4.9258e+01,5.0653e+01,5.0548e+01,4.9155e+01,4.6433e+01,4.4322e+01,4.1771e+01,4.0260e+01,3.9438e+01,3.7216e+01,3.6190e+01,3.4416e+01,3.5106e+01,3.4200e+01,3.4262e+01,3.4985e+01,3.7211e+01,3.8972e+01,4.0614e+01,4.3154e+01,4.5025e+01,4.6615e+01,4.9329e+01,5.2099e+01,5.2302e+01,5.3650e+01,5.2028e+01,5.1141e+01,5.0436e+01,5.0708e+01,5.2192e+01,5.0217e+01,4.8630e+01,4.8810e+01,4.6916e+01,4.6867e+01,4.5086e+01,4.4916e+01,4.5269e+01,4.6757e+01,4.6844e+01
5.3743e+01,5.2807e+01,5.3087e+01,5.4113e+01,5.4047e+01,5.4012e+01,5.4586e+01,5.6259e+01,5.9355e+01,6.2359e+01,6.3438e+01,6.3719e+01,6.2961e+01,6.4719e+01,6.4207e+01,6.5661e+01,6.5410e+01,6.4438e+01,6.1929e+01,6.0813e+01,5.8648e+01,5.6754e+01,5.7434e+01,5.5793e+01,5.6351e+01,5.4295e+01,5.5846e+01,5.5243e+01,5.6834e+01,5.6811e+01,5.4767e+01,5.1829e+01,5.0359e+01,5.1562e+01,5.0674e+01,5.0119e+01,4.8412e+01,4.7242e+01,4.9405e+01,4.7830e+01,5.0185e+01,5.0816e+01,5.1154e+01,4.8106e+01,4.6139e+01,4.4412e+01,4.2821e+01,4.3440e+01,4.5303e+01,4.6333e+01,4.8483e+01,5.0523e+01,5.2270e+01,5.1310e+01,4.9271e+01,5.0780e+01,5.2866e+01,5.3865e+01,5.2091e+01,5.0083e+01,4.7338e+01,4.5046e+01,4.2891e+01,4.0198e+01,4.0699e+01,4.3176e+01,4.2964e+01,4.0355e+01,4.0042e+01,4.0790e+01,3.8938e+01,3.9168e+01,4.0696e+01,4.0569e+01,3.9702e+01,3.7929e+01,3.6497e+01,3.4336e+01,3.4192e+01,3.5389e+01,3.5192e+01,3.4244e+01,3.5539e+01,3.4689e+01,3.5675e+01,3.8047e+01,3.8664e+01,3.6755e+01,3.4548e+01,3.3134e+01,3.3592e+01,3.5313e+01,3.6631e+01,3.7879e+01,4.0202e+01,4.1115e+01,4.0755e+01,4.2566e+01,4.2642e+01,4.2094e+01,4.3036e+01,4.3480e+01,4.5789e+01,4.5814e+01,4.3800e+01,4.1654e+01,3.9250e+01,3.8734e+01,3.6668e+01,3.6340e+01,3.5749e+01,3.7445e+01,3.7410e+01,3.8958e+01,4.1002e+01,4.3272e+01,4.4800e+01,4.4539e+01,4.7050e+01,4.8997e+01,4.9516e+01,4.7204e+01,4.7202e+01,4.4665e+01,4.3773e+01,4.5952e+01,4.4461e+01,4.5222e+01,4.6622e+01,4.6995e+01,4.8576e+01,4.8665e+01,5.0075e+01,4.9967e+01,4.8557e+01,4.5804e+01,4.3669e+01,4.1096e+01,3.9563e+01,3.8724e+01,3.6486e+01,3.5438e+01,3.3645e+01,3.4334e+01,3.3422e+01,3.3485e+01,3.4215e+01,3.6464e+01,3.8247e+01,3.9912e+01,4.2477e+01,4.4366e+01,4.5974e+01,4.8714e+01,5.1508e+01,5.1711e+01,5.3077e+01,5.1443e+01,5.0551e+01,4.9841e+01,5.0122e+01,5.1625e+01,4.9626e+01,4.8017e+01,4.8198e+01,4.6281e+01,4.6231e+01,4.4426e+01,4.4252e+01,4.4607e+01,4.6126e+01,4.6217e+01
5.3298e+01,5.2348e+01,5.2623e+01,5.3644e+01,5.3569e+01,5.3522e+01,5.4091e+01,5.5782e+01,5.8893e+01,6.1914e+01,6.2997e+01,6.3273e+01,6.2507e+01,6.4270e+01,6.3754e+01,6.5210e+01,6.4952e+01,6.3977e+01,6.1456e+01,6.0339e+01,5.8165e+01,5.6262e+01,5.6951e+01,5.5307e+01,5.5877e+01,5.3810e+01,5.5383e+01,5.4782e+01,5.6392e+01,5.6377e+01,5.4312e+01,5.1353e+01,4.9872e+01,5.1076e+01,5.0166e+01,4.9601e+01,4.7868e+01,4.6690e+01,4.8875e+01,4.7294e+01,4.9675e+01,5.0301e+01,5.0640e+01,4.7566e+01,4.5591e+01,4.3840e+01,4.2245e+01,4.2868e+01,4.4761e+01,4.5804e+01,4.7986e+01,5.0040e+01,5.1814e+01,5.0864e+01,4.8807e+01,5.0323e+01,5.2437e+01,5.3449e+01,5.1663e+01,4.9622e+01,4.6857e+01,4.4527e+01,4.2356e+01,3.9631e+01,4.0126e+01,4.2618e+01,4.2386e+01,3.9751e+01,3.9434e+01,4.0207e+01,3.8343e+01,3.8591e+01,4.0152e+01,4.0044e+01,3.9172e+01,3.7385e+01,3.5915e+01,3.3715e+01,3.3549e+01,3.4756e+01,3.4537e+01,3.3564e+01,3.4863e+01,3.3989e+01,3.4983e+01,3.7384e+01,3.7998e+01,3.6055e+01,3.3821e+01,3.2390e+01,3.2847e+01,3.4592e+01,3.5935e+01,3.7198e+01,3.9544e+01,4.0475e+01,4.0113e+01,4.1950e+01,4.2022e+01,4.1456e+01,4.2402e+01,4.2844e+01,4.5181e+01,4.5209e+01,4.3174e+01,4.1003e+01,3.8566e+01,3.8042e+01,3.5950e+01,3.5616e+01,3.5018e+01,3.6734e+01,3.6707e+01,3.8279e+01,4.0345e+01,4.2632e+01,4.4173e+01,4.3910e+01,4.6449e+01,4.8427e+01,4.8956e+01,4.6622e+01,4.6634e+01,4.4074e+01,4.3190e+01,4.5401e+01,4.3914e+01,4.4680e+01,4.6075e+01,4.6448e+01,4.8074e+01,4.8192e+01,4.9604e+01,4.9513e+01,4.8110e+01,4.5324e+01,4.3186e+01,4.0580e+01,3.9015e+01,3.8191e+01,3.5932e+01,3.4879e+01,3.3054e+01,3.3752e+01,3.2841e+01,3.2891e+01,3.3611e+01,3.5889e+01,3.7683e+01,3.9353e+01,4.1953e+01,4.3848e+01,4.5467e+01,4.8224e+01,5.1046e+01,5.1259e+01,5.2624e+01,5.0982e+01,5.0096e+01,4.9394e+01,4.9689e+01,5.1208e+01,4.9195e+01,4.7570e+01,4.7740e+01,4.5801e+01,4.5752e+01,4.3924e+01,4.3761e+01,4.4129e+01,4.5675e+01,4.5777e+01
5.2539e+01,5.1561e+01,5.1834e+01,5.2876e+01,5.2804e+01,5.2771e+01,5.3357e+01,5.5054e+01,5.8202e+01,6.1248e+01,6.2341e+01,6.2633e+01,6.1869e+01,6.3656e+01,6.3140e+01,6.4621e+01,6.4375e+01,6.3396e+01,6.0856e+01,5.9714e+01,5.7518e+01,5.5582e+01,5.6260e+01,5.4583e+01,5.5145e+01,5.3051e+01,5.4627e+01,5.4010e+01,5.5626e+01,5.5605e+01,5.3526e+01,5.0531e+01,4.9026e+01,5.0255e+01,4.9349e+01,4.8786e+01,4.7045e+01,4.5843e+01,4.8059e+01,4.6444e+01,4.8856e+01,4.9508e+01,4.9867e+01,4.6749e+01,4.4724e+01,4.2947e+01,4.1304e+01,4.1937e+01,4.3850e+01,4.4910e+01,4.7116e+01,4.9207e+01,5.0990e+01,5.0015e+01,4.7940e+01,4.9490e+01,5.1625e+01,5.2664e+01,5.0872e+01,4.8813e+01,4.5994e+01,4.3628e+01,4.1404e+01,3.8631e+01,3.9131e+01,4.1678e+01,4.1457e+01,3.8768e+01,3.8441e+01,3.9211e+01,3.7305e+01,3.7552e+01,3.9133e+01,3.9018e+01,3.8140e+01,3.6328e+01,3.4828e+01,3.2585e+01,3.2430e+01,3.3678e+01,3.3474e+01,3.2486e+01,3.3826e+01,3.2938e+01,3.3990e+01,3.6464e+01,3.7118e+01,3.5131e+01,3.2826e+01,3.1326e+01,3.1802e+01,3.3590e+01,3.4949e+01,3.6256e+01,3.8677e+01,3.9603e+01,3.9210e+01,4.1064e+01,4.1152e+01,4.0607e+01,4.1600e+01,4.2089e+01,4.4497e+01,4.4526e+01,4.2422e+01,4.0218e+01,3.7725e+01,3.7221e+01,3.5073e+01,3.4750e+01,3.4105e+01,3.5901e+01,3.5861e+01,3.7440e+01,3.9592e+01,4.1923e+01,4.3460e+01,4.3162e+01,4.5767e+01,4.7756e+01,4.8274e+01,4.5874e+01,4.5851e+01,4.3235e+01,4.2309e+01,4.4559e+01,4.3027e+01,4.3827e+01,4.5278e+01,4.5681e+01,4.7327e+01,4.7422e+01,4.8848e+01,4.8728e+01,4.7288e+01,4.4444e+01,4.2263e+01,3.9617e+01,3.8001e+01,3.7148e+01,3.4849e+01,3.3752e+01,3.1875e+01,3.2580e+01,3.1651e+01,3.1705e+01,3.2444e+01,3.4772e+01,3.6609e+01,3.8317e+01,4.0963e+01,4.2894e+01,4.4542e+01,4.7345e+01,5.0206e+01,5.0414e+01,5.1804e+01,5.0159e+01,4.9258e+01,4.8549e+01,4.8836e+01,5.0358e+01,4.8311e+01,4.6668e+01,4.6844e+01,4.4886e+01,4.4844e+01,4.2978e+01,4.2815e+01,4.3191e+01,4.4773e+01,4.4884e+01
5.1567e+01,5.0576e+01,5.0864e+01,5.1924e+01,5.1866e+01,5.1836e+01,5.2441e+01,5.4151e+01,5.7323e+01,6.0385e+01,6.1474e+01,6.1775e+01,6.1007e+01,6.2815e+01,6.2310e+01,6.3814e+01,6.3582e+01,6.2610e+01,6.0063e+01,5.8898e+01,5.6691e+01,5.4723e+01,5.5401e+01,5.3702e+01,5.4268e+01,5.2168e+01,5.3755e+01,5.3115e+01,5.4740e+01,5.4707e+01,5.2602e+01,4.9585e+01,4.8082e+01,4.9338e+01,4.8429e+01,4.7886e+01,4.6130e+01,4.4890e+01,4.7114e+01,4.5465e+01,4.7892e+01,4.8553e+01,4.8912e+01,4.5765e+01,4.3710e+01,4.1924e+01,4.0258e+01,4.0916e+01,4.2856e+01,4.3952e+01,4.6185e+01,4.8320e+01,5.0116e+01,4.9138e+01,4.7058e+01,4.8645e+01,5.0814e+01,5.1892e+01,5.0107e+01,4.8022e+01,4.5159e+01,4.2742e+01,4.0463e+01,3.7641e+01,3.8115e+01,4.0708e+01,4.0473e+01,3.7733e+01,3.7376e+01,3.8146e+01,3.6203e+01,3.6448e+01,3.8058e+01,3.7957e+01,3.7062e+01,3.5230e+01,3.3691e+01,3.1407e+01,3.1248e+01,3.2524e+01,3.2325e+01,3.1327e+01,3.2696e+01,3.1806e+01,3.2906e+01,3.5431e+01,3.6130e+01,3.4124e+01,3.1769e+01,3.0213e+01,3.0715e+01,3.2532e+01,3.3889e+01,3.5220e+01,3.7703e+01,3.8611e+01,3.8206e+01,4.0075e+01,4.0196e+01,3.9674e+01,4.0726e+01,4.1249e+01,4.3708e+01,4.3729e+01,4.1560e+01,3.9332e+01,3.6803e+01,3.6330e+01,3.4144e+01,3.3855e+01,3.3158e+01,3.5044e+01,3.5011e+01,3.6593e+01,3.8829e+01,4.1179e+01,4.2723e+01,4.2378e+01,4.5011e+01,4.7013e+01,4.7494e+01,4.5038e+01,4.4991e+01,4.2349e+01,4.1414e+01,4.3719e+01,4.2172e+01,4.3027e+01,4.4534e+01,4.4992e+01,4.6663e+01,4.6727e+01,4.8138e+01,4.7998e+01,4.6546e+01,4.3645e+01,4.1450e+01,3.8769e+01,3.7079e+01,3.6220e+01,3.3894e+01,3.2751e+01,3.0805e+01,3.1495e+01,3.0556e+01,3.0570e+01,3.1293e+01,3.3664e+01,3.5512e+01,3.7244e+01,3.9934e+01,4.1873e+01,4.3557e+01,4.6380e+01,4.9271e+01,4.9475e+01,5.0860e+01,4.9194e+01,4.8285e+01,4.7567e+01,4.7864e+01,4.9409e+01,4.7348e+01,4.5689e+01,4.5861e+01,4.3878e+01,4.3830e+01,4.1944e+01,4.1784e+01,4.2167e+01,4.3781e+01,4.3901e+01
5.0936e+01,4.9942e+01,5.0240e+01,5.1310e+01,5.1266e+01,5.1248e+01,5.1878e+01,5.3590e+01,5.6788e+01,5.9859e+01,6.0942e+01,6.1262e+01,6.0494e+01,6.2330e+01,6.1839e+01,6.3369e+01,6.3154e+01,6.2192e+01,5.9639e+01,5.8448e+01,5.6229e+01,5.4224e+01,5.4892e+01,5.3164e+01,5.3722e+01,5.1614e+01,5.3201e+01,5.2536e+01,5.4159e+01,5.4113e+01,5.1991e+01,4.8957e+01,4.7454e+01,4.8739e+01,4.7837e+01,4.7311e+01,4.5552e+01,4.4281e+01,4.6512e+01,4.4826e+01,4.7264e+01,4.7942e+01,4.8305e+01,4.5129e+01,4.3039e+01,4.1247e+01,3.9550e+01,4.0232e+01,4.2190e+01,4.3315e+01,4.5566e+01,4.7741e+01,4.9543e+01,4.8551e+01,4.6466e+01,4.8092e+01,5.0281e+01,5.1395e+01,4.9619e+01,4.7524e+01,4.4612e+01,4.2157e+01,3.9822e+01,3.6956e+01,3.7417e+01,4.0059e+01,3.9825e+01,3.7037e+01,3.6652e+01,3.7410e+01,3.5427e+01,3.5665e+01,3.7293e+01,3.7192e+01,3.6283e+01,3.4429e+01,3.2866e+01,3.0548e+01,3.0395e+01,3.1701e+01,3.1518e+01,3.0518e+01,3.1927e+01,3.1046e+01,3.2199e+01,3.4777e+01,3.5532e+01,3.3514e+01,3.1106e+01,2.9490e+01,3.0026e+01,3.1859e+01,3.3204e+01,3.4565e+01,3.7114e+01,3.7994e+01,3.7567e+01,3.9442e+01,3.9596e+01,3.9105e+01,4.0214e+01,4.0781e+01,4.3297e+01,4.3315e+01,4.1082e+01,3.8840e+01,3.6281e+01,3.5854e+01,3.3642e+01,3.3397e+01,3.2633e+01,3.4581e+01,3.4519e+01,3.6085e+01,3.8398e+01,4.0782e+01,4.2323e+01,4.1931e+01,4.4599e+01,4.6604e+01,4.7055e+01,4.4543e+01,4.4463e+01,4.1794e+01,4.0842e+01,4.3193e+01,4.1624e+01,4.2531e+01,4.4095e+01,4.4605e+01,4.6289e+01,4.6317e+01,4.7716e+01,4.7543e+01,4.6063e+01,4.3114e+01,4.0889e+01,3.8179e+01,3.6437e+01,3.5562e+01,3.3212e+01,3.2030e+01,3.0029e+01,3.0704e+01,2.9750e+01,2.9741e+01,3.0461e+01,3.2862e+01,3.4724e+01,3.6483e+01,3.9205e+01,4.1157e+01,4.2877e+01,4.5720e+01,4.8630e+01,4.8825e+01,5.0216e+01,4.8528e+01,4.7608e+01,4.6886e+01,4.7204e+01,4.8780e+01,4.6703e+01,4.5013e+01,4.5186e+01,4.3170e+01,4.3125e+01,4.1213e+01,4.1036e+01,4.1410e+01,4.3045e+01,4.3159e+01
5.0247e+01,4.9246e+01,4.9568e+01,5.0648e+01,5.0624e+01,5.0605e+01,5.1259e+01,5.2995e+01,5.6218e+01,5.9306e+01,6.0378e+01,6.0699e+01,5.9913e+01,6.1765e+01,6.1286e+01,6.2829e+01,6.2613e+01,6.1663e+01,5.9108e+01,5.7908e+01,5.5688e+01,5.3656e+01,5.4340e+01,5.2598e+01,5.3172e+01,5.1070e+01,5.2672e+01,5.1976e+01,5.3608e+01,5.3540e+01,5.1384e+01,4.8334e+01,4.6844e+01,4.8166e+01,4.7258e+01,4.6762e+01,4.4981e+01,4.3659e+01,4.5891e+01,4.4164e+01,4.6611e+01,4.7288e+01,4.7635e+01,4.4432e+01,4.2319e+01,4.0527e+01,3.8815e+01,3.9540e+01,4.1535e+01,4.2711e+01,4.4995e+01,4.7219e+01,4.9033e+01,4.8038e+01,4.5957e+01,4.7627e+01,4.9851e+01,5.1011e+01,4.9250e+01,4.7128e+01,4.4175e+01,4.1663e+01,3.9266e+01,3.6346e+01,3.6765e+01,3.9455e+01,3.9191e+01,3.6344e+01,3.5911e+01,3.6670e+01,3.4640e+01,3.4864e+01,3.6530e+01,3.6438e+01,3.5490e+01,3.3602e+01,3.1997e+01,2.9633e+01,2.9456e+01,3.0771e+01,3.0587e+01,2.9581e+01,3.1032e+01,3.0154e+01,3.1339e+01,3.3974e+01,3.4777e+01,3.2744e+01,3.0271e+01,2.8610e+01,2.9207e+01,3.1109e+01,3.2452e+01,3.3811e+01,3.6423e+01,3.7288e+01,3.6873e+01,3.8776e+01,3.8977e+01,3.8502e+01,3.9675e+01,4.0260e+01,4.2808e+01,4.2802e+01,4.0513e+01,3.8236e+01,3.5652e+01,3.5237e+01,3.2969e+01,3.2789e+01,3.2014e+01,3.4072e+01,3.4041e+01,3.5618e+01,3.8007e+01,4.0398e+01,4.1949e+01,4.1499e+01,4.4178e+01,4.6196e+01,4.6606e+01,4.4042e+01,4.3949e+01,4.1263e+01,4.0320e+01,4.2736e+01,4.1167e+01,4.2134e+01,4.3736e+01,4.4292e+01,4.6011e+01,4.6037e+01,4.7411e+01,4.7226e+01,4.5738e+01,4.2729e+01,4.0483e+01,3.7733e+01,3.5908e+01,3.5020e+01,3.2640e+01,3.1397e+01,2.9308e+01,2.9959e+01,2.8979e+01,2.8923e+01,2.9625e+01,3.2079e+01,3.3950e+01,3.5744e+01,3.8511e+01,4.0464e+01,4.2233e+01,4.5098e+01,4.8037e+01,4.8208e+01,4.9584e+01,4.7863e+01,4.6925e+01,4.6181e+01,4.6506e+01,4.8104e+01,4.6018e+01,4.4310e+01,4.4478e+01,4.2424e+01,4.2366e+01,4.0430e+01,4.0267e+01,4.0648e+01,4.2313e+01,4.2439e+01
4.9554e+01,4.8528e+01,4.8855e+01,4.9941e+01,4.9912e+01,4.9895e+01,5.0556e+01,5.2306e+01,5.5555e+01,5.8667e+01,5.9747e+01,6.0070e+01,5.9281e+01,6.1145e+01,6.0662e+01,6.2217e+01,6.2005e+01,6.1050e+01,5.8480e+01,5.7268e+01,5.5032e+01,5.2980e+01,5.3670e+01,5.1911e+01,5.2491e+01,5.0375e+01,5.1994e+01,5.1286e+01,5.2936e+01,5.2868e+01,5.0688e+01,4.7602e+01,4.6094e+01,4.7435e+01,4.6516e+01,4.6024e+01,4.4220e+01,4.2868e+01,4.5125e+01,4.3372e+01,4.5853e+01,4.6538e+01,4.6894e+01,4.3648e+01,4.1504e+01,3.9679e+01,3.7938e+01,3.8679e+01,4.0711e+01,4.1914e+01,4.4235e+01,4.6498e+01,4.8331e+01,4.7328e+01,4.5231e+01,4.6932e+01,4.9188e+01,5.0377e+01,4.8614e+01,4.6465e+01,4.3467e+01,4.0904e+01,3.8453e+01,3.5476e+01,3.5881e+01,3.8621e+01,3.8343e+01,3.5436e+01,3.4982e+01,3.5758e+01,3.3692e+01,3.3933e+01,3.5643e+01,3.5567e+01,3.4618e+01,3.2714e+01,3.1051e+01,2.8624e+01,2.8426e+01,2.9774e+01,2.9565e+01,2.8517e+01,2.9996e+01,2.9102e+01,3.0335e+01,3.3036e+01,3.3882e+01,3.1821e+01,2.9287e+01,2.7565e+01,2.8207e+01,3.0152e+01,3.1496e+01,3.2879e+01,3.5556e+01,3.6417e+01,3.5992e+01,3.7926e+01,3.8149e+01,3.7681e+01,3.8899e+01,3.9506e+01,4.2099e+01,4.2086e+01,3.9745e+01,3.7439e+01,3.4821e+01,3.4426e+01,3.2120e+01,3.1978e+01,3.1178e+01,3.3296e+01,3.3260e+01,3.4842e+01,3.7296e+01,3.9716e+01,4.1282e+01,4.0796e+01,4.3506e+01,4.5545e+01,4.5936e+01,4.3322e+01,4.3218e+01,4.0499e+01,3.9547e+01,4.2020e+01,4.0435e+01,4.1455e+01,4.3103e+01,4.3704e+01,4.5453e+01,4.5461e+01,4.6823e+01,4.6618e+01,4.5109e+01,4.2044e+01,3.9764e+01,3.6966e+01,3.5073e+01,3.4173e+01,3.1750e+01,3.0467e+01,2.8303e+01,2.8959e+01,2.7966e+01,2.7896e+01,2.8596e+01,3.1108e+01,3.3015e+01,3.4834e+01,3.7657e+01,3.9636e+01,4.1432e+01,4.4338e+01,4.7320e+01,4.7500e+01,4.8887e+01,4.7161e+01,4.6227e+01,4.5487e+01,4.5816e+01,4.7420e+01,4.5311e+01,4.3585e+01,4.3742e+01,4.1670e+01,4.1621e+01,3.9655e+01,3.9491e+01,3.9892e+01,4.1581e+01,4.1711e+01
4.8639e+01,4.7591e+01,4.7926e+01,4.9009e+01,4.8976e+01,4.8958e+01,4.9628e+01,5.1402e+01,5.4688e+01,5.7833e+01,5.8922e+01,5.9245e+01,5.8446e+01,6.0328e+01,5.9839e+01,6.1408e+01,6.1193e+01,6.0229e+01,5.7635e+01,5.6411e+01,5.4156e+01,5.2078e+01,5.2782e+01,5.1006e+01,5.1600e+01,4.9468e+01,5.1113e+01,5.0391e+01,5.2067e+01,5.1997e+01,4.9780e+01,4.6654e+01,4.5132e+01,4.6498e+01,4.5557e+01,4.5071e+01,4.3234e+01,4.1846e+01,4.4129e+01,4.2344e+01,4.4864e+01,4.5553e+01,4.5914e+01,4.2617e+01,4.0434e+01,3.8577e+01,3.6805e+01,3.7577e+01,3.9659e+01,4.0906e+01,4.3278e+01,4.5586e+01,4.7452e+01,4.6454e+01,4.4336e+01,4.6070e+01,4.8372e+01,4.9598e+01,4.7828e+01,4.5635e+01,4.2594e+01,3.9964e+01,3.7457e+01,3.4414e+01,3.4788e+01,3.7581e+01,3.7271e+01,3.4297e+01,3.3805e+01,3.4600e+01,3.2482e+01,3.2734e+01,3.4509e+01,3.4461e+01,3.3485e+01,3.1546e+01,2.9798e+01,2.7282e+01,2.7039e+01,2.8415e+01,2.8186e+01,2.7106e+01,2.8645e+01,2.7744e+01,2.9020e+01,3.1803e+01,3.2690e+01,3.0592e+01,2.7974e+01,2.6207e+01,2.6927e+01,2.8928e+01,3.0276e+01,3.1671e+01,3.4415e+01,3.5275e+01,3.4851e+01,3.6822e+01,3.7074e+01,3.6608e+01,3.7874e+01,3.8497e+01,4.1132e+01,4.1108e+01,3.8714e+01,3.6370e+01,3.3712e+01,3.3325e+01,3.0962e+01,3.0858e+01,3.0043e+01,3.2230e+01,3.2201e+01,3.3807e+01,3.6332e+01,3.8785e+01,4.0376e+01,3.9854e+01,4.2596e+01,4.4664e+01,4.5031e+01,4.2365e+01,4.2257e+01,3.9508e+01,3.8560e+01,4.1100e+01,3.9513e+01,4.0581e+01,4.2257e+01,4.2896e+01,4.4696e+01,4.4711e+01,4.6056e+01,4.5852e+01,4.4346e+01,4.1217e+01,3.8921e+01,3.6067e+01,3.4083e+01,3.3185e+01,3.0714e+01,2.9386e+01,2.7130e+01,2.7776e+01,2.6758e+01,2.6638e+01,2.7317e+01,2.9908e+01,3.1840e+01,3.3692e+01,3.6585e+01,3.8580e+01,4.0418e+01,4.3367e+01,4.6401e+01,4.6585e+01,4.7973e+01,4.6222e+01,4.5290e+01,4.4557e+01,4.4912e+01,4.6538e+01,4.4406e+01,4.2630e+01,4.2755e+01,4.0639e+01,4.0604e+01,3.8592e+01,3.8432e+01,3.8854e+01,4.0586e+01,4.0721e+01
4.7989e+01,4.6928e+01,4.7263e+01,4.8350e+01,4.8314e+01,4.8293e+01,4.8968e+01,5.0759e+01,5.4067e+01,5.7234e+01,5.8327e+01,5.8647e+01,5.7840e+01,5.9729e+01,5.9236e+01,6.0811e+01,6.0594e+01,5.9626e+01,5.7020e+01,5.5790e+01,5.3526e+01,5.1436e+01,5.2150e+01,5.0364e+01,5.0969e+01,4.8829e+01,5.0493e+01,4.9761e+01,5.1453e+01,5.1382e+01,4.9140e+01,4.5988e+01,4.4459e+01,4.5842e+01,4.4887e+01,4.4406e+01,4.2547e+01,4.1133e+01,4.3432e+01,4.1625e+01,4.4169e+01,4.4862e+01,4.5226e+01,4.1898e+01,3.9689e+01,3.7813e+01,3.6019e+01,3.6813e+01,3.8928e+01,4.0207e+01,4.2614e+01,4.4956e+01,4.6842e+01,4.5851e+01,4.3724e+01,4.5480e+01,4.7821e+01,4.9072e+01,4.7301e+01,4.5072e+01,4.2008e+01,3.9330e+01,3.6789e+01,3.3710e+01,3.4050e+01,3.6869e+01,3.6535e+01,3.3518e+01,3.2997e+01,3.3802e+01,3.1648e+01,3.1900e+01,3.3714e+01,3.3679e+01,3.2685e+01,3.0719e+01,2.8919e+01,2.6345e+01,2.6091e+01,2.7500e+01,2.7266e+01,2.6171e+01,2.7748e+01,2.6849e+01,2.8164e+01,3.0995e+01,3.1915e+01,2.9799e+01,2.7135e+01,2.5335e+01,2.6100e+01,2.8124e+01,2.9467e+01,3.0870e+01,3.3657e+01,3.4511e+01,3.4085e+01,3.6076e+01,3.6350e+01,3.5887e+01,3.7184e+01,3.7818e+01,4.0482e+01,4.0453e+01,3.8025e+01,3.5662e+01,3.2981e+01,3.2608e+01,3.0222e+01,3.0136e+01,2.9303e+01,3.1528e+01,3.1503e+01,3.3120e+01,3.5684e+01,3.8154e+01,3.9761e+01,3.9216e+01,4.1978e+01,4.4068e+01,4.4418e+01,4.1719e+01,4.1607e+01,3.8841e+01,3.7900e+01,4.0487e+01,3.8906e+01,4.0010e+01,4.1704e+01,4.2374e+01,4.4218e+01,4.4241e+01,4.5567e+01,4.5366e+01,4.3867e+01,4.0693e+01,3.8396e+01,3.5517e+01,3.3458e+01,3.2570e+01,3.0087e+01,2.8710e+01,2.6367e+01,2.6966e+01,2.5910e+01,2.5729e+01,2.6402e+01,2.9058e+01,3.1015e+01,3.2902e+01,3.5842e+01,3.7843e+01,3.9713e+01,4.2694e+01,4.5764e+01,4.5950e+01,4.7343e+01,4.5576e+01,4.4639e+01,4.3900e+01,4.4265e+01,4.5912e+01,4.3766e+01,4.1964e+01,4.2078e+01,3.9930e+01,3.9891e+01,3.7848e+01,3.7703e+01,3.8146e+01,3.9923e+01,4.0069e+01
4.6823e+01,4.5727e+01,4.6033e+01,4.7108e+01,4.7045e+01,4.7041e+01,4.7716e+01,4.9505e+01,5.2847e+01,5.6041e+01,5.7158e+01,5.7493e+01,5.6702e+01,5.8611e+01,5.8106e+01,5.9710e+01,5.9516e+01,5.8533e+01,5.5901e+01,5.4636e+01,5.2341e+01,5.0219e+01,5.0917e+01,4.9096e+01,4.9692e+01,4.7523e+01,4.9196e+01,4.8456e+01,5.0164e+01,5.0100e+01,4.7841e+01,4.4650e+01,4.3093e+01,4.4490e+01,4.3530e+01,4.3050e+01,4.1180e+01,3.9742e+01,4.2074e+01,4.0240e+01,4.2825e+01,4.3548e+01,4.3950e+01,4.0577e+01,3.8312e+01,3.6391e+01,3.4542e+01,3.5343e+01,3.7484e+01,3.8786e+01,4.1227e+01,4.3606e+01,4.5516e+01,4.4524e+01,4.2377e+01,4.4161e+01,4.6539e+01,4.7822e+01,4.6052e+01,4.3792e+01,4.0690e+01,3.7961e+01,3.5368e+01,3.2241e+01,3.2553e+01,3.5421e+01,3.5082e+01,3.2009e+01,3.1464e+01,3.2269e+01,3.0070e+01,3.0341e+01,3.2206e+01,3.2205e+01,3.1216e+01,2.9243e+01,2.7355e+01,2.4697e+01,2.4435e+01,2.5925e+01,2.5699e+01,2.4578e+01,2.6208e+01,2.5321e+01,2.6743e+01,2.9650e+01,3.0648e+01,2.8526e+01,2.5814e+01,2.3923e+01,2.4732e+01,2.6740e+01,2.8036e+01,2.9482e+01,3.2350e+01,3.3162e+01,3.2687e+01,3.4675e+01,3.4979e+01,3.4562e+01,3.5923e+01,3.6626e+01,3.9360e+01,3.9342e+01,3.6836e+01,3.4480e+01,3.1777e+01,3.1489e+01,2.9103e+01,2.9071e+01,2.8141e+01,3.0428e+01,3.0362e+01,3.1936e+01,3.4601e+01,3.7083e+01,3.8654e+01,3.8036e+01,4.0829e+01,4.2905e+01,4.3224e+01,4.0463e+01,4.0308e+01,3.7512e+01,3.6552e+01,3.9189e+01,3.7598e+01,3.8769e+01,4.0518e+01,4.1257e+01,4.3123e+01,4.3123e+01,4.4413e+01,4.4194e+01,4.2692e+01,3.9460e+01,3.7162e+01,3.4258e+01,3.2105e+01,3.1227e+01,2.8739e+01,2.7319e+01,2.4888e+01,2.5446e+01,2.4400e+01,2.4125e+01,2.4751e+01,2.7474e+01,2.9453e+01,3.1363e+01,3.4366e+01,3.6389e+01,3.8287e+01,4.1307e+01,4.4425e+01,4.4638e+01,4.6049e+01,4.4271e+01,4.3346e+01,4.2619e+01,4.3013e+01,4.4675e+01,4.2510e+01,4.0659e+01,4.0739e+01,3.8571e+01,3.8560e+01,3.6491e+01,3.6355e+01,3.6854e+01,3.8686e+01,3.8836e+01
4.5897e+01,4.4763e+01,4.5045e+01,4.6134e+01,4.6059e+01,4.6073e+01,4.6757e+01,4.8544e+01,5.1915e+01,5.5134e+01,5.6268e+01,5.6615e+01,5.5835e+01,5.7760e+01,5.7248e+01,5.8876e+01,5.8704e+01,5.7713e+01,5.5065e+01,5.3770e+01,5.1455e+01,4.9306e+01,4.9992e+01,4.8138e+01,4.8723e+01,4.6531e+01,4.8209e+01,4.7456e+01,4.9173e+01,4.9108e+01,4.6834e+01,4.3612e+01,4.2038e+01,4.3456e+01,4.2496e+01,4.2023e+01,4.0146e+01,3.8683e+01,4.1040e+01,3.9180e+01,4.1791e+01,4.2541e+01,4.2974e+01,3.9567e+01,3.7251e+01,3.5300e+01,3.3402e+01,3.4212e+01,3.6374e+01,3.7698e+01,4.0167e+01,4.2580e+01,4.4500e+01,4.3505e+01,4.1349e+01,4.3161e+01,4.5574e+01,4.6884e+01,4.5117e+01,4.2830e+01,3.9698e+01,3.6925e+01,3.4289e+01,3.1123e+01,3.1406e+01,3.4313e+01,3.3968e+01,3.0848e+01,3.0280e+01,3.1083e+01,2.8843e+01,2.9115e+01,3.1016e+01,3.1031e+01,3.0036e+01,2.8047e+01,2.6091e+01,2.3355e+01,2.3092e+01,2.4653e+01,2.4436e+01,2.3298e+01,2.4989e+01,2.4119e+01,2.5642e+01,2.8627e+01,2.9703e+01,2.7579e+01,2.4813e+01,2.2849e+01,2.3723e+01,2.5717e+01,2.6962e+01,2.8438e+01,3.1375e+01,3.2149e+01,3.1633e+01,3.3616e+01,3.3948e+01,3.3571e+01,3.4985e+01,3.5746e+01,3.8538e+01,3.8528e+01,3.5956e+01,3.3612e+01,3.0896e+01,3.0687e+01,2.8308e+01,2.8337e+01,2.7326e+01,2.9661e+01,2.9563e+01,3.1084e+01,3.3834e+01,3.6314e+01,3.7845e+01,3.7162e+01,3.9984e+01,4.2049e+01,4.2342e+01,3.9526e+01,3.9335e+01,3.6509e+01,3.5533e+01,3.8220e+01,3.6623e+01,3.7856e+01,3.9651e+01,4.0452e+01,4.2350e+01,4.2333e+01,4.3588e+01,4.3351e+01,4.1849e+01,3.8564e+01,3.6265e+01,3.3344e+01,3.1102e+01,3.0230e+01,2.7739e+01,2.6263e+01,2.3731e+01,2.4232e+01,2.3154e+01,2.2793e+01,2.3394e+01,2.6204e+01,2.8219e+01,3.0164e+01,3.3219e+01,3.5260e+01,3.7185e+01,4.0244e+01,4.3401e+01,4.3627e+01,4.5054e+01,4.3257e+01,4.2327e+01,4.1591e+01,4.1993e+01,4.3668e+01,4.1488e+01,3.9606e+01,3.9668e+01,3.7485e+01,3.7480e+01,3.5399e+01,3.5278e+01,3.5827e+01,3.7705e+01,3.7869e+01
4.4936e+01,4.3762e+01,4.4007e+01,4.5099e+01,4.5002e+01,4.5038e+01,4.5721e+01,4.7499e+01,5.0899e+01,5.4143e+01,5.5304e+01,5.5667e+01,5.4908e+01,5.6850e+01,5.6327e+01,5.7983e+01,5.7838e+01,5.6833e+01,5.4165e+01,5.2833e+01,5.0490e+01,4.8311e+01,4.8972e+01,4.7080e+01,4.7648e+01,4.5427e+01,4.7108e+01,4.6348e+01,4.8075e+01,4.8017e+01,4.5738e+01,4.2485e+01,4.0886e+01,4.2313e+01,4.1352e+01,4.0881e+01,3.9003e+01,3.7523e+01,3.9909e+01,3.8030e+01,4.0672e+01,4.1456e+01,4.1932e+01,3.8492e+01,3.6125e+01,3.4132e+01,3.2184e+01,3.2990e+01,3.5165e+01,3.6502e+01,3.8991e+01,4.1430e+01,4.3362e+01,4.2368e+01,4.0200e+01,4.2031e+01,4.4472e+01,4.5805e+01,4.4042e+01,4.1736e+01,3.8578e+01,3.5770e+01,3.3100e+01,2.9907e+01,3.0164e+01,3.3099e+01,3.2753e+01,2.9598e+01,2.9015e+01,2.9819e+01,2.7554e+01,2.7844e+01,2.9783e+01,2.9831e+01,2.8853e+01,2.6880e+01,2.4854e+01,2.2068e+01,2.1795e+01,2.3413e+01,2.3197e+01,2.2038e+01,2.3763e+01,2.2903e+01,2.4540e+01,2.7596e+01,2.8758e+01,2.6637e+01,2.3831e+01,2.1762e+01,2.2690e+01,2.4653e+01,2.5834e+01,2.7351e+01,3.0364e+01,3.1086e+01,3.0512e+01,3.2478e+01,3.2836e+01,3.2516e+01,3.3993e+01,3.4835e+01,3.7693e+01,3.7700e+01,3.5051e+01,3.2729e+01,3.0002e+01,2.9896e+01,2.7538e+01,2.7625e+01,2.6507e+01,2.8901e+01,2.8768e+01,3.0224e+01,3.3073e+01,3.5539e+01,3.7011e+01,3.6245e+01,3.9092e+01,4.1130e+01,4.1392e+01,3.8515e+01,3.8272e+01,3.5418e+01,3.4416e+01,3.7141e+01,3.5534e+01,3.6831e+01,3.8684e+01,3.9559e+01,4.1477e+01,4.1426e+01,4.2641e+01,4.2378e+01,4.0871e+01,3.7537e+01,3.5242e+01,3.2313e+01,2.9998e+01,2.9145e+01,2.6670e+01,2.5182e+01,2.2613e+01,2.3067e+01,2.2019e+01,2.1553e+01,2.2087e+01,2.4934e+01,2.6954e+01,2.8907e+01,3.2002e+01,3.4051e+01,3.5987e+01,3.9075e+01,4.2267e+01,4.2521e+01,4.3972e+01,4.2163e+01,4.1239e+01,4.0509e+01,4.0937e+01,4.2636e+01,4.0445e+01,3.8522e+01,3.8553e+01,3.6354e+01,3.6364e+01,3.4276e+01,3.4182e+01,3.4797e+01,3.6737e+01,3.6909e+01
4.3859e+01,4.2652e+01,4.2873e+01,4.3959e+01,4.3836e+01,4.3858e+01,4.4527e+01,4.6320e+01,4.9742e+01,5.3014e+01,5.4194e+01,5.4551e+01,5.3794e+01,5.5740e+01,5.5203e+01,5.6870e+01,5.6729e+01,5.5713e+01,5.3026e+01,5.1678e+01,4.9317e+01,4.7122e+01,4.7791e+01,4.5885e+01,4.6468e+01,4.4231e+01,4.5943e+01,4.5187e+01,4.6949e+01,4.6909e+01,4.4599e+01,4.1314e+01,3.9697e+01,4.1123e+01,4.0130e+01,3.9655e+01,3.7741e+01,3.6237e+01,3.8652e+01,3.6768e+01,3.9451e+01,4.0231e+01,4.0724e+01,3.7249e+01,3.4861e+01,3.2821e+01,3.0855e+01,3.1664e+01,3.3889e+01,3.5254e+01,3.7798e+01,4.0267e+01,4.2241e+01,4.1278e+01,3.9086e+01,4.0933e+01,4.3434e+01,4.4797e+01,4.3032e+01,4.0672e+01,3.7487e+01,3.4604e+01,3.1891e+01,2.8637e+01,2.8855e+01,3.1821e+01,3.1434e+01,2.8223e+01,2.7623e+01,2.8475e+01,2.6203e+01,2.6555e+01,2.8571e+01,2.8697e+01,2.7742e+01,2.5799e+01,2.3657e+01,2.0792e+01,2.0441e+01,2.2078e+01,2.1788e+01,2.0542e+01,2.2284e+01,2.1390e+01,2.3125e+01,2.6252e+01,2.7471e+01,2.5346e+01,2.2508e+01,2.0326e+01,2.1285e+01,2.3242e+01,2.4399e+01,2.5957e+01,2.9037e+01,2.9738e+01,2.9140e+01,3.1127e+01,3.1509e+01,3.1203e+01,3.2736e+01,3.3615e+01,3.6523e+01,3.6529e+01,3.3819e+01,3.1498e+01,2.8752e+01,2.8721e+01,2.6375e+01,2.6508e+01,2.5296e+01,2.7757e+01,2.7612e+01,2.9040e+01,3.1987e+01,3.4446e+01,3.5909e+01,3.5075e+01,3.7936e+01,3.9986e+01,4.0209e+01,3.7285e+01,3.7034e+01,3.4167e+01,3.3189e+01,3.5991e+01,3.4412e+01,3.5781e+01,3.7661e+01,3.8611e+01,4.0595e+01,4.0549e+01,4.1703e+01,4.1445e+01,3.9967e+01,3.6569e+01,3.4294e+01,3.1332e+01,2.8896e+01,2.8084e+01,2.5591e+01,2.4085e+01,2.1430e+01,2.1886e+01,2.0914e+01,2.0341e+01,2.0770e+01,2.3687e+01,2.5713e+01,2.7644e+01,3.0808e+01,3.2850e+01,3.4799e+01,3.7913e+01,4.1154e+01,4.1444e+01,4.2887e+01,4.1050e+01,4.0158e+01,3.9441e+01,3.9919e+01,4.1647e+01,3.9463e+01,3.7489e+01,3.7463e+01,3.5245e+01,3.5276e+01,3.3191e+01,3.3120e+01,3.3801e+01,3.5802e+01,3.5993e+01
4.2337e+01,4.1109e+01,4.1306e+01,4.2371e+01,4.2228e+01,4.2239e+01,4.2910e+01,4.4730e+01,4.8189e+01,5.1496e+01,5.2688e+01,5.3043e+01,5.2282e+01,5.4244e+01,5.3706e+01,5.5397e+01,5.5273e+01,5.4261e+01,5.1560e+01,5.0181e+01,4.7808e+01,4.5571e+01,4.6245e+01,4.4310e+01,4.4910e+01,4.2671e+01,4.4415e+01,4.3636e+01,4.5431e+01,4.5392e+01,4.3035e+01,3.9717e+01,3.8102e+01,3.9554e+01,3.8532e+01,3.8089e+01,3.6137e+01,3.4566e+01,3.6992e+01,3.5069e+01,3.7788e+01,3.8567e+01,3.9069e+01,3.5544e+01,3.3118e+01,3.1043e+01,2.9052e+01,2.9908e+01,3.2201e+01,3.3639e+01,3.6246e+01,3.8776e+01,4.0789e+01,3.9863e+01,3.7666e+01,3.9554e+01,4.2127e+01,4.3549e+01,4.1807e+01,3.9394e+01,3.6176e+01,3.3202e+01,3.0419e+01,2.7105e+01,2.7219e+01,3.0222e+01,2.9766e+01,2.6480e+01,2.5800e+01,2.6679e+01,2.4364e+01,2.4750e+01,2.6879e+01,2.7108e+01,2.6149e+01,2.4233e+01,2.1914e+01,1.8918e+01,1.8449e+01,2.0132e+01,1.9775e+01,1.8461e+01,2.0285e+01,1.9437e+01,2.1302e+01,2.4521e+01,2.5876e+01,2.3798e+01,2.0925e+01,1.8648e+01,1.9732e+01,2.1655e+01,2.2701e+01,2.4254e+01,2.7434e+01,2.8055e+01,2.7441e+01,2.9437e+01,2.9902e+01,2.9655e+01,3.1309e+01,3.2260e+01,3.5232e+01,3.5219e+01,3.2400e+01,3.0094e+01,2.7360e+01,2.7461e+01,2.5146e+01,2.5407e+01,2.4079e+01,2.6653e+01,2.6511e+01,2.7869e+01,3.0956e+01,3.3373e+01,3.4787e+01,3.3814e+01,3.6670e+01,3.8703e+01,3.8838e+01,3.5829e+01,3.5539e+01,3.2672e+01,3.1731e+01,3.4636e+01,3.3105e+01,3.4593e+01,3.6530e+01,3.7606e+01,3.9653e+01,3.9589e+01,4.0647e+01,4.0377e+01,3.8932e+01,3.5458e+01,3.3223e+01,3.0258e+01,2.7662e+01,2.6897e+01,2.4431e+01,2.2874e+01,2.0101e+01,2.0482e+01,1.9614e+01,1.8805e+01,1.9038e+01,2.2038e+01,2.4030e+01,2.5956e+01,2.9202e+01,3.1211e+01,3.3203e+01,3.6342e+01,3.9639e+01,3.9950e+01,4.1376e+01,3.9480e+01,3.8613e+01,3.7885e+01,3.8436e+01,4.0234e+01,3.8070e+01,3.6027e+01,3.5938e+01,3.3662e+01,3.3684e+01,3.1601e+01,3.1616e+01,3.2412e+01,3.4504e+01,3.4743e+01
4.1077e+01,3.9821e+01,3.9975e+01,4.1026e+01,4.0864e+01,4.0893e+01,4.1571e+01,4.3381e+01,4.6864e+01,5.0188e+01,5.1394e+01,5.1766e+01,5.1022e+01,5.3005e+01,5.2464e+01,5.4189e+01,5.4100e+01,5.3090e+01,5.0380e+01,4.8958e+01,4.6566e+01,4.4289e+01,4.4942e+01,4.2965e+01,4.3549e+01,4.1291e+01,4.3037e+01,4.2241e+01,4.4044e+01,4.4008e+01,4.1635e+01,3.8295e+01,3.6668e+01,3.8137e+01,3.7114e+01,3.6691e+01,3.4738e+01,3.3129e+01,3.5572e+01,3.3618e+01,3.6364e+01,3.7175e+01,3.7716e+01,3.4159e+01,3.1678e+01,2.9569e+01,2.7520e+01,2.8388e+01,3.0706e+01,3.2180e+01,3.4820e+01,3.7394e+01,3.9424e+01,3.8507e+01,3.6307e+01,3.8231e+01,4.0847e+01,4.2315e+01,4.0597e+01,3.8157e+01,3.4905e+01,3.1869e+01,2.9026e+01,2.5669e+01,2.5725e+01,2.8764e+01,2.8289e+01,2.4947e+01,2.4228e+01,2.5109e+01,2.2766e+01,2.3181e+01,2.5373e+01,2.5670e+01,2.4734e+01,2.2861e+01,2.0416e+01,1.7325e+01,1.6782e+01,1.8552e+01,1.8185e+01,1.6857e+01,1.8760e+01,1.7954e+01,2.0009e+01,2.3290e+01,2.4767e+01,2.2729e+01,1.9852e+01,1.7403e+01,1.8517e+01,2.0374e+01,2.1320e+01,2.2938e+01,2.6218e+01,2.6750e+01,2.6063e+01,2.8032e+01,2.8552e+01,2.8389e+01,3.0151e+01,3.1207e+01,3.4261e+01,3.4253e+01,3.1331e+01,2.9066e+01,2.6334e+01,2.6587e+01,2.4321e+01,2.4669e+01,2.3186e+01,2.5848e+01,2.5665e+01,2.6931e+01,3.0174e+01,3.2552e+01,3.3890e+01,3.2778e+01,3.5640e+01,3.7629e+01,3.7695e+01,3.4607e+01,3.4249e+01,3.1368e+01,3.0420e+01,3.3398e+01,3.1879e+01,3.3478e+01,3.5491e+01,3.6688e+01,3.8760e+01,3.8652e+01,3.9629e+01,3.9325e+01,3.7890e+01,3.4354e+01,3.2144e+01,2.9185e+01,2.6458e+01,2.5729e+01,2.3310e+01,2.1725e+01,1.8883e+01,1.9190e+01,1.8423e+01,1.7442e+01,1.7508e+01,2.0555e+01,2.2522e+01,2.4435e+01,2.7735e+01,2.9727e+01,3.1748e+01,3.4913e+01,3.8247e+01,3.8579e+01,4.0008e+01,3.8083e+01,3.7227e+01,3.6498e+01,3.7085e+01,3.8917e+01,3.6765e+01,3.4691e+01,3.4573e+01,3.2281e+01,3.2309e+01,3.0220e+01,3.0280e+01,3.1149e+01,3.3304e+01,3.3583e+01
3.9848e+01,3.8566e+01,3.8677e+01,3.9734e+01,3.9558e+01,3.9619e+01,4.0306e+01,4.2084e+01,4.5582e+01,4.8912e+01,5.0138e+01,5.0536e+01,4.9826e+01,5.1828e+01,5.1285e+01,5.3048e+01,5.3008e+01,5.1998e+01,4.9284e+01,4.7807e+01,4.5395e+01,4.3080e+01,4.3695e+01,4.1677e+01,4.2232e+01,3.9967e+01,4.1698e+01,4.0889e+01,4.2691e+01,4.2659e+01,4.0286e+01,3.6936e+01,3.5301e+01,3.6780e+01,3.5770e+01,3.5375e+01,3.3442e+01,3.1807e+01,3.4248e+01,3.2276e+01,3.5026e+01,3.5874e+01,3.6462e+01,3.2900e+01,3.0377e+01,2.8251e+01,2.6161e+01,2.7022e+01,2.9333e+01,3.0826e+01,3.3474e+01,3.6075e+01,3.8104e+01,3.7202e+01,3.5013e+01,3.6963e+01,3.9609e+01,4.1114e+01,3.9433e+01,3.6987e+01,3.3720e+01,3.0649e+01,2.7765e+01,2.4399e+01,2.4394e+01,2.7440e+01,2.6960e+01,2.3604e+01,2.2866e+01,2.3732e+01,2.1411e+01,2.1860e+01,2.4080e+01,2.4458e+01,2.3581e+01,2.1820e+01,1.9294e+01,1.6215e+01,1.5606e+01,1.7401e+01,1.7039e+01,1.5758e+01,1.7654e+01,1.6932e+01,1.9141e+01,2.2401e+01,2.3991e+01,2.2056e+01,1.9274e+01,1.6732e+01,1.7825e+01,1.9500e+01,2.0283e+01,2.1943e+01,2.5268e+01,2.5681e+01,2.4907e+01,2.6805e+01,2.7375e+01,2.7317e+01,2.9173e+01,3.0340e+01,3.3453e+01,3.3463e+01,3.0458e+01,2.8284e+01,2.5606e+01,2.6045e+01,2.3905e+01,2.4341e+01,2.2699e+01,2.5378e+01,2.5131e+01,2.6254e+01,2.9602e+01,3.1912e+01,3.3150e+01,3.1909e+01,3.4749e+01,3.6668e+01,3.6660e+01,3.3508e+01,3.3073e+01,3.0199e+01,2.9249e+01,3.2275e+01,3.0782e+01,3.2494e+01,3.4574e+01,3.5889e+01,3.7965e+01,3.7807e+01,3.8688e+01,3.8346e+01,3.6930e+01,3.3354e+01,3.1189e+01,2.8273e+01,2.5436e+01,2.4753e+01,2.2427e+01,2.0854e+01,1.8038e+01,1.8266e+01,1.7670e+01,1.6540e+01,1.6402e+01,1.9381e+01,2.1275e+01,2.3123e+01,2.6428e+01,2.8385e+01,3.0404e+01,3.3572e+01,3.6920e+01,3.7280e+01,3.8715e+01,3.6767e+01,3.5947e+01,3.5241e+01,3.5875e+01,3.7732e+01,3.5607e+01,3.3499e+01,3.3340e+01,3.1057e+01,3.1111e+01,2.9063e+01,2.9149e+01,3.0091e+01,3.2264e+01,3.2564e+01
3.8263e+01,3.6923e+01,3.6953e+01,3.7992e+01,3.7743e+01,3.7842e+01,3.8499e+01,4.0238e+01,4.3768e+01,4.7120e+01,4.8406e+01,4.8837e+01,4.8193e+01,5.0214e+01,4.9635e+01,5.1443e+01,5.1456e+01,5.0411e+01,4.7657e+01,4.6110e+01,4.3637e+01,4.1279e+01,4.1838e+01,3.9769e+01,4.0288e+01,3.7977e+01,3.9714e+01,3.8920e+01,4.0751e+01,4.0764e+01,3.8394e+01,3.4996e+01,3.3304e+01,3.4766e+01,3.3745e+01,3.3343e+01,3.1411e+01,2.9766e+01,3.2258e+01,3.0286e+01,3.3101e+01,3.4006e+01,3.4695e+01,3.1099e+01,2.8510e+01,2.6277e+01,2.4100e+01,2.4905e+01,2.7232e+01,2.8731e+01,3.1420e+01,3.4053e+01,3.6122e+01,3.5251e+01,3.3036e+01,3.5010e+01,3.7705e+01,3.9258e+01,3.7603e+01,3.5123e+01,3.1827e+01,2.8683e+01,2.5730e+01,2.2318e+01,2.2228e+01,2.5318e+01,2.4828e+01,2.1411e+01,2.0672e+01,2.1562e+01,1.9247e+01,1.9834e+01,2.2140e+01,2.2664e+01,2.1938e+01,2.0355e+01,1.7645e+01,1.4453e+01,1.3818e+01,1.5893e+01,1.5491e+01,1.4008e+01,1.5853e+01,1.5065e+01,1.7561e+01,2.0877e+01,2.2578e+01,2.0702e+01,1.7977e+01,1.5207e+01,1.6335e+01,1.7820e+01,1.8400e+01,2.0168e+01,2.3606e+01,2.3900e+01,2.2978e+01,2.4812e+01,2.5427e+01,2.5499e+01,2.7485e+01,2.8805e+01,3.2013e+01,3.2055e+01,2.8932e+01,2.6851e+01,2.4205e+01,2.4878e+01,2.2866e+01,2.3423e+01,2.1585e+01,2.4321e+01,2.4020e+01,2.4962e+01,2.8444e+01,3.0658e+01,3.1762e+01,3.0355e+01,3.3181e+01,3.5018e+01,3.4935e+01,3.1699e+01,3.1166e+01,2.8277e+01,2.7310e+01,3.0400e+01,2.8938e+01,3.0784e+01,3.2941e+01,3.4402e+01,3.6498e+01,3.6292e+01,3.7054e+01,3.6679e+01,3.5298e+01,3.1666e+01,2.9570e+01,2.6702e+01,2.3698e+01,2.3089e+01,2.0895e+01,1.9323e+01,1.6489e+01,1.6581e+01,1.6243e+01,1.4883e+01,1.4439e+01,1.7408e+01,1.9272e+01,2.1041e+01,2.4423e+01,2.6387e+01,2.8375e+01,3.1587e+01,3.4985e+01,3.5422e+01,3.6895e+01,3.4958e+01,3.4215e+01,3.3595e+01,3.4337e+01,3.6234e+01,3.4118e+01,3.1919e+01,3.1668e+01,2.9381e+01,2.9532e+01,2.7518e+01,2.7597e+01,2.8622e+01,3.0863e+01,3.1153e+01
3.7039e+01,3.5617e+01,3.5528e+01,3.6489e+01,3.6099e+01,3.6162e+01,3.6711e+01,3.8457e+01,4.2000e+01,4.5401e+01,4.6774e+01,4.7177e+01,4.6587e+01,4.8568e+01,4.7903e+01,4.9697e+01,4.9708e+01,4.8594e+01,4.5784e+01,4.4222e+01,4.1691e+01,3.9346e+01,3.9901e+01,3.7852e+01,3.8397e+01,3.6048e+01,3.7862e+01,3.7146e+01,3.9085e+01,3.9211e+01,3.6818e+01,3.3346e+01,3.1566e+01,3.2937e+01,3.1808e+01,3.1340e+01,2.9324e+01,2.7697e+01,3.0281e+01,2.8389e+01,3.1322e+01,3.2203e+01,3.2966e+01,2.9326e+01,2.6760e+01,2.4356e+01,2.2181e+01,2.2870e+01,2.5294e+01,2.6774e+01,2.9578e+01,3.2199e+01,3.4390e+01,3.3633e+01,3.1338e+01,3.3262e+01,3.6061e+01,3.7604e+01,3.5919e+01,3.3342e+01,3.0058e+01,2.6799e+01,2.3826e+01,2.0318e+01,2.0144e+01,2.3240e+01,2.2652e+01,1.9162e+01,1.8497e+01,1.9584e+01,1.7416e+01,1.8348e+01,2.0824e+01,2.1631e+01,2.1148e+01,1.9863e+01,1.6938e+01,1.3708e+01,1.2962e+01,1.5162e+01,1.4396e+01,1.2388e+01,1.3947e+01,1.2921e+01,1.5619e+01,1.8974e+01,2.0706e+01,1.8864e+01,1.6229e+01,1.3309e+01,1.4457e+01,1.5724e+01,1.6134e+01,1.8000e+01,2.1518e+01,2.1775e+01,2.0750e+01,2.2611e+01,2.3222e+01,2.3328e+01,2.5407e+01,2.6807e+01,3.0077e+01,3.0134e+01,2.6930e+01,2.4908e+01,2.2291e+01,2.3156e+01,2.1287e+01,2.1958e+01,1.9971e+01,2.2737e+01,2.2425e+01,2.3237e+01,2.6815e+01,2.8928e+01,2.9956e+01,2.8421e+01,3.1218e+01,3.3032e+01,3.2891e+01,2.9602e+01,2.9058e+01,2.6159e+01,2.5245e+01,2.8429e+01,2.7062e+01,2.8985e+01,3.1136e+01,3.2686e+01,3.4856e+01,3.4687e+01,3.5355e+01,3.5034e+01,3.3758e+01,3.0093e+01,2.8120e+01,2.5263e+01,2.2116e+01,2.1700e+01,1.9625e+01,1.8194e+01,1.5445e+01,1.5543e+01,1.5643e+01,1.4114e+01,1.3265e+01,1.6128e+01,1.7914e+01,1.9439e+01,2.2934e+01,2.4850e+01,2.6737e+01,2.9976e+01,3.3459e+01,3.4045e+01,3.5521e+01,3.3575e+01,3.3008e+01,3.2505e+01,3.3418e+01,3.5380e+01,3.3325e+01,3.1004e+01,3.0568e+01,2.8267e+01,2.8526e+01,2.6630e+01,2.6749e+01,2.7908e+01,3.0187e+01,3.0429e+01
3.6323e+01,3.4855e+01,3.4689e+01,3.5648e+01,3.5181e+01,3.5318e+01,3.5827e+01,3.7494e+01,4.1054e+01,4.4461e+01,4.5903e+01,4.6363e+01,4.5866e+01,4.7867e+01,4.7158e+01,4.8996e+01,4.9065e+01,4.7896e+01,4.5035e+01,4.3402e+01,4.0792e+01,3.8421e+01,3.8893e+01,3.6796e+01,3.7267e+01,3.4857e+01,3.6637e+01,3.5962e+01,3.7906e+01,3.8088e+01,3.5747e+01,3.2232e+01,3.0364e+01,3.1693e+01,3.0580e+01,3.0068e+01,2.8094e+01,2.6524e+01,2.9172e+01,2.7316e+01,3.0304e+01,3.1271e+01,3.2168e+01,2.8523e+01,2.5903e+01,2.3384e+01,2.1109e+01,2.1662e+01,2.4037e+01,2.5447e+01,2.8246e+01,3.0857e+01,3.3059e+01,3.2291e+01,2.9957e+01,3.1883e+01,3.4683e+01,3.6228e+01,3.4545e+01,3.1974e+01,2.8667e+01,2.5398e+01,2.2385e+01,1.8851e+01,1.8684e+01,2.1830e+01,2.1313e+01,1.7806e+01,1.7235e+01,1.8324e+01,1.6210e+01,1.7304e+01,1.9763e+01,2.0644e+01,2.0368e+01,1.9271e+01,1.6327e+01,1.3147e+01,1.2638e+01,1.5097e+01,1.4359e+01,1.2178e+01,1.3480e+01,1.2288e+01,1.5235e+01,1.8566e+01,2.0302e+01,1.8478e+01,1.5965e+01,1.2816e+01,1.3828e+01,1.4874e+01,1.5158e+01,1.7196e+01,2.0769e+01,2.0960e+01,1.9738e+01,2.1507e+01,2.2075e+01,2.2283e+01,2.4385e+01,2.5918e+01,2.9270e+01,2.9407e+01,2.6156e+01,2.4243e+01,2.1632e+01,2.2678e+01,2.0956e+01,2.1601e+01,1.9414e+01,2.2119e+01,2.1677e+01,2.2331e+01,2.5956e+01,2.8038e+01,2.8956e+01,2.7362e+01,3.0179e+01,3.1916e+01,3.1781e+01,2.8461e+01,2.7835e+01,2.4897e+01,2.3915e+01,2.7090e+01,2.5700e+01,2.7678e+01,2.9884e+01,3.1501e+01,3.3640e+01,3.3421e+01,3.4043e+01,3.3689e+01,3.2414e+01,2.8735e+01,2.6790e+01,2.3970e+01,2.0765e+01,2.0383e+01,1.8398e+01,1.6991e+01,1.4303e+01,1.4364e+01,1.4740e+01,1.3165e+01,1.2140e+01,1.4908e+01,1.6727e+01,1.8154e+01,2.1685e+01,2.3663e+01,2.5467e+01,2.8758e+01,3.2256e+01,3.2919e+01,3.4482e+01,3.2597e+01,3.2117e+01,3.1743e+01,3.2741e+01,3.4693e+01,3.2626e+01,3.0208e+01,2.9683e+01,2.7423e+01,2.7838e+01,2.5998e+01,2.6058e+01,2.7232e+01,2.9513e+01,2.9682e+01
3.3970e+01,3.2404e+01,3.2145e+01,3.3047e+01,3.2480e+01,3.2611e+01,3.3067e+01,3.4719e+01,3.8300e+01,4.1734e+01,4.3227e+01,4.3696e+01,4.3259e+01,4.5268e+01,4.4523e+01,4.6404e+01,4.6533e+01,4.5342e+01,4.2459e+01,4.0749e+01,3.8102e+01,3.5680e+01,3.6107e+01,3.3989e+01,3.4473e+01,3.2075e+01,3.3918e+01,3.3250e+01,3.5276e+01,3.5520e+01,3.3133e+01,2.9574e+01,2.7687e+01,2.8986e+01,2.7795e+01,2.7331e+01,2.5308e+01,2.3652e+01,2.6310e+01,2.4463e+01,2.7518e+01,2.8486e+01,2.9463e+01,2.5802e+01,2.3166e+01,2.0527e+01,1.8236e+01,1.8751e+01,2.1229e+01,2.2727e+01,2.5633e+01,2.8291e+01,3.0587e+01,2.9976e+01,2.7662e+01,2.9592e+01,3.2515e+01,3.4137e+01,3.2532e+01,2.9882e+01,2.6622e+01,2.3223e+01,2.0170e+01,1.6650e+01,1.6121e+01,1.9214e+01,1.8521e+01,1.4925e+01,1.4242e+01,1.5469e+01,1.3513e+01,1.4966e+01,1.7628e+01,1.8911e+01,1.8887e+01,1.8238e+01,1.5090e+01,1.2148e+01,1.1515e+01,1.3900e+01,1.2930e+01,1.0507e+01,1.1305e+01,1.0124e+01,1.3478e+01,1.6636e+01,1.8586e+01,1.7097e+01,1.4979e+01,1.1820e+01,1.2848e+01,1.3315e+01,1.2962e+01,1.4976e+01,1.8624e+01,1.8501e+01,1.7108e+01,1.8748e+01,1.9500e+01,1.9952e+01,2.2306e+01,2.4041e+01,2.7446e+01,2.7590e+01,2.4191e+01,2.2512e+01,2.0127e+01,2.1583e+01,2.0212e+01,2.1095e+01,1.8720e+01,2.1389e+01,2.0922e+01,2.1238e+01,2.4938e+01,2.6765e+01,2.7449e+01,2.5580e+01,2.8269e+01,2.9856e+01,2.9532e+01,2.6101e+01,2.5351e+01,2.2498e+01,2.1619e+01,2.4911e+01,2.3710e+01,2.5898e+01,2.8139e+01,2.9976e+01,3.2171e+01,3.1933e+01,3.2316e+01,3.1970e+01,3.0849e+01,2.7148e+01,2.5443e+01,2.2787e+01,1.9391e+01,1.9276e+01,1.7673e+01,1.6432e+01,1.3986e+01,1.3784e+01,1.4713e+01,1.2800e+01,1.1011e+01,1.3347e+01,1.4781e+01,1.5849e+01,1.9454e+01,2.1244e+01,2.2981e+01,2.6225e+01,2.9787e+01,3.0549e+01,3.2045e+01,3.0138e+01,2.9835e+01,2.9576e+01,3.0772e+01,3.2806e+01,3.0854e+01,2.8333e+01,2.7599e+01,2.5339e+01,2.5842e+01,2.4176e+01,2.4348e+01,2.5744e+01,2.8076e+01,2.8269e+01
3.3907e+01,3.2321e+01,3.1988e+01,3.2850e+01,3.2169e+01,3.2297e+01,3.2633e+01,3.4247e+01,3.7810e+01,4.1261e+01,4.2842e+01,4.3308e+01,4.2960e+01,4.4925e+01,4.4090e+01,4.5950e+01,4.6078e+01,4.4802e+01,4.1855e+01,4.0135e+01,3.7420e+01,3.5041e+01,3.5431e+01,3.3356e+01,3.3830e+01,3.1395e+01,3.3278e+01,3.2718e+01,3.4808e+01,3.5155e+01,3.2817e+01,2.9231e+01,2.7263e+01,2.8436e+01,2.7169e+01,2.6595e+01,2.4520e+01,2.2978e+01,2.5721e+01,2.4019e+01,2.7144e+01,2.8100e+01,2.9163e+01,2.5528e+01,2.2970e+01,2.0208e+01,1.7977e+01,1.8286e+01,2.0746e+01,2.2116e+01,2.5046e+01,2.7618e+01,2.9996e+01,2.9457e+01,2.7073e+01,2.8912e+01,3.1848e+01,3.3400e+01,3.1742e+01,2.9056e+01,2.5847e+01,2.2435e+01,1.9446e+01,1.5913e+01,1.5438e+01,1.8460e+01,1.7745e+01,1.4223e+01,1.3800e+01,1.5157e+01,1.3429e+01,1.5082e+01,1.7686e+01,1.9057e+01,1.9233e+01,1.8759e+01,1.5632e+01,1.2786e+01,1.2408e+01,1.4863e+01,1.3922e+01,1.1511e+01,1.1840e+01,1.0290e+01,1.3439e+01,1.6403e+01,1.8110e+01,1.6547e+01,1.4663e+01,1.1393e+01,1.1990e+01,1.2180e+01,1.1874e+01,1.4166e+01,1.7793e+01,1.7808e+01,1.6289e+01,1.7988e+01,1.8557e+01,1.8916e+01,2.1200e+01,2.2950e+01,2.6399e+01,2.6607e+01,2.3221e+01,2.1573e+01,1.9137e+01,2.0698e+01,1.9466e+01,2.0290e+01,1.7771e+01,2.0384e+01,1.9877e+01,2.0119e+01,2.3818e+01,2.5610e+01,2.6273e+01,2.4408e+01,2.7115e+01,2.8717e+01,2.8450e+01,2.5051e+01,2.4354e+01,2.1469e+01,2.0616e+01,2.3898e+01,2.2757e+01,2.4876e+01,2.7053e+01,2.8861e+01,3.1096e+01,3.0922e+01,3.1305e+01,3.1037e+01,2.9994e+01,2.6331e+01,2.4713e+01,2.2055e+01,1.8693e+01,1.8721e+01,1.7181e+01,1.6123e+01,1.3856e+01,1.3733e+01,1.4911e+01,1.3096e+01,1.1222e+01,1.3365e+01,1.4781e+01,1.5683e+01,1.9283e+01,2.1049e+01,2.2642e+01,2.5859e+01,2.9419e+01,3.0276e+01,3.1805e+01,2.9960e+01,2.9797e+01,2.9642e+01,3.0949e+01,3.2993e+01,3.1075e+01,2.8477e+01,2.7624e+01,2.5382e+01,2.5989e+01,2.4431e+01,2.4613e+01,2.6042e+01,2.8391e+01,2.8521e+01
3.0970e+01,2.9317e+01,2.8917e+01,2.9685e+01,2.8944e+01,2.9053e+01,2.9379e+01,3.0993e+01,3.4568e+01,3.8022e+01,3.9607e+01,4.0085e+01,3.9772e+01,4.1768e+01,4.0942e+01,4.2867e+01,4.3081e+01,4.1836e+01,3.8909e+01,3.7089e+01,3.4376e+01,3.1899e+01,3.2248e+01,3.0147e+01,3.0665e+01,2.8323e+01,3.0283e+01,2.9673e+01,3.1841e+01,3.2209e+01,2.9779e+01,2.6202e+01,2.4318e+01,2.5498e+01,2.4141e+01,2.3721e+01,2.1590e+01,1.9857e+01,2.2509e+01,2.0772e+01,2.3909e+01,2.4828e+01,2.5929e+01,2.2309e+01,1.9758e+01,1.6949e+01,1.4785e+01,1.5155e+01,1.7758e+01,1.9344e+01,2.2395e+01,2.5055e+01,2.7521e+01,2.7225e+01,2.4965e+01,2.6825e+01,2.9904e+01,3.1602e+01,3.0118e+01,2.7358e+01,2.4274e+01,2.0738e+01,1.7769e+01,1.4452e+01,1.3318e+01,1.6090e+01,1.5026e+01,1.1480e+01,1.0739e+01,1.2220e+01,1.0716e+01,1.2692e+01,1.5565e+01,1.7477e+01,1.7820e+01,1.7860e+01,1.4543e+01,1.2167e+01,1.1475e+01,1.3627e+01,1.2607e+01,1.0425e+01,1.0200e+01,9.1569e+00,1.2396e+01,1.4816e+01,1.6843e+01,1.5969e+01,1.4765e+01,1.2027e+01,1.2723e+01,1.2004e+01,1.0458e+01,1.2405e+01,1.5964e+01,1.5393e+01,1.3692e+01,1.5157e+01,1.6122e+01,1.6877e+01,1.9571e+01,2.1567e+01,2.5000e+01,2.5165e+01,2.1599e+01,2.0346e+01,1.8398e+01,2.0486e+01,1.9771e+01,2.0948e+01,1.8370e+01,2.0836e+01,2.0362e+01,2.0135e+01,2.3838e+01,2.5199e+01,2.5518e+01,2.3244e+01,2.5667e+01,2.7023e+01,2.6405e+01,2.2860e+01,2.1981e+01,1.9344e+01,1.8755e+01,2.2181e+01,2.1404e+01,2.3819e+01,2.6001e+01,2.8125e+01,3.0419e+01,3.0220e+01,3.0223e+01,2.9959e+01,2.9159e+01,2.5528e+01,2.4298e+01,2.1968e+01,1.8445e+01,1.8823e+01,1.7886e+01,1.7045e+01,1.5188e+01,1.4660e+01,1.6264e+01,1.4087e+01,1.1410e+01,1.2697e+01,1.3265e+01,1.3641e+01,1.7180e+01,1.8544e+01,2.0116e+01,2.3175e+01,2.6764e+01,2.7701e+01,2.9067e+01,2.7164e+01,2.7205e+01,2.7154e+01,2.8696e+01,3.0854e+01,2.9141e+01,2.6465e+01,2.5363e+01,2.3124e+01,2.3774e+01,2.2450e+01,2.2826e+01,2.4531e+01,2.6924e+01,2.7139e+01
2.9354e+01,2.7625e+01,2.7253e+01,2.7943e+01,2.7183e+01,2.7308e+01,2.7686e+01,2.9293e+01,3.2897e+01,3.6340e+01,3.7888e+01,3.8401e+01,3.8078e+01,4.0150e+01,3.9386e+01,4.1394e+01,4.1690e+01,4.0494e+01,3.7588e+01,3.5668e+01,3.2946e+01,3.0356e+01,3.0667e+01,2.8496e+01,2.9013e+01,2.6695e+01,2.8672e+01,2.8013e+01,3.0208e+01,3.0578e+01,2.8080e+01,2.4492e+01,2.2628e+01,2.3837e+01,2.2458e+01,2.2138e+01,2.0029e+01,1.8155e+01,2.0764e+01,1.8922e+01,2.2108e+01,2.3065e+01,2.4224e+01,2.0582e+01,1.7941e+01,1.5056e+01,1.2806e+01,1.3217e+01,1.5954e+01,1.7714e+01,2.0872e+01,2.3617e+01,2.6121e+01,2.5931e+01,2.3729e+01,2.5626e+01,2.8784e+01,3.0600e+01,2.9232e+01,2.6442e+01,2.3381e+01,1.9769e+01,1.6766e+01,1.3577e+01,1.1997e+01,1.4709e+01,1.3476e+01,9.7518e+00,8.6403e+00,1.0264e+01,8.8959e+00,1.1295e+01,1.4375e+01,1.6621e+01,1.7071e+01,1.7358e+01,1.3991e+01,1.1825e+01,1.0775e+01,1.2672e+01,1.1489e+01,9.3449e+00,9.0822e+00,8.7244e+00,1.2161e+01,1.4380e+01,1.6707e+01,1.6215e+01,1.5181e+01,1.2639e+01,1.3530e+01,1.2621e+01,1.0657e+01,1.2262e+01,1.5653e+01,1.4578e+01,1.2694e+01,1.3728e+01,1.5060e+01,1.6267e+01,1.9205e+01,2.1404e+01,2.4817e+01,2.4977e+01,2.1335e+01,2.0339e+01,1.8663e+01,2.0942e+01,2.0393e+01,2.1700e+01,1.9111e+01,2.1515e+01,2.1006e+01,2.0549e+01,2.4258e+01,2.5451e+01,2.5562e+01,2.3079e+01,2.5353e+01,2.6512e+01,2.5683e+01,2.2030e+01,2.0934e+01,1.8430e+01,1.7893e+01,2.1381e+01,2.0730e+01,2.3375e+01,2.5625e+01,2.7963e+01,3.0228e+01,2.9945e+01,2.9734e+01,2.9404e+01,2.8682e+01,2.5041e+01,2.3982e+01,2.1849e+01,1.8228e+01,1.8744e+01,1.8147e+01,1.7363e+01,1.5698e+01,1.4962e+01,1.6745e+01,1.4412e+01,1.1464e+01,1.2345e+01,1.2458e+01,1.2417e+01,1.5927e+01,1.7056e+01,1.8608e+01,2.1633e+01,2.5273e+01,2.6231e+01,2.7512e+01,2.5600e+01,2.5734e+01,2.5783e+01,2.7467e+01,2.9644e+01,2.8018e+01,2.5283e+01,2.4018e+01,2.1783e+01,2.2515e+01,2.1303e+01,2.1786e+01,2.3656e+01,2.6064e+01,2.6340e+01
2.6834e+01,2.5003e+01,2.4557e+01,2.5121e+01,2.4348e+01,2.4291e+01,2.4695e+01,2.6466e+01,3.0063e+01,3.3528e+01,3.4987e+01,3.5399e+01,3.4965e+01,3.7020e+01,3.6316e+01,3.8322e+01,3.8617e+01,3.7537e+01,3.4735e+01,3.2822e+01,3.0242e+01,2.7582e+01,2.8009e+01,2.5885e+01,2.6601e+01,2.4526e+01,2.6652e+01,2.5863e+01,2.8165e+01,2.8501e+01,2.5780e+01,2.2253e+01,2.0638e+01,2.1935e+01,2.0404e+01,2.0402e+01,1.8171e+01,1.5880e+01,1.8214e+01,1.6237e+01,1.9367e+01,2.0102e+01,2.1098e+01,1.7413e+01,1.4841e+01,1.2002e+01,1.0019e+01,1.0921e+01,1.4026e+01,1.6253e+01,1.9551e+01,2.2412e+01,2.4972e+01,2.5103e+01,2.3136e+01,2.5046e+01,2.8354e+01,3.0322e+01,2.9160e+01,2.6306e+01,2.3458e+01,1.9790e+01,1.6933e+01,1.4152e+01,1.1851e+01,1.4040e+01,1.2228e+01,8.6879e+00,6.5396e+00,8.4082e+00,7.4250e+00,1.0111e+01,1.3544e+01,1.6351e+01,1.6783e+01,1.7494e+01,1.4055e+01,1.2482e+01,1.0886e+01,1.1879e+01,1.0271e+01,8.3438e+00,7.1299e+00,7.6124e+00,1.0891e+01,1.2548e+01,1.5309e+01,1.5520e+01,1.4979e+01,1.3048e+01,1.4274e+01,1.3052e+01,1.0406e+01,1.1109e+01,1.4261e+01,1.2550e+01,1.0975e+01,1.1808e+01,1.3828e+01,1.5293e+01,1.8585e+01,2.0761e+01,2.3971e+01,2.3927e+01,2.0184e+01,1.9448e+01,1.8307e+01,2.0839e+01,2.0599e+01,2.2347e+01,1.9968e+01,2.2368e+01,2.2117e+01,2.1458e+01,2.5079e+01,2.5845e+01,2.5778e+01,2.2981e+01,2.4857e+01,2.5850e+01,2.4602e+01,2.0882e+01,1.9736e+01,1.7693e+01,1.7638e+01,2.1220e+01,2.1036e+01,2.3861e+01,2.5988e+01,2.8520e+01,3.0878e+01,3.0654e+01,3.0110e+01,2.9846e+01,2.9391e+01,2.5838e+01,2.5141e+01,2.3286e+01,1.9618e+01,2.0389e+01,2.0179e+01,1.9530e+01,1.8062e+01,1.7087e+01,1.8989e+01,1.6409e+01,1.3061e+01,1.3380e+01,1.2650e+01,1.2045e+01,1.5287e+01,1.5745e+01,1.7375e+01,2.0143e+01,2.3785e+01,2.4709e+01,2.5678e+01,2.3548e+01,2.3829e+01,2.3805e+01,2.5704e+01,2.8065e+01,2.6703e+01,2.3966e+01,2.2529e+01,2.0218e+01,2.0743e+01,1.9802e+01,2.0593e+01,2.2750e+01,2.5172e+01,2.5638e+01
2.4293e+01,2.2621e+01,2.2481e+01,2.3209e+01,2.2896e+01,2.2906e+01,2.3802e+01,2.5656e+01,2.9289e+01,3.2620e+01,3.3742e+01,3.4273e+01,3.3656e+01,3.5941e+01,3.5586e+01,3.7752e+01,3.8161e+01,3.7415e+01,3.4862e+01,3.2867e+01,3.0534e+01,2.7627e+01,2.8052e+01,2.5794e+01,2.6534e+01,2.4812e+01,2.6798e+01,2.5547e+01,2.7615e+01,2.7527e+01,2.4601e+01,2.1268e+01,2.0188e+01,2.2000e+01,2.0747e+01,2.1364e+01,1.9358e+01,1.6554e+01,1.8246e+01,1.5688e+01,1.8352e+01,1.9075e+01,1.9708e+01,1.6013e+01,1.3195e+01,1.1084e+01,9.1076e+00,1.1170e+01,1.4187e+01,1.7031e+01,2.0106e+01,2.3297e+01,2.5570e+01,2.5640e+01,2.4137e+01,2.6379e+01,2.9592e+01,3.1896e+01,3.1094e+01,2.8420e+01,2.5582e+01,2.2020e+01,1.9026e+01,1.6561e+01,1.3826e+01,1.5889e+01,1.4064e+01,1.0803e+01,7.6514e+00,8.3789e+00,6.5403e+00,8.2002e+00,1.1950e+01,1.4834e+01,1.4683e+01,1.5325e+01,1.1814e+01,1.0687e+01,8.6136e+00,8.8833e+00,7.5540e+00,6.8381e+00,6.4766e+00,8.6164e+00,1.1679e+01,1.3218e+01,1.6510e+01,1.7143e+01,1.6467e+01,1.4924e+01,1.6771e+01,1.5893e+01,1.3214e+01,1.3256e+01,1.6247e+01,1.4119e+01,1.3082e+01,1.3631e+01,1.6237e+01,1.7914e+01,2.1407e+01,2.3497e+01,2.6514e+01,2.6244e+01,2.2457e+01,2.1736e+01,2.0847e+01,2.3272e+01,2.2876e+01,2.4940e+01,2.2834e+01,2.5436e+01,2.5390e+01,2.4811e+01,2.8427e+01,2.9093e+01,2.9000e+01,2.6082e+01,2.7728e+01,2.8579e+01,2.7022e+01,2.3278e+01,2.1981e+01,2.0309e+01,2.0384e+01,2.3881e+01,2.3790e+01,2.6803e+01,2.9015e+01,3.1687e+01,3.3969e+01,3.3607e+01,3.2873e+01,3.2430e+01,3.1919e+01,2.8371e+01,2.7676e+01,2.6034e+01,2.2297e+01,2.2784e+01,2.2713e+01,2.1669e+01,1.9942e+01,1.8411e+01,1.9902e+01,1.6854e+01,1.3276e+01,1.3404e+01,1.2021e+01,1.1774e+01,1.4765e+01,1.4844e+01,1.7051e+01,1.9579e+01,2.3071e+01,2.3569e+01,2.4262e+01,2.1882e+01,2.1867e+01,2.1530e+01,2.3374e+01,2.5897e+01,2.4607e+01,2.1944e+01,2.0660e+01,1.8098e+01,1.8272e+01,1.7192e+01,1.8188e+01,2.0449e+01,2.2967e+01,2.3687e+01
2.0707e+01,1.8957e+01,1.8768e+01,1.9514e+01,1.9335e+01,1.9457e+01,2.0630e+01,2.2415e+01,2.6065e+01,2.9302e+01,3.0296e+01,3.0958e+01,3.0381e+01,3.2822e+01,3.2643e+01,3.4999e+01,3.5639e+01,3.5086e+01,3.2712e+01,3.0514e+01,2.8315e+01,2.5184e+01,2.5450e+01,2.3037e+01,2.3734e+01,2.2314e+01,2.4201e+01,2.2644e+01,2.4618e+01,2.4342e+01,2.1260e+01,1.8077e+01,1.7422e+01,1.9510e+01,1.8418e+01,1.9600e+01,1.7858e+01,1.4643e+01,1.5700e+01,1.2754e+01,1.5037e+01,1.5819e+01,1.6419e+01,1.2840e+01,9.7566e+00,8.1996e+00,6.3223e+00,9.2752e+00,1.2108e+01,1.5432e+01,1.8298e+01,2.1638e+01,2.3723e+01,2.4006e+01,2.2950e+01,2.5307e+01,2.8498e+01,3.1039e+01,3.0615e+01,2.8085e+01,2.5471e+01,2.2064e+01,1.9224e+01,1.7394e+01,1.4118e+01,1.5559e+01,1.3594e+01,1.1038e+01,7.3287e+00,7.1347e+00,5.9628e+00,7.1689e+00,1.0704e+01,1.4044e+01,1.4016e+01,1.5344e+01,1.2263e+01,1.2265e+01,1.0441e+01,9.9136e+00,9.1047e+00,9.5027e+00,8.8264e+00,1.1473e+01,1.3949e+01,1.4646e+01,1.8078e+01,1.9370e+01,1.9202e+01,1.8087e+01,1.9883e+01,1.8628e+01,1.5525e+01,1.5071e+01,1.7472e+01,1.4681e+01,1.3716e+01,1.3451e+01,1.6567e+01,1.8744e+01,2.2397e+01,2.4639e+01,2.7447e+01,2.7123e+01,2.3360e+01,2.3138e+01,2.2807e+01,2.5504e+01,2.5484e+01,2.7729e+01,2.5659e+01,2.8068e+01,2.8004e+01,2.7082e+01,3.0565e+01,3.0866e+01,3.0420e+01,2.7233e+01,2.8492e+01,2.8942e+01,2.6996e+01,2.3265e+01,2.1663e+01,2.0521e+01,2.0817e+01,2.4149e+01,2.4384e+01,2.7629e+01,2.9855e+01,3.2792e+01,3.4967e+01,3.4475e+01,3.3343e+01,3.2785e+01,3.2441e+01,2.9040e+01,2.8683e+01,2.7482e+01,2.3781e+01,2.4362e+01,2.4790e+01,2.3801e+01,2.2362e+01,2.0513e+01,2.2118e+01,1.8959e+01,1.5213e+01,1.4517e+01,1.2221e+01,1.1358e+01,1.3588e+01,1.2806e+01,1.5101e+01,1.7144e+01,2.0465e+01,2.0832e+01,2.1186e+01,1.8630e+01,1.8752e+01,1.8415e+01,2.0514e+01,2.3172e+01,2.2203e+01,1.9542e+01,1.8023e+01,1.5476e+01,1.5550e+01,1.4965e+01,1.6209e+01,1.8753e+01,2.1177e+01,2.2037e+01
2.0271e+01,1.8920e+01,1.9193e+01,2.0225e+01,2.0688e+01,2.1046e+01,2.2737e+01,2.4452e+01,2.8074e+01,3.1092e+01,3.1746e+01,3.2599e+01,3.1882e+01,3.4542e+01,3.4706e+01,3.7179e+01,3.7903e+01,3.7626e+01,3.5463e+01,3.3248e+01,3.1246e+01,2.7999e+01,2.8207e+01,2.5680e+01,2.6235e+01,2.5009e+01,2.6587e+01,2.4631e+01,2.6174e+01,2.5387e+01,2.2327e+01,1.9422e+01,1.9200e+01,2.1757e+01,2.1134e+01,2.2643e+01,2.1207e+01,1.7919e+01,1.8606e+01,1.5312e+01,1.6991e+01,1.7931e+01,1.8196e+01,1.4830e+01,1.1633e+01,1.1074e+01,9.1666e+00,1.2380e+01,1.4675e+01,1.8094e+01,2.0556e+01,2.4102e+01,2.5786e+01,2.5699e+01,2.4965e+01,2.7657e+01,3.0622e+01,3.3384e+01,3.3169e+01,3.0871e+01,2.8092e+01,2.4816e+01,2.1725e+01,1.9838e+01,1.6704e+01,1.8493e+01,1.6938e+01,1.4295e+01,1.0653e+01,9.6028e+00,7.2436e+00,6.4236e+00,9.7866e+00,1.2562e+01,1.1624e+01,1.2504e+01,9.4696e+00,9.9055e+00,8.0428e+00,7.0575e+00,7.4945e+00,9.2948e+00,1.0023e+01,1.3169e+01,1.5713e+01,1.6827e+01,2.0451e+01,2.1582e+01,2.0917e+01,1.9739e+01,2.1934e+01,2.1192e+01,1.8411e+01,1.7992e+01,2.0609e+01,1.7980e+01,1.7266e+01,1.7160e+01,2.0245e+01,2.2336e+01,2.5968e+01,2.8127e+01,3.0944e+01,3.0533e+01,2.6763e+01,2.6287e+01,2.5764e+01,2.8194e+01,2.7789e+01,3.0067e+01,2.8121e+01,3.0768e+01,3.0756e+01,3.0078e+01,3.3656e+01,3.4169e+01,3.3858e+01,3.0759e+01,3.2130e+01,3.2626e+01,3.0713e+01,2.6979e+01,2.5322e+01,2.4112e+01,2.4193e+01,2.7453e+01,2.7424e+01,3.0729e+01,3.3130e+01,3.6059e+01,3.8123e+01,3.7465e+01,3.6408e+01,3.5625e+01,3.5013e+01,3.1539e+01,3.0895e+01,2.9683e+01,2.5929e+01,2.6046e+01,2.6321e+01,2.4832e+01,2.2986e+01,2.0715e+01,2.1736e+01,1.8251e+01,1.4599e+01,1.4086e+01,1.1689e+01,1.1818e+01,1.3937e+01,1.3375e+01,1.6310e+01,1.8292e+01,2.1350e+01,2.1124e+01,2.1390e+01,1.8729e+01,1.8178e+01,1.7317e+01,1.9004e+01,2.1719e+01,2.0608e+01,1.8131e+01,1.7113e+01,1.4280e+01,1.3837e+01,1.2693e+01,1.4160e+01,1.6675e+01,1.9249e+01,2.0412e+01
1.7706e+01,1.6520e+01,1.6917e+01,1.8193e+01,1.9113e+01,1.9965e+01,2.2130e+01,2.3480e+01,2.7066e+01,2.9818e+01,3.0272e+01,3.1469e+01,3.0890e+01,3.3809e+01,3.4244e+01,3.6978e+01,3.8022e+01,3.7958e+01,3.6001e+01,3.3545e+01,3.1656e+01,2.8211e+01,2.8081e+01,2.5295e+01,2.5514e+01,2.4506e+01,2.5654e+01,2.3270e+01,2.4351e+01,2.3110e+01,2.0135e+01,1.7546e+01,1.7812e+01,2.0814e+01,2.0764e+01,2.2779e+01,2.1890e+01,1.8518e+01,1.8634e+01,1.5012e+01,1.5964e+01,1.7331e+01,1.7681e+01,1.4792e+01,1.1367e+01,1.1742e+01,9.7391e+00,1.3070e+01,1.4542e+01,1.8069e+01,1.9950e+01,2.3636e+01,2.4832e+01,2.4578e+01,2.4381e+01,2.7339e+01,3.0054e+01,3.3090e+01,3.3293e+01,3.1323e+01,2.8613e+01,2.5627e+01,2.2540e+01,2.1136e+01,1.7862e+01,1.9421e+01,1.8244e+01,1.6093e+01,1.2510e+01,1.0433e+01,8.2756e+00,6.0887e+00,8.2444e+00,1.0844e+01,9.7644e+00,1.1287e+01,9.2107e+00,1.1015e+01,1.0094e+01,9.0954e+00,1.0535e+01,1.2862e+01,1.3704e+01,1.6885e+01,1.9352e+01,2.0228e+01,2.3864e+01,2.5183e+01,2.4624e+01,2.3454e+01,2.5571e+01,2.4684e+01,2.1778e+01,2.1366e+01,2.3773e+01,2.0881e+01,2.0021e+01,1.9356e+01,2.2536e+01,2.4992e+01,2.8631e+01,3.0988e+01,3.3762e+01,3.3413e+01,2.9673e+01,2.9481e+01,2.9145e+01,3.1711e+01,3.1434e+01,3.3693e+01,3.1659e+01,3.4191e+01,3.4017e+01,3.3127e+01,3.6668e+01,3.7088e+01,3.6513e+01,3.3303e+01,3.4549e+01,3.4709e+01,3.2651e+01,2.8942e+01,2.6937e+01,2.5956e+01,2.5898e+01,2.8897e+01,2.8848e+01,3.2344e+01,3.4912e+01,3.8042e+01,3.9871e+01,3.8941e+01,3.7647e+01,3.6581e+01,3.5884e+01,3.2516e+01,3.1949e+01,3.1117e+01,2.7420e+01,2.7333e+01,2.7963e+01,2.6301e+01,2.4595e+01,2.1926e+01,2.2836e+01,1.9291e+01,1.5717e+01,1.4515e+01,1.1486e+01,1.1576e+01,1.2779e+01,1.1750e+01,1.5013e+01,1.6546e+01,1.9207e+01,1.8508e+01,1.8578e+01,1.5863e+01,1.4936e+01,1.3869e+01,1.5483e+01,1.8255e+01,1.7276e+01,1.4855e+01,1.3931e+01,1.0998e+01,1.0327e+01,9.3563e+00,1.1226e+01,1.4012e+01,1.6519e+01,1.7943e+01
1.5018e+01,1.3486e+01,1.3556e+01,1.4617e+01,1.5386e+01,1.6288e+01,1.8503e+01,1.9767e+01,2.3342e+01,2.6081e+01,2.6581e+01,2.7807e+01,2.7346e+01,3.0291e+01,3.0708e+01,3.3537e+01,3.4739e+01,3.4693e+01,3.2799e+01,3.0202e+01,2.8357e+01,2.4829e+01,2.4578e+01,2.1754e+01,2.1995e+01,2.1232e+01,2.2415e+01,1.9952e+01,2.1152e+01,1.9997e+01,1.6816e+01,1.4299e+01,1.4882e+01,1.7872e+01,1.7768e+01,2.0110e+01,1.9357e+01,1.5845e+01,1.5445e+01,1.1729e+01,1.2335e+01,1.3715e+01,1.4193e+01,1.1543e+01,8.0420e+00,9.0351e+00,7.5832e+00,1.1053e+01,1.2279e+01,1.5987e+01,1.7774e+01,2.1363e+01,2.2581e+01,2.2765e+01,2.2792e+01,2.5576e+01,2.8364e+01,3.1422e+01,3.1807e+01,2.9835e+01,2.7457e+01,2.4577e+01,2.1848e+01,2.0954e+01,1.7386e+01,1.8229e+01,1.6813e+01,1.5346e+01,1.1800e+01,9.6809e+00,8.9003e+00,7.6926e+00,9.3614e+00,1.2508e+01,1.2267e+01,1.4462e+01,1.2697e+01,1.4526e+01,1.3531e+01,1.2359e+01,1.3051e+01,1.4956e+01,1.4925e+01,1.8006e+01,2.0139e+01,2.0356e+01,2.3876e+01,2.5628e+01,2.5619e+01,2.4723e+01,2.6608e+01,2.5258e+01,2.2001e+01,2.1312e+01,2.3219e+01,1.9965e+01,1.9084e+01,1.7879e+01,2.1241e+01,2.3963e+01,2.7625e+01,3.0064e+01,3.2641e+01,3.2301e+01,2.8650e+01,2.8903e+01,2.9015e+01,3.1851e+01,3.2005e+01,3.4359e+01,3.2299e+01,3.4588e+01,3.4399e+01,3.3186e+01,3.6565e+01,3.6620e+01,3.5757e+01,3.2356e+01,3.3249e+01,3.3105e+01,3.0774e+01,2.7166e+01,2.5030e+01,2.4516e+01,2.4750e+01,2.7600e+01,2.7951e+01,3.1505e+01,3.3926e+01,3.7203e+01,3.9019e+01,3.8123e+01,3.6508e+01,3.5520e+01,3.5134e+01,3.1964e+01,3.1830e+01,3.1303e+01,2.7706e+01,2.7994e+01,2.9015e+01,2.7736e+01,2.6465e+01,2.3941e+01,2.5290e+01,2.1929e+01,1.8255e+01,1.6572e+01,1.3209e+01,1.2226e+01,1.2716e+01,1.0670e+01,1.3483e+01,1.4391e+01,1.6930e+01,1.6449e+01,1.6111e+01,1.3204e+01,1.2939e+01,1.2243e+01,1.4579e+01,1.7461e+01,1.7016e+01,1.4500e+01,1.2853e+01,1.0224e+01,9.8150e+00,1.0304e+01,1.2194e+01,1.5095e+01,1.7279e+01,1.8596e+01
1.3417e+01,1.1750e+01,1.1652e+01,1.2942e+01,1.3825e+01,1.5462e+01,1.7884e+01,1.8512e+01,2.2055e+01,2.4564e+01,2.5112e+01,2.6749e+01,2.6661e+01,2.9789e+01,3.0279e+01,3.3349e+01,3.4883e+01,3.4853e+01,3.3019e+01,3.0141e+01,2.8234e+01,2.4579e+01,2.3825e+01,2.0706e+01,2.0429e+01,1.9690e+01,2.0378e+01,1.7659e+01,1.8470e+01,1.7098e+01,1.4106e+01,1.1712e+01,1.2525e+01,1.5821e+01,1.6319e+01,1.8982e+01,1.8871e+01,1.5580e+01,1.4808e+01,1.1062e+01,1.1056e+01,1.3157e+01,1.4173e+01,1.2178e+01,8.7559e+00,1.0032e+01,8.4155e+00,1.1164e+01,1.1290e+01,1.4804e+01,1.5959e+01,1.9568e+01,2.0361e+01,2.0448e+01,2.0908e+01,2.3833e+01,2.6374e+01,2.9617e+01,3.0349e+01,2.8684e+01,2.6432e+01,2.3881e+01,2.1284e+01,2.0938e+01,1.7360e+01,1.7874e+01,1.6938e+01,1.6051e+01,1.2921e+01,1.0154e+01,9.9924e+00,8.6848e+00,8.9854e+00,1.2000e+01,1.2447e+01,1.5272e+01,1.4221e+01,1.6533e+01,1.6167e+01,1.5389e+01,1.6356e+01,1.8175e+01,1.8065e+01,2.0916e+01,2.3124e+01,2.3208e+01,2.6579e+01,2.8362e+01,2.8510e+01,2.7488e+01,2.9097e+01,2.7479e+01,2.4129e+01,2.3642e+01,2.5365e+01,2.1997e+01,2.0764e+01,1.9007e+01,2.2221e+01,2.5272e+01,2.8823e+01,3.1506e+01,3.4084e+01,3.3919e+01,3.0349e+01,3.0932e+01,3.1165e+01,3.4186e+01,3.4549e+01,3.6768e+01,3.4517e+01,3.6581e+01,3.6136e+01,3.4631e+01,3.7925e+01,3.7886e+01,3.6716e+01,3.3260e+01,3.4064e+01,3.3555e+01,3.1191e+01,2.7669e+01,2.5186e+01,2.4842e+01,2.4873e+01,2.7368e+01,2.7699e+01,3.1361e+01,3.3898e+01,3.7332e+01,3.8883e+01,3.7741e+01,3.5900e+01,3.4677e+01,3.4270e+01,3.1273e+01,3.1303e+01,3.1177e+01,2.7730e+01,2.7968e+01,2.9388e+01,2.8165e+01,2.7235e+01,2.4576e+01,2.6088e+01,2.2904e+01,1.9343e+01,1.7044e+01,1.3387e+01,1.1917e+01,1.1388e+01,8.7059e+00,1.1357e+01,1.1754e+01,1.3963e+01,1.3301e+01,1.2982e+01,1.0220e+01,1.0186e+01,1.0243e+01,1.2880e+01,1.5552e+01,1.5208e+01,1.2494e+01,1.0335e+01,8.0617e+00,8.8609e+00,1.0047e+01,1.1489e+01,1.4329e+01,1.6163e+01,1.7346e+01
1.0827e+01,9.0091e+00,9.2422e+00,1.0335e+01,1.1723e+01,1.3199e+01,1.6011e+01,1.6785e+01,2.0125e+01,2.2435e+01,2.2618e+01,2.4212e+01,2.3930e+01,2.7155e+01,2.7907e+01,3.1025e+01,3.2629e+01,3.2862e+01,3.1295e+01,2.8440e+01,2.6851e+01,2.3158e+01,2.2540e+01,1.9605e+01,1.9597e+01,1.9476e+01,2.0221e+01,1.7288e+01,1.8028e+01,1.6419e+01,1.3116e+01,1.1391e+01,1.3091e+01,1.6322e+01,1.6736e+01,1.9742e+01,1.9616e+01,1.6194e+01,1.4701e+01,1.1057e+01,1.0152e+01,1.1739e+01,1.2176e+01,1.0726e+01,7.9823e+00,1.0356e+01,9.9876e+00,1.2823e+01,1.2989e+01,1.6488e+01,1.7496e+01,2.0852e+01,2.1561e+01,2.2034e+01,2.2787e+01,2.5499e+01,2.8036e+01,3.1272e+01,3.2164e+01,3.0499e+01,2.8541e+01,2.6068e+01,2.3767e+01,2.3619e+01,1.9965e+01,2.0053e+01,1.8777e+01,1.8227e+01,1.5074e+01,1.2788e+01,1.2970e+01,1.1864e+01,1.2247e+01,1.5023e+01,1.5186e+01,1.7844e+01,1.6858e+01,1.9147e+01,1.8398e+01,1.7042e+01,1.7730e+01,1.9703e+01,1.9366e+01,2.2400e+01,2.4185e+01,2.3845e+01,2.7212e+01,2.9352e+01,2.9746e+01,2.9100e+01,3.0844e+01,2.9190e+01,2.5728e+01,2.4807e+01,2.6184e+01,2.2652e+01,2.1825e+01,2.0029e+01,2.3431e+01,2.6416e+01,3.0001e+01,3.2512e+01,3.4817e+01,3.4481e+01,3.1008e+01,3.1731e+01,3.2295e+01,3.5318e+01,3.5812e+01,3.8248e+01,3.6195e+01,3.8266e+01,3.8029e+01,3.6506e+01,3.9702e+01,3.9419e+01,3.8215e+01,3.4660e+01,3.5145e+01,3.4557e+01,3.1921e+01,2.8535e+01,2.6178e+01,2.6266e+01,2.6677e+01,2.9130e+01,2.9799e+01,3.3414e+01,3.5743e+01,3.9197e+01,4.0830e+01,3.9808e+01,3.7794e+01,3.6701e+01,3.6530e+01,3.3674e+01,3.3938e+01,3.3902e+01,3.0513e+01,3.0937e+01,3.2413e+01,3.1312e+01,3.0418e+01,2.7818e+01,2.9315e+01,2.6079e+01,2.2506e+01,2.0321e+01,1.6665e+01,1.5167e+01,1.4439e+01,1.1464e+01,1.3661e+01,1.3247e+01,1.4882e+01,1.4023e+01,1.2786e+01,9.6899e+00,9.7882e+00,9.3351e+00,1.2423e+01,1.5263e+01,1.5650e+01,1.3400e+01,1.1228e+01,9.6210e+00,9.3875e+00,1.1616e+01,1.3362e+01,1.6016e+01,1.7508e+01,1.8873e+01
1.0464e+01,9.1626e+00,9.8822e+00,1.0700e+01,1.2521e+01,1.3290e+01,1.6238e+01,1.7537e+01,2.0644e+01,2.2869e+01,2.2657e+01,2.3940e+01,2.3200e+01,2.6382e+01,2.7356e+01,3.0334e+01,3.1758e+01,3.2227e+01,3.0861e+01,2.8249e+01,2.6975e+01,2.3385e+01,2.3222e+01,2.0661e+01,2.1154e+01,2.1404e+01,2.2441e+01,1.9562e+01,2.0417e+01,1.8751e+01,1.5315e+01,1.4009e+01,1.5937e+01,1.8938e+01,1.8984e+01,2.1941e+01,2.1427e+01,1.7849e+01,1.6230e+01,1.2772e+01,1.1786e+01,1.2466e+01,1.1982e+01,1.0607e+01,8.5757e+00,1.1245e+01,1.1616e+01,1.4772e+01,1.5534e+01,1.9112e+01,2.0379e+01,2.3614e+01,2.4480e+01,2.5125e+01,2.5796e+01,2.8364e+01,3.1016e+01,3.4154e+01,3.4937e+01,3.3115e+01,3.1203e+01,2.8582e+01,2.6311e+01,2.5923e+01,2.2259e+01,2.2390e+01,2.0722e+01,1.9972e+01,1.6616e+01,1.4870e+01,1.4806e+01,1.3716e+01,1.4621e+01,1.7257e+01,1.6829e+01,1.8991e+01,1.7800e+01,1.9855e+01,1.8611e+01,1.6673e+01,1.7102e+01,1.9270e+01,1.8945e+01,2.2210e+01,2.3638e+01,2.3141e+01,2.6587e+01,2.8907e+01,2.9305e+01,2.8985e+01,3.1014e+01,2.9570e+01,2.6156e+01,2.4851e+01,2.6144e+01,2.2637e+01,2.2323e+01,2.0907e+01,2.4466e+01,2.7167e+01,3.0820e+01,3.3047e+01,3.5178e+01,3.4612e+01,3.1163e+01,3.1722e+01,3.2386e+01,3.5246e+01,3.5640e+01,3.8293e+01,3.6506e+01,3.8746e+01,3.8806e+01,3.7490e+01,4.0687e+01,4.0351e+01,3.9347e+01,3.5791e+01,3.6164e+01,3.5783e+01,3.3026e+01,2.9676e+01,2.7632e+01,2.7829e+01,2.8546e+01,3.1193e+01,3.2015e+01,3.5546e+01,3.7707e+01,4.1067e+01,4.2899e+01,4.2078e+01,4.0125e+01,3.9221e+01,3.9150e+01,3.6248e+01,3.6493e+01,3.6260e+01,3.2808e+01,3.3300e+01,3.4549e+01,3.3420e+01,3.2305e+01,2.9770e+01,3.1093e+01,2.7713e+01,2.4118e+01,2.2331e+01,1.8824e+01,1.7666e+01,1.7357e+01,1.4628e+01,1.6880e+01,1.6492e+01,1.8034e+01,1.7108e+01,1.5480e+01,1.2363e+01,1.2148e+01,1.0692e+01,1.3405e+01,1.6427e+01,1.7188e+01,1.5476e+01,1.3862e+01,1.2260e+01,1.0806e+01,1.2997e+01,1.5057e+01,1.7532e+01,1.9003e+01,2.0573e+01
1.0911e+01,9.6655e+00,1.0195e+01,1.0124e+01,1.1839e+01,1.1889e+01,1.4736e+01,1.6404e+01,1.9222e+01,2.1394e+01,2.0982e+01,2.1916e+01,2.0882e+01,2.3952e+01,2.4993e+01,2.7853e+01,2.9182e+01,2.9772e+01,2.8559e+01,2.6096e+01,2.5077e+01,2.1610e+01,2.1802e+01,1.9631e+01,2.0571e+01,2.1232e+01,2.2546e+01,1.9843e+01,2.0934e+01,1.9469e+01,1.5910e+01,1.4988e+01,1.7090e+01,1.9666e+01,1.9325e+01,2.2249e+01,2.1502e+01,1.7945e+01,1.6032e+01,1.3024e+01,1.1852e+01,1.1652e+01,1.0490e+01,9.5273e+00,8.6730e+00,1.1519e+01,1.2855e+01,1.5813e+01,1.6817e+01,2.0284e+01,2.1685e+01,2.4627e+01,2.5671e+01,2.6697e+01,2.7322e+01,2.9582e+01,3.2348e+01,3.5334e+01,3.6068e+01,3.4114e+01,3.2453e+01,2.9809e+01,2.7822e+01,2.7502e+01,2.3829e+01,2.3625e+01,2.1591e+01,2.1076e+01,1.7835e+01,1.6655e+01,1.6987e+01,1.6393e+01,1.7568e+01,2.0330e+01,1.9943e+01,2.1975e+01,2.0569e+01,2.2310e+01,2.0707e+01,1.8502e+01,1.8382e+01,2.0291e+01,1.9543e+01,2.2722e+01,2.3685e+01,2.2736e+01,2.6034e+01,2.8647e+01,2.9349e+01,2.9394e+01,3.1432e+01,2.9913e+01,2.6445e+01,2.4767e+01,2.5680e+01,2.2125e+01,2.2194e+01,2.0846e+01,2.4465e+01,2.6992e+01,3.0612e+01,3.2619e+01,3.4476e+01,3.3759e+01,3.0447e+01,3.1116e+01,3.2077e+01,3.4918e+01,3.5477e+01,3.8287e+01,3.6696e+01,3.8888e+01,3.9156e+01,3.7838e+01,4.0901e+01,4.0330e+01,3.9338e+01,3.5738e+01,3.5824e+01,3.5448e+01,3.2504e+01,2.9321e+01,2.7524e+01,2.8066e+01,2.9170e+01,3.1827e+01,3.2974e+01,3.6384e+01,3.8279e+01,4.1585e+01,4.3557e+01,4.2945e+01,4.0905e+01,4.0233e+01,4.0430e+01,3.7637e+01,3.8100e+01,3.7850e+01,3.4450e+01,3.5218e+01,3.6469e+01,3.5561e+01,3.4524e+01,3.2181e+01,3.3614e+01,3.0263e+01,2.6625e+01,2.4988e+01,2.1563e+01,2.0203e+01,1.9985e+01,1.7143e+01,1.9063e+01,1.8426e+01,1.9852e+01,1.9202e+01,1.7200e+01,1.4156e+01,1.4461e+01,1.3207e+01,1.5828e+01,1.8678e+01,1.9802e+01,1.8321e+01,1.6648e+01,1.5376e+01,1.4054e+01,1.6132e+01,1.8143e+01,2.0475e+01,2.1793e+01,2.3262e+01
1.0353e+01,9.2932e+00,1.0013e+01,9.8086e+00,1.1994e+01,1.2184e+01,1.5363e+01,1.6809e+01,1.9407e+01,2.1287e+01,2.0588e+01,2.1665e+01,2.0613e+01,2.3808e+01,2.5107e+01,2.8059e+01,2.9528e+01,3.0328e+01,2.9338e+01,2.6840e+01,2.6027e+01,2.2557e+01,2.2619e+01,2.0480e+01,2.1325e+01,2.2280e+01,2.3382e+01,2.0525e+01,2.1335e+01,1.9633e+01,1.6179e+01,1.5779e+01,1.8219e+01,2.0814e+01,2.0702e+01,2.3790e+01,2.3269e+01,1.9801e+01,1.7594e+01,1.4722e+01,1.3021e+01,1.2790e+01,1.1473e+01,1.1243e+01,1.0770e+01,1.3809e+01,1.5136e+01,1.7954e+01,1.8663e+01,2.2022e+01,2.3155e+01,2.6003e+01,2.6832e+01,2.7865e+01,2.8723e+01,3.0992e+01,3.3611e+01,3.6662e+01,3.7571e+01,3.5751e+01,3.4175e+01,3.1670e+01,2.9742e+01,2.9552e+01,2.5906e+01,2.5627e+01,2.3696e+01,2.3313e+01,2.0148e+01,1.8838e+01,1.9139e+01,1.8328e+01,1.9227e+01,2.1762e+01,2.1278e+01,2.3276e+01,2.2131e+01,2.4026e+01,2.2493e+01,2.0180e+01,2.0211e+01,2.2289e+01,2.1673e+01,2.4894e+01,2.5735e+01,2.4702e+01,2.7953e+01,3.0648e+01,3.1371e+01,3.1525e+01,3.3624e+01,3.2146e+01,2.8697e+01,2.6933e+01,2.7738e+01,2.4189e+01,2.4366e+01,2.2978e+01,2.6586e+01,2.9105e+01,3.2699e+01,3.4652e+01,3.6394e+01,3.5620e+01,3.2378e+01,3.3097e+01,3.4159e+01,3.6971e+01,3.7534e+01,4.0406e+01,3.8886e+01,4.1088e+01,4.1400e+01,4.0073e+01,4.3106e+01,4.2483e+01,4.1457e+01,3.7843e+01,3.7834e+01,3.7379e+01,3.4362e+01,3.1260e+01,2.9441e+01,3.0101e+01,3.1209e+01,3.3763e+01,3.4938e+01,3.8359e+01,4.0247e+01,4.3581e+01,4.5511e+01,4.4858e+01,4.2735e+01,4.2009e+01,4.2217e+01,3.9489e+01,3.9995e+01,3.9844e+01,3.6480e+01,3.7191e+01,3.8506e+01,3.7551e+01,3.6515e+01,3.4099e+01,3.5444e+01,3.2077e+01,2.8501e+01,2.6811e+01,2.3349e+01,2.2058e+01,2.1589e+01,1.8669e+01,2.0530e+01,1.9601e+01,2.0653e+01,1.9811e+01,1.7517e+01,1.4592e+01,1.4883e+01,1.3660e+01,1.5929e+01,1.8536e+01,1.9944e+01,1.8797e+01,1.7305e+01,1.6456e+01,1.5185e+01,1.7364e+01,1.9171e+01,2.1300e+01,2.2325e+01,2.3792e+01
1.0476e+01,9.6485e+00,1.0502e+01,1.0088e+01,1.2058e+01,1.1714e+01,1.4872e+01,1.6425e+01,1.8777e+01,2.0533e+01,1.9660e+01,2.0637e+01,1.9470e+01,2.2700e+01,2.4147e+01,2.7140e+01,2.8692e+01,2.9649e+01,2.8834e+01,2.6323e+01,2.5718e+01,2.2255e+01,2.2326e+01,2.0322e+01,2.1292e+01,2.2512e+01,2.3617e+01,2.0821e+01,2.1610e+01,1.9959e+01,1.6613e+01,1.6458e+01,1.8958e+01,2.1388e+01,2.1227e+01,2.4357e+01,2.3877e+01,2.0456e+01,1.8028e+01,1.5404e+01,1.3514e+01,1.2822e+01,1.1035e+01,1.1403e+01,1.1513e+01,1.4733e+01,1.6289e+01,1.9024e+01,1.9669e+01,2.2950e+01,2.4020e+01,2.6745e+01,2.7549e+01,2.8684e+01,2.9616e+01,3.1806e+01,3.4380e+01,3.7409e+01,3.8381e+01,3.6591e+01,3.5134e+01,3.2694e+01,3.0870e+01,3.0771e+01,2.7122e+01,2.6706e+01,2.4730e+01,2.4498e+01,2.1386e+01,2.0113e+01,2.0512e+01,1.9700e+01,2.0547e+01,2.3043e+01,2.2526e+01,2.4521e+01,2.3459e+01,2.5407e+01,2.3883e+01,2.1520e+01,2.1581e+01,2.3682e+01,2.3028e+01,2.6228e+01,2.6966e+01,2.5808e+01,2.8984e+01,3.1766e+01,3.2575e+01,3.2819e+01,3.4912e+01,3.3403e+01,2.9936e+01,2.8094e+01,2.8755e+01,2.5185e+01,2.5433e+01,2.3973e+01,2.7587e+01,3.0103e+01,3.3673e+01,3.5580e+01,3.7208e+01,3.6391e+01,3.3222e+01,3.4026e+01,3.5204e+01,3.8016e+01,3.8645e+01,4.1547e+01,4.0078e+01,4.2239e+01,4.2582e+01,4.1224e+01,4.4203e+01,4.3484e+01,4.2408e+01,3.8768e+01,3.8628e+01,3.8092e+01,3.4988e+01,3.1982e+01,3.0176e+01,3.1014e+01,3.2222e+01,3.4715e+01,3.6000e+01,3.9401e+01,4.1233e+01,4.4581e+01,4.6511e+01,4.5878e+01,4.3678e+01,4.2979e+01,4.3265e+01,4.0601e+01,4.1193e+01,4.1100e+01,3.7755e+01,3.8507e+01,3.9875e+01,3.8946e+01,3.7934e+01,3.5504e+01,3.6847e+01,3.3490e+01,2.9924e+01,2.8199e+01,2.4722e+01,2.3396e+01,2.2832e+01,1.9816e+01,2.1623e+01,2.0552e+01,2.1453e+01,2.0619e+01,1.8241e+01,1.5474e+01,1.5830e+01,1.4680e+01,1.6766e+01,1.9236e+01,2.0753e+01,1.9748e+01,1.8360e+01,1.7618e+01,1.6325e+01,1.8346e+01,2.0064e+01,2.2093e+01,2.3010e+01,2.4415e+01
1.1598e+01,1.1538e+01,1.2755e+01,1.2248e+01,1.4461e+01,1.3938e+01,1.6921e+01,1.8462e+01,2.0314e+01,2.1647e+01,2.0285e+01,2.1127e+01,1.9624e+01,2.2864e+01,2.4693e+01,2.7615e+01,2.9161e+01,3.0456e+01,2.9981e+01,2.7639e+01,2.7412e+01,2.4104e+01,2.4305e+01,2.2582e+01,2.3648e+01,2.5141e+01,2.6156e+01,2.3350e+01,2.3931e+01,2.2112e+01,1.8978e+01,1.9206e+01,2.1850e+01,2.4234e+01,2.4130e+01,2.7269e+01,2.6799e+01,2.3435e+01,2.0933e+01,1.8482e+01,1.6493e+01,1.5590e+01,1.3430e+01,1.4131e+01,1.4549e+01,1.7762e+01,1.9345e+01,2.2125e+01,2.2777e+01,2.6015e+01,2.6997e+01,2.9656e+01,3.0343e+01,3.1451e+01,3.2502e+01,3.4692e+01,3.7178e+01,4.0220e+01,4.1272e+01,3.9537e+01,3.8121e+01,3.5720e+01,3.3898e+01,3.3767e+01,3.0148e+01,2.9774e+01,2.7789e+01,2.7508e+01,2.4362e+01,2.3105e+01,2.3313e+01,2.2290e+01,2.3079e+01,2.5340e+01,2.4534e+01,2.6303e+01,2.5407e+01,2.7401e+01,2.5828e+01,2.3262e+01,2.3419e+01,2.5699e+01,2.5211e+01,2.8485e+01,2.9033e+01,2.7825e+01,3.0967e+01,3.3814e+01,3.4587e+01,3.5000e+01,3.7246e+01,3.5887e+01,3.2498e+01,3.0509e+01,3.1102e+01,2.7612e+01,2.8106e+01,2.6801e+01,3.0416e+01,3.2796e+01,3.6350e+01,3.8103e+01,3.9592e+01,3.8649e+01,3.5562e+01,3.6295e+01,3.7537e+01,4.0220e+01,4.0776e+01,4.3779e+01,4.2469e+01,4.4710e+01,4.5185e+01,4.3929e+01,4.6891e+01,4.6141e+01,4.5133e+01,4.1508e+01,4.1283e+01,4.0782e+01,3.7620e+01,3.4704e+01,3.3011e+01,3.3934e+01,3.5217e+01,3.7709e+01,3.9026e+01,4.2403e+01,4.4189e+01,4.7510e+01,4.9468e+01,4.8865e+01,4.6652e+01,4.5967e+01,4.6263e+01,4.3616e+01,4.4190e+01,4.4084e+01,4.0726e+01,4.1424e+01,4.2741e+01,4.1723e+01,4.0599e+01,3.8102e+01,3.9280e+01,3.5860e+01,3.2358e+01,3.0725e+01,2.7278e+01,2.6160e+01,2.5581e+01,2.2628e+01,2.4530e+01,2.3368e+01,2.4033e+01,2.2997e+01,2.0464e+01,1.7850e+01,1.8010e+01,1.6709e+01,1.8327e+01,2.0512e+01,2.2242e+01,2.1629e+01,2.0551e+01,1.9859e+01,1.8346e+01,2.0179e+01,2.1954e+01,2.3827e+01,2.4556e+01,2.6073e+01
1.3512e+01,1.3572e+01,1.4737e+01,1.3975e+01,1.5997e+01,1.5214e+01,1.7841e+01,1.9504e+01,2.1082e+01,2.2285e+01,2.0782e+01,2.1319e+01,1.9520e+01,2.2543e+01,2.4468e+01,2.7202e+01,2.8601e+01,3.0068e+01,2.9774e+01,2.7632e+01,2.7666e+01,2.4527e+01,2.4931e+01,2.3510e+01,2.4766e+01,2.6391e+01,2.7481e+01,2.4817e+01,2.5449e+01,2.3728e+01,2.0658e+01,2.0954e+01,2.3558e+01,2.5790e+01,2.5554e+01,2.8601e+01,2.8048e+01,2.4753e+01,2.2242e+01,2.0002e+01,1.8081e+01,1.6889e+01,1.4475e+01,1.5304e+01,1.6082e+01,1.9234e+01,2.0962e+01,2.3697e+01,2.4433e+01,2.7622e+01,2.8656e+01,3.1231e+01,3.1967e+01,3.3133e+01,3.4165e+01,3.6284e+01,3.8763e+01,4.1763e+01,4.2797e+01,4.1026e+01,3.9678e+01,3.7272e+01,3.5507e+01,3.5364e+01,3.1761e+01,3.1339e+01,2.9262e+01,2.9007e+01,2.5890e+01,2.4780e+01,2.5012e+01,2.4033e+01,2.4864e+01,2.7085e+01,2.6200e+01,2.7883e+01,2.6998e+01,2.8935e+01,2.7291e+01,2.4661e+01,2.4712e+01,2.6934e+01,2.6376e+01,2.9599e+01,2.9960e+01,2.8618e+01,3.1657e+01,3.4585e+01,3.5433e+01,3.6001e+01,3.8275e+01,3.6952e+01,3.3602e+01,3.1481e+01,3.1930e+01,2.8498e+01,2.9179e+01,2.7965e+01,3.1570e+01,3.3825e+01,3.7348e+01,3.8964e+01,4.0312e+01,3.9271e+01,3.6273e+01,3.7005e+01,3.8353e+01,4.0965e+01,4.1548e+01,4.4616e+01,4.3430e+01,4.5671e+01,4.6252e+01,4.5037e+01,4.7943e+01,4.7111e+01,4.6141e+01,4.2526e+01,4.2188e+01,4.1715e+01,3.8499e+01,3.5686e+01,3.4128e+01,3.5161e+01,3.6565e+01,3.9053e+01,4.0456e+01,4.3764e+01,4.5459e+01,4.8733e+01,5.0738e+01,5.0212e+01,4.7992e+01,4.7386e+01,4.7754e+01,4.5140e+01,4.5752e+01,4.5623e+01,4.2268e+01,4.3013e+01,4.4310e+01,4.3315e+01,4.2172e+01,3.9706e+01,4.0854e+01,3.7441e+01,3.3967e+01,3.2407e+01,2.9015e+01,2.7924e+01,2.7380e+01,2.4427e+01,2.6322e+01,2.5174e+01,2.5819e+01,2.4785e+01,2.2272e+01,1.9741e+01,1.9889e+01,1.8549e+01,1.9950e+01,2.2064e+01,2.3769e+01,2.3305e+01,2.2371e+01,2.1629e+01,2.0035e+01,2.1679e+01,2.3519e+01,2.5373e+01,2.6136e+01,2.7757e+01
1.4050e+01,1.4445e+01,1.5426e+01,1.4568e+01,1.6558e+01,1.5854e+01,1.8308e+01,1.9770e+01,2.1047e+01,2.2031e+01,2.0428e+01,2.0875e+01,1.9061e+01,2.2016e+01,2.4047e+01,2.6793e+01,2.8315e+01,2.9909e+01,2.9805e+01,2.7670e+01,2.7893e+01,2.4860e+01,2.5176e+01,2.3869e+01,2.5094e+01,2.6885e+01,2.7876e+01,2.5239e+01,2.5778e+01,2.4067e+01,2.1150e+01,2.1661e+01,2.4336e+01,2.6471e+01,2.6305e+01,2.9380e+01,2.8935e+01,2.5739e+01,2.3125e+01,2.1057e+01,1.8978e+01,1.7786e+01,1.5498e+01,1.6630e+01,1.7438e+01,2.0582e+01,2.2282e+01,2.4913e+01,2.5508e+01,2.8590e+01,2.9505e+01,3.1970e+01,3.2628e+01,3.3848e+01,3.4967e+01,3.7030e+01,3.9436e+01,4.2415e+01,4.3526e+01,4.1824e+01,4.0574e+01,3.8258e+01,3.6566e+01,3.6513e+01,3.2932e+01,3.2424e+01,3.0392e+01,3.0255e+01,2.7219e+01,2.6067e+01,2.6364e+01,2.5346e+01,2.6074e+01,2.8250e+01,2.7381e+01,2.9099e+01,2.8311e+01,3.0326e+01,2.8746e+01,2.6144e+01,2.6263e+01,2.8491e+01,2.7930e+01,3.1125e+01,3.1466e+01,3.0078e+01,3.3058e+01,3.6013e+01,3.6910e+01,3.7502e+01,3.9746e+01,3.8390e+01,3.5033e+01,3.2907e+01,3.3267e+01,2.9845e+01,3.0516e+01,2.9228e+01,3.2785e+01,3.5051e+01,3.8523e+01,4.0123e+01,4.1388e+01,4.0345e+01,3.7424e+01,3.8243e+01,3.9670e+01,4.2297e+01,4.2941e+01,4.6001e+01,4.4826e+01,4.7014e+01,4.7587e+01,4.6330e+01,4.9186e+01,4.8285e+01,4.7250e+01,4.3622e+01,4.3199e+01,4.2638e+01,3.9381e+01,3.6649e+01,3.5071e+01,3.6208e+01,3.7636e+01,4.0047e+01,4.1502e+01,4.4801e+01,4.6474e+01,4.9764e+01,5.1741e+01,5.1204e+01,4.8917e+01,4.8304e+01,4.8717e+01,4.6167e+01,4.6842e+01,4.6781e+01,4.3456e+01,4.4206e+01,4.5557e+01,4.4573e+01,4.3460e+01,4.0975e+01,4.2125e+01,3.8732e+01,3.5279e+01,3.3669e+01,3.0277e+01,2.9161e+01,2.8506e+01,2.5509e+01,2.7303e+01,2.6021e+01,2.6506e+01,2.5478e+01,2.2889e+01,2.0435e+01,2.0715e+01,1.9437e+01,2.0886e+01,2.2926e+01,2.4671e+01,2.4239e+01,2.3276e+01,2.2578e+01,2.0975e+01,2.2622e+01,2.4450e+01,2.6328e+01,2.7040e+01,2.8611e+01
1.5605e+01,1.6070e+01,1.6769e+01,1.5757e+01,1.7618e+01,1.6937e+01,1.9198e+01,2.0498e+01,2.1522e+01,2.2301e+01,2.0621e+01,2.0982e+01,1.9163e+01,2.1866e+01,2.3950e+01,2.6556e+01,2.8043e+01,2.9761e+01,2.9830e+01,2.7813e+01,2.8227e+01,2.5359e+01,2.5676e+01,2.4541e+01,2.5775e+01,2.7670e+01,2.8617e+01,2.6072e+01,2.6572e+01,2.4929e+01,2.2136e+01,2.2783e+01,2.5462e+01,2.7473e+01,2.7295e+01,3.0319e+01,2.9909e+01,2.6826e+01,2.4191e+01,2.2308e+01,2.0199e+01,1.8964e+01,1.6759e+01,1.8001e+01,1.8901e+01,2.1972e+01,2.3693e+01,2.6224e+01,2.6770e+01,2.9753e+01,3.0619e+01,3.2983e+01,3.3617e+01,3.4893e+01,3.6046e+01,3.8043e+01,4.0400e+01,4.3343e+01,4.4481e+01,4.2800e+01,4.1638e+01,3.9373e+01,3.7755e+01,3.7751e+01,3.4197e+01,3.3617e+01,3.1580e+01,3.1523e+01,2.8561e+01,2.7462e+01,2.7825e+01,2.6841e+01,2.7529e+01,2.9678e+01,2.8832e+01,3.0555e+01,2.9801e+01,3.1807e+01,3.0231e+01,2.7641e+01,2.7711e+01,2.9879e+01,2.9264e+01,3.2395e+01,3.2645e+01,3.1179e+01,3.4062e+01,3.7052e+01,3.8013e+01,3.8682e+01,4.0901e+01,3.9535e+01,3.6202e+01,3.4029e+01,3.4278e+01,3.0905e+01,3.1640e+01,3.0357e+01,3.3863e+01,3.6073e+01,3.9489e+01,4.1021e+01,4.2179e+01,4.1100e+01,3.8269e+01,3.9130e+01,4.0637e+01,4.3236e+01,4.3929e+01,4.7003e+01,4.5885e+01,4.8035e+01,4.8642e+01,4.7378e+01,5.0173e+01,4.9199e+01,4.8148e+01,4.4533e+01,4.4018e+01,4.3424e+01,4.0143e+01,3.7514e+01,3.5992e+01,3.7221e+01,3.8704e+01,4.1056e+01,4.2572e+01,4.5822e+01,4.7436e+01,5.0701e+01,5.2676e+01,5.2169e+01,4.9848e+01,4.9271e+01,4.9743e+01,4.7252e+01,4.7983e+01,4.7952e+01,4.4659e+01,4.5440e+01,4.6812e+01,4.5861e+01,4.4773e+01,4.2309e+01,4.3466e+01,4.0105e+01,3.6675e+01,3.5069e+01,3.1716e+01,3.0579e+01,2.9879e+01,2.6869e+01,2.8564e+01,2.7227e+01,2.7619e+01,2.6600e+01,2.4019e+01,2.1663e+01,2.2011e+01,2.0743e+01,2.2176e+01,2.4234e+01,2.5943e+01,2.5520e+01,2.4578e+01,2.3878e+01,2.2246e+01,2.3855e+01,2.5653e+01,2.7524e+01,2.8243e+01,2.9788e+01
1.6769e+01,1.7110e+01,1.7496e+01,1.6427e+01,1.8173e+01,1.7647e+01,1.9767e+01,2.0829e+01,2.1680e+01,2.2322e+01,2.0724e+01,2.1046e+01,1.9418e+01,2.1759e+01,2.3731e+01,2.6226e+01,2.7734e+01,2.9485e+01,2.9668e+01,2.7709e+01,2.8234e+01,2.5517e+01,2.5763e+01,2.4731e+01,2.5908e+01,2.7828e+01,2.8700e+01,2.6249e+01,2.6711e+01,2.5157e+01,2.2491e+01,2.3214e+01,2.5845e+01,2.7742e+01,2.7588e+01,3.0546e+01,3.0208e+01,2.7259e+01,2.4651e+01,2.2910e+01,2.0791e+01,1.9636e+01,1.7641e+01,1.8926e+01,1.9771e+01,2.2747e+01,2.4398e+01,2.6805e+01,2.7268e+01,3.0131e+01,3.0932e+01,3.3194e+01,3.3795e+01,3.5098e+01,3.6270e+01,3.8203e+01,4.0496e+01,4.3397e+01,4.4557e+01,4.2916e+01,4.1828e+01,3.9633e+01,3.8084e+01,3.8143e+01,3.4635e+01,3.3997e+01,3.2008e+01,3.2029e+01,2.9164e+01,2.8084e+01,2.8506e+01,2.7562e+01,2.8200e+01,3.0314e+01,2.9526e+01,3.1264e+01,3.0542e+01,3.2545e+01,3.1019e+01,2.8505e+01,2.8579e+01,3.0688e+01,3.0045e+01,3.3099e+01,3.3360e+01,3.1894e+01,3.4706e+01,3.7667e+01,3.8656e+01,3.9306e+01,4.1459e+01,4.0061e+01,3.6752e+01,3.4624e+01,3.4824e+01,3.1502e+01,3.2191e+01,3.0871e+01,3.4297e+01,3.6494e+01,3.9845e+01,4.1370e+01,4.2486e+01,4.1430e+01,3.8662e+01,3.9571e+01,4.1102e+01,4.3702e+01,4.4441e+01,4.7475e+01,4.6354e+01,4.8441e+01,4.9022e+01,4.7725e+01,5.0469e+01,4.9455e+01,4.8365e+01,4.4773e+01,4.4214e+01,4.3567e+01,4.0301e+01,3.7754e+01,3.6235e+01,3.7510e+01,3.8985e+01,4.1255e+01,4.2788e+01,4.5991e+01,4.7578e+01,5.0824e+01,5.2763e+01,5.2255e+01,4.9910e+01,4.9341e+01,4.9842e+01,4.7412e+01,4.8182e+01,4.8195e+01,4.4949e+01,4.5741e+01,4.7147e+01,4.6229e+01,4.5191e+01,4.2749e+01,4.3927e+01,4.0623e+01,3.7234e+01,3.5619e+01,3.2322e+01,3.1160e+01,3.0418e+01,2.7425e+01,2.9012e+01,2.7659e+01,2.7985e+01,2.7004e+01,2.4481e+01,2.2281e+01,2.2691e+01,2.1532e+01,2.2902e+01,2.4915e+01,2.6540e+01,2.6164e+01,2.5286e+01,2.4634e+01,2.3034e+01,2.4541e+01,2.6288e+01,2.8121e+01,2.8838e+01,3.0345e+01
1.7538e+01,1.8054e+01,1.8237e+01,1.7367e+01,1.9098e+01,1.8845e+01,2.0951e+01,2.1766e+01,2.2553e+01,2.3002e+01,2.1389e+01,2.1851e+01,2.0433e+01,2.2604e+01,2.4609e+01,2.6988e+01,2.8520e+01,3.0331e+01,3.0624e+01,2.8712e+01,2.9269e+01,2.6642e+01,2.6737e+01,2.5641e+01,2.6622e+01,2.8492e+01,2.9189e+01,2.6690e+01,2.6954e+01,2.5300e+01,2.2811e+01,2.3650e+01,2.6314e+01,2.8251e+01,2.8260e+01,3.1233e+01,3.1019e+01,2.8129e+01,2.5559e+01,2.3794e+01,2.1635e+01,2.0728e+01,1.8971e+01,2.0182e+01,2.0812e+01,2.3750e+01,2.5237e+01,2.7604e+01,2.7930e+01,3.0730e+01,3.1396e+01,3.3640e+01,3.4114e+01,3.5348e+01,3.6613e+01,3.8574e+01,4.0768e+01,4.3684e+01,4.4918e+01,4.3371e+01,4.2300e+01,4.0186e+01,3.8639e+01,3.8753e+01,3.5279e+01,3.4650e+01,3.2777e+01,3.2823e+01,2.9994e+01,2.8796e+01,2.9200e+01,2.8176e+01,2.8673e+01,3.0708e+01,2.9976e+01,3.1770e+01,3.1162e+01,3.3241e+01,3.1835e+01,2.9418e+01,2.9588e+01,3.1706e+01,3.1114e+01,3.4153e+01,3.4480e+01,3.3077e+01,3.5888e+01,3.8799e+01,3.9749e+01,4.0342e+01,4.2475e+01,4.1080e+01,3.7786e+01,3.5733e+01,3.5978e+01,3.2679e+01,3.3288e+01,3.1931e+01,3.5311e+01,3.7546e+01,4.0872e+01,4.2436e+01,4.3576e+01,4.2556e+01,3.9797e+01,4.0703e+01,4.2191e+01,4.4788e+01,4.5513e+01,4.8504e+01,4.7351e+01,4.9419e+01,4.9951e+01,4.8641e+01,5.1383e+01,5.0391e+01,4.9268e+01,4.5691e+01,4.5155e+01,4.4462e+01,4.1236e+01,3.8705e+01,3.7122e+01,3.8373e+01,3.9769e+01,4.1979e+01,4.3464e+01,4.6682e+01,4.8312e+01,5.1576e+01,5.3452e+01,5.2881e+01,5.0518e+01,4.9882e+01,5.0345e+01,4.7946e+01,4.8709e+01,4.8782e+01,4.5560e+01,4.6297e+01,4.7744e+01,4.6792e+01,4.5774e+01,4.3285e+01,4.4444e+01,4.1168e+01,3.7815e+01,3.6130e+01,3.2832e+01,3.1681e+01,3.0835e+01,2.7839e+01,2.9400e+01,2.7967e+01,2.8149e+01,2.7082e+01,2.4561e+01,2.2458e+01,2.2838e+01,2.1653e+01,2.3038e+01,2.5049e+01,2.6713e+01,2.6361e+01,2.5492e+01,2.4876e+01,2.3241e+01,2.4807e+01,2.6519e+01,2.8344e+01,2.9008e+01,3.0481e+01
1.8467e+01,1.8754e+01,1.8690e+01,1.7994e+01,1.9623e+01,1.9678e+01,2.1693e+01,2.2249e+01,2.3015e+01,2.3396e+01,2.1938e+01,2.2481e+01,2.1380e+01,2.3356e+01,2.5213e+01,2.7478e+01,2.9046e+01,3.0818e+01,3.1150e+01,2.9244e+01,2.9758e+01,2.7215e+01,2.7145e+01,2.5984e+01,2.6778e+01,2.8558e+01,2.9104e+01,2.6618e+01,2.6768e+01,2.5114e+01,2.2759e+01,2.3627e+01,2.6238e+01,2.8167e+01,2.8316e+01,3.1257e+01,3.1182e+01,2.8412e+01,2.5908e+01,2.4182e+01,2.2016e+01,2.1385e+01,1.9972e+01,2.1152e+01,2.1579e+01,2.4374e+01,2.5652e+01,2.7872e+01,2.8023e+01,3.0704e+01,3.1240e+01,3.3437e+01,3.3814e+01,3.4982e+01,3.6295e+01,3.8258e+01,4.0360e+01,4.3268e+01,4.4545e+01,4.3082e+01,4.2033e+01,4.0013e+01,3.8492e+01,3.8682e+01,3.5272e+01,3.4639e+01,3.2910e+01,3.3012e+01,3.0286e+01,2.8989e+01,2.9401e+01,2.8340e+01,2.8662e+01,3.0596e+01,2.9968e+01,3.1845e+01,3.1354e+01,3.3495e+01,3.2253e+01,3.0019e+01,3.0288e+01,3.2356e+01,3.1797e+01,3.4750e+01,3.5186e+01,3.3872e+01,3.6641e+01,3.9456e+01,4.0373e+01,4.0861e+01,4.2910e+01,4.1487e+01,3.8225e+01,3.6309e+01,3.6594e+01,3.3343e+01,3.3804e+01,3.2375e+01,3.5657e+01,3.7938e+01,4.1204e+01,4.2829e+01,4.4005e+01,4.3058e+01,4.0323e+01,4.1253e+01,4.2684e+01,4.5292e+01,4.6027e+01,4.8931e+01,4.7718e+01,4.9726e+01,5.0171e+01,4.8822e+01,5.1542e+01,5.0574e+01,4.9402e+01,4.5859e+01,4.5355e+01,4.4601e+01,4.1442e+01,3.8946e+01,3.7290e+01,3.8509e+01,3.9801e+01,4.1918e+01,4.3342e+01,4.6551e+01,4.8217e+01,5.1484e+01,5.3281e+01,5.2648e+01,5.0279e+01,4.9583e+01,5.0009e+01,4.7651e+01,4.8408e+01,4.8546e+01,4.5373e+01,4.6063e+01,4.7565e+01,4.6607e+01,4.5649e+01,4.3143e+01,4.4313e+01,4.1104e+01,3.7810e+01,3.6055e+01,3.2781e+01,3.1626e+01,3.0684e+01,2.7718e+01,2.9229e+01,2.7789e+01,2.7892e+01,2.6792e+01,2.4367e+01,2.2427e+01,2.2758e+01,2.1696e+01,2.2952e+01,2.4897e+01,2.6469e+01,2.6171e+01,2.5413e+01,2.4894e+01,2.3303e+01,2.4817e+01,2.6442e+01,2.8217e+01,2.8831e+01,3.0283e+01
2.0490e+01,2.0584e+01,2.0302e+01,1.9441e+01,2.0816e+01,2.0949e+01,2.2867e+01,2.3189e+01,2.3802e+01,2.3987e+01,2.2538e+01,2.3195e+01,2.2306e+01,2.4212e+01,2.6053e+01,2.8242e+01,2.9805e+01,3.1594e+01,3.2023e+01,3.0168e+01,3.0738e+01,2.8293e+01,2.8087e+01,2.6937e+01,2.7590e+01,2.9406e+01,2.9813e+01,2.7382e+01,2.7412e+01,2.5801e+01,2.3631e+01,2.4692e+01,2.7278e+01,2.9090e+01,2.9311e+01,3.2206e+01,3.2249e+01,2.9614e+01,2.7119e+01,2.5537e+01,2.3340e+01,2.2767e+01,2.1500e+01,2.2780e+01,2.3228e+01,2.5916e+01,2.7121e+01,2.9206e+01,2.9252e+01,3.1793e+01,3.2221e+01,3.4310e+01,3.4599e+01,3.5766e+01,3.7141e+01,3.9057e+01,4.1054e+01,4.3942e+01,4.5272e+01,4.3880e+01,4.2893e+01,4.0961e+01,3.9495e+01,3.9750e+01,3.6401e+01,3.5736e+01,3.4088e+01,3.4249e+01,3.1616e+01,3.0324e+01,3.0737e+01,2.9668e+01,2.9909e+01,3.1718e+01,3.1088e+01,3.2915e+01,3.2506e+01,3.4652e+01,3.3480e+01,3.1310e+01,3.1633e+01,3.3690e+01,3.3172e+01,3.6064e+01,3.6517e+01,3.5242e+01,3.7952e+01,4.0713e+01,4.1612e+01,4.2076e+01,4.4087e+01,4.2672e+01,3.9458e+01,3.7598e+01,3.7872e+01,3.4686e+01,3.5103e+01,3.3654e+01,3.6853e+01,3.9122e+01,4.2327e+01,4.3951e+01,4.5101e+01,4.4178e+01,4.1497e+01,4.2441e+01,4.3861e+01,4.6445e+01,4.7182e+01,5.0048e+01,4.8841e+01,5.0811e+01,5.1230e+01,4.9868e+01,5.2548e+01,5.1568e+01,5.0372e+01,4.6868e+01,4.6344e+01,4.5543e+01,4.2422e+01,4.0006e+01,3.8345e+01,3.9584e+01,4.0833e+01,4.2852e+01,4.4261e+01,4.7423e+01,4.9081e+01,5.2325e+01,5.4062e+01,5.3402e+01,5.1018e+01,5.0301e+01,5.0728e+01,4.8435e+01,4.9207e+01,4.9400e+01,4.6284e+01,4.6944e+01,4.8474e+01,4.7515e+01,4.6590e+01,4.4084e+01,4.5226e+01,4.2074e+01,3.8859e+01,3.7116e+01,3.3917e+01,3.2806e+01,3.1823e+01,2.8918e+01,3.0326e+01,2.8855e+01,2.8836e+01,2.7737e+01,2.5384e+01,2.3692e+01,2.4033e+01,2.3121e+01,2.4194e+01,2.5936e+01,2.7413e+01,2.7244e+01,2.6638e+01,2.6224e+01,2.4751e+01,2.5995e+01,2.7536e+01,2.9209e+01,2.9811e+01,3.1268e+01
2.1563e+01,2.1381e+01,2.1058e+01,2.0165e+01,2.1349e+01,2.1516e+01,2.3395e+01,2.3616e+01,2.4199e+01,2.4366e+01,2.2976e+01,2.3667e+01,2.2901e+01,2.4760e+01,2.6510e+01,2.8640e+01,3.0193e+01,3.1939e+01,3.2400e+01,3.0571e+01,3.1145e+01,2.8755e+01,2.8489e+01,2.7354e+01,2.7976e+01,2.9823e+01,3.0213e+01,2.7851e+01,2.7918e+01,2.6409e+01,2.4283e+01,2.5335e+01,2.7860e+01,2.9588e+01,2.9804e+01,3.2664e+01,3.2757e+01,3.0213e+01,2.7697e+01,2.6224e+01,2.3998e+01,2.3424e+01,2.2266e+01,2.3651e+01,2.4157e+01,2.6775e+01,2.7987e+01,2.9944e+01,2.9924e+01,3.2373e+01,3.2758e+01,3.4768e+01,3.5040e+01,3.6222e+01,3.7602e+01,3.9463e+01,4.1420e+01,4.4280e+01,4.5620e+01,4.4255e+01,4.3311e+01,4.1430e+01,4.0022e+01,4.0332e+01,3.7027e+01,3.6317e+01,3.4705e+01,3.4933e+01,3.2387e+01,3.1124e+01,3.1595e+01,3.0588e+01,3.0757e+01,3.2484e+01,3.1917e+01,3.3740e+01,3.3401e+01,3.5521e+01,3.4412e+01,3.2331e+01,3.2642e+01,3.4627e+01,3.4083e+01,3.6890e+01,3.7341e+01,3.6065e+01,3.8701e+01,4.1426e+01,4.2345e+01,4.2798e+01,4.4746e+01,4.3310e+01,4.0124e+01,3.8306e+01,3.8537e+01,3.5392e+01,3.5766e+01,3.4276e+01,3.7407e+01,3.9670e+01,4.2819e+01,4.4439e+01,4.5559e+01,4.4660e+01,4.2032e+01,4.3015e+01,4.4448e+01,4.7024e+01,4.7790e+01,5.0620e+01,4.9413e+01,5.1333e+01,5.1731e+01,5.0344e+01,5.2981e+01,5.1981e+01,5.0762e+01,4.7284e+01,4.6731e+01,4.5895e+01,4.2790e+01,4.0436e+01,3.8781e+01,4.0054e+01,4.1295e+01,4.3246e+01,4.4664e+01,4.7788e+01,4.9418e+01,5.2644e+01,5.4350e+01,5.3687e+01,5.1294e+01,5.0581e+01,5.1024e+01,4.8776e+01,4.9573e+01,4.9802e+01,4.6738e+01,4.7405e+01,4.8964e+01,4.8037e+01,4.7165e+01,4.4686e+01,4.5841e+01,4.2743e+01,3.9583e+01,3.7833e+01,3.4669e+01,3.3542e+01,3.2522e+01,2.9656e+01,3.0986e+01,2.9515e+01,2.9475e+01,2.8394e+01,2.6089e+01,2.4555e+01,2.4875e+01,2.4141e+01,2.5045e+01,2.6534e+01,2.7931e+01,2.7920e+01,2.7445e+01,2.7228e+01,2.5945e+01,2.7163e+01,2.8505e+01,3.0012e+01,3.0485e+01,3.1928e+01
2.3009e+01,2.2775e+01,2.2289e+01,2.1559e+01,2.2424e+01,2.2754e+01,2.4461e+01,2.4443e+01,2.5027e+01,2.5178e+01,2.3974e+01,2.4738e+01,2.4162e+01,2.5940e+01,2.7606e+01,2.9745e+01,3.1374e+01,3.3030e+01,3.3460e+01,3.1585e+01,3.2084e+01,2.9726e+01,2.9306e+01,2.8065e+01,2.8458e+01,3.0207e+01,3.0425e+01,2.8058e+01,2.7994e+01,2.6516e+01,2.4590e+01,2.5726e+01,2.8171e+01,2.9844e+01,3.0205e+01,3.3036e+01,3.3278e+01,3.0852e+01,2.8411e+01,2.7011e+01,2.4818e+01,2.4479e+01,2.3608e+01,2.4927e+01,2.5286e+01,2.7751e+01,2.8778e+01,3.0585e+01,3.0410e+01,3.2715e+01,3.2959e+01,3.4906e+01,3.5063e+01,3.6177e+01,3.7617e+01,3.9482e+01,4.1329e+01,4.4190e+01,4.5585e+01,4.4314e+01,4.3383e+01,4.1598e+01,4.0206e+01,4.0581e+01,3.7353e+01,3.6652e+01,3.5191e+01,3.5460e+01,3.3019e+01,3.1686e+01,3.2138e+01,3.1095e+01,3.1111e+01,3.2666e+01,3.2136e+01,3.3949e+01,3.3759e+01,3.5922e+01,3.4980e+01,3.3067e+01,3.3484e+01,3.5441e+01,3.4964e+01,3.7701e+01,3.8254e+01,3.7085e+01,3.9699e+01,4.2321e+01,4.3176e+01,4.3524e+01,4.5413e+01,4.3981e+01,4.0842e+01,3.9157e+01,3.9452e+01,3.6359e+01,3.6605e+01,3.5070e+01,3.8106e+01,4.0407e+01,4.3504e+01,4.5188e+01,4.6363e+01,4.5534e+01,4.2911e+01,4.3888e+01,4.5243e+01,4.7815e+01,4.8559e+01,5.1308e+01,5.0049e+01,5.1933e+01,5.2250e+01,5.0844e+01,5.3472e+01,5.2516e+01,5.1263e+01,4.7824e+01,4.7325e+01,4.6442e+01,4.3415e+01,4.1080e+01,3.9351e+01,4.0569e+01,4.1690e+01,4.3548e+01,4.4886e+01,4.8000e+01,4.9683e+01,5.2909e+01,5.4526e+01,5.3787e+01,5.1398e+01,5.0610e+01,5.0997e+01,4.8787e+01,4.9559e+01,4.9849e+01,4.6837e+01,4.7429e+01,4.9025e+01,4.8067e+01,4.7232e+01,4.4728e+01,4.5855e+01,4.2828e+01,3.9762e+01,3.7979e+01,3.4894e+01,3.3824e+01,3.2739e+01,2.9982e+01,3.1221e+01,2.9744e+01,2.9601e+01,2.8509e+01,2.6327e+01,2.5029e+01,2.5305e+01,2.4693e+01,2.5509e+01,2.6843e+01,2.8141e+01,2.8205e+01,2.7872e+01,2.7755e+01,2.6586e+01,2.7662e+01,2.8780e+01,3.0136e+01,3.0602e+01,3.2001e+01
2.4141e+01,2.3837e+01,2.3345e+01,2.2588e+01,2.3301e+01,2.3534e+01,2.5106e+01,2.4952e+01,2.5381e+01,2.5441e+01,2.4323e+01,2.5119e+01,2.4669e+01,2.6400e+01,2.8010e+01,3.0145e+01,3.1822e+01,3.3441e+01,3.3899e+01,3.2023e+01,3.2544e+01,3.0250e+01,2.9748e+01,2.8546e+01,2.8871e+01,3.0640e+01,3.0777e+01,2.8491e+01,2.8353e+01,2.6925e+01,2.5171e+01,2.6410e+01,2.8790e+01,3.0352e+01,3.0748e+01,3.3521e+01,3.3839e+01,3.1530e+01,2.9105e+01,2.7832e+01,2.5665e+01,2.5328e+01,2.4530e+01,2.5912e+01,2.6305e+01,2.8691e+01,2.9699e+01,3.1390e+01,3.1142e+01,3.3327e+01,3.3491e+01,3.5337e+01,3.5439e+01,3.6565e+01,3.8038e+01,3.9849e+01,4.1623e+01,4.4458e+01,4.5885e+01,4.4663e+01,4.3788e+01,4.2075e+01,4.0747e+01,4.1186e+01,3.8013e+01,3.7265e+01,3.5858e+01,3.6195e+01,3.3844e+01,3.2533e+01,3.3035e+01,3.2046e+01,3.2011e+01,3.3490e+01,3.3021e+01,3.4781e+01,3.4660e+01,3.6789e+01,3.5899e+01,3.4049e+01,3.4467e+01,3.6379e+01,3.5893e+01,3.8566e+01,3.9124e+01,3.7959e+01,4.0516e+01,4.3107e+01,4.3973e+01,4.4305e+01,4.6141e+01,4.4694e+01,4.1583e+01,3.9937e+01,4.0197e+01,3.7143e+01,3.7354e+01,3.5788e+01,3.8755e+01,4.1048e+01,4.4089e+01,4.5772e+01,4.6918e+01,4.6113e+01,4.3539e+01,4.4552e+01,4.5918e+01,4.8485e+01,4.9253e+01,5.1968e+01,5.0707e+01,5.2544e+01,5.2837e+01,5.1408e+01,5.3995e+01,5.3020e+01,5.1738e+01,4.8325e+01,4.7798e+01,4.6871e+01,4.3866e+01,4.1598e+01,3.9870e+01,4.1118e+01,4.2219e+01,4.3994e+01,4.5333e+01,4.8403e+01,5.0065e+01,5.3273e+01,5.4843e+01,5.4090e+01,5.1684e+01,5.0889e+01,5.1291e+01,4.9144e+01,4.9944e+01,5.0283e+01,4.7328e+01,4.7917e+01,4.9545e+01,4.8610e+01,4.7824e+01,4.5342e+01,4.6461e+01,4.3490e+01,4.0491e+01,3.8707e+01,3.5684e+01,3.4606e+01,3.3474e+01,3.0768e+01,3.1898e+01,3.0378e+01,3.0158e+01,2.9132e+01,2.7007e+01,2.5856e+01,2.6190e+01,2.5746e+01,2.6471e+01,2.7608e+01,2.8848e+01,2.9021e+01,2.8731e+01,2.8764e+01,2.7727e+01,2.8821e+01,2.9799e+01,3.0984e+01,3.1356e+01,3.2700e+01
2.5214e+01,2.4988e+01,2.4544e+01,2.3724e+01,2.4487e+01,2.4686e+01,2.6236e+01,2.6038e+01,2.6291e+01,2.6121e+01,2.4883e+01,2.5818e+01,2.5455e+01,2.7224e+01,2.8856e+01,3.0978e+01,3.2674e+01,3.4294e+01,3.4802e+01,3.2950e+01,3.3517e+01,3.1282e+01,3.0734e+01,2.9596e+01,2.9882e+01,3.1661e+01,3.1732e+01,2.9505e+01,2.9272e+01,2.7861e+01,2.6240e+01,2.7551e+01,2.9896e+01,3.1403e+01,3.1831e+01,3.4550e+01,3.4907e+01,3.2671e+01,3.0271e+01,2.9048e+01,2.6896e+01,2.6548e+01,2.5727e+01,2.7141e+01,2.7559e+01,2.9914e+01,3.0910e+01,3.2557e+01,3.2283e+01,3.4402e+01,3.4516e+01,3.6301e+01,3.6350e+01,3.7450e+01,3.8947e+01,4.0732e+01,4.2430e+01,4.5245e+01,4.6699e+01,4.5526e+01,4.4679e+01,4.3019e+01,4.1718e+01,4.2182e+01,3.9057e+01,3.8310e+01,3.6950e+01,3.7299e+01,3.4992e+01,3.3686e+01,3.4175e+01,3.3189e+01,3.3119e+01,3.4517e+01,3.4060e+01,3.5748e+01,3.5696e+01,3.7802e+01,3.6958e+01,3.5148e+01,3.5581e+01,3.7482e+01,3.7021e+01,3.9662e+01,4.0209e+01,3.9053e+01,4.1570e+01,4.4136e+01,4.4996e+01,4.5330e+01,4.7150e+01,4.5719e+01,4.2644e+01,4.1012e+01,4.1253e+01,3.8239e+01,3.8456e+01,3.6903e+01,3.9831e+01,4.2096e+01,4.5100e+01,4.6758e+01,4.7872e+01,4.7065e+01,4.4532e+01,4.5547e+01,4.6917e+01,4.9456e+01,5.0220e+01,5.2921e+01,5.1679e+01,5.3502e+01,5.3796e+01,5.2374e+01,5.4938e+01,5.3958e+01,5.2676e+01,4.9289e+01,4.8745e+01,4.7805e+01,4.4815e+01,4.2595e+01,4.0884e+01,4.2141e+01,4.3226e+01,4.4954e+01,4.6281e+01,4.9317e+01,5.0964e+01,5.4151e+01,5.5689e+01,5.4927e+01,5.2518e+01,5.1713e+01,5.2112e+01,5.0006e+01,5.0806e+01,5.1172e+01,4.8255e+01,4.8819e+01,5.0453e+01,4.9512e+01,4.8740e+01,4.6261e+01,4.7346e+01,4.4409e+01,4.1471e+01,3.9689e+01,3.6714e+01,3.5670e+01,3.4514e+01,3.1877e+01,3.2960e+01,3.1423e+01,3.1121e+01,3.0136e+01,2.8089e+01,2.7035e+01,2.7416e+01,2.7055e+01,2.7761e+01,2.8795e+01,2.9996e+01,3.0182e+01,2.9909e+01,2.9997e+01,2.9051e+01,3.0105e+01,3.0954e+01,3.2003e+01,3.2326e+01,3.3586e+01
2.5704e+01,2.5409e+01,2.5004e+01,2.4109e+01,2.4816e+01,2.4879e+01,2.6388e+01,2.6343e+01,2.6611e+01,2.6512e+01,2.5211e+01,2.5996e+01,2.5522e+01,2.7258e+01,2.8859e+01,3.0914e+01,3.2544e+01,3.4161e+01,3.4676e+01,3.2889e+01,3.3492e+01,3.1298e+01,3.0856e+01,2.9825e+01,3.0250e+01,3.2041e+01,3.2230e+01,3.0074e+01,2.9989e+01,2.8661e+01,2.6918e+01,2.8116e+01,3.0421e+01,3.1887e+01,3.2196e+01,3.4866e+01,3.5132e+01,3.2893e+01,3.0503e+01,2.9314e+01,2.7211e+01,2.6747e+01,2.5845e+01,2.7264e+01,2.7775e+01,3.0103e+01,3.1173e+01,3.2827e+01,3.2644e+01,3.4784e+01,3.4991e+01,3.6771e+01,3.6912e+01,3.8050e+01,3.9468e+01,4.1215e+01,4.2966e+01,4.5743e+01,4.7134e+01,4.5903e+01,4.5058e+01,4.3356e+01,4.2067e+01,4.2485e+01,3.9364e+01,3.8617e+01,3.7186e+01,3.7515e+01,3.5209e+01,3.3999e+01,3.4500e+01,3.3582e+01,3.3622e+01,3.5086e+01,3.4606e+01,3.6213e+01,3.6059e+01,3.8071e+01,3.7150e+01,3.5304e+01,3.5672e+01,3.7537e+01,3.7047e+01,3.9657e+01,4.0140e+01,3.8950e+01,4.1419e+01,4.3994e+01,4.4877e+01,4.5261e+01,4.7083e+01,4.5670e+01,4.2618e+01,4.0942e+01,4.1135e+01,3.8151e+01,3.8430e+01,3.6925e+01,3.9848e+01,4.2052e+01,4.5041e+01,4.6638e+01,4.7701e+01,4.6862e+01,4.4364e+01,4.5375e+01,4.6777e+01,4.9287e+01,5.0058e+01,5.2775e+01,5.1581e+01,5.3406e+01,5.3746e+01,5.2349e+01,5.4892e+01,5.3889e+01,5.2641e+01,4.9265e+01,4.8688e+01,4.7785e+01,4.4781e+01,4.2591e+01,4.0956e+01,4.2236e+01,4.3383e+01,4.5136e+01,4.6500e+01,4.9496e+01,5.1088e+01,5.4238e+01,5.5820e+01,5.5118e+01,5.2731e+01,5.1991e+01,5.2428e+01,5.0318e+01,5.1126e+01,5.1443e+01,4.8525e+01,4.9130e+01,5.0720e+01,4.9809e+01,4.9019e+01,4.6592e+01,4.7668e+01,4.4733e+01,4.1803e+01,4.0099e+01,3.7163e+01,3.6115e+01,3.5039e+01,3.2417e+01,3.3505e+01,3.2026e+01,3.1822e+01,3.0897e+01,2.8861e+01,2.7719e+01,2.8151e+01,2.7831e+01,2.8557e+01,2.9575e+01,3.0746e+01,3.0884e+01,3.0548e+01,3.0598e+01,2.9705e+01,3.0737e+01,3.1599e+01,3.2676e+01,3.3039e+01,3.4287e+01
2.6536e+01,2.6287e+01,2.5957e+01,2.4932e+01,2.5637e+01,2.5543e+01,2.7027e+01,2.7072e+01,2.7245e+01,2.7083e+01,2.5633e+01,2.6294e+01,2.5671e+01,2.7395e+01,2.9069e+01,3.1045e+01,3.2594e+01,3.4279e+01,3.4870e+01,3.3181e+01,3.3892e+01,3.1775e+01,3.1422e+01,3.0532e+01,3.1078e+01,3.2933e+01,3.3201e+01,3.1150e+01,3.1135e+01,2.9891e+01,2.8167e+01,2.9308e+01,3.1564e+01,3.2957e+01,3.3159e+01,3.5768e+01,3.5960e+01,3.3740e+01,3.1350e+01,3.0222e+01,2.8165e+01,2.7524e+01,2.6479e+01,2.7949e+01,2.8590e+01,3.0915e+01,3.2080e+01,3.3749e+01,3.3655e+01,3.5799e+01,3.6071e+01,3.7811e+01,3.8000e+01,3.9171e+01,4.0550e+01,4.2247e+01,4.4010e+01,4.6744e+01,4.8105e+01,4.6845e+01,4.6030e+01,4.4313e+01,4.3052e+01,4.3442e+01,4.0330e+01,3.9570e+01,3.8075e+01,3.8395e+01,3.6086e+01,3.4964e+01,3.5463e+01,3.4587e+01,3.4715e+01,3.6220e+01,3.5709e+01,3.7263e+01,3.7019e+01,3.8965e+01,3.7960e+01,3.6048e+01,3.6359e+01,3.8207e+01,3.7695e+01,4.0289e+01,4.0686e+01,3.9443e+01,4.1862e+01,4.4463e+01,4.5378e+01,4.5836e+01,4.7674e+01,4.6282e+01,4.3253e+01,4.1512e+01,4.1642e+01,3.8692e+01,3.9061e+01,3.7615e+01,4.0535e+01,4.2666e+01,4.5633e+01,4.7154e+01,4.8143e+01,4.7258e+01,4.4812e+01,4.5817e+01,4.7266e+01,4.9735e+01,5.0514e+01,5.3261e+01,5.2130e+01,5.3957e+01,5.4356e+01,5.2986e+01,5.5498e+01,5.4459e+01,5.3241e+01,4.9880e+01,4.9251e+01,4.8376e+01,4.5354e+01,4.3215e+01,4.1664e+01,4.2984e+01,4.4197e+01,4.5960e+01,4.7368e+01,5.0320e+01,5.1850e+01,5.4963e+01,5.6578e+01,5.5930e+01,5.3551e+01,5.2867e+01,5.3346e+01,5.1253e+01,5.2079e+01,5.2370e+01,4.9460e+01,5.0100e+01,5.1660e+01,5.0775e+01,4.9972e+01,4.7584e+01,4.8656e+01,4.5717e+01,4.2783e+01,4.1138e+01,3.8227e+01,3.7184e+01,3.6170e+01,3.3563e+01,3.4654e+01,3.3216e+01,3.3042e+01,3.2135e+01,3.0118e+01,2.8953e+01,2.9397e+01,2.9048e+01,2.9810e+01,3.0826e+01,3.2004e+01,3.2103e+01,3.1722e+01,3.1707e+01,3.0804e+01,3.1811e+01,3.2715e+01,3.3813e+01,3.4172e+01,3.5408e+01
2.7858e+01,2.7716e+01,2.7461e+01,2.6420e+01,2.7165e+01,2.6917e+01,2.8347e+01,2.8398e+01,2.8420e+01,2.8124e+01,2.6572e+01,2.7227e+01,2.6570e+01,2.8259e+01,2.9987e+01,3.1896e+01,3.3398e+01,3.5122e+01,3.5786e+01,3.4178e+01,3.4975e+01,3.2941e+01,3.2614e+01,3.1827e+01,3.2401e+01,3.4301e+01,3.4564e+01,3.2588e+01,3.2551e+01,3.1349e+01,2.9718e+01,3.0886e+01,3.3113e+01,3.4445e+01,3.4617e+01,3.7175e+01,3.7352e+01,3.5175e+01,3.2800e+01,3.1728e+01,2.9711e+01,2.8985e+01,2.7853e+01,2.9338e+01,3.0048e+01,3.2359e+01,3.3562e+01,3.5231e+01,3.5174e+01,3.7288e+01,3.7560e+01,3.9246e+01,3.9423e+01,4.0602e+01,4.1984e+01,4.3640e+01,4.5366e+01,4.8066e+01,4.9431e+01,4.8185e+01,4.7404e+01,4.5708e+01,4.4474e+01,4.4857e+01,4.1772e+01,4.1010e+01,3.9500e+01,3.9817e+01,3.7522e+01,3.6452e+01,3.6933e+01,3.6068e+01,3.6232e+01,3.7722e+01,3.7185e+01,3.8675e+01,3.8401e+01,4.0282e+01,3.9227e+01,3.7264e+01,3.7555e+01,3.9410e+01,3.8918e+01,4.1501e+01,4.1837e+01,4.0579e+01,4.2959e+01,4.5561e+01,4.6474e+01,4.6981e+01,4.8837e+01,4.7485e+01,4.4493e+01,4.2717e+01,4.2811e+01,3.9904e+01,4.0336e+01,3.8940e+01,4.1839e+01,4.3911e+01,4.6847e+01,4.8307e+01,4.9235e+01,4.8319e+01,4.5925e+01,4.6920e+01,4.8391e+01,5.0812e+01,5.1580e+01,5.4339e+01,5.3264e+01,5.5093e+01,5.5532e+01,5.4191e+01,5.6674e+01,5.5616e+01,5.4421e+01,5.1084e+01,5.0418e+01,4.9555e+01,4.6532e+01,4.4447e+01,4.2954e+01,4.4299e+01,4.5541e+01,4.7289e+01,4.8713e+01,5.1625e+01,5.3114e+01,5.6194e+01,5.7812e+01,5.7191e+01,5.4817e+01,5.4159e+01,5.4658e+01,5.2593e+01,5.3426e+01,5.3712e+01,5.0825e+01,5.1466e+01,5.3001e+01,5.2119e+01,5.1300e+01,4.8936e+01,4.9972e+01,4.7053e+01,4.4158e+01,4.2568e+01,3.9702e+01,3.8689e+01,3.7700e+01,3.5124e+01,3.6197e+01,3.4763e+01,3.4547e+01,3.3629e+01,3.1622e+01,3.0496e+01,3.0936e+01,3.0561e+01,3.1310e+01,3.2299e+01,3.3499e+01,3.3608e+01,3.3215e+01,3.3176e+01,3.2254e+01,3.3247e+01,3.4179e+01,3.5263e+01,3.5590e+01,3.6797e+01
2.8958e+01,2.8866e+01,2.8669e+01,2.7651e+01,2.8448e+01,2.8121e+01,2.9514e+01,2.9643e+01,2.9596e+01,2.9237e+01,2.7599e+01,2.8195e+01,2.7457e+01,2.9113e+01,3.0855e+01,3.2673e+01,3.4092e+01,3.5819e+01,3.6514e+01,3.4999e+01,3.5849e+01,3.3897e+01,3.3641e+01,3.2958e+01,3.3585e+01,3.5473e+01,3.5757e+01,3.3847e+01,3.3813e+01,3.2637e+01,3.1049e+01,3.2194e+01,3.4381e+01,3.5676e+01,3.5807e+01,3.8301e+01,3.8434e+01,3.6286e+01,3.3955e+01,3.2911e+01,3.0958e+01,3.0172e+01,2.8962e+01,3.0415e+01,3.1172e+01,3.3447e+01,3.4678e+01,3.6350e+01,3.6349e+01,3.8448e+01,3.8747e+01,4.0403e+01,4.0594e+01,4.1770e+01,4.3124e+01,4.4746e+01,4.6458e+01,4.9121e+01,5.0464e+01,4.9215e+01,4.8449e+01,4.6755e+01,4.5535e+01,4.5889e+01,4.2835e+01,4.2088e+01,4.0560e+01,4.0850e+01,3.8567e+01,3.7557e+01,3.8013e+01,3.7172e+01,3.7390e+01,3.8880e+01,3.8322e+01,3.9750e+01,3.9421e+01,4.1220e+01,4.0115e+01,3.8127e+01,3.8389e+01,4.0227e+01,3.9752e+01,4.2309e+01,4.2591e+01,4.1328e+01,4.3662e+01,4.6251e+01,4.7161e+01,4.7709e+01,4.9576e+01,4.8263e+01,4.5314e+01,4.3513e+01,4.3582e+01,4.0726e+01,4.1216e+01,3.9883e+01,4.2756e+01,4.4762e+01,4.7669e+01,4.9068e+01,4.9946e+01,4.9002e+01,4.6655e+01,4.7624e+01,4.9104e+01,5.1475e+01,5.2228e+01,5.4993e+01,5.3970e+01,5.5803e+01,5.6282e+01,5.4976e+01,5.7435e+01,5.6368e+01,5.5207e+01,5.1899e+01,5.1211e+01,5.0378e+01,4.7365e+01,4.5322e+01,4.3893e+01,4.5243e+01,4.6511e+01,4.8257e+01,4.9690e+01,5.2561e+01,5.4009e+01,5.7050e+01,5.8683e+01,5.8095e+01,5.5742e+01,5.5117e+01,5.5632e+01,5.3582e+01,5.4413e+01,5.4675e+01,5.1803e+01,5.2452e+01,5.3951e+01,5.3076e+01,5.2240e+01,4.9907e+01,5.0918e+01,4.8012e+01,4.5146e+01,4.3616e+01,4.0800e+01,3.9816e+01,3.8879e+01,3.6347e+01,3.7417e+01,3.6016e+01,3.5807e+01,3.4886e+01,3.2891e+01,3.1774e+01,3.2211e+01,3.1830e+01,3.2595e+01,3.3573e+01,3.4775e+01,3.4852e+01,3.4429e+01,3.4356e+01,3.3446e+01,3.4418e+01,3.5371e+01,3.6469e+01,3.6794e+01,3.7975e+01
2.9895e+01,2.9833e+01,2.9674e+01,2.8648e+01,2.9440e+01,2.9033e+01,3.0379e+01,3.0552e+01,3.0440e+01,3.0054e+01,2.8392e+01,2.8884e+01,2.8078e+01,2.9709e+01,3.1466e+01,3.3242e+01,3.4630e+01,3.6363e+01,3.7086e+01,3.5616e+01,3.6510e+01,3.4619e+01,3.4391e+01,3.3791e+01,3.4461e+01,3.6355e+01,3.6665e+01,3.4817e+01,3.4805e+01,3.3667e+01,3.2101e+01,3.3226e+01,3.5380e+01,3.6632e+01,3.6727e+01,3.9177e+01,3.9289e+01,3.7174e+01,3.4858e+01,3.3855e+01,3.1937e+01,3.1101e+01,2.9860e+01,3.1314e+01,3.2110e+01,3.4365e+01,3.5625e+01,3.7285e+01,3.7309e+01,3.9386e+01,3.9697e+01,4.1315e+01,4.1516e+01,4.2704e+01,4.4045e+01,4.5631e+01,4.7331e+01,4.9963e+01,5.1298e+01,5.0051e+01,4.9313e+01,4.7630e+01,4.6439e+01,4.6794e+01,4.3758e+01,4.2997e+01,4.1454e+01,4.1753e+01,3.9488e+01,3.8516e+01,3.8982e+01,3.8170e+01,3.8414e+01,3.9915e+01,3.9368e+01,4.0791e+01,4.0435e+01,4.2197e+01,4.1048e+01,3.9019e+01,3.9237e+01,4.1066e+01,4.0583e+01,4.3123e+01,4.3363e+01,4.2082e+01,4.4379e+01,4.6970e+01,4.7893e+01,4.8475e+01,5.0339e+01,4.9037e+01,4.6110e+01,4.4287e+01,4.4320e+01,4.1495e+01,4.2018e+01,4.0708e+01,4.3560e+01,4.5527e+01,4.8404e+01,4.9762e+01,5.0594e+01,4.9636e+01,4.7332e+01,4.8306e+01,4.9808e+01,5.2153e+01,5.2913e+01,5.5681e+01,5.4691e+01,5.6512e+01,5.7015e+01,5.5719e+01,5.8149e+01,5.7062e+01,5.5910e+01,5.2619e+01,5.1900e+01,5.1071e+01,4.8058e+01,4.6059e+01,4.4672e+01,4.6043e+01,4.7336e+01,4.9068e+01,5.0520e+01,5.3360e+01,5.4771e+01,5.7787e+01,5.9424e+01,5.8861e+01,5.6508e+01,5.5909e+01,5.6446e+01,5.4421e+01,5.5266e+01,5.5529e+01,5.2678e+01,5.3343e+01,5.4834e+01,5.3980e+01,5.3152e+01,5.0848e+01,5.1860e+01,4.8972e+01,4.6115e+01,4.4604e+01,4.1805e+01,4.0812e+01,3.9890e+01,3.7373e+01,3.8419e+01,3.7026e+01,3.6818e+01,3.5924e+01,3.3945e+01,3.2836e+01,3.3285e+01,3.2896e+01,3.3662e+01,3.4632e+01,3.5843e+01,3.5918e+01,3.5479e+01,3.5401e+01,3.4491e+01,3.5463e+01,3.6428e+01,3.7521e+01,3.7831e+01,3.8992e+01
3.0733e+01,3.0712e+01,3.0594e+01,2.9619e+01,3.0458e+01,3.0053e+01,3.1400e+01,3.1609e+01,3.1503e+01,3.1111e+01,2.9472e+01,2.9922e+01,2.9071e+01,3.0618e+01,3.2361e+01,3.4062e+01,3.5394e+01,3.7122e+01,3.7855e+01,3.6441e+01,3.7352e+01,3.5510e+01,3.5324e+01,3.4769e+01,3.5454e+01,3.7330e+01,3.7640e+01,3.5814e+01,3.5788e+01,3.4645e+01,3.3114e+01,3.4233e+01,3.6371e+01,3.7614e+01,3.7703e+01,4.0123e+01,4.0216e+01,3.8116e+01,3.5825e+01,3.4826e+01,3.2938e+01,3.2090e+01,3.0817e+01,3.2240e+01,3.3050e+01,3.5290e+01,3.6563e+01,3.8224e+01,3.8269e+01,4.0335e+01,4.0648e+01,4.2248e+01,4.2444e+01,4.3622e+01,4.4959e+01,4.6528e+01,4.8209e+01,5.0820e+01,5.2153e+01,5.0914e+01,5.0187e+01,4.8514e+01,4.7334e+01,4.7680e+01,4.4664e+01,4.3909e+01,4.2363e+01,4.2652e+01,4.0396e+01,3.9447e+01,3.9904e+01,3.9101e+01,3.9359e+01,4.0854e+01,4.0301e+01,4.1702e+01,4.1339e+01,4.3075e+01,4.1909e+01,3.9864e+01,4.0048e+01,4.1867e+01,4.1388e+01,4.3915e+01,4.4120e+01,4.2832e+01,4.5100e+01,4.7685e+01,4.8608e+01,4.9217e+01,5.1084e+01,4.9805e+01,4.6903e+01,4.5067e+01,4.5082e+01,4.2288e+01,4.2842e+01,4.1565e+01,4.4397e+01,4.6328e+01,4.9183e+01,5.0505e+01,5.1306e+01,5.0334e+01,4.8062e+01,4.9024e+01,5.0532e+01,5.2846e+01,5.3598e+01,5.6367e+01,5.5408e+01,5.7227e+01,5.7752e+01,5.6475e+01,5.8887e+01,5.7794e+01,5.6660e+01,5.3388e+01,5.2657e+01,5.1843e+01,4.8840e+01,4.6866e+01,4.5513e+01,4.6885e+01,4.8188e+01,4.9915e+01,5.1369e+01,5.4186e+01,5.5575e+01,5.8569e+01,6.0209e+01,5.9661e+01,5.7318e+01,5.6733e+01,5.7276e+01,5.5264e+01,5.6109e+01,5.6366e+01,5.3530e+01,5.4197e+01,5.5672e+01,5.4824e+01,5.3993e+01,5.1707e+01,5.2705e+01,4.9833e+01,4.6997e+01,4.5506e+01,4.2727e+01,4.1746e+01,4.0839e+01,3.8345e+01,3.9381e+01,3.7996e+01,3.7780e+01,3.6892e+01,3.4914e+01,3.3817e+01,3.4261e+01,3.3871e+01,3.4631e+01,3.5581e+01,3.6808e+01,3.6886e+01,3.6438e+01,3.6363e+01,3.5457e+01,3.6428e+01,3.7398e+01,3.8484e+01,3.8778e+01,3.9927e+01
3.1565e+01,3.1579e+01,3.1498e+01,3.0587e+01,3.1466e+01,3.1095e+01,3.2443e+01,3.2668e+01,3.2591e+01,3.2209e+01,3.0622e+01,3.1051e+01,3.0202e+01,3.1675e+01,3.3386e+01,3.5020e+01,3.6296e+01,3.8002e+01,3.8723e+01,3.7355e+01,3.8248e+01,3.6450e+01,3.6288e+01,3.5747e+01,3.6421e+01,3.8256e+01,3.8554e+01,3.6747e+01,3.6703e+01,3.5555e+01,3.4062e+01,3.5166e+01,3.7279e+01,3.8518e+01,3.8612e+01,4.0998e+01,4.1082e+01,3.9001e+01,3.6750e+01,3.5747e+01,3.3896e+01,3.3064e+01,3.1782e+01,3.3152e+01,3.3950e+01,3.6167e+01,3.7431e+01,3.9088e+01,3.9143e+01,4.1190e+01,4.1498e+01,4.3082e+01,4.3266e+01,4.4421e+01,4.5751e+01,4.7309e+01,4.8965e+01,5.1555e+01,5.2883e+01,5.1660e+01,5.0937e+01,4.9279e+01,4.8105e+01,4.8441e+01,4.5455e+01,4.4715e+01,4.3183e+01,4.3456e+01,4.1217e+01,4.0284e+01,4.0725e+01,3.9926e+01,4.0186e+01,4.1659e+01,4.1101e+01,4.2474e+01,4.2118e+01,4.3826e+01,4.2661e+01,4.0628e+01,4.0791e+01,4.2589e+01,4.2124e+01,4.4628e+01,4.4812e+01,4.3534e+01,4.5777e+01,4.8342e+01,4.9251e+01,4.9872e+01,5.1738e+01,5.0485e+01,4.7616e+01,4.5783e+01,4.5795e+01,4.3036e+01,4.3606e+01,4.2362e+01,4.5167e+01,4.7066e+01,4.9896e+01,5.1192e+01,5.1977e+01,5.1000e+01,4.8753e+01,4.9696e+01,5.1195e+01,5.3478e+01,5.4215e+01,5.6974e+01,5.6038e+01,5.7855e+01,5.8391e+01,5.7134e+01,5.9532e+01,5.8445e+01,5.7329e+01,5.4081e+01,5.3352e+01,5.2554e+01,4.9574e+01,4.7621e+01,4.6293e+01,4.7650e+01,4.8946e+01,5.0662e+01,5.2103e+01,5.4899e+01,5.6275e+01,5.9246e+01,6.0881e+01,6.0339e+01,5.8013e+01,5.7431e+01,5.7969e+01,5.5970e+01,5.6805e+01,5.7057e+01,5.4239e+01,5.4896e+01,5.6354e+01,5.5505e+01,5.4671e+01,5.2403e+01,5.3380e+01,5.0534e+01,4.7732e+01,4.6263e+01,4.3516e+01,4.2556e+01,4.1662e+01,3.9203e+01,4.0232e+01,3.8864e+01,3.8642e+01,3.7755e+01,3.5792e+01,3.4706e+01,3.5135e+01,3.4746e+01,3.5495e+01,3.6430e+01,3.7651e+01,3.7728e+01,3.7283e+01,3.7208e+01,3.6309e+01,3.7272e+01,3.8237e+01,3.9306e+01,3.9584e+01,4.0718e+01
3.2304e+01,3.2335e+01,3.2254e+01,3.1382e+01,3.2277e+01,3.1934e+01,3.3274e+01,3.3507e+01,3.3457e+01,3.3101e+01,3.1564e+01,3.1972e+01,3.1141e+01,3.2555e+01,3.4219e+01,3.5804e+01,3.7045e+01,3.8716e+01,3.9419e+01,3.8084e+01,3.8957e+01,3.7194e+01,3.7043e+01,3.6512e+01,3.7178e+01,3.8973e+01,3.9266e+01,3.7483e+01,3.7434e+01,3.6294e+01,3.4830e+01,3.5910e+01,3.7992e+01,3.9220e+01,3.9314e+01,4.1667e+01,4.1743e+01,3.9682e+01,3.7469e+01,3.6469e+01,3.4653e+01,3.3836e+01,3.2566e+01,3.3889e+01,3.4666e+01,3.6857e+01,3.8108e+01,3.9754e+01,3.9818e+01,4.1845e+01,4.2152e+01,4.3720e+01,4.3899e+01,4.5038e+01,4.6355e+01,4.7899e+01,4.9536e+01,5.2104e+01,5.3423e+01,5.2211e+01,5.1493e+01,4.9848e+01,4.8682e+01,4.9009e+01,4.6051e+01,4.5324e+01,4.3803e+01,4.4066e+01,4.1847e+01,4.0930e+01,4.1363e+01,4.0578e+01,4.0842e+01,4.2305e+01,4.1756e+01,4.3115e+01,4.2755e+01,4.4436e+01,4.3275e+01,4.1260e+01,4.1402e+01,4.3171e+01,4.2708e+01,4.5189e+01,4.5363e+01,4.4099e+01,4.6321e+01,4.8862e+01,4.9761e+01,5.0383e+01,5.2241e+01,5.1004e+01,4.8162e+01,4.6339e+01,4.6351e+01,4.3624e+01,4.4196e+01,4.2974e+01,4.5750e+01,4.7623e+01,5.0427e+01,5.1706e+01,5.2479e+01,5.1506e+01,4.9281e+01,5.0214e+01,5.1701e+01,5.3963e+01,5.4693e+01,5.7437e+01,5.6513e+01,5.8322e+01,5.8860e+01,5.7615e+01,5.9998e+01,5.8916e+01,5.7810e+01,5.4586e+01,5.3859e+01,5.3071e+01,5.0116e+01,4.8183e+01,4.6874e+01,4.8217e+01,4.9504e+01,5.1210e+01,5.2640e+01,5.5413e+01,5.6777e+01,5.9727e+01,6.1357e+01,6.0821e+01,5.8510e+01,5.7935e+01,5.8470e+01,5.6483e+01,5.7313e+01,5.7560e+01,5.4759e+01,5.5412e+01,5.6856e+01,5.6012e+01,5.5180e+01,5.2932e+01,5.3901e+01,5.1080e+01,4.8305e+01,4.6853e+01,4.4136e+01,4.3186e+01,4.2308e+01,3.9880e+01,4.0898e+01,3.9547e+01,3.9330e+01,3.8454e+01,3.6515e+01,3.5436e+01,3.5862e+01,3.5472e+01,3.6220e+01,3.7145e+01,3.8359e+01,3.8428e+01,3.7973e+01,3.7894e+01,3.7006e+01,3.7965e+01,3.8933e+01,4.0002e+01,4.0275e+01,4.1399e+01
