7.8237e+01,7.8190e+01,7.8258e+01,7.8051e+01,7.7801e+01,7.7658e+01,7.7553e+01,7.7480e+01,7.7558e+01,7.7547e+01,7.7639e+01,7.7738e+01,7.7648e+01,7.7431e+01,7.7462e+01,7.7456e+01,7.7568e+01,7.7259e+01,7.7139e+01,7.7027e+01,7.6508e+01,7.6083e+01,7.5660e+01,7.5265e+01,7.4847e+01,7.4328e+01,7.3890e+01,7.3258e+01,7.2585e+01,7.1965e+01,7.1292e+01,7.0578e+01,6.9765e+01,6.9139e+01,6.8373e+01,6.7541e+01,6.6844e+01,6.6261e+01,6.5637e+01,6.5253e+01,6.4938e+01,6.4802e+01,6.4895e+01,6.4942e+01,6.4645e+01,6.4785e+01,6.5012e+01,6.4646e+01,6.4225e+01,6.4418e+01,6.4843e+01,6.5082e+01,6.5519e+01,6.5938e+01,6.6320e+01,6.6740e+01,6.7145e+01,6.7558e+01,6.8101e+01,6.8602e+01,6.9392e+01,7.0116e+01,7.0662e+01,7.1390e+01,7.2114e+01,7.2458e+01,7.3067e+01,7.3654e+01,7.3789e+01,7.3979e+01,7.4080e+01,7.4141e+01,7.4357e+01,7.4454e+01,7.4662e+01
7.7651e+01,7.7606e+01,7.7676e+01,7.7468e+01,7.7215e+01,7.7070e+01,7.6967e+01,7.6892e+01,7.6967e+01,7.6953e+01,7.7047e+01,7.7145e+01,7.7055e+01,7.6837e+01,7.6869e+01,7.6863e+01,7.6978e+01,7.6667e+01,7.6546e+01,7.6431e+01,7.5910e+01,7.5478e+01,7.5048e+01,7.4651e+01,7.4231e+01,7.3709e+01,7.3272e+01,7.2635e+01,7.1954e+01,7.1323e+01,7.0642e+01,6.9917e+01,6.9092e+01,6.8454e+01,6.7674e+01,6.6828e+01,6.6118e+01,6.5531e+01,6.4900e+01,6.4510e+01,6.4189e+01,6.4051e+01,6.4144e+01,6.4190e+01,6.3891e+01,6.4032e+01,6.4261e+01,6.3890e+01,6.3466e+01,6.3663e+01,6.4092e+01,6.4331e+01,6.4770e+01,6.5195e+01,6.5582e+01,6.6006e+01,6.6415e+01,6.6837e+01,6.7386e+01,6.7896e+01,6.8695e+01,6.9429e+01,6.9979e+01,7.0715e+01,7.1443e+01,7.1790e+01,7.2405e+01,7.2996e+01,7.3134e+01,7.3326e+01,7.3431e+01,7.3492e+01,7.3710e+01,7.3809e+01,7.4020e+01
7.7173e+01,7.7128e+01,7.7200e+01,7.6990e+01,7.6734e+01,7.6589e+01,7.6484e+01,7.6406e+01,7.6478e+01,7.6460e+01,7.6553e+01,7.6649e+01,7.6560e+01,7.6344e+01,7.6377e+01,7.6370e+01,7.6485e+01,7.6172e+01,7.6049e+01,7.5933e+01,7.5411e+01,7.4974e+01,7.4538e+01,7.4137e+01,7.3716e+01,7.3191e+01,7.2753e+01,7.2112e+01,7.1421e+01,7.0782e+01,7.0093e+01,6.9356e+01,6.8519e+01,6.7871e+01,6.7080e+01,6.6225e+01,6.5503e+01,6.4914e+01,6.4279e+01,6.3886e+01,6.3564e+01,6.3428e+01,6.3521e+01,6.3568e+01,6.3271e+01,6.3415e+01,6.3648e+01,6.3276e+01,6.2850e+01,6.3051e+01,6.3480e+01,6.3717e+01,6.4161e+01,6.4590e+01,6.4980e+01,6.5409e+01,6.5822e+01,6.6251e+01,6.6806e+01,6.7325e+01,6.8134e+01,6.8876e+01,6.9433e+01,7.0174e+01,7.0906e+01,7.1256e+01,7.1879e+01,7.2474e+01,7.2614e+01,7.2810e+01,7.2917e+01,7.2978e+01,7.3200e+01,7.3300e+01,7.3515e+01
7.6500e+01,7.6453e+01,7.6526e+01,7.6313e+01,7.6053e+01,7.5906e+01,7.5800e+01,7.5722e+01,7.5794e+01,7.5777e+01,7.5870e+01,7.5967e+01,7.5880e+01,7.5663e+01,7.5699e+01,7.5692e+01,7.5808e+01,7.5491e+01,7.5365e+01,7.5245e+01,7.4720e+01,7.4277e+01,7.3833e+01,7.3429e+01,7.3008e+01,7.2479e+01,7.2037e+01,7.1391e+01,7.0692e+01,7.0043e+01,6.9344e+01,6.8597e+01,6.7746e+01,6.7086e+01,6.6284e+01,6.5414e+01,6.4679e+01,6.4080e+01,6.3438e+01,6.3042e+01,6.2717e+01,6.2580e+01,6.2674e+01,6.2724e+01,6.2427e+01,6.2572e+01,6.2806e+01,6.2427e+01,6.1999e+01,6.2209e+01,6.2642e+01,6.2881e+01,6.3335e+01,6.3775e+01,6.4170e+01,6.4605e+01,6.5025e+01,6.5460e+01,6.6018e+01,6.6543e+01,6.7362e+01,6.8110e+01,6.8670e+01,6.9419e+01,7.0156e+01,7.0506e+01,7.1134e+01,7.1731e+01,7.1871e+01,7.2066e+01,7.2174e+01,7.2236e+01,7.2459e+01,7.2559e+01,7.2777e+01
7.6038e+01,7.5991e+01,7.6065e+01,7.5849e+01,7.5584e+01,7.5438e+01,7.5332e+01,7.5252e+01,7.5322e+01,7.5303e+01,7.5394e+01,7.5491e+01,7.5403e+01,7.5186e+01,7.5220e+01,7.5212e+01,7.5327e+01,7.5005e+01,7.4875e+01,7.4753e+01,7.4225e+01,7.3780e+01,7.3334e+01,7.2930e+01,7.2510e+01,7.1977e+01,7.1534e+01,7.0885e+01,7.0179e+01,6.9522e+01,6.8816e+01,6.8059e+01,6.7200e+01,6.6532e+01,6.5723e+01,6.4846e+01,6.4105e+01,6.3502e+01,6.2860e+01,6.2465e+01,6.2140e+01,6.2005e+01,6.2102e+01,6.2151e+01,6.1857e+01,6.2005e+01,6.2238e+01,6.1857e+01,6.1429e+01,6.1648e+01,6.2085e+01,6.2326e+01,6.2785e+01,6.3231e+01,6.3630e+01,6.4068e+01,6.4488e+01,6.4925e+01,6.5487e+01,6.6015e+01,6.6843e+01,6.7597e+01,6.8163e+01,6.8918e+01,6.9662e+01,7.0014e+01,7.0648e+01,7.1244e+01,7.1385e+01,7.1579e+01,7.1688e+01,7.1748e+01,7.1973e+01,7.2075e+01,7.2298e+01
7.5566e+01,7.5520e+01,7.5596e+01,7.5378e+01,7.5108e+01,7.4961e+01,7.4854e+01,7.4776e+01,7.4846e+01,7.4826e+01,7.4917e+01,7.5015e+01,7.4927e+01,7.4708e+01,7.4742e+01,7.4735e+01,7.4852e+01,7.4526e+01,7.4394e+01,7.4271e+01,7.3740e+01,7.3293e+01,7.2844e+01,7.2439e+01,7.2019e+01,7.1482e+01,7.1038e+01,7.0388e+01,6.9676e+01,6.9011e+01,6.8300e+01,6.7537e+01,6.6672e+01,6.5996e+01,6.5183e+01,6.4302e+01,6.3553e+01,6.2949e+01,6.2307e+01,6.1916e+01,6.1591e+01,6.1455e+01,6.1555e+01,6.1608e+01,6.1318e+01,6.1468e+01,6.1704e+01,6.1322e+01,6.0895e+01,6.1120e+01,6.1558e+01,6.1797e+01,6.2262e+01,6.2717e+01,6.3121e+01,6.3564e+01,6.3989e+01,6.4429e+01,6.4991e+01,6.5521e+01,6.6357e+01,6.7114e+01,6.7682e+01,6.8439e+01,6.9186e+01,6.9537e+01,7.0175e+01,7.0770e+01,7.0915e+01,7.1110e+01,7.1221e+01,7.1281e+01,7.1511e+01,7.1615e+01,7.1841e+01
7.5201e+01,7.5153e+01,7.5229e+01,7.5010e+01,7.4737e+01,7.4587e+01,7.4481e+01,7.4405e+01,7.4477e+01,7.4458e+01,7.4553e+01,7.4652e+01,7.4562e+01,7.4342e+01,7.4375e+01,7.4365e+01,7.4482e+01,7.4153e+01,7.4019e+01,7.3895e+01,7.3360e+01,7.2909e+01,7.2455e+01,7.2048e+01,7.1630e+01,7.1088e+01,7.0643e+01,6.9990e+01,6.9272e+01,6.8602e+01,6.7886e+01,6.7118e+01,6.6245e+01,6.5558e+01,6.4732e+01,6.3841e+01,6.3080e+01,6.2467e+01,6.1818e+01,6.1421e+01,6.1088e+01,6.0947e+01,6.1043e+01,6.1093e+01,6.0798e+01,6.0947e+01,6.1183e+01,6.0796e+01,6.0366e+01,6.0594e+01,6.1040e+01,6.1283e+01,6.1757e+01,6.2217e+01,6.2629e+01,6.3079e+01,6.3511e+01,6.3952e+01,6.4516e+01,6.5044e+01,6.5886e+01,6.6647e+01,6.7219e+01,6.7979e+01,6.8729e+01,6.9080e+01,6.9718e+01,7.0312e+01,7.0454e+01,7.0646e+01,7.0756e+01,7.0815e+01,7.1045e+01,7.1151e+01,7.1382e+01
7.5042e+01,7.4992e+01,7.5065e+01,7.4847e+01,7.4578e+01,7.4425e+01,7.4321e+01,7.4245e+01,7.4319e+01,7.4301e+01,7.4397e+01,7.4496e+01,7.4404e+01,7.4184e+01,7.4218e+01,7.4209e+01,7.4326e+01,7.3997e+01,7.3866e+01,7.3742e+01,7.3203e+01,7.2747e+01,7.2291e+01,7.1882e+01,7.1465e+01,7.0921e+01,7.0475e+01,6.9819e+01,6.9098e+01,6.8427e+01,6.7709e+01,6.6938e+01,6.6064e+01,6.5375e+01,6.4544e+01,6.3650e+01,6.2883e+01,6.2264e+01,6.1611e+01,6.1210e+01,6.0870e+01,6.0720e+01,6.0810e+01,6.0853e+01,6.0553e+01,6.0692e+01,6.0927e+01,6.0540e+01,6.0106e+01,6.0334e+01,6.0782e+01,6.1026e+01,6.1505e+01,6.1968e+01,6.2382e+01,6.2832e+01,6.3265e+01,6.3703e+01,6.4263e+01,6.4789e+01,6.5631e+01,6.6389e+01,6.6964e+01,6.7724e+01,6.8475e+01,6.8827e+01,6.9464e+01,7.0058e+01,7.0197e+01,7.0388e+01,7.0495e+01,7.0552e+01,7.0780e+01,7.0889e+01,7.1120e+01
7.4892e+01,7.4842e+01,7.4914e+01,7.4695e+01,7.4424e+01,7.4270e+01,7.4167e+01,7.4091e+01,7.4164e+01,7.4147e+01,7.4239e+01,7.4336e+01,7.4241e+01,7.4021e+01,7.4054e+01,7.4048e+01,7.4165e+01,7.3837e+01,7.3705e+01,7.3581e+01,7.3037e+01,7.2582e+01,7.2125e+01,7.1721e+01,7.1309e+01,7.0764e+01,7.0319e+01,6.9659e+01,6.8937e+01,6.8267e+01,6.7548e+01,6.6778e+01,6.5904e+01,6.5213e+01,6.4383e+01,6.3488e+01,6.2722e+01,6.2101e+01,6.1449e+01,6.1050e+01,6.0707e+01,6.0551e+01,6.0640e+01,6.0684e+01,6.0384e+01,6.0521e+01,6.0756e+01,6.0368e+01,5.9933e+01,6.0166e+01,6.0617e+01,6.0866e+01,6.1347e+01,6.1815e+01,6.2234e+01,6.2685e+01,6.3117e+01,6.3550e+01,6.4107e+01,6.4630e+01,6.5473e+01,6.6230e+01,6.6804e+01,6.7562e+01,6.8313e+01,6.8663e+01,6.9297e+01,6.9887e+01,7.0021e+01,7.0210e+01,7.0313e+01,7.0366e+01,7.0591e+01,7.0703e+01,7.0935e+01
7.4695e+01,7.4644e+01,7.4714e+01,7.4494e+01,7.4224e+01,7.4068e+01,7.3966e+01,7.3891e+01,7.3965e+01,7.3951e+01,7.4045e+01,7.4144e+01,7.4046e+01,7.3826e+01,7.3859e+01,7.3853e+01,7.3971e+01,7.3642e+01,7.3512e+01,7.3389e+01,7.2842e+01,7.2384e+01,7.1924e+01,7.1520e+01,7.1112e+01,7.0567e+01,7.0123e+01,6.9462e+01,6.8738e+01,6.8065e+01,6.7346e+01,6.6575e+01,6.5698e+01,6.5005e+01,6.4175e+01,6.3277e+01,6.2507e+01,6.1883e+01,6.1229e+01,6.0828e+01,6.0481e+01,6.0320e+01,6.0405e+01,6.0444e+01,6.0143e+01,6.0275e+01,6.0512e+01,6.0122e+01,5.9686e+01,5.9922e+01,6.0375e+01,6.0625e+01,6.1111e+01,6.1585e+01,6.2007e+01,6.2461e+01,6.2899e+01,6.3332e+01,6.3886e+01,6.4409e+01,6.5255e+01,6.6008e+01,6.6587e+01,6.7343e+01,6.8094e+01,6.8445e+01,6.9078e+01,6.9669e+01,6.9801e+01,6.9990e+01,7.0093e+01,7.0146e+01,7.0368e+01,7.0478e+01,7.0709e+01
7.4528e+01,7.4473e+01,7.4538e+01,7.4318e+01,7.4050e+01,7.3894e+01,7.3793e+01,7.3719e+01,7.3794e+01,7.3777e+01,7.3875e+01,7.3973e+01,7.3878e+01,7.3658e+01,7.3691e+01,7.3686e+01,7.3802e+01,7.3474e+01,7.3343e+01,7.3220e+01,7.2672e+01,7.2213e+01,7.1750e+01,7.1346e+01,7.0939e+01,7.0397e+01,6.9958e+01,6.9298e+01,6.8572e+01,6.7901e+01,6.7180e+01,6.6410e+01,6.5531e+01,6.4833e+01,6.3998e+01,6.3098e+01,6.2323e+01,6.1691e+01,6.1034e+01,6.0631e+01,6.0283e+01,6.0119e+01,6.0199e+01,6.0239e+01,5.9943e+01,6.0073e+01,6.0310e+01,5.9919e+01,5.9484e+01,5.9725e+01,6.0178e+01,6.0430e+01,6.0919e+01,6.1397e+01,6.1821e+01,6.2277e+01,6.2716e+01,6.3149e+01,6.3701e+01,6.4226e+01,6.5068e+01,6.5820e+01,6.6399e+01,6.7150e+01,6.7899e+01,6.8245e+01,6.8875e+01,6.9462e+01,6.9589e+01,6.9776e+01,6.9876e+01,6.9927e+01,7.0151e+01,7.0263e+01,7.0496e+01
7.4263e+01,7.4205e+01,7.4268e+01,7.4046e+01,7.3777e+01,7.3618e+01,7.3519e+01,7.3445e+01,7.3520e+01,7.3502e+01,7.3599e+01,7.3696e+01,7.3603e+01,7.3383e+01,7.3416e+01,7.3417e+01,7.3533e+01,7.3208e+01,7.3080e+01,7.2960e+01,7.2414e+01,7.1955e+01,7.1491e+01,7.1085e+01,7.0677e+01,7.0137e+01,6.9702e+01,6.9041e+01,6.8313e+01,6.7643e+01,6.6920e+01,6.6151e+01,6.5272e+01,6.4573e+01,6.3734e+01,6.2825e+01,6.2044e+01,6.1402e+01,6.0739e+01,6.0334e+01,5.9982e+01,5.9816e+01,5.9894e+01,5.9936e+01,5.9643e+01,5.9776e+01,6.0017e+01,5.9626e+01,5.9192e+01,5.9439e+01,5.9890e+01,6.0146e+01,6.0640e+01,6.1125e+01,6.1549e+01,6.2005e+01,6.2447e+01,6.2883e+01,6.3434e+01,6.3959e+01,6.4798e+01,6.5548e+01,6.6127e+01,6.6871e+01,6.7616e+01,6.7958e+01,6.8585e+01,6.9170e+01,6.9295e+01,6.9479e+01,6.9578e+01,6.9628e+01,6.9851e+01,6.9963e+01,7.0197e+01
7.3969e+01,7.3907e+01,7.3963e+01,7.3741e+01,7.3476e+01,7.3318e+01,7.3219e+01,7.3147e+01,7.3222e+01,7.3205e+01,7.3302e+01,7.3399e+01,7.3309e+01,7.3092e+01,7.3124e+01,7.3122e+01,7.3236e+01,7.2910e+01,7.2782e+01,7.2663e+01,7.2118e+01,7.1659e+01,7.1193e+01,7.0787e+01,7.0380e+01,6.9839e+01,6.9407e+01,6.8745e+01,6.8017e+01,6.7350e+01,6.6631e+01,6.5863e+01,6.4982e+01,6.4282e+01,6.3436e+01,6.2522e+01,6.1735e+01,6.1087e+01,6.0422e+01,6.0018e+01,5.9659e+01,5.9491e+01,5.9565e+01,5.9602e+01,5.9311e+01,5.9436e+01,5.9677e+01,5.9285e+01,5.8851e+01,5.9101e+01,5.9549e+01,5.9802e+01,6.0298e+01,6.0788e+01,6.1209e+01,6.1664e+01,6.2112e+01,6.2548e+01,6.3097e+01,6.3626e+01,6.4464e+01,6.5212e+01,6.5791e+01,6.6531e+01,6.7272e+01,6.7610e+01,6.8231e+01,6.8811e+01,6.8932e+01,6.9113e+01,6.9208e+01,6.9257e+01,6.9483e+01,6.9601e+01,6.9839e+01
7.3584e+01,7.3517e+01,7.3569e+01,7.3342e+01,7.3076e+01,7.2915e+01,7.2816e+01,7.2745e+01,7.2820e+01,7.2803e+01,7.2903e+01,7.3001e+01,7.2915e+01,7.2698e+01,7.2732e+01,7.2732e+01,7.2848e+01,7.2520e+01,7.2394e+01,7.2274e+01,7.1730e+01,7.1266e+01,7.0797e+01,7.0390e+01,6.9983e+01,6.9445e+01,6.9017e+01,6.8358e+01,6.7625e+01,6.6957e+01,6.6238e+01,6.5468e+01,6.4584e+01,6.3880e+01,6.3027e+01,6.2105e+01,6.1310e+01,6.0653e+01,5.9984e+01,5.9575e+01,5.9210e+01,5.9037e+01,5.9104e+01,5.9138e+01,5.8848e+01,5.8969e+01,5.9208e+01,5.8815e+01,5.8378e+01,5.8635e+01,5.9081e+01,5.9337e+01,5.9832e+01,6.0328e+01,6.0749e+01,6.1203e+01,6.1655e+01,6.2094e+01,6.2644e+01,6.3176e+01,6.4013e+01,6.4765e+01,6.5349e+01,6.6088e+01,6.6830e+01,6.7171e+01,6.7791e+01,6.8373e+01,6.8493e+01,6.8671e+01,6.8767e+01,6.8814e+01,6.9042e+01,6.9163e+01,6.9401e+01
7.3050e+01,7.2977e+01,7.3026e+01,7.2800e+01,7.2534e+01,7.2373e+01,7.2274e+01,7.2204e+01,7.2281e+01,7.2264e+01,7.2365e+01,7.2465e+01,7.2380e+01,7.2165e+01,7.2199e+01,7.2196e+01,7.2315e+01,7.1985e+01,7.1860e+01,7.1741e+01,7.1194e+01,7.0727e+01,7.0256e+01,6.9846e+01,6.9440e+01,6.8896e+01,6.8465e+01,6.7802e+01,6.7062e+01,6.6383e+01,6.5656e+01,6.4875e+01,6.3981e+01,6.3265e+01,6.2396e+01,6.1463e+01,6.0657e+01,5.9991e+01,5.9312e+01,5.8900e+01,5.8525e+01,5.8345e+01,5.8408e+01,5.8443e+01,5.8152e+01,5.8267e+01,5.8505e+01,5.8104e+01,5.7664e+01,5.7930e+01,5.8374e+01,5.8630e+01,5.9132e+01,5.9633e+01,6.0054e+01,6.0514e+01,6.0973e+01,6.1416e+01,6.1970e+01,6.2508e+01,6.3349e+01,6.4105e+01,6.4692e+01,6.5430e+01,6.6175e+01,6.6516e+01,6.7133e+01,6.7716e+01,6.7826e+01,6.7995e+01,6.8086e+01,6.8129e+01,6.8363e+01,6.8495e+01,6.8739e+01
7.2311e+01,7.2236e+01,7.2285e+01,7.2061e+01,7.1796e+01,7.1637e+01,7.1536e+01,7.1464e+01,7.1538e+01,7.1523e+01,7.1625e+01,7.1727e+01,7.1641e+01,7.1427e+01,7.1460e+01,7.1454e+01,7.1573e+01,7.1238e+01,7.1112e+01,7.0993e+01,7.0442e+01,6.9972e+01,6.9496e+01,6.9083e+01,6.8674e+01,6.8126e+01,6.7699e+01,6.7038e+01,6.6290e+01,6.5601e+01,6.4866e+01,6.4077e+01,6.3165e+01,6.2440e+01,6.1555e+01,6.0603e+01,5.9780e+01,5.9099e+01,5.8402e+01,5.7978e+01,5.7587e+01,5.7402e+01,5.7462e+01,5.7489e+01,5.7190e+01,5.7307e+01,5.7556e+01,5.7149e+01,5.6700e+01,5.6967e+01,5.7415e+01,5.7671e+01,5.8181e+01,5.8686e+01,5.9112e+01,5.9581e+01,6.0047e+01,6.0491e+01,6.1049e+01,6.1590e+01,6.2442e+01,6.3204e+01,6.3799e+01,6.4539e+01,6.5289e+01,6.5635e+01,6.6253e+01,6.6840e+01,6.6946e+01,6.7112e+01,6.7201e+01,6.7243e+01,6.7481e+01,6.7618e+01,6.7865e+01
7.1922e+01,7.1846e+01,7.1893e+01,7.1666e+01,7.1402e+01,7.1246e+01,7.1144e+01,7.1069e+01,7.1141e+01,7.1124e+01,7.1228e+01,7.1330e+01,7.1245e+01,7.1030e+01,7.1067e+01,7.1062e+01,7.1188e+01,7.0857e+01,7.0733e+01,7.0620e+01,7.0070e+01,6.9598e+01,6.9119e+01,6.8707e+01,6.8301e+01,6.7753e+01,6.7332e+01,6.6676e+01,6.5929e+01,6.5238e+01,6.4503e+01,6.3711e+01,6.2789e+01,6.2063e+01,6.1169e+01,6.0212e+01,5.9380e+01,5.8692e+01,5.7990e+01,5.7553e+01,5.7159e+01,5.6973e+01,5.7028e+01,5.7053e+01,5.6754e+01,5.6870e+01,5.7116e+01,5.6704e+01,5.6252e+01,5.6520e+01,5.6963e+01,5.7220e+01,5.7732e+01,5.8232e+01,5.8653e+01,5.9120e+01,5.9588e+01,6.0035e+01,6.0592e+01,6.1133e+01,6.1986e+01,6.2748e+01,6.3344e+01,6.4083e+01,6.4830e+01,6.5182e+01,6.5797e+01,6.6389e+01,6.6496e+01,6.6661e+01,6.6750e+01,6.6792e+01,6.7031e+01,6.7170e+01,6.7418e+01
7.1379e+01,7.1299e+01,7.1342e+01,7.1113e+01,7.0848e+01,7.0693e+01,7.0591e+01,7.0516e+01,7.0587e+01,7.0569e+01,7.0672e+01,7.0775e+01,7.0691e+01,7.0479e+01,7.0521e+01,7.0521e+01,7.0655e+01,7.0327e+01,7.0207e+01,7.0097e+01,6.9552e+01,6.9078e+01,6.8596e+01,6.8184e+01,6.7780e+01,6.7230e+01,6.6812e+01,6.6161e+01,6.5406e+01,6.4711e+01,6.3974e+01,6.3176e+01,6.2247e+01,6.1520e+01,6.0618e+01,5.9654e+01,5.8816e+01,5.8119e+01,5.7414e+01,5.6972e+01,5.6572e+01,5.6386e+01,5.6435e+01,5.6458e+01,5.6163e+01,5.6277e+01,5.6514e+01,5.6099e+01,5.5653e+01,5.5928e+01,5.6362e+01,5.6615e+01,5.7122e+01,5.7620e+01,5.8036e+01,5.8503e+01,5.8974e+01,5.9423e+01,5.9982e+01,6.0527e+01,6.1380e+01,6.2148e+01,6.2749e+01,6.3484e+01,6.4233e+01,6.4588e+01,6.5197e+01,6.5789e+01,6.5891e+01,6.6058e+01,6.6145e+01,6.6183e+01,6.6422e+01,6.6564e+01,6.6815e+01
7.0340e+01,7.0256e+01,7.0298e+01,7.0066e+01,6.9799e+01,6.9642e+01,6.9539e+01,6.9466e+01,6.9533e+01,6.9516e+01,6.9624e+01,6.9730e+01,6.9648e+01,6.9433e+01,6.9475e+01,6.9470e+01,6.9607e+01,6.9271e+01,6.9146e+01,6.9028e+01,6.8476e+01,6.7995e+01,6.7504e+01,6.7087e+01,6.6682e+01,6.6126e+01,6.5707e+01,6.5047e+01,6.4276e+01,6.3563e+01,6.2813e+01,6.1996e+01,6.1046e+01,6.0301e+01,5.9376e+01,5.8391e+01,5.7532e+01,5.6813e+01,5.6084e+01,5.5628e+01,5.5209e+01,5.5007e+01,5.5051e+01,5.5070e+01,5.4771e+01,5.4886e+01,5.5128e+01,5.4702e+01,5.4248e+01,5.4536e+01,5.4976e+01,5.5233e+01,5.5757e+01,5.6270e+01,5.6696e+01,5.7177e+01,5.7663e+01,5.8124e+01,5.8690e+01,5.9250e+01,6.0121e+01,6.0903e+01,6.1519e+01,6.2265e+01,6.3024e+01,6.3384e+01,6.4004e+01,6.4609e+01,6.4712e+01,6.4878e+01,6.4967e+01,6.4999e+01,6.5244e+01,6.5396e+01,6.5654e+01
6.9542e+01,6.9455e+01,6.9494e+01,6.9257e+01,6.8990e+01,6.8832e+01,6.8725e+01,6.8652e+01,6.8721e+01,6.8705e+01,6.8816e+01,6.8927e+01,6.8847e+01,6.8632e+01,6.8676e+01,6.8668e+01,6.8806e+01,6.8461e+01,6.8334e+01,6.8214e+01,6.7654e+01,6.7165e+01,6.6664e+01,6.6241e+01,6.5831e+01,6.5266e+01,6.4841e+01,6.4170e+01,6.3386e+01,6.2660e+01,6.1896e+01,6.1065e+01,6.0093e+01,5.9329e+01,5.8376e+01,5.7361e+01,5.6475e+01,5.5732e+01,5.4973e+01,5.4501e+01,5.4058e+01,5.3837e+01,5.3877e+01,5.3892e+01,5.3583e+01,5.3700e+01,5.3955e+01,5.3522e+01,5.3051e+01,5.3347e+01,5.3799e+01,5.4062e+01,5.4609e+01,5.5140e+01,5.5576e+01,5.6067e+01,5.6570e+01,5.7039e+01,5.7612e+01,5.8180e+01,5.9069e+01,5.9868e+01,6.0493e+01,6.1254e+01,6.2024e+01,6.2394e+01,6.3027e+01,6.3648e+01,6.3753e+01,6.3919e+01,6.4009e+01,6.4039e+01,6.4286e+01,6.4447e+01,6.4711e+01
6.8854e+01,6.8765e+01,6.8803e+01,6.8561e+01,6.8291e+01,6.8130e+01,6.8020e+01,6.7947e+01,6.8011e+01,6.7996e+01,6.8107e+01,6.8219e+01,6.8139e+01,6.7922e+01,6.7965e+01,6.7952e+01,6.8092e+01,6.7740e+01,6.7611e+01,6.7487e+01,6.6920e+01,6.6424e+01,6.5911e+01,6.5483e+01,6.5068e+01,6.4499e+01,6.4071e+01,6.3393e+01,6.2596e+01,6.1854e+01,6.1075e+01,6.0227e+01,5.9236e+01,5.8457e+01,5.7485e+01,5.6452e+01,5.5551e+01,5.4791e+01,5.4016e+01,5.3539e+01,5.3079e+01,5.2844e+01,5.2878e+01,5.2887e+01,5.2573e+01,5.2694e+01,5.2953e+01,5.2521e+01,5.2043e+01,5.2344e+01,5.2800e+01,5.3063e+01,5.3620e+01,5.4165e+01,5.4606e+01,5.5104e+01,5.5623e+01,5.6106e+01,5.6686e+01,5.7265e+01,5.8169e+01,5.8978e+01,5.9611e+01,6.0385e+01,6.1160e+01,6.1533e+01,6.2179e+01,6.2811e+01,6.2921e+01,6.3091e+01,6.3179e+01,6.3209e+01,6.3459e+01,6.3623e+01,6.3891e+01
6.8129e+01,6.8038e+01,6.8076e+01,6.7831e+01,6.7559e+01,6.7396e+01,6.7285e+01,6.7211e+01,6.7273e+01,6.7259e+01,6.7373e+01,6.7489e+01,6.7410e+01,6.7191e+01,6.7231e+01,6.7213e+01,6.7355e+01,6.6995e+01,6.6862e+01,6.6732e+01,6.6158e+01,6.5654e+01,6.5131e+01,6.4697e+01,6.4277e+01,6.3696e+01,6.3260e+01,6.2570e+01,6.1760e+01,6.1000e+01,6.0204e+01,5.9336e+01,5.8322e+01,5.7521e+01,5.6521e+01,5.5463e+01,5.4536e+01,5.3758e+01,5.2955e+01,5.2468e+01,5.1981e+01,5.1725e+01,5.1757e+01,5.1762e+01,5.1442e+01,5.1560e+01,5.1829e+01,5.1395e+01,5.0902e+01,5.1213e+01,5.1685e+01,5.1952e+01,5.2533e+01,5.3101e+01,5.3555e+01,5.4067e+01,5.4604e+01,5.5096e+01,5.5683e+01,5.6275e+01,5.7198e+01,5.8026e+01,5.8670e+01,5.9461e+01,6.0248e+01,6.0630e+01,6.1293e+01,6.1941e+01,6.2056e+01,6.2228e+01,6.2316e+01,6.2342e+01,6.2596e+01,6.2768e+01,6.3045e+01
6.7440e+01,6.7349e+01,6.7389e+01,6.7142e+01,6.6867e+01,6.6702e+01,6.6588e+01,6.6515e+01,6.6574e+01,6.6561e+01,6.6677e+01,6.6794e+01,6.6714e+01,6.6493e+01,6.6531e+01,6.6510e+01,6.6651e+01,6.6281e+01,6.6141e+01,6.6004e+01,6.5422e+01,6.4906e+01,6.4369e+01,6.3929e+01,6.3502e+01,6.2914e+01,6.2475e+01,6.1779e+01,6.0957e+01,6.0183e+01,5.9375e+01,5.8490e+01,5.7457e+01,5.6637e+01,5.5613e+01,5.4526e+01,5.3569e+01,5.2765e+01,5.1935e+01,5.1434e+01,5.0925e+01,5.0649e+01,5.0679e+01,5.0687e+01,5.0363e+01,5.0481e+01,5.0749e+01,5.0305e+01,4.9800e+01,5.0118e+01,5.0599e+01,5.0871e+01,5.1469e+01,5.2064e+01,5.2530e+01,5.3051e+01,5.3602e+01,5.4111e+01,5.4707e+01,5.5312e+01,5.6255e+01,5.7105e+01,5.7763e+01,5.8570e+01,5.9370e+01,5.9762e+01,6.0441e+01,6.1103e+01,6.1228e+01,6.1403e+01,6.1496e+01,6.1524e+01,6.1778e+01,6.1951e+01,6.2233e+01
6.6834e+01,6.6742e+01,6.6783e+01,6.6532e+01,6.6254e+01,6.6085e+01,6.5969e+01,6.5899e+01,6.5954e+01,6.5939e+01,6.6057e+01,6.6174e+01,6.6091e+01,6.5863e+01,6.5895e+01,6.5868e+01,6.6009e+01,6.5629e+01,6.5481e+01,6.5335e+01,6.4741e+01,6.4217e+01,6.3667e+01,6.3225e+01,6.2791e+01,6.2188e+01,6.1739e+01,6.1030e+01,6.0190e+01,5.9397e+01,5.8568e+01,5.7662e+01,5.6601e+01,5.5759e+01,5.4708e+01,5.3595e+01,5.2614e+01,5.1788e+01,5.0933e+01,5.0420e+01,4.9890e+01,4.9600e+01,4.9632e+01,4.9637e+01,4.9311e+01,4.9436e+01,4.9716e+01,4.9267e+01,4.8745e+01,4.9076e+01,4.9575e+01,4.9846e+01,5.0468e+01,5.1084e+01,5.1565e+01,5.2097e+01,5.2675e+01,5.3200e+01,5.3805e+01,5.4425e+01,5.5391e+01,5.6263e+01,5.6938e+01,5.7767e+01,5.8580e+01,5.8980e+01,5.9683e+01,6.0365e+01,6.0503e+01,6.0689e+01,6.0787e+01,6.0818e+01,6.1077e+01,6.1252e+01,6.1542e+01
6.6329e+01,6.6235e+01,6.6278e+01,6.6025e+01,6.5745e+01,6.5571e+01,6.5452e+01,6.5382e+01,6.5430e+01,6.5412e+01,6.5530e+01,6.5643e+01,6.5556e+01,6.5325e+01,6.5351e+01,6.5313e+01,6.5454e+01,6.5066e+01,6.4910e+01,6.4754e+01,6.4153e+01,6.3619e+01,6.3055e+01,6.2605e+01,6.2164e+01,6.1552e+01,6.1094e+01,6.0375e+01,5.9521e+01,5.8712e+01,5.7865e+01,5.6940e+01,5.5855e+01,5.4987e+01,5.3904e+01,5.2756e+01,5.1739e+01,5.0885e+01,4.9997e+01,4.9467e+01,4.8911e+01,4.8593e+01,4.8619e+01,4.8624e+01,4.8292e+01,4.8423e+01,4.8704e+01,4.8244e+01,4.7708e+01,4.8053e+01,4.8556e+01,4.8838e+01,4.9482e+01,5.0120e+01,5.0610e+01,5.1155e+01,5.1748e+01,5.2280e+01,5.2881e+01,5.3510e+01,5.4489e+01,5.5378e+01,5.6067e+01,5.6915e+01,5.7741e+01,5.8157e+01,5.8882e+01,5.9584e+01,5.9736e+01,5.9934e+01,6.0042e+01,6.0082e+01,6.0347e+01,6.0521e+01,6.0817e+01
6.5761e+01,6.5668e+01,6.5716e+01,6.5459e+01,6.5173e+01,6.4993e+01,6.4871e+01,6.4800e+01,6.4842e+01,6.4817e+01,6.4934e+01,6.5041e+01,6.4947e+01,6.4704e+01,6.4719e+01,6.4671e+01,6.4805e+01,6.4405e+01,6.4237e+01,6.4064e+01,6.3450e+01,6.2907e+01,6.2327e+01,6.1872e+01,6.1423e+01,6.0797e+01,6.0325e+01,5.9587e+01,5.8707e+01,5.7877e+01,5.7013e+01,5.6070e+01,5.4954e+01,5.4059e+01,5.2942e+01,5.1765e+01,5.0720e+01,4.9835e+01,4.8918e+01,4.8378e+01,4.7802e+01,4.7469e+01,4.7498e+01,4.7506e+01,4.7176e+01,4.7318e+01,4.7604e+01,4.7132e+01,4.6574e+01,4.6937e+01,4.7457e+01,4.7738e+01,4.8400e+01,4.9063e+01,4.9568e+01,5.0121e+01,5.0738e+01,5.1293e+01,5.1908e+01,5.2560e+01,5.3569e+01,5.4489e+01,5.5208e+01,5.6086e+01,5.6932e+01,5.7367e+01,5.8120e+01,5.8848e+01,5.9015e+01,5.9224e+01,5.9343e+01,5.9392e+01,5.9662e+01,5.9833e+01,6.0131e+01
6.5214e+01,6.5121e+01,6.5175e+01,6.4919e+01,6.4632e+01,6.4449e+01,6.4324e+01,6.4251e+01,6.4284e+01,6.4250e+01,6.4362e+01,6.4461e+01,6.4360e+01,6.4109e+01,6.4117e+01,6.4057e+01,6.4191e+01,6.3784e+01,6.3609e+01,6.3428e+01,6.2806e+01,6.2252e+01,6.1665e+01,6.1206e+01,6.0748e+01,6.0111e+01,5.9626e+01,5.8877e+01,5.7972e+01,5.7118e+01,5.6232e+01,5.5268e+01,5.4128e+01,5.3202e+01,5.2058e+01,5.0846e+01,4.9775e+01,4.8862e+01,4.7910e+01,4.7358e+01,4.6761e+01,4.6412e+01,4.6446e+01,4.6473e+01,4.6159e+01,4.6326e+01,4.6604e+01,4.6099e+01,4.5535e+01,4.5915e+01,4.6439e+01,4.6750e+01,4.7435e+01,4.8120e+01,4.8648e+01,4.9225e+01,4.9859e+01,5.0422e+01,5.1042e+01,5.1707e+01,5.2734e+01,5.3683e+01,5.4426e+01,5.5332e+01,5.6193e+01,5.6648e+01,5.7431e+01,5.8182e+01,5.8370e+01,5.8596e+01,5.8735e+01,5.8797e+01,5.9081e+01,5.9246e+01,5.9543e+01
6.4545e+01,6.4448e+01,6.4504e+01,6.4247e+01,6.3959e+01,6.3773e+01,6.3650e+01,6.3578e+01,6.3605e+01,6.3565e+01,6.3672e+01,6.3764e+01,6.3656e+01,6.3400e+01,6.3403e+01,6.3337e+01,6.3471e+01,6.3055e+01,6.2872e+01,6.2682e+01,6.2050e+01,6.1485e+01,6.0887e+01,6.0420e+01,5.9951e+01,5.9302e+01,5.8803e+01,5.8041e+01,5.7108e+01,5.6229e+01,5.5321e+01,5.4331e+01,5.3154e+01,5.2197e+01,5.1019e+01,4.9771e+01,4.8671e+01,4.7718e+01,4.6733e+01,4.6167e+01,4.5549e+01,4.5188e+01,4.5235e+01,4.5278e+01,4.4971e+01,4.5182e+01,4.5475e+01,4.4919e+01,4.4302e+01,4.4706e+01,4.5254e+01,4.5594e+01,4.6270e+01,4.6978e+01,4.7519e+01,4.8104e+01,4.8745e+01,4.9336e+01,4.9980e+01,5.0682e+01,5.1735e+01,5.2731e+01,5.3507e+01,5.4448e+01,5.5335e+01,5.5815e+01,5.6628e+01,5.7408e+01,5.7613e+01,5.7854e+01,5.8013e+01,5.8092e+01,5.8383e+01,5.8539e+01,5.8832e+01
6.3783e+01,6.3683e+01,6.3738e+01,6.3477e+01,6.3186e+01,6.2998e+01,6.2877e+01,6.2806e+01,6.2830e+01,6.2784e+01,6.2889e+01,6.2976e+01,6.2862e+01,6.2601e+01,6.2599e+01,6.2529e+01,6.2660e+01,6.2232e+01,6.2037e+01,6.1839e+01,6.1195e+01,6.0622e+01,6.0018e+01,5.9547e+01,5.9072e+01,5.8415e+01,5.7905e+01,5.7129e+01,5.6174e+01,5.5272e+01,5.4344e+01,5.3331e+01,5.2138e+01,5.1159e+01,4.9953e+01,4.8662e+01,4.7529e+01,4.6532e+01,4.5512e+01,4.4926e+01,4.4286e+01,4.3908e+01,4.3962e+01,4.4015e+01,4.3730e+01,4.3973e+01,4.4273e+01,4.3708e+01,4.3092e+01,4.3588e+01,4.4131e+01,4.4493e+01,4.5228e+01,4.5972e+01,4.6517e+01,4.7138e+01,4.7813e+01,4.8439e+01,4.9107e+01,4.9845e+01,5.0935e+01,5.1973e+01,5.2788e+01,5.3764e+01,5.4676e+01,5.5180e+01,5.6021e+01,5.6826e+01,5.7041e+01,5.7290e+01,5.7463e+01,5.7556e+01,5.7853e+01,5.8003e+01,5.8291e+01
6.3371e+01,6.3272e+01,6.3332e+01,6.3068e+01,6.2772e+01,6.2580e+01,6.2459e+01,6.2391e+01,6.2409e+01,6.2352e+01,6.2453e+01,6.2531e+01,6.2409e+01,6.2142e+01,6.2135e+01,6.2056e+01,6.2184e+01,6.1748e+01,6.1545e+01,6.1338e+01,6.0689e+01,6.0111e+01,5.9501e+01,5.9030e+01,5.8550e+01,5.7884e+01,5.7362e+01,5.6575e+01,5.5603e+01,5.4682e+01,5.3737e+01,5.2697e+01,5.1491e+01,5.0484e+01,4.9263e+01,4.7951e+01,4.6811e+01,4.5787e+01,4.4739e+01,4.4148e+01,4.3501e+01,4.3120e+01,4.3208e+01,4.3291e+01,4.3034e+01,4.3348e+01,4.3637e+01,4.3000e+01,4.2439e+01,4.2967e+01,4.3491e+01,4.3932e+01,4.4702e+01,4.5449e+01,4.6016e+01,4.6673e+01,4.7353e+01,4.7979e+01,4.8645e+01,4.9393e+01,5.0492e+01,5.1549e+01,5.2382e+01,5.3378e+01,5.4300e+01,5.4813e+01,5.5675e+01,5.6494e+01,5.6717e+01,5.6975e+01,5.7160e+01,5.7262e+01,5.7562e+01,5.7701e+01,5.7983e+01
6.2497e+01,6.2391e+01,6.2453e+01,6.2188e+01,6.1890e+01,6.1697e+01,6.1574e+01,6.1498e+01,6.1506e+01,6.1440e+01,6.1534e+01,6.1606e+01,6.1479e+01,6.1210e+01,6.1200e+01,6.1113e+01,6.1238e+01,6.0790e+01,6.0580e+01,6.0367e+01,5.9703e+01,5.9113e+01,5.8494e+01,5.8013e+01,5.7523e+01,5.6842e+01,5.6306e+01,5.5507e+01,5.4512e+01,5.3568e+01,5.2602e+01,5.1542e+01,5.0314e+01,4.9275e+01,4.8019e+01,4.6663e+01,4.5479e+01,4.4419e+01,4.3330e+01,4.2716e+01,4.2066e+01,4.1681e+01,4.1800e+01,4.1917e+01,4.1705e+01,4.2095e+01,4.2414e+01,4.1818e+01,4.1303e+01,4.1995e+01,4.2478e+01,4.2922e+01,4.3785e+01,4.4567e+01,4.5112e+01,4.5820e+01,4.6532e+01,4.7189e+01,4.7870e+01,4.8646e+01,4.9784e+01,5.0882e+01,5.1751e+01,5.2784e+01,5.3727e+01,5.4264e+01,5.5156e+01,5.6003e+01,5.6239e+01,5.6509e+01,5.6712e+01,5.6829e+01,5.7132e+01,5.7263e+01,5.7541e+01
6.1972e+01,6.1859e+01,6.1914e+01,6.1647e+01,6.1352e+01,6.1157e+01,6.1030e+01,6.0945e+01,6.0950e+01,6.0883e+01,6.0976e+01,6.1050e+01,6.0921e+01,6.0651e+01,6.0642e+01,6.0554e+01,6.0676e+01,6.0221e+01,6.0007e+01,5.9798e+01,5.9127e+01,5.8531e+01,5.7909e+01,5.7417e+01,5.6920e+01,5.6238e+01,5.5699e+01,5.4900e+01,5.3905e+01,5.2961e+01,5.1986e+01,5.0925e+01,4.9684e+01,4.8641e+01,4.7365e+01,4.5995e+01,4.4784e+01,4.3689e+01,4.2576e+01,4.1938e+01,4.1314e+01,4.0959e+01,4.1163e+01,4.1305e+01,4.1125e+01,4.1600e+01,4.2048e+01,4.1545e+01,4.0971e+01,4.1790e+01,4.2272e+01,4.2659e+01,4.3532e+01,4.4342e+01,4.4853e+01,4.5577e+01,4.6319e+01,4.7008e+01,4.7703e+01,4.8507e+01,4.9671e+01,5.0788e+01,5.1681e+01,5.2742e+01,5.3703e+01,5.4257e+01,5.5170e+01,5.6030e+01,5.6270e+01,5.6543e+01,5.6751e+01,5.6872e+01,5.7177e+01,5.7306e+01,5.7577e+01
6.1666e+01,6.1552e+01,6.1605e+01,6.1339e+01,6.1039e+01,6.0843e+01,6.0711e+01,6.0617e+01,6.0615e+01,6.0544e+01,6.0634e+01,6.0705e+01,6.0574e+01,6.0306e+01,6.0293e+01,6.0201e+01,6.0319e+01,5.9852e+01,5.9629e+01,5.9418e+01,5.8735e+01,5.8128e+01,5.7504e+01,5.7001e+01,5.6496e+01,5.5805e+01,5.5265e+01,5.4464e+01,5.3466e+01,5.2515e+01,5.1529e+01,5.0462e+01,4.9206e+01,4.8154e+01,4.6864e+01,4.5477e+01,4.4237e+01,4.3122e+01,4.1991e+01,4.1332e+01,4.0724e+01,4.0420e+01,4.0714e+01,4.0876e+01,4.0743e+01,4.1315e+01,4.1863e+01,4.1400e+01,4.0829e+01,4.1705e+01,4.2206e+01,4.2567e+01,4.3445e+01,4.4252e+01,4.4738e+01,4.5473e+01,4.6229e+01,4.6918e+01,4.7620e+01,4.8425e+01,4.9600e+01,5.0722e+01,5.1628e+01,5.2703e+01,5.3666e+01,5.4229e+01,5.5158e+01,5.6028e+01,5.6276e+01,5.6558e+01,5.6777e+01,5.6909e+01,5.7219e+01,5.7343e+01,5.7609e+01
6.0952e+01,6.0829e+01,6.0882e+01,6.0609e+01,6.0307e+01,6.0106e+01,5.9970e+01,5.9873e+01,5.9861e+01,5.9779e+01,5.9863e+01,5.9928e+01,5.9794e+01,5.9525e+01,5.9510e+01,5.9414e+01,5.9533e+01,5.9058e+01,5.8829e+01,5.8614e+01,5.7923e+01,5.7305e+01,5.6675e+01,5.6166e+01,5.5653e+01,5.4947e+01,5.4393e+01,5.3582e+01,5.2564e+01,5.1585e+01,5.0581e+01,4.9498e+01,4.8223e+01,4.7155e+01,4.5838e+01,4.4407e+01,4.3129e+01,4.1958e+01,4.0782e+01,4.0055e+01,3.9431e+01,3.9118e+01,3.9452e+01,3.9644e+01,3.9594e+01,4.0287e+01,4.0887e+01,4.0441e+01,3.9938e+01,4.0933e+01,4.1397e+01,4.1788e+01,4.2687e+01,4.3508e+01,4.3983e+01,4.4764e+01,4.5525e+01,4.6239e+01,4.6957e+01,4.7783e+01,4.8977e+01,5.0128e+01,5.1057e+01,5.2147e+01,5.3117e+01,5.3690e+01,5.4636e+01,5.5523e+01,5.5780e+01,5.6071e+01,5.6302e+01,5.6442e+01,5.6749e+01,5.6865e+01,5.7123e+01
6.0463e+01,6.0335e+01,6.0388e+01,6.0112e+01,5.9805e+01,5.9600e+01,5.9462e+01,5.9355e+01,5.9333e+01,5.9241e+01,5.9319e+01,5.9380e+01,5.9246e+01,5.8975e+01,5.8955e+01,5.8853e+01,5.8966e+01,5.8480e+01,5.8244e+01,5.8027e+01,5.7327e+01,5.6700e+01,5.6071e+01,5.5556e+01,5.5041e+01,5.4321e+01,5.3759e+01,5.2938e+01,5.1915e+01,5.0920e+01,4.9897e+01,4.8808e+01,4.7519e+01,4.6442e+01,4.5112e+01,4.3665e+01,4.2360e+01,4.1180e+01,3.9991e+01,3.9247e+01,3.8667e+01,3.8460e+01,3.8931e+01,3.9152e+01,3.9204e+01,4.0019e+01,4.0677e+01,4.0228e+01,3.9770e+01,4.0820e+01,4.1285e+01,4.1678e+01,4.2550e+01,4.3337e+01,4.3786e+01,4.4586e+01,4.5355e+01,4.6071e+01,4.6807e+01,4.7639e+01,4.8840e+01,4.9996e+01,5.0933e+01,5.2028e+01,5.2992e+01,5.3567e+01,5.4524e+01,5.5417e+01,5.5683e+01,5.5983e+01,5.6225e+01,5.6375e+01,5.6683e+01,5.6792e+01,5.7044e+01
5.9994e+01,5.9862e+01,5.9919e+01,5.9642e+01,5.9331e+01,5.9126e+01,5.8992e+01,5.8886e+01,5.8859e+01,5.8759e+01,5.8833e+01,5.8883e+01,5.8747e+01,5.8473e+01,5.8452e+01,5.8350e+01,5.8463e+01,5.7975e+01,5.7737e+01,5.7516e+01,5.6808e+01,5.6173e+01,5.5536e+01,5.5017e+01,5.4497e+01,5.3763e+01,5.3189e+01,5.2355e+01,5.1312e+01,5.0281e+01,4.9233e+01,4.8124e+01,4.6813e+01,4.5716e+01,4.4352e+01,4.2864e+01,4.1505e+01,4.0258e+01,3.9001e+01,3.8151e+01,3.7432e+01,3.7178e+01,3.7622e+01,3.7807e+01,3.7927e+01,3.8820e+01,3.9532e+01,3.9093e+01,3.8689e+01,3.9818e+01,4.0262e+01,4.0639e+01,4.1507e+01,4.2279e+01,4.2708e+01,4.3522e+01,4.4300e+01,4.5041e+01,4.5793e+01,4.6653e+01,4.7866e+01,4.9036e+01,4.9996e+01,5.1105e+01,5.2080e+01,5.2669e+01,5.3644e+01,5.4557e+01,5.4840e+01,5.5153e+01,5.5413e+01,5.5579e+01,5.5885e+01,5.5984e+01,5.6234e+01
5.9696e+01,5.9559e+01,5.9619e+01,5.9338e+01,5.9028e+01,5.8821e+01,5.8690e+01,5.8584e+01,5.8551e+01,5.8446e+01,5.8516e+01,5.8560e+01,5.8419e+01,5.8137e+01,5.8114e+01,5.8006e+01,5.8114e+01,5.7621e+01,5.7378e+01,5.7149e+01,5.6430e+01,5.5791e+01,5.5151e+01,5.4629e+01,5.4105e+01,5.3369e+01,5.2792e+01,5.1955e+01,5.0900e+01,4.9845e+01,4.8783e+01,4.7668e+01,4.6342e+01,4.5234e+01,4.3847e+01,4.2354e+01,4.0966e+01,3.9683e+01,3.8411e+01,3.7497e+01,3.6655e+01,3.6556e+01,3.6966e+01,3.7026e+01,3.7245e+01,3.8157e+01,3.8995e+01,3.8652e+01,3.8311e+01,3.9440e+01,3.9904e+01,4.0210e+01,4.1018e+01,4.1751e+01,4.2137e+01,4.2956e+01,4.3758e+01,4.4519e+01,4.5292e+01,4.6189e+01,4.7416e+01,4.8600e+01,4.9588e+01,5.0708e+01,5.1697e+01,5.2297e+01,5.3275e+01,5.4200e+01,5.4488e+01,5.4801e+01,5.5060e+01,5.5227e+01,5.5527e+01,5.5628e+01,5.5884e+01
5.9786e+01,5.9645e+01,5.9703e+01,5.9419e+01,5.9108e+01,5.8896e+01,5.8763e+01,5.8664e+01,5.8634e+01,5.8532e+01,5.8607e+01,5.8650e+01,5.8511e+01,5.8234e+01,5.8220e+01,5.8119e+01,5.8229e+01,5.7741e+01,5.7498e+01,5.7271e+01,5.6550e+01,5.5912e+01,5.5269e+01,5.4750e+01,5.4231e+01,5.3496e+01,5.2923e+01,5.2090e+01,5.1026e+01,4.9967e+01,4.8905e+01,4.7788e+01,4.6462e+01,4.5337e+01,4.3934e+01,4.2433e+01,4.1029e+01,3.9714e+01,3.8444e+01,3.7464e+01,3.6417e+01,3.5994e+01,3.6058e+01,3.5971e+01,3.6149e+01,3.7031e+01,3.7907e+01,3.7598e+01,3.7247e+01,3.8393e+01,3.8863e+01,3.9069e+01,3.9836e+01,4.0584e+01,4.0975e+01,4.1780e+01,4.2595e+01,4.3389e+01,4.4177e+01,4.5109e+01,4.6347e+01,4.7558e+01,4.8571e+01,4.9707e+01,5.0719e+01,5.1342e+01,5.2336e+01,5.3281e+01,5.3579e+01,5.3896e+01,5.4167e+01,5.4351e+01,5.4661e+01,5.4756e+01,5.5016e+01
5.9502e+01,5.9357e+01,5.9418e+01,5.9130e+01,5.8817e+01,5.8600e+01,5.8468e+01,5.8368e+01,5.8330e+01,5.8224e+01,5.8297e+01,5.8337e+01,5.8191e+01,5.7907e+01,5.7889e+01,5.7784e+01,5.7889e+01,5.7394e+01,5.7149e+01,5.6919e+01,5.6190e+01,5.5547e+01,5.4895e+01,5.4374e+01,5.3851e+01,5.3120e+01,5.2550e+01,5.1718e+01,5.0646e+01,4.9573e+01,4.8514e+01,4.7403e+01,4.6073e+01,4.4948e+01,4.3548e+01,4.2066e+01,4.0681e+01,3.9389e+01,3.8202e+01,3.7254e+01,3.6248e+01,3.6111e+01,3.6002e+01,3.5663e+01,3.6044e+01,3.6764e+01,3.7723e+01,3.7590e+01,3.7382e+01,3.8429e+01,3.8882e+01,3.8892e+01,3.9509e+01,4.0192e+01,4.0502e+01,4.1255e+01,4.2070e+01,4.2896e+01,4.3711e+01,4.4687e+01,4.5937e+01,4.7168e+01,4.8207e+01,4.9353e+01,5.0385e+01,5.1022e+01,5.2021e+01,5.2977e+01,5.3281e+01,5.3605e+01,5.3886e+01,5.4078e+01,5.4393e+01,5.4489e+01,5.4754e+01
5.9811e+01,5.9666e+01,5.9725e+01,5.9433e+01,5.9118e+01,5.8894e+01,5.8754e+01,5.8661e+01,5.8629e+01,5.8536e+01,5.8618e+01,5.8667e+01,5.8523e+01,5.8245e+01,5.8234e+01,5.8138e+01,5.8244e+01,5.7757e+01,5.7510e+01,5.7289e+01,5.6559e+01,5.5920e+01,5.5266e+01,5.4746e+01,5.4234e+01,5.3515e+01,5.2967e+01,5.2147e+01,5.1099e+01,5.0034e+01,4.8995e+01,4.7901e+01,4.6592e+01,4.5488e+01,4.4119e+01,4.2672e+01,4.1311e+01,4.0072e+01,3.8945e+01,3.8035e+01,3.7094e+01,3.6940e+01,3.6684e+01,3.6078e+01,3.6108e+01,3.6539e+01,3.7604e+01,3.7697e+01,3.7400e+01,3.8249e+01,3.8815e+01,3.8667e+01,3.9217e+01,3.9892e+01,4.0171e+01,4.0878e+01,4.1716e+01,4.2544e+01,4.3378e+01,4.4370e+01,4.5624e+01,4.6848e+01,4.7897e+01,4.9042e+01,5.0085e+01,5.0733e+01,5.1730e+01,5.2693e+01,5.2997e+01,5.3324e+01,5.3607e+01,5.3806e+01,5.4128e+01,5.4226e+01,5.4498e+01
5.9977e+01,5.9829e+01,5.9889e+01,5.9592e+01,5.9273e+01,5.9043e+01,5.8902e+01,5.8815e+01,5.8784e+01,5.8690e+01,5.8776e+01,5.8822e+01,5.8680e+01,5.8403e+01,5.8396e+01,5.8303e+01,5.8409e+01,5.7929e+01,5.7685e+01,5.7468e+01,5.6735e+01,5.6093e+01,5.5437e+01,5.4918e+01,5.4409e+01,5.3690e+01,5.3145e+01,5.2321e+01,5.1274e+01,5.0202e+01,4.9159e+01,4.8069e+01,4.6763e+01,4.5656e+01,4.4298e+01,4.2859e+01,4.1521e+01,4.0299e+01,3.9225e+01,3.8338e+01,3.7428e+01,3.7218e+01,3.6761e+01,3.6088e+01,3.6072e+01,3.6082e+01,3.7063e+01,3.7336e+01,3.7160e+01,3.7889e+01,3.8400e+01,3.8078e+01,3.8493e+01,3.9136e+01,3.9383e+01,4.0055e+01,4.0904e+01,4.1756e+01,4.2624e+01,4.3643e+01,4.4924e+01,4.6162e+01,4.7227e+01,4.8380e+01,4.9446e+01,5.0095e+01,5.1086e+01,5.2051e+01,5.2351e+01,5.2681e+01,5.2961e+01,5.3165e+01,5.3496e+01,5.3603e+01,5.3881e+01
6.0460e+01,6.0308e+01,6.0368e+01,6.0067e+01,5.9749e+01,5.9517e+01,5.9379e+01,5.9302e+01,5.9269e+01,5.9180e+01,5.9268e+01,5.9313e+01,5.9170e+01,5.8894e+01,5.8891e+01,5.8801e+01,5.8906e+01,5.8430e+01,5.8187e+01,5.7967e+01,5.7238e+01,5.6600e+01,5.5951e+01,5.5444e+01,5.4945e+01,5.4240e+01,5.3707e+01,5.2889e+01,5.1848e+01,5.0780e+01,4.9749e+01,4.8670e+01,4.7371e+01,4.6279e+01,4.4941e+01,4.3524e+01,4.2218e+01,4.1020e+01,3.9972e+01,3.9102e+01,3.8212e+01,3.7985e+01,3.7460e+01,3.6752e+01,3.6514e+01,3.6213e+01,3.7161e+01,3.7592e+01,3.7374e+01,3.7822e+01,3.8282e+01,3.7766e+01,3.8090e+01,3.8690e+01,3.8909e+01,3.9505e+01,4.0364e+01,4.1205e+01,4.2089e+01,4.3124e+01,4.4421e+01,4.5656e+01,4.6734e+01,4.7887e+01,4.8963e+01,4.9616e+01,5.0596e+01,5.1563e+01,5.1863e+01,5.2196e+01,5.2480e+01,5.2695e+01,5.3031e+01,5.3139e+01,5.3424e+01
6.0655e+01,6.0499e+01,6.0561e+01,6.0258e+01,5.9939e+01,5.9706e+01,5.9566e+01,5.9489e+01,5.9453e+01,5.9364e+01,5.9451e+01,5.9494e+01,5.9349e+01,5.9071e+01,5.9067e+01,5.8979e+01,5.9079e+01,5.8604e+01,5.8362e+01,5.8145e+01,5.7408e+01,5.6765e+01,5.6117e+01,5.5612e+01,5.5118e+01,5.4416e+01,5.3890e+01,5.3084e+01,5.2050e+01,5.0978e+01,4.9954e+01,4.8886e+01,4.7599e+01,4.6516e+01,4.5205e+01,4.3825e+01,4.2561e+01,4.1419e+01,4.0461e+01,3.9636e+01,3.8837e+01,3.8674e+01,3.8114e+01,3.7478e+01,3.7353e+01,3.6892e+01,3.7581e+01,3.8071e+01,3.7946e+01,3.8368e+01,3.8741e+01,3.8080e+01,3.8160e+01,3.8626e+01,3.8714e+01,3.9181e+01,4.0019e+01,4.0887e+01,4.1792e+01,4.2857e+01,4.4141e+01,4.5376e+01,4.6457e+01,4.7606e+01,4.8696e+01,4.9351e+01,5.0322e+01,5.1292e+01,5.1588e+01,5.1924e+01,5.2205e+01,5.2425e+01,5.2765e+01,5.2877e+01,5.3164e+01
6.0160e+01,6.0001e+01,6.0066e+01,5.9767e+01,5.9447e+01,5.9219e+01,5.9077e+01,5.8990e+01,5.8946e+01,5.8851e+01,5.8932e+01,5.8972e+01,5.8816e+01,5.8532e+01,5.8521e+01,5.8431e+01,5.8527e+01,5.8051e+01,5.7815e+01,5.7603e+01,5.6858e+01,5.6207e+01,5.5554e+01,5.5042e+01,5.4541e+01,5.3836e+01,5.3312e+01,5.2512e+01,5.1474e+01,5.0394e+01,4.9367e+01,4.8304e+01,4.7019e+01,4.5938e+01,4.4634e+01,4.3284e+01,4.2044e+01,4.0950e+01,4.0087e+01,3.9339e+01,3.8665e+01,3.8660e+01,3.8188e+01,3.7655e+01,3.7753e+01,3.7399e+01,3.8021e+01,3.8453e+01,3.8418e+01,3.8954e+01,3.9302e+01,3.8652e+01,3.8616e+01,3.9011e+01,3.9004e+01,3.9364e+01,4.0157e+01,4.1059e+01,4.1954e+01,4.3032e+01,4.4277e+01,4.5519e+01,4.6595e+01,4.7736e+01,4.8831e+01,4.9495e+01,5.0465e+01,5.1444e+01,5.1745e+01,5.2086e+01,5.2372e+01,5.2594e+01,5.2930e+01,5.3042e+01,5.3325e+01
5.9603e+01,5.9442e+01,5.9509e+01,5.9216e+01,5.8896e+01,5.8674e+01,5.8530e+01,5.8430e+01,5.8381e+01,5.8278e+01,5.8348e+01,5.8381e+01,5.8222e+01,5.7938e+01,5.7925e+01,5.7829e+01,5.7923e+01,5.7444e+01,5.7211e+01,5.7002e+01,5.6252e+01,5.5591e+01,5.4933e+01,5.4409e+01,5.3903e+01,5.3188e+01,5.2656e+01,5.1861e+01,5.0814e+01,4.9730e+01,4.8697e+01,4.7623e+01,4.6326e+01,4.5235e+01,4.3904e+01,4.2535e+01,4.1270e+01,4.0169e+01,3.9330e+01,3.8585e+01,3.7974e+01,3.7972e+01,3.7536e+01,3.7124e+01,3.7409e+01,3.7169e+01,3.7707e+01,3.8019e+01,3.8058e+01,3.8778e+01,3.9118e+01,3.8580e+01,3.8545e+01,3.8984e+01,3.9047e+01,3.9444e+01,4.0215e+01,4.1164e+01,4.2068e+01,4.3163e+01,4.4402e+01,4.5671e+01,4.6739e+01,4.7882e+01,4.8978e+01,4.9649e+01,5.0626e+01,5.1612e+01,5.1914e+01,5.2250e+01,5.2530e+01,5.2747e+01,5.3081e+01,5.3200e+01,5.3483e+01
5.9209e+01,5.9047e+01,5.9116e+01,5.8824e+01,5.8499e+01,5.8278e+01,5.8127e+01,5.8017e+01,5.7959e+01,5.7847e+01,5.7907e+01,5.7934e+01,5.7770e+01,5.7483e+01,5.7467e+01,5.7370e+01,5.7460e+01,5.6976e+01,5.6747e+01,5.6545e+01,5.5786e+01,5.5113e+01,5.4448e+01,5.3912e+01,5.3394e+01,5.2667e+01,5.2135e+01,5.1350e+01,5.0303e+01,4.9216e+01,4.8192e+01,4.7125e+01,4.5850e+01,4.4780e+01,4.3475e+01,4.2141e+01,4.0921e+01,3.9892e+01,3.9185e+01,3.8514e+01,3.8082e+01,3.8198e+01,3.7892e+01,3.7665e+01,3.8109e+01,3.7965e+01,3.8418e+01,3.8636e+01,3.8746e+01,3.9599e+01,3.9898e+01,3.9408e+01,3.9355e+01,3.9769e+01,3.9794e+01,4.0143e+01,4.0877e+01,4.1816e+01,4.2693e+01,4.3770e+01,4.4991e+01,4.6246e+01,4.7289e+01,4.8414e+01,4.9494e+01,5.0159e+01,5.1123e+01,5.2097e+01,5.2397e+01,5.2727e+01,5.2999e+01,5.3209e+01,5.3539e+01,5.3665e+01,5.3950e+01
5.8618e+01,5.8455e+01,5.8525e+01,5.8237e+01,5.7910e+01,5.7696e+01,5.7544e+01,5.7419e+01,5.7356e+01,5.7240e+01,5.7288e+01,5.7311e+01,5.7143e+01,5.6852e+01,5.6829e+01,5.6721e+01,5.6808e+01,5.6316e+01,5.6091e+01,5.5891e+01,5.5128e+01,5.4444e+01,5.3776e+01,5.3224e+01,5.2697e+01,5.1961e+01,5.1413e+01,5.0633e+01,4.9574e+01,4.8485e+01,4.7457e+01,4.6384e+01,4.5092e+01,4.4011e+01,4.2675e+01,4.1331e+01,4.0089e+01,3.9086e+01,3.8426e+01,3.7843e+01,3.7549e+01,3.7822e+01,3.7720e+01,3.7680e+01,3.8302e+01,3.8373e+01,3.8899e+01,3.8949e+01,3.9034e+01,4.0027e+01,4.0369e+01,4.0009e+01,4.0033e+01,4.0506e+01,4.0612e+01,4.0993e+01,4.1697e+01,4.2635e+01,4.3480e+01,4.4536e+01,4.5722e+01,4.6966e+01,4.7981e+01,4.9093e+01,5.0157e+01,5.0819e+01,5.1784e+01,5.2758e+01,5.3058e+01,5.3381e+01,5.3646e+01,5.3844e+01,5.4164e+01,5.4295e+01,5.4576e+01
5.8690e+01,5.8530e+01,5.8598e+01,5.8313e+01,5.7991e+01,5.7780e+01,5.7630e+01,5.7501e+01,5.7436e+01,5.7320e+01,5.7366e+01,5.7388e+01,5.7223e+01,5.6933e+01,5.6911e+01,5.6807e+01,5.6900e+01,5.6408e+01,5.6181e+01,5.5978e+01,5.5227e+01,5.4545e+01,5.3878e+01,5.3325e+01,5.2804e+01,5.2077e+01,5.1529e+01,5.0751e+01,4.9690e+01,4.8605e+01,4.7570e+01,4.6492e+01,4.5183e+01,4.4081e+01,4.2711e+01,4.1310e+01,3.9998e+01,3.8890e+01,3.8055e+01,3.7334e+01,3.6824e+01,3.6920e+01,3.6728e+01,3.6616e+01,3.7252e+01,3.7409e+01,3.8014e+01,3.8025e+01,3.8086e+01,3.9095e+01,3.9459e+01,3.9160e+01,3.9280e+01,3.9804e+01,4.0006e+01,4.0484e+01,4.1218e+01,4.2154e+01,4.3008e+01,4.4066e+01,4.5263e+01,4.6520e+01,4.7545e+01,4.8667e+01,4.9736e+01,5.0403e+01,5.1385e+01,5.2369e+01,5.2676e+01,5.3006e+01,5.3277e+01,5.3480e+01,5.3797e+01,5.3915e+01,5.4194e+01
5.8881e+01,5.8719e+01,5.8784e+01,5.8507e+01,5.8193e+01,5.7991e+01,5.7845e+01,5.7710e+01,5.7646e+01,5.7530e+01,5.7571e+01,5.7592e+01,5.7429e+01,5.7143e+01,5.7121e+01,5.7016e+01,5.7112e+01,5.6622e+01,5.6402e+01,5.6202e+01,5.5463e+01,5.4781e+01,5.4125e+01,5.3574e+01,5.3061e+01,5.2344e+01,5.1793e+01,5.1031e+01,4.9974e+01,4.8891e+01,4.7860e+01,4.6787e+01,4.5481e+01,4.4370e+01,4.2996e+01,4.1594e+01,4.0277e+01,3.9149e+01,3.8285e+01,3.7526e+01,3.7017e+01,3.6912e+01,3.6657e+01,3.6827e+01,3.7468e+01,3.7732e+01,3.8234e+01,3.8038e+01,3.8081e+01,3.9200e+01,3.9505e+01,3.9324e+01,3.9476e+01,4.0030e+01,4.0290e+01,4.0760e+01,4.1442e+01,4.2362e+01,4.3176e+01,4.4219e+01,4.5368e+01,4.6619e+01,4.7621e+01,4.8727e+01,4.9788e+01,5.0451e+01,5.1433e+01,5.2419e+01,5.2730e+01,5.3061e+01,5.3334e+01,5.3536e+01,5.3849e+01,5.3962e+01,5.4240e+01
5.9520e+01,5.9361e+01,5.9425e+01,5.9153e+01,5.8841e+01,5.8641e+01,5.8494e+01,5.8362e+01,5.8295e+01,5.8181e+01,5.8217e+01,5.8237e+01,5.8074e+01,5.7792e+01,5.7772e+01,5.7672e+01,5.7769e+01,5.7276e+01,5.7057e+01,5.6855e+01,5.6127e+01,5.5449e+01,5.4791e+01,5.4243e+01,5.3742e+01,5.3050e+01,5.2511e+01,5.1769e+01,5.0726e+01,4.9673e+01,4.8669e+01,4.7613e+01,4.6341e+01,4.5247e+01,4.3900e+01,4.2512e+01,4.1217e+01,4.0078e+01,3.9177e+01,3.8388e+01,3.7761e+01,3.7359e+01,3.6798e+01,3.6900e+01,3.7352e+01,3.7515e+01,3.7819e+01,3.7587e+01,3.7758e+01,3.8835e+01,3.9004e+01,3.8844e+01,3.9035e+01,3.9617e+01,3.9934e+01,4.0428e+01,4.1097e+01,4.1998e+01,4.2797e+01,4.3827e+01,4.4969e+01,4.6216e+01,4.7227e+01,4.8328e+01,4.9387e+01,5.0054e+01,5.1043e+01,5.2035e+01,5.2353e+01,5.2685e+01,5.2965e+01,5.3175e+01,5.3489e+01,5.3586e+01,5.3863e+01
5.9816e+01,5.9656e+01,5.9717e+01,5.9456e+01,5.9143e+01,5.8954e+01,5.8807e+01,5.8670e+01,5.8601e+01,5.8486e+01,5.8517e+01,5.8541e+01,5.8377e+01,5.8102e+01,5.8087e+01,5.7993e+01,5.8094e+01,5.7603e+01,5.7391e+01,5.7200e+01,5.6484e+01,5.5805e+01,5.5151e+01,5.4608e+01,5.4121e+01,5.3447e+01,5.2918e+01,5.2200e+01,5.1159e+01,5.0127e+01,4.9142e+01,4.8100e+01,4.6853e+01,4.5780e+01,4.4454e+01,4.3088e+01,4.1833e+01,4.0722e+01,3.9859e+01,3.9094e+01,3.8548e+01,3.8034e+01,3.7524e+01,3.7786e+01,3.8113e+01,3.8286e+01,3.8491e+01,3.8122e+01,3.8241e+01,3.9346e+01,3.9393e+01,3.9321e+01,3.9553e+01,4.0151e+01,4.0491e+01,4.0962e+01,4.1587e+01,4.2463e+01,4.3216e+01,4.4218e+01,4.5298e+01,4.6521e+01,4.7495e+01,4.8557e+01,4.9589e+01,5.0242e+01,5.1217e+01,5.2202e+01,5.2519e+01,5.2844e+01,5.3125e+01,5.3337e+01,5.3648e+01,5.3739e+01,5.4015e+01
6.0474e+01,6.0315e+01,6.0369e+01,6.0110e+01,5.9798e+01,5.9611e+01,5.9463e+01,5.9328e+01,5.9259e+01,5.9148e+01,5.9178e+01,5.9206e+01,5.9047e+01,5.8778e+01,5.8772e+01,5.8691e+01,5.8799e+01,5.8311e+01,5.8107e+01,5.7924e+01,5.7227e+01,5.6552e+01,5.5897e+01,5.5363e+01,5.4896e+01,5.4245e+01,5.3728e+01,5.3033e+01,5.2003e+01,5.1002e+01,5.0042e+01,4.9016e+01,4.7806e+01,4.6758e+01,4.5466e+01,4.4114e+01,4.2885e+01,4.1772e+01,4.0891e+01,4.0114e+01,3.9530e+01,3.8879e+01,3.8327e+01,3.8542e+01,3.8654e+01,3.8765e+01,3.8859e+01,3.8435e+01,3.8441e+01,3.9477e+01,3.9411e+01,3.9404e+01,3.9718e+01,4.0364e+01,4.0756e+01,4.1247e+01,4.1862e+01,4.2693e+01,4.3404e+01,4.4368e+01,4.5405e+01,4.6596e+01,4.7542e+01,4.8573e+01,4.9582e+01,5.0228e+01,5.1195e+01,5.2172e+01,5.2494e+01,5.2815e+01,5.3098e+01,5.3314e+01,5.3625e+01,5.3703e+01,5.3979e+01
6.0244e+01,6.0081e+01,6.0129e+01,5.9869e+01,5.9561e+01,5.9376e+01,5.9228e+01,5.9090e+01,5.9018e+01,5.8902e+01,5.8929e+01,5.8954e+01,5.8798e+01,5.8533e+01,5.8533e+01,5.8454e+01,5.8566e+01,5.8075e+01,5.7871e+01,5.7687e+01,5.7001e+01,5.6324e+01,5.5667e+01,5.5135e+01,5.4669e+01,5.4028e+01,5.3506e+01,5.2811e+01,5.1775e+01,5.0788e+01,4.9840e+01,4.8815e+01,4.7603e+01,4.6554e+01,4.5254e+01,4.3881e+01,4.2633e+01,4.1489e+01,4.0538e+01,3.9742e+01,3.9139e+01,3.8411e+01,3.7979e+01,3.8276e+01,3.8309e+01,3.8591e+01,3.8798e+01,3.8248e+01,3.8028e+01,3.9141e+01,3.9136e+01,3.9264e+01,3.9712e+01,4.0431e+01,4.0902e+01,4.1488e+01,4.2154e+01,4.2981e+01,4.3696e+01,4.4640e+01,4.5676e+01,4.6849e+01,4.7775e+01,4.8792e+01,4.9774e+01,5.0410e+01,5.1375e+01,5.2344e+01,5.2670e+01,5.2989e+01,5.3274e+01,5.3487e+01,5.3796e+01,5.3866e+01,5.4141e+01
6.0735e+01,6.0573e+01,6.0611e+01,6.0348e+01,6.0045e+01,5.9859e+01,5.9711e+01,5.9579e+01,5.9509e+01,5.9399e+01,5.9430e+01,5.9462e+01,5.9317e+01,5.9058e+01,5.9072e+01,5.9007e+01,5.9131e+01,5.8643e+01,5.8442e+01,5.8262e+01,5.7600e+01,5.6925e+01,5.6266e+01,5.5747e+01,5.5299e+01,5.4674e+01,5.4154e+01,5.3475e+01,5.2448e+01,5.1480e+01,5.0556e+01,4.9535e+01,4.8341e+01,4.7312e+01,4.6024e+01,4.4663e+01,4.3417e+01,4.2264e+01,4.1280e+01,4.0451e+01,3.9821e+01,3.9034e+01,3.8672e+01,3.8858e+01,3.8744e+01,3.8968e+01,3.9218e+01,3.8745e+01,3.8342e+01,3.9324e+01,3.9338e+01,3.9521e+01,4.0020e+01,4.0760e+01,4.1284e+01,4.1940e+01,4.2631e+01,4.3426e+01,4.4140e+01,4.5057e+01,4.6073e+01,4.7215e+01,4.8116e+01,4.9101e+01,5.0047e+01,5.0669e+01,5.1619e+01,5.2571e+01,5.2894e+01,5.3207e+01,5.3488e+01,5.3693e+01,5.3996e+01,5.4060e+01,5.4334e+01
6.0746e+01,6.0582e+01,6.0614e+01,6.0347e+01,6.0049e+01,5.9867e+01,5.9717e+01,5.9590e+01,5.9525e+01,5.9428e+01,5.9466e+01,5.9508e+01,5.9374e+01,5.9125e+01,5.9150e+01,5.9090e+01,5.9217e+01,5.8730e+01,5.8528e+01,5.8349e+01,5.7693e+01,5.7008e+01,5.6334e+01,5.5806e+01,5.5353e+01,5.4733e+01,5.4205e+01,5.3525e+01,5.2508e+01,5.1555e+01,5.0635e+01,4.9617e+01,4.8422e+01,4.7397e+01,4.6102e+01,4.4741e+01,4.3471e+01,4.2300e+01,4.1255e+01,4.0385e+01,3.9692e+01,3.8887e+01,3.8584e+01,3.8669e+01,3.8452e+01,3.8745e+01,3.9002e+01,3.8551e+01,3.7963e+01,3.8822e+01,3.8974e+01,3.9203e+01,3.9754e+01,4.0511e+01,4.1056e+01,4.1784e+01,4.2525e+01,4.3312e+01,4.4054e+01,4.4966e+01,4.6009e+01,4.7151e+01,4.8054e+01,4.9045e+01,4.9988e+01,5.0603e+01,5.1555e+01,5.2497e+01,5.2815e+01,5.3117e+01,5.3393e+01,5.3590e+01,5.3889e+01,5.3953e+01,5.4229e+01
6.1065e+01,6.0899e+01,6.0929e+01,6.0668e+01,6.0377e+01,6.0206e+01,6.0057e+01,5.9932e+01,5.9871e+01,5.9781e+01,5.9815e+01,5.9863e+01,5.9736e+01,5.9494e+01,5.9525e+01,5.9474e+01,5.9611e+01,5.9134e+01,5.8941e+01,5.8777e+01,5.8138e+01,5.7455e+01,5.6790e+01,5.6259e+01,5.5801e+01,5.5180e+01,5.4644e+01,5.3966e+01,5.2958e+01,5.2022e+01,5.1106e+01,5.0107e+01,4.8936e+01,4.7929e+01,4.6655e+01,4.5312e+01,4.4067e+01,4.2932e+01,4.1897e+01,4.1035e+01,4.0420e+01,3.9666e+01,3.9483e+01,3.9540e+01,3.9355e+01,3.9574e+01,3.9787e+01,3.9464e+01,3.8928e+01,3.9627e+01,3.9711e+01,3.9904e+01,4.0433e+01,4.1154e+01,4.1670e+01,4.2410e+01,4.3136e+01,4.3880e+01,4.4598e+01,4.5470e+01,4.6480e+01,4.7595e+01,4.8455e+01,4.9404e+01,5.0315e+01,5.0906e+01,5.1830e+01,5.2745e+01,5.3041e+01,5.3321e+01,5.3576e+01,5.3754e+01,5.4040e+01,5.4108e+01,5.4384e+01
6.1271e+01,6.1103e+01,6.1127e+01,6.0874e+01,6.0584e+01,6.0421e+01,6.0266e+01,6.0137e+01,6.0079e+01,5.9996e+01,6.0026e+01,6.0081e+01,5.9958e+01,5.9727e+01,5.9769e+01,5.9725e+01,5.9865e+01,5.9385e+01,5.9205e+01,5.9055e+01,5.8427e+01,5.7731e+01,5.7069e+01,5.6543e+01,5.6093e+01,5.5478e+01,5.4934e+01,5.4273e+01,5.3271e+01,5.2347e+01,5.1453e+01,5.0468e+01,4.9318e+01,4.8321e+01,4.7067e+01,4.5741e+01,4.4538e+01,4.3441e+01,4.2448e+01,4.1632e+01,4.1097e+01,4.0372e+01,4.0218e+01,4.0301e+01,4.0198e+01,4.0361e+01,4.0564e+01,4.0270e+01,3.9866e+01,4.0577e+01,4.0521e+01,4.0703e+01,4.1253e+01,4.1975e+01,4.2507e+01,4.3242e+01,4.3938e+01,4.4661e+01,4.5341e+01,4.6176e+01,4.7137e+01,4.8212e+01,4.9021e+01,4.9925e+01,5.0789e+01,5.1357e+01,5.2253e+01,5.3145e+01,5.3425e+01,5.3696e+01,5.3941e+01,5.4106e+01,5.4378e+01,5.4440e+01,5.4712e+01
6.1456e+01,6.1284e+01,6.1306e+01,6.1062e+01,6.0777e+01,6.0630e+01,6.0468e+01,6.0330e+01,6.0272e+01,6.0197e+01,6.0222e+01,6.0285e+01,6.0163e+01,5.9940e+01,5.9987e+01,5.9949e+01,6.0092e+01,5.9616e+01,5.9447e+01,5.9319e+01,5.8703e+01,5.8001e+01,5.7345e+01,5.6807e+01,5.6367e+01,5.5762e+01,5.5217e+01,5.4581e+01,5.3603e+01,5.2698e+01,5.1816e+01,5.0855e+01,4.9742e+01,4.8777e+01,4.7569e+01,4.6268e+01,4.5108e+01,4.4057e+01,4.3102e+01,4.2317e+01,4.1861e+01,4.1218e+01,4.1176e+01,4.1284e+01,4.1231e+01,4.1406e+01,4.1646e+01,4.1384e+01,4.0982e+01,4.1661e+01,4.1625e+01,4.1788e+01,4.2289e+01,4.2939e+01,4.3405e+01,4.4110e+01,4.4787e+01,4.5470e+01,4.6130e+01,4.6945e+01,4.7882e+01,4.8932e+01,4.9700e+01,5.0564e+01,5.1394e+01,5.1936e+01,5.2800e+01,5.3659e+01,5.3926e+01,5.4178e+01,5.4407e+01,5.4556e+01,5.4820e+01,5.4888e+01,5.5158e+01
6.1770e+01,6.1593e+01,6.1608e+01,6.1371e+01,6.1092e+01,6.0952e+01,6.0778e+01,6.0638e+01,6.0583e+01,6.0522e+01,6.0544e+01,6.0618e+01,6.0502e+01,6.0289e+01,6.0347e+01,6.0315e+01,6.0461e+01,5.9987e+01,5.9826e+01,5.9705e+01,5.9095e+01,5.8385e+01,5.7740e+01,5.7202e+01,5.6773e+01,5.6181e+01,5.5632e+01,5.5017e+01,5.4059e+01,5.3155e+01,5.2271e+01,5.1323e+01,5.0228e+01,4.9287e+01,4.8117e+01,4.6859e+01,4.5730e+01,4.4704e+01,4.3776e+01,4.2982e+01,4.2567e+01,4.1997e+01,4.2012e+01,4.2118e+01,4.2057e+01,4.2244e+01,4.2523e+01,4.2266e+01,4.1858e+01,4.2532e+01,4.2526e+01,4.2671e+01,4.3127e+01,4.3725e+01,4.4144e+01,4.4829e+01,4.5484e+01,4.6132e+01,4.6780e+01,4.7576e+01,4.8500e+01,4.9532e+01,5.0280e+01,5.1112e+01,5.1919e+01,5.2450e+01,5.3285e+01,5.4120e+01,5.4376e+01,5.4610e+01,5.4830e+01,5.4968e+01,5.5233e+01,5.5308e+01,5.5578e+01
6.2083e+01,6.1898e+01,6.1905e+01,6.1678e+01,6.1405e+01,6.1272e+01,6.1093e+01,6.0949e+01,6.0896e+01,6.0846e+01,6.0869e+01,6.0955e+01,6.0844e+01,6.0643e+01,6.0715e+01,6.0686e+01,6.0841e+01,6.0377e+01,6.0226e+01,6.0116e+01,5.9524e+01,5.8820e+01,5.8187e+01,5.7649e+01,5.7227e+01,5.6652e+01,5.6111e+01,5.5529e+01,5.4598e+01,5.3726e+01,5.2872e+01,5.1951e+01,5.0901e+01,4.9992e+01,4.8869e+01,4.7660e+01,4.6582e+01,4.5605e+01,4.4722e+01,4.3940e+01,4.3595e+01,4.3090e+01,4.3161e+01,4.3271e+01,4.3258e+01,4.3465e+01,4.3766e+01,4.3526e+01,4.3150e+01,4.3820e+01,4.3798e+01,4.3909e+01,4.4342e+01,4.4908e+01,4.5298e+01,4.5956e+01,4.6598e+01,4.7226e+01,4.7857e+01,4.8627e+01,4.9537e+01,5.0533e+01,5.1255e+01,5.2051e+01,5.2823e+01,5.3336e+01,5.4138e+01,5.4942e+01,5.5183e+01,5.5398e+01,5.5601e+01,5.5725e+01,5.5983e+01,5.6064e+01,5.6337e+01
6.2548e+01,6.2354e+01,6.2355e+01,6.2135e+01,6.1873e+01,6.1749e+01,6.1566e+01,6.1413e+01,6.1358e+01,6.1320e+01,6.1336e+01,6.1421e+01,6.1311e+01,6.1122e+01,6.1196e+01,6.1162e+01,6.1312e+01,6.0851e+01,6.0704e+01,6.0601e+01,6.0013e+01,5.9312e+01,5.8687e+01,5.8140e+01,5.7712e+01,5.7148e+01,5.6609e+01,5.6033e+01,5.5125e+01,5.4271e+01,5.3423e+01,5.2519e+01,5.1493e+01,5.0603e+01,4.9511e+01,4.8327e+01,4.7260e+01,4.6300e+01,4.5438e+01,4.4644e+01,4.4305e+01,4.3852e+01,4.3933e+01,4.4019e+01,4.4029e+01,4.4240e+01,4.4536e+01,4.4326e+01,4.3975e+01,4.4597e+01,4.4580e+01,4.4649e+01,4.5062e+01,4.5575e+01,4.5926e+01,4.6570e+01,4.7203e+01,4.7808e+01,4.8434e+01,4.9183e+01,5.0098e+01,5.1080e+01,5.1793e+01,5.2572e+01,5.3332e+01,5.3836e+01,5.4619e+01,5.5405e+01,5.5636e+01,5.5842e+01,5.6035e+01,5.6150e+01,5.6408e+01,5.6491e+01,5.6767e+01
6.2613e+01,6.2408e+01,6.2400e+01,6.2182e+01,6.1923e+01,6.1801e+01,6.1612e+01,6.1453e+01,6.1396e+01,6.1373e+01,6.1390e+01,6.1483e+01,6.1379e+01,6.1199e+01,6.1281e+01,6.1247e+01,6.1401e+01,6.0948e+01,6.0808e+01,6.0711e+01,6.0132e+01,5.9430e+01,5.8813e+01,5.8270e+01,5.7844e+01,5.7292e+01,5.6763e+01,5.6214e+01,5.5330e+01,5.4500e+01,5.3683e+01,5.2798e+01,5.1811e+01,5.0955e+01,4.9905e+01,4.8767e+01,4.7756e+01,4.6849e+01,4.6053e+01,4.5288e+01,4.5024e+01,4.4633e+01,4.4762e+01,4.4880e+01,4.4949e+01,4.5193e+01,4.5512e+01,4.5297e+01,4.4987e+01,4.5642e+01,4.5610e+01,4.5686e+01,4.6072e+01,4.6573e+01,4.6926e+01,4.7550e+01,4.8166e+01,4.8769e+01,4.9391e+01,5.0120e+01,5.1026e+01,5.1984e+01,5.2678e+01,5.3434e+01,5.4173e+01,5.4665e+01,5.5424e+01,5.6187e+01,5.6403e+01,5.6594e+01,5.6773e+01,5.6876e+01,5.7127e+01,5.7213e+01,5.7486e+01
6.2554e+01,6.2340e+01,6.2324e+01,6.2110e+01,6.1858e+01,6.1738e+01,6.1546e+01,6.1383e+01,6.1320e+01,6.1303e+01,6.1317e+01,6.1413e+01,6.1309e+01,6.1134e+01,6.1217e+01,6.1181e+01,6.1333e+01,6.0880e+01,6.0746e+01,6.0651e+01,6.0075e+01,5.9369e+01,5.8765e+01,5.8236e+01,5.7820e+01,5.7277e+01,5.6754e+01,5.6218e+01,5.5341e+01,5.4511e+01,5.3712e+01,5.2836e+01,5.1854e+01,5.1017e+01,4.9983e+01,4.8862e+01,4.7873e+01,4.6985e+01,4.6237e+01,4.5510e+01,4.5305e+01,4.4962e+01,4.5128e+01,4.5296e+01,4.5406e+01,4.5697e+01,4.6037e+01,4.5796e+01,4.5497e+01,4.6183e+01,4.6159e+01,4.6249e+01,4.6633e+01,4.7145e+01,4.7511e+01,4.8141e+01,4.8742e+01,4.9340e+01,4.9955e+01,5.0663e+01,5.1554e+01,5.2493e+01,5.3170e+01,5.3907e+01,5.4631e+01,5.5115e+01,5.5857e+01,5.6608e+01,5.6819e+01,5.7003e+01,5.7177e+01,5.7271e+01,5.7518e+01,5.7607e+01,5.7873e+01
6.2903e+01,6.2688e+01,6.2668e+01,6.2457e+01,6.2209e+01,6.2089e+01,6.1895e+01,6.1731e+01,6.1667e+01,6.1654e+01,6.1671e+01,6.1773e+01,6.1671e+01,6.1503e+01,6.1594e+01,6.1565e+01,6.1728e+01,6.1283e+01,6.1155e+01,6.1068e+01,6.0498e+01,5.9787e+01,5.9180e+01,5.8661e+01,5.8253e+01,5.7713e+01,5.7191e+01,5.6659e+01,5.5781e+01,5.4944e+01,5.4158e+01,5.3287e+01,5.2303e+01,5.1469e+01,5.0447e+01,4.9340e+01,4.8374e+01,4.7502e+01,4.6789e+01,4.6082e+01,4.5930e+01,4.5623e+01,4.5813e+01,4.5998e+01,4.6128e+01,4.6435e+01,4.6779e+01,4.6556e+01,4.6260e+01,4.6929e+01,4.6891e+01,4.6969e+01,4.7347e+01,4.7838e+01,4.8194e+01,4.8811e+01,4.9383e+01,4.9952e+01,5.0550e+01,5.1234e+01,5.2093e+01,5.3001e+01,5.3657e+01,5.4364e+01,5.5063e+01,5.5542e+01,5.6260e+01,5.6993e+01,5.7194e+01,5.7367e+01,5.7533e+01,5.7621e+01,5.7869e+01,5.7961e+01,5.8227e+01
6.2953e+01,6.2733e+01,6.2708e+01,6.2499e+01,6.2258e+01,6.2138e+01,6.1947e+01,6.1780e+01,6.1711e+01,6.1700e+01,6.1716e+01,6.1818e+01,6.1715e+01,6.1547e+01,6.1643e+01,6.1615e+01,6.1781e+01,6.1343e+01,6.1229e+01,6.1152e+01,6.0591e+01,5.9882e+01,5.9286e+01,5.8772e+01,5.8370e+01,5.7838e+01,5.7314e+01,5.6790e+01,5.5919e+01,5.5085e+01,5.4311e+01,5.3459e+01,5.2488e+01,5.1679e+01,5.0681e+01,4.9603e+01,4.8672e+01,4.7841e+01,4.7189e+01,4.6517e+01,4.6441e+01,4.6199e+01,4.6432e+01,4.6660e+01,4.6815e+01,4.7152e+01,4.7514e+01,4.7292e+01,4.7000e+01,4.7695e+01,4.7690e+01,4.7761e+01,4.8135e+01,4.8624e+01,4.8979e+01,4.9604e+01,5.0167e+01,5.0726e+01,5.1320e+01,5.1983e+01,5.2824e+01,5.3714e+01,5.4357e+01,5.5045e+01,5.5729e+01,5.6195e+01,5.6901e+01,5.7625e+01,5.7819e+01,5.7986e+01,5.8138e+01,5.8216e+01,5.8457e+01,5.8555e+01,5.8819e+01
6.3005e+01,6.2784e+01,6.2760e+01,6.2547e+01,6.2304e+01,6.2180e+01,6.1988e+01,6.1822e+01,6.1750e+01,6.1739e+01,6.1755e+01,6.1858e+01,6.1749e+01,6.1580e+01,6.1675e+01,6.1646e+01,6.1808e+01,6.1371e+01,6.1259e+01,6.1181e+01,6.0621e+01,5.9910e+01,5.9322e+01,5.8818e+01,5.8419e+01,5.7883e+01,5.7359e+01,5.6830e+01,5.5964e+01,5.5132e+01,5.4377e+01,5.3538e+01,5.2574e+01,5.1786e+01,5.0815e+01,4.9771e+01,4.8886e+01,4.8096e+01,4.7503e+01,4.6886e+01,4.6870e+01,4.6683e+01,4.6964e+01,4.7240e+01,4.7431e+01,4.7811e+01,4.8187e+01,4.7954e+01,4.7683e+01,4.8389e+01,4.8389e+01,4.8468e+01,4.8847e+01,4.9336e+01,4.9689e+01,5.0318e+01,5.0876e+01,5.1422e+01,5.2010e+01,5.2649e+01,5.3478e+01,5.4347e+01,5.4981e+01,5.5658e+01,5.6331e+01,5.6791e+01,5.7482e+01,5.8194e+01,5.8378e+01,5.8539e+01,5.8684e+01,5.8754e+01,5.8993e+01,5.9096e+01,5.9359e+01
6.2848e+01,6.2621e+01,6.2587e+01,6.2365e+01,6.2125e+01,6.1998e+01,6.1807e+01,6.1645e+01,6.1574e+01,6.1574e+01,6.1595e+01,6.1708e+01,6.1610e+01,6.1449e+01,6.1555e+01,6.1532e+01,6.1699e+01,6.1265e+01,6.1164e+01,6.1088e+01,6.0544e+01,5.9841e+01,5.9270e+01,5.8785e+01,5.8399e+01,5.7878e+01,5.7369e+01,5.6862e+01,5.6015e+01,5.5204e+01,5.4471e+01,5.3650e+01,5.2710e+01,5.1946e+01,5.1003e+01,4.9991e+01,4.9133e+01,4.8371e+01,4.7822e+01,4.7218e+01,4.7239e+01,4.7098e+01,4.7402e+01,4.7694e+01,4.7895e+01,4.8297e+01,4.8699e+01,4.8465e+01,4.8190e+01,4.8916e+01,4.8934e+01,4.8996e+01,4.9372e+01,4.9853e+01,5.0190e+01,5.0820e+01,5.1372e+01,5.1902e+01,5.2496e+01,5.3128e+01,5.3942e+01,5.4796e+01,5.5426e+01,5.6078e+01,5.6737e+01,5.7180e+01,5.7842e+01,5.8533e+01,5.8701e+01,5.8850e+01,5.8982e+01,5.9040e+01,5.9277e+01,5.9390e+01,5.9660e+01
6.2594e+01,6.2370e+01,6.2335e+01,6.2108e+01,6.1863e+01,6.1731e+01,6.1538e+01,6.1384e+01,6.1320e+01,6.1327e+01,6.1352e+01,6.1471e+01,6.1375e+01,6.1211e+01,6.1317e+01,6.1294e+01,6.1465e+01,6.1030e+01,6.0927e+01,6.0846e+01,6.0301e+01,5.9608e+01,5.9043e+01,5.8565e+01,5.8182e+01,5.7667e+01,5.7163e+01,5.6670e+01,5.5830e+01,5.5033e+01,5.4310e+01,5.3507e+01,5.2591e+01,5.1845e+01,5.0923e+01,4.9936e+01,4.9098e+01,4.8352e+01,4.7842e+01,4.7257e+01,4.7305e+01,4.7218e+01,4.7559e+01,4.7865e+01,4.8085e+01,4.8515e+01,4.8943e+01,4.8694e+01,4.8424e+01,4.9170e+01,4.9215e+01,4.9265e+01,4.9647e+01,5.0133e+01,5.0464e+01,5.1098e+01,5.1637e+01,5.2157e+01,5.2751e+01,5.3376e+01,5.4179e+01,5.5033e+01,5.5668e+01,5.6316e+01,5.6975e+01,5.7414e+01,5.8065e+01,5.8753e+01,5.8908e+01,5.9056e+01,5.9182e+01,5.9227e+01,5.9460e+01,5.9581e+01,5.9853e+01
6.2129e+01,6.1895e+01,6.1849e+01,6.1611e+01,6.1365e+01,6.1230e+01,6.1035e+01,6.0886e+01,6.0828e+01,6.0843e+01,6.0876e+01,6.1005e+01,6.0921e+01,6.0764e+01,6.0881e+01,6.0862e+01,6.1037e+01,6.0600e+01,6.0502e+01,6.0425e+01,5.9888e+01,5.9200e+01,5.8645e+01,5.8164e+01,5.7780e+01,5.7270e+01,5.6773e+01,5.6294e+01,5.5467e+01,5.4679e+01,5.3960e+01,5.3172e+01,5.2273e+01,5.1541e+01,5.0631e+01,4.9649e+01,4.8813e+01,4.8079e+01,4.7578e+01,4.6990e+01,4.7051e+01,4.6995e+01,4.7348e+01,4.7656e+01,4.7879e+01,4.8313e+01,4.8768e+01,4.8519e+01,4.8241e+01,4.9002e+01,4.9064e+01,4.9091e+01,4.9471e+01,4.9967e+01,5.0290e+01,5.0930e+01,5.1467e+01,5.1991e+01,5.2589e+01,5.3228e+01,5.4027e+01,5.4887e+01,5.5533e+01,5.6177e+01,5.6841e+01,5.7273e+01,5.7912e+01,5.8596e+01,5.8736e+01,5.8881e+01,5.8998e+01,5.9033e+01,5.9262e+01,5.9393e+01,5.9668e+01
6.2483e+01,6.2244e+01,6.2191e+01,6.1944e+01,6.1699e+01,6.1562e+01,6.1368e+01,6.1222e+01,6.1163e+01,6.1187e+01,6.1226e+01,6.1366e+01,6.1294e+01,6.1151e+01,6.1281e+01,6.1267e+01,6.1450e+01,6.1026e+01,6.0943e+01,6.0874e+01,6.0358e+01,5.9685e+01,5.9149e+01,5.8691e+01,5.8320e+01,5.7826e+01,5.7347e+01,5.6892e+01,5.6094e+01,5.5332e+01,5.4646e+01,5.3885e+01,5.3016e+01,5.2313e+01,5.1440e+01,5.0496e+01,4.9704e+01,4.9002e+01,4.8553e+01,4.7982e+01,4.8068e+01,4.8041e+01,4.8400e+01,4.8723e+01,4.8966e+01,4.9403e+01,4.9846e+01,4.9602e+01,4.9342e+01,5.0100e+01,5.0146e+01,5.0155e+01,5.0526e+01,5.1005e+01,5.1315e+01,5.1939e+01,5.2470e+01,5.2971e+01,5.3562e+01,5.4184e+01,5.4963e+01,5.5800e+01,5.6429e+01,5.7047e+01,5.7689e+01,5.8102e+01,5.8710e+01,5.9369e+01,5.9490e+01,5.9620e+01,5.9721e+01,5.9742e+01,5.9967e+01,6.0107e+01,6.0389e+01
6.2283e+01,6.2045e+01,6.1987e+01,6.1729e+01,6.1485e+01,6.1340e+01,6.1148e+01,6.1015e+01,6.0960e+01,6.0991e+01,6.1037e+01,6.1188e+01,6.1131e+01,6.0986e+01,6.1124e+01,6.1116e+01,6.1307e+01,6.0886e+01,6.0806e+01,6.0738e+01,6.0230e+01,5.9570e+01,5.9042e+01,5.8587e+01,5.8216e+01,5.7727e+01,5.7258e+01,5.6812e+01,5.6020e+01,5.5266e+01,5.4583e+01,5.3833e+01,5.2975e+01,5.2287e+01,5.1426e+01,5.0489e+01,4.9698e+01,4.9007e+01,4.8573e+01,4.8005e+01,4.8103e+01,4.8114e+01,4.8481e+01,4.8796e+01,4.9040e+01,4.9479e+01,4.9944e+01,4.9706e+01,4.9434e+01,5.0205e+01,5.0278e+01,5.0267e+01,5.0636e+01,5.1124e+01,5.1434e+01,5.2064e+01,5.2591e+01,5.3093e+01,5.3688e+01,5.4319e+01,5.5085e+01,5.5924e+01,5.6556e+01,5.7169e+01,5.7814e+01,5.8220e+01,5.8816e+01,5.9468e+01,5.9573e+01,5.9698e+01,5.9792e+01,5.9806e+01,6.0030e+01,6.0182e+01,6.0465e+01
6.2092e+01,6.1848e+01,6.1780e+01,6.1517e+01,6.1273e+01,6.1122e+01,6.0932e+01,6.0802e+01,6.0744e+01,6.0782e+01,6.0829e+01,6.0988e+01,6.0942e+01,6.0804e+01,6.0950e+01,6.0942e+01,6.1141e+01,6.0726e+01,6.0656e+01,6.0589e+01,6.0095e+01,5.9451e+01,5.8929e+01,5.8481e+01,5.8106e+01,5.7626e+01,5.7167e+01,5.6743e+01,5.5973e+01,5.5239e+01,5.4575e+01,5.3850e+01,5.3018e+01,5.2343e+01,5.1505e+01,5.0587e+01,4.9806e+01,4.9135e+01,4.8710e+01,4.8153e+01,4.8266e+01,4.8298e+01,4.8686e+01,4.9022e+01,4.9274e+01,4.9736e+01,5.0219e+01,4.9965e+01,4.9694e+01,5.0482e+01,5.0565e+01,5.0556e+01,5.0932e+01,5.1433e+01,5.1740e+01,5.2370e+01,5.2890e+01,5.3388e+01,5.3983e+01,5.4608e+01,5.5370e+01,5.6206e+01,5.6836e+01,5.7449e+01,5.8093e+01,5.8492e+01,5.9079e+01,5.9723e+01,5.9818e+01,5.9938e+01,6.0027e+01,6.0033e+01,6.0254e+01,6.0411e+01,6.0697e+01
6.1928e+01,6.1689e+01,6.1622e+01,6.1353e+01,6.1107e+01,6.0952e+01,6.0766e+01,6.0652e+01,6.0601e+01,6.0642e+01,6.0699e+01,6.0862e+01,6.0824e+01,6.0682e+01,6.0830e+01,6.0821e+01,6.1021e+01,6.0606e+01,6.0531e+01,6.0460e+01,5.9965e+01,5.9332e+01,5.8812e+01,5.8367e+01,5.7986e+01,5.7510e+01,5.7051e+01,5.6630e+01,5.5860e+01,5.5134e+01,5.4465e+01,5.3751e+01,5.2924e+01,5.2251e+01,5.1410e+01,5.0494e+01,4.9702e+01,4.9029e+01,4.8597e+01,4.8030e+01,4.8138e+01,4.8176e+01,4.8549e+01,4.8855e+01,4.9097e+01,4.9537e+01,5.0038e+01,4.9793e+01,4.9507e+01,5.0293e+01,5.0406e+01,5.0380e+01,5.0750e+01,5.1257e+01,5.1563e+01,5.2195e+01,5.2708e+01,5.3210e+01,5.3809e+01,5.4442e+01,5.5198e+01,5.6044e+01,5.6682e+01,5.7300e+01,5.7958e+01,5.8356e+01,5.8941e+01,5.9584e+01,5.9668e+01,5.9782e+01,5.9866e+01,5.9864e+01,6.0079e+01,6.0246e+01,6.0533e+01
6.1986e+01,6.1756e+01,6.1691e+01,6.1417e+01,6.1169e+01,6.1009e+01,6.0827e+01,6.0730e+01,6.0683e+01,6.0727e+01,6.0786e+01,6.0951e+01,6.0927e+01,6.0784e+01,6.0941e+01,6.0940e+01,6.1144e+01,6.0740e+01,6.0670e+01,6.0603e+01,6.0113e+01,5.9489e+01,5.8977e+01,5.8547e+01,5.8170e+01,5.7695e+01,5.7237e+01,5.6822e+01,5.6062e+01,5.5345e+01,5.4679e+01,5.3979e+01,5.3164e+01,5.2503e+01,5.1674e+01,5.0774e+01,4.9992e+01,4.9342e+01,4.8935e+01,4.8387e+01,4.8515e+01,4.8586e+01,4.8968e+01,4.9277e+01,4.9521e+01,4.9953e+01,5.0452e+01,5.0207e+01,4.9923e+01,5.0708e+01,5.0837e+01,5.0799e+01,5.1174e+01,5.1689e+01,5.1992e+01,5.2625e+01,5.3133e+01,5.3640e+01,5.4238e+01,5.4872e+01,5.5627e+01,5.6470e+01,5.7107e+01,5.7721e+01,5.8378e+01,5.8768e+01,5.9343e+01,5.9979e+01,6.0051e+01,6.0155e+01,6.0230e+01,6.0213e+01,6.0417e+01,6.0595e+01,6.0879e+01
6.2266e+01,6.2045e+01,6.1984e+01,6.1707e+01,6.1459e+01,6.1294e+01,6.1115e+01,6.1036e+01,6.0994e+01,6.1039e+01,6.1102e+01,6.1269e+01,6.1245e+01,6.1097e+01,6.1252e+01,6.1252e+01,6.1456e+01,6.1058e+01,6.0988e+01,6.0917e+01,6.0426e+01,5.9807e+01,5.9296e+01,5.8878e+01,5.8497e+01,5.8030e+01,5.7573e+01,5.7162e+01,5.6399e+01,5.5683e+01,5.5025e+01,5.4340e+01,5.3526e+01,5.2866e+01,5.2038e+01,5.1142e+01,5.0357e+01,4.9713e+01,4.9309e+01,4.8778e+01,4.8911e+01,4.8994e+01,4.9377e+01,4.9685e+01,4.9913e+01,5.0342e+01,5.0851e+01,5.0599e+01,5.0299e+01,5.1077e+01,5.1229e+01,5.1182e+01,5.1555e+01,5.2076e+01,5.2372e+01,5.2999e+01,5.3491e+01,5.3986e+01,5.4575e+01,5.5201e+01,5.5937e+01,5.6773e+01,5.7401e+01,5.8005e+01,5.8659e+01,5.9044e+01,5.9605e+01,6.0235e+01,6.0294e+01,6.0392e+01,6.0459e+01,6.0436e+01,6.0632e+01,6.0816e+01,6.1098e+01
6.2560e+01,6.2350e+01,6.2294e+01,6.2014e+01,6.1765e+01,6.1593e+01,6.1421e+01,6.1357e+01,6.1317e+01,6.1361e+01,6.1428e+01,6.1596e+01,6.1578e+01,6.1427e+01,6.1583e+01,6.1587e+01,6.1792e+01,6.1402e+01,6.1331e+01,6.1262e+01,6.0772e+01,6.0168e+01,5.9662e+01,5.9255e+01,5.8878e+01,5.8418e+01,5.7966e+01,5.7562e+01,5.6810e+01,5.6112e+01,5.5470e+01,5.4810e+01,5.4018e+01,5.3379e+01,5.2572e+01,5.1706e+01,5.0942e+01,5.0330e+01,4.9955e+01,4.9448e+01,4.9598e+01,4.9713e+01,5.0096e+01,5.0396e+01,5.0623e+01,5.1037e+01,5.1540e+01,5.1297e+01,5.1004e+01,5.1762e+01,5.1927e+01,5.1873e+01,5.2238e+01,5.2760e+01,5.3056e+01,5.3684e+01,5.4166e+01,5.4663e+01,5.5253e+01,5.5879e+01,5.6609e+01,5.7439e+01,5.8072e+01,5.8672e+01,5.9331e+01,5.9712e+01,6.0258e+01,6.0880e+01,6.0923e+01,6.1011e+01,6.1070e+01,6.1034e+01,6.1218e+01,6.1407e+01,6.1685e+01
6.2898e+01,6.2695e+01,6.2643e+01,6.2365e+01,6.2115e+01,6.1940e+01,6.1774e+01,6.1718e+01,6.1679e+01,6.1723e+01,6.1787e+01,6.1954e+01,6.1939e+01,6.1788e+01,6.1941e+01,6.1950e+01,6.2155e+01,6.1772e+01,6.1702e+01,6.1635e+01,6.1143e+01,6.0545e+01,6.0041e+01,5.9643e+01,5.9273e+01,5.8821e+01,5.8370e+01,5.7974e+01,5.7229e+01,5.6540e+01,5.5908e+01,5.5255e+01,5.4475e+01,5.3843e+01,5.3049e+01,5.2198e+01,5.1446e+01,5.0842e+01,5.0474e+01,4.9979e+01,5.0131e+01,5.0257e+01,5.0637e+01,5.0934e+01,5.1140e+01,5.1541e+01,5.2030e+01,5.1780e+01,5.1483e+01,5.2225e+01,5.2395e+01,5.2344e+01,5.2707e+01,5.3244e+01,5.3551e+01,5.4176e+01,5.4653e+01,5.5147e+01,5.5732e+01,5.6360e+01,5.7083e+01,5.7909e+01,5.8540e+01,5.9137e+01,5.9798e+01,6.0176e+01,6.0714e+01,6.1332e+01,6.1364e+01,6.1444e+01,6.1499e+01,6.1458e+01,6.1629e+01,6.1814e+01,6.2088e+01
6.3361e+01,6.3168e+01,6.3121e+01,6.2840e+01,6.2591e+01,6.2414e+01,6.2249e+01,6.2206e+01,6.2174e+01,6.2226e+01,6.2286e+01,6.2454e+01,6.2443e+01,6.2287e+01,6.2441e+01,6.2454e+01,6.2661e+01,6.2284e+01,6.2212e+01,6.2146e+01,6.1653e+01,6.1069e+01,6.0577e+01,6.0189e+01,5.9823e+01,5.9376e+01,5.8926e+01,5.8534e+01,5.7794e+01,5.7114e+01,5.6492e+01,5.5858e+01,5.5100e+01,5.4487e+01,5.3722e+01,5.2910e+01,5.2186e+01,5.1609e+01,5.1252e+01,5.0764e+01,5.0930e+01,5.1071e+01,5.1451e+01,5.1748e+01,5.1935e+01,5.2325e+01,5.2809e+01,5.2554e+01,5.2248e+01,5.2978e+01,5.3161e+01,5.3104e+01,5.3451e+01,5.3989e+01,5.4296e+01,5.4914e+01,5.5383e+01,5.5873e+01,5.6459e+01,5.7086e+01,5.7798e+01,5.8622e+01,5.9246e+01,5.9835e+01,6.0497e+01,6.0870e+01,6.1390e+01,6.1997e+01,6.2012e+01,6.2084e+01,6.2135e+01,6.2086e+01,6.2248e+01,6.2435e+01,6.2702e+01
6.3941e+01,6.3757e+01,6.3714e+01,6.3436e+01,6.3193e+01,6.3021e+01,6.2861e+01,6.2827e+01,6.2802e+01,6.2865e+01,6.2927e+01,6.3102e+01,6.3097e+01,6.2940e+01,6.3097e+01,6.3110e+01,6.3314e+01,6.2944e+01,6.2870e+01,6.2802e+01,6.2309e+01,6.1738e+01,6.1262e+01,6.0893e+01,6.0540e+01,6.0105e+01,5.9657e+01,5.9272e+01,5.8544e+01,5.7876e+01,5.7261e+01,5.6642e+01,5.5898e+01,5.5299e+01,5.4550e+01,5.3755e+01,5.3049e+01,5.2494e+01,5.2140e+01,5.1659e+01,5.1836e+01,5.1987e+01,5.2367e+01,5.2653e+01,5.2822e+01,5.3194e+01,5.3673e+01,5.3419e+01,5.3093e+01,5.3818e+01,5.4020e+01,5.3957e+01,5.4293e+01,5.4825e+01,5.5131e+01,5.5742e+01,5.6205e+01,5.6689e+01,5.7273e+01,5.7902e+01,5.8605e+01,5.9425e+01,6.0040e+01,6.0620e+01,6.1282e+01,6.1648e+01,6.2153e+01,6.2748e+01,6.2748e+01,6.2811e+01,6.2857e+01,6.2802e+01,6.2962e+01,6.3154e+01,6.3412e+01
6.4513e+01,6.4330e+01,6.4286e+01,6.4007e+01,6.3769e+01,6.3594e+01,6.3439e+01,6.3411e+01,6.3393e+01,6.3461e+01,6.3525e+01,6.3705e+01,6.3708e+01,6.3551e+01,6.3710e+01,6.3724e+01,6.3926e+01,6.3561e+01,6.3488e+01,6.3418e+01,6.2926e+01,6.2360e+01,6.1886e+01,6.1520e+01,6.1166e+01,6.0732e+01,6.0282e+01,5.9899e+01,5.9177e+01,5.8517e+01,5.7916e+01,5.7318e+01,5.6591e+01,5.6003e+01,5.5274e+01,5.4499e+01,5.3816e+01,5.3281e+01,5.2938e+01,5.2472e+01,5.2660e+01,5.2820e+01,5.3206e+01,5.3488e+01,5.3642e+01,5.4006e+01,5.4486e+01,5.4240e+01,5.3912e+01,5.4626e+01,5.4852e+01,5.4794e+01,5.5130e+01,5.5660e+01,5.5974e+01,5.6586e+01,5.7042e+01,5.7528e+01,5.8119e+01,5.8744e+01,5.9447e+01,6.0269e+01,6.0887e+01,6.1471e+01,6.2142e+01,6.2510e+01,6.3008e+01,6.3600e+01,6.3591e+01,6.3656e+01,6.3705e+01,6.3647e+01,6.3804e+01,6.3995e+01,6.4242e+01
6.4413e+01,6.4234e+01,6.4192e+01,6.3908e+01,6.3665e+01,6.3481e+01,6.3326e+01,6.3301e+01,6.3279e+01,6.3351e+01,6.3413e+01,6.3595e+01,6.3605e+01,6.3442e+01,6.3604e+01,6.3621e+01,6.3826e+01,6.3463e+01,6.3392e+01,6.3320e+01,6.2828e+01,6.2268e+01,6.1795e+01,6.1436e+01,6.1084e+01,6.0655e+01,6.0211e+01,5.9834e+01,5.9122e+01,5.8463e+01,5.7864e+01,5.7270e+01,5.6550e+01,5.5955e+01,5.5244e+01,5.4482e+01,5.3819e+01,5.3287e+01,5.2946e+01,5.2487e+01,5.2678e+01,5.2850e+01,5.3244e+01,5.3526e+01,5.3678e+01,5.4054e+01,5.4541e+01,5.4300e+01,5.3971e+01,5.4687e+01,5.4931e+01,5.4876e+01,5.5222e+01,5.5770e+01,5.6090e+01,5.6707e+01,5.7172e+01,5.7667e+01,5.8268e+01,5.8900e+01,5.9618e+01,6.0450e+01,6.1073e+01,6.1667e+01,6.2342e+01,6.2712e+01,6.3211e+01,6.3804e+01,6.3798e+01,6.3864e+01,6.3914e+01,6.3858e+01,6.4014e+01,6.4204e+01,6.4450e+01
6.4738e+01,6.4559e+01,6.4519e+01,6.4232e+01,6.3990e+01,6.3804e+01,6.3653e+01,6.3636e+01,6.3615e+01,6.3689e+01,6.3751e+01,6.3934e+01,6.3953e+01,6.3790e+01,6.3958e+01,6.3986e+01,6.4192e+01,6.3840e+01,6.3775e+01,6.3702e+01,6.3213e+01,6.2665e+01,6.2197e+01,6.1855e+01,6.1507e+01,6.1078e+01,6.0635e+01,6.0257e+01,5.9555e+01,5.8904e+01,5.8315e+01,5.7728e+01,5.7022e+01,5.6435e+01,5.5741e+01,5.4996e+01,5.4355e+01,5.3832e+01,5.3476e+01,5.3016e+01,5.3200e+01,5.3363e+01,5.3762e+01,5.4045e+01,5.4173e+01,5.4552e+01,5.5039e+01,5.4792e+01,5.4452e+01,5.5169e+01,5.5432e+01,5.5390e+01,5.5742e+01,5.6294e+01,5.6620e+01,5.7239e+01,5.7693e+01,5.8184e+01,5.8787e+01,5.9412e+01,6.0129e+01,6.0961e+01,6.1585e+01,6.2183e+01,6.2862e+01,6.3231e+01,6.3726e+01,6.4318e+01,6.4304e+01,6.4370e+01,6.4423e+01,6.4370e+01,6.4526e+01,6.4713e+01,6.4952e+01
6.4662e+01,6.4484e+01,6.4448e+01,6.4158e+01,6.3914e+01,6.3721e+01,6.3575e+01,6.3558e+01,6.3531e+01,6.3603e+01,6.3664e+01,6.3845e+01,6.3868e+01,6.3697e+01,6.3865e+01,6.3894e+01,6.4101e+01,6.3753e+01,6.3692e+01,6.3616e+01,6.3124e+01,6.2574e+01,6.2098e+01,6.1760e+01,6.1413e+01,6.0981e+01,6.0544e+01,6.0160e+01,5.9458e+01,5.8804e+01,5.8206e+01,5.7615e+01,5.6905e+01,5.6312e+01,5.5626e+01,5.4880e+01,5.4251e+01,5.3720e+01,5.3360e+01,5.2899e+01,5.3082e+01,5.3245e+01,5.3648e+01,5.3933e+01,5.4062e+01,5.4459e+01,5.4949e+01,5.4704e+01,5.4363e+01,5.5086e+01,5.5372e+01,5.5339e+01,5.5695e+01,5.6260e+01,5.6595e+01,5.7215e+01,5.7667e+01,5.8171e+01,5.8782e+01,5.9412e+01,6.0141e+01,6.0983e+01,6.1617e+01,6.2226e+01,6.2911e+01,6.3286e+01,6.3788e+01,6.4387e+01,6.4378e+01,6.4452e+01,6.4514e+01,6.4471e+01,6.4630e+01,6.4813e+01,6.5052e+01
6.5007e+01,6.4832e+01,6.4799e+01,6.4509e+01,6.4266e+01,6.4071e+01,6.3928e+01,6.3911e+01,6.3884e+01,6.3961e+01,6.4019e+01,6.4204e+01,6.4233e+01,6.4064e+01,6.4233e+01,6.4267e+01,6.4476e+01,6.4134e+01,6.4073e+01,6.3996e+01,6.3508e+01,6.2971e+01,6.2508e+01,6.2184e+01,6.1843e+01,6.1414e+01,6.0986e+01,6.0610e+01,5.9926e+01,5.9279e+01,5.8696e+01,5.8112e+01,5.7417e+01,5.6828e+01,5.6168e+01,5.5441e+01,5.4834e+01,5.4310e+01,5.3949e+01,5.3491e+01,5.3671e+01,5.3839e+01,5.4238e+01,5.4515e+01,5.4630e+01,5.5025e+01,5.5519e+01,5.5272e+01,5.4923e+01,5.5635e+01,5.5937e+01,5.5909e+01,5.6266e+01,5.6839e+01,5.7184e+01,5.7800e+01,5.8248e+01,5.8750e+01,5.9364e+01,5.9992e+01,6.0717e+01,6.1551e+01,6.2178e+01,6.2781e+01,6.3461e+01,6.3829e+01,6.4319e+01,6.4912e+01,6.4892e+01,6.4965e+01,6.5026e+01,6.4986e+01,6.5142e+01,6.5318e+01,6.5550e+01
6.5175e+01,6.4999e+01,6.4965e+01,6.4675e+01,6.4429e+01,6.4233e+01,6.4086e+01,6.4066e+01,6.4040e+01,6.4119e+01,6.4180e+01,6.4370e+01,6.4405e+01,6.4240e+01,6.4411e+01,6.4447e+01,6.4661e+01,6.4323e+01,6.4268e+01,6.4197e+01,6.3719e+01,6.3188e+01,6.2733e+01,6.2414e+01,6.2077e+01,6.1653e+01,6.1232e+01,6.0870e+01,6.0200e+01,5.9559e+01,5.8989e+01,5.8409e+01,5.7724e+01,5.7131e+01,5.6484e+01,5.5768e+01,5.5172e+01,5.4660e+01,5.4303e+01,5.3857e+01,5.4037e+01,5.4214e+01,5.4615e+01,5.4891e+01,5.5004e+01,5.5401e+01,5.5895e+01,5.5656e+01,5.5310e+01,5.6007e+01,5.6323e+01,5.6299e+01,5.6647e+01,5.7228e+01,5.7589e+01,5.8205e+01,5.8648e+01,5.9157e+01,5.9776e+01,6.0403e+01,6.1120e+01,6.1949e+01,6.2566e+01,6.3163e+01,6.3840e+01,6.4201e+01,6.4686e+01,6.5277e+01,6.5253e+01,6.5328e+01,6.5393e+01,6.5360e+01,6.5509e+01,6.5674e+01,6.5899e+01
6.5295e+01,6.5116e+01,6.5078e+01,6.4786e+01,6.4542e+01,6.4345e+01,6.4200e+01,6.4181e+01,6.4154e+01,6.4226e+01,6.4286e+01,6.4471e+01,6.4509e+01,6.4343e+01,6.4518e+01,6.4557e+01,6.4780e+01,6.4442e+01,6.4387e+01,6.4316e+01,6.3847e+01,6.3320e+01,6.2868e+01,6.2548e+01,6.2211e+01,6.1784e+01,6.1371e+01,6.1014e+01,6.0351e+01,5.9712e+01,5.9154e+01,5.8580e+01,5.7903e+01,5.7309e+01,5.6667e+01,5.5957e+01,5.5370e+01,5.4858e+01,5.4497e+01,5.4045e+01,5.4222e+01,5.4384e+01,5.4781e+01,5.5062e+01,5.5176e+01,5.5573e+01,5.6052e+01,5.5805e+01,5.5463e+01,5.6152e+01,5.6458e+01,5.6435e+01,5.6773e+01,5.7349e+01,5.7721e+01,5.8340e+01,5.8780e+01,5.9292e+01,5.9915e+01,6.0549e+01,6.1268e+01,6.2096e+01,6.2713e+01,6.3304e+01,6.3976e+01,6.4332e+01,6.4811e+01,6.5397e+01,6.5370e+01,6.5450e+01,6.5513e+01,6.5482e+01,6.5629e+01,6.5793e+01,6.6015e+01
6.5809e+01,6.5626e+01,6.5583e+01,6.5290e+01,6.5052e+01,6.4859e+01,6.4711e+01,6.4693e+01,6.4667e+01,6.4743e+01,6.4799e+01,6.4982e+01,6.5026e+01,6.4865e+01,6.5044e+01,6.5086e+01,6.5316e+01,6.4984e+01,6.4932e+01,6.4867e+01,6.4406e+01,6.3891e+01,6.3450e+01,6.3142e+01,6.2807e+01,6.2384e+01,6.1974e+01,6.1623e+01,6.0973e+01,6.0338e+01,5.9791e+01,5.9217e+01,5.8548e+01,5.7956e+01,5.7322e+01,5.6626e+01,5.6050e+01,5.5551e+01,5.5180e+01,5.4721e+01,5.4882e+01,5.5034e+01,5.5423e+01,5.5690e+01,5.5784e+01,5.6168e+01,5.6650e+01,5.6404e+01,5.6055e+01,5.6763e+01,5.7051e+01,5.7030e+01,5.7394e+01,5.7979e+01,5.8339e+01,5.8959e+01,5.9406e+01,5.9905e+01,6.0513e+01,6.1130e+01,6.1839e+01,6.2648e+01,6.3245e+01,6.3820e+01,6.4474e+01,6.4818e+01,6.5285e+01,6.5859e+01,6.5828e+01,6.5905e+01,6.5961e+01,6.5932e+01,6.6078e+01,6.6246e+01,6.6466e+01
6.6101e+01,6.5914e+01,6.5870e+01,6.5576e+01,6.5342e+01,6.5153e+01,6.5007e+01,6.4987e+01,6.4959e+01,6.5027e+01,6.5079e+01,6.5252e+01,6.5295e+01,6.5130e+01,6.5306e+01,6.5345e+01,6.5576e+01,6.5243e+01,6.5187e+01,6.5120e+01,6.4663e+01,6.4149e+01,6.3711e+01,6.3403e+01,6.3071e+01,6.2645e+01,6.2240e+01,6.1887e+01,6.1241e+01,6.0603e+01,6.0064e+01,5.9489e+01,5.8819e+01,5.8226e+01,5.7595e+01,5.6907e+01,5.6340e+01,5.5843e+01,5.5469e+01,5.5001e+01,5.5154e+01,5.5282e+01,5.5657e+01,5.5928e+01,5.6020e+01,5.6397e+01,5.6863e+01,5.6622e+01,5.6295e+01,5.7009e+01,5.7285e+01,5.7251e+01,5.7616e+01,5.8197e+01,5.8550e+01,5.9174e+01,5.9628e+01,6.0121e+01,6.0725e+01,6.1343e+01,6.2055e+01,6.2859e+01,6.3451e+01,6.4020e+01,6.4667e+01,6.5002e+01,6.5467e+01,6.6035e+01,6.6005e+01,6.6085e+01,6.6141e+01,6.6117e+01,6.6263e+01,6.6430e+01,6.6649e+01
6.6454e+01,6.6264e+01,6.6215e+01,6.5919e+01,6.5686e+01,6.5493e+01,6.5343e+01,6.5321e+01,6.5291e+01,6.5356e+01,6.5403e+01,6.5570e+01,6.5609e+01,6.5444e+01,6.5613e+01,6.5648e+01,6.5876e+01,6.5546e+01,6.5490e+01,6.5422e+01,6.4971e+01,6.4456e+01,6.4020e+01,6.3706e+01,6.3376e+01,6.2955e+01,6.2561e+01,6.2219e+01,6.1581e+01,6.0952e+01,6.0427e+01,5.9872e+01,5.9203e+01,5.8611e+01,5.7987e+01,5.7305e+01,5.6748e+01,5.6257e+01,5.5897e+01,5.5427e+01,5.5573e+01,5.5704e+01,5.6073e+01,5.6333e+01,5.6424e+01,5.6785e+01,5.7253e+01,5.7030e+01,5.6730e+01,5.7450e+01,5.7730e+01,5.7682e+01,5.8052e+01,5.8650e+01,5.8998e+01,5.9614e+01,6.0081e+01,6.0587e+01,6.1189e+01,6.1807e+01,6.2516e+01,6.3312e+01,6.3895e+01,6.4462e+01,6.5101e+01,6.5429e+01,6.5889e+01,6.6450e+01,6.6420e+01,6.6498e+01,6.6550e+01,6.6528e+01,6.6675e+01,6.6843e+01,6.7058e+01
6.6524e+01,6.6330e+01,6.6276e+01,6.5975e+01,6.5739e+01,6.5541e+01,6.5387e+01,6.5365e+01,6.5333e+01,6.5399e+01,6.5443e+01,6.5610e+01,6.5656e+01,6.5492e+01,6.5672e+01,6.5713e+01,6.5948e+01,6.5621e+01,6.5569e+01,6.5504e+01,6.5062e+01,6.4545e+01,6.4109e+01,6.3792e+01,6.3458e+01,6.3037e+01,6.2640e+01,6.2300e+01,6.1670e+01,6.1048e+01,6.0532e+01,5.9983e+01,5.9325e+01,5.8737e+01,5.8115e+01,5.7443e+01,5.6896e+01,5.6417e+01,5.6061e+01,5.5596e+01,5.5749e+01,5.5886e+01,5.6262e+01,5.6529e+01,5.6619e+01,5.6996e+01,5.7477e+01,5.7257e+01,5.6948e+01,5.7673e+01,5.7959e+01,5.7930e+01,5.8290e+01,5.8888e+01,5.9245e+01,5.9852e+01,6.0301e+01,6.0808e+01,6.1407e+01,6.2013e+01,6.2708e+01,6.3500e+01,6.4080e+01,6.4646e+01,6.5281e+01,6.5611e+01,6.6075e+01,6.6640e+01,6.6609e+01,6.6691e+01,6.6746e+01,6.6721e+01,6.6859e+01,6.7018e+01,6.7224e+01
6.7066e+01,6.6869e+01,6.6815e+01,6.6515e+01,6.6278e+01,6.6077e+01,6.5919e+01,6.5893e+01,6.5859e+01,6.5925e+01,6.5959e+01,6.6123e+01,6.6174e+01,6.6016e+01,6.6196e+01,6.6242e+01,6.6484e+01,6.6168e+01,6.6123e+01,6.6064e+01,6.5628e+01,6.5114e+01,6.4682e+01,6.4373e+01,6.4049e+01,6.3639e+01,6.3253e+01,6.2924e+01,6.2303e+01,6.1688e+01,6.1182e+01,6.0642e+01,5.9991e+01,5.9415e+01,5.8808e+01,5.8149e+01,5.7623e+01,5.7164e+01,5.6823e+01,5.6376e+01,5.6537e+01,5.6689e+01,5.7071e+01,5.7342e+01,5.7424e+01,5.7800e+01,5.8284e+01,5.8063e+01,5.7766e+01,5.8495e+01,5.8797e+01,5.8767e+01,5.9133e+01,5.9740e+01,6.0104e+01,6.0706e+01,6.1157e+01,6.1664e+01,6.2252e+01,6.2848e+01,6.3527e+01,6.4302e+01,6.4873e+01,6.5428e+01,6.6055e+01,6.6382e+01,6.6833e+01,6.7391e+01,6.7357e+01,6.7438e+01,6.7489e+01,6.7464e+01,6.7597e+01,6.7752e+01,6.7942e+01
6.7428e+01,6.7230e+01,6.7174e+01,6.6874e+01,6.6634e+01,6.6432e+01,6.6268e+01,6.6248e+01,6.6220e+01,6.6295e+01,6.6328e+01,6.6498e+01,6.6558e+01,6.6402e+01,6.6581e+01,6.6632e+01,6.6879e+01,6.6570e+01,6.6532e+01,6.6475e+01,6.6038e+01,6.5526e+01,6.5090e+01,6.4788e+01,6.4471e+01,6.4071e+01,6.3693e+01,6.3371e+01,6.2752e+01,6.2145e+01,6.1646e+01,6.1109e+01,6.0469e+01,5.9908e+01,5.9317e+01,5.8663e+01,5.8150e+01,5.7708e+01,5.7375e+01,5.6949e+01,5.7112e+01,5.7280e+01,5.7668e+01,5.7939e+01,5.8011e+01,5.8385e+01,5.8877e+01,5.8661e+01,5.8354e+01,5.9081e+01,5.9393e+01,5.9362e+01,5.9736e+01,6.0342e+01,6.0700e+01,6.1298e+01,6.1753e+01,6.2250e+01,6.2824e+01,6.3402e+01,6.4071e+01,6.4834e+01,6.5397e+01,6.5939e+01,6.6557e+01,6.6879e+01,6.7318e+01,6.7864e+01,6.7828e+01,6.7908e+01,6.7953e+01,6.7926e+01,6.8054e+01,6.8212e+01,6.8397e+01
6.7162e+01,6.6966e+01,6.6910e+01,6.6610e+01,6.6373e+01,6.6173e+01,6.6018e+01,6.6007e+01,6.5985e+01,6.6067e+01,6.6108e+01,6.6281e+01,6.6352e+01,6.6197e+01,6.6384e+01,6.6437e+01,6.6686e+01,6.6380e+01,6.6348e+01,6.6292e+01,6.5857e+01,6.5354e+01,6.4920e+01,6.4626e+01,6.4312e+01,6.3910e+01,6.3534e+01,6.3205e+01,6.2585e+01,6.1984e+01,6.1489e+01,6.0949e+01,6.0318e+01,5.9758e+01,5.9167e+01,5.8511e+01,5.7990e+01,5.7545e+01,5.7210e+01,5.6781e+01,5.6936e+01,5.7100e+01,5.7475e+01,5.7723e+01,5.7787e+01,5.8149e+01,5.8641e+01,5.8427e+01,5.8117e+01,5.8835e+01,5.9146e+01,5.9112e+01,5.9483e+01,6.0079e+01,6.0429e+01,6.1027e+01,6.1479e+01,6.1968e+01,6.2541e+01,6.3118e+01,6.3791e+01,6.4562e+01,6.5131e+01,6.5682e+01,6.6310e+01,6.6637e+01,6.7081e+01,6.7629e+01,6.7589e+01,6.7671e+01,6.7713e+01,6.7679e+01,6.7803e+01,6.7964e+01,6.8147e+01
6.7121e+01,6.6927e+01,6.6871e+01,6.6575e+01,6.6342e+01,6.6148e+01,6.5996e+01,6.5989e+01,6.5972e+01,6.6062e+01,6.6104e+01,6.6281e+01,6.6354e+01,6.6203e+01,6.6392e+01,6.6449e+01,6.6699e+01,6.6396e+01,6.6365e+01,6.6314e+01,6.5880e+01,6.5385e+01,6.4952e+01,6.4662e+01,6.4352e+01,6.3958e+01,6.3594e+01,6.3265e+01,6.2652e+01,6.2059e+01,6.1567e+01,6.1026e+01,6.0407e+01,5.9857e+01,5.9273e+01,5.8617e+01,5.8094e+01,5.7645e+01,5.7305e+01,5.6876e+01,5.7026e+01,5.7188e+01,5.7552e+01,5.7796e+01,5.7842e+01,5.8196e+01,5.8691e+01,5.8469e+01,5.8126e+01,5.8834e+01,5.9157e+01,5.9133e+01,5.9507e+01,6.0110e+01,6.0471e+01,6.1063e+01,6.1505e+01,6.1993e+01,6.2567e+01,6.3144e+01,6.3814e+01,6.4589e+01,6.5153e+01,6.5703e+01,6.6335e+01,6.6664e+01,6.7103e+01,6.7644e+01,6.7595e+01,6.7674e+01,6.7708e+01,6.7666e+01,6.7787e+01,6.7951e+01,6.8137e+01
6.6867e+01,6.6680e+01,6.6630e+01,6.6334e+01,6.6102e+01,6.5914e+01,6.5771e+01,6.5768e+01,6.5752e+01,6.5844e+01,6.5892e+01,6.6072e+01,6.6150e+01,6.5998e+01,6.6191e+01,6.6253e+01,6.6506e+01,6.6208e+01,6.6182e+01,6.6131e+01,6.5699e+01,6.5212e+01,6.4784e+01,6.4498e+01,6.4192e+01,6.3797e+01,6.3431e+01,6.3101e+01,6.2490e+01,6.1908e+01,6.1419e+01,6.0882e+01,6.0270e+01,5.9720e+01,5.9141e+01,5.8491e+01,5.7966e+01,5.7512e+01,5.7168e+01,5.6728e+01,5.6878e+01,5.7036e+01,5.7395e+01,5.7629e+01,5.7672e+01,5.8019e+01,5.8514e+01,5.8295e+01,5.7939e+01,5.8636e+01,5.8963e+01,5.8943e+01,5.9310e+01,5.9906e+01,6.0266e+01,6.0851e+01,6.1286e+01,6.1772e+01,6.2347e+01,6.2934e+01,6.3605e+01,6.4387e+01,6.4958e+01,6.5511e+01,6.6146e+01,6.6478e+01,6.6920e+01,6.7461e+01,6.7407e+01,6.7482e+01,6.7510e+01,6.7460e+01,6.7581e+01,6.7750e+01,6.7940e+01
6.6714e+01,6.6528e+01,6.6480e+01,6.6185e+01,6.5955e+01,6.5774e+01,6.5636e+01,6.5639e+01,6.5630e+01,6.5729e+01,6.5782e+01,6.5967e+01,6.6052e+01,6.5902e+01,6.6097e+01,6.6166e+01,6.6424e+01,6.6129e+01,6.6107e+01,6.6064e+01,6.5634e+01,6.5155e+01,6.4724e+01,6.4438e+01,6.4132e+01,6.3737e+01,6.3366e+01,6.3031e+01,6.2417e+01,6.1837e+01,6.1349e+01,6.0813e+01,6.0207e+01,5.9659e+01,5.9086e+01,5.8436e+01,5.7907e+01,5.7451e+01,5.7092e+01,5.6652e+01,5.6805e+01,5.6961e+01,5.7324e+01,5.7555e+01,5.7597e+01,5.7941e+01,5.8443e+01,5.8226e+01,5.7852e+01,5.8544e+01,5.8870e+01,5.8842e+01,5.9211e+01,5.9798e+01,6.0144e+01,6.0721e+01,6.1150e+01,6.1623e+01,6.2189e+01,6.2774e+01,6.3445e+01,6.4230e+01,6.4800e+01,6.5352e+01,6.5986e+01,6.6314e+01,6.6755e+01,6.7293e+01,6.7234e+01,6.7302e+01,6.7325e+01,6.7272e+01,6.7395e+01,6.7574e+01,6.7772e+01
6.7001e+01,6.6818e+01,6.6772e+01,6.6474e+01,6.6247e+01,6.6066e+01,6.5931e+01,6.5940e+01,6.5934e+01,6.6035e+01,6.6085e+01,6.6270e+01,6.6366e+01,6.6221e+01,6.6423e+01,6.6506e+01,6.6770e+01,6.6485e+01,6.6465e+01,6.6430e+01,6.6008e+01,6.5537e+01,6.5108e+01,6.4830e+01,6.4532e+01,6.4145e+01,6.3783e+01,6.3453e+01,6.2853e+01,6.2286e+01,6.1809e+01,6.1277e+01,6.0690e+01,6.0157e+01,5.9601e+01,5.8959e+01,5.8438e+01,5.7985e+01,5.7618e+01,5.7170e+01,5.7315e+01,5.7462e+01,5.7811e+01,5.8024e+01,5.8051e+01,5.8384e+01,5.8886e+01,5.8684e+01,5.8305e+01,5.8989e+01,5.9318e+01,5.9291e+01,5.9663e+01,6.0243e+01,6.0580e+01,6.1148e+01,6.1572e+01,6.2030e+01,6.2583e+01,6.3159e+01,6.3819e+01,6.4594e+01,6.5160e+01,6.5707e+01,6.6335e+01,6.6660e+01,6.7094e+01,6.7620e+01,6.7558e+01,6.7625e+01,6.7637e+01,6.7574e+01,6.7692e+01,6.7877e+01,6.8071e+01
6.6839e+01,6.6657e+01,6.6612e+01,6.6318e+01,6.6093e+01,6.5918e+01,6.5787e+01,6.5798e+01,6.5795e+01,6.5902e+01,6.5952e+01,6.6138e+01,6.6240e+01,6.6099e+01,6.6304e+01,6.6392e+01,6.6660e+01,6.6383e+01,6.6368e+01,6.6344e+01,6.5928e+01,6.5465e+01,6.5031e+01,6.4753e+01,6.4458e+01,6.4085e+01,6.3732e+01,6.3407e+01,6.2810e+01,6.2248e+01,6.1775e+01,6.1244e+01,6.0662e+01,6.0133e+01,5.9583e+01,5.8939e+01,5.8412e+01,5.7960e+01,5.7588e+01,5.7144e+01,5.7290e+01,5.7441e+01,5.7792e+01,5.8003e+01,5.8032e+01,5.8359e+01,5.8871e+01,5.8675e+01,5.8294e+01,5.8988e+01,5.9319e+01,5.9278e+01,5.9656e+01,6.0240e+01,6.0563e+01,6.1118e+01,6.1548e+01,6.2004e+01,6.2541e+01,6.3115e+01,6.3773e+01,6.4541e+01,6.5103e+01,6.5648e+01,6.6272e+01,6.6596e+01,6.7030e+01,6.7551e+01,6.7490e+01,6.7552e+01,6.7556e+01,6.7484e+01,6.7599e+01,6.7791e+01,6.7985e+01
6.6570e+01,6.6388e+01,6.6344e+01,6.6050e+01,6.5824e+01,6.5653e+01,6.5519e+01,6.5528e+01,6.5530e+01,6.5638e+01,6.5692e+01,6.5883e+01,6.5988e+01,6.5851e+01,6.6057e+01,6.6148e+01,6.6421e+01,6.6149e+01,6.6137e+01,6.6120e+01,6.5704e+01,6.5240e+01,6.4800e+01,6.4516e+01,6.4218e+01,6.3854e+01,6.3502e+01,6.3182e+01,6.2584e+01,6.2021e+01,6.1546e+01,6.1017e+01,6.0432e+01,5.9905e+01,5.9356e+01,5.8709e+01,5.8175e+01,5.7724e+01,5.7349e+01,5.6911e+01,5.7060e+01,5.7222e+01,5.7573e+01,5.7783e+01,5.7808e+01,5.8129e+01,5.8650e+01,5.8451e+01,5.8061e+01,5.8767e+01,5.9107e+01,5.9062e+01,5.9436e+01,6.0020e+01,6.0340e+01,6.0890e+01,6.1324e+01,6.1773e+01,6.2299e+01,6.2873e+01,6.3528e+01,6.4292e+01,6.4851e+01,6.5395e+01,6.6022e+01,6.6352e+01,6.6784e+01,6.7300e+01,6.7238e+01,6.7295e+01,6.7295e+01,6.7216e+01,6.7330e+01,6.7528e+01,6.7722e+01
6.6095e+01,6.5910e+01,6.5863e+01,6.5572e+01,6.5346e+01,6.5174e+01,6.5037e+01,6.5050e+01,6.5059e+01,6.5176e+01,6.5237e+01,6.5432e+01,6.5539e+01,6.5406e+01,6.5624e+01,6.5718e+01,6.5998e+01,6.5726e+01,6.5717e+01,6.5710e+01,6.5295e+01,6.4829e+01,6.4373e+01,6.4085e+01,6.3788e+01,6.3433e+01,6.3083e+01,6.2772e+01,6.2175e+01,6.1611e+01,6.1140e+01,6.0616e+01,6.0032e+01,5.9499e+01,5.8956e+01,5.8311e+01,5.7772e+01,5.7331e+01,5.6956e+01,5.6530e+01,5.6689e+01,5.6865e+01,5.7225e+01,5.7430e+01,5.7443e+01,5.7768e+01,5.8294e+01,5.8079e+01,5.7674e+01,5.8393e+01,5.8732e+01,5.8688e+01,5.9063e+01,5.9642e+01,5.9956e+01,6.0505e+01,6.0942e+01,6.1389e+01,6.1913e+01,6.2488e+01,6.3142e+01,6.3905e+01,6.4462e+01,6.5003e+01,6.5631e+01,6.5964e+01,6.6396e+01,6.6908e+01,6.6843e+01,6.6892e+01,6.6886e+01,6.6806e+01,6.6923e+01,6.7128e+01,6.7325e+01
6.5821e+01,6.5635e+01,6.5587e+01,6.5295e+01,6.5070e+01,6.4901e+01,6.4766e+01,6.4781e+01,6.4795e+01,6.4918e+01,6.4986e+01,6.5185e+01,6.5290e+01,6.5157e+01,6.5375e+01,6.5468e+01,6.5748e+01,6.5480e+01,6.5471e+01,6.5470e+01,6.5053e+01,6.4590e+01,6.4134e+01,6.3836e+01,6.3533e+01,6.3183e+01,6.2835e+01,6.2519e+01,6.1917e+01,6.1351e+01,6.0880e+01,6.0356e+01,5.9771e+01,5.9237e+01,5.8690e+01,5.8040e+01,5.7490e+01,5.7048e+01,5.6662e+01,5.6240e+01,5.6394e+01,5.6575e+01,5.6929e+01,5.7123e+01,5.7128e+01,5.7442e+01,5.7980e+01,5.7771e+01,5.7359e+01,5.8080e+01,5.8427e+01,5.8380e+01,5.8757e+01,5.9334e+01,5.9638e+01,6.0183e+01,6.0621e+01,6.1069e+01,6.1585e+01,6.2160e+01,6.2813e+01,6.3574e+01,6.4126e+01,6.4669e+01,6.5299e+01,6.5636e+01,6.6075e+01,6.6590e+01,6.6528e+01,6.6579e+01,6.6569e+01,6.6489e+01,6.6604e+01,6.6811e+01,6.7010e+01
6.5794e+01,6.5608e+01,6.5564e+01,6.5276e+01,6.5052e+01,6.4888e+01,6.4754e+01,6.4767e+01,6.4782e+01,6.4904e+01,6.4971e+01,6.5171e+01,6.5279e+01,6.5154e+01,6.5377e+01,6.5475e+01,6.5756e+01,6.5494e+01,6.5485e+01,6.5492e+01,6.5077e+01,6.4617e+01,6.4158e+01,6.3858e+01,6.3565e+01,6.3232e+01,6.2902e+01,6.2598e+01,6.2003e+01,6.1445e+01,6.0990e+01,6.0478e+01,5.9898e+01,5.9374e+01,5.8842e+01,5.8202e+01,5.7667e+01,5.7235e+01,5.6860e+01,5.6455e+01,5.6622e+01,5.6825e+01,5.7179e+01,5.7378e+01,5.7378e+01,5.7693e+01,5.8229e+01,5.8015e+01,5.7599e+01,5.8325e+01,5.8678e+01,5.8634e+01,5.9012e+01,5.9583e+01,5.9876e+01,6.0418e+01,6.0855e+01,6.1295e+01,6.1804e+01,6.2369e+01,6.3011e+01,6.3757e+01,6.4298e+01,6.4829e+01,6.5447e+01,6.5775e+01,6.6204e+01,6.6706e+01,6.6642e+01,6.6681e+01,6.6661e+01,6.6572e+01,6.6687e+01,6.6900e+01,6.7103e+01
6.5424e+01,6.5232e+01,6.5183e+01,6.4894e+01,6.4669e+01,6.4507e+01,6.4368e+01,6.4380e+01,6.4397e+01,6.4522e+01,6.4590e+01,6.4794e+01,6.4905e+01,6.4788e+01,6.5017e+01,6.5124e+01,6.5410e+01,6.5153e+01,6.5146e+01,6.5166e+01,6.4746e+01,6.4283e+01,6.3814e+01,6.3501e+01,6.3208e+01,6.2878e+01,6.2553e+01,6.2250e+01,6.1652e+01,6.1097e+01,6.0643e+01,6.0134e+01,5.9554e+01,5.9038e+01,5.8507e+01,5.7869e+01,5.7333e+01,5.6909e+01,5.6528e+01,5.6132e+01,5.6293e+01,5.6509e+01,5.6858e+01,5.7053e+01,5.7047e+01,5.7358e+01,5.7894e+01,5.7675e+01,5.7245e+01,5.7966e+01,5.8327e+01,5.8285e+01,5.8664e+01,5.9231e+01,5.9527e+01,6.0066e+01,6.0501e+01,6.0941e+01,6.1449e+01,6.2011e+01,6.2650e+01,6.3392e+01,6.3933e+01,6.4465e+01,6.5087e+01,6.5418e+01,6.5848e+01,6.6347e+01,6.6285e+01,6.6326e+01,6.6308e+01,6.6218e+01,6.6333e+01,6.6550e+01,6.6756e+01
6.5276e+01,6.5079e+01,6.5031e+01,6.4747e+01,6.4523e+01,6.4365e+01,6.4228e+01,6.4236e+01,6.4257e+01,6.4388e+01,6.4454e+01,6.4658e+01,6.4770e+01,6.4657e+01,6.4891e+01,6.5002e+01,6.5292e+01,6.5041e+01,6.5035e+01,6.5064e+01,6.4643e+01,6.4183e+01,6.3707e+01,6.3392e+01,6.3105e+01,6.2790e+01,6.2481e+01,6.2185e+01,6.1595e+01,6.1044e+01,6.0593e+01,6.0089e+01,5.9513e+01,5.9009e+01,5.8485e+01,5.7854e+01,5.7319e+01,5.6898e+01,5.6517e+01,5.6115e+01,5.6272e+01,5.6495e+01,5.6841e+01,5.7040e+01,5.7021e+01,5.7335e+01,5.7874e+01,5.7650e+01,5.7210e+01,5.7931e+01,5.8293e+01,5.8256e+01,5.8631e+01,5.9195e+01,5.9493e+01,6.0026e+01,6.0461e+01,6.0906e+01,6.1415e+01,6.1973e+01,6.2609e+01,6.3344e+01,6.3884e+01,6.4416e+01,6.5035e+01,6.5367e+01,6.5798e+01,6.6292e+01,6.6233e+01,6.6274e+01,6.6255e+01,6.6165e+01,6.6284e+01,6.6503e+01,6.6710e+01
6.5257e+01,6.5063e+01,6.5015e+01,6.4737e+01,6.4513e+01,6.4357e+01,6.4219e+01,6.4218e+01,6.4247e+01,6.4384e+01,6.4445e+01,6.4652e+01,6.4768e+01,6.4666e+01,6.4911e+01,6.5028e+01,6.5323e+01,6.5075e+01,6.5074e+01,6.5108e+01,6.4687e+01,6.4224e+01,6.3740e+01,6.3422e+01,6.3137e+01,6.2833e+01,6.2531e+01,6.2240e+01,6.1654e+01,6.1115e+01,6.0671e+01,6.0180e+01,5.9607e+01,5.9113e+01,5.8596e+01,5.7967e+01,5.7433e+01,5.7017e+01,5.6636e+01,5.6238e+01,5.6391e+01,5.6622e+01,5.6965e+01,5.7163e+01,5.7137e+01,5.7445e+01,5.7984e+01,5.7759e+01,5.7318e+01,5.8029e+01,5.8393e+01,5.8358e+01,5.8729e+01,5.9289e+01,5.9589e+01,6.0111e+01,6.0540e+01,6.0983e+01,6.1483e+01,6.2035e+01,6.2664e+01,6.3386e+01,6.3921e+01,6.4450e+01,6.5064e+01,6.5395e+01,6.5824e+01,6.6313e+01,6.6255e+01,6.6297e+01,6.6280e+01,6.6187e+01,6.6307e+01,6.6526e+01,6.6732e+01
6.5345e+01,6.5150e+01,6.5105e+01,6.4833e+01,6.4612e+01,6.4459e+01,6.4325e+01,6.4325e+01,6.4363e+01,6.4502e+01,6.4566e+01,6.4774e+01,6.4886e+01,6.4789e+01,6.5034e+01,6.5153e+01,6.5446e+01,6.5198e+01,6.5197e+01,6.5236e+01,6.4817e+01,6.4356e+01,6.3873e+01,6.3553e+01,6.3272e+01,6.2978e+01,6.2682e+01,6.2396e+01,6.1820e+01,6.1285e+01,6.0847e+01,6.0364e+01,5.9790e+01,5.9304e+01,5.8792e+01,5.8163e+01,5.7631e+01,5.7217e+01,5.6844e+01,5.6442e+01,5.6597e+01,5.6829e+01,5.7163e+01,5.7360e+01,5.7328e+01,5.7626e+01,5.8157e+01,5.7931e+01,5.7493e+01,5.8196e+01,5.8550e+01,5.8517e+01,5.8882e+01,5.9429e+01,5.9726e+01,6.0239e+01,6.0667e+01,6.1107e+01,6.1605e+01,6.2153e+01,6.2779e+01,6.3488e+01,6.4020e+01,6.4544e+01,6.5149e+01,6.5480e+01,6.5904e+01,6.6384e+01,6.6328e+01,6.6370e+01,6.6346e+01,6.6246e+01,6.6372e+01,6.6599e+01,6.6808e+01
6.5528e+01,6.5336e+01,6.5293e+01,6.5027e+01,6.4810e+01,6.4665e+01,6.4536e+01,6.4531e+01,6.4575e+01,6.4719e+01,6.4783e+01,6.4994e+01,6.5111e+01,6.5025e+01,6.5275e+01,6.5400e+01,6.5696e+01,6.5455e+01,6.5466e+01,6.5514e+01,6.5099e+01,6.4647e+01,6.4160e+01,6.3841e+01,6.3565e+01,6.3279e+01,6.2990e+01,6.2715e+01,6.2155e+01,6.1635e+01,6.1206e+01,6.0736e+01,6.0170e+01,5.9697e+01,5.9199e+01,5.8581e+01,5.8058e+01,5.7650e+01,5.7287e+01,5.6898e+01,5.7056e+01,5.7301e+01,5.7638e+01,5.7830e+01,5.7795e+01,5.8086e+01,5.8606e+01,5.8380e+01,5.7944e+01,5.8634e+01,5.8987e+01,5.8957e+01,5.9317e+01,5.9854e+01,6.0153e+01,6.0653e+01,6.1079e+01,6.1515e+01,6.2008e+01,6.2548e+01,6.3165e+01,6.3861e+01,6.4385e+01,6.4908e+01,6.5509e+01,6.5839e+01,6.6261e+01,6.6738e+01,6.6684e+01,6.6729e+01,6.6707e+01,6.6611e+01,6.6742e+01,6.6969e+01,6.7180e+01
6.5974e+01,6.5783e+01,6.5741e+01,6.5481e+01,6.5266e+01,6.5121e+01,6.4990e+01,6.4982e+01,6.5034e+01,6.5179e+01,6.5240e+01,6.5452e+01,6.5571e+01,6.5488e+01,6.5744e+01,6.5877e+01,6.6174e+01,6.5936e+01,6.5945e+01,6.6000e+01,6.5590e+01,6.5137e+01,6.4650e+01,6.4329e+01,6.4063e+01,6.3787e+01,6.3503e+01,6.3240e+01,6.2688e+01,6.2181e+01,6.1768e+01,6.1314e+01,6.0761e+01,6.0299e+01,5.9824e+01,5.9224e+01,5.8727e+01,5.8340e+01,5.8000e+01,5.7629e+01,5.7797e+01,5.8056e+01,5.8393e+01,5.8578e+01,5.8548e+01,5.8828e+01,5.9341e+01,5.9128e+01,5.8711e+01,5.9393e+01,5.9741e+01,5.9717e+01,6.0077e+01,6.0611e+01,6.0911e+01,6.1408e+01,6.1834e+01,6.2265e+01,6.2747e+01,6.3278e+01,6.3887e+01,6.4564e+01,6.5076e+01,6.5590e+01,6.6176e+01,6.6501e+01,6.6916e+01,6.7380e+01,6.7329e+01,6.7371e+01,6.7349e+01,6.7255e+01,6.7390e+01,6.7619e+01,6.7831e+01
6.6435e+01,6.6245e+01,6.6206e+01,6.5951e+01,6.5738e+01,6.5598e+01,6.5471e+01,6.5462e+01,6.5519e+01,6.5665e+01,6.5724e+01,6.5934e+01,6.6050e+01,6.5974e+01,6.6230e+01,6.6367e+01,6.6668e+01,6.6438e+01,6.6456e+01,6.6519e+01,6.6114e+01,6.5661e+01,6.5178e+01,6.4854e+01,6.4594e+01,6.4327e+01,6.4045e+01,6.3792e+01,6.3255e+01,6.2764e+01,6.2359e+01,6.1920e+01,6.1375e+01,6.0928e+01,6.0468e+01,5.9887e+01,5.9401e+01,5.9024e+01,5.8696e+01,5.8330e+01,5.8499e+01,5.8758e+01,5.9087e+01,5.9269e+01,5.9240e+01,5.9511e+01,6.0005e+01,5.9787e+01,5.9383e+01,6.0049e+01,6.0381e+01,6.0359e+01,6.0711e+01,6.1236e+01,6.1531e+01,6.2017e+01,6.2438e+01,6.2866e+01,6.3341e+01,6.3867e+01,6.4466e+01,6.5131e+01,6.5633e+01,6.6141e+01,6.6719e+01,6.7041e+01,6.7453e+01,6.7909e+01,6.7855e+01,6.7895e+01,6.7872e+01,6.7779e+01,6.7914e+01,6.8139e+01,6.8349e+01
6.7189e+01,6.6998e+01,6.6960e+01,6.6708e+01,6.6497e+01,6.6356e+01,6.6234e+01,6.6225e+01,6.6283e+01,6.6427e+01,6.6482e+01,6.6689e+01,6.6803e+01,6.6731e+01,6.6990e+01,6.7132e+01,6.7436e+01,6.7218e+01,6.7236e+01,6.7301e+01,6.6904e+01,6.6457e+01,6.5975e+01,6.5649e+01,6.5394e+01,6.5133e+01,6.4856e+01,6.4603e+01,6.4078e+01,6.3601e+01,6.3204e+01,6.2778e+01,6.2243e+01,6.1806e+01,6.1362e+01,6.0797e+01,6.0328e+01,5.9966e+01,5.9651e+01,5.9297e+01,5.9467e+01,5.9730e+01,6.0050e+01,6.0230e+01,6.0207e+01,6.0462e+01,6.0935e+01,6.0720e+01,6.0337e+01,6.0985e+01,6.1305e+01,6.1282e+01,6.1627e+01,6.2148e+01,6.2441e+01,6.2919e+01,6.3336e+01,6.3764e+01,6.4224e+01,6.4742e+01,6.5337e+01,6.5982e+01,6.6473e+01,6.6972e+01,6.7537e+01,6.7849e+01,6.8250e+01,6.8693e+01,6.8634e+01,6.8670e+01,6.8642e+01,6.8549e+01,6.8683e+01,6.8909e+01,6.9118e+01
6.7984e+01,6.7794e+01,6.7760e+01,6.7513e+01,6.7303e+01,6.7165e+01,6.7044e+01,6.7033e+01,6.7089e+01,6.7227e+01,6.7278e+01,6.7477e+01,6.7590e+01,6.7523e+01,6.7781e+01,6.7922e+01,6.8225e+01,6.8015e+01,6.8037e+01,6.8106e+01,6.7716e+01,6.7272e+01,6.6793e+01,6.6466e+01,6.6215e+01,6.5965e+01,6.5695e+01,6.5441e+01,6.4928e+01,6.4461e+01,6.4075e+01,6.3661e+01,6.3137e+01,6.2708e+01,6.2270e+01,6.1713e+01,6.1245e+01,6.0887e+01,6.0572e+01,6.0219e+01,6.0382e+01,6.0641e+01,6.0947e+01,6.1122e+01,6.1099e+01,6.1341e+01,6.1796e+01,6.1576e+01,6.1203e+01,6.1832e+01,6.2137e+01,6.2106e+01,6.2438e+01,6.2947e+01,6.3235e+01,6.3699e+01,6.4104e+01,6.4525e+01,6.4970e+01,6.5479e+01,6.6059e+01,6.6685e+01,6.7160e+01,6.7642e+01,6.8191e+01,6.8492e+01,6.8879e+01,6.9309e+01,6.9246e+01,6.9282e+01,6.9254e+01,6.9164e+01,6.9297e+01,6.9518e+01,6.9727e+01
6.8390e+01,6.8197e+01,6.8163e+01,6.7919e+01,6.7708e+01,6.7574e+01,6.7455e+01,6.7441e+01,6.7498e+01,6.7636e+01,6.7686e+01,6.7886e+01,6.7995e+01,6.7933e+01,6.8187e+01,6.8325e+01,6.8625e+01,6.8415e+01,6.8439e+01,6.8511e+01,6.8122e+01,6.7678e+01,6.7200e+01,6.6869e+01,6.6620e+01,6.6380e+01,6.6116e+01,6.5876e+01,6.5379e+01,6.4926e+01,6.4547e+01,6.4144e+01,6.3627e+01,6.3205e+01,6.2779e+01,6.2235e+01,6.1778e+01,6.1428e+01,6.1122e+01,6.0770e+01,6.0932e+01,6.1188e+01,6.1481e+01,6.1647e+01,6.1619e+01,6.1857e+01,6.2306e+01,6.2085e+01,6.1720e+01,6.2341e+01,6.2644e+01,6.2617e+01,6.2947e+01,6.3451e+01,6.3740e+01,6.4196e+01,6.4594e+01,6.5011e+01,6.5447e+01,6.5948e+01,6.6521e+01,6.7142e+01,6.7605e+01,6.8080e+01,6.8620e+01,6.8914e+01,6.9299e+01,6.9721e+01,6.9659e+01,6.9697e+01,6.9672e+01,6.9584e+01,6.9720e+01,6.9939e+01,7.0149e+01
6.8254e+01,6.8065e+01,6.8031e+01,6.7784e+01,6.7571e+01,6.7436e+01,6.7316e+01,6.7300e+01,6.7359e+01,6.7497e+01,6.7553e+01,6.7758e+01,6.7870e+01,6.7814e+01,6.8069e+01,6.8205e+01,6.8509e+01,6.8300e+01,6.8329e+01,6.8410e+01,6.8023e+01,6.7575e+01,6.7094e+01,6.6757e+01,6.6514e+01,6.6280e+01,6.6024e+01,6.5790e+01,6.5299e+01,6.4855e+01,6.4486e+01,6.4093e+01,6.3581e+01,6.3166e+01,6.2747e+01,6.2210e+01,6.1757e+01,6.1405e+01,6.1102e+01,6.0747e+01,6.0908e+01,6.1161e+01,6.1449e+01,6.1605e+01,6.1566e+01,6.1806e+01,6.2260e+01,6.2043e+01,6.1673e+01,6.2296e+01,6.2605e+01,6.2583e+01,6.2912e+01,6.3410e+01,6.3691e+01,6.4141e+01,6.4536e+01,6.4951e+01,6.5383e+01,6.5885e+01,6.6452e+01,6.7070e+01,6.7529e+01,6.7996e+01,6.8533e+01,6.8829e+01,6.9211e+01,6.9630e+01,6.9567e+01,6.9601e+01,6.9574e+01,6.9485e+01,6.9622e+01,6.9848e+01,7.0063e+01
6.8508e+01,6.8321e+01,6.8290e+01,6.8043e+01,6.7826e+01,6.7689e+01,6.7569e+01,6.7551e+01,6.7612e+01,6.7749e+01,6.7805e+01,6.8012e+01,6.8126e+01,6.8074e+01,6.8330e+01,6.8467e+01,6.8771e+01,6.8566e+01,6.8599e+01,6.8688e+01,6.8302e+01,6.7859e+01,6.7381e+01,6.7040e+01,6.6801e+01,6.6579e+01,6.6335e+01,6.6110e+01,6.5632e+01,6.5199e+01,6.4838e+01,6.4462e+01,6.3956e+01,6.3551e+01,6.3135e+01,6.2605e+01,6.2151e+01,6.1793e+01,6.1487e+01,6.1126e+01,6.1280e+01,6.1530e+01,6.1812e+01,6.1960e+01,6.1913e+01,6.2156e+01,6.2617e+01,6.2409e+01,6.2039e+01,6.2656e+01,6.2967e+01,6.2950e+01,6.3273e+01,6.3764e+01,6.4038e+01,6.4481e+01,6.4867e+01,6.5276e+01,6.5701e+01,6.6199e+01,6.6757e+01,6.7371e+01,6.7826e+01,6.8284e+01,6.8814e+01,6.9110e+01,6.9482e+01,6.9895e+01,6.9827e+01,6.9859e+01,6.9830e+01,6.9741e+01,6.9881e+01,7.0109e+01,7.0327e+01
6.8284e+01,6.8097e+01,6.8066e+01,6.7819e+01,6.7601e+01,6.7466e+01,6.7350e+01,6.7332e+01,6.7393e+01,6.7531e+01,6.7591e+01,6.7804e+01,6.7923e+01,6.7877e+01,6.8133e+01,6.8270e+01,6.8579e+01,6.8380e+01,6.8419e+01,6.8515e+01,6.8131e+01,6.7685e+01,6.7211e+01,6.6871e+01,6.6641e+01,6.6426e+01,6.6192e+01,6.5968e+01,6.5496e+01,6.5066e+01,6.4713e+01,6.4343e+01,6.3838e+01,6.3434e+01,6.3018e+01,6.2485e+01,6.2028e+01,6.1667e+01,6.1361e+01,6.0996e+01,6.1141e+01,6.1387e+01,6.1659e+01,6.1804e+01,6.1752e+01,6.1991e+01,6.2447e+01,6.2235e+01,6.1869e+01,6.2487e+01,6.2800e+01,6.2787e+01,6.3108e+01,6.3591e+01,6.3862e+01,6.4303e+01,6.4683e+01,6.5097e+01,6.5518e+01,6.6015e+01,6.6573e+01,6.7182e+01,6.7636e+01,6.8089e+01,6.8622e+01,6.8920e+01,6.9288e+01,6.9698e+01,6.9627e+01,6.9655e+01,6.9623e+01,6.9534e+01,6.9677e+01,6.9910e+01,7.0135e+01
6.8157e+01,6.7966e+01,6.7933e+01,6.7686e+01,6.7469e+01,6.7338e+01,6.7224e+01,6.7204e+01,6.7266e+01,6.7408e+01,6.7467e+01,6.7683e+01,6.7803e+01,6.7761e+01,6.8015e+01,6.8148e+01,6.8460e+01,6.8259e+01,6.8305e+01,6.8404e+01,6.8017e+01,6.7563e+01,6.7089e+01,6.6746e+01,6.6521e+01,6.6309e+01,6.6080e+01,6.5864e+01,6.5398e+01,6.4969e+01,6.4619e+01,6.4251e+01,6.3746e+01,6.3348e+01,6.2936e+01,6.2405e+01,6.1953e+01,6.1589e+01,6.1283e+01,6.0910e+01,6.1049e+01,6.1288e+01,6.1551e+01,6.1692e+01,6.1638e+01,6.1873e+01,6.2325e+01,6.2117e+01,6.1761e+01,6.2378e+01,6.2685e+01,6.2677e+01,6.2995e+01,6.3471e+01,6.3734e+01,6.4165e+01,6.4544e+01,6.4960e+01,6.5378e+01,6.5875e+01,6.6431e+01,6.7038e+01,6.7492e+01,6.7945e+01,6.8481e+01,6.8787e+01,6.9153e+01,6.9564e+01,6.9497e+01,6.9525e+01,6.9496e+01,6.9412e+01,6.9560e+01,6.9796e+01,7.0026e+01
6.8135e+01,6.7939e+01,6.7902e+01,6.7651e+01,6.7436e+01,6.7302e+01,6.7193e+01,6.7174e+01,6.7234e+01,6.7377e+01,6.7443e+01,6.7662e+01,6.7782e+01,6.7743e+01,6.7996e+01,6.8125e+01,6.8439e+01,6.8240e+01,6.8293e+01,6.8395e+01,6.8011e+01,6.7557e+01,6.7089e+01,6.6755e+01,6.6545e+01,6.6336e+01,6.6110e+01,6.5898e+01,6.5438e+01,6.5013e+01,6.4668e+01,6.4305e+01,6.3805e+01,6.3411e+01,6.3005e+01,6.2474e+01,6.2023e+01,6.1656e+01,6.1353e+01,6.0983e+01,6.1115e+01,6.1355e+01,6.1614e+01,6.1747e+01,6.1690e+01,6.1921e+01,6.2375e+01,6.2171e+01,6.1815e+01,6.2428e+01,6.2736e+01,6.2730e+01,6.3051e+01,6.3523e+01,6.3783e+01,6.4210e+01,6.4589e+01,6.5009e+01,6.5425e+01,6.5924e+01,6.6480e+01,6.7084e+01,6.7539e+01,6.7993e+01,6.8533e+01,6.8843e+01,6.9209e+01,6.9619e+01,6.9555e+01,6.9582e+01,6.9556e+01,6.9473e+01,6.9622e+01,6.9856e+01,7.0088e+01
6.8196e+01,6.8002e+01,6.7970e+01,6.7719e+01,6.7506e+01,6.7374e+01,6.7269e+01,6.7249e+01,6.7305e+01,6.7441e+01,6.7504e+01,6.7722e+01,6.7843e+01,6.7803e+01,6.8052e+01,6.8181e+01,6.8495e+01,6.8301e+01,6.8355e+01,6.8460e+01,6.8080e+01,6.7622e+01,6.7163e+01,6.6834e+01,6.6634e+01,6.6429e+01,6.6210e+01,6.5996e+01,6.5544e+01,6.5118e+01,6.4774e+01,6.4411e+01,6.3909e+01,6.3517e+01,6.3109e+01,6.2575e+01,6.2125e+01,6.1754e+01,6.1447e+01,6.1072e+01,6.1193e+01,6.1429e+01,6.1683e+01,6.1809e+01,6.1751e+01,6.1977e+01,6.2423e+01,6.2213e+01,6.1867e+01,6.2476e+01,6.2780e+01,6.2780e+01,6.3101e+01,6.3565e+01,6.3823e+01,6.4246e+01,6.4624e+01,6.5045e+01,6.5457e+01,6.5953e+01,6.6507e+01,6.7105e+01,6.7559e+01,6.8007e+01,6.8546e+01,6.8856e+01,6.9215e+01,6.9621e+01,6.9553e+01,6.9575e+01,6.9548e+01,6.9468e+01,6.9623e+01,6.9862e+01,7.0104e+01
6.8286e+01,6.8089e+01,6.8055e+01,6.7804e+01,6.7590e+01,6.7460e+01,6.7355e+01,6.7331e+01,6.7385e+01,6.7524e+01,6.7586e+01,6.7805e+01,6.7925e+01,6.7889e+01,6.8136e+01,6.8262e+01,6.8575e+01,6.8378e+01,6.8432e+01,6.8536e+01,6.8149e+01,6.7685e+01,6.7224e+01,6.6888e+01,6.6687e+01,6.6481e+01,6.6262e+01,6.6051e+01,6.5599e+01,6.5172e+01,6.4829e+01,6.4470e+01,6.3971e+01,6.3579e+01,6.3176e+01,6.2644e+01,6.2199e+01,6.1822e+01,6.1516e+01,6.1134e+01,6.1254e+01,6.1484e+01,6.1730e+01,6.1853e+01,6.1802e+01,6.2025e+01,6.2463e+01,6.2254e+01,6.1921e+01,6.2528e+01,6.2819e+01,6.2822e+01,6.3141e+01,6.3596e+01,6.3841e+01,6.4257e+01,6.4629e+01,6.5044e+01,6.5449e+01,6.5937e+01,6.6485e+01,6.7076e+01,6.7528e+01,6.7969e+01,6.8503e+01,6.8812e+01,6.9167e+01,6.9569e+01,6.9505e+01,6.9527e+01,6.9503e+01,6.9431e+01,6.9590e+01,6.9830e+01,7.0075e+01
6.8439e+01,6.8237e+01,6.8203e+01,6.7954e+01,6.7743e+01,6.7619e+01,6.7515e+01,6.7488e+01,6.7544e+01,6.7682e+01,6.7744e+01,6.7962e+01,6.8082e+01,6.8051e+01,6.8299e+01,6.8423e+01,6.8735e+01,6.8538e+01,6.8599e+01,6.8707e+01,6.8322e+01,6.7855e+01,6.7400e+01,6.7060e+01,6.6857e+01,6.6646e+01,6.6428e+01,6.6212e+01,6.5766e+01,6.5341e+01,6.5002e+01,6.4644e+01,6.4149e+01,6.3758e+01,6.3358e+01,6.2829e+01,6.2388e+01,6.2012e+01,6.1711e+01,6.1329e+01,6.1443e+01,6.1673e+01,6.1913e+01,6.2029e+01,6.1983e+01,6.2201e+01,6.2642e+01,6.2440e+01,6.2119e+01,6.2721e+01,6.3005e+01,6.3008e+01,6.3327e+01,6.3773e+01,6.4013e+01,6.4423e+01,6.4795e+01,6.5209e+01,6.5609e+01,6.6093e+01,6.6638e+01,6.7226e+01,6.7675e+01,6.8111e+01,6.8642e+01,6.8950e+01,6.9299e+01,6.9697e+01,6.9634e+01,6.9656e+01,6.9635e+01,6.9565e+01,6.9729e+01,6.9975e+01,7.0226e+01
6.8297e+01,6.8093e+01,6.8056e+01,6.7806e+01,6.7595e+01,6.7467e+01,6.7362e+01,6.7331e+01,6.7385e+01,6.7528e+01,6.7586e+01,6.7809e+01,6.7935e+01,6.7910e+01,6.8164e+01,6.8295e+01,6.8609e+01,6.8415e+01,6.8474e+01,6.8583e+01,6.8200e+01,6.7731e+01,6.7280e+01,6.6940e+01,6.6740e+01,6.6523e+01,6.6307e+01,6.6093e+01,6.5648e+01,6.5230e+01,6.4889e+01,6.4531e+01,6.4039e+01,6.3645e+01,6.3252e+01,6.2725e+01,6.2293e+01,6.1921e+01,6.1622e+01,6.1237e+01,6.1352e+01,6.1582e+01,6.1822e+01,6.1937e+01,6.1900e+01,6.2115e+01,6.2554e+01,6.2355e+01,6.2045e+01,6.2650e+01,6.2926e+01,6.2923e+01,6.3241e+01,6.3686e+01,6.3924e+01,6.4328e+01,6.4703e+01,6.5123e+01,6.5521e+01,6.6006e+01,6.6546e+01,6.7128e+01,6.7573e+01,6.8006e+01,6.8525e+01,6.8828e+01,6.9174e+01,6.9568e+01,6.9507e+01,6.9523e+01,6.9500e+01,6.9432e+01,6.9600e+01,6.9852e+01,7.0110e+01
6.8151e+01,6.7939e+01,6.7902e+01,6.7652e+01,6.7441e+01,6.7315e+01,6.7209e+01,6.7176e+01,6.7231e+01,6.7376e+01,6.7432e+01,6.7655e+01,6.7778e+01,6.7753e+01,6.8005e+01,6.8134e+01,6.8444e+01,6.8250e+01,6.8312e+01,6.8420e+01,6.8038e+01,6.7572e+01,6.7125e+01,6.6783e+01,6.6585e+01,6.6365e+01,6.6152e+01,6.5937e+01,6.5500e+01,6.5087e+01,6.4743e+01,6.4384e+01,6.3896e+01,6.3503e+01,6.3113e+01,6.2592e+01,6.2163e+01,6.1796e+01,6.1504e+01,6.1116e+01,6.1226e+01,6.1451e+01,6.1685e+01,6.1795e+01,6.1760e+01,6.1969e+01,6.2412e+01,6.2217e+01,6.1913e+01,6.2518e+01,6.2795e+01,6.2783e+01,6.3101e+01,6.3552e+01,6.3787e+01,6.4184e+01,6.4563e+01,6.4987e+01,6.5385e+01,6.5868e+01,6.6410e+01,6.6985e+01,6.7425e+01,6.7855e+01,6.8365e+01,6.8663e+01,6.9009e+01,6.9400e+01,6.9343e+01,6.9357e+01,6.9332e+01,6.9262e+01,6.9432e+01,6.9689e+01,6.9953e+01
6.8210e+01,6.7998e+01,6.7961e+01,6.7714e+01,6.7500e+01,6.7372e+01,6.7264e+01,6.7228e+01,6.7279e+01,6.7424e+01,6.7480e+01,6.7700e+01,6.7820e+01,6.7795e+01,6.8048e+01,6.8177e+01,6.8488e+01,6.8296e+01,6.8358e+01,6.8462e+01,6.8078e+01,6.7610e+01,6.7160e+01,6.6814e+01,6.6618e+01,6.6397e+01,6.6186e+01,6.5973e+01,6.5546e+01,6.5137e+01,6.4789e+01,6.4435e+01,6.3951e+01,6.3554e+01,6.3166e+01,6.2644e+01,6.2216e+01,6.1848e+01,6.1564e+01,6.1174e+01,6.1278e+01,6.1498e+01,6.1724e+01,6.1827e+01,6.1798e+01,6.2002e+01,6.2445e+01,6.2258e+01,6.1964e+01,6.2567e+01,6.2843e+01,6.2823e+01,6.3142e+01,6.3596e+01,6.3825e+01,6.4210e+01,6.4593e+01,6.5020e+01,6.5412e+01,6.5889e+01,6.6428e+01,6.6996e+01,6.7433e+01,6.7862e+01,6.8361e+01,6.8655e+01,6.9005e+01,6.9395e+01,6.9342e+01,6.9357e+01,6.9335e+01,6.9268e+01,6.9439e+01,6.9695e+01,6.9962e+01
6.8179e+01,6.7965e+01,6.7928e+01,6.7678e+01,6.7458e+01,6.7330e+01,6.7222e+01,6.7187e+01,6.7239e+01,6.7387e+01,6.7444e+01,6.7667e+01,6.7787e+01,6.7762e+01,6.8016e+01,6.8151e+01,6.8461e+01,6.8271e+01,6.8335e+01,6.8440e+01,6.8058e+01,6.7596e+01,6.7145e+01,6.6796e+01,6.6601e+01,6.6375e+01,6.6169e+01,6.5963e+01,6.5537e+01,6.5125e+01,6.4782e+01,6.4426e+01,6.3945e+01,6.3545e+01,6.3163e+01,6.2639e+01,6.2216e+01,6.1851e+01,6.1569e+01,6.1181e+01,6.1283e+01,6.1502e+01,6.1725e+01,6.1821e+01,6.1797e+01,6.1996e+01,6.2440e+01,6.2261e+01,6.1976e+01,6.2576e+01,6.2851e+01,6.2823e+01,6.3136e+01,6.3591e+01,6.3818e+01,6.4200e+01,6.4587e+01,6.5021e+01,6.5415e+01,6.5895e+01,6.6432e+01,6.6999e+01,6.7436e+01,6.7865e+01,6.8358e+01,6.8648e+01,6.8998e+01,6.9389e+01,6.9337e+01,6.9348e+01,6.9322e+01,6.9253e+01,6.9426e+01,6.9690e+01,6.9965e+01
6.8197e+01,6.7979e+01,6.7942e+01,6.7692e+01,6.7474e+01,6.7348e+01,6.7242e+01,6.7202e+01,6.7251e+01,6.7399e+01,6.7451e+01,6.7675e+01,6.7795e+01,6.7769e+01,6.8024e+01,6.8159e+01,6.8468e+01,6.8279e+01,6.8349e+01,6.8457e+01,6.8077e+01,6.7619e+01,6.7171e+01,6.6819e+01,6.6630e+01,6.6405e+01,6.6203e+01,6.5998e+01,6.5579e+01,6.5172e+01,6.4834e+01,6.4486e+01,6.4016e+01,6.3622e+01,6.3248e+01,6.2734e+01,6.2322e+01,6.1969e+01,6.1693e+01,6.1314e+01,6.1417e+01,6.1641e+01,6.1867e+01,6.1962e+01,6.1944e+01,6.2144e+01,6.2592e+01,6.2416e+01,6.2137e+01,6.2735e+01,6.3009e+01,6.2979e+01,6.3298e+01,6.3754e+01,6.3977e+01,6.4356e+01,6.4745e+01,6.5179e+01,6.5569e+01,6.6046e+01,6.6578e+01,6.7138e+01,6.7571e+01,6.7997e+01,6.8480e+01,6.8763e+01,6.9116e+01,6.9504e+01,6.9454e+01,6.9461e+01,6.9431e+01,6.9360e+01,6.9532e+01,6.9798e+01,7.0076e+01
6.8257e+01,6.8035e+01,6.7997e+01,6.7745e+01,6.7523e+01,6.7402e+01,6.7296e+01,6.7253e+01,6.7301e+01,6.7445e+01,6.7497e+01,6.7722e+01,6.7840e+01,6.7809e+01,6.8060e+01,6.8196e+01,6.8505e+01,6.8320e+01,6.8390e+01,6.8501e+01,6.8123e+01,6.7670e+01,6.7226e+01,6.6871e+01,6.6682e+01,6.6459e+01,6.6261e+01,6.6054e+01,6.5642e+01,6.5237e+01,6.4899e+01,6.4557e+01,6.4087e+01,6.3699e+01,6.3326e+01,6.2813e+01,6.2407e+01,6.2058e+01,6.1786e+01,6.1409e+01,6.1510e+01,6.1733e+01,6.1962e+01,6.2054e+01,6.2038e+01,6.2233e+01,6.2682e+01,6.2508e+01,6.2234e+01,6.2829e+01,6.3102e+01,6.3065e+01,6.3385e+01,6.3843e+01,6.4063e+01,6.4439e+01,6.4829e+01,6.5261e+01,6.5648e+01,6.6122e+01,6.6657e+01,6.7211e+01,6.7643e+01,6.8073e+01,6.8552e+01,6.8836e+01,6.9196e+01,6.9589e+01,6.9547e+01,6.9557e+01,6.9528e+01,6.9461e+01,6.9633e+01,6.9905e+01,7.0181e+01
6.8408e+01,6.8181e+01,6.8141e+01,6.7886e+01,6.7662e+01,6.7542e+01,6.7432e+01,6.7385e+01,6.7430e+01,6.7573e+01,6.7622e+01,6.7848e+01,6.7959e+01,6.7923e+01,6.8170e+01,6.8306e+01,6.8612e+01,6.8426e+01,6.8498e+01,6.8610e+01,6.8234e+01,6.7787e+01,6.7349e+01,6.6995e+01,6.6813e+01,6.6592e+01,6.6398e+01,6.6195e+01,6.5793e+01,6.5392e+01,6.5062e+01,6.4728e+01,6.4267e+01,6.3884e+01,6.3518e+01,6.3010e+01,6.2615e+01,6.2272e+01,6.2003e+01,6.1635e+01,6.1735e+01,6.1961e+01,6.2196e+01,6.2284e+01,6.2270e+01,6.2470e+01,6.2922e+01,6.2748e+01,6.2475e+01,6.3064e+01,6.3336e+01,6.3296e+01,6.3620e+01,6.4082e+01,6.4304e+01,6.4681e+01,6.5073e+01,6.5505e+01,6.5892e+01,6.6362e+01,6.6896e+01,6.7446e+01,6.7878e+01,6.8310e+01,6.8788e+01,6.9069e+01,6.9431e+01,6.9827e+01,6.9789e+01,6.9796e+01,6.9770e+01,6.9709e+01,6.9878e+01,7.0144e+01,7.0414e+01
6.8618e+01,6.8386e+01,6.8346e+01,6.8089e+01,6.7863e+01,6.7747e+01,6.7639e+01,6.7585e+01,6.7629e+01,6.7771e+01,6.7816e+01,6.8044e+01,6.8147e+01,6.8108e+01,6.8343e+01,6.8470e+01,6.8766e+01,6.8576e+01,6.8648e+01,6.8758e+01,6.8384e+01,6.7941e+01,6.7512e+01,6.7156e+01,6.6976e+01,6.6756e+01,6.6561e+01,6.6358e+01,6.5963e+01,6.5568e+01,6.5242e+01,6.4916e+01,6.4457e+01,6.4077e+01,6.3716e+01,6.3212e+01,6.2825e+01,6.2489e+01,6.2222e+01,6.1857e+01,6.1958e+01,6.2184e+01,6.2422e+01,6.2513e+01,6.2501e+01,6.2700e+01,6.3152e+01,6.2975e+01,6.2706e+01,6.3290e+01,6.3557e+01,6.3511e+01,6.3836e+01,6.4299e+01,6.4520e+01,6.4896e+01,6.5286e+01,6.5712e+01,6.6096e+01,6.6562e+01,6.7094e+01,6.7639e+01,6.8070e+01,6.8500e+01,6.8976e+01,6.9258e+01,6.9621e+01,7.0021e+01,6.9988e+01,6.9997e+01,6.9976e+01,6.9924e+01,7.0089e+01,7.0351e+01,7.0614e+01
6.8838e+01,6.8603e+01,6.8563e+01,6.8309e+01,6.8081e+01,6.7969e+01,6.7859e+01,6.7801e+01,6.7846e+01,6.7995e+01,6.8043e+01,6.8277e+01,6.8374e+01,6.8332e+01,6.8563e+01,6.8682e+01,6.8975e+01,6.8781e+01,6.8850e+01,6.8960e+01,6.8585e+01,6.8140e+01,6.7708e+01,6.7351e+01,6.7174e+01,6.6961e+01,6.6766e+01,6.6568e+01,6.6181e+01,6.5791e+01,6.5470e+01,6.5151e+01,6.4700e+01,6.4324e+01,6.3969e+01,6.3471e+01,6.3093e+01,6.2762e+01,6.2504e+01,6.2144e+01,6.2251e+01,6.2481e+01,6.2722e+01,6.2815e+01,6.2804e+01,6.3005e+01,6.3455e+01,6.3274e+01,6.3006e+01,6.3590e+01,6.3853e+01,6.3797e+01,6.4121e+01,6.4588e+01,6.4809e+01,6.5183e+01,6.5571e+01,6.5992e+01,6.6372e+01,6.6833e+01,6.7363e+01,6.7902e+01,6.8321e+01,6.8748e+01,6.9221e+01,6.9503e+01,6.9863e+01,7.0265e+01,7.0236e+01,7.0250e+01,7.0239e+01,7.0198e+01,7.0366e+01,7.0623e+01,7.0880e+01
6.9133e+01,6.8899e+01,6.8864e+01,6.8614e+01,6.8386e+01,6.8274e+01,6.8165e+01,6.8099e+01,6.8143e+01,6.8296e+01,6.8346e+01,6.8584e+01,6.8674e+01,6.8627e+01,6.8855e+01,6.8967e+01,6.9254e+01,6.9061e+01,6.9126e+01,6.9235e+01,6.8863e+01,6.8418e+01,6.7984e+01,6.7623e+01,6.7441e+01,6.7229e+01,6.7030e+01,6.6834e+01,6.6451e+01,6.6067e+01,6.5747e+01,6.5438e+01,6.4989e+01,6.4617e+01,6.4261e+01,6.3767e+01,6.3392e+01,6.3065e+01,6.2809e+01,6.2451e+01,6.2561e+01,6.2790e+01,6.3031e+01,6.3124e+01,6.3112e+01,6.3313e+01,6.3765e+01,6.3581e+01,6.3315e+01,6.3892e+01,6.4150e+01,6.4082e+01,6.4400e+01,6.4860e+01,6.5076e+01,6.5445e+01,6.5828e+01,6.6242e+01,6.6621e+01,6.7081e+01,6.7608e+01,6.8143e+01,6.8558e+01,6.8982e+01,6.9451e+01,6.9732e+01,7.0093e+01,7.0497e+01,7.0472e+01,7.0485e+01,7.0480e+01,7.0447e+01,7.0613e+01,7.0863e+01,7.1114e+01
6.9434e+01,6.9198e+01,6.9159e+01,6.8914e+01,6.8687e+01,6.8581e+01,6.8473e+01,6.8402e+01,6.8445e+01,6.8599e+01,6.8652e+01,6.8889e+01,6.8973e+01,6.8924e+01,6.9147e+01,6.9250e+01,6.9532e+01,6.9337e+01,6.9402e+01,6.9508e+01,6.9137e+01,6.8698e+01,6.8262e+01,6.7889e+01,6.7701e+01,6.7494e+01,6.7298e+01,6.7102e+01,6.6728e+01,6.6349e+01,6.6030e+01,6.5722e+01,6.5271e+01,6.4899e+01,6.4541e+01,6.4048e+01,6.3670e+01,6.3346e+01,6.3094e+01,6.2739e+01,6.2853e+01,6.3082e+01,6.3327e+01,6.3423e+01,6.3413e+01,6.3620e+01,6.4077e+01,6.3894e+01,6.3625e+01,6.4197e+01,6.4449e+01,6.4373e+01,6.4688e+01,6.5144e+01,6.5357e+01,6.5724e+01,6.6108e+01,6.6519e+01,6.6896e+01,6.7357e+01,6.7885e+01,6.8416e+01,6.8828e+01,6.9252e+01,6.9717e+01,6.9996e+01,7.0360e+01,7.0766e+01,7.0743e+01,7.0755e+01,7.0754e+01,7.0726e+01,7.0897e+01,7.1142e+01,7.1393e+01
6.9741e+01,6.9507e+01,6.9468e+01,6.9228e+01,6.9005e+01,6.8900e+01,6.8797e+01,6.8722e+01,6.8762e+01,6.8915e+01,6.8968e+01,6.9199e+01,6.9279e+01,6.9228e+01,6.9444e+01,6.9541e+01,6.9819e+01,6.9629e+01,6.9695e+01,6.9798e+01,6.9430e+01,6.8997e+01,6.8559e+01,6.8179e+01,6.7972e+01,6.7758e+01,6.7554e+01,6.7354e+01,6.6985e+01,6.6608e+01,6.6284e+01,6.5977e+01,6.5524e+01,6.5150e+01,6.4792e+01,6.4302e+01,6.3928e+01,6.3608e+01,6.3356e+01,6.3003e+01,6.3118e+01,6.3345e+01,6.3591e+01,6.3690e+01,6.3678e+01,6.3890e+01,6.4351e+01,6.4168e+01,6.3897e+01,6.4465e+01,6.4711e+01,6.4629e+01,6.4941e+01,6.5393e+01,6.5599e+01,6.5965e+01,6.6343e+01,6.6747e+01,6.7121e+01,6.7579e+01,6.8108e+01,6.8635e+01,6.9048e+01,6.9472e+01,6.9936e+01,7.0214e+01,7.0582e+01,7.0995e+01,7.0976e+01,7.0990e+01,7.0994e+01,7.0968e+01,7.1138e+01,7.1377e+01,7.1625e+01
