1.0221e+02,1.0201e+02,1.0187e+02,1.0167e+02,1.0154e+02,1.0144e+02,1.0133e+02,1.0136e+02,1.0111e+02,1.0078e+02,1.0042e+02,1.0006e+02,9.9690e+01,9.9568e+01,9.9467e+01,9.9441e+01,9.8993e+01,9.8779e+01,9.8978e+01,9.8871e+01,9.8705e+01,9.8565e+01,9.7984e+01,9.8004e+01,9.7602e+01,9.7441e+01,9.6919e+01,9.6622e+01,9.6390e+01,9.6416e+01,9.6371e+01,9.6108e+01,9.5922e+01,9.5971e+01,9.5677e+01,9.5532e+01,9.4858e+01,9.4527e+01,9.4117e+01,9.3913e+01,9.3952e+01,9.3803e+01,9.3604e+01,9.4231e+01,9.4347e+01,9.4020e+01,9.4022e+01,9.4578e+01,9.4554e+01,9.4717e+01,9.5279e+01,9.5981e+01,9.6031e+01,9.6140e+01,9.6468e+01,9.6769e+01,9.6646e+01,9.6266e+01,9.6890e+01,9.7139e+01,9.7959e+01,9.8298e+01,9.8305e+01,9.8968e+01,9.8699e+01,9.9320e+01,9.9209e+01,9.9878e+01,1.0086e+02,1.0166e+02,1.0197e+02,1.0221e+02,1.0317e+02,1.0376e+02,1.0405e+02,1.0396e+02,1.0484e+02,1.0518e+02,1.0606e+02,1.0569e+02,1.0700e+02,1.0787e+02,1.0942e+02,1.1060e+02,1.1181e+02,1.1345e+02,1.1414e+02,1.1576e+02,1.1580e+02,1.1713e+02,1.1929e+02,1.2061e+02,1.2231e+02,1.2406e+02,1.2597e+02,1.2711e+02,1.2857e+02,1.2965e+02,1.2907e+02,1.2885e+02,1.2887e+02,1.3006e+02,1.2951e+02,1.2926e+02,1.2906e+02,1.2966e+02,1.2964e+02,1.2990e+02,1.3029e+02,1.3099e+02,1.3150e+02,1.3228e+02,1.3295e+02,1.3336e+02,1.3334e+02,1.3365e+02,1.3410e+02,1.3444e+02,1.3479e+02,1.3536e+02,1.3594e+02,1.3645e+02,1.3695e+02,1.3758e+02,1.3787e+02,1.3812e+02,1.3861e+02,1.3879e+02,1.3905e+02,1.3903e+02,1.3889e+02
1.0207e+02,1.0187e+02,1.0173e+02,1.0152e+02,1.0139e+02,1.0129e+02,1.0117e+02,1.0121e+02,1.0095e+02,1.0063e+02,1.0027e+02,9.9899e+01,9.9532e+01,9.9410e+01,9.9311e+01,9.9288e+01,9.8841e+01,9.8625e+01,9.8824e+01,9.8719e+01,9.8554e+01,9.8414e+01,9.7831e+01,9.7851e+01,9.7448e+01,9.7285e+01,9.6761e+01,9.6461e+01,9.6229e+01,9.6256e+01,9.6211e+01,9.5945e+01,9.5757e+01,9.5807e+01,9.5513e+01,9.5366e+01,9.4693e+01,9.4359e+01,9.3949e+01,9.3745e+01,9.3784e+01,9.3636e+01,9.3437e+01,9.4066e+01,9.4184e+01,9.3855e+01,9.3857e+01,9.4416e+01,9.4391e+01,9.4555e+01,9.5118e+01,9.5821e+01,9.5873e+01,9.5984e+01,9.6314e+01,9.6617e+01,9.6494e+01,9.6113e+01,9.6739e+01,9.6989e+01,9.7811e+01,9.8149e+01,9.8154e+01,9.8817e+01,9.8545e+01,9.9165e+01,9.9051e+01,9.9719e+01,1.0071e+02,1.0150e+02,1.0182e+02,1.0206e+02,1.0302e+02,1.0361e+02,1.0389e+02,1.0380e+02,1.0468e+02,1.0503e+02,1.0591e+02,1.0554e+02,1.0686e+02,1.0772e+02,1.0928e+02,1.1047e+02,1.1168e+02,1.1332e+02,1.1401e+02,1.1564e+02,1.1567e+02,1.1700e+02,1.1917e+02,1.2049e+02,1.2220e+02,1.2395e+02,1.2587e+02,1.2701e+02,1.2847e+02,1.2955e+02,1.2897e+02,1.2875e+02,1.2877e+02,1.2996e+02,1.2942e+02,1.2917e+02,1.2896e+02,1.2957e+02,1.2954e+02,1.2981e+02,1.3019e+02,1.3089e+02,1.3141e+02,1.3219e+02,1.3286e+02,1.3328e+02,1.3325e+02,1.3356e+02,1.3401e+02,1.3435e+02,1.3470e+02,1.3528e+02,1.3586e+02,1.3638e+02,1.3687e+02,1.3750e+02,1.3779e+02,1.3804e+02,1.3854e+02,1.3872e+02,1.3898e+02,1.3895e+02,1.3881e+02
1.0207e+02,1.0187e+02,1.0172e+02,1.0152e+02,1.0139e+02,1.0129e+02,1.0117e+02,1.0120e+02,1.0094e+02,1.0062e+02,1.0026e+02,9.9890e+01,9.9521e+01,9.9398e+01,9.9300e+01,9.9277e+01,9.8831e+01,9.8613e+01,9.8812e+01,9.8708e+01,9.8544e+01,9.8403e+01,9.7819e+01,9.7839e+01,9.7434e+01,9.7269e+01,9.6744e+01,9.6443e+01,9.6212e+01,9.6240e+01,9.6195e+01,9.5929e+01,9.5740e+01,9.5789e+01,9.5494e+01,9.5348e+01,9.4675e+01,9.4340e+01,9.3931e+01,9.3727e+01,9.3768e+01,9.3619e+01,9.3420e+01,9.4054e+01,9.4175e+01,9.3846e+01,9.3848e+01,9.4410e+01,9.4385e+01,9.4548e+01,9.5112e+01,9.5816e+01,9.5870e+01,9.5980e+01,9.6311e+01,9.6617e+01,9.6494e+01,9.6109e+01,9.6736e+01,9.6986e+01,9.7809e+01,9.8145e+01,9.8149e+01,9.8811e+01,9.8537e+01,9.9156e+01,9.9041e+01,9.9707e+01,1.0069e+02,1.0149e+02,1.0180e+02,1.0205e+02,1.0301e+02,1.0360e+02,1.0388e+02,1.0379e+02,1.0467e+02,1.0502e+02,1.0590e+02,1.0553e+02,1.0685e+02,1.0771e+02,1.0927e+02,1.1045e+02,1.1166e+02,1.1331e+02,1.1400e+02,1.1562e+02,1.1565e+02,1.1699e+02,1.1916e+02,1.2048e+02,1.2219e+02,1.2393e+02,1.2585e+02,1.2699e+02,1.2845e+02,1.2954e+02,1.2896e+02,1.2874e+02,1.2876e+02,1.2995e+02,1.2941e+02,1.2916e+02,1.2895e+02,1.2956e+02,1.2953e+02,1.2979e+02,1.3018e+02,1.3088e+02,1.3139e+02,1.3218e+02,1.3285e+02,1.3326e+02,1.3324e+02,1.3355e+02,1.3400e+02,1.3434e+02,1.3469e+02,1.3527e+02,1.3585e+02,1.3636e+02,1.3686e+02,1.3749e+02,1.3778e+02,1.3803e+02,1.3852e+02,1.3870e+02,1.3896e+02,1.3893e+02,1.3879e+02
1.0156e+02,1.0136e+02,1.0122e+02,1.0102e+02,1.0089e+02,1.0079e+02,1.0067e+02,1.0070e+02,1.0044e+02,1.0011e+02,9.9747e+01,9.9375e+01,9.9004e+01,9.8880e+01,9.8780e+01,9.8753e+01,9.8306e+01,9.8085e+01,9.8284e+01,9.8179e+01,9.8013e+01,9.7873e+01,9.7286e+01,9.7306e+01,9.6898e+01,9.6733e+01,9.6203e+01,9.5900e+01,9.5667e+01,9.5695e+01,9.5650e+01,9.5382e+01,9.5193e+01,9.5242e+01,9.4945e+01,9.4799e+01,9.4123e+01,9.3787e+01,9.3376e+01,9.3170e+01,9.3211e+01,9.3061e+01,9.2859e+01,9.3496e+01,9.3615e+01,9.3281e+01,9.3281e+01,9.3845e+01,9.3818e+01,9.3980e+01,9.4546e+01,9.5253e+01,9.5308e+01,9.5420e+01,9.5754e+01,9.6061e+01,9.5938e+01,9.5553e+01,9.6183e+01,9.6435e+01,9.7261e+01,9.7600e+01,9.7605e+01,9.8271e+01,9.7999e+01,9.8623e+01,9.8509e+01,9.9180e+01,1.0017e+02,1.0097e+02,1.0128e+02,1.0152e+02,1.0249e+02,1.0308e+02,1.0336e+02,1.0327e+02,1.0416e+02,1.0450e+02,1.0538e+02,1.0501e+02,1.0633e+02,1.0720e+02,1.0876e+02,1.0995e+02,1.1116e+02,1.1281e+02,1.1350e+02,1.1513e+02,1.1515e+02,1.1650e+02,1.1867e+02,1.2000e+02,1.2171e+02,1.2346e+02,1.2538e+02,1.2652e+02,1.2799e+02,1.2908e+02,1.2850e+02,1.2828e+02,1.2830e+02,1.2949e+02,1.2895e+02,1.2870e+02,1.2849e+02,1.2910e+02,1.2907e+02,1.2934e+02,1.2972e+02,1.3043e+02,1.3094e+02,1.3173e+02,1.3240e+02,1.3282e+02,1.3279e+02,1.3311e+02,1.3356e+02,1.3390e+02,1.3425e+02,1.3483e+02,1.3542e+02,1.3593e+02,1.3643e+02,1.3706e+02,1.3735e+02,1.3760e+02,1.3810e+02,1.3828e+02,1.3854e+02,1.3851e+02,1.3837e+02
1.0144e+02,1.0124e+02,1.0110e+02,1.0089e+02,1.0076e+02,1.0066e+02,1.0054e+02,1.0057e+02,1.0031e+02,9.9979e+01,9.9613e+01,9.9241e+01,9.8868e+01,9.8745e+01,9.8645e+01,9.8616e+01,9.8169e+01,9.7948e+01,9.8150e+01,9.8045e+01,9.7879e+01,9.7737e+01,9.7148e+01,9.7168e+01,9.6756e+01,9.6590e+01,9.6057e+01,9.5750e+01,9.5515e+01,9.5541e+01,9.5496e+01,9.5226e+01,9.5039e+01,9.5088e+01,9.4787e+01,9.4643e+01,9.3966e+01,9.3629e+01,9.3216e+01,9.3009e+01,9.3048e+01,9.2895e+01,9.2691e+01,9.3328e+01,9.3450e+01,9.3116e+01,9.3119e+01,9.3685e+01,9.3660e+01,9.3824e+01,9.4394e+01,9.5105e+01,9.5160e+01,9.5272e+01,9.5608e+01,9.5915e+01,9.5791e+01,9.5405e+01,9.6037e+01,9.6289e+01,9.7117e+01,9.7457e+01,9.7462e+01,9.8130e+01,9.7858e+01,9.8485e+01,9.8372e+01,9.9044e+01,1.0003e+02,1.0083e+02,1.0115e+02,1.0139e+02,1.0236e+02,1.0295e+02,1.0324e+02,1.0314e+02,1.0402e+02,1.0437e+02,1.0525e+02,1.0488e+02,1.0620e+02,1.0707e+02,1.0863e+02,1.0982e+02,1.1103e+02,1.1268e+02,1.1338e+02,1.1500e+02,1.1503e+02,1.1637e+02,1.1854e+02,1.1987e+02,1.2158e+02,1.2333e+02,1.2526e+02,1.2640e+02,1.2786e+02,1.2895e+02,1.2838e+02,1.2816e+02,1.2818e+02,1.2938e+02,1.2884e+02,1.2859e+02,1.2838e+02,1.2899e+02,1.2897e+02,1.2923e+02,1.2962e+02,1.3033e+02,1.3084e+02,1.3163e+02,1.3230e+02,1.3272e+02,1.3269e+02,1.3301e+02,1.3346e+02,1.3380e+02,1.3415e+02,1.3473e+02,1.3532e+02,1.3583e+02,1.3633e+02,1.3696e+02,1.3725e+02,1.3751e+02,1.3800e+02,1.3818e+02,1.3844e+02,1.3842e+02,1.3827e+02
1.0127e+02,1.0107e+02,1.0093e+02,1.0073e+02,1.0060e+02,1.0049e+02,1.0037e+02,1.0041e+02,1.0014e+02,9.9813e+01,9.9444e+01,9.9070e+01,9.8697e+01,9.8572e+01,9.8470e+01,9.8439e+01,9.7989e+01,9.7766e+01,9.7969e+01,9.7865e+01,9.7698e+01,9.7556e+01,9.6965e+01,9.6987e+01,9.6573e+01,9.6407e+01,9.5875e+01,9.5567e+01,9.5330e+01,9.5356e+01,9.5310e+01,9.5041e+01,9.4850e+01,9.4899e+01,9.4598e+01,9.4455e+01,9.3778e+01,9.3438e+01,9.3027e+01,9.2821e+01,9.2863e+01,9.2709e+01,9.2508e+01,9.3147e+01,9.3272e+01,9.2940e+01,9.2942e+01,9.3511e+01,9.3488e+01,9.3651e+01,9.4223e+01,9.4934e+01,9.4986e+01,9.5097e+01,9.5430e+01,9.5737e+01,9.5608e+01,9.5219e+01,9.5849e+01,9.6097e+01,9.6923e+01,9.7261e+01,9.7262e+01,9.7928e+01,9.7657e+01,9.8283e+01,9.8167e+01,9.8837e+01,9.9826e+01,1.0062e+02,1.0094e+02,1.0118e+02,1.0214e+02,1.0273e+02,1.0302e+02,1.0293e+02,1.0381e+02,1.0416e+02,1.0505e+02,1.0467e+02,1.0599e+02,1.0686e+02,1.0842e+02,1.0961e+02,1.1083e+02,1.1247e+02,1.1317e+02,1.1479e+02,1.1482e+02,1.1616e+02,1.1834e+02,1.1967e+02,1.2138e+02,1.2313e+02,1.2506e+02,1.2620e+02,1.2767e+02,1.2876e+02,1.2818e+02,1.2796e+02,1.2798e+02,1.2918e+02,1.2864e+02,1.2839e+02,1.2818e+02,1.2879e+02,1.2877e+02,1.2904e+02,1.2943e+02,1.3014e+02,1.3066e+02,1.3145e+02,1.3212e+02,1.3254e+02,1.3251e+02,1.3282e+02,1.3328e+02,1.3362e+02,1.3397e+02,1.3455e+02,1.3514e+02,1.3566e+02,1.3615e+02,1.3679e+02,1.3708e+02,1.3733e+02,1.3783e+02,1.3801e+02,1.3827e+02,1.3824e+02,1.3810e+02
1.0064e+02,1.0044e+02,1.0030e+02,1.0010e+02,9.9970e+01,9.9866e+01,9.9746e+01,9.9784e+01,9.9512e+01,9.9179e+01,9.8805e+01,9.8427e+01,9.8050e+01,9.7926e+01,9.7822e+01,9.7790e+01,9.7337e+01,9.7111e+01,9.7312e+01,9.7208e+01,9.7041e+01,9.6902e+01,9.6309e+01,9.6329e+01,9.5913e+01,9.5749e+01,9.5213e+01,9.4905e+01,9.4666e+01,9.4691e+01,9.4644e+01,9.4373e+01,9.4182e+01,9.4230e+01,9.3928e+01,9.3786e+01,9.3107e+01,9.2766e+01,9.2354e+01,9.2144e+01,9.2187e+01,9.2031e+01,9.1828e+01,9.2470e+01,9.2592e+01,9.2258e+01,9.2259e+01,9.2830e+01,9.2804e+01,9.2967e+01,9.3540e+01,9.4255e+01,9.4306e+01,9.4417e+01,9.4751e+01,9.5057e+01,9.4927e+01,9.4536e+01,9.5167e+01,9.5414e+01,9.6241e+01,9.6582e+01,9.6582e+01,9.7252e+01,9.6985e+01,9.7616e+01,9.7501e+01,9.8174e+01,9.9167e+01,9.9965e+01,1.0028e+02,1.0052e+02,1.0148e+02,1.0207e+02,1.0236e+02,1.0227e+02,1.0315e+02,1.0350e+02,1.0438e+02,1.0401e+02,1.0533e+02,1.0620e+02,1.0777e+02,1.0895e+02,1.1017e+02,1.1182e+02,1.1252e+02,1.1414e+02,1.1417e+02,1.1552e+02,1.1770e+02,1.1903e+02,1.2075e+02,1.2251e+02,1.2444e+02,1.2558e+02,1.2705e+02,1.2815e+02,1.2757e+02,1.2735e+02,1.2737e+02,1.2858e+02,1.2804e+02,1.2779e+02,1.2758e+02,1.2820e+02,1.2818e+02,1.2845e+02,1.2883e+02,1.2955e+02,1.3007e+02,1.3087e+02,1.3154e+02,1.3196e+02,1.3193e+02,1.3225e+02,1.3270e+02,1.3305e+02,1.3341e+02,1.3399e+02,1.3458e+02,1.3510e+02,1.3560e+02,1.3624e+02,1.3653e+02,1.3679e+02,1.3729e+02,1.3747e+02,1.3773e+02,1.3770e+02,1.3756e+02
9.9690e+01,9.9486e+01,9.9347e+01,9.9142e+01,9.9015e+01,9.8910e+01,9.8789e+01,9.8829e+01,9.8554e+01,9.8213e+01,9.7832e+01,9.7450e+01,9.7069e+01,9.6942e+01,9.6834e+01,9.6804e+01,9.6343e+01,9.6113e+01,9.6307e+01,9.6199e+01,9.6030e+01,9.5892e+01,9.5298e+01,9.5316e+01,9.4894e+01,9.4733e+01,9.4195e+01,9.3890e+01,9.3652e+01,9.3675e+01,9.3632e+01,9.3354e+01,9.3162e+01,9.3216e+01,9.2915e+01,9.2767e+01,9.2082e+01,9.1741e+01,9.1327e+01,9.1113e+01,9.1156e+01,9.1001e+01,9.0794e+01,9.1438e+01,9.1555e+01,9.1214e+01,9.1212e+01,9.1783e+01,9.1756e+01,9.1918e+01,9.2493e+01,9.3211e+01,9.3262e+01,9.3374e+01,9.3711e+01,9.4017e+01,9.3885e+01,9.3492e+01,9.4127e+01,9.4373e+01,9.5205e+01,9.5549e+01,9.5548e+01,9.6222e+01,9.5958e+01,9.6597e+01,9.6482e+01,9.7160e+01,9.8158e+01,9.8958e+01,9.9267e+01,9.9505e+01,1.0047e+02,1.0106e+02,1.0135e+02,1.0125e+02,1.0214e+02,1.0250e+02,1.0338e+02,1.0300e+02,1.0433e+02,1.0520e+02,1.0677e+02,1.0796e+02,1.0919e+02,1.1084e+02,1.1154e+02,1.1317e+02,1.1320e+02,1.1455e+02,1.1674e+02,1.1808e+02,1.1981e+02,1.2157e+02,1.2351e+02,1.2466e+02,1.2614e+02,1.2724e+02,1.2666e+02,1.2644e+02,1.2647e+02,1.2769e+02,1.2715e+02,1.2690e+02,1.2669e+02,1.2732e+02,1.2729e+02,1.2756e+02,1.2795e+02,1.2868e+02,1.2920e+02,1.3000e+02,1.3068e+02,1.3111e+02,1.3108e+02,1.3140e+02,1.3186e+02,1.3220e+02,1.3257e+02,1.3315e+02,1.3375e+02,1.3428e+02,1.3478e+02,1.3542e+02,1.3572e+02,1.3597e+02,1.3648e+02,1.3666e+02,1.3693e+02,1.3690e+02,1.3676e+02
9.8931e+01,9.8726e+01,9.8587e+01,9.8383e+01,9.8259e+01,9.8156e+01,9.8035e+01,9.8079e+01,9.7800e+01,9.7455e+01,9.7066e+01,9.6678e+01,9.6294e+01,9.6165e+01,9.6054e+01,9.6023e+01,9.5555e+01,9.5321e+01,9.5512e+01,9.5402e+01,9.5230e+01,9.5095e+01,9.4501e+01,9.4519e+01,9.4094e+01,9.3934e+01,9.3392e+01,9.3090e+01,9.2853e+01,9.2874e+01,9.2832e+01,9.2548e+01,9.2355e+01,9.2414e+01,9.2114e+01,9.1962e+01,9.1273e+01,9.0932e+01,9.0518e+01,9.0301e+01,9.0344e+01,9.0189e+01,8.9980e+01,9.0628e+01,9.0741e+01,9.0396e+01,9.0391e+01,9.0963e+01,9.0937e+01,9.1098e+01,9.1675e+01,9.2396e+01,9.2444e+01,9.2555e+01,9.2893e+01,9.3200e+01,9.3065e+01,9.2668e+01,9.3304e+01,9.3549e+01,9.4384e+01,9.4728e+01,9.4726e+01,9.5403e+01,9.5141e+01,9.5785e+01,9.5673e+01,9.6354e+01,9.7354e+01,9.8156e+01,9.8466e+01,9.8702e+01,9.9672e+01,1.0026e+02,1.0055e+02,1.0046e+02,1.0135e+02,1.0171e+02,1.0259e+02,1.0221e+02,1.0354e+02,1.0441e+02,1.0598e+02,1.0718e+02,1.0840e+02,1.1006e+02,1.1076e+02,1.1240e+02,1.1243e+02,1.1379e+02,1.1598e+02,1.1732e+02,1.1905e+02,1.2082e+02,1.2276e+02,1.2391e+02,1.2540e+02,1.2651e+02,1.2592e+02,1.2570e+02,1.2573e+02,1.2695e+02,1.2641e+02,1.2616e+02,1.2595e+02,1.2658e+02,1.2656e+02,1.2682e+02,1.2722e+02,1.2794e+02,1.2847e+02,1.2927e+02,1.2996e+02,1.3038e+02,1.3036e+02,1.3068e+02,1.3114e+02,1.3149e+02,1.3186e+02,1.3245e+02,1.3305e+02,1.3358e+02,1.3408e+02,1.3473e+02,1.3503e+02,1.3529e+02,1.3579e+02,1.3598e+02,1.3625e+02,1.3622e+02,1.3608e+02
9.8052e+01,9.7846e+01,9.7709e+01,9.7505e+01,9.7381e+01,9.7279e+01,9.7157e+01,9.7204e+01,9.6920e+01,9.6567e+01,9.6171e+01,9.5778e+01,9.5390e+01,9.5259e+01,9.5144e+01,9.5115e+01,9.4642e+01,9.4403e+01,9.4587e+01,9.4474e+01,9.4301e+01,9.4166e+01,9.3572e+01,9.3589e+01,9.3160e+01,9.3005e+01,9.2462e+01,9.2166e+01,9.1930e+01,9.1951e+01,9.1913e+01,9.1625e+01,9.1429e+01,9.1493e+01,9.1196e+01,9.1039e+01,9.0342e+01,9.0000e+01,8.9584e+01,8.9365e+01,8.9408e+01,8.9257e+01,8.9046e+01,8.9695e+01,8.9800e+01,8.9449e+01,8.9438e+01,9.0009e+01,8.9980e+01,9.0138e+01,9.0717e+01,9.1438e+01,9.1483e+01,9.1593e+01,9.1933e+01,9.2238e+01,9.2099e+01,9.1702e+01,9.2338e+01,9.2581e+01,9.3417e+01,9.3765e+01,9.3762e+01,9.4443e+01,9.4186e+01,9.4838e+01,9.4727e+01,9.5413e+01,9.6417e+01,9.7220e+01,9.7527e+01,9.7757e+01,9.8730e+01,9.9319e+01,9.9613e+01,9.9518e+01,1.0041e+02,1.0077e+02,1.0165e+02,1.0127e+02,1.0260e+02,1.0347e+02,1.0505e+02,1.0624e+02,1.0747e+02,1.0913e+02,1.0984e+02,1.1148e+02,1.1152e+02,1.1288e+02,1.1508e+02,1.1642e+02,1.1816e+02,1.1994e+02,1.2189e+02,1.2304e+02,1.2454e+02,1.2565e+02,1.2507e+02,1.2484e+02,1.2487e+02,1.2610e+02,1.2556e+02,1.2531e+02,1.2510e+02,1.2573e+02,1.2571e+02,1.2598e+02,1.2637e+02,1.2711e+02,1.2764e+02,1.2845e+02,1.2913e+02,1.2956e+02,1.2954e+02,1.2986e+02,1.3033e+02,1.3068e+02,1.3105e+02,1.3165e+02,1.3225e+02,1.3279e+02,1.3329e+02,1.3394e+02,1.3424e+02,1.3450e+02,1.3501e+02,1.3521e+02,1.3548e+02,1.3545e+02,1.3530e+02
9.7061e+01,9.6854e+01,9.6717e+01,9.6514e+01,9.6392e+01,9.6293e+01,9.6173e+01,9.6226e+01,9.5937e+01,9.5576e+01,9.5170e+01,9.4770e+01,9.4377e+01,9.4243e+01,9.4123e+01,9.4094e+01,9.3614e+01,9.3376e+01,9.3552e+01,9.3433e+01,9.3255e+01,9.3120e+01,9.2523e+01,9.2536e+01,9.2103e+01,9.1948e+01,9.1404e+01,9.1112e+01,9.0879e+01,9.0898e+01,9.0863e+01,9.0573e+01,9.0377e+01,9.0446e+01,9.0153e+01,8.9996e+01,8.9297e+01,8.8957e+01,8.8543e+01,8.8324e+01,8.8368e+01,8.8221e+01,8.8009e+01,8.8661e+01,8.8758e+01,8.8402e+01,8.8385e+01,8.8954e+01,8.8924e+01,8.9075e+01,8.9656e+01,9.0376e+01,9.0416e+01,9.0523e+01,9.0860e+01,9.1163e+01,9.1019e+01,9.0618e+01,9.1253e+01,9.1492e+01,9.2328e+01,9.2675e+01,9.2670e+01,9.3353e+01,9.3102e+01,9.3758e+01,9.3650e+01,9.4339e+01,9.5344e+01,9.6148e+01,9.6452e+01,9.6676e+01,9.7650e+01,9.8237e+01,9.8532e+01,9.8437e+01,9.9327e+01,9.9693e+01,1.0058e+02,1.0018e+02,1.0151e+02,1.0239e+02,1.0397e+02,1.0517e+02,1.0640e+02,1.0807e+02,1.0877e+02,1.1042e+02,1.1046e+02,1.1182e+02,1.1403e+02,1.1538e+02,1.1713e+02,1.1892e+02,1.2088e+02,1.2204e+02,1.2355e+02,1.2467e+02,1.2408e+02,1.2385e+02,1.2389e+02,1.2512e+02,1.2458e+02,1.2433e+02,1.2411e+02,1.2475e+02,1.2472e+02,1.2500e+02,1.2539e+02,1.2613e+02,1.2667e+02,1.2748e+02,1.2817e+02,1.2860e+02,1.2858e+02,1.2891e+02,1.2938e+02,1.2974e+02,1.3011e+02,1.3072e+02,1.3132e+02,1.3186e+02,1.3237e+02,1.3303e+02,1.3333e+02,1.3359e+02,1.3411e+02,1.3431e+02,1.3458e+02,1.3456e+02,1.3441e+02
9.6077e+01,9.5869e+01,9.5734e+01,9.5528e+01,9.5405e+01,9.5307e+01,9.5189e+01,9.5248e+01,9.4955e+01,9.4585e+01,9.4170e+01,9.3764e+01,9.3368e+01,9.3230e+01,9.3103e+01,9.3075e+01,9.2592e+01,9.2353e+01,9.2521e+01,9.2398e+01,9.2217e+01,9.2084e+01,9.1486e+01,9.1498e+01,9.1062e+01,9.0909e+01,9.0362e+01,9.0072e+01,8.9841e+01,8.9861e+01,8.9831e+01,8.9538e+01,8.9341e+01,8.9415e+01,8.9128e+01,8.8969e+01,8.8269e+01,8.7933e+01,8.7521e+01,8.7304e+01,8.7351e+01,8.7209e+01,8.6994e+01,8.7646e+01,8.7730e+01,8.7365e+01,8.7338e+01,8.7902e+01,8.7870e+01,8.8013e+01,8.8595e+01,8.9312e+01,8.9346e+01,8.9452e+01,8.9785e+01,9.0085e+01,8.9940e+01,8.9537e+01,9.0171e+01,9.0411e+01,9.1247e+01,9.1596e+01,9.1593e+01,9.2279e+01,9.2033e+01,9.2695e+01,9.2592e+01,9.3285e+01,9.4294e+01,9.5100e+01,9.5403e+01,9.5620e+01,9.6597e+01,9.7182e+01,9.7481e+01,9.7385e+01,9.8275e+01,9.8645e+01,9.9525e+01,9.9126e+01,1.0046e+02,1.0134e+02,1.0292e+02,1.0412e+02,1.0536e+02,1.0703e+02,1.0774e+02,1.0940e+02,1.0943e+02,1.1081e+02,1.1303e+02,1.1438e+02,1.1614e+02,1.1794e+02,1.1991e+02,1.2108e+02,1.2260e+02,1.2372e+02,1.2313e+02,1.2289e+02,1.2294e+02,1.2418e+02,1.2364e+02,1.2339e+02,1.2317e+02,1.2381e+02,1.2378e+02,1.2405e+02,1.2445e+02,1.2519e+02,1.2573e+02,1.2655e+02,1.2725e+02,1.2768e+02,1.2766e+02,1.2799e+02,1.2846e+02,1.2882e+02,1.2920e+02,1.2981e+02,1.3042e+02,1.3096e+02,1.3147e+02,1.3213e+02,1.3244e+02,1.3270e+02,1.3322e+02,1.3342e+02,1.3370e+02,1.3368e+02,1.3352e+02
9.4921e+01,9.4710e+01,9.4576e+01,9.4372e+01,9.4251e+01,9.4154e+01,9.4039e+01,9.4104e+01,9.3805e+01,9.3428e+01,9.3003e+01,9.2589e+01,9.2189e+01,9.2048e+01,9.1915e+01,9.1885e+01,9.1395e+01,9.1154e+01,9.1314e+01,9.1185e+01,9.1001e+01,9.0869e+01,9.0269e+01,9.0278e+01,8.9839e+01,8.9689e+01,8.9139e+01,8.8857e+01,8.8629e+01,8.8646e+01,8.8620e+01,8.8327e+01,8.8132e+01,8.8210e+01,8.7930e+01,8.7772e+01,8.7072e+01,8.6739e+01,8.6330e+01,8.6114e+01,8.6163e+01,8.6026e+01,8.5810e+01,8.6466e+01,8.6537e+01,8.6162e+01,8.6125e+01,8.6684e+01,8.6646e+01,8.6776e+01,8.7360e+01,8.8074e+01,8.8099e+01,8.8202e+01,8.8527e+01,8.8823e+01,8.8673e+01,8.8264e+01,8.8892e+01,8.9127e+01,8.9960e+01,9.0309e+01,9.0304e+01,9.0990e+01,9.0754e+01,9.1423e+01,9.1325e+01,9.2021e+01,9.3029e+01,9.3834e+01,9.4134e+01,9.4340e+01,9.5318e+01,9.5899e+01,9.6203e+01,9.6107e+01,9.6994e+01,9.7371e+01,9.8244e+01,9.7836e+01,9.9166e+01,1.0004e+02,1.0163e+02,1.0283e+02,1.0407e+02,1.0575e+02,1.0646e+02,1.0812e+02,1.0815e+02,1.0953e+02,1.1176e+02,1.1312e+02,1.1489e+02,1.1670e+02,1.1867e+02,1.1985e+02,1.2139e+02,1.2251e+02,1.2192e+02,1.2168e+02,1.2173e+02,1.2298e+02,1.2244e+02,1.2218e+02,1.2196e+02,1.2260e+02,1.2257e+02,1.2285e+02,1.2325e+02,1.2400e+02,1.2454e+02,1.2537e+02,1.2607e+02,1.2650e+02,1.2648e+02,1.2682e+02,1.2729e+02,1.2766e+02,1.2805e+02,1.2866e+02,1.2927e+02,1.2982e+02,1.3034e+02,1.3101e+02,1.3132e+02,1.3159e+02,1.3211e+02,1.3231e+02,1.3260e+02,1.3257e+02,1.3242e+02
9.4040e+01,9.3828e+01,9.3697e+01,9.3493e+01,9.3375e+01,9.3281e+01,9.3167e+01,9.3239e+01,9.2934e+01,9.2546e+01,9.2113e+01,9.1692e+01,9.1288e+01,9.1143e+01,9.1005e+01,9.0976e+01,9.0483e+01,9.0240e+01,9.0390e+01,9.0257e+01,9.0071e+01,8.9940e+01,8.9339e+01,8.9347e+01,8.8903e+01,8.8757e+01,8.8206e+01,8.7928e+01,8.7703e+01,8.7722e+01,8.7702e+01,8.7406e+01,8.7210e+01,8.7295e+01,8.7021e+01,8.6860e+01,8.6158e+01,8.5826e+01,8.5419e+01,8.5208e+01,8.5259e+01,8.5127e+01,8.4913e+01,8.5568e+01,8.5628e+01,8.5251e+01,8.5204e+01,8.5757e+01,8.5720e+01,8.5841e+01,8.6426e+01,8.7136e+01,8.7151e+01,8.7250e+01,8.7568e+01,8.7858e+01,8.7702e+01,8.7290e+01,8.7913e+01,8.8144e+01,8.8975e+01,8.9323e+01,8.9315e+01,9.0002e+01,8.9772e+01,9.0443e+01,9.0348e+01,9.1045e+01,9.2053e+01,9.2856e+01,9.3152e+01,9.3350e+01,9.4327e+01,9.4904e+01,9.5209e+01,9.5112e+01,9.5997e+01,9.6377e+01,9.7248e+01,9.6836e+01,9.8166e+01,9.9044e+01,1.0064e+02,1.0184e+02,1.0308e+02,1.0476e+02,1.0547e+02,1.0714e+02,1.0717e+02,1.0856e+02,1.1080e+02,1.1217e+02,1.1394e+02,1.1576e+02,1.1774e+02,1.1893e+02,1.2047e+02,1.2161e+02,1.2101e+02,1.2077e+02,1.2082e+02,1.2208e+02,1.2154e+02,1.2128e+02,1.2106e+02,1.2170e+02,1.2167e+02,1.2195e+02,1.2235e+02,1.2310e+02,1.2365e+02,1.2448e+02,1.2518e+02,1.2562e+02,1.2561e+02,1.2594e+02,1.2642e+02,1.2679e+02,1.2719e+02,1.2780e+02,1.2842e+02,1.2897e+02,1.2949e+02,1.3017e+02,1.3048e+02,1.3075e+02,1.3128e+02,1.3148e+02,1.3177e+02,1.3175e+02,1.3159e+02
9.3027e+01,9.2813e+01,9.2683e+01,9.2481e+01,9.2365e+01,9.2274e+01,9.2160e+01,9.2235e+01,9.1923e+01,9.1529e+01,9.1084e+01,9.0659e+01,9.0253e+01,9.0105e+01,8.9961e+01,8.9930e+01,8.9431e+01,8.9187e+01,8.9328e+01,8.9187e+01,8.8995e+01,8.8865e+01,8.8259e+01,8.8263e+01,8.7814e+01,8.7672e+01,8.7118e+01,8.6847e+01,8.6626e+01,8.6641e+01,8.6628e+01,8.6330e+01,8.6136e+01,8.6232e+01,8.5966e+01,8.5801e+01,8.5098e+01,8.4772e+01,8.4371e+01,8.4162e+01,8.4215e+01,8.4089e+01,8.3878e+01,8.4532e+01,8.4581e+01,8.4200e+01,8.4143e+01,8.4688e+01,8.4647e+01,8.4756e+01,8.5340e+01,8.6045e+01,8.6049e+01,8.6145e+01,8.6456e+01,8.6738e+01,8.6575e+01,8.6161e+01,8.6780e+01,8.7005e+01,8.7833e+01,8.8181e+01,8.8169e+01,8.8855e+01,8.8634e+01,8.9311e+01,8.9217e+01,8.9913e+01,9.0922e+01,9.1720e+01,9.2008e+01,9.2195e+01,9.3170e+01,9.3741e+01,9.4046e+01,9.3949e+01,9.4829e+01,9.5212e+01,9.6078e+01,9.5662e+01,9.6990e+01,9.7868e+01,9.9458e+01,1.0066e+02,1.0191e+02,1.0359e+02,1.0430e+02,1.0596e+02,1.0600e+02,1.0738e+02,1.0963e+02,1.1100e+02,1.1278e+02,1.1461e+02,1.1660e+02,1.1780e+02,1.1935e+02,1.2049e+02,1.1990e+02,1.1965e+02,1.1972e+02,1.2099e+02,1.2045e+02,1.2019e+02,1.1996e+02,1.2061e+02,1.2058e+02,1.2086e+02,1.2127e+02,1.2203e+02,1.2259e+02,1.2342e+02,1.2413e+02,1.2457e+02,1.2456e+02,1.2490e+02,1.2538e+02,1.2576e+02,1.2616e+02,1.2678e+02,1.2740e+02,1.2796e+02,1.2849e+02,1.2917e+02,1.2949e+02,1.2976e+02,1.3030e+02,1.3051e+02,1.3080e+02,1.3078e+02,1.3062e+02
9.2038e+01,9.1824e+01,9.1695e+01,9.1493e+01,9.1375e+01,9.1283e+01,9.1170e+01,9.1246e+01,9.0929e+01,9.0533e+01,9.0080e+01,8.9654e+01,8.9247e+01,8.9101e+01,8.8953e+01,8.8920e+01,8.8415e+01,8.8169e+01,8.8308e+01,8.8169e+01,8.7974e+01,8.7843e+01,8.7234e+01,8.7238e+01,8.6784e+01,8.6642e+01,8.6086e+01,8.5816e+01,8.5595e+01,8.5608e+01,8.5596e+01,8.5300e+01,8.5111e+01,8.5210e+01,8.4949e+01,8.4789e+01,8.4089e+01,8.3767e+01,8.3362e+01,8.3150e+01,8.3199e+01,8.3074e+01,8.2859e+01,8.3505e+01,8.3539e+01,8.3150e+01,8.3087e+01,8.3624e+01,8.3579e+01,8.3681e+01,8.4267e+01,8.4972e+01,8.4974e+01,8.5078e+01,8.5388e+01,8.5665e+01,8.5504e+01,8.5095e+01,8.5718e+01,8.5944e+01,8.6778e+01,8.7131e+01,8.7121e+01,8.7815e+01,8.7601e+01,8.8286e+01,8.8197e+01,8.8901e+01,8.9915e+01,9.0717e+01,9.1004e+01,9.1185e+01,9.2165e+01,9.2735e+01,9.3043e+01,9.2945e+01,9.3826e+01,9.4214e+01,9.5076e+01,9.4653e+01,9.5983e+01,9.6863e+01,9.8459e+01,9.9661e+01,1.0092e+02,1.0260e+02,1.0331e+02,1.0498e+02,1.0501e+02,1.0641e+02,1.0866e+02,1.1005e+02,1.1184e+02,1.1368e+02,1.1568e+02,1.1688e+02,1.1846e+02,1.1960e+02,1.1900e+02,1.1875e+02,1.1882e+02,1.2011e+02,1.1957e+02,1.1930e+02,1.1907e+02,1.1973e+02,1.1970e+02,1.1998e+02,1.2039e+02,1.2116e+02,1.2172e+02,1.2257e+02,1.2328e+02,1.2372e+02,1.2372e+02,1.2406e+02,1.2453e+02,1.2492e+02,1.2532e+02,1.2595e+02,1.2657e+02,1.2714e+02,1.2767e+02,1.2836e+02,1.2868e+02,1.2895e+02,1.2950e+02,1.2970e+02,1.3000e+02,1.2998e+02,1.2981e+02
9.0983e+01,9.0769e+01,9.0644e+01,9.0442e+01,9.0328e+01,9.0236e+01,9.0126e+01,9.0209e+01,8.9886e+01,8.9479e+01,8.9012e+01,8.8582e+01,8.8174e+01,8.8026e+01,8.7874e+01,8.7840e+01,8.7331e+01,8.7086e+01,8.7220e+01,8.7072e+01,8.6873e+01,8.6736e+01,8.6122e+01,8.6118e+01,8.5655e+01,8.5511e+01,8.4948e+01,8.4684e+01,8.4466e+01,8.4477e+01,8.4471e+01,8.4176e+01,8.3994e+01,8.4100e+01,8.3848e+01,8.3693e+01,8.2994e+01,8.2679e+01,8.2271e+01,8.2061e+01,8.2109e+01,8.1988e+01,8.1769e+01,8.2409e+01,8.2423e+01,8.2024e+01,8.1949e+01,8.2477e+01,8.2429e+01,8.2519e+01,8.3112e+01,8.3815e+01,8.3806e+01,8.3913e+01,8.4217e+01,8.4489e+01,8.4325e+01,8.3915e+01,8.4535e+01,8.4762e+01,8.5594e+01,8.5951e+01,8.5945e+01,8.6644e+01,8.6440e+01,8.7135e+01,8.7056e+01,8.7768e+01,8.8783e+01,8.9589e+01,8.9878e+01,9.0049e+01,9.1036e+01,9.1606e+01,9.1922e+01,9.1824e+01,9.2704e+01,9.3097e+01,9.3955e+01,9.3521e+01,9.4851e+01,9.5732e+01,9.7333e+01,9.8533e+01,9.9788e+01,1.0148e+02,1.0219e+02,1.0387e+02,1.0390e+02,1.0531e+02,1.0757e+02,1.0896e+02,1.1076e+02,1.1260e+02,1.1461e+02,1.1581e+02,1.1738e+02,1.1853e+02,1.1792e+02,1.1768e+02,1.1774e+02,1.1903e+02,1.1849e+02,1.1822e+02,1.1799e+02,1.1865e+02,1.1861e+02,1.1890e+02,1.1930e+02,1.2008e+02,1.2064e+02,1.2149e+02,1.2221e+02,1.2266e+02,1.2266e+02,1.2300e+02,1.2348e+02,1.2386e+02,1.2428e+02,1.2490e+02,1.2554e+02,1.2610e+02,1.2664e+02,1.2734e+02,1.2766e+02,1.2794e+02,1.2848e+02,1.2869e+02,1.2899e+02,1.2897e+02,1.2881e+02
8.9828e+01,8.9611e+01,8.9487e+01,8.9283e+01,8.9168e+01,8.9077e+01,8.8968e+01,8.9056e+01,8.8724e+01,8.8308e+01,8.7832e+01,8.7393e+01,8.6982e+01,8.6830e+01,8.6674e+01,8.6641e+01,8.6127e+01,8.5881e+01,8.6010e+01,8.5856e+01,8.5654e+01,8.5514e+01,8.4897e+01,8.4887e+01,8.4420e+01,8.4278e+01,8.3711e+01,8.3454e+01,8.3243e+01,8.3253e+01,8.3251e+01,8.2964e+01,8.2783e+01,8.2888e+01,8.2646e+01,8.2500e+01,8.1805e+01,8.1496e+01,8.1091e+01,8.0886e+01,8.0941e+01,8.0827e+01,8.0612e+01,8.1251e+01,8.1250e+01,8.0844e+01,8.0757e+01,8.1275e+01,8.1226e+01,8.1298e+01,8.1895e+01,8.2593e+01,8.2569e+01,8.2672e+01,8.2964e+01,8.3229e+01,8.3056e+01,8.2641e+01,8.3254e+01,8.3474e+01,8.4304e+01,8.4658e+01,8.4648e+01,8.5346e+01,8.5152e+01,8.5852e+01,8.5776e+01,8.6488e+01,8.7499e+01,8.8301e+01,8.8585e+01,8.8748e+01,8.9734e+01,9.0302e+01,9.0625e+01,9.0533e+01,9.1412e+01,9.1816e+01,9.2669e+01,9.2227e+01,9.3553e+01,9.4427e+01,9.6026e+01,9.7229e+01,9.8484e+01,1.0018e+02,1.0089e+02,1.0257e+02,1.0261e+02,1.0402e+02,1.0628e+02,1.0767e+02,1.0948e+02,1.1133e+02,1.1334e+02,1.1454e+02,1.1613e+02,1.1728e+02,1.1667e+02,1.1642e+02,1.1648e+02,1.1778e+02,1.1723e+02,1.1697e+02,1.1673e+02,1.1739e+02,1.1736e+02,1.1764e+02,1.1805e+02,1.1883e+02,1.1940e+02,1.2026e+02,1.2098e+02,1.2144e+02,1.2144e+02,1.2179e+02,1.2227e+02,1.2266e+02,1.2308e+02,1.2371e+02,1.2435e+02,1.2493e+02,1.2547e+02,1.2617e+02,1.2650e+02,1.2678e+02,1.2733e+02,1.2754e+02,1.2785e+02,1.2782e+02,1.2765e+02
8.8675e+01,8.8461e+01,8.8335e+01,8.8129e+01,8.8016e+01,8.7927e+01,8.7824e+01,8.7922e+01,8.7589e+01,8.7166e+01,8.6676e+01,8.6231e+01,8.5821e+01,8.5662e+01,8.5500e+01,8.5461e+01,8.4943e+01,8.4696e+01,8.4819e+01,8.4656e+01,8.4450e+01,8.4308e+01,8.3685e+01,8.3668e+01,8.3190e+01,8.3050e+01,8.2474e+01,8.2228e+01,8.2027e+01,8.2037e+01,8.2042e+01,8.1757e+01,8.1580e+01,8.1692e+01,8.1461e+01,8.1317e+01,8.0619e+01,8.0312e+01,7.9911e+01,7.9716e+01,7.9774e+01,7.9667e+01,7.9454e+01,8.0084e+01,8.0059e+01,7.9642e+01,7.9542e+01,8.0051e+01,7.9996e+01,8.0054e+01,8.0659e+01,8.1362e+01,8.1330e+01,8.1438e+01,8.1725e+01,8.1982e+01,8.1804e+01,8.1388e+01,8.2003e+01,8.2220e+01,8.3052e+01,8.3409e+01,8.3396e+01,8.4097e+01,8.3910e+01,8.4617e+01,8.4542e+01,8.5256e+01,8.6272e+01,8.7072e+01,8.7348e+01,8.7504e+01,8.8487e+01,8.9050e+01,8.9373e+01,8.9280e+01,9.0159e+01,9.0567e+01,9.1420e+01,9.0977e+01,9.2305e+01,9.3183e+01,9.4785e+01,9.5995e+01,9.7261e+01,9.8958e+01,9.9665e+01,1.0135e+02,1.0139e+02,1.0280e+02,1.0508e+02,1.0648e+02,1.0830e+02,1.1016e+02,1.1219e+02,1.1342e+02,1.1502e+02,1.1619e+02,1.1558e+02,1.1532e+02,1.1540e+02,1.1671e+02,1.1617e+02,1.1590e+02,1.1565e+02,1.1632e+02,1.1628e+02,1.1657e+02,1.1698e+02,1.1777e+02,1.1835e+02,1.1921e+02,1.1994e+02,1.2040e+02,1.2041e+02,1.2075e+02,1.2124e+02,1.2164e+02,1.2206e+02,1.2270e+02,1.2335e+02,1.2393e+02,1.2447e+02,1.2518e+02,1.2551e+02,1.2580e+02,1.2636e+02,1.2657e+02,1.2688e+02,1.2685e+02,1.2668e+02
8.7819e+01,8.7606e+01,8.7476e+01,8.7266e+01,8.7150e+01,8.7062e+01,8.6963e+01,8.7069e+01,8.6736e+01,8.6310e+01,8.5814e+01,8.5363e+01,8.4954e+01,8.4790e+01,8.4627e+01,8.4587e+01,8.4070e+01,8.3821e+01,8.3940e+01,8.3774e+01,8.3566e+01,8.3421e+01,8.2795e+01,8.2771e+01,8.2287e+01,8.2147e+01,8.1565e+01,8.1329e+01,8.1137e+01,8.1148e+01,8.1154e+01,8.0878e+01,8.0710e+01,8.0819e+01,8.0597e+01,8.0462e+01,7.9768e+01,7.9466e+01,7.9066e+01,7.8878e+01,7.8939e+01,7.8835e+01,7.8623e+01,7.9244e+01,7.9205e+01,7.8784e+01,7.8678e+01,7.9178e+01,7.9119e+01,7.9162e+01,7.9772e+01,8.0471e+01,8.0430e+01,8.0540e+01,8.0817e+01,8.1061e+01,8.0880e+01,8.0466e+01,8.1082e+01,8.1293e+01,8.2126e+01,8.2490e+01,8.2476e+01,8.3184e+01,8.3003e+01,8.3720e+01,8.3646e+01,8.4365e+01,8.5387e+01,8.6188e+01,8.6459e+01,8.6604e+01,8.7588e+01,8.8143e+01,8.8461e+01,8.8362e+01,8.9236e+01,8.9642e+01,9.0492e+01,9.0048e+01,9.1381e+01,9.2267e+01,9.3878e+01,9.5091e+01,9.6370e+01,9.8070e+01,9.8779e+01,1.0047e+02,1.0049e+02,1.0191e+02,1.0420e+02,1.0562e+02,1.0745e+02,1.0932e+02,1.1138e+02,1.1261e+02,1.1424e+02,1.1542e+02,1.1480e+02,1.1454e+02,1.1463e+02,1.1596e+02,1.1541e+02,1.1514e+02,1.1490e+02,1.1558e+02,1.1553e+02,1.1582e+02,1.1624e+02,1.1704e+02,1.1762e+02,1.1849e+02,1.1923e+02,1.1970e+02,1.1970e+02,1.2005e+02,1.2054e+02,1.2094e+02,1.2137e+02,1.2201e+02,1.2266e+02,1.2325e+02,1.2380e+02,1.2451e+02,1.2484e+02,1.2513e+02,1.2570e+02,1.2591e+02,1.2623e+02,1.2620e+02,1.2603e+02
8.7054e+01,8.6840e+01,8.6707e+01,8.6496e+01,8.6383e+01,8.6298e+01,8.6202e+01,8.6314e+01,8.5979e+01,8.5550e+01,8.5044e+01,8.4588e+01,8.4179e+01,8.4010e+01,8.3843e+01,8.3798e+01,8.3271e+01,8.3024e+01,8.3135e+01,8.2955e+01,8.2745e+01,8.2604e+01,8.1981e+01,8.1954e+01,8.1464e+01,8.1334e+01,8.0749e+01,8.0531e+01,8.0354e+01,8.0362e+01,8.0377e+01,8.0105e+01,7.9941e+01,8.0057e+01,7.9849e+01,7.9716e+01,7.9018e+01,7.8723e+01,7.8326e+01,7.8145e+01,7.8204e+01,7.8104e+01,7.7891e+01,7.8498e+01,7.8431e+01,7.7998e+01,7.7879e+01,7.8357e+01,7.8284e+01,7.8313e+01,7.8921e+01,7.9620e+01,7.9575e+01,7.9694e+01,7.9964e+01,8.0189e+01,8.0006e+01,7.9603e+01,8.0219e+01,8.0422e+01,8.1254e+01,8.1624e+01,8.1605e+01,8.2315e+01,8.2144e+01,8.2866e+01,8.2790e+01,8.3508e+01,8.4535e+01,8.5330e+01,8.5588e+01,8.5725e+01,8.6701e+01,8.7247e+01,8.7559e+01,8.7454e+01,8.8325e+01,8.8728e+01,8.9580e+01,8.9143e+01,9.0481e+01,9.1374e+01,9.2987e+01,9.4209e+01,9.5501e+01,9.7205e+01,9.7904e+01,9.9595e+01,9.9614e+01,1.0103e+02,1.0333e+02,1.0476e+02,1.0659e+02,1.0848e+02,1.1055e+02,1.1180e+02,1.1345e+02,1.1463e+02,1.1402e+02,1.1376e+02,1.1386e+02,1.1520e+02,1.1466e+02,1.1439e+02,1.1414e+02,1.1483e+02,1.1478e+02,1.1508e+02,1.1549e+02,1.1630e+02,1.1689e+02,1.1777e+02,1.1851e+02,1.1898e+02,1.1898e+02,1.1934e+02,1.1983e+02,1.2023e+02,1.2067e+02,1.2132e+02,1.2197e+02,1.2256e+02,1.2311e+02,1.2384e+02,1.2417e+02,1.2446e+02,1.2503e+02,1.2524e+02,1.2556e+02,1.2553e+02,1.2536e+02
8.6361e+01,8.6148e+01,8.6012e+01,8.5798e+01,8.5685e+01,8.5603e+01,8.5513e+01,8.5634e+01,8.5303e+01,8.4871e+01,8.4360e+01,8.3901e+01,8.3494e+01,8.3322e+01,8.3154e+01,8.3108e+01,8.2584e+01,8.2337e+01,8.2446e+01,8.2259e+01,8.2047e+01,8.1900e+01,8.1270e+01,8.1233e+01,8.0730e+01,8.0597e+01,7.9998e+01,7.9785e+01,7.9615e+01,7.9627e+01,7.9648e+01,7.9383e+01,7.9224e+01,7.9343e+01,7.9146e+01,7.9020e+01,7.8325e+01,7.8030e+01,7.7637e+01,7.7471e+01,7.7538e+01,7.7445e+01,7.7241e+01,7.7842e+01,7.7761e+01,7.7322e+01,7.7193e+01,7.7665e+01,7.7581e+01,7.7596e+01,7.8213e+01,7.8919e+01,7.8865e+01,7.8991e+01,7.9252e+01,7.9465e+01,7.9275e+01,7.8868e+01,7.9483e+01,7.9681e+01,8.0514e+01,8.0887e+01,8.0865e+01,8.1580e+01,8.1410e+01,8.2137e+01,8.2058e+01,8.2777e+01,8.3810e+01,8.4605e+01,8.4858e+01,8.4991e+01,8.5966e+01,8.6508e+01,8.6816e+01,8.6708e+01,8.7581e+01,8.7984e+01,8.8840e+01,8.8407e+01,8.9751e+01,9.0652e+01,9.2273e+01,9.3505e+01,9.4810e+01,9.6523e+01,9.7223e+01,9.8920e+01,9.8931e+01,1.0035e+02,1.0267e+02,1.0411e+02,1.0595e+02,1.0784e+02,1.0994e+02,1.1119e+02,1.1286e+02,1.1405e+02,1.1344e+02,1.1317e+02,1.1327e+02,1.1463e+02,1.1408e+02,1.1380e+02,1.1356e+02,1.1424e+02,1.1419e+02,1.1449e+02,1.1490e+02,1.1572e+02,1.1632e+02,1.1719e+02,1.1794e+02,1.1841e+02,1.1842e+02,1.1877e+02,1.1927e+02,1.1967e+02,1.2011e+02,1.2077e+02,1.2142e+02,1.2201e+02,1.2257e+02,1.2329e+02,1.2363e+02,1.2391e+02,1.2449e+02,1.2471e+02,1.2503e+02,1.2500e+02,1.2482e+02
8.6022e+01,8.5809e+01,8.5673e+01,8.5455e+01,8.5342e+01,8.5258e+01,8.5173e+01,8.5300e+01,8.4968e+01,8.4532e+01,8.4018e+01,8.3551e+01,8.3141e+01,8.2963e+01,8.2792e+01,8.2746e+01,8.2218e+01,8.1967e+01,8.2074e+01,8.1881e+01,8.1667e+01,8.1520e+01,8.0892e+01,8.0854e+01,8.0344e+01,8.0212e+01,7.9606e+01,7.9401e+01,7.9243e+01,7.9261e+01,7.9289e+01,7.9032e+01,7.8876e+01,7.8993e+01,7.8807e+01,7.8687e+01,7.7994e+01,7.7708e+01,7.7319e+01,7.7163e+01,7.7235e+01,7.7150e+01,7.6948e+01,7.7547e+01,7.7451e+01,7.7001e+01,7.6859e+01,7.7317e+01,7.7224e+01,7.7226e+01,7.7839e+01,7.8532e+01,7.8478e+01,7.8601e+01,7.8857e+01,7.9063e+01,7.8872e+01,7.8473e+01,7.9086e+01,7.9283e+01,8.0115e+01,8.0495e+01,8.0475e+01,8.1194e+01,8.1031e+01,8.1766e+01,8.1689e+01,8.2410e+01,8.3447e+01,8.4241e+01,8.4488e+01,8.4612e+01,8.5584e+01,8.6117e+01,8.6419e+01,8.6305e+01,8.7169e+01,8.7563e+01,8.8414e+01,8.7983e+01,8.9329e+01,9.0238e+01,9.1863e+01,9.3095e+01,9.4410e+01,9.6123e+01,9.6823e+01,9.8518e+01,9.8519e+01,9.9942e+01,1.0227e+02,1.0372e+02,1.0556e+02,1.0746e+02,1.0957e+02,1.1083e+02,1.1250e+02,1.1370e+02,1.1308e+02,1.1282e+02,1.1292e+02,1.1428e+02,1.1374e+02,1.1346e+02,1.1323e+02,1.1392e+02,1.1387e+02,1.1417e+02,1.1459e+02,1.1541e+02,1.1601e+02,1.1689e+02,1.1764e+02,1.1812e+02,1.1813e+02,1.1848e+02,1.1898e+02,1.1938e+02,1.1982e+02,1.2048e+02,1.2114e+02,1.2173e+02,1.2229e+02,1.2302e+02,1.2336e+02,1.2365e+02,1.2422e+02,1.2445e+02,1.2477e+02,1.2474e+02,1.2456e+02
8.5762e+01,8.5549e+01,8.5411e+01,8.5189e+01,8.5076e+01,8.4993e+01,8.4914e+01,8.5047e+01,8.4719e+01,8.4283e+01,8.3771e+01,8.3299e+01,8.2889e+01,8.2708e+01,8.2539e+01,8.2493e+01,8.1970e+01,8.1715e+01,8.1820e+01,8.1625e+01,8.1411e+01,8.1265e+01,8.0638e+01,8.0598e+01,8.0085e+01,7.9950e+01,7.9336e+01,7.9137e+01,7.8991e+01,7.9013e+01,7.9051e+01,7.8803e+01,7.8648e+01,7.8769e+01,7.8594e+01,7.8479e+01,7.7794e+01,7.7516e+01,7.7133e+01,7.6986e+01,7.7070e+01,7.6994e+01,7.6792e+01,7.7393e+01,7.7280e+01,7.6810e+01,7.6656e+01,7.7098e+01,7.6978e+01,7.6966e+01,7.7565e+01,7.8249e+01,7.8212e+01,7.8348e+01,7.8610e+01,7.8822e+01,7.8645e+01,7.8252e+01,7.8871e+01,7.9075e+01,7.9908e+01,8.0294e+01,8.0279e+01,8.1003e+01,8.0842e+01,8.1579e+01,8.1502e+01,8.2224e+01,8.3266e+01,8.4062e+01,8.4304e+01,8.4427e+01,8.5396e+01,8.5923e+01,8.6217e+01,8.6096e+01,8.6956e+01,8.7342e+01,8.8194e+01,8.7771e+01,8.9125e+01,9.0045e+01,9.1678e+01,9.2916e+01,9.4241e+01,9.5959e+01,9.6659e+01,9.8355e+01,9.8347e+01,9.9774e+01,1.0212e+02,1.0357e+02,1.0541e+02,1.0732e+02,1.0944e+02,1.1070e+02,1.1238e+02,1.1358e+02,1.1296e+02,1.1270e+02,1.1280e+02,1.1417e+02,1.1362e+02,1.1335e+02,1.1311e+02,1.1380e+02,1.1374e+02,1.1405e+02,1.1446e+02,1.1529e+02,1.1589e+02,1.1678e+02,1.1752e+02,1.1800e+02,1.1801e+02,1.1837e+02,1.1886e+02,1.1927e+02,1.1971e+02,1.2037e+02,1.2103e+02,1.2162e+02,1.2218e+02,1.2291e+02,1.2325e+02,1.2354e+02,1.2412e+02,1.2434e+02,1.2467e+02,1.2464e+02,1.2446e+02
8.5749e+01,8.5536e+01,8.5394e+01,8.5165e+01,8.5050e+01,8.4963e+01,8.4882e+01,8.5013e+01,8.4691e+01,8.4256e+01,8.3743e+01,8.3269e+01,8.2862e+01,8.2677e+01,8.2508e+01,8.2460e+01,8.1942e+01,8.1687e+01,8.1783e+01,8.1582e+01,8.1365e+01,8.1221e+01,8.0598e+01,8.0553e+01,8.0040e+01,7.9909e+01,7.9292e+01,7.9102e+01,7.8970e+01,7.8994e+01,7.9045e+01,7.8800e+01,7.8646e+01,7.8773e+01,7.8609e+01,7.8491e+01,7.7808e+01,7.7531e+01,7.7164e+01,7.7028e+01,7.7125e+01,7.7065e+01,7.6871e+01,7.7480e+01,7.7364e+01,7.6885e+01,7.6722e+01,7.7160e+01,7.7023e+01,7.6997e+01,7.7584e+01,7.8258e+01,7.8227e+01,7.8364e+01,7.8626e+01,7.8840e+01,7.8669e+01,7.8272e+01,7.8892e+01,7.9099e+01,7.9926e+01,8.0309e+01,8.0297e+01,8.1018e+01,8.0856e+01,8.1589e+01,8.1514e+01,8.2234e+01,8.3271e+01,8.4066e+01,8.4308e+01,8.4430e+01,8.5396e+01,8.5922e+01,8.6215e+01,8.6094e+01,8.6953e+01,8.7335e+01,8.8186e+01,8.7767e+01,8.9121e+01,9.0043e+01,9.1675e+01,9.2912e+01,9.4238e+01,9.5954e+01,9.6652e+01,9.8346e+01,9.8334e+01,9.9759e+01,1.0210e+02,1.0356e+02,1.0539e+02,1.0730e+02,1.0942e+02,1.1068e+02,1.1235e+02,1.1355e+02,1.1294e+02,1.1268e+02,1.1279e+02,1.1415e+02,1.1361e+02,1.1333e+02,1.1309e+02,1.1378e+02,1.1372e+02,1.1402e+02,1.1443e+02,1.1525e+02,1.1586e+02,1.1675e+02,1.1749e+02,1.1797e+02,1.1799e+02,1.1834e+02,1.1883e+02,1.1924e+02,1.1969e+02,1.2035e+02,1.2100e+02,1.2159e+02,1.2215e+02,1.2288e+02,1.2322e+02,1.2351e+02,1.2409e+02,1.2431e+02,1.2464e+02,1.2461e+02,1.2443e+02
8.5866e+01,8.5655e+01,8.5512e+01,8.5281e+01,8.5164e+01,8.5081e+01,8.5002e+01,8.5138e+01,8.4822e+01,8.4392e+01,8.3884e+01,8.3412e+01,8.3012e+01,8.2832e+01,8.2666e+01,8.2617e+01,8.2104e+01,8.1852e+01,8.1952e+01,8.1749e+01,8.1531e+01,8.1385e+01,8.0764e+01,8.0716e+01,8.0204e+01,8.0067e+01,7.9442e+01,7.9252e+01,7.9124e+01,7.9154e+01,7.9210e+01,7.8971e+01,7.8816e+01,7.8945e+01,7.8790e+01,7.8672e+01,7.7995e+01,7.7720e+01,7.7353e+01,7.7225e+01,7.7327e+01,7.7274e+01,7.7079e+01,7.7690e+01,7.7565e+01,7.7075e+01,7.6905e+01,7.7327e+01,7.7174e+01,7.7138e+01,7.7708e+01,7.8358e+01,7.8341e+01,7.8496e+01,7.8759e+01,7.8977e+01,7.8824e+01,7.8430e+01,7.9056e+01,7.9272e+01,8.0102e+01,8.0496e+01,8.0492e+01,8.1222e+01,8.1064e+01,8.1803e+01,8.1730e+01,8.2455e+01,8.3497e+01,8.4297e+01,8.4539e+01,8.4656e+01,8.5623e+01,8.6141e+01,8.6425e+01,8.6289e+01,8.7142e+01,8.7506e+01,8.8358e+01,8.7945e+01,8.9311e+01,9.0251e+01,9.1896e+01,9.3133e+01,9.4467e+01,9.6185e+01,9.6888e+01,9.8581e+01,9.8558e+01,9.9988e+01,1.0234e+02,1.0380e+02,1.0563e+02,1.0753e+02,1.0966e+02,1.1091e+02,1.1257e+02,1.1378e+02,1.1316e+02,1.1291e+02,1.1302e+02,1.1438e+02,1.1384e+02,1.1356e+02,1.1333e+02,1.1402e+02,1.1396e+02,1.1425e+02,1.1466e+02,1.1549e+02,1.1609e+02,1.1698e+02,1.1772e+02,1.1820e+02,1.1822e+02,1.1856e+02,1.1905e+02,1.1946e+02,1.1991e+02,1.2057e+02,1.2122e+02,1.2181e+02,1.2237e+02,1.2310e+02,1.2344e+02,1.2373e+02,1.2431e+02,1.2454e+02,1.2486e+02,1.2483e+02,1.2465e+02
8.6492e+01,8.6287e+01,8.6138e+01,8.5906e+01,8.5788e+01,8.5710e+01,8.5632e+01,8.5773e+01,8.5466e+01,8.5044e+01,8.4542e+01,8.4078e+01,8.3689e+01,8.3515e+01,8.3356e+01,8.3311e+01,8.2808e+01,8.2558e+01,8.2660e+01,8.2459e+01,8.2240e+01,8.2090e+01,8.1465e+01,8.1406e+01,8.0888e+01,8.0743e+01,8.0109e+01,7.9920e+01,7.9795e+01,7.9826e+01,7.9876e+01,7.9643e+01,7.9495e+01,7.9616e+01,7.9455e+01,7.9343e+01,7.8672e+01,7.8386e+01,7.8017e+01,7.7893e+01,7.7993e+01,7.7937e+01,7.7743e+01,7.8356e+01,7.8248e+01,7.7769e+01,7.7615e+01,7.8050e+01,7.7903e+01,7.7872e+01,7.8438e+01,7.9085e+01,7.9071e+01,7.9238e+01,7.9493e+01,7.9703e+01,7.9549e+01,7.9155e+01,7.9771e+01,7.9973e+01,8.0789e+01,8.1185e+01,8.1175e+01,8.1903e+01,8.1749e+01,8.2488e+01,8.2406e+01,8.3126e+01,8.4173e+01,8.4968e+01,8.5200e+01,8.5314e+01,8.6272e+01,8.6776e+01,8.7042e+01,8.6889e+01,8.7730e+01,8.8071e+01,8.8922e+01,8.8522e+01,8.9898e+01,9.0855e+01,9.2508e+01,9.3743e+01,9.5087e+01,9.6803e+01,9.7506e+01,9.9195e+01,9.9158e+01,1.0059e+02,1.0294e+02,1.0441e+02,1.0624e+02,1.0814e+02,1.1027e+02,1.1151e+02,1.1318e+02,1.1438e+02,1.1377e+02,1.1353e+02,1.1364e+02,1.1500e+02,1.1446e+02,1.1418e+02,1.1396e+02,1.1464e+02,1.1458e+02,1.1488e+02,1.1528e+02,1.1611e+02,1.1671e+02,1.1759e+02,1.1834e+02,1.1881e+02,1.1883e+02,1.1917e+02,1.1966e+02,1.2007e+02,1.2052e+02,1.2117e+02,1.2183e+02,1.2242e+02,1.2297e+02,1.2370e+02,1.2404e+02,1.2433e+02,1.2491e+02,1.2513e+02,1.2546e+02,1.2543e+02,1.2525e+02
8.7536e+01,8.7336e+01,8.7184e+01,8.6949e+01,8.6829e+01,8.6756e+01,8.6675e+01,8.6815e+01,8.6517e+01,8.6105e+01,8.5616e+01,8.5158e+01,8.4776e+01,8.4612e+01,8.4458e+01,8.4416e+01,8.3924e+01,8.3671e+01,8.3780e+01,8.3586e+01,8.3375e+01,8.3224e+01,8.2601e+01,8.2539e+01,8.2021e+01,8.1868e+01,8.1229e+01,8.1030e+01,8.0895e+01,8.0928e+01,8.0968e+01,8.0730e+01,8.0585e+01,8.0702e+01,8.0526e+01,8.0410e+01,7.9741e+01,7.9448e+01,7.9075e+01,7.8945e+01,7.9037e+01,7.8971e+01,7.8770e+01,7.9382e+01,7.9286e+01,7.8813e+01,7.8678e+01,7.9128e+01,7.8996e+01,7.8990e+01,7.9562e+01,8.0218e+01,8.0215e+01,8.0399e+01,8.0665e+01,8.0879e+01,8.0727e+01,8.0333e+01,8.0949e+01,8.1143e+01,8.1958e+01,8.2354e+01,8.2336e+01,8.3061e+01,8.2898e+01,8.3628e+01,8.3532e+01,8.4244e+01,8.5297e+01,8.6087e+01,8.6310e+01,8.6434e+01,8.7383e+01,8.7882e+01,8.8130e+01,8.7965e+01,8.8806e+01,8.9129e+01,8.9991e+01,8.9611e+01,9.0998e+01,9.1968e+01,9.3622e+01,9.4863e+01,9.6214e+01,9.7929e+01,9.8627e+01,1.0031e+02,1.0027e+02,1.0169e+02,1.0404e+02,1.0551e+02,1.0732e+02,1.0921e+02,1.1133e+02,1.1257e+02,1.1422e+02,1.1543e+02,1.1482e+02,1.1459e+02,1.1470e+02,1.1606e+02,1.1552e+02,1.1526e+02,1.1503e+02,1.1572e+02,1.1566e+02,1.1595e+02,1.1635e+02,1.1717e+02,1.1776e+02,1.1865e+02,1.1938e+02,1.1986e+02,1.1987e+02,1.2021e+02,1.2070e+02,1.2111e+02,1.2155e+02,1.2221e+02,1.2286e+02,1.2344e+02,1.2399e+02,1.2472e+02,1.2506e+02,1.2534e+02,1.2592e+02,1.2615e+02,1.2647e+02,1.2644e+02,1.2626e+02
8.8357e+01,8.8159e+01,8.8001e+01,8.7761e+01,8.7634e+01,8.7561e+01,8.7477e+01,8.7614e+01,8.7324e+01,8.6919e+01,8.6433e+01,8.5977e+01,8.5602e+01,8.5439e+01,8.5296e+01,8.5257e+01,8.4777e+01,8.4526e+01,8.4638e+01,8.4446e+01,8.4233e+01,8.4076e+01,8.3446e+01,8.3371e+01,8.2851e+01,8.2689e+01,8.2046e+01,8.1844e+01,8.1708e+01,8.1734e+01,8.1762e+01,8.1530e+01,8.1397e+01,8.1504e+01,8.1319e+01,8.1213e+01,8.0553e+01,8.0253e+01,7.9884e+01,7.9766e+01,7.9866e+01,7.9807e+01,7.9609e+01,8.0238e+01,8.0164e+01,7.9696e+01,7.9567e+01,8.0033e+01,7.9906e+01,7.9895e+01,8.0468e+01,8.1109e+01,8.1109e+01,8.1291e+01,8.1548e+01,8.1767e+01,8.1615e+01,8.1216e+01,8.1823e+01,8.2012e+01,8.2815e+01,8.3210e+01,8.3189e+01,8.3908e+01,8.3750e+01,8.4478e+01,8.4378e+01,8.5082e+01,8.6132e+01,8.6916e+01,8.7134e+01,8.7257e+01,8.8196e+01,8.8687e+01,8.8927e+01,8.8756e+01,8.9586e+01,8.9896e+01,9.0753e+01,9.0380e+01,9.1765e+01,9.2737e+01,9.4386e+01,9.5615e+01,9.6959e+01,9.8659e+01,9.9353e+01,1.0102e+02,1.0097e+02,1.0238e+02,1.0471e+02,1.0617e+02,1.0797e+02,1.0984e+02,1.1195e+02,1.1317e+02,1.1480e+02,1.1601e+02,1.1541e+02,1.1519e+02,1.1530e+02,1.1664e+02,1.1611e+02,1.1586e+02,1.1564e+02,1.1633e+02,1.1628e+02,1.1657e+02,1.1698e+02,1.1779e+02,1.1839e+02,1.1927e+02,1.2000e+02,1.2047e+02,1.2048e+02,1.2082e+02,1.2131e+02,1.2171e+02,1.2215e+02,1.2281e+02,1.2345e+02,1.2403e+02,1.2458e+02,1.2531e+02,1.2564e+02,1.2592e+02,1.2650e+02,1.2673e+02,1.2705e+02,1.2703e+02,1.2685e+02
8.8880e+01,8.8680e+01,8.8520e+01,8.8279e+01,8.8149e+01,8.8075e+01,8.7991e+01,8.8122e+01,8.7833e+01,8.7431e+01,8.6950e+01,8.6495e+01,8.6115e+01,8.5948e+01,8.5814e+01,8.5775e+01,8.5299e+01,8.5051e+01,8.5164e+01,8.4971e+01,8.4755e+01,8.4597e+01,8.3966e+01,8.3895e+01,8.3381e+01,8.3222e+01,8.2586e+01,8.2381e+01,8.2243e+01,8.2264e+01,8.2285e+01,8.2047e+01,8.1914e+01,8.2020e+01,8.1821e+01,8.1712e+01,8.1050e+01,8.0754e+01,8.0386e+01,8.0264e+01,8.0359e+01,8.0296e+01,8.0090e+01,8.0721e+01,8.0654e+01,8.0186e+01,8.0061e+01,8.0531e+01,8.0406e+01,8.0403e+01,8.0980e+01,8.1619e+01,8.1632e+01,8.1809e+01,8.2081e+01,8.2315e+01,8.2170e+01,8.1777e+01,8.2396e+01,8.2596e+01,8.3408e+01,8.3807e+01,8.3792e+01,8.4515e+01,8.4350e+01,8.5079e+01,8.4980e+01,8.5686e+01,8.6737e+01,8.7525e+01,8.7751e+01,8.7883e+01,8.8825e+01,8.9323e+01,8.9568e+01,8.9403e+01,9.0237e+01,9.0548e+01,9.1407e+01,9.1033e+01,9.2415e+01,9.3383e+01,9.5028e+01,9.6253e+01,9.7588e+01,9.9282e+01,9.9976e+01,1.0164e+02,1.0159e+02,1.0299e+02,1.0531e+02,1.0676e+02,1.0855e+02,1.1039e+02,1.1249e+02,1.1371e+02,1.1532e+02,1.1653e+02,1.1594e+02,1.1573e+02,1.1583e+02,1.1717e+02,1.1664e+02,1.1639e+02,1.1618e+02,1.1686e+02,1.1681e+02,1.1711e+02,1.1752e+02,1.1834e+02,1.1893e+02,1.1980e+02,1.2054e+02,1.2101e+02,1.2102e+02,1.2136e+02,1.2184e+02,1.2225e+02,1.2269e+02,1.2334e+02,1.2398e+02,1.2456e+02,1.2511e+02,1.2583e+02,1.2616e+02,1.2644e+02,1.2702e+02,1.2725e+02,1.2757e+02,1.2754e+02,1.2736e+02
8.8867e+01,8.8668e+01,8.8504e+01,8.8261e+01,8.8126e+01,8.8052e+01,8.7972e+01,8.8106e+01,8.7821e+01,8.7419e+01,8.6934e+01,8.6479e+01,8.6100e+01,8.5934e+01,8.5809e+01,8.5774e+01,8.5304e+01,8.5058e+01,8.5169e+01,8.4975e+01,8.4758e+01,8.4598e+01,8.3960e+01,8.3878e+01,8.3364e+01,8.3200e+01,8.2560e+01,8.2356e+01,8.2221e+01,8.2240e+01,8.2260e+01,8.2033e+01,8.1913e+01,8.2017e+01,8.1827e+01,8.1730e+01,8.1083e+01,8.0789e+01,8.0437e+01,8.0340e+01,8.0450e+01,8.0408e+01,8.0220e+01,8.0854e+01,8.0787e+01,8.0324e+01,8.0186e+01,8.0648e+01,8.0517e+01,8.0488e+01,8.1063e+01,8.1673e+01,8.1674e+01,8.1848e+01,8.2098e+01,8.2326e+01,8.2183e+01,8.1788e+01,8.2397e+01,8.2595e+01,8.3399e+01,8.3803e+01,8.3792e+01,8.4516e+01,8.4358e+01,8.5091e+01,8.4995e+01,8.5700e+01,8.6751e+01,8.7539e+01,8.7761e+01,8.7885e+01,8.8822e+01,8.9311e+01,8.9549e+01,8.9374e+01,9.0199e+01,9.0497e+01,9.1351e+01,9.0981e+01,9.2366e+01,9.3343e+01,9.4994e+01,9.6213e+01,9.7551e+01,9.9242e+01,9.9939e+01,1.0159e+02,1.0154e+02,1.0294e+02,1.0526e+02,1.0672e+02,1.0850e+02,1.1035e+02,1.1246e+02,1.1367e+02,1.1528e+02,1.1648e+02,1.1590e+02,1.1569e+02,1.1580e+02,1.1713e+02,1.1660e+02,1.1635e+02,1.1614e+02,1.1682e+02,1.1677e+02,1.1708e+02,1.1748e+02,1.1831e+02,1.1890e+02,1.1978e+02,1.2051e+02,1.2098e+02,1.2100e+02,1.2133e+02,1.2181e+02,1.2221e+02,1.2266e+02,1.2331e+02,1.2395e+02,1.2452e+02,1.2507e+02,1.2579e+02,1.2613e+02,1.2641e+02,1.2698e+02,1.2721e+02,1.2754e+02,1.2751e+02,1.2733e+02
8.8845e+01,8.8647e+01,8.8479e+01,8.8232e+01,8.8095e+01,8.8020e+01,8.7944e+01,8.8080e+01,8.7801e+01,8.7402e+01,8.6917e+01,8.6463e+01,8.6082e+01,8.5919e+01,8.5800e+01,8.5766e+01,8.5303e+01,8.5062e+01,8.5173e+01,8.4977e+01,8.4761e+01,8.4601e+01,8.3963e+01,8.3881e+01,8.3368e+01,8.3205e+01,8.2563e+01,8.2361e+01,8.2228e+01,8.2251e+01,8.2279e+01,8.2053e+01,8.1931e+01,8.2038e+01,8.1853e+01,8.1756e+01,8.1109e+01,8.0815e+01,8.0464e+01,8.0377e+01,8.0496e+01,8.0463e+01,8.0285e+01,8.0918e+01,8.0840e+01,8.0369e+01,8.0219e+01,8.0670e+01,8.0528e+01,8.0488e+01,8.1058e+01,8.1653e+01,8.1658e+01,8.1842e+01,8.2092e+01,8.2323e+01,8.2191e+01,8.1803e+01,8.2420e+01,8.2626e+01,8.3437e+01,8.3850e+01,8.3848e+01,8.4583e+01,8.4424e+01,8.5163e+01,8.5071e+01,8.5784e+01,8.6840e+01,8.7635e+01,8.7857e+01,8.7980e+01,8.8920e+01,8.9405e+01,8.9639e+01,8.9456e+01,9.0278e+01,9.0567e+01,9.1421e+01,9.1055e+01,9.2448e+01,9.3436e+01,9.5094e+01,9.6312e+01,9.7657e+01,9.9348e+01,1.0005e+02,1.0170e+02,1.0163e+02,1.0304e+02,1.0536e+02,1.0682e+02,1.0860e+02,1.1045e+02,1.1256e+02,1.1377e+02,1.1538e+02,1.1659e+02,1.1601e+02,1.1581e+02,1.1592e+02,1.1725e+02,1.1672e+02,1.1647e+02,1.1626e+02,1.1695e+02,1.1690e+02,1.1720e+02,1.1761e+02,1.1844e+02,1.1903e+02,1.1991e+02,1.2064e+02,1.2112e+02,1.2113e+02,1.2147e+02,1.2195e+02,1.2235e+02,1.2279e+02,1.2344e+02,1.2408e+02,1.2466e+02,1.2521e+02,1.2593e+02,1.2627e+02,1.2655e+02,1.2712e+02,1.2735e+02,1.2768e+02,1.2765e+02,1.2747e+02
8.9004e+01,8.8806e+01,8.8636e+01,8.8391e+01,8.8253e+01,8.8178e+01,8.8112e+01,8.8252e+01,8.7978e+01,8.7576e+01,8.7091e+01,8.6634e+01,8.6248e+01,8.6085e+01,8.5973e+01,8.5942e+01,8.5482e+01,8.5243e+01,8.5356e+01,8.5158e+01,8.4939e+01,8.4778e+01,8.4136e+01,8.4049e+01,8.3537e+01,8.3375e+01,8.2737e+01,8.2541e+01,8.2417e+01,8.2439e+01,8.2470e+01,8.2251e+01,8.2134e+01,8.2245e+01,8.2062e+01,8.1966e+01,8.1326e+01,8.1037e+01,8.0695e+01,8.0625e+01,8.0751e+01,8.0731e+01,8.0567e+01,8.1198e+01,8.1120e+01,8.0656e+01,8.0494e+01,8.0936e+01,8.0789e+01,8.0731e+01,8.1299e+01,8.1871e+01,8.1871e+01,8.2050e+01,8.2287e+01,8.2523e+01,8.2397e+01,8.2009e+01,8.2625e+01,8.2837e+01,8.3649e+01,8.4067e+01,8.4074e+01,8.4813e+01,8.4655e+01,8.5399e+01,8.5311e+01,8.6027e+01,8.7085e+01,8.7885e+01,8.8110e+01,8.8229e+01,8.9171e+01,8.9653e+01,8.9884e+01,8.9697e+01,9.0515e+01,9.0797e+01,9.1649e+01,9.1283e+01,9.2679e+01,9.3674e+01,9.5338e+01,9.6554e+01,9.7900e+01,9.9590e+01,1.0030e+02,1.0194e+02,1.0186e+02,1.0328e+02,1.0560e+02,1.0707e+02,1.0886e+02,1.1070e+02,1.1282e+02,1.1403e+02,1.1564e+02,1.1685e+02,1.1627e+02,1.1608e+02,1.1618e+02,1.1752e+02,1.1698e+02,1.1673e+02,1.1652e+02,1.1721e+02,1.1715e+02,1.1746e+02,1.1786e+02,1.1870e+02,1.1929e+02,1.2017e+02,1.2090e+02,1.2138e+02,1.2139e+02,1.2173e+02,1.2221e+02,1.2261e+02,1.2306e+02,1.2370e+02,1.2434e+02,1.2492e+02,1.2547e+02,1.2618e+02,1.2652e+02,1.2681e+02,1.2738e+02,1.2761e+02,1.2793e+02,1.2790e+02,1.2772e+02
8.8701e+01,8.8502e+01,8.8331e+01,8.8083e+01,8.7944e+01,8.7872e+01,8.7806e+01,8.7946e+01,8.7670e+01,8.7266e+01,8.6772e+01,8.6306e+01,8.5919e+01,8.5753e+01,8.5641e+01,8.5610e+01,8.5150e+01,8.4910e+01,8.5018e+01,8.4818e+01,8.4598e+01,8.4438e+01,8.3792e+01,8.3704e+01,8.3185e+01,8.3026e+01,8.2384e+01,8.2194e+01,8.2078e+01,8.2098e+01,8.2136e+01,8.1921e+01,8.1807e+01,8.1921e+01,8.1744e+01,8.1651e+01,8.1020e+01,8.0734e+01,8.0402e+01,8.0347e+01,8.0486e+01,8.0472e+01,8.0314e+01,8.0946e+01,8.0861e+01,8.0389e+01,8.0218e+01,8.0652e+01,8.0492e+01,8.0422e+01,8.0984e+01,8.1546e+01,8.1539e+01,8.1723e+01,8.1946e+01,8.2167e+01,8.2039e+01,8.1655e+01,8.2262e+01,8.2470e+01,8.3279e+01,8.3701e+01,8.3708e+01,8.4453e+01,8.4299e+01,8.5049e+01,8.4958e+01,8.5677e+01,8.6744e+01,8.7544e+01,8.7758e+01,8.7871e+01,8.8809e+01,8.9282e+01,8.9500e+01,8.9299e+01,9.0113e+01,9.0380e+01,9.1236e+01,9.0877e+01,9.2285e+01,9.3294e+01,9.4970e+01,9.6188e+01,9.7546e+01,9.9239e+01,9.9946e+01,1.0159e+02,1.0150e+02,1.0292e+02,1.0526e+02,1.0674e+02,1.0852e+02,1.1037e+02,1.1250e+02,1.1371e+02,1.1532e+02,1.1654e+02,1.1596e+02,1.1578e+02,1.1588e+02,1.1722e+02,1.1669e+02,1.1643e+02,1.1623e+02,1.1692e+02,1.1686e+02,1.1718e+02,1.1758e+02,1.1841e+02,1.1901e+02,1.1990e+02,1.2063e+02,1.2111e+02,1.2112e+02,1.2145e+02,1.2194e+02,1.2234e+02,1.2279e+02,1.2344e+02,1.2408e+02,1.2466e+02,1.2521e+02,1.2593e+02,1.2627e+02,1.2655e+02,1.2713e+02,1.2735e+02,1.2768e+02,1.2765e+02,1.2747e+02
8.8552e+01,8.8355e+01,8.8186e+01,8.7935e+01,8.7797e+01,8.7728e+01,8.7662e+01,8.7806e+01,8.7529e+01,8.7126e+01,8.6628e+01,8.6156e+01,8.5767e+01,8.5604e+01,8.5497e+01,8.5470e+01,8.5016e+01,8.4778e+01,8.4878e+01,8.4676e+01,8.4456e+01,8.4301e+01,8.3653e+01,8.3562e+01,8.3040e+01,8.2881e+01,8.2241e+01,8.2056e+01,8.1945e+01,8.1960e+01,8.1999e+01,8.1791e+01,8.1690e+01,8.1807e+01,8.1635e+01,8.1549e+01,8.0929e+01,8.0649e+01,8.0334e+01,8.0298e+01,8.0452e+01,8.0452e+01,8.0308e+01,8.0938e+01,8.0845e+01,8.0371e+01,8.0187e+01,8.0610e+01,8.0440e+01,8.0355e+01,8.0915e+01,8.1465e+01,8.1451e+01,8.1633e+01,8.1840e+01,8.2048e+01,8.1915e+01,8.1537e+01,8.2129e+01,8.2328e+01,8.3127e+01,8.3550e+01,8.3556e+01,8.4302e+01,8.4152e+01,8.4904e+01,8.4812e+01,8.5530e+01,8.6604e+01,8.7401e+01,8.7606e+01,8.7713e+01,8.8646e+01,8.9109e+01,8.9316e+01,8.9104e+01,8.9912e+01,9.0167e+01,9.1025e+01,9.0674e+01,9.2090e+01,9.3111e+01,9.4793e+01,9.6013e+01,9.7379e+01,9.9073e+01,9.9781e+01,1.0143e+02,1.0133e+02,1.0275e+02,1.0509e+02,1.0658e+02,1.0836e+02,1.1021e+02,1.1235e+02,1.1356e+02,1.1518e+02,1.1641e+02,1.1583e+02,1.1565e+02,1.1576e+02,1.1710e+02,1.1657e+02,1.1632e+02,1.1611e+02,1.1681e+02,1.1675e+02,1.1707e+02,1.1747e+02,1.1831e+02,1.1890e+02,1.1979e+02,1.2052e+02,1.2101e+02,1.2103e+02,1.2136e+02,1.2185e+02,1.2225e+02,1.2270e+02,1.2335e+02,1.2399e+02,1.2458e+02,1.2513e+02,1.2585e+02,1.2619e+02,1.2648e+02,1.2705e+02,1.2728e+02,1.2760e+02,1.2757e+02,1.2739e+02
8.7923e+01,8.7728e+01,8.7565e+01,8.7319e+01,8.7184e+01,8.7123e+01,8.7061e+01,8.7210e+01,8.6927e+01,8.6517e+01,8.6014e+01,8.5538e+01,8.5148e+01,8.4985e+01,8.4876e+01,8.4846e+01,8.4384e+01,8.4140e+01,8.4239e+01,8.4034e+01,8.3810e+01,8.3657e+01,8.3004e+01,8.2908e+01,8.2381e+01,8.2216e+01,8.1573e+01,8.1391e+01,8.1282e+01,8.1291e+01,8.1327e+01,8.1127e+01,8.1036e+01,8.1150e+01,8.0982e+01,8.0904e+01,8.0293e+01,8.0009e+01,7.9702e+01,7.9683e+01,7.9846e+01,7.9856e+01,7.9719e+01,8.0355e+01,8.0255e+01,7.9773e+01,7.9576e+01,7.9995e+01,7.9818e+01,7.9719e+01,8.0277e+01,8.0823e+01,8.0806e+01,8.0992e+01,8.1184e+01,8.1383e+01,8.1243e+01,8.0866e+01,8.1444e+01,8.1631e+01,8.2421e+01,8.2844e+01,8.2845e+01,8.3591e+01,8.3448e+01,8.4202e+01,8.4106e+01,8.4822e+01,8.5901e+01,8.6693e+01,8.6889e+01,8.6991e+01,8.7921e+01,8.8376e+01,8.8576e+01,8.8354e+01,8.9160e+01,8.9407e+01,9.0269e+01,8.9923e+01,9.1348e+01,9.2377e+01,9.4067e+01,9.5293e+01,9.6668e+01,9.8370e+01,9.9079e+01,1.0073e+02,1.0063e+02,1.0206e+02,1.0441e+02,1.0591e+02,1.0770e+02,1.0956e+02,1.1170e+02,1.1292e+02,1.1455e+02,1.1578e+02,1.1520e+02,1.1501e+02,1.1512e+02,1.1647e+02,1.1594e+02,1.1568e+02,1.1548e+02,1.1617e+02,1.1611e+02,1.1644e+02,1.1684e+02,1.1768e+02,1.1828e+02,1.1918e+02,1.1991e+02,1.2039e+02,1.2042e+02,1.2075e+02,1.2124e+02,1.2164e+02,1.2210e+02,1.2275e+02,1.2340e+02,1.2398e+02,1.2454e+02,1.2526e+02,1.2561e+02,1.2589e+02,1.2647e+02,1.2670e+02,1.2703e+02,1.2699e+02,1.2681e+02
8.7469e+01,8.7275e+01,8.7113e+01,8.6864e+01,8.6727e+01,8.6667e+01,8.6603e+01,8.6752e+01,8.6464e+01,8.6054e+01,8.5548e+01,8.5067e+01,8.4676e+01,8.4512e+01,8.4401e+01,8.4369e+01,8.3906e+01,8.3659e+01,8.3753e+01,8.3546e+01,8.3319e+01,8.3169e+01,8.2509e+01,8.2408e+01,8.1875e+01,8.1706e+01,8.1061e+01,8.0882e+01,8.0775e+01,8.0777e+01,8.0809e+01,8.0615e+01,8.0535e+01,8.0647e+01,8.0478e+01,8.0408e+01,7.9804e+01,7.9515e+01,7.9214e+01,7.9212e+01,7.9386e+01,7.9406e+01,7.9281e+01,7.9925e+01,7.9828e+01,7.9347e+01,7.9141e+01,7.9564e+01,7.9387e+01,7.9277e+01,7.9838e+01,8.0380e+01,8.0356e+01,8.0539e+01,8.0718e+01,8.0906e+01,8.0757e+01,8.0377e+01,8.0942e+01,8.1116e+01,8.1895e+01,8.2317e+01,8.2311e+01,8.3055e+01,8.2915e+01,8.3670e+01,8.3569e+01,8.4282e+01,8.5367e+01,8.6153e+01,8.6338e+01,8.6435e+01,8.7359e+01,8.7806e+01,8.7996e+01,8.7766e+01,8.8570e+01,8.8808e+01,8.9675e+01,8.9338e+01,9.0772e+01,9.1812e+01,9.3509e+01,9.4743e+01,9.6130e+01,9.7837e+01,9.8543e+01,1.0020e+02,1.0010e+02,1.0153e+02,1.0389e+02,1.0539e+02,1.0719e+02,1.0906e+02,1.1121e+02,1.1244e+02,1.1407e+02,1.1531e+02,1.1473e+02,1.1454e+02,1.1466e+02,1.1602e+02,1.1549e+02,1.1522e+02,1.1502e+02,1.1572e+02,1.1566e+02,1.1598e+02,1.1639e+02,1.1724e+02,1.1784e+02,1.1874e+02,1.1947e+02,1.1996e+02,1.1999e+02,1.2032e+02,1.2081e+02,1.2122e+02,1.2168e+02,1.2234e+02,1.2299e+02,1.2358e+02,1.2414e+02,1.2487e+02,1.2521e+02,1.2550e+02,1.2608e+02,1.2631e+02,1.2664e+02,1.2660e+02,1.2642e+02
8.6983e+01,8.6791e+01,8.6637e+01,8.6388e+01,8.6252e+01,8.6197e+01,8.6133e+01,8.6282e+01,8.5986e+01,8.5567e+01,8.5057e+01,8.4573e+01,8.4177e+01,8.4012e+01,8.3900e+01,8.3870e+01,8.3402e+01,8.3147e+01,8.3241e+01,8.3038e+01,8.2810e+01,8.2662e+01,8.1996e+01,8.1895e+01,8.1358e+01,8.1188e+01,8.0542e+01,8.0362e+01,8.0256e+01,8.0257e+01,8.0288e+01,8.0101e+01,8.0026e+01,8.0134e+01,7.9968e+01,7.9906e+01,7.9314e+01,7.9028e+01,7.8735e+01,7.8746e+01,7.8932e+01,7.8962e+01,7.8842e+01,7.9492e+01,7.9392e+01,7.8908e+01,7.8696e+01,7.9115e+01,7.8933e+01,7.8815e+01,7.9376e+01,7.9909e+01,7.9877e+01,8.0067e+01,8.0232e+01,8.0412e+01,8.0259e+01,7.9875e+01,8.0431e+01,8.0597e+01,8.1372e+01,8.1792e+01,8.1780e+01,8.2522e+01,8.2384e+01,8.3137e+01,8.3030e+01,8.3738e+01,8.4828e+01,8.5611e+01,8.5788e+01,8.5884e+01,8.6804e+01,8.7244e+01,8.7429e+01,8.7192e+01,8.7993e+01,8.8225e+01,8.9097e+01,8.8765e+01,9.0207e+01,9.1256e+01,9.2959e+01,9.4198e+01,9.5593e+01,9.7305e+01,9.8012e+01,9.9675e+01,9.9567e+01,1.0100e+02,1.0338e+02,1.0488e+02,1.0668e+02,1.0856e+02,1.1072e+02,1.1194e+02,1.1359e+02,1.1483e+02,1.1425e+02,1.1406e+02,1.1417e+02,1.1553e+02,1.1500e+02,1.1473e+02,1.1453e+02,1.1522e+02,1.1517e+02,1.1550e+02,1.1590e+02,1.1675e+02,1.1736e+02,1.1826e+02,1.1900e+02,1.1948e+02,1.1951e+02,1.1985e+02,1.2034e+02,1.2075e+02,1.2121e+02,1.2188e+02,1.2253e+02,1.2312e+02,1.2368e+02,1.2442e+02,1.2476e+02,1.2505e+02,1.2563e+02,1.2586e+02,1.2619e+02,1.2616e+02,1.2597e+02
8.6499e+01,8.6308e+01,8.6159e+01,8.5912e+01,8.5780e+01,8.5728e+01,8.5666e+01,8.5818e+01,8.5520e+01,8.5095e+01,8.4583e+01,8.4097e+01,8.3700e+01,8.3535e+01,8.3420e+01,8.3386e+01,8.2911e+01,8.2651e+01,8.2747e+01,8.2541e+01,8.2316e+01,8.2172e+01,8.1500e+01,8.1398e+01,8.0861e+01,8.0687e+01,8.0042e+01,7.9863e+01,7.9754e+01,7.9748e+01,7.9775e+01,7.9590e+01,7.9525e+01,7.9636e+01,7.9472e+01,7.9414e+01,7.8833e+01,7.8549e+01,7.8260e+01,7.8281e+01,7.8471e+01,7.8505e+01,7.8386e+01,7.9037e+01,7.8936e+01,7.8450e+01,7.8237e+01,7.8657e+01,7.8479e+01,7.8360e+01,7.8928e+01,7.9459e+01,7.9423e+01,7.9620e+01,7.9776e+01,7.9949e+01,7.9794e+01,7.9404e+01,7.9956e+01,8.0117e+01,8.0894e+01,8.1312e+01,8.1292e+01,8.2033e+01,8.1891e+01,8.2639e+01,8.2522e+01,8.3226e+01,8.4324e+01,8.5104e+01,8.5274e+01,8.5374e+01,8.6289e+01,8.6725e+01,8.6900e+01,8.6656e+01,8.7460e+01,8.7685e+01,8.8567e+01,8.8245e+01,8.9700e+01,9.0759e+01,9.2470e+01,9.3721e+01,9.5127e+01,9.6846e+01,9.7548e+01,9.9215e+01,9.9103e+01,1.0054e+02,1.0292e+02,1.0444e+02,1.0623e+02,1.0812e+02,1.1028e+02,1.1151e+02,1.1316e+02,1.1441e+02,1.1383e+02,1.1364e+02,1.1375e+02,1.1511e+02,1.1458e+02,1.1432e+02,1.1411e+02,1.1480e+02,1.1474e+02,1.1507e+02,1.1548e+02,1.1634e+02,1.1695e+02,1.1785e+02,1.1858e+02,1.1906e+02,1.1910e+02,1.1944e+02,1.1993e+02,1.2034e+02,1.2081e+02,1.2148e+02,1.2213e+02,1.2272e+02,1.2328e+02,1.2402e+02,1.2437e+02,1.2465e+02,1.2524e+02,1.2547e+02,1.2580e+02,1.2576e+02,1.2558e+02
8.6206e+01,8.6018e+01,8.5877e+01,8.5634e+01,8.5507e+01,8.5462e+01,8.5404e+01,8.5560e+01,8.5259e+01,8.4823e+01,8.4311e+01,8.3820e+01,8.3418e+01,8.3249e+01,8.3133e+01,8.3099e+01,8.2620e+01,8.2350e+01,8.2448e+01,8.2245e+01,8.2021e+01,8.1878e+01,8.1198e+01,8.1094e+01,8.0554e+01,8.0376e+01,7.9726e+01,7.9545e+01,7.9434e+01,7.9426e+01,7.9449e+01,7.9271e+01,7.9214e+01,7.9321e+01,7.9159e+01,7.9110e+01,7.8543e+01,7.8255e+01,7.7972e+01,7.8008e+01,7.8204e+01,7.8245e+01,7.8133e+01,7.8788e+01,7.8690e+01,7.8208e+01,7.7995e+01,7.8414e+01,7.8242e+01,7.8119e+01,7.8693e+01,7.9215e+01,7.9167e+01,7.9375e+01,7.9517e+01,7.9682e+01,7.9519e+01,7.9122e+01,7.9667e+01,7.9819e+01,8.0595e+01,8.1006e+01,8.0975e+01,8.1708e+01,8.1563e+01,8.2302e+01,8.2175e+01,8.2870e+01,8.3971e+01,8.4745e+01,8.4907e+01,8.5010e+01,8.5918e+01,8.6349e+01,8.6518e+01,8.6273e+01,8.7077e+01,8.7298e+01,8.8187e+01,8.7872e+01,8.9333e+01,9.0397e+01,9.2111e+01,9.3370e+01,9.4782e+01,9.6505e+01,9.7205e+01,9.8875e+01,9.8759e+01,1.0020e+02,1.0259e+02,1.0410e+02,1.0590e+02,1.0779e+02,1.0996e+02,1.1119e+02,1.1284e+02,1.1409e+02,1.1352e+02,1.1331e+02,1.1343e+02,1.1479e+02,1.1425e+02,1.1399e+02,1.1378e+02,1.1448e+02,1.1442e+02,1.1475e+02,1.1515e+02,1.1601e+02,1.1662e+02,1.1752e+02,1.1826e+02,1.1874e+02,1.1878e+02,1.1912e+02,1.1962e+02,1.2003e+02,1.2050e+02,1.2117e+02,1.2183e+02,1.2242e+02,1.2298e+02,1.2372e+02,1.2407e+02,1.2436e+02,1.2494e+02,1.2518e+02,1.2551e+02,1.2547e+02,1.2528e+02
8.5997e+01,8.5809e+01,8.5669e+01,8.5423e+01,8.5295e+01,8.5249e+01,8.5189e+01,8.5344e+01,8.5044e+01,8.4608e+01,8.4097e+01,8.3605e+01,8.3206e+01,8.3039e+01,8.2920e+01,8.2886e+01,8.2399e+01,8.2124e+01,8.2222e+01,8.2017e+01,8.1794e+01,8.1653e+01,8.0966e+01,8.0860e+01,8.0315e+01,8.0131e+01,7.9480e+01,7.9296e+01,7.9183e+01,7.9172e+01,7.9192e+01,7.9017e+01,7.8963e+01,7.9069e+01,7.8909e+01,7.8862e+01,7.8300e+01,7.8013e+01,7.7734e+01,7.7782e+01,7.7981e+01,7.8026e+01,7.7918e+01,7.8579e+01,7.8485e+01,7.8007e+01,7.7791e+01,7.8215e+01,7.8049e+01,7.7920e+01,7.8504e+01,7.9022e+01,7.8974e+01,7.9182e+01,7.9316e+01,7.9480e+01,7.9312e+01,7.8905e+01,7.9446e+01,7.9593e+01,8.0370e+01,8.0781e+01,8.0742e+01,8.1473e+01,8.1323e+01,8.2059e+01,8.1925e+01,8.2617e+01,8.3725e+01,8.4498e+01,8.4655e+01,8.4762e+01,8.5668e+01,8.6097e+01,8.6260e+01,8.6011e+01,8.6819e+01,8.7036e+01,8.7932e+01,8.7625e+01,8.9094e+01,9.0165e+01,9.1884e+01,9.3150e+01,9.4571e+01,9.6298e+01,9.6994e+01,9.8666e+01,9.8547e+01,9.9987e+01,1.0238e+02,1.0390e+02,1.0570e+02,1.0759e+02,1.0976e+02,1.1101e+02,1.1266e+02,1.1391e+02,1.1334e+02,1.1313e+02,1.1325e+02,1.1461e+02,1.1408e+02,1.1382e+02,1.1360e+02,1.1430e+02,1.1424e+02,1.1456e+02,1.1497e+02,1.1583e+02,1.1644e+02,1.1734e+02,1.1807e+02,1.1856e+02,1.1859e+02,1.1893e+02,1.1943e+02,1.1984e+02,1.2031e+02,1.2099e+02,1.2165e+02,1.2224e+02,1.2280e+02,1.2354e+02,1.2389e+02,1.2418e+02,1.2476e+02,1.2500e+02,1.2533e+02,1.2529e+02,1.2510e+02
8.6277e+01,8.6089e+01,8.5948e+01,8.5696e+01,8.5562e+01,8.5513e+01,8.5449e+01,8.5601e+01,8.5301e+01,8.4869e+01,8.4356e+01,8.3867e+01,8.3473e+01,8.3312e+01,8.3192e+01,8.3162e+01,8.2675e+01,8.2399e+01,8.2493e+01,8.2286e+01,8.2060e+01,8.1916e+01,8.1222e+01,8.1111e+01,8.0559e+01,8.0367e+01,7.9711e+01,7.9517e+01,7.9399e+01,7.9384e+01,7.9399e+01,7.9225e+01,7.9174e+01,7.9278e+01,7.9120e+01,7.9076e+01,7.8519e+01,7.8228e+01,7.7959e+01,7.8019e+01,7.8228e+01,7.8277e+01,7.8182e+01,7.8849e+01,7.8766e+01,7.8295e+01,7.8076e+01,7.8508e+01,7.8349e+01,7.8217e+01,7.8811e+01,7.9327e+01,7.9279e+01,7.9479e+01,7.9609e+01,7.9775e+01,7.9599e+01,7.9182e+01,7.9718e+01,7.9859e+01,8.0633e+01,8.1040e+01,8.0997e+01,8.1722e+01,8.1567e+01,8.2298e+01,8.2158e+01,8.2847e+01,8.3957e+01,8.4728e+01,8.4884e+01,8.4998e+01,8.5900e+01,8.6331e+01,8.6493e+01,8.6245e+01,8.7056e+01,8.7271e+01,8.8173e+01,8.7872e+01,8.9342e+01,9.0413e+01,9.2130e+01,9.3400e+01,9.4821e+01,9.6548e+01,9.7242e+01,9.8913e+01,9.8796e+01,1.0023e+02,1.0263e+02,1.0414e+02,1.0593e+02,1.0782e+02,1.0999e+02,1.1124e+02,1.1289e+02,1.1414e+02,1.1357e+02,1.1336e+02,1.1349e+02,1.1484e+02,1.1431e+02,1.1405e+02,1.1384e+02,1.1454e+02,1.1448e+02,1.1480e+02,1.1520e+02,1.1607e+02,1.1668e+02,1.1757e+02,1.1830e+02,1.1878e+02,1.1882e+02,1.1916e+02,1.1966e+02,1.2007e+02,1.2054e+02,1.2122e+02,1.2187e+02,1.2246e+02,1.2302e+02,1.2376e+02,1.2411e+02,1.2440e+02,1.2498e+02,1.2521e+02,1.2555e+02,1.2550e+02,1.2531e+02
8.6564e+01,8.6378e+01,8.6237e+01,8.5983e+01,8.5849e+01,8.5801e+01,8.5737e+01,8.5886e+01,8.5591e+01,8.5158e+01,8.4646e+01,8.4158e+01,8.3767e+01,8.3609e+01,8.3486e+01,8.3458e+01,8.2966e+01,8.2684e+01,8.2778e+01,8.2571e+01,8.2344e+01,8.2200e+01,8.1500e+01,8.1385e+01,8.0830e+01,8.0630e+01,7.9974e+01,7.9773e+01,7.9647e+01,7.9625e+01,7.9632e+01,7.9456e+01,7.9409e+01,7.9510e+01,7.9349e+01,7.9309e+01,7.8761e+01,7.8470e+01,7.8206e+01,7.8278e+01,7.8490e+01,7.8539e+01,7.8447e+01,7.9112e+01,7.9033e+01,7.8573e+01,7.8357e+01,7.8794e+01,7.8644e+01,7.8514e+01,7.9117e+01,7.9632e+01,7.9586e+01,7.9791e+01,7.9916e+01,8.0081e+01,7.9901e+01,7.9477e+01,8.0013e+01,8.0150e+01,8.0929e+01,8.1336e+01,8.1285e+01,8.2009e+01,8.1845e+01,8.2572e+01,8.2421e+01,8.3106e+01,8.4226e+01,8.4995e+01,8.5147e+01,8.5269e+01,8.6168e+01,8.6598e+01,8.6752e+01,8.6502e+01,8.7318e+01,8.7528e+01,8.8441e+01,8.8150e+01,8.9628e+01,9.0705e+01,9.2426e+01,9.3705e+01,9.5134e+01,9.6866e+01,9.7556e+01,9.9230e+01,9.9113e+01,1.0055e+02,1.0295e+02,1.0446e+02,1.0625e+02,1.0815e+02,1.1031e+02,1.1157e+02,1.1322e+02,1.1447e+02,1.1390e+02,1.1369e+02,1.1382e+02,1.1517e+02,1.1464e+02,1.1438e+02,1.1416e+02,1.1486e+02,1.1480e+02,1.1512e+02,1.1552e+02,1.1638e+02,1.1699e+02,1.1789e+02,1.1861e+02,1.1909e+02,1.1912e+02,1.1947e+02,1.1996e+02,1.2038e+02,1.2084e+02,1.2152e+02,1.2218e+02,1.2277e+02,1.2332e+02,1.2406e+02,1.2441e+02,1.2470e+02,1.2528e+02,1.2551e+02,1.2584e+02,1.2580e+02,1.2561e+02
8.6460e+01,8.6270e+01,8.6133e+01,8.5885e+01,8.5753e+01,8.5707e+01,8.5648e+01,8.5803e+01,8.5510e+01,8.5072e+01,8.4555e+01,8.4067e+01,8.3676e+01,8.3515e+01,8.3388e+01,8.3359e+01,8.2860e+01,8.2575e+01,8.2666e+01,8.2454e+01,8.2224e+01,8.2082e+01,8.1379e+01,8.1265e+01,8.0701e+01,8.0498e+01,7.9835e+01,7.9636e+01,7.9516e+01,7.9497e+01,7.9506e+01,7.9335e+01,7.9289e+01,7.9390e+01,7.9237e+01,7.9201e+01,7.8658e+01,7.8361e+01,7.8101e+01,7.8188e+01,7.8404e+01,7.8459e+01,7.8374e+01,7.9036e+01,7.8954e+01,7.8493e+01,7.8268e+01,7.8700e+01,7.8543e+01,7.8402e+01,7.9000e+01,7.9517e+01,7.9471e+01,7.9672e+01,7.9788e+01,7.9946e+01,7.9761e+01,7.9343e+01,7.9868e+01,7.9998e+01,8.0770e+01,8.1179e+01,8.1126e+01,8.1851e+01,8.1693e+01,8.2422e+01,8.2270e+01,8.2953e+01,8.4077e+01,8.4841e+01,8.4984e+01,8.5100e+01,8.5994e+01,8.6419e+01,8.6566e+01,8.6308e+01,8.7120e+01,8.7322e+01,8.8236e+01,8.7952e+01,8.9435e+01,9.0519e+01,9.2244e+01,9.3527e+01,9.4963e+01,9.6697e+01,9.7385e+01,9.9061e+01,9.8939e+01,1.0038e+02,1.0279e+02,1.0430e+02,1.0609e+02,1.0799e+02,1.1016e+02,1.1142e+02,1.1308e+02,1.1433e+02,1.1376e+02,1.1355e+02,1.1368e+02,1.1504e+02,1.1451e+02,1.1425e+02,1.1403e+02,1.1473e+02,1.1467e+02,1.1499e+02,1.1539e+02,1.1626e+02,1.1687e+02,1.1776e+02,1.1849e+02,1.1897e+02,1.1900e+02,1.1935e+02,1.1985e+02,1.2026e+02,1.2072e+02,1.2141e+02,1.2207e+02,1.2265e+02,1.2321e+02,1.2395e+02,1.2430e+02,1.2459e+02,1.2517e+02,1.2540e+02,1.2573e+02,1.2569e+02,1.2550e+02
8.5452e+01,8.5261e+01,8.5130e+01,8.4887e+01,8.4757e+01,8.4713e+01,8.4656e+01,8.4816e+01,8.4520e+01,8.4075e+01,8.3550e+01,8.3060e+01,8.2669e+01,8.2504e+01,8.2373e+01,8.2341e+01,8.1834e+01,8.1545e+01,8.1634e+01,8.1420e+01,8.1188e+01,8.1050e+01,8.0346e+01,8.0234e+01,7.9667e+01,7.9465e+01,7.8793e+01,7.8605e+01,7.8495e+01,7.8484e+01,7.8501e+01,7.8342e+01,7.8297e+01,7.8398e+01,7.8264e+01,7.8237e+01,7.7695e+01,7.7397e+01,7.7137e+01,7.7231e+01,7.7448e+01,7.7513e+01,7.7431e+01,7.8090e+01,7.7994e+01,7.7527e+01,7.7288e+01,7.7707e+01,7.7546e+01,7.7390e+01,7.7982e+01,7.8493e+01,7.8433e+01,7.8632e+01,7.8732e+01,7.8880e+01,7.8690e+01,7.8271e+01,7.8784e+01,7.8911e+01,7.9674e+01,8.0083e+01,8.0030e+01,8.0755e+01,8.0612e+01,8.1345e+01,8.1200e+01,8.1883e+01,8.3005e+01,8.3764e+01,8.3898e+01,8.3999e+01,8.4891e+01,8.5305e+01,8.5452e+01,8.5188e+01,8.5992e+01,8.6192e+01,8.7101e+01,8.6814e+01,8.8300e+01,8.9391e+01,9.1119e+01,9.2403e+01,9.3846e+01,9.5584e+01,9.6269e+01,9.7950e+01,9.7825e+01,9.9268e+01,1.0169e+02,1.0321e+02,1.0500e+02,1.0691e+02,1.0909e+02,1.1036e+02,1.1202e+02,1.1328e+02,1.1271e+02,1.1249e+02,1.1263e+02,1.1399e+02,1.1346e+02,1.1320e+02,1.1298e+02,1.1368e+02,1.1361e+02,1.1393e+02,1.1434e+02,1.1521e+02,1.1582e+02,1.1672e+02,1.1745e+02,1.1792e+02,1.1796e+02,1.1831e+02,1.1881e+02,1.1923e+02,1.1970e+02,1.2038e+02,1.2105e+02,1.2164e+02,1.2220e+02,1.2295e+02,1.2330e+02,1.2359e+02,1.2417e+02,1.2441e+02,1.2474e+02,1.2470e+02,1.2450e+02
8.5049e+01,8.4859e+01,8.4735e+01,8.4497e+01,8.4370e+01,8.4330e+01,8.4277e+01,8.4439e+01,8.4143e+01,8.3693e+01,8.3165e+01,8.2672e+01,8.2282e+01,8.2112e+01,8.1975e+01,8.1947e+01,8.1432e+01,8.1134e+01,8.1219e+01,8.1005e+01,8.0770e+01,8.0637e+01,7.9932e+01,7.9819e+01,7.9247e+01,7.9048e+01,7.8374e+01,7.8197e+01,7.8097e+01,7.8095e+01,7.8118e+01,7.7972e+01,7.7928e+01,7.8026e+01,7.7910e+01,7.7894e+01,7.7356e+01,7.7062e+01,7.6808e+01,7.6915e+01,7.7135e+01,7.7210e+01,7.7138e+01,7.7791e+01,7.7688e+01,7.7223e+01,7.6972e+01,7.7380e+01,7.7218e+01,7.7045e+01,7.7634e+01,7.8139e+01,7.8066e+01,7.8258e+01,7.8339e+01,7.8477e+01,7.8279e+01,7.7860e+01,7.8355e+01,7.8472e+01,7.9221e+01,7.9628e+01,7.9572e+01,8.0295e+01,8.0164e+01,8.0900e+01,8.0756e+01,8.1435e+01,8.2557e+01,8.3310e+01,8.3431e+01,8.3519e+01,8.4405e+01,8.4809e+01,8.4950e+01,8.4678e+01,8.5472e+01,8.5664e+01,8.6567e+01,8.6281e+01,8.7768e+01,8.8865e+01,9.0595e+01,9.1877e+01,9.3325e+01,9.5061e+01,9.5744e+01,9.7423e+01,9.7292e+01,9.8738e+01,1.0116e+02,1.0269e+02,1.0449e+02,1.0640e+02,1.0858e+02,1.0985e+02,1.1152e+02,1.1278e+02,1.1222e+02,1.1200e+02,1.1214e+02,1.1351e+02,1.1298e+02,1.1272e+02,1.1249e+02,1.1320e+02,1.1313e+02,1.1345e+02,1.1386e+02,1.1473e+02,1.1535e+02,1.1625e+02,1.1698e+02,1.1746e+02,1.1750e+02,1.1785e+02,1.1836e+02,1.1878e+02,1.1925e+02,1.1994e+02,1.2061e+02,1.2120e+02,1.2176e+02,1.2251e+02,1.2287e+02,1.2316e+02,1.2375e+02,1.2398e+02,1.2431e+02,1.2427e+02,1.2408e+02
8.4128e+01,8.3935e+01,8.3816e+01,8.3581e+01,8.3453e+01,8.3414e+01,8.3362e+01,8.3524e+01,8.3223e+01,8.2765e+01,8.2231e+01,8.1732e+01,8.1339e+01,8.1162e+01,8.1023e+01,8.0995e+01,8.0471e+01,8.0174e+01,8.0260e+01,8.0042e+01,7.9806e+01,7.9676e+01,7.8973e+01,7.8864e+01,7.8292e+01,7.8096e+01,7.7418e+01,7.7250e+01,7.7157e+01,7.7164e+01,7.7199e+01,7.7065e+01,7.7018e+01,7.7121e+01,7.7026e+01,7.7014e+01,7.6473e+01,7.6179e+01,7.5927e+01,7.6041e+01,7.6263e+01,7.6351e+01,7.6279e+01,7.6932e+01,7.6810e+01,7.6333e+01,7.6066e+01,7.6460e+01,7.6289e+01,7.6103e+01,7.6689e+01,7.7184e+01,7.7096e+01,7.7288e+01,7.7354e+01,7.7486e+01,7.7288e+01,7.6868e+01,7.7356e+01,7.7472e+01,7.8215e+01,7.8624e+01,7.8570e+01,7.9293e+01,7.9176e+01,7.9916e+01,7.9781e+01,8.0461e+01,8.1578e+01,8.2326e+01,8.2443e+01,8.2515e+01,8.3400e+01,8.3796e+01,8.3939e+01,8.3665e+01,8.4452e+01,8.4644e+01,8.5540e+01,8.5248e+01,8.6736e+01,8.7836e+01,8.9568e+01,9.0849e+01,9.2300e+01,9.4036e+01,9.4716e+01,9.6396e+01,9.6260e+01,9.7706e+01,1.0013e+02,1.0167e+02,1.0347e+02,1.0539e+02,1.0758e+02,1.0885e+02,1.1052e+02,1.1179e+02,1.1122e+02,1.1101e+02,1.1115e+02,1.1252e+02,1.1199e+02,1.1172e+02,1.1150e+02,1.1221e+02,1.1214e+02,1.1246e+02,1.1287e+02,1.1375e+02,1.1437e+02,1.1527e+02,1.1601e+02,1.1649e+02,1.1653e+02,1.1689e+02,1.1739e+02,1.1781e+02,1.1829e+02,1.1899e+02,1.1965e+02,1.2026e+02,1.2082e+02,1.2158e+02,1.2193e+02,1.2223e+02,1.2282e+02,1.2306e+02,1.2340e+02,1.2335e+02,1.2316e+02
8.3543e+01,8.3351e+01,8.3230e+01,8.2988e+01,8.2853e+01,8.2809e+01,8.2749e+01,8.2905e+01,8.2598e+01,8.2139e+01,8.1596e+01,8.1094e+01,8.0700e+01,8.0527e+01,8.0387e+01,8.0354e+01,7.9824e+01,7.9530e+01,7.9623e+01,7.9401e+01,7.9163e+01,7.9038e+01,7.8335e+01,7.8226e+01,7.7659e+01,7.7463e+01,7.6780e+01,7.6610e+01,7.6507e+01,7.6508e+01,7.6538e+01,7.6406e+01,7.6368e+01,7.6468e+01,7.6373e+01,7.6368e+01,7.5827e+01,7.5530e+01,7.5270e+01,7.5381e+01,7.5599e+01,7.5685e+01,7.5603e+01,7.6263e+01,7.6141e+01,7.5661e+01,7.5394e+01,7.5792e+01,7.5622e+01,7.5439e+01,7.6035e+01,7.6531e+01,7.6436e+01,7.6627e+01,7.6686e+01,7.6816e+01,7.6611e+01,7.6181e+01,7.6665e+01,7.6777e+01,7.7515e+01,7.7921e+01,7.7862e+01,7.8580e+01,7.8468e+01,7.9208e+01,7.9075e+01,7.9753e+01,8.0865e+01,8.1609e+01,8.1724e+01,8.1792e+01,8.2676e+01,8.3073e+01,8.3223e+01,8.2956e+01,8.3744e+01,8.3945e+01,8.4839e+01,8.4540e+01,8.6023e+01,8.7116e+01,8.8847e+01,9.0126e+01,9.1574e+01,9.3311e+01,9.3990e+01,9.5673e+01,9.5545e+01,9.6991e+01,9.9418e+01,1.0095e+02,1.0276e+02,1.0468e+02,1.0686e+02,1.0813e+02,1.0980e+02,1.1107e+02,1.1050e+02,1.1028e+02,1.1042e+02,1.1178e+02,1.1125e+02,1.1099e+02,1.1076e+02,1.1147e+02,1.1141e+02,1.1174e+02,1.1215e+02,1.1303e+02,1.1365e+02,1.1456e+02,1.1530e+02,1.1578e+02,1.1582e+02,1.1618e+02,1.1668e+02,1.1711e+02,1.1759e+02,1.1829e+02,1.1895e+02,1.1956e+02,1.2013e+02,1.2089e+02,1.2125e+02,1.2154e+02,1.2214e+02,1.2238e+02,1.2272e+02,1.2268e+02,1.2248e+02
8.2695e+01,8.2499e+01,8.2386e+01,8.2143e+01,8.2011e+01,8.1968e+01,8.1906e+01,8.2062e+01,8.1747e+01,8.1277e+01,8.0727e+01,8.0218e+01,7.9819e+01,7.9641e+01,7.9496e+01,7.9461e+01,7.8916e+01,7.8622e+01,7.8720e+01,7.8497e+01,7.8258e+01,7.8139e+01,7.7442e+01,7.7342e+01,7.6780e+01,7.6584e+01,7.5902e+01,7.5735e+01,7.5628e+01,7.5635e+01,7.5679e+01,7.5548e+01,7.5508e+01,7.5616e+01,7.5537e+01,7.5535e+01,7.5004e+01,7.4717e+01,7.4464e+01,7.4581e+01,7.4804e+01,7.4908e+01,7.4823e+01,7.5484e+01,7.5333e+01,7.4833e+01,7.4540e+01,7.4917e+01,7.4733e+01,7.4532e+01,7.5120e+01,7.5596e+01,7.5489e+01,7.5685e+01,7.5731e+01,7.5858e+01,7.5659e+01,7.5229e+01,7.5708e+01,7.5826e+01,7.6567e+01,7.6974e+01,7.6924e+01,7.7645e+01,7.7539e+01,7.8282e+01,7.8160e+01,7.8846e+01,7.9953e+01,8.0702e+01,8.0823e+01,8.0880e+01,8.1771e+01,8.2171e+01,8.2333e+01,8.2072e+01,8.2861e+01,8.3075e+01,8.3963e+01,8.3650e+01,8.5131e+01,8.6218e+01,8.7952e+01,8.9229e+01,9.0673e+01,9.2414e+01,9.3100e+01,9.4789e+01,9.4662e+01,9.6117e+01,9.8549e+01,1.0009e+02,1.0191e+02,1.0383e+02,1.0602e+02,1.0729e+02,1.0896e+02,1.1022e+02,1.0965e+02,1.0943e+02,1.0956e+02,1.1092e+02,1.1039e+02,1.1012e+02,1.0989e+02,1.1060e+02,1.1053e+02,1.1086e+02,1.1128e+02,1.1216e+02,1.1279e+02,1.1370e+02,1.1444e+02,1.1492e+02,1.1496e+02,1.1533e+02,1.1583e+02,1.1625e+02,1.1674e+02,1.1744e+02,1.1811e+02,1.1872e+02,1.1929e+02,1.2006e+02,1.2041e+02,1.2071e+02,1.2132e+02,1.2156e+02,1.2190e+02,1.2186e+02,1.2166e+02
8.2074e+01,8.1876e+01,8.1766e+01,8.1521e+01,8.1386e+01,8.1340e+01,8.1271e+01,8.1423e+01,8.1100e+01,8.0626e+01,8.0067e+01,7.9558e+01,7.9161e+01,7.8988e+01,7.8836e+01,7.8794e+01,7.8241e+01,7.7943e+01,7.8050e+01,7.7827e+01,7.7587e+01,7.7476e+01,7.6777e+01,7.6682e+01,7.6122e+01,7.5925e+01,7.5238e+01,7.5068e+01,7.4957e+01,7.4965e+01,7.5006e+01,7.4887e+01,7.4853e+01,7.4952e+01,7.4880e+01,7.4896e+01,7.4370e+01,7.4088e+01,7.3830e+01,7.3942e+01,7.4162e+01,7.4264e+01,7.4172e+01,7.4837e+01,7.4680e+01,7.4177e+01,7.3881e+01,7.4254e+01,7.4073e+01,7.3873e+01,7.4469e+01,7.4943e+01,7.4823e+01,7.5011e+01,7.5045e+01,7.5163e+01,7.4955e+01,7.4518e+01,7.4990e+01,7.5104e+01,7.5839e+01,7.6243e+01,7.6191e+01,7.6907e+01,7.6809e+01,7.7552e+01,7.7435e+01,7.8119e+01,7.9221e+01,7.9966e+01,8.0085e+01,8.0132e+01,8.1022e+01,8.1418e+01,8.1587e+01,8.1328e+01,8.2111e+01,8.2329e+01,8.3208e+01,8.2886e+01,8.4361e+01,8.5444e+01,8.7175e+01,8.8446e+01,8.9885e+01,9.1624e+01,9.2312e+01,9.4001e+01,9.3875e+01,9.5335e+01,9.7767e+01,9.9309e+01,1.0113e+02,1.0306e+02,1.0524e+02,1.0651e+02,1.0818e+02,1.0944e+02,1.0886e+02,1.0865e+02,1.0877e+02,1.1014e+02,1.0960e+02,1.0933e+02,1.0909e+02,1.0980e+02,1.0974e+02,1.1007e+02,1.1049e+02,1.1137e+02,1.1200e+02,1.1291e+02,1.1365e+02,1.1413e+02,1.1418e+02,1.1454e+02,1.1504e+02,1.1547e+02,1.1596e+02,1.1666e+02,1.1733e+02,1.1795e+02,1.1853e+02,1.1930e+02,1.1966e+02,1.1996e+02,1.2057e+02,1.2081e+02,1.2116e+02,1.2112e+02,1.2092e+02
8.1409e+01,8.1206e+01,8.1101e+01,8.0855e+01,8.0716e+01,8.0666e+01,8.0592e+01,8.0740e+01,8.0416e+01,7.9941e+01,7.9374e+01,7.8863e+01,7.8465e+01,7.8297e+01,7.8143e+01,7.8097e+01,7.7531e+01,7.7233e+01,7.7352e+01,7.7129e+01,7.6891e+01,7.6790e+01,7.6099e+01,7.6011e+01,7.5463e+01,7.5270e+01,7.4584e+01,7.4416e+01,7.4298e+01,7.4307e+01,7.4354e+01,7.4240e+01,7.4209e+01,7.4306e+01,7.4246e+01,7.4273e+01,7.3758e+01,7.3480e+01,7.3226e+01,7.3334e+01,7.3556e+01,7.3664e+01,7.3568e+01,7.4235e+01,7.4061e+01,7.3550e+01,7.3237e+01,7.3599e+01,7.3415e+01,7.3205e+01,7.3804e+01,7.4269e+01,7.4131e+01,7.4314e+01,7.4333e+01,7.4446e+01,7.4237e+01,7.3792e+01,7.4256e+01,7.4373e+01,7.5107e+01,7.5505e+01,7.5458e+01,7.6171e+01,7.6077e+01,7.6817e+01,7.6711e+01,7.7400e+01,7.8494e+01,7.9241e+01,7.9367e+01,7.9406e+01,8.0302e+01,8.0702e+01,8.0884e+01,8.0634e+01,8.1419e+01,8.1649e+01,8.2521e+01,8.2186e+01,8.3655e+01,8.4730e+01,8.6461e+01,8.7728e+01,8.9160e+01,9.0900e+01,9.1593e+01,9.3285e+01,9.3162e+01,9.4625e+01,9.7057e+01,9.8602e+01,1.0043e+02,1.0235e+02,1.0454e+02,1.0580e+02,1.0747e+02,1.0873e+02,1.0814e+02,1.0793e+02,1.0804e+02,1.0941e+02,1.0886e+02,1.0859e+02,1.0835e+02,1.0906e+02,1.0899e+02,1.0933e+02,1.0975e+02,1.1063e+02,1.1126e+02,1.1217e+02,1.1291e+02,1.1339e+02,1.1344e+02,1.1381e+02,1.1432e+02,1.1474e+02,1.1524e+02,1.1594e+02,1.1661e+02,1.1723e+02,1.1781e+02,1.1859e+02,1.1894e+02,1.1925e+02,1.1986e+02,1.2011e+02,1.2046e+02,1.2042e+02,1.2022e+02
8.0541e+01,8.0337e+01,8.0241e+01,7.9995e+01,7.9860e+01,7.9809e+01,7.9732e+01,7.9877e+01,7.9543e+01,7.9060e+01,7.8478e+01,7.7963e+01,7.7557e+01,7.7390e+01,7.7230e+01,7.7184e+01,7.6611e+01,7.6319e+01,7.6433e+01,7.6204e+01,7.5971e+01,7.5874e+01,7.5188e+01,7.5102e+01,7.4550e+01,7.4364e+01,7.3674e+01,7.3516e+01,7.3402e+01,7.3418e+01,7.3474e+01,7.3359e+01,7.3325e+01,7.3429e+01,7.3382e+01,7.3409e+01,7.2896e+01,7.2634e+01,7.2385e+01,7.2487e+01,7.2712e+01,7.2825e+01,7.2723e+01,7.3386e+01,7.3183e+01,7.2653e+01,7.2320e+01,7.2659e+01,7.2461e+01,7.2239e+01,7.2820e+01,7.3277e+01,7.3132e+01,7.3315e+01,7.3328e+01,7.3434e+01,7.3226e+01,7.2788e+01,7.3249e+01,7.3367e+01,7.4105e+01,7.4507e+01,7.4465e+01,7.5183e+01,7.5096e+01,7.5843e+01,7.5746e+01,7.6441e+01,7.7536e+01,7.8284e+01,7.8411e+01,7.8442e+01,7.9344e+01,7.9749e+01,7.9941e+01,7.9695e+01,8.0483e+01,8.0725e+01,8.1594e+01,8.1248e+01,8.2715e+01,8.3785e+01,8.5519e+01,8.6786e+01,8.8216e+01,8.9964e+01,9.0667e+01,9.2369e+01,9.2254e+01,9.3732e+01,9.6172e+01,9.7723e+01,9.9572e+01,1.0150e+02,1.0369e+02,1.0496e+02,1.0663e+02,1.0789e+02,1.0729e+02,1.0707e+02,1.0718e+02,1.0855e+02,1.0800e+02,1.0772e+02,1.0748e+02,1.0819e+02,1.0813e+02,1.0847e+02,1.0889e+02,1.0978e+02,1.1041e+02,1.1132e+02,1.1206e+02,1.1254e+02,1.1260e+02,1.1297e+02,1.1348e+02,1.1391e+02,1.1440e+02,1.1511e+02,1.1578e+02,1.1640e+02,1.1699e+02,1.1777e+02,1.1813e+02,1.1844e+02,1.1906e+02,1.1930e+02,1.1966e+02,1.1962e+02,1.1942e+02
7.9438e+01,7.9237e+01,7.9150e+01,7.8905e+01,7.8775e+01,7.8730e+01,7.8649e+01,7.8798e+01,7.8450e+01,7.7958e+01,7.7364e+01,7.6839e+01,7.6428e+01,7.6256e+01,7.6084e+01,7.6040e+01,7.5462e+01,7.5168e+01,7.5267e+01,7.5033e+01,7.4795e+01,7.4696e+01,7.4005e+01,7.3912e+01,7.3342e+01,7.3151e+01,7.2454e+01,7.2299e+01,7.2189e+01,7.2218e+01,7.2285e+01,7.2175e+01,7.2131e+01,7.2241e+01,7.2209e+01,7.2233e+01,7.1725e+01,7.1478e+01,7.1246e+01,7.1357e+01,7.1592e+01,7.1725e+01,7.1637e+01,7.2296e+01,7.2070e+01,7.1537e+01,7.1186e+01,7.1507e+01,7.1306e+01,7.1067e+01,7.1648e+01,7.2092e+01,7.1929e+01,7.2109e+01,7.2108e+01,7.2206e+01,7.1991e+01,7.1551e+01,7.2005e+01,7.2121e+01,7.2856e+01,7.3263e+01,7.3221e+01,7.3946e+01,7.3868e+01,7.4627e+01,7.4539e+01,7.5244e+01,7.6343e+01,7.7094e+01,7.7215e+01,7.7228e+01,7.8133e+01,7.8532e+01,7.8726e+01,7.8473e+01,7.9258e+01,7.9500e+01,8.0366e+01,8.0012e+01,8.1483e+01,8.2559e+01,8.4302e+01,8.5569e+01,8.7005e+01,8.8760e+01,8.9470e+01,9.1180e+01,9.1065e+01,9.2554e+01,9.5007e+01,9.6571e+01,9.8432e+01,1.0037e+02,1.0258e+02,1.0385e+02,1.0554e+02,1.0680e+02,1.0620e+02,1.0597e+02,1.0608e+02,1.0746e+02,1.0691e+02,1.0662e+02,1.0639e+02,1.0710e+02,1.0703e+02,1.0737e+02,1.0780e+02,1.0869e+02,1.0932e+02,1.1024e+02,1.1098e+02,1.1147e+02,1.1152e+02,1.1190e+02,1.1241e+02,1.1284e+02,1.1334e+02,1.1405e+02,1.1473e+02,1.1536e+02,1.1595e+02,1.1674e+02,1.1710e+02,1.1742e+02,1.1804e+02,1.1829e+02,1.1865e+02,1.1862e+02,1.1841e+02
7.8527e+01,7.8327e+01,7.8248e+01,7.8003e+01,7.7876e+01,7.7841e+01,7.7757e+01,7.7914e+01,7.7555e+01,7.7053e+01,7.6447e+01,7.5913e+01,7.5499e+01,7.5326e+01,7.5142e+01,7.5098e+01,7.4514e+01,7.4216e+01,7.4307e+01,7.4071e+01,7.3830e+01,7.3729e+01,7.3034e+01,7.2941e+01,7.2360e+01,7.2167e+01,7.1466e+01,7.1312e+01,7.1204e+01,7.1250e+01,7.1327e+01,7.1217e+01,7.1157e+01,7.1268e+01,7.1246e+01,7.1268e+01,7.0765e+01,7.0524e+01,7.0300e+01,7.0415e+01,7.0657e+01,7.0803e+01,7.0723e+01,7.1383e+01,7.1137e+01,7.0595e+01,7.0223e+01,7.0530e+01,7.0328e+01,7.0077e+01,7.0660e+01,7.1095e+01,7.0921e+01,7.1105e+01,7.1094e+01,7.1193e+01,7.0978e+01,7.0530e+01,7.0980e+01,7.1097e+01,7.1840e+01,7.2244e+01,7.2204e+01,7.2930e+01,7.2851e+01,7.3613e+01,7.3531e+01,7.4241e+01,7.5339e+01,7.6094e+01,7.6219e+01,7.6227e+01,7.7139e+01,7.7542e+01,7.7746e+01,7.7498e+01,7.8290e+01,7.8544e+01,7.9410e+01,7.9046e+01,8.0519e+01,8.1591e+01,8.3338e+01,8.4608e+01,8.6040e+01,8.7804e+01,8.8522e+01,9.0240e+01,9.0131e+01,9.1629e+01,9.4089e+01,9.5656e+01,9.7527e+01,9.9469e+01,1.0168e+02,1.0295e+02,1.0464e+02,1.0591e+02,1.0530e+02,1.0506e+02,1.0517e+02,1.0656e+02,1.0600e+02,1.0571e+02,1.0547e+02,1.0618e+02,1.0611e+02,1.0645e+02,1.0688e+02,1.0777e+02,1.0841e+02,1.0932e+02,1.1007e+02,1.1056e+02,1.1062e+02,1.1099e+02,1.1151e+02,1.1194e+02,1.1244e+02,1.1316e+02,1.1383e+02,1.1446e+02,1.1506e+02,1.1586e+02,1.1622e+02,1.1654e+02,1.1717e+02,1.1742e+02,1.1779e+02,1.1775e+02,1.1755e+02
7.7435e+01,7.7235e+01,7.7162e+01,7.6917e+01,7.6794e+01,7.6763e+01,7.6678e+01,7.6841e+01,7.6466e+01,7.5955e+01,7.5336e+01,7.4788e+01,7.4366e+01,7.4188e+01,7.4000e+01,7.3962e+01,7.3378e+01,7.3082e+01,7.3158e+01,7.2921e+01,7.2672e+01,7.2576e+01,7.1885e+01,7.1790e+01,7.1205e+01,7.1010e+01,7.0304e+01,7.0152e+01,7.0048e+01,7.0100e+01,7.0187e+01,7.0073e+01,7.0005e+01,7.0125e+01,7.0113e+01,7.0129e+01,6.9633e+01,6.9404e+01,6.9199e+01,6.9319e+01,6.9579e+01,6.9753e+01,6.9686e+01,7.0358e+01,7.0084e+01,6.9518e+01,6.9115e+01,6.9406e+01,6.9191e+01,6.8918e+01,6.9498e+01,6.9914e+01,6.9731e+01,6.9915e+01,6.9895e+01,7.0001e+01,6.9789e+01,6.9331e+01,6.9774e+01,6.9895e+01,7.0636e+01,7.1037e+01,7.1004e+01,7.1730e+01,7.1655e+01,7.2423e+01,7.2356e+01,7.3075e+01,7.4168e+01,7.4929e+01,7.5060e+01,7.5056e+01,7.5977e+01,7.6388e+01,7.6608e+01,7.6368e+01,7.7167e+01,7.7440e+01,7.8303e+01,7.7920e+01,7.9388e+01,8.0449e+01,8.2200e+01,8.3468e+01,8.4892e+01,8.6665e+01,8.7396e+01,8.9127e+01,8.9030e+01,9.0545e+01,9.3010e+01,9.4584e+01,9.6475e+01,9.8424e+01,1.0063e+02,1.0190e+02,1.0361e+02,1.0487e+02,1.0424e+02,1.0400e+02,1.0409e+02,1.0549e+02,1.0492e+02,1.0462e+02,1.0437e+02,1.0508e+02,1.0500e+02,1.0534e+02,1.0577e+02,1.0666e+02,1.0730e+02,1.0821e+02,1.0896e+02,1.0944e+02,1.0950e+02,1.0988e+02,1.1040e+02,1.1083e+02,1.1133e+02,1.1205e+02,1.1273e+02,1.1336e+02,1.1396e+02,1.1477e+02,1.1513e+02,1.1545e+02,1.1609e+02,1.1635e+02,1.1671e+02,1.1668e+02,1.1647e+02
7.6241e+01,7.6034e+01,7.5961e+01,7.5713e+01,7.5591e+01,7.5564e+01,7.5481e+01,7.5648e+01,7.5268e+01,7.4746e+01,7.4117e+01,7.3565e+01,7.3135e+01,7.2949e+01,7.2764e+01,7.2730e+01,7.2143e+01,7.1854e+01,7.1928e+01,7.1680e+01,7.1429e+01,7.1330e+01,7.0635e+01,7.0539e+01,6.9950e+01,6.9747e+01,6.9032e+01,6.8877e+01,6.8777e+01,6.8832e+01,6.8932e+01,6.8824e+01,6.8753e+01,6.8881e+01,6.8890e+01,6.8907e+01,6.8426e+01,6.8198e+01,6.8017e+01,6.8149e+01,6.8427e+01,6.8626e+01,6.8578e+01,6.9251e+01,6.8957e+01,6.8382e+01,6.7951e+01,6.8228e+01,6.8012e+01,6.7714e+01,6.8291e+01,6.8689e+01,6.8484e+01,6.8665e+01,6.8624e+01,6.8727e+01,6.8509e+01,6.8040e+01,6.8473e+01,6.8590e+01,6.9333e+01,6.9726e+01,6.9695e+01,7.0418e+01,7.0346e+01,7.1113e+01,7.1055e+01,7.1781e+01,7.2870e+01,7.3636e+01,7.3773e+01,7.3762e+01,7.4693e+01,7.5107e+01,7.5335e+01,7.5099e+01,7.5905e+01,7.6189e+01,7.7054e+01,7.6658e+01,7.8131e+01,7.9190e+01,8.0951e+01,8.2224e+01,8.3648e+01,8.5435e+01,8.6181e+01,8.7926e+01,8.7835e+01,8.9368e+01,9.1848e+01,9.3435e+01,9.5347e+01,9.7311e+01,9.9526e+01,1.0080e+02,1.0252e+02,1.0378e+02,1.0314e+02,1.0288e+02,1.0297e+02,1.0438e+02,1.0380e+02,1.0349e+02,1.0323e+02,1.0393e+02,1.0385e+02,1.0419e+02,1.0462e+02,1.0551e+02,1.0615e+02,1.0707e+02,1.0782e+02,1.0831e+02,1.0836e+02,1.0874e+02,1.0926e+02,1.0970e+02,1.1020e+02,1.1093e+02,1.1160e+02,1.1224e+02,1.1285e+02,1.1366e+02,1.1402e+02,1.1435e+02,1.1499e+02,1.1525e+02,1.1562e+02,1.1559e+02,1.1538e+02
7.5176e+01,7.4970e+01,7.4904e+01,7.4659e+01,7.4544e+01,7.4526e+01,7.4445e+01,7.4623e+01,7.4232e+01,7.3697e+01,7.3064e+01,7.2506e+01,7.2070e+01,7.1876e+01,7.1691e+01,7.1667e+01,7.1076e+01,7.0782e+01,7.0852e+01,7.0595e+01,7.0334e+01,7.0232e+01,6.9523e+01,6.9417e+01,6.8806e+01,6.8587e+01,6.7854e+01,6.7693e+01,6.7607e+01,6.7681e+01,6.7800e+01,6.7707e+01,6.7629e+01,6.7759e+01,6.7796e+01,6.7820e+01,6.7340e+01,6.7112e+01,6.6955e+01,6.7103e+01,6.7394e+01,6.7614e+01,6.7587e+01,6.8265e+01,6.7958e+01,6.7380e+01,6.6918e+01,6.7185e+01,6.6964e+01,6.6629e+01,6.7209e+01,6.7591e+01,6.7369e+01,6.7536e+01,6.7475e+01,6.7574e+01,6.7346e+01,6.6870e+01,6.7290e+01,6.7397e+01,6.8130e+01,6.8522e+01,6.8487e+01,6.9208e+01,6.9151e+01,6.9926e+01,6.9876e+01,7.0603e+01,7.1692e+01,7.2455e+01,7.2582e+01,7.2553e+01,7.3480e+01,7.3882e+01,7.4109e+01,7.3864e+01,7.4661e+01,7.4943e+01,7.5799e+01,7.5400e+01,7.6874e+01,7.7938e+01,7.9704e+01,8.0976e+01,8.2407e+01,8.4195e+01,8.4943e+01,8.6688e+01,8.6591e+01,8.8130e+01,9.0619e+01,9.2216e+01,9.4133e+01,9.6103e+01,9.8333e+01,9.9613e+01,1.0135e+02,1.0261e+02,1.0197e+02,1.0171e+02,1.0180e+02,1.0323e+02,1.0265e+02,1.0234e+02,1.0208e+02,1.0280e+02,1.0272e+02,1.0306e+02,1.0350e+02,1.0440e+02,1.0505e+02,1.0598e+02,1.0674e+02,1.0722e+02,1.0728e+02,1.0765e+02,1.0817e+02,1.0861e+02,1.0912e+02,1.0985e+02,1.1053e+02,1.1118e+02,1.1179e+02,1.1261e+02,1.1298e+02,1.1331e+02,1.1396e+02,1.1422e+02,1.1460e+02,1.1456e+02,1.1436e+02
7.4234e+01,7.4033e+01,7.3974e+01,7.3727e+01,7.3613e+01,7.3598e+01,7.3517e+01,7.3699e+01,7.3300e+01,7.2760e+01,7.2115e+01,7.1547e+01,7.1111e+01,7.0916e+01,7.0726e+01,7.0699e+01,7.0111e+01,6.9818e+01,6.9877e+01,6.9611e+01,6.9350e+01,6.9249e+01,6.8533e+01,6.8415e+01,6.7795e+01,6.7579e+01,6.6842e+01,6.6690e+01,6.6610e+01,6.6693e+01,6.6820e+01,6.6741e+01,6.6668e+01,6.6795e+01,6.6852e+01,6.6884e+01,6.6418e+01,6.6192e+01,6.6058e+01,6.6229e+01,6.6543e+01,6.6785e+01,6.6788e+01,6.7463e+01,6.7152e+01,6.6593e+01,6.6119e+01,6.6376e+01,6.6168e+01,6.5811e+01,6.6398e+01,6.6762e+01,6.6500e+01,6.6660e+01,6.6562e+01,6.6643e+01,6.6390e+01,6.5891e+01,6.6282e+01,6.6363e+01,6.7074e+01,6.7450e+01,6.7397e+01,6.8104e+01,6.8056e+01,6.8827e+01,6.8773e+01,6.9493e+01,7.0582e+01,7.1336e+01,7.1450e+01,7.1406e+01,7.2329e+01,7.2720e+01,7.2942e+01,7.2689e+01,7.3483e+01,7.3766e+01,7.4619e+01,7.4216e+01,7.5691e+01,7.6757e+01,7.8526e+01,7.9800e+01,8.1232e+01,8.3027e+01,8.3777e+01,8.5532e+01,8.5442e+01,8.6987e+01,8.9484e+01,9.1084e+01,9.3013e+01,9.4993e+01,9.7227e+01,9.8514e+01,1.0026e+02,1.0153e+02,1.0088e+02,1.0061e+02,1.0070e+02,1.0214e+02,1.0156e+02,1.0125e+02,1.0098e+02,1.0170e+02,1.0162e+02,1.0196e+02,1.0240e+02,1.0331e+02,1.0397e+02,1.0490e+02,1.0566e+02,1.0615e+02,1.0621e+02,1.0659e+02,1.0711e+02,1.0756e+02,1.0808e+02,1.0881e+02,1.0950e+02,1.1016e+02,1.1077e+02,1.1160e+02,1.1198e+02,1.1231e+02,1.1297e+02,1.1324e+02,1.1362e+02,1.1359e+02,1.1338e+02
7.3706e+01,7.3502e+01,7.3453e+01,7.3211e+01,7.3100e+01,7.3088e+01,7.3002e+01,7.3183e+01,7.2773e+01,7.2226e+01,7.1565e+01,7.0990e+01,7.0554e+01,7.0358e+01,7.0159e+01,7.0133e+01,6.9546e+01,6.9256e+01,6.9292e+01,6.9012e+01,6.8746e+01,6.8643e+01,6.7920e+01,6.7782e+01,6.7147e+01,6.6939e+01,6.6198e+01,6.6059e+01,6.5993e+01,6.6087e+01,6.6216e+01,6.6156e+01,6.6095e+01,6.6218e+01,6.6294e+01,6.6339e+01,6.5878e+01,6.5658e+01,6.5536e+01,6.5719e+01,6.6047e+01,6.6289e+01,6.6303e+01,6.6972e+01,6.6671e+01,6.6137e+01,6.5673e+01,6.5933e+01,6.5736e+01,6.5375e+01,6.5971e+01,6.6336e+01,6.6034e+01,6.6173e+01,6.6034e+01,6.6080e+01,6.5781e+01,6.5263e+01,6.5612e+01,6.5658e+01,6.6333e+01,6.6682e+01,6.6601e+01,6.7285e+01,6.7251e+01,6.8012e+01,6.7949e+01,6.8652e+01,6.9732e+01,7.0466e+01,7.0565e+01,7.0509e+01,7.1419e+01,7.1799e+01,7.2022e+01,7.1771e+01,7.2555e+01,7.2843e+01,7.3686e+01,7.3279e+01,7.4742e+01,7.5798e+01,7.7559e+01,7.8828e+01,8.0258e+01,8.2050e+01,8.2802e+01,8.4559e+01,8.4476e+01,8.6024e+01,8.8523e+01,9.0124e+01,9.2060e+01,9.4047e+01,9.6280e+01,9.7569e+01,9.9330e+01,1.0060e+02,9.9940e+01,9.9669e+01,9.9755e+01,1.0120e+02,1.0062e+02,1.0030e+02,1.0003e+02,1.0075e+02,1.0068e+02,1.0101e+02,1.0145e+02,1.0237e+02,1.0303e+02,1.0396e+02,1.0473e+02,1.0522e+02,1.0529e+02,1.0567e+02,1.0619e+02,1.0665e+02,1.0717e+02,1.0790e+02,1.0860e+02,1.0925e+02,1.0988e+02,1.1071e+02,1.1109e+02,1.1143e+02,1.1210e+02,1.1237e+02,1.1276e+02,1.1272e+02,1.1251e+02
7.2770e+01,7.2570e+01,7.2532e+01,7.2293e+01,7.2196e+01,7.2200e+01,7.2119e+01,7.2313e+01,7.1891e+01,7.1324e+01,7.0648e+01,7.0051e+01,6.9605e+01,6.9383e+01,6.9175e+01,6.9156e+01,6.8565e+01,6.8260e+01,6.8284e+01,6.8001e+01,6.7723e+01,6.7620e+01,6.6892e+01,6.6754e+01,6.6106e+01,6.5895e+01,6.5148e+01,6.5008e+01,6.4947e+01,6.5056e+01,6.5191e+01,6.5148e+01,6.5087e+01,6.5207e+01,6.5306e+01,6.5367e+01,6.4919e+01,6.4715e+01,6.4617e+01,6.4814e+01,6.5151e+01,6.5408e+01,6.5429e+01,6.6099e+01,6.5783e+01,6.5244e+01,6.4755e+01,6.5006e+01,6.4804e+01,6.4414e+01,6.5013e+01,6.5373e+01,6.5053e+01,6.5167e+01,6.5004e+01,6.5042e+01,6.4726e+01,6.4194e+01,6.4520e+01,6.4559e+01,6.5220e+01,6.5560e+01,6.5475e+01,6.6151e+01,6.6127e+01,6.6888e+01,6.6833e+01,6.7536e+01,6.8612e+01,6.9345e+01,6.9443e+01,6.9375e+01,7.0285e+01,7.0666e+01,7.0900e+01,7.0658e+01,7.1443e+01,7.1746e+01,7.2581e+01,7.2161e+01,7.3616e+01,7.4663e+01,7.6423e+01,7.7693e+01,7.9119e+01,8.0915e+01,8.1674e+01,8.3436e+01,8.3354e+01,8.4913e+01,8.7423e+01,8.9033e+01,9.0980e+01,9.2975e+01,9.5218e+01,9.6512e+01,9.8284e+01,9.9556e+01,9.8889e+01,9.8609e+01,9.8694e+01,1.0015e+02,9.9564e+01,9.9242e+01,9.8966e+01,9.9684e+01,9.9603e+01,9.9933e+01,1.0037e+02,1.0129e+02,1.0194e+02,1.0288e+02,1.0366e+02,1.0415e+02,1.0422e+02,1.0460e+02,1.0512e+02,1.0558e+02,1.0611e+02,1.0684e+02,1.0754e+02,1.0820e+02,1.0882e+02,1.0966e+02,1.1005e+02,1.1039e+02,1.1106e+02,1.1133e+02,1.1173e+02,1.1169e+02,1.1147e+02
7.1510e+01,7.1311e+01,7.1278e+01,7.1036e+01,7.0944e+01,7.0957e+01,7.0874e+01,7.1076e+01,7.0636e+01,7.0057e+01,6.9370e+01,6.8765e+01,6.8310e+01,6.8077e+01,6.7867e+01,6.7853e+01,6.7262e+01,6.6954e+01,6.6969e+01,6.6679e+01,6.6393e+01,6.6287e+01,6.5546e+01,6.5396e+01,6.4727e+01,6.4500e+01,6.3733e+01,6.3582e+01,6.3522e+01,6.3649e+01,6.3795e+01,6.3772e+01,6.3711e+01,6.3827e+01,6.3959e+01,6.4033e+01,6.3599e+01,6.3391e+01,6.3322e+01,6.3544e+01,6.3904e+01,6.4190e+01,6.4249e+01,6.4926e+01,6.4610e+01,6.4086e+01,6.3568e+01,6.3815e+01,6.3624e+01,6.3197e+01,6.3815e+01,6.4160e+01,6.3807e+01,6.3896e+01,6.3701e+01,6.3735e+01,6.3391e+01,6.2830e+01,6.3131e+01,6.3152e+01,6.3794e+01,6.4120e+01,6.4025e+01,6.4687e+01,6.4676e+01,6.5441e+01,6.5396e+01,6.6098e+01,6.7171e+01,6.7900e+01,6.7992e+01,6.7906e+01,6.8814e+01,6.9189e+01,6.9430e+01,6.9187e+01,6.9969e+01,7.0281e+01,7.1110e+01,7.0680e+01,7.2133e+01,7.3176e+01,7.4940e+01,7.6210e+01,7.7635e+01,7.9436e+01,8.0202e+01,8.1971e+01,8.1895e+01,8.3465e+01,8.5985e+01,8.7599e+01,8.9560e+01,9.1564e+01,9.3816e+01,9.5114e+01,9.6899e+01,9.8171e+01,9.7493e+01,9.7203e+01,9.7285e+01,9.8747e+01,9.8160e+01,9.7832e+01,9.7550e+01,9.8273e+01,9.8186e+01,9.8519e+01,9.8960e+01,9.9881e+01,1.0054e+02,1.0149e+02,1.0227e+02,1.0276e+02,1.0283e+02,1.0321e+02,1.0374e+02,1.0421e+02,1.0474e+02,1.0548e+02,1.0618e+02,1.0685e+02,1.0749e+02,1.0834e+02,1.0873e+02,1.0907e+02,1.0976e+02,1.1004e+02,1.1044e+02,1.1040e+02,1.1018e+02
7.0650e+01,7.0447e+01,7.0424e+01,7.0187e+01,7.0100e+01,7.0124e+01,7.0047e+01,7.0261e+01,6.9810e+01,6.9218e+01,6.8523e+01,6.7910e+01,6.7452e+01,6.7206e+01,6.6994e+01,6.6995e+01,6.6394e+01,6.6077e+01,6.6080e+01,6.5779e+01,6.5482e+01,6.5389e+01,6.4641e+01,6.4491e+01,6.3807e+01,6.3579e+01,6.2806e+01,6.2671e+01,6.2637e+01,6.2783e+01,6.2961e+01,6.2963e+01,6.2906e+01,6.3040e+01,6.3218e+01,6.3299e+01,6.2868e+01,6.2683e+01,6.2638e+01,6.2877e+01,6.3242e+01,6.3558e+01,6.3635e+01,6.4308e+01,6.3953e+01,6.3409e+01,6.2840e+01,6.3052e+01,6.2833e+01,6.2350e+01,6.2951e+01,6.3277e+01,6.2893e+01,6.2953e+01,6.2709e+01,6.2726e+01,6.2372e+01,6.1806e+01,6.2066e+01,6.2082e+01,6.2694e+01,6.3015e+01,6.2931e+01,6.3587e+01,6.3614e+01,6.4386e+01,6.4370e+01,6.5078e+01,6.6137e+01,6.6863e+01,6.6952e+01,6.6825e+01,6.7736e+01,6.8096e+01,6.8352e+01,6.8106e+01,6.8870e+01,6.9190e+01,6.9988e+01,6.9527e+01,7.0965e+01,7.2002e+01,7.3765e+01,7.5011e+01,7.6425e+01,7.8216e+01,7.8990e+01,8.0749e+01,8.0662e+01,8.2242e+01,8.4760e+01,8.6391e+01,8.8363e+01,9.0363e+01,9.2619e+01,9.3906e+01,9.5689e+01,9.6964e+01,9.6277e+01,9.5997e+01,9.6069e+01,9.7533e+01,9.6939e+01,9.6596e+01,9.6306e+01,9.7025e+01,9.6930e+01,9.7258e+01,9.7695e+01,9.8613e+01,9.9272e+01,1.0022e+02,1.0100e+02,1.0150e+02,1.0157e+02,1.0196e+02,1.0249e+02,1.0296e+02,1.0350e+02,1.0424e+02,1.0494e+02,1.0562e+02,1.0626e+02,1.0712e+02,1.0751e+02,1.0786e+02,1.0856e+02,1.0884e+02,1.0925e+02,1.0921e+02,1.0898e+02
6.9300e+01,6.9092e+01,6.9080e+01,6.8851e+01,6.8768e+01,6.8794e+01,6.8718e+01,6.8939e+01,6.8470e+01,6.7858e+01,6.7155e+01,6.6528e+01,6.6064e+01,6.5807e+01,6.5582e+01,6.5595e+01,6.4969e+01,6.4644e+01,6.4637e+01,6.4328e+01,6.4029e+01,6.3955e+01,6.3218e+01,6.3079e+01,6.2394e+01,6.2180e+01,6.1415e+01,6.1298e+01,6.1278e+01,6.1451e+01,6.1657e+01,6.1678e+01,6.1606e+01,6.1745e+01,6.1964e+01,6.2049e+01,6.1613e+01,6.1447e+01,6.1430e+01,6.1686e+01,6.2056e+01,6.2412e+01,6.2503e+01,6.3176e+01,6.2768e+01,6.2192e+01,6.1557e+01,6.1732e+01,6.1485e+01,6.0941e+01,6.1532e+01,6.1835e+01,6.1424e+01,6.1456e+01,6.1178e+01,6.1196e+01,6.0835e+01,6.0262e+01,6.0500e+01,6.0514e+01,6.1118e+01,6.1442e+01,6.1372e+01,6.2034e+01,6.2083e+01,6.2875e+01,6.2889e+01,6.3616e+01,6.4673e+01,6.5409e+01,6.5504e+01,6.5341e+01,6.6269e+01,6.6632e+01,6.6914e+01,6.6675e+01,6.7441e+01,6.7788e+01,6.8567e+01,6.8067e+01,6.9495e+01,7.0516e+01,7.2285e+01,7.3520e+01,7.4921e+01,7.6718e+01,7.7513e+01,7.9279e+01,7.9200e+01,8.0801e+01,8.3325e+01,8.4970e+01,8.6967e+01,8.8974e+01,9.1234e+01,9.2516e+01,9.4308e+01,9.5579e+01,9.4873e+01,9.4590e+01,9.4649e+01,9.6122e+01,9.5518e+01,9.5158e+01,9.4864e+01,9.5584e+01,9.5482e+01,9.5810e+01,9.6249e+01,9.7168e+01,9.7830e+01,9.8783e+01,9.9561e+01,1.0006e+02,1.0014e+02,1.0053e+02,1.0106e+02,1.0154e+02,1.0208e+02,1.0283e+02,1.0353e+02,1.0422e+02,1.0487e+02,1.0574e+02,1.0613e+02,1.0649e+02,1.0719e+02,1.0748e+02,1.0789e+02,1.0785e+02,1.0763e+02
6.8368e+01,6.8157e+01,6.8147e+01,6.7916e+01,6.7829e+01,6.7863e+01,6.7783e+01,6.8008e+01,6.7530e+01,6.6906e+01,6.6190e+01,6.5549e+01,6.5077e+01,6.4808e+01,6.4576e+01,6.4594e+01,6.3950e+01,6.3614e+01,6.3591e+01,6.3262e+01,6.2960e+01,6.2902e+01,6.2161e+01,6.2013e+01,6.1312e+01,6.1099e+01,6.0318e+01,6.0205e+01,6.0182e+01,6.0361e+01,6.0565e+01,6.0605e+01,6.0540e+01,6.0671e+01,6.0913e+01,6.1015e+01,6.0574e+01,6.0413e+01,6.0401e+01,6.0678e+01,6.1055e+01,6.1429e+01,6.1535e+01,6.2213e+01,6.1780e+01,6.1188e+01,6.0521e+01,6.0685e+01,6.0429e+01,5.9857e+01,6.0453e+01,6.0752e+01,6.0321e+01,6.0335e+01,6.0028e+01,6.0032e+01,5.9645e+01,5.9067e+01,5.9277e+01,5.9268e+01,5.9848e+01,6.0174e+01,6.0088e+01,6.0744e+01,6.0825e+01,6.1629e+01,6.1646e+01,6.2366e+01,6.3430e+01,6.4149e+01,6.4217e+01,6.4022e+01,6.4936e+01,6.5277e+01,6.5556e+01,6.5308e+01,6.6058e+01,6.6405e+01,6.7175e+01,6.6671e+01,6.8096e+01,6.9117e+01,7.0884e+01,7.2123e+01,7.3530e+01,7.5328e+01,7.6117e+01,7.7887e+01,7.7814e+01,7.9417e+01,8.1950e+01,8.3594e+01,8.5600e+01,8.7618e+01,8.9886e+01,9.1174e+01,9.2976e+01,9.4251e+01,9.3543e+01,9.3254e+01,9.3319e+01,9.4804e+01,9.4200e+01,9.3841e+01,9.3550e+01,9.4280e+01,9.4181e+01,9.4512e+01,9.4963e+01,9.5892e+01,9.6563e+01,9.7524e+01,9.8307e+01,9.8821e+01,9.8898e+01,9.9299e+01,9.9840e+01,1.0032e+02,1.0087e+02,1.0164e+02,1.0236e+02,1.0306e+02,1.0371e+02,1.0459e+02,1.0500e+02,1.0536e+02,1.0607e+02,1.0637e+02,1.0679e+02,1.0675e+02,1.0652e+02
6.6871e+01,6.6660e+01,6.6664e+01,6.6432e+01,6.6345e+01,6.6386e+01,6.6298e+01,6.6529e+01,6.6025e+01,6.5377e+01,6.4633e+01,6.3974e+01,6.3484e+01,6.3196e+01,6.2951e+01,6.2987e+01,6.2325e+01,6.1980e+01,6.1934e+01,6.1575e+01,6.1256e+01,6.1199e+01,6.0448e+01,6.0286e+01,5.9560e+01,5.9342e+01,5.8540e+01,5.8432e+01,5.8419e+01,5.8620e+01,5.8851e+01,5.8912e+01,5.8843e+01,5.8980e+01,5.9274e+01,5.9389e+01,5.8949e+01,5.8800e+01,5.8825e+01,5.9138e+01,5.9534e+01,5.9958e+01,6.0092e+01,6.0772e+01,6.0292e+01,5.9679e+01,5.8943e+01,5.9062e+01,5.8788e+01,5.8154e+01,5.8745e+01,5.9008e+01,5.8533e+01,5.8527e+01,5.8171e+01,5.8155e+01,5.7743e+01,5.7155e+01,5.7335e+01,5.7313e+01,5.7877e+01,5.8202e+01,5.8114e+01,5.8769e+01,5.8884e+01,5.9706e+01,5.9748e+01,6.0478e+01,6.1542e+01,6.2258e+01,6.2314e+01,6.2072e+01,6.2992e+01,6.3320e+01,6.3615e+01,6.3367e+01,6.4109e+01,6.4478e+01,6.5229e+01,6.4695e+01,6.6111e+01,6.7122e+01,6.8892e+01,7.0127e+01,7.1529e+01,7.3336e+01,7.4139e+01,7.5922e+01,7.5859e+01,7.7481e+01,8.0027e+01,8.1682e+01,8.3715e+01,8.5751e+01,8.8031e+01,8.9325e+01,9.1144e+01,9.2420e+01,9.1696e+01,9.1395e+01,9.1454e+01,9.2958e+01,9.2344e+01,9.1971e+01,9.1674e+01,9.2410e+01,9.2306e+01,9.2642e+01,9.3103e+01,9.4042e+01,9.4726e+01,9.5702e+01,9.6494e+01,9.7019e+01,9.7105e+01,9.7516e+01,9.8058e+01,9.8553e+01,9.9117e+01,9.9888e+01,1.0062e+02,1.0134e+02,1.0200e+02,1.0291e+02,1.0332e+02,1.0369e+02,1.0442e+02,1.0472e+02,1.0515e+02,1.0511e+02,1.0488e+02
6.5541e+01,6.5326e+01,6.5338e+01,6.5099e+01,6.5009e+01,6.5049e+01,6.4953e+01,6.5186e+01,6.4657e+01,6.3985e+01,6.3214e+01,6.2528e+01,6.2022e+01,6.1712e+01,6.1449e+01,6.1491e+01,6.0816e+01,6.0461e+01,6.0384e+01,6.0003e+01,5.9670e+01,5.9634e+01,5.8883e+01,5.8716e+01,5.7979e+01,5.7773e+01,5.6976e+01,5.6882e+01,5.6884e+01,5.7093e+01,5.7348e+01,5.7440e+01,5.7383e+01,5.7532e+01,5.7877e+01,5.8013e+01,5.7576e+01,5.7455e+01,5.7510e+01,5.7850e+01,5.8255e+01,5.8711e+01,5.8863e+01,5.9536e+01,5.9005e+01,5.8366e+01,5.7565e+01,5.7641e+01,5.7352e+01,5.6667e+01,5.7261e+01,5.7501e+01,5.6977e+01,5.6937e+01,5.6528e+01,5.6485e+01,5.6039e+01,5.5442e+01,5.5574e+01,5.5524e+01,5.6048e+01,5.6364e+01,5.6262e+01,5.6905e+01,5.7064e+01,5.7903e+01,5.7968e+01,5.8704e+01,5.9767e+01,6.0473e+01,6.0512e+01,6.0214e+01,6.1133e+01,6.1441e+01,6.1753e+01,6.1501e+01,6.2226e+01,6.2614e+01,6.3339e+01,6.2772e+01,6.4175e+01,6.5172e+01,6.6944e+01,6.8167e+01,6.9561e+01,7.1372e+01,7.2190e+01,7.3982e+01,7.3929e+01,7.5572e+01,7.8131e+01,7.9798e+01,8.1859e+01,8.3910e+01,8.6200e+01,8.7497e+01,8.9341e+01,9.0618e+01,8.9878e+01,8.9563e+01,8.9619e+01,9.1141e+01,9.0522e+01,9.0135e+01,8.9829e+01,9.0570e+01,9.0460e+01,9.0795e+01,9.1262e+01,9.2214e+01,9.2913e+01,9.3904e+01,9.4707e+01,9.5243e+01,9.5340e+01,9.5757e+01,9.6300e+01,9.6808e+01,9.7385e+01,9.8160e+01,9.8897e+01,9.9640e+01,1.0032e+02,1.0125e+02,1.0168e+02,1.0205e+02,1.0280e+02,1.0311e+02,1.0356e+02,1.0351e+02,1.0327e+02
6.4101e+01,6.3886e+01,6.3902e+01,6.3652e+01,6.3559e+01,6.3597e+01,6.3485e+01,6.3717e+01,6.3161e+01,6.2470e+01,6.1675e+01,6.0967e+01,6.0442e+01,6.0119e+01,5.9850e+01,5.9910e+01,5.9235e+01,5.8886e+01,5.8779e+01,5.8376e+01,5.8033e+01,5.7994e+01,5.7234e+01,5.7056e+01,5.6289e+01,5.6084e+01,5.5261e+01,5.5185e+01,5.5212e+01,5.5436e+01,5.5711e+01,5.5824e+01,5.5770e+01,5.5932e+01,5.6326e+01,5.6468e+01,5.6019e+01,5.5911e+01,5.5992e+01,5.6336e+01,5.6752e+01,5.7233e+01,5.7401e+01,5.8057e+01,5.7478e+01,5.6822e+01,5.5968e+01,5.6011e+01,5.5707e+01,5.4990e+01,5.5592e+01,5.5835e+01,5.5272e+01,5.5221e+01,5.4793e+01,5.4730e+01,5.4250e+01,5.3649e+01,5.3762e+01,5.3680e+01,5.4186e+01,5.4497e+01,5.4369e+01,5.5006e+01,5.5190e+01,5.6047e+01,5.6113e+01,5.6849e+01,5.7921e+01,5.8610e+01,5.8621e+01,5.8286e+01,5.9201e+01,5.9498e+01,5.9818e+01,5.9568e+01,6.0300e+01,6.0718e+01,6.1440e+01,6.0855e+01,6.2251e+01,6.3234e+01,6.5006e+01,6.6240e+01,6.7637e+01,6.9463e+01,7.0284e+01,7.2098e+01,7.2072e+01,7.3727e+01,7.6298e+01,7.7964e+01,8.0050e+01,8.2125e+01,8.4421e+01,8.5732e+01,8.7608e+01,8.8889e+01,8.8133e+01,8.7804e+01,8.7859e+01,8.9405e+01,8.8783e+01,8.8388e+01,8.8081e+01,8.8828e+01,8.8725e+01,8.9060e+01,8.9538e+01,9.0493e+01,9.1202e+01,9.2201e+01,9.3016e+01,9.3563e+01,9.3667e+01,9.4089e+01,9.4635e+01,9.5153e+01,9.5747e+01,9.6530e+01,9.7275e+01,9.8037e+01,9.8732e+01,9.9680e+01,1.0011e+02,1.0050e+02,1.0126e+02,1.0158e+02,1.0204e+02,1.0200e+02,1.0175e+02
6.2815e+01,6.2597e+01,6.2612e+01,6.2357e+01,6.2257e+01,6.2292e+01,6.2168e+01,6.2402e+01,6.1828e+01,6.1117e+01,6.0281e+01,5.9550e+01,5.9007e+01,5.8663e+01,5.8380e+01,5.8449e+01,5.7781e+01,5.7430e+01,5.7276e+01,5.6845e+01,5.6480e+01,5.6444e+01,5.5662e+01,5.5466e+01,5.4665e+01,5.4453e+01,5.3603e+01,5.3543e+01,5.3595e+01,5.3827e+01,5.4122e+01,5.4272e+01,5.4228e+01,5.4394e+01,5.4838e+01,5.5004e+01,5.4567e+01,5.4495e+01,5.4624e+01,5.4967e+01,5.5411e+01,5.5917e+01,5.6113e+01,5.6767e+01,5.6152e+01,5.5479e+01,5.4577e+01,5.4595e+01,5.4278e+01,5.3527e+01,5.4136e+01,5.4386e+01,5.3776e+01,5.3672e+01,5.3211e+01,5.3127e+01,5.2601e+01,5.1975e+01,5.2044e+01,5.1934e+01,5.2391e+01,5.2667e+01,5.2508e+01,5.3110e+01,5.3337e+01,5.4199e+01,5.4277e+01,5.5001e+01,5.6061e+01,5.6718e+01,5.6693e+01,5.6303e+01,5.7200e+01,5.7470e+01,5.7796e+01,5.7547e+01,5.8264e+01,5.8706e+01,5.9411e+01,5.8808e+01,6.0192e+01,6.1162e+01,6.2930e+01,6.4172e+01,6.5574e+01,6.7410e+01,6.8231e+01,7.0067e+01,7.0061e+01,7.1726e+01,7.4315e+01,7.5983e+01,7.8094e+01,8.0194e+01,8.2498e+01,8.3826e+01,8.5731e+01,8.7013e+01,8.6244e+01,8.5897e+01,8.5955e+01,8.7519e+01,8.6891e+01,8.6483e+01,8.6170e+01,8.6923e+01,8.6820e+01,8.7158e+01,8.7651e+01,8.8622e+01,8.9345e+01,9.0364e+01,9.1189e+01,9.1748e+01,9.1864e+01,9.2298e+01,9.2849e+01,9.3378e+01,9.3991e+01,9.4786e+01,9.5541e+01,9.6324e+01,9.7038e+01,9.8009e+01,9.8453e+01,9.8850e+01,9.9633e+01,9.9960e+01,1.0043e+02,1.0039e+02,1.0014e+02
6.1697e+01,6.1482e+01,6.1511e+01,6.1261e+01,6.1170e+01,6.1212e+01,6.1089e+01,6.1335e+01,6.0720e+01,5.9968e+01,5.9091e+01,5.8321e+01,5.7744e+01,5.7365e+01,5.7057e+01,5.7125e+01,5.6444e+01,5.6093e+01,5.5895e+01,5.5427e+01,5.5034e+01,5.5007e+01,5.4213e+01,5.3997e+01,5.3160e+01,5.2958e+01,5.2086e+01,5.2042e+01,5.2103e+01,5.2330e+01,5.2646e+01,5.2806e+01,5.2769e+01,5.2955e+01,5.3435e+01,5.3591e+01,5.3138e+01,5.3120e+01,5.3271e+01,5.3612e+01,5.4049e+01,5.4591e+01,5.4801e+01,5.5441e+01,5.4756e+01,5.4043e+01,5.3066e+01,5.3026e+01,5.2669e+01,5.1865e+01,5.2473e+01,5.2712e+01,5.2062e+01,5.1911e+01,5.1419e+01,5.1316e+01,5.0749e+01,5.0124e+01,5.0168e+01,5.0045e+01,5.0476e+01,5.0761e+01,5.0599e+01,5.1211e+01,5.1502e+01,5.2414e+01,5.2540e+01,5.3292e+01,5.4357e+01,5.5015e+01,5.4980e+01,5.4509e+01,5.5422e+01,5.5681e+01,5.6052e+01,5.5811e+01,5.6510e+01,5.6995e+01,5.7644e+01,5.6974e+01,5.8318e+01,5.9251e+01,6.1007e+01,6.2219e+01,6.3593e+01,6.5429e+01,6.6276e+01,6.8123e+01,6.8141e+01,6.9837e+01,7.2435e+01,7.4118e+01,7.6274e+01,7.8391e+01,8.0703e+01,8.2029e+01,8.3968e+01,8.5246e+01,8.4448e+01,8.4088e+01,8.4132e+01,8.5722e+01,8.5085e+01,8.4656e+01,8.4332e+01,8.5090e+01,8.4984e+01,8.5329e+01,8.5828e+01,8.6810e+01,8.7554e+01,8.8587e+01,8.9431e+01,9.0000e+01,9.0128e+01,9.0569e+01,9.1122e+01,9.1667e+01,9.2298e+01,9.3097e+01,9.3858e+01,9.4665e+01,9.5395e+01,9.6391e+01,9.6847e+01,9.7256e+01,9.8058e+01,9.8393e+01,9.8883e+01,9.8837e+01,9.8577e+01
6.0546e+01,6.0333e+01,6.0362e+01,6.0100e+01,6.0012e+01,6.0061e+01,5.9928e+01,6.0180e+01,5.9537e+01,5.8757e+01,5.7861e+01,5.7062e+01,5.6456e+01,5.6059e+01,5.5743e+01,5.5823e+01,5.5147e+01,5.4795e+01,5.4572e+01,5.4086e+01,5.3694e+01,5.3672e+01,5.2866e+01,5.2650e+01,5.1784e+01,5.1583e+01,5.0697e+01,5.0668e+01,5.0758e+01,5.1006e+01,5.1344e+01,5.1541e+01,5.1498e+01,5.1679e+01,5.2210e+01,5.2385e+01,5.1917e+01,5.1925e+01,5.2095e+01,5.2438e+01,5.2879e+01,5.3450e+01,5.3672e+01,5.4291e+01,5.3525e+01,5.2769e+01,5.1713e+01,5.1614e+01,5.1213e+01,5.0365e+01,5.0959e+01,5.1202e+01,5.0525e+01,5.0376e+01,4.9877e+01,4.9748e+01,4.9169e+01,4.8574e+01,4.8606e+01,4.8460e+01,4.8881e+01,4.9175e+01,4.8991e+01,4.9603e+01,4.9926e+01,5.0860e+01,5.0983e+01,5.1734e+01,5.2825e+01,5.3463e+01,5.3387e+01,5.2866e+01,5.3776e+01,5.4012e+01,5.4379e+01,5.4127e+01,5.4827e+01,5.5336e+01,5.5973e+01,5.5286e+01,5.6628e+01,5.7563e+01,5.9330e+01,6.0553e+01,6.1948e+01,6.3800e+01,6.4647e+01,6.6513e+01,6.6543e+01,6.8252e+01,7.0866e+01,7.2561e+01,7.4741e+01,7.6885e+01,7.9214e+01,8.0555e+01,8.2531e+01,8.3827e+01,8.3018e+01,8.2652e+01,8.2701e+01,8.4320e+01,8.3687e+01,8.3251e+01,8.2934e+01,8.3706e+01,8.3616e+01,8.3966e+01,8.4486e+01,8.5471e+01,8.6227e+01,8.7270e+01,8.8128e+01,8.8711e+01,8.8850e+01,8.9293e+01,8.9847e+01,9.0405e+01,9.1053e+01,9.1857e+01,9.2627e+01,9.3454e+01,9.4197e+01,9.5214e+01,9.5678e+01,9.6097e+01,9.6915e+01,9.7258e+01,9.7761e+01,9.7716e+01,9.7453e+01
5.9669e+01,5.9461e+01,5.9500e+01,5.9246e+01,5.9165e+01,5.9221e+01,5.9093e+01,5.9356e+01,5.8678e+01,5.7860e+01,5.6922e+01,5.6092e+01,5.5456e+01,5.5026e+01,5.4686e+01,5.4776e+01,5.4093e+01,5.3735e+01,5.3460e+01,5.2939e+01,5.2507e+01,5.2497e+01,5.1673e+01,5.1444e+01,5.0539e+01,5.0343e+01,4.9427e+01,4.9409e+01,4.9512e+01,4.9771e+01,5.0132e+01,5.0358e+01,5.0318e+01,5.0501e+01,5.1088e+01,5.1277e+01,5.0801e+01,5.0859e+01,5.1069e+01,5.1424e+01,5.1894e+01,5.2529e+01,5.2790e+01,5.3422e+01,5.2576e+01,5.1767e+01,5.0601e+01,5.0424e+01,4.9957e+01,4.9024e+01,4.9607e+01,4.9819e+01,4.9087e+01,4.8871e+01,4.8319e+01,4.8168e+01,4.7549e+01,4.6945e+01,4.6924e+01,4.6769e+01,4.7138e+01,4.7420e+01,4.7235e+01,4.7822e+01,4.8240e+01,4.9203e+01,4.9379e+01,5.0131e+01,5.1201e+01,5.1808e+01,5.1699e+01,5.1070e+01,5.1972e+01,5.2173e+01,5.2586e+01,5.2347e+01,5.3005e+01,5.3565e+01,5.4121e+01,5.3361e+01,5.4639e+01,5.5523e+01,5.7255e+01,5.8439e+01,5.9800e+01,6.1633e+01,6.2484e+01,6.4353e+01,6.4408e+01,6.6132e+01,6.8749e+01,7.0453e+01,7.2673e+01,7.4836e+01,7.7168e+01,7.8513e+01,8.0514e+01,8.1801e+01,8.0968e+01,8.0587e+01,8.0630e+01,8.2269e+01,8.1631e+01,8.1180e+01,8.0855e+01,8.1634e+01,8.1550e+01,8.1919e+01,8.2457e+01,8.3466e+01,8.4250e+01,8.5315e+01,8.6193e+01,8.6787e+01,8.6944e+01,8.7398e+01,8.7956e+01,8.8534e+01,8.9203e+01,9.0015e+01,9.0794e+01,9.1647e+01,9.2411e+01,9.3458e+01,9.3937e+01,9.4371e+01,9.5214e+01,9.5568e+01,9.6089e+01,9.6041e+01,9.5770e+01
5.8791e+01,5.8581e+01,5.8628e+01,5.8379e+01,5.8296e+01,5.8351e+01,5.8232e+01,5.8509e+01,5.7824e+01,5.6984e+01,5.6030e+01,5.5194e+01,5.4557e+01,5.4119e+01,5.3744e+01,5.3826e+01,5.3138e+01,5.2783e+01,5.2471e+01,5.1934e+01,5.1498e+01,5.1514e+01,5.0704e+01,5.0492e+01,4.9582e+01,4.9416e+01,4.8498e+01,4.8507e+01,4.8627e+01,4.8885e+01,4.9290e+01,4.9526e+01,4.9490e+01,4.9712e+01,5.0357e+01,5.0538e+01,5.0060e+01,5.0165e+01,5.0411e+01,5.0763e+01,5.1232e+01,5.1911e+01,5.2194e+01,5.2777e+01,5.1823e+01,5.0967e+01,4.9697e+01,4.9386e+01,4.8827e+01,4.7783e+01,4.8262e+01,4.8433e+01,4.7695e+01,4.7492e+01,4.6908e+01,4.6721e+01,4.6119e+01,4.5558e+01,4.5501e+01,4.5347e+01,4.5672e+01,4.5969e+01,4.5809e+01,4.6401e+01,4.6919e+01,4.7925e+01,4.8186e+01,4.8975e+01,5.0014e+01,5.0619e+01,5.0514e+01,4.9798e+01,5.0726e+01,5.0931e+01,5.1408e+01,5.1201e+01,5.1845e+01,5.2454e+01,5.2951e+01,5.2116e+01,5.3349e+01,5.4190e+01,5.5905e+01,5.7058e+01,5.8391e+01,6.0226e+01,6.1082e+01,6.2972e+01,6.3048e+01,6.4784e+01,6.7412e+01,6.9127e+01,7.1376e+01,7.3559e+01,7.5886e+01,7.7244e+01,7.9256e+01,8.0540e+01,7.9700e+01,7.9316e+01,7.9362e+01,8.1013e+01,8.0363e+01,7.9875e+01,7.9523e+01,8.0303e+01,8.0192e+01,8.0552e+01,8.1089e+01,8.2116e+01,8.2906e+01,8.3991e+01,8.4874e+01,8.5483e+01,8.5658e+01,8.6124e+01,8.6684e+01,8.7272e+01,8.7960e+01,8.8778e+01,8.9561e+01,9.0431e+01,9.1209e+01,9.2276e+01,9.2761e+01,9.3206e+01,9.4061e+01,9.4419e+01,9.4948e+01,9.4899e+01,9.4622e+01
5.8629e+01,5.8423e+01,5.8477e+01,5.8234e+01,5.8148e+01,5.8205e+01,5.8093e+01,5.8380e+01,5.7691e+01,5.6841e+01,5.5870e+01,5.5031e+01,5.4391e+01,5.3944e+01,5.3562e+01,5.3651e+01,5.2962e+01,5.2617e+01,5.2274e+01,5.1719e+01,5.1279e+01,5.1337e+01,5.0558e+01,5.0361e+01,4.9454e+01,4.9336e+01,4.8431e+01,4.8478e+01,4.8631e+01,4.8893e+01,4.9330e+01,4.9594e+01,4.9574e+01,4.9808e+01,5.0503e+01,5.0691e+01,5.0199e+01,5.0335e+01,5.0600e+01,5.0953e+01,5.1415e+01,5.2104e+01,5.2379e+01,5.2917e+01,5.1876e+01,5.0989e+01,4.9668e+01,4.9263e+01,4.8638e+01,4.7534e+01,4.7914e+01,4.8070e+01,4.7315e+01,4.7097e+01,4.6441e+01,4.6158e+01,4.5539e+01,4.5035e+01,4.4880e+01,4.4689e+01,4.4911e+01,4.5206e+01,4.5055e+01,4.5619e+01,4.6281e+01,4.7314e+01,4.7647e+01,4.8434e+01,4.9428e+01,4.9994e+01,4.9851e+01,4.9005e+01,4.9922e+01,5.0072e+01,5.0574e+01,5.0345e+01,5.0912e+01,5.1525e+01,5.1923e+01,5.1015e+01,5.2191e+01,5.3007e+01,5.4696e+01,5.5778e+01,5.7078e+01,5.8875e+01,5.9719e+01,6.1595e+01,6.1671e+01,6.3399e+01,6.6024e+01,6.7747e+01,7.0010e+01,7.2205e+01,7.4532e+01,7.5898e+01,7.7913e+01,7.9205e+01,7.8367e+01,7.7994e+01,7.8045e+01,7.9710e+01,7.9068e+01,7.8547e+01,7.8178e+01,7.8958e+01,7.8830e+01,7.9200e+01,7.9738e+01,8.0784e+01,8.1594e+01,8.2698e+01,8.3595e+01,8.4218e+01,8.4407e+01,8.4884e+01,8.5448e+01,8.6050e+01,8.6754e+01,8.7579e+01,8.8369e+01,8.9259e+01,9.0055e+01,9.1145e+01,9.1641e+01,9.2097e+01,9.2971e+01,9.3334e+01,9.3875e+01,9.3822e+01,9.3540e+01
5.8342e+01,5.8132e+01,5.8181e+01,5.7937e+01,5.7848e+01,5.7911e+01,5.7808e+01,5.8110e+01,5.7424e+01,5.6558e+01,5.5578e+01,5.4736e+01,5.4103e+01,5.3640e+01,5.3237e+01,5.3328e+01,5.2650e+01,5.2300e+01,5.1928e+01,5.1372e+01,5.0917e+01,5.1005e+01,5.0239e+01,5.0067e+01,4.9149e+01,4.9045e+01,4.8130e+01,4.8189e+01,4.8355e+01,4.8639e+01,4.9098e+01,4.9404e+01,4.9388e+01,4.9617e+01,5.0371e+01,5.0583e+01,5.0125e+01,5.0279e+01,5.0590e+01,5.0987e+01,5.1487e+01,5.2228e+01,5.2545e+01,5.3091e+01,5.2012e+01,5.1118e+01,4.9727e+01,4.9240e+01,4.8568e+01,4.7352e+01,4.7639e+01,4.7710e+01,4.6901e+01,4.6644e+01,4.5886e+01,4.5556e+01,4.4938e+01,4.4426e+01,4.4176e+01,4.3982e+01,4.4122e+01,4.4395e+01,4.4271e+01,4.4788e+01,4.5562e+01,4.6589e+01,4.6987e+01,4.7745e+01,4.8666e+01,4.9169e+01,4.8980e+01,4.8016e+01,4.8886e+01,4.8970e+01,4.9501e+01,4.9264e+01,4.9748e+01,5.0379e+01,5.0682e+01,4.9710e+01,5.0827e+01,5.1612e+01,5.3270e+01,5.4305e+01,5.5580e+01,5.7353e+01,5.8186e+01,6.0063e+01,6.0148e+01,6.1877e+01,6.4503e+01,6.6240e+01,6.8527e+01,7.0736e+01,7.3068e+01,7.4445e+01,7.6462e+01,7.7755e+01,7.6915e+01,7.6536e+01,7.6598e+01,7.8269e+01,7.7629e+01,7.7075e+01,7.6680e+01,7.7464e+01,7.7314e+01,7.7687e+01,7.8229e+01,7.9285e+01,8.0108e+01,8.1229e+01,8.2133e+01,8.2771e+01,8.2982e+01,8.3464e+01,8.4025e+01,8.4642e+01,8.5362e+01,8.6188e+01,8.6982e+01,8.7894e+01,8.8706e+01,8.9820e+01,9.0325e+01,9.0791e+01,9.1682e+01,9.2052e+01,9.2606e+01,9.2550e+01,9.2260e+01
5.8596e+01,5.8394e+01,5.8447e+01,5.8211e+01,5.8126e+01,5.8196e+01,5.8096e+01,5.8408e+01,5.7718e+01,5.6845e+01,5.5868e+01,5.5035e+01,5.4406e+01,5.3957e+01,5.3543e+01,5.3633e+01,5.2946e+01,5.2604e+01,5.2220e+01,5.1670e+01,5.1237e+01,5.1374e+01,5.0662e+01,5.0524e+01,4.9631e+01,4.9571e+01,4.8679e+01,4.8761e+01,4.8931e+01,4.9206e+01,4.9652e+01,4.9960e+01,4.9967e+01,5.0199e+01,5.0959e+01,5.1167e+01,5.0702e+01,5.0864e+01,5.1162e+01,5.1536e+01,5.2012e+01,5.2728e+01,5.3017e+01,5.3507e+01,5.2387e+01,5.1513e+01,5.0139e+01,4.9603e+01,4.8933e+01,4.7708e+01,4.7929e+01,4.7993e+01,4.7150e+01,4.6891e+01,4.6078e+01,4.5636e+01,4.4984e+01,4.4525e+01,4.4185e+01,4.3935e+01,4.3982e+01,4.4271e+01,4.4158e+01,4.4674e+01,4.5554e+01,4.6604e+01,4.7047e+01,4.7804e+01,4.8697e+01,4.9160e+01,4.8933e+01,4.7896e+01,4.8729e+01,4.8749e+01,4.9253e+01,4.8960e+01,4.9340e+01,4.9900e+01,5.0130e+01,4.9151e+01,5.0254e+01,5.1071e+01,5.2714e+01,5.3699e+01,5.4977e+01,5.6708e+01,5.7516e+01,5.9362e+01,5.9412e+01,6.1111e+01,6.3724e+01,6.5468e+01,6.7733e+01,6.9938e+01,7.2282e+01,7.3664e+01,7.5674e+01,7.6995e+01,7.6184e+01,7.5834e+01,7.5929e+01,7.7614e+01,7.7000e+01,7.6436e+01,7.6054e+01,7.6846e+01,7.6695e+01,7.7094e+01,7.7649e+01,7.8724e+01,7.9568e+01,8.0705e+01,8.1615e+01,8.2268e+01,8.2497e+01,8.2988e+01,8.3555e+01,8.4185e+01,8.4919e+01,8.5755e+01,8.6559e+01,8.7489e+01,8.8315e+01,8.9450e+01,8.9965e+01,9.0441e+01,9.1349e+01,9.1724e+01,9.2289e+01,9.2230e+01,9.1932e+01
5.9107e+01,5.8905e+01,5.8957e+01,5.8729e+01,5.8641e+01,5.8707e+01,5.8611e+01,5.8927e+01,5.8245e+01,5.7367e+01,5.6390e+01,5.5561e+01,5.4930e+01,5.4481e+01,5.4060e+01,5.4134e+01,5.3448e+01,5.3127e+01,5.2723e+01,5.2163e+01,5.1745e+01,5.1920e+01,5.1235e+01,5.1122e+01,5.0238e+01,5.0211e+01,4.9333e+01,4.9422e+01,4.9586e+01,4.9847e+01,5.0274e+01,5.0600e+01,5.0649e+01,5.0882e+01,5.1655e+01,5.1854e+01,5.1386e+01,5.1576e+01,5.1880e+01,5.2241e+01,5.2694e+01,5.3419e+01,5.3685e+01,5.4128e+01,5.2956e+01,5.2073e+01,5.0689e+01,5.0091e+01,4.9371e+01,4.8113e+01,4.8263e+01,4.8335e+01,4.7485e+01,4.7210e+01,4.6346e+01,4.5838e+01,4.5172e+01,4.4753e+01,4.4317e+01,4.4028e+01,4.3973e+01,4.4278e+01,4.4193e+01,4.4702e+01,4.5706e+01,4.6782e+01,4.7290e+01,4.8053e+01,4.8912e+01,4.9341e+01,4.9083e+01,4.7939e+01,4.8751e+01,4.8713e+01,4.9225e+01,4.8896e+01,4.9166e+01,4.9683e+01,4.9792e+01,4.8758e+01,4.9801e+01,5.0619e+01,5.2237e+01,5.3141e+01,5.4400e+01,5.6084e+01,5.6885e+01,5.8704e+01,5.8731e+01,6.0420e+01,6.3017e+01,6.4776e+01,6.7033e+01,6.9230e+01,7.1579e+01,7.2953e+01,7.4956e+01,7.6298e+01,7.5496e+01,7.5181e+01,7.5286e+01,7.6972e+01,7.6372e+01,7.5766e+01,7.5383e+01,7.6161e+01,7.5988e+01,7.6387e+01,7.6919e+01,7.7979e+01,7.8816e+01,7.9959e+01,8.0872e+01,8.1535e+01,8.1778e+01,8.2267e+01,8.2842e+01,8.3490e+01,8.4229e+01,8.5068e+01,8.5884e+01,8.6831e+01,8.7664e+01,8.8816e+01,8.9344e+01,8.9829e+01,9.0747e+01,9.1128e+01,9.1704e+01,9.1645e+01,9.1344e+01
5.9479e+01,5.9280e+01,5.9337e+01,5.9110e+01,5.9027e+01,5.9103e+01,5.9011e+01,5.9336e+01,5.8664e+01,5.7789e+01,5.6828e+01,5.6013e+01,5.5401e+01,5.4972e+01,5.4547e+01,5.4609e+01,5.3926e+01,5.3619e+01,5.3221e+01,5.2683e+01,5.2299e+01,5.2518e+01,5.1883e+01,5.1816e+01,5.0959e+01,5.0970e+01,5.0117e+01,5.0217e+01,5.0372e+01,5.0639e+01,5.1062e+01,5.1405e+01,5.1470e+01,5.1692e+01,5.2478e+01,5.2680e+01,5.2222e+01,5.2421e+01,5.2717e+01,5.3073e+01,5.3513e+01,5.4222e+01,5.4463e+01,5.4864e+01,5.3675e+01,5.2816e+01,5.1457e+01,5.0819e+01,5.0094e+01,4.8826e+01,4.8916e+01,4.8961e+01,4.8076e+01,4.7803e+01,4.6869e+01,4.6286e+01,4.5616e+01,4.5223e+01,4.4704e+01,4.4369e+01,4.4238e+01,4.4546e+01,4.4482e+01,4.4984e+01,4.6062e+01,4.7142e+01,4.7688e+01,4.8454e+01,4.9289e+01,4.9695e+01,4.9416e+01,4.8218e+01,4.9010e+01,4.8928e+01,4.9420e+01,4.9047e+01,4.9231e+01,4.9670e+01,4.9707e+01,4.8681e+01,4.9714e+01,5.0574e+01,5.2191e+01,5.3053e+01,5.4332e+01,5.5995e+01,5.6792e+01,5.8601e+01,5.8574e+01,6.0265e+01,6.2882e+01,6.4676e+01,6.6916e+01,6.9117e+01,7.1492e+01,7.2883e+01,7.4880e+01,7.6263e+01,7.5499e+01,7.5212e+01,7.5356e+01,7.7063e+01,7.6488e+01,7.5861e+01,7.5483e+01,7.6275e+01,7.6089e+01,7.6499e+01,7.7016e+01,7.8069e+01,7.8900e+01,8.0054e+01,8.0965e+01,8.1641e+01,8.1903e+01,8.2388e+01,8.2964e+01,8.3628e+01,8.4371e+01,8.5206e+01,8.6030e+01,8.6989e+01,8.7823e+01,8.8984e+01,8.9521e+01,9.0010e+01,9.0932e+01,9.1313e+01,9.1894e+01,9.1834e+01,9.1532e+01
6.0085e+01,5.9879e+01,5.9940e+01,5.9733e+01,5.9650e+01,5.9722e+01,5.9640e+01,5.9967e+01,5.9310e+01,5.8448e+01,5.7509e+01,5.6705e+01,5.6107e+01,5.5684e+01,5.5264e+01,5.5324e+01,5.4632e+01,5.4343e+01,5.3960e+01,5.3427e+01,5.3085e+01,5.3350e+01,5.2772e+01,5.2749e+01,5.1919e+01,5.1965e+01,5.1136e+01,5.1247e+01,5.1405e+01,5.1688e+01,5.2124e+01,5.2505e+01,5.2582e+01,5.2799e+01,5.3628e+01,5.3851e+01,5.3414e+01,5.3631e+01,5.3961e+01,5.4321e+01,5.4775e+01,5.5499e+01,5.5757e+01,5.6124e+01,5.4911e+01,5.4075e+01,5.2701e+01,5.2005e+01,5.1272e+01,4.9946e+01,4.9948e+01,4.9918e+01,4.8969e+01,4.8659e+01,4.7625e+01,4.6962e+01,4.6280e+01,4.5909e+01,4.5269e+01,4.4882e+01,4.4637e+01,4.4938e+01,4.4911e+01,4.5390e+01,4.6572e+01,4.7645e+01,4.8248e+01,4.9005e+01,4.9786e+01,5.0159e+01,4.9863e+01,4.8594e+01,4.9362e+01,4.9230e+01,4.9716e+01,4.9317e+01,4.9403e+01,4.9792e+01,4.9715e+01,4.8675e+01,4.9636e+01,5.0505e+01,5.2082e+01,5.2860e+01,5.4126e+01,5.5715e+01,5.6489e+01,5.8232e+01,5.8143e+01,5.9805e+01,6.2392e+01,6.4200e+01,6.6406e+01,6.8576e+01,7.0953e+01,7.2322e+01,7.4282e+01,7.5689e+01,7.4953e+01,7.4721e+01,7.4884e+01,7.6581e+01,7.6029e+01,7.5385e+01,7.5021e+01,7.5806e+01,7.5607e+01,7.6023e+01,7.6521e+01,7.7558e+01,7.8387e+01,7.9538e+01,8.0449e+01,8.1125e+01,8.1396e+01,8.1874e+01,8.2456e+01,8.3131e+01,8.3871e+01,8.4707e+01,8.5543e+01,8.6512e+01,8.7346e+01,8.8514e+01,8.9057e+01,8.9547e+01,9.0468e+01,9.0850e+01,9.1437e+01,9.1377e+01,9.1077e+01
6.1056e+01,6.0848e+01,6.0914e+01,6.0710e+01,6.0628e+01,6.0704e+01,6.0626e+01,6.0958e+01,6.0313e+01,5.9470e+01,5.8540e+01,5.7749e+01,5.7167e+01,5.6757e+01,5.6338e+01,5.6388e+01,5.5707e+01,5.5425e+01,5.5032e+01,5.4506e+01,5.4193e+01,5.4486e+01,5.3932e+01,5.3927e+01,5.3104e+01,5.3159e+01,5.2332e+01,5.2445e+01,5.2589e+01,5.2869e+01,5.3300e+01,5.3701e+01,5.3805e+01,5.4014e+01,5.4862e+01,5.5099e+01,5.4688e+01,5.4912e+01,5.5247e+01,5.5619e+01,5.6071e+01,5.6790e+01,5.7037e+01,5.7373e+01,5.6151e+01,5.5330e+01,5.3966e+01,5.3241e+01,5.2501e+01,5.1152e+01,5.1097e+01,5.1024e+01,5.0039e+01,4.9716e+01,4.8614e+01,4.7887e+01,4.7202e+01,4.6857e+01,4.6134e+01,4.5694e+01,4.5374e+01,4.5678e+01,4.5655e+01,4.6123e+01,4.7375e+01,4.8445e+01,4.9064e+01,4.9805e+01,5.0574e+01,5.0905e+01,5.0561e+01,4.9237e+01,4.9961e+01,4.9760e+01,5.0204e+01,4.9752e+01,4.9739e+01,5.0048e+01,4.9890e+01,4.8888e+01,4.9808e+01,5.0698e+01,5.2227e+01,5.2943e+01,5.4206e+01,5.5718e+01,5.6436e+01,5.8125e+01,5.7995e+01,5.9603e+01,6.2157e+01,6.3955e+01,6.6115e+01,6.8258e+01,7.0632e+01,7.1999e+01,7.3925e+01,7.5362e+01,7.4666e+01,7.4472e+01,7.4669e+01,7.6361e+01,7.5842e+01,7.5198e+01,7.4852e+01,7.5646e+01,7.5453e+01,7.5891e+01,7.6397e+01,7.7421e+01,7.8252e+01,7.9395e+01,8.0292e+01,8.0972e+01,8.1253e+01,8.1726e+01,8.2309e+01,8.2992e+01,8.3736e+01,8.4576e+01,8.5416e+01,8.6392e+01,8.7231e+01,8.8404e+01,8.8950e+01,8.9442e+01,9.0367e+01,9.0749e+01,9.1340e+01,9.1277e+01,9.0977e+01
6.1409e+01,6.1197e+01,6.1268e+01,6.1082e+01,6.1007e+01,6.1072e+01,6.1008e+01,6.1334e+01,6.0699e+01,5.9871e+01,5.8952e+01,5.8173e+01,5.7601e+01,5.7216e+01,5.6804e+01,5.6853e+01,5.6169e+01,5.5919e+01,5.5526e+01,5.5002e+01,5.4719e+01,5.5054e+01,5.4564e+01,5.4592e+01,5.3818e+01,5.3926e+01,5.3148e+01,5.3287e+01,5.3428e+01,5.3685e+01,5.4126e+01,5.4523e+01,5.4641e+01,5.4873e+01,5.5720e+01,5.5944e+01,5.5540e+01,5.5780e+01,5.6122e+01,5.6470e+01,5.6917e+01,5.7629e+01,5.7882e+01,5.8177e+01,5.6953e+01,5.6177e+01,5.4833e+01,5.4085e+01,5.3371e+01,5.2015e+01,5.1924e+01,5.1809e+01,5.0766e+01,5.0405e+01,4.9236e+01,4.8443e+01,4.7749e+01,4.7414e+01,4.6598e+01,4.6102e+01,4.5687e+01,4.5980e+01,4.5978e+01,4.6433e+01,4.7750e+01,4.8816e+01,4.9475e+01,5.0223e+01,5.0953e+01,5.1280e+01,5.0947e+01,4.9596e+01,5.0328e+01,5.0120e+01,5.0567e+01,5.0105e+01,5.0066e+01,5.0352e+01,5.0160e+01,4.9146e+01,5.0042e+01,5.0929e+01,5.2443e+01,5.3109e+01,5.4363e+01,5.5847e+01,5.6569e+01,5.8224e+01,5.8037e+01,5.9649e+01,6.2206e+01,6.4043e+01,6.6193e+01,6.8336e+01,7.0722e+01,7.2080e+01,7.4001e+01,7.5460e+01,7.4782e+01,7.4618e+01,7.4829e+01,7.6526e+01,7.6016e+01,7.5357e+01,7.5014e+01,7.5803e+01,7.5602e+01,7.6029e+01,7.6513e+01,7.7529e+01,7.8351e+01,7.9498e+01,8.0402e+01,8.1082e+01,8.1367e+01,8.1832e+01,8.2415e+01,8.3102e+01,8.3840e+01,8.4673e+01,8.5517e+01,8.6491e+01,8.7323e+01,8.8492e+01,8.9040e+01,8.9531e+01,9.0451e+01,9.0829e+01,9.1417e+01,9.1352e+01,9.1054e+01
6.1029e+01,6.0831e+01,6.0911e+01,6.0723e+01,6.0651e+01,6.0725e+01,6.0657e+01,6.0987e+01,6.0352e+01,5.9523e+01,5.8597e+01,5.7832e+01,5.7260e+01,5.6906e+01,5.6495e+01,5.6537e+01,5.5859e+01,5.5624e+01,5.5224e+01,5.4693e+01,5.4422e+01,5.4771e+01,5.4299e+01,5.4323e+01,5.3559e+01,5.3686e+01,5.2925e+01,5.3072e+01,5.3210e+01,5.3438e+01,5.3867e+01,5.4236e+01,5.4368e+01,5.4619e+01,5.5434e+01,5.5635e+01,5.5218e+01,5.5448e+01,5.5766e+01,5.6100e+01,5.6531e+01,5.7218e+01,5.7463e+01,5.7713e+01,5.6495e+01,5.5769e+01,5.4460e+01,5.3720e+01,5.3072e+01,5.1786e+01,5.1728e+01,5.1629e+01,5.0546e+01,5.0229e+01,4.9062e+01,4.8206e+01,4.7475e+01,4.7171e+01,4.6348e+01,4.5804e+01,4.5377e+01,4.5667e+01,4.5615e+01,4.6065e+01,4.7370e+01,4.8430e+01,4.9051e+01,4.9792e+01,5.0550e+01,5.0870e+01,5.0519e+01,4.9185e+01,4.9922e+01,4.9719e+01,5.0139e+01,4.9654e+01,4.9650e+01,4.9917e+01,4.9789e+01,4.8796e+01,4.9762e+01,5.0687e+01,5.2251e+01,5.2976e+01,5.4276e+01,5.5828e+01,5.6562e+01,5.8278e+01,5.8106e+01,5.9734e+01,6.2343e+01,6.4195e+01,6.6354e+01,6.8553e+01,7.0955e+01,7.2369e+01,7.4331e+01,7.5815e+01,7.5159e+01,7.4975e+01,7.5215e+01,7.6953e+01,7.6452e+01,7.5811e+01,7.5474e+01,7.6292e+01,7.6120e+01,7.6554e+01,7.7065e+01,7.8113e+01,7.8950e+01,8.0123e+01,8.1047e+01,8.1743e+01,8.2039e+01,8.2516e+01,8.3098e+01,8.3791e+01,8.4545e+01,8.5378e+01,8.6219e+01,8.7202e+01,8.8045e+01,8.9223e+01,8.9777e+01,9.0275e+01,9.1201e+01,9.1581e+01,9.2169e+01,9.2105e+01,9.1804e+01
6.1163e+01,6.0974e+01,6.1062e+01,6.0873e+01,6.0802e+01,6.0885e+01,6.0816e+01,6.1153e+01,6.0519e+01,5.9697e+01,5.8769e+01,5.8023e+01,5.7468e+01,5.7138e+01,5.6719e+01,5.6741e+01,5.6066e+01,5.5835e+01,5.5434e+01,5.4917e+01,5.4673e+01,5.5047e+01,5.4593e+01,5.4626e+01,5.3876e+01,5.4010e+01,5.3261e+01,5.3407e+01,5.3522e+01,5.3727e+01,5.4134e+01,5.4514e+01,5.4686e+01,5.4934e+01,5.5747e+01,5.5962e+01,5.5584e+01,5.5828e+01,5.6141e+01,5.6479e+01,5.6912e+01,5.7592e+01,5.7844e+01,5.8051e+01,5.6836e+01,5.6159e+01,5.4863e+01,5.4105e+01,5.3506e+01,5.2232e+01,5.2177e+01,5.2033e+01,5.0883e+01,5.0572e+01,4.9342e+01,4.8406e+01,4.7648e+01,4.7366e+01,4.6477e+01,4.5857e+01,4.5367e+01,4.5657e+01,4.5566e+01,4.5995e+01,4.7334e+01,4.8381e+01,4.8980e+01,4.9698e+01,5.0476e+01,5.0763e+01,5.0364e+01,4.9003e+01,4.9715e+01,4.9459e+01,4.9821e+01,4.9271e+01,4.9231e+01,4.9427e+01,4.9312e+01,4.8360e+01,4.9377e+01,5.0355e+01,5.1943e+01,5.2696e+01,5.4043e+01,5.5613e+01,5.6320e+01,5.8059e+01,5.7872e+01,5.9476e+01,6.2110e+01,6.3969e+01,6.6101e+01,6.8331e+01,7.0752e+01,7.2220e+01,7.4188e+01,7.5715e+01,7.5111e+01,7.4930e+01,7.5220e+01,7.6987e+01,7.6527e+01,7.5903e+01,7.5584e+01,7.6439e+01,7.6300e+01,7.6758e+01,7.7299e+01,7.8363e+01,7.9221e+01,8.0408e+01,8.1338e+01,8.2043e+01,8.2354e+01,8.2838e+01,8.3416e+01,8.4118e+01,8.4891e+01,8.5724e+01,8.6563e+01,8.7561e+01,8.8417e+01,8.9606e+01,9.0165e+01,9.0673e+01,9.1605e+01,9.1985e+01,9.2577e+01,9.2510e+01,9.2207e+01
6.1480e+01,6.1308e+01,6.1400e+01,6.1200e+01,6.1130e+01,6.1216e+01,6.1138e+01,6.1473e+01,6.0836e+01,6.0013e+01,5.9079e+01,5.8351e+01,5.7793e+01,5.7489e+01,5.7072e+01,5.7083e+01,5.6416e+01,5.6187e+01,5.5780e+01,5.5269e+01,5.5044e+01,5.5418e+01,5.4964e+01,5.4985e+01,5.4231e+01,5.4372e+01,5.3625e+01,5.3763e+01,5.3864e+01,5.4033e+01,5.4415e+01,5.4767e+01,5.4967e+01,5.5235e+01,5.6015e+01,5.6204e+01,5.5827e+01,5.6066e+01,5.6352e+01,5.6685e+01,5.7099e+01,5.7756e+01,5.7993e+01,5.8150e+01,5.6948e+01,5.6327e+01,5.5075e+01,5.4331e+01,5.3804e+01,5.2601e+01,5.2587e+01,5.2445e+01,5.1258e+01,5.0993e+01,4.9765e+01,4.8760e+01,4.7963e+01,4.7730e+01,4.6843e+01,4.6166e+01,4.5676e+01,4.5985e+01,4.5835e+01,4.6272e+01,4.7598e+01,4.8644e+01,4.9187e+01,4.9890e+01,5.0718e+01,5.0989e+01,5.0547e+01,4.9201e+01,4.9897e+01,4.9615e+01,4.9915e+01,4.9315e+01,4.9283e+01,4.9424e+01,4.9366e+01,4.8473e+01,4.9545e+01,5.0565e+01,5.2176e+01,5.2977e+01,5.4376e+01,5.5984e+01,5.6678e+01,5.8452e+01,5.8267e+01,5.9858e+01,6.2527e+01,6.4387e+01,6.6498e+01,6.8767e+01,7.1209e+01,7.2731e+01,7.4730e+01,7.6305e+01,7.5750e+01,7.5567e+01,7.5907e+01,7.7723e+01,7.7301e+01,7.6719e+01,7.6438e+01,7.7345e+01,7.7257e+01,7.7751e+01,7.8336e+01,7.9434e+01,8.0320e+01,8.1526e+01,8.2468e+01,8.3184e+01,8.3508e+01,8.4005e+01,8.4582e+01,8.5291e+01,8.6084e+01,8.6920e+01,8.7754e+01,8.8764e+01,8.9634e+01,9.0834e+01,9.1396e+01,9.1911e+01,9.2848e+01,9.3229e+01,9.3821e+01,9.3753e+01,9.3448e+01
6.1693e+01,6.1527e+01,6.1625e+01,6.1434e+01,6.1366e+01,6.1455e+01,6.1380e+01,6.1710e+01,6.1076e+01,6.0266e+01,5.9346e+01,5.8635e+01,5.8085e+01,5.7806e+01,5.7397e+01,5.7393e+01,5.6724e+01,5.6512e+01,5.6131e+01,5.5639e+01,5.5466e+01,5.5880e+01,5.5474e+01,5.5531e+01,5.4820e+01,5.4989e+01,5.4275e+01,5.4424e+01,5.4515e+01,5.4691e+01,5.5072e+01,5.5469e+01,5.5685e+01,5.5929e+01,5.6721e+01,5.6949e+01,5.6603e+01,5.6856e+01,5.7167e+01,5.7500e+01,5.7941e+01,5.8604e+01,5.8872e+01,5.9019e+01,5.7822e+01,5.7237e+01,5.5976e+01,5.5215e+01,5.4718e+01,5.3490e+01,5.3479e+01,5.3277e+01,5.2016e+01,5.1695e+01,5.0378e+01,4.9319e+01,4.8512e+01,4.8253e+01,4.7277e+01,4.6539e+01,4.5967e+01,4.6245e+01,4.6088e+01,4.6481e+01,4.7835e+01,4.8836e+01,4.9367e+01,5.0031e+01,5.0831e+01,5.1062e+01,5.0585e+01,4.9229e+01,4.9879e+01,4.9543e+01,4.9782e+01,4.9138e+01,4.9051e+01,4.9116e+01,4.9041e+01,4.8208e+01,4.9299e+01,5.0380e+01,5.2002e+01,5.2812e+01,5.4276e+01,5.5863e+01,5.6504e+01,5.8238e+01,5.7964e+01,5.9513e+01,6.2205e+01,6.4095e+01,6.6145e+01,6.8414e+01,7.0897e+01,7.2446e+01,7.4432e+01,7.6066e+01,7.5581e+01,7.5448e+01,7.5846e+01,7.7677e+01,7.7305e+01,7.6744e+01,7.6491e+01,7.7423e+01,7.7358e+01,7.7868e+01,7.8466e+01,7.9570e+01,8.0461e+01,8.1681e+01,8.2637e+01,8.3370e+01,8.3708e+01,8.4205e+01,8.4787e+01,8.5510e+01,8.6311e+01,8.7153e+01,8.7997e+01,8.9016e+01,8.9890e+01,9.1097e+01,9.1665e+01,9.2181e+01,9.3119e+01,9.3501e+01,9.4094e+01,9.4027e+01,9.3721e+01
6.2358e+01,6.2190e+01,6.2295e+01,6.2116e+01,6.2056e+01,6.2139e+01,6.2065e+01,6.2380e+01,6.1745e+01,6.0943e+01,6.0034e+01,5.9330e+01,5.8781e+01,5.8523e+01,5.8129e+01,5.8117e+01,5.7448e+01,5.7248e+01,5.6885e+01,5.6409e+01,5.6276e+01,5.6716e+01,5.6354e+01,5.6437e+01,5.5771e+01,5.5950e+01,5.5265e+01,5.5407e+01,5.5470e+01,5.5655e+01,5.6031e+01,5.6444e+01,5.6663e+01,5.6893e+01,5.7681e+01,5.7932e+01,5.7603e+01,5.7857e+01,5.8185e+01,5.8519e+01,5.8979e+01,5.9653e+01,5.9936e+01,6.0101e+01,5.8906e+01,5.8325e+01,5.7047e+01,5.6286e+01,5.5785e+01,5.4519e+01,5.4506e+01,5.4260e+01,5.2972e+01,5.2607e+01,5.1242e+01,5.0188e+01,4.9400e+01,4.9109e+01,4.8090e+01,4.7350e+01,4.6750e+01,4.7018e+01,4.6891e+01,4.7273e+01,4.8630e+01,4.9612e+01,5.0153e+01,5.0809e+01,5.1589e+01,5.1822e+01,5.1350e+01,5.0000e+01,5.0641e+01,5.0289e+01,5.0514e+01,4.9859e+01,4.9750e+01,4.9789e+01,4.9694e+01,4.8872e+01,4.9957e+01,5.1055e+01,5.2680e+01,5.3470e+01,5.4952e+01,5.6517e+01,5.7147e+01,5.8842e+01,5.8499e+01,6.0036e+01,6.2726e+01,6.4649e+01,6.6661e+01,6.8907e+01,7.1415e+01,7.2952e+01,7.4912e+01,7.6577e+01,7.6129e+01,7.6038e+01,7.6453e+01,7.8280e+01,7.7932e+01,7.7383e+01,7.7149e+01,7.8090e+01,7.8037e+01,7.8543e+01,7.9141e+01,8.0239e+01,8.1121e+01,8.2341e+01,8.3297e+01,8.4033e+01,8.4375e+01,8.4876e+01,8.5462e+01,8.6184e+01,8.6986e+01,8.7829e+01,8.8673e+01,8.9685e+01,9.0555e+01,9.1754e+01,9.2318e+01,9.2825e+01,9.3752e+01,9.4132e+01,9.4719e+01,9.4655e+01,9.4351e+01
6.2036e+01,6.1864e+01,6.1968e+01,6.1804e+01,6.1745e+01,6.1827e+01,6.1762e+01,6.2076e+01,6.1440e+01,6.0634e+01,5.9734e+01,5.9021e+01,5.8469e+01,5.8203e+01,5.7800e+01,5.7783e+01,5.7100e+01,5.6900e+01,5.6551e+01,5.6077e+01,5.5944e+01,5.6396e+01,5.6055e+01,5.6156e+01,5.5509e+01,5.5689e+01,5.5014e+01,5.5158e+01,5.5232e+01,5.5458e+01,5.5853e+01,5.6326e+01,5.6533e+01,5.6730e+01,5.7547e+01,5.7847e+01,5.7547e+01,5.7813e+01,5.8182e+01,5.8531e+01,5.9034e+01,5.9739e+01,6.0059e+01,6.0272e+01,5.9076e+01,5.8481e+01,5.7156e+01,5.6390e+01,5.5872e+01,5.4536e+01,5.4526e+01,5.4238e+01,5.2898e+01,5.2462e+01,5.1036e+01,5.0009e+01,4.9213e+01,4.8842e+01,4.7766e+01,4.7022e+01,4.6372e+01,4.6592e+01,4.6499e+01,4.6838e+01,4.8210e+01,4.9155e+01,4.9727e+01,5.0366e+01,5.1089e+01,5.1305e+01,5.0842e+01,4.9476e+01,5.0090e+01,4.9721e+01,4.9952e+01,4.9313e+01,4.9160e+01,4.9194e+01,4.9047e+01,4.8232e+01,4.9285e+01,5.0384e+01,5.1988e+01,5.2755e+01,5.4240e+01,5.5762e+01,5.6357e+01,5.8001e+01,5.7598e+01,5.9106e+01,6.1794e+01,6.3732e+01,6.5715e+01,6.7930e+01,7.0458e+01,7.1983e+01,7.3914e+01,7.5588e+01,7.5163e+01,7.5102e+01,7.5527e+01,7.7332e+01,7.6995e+01,7.6447e+01,7.6205e+01,7.7140e+01,7.7065e+01,7.7560e+01,7.8145e+01,7.9234e+01,8.0104e+01,8.1321e+01,8.2281e+01,8.3021e+01,8.3362e+01,8.3857e+01,8.4450e+01,8.5175e+01,8.5973e+01,8.6822e+01,8.7676e+01,8.8686e+01,8.9548e+01,9.0744e+01,9.1312e+01,9.1818e+01,9.2743e+01,9.3124e+01,9.3712e+01,9.3649e+01,9.3346e+01
6.2215e+01,6.2050e+01,6.2162e+01,6.2006e+01,6.1949e+01,6.2021e+01,6.1966e+01,6.2276e+01,6.1645e+01,6.0850e+01,5.9964e+01,5.9257e+01,5.8703e+01,5.8444e+01,5.8051e+01,5.8037e+01,5.7358e+01,5.7182e+01,5.6841e+01,5.6364e+01,5.6262e+01,5.6738e+01,5.6430e+01,5.6549e+01,5.5917e+01,5.6142e+01,5.5498e+01,5.5677e+01,5.5786e+01,5.6023e+01,5.6449e+01,5.6964e+01,5.7172e+01,5.7364e+01,5.8211e+01,5.8521e+01,5.8231e+01,5.8541e+01,5.8958e+01,5.9314e+01,5.9836e+01,6.0565e+01,6.0917e+01,6.1122e+01,5.9920e+01,5.9341e+01,5.7988e+01,5.7191e+01,5.6677e+01,5.5308e+01,5.5281e+01,5.4950e+01,5.3533e+01,5.3022e+01,5.1503e+01,5.0431e+01,4.9608e+01,4.9222e+01,4.8051e+01,4.7255e+01,4.6507e+01,4.6695e+01,4.6601e+01,4.6904e+01,4.8338e+01,4.9264e+01,4.9857e+01,5.0471e+01,5.1156e+01,5.1342e+01,5.0850e+01,4.9430e+01,5.0010e+01,4.9581e+01,4.9784e+01,4.9112e+01,4.8879e+01,4.8873e+01,4.8638e+01,4.7810e+01,4.8805e+01,4.9907e+01,5.1470e+01,5.2164e+01,5.3639e+01,5.5088e+01,5.5643e+01,5.7224e+01,5.6769e+01,5.8235e+01,6.0897e+01,6.2843e+01,6.4792e+01,6.6985e+01,6.9519e+01,7.1035e+01,7.2953e+01,7.4658e+01,7.4267e+01,7.4257e+01,7.4707e+01,7.6519e+01,7.6215e+01,7.5663e+01,7.5438e+01,7.6382e+01,7.6314e+01,7.6828e+01,7.7419e+01,7.8512e+01,7.9389e+01,8.0615e+01,8.1586e+01,8.2346e+01,8.2699e+01,8.3189e+01,8.3795e+01,8.4544e+01,8.5350e+01,8.6205e+01,8.7076e+01,8.8102e+01,8.8970e+01,9.0181e+01,9.0760e+01,9.1272e+01,9.2204e+01,9.2588e+01,9.3185e+01,9.3123e+01,9.2819e+01
6.1349e+01,6.1190e+01,6.1304e+01,6.1145e+01,6.1086e+01,6.1169e+01,6.1111e+01,6.1428e+01,6.0782e+01,5.9978e+01,5.9087e+01,5.8371e+01,5.7809e+01,5.7537e+01,5.7129e+01,5.7121e+01,5.6434e+01,5.6260e+01,5.5923e+01,5.5437e+01,5.5316e+01,5.5786e+01,5.5483e+01,5.5606e+01,5.4982e+01,5.5191e+01,5.4548e+01,5.4722e+01,5.4848e+01,5.5122e+01,5.5565e+01,5.6135e+01,5.6331e+01,5.6492e+01,5.7374e+01,5.7725e+01,5.7469e+01,5.7789e+01,5.8247e+01,5.8629e+01,5.9197e+01,5.9961e+01,6.0354e+01,6.0596e+01,5.9400e+01,5.8830e+01,5.7443e+01,5.6648e+01,5.6147e+01,5.4730e+01,5.4722e+01,5.4352e+01,5.2874e+01,5.2313e+01,5.0749e+01,4.9688e+01,4.8836e+01,4.8382e+01,4.7167e+01,4.6344e+01,4.5548e+01,4.5684e+01,4.5592e+01,4.5846e+01,4.7286e+01,4.8176e+01,4.8786e+01,4.9380e+01,5.0023e+01,5.0189e+01,4.9698e+01,4.8270e+01,4.8832e+01,4.8401e+01,4.8617e+01,4.7969e+01,4.7725e+01,4.7736e+01,4.7480e+01,4.6660e+01,4.7642e+01,4.8743e+01,5.0302e+01,5.1009e+01,5.2500e+01,5.3942e+01,5.4474e+01,5.6045e+01,5.5570e+01,5.7017e+01,5.9688e+01,6.1629e+01,6.3568e+01,6.5750e+01,6.8298e+01,6.9821e+01,7.1732e+01,7.3438e+01,7.3058e+01,7.3049e+01,7.3511e+01,7.5316e+01,7.5018e+01,7.4475e+01,7.4240e+01,7.5189e+01,7.5105e+01,7.5617e+01,7.6204e+01,7.7295e+01,7.8175e+01,7.9401e+01,8.0382e+01,8.1147e+01,8.1497e+01,8.1985e+01,8.2592e+01,8.3345e+01,8.4152e+01,8.5010e+01,8.5889e+01,8.6919e+01,8.7787e+01,8.9004e+01,8.9589e+01,9.0110e+01,9.1047e+01,9.1432e+01,9.2032e+01,9.1968e+01,9.1661e+01
6.0963e+01,6.0786e+01,6.0895e+01,6.0745e+01,6.0687e+01,6.0771e+01,6.0712e+01,6.1033e+01,6.0391e+01,5.9583e+01,5.8683e+01,5.7950e+01,5.7389e+01,5.7106e+01,5.6685e+01,5.6666e+01,5.5967e+01,5.5791e+01,5.5452e+01,5.4947e+01,5.4797e+01,5.5251e+01,5.4934e+01,5.5045e+01,5.4411e+01,5.4597e+01,5.3934e+01,5.4100e+01,5.4223e+01,5.4511e+01,5.4946e+01,5.5512e+01,5.5695e+01,5.5851e+01,5.6724e+01,5.7071e+01,5.6798e+01,5.7085e+01,5.7507e+01,5.7871e+01,5.8433e+01,5.9173e+01,5.9539e+01,5.9814e+01,5.8626e+01,5.8025e+01,5.6646e+01,5.5879e+01,5.5350e+01,5.3931e+01,5.3938e+01,5.3609e+01,5.2189e+01,5.1652e+01,5.0158e+01,4.9165e+01,4.8332e+01,4.7842e+01,4.6694e+01,4.5934e+01,4.5209e+01,4.5336e+01,4.5273e+01,4.5539e+01,4.6919e+01,4.7802e+01,4.8424e+01,4.9047e+01,4.9690e+01,4.9897e+01,4.9456e+01,4.8076e+01,4.8677e+01,4.8306e+01,4.8555e+01,4.7946e+01,4.7751e+01,4.7794e+01,4.7580e+01,4.6774e+01,4.7789e+01,4.8889e+01,5.0475e+01,5.1242e+01,5.2749e+01,5.4240e+01,5.4782e+01,5.6393e+01,5.5941e+01,5.7394e+01,6.0088e+01,6.2016e+01,6.3963e+01,6.6153e+01,6.8699e+01,7.0239e+01,7.2146e+01,7.3827e+01,7.3433e+01,7.3386e+01,7.3838e+01,7.5621e+01,7.5299e+01,7.4759e+01,7.4502e+01,7.5434e+01,7.5324e+01,7.5809e+01,7.6373e+01,7.7446e+01,7.8305e+01,7.9513e+01,8.0483e+01,8.1234e+01,8.1576e+01,8.2054e+01,8.2652e+01,8.3391e+01,8.4183e+01,8.5031e+01,8.5905e+01,8.6920e+01,8.7774e+01,8.8975e+01,8.9556e+01,9.0075e+01,9.1003e+01,9.1382e+01,9.1978e+01,9.1913e+01,9.1607e+01
6.0517e+01,6.0335e+01,6.0443e+01,6.0298e+01,6.0248e+01,6.0341e+01,6.0287e+01,6.0615e+01,5.9973e+01,5.9162e+01,5.8250e+01,5.7509e+01,5.6962e+01,5.6676e+01,5.6246e+01,5.6219e+01,5.5517e+01,5.5338e+01,5.5000e+01,5.4500e+01,5.4326e+01,5.4778e+01,5.4465e+01,5.4582e+01,5.3969e+01,5.4140e+01,5.3491e+01,5.3649e+01,5.3774e+01,5.4090e+01,5.4534e+01,5.5125e+01,5.5285e+01,5.5409e+01,5.6269e+01,5.6631e+01,5.6382e+01,5.6672e+01,5.7091e+01,5.7465e+01,5.8028e+01,5.8771e+01,5.9134e+01,5.9442e+01,5.8267e+01,5.7657e+01,5.6270e+01,5.5544e+01,5.5023e+01,5.3578e+01,5.3609e+01,5.3269e+01,5.1844e+01,5.1255e+01,4.9746e+01,4.8795e+01,4.7959e+01,4.7406e+01,4.6234e+01,4.5492e+01,4.4762e+01,4.4872e+01,4.4844e+01,4.5102e+01,4.6465e+01,4.7340e+01,4.7992e+01,4.8638e+01,4.9270e+01,4.9514e+01,4.9120e+01,4.7755e+01,4.8399e+01,4.8064e+01,4.8339e+01,4.7740e+01,4.7581e+01,4.7645e+01,4.7463e+01,4.6628e+01,4.7689e+01,4.8800e+01,5.0447e+01,5.1249e+01,5.2773e+01,5.4326e+01,5.4909e+01,5.6571e+01,5.6135e+01,5.7627e+01,6.0350e+01,6.2292e+01,6.4266e+01,6.6470e+01,6.9015e+01,7.0566e+01,7.2466e+01,7.4127e+01,7.3713e+01,7.3637e+01,7.4075e+01,7.5842e+01,7.5500e+01,7.4933e+01,7.4639e+01,7.5548e+01,7.5413e+01,7.5863e+01,7.6408e+01,7.7458e+01,7.8304e+01,7.9502e+01,8.0472e+01,8.1224e+01,8.1561e+01,8.2034e+01,8.2626e+01,8.3359e+01,8.4143e+01,8.4979e+01,8.5848e+01,8.6856e+01,8.7700e+01,8.8891e+01,8.9470e+01,8.9990e+01,9.0913e+01,9.1288e+01,9.1880e+01,9.1813e+01,9.1507e+01
5.9956e+01,5.9779e+01,5.9894e+01,5.9748e+01,5.9698e+01,5.9812e+01,5.9758e+01,6.0099e+01,5.9437e+01,5.8626e+01,5.7715e+01,5.6969e+01,5.6429e+01,5.6129e+01,5.5693e+01,5.5672e+01,5.4972e+01,5.4794e+01,5.4464e+01,5.3980e+01,5.3810e+01,5.4264e+01,5.3969e+01,5.4103e+01,5.3507e+01,5.3678e+01,5.3054e+01,5.3207e+01,5.3322e+01,5.3660e+01,5.4114e+01,5.4749e+01,5.4899e+01,5.4989e+01,5.5876e+01,5.6284e+01,5.6069e+01,5.6369e+01,5.6826e+01,5.7226e+01,5.7839e+01,5.8616e+01,5.9035e+01,5.9391e+01,5.8243e+01,5.7647e+01,5.6226e+01,5.5508e+01,5.5002e+01,5.3513e+01,5.3556e+01,5.3161e+01,5.1657e+01,5.1001e+01,4.9403e+01,4.8451e+01,4.7591e+01,4.6960e+01,4.5695e+01,4.4903e+01,4.4089e+01,4.4132e+01,4.4112e+01,4.4309e+01,4.5701e+01,4.6534e+01,4.7213e+01,4.7837e+01,4.8423e+01,4.8649e+01,4.8253e+01,4.6856e+01,4.7487e+01,4.7127e+01,4.7400e+01,4.6798e+01,4.6603e+01,4.6663e+01,4.6445e+01,4.5608e+01,4.6653e+01,4.7766e+01,4.9416e+01,5.0219e+01,5.1757e+01,5.3314e+01,5.3882e+01,5.5554e+01,5.5109e+01,5.6590e+01,5.9334e+01,6.1276e+01,6.3245e+01,6.5459e+01,6.8010e+01,6.9585e+01,7.1472e+01,7.3130e+01,7.2730e+01,7.2641e+01,7.3100e+01,7.4863e+01,7.4537e+01,7.3979e+01,7.3676e+01,7.4595e+01,7.4463e+01,7.4918e+01,7.5476e+01,7.6525e+01,7.7379e+01,7.8580e+01,7.9555e+01,8.0312e+01,8.0659e+01,8.1142e+01,8.1735e+01,8.2469e+01,8.3260e+01,8.4099e+01,8.4969e+01,8.5988e+01,8.6837e+01,8.8036e+01,8.8618e+01,8.9145e+01,9.0072e+01,9.0444e+01,9.1038e+01,9.0967e+01,9.0659e+01
5.9433e+01,5.9250e+01,5.9362e+01,5.9223e+01,5.9178e+01,5.9298e+01,5.9246e+01,5.9595e+01,5.8929e+01,5.8116e+01,5.7211e+01,5.6464e+01,5.5931e+01,5.5635e+01,5.5193e+01,5.5158e+01,5.4456e+01,5.4284e+01,5.3978e+01,5.3513e+01,5.3343e+01,5.3793e+01,5.3503e+01,5.3651e+01,5.3068e+01,5.3224e+01,5.2617e+01,5.2753e+01,5.2843e+01,5.3207e+01,5.3654e+01,5.4331e+01,5.4475e+01,5.4518e+01,5.5399e+01,5.5849e+01,5.5674e+01,5.5979e+01,5.6449e+01,5.6872e+01,5.7519e+01,5.8324e+01,5.8777e+01,5.9180e+01,5.8062e+01,5.7473e+01,5.6025e+01,5.5323e+01,5.4835e+01,5.3302e+01,5.3373e+01,5.2928e+01,5.1368e+01,5.0663e+01,4.9005e+01,4.8075e+01,4.7219e+01,4.6522e+01,4.5210e+01,4.4415e+01,4.3580e+01,4.3598e+01,4.3623e+01,4.3808e+01,4.5190e+01,4.6005e+01,4.6713e+01,4.7354e+01,4.7931e+01,4.8185e+01,4.7825e+01,4.6449e+01,4.7107e+01,4.6772e+01,4.7057e+01,4.6469e+01,4.6305e+01,4.6387e+01,4.6198e+01,4.5350e+01,4.6427e+01,4.7548e+01,4.9240e+01,5.0069e+01,5.1619e+01,5.3206e+01,5.3794e+01,5.5484e+01,5.5033e+01,5.6525e+01,5.9276e+01,6.1219e+01,6.3181e+01,6.5376e+01,6.7928e+01,6.9500e+01,7.1356e+01,7.3005e+01,7.2606e+01,7.2510e+01,7.2960e+01,7.4696e+01,7.4364e+01,7.3800e+01,7.3473e+01,7.4370e+01,7.4220e+01,7.4653e+01,7.5202e+01,7.6230e+01,7.7065e+01,7.8254e+01,7.9227e+01,7.9982e+01,8.0334e+01,8.0816e+01,8.1401e+01,8.2129e+01,8.2915e+01,8.3745e+01,8.4609e+01,8.5623e+01,8.6464e+01,8.7654e+01,8.8234e+01,8.8761e+01,8.9682e+01,9.0050e+01,9.0642e+01,9.0569e+01,9.0262e+01
5.8736e+01,5.8563e+01,5.8682e+01,5.8535e+01,5.8481e+01,5.8619e+01,5.8559e+01,5.8919e+01,5.8226e+01,5.7398e+01,5.6490e+01,5.5746e+01,5.5209e+01,5.4908e+01,5.4461e+01,5.4432e+01,5.3725e+01,5.3542e+01,5.3237e+01,5.2774e+01,5.2633e+01,5.3094e+01,5.2821e+01,5.2978e+01,5.2403e+01,5.2560e+01,5.1951e+01,5.2081e+01,5.2172e+01,5.2564e+01,5.3026e+01,5.3744e+01,5.3887e+01,5.3915e+01,5.4853e+01,5.5333e+01,5.5177e+01,5.5476e+01,5.6007e+01,5.6470e+01,5.7191e+01,5.8036e+01,5.8567e+01,5.8961e+01,5.7856e+01,5.7338e+01,5.5885e+01,5.5174e+01,5.4749e+01,5.3214e+01,5.3310e+01,5.2822e+01,5.1139e+01,5.0398e+01,4.8655e+01,4.7635e+01,4.6685e+01,4.5952e+01,4.4554e+01,4.3641e+01,4.2710e+01,4.2640e+01,4.2590e+01,4.2687e+01,4.4099e+01,4.4852e+01,4.5535e+01,4.6112e+01,4.6653e+01,4.6836e+01,4.6417e+01,4.5015e+01,4.5614e+01,4.5229e+01,4.5482e+01,4.4892e+01,4.4688e+01,4.4761e+01,4.4547e+01,4.3743e+01,4.4790e+01,4.5914e+01,4.7580e+01,4.8434e+01,5.0028e+01,5.1614e+01,5.2157e+01,5.3846e+01,5.3375e+01,5.4837e+01,5.7624e+01,5.9573e+01,6.1518e+01,6.3745e+01,6.6336e+01,6.7955e+01,6.9839e+01,7.1531e+01,7.1174e+01,7.1077e+01,7.1576e+01,7.3363e+01,7.3079e+01,7.2565e+01,7.2275e+01,7.3234e+01,7.3121e+01,7.3600e+01,7.4197e+01,7.5260e+01,7.6133e+01,7.7341e+01,7.8331e+01,7.9092e+01,7.9455e+01,7.9953e+01,8.0543e+01,8.1278e+01,8.2086e+01,8.2928e+01,8.3797e+01,8.4830e+01,8.5688e+01,8.6897e+01,8.7489e+01,8.8029e+01,8.8968e+01,8.9338e+01,8.9939e+01,8.9861e+01,8.9544e+01
5.8082e+01,5.7913e+01,5.8045e+01,5.7898e+01,5.7843e+01,5.7984e+01,5.7920e+01,5.8289e+01,5.7574e+01,5.6715e+01,5.5787e+01,5.5021e+01,5.4467e+01,5.4135e+01,5.3662e+01,5.3636e+01,5.2920e+01,5.2723e+01,5.2381e+01,5.1898e+01,5.1753e+01,5.2218e+01,5.1945e+01,5.2080e+01,5.1489e+01,5.1644e+01,5.1022e+01,5.1157e+01,5.1248e+01,5.1627e+01,5.2093e+01,5.2806e+01,5.2959e+01,5.3019e+01,5.4002e+01,5.4479e+01,5.4341e+01,5.4663e+01,5.5235e+01,5.5714e+01,5.6464e+01,5.7343e+01,5.7911e+01,5.8271e+01,5.7135e+01,5.6650e+01,5.5184e+01,5.4416e+01,5.4020e+01,5.2470e+01,5.2560e+01,5.2020e+01,5.0244e+01,4.9505e+01,4.7714e+01,4.6613e+01,4.5613e+01,4.4907e+01,4.3486e+01,4.2516e+01,4.1549e+01,4.1491e+01,4.1405e+01,4.1511e+01,4.2977e+01,4.3768e+01,4.4453e+01,4.5038e+01,4.5609e+01,4.5778e+01,4.5317e+01,4.3860e+01,4.4452e+01,4.4029e+01,4.4272e+01,4.3661e+01,4.3429e+01,4.3500e+01,4.3254e+01,4.2446e+01,4.3476e+01,4.4604e+01,4.6264e+01,4.7119e+01,4.8736e+01,5.0321e+01,5.0860e+01,5.2545e+01,5.2058e+01,5.3517e+01,5.6323e+01,5.8288e+01,6.0236e+01,6.2480e+01,6.5120e+01,6.6750e+01,6.8679e+01,7.0411e+01,7.0065e+01,6.9971e+01,7.0497e+01,7.2335e+01,7.2078e+01,7.1591e+01,7.1354e+01,7.2363e+01,7.2289e+01,7.2806e+01,7.3436e+01,7.4526e+01,7.5429e+01,7.6648e+01,7.7644e+01,7.8406e+01,7.8775e+01,7.9281e+01,7.9871e+01,8.0617e+01,8.1440e+01,8.2292e+01,8.3169e+01,8.4217e+01,8.5090e+01,8.6316e+01,8.6915e+01,8.7466e+01,8.8420e+01,8.8794e+01,8.9401e+01,8.9319e+01,8.8994e+01
5.7473e+01,5.7321e+01,5.7464e+01,5.7321e+01,5.7266e+01,5.7433e+01,5.7364e+01,5.7750e+01,5.7005e+01,5.6127e+01,5.5179e+01,5.4415e+01,5.3858e+01,5.3516e+01,5.3036e+01,5.3014e+01,5.2294e+01,5.2082e+01,5.1728e+01,5.1243e+01,5.1106e+01,5.1580e+01,5.1313e+01,5.1440e+01,5.0847e+01,5.0984e+01,5.0350e+01,5.0476e+01,5.0575e+01,5.0993e+01,5.1475e+01,5.2239e+01,5.2386e+01,5.2411e+01,5.3455e+01,5.3981e+01,5.3879e+01,5.4207e+01,5.4851e+01,5.5367e+01,5.6186e+01,5.7105e+01,5.7757e+01,5.8098e+01,5.6980e+01,5.6578e+01,5.5111e+01,5.4341e+01,5.4024e+01,5.2479e+01,5.2608e+01,5.2032e+01,5.0133e+01,4.9348e+01,4.7460e+01,4.6262e+01,4.5138e+01,4.4387e+01,4.2861e+01,4.1762e+01,4.0674e+01,4.0514e+01,4.0348e+01,4.0345e+01,4.1850e+01,4.2571e+01,4.3241e+01,4.3755e+01,4.4276e+01,4.4369e+01,4.3859e+01,4.2371e+01,4.2914e+01,4.2464e+01,4.2707e+01,4.2117e+01,4.1866e+01,4.1964e+01,4.1684e+01,4.0884e+01,4.1864e+01,4.2968e+01,4.4597e+01,4.5462e+01,4.7097e+01,4.8683e+01,4.9197e+01,5.0886e+01,5.0406e+01,5.1848e+01,5.4673e+01,5.6628e+01,5.8572e+01,6.0838e+01,6.3491e+01,6.5154e+01,6.7109e+01,6.8861e+01,6.8537e+01,6.8432e+01,6.8985e+01,7.0864e+01,7.0641e+01,7.0201e+01,6.9994e+01,7.1054e+01,7.1014e+01,7.1569e+01,7.2243e+01,7.3363e+01,7.4302e+01,7.5535e+01,7.6547e+01,7.7313e+01,7.7692e+01,7.8211e+01,7.8804e+01,7.9557e+01,8.0398e+01,8.1258e+01,8.2139e+01,8.3205e+01,8.4094e+01,8.5339e+01,8.5947e+01,8.6512e+01,8.7483e+01,8.7859e+01,8.8473e+01,8.8384e+01,8.8050e+01
5.7795e+01,5.7658e+01,5.7812e+01,5.7656e+01,5.7596e+01,5.7777e+01,5.7695e+01,5.8086e+01,5.7314e+01,5.6426e+01,5.5469e+01,5.4721e+01,5.4157e+01,5.3818e+01,5.3337e+01,5.3317e+01,5.2604e+01,5.2385e+01,5.2014e+01,5.1520e+01,5.1388e+01,5.1860e+01,5.1577e+01,5.1698e+01,5.1089e+01,5.1215e+01,5.0558e+01,5.0667e+01,5.0763e+01,5.1176e+01,5.1653e+01,5.2415e+01,5.2569e+01,5.2606e+01,5.3675e+01,5.4212e+01,5.4122e+01,5.4457e+01,5.5131e+01,5.5638e+01,5.6474e+01,5.7407e+01,5.8091e+01,5.8418e+01,5.7297e+01,5.6923e+01,5.5453e+01,5.4667e+01,5.4366e+01,5.2831e+01,5.2961e+01,5.2383e+01,5.0449e+01,4.9649e+01,4.7741e+01,4.6503e+01,4.5351e+01,4.4601e+01,4.3055e+01,4.1932e+01,4.0819e+01,4.0629e+01,4.0448e+01,4.0411e+01,4.1949e+01,4.2667e+01,4.3359e+01,4.3860e+01,4.4355e+01,4.4413e+01,4.3882e+01,4.2355e+01,4.2867e+01,4.2384e+01,4.2631e+01,4.2049e+01,4.1747e+01,4.1844e+01,4.1489e+01,4.0679e+01,4.1569e+01,4.2639e+01,4.4203e+01,4.4998e+01,4.6611e+01,4.8123e+01,4.8605e+01,5.0221e+01,4.9676e+01,5.1081e+01,5.3889e+01,5.5861e+01,5.7772e+01,6.0020e+01,6.2697e+01,6.4361e+01,6.6314e+01,6.8104e+01,6.7820e+01,6.7758e+01,6.8345e+01,7.0251e+01,7.0069e+01,6.9660e+01,6.9492e+01,7.0599e+01,7.0582e+01,7.1192e+01,7.1894e+01,7.3033e+01,7.3999e+01,7.5235e+01,7.6256e+01,7.7023e+01,7.7411e+01,7.7933e+01,7.8530e+01,7.9289e+01,8.0138e+01,8.1000e+01,8.1884e+01,8.2962e+01,8.3861e+01,8.5117e+01,8.5730e+01,8.6302e+01,8.7283e+01,8.7658e+01,8.8276e+01,8.8182e+01,8.7841e+01
5.7159e+01,5.7034e+01,5.7192e+01,5.7026e+01,5.6960e+01,5.7164e+01,5.7077e+01,5.7485e+01,5.6681e+01,5.5773e+01,5.4805e+01,5.4037e+01,5.3478e+01,5.3119e+01,5.2637e+01,5.2637e+01,5.1942e+01,5.1721e+01,5.1330e+01,5.0817e+01,5.0679e+01,5.1132e+01,5.0837e+01,5.0929e+01,5.0299e+01,5.0402e+01,4.9719e+01,4.9831e+01,4.9951e+01,5.0384e+01,5.0883e+01,5.1665e+01,5.1805e+01,5.1846e+01,5.2957e+01,5.3495e+01,5.3414e+01,5.3750e+01,5.4469e+01,5.5003e+01,5.5889e+01,5.6855e+01,5.7603e+01,5.7934e+01,5.6839e+01,5.6522e+01,5.5066e+01,5.4289e+01,5.4031e+01,5.2516e+01,5.2683e+01,5.2096e+01,5.0105e+01,4.9309e+01,4.7376e+01,4.6098e+01,4.4866e+01,4.4083e+01,4.2513e+01,4.1307e+01,4.0154e+01,3.9883e+01,3.9618e+01,3.9507e+01,4.1020e+01,4.1678e+01,4.2333e+01,4.2791e+01,4.3265e+01,4.3293e+01,4.2743e+01,4.1223e+01,4.1723e+01,4.1242e+01,4.1482e+01,4.0918e+01,4.0626e+01,4.0748e+01,4.0391e+01,3.9606e+01,4.0483e+01,4.1554e+01,4.3124e+01,4.3979e+01,4.5653e+01,4.7217e+01,4.7690e+01,4.9360e+01,4.8835e+01,5.0257e+01,5.3129e+01,5.5116e+01,5.7063e+01,5.9380e+01,6.2085e+01,6.3794e+01,6.5803e+01,6.7605e+01,6.7318e+01,6.7212e+01,6.7818e+01,6.9779e+01,6.9618e+01,6.9238e+01,6.9097e+01,7.0250e+01,7.0263e+01,7.0894e+01,7.1622e+01,7.2787e+01,7.3777e+01,7.5023e+01,7.6055e+01,7.6820e+01,7.7211e+01,7.7742e+01,7.8338e+01,7.9100e+01,7.9961e+01,8.0826e+01,8.1708e+01,8.2796e+01,8.3704e+01,8.4969e+01,8.5583e+01,8.6160e+01,8.7150e+01,8.7524e+01,8.8143e+01,8.8045e+01,8.7699e+01
5.5845e+01,5.5727e+01,5.5890e+01,5.5723e+01,5.5664e+01,5.5889e+01,5.5800e+01,5.6220e+01,5.5385e+01,5.4449e+01,5.3444e+01,5.2659e+01,5.2071e+01,5.1699e+01,5.1209e+01,5.1209e+01,5.0527e+01,5.0326e+01,4.9913e+01,4.9355e+01,4.9178e+01,4.9575e+01,4.9256e+01,4.9306e+01,4.8654e+01,4.8708e+01,4.7990e+01,4.8064e+01,4.8173e+01,4.8614e+01,4.9113e+01,4.9895e+01,5.0029e+01,5.0053e+01,5.1185e+01,5.1756e+01,5.1687e+01,5.2007e+01,5.2751e+01,5.3314e+01,5.4252e+01,5.5242e+01,5.6051e+01,5.6380e+01,5.5296e+01,5.5029e+01,5.3589e+01,5.2830e+01,5.2635e+01,5.1170e+01,5.1400e+01,5.0837e+01,4.8780e+01,4.8008e+01,4.6073e+01,4.4766e+01,4.3448e+01,4.2629e+01,4.1060e+01,3.9776e+01,3.8616e+01,3.8284e+01,3.7926e+01,3.7761e+01,3.9214e+01,3.9814e+01,4.0415e+01,4.0838e+01,4.1314e+01,4.1331e+01,4.0792e+01,3.9305e+01,3.9829e+01,3.9407e+01,3.9686e+01,3.9181e+01,3.8971e+01,3.9179e+01,3.8892e+01,3.8119e+01,3.9029e+01,4.0089e+01,4.1713e+01,4.2684e+01,4.4401e+01,4.6096e+01,4.6624e+01,4.8429e+01,4.8021e+01,4.9529e+01,5.2478e+01,5.4455e+01,5.6500e+01,5.8890e+01,6.1590e+01,6.3323e+01,6.5405e+01,6.7163e+01,6.6805e+01,6.6603e+01,6.7174e+01,6.9165e+01,6.8955e+01,6.8580e+01,6.8425e+01,6.9579e+01,6.9599e+01,7.0223e+01,7.0954e+01,7.2133e+01,7.3131e+01,7.4385e+01,7.5422e+01,7.6186e+01,7.6575e+01,7.7115e+01,7.7707e+01,7.8465e+01,7.9333e+01,8.0200e+01,8.1082e+01,8.2174e+01,8.3090e+01,8.4358e+01,8.4975e+01,8.5554e+01,8.6554e+01,8.6932e+01,8.7553e+01,8.7454e+01,8.7106e+01
5.4595e+01,5.4493e+01,5.4659e+01,5.4483e+01,5.4435e+01,5.4681e+01,5.4589e+01,5.5031e+01,5.4153e+01,5.3161e+01,5.2089e+01,5.1256e+01,5.0623e+01,5.0194e+01,4.9691e+01,4.9708e+01,4.9026e+01,4.8809e+01,4.8344e+01,4.7749e+01,4.7522e+01,4.7865e+01,4.7512e+01,4.7516e+01,4.6821e+01,4.6852e+01,4.6111e+01,4.6181e+01,4.6309e+01,4.6760e+01,4.7287e+01,4.8082e+01,4.8200e+01,4.8220e+01,4.9385e+01,4.9976e+01,4.9920e+01,5.0254e+01,5.1050e+01,5.1659e+01,5.2657e+01,5.3710e+01,5.4597e+01,5.4933e+01,5.3838e+01,5.3600e+01,5.2123e+01,5.1357e+01,5.1219e+01,4.9760e+01,5.0027e+01,4.9437e+01,4.7266e+01,4.6470e+01,4.4474e+01,4.3101e+01,4.1673e+01,4.0834e+01,3.9214e+01,3.7825e+01,3.6608e+01,3.6237e+01,3.5804e+01,3.5605e+01,3.7087e+01,3.7682e+01,3.8268e+01,3.8668e+01,3.9153e+01,3.9148e+01,3.8585e+01,3.7059e+01,3.7605e+01,3.7203e+01,3.7520e+01,3.7058e+01,3.6899e+01,3.7201e+01,3.6943e+01,3.6143e+01,3.7062e+01,3.8096e+01,3.9760e+01,4.0831e+01,4.2601e+01,4.4401e+01,4.4956e+01,4.6864e+01,4.6541e+01,4.8101e+01,5.1118e+01,5.3089e+01,5.5211e+01,5.7675e+01,6.0384e+01,6.2149e+01,6.4306e+01,6.6047e+01,6.5644e+01,6.5367e+01,6.5929e+01,6.7966e+01,6.7741e+01,6.7389e+01,6.7249e+01,6.8437e+01,6.8485e+01,6.9120e+01,6.9881e+01,7.1077e+01,7.2101e+01,7.3364e+01,7.4411e+01,7.5177e+01,7.5571e+01,7.6127e+01,7.6719e+01,7.7483e+01,7.8369e+01,7.9245e+01,8.0130e+01,8.1234e+01,8.2163e+01,8.3443e+01,8.4063e+01,8.4648e+01,8.5662e+01,8.6043e+01,8.6665e+01,8.6564e+01,8.6211e+01
5.3972e+01,5.3878e+01,5.4054e+01,5.3886e+01,5.3856e+01,5.4118e+01,5.4024e+01,5.4472e+01,5.3554e+01,5.2523e+01,5.1395e+01,5.0507e+01,4.9821e+01,4.9336e+01,4.8824e+01,4.8854e+01,4.8169e+01,4.7928e+01,4.7398e+01,4.6772e+01,4.6481e+01,4.6807e+01,4.6432e+01,4.6380e+01,4.5651e+01,4.5651e+01,4.4885e+01,4.4950e+01,4.5091e+01,4.5533e+01,4.6050e+01,4.6861e+01,4.6996e+01,4.7011e+01,4.8221e+01,4.8839e+01,4.8805e+01,4.9150e+01,4.9988e+01,5.0645e+01,5.1660e+01,5.2771e+01,5.3699e+01,5.4038e+01,5.2911e+01,5.2663e+01,5.1139e+01,5.0363e+01,5.0244e+01,4.8752e+01,4.9003e+01,4.8388e+01,4.6158e+01,4.5319e+01,4.3276e+01,4.1851e+01,4.0339e+01,3.9499e+01,3.7802e+01,3.6338e+01,3.5033e+01,3.4629e+01,3.4126e+01,3.3873e+01,3.5434e+01,3.6022e+01,3.6613e+01,3.6977e+01,3.7443e+01,3.7364e+01,3.6741e+01,3.5098e+01,3.5616e+01,3.5200e+01,3.5608e+01,3.5213e+01,3.5041e+01,3.5467e+01,3.5146e+01,3.4266e+01,3.5107e+01,3.6043e+01,3.7681e+01,3.8798e+01,4.0558e+01,4.2440e+01,4.3032e+01,4.5052e+01,4.4851e+01,4.6486e+01,4.9565e+01,5.1527e+01,5.3758e+01,5.6299e+01,5.8985e+01,6.0771e+01,6.2994e+01,6.4681e+01,6.4208e+01,6.3839e+01,6.4364e+01,6.6426e+01,6.6168e+01,6.5802e+01,6.5630e+01,6.6815e+01,6.6862e+01,6.7497e+01,6.8267e+01,6.9477e+01,7.0519e+01,7.1789e+01,7.2845e+01,7.3610e+01,7.4006e+01,7.4571e+01,7.5159e+01,7.5921e+01,7.6815e+01,7.7692e+01,7.8574e+01,7.9685e+01,8.0626e+01,8.1916e+01,8.2538e+01,8.3131e+01,8.4156e+01,8.4542e+01,8.5170e+01,8.5069e+01,8.4713e+01
5.3078e+01,5.2996e+01,5.3182e+01,5.3025e+01,5.3009e+01,5.3282e+01,5.3180e+01,5.3632e+01,5.2671e+01,5.1593e+01,5.0403e+01,4.9467e+01,4.8721e+01,4.8178e+01,4.7674e+01,4.7723e+01,4.7038e+01,4.6791e+01,4.6219e+01,4.5545e+01,4.5209e+01,4.5475e+01,4.5065e+01,4.4952e+01,4.4178e+01,4.4145e+01,4.3351e+01,4.3393e+01,4.3537e+01,4.3981e+01,4.4500e+01,4.5330e+01,4.5468e+01,4.5467e+01,4.6712e+01,4.7377e+01,4.7342e+01,4.7683e+01,4.8576e+01,4.9288e+01,5.0363e+01,5.1539e+01,5.2545e+01,5.2903e+01,5.1764e+01,5.1536e+01,4.9973e+01,4.9204e+01,4.9144e+01,4.7665e+01,4.7966e+01,4.7349e+01,4.5003e+01,4.4125e+01,4.2044e+01,4.0568e+01,3.8932e+01,3.8067e+01,3.6325e+01,3.4744e+01,3.3376e+01,3.2904e+01,3.2290e+01,3.1966e+01,3.3560e+01,3.4127e+01,3.4687e+01,3.4993e+01,3.5443e+01,3.5295e+01,3.4616e+01,3.2894e+01,3.3399e+01,3.3011e+01,3.3520e+01,3.3236e+01,3.3131e+01,3.3743e+01,3.3444e+01,3.2507e+01,3.3272e+01,3.4074e+01,3.5681e+01,3.6891e+01,3.8654e+01,4.0635e+01,4.1251e+01,4.3385e+01,4.3322e+01,4.5015e+01,4.8140e+01,5.0068e+01,5.2398e+01,5.5011e+01,5.7679e+01,5.9486e+01,6.1779e+01,6.3417e+01,6.2874e+01,6.2413e+01,6.2908e+01,6.5002e+01,6.4715e+01,6.4361e+01,6.4195e+01,6.5403e+01,6.5471e+01,6.6117e+01,6.6914e+01,6.8143e+01,6.9214e+01,7.0492e+01,7.1560e+01,7.2319e+01,7.2717e+01,7.3296e+01,7.3885e+01,7.4648e+01,7.5558e+01,7.6443e+01,7.7325e+01,7.8448e+01,7.9405e+01,8.0706e+01,8.1330e+01,8.1928e+01,8.2967e+01,8.3357e+01,8.3989e+01,8.3886e+01,8.3527e+01
5.2537e+01,5.2474e+01,5.2662e+01,5.2500e+01,5.2500e+01,5.2788e+01,5.2680e+01,5.3142e+01,5.2147e+01,5.1025e+01,4.9772e+01,4.8783e+01,4.7993e+01,4.7391e+01,4.6881e+01,4.6955e+01,4.6294e+01,4.6043e+01,4.5392e+01,4.4682e+01,4.4270e+01,4.4506e+01,4.4069e+01,4.3886e+01,4.3076e+01,4.3003e+01,4.2179e+01,4.2210e+01,4.2346e+01,4.2745e+01,4.3229e+01,4.4046e+01,4.4222e+01,4.4251e+01,4.5523e+01,4.6192e+01,4.6175e+01,4.6520e+01,4.7446e+01,4.8214e+01,4.9290e+01,5.0535e+01,5.1573e+01,5.1941e+01,5.0772e+01,5.0526e+01,4.8917e+01,4.8152e+01,4.8123e+01,4.6633e+01,4.6928e+01,4.6320e+01,4.3937e+01,4.3035e+01,4.0958e+01,3.9472e+01,3.7771e+01,3.6908e+01,3.5127e+01,3.3495e+01,3.2053e+01,3.1549e+01,3.0863e+01,3.0481e+01,3.2179e+01,3.2763e+01,3.3366e+01,3.3662e+01,3.4109e+01,3.3914e+01,3.3180e+01,3.1299e+01,3.1796e+01,3.1386e+01,3.2016e+01,3.1821e+01,3.1730e+01,3.2529e+01,3.2172e+01,3.1076e+01,3.1733e+01,3.2390e+01,3.3981e+01,3.5228e+01,3.6984e+01,3.9066e+01,3.9726e+01,4.1992e+01,4.2063e+01,4.3833e+01,4.7014e+01,4.8928e+01,5.1372e+01,5.4065e+01,5.6703e+01,5.8533e+01,6.0886e+01,6.2477e+01,6.1868e+01,6.1323e+01,6.1782e+01,6.3888e+01,6.3566e+01,6.3171e+01,6.2967e+01,6.4162e+01,6.4222e+01,6.4858e+01,6.5647e+01,6.6887e+01,6.7974e+01,6.9260e+01,7.0338e+01,7.1093e+01,7.1489e+01,7.2067e+01,7.2643e+01,7.3404e+01,7.4319e+01,7.5198e+01,7.6073e+01,7.7204e+01,7.8172e+01,7.9482e+01,8.0106e+01,8.0708e+01,8.1757e+01,8.2149e+01,8.2786e+01,8.2681e+01,8.2319e+01
5.2111e+01,5.2049e+01,5.2249e+01,5.2110e+01,5.2111e+01,5.2391e+01,5.2268e+01,5.2712e+01,5.1691e+01,5.0559e+01,4.9278e+01,4.8267e+01,4.7435e+01,4.6807e+01,4.6316e+01,4.6388e+01,4.5728e+01,4.5496e+01,4.4824e+01,4.4067e+01,4.3644e+01,4.3856e+01,4.3419e+01,4.3191e+01,4.2377e+01,4.2293e+01,4.1481e+01,4.1502e+01,4.1640e+01,4.2037e+01,4.2497e+01,4.3342e+01,4.3533e+01,4.3529e+01,4.4823e+01,4.5559e+01,4.5553e+01,4.5894e+01,4.6879e+01,4.7703e+01,4.8843e+01,5.0144e+01,5.1276e+01,5.1671e+01,5.0536e+01,5.0352e+01,4.8729e+01,4.8012e+01,4.8090e+01,4.6636e+01,4.7030e+01,4.6430e+01,4.3893e+01,4.2884e+01,4.0739e+01,3.9194e+01,3.7338e+01,3.6420e+01,3.4538e+01,3.2767e+01,3.1227e+01,3.0621e+01,2.9808e+01,2.9297e+01,3.1011e+01,3.1502e+01,3.2061e+01,3.2242e+01,3.2601e+01,3.2272e+01,3.1456e+01,2.9477e+01,2.9856e+01,2.9425e+01,3.0203e+01,3.0186e+01,3.0129e+01,3.1158e+01,3.0797e+01,2.9628e+01,3.0110e+01,3.0504e+01,3.1975e+01,3.3279e+01,3.4943e+01,3.7113e+01,3.7806e+01,4.0202e+01,4.0480e+01,4.2305e+01,4.5471e+01,4.7305e+01,4.9849e+01,5.2578e+01,5.5143e+01,5.6974e+01,5.9356e+01,6.0859e+01,6.0168e+01,5.9521e+01,5.9931e+01,6.2030e+01,6.1665e+01,6.1264e+01,6.1047e+01,6.2235e+01,6.2308e+01,6.2943e+01,6.3749e+01,6.5000e+01,6.6111e+01,6.7402e+01,6.8490e+01,6.9242e+01,6.9636e+01,7.0229e+01,7.0809e+01,7.1567e+01,7.2492e+01,7.3380e+01,7.4262e+01,7.5402e+01,7.6385e+01,7.7708e+01,7.8339e+01,7.8951e+01,8.0016e+01,8.0416e+01,8.1062e+01,8.0957e+01,8.0590e+01
5.2046e+01,5.1996e+01,5.2203e+01,5.2068e+01,5.2090e+01,5.2381e+01,5.2260e+01,5.2710e+01,5.1663e+01,5.0505e+01,4.9186e+01,4.8140e+01,4.7279e+01,4.6619e+01,4.6137e+01,4.6222e+01,4.5609e+01,4.5403e+01,4.4664e+01,4.3867e+01,4.3386e+01,4.3555e+01,4.3098e+01,4.2800e+01,4.1967e+01,4.1855e+01,4.1031e+01,4.1037e+01,4.1160e+01,4.1506e+01,4.1914e+01,4.2740e+01,4.2971e+01,4.2973e+01,4.4252e+01,4.4997e+01,4.5003e+01,4.5351e+01,4.6355e+01,4.7202e+01,4.8333e+01,4.9661e+01,5.0831e+01,5.1210e+01,5.0084e+01,4.9940e+01,4.8344e+01,4.7692e+01,4.7849e+01,4.6466e+01,4.6913e+01,4.6376e+01,4.3821e+01,4.2784e+01,4.0661e+01,3.9115e+01,3.7146e+01,3.6205e+01,3.4274e+01,3.2402e+01,3.0792e+01,3.0152e+01,2.9222e+01,2.8644e+01,3.0404e+01,3.0886e+01,3.1426e+01,3.1562e+01,3.1931e+01,3.1539e+01,3.0643e+01,2.8552e+01,2.8886e+01,2.8434e+01,2.9310e+01,2.9402e+01,2.9406e+01,3.0596e+01,3.0265e+01,2.9034e+01,2.9426e+01,2.9636e+01,3.1026e+01,3.2382e+01,3.3983e+01,3.6237e+01,3.6933e+01,3.9444e+01,3.9899e+01,4.1742e+01,4.4899e+01,4.6661e+01,4.9274e+01,5.2050e+01,5.4560e+01,5.6409e+01,5.8836e+01,6.0292e+01,5.9547e+01,5.8825e+01,5.9206e+01,6.1313e+01,6.0921e+01,6.0499e+01,6.0272e+01,6.1454e+01,6.1537e+01,6.2166e+01,6.2978e+01,6.4241e+01,6.5374e+01,6.6675e+01,6.7770e+01,6.8521e+01,6.8918e+01,6.9513e+01,7.0085e+01,7.0842e+01,7.1779e+01,7.2667e+01,7.3547e+01,7.4700e+01,7.5699e+01,7.7033e+01,7.7667e+01,7.8287e+01,7.9365e+01,7.9769e+01,8.0419e+01,8.0312e+01,7.9941e+01
5.1960e+01,5.1900e+01,5.2118e+01,5.2011e+01,5.2033e+01,5.2309e+01,5.2175e+01,5.2599e+01,5.1537e+01,5.0390e+01,4.9073e+01,4.8020e+01,4.7130e+01,4.6459e+01,4.6007e+01,4.6081e+01,4.5464e+01,4.5282e+01,4.4551e+01,4.3719e+01,4.3257e+01,4.3413e+01,4.2974e+01,4.2661e+01,4.1845e+01,4.1749e+01,4.0967e+01,4.0983e+01,4.1126e+01,4.1494e+01,4.1899e+01,4.2768e+01,4.2988e+01,4.2940e+01,4.4242e+01,4.5049e+01,4.5051e+01,4.5388e+01,4.6446e+01,4.7332e+01,4.8523e+01,4.9872e+01,5.1120e+01,5.1528e+01,5.0464e+01,5.0395e+01,4.8812e+01,4.8230e+01,4.8489e+01,4.7151e+01,4.7692e+01,4.7187e+01,4.4526e+01,4.3366e+01,4.1190e+01,3.9619e+01,3.7502e+01,3.6478e+01,3.4439e+01,3.2453e+01,3.0756e+01,3.0003e+01,2.8983e+01,2.8274e+01,2.9978e+01,3.0327e+01,3.0811e+01,3.0824e+01,3.1056e+01,3.0542e+01,2.9622e+01,2.7550e+01,2.7770e+01,2.7367e+01,2.8395e+01,2.8698e+01,2.8765e+01,3.0143e+01,2.9830e+01,2.8556e+01,2.8771e+01,2.8690e+01,2.9885e+01,3.1232e+01,3.2637e+01,3.4924e+01,3.5643e+01,3.8248e+01,3.8930e+01,4.0795e+01,4.3861e+01,4.5497e+01,4.8174e+01,5.0937e+01,5.3325e+01,5.5156e+01,5.7570e+01,5.8912e+01,5.8082e+01,5.7263e+01,5.7577e+01,5.9639e+01,5.9190e+01,5.8755e+01,5.8498e+01,5.9643e+01,5.9719e+01,6.0333e+01,6.1147e+01,6.2409e+01,6.3549e+01,6.4854e+01,6.5952e+01,6.6701e+01,6.7092e+01,6.7705e+01,6.8281e+01,6.9029e+01,6.9975e+01,7.0876e+01,7.1761e+01,7.2918e+01,7.3929e+01,7.5274e+01,7.5912e+01,7.6539e+01,7.7632e+01,7.8042e+01,7.8698e+01,7.8594e+01,7.8219e+01
5.2331e+01,5.2278e+01,5.2502e+01,5.2405e+01,5.2432e+01,5.2711e+01,5.2581e+01,5.3002e+01,5.1929e+01,5.0789e+01,4.9471e+01,4.8403e+01,4.7503e+01,4.6808e+01,4.6380e+01,4.6469e+01,4.5882e+01,4.5706e+01,4.4955e+01,4.4117e+01,4.3646e+01,4.3782e+01,4.3336e+01,4.2993e+01,4.2169e+01,4.2067e+01,4.1291e+01,4.1336e+01,4.1527e+01,4.1916e+01,4.2363e+01,4.3265e+01,4.3488e+01,4.3453e+01,4.4826e+01,4.5679e+01,4.5739e+01,4.6084e+01,4.7215e+01,4.8177e+01,4.9427e+01,5.0822e+01,5.2144e+01,5.2546e+01,5.1521e+01,5.1511e+01,4.9923e+01,4.9351e+01,4.9663e+01,4.8309e+01,4.8843e+01,4.8272e+01,4.5516e+01,4.4318e+01,4.2038e+01,4.0379e+01,3.8176e+01,3.7119e+01,3.4944e+01,3.2833e+01,3.0993e+01,3.0189e+01,2.9089e+01,2.8308e+01,3.0075e+01,3.0356e+01,3.0780e+01,3.0676e+01,3.0863e+01,3.0213e+01,2.9164e+01,2.7015e+01,2.7056e+01,2.6494e+01,2.7507e+01,2.7836e+01,2.7816e+01,2.9249e+01,2.8873e+01,2.7565e+01,2.7648e+01,2.7423e+01,2.8526e+01,2.9840e+01,3.1181e+01,3.3493e+01,3.4208e+01,3.6852e+01,3.7645e+01,3.9491e+01,4.2489e+01,4.4035e+01,4.6722e+01,4.9477e+01,5.1801e+01,5.3642e+01,5.6054e+01,5.7354e+01,5.6509e+01,5.5642e+01,5.5957e+01,5.8018e+01,5.7581e+01,5.7175e+01,5.6956e+01,5.8130e+01,5.8244e+01,5.8896e+01,5.9738e+01,6.1020e+01,6.2197e+01,6.3510e+01,6.4616e+01,6.5364e+01,6.5758e+01,6.6376e+01,6.6950e+01,6.7699e+01,6.8663e+01,6.9570e+01,7.0458e+01,7.1630e+01,7.2657e+01,7.4021e+01,7.4670e+01,7.5312e+01,7.6425e+01,7.6840e+01,7.7507e+01,7.7399e+01,7.7019e+01
5.2856e+01,5.2791e+01,5.3021e+01,5.2946e+01,5.2957e+01,5.3214e+01,5.3079e+01,5.3471e+01,5.2407e+01,5.1305e+01,5.0021e+01,4.8977e+01,4.8077e+01,4.7404e+01,4.7005e+01,4.7081e+01,4.6505e+01,4.6373e+01,4.5646e+01,4.4786e+01,4.4352e+01,4.4511e+01,4.4127e+01,4.3803e+01,4.3043e+01,4.2992e+01,4.2295e+01,4.2358e+01,4.2551e+01,4.2938e+01,4.3356e+01,4.4279e+01,4.4501e+01,4.4418e+01,4.5764e+01,4.6652e+01,4.6694e+01,4.7016e+01,4.8154e+01,4.9116e+01,5.0381e+01,5.1762e+01,5.3112e+01,5.3553e+01,5.2612e+01,5.2653e+01,5.1116e+01,5.0637e+01,5.0989e+01,4.9674e+01,5.0246e+01,4.9728e+01,4.6975e+01,4.5703e+01,4.3422e+01,4.1826e+01,3.9571e+01,3.8422e+01,3.6156e+01,3.3965e+01,3.2018e+01,3.1099e+01,2.9953e+01,2.9049e+01,3.0754e+01,3.0895e+01,3.1288e+01,3.1071e+01,3.1053e+01,3.0304e+01,2.9313e+01,2.7283e+01,2.7249e+01,2.6827e+01,2.7961e+01,2.8467e+01,2.8484e+01,3.0000e+01,2.9616e+01,2.8309e+01,2.8231e+01,2.7779e+01,2.8625e+01,2.9802e+01,3.0840e+01,3.3042e+01,3.3756e+01,3.6399e+01,3.7391e+01,3.9223e+01,4.2062e+01,4.3471e+01,4.6194e+01,4.8879e+01,5.1041e+01,5.2822e+01,5.5179e+01,5.6342e+01,5.5404e+01,5.4459e+01,5.4683e+01,5.6665e+01,5.6151e+01,5.5706e+01,5.5435e+01,5.6547e+01,5.6638e+01,5.7242e+01,5.8073e+01,5.9341e+01,6.0508e+01,6.1817e+01,6.2920e+01,6.3668e+01,6.4058e+01,6.4692e+01,6.5271e+01,6.6015e+01,6.6983e+01,6.7900e+01,6.8794e+01,6.9967e+01,7.1001e+01,7.2371e+01,7.3023e+01,7.3672e+01,7.4796e+01,7.5220e+01,7.5897e+01,7.5794e+01,7.5413e+01
5.3480e+01,5.3394e+01,5.3632e+01,5.3577e+01,5.3574e+01,5.3797e+01,5.3655e+01,5.4019e+01,5.2970e+01,5.1910e+01,5.0658e+01,4.9655e+01,4.8777e+01,4.8136e+01,4.7747e+01,4.7797e+01,4.7214e+01,4.7113e+01,4.6420e+01,4.5540e+01,4.5186e+01,4.5404e+01,4.5094e+01,4.4814e+01,4.4124e+01,4.4146e+01,4.3520e+01,4.3630e+01,4.3855e+01,4.4267e+01,4.4684e+01,4.5646e+01,4.5868e+01,4.5752e+01,4.7103e+01,4.8001e+01,4.8028e+01,4.8379e+01,4.9526e+01,5.0447e+01,5.1698e+01,5.3039e+01,5.4361e+01,5.4789e+01,5.3852e+01,5.3894e+01,5.2375e+01,5.1901e+01,5.2225e+01,5.0909e+01,5.1462e+01,5.0971e+01,4.8242e+01,4.6902e+01,4.4589e+01,4.2992e+01,4.0737e+01,3.9566e+01,3.7235e+01,3.5033e+01,3.3022e+01,3.2036e+01,3.0893e+01,2.9923e+01,3.1618e+01,3.1696e+01,3.2106e+01,3.1848e+01,3.1713e+01,3.0931e+01,2.9994e+01,2.8013e+01,2.7969e+01,2.7592e+01,2.8749e+01,2.9269e+01,2.9240e+01,3.0726e+01,3.0256e+01,2.8898e+01,2.8695e+01,2.8141e+01,2.8838e+01,2.9764e+01,3.0537e+01,3.2582e+01,3.3358e+01,3.5928e+01,3.6969e+01,3.8823e+01,4.1555e+01,4.2951e+01,4.5693e+01,4.8310e+01,5.0402e+01,5.2123e+01,5.4444e+01,5.5560e+01,5.4568e+01,5.3631e+01,5.3780e+01,5.5733e+01,5.5187e+01,5.4680e+01,5.4372e+01,5.5443e+01,5.5497e+01,5.6075e+01,5.6895e+01,5.8154e+01,5.9333e+01,6.0652e+01,6.1770e+01,6.2525e+01,6.2907e+01,6.3539e+01,6.4130e+01,6.4883e+01,6.5856e+01,6.6781e+01,6.7689e+01,6.8874e+01,6.9916e+01,7.1305e+01,7.1967e+01,7.2628e+01,7.3766e+01,7.4196e+01,7.4881e+01,7.4779e+01,7.4397e+01
5.4326e+01,5.4227e+01,5.4466e+01,5.4428e+01,5.4411e+01,5.4617e+01,5.4474e+01,5.4818e+01,5.3808e+01,5.2796e+01,5.1592e+01,5.0635e+01,4.9773e+01,4.9173e+01,4.8822e+01,4.8867e+01,4.8310e+01,4.8268e+01,4.7624e+01,4.6747e+01,4.6441e+01,4.6666e+01,4.6402e+01,4.6151e+01,4.5512e+01,4.5568e+01,4.4999e+01,4.5120e+01,4.5344e+01,4.5754e+01,4.6140e+01,4.7105e+01,4.7323e+01,4.7166e+01,4.8460e+01,4.9384e+01,4.9381e+01,4.9678e+01,5.0797e+01,5.1705e+01,5.2958e+01,5.4254e+01,5.5565e+01,5.6025e+01,5.5167e+01,5.5239e+01,5.3790e+01,5.3414e+01,5.3754e+01,5.2498e+01,5.3073e+01,5.2662e+01,4.9988e+01,4.8635e+01,4.6361e+01,4.4855e+01,4.2616e+01,4.1376e+01,3.9023e+01,3.6808e+01,3.4754e+01,3.3662e+01,3.2491e+01,3.1411e+01,3.3007e+01,3.2936e+01,3.3307e+01,3.2948e+01,3.2636e+01,3.1782e+01,3.0919e+01,2.9095e+01,2.9019e+01,2.8796e+01,3.0019e+01,3.0671e+01,3.0713e+01,3.2225e+01,3.1811e+01,3.0521e+01,3.0292e+01,2.9676e+01,3.0251e+01,3.1127e+01,3.1741e+01,3.3639e+01,3.4328e+01,3.6797e+01,3.7930e+01,3.9669e+01,4.2218e+01,4.3441e+01,4.6100e+01,4.8607e+01,5.0518e+01,5.2193e+01,5.4402e+01,5.5383e+01,5.4347e+01,5.3362e+01,5.3434e+01,5.5240e+01,5.4613e+01,5.4080e+01,5.3706e+01,5.4674e+01,5.4695e+01,5.5176e+01,5.5976e+01,5.7187e+01,5.8314e+01,5.9607e+01,6.0702e+01,6.1452e+01,6.1832e+01,6.2480e+01,6.3067e+01,6.3808e+01,6.4779e+01,6.5705e+01,6.6612e+01,6.7786e+01,6.8826e+01,7.0210e+01,7.0868e+01,7.1528e+01,7.2670e+01,7.3106e+01,7.3796e+01,7.3699e+01,7.3320e+01
5.4339e+01,5.4235e+01,5.4478e+01,5.4442e+01,5.4425e+01,5.4629e+01,5.4492e+01,5.4833e+01,5.3846e+01,5.2859e+01,5.1680e+01,5.0748e+01,4.9910e+01,4.9348e+01,4.8999e+01,4.9039e+01,4.8531e+01,4.8515e+01,4.7881e+01,4.7011e+01,4.6706e+01,4.6910e+01,4.6638e+01,4.6392e+01,4.5769e+01,4.5847e+01,4.5315e+01,4.5446e+01,4.5663e+01,4.6059e+01,4.6412e+01,4.7373e+01,4.7592e+01,4.7396e+01,4.8607e+01,4.9536e+01,4.9506e+01,4.9772e+01,5.0838e+01,5.1708e+01,5.2935e+01,5.4163e+01,5.5441e+01,5.5930e+01,5.5157e+01,5.5264e+01,5.3902e+01,5.3624e+01,5.4004e+01,5.2829e+01,5.3457e+01,5.3123e+01,5.0512e+01,4.9167e+01,4.6962e+01,4.5562e+01,4.3325e+01,4.2013e+01,3.9697e+01,3.7504e+01,3.5504e+01,3.4345e+01,3.3152e+01,3.2028e+01,3.3476e+01,3.3321e+01,3.3637e+01,3.3248e+01,3.2909e+01,3.2069e+01,3.1273e+01,2.9638e+01,2.9610e+01,2.9550e+01,3.0774e+01,3.1496e+01,3.1685e+01,3.3202e+01,3.2958e+01,3.1759e+01,3.1670e+01,3.1140e+01,3.1809e+01,3.2819e+01,3.3510e+01,3.5445e+01,3.6092e+01,3.8570e+01,3.9725e+01,4.1395e+01,4.3898e+01,4.5032e+01,4.7611e+01,5.0074e+01,5.1905e+01,5.3587e+01,5.5723e+01,5.6649e+01,5.5630e+01,5.4614e+01,5.4665e+01,5.6362e+01,5.5688e+01,5.5162e+01,5.4750e+01,5.5636e+01,5.5636e+01,5.6034e+01,5.6810e+01,5.7970e+01,5.9032e+01,6.0288e+01,6.1342e+01,6.2076e+01,6.2445e+01,6.3103e+01,6.3679e+01,6.4395e+01,6.5346e+01,6.6263e+01,6.7154e+01,6.8297e+01,6.9321e+01,7.0676e+01,7.1319e+01,7.1970e+01,7.3095e+01,7.3530e+01,7.4212e+01,7.4122e+01,7.3749e+01
5.5806e+01,5.5689e+01,5.5934e+01,5.5916e+01,5.5887e+01,5.6078e+01,5.5929e+01,5.6246e+01,5.5297e+01,5.4364e+01,5.3243e+01,5.2369e+01,5.1556e+01,5.1041e+01,5.0729e+01,5.0765e+01,5.0281e+01,5.0315e+01,4.9735e+01,4.8874e+01,4.8617e+01,4.8817e+01,4.8580e+01,4.8376e+01,4.7794e+01,4.7882e+01,4.7387e+01,4.7511e+01,4.7705e+01,4.8092e+01,4.8404e+01,4.9342e+01,4.9554e+01,4.9328e+01,5.0462e+01,5.1404e+01,5.1340e+01,5.1535e+01,5.2550e+01,5.3408e+01,5.4621e+01,5.5797e+01,5.7054e+01,5.7586e+01,5.6893e+01,5.7007e+01,5.5702e+01,5.5504e+01,5.5873e+01,5.4746e+01,5.5379e+01,5.5110e+01,5.2584e+01,5.1273e+01,4.9134e+01,4.7836e+01,4.5683e+01,4.4352e+01,4.2087e+01,3.9950e+01,3.7996e+01,3.6808e+01,3.5618e+01,3.4458e+01,3.5786e+01,3.5534e+01,3.5778e+01,3.5314e+01,3.4893e+01,3.4013e+01,3.3239e+01,3.1778e+01,3.1675e+01,3.1647e+01,3.2787e+01,3.3521e+01,3.3699e+01,3.5133e+01,3.4934e+01,3.3876e+01,3.3787e+01,3.3291e+01,3.3871e+01,3.4845e+01,3.5497e+01,3.7269e+01,3.7770e+01,4.0109e+01,4.1251e+01,4.2762e+01,4.5116e+01,4.6113e+01,4.8550e+01,5.0903e+01,5.2605e+01,5.4265e+01,5.6265e+01,5.7117e+01,5.6131e+01,5.5129e+01,5.5169e+01,5.6721e+01,5.6024e+01,5.5525e+01,5.5110e+01,5.5930e+01,5.5938e+01,5.6269e+01,5.7047e+01,5.8150e+01,5.9159e+01,6.0375e+01,6.1395e+01,6.2120e+01,6.2480e+01,6.3148e+01,6.3719e+01,6.4416e+01,6.5355e+01,6.6271e+01,6.7151e+01,6.8269e+01,6.9285e+01,7.0617e+01,7.1251e+01,7.1899e+01,7.3017e+01,7.3450e+01,7.4128e+01,7.4043e+01,7.3675e+01
5.6218e+01,5.6077e+01,5.6312e+01,5.6300e+01,5.6242e+01,5.6390e+01,5.6221e+01,5.6495e+01,5.5580e+01,5.4706e+01,5.3636e+01,5.2816e+01,5.2031e+01,5.1557e+01,5.1264e+01,5.1276e+01,5.0782e+01,5.0858e+01,5.0337e+01,4.9468e+01,4.9292e+01,4.9535e+01,4.9364e+01,4.9214e+01,4.8702e+01,4.8850e+01,4.8417e+01,4.8584e+01,4.8798e+01,4.9200e+01,4.9495e+01,5.0454e+01,5.0659e+01,5.0402e+01,5.1517e+01,5.2454e+01,5.2352e+01,5.2537e+01,5.3517e+01,5.4315e+01,5.5491e+01,5.6603e+01,5.7796e+01,5.8333e+01,5.7657e+01,5.7752e+01,5.6488e+01,5.6317e+01,5.6648e+01,5.5547e+01,5.6173e+01,5.5981e+01,5.3515e+01,5.2182e+01,5.0090e+01,4.8861e+01,4.6737e+01,4.5378e+01,4.3132e+01,4.1036e+01,3.9099e+01,3.7851e+01,3.6664e+01,3.5453e+01,3.6712e+01,3.6379e+01,3.6607e+01,3.6098e+01,3.5586e+01,3.4687e+01,3.3977e+01,3.2604e+01,3.2527e+01,3.2585e+01,3.3755e+01,3.4514e+01,3.4731e+01,3.6162e+01,3.5977e+01,3.4894e+01,3.4796e+01,3.4276e+01,3.4861e+01,3.5763e+01,3.6323e+01,3.8064e+01,3.8647e+01,4.0956e+01,4.2087e+01,4.3638e+01,4.5942e+01,4.6958e+01,4.9404e+01,5.1706e+01,5.3358e+01,5.4953e+01,5.6910e+01,5.7712e+01,5.6672e+01,5.5680e+01,5.5632e+01,5.7114e+01,5.6358e+01,5.5774e+01,5.5300e+01,5.6007e+01,5.5945e+01,5.6202e+01,5.6919e+01,5.7969e+01,5.8927e+01,6.0125e+01,6.1129e+01,6.1851e+01,6.2197e+01,6.2873e+01,6.3450e+01,6.4139e+01,6.5067e+01,6.5982e+01,6.6864e+01,6.7968e+01,6.8972e+01,7.0299e+01,7.0931e+01,7.1580e+01,7.2693e+01,7.3128e+01,7.3803e+01,7.3726e+01,7.3364e+01
5.5962e+01,5.5826e+01,5.6069e+01,5.6056e+01,5.6004e+01,5.6146e+01,5.5979e+01,5.6260e+01,5.5339e+01,5.4443e+01,5.3348e+01,5.2521e+01,5.1733e+01,5.1258e+01,5.0954e+01,5.0953e+01,5.0440e+01,5.0491e+01,4.9951e+01,4.9085e+01,4.8938e+01,4.9228e+01,4.9085e+01,4.8943e+01,4.8434e+01,4.8605e+01,4.8167e+01,4.8341e+01,4.8596e+01,4.9030e+01,4.9361e+01,5.0359e+01,5.0565e+01,5.0306e+01,5.1490e+01,5.2424e+01,5.2335e+01,5.2566e+01,5.3600e+01,5.4402e+01,5.5599e+01,5.6732e+01,5.7929e+01,5.8423e+01,5.7714e+01,5.7822e+01,5.6536e+01,5.6318e+01,5.6659e+01,5.5523e+01,5.6138e+01,5.5907e+01,5.3368e+01,5.1959e+01,4.9786e+01,4.8452e+01,4.6234e+01,4.4882e+01,4.2530e+01,4.0355e+01,3.8295e+01,3.7000e+01,3.5781e+01,3.4522e+01,3.5916e+01,3.5600e+01,3.5886e+01,3.5367e+01,3.4828e+01,3.3873e+01,3.3107e+01,3.1570e+01,3.1468e+01,3.1433e+01,3.2643e+01,3.3370e+01,3.3493e+01,3.4946e+01,3.4626e+01,3.3422e+01,3.3201e+01,3.2578e+01,3.3093e+01,3.3862e+01,3.4299e+01,3.6018e+01,3.6701e+01,3.9036e+01,4.0216e+01,4.1864e+01,4.4174e+01,4.5243e+01,4.7794e+01,5.0119e+01,5.1783e+01,5.3344e+01,5.5366e+01,5.6167e+01,5.5056e+01,5.4051e+01,5.3950e+01,5.5508e+01,5.4731e+01,5.4092e+01,5.3605e+01,5.4325e+01,5.4238e+01,5.4547e+01,5.5267e+01,5.6356e+01,5.7369e+01,5.8602e+01,5.9645e+01,6.0379e+01,6.0736e+01,6.1415e+01,6.2009e+01,6.2725e+01,6.3674e+01,6.4602e+01,6.5512e+01,6.6649e+01,6.7674e+01,6.9041e+01,6.9691e+01,7.0355e+01,7.1491e+01,7.1936e+01,7.2625e+01,7.2545e+01,7.2177e+01
5.7081e+01,5.6939e+01,5.7189e+01,5.7190e+01,5.7135e+01,5.7260e+01,5.7096e+01,5.7362e+01,5.6454e+01,5.5569e+01,5.4492e+01,5.3692e+01,5.2906e+01,5.2443e+01,5.2159e+01,5.2154e+01,5.1640e+01,5.1694e+01,5.1166e+01,5.0314e+01,5.0203e+01,5.0506e+01,5.0393e+01,5.0264e+01,4.9764e+01,4.9953e+01,4.9515e+01,4.9676e+01,4.9930e+01,5.0372e+01,5.0715e+01,5.1734e+01,5.1946e+01,5.1681e+01,5.2894e+01,5.3851e+01,5.3776e+01,5.4015e+01,5.5096e+01,5.5915e+01,5.7165e+01,5.8322e+01,5.9562e+01,6.0073e+01,5.9398e+01,5.9533e+01,5.8245e+01,5.8042e+01,5.8399e+01,5.7244e+01,5.7869e+01,5.7626e+01,5.5019e+01,5.3521e+01,5.1281e+01,4.9909e+01,4.7622e+01,4.6230e+01,4.3773e+01,4.1542e+01,3.9354e+01,3.7984e+01,3.6759e+01,3.5428e+01,3.6902e+01,3.6537e+01,3.6852e+01,3.6278e+01,3.5621e+01,3.4583e+01,3.3802e+01,3.2213e+01,3.2032e+01,3.1944e+01,3.3186e+01,3.3940e+01,3.3953e+01,3.5421e+01,3.4951e+01,3.3695e+01,3.3275e+01,3.2499e+01,3.2805e+01,3.3345e+01,3.3539e+01,3.5040e+01,3.5701e+01,3.7894e+01,3.9137e+01,4.0748e+01,4.2879e+01,4.3854e+01,4.6407e+01,4.8620e+01,5.0144e+01,5.1604e+01,5.3560e+01,5.4240e+01,5.3035e+01,5.2009e+01,5.1808e+01,5.3293e+01,5.2440e+01,5.1763e+01,5.1253e+01,5.1923e+01,5.1827e+01,5.2139e+01,5.2871e+01,5.3964e+01,5.5004e+01,5.6246e+01,5.7314e+01,5.8052e+01,5.8410e+01,5.9096e+01,5.9709e+01,6.0435e+01,6.1395e+01,6.2345e+01,6.3273e+01,6.4425e+01,6.5469e+01,6.6861e+01,6.7525e+01,6.8205e+01,6.9364e+01,6.9818e+01,7.0525e+01,7.0445e+01,7.0072e+01
5.7058e+01,5.6933e+01,5.7185e+01,5.7186e+01,5.7144e+01,5.7286e+01,5.7127e+01,5.7407e+01,5.6467e+01,5.5538e+01,5.4416e+01,5.3575e+01,5.2764e+01,5.2264e+01,5.1972e+01,5.1975e+01,5.1459e+01,5.1485e+01,5.0905e+01,5.0058e+01,4.9912e+01,5.0216e+01,5.0095e+01,4.9926e+01,4.9406e+01,4.9577e+01,4.9113e+01,4.9269e+01,4.9540e+01,4.9986e+01,5.0362e+01,5.1404e+01,5.1623e+01,5.1381e+01,5.2670e+01,5.3649e+01,5.3643e+01,5.3920e+01,5.5085e+01,5.5969e+01,5.7284e+01,5.8530e+01,5.9864e+01,6.0368e+01,5.9689e+01,5.9867e+01,5.8536e+01,5.8304e+01,5.8709e+01,5.7506e+01,5.8143e+01,5.7810e+01,5.5082e+01,5.3523e+01,5.1177e+01,4.9696e+01,4.7292e+01,4.5872e+01,4.3281e+01,4.0911e+01,3.8556e+01,3.7125e+01,3.5820e+01,3.4417e+01,3.6031e+01,3.5676e+01,3.6016e+01,3.5407e+01,3.4724e+01,3.3620e+01,3.2750e+01,3.0994e+01,3.0737e+01,3.0510e+01,3.1760e+01,3.2491e+01,3.2379e+01,3.3873e+01,3.3266e+01,3.1945e+01,3.1382e+01,3.0493e+01,3.0668e+01,3.1089e+01,3.1169e+01,3.2594e+01,3.3243e+01,3.5415e+01,3.6748e+01,3.8370e+01,4.0461e+01,4.1396e+01,4.4010e+01,4.6225e+01,4.7734e+01,4.9183e+01,5.1190e+01,5.1855e+01,5.0617e+01,4.9550e+01,4.9363e+01,5.0926e+01,5.0098e+01,4.9457e+01,4.8991e+01,4.9772e+01,4.9737e+01,5.0155e+01,5.0956e+01,5.2135e+01,5.3271e+01,5.4553e+01,5.5668e+01,5.6423e+01,5.6796e+01,5.7488e+01,5.8113e+01,5.8868e+01,5.9863e+01,6.0833e+01,6.1786e+01,6.2983e+01,6.4062e+01,6.5498e+01,6.6178e+01,6.6875e+01,6.8064e+01,6.8528e+01,6.9254e+01,6.9169e+01,6.8784e+01
5.7601e+01,5.7480e+01,5.7730e+01,5.7736e+01,5.7691e+01,5.7813e+01,5.7655e+01,5.7920e+01,5.6980e+01,5.6047e+01,5.4920e+01,5.4085e+01,5.3266e+01,5.2761e+01,5.2483e+01,5.2486e+01,5.1974e+01,5.1993e+01,5.1402e+01,5.0575e+01,5.0452e+01,5.0783e+01,5.0689e+01,5.0520e+01,5.0019e+01,5.0225e+01,4.9780e+01,4.9950e+01,5.0236e+01,5.0681e+01,5.1076e+01,5.2143e+01,5.2379e+01,5.2158e+01,5.3498e+01,5.4494e+01,5.4521e+01,5.4827e+01,5.6061e+01,5.6974e+01,5.8348e+01,5.9643e+01,6.1041e+01,6.1556e+01,6.0904e+01,6.1110e+01,5.9760e+01,5.9532e+01,5.9960e+01,5.8722e+01,5.9368e+01,5.8995e+01,5.6189e+01,5.4539e+01,5.2113e+01,5.0582e+01,4.8089e+01,4.6620e+01,4.3914e+01,4.1451e+01,3.8944e+01,3.7426e+01,3.6068e+01,3.4584e+01,3.6302e+01,3.5926e+01,3.6298e+01,3.5644e+01,3.4878e+01,3.3708e+01,3.2800e+01,3.0930e+01,3.0611e+01,3.0295e+01,3.1565e+01,3.2283e+01,3.2047e+01,3.3548e+01,3.2779e+01,3.1380e+01,3.0629e+01,2.9597e+01,2.9580e+01,2.9758e+01,2.9584e+01,3.0792e+01,3.1463e+01,3.3508e+01,3.4929e+01,3.6567e+01,3.8509e+01,3.9396e+01,4.2080e+01,4.4225e+01,4.5652e+01,4.6988e+01,4.9011e+01,4.9602e+01,4.8247e+01,4.7158e+01,4.6871e+01,4.8455e+01,4.7585e+01,4.6879e+01,4.6393e+01,4.7185e+01,4.7140e+01,4.7603e+01,4.8430e+01,4.9665e+01,5.0878e+01,5.2198e+01,5.3364e+01,5.4136e+01,5.4516e+01,5.5212e+01,5.5865e+01,5.6657e+01,5.7685e+01,5.8678e+01,5.9664e+01,6.0907e+01,6.2018e+01,6.3503e+01,6.4201e+01,6.4915e+01,6.6137e+01,6.6619e+01,6.7370e+01,6.7283e+01,6.6889e+01
5.8353e+01,5.8246e+01,5.8495e+01,5.8506e+01,5.8462e+01,5.8592e+01,5.8442e+01,5.8711e+01,5.7761e+01,5.6814e+01,5.5678e+01,5.4838e+01,5.4009e+01,5.3497e+01,5.3236e+01,5.3261e+01,5.2779e+01,5.2785e+01,5.2174e+01,5.1375e+01,5.1244e+01,5.1564e+01,5.1464e+01,5.1268e+01,5.0765e+01,5.0954e+01,5.0492e+01,5.0646e+01,5.0932e+01,5.1371e+01,5.1774e+01,5.2861e+01,5.3119e+01,5.2908e+01,5.4289e+01,5.5317e+01,5.5405e+01,5.5721e+01,5.7032e+01,5.8011e+01,5.9460e+01,6.0831e+01,6.2326e+01,6.2864e+01,6.2247e+01,6.2496e+01,6.1125e+01,6.0909e+01,6.1370e+01,6.0102e+01,6.0754e+01,6.0325e+01,5.7452e+01,5.5761e+01,5.3258e+01,5.1678e+01,4.9129e+01,4.7616e+01,4.4806e+01,4.2257e+01,3.9612e+01,3.8023e+01,3.6611e+01,3.5042e+01,3.6837e+01,3.6422e+01,3.6790e+01,3.6065e+01,3.5221e+01,3.3966e+01,3.2998e+01,3.1054e+01,3.0641e+01,3.0233e+01,3.1490e+01,3.2215e+01,3.1875e+01,3.3378e+01,3.2497e+01,3.1086e+01,3.0202e+01,2.9087e+01,2.8929e+01,2.8965e+01,2.8668e+01,2.9701e+01,3.0291e+01,3.2193e+01,3.3671e+01,3.5239e+01,3.7034e+01,3.7819e+01,4.0489e+01,4.2555e+01,4.3885e+01,4.5154e+01,4.7159e+01,4.7676e+01,4.6277e+01,4.5157e+01,4.4837e+01,4.6414e+01,4.5537e+01,4.4867e+01,4.4411e+01,4.5269e+01,4.5292e+01,4.5813e+01,4.6706e+01,4.7989e+01,4.9263e+01,5.0593e+01,5.1788e+01,5.2562e+01,5.2939e+01,5.3628e+01,5.4284e+01,5.5097e+01,5.6149e+01,5.7156e+01,5.8152e+01,5.9422e+01,6.0554e+01,6.2065e+01,6.2773e+01,6.3497e+01,6.4741e+01,6.5237e+01,6.6006e+01,6.5920e+01,6.5520e+01
5.8559e+01,5.8454e+01,5.8701e+01,5.8711e+01,5.8673e+01,5.8807e+01,5.8655e+01,5.8929e+01,5.7960e+01,5.6985e+01,5.5823e+01,5.4960e+01,5.4121e+01,5.3580e+01,5.3321e+01,5.3358e+01,5.2868e+01,5.2851e+01,5.2205e+01,5.1410e+01,5.1269e+01,5.1605e+01,5.1515e+01,5.1301e+01,5.0795e+01,5.0984e+01,5.0517e+01,5.0688e+01,5.1003e+01,5.1444e+01,5.1883e+01,5.2984e+01,5.3251e+01,5.3067e+01,5.4515e+01,5.5545e+01,5.5686e+01,5.6044e+01,5.7422e+01,5.8454e+01,5.9950e+01,6.1390e+01,6.2943e+01,6.3467e+01,6.2840e+01,6.3113e+01,6.1705e+01,6.1454e+01,6.1942e+01,6.0629e+01,6.1281e+01,6.0772e+01,5.7817e+01,5.6072e+01,5.3483e+01,5.1828e+01,4.9197e+01,4.7668e+01,4.4759e+01,4.2110e+01,3.9339e+01,3.7707e+01,3.6229e+01,3.4612e+01,3.6507e+01,3.6115e+01,3.6491e+01,3.5739e+01,3.4895e+01,3.3591e+01,3.2544e+01,3.0473e+01,3.0000e+01,2.9454e+01,3.0674e+01,3.1342e+01,3.0878e+01,3.2369e+01,3.1353e+01,2.9891e+01,2.8879e+01,2.7691e+01,2.7416e+01,2.7272e+01,2.6838e+01,2.7704e+01,2.8307e+01,3.0111e+01,3.1648e+01,3.3242e+01,3.4963e+01,3.5749e+01,3.8507e+01,4.0559e+01,4.1904e+01,4.3120e+01,4.5197e+01,4.5733e+01,4.4289e+01,4.3154e+01,4.2838e+01,4.4542e+01,4.3721e+01,4.3078e+01,4.2709e+01,4.3705e+01,4.3806e+01,4.4467e+01,4.5434e+01,4.6784e+01,4.8153e+01,4.9501e+01,5.0733e+01,5.1507e+01,5.1883e+01,5.2578e+01,5.3241e+01,5.4072e+01,5.5146e+01,5.6165e+01,5.7183e+01,5.8485e+01,5.9643e+01,6.1186e+01,6.1907e+01,6.2644e+01,6.3910e+01,6.4412e+01,6.5195e+01,6.5105e+01,6.4695e+01
5.9068e+01,5.8958e+01,5.9200e+01,5.9209e+01,5.9162e+01,5.9271e+01,5.9112e+01,5.9366e+01,5.8407e+01,5.7444e+01,5.6293e+01,5.5450e+01,5.4617e+01,5.4077e+01,5.3831e+01,5.3857e+01,5.3361e+01,5.3348e+01,5.2706e+01,5.1922e+01,5.1822e+01,5.2198e+01,5.2152e+01,5.1964e+01,5.1501e+01,5.1750e+01,5.1337e+01,5.1540e+01,5.1875e+01,5.2323e+01,5.2774e+01,5.3905e+01,5.4183e+01,5.3998e+01,5.5479e+01,5.6525e+01,5.6685e+01,5.7078e+01,5.8506e+01,5.9546e+01,6.1080e+01,6.2535e+01,6.4118e+01,6.4645e+01,6.4047e+01,6.4339e+01,6.2925e+01,6.2677e+01,6.3173e+01,6.1839e+01,6.2495e+01,6.1977e+01,5.8988e+01,5.7156e+01,5.4535e+01,5.2871e+01,5.0185e+01,4.8617e+01,4.5648e+01,4.2948e+01,4.0090e+01,3.8367e+01,3.6828e+01,3.5134e+01,3.7068e+01,3.6652e+01,3.7038e+01,3.6255e+01,3.5364e+01,3.4024e+01,3.2963e+01,3.0841e+01,3.0345e+01,2.9757e+01,3.0975e+01,3.1620e+01,3.1085e+01,3.2564e+01,3.1450e+01,2.9940e+01,2.8818e+01,2.7558e+01,2.7158e+01,2.6816e+01,2.6173e+01,2.6794e+01,2.7422e+01,2.9035e+01,3.0604e+01,3.2197e+01,3.3736e+01,3.4492e+01,3.7301e+01,3.9242e+01,4.0509e+01,4.1569e+01,4.3646e+01,4.4105e+01,4.2533e+01,4.1405e+01,4.0961e+01,4.2695e+01,4.1838e+01,4.1092e+01,4.0703e+01,4.1711e+01,4.1779e+01,4.2520e+01,4.3493e+01,4.4900e+01,4.6354e+01,4.7746e+01,4.9032e+01,4.9822e+01,5.0211e+01,5.0903e+01,5.1588e+01,5.2457e+01,5.3559e+01,5.4594e+01,5.5640e+01,5.6986e+01,5.8172e+01,5.9763e+01,6.0503e+01,6.1258e+01,6.2553e+01,6.3071e+01,6.3875e+01,6.3783e+01,6.3365e+01
5.9743e+01,5.9637e+01,5.9878e+01,5.9889e+01,5.9847e+01,5.9958e+01,5.9794e+01,6.0046e+01,5.9073e+01,5.8094e+01,5.6924e+01,5.6075e+01,5.5232e+01,5.4679e+01,5.4443e+01,5.4480e+01,5.3994e+01,5.3968e+01,5.3295e+01,5.2527e+01,5.2429e+01,5.2807e+01,5.2774e+01,5.2567e+01,5.2115e+01,5.2374e+01,5.1972e+01,5.2187e+01,5.2537e+01,5.2970e+01,5.3431e+01,5.4571e+01,5.4875e+01,5.4709e+01,5.6227e+01,5.7287e+01,5.7511e+01,5.7947e+01,5.9450e+01,6.0533e+01,6.2117e+01,6.3629e+01,6.5282e+01,6.5802e+01,6.5227e+01,6.5565e+01,6.4137e+01,6.3878e+01,6.4410e+01,6.3047e+01,6.3704e+01,6.3125e+01,6.0073e+01,5.8185e+01,5.5500e+01,5.3780e+01,5.1027e+01,4.9436e+01,4.6384e+01,4.3603e+01,4.0634e+01,3.8835e+01,3.7204e+01,3.5427e+01,3.7423e+01,3.6996e+01,3.7358e+01,3.6520e+01,3.5617e+01,3.4214e+01,3.3073e+01,3.0859e+01,3.0293e+01,2.9584e+01,3.0743e+01,3.1330e+01,3.0683e+01,3.2128e+01,3.0901e+01,2.9382e+01,2.8133e+01,2.6819e+01,2.6288e+01,2.5763e+01,2.4983e+01,2.5358e+01,2.5944e+01,2.7349e+01,2.8956e+01,3.0523e+01,3.1898e+01,3.2631e+01,3.5500e+01,3.7371e+01,3.8618e+01,3.9559e+01,4.1706e+01,4.2160e+01,4.0524e+01,3.9408e+01,3.8943e+01,4.0819e+01,4.0035e+01,3.9303e+01,3.9035e+01,4.0185e+01,4.0354e+01,4.1258e+01,4.2304e+01,4.3776e+01,4.5327e+01,4.6730e+01,4.8049e+01,4.8834e+01,4.9227e+01,4.9919e+01,5.0610e+01,5.1498e+01,5.2626e+01,5.3672e+01,5.4732e+01,5.6110e+01,5.7324e+01,5.8944e+01,5.9695e+01,6.0461e+01,6.1776e+01,6.2302e+01,6.3120e+01,6.3023e+01,6.2597e+01
6.0033e+01,5.9926e+01,6.0160e+01,6.0168e+01,6.0118e+01,6.0210e+01,6.0040e+01,6.0277e+01,5.9307e+01,5.8327e+01,5.7166e+01,5.6318e+01,5.5478e+01,5.4914e+01,5.4685e+01,5.4730e+01,5.4231e+01,5.4197e+01,5.3513e+01,5.2754e+01,5.2685e+01,5.3101e+01,5.3111e+01,5.2929e+01,5.2506e+01,5.2811e+01,5.2451e+01,5.2703e+01,5.3088e+01,5.3532e+01,5.4019e+01,5.5182e+01,5.5484e+01,5.5329e+01,5.6893e+01,5.7943e+01,5.8179e+01,5.8647e+01,6.0200e+01,6.1299e+01,6.2909e+01,6.4450e+01,6.6112e+01,6.6623e+01,6.6045e+01,6.6387e+01,6.4937e+01,6.4653e+01,6.5178e+01,6.3777e+01,6.4416e+01,6.3800e+01,6.0718e+01,5.8769e+01,5.6051e+01,5.4305e+01,5.1512e+01,4.9920e+01,4.6827e+01,4.4012e+01,4.0988e+01,3.9137e+01,3.7454e+01,3.5625e+01,3.7649e+01,3.7213e+01,3.7584e+01,3.6730e+01,3.5801e+01,3.4378e+01,3.3223e+01,3.0946e+01,3.0386e+01,2.9641e+01,3.0801e+01,3.1362e+01,3.0670e+01,3.2121e+01,3.0811e+01,2.9228e+01,2.7895e+01,2.6533e+01,2.5942e+01,2.5246e+01,2.4308e+01,2.4481e+01,2.5159e+01,2.6382e+01,2.7958e+01,2.9572e+01,3.0814e+01,3.1607e+01,3.4535e+01,3.6308e+01,3.7563e+01,3.8351e+01,4.0522e+01,4.0973e+01,3.9244e+01,3.8191e+01,3.7643e+01,3.9603e+01,3.8834e+01,3.7999e+01,3.7759e+01,3.8951e+01,3.9098e+01,4.0111e+01,4.1154e+01,4.2663e+01,4.4287e+01,4.5706e+01,4.7058e+01,4.7846e+01,4.8237e+01,4.8927e+01,4.9632e+01,5.0547e+01,5.1686e+01,5.2739e+01,5.3821e+01,5.5225e+01,5.6452e+01,5.8101e+01,5.8864e+01,5.9643e+01,6.0973e+01,6.1507e+01,6.2337e+01,6.2236e+01,6.1804e+01
6.1038e+01,6.0929e+01,6.1165e+01,6.1180e+01,6.1136e+01,6.1218e+01,6.1046e+01,6.1271e+01,6.0288e+01,5.9301e+01,5.8138e+01,5.7281e+01,5.6433e+01,5.5854e+01,5.5631e+01,5.5683e+01,5.5185e+01,5.5136e+01,5.4441e+01,5.3695e+01,5.3634e+01,5.4063e+01,5.4096e+01,5.3911e+01,5.3515e+01,5.3857e+01,5.3528e+01,5.3800e+01,5.4212e+01,5.4666e+01,5.5172e+01,5.6356e+01,5.6663e+01,5.6511e+01,5.8108e+01,5.9171e+01,5.9439e+01,5.9941e+01,6.1546e+01,6.2679e+01,6.4339e+01,6.5914e+01,6.7624e+01,6.8144e+01,6.7595e+01,6.7962e+01,6.6498e+01,6.6214e+01,6.6757e+01,6.5334e+01,6.5975e+01,6.5323e+01,6.2206e+01,6.0190e+01,5.7435e+01,5.5673e+01,5.2823e+01,5.1195e+01,4.8046e+01,4.5194e+01,4.2097e+01,4.0158e+01,3.8400e+01,3.6495e+01,3.8528e+01,3.8060e+01,3.8410e+01,3.7517e+01,3.6563e+01,3.5106e+01,3.3928e+01,3.1612e+01,3.1043e+01,3.0269e+01,3.1421e+01,3.1985e+01,3.1262e+01,3.2723e+01,3.1351e+01,2.9754e+01,2.8347e+01,2.6953e+01,2.6311e+01,2.5498e+01,2.4483e+01,2.4464e+01,2.5128e+01,2.6076e+01,2.7583e+01,2.9100e+01,3.0067e+01,3.0784e+01,3.3658e+01,3.5227e+01,3.6388e+01,3.6956e+01,3.9082e+01,3.9452e+01,3.7605e+01,3.6608e+01,3.5948e+01,3.7921e+01,3.7153e+01,3.6265e+01,3.6120e+01,3.7358e+01,3.7568e+01,3.8706e+01,3.9793e+01,4.1333e+01,4.3033e+01,4.4449e+01,4.5826e+01,4.6610e+01,4.6996e+01,4.7666e+01,4.8385e+01,4.9331e+01,5.0485e+01,5.1540e+01,5.2637e+01,5.4070e+01,5.5314e+01,5.6992e+01,5.7767e+01,5.8561e+01,5.9910e+01,6.0455e+01,6.1304e+01,6.1199e+01,6.0758e+01
6.1569e+01,6.1468e+01,6.1703e+01,6.1712e+01,6.1671e+01,6.1752e+01,6.1583e+01,6.1809e+01,6.0815e+01,5.9809e+01,5.8635e+01,5.7757e+01,5.6907e+01,5.6297e+01,5.6068e+01,5.6129e+01,5.5629e+01,5.5567e+01,5.4837e+01,5.4104e+01,5.4043e+01,5.4481e+01,5.4544e+01,5.4353e+01,5.3978e+01,5.4363e+01,5.4066e+01,5.4378e+01,5.4825e+01,5.5276e+01,5.5813e+01,5.7003e+01,5.7317e+01,5.7193e+01,5.8836e+01,5.9895e+01,6.0208e+01,6.0758e+01,6.2415e+01,6.3576e+01,6.5258e+01,6.6877e+01,6.8609e+01,6.9111e+01,6.8541e+01,6.8905e+01,6.7406e+01,6.7070e+01,6.7600e+01,6.6135e+01,6.6736e+01,6.6020e+01,6.2879e+01,6.0830e+01,5.8032e+01,5.6237e+01,5.3369e+01,5.1751e+01,4.8561e+01,4.5688e+01,4.2538e+01,4.0579e+01,3.8793e+01,3.6860e+01,3.8938e+01,3.8479e+01,3.8838e+01,3.7938e+01,3.6993e+01,3.5527e+01,3.4318e+01,3.1936e+01,3.1367e+01,3.0528e+01,3.1644e+01,3.2153e+01,3.1378e+01,3.2815e+01,3.1373e+01,2.9748e+01,2.8292e+01,2.6900e+01,2.6247e+01,2.5315e+01,2.4252e+01,2.4106e+01,2.4830e+01,2.5595e+01,2.6990e+01,2.8501e+01,2.9346e+01,3.0131e+01,3.2990e+01,3.4455e+01,3.5656e+01,3.6087e+01,3.8236e+01,3.8649e+01,3.6783e+01,3.5888e+01,3.5224e+01,3.7288e+01,3.6600e+01,3.5716e+01,3.5704e+01,3.7005e+01,3.7274e+01,3.8495e+01,3.9580e+01,4.1108e+01,4.2830e+01,4.4220e+01,4.5592e+01,4.6362e+01,4.6739e+01,4.7394e+01,4.8112e+01,4.9068e+01,5.0221e+01,5.1265e+01,5.2365e+01,5.3808e+01,5.5053e+01,5.6737e+01,5.7511e+01,5.8306e+01,5.9652e+01,6.0194e+01,6.1043e+01,6.0935e+01,6.0493e+01
6.2105e+01,6.1994e+01,6.2221e+01,6.2237e+01,6.2198e+01,6.2264e+01,6.2085e+01,6.2286e+01,6.1291e+01,6.0297e+01,5.9140e+01,5.8263e+01,5.7407e+01,5.6804e+01,5.6587e+01,5.6642e+01,5.6149e+01,5.6088e+01,5.5369e+01,5.4655e+01,5.4615e+01,5.5080e+01,5.5167e+01,5.4999e+01,5.4659e+01,5.5061e+01,5.4797e+01,5.5098e+01,5.5548e+01,5.6021e+01,5.6554e+01,5.7790e+01,5.8101e+01,5.7938e+01,5.9588e+01,6.0664e+01,6.0987e+01,6.1544e+01,6.3239e+01,6.4411e+01,6.6144e+01,6.7781e+01,6.9550e+01,7.0109e+01,6.9593e+01,6.9970e+01,6.8469e+01,6.8183e+01,6.8730e+01,6.7252e+01,6.7889e+01,6.7181e+01,6.4033e+01,6.1902e+01,5.9101e+01,5.7360e+01,5.4466e+01,5.2764e+01,4.9544e+01,4.6675e+01,4.3482e+01,4.1397e+01,3.9568e+01,3.7499e+01,3.9506e+01,3.8940e+01,3.9276e+01,3.8309e+01,3.7269e+01,3.5763e+01,3.4587e+01,3.2217e+01,3.1643e+01,3.0868e+01,3.2080e+01,3.2722e+01,3.2005e+01,3.3570e+01,3.2105e+01,3.0440e+01,2.8884e+01,2.7378e+01,2.6688e+01,2.5730e+01,2.4594e+01,2.4429e+01,2.5193e+01,2.5889e+01,2.7261e+01,2.8734e+01,2.9444e+01,3.0143e+01,3.2926e+01,3.4220e+01,3.5325e+01,3.5594e+01,3.7628e+01,3.7929e+01,3.5963e+01,3.5109e+01,3.4319e+01,3.6274e+01,3.5514e+01,3.4538e+01,3.4519e+01,3.5738e+01,3.5980e+01,3.7240e+01,3.8304e+01,3.9833e+01,4.1588e+01,4.2985e+01,4.4389e+01,4.5159e+01,4.5530e+01,4.6162e+01,4.6900e+01,4.7883e+01,4.9034e+01,5.0076e+01,5.1194e+01,5.2655e+01,5.3903e+01,5.5610e+01,5.6398e+01,5.7203e+01,5.8567e+01,5.9121e+01,5.9989e+01,5.9881e+01,5.9434e+01
6.1318e+01,6.1207e+01,6.1432e+01,6.1448e+01,6.1405e+01,6.1468e+01,6.1281e+01,6.1477e+01,6.0483e+01,5.9497e+01,5.8350e+01,5.7482e+01,5.6635e+01,5.6040e+01,5.5807e+01,5.5849e+01,5.5346e+01,5.5285e+01,5.4572e+01,5.3865e+01,5.3842e+01,5.4331e+01,5.4434e+01,5.4273e+01,5.3957e+01,5.4368e+01,5.4134e+01,5.4432e+01,5.4883e+01,5.5365e+01,5.5893e+01,5.7175e+01,5.7495e+01,5.7293e+01,5.8945e+01,6.0052e+01,6.0392e+01,6.0960e+01,6.2668e+01,6.3832e+01,6.5585e+01,6.7221e+01,6.8997e+01,6.9590e+01,6.9104e+01,6.9481e+01,6.7983e+01,6.7725e+01,6.8282e+01,6.6786e+01,6.7445e+01,6.6733e+01,6.3590e+01,6.1419e+01,5.8605e+01,5.6897e+01,5.4006e+01,5.2247e+01,4.9003e+01,4.6137e+01,4.2913e+01,4.0756e+01,3.8916e+01,3.6747e+01,3.8721e+01,3.8075e+01,3.8412e+01,3.7400e+01,3.6288e+01,3.4750e+01,3.3589e+01,3.1202e+01,3.0611e+01,2.9865e+01,3.1154e+01,3.1883e+01,3.1200e+01,3.2854e+01,3.1373e+01,2.9667e+01,2.8045e+01,2.6441e+01,2.5720e+01,2.4767e+01,2.3570e+01,2.3470e+01,2.4317e+01,2.5141e+01,2.6550e+01,2.8154e+01,2.9027e+01,2.9824e+01,3.2687e+01,3.4094e+01,3.5281e+01,3.5669e+01,3.7735e+01,3.8074e+01,3.6161e+01,3.5261e+01,3.4526e+01,3.6481e+01,3.5715e+01,3.4747e+01,3.4626e+01,3.5799e+01,3.5936e+01,3.7140e+01,3.8148e+01,3.9677e+01,4.1406e+01,4.2826e+01,4.4237e+01,4.5019e+01,4.5391e+01,4.6042e+01,4.6789e+01,4.7767e+01,4.8912e+01,4.9965e+01,5.1096e+01,5.2551e+01,5.3793e+01,5.5500e+01,5.6291e+01,5.7099e+01,5.8465e+01,5.9020e+01,5.9881e+01,5.9778e+01,5.9337e+01
6.1315e+01,6.1211e+01,6.1442e+01,6.1454e+01,6.1422e+01,6.1499e+01,6.1315e+01,6.1519e+01,6.0511e+01,5.9510e+01,5.8353e+01,5.7464e+01,5.6615e+01,5.6004e+01,5.5750e+01,5.5793e+01,5.5288e+01,5.5223e+01,5.4481e+01,5.3768e+01,5.3715e+01,5.4191e+01,5.4284e+01,5.4085e+01,5.3762e+01,5.4154e+01,5.3910e+01,5.4199e+01,5.4638e+01,5.5089e+01,5.5600e+01,5.6879e+01,5.7231e+01,5.7033e+01,5.8677e+01,5.9790e+01,6.0169e+01,6.0756e+01,6.2477e+01,6.3649e+01,6.5386e+01,6.7029e+01,6.8806e+01,6.9388e+01,6.8906e+01,6.9295e+01,6.7803e+01,6.7547e+01,6.8121e+01,6.6615e+01,6.7279e+01,6.6538e+01,6.3395e+01,6.1215e+01,5.8385e+01,5.6669e+01,5.3780e+01,5.2018e+01,4.8753e+01,4.5880e+01,4.2613e+01,4.0459e+01,3.8635e+01,3.6453e+01,3.8478e+01,3.7850e+01,3.8223e+01,3.7221e+01,3.6109e+01,3.4573e+01,3.3396e+01,3.0955e+01,3.0338e+01,2.9541e+01,3.0820e+01,3.1538e+01,3.0799e+01,3.2436e+01,3.0893e+01,2.9176e+01,2.7477e+01,2.5836e+01,2.5076e+01,2.4057e+01,2.2844e+01,2.2710e+01,2.3565e+01,2.4373e+01,2.5755e+01,2.7402e+01,2.8326e+01,2.9213e+01,3.2116e+01,3.3586e+01,3.4855e+01,3.5300e+01,3.7431e+01,3.7848e+01,3.6017e+01,3.5123e+01,3.4512e+01,3.6554e+01,3.5889e+01,3.5004e+01,3.4962e+01,3.6206e+01,3.6404e+01,3.7613e+01,3.8632e+01,4.0159e+01,4.1860e+01,4.3255e+01,4.4636e+01,4.5404e+01,4.5770e+01,4.6433e+01,4.7170e+01,4.8133e+01,4.9275e+01,5.0327e+01,5.1450e+01,5.2894e+01,5.4134e+01,5.5828e+01,5.6609e+01,5.7412e+01,5.8768e+01,5.9314e+01,6.0162e+01,6.0059e+01,5.9621e+01
6.2035e+01,6.1930e+01,6.2159e+01,6.2174e+01,6.2137e+01,6.2215e+01,6.2037e+01,6.2241e+01,6.1241e+01,6.0239e+01,5.9082e+01,5.8196e+01,5.7354e+01,5.6747e+01,5.6498e+01,5.6547e+01,5.6067e+01,5.5998e+01,5.5237e+01,5.4519e+01,5.4459e+01,5.4922e+01,5.5005e+01,5.4779e+01,5.4456e+01,5.4834e+01,5.4571e+01,5.4849e+01,5.5280e+01,5.5716e+01,5.6221e+01,5.7492e+01,5.7864e+01,5.7671e+01,5.9297e+01,6.0422e+01,6.0829e+01,6.1408e+01,6.3132e+01,6.4337e+01,6.6088e+01,6.7737e+01,6.9532e+01,7.0123e+01,6.9666e+01,7.0071e+01,6.8590e+01,6.8351e+01,6.8945e+01,6.7443e+01,6.8120e+01,6.7362e+01,6.4215e+01,6.2049e+01,5.9206e+01,5.7483e+01,5.4597e+01,5.2828e+01,4.9554e+01,4.6675e+01,4.3396e+01,4.1231e+01,3.9382e+01,3.7172e+01,3.9186e+01,3.8524e+01,3.8847e+01,3.7793e+01,3.6671e+01,3.5085e+01,3.3855e+01,3.1427e+01,3.0712e+01,2.9839e+01,3.1046e+01,3.1744e+01,3.0924e+01,3.2508e+01,3.0921e+01,2.9269e+01,2.7509e+01,2.5861e+01,2.5021e+01,2.3972e+01,2.2788e+01,2.2558e+01,2.3269e+01,2.3976e+01,2.5353e+01,2.6884e+01,2.7713e+01,2.8537e+01,3.1402e+01,3.2853e+01,3.4093e+01,3.4548e+01,3.6671e+01,3.7088e+01,3.5306e+01,3.4390e+01,3.3862e+01,3.5925e+01,3.5329e+01,3.4541e+01,3.4609e+01,3.5952e+01,3.6280e+01,3.7534e+01,3.8638e+01,4.0199e+01,4.1917e+01,4.3283e+01,4.4658e+01,4.5407e+01,4.5760e+01,4.6428e+01,4.7158e+01,4.8111e+01,4.9261e+01,5.0314e+01,5.1429e+01,5.2871e+01,5.4116e+01,5.5804e+01,5.6583e+01,5.7388e+01,5.8749e+01,5.9294e+01,6.0140e+01,6.0034e+01,5.9590e+01
6.2426e+01,6.2318e+01,6.2548e+01,6.2565e+01,6.2517e+01,6.2596e+01,6.2422e+01,6.2634e+01,6.1658e+01,6.0663e+01,5.9516e+01,5.8642e+01,5.7826e+01,5.7238e+01,5.6987e+01,5.7028e+01,5.6559e+01,5.6491e+01,5.5733e+01,5.5014e+01,5.4960e+01,5.5414e+01,5.5484e+01,5.5241e+01,5.4919e+01,5.5267e+01,5.4989e+01,5.5242e+01,5.5663e+01,5.6099e+01,5.6581e+01,5.7876e+01,5.8263e+01,5.8040e+01,5.9658e+01,6.0819e+01,6.1245e+01,6.1808e+01,6.3515e+01,6.4742e+01,6.6506e+01,6.8147e+01,6.9950e+01,7.0554e+01,7.0125e+01,7.0547e+01,6.9091e+01,6.8878e+01,6.9492e+01,6.8005e+01,6.8705e+01,6.7960e+01,6.4819e+01,6.2680e+01,5.9831e+01,5.8116e+01,5.5246e+01,5.3464e+01,5.0195e+01,4.7322e+01,4.4056e+01,4.1891e+01,4.0032e+01,3.7804e+01,3.9777e+01,3.9061e+01,3.9322e+01,3.8198e+01,3.7053e+01,3.5397e+01,3.4109e+01,3.1730e+01,3.0888e+01,2.9950e+01,3.1075e+01,3.1767e+01,3.0892e+01,3.2427e+01,3.0846e+01,2.9296e+01,2.7511e+01,2.5857e+01,2.4927e+01,2.3939e+01,2.2819e+01,2.2580e+01,2.3090e+01,2.3815e+01,2.5270e+01,2.6674e+01,2.7497e+01,2.8187e+01,3.1000e+01,3.2490e+01,3.3657e+01,3.4206e+01,3.6288e+01,3.6662e+01,3.4941e+01,3.3958e+01,3.3523e+01,3.5536e+01,3.4982e+01,3.4304e+01,3.4411e+01,3.5817e+01,3.6232e+01,3.7475e+01,3.8651e+01,4.0244e+01,4.1956e+01,4.3312e+01,4.4680e+01,4.5428e+01,4.5770e+01,4.6451e+01,4.7181e+01,4.8124e+01,4.9277e+01,5.0344e+01,5.1460e+01,5.2896e+01,5.4151e+01,5.5837e+01,5.6617e+01,5.7431e+01,5.8798e+01,5.9339e+01,6.0182e+01,6.0071e+01,5.9625e+01
6.1577e+01,6.1473e+01,6.1709e+01,6.1727e+01,6.1687e+01,6.1779e+01,6.1615e+01,6.1843e+01,6.0884e+01,5.9887e+01,5.8741e+01,5.7871e+01,5.7069e+01,5.6491e+01,5.6221e+01,5.6244e+01,5.5771e+01,5.5718e+01,5.4964e+01,5.4239e+01,5.4183e+01,5.4630e+01,5.4688e+01,5.4429e+01,5.4100e+01,5.4429e+01,5.4148e+01,5.4392e+01,5.4796e+01,5.5217e+01,5.5675e+01,5.6978e+01,5.7374e+01,5.7134e+01,5.8731e+01,5.9911e+01,6.0334e+01,6.0886e+01,6.2563e+01,6.3769e+01,6.5509e+01,6.7130e+01,6.8917e+01,6.9521e+01,6.9097e+01,6.9520e+01,6.8090e+01,6.7895e+01,6.8522e+01,6.7059e+01,6.7782e+01,6.7066e+01,6.3938e+01,6.1828e+01,5.8994e+01,5.7298e+01,5.4455e+01,5.2661e+01,4.9409e+01,4.6554e+01,4.3304e+01,4.1143e+01,3.9307e+01,3.7082e+01,3.9039e+01,3.8308e+01,3.8573e+01,3.7449e+01,3.6289e+01,3.4636e+01,3.3363e+01,3.1019e+01,3.0162e+01,2.9251e+01,3.0387e+01,3.1106e+01,3.0276e+01,3.1832e+01,3.0316e+01,2.8784e+01,2.7049e+01,2.5389e+01,2.4475e+01,2.3598e+01,2.2525e+01,2.2448e+01,2.2973e+01,2.3942e+01,2.5478e+01,2.6960e+01,2.8012e+01,2.8747e+01,3.1593e+01,3.3231e+01,3.4462e+01,3.5169e+01,3.7278e+01,3.7696e+01,3.6044e+01,3.5009e+01,3.4632e+01,3.6602e+01,3.6013e+01,3.5342e+01,3.5345e+01,3.6679e+01,3.7010e+01,3.8131e+01,3.9251e+01,4.0812e+01,4.2455e+01,4.3803e+01,4.5141e+01,4.5894e+01,4.6245e+01,4.6947e+01,4.7669e+01,4.8595e+01,4.9741e+01,5.0807e+01,5.1919e+01,5.3338e+01,5.4586e+01,5.6257e+01,5.7026e+01,5.7833e+01,5.9186e+01,5.9719e+01,6.0547e+01,6.0441e+01,6.0001e+01
6.1077e+01,6.0979e+01,6.1210e+01,6.1228e+01,6.1182e+01,6.1281e+01,6.1116e+01,6.1355e+01,6.0417e+01,5.9434e+01,5.8308e+01,5.7460e+01,5.6673e+01,5.6115e+01,5.5850e+01,5.5869e+01,5.5411e+01,5.5359e+01,5.4636e+01,5.3918e+01,5.3873e+01,5.4301e+01,5.4335e+01,5.4083e+01,5.3739e+01,5.4039e+01,5.3746e+01,5.3973e+01,5.4374e+01,5.4816e+01,5.5276e+01,5.6575e+01,5.6951e+01,5.6701e+01,5.8277e+01,5.9464e+01,5.9855e+01,6.0343e+01,6.1978e+01,6.3166e+01,6.4891e+01,6.6472e+01,6.8250e+01,6.8863e+01,6.8468e+01,6.8913e+01,6.7523e+01,6.7366e+01,6.8023e+01,6.6609e+01,6.7365e+01,6.6711e+01,6.3601e+01,6.1530e+01,5.8738e+01,5.7070e+01,5.4242e+01,5.2435e+01,4.9235e+01,4.6398e+01,4.3206e+01,4.1039e+01,3.9187e+01,3.6953e+01,3.8848e+01,3.8061e+01,3.8268e+01,3.7090e+01,3.5912e+01,3.4210e+01,3.2912e+01,3.0652e+01,2.9740e+01,2.8862e+01,2.9984e+01,3.0747e+01,2.9986e+01,3.1564e+01,3.0169e+01,2.8720e+01,2.7090e+01,2.5472e+01,2.4588e+01,2.3943e+01,2.3011e+01,2.3143e+01,2.3569e+01,2.4754e+01,2.6340e+01,2.7763e+01,2.8940e+01,2.9586e+01,3.2359e+01,3.4084e+01,3.5290e+01,3.6149e+01,3.8227e+01,3.8628e+01,3.7044e+01,3.5932e+01,3.5605e+01,3.7477e+01,3.6829e+01,3.6200e+01,3.6110e+01,3.7360e+01,3.7644e+01,3.8640e+01,3.9736e+01,4.1267e+01,4.2843e+01,4.4166e+01,4.5473e+01,4.6220e+01,4.6571e+01,4.7271e+01,4.7986e+01,4.8905e+01,5.0046e+01,5.1106e+01,5.2215e+01,5.3625e+01,5.4861e+01,5.6517e+01,5.7278e+01,5.8076e+01,5.9423e+01,5.9954e+01,6.0774e+01,6.0675e+01,6.0237e+01
6.1016e+01,6.0921e+01,6.1152e+01,6.1172e+01,6.1125e+01,6.1218e+01,6.1057e+01,6.1296e+01,6.0376e+01,5.9402e+01,5.8292e+01,5.7466e+01,5.6678e+01,5.6132e+01,5.5873e+01,5.5902e+01,5.5442e+01,5.5395e+01,5.4699e+01,5.3985e+01,5.3956e+01,5.4388e+01,5.4419e+01,5.4185e+01,5.3834e+01,5.4122e+01,5.3825e+01,5.4050e+01,5.4458e+01,5.4920e+01,5.5392e+01,5.6695e+01,5.7042e+01,5.6790e+01,5.8368e+01,5.9553e+01,5.9909e+01,6.0366e+01,6.1988e+01,6.3155e+01,6.4860e+01,6.6435e+01,6.8195e+01,6.8835e+01,6.8434e+01,6.8846e+01,6.7448e+01,6.7298e+01,6.7925e+01,6.6500e+01,6.7237e+01,6.6610e+01,6.3522e+01,6.1456e+01,5.8685e+01,5.7059e+01,5.4278e+01,5.2475e+01,4.9303e+01,4.6532e+01,4.3375e+01,4.1226e+01,3.9458e+01,3.7251e+01,3.9124e+01,3.8331e+01,3.8588e+01,3.7430e+01,3.6191e+01,3.4517e+01,3.3294e+01,3.1089e+01,3.0212e+01,2.9418e+01,3.0590e+01,3.1399e+01,3.0686e+01,3.2279e+01,3.0927e+01,2.9472e+01,2.7879e+01,2.6257e+01,2.5397e+01,2.4796e+01,2.3843e+01,2.4050e+01,2.4521e+01,2.5772e+01,2.7355e+01,2.8776e+01,2.9962e+01,3.0584e+01,3.3322e+01,3.5031e+01,3.6173e+01,3.7023e+01,3.9030e+01,3.9361e+01,3.7744e+01,3.6606e+01,3.6211e+01,3.7971e+01,3.7238e+01,3.6536e+01,3.6341e+01,3.7485e+01,3.7684e+01,3.8584e+01,3.9645e+01,4.1152e+01,4.2700e+01,4.3998e+01,4.5286e+01,4.6018e+01,4.6353e+01,4.7049e+01,4.7768e+01,4.8682e+01,4.9807e+01,5.0864e+01,5.1975e+01,5.3375e+01,5.4607e+01,5.6258e+01,5.7017e+01,5.7813e+01,5.9159e+01,5.9689e+01,6.0509e+01,6.0408e+01,5.9971e+01
6.0854e+01,6.0755e+01,6.0979e+01,6.0989e+01,6.0928e+01,6.1024e+01,6.0859e+01,6.1102e+01,6.0199e+01,5.9244e+01,5.8149e+01,5.7340e+01,5.6568e+01,5.6041e+01,5.5778e+01,5.5797e+01,5.5341e+01,5.5299e+01,5.4621e+01,5.3907e+01,5.3883e+01,5.4303e+01,5.4308e+01,5.4071e+01,5.3701e+01,5.3954e+01,5.3636e+01,5.3835e+01,5.4234e+01,5.4701e+01,5.5163e+01,5.6474e+01,5.6816e+01,5.6546e+01,5.8116e+01,5.9311e+01,5.9658e+01,6.0075e+01,6.1667e+01,6.2816e+01,6.4496e+01,6.6026e+01,6.7766e+01,6.8408e+01,6.8026e+01,6.8451e+01,6.7086e+01,6.6964e+01,6.7610e+01,6.6228e+01,6.6993e+01,6.6417e+01,6.3351e+01,6.1317e+01,5.8585e+01,5.6992e+01,5.4230e+01,5.2408e+01,4.9282e+01,4.6539e+01,4.3438e+01,4.1300e+01,3.9544e+01,3.7344e+01,3.9157e+01,3.8327e+01,3.8552e+01,3.7368e+01,3.6126e+01,3.4431e+01,3.3202e+01,3.1089e+01,3.0176e+01,2.9425e+01,3.0578e+01,3.1431e+01,3.0778e+01,3.2368e+01,3.1122e+01,2.9765e+01,2.8258e+01,2.6684e+01,2.5863e+01,2.5453e+01,2.4651e+01,2.5013e+01,2.5400e+01,2.6767e+01,2.8321e+01,2.9670e+01,3.0948e+01,3.1508e+01,3.4147e+01,3.5912e+01,3.7049e+01,3.8020e+01,3.9984e+01,4.0324e+01,3.8812e+01,3.7655e+01,3.7356e+01,3.9029e+01,3.8314e+01,3.7694e+01,3.7477e+01,3.8577e+01,3.8770e+01,3.9587e+01,4.0639e+01,4.2114e+01,4.3596e+01,4.4863e+01,4.6118e+01,4.6831e+01,4.7152e+01,4.7842e+01,4.8557e+01,4.9453e+01,5.0553e+01,5.1603e+01,5.2706e+01,5.4074e+01,5.5291e+01,5.6921e+01,5.7672e+01,5.8465e+01,5.9797e+01,6.0314e+01,6.1121e+01,6.1020e+01,6.0588e+01
