8.0613e+01,8.0242e+01,8.0294e+01,8.0956e+01,8.2015e+01,8.2747e+01,8.3732e+01,8.4844e+01,8.6167e+01,8.7274e+01,8.9102e+01,8.9527e+01,8.8149e+01,8.8041e+01,8.6890e+01,8.5264e+01,8.4665e+01,8.3251e+01,8.3178e+01,8.1883e+01,8.1003e+01,7.9892e+01,8.0076e+01,8.1188e+01,8.0779e+01,8.0190e+01,7.9470e+01,7.8722e+01,7.8112e+01,7.7182e+01,7.6412e+01,7.6365e+01,7.6445e+01,7.6857e+01,7.6633e+01,7.7330e+01,7.8172e+01,7.9175e+01,7.9363e+01,8.0602e+01,8.0680e+01,8.0277e+01,7.9100e+01,7.9034e+01,7.9069e+01,7.8529e+01,7.7788e+01,7.7425e+01,7.7933e+01,7.7354e+01,7.8108e+01,7.7595e+01,7.7542e+01,7.8325e+01,7.8752e+01,7.9015e+01,7.9568e+01,7.9315e+01,7.8422e+01,7.8304e+01,7.8087e+01,7.8024e+01,7.8579e+01,7.9584e+01,8.0029e+01,7.9677e+01,7.9950e+01,7.8852e+01,7.8210e+01,7.7441e+01,7.6793e+01,7.6755e+01,7.7064e+01,7.7784e+01,7.8270e+01,7.8188e+01,7.8052e+01,7.7939e+01,7.7997e+01,7.7039e+01,7.6544e+01,7.5791e+01,7.5548e+01,7.5806e+01,7.6529e+01,7.6808e+01,7.7556e+01,7.8410e+01,7.8605e+01,7.9238e+01,7.9345e+01,8.0455e+01,8.0314e+01,8.0469e+01,7.9237e+01,7.8236e+01,7.7510e+01,7.7626e+01,7.7783e+01,7.8697e+01,7.9708e+01,7.9718e+01,8.0288e+01,8.0852e+01,8.0060e+01,8.0511e+01,8.0636e+01,8.1464e+01,8.2543e+01,8.2956e+01,8.2974e+01,8.3595e+01,8.3133e+01,8.3489e+01,8.4878e+01,8.6179e+01,8.6987e+01,8.6593e+01,8.5902e+01,8.5189e+01,8.4188e+01,8.4483e+01,8.3699e+01,8.3151e+01,8.2182e+01,8.1056e+01,8.1175e+01,8.2136e+01,8.1868e+01,8.2317e+01,8.1531e+01,8.0369e+01,7.9614e+01,7.9293e+01,7.9176e+01,7.8639e+01,7.8815e+01,7.9099e+01,7.8676e+01,7.8549e+01,7.8573e+01,7.9235e+01,7.9501e+01,7.9844e+01,8.0421e+01,8.1165e+01,8.1159e+01,8.1524e+01,8.1430e+01,8.1225e+01,8.1527e+01,8.1369e+01,8.1908e+01,8.3297e+01,8.4123e+01,8.4465e+01,8.4329e+01,8.4337e+01,8.4180e+01,8.4250e+01,8.4251e+01,8.3295e+01,8.3273e+01,8.2457e+01,8.2880e+01,8.2173e+01,8.1867e+01,8.1434e+01,8.1556e+01,8.2095e+01,8.2530e+01,8.2754e+01
8.0058e+01,7.9687e+01,7.9746e+01,8.0412e+01,8.1474e+01,8.2208e+01,8.3192e+01,8.4307e+01,8.5645e+01,8.6758e+01,8.8604e+01,8.9031e+01,8.7644e+01,8.7540e+01,8.6380e+01,8.4742e+01,8.4136e+01,8.2712e+01,8.2632e+01,8.1326e+01,8.0441e+01,7.9318e+01,7.9505e+01,8.0625e+01,8.0208e+01,7.9608e+01,7.8883e+01,7.8125e+01,7.7511e+01,7.6580e+01,7.5804e+01,7.5762e+01,7.5842e+01,7.6258e+01,7.6037e+01,7.6735e+01,7.7578e+01,7.8585e+01,7.8773e+01,8.0019e+01,8.0097e+01,7.9695e+01,7.8513e+01,7.8445e+01,7.8476e+01,7.7933e+01,7.7190e+01,7.6824e+01,7.7332e+01,7.6749e+01,7.7505e+01,7.6990e+01,7.6932e+01,7.7718e+01,7.8149e+01,7.8418e+01,7.8978e+01,7.8728e+01,7.7831e+01,7.7717e+01,7.7498e+01,7.7443e+01,7.8009e+01,7.9025e+01,7.9468e+01,7.9113e+01,7.9380e+01,7.8275e+01,7.7627e+01,7.6859e+01,7.6207e+01,7.6173e+01,7.6496e+01,7.7231e+01,7.7730e+01,7.7653e+01,7.7522e+01,7.7405e+01,7.7455e+01,7.6485e+01,7.5988e+01,7.5227e+01,7.4984e+01,7.5252e+01,7.5986e+01,7.6269e+01,7.7030e+01,7.7893e+01,7.8082e+01,7.8719e+01,7.8829e+01,7.9945e+01,7.9795e+01,7.9946e+01,7.8702e+01,7.7697e+01,7.6959e+01,7.7067e+01,7.7224e+01,7.8149e+01,7.9172e+01,7.9190e+01,7.9772e+01,8.0347e+01,7.9554e+01,8.0009e+01,8.0132e+01,8.0970e+01,8.2057e+01,8.2479e+01,8.2499e+01,8.3120e+01,8.2650e+01,8.3002e+01,8.4399e+01,8.5706e+01,8.6525e+01,8.6133e+01,8.5442e+01,8.4729e+01,8.3724e+01,8.4025e+01,8.3240e+01,8.2686e+01,8.1710e+01,8.0574e+01,8.0690e+01,8.1657e+01,8.1388e+01,8.1837e+01,8.1045e+01,7.9874e+01,7.9117e+01,7.8790e+01,7.8675e+01,7.8139e+01,7.8321e+01,7.8609e+01,7.8181e+01,7.8056e+01,7.8080e+01,7.8745e+01,7.9011e+01,7.9356e+01,7.9941e+01,8.0687e+01,8.0681e+01,8.1053e+01,8.0960e+01,8.0748e+01,8.1050e+01,8.0885e+01,8.1425e+01,8.2828e+01,8.3657e+01,8.4002e+01,8.3865e+01,8.3873e+01,8.3713e+01,8.3779e+01,8.3780e+01,8.2821e+01,8.2795e+01,8.1971e+01,8.2391e+01,8.1681e+01,8.1374e+01,8.0939e+01,8.1057e+01,8.1602e+01,8.2035e+01,8.2258e+01
7.9640e+01,7.9271e+01,7.9336e+01,8.0005e+01,8.1067e+01,8.1802e+01,8.2785e+01,8.3902e+01,8.5251e+01,8.6367e+01,8.8223e+01,8.8650e+01,8.7259e+01,8.7160e+01,8.5994e+01,8.4347e+01,8.3737e+01,8.2305e+01,8.2219e+01,8.0905e+01,8.0016e+01,7.8885e+01,7.9075e+01,8.0201e+01,7.9779e+01,7.9170e+01,7.8442e+01,7.7675e+01,7.7057e+01,7.6128e+01,7.5347e+01,7.5309e+01,7.5388e+01,7.5807e+01,7.5590e+01,7.6287e+01,7.7127e+01,7.8134e+01,7.8324e+01,7.9573e+01,7.9653e+01,7.9257e+01,7.8073e+01,7.8003e+01,7.8028e+01,7.7481e+01,7.6740e+01,7.6368e+01,7.6873e+01,7.6288e+01,7.7044e+01,7.6529e+01,7.6467e+01,7.7252e+01,7.7687e+01,7.7961e+01,7.8527e+01,7.8279e+01,7.7383e+01,7.7275e+01,7.7055e+01,7.7007e+01,7.7584e+01,7.8607e+01,7.9049e+01,7.8693e+01,7.8956e+01,7.7847e+01,7.7193e+01,7.6426e+01,7.5771e+01,7.5741e+01,7.6074e+01,7.6820e+01,7.7331e+01,7.7260e+01,7.7137e+01,7.7017e+01,7.7059e+01,7.6080e+01,7.5580e+01,7.4814e+01,7.4571e+01,7.4850e+01,7.5593e+01,7.5881e+01,7.6654e+01,7.7522e+01,7.7705e+01,7.8347e+01,7.8462e+01,7.9581e+01,7.9423e+01,7.9568e+01,7.8314e+01,7.7308e+01,7.6560e+01,7.6659e+01,7.6813e+01,7.7745e+01,7.8778e+01,7.8804e+01,7.9395e+01,7.9980e+01,7.9189e+01,7.9648e+01,7.9763e+01,8.0611e+01,8.1706e+01,8.2138e+01,8.2162e+01,8.2782e+01,8.2302e+01,8.2647e+01,8.4053e+01,8.5362e+01,8.6192e+01,8.5805e+01,8.5115e+01,8.4405e+01,8.3397e+01,8.3707e+01,8.2923e+01,8.2363e+01,8.1381e+01,8.0235e+01,8.0345e+01,8.1316e+01,8.1047e+01,8.1492e+01,8.0695e+01,7.9515e+01,7.8759e+01,7.8423e+01,7.8313e+01,7.7781e+01,7.7971e+01,7.8263e+01,7.7832e+01,7.7711e+01,7.7733e+01,7.8398e+01,7.8665e+01,7.9013e+01,7.9606e+01,8.0354e+01,8.0350e+01,8.0727e+01,8.0638e+01,8.0420e+01,8.0721e+01,8.0551e+01,8.1091e+01,8.2503e+01,8.3332e+01,8.3680e+01,8.3542e+01,8.3552e+01,8.3388e+01,8.3448e+01,8.3449e+01,8.2486e+01,8.2455e+01,8.1623e+01,8.2040e+01,8.1327e+01,8.1019e+01,8.0580e+01,8.0695e+01,8.1242e+01,8.1673e+01,8.1894e+01
7.9016e+01,7.8647e+01,7.8718e+01,7.9395e+01,8.0464e+01,8.1205e+01,8.2192e+01,8.3316e+01,8.4681e+01,8.5806e+01,8.7680e+01,8.8110e+01,8.6707e+01,8.6609e+01,8.5431e+01,8.3770e+01,8.3149e+01,8.1704e+01,8.1611e+01,8.0285e+01,7.9391e+01,7.8248e+01,7.8443e+01,7.9582e+01,7.9151e+01,7.8528e+01,7.7794e+01,7.7014e+01,7.6387e+01,7.5452e+01,7.4659e+01,7.4623e+01,7.4698e+01,7.5120e+01,7.4900e+01,7.5598e+01,7.6440e+01,7.7450e+01,7.7634e+01,7.8890e+01,7.8967e+01,7.8568e+01,7.7377e+01,7.7302e+01,7.7326e+01,7.6779e+01,7.6039e+01,7.5668e+01,7.6176e+01,7.5591e+01,7.6355e+01,7.5841e+01,7.5774e+01,7.6565e+01,7.7010e+01,7.7290e+01,7.7867e+01,7.7620e+01,7.6720e+01,7.6618e+01,7.6397e+01,7.6356e+01,7.6943e+01,7.7980e+01,7.8424e+01,7.8063e+01,7.8324e+01,7.7201e+01,7.6541e+01,7.5770e+01,7.5106e+01,7.5079e+01,7.5423e+01,7.6181e+01,7.6701e+01,7.6631e+01,7.6509e+01,7.6389e+01,7.6428e+01,7.5435e+01,7.4930e+01,7.4153e+01,7.3905e+01,7.4193e+01,7.4948e+01,7.5241e+01,7.6026e+01,7.6904e+01,7.7087e+01,7.7734e+01,7.7850e+01,7.8980e+01,7.8818e+01,7.8963e+01,7.7696e+01,7.6681e+01,7.5922e+01,7.6017e+01,7.6173e+01,7.7118e+01,7.8163e+01,7.8193e+01,7.8792e+01,7.9386e+01,7.8590e+01,7.9050e+01,7.9164e+01,8.0017e+01,8.1118e+01,8.1556e+01,8.1581e+01,8.2202e+01,8.1717e+01,8.2060e+01,8.3474e+01,8.4789e+01,8.5626e+01,8.5239e+01,8.4548e+01,8.3837e+01,8.2824e+01,8.3140e+01,8.2355e+01,8.1789e+01,8.0801e+01,7.9646e+01,7.9753e+01,8.0729e+01,8.0461e+01,8.0906e+01,8.0105e+01,7.8917e+01,7.8158e+01,7.7818e+01,7.7710e+01,7.7176e+01,7.7373e+01,7.7670e+01,7.7236e+01,7.7118e+01,7.7143e+01,7.7810e+01,7.8079e+01,7.8428e+01,7.9028e+01,7.9782e+01,7.9779e+01,8.0161e+01,8.0070e+01,7.9847e+01,8.0150e+01,7.9975e+01,8.0518e+01,8.1946e+01,8.2780e+01,8.3132e+01,8.2992e+01,8.3003e+01,8.2832e+01,8.2887e+01,8.2889e+01,8.1920e+01,8.1884e+01,8.1043e+01,8.1460e+01,8.0741e+01,8.0429e+01,7.9985e+01,8.0100e+01,8.0651e+01,8.1083e+01,8.1307e+01
7.8592e+01,7.8225e+01,7.8298e+01,7.8983e+01,8.0057e+01,8.0804e+01,8.1796e+01,8.2928e+01,8.4300e+01,8.5429e+01,8.7312e+01,8.7742e+01,8.6331e+01,8.6231e+01,8.5045e+01,8.3376e+01,8.2748e+01,8.1295e+01,8.1197e+01,7.9865e+01,7.8970e+01,7.7822e+01,7.8023e+01,7.9170e+01,7.8739e+01,7.8111e+01,7.7369e+01,7.6581e+01,7.5947e+01,7.5007e+01,7.4206e+01,7.4169e+01,7.4239e+01,7.4661e+01,7.4439e+01,7.5135e+01,7.5979e+01,7.6991e+01,7.7173e+01,7.8434e+01,7.8509e+01,7.8109e+01,7.6913e+01,7.6834e+01,7.6858e+01,7.6311e+01,7.5570e+01,7.5199e+01,7.5709e+01,7.5126e+01,7.5894e+01,7.5382e+01,7.5315e+01,7.6112e+01,7.6564e+01,7.6843e+01,7.7428e+01,7.7178e+01,7.6277e+01,7.6178e+01,7.5960e+01,7.5922e+01,7.6513e+01,7.7559e+01,7.8008e+01,7.7649e+01,7.7912e+01,7.6783e+01,7.6114e+01,7.5337e+01,7.4666e+01,7.4637e+01,7.4984e+01,7.5748e+01,7.6271e+01,7.6199e+01,7.6079e+01,7.5960e+01,7.6001e+01,7.4999e+01,7.4489e+01,7.3705e+01,7.3453e+01,7.3745e+01,7.4507e+01,7.4805e+01,7.5596e+01,7.6481e+01,7.6665e+01,7.7318e+01,7.7436e+01,7.8572e+01,7.8411e+01,7.8557e+01,7.7282e+01,7.6260e+01,7.5494e+01,7.5590e+01,7.5744e+01,7.6696e+01,7.7749e+01,7.7780e+01,7.8382e+01,7.8982e+01,7.8184e+01,7.8645e+01,7.8757e+01,7.9613e+01,8.0721e+01,8.1161e+01,8.1187e+01,8.1811e+01,8.1322e+01,8.1667e+01,8.3088e+01,8.4409e+01,8.5251e+01,8.4864e+01,8.4169e+01,8.3456e+01,8.2437e+01,8.2755e+01,8.1967e+01,8.1396e+01,8.0401e+01,7.9238e+01,7.9341e+01,8.0323e+01,8.0056e+01,8.0504e+01,7.9700e+01,7.8504e+01,7.7743e+01,7.7401e+01,7.7294e+01,7.6759e+01,7.6957e+01,7.7256e+01,7.6820e+01,7.6701e+01,7.6726e+01,7.7395e+01,7.7666e+01,7.8015e+01,7.8618e+01,7.9378e+01,7.9379e+01,7.9762e+01,7.9668e+01,7.9444e+01,7.9753e+01,7.9575e+01,8.0123e+01,8.1559e+01,8.2396e+01,8.2751e+01,8.2606e+01,8.2613e+01,8.2438e+01,8.2492e+01,8.2492e+01,8.1520e+01,8.1482e+01,8.0638e+01,8.1058e+01,8.0336e+01,8.0021e+01,7.9574e+01,7.9689e+01,8.0244e+01,8.0678e+01,8.0902e+01
7.8122e+01,7.7758e+01,7.7835e+01,7.8529e+01,7.9609e+01,8.0364e+01,8.1362e+01,8.2503e+01,8.3887e+01,8.5023e+01,8.6919e+01,8.7350e+01,8.5927e+01,8.5824e+01,8.4627e+01,8.2948e+01,8.2311e+01,8.0847e+01,8.0744e+01,7.9403e+01,7.8506e+01,7.7351e+01,7.7557e+01,7.8715e+01,7.8282e+01,7.7645e+01,7.6895e+01,7.6098e+01,7.5456e+01,7.4511e+01,7.3702e+01,7.3665e+01,7.3732e+01,7.4156e+01,7.3934e+01,7.4633e+01,7.5481e+01,7.6498e+01,7.6677e+01,7.7945e+01,7.8017e+01,7.7615e+01,7.6412e+01,7.6329e+01,7.6351e+01,7.5803e+01,7.5062e+01,7.4690e+01,7.5202e+01,7.4617e+01,7.5390e+01,7.4878e+01,7.4809e+01,7.5611e+01,7.6069e+01,7.6350e+01,7.6942e+01,7.6691e+01,7.5786e+01,7.5692e+01,7.5474e+01,7.5440e+01,7.6036e+01,7.7092e+01,7.7545e+01,7.7185e+01,7.7450e+01,7.6313e+01,7.5636e+01,7.4853e+01,7.4175e+01,7.4146e+01,7.4498e+01,7.5268e+01,7.5797e+01,7.5726e+01,7.5607e+01,7.5487e+01,7.5527e+01,7.4518e+01,7.4004e+01,7.3215e+01,7.2961e+01,7.3257e+01,7.4025e+01,7.4327e+01,7.5124e+01,7.6015e+01,7.6199e+01,7.6857e+01,7.6977e+01,7.8121e+01,7.7958e+01,7.8104e+01,7.6820e+01,7.5791e+01,7.5019e+01,7.5114e+01,7.5267e+01,7.6226e+01,7.7287e+01,7.7320e+01,7.7927e+01,7.8534e+01,7.7735e+01,7.8196e+01,7.8308e+01,7.9167e+01,8.0278e+01,8.0722e+01,8.0748e+01,8.1373e+01,8.0882e+01,8.1225e+01,8.2652e+01,8.3975e+01,8.4822e+01,8.4435e+01,8.3740e+01,8.3026e+01,8.2006e+01,8.2329e+01,8.1541e+01,8.0967e+01,7.9969e+01,7.8799e+01,7.8901e+01,7.9885e+01,7.9617e+01,8.0063e+01,7.9255e+01,7.8055e+01,7.7293e+01,7.6947e+01,7.6842e+01,7.6309e+01,7.6510e+01,7.6812e+01,7.6378e+01,7.6260e+01,7.6286e+01,7.6956e+01,7.7229e+01,7.7579e+01,7.8188e+01,7.8951e+01,7.8957e+01,7.9343e+01,7.9246e+01,7.9020e+01,7.9335e+01,7.9152e+01,7.9700e+01,8.1145e+01,8.1981e+01,8.2337e+01,8.2188e+01,8.2193e+01,8.2013e+01,8.2065e+01,8.2065e+01,8.1089e+01,8.1049e+01,8.0202e+01,8.0623e+01,7.9898e+01,7.9582e+01,7.9134e+01,7.9249e+01,7.9808e+01,8.0242e+01,8.0467e+01
7.7727e+01,7.7367e+01,7.7451e+01,7.8151e+01,7.9236e+01,7.9998e+01,8.0998e+01,8.2146e+01,8.3541e+01,8.4680e+01,8.6588e+01,8.7016e+01,8.5585e+01,8.5481e+01,8.4276e+01,8.2590e+01,8.1945e+01,8.0473e+01,8.0364e+01,7.9014e+01,7.8112e+01,7.6948e+01,7.7161e+01,7.8328e+01,7.7891e+01,7.7244e+01,7.6485e+01,7.5675e+01,7.5024e+01,7.4077e+01,7.3257e+01,7.3223e+01,7.3285e+01,7.3713e+01,7.3490e+01,7.4189e+01,7.5037e+01,7.6056e+01,7.6230e+01,7.7503e+01,7.7570e+01,7.7167e+01,7.5960e+01,7.5869e+01,7.5886e+01,7.5341e+01,7.4603e+01,7.4230e+01,7.4743e+01,7.4158e+01,7.4935e+01,7.4425e+01,7.4351e+01,7.5156e+01,7.5623e+01,7.5909e+01,7.6512e+01,7.6261e+01,7.5358e+01,7.5271e+01,7.5055e+01,7.5029e+01,7.5634e+01,7.6701e+01,7.7156e+01,7.6796e+01,7.7060e+01,7.5915e+01,7.5228e+01,7.4443e+01,7.3755e+01,7.3727e+01,7.4090e+01,7.4871e+01,7.5409e+01,7.5340e+01,7.5224e+01,7.5105e+01,7.5142e+01,7.4121e+01,7.3601e+01,7.2802e+01,7.2543e+01,7.2849e+01,7.3628e+01,7.3936e+01,7.4744e+01,7.5644e+01,7.5828e+01,7.6493e+01,7.6618e+01,7.7771e+01,7.7604e+01,7.7747e+01,7.6451e+01,7.5415e+01,7.4631e+01,7.4721e+01,7.4871e+01,7.5841e+01,7.6913e+01,7.6951e+01,7.7566e+01,7.8183e+01,7.7384e+01,7.7844e+01,7.7954e+01,7.8817e+01,7.9933e+01,8.0380e+01,8.0407e+01,8.1033e+01,8.0539e+01,8.0880e+01,8.2312e+01,8.3638e+01,8.4491e+01,8.4104e+01,8.3408e+01,8.2694e+01,8.1670e+01,8.1997e+01,8.1209e+01,8.0630e+01,7.9626e+01,7.8451e+01,7.8550e+01,7.9537e+01,7.9270e+01,7.9716e+01,7.8906e+01,7.7701e+01,7.6939e+01,7.6590e+01,7.6486e+01,7.5955e+01,7.6157e+01,7.6460e+01,7.6025e+01,7.5908e+01,7.5936e+01,7.6607e+01,7.6882e+01,7.7235e+01,7.7851e+01,7.8615e+01,7.8625e+01,7.9014e+01,7.8917e+01,7.8690e+01,7.9007e+01,7.8821e+01,7.9370e+01,8.0824e+01,8.1656e+01,8.2012e+01,8.1861e+01,8.1865e+01,8.1685e+01,8.1734e+01,8.1733e+01,8.0756e+01,8.0713e+01,7.9862e+01,8.0283e+01,7.9556e+01,7.9238e+01,7.8789e+01,7.8901e+01,7.9460e+01,7.9894e+01,8.0118e+01
7.7541e+01,7.7181e+01,7.7266e+01,7.7969e+01,7.9056e+01,7.9820e+01,8.0820e+01,8.1969e+01,8.3370e+01,8.4512e+01,8.6426e+01,8.6855e+01,8.5421e+01,8.5317e+01,8.4110e+01,8.2419e+01,8.1772e+01,8.0297e+01,8.0187e+01,7.8832e+01,7.7926e+01,7.6756e+01,7.6969e+01,7.8139e+01,7.7698e+01,7.7045e+01,7.6285e+01,7.5468e+01,7.4813e+01,7.3867e+01,7.3041e+01,7.3010e+01,7.3070e+01,7.3498e+01,7.3274e+01,7.3970e+01,7.4818e+01,7.5835e+01,7.6003e+01,7.7276e+01,7.7339e+01,7.6937e+01,7.5731e+01,7.5636e+01,7.5652e+01,7.5109e+01,7.4375e+01,7.4003e+01,7.4516e+01,7.3935e+01,7.4714e+01,7.4207e+01,7.4128e+01,7.4933e+01,7.5403e+01,7.5695e+01,7.6303e+01,7.6055e+01,7.5152e+01,7.5069e+01,7.4853e+01,7.4830e+01,7.5442e+01,7.6514e+01,7.6968e+01,7.6605e+01,7.6867e+01,7.5718e+01,7.5028e+01,7.4244e+01,7.3554e+01,7.3530e+01,7.3900e+01,7.4690e+01,7.5232e+01,7.5165e+01,7.5050e+01,7.4929e+01,7.4963e+01,7.3937e+01,7.3417e+01,7.2613e+01,7.2354e+01,7.2663e+01,7.3448e+01,7.3757e+01,7.4568e+01,7.5471e+01,7.5653e+01,7.6318e+01,7.6441e+01,7.7596e+01,7.7425e+01,7.7568e+01,7.6269e+01,7.5232e+01,7.4445e+01,7.4532e+01,7.4684e+01,7.5658e+01,7.6734e+01,7.6774e+01,7.7394e+01,7.8013e+01,7.7212e+01,7.7675e+01,7.7783e+01,7.8652e+01,7.9772e+01,8.0223e+01,8.0251e+01,8.0877e+01,8.0379e+01,8.0719e+01,8.2153e+01,8.3482e+01,8.4338e+01,8.3952e+01,8.3256e+01,8.2542e+01,8.1516e+01,8.1844e+01,8.1056e+01,8.0474e+01,7.9467e+01,7.8289e+01,7.8386e+01,7.9376e+01,7.9110e+01,7.9556e+01,7.8744e+01,7.7535e+01,7.6772e+01,7.6421e+01,7.6316e+01,7.5785e+01,7.5985e+01,7.6287e+01,7.5853e+01,7.5735e+01,7.5763e+01,7.6439e+01,7.6713e+01,7.7067e+01,7.7682e+01,7.8446e+01,7.8455e+01,7.8840e+01,7.8743e+01,7.8519e+01,7.8837e+01,7.8654e+01,7.9205e+01,8.0663e+01,8.1497e+01,8.1850e+01,8.1699e+01,8.1700e+01,8.1522e+01,8.1574e+01,8.1573e+01,8.0594e+01,8.0552e+01,7.9702e+01,8.0125e+01,7.9397e+01,7.9078e+01,7.8627e+01,7.8739e+01,7.9297e+01,7.9732e+01,7.9956e+01
7.7363e+01,7.7003e+01,7.7090e+01,7.7800e+01,7.8895e+01,7.9665e+01,8.0671e+01,8.1825e+01,8.3236e+01,8.4385e+01,8.6311e+01,8.6744e+01,8.5302e+01,8.5196e+01,8.3982e+01,8.2282e+01,8.1630e+01,8.0144e+01,8.0034e+01,7.8668e+01,7.7755e+01,7.6575e+01,7.6790e+01,7.7969e+01,7.7523e+01,7.6860e+01,7.6094e+01,7.5267e+01,7.4604e+01,7.3651e+01,7.2813e+01,7.2783e+01,7.2838e+01,7.3269e+01,7.3041e+01,7.3738e+01,7.4592e+01,7.5614e+01,7.5774e+01,7.7055e+01,7.7108e+01,7.6699e+01,7.5486e+01,7.5383e+01,7.5398e+01,7.4860e+01,7.4129e+01,7.3759e+01,7.4277e+01,7.3697e+01,7.4485e+01,7.3979e+01,7.3896e+01,7.4709e+01,7.5188e+01,7.5484e+01,7.6102e+01,7.5854e+01,7.4948e+01,7.4869e+01,7.4652e+01,7.4632e+01,7.5250e+01,7.6332e+01,7.6789e+01,7.6423e+01,7.6685e+01,7.5526e+01,7.4830e+01,7.4040e+01,7.3343e+01,7.3321e+01,7.3697e+01,7.4494e+01,7.5040e+01,7.4972e+01,7.4854e+01,7.4732e+01,7.4766e+01,7.3732e+01,7.3209e+01,7.2396e+01,7.2134e+01,7.2445e+01,7.3236e+01,7.3547e+01,7.4363e+01,7.5271e+01,7.5457e+01,7.6124e+01,7.6243e+01,7.7404e+01,7.7235e+01,7.7382e+01,7.6077e+01,7.5032e+01,7.4242e+01,7.4331e+01,7.4486e+01,7.5468e+01,7.6549e+01,7.6588e+01,7.7212e+01,7.7833e+01,7.7026e+01,7.7491e+01,7.7601e+01,7.8473e+01,7.9598e+01,8.0047e+01,8.0076e+01,8.0707e+01,8.0209e+01,8.0552e+01,8.1991e+01,8.3322e+01,8.4181e+01,8.3792e+01,8.3094e+01,8.2376e+01,8.1346e+01,8.1674e+01,8.0882e+01,8.0297e+01,7.9285e+01,7.8101e+01,7.8198e+01,7.9193e+01,7.8927e+01,7.9375e+01,7.8560e+01,7.7346e+01,7.6577e+01,7.6228e+01,7.6119e+01,7.5585e+01,7.5781e+01,7.6084e+01,7.5652e+01,7.5532e+01,7.5562e+01,7.6244e+01,7.6518e+01,7.6873e+01,7.7487e+01,7.8253e+01,7.8263e+01,7.8645e+01,7.8547e+01,7.8324e+01,7.8644e+01,7.8463e+01,7.9019e+01,8.0486e+01,8.1324e+01,8.1675e+01,8.1525e+01,8.1522e+01,8.1347e+01,8.1401e+01,8.1403e+01,8.0421e+01,8.0380e+01,7.9527e+01,7.9954e+01,7.9226e+01,7.8905e+01,7.8452e+01,7.8567e+01,7.9129e+01,7.9567e+01,7.9791e+01
7.7150e+01,7.6794e+01,7.6883e+01,7.7600e+01,7.8701e+01,7.9475e+01,8.0485e+01,8.1645e+01,8.3067e+01,8.4223e+01,8.6159e+01,8.6593e+01,8.5142e+01,8.5033e+01,8.3812e+01,8.2103e+01,8.1444e+01,7.9951e+01,7.9836e+01,7.8464e+01,7.7549e+01,7.6362e+01,7.6582e+01,7.7770e+01,7.7318e+01,7.6645e+01,7.5872e+01,7.5032e+01,7.4363e+01,7.3405e+01,7.2558e+01,7.2529e+01,7.2581e+01,7.3016e+01,7.2785e+01,7.3483e+01,7.4341e+01,7.5367e+01,7.5520e+01,7.6806e+01,7.6850e+01,7.6439e+01,7.5222e+01,7.5111e+01,7.5124e+01,7.4589e+01,7.3862e+01,7.3493e+01,7.4015e+01,7.3435e+01,7.4229e+01,7.3723e+01,7.3635e+01,7.4451e+01,7.4939e+01,7.5241e+01,7.5869e+01,7.5622e+01,7.4713e+01,7.4638e+01,7.4420e+01,7.4405e+01,7.5030e+01,7.6122e+01,7.6583e+01,7.6216e+01,7.6480e+01,7.5312e+01,7.4608e+01,7.3814e+01,7.3111e+01,7.3092e+01,7.3475e+01,7.4281e+01,7.4832e+01,7.4765e+01,7.4647e+01,7.4522e+01,7.4554e+01,7.3513e+01,7.2987e+01,7.2167e+01,7.1903e+01,7.2218e+01,7.3016e+01,7.3329e+01,7.4148e+01,7.5062e+01,7.5249e+01,7.5918e+01,7.6038e+01,7.7203e+01,7.7034e+01,7.7183e+01,7.5870e+01,7.4820e+01,7.4024e+01,7.4112e+01,7.4269e+01,7.5258e+01,7.6346e+01,7.6386e+01,7.7015e+01,7.7640e+01,7.6829e+01,7.7293e+01,7.7401e+01,7.8275e+01,7.9402e+01,7.9855e+01,7.9882e+01,8.0512e+01,8.0012e+01,8.0353e+01,8.1793e+01,8.3125e+01,8.3987e+01,8.3599e+01,8.2901e+01,8.2185e+01,8.1154e+01,8.1484e+01,8.0693e+01,8.0106e+01,7.9092e+01,7.7906e+01,7.8003e+01,7.8998e+01,7.8731e+01,7.9177e+01,7.8361e+01,7.7146e+01,7.6380e+01,7.6031e+01,7.5923e+01,7.5393e+01,7.5588e+01,7.5891e+01,7.5463e+01,7.5345e+01,7.5377e+01,7.6061e+01,7.6332e+01,7.6690e+01,7.7305e+01,7.8067e+01,7.8076e+01,7.8457e+01,7.8360e+01,7.8138e+01,7.8457e+01,7.8277e+01,7.8832e+01,8.0306e+01,8.1141e+01,8.1491e+01,8.1342e+01,8.1339e+01,8.1167e+01,8.1222e+01,8.1223e+01,8.0238e+01,8.0192e+01,7.9337e+01,7.9763e+01,7.9036e+01,7.8713e+01,7.8259e+01,7.8372e+01,7.8932e+01,7.9370e+01,7.9590e+01
7.6902e+01,7.6545e+01,7.6631e+01,7.7355e+01,7.8465e+01,7.9245e+01,8.0263e+01,8.1432e+01,8.2859e+01,8.4021e+01,8.5963e+01,8.6399e+01,8.4939e+01,8.4825e+01,8.3597e+01,8.1881e+01,8.1219e+01,7.9718e+01,7.9605e+01,7.8230e+01,7.7313e+01,7.6122e+01,7.6343e+01,7.7539e+01,7.7085e+01,7.6409e+01,7.5631e+01,7.4787e+01,7.4114e+01,7.3146e+01,7.2292e+01,7.2259e+01,7.2309e+01,7.2743e+01,7.2502e+01,7.3203e+01,7.4072e+01,7.5104e+01,7.5252e+01,7.6544e+01,7.6582e+01,7.6162e+01,7.4938e+01,7.4826e+01,7.4846e+01,7.4313e+01,7.3581e+01,7.3218e+01,7.3752e+01,7.3171e+01,7.3976e+01,7.3468e+01,7.3383e+01,7.4209e+01,7.4701e+01,7.5002e+01,7.5633e+01,7.5381e+01,7.4462e+01,7.4385e+01,7.4166e+01,7.4148e+01,7.4774e+01,7.5872e+01,7.6340e+01,7.5971e+01,7.6240e+01,7.5063e+01,7.4355e+01,7.3553e+01,7.2843e+01,7.2822e+01,7.3202e+01,7.4010e+01,7.4559e+01,7.4487e+01,7.4366e+01,7.4244e+01,7.4280e+01,7.3234e+01,7.2704e+01,7.1878e+01,7.1609e+01,7.1922e+01,7.2723e+01,7.3040e+01,7.3860e+01,7.4780e+01,7.4973e+01,7.5647e+01,7.5767e+01,7.6941e+01,7.6775e+01,7.6926e+01,7.5608e+01,7.4549e+01,7.3750e+01,7.3843e+01,7.4001e+01,7.4995e+01,7.6087e+01,7.6124e+01,7.6752e+01,7.7378e+01,7.6560e+01,7.7021e+01,7.7129e+01,7.8002e+01,7.9134e+01,7.9587e+01,7.9610e+01,8.0242e+01,7.9740e+01,8.0084e+01,8.1528e+01,8.2865e+01,8.3727e+01,8.3338e+01,8.2635e+01,8.1916e+01,8.0879e+01,8.1208e+01,8.0414e+01,7.9822e+01,7.8804e+01,7.7615e+01,7.7711e+01,7.8710e+01,7.8445e+01,7.8895e+01,7.8079e+01,7.6860e+01,7.6092e+01,7.5746e+01,7.5640e+01,7.5107e+01,7.5301e+01,7.5608e+01,7.5183e+01,7.5063e+01,7.5096e+01,7.5781e+01,7.6053e+01,7.6409e+01,7.7025e+01,7.7791e+01,7.7802e+01,7.8184e+01,7.8084e+01,7.7861e+01,7.8185e+01,7.8003e+01,7.8562e+01,8.0044e+01,8.0881e+01,8.1232e+01,8.1081e+01,8.1075e+01,8.0903e+01,8.0960e+01,8.0967e+01,7.9978e+01,7.9934e+01,7.9074e+01,7.9504e+01,7.8773e+01,7.8447e+01,7.7992e+01,7.8109e+01,7.8677e+01,7.9121e+01,7.9345e+01
7.6508e+01,7.6151e+01,7.6236e+01,7.6970e+01,7.8092e+01,7.8881e+01,7.9907e+01,8.1087e+01,8.2526e+01,8.3697e+01,8.5651e+01,8.6091e+01,8.4617e+01,8.4496e+01,8.3257e+01,8.1529e+01,8.0859e+01,7.9345e+01,7.9229e+01,7.7848e+01,7.6931e+01,7.5734e+01,7.5961e+01,7.7170e+01,7.6713e+01,7.6029e+01,7.5243e+01,7.4388e+01,7.3707e+01,7.2725e+01,7.1858e+01,7.1823e+01,7.1869e+01,7.2306e+01,7.2056e+01,7.2762e+01,7.3642e+01,7.4682e+01,7.4825e+01,7.6125e+01,7.6154e+01,7.5723e+01,7.4491e+01,7.4374e+01,7.4399e+01,7.3871e+01,7.3134e+01,7.2775e+01,7.3321e+01,7.2737e+01,7.3556e+01,7.3045e+01,7.2958e+01,7.3798e+01,7.4300e+01,7.4604e+01,7.5244e+01,7.4986e+01,7.4056e+01,7.3978e+01,7.3758e+01,7.3738e+01,7.4368e+01,7.5478e+01,7.5954e+01,7.5581e+01,7.5856e+01,7.4664e+01,7.3948e+01,7.3135e+01,7.2417e+01,7.2396e+01,7.2776e+01,7.3590e+01,7.4141e+01,7.4065e+01,7.3940e+01,7.3819e+01,7.3857e+01,7.2801e+01,7.2267e+01,7.1432e+01,7.1159e+01,7.1473e+01,7.2281e+01,7.2601e+01,7.3426e+01,7.4354e+01,7.4550e+01,7.5229e+01,7.5348e+01,7.6532e+01,7.6368e+01,7.6524e+01,7.5196e+01,7.4126e+01,7.3322e+01,7.3420e+01,7.3581e+01,7.4583e+01,7.5683e+01,7.5716e+01,7.6345e+01,7.6974e+01,7.6149e+01,7.6604e+01,7.6709e+01,7.7583e+01,7.8717e+01,7.9173e+01,7.9194e+01,7.9826e+01,7.9322e+01,7.9668e+01,8.1115e+01,8.2456e+01,8.3318e+01,8.2928e+01,8.2222e+01,8.1503e+01,8.0463e+01,8.0793e+01,8.0000e+01,7.9404e+01,7.8383e+01,7.7190e+01,7.7284e+01,7.8286e+01,7.8022e+01,7.8473e+01,7.7656e+01,7.6436e+01,7.5670e+01,7.5325e+01,7.5219e+01,7.4688e+01,7.4883e+01,7.5190e+01,7.4762e+01,7.4642e+01,7.4679e+01,7.5363e+01,7.5635e+01,7.5990e+01,7.6608e+01,7.7378e+01,7.7392e+01,7.7779e+01,7.7677e+01,7.7452e+01,7.7780e+01,7.7594e+01,7.8152e+01,7.9640e+01,8.0480e+01,8.0832e+01,8.0678e+01,8.0668e+01,8.0492e+01,8.0549e+01,8.0561e+01,7.9571e+01,7.9528e+01,7.8663e+01,7.9094e+01,7.8359e+01,7.8031e+01,7.7579e+01,7.7697e+01,7.8272e+01,7.8724e+01,7.8951e+01
7.6222e+01,7.5869e+01,7.5957e+01,7.6703e+01,7.7835e+01,7.8633e+01,7.9669e+01,8.0862e+01,8.2312e+01,8.3488e+01,8.5453e+01,8.5892e+01,8.4405e+01,8.4279e+01,8.3029e+01,8.1290e+01,8.0612e+01,7.9083e+01,7.8963e+01,7.7574e+01,7.6655e+01,7.5452e+01,7.5686e+01,7.6909e+01,7.6449e+01,7.5757e+01,7.4959e+01,7.4093e+01,7.3400e+01,7.2409e+01,7.1531e+01,7.1490e+01,7.1528e+01,7.1964e+01,7.1705e+01,7.2411e+01,7.3299e+01,7.4343e+01,7.4479e+01,7.5786e+01,7.5807e+01,7.5367e+01,7.4128e+01,7.4004e+01,7.4033e+01,7.3511e+01,7.2773e+01,7.2419e+01,7.2974e+01,7.2393e+01,7.3223e+01,7.2714e+01,7.2628e+01,7.3480e+01,7.3993e+01,7.4295e+01,7.4945e+01,7.4680e+01,7.3746e+01,7.3672e+01,7.3455e+01,7.3437e+01,7.4073e+01,7.5197e+01,7.5681e+01,7.5307e+01,7.5587e+01,7.4383e+01,7.3657e+01,7.2834e+01,7.2104e+01,7.2078e+01,7.2462e+01,7.3283e+01,7.3839e+01,7.3760e+01,7.3635e+01,7.3518e+01,7.3558e+01,7.2490e+01,7.1947e+01,7.1100e+01,7.0817e+01,7.1136e+01,7.1955e+01,7.2285e+01,7.3117e+01,7.4058e+01,7.4258e+01,7.4948e+01,7.5072e+01,7.6268e+01,7.6105e+01,7.6260e+01,7.4919e+01,7.3837e+01,7.3023e+01,7.3123e+01,7.3282e+01,7.4294e+01,7.5406e+01,7.5439e+01,7.6072e+01,7.6708e+01,7.5877e+01,7.6329e+01,7.6428e+01,7.7305e+01,7.8449e+01,7.8908e+01,7.8925e+01,7.9560e+01,7.9050e+01,7.9399e+01,8.0852e+01,8.2201e+01,8.3066e+01,8.2675e+01,8.1963e+01,8.1242e+01,8.0194e+01,8.0524e+01,7.9728e+01,7.9123e+01,7.8095e+01,7.6895e+01,7.6982e+01,7.7991e+01,7.7731e+01,7.8187e+01,7.7371e+01,7.6141e+01,7.5375e+01,7.5031e+01,7.4930e+01,7.4398e+01,7.4590e+01,7.4898e+01,7.4468e+01,7.4341e+01,7.4373e+01,7.5055e+01,7.5324e+01,7.5672e+01,7.6289e+01,7.7064e+01,7.7081e+01,7.7472e+01,7.7363e+01,7.7133e+01,7.7465e+01,7.7275e+01,7.7838e+01,7.9335e+01,8.0181e+01,8.0540e+01,8.0383e+01,8.0372e+01,8.0191e+01,8.0248e+01,8.0268e+01,7.9277e+01,7.9235e+01,7.8362e+01,7.8797e+01,7.8058e+01,7.7730e+01,7.7278e+01,7.7399e+01,7.7981e+01,7.8441e+01,7.8671e+01
7.5673e+01,7.5329e+01,7.5423e+01,7.6184e+01,7.7327e+01,7.8138e+01,7.9185e+01,8.0395e+01,8.1858e+01,8.3041e+01,8.5018e+01,8.5455e+01,8.3952e+01,8.3818e+01,8.2553e+01,8.0800e+01,8.0109e+01,7.8563e+01,7.8434e+01,7.7038e+01,7.6121e+01,7.4912e+01,7.5158e+01,7.6398e+01,7.5940e+01,7.5240e+01,7.4427e+01,7.3548e+01,7.2842e+01,7.1838e+01,7.0947e+01,7.0900e+01,7.0929e+01,7.1362e+01,7.1097e+01,7.1802e+01,7.2694e+01,7.3741e+01,7.3872e+01,7.5184e+01,7.5201e+01,7.4756e+01,7.3512e+01,7.3385e+01,7.3415e+01,7.2893e+01,7.2154e+01,7.1803e+01,7.2365e+01,7.1787e+01,7.2628e+01,7.2124e+01,7.2041e+01,7.2908e+01,7.3434e+01,7.3732e+01,7.4391e+01,7.4117e+01,7.3177e+01,7.3107e+01,7.2895e+01,7.2879e+01,7.3522e+01,7.4662e+01,7.5156e+01,7.4785e+01,7.5074e+01,7.3857e+01,7.3117e+01,7.2280e+01,7.1536e+01,7.1505e+01,7.1895e+01,7.2725e+01,7.3289e+01,7.3209e+01,7.3090e+01,7.2975e+01,7.3013e+01,7.1932e+01,7.1382e+01,7.0528e+01,7.0239e+01,7.0569e+01,7.1396e+01,7.1736e+01,7.2579e+01,7.3529e+01,7.3728e+01,7.4428e+01,7.4559e+01,7.5767e+01,7.5600e+01,7.5751e+01,7.4397e+01,7.3306e+01,7.2479e+01,7.2577e+01,7.2731e+01,7.3753e+01,7.4877e+01,7.4914e+01,7.5552e+01,7.6200e+01,7.5369e+01,7.5817e+01,7.5907e+01,7.6788e+01,7.7941e+01,7.8411e+01,7.8424e+01,7.9054e+01,7.8533e+01,7.8879e+01,8.0336e+01,8.1691e+01,8.2562e+01,8.2178e+01,8.1463e+01,8.0747e+01,7.9693e+01,8.0030e+01,7.9240e+01,7.8625e+01,7.7593e+01,7.6386e+01,7.6464e+01,7.7473e+01,7.7217e+01,7.7671e+01,7.6855e+01,7.5617e+01,7.4857e+01,7.4509e+01,7.4418e+01,7.3894e+01,7.4092e+01,7.4404e+01,7.3976e+01,7.3850e+01,7.3880e+01,7.4560e+01,7.4828e+01,7.5175e+01,7.5802e+01,7.6578e+01,7.6597e+01,7.7000e+01,7.6886e+01,7.6646e+01,7.6980e+01,7.6779e+01,7.7343e+01,7.8857e+01,7.9702e+01,8.0063e+01,7.9903e+01,7.9889e+01,7.9704e+01,7.9758e+01,7.9786e+01,7.8795e+01,7.8751e+01,7.7869e+01,7.8305e+01,7.7561e+01,7.7228e+01,7.6774e+01,7.6895e+01,7.7481e+01,7.7945e+01,7.8174e+01
7.5236e+01,7.4896e+01,7.4997e+01,7.5772e+01,7.6926e+01,7.7745e+01,7.8802e+01,8.0025e+01,8.1505e+01,8.2695e+01,8.4689e+01,8.5127e+01,8.3611e+01,8.3477e+01,8.2198e+01,8.0427e+01,7.9725e+01,7.8158e+01,7.8018e+01,7.6608e+01,7.5692e+01,7.4471e+01,7.4726e+01,7.5985e+01,7.5522e+01,7.4807e+01,7.3979e+01,7.3081e+01,7.2360e+01,7.1346e+01,7.0438e+01,7.0387e+01,7.0404e+01,7.0835e+01,7.0559e+01,7.1259e+01,7.2157e+01,7.3205e+01,7.3322e+01,7.4640e+01,7.4643e+01,7.4188e+01,7.2939e+01,7.2801e+01,7.2832e+01,7.2320e+01,7.1587e+01,7.1244e+01,7.1817e+01,7.1246e+01,7.2103e+01,7.1605e+01,7.1521e+01,7.2404e+01,7.2947e+01,7.3247e+01,7.3922e+01,7.3641e+01,7.2695e+01,7.2633e+01,7.2424e+01,7.2415e+01,7.3070e+01,7.4229e+01,7.4731e+01,7.4358e+01,7.4650e+01,7.3417e+01,7.2663e+01,7.1816e+01,7.1057e+01,7.1025e+01,7.1423e+01,7.2263e+01,7.2839e+01,7.2757e+01,7.2644e+01,7.2529e+01,7.2567e+01,7.1468e+01,7.0909e+01,7.0040e+01,6.9741e+01,7.0081e+01,7.0923e+01,7.1276e+01,7.2132e+01,7.3096e+01,7.3297e+01,7.4007e+01,7.4143e+01,7.5366e+01,7.5196e+01,7.5344e+01,7.3974e+01,7.2870e+01,7.2029e+01,7.2125e+01,7.2277e+01,7.3313e+01,7.4453e+01,7.4493e+01,7.5138e+01,7.5798e+01,7.4963e+01,7.5406e+01,7.5485e+01,7.6370e+01,7.7534e+01,7.8014e+01,7.8020e+01,7.8649e+01,7.8117e+01,7.8465e+01,7.9926e+01,8.1290e+01,8.2164e+01,8.1785e+01,8.1063e+01,8.0349e+01,7.9286e+01,7.9625e+01,7.8837e+01,7.8210e+01,7.7170e+01,7.5955e+01,7.6021e+01,7.7036e+01,7.6788e+01,7.7246e+01,7.6432e+01,7.5185e+01,7.4428e+01,7.4078e+01,7.3997e+01,7.3476e+01,7.3677e+01,7.3987e+01,7.3552e+01,7.3417e+01,7.3440e+01,7.4108e+01,7.4370e+01,7.4707e+01,7.5336e+01,7.6114e+01,7.6137e+01,7.6553e+01,7.6432e+01,7.6176e+01,7.6511e+01,7.6295e+01,7.6860e+01,7.8384e+01,7.9227e+01,7.9599e+01,7.9437e+01,7.9427e+01,7.9234e+01,7.9282e+01,7.9319e+01,7.8333e+01,7.8285e+01,7.7394e+01,7.7825e+01,7.7074e+01,7.6741e+01,7.6290e+01,7.6410e+01,7.7003e+01,7.7471e+01,7.7701e+01
7.4689e+01,7.4350e+01,7.4453e+01,7.5241e+01,7.6412e+01,7.7241e+01,7.8312e+01,7.9551e+01,8.1054e+01,8.2260e+01,8.4277e+01,8.4720e+01,8.3184e+01,8.3049e+01,8.1753e+01,7.9957e+01,7.9242e+01,7.7652e+01,7.7501e+01,7.6075e+01,7.5155e+01,7.3917e+01,7.4182e+01,7.5463e+01,7.4989e+01,7.4256e+01,7.3415e+01,7.2496e+01,7.1761e+01,7.0731e+01,6.9802e+01,6.9751e+01,6.9761e+01,7.0198e+01,6.9913e+01,7.0615e+01,7.1523e+01,7.2579e+01,7.2682e+01,7.4012e+01,7.3998e+01,7.3532e+01,7.2273e+01,7.2119e+01,7.2151e+01,7.1649e+01,7.0919e+01,7.0582e+01,7.1167e+01,7.0597e+01,7.1473e+01,7.0975e+01,7.0883e+01,7.1784e+01,7.2346e+01,7.2655e+01,7.3349e+01,7.3064e+01,7.2105e+01,7.2047e+01,7.1834e+01,7.1829e+01,7.2498e+01,7.3678e+01,7.4188e+01,7.3809e+01,7.4106e+01,7.2849e+01,7.2083e+01,7.1225e+01,7.0453e+01,7.0427e+01,7.0833e+01,7.1691e+01,7.2278e+01,7.2195e+01,7.2080e+01,7.1961e+01,7.1998e+01,7.0879e+01,7.0313e+01,6.9425e+01,6.9117e+01,6.9467e+01,7.0325e+01,7.0685e+01,7.1556e+01,7.2536e+01,7.2740e+01,7.3457e+01,7.3592e+01,7.4831e+01,7.4659e+01,7.4812e+01,7.3422e+01,7.2301e+01,7.1446e+01,7.1542e+01,7.1700e+01,7.2756e+01,7.3914e+01,7.3954e+01,7.4611e+01,7.5285e+01,7.4440e+01,7.4883e+01,7.4961e+01,7.5852e+01,7.7022e+01,7.7507e+01,7.7512e+01,7.8142e+01,7.7607e+01,7.7955e+01,7.9425e+01,8.0796e+01,8.1674e+01,8.1292e+01,8.0568e+01,7.9852e+01,7.8784e+01,7.9126e+01,7.8335e+01,7.7703e+01,7.6655e+01,7.5432e+01,7.5497e+01,7.6520e+01,7.6271e+01,7.6732e+01,7.5914e+01,7.4658e+01,7.3899e+01,7.3547e+01,7.3466e+01,7.2942e+01,7.3144e+01,7.3450e+01,7.3007e+01,7.2866e+01,7.2887e+01,7.3551e+01,7.3810e+01,7.4141e+01,7.4775e+01,7.5556e+01,7.5580e+01,7.6008e+01,7.5880e+01,7.5614e+01,7.5953e+01,7.5724e+01,7.6292e+01,7.7830e+01,7.8678e+01,7.9055e+01,7.8891e+01,7.8879e+01,7.8681e+01,7.8726e+01,7.8771e+01,7.7785e+01,7.7735e+01,7.6834e+01,7.7263e+01,7.6507e+01,7.6171e+01,7.5719e+01,7.5841e+01,7.6441e+01,7.6914e+01,7.7141e+01
7.4032e+01,7.3704e+01,7.3817e+01,7.4630e+01,7.5825e+01,7.6677e+01,7.7768e+01,7.9036e+01,8.0571e+01,8.1793e+01,8.3840e+01,8.4282e+01,8.2718e+01,8.2575e+01,8.1252e+01,7.9425e+01,7.8687e+01,7.7063e+01,7.6893e+01,7.5445e+01,7.4522e+01,7.3262e+01,7.3544e+01,7.4862e+01,7.4378e+01,7.3616e+01,7.2746e+01,7.1791e+01,7.1030e+01,6.9978e+01,6.9017e+01,6.8966e+01,6.8964e+01,6.9406e+01,6.9110e+01,6.9811e+01,7.0730e+01,7.1794e+01,7.1879e+01,7.3223e+01,7.3190e+01,7.2711e+01,7.1440e+01,7.1268e+01,7.1298e+01,7.0807e+01,7.0081e+01,6.9750e+01,7.0351e+01,6.9784e+01,7.0684e+01,7.0188e+01,7.0087e+01,7.1012e+01,7.1603e+01,7.1922e+01,7.2646e+01,7.2353e+01,7.1380e+01,7.1333e+01,7.1121e+01,7.1126e+01,7.1815e+01,7.3030e+01,7.3555e+01,7.3172e+01,7.3479e+01,7.2188e+01,7.1398e+01,7.0519e+01,6.9720e+01,6.9697e+01,7.0116e+01,7.0999e+01,7.1603e+01,7.1518e+01,7.1404e+01,7.1283e+01,7.1318e+01,7.0169e+01,6.9590e+01,6.8675e+01,6.8355e+01,6.8720e+01,6.9604e+01,6.9976e+01,7.0866e+01,7.1868e+01,7.2077e+01,7.2808e+01,7.2943e+01,7.4205e+01,7.4029e+01,7.4187e+01,7.2769e+01,7.1624e+01,7.0748e+01,7.0843e+01,7.1007e+01,7.2094e+01,7.3278e+01,7.3319e+01,7.3992e+01,7.4687e+01,7.3829e+01,7.4273e+01,7.4347e+01,7.5247e+01,7.6426e+01,7.6923e+01,7.6926e+01,7.7555e+01,7.7009e+01,7.7353e+01,7.8835e+01,8.0214e+01,8.1103e+01,8.0722e+01,7.9994e+01,7.9279e+01,7.8205e+01,7.8555e+01,7.7765e+01,7.7125e+01,7.6069e+01,7.4833e+01,7.4894e+01,7.5922e+01,7.5674e+01,7.6135e+01,7.5312e+01,7.4047e+01,7.3288e+01,7.2932e+01,7.2853e+01,7.2332e+01,7.2538e+01,7.2837e+01,7.2388e+01,7.2241e+01,7.2259e+01,7.2922e+01,7.3177e+01,7.3501e+01,7.4146e+01,7.4927e+01,7.4955e+01,7.5398e+01,7.5261e+01,7.4980e+01,7.5325e+01,7.5079e+01,7.5650e+01,7.7209e+01,7.8057e+01,7.8437e+01,7.8271e+01,7.8255e+01,7.8054e+01,7.8099e+01,7.8155e+01,7.7166e+01,7.7116e+01,7.6203e+01,7.6633e+01,7.5863e+01,7.5520e+01,7.5067e+01,7.5189e+01,7.5799e+01,7.6279e+01,7.6500e+01
7.3539e+01,7.3226e+01,7.3355e+01,7.4189e+01,7.5399e+01,7.6267e+01,7.7371e+01,7.8662e+01,8.0224e+01,8.1453e+01,8.3523e+01,8.3959e+01,8.2375e+01,8.2230e+01,8.0885e+01,7.9034e+01,7.8274e+01,7.6625e+01,7.6434e+01,7.4966e+01,7.4040e+01,7.2760e+01,7.3061e+01,7.4412e+01,7.3921e+01,7.3128e+01,7.2229e+01,7.1236e+01,7.0448e+01,6.9382e+01,6.8390e+01,6.8343e+01,6.8327e+01,6.8776e+01,6.8472e+01,6.9171e+01,7.0096e+01,7.1166e+01,7.1234e+01,7.2591e+01,7.2540e+01,7.2055e+01,7.0773e+01,7.0582e+01,7.0607e+01,7.0125e+01,6.9407e+01,6.9080e+01,6.9691e+01,6.9126e+01,7.0043e+01,6.9552e+01,6.9439e+01,7.0381e+01,7.0998e+01,7.1328e+01,7.2081e+01,7.1787e+01,7.0809e+01,7.0778e+01,7.0570e+01,7.0592e+01,7.1304e+01,7.2552e+01,7.3089e+01,7.2708e+01,7.3022e+01,7.1703e+01,7.0886e+01,6.9989e+01,6.9164e+01,6.9138e+01,6.9574e+01,7.0478e+01,7.1099e+01,7.1012e+01,7.0905e+01,7.0787e+01,7.0821e+01,6.9643e+01,6.9048e+01,6.8110e+01,6.7776e+01,6.8157e+01,6.9065e+01,6.9454e+01,7.0365e+01,7.1392e+01,7.1605e+01,7.2354e+01,7.2497e+01,7.3784e+01,7.3604e+01,7.3760e+01,7.2313e+01,7.1145e+01,7.0244e+01,7.0335e+01,7.0497e+01,7.1609e+01,7.2822e+01,7.2869e+01,7.3557e+01,7.4273e+01,7.3408e+01,7.3848e+01,7.3919e+01,7.4821e+01,7.6007e+01,7.6512e+01,7.6510e+01,7.7135e+01,7.6581e+01,7.6924e+01,7.8413e+01,7.9799e+01,8.0693e+01,8.0312e+01,7.9581e+01,7.8866e+01,7.7788e+01,7.8143e+01,7.7355e+01,7.6708e+01,7.5648e+01,7.4405e+01,7.4462e+01,7.5495e+01,7.5248e+01,7.5711e+01,7.4886e+01,7.3617e+01,7.2860e+01,7.2504e+01,7.2429e+01,7.1910e+01,7.2123e+01,7.2420e+01,7.1961e+01,7.1811e+01,7.1831e+01,7.2483e+01,7.2740e+01,7.3057e+01,7.3713e+01,7.4497e+01,7.4532e+01,7.4992e+01,7.4846e+01,7.4551e+01,7.4904e+01,7.4640e+01,7.5208e+01,7.6782e+01,7.7629e+01,7.8015e+01,7.7841e+01,7.7824e+01,7.7612e+01,7.7649e+01,7.7713e+01,7.6722e+01,7.6671e+01,7.5742e+01,7.6165e+01,7.5385e+01,7.5044e+01,7.4595e+01,7.4720e+01,7.5339e+01,7.5827e+01,7.6041e+01
7.2770e+01,7.2468e+01,7.2609e+01,7.3471e+01,7.4706e+01,7.5595e+01,7.6722e+01,7.8041e+01,7.9636e+01,8.0881e+01,8.2981e+01,8.3417e+01,8.1806e+01,8.1656e+01,8.0283e+01,7.8399e+01,7.7615e+01,7.5930e+01,7.5718e+01,7.4225e+01,7.3296e+01,7.1991e+01,7.2314e+01,7.3704e+01,7.3205e+01,7.2380e+01,7.1447e+01,7.0410e+01,6.9587e+01,6.8493e+01,6.7457e+01,6.7412e+01,6.7378e+01,6.7835e+01,6.7516e+01,6.8217e+01,6.9157e+01,7.0239e+01,7.0287e+01,7.1665e+01,7.1593e+01,7.1093e+01,6.9791e+01,6.9575e+01,6.9597e+01,6.9126e+01,6.8412e+01,6.8091e+01,6.8720e+01,6.8156e+01,6.9104e+01,6.8616e+01,6.8488e+01,6.9460e+01,7.0116e+01,7.0460e+01,7.1252e+01,7.0948e+01,6.9955e+01,6.9940e+01,6.9733e+01,6.9768e+01,7.0505e+01,7.1794e+01,7.2350e+01,7.1964e+01,7.2291e+01,7.0932e+01,7.0085e+01,6.9162e+01,6.8304e+01,6.8281e+01,6.8734e+01,6.9666e+01,7.0308e+01,7.0218e+01,7.0115e+01,6.9995e+01,7.0029e+01,6.8813e+01,6.8199e+01,6.7226e+01,6.6872e+01,6.7272e+01,6.8213e+01,6.8619e+01,6.9557e+01,7.0614e+01,7.0836e+01,7.1604e+01,7.1749e+01,7.3067e+01,7.2882e+01,7.3044e+01,7.1560e+01,7.0360e+01,6.9431e+01,6.9520e+01,6.9688e+01,7.0839e+01,7.2085e+01,7.2135e+01,7.2844e+01,7.3586e+01,7.2706e+01,7.3147e+01,7.3214e+01,7.4124e+01,7.5319e+01,7.5834e+01,7.5827e+01,7.6449e+01,7.5887e+01,7.6227e+01,7.7727e+01,7.9121e+01,8.0024e+01,7.9640e+01,7.8908e+01,7.8192e+01,7.7110e+01,7.7471e+01,7.6682e+01,7.6029e+01,7.4961e+01,7.3706e+01,7.3762e+01,7.4803e+01,7.4555e+01,7.5019e+01,7.4188e+01,7.2908e+01,7.2150e+01,7.1791e+01,7.1718e+01,7.1199e+01,7.1416e+01,7.1705e+01,7.1235e+01,7.1078e+01,7.1093e+01,7.1740e+01,7.1989e+01,7.2294e+01,7.2960e+01,7.3748e+01,7.3786e+01,7.4270e+01,7.4115e+01,7.3798e+01,7.4156e+01,7.3867e+01,7.4434e+01,7.6031e+01,7.6881e+01,7.7274e+01,7.7096e+01,7.7079e+01,7.6857e+01,7.6888e+01,7.6967e+01,7.5975e+01,7.5926e+01,7.4979e+01,7.5399e+01,7.4607e+01,7.4270e+01,7.3820e+01,7.3950e+01,7.4584e+01,7.5078e+01,7.5288e+01
7.1923e+01,7.1630e+01,7.1773e+01,7.2662e+01,7.3925e+01,7.4839e+01,7.5990e+01,7.7338e+01,7.8958e+01,8.0219e+01,8.2344e+01,8.2782e+01,8.1143e+01,8.0981e+01,7.9583e+01,7.7671e+01,7.6866e+01,7.5151e+01,7.4926e+01,7.3415e+01,7.2485e+01,7.1162e+01,7.1503e+01,7.2929e+01,7.2429e+01,7.1584e+01,7.0619e+01,6.9552e+01,6.8700e+01,6.7575e+01,6.6505e+01,6.6456e+01,6.6411e+01,6.6874e+01,6.6538e+01,6.7246e+01,6.8208e+01,6.9307e+01,6.9344e+01,7.0743e+01,7.0659e+01,7.0140e+01,6.8815e+01,6.8588e+01,6.8618e+01,6.8148e+01,6.7424e+01,6.7108e+01,6.7760e+01,6.7192e+01,6.8170e+01,6.7677e+01,6.7545e+01,6.8547e+01,6.9228e+01,6.9581e+01,7.0397e+01,7.0081e+01,6.9066e+01,6.9054e+01,6.8850e+01,6.8888e+01,6.9636e+01,7.0957e+01,7.1536e+01,7.1151e+01,7.1497e+01,7.0107e+01,6.9230e+01,6.8278e+01,6.7388e+01,6.7364e+01,6.7823e+01,6.8774e+01,6.9426e+01,6.9326e+01,6.9220e+01,6.9103e+01,6.9146e+01,6.7902e+01,6.7270e+01,6.6269e+01,6.5897e+01,6.6307e+01,6.7270e+01,6.7691e+01,6.8644e+01,6.9727e+01,6.9962e+01,7.0746e+01,7.0892e+01,7.2235e+01,7.2054e+01,7.2224e+01,7.0714e+01,6.9486e+01,6.8538e+01,6.8633e+01,6.8804e+01,6.9981e+01,7.1253e+01,7.1298e+01,7.2017e+01,7.2776e+01,7.1882e+01,7.2321e+01,7.2388e+01,7.3301e+01,7.4502e+01,7.5021e+01,7.5008e+01,7.5633e+01,7.5068e+01,7.5410e+01,7.6921e+01,7.8322e+01,7.9232e+01,7.8843e+01,7.8106e+01,7.7386e+01,7.6297e+01,7.6662e+01,7.5870e+01,7.5212e+01,7.4137e+01,7.2872e+01,7.2930e+01,7.3979e+01,7.3727e+01,7.4193e+01,7.3357e+01,7.2071e+01,7.1310e+01,7.0953e+01,7.0880e+01,7.0358e+01,7.0576e+01,7.0859e+01,7.0387e+01,7.0224e+01,7.0240e+01,7.0888e+01,7.1137e+01,7.1437e+01,7.2114e+01,7.2908e+01,7.2950e+01,7.3447e+01,7.3283e+01,7.2957e+01,7.3327e+01,7.3024e+01,7.3595e+01,7.5216e+01,7.6068e+01,7.6458e+01,7.6274e+01,7.6247e+01,7.6022e+01,7.6054e+01,7.6145e+01,7.5149e+01,7.5103e+01,7.4143e+01,7.4566e+01,7.3767e+01,7.3429e+01,7.2977e+01,7.3117e+01,7.3764e+01,7.4269e+01,7.4479e+01
7.1507e+01,7.1228e+01,7.1379e+01,7.2292e+01,7.3572e+01,7.4504e+01,7.5670e+01,7.7039e+01,7.8678e+01,7.9949e+01,8.2092e+01,8.2529e+01,8.0869e+01,8.0699e+01,7.9280e+01,7.7349e+01,7.6524e+01,7.4785e+01,7.4542e+01,7.3019e+01,7.2093e+01,7.0758e+01,7.1117e+01,7.2572e+01,7.2070e+01,7.1208e+01,7.0217e+01,6.9120e+01,6.8240e+01,6.7093e+01,6.5990e+01,6.5937e+01,6.5875e+01,6.6337e+01,6.5986e+01,6.6689e+01,6.7659e+01,6.8760e+01,6.8777e+01,7.0186e+01,7.0082e+01,6.9550e+01,6.8215e+01,6.7970e+01,6.8001e+01,6.7545e+01,6.6827e+01,6.6522e+01,6.7191e+01,6.6631e+01,6.7633e+01,6.7148e+01,6.7009e+01,6.8037e+01,6.8749e+01,6.9106e+01,6.9950e+01,6.9622e+01,6.8598e+01,6.8599e+01,6.8402e+01,6.8449e+01,6.9211e+01,7.0561e+01,7.1156e+01,7.0773e+01,7.1131e+01,6.9716e+01,6.8815e+01,6.7841e+01,6.6925e+01,6.6898e+01,6.7370e+01,6.8341e+01,6.9008e+01,6.8902e+01,6.8800e+01,6.8687e+01,6.8732e+01,6.7461e+01,6.6810e+01,6.5782e+01,6.5390e+01,6.5815e+01,6.6806e+01,6.7243e+01,6.8215e+01,6.9324e+01,6.9567e+01,7.0366e+01,7.0515e+01,7.1881e+01,7.1697e+01,7.1870e+01,7.0335e+01,6.9084e+01,6.8114e+01,6.8208e+01,6.8379e+01,6.9582e+01,7.0879e+01,7.0928e+01,7.1660e+01,7.2437e+01,7.1535e+01,7.1972e+01,7.2033e+01,7.2950e+01,7.4156e+01,7.4681e+01,7.4660e+01,7.5282e+01,7.4711e+01,7.5052e+01,7.6568e+01,7.7973e+01,7.8888e+01,7.8499e+01,7.7758e+01,7.7040e+01,7.5949e+01,7.6314e+01,7.5523e+01,7.4858e+01,7.3777e+01,7.2508e+01,7.2561e+01,7.3616e+01,7.3367e+01,7.3837e+01,7.3001e+01,7.1708e+01,7.0948e+01,7.0592e+01,7.0523e+01,6.9999e+01,7.0218e+01,7.0499e+01,7.0023e+01,6.9849e+01,6.9861e+01,7.0507e+01,7.0752e+01,7.1042e+01,7.1723e+01,7.2522e+01,7.2568e+01,7.3076e+01,7.2900e+01,7.2564e+01,7.2944e+01,7.2629e+01,7.3203e+01,7.4842e+01,7.5694e+01,7.6083e+01,7.5896e+01,7.5864e+01,7.5637e+01,7.5668e+01,7.5770e+01,7.4773e+01,7.4729e+01,7.3755e+01,7.4176e+01,7.3366e+01,7.3028e+01,7.2572e+01,7.2714e+01,7.3372e+01,7.3881e+01,7.4087e+01
7.0839e+01,7.0569e+01,7.0721e+01,7.1658e+01,7.2961e+01,7.3912e+01,7.5099e+01,7.6492e+01,7.8151e+01,7.9433e+01,8.1595e+01,8.2031e+01,8.0348e+01,8.0169e+01,7.8729e+01,7.6776e+01,7.5934e+01,7.4169e+01,7.3913e+01,7.2377e+01,7.1453e+01,7.0106e+01,7.0484e+01,7.1970e+01,7.1470e+01,7.0594e+01,6.9573e+01,6.8449e+01,6.7539e+01,6.6363e+01,6.5224e+01,6.5165e+01,6.5087e+01,6.5553e+01,6.5184e+01,6.5890e+01,6.6877e+01,6.7990e+01,6.7991e+01,6.9420e+01,6.9299e+01,6.8749e+01,6.7393e+01,6.7130e+01,6.7167e+01,6.6718e+01,6.5997e+01,6.5700e+01,6.6391e+01,6.5832e+01,6.6863e+01,6.6380e+01,6.6234e+01,6.7291e+01,6.8035e+01,6.8398e+01,6.9268e+01,6.8928e+01,6.7888e+01,6.7897e+01,6.7705e+01,6.7755e+01,6.8528e+01,6.9907e+01,7.0523e+01,7.0142e+01,7.0519e+01,6.9078e+01,6.8151e+01,6.7148e+01,6.6201e+01,6.6170e+01,6.6647e+01,6.7633e+01,6.8308e+01,6.8192e+01,6.8087e+01,6.7979e+01,6.8035e+01,6.6736e+01,6.6066e+01,6.5010e+01,6.4597e+01,6.5030e+01,6.6043e+01,6.6498e+01,6.7484e+01,6.8619e+01,6.8875e+01,6.9691e+01,6.9841e+01,7.1231e+01,7.1053e+01,7.1233e+01,6.9675e+01,6.8397e+01,6.7409e+01,6.7510e+01,6.7683e+01,6.8911e+01,7.0230e+01,7.0274e+01,7.1014e+01,7.1806e+01,7.0890e+01,7.1323e+01,7.1383e+01,7.2301e+01,7.3511e+01,7.4038e+01,7.4011e+01,7.4634e+01,7.4061e+01,7.4404e+01,7.5928e+01,7.7339e+01,7.8259e+01,7.7866e+01,7.7122e+01,7.6401e+01,7.5305e+01,7.5672e+01,7.4877e+01,7.4208e+01,7.3120e+01,7.1843e+01,7.1897e+01,7.2961e+01,7.2710e+01,7.3184e+01,7.2343e+01,7.1046e+01,7.0284e+01,6.9931e+01,6.9862e+01,6.9334e+01,6.9550e+01,6.9824e+01,6.9344e+01,6.9160e+01,6.9171e+01,6.9818e+01,7.0062e+01,7.0346e+01,7.1036e+01,7.1841e+01,7.1892e+01,7.2412e+01,7.2227e+01,7.1882e+01,7.2273e+01,7.1945e+01,7.2523e+01,7.4182e+01,7.5035e+01,7.5422e+01,7.5230e+01,7.5190e+01,7.4958e+01,7.4987e+01,7.5100e+01,7.4098e+01,7.4055e+01,7.3067e+01,7.3485e+01,7.2669e+01,7.2329e+01,7.1872e+01,7.2023e+01,7.2690e+01,7.3207e+01,7.3412e+01
7.0356e+01,7.0101e+01,7.0259e+01,7.1219e+01,7.2543e+01,7.3512e+01,7.4718e+01,7.6135e+01,7.7809e+01,7.9101e+01,8.1278e+01,8.1711e+01,8.0006e+01,7.9816e+01,7.8355e+01,7.6382e+01,7.5520e+01,7.3732e+01,7.3459e+01,7.1915e+01,7.1000e+01,6.9645e+01,7.0044e+01,7.1560e+01,7.1065e+01,7.0177e+01,6.9127e+01,6.7977e+01,6.7034e+01,6.5829e+01,6.4651e+01,6.4583e+01,6.4482e+01,6.4948e+01,6.4559e+01,6.5261e+01,6.6263e+01,6.7382e+01,6.7363e+01,6.8806e+01,6.8666e+01,6.8097e+01,6.6724e+01,6.6443e+01,6.6485e+01,6.6048e+01,6.5330e+01,6.5046e+01,6.5759e+01,6.5206e+01,6.6268e+01,6.5793e+01,6.5642e+01,6.6730e+01,6.7509e+01,6.7873e+01,6.8770e+01,6.8415e+01,6.7365e+01,6.7385e+01,6.7204e+01,6.7259e+01,6.8041e+01,6.9449e+01,7.0087e+01,6.9710e+01,7.0108e+01,6.8642e+01,6.7691e+01,6.6657e+01,6.5680e+01,6.5645e+01,6.6125e+01,6.7123e+01,6.7806e+01,6.7681e+01,6.7574e+01,6.7471e+01,6.7534e+01,6.6211e+01,6.5525e+01,6.4441e+01,6.4007e+01,6.4447e+01,6.5483e+01,6.5952e+01,6.6949e+01,6.8108e+01,6.8378e+01,6.9207e+01,6.9356e+01,7.0769e+01,7.0598e+01,7.0786e+01,6.9207e+01,6.7901e+01,6.6899e+01,6.7008e+01,6.7185e+01,6.8436e+01,6.9776e+01,6.9815e+01,7.0560e+01,7.1366e+01,7.0437e+01,7.0861e+01,7.0917e+01,7.1832e+01,7.3043e+01,7.3572e+01,7.3535e+01,7.4154e+01,7.3579e+01,7.3923e+01,7.5446e+01,7.6859e+01,7.7778e+01,7.7382e+01,7.6635e+01,7.5916e+01,7.4819e+01,7.5184e+01,7.4391e+01,7.3718e+01,7.2628e+01,7.1353e+01,7.1407e+01,7.2473e+01,7.2224e+01,7.2700e+01,7.1863e+01,7.0567e+01,6.9808e+01,6.9462e+01,6.9396e+01,6.8869e+01,6.9081e+01,6.9349e+01,6.8868e+01,6.8674e+01,6.8681e+01,6.9322e+01,6.9557e+01,6.9825e+01,7.0517e+01,7.1326e+01,7.1380e+01,7.1917e+01,7.1717e+01,7.1355e+01,7.1755e+01,7.1408e+01,7.1987e+01,7.3661e+01,7.4514e+01,7.4907e+01,7.4712e+01,7.4668e+01,7.4432e+01,7.4460e+01,7.4590e+01,7.3593e+01,7.3551e+01,7.2548e+01,7.2960e+01,7.2136e+01,7.1800e+01,7.1343e+01,7.1496e+01,7.2172e+01,7.2693e+01,7.2890e+01
6.9914e+01,6.9666e+01,6.9830e+01,7.0804e+01,7.2138e+01,7.3119e+01,7.4334e+01,7.5764e+01,7.7450e+01,7.8744e+01,8.0933e+01,8.1362e+01,7.9646e+01,7.9451e+01,7.7978e+01,7.5993e+01,7.5120e+01,7.3318e+01,7.3034e+01,7.1483e+01,7.0570e+01,6.9209e+01,6.9620e+01,7.1151e+01,7.0660e+01,6.9767e+01,6.8701e+01,6.7539e+01,6.6577e+01,6.5359e+01,6.4160e+01,6.4083e+01,6.3967e+01,6.4431e+01,6.4030e+01,6.4731e+01,6.5740e+01,6.6864e+01,6.6833e+01,6.8286e+01,6.8134e+01,6.7556e+01,6.6172e+01,6.5876e+01,6.5917e+01,6.5488e+01,6.4773e+01,6.4494e+01,6.5219e+01,6.4672e+01,6.5750e+01,6.5284e+01,6.5131e+01,6.6236e+01,6.7036e+01,6.7398e+01,6.8310e+01,6.7947e+01,6.6893e+01,6.6921e+01,6.6748e+01,6.6808e+01,6.7595e+01,6.9021e+01,6.9670e+01,6.9297e+01,6.9704e+01,6.8228e+01,6.7261e+01,6.6212e+01,6.5216e+01,6.5176e+01,6.5661e+01,6.6668e+01,6.7360e+01,6.7227e+01,6.7123e+01,6.7026e+01,6.7095e+01,6.5754e+01,6.5051e+01,6.3949e+01,6.3497e+01,6.3946e+01,6.4998e+01,6.5484e+01,6.6492e+01,6.7671e+01,6.7949e+01,6.8792e+01,6.8946e+01,7.0376e+01,7.0205e+01,7.0394e+01,6.8798e+01,6.7477e+01,6.6459e+01,6.6571e+01,6.6746e+01,6.8010e+01,6.9366e+01,6.9406e+01,7.0157e+01,7.0974e+01,7.0039e+01,7.0460e+01,7.0507e+01,7.1426e+01,7.2648e+01,7.3181e+01,7.3136e+01,7.3759e+01,7.3176e+01,7.3524e+01,7.5056e+01,7.6478e+01,7.7404e+01,7.7009e+01,7.6255e+01,7.5534e+01,7.4427e+01,7.4792e+01,7.3995e+01,7.3312e+01,7.2210e+01,7.0924e+01,7.0972e+01,7.2050e+01,7.1804e+01,7.2286e+01,7.1448e+01,7.0139e+01,6.9379e+01,6.9034e+01,6.8975e+01,6.8441e+01,6.8652e+01,6.8924e+01,6.8443e+01,6.8239e+01,6.8241e+01,6.8883e+01,6.9116e+01,6.9377e+01,7.0075e+01,7.0892e+01,7.0948e+01,7.1496e+01,7.1287e+01,7.0916e+01,7.1324e+01,7.0967e+01,7.1553e+01,7.3243e+01,7.4100e+01,7.4494e+01,7.4293e+01,7.4243e+01,7.3999e+01,7.4023e+01,7.4165e+01,7.3167e+01,7.3125e+01,7.2111e+01,7.2521e+01,7.1694e+01,7.1359e+01,7.0902e+01,7.1063e+01,7.1744e+01,7.2271e+01,7.2465e+01
6.9522e+01,6.9285e+01,6.9450e+01,7.0442e+01,7.1791e+01,7.2787e+01,7.4016e+01,7.5462e+01,7.7154e+01,7.8455e+01,8.0652e+01,8.1081e+01,7.9349e+01,7.9145e+01,7.7658e+01,7.5661e+01,7.4776e+01,7.2959e+01,7.2666e+01,7.1111e+01,7.0204e+01,6.8843e+01,6.9270e+01,7.0821e+01,7.0338e+01,6.9444e+01,6.8355e+01,6.7181e+01,6.6194e+01,6.4955e+01,6.3733e+01,6.3642e+01,6.3509e+01,6.3970e+01,6.3555e+01,6.4257e+01,6.5276e+01,6.6408e+01,6.6370e+01,6.7837e+01,6.7678e+01,6.7091e+01,6.5693e+01,6.5388e+01,6.5431e+01,6.5003e+01,6.4284e+01,6.4009e+01,6.4747e+01,6.4203e+01,6.5300e+01,6.4840e+01,6.4687e+01,6.5812e+01,6.6634e+01,6.6993e+01,6.7921e+01,6.7545e+01,6.6485e+01,6.6520e+01,6.6359e+01,6.6419e+01,6.7207e+01,6.8651e+01,6.9319e+01,6.8953e+01,6.9379e+01,6.7890e+01,6.6905e+01,6.5830e+01,6.4810e+01,6.4765e+01,6.5248e+01,6.6262e+01,6.6958e+01,6.6819e+01,6.6714e+01,6.6620e+01,6.6694e+01,6.5337e+01,6.4625e+01,6.3506e+01,6.3043e+01,6.3496e+01,6.4562e+01,6.5056e+01,6.6073e+01,6.7266e+01,6.7551e+01,6.8401e+01,6.8555e+01,6.9997e+01,6.9829e+01,7.0023e+01,6.8415e+01,6.7078e+01,6.6052e+01,6.6171e+01,6.6348e+01,6.7626e+01,6.8994e+01,6.9029e+01,6.9782e+01,7.0608e+01,6.9668e+01,7.0082e+01,7.0123e+01,7.1042e+01,7.2265e+01,7.2803e+01,7.2752e+01,7.3370e+01,7.2782e+01,7.3125e+01,7.4658e+01,7.6079e+01,7.7010e+01,7.6616e+01,7.5866e+01,7.5148e+01,7.4043e+01,7.4414e+01,7.3622e+01,7.2937e+01,7.1836e+01,7.0547e+01,7.0593e+01,7.1669e+01,7.1423e+01,7.1900e+01,7.1062e+01,6.9753e+01,6.9000e+01,6.8655e+01,6.8602e+01,6.8075e+01,6.8288e+01,6.8561e+01,6.8083e+01,6.7878e+01,6.7878e+01,6.8516e+01,6.8743e+01,6.9001e+01,6.9705e+01,7.0519e+01,7.0572e+01,7.1134e+01,7.0921e+01,7.0535e+01,7.0942e+01,7.0573e+01,7.1162e+01,7.2867e+01,7.3725e+01,7.4126e+01,7.3922e+01,7.3869e+01,7.3619e+01,7.3638e+01,7.3790e+01,7.2791e+01,7.2745e+01,7.1718e+01,7.2124e+01,7.1299e+01,7.0965e+01,7.0511e+01,7.0676e+01,7.1356e+01,7.1883e+01,7.2067e+01
6.9033e+01,6.8817e+01,6.8995e+01,7.0012e+01,7.1375e+01,7.2389e+01,7.3631e+01,7.5097e+01,7.6807e+01,7.8108e+01,8.0320e+01,8.0740e+01,7.8990e+01,7.8782e+01,7.7275e+01,7.5262e+01,7.4356e+01,7.2518e+01,7.2203e+01,7.0637e+01,6.9738e+01,6.8370e+01,6.8821e+01,7.0400e+01,6.9925e+01,6.9019e+01,6.7898e+01,6.6699e+01,6.5676e+01,6.4418e+01,6.3159e+01,6.3055e+01,6.2893e+01,6.3351e+01,6.2920e+01,6.3615e+01,6.4642e+01,6.5778e+01,6.5723e+01,6.7205e+01,6.7032e+01,6.6438e+01,6.5023e+01,6.4698e+01,6.4732e+01,6.4312e+01,6.3600e+01,6.3331e+01,6.4084e+01,6.3548e+01,6.4671e+01,6.4226e+01,6.4068e+01,6.5222e+01,6.6081e+01,6.6437e+01,6.7393e+01,6.7002e+01,6.5942e+01,6.5996e+01,6.5852e+01,6.5924e+01,6.6722e+01,6.8195e+01,6.8882e+01,6.8526e+01,6.8969e+01,6.7464e+01,6.6452e+01,6.5350e+01,6.4298e+01,6.4243e+01,6.4731e+01,6.5755e+01,6.6465e+01,6.6319e+01,6.6221e+01,6.6135e+01,6.6214e+01,6.4829e+01,6.4095e+01,6.2948e+01,6.2460e+01,6.2930e+01,6.4023e+01,6.4539e+01,6.5575e+01,6.6794e+01,6.7088e+01,6.7957e+01,6.8116e+01,6.9583e+01,6.9416e+01,6.9611e+01,6.7979e+01,6.6617e+01,6.5569e+01,6.5693e+01,6.5865e+01,6.7164e+01,6.8557e+01,6.8595e+01,6.9358e+01,7.0207e+01,6.9261e+01,6.9672e+01,6.9706e+01,7.0628e+01,7.1855e+01,7.2399e+01,7.2343e+01,7.2959e+01,7.2366e+01,7.2707e+01,7.4245e+01,7.5668e+01,7.6602e+01,7.6210e+01,7.5458e+01,7.4742e+01,7.3635e+01,7.4008e+01,7.3217e+01,7.2527e+01,7.1420e+01,7.0124e+01,7.0166e+01,7.1247e+01,7.1003e+01,7.1482e+01,7.0643e+01,6.9327e+01,6.8575e+01,6.8228e+01,6.8181e+01,6.7653e+01,6.7869e+01,6.8138e+01,6.7654e+01,6.7442e+01,6.7440e+01,6.8070e+01,6.8294e+01,6.8540e+01,6.9252e+01,7.0067e+01,7.0121e+01,7.0703e+01,7.0484e+01,7.0083e+01,7.0493e+01,7.0107e+01,7.0692e+01,7.2409e+01,7.3263e+01,7.3665e+01,7.3459e+01,7.3404e+01,7.3150e+01,7.3166e+01,7.3337e+01,7.2346e+01,7.2304e+01,7.1264e+01,7.1666e+01,7.0841e+01,7.0510e+01,7.0060e+01,7.0231e+01,7.0919e+01,7.1450e+01,7.1627e+01
6.8702e+01,6.8508e+01,6.8706e+01,6.9743e+01,7.1107e+01,7.2137e+01,7.3382e+01,7.4862e+01,7.6586e+01,7.7878e+01,8.0099e+01,8.0504e+01,7.8744e+01,7.8533e+01,7.7009e+01,7.4990e+01,7.4064e+01,7.2216e+01,7.1877e+01,7.0303e+01,6.9413e+01,6.8039e+01,6.8516e+01,7.0116e+01,6.9651e+01,6.8731e+01,6.7582e+01,6.6359e+01,6.5301e+01,6.4042e+01,6.2753e+01,6.2643e+01,6.2453e+01,6.2905e+01,6.2468e+01,6.3148e+01,6.4167e+01,6.5297e+01,6.5226e+01,6.6713e+01,6.6528e+01,6.5938e+01,6.4519e+01,6.4178e+01,6.4198e+01,6.3785e+01,6.3088e+01,6.2822e+01,6.3575e+01,6.3050e+01,6.4182e+01,6.3759e+01,6.3590e+01,6.4754e+01,6.5645e+01,6.6002e+01,6.6986e+01,6.6591e+01,6.5545e+01,6.5626e+01,6.5503e+01,6.5597e+01,6.6407e+01,6.7906e+01,6.8605e+01,6.8264e+01,6.8718e+01,6.7210e+01,6.6169e+01,6.5051e+01,6.3970e+01,6.3903e+01,6.4403e+01,6.5438e+01,6.6165e+01,6.6016e+01,6.5932e+01,6.5855e+01,6.5935e+01,6.4526e+01,6.3771e+01,6.2600e+01,6.2090e+01,6.2581e+01,6.3700e+01,6.4240e+01,6.5295e+01,6.6539e+01,6.6834e+01,6.7722e+01,6.7892e+01,6.9376e+01,6.9206e+01,6.9395e+01,6.7742e+01,6.6365e+01,6.5294e+01,6.5413e+01,6.5574e+01,6.6891e+01,6.8306e+01,6.8354e+01,6.9129e+01,7.0000e+01,6.9059e+01,6.9464e+01,6.9491e+01,7.0415e+01,7.1644e+01,7.2195e+01,7.2136e+01,7.2747e+01,7.2147e+01,7.2483e+01,7.4023e+01,7.5448e+01,7.6389e+01,7.6000e+01,7.5250e+01,7.4538e+01,7.3432e+01,7.3811e+01,7.3025e+01,7.2329e+01,7.1219e+01,6.9918e+01,6.9951e+01,7.1035e+01,7.0795e+01,7.1273e+01,7.0434e+01,6.9116e+01,6.8370e+01,6.8020e+01,6.7982e+01,6.7456e+01,6.7679e+01,6.7947e+01,6.7453e+01,6.7239e+01,6.7238e+01,6.7855e+01,6.8079e+01,6.8319e+01,6.9043e+01,6.9856e+01,6.9914e+01,7.0513e+01,7.0294e+01,6.9881e+01,7.0293e+01,6.9895e+01,7.0471e+01,7.2195e+01,7.3043e+01,7.3447e+01,7.3233e+01,7.3175e+01,7.2909e+01,7.2910e+01,7.3088e+01,7.2102e+01,7.2055e+01,7.1002e+01,7.1391e+01,7.0567e+01,7.0241e+01,6.9794e+01,6.9964e+01,7.0647e+01,7.1172e+01,7.1338e+01
6.8050e+01,6.7883e+01,6.8100e+01,6.9170e+01,7.0553e+01,7.1612e+01,7.2877e+01,7.4391e+01,7.6141e+01,7.7433e+01,7.9675e+01,8.0065e+01,7.8276e+01,7.8054e+01,7.6498e+01,7.4457e+01,7.3500e+01,7.1622e+01,7.1251e+01,6.9666e+01,6.8791e+01,6.7411e+01,6.7923e+01,6.9561e+01,6.9110e+01,6.8174e+01,6.6981e+01,6.5726e+01,6.4623e+01,6.3338e+01,6.2008e+01,6.1877e+01,6.1648e+01,6.2091e+01,6.1631e+01,6.2298e+01,6.3325e+01,6.4457e+01,6.4361e+01,6.5862e+01,6.5654e+01,6.5051e+01,6.3617e+01,6.3253e+01,6.3272e+01,6.2872e+01,6.2184e+01,6.1933e+01,6.2708e+01,6.2199e+01,6.3363e+01,6.2961e+01,6.2794e+01,6.3995e+01,6.4931e+01,6.5278e+01,6.6295e+01,6.5878e+01,6.4829e+01,6.4933e+01,6.4834e+01,6.4943e+01,6.5767e+01,6.7304e+01,6.8029e+01,6.7706e+01,6.8186e+01,6.6662e+01,6.5581e+01,6.4426e+01,6.3301e+01,6.3216e+01,6.3723e+01,6.4769e+01,6.5512e+01,6.5353e+01,6.5281e+01,6.5215e+01,6.5302e+01,6.3860e+01,6.3076e+01,6.1874e+01,6.1332e+01,6.1846e+01,6.2996e+01,6.3565e+01,6.4643e+01,6.5919e+01,6.6225e+01,6.7139e+01,6.7320e+01,6.8836e+01,6.8669e+01,6.8856e+01,6.7171e+01,6.5766e+01,6.4665e+01,6.4788e+01,6.4938e+01,6.6282e+01,6.7729e+01,6.7780e+01,6.8568e+01,6.9470e+01,6.8528e+01,6.8923e+01,6.8944e+01,6.9865e+01,7.1094e+01,7.1649e+01,7.1585e+01,7.2192e+01,7.1591e+01,7.1926e+01,7.3470e+01,7.4900e+01,7.5842e+01,7.5450e+01,7.4697e+01,7.3986e+01,7.2881e+01,7.3262e+01,7.2480e+01,7.1779e+01,7.0668e+01,6.9364e+01,6.9393e+01,7.0479e+01,7.0242e+01,7.0720e+01,6.9882e+01,6.8564e+01,6.7825e+01,6.7474e+01,6.7442e+01,6.6919e+01,6.7146e+01,6.7402e+01,6.6894e+01,6.6672e+01,6.6668e+01,6.7262e+01,6.7478e+01,6.7694e+01,6.8429e+01,6.9240e+01,6.9303e+01,6.9934e+01,6.9705e+01,6.9265e+01,6.9683e+01,6.9254e+01,6.9819e+01,7.1555e+01,7.2396e+01,7.2805e+01,7.2585e+01,7.2529e+01,7.2250e+01,7.2238e+01,7.2436e+01,7.1463e+01,7.1419e+01,7.0345e+01,7.0721e+01,6.9889e+01,6.9574e+01,6.9129e+01,6.9299e+01,6.9993e+01,7.0520e+01,7.0673e+01
6.7537e+01,6.7382e+01,6.7615e+01,6.8702e+01,7.0089e+01,7.1158e+01,7.2428e+01,7.3955e+01,7.5719e+01,7.7009e+01,7.9265e+01,7.9648e+01,7.7848e+01,7.7628e+01,7.6057e+01,7.4003e+01,7.3031e+01,7.1138e+01,7.0747e+01,6.9149e+01,6.8279e+01,6.6892e+01,6.7422e+01,6.9079e+01,6.8633e+01,6.7686e+01,6.6471e+01,6.5198e+01,6.4067e+01,6.2779e+01,6.1426e+01,6.1285e+01,6.1029e+01,6.1465e+01,6.0999e+01,6.1650e+01,6.2669e+01,6.3794e+01,6.3684e+01,6.5190e+01,6.4973e+01,6.4375e+01,6.2936e+01,6.2553e+01,6.2555e+01,6.2163e+01,6.1491e+01,6.1245e+01,6.2020e+01,6.1527e+01,6.2703e+01,6.2322e+01,6.2154e+01,6.3370e+01,6.4335e+01,6.4676e+01,6.5715e+01,6.5288e+01,6.4250e+01,6.4377e+01,6.4294e+01,6.4420e+01,6.5256e+01,6.6814e+01,6.7547e+01,6.7233e+01,6.7719e+01,6.6189e+01,6.5087e+01,6.3918e+01,6.2772e+01,6.2681e+01,6.3199e+01,6.4258e+01,6.5017e+01,6.4858e+01,6.4798e+01,6.4736e+01,6.4819e+01,6.3358e+01,6.2561e+01,6.1342e+01,6.0787e+01,6.1321e+01,6.2492e+01,6.3077e+01,6.4174e+01,6.5465e+01,6.5767e+01,6.6694e+01,6.6885e+01,6.8413e+01,6.8240e+01,6.8419e+01,6.6716e+01,6.5302e+01,6.4182e+01,6.4298e+01,6.4440e+01,6.5797e+01,6.7261e+01,6.7321e+01,6.8119e+01,6.9038e+01,6.8100e+01,6.8492e+01,6.8499e+01,6.9430e+01,7.0667e+01,7.1235e+01,7.1173e+01,7.1779e+01,7.1169e+01,7.1498e+01,7.3049e+01,7.4478e+01,7.5431e+01,7.5044e+01,7.4295e+01,7.3586e+01,7.2479e+01,7.2870e+01,7.2094e+01,7.1385e+01,7.0270e+01,6.8954e+01,6.8973e+01,7.0060e+01,6.9825e+01,7.0297e+01,6.9457e+01,6.8131e+01,6.7396e+01,6.7035e+01,6.7013e+01,6.6499e+01,6.6736e+01,6.6996e+01,6.6482e+01,6.6259e+01,6.6245e+01,6.6826e+01,6.7035e+01,6.7242e+01,6.7980e+01,6.8792e+01,6.8852e+01,6.9499e+01,6.9270e+01,6.8814e+01,6.9230e+01,6.8786e+01,6.9347e+01,7.1095e+01,7.1934e+01,7.2352e+01,7.2131e+01,7.2079e+01,7.1788e+01,7.1768e+01,7.1975e+01,7.1010e+01,7.0963e+01,6.9878e+01,7.0251e+01,6.9421e+01,6.9113e+01,6.8673e+01,6.8849e+01,6.9551e+01,7.0081e+01,7.0233e+01
6.7294e+01,6.7162e+01,6.7421e+01,6.8524e+01,6.9905e+01,7.0985e+01,7.2251e+01,7.3788e+01,7.5567e+01,7.6845e+01,7.9110e+01,7.9476e+01,7.7670e+01,7.7457e+01,7.5872e+01,7.3813e+01,7.2822e+01,7.0922e+01,7.0505e+01,6.8894e+01,6.8025e+01,6.6627e+01,6.7182e+01,6.8858e+01,6.8418e+01,6.7453e+01,6.6211e+01,6.4913e+01,6.3748e+01,6.2466e+01,6.1086e+01,6.0940e+01,6.0652e+01,6.1079e+01,6.0609e+01,6.1236e+01,6.2239e+01,6.3351e+01,6.3220e+01,6.4726e+01,6.4496e+01,6.3906e+01,6.2471e+01,6.2074e+01,6.2059e+01,6.1675e+01,6.1025e+01,6.0783e+01,6.1554e+01,6.1078e+01,6.2259e+01,6.1906e+01,6.1728e+01,6.2951e+01,6.3948e+01,6.4289e+01,6.5356e+01,6.4928e+01,6.3910e+01,6.4073e+01,6.4011e+01,6.4169e+01,6.5024e+01,6.6609e+01,6.7347e+01,6.7050e+01,6.7540e+01,6.6011e+01,6.4879e+01,6.3700e+01,6.2526e+01,6.2419e+01,6.2956e+01,6.4027e+01,6.4808e+01,6.4648e+01,6.4608e+01,6.4556e+01,6.4637e+01,6.3148e+01,6.2327e+01,6.1085e+01,6.0506e+01,6.1068e+01,6.2268e+01,6.2880e+01,6.4003e+01,6.5319e+01,6.5621e+01,6.6570e+01,6.6778e+01,6.8326e+01,6.8148e+01,6.8315e+01,6.6588e+01,6.5159e+01,6.4010e+01,6.4115e+01,6.4240e+01,6.5614e+01,6.7105e+01,6.7182e+01,6.7995e+01,6.8939e+01,6.8009e+01,6.8396e+01,6.8395e+01,6.9330e+01,7.0573e+01,7.1148e+01,7.1084e+01,7.1686e+01,7.1070e+01,7.1395e+01,7.2951e+01,7.4382e+01,7.5341e+01,7.4957e+01,7.4210e+01,7.3505e+01,7.2398e+01,7.2795e+01,7.2024e+01,7.1309e+01,7.0190e+01,6.8867e+01,6.8878e+01,6.9970e+01,6.9736e+01,7.0207e+01,6.9365e+01,6.8035e+01,6.7304e+01,6.6939e+01,6.6927e+01,6.6413e+01,6.6660e+01,6.6921e+01,6.6392e+01,6.6170e+01,6.6160e+01,6.6723e+01,6.6934e+01,6.7131e+01,6.7885e+01,6.8699e+01,6.8768e+01,6.9441e+01,6.9210e+01,6.8736e+01,6.9155e+01,6.8690e+01,6.9238e+01,7.0998e+01,7.1828e+01,7.2254e+01,7.2018e+01,7.1967e+01,7.1651e+01,7.1608e+01,7.1823e+01,7.0864e+01,7.0814e+01,6.9708e+01,7.0063e+01,6.9233e+01,6.8939e+01,6.8505e+01,6.8684e+01,6.9395e+01,6.9928e+01,7.0070e+01
6.6873e+01,6.6765e+01,6.7045e+01,6.8177e+01,6.9574e+01,7.0677e+01,7.1958e+01,7.3523e+01,7.5330e+01,7.6609e+01,7.8898e+01,7.9253e+01,7.7424e+01,7.7206e+01,7.5594e+01,7.3512e+01,7.2495e+01,7.0565e+01,7.0118e+01,6.8490e+01,6.7630e+01,6.6220e+01,6.6804e+01,6.8513e+01,6.8079e+01,6.7091e+01,6.5811e+01,6.4477e+01,6.3269e+01,6.1967e+01,6.0542e+01,6.0382e+01,6.0055e+01,6.0478e+01,5.9989e+01,6.0601e+01,6.1605e+01,6.2711e+01,6.2546e+01,6.4058e+01,6.3800e+01,6.3207e+01,6.1761e+01,6.1329e+01,6.1301e+01,6.0939e+01,6.0310e+01,6.0083e+01,6.0873e+01,6.0416e+01,6.1630e+01,6.1303e+01,6.1120e+01,6.2382e+01,6.3427e+01,6.3763e+01,6.4870e+01,6.4424e+01,6.3408e+01,6.3598e+01,6.3555e+01,6.3732e+01,6.4606e+01,6.6228e+01,6.6985e+01,6.6699e+01,6.7207e+01,6.5660e+01,6.4493e+01,6.3282e+01,6.2068e+01,6.1949e+01,6.2495e+01,6.3583e+01,6.4381e+01,6.4212e+01,6.4179e+01,6.4135e+01,6.4223e+01,6.2699e+01,6.1852e+01,6.0570e+01,5.9960e+01,6.0542e+01,6.1778e+01,6.2416e+01,6.3560e+01,6.4908e+01,6.5225e+01,6.6196e+01,6.6409e+01,6.7988e+01,6.7815e+01,6.7984e+01,6.6227e+01,6.4768e+01,6.3592e+01,6.3701e+01,6.3819e+01,6.5223e+01,6.6745e+01,6.6824e+01,6.7650e+01,6.8624e+01,6.7691e+01,6.8069e+01,6.8065e+01,6.8997e+01,7.0241e+01,7.0818e+01,7.0748e+01,7.1352e+01,7.0737e+01,7.1064e+01,7.2624e+01,7.4060e+01,7.5019e+01,7.4630e+01,7.3880e+01,7.3172e+01,7.2064e+01,7.2460e+01,7.1688e+01,7.0968e+01,6.9844e+01,6.8517e+01,6.8526e+01,6.9623e+01,6.9392e+01,6.9867e+01,6.9024e+01,6.7694e+01,6.6963e+01,6.6599e+01,6.6589e+01,6.6075e+01,6.6317e+01,6.6565e+01,6.6024e+01,6.5792e+01,6.5777e+01,6.6323e+01,6.6525e+01,6.6702e+01,6.7457e+01,6.8265e+01,6.8335e+01,6.9028e+01,6.8790e+01,6.8296e+01,6.8718e+01,6.8230e+01,6.8768e+01,7.0530e+01,7.1353e+01,7.1784e+01,7.1546e+01,7.1498e+01,7.1175e+01,7.1124e+01,7.1359e+01,7.0412e+01,7.0369e+01,6.9248e+01,6.9591e+01,6.8758e+01,6.8478e+01,6.8056e+01,6.8239e+01,6.8967e+01,6.9507e+01,6.9635e+01
6.6639e+01,6.6552e+01,6.6852e+01,6.8004e+01,6.9404e+01,7.0521e+01,7.1807e+01,7.3387e+01,7.5212e+01,7.6484e+01,7.8785e+01,7.9129e+01,7.7289e+01,7.7072e+01,7.5445e+01,7.3351e+01,7.2313e+01,7.0365e+01,6.9892e+01,6.8254e+01,6.7403e+01,6.5987e+01,6.6595e+01,6.8325e+01,6.7899e+01,6.6897e+01,6.5590e+01,6.4233e+01,6.2993e+01,6.1686e+01,6.0234e+01,6.0064e+01,5.9702e+01,6.0118e+01,5.9623e+01,6.0216e+01,6.1206e+01,6.2298e+01,6.2110e+01,6.3621e+01,6.3351e+01,6.2773e+01,6.1325e+01,6.0868e+01,6.0818e+01,6.0468e+01,5.9862e+01,5.9643e+01,6.0432e+01,5.9997e+01,6.1224e+01,6.0926e+01,6.0740e+01,6.2021e+01,6.3100e+01,6.3429e+01,6.4564e+01,6.4107e+01,6.3105e+01,6.3324e+01,6.3300e+01,6.3498e+01,6.4385e+01,6.6032e+01,6.6799e+01,6.6526e+01,6.7044e+01,6.5493e+01,6.4299e+01,6.3073e+01,6.1831e+01,6.1704e+01,6.2264e+01,6.3369e+01,6.4184e+01,6.4015e+01,6.3990e+01,6.3946e+01,6.4034e+01,6.2485e+01,6.1621e+01,6.0313e+01,5.9682e+01,6.0286e+01,6.1548e+01,6.2205e+01,6.3368e+01,6.4736e+01,6.5056e+01,6.6038e+01,6.6252e+01,6.7847e+01,6.7672e+01,6.7841e+01,6.6066e+01,6.4591e+01,6.3395e+01,6.3503e+01,6.3617e+01,6.5043e+01,6.6588e+01,6.6671e+01,6.7512e+01,6.8512e+01,6.7584e+01,6.7956e+01,6.7946e+01,6.8882e+01,7.0126e+01,7.0708e+01,7.0640e+01,7.1243e+01,7.0624e+01,7.0943e+01,7.2506e+01,7.3942e+01,7.4908e+01,7.4523e+01,7.3776e+01,7.3073e+01,7.1969e+01,7.2374e+01,7.1611e+01,7.0887e+01,6.9764e+01,6.8431e+01,6.8433e+01,6.9529e+01,6.9299e+01,6.9766e+01,6.8921e+01,6.7593e+01,6.6870e+01,6.6496e+01,6.6494e+01,6.5991e+01,6.6238e+01,6.6471e+01,6.5914e+01,6.5679e+01,6.5661e+01,6.6178e+01,6.6375e+01,6.6541e+01,6.7310e+01,6.8108e+01,6.8185e+01,6.8903e+01,6.8669e+01,6.8153e+01,6.8575e+01,6.8062e+01,6.8579e+01,7.0350e+01,7.1150e+01,7.1586e+01,7.1341e+01,7.1296e+01,7.0959e+01,7.0887e+01,7.1131e+01,7.0198e+01,7.0147e+01,6.9010e+01,6.9331e+01,6.8498e+01,6.8226e+01,6.7816e+01,6.7990e+01,6.8718e+01,6.9256e+01,6.9374e+01
6.6585e+01,6.6518e+01,6.6833e+01,6.7997e+01,6.9391e+01,7.0518e+01,7.1803e+01,7.3394e+01,7.5224e+01,7.6482e+01,7.8783e+01,7.9112e+01,7.7265e+01,7.7046e+01,7.5408e+01,7.3316e+01,7.2262e+01,7.0312e+01,6.9821e+01,6.8186e+01,6.7352e+01,6.5944e+01,6.6570e+01,6.8307e+01,6.7896e+01,6.6892e+01,6.5569e+01,6.4208e+01,6.2953e+01,6.1657e+01,6.0204e+01,6.0023e+01,5.9642e+01,6.0046e+01,5.9554e+01,6.0131e+01,6.1104e+01,6.2181e+01,6.1983e+01,6.3478e+01,6.3203e+01,6.2641e+01,6.1205e+01,6.0738e+01,6.0676e+01,6.0333e+01,5.9747e+01,5.9532e+01,6.0312e+01,5.9894e+01,6.1114e+01,6.0839e+01,6.0662e+01,6.1942e+01,6.3030e+01,6.3343e+01,6.4482e+01,6.4019e+01,6.3038e+01,6.3274e+01,6.3268e+01,6.3480e+01,6.4367e+01,6.6020e+01,6.6794e+01,6.6538e+01,6.7066e+01,6.5526e+01,6.4316e+01,6.3083e+01,6.1830e+01,6.1693e+01,6.2255e+01,6.3358e+01,6.4178e+01,6.4008e+01,6.3992e+01,6.3954e+01,6.4041e+01,6.2488e+01,6.1619e+01,6.0308e+01,5.9668e+01,6.0280e+01,6.1548e+01,6.2214e+01,6.3383e+01,6.4756e+01,6.5074e+01,6.6064e+01,6.6288e+01,6.7887e+01,6.7712e+01,6.7870e+01,6.6091e+01,6.4617e+01,6.3414e+01,6.3519e+01,6.3620e+01,6.5046e+01,6.6596e+01,6.6684e+01,6.7529e+01,6.8544e+01,6.7629e+01,6.7995e+01,6.7976e+01,6.8911e+01,7.0155e+01,7.0741e+01,7.0680e+01,7.1281e+01,7.0660e+01,7.0971e+01,7.2532e+01,7.3966e+01,7.4937e+01,7.4560e+01,7.3815e+01,7.3117e+01,7.2016e+01,7.2426e+01,7.1672e+01,7.0946e+01,6.9828e+01,6.8494e+01,6.8492e+01,6.9579e+01,6.9349e+01,6.9807e+01,6.8963e+01,6.7640e+01,6.6927e+01,6.6547e+01,6.6551e+01,6.6063e+01,6.6313e+01,6.6533e+01,6.5969e+01,6.5733e+01,6.5706e+01,6.6200e+01,6.6388e+01,6.6543e+01,6.7316e+01,6.8104e+01,6.8182e+01,6.8919e+01,6.8689e+01,6.8158e+01,6.8573e+01,6.8044e+01,6.8543e+01,7.0308e+01,7.1094e+01,7.1534e+01,7.1288e+01,7.1249e+01,7.0901e+01,7.0818e+01,7.1067e+01,7.0150e+01,7.0097e+01,6.8958e+01,6.9269e+01,6.8441e+01,6.8179e+01,6.7781e+01,6.7953e+01,6.8676e+01,6.9211e+01,6.9320e+01
6.6022e+01,6.5973e+01,6.6292e+01,6.7489e+01,6.8907e+01,7.0058e+01,7.1367e+01,7.2987e+01,7.4836e+01,7.6105e+01,7.8426e+01,7.8753e+01,7.6879e+01,7.6646e+01,7.4982e+01,7.2865e+01,7.1790e+01,6.9808e+01,6.9299e+01,6.7654e+01,6.6829e+01,6.5415e+01,6.6063e+01,6.7833e+01,6.7430e+01,6.6417e+01,6.5060e+01,6.3674e+01,6.2384e+01,6.1059e+01,5.9570e+01,5.9367e+01,5.8953e+01,5.9348e+01,5.8830e+01,5.9401e+01,6.0388e+01,6.1470e+01,6.1245e+01,6.2758e+01,6.2458e+01,6.1884e+01,6.0427e+01,5.9929e+01,5.9864e+01,5.9537e+01,5.8961e+01,5.8762e+01,5.9568e+01,5.9168e+01,6.0424e+01,6.0170e+01,6.0002e+01,6.1326e+01,6.2451e+01,6.2750e+01,6.3916e+01,6.3428e+01,6.2436e+01,6.2686e+01,6.2696e+01,6.2912e+01,6.3806e+01,6.5489e+01,6.6290e+01,6.6044e+01,6.6597e+01,6.5037e+01,6.3796e+01,6.2529e+01,6.1242e+01,6.1092e+01,6.1654e+01,6.2766e+01,6.3592e+01,6.3408e+01,6.3390e+01,6.3359e+01,6.3459e+01,6.1884e+01,6.0994e+01,5.9659e+01,5.8995e+01,5.9614e+01,6.0901e+01,6.1586e+01,6.2764e+01,6.4160e+01,6.4493e+01,6.5498e+01,6.5723e+01,6.7347e+01,6.7184e+01,6.7350e+01,6.5552e+01,6.4050e+01,6.2833e+01,6.2952e+01,6.3050e+01,6.4494e+01,6.6064e+01,6.6146e+01,6.6990e+01,6.8020e+01,6.7094e+01,6.7448e+01,6.7420e+01,6.8351e+01,6.9597e+01,7.0185e+01,7.0114e+01,7.0714e+01,7.0089e+01,7.0404e+01,7.1968e+01,7.3409e+01,7.4379e+01,7.4001e+01,7.3249e+01,7.2552e+01,7.1446e+01,7.1855e+01,7.1103e+01,7.0367e+01,6.9242e+01,6.7907e+01,6.7896e+01,6.8987e+01,6.8765e+01,6.9227e+01,6.8387e+01,6.7061e+01,6.6356e+01,6.5978e+01,6.5992e+01,6.5507e+01,6.5756e+01,6.5973e+01,6.5408e+01,6.5164e+01,6.5138e+01,6.5617e+01,6.5803e+01,6.5948e+01,6.6729e+01,6.7519e+01,6.7607e+01,6.8358e+01,6.8119e+01,6.7576e+01,6.8002e+01,6.7454e+01,6.7949e+01,6.9729e+01,7.0507e+01,7.0950e+01,7.0696e+01,7.0653e+01,7.0298e+01,7.0209e+01,7.0469e+01,6.9553e+01,6.9499e+01,6.8345e+01,6.8650e+01,6.7813e+01,6.7553e+01,6.7157e+01,6.7332e+01,6.8068e+01,6.8608e+01,6.8712e+01
6.5828e+01,6.5799e+01,6.6118e+01,6.7340e+01,6.8772e+01,6.9944e+01,7.1270e+01,7.2914e+01,7.4773e+01,7.6043e+01,7.8375e+01,7.8696e+01,7.6801e+01,7.6554e+01,7.4871e+01,7.2740e+01,7.1648e+01,6.9646e+01,6.9123e+01,6.7481e+01,6.6675e+01,6.5267e+01,6.5935e+01,6.7725e+01,6.7339e+01,6.6327e+01,6.4947e+01,6.3552e+01,6.2241e+01,6.0901e+01,5.9399e+01,5.9172e+01,5.8735e+01,5.9116e+01,5.8582e+01,5.9145e+01,6.0138e+01,6.1220e+01,6.0978e+01,6.2494e+01,6.2176e+01,6.1598e+01,6.0135e+01,5.9621e+01,5.9555e+01,5.9240e+01,5.8673e+01,5.8488e+01,5.9308e+01,5.8926e+01,6.0200e+01,5.9964e+01,5.9813e+01,6.1164e+01,6.2306e+01,6.2586e+01,6.3760e+01,6.3251e+01,6.2256e+01,6.2511e+01,6.2540e+01,6.2754e+01,6.3640e+01,6.5338e+01,6.6162e+01,6.5931e+01,6.6507e+01,6.4941e+01,6.3680e+01,6.2388e+01,6.1079e+01,6.0913e+01,6.1465e+01,6.2568e+01,6.3387e+01,6.3190e+01,6.3170e+01,6.3151e+01,6.3263e+01,6.1689e+01,6.0789e+01,5.9452e+01,5.8776e+01,5.9392e+01,6.0677e+01,6.1372e+01,6.2544e+01,6.3946e+01,6.4289e+01,6.5304e+01,6.5535e+01,6.7171e+01,6.7021e+01,6.7187e+01,6.5386e+01,6.3874e+01,6.2655e+01,6.2788e+01,6.2876e+01,6.4315e+01,6.5888e+01,6.5964e+01,6.6797e+01,6.7831e+01,6.6906e+01,6.7246e+01,6.7212e+01,6.8133e+01,6.9374e+01,6.9959e+01,6.9885e+01,7.0485e+01,6.9863e+01,7.0180e+01,7.1741e+01,7.3187e+01,7.4151e+01,7.3774e+01,7.3015e+01,7.2319e+01,7.1212e+01,7.1618e+01,7.0871e+01,7.0131e+01,6.9010e+01,6.7680e+01,6.7666e+01,6.8750e+01,6.8532e+01,6.8992e+01,6.8159e+01,6.6841e+01,6.6146e+01,6.5771e+01,6.5790e+01,6.5316e+01,6.5559e+01,6.5766e+01,6.5205e+01,6.4956e+01,6.4929e+01,6.5392e+01,6.5574e+01,6.5712e+01,6.6494e+01,6.7275e+01,6.7371e+01,6.8132e+01,6.7891e+01,6.7341e+01,6.7770e+01,6.7211e+01,6.7693e+01,6.9470e+01,7.0234e+01,7.0675e+01,7.0418e+01,7.0376e+01,7.0016e+01,6.9921e+01,7.0181e+01,6.9272e+01,6.9216e+01,6.8065e+01,6.8363e+01,6.7528e+01,6.7274e+01,6.6885e+01,6.7063e+01,6.7804e+01,6.8344e+01,6.8438e+01
6.5260e+01,6.5238e+01,6.5556e+01,6.6804e+01,6.8260e+01,6.9451e+01,7.0796e+01,7.2463e+01,7.4335e+01,7.5618e+01,7.7966e+01,7.8290e+01,7.6373e+01,7.6113e+01,7.4412e+01,7.2260e+01,7.1155e+01,6.9126e+01,6.8599e+01,6.6944e+01,6.6139e+01,6.4719e+01,6.5403e+01,6.7224e+01,6.6839e+01,6.5819e+01,6.4412e+01,6.2996e+01,6.1658e+01,6.0283e+01,5.8745e+01,5.8500e+01,5.8038e+01,5.8416e+01,5.7855e+01,5.8421e+01,5.9437e+01,6.0533e+01,6.0268e+01,6.1809e+01,6.1467e+01,6.0868e+01,5.9381e+01,5.8845e+01,5.8785e+01,5.8482e+01,5.7913e+01,5.7741e+01,5.8589e+01,5.8216e+01,5.9529e+01,5.9300e+01,5.9153e+01,6.0547e+01,6.1723e+01,6.1998e+01,6.3198e+01,6.2668e+01,6.1653e+01,6.1913e+01,6.1950e+01,6.2163e+01,6.3056e+01,6.4783e+01,6.5629e+01,6.5401e+01,6.5996e+01,6.4407e+01,6.3121e+01,6.1799e+01,6.0462e+01,6.0285e+01,6.0839e+01,6.1952e+01,6.2776e+01,6.2563e+01,6.2541e+01,6.2531e+01,6.2657e+01,6.1059e+01,6.0136e+01,5.8776e+01,5.8076e+01,5.8700e+01,6.0003e+01,6.0719e+01,6.1901e+01,6.3329e+01,6.3687e+01,6.4721e+01,6.4957e+01,6.6619e+01,6.6480e+01,6.6653e+01,6.4832e+01,6.3290e+01,6.2053e+01,6.2197e+01,6.2281e+01,6.3740e+01,6.5335e+01,6.5406e+01,6.6240e+01,6.7285e+01,6.6347e+01,6.6675e+01,6.6637e+01,6.7555e+01,6.8801e+01,6.9387e+01,6.9300e+01,6.9900e+01,6.9274e+01,6.9598e+01,7.1166e+01,7.2623e+01,7.3586e+01,7.3204e+01,7.2438e+01,7.1740e+01,7.0627e+01,7.1030e+01,7.0279e+01,6.9527e+01,6.8394e+01,6.7059e+01,6.7034e+01,6.8132e+01,6.7925e+01,6.8398e+01,6.7567e+01,6.6240e+01,6.5544e+01,6.5174e+01,6.5203e+01,6.4719e+01,6.4966e+01,6.5186e+01,6.4621e+01,6.4366e+01,6.4355e+01,6.4818e+01,6.5017e+01,6.5161e+01,6.5959e+01,6.6755e+01,6.6865e+01,6.7629e+01,6.7381e+01,6.6834e+01,6.7277e+01,6.6714e+01,6.7204e+01,6.9005e+01,6.9771e+01,7.0216e+01,6.9943e+01,6.9893e+01,6.9517e+01,6.9411e+01,6.9670e+01,6.8743e+01,6.8682e+01,6.7514e+01,6.7806e+01,6.6962e+01,6.6704e+01,6.6306e+01,6.6489e+01,6.7244e+01,6.7790e+01,6.7890e+01
6.4943e+01,6.4902e+01,6.5210e+01,6.6451e+01,6.7914e+01,6.9096e+01,7.0447e+01,7.2109e+01,7.3983e+01,7.5282e+01,7.7634e+01,7.7972e+01,7.6054e+01,7.5795e+01,7.4099e+01,7.1940e+01,7.0846e+01,6.8812e+01,6.8300e+01,6.6638e+01,6.5820e+01,6.4390e+01,6.5063e+01,6.6885e+01,6.6486e+01,6.5464e+01,6.4065e+01,6.2646e+01,6.1316e+01,5.9919e+01,5.8371e+01,5.8130e+01,5.7681e+01,5.8074e+01,5.7507e+01,5.8095e+01,5.9137e+01,6.0255e+01,5.9997e+01,6.1559e+01,6.1226e+01,6.0618e+01,5.9106e+01,5.8577e+01,5.8526e+01,5.8207e+01,5.7613e+01,5.7433e+01,5.8298e+01,5.7906e+01,5.9238e+01,5.8984e+01,5.8832e+01,6.0244e+01,6.1422e+01,6.1708e+01,6.2910e+01,6.2379e+01,6.1337e+01,6.1580e+01,6.1598e+01,6.1798e+01,6.2697e+01,6.4424e+01,6.5266e+01,6.5019e+01,6.5609e+01,6.4002e+01,6.2724e+01,6.1401e+01,6.0069e+01,5.9906e+01,6.0459e+01,6.1581e+01,6.2408e+01,6.2200e+01,6.2171e+01,6.2152e+01,6.2272e+01,6.0666e+01,5.9750e+01,5.8383e+01,5.7690e+01,5.8313e+01,5.9621e+01,6.0330e+01,6.1516e+01,6.2946e+01,6.3302e+01,6.4334e+01,6.4564e+01,6.6230e+01,6.6087e+01,6.6267e+01,6.4440e+01,6.2889e+01,6.1650e+01,6.1796e+01,6.1891e+01,6.3362e+01,6.4962e+01,6.5030e+01,6.5867e+01,6.6910e+01,6.5960e+01,6.6291e+01,6.6251e+01,6.7174e+01,6.8424e+01,6.9017e+01,6.8925e+01,6.9518e+01,6.8885e+01,6.9206e+01,7.0777e+01,7.2234e+01,7.3200e+01,7.2817e+01,7.2056e+01,7.1360e+01,7.0249e+01,7.0657e+01,6.9907e+01,6.9154e+01,6.8019e+01,6.6680e+01,6.6653e+01,6.7754e+01,6.7546e+01,6.8022e+01,6.7188e+01,6.5854e+01,6.5154e+01,6.4780e+01,6.4813e+01,6.4327e+01,6.4584e+01,6.4818e+01,6.4255e+01,6.4006e+01,6.4000e+01,6.4475e+01,6.4678e+01,6.4834e+01,6.5636e+01,6.6440e+01,6.6545e+01,6.7305e+01,6.7062e+01,6.6517e+01,6.6957e+01,6.6398e+01,6.6896e+01,6.8711e+01,6.9488e+01,6.9942e+01,6.9670e+01,6.9622e+01,6.9243e+01,6.9138e+01,6.9391e+01,6.8452e+01,6.8382e+01,6.7204e+01,6.7499e+01,6.6651e+01,6.6390e+01,6.5987e+01,6.6168e+01,6.6923e+01,6.7469e+01,6.7573e+01
6.4535e+01,6.4498e+01,6.4800e+01,6.6061e+01,6.7543e+01,6.8738e+01,7.0102e+01,7.1776e+01,7.3650e+01,7.4956e+01,7.7311e+01,7.7654e+01,7.5724e+01,7.5455e+01,7.3752e+01,7.1581e+01,7.0480e+01,6.8428e+01,6.7912e+01,6.6248e+01,6.5439e+01,6.4008e+01,6.4694e+01,6.6539e+01,6.6146e+01,6.5121e+01,6.3701e+01,6.2267e+01,6.0914e+01,5.9488e+01,5.7911e+01,5.7644e+01,5.7164e+01,5.7545e+01,5.6947e+01,5.7530e+01,5.8591e+01,5.9720e+01,5.9428e+01,6.1021e+01,6.0652e+01,6.0026e+01,5.8488e+01,5.7926e+01,5.7871e+01,5.7570e+01,5.6988e+01,5.6827e+01,5.7721e+01,5.7352e+01,5.8727e+01,5.8494e+01,5.8356e+01,5.9814e+01,6.1023e+01,6.1295e+01,6.2516e+01,6.1962e+01,6.0905e+01,6.1154e+01,6.1183e+01,6.1379e+01,6.2280e+01,6.4028e+01,6.4889e+01,6.4643e+01,6.5251e+01,6.3626e+01,6.2329e+01,6.0978e+01,5.9622e+01,5.9447e+01,6.0003e+01,6.1137e+01,6.1968e+01,6.1751e+01,6.1722e+01,6.1705e+01,6.1831e+01,6.0207e+01,5.9277e+01,5.7890e+01,5.7180e+01,5.7811e+01,5.9134e+01,5.9859e+01,6.1054e+01,6.2501e+01,6.2865e+01,6.3907e+01,6.4138e+01,6.5817e+01,6.5678e+01,6.5862e+01,6.4024e+01,6.2456e+01,6.1206e+01,6.1361e+01,6.1457e+01,6.2943e+01,6.4556e+01,6.4620e+01,6.5459e+01,6.6510e+01,6.5554e+01,6.5875e+01,6.5824e+01,6.6747e+01,6.8002e+01,6.8602e+01,6.8496e+01,6.9082e+01,6.8441e+01,6.8761e+01,7.0332e+01,7.1790e+01,7.2755e+01,7.2372e+01,7.1609e+01,7.0918e+01,6.9806e+01,7.0212e+01,6.9467e+01,6.8706e+01,6.7568e+01,6.6226e+01,6.6188e+01,6.7293e+01,6.7094e+01,6.7574e+01,6.6746e+01,6.5406e+01,6.4711e+01,6.4338e+01,6.4381e+01,6.3896e+01,6.4153e+01,6.4390e+01,6.3830e+01,6.3576e+01,6.3573e+01,6.4044e+01,6.4248e+01,6.4402e+01,6.5210e+01,6.6017e+01,6.6134e+01,6.6898e+01,6.6645e+01,6.6099e+01,6.6548e+01,6.5981e+01,6.6481e+01,6.8309e+01,6.9085e+01,6.9540e+01,6.9260e+01,6.9206e+01,6.8823e+01,6.8713e+01,6.8972e+01,6.8029e+01,6.7958e+01,6.6772e+01,6.7060e+01,6.6205e+01,6.5945e+01,6.5546e+01,6.5730e+01,6.6496e+01,6.7052e+01,6.7157e+01
6.3745e+01,6.3697e+01,6.3996e+01,6.5260e+01,6.6757e+01,6.7955e+01,6.9332e+01,7.1016e+01,7.2901e+01,7.4220e+01,7.6587e+01,7.6939e+01,7.5002e+01,7.4734e+01,7.3029e+01,7.0840e+01,6.9741e+01,6.7669e+01,6.7159e+01,6.5481e+01,6.4660e+01,6.3214e+01,6.3896e+01,6.5752e+01,6.5347e+01,6.4317e+01,6.2893e+01,6.1449e+01,6.0093e+01,5.8643e+01,5.7051e+01,5.6780e+01,5.6301e+01,5.6692e+01,5.6085e+01,5.6681e+01,5.7766e+01,5.8925e+01,5.8636e+01,6.0282e+01,5.9910e+01,5.9259e+01,5.7682e+01,5.7116e+01,5.7064e+01,5.6748e+01,5.6146e+01,5.5978e+01,5.6888e+01,5.6514e+01,5.7914e+01,5.7670e+01,5.7538e+01,5.9026e+01,6.0241e+01,6.0515e+01,6.1744e+01,6.1182e+01,6.0097e+01,6.0336e+01,6.0352e+01,6.0538e+01,6.1449e+01,6.3209e+01,6.4072e+01,6.3809e+01,6.4420e+01,6.2771e+01,6.1473e+01,6.0111e+01,5.8749e+01,5.8585e+01,5.9148e+01,6.0303e+01,6.1146e+01,6.0941e+01,6.0908e+01,6.0873e+01,6.0990e+01,5.9351e+01,5.8425e+01,5.7026e+01,5.6321e+01,5.6961e+01,5.8298e+01,5.9018e+01,6.0230e+01,6.1680e+01,6.2037e+01,6.3076e+01,6.3301e+01,6.4983e+01,6.4835e+01,6.5024e+01,6.3176e+01,6.1598e+01,6.0340e+01,6.0495e+01,6.0603e+01,6.2108e+01,6.3731e+01,6.3793e+01,6.4644e+01,6.5703e+01,6.4739e+01,6.5075e+01,6.5021e+01,6.5967e+01,6.7243e+01,6.7859e+01,6.7763e+01,6.8357e+01,6.7700e+01,6.8013e+01,6.9609e+01,7.1082e+01,7.2068e+01,7.1685e+01,7.0922e+01,7.0227e+01,6.9105e+01,6.9527e+01,6.8778e+01,6.8003e+01,6.6847e+01,6.5477e+01,6.5431e+01,6.6552e+01,6.6350e+01,6.6830e+01,6.5984e+01,6.4620e+01,6.3916e+01,6.3524e+01,6.3565e+01,6.3079e+01,6.3342e+01,6.3577e+01,6.3008e+01,6.2755e+01,6.2750e+01,6.3221e+01,6.3425e+01,6.3583e+01,6.4395e+01,6.5212e+01,6.5328e+01,6.6097e+01,6.5850e+01,6.5305e+01,6.5754e+01,6.5183e+01,6.5681e+01,6.7525e+01,6.8310e+01,6.8772e+01,6.8489e+01,6.8439e+01,6.8052e+01,6.7942e+01,6.8205e+01,6.7261e+01,6.7184e+01,6.5985e+01,6.6277e+01,6.5417e+01,6.5160e+01,6.4764e+01,6.4945e+01,6.5713e+01,6.6273e+01,6.6381e+01
6.3435e+01,6.3381e+01,6.3671e+01,6.4941e+01,6.6450e+01,6.7648e+01,6.9035e+01,7.0723e+01,7.2613e+01,7.3946e+01,7.6318e+01,7.6679e+01,7.4738e+01,7.4469e+01,7.2763e+01,7.0562e+01,6.9464e+01,6.7378e+01,6.6871e+01,6.5188e+01,6.4364e+01,6.2914e+01,6.3592e+01,6.5453e+01,6.5041e+01,6.4008e+01,6.2586e+01,6.1135e+01,5.9779e+01,5.8311e+01,5.6706e+01,5.6430e+01,5.5947e+01,5.6345e+01,5.5724e+01,5.6334e+01,5.7442e+01,5.8624e+01,5.8321e+01,5.9988e+01,5.9586e+01,5.8914e+01,5.7312e+01,5.6711e+01,5.6654e+01,5.6361e+01,5.5769e+01,5.5606e+01,5.6530e+01,5.6156e+01,5.7575e+01,5.7334e+01,5.7200e+01,5.8707e+01,5.9934e+01,6.0210e+01,6.1449e+01,6.0885e+01,5.9787e+01,6.0020e+01,6.0030e+01,6.0206e+01,6.1118e+01,6.2884e+01,6.3750e+01,6.3476e+01,6.4090e+01,6.2427e+01,6.1129e+01,5.9759e+01,5.8395e+01,5.8233e+01,5.8796e+01,5.9963e+01,6.0805e+01,6.0599e+01,6.0557e+01,6.0514e+01,6.0630e+01,5.8981e+01,5.8057e+01,5.6644e+01,5.5933e+01,5.6575e+01,5.7921e+01,5.8642e+01,5.9859e+01,6.1316e+01,6.1674e+01,6.2708e+01,6.2924e+01,6.4609e+01,6.4460e+01,6.4660e+01,6.2808e+01,6.1221e+01,5.9963e+01,6.0125e+01,6.0245e+01,6.1762e+01,6.3389e+01,6.3444e+01,6.4299e+01,6.5362e+01,6.4391e+01,6.4725e+01,6.4661e+01,6.5616e+01,6.6904e+01,6.7530e+01,6.7434e+01,6.8027e+01,6.7361e+01,6.7666e+01,6.9270e+01,7.0742e+01,7.1737e+01,7.1357e+01,7.0597e+01,6.9905e+01,6.8783e+01,6.9213e+01,6.8468e+01,6.7683e+01,6.6519e+01,6.5134e+01,6.5080e+01,6.6207e+01,6.6008e+01,6.6485e+01,6.5634e+01,6.4263e+01,6.3561e+01,6.3161e+01,6.3206e+01,6.2730e+01,6.2990e+01,6.3218e+01,6.2645e+01,6.2389e+01,6.2384e+01,6.2848e+01,6.3053e+01,6.3217e+01,6.4033e+01,6.4845e+01,6.4971e+01,6.5735e+01,6.5492e+01,6.4952e+01,6.5405e+01,6.4832e+01,6.5323e+01,6.7174e+01,6.7949e+01,6.8406e+01,6.8115e+01,6.8058e+01,6.7670e+01,6.7560e+01,6.7821e+01,6.6879e+01,6.6802e+01,6.5605e+01,6.5895e+01,6.5032e+01,6.4770e+01,6.4383e+01,6.4566e+01,6.5345e+01,6.5915e+01,6.6033e+01
6.2821e+01,6.2761e+01,6.3051e+01,6.4331e+01,6.5855e+01,6.7062e+01,6.8465e+01,7.0166e+01,7.2068e+01,7.3410e+01,7.5792e+01,7.6157e+01,7.4207e+01,7.3935e+01,7.2222e+01,7.0004e+01,6.8903e+01,6.6795e+01,6.6290e+01,6.4595e+01,6.3765e+01,6.2304e+01,6.2983e+01,6.4859e+01,6.4444e+01,6.3408e+01,6.1975e+01,6.0513e+01,5.9148e+01,5.7659e+01,5.6039e+01,5.5750e+01,5.5258e+01,5.5656e+01,5.5017e+01,5.5631e+01,5.6762e+01,5.7961e+01,5.7641e+01,5.9334e+01,5.8908e+01,5.8207e+01,5.6585e+01,5.5970e+01,5.5921e+01,5.5637e+01,5.5045e+01,5.4893e+01,5.5840e+01,5.5474e+01,5.6924e+01,5.6681e+01,5.6556e+01,5.8092e+01,5.9333e+01,5.9605e+01,6.0855e+01,6.0279e+01,5.9157e+01,5.9384e+01,5.9388e+01,5.9557e+01,6.0476e+01,6.2256e+01,6.3130e+01,6.2846e+01,6.3467e+01,6.1786e+01,6.0480e+01,5.9094e+01,5.7715e+01,5.7559e+01,5.8128e+01,5.9312e+01,6.0167e+01,5.9964e+01,5.9925e+01,5.9874e+01,5.9986e+01,5.8321e+01,5.7390e+01,5.5964e+01,5.5248e+01,5.5903e+01,5.7266e+01,5.7993e+01,5.9230e+01,6.0697e+01,6.1050e+01,6.2092e+01,6.2312e+01,6.4006e+01,6.3851e+01,6.4048e+01,6.2182e+01,6.0584e+01,5.9312e+01,5.9474e+01,5.9596e+01,6.1128e+01,6.2769e+01,6.2826e+01,6.3690e+01,6.4763e+01,6.3789e+01,6.4131e+01,6.4061e+01,6.5035e+01,6.6346e+01,6.6989e+01,6.6897e+01,6.7498e+01,6.6813e+01,6.7115e+01,6.8743e+01,7.0238e+01,7.1251e+01,7.0876e+01,7.0109e+01,6.9416e+01,6.8277e+01,6.8719e+01,6.7967e+01,6.7161e+01,6.5974e+01,6.4565e+01,6.4494e+01,6.5641e+01,6.5449e+01,6.5933e+01,6.5071e+01,6.3676e+01,6.2968e+01,6.2550e+01,6.2604e+01,6.2124e+01,6.2393e+01,6.2623e+01,6.2037e+01,6.1779e+01,6.1771e+01,6.2229e+01,6.2438e+01,6.2606e+01,6.3429e+01,6.4251e+01,6.4381e+01,6.5148e+01,6.4909e+01,6.4370e+01,6.4824e+01,6.4247e+01,6.4736e+01,6.6599e+01,6.7378e+01,6.7844e+01,6.7550e+01,6.7500e+01,6.7107e+01,6.6994e+01,6.7253e+01,6.6308e+01,6.6220e+01,6.5007e+01,6.5292e+01,6.4417e+01,6.4155e+01,6.3763e+01,6.3935e+01,6.4714e+01,6.5288e+01,6.5415e+01
6.2573e+01,6.2516e+01,6.2805e+01,6.4093e+01,6.5629e+01,6.6845e+01,6.8261e+01,6.9971e+01,7.1880e+01,7.3225e+01,7.5610e+01,7.5975e+01,7.4021e+01,7.3746e+01,7.2029e+01,6.9802e+01,6.8695e+01,6.6572e+01,6.6061e+01,6.4365e+01,6.3540e+01,6.2077e+01,6.2761e+01,6.4647e+01,6.4233e+01,6.3200e+01,6.1761e+01,6.0298e+01,5.8929e+01,5.7421e+01,5.5791e+01,5.5489e+01,5.4989e+01,5.5387e+01,5.4732e+01,5.5351e+01,5.6502e+01,5.7709e+01,5.7372e+01,5.9068e+01,5.8616e+01,5.7894e+01,5.6264e+01,5.5625e+01,5.5581e+01,5.5324e+01,5.4740e+01,5.4605e+01,5.5580e+01,5.5212e+01,5.6686e+01,5.6437e+01,5.6312e+01,5.7869e+01,5.9123e+01,5.9393e+01,6.0649e+01,6.0062e+01,5.8926e+01,5.9146e+01,5.9150e+01,5.9308e+01,6.0225e+01,6.2014e+01,6.2895e+01,6.2608e+01,6.3237e+01,6.1549e+01,6.0234e+01,5.8834e+01,5.7444e+01,5.7287e+01,5.7856e+01,5.9047e+01,5.9903e+01,5.9695e+01,5.9651e+01,5.9596e+01,5.9712e+01,5.8036e+01,5.7098e+01,5.5659e+01,5.4937e+01,5.5596e+01,5.6970e+01,5.7701e+01,5.8948e+01,6.0425e+01,6.0781e+01,6.1827e+01,6.2040e+01,6.3743e+01,6.3588e+01,6.3792e+01,6.1918e+01,6.0307e+01,5.9028e+01,5.9197e+01,5.9325e+01,6.0873e+01,6.2523e+01,6.2576e+01,6.3448e+01,6.4538e+01,6.3564e+01,6.3907e+01,6.3839e+01,6.4820e+01,6.6138e+01,6.6788e+01,6.6699e+01,6.7302e+01,6.6611e+01,6.6910e+01,6.8555e+01,7.0062e+01,7.1086e+01,7.0709e+01,6.9939e+01,6.9243e+01,6.8098e+01,6.8547e+01,6.7790e+01,6.6973e+01,6.5772e+01,6.4349e+01,6.4267e+01,6.5430e+01,6.5243e+01,6.5734e+01,6.4864e+01,6.3458e+01,6.2746e+01,6.2320e+01,6.2376e+01,6.1894e+01,6.2166e+01,6.2389e+01,6.1791e+01,6.1531e+01,6.1531e+01,6.1979e+01,6.2194e+01,6.2365e+01,6.3194e+01,6.4013e+01,6.4148e+01,6.4917e+01,6.4683e+01,6.4143e+01,6.4596e+01,6.4018e+01,6.4500e+01,6.6363e+01,6.7138e+01,6.7608e+01,6.7311e+01,6.7270e+01,6.6872e+01,6.6750e+01,6.6994e+01,6.6046e+01,6.5949e+01,6.4729e+01,6.5000e+01,6.4124e+01,6.3871e+01,6.3485e+01,6.3654e+01,6.4433e+01,6.5006e+01,6.5129e+01
6.2197e+01,6.2151e+01,6.2447e+01,6.3745e+01,6.5286e+01,6.6514e+01,6.7938e+01,6.9662e+01,7.1581e+01,7.2918e+01,7.5308e+01,7.5664e+01,7.3699e+01,7.3415e+01,7.1687e+01,6.9457e+01,6.8339e+01,6.6209e+01,6.5690e+01,6.3993e+01,6.3174e+01,6.1711e+01,6.2405e+01,6.4302e+01,6.3896e+01,6.2864e+01,6.1413e+01,5.9948e+01,5.8569e+01,5.7058e+01,5.5424e+01,5.5110e+01,5.4600e+01,5.4993e+01,5.4331e+01,5.4948e+01,5.6104e+01,5.7314e+01,5.6972e+01,5.8668e+01,5.8206e+01,5.7469e+01,5.5835e+01,5.5183e+01,5.5141e+01,5.4903e+01,5.4323e+01,5.4195e+01,5.5182e+01,5.4814e+01,5.6299e+01,5.6052e+01,5.5932e+01,5.7501e+01,5.8761e+01,5.9024e+01,6.0283e+01,5.9687e+01,5.8548e+01,5.8772e+01,5.8784e+01,5.8943e+01,5.9857e+01,6.1659e+01,6.2547e+01,6.2268e+01,6.2906e+01,6.1222e+01,5.9890e+01,5.8482e+01,5.7078e+01,5.6913e+01,5.7490e+01,5.8685e+01,5.9553e+01,5.9344e+01,5.9319e+01,5.9271e+01,5.9383e+01,5.7698e+01,5.6749e+01,5.5312e+01,5.4587e+01,5.5266e+01,5.6646e+01,5.7389e+01,5.8653e+01,6.0139e+01,6.0487e+01,6.1550e+01,6.1784e+01,6.3495e+01,6.3328e+01,6.3514e+01,6.1627e+01,6.0015e+01,5.8715e+01,5.8871e+01,5.8984e+01,6.0538e+01,6.2203e+01,6.2273e+01,6.3152e+01,6.4260e+01,6.3301e+01,6.3650e+01,6.3577e+01,6.4571e+01,6.5903e+01,6.6569e+01,6.6484e+01,6.7086e+01,6.6378e+01,6.6673e+01,6.8340e+01,6.9868e+01,7.0908e+01,7.0536e+01,6.9760e+01,6.9063e+01,6.7907e+01,6.8363e+01,6.7600e+01,6.6764e+01,6.5543e+01,6.4106e+01,6.4003e+01,6.5185e+01,6.5012e+01,6.5514e+01,6.4640e+01,6.3215e+01,6.2502e+01,6.2062e+01,6.2126e+01,6.1639e+01,6.1928e+01,6.2163e+01,6.1550e+01,6.1297e+01,6.1308e+01,6.1754e+01,6.1988e+01,6.2170e+01,6.3011e+01,6.3842e+01,6.3985e+01,6.4750e+01,6.4528e+01,6.4003e+01,6.4456e+01,6.3886e+01,6.4358e+01,6.6223e+01,6.6996e+01,6.7462e+01,6.7157e+01,6.7124e+01,6.6719e+01,6.6587e+01,6.6814e+01,6.5861e+01,6.5750e+01,6.4526e+01,6.4787e+01,6.3911e+01,6.3657e+01,6.3258e+01,6.3416e+01,6.4193e+01,6.4757e+01,6.4890e+01
6.1912e+01,6.1875e+01,6.2153e+01,6.3475e+01,6.5038e+01,6.6286e+01,6.7736e+01,6.9483e+01,7.1399e+01,7.2744e+01,7.5133e+01,7.5487e+01,7.3501e+01,7.3194e+01,7.1449e+01,6.9210e+01,6.8077e+01,6.5926e+01,6.5400e+01,6.3721e+01,6.2934e+01,6.1493e+01,6.2205e+01,6.4120e+01,6.3738e+01,6.2727e+01,6.1259e+01,5.9805e+01,5.8419e+01,5.6877e+01,5.5246e+01,5.4883e+01,5.4350e+01,5.4708e+01,5.4002e+01,5.4609e+01,5.5788e+01,5.6989e+01,5.6629e+01,5.8313e+01,5.7830e+01,5.7056e+01,5.5422e+01,5.4768e+01,5.4774e+01,5.4567e+01,5.3977e+01,5.3897e+01,5.4929e+01,5.4588e+01,5.6102e+01,5.5868e+01,5.5794e+01,5.7398e+01,5.8657e+01,5.8880e+01,6.0126e+01,5.9489e+01,5.8334e+01,5.8544e+01,5.8577e+01,5.8710e+01,5.9599e+01,6.1409e+01,6.2326e+01,6.2056e+01,6.2727e+01,6.1037e+01,5.9692e+01,5.8248e+01,5.6826e+01,5.6641e+01,5.7193e+01,5.8372e+01,5.9222e+01,5.8994e+01,5.8961e+01,5.8922e+01,5.9053e+01,5.7368e+01,5.6411e+01,5.4968e+01,5.4226e+01,5.4893e+01,5.6271e+01,5.7026e+01,5.8281e+01,5.9774e+01,6.0137e+01,6.1205e+01,6.1440e+01,6.3160e+01,6.3012e+01,6.3206e+01,6.1323e+01,5.9696e+01,5.8401e+01,5.8584e+01,5.8695e+01,6.0244e+01,6.1907e+01,6.1958e+01,6.2821e+01,6.3928e+01,6.2963e+01,6.3289e+01,6.3206e+01,6.4186e+01,6.5509e+01,6.6173e+01,6.6079e+01,6.6678e+01,6.5973e+01,6.6274e+01,6.7935e+01,6.9472e+01,7.0501e+01,7.0128e+01,6.9346e+01,6.8650e+01,6.7496e+01,6.7947e+01,6.7187e+01,6.6344e+01,6.5121e+01,6.3690e+01,6.3576e+01,6.4759e+01,6.4599e+01,6.5108e+01,6.4243e+01,6.2827e+01,6.2124e+01,6.1695e+01,6.1773e+01,6.1290e+01,6.1576e+01,6.1795e+01,6.1163e+01,6.0899e+01,6.0905e+01,6.1317e+01,6.1548e+01,6.1725e+01,6.2571e+01,6.3390e+01,6.3550e+01,6.4323e+01,6.4102e+01,6.3569e+01,6.4027e+01,6.3443e+01,6.3902e+01,6.5772e+01,6.6526e+01,6.6999e+01,6.6683e+01,6.6657e+01,6.6240e+01,6.6094e+01,6.6306e+01,6.5358e+01,6.5229e+01,6.4004e+01,6.4251e+01,6.3369e+01,6.3102e+01,6.2705e+01,6.2848e+01,6.3612e+01,6.4170e+01,6.4299e+01
6.1574e+01,6.1538e+01,6.1814e+01,6.3134e+01,6.4692e+01,6.5940e+01,6.7385e+01,6.9132e+01,7.1038e+01,7.2382e+01,7.4764e+01,7.5116e+01,7.3125e+01,7.2811e+01,7.1066e+01,6.8834e+01,6.7698e+01,6.5554e+01,6.5032e+01,6.3364e+01,6.2588e+01,6.1161e+01,6.1872e+01,6.3781e+01,6.3406e+01,6.2404e+01,6.0943e+01,5.9502e+01,5.8126e+01,5.6591e+01,5.4980e+01,5.4617e+01,5.4097e+01,5.4454e+01,5.3761e+01,5.4373e+01,5.5545e+01,5.6744e+01,5.6409e+01,5.8083e+01,5.7627e+01,5.6870e+01,5.5247e+01,5.4627e+01,5.4635e+01,5.4402e+01,5.3795e+01,5.3699e+01,5.4712e+01,5.4363e+01,5.5854e+01,5.5615e+01,5.5552e+01,5.7140e+01,5.8381e+01,5.8594e+01,5.9822e+01,5.9185e+01,5.8035e+01,5.8239e+01,5.8271e+01,5.8400e+01,5.9281e+01,6.1078e+01,6.1993e+01,6.1725e+01,6.2399e+01,6.0715e+01,5.9374e+01,5.7936e+01,5.6527e+01,5.6348e+01,5.6899e+01,5.8076e+01,5.8925e+01,5.8715e+01,5.8687e+01,5.8635e+01,5.8747e+01,5.7077e+01,5.6145e+01,5.4725e+01,5.4010e+01,5.4675e+01,5.6035e+01,5.6772e+01,5.8025e+01,5.9497e+01,5.9837e+01,6.0890e+01,6.1127e+01,6.2829e+01,6.2671e+01,6.2858e+01,6.0986e+01,5.9374e+01,5.8089e+01,5.8263e+01,5.8379e+01,5.9917e+01,6.1567e+01,6.1622e+01,6.2485e+01,6.3588e+01,6.2632e+01,6.2957e+01,6.2864e+01,6.3845e+01,6.5157e+01,6.5836e+01,6.5752e+01,6.6333e+01,6.5620e+01,6.5905e+01,6.7550e+01,6.9071e+01,7.0104e+01,6.9745e+01,6.8981e+01,6.8306e+01,6.7168e+01,6.7637e+01,6.6904e+01,6.6067e+01,6.4865e+01,6.3438e+01,6.3322e+01,6.4480e+01,6.4314e+01,6.4799e+01,6.3940e+01,6.2533e+01,6.1852e+01,6.1411e+01,6.1496e+01,6.1039e+01,6.1347e+01,6.1574e+01,6.0949e+01,6.0702e+01,6.0707e+01,6.1113e+01,6.1340e+01,6.1528e+01,6.2385e+01,6.3195e+01,6.3352e+01,6.4132e+01,6.3925e+01,6.3389e+01,6.3837e+01,6.3244e+01,6.3693e+01,6.5573e+01,6.6319e+01,6.6791e+01,6.6481e+01,6.6460e+01,6.6045e+01,6.5899e+01,6.6103e+01,6.5153e+01,6.5009e+01,6.3790e+01,6.4042e+01,6.3169e+01,6.2889e+01,6.2498e+01,6.2629e+01,6.3376e+01,6.3929e+01,6.4058e+01
6.1146e+01,6.1119e+01,6.1394e+01,6.2717e+01,6.4272e+01,6.5531e+01,6.6979e+01,6.8737e+01,7.0638e+01,7.1977e+01,7.4357e+01,7.4701e+01,7.2698e+01,7.2371e+01,7.0617e+01,6.8390e+01,6.7244e+01,6.5103e+01,6.4581e+01,6.2926e+01,6.2166e+01,6.0758e+01,6.1476e+01,6.3383e+01,6.3027e+01,6.2042e+01,6.0577e+01,5.9153e+01,5.7784e+01,5.6257e+01,5.4674e+01,5.4300e+01,5.3791e+01,5.4136e+01,5.3456e+01,5.4065e+01,5.5223e+01,5.6412e+01,5.6100e+01,5.7755e+01,5.7324e+01,5.6581e+01,5.4980e+01,5.4399e+01,5.4422e+01,5.4167e+01,5.3544e+01,5.3442e+01,5.4441e+01,5.4090e+01,5.5556e+01,5.5314e+01,5.5276e+01,5.6850e+01,5.8064e+01,5.8254e+01,5.9455e+01,5.8809e+01,5.7665e+01,5.7861e+01,5.7903e+01,5.8024e+01,5.8889e+01,6.0679e+01,6.1601e+01,6.1349e+01,6.2038e+01,6.0369e+01,5.9020e+01,5.7581e+01,5.6177e+01,5.5992e+01,5.6544e+01,5.7712e+01,5.8561e+01,5.8366e+01,5.8352e+01,5.8295e+01,5.8392e+01,5.6738e+01,5.5825e+01,5.4433e+01,5.3744e+01,5.4410e+01,5.5750e+01,5.6476e+01,5.7730e+01,5.9183e+01,5.9499e+01,6.0548e+01,6.0801e+01,6.2489e+01,6.2320e+01,6.2487e+01,6.0624e+01,5.9031e+01,5.7748e+01,5.7911e+01,5.8016e+01,5.9536e+01,6.1176e+01,6.1242e+01,6.2103e+01,6.3210e+01,6.2275e+01,6.2598e+01,6.2491e+01,6.3476e+01,6.4785e+01,6.5482e+01,6.5412e+01,6.5979e+01,6.5253e+01,6.5521e+01,6.7161e+01,6.8678e+01,6.9718e+01,6.9376e+01,6.8623e+01,6.7965e+01,6.6835e+01,6.7325e+01,6.6614e+01,6.5776e+01,6.4588e+01,6.3159e+01,6.3035e+01,6.4173e+01,6.4004e+01,6.4468e+01,6.3610e+01,6.2209e+01,6.1549e+01,6.1091e+01,6.1189e+01,6.0761e+01,6.1091e+01,6.1320e+01,6.0692e+01,6.0465e+01,6.0465e+01,6.0857e+01,6.1085e+01,6.1292e+01,6.2163e+01,6.2958e+01,6.3125e+01,6.3908e+01,6.3722e+01,6.3188e+01,6.3625e+01,6.3027e+01,6.3456e+01,6.5341e+01,6.6061e+01,6.6527e+01,6.6215e+01,6.6207e+01,6.5789e+01,6.5632e+01,6.5807e+01,6.4856e+01,6.4689e+01,6.3480e+01,6.3730e+01,6.2864e+01,6.2571e+01,6.2182e+01,6.2294e+01,6.3023e+01,6.3562e+01,6.3697e+01
6.1033e+01,6.1001e+01,6.1276e+01,6.2577e+01,6.4121e+01,6.5367e+01,6.6807e+01,6.8553e+01,7.0449e+01,7.1791e+01,7.4170e+01,7.4523e+01,7.2527e+01,7.2207e+01,7.0465e+01,6.8242e+01,6.7108e+01,6.4978e+01,6.4469e+01,6.2816e+01,6.2046e+01,6.0643e+01,6.1339e+01,6.3220e+01,6.2854e+01,6.1876e+01,6.0440e+01,5.9036e+01,5.7696e+01,5.6189e+01,5.4636e+01,5.4288e+01,5.3812e+01,5.4176e+01,5.3532e+01,5.4162e+01,5.5309e+01,5.6508e+01,5.6234e+01,5.7894e+01,5.7501e+01,5.6792e+01,5.5190e+01,5.4636e+01,5.4630e+01,5.4338e+01,5.3701e+01,5.3561e+01,5.4524e+01,5.4145e+01,5.5575e+01,5.5310e+01,5.5262e+01,5.6802e+01,5.7988e+01,5.8190e+01,5.9373e+01,5.8748e+01,5.7607e+01,5.7789e+01,5.7812e+01,5.7925e+01,5.8784e+01,6.0548e+01,6.1449e+01,6.1185e+01,6.1856e+01,6.0199e+01,5.8874e+01,5.7464e+01,5.6093e+01,5.5928e+01,5.6480e+01,5.7649e+01,5.8495e+01,5.8329e+01,5.8320e+01,5.8237e+01,5.8307e+01,5.6672e+01,5.5794e+01,5.4427e+01,5.3775e+01,5.4439e+01,5.5762e+01,5.6461e+01,5.7714e+01,5.9138e+01,5.9425e+01,6.0448e+01,6.0692e+01,6.2351e+01,6.2161e+01,6.2322e+01,6.0475e+01,5.8911e+01,5.7642e+01,5.7789e+01,5.7905e+01,5.9415e+01,6.1038e+01,6.1112e+01,6.1985e+01,6.3095e+01,6.2172e+01,6.2505e+01,6.2386e+01,6.3385e+01,6.4699e+01,6.5414e+01,6.5355e+01,6.5913e+01,6.5171e+01,6.5419e+01,6.7052e+01,6.8558e+01,6.9608e+01,6.9288e+01,6.8544e+01,6.7909e+01,6.6787e+01,6.7298e+01,6.6612e+01,6.5774e+01,6.4602e+01,6.3167e+01,6.3039e+01,6.4154e+01,6.3979e+01,6.4416e+01,6.3555e+01,6.2156e+01,6.1515e+01,6.1033e+01,6.1137e+01,6.0739e+01,6.1085e+01,6.1311e+01,6.0689e+01,6.0480e+01,6.0482e+01,6.0869e+01,6.1094e+01,6.1315e+01,6.2191e+01,6.2964e+01,6.3125e+01,6.3909e+01,6.3745e+01,6.3215e+01,6.3637e+01,6.3040e+01,6.3446e+01,6.5320e+01,6.6023e+01,6.6475e+01,6.6170e+01,6.6163e+01,6.5758e+01,6.5603e+01,6.5774e+01,6.4836e+01,6.4662e+01,6.3467e+01,6.3718e+01,6.2873e+01,6.2580e+01,6.2219e+01,6.2328e+01,6.3051e+01,6.3586e+01,6.3724e+01
6.1074e+01,6.1042e+01,6.1337e+01,6.2617e+01,6.4138e+01,6.5365e+01,6.6783e+01,6.8507e+01,7.0406e+01,7.1747e+01,7.4128e+01,7.4487e+01,7.2507e+01,7.2206e+01,7.0476e+01,6.8261e+01,6.7135e+01,6.5021e+01,6.4512e+01,6.2845e+01,6.2054e+01,6.0635e+01,6.1316e+01,6.3177e+01,6.2787e+01,6.1791e+01,6.0375e+01,5.8964e+01,5.7636e+01,5.6158e+01,5.4605e+01,5.4301e+01,5.3844e+01,5.4240e+01,5.3634e+01,5.4271e+01,5.5397e+01,5.6601e+01,5.6338e+01,5.8005e+01,5.7625e+01,5.6953e+01,5.5349e+01,5.4787e+01,5.4735e+01,5.4427e+01,5.3805e+01,5.3629e+01,5.4555e+01,5.4154e+01,5.5557e+01,5.5282e+01,5.5193e+01,5.6700e+01,5.7884e+01,5.8121e+01,5.9312e+01,5.8725e+01,5.7603e+01,5.7797e+01,5.7801e+01,5.7935e+01,5.8816e+01,6.0569e+01,6.1439e+01,6.1159e+01,6.1795e+01,6.0143e+01,5.8837e+01,5.7463e+01,5.6113e+01,5.5973e+01,5.6552e+01,5.7742e+01,5.8604e+01,5.8470e+01,5.8473e+01,5.8367e+01,5.8405e+01,5.6771e+01,5.5918e+01,5.4555e+01,5.3927e+01,5.4607e+01,5.5935e+01,5.6617e+01,5.7882e+01,5.9291e+01,5.9551e+01,6.0556e+01,6.0794e+01,6.2431e+01,6.2213e+01,6.2365e+01,6.0523e+01,5.8983e+01,5.7714e+01,5.7832e+01,5.7956e+01,5.9469e+01,6.1087e+01,6.1180e+01,6.2076e+01,6.3195e+01,6.2288e+01,6.2634e+01,6.2506e+01,6.3523e+01,6.4844e+01,6.5580e+01,6.5532e+01,6.6079e+01,6.5321e+01,6.5545e+01,6.7174e+01,6.8663e+01,6.9729e+01,6.9426e+01,6.8697e+01,6.8080e+01,6.6965e+01,6.7495e+01,6.6827e+01,6.5990e+01,6.4827e+01,6.3385e+01,6.3254e+01,6.4355e+01,6.4175e+01,6.4591e+01,6.3725e+01,6.2327e+01,6.1696e+01,6.1191e+01,6.1292e+01,6.0918e+01,6.1274e+01,6.1493e+01,6.0871e+01,6.0679e+01,6.0684e+01,6.1074e+01,6.1297e+01,6.1534e+01,6.2413e+01,6.3165e+01,6.3322e+01,6.4098e+01,6.3954e+01,6.3434e+01,6.3843e+01,6.3257e+01,6.3645e+01,6.5505e+01,6.6190e+01,6.6629e+01,6.6324e+01,6.6317e+01,6.5920e+01,6.5761e+01,6.5929e+01,6.4998e+01,6.4823e+01,6.3643e+01,6.3885e+01,6.3063e+01,6.2777e+01,6.2443e+01,6.2555e+01,6.3281e+01,6.3816e+01,6.3954e+01
6.1394e+01,6.1355e+01,6.1641e+01,6.2900e+01,6.4411e+01,6.5619e+01,6.7026e+01,6.8728e+01,7.0613e+01,7.1961e+01,7.4333e+01,7.4707e+01,7.2742e+01,7.2448e+01,7.0735e+01,6.8528e+01,6.7420e+01,6.5321e+01,6.4827e+01,6.3165e+01,6.2365e+01,6.0952e+01,6.1613e+01,6.3448e+01,6.3047e+01,6.2058e+01,6.0668e+01,5.9271e+01,5.7967e+01,5.6507e+01,5.4972e+01,5.4688e+01,5.4247e+01,5.4652e+01,5.4064e+01,5.4707e+01,5.5824e+01,5.7031e+01,5.6779e+01,5.8450e+01,5.8082e+01,5.7428e+01,5.5824e+01,5.5262e+01,5.5183e+01,5.4865e+01,5.4250e+01,5.4056e+01,5.4963e+01,5.4553e+01,5.5940e+01,5.5658e+01,5.5555e+01,5.7040e+01,5.8210e+01,5.8460e+01,5.9643e+01,5.9075e+01,5.7960e+01,5.8147e+01,5.8138e+01,5.8267e+01,5.9142e+01,6.0870e+01,6.1722e+01,6.1430e+01,6.2048e+01,6.0406e+01,5.9125e+01,5.7776e+01,5.6455e+01,5.6326e+01,5.6902e+01,5.8085e+01,5.8934e+01,5.8811e+01,5.8808e+01,5.8693e+01,5.8722e+01,5.7109e+01,5.6279e+01,5.4936e+01,5.4326e+01,5.4994e+01,5.6303e+01,5.6968e+01,5.8216e+01,5.9603e+01,5.9852e+01,6.0834e+01,6.1062e+01,6.2672e+01,6.2450e+01,6.2604e+01,6.0787e+01,5.9271e+01,5.8024e+01,5.8136e+01,5.8267e+01,5.9762e+01,6.1356e+01,6.1450e+01,6.2341e+01,6.3446e+01,6.2541e+01,6.2884e+01,6.2747e+01,6.3761e+01,6.5081e+01,6.5817e+01,6.5766e+01,6.6308e+01,6.5549e+01,6.5769e+01,6.7380e+01,6.8854e+01,6.9912e+01,6.9620e+01,6.8895e+01,6.8291e+01,6.7181e+01,6.7709e+01,6.7052e+01,6.6217e+01,6.5063e+01,6.3630e+01,6.3500e+01,6.4588e+01,6.4410e+01,6.4819e+01,6.3961e+01,6.2573e+01,6.1954e+01,6.1453e+01,6.1552e+01,6.1191e+01,6.1542e+01,6.1760e+01,6.1152e+01,6.0967e+01,6.0978e+01,6.1374e+01,6.1600e+01,6.1845e+01,6.2716e+01,6.3458e+01,6.3610e+01,6.4373e+01,6.4240e+01,6.3734e+01,6.4135e+01,6.3561e+01,6.3938e+01,6.5781e+01,6.6458e+01,6.6887e+01,6.6587e+01,6.6572e+01,6.6186e+01,6.6031e+01,6.6203e+01,6.5278e+01,6.5105e+01,6.3942e+01,6.4187e+01,6.3385e+01,6.3102e+01,6.2795e+01,6.2920e+01,6.3649e+01,6.4187e+01,6.4318e+01
6.1395e+01,6.1351e+01,6.1653e+01,6.2878e+01,6.4361e+01,6.5545e+01,6.6928e+01,6.8604e+01,7.0488e+01,7.1830e+01,7.4199e+01,7.4577e+01,7.2635e+01,7.2364e+01,7.0670e+01,6.8475e+01,6.7382e+01,6.5305e+01,6.4817e+01,6.3149e+01,6.2329e+01,6.0911e+01,6.1548e+01,6.3352e+01,6.2936e+01,6.1944e+01,6.0583e+01,5.9199e+01,5.7923e+01,5.6500e+01,5.4995e+01,5.4750e+01,5.4349e+01,5.4780e+01,5.4242e+01,5.4900e+01,5.5990e+01,5.7197e+01,5.6987e+01,5.8649e+01,5.8328e+01,5.7726e+01,5.6139e+01,5.5618e+01,5.5511e+01,5.5145e+01,5.4517e+01,5.4276e+01,5.5130e+01,5.4688e+01,5.6020e+01,5.5716e+01,5.5597e+01,5.7029e+01,5.8162e+01,5.8429e+01,5.9593e+01,5.9059e+01,5.7963e+01,5.8147e+01,5.8118e+01,5.8255e+01,5.9140e+01,6.0845e+01,6.1661e+01,6.1355e+01,6.1942e+01,6.0317e+01,5.9060e+01,5.7751e+01,5.6461e+01,5.6359e+01,5.6954e+01,5.8152e+01,5.9015e+01,5.8934e+01,5.8941e+01,5.8793e+01,5.8784e+01,5.7185e+01,5.6394e+01,5.5074e+01,5.4509e+01,5.5183e+01,5.6479e+01,5.7112e+01,5.8367e+01,5.9724e+01,5.9939e+01,6.0896e+01,6.1118e+01,6.2697e+01,6.2443e+01,6.2585e+01,6.0780e+01,5.9298e+01,5.8059e+01,5.8141e+01,5.8283e+01,5.9772e+01,6.1353e+01,6.1464e+01,6.2380e+01,6.3490e+01,6.2603e+01,6.2974e+01,6.2841e+01,6.3878e+01,6.5202e+01,6.5955e+01,6.5931e+01,6.6469e+01,6.5699e+01,6.5891e+01,6.7505e+01,6.8960e+01,7.0038e+01,6.9758e+01,6.9055e+01,6.8462e+01,6.7365e+01,6.7921e+01,6.7278e+01,6.6455e+01,6.5316e+01,6.3869e+01,6.3750e+01,6.4818e+01,6.4619e+01,6.4998e+01,6.4123e+01,6.2733e+01,6.2113e+01,6.1581e+01,6.1667e+01,6.1323e+01,6.1687e+01,6.1903e+01,6.1297e+01,6.1138e+01,6.1155e+01,6.1562e+01,6.1796e+01,6.2070e+01,6.2953e+01,6.3683e+01,6.3836e+01,6.4585e+01,6.4483e+01,6.4002e+01,6.4391e+01,6.3835e+01,6.4190e+01,6.6022e+01,6.6685e+01,6.7096e+01,6.6796e+01,6.6780e+01,6.6407e+01,6.6255e+01,6.6414e+01,6.5492e+01,6.5313e+01,6.4166e+01,6.4421e+01,6.3637e+01,6.3349e+01,6.3057e+01,6.3175e+01,6.3881e+01,6.4409e+01,6.4541e+01
6.1641e+01,6.1590e+01,6.1902e+01,6.3100e+01,6.4571e+01,6.5734e+01,6.7106e+01,6.8762e+01,7.0645e+01,7.1993e+01,7.4363e+01,7.4755e+01,7.2831e+01,7.2580e+01,7.0903e+01,6.8710e+01,6.7633e+01,6.5567e+01,6.5088e+01,6.3407e+01,6.2563e+01,6.1132e+01,6.1743e+01,6.3522e+01,6.3082e+01,6.2080e+01,6.0746e+01,5.9367e+01,5.8114e+01,5.6711e+01,5.5219e+01,5.5004e+01,5.4629e+01,5.5084e+01,5.4573e+01,5.5248e+01,5.6328e+01,5.7545e+01,5.7354e+01,5.9025e+01,5.8727e+01,5.8156e+01,5.6564e+01,5.6053e+01,5.5916e+01,5.5522e+01,5.4891e+01,5.4618e+01,5.5441e+01,5.4979e+01,5.6285e+01,5.5968e+01,5.5827e+01,5.7231e+01,5.8350e+01,5.8640e+01,5.9803e+01,5.9297e+01,5.8207e+01,5.8387e+01,5.8333e+01,5.8473e+01,5.9366e+01,6.1052e+01,6.1844e+01,6.1518e+01,6.2077e+01,6.0456e+01,5.9226e+01,5.7945e+01,5.6682e+01,5.6600e+01,5.7194e+01,5.8396e+01,5.9256e+01,5.9197e+01,5.9193e+01,5.9021e+01,5.8998e+01,5.7411e+01,5.6646e+01,5.5334e+01,5.4795e+01,5.5457e+01,5.6744e+01,5.7350e+01,5.8596e+01,5.9933e+01,6.0140e+01,6.1072e+01,6.1271e+01,6.2832e+01,6.2568e+01,6.2722e+01,6.0929e+01,5.9462e+01,5.8242e+01,5.8318e+01,5.8478e+01,5.9967e+01,6.1536e+01,6.1645e+01,6.2571e+01,6.3676e+01,6.2786e+01,6.3172e+01,6.3046e+01,6.4093e+01,6.5421e+01,6.6172e+01,6.6152e+01,6.6696e+01,6.5929e+01,6.6120e+01,6.7726e+01,6.9168e+01,7.0244e+01,6.9966e+01,6.9268e+01,6.8678e+01,6.7587e+01,6.8148e+01,6.7512e+01,6.6701e+01,6.5575e+01,6.4126e+01,6.4024e+01,6.5077e+01,6.4861e+01,6.5223e+01,6.4340e+01,6.2954e+01,6.2333e+01,6.1791e+01,6.1863e+01,6.1534e+01,6.1888e+01,6.2092e+01,6.1503e+01,6.1355e+01,6.1372e+01,6.1795e+01,6.2021e+01,6.2305e+01,6.3179e+01,6.3890e+01,6.4032e+01,6.4768e+01,6.4679e+01,6.4210e+01,6.4586e+01,6.4044e+01,6.4392e+01,6.6206e+01,6.6862e+01,6.7261e+01,6.6969e+01,6.6945e+01,6.6591e+01,6.6453e+01,6.6625e+01,6.5708e+01,6.5549e+01,6.4422e+01,6.4691e+01,6.3931e+01,6.3655e+01,6.3394e+01,6.3536e+01,6.4251e+01,6.4795e+01,6.4924e+01
6.2050e+01,6.2011e+01,6.2313e+01,6.3496e+01,6.4954e+01,6.6112e+01,6.7473e+01,6.9115e+01,7.0972e+01,7.2305e+01,7.4650e+01,7.5035e+01,7.3123e+01,7.2863e+01,7.1199e+01,6.9032e+01,6.7964e+01,6.5926e+01,6.5454e+01,6.3808e+01,6.2985e+01,6.1591e+01,6.2193e+01,6.3943e+01,6.3520e+01,6.2549e+01,6.1237e+01,5.9897e+01,5.8668e+01,5.7289e+01,5.5841e+01,5.5621e+01,5.5258e+01,5.5696e+01,5.5200e+01,5.5867e+01,5.6922e+01,5.8112e+01,5.7940e+01,5.9569e+01,5.9293e+01,5.8747e+01,5.7195e+01,5.6718e+01,5.6590e+01,5.6186e+01,5.5553e+01,5.5280e+01,5.6080e+01,5.5624e+01,5.6892e+01,5.6578e+01,5.6461e+01,5.7830e+01,5.8912e+01,5.9181e+01,6.0308e+01,5.9801e+01,5.8730e+01,5.8898e+01,5.8854e+01,5.8980e+01,5.9840e+01,6.1497e+01,6.2282e+01,6.1970e+01,6.2531e+01,6.0947e+01,5.9732e+01,5.8469e+01,5.7227e+01,5.7134e+01,5.7714e+01,5.8890e+01,5.9729e+01,5.9673e+01,5.9673e+01,5.9502e+01,5.9477e+01,5.7925e+01,5.7181e+01,5.5909e+01,5.5393e+01,5.6036e+01,5.7285e+01,5.7873e+01,5.9093e+01,6.0404e+01,6.0604e+01,6.1522e+01,6.1722e+01,6.3259e+01,6.2994e+01,6.3141e+01,6.1377e+01,5.9938e+01,5.8741e+01,5.8817e+01,5.8971e+01,6.0426e+01,6.1966e+01,6.2078e+01,6.2992e+01,6.4088e+01,6.3213e+01,6.3588e+01,6.3452e+01,6.4480e+01,6.5792e+01,6.6546e+01,6.6516e+01,6.7038e+01,6.6266e+01,6.6446e+01,6.8026e+01,6.9449e+01,7.0513e+01,7.0250e+01,6.9558e+01,6.8992e+01,6.7913e+01,6.8474e+01,6.7861e+01,6.7055e+01,6.5952e+01,6.4527e+01,6.4425e+01,6.5449e+01,6.5239e+01,6.5591e+01,6.4731e+01,6.3366e+01,6.2770e+01,6.2235e+01,6.2310e+01,6.1992e+01,6.2355e+01,6.2562e+01,6.1991e+01,6.1850e+01,6.1886e+01,6.2312e+01,6.2549e+01,6.2845e+01,6.3727e+01,6.4422e+01,6.4577e+01,6.5296e+01,6.5216e+01,6.4771e+01,6.5154e+01,6.4626e+01,6.4957e+01,6.6760e+01,6.7390e+01,6.7756e+01,6.7460e+01,6.7424e+01,6.7092e+01,6.6959e+01,6.7120e+01,6.6205e+01,6.6038e+01,6.4934e+01,6.5200e+01,6.4450e+01,6.4155e+01,6.3894e+01,6.4031e+01,6.4731e+01,6.5266e+01,6.5391e+01
6.2130e+01,6.2111e+01,6.2403e+01,6.3613e+01,6.5092e+01,6.6273e+01,6.7652e+01,6.9314e+01,7.1169e+01,7.2498e+01,7.4837e+01,7.5213e+01,7.3285e+01,7.3003e+01,7.1323e+01,6.9152e+01,6.8067e+01,6.6016e+01,6.5529e+01,6.3901e+01,6.3110e+01,6.1734e+01,6.2364e+01,6.4140e+01,6.3741e+01,6.2779e+01,6.1438e+01,6.0090e+01,5.8833e+01,5.7430e+01,5.5961e+01,5.5703e+01,5.5301e+01,5.5704e+01,5.5165e+01,5.5801e+01,5.6865e+01,5.8033e+01,5.7817e+01,5.9428e+01,5.9103e+01,5.8517e+01,5.6979e+01,5.6474e+01,5.6378e+01,5.6029e+01,5.5417e+01,5.5198e+01,5.6042e+01,5.5625e+01,5.6933e+01,5.6648e+01,5.6551e+01,5.7960e+01,5.9070e+01,5.9315e+01,6.0451e+01,5.9909e+01,5.8832e+01,5.9008e+01,5.8994e+01,5.9112e+01,5.9956e+01,6.1633e+01,6.2451e+01,6.2158e+01,6.2749e+01,6.1160e+01,5.9923e+01,5.8625e+01,5.7353e+01,5.7226e+01,5.7789e+01,5.8946e+01,5.9772e+01,5.9680e+01,5.9680e+01,5.9542e+01,5.9548e+01,5.7991e+01,5.7216e+01,5.5932e+01,5.5380e+01,5.6019e+01,5.7269e+01,5.7885e+01,5.9093e+01,6.0428e+01,6.0658e+01,6.1601e+01,6.1811e+01,6.3371e+01,6.3133e+01,6.3284e+01,6.1514e+01,6.0052e+01,5.8848e+01,5.8946e+01,5.9084e+01,6.0535e+01,6.2085e+01,6.2186e+01,6.3079e+01,6.4170e+01,6.3285e+01,6.3630e+01,6.3490e+01,6.4487e+01,6.5784e+01,6.6519e+01,6.6462e+01,6.6978e+01,6.6218e+01,6.6415e+01,6.7982e+01,6.9410e+01,7.0450e+01,7.0177e+01,6.9469e+01,6.8900e+01,6.7818e+01,6.8349e+01,6.7729e+01,6.6921e+01,6.5818e+01,6.4422e+01,6.4315e+01,6.5344e+01,6.5152e+01,6.5527e+01,6.4692e+01,6.3341e+01,6.2755e+01,6.2253e+01,6.2336e+01,6.2001e+01,6.2350e+01,6.2558e+01,6.1989e+01,6.1826e+01,6.1863e+01,6.2283e+01,6.2520e+01,6.2801e+01,6.3675e+01,6.4370e+01,6.4533e+01,6.5252e+01,6.5152e+01,6.4704e+01,6.5103e+01,6.4565e+01,6.4907e+01,6.6715e+01,6.7343e+01,6.7705e+01,6.7403e+01,6.7363e+01,6.7032e+01,6.6900e+01,6.7064e+01,6.6149e+01,6.5985e+01,6.4881e+01,6.5141e+01,6.4378e+01,6.4075e+01,6.3805e+01,6.3943e+01,6.4639e+01,6.5173e+01,6.5288e+01
6.2346e+01,6.2317e+01,6.2605e+01,6.3812e+01,6.5297e+01,6.6465e+01,6.7842e+01,6.9491e+01,7.1348e+01,7.2684e+01,7.5021e+01,7.5410e+01,7.3495e+01,7.3225e+01,7.1555e+01,6.9379e+01,6.8303e+01,6.6248e+01,6.5758e+01,6.4121e+01,6.3322e+01,6.1934e+01,6.2562e+01,6.4340e+01,6.3928e+01,6.2955e+01,6.1613e+01,6.0250e+01,5.8985e+01,5.7570e+01,5.6074e+01,5.5822e+01,5.5406e+01,5.5818e+01,5.5265e+01,5.5900e+01,5.6975e+01,5.8155e+01,5.7911e+01,5.9551e+01,5.9195e+01,5.8592e+01,5.7025e+01,5.6474e+01,5.6357e+01,5.6035e+01,5.5447e+01,5.5237e+01,5.6102e+01,5.5691e+01,5.7032e+01,5.6749e+01,5.6630e+01,5.8060e+01,5.9198e+01,5.9464e+01,6.0626e+01,6.0091e+01,5.9005e+01,5.9187e+01,5.9165e+01,5.9286e+01,6.0141e+01,6.1825e+01,6.2640e+01,6.2335e+01,6.2918e+01,6.1318e+01,6.0085e+01,5.8783e+01,5.7506e+01,5.7383e+01,5.7947e+01,5.9114e+01,5.9941e+01,5.9841e+01,5.9832e+01,5.9696e+01,5.9710e+01,5.8136e+01,5.7351e+01,5.6038e+01,5.5469e+01,5.6109e+01,5.7381e+01,5.8006e+01,5.9218e+01,6.0569e+01,6.0814e+01,6.1759e+01,6.1957e+01,6.3527e+01,6.3293e+01,6.3456e+01,6.1679e+01,6.0203e+01,5.8993e+01,5.9097e+01,5.9243e+01,6.0711e+01,6.2269e+01,6.2367e+01,6.3264e+01,6.4359e+01,6.3465e+01,6.3799e+01,6.3651e+01,6.4644e+01,6.5940e+01,6.6670e+01,6.6601e+01,6.7117e+01,6.6362e+01,6.6565e+01,6.8120e+01,6.9541e+01,7.0571e+01,7.0295e+01,6.9587e+01,6.9017e+01,6.7937e+01,6.8458e+01,6.7839e+01,6.7032e+01,6.5929e+01,6.4536e+01,6.4430e+01,6.5462e+01,6.5273e+01,6.5652e+01,6.4824e+01,6.3479e+01,6.2893e+01,6.2401e+01,6.2487e+01,6.2155e+01,6.2489e+01,6.2687e+01,6.2118e+01,6.1941e+01,6.1965e+01,6.2381e+01,6.2604e+01,6.2872e+01,6.3732e+01,6.4414e+01,6.4569e+01,6.5285e+01,6.5178e+01,6.4722e+01,6.5116e+01,6.4576e+01,6.4926e+01,6.6728e+01,6.7360e+01,6.7725e+01,6.7431e+01,6.7386e+01,6.7059e+01,6.6928e+01,6.7109e+01,6.6203e+01,6.6057e+01,6.4957e+01,6.5213e+01,6.4459e+01,6.4167e+01,6.3919e+01,6.4075e+01,6.4780e+01,6.5329e+01,6.5444e+01
6.3147e+01,6.3117e+01,6.3404e+01,6.4588e+01,6.6055e+01,6.7201e+01,6.8559e+01,7.0180e+01,7.2018e+01,7.3344e+01,7.5661e+01,7.6053e+01,7.4165e+01,7.3908e+01,7.2262e+01,7.0106e+01,6.9048e+01,6.7020e+01,6.6540e+01,6.4917e+01,6.4115e+01,6.2741e+01,6.3348e+01,6.5092e+01,6.4673e+01,6.3710e+01,6.2398e+01,6.1060e+01,5.9822e+01,5.8432e+01,5.6965e+01,5.6728e+01,5.6332e+01,5.6747e+01,5.6215e+01,5.6852e+01,5.7905e+01,5.9070e+01,5.8841e+01,6.0458e+01,6.0126e+01,5.9563e+01,5.8020e+01,5.7500e+01,5.7376e+01,5.7025e+01,5.6434e+01,5.6209e+01,5.7043e+01,5.6629e+01,5.7933e+01,5.7649e+01,5.7528e+01,5.8922e+01,6.0032e+01,6.0302e+01,6.1444e+01,6.0928e+01,5.9858e+01,6.0033e+01,6.0001e+01,6.0117e+01,6.0962e+01,6.2618e+01,6.3414e+01,6.3103e+01,6.3669e+01,6.2092e+01,6.0889e+01,5.9614e+01,5.8365e+01,5.8253e+01,5.8804e+01,5.9959e+01,6.0769e+01,6.0678e+01,6.0651e+01,6.0500e+01,6.0513e+01,5.8962e+01,5.8202e+01,5.6904e+01,5.6358e+01,5.6970e+01,5.8219e+01,5.8815e+01,6.0002e+01,6.1332e+01,6.1582e+01,6.2504e+01,6.2676e+01,6.4231e+01,6.4001e+01,6.4180e+01,6.2423e+01,6.0960e+01,5.9776e+01,5.9885e+01,6.0050e+01,6.1508e+01,6.3046e+01,6.3135e+01,6.4031e+01,6.5114e+01,6.4216e+01,6.4553e+01,6.4416e+01,6.5397e+01,6.6679e+01,6.7395e+01,6.7320e+01,6.7832e+01,6.7090e+01,6.7291e+01,6.8822e+01,7.0214e+01,7.1228e+01,7.0950e+01,7.0249e+01,6.9689e+01,6.8622e+01,6.9139e+01,6.8530e+01,6.7746e+01,6.6670e+01,6.5291e+01,6.5212e+01,6.6219e+01,6.6012e+01,6.6377e+01,6.5554e+01,6.4227e+01,6.3646e+01,6.3161e+01,6.3231e+01,6.2903e+01,6.3226e+01,6.3419e+01,6.2878e+01,6.2706e+01,6.2739e+01,6.3175e+01,6.3392e+01,6.3662e+01,6.4506e+01,6.5169e+01,6.5313e+01,6.6008e+01,6.5903e+01,6.5467e+01,6.5859e+01,6.5340e+01,6.5685e+01,6.7464e+01,6.8091e+01,6.8428e+01,6.8145e+01,6.8082e+01,6.7790e+01,6.7687e+01,6.7886e+01,6.6988e+01,6.6870e+01,6.5797e+01,6.6073e+01,6.5335e+01,6.5050e+01,6.4825e+01,6.5004e+01,6.5714e+01,6.6283e+01,6.6393e+01
6.3709e+01,6.3685e+01,6.3951e+01,6.5123e+01,6.6580e+01,6.7721e+01,6.9069e+01,7.0675e+01,7.2484e+01,7.3797e+01,7.6085e+01,7.6473e+01,7.4598e+01,7.4330e+01,7.2698e+01,7.0570e+01,6.9525e+01,6.7528e+01,6.7060e+01,6.5475e+01,6.4695e+01,6.3357e+01,6.3953e+01,6.5671e+01,6.5267e+01,6.4333e+01,6.3041e+01,6.1737e+01,6.0521e+01,5.9149e+01,5.7716e+01,5.7475e+01,5.7092e+01,5.7490e+01,5.6962e+01,5.7587e+01,5.8623e+01,5.9758e+01,5.9532e+01,6.1096e+01,6.0761e+01,6.0203e+01,5.8710e+01,5.8208e+01,5.8109e+01,5.7775e+01,5.7190e+01,5.6980e+01,5.7807e+01,5.7400e+01,5.8680e+01,5.8398e+01,5.8290e+01,5.9657e+01,6.0739e+01,6.0997e+01,6.2108e+01,6.1592e+01,6.0535e+01,6.0696e+01,6.0670e+01,6.0768e+01,6.1580e+01,6.3205e+01,6.4002e+01,6.3702e+01,6.4272e+01,6.2725e+01,6.1539e+01,6.0276e+01,5.9049e+01,5.8923e+01,5.9455e+01,6.0578e+01,6.1358e+01,6.1260e+01,6.1229e+01,6.1089e+01,6.1111e+01,5.9595e+01,5.8849e+01,5.7582e+01,5.7049e+01,5.7637e+01,5.8851e+01,5.9434e+01,6.0590e+01,6.1899e+01,6.2152e+01,6.3064e+01,6.3241e+01,6.4776e+01,6.4552e+01,6.4727e+01,6.2998e+01,6.1557e+01,6.0398e+01,6.0513e+01,6.0673e+01,6.2094e+01,6.3602e+01,6.3686e+01,6.4561e+01,6.5621e+01,6.4733e+01,6.5059e+01,6.4922e+01,6.5877e+01,6.7139e+01,6.7843e+01,6.7758e+01,6.8260e+01,6.7525e+01,6.7733e+01,6.9237e+01,7.0618e+01,7.1610e+01,7.1335e+01,7.0627e+01,7.0076e+01,6.9016e+01,6.9516e+01,6.8912e+01,6.8135e+01,6.7071e+01,6.5720e+01,6.5651e+01,6.6643e+01,6.6441e+01,6.6811e+01,6.6010e+01,6.4704e+01,6.4138e+01,6.3675e+01,6.3741e+01,6.3411e+01,6.3726e+01,6.3922e+01,6.3399e+01,6.3219e+01,6.3253e+01,6.3700e+01,6.3922e+01,6.4189e+01,6.5020e+01,6.5680e+01,6.5826e+01,6.6500e+01,6.6389e+01,6.5974e+01,6.6375e+01,6.5869e+01,6.6219e+01,6.7980e+01,6.8607e+01,6.8924e+01,6.8647e+01,6.8579e+01,6.8312e+01,6.8231e+01,6.8428e+01,6.7531e+01,6.7418e+01,6.6376e+01,6.6667e+01,6.5936e+01,6.5639e+01,6.5411e+01,6.5598e+01,6.6295e+01,6.6859e+01,6.6969e+01
6.3878e+01,6.3846e+01,6.4088e+01,6.5274e+01,6.6749e+01,6.7896e+01,6.9255e+01,7.0865e+01,7.2660e+01,7.3985e+01,7.6263e+01,7.6662e+01,7.4781e+01,7.4496e+01,7.2866e+01,7.0737e+01,6.9693e+01,6.7689e+01,6.7226e+01,6.5653e+01,6.4886e+01,6.3559e+01,6.4161e+01,6.5892e+01,6.5494e+01,6.4568e+01,6.3267e+01,6.1961e+01,6.0740e+01,5.9341e+01,5.7894e+01,5.7633e+01,5.7234e+01,5.7619e+01,5.7057e+01,5.7677e+01,5.8739e+01,5.9881e+01,5.9626e+01,6.1205e+01,6.0825e+01,6.0206e+01,5.8702e+01,5.8162e+01,5.8091e+01,5.7806e+01,5.7231e+01,5.7059e+01,5.7927e+01,5.7535e+01,5.8852e+01,5.8574e+01,5.8470e+01,5.9866e+01,6.0967e+01,6.1222e+01,6.2341e+01,6.1810e+01,6.0735e+01,6.0887e+01,6.0865e+01,6.0946e+01,6.1744e+01,6.3371e+01,6.4186e+01,6.3885e+01,6.4472e+01,6.2911e+01,6.1723e+01,6.0439e+01,5.9204e+01,5.9069e+01,5.9580e+01,6.0689e+01,6.1450e+01,6.1328e+01,6.1281e+01,6.1156e+01,6.1202e+01,5.9690e+01,5.8933e+01,5.7657e+01,5.7102e+01,5.7676e+01,5.8889e+01,5.9480e+01,6.0619e+01,6.1933e+01,6.2208e+01,6.3120e+01,6.3288e+01,6.4826e+01,6.4628e+01,6.4818e+01,6.3101e+01,6.1650e+01,6.0503e+01,6.0646e+01,6.0803e+01,6.2215e+01,6.3715e+01,6.3779e+01,6.4629e+01,6.5670e+01,6.4767e+01,6.5068e+01,6.4921e+01,6.5856e+01,6.7107e+01,6.7795e+01,6.7694e+01,6.8197e+01,6.7473e+01,6.7695e+01,6.9180e+01,7.0560e+01,7.1533e+01,7.1252e+01,7.0539e+01,6.9984e+01,6.8924e+01,6.9404e+01,6.8795e+01,6.8018e+01,6.6956e+01,6.5624e+01,6.5557e+01,6.6544e+01,6.6349e+01,6.6728e+01,6.5940e+01,6.4653e+01,6.4091e+01,6.3653e+01,6.3724e+01,6.3393e+01,6.3685e+01,6.3875e+01,6.3357e+01,6.3162e+01,6.3187e+01,6.3624e+01,6.3840e+01,6.4102e+01,6.4924e+01,6.5577e+01,6.5727e+01,6.6401e+01,6.6278e+01,6.5854e+01,6.6259e+01,6.5748e+01,6.6106e+01,6.7862e+01,6.8485e+01,6.8810e+01,6.8534e+01,6.8467e+01,6.8199e+01,6.8112e+01,6.8308e+01,6.7410e+01,6.7295e+01,6.6257e+01,6.6537e+01,6.5809e+01,6.5508e+01,6.5285e+01,6.5473e+01,6.6168e+01,6.6732e+01,6.6845e+01
6.4442e+01,6.4427e+01,6.4662e+01,6.5843e+01,6.7316e+01,6.8461e+01,6.9818e+01,7.1418e+01,7.3195e+01,7.4509e+01,7.6766e+01,7.7161e+01,7.5290e+01,7.4997e+01,7.3375e+01,7.1261e+01,7.0223e+01,6.8232e+01,6.7773e+01,6.6227e+01,6.5481e+01,6.4179e+01,6.4779e+01,6.6495e+01,6.6102e+01,6.5191e+01,6.3905e+01,6.2616e+01,6.1409e+01,6.0020e+01,5.8593e+01,5.8327e+01,5.7930e+01,5.8301e+01,5.7734e+01,5.8342e+01,5.9397e+01,6.0521e+01,6.0265e+01,6.1812e+01,6.1426e+01,6.0795e+01,5.9328e+01,5.8814e+01,5.8775e+01,5.8492e+01,5.7909e+01,5.7754e+01,5.8626e+01,5.8240e+01,5.9546e+01,5.9268e+01,5.9174e+01,6.0557e+01,6.1643e+01,6.1891e+01,6.2994e+01,6.2458e+01,6.1388e+01,6.1531e+01,6.1515e+01,6.1584e+01,6.2361e+01,6.3972e+01,6.4789e+01,6.4494e+01,6.5081e+01,6.3538e+01,6.2363e+01,6.1088e+01,5.9862e+01,5.9719e+01,6.0210e+01,6.1295e+01,6.2037e+01,6.1909e+01,6.1860e+01,6.1740e+01,6.1792e+01,6.0304e+01,5.9558e+01,5.8302e+01,5.7755e+01,5.8311e+01,5.9498e+01,6.0079e+01,6.1192e+01,6.2492e+01,6.2772e+01,6.3672e+01,6.3831e+01,6.5356e+01,6.5169e+01,6.5368e+01,6.3673e+01,6.2229e+01,6.1102e+01,6.1254e+01,6.1413e+01,6.2808e+01,6.4290e+01,6.4346e+01,6.5183e+01,6.6213e+01,6.5314e+01,6.5593e+01,6.5434e+01,6.6338e+01,6.7565e+01,6.8247e+01,6.8121e+01,6.8599e+01,6.7877e+01,6.8096e+01,6.9541e+01,7.0894e+01,7.1840e+01,7.1573e+01,7.0861e+01,7.0334e+01,6.9289e+01,6.9754e+01,6.9168e+01,6.8400e+01,6.7367e+01,6.6082e+01,6.6017e+01,6.6969e+01,6.6784e+01,6.7156e+01,6.6405e+01,6.5153e+01,6.4628e+01,6.4211e+01,6.4290e+01,6.3976e+01,6.4266e+01,6.4453e+01,6.3966e+01,6.3770e+01,6.3805e+01,6.4243e+01,6.4455e+01,6.4713e+01,6.5529e+01,6.6153e+01,6.6303e+01,6.6969e+01,6.6839e+01,6.6422e+01,6.6826e+01,6.6320e+01,6.6669e+01,6.8404e+01,6.9001e+01,6.9302e+01,6.9034e+01,6.8954e+01,6.8719e+01,6.8645e+01,6.8847e+01,6.7959e+01,6.7851e+01,6.6834e+01,6.7106e+01,6.6380e+01,6.6069e+01,6.5855e+01,6.6039e+01,6.6722e+01,6.7284e+01,6.7386e+01
6.4793e+01,6.4804e+01,6.5059e+01,6.6237e+01,6.7695e+01,6.8845e+01,7.0190e+01,7.1787e+01,7.3564e+01,7.4863e+01,7.7118e+01,7.7500e+01,7.5632e+01,7.5343e+01,7.3719e+01,7.1615e+01,7.0568e+01,6.8585e+01,6.8115e+01,6.6573e+01,6.5831e+01,6.4536e+01,6.5142e+01,6.6849e+01,6.6462e+01,6.5546e+01,6.4265e+01,6.2982e+01,6.1778e+01,6.0418e+01,5.9011e+01,5.8750e+01,5.8351e+01,5.8709e+01,5.8158e+01,5.8743e+01,5.9762e+01,6.0849e+01,6.0600e+01,6.2096e+01,6.1734e+01,6.1148e+01,5.9724e+01,5.9239e+01,5.9194e+01,5.8899e+01,5.8325e+01,5.8168e+01,5.9011e+01,5.8639e+01,5.9909e+01,5.9649e+01,5.9563e+01,6.0914e+01,6.1984e+01,6.2222e+01,6.3315e+01,6.2780e+01,6.1741e+01,6.1901e+01,6.1898e+01,6.1983e+01,6.2759e+01,6.4366e+01,6.5174e+01,6.4889e+01,6.5467e+01,6.3942e+01,6.2769e+01,6.1512e+01,6.0289e+01,6.0144e+01,6.0645e+01,6.1726e+01,6.2474e+01,6.2360e+01,6.2318e+01,6.2191e+01,6.2233e+01,6.0753e+01,6.0019e+01,5.8777e+01,5.8243e+01,5.8796e+01,5.9973e+01,6.0546e+01,6.1654e+01,6.2944e+01,6.3216e+01,6.4106e+01,6.4260e+01,6.5775e+01,6.5583e+01,6.5779e+01,6.4091e+01,6.2658e+01,6.1535e+01,6.1679e+01,6.1839e+01,6.3229e+01,6.4707e+01,6.4770e+01,6.5616e+01,6.6656e+01,6.5770e+01,6.6055e+01,6.5899e+01,6.6800e+01,6.8016e+01,6.8703e+01,6.8578e+01,6.9045e+01,6.8320e+01,6.8527e+01,6.9956e+01,7.1289e+01,7.2229e+01,7.1972e+01,7.1268e+01,7.0760e+01,6.9727e+01,7.0195e+01,6.9623e+01,6.8866e+01,6.7849e+01,6.6579e+01,6.6517e+01,6.7454e+01,6.7266e+01,6.7624e+01,6.6878e+01,6.5635e+01,6.5122e+01,6.4701e+01,6.4773e+01,6.4469e+01,6.4762e+01,6.4940e+01,6.4464e+01,6.4272e+01,6.4315e+01,6.4756e+01,6.4963e+01,6.5216e+01,6.6032e+01,6.6639e+01,6.6786e+01,6.7461e+01,6.7331e+01,6.6908e+01,6.7307e+01,6.6794e+01,6.7128e+01,6.8846e+01,6.9425e+01,6.9711e+01,6.9453e+01,6.9369e+01,6.9153e+01,6.9090e+01,6.9306e+01,6.8433e+01,6.8333e+01,6.7322e+01,6.7593e+01,6.6868e+01,6.6561e+01,6.6358e+01,6.6534e+01,6.7209e+01,6.7767e+01,6.7851e+01
6.5193e+01,6.5225e+01,6.5470e+01,6.6672e+01,6.8140e+01,6.9311e+01,7.0666e+01,7.2275e+01,7.4037e+01,7.5333e+01,7.7576e+01,7.7952e+01,7.6074e+01,7.5764e+01,7.4133e+01,7.2034e+01,7.0977e+01,6.8988e+01,6.8512e+01,6.6993e+01,6.6278e+01,6.5006e+01,6.5626e+01,6.7341e+01,6.6974e+01,6.6071e+01,6.4780e+01,6.3503e+01,6.2286e+01,6.0921e+01,5.9515e+01,5.9223e+01,5.8797e+01,5.9120e+01,5.8534e+01,5.9093e+01,6.0116e+01,6.1182e+01,6.0913e+01,6.2385e+01,6.2007e+01,6.1374e+01,5.9964e+01,5.9473e+01,5.9473e+01,5.9214e+01,5.8643e+01,5.8530e+01,5.9402e+01,5.9061e+01,6.0345e+01,6.0111e+01,6.0050e+01,6.1411e+01,6.2488e+01,6.2702e+01,6.3791e+01,6.3231e+01,6.2198e+01,6.2361e+01,6.2383e+01,6.2460e+01,6.3212e+01,6.4820e+01,6.5652e+01,6.5383e+01,6.5984e+01,6.4467e+01,6.3286e+01,6.2009e+01,6.0774e+01,6.0600e+01,6.1079e+01,6.2133e+01,6.2858e+01,6.2718e+01,6.2662e+01,6.2554e+01,6.2624e+01,6.1156e+01,6.0411e+01,5.9169e+01,5.8610e+01,5.9140e+01,6.0303e+01,6.0889e+01,6.1966e+01,6.3260e+01,6.3562e+01,6.4453e+01,6.4597e+01,6.6118e+01,6.5958e+01,6.6172e+01,6.4498e+01,6.3055e+01,6.1947e+01,6.2120e+01,6.2276e+01,6.3654e+01,6.5123e+01,6.5166e+01,6.5989e+01,6.7016e+01,6.6122e+01,6.6383e+01,6.6222e+01,6.7091e+01,6.8290e+01,6.8959e+01,6.8809e+01,6.9269e+01,6.8557e+01,6.8772e+01,7.0171e+01,7.1485e+01,7.2398e+01,7.2144e+01,7.1433e+01,7.0938e+01,6.9912e+01,7.0359e+01,6.9798e+01,6.9047e+01,6.8046e+01,6.6801e+01,6.6744e+01,6.7668e+01,6.7485e+01,6.7845e+01,6.7123e+01,6.5906e+01,6.5408e+01,6.5019e+01,6.5090e+01,6.4787e+01,6.5055e+01,6.5214e+01,6.4763e+01,6.4546e+01,6.4586e+01,6.5018e+01,6.5213e+01,6.5438e+01,6.6238e+01,6.6836e+01,6.6996e+01,6.7674e+01,6.7511e+01,6.7077e+01,6.7495e+01,6.6965e+01,6.7304e+01,6.9014e+01,6.9577e+01,6.9856e+01,6.9597e+01,6.9494e+01,6.9294e+01,6.9246e+01,6.9488e+01,6.8626e+01,6.8544e+01,6.7541e+01,6.7809e+01,6.7071e+01,6.6758e+01,6.6559e+01,6.6739e+01,6.7426e+01,6.7997e+01,6.8078e+01
6.5556e+01,6.5591e+01,6.5819e+01,6.7035e+01,6.8517e+01,6.9695e+01,7.1062e+01,7.2676e+01,7.4429e+01,7.5729e+01,7.7963e+01,7.8343e+01,7.6461e+01,7.6140e+01,7.4507e+01,7.2406e+01,7.1345e+01,6.9346e+01,6.8870e+01,6.7368e+01,6.6672e+01,6.5415e+01,6.6043e+01,6.7764e+01,6.7407e+01,6.6512e+01,6.5215e+01,6.3938e+01,6.2716e+01,6.1334e+01,5.9920e+01,5.9607e+01,5.9164e+01,5.9469e+01,5.8849e+01,5.9399e+01,6.0442e+01,6.1507e+01,6.1218e+01,6.2694e+01,6.2291e+01,6.1601e+01,6.0185e+01,5.9681e+01,5.9723e+01,5.9494e+01,5.8920e+01,5.8843e+01,5.9749e+01,5.9424e+01,6.0733e+01,6.0506e+01,6.0453e+01,6.1834e+01,6.2925e+01,6.3131e+01,6.4225e+01,6.3648e+01,6.2604e+01,6.2761e+01,6.2792e+01,6.2854e+01,6.3592e+01,6.5201e+01,6.6051e+01,6.5785e+01,6.6401e+01,6.4880e+01,6.3697e+01,6.2402e+01,6.1159e+01,6.0970e+01,6.1428e+01,6.2465e+01,6.3170e+01,6.3009e+01,6.2940e+01,6.2845e+01,6.2937e+01,6.1475e+01,6.0724e+01,5.9477e+01,5.8899e+01,5.9412e+01,6.0567e+01,6.1162e+01,6.2217e+01,6.3515e+01,6.3839e+01,6.4728e+01,6.4864e+01,6.6387e+01,6.6256e+01,6.6482e+01,6.4823e+01,6.3370e+01,6.2274e+01,6.2472e+01,6.2627e+01,6.3996e+01,6.5456e+01,6.5481e+01,6.6281e+01,6.7296e+01,6.6392e+01,6.6621e+01,6.6442e+01,6.7282e+01,6.8470e+01,6.9128e+01,6.8953e+01,6.9406e+01,6.8698e+01,6.8922e+01,7.0290e+01,7.1593e+01,7.2480e+01,7.2229e+01,7.1511e+01,7.1028e+01,7.0006e+01,7.0434e+01,6.9883e+01,6.9132e+01,6.8141e+01,6.6919e+01,6.6857e+01,6.7769e+01,6.7598e+01,6.7961e+01,6.7263e+01,6.6068e+01,6.5588e+01,6.5225e+01,6.5305e+01,6.5006e+01,6.5249e+01,6.5396e+01,6.4959e+01,6.4721e+01,6.4748e+01,6.5164e+01,6.5344e+01,6.5542e+01,6.6329e+01,6.6918e+01,6.7086e+01,6.7768e+01,6.7579e+01,6.7132e+01,6.7561e+01,6.7014e+01,6.7358e+01,6.9058e+01,6.9612e+01,6.9896e+01,6.9637e+01,6.9525e+01,6.9328e+01,6.9285e+01,6.9545e+01,6.8699e+01,6.8625e+01,6.7623e+01,6.7883e+01,6.7133e+01,6.6817e+01,6.6625e+01,6.6803e+01,6.7500e+01,6.8078e+01,6.8168e+01
6.5480e+01,6.5516e+01,6.5723e+01,6.6963e+01,6.8475e+01,6.9667e+01,7.1066e+01,7.2703e+01,7.4460e+01,7.5778e+01,7.8019e+01,7.8406e+01,7.6504e+01,7.6167e+01,7.4520e+01,7.2395e+01,7.1327e+01,6.9295e+01,6.8814e+01,6.7316e+01,6.6640e+01,6.5389e+01,6.6029e+01,6.7772e+01,6.7425e+01,6.6539e+01,6.5225e+01,6.3943e+01,6.2705e+01,6.1287e+01,5.9854e+01,5.9504e+01,5.9033e+01,5.9316e+01,5.8648e+01,5.9190e+01,6.0265e+01,6.1337e+01,6.1016e+01,6.2510e+01,6.2067e+01,6.1318e+01,5.9875e+01,5.9339e+01,5.9424e+01,5.9236e+01,5.8663e+01,5.8630e+01,5.9585e+01,5.9285e+01,6.0639e+01,6.0427e+01,6.0395e+01,6.1821e+01,6.2939e+01,6.3127e+01,6.4233e+01,6.3624e+01,6.2556e+01,6.2706e+01,6.2747e+01,6.2789e+01,6.3515e+01,6.5136e+01,6.6014e+01,6.5745e+01,6.6389e+01,6.4845e+01,6.3658e+01,6.2327e+01,6.1067e+01,6.0864e+01,6.1293e+01,6.2317e+01,6.3003e+01,6.2814e+01,6.2722e+01,6.2641e+01,6.2763e+01,6.1296e+01,6.0529e+01,5.9265e+01,5.8657e+01,5.9150e+01,6.0306e+01,6.0916e+01,6.1953e+01,6.3265e+01,6.3620e+01,6.4513e+01,6.4634e+01,6.6173e+01,6.6075e+01,6.6326e+01,6.4671e+01,6.3190e+01,6.2105e+01,6.2340e+01,6.2498e+01,6.3871e+01,6.5330e+01,6.5327e+01,6.6100e+01,6.7103e+01,6.6177e+01,6.6371e+01,6.6170e+01,6.6992e+01,6.8184e+01,6.8835e+01,6.8636e+01,6.9088e+01,6.8378e+01,6.8611e+01,6.9966e+01,7.1271e+01,7.2145e+01,7.1898e+01,7.1171e+01,7.0694e+01,6.9665e+01,7.0081e+01,6.9537e+01,6.8767e+01,6.7769e+01,6.6554e+01,6.6472e+01,6.7386e+01,6.7237e+01,6.7611e+01,6.6933e+01,6.5745e+01,6.5276e+01,6.4932e+01,6.5032e+01,6.4740e+01,6.4963e+01,6.5088e+01,6.4645e+01,6.4380e+01,6.4382e+01,6.4773e+01,6.4929e+01,6.5110e+01,6.5875e+01,6.6448e+01,6.6616e+01,6.7299e+01,6.7093e+01,6.6629e+01,6.7059e+01,6.6500e+01,6.6851e+01,6.8551e+01,6.9096e+01,6.9397e+01,6.9138e+01,6.9022e+01,6.8823e+01,6.8783e+01,6.9054e+01,6.8219e+01,6.8141e+01,6.7137e+01,6.7385e+01,6.6631e+01,6.6306e+01,6.6123e+01,6.6301e+01,6.7006e+01,6.7592e+01,6.7683e+01
6.5532e+01,6.5582e+01,6.5784e+01,6.7045e+01,6.8569e+01,6.9777e+01,7.1187e+01,7.2837e+01,7.4589e+01,7.5902e+01,7.8135e+01,7.8515e+01,7.6606e+01,7.6254e+01,7.4599e+01,7.2474e+01,7.1397e+01,6.9356e+01,6.8867e+01,6.7384e+01,6.6727e+01,6.5490e+01,6.6146e+01,6.7902e+01,6.7570e+01,6.6692e+01,6.5362e+01,6.4080e+01,6.2827e+01,6.1392e+01,5.9947e+01,5.9569e+01,5.9073e+01,5.9333e+01,5.8632e+01,5.9163e+01,6.0257e+01,6.1331e+01,6.0992e+01,6.2499e+01,6.2039e+01,6.1246e+01,5.9780e+01,5.9236e+01,5.9360e+01,5.9187e+01,5.8605e+01,5.8603e+01,5.9593e+01,5.9310e+01,6.0695e+01,6.0495e+01,6.0478e+01,6.1933e+01,6.3065e+01,6.3239e+01,6.4349e+01,6.3717e+01,6.2641e+01,6.2791e+01,6.2849e+01,6.2885e+01,6.3598e+01,6.5229e+01,6.6128e+01,6.5874e+01,6.6536e+01,6.4997e+01,6.3793e+01,6.2442e+01,6.1162e+01,6.0933e+01,6.1345e+01,6.2353e+01,6.3029e+01,6.2815e+01,6.2721e+01,6.2661e+01,6.2808e+01,6.1336e+01,6.0544e+01,5.9267e+01,5.8629e+01,5.9116e+01,6.0276e+01,6.0908e+01,6.1937e+01,6.3269e+01,6.3651e+01,6.4561e+01,6.4686e+01,6.6246e+01,6.6170e+01,6.6428e+01,6.4767e+01,6.3265e+01,6.2173e+01,6.2425e+01,6.2571e+01,6.3946e+01,6.5417e+01,6.5405e+01,6.6165e+01,6.7170e+01,6.6240e+01,6.6412e+01,6.6208e+01,6.7007e+01,6.8192e+01,6.8827e+01,6.8604e+01,6.9058e+01,6.8356e+01,6.8603e+01,6.9951e+01,7.1263e+01,7.2123e+01,7.1872e+01,7.1132e+01,7.0653e+01,6.9620e+01,7.0018e+01,6.9473e+01,6.8700e+01,6.7704e+01,6.6505e+01,6.6416e+01,6.7329e+01,6.7193e+01,6.7577e+01,6.6916e+01,6.5741e+01,6.5280e+01,6.4956e+01,6.5065e+01,6.4768e+01,6.4975e+01,6.5095e+01,6.4659e+01,6.4380e+01,6.4381e+01,6.4767e+01,6.4923e+01,6.5091e+01,6.5851e+01,6.6418e+01,6.6597e+01,6.7277e+01,6.7055e+01,6.6592e+01,6.7035e+01,6.6476e+01,6.6828e+01,6.8517e+01,6.9052e+01,6.9346e+01,6.9081e+01,6.8955e+01,6.8758e+01,6.8714e+01,6.8993e+01,6.8158e+01,6.8093e+01,6.7090e+01,6.7324e+01,6.6570e+01,6.6251e+01,6.6071e+01,6.6255e+01,6.6962e+01,6.7552e+01,6.7642e+01
6.5824e+01,6.5870e+01,6.6045e+01,6.7328e+01,6.8879e+01,7.0100e+01,7.1536e+01,7.3200e+01,7.4946e+01,7.6273e+01,7.8502e+01,7.8894e+01,7.6974e+01,7.6602e+01,7.4943e+01,7.2806e+01,7.1727e+01,6.9666e+01,6.9177e+01,6.7704e+01,6.7067e+01,6.5841e+01,6.6507e+01,6.8278e+01,6.7958e+01,6.7093e+01,6.5751e+01,6.4471e+01,6.3211e+01,6.1739e+01,6.0280e+01,5.9867e+01,5.9348e+01,5.9589e+01,5.8842e+01,5.9376e+01,6.0507e+01,6.1596e+01,6.1235e+01,6.2767e+01,6.2280e+01,6.1437e+01,5.9927e+01,5.9352e+01,5.9520e+01,5.9374e+01,5.8782e+01,5.8816e+01,5.9855e+01,5.9589e+01,6.1018e+01,6.0825e+01,6.0827e+01,6.2324e+01,6.3474e+01,6.3632e+01,6.4747e+01,6.4087e+01,6.2987e+01,6.3124e+01,6.3190e+01,6.3201e+01,6.3895e+01,6.5532e+01,6.6458e+01,6.6206e+01,6.6894e+01,6.5343e+01,6.4129e+01,6.2745e+01,6.1448e+01,6.1202e+01,6.1580e+01,6.2570e+01,6.3217e+01,6.2965e+01,6.2845e+01,6.2809e+01,6.2996e+01,6.1519e+01,6.0706e+01,5.9409e+01,5.8737e+01,5.9198e+01,6.0358e+01,6.1008e+01,6.2012e+01,6.3363e+01,6.3787e+01,6.4706e+01,6.4819e+01,6.6400e+01,6.6367e+01,6.6648e+01,6.4992e+01,6.3461e+01,6.2376e+01,6.2666e+01,6.2813e+01,6.4190e+01,6.5662e+01,6.5621e+01,6.6354e+01,6.7350e+01,6.6398e+01,6.6532e+01,6.6319e+01,6.7086e+01,6.8264e+01,6.8871e+01,6.8614e+01,6.9076e+01,6.8389e+01,6.8663e+01,6.9998e+01,7.1316e+01,7.2147e+01,7.1883e+01,7.1122e+01,7.0636e+01,6.9592e+01,6.9958e+01,6.9403e+01,6.8624e+01,6.7623e+01,6.6444e+01,6.6350e+01,6.7269e+01,6.7152e+01,6.7562e+01,6.6923e+01,6.5762e+01,6.5305e+01,6.5015e+01,6.5138e+01,6.4829e+01,6.5008e+01,6.5127e+01,6.4705e+01,6.4407e+01,6.4409e+01,6.4785e+01,6.4941e+01,6.5098e+01,6.5847e+01,6.6410e+01,6.6593e+01,6.7262e+01,6.7025e+01,6.6562e+01,6.7013e+01,6.6454e+01,6.6813e+01,6.8492e+01,6.9024e+01,6.9329e+01,6.9062e+01,6.8925e+01,6.8720e+01,6.8669e+01,6.8958e+01,6.8128e+01,6.8064e+01,6.7058e+01,6.7278e+01,6.6524e+01,6.6208e+01,6.6044e+01,6.6235e+01,6.6952e+01,6.7547e+01,6.7644e+01
6.5962e+01,6.6016e+01,6.6168e+01,6.7488e+01,6.9079e+01,7.0326e+01,7.1803e+01,7.3497e+01,7.5245e+01,7.6588e+01,7.8819e+01,7.9217e+01,7.7269e+01,7.6867e+01,7.5189e+01,7.3033e+01,7.1939e+01,6.9845e+01,6.9349e+01,6.7885e+01,6.7274e+01,6.6056e+01,6.6749e+01,6.8557e+01,6.8257e+01,6.7402e+01,6.6026e+01,6.4738e+01,6.3446e+01,6.1926e+01,6.0437e+01,5.9970e+01,5.9405e+01,5.9611e+01,5.8799e+01,5.9320e+01,6.0489e+01,6.1581e+01,6.1181e+01,6.2723e+01,6.2193e+01,6.1299e+01,5.9757e+01,5.9136e+01,5.9350e+01,5.9252e+01,5.8660e+01,5.8750e+01,5.9854e+01,5.9624e+01,6.1115e+01,6.0949e+01,6.0981e+01,6.2543e+01,6.3729e+01,6.3856e+01,6.4987e+01,6.4279e+01,6.3154e+01,6.3289e+01,6.3380e+01,6.3371e+01,6.4047e+01,6.5711e+01,6.6681e+01,6.6440e+01,6.7170e+01,6.5597e+01,6.4355e+01,6.2918e+01,6.1580e+01,6.1299e+01,6.1645e+01,6.2611e+01,6.3232e+01,6.2926e+01,6.2782e+01,6.2784e+01,6.3024e+01,6.1535e+01,6.0680e+01,5.9353e+01,5.8627e+01,5.9065e+01,6.0232e+01,6.0917e+01,6.1897e+01,6.3286e+01,6.3764e+01,6.4710e+01,6.4818e+01,6.6438e+01,6.6454e+01,6.6759e+01,6.5096e+01,6.3519e+01,6.2433e+01,6.2772e+01,6.2912e+01,6.4297e+01,6.5781e+01,6.5706e+01,6.6408e+01,6.7397e+01,6.6418e+01,6.6508e+01,6.6289e+01,6.7017e+01,6.8190e+01,6.8767e+01,6.8469e+01,6.8938e+01,6.8267e+01,6.8579e+01,6.9904e+01,7.1242e+01,7.2039e+01,7.1756e+01,7.0963e+01,7.0465e+01,6.9404e+01,6.9728e+01,6.9153e+01,6.8360e+01,6.7343e+01,6.6190e+01,6.6083e+01,6.7025e+01,6.6938e+01,6.7390e+01,6.6779e+01,6.5627e+01,6.5170e+01,6.4926e+01,6.5065e+01,6.4733e+01,6.4882e+01,6.5001e+01,6.4582e+01,6.4256e+01,6.4257e+01,6.4629e+01,6.4782e+01,6.4921e+01,6.5652e+01,6.6226e+01,6.6418e+01,6.7074e+01,6.6805e+01,6.6338e+01,6.6810e+01,6.6248e+01,6.6636e+01,6.8315e+01,6.8856e+01,6.9178e+01,6.8904e+01,6.8757e+01,6.8543e+01,6.8493e+01,6.8788e+01,6.7951e+01,6.7887e+01,6.6873e+01,6.7082e+01,6.6309e+01,6.5982e+01,6.5810e+01,6.6003e+01,6.6733e+01,6.7333e+01,6.7434e+01
6.6857e+01,6.6908e+01,6.7029e+01,6.8361e+01,6.9975e+01,7.1226e+01,7.2726e+01,7.4426e+01,7.6157e+01,7.7515e+01,7.9733e+01,8.0145e+01,7.8193e+01,7.7772e+01,7.6097e+01,7.3937e+01,7.2852e+01,7.0748e+01,7.0264e+01,6.8819e+01,6.8225e+01,6.7025e+01,6.7718e+01,6.9529e+01,6.9240e+01,6.8403e+01,6.7026e+01,6.5752e+01,6.4463e+01,6.2914e+01,6.1422e+01,6.0922e+01,6.0342e+01,6.0528e+01,5.9672e+01,6.0199e+01,6.1402e+01,6.2505e+01,6.2091e+01,6.3642e+01,6.3096e+01,6.2168e+01,6.0595e+01,5.9956e+01,6.0209e+01,6.0130e+01,5.9523e+01,5.9645e+01,6.0794e+01,6.0579e+01,6.2105e+01,6.1942e+01,6.1996e+01,6.3588e+01,6.4780e+01,6.4891e+01,6.6017e+01,6.5285e+01,6.4140e+01,6.4256e+01,6.4351e+01,6.4311e+01,6.4959e+01,6.6615e+01,6.7610e+01,6.7369e+01,6.8121e+01,6.6541e+01,6.5303e+01,6.3840e+01,6.2497e+01,6.2197e+01,6.2495e+01,6.3425e+01,6.3997e+01,6.3647e+01,6.3465e+01,6.3493e+01,6.3783e+01,6.2308e+01,6.1440e+01,6.0109e+01,5.9355e+01,5.9746e+01,6.0893e+01,6.1584e+01,6.2516e+01,6.3910e+01,6.4439e+01,6.5382e+01,6.5469e+01,6.7101e+01,6.7174e+01,6.7514e+01,6.5872e+01,6.4269e+01,6.3212e+01,6.3600e+01,6.3746e+01,6.5119e+01,6.6588e+01,6.6470e+01,6.7134e+01,6.8098e+01,6.7092e+01,6.7142e+01,6.6929e+01,6.7610e+01,6.8763e+01,6.9294e+01,6.8959e+01,6.9442e+01,6.8804e+01,6.9153e+01,7.0453e+01,7.1789e+01,7.2540e+01,7.2235e+01,7.1421e+01,7.0910e+01,6.9846e+01,7.0124e+01,6.9535e+01,6.8750e+01,6.7738e+01,6.6625e+01,6.6525e+01,6.7465e+01,6.7393e+01,6.7872e+01,6.7288e+01,6.6167e+01,6.5711e+01,6.5518e+01,6.5656e+01,6.5310e+01,6.5419e+01,6.5530e+01,6.5133e+01,6.4790e+01,6.4796e+01,6.5164e+01,6.5313e+01,6.5441e+01,6.6143e+01,6.6704e+01,6.6894e+01,6.7525e+01,6.7239e+01,6.6780e+01,6.7261e+01,6.6710e+01,6.7108e+01,6.8761e+01,6.9301e+01,6.9627e+01,6.9355e+01,6.9194e+01,6.8983e+01,6.8936e+01,6.9245e+01,6.8413e+01,6.8359e+01,6.7354e+01,6.7553e+01,6.6790e+01,6.6466e+01,6.6315e+01,6.6529e+01,6.7268e+01,6.7878e+01,6.7980e+01
6.6685e+01,6.6730e+01,6.6835e+01,6.8189e+01,6.9831e+01,7.1098e+01,7.2630e+01,7.4354e+01,7.6099e+01,7.7478e+01,7.9713e+01,8.0138e+01,7.8162e+01,7.7728e+01,7.6036e+01,7.3849e+01,7.2755e+01,7.0615e+01,7.0127e+01,6.8674e+01,6.8088e+01,6.6877e+01,6.7582e+01,6.9420e+01,6.9136e+01,6.8302e+01,6.6905e+01,6.5619e+01,6.4310e+01,6.2726e+01,6.1207e+01,6.0675e+01,6.0067e+01,6.0237e+01,5.9339e+01,5.9861e+01,6.1092e+01,6.2198e+01,6.1750e+01,6.3310e+01,6.2723e+01,6.1756e+01,6.0169e+01,5.9487e+01,5.9760e+01,5.9725e+01,5.9127e+01,5.9287e+01,6.0484e+01,6.0293e+01,6.1869e+01,6.1720e+01,6.1791e+01,6.3433e+01,6.4653e+01,6.4749e+01,6.5891e+01,6.5127e+01,6.3958e+01,6.4071e+01,6.4174e+01,6.4121e+01,6.4768e+01,6.6444e+01,6.7461e+01,6.7214e+01,6.7988e+01,6.6380e+01,6.5130e+01,6.3632e+01,6.2266e+01,6.1959e+01,6.2250e+01,6.3188e+01,6.3759e+01,6.3383e+01,6.3184e+01,6.3220e+01,6.3533e+01,6.2037e+01,6.1144e+01,5.9781e+01,5.8989e+01,5.9374e+01,6.0543e+01,6.1254e+01,6.2187e+01,6.3612e+01,6.4168e+01,6.5123e+01,6.5199e+01,6.6856e+01,6.6946e+01,6.7303e+01,6.5650e+01,6.4016e+01,6.2954e+01,6.3367e+01,6.3522e+01,6.4915e+01,6.6396e+01,6.6260e+01,6.6911e+01,6.7873e+01,6.6839e+01,6.6872e+01,6.6642e+01,6.7322e+01,6.8495e+01,6.9029e+01,6.8670e+01,6.9158e+01,6.8508e+01,6.8868e+01,7.0177e+01,7.1533e+01,7.2283e+01,7.1982e+01,7.1150e+01,7.0641e+01,6.9556e+01,6.9822e+01,6.9222e+01,6.8408e+01,6.7367e+01,6.6249e+01,6.6124e+01,6.7096e+01,6.7050e+01,6.7556e+01,6.6980e+01,6.5839e+01,6.5379e+01,6.5194e+01,6.5356e+01,6.4994e+01,6.5100e+01,6.5213e+01,6.4800e+01,6.4432e+01,6.4422e+01,6.4776e+01,6.4916e+01,6.5026e+01,6.5718e+01,6.6304e+01,6.6490e+01,6.7128e+01,6.6823e+01,6.6341e+01,6.6827e+01,6.6255e+01,6.6676e+01,6.8353e+01,6.8916e+01,6.9283e+01,6.9010e+01,6.8853e+01,6.8619e+01,6.8572e+01,6.8887e+01,6.8054e+01,6.7987e+01,6.6952e+01,6.7145e+01,6.6355e+01,6.6026e+01,6.5863e+01,6.6069e+01,6.6822e+01,6.7439e+01,6.7551e+01
6.5894e+01,6.5931e+01,6.6043e+01,6.7411e+01,6.9065e+01,7.0347e+01,7.1893e+01,7.3638e+01,7.5407e+01,7.6799e+01,7.9063e+01,7.9487e+01,7.7491e+01,7.7055e+01,7.5345e+01,7.3136e+01,7.2026e+01,6.9860e+01,6.9364e+01,6.7887e+01,6.7291e+01,6.6057e+01,6.6770e+01,6.8630e+01,6.8343e+01,6.7496e+01,6.6080e+01,6.4773e+01,6.3444e+01,6.1843e+01,6.0299e+01,5.9764e+01,5.9147e+01,5.9325e+01,5.8422e+01,5.8949e+01,6.0188e+01,6.1304e+01,6.0844e+01,6.2422e+01,6.1820e+01,6.0851e+01,5.9255e+01,5.8553e+01,5.8806e+01,5.8781e+01,5.8192e+01,5.8348e+01,5.9554e+01,5.9364e+01,6.0961e+01,6.0815e+01,6.0883e+01,6.2549e+01,6.3791e+01,6.3888e+01,6.5049e+01,6.4276e+01,6.3096e+01,6.3216e+01,6.3317e+01,6.3272e+01,6.3939e+01,6.5636e+01,6.6659e+01,6.6408e+01,6.7185e+01,6.5555e+01,6.4289e+01,6.2776e+01,6.1394e+01,6.1096e+01,6.1406e+01,6.2374e+01,6.2972e+01,6.2605e+01,6.2412e+01,6.2437e+01,6.2738e+01,6.1212e+01,6.0308e+01,5.8915e+01,5.8112e+01,5.8522e+01,5.9728e+01,6.0450e+01,6.1419e+01,6.2863e+01,6.3408e+01,6.4376e+01,6.4460e+01,6.6133e+01,6.6206e+01,6.6556e+01,6.4874e+01,6.3226e+01,6.2139e+01,6.2541e+01,6.2699e+01,6.4119e+01,6.5623e+01,6.5497e+01,6.6167e+01,6.7149e+01,6.6113e+01,6.6163e+01,6.5931e+01,6.6642e+01,6.7840e+01,6.8396e+01,6.8054e+01,6.8549e+01,6.7883e+01,6.8235e+01,6.9578e+01,7.0956e+01,7.1735e+01,7.1436e+01,7.0605e+01,7.0087e+01,6.8989e+01,6.9276e+01,6.8669e+01,6.7840e+01,6.6774e+01,6.5618e+01,6.5483e+01,6.6481e+01,6.6431e+01,6.6939e+01,6.6337e+01,6.5164e+01,6.4686e+01,6.4474e+01,6.4643e+01,6.4277e+01,6.4400e+01,6.4515e+01,6.4072e+01,6.3702e+01,6.3673e+01,6.4018e+01,6.4150e+01,6.4254e+01,6.4952e+01,6.5556e+01,6.5731e+01,6.6393e+01,6.6090e+01,6.5584e+01,6.6058e+01,6.5469e+01,6.5893e+01,6.7592e+01,6.8175e+01,6.8573e+01,6.8306e+01,6.8172e+01,6.7920e+01,6.7867e+01,6.8178e+01,6.7345e+01,6.7266e+01,6.6203e+01,6.6398e+01,6.5589e+01,6.5270e+01,6.5095e+01,6.5290e+01,6.6056e+01,6.6675e+01,6.6792e+01
6.5369e+01,6.5392e+01,6.5497e+01,6.6861e+01,6.8523e+01,6.9805e+01,7.1358e+01,7.3106e+01,7.4880e+01,7.6282e+01,7.8556e+01,7.8988e+01,7.6987e+01,7.6552e+01,7.4839e+01,7.2620e+01,7.1512e+01,6.9335e+01,6.8848e+01,6.7366e+01,6.6763e+01,6.5521e+01,6.6226e+01,6.8086e+01,6.7795e+01,6.6953e+01,6.5543e+01,6.4238e+01,6.2916e+01,6.1309e+01,5.9770e+01,5.9237e+01,5.8633e+01,5.8816e+01,5.7917e+01,5.8452e+01,5.9697e+01,6.0818e+01,6.0367e+01,6.1945e+01,6.1348e+01,6.0376e+01,5.8787e+01,5.8102e+01,5.8358e+01,5.8324e+01,5.7723e+01,5.7875e+01,5.9080e+01,5.8881e+01,6.0478e+01,6.0321e+01,6.0396e+01,6.2065e+01,6.3297e+01,6.3393e+01,6.4546e+01,6.3770e+01,6.2577e+01,6.2686e+01,6.2777e+01,6.2723e+01,6.3391e+01,6.5085e+01,6.6105e+01,6.5841e+01,6.6618e+01,6.4977e+01,6.3720e+01,6.2207e+01,6.0832e+01,6.0544e+01,6.0861e+01,6.1843e+01,6.2451e+01,6.2096e+01,6.1906e+01,6.1914e+01,6.2200e+01,6.0675e+01,5.9780e+01,5.8392e+01,5.7597e+01,5.8014e+01,5.9221e+01,5.9935e+01,6.0915e+01,6.2354e+01,6.2884e+01,6.3845e+01,6.3928e+01,6.5592e+01,6.5648e+01,6.5995e+01,6.4313e+01,6.2670e+01,6.1585e+01,6.1981e+01,6.2151e+01,6.3575e+01,6.5076e+01,6.4952e+01,6.5623e+01,6.6602e+01,6.5560e+01,6.5622e+01,6.5374e+01,6.6107e+01,6.7327e+01,6.7913e+01,6.7580e+01,6.8061e+01,6.7366e+01,6.7697e+01,6.9049e+01,7.0430e+01,7.1232e+01,7.0955e+01,7.0131e+01,6.9631e+01,6.8527e+01,6.8838e+01,6.8242e+01,6.7395e+01,6.6319e+01,6.5144e+01,6.4992e+01,6.5996e+01,6.5948e+01,6.6447e+01,6.5840e+01,6.4645e+01,6.4173e+01,6.3938e+01,6.4119e+01,6.3762e+01,6.3911e+01,6.4027e+01,6.3567e+01,6.3199e+01,6.3161e+01,6.3498e+01,6.3625e+01,6.3727e+01,6.4434e+01,6.5056e+01,6.5240e+01,6.5917e+01,6.5608e+01,6.5086e+01,6.5563e+01,6.4953e+01,6.5386e+01,6.7118e+01,6.7705e+01,6.8124e+01,6.7847e+01,6.7718e+01,6.7452e+01,6.7400e+01,6.7700e+01,6.6863e+01,6.6764e+01,6.5687e+01,6.5886e+01,6.5048e+01,6.4713e+01,6.4519e+01,6.4696e+01,6.5458e+01,6.6076e+01,6.6199e+01
6.5336e+01,6.5350e+01,6.5425e+01,6.6817e+01,6.8520e+01,6.9825e+01,7.1422e+01,7.3203e+01,7.4981e+01,7.6405e+01,7.8691e+01,7.9131e+01,7.7101e+01,7.6639e+01,7.4908e+01,7.2663e+01,7.1547e+01,6.9335e+01,6.8852e+01,6.7377e+01,6.6791e+01,6.5554e+01,6.6270e+01,6.8158e+01,6.7884e+01,6.7060e+01,6.5629e+01,6.4326e+01,6.2987e+01,6.1335e+01,5.9780e+01,5.9193e+01,5.8556e+01,5.8705e+01,5.7742e+01,5.8269e+01,5.9555e+01,6.0680e+01,6.0191e+01,6.1777e+01,6.1137e+01,6.0102e+01,5.8491e+01,5.7778e+01,5.8088e+01,5.8101e+01,5.7494e+01,5.7704e+01,5.8979e+01,5.8814e+01,6.0470e+01,6.0330e+01,6.0446e+01,6.2173e+01,6.3425e+01,6.3488e+01,6.4644e+01,6.3820e+01,6.2594e+01,6.2687e+01,6.2792e+01,6.2707e+01,6.3352e+01,6.5061e+01,6.6119e+01,6.5857e+01,6.6671e+01,6.5008e+01,6.3738e+01,6.2176e+01,6.0777e+01,6.0465e+01,6.0751e+01,6.1717e+01,6.2303e+01,6.1907e+01,6.1692e+01,6.1722e+01,6.2047e+01,6.0516e+01,5.9592e+01,5.8183e+01,5.7345e+01,5.7740e+01,5.8953e+01,5.9690e+01,6.0654e+01,6.2119e+01,6.2688e+01,6.3663e+01,6.3741e+01,6.5431e+01,6.5521e+01,6.5888e+01,6.4205e+01,6.2528e+01,6.1449e+01,6.1886e+01,6.2058e+01,6.3485e+01,6.4990e+01,6.4835e+01,6.5476e+01,6.6443e+01,6.5375e+01,6.5406e+01,6.5141e+01,6.5858e+01,6.7093e+01,6.7672e+01,6.7307e+01,6.7795e+01,6.7096e+01,6.7448e+01,6.8805e+01,7.0209e+01,7.1000e+01,7.0723e+01,6.9874e+01,6.9373e+01,6.8243e+01,6.8532e+01,6.7923e+01,6.7049e+01,6.5945e+01,6.4775e+01,6.4601e+01,6.5631e+01,6.5612e+01,6.6142e+01,6.5551e+01,6.4346e+01,6.3875e+01,6.3661e+01,6.3870e+01,6.3498e+01,6.3637e+01,6.3758e+01,6.3288e+01,6.2894e+01,6.2839e+01,6.3156e+01,6.3274e+01,6.3358e+01,6.4050e+01,6.4694e+01,6.4882e+01,6.5557e+01,6.5224e+01,6.4685e+01,6.5173e+01,6.4549e+01,6.5009e+01,6.6762e+01,6.7368e+01,6.7825e+01,6.7541e+01,6.7411e+01,6.7118e+01,6.7063e+01,6.7365e+01,6.6521e+01,6.6407e+01,6.5304e+01,6.5494e+01,6.4631e+01,6.4291e+01,6.4086e+01,6.4258e+01,6.5036e+01,6.5662e+01,6.5798e+01
6.4912e+01,6.4913e+01,6.4981e+01,6.6381e+01,6.8099e+01,6.9415e+01,7.1028e+01,7.2823e+01,7.4616e+01,7.6053e+01,7.8356e+01,7.8800e+01,7.6757e+01,7.6291e+01,7.4548e+01,7.2286e+01,7.1161e+01,6.8927e+01,6.8447e+01,6.6961e+01,6.6370e+01,6.5119e+01,6.5835e+01,6.7736e+01,6.7459e+01,6.6634e+01,6.5198e+01,6.3889e+01,6.2546e+01,6.0878e+01,5.9316e+01,5.8723e+01,5.8088e+01,5.8240e+01,5.7269e+01,5.7804e+01,5.9103e+01,6.0236e+01,5.9744e+01,6.1338e+01,6.0692e+01,5.9646e+01,5.8031e+01,5.7321e+01,5.7637e+01,5.7651e+01,5.7038e+01,5.7252e+01,5.8538e+01,5.8372e+01,6.0039e+01,5.9894e+01,6.0019e+01,6.1762e+01,6.3015e+01,6.3075e+01,6.4232e+01,6.3399e+01,6.2156e+01,6.2240e+01,6.2339e+01,6.2248e+01,6.2897e+01,6.4614e+01,6.5678e+01,6.5407e+01,6.6226e+01,6.4543e+01,6.3272e+01,6.1698e+01,6.0297e+01,5.9995e+01,6.0285e+01,6.1266e+01,6.1862e+01,6.1468e+01,6.1252e+01,6.1271e+01,6.1590e+01,6.0050e+01,5.9125e+01,5.7709e+01,5.6870e+01,5.7273e+01,5.8497e+01,5.9232e+01,6.0211e+01,6.1678e+01,6.2237e+01,6.3211e+01,6.3287e+01,6.4977e+01,6.5060e+01,6.5431e+01,6.3740e+01,6.2057e+01,6.0976e+01,6.1413e+01,6.1596e+01,6.3034e+01,6.4543e+01,6.4383e+01,6.5025e+01,6.5990e+01,6.4911e+01,6.4955e+01,6.4686e+01,6.5426e+01,6.6678e+01,6.7276e+01,6.6927e+01,6.7414e+01,6.6700e+01,6.7042e+01,6.8421e+01,6.9837e+01,7.0651e+01,7.0378e+01,6.9536e+01,6.9032e+01,6.7895e+01,6.8205e+01,6.7594e+01,6.6706e+01,6.5585e+01,6.4388e+01,6.4203e+01,6.5251e+01,6.5229e+01,6.5758e+01,6.5150e+01,6.3922e+01,6.3443e+01,6.3210e+01,6.3424e+01,6.3051e+01,6.3206e+01,6.3328e+01,6.2837e+01,6.2441e+01,6.2372e+01,6.2677e+01,6.2787e+01,6.2862e+01,6.3560e+01,6.4223e+01,6.4408e+01,6.5105e+01,6.4766e+01,6.4203e+01,6.4687e+01,6.4041e+01,6.4510e+01,6.6290e+01,6.6914e+01,6.7401e+01,6.7115e+01,6.6999e+01,6.6685e+01,6.6625e+01,6.6919e+01,6.6074e+01,6.5944e+01,6.4814e+01,6.5010e+01,6.4116e+01,6.3772e+01,6.3540e+01,6.3692e+01,6.4477e+01,6.5099e+01,6.5243e+01
6.4991e+01,6.4980e+01,6.5012e+01,6.6430e+01,6.8187e+01,6.9519e+01,7.1175e+01,7.2992e+01,7.4784e+01,7.6240e+01,7.8546e+01,7.9004e+01,7.6943e+01,7.6455e+01,7.4702e+01,7.2422e+01,7.1299e+01,6.9039e+01,6.8569e+01,6.7095e+01,6.6519e+01,6.5279e+01,6.5996e+01,6.7909e+01,6.7649e+01,6.6852e+01,6.5408e+01,6.4115e+01,6.2769e+01,6.1063e+01,5.9502e+01,5.8859e+01,5.8205e+01,5.8321e+01,5.7295e+01,5.7824e+01,5.9159e+01,6.0294e+01,5.9777e+01,6.1373e+01,6.0694e+01,5.9589e+01,5.7960e+01,5.7239e+01,5.7614e+01,5.7665e+01,5.7038e+01,5.7307e+01,5.8653e+01,5.8516e+01,6.0228e+01,6.0092e+01,6.0263e+01,6.2050e+01,6.3305e+01,6.3332e+01,6.4479e+01,6.3603e+01,6.2326e+01,6.2383e+01,6.2492e+01,6.2360e+01,6.2977e+01,6.4696e+01,6.5793e+01,6.5522e+01,6.6375e+01,6.4679e+01,6.3408e+01,6.1795e+01,6.0379e+01,6.0057e+01,6.0308e+01,6.1268e+01,6.1834e+01,6.1399e+01,6.1151e+01,6.1187e+01,6.1548e+01,6.0015e+01,5.9068e+01,5.7641e+01,5.6767e+01,5.7139e+01,5.8358e+01,5.9103e+01,6.0057e+01,6.1539e+01,6.2137e+01,6.3114e+01,6.3172e+01,6.4873e+01,6.4991e+01,6.5391e+01,6.3713e+01,6.2006e+01,6.0946e+01,6.1428e+01,6.1620e+01,6.3056e+01,6.4559e+01,6.4360e+01,6.4968e+01,6.5915e+01,6.4806e+01,6.4831e+01,6.4555e+01,6.5282e+01,6.6549e+01,6.7134e+01,6.6757e+01,6.7255e+01,6.6540e+01,6.6902e+01,6.8284e+01,6.9717e+01,7.0520e+01,7.0248e+01,6.9384e+01,6.8877e+01,6.7718e+01,6.8010e+01,6.7387e+01,6.6479e+01,6.5338e+01,6.4144e+01,6.3944e+01,6.5013e+01,6.5010e+01,6.5563e+01,6.4966e+01,6.3729e+01,6.3246e+01,6.3030e+01,6.3264e+01,6.2878e+01,6.3017e+01,6.3138e+01,6.2648e+01,6.2229e+01,6.2148e+01,6.2441e+01,6.2543e+01,6.2611e+01,6.3297e+01,6.3973e+01,6.4169e+01,6.4852e+01,6.4494e+01,6.3930e+01,6.4429e+01,6.3786e+01,6.4280e+01,6.6078e+01,6.6708e+01,6.7210e+01,6.6910e+01,6.6779e+01,6.6450e+01,6.6395e+01,6.6688e+01,6.5833e+01,6.5698e+01,6.4559e+01,6.4756e+01,6.3845e+01,6.3492e+01,6.3252e+01,6.3408e+01,6.4201e+01,6.4836e+01,6.4986e+01
6.4829e+01,6.4798e+01,6.4818e+01,6.6236e+01,6.8008e+01,6.9339e+01,7.1011e+01,7.2834e+01,7.4635e+01,7.6103e+01,7.8418e+01,7.8886e+01,7.6820e+01,7.6331e+01,7.4578e+01,7.2283e+01,7.1167e+01,6.8887e+01,6.8421e+01,6.6942e+01,6.6363e+01,6.5116e+01,6.5827e+01,6.7746e+01,6.7483e+01,6.6693e+01,6.5250e+01,6.3959e+01,6.2615e+01,6.0894e+01,5.9329e+01,5.8673e+01,5.8014e+01,5.8126e+01,5.7076e+01,5.7608e+01,5.8962e+01,6.0100e+01,5.9559e+01,6.1158e+01,6.0449e+01,5.9315e+01,5.7679e+01,5.6935e+01,5.7332e+01,5.7413e+01,5.6790e+01,5.7086e+01,5.8460e+01,5.8335e+01,6.0068e+01,5.9934e+01,6.0116e+01,6.1921e+01,6.3181e+01,6.3203e+01,6.4352e+01,6.3465e+01,6.2170e+01,6.2217e+01,6.2317e+01,6.2171e+01,6.2787e+01,6.4507e+01,6.5605e+01,6.5319e+01,6.6177e+01,6.4467e+01,6.3199e+01,6.1575e+01,6.0157e+01,5.9846e+01,6.0102e+01,6.1080e+01,6.1652e+01,6.1215e+01,6.0957e+01,6.0981e+01,6.1340e+01,5.9799e+01,5.8850e+01,5.7410e+01,5.6525e+01,5.6899e+01,5.8129e+01,5.8876e+01,5.9839e+01,6.1330e+01,6.1929e+01,6.2901e+01,6.2947e+01,6.4650e+01,6.4761e+01,6.5166e+01,6.3488e+01,6.1775e+01,6.0716e+01,6.1205e+01,6.1411e+01,6.2862e+01,6.4366e+01,6.4159e+01,6.4773e+01,6.5728e+01,6.4611e+01,6.4638e+01,6.4345e+01,6.5090e+01,6.6382e+01,6.6988e+01,6.6608e+01,6.7104e+01,6.6366e+01,6.6716e+01,6.8114e+01,6.9557e+01,7.0377e+01,7.0117e+01,6.9257e+01,6.8760e+01,6.7589e+01,6.7895e+01,6.7268e+01,6.6340e+01,6.5175e+01,6.3957e+01,6.3739e+01,6.4829e+01,6.4837e+01,6.5397e+01,6.4794e+01,6.3529e+01,6.3042e+01,6.2809e+01,6.3059e+01,6.2668e+01,6.2818e+01,6.2942e+01,6.2434e+01,6.2008e+01,6.1913e+01,6.2196e+01,6.2290e+01,6.2358e+01,6.3053e+01,6.3738e+01,6.3928e+01,6.4623e+01,6.4272e+01,6.3693e+01,6.4180e+01,6.3527e+01,6.4025e+01,6.5846e+01,6.6489e+01,6.7012e+01,6.6713e+01,6.6588e+01,6.6243e+01,6.6178e+01,6.6468e+01,6.5610e+01,6.5459e+01,6.4293e+01,6.4486e+01,6.3562e+01,6.3209e+01,6.2963e+01,6.3103e+01,6.3907e+01,6.4544e+01,6.4700e+01
6.4802e+01,6.4759e+01,6.4755e+01,6.6179e+01,6.7972e+01,6.9312e+01,7.1013e+01,7.2852e+01,7.4651e+01,7.6128e+01,7.8443e+01,7.8917e+01,7.6841e+01,7.6339e+01,7.4581e+01,7.2274e+01,7.1162e+01,6.8862e+01,6.8406e+01,6.6939e+01,6.6372e+01,6.5137e+01,6.5845e+01,6.7765e+01,6.7516e+01,6.6751e+01,6.5310e+01,6.4038e+01,6.2700e+01,6.0966e+01,5.9418e+01,5.8726e+01,5.8055e+01,5.8138e+01,5.7054e+01,5.7575e+01,5.8945e+01,6.0074e+01,5.9511e+01,6.1098e+01,6.0362e+01,5.9192e+01,5.7566e+01,5.6826e+01,5.7269e+01,5.7376e+01,5.6748e+01,5.7088e+01,5.8495e+01,5.8397e+01,6.0147e+01,6.0023e+01,6.0246e+01,6.2071e+01,6.3321e+01,6.3314e+01,6.4447e+01,6.3532e+01,6.2219e+01,6.2245e+01,6.2350e+01,6.2176e+01,6.2768e+01,6.4477e+01,6.5592e+01,6.5305e+01,6.6182e+01,6.4474e+01,6.3211e+01,6.1569e+01,6.0147e+01,5.9826e+01,6.0059e+01,6.1023e+01,6.1581e+01,6.1130e+01,6.0856e+01,6.0880e+01,6.1255e+01,5.9726e+01,5.8774e+01,5.7339e+01,5.6437e+01,5.6791e+01,5.8011e+01,5.8763e+01,5.9711e+01,6.1203e+01,6.1814e+01,6.2783e+01,6.2824e+01,6.4526e+01,6.4649e+01,6.5058e+01,6.3395e+01,6.1680e+01,6.0638e+01,6.1150e+01,6.1360e+01,6.2804e+01,6.4296e+01,6.4068e+01,6.4662e+01,6.5614e+01,6.4488e+01,6.4503e+01,6.4185e+01,6.4932e+01,6.6245e+01,6.6866e+01,6.6473e+01,6.6966e+01,6.6206e+01,6.6550e+01,6.7952e+01,6.9405e+01,7.0232e+01,6.9995e+01,6.9126e+01,6.8644e+01,6.7457e+01,6.7770e+01,6.7151e+01,6.6199e+01,6.5021e+01,6.3792e+01,6.3554e+01,6.4651e+01,6.4671e+01,6.5235e+01,6.4638e+01,6.3358e+01,6.2881e+01,6.2640e+01,6.2919e+01,6.2535e+01,6.2691e+01,6.2810e+01,6.2288e+01,6.1848e+01,6.1735e+01,6.1983e+01,6.2063e+01,6.2121e+01,6.2816e+01,6.3502e+01,6.3699e+01,6.4406e+01,6.4051e+01,6.3453e+01,6.3936e+01,6.3265e+01,6.3765e+01,6.5598e+01,6.6233e+01,6.6777e+01,6.6475e+01,6.6352e+01,6.5993e+01,6.5927e+01,6.6216e+01,6.5368e+01,6.5198e+01,6.4018e+01,6.4209e+01,6.3269e+01,6.2909e+01,6.2663e+01,6.2792e+01,6.3590e+01,6.4232e+01,6.4390e+01
6.5127e+01,6.5070e+01,6.5035e+01,6.6466e+01,6.8288e+01,6.9636e+01,7.1369e+01,7.3222e+01,7.5020e+01,7.6511e+01,7.8826e+01,7.9311e+01,7.7227e+01,7.6710e+01,7.4949e+01,7.2628e+01,7.1523e+01,6.9198e+01,6.8753e+01,6.7298e+01,6.6744e+01,6.5518e+01,6.6218e+01,6.8143e+01,6.7902e+01,6.7159e+01,6.5719e+01,6.4461e+01,6.3132e+01,6.1371e+01,5.9829e+01,5.9105e+01,5.8429e+01,5.8491e+01,5.7365e+01,5.7887e+01,5.9290e+01,6.0421e+01,5.9836e+01,6.1419e+01,6.0652e+01,5.9427e+01,5.7797e+01,5.7051e+01,5.7555e+01,5.7694e+01,5.7052e+01,5.7437e+01,5.8891e+01,5.8809e+01,6.0587e+01,6.0464e+01,6.0716e+01,6.2567e+01,6.3814e+01,6.3788e+01,6.4912e+01,6.3970e+01,6.2628e+01,6.2627e+01,6.2730e+01,6.2518e+01,6.3085e+01,6.4789e+01,6.5922e+01,6.5624e+01,6.6521e+01,6.4798e+01,6.3546e+01,6.1878e+01,6.0455e+01,6.0129e+01,6.0330e+01,6.1277e+01,6.1807e+01,6.1325e+01,6.1018e+01,6.1050e+01,6.1456e+01,5.9943e+01,5.8984e+01,5.7550e+01,5.6629e+01,5.6948e+01,5.8151e+01,5.8901e+01,5.9817e+01,6.1312e+01,6.1955e+01,6.2916e+01,6.2934e+01,6.4639e+01,6.4790e+01,6.5226e+01,6.3584e+01,6.1855e+01,6.0843e+01,6.1395e+01,6.1619e+01,6.3057e+01,6.4534e+01,6.4269e+01,6.4832e+01,6.5763e+01,6.4607e+01,6.4597e+01,6.4264e+01,6.4997e+01,6.6323e+01,6.6934e+01,6.6511e+01,6.7010e+01,6.6246e+01,6.6607e+01,6.8004e+01,6.9470e+01,7.0282e+01,7.0044e+01,6.9160e+01,6.8679e+01,6.7475e+01,6.7769e+01,6.7138e+01,6.6165e+01,6.4966e+01,6.3741e+01,6.3488e+01,6.4606e+01,6.4648e+01,6.5238e+01,6.4656e+01,6.3369e+01,6.2893e+01,6.2670e+01,6.2969e+01,6.2572e+01,6.2709e+01,6.2830e+01,6.2309e+01,6.1844e+01,6.1722e+01,6.1957e+01,6.2031e+01,6.2078e+01,6.2759e+01,6.3460e+01,6.3661e+01,6.4356e+01,6.3983e+01,6.3383e+01,6.3875e+01,6.3203e+01,6.3723e+01,6.5562e+01,6.6212e+01,6.6776e+01,6.6467e+01,6.6334e+01,6.5961e+01,6.5903e+01,6.6195e+01,6.5344e+01,6.5170e+01,6.3976e+01,6.4165e+01,6.3209e+01,6.2843e+01,6.2590e+01,6.2713e+01,6.3522e+01,6.4172e+01,6.4340e+01
6.5072e+01,6.5006e+01,6.4991e+01,6.6410e+01,6.8213e+01,6.9548e+01,7.1267e+01,7.3112e+01,7.4928e+01,7.6410e+01,7.8734e+01,7.9216e+01,7.7142e+01,7.6646e+01,7.4891e+01,7.2567e+01,7.1465e+01,6.9137e+01,6.8680e+01,6.7209e+01,6.6643e+01,6.5401e+01,6.6099e+01,6.8021e+01,6.7769e+01,6.7013e+01,6.5578e+01,6.4312e+01,6.2984e+01,6.1241e+01,5.9700e+01,5.8987e+01,5.8306e+01,5.8375e+01,5.7255e+01,5.7769e+01,5.9162e+01,6.0289e+01,5.9690e+01,6.1272e+01,6.0489e+01,5.9270e+01,5.7645e+01,5.6887e+01,5.7379e+01,5.7525e+01,5.6899e+01,5.7286e+01,5.8733e+01,5.8656e+01,6.0428e+01,6.0310e+01,6.0553e+01,6.2394e+01,6.3644e+01,6.3627e+01,6.4761e+01,6.3833e+01,6.2502e+01,6.2514e+01,6.2611e+01,6.2419e+01,6.3009e+01,6.4715e+01,6.5825e+01,6.5517e+01,6.6392e+01,6.4674e+01,6.3422e+01,6.1773e+01,6.0350e+01,6.0039e+01,6.0275e+01,6.1251e+01,6.1813e+01,6.1348e+01,6.1064e+01,6.1087e+01,6.1471e+01,5.9935e+01,5.8970e+01,5.7524e+01,5.6593e+01,5.6946e+01,5.8176e+01,5.8943e+01,5.9895e+01,6.1404e+01,6.2027e+01,6.3001e+01,6.3036e+01,6.4752e+01,6.4867e+01,6.5271e+01,6.3607e+01,6.1886e+01,6.0844e+01,6.1365e+01,6.1583e+01,6.3042e+01,6.4537e+01,6.4302e+01,6.4896e+01,6.5865e+01,6.4729e+01,6.4734e+01,6.4393e+01,6.5152e+01,6.6492e+01,6.7129e+01,6.6728e+01,6.7227e+01,6.6446e+01,6.6783e+01,6.8210e+01,6.9686e+01,7.0528e+01,7.0297e+01,6.9425e+01,6.8944e+01,6.7741e+01,6.8058e+01,6.7423e+01,6.6440e+01,6.5224e+01,6.3968e+01,6.3702e+01,6.4838e+01,6.4881e+01,6.5470e+01,6.4867e+01,6.3552e+01,6.3064e+01,6.2808e+01,6.3115e+01,6.2711e+01,6.2875e+01,6.2996e+01,6.2432e+01,6.1972e+01,6.1848e+01,6.2059e+01,6.2136e+01,6.2182e+01,6.2884e+01,6.3588e+01,6.3791e+01,6.4514e+01,6.4163e+01,6.3547e+01,6.4025e+01,6.3338e+01,6.3833e+01,6.5673e+01,6.6314e+01,6.6886e+01,6.6573e+01,6.6464e+01,6.6067e+01,6.5977e+01,6.6256e+01,6.5415e+01,6.5222e+01,6.4005e+01,6.4168e+01,6.3213e+01,6.2866e+01,6.2614e+01,6.2717e+01,6.3520e+01,6.4160e+01,6.4320e+01
6.5206e+01,6.5128e+01,6.5086e+01,6.6504e+01,6.8326e+01,6.9662e+01,7.1403e+01,7.3254e+01,7.5059e+01,7.6550e+01,7.8865e+01,7.9359e+01,7.7284e+01,7.6777e+01,7.5026e+01,7.2696e+01,7.1604e+01,6.9258e+01,6.8812e+01,6.7359e+01,6.6810e+01,6.5584e+01,6.6275e+01,6.8195e+01,6.7954e+01,6.7227e+01,6.5798e+01,6.4554e+01,6.3241e+01,6.1483e+01,5.9963e+01,5.9219e+01,5.8539e+01,5.8587e+01,5.7441e+01,5.7959e+01,5.9371e+01,6.0500e+01,5.9901e+01,6.1478e+01,6.0691e+01,5.9439e+01,5.7816e+01,5.7079e+01,5.7618e+01,5.7765e+01,5.7116e+01,5.7529e+01,5.9003e+01,5.8937e+01,6.0719e+01,6.0599e+01,6.0876e+01,6.2733e+01,6.3967e+01,6.3926e+01,6.5040e+01,6.4087e+01,6.2734e+01,6.2718e+01,6.2813e+01,6.2585e+01,6.3147e+01,6.4841e+01,6.5963e+01,6.5647e+01,6.6539e+01,6.4817e+01,6.3579e+01,6.1913e+01,6.0495e+01,6.0182e+01,6.0384e+01,6.1338e+01,6.1874e+01,6.1384e+01,6.1076e+01,6.1105e+01,6.1515e+01,6.0001e+01,5.9035e+01,5.7603e+01,5.6665e+01,5.6987e+01,5.8189e+01,5.8951e+01,5.9869e+01,6.1371e+01,6.2016e+01,6.2979e+01,6.2993e+01,6.4702e+01,6.4843e+01,6.5270e+01,6.3632e+01,6.1906e+01,6.0896e+01,6.1452e+01,6.1678e+01,6.3124e+01,6.4602e+01,6.4336e+01,6.4894e+01,6.5842e+01,6.4682e+01,6.4657e+01,6.4288e+01,6.5033e+01,6.6384e+01,6.7016e+01,6.6590e+01,6.7089e+01,6.6298e+01,6.6644e+01,6.8063e+01,6.9548e+01,7.0381e+01,7.0160e+01,6.9279e+01,6.8806e+01,6.7588e+01,6.7898e+01,6.7265e+01,6.6261e+01,6.5033e+01,6.3777e+01,6.3488e+01,6.4631e+01,6.4695e+01,6.5297e+01,6.4711e+01,6.3394e+01,6.2918e+01,6.2671e+01,6.3011e+01,6.2608e+01,6.2766e+01,6.2891e+01,6.2332e+01,6.1861e+01,6.1730e+01,6.1920e+01,6.1991e+01,6.2041e+01,6.2744e+01,6.3442e+01,6.3647e+01,6.4365e+01,6.4013e+01,6.3392e+01,6.3862e+01,6.3178e+01,6.3680e+01,6.5526e+01,6.6165e+01,6.6759e+01,6.6440e+01,6.6325e+01,6.5910e+01,6.5811e+01,6.6083e+01,6.5242e+01,6.5032e+01,6.3798e+01,6.3946e+01,6.2983e+01,6.2630e+01,6.2380e+01,6.2470e+01,6.3270e+01,6.3916e+01,6.4084e+01
6.5224e+01,6.5140e+01,6.5074e+01,6.6495e+01,6.8332e+01,6.9673e+01,7.1440e+01,7.3302e+01,7.5096e+01,7.6592e+01,7.8895e+01,7.9396e+01,7.7315e+01,7.6793e+01,7.5042e+01,7.2706e+01,7.1615e+01,6.9251e+01,6.8810e+01,6.7382e+01,6.6861e+01,6.5658e+01,6.6348e+01,6.8268e+01,6.8047e+01,6.7350e+01,6.5922e+01,6.4699e+01,6.3395e+01,6.1625e+01,6.0126e+01,5.9345e+01,5.8656e+01,5.8676e+01,5.7501e+01,5.8016e+01,5.9447e+01,6.0576e+01,5.9974e+01,6.1548e+01,6.0753e+01,5.9472e+01,5.7844e+01,5.7119e+01,5.7699e+01,5.7855e+01,5.7190e+01,5.7632e+01,5.9134e+01,5.9084e+01,6.0879e+01,6.0764e+01,6.1077e+01,6.2951e+01,6.4175e+01,6.4106e+01,6.5203e+01,6.4222e+01,6.2853e+01,6.2815e+01,6.2915e+01,6.2656e+01,6.3187e+01,6.4869e+01,6.6007e+01,6.5692e+01,6.6608e+01,6.4887e+01,6.3657e+01,6.1971e+01,6.0555e+01,6.0233e+01,6.0401e+01,6.1329e+01,6.1841e+01,6.1328e+01,6.1008e+01,6.1046e+01,6.1478e+01,5.9987e+01,5.9019e+01,5.7605e+01,5.6654e+01,5.6957e+01,5.8132e+01,5.8894e+01,5.9785e+01,6.1276e+01,6.1937e+01,6.2894e+01,6.2899e+01,6.4596e+01,6.4761e+01,6.5202e+01,6.3591e+01,6.1867e+01,6.0885e+01,6.1471e+01,6.1691e+01,6.3115e+01,6.4577e+01,6.4287e+01,6.4805e+01,6.5734e+01,6.4557e+01,6.4487e+01,6.4067e+01,6.4793e+01,6.6166e+01,6.6801e+01,6.6337e+01,6.6832e+01,6.6016e+01,6.6367e+01,6.7768e+01,6.9264e+01,7.0088e+01,6.9899e+01,6.8999e+01,6.8548e+01,6.7307e+01,6.7611e+01,6.6995e+01,6.5954e+01,6.4715e+01,6.3463e+01,6.3134e+01,6.4275e+01,6.4372e+01,6.4980e+01,6.4425e+01,6.3108e+01,6.2664e+01,6.2424e+01,6.2817e+01,6.2433e+01,6.2590e+01,6.2718e+01,6.2160e+01,6.1669e+01,6.1508e+01,6.1652e+01,6.1693e+01,6.1733e+01,6.2427e+01,6.3104e+01,6.3303e+01,6.4026e+01,6.3675e+01,6.3029e+01,6.3480e+01,6.2780e+01,6.3281e+01,6.5136e+01,6.5767e+01,6.6403e+01,6.6083e+01,6.5974e+01,6.5537e+01,6.5424e+01,6.5694e+01,6.4871e+01,6.4629e+01,6.3376e+01,6.3503e+01,6.2534e+01,6.2178e+01,6.1935e+01,6.2000e+01,6.2804e+01,6.3452e+01,6.3631e+01
6.5653e+01,6.5555e+01,6.5462e+01,6.6871e+01,6.8711e+01,7.0039e+01,7.1816e+01,7.3670e+01,7.5445e+01,7.6945e+01,7.9229e+01,7.9742e+01,7.7671e+01,7.7143e+01,7.5408e+01,7.3077e+01,7.2004e+01,6.9637e+01,6.9213e+01,6.7809e+01,6.7306e+01,6.6127e+01,6.6800e+01,6.8700e+01,6.8489e+01,6.7823e+01,6.6415e+01,6.5223e+01,6.3949e+01,6.2181e+01,6.0715e+01,5.9919e+01,5.9245e+01,5.9255e+01,5.8076e+01,5.8601e+01,6.0038e+01,6.1165e+01,6.0578e+01,6.2137e+01,6.1354e+01,6.0070e+01,5.8456e+01,5.7759e+01,5.8363e+01,5.8507e+01,5.7823e+01,5.8271e+01,5.9774e+01,5.9724e+01,6.1507e+01,6.1384e+01,6.1721e+01,6.3588e+01,6.4787e+01,6.4701e+01,6.5771e+01,6.4779e+01,6.3399e+01,6.3332e+01,6.3424e+01,6.3132e+01,6.3633e+01,6.5287e+01,6.6425e+01,6.6101e+01,6.7023e+01,6.5311e+01,6.4107e+01,6.2422e+01,6.1029e+01,6.0710e+01,6.0844e+01,6.1743e+01,6.2223e+01,6.1695e+01,6.1353e+01,6.1393e+01,6.1844e+01,6.0390e+01,5.9435e+01,5.8053e+01,5.7109e+01,5.7379e+01,5.8511e+01,5.9256e+01,6.0104e+01,6.1568e+01,6.2244e+01,6.3181e+01,6.3167e+01,6.4843e+01,6.5039e+01,6.5498e+01,6.3924e+01,6.2210e+01,6.1267e+01,6.1881e+01,6.2105e+01,6.3501e+01,6.4933e+01,6.4617e+01,6.5091e+01,6.5989e+01,6.4794e+01,6.4691e+01,6.4237e+01,6.4945e+01,6.6328e+01,6.6959e+01,6.6474e+01,6.6968e+01,6.6141e+01,6.6491e+01,6.7876e+01,6.9370e+01,7.0188e+01,7.0021e+01,6.9115e+01,6.8679e+01,6.7425e+01,6.7725e+01,6.7120e+01,6.6059e+01,6.4816e+01,6.3567e+01,6.3217e+01,6.4350e+01,6.4467e+01,6.5075e+01,6.4541e+01,6.3228e+01,6.2802e+01,6.2569e+01,6.2994e+01,6.2622e+01,6.2771e+01,6.2899e+01,6.2351e+01,6.1851e+01,6.1669e+01,6.1784e+01,6.1809e+01,6.1855e+01,6.2539e+01,6.3198e+01,6.3392e+01,6.4105e+01,6.3764e+01,6.3112e+01,6.3545e+01,6.2853e+01,6.3358e+01,6.5212e+01,6.5834e+01,6.6493e+01,6.6170e+01,6.6057e+01,6.5604e+01,6.5483e+01,6.5747e+01,6.4935e+01,6.4669e+01,6.3404e+01,6.3516e+01,6.2552e+01,6.2189e+01,6.1953e+01,6.2001e+01,6.2795e+01,6.3445e+01,6.3632e+01
6.6226e+01,6.6129e+01,6.6013e+01,6.7415e+01,6.9256e+01,7.0577e+01,7.2370e+01,7.4225e+01,7.5981e+01,7.7474e+01,7.9738e+01,8.0254e+01,7.8187e+01,7.7648e+01,7.5922e+01,7.3596e+01,7.2534e+01,7.0164e+01,6.9743e+01,6.8376e+01,6.7906e+01,6.6761e+01,6.7429e+01,6.9312e+01,6.9121e+01,6.8492e+01,6.7099e+01,6.5940e+01,6.4689e+01,6.2927e+01,6.1499e+01,6.0676e+01,5.9999e+01,5.9978e+01,5.8781e+01,5.9293e+01,6.0730e+01,6.1839e+01,6.1254e+01,6.2783e+01,6.2002e+01,6.0706e+01,5.9114e+01,5.8444e+01,5.9084e+01,5.9233e+01,5.8542e+01,5.9015e+01,6.0526e+01,6.0495e+01,6.2269e+01,6.2154e+01,6.2522e+01,6.4385e+01,6.5563e+01,6.5452e+01,6.6496e+01,6.5486e+01,6.4104e+01,6.4016e+01,6.4115e+01,6.3793e+01,6.4258e+01,6.5885e+01,6.7028e+01,6.6707e+01,6.7642e+01,6.5951e+01,6.4767e+01,6.3081e+01,6.1701e+01,6.1367e+01,6.1461e+01,6.2319e+01,6.2761e+01,6.2202e+01,6.1841e+01,6.1900e+01,6.2387e+01,6.0966e+01,6.0008e+01,5.8650e+01,5.7692e+01,5.7922e+01,5.9015e+01,5.9764e+01,6.0567e+01,6.2024e+01,6.2732e+01,6.3669e+01,6.3650e+01,6.5324e+01,6.5554e+01,6.6019e+01,6.4472e+01,6.2761e+01,6.1845e+01,6.2489e+01,6.2706e+01,6.4075e+01,6.5484e+01,6.5146e+01,6.5576e+01,6.6454e+01,6.5253e+01,6.5098e+01,6.4608e+01,6.5276e+01,6.6659e+01,6.7271e+01,6.6742e+01,6.7238e+01,6.6408e+01,6.6776e+01,6.8135e+01,6.9638e+01,7.0428e+01,7.0283e+01,6.9350e+01,6.8930e+01,6.7659e+01,6.7934e+01,6.7334e+01,6.6249e+01,6.5000e+01,6.3776e+01,6.3398e+01,6.4529e+01,6.4681e+01,6.5309e+01,6.4814e+01,6.3518e+01,6.3120e+01,6.2915e+01,6.3380e+01,6.3010e+01,6.3143e+01,6.3255e+01,6.2699e+01,6.2166e+01,6.1963e+01,6.2029e+01,6.2034e+01,6.2065e+01,6.2726e+01,6.3359e+01,6.3557e+01,6.4256e+01,6.3914e+01,6.3263e+01,6.3690e+01,6.3000e+01,6.3497e+01,6.5332e+01,6.5935e+01,6.6611e+01,6.6281e+01,6.6163e+01,6.5700e+01,6.5570e+01,6.5829e+01,6.5039e+01,6.4753e+01,6.3493e+01,6.3582e+01,6.2631e+01,6.2264e+01,6.2045e+01,6.2081e+01,6.2862e+01,6.3510e+01,6.3699e+01
6.5860e+01,6.5759e+01,6.5649e+01,6.7052e+01,6.8888e+01,7.0204e+01,7.2004e+01,7.3865e+01,7.5627e+01,7.7119e+01,7.9385e+01,7.9901e+01,7.7833e+01,7.7298e+01,7.5571e+01,7.3238e+01,7.2173e+01,6.9788e+01,6.9359e+01,6.7993e+01,6.7532e+01,6.6388e+01,6.7054e+01,6.8937e+01,6.8750e+01,6.8123e+01,6.6728e+01,6.5569e+01,6.4322e+01,6.2563e+01,6.1144e+01,6.0314e+01,5.9636e+01,5.9615e+01,5.8421e+01,5.8935e+01,6.0373e+01,6.1485e+01,6.0901e+01,6.2435e+01,6.1656e+01,6.0369e+01,5.8770e+01,5.8098e+01,5.8732e+01,5.8876e+01,5.8187e+01,5.8658e+01,6.0169e+01,6.0142e+01,6.1914e+01,6.1800e+01,6.2177e+01,6.4044e+01,6.5220e+01,6.5101e+01,6.6144e+01,6.5131e+01,6.3744e+01,6.3652e+01,6.3744e+01,6.3418e+01,6.3885e+01,6.5508e+01,6.6648e+01,6.6320e+01,6.7256e+01,6.5561e+01,6.4381e+01,6.2692e+01,6.1315e+01,6.0995e+01,6.1083e+01,6.1942e+01,6.2390e+01,6.1846e+01,6.1491e+01,6.1532e+01,6.2006e+01,6.0595e+01,5.9653e+01,5.8310e+01,5.7368e+01,5.7604e+01,5.8687e+01,5.9420e+01,6.0223e+01,6.1658e+01,6.2354e+01,6.3279e+01,6.3254e+01,6.4920e+01,6.5148e+01,6.5613e+01,6.4069e+01,6.2366e+01,6.1461e+01,6.2106e+01,6.2324e+01,6.3688e+01,6.5091e+01,6.4752e+01,6.5177e+01,6.6058e+01,6.4859e+01,6.4703e+01,6.4192e+01,6.4871e+01,6.6264e+01,6.6893e+01,6.6375e+01,6.6869e+01,6.6022e+01,6.6374e+01,6.7739e+01,6.9244e+01,7.0054e+01,6.9922e+01,6.8999e+01,6.8583e+01,6.7310e+01,6.7608e+01,6.7021e+01,6.5924e+01,6.4674e+01,6.3429e+01,6.3040e+01,6.4163e+01,6.4310e+01,6.4919e+01,6.4415e+01,6.3114e+01,6.2722e+01,6.2496e+01,6.2976e+01,6.2633e+01,6.2767e+01,6.2862e+01,6.2299e+01,6.1760e+01,6.1518e+01,6.1546e+01,6.1514e+01,6.1531e+01,6.2190e+01,6.2798e+01,6.2974e+01,6.3702e+01,6.3375e+01,6.2690e+01,6.3082e+01,6.2367e+01,6.2847e+01,6.4682e+01,6.5283e+01,6.5991e+01,6.5681e+01,6.5592e+01,6.5121e+01,6.4988e+01,6.5259e+01,6.4505e+01,6.4194e+01,6.2915e+01,6.2998e+01,6.2045e+01,6.1680e+01,6.1460e+01,6.1463e+01,6.2224e+01,6.2861e+01,6.3046e+01
6.5758e+01,6.5667e+01,6.5561e+01,6.6990e+01,6.8850e+01,7.0187e+01,7.2023e+01,7.3918e+01,7.5700e+01,7.7194e+01,7.9476e+01,7.9984e+01,7.7893e+01,7.7347e+01,7.5596e+01,7.3240e+01,7.2156e+01,6.9740e+01,6.9292e+01,6.7920e+01,6.7470e+01,6.6318e+01,6.7001e+01,6.8913e+01,6.8730e+01,6.8093e+01,6.6671e+01,6.5493e+01,6.4221e+01,6.2436e+01,6.0990e+01,6.0136e+01,5.9431e+01,5.9396e+01,5.8162e+01,5.8670e+01,6.0137e+01,6.1257e+01,6.0641e+01,6.2192e+01,6.1377e+01,6.0047e+01,5.8421e+01,5.7712e+01,5.8374e+01,5.8554e+01,5.7870e+01,5.8377e+01,5.9930e+01,5.9922e+01,6.1733e+01,6.1632e+01,6.2017e+01,6.3923e+01,6.5128e+01,6.5002e+01,6.6068e+01,6.5033e+01,6.3628e+01,6.3537e+01,6.3636e+01,6.3303e+01,6.3773e+01,6.5422e+01,6.6586e+01,6.6260e+01,6.7218e+01,6.5498e+01,6.4301e+01,6.2574e+01,6.1168e+01,6.0834e+01,6.0902e+01,6.1755e+01,6.2199e+01,6.1631e+01,6.1266e+01,6.1318e+01,6.1820e+01,6.0385e+01,5.9415e+01,5.8037e+01,5.7057e+01,5.7285e+01,5.8393e+01,5.9149e+01,5.9957e+01,6.1427e+01,6.2159e+01,6.3111e+01,6.3084e+01,6.4798e+01,6.5048e+01,6.5522e+01,6.3946e+01,6.2200e+01,6.1278e+01,6.1950e+01,6.2168e+01,6.3554e+01,6.4983e+01,6.4632e+01,6.5058e+01,6.5962e+01,6.4749e+01,6.4577e+01,6.4072e+01,6.4735e+01,6.6126e+01,6.6729e+01,6.6189e+01,6.6704e+01,6.5881e+01,6.6270e+01,6.7640e+01,6.9175e+01,6.9958e+01,6.9798e+01,6.8848e+01,6.8407e+01,6.7122e+01,6.7394e+01,6.6787e+01,6.5686e+01,6.4420e+01,6.3180e+01,6.2794e+01,6.3940e+01,6.4092e+01,6.4727e+01,6.4225e+01,6.2929e+01,6.2524e+01,6.2320e+01,6.2804e+01,6.2448e+01,6.2547e+01,6.2603e+01,6.2007e+01,6.1420e+01,6.1143e+01,6.1125e+01,6.1059e+01,6.1032e+01,6.1666e+01,6.2259e+01,6.2428e+01,6.3181e+01,6.2835e+01,6.2116e+01,6.2508e+01,6.1762e+01,6.2230e+01,6.4043e+01,6.4642e+01,6.5376e+01,6.5076e+01,6.5010e+01,6.4531e+01,6.4395e+01,6.4687e+01,6.3961e+01,6.3658e+01,6.2369e+01,6.2439e+01,6.1477e+01,6.1135e+01,6.0926e+01,6.0929e+01,6.1699e+01,6.2340e+01,6.2510e+01
6.6153e+01,6.6086e+01,6.5996e+01,6.7448e+01,6.9323e+01,7.0676e+01,7.2532e+01,7.4452e+01,7.6258e+01,7.7746e+01,8.0043e+01,8.0536e+01,7.8431e+01,7.7880e+01,7.6108e+01,7.3738e+01,7.2630e+01,7.0195e+01,6.9717e+01,6.8336e+01,6.7894e+01,6.6727e+01,6.7432e+01,6.9371e+01,6.9182e+01,6.8521e+01,6.7076e+01,6.5869e+01,6.4570e+01,6.2770e+01,6.1291e+01,6.0427e+01,5.9695e+01,5.9653e+01,5.8386e+01,5.8883e+01,6.0361e+01,6.1474e+01,6.0823e+01,6.2371e+01,6.1519e+01,6.0165e+01,5.8534e+01,5.7786e+01,5.8458e+01,5.8681e+01,5.8017e+01,5.8554e+01,6.0135e+01,6.0146e+01,6.1986e+01,6.1901e+01,6.2280e+01,6.4213e+01,6.5451e+01,6.5331e+01,6.6428e+01,6.5382e+01,6.3972e+01,6.3896e+01,6.4003e+01,6.3677e+01,6.4162e+01,6.5846e+01,6.7026e+01,6.6702e+01,6.7664e+01,6.5918e+01,6.4705e+01,6.2955e+01,6.1512e+01,6.1165e+01,6.1222e+01,6.2078e+01,6.2526e+01,6.1927e+01,6.1557e+01,6.1629e+01,6.2165e+01,6.0687e+01,5.9673e+01,5.8241e+01,5.7212e+01,5.7436e+01,5.8586e+01,5.9375e+01,6.0200e+01,6.1730e+01,6.2508e+01,6.3503e+01,6.3478e+01,6.5254e+01,6.5519e+01,6.6003e+01,6.4377e+01,6.2575e+01,6.1618e+01,6.2311e+01,6.2528e+01,6.3952e+01,6.5424e+01,6.5071e+01,6.5510e+01,6.6440e+01,6.5211e+01,6.5033e+01,6.4556e+01,6.5202e+01,6.6580e+01,6.7148e+01,6.6586e+01,6.7124e+01,6.6336e+01,6.6770e+01,6.8148e+01,6.9713e+01,7.0465e+01,7.0268e+01,6.9286e+01,6.8812e+01,6.7519e+01,6.7753e+01,6.7113e+01,6.6015e+01,6.4730e+01,6.3505e+01,6.3130e+01,6.4310e+01,6.4468e+01,6.5141e+01,6.4641e+01,6.3346e+01,6.2917e+01,6.2742e+01,6.3215e+01,6.2821e+01,6.2885e+01,6.2913e+01,6.2282e+01,6.1645e+01,6.1355e+01,6.1324e+01,6.1238e+01,6.1177e+01,6.1778e+01,6.2361e+01,6.2522e+01,6.3272e+01,6.2910e+01,6.2186e+01,6.2586e+01,6.1836e+01,6.2296e+01,6.4070e+01,6.4673e+01,6.5408e+01,6.5121e+01,6.5075e+01,6.4606e+01,6.4477e+01,6.4783e+01,6.4076e+01,6.3798e+01,6.2506e+01,6.2559e+01,6.1595e+01,6.1291e+01,6.1092e+01,6.1105e+01,6.1891e+01,6.2531e+01,6.2685e+01
6.6137e+01,6.6085e+01,6.6004e+01,6.7472e+01,6.9369e+01,7.0739e+01,7.2616e+01,7.4561e+01,7.6380e+01,7.7870e+01,8.0177e+01,8.0663e+01,7.8541e+01,7.7980e+01,7.6190e+01,7.3807e+01,7.2689e+01,7.0245e+01,6.9764e+01,6.8372e+01,6.7921e+01,6.6743e+01,6.7453e+01,6.9413e+01,6.9216e+01,6.8540e+01,6.7077e+01,6.5853e+01,6.4535e+01,6.2709e+01,6.1204e+01,6.0334e+01,5.9598e+01,5.9558e+01,5.8270e+01,5.8777e+01,6.0280e+01,6.1407e+01,6.0748e+01,6.2311e+01,6.1447e+01,6.0063e+01,5.8414e+01,5.7657e+01,5.8350e+01,5.8583e+01,5.7907e+01,5.8455e+01,6.0062e+01,6.0069e+01,6.1935e+01,6.1843e+01,6.2225e+01,6.4184e+01,6.5437e+01,6.5317e+01,6.6427e+01,6.5369e+01,6.3939e+01,6.3859e+01,6.3966e+01,6.3634e+01,6.4127e+01,6.5839e+01,6.7038e+01,6.6715e+01,6.7691e+01,6.5919e+01,6.4692e+01,6.2917e+01,6.1445e+01,6.1085e+01,6.1127e+01,6.1981e+01,6.2436e+01,6.1824e+01,6.1456e+01,6.1540e+01,6.2091e+01,6.0580e+01,5.9540e+01,5.8077e+01,5.7029e+01,5.7252e+01,5.8426e+01,5.9230e+01,6.0074e+01,6.1643e+01,6.2443e+01,6.3471e+01,6.3458e+01,6.5281e+01,6.5548e+01,6.6032e+01,6.4361e+01,6.2519e+01,6.1536e+01,6.2242e+01,6.2462e+01,6.3908e+01,6.5410e+01,6.5058e+01,6.5508e+01,6.6451e+01,6.5203e+01,6.5030e+01,6.4571e+01,6.5212e+01,6.6590e+01,6.7144e+01,6.6570e+01,6.7115e+01,6.6342e+01,6.6807e+01,6.8191e+01,6.9775e+01,7.0509e+01,7.0282e+01,6.9280e+01,6.8779e+01,6.7475e+01,6.7685e+01,6.7019e+01,6.5926e+01,6.4627e+01,6.3410e+01,6.3046e+01,6.4248e+01,6.4408e+01,6.5106e+01,6.4609e+01,6.3306e+01,6.2861e+01,6.2707e+01,6.3173e+01,6.2754e+01,6.2805e+01,6.2847e+01,6.2219e+01,6.1558e+01,6.1259e+01,6.1252e+01,6.1160e+01,6.1082e+01,6.1673e+01,6.2266e+01,6.2419e+01,6.3161e+01,6.2784e+01,6.2068e+01,6.2479e+01,6.1734e+01,6.2208e+01,6.3970e+01,6.4590e+01,6.5311e+01,6.5040e+01,6.4996e+01,6.4556e+01,6.4465e+01,6.4789e+01,6.4079e+01,6.3825e+01,6.2543e+01,6.2620e+01,6.1634e+01,6.1325e+01,6.1103e+01,6.1130e+01,6.1918e+01,6.2554e+01,6.2708e+01
6.6565e+01,6.6536e+01,6.6462e+01,6.7954e+01,6.9868e+01,7.1256e+01,7.3156e+01,7.5126e+01,7.6957e+01,7.8445e+01,8.0758e+01,8.1235e+01,7.9097e+01,7.8523e+01,7.6714e+01,7.4320e+01,7.3185e+01,7.0727e+01,7.0229e+01,6.8836e+01,6.8397e+01,6.7215e+01,6.7941e+01,6.9924e+01,6.9731e+01,6.9043e+01,6.7556e+01,6.6314e+01,6.4974e+01,6.3129e+01,6.1602e+01,6.0712e+01,5.9952e+01,5.9897e+01,5.8572e+01,5.9071e+01,6.0595e+01,6.1721e+01,6.1038e+01,6.2599e+01,6.1707e+01,6.0290e+01,5.8634e+01,5.7859e+01,5.8583e+01,5.8845e+01,5.8168e+01,5.8749e+01,6.0391e+01,6.0413e+01,6.2309e+01,6.2227e+01,6.2618e+01,6.4605e+01,6.5879e+01,6.5753e+01,6.6878e+01,6.5802e+01,6.4360e+01,6.4284e+01,6.4402e+01,6.4069e+01,6.4562e+01,6.6300e+01,6.7524e+01,6.7211e+01,6.8201e+01,6.6414e+01,6.5170e+01,6.3367e+01,6.1857e+01,6.1473e+01,6.1496e+01,6.2337e+01,6.2789e+01,6.2145e+01,6.1777e+01,6.1889e+01,6.2475e+01,6.0932e+01,5.9850e+01,5.8345e+01,5.7250e+01,5.7468e+01,5.8672e+01,5.9509e+01,6.0364e+01,6.1982e+01,6.2825e+01,6.3899e+01,6.3906e+01,6.5780e+01,6.6063e+01,6.6544e+01,6.4835e+01,6.2949e+01,6.1935e+01,6.2660e+01,6.2871e+01,6.4339e+01,6.5872e+01,6.5517e+01,6.5971e+01,6.6929e+01,6.5674e+01,6.5497e+01,6.5070e+01,6.5688e+01,6.7051e+01,6.7571e+01,6.6975e+01,6.7538e+01,6.6802e+01,6.7314e+01,6.8702e+01,7.0316e+01,7.1016e+01,7.0756e+01,6.9715e+01,6.9178e+01,6.7864e+01,6.8032e+01,6.7334e+01,6.6250e+01,6.4942e+01,6.3750e+01,6.3402e+01,6.4627e+01,6.4790e+01,6.5522e+01,6.5031e+01,6.3737e+01,6.3273e+01,6.3154e+01,6.3606e+01,6.3159e+01,6.3175e+01,6.3192e+01,6.2549e+01,6.1842e+01,6.1523e+01,6.1505e+01,6.1385e+01,6.1261e+01,6.1814e+01,6.2389e+01,6.2535e+01,6.3277e+01,6.2873e+01,6.2149e+01,6.2571e+01,6.1815e+01,6.2281e+01,6.3999e+01,6.4622e+01,6.5336e+01,6.5082e+01,6.5054e+01,6.4635e+01,6.4568e+01,6.4920e+01,6.4240e+01,6.4020e+01,6.2749e+01,6.2826e+01,6.1834e+01,6.1550e+01,6.1336e+01,6.1382e+01,6.2177e+01,6.2810e+01,6.2946e+01
6.6952e+01,6.6951e+01,6.6892e+01,6.8392e+01,7.0307e+01,7.1711e+01,7.3603e+01,7.5580e+01,7.7417e+01,7.8892e+01,8.1208e+01,8.1665e+01,7.9519e+01,7.8938e+01,7.7115e+01,7.4730e+01,7.3577e+01,7.1129e+01,7.0621e+01,6.9230e+01,6.8795e+01,6.7617e+01,6.8358e+01,7.0351e+01,7.0163e+01,6.9470e+01,6.7971e+01,6.6724e+01,6.5374e+01,6.3531e+01,6.2004e+01,6.1110e+01,6.0351e+01,6.0288e+01,5.8968e+01,5.9458e+01,6.0964e+01,6.2069e+01,6.1390e+01,6.2920e+01,6.2035e+01,6.0630e+01,5.9012e+01,5.8261e+01,5.8986e+01,5.9246e+01,5.8574e+01,5.9155e+01,6.0784e+01,6.0811e+01,6.2694e+01,6.2619e+01,6.3018e+01,6.4998e+01,6.6266e+01,6.6131e+01,6.7251e+01,6.6167e+01,6.4739e+01,6.4673e+01,6.4805e+01,6.4480e+01,6.4974e+01,6.6729e+01,6.7959e+01,6.7662e+01,6.8657e+01,6.6873e+01,6.5611e+01,6.3805e+01,6.2278e+01,6.1879e+01,6.1905e+01,6.2741e+01,6.3203e+01,6.2550e+01,6.2206e+01,6.2341e+01,6.2929e+01,6.1370e+01,6.0269e+01,5.8763e+01,5.7666e+01,5.7894e+01,5.9103e+01,5.9956e+01,6.0828e+01,6.2472e+01,6.3312e+01,6.4415e+01,6.4454e+01,6.6345e+01,6.6616e+01,6.7076e+01,6.5341e+01,6.3445e+01,6.2405e+01,6.3118e+01,6.3316e+01,6.4784e+01,6.6335e+01,6.6000e+01,6.6460e+01,6.7422e+01,6.6169e+01,6.5992e+01,6.5583e+01,6.6190e+01,6.7532e+01,6.8045e+01,6.7450e+01,6.8001e+01,6.7280e+01,6.7806e+01,6.9190e+01,7.0814e+01,7.1500e+01,7.1218e+01,7.0173e+01,6.9620e+01,6.8310e+01,6.8459e+01,6.7743e+01,6.6666e+01,6.5353e+01,6.4184e+01,6.3840e+01,6.5078e+01,6.5251e+01,6.6007e+01,6.5526e+01,6.4242e+01,6.3776e+01,6.3680e+01,6.4125e+01,6.3655e+01,6.3682e+01,6.3727e+01,6.3081e+01,6.2387e+01,6.2105e+01,6.2111e+01,6.2027e+01,6.1914e+01,6.2474e+01,6.3064e+01,6.3227e+01,6.3941e+01,6.3539e+01,6.2852e+01,6.3295e+01,6.2566e+01,6.3031e+01,6.4724e+01,6.5349e+01,6.6037e+01,6.5770e+01,6.5741e+01,6.5333e+01,6.5271e+01,6.5597e+01,6.4892e+01,6.4678e+01,6.3423e+01,6.3493e+01,6.2486e+01,6.2187e+01,6.1936e+01,6.1978e+01,6.2758e+01,6.3370e+01,6.3514e+01
6.7253e+01,6.7259e+01,6.7189e+01,6.8697e+01,7.0626e+01,7.2043e+01,7.3953e+01,7.5943e+01,7.7764e+01,7.9232e+01,8.1532e+01,8.1982e+01,7.9828e+01,7.9227e+01,7.7400e+01,7.5022e+01,7.3871e+01,7.1427e+01,7.0929e+01,6.9558e+01,6.9135e+01,6.7980e+01,6.8718e+01,7.0707e+01,7.0531e+01,6.9854e+01,6.8359e+01,6.7130e+01,6.5790e+01,6.3939e+01,6.2429e+01,6.1524e+01,6.0782e+01,6.0714e+01,5.9397e+01,5.9905e+01,6.1418e+01,6.2530e+01,6.1877e+01,6.3403e+01,6.2544e+01,6.1146e+01,5.9533e+01,5.8819e+01,5.9548e+01,5.9784e+01,5.9087e+01,5.9656e+01,6.1275e+01,6.1292e+01,6.3162e+01,6.3077e+01,6.3496e+01,6.5472e+01,6.6722e+01,6.6571e+01,6.7668e+01,6.6573e+01,6.5136e+01,6.5049e+01,6.5183e+01,6.4835e+01,6.5305e+01,6.7052e+01,6.8299e+01,6.8015e+01,6.9031e+01,6.7253e+01,6.5988e+01,6.4170e+01,6.2645e+01,6.2232e+01,6.2219e+01,6.3022e+01,6.3461e+01,6.2797e+01,6.2441e+01,6.2585e+01,6.3190e+01,6.1644e+01,6.0548e+01,5.9063e+01,5.7978e+01,5.8179e+01,5.9357e+01,6.0198e+01,6.1046e+01,6.2684e+01,6.3540e+01,6.4649e+01,6.4690e+01,6.6597e+01,6.6895e+01,6.7364e+01,6.5628e+01,6.3714e+01,6.2684e+01,6.3423e+01,6.3615e+01,6.5067e+01,6.6615e+01,6.6266e+01,6.6703e+01,6.7659e+01,6.6395e+01,6.6192e+01,6.5774e+01,6.6357e+01,6.7703e+01,6.8203e+01,6.7585e+01,6.8137e+01,6.7417e+01,6.7970e+01,6.9343e+01,7.0987e+01,7.1651e+01,7.1370e+01,7.0296e+01,6.9740e+01,6.8409e+01,6.8538e+01,6.7820e+01,6.6733e+01,6.5418e+01,6.4266e+01,6.3911e+01,6.5146e+01,6.5339e+01,6.6109e+01,6.5655e+01,6.4371e+01,6.3920e+01,6.3846e+01,6.4309e+01,6.3837e+01,6.3861e+01,6.3938e+01,6.3329e+01,6.2627e+01,6.2342e+01,6.2370e+01,6.2282e+01,6.2166e+01,6.2717e+01,6.3312e+01,6.3468e+01,6.4165e+01,6.3754e+01,6.3081e+01,6.3530e+01,6.2818e+01,6.3305e+01,6.4996e+01,6.5636e+01,6.6319e+01,6.6061e+01,6.6014e+01,6.5626e+01,6.5603e+01,6.5941e+01,6.5231e+01,6.5026e+01,6.3784e+01,6.3883e+01,6.2866e+01,6.2547e+01,6.2283e+01,6.2337e+01,6.3115e+01,6.3731e+01,6.3890e+01
6.7793e+01,6.7789e+01,6.7697e+01,6.9185e+01,7.1112e+01,7.2519e+01,7.4423e+01,7.6400e+01,7.8201e+01,7.9671e+01,8.1955e+01,8.2410e+01,8.0263e+01,7.9654e+01,7.7839e+01,7.5478e+01,7.4342e+01,7.1918e+01,7.1444e+01,7.0094e+01,6.9673e+01,6.8538e+01,6.9257e+01,7.1223e+01,7.1048e+01,7.0393e+01,6.8923e+01,6.7719e+01,6.6409e+01,6.4567e+01,6.3092e+01,6.2196e+01,6.1489e+01,6.1424e+01,6.0130e+01,6.0647e+01,6.2145e+01,6.3246e+01,6.2625e+01,6.4120e+01,6.3294e+01,6.1916e+01,6.0340e+01,5.9673e+01,6.0405e+01,6.0616e+01,5.9907e+01,6.0458e+01,6.2050e+01,6.2053e+01,6.3890e+01,6.3789e+01,6.4218e+01,6.6168e+01,6.7383e+01,6.7226e+01,6.8291e+01,6.7198e+01,6.5761e+01,6.5652e+01,6.5775e+01,6.5405e+01,6.5857e+01,6.7578e+01,6.8814e+01,6.8523e+01,6.9533e+01,6.7764e+01,6.6523e+01,6.4724e+01,6.3226e+01,6.2824e+01,6.2793e+01,6.3574e+01,6.3995e+01,6.3332e+01,6.2967e+01,6.3113e+01,6.3715e+01,6.2206e+01,6.1137e+01,5.9697e+01,5.8649e+01,5.8827e+01,5.9956e+01,6.0767e+01,6.1583e+01,6.3185e+01,6.4030e+01,6.5113e+01,6.5142e+01,6.7016e+01,6.7320e+01,6.7799e+01,6.6095e+01,6.4205e+01,6.3212e+01,6.3956e+01,6.4156e+01,6.5574e+01,6.7089e+01,6.6729e+01,6.7135e+01,6.8049e+01,6.6767e+01,6.6549e+01,6.6119e+01,6.6690e+01,6.8031e+01,6.8531e+01,6.7911e+01,6.8449e+01,6.7722e+01,6.8274e+01,6.9629e+01,7.1267e+01,7.1929e+01,7.1653e+01,7.0588e+01,7.0035e+01,6.8700e+01,6.8824e+01,6.8100e+01,6.7006e+01,6.5685e+01,6.4546e+01,6.4185e+01,6.5421e+01,6.5626e+01,6.6405e+01,6.5969e+01,6.4696e+01,6.4258e+01,6.4204e+01,6.4675e+01,6.4201e+01,6.4225e+01,6.4334e+01,6.3750e+01,6.3060e+01,6.2793e+01,6.2850e+01,6.2783e+01,6.2689e+01,6.3229e+01,6.3829e+01,6.3979e+01,6.4624e+01,6.4226e+01,6.3600e+01,6.4047e+01,6.3380e+01,6.3881e+01,6.5549e+01,6.6200e+01,6.6872e+01,6.6611e+01,6.6557e+01,6.6186e+01,6.6188e+01,6.6499e+01,6.5777e+01,6.5561e+01,6.4340e+01,6.4451e+01,6.3429e+01,6.3080e+01,6.2793e+01,6.2829e+01,6.3581e+01,6.4178e+01,6.4365e+01
6.8086e+01,6.8093e+01,6.8023e+01,6.9500e+01,7.1413e+01,7.2812e+01,7.4698e+01,7.6663e+01,7.8479e+01,7.9945e+01,8.2240e+01,8.2691e+01,8.0551e+01,7.9958e+01,7.8143e+01,7.5784e+01,7.4641e+01,7.2218e+01,7.1730e+01,7.0363e+01,6.9934e+01,6.8781e+01,6.9503e+01,7.1469e+01,7.1278e+01,7.0599e+01,6.9129e+01,6.7902e+01,6.6586e+01,6.4763e+01,6.3277e+01,6.2404e+01,6.1692e+01,6.1637e+01,6.0360e+01,6.0860e+01,6.2331e+01,6.3413e+01,6.2779e+01,6.4256e+01,6.3420e+01,6.2064e+01,6.0512e+01,5.9830e+01,6.0536e+01,6.0758e+01,6.0078e+01,6.0626e+01,6.2203e+01,6.2213e+01,6.4042e+01,6.3950e+01,6.4358e+01,6.6297e+01,6.7523e+01,6.7381e+01,6.8463e+01,6.7386e+01,6.5967e+01,6.5882e+01,6.6001e+01,6.5658e+01,6.6136e+01,6.7868e+01,6.9083e+01,6.8780e+01,6.9761e+01,6.7981e+01,6.6750e+01,6.4970e+01,6.3470e+01,6.3085e+01,6.3084e+01,6.3890e+01,6.4339e+01,6.3693e+01,6.3350e+01,6.3489e+01,6.4069e+01,6.2547e+01,6.1478e+01,6.0029e+01,5.8983e+01,5.9192e+01,6.0340e+01,6.1155e+01,6.1990e+01,6.3593e+01,6.4421e+01,6.5501e+01,6.5535e+01,6.7395e+01,6.7669e+01,6.8137e+01,6.6428e+01,6.4553e+01,6.3549e+01,6.4262e+01,6.4464e+01,6.5895e+01,6.7416e+01,6.7076e+01,6.7498e+01,6.8411e+01,6.7132e+01,6.6933e+01,6.6498e+01,6.7088e+01,6.8433e+01,6.8950e+01,6.8342e+01,6.8869e+01,6.8130e+01,6.8660e+01,7.0014e+01,7.1636e+01,7.2313e+01,7.2037e+01,7.0995e+01,7.0448e+01,6.9126e+01,6.9261e+01,6.8538e+01,6.7446e+01,6.6122e+01,6.4973e+01,6.4613e+01,6.5851e+01,6.6051e+01,6.6824e+01,6.6379e+01,6.5098e+01,6.4653e+01,6.4585e+01,6.5048e+01,6.4575e+01,6.4602e+01,6.4707e+01,6.4112e+01,6.3418e+01,6.3152e+01,6.3213e+01,6.3144e+01,6.3044e+01,6.3563e+01,6.4160e+01,6.4295e+01,6.4926e+01,6.4533e+01,6.3913e+01,6.4350e+01,6.3688e+01,6.4180e+01,6.5822e+01,6.6477e+01,6.7147e+01,6.6902e+01,6.6870e+01,6.6516e+01,6.6524e+01,6.6836e+01,6.6127e+01,6.5913e+01,6.4689e+01,6.4791e+01,6.3770e+01,6.3439e+01,6.3155e+01,6.3177e+01,6.3924e+01,6.4503e+01,6.4680e+01
6.8657e+01,6.8699e+01,6.8652e+01,7.0136e+01,7.2035e+01,7.3445e+01,7.5309e+01,7.7271e+01,7.9089e+01,8.0530e+01,8.2821e+01,8.3248e+01,8.1109e+01,8.0514e+01,7.8690e+01,7.6351e+01,7.5191e+01,7.2791e+01,7.2285e+01,7.0924e+01,7.0505e+01,6.9360e+01,7.0100e+01,7.2068e+01,7.1883e+01,7.1195e+01,6.9718e+01,6.8487e+01,6.7162e+01,6.5359e+01,6.3872e+01,6.3007e+01,6.2290e+01,6.2232e+01,6.0973e+01,6.1462e+01,6.2904e+01,6.3966e+01,6.3342e+01,6.4794e+01,6.3977e+01,6.2655e+01,6.1136e+01,6.0477e+01,6.1159e+01,6.1362e+01,6.0688e+01,6.1219e+01,6.2768e+01,6.2778e+01,6.4585e+01,6.4501e+01,6.4903e+01,6.6824e+01,6.8048e+01,6.7906e+01,6.8988e+01,6.7916e+01,6.6524e+01,6.6460e+01,6.6599e+01,6.6279e+01,6.6760e+01,6.8503e+01,6.9717e+01,6.9441e+01,7.0416e+01,6.8661e+01,6.7409e+01,6.5643e+01,6.4125e+01,6.3723e+01,6.3740e+01,6.4543e+01,6.5002e+01,6.4352e+01,6.4037e+01,6.4200e+01,6.4781e+01,6.3245e+01,6.2156e+01,6.0703e+01,5.9652e+01,5.9880e+01,6.1039e+01,6.1874e+01,6.2724e+01,6.4349e+01,6.5174e+01,6.6283e+01,6.6349e+01,6.8222e+01,6.8488e+01,6.8930e+01,6.7205e+01,6.5329e+01,6.4291e+01,6.4981e+01,6.5155e+01,6.6588e+01,6.8129e+01,6.7816e+01,6.8253e+01,6.9184e+01,6.7932e+01,6.7732e+01,6.7321e+01,6.7891e+01,6.9199e+01,6.9704e+01,6.9091e+01,6.9599e+01,6.8881e+01,6.9417e+01,7.0754e+01,7.2370e+01,7.3018e+01,7.2731e+01,7.1683e+01,7.1141e+01,6.9838e+01,6.9953e+01,6.9234e+01,6.8162e+01,6.6861e+01,6.5753e+01,6.5398e+01,6.6624e+01,6.6833e+01,6.7617e+01,6.7191e+01,6.5934e+01,6.5503e+01,6.5450e+01,6.5901e+01,6.5417e+01,6.5468e+01,6.5590e+01,6.5002e+01,6.4337e+01,6.4120e+01,6.4209e+01,6.4174e+01,6.4088e+01,6.4622e+01,6.5212e+01,6.5356e+01,6.5978e+01,6.5593e+01,6.4995e+01,6.5442e+01,6.4795e+01,6.5266e+01,6.6883e+01,6.7511e+01,6.8134e+01,6.7891e+01,6.7865e+01,6.7536e+01,6.7537e+01,6.7829e+01,6.7107e+01,6.6902e+01,6.5694e+01,6.5772e+01,6.4759e+01,6.4432e+01,6.4143e+01,6.4171e+01,6.4916e+01,6.5482e+01,6.5646e+01
6.9195e+01,6.9257e+01,6.9224e+01,7.0716e+01,7.2610e+01,7.4026e+01,7.5887e+01,7.7853e+01,7.9675e+01,8.1106e+01,8.3398e+01,8.3813e+01,8.1669e+01,8.1072e+01,7.9238e+01,7.6903e+01,7.5730e+01,7.3328e+01,7.2808e+01,7.1450e+01,7.1044e+01,6.9897e+01,7.0650e+01,7.2629e+01,7.2443e+01,7.1741e+01,7.0255e+01,6.9008e+01,6.7673e+01,6.5880e+01,6.4387e+01,6.3523e+01,6.2792e+01,6.2727e+01,6.1465e+01,6.1935e+01,6.3363e+01,6.4409e+01,6.3775e+01,6.5210e+01,6.4387e+01,6.3070e+01,6.1568e+01,6.0908e+01,6.1588e+01,6.1797e+01,6.1134e+01,6.1675e+01,6.3225e+01,6.3246e+01,6.5057e+01,6.4983e+01,6.5382e+01,6.7306e+01,6.8541e+01,6.8399e+01,6.9490e+01,6.8415e+01,6.7031e+01,6.6983e+01,6.7131e+01,6.6826e+01,6.7317e+01,6.9073e+01,7.0286e+01,7.0017e+01,7.0987e+01,6.9226e+01,6.7971e+01,6.6207e+01,6.4674e+01,6.4265e+01,6.4290e+01,6.5092e+01,6.5567e+01,6.4913e+01,6.4621e+01,6.4798e+01,6.5379e+01,6.3830e+01,6.2724e+01,6.1260e+01,6.0191e+01,6.0440e+01,6.1613e+01,6.2473e+01,6.3329e+01,6.4968e+01,6.5796e+01,6.6925e+01,6.7009e+01,6.8889e+01,6.9151e+01,6.9577e+01,6.7841e+01,6.5966e+01,6.4907e+01,6.5583e+01,6.5741e+01,6.7179e+01,6.8732e+01,6.8435e+01,6.8869e+01,6.9803e+01,6.8560e+01,6.8350e+01,6.7920e+01,6.8482e+01,6.9791e+01,7.0303e+01,6.9677e+01,7.0164e+01,6.9433e+01,6.9959e+01,7.1278e+01,7.2883e+01,7.3522e+01,7.3247e+01,7.2200e+01,7.1679e+01,7.0381e+01,7.0489e+01,6.9782e+01,6.8706e+01,6.7415e+01,6.6324e+01,6.5954e+01,6.7168e+01,6.7394e+01,6.8179e+01,6.7773e+01,6.6519e+01,6.6102e+01,6.6050e+01,6.6512e+01,6.6035e+01,6.6093e+01,6.6215e+01,6.5618e+01,6.4946e+01,6.4722e+01,6.4796e+01,6.4749e+01,6.4640e+01,6.5154e+01,6.5728e+01,6.5860e+01,6.6485e+01,6.6096e+01,6.5486e+01,6.5920e+01,6.5266e+01,6.5727e+01,6.7310e+01,6.7928e+01,6.8551e+01,6.8325e+01,6.8322e+01,6.8006e+01,6.8012e+01,6.8313e+01,6.7615e+01,6.7411e+01,6.6198e+01,6.6256e+01,6.5240e+01,6.4934e+01,6.4658e+01,6.4674e+01,6.5419e+01,6.5972e+01,6.6131e+01
6.9130e+01,6.9180e+01,6.9153e+01,7.0631e+01,7.2513e+01,7.3910e+01,7.5760e+01,7.7714e+01,7.9540e+01,8.0971e+01,8.3266e+01,8.3683e+01,8.1548e+01,8.0966e+01,7.9137e+01,7.6800e+01,7.5630e+01,7.3227e+01,7.2704e+01,7.1341e+01,7.0930e+01,6.9773e+01,7.0522e+01,7.2502e+01,7.2305e+01,7.1591e+01,7.0108e+01,6.8847e+01,6.7515e+01,6.5730e+01,6.4235e+01,6.3383e+01,6.2656e+01,6.2597e+01,6.1339e+01,6.1805e+01,6.3226e+01,6.4267e+01,6.3628e+01,6.5058e+01,6.4229e+01,6.2912e+01,6.1416e+01,6.0746e+01,6.1426e+01,6.1645e+01,6.0992e+01,6.1536e+01,6.3085e+01,6.3106e+01,6.4915e+01,6.4839e+01,6.5225e+01,6.7144e+01,6.8381e+01,6.8251e+01,6.9349e+01,6.8283e+01,6.6904e+01,6.6863e+01,6.7002e+01,6.6708e+01,6.7218e+01,6.8977e+01,7.0176e+01,6.9894e+01,7.0844e+01,6.9072e+01,6.7826e+01,6.6074e+01,6.4546e+01,6.4155e+01,6.4189e+01,6.4999e+01,6.5491e+01,6.4846e+01,6.4567e+01,6.4742e+01,6.5308e+01,6.3754e+01,6.2651e+01,6.1192e+01,6.0123e+01,6.0389e+01,6.1565e+01,6.2430e+01,6.3296e+01,6.4931e+01,6.5744e+01,6.6869e+01,6.6957e+01,6.8825e+01,6.9074e+01,6.9493e+01,6.7759e+01,6.5894e+01,6.4836e+01,6.5498e+01,6.5655e+01,6.7092e+01,6.8643e+01,6.8355e+01,6.8784e+01,6.9708e+01,6.8456e+01,6.8245e+01,6.7791e+01,6.8369e+01,6.9696e+01,7.0227e+01,6.9607e+01,7.0093e+01,6.9342e+01,6.9854e+01,7.1183e+01,7.2793e+01,7.3453e+01,7.3186e+01,7.2151e+01,7.1630e+01,7.0326e+01,7.0448e+01,6.9737e+01,6.8643e+01,6.7331e+01,6.6216e+01,6.5831e+01,6.7061e+01,6.7292e+01,6.8077e+01,6.7664e+01,6.6394e+01,6.5973e+01,6.5910e+01,6.6389e+01,6.5910e+01,6.5972e+01,6.6089e+01,6.5457e+01,6.4771e+01,6.4531e+01,6.4569e+01,6.4519e+01,6.4394e+01,6.4900e+01,6.5483e+01,6.5607e+01,6.6239e+01,6.5854e+01,6.5230e+01,6.5647e+01,6.4986e+01,6.5440e+01,6.7006e+01,6.7637e+01,6.8294e+01,6.8075e+01,6.8097e+01,6.7753e+01,6.7739e+01,6.8038e+01,6.7352e+01,6.7127e+01,6.5889e+01,6.5927e+01,6.4899e+01,6.4595e+01,6.4312e+01,6.4298e+01,6.5036e+01,6.5571e+01,6.5734e+01
6.8945e+01,6.8951e+01,6.8895e+01,7.0354e+01,7.2243e+01,7.3619e+01,7.5483e+01,7.7427e+01,7.9242e+01,8.0701e+01,8.2993e+01,8.3440e+01,8.1315e+01,8.0740e+01,7.8930e+01,7.6582e+01,7.5436e+01,7.3021e+01,7.2523e+01,7.1157e+01,7.0732e+01,6.9569e+01,7.0291e+01,7.2257e+01,7.2048e+01,7.1346e+01,6.9882e+01,6.8631e+01,6.7320e+01,6.5522e+01,6.4035e+01,6.3183e+01,6.2471e+01,6.2421e+01,6.1151e+01,6.1633e+01,6.3083e+01,6.4143e+01,6.3498e+01,6.4946e+01,6.4102e+01,6.2755e+01,6.1236e+01,6.0549e+01,6.1254e+01,6.1489e+01,6.0829e+01,6.1385e+01,6.2955e+01,6.2970e+01,6.4791e+01,6.4699e+01,6.5085e+01,6.7012e+01,6.8241e+01,6.8118e+01,6.9210e+01,6.8147e+01,6.6743e+01,6.6676e+01,6.6788e+01,6.6468e+01,6.6973e+01,6.8711e+01,6.9901e+01,6.9585e+01,7.0530e+01,6.8736e+01,6.7526e+01,6.5773e+01,6.4274e+01,6.3907e+01,6.3919e+01,6.4728e+01,6.5204e+01,6.4562e+01,6.4247e+01,6.4397e+01,6.4965e+01,6.3433e+01,6.2353e+01,6.0900e+01,5.9837e+01,6.0073e+01,6.1234e+01,6.2075e+01,6.2919e+01,6.4528e+01,6.5347e+01,6.6436e+01,6.6487e+01,6.8332e+01,6.8589e+01,6.9037e+01,6.7332e+01,6.5477e+01,6.4462e+01,6.5147e+01,6.5339e+01,6.6767e+01,6.8289e+01,6.7967e+01,6.8378e+01,6.9270e+01,6.7986e+01,6.7784e+01,6.7320e+01,6.7914e+01,6.9271e+01,6.9803e+01,6.9187e+01,6.9697e+01,6.8936e+01,6.9450e+01,7.0794e+01,7.2408e+01,7.3090e+01,7.2828e+01,7.1794e+01,7.1260e+01,6.9936e+01,7.0066e+01,6.9340e+01,6.8232e+01,6.6896e+01,6.5749e+01,6.5368e+01,6.6617e+01,6.6835e+01,6.7620e+01,6.7189e+01,6.5899e+01,6.5457e+01,6.5388e+01,6.5868e+01,6.5388e+01,6.5418e+01,6.5512e+01,6.4874e+01,6.4152e+01,6.3861e+01,6.3877e+01,6.3790e+01,6.3641e+01,6.4116e+01,6.4704e+01,6.4807e+01,6.5438e+01,6.5040e+01,6.4396e+01,6.4798e+01,6.4128e+01,6.4607e+01,6.6182e+01,6.6849e+01,6.7554e+01,6.7347e+01,6.7370e+01,6.7012e+01,6.7015e+01,6.7340e+01,6.6674e+01,6.6448e+01,6.5198e+01,6.5266e+01,6.4224e+01,6.3920e+01,6.3642e+01,6.3627e+01,6.4363e+01,6.4913e+01,6.5084e+01
6.8892e+01,6.8887e+01,6.8855e+01,7.0292e+01,7.2160e+01,7.3515e+01,7.5358e+01,7.7287e+01,7.9116e+01,8.0579e+01,8.2887e+01,8.3338e+01,8.1224e+01,8.0677e+01,7.8872e+01,7.6520e+01,7.5373e+01,7.2955e+01,7.2451e+01,7.1055e+01,7.0607e+01,6.9414e+01,7.0125e+01,7.2087e+01,7.1857e+01,7.1133e+01,6.9676e+01,6.8407e+01,6.7100e+01,6.5322e+01,6.3831e+01,6.3011e+01,6.2314e+01,6.2287e+01,6.1048e+01,6.1526e+01,6.2949e+01,6.3997e+01,6.3347e+01,6.4783e+01,6.3933e+01,6.2613e+01,6.1116e+01,6.0412e+01,6.1082e+01,6.1326e+01,6.0699e+01,6.1240e+01,6.2780e+01,6.2793e+01,6.4594e+01,6.4503e+01,6.4864e+01,6.6770e+01,6.8003e+01,6.7900e+01,6.9006e+01,6.7966e+01,6.6579e+01,6.6529e+01,6.6622e+01,6.6327e+01,6.6866e+01,6.8605e+01,6.9763e+01,6.9421e+01,7.0330e+01,6.8519e+01,6.7327e+01,6.5601e+01,6.4121e+01,6.3789e+01,6.3829e+01,6.4664e+01,6.5175e+01,6.4562e+01,6.4265e+01,6.4396e+01,6.4934e+01,6.3391e+01,6.2319e+01,6.0870e+01,5.9820e+01,6.0082e+01,6.1254e+01,6.2090e+01,6.2964e+01,6.4569e+01,6.5357e+01,6.6441e+01,6.6500e+01,6.8326e+01,6.8545e+01,6.8978e+01,6.7264e+01,6.5429e+01,6.4407e+01,6.5060e+01,6.5257e+01,6.6693e+01,6.8221e+01,6.7920e+01,6.8346e+01,6.9232e+01,6.7940e+01,6.7768e+01,6.7293e+01,6.7936e+01,6.9332e+01,6.9894e+01,6.9308e+01,6.9834e+01,6.9045e+01,6.9542e+01,7.0923e+01,7.2559e+01,7.3292e+01,7.3047e+01,7.2019e+01,7.1466e+01,7.0119e+01,7.0274e+01,6.9527e+01,6.8397e+01,6.7025e+01,6.5834e+01,6.5441e+01,6.6718e+01,6.6932e+01,6.7715e+01,6.7253e+01,6.5926e+01,6.5457e+01,6.5352e+01,6.5840e+01,6.5350e+01,6.5400e+01,6.5503e+01,6.4820e+01,6.4100e+01,6.3791e+01,6.3794e+01,6.3715e+01,6.3574e+01,6.4046e+01,6.4659e+01,6.4744e+01,6.5374e+01,6.4998e+01,6.4348e+01,6.4729e+01,6.4064e+01,6.4552e+01,6.6136e+01,6.6839e+01,6.7593e+01,6.7381e+01,6.7420e+01,6.7021e+01,6.7006e+01,6.7322e+01,6.6655e+01,6.6406e+01,6.5126e+01,6.5193e+01,6.4145e+01,6.3846e+01,6.3549e+01,6.3517e+01,6.4230e+01,6.4767e+01,6.4951e+01
6.8957e+01,6.8907e+01,6.8859e+01,7.0264e+01,7.2127e+01,7.3450e+01,7.5298e+01,7.7208e+01,7.9029e+01,8.0517e+01,8.2825e+01,8.3306e+01,8.1209e+01,8.0679e+01,7.8897e+01,7.6537e+01,7.5416e+01,7.2991e+01,7.2509e+01,7.1102e+01,7.0633e+01,6.9425e+01,7.0103e+01,7.2045e+01,7.1792e+01,7.1072e+01,6.9643e+01,6.8380e+01,6.7100e+01,6.5324e+01,6.3842e+01,6.3042e+01,6.2367e+01,6.2362e+01,6.1130e+01,6.1624e+01,6.3058e+01,6.4119e+01,6.3467e+01,6.4915e+01,6.4057e+01,6.2733e+01,6.1225e+01,6.0504e+01,6.1171e+01,6.1422e+01,6.0800e+01,6.1335e+01,6.2874e+01,6.2875e+01,6.4674e+01,6.4567e+01,6.4912e+01,6.6809e+01,6.8035e+01,6.7952e+01,6.9058e+01,6.8036e+01,6.6636e+01,6.6568e+01,6.6628e+01,6.6318e+01,6.6865e+01,6.8577e+01,6.9710e+01,6.9324e+01,7.0210e+01,6.8380e+01,6.7235e+01,6.5524e+01,6.4086e+01,6.3788e+01,6.3821e+01,6.4664e+01,6.5167e+01,6.4570e+01,6.4244e+01,6.4342e+01,6.4869e+01,6.3345e+01,6.2303e+01,6.0858e+01,5.9818e+01,6.0059e+01,6.1227e+01,6.2036e+01,6.2896e+01,6.4471e+01,6.5252e+01,6.6294e+01,6.6317e+01,6.8109e+01,6.8328e+01,6.8785e+01,6.7102e+01,6.5287e+01,6.4306e+01,6.4969e+01,6.5197e+01,6.6626e+01,6.8125e+01,6.7801e+01,6.8214e+01,6.9069e+01,6.7748e+01,6.7590e+01,6.7098e+01,6.7767e+01,6.9203e+01,6.9771e+01,6.9196e+01,6.9752e+01,6.8945e+01,6.9439e+01,7.0834e+01,7.2475e+01,7.3235e+01,7.3009e+01,7.1980e+01,7.1418e+01,7.0044e+01,7.0210e+01,6.9448e+01,6.8301e+01,6.6902e+01,6.5677e+01,6.5284e+01,6.6576e+01,6.6781e+01,6.7557e+01,6.7077e+01,6.5725e+01,6.5235e+01,6.5114e+01,6.5605e+01,6.5115e+01,6.5138e+01,6.5218e+01,6.4513e+01,6.3758e+01,6.3390e+01,6.3371e+01,6.3256e+01,6.3095e+01,6.3537e+01,6.4160e+01,6.4222e+01,6.4854e+01,6.4475e+01,6.3806e+01,6.4167e+01,6.3493e+01,6.4005e+01,6.5603e+01,6.6344e+01,6.7155e+01,6.6950e+01,6.6991e+01,6.6568e+01,6.6561e+01,6.6901e+01,6.6259e+01,6.6005e+01,6.4708e+01,6.4803e+01,6.3759e+01,6.3470e+01,6.3197e+01,6.3165e+01,6.3868e+01,6.4421e+01,6.4618e+01
6.8953e+01,6.8889e+01,6.8856e+01,7.0235e+01,7.2080e+01,7.3385e+01,7.5218e+01,7.7116e+01,7.8944e+01,8.0438e+01,8.2755e+01,8.3241e+01,8.1154e+01,8.0645e+01,7.8872e+01,7.6512e+01,7.5394e+01,7.2978e+01,7.2498e+01,7.1073e+01,7.0581e+01,6.9352e+01,7.0014e+01,7.1950e+01,7.1679e+01,7.0943e+01,6.9523e+01,6.8252e+01,6.6984e+01,6.5219e+01,6.3742e+01,6.2969e+01,6.2321e+01,6.2341e+01,6.1138e+01,6.1647e+01,6.3072e+01,6.4139e+01,6.3511e+01,6.4956e+01,6.4125e+01,6.2828e+01,6.1326e+01,6.0624e+01,6.1271e+01,6.1495e+01,6.0865e+01,6.1371e+01,6.2887e+01,6.2863e+01,6.4643e+01,6.4515e+01,6.4842e+01,6.6722e+01,6.7934e+01,6.7869e+01,6.8973e+01,6.7972e+01,6.6574e+01,6.6505e+01,6.6543e+01,6.6244e+01,6.6811e+01,6.8520e+01,6.9630e+01,6.9225e+01,7.0085e+01,6.8243e+01,6.7115e+01,6.5425e+01,6.4003e+01,6.3725e+01,6.3767e+01,6.4620e+01,6.5144e+01,6.4567e+01,6.4259e+01,6.4346e+01,6.4854e+01,6.3320e+01,6.2280e+01,6.0833e+01,5.9797e+01,6.0055e+01,6.1241e+01,6.2050e+01,6.2934e+01,6.4506e+01,6.5269e+01,6.6318e+01,6.6361e+01,6.8144e+01,6.8333e+01,6.8768e+01,6.7073e+01,6.5275e+01,6.4283e+01,6.4920e+01,6.5152e+01,6.6582e+01,6.8084e+01,6.7776e+01,6.8204e+01,6.9049e+01,6.7726e+01,6.7608e+01,6.7143e+01,6.7845e+01,6.9294e+01,6.9863e+01,6.9323e+01,6.9908e+01,6.9111e+01,6.9613e+01,7.1050e+01,7.2723e+01,7.3509e+01,7.3262e+01,7.2225e+01,7.1616e+01,7.0230e+01,7.0396e+01,6.9591e+01,6.8449e+01,6.7025e+01,6.5779e+01,6.5402e+01,6.6725e+01,6.6911e+01,6.7697e+01,6.7181e+01,6.5812e+01,6.5279e+01,6.5144e+01,6.5609e+01,6.5095e+01,6.5112e+01,6.5179e+01,6.4426e+01,6.3656e+01,6.3268e+01,6.3235e+01,6.3125e+01,6.2950e+01,6.3372e+01,6.4023e+01,6.4081e+01,6.4704e+01,6.4322e+01,6.3662e+01,6.4028e+01,6.3365e+01,6.3883e+01,6.5454e+01,6.6228e+01,6.7065e+01,6.6852e+01,6.6918e+01,6.6465e+01,6.6447e+01,6.6782e+01,6.6141e+01,6.5891e+01,6.4583e+01,6.4683e+01,6.3635e+01,6.3375e+01,6.3097e+01,6.3068e+01,6.3744e+01,6.4283e+01,6.4482e+01
6.7825e+01,6.7749e+01,6.7737e+01,6.9112e+01,7.0951e+01,7.2256e+01,7.4087e+01,7.5997e+01,7.7855e+01,7.9355e+01,8.1700e+01,8.2181e+01,8.0085e+01,7.9591e+01,7.7807e+01,7.5432e+01,7.4302e+01,7.1874e+01,7.1383e+01,6.9924e+01,6.9411e+01,6.8154e+01,6.8820e+01,7.0774e+01,7.0493e+01,6.9735e+01,6.8300e+01,6.7012e+01,6.5737e+01,6.3962e+01,6.2475e+01,6.1714e+01,6.1077e+01,6.1122e+01,5.9935e+01,6.0464e+01,6.1896e+01,6.2984e+01,6.2371e+01,6.3838e+01,6.3025e+01,6.1744e+01,6.0221e+01,5.9521e+01,6.0153e+01,6.0350e+01,5.9709e+01,6.0187e+01,6.1694e+01,6.1649e+01,6.3428e+01,6.3283e+01,6.3600e+01,6.5481e+01,6.6695e+01,6.6640e+01,6.7753e+01,6.6762e+01,6.5359e+01,6.5293e+01,6.5316e+01,6.5028e+01,6.5623e+01,6.7346e+01,6.8449e+01,6.8032e+01,6.8888e+01,6.7022e+01,6.5880e+01,6.4181e+01,6.2757e+01,6.2503e+01,6.2560e+01,6.3440e+01,6.3986e+01,6.3433e+01,6.3133e+01,6.3199e+01,6.3685e+01,6.2124e+01,6.1089e+01,5.9624e+01,5.8599e+01,5.8878e+01,6.0097e+01,6.0897e+01,6.1821e+01,6.3403e+01,6.4145e+01,6.5205e+01,6.5266e+01,6.7072e+01,6.7231e+01,6.7651e+01,6.5916e+01,6.4104e+01,6.3087e+01,6.3709e+01,6.3949e+01,6.5406e+01,6.6932e+01,6.6636e+01,6.7104e+01,6.7980e+01,6.6663e+01,6.6592e+01,6.6179e+01,6.6922e+01,6.8375e+01,6.8945e+01,6.8459e+01,6.9082e+01,6.8310e+01,6.8821e+01,7.0329e+01,7.2046e+01,7.2868e+01,7.2576e+01,7.1544e+01,7.0874e+01,6.9488e+01,6.9676e+01,6.8831e+01,6.7703e+01,6.6254e+01,6.4960e+01,6.4611e+01,6.5970e+01,6.6118e+01,6.6906e+01,6.6327e+01,6.4935e+01,6.4345e+01,6.4185e+01,6.4608e+01,6.4071e+01,6.4085e+01,6.4140e+01,6.3338e+01,6.2567e+01,6.2172e+01,6.2136e+01,6.2036e+01,6.1865e+01,6.2302e+01,6.2987e+01,6.3042e+01,6.3686e+01,6.3319e+01,6.2659e+01,6.3029e+01,6.2366e+01,6.2877e+01,6.4466e+01,6.5271e+01,6.6127e+01,6.5908e+01,6.5999e+01,6.5512e+01,6.5466e+01,6.5793e+01,6.5135e+01,6.4886e+01,6.3544e+01,6.3647e+01,6.2617e+01,6.2396e+01,6.2124e+01,6.2102e+01,6.2768e+01,6.3302e+01,6.3485e+01
6.8475e+01,6.8375e+01,6.8359e+01,6.9695e+01,7.1510e+01,7.2785e+01,7.4601e+01,7.6488e+01,7.8333e+01,7.9840e+01,8.2178e+01,8.2672e+01,8.0595e+01,8.0116e+01,7.8355e+01,7.5990e+01,7.4881e+01,7.2469e+01,7.1997e+01,7.0536e+01,7.0008e+01,6.8748e+01,6.9383e+01,7.1307e+01,7.1010e+01,7.0255e+01,6.8853e+01,6.7579e+01,6.6339e+01,6.4593e+01,6.3136e+01,6.2406e+01,6.1802e+01,6.1863e+01,6.0709e+01,6.1241e+01,6.2651e+01,6.3731e+01,6.3141e+01,6.4590e+01,6.3801e+01,6.2550e+01,6.1051e+01,6.0378e+01,6.0989e+01,6.1164e+01,6.0525e+01,6.0980e+01,6.2455e+01,6.2396e+01,6.4141e+01,6.3982e+01,6.4287e+01,6.6134e+01,6.7322e+01,6.7280e+01,6.8377e+01,6.7410e+01,6.6015e+01,6.5940e+01,6.5937e+01,6.5649e+01,6.6248e+01,6.7937e+01,6.9004e+01,6.8562e+01,6.9385e+01,6.7524e+01,6.6429e+01,6.4770e+01,6.3389e+01,6.3159e+01,6.3215e+01,6.4084e+01,6.4626e+01,6.4088e+01,6.3786e+01,6.3844e+01,6.4318e+01,6.2788e+01,6.1777e+01,6.0343e+01,5.9338e+01,5.9611e+01,6.0803e+01,6.1582e+01,6.2486e+01,6.4032e+01,6.4761e+01,6.5800e+01,6.5866e+01,6.7629e+01,6.7775e+01,6.8182e+01,6.6479e+01,6.4713e+01,6.3724e+01,6.4328e+01,6.4572e+01,6.6000e+01,6.7494e+01,6.7199e+01,6.7651e+01,6.8488e+01,6.7163e+01,6.7116e+01,6.6712e+01,6.7474e+01,6.8948e+01,6.9509e+01,6.9042e+01,6.9699e+01,6.8932e+01,6.9462e+01,7.0993e+01,7.2739e+01,7.3572e+01,7.3272e+01,7.2219e+01,7.1511e+01,7.0098e+01,7.0271e+01,6.9385e+01,6.8255e+01,6.6781e+01,6.5479e+01,6.5142e+01,6.6524e+01,6.6665e+01,6.7466e+01,6.6873e+01,6.5469e+01,6.4850e+01,6.4691e+01,6.5101e+01,6.4542e+01,6.4539e+01,6.4588e+01,6.3768e+01,6.2978e+01,6.2553e+01,6.2510e+01,6.2394e+01,6.2197e+01,6.2586e+01,6.3289e+01,6.3319e+01,6.3947e+01,6.3567e+01,6.2909e+01,6.3271e+01,6.2623e+01,6.3152e+01,6.4701e+01,6.5547e+01,6.6437e+01,6.6229e+01,6.6341e+01,6.5839e+01,6.5809e+01,6.6142e+01,6.5507e+01,6.5267e+01,6.3928e+01,6.4049e+01,6.3021e+01,6.2826e+01,6.2559e+01,6.2540e+01,6.3166e+01,6.3689e+01,6.3880e+01
6.7947e+01,6.7844e+01,6.7850e+01,6.9179e+01,7.0978e+01,7.2254e+01,7.4054e+01,7.5943e+01,7.7809e+01,7.9309e+01,8.1660e+01,8.2140e+01,8.0061e+01,7.9596e+01,7.7827e+01,7.5463e+01,7.4341e+01,7.1934e+01,7.1444e+01,6.9967e+01,6.9432e+01,6.8159e+01,6.8801e+01,7.0736e+01,7.0436e+01,6.9664e+01,6.8253e+01,6.6971e+01,6.5731e+01,6.3989e+01,6.2537e+01,6.1823e+01,6.1237e+01,6.1321e+01,6.0198e+01,6.0744e+01,6.2141e+01,6.3225e+01,6.2660e+01,6.4107e+01,6.3348e+01,6.2134e+01,6.0642e+01,5.9990e+01,6.0572e+01,6.0714e+01,6.0071e+01,6.0490e+01,6.1935e+01,6.1856e+01,6.3579e+01,6.3405e+01,6.3700e+01,6.5531e+01,6.6709e+01,6.6674e+01,6.7770e+01,6.6817e+01,6.5430e+01,6.5360e+01,6.5348e+01,6.5074e+01,6.5692e+01,6.7390e+01,6.8446e+01,6.8003e+01,6.8823e+01,6.6952e+01,6.5843e+01,6.4185e+01,6.2808e+01,6.2599e+01,6.2671e+01,6.3560e+01,6.4120e+01,6.3600e+01,6.3313e+01,6.3359e+01,6.3814e+01,6.2265e+01,6.1258e+01,5.9818e+01,5.8827e+01,5.9118e+01,6.0330e+01,6.1106e+01,6.2039e+01,6.3591e+01,6.4302e+01,6.5358e+01,6.5446e+01,6.7229e+01,6.7351e+01,6.7739e+01,6.5999e+01,6.4227e+01,6.3210e+01,6.3791e+01,6.4035e+01,6.5483e+01,6.6997e+01,6.6721e+01,6.7209e+01,6.8078e+01,6.6770e+01,6.6759e+01,6.6410e+01,6.7195e+01,6.8654e+01,6.9204e+01,6.8779e+01,6.9465e+01,6.8733e+01,6.9274e+01,7.0855e+01,7.2635e+01,7.3482e+01,7.3143e+01,7.2092e+01,7.1335e+01,6.9931e+01,7.0112e+01,6.9193e+01,6.8083e+01,6.6598e+01,6.5277e+01,6.4967e+01,6.6371e+01,6.6484e+01,6.7289e+01,6.6651e+01,6.5246e+01,6.4581e+01,6.4411e+01,6.4778e+01,6.4195e+01,6.4188e+01,6.4221e+01,6.3361e+01,6.2573e+01,6.2155e+01,6.2108e+01,6.2003e+01,6.1804e+01,6.2202e+01,6.2928e+01,6.2955e+01,6.3602e+01,6.3240e+01,6.2580e+01,6.2946e+01,6.2298e+01,6.2809e+01,6.4361e+01,6.5226e+01,6.6124e+01,6.5915e+01,6.6049e+01,6.5521e+01,6.5465e+01,6.5786e+01,6.5136e+01,6.4898e+01,6.3536e+01,6.3651e+01,6.2645e+01,6.2483e+01,6.2222e+01,6.2206e+01,6.2830e+01,6.3340e+01,6.3515e+01
6.6708e+01,6.6631e+01,6.6647e+01,6.8023e+01,6.9851e+01,7.1165e+01,7.2986e+01,7.4913e+01,7.6801e+01,7.8295e+01,8.0663e+01,8.1123e+01,7.9013e+01,7.8530e+01,7.6728e+01,7.4346e+01,7.3193e+01,7.0763e+01,7.0246e+01,6.8762e+01,6.8245e+01,6.6972e+01,6.7655e+01,6.9635e+01,6.9357e+01,6.8579e+01,6.7120e+01,6.5818e+01,6.4534e+01,6.2751e+01,6.1262e+01,6.0509e+01,5.9887e+01,5.9956e+01,5.8800e+01,5.9347e+01,6.0770e+01,6.1869e+01,6.1287e+01,6.2760e+01,6.1984e+01,6.0744e+01,5.9219e+01,5.8545e+01,5.9145e+01,5.9297e+01,5.8645e+01,5.9080e+01,6.0558e+01,6.0489e+01,6.2251e+01,6.2091e+01,6.2404e+01,6.4276e+01,6.5484e+01,6.5431e+01,6.6546e+01,6.5565e+01,6.4166e+01,6.4107e+01,6.4125e+01,6.3853e+01,6.4471e+01,6.6214e+01,6.7314e+01,6.6906e+01,6.7773e+01,6.5893e+01,6.4717e+01,6.3002e+01,6.1569e+01,6.1335e+01,6.1408e+01,6.2317e+01,6.2884e+01,6.2353e+01,6.2066e+01,6.2114e+01,6.2580e+01,6.0988e+01,5.9955e+01,5.8473e+01,5.7465e+01,5.7768e+01,5.9019e+01,5.9812e+01,6.0781e+01,6.2375e+01,6.3097e+01,6.4180e+01,6.4269e+01,6.6110e+01,6.6243e+01,6.6642e+01,6.4853e+01,6.3021e+01,6.1965e+01,6.2566e+01,6.2808e+01,6.4297e+01,6.5855e+01,6.5577e+01,6.6096e+01,6.7020e+01,6.5725e+01,6.5704e+01,6.5372e+01,6.6150e+01,6.7584e+01,6.8140e+01,6.7717e+01,6.8387e+01,6.7664e+01,6.8193e+01,6.9781e+01,7.1550e+01,7.2399e+01,7.2043e+01,7.1014e+01,7.0268e+01,6.8893e+01,6.9099e+01,6.8205e+01,6.7107e+01,6.5640e+01,6.4307e+01,6.3998e+01,6.5391e+01,6.5494e+01,6.6285e+01,6.5634e+01,6.4236e+01,6.3577e+01,6.3399e+01,6.3758e+01,6.3187e+01,6.3192e+01,6.3219e+01,6.2361e+01,6.1593e+01,6.1204e+01,6.1166e+01,6.1081e+01,6.0911e+01,6.1366e+01,6.2087e+01,6.2140e+01,6.2810e+01,6.2464e+01,6.1804e+01,6.2182e+01,6.1526e+01,6.2019e+01,6.3619e+01,6.4453e+01,6.5317e+01,6.5092e+01,6.5211e+01,6.4690e+01,6.4608e+01,6.4915e+01,6.4228e+01,6.3985e+01,6.2611e+01,6.2709e+01,6.1711e+01,6.1538e+01,6.1273e+01,6.1258e+01,6.1927e+01,6.2451e+01,6.2617e+01
6.5589e+01,6.5491e+01,6.5459e+01,6.6861e+01,6.8736e+01,7.0078e+01,7.1949e+01,7.3911e+01,7.5789e+01,7.7304e+01,7.9668e+01,8.0141e+01,7.8003e+01,7.7484e+01,7.5674e+01,7.3276e+01,7.2126e+01,6.9673e+01,6.9180e+01,6.7715e+01,6.7210e+01,6.5965e+01,6.6651e+01,6.8647e+01,6.8399e+01,6.7660e+01,6.6187e+01,6.4918e+01,6.3634e+01,6.1801e+01,6.0326e+01,5.9514e+01,5.8889e+01,5.8930e+01,5.7725e+01,5.8299e+01,5.9781e+01,6.0915e+01,6.0346e+01,6.1855e+01,6.1086e+01,5.9796e+01,5.8219e+01,5.7565e+01,5.8222e+01,5.8361e+01,5.7653e+01,5.8111e+01,5.9641e+01,5.9572e+01,6.1367e+01,6.1197e+01,6.1559e+01,6.3472e+01,6.4669e+01,6.4579e+01,6.5671e+01,6.4647e+01,6.3202e+01,6.3096e+01,6.3121e+01,6.2789e+01,6.3357e+01,6.5091e+01,6.6240e+01,6.5841e+01,6.6770e+01,6.4885e+01,6.3694e+01,6.1918e+01,6.0476e+01,6.0216e+01,6.0224e+01,6.1096e+01,6.1607e+01,6.1043e+01,6.0704e+01,6.0752e+01,6.1257e+01,5.9695e+01,5.8669e+01,5.7199e+01,5.6192e+01,5.6436e+01,5.7652e+01,5.8425e+01,5.9354e+01,6.0935e+01,6.1689e+01,6.2760e+01,6.2819e+01,6.4685e+01,6.4865e+01,6.5307e+01,6.3529e+01,6.1661e+01,6.0645e+01,6.1317e+01,6.1578e+01,6.3057e+01,6.4597e+01,6.4261e+01,6.4758e+01,6.5677e+01,6.4359e+01,6.4330e+01,6.4035e+01,6.4796e+01,6.6217e+01,6.6741e+01,6.6327e+01,6.7032e+01,6.6343e+01,6.6907e+01,6.8525e+01,7.0322e+01,7.1170e+01,7.0759e+01,6.9721e+01,6.8928e+01,6.7550e+01,6.7755e+01,6.6834e+01,6.5749e+01,6.4273e+01,6.2922e+01,6.2643e+01,6.4051e+01,6.4126e+01,6.4923e+01,6.4246e+01,6.2854e+01,6.2165e+01,6.2010e+01,6.2341e+01,6.1755e+01,6.1715e+01,6.1724e+01,6.0892e+01,6.0110e+01,5.9720e+01,5.9700e+01,5.9607e+01,5.9435e+01,5.9882e+01,6.0612e+01,6.0668e+01,6.1339e+01,6.0974e+01,6.0313e+01,6.0707e+01,6.0058e+01,6.0571e+01,6.2183e+01,6.3037e+01,6.3899e+01,6.3673e+01,6.3789e+01,6.3278e+01,6.3208e+01,6.3527e+01,6.2820e+01,6.2596e+01,6.1215e+01,6.1338e+01,6.0338e+01,6.0166e+01,5.9894e+01,5.9898e+01,6.0578e+01,6.1125e+01,6.1293e+01
6.4319e+01,6.4250e+01,6.4239e+01,6.5689e+01,6.7583e+01,6.8964e+01,7.0853e+01,7.2848e+01,7.4748e+01,7.6250e+01,7.8628e+01,7.9077e+01,7.6914e+01,7.6385e+01,7.4543e+01,7.2129e+01,7.0943e+01,6.8462e+01,6.7931e+01,6.6456e+01,6.5975e+01,6.4729e+01,6.5462e+01,6.7500e+01,6.7278e+01,6.6527e+01,6.5008e+01,6.3717e+01,6.2386e+01,6.0528e+01,5.9017e+01,5.8167e+01,5.7496e+01,5.7519e+01,5.6286e+01,5.6855e+01,5.8355e+01,5.9502e+01,5.8915e+01,6.0454e+01,5.9671e+01,5.8374e+01,5.6759e+01,5.6079e+01,5.6730e+01,5.6875e+01,5.6167e+01,5.6635e+01,5.8190e+01,5.8137e+01,5.9967e+01,5.9820e+01,6.0196e+01,6.2143e+01,6.3375e+01,6.3266e+01,6.4382e+01,6.3334e+01,6.1890e+01,6.1807e+01,6.1866e+01,6.1547e+01,6.2118e+01,6.3893e+01,6.5079e+01,6.4717e+01,6.5685e+01,6.3803e+01,6.2547e+01,6.0720e+01,5.9223e+01,5.8936e+01,5.8943e+01,5.9830e+01,6.0349e+01,5.9777e+01,5.9440e+01,5.9485e+01,6.0000e+01,5.8396e+01,5.7345e+01,5.5830e+01,5.4802e+01,5.5064e+01,5.6324e+01,5.7115e+01,5.8078e+01,5.9697e+01,6.0462e+01,6.1562e+01,6.1622e+01,6.3552e+01,6.3750e+01,6.4200e+01,6.2374e+01,6.0444e+01,5.9385e+01,6.0083e+01,6.0333e+01,6.1851e+01,6.3436e+01,6.3102e+01,6.3626e+01,6.4611e+01,6.3315e+01,6.3272e+01,6.2982e+01,6.3740e+01,6.5146e+01,6.5678e+01,6.5271e+01,6.5965e+01,6.5283e+01,6.5836e+01,6.7467e+01,6.9261e+01,7.0116e+01,6.9688e+01,6.8669e+01,6.7884e+01,6.6531e+01,6.6769e+01,6.5876e+01,6.4797e+01,6.3336e+01,6.1962e+01,6.1674e+01,6.3071e+01,6.3138e+01,6.3917e+01,6.3225e+01,6.1832e+01,6.1148e+01,6.0975e+01,6.1305e+01,6.0744e+01,6.0714e+01,6.0704e+01,5.9869e+01,5.9108e+01,5.8726e+01,5.8702e+01,5.8602e+01,5.8442e+01,5.8924e+01,5.9646e+01,5.9714e+01,6.0430e+01,6.0075e+01,5.9388e+01,5.9787e+01,5.9114e+01,5.9606e+01,6.1259e+01,6.2091e+01,6.2940e+01,6.2702e+01,6.2817e+01,6.2299e+01,6.2202e+01,6.2528e+01,6.1815e+01,6.1593e+01,6.0189e+01,6.0290e+01,5.9302e+01,5.9149e+01,5.8900e+01,5.8901e+01,5.9617e+01,6.0183e+01,6.0326e+01
6.3053e+01,6.3009e+01,6.3041e+01,6.4516e+01,6.6399e+01,6.7810e+01,6.9689e+01,7.1709e+01,7.3636e+01,7.5112e+01,7.7507e+01,7.7925e+01,7.5748e+01,7.5223e+01,7.3359e+01,7.0941e+01,6.9721e+01,6.7233e+01,6.6665e+01,6.5171e+01,6.4694e+01,6.3440e+01,6.4210e+01,6.6280e+01,6.6076e+01,6.5302e+01,6.3742e+01,6.2427e+01,6.1061e+01,5.9200e+01,5.7676e+01,5.6812e+01,5.6120e+01,5.6144e+01,5.4922e+01,5.5488e+01,5.6978e+01,5.8131e+01,5.7554e+01,5.9107e+01,5.8343e+01,5.7076e+01,5.5448e+01,5.4772e+01,5.5392e+01,5.5511e+01,5.4803e+01,5.5251e+01,5.6795e+01,5.6742e+01,5.8569e+01,5.8431e+01,5.8816e+01,6.0772e+01,6.2014e+01,6.1892e+01,6.3021e+01,6.1968e+01,6.0534e+01,6.0476e+01,6.0556e+01,6.0269e+01,6.0863e+01,6.2675e+01,6.3873e+01,6.3544e+01,6.4529e+01,6.2661e+01,6.1343e+01,5.9492e+01,5.7948e+01,5.7648e+01,5.7689e+01,5.8609e+01,5.9173e+01,5.8627e+01,5.8342e+01,5.8382e+01,5.8865e+01,5.7213e+01,5.6144e+01,5.4602e+01,5.3580e+01,5.3912e+01,5.5219e+01,5.6032e+01,5.7073e+01,5.8718e+01,5.9445e+01,6.0595e+01,6.0717e+01,6.2690e+01,6.2845e+01,6.3238e+01,6.1345e+01,5.9396e+01,5.8257e+01,5.8918e+01,5.9136e+01,6.0693e+01,6.2331e+01,6.2044e+01,6.2631e+01,6.3694e+01,6.2463e+01,6.2458e+01,6.2208e+01,6.2998e+01,6.4398e+01,6.4944e+01,6.4588e+01,6.5295e+01,6.4627e+01,6.5177e+01,6.6863e+01,6.8693e+01,6.9577e+01,6.9128e+01,6.8106e+01,6.7287e+01,6.5942e+01,6.6208e+01,6.5312e+01,6.4244e+01,6.2787e+01,6.1382e+01,6.1099e+01,6.2496e+01,6.2540e+01,6.3300e+01,6.2566e+01,6.1164e+01,6.0461e+01,6.0252e+01,6.0556e+01,6.0010e+01,6.0002e+01,5.9976e+01,5.9122e+01,5.8394e+01,5.8020e+01,5.7981e+01,5.7881e+01,5.7719e+01,5.8233e+01,5.8944e+01,5.9022e+01,5.9784e+01,5.9440e+01,5.8724e+01,5.9121e+01,5.8419e+01,5.8880e+01,6.0536e+01,6.1355e+01,6.2196e+01,6.1954e+01,6.2106e+01,6.1579e+01,6.1449e+01,6.1770e+01,6.1067e+01,6.0844e+01,5.9424e+01,5.9505e+01,5.8524e+01,5.8406e+01,5.8153e+01,5.8148e+01,5.8859e+01,5.9411e+01,5.9528e+01
6.1815e+01,6.1797e+01,6.1837e+01,6.3372e+01,6.5284e+01,6.6743e+01,6.8648e+01,7.0709e+01,7.2650e+01,7.4118e+01,7.6525e+01,7.6924e+01,7.4715e+01,7.4168e+01,7.2273e+01,6.9837e+01,6.8586e+01,6.6066e+01,6.5474e+01,6.3977e+01,6.3522e+01,6.2275e+01,6.3091e+01,6.5206e+01,6.5040e+01,6.4270e+01,6.2657e+01,6.1335e+01,5.9923e+01,5.8025e+01,5.6476e+01,5.5550e+01,5.4809e+01,5.4799e+01,5.3529e+01,5.4098e+01,5.5628e+01,5.6806e+01,5.6218e+01,5.7811e+01,5.7041e+01,5.5745e+01,5.4065e+01,5.3384e+01,5.4024e+01,5.4139e+01,5.3404e+01,5.3873e+01,5.5460e+01,5.5424e+01,5.7295e+01,5.7176e+01,5.7599e+01,5.9602e+01,6.0870e+01,6.0713e+01,6.1854e+01,6.0759e+01,5.9309e+01,5.9257e+01,5.9378e+01,5.9088e+01,5.9666e+01,6.1516e+01,6.2768e+01,6.2486e+01,6.3526e+01,6.1673e+01,6.0286e+01,5.8372e+01,5.6765e+01,5.6414e+01,5.6432e+01,5.7344e+01,5.7898e+01,5.7322e+01,5.7033e+01,5.7093e+01,5.7611e+01,5.5925e+01,5.4811e+01,5.3233e+01,5.2177e+01,5.2510e+01,5.3847e+01,5.4690e+01,5.5753e+01,5.7446e+01,5.8203e+01,5.9406e+01,5.9553e+01,6.1603e+01,6.1790e+01,6.2177e+01,6.0240e+01,5.8228e+01,5.7040e+01,5.7740e+01,5.7926e+01,5.9510e+01,6.1192e+01,6.0899e+01,6.1500e+01,6.2622e+01,6.1421e+01,6.1407e+01,6.1192e+01,6.1971e+01,6.3355e+01,6.3875e+01,6.3533e+01,6.4270e+01,6.3639e+01,6.4211e+01,6.5942e+01,6.7806e+01,6.8692e+01,6.8198e+01,6.7164e+01,6.6302e+01,6.4963e+01,6.5237e+01,6.4324e+01,6.3266e+01,6.1804e+01,6.0372e+01,6.0096e+01,6.1508e+01,6.1538e+01,6.2306e+01,6.1542e+01,6.0136e+01,5.9408e+01,5.9197e+01,5.9482e+01,5.8925e+01,5.8905e+01,5.8863e+01,5.8004e+01,5.7287e+01,5.6939e+01,5.6893e+01,5.6807e+01,5.6648e+01,5.7193e+01,5.7914e+01,5.8008e+01,5.8799e+01,5.8461e+01,5.7741e+01,5.8154e+01,5.7450e+01,5.7895e+01,5.9570e+01,6.0389e+01,6.1217e+01,6.0960e+01,6.1115e+01,6.0571e+01,6.0407e+01,6.0736e+01,6.0017e+01,5.9807e+01,5.8359e+01,5.8427e+01,5.7455e+01,5.7361e+01,5.7106e+01,5.7116e+01,5.7860e+01,5.8434e+01,5.8535e+01
6.0691e+01,6.0726e+01,6.0846e+01,6.2414e+01,6.4292e+01,6.5780e+01,6.7647e+01,6.9720e+01,7.1698e+01,7.3127e+01,7.5556e+01,7.5911e+01,7.3695e+01,7.3166e+01,7.1241e+01,6.8808e+01,6.7506e+01,6.4983e+01,6.4324e+01,6.2794e+01,6.2348e+01,6.1079e+01,6.1955e+01,6.4110e+01,6.3960e+01,6.3143e+01,6.1475e+01,6.0100e+01,5.8622e+01,5.6743e+01,5.5145e+01,5.4210e+01,5.3406e+01,5.3390e+01,5.2132e+01,5.2670e+01,5.4169e+01,5.5337e+01,5.4730e+01,5.6337e+01,5.5565e+01,5.4321e+01,5.2629e+01,5.1920e+01,5.2495e+01,5.2597e+01,5.1895e+01,5.2346e+01,5.3918e+01,5.3902e+01,5.5781e+01,5.5703e+01,5.6114e+01,5.8129e+01,5.9441e+01,5.9280e+01,6.0467e+01,5.9375e+01,5.7969e+01,5.7990e+01,5.8157e+01,5.7948e+01,5.8577e+01,6.0487e+01,6.1740e+01,6.1505e+01,6.2543e+01,6.0713e+01,5.9247e+01,5.7328e+01,5.5654e+01,5.5282e+01,5.5377e+01,5.6347e+01,5.6979e+01,5.6438e+01,5.6231e+01,5.6297e+01,5.6772e+01,5.5007e+01,5.3842e+01,5.2199e+01,5.1119e+01,5.1564e+01,5.3003e+01,5.3903e+01,5.5082e+01,5.6828e+01,5.7536e+01,5.8801e+01,5.9021e+01,6.1098e+01,6.1228e+01,6.1542e+01,5.9540e+01,5.7527e+01,5.6225e+01,5.6855e+01,5.6982e+01,5.8615e+01,6.0371e+01,6.0158e+01,6.0835e+01,6.2048e+01,6.0928e+01,6.0950e+01,6.0740e+01,6.1562e+01,6.2948e+01,6.3499e+01,6.3202e+01,6.3932e+01,6.3290e+01,6.3826e+01,6.5582e+01,6.7442e+01,6.8364e+01,6.7885e+01,6.6871e+01,6.6021e+01,6.4701e+01,6.5017e+01,6.4135e+01,6.3084e+01,6.1643e+01,6.0179e+01,5.9887e+01,6.1276e+01,6.1295e+01,6.2023e+01,6.1231e+01,5.9811e+01,5.9089e+01,5.8818e+01,5.9101e+01,5.8580e+01,5.8604e+01,5.8568e+01,5.7698e+01,5.7034e+01,5.6709e+01,5.6648e+01,5.6571e+01,5.6428e+01,5.7028e+01,5.7732e+01,5.7831e+01,5.8683e+01,5.8373e+01,5.7618e+01,5.8017e+01,5.7281e+01,5.7683e+01,5.9384e+01,6.0172e+01,6.0983e+01,6.0723e+01,6.0907e+01,6.0347e+01,6.0128e+01,6.0452e+01,5.9742e+01,5.9519e+01,5.8046e+01,5.8073e+01,5.7125e+01,5.7065e+01,5.6816e+01,5.6810e+01,5.7561e+01,5.8121e+01,5.8185e+01
5.9708e+01,5.9776e+01,5.9919e+01,6.1544e+01,6.3436e+01,6.4967e+01,6.6852e+01,6.8963e+01,7.0961e+01,7.2376e+01,7.4819e+01,7.5152e+01,7.2907e+01,7.2363e+01,7.0406e+01,6.7957e+01,6.6621e+01,6.4069e+01,6.3377e+01,6.1840e+01,6.1416e+01,6.0153e+01,6.1075e+01,6.3270e+01,6.3156e+01,6.2333e+01,6.0614e+01,5.9227e+01,5.7702e+01,5.5801e+01,5.4177e+01,5.3185e+01,5.2322e+01,5.2272e+01,5.0968e+01,5.1508e+01,5.3043e+01,5.4238e+01,5.3622e+01,5.5274e+01,5.4498e+01,5.3242e+01,5.1497e+01,5.0785e+01,5.1357e+01,5.1443e+01,5.0719e+01,5.1179e+01,5.2786e+01,5.2787e+01,5.4705e+01,5.4651e+01,5.5092e+01,5.7148e+01,5.8492e+01,5.8302e+01,5.9510e+01,5.8383e+01,5.6970e+01,5.7009e+01,5.7219e+01,5.7022e+01,5.7643e+01,5.9591e+01,6.0889e+01,6.0702e+01,6.1782e+01,5.9972e+01,5.8442e+01,5.6475e+01,5.4740e+01,5.4319e+01,5.4399e+01,5.5362e+01,5.5995e+01,5.5431e+01,5.5234e+01,5.5324e+01,5.5830e+01,5.4020e+01,5.2799e+01,5.1105e+01,4.9979e+01,5.0438e+01,5.1929e+01,5.2875e+01,5.4102e+01,5.5908e+01,5.6638e+01,5.7968e+01,5.8238e+01,6.0378e+01,6.0521e+01,6.0805e+01,5.8758e+01,5.6703e+01,5.5334e+01,5.5983e+01,5.6061e+01,5.7723e+01,5.9529e+01,5.9326e+01,6.0031e+01,6.1312e+01,6.0239e+01,6.0264e+01,6.0090e+01,6.0915e+01,6.2293e+01,6.2819e+01,6.2547e+01,6.3319e+01,6.2712e+01,6.3274e+01,6.5080e+01,6.6979e+01,6.7908e+01,6.7396e+01,6.6359e+01,6.5462e+01,6.4135e+01,6.4457e+01,6.3552e+01,6.2515e+01,6.1070e+01,5.9577e+01,5.9295e+01,6.0698e+01,6.0697e+01,6.1425e+01,6.0598e+01,5.9167e+01,5.8416e+01,5.8131e+01,5.8392e+01,5.7862e+01,5.7880e+01,5.7830e+01,5.6952e+01,5.6305e+01,5.5999e+01,5.5929e+01,5.5856e+01,5.5713e+01,5.6344e+01,5.7038e+01,5.7125e+01,5.8023e+01,5.7741e+01,5.6968e+01,5.7354e+01,5.6609e+01,5.6974e+01,5.8674e+01,5.9463e+01,6.0261e+01,6.0007e+01,6.0214e+01,5.9644e+01,5.9393e+01,5.9733e+01,5.9029e+01,5.8818e+01,5.7317e+01,5.7330e+01,5.6410e+01,5.6396e+01,5.6158e+01,5.6171e+01,5.6945e+01,5.7518e+01,5.7555e+01
5.8726e+01,5.8875e+01,5.9108e+01,6.0777e+01,6.2630e+01,6.4202e+01,6.6053e+01,6.8185e+01,7.0213e+01,7.1571e+01,7.4026e+01,7.4300e+01,7.2042e+01,7.1506e+01,6.9512e+01,6.7073e+01,6.5674e+01,6.3118e+01,6.2344e+01,6.0792e+01,6.0404e+01,5.9140e+01,6.0141e+01,6.2378e+01,6.2302e+01,6.1444e+01,5.9658e+01,5.8226e+01,5.6627e+01,5.4761e+01,5.3104e+01,5.2079e+01,5.1122e+01,5.1028e+01,4.9719e+01,5.0194e+01,5.1685e+01,5.2847e+01,5.2203e+01,5.3850e+01,5.3073e+01,5.1870e+01,5.0125e+01,4.9402e+01,4.9918e+01,4.9992e+01,4.9305e+01,4.9770e+01,5.1365e+01,5.1417e+01,5.3341e+01,5.3357e+01,5.3813e+01,5.5881e+01,5.7269e+01,5.7049e+01,5.8296e+01,5.7154e+01,5.5803e+01,5.5931e+01,5.6217e+01,5.6110e+01,5.6766e+01,5.8773e+01,6.0081e+01,5.9969e+01,6.1055e+01,5.9295e+01,5.7676e+01,5.5707e+01,5.3896e+01,5.3421e+01,5.3571e+01,5.4559e+01,5.5263e+01,5.4710e+01,5.4617e+01,5.4753e+01,5.5236e+01,5.3365e+01,5.2059e+01,5.0310e+01,4.9113e+01,4.9696e+01,5.1287e+01,5.2342e+01,5.3670e+01,5.5530e+01,5.6222e+01,5.7632e+01,5.7996e+01,6.0157e+01,6.0256e+01,6.0449e+01,5.8353e+01,5.6318e+01,5.4837e+01,5.5406e+01,5.5381e+01,5.7066e+01,5.8943e+01,5.8831e+01,5.9591e+01,6.0963e+01,5.9989e+01,6.0023e+01,5.9830e+01,6.0675e+01,6.2059e+01,6.2610e+01,6.2362e+01,6.3126e+01,6.2500e+01,6.3032e+01,6.4850e+01,6.6749e+01,6.7701e+01,6.7215e+01,6.6180e+01,6.5306e+01,6.3987e+01,6.4334e+01,6.3465e+01,6.2422e+01,6.0998e+01,5.9491e+01,5.9178e+01,6.0551e+01,6.0559e+01,6.1258e+01,6.0427e+01,5.8989e+01,5.8264e+01,5.7931e+01,5.8213e+01,5.7722e+01,5.7780e+01,5.7727e+01,5.6827e+01,5.6214e+01,5.5922e+01,5.5801e+01,5.5732e+01,5.5581e+01,5.6273e+01,5.6932e+01,5.7051e+01,5.8020e+01,5.7756e+01,5.6945e+01,5.7323e+01,5.6535e+01,5.6838e+01,5.8544e+01,5.9273e+01,6.0046e+01,5.9772e+01,6.0007e+01,5.9415e+01,5.9090e+01,5.9426e+01,5.8751e+01,5.8531e+01,5.7011e+01,5.6963e+01,5.6059e+01,5.6086e+01,5.5861e+01,5.5855e+01,5.6628e+01,5.7184e+01,5.7173e+01
5.7797e+01,5.7985e+01,5.8316e+01,5.9985e+01,6.1776e+01,6.3351e+01,6.5146e+01,6.7274e+01,6.9337e+01,7.0653e+01,7.3129e+01,7.3365e+01,7.1114e+01,7.0615e+01,6.8607e+01,6.6179e+01,6.4748e+01,6.2210e+01,6.1384e+01,5.9779e+01,5.9369e+01,5.8062e+01,5.9104e+01,6.1364e+01,6.1288e+01,6.0379e+01,5.8554e+01,5.7077e+01,5.5431e+01,5.3599e+01,5.1912e+01,5.0903e+01,4.9912e+01,4.9841e+01,4.8591e+01,4.9055e+01,5.0496e+01,5.1659e+01,5.1030e+01,5.2696e+01,5.1958e+01,5.0853e+01,4.9107e+01,4.8388e+01,4.8793e+01,4.8808e+01,4.8143e+01,4.8538e+01,5.0076e+01,5.0116e+01,5.2020e+01,5.2055e+01,5.2491e+01,5.4549e+01,5.5962e+01,5.5747e+01,5.7032e+01,5.5912e+01,5.4608e+01,5.4807e+01,5.5118e+01,5.5103e+01,5.5831e+01,5.7886e+01,5.9163e+01,5.9087e+01,6.0146e+01,5.8413e+01,5.6732e+01,5.4788e+01,5.2937e+01,5.2466e+01,5.2726e+01,5.3793e+01,5.4609e+01,5.4133e+01,5.4153e+01,5.4278e+01,5.4671e+01,5.2727e+01,5.1391e+01,4.9603e+01,4.8419e+01,4.9174e+01,5.0867e+01,5.1966e+01,5.3432e+01,5.5299e+01,5.5886e+01,5.7340e+01,5.7794e+01,5.9940e+01,5.9943e+01,6.0037e+01,5.7878e+01,5.5888e+01,5.4290e+01,5.4729e+01,5.4638e+01,5.6369e+01,5.8317e+01,5.8316e+01,5.9168e+01,6.0621e+01,5.9735e+01,5.9840e+01,5.9666e+01,6.0590e+01,6.1996e+01,6.2594e+01,6.2428e+01,6.3198e+01,6.2546e+01,6.3027e+01,6.4898e+01,6.6799e+01,6.7821e+01,6.7357e+01,6.6358e+01,6.5483e+01,6.4173e+01,6.4578e+01,6.3716e+01,6.2680e+01,6.1260e+01,5.9695e+01,5.9381e+01,6.0748e+01,6.0728e+01,6.1384e+01,6.0496e+01,5.9018e+01,5.8271e+01,5.7854e+01,5.8116e+01,5.7633e+01,5.7760e+01,5.7746e+01,5.6813e+01,5.6279e+01,5.6029e+01,5.5927e+01,5.5900e+01,5.5794e+01,5.6537e+01,5.7211e+01,5.7316e+01,5.8318e+01,5.8114e+01,5.7305e+01,5.7653e+01,5.6878e+01,5.7146e+01,5.8862e+01,5.9589e+01,6.0347e+01,6.0062e+01,6.0331e+01,5.9710e+01,5.9336e+01,5.9643e+01,5.8960e+01,5.8726e+01,5.7185e+01,5.7105e+01,5.6245e+01,5.6323e+01,5.6089e+01,5.6074e+01,5.6833e+01,5.7357e+01,5.7323e+01
5.7084e+01,5.7317e+01,5.7695e+01,5.9395e+01,6.1167e+01,6.2767e+01,6.4551e+01,6.6696e+01,6.8777e+01,7.0067e+01,7.2548e+01,7.2757e+01,7.0497e+01,7.0001e+01,6.7974e+01,6.5544e+01,6.4078e+01,6.1530e+01,6.0652e+01,5.9040e+01,5.8660e+01,5.7359e+01,5.8449e+01,6.0734e+01,6.0690e+01,5.9767e+01,5.7897e+01,5.6403e+01,5.4712e+01,5.2893e+01,5.1190e+01,5.0144e+01,4.9084e+01,4.8977e+01,4.7706e+01,4.8152e+01,4.9596e+01,5.0773e+01,5.0158e+01,5.1857e+01,5.1161e+01,5.0108e+01,4.8312e+01,4.7633e+01,4.7997e+01,4.7934e+01,4.7236e+01,4.7609e+01,4.9153e+01,4.9208e+01,5.1126e+01,5.1194e+01,5.1648e+01,5.3725e+01,5.5164e+01,5.4925e+01,5.6232e+01,5.5096e+01,5.3819e+01,5.4063e+01,5.4425e+01,5.4455e+01,5.5192e+01,5.7276e+01,5.8568e+01,5.8541e+01,5.9614e+01,5.7920e+01,5.6186e+01,5.4233e+01,5.2338e+01,5.1825e+01,5.2102e+01,5.3165e+01,5.4002e+01,5.3518e+01,5.3589e+01,5.3752e+01,5.4152e+01,5.2177e+01,5.0779e+01,4.8947e+01,4.7680e+01,4.8504e+01,5.0268e+01,5.1452e+01,5.2966e+01,5.4869e+01,5.5450e+01,5.6952e+01,5.7455e+01,5.9614e+01,5.9603e+01,5.9648e+01,5.7471e+01,5.5493e+01,5.3841e+01,5.4248e+01,5.4091e+01,5.5834e+01,5.7820e+01,5.7856e+01,5.8737e+01,6.0252e+01,5.9430e+01,5.9533e+01,5.9353e+01,6.0288e+01,6.1696e+01,6.2288e+01,6.2146e+01,6.2939e+01,6.2297e+01,6.2770e+01,6.4661e+01,6.6569e+01,6.7606e+01,6.7135e+01,6.6136e+01,6.5250e+01,6.3946e+01,6.4366e+01,6.3510e+01,6.2480e+01,6.1069e+01,5.9482e+01,5.9160e+01,6.0518e+01,6.0489e+01,6.1129e+01,6.0221e+01,5.8742e+01,5.7993e+01,5.7548e+01,5.7815e+01,5.7353e+01,5.7482e+01,5.7444e+01,5.6480e+01,5.5953e+01,5.5702e+01,5.5549e+01,5.5516e+01,5.5398e+01,5.6174e+01,5.6818e+01,5.6935e+01,5.7993e+01,5.7818e+01,5.6987e+01,5.7323e+01,5.6525e+01,5.6733e+01,5.8433e+01,5.9122e+01,5.9861e+01,5.9562e+01,5.9850e+01,5.9206e+01,5.8773e+01,5.9085e+01,5.8441e+01,5.8206e+01,5.6653e+01,5.6529e+01,5.5719e+01,5.5852e+01,5.5664e+01,5.5651e+01,5.6421e+01,5.6944e+01,5.6881e+01
5.6861e+01,5.7100e+01,5.7444e+01,5.9163e+01,6.0946e+01,6.2554e+01,6.4357e+01,6.6508e+01,6.8568e+01,6.9862e+01,7.2326e+01,7.2540e+01,7.0272e+01,6.9752e+01,6.7723e+01,6.5293e+01,6.3825e+01,6.1266e+01,6.0386e+01,5.8816e+01,5.8486e+01,5.7227e+01,5.8329e+01,6.0616e+01,6.0609e+01,5.9724e+01,5.7851e+01,5.6390e+01,5.4703e+01,5.2881e+01,5.1207e+01,5.0113e+01,4.9028e+01,4.8866e+01,4.7557e+01,4.7984e+01,4.9440e+01,5.0610e+01,5.0013e+01,5.1708e+01,5.1047e+01,4.9997e+01,4.8184e+01,4.7569e+01,4.7961e+01,4.7854e+01,4.7116e+01,4.7511e+01,4.9075e+01,4.9156e+01,5.1080e+01,5.1169e+01,5.1667e+01,5.3754e+01,5.5181e+01,5.4902e+01,5.6187e+01,5.5013e+01,5.3735e+01,5.3967e+01,5.4357e+01,5.4359e+01,5.5045e+01,5.7109e+01,5.8429e+01,5.8422e+01,5.9530e+01,5.7854e+01,5.6122e+01,5.4151e+01,5.2263e+01,5.1721e+01,5.1940e+01,5.2939e+01,5.3707e+01,5.3161e+01,5.3193e+01,5.3397e+01,5.3863e+01,5.1929e+01,5.0517e+01,4.8709e+01,4.7388e+01,4.8131e+01,4.9854e+01,5.1069e+01,5.2512e+01,5.4427e+01,5.5067e+01,5.6571e+01,5.7062e+01,5.9231e+01,5.9281e+01,5.9348e+01,5.7213e+01,5.5225e+01,5.3617e+01,5.4083e+01,5.3912e+01,5.5614e+01,5.7569e+01,5.7564e+01,5.8392e+01,5.9897e+01,5.9069e+01,5.9104e+01,5.8902e+01,5.9786e+01,6.1165e+01,6.1719e+01,6.1550e+01,6.2350e+01,6.1742e+01,6.2233e+01,6.4101e+01,6.6004e+01,6.7005e+01,6.6514e+01,6.5510e+01,6.4619e+01,6.3334e+01,6.3734e+01,6.2888e+01,6.1865e+01,6.0472e+01,5.8908e+01,5.8583e+01,5.9929e+01,5.9907e+01,6.0554e+01,5.9667e+01,5.8233e+01,5.7504e+01,5.7091e+01,5.7383e+01,5.6934e+01,5.7035e+01,5.6962e+01,5.5976e+01,5.5426e+01,5.5185e+01,5.4944e+01,5.4909e+01,5.4775e+01,5.5573e+01,5.6182e+01,5.6339e+01,5.7421e+01,5.7255e+01,5.6421e+01,5.6776e+01,5.5967e+01,5.6120e+01,5.7808e+01,5.8443e+01,5.9172e+01,5.8828e+01,5.9104e+01,5.8418e+01,5.7919e+01,5.8222e+01,5.7601e+01,5.7343e+01,5.5770e+01,5.5581e+01,5.4781e+01,5.4936e+01,5.4778e+01,5.4753e+01,5.5552e+01,5.6089e+01,5.6009e+01
5.6349e+01,5.6625e+01,5.7007e+01,5.8743e+01,6.0500e+01,6.2120e+01,6.3908e+01,6.6069e+01,6.8144e+01,6.9416e+01,7.1885e+01,7.2079e+01,6.9806e+01,6.9293e+01,6.7250e+01,6.4822e+01,6.3328e+01,6.0768e+01,5.9847e+01,5.8269e+01,5.7962e+01,5.6709e+01,5.7844e+01,6.0145e+01,6.0166e+01,5.9278e+01,5.7378e+01,5.5919e+01,5.4212e+01,5.2414e+01,5.0755e+01,4.9633e+01,4.8506e+01,4.8310e+01,4.7002e+01,4.7412e+01,4.8856e+01,5.0032e+01,4.9470e+01,5.1184e+01,5.0589e+01,4.9610e+01,4.7764e+01,4.7215e+01,4.7561e+01,4.7362e+01,4.6590e+01,4.6951e+01,4.8490e+01,4.8584e+01,5.0489e+01,5.0605e+01,5.1127e+01,5.3206e+01,5.4635e+01,5.4329e+01,5.5619e+01,5.4434e+01,5.3186e+01,5.3448e+01,5.3878e+01,5.3912e+01,5.4598e+01,5.6673e+01,5.7998e+01,5.8029e+01,5.9143e+01,5.7506e+01,5.5743e+01,5.3775e+01,5.1870e+01,5.1306e+01,5.1534e+01,5.2520e+01,5.3301e+01,5.2751e+01,5.2830e+01,5.3067e+01,5.3533e+01,5.1587e+01,5.0134e+01,4.8321e+01,4.6955e+01,4.7749e+01,4.9507e+01,5.0783e+01,5.2265e+01,5.4195e+01,5.4814e+01,5.6356e+01,5.6901e+01,5.9071e+01,5.9102e+01,5.9116e+01,5.6969e+01,5.5004e+01,5.3356e+01,5.3788e+01,5.3556e+01,5.5255e+01,5.7234e+01,5.7265e+01,5.8121e+01,5.9677e+01,5.8910e+01,5.8957e+01,5.8761e+01,5.9665e+01,6.1042e+01,6.1590e+01,6.1465e+01,6.2297e+01,6.1699e+01,6.2179e+01,6.4078e+01,6.5989e+01,6.7015e+01,6.6517e+01,6.5520e+01,6.4609e+01,6.3329e+01,6.3750e+01,6.2896e+01,6.1884e+01,6.0496e+01,5.8903e+01,5.8585e+01,5.9928e+01,5.9886e+01,6.0516e+01,5.9595e+01,5.8154e+01,5.7409e+01,5.6960e+01,5.7247e+01,5.6801e+01,5.6921e+01,5.6839e+01,5.5810e+01,5.5286e+01,5.5065e+01,5.4786e+01,5.4774e+01,5.4652e+01,5.5504e+01,5.6095e+01,5.6261e+01,5.7401e+01,5.7288e+01,5.6448e+01,5.6785e+01,5.5968e+01,5.6052e+01,5.7719e+01,5.8320e+01,5.9020e+01,5.8656e+01,5.8957e+01,5.8238e+01,5.7671e+01,5.7965e+01,5.7372e+01,5.7111e+01,5.5528e+01,5.5297e+01,5.4559e+01,5.4768e+01,5.4637e+01,5.4615e+01,5.5404e+01,5.5929e+01,5.5828e+01
5.5625e+01,5.5944e+01,5.6441e+01,5.8177e+01,5.9877e+01,6.1494e+01,6.3226e+01,6.5381e+01,6.7508e+01,6.8748e+01,7.1253e+01,7.1419e+01,6.9157e+01,6.8699e+01,6.6645e+01,6.4209e+01,6.2687e+01,6.0124e+01,5.9144e+01,5.7478e+01,5.7121e+01,5.5787e+01,5.6963e+01,5.9296e+01,5.9290e+01,5.8317e+01,5.6364e+01,5.4809e+01,5.3019e+01,5.1261e+01,4.9513e+01,4.8428e+01,4.7217e+01,4.7060e+01,4.5801e+01,4.6177e+01,4.7576e+01,4.8780e+01,4.8190e+01,4.9993e+01,4.9410e+01,4.8551e+01,4.6626e+01,4.6025e+01,4.6201e+01,4.5918e+01,4.5180e+01,4.5466e+01,4.6979e+01,4.7072e+01,4.9013e+01,4.9172e+01,4.9634e+01,5.1744e+01,5.3262e+01,5.2993e+01,5.4381e+01,5.3235e+01,5.2037e+01,5.2412e+01,5.2864e+01,5.3030e+01,5.3832e+01,5.5971e+01,5.7249e+01,5.7296e+01,5.8362e+01,5.6733e+01,5.4911e+01,5.2979e+01,5.1020e+01,5.0472e+01,5.0841e+01,5.1929e+01,5.2853e+01,5.2395e+01,5.2597e+01,5.2809e+01,5.3167e+01,5.1146e+01,4.9670e+01,4.7811e+01,4.6440e+01,4.7438e+01,4.9296e+01,5.0606e+01,5.2209e+01,5.4142e+01,5.4659e+01,5.6223e+01,5.6821e+01,5.8968e+01,5.8896e+01,5.8831e+01,5.6628e+01,5.4710e+01,5.2969e+01,5.3268e+01,5.2985e+01,5.4737e+01,5.6787e+01,5.6926e+01,5.7868e+01,5.9501e+01,5.8802e+01,5.8901e+01,5.8671e+01,5.9650e+01,6.1058e+01,6.1684e+01,6.1608e+01,6.2402e+01,6.1749e+01,6.2154e+01,6.4062e+01,6.5941e+01,6.7023e+01,6.6570e+01,6.5622e+01,6.4755e+01,6.3499e+01,6.3986e+01,6.3186e+01,6.2174e+01,6.0815e+01,5.9184e+01,5.8847e+01,6.0148e+01,6.0091e+01,6.0656e+01,5.9713e+01,5.8245e+01,5.7525e+01,5.6978e+01,5.7291e+01,5.6911e+01,5.7109e+01,5.7047e+01,5.6006e+01,5.5545e+01,5.5334e+01,5.5038e+01,5.5030e+01,5.4936e+01,5.5853e+01,5.6405e+01,5.6573e+01,5.7773e+01,5.7713e+01,5.6848e+01,5.7143e+01,5.6293e+01,5.6311e+01,5.7991e+01,5.8534e+01,5.9218e+01,5.8850e+01,5.9169e+01,5.8440e+01,5.7824e+01,5.8113e+01,5.7561e+01,5.7284e+01,5.5695e+01,5.5431e+01,5.4711e+01,5.4945e+01,5.4831e+01,5.4779e+01,5.5562e+01,5.6080e+01,5.5956e+01
5.4868e+01,5.5310e+01,5.5918e+01,5.7707e+01,5.9354e+01,6.1036e+01,6.2725e+01,6.4916e+01,6.7063e+01,6.8214e+01,7.0723e+01,7.0799e+01,6.8512e+01,6.8044e+01,6.5936e+01,6.3531e+01,6.1923e+01,5.9371e+01,5.8283e+01,5.6614e+01,5.6319e+01,5.5008e+01,5.6301e+01,5.8677e+01,5.8749e+01,5.7761e+01,5.5726e+01,5.4140e+01,5.2251e+01,5.0583e+01,4.8845e+01,4.7690e+01,4.6317e+01,4.6022e+01,4.4754e+01,4.4945e+01,4.6215e+01,4.7301e+01,4.6647e+01,4.8401e+01,4.7834e+01,4.7065e+01,4.5165e+01,4.4560e+01,4.4668e+01,4.4378e+01,4.3724e+01,4.4071e+01,4.5562e+01,4.5808e+01,4.7739e+01,4.8065e+01,4.8607e+01,5.0715e+01,5.2277e+01,5.1912e+01,5.3331e+01,5.2132e+01,5.1058e+01,5.1573e+01,5.2166e+01,5.2453e+01,5.3275e+01,5.5472e+01,5.6764e+01,5.6928e+01,5.8008e+01,5.6480e+01,5.4554e+01,5.2635e+01,5.0594e+01,4.9952e+01,5.0406e+01,5.1487e+01,5.2505e+01,5.2062e+01,5.2416e+01,5.2705e+01,5.3024e+01,5.0982e+01,4.9424e+01,4.7589e+01,4.6164e+01,4.7333e+01,4.9228e+01,5.0643e+01,5.2327e+01,5.4275e+01,5.4723e+01,5.6367e+01,5.7089e+01,5.9224e+01,5.9089e+01,5.8900e+01,5.6670e+01,5.4815e+01,5.2981e+01,5.3173e+01,5.2741e+01,5.4466e+01,5.6573e+01,5.6827e+01,5.7803e+01,5.9513e+01,5.8935e+01,5.9034e+01,5.8761e+01,5.9761e+01,6.1185e+01,6.1854e+01,6.1806e+01,6.2575e+01,6.1874e+01,6.2243e+01,6.4159e+01,6.6054e+01,6.7175e+01,6.6767e+01,6.5814e+01,6.4975e+01,6.3704e+01,6.4213e+01,6.3438e+01,6.2394e+01,6.1033e+01,5.9398e+01,5.9007e+01,6.0292e+01,6.0272e+01,6.0825e+01,5.9898e+01,5.8417e+01,5.7737e+01,5.7147e+01,5.7503e+01,5.7158e+01,5.7410e+01,5.7367e+01,5.6305e+01,5.5881e+01,5.5697e+01,5.5368e+01,5.5394e+01,5.5324e+01,5.6289e+01,5.6816e+01,5.7033e+01,5.8246e+01,5.8208e+01,5.7363e+01,5.7660e+01,5.6820e+01,5.6797e+01,5.8453e+01,5.8936e+01,5.9582e+01,5.9176e+01,5.9514e+01,5.8767e+01,5.8091e+01,5.8314e+01,5.7770e+01,5.7461e+01,5.5903e+01,5.5584e+01,5.4884e+01,5.5116e+01,5.4976e+01,5.4885e+01,5.5625e+01,5.6092e+01,5.5928e+01
5.4373e+01,5.4865e+01,5.5618e+01,5.7379e+01,5.8926e+01,6.0586e+01,6.2181e+01,6.4345e+01,6.6550e+01,6.7645e+01,7.0189e+01,7.0220e+01,6.7964e+01,6.7572e+01,6.5463e+01,6.3070e+01,6.1430e+01,5.8898e+01,5.7732e+01,5.5971e+01,5.5625e+01,5.4231e+01,5.5564e+01,5.7947e+01,5.7987e+01,5.6899e+01,5.4828e+01,5.3145e+01,5.1186e+01,4.9632e+01,4.7838e+01,4.6775e+01,4.5333e+01,4.5102e+01,4.3983e+01,4.4111e+01,4.5245e+01,4.6337e+01,4.5696e+01,4.7544e+01,4.7047e+01,4.6459e+01,4.4508e+01,4.3843e+01,4.3670e+01,4.3251e+01,4.2686e+01,4.2875e+01,4.4232e+01,4.4473e+01,4.6363e+01,4.6759e+01,4.7199e+01,4.9273e+01,5.0925e+01,5.0615e+01,5.2145e+01,5.1033e+01,5.0073e+01,5.0740e+01,5.1351e+01,5.1812e+01,5.2769e+01,5.5004e+01,5.6205e+01,5.6383e+01,5.7375e+01,5.5890e+01,5.3923e+01,5.2096e+01,5.0041e+01,4.9450e+01,5.0080e+01,5.1276e+01,5.2451e+01,5.2134e+01,5.2620e+01,5.2859e+01,5.3041e+01,5.0948e+01,4.9411e+01,4.7578e+01,4.6213e+01,4.7574e+01,4.9528e+01,5.0938e+01,5.2733e+01,5.4647e+01,5.4967e+01,5.6609e+01,5.7381e+01,5.9466e+01,5.9205e+01,5.8920e+01,5.6647e+01,5.4876e+01,5.2957e+01,5.2981e+01,5.2498e+01,5.4270e+01,5.6436e+01,5.6818e+01,5.7896e+01,5.9686e+01,5.9200e+01,5.9369e+01,5.9076e+01,6.0161e+01,6.1610e+01,6.2359e+01,6.2381e+01,6.3115e+01,6.2363e+01,6.2644e+01,6.4577e+01,6.6440e+01,6.7632e+01,6.7272e+01,6.6376e+01,6.5577e+01,6.4335e+01,6.4918e+01,6.4191e+01,6.3150e+01,6.1817e+01,6.0145e+01,5.9742e+01,6.0987e+01,6.0945e+01,6.1429e+01,6.0468e+01,5.8968e+01,5.8304e+01,5.7603e+01,5.7969e+01,5.7687e+01,5.8024e+01,5.7993e+01,5.6903e+01,5.6555e+01,5.6389e+01,5.6041e+01,5.6077e+01,5.6045e+01,5.7055e+01,5.7531e+01,5.7731e+01,5.8986e+01,5.9022e+01,5.8167e+01,5.8402e+01,5.7550e+01,5.7442e+01,5.9068e+01,5.9493e+01,6.0135e+01,5.9737e+01,6.0117e+01,5.9366e+01,5.8638e+01,5.8832e+01,5.8344e+01,5.8004e+01,5.6451e+01,5.6081e+01,5.5426e+01,5.5695e+01,5.5590e+01,5.5457e+01,5.6149e+01,5.6584e+01,5.6390e+01
5.2551e+01,5.3118e+01,5.3956e+01,5.5760e+01,5.7266e+01,5.8976e+01,6.0550e+01,6.2753e+01,6.4966e+01,6.6005e+01,6.8552e+01,6.8529e+01,6.6246e+01,6.5841e+01,6.3698e+01,6.1315e+01,5.9634e+01,5.7109e+01,5.5899e+01,5.4125e+01,5.3795e+01,5.2415e+01,5.3824e+01,5.6245e+01,5.6359e+01,5.5290e+01,5.3142e+01,5.1462e+01,4.9427e+01,4.7905e+01,4.6140e+01,4.4967e+01,4.3393e+01,4.3044e+01,4.1916e+01,4.1955e+01,4.3052e+01,4.4168e+01,4.3557e+01,4.5524e+01,4.5136e+01,4.4653e+01,4.2633e+01,4.2134e+01,4.1850e+01,4.1184e+01,4.0530e+01,4.0670e+01,4.2045e+01,4.2362e+01,4.4291e+01,4.4777e+01,4.5357e+01,4.7483e+01,4.9133e+01,4.8712e+01,5.0235e+01,4.9051e+01,4.8120e+01,4.8856e+01,4.9574e+01,5.0108e+01,5.1072e+01,5.3352e+01,5.4579e+01,5.4861e+01,5.5894e+01,5.4499e+01,5.2434e+01,5.0596e+01,4.8464e+01,4.7775e+01,4.8483e+01,4.9682e+01,5.0952e+01,5.0688e+01,5.1326e+01,5.1605e+01,5.1720e+01,4.9620e+01,4.8031e+01,4.6259e+01,4.4906e+01,4.6453e+01,4.8411e+01,4.9876e+01,5.1766e+01,5.3653e+01,5.3863e+01,5.5568e+01,5.6471e+01,5.8527e+01,5.8191e+01,5.7777e+01,5.5478e+01,5.3781e+01,5.1773e+01,5.1690e+01,5.1068e+01,5.2807e+01,5.5021e+01,5.5515e+01,5.6632e+01,5.8487e+01,5.8124e+01,5.8325e+01,5.8007e+01,5.9140e+01,6.0611e+01,6.1424e+01,6.1504e+01,6.2213e+01,6.1413e+01,6.1643e+01,6.3607e+01,6.5477e+01,6.6732e+01,6.6415e+01,6.5541e+01,6.4767e+01,6.3526e+01,6.4175e+01,6.3487e+01,6.2437e+01,6.1124e+01,5.9414e+01,5.8986e+01,6.0188e+01,6.0136e+01,6.0563e+01,5.9581e+01,5.8055e+01,5.7423e+01,5.6646e+01,5.7033e+01,5.6805e+01,5.7228e+01,5.7244e+01,5.6169e+01,5.5902e+01,5.5767e+01,5.5424e+01,5.5505e+01,5.5534e+01,5.6630e+01,5.7106e+01,5.7341e+01,5.8616e+01,5.8704e+01,5.7878e+01,5.8105e+01,5.7280e+01,5.7139e+01,5.8789e+01,5.9179e+01,5.9771e+01,5.9333e+01,5.9717e+01,5.8944e+01,5.8165e+01,5.8293e+01,5.7779e+01,5.7401e+01,5.5857e+01,5.5475e+01,5.4837e+01,5.5104e+01,5.4947e+01,5.4781e+01,5.5431e+01,5.5832e+01,5.5625e+01
5.1394e+01,5.2024e+01,5.3021e+01,5.4806e+01,5.6203e+01,5.7907e+01,5.9392e+01,6.1586e+01,6.3844e+01,6.4814e+01,6.7388e+01,6.7308e+01,6.5042e+01,6.4696e+01,6.2546e+01,6.0181e+01,5.8467e+01,5.5971e+01,5.4693e+01,5.2833e+01,5.2451e+01,5.0999e+01,5.2461e+01,5.4896e+01,5.5007e+01,5.3859e+01,5.1652e+01,4.9889e+01,4.7762e+01,4.6365e+01,4.4570e+01,4.3449e+01,4.1767e+01,4.1451e+01,4.0514e+01,4.0476e+01,4.1425e+01,4.2618e+01,4.2087e+01,4.4237e+01,4.3984e+01,4.3719e+01,4.1649e+01,4.1237e+01,4.0596e+01,3.9588e+01,3.8927e+01,3.8780e+01,4.0009e+01,4.0314e+01,4.2235e+01,4.2810e+01,4.3353e+01,4.5481e+01,4.7215e+01,4.6803e+01,4.8426e+01,4.7300e+01,4.6471e+01,4.7366e+01,4.8134e+01,4.8855e+01,4.9941e+01,5.2259e+01,5.3412e+01,5.3747e+01,5.4718e+01,5.3397e+01,5.1262e+01,4.9508e+01,4.7346e+01,4.6663e+01,4.7569e+01,4.8870e+01,5.0319e+01,5.0212e+01,5.1022e+01,5.1255e+01,5.1206e+01,4.9082e+01,4.7525e+01,4.5819e+01,4.4584e+01,4.6349e+01,4.8316e+01,4.9759e+01,5.1765e+01,5.3582e+01,5.3623e+01,5.5334e+01,5.6328e+01,5.8318e+01,5.7846e+01,5.7299e+01,5.4961e+01,5.3379e+01,5.1276e+01,5.0999e+01,5.0276e+01,5.2028e+01,5.4297e+01,5.4951e+01,5.6165e+01,5.8097e+01,5.7861e+01,5.8139e+01,5.7798e+01,5.9023e+01,6.0516e+01,6.1424e+01,6.1594e+01,6.2253e+01,6.1393e+01,6.1522e+01,6.3506e+01,6.5341e+01,6.6683e+01,6.6424e+01,6.5617e+01,6.4888e+01,6.3683e+01,6.4429e+01,6.3805e+01,6.2770e+01,6.1503e+01,5.9751e+01,5.9317e+01,6.0452e+01,6.0361e+01,6.0689e+01,5.9667e+01,5.8125e+01,5.7524e+01,5.6627e+01,5.7018e+01,5.6877e+01,5.7405e+01,5.7451e+01,5.6374e+01,5.6222e+01,5.6101e+01,5.5759e+01,5.5853e+01,5.5950e+01,5.7108e+01,5.7539e+01,5.7755e+01,5.9075e+01,5.9253e+01,5.8416e+01,5.8566e+01,5.7732e+01,5.7507e+01,5.9145e+01,5.9481e+01,6.0073e+01,5.9646e+01,6.0088e+01,5.9306e+01,5.8476e+01,5.8550e+01,5.8065e+01,5.7633e+01,5.6095e+01,5.5680e+01,5.5085e+01,5.5382e+01,5.5232e+01,5.5010e+01,5.5596e+01,5.5960e+01,5.5723e+01
4.9935e+01,5.0505e+01,5.1535e+01,5.3279e+01,5.4643e+01,5.6314e+01,5.7775e+01,5.9956e+01,6.2229e+01,6.3212e+01,6.5803e+01,6.5742e+01,6.3496e+01,6.3192e+01,6.1071e+01,5.8688e+01,5.7017e+01,5.4530e+01,5.3298e+01,5.1367e+01,5.0890e+01,4.9374e+01,5.0802e+01,5.3241e+01,5.3323e+01,5.2161e+01,4.9946e+01,4.8169e+01,4.6037e+01,4.4588e+01,4.2756e+01,4.1626e+01,3.9956e+01,3.9797e+01,3.8989e+01,3.9233e+01,4.0309e+01,4.1781e+01,4.1524e+01,4.3845e+01,4.3818e+01,4.3693e+01,4.1582e+01,4.1417e+01,4.0614e+01,3.9226e+01,3.8310e+01,3.7685e+01,3.8835e+01,3.8807e+01,4.0793e+01,4.1172e+01,4.1715e+01,4.3925e+01,4.5630e+01,4.5250e+01,4.6867e+01,4.5781e+01,4.4849e+01,4.5706e+01,4.6418e+01,4.7164e+01,4.8319e+01,5.0650e+01,5.1765e+01,5.2085e+01,5.3043e+01,5.1725e+01,4.9568e+01,4.7823e+01,4.5651e+01,4.5001e+01,4.6005e+01,4.7404e+01,4.8945e+01,4.8965e+01,4.9831e+01,4.9978e+01,4.9810e+01,4.7666e+01,4.6169e+01,4.4504e+01,4.3417e+01,4.5295e+01,4.7253e+01,4.8617e+01,5.0699e+01,5.2445e+01,5.2364e+01,5.4053e+01,5.5083e+01,5.7028e+01,5.6477e+01,5.5874e+01,5.3512e+01,5.1984e+01,4.9837e+01,4.9465e+01,4.8726e+01,5.0503e+01,5.2793e+01,5.3513e+01,5.4791e+01,5.6747e+01,5.6555e+01,5.6909e+01,5.6578e+01,5.7886e+01,5.9402e+01,6.0377e+01,6.0634e+01,6.1274e+01,6.0382e+01,6.0443e+01,6.2467e+01,6.4276e+01,6.5689e+01,6.5450e+01,6.4707e+01,6.3992e+01,6.2823e+01,6.3664e+01,6.3076e+01,6.2073e+01,6.0841e+01,5.9024e+01,5.8625e+01,5.9716e+01,5.9550e+01,5.9791e+01,5.8697e+01,5.7128e+01,5.6518e+01,5.5519e+01,5.5879e+01,5.5789e+01,5.6402e+01,5.6483e+01,5.5425e+01,5.5383e+01,5.5285e+01,5.4995e+01,5.5118e+01,5.5300e+01,5.6523e+01,5.6965e+01,5.7154e+01,5.8492e+01,5.8753e+01,5.7935e+01,5.8043e+01,5.7229e+01,5.6975e+01,5.8655e+01,5.9007e+01,5.9588e+01,5.9160e+01,5.9604e+01,5.8819e+01,5.7988e+01,5.8035e+01,5.7523e+01,5.7065e+01,5.5516e+01,5.5142e+01,5.4568e+01,5.4862e+01,5.4693e+01,5.4459e+01,5.5031e+01,5.5405e+01,5.5200e+01
4.8458e+01,4.9156e+01,5.0244e+01,5.2081e+01,5.3432e+01,5.5202e+01,5.6676e+01,5.8931e+01,6.1176e+01,6.2087e+01,6.4650e+01,6.4513e+01,6.2208e+01,6.1833e+01,5.9650e+01,5.7290e+01,5.5547e+01,5.3056e+01,5.1764e+01,4.9887e+01,4.9520e+01,4.8109e+01,4.9656e+01,5.2138e+01,5.2372e+01,5.1308e+01,4.9007e+01,4.7311e+01,4.5119e+01,4.3715e+01,4.2046e+01,4.0660e+01,3.8777e+01,3.8252e+01,3.7304e+01,3.7395e+01,3.8517e+01,4.0058e+01,3.9939e+01,4.2334e+01,4.2486e+01,4.2410e+01,4.0314e+01,4.0491e+01,3.9724e+01,3.8044e+01,3.6881e+01,3.6181e+01,3.7419e+01,3.7537e+01,3.9541e+01,4.0069e+01,4.0980e+01,4.3206e+01,4.4803e+01,4.4166e+01,4.5672e+01,4.4400e+01,4.3495e+01,4.4398e+01,4.5315e+01,4.6083e+01,4.7144e+01,4.9509e+01,5.0714e+01,5.1203e+01,5.2268e+01,5.1091e+01,4.8830e+01,4.7038e+01,4.4779e+01,4.3928e+01,4.4929e+01,4.6222e+01,4.7806e+01,4.7820e+01,4.8836e+01,4.9089e+01,4.8916e+01,4.6836e+01,4.5270e+01,4.3760e+01,4.2683e+01,4.4655e+01,4.6512e+01,4.7943e+01,5.0037e+01,5.1750e+01,5.1607e+01,5.3377e+01,5.4554e+01,5.6472e+01,5.5904e+01,5.5174e+01,5.2831e+01,5.1382e+01,4.9195e+01,4.8771e+01,4.7846e+01,4.9504e+01,5.1807e+01,5.2612e+01,5.3854e+01,5.5842e+01,5.5772e+01,5.6091e+01,5.5710e+01,5.7002e+01,5.8521e+01,5.9525e+01,5.9792e+01,6.0399e+01,5.9469e+01,5.9510e+01,6.1526e+01,6.3352e+01,6.4784e+01,6.4590e+01,6.3836e+01,6.3150e+01,6.1966e+01,6.2829e+01,6.2278e+01,6.1255e+01,6.0047e+01,5.8240e+01,5.7805e+01,5.8846e+01,5.8703e+01,5.8916e+01,5.7856e+01,5.6297e+01,5.5753e+01,5.4738e+01,5.5150e+01,5.5110e+01,5.5777e+01,5.5901e+01,5.4886e+01,5.4895e+01,5.4819e+01,5.4519e+01,5.4670e+01,5.4892e+01,5.6167e+01,5.6593e+01,5.6820e+01,5.8162e+01,5.8452e+01,5.7664e+01,5.7770e+01,5.6986e+01,5.6713e+01,5.8389e+01,5.8701e+01,5.9231e+01,5.8771e+01,5.9214e+01,5.8428e+01,5.7577e+01,5.7558e+01,5.7014e+01,5.6522e+01,5.5017e+01,5.4640e+01,5.4079e+01,5.4337e+01,5.4096e+01,5.3822e+01,5.4332e+01,5.4657e+01,5.4438e+01
4.7787e+01,4.8426e+01,4.9666e+01,5.1365e+01,5.2569e+01,5.4230e+01,5.5581e+01,5.7759e+01,6.0071e+01,6.0965e+01,6.3578e+01,6.3451e+01,6.1220e+01,6.0982e+01,5.8858e+01,5.6502e+01,5.4811e+01,5.2378e+01,5.1094e+01,4.9050e+01,4.8485e+01,4.6893e+01,4.8378e+01,5.0824e+01,5.0930e+01,4.9710e+01,4.7413e+01,4.5576e+01,4.3331e+01,4.2047e+01,4.0254e+01,3.9153e+01,3.7330e+01,3.7268e+01,3.7016e+01,3.7320e+01,3.8158e+01,3.9901e+01,4.0109e+01,4.2632e+01,4.3070e+01,4.3308e+01,4.1264e+01,4.1503e+01,4.0421e+01,3.8365e+01,3.7189e+01,3.5642e+01,3.6288e+01,3.5813e+01,3.7789e+01,3.8128e+01,3.8765e+01,4.1031e+01,4.2750e+01,4.2310e+01,4.3991e+01,4.2954e+01,4.2107e+01,4.3150e+01,4.3939e+01,4.4928e+01,4.6224e+01,4.8577e+01,4.9594e+01,5.0013e+01,5.0914e+01,4.9742e+01,4.7486e+01,4.5864e+01,4.3683e+01,4.3023e+01,4.4299e+01,4.5803e+01,4.7560e+01,4.7825e+01,4.8917e+01,4.8989e+01,4.8584e+01,4.6483e+01,4.5096e+01,4.3656e+01,4.2852e+01,4.4916e+01,4.6766e+01,4.8041e+01,5.0223e+01,5.1813e+01,5.1482e+01,5.3158e+01,5.4326e+01,5.6148e+01,5.5422e+01,5.4620e+01,5.2243e+01,5.0914e+01,4.8678e+01,4.8036e+01,4.7139e+01,4.8870e+01,5.1198e+01,5.2140e+01,5.3529e+01,5.5572e+01,5.5574e+01,5.6034e+01,5.5676e+01,5.7101e+01,5.8642e+01,5.9737e+01,6.0128e+01,6.0713e+01,5.9747e+01,5.9677e+01,6.1729e+01,6.3491e+01,6.5023e+01,6.4863e+01,6.4208e+01,6.3548e+01,6.2427e+01,6.3403e+01,6.2903e+01,6.1929e+01,6.0770e+01,5.8897e+01,5.8507e+01,5.9492e+01,5.9256e+01,5.9349e+01,5.8195e+01,5.6616e+01,5.6052e+01,5.4893e+01,5.5250e+01,5.5286e+01,5.6046e+01,5.6176e+01,5.5136e+01,5.5264e+01,5.5188e+01,5.4907e+01,5.5061e+01,5.5355e+01,5.6675e+01,5.7060e+01,5.7242e+01,5.8623e+01,5.9016e+01,5.8214e+01,5.8230e+01,5.7436e+01,5.7074e+01,5.8744e+01,5.9011e+01,5.9556e+01,5.9121e+01,5.9626e+01,5.8830e+01,5.7935e+01,5.7880e+01,5.7382e+01,5.6840e+01,5.5319e+01,5.4919e+01,5.4412e+01,5.4735e+01,5.4565e+01,5.4263e+01,5.4745e+01,5.5073e+01,5.4838e+01
4.9159e+01,4.9752e+01,5.1074e+01,5.2668e+01,5.3765e+01,5.5312e+01,5.6556e+01,5.8640e+01,6.1008e+01,6.1893e+01,6.4543e+01,6.4424e+01,6.2273e+01,6.2153e+01,6.0081e+01,5.7746e+01,5.6094e+01,5.3727e+01,5.2436e+01,5.0295e+01,4.9586e+01,4.7852e+01,4.9248e+01,5.1620e+01,5.1564e+01,5.0157e+01,4.7922e+01,4.5930e+01,4.3680e+01,4.2574e+01,4.0635e+01,3.9981e+01,3.8372e+01,3.8661e+01,3.8724e+01,3.8936e+01,3.9479e+01,4.1057e+01,4.1134e+01,4.3577e+01,4.3893e+01,4.4253e+01,4.2287e+01,4.2207e+01,4.0839e+01,3.8973e+01,3.8188e+01,3.6561e+01,3.6826e+01,3.6235e+01,3.8044e+01,3.8390e+01,3.8458e+01,4.0618e+01,4.2579e+01,4.2464e+01,4.4378e+01,4.3635e+01,4.2961e+01,4.4140e+01,4.4776e+01,4.5933e+01,4.7411e+01,4.9717e+01,5.0559e+01,5.0858e+01,5.1566e+01,5.0342e+01,4.8170e+01,4.6723e+01,4.4673e+01,4.4231e+01,4.5642e+01,4.7265e+01,4.9068e+01,4.9432e+01,5.0490e+01,5.0452e+01,4.9952e+01,4.7831e+01,4.6561e+01,4.5078e+01,4.4351e+01,4.6385e+01,4.8288e+01,4.9479e+01,5.1680e+01,5.3231e+01,5.2860e+01,5.4445e+01,5.5524e+01,5.7307e+01,5.6509e+01,5.5736e+01,5.3341e+01,5.2049e+01,4.9824e+01,4.9091e+01,4.8314e+01,5.0125e+01,5.2446e+01,5.3417e+01,5.4902e+01,5.6960e+01,5.6952e+01,5.7506e+01,5.7203e+01,5.8690e+01,6.0233e+01,6.1329e+01,6.1769e+01,6.2376e+01,6.1433e+01,6.1337e+01,6.3398e+01,6.5116e+01,6.6674e+01,6.6497e+01,6.5881e+01,6.5204e+01,6.4113e+01,6.5103e+01,6.4594e+01,6.3655e+01,6.2503e+01,6.0611e+01,6.0266e+01,6.1255e+01,6.0970e+01,6.1036e+01,5.9828e+01,5.8250e+01,5.7627e+01,5.6428e+01,5.6711e+01,5.6751e+01,5.7478e+01,5.7543e+01,5.6452e+01,5.6585e+01,5.6456e+01,5.6166e+01,5.6257e+01,5.6522e+01,5.7770e+01,5.8106e+01,5.8220e+01,5.9623e+01,6.0041e+01,5.9190e+01,5.9140e+01,5.8308e+01,5.7901e+01,5.9521e+01,5.9778e+01,6.0380e+01,5.9999e+01,6.0577e+01,5.9787e+01,5.8882e+01,5.8861e+01,5.8447e+01,5.7946e+01,5.6445e+01,5.6051e+01,5.5619e+01,5.6043e+01,5.5975e+01,5.5729e+01,5.6246e+01,5.6616e+01,5.6359e+01
4.8245e+01,4.8651e+01,4.9959e+01,5.1404e+01,5.2457e+01,5.3874e+01,5.5080e+01,5.7084e+01,5.9477e+01,6.0441e+01,6.3126e+01,6.3107e+01,6.1027e+01,6.1003e+01,5.9030e+01,5.6665e+01,5.5153e+01,5.2830e+01,5.1689e+01,4.9432e+01,4.8490e+01,4.6602e+01,4.7818e+01,5.0128e+01,4.9912e+01,4.8433e+01,4.6275e+01,4.4232e+01,4.2052e+01,4.0864e+01,3.8786e+01,3.8444e+01,3.7200e+01,3.8069e+01,3.8519e+01,3.9232e+01,3.9925e+01,4.1807e+01,4.2257e+01,4.4805e+01,4.5367e+01,4.5763e+01,4.3712e+01,4.3787e+01,4.2492e+01,4.0447e+01,3.9365e+01,3.7416e+01,3.7408e+01,3.6056e+01,3.7633e+01,3.7337e+01,3.7015e+01,3.9255e+01,4.1172e+01,4.1338e+01,4.3267e+01,4.2754e+01,4.1889e+01,4.2930e+01,4.3299e+01,4.4461e+01,4.6083e+01,4.8333e+01,4.9042e+01,4.9199e+01,4.9802e+01,4.8504e+01,4.6395e+01,4.5036e+01,4.3092e+01,4.2870e+01,4.4404e+01,4.6197e+01,4.8051e+01,4.8594e+01,4.9599e+01,4.9368e+01,4.8716e+01,4.6590e+01,4.5503e+01,4.4052e+01,4.3571e+01,4.5589e+01,4.7472e+01,4.8477e+01,5.0717e+01,5.2156e+01,5.1665e+01,5.3132e+01,5.4147e+01,5.5855e+01,5.4969e+01,5.4210e+01,5.1807e+01,5.0570e+01,4.8360e+01,4.7533e+01,4.6876e+01,4.8761e+01,5.1059e+01,5.2049e+01,5.3631e+01,5.5682e+01,5.5658e+01,5.6342e+01,5.6101e+01,5.7696e+01,5.9251e+01,6.0394e+01,6.0942e+01,6.1557e+01,6.0617e+01,6.0455e+01,6.2562e+01,6.4220e+01,6.5847e+01,6.5658e+01,6.5130e+01,6.4447e+01,6.3417e+01,6.4501e+01,6.4016e+01,6.3148e+01,6.2042e+01,6.0082e+01,5.9827e+01,6.0775e+01,6.0365e+01,6.0328e+01,5.9009e+01,5.7413e+01,5.6740e+01,5.5433e+01,5.5632e+01,5.5720e+01,5.6508e+01,5.6574e+01,5.5489e+01,5.5720e+01,5.5606e+01,5.5375e+01,5.5472e+01,5.5817e+01,5.7116e+01,5.7446e+01,5.7533e+01,5.8944e+01,5.9438e+01,5.8610e+01,5.8524e+01,5.7721e+01,5.7288e+01,5.8965e+01,5.9216e+01,5.9795e+01,5.9404e+01,5.9963e+01,5.9174e+01,5.8270e+01,5.8233e+01,5.7806e+01,5.7288e+01,5.5773e+01,5.5426e+01,5.5021e+01,5.5474e+01,5.5457e+01,5.5244e+01,5.5779e+01,5.6205e+01,5.5977e+01
4.8272e+01,4.8455e+01,4.9572e+01,5.0959e+01,5.2144e+01,5.3488e+01,5.4801e+01,5.6785e+01,5.9167e+01,6.0293e+01,6.2995e+01,6.3128e+01,6.1059e+01,6.1031e+01,5.9125e+01,5.6683e+01,5.5307e+01,5.2945e+01,5.1995e+01,4.9723e+01,4.8659e+01,4.6719e+01,4.7744e+01,5.0033e+01,4.9688e+01,4.8245e+01,4.6194e+01,4.4207e+01,4.2196e+01,4.0660e+01,3.8439e+01,3.8147e+01,3.7259e+01,3.8437e+01,3.8707e+01,3.9869e+01,4.1005e+01,4.3113e+01,4.3618e+01,4.6257e+01,4.6765e+01,4.6895e+01,4.4640e+01,4.4668e+01,4.3638e+01,4.1723e+01,4.0389e+01,3.8635e+01,3.9024e+01,3.7504e+01,3.9154e+01,3.8388e+01,3.8033e+01,4.0304e+01,4.2009e+01,4.2324e+01,4.4101e+01,4.3614e+01,4.2386e+01,4.3072e+01,4.3173e+01,4.4075e+01,4.5678e+01,4.7895e+01,4.8628e+01,4.8604e+01,4.9233e+01,4.7737e+01,4.5733e+01,4.4267e+01,4.2361e+01,4.2273e+01,4.3692e+01,4.5558e+01,4.7316e+01,4.7843e+01,4.8656e+01,4.8318e+01,4.7703e+01,4.5529e+01,4.4500e+01,4.2929e+01,4.2494e+01,4.4399e+01,4.6326e+01,4.7230e+01,4.9453e+01,5.0897e+01,5.0467e+01,5.1864e+01,5.2755e+01,5.4494e+01,5.3658e+01,5.3039e+01,5.0627e+01,4.9286e+01,4.7136e+01,4.6430e+01,4.5963e+01,4.7945e+01,5.0214e+01,5.1056e+01,5.2635e+01,5.4613e+01,5.4440e+01,5.5175e+01,5.5015e+01,5.6633e+01,5.8197e+01,5.9297e+01,5.9855e+01,6.0529e+01,5.9644e+01,5.9529e+01,6.1672e+01,6.3328e+01,6.4936e+01,6.4677e+01,6.4153e+01,6.3413e+01,6.2386e+01,6.3465e+01,6.2929e+01,6.2107e+01,6.0991e+01,5.8994e+01,5.8828e+01,5.9810e+01,5.9319e+01,5.9286e+01,5.7898e+01,5.6276e+01,5.5517e+01,5.4214e+01,5.4333e+01,5.4372e+01,5.5120e+01,5.5162e+01,5.4089e+01,5.4302e+01,5.4166e+01,5.3998e+01,5.4067e+01,5.4399e+01,5.5677e+01,5.6055e+01,5.6106e+01,5.7516e+01,5.7994e+01,5.7158e+01,5.7089e+01,5.6280e+01,5.5906e+01,5.7646e+01,5.7995e+01,5.8581e+01,5.8205e+01,5.8711e+01,5.7934e+01,5.7113e+01,5.7180e+01,5.6729e+01,5.6297e+01,5.4751e+01,5.4534e+01,5.4100e+01,5.4550e+01,5.4553e+01,5.4450e+01,5.5085e+01,5.5630e+01,5.5492e+01
4.8212e+01,4.8166e+01,4.9184e+01,5.0395e+01,5.1568e+01,5.2754e+01,5.4049e+01,5.5928e+01,5.8310e+01,5.9546e+01,6.2265e+01,6.2528e+01,6.0547e+01,6.0607e+01,5.8823e+01,5.6357e+01,5.5154e+01,5.2845e+01,5.2085e+01,4.9754e+01,4.8479e+01,4.6432e+01,4.7206e+01,4.9386e+01,4.8849e+01,4.7368e+01,4.5486e+01,4.3529e+01,4.1745e+01,4.0087e+01,3.7838e+01,3.7958e+01,3.7677e+01,3.9210e+01,3.9621e+01,4.1087e+01,4.2356e+01,4.4591e+01,4.5264e+01,4.7934e+01,4.8535e+01,4.8617e+01,4.6289e+01,4.6370e+01,4.5461e+01,4.3529e+01,4.2034e+01,4.0274e+01,4.0639e+01,3.8872e+01,4.0285e+01,3.9081e+01,3.8478e+01,4.0528e+01,4.1994e+01,4.2588e+01,4.4244e+01,4.3973e+01,4.2552e+01,4.2974e+01,4.2731e+01,4.3505e+01,4.5185e+01,4.7286e+01,4.7885e+01,4.7651e+01,4.8163e+01,4.6534e+01,4.4679e+01,4.3305e+01,4.1594e+01,4.1786e+01,4.3219e+01,4.5202e+01,4.6920e+01,4.7567e+01,4.8248e+01,4.7719e+01,4.7003e+01,4.4842e+01,4.4016e+01,4.2461e+01,4.2244e+01,4.4028e+01,4.5919e+01,4.6622e+01,4.8833e+01,5.0179e+01,4.9685e+01,5.0938e+01,5.1708e+01,5.3384e+01,5.2496e+01,5.1955e+01,4.9555e+01,4.8231e+01,4.6147e+01,4.5418e+01,4.5158e+01,4.7215e+01,4.9421e+01,5.0211e+01,5.1859e+01,5.3793e+01,5.3544e+01,5.4394e+01,5.4310e+01,5.6011e+01,5.7580e+01,5.8698e+01,5.9334e+01,6.0028e+01,5.9165e+01,5.9014e+01,6.1186e+01,6.2787e+01,6.4429e+01,6.4142e+01,6.3689e+01,6.2935e+01,6.1960e+01,6.3099e+01,6.2566e+01,6.1812e+01,6.0729e+01,5.8684e+01,5.8613e+01,5.9576e+01,5.8973e+01,5.8871e+01,5.7389e+01,5.5755e+01,5.4933e+01,5.3561e+01,5.3582e+01,5.3633e+01,5.4409e+01,5.4438e+01,5.3369e+01,5.3644e+01,5.3526e+01,5.3425e+01,5.3498e+01,5.3885e+01,5.5189e+01,5.5582e+01,5.5618e+01,5.7016e+01,5.7537e+01,5.6734e+01,5.6666e+01,5.5892e+01,5.5519e+01,5.7310e+01,5.7668e+01,5.8218e+01,5.7824e+01,5.8283e+01,5.7511e+01,5.6709e+01,5.6789e+01,5.6320e+01,5.5911e+01,5.4359e+01,5.4226e+01,5.3801e+01,5.4273e+01,5.4338e+01,5.4312e+01,5.5000e+01,5.5625e+01,5.5528e+01
4.9725e+01,4.9617e+01,5.0463e+01,5.1721e+01,5.3036e+01,5.4217e+01,5.5617e+01,5.7502e+01,5.9855e+01,6.1189e+01,6.3899e+01,6.4238e+01,6.2238e+01,6.2242e+01,6.0462e+01,5.7957e+01,5.6788e+01,5.4432e+01,5.3731e+01,5.1467e+01,5.0236e+01,4.8242e+01,4.8962e+01,5.1133e+01,5.0559e+01,4.9132e+01,4.7327e+01,4.5442e+01,4.3745e+01,4.1950e+01,3.9718e+01,3.9676e+01,3.9292e+01,4.0626e+01,4.0625e+01,4.2078e+01,4.3573e+01,4.5795e+01,4.6238e+01,4.8933e+01,4.9296e+01,4.9129e+01,4.6670e+01,4.6531e+01,4.5793e+01,4.4118e+01,4.2646e+01,4.1183e+01,4.1907e+01,4.0373e+01,4.2052e+01,4.1017e+01,4.0492e+01,4.2588e+01,4.4102e+01,4.4683e+01,4.6327e+01,4.5966e+01,4.4463e+01,4.4766e+01,4.4503e+01,4.5068e+01,4.6624e+01,4.8708e+01,4.9400e+01,4.9070e+01,4.9632e+01,4.7856e+01,4.6116e+01,4.4629e+01,4.2936e+01,4.3099e+01,4.4299e+01,4.6201e+01,4.7744e+01,4.8212e+01,4.8689e+01,4.8194e+01,4.7662e+01,4.5461e+01,4.4560e+01,4.2807e+01,4.2392e+01,4.4011e+01,4.6000e+01,4.6740e+01,4.8878e+01,5.0333e+01,5.0035e+01,5.1274e+01,5.1900e+01,5.3672e+01,5.2932e+01,5.2583e+01,5.0196e+01,4.8698e+01,4.6704e+01,4.6220e+01,4.6122e+01,4.8220e+01,5.0386e+01,5.0973e+01,5.2543e+01,5.4392e+01,5.3970e+01,5.4773e+01,5.4754e+01,5.6385e+01,5.7933e+01,5.8940e+01,5.9507e+01,6.0274e+01,5.9493e+01,5.9445e+01,6.1611e+01,6.3229e+01,6.4789e+01,6.4417e+01,6.3916e+01,6.3095e+01,6.2098e+01,6.3147e+01,6.2533e+01,6.1790e+01,6.0659e+01,5.8631e+01,5.8605e+01,5.9647e+01,5.9045e+01,5.9034e+01,5.7554e+01,5.5928e+01,5.5027e+01,5.3762e+01,5.3731e+01,5.3670e+01,5.4319e+01,5.4291e+01,5.3188e+01,5.3345e+01,5.3188e+01,5.3097e+01,5.3132e+01,5.3418e+01,5.4640e+01,5.5098e+01,5.5132e+01,5.6519e+01,5.6950e+01,5.6124e+01,5.6123e+01,5.5317e+01,5.5030e+01,5.6854e+01,5.7301e+01,5.7871e+01,5.7482e+01,5.7887e+01,5.7114e+01,5.6388e+01,5.6600e+01,5.6117e+01,5.5831e+01,5.4279e+01,5.4242e+01,5.3792e+01,5.4244e+01,5.4306e+01,5.4390e+01,5.5175e+01,5.5885e+01,5.5856e+01
5.1250e+01,5.1232e+01,5.2164e+01,5.3431e+01,5.4680e+01,5.5851e+01,5.7183e+01,5.9033e+01,6.1414e+01,6.2692e+01,6.5413e+01,6.5703e+01,6.3730e+01,6.3775e+01,6.1982e+01,5.9513e+01,5.8295e+01,5.5969e+01,5.5176e+01,5.2889e+01,5.1672e+01,4.9649e+01,5.0414e+01,5.2562e+01,5.1958e+01,5.0422e+01,4.8611e+01,4.6623e+01,4.4856e+01,4.3276e+01,4.1015e+01,4.1104e+01,4.0567e+01,4.1820e+01,4.1844e+01,4.3055e+01,4.4353e+01,4.6399e+01,4.6658e+01,4.9266e+01,4.9482e+01,4.9374e+01,4.7004e+01,4.6644e+01,4.5748e+01,4.4261e+01,4.3093e+01,4.1691e+01,4.2293e+01,4.0910e+01,4.2537e+01,4.1714e+01,4.0954e+01,4.2949e+01,4.4666e+01,4.5360e+01,4.7173e+01,4.6908e+01,4.5619e+01,4.6127e+01,4.5932e+01,4.6657e+01,4.8275e+01,5.0365e+01,5.0997e+01,5.0677e+01,5.1138e+01,4.9398e+01,4.7679e+01,4.6301e+01,4.4639e+01,4.4792e+01,4.6042e+01,4.7924e+01,4.9490e+01,4.9936e+01,5.0446e+01,4.9996e+01,4.9476e+01,4.7282e+01,4.6347e+01,4.4573e+01,4.4067e+01,4.5698e+01,4.7724e+01,4.8515e+01,5.0637e+01,5.2115e+01,5.1849e+01,5.3089e+01,5.3693e+01,5.5461e+01,5.4715e+01,5.4368e+01,5.1985e+01,5.0510e+01,4.8525e+01,4.8010e+01,4.7899e+01,4.9987e+01,5.2157e+01,5.2773e+01,5.4357e+01,5.6217e+01,5.5809e+01,5.6620e+01,5.6614e+01,5.8231e+01,5.9777e+01,6.0752e+01,6.1300e+01,6.2088e+01,6.1328e+01,6.1301e+01,6.3455e+01,6.5071e+01,6.6617e+01,6.6229e+01,6.5708e+01,6.4864e+01,6.3853e+01,6.4857e+01,6.4210e+01,6.3458e+01,6.2300e+01,6.0290e+01,6.0255e+01,6.1330e+01,6.0757e+01,6.0787e+01,5.9322e+01,5.7703e+01,5.6773e+01,5.5546e+01,5.5491e+01,5.5401e+01,5.5972e+01,5.5898e+01,5.4771e+01,5.4867e+01,5.4657e+01,5.4563e+01,5.4532e+01,5.4749e+01,5.5839e+01,5.6274e+01,5.6235e+01,5.7610e+01,5.8007e+01,5.7133e+01,5.7094e+01,5.6259e+01,5.5980e+01,5.7722e+01,5.8204e+01,5.8850e+01,5.8539e+01,5.9021e+01,5.8282e+01,5.7592e+01,5.7831e+01,5.7402e+01,5.7156e+01,5.5660e+01,5.5621e+01,5.5221e+01,5.5719e+01,5.5803e+01,5.5902e+01,5.6696e+01,5.7376e+01,5.7299e+01
5.1899e+01,5.1795e+01,5.2769e+01,5.3892e+01,5.5029e+01,5.6064e+01,5.7285e+01,5.9013e+01,6.1410e+01,6.2697e+01,6.5428e+01,6.5761e+01,6.3888e+01,6.4049e+01,6.2346e+01,5.9915e+01,5.8787e+01,5.6559e+01,5.5833e+01,5.3474e+01,5.2093e+01,4.9973e+01,5.0588e+01,5.2613e+01,5.1847e+01,5.0193e+01,4.8516e+01,4.6485e+01,4.4842e+01,4.3411e+01,4.1176e+01,4.1652e+01,4.1399e+01,4.2874e+01,4.3146e+01,4.4422e+01,4.5607e+01,4.7649e+01,4.8006e+01,5.0578e+01,5.0871e+01,5.0881e+01,4.8578e+01,4.8224e+01,4.7220e+01,4.5706e+01,4.4600e+01,4.3053e+01,4.3403e+01,4.1848e+01,4.3210e+01,4.2212e+01,4.1127e+01,4.2845e+01,4.4507e+01,4.5475e+01,4.7314e+01,4.7305e+01,4.6079e+01,4.6582e+01,4.6206e+01,4.7004e+01,4.8735e+01,5.0726e+01,5.1180e+01,5.0734e+01,5.1006e+01,4.9244e+01,4.7658e+01,4.6482e+01,4.5009e+01,4.5357e+01,4.6701e+01,4.8664e+01,5.0255e+01,5.0838e+01,5.1324e+01,5.0740e+01,5.0095e+01,4.7951e+01,4.7186e+01,4.5483e+01,4.5158e+01,4.6734e+01,4.8717e+01,4.9358e+01,5.1472e+01,5.2835e+01,5.2477e+01,5.3593e+01,5.4118e+01,5.5791e+01,5.4948e+01,5.4617e+01,5.2253e+01,5.0876e+01,4.8945e+01,4.8325e+01,4.8334e+01,5.0442e+01,5.2557e+01,5.3207e+01,5.4878e+01,5.6722e+01,5.6325e+01,5.7266e+01,5.7335e+01,5.9027e+01,6.0571e+01,6.1558e+01,6.2189e+01,6.2995e+01,6.2257e+01,6.2191e+01,6.4364e+01,6.5921e+01,6.7514e+01,6.7111e+01,6.6649e+01,6.5786e+01,6.4815e+01,6.5863e+01,6.5218e+01,6.4523e+01,6.3395e+01,6.1352e+01,6.1388e+01,6.2437e+01,6.1780e+01,6.1746e+01,6.0206e+01,5.8589e+01,5.7599e+01,5.6316e+01,5.6158e+01,5.6089e+01,5.6650e+01,5.6537e+01,5.5412e+01,5.5556e+01,5.5310e+01,5.5278e+01,5.5187e+01,5.5422e+01,5.6425e+01,5.6822e+01,5.6682e+01,5.8044e+01,5.8486e+01,5.7594e+01,5.7480e+01,5.6655e+01,5.6364e+01,5.8070e+01,5.8588e+01,5.9274e+01,5.9036e+01,5.9576e+01,5.8886e+01,5.8264e+01,5.8538e+01,5.8147e+01,5.7955e+01,5.6514e+01,5.6567e+01,5.6245e+01,5.6792e+01,5.6941e+01,5.7104e+01,5.7905e+01,5.8609e+01,5.8525e+01
5.2065e+01,5.1774e+01,5.2638e+01,5.3611e+01,5.4744e+01,5.5636e+01,5.6847e+01,5.8473e+01,6.0843e+01,6.2233e+01,6.4957e+01,6.5413e+01,6.3617e+01,6.3838e+01,6.2246e+01,5.9808e+01,5.8832e+01,5.6658e+01,5.6103e+01,5.3727e+01,5.2203e+01,5.0037e+01,5.0436e+01,5.2345e+01,5.1426e+01,4.9780e+01,4.8287e+01,4.6347e+01,4.4945e+01,4.3429e+01,4.1288e+01,4.1976e+01,4.2101e+01,4.3764e+01,4.4109e+01,4.5622e+01,4.6930e+01,4.9091e+01,4.9611e+01,5.2212e+01,5.2609e+01,5.2579e+01,5.0235e+01,4.9999e+01,4.9117e+01,4.7530e+01,4.6251e+01,4.4643e+01,4.4985e+01,4.3244e+01,4.4488e+01,4.3203e+01,4.2073e+01,4.3631e+01,4.5039e+01,4.6154e+01,4.7841e+01,4.7956e+01,4.6573e+01,4.6842e+01,4.6212e+01,4.6854e+01,4.8592e+01,5.0455e+01,5.0809e+01,5.0180e+01,5.0357e+01,4.8477e+01,4.7073e+01,4.5982e+01,4.4710e+01,4.5266e+01,4.6551e+01,4.8557e+01,5.0070e+01,5.0731e+01,5.1084e+01,5.0350e+01,4.9647e+01,4.7551e+01,4.6968e+01,4.5302e+01,4.5163e+01,4.6590e+01,4.8508e+01,4.8963e+01,5.1028e+01,5.2291e+01,5.1894e+01,5.2869e+01,5.3272e+01,5.4878e+01,5.4016e+01,5.3776e+01,5.1455e+01,5.0093e+01,4.8264e+01,4.7664e+01,4.7868e+01,5.0003e+01,5.2027e+01,5.2600e+01,5.4298e+01,5.6073e+01,5.5600e+01,5.6626e+01,5.6768e+01,5.8507e+01,6.0031e+01,6.1013e+01,6.1709e+01,6.2533e+01,6.1835e+01,6.1747e+01,6.3930e+01,6.5427e+01,6.7036e+01,6.6599e+01,6.6203e+01,6.5321e+01,6.4407e+01,6.5499e+01,6.4856e+01,6.4233e+01,6.3145e+01,6.1077e+01,6.1203e+01,6.2226e+01,6.1470e+01,6.1375e+01,5.9761e+01,5.8158e+01,5.7115e+01,5.5795e+01,5.5547e+01,5.5486e+01,5.6059e+01,5.5931e+01,5.4812e+01,5.5020e+01,5.4797e+01,5.4826e+01,5.4739e+01,5.5044e+01,5.6061e+01,5.6443e+01,5.6274e+01,5.7618e+01,5.8118e+01,5.7265e+01,5.7128e+01,5.6357e+01,5.6040e+01,5.7772e+01,5.8279e+01,5.8941e+01,5.8696e+01,5.9218e+01,5.8542e+01,5.7942e+01,5.8222e+01,5.7823e+01,5.7645e+01,5.6224e+01,5.6362e+01,5.6080e+01,5.6628e+01,5.6830e+01,5.7046e+01,5.7859e+01,5.8600e+01,5.8538e+01
5.0330e+01,4.9996e+01,5.0894e+01,5.1813e+01,5.2888e+01,5.3759e+01,5.4937e+01,5.6561e+01,5.8929e+01,6.0302e+01,6.3024e+01,6.3474e+01,6.1683e+01,6.1917e+01,6.0345e+01,5.7918e+01,5.6972e+01,5.4831e+01,5.4321e+01,5.1930e+01,5.0358e+01,4.8173e+01,4.8529e+01,5.0423e+01,4.9510e+01,4.7883e+01,4.6391e+01,4.4477e+01,4.3139e+01,4.1598e+01,3.9521e+01,4.0351e+01,4.0735e+01,4.2553e+01,4.3114e+01,4.4775e+01,4.6071e+01,4.8320e+01,4.9087e+01,5.1693e+01,5.2311e+01,5.2362e+01,5.0056e+01,5.0086e+01,4.9257e+01,4.7443e+01,4.5973e+01,4.4189e+01,4.4382e+01,4.2428e+01,4.3488e+01,4.1951e+01,4.0864e+01,4.2356e+01,4.3554e+01,4.4669e+01,4.6229e+01,4.6386e+01,4.4921e+01,4.5093e+01,4.4372e+01,4.5022e+01,4.6800e+01,4.8632e+01,4.8934e+01,4.8321e+01,4.8497e+01,4.6663e+01,4.5208e+01,4.4164e+01,4.2930e+01,4.3574e+01,4.4953e+01,4.7010e+01,4.8588e+01,4.9375e+01,4.9810e+01,4.9018e+01,4.8186e+01,4.6141e+01,4.5665e+01,4.4166e+01,4.4232e+01,4.5707e+01,4.7509e+01,4.7884e+01,4.9977e+01,5.1137e+01,5.0595e+01,5.1556e+01,5.2051e+01,5.3585e+01,5.2634e+01,5.2279e+01,4.9959e+01,4.8706e+01,4.6838e+01,4.6101e+01,4.6244e+01,4.8352e+01,5.0370e+01,5.1040e+01,5.2773e+01,5.4580e+01,5.4205e+01,5.5256e+01,5.5360e+01,5.7144e+01,5.8661e+01,5.9726e+01,6.0483e+01,6.1244e+01,6.0495e+01,6.0324e+01,6.2510e+01,6.3981e+01,6.5649e+01,6.5268e+01,6.4929e+01,6.4102e+01,6.3227e+01,6.4405e+01,6.3836e+01,6.3227e+01,6.2199e+01,6.0119e+01,6.0239e+01,6.1182e+01,6.0396e+01,6.0211e+01,5.8586e+01,5.6995e+01,5.6022e+01,5.4617e+01,5.4402e+01,5.4434e+01,5.5139e+01,5.5079e+01,5.4008e+01,5.4346e+01,5.4200e+01,5.4234e+01,5.4224e+01,5.4665e+01,5.5823e+01,5.6171e+01,5.6052e+01,5.7392e+01,5.7977e+01,5.7192e+01,5.7041e+01,5.6341e+01,5.5961e+01,5.7707e+01,5.8108e+01,5.8687e+01,5.8388e+01,5.8896e+01,5.8213e+01,5.7530e+01,5.7673e+01,5.7242e+01,5.6942e+01,5.5512e+01,5.5584e+01,5.5325e+01,5.5838e+01,5.6009e+01,5.6132e+01,5.6892e+01,5.7583e+01,5.7517e+01
4.8851e+01,4.8615e+01,4.9691e+01,5.0609e+01,5.1543e+01,5.2452e+01,5.3527e+01,5.5172e+01,5.7568e+01,5.8815e+01,6.1539e+01,6.1881e+01,6.0083e+01,6.0345e+01,5.8739e+01,5.6361e+01,5.5350e+01,5.3251e+01,5.2657e+01,5.0229e+01,4.8656e+01,4.6440e+01,4.6891e+01,4.8813e+01,4.7982e+01,4.6306e+01,4.4695e+01,4.2685e+01,4.1222e+01,3.9887e+01,3.7838e+01,3.8858e+01,3.9313e+01,4.1213e+01,4.2099e+01,4.3698e+01,4.4773e+01,4.6986e+01,4.7939e+01,5.0489e+01,5.1310e+01,5.1562e+01,4.9385e+01,4.9626e+01,4.8699e+01,4.6686e+01,4.5200e+01,4.3217e+01,4.3098e+01,4.1005e+01,4.1765e+01,4.0109e+01,3.8923e+01,4.0292e+01,4.1445e+01,4.2584e+01,4.4161e+01,4.4404e+01,4.3063e+01,4.3384e+01,4.2730e+01,4.3623e+01,4.5502e+01,4.7360e+01,4.7596e+01,4.7136e+01,4.7293e+01,4.5658e+01,4.4032e+01,4.3095e+01,4.1815e+01,4.2438e+01,4.4036e+01,4.6127e+01,4.7864e+01,4.8782e+01,4.9433e+01,4.8668e+01,4.7693e+01,4.5706e+01,4.5257e+01,4.3963e+01,4.4154e+01,4.5784e+01,4.7485e+01,4.7881e+01,5.0032e+01,5.1115e+01,5.0404e+01,5.1417e+01,5.2094e+01,5.3550e+01,5.2483e+01,5.1913e+01,4.9592e+01,4.8510e+01,4.6545e+01,4.5584e+01,4.5506e+01,4.7532e+01,4.9587e+01,5.0464e+01,5.2238e+01,5.4130e+01,5.3948e+01,5.4996e+01,5.5014e+01,5.6831e+01,5.8355e+01,5.9524e+01,6.0325e+01,6.1000e+01,6.0165e+01,5.9896e+01,6.2074e+01,6.3535e+01,6.5272e+01,6.4986e+01,6.4682e+01,6.3932e+01,6.3075e+01,6.4326e+01,6.3843e+01,6.3208e+01,6.2224e+01,6.0148e+01,6.0201e+01,6.1068e+01,6.0311e+01,6.0055e+01,5.8457e+01,5.6877e+01,5.6007e+01,5.4524e+01,5.4391e+01,5.4531e+01,5.5364e+01,5.5374e+01,5.4334e+01,5.4776e+01,5.4683e+01,5.4691e+01,5.4749e+01,5.5284e+01,5.6544e+01,5.6858e+01,5.6783e+01,5.8127e+01,5.8772e+01,5.8020e+01,5.7846e+01,5.7172e+01,5.6734e+01,5.8457e+01,5.8763e+01,5.9305e+01,5.8978e+01,5.9515e+01,5.8822e+01,5.8051e+01,5.8032e+01,5.7579e+01,5.7130e+01,5.5712e+01,5.5644e+01,5.5421e+01,5.5904e+01,5.6028e+01,5.6009e+01,5.6658e+01,5.7233e+01,5.7099e+01
4.6806e+01,4.6606e+01,4.7769e+01,4.8691e+01,4.9565e+01,5.0531e+01,5.1594e+01,5.3301e+01,5.5697e+01,5.6880e+01,5.9598e+01,5.9882e+01,5.8045e+01,5.8283e+01,5.6652e+01,5.4285e+01,5.3247e+01,5.1163e+01,5.0557e+01,4.8120e+01,4.6544e+01,4.4338e+01,4.4848e+01,4.6822e+01,4.6107e+01,4.4487e+01,4.2746e+01,4.0742e+01,3.9196e+01,3.7833e+01,3.5825e+01,3.7000e+01,3.7721e+01,3.9725e+01,4.0881e+01,4.2568e+01,4.3576e+01,4.5848e+01,4.7077e+01,4.9596e+01,5.0665e+01,5.1016e+01,4.8922e+01,4.9468e+01,4.8603e+01,4.6370e+01,4.4699e+01,4.2572e+01,4.2278e+01,4.0016e+01,4.0513e+01,3.8580e+01,3.7604e+01,3.8927e+01,3.9790e+01,4.0797e+01,4.2221e+01,4.2441e+01,4.1024e+01,4.1306e+01,4.0665e+01,4.1653e+01,4.3558e+01,4.5430e+01,4.5676e+01,4.5369e+01,4.5619e+01,4.4149e+01,4.2341e+01,4.1397e+01,4.0055e+01,4.0639e+01,4.2356e+01,4.4445e+01,4.6270e+01,4.7294e+01,4.8094e+01,4.7344e+01,4.6266e+01,4.4353e+01,4.3949e+01,4.2875e+01,4.3229e+01,4.4931e+01,4.6492e+01,4.6873e+01,4.9046e+01,5.0044e+01,4.9196e+01,5.0257e+01,5.1095e+01,5.2494e+01,5.1359e+01,5.0617e+01,4.8305e+01,4.7350e+01,4.5320e+01,4.4210e+01,4.3940e+01,4.5884e+01,4.7962e+01,4.8978e+01,5.0767e+01,5.2725e+01,5.2702e+01,5.3738e+01,5.3701e+01,5.5537e+01,5.7055e+01,5.8297e+01,5.9142e+01,5.9757e+01,5.8871e+01,5.8534e+01,6.0714e+01,6.2172e+01,6.3958e+01,6.3732e+01,6.3456e+01,6.2758e+01,6.1924e+01,6.3242e+01,6.2831e+01,6.2194e+01,6.1263e+01,5.9189e+01,5.9215e+01,6.0002e+01,5.9242e+01,5.8911e+01,5.7324e+01,5.5767e+01,5.4983e+01,5.3436e+01,5.3361e+01,5.3601e+01,5.4549e+01,5.4618e+01,5.3628e+01,5.4182e+01,5.4161e+01,5.4163e+01,5.4302e+01,5.4956e+01,5.6333e+01,5.6611e+01,5.6602e+01,5.7925e+01,5.8639e+01,5.7967e+01,5.7794e+01,5.7190e+01,5.6700e+01,5.8412e+01,5.8616e+01,5.9062e+01,5.8676e+01,5.9193e+01,5.8508e+01,5.7673e+01,5.7486e+01,5.6979e+01,5.6405e+01,5.5032e+01,5.4870e+01,5.4699e+01,5.5131e+01,5.5222e+01,5.5106e+01,5.5663e+01,5.6169e+01,5.5993e+01
4.5723e+01,4.5764e+01,4.7141e+01,4.8158e+01,4.8916e+01,5.0015e+01,5.1003e+01,5.2791e+01,5.5195e+01,5.6201e+01,5.8904e+01,5.9016e+01,5.7124e+01,5.7332e+01,5.5606e+01,5.3296e+01,5.2106e+01,5.0040e+01,4.9249e+01,4.6806e+01,4.5345e+01,4.3184e+01,4.3955e+01,4.6016e+01,4.5532e+01,4.3938e+01,4.1960e+01,3.9872e+01,3.7957e+01,3.6971e+01,3.5114e+01,3.6169e+01,3.6661e+01,3.8551e+01,4.0017e+01,4.1482e+01,4.2169e+01,4.4323e+01,4.5691e+01,4.8102e+01,4.9334e+01,4.9881e+01,4.7975e+01,4.8697e+01,4.7738e+01,4.5384e+01,4.3778e+01,4.1534e+01,4.0895e+01,3.8593e+01,3.8695e+01,3.6681e+01,3.5659e+01,3.6991e+01,3.7958e+01,3.8810e+01,4.0373e+01,4.0570e+01,3.9396e+01,4.0032e+01,3.9721e+01,4.1038e+01,4.2951e+01,4.4900e+01,4.5181e+01,4.5168e+01,4.5496e+01,4.4326e+01,4.2298e+01,4.1390e+01,3.9901e+01,4.0242e+01,4.2104e+01,4.4110e+01,4.6062e+01,4.7116e+01,4.8147e+01,4.7531e+01,4.6419e+01,4.4571e+01,4.4074e+01,4.3171e+01,4.3500e+01,4.5343e+01,4.6826e+01,4.7323e+01,4.9522e+01,5.0513e+01,4.9589e+01,5.0762e+01,5.1790e+01,5.3165e+01,5.1990e+01,5.1057e+01,4.8759e+01,4.7922e+01,4.5812e+01,4.4583e+01,4.4012e+01,4.5811e+01,4.7935e+01,4.9130e+01,5.0899e+01,5.2940e+01,5.3101e+01,5.4072e+01,5.3933e+01,5.5747e+01,5.7268e+01,5.8568e+01,5.9403e+01,5.9953e+01,5.9000e+01,5.8613e+01,6.0769e+01,6.2247e+01,6.4061e+01,6.3918e+01,6.3628e+01,6.2994e+01,6.2144e+01,6.3480e+01,6.3127e+01,6.2436e+01,6.1516e+01,5.9471e+01,5.9403e+01,6.0148e+01,5.9465e+01,5.9120e+01,5.7602e+01,5.6061e+01,5.5381e+01,5.3818e+01,5.3847e+01,5.4149e+01,5.5161e+01,5.5285e+01,5.4315e+01,5.4901e+01,5.4912e+01,5.4877e+01,5.5066e+01,5.5752e+01,5.7175e+01,5.7435e+01,5.7480e+01,5.8786e+01,5.9508e+01,5.8869e+01,5.8705e+01,5.8125e+01,5.7613e+01,5.9284e+01,5.9424e+01,5.9833e+01,5.9423e+01,5.9952e+01,5.9265e+01,5.8380e+01,5.8080e+01,5.7540e+01,5.6868e+01,5.5541e+01,5.5262e+01,5.5108e+01,5.5482e+01,5.5503e+01,5.5258e+01,5.5682e+01,5.6046e+01,5.5783e+01
4.4503e+01,4.4605e+01,4.6154e+01,4.7076e+01,4.7620e+01,4.8696e+01,4.9530e+01,5.1292e+01,5.3693e+01,5.4570e+01,5.7257e+01,5.7284e+01,5.5423e+01,5.5690e+01,5.3984e+01,5.1751e+01,5.0562e+01,4.8613e+01,4.7806e+01,4.5327e+01,4.3794e+01,4.1612e+01,4.2405e+01,4.4410e+01,4.4020e+01,4.2429e+01,4.0358e+01,3.8247e+01,3.6201e+01,3.5870e+01,3.4885e+01,3.6079e+01,3.6905e+01,3.8647e+01,4.0436e+01,4.1839e+01,4.2265e+01,4.4318e+01,4.5964e+01,4.8221e+01,4.9712e+01,5.0448e+01,4.8727e+01,4.9678e+01,4.8702e+01,4.6221e+01,4.4595e+01,4.2286e+01,4.1354e+01,3.9073e+01,3.8554e+01,3.6362e+01,3.5731e+01,3.6068e+01,3.6196e+01,3.7100e+01,3.8493e+01,3.8971e+01,3.7968e+01,3.8705e+01,3.8409e+01,4.0005e+01,4.1960e+01,4.3800e+01,4.3940e+01,4.4089e+01,4.4370e+01,4.3500e+01,4.1390e+01,4.0714e+01,3.9365e+01,3.9714e+01,4.1698e+01,4.3636e+01,4.5666e+01,4.6880e+01,4.8072e+01,4.7444e+01,4.6185e+01,4.4513e+01,4.4147e+01,4.3552e+01,4.4078e+01,4.5914e+01,4.7200e+01,4.7626e+01,4.9799e+01,5.0640e+01,4.9542e+01,5.0695e+01,5.1853e+01,5.3094e+01,5.1807e+01,5.0682e+01,4.8457e+01,4.7849e+01,4.5753e+01,4.4338e+01,4.3590e+01,4.5203e+01,4.7263e+01,4.8646e+01,5.0437e+01,5.2513e+01,5.2863e+01,5.3861e+01,5.3668e+01,5.5518e+01,5.7026e+01,5.8411e+01,5.9318e+01,5.9798e+01,5.8789e+01,5.8298e+01,6.0435e+01,6.1864e+01,6.3747e+01,6.3687e+01,6.3459e+01,6.2896e+01,6.2088e+01,6.3507e+01,6.3240e+01,6.2558e+01,6.1706e+01,5.9665e+01,5.9577e+01,6.0223e+01,5.9524e+01,5.9077e+01,5.7566e+01,5.6059e+01,5.5461e+01,5.3821e+01,5.3886e+01,5.4292e+01,5.5412e+01,5.5597e+01,5.4683e+01,5.5376e+01,5.5430e+01,5.5411e+01,5.5654e+01,5.6438e+01,5.7919e+01,5.8148e+01,5.8215e+01,5.9484e+01,6.0273e+01,5.9696e+01,5.9505e+01,5.8995e+01,5.8453e+01,6.0086e+01,6.0163e+01,6.0503e+01,6.0080e+01,6.0610e+01,5.9959e+01,5.9064e+01,5.8633e+01,5.8047e+01,5.7282e+01,5.6052e+01,5.5742e+01,5.5673e+01,5.5968e+01,5.5946e+01,5.5632e+01,5.5920e+01,5.6182e+01,5.5855e+01
