1.2020e+02,1.2017e+02,1.1996e+02,1.2000e+02,1.1968e+02,1.1964e+02,1.1963e+02,1.1954e+02,1.1912e+02,1.1900e+02,1.1882e+02,1.1879e+02,1.1869e+02,1.1886e+02,1.1895e+02,1.1890e+02,1.1934e+02,1.1943e+02,1.1987e+02,1.2036e+02,1.2061e+02,1.2098e+02,1.2170e+02,1.2264e+02,1.2339e+02,1.2412e+02,1.2461e+02,1.2535e+02,1.2610e+02,1.2720e+02,1.2819e+02,1.2950e+02,1.3087e+02,1.3269e+02,1.3474e+02,1.3635e+02,1.3882e+02,1.4061e+02,1.4314e+02,1.4495e+02,1.4618e+02,1.4671e+02,1.4718e+02,1.4622e+02,1.4492e+02,1.4416e+02,1.4317e+02,1.4362e+02,1.4263e+02,1.4026e+02,1.3885e+02,1.3708e+02,1.3468e+02,1.3210e+02,1.3105e+02,1.2814e+02,1.2603e+02,1.2444e+02,1.2141e+02,1.1942e+02,1.1739e+02,1.1448e+02,1.1385e+02,1.1133e+02,1.0886e+02,1.0711e+02,1.0424e+02,1.0173e+02,9.9342e+01,9.7090e+01,9.5080e+01,9.4236e+01,9.1435e+01,8.9449e+01,8.7081e+01,8.5193e+01,8.5564e+01,8.3886e+01,8.1292e+01,7.9628e+01,7.7241e+01,7.5724e+01,7.4409e+01,7.4638e+01,7.3177e+01,7.1559e+01,6.9880e+01,6.8535e+01,6.7200e+01,6.7138e+01,6.5672e+01,6.4824e+01,6.3327e+01,6.2359e+01,6.1219e+01,6.0737e+01,6.0899e+01,6.1426e+01,6.1352e+01,6.1898e+01,6.2638e+01,6.3239e+01,6.4453e+01,6.5495e+01,6.6788e+01,6.8257e+01,6.9341e+01,7.0845e+01,7.2475e+01,7.3477e+01,7.5135e+01,7.5846e+01,7.6934e+01,7.7417e+01,7.7604e+01,7.8201e+01,7.8927e+01,7.9792e+01,8.0617e+01,8.1410e+01,8.2382e+01,8.3607e+01,8.4661e+01,8.6049e+01,8.6794e+01,8.7697e+01,8.8713e+01,8.9218e+01,8.9899e+01,8.9768e+01,8.9571e+01
1.2018e+02,1.2015e+02,1.1994e+02,1.1998e+02,1.1965e+02,1.1962e+02,1.1961e+02,1.1952e+02,1.1910e+02,1.1898e+02,1.1881e+02,1.1878e+02,1.1867e+02,1.1885e+02,1.1894e+02,1.1889e+02,1.1934e+02,1.1943e+02,1.1988e+02,1.2036e+02,1.2061e+02,1.2099e+02,1.2171e+02,1.2265e+02,1.2340e+02,1.2413e+02,1.2462e+02,1.2536e+02,1.2611e+02,1.2721e+02,1.2820e+02,1.2951e+02,1.3087e+02,1.3269e+02,1.3475e+02,1.3636e+02,1.3883e+02,1.4062e+02,1.4316e+02,1.4497e+02,1.4620e+02,1.4674e+02,1.4720e+02,1.4624e+02,1.4494e+02,1.4418e+02,1.4319e+02,1.4364e+02,1.4265e+02,1.4028e+02,1.3887e+02,1.3709e+02,1.3469e+02,1.3212e+02,1.3106e+02,1.2815e+02,1.2605e+02,1.2445e+02,1.2142e+02,1.1943e+02,1.1740e+02,1.1449e+02,1.1387e+02,1.1134e+02,1.0886e+02,1.0712e+02,1.0425e+02,1.0173e+02,9.9344e+01,9.7089e+01,9.5079e+01,9.4237e+01,9.1431e+01,8.9444e+01,8.7072e+01,8.5182e+01,8.5556e+01,8.3875e+01,8.1276e+01,7.9608e+01,7.7215e+01,7.5692e+01,7.4373e+01,7.4605e+01,7.3138e+01,7.1513e+01,6.9825e+01,6.8474e+01,6.7132e+01,6.7070e+01,6.5594e+01,6.4742e+01,6.3234e+01,6.2260e+01,6.1107e+01,6.0618e+01,6.0783e+01,6.1312e+01,6.1231e+01,6.1777e+01,6.2521e+01,6.3125e+01,6.4349e+01,6.5393e+01,6.6693e+01,6.8165e+01,6.9250e+01,7.0758e+01,7.2391e+01,7.3395e+01,7.5052e+01,7.5760e+01,7.6844e+01,7.7325e+01,7.7511e+01,7.8104e+01,7.8827e+01,7.9691e+01,8.0514e+01,8.1309e+01,8.2280e+01,8.3507e+01,8.4565e+01,8.5954e+01,8.6701e+01,8.7604e+01,8.8621e+01,8.9128e+01,8.9809e+01,8.9678e+01,8.9481e+01
1.2018e+02,1.2015e+02,1.1993e+02,1.1997e+02,1.1964e+02,1.1960e+02,1.1959e+02,1.1951e+02,1.1908e+02,1.1897e+02,1.1880e+02,1.1877e+02,1.1867e+02,1.1885e+02,1.1893e+02,1.1889e+02,1.1934e+02,1.1943e+02,1.1988e+02,1.2037e+02,1.2062e+02,1.2099e+02,1.2171e+02,1.2266e+02,1.2341e+02,1.2413e+02,1.2463e+02,1.2536e+02,1.2611e+02,1.2721e+02,1.2820e+02,1.2951e+02,1.3087e+02,1.3269e+02,1.3475e+02,1.3636e+02,1.3883e+02,1.4062e+02,1.4316e+02,1.4497e+02,1.4620e+02,1.4673e+02,1.4720e+02,1.4624e+02,1.4494e+02,1.4418e+02,1.4319e+02,1.4364e+02,1.4265e+02,1.4028e+02,1.3887e+02,1.3710e+02,1.3470e+02,1.3212e+02,1.3107e+02,1.2816e+02,1.2605e+02,1.2446e+02,1.2144e+02,1.1944e+02,1.1742e+02,1.1451e+02,1.1388e+02,1.1136e+02,1.0889e+02,1.0714e+02,1.0427e+02,1.0175e+02,9.9369e+01,9.7113e+01,9.5106e+01,9.4267e+01,9.1460e+01,8.9476e+01,8.7103e+01,8.5214e+01,8.5591e+01,8.3912e+01,8.1311e+01,7.9644e+01,7.7248e+01,7.5725e+01,7.4405e+01,7.4637e+01,7.3169e+01,7.1539e+01,6.9847e+01,6.8492e+01,6.7145e+01,6.7081e+01,6.5600e+01,6.4743e+01,6.3229e+01,6.2249e+01,6.1090e+01,6.0593e+01,6.0753e+01,6.1279e+01,6.1189e+01,6.1733e+01,6.2475e+01,6.3077e+01,6.4306e+01,6.5347e+01,6.6647e+01,6.8117e+01,6.9198e+01,7.0706e+01,7.2335e+01,7.3335e+01,7.4991e+01,7.5695e+01,7.6774e+01,7.7256e+01,7.7442e+01,7.8032e+01,7.8753e+01,7.9616e+01,8.0437e+01,8.1229e+01,8.2198e+01,8.3425e+01,8.4484e+01,8.5874e+01,8.6622e+01,8.7524e+01,8.8541e+01,8.9046e+01,8.9724e+01,8.9595e+01,8.9400e+01
1.1966e+02,1.1963e+02,1.1942e+02,1.1945e+02,1.1912e+02,1.1908e+02,1.1907e+02,1.1898e+02,1.1856e+02,1.1845e+02,1.1828e+02,1.1825e+02,1.1815e+02,1.1833e+02,1.1842e+02,1.1838e+02,1.1882e+02,1.1892e+02,1.1937e+02,1.1986e+02,1.2011e+02,1.2049e+02,1.2121e+02,1.2215e+02,1.2291e+02,1.2363e+02,1.2413e+02,1.2486e+02,1.2561e+02,1.2672e+02,1.2771e+02,1.2902e+02,1.3039e+02,1.3222e+02,1.3428e+02,1.3589e+02,1.3837e+02,1.4016e+02,1.4271e+02,1.4452e+02,1.4576e+02,1.4629e+02,1.4676e+02,1.4579e+02,1.4449e+02,1.4372e+02,1.4274e+02,1.4318e+02,1.4219e+02,1.3982e+02,1.3841e+02,1.3663e+02,1.3423e+02,1.3165e+02,1.3059e+02,1.2767e+02,1.2557e+02,1.2397e+02,1.2094e+02,1.1894e+02,1.1691e+02,1.1400e+02,1.1337e+02,1.1084e+02,1.0836e+02,1.0662e+02,1.0373e+02,1.0120e+02,9.8811e+01,9.6548e+01,9.4529e+01,9.3680e+01,9.0861e+01,8.8867e+01,8.6484e+01,8.4581e+01,8.4954e+01,8.3266e+01,8.0648e+01,7.8973e+01,7.6559e+01,7.5028e+01,7.3694e+01,7.3921e+01,7.2439e+01,7.0794e+01,6.9090e+01,6.7720e+01,6.6359e+01,6.6290e+01,6.4798e+01,6.3930e+01,6.2404e+01,6.1416e+01,6.0248e+01,5.9739e+01,5.9896e+01,6.0422e+01,6.0326e+01,6.0872e+01,6.1620e+01,6.2225e+01,6.3468e+01,6.4519e+01,6.5832e+01,6.7316e+01,6.8409e+01,6.9931e+01,7.1579e+01,7.2593e+01,7.4264e+01,7.4979e+01,7.6072e+01,7.6560e+01,7.6753e+01,7.7351e+01,7.8084e+01,7.8961e+01,7.9790e+01,8.0593e+01,8.1571e+01,8.2808e+01,8.3878e+01,8.5282e+01,8.6036e+01,8.6948e+01,8.7974e+01,8.8483e+01,8.9165e+01,8.9034e+01,8.8837e+01
1.1942e+02,1.1939e+02,1.1918e+02,1.1921e+02,1.1888e+02,1.1883e+02,1.1883e+02,1.1874e+02,1.1832e+02,1.1820e+02,1.1803e+02,1.1801e+02,1.1790e+02,1.1809e+02,1.1817e+02,1.1813e+02,1.1858e+02,1.1867e+02,1.1913e+02,1.1962e+02,1.1987e+02,1.2025e+02,1.2097e+02,1.2192e+02,1.2267e+02,1.2340e+02,1.2389e+02,1.2463e+02,1.2538e+02,1.2649e+02,1.2748e+02,1.2879e+02,1.3016e+02,1.3199e+02,1.3406e+02,1.3567e+02,1.3815e+02,1.3994e+02,1.4249e+02,1.4430e+02,1.4554e+02,1.4607e+02,1.4654e+02,1.4557e+02,1.4427e+02,1.4350e+02,1.4251e+02,1.4296e+02,1.4197e+02,1.3959e+02,1.3818e+02,1.3640e+02,1.3399e+02,1.3141e+02,1.3036e+02,1.2744e+02,1.2533e+02,1.2373e+02,1.2069e+02,1.1869e+02,1.1666e+02,1.1374e+02,1.1312e+02,1.1058e+02,1.0810e+02,1.0636e+02,1.0347e+02,1.0093e+02,9.8541e+01,9.6275e+01,9.4251e+01,9.3398e+01,9.0574e+01,8.8576e+01,8.6189e+01,8.4280e+01,8.4652e+01,8.2960e+01,8.0335e+01,7.8657e+01,7.6236e+01,7.4704e+01,7.3363e+01,7.3589e+01,7.2102e+01,7.0451e+01,6.8743e+01,6.7367e+01,6.6001e+01,6.5932e+01,6.4436e+01,6.3563e+01,6.2031e+01,6.1041e+01,5.9869e+01,5.9352e+01,5.9507e+01,6.0030e+01,5.9928e+01,6.0473e+01,6.1223e+01,6.1830e+01,6.3079e+01,6.4137e+01,6.5457e+01,6.6948e+01,6.8044e+01,6.9571e+01,7.1228e+01,7.2249e+01,7.3927e+01,7.4650e+01,7.5749e+01,7.6243e+01,7.6442e+01,7.7047e+01,7.7789e+01,7.8676e+01,7.9511e+01,8.0321e+01,8.1305e+01,8.2547e+01,8.3624e+01,8.5035e+01,8.5793e+01,8.6710e+01,8.7740e+01,8.8252e+01,8.8938e+01,8.8806e+01,8.8608e+01
1.1917e+02,1.1915e+02,1.1893e+02,1.1896e+02,1.1863e+02,1.1859e+02,1.1858e+02,1.1849e+02,1.1806e+02,1.1795e+02,1.1778e+02,1.1776e+02,1.1766e+02,1.1784e+02,1.1793e+02,1.1789e+02,1.1833e+02,1.1843e+02,1.1889e+02,1.1938e+02,1.1964e+02,1.2001e+02,1.2074e+02,1.2168e+02,1.2243e+02,1.2317e+02,1.2366e+02,1.2440e+02,1.2515e+02,1.2626e+02,1.2726e+02,1.2857e+02,1.2994e+02,1.3177e+02,1.3384e+02,1.3545e+02,1.3794e+02,1.3974e+02,1.4229e+02,1.4410e+02,1.4534e+02,1.4587e+02,1.4634e+02,1.4537e+02,1.4407e+02,1.4330e+02,1.4231e+02,1.4275e+02,1.4176e+02,1.3938e+02,1.3797e+02,1.3619e+02,1.3377e+02,1.3119e+02,1.3014e+02,1.2721e+02,1.2510e+02,1.2350e+02,1.2046e+02,1.1845e+02,1.1642e+02,1.1350e+02,1.1287e+02,1.1033e+02,1.0784e+02,1.0610e+02,1.0320e+02,1.0066e+02,9.8261e+01,9.5991e+01,9.3961e+01,9.3102e+01,9.0271e+01,8.8267e+01,8.5874e+01,8.3956e+01,8.4327e+01,8.2628e+01,7.9994e+01,7.8311e+01,7.5880e+01,7.4344e+01,7.2995e+01,7.3218e+01,7.1723e+01,7.0064e+01,6.8349e+01,6.6965e+01,6.5590e+01,6.5516e+01,6.4013e+01,6.3137e+01,6.1599e+01,6.0605e+01,5.9427e+01,5.8907e+01,5.9066e+01,5.9593e+01,5.9493e+01,6.0044e+01,6.0800e+01,6.1409e+01,6.2669e+01,6.3736e+01,6.5062e+01,6.6567e+01,6.7673e+01,6.9212e+01,7.0883e+01,7.1915e+01,7.3604e+01,7.4338e+01,7.5450e+01,7.5949e+01,7.6153e+01,7.6762e+01,7.7513e+01,7.8408e+01,7.9248e+01,8.0065e+01,8.1054e+01,8.2302e+01,8.3385e+01,8.4803e+01,8.5566e+01,8.6486e+01,8.7521e+01,8.8035e+01,8.8724e+01,8.8591e+01,8.8393e+01
1.1849e+02,1.1846e+02,1.1824e+02,1.1827e+02,1.1795e+02,1.1790e+02,1.1789e+02,1.1780e+02,1.1738e+02,1.1726e+02,1.1709e+02,1.1706e+02,1.1696e+02,1.1714e+02,1.1723e+02,1.1719e+02,1.1764e+02,1.1773e+02,1.1819e+02,1.1868e+02,1.1894e+02,1.1931e+02,1.2004e+02,1.2098e+02,1.2174e+02,1.2248e+02,1.2297e+02,1.2372e+02,1.2448e+02,1.2559e+02,1.2659e+02,1.2791e+02,1.2929e+02,1.3112e+02,1.3320e+02,1.3481e+02,1.3730e+02,1.3910e+02,1.4165e+02,1.4347e+02,1.4472e+02,1.4525e+02,1.4572e+02,1.4475e+02,1.4344e+02,1.4267e+02,1.4167e+02,1.4211e+02,1.4112e+02,1.3874e+02,1.3732e+02,1.3554e+02,1.3312e+02,1.3054e+02,1.2949e+02,1.2656e+02,1.2445e+02,1.2284e+02,1.1979e+02,1.1778e+02,1.1573e+02,1.1280e+02,1.1217e+02,1.0963e+02,1.0713e+02,1.0538e+02,1.0246e+02,9.9913e+01,9.7500e+01,9.5222e+01,9.3171e+01,9.2295e+01,8.9448e+01,8.7430e+01,8.5025e+01,8.3084e+01,8.3446e+01,8.1735e+01,7.9078e+01,7.7386e+01,7.4931e+01,7.3389e+01,7.2018e+01,7.2231e+01,7.0719e+01,6.9040e+01,6.7313e+01,6.5908e+01,6.4517e+01,6.4435e+01,6.2923e+01,6.2033e+01,6.0488e+01,5.9484e+01,5.8306e+01,5.7778e+01,5.7927e+01,5.8454e+01,5.8350e+01,5.8907e+01,5.9665e+01,6.0272e+01,6.1543e+01,6.2619e+01,6.3955e+01,6.5476e+01,6.6596e+01,6.8148e+01,6.9841e+01,7.0890e+01,7.2599e+01,7.3352e+01,7.4485e+01,7.4994e+01,7.5202e+01,7.5824e+01,7.6589e+01,7.7500e+01,7.8351e+01,7.9182e+01,8.0184e+01,8.1447e+01,8.2544e+01,8.3978e+01,8.4751e+01,8.5685e+01,8.6733e+01,8.7253e+01,8.7949e+01,8.7813e+01,8.7613e+01
1.1749e+02,1.1746e+02,1.1724e+02,1.1727e+02,1.1694e+02,1.1689e+02,1.1688e+02,1.1679e+02,1.1637e+02,1.1625e+02,1.1607e+02,1.1605e+02,1.1594e+02,1.1613e+02,1.1622e+02,1.1617e+02,1.1662e+02,1.1671e+02,1.1717e+02,1.1767e+02,1.1792e+02,1.1830e+02,1.1903e+02,1.1997e+02,1.2073e+02,1.2147e+02,1.2197e+02,1.2273e+02,1.2350e+02,1.2462e+02,1.2562e+02,1.2696e+02,1.2834e+02,1.3017e+02,1.3225e+02,1.3386e+02,1.3636e+02,1.3816e+02,1.4072e+02,1.4254e+02,1.4378e+02,1.4432e+02,1.4479e+02,1.4381e+02,1.4250e+02,1.4172e+02,1.4073e+02,1.4117e+02,1.4017e+02,1.3778e+02,1.3636e+02,1.3458e+02,1.3216e+02,1.2957e+02,1.2853e+02,1.2559e+02,1.2348e+02,1.2187e+02,1.1879e+02,1.1678e+02,1.1472e+02,1.1177e+02,1.1115e+02,1.0860e+02,1.0608e+02,1.0433e+02,1.0139e+02,9.8828e+01,9.6399e+01,9.4113e+01,9.2036e+01,9.1138e+01,8.8271e+01,8.6238e+01,8.3819e+01,8.1850e+01,8.2204e+01,8.0478e+01,7.7793e+01,7.6093e+01,7.3609e+01,7.2062e+01,7.0665e+01,7.0864e+01,6.9336e+01,6.7632e+01,6.5893e+01,6.4464e+01,6.3054e+01,6.2965e+01,6.1445e+01,6.0537e+01,5.8981e+01,5.7971e+01,5.6794e+01,5.6257e+01,5.6396e+01,5.6920e+01,5.6815e+01,5.7379e+01,5.8145e+01,5.8755e+01,6.0038e+01,6.1131e+01,6.2482e+01,6.4028e+01,6.5159e+01,6.6726e+01,6.8449e+01,6.9521e+01,7.1256e+01,7.2032e+01,7.3191e+01,7.3714e+01,7.3930e+01,7.4567e+01,7.5351e+01,7.6283e+01,7.7149e+01,7.7999e+01,7.9022e+01,8.0308e+01,8.1422e+01,8.2878e+01,8.3664e+01,8.4612e+01,8.5677e+01,8.6205e+01,8.6910e+01,8.6772e+01,8.6569e+01
1.1661e+02,1.1658e+02,1.1636e+02,1.1639e+02,1.1606e+02,1.1601e+02,1.1600e+02,1.1592e+02,1.1549e+02,1.1537e+02,1.1519e+02,1.1516e+02,1.1505e+02,1.1524e+02,1.1533e+02,1.1529e+02,1.1574e+02,1.1582e+02,1.1628e+02,1.1678e+02,1.1703e+02,1.1741e+02,1.1814e+02,1.1909e+02,1.1985e+02,1.2060e+02,1.2110e+02,1.2187e+02,1.2264e+02,1.2376e+02,1.2478e+02,1.2612e+02,1.2751e+02,1.2934e+02,1.3143e+02,1.3304e+02,1.3554e+02,1.3733e+02,1.3990e+02,1.4172e+02,1.4297e+02,1.4350e+02,1.4398e+02,1.4300e+02,1.4168e+02,1.4090e+02,1.3990e+02,1.4034e+02,1.3934e+02,1.3695e+02,1.3552e+02,1.3374e+02,1.3131e+02,1.2873e+02,1.2769e+02,1.2474e+02,1.2263e+02,1.2101e+02,1.1792e+02,1.1591e+02,1.1383e+02,1.1088e+02,1.1026e+02,1.0770e+02,1.0517e+02,1.0342e+02,1.0046e+02,9.7880e+01,9.5439e+01,9.3146e+01,9.1046e+01,9.0127e+01,8.7243e+01,8.5196e+01,8.2765e+01,8.0770e+01,8.1115e+01,7.9377e+01,7.6664e+01,7.4959e+01,7.2448e+01,7.0900e+01,6.9479e+01,6.9663e+01,6.8121e+01,6.6393e+01,6.4646e+01,6.3195e+01,6.1769e+01,6.1673e+01,6.0149e+01,5.9226e+01,5.7665e+01,5.6651e+01,5.5482e+01,5.4937e+01,5.5064e+01,5.5581e+01,5.5475e+01,5.6043e+01,5.6813e+01,5.7425e+01,5.8714e+01,5.9824e+01,6.1187e+01,6.2753e+01,6.3897e+01,6.5476e+01,6.7225e+01,6.8315e+01,7.0072e+01,7.0870e+01,7.2053e+01,7.2589e+01,7.2813e+01,7.3465e+01,7.4266e+01,7.5219e+01,7.6101e+01,7.6970e+01,7.8013e+01,7.9317e+01,8.0446e+01,8.1923e+01,8.2722e+01,8.3683e+01,8.4764e+01,8.5298e+01,8.6014e+01,8.5872e+01,8.5666e+01
1.1575e+02,1.1572e+02,1.1550e+02,1.1553e+02,1.1521e+02,1.1515e+02,1.1514e+02,1.1506e+02,1.1463e+02,1.1450e+02,1.1433e+02,1.1430e+02,1.1419e+02,1.1437e+02,1.1447e+02,1.1442e+02,1.1487e+02,1.1496e+02,1.1542e+02,1.1591e+02,1.1617e+02,1.1654e+02,1.1728e+02,1.1823e+02,1.1899e+02,1.1975e+02,1.2025e+02,1.2103e+02,1.2181e+02,1.2294e+02,1.2396e+02,1.2531e+02,1.2670e+02,1.2854e+02,1.3062e+02,1.3223e+02,1.3473e+02,1.3653e+02,1.3910e+02,1.4092e+02,1.4217e+02,1.4271e+02,1.4319e+02,1.4220e+02,1.4088e+02,1.4010e+02,1.3909e+02,1.3953e+02,1.3853e+02,1.3613e+02,1.3470e+02,1.3293e+02,1.3049e+02,1.2791e+02,1.2687e+02,1.2392e+02,1.2181e+02,1.2018e+02,1.1708e+02,1.1506e+02,1.1297e+02,1.1001e+02,1.0940e+02,1.0683e+02,1.0429e+02,1.0254e+02,9.9553e+01,9.6969e+01,9.4514e+01,9.2218e+01,9.0093e+01,8.9150e+01,8.6252e+01,8.4191e+01,8.1751e+01,7.9730e+01,8.0062e+01,7.8311e+01,7.5575e+01,7.3865e+01,7.1330e+01,6.9783e+01,6.8336e+01,6.8503e+01,6.6945e+01,6.5197e+01,6.3444e+01,6.1971e+01,6.0528e+01,6.0420e+01,5.8894e+01,5.7957e+01,5.6396e+01,5.5379e+01,5.4222e+01,5.3678e+01,5.3798e+01,5.4314e+01,5.4220e+01,5.4799e+01,5.5572e+01,5.6181e+01,5.7470e+01,5.8592e+01,5.9959e+01,6.1547e+01,6.2703e+01,6.4296e+01,6.6069e+01,6.7179e+01,6.8962e+01,6.9780e+01,7.0986e+01,7.1535e+01,7.1766e+01,7.2433e+01,7.3250e+01,7.4222e+01,7.5119e+01,7.6008e+01,7.7069e+01,7.8393e+01,7.9535e+01,8.1031e+01,8.1841e+01,8.2814e+01,8.3908e+01,8.4448e+01,8.5172e+01,8.5028e+01,8.4819e+01
1.1477e+02,1.1474e+02,1.1452e+02,1.1455e+02,1.1423e+02,1.1416e+02,1.1416e+02,1.1408e+02,1.1364e+02,1.1351e+02,1.1333e+02,1.1330e+02,1.1318e+02,1.1336e+02,1.1346e+02,1.1342e+02,1.1387e+02,1.1395e+02,1.1441e+02,1.1490e+02,1.1517e+02,1.1554e+02,1.1628e+02,1.1723e+02,1.1799e+02,1.1875e+02,1.1927e+02,1.2005e+02,1.2084e+02,1.2197e+02,1.2300e+02,1.2436e+02,1.2575e+02,1.2759e+02,1.2968e+02,1.3129e+02,1.3380e+02,1.3560e+02,1.3817e+02,1.4000e+02,1.4125e+02,1.4179e+02,1.4227e+02,1.4128e+02,1.3996e+02,1.3917e+02,1.3816e+02,1.3859e+02,1.3760e+02,1.3519e+02,1.3376e+02,1.3198e+02,1.2954e+02,1.2696e+02,1.2592e+02,1.2296e+02,1.2086e+02,1.1923e+02,1.1610e+02,1.1409e+02,1.1198e+02,1.0900e+02,1.0840e+02,1.0582e+02,1.0326e+02,1.0151e+02,9.8509e+01,9.5913e+01,9.3443e+01,9.1141e+01,8.8991e+01,8.8023e+01,8.5107e+01,8.3032e+01,8.0580e+01,7.8529e+01,7.8849e+01,7.7084e+01,7.4319e+01,7.2602e+01,7.0035e+01,6.8486e+01,6.7009e+01,6.7159e+01,6.5582e+01,6.3805e+01,6.2042e+01,6.0541e+01,5.9078e+01,5.8962e+01,5.7430e+01,5.6473e+01,5.4905e+01,5.3881e+01,5.2736e+01,5.2185e+01,5.2288e+01,5.2797e+01,5.2704e+01,5.3289e+01,5.4061e+01,5.4667e+01,5.5962e+01,5.7102e+01,5.8482e+01,6.0094e+01,6.1262e+01,6.2872e+01,6.4678e+01,6.5813e+01,6.7623e+01,6.8468e+01,6.9696e+01,7.0262e+01,7.0505e+01,7.1190e+01,7.2026e+01,7.3021e+01,7.3934e+01,7.4842e+01,7.5924e+01,7.7269e+01,7.8430e+01,7.9946e+01,8.0768e+01,8.1757e+01,8.2869e+01,8.3415e+01,8.4150e+01,8.4002e+01,8.3787e+01
1.1382e+02,1.1379e+02,1.1357e+02,1.1360e+02,1.1328e+02,1.1321e+02,1.1321e+02,1.1313e+02,1.1269e+02,1.1256e+02,1.1237e+02,1.1234e+02,1.1221e+02,1.1239e+02,1.1249e+02,1.1245e+02,1.1290e+02,1.1299e+02,1.1345e+02,1.1394e+02,1.1420e+02,1.1458e+02,1.1532e+02,1.1627e+02,1.1704e+02,1.1781e+02,1.1832e+02,1.1912e+02,1.1991e+02,1.2106e+02,1.2209e+02,1.2346e+02,1.2486e+02,1.2670e+02,1.2879e+02,1.3039e+02,1.3291e+02,1.3471e+02,1.3729e+02,1.3911e+02,1.4037e+02,1.4091e+02,1.4139e+02,1.4040e+02,1.3907e+02,1.3828e+02,1.3726e+02,1.3770e+02,1.3670e+02,1.3429e+02,1.3285e+02,1.3108e+02,1.2863e+02,1.2605e+02,1.2502e+02,1.2205e+02,1.1995e+02,1.1831e+02,1.1516e+02,1.1315e+02,1.1102e+02,1.0804e+02,1.0744e+02,1.0486e+02,1.0228e+02,1.0053e+02,9.7503e+01,9.4894e+01,9.2411e+01,9.0103e+01,8.7926e+01,8.6934e+01,8.3999e+01,8.1909e+01,7.9446e+01,7.7365e+01,7.7673e+01,7.5894e+01,7.3100e+01,7.1376e+01,6.8778e+01,6.7227e+01,6.5720e+01,6.5853e+01,6.4258e+01,6.2454e+01,6.0680e+01,5.9152e+01,5.7669e+01,5.7543e+01,5.6005e+01,5.5030e+01,5.3457e+01,5.2427e+01,5.1290e+01,5.0735e+01,5.0824e+01,5.1329e+01,5.1240e+01,5.1835e+01,5.2611e+01,5.3218e+01,5.4522e+01,5.5681e+01,5.7073e+01,5.8712e+01,5.9887e+01,6.1513e+01,6.3350e+01,6.4504e+01,6.6338e+01,6.7204e+01,6.8451e+01,6.9030e+01,6.9286e+01,6.9991e+01,7.0846e+01,7.1865e+01,7.2795e+01,7.3719e+01,7.4818e+01,7.6183e+01,7.7360e+01,7.8897e+01,7.9731e+01,8.0733e+01,8.1861e+01,8.2411e+01,8.3153e+01,8.3000e+01,8.2779e+01
1.1293e+02,1.1290e+02,1.1267e+02,1.1271e+02,1.1239e+02,1.1233e+02,1.1232e+02,1.1224e+02,1.1180e+02,1.1166e+02,1.1147e+02,1.1143e+02,1.1130e+02,1.1148e+02,1.1158e+02,1.1154e+02,1.1199e+02,1.1207e+02,1.1253e+02,1.1302e+02,1.1328e+02,1.1365e+02,1.1440e+02,1.1535e+02,1.1612e+02,1.1689e+02,1.1741e+02,1.1821e+02,1.1901e+02,1.2016e+02,1.2119e+02,1.2257e+02,1.2398e+02,1.2582e+02,1.2791e+02,1.2952e+02,1.3204e+02,1.3384e+02,1.3642e+02,1.3826e+02,1.3952e+02,1.4006e+02,1.4054e+02,1.3954e+02,1.3821e+02,1.3742e+02,1.3640e+02,1.3684e+02,1.3585e+02,1.3343e+02,1.3199e+02,1.3022e+02,1.2776e+02,1.2518e+02,1.2416e+02,1.2119e+02,1.1909e+02,1.1744e+02,1.1428e+02,1.1227e+02,1.1013e+02,1.0713e+02,1.0654e+02,1.0395e+02,1.0136e+02,9.9617e+01,9.6565e+01,9.3943e+01,9.1448e+01,8.9133e+01,8.6934e+01,8.5921e+01,8.2970e+01,8.0869e+01,7.8394e+01,7.6287e+01,7.6587e+01,7.4797e+01,7.1975e+01,7.0247e+01,6.7619e+01,6.6066e+01,6.4532e+01,6.4649e+01,6.3037e+01,6.1206e+01,5.9424e+01,5.7869e+01,5.6372e+01,5.6240e+01,5.4702e+01,5.3704e+01,5.2124e+01,5.1087e+01,4.9962e+01,4.9399e+01,4.9469e+01,4.9966e+01,4.9874e+01,5.0472e+01,5.1252e+01,5.1853e+01,5.3161e+01,5.4333e+01,5.5728e+01,5.7389e+01,5.8574e+01,6.0207e+01,6.2074e+01,6.3246e+01,6.5103e+01,6.5992e+01,6.7260e+01,6.7855e+01,6.8121e+01,6.8843e+01,6.9714e+01,7.0753e+01,7.1695e+01,7.2636e+01,7.3753e+01,7.5137e+01,7.6328e+01,7.7883e+01,7.8723e+01,7.9737e+01,8.0878e+01,8.1430e+01,8.2180e+01,8.2024e+01,8.1798e+01
1.1203e+02,1.1201e+02,1.1178e+02,1.1181e+02,1.1150e+02,1.1143e+02,1.1143e+02,1.1135e+02,1.1090e+02,1.1076e+02,1.1056e+02,1.1052e+02,1.1038e+02,1.1055e+02,1.1066e+02,1.1062e+02,1.1107e+02,1.1114e+02,1.1160e+02,1.1209e+02,1.1236e+02,1.1272e+02,1.1347e+02,1.1442e+02,1.1519e+02,1.1597e+02,1.1649e+02,1.1730e+02,1.1811e+02,1.1926e+02,1.2030e+02,1.2169e+02,1.2310e+02,1.2494e+02,1.2704e+02,1.2864e+02,1.3117e+02,1.3297e+02,1.3556e+02,1.3739e+02,1.3866e+02,1.3920e+02,1.3969e+02,1.3869e+02,1.3735e+02,1.3655e+02,1.3553e+02,1.3597e+02,1.3497e+02,1.3255e+02,1.3110e+02,1.2934e+02,1.2687e+02,1.2430e+02,1.2328e+02,1.2030e+02,1.1820e+02,1.1655e+02,1.1337e+02,1.1135e+02,1.0920e+02,1.0619e+02,1.0560e+02,1.0301e+02,1.0041e+02,9.8667e+01,9.5593e+01,9.2961e+01,9.0454e+01,8.8138e+01,8.5912e+01,8.4871e+01,8.1904e+01,7.9788e+01,7.7304e+01,7.5164e+01,7.5448e+01,7.3643e+01,7.0792e+01,6.9058e+01,6.6397e+01,6.4846e+01,6.3278e+01,6.3373e+01,6.1741e+01,5.9880e+01,5.8090e+01,5.6503e+01,5.4983e+01,5.4842e+01,5.3297e+01,5.2279e+01,5.0689e+01,4.9640e+01,4.8523e+01,4.7960e+01,4.8018e+01,4.8520e+01,4.8438e+01,4.9058e+01,4.9845e+01,5.0447e+01,5.1757e+01,5.2958e+01,5.4367e+01,5.6060e+01,5.7261e+01,5.8913e+01,6.0822e+01,6.2021e+01,6.3905e+01,6.4824e+01,6.6121e+01,6.6736e+01,6.7020e+01,6.7766e+01,6.8658e+01,6.9724e+01,7.0684e+01,7.1644e+01,7.2781e+01,7.4186e+01,7.5394e+01,7.6969e+01,7.7819e+01,7.8847e+01,8.0001e+01,8.0558e+01,8.1316e+01,8.1156e+01,8.0927e+01
1.1119e+02,1.1117e+02,1.1093e+02,1.1097e+02,1.1066e+02,1.1059e+02,1.1058e+02,1.1050e+02,1.1006e+02,1.0991e+02,1.0972e+02,1.0967e+02,1.0953e+02,1.0969e+02,1.0980e+02,1.0976e+02,1.1021e+02,1.1029e+02,1.1075e+02,1.1124e+02,1.1151e+02,1.1187e+02,1.1262e+02,1.1357e+02,1.1434e+02,1.1513e+02,1.1565e+02,1.1647e+02,1.1728e+02,1.1844e+02,1.1948e+02,1.2088e+02,1.2230e+02,1.2414e+02,1.2623e+02,1.2784e+02,1.3037e+02,1.3217e+02,1.3476e+02,1.3659e+02,1.3786e+02,1.3840e+02,1.3889e+02,1.3788e+02,1.3654e+02,1.3573e+02,1.3472e+02,1.3516e+02,1.3416e+02,1.3174e+02,1.3029e+02,1.2854e+02,1.2607e+02,1.2350e+02,1.2249e+02,1.1951e+02,1.1742e+02,1.1577e+02,1.1257e+02,1.1056e+02,1.0840e+02,1.0539e+02,1.0481e+02,1.0222e+02,9.9602e+01,9.7864e+01,9.4771e+01,9.2128e+01,8.9613e+01,8.7295e+01,8.5046e+01,8.3982e+01,8.1003e+01,7.8879e+01,7.6389e+01,7.4223e+01,7.4493e+01,7.2681e+01,6.9805e+01,6.8073e+01,6.5385e+01,6.3842e+01,6.2241e+01,6.2308e+01,6.0660e+01,5.8771e+01,5.6979e+01,5.5362e+01,5.3826e+01,5.3671e+01,5.2132e+01,5.1091e+01,4.9507e+01,4.8456e+01,4.7370e+01,4.6799e+01,4.6824e+01,4.7306e+01,4.7221e+01,4.7838e+01,4.8620e+01,4.9201e+01,5.0505e+01,5.1710e+01,5.3107e+01,5.4816e+01,5.6024e+01,5.7676e+01,5.9605e+01,6.0824e+01,6.2733e+01,6.3675e+01,6.4993e+01,6.5626e+01,6.5917e+01,6.6681e+01,6.7592e+01,6.8673e+01,6.9644e+01,7.0624e+01,7.1777e+01,7.3200e+01,7.4423e+01,7.6016e+01,7.6875e+01,7.7917e+01,7.9085e+01,7.9646e+01,8.0414e+01,8.0249e+01,8.0016e+01
1.1036e+02,1.1034e+02,1.1011e+02,1.1015e+02,1.0983e+02,1.0976e+02,1.0975e+02,1.0967e+02,1.0923e+02,1.0908e+02,1.0887e+02,1.0882e+02,1.0868e+02,1.0884e+02,1.0894e+02,1.0890e+02,1.0935e+02,1.0943e+02,1.0989e+02,1.1037e+02,1.1064e+02,1.1099e+02,1.1174e+02,1.1268e+02,1.1346e+02,1.1424e+02,1.1476e+02,1.1559e+02,1.1640e+02,1.1756e+02,1.1861e+02,1.2001e+02,1.2142e+02,1.2327e+02,1.2537e+02,1.2698e+02,1.2951e+02,1.3131e+02,1.3390e+02,1.3574e+02,1.3702e+02,1.3756e+02,1.3804e+02,1.3704e+02,1.3569e+02,1.3489e+02,1.3388e+02,1.3432e+02,1.3333e+02,1.3091e+02,1.2946e+02,1.2771e+02,1.2525e+02,1.2267e+02,1.2168e+02,1.1869e+02,1.1661e+02,1.1496e+02,1.1175e+02,1.0975e+02,1.0758e+02,1.0457e+02,1.0400e+02,1.0140e+02,9.8781e+01,9.7049e+01,9.3940e+01,9.1286e+01,8.8765e+01,8.6443e+01,8.4178e+01,8.3096e+01,8.0105e+01,7.7979e+01,7.5485e+01,7.3297e+01,7.3557e+01,7.1743e+01,6.8838e+01,6.7112e+01,6.4392e+01,6.2855e+01,6.1219e+01,6.1259e+01,5.9587e+01,5.7656e+01,5.5855e+01,5.4201e+01,5.2649e+01,5.2482e+01,5.0952e+01,4.9883e+01,4.8306e+01,4.7260e+01,4.6210e+01,4.5622e+01,4.5598e+01,4.6041e+01,4.5946e+01,4.6543e+01,4.7287e+01,4.7845e+01,4.9140e+01,5.0340e+01,5.1750e+01,5.3467e+01,5.4690e+01,5.6364e+01,5.8314e+01,5.9553e+01,6.1500e+01,6.2458e+01,6.3801e+01,6.4442e+01,6.4740e+01,6.5520e+01,6.6451e+01,6.7549e+01,6.8535e+01,6.9532e+01,7.0698e+01,7.2139e+01,7.3382e+01,7.4997e+01,7.5867e+01,7.6920e+01,7.8101e+01,7.8667e+01,7.9444e+01,7.9273e+01,7.9037e+01
1.0936e+02,1.0934e+02,1.0911e+02,1.0915e+02,1.0884e+02,1.0876e+02,1.0875e+02,1.0867e+02,1.0822e+02,1.0807e+02,1.0786e+02,1.0780e+02,1.0765e+02,1.0780e+02,1.0791e+02,1.0786e+02,1.0831e+02,1.0839e+02,1.0884e+02,1.0932e+02,1.0960e+02,1.0994e+02,1.1069e+02,1.1163e+02,1.1241e+02,1.1320e+02,1.1372e+02,1.1456e+02,1.1538e+02,1.1655e+02,1.1760e+02,1.1901e+02,1.2043e+02,1.2227e+02,1.2437e+02,1.2597e+02,1.2851e+02,1.3031e+02,1.3291e+02,1.3475e+02,1.3603e+02,1.3658e+02,1.3707e+02,1.3606e+02,1.3472e+02,1.3390e+02,1.3289e+02,1.3333e+02,1.3234e+02,1.2991e+02,1.2846e+02,1.2671e+02,1.2424e+02,1.2167e+02,1.2068e+02,1.1769e+02,1.1561e+02,1.1395e+02,1.1073e+02,1.0872e+02,1.0654e+02,1.0352e+02,1.0296e+02,1.0036e+02,9.7720e+01,9.5994e+01,9.2859e+01,9.0192e+01,8.7659e+01,8.5336e+01,8.3043e+01,8.1927e+01,7.8919e+01,7.6778e+01,7.4274e+01,7.2049e+01,7.2291e+01,7.0461e+01,6.7519e+01,6.5787e+01,6.3023e+01,6.1485e+01,5.9802e+01,5.9814e+01,5.8113e+01,5.6141e+01,5.4325e+01,5.2634e+01,5.1063e+01,5.0898e+01,4.9371e+01,4.8279e+01,4.6698e+01,4.5658e+01,4.4636e+01,4.4042e+01,4.3990e+01,4.4410e+01,4.4320e+01,4.4920e+01,4.5645e+01,4.6200e+01,4.7490e+01,4.8723e+01,5.0165e+01,5.1909e+01,5.3146e+01,5.4851e+01,5.6847e+01,5.8118e+01,6.0104e+01,6.1091e+01,6.2466e+01,6.3126e+01,6.3445e+01,6.4257e+01,6.5219e+01,6.6347e+01,6.7355e+01,6.8375e+01,6.9559e+01,7.1025e+01,7.2287e+01,7.3927e+01,7.4809e+01,7.5874e+01,7.7071e+01,7.7642e+01,7.8429e+01,7.8251e+01,7.8010e+01
1.0830e+02,1.0827e+02,1.0804e+02,1.0808e+02,1.0777e+02,1.0769e+02,1.0768e+02,1.0760e+02,1.0715e+02,1.0699e+02,1.0677e+02,1.0671e+02,1.0655e+02,1.0670e+02,1.0681e+02,1.0677e+02,1.0721e+02,1.0729e+02,1.0775e+02,1.0823e+02,1.0851e+02,1.0885e+02,1.0960e+02,1.1054e+02,1.1132e+02,1.1212e+02,1.1264e+02,1.1349e+02,1.1432e+02,1.1549e+02,1.1655e+02,1.1797e+02,1.1940e+02,1.2125e+02,1.2334e+02,1.2494e+02,1.2749e+02,1.2929e+02,1.3189e+02,1.3373e+02,1.3501e+02,1.3555e+02,1.3605e+02,1.3503e+02,1.3368e+02,1.3286e+02,1.3184e+02,1.3227e+02,1.3129e+02,1.2885e+02,1.2740e+02,1.2567e+02,1.2319e+02,1.2063e+02,1.1965e+02,1.1665e+02,1.1459e+02,1.1293e+02,1.0969e+02,1.0769e+02,1.0549e+02,1.0246e+02,1.0192e+02,9.9315e+01,9.6667e+01,9.4955e+01,9.1793e+01,8.9116e+01,8.6575e+01,8.4256e+01,8.1929e+01,8.0771e+01,7.7749e+01,7.5596e+01,7.3090e+01,7.0820e+01,7.1030e+01,6.9185e+01,6.6202e+01,6.4475e+01,6.1664e+01,6.0144e+01,5.8391e+01,5.8346e+01,5.6601e+01,5.4572e+01,5.2742e+01,5.0990e+01,4.9372e+01,4.9169e+01,4.7636e+01,4.6515e+01,4.4944e+01,4.3886e+01,4.2912e+01,4.2331e+01,4.2229e+01,4.2647e+01,4.2562e+01,4.3191e+01,4.3890e+01,4.4397e+01,4.5670e+01,4.6915e+01,4.8363e+01,5.0139e+01,5.1413e+01,5.3151e+01,5.5202e+01,5.6511e+01,5.8545e+01,5.9571e+01,6.0992e+01,6.1677e+01,6.2012e+01,6.2856e+01,6.3849e+01,6.5009e+01,6.6039e+01,6.7081e+01,6.8286e+01,6.9778e+01,7.1064e+01,7.2732e+01,7.3626e+01,7.4708e+01,7.5923e+01,7.6501e+01,7.7298e+01,7.7115e+01,7.6869e+01
1.0752e+02,1.0749e+02,1.0726e+02,1.0730e+02,1.0698e+02,1.0690e+02,1.0688e+02,1.0681e+02,1.0635e+02,1.0618e+02,1.0596e+02,1.0590e+02,1.0573e+02,1.0588e+02,1.0600e+02,1.0596e+02,1.0640e+02,1.0648e+02,1.0693e+02,1.0741e+02,1.0770e+02,1.0804e+02,1.0880e+02,1.0974e+02,1.1053e+02,1.1133e+02,1.1185e+02,1.1272e+02,1.1357e+02,1.1475e+02,1.1582e+02,1.1725e+02,1.1868e+02,1.2053e+02,1.2262e+02,1.2422e+02,1.2677e+02,1.2857e+02,1.3118e+02,1.3301e+02,1.3430e+02,1.3484e+02,1.3534e+02,1.3431e+02,1.3296e+02,1.3213e+02,1.3110e+02,1.3153e+02,1.3055e+02,1.2810e+02,1.2664e+02,1.2491e+02,1.2242e+02,1.1986e+02,1.1889e+02,1.1588e+02,1.1383e+02,1.1215e+02,1.0889e+02,1.0690e+02,1.0467e+02,1.0163e+02,1.0110e+02,9.8493e+01,9.5825e+01,9.4116e+01,9.0923e+01,8.8240e+01,8.5679e+01,8.3362e+01,8.0992e+01,7.9786e+01,7.6745e+01,7.4567e+01,7.2052e+01,6.9725e+01,6.9899e+01,6.8022e+01,6.4993e+01,6.3251e+01,6.0386e+01,5.8867e+01,5.7032e+01,5.6932e+01,5.5118e+01,5.3022e+01,5.1147e+01,4.9317e+01,4.7613e+01,4.7350e+01,4.5768e+01,4.4635e+01,4.3060e+01,4.1956e+01,4.1000e+01,4.0461e+01,4.0343e+01,4.0823e+01,4.0783e+01,4.1499e+01,4.2209e+01,4.2679e+01,4.3976e+01,4.5268e+01,4.6725e+01,4.8573e+01,4.9927e+01,5.1725e+01,5.3845e+01,5.5209e+01,5.7310e+01,5.8377e+01,5.9845e+01,6.0553e+01,6.0903e+01,6.1781e+01,6.2805e+01,6.3996e+01,6.5043e+01,6.6114e+01,6.7342e+01,6.8862e+01,7.0171e+01,7.1864e+01,7.2768e+01,7.3863e+01,7.5091e+01,7.5677e+01,7.6486e+01,7.6297e+01,7.6046e+01
1.0727e+02,1.0724e+02,1.0700e+02,1.0703e+02,1.0672e+02,1.0662e+02,1.0660e+02,1.0652e+02,1.0607e+02,1.0590e+02,1.0567e+02,1.0561e+02,1.0544e+02,1.0559e+02,1.0572e+02,1.0568e+02,1.0612e+02,1.0621e+02,1.0666e+02,1.0714e+02,1.0744e+02,1.0778e+02,1.0855e+02,1.0949e+02,1.1029e+02,1.1109e+02,1.1161e+02,1.1249e+02,1.1335e+02,1.1454e+02,1.1561e+02,1.1705e+02,1.1850e+02,1.2034e+02,1.2244e+02,1.2403e+02,1.2658e+02,1.2838e+02,1.3099e+02,1.3283e+02,1.3411e+02,1.3465e+02,1.3514e+02,1.3412e+02,1.3276e+02,1.3193e+02,1.3090e+02,1.3132e+02,1.3034e+02,1.2788e+02,1.2643e+02,1.2469e+02,1.2220e+02,1.1965e+02,1.1869e+02,1.1567e+02,1.1363e+02,1.1194e+02,1.0866e+02,1.0667e+02,1.0442e+02,1.0138e+02,1.0084e+02,9.8240e+01,9.5555e+01,9.3850e+01,9.0631e+01,8.7945e+01,8.5366e+01,8.3052e+01,8.0643e+01,7.9394e+01,7.6336e+01,7.4134e+01,7.1610e+01,6.9230e+01,6.9367e+01,6.7457e+01,6.4386e+01,6.2630e+01,5.9719e+01,5.8199e+01,5.6284e+01,5.6129e+01,5.4242e+01,5.2078e+01,5.0156e+01,4.8231e+01,4.6418e+01,4.6056e+01,4.4400e+01,4.3254e+01,4.1670e+01,4.0482e+01,3.9526e+01,3.9056e+01,3.8929e+01,3.9524e+01,3.9532e+01,4.0369e+01,4.1089e+01,4.1494e+01,4.2813e+01,4.4133e+01,4.5590e+01,4.7497e+01,4.8952e+01,5.0800e+01,5.2984e+01,5.4385e+01,5.6543e+01,5.7634e+01,5.9144e+01,5.9860e+01,6.0219e+01,6.1113e+01,6.2160e+01,6.3371e+01,6.4432e+01,6.5518e+01,6.6758e+01,6.8295e+01,6.9620e+01,7.1331e+01,7.2243e+01,7.3345e+01,7.4583e+01,7.5170e+01,7.5986e+01,7.5792e+01,7.5538e+01
1.0678e+02,1.0676e+02,1.0652e+02,1.0655e+02,1.0624e+02,1.0614e+02,1.0612e+02,1.0604e+02,1.0558e+02,1.0541e+02,1.0518e+02,1.0511e+02,1.0494e+02,1.0509e+02,1.0522e+02,1.0517e+02,1.0562e+02,1.0570e+02,1.0614e+02,1.0662e+02,1.0693e+02,1.0727e+02,1.0805e+02,1.0899e+02,1.0979e+02,1.1061e+02,1.1113e+02,1.1203e+02,1.1290e+02,1.1410e+02,1.1517e+02,1.1662e+02,1.1808e+02,1.1993e+02,1.2202e+02,1.2361e+02,1.2617e+02,1.2796e+02,1.3058e+02,1.3242e+02,1.3370e+02,1.3423e+02,1.3473e+02,1.3370e+02,1.3235e+02,1.3151e+02,1.3046e+02,1.3088e+02,1.2989e+02,1.2742e+02,1.2595e+02,1.2422e+02,1.2171e+02,1.1917e+02,1.1820e+02,1.1517e+02,1.1313e+02,1.1142e+02,1.0813e+02,1.0613e+02,1.0385e+02,1.0079e+02,1.0025e+02,9.7648e+01,9.4942e+01,9.3231e+01,8.9987e+01,8.7299e+01,8.4698e+01,8.2382e+01,7.9936e+01,7.8649e+01,7.5574e+01,7.3342e+01,7.0806e+01,6.8381e+01,6.8489e+01,6.6543e+01,6.3440e+01,6.1661e+01,5.8714e+01,5.7185e+01,5.5208e+01,5.5017e+01,5.3069e+01,5.0855e+01,4.8879e+01,4.6882e+01,4.4971e+01,4.4544e+01,4.2811e+01,4.1676e+01,4.0073e+01,3.8836e+01,3.7866e+01,3.7470e+01,3.7374e+01,3.8078e+01,3.8165e+01,3.9118e+01,3.9882e+01,4.0293e+01,4.1676e+01,4.3079e+01,4.4569e+01,4.6577e+01,4.8129e+01,5.0034e+01,5.2301e+01,5.3765e+01,5.5985e+01,5.7124e+01,5.8682e+01,5.9427e+01,5.9808e+01,6.0738e+01,6.1813e+01,6.3051e+01,6.4128e+01,6.5237e+01,6.6491e+01,6.8051e+01,6.9393e+01,7.1128e+01,7.2054e+01,7.3168e+01,7.4420e+01,7.5011e+01,7.5833e+01,7.5633e+01,7.5371e+01
1.0675e+02,1.0672e+02,1.0649e+02,1.0651e+02,1.0620e+02,1.0609e+02,1.0606e+02,1.0598e+02,1.0552e+02,1.0535e+02,1.0511e+02,1.0505e+02,1.0487e+02,1.0502e+02,1.0517e+02,1.0512e+02,1.0556e+02,1.0564e+02,1.0609e+02,1.0656e+02,1.0688e+02,1.0723e+02,1.0802e+02,1.0896e+02,1.0977e+02,1.1060e+02,1.1112e+02,1.1203e+02,1.1291e+02,1.1411e+02,1.1518e+02,1.1664e+02,1.1811e+02,1.1995e+02,1.2204e+02,1.2362e+02,1.2618e+02,1.2798e+02,1.3060e+02,1.3243e+02,1.3371e+02,1.3424e+02,1.3473e+02,1.3370e+02,1.3235e+02,1.3151e+02,1.3045e+02,1.3086e+02,1.2987e+02,1.2740e+02,1.2593e+02,1.2420e+02,1.2168e+02,1.1915e+02,1.1818e+02,1.1515e+02,1.1313e+02,1.1141e+02,1.0810e+02,1.0611e+02,1.0380e+02,1.0075e+02,1.0021e+02,9.7611e+01,9.4891e+01,9.3185e+01,8.9921e+01,8.7242e+01,8.4627e+01,8.2324e+01,7.9842e+01,7.8509e+01,7.5428e+01,7.3173e+01,7.0640e+01,6.8165e+01,6.8228e+01,6.6247e+01,6.3118e+01,6.1325e+01,5.8353e+01,5.6831e+01,5.4785e+01,5.4538e+01,5.2527e+01,5.0275e+01,4.8270e+01,4.6196e+01,4.4182e+01,4.3642e+01,4.1839e+01,4.0715e+01,3.9118e+01,3.7785e+01,3.6819e+01,3.6548e+01,3.6463e+01,3.7309e+01,3.7471e+01,3.8553e+01,3.9334e+01,3.9682e+01,4.1075e+01,4.2502e+01,4.3961e+01,4.6015e+01,4.7666e+01,4.9608e+01,5.1922e+01,5.3408e+01,5.5667e+01,5.6822e+01,5.8411e+01,5.9160e+01,5.9545e+01,6.0488e+01,6.1576e+01,6.2827e+01,6.3914e+01,6.5032e+01,6.6290e+01,6.7859e+01,6.9210e+01,7.0954e+01,7.1885e+01,7.3004e+01,7.4262e+01,7.4856e+01,7.5682e+01,7.5480e+01,7.5217e+01
1.0700e+02,1.0698e+02,1.0675e+02,1.0677e+02,1.0645e+02,1.0634e+02,1.0631e+02,1.0623e+02,1.0576e+02,1.0559e+02,1.0535e+02,1.0529e+02,1.0511e+02,1.0526e+02,1.0541e+02,1.0536e+02,1.0580e+02,1.0589e+02,1.0632e+02,1.0680e+02,1.0714e+02,1.0749e+02,1.0829e+02,1.0922e+02,1.1005e+02,1.1089e+02,1.1141e+02,1.1234e+02,1.1324e+02,1.1444e+02,1.1551e+02,1.1698e+02,1.1845e+02,1.2029e+02,1.2237e+02,1.2396e+02,1.2652e+02,1.2832e+02,1.3094e+02,1.3277e+02,1.3405e+02,1.3457e+02,1.3507e+02,1.3404e+02,1.3269e+02,1.3184e+02,1.3077e+02,1.3117e+02,1.3017e+02,1.2768e+02,1.2620e+02,1.2447e+02,1.2193e+02,1.1941e+02,1.1843e+02,1.1540e+02,1.1337e+02,1.1162e+02,1.0831e+02,1.0631e+02,1.0397e+02,1.0091e+02,1.0036e+02,9.7764e+01,9.5023e+01,9.3307e+01,9.0025e+01,8.7356e+01,8.4717e+01,8.2417e+01,7.9901e+01,7.8535e+01,7.5444e+01,7.3154e+01,7.0612e+01,6.8096e+01,6.8125e+01,6.6100e+01,6.2951e+01,6.1123e+01,5.8131e+01,5.6590e+01,5.4494e+01,5.4224e+01,5.2153e+01,4.9880e+01,4.7830e+01,4.5696e+01,4.3576e+01,4.2937e+01,4.1019e+01,3.9925e+01,3.8297e+01,3.6868e+01,3.5838e+01,3.5711e+01,3.5745e+01,3.6793e+01,3.7081e+01,3.8327e+01,3.9202e+01,3.9584e+01,4.1033e+01,4.2540e+01,4.3986e+01,4.6126e+01,4.7864e+01,4.9844e+01,5.2209e+01,5.3728e+01,5.6015e+01,5.7196e+01,5.8806e+01,5.9569e+01,5.9970e+01,6.0931e+01,6.2035e+01,6.3296e+01,6.4390e+01,6.5517e+01,6.6779e+01,6.8355e+01,6.9709e+01,7.1459e+01,7.2393e+01,7.3514e+01,7.4774e+01,7.5368e+01,7.6199e+01,7.5991e+01,7.5725e+01
1.0735e+02,1.0733e+02,1.0710e+02,1.0712e+02,1.0680e+02,1.0668e+02,1.0664e+02,1.0655e+02,1.0609e+02,1.0591e+02,1.0566e+02,1.0560e+02,1.0542e+02,1.0556e+02,1.0573e+02,1.0568e+02,1.0612e+02,1.0621e+02,1.0665e+02,1.0712e+02,1.0747e+02,1.0781e+02,1.0862e+02,1.0955e+02,1.1039e+02,1.1124e+02,1.1176e+02,1.1271e+02,1.1362e+02,1.1481e+02,1.1588e+02,1.1736e+02,1.1884e+02,1.2067e+02,1.2275e+02,1.2432e+02,1.2688e+02,1.2868e+02,1.3130e+02,1.3313e+02,1.3441e+02,1.3493e+02,1.3543e+02,1.3440e+02,1.3306e+02,1.3220e+02,1.3113e+02,1.3152e+02,1.3052e+02,1.2802e+02,1.2654e+02,1.2481e+02,1.2226e+02,1.1976e+02,1.1878e+02,1.1575e+02,1.1374e+02,1.1198e+02,1.0866e+02,1.0666e+02,1.0430e+02,1.0124e+02,1.0068e+02,9.8101e+01,9.5344e+01,9.3634e+01,9.0335e+01,8.7684e+01,8.5030e+01,8.2750e+01,8.0197e+01,7.8780e+01,7.5692e+01,7.3374e+01,7.0841e+01,6.8278e+01,6.8254e+01,6.6187e+01,6.3029e+01,6.1179e+01,5.8179e+01,5.6640e+01,5.4485e+01,5.4167e+01,5.2039e+01,4.9759e+01,4.7701e+01,4.5518e+01,4.3318e+01,4.2551e+01,4.0566e+01,3.9487e+01,3.7882e+01,3.6331e+01,3.5300e+01,3.5358e+01,3.5462e+01,3.6707e+01,3.7116e+01,3.8534e+01,3.9455e+01,3.9788e+01,4.1233e+01,4.2748e+01,4.4101e+01,4.6275e+01,4.8095e+01,5.0076e+01,5.2467e+01,5.3995e+01,5.6292e+01,5.7484e+01,5.9113e+01,5.9880e+01,6.0285e+01,6.1257e+01,6.2365e+01,6.3629e+01,6.4723e+01,6.5849e+01,6.7107e+01,6.8684e+01,7.0037e+01,7.1787e+01,7.2718e+01,7.3837e+01,7.5096e+01,7.5688e+01,7.6519e+01,7.6310e+01,7.6044e+01
1.0836e+02,1.0834e+02,1.0811e+02,1.0812e+02,1.0780e+02,1.0767e+02,1.0763e+02,1.0754e+02,1.0708e+02,1.0690e+02,1.0665e+02,1.0660e+02,1.0642e+02,1.0657e+02,1.0674e+02,1.0669e+02,1.0714e+02,1.0723e+02,1.0766e+02,1.0813e+02,1.0849e+02,1.0884e+02,1.0966e+02,1.1059e+02,1.1143e+02,1.1229e+02,1.1280e+02,1.1376e+02,1.1468e+02,1.1587e+02,1.1694e+02,1.1842e+02,1.1991e+02,1.2173e+02,1.2381e+02,1.2538e+02,1.2793e+02,1.2973e+02,1.3235e+02,1.3417e+02,1.3545e+02,1.3597e+02,1.3647e+02,1.3544e+02,1.3411e+02,1.3325e+02,1.3217e+02,1.3255e+02,1.3154e+02,1.2904e+02,1.2755e+02,1.2582e+02,1.2326e+02,1.2076e+02,1.1977e+02,1.1674e+02,1.1473e+02,1.1295e+02,1.0964e+02,1.0763e+02,1.0525e+02,1.0219e+02,1.0161e+02,9.9045e+01,9.6278e+01,9.4559e+01,9.1254e+01,8.8619e+01,8.5950e+01,8.3678e+01,8.1107e+01,7.9672e+01,7.6584e+01,7.4241e+01,7.1703e+01,6.9115e+01,6.9064e+01,6.6956e+01,6.3796e+01,6.1909e+01,5.8915e+01,5.7351e+01,5.5170e+01,5.4848e+01,5.2674e+01,5.0424e+01,4.8351e+01,4.6166e+01,4.3918e+01,4.3059e+01,4.1009e+01,3.9995e+01,3.8400e+01,3.6755e+01,3.5658e+01,3.5862e+01,3.6093e+01,3.7519e+01,3.8014e+01,3.9558e+01,4.0559e+01,4.0888e+01,4.2334e+01,4.3840e+01,4.5131e+01,4.7308e+01,4.9190e+01,5.1155e+01,5.3544e+01,5.5047e+01,5.7328e+01,5.8504e+01,6.0116e+01,6.0874e+01,6.1277e+01,6.2243e+01,6.3344e+01,6.4597e+01,6.5677e+01,6.6793e+01,6.8039e+01,6.9608e+01,7.0948e+01,7.2685e+01,7.3612e+01,7.4721e+01,7.5970e+01,7.6558e+01,7.7383e+01,7.7173e+01,7.6910e+01
1.0906e+02,1.0905e+02,1.0882e+02,1.0883e+02,1.0850e+02,1.0837e+02,1.0833e+02,1.0824e+02,1.0778e+02,1.0759e+02,1.0735e+02,1.0729e+02,1.0711e+02,1.0726e+02,1.0744e+02,1.0739e+02,1.0783e+02,1.0792e+02,1.0835e+02,1.0882e+02,1.0920e+02,1.0956e+02,1.1039e+02,1.1132e+02,1.1217e+02,1.1305e+02,1.1355e+02,1.1454e+02,1.1547e+02,1.1666e+02,1.1773e+02,1.1922e+02,1.2072e+02,1.2253e+02,1.2459e+02,1.2615e+02,1.2871e+02,1.3050e+02,1.3311e+02,1.3493e+02,1.3620e+02,1.3671e+02,1.3722e+02,1.3619e+02,1.3487e+02,1.3401e+02,1.3292e+02,1.3328e+02,1.3226e+02,1.2975e+02,1.2825e+02,1.2651e+02,1.2394e+02,1.2145e+02,1.2046e+02,1.1742e+02,1.1542e+02,1.1362e+02,1.1030e+02,1.0829e+02,1.0588e+02,1.0282e+02,1.0223e+02,9.9678e+01,9.6892e+01,9.5171e+01,9.1856e+01,8.9252e+01,8.6565e+01,8.4317e+01,8.1712e+01,8.0233e+01,7.7154e+01,7.4777e+01,7.2251e+01,6.9625e+01,6.9521e+01,6.7364e+01,6.4214e+01,6.2292e+01,5.9312e+01,5.7736e+01,5.5516e+01,5.5170e+01,5.2948e+01,5.0736e+01,4.8662e+01,4.6485e+01,4.4205e+01,4.3261e+01,4.1168e+01,4.0230e+01,3.8673e+01,3.6969e+01,3.5847e+01,3.6227e+01,3.6600e+01,3.8209e+01,3.8856e+01,4.0544e+01,4.1630e+01,4.1985e+01,4.3423e+01,4.4964e+01,4.6189e+01,4.8396e+01,5.0328e+01,5.2299e+01,5.4699e+01,5.6217e+01,5.8497e+01,5.9680e+01,6.1294e+01,6.2055e+01,6.2461e+01,6.3429e+01,6.4529e+01,6.5780e+01,6.6855e+01,6.7968e+01,6.9205e+01,7.0767e+01,7.2098e+01,7.3826e+01,7.4750e+01,7.5853e+01,7.7095e+01,7.7678e+01,7.8498e+01,7.8284e+01,7.8021e+01
1.1053e+02,1.1051e+02,1.1028e+02,1.1029e+02,1.0996e+02,1.0982e+02,1.0977e+02,1.0968e+02,1.0922e+02,1.0904e+02,1.0880e+02,1.0874e+02,1.0856e+02,1.0872e+02,1.0891e+02,1.0887e+02,1.0931e+02,1.0941e+02,1.0984e+02,1.1031e+02,1.1070e+02,1.1106e+02,1.1190e+02,1.1283e+02,1.1369e+02,1.1456e+02,1.1506e+02,1.1605e+02,1.1698e+02,1.1817e+02,1.1923e+02,1.2072e+02,1.2222e+02,1.2402e+02,1.2609e+02,1.2764e+02,1.3019e+02,1.3198e+02,1.3460e+02,1.3641e+02,1.3766e+02,1.3817e+02,1.3867e+02,1.3765e+02,1.3634e+02,1.3547e+02,1.3437e+02,1.3472e+02,1.3371e+02,1.3119e+02,1.2969e+02,1.2796e+02,1.2538e+02,1.2291e+02,1.2191e+02,1.1887e+02,1.1688e+02,1.1507e+02,1.1176e+02,1.0976e+02,1.0734e+02,1.0429e+02,1.0370e+02,1.0116e+02,9.8379e+01,9.6658e+01,9.3352e+01,9.0773e+01,8.8085e+01,8.5855e+01,8.3248e+01,8.1758e+01,7.8694e+01,7.6307e+01,7.3794e+01,7.1159e+01,7.1029e+01,6.8849e+01,6.5717e+01,6.3774e+01,6.0826e+01,5.9240e+01,5.7018e+01,5.6672e+01,5.4432e+01,5.2282e+01,5.0226e+01,4.8091e+01,4.5816e+01,4.4817e+01,4.2720e+01,4.1860e+01,4.0342e+01,3.8587e+01,3.7431e+01,3.7905e+01,3.8353e+01,4.0081e+01,4.0755e+01,4.2510e+01,4.3615e+01,4.3939e+01,4.5342e+01,4.6831e+01,4.7988e+01,5.0145e+01,5.2090e+01,5.4007e+01,5.6370e+01,5.7847e+01,6.0090e+01,6.1247e+01,6.2834e+01,6.3575e+01,6.3967e+01,6.4914e+01,6.5989e+01,6.7216e+01,6.8272e+01,6.9361e+01,7.0578e+01,7.2116e+01,7.3427e+01,7.5126e+01,7.6037e+01,7.7125e+01,7.8352e+01,7.8928e+01,7.9737e+01,7.9527e+01,7.9269e+01
1.1203e+02,1.1201e+02,1.1179e+02,1.1179e+02,1.1145e+02,1.1132e+02,1.1126e+02,1.1117e+02,1.1072e+02,1.1055e+02,1.1030e+02,1.1026e+02,1.1009e+02,1.1026e+02,1.1045e+02,1.1042e+02,1.1086e+02,1.1097e+02,1.1139e+02,1.1187e+02,1.1226e+02,1.1263e+02,1.1348e+02,1.1441e+02,1.1528e+02,1.1615e+02,1.1664e+02,1.1764e+02,1.1857e+02,1.1976e+02,1.2081e+02,1.2231e+02,1.2382e+02,1.2562e+02,1.2769e+02,1.2924e+02,1.3179e+02,1.3357e+02,1.3618e+02,1.3797e+02,1.3921e+02,1.3971e+02,1.4021e+02,1.3918e+02,1.3788e+02,1.3699e+02,1.3588e+02,1.3621e+02,1.3518e+02,1.3267e+02,1.3116e+02,1.2943e+02,1.2685e+02,1.2439e+02,1.2338e+02,1.2034e+02,1.1837e+02,1.1655e+02,1.1326e+02,1.1127e+02,1.0885e+02,1.0582e+02,1.0522e+02,1.0271e+02,9.9935e+01,9.8224e+01,9.4932e+01,9.2381e+01,8.9702e+01,8.7496e+01,8.4891e+01,8.3389e+01,8.0347e+01,7.7959e+01,7.5468e+01,7.2828e+01,7.2668e+01,7.0474e+01,6.7369e+01,6.5421e+01,6.2508e+01,6.0931e+01,5.8703e+01,5.8339e+01,5.6086e+01,5.3992e+01,5.1964e+01,4.9863e+01,4.7585e+01,4.6529e+01,4.4430e+01,4.3643e+01,4.2184e+01,4.0400e+01,3.9247e+01,3.9806e+01,4.0298e+01,4.2109e+01,4.2798e+01,4.4604e+01,4.5699e+01,4.5962e+01,4.7328e+01,4.8766e+01,4.9867e+01,5.1981e+01,5.3911e+01,5.5778e+01,5.8105e+01,5.9550e+01,6.1767e+01,6.2897e+01,6.4464e+01,6.5179e+01,6.5554e+01,6.6481e+01,6.7530e+01,6.8733e+01,6.9774e+01,7.0843e+01,7.2042e+01,7.3555e+01,7.4843e+01,7.6514e+01,7.7412e+01,7.8485e+01,7.9697e+01,8.0266e+01,8.1065e+01,8.0859e+01,8.0605e+01
1.1215e+02,1.1214e+02,1.1191e+02,1.1191e+02,1.1157e+02,1.1143e+02,1.1137e+02,1.1128e+02,1.1084e+02,1.1067e+02,1.1042e+02,1.1038e+02,1.1021e+02,1.1038e+02,1.1059e+02,1.1056e+02,1.1101e+02,1.1112e+02,1.1155e+02,1.1203e+02,1.1243e+02,1.1280e+02,1.1367e+02,1.1460e+02,1.1547e+02,1.1635e+02,1.1684e+02,1.1784e+02,1.1878e+02,1.1997e+02,1.2103e+02,1.2253e+02,1.2405e+02,1.2585e+02,1.2791e+02,1.2946e+02,1.3202e+02,1.3379e+02,1.3640e+02,1.3819e+02,1.3942e+02,1.3991e+02,1.4040e+02,1.3936e+02,1.3806e+02,1.3716e+02,1.3604e+02,1.3636e+02,1.3533e+02,1.3281e+02,1.3129e+02,1.2957e+02,1.2698e+02,1.2452e+02,1.2352e+02,1.2047e+02,1.1850e+02,1.1668e+02,1.1340e+02,1.1141e+02,1.0900e+02,1.0597e+02,1.0537e+02,1.0287e+02,1.0011e+02,9.8408e+01,9.5127e+01,9.2588e+01,8.9920e+01,8.7727e+01,8.5133e+01,8.3629e+01,8.0602e+01,7.8226e+01,7.5751e+01,7.3115e+01,7.2951e+01,7.0767e+01,6.7672e+01,6.5736e+01,6.2841e+01,6.1280e+01,5.9065e+01,5.8696e+01,5.6458e+01,5.4380e+01,5.2371e+01,5.0278e+01,4.8009e+01,4.6937e+01,4.4855e+01,4.4090e+01,4.2677e+01,4.0902e+01,3.9800e+01,4.0429e+01,4.0952e+01,4.2788e+01,4.3519e+01,4.5318e+01,4.6388e+01,4.6634e+01,4.7957e+01,4.9367e+01,5.0444e+01,5.2547e+01,5.4453e+01,5.6301e+01,5.8616e+01,6.0056e+01,6.2260e+01,6.3386e+01,6.4946e+01,6.5659e+01,6.6036e+01,6.6963e+01,6.8011e+01,6.9205e+01,7.0240e+01,7.1305e+01,7.2502e+01,7.4010e+01,7.5291e+01,7.6956e+01,7.7850e+01,7.8920e+01,8.0127e+01,8.0694e+01,8.1490e+01,8.1284e+01,8.1032e+01
1.1345e+02,1.1344e+02,1.1321e+02,1.1320e+02,1.1286e+02,1.1272e+02,1.1266e+02,1.1256e+02,1.1213e+02,1.1196e+02,1.1172e+02,1.1168e+02,1.1152e+02,1.1170e+02,1.1191e+02,1.1188e+02,1.1234e+02,1.1246e+02,1.1289e+02,1.1336e+02,1.1377e+02,1.1413e+02,1.1500e+02,1.1594e+02,1.1681e+02,1.1767e+02,1.1815e+02,1.1916e+02,1.2010e+02,1.2128e+02,1.2232e+02,1.2382e+02,1.2534e+02,1.2713e+02,1.2919e+02,1.3074e+02,1.3329e+02,1.3506e+02,1.3767e+02,1.3945e+02,1.4068e+02,1.4116e+02,1.4164e+02,1.4061e+02,1.3931e+02,1.3842e+02,1.3730e+02,1.3760e+02,1.3658e+02,1.3406e+02,1.3256e+02,1.3084e+02,1.2826e+02,1.2582e+02,1.2481e+02,1.2178e+02,1.1982e+02,1.1800e+02,1.1474e+02,1.1276e+02,1.1034e+02,1.0733e+02,1.0673e+02,1.0425e+02,1.0150e+02,9.9803e+01,9.6540e+01,9.4020e+01,9.1361e+01,8.9179e+01,8.6597e+01,8.5102e+01,8.2095e+01,7.9730e+01,7.7269e+01,7.4649e+01,7.4479e+01,7.2300e+01,6.9233e+01,6.7303e+01,6.4448e+01,6.2894e+01,6.0701e+01,6.0338e+01,5.8110e+01,5.6083e+01,5.4108e+01,5.2056e+01,4.9812e+01,4.8705e+01,4.6662e+01,4.5932e+01,4.4552e+01,4.2765e+01,4.1643e+01,4.2271e+01,4.2790e+01,4.4643e+01,4.5335e+01,4.7135e+01,4.8169e+01,4.8378e+01,4.9681e+01,5.1023e+01,5.2056e+01,5.4100e+01,5.6014e+01,5.7815e+01,6.0093e+01,6.1493e+01,6.3655e+01,6.4756e+01,6.6282e+01,6.6983e+01,6.7352e+01,6.8259e+01,6.9283e+01,7.0454e+01,7.1472e+01,7.2519e+01,7.3698e+01,7.5182e+01,7.6443e+01,7.8085e+01,7.8969e+01,8.0025e+01,8.1217e+01,8.1774e+01,8.2560e+01,8.2358e+01,8.2109e+01
1.1432e+02,1.1431e+02,1.1408e+02,1.1406e+02,1.1372e+02,1.1358e+02,1.1352e+02,1.1342e+02,1.1299e+02,1.1283e+02,1.1258e+02,1.1254e+02,1.1238e+02,1.1256e+02,1.1278e+02,1.1275e+02,1.1320e+02,1.1331e+02,1.1374e+02,1.1421e+02,1.1463e+02,1.1499e+02,1.1586e+02,1.1679e+02,1.1766e+02,1.1854e+02,1.1902e+02,1.2004e+02,1.2098e+02,1.2216e+02,1.2320e+02,1.2470e+02,1.2620e+02,1.2797e+02,1.3003e+02,1.3157e+02,1.3412e+02,1.3590e+02,1.3851e+02,1.4030e+02,1.4153e+02,1.4202e+02,1.4251e+02,1.4149e+02,1.4020e+02,1.3932e+02,1.3820e+02,1.3850e+02,1.3748e+02,1.3496e+02,1.3345e+02,1.3173e+02,1.2913e+02,1.2668e+02,1.2567e+02,1.2263e+02,1.2067e+02,1.1884e+02,1.1558e+02,1.1359e+02,1.1116e+02,1.0814e+02,1.0753e+02,1.0506e+02,1.0229e+02,1.0059e+02,9.7315e+01,9.4816e+01,9.2139e+01,8.9971e+01,8.7375e+01,8.5861e+01,8.2858e+01,8.0469e+01,7.8010e+01,7.5372e+01,7.5176e+01,7.2963e+01,6.9901e+01,6.7937e+01,6.5090e+01,6.3510e+01,6.1302e+01,6.0948e+01,5.8692e+01,5.6691e+01,5.4708e+01,5.2677e+01,5.0435e+01,4.9331e+01,4.7272e+01,4.6580e+01,4.5183e+01,4.3378e+01,4.2206e+01,4.2876e+01,4.3464e+01,4.5382e+01,4.6125e+01,4.7971e+01,4.9029e+01,4.9269e+01,5.0584e+01,5.1936e+01,5.2967e+01,5.5016e+01,5.6967e+01,5.8795e+01,6.1085e+01,6.2483e+01,6.4642e+01,6.5747e+01,6.7274e+01,6.7978e+01,6.8348e+01,6.9252e+01,7.0274e+01,7.1441e+01,7.2454e+01,7.3499e+01,7.4673e+01,7.6150e+01,7.7407e+01,7.9042e+01,7.9922e+01,8.0974e+01,8.2158e+01,8.2713e+01,8.3494e+01,8.3292e+01,8.3045e+01
1.1513e+02,1.1512e+02,1.1489e+02,1.1488e+02,1.1454e+02,1.1440e+02,1.1434e+02,1.1425e+02,1.1382e+02,1.1364e+02,1.1340e+02,1.1336e+02,1.1319e+02,1.1337e+02,1.1360e+02,1.1357e+02,1.1403e+02,1.1414e+02,1.1456e+02,1.1502e+02,1.1545e+02,1.1582e+02,1.1671e+02,1.1764e+02,1.1852e+02,1.1940e+02,1.1988e+02,1.2091e+02,1.2187e+02,1.2304e+02,1.2408e+02,1.2558e+02,1.2709e+02,1.2885e+02,1.3090e+02,1.3243e+02,1.3497e+02,1.3675e+02,1.3935e+02,1.4113e+02,1.4234e+02,1.4283e+02,1.4332e+02,1.4231e+02,1.4103e+02,1.4014e+02,1.3901e+02,1.3931e+02,1.3827e+02,1.3575e+02,1.3423e+02,1.3251e+02,1.2990e+02,1.2747e+02,1.2645e+02,1.2340e+02,1.2146e+02,1.1961e+02,1.1635e+02,1.1437e+02,1.1192e+02,1.0892e+02,1.0829e+02,1.0584e+02,1.0307e+02,1.0136e+02,9.8102e+01,9.5636e+01,9.2955e+01,9.0811e+01,8.8209e+01,8.6681e+01,8.3698e+01,8.1301e+01,7.8859e+01,7.6215e+01,7.5994e+01,7.3765e+01,7.0729e+01,6.8755e+01,6.5945e+01,6.4368e+01,6.2168e+01,6.1813e+01,5.9555e+01,5.7609e+01,5.5655e+01,5.3673e+01,5.1473e+01,5.0368e+01,4.8363e+01,4.7745e+01,4.6405e+01,4.4645e+01,4.3494e+01,4.4210e+01,4.4852e+01,4.6799e+01,4.7586e+01,4.9444e+01,5.0509e+01,5.0756e+01,5.2037e+01,5.3356e+01,5.4353e+01,5.6383e+01,5.8364e+01,6.0167e+01,6.2449e+01,6.3835e+01,6.5973e+01,6.7082e+01,6.8601e+01,6.9309e+01,6.9681e+01,7.0587e+01,7.1603e+01,7.2763e+01,7.3761e+01,7.4798e+01,7.5962e+01,7.7432e+01,7.8681e+01,8.0309e+01,8.1185e+01,8.2231e+01,8.3408e+01,8.3958e+01,8.4733e+01,8.4531e+01,8.4286e+01
1.1633e+02,1.1633e+02,1.1610e+02,1.1607e+02,1.1573e+02,1.1559e+02,1.1554e+02,1.1544e+02,1.1502e+02,1.1485e+02,1.1461e+02,1.1458e+02,1.1440e+02,1.1459e+02,1.1483e+02,1.1480e+02,1.1526e+02,1.1536e+02,1.1578e+02,1.1624e+02,1.1667e+02,1.1703e+02,1.1793e+02,1.1885e+02,1.1973e+02,1.2060e+02,1.2109e+02,1.2212e+02,1.2308e+02,1.2424e+02,1.2526e+02,1.2676e+02,1.2827e+02,1.3002e+02,1.3207e+02,1.3360e+02,1.3613e+02,1.3792e+02,1.4051e+02,1.4229e+02,1.4350e+02,1.4399e+02,1.4448e+02,1.4348e+02,1.4220e+02,1.4132e+02,1.4019e+02,1.4048e+02,1.3945e+02,1.3692e+02,1.3541e+02,1.3369e+02,1.3108e+02,1.2866e+02,1.2763e+02,1.2458e+02,1.2264e+02,1.2079e+02,1.1755e+02,1.1557e+02,1.1312e+02,1.1012e+02,1.0949e+02,1.0705e+02,1.0429e+02,1.0258e+02,9.9339e+01,9.6896e+01,9.4221e+01,9.2094e+01,8.9507e+01,8.7985e+01,8.5021e+01,8.2630e+01,8.0202e+01,7.7572e+01,7.7347e+01,7.5120e+01,7.2107e+01,7.0130e+01,6.7349e+01,6.5767e+01,6.3591e+01,6.3254e+01,6.1005e+01,5.9097e+01,5.7155e+01,5.5220e+01,5.3066e+01,5.2004e+01,5.0023e+01,4.9435e+01,4.8096e+01,4.6367e+01,4.5198e+01,4.5911e+01,4.6584e+01,4.8512e+01,4.9296e+01,5.1125e+01,5.2186e+01,5.2443e+01,5.3701e+01,5.4995e+01,5.5985e+01,5.7986e+01,5.9966e+01,6.1761e+01,6.4015e+01,6.5374e+01,6.7487e+01,6.8579e+01,7.0074e+01,7.0770e+01,7.1130e+01,7.2019e+01,7.3016e+01,7.4152e+01,7.5134e+01,7.6154e+01,7.7298e+01,7.8746e+01,7.9975e+01,8.1582e+01,8.2446e+01,8.3479e+01,8.4641e+01,8.5183e+01,8.5947e+01,8.5751e+01,8.5511e+01
1.1685e+02,1.1685e+02,1.1662e+02,1.1659e+02,1.1625e+02,1.1611e+02,1.1607e+02,1.1597e+02,1.1554e+02,1.1537e+02,1.1513e+02,1.1510e+02,1.1492e+02,1.1511e+02,1.1535e+02,1.1532e+02,1.1577e+02,1.1588e+02,1.1629e+02,1.1674e+02,1.1719e+02,1.1756e+02,1.1846e+02,1.1939e+02,1.2027e+02,1.2116e+02,1.2164e+02,1.2268e+02,1.2365e+02,1.2481e+02,1.2584e+02,1.2734e+02,1.2885e+02,1.3059e+02,1.3263e+02,1.3415e+02,1.3669e+02,1.3847e+02,1.4106e+02,1.4284e+02,1.4404e+02,1.4452e+02,1.4502e+02,1.4401e+02,1.4274e+02,1.4186e+02,1.4072e+02,1.4100e+02,1.3997e+02,1.3744e+02,1.3592e+02,1.3421e+02,1.3158e+02,1.2917e+02,1.2813e+02,1.2508e+02,1.2315e+02,1.2127e+02,1.1804e+02,1.1606e+02,1.1358e+02,1.1059e+02,1.0994e+02,1.0752e+02,1.0474e+02,1.0303e+02,9.9779e+01,9.7364e+01,9.4674e+01,9.2569e+01,8.9957e+01,8.8405e+01,8.5453e+01,8.3041e+01,8.0629e+01,7.7973e+01,7.7703e+01,7.5443e+01,7.2445e+01,7.0449e+01,6.7689e+01,6.6110e+01,6.3905e+01,6.3542e+01,6.1263e+01,5.9400e+01,5.7480e+01,5.5576e+01,5.3429e+01,5.2331e+01,5.0374e+01,4.9881e+01,4.8608e+01,4.6906e+01,4.5769e+01,4.6581e+01,4.7329e+01,4.9334e+01,5.0200e+01,5.2081e+01,5.3170e+01,5.3412e+01,5.4654e+01,5.5945e+01,5.6880e+01,5.8900e+01,6.0903e+01,6.2695e+01,6.4964e+01,6.6323e+01,6.8432e+01,6.9526e+01,7.1024e+01,7.1721e+01,7.2088e+01,7.2980e+01,7.3977e+01,7.5110e+01,7.6083e+01,7.7095e+01,7.8235e+01,7.9679e+01,8.0904e+01,8.2506e+01,8.3365e+01,8.4391e+01,8.5547e+01,8.6085e+01,8.6843e+01,8.6646e+01,8.6407e+01
1.1794e+02,1.1793e+02,1.1770e+02,1.1767e+02,1.1733e+02,1.1720e+02,1.1716e+02,1.1706e+02,1.1663e+02,1.1646e+02,1.1622e+02,1.1619e+02,1.1602e+02,1.1622e+02,1.1644e+02,1.1641e+02,1.1685e+02,1.1694e+02,1.1735e+02,1.1780e+02,1.1825e+02,1.1862e+02,1.1953e+02,1.2045e+02,1.2134e+02,1.2222e+02,1.2271e+02,1.2375e+02,1.2472e+02,1.2587e+02,1.2689e+02,1.2840e+02,1.2990e+02,1.3164e+02,1.3368e+02,1.3520e+02,1.3773e+02,1.3952e+02,1.4211e+02,1.4389e+02,1.4508e+02,1.4557e+02,1.4608e+02,1.4508e+02,1.4381e+02,1.4292e+02,1.4177e+02,1.4206e+02,1.4102e+02,1.3849e+02,1.3697e+02,1.3526e+02,1.3263e+02,1.3021e+02,1.2917e+02,1.2612e+02,1.2419e+02,1.2229e+02,1.1907e+02,1.1708e+02,1.1459e+02,1.1160e+02,1.1093e+02,1.0853e+02,1.0574e+02,1.0402e+02,1.0077e+02,9.8389e+01,9.5689e+01,9.3605e+01,9.0978e+01,8.9401e+01,8.6463e+01,8.4029e+01,8.1636e+01,7.8963e+01,7.8650e+01,7.6359e+01,7.3383e+01,7.1364e+01,6.8625e+01,6.7034e+01,6.4814e+01,6.4449e+01,6.2148e+01,6.0328e+01,5.8420e+01,5.6561e+01,5.4447e+01,5.3365e+01,5.1429e+01,5.1005e+01,4.9756e+01,4.8091e+01,4.6944e+01,4.7787e+01,4.8598e+01,5.0621e+01,5.1532e+01,5.3423e+01,5.4545e+01,5.4803e+01,5.6054e+01,5.7352e+01,5.8266e+01,6.0297e+01,6.2315e+01,6.4118e+01,6.6387e+01,6.7739e+01,6.9840e+01,7.0931e+01,7.2424e+01,7.3118e+01,7.3489e+01,7.4379e+01,7.5369e+01,7.6495e+01,7.7460e+01,7.8463e+01,7.9592e+01,8.1027e+01,8.2241e+01,8.3830e+01,8.4684e+01,8.5700e+01,8.6848e+01,8.7380e+01,8.8129e+01,8.7934e+01,8.7697e+01
1.1780e+02,1.1779e+02,1.1757e+02,1.1754e+02,1.1720e+02,1.1706e+02,1.1703e+02,1.1693e+02,1.1649e+02,1.1632e+02,1.1609e+02,1.1606e+02,1.1589e+02,1.1608e+02,1.1631e+02,1.1626e+02,1.1670e+02,1.1679e+02,1.1719e+02,1.1764e+02,1.1810e+02,1.1849e+02,1.1940e+02,1.2033e+02,1.2122e+02,1.2212e+02,1.2260e+02,1.2366e+02,1.2465e+02,1.2581e+02,1.2684e+02,1.2835e+02,1.2987e+02,1.3159e+02,1.3363e+02,1.3515e+02,1.3768e+02,1.3947e+02,1.4206e+02,1.4383e+02,1.4502e+02,1.4551e+02,1.4602e+02,1.4501e+02,1.4375e+02,1.4286e+02,1.4169e+02,1.4196e+02,1.4090e+02,1.3836e+02,1.3682e+02,1.3510e+02,1.3245e+02,1.3003e+02,1.2898e+02,1.2591e+02,1.2399e+02,1.2206e+02,1.1883e+02,1.1684e+02,1.1431e+02,1.1133e+02,1.1063e+02,1.0825e+02,1.0544e+02,1.0371e+02,1.0045e+02,9.8097e+01,9.5379e+01,9.3315e+01,9.0658e+01,8.9047e+01,8.6117e+01,8.3653e+01,8.1270e+01,7.8566e+01,7.8208e+01,7.5872e+01,7.2909e+01,7.0860e+01,6.8138e+01,6.6545e+01,6.4288e+01,6.3897e+01,6.1557e+01,5.9789e+01,5.7896e+01,5.6071e+01,5.3960e+01,5.2842e+01,5.0921e+01,5.0619e+01,4.9443e+01,4.7822e+01,4.6707e+01,4.7676e+01,4.8588e+01,5.0699e+01,5.1722e+01,5.3680e+01,5.4845e+01,5.5111e+01,5.6364e+01,5.7693e+01,5.8586e+01,6.0656e+01,6.2685e+01,6.4507e+01,6.6806e+01,6.8177e+01,7.0292e+01,7.1401e+01,7.2907e+01,7.3611e+01,7.3991e+01,7.4894e+01,7.5899e+01,7.7042e+01,7.8013e+01,7.9020e+01,8.0155e+01,8.1595e+01,8.2814e+01,8.4411e+01,8.5269e+01,8.6288e+01,8.7440e+01,8.7973e+01,8.8725e+01,8.8523e+01,8.8284e+01
1.1842e+02,1.1842e+02,1.1820e+02,1.1816e+02,1.1782e+02,1.1769e+02,1.1766e+02,1.1756e+02,1.1712e+02,1.1695e+02,1.1673e+02,1.1670e+02,1.1653e+02,1.1674e+02,1.1696e+02,1.1692e+02,1.1734e+02,1.1743e+02,1.1783e+02,1.1828e+02,1.1876e+02,1.1915e+02,1.2008e+02,1.2101e+02,1.2191e+02,1.2282e+02,1.2330e+02,1.2437e+02,1.2536e+02,1.2653e+02,1.2756e+02,1.2908e+02,1.3060e+02,1.3232e+02,1.3436e+02,1.3587e+02,1.3841e+02,1.4019e+02,1.4278e+02,1.4456e+02,1.4573e+02,1.4622e+02,1.4674e+02,1.4573e+02,1.4448e+02,1.4357e+02,1.4239e+02,1.4263e+02,1.4156e+02,1.3901e+02,1.3745e+02,1.3571e+02,1.3306e+02,1.3064e+02,1.2956e+02,1.2649e+02,1.2456e+02,1.2261e+02,1.1939e+02,1.1739e+02,1.1485e+02,1.1187e+02,1.1116e+02,1.0880e+02,1.0598e+02,1.0426e+02,1.0101e+02,9.8683e+01,9.5960e+01,9.3924e+01,9.1252e+01,8.9619e+01,8.6708e+01,8.4225e+01,8.1865e+01,7.9145e+01,7.8742e+01,7.6376e+01,7.3442e+01,7.1376e+01,6.8689e+01,6.7097e+01,6.4826e+01,6.4424e+01,6.2066e+01,6.0363e+01,5.8500e+01,5.6731e+01,5.4661e+01,5.3542e+01,5.1658e+01,5.1454e+01,5.0333e+01,4.8750e+01,4.7644e+01,4.8677e+01,4.9649e+01,5.1798e+01,5.2862e+01,5.4838e+01,5.6014e+01,5.6284e+01,5.7539e+01,5.8869e+01,5.9736e+01,6.1810e+01,6.3838e+01,6.5648e+01,6.7946e+01,6.9326e+01,7.1441e+01,7.2553e+01,7.4060e+01,7.4765e+01,7.5146e+01,7.6050e+01,7.7055e+01,7.8196e+01,7.9162e+01,8.0166e+01,8.1299e+01,8.2736e+01,8.3951e+01,8.5544e+01,8.6399e+01,8.7415e+01,8.8561e+01,8.9091e+01,8.9840e+01,8.9637e+01,8.9397e+01
1.1818e+02,1.1818e+02,1.1796e+02,1.1793e+02,1.1758e+02,1.1745e+02,1.1742e+02,1.1733e+02,1.1688e+02,1.1670e+02,1.1648e+02,1.1645e+02,1.1628e+02,1.1649e+02,1.1671e+02,1.1667e+02,1.1709e+02,1.1717e+02,1.1756e+02,1.1801e+02,1.1851e+02,1.1891e+02,1.1984e+02,1.2079e+02,1.2170e+02,1.2263e+02,1.2311e+02,1.2420e+02,1.2521e+02,1.2639e+02,1.2744e+02,1.2897e+02,1.3051e+02,1.3222e+02,1.3426e+02,1.3575e+02,1.3829e+02,1.4006e+02,1.4265e+02,1.4442e+02,1.4558e+02,1.4607e+02,1.4660e+02,1.4559e+02,1.4435e+02,1.4343e+02,1.4224e+02,1.4247e+02,1.4138e+02,1.3881e+02,1.3724e+02,1.3549e+02,1.3283e+02,1.3040e+02,1.2931e+02,1.2623e+02,1.2430e+02,1.2232e+02,1.1910e+02,1.1708e+02,1.1451e+02,1.1153e+02,1.1080e+02,1.0844e+02,1.0560e+02,1.0386e+02,1.0060e+02,9.8298e+01,9.5554e+01,9.3530e+01,9.0831e+01,8.9171e+01,8.6265e+01,8.3751e+01,8.1397e+01,7.8655e+01,7.8216e+01,7.5808e+01,7.2895e+01,7.0798e+01,6.8131e+01,6.6523e+01,6.4234e+01,6.3832e+01,6.1452e+01,5.9802e+01,5.7945e+01,5.6220e+01,5.4167e+01,5.3026e+01,5.1163e+01,5.1069e+01,5.0006e+01,4.8467e+01,4.7375e+01,4.8510e+01,4.9576e+01,5.1800e+01,5.2960e+01,5.4993e+01,5.6213e+01,5.6496e+01,5.7770e+01,5.9123e+01,5.9974e+01,6.2081e+01,6.4116e+01,6.5932e+01,6.8246e+01,6.9651e+01,7.1775e+01,7.2908e+01,7.4431e+01,7.5151e+01,7.5548e+01,7.6468e+01,7.7488e+01,7.8642e+01,7.9615e+01,8.0627e+01,8.1768e+01,8.3214e+01,8.4435e+01,8.6039e+01,8.6901e+01,8.7921e+01,8.9072e+01,8.9606e+01,9.0358e+01,9.0152e+01,8.9908e+01
1.1825e+02,1.1825e+02,1.1804e+02,1.1800e+02,1.1766e+02,1.1753e+02,1.1750e+02,1.1742e+02,1.1696e+02,1.1678e+02,1.1655e+02,1.1652e+02,1.1635e+02,1.1656e+02,1.1679e+02,1.1674e+02,1.1716e+02,1.1725e+02,1.1763e+02,1.1807e+02,1.1858e+02,1.1899e+02,1.1993e+02,1.2089e+02,1.2180e+02,1.2273e+02,1.2320e+02,1.2430e+02,1.2533e+02,1.2651e+02,1.2756e+02,1.2910e+02,1.3065e+02,1.3236e+02,1.3438e+02,1.3586e+02,1.3839e+02,1.4016e+02,1.4273e+02,1.4450e+02,1.4565e+02,1.4612e+02,1.4665e+02,1.4564e+02,1.4440e+02,1.4348e+02,1.4227e+02,1.4249e+02,1.4139e+02,1.3882e+02,1.3725e+02,1.3549e+02,1.3282e+02,1.3041e+02,1.2931e+02,1.2623e+02,1.2430e+02,1.2231e+02,1.1911e+02,1.1709e+02,1.1452e+02,1.1155e+02,1.1081e+02,1.0847e+02,1.0565e+02,1.0391e+02,1.0066e+02,9.8386e+01,9.5651e+01,9.3652e+01,9.0954e+01,8.9289e+01,8.6409e+01,8.3903e+01,8.1572e+01,7.8836e+01,7.8380e+01,7.5975e+01,7.3093e+01,7.1009e+01,6.8383e+01,6.6798e+01,6.4521e+01,6.4109e+01,6.1742e+01,6.0141e+01,5.8322e+01,5.6639e+01,5.4634e+01,5.3493e+01,5.1689e+01,5.1661e+01,5.0661e+01,4.9173e+01,4.8120e+01,4.9307e+01,5.0405e+01,5.2639e+01,5.3828e+01,5.5856e+01,5.7071e+01,5.7344e+01,5.8585e+01,5.9913e+01,6.0731e+01,6.2824e+01,6.4855e+01,6.6636e+01,6.8941e+01,7.0340e+01,7.2446e+01,7.3580e+01,7.5100e+01,7.5824e+01,7.6229e+01,7.7156e+01,7.8181e+01,7.9336e+01,8.0303e+01,8.1312e+01,8.2450e+01,8.3894e+01,8.5110e+01,8.6712e+01,8.7574e+01,8.8592e+01,8.9739e+01,9.0272e+01,9.1023e+01,9.0815e+01,9.0569e+01
1.1937e+02,1.1938e+02,1.1917e+02,1.1912e+02,1.1878e+02,1.1865e+02,1.1863e+02,1.1855e+02,1.1809e+02,1.1791e+02,1.1769e+02,1.1767e+02,1.1749e+02,1.1771e+02,1.1795e+02,1.1791e+02,1.1832e+02,1.1841e+02,1.1878e+02,1.1923e+02,1.1974e+02,1.2017e+02,1.2112e+02,1.2208e+02,1.2299e+02,1.2394e+02,1.2440e+02,1.2551e+02,1.2654e+02,1.2773e+02,1.2878e+02,1.3032e+02,1.3187e+02,1.3357e+02,1.3559e+02,1.3707e+02,1.3959e+02,1.4136e+02,1.4393e+02,1.4568e+02,1.4682e+02,1.4729e+02,1.4782e+02,1.4680e+02,1.4558e+02,1.4465e+02,1.4343e+02,1.4364e+02,1.4252e+02,1.3994e+02,1.3836e+02,1.3660e+02,1.3392e+02,1.3152e+02,1.3039e+02,1.2731e+02,1.2539e+02,1.2339e+02,1.2020e+02,1.1819e+02,1.1560e+02,1.1265e+02,1.1191e+02,1.0959e+02,1.0676e+02,1.0504e+02,1.0180e+02,9.9557e+01,9.6825e+01,9.4853e+01,9.2154e+01,9.0477e+01,8.7620e+01,8.5111e+01,8.2804e+01,8.0067e+01,7.9583e+01,7.7168e+01,7.4317e+01,7.2232e+01,6.9642e+01,6.8062e+01,6.5795e+01,6.5386e+01,6.3023e+01,6.1473e+01,5.9680e+01,5.8042e+01,5.6077e+01,5.4950e+01,5.3179e+01,5.3185e+01,5.2203e+01,5.0727e+01,4.9666e+01,5.0870e+01,5.1981e+01,5.4220e+01,5.5410e+01,5.7433e+01,5.8624e+01,5.8894e+01,6.0122e+01,6.1418e+01,6.2226e+01,6.4293e+01,6.6334e+01,6.8102e+01,7.0402e+01,7.1787e+01,7.3883e+01,7.5013e+01,7.6525e+01,7.7241e+01,7.7642e+01,7.8563e+01,7.9581e+01,8.0725e+01,8.1683e+01,8.2683e+01,8.3814e+01,8.5248e+01,8.6457e+01,8.8050e+01,8.8908e+01,8.9920e+01,9.1058e+01,9.1589e+01,9.2336e+01,9.2129e+01,9.1881e+01
1.2017e+02,1.2017e+02,1.1997e+02,1.1992e+02,1.1958e+02,1.1945e+02,1.1944e+02,1.1935e+02,1.1889e+02,1.1871e+02,1.1849e+02,1.1847e+02,1.1829e+02,1.1851e+02,1.1874e+02,1.1870e+02,1.1910e+02,1.1919e+02,1.1955e+02,1.1999e+02,1.2051e+02,1.2095e+02,1.2191e+02,1.2288e+02,1.2379e+02,1.2474e+02,1.2521e+02,1.2633e+02,1.2737e+02,1.2856e+02,1.2961e+02,1.3115e+02,1.3272e+02,1.3440e+02,1.3641e+02,1.3788e+02,1.4040e+02,1.4216e+02,1.4472e+02,1.4647e+02,1.4759e+02,1.4806e+02,1.4859e+02,1.4758e+02,1.4637e+02,1.4544e+02,1.4420e+02,1.4439e+02,1.4326e+02,1.4067e+02,1.3908e+02,1.3731e+02,1.3462e+02,1.3223e+02,1.3108e+02,1.2801e+02,1.2608e+02,1.2406e+02,1.2088e+02,1.1885e+02,1.1625e+02,1.1331e+02,1.1254e+02,1.1025e+02,1.0742e+02,1.0568e+02,1.0246e+02,1.0025e+02,9.7517e+01,9.5570e+01,9.2864e+01,9.1178e+01,8.8347e+01,8.5829e+01,8.3544e+01,8.0808e+01,8.0295e+01,7.7862e+01,7.5055e+01,7.2960e+01,7.0426e+01,6.8853e+01,6.6601e+01,6.6194e+01,6.3844e+01,6.2379e+01,6.0628e+01,5.9067e+01,5.7154e+01,5.6044e+01,5.4317e+01,5.4424e+01,5.3496e+01,5.2072e+01,5.1028e+01,5.2288e+01,5.3459e+01,5.5735e+01,5.6972e+01,5.9016e+01,6.0228e+01,6.0502e+01,6.1716e+01,6.3017e+01,6.3802e+01,6.5871e+01,6.7903e+01,6.9656e+01,7.1956e+01,7.3343e+01,7.5426e+01,7.6559e+01,7.8072e+01,7.8793e+01,7.9199e+01,8.0123e+01,8.1143e+01,8.2287e+01,8.3241e+01,8.4236e+01,8.5361e+01,8.6788e+01,8.7993e+01,8.9580e+01,9.0437e+01,9.1445e+01,9.2579e+01,9.3106e+01,9.3850e+01,9.3642e+01,9.3392e+01
1.2080e+02,1.2081e+02,1.2061e+02,1.2055e+02,1.2021e+02,1.2008e+02,1.2007e+02,1.1999e+02,1.1953e+02,1.1935e+02,1.1913e+02,1.1911e+02,1.1894e+02,1.1916e+02,1.1939e+02,1.1934e+02,1.1975e+02,1.1983e+02,1.2020e+02,1.2063e+02,1.2115e+02,1.2158e+02,1.2254e+02,1.2350e+02,1.2441e+02,1.2535e+02,1.2580e+02,1.2693e+02,1.2797e+02,1.2915e+02,1.3020e+02,1.3174e+02,1.3331e+02,1.3498e+02,1.3698e+02,1.3844e+02,1.4095e+02,1.4271e+02,1.4526e+02,1.4700e+02,1.4812e+02,1.4858e+02,1.4910e+02,1.4809e+02,1.4689e+02,1.4596e+02,1.4472e+02,1.4490e+02,1.4378e+02,1.4120e+02,1.3962e+02,1.3785e+02,1.3517e+02,1.3279e+02,1.3165e+02,1.2859e+02,1.2668e+02,1.2465e+02,1.2149e+02,1.1948e+02,1.1688e+02,1.1396e+02,1.1320e+02,1.1092e+02,1.0811e+02,1.0639e+02,1.0319e+02,1.0101e+02,9.8290e+01,9.6373e+01,9.3678e+01,9.1989e+01,8.9194e+01,8.6697e+01,8.4448e+01,8.1731e+01,8.1202e+01,7.8789e+01,7.6024e+01,7.3963e+01,7.1481e+01,6.9945e+01,6.7725e+01,6.7308e+01,6.4995e+01,6.3579e+01,6.1886e+01,6.0367e+01,5.8512e+01,5.7413e+01,5.5756e+01,5.5882e+01,5.5002e+01,5.3617e+01,5.2612e+01,5.3872e+01,5.5029e+01,5.7271e+01,5.8495e+01,6.0502e+01,6.1688e+01,6.1941e+01,6.3116e+01,6.4374e+01,6.5128e+01,6.7158e+01,6.9179e+01,7.0897e+01,7.3178e+01,7.4547e+01,7.6608e+01,7.7735e+01,7.9239e+01,7.9955e+01,8.0361e+01,8.1277e+01,8.2292e+01,8.3428e+01,8.4369e+01,8.5353e+01,8.6466e+01,8.7881e+01,8.9074e+01,9.0648e+01,9.1500e+01,9.2500e+01,9.3625e+01,9.4149e+01,9.4888e+01,9.4681e+01,9.4433e+01
1.2219e+02,1.2221e+02,1.2200e+02,1.2194e+02,1.2160e+02,1.2148e+02,1.2147e+02,1.2140e+02,1.2093e+02,1.2075e+02,1.2053e+02,1.2052e+02,1.2034e+02,1.2057e+02,1.2080e+02,1.2075e+02,1.2115e+02,1.2123e+02,1.2159e+02,1.2201e+02,1.2255e+02,1.2299e+02,1.2395e+02,1.2492e+02,1.2582e+02,1.2677e+02,1.2722e+02,1.2835e+02,1.2940e+02,1.3058e+02,1.3163e+02,1.3317e+02,1.3474e+02,1.3639e+02,1.3839e+02,1.3983e+02,1.4233e+02,1.4409e+02,1.4663e+02,1.4837e+02,1.4947e+02,1.4993e+02,1.5046e+02,1.4946e+02,1.4827e+02,1.4733e+02,1.4609e+02,1.4625e+02,1.4512e+02,1.4253e+02,1.4094e+02,1.3917e+02,1.3648e+02,1.3411e+02,1.3295e+02,1.2989e+02,1.2799e+02,1.2593e+02,1.2280e+02,1.2078e+02,1.1817e+02,1.1526e+02,1.1448e+02,1.1223e+02,1.0942e+02,1.0770e+02,1.0451e+02,1.0237e+02,9.9658e+01,9.7768e+01,9.5080e+01,9.3393e+01,9.0629e+01,8.8132e+01,8.5905e+01,8.3204e+01,8.2660e+01,8.0243e+01,7.7525e+01,7.5460e+01,7.3035e+01,7.1501e+01,6.9316e+01,6.8924e+01,6.6639e+01,6.5298e+01,6.3634e+01,6.2187e+01,6.0381e+01,5.9312e+01,5.7687e+01,5.7875e+01,5.7020e+01,5.5672e+01,5.4665e+01,5.5955e+01,5.7155e+01,5.9412e+01,6.0660e+01,6.2673e+01,6.3865e+01,6.4131e+01,6.5294e+01,6.6542e+01,6.7294e+01,6.9308e+01,7.1329e+01,7.3043e+01,7.5317e+01,7.6681e+01,7.8734e+01,7.9857e+01,8.1351e+01,8.2067e+01,8.2474e+01,8.3386e+01,8.4396e+01,8.5527e+01,8.6460e+01,8.7433e+01,8.8536e+01,8.9940e+01,9.1123e+01,9.2687e+01,9.3536e+01,9.4527e+01,9.5644e+01,9.6162e+01,9.6895e+01,9.6690e+01,9.6440e+01
1.2171e+02,1.2173e+02,1.2153e+02,1.2146e+02,1.2112e+02,1.2100e+02,1.2099e+02,1.2091e+02,1.2045e+02,1.2027e+02,1.2006e+02,1.2005e+02,1.1988e+02,1.2011e+02,1.2034e+02,1.2028e+02,1.2068e+02,1.2076e+02,1.2112e+02,1.2154e+02,1.2208e+02,1.2253e+02,1.2349e+02,1.2447e+02,1.2537e+02,1.2632e+02,1.2676e+02,1.2788e+02,1.2893e+02,1.3011e+02,1.3116e+02,1.3270e+02,1.3426e+02,1.3591e+02,1.3790e+02,1.3935e+02,1.4185e+02,1.4360e+02,1.4614e+02,1.4786e+02,1.4897e+02,1.4942e+02,1.4994e+02,1.4893e+02,1.4775e+02,1.4681e+02,1.4556e+02,1.4572e+02,1.4459e+02,1.4200e+02,1.4041e+02,1.3863e+02,1.3595e+02,1.3358e+02,1.3241e+02,1.2935e+02,1.2745e+02,1.2540e+02,1.2229e+02,1.2027e+02,1.1767e+02,1.1478e+02,1.1400e+02,1.1177e+02,1.0898e+02,1.0726e+02,1.0410e+02,1.0198e+02,9.9287e+01,9.7417e+01,9.4745e+01,9.3067e+01,9.0332e+01,8.7860e+01,8.5665e+01,8.2985e+01,8.2433e+01,8.0040e+01,7.7356e+01,7.5329e+01,7.2948e+01,7.1456e+01,6.9295e+01,6.8881e+01,6.6630e+01,6.5329e+01,6.3726e+01,6.2316e+01,6.0565e+01,5.9499e+01,5.7948e+01,5.8169e+01,5.7377e+01,5.6083e+01,5.5128e+01,5.6419e+01,5.7604e+01,5.9823e+01,6.1071e+01,6.3037e+01,6.4200e+01,6.4448e+01,6.5570e+01,6.6789e+01,6.7505e+01,6.9500e+01,7.1490e+01,7.3171e+01,7.5432e+01,7.6793e+01,7.8828e+01,7.9953e+01,8.1446e+01,8.2158e+01,8.2566e+01,8.3478e+01,8.4488e+01,8.5615e+01,8.6543e+01,8.7511e+01,8.8613e+01,9.0014e+01,9.1194e+01,9.2756e+01,9.3603e+01,9.4592e+01,9.5707e+01,9.6226e+01,9.6959e+01,9.6753e+01,9.6502e+01
1.2158e+02,1.2160e+02,1.2140e+02,1.2134e+02,1.2098e+02,1.2087e+02,1.2086e+02,1.2078e+02,1.2031e+02,1.2014e+02,1.1993e+02,1.1993e+02,1.1977e+02,1.2001e+02,1.2022e+02,1.2016e+02,1.2056e+02,1.2064e+02,1.2100e+02,1.2143e+02,1.2198e+02,1.2243e+02,1.2340e+02,1.2439e+02,1.2530e+02,1.2625e+02,1.2669e+02,1.2781e+02,1.2885e+02,1.3004e+02,1.3109e+02,1.3263e+02,1.3419e+02,1.3585e+02,1.3785e+02,1.3931e+02,1.4182e+02,1.4358e+02,1.4613e+02,1.4786e+02,1.4897e+02,1.4941e+02,1.4994e+02,1.4893e+02,1.4774e+02,1.4680e+02,1.4554e+02,1.4569e+02,1.4455e+02,1.4195e+02,1.4036e+02,1.3856e+02,1.3587e+02,1.3348e+02,1.3230e+02,1.2923e+02,1.2731e+02,1.2525e+02,1.2213e+02,1.2009e+02,1.1748e+02,1.1458e+02,1.1379e+02,1.1155e+02,1.0874e+02,1.0701e+02,1.0384e+02,1.0172e+02,9.9002e+01,9.7119e+01,9.4433e+01,9.2752e+01,9.0001e+01,8.7505e+01,8.5299e+01,8.2607e+01,8.2047e+01,7.9626e+01,7.6941e+01,7.4890e+01,7.2503e+01,7.0994e+01,6.8816e+01,6.8405e+01,6.6136e+01,6.4853e+01,6.3242e+01,6.1844e+01,6.0077e+01,5.9003e+01,5.7423e+01,5.7672e+01,5.6867e+01,5.5561e+01,5.4579e+01,5.5879e+01,5.7085e+01,5.9336e+01,6.0598e+01,6.2586e+01,6.3768e+01,6.4023e+01,6.5181e+01,6.6429e+01,6.7163e+01,6.9189e+01,7.1172e+01,7.2877e+01,7.5152e+01,7.6525e+01,7.8576e+01,7.9709e+01,8.1208e+01,8.1920e+01,8.2327e+01,8.3242e+01,8.4256e+01,8.5387e+01,8.6321e+01,8.7293e+01,8.8405e+01,8.9813e+01,9.0999e+01,9.2568e+01,9.3417e+01,9.4410e+01,9.5529e+01,9.6050e+01,9.6786e+01,9.6579e+01,9.6326e+01
1.2214e+02,1.2216e+02,1.2196e+02,1.2191e+02,1.2155e+02,1.2143e+02,1.2142e+02,1.2134e+02,1.2087e+02,1.2070e+02,1.2051e+02,1.2050e+02,1.2036e+02,1.2060e+02,1.2080e+02,1.2074e+02,1.2113e+02,1.2122e+02,1.2158e+02,1.2202e+02,1.2257e+02,1.2304e+02,1.2401e+02,1.2501e+02,1.2592e+02,1.2689e+02,1.2733e+02,1.2845e+02,1.2950e+02,1.3068e+02,1.3174e+02,1.3327e+02,1.3483e+02,1.3649e+02,1.3848e+02,1.3995e+02,1.4246e+02,1.4422e+02,1.4676e+02,1.4848e+02,1.4959e+02,1.5003e+02,1.5056e+02,1.4955e+02,1.4837e+02,1.4742e+02,1.4615e+02,1.4628e+02,1.4512e+02,1.4252e+02,1.4091e+02,1.3910e+02,1.3641e+02,1.3402e+02,1.3281e+02,1.2973e+02,1.2781e+02,1.2573e+02,1.2263e+02,1.2058e+02,1.1797e+02,1.1507e+02,1.1427e+02,1.1204e+02,1.0923e+02,1.0750e+02,1.0434e+02,1.0225e+02,9.9531e+01,9.7667e+01,9.4976e+01,9.3287e+01,9.0554e+01,8.8049e+01,8.5865e+01,8.3171e+01,8.2583e+01,8.0147e+01,7.7496e+01,7.5441e+01,7.3092e+01,7.1593e+01,6.9418e+01,6.8999e+01,6.6736e+01,6.5514e+01,6.3938e+01,6.2589e+01,6.0847e+01,5.9777e+01,5.8215e+01,5.8521e+01,5.7747e+01,5.6458e+01,5.5487e+01,5.6818e+01,5.8046e+01,6.0320e+01,6.1606e+01,6.3606e+01,6.4792e+01,6.5044e+01,6.6196e+01,6.7448e+01,6.8172e+01,7.0203e+01,7.2166e+01,7.3866e+01,7.6139e+01,7.7514e+01,7.9561e+01,8.0697e+01,8.2195e+01,8.2904e+01,8.3309e+01,8.4221e+01,8.5233e+01,8.6361e+01,8.7291e+01,8.8257e+01,8.9369e+01,9.0774e+01,9.1957e+01,9.3523e+01,9.4370e+01,9.5361e+01,9.6476e+01,9.6997e+01,9.7732e+01,9.7523e+01,9.7268e+01
1.2172e+02,1.2173e+02,1.2154e+02,1.2149e+02,1.2113e+02,1.2102e+02,1.2102e+02,1.2093e+02,1.2045e+02,1.2028e+02,1.2009e+02,1.2008e+02,1.1994e+02,1.2018e+02,1.2038e+02,1.2031e+02,1.2070e+02,1.2079e+02,1.2115e+02,1.2159e+02,1.2214e+02,1.2261e+02,1.2357e+02,1.2459e+02,1.2550e+02,1.2648e+02,1.2692e+02,1.2804e+02,1.2908e+02,1.3027e+02,1.3133e+02,1.3287e+02,1.3442e+02,1.3610e+02,1.3811e+02,1.3959e+02,1.4211e+02,1.4388e+02,1.4643e+02,1.4816e+02,1.4928e+02,1.4973e+02,1.5025e+02,1.4924e+02,1.4805e+02,1.4710e+02,1.4583e+02,1.4597e+02,1.4480e+02,1.4219e+02,1.4057e+02,1.3875e+02,1.3605e+02,1.3364e+02,1.3242e+02,1.2933e+02,1.2739e+02,1.2530e+02,1.2218e+02,1.2011e+02,1.1749e+02,1.1457e+02,1.1375e+02,1.1150e+02,1.0867e+02,1.0691e+02,1.0373e+02,1.0161e+02,9.8872e+01,9.6975e+01,9.4267e+01,9.2581e+01,8.9813e+01,8.7279e+01,8.5061e+01,8.2354e+01,8.1777e+01,7.9310e+01,7.6635e+01,7.4542e+01,7.2160e+01,7.0622e+01,6.8426e+01,6.8025e+01,6.5734e+01,6.4500e+01,6.2885e+01,6.1529e+01,5.9752e+01,5.8680e+01,5.7064e+01,5.7375e+01,5.6563e+01,5.5248e+01,5.4234e+01,5.5564e+01,5.6813e+01,5.9119e+01,6.0416e+01,6.2445e+01,6.3665e+01,6.3938e+01,6.5142e+01,6.6439e+01,6.7195e+01,6.9269e+01,7.1237e+01,7.2972e+01,7.5268e+01,7.6658e+01,7.8724e+01,7.9869e+01,8.1377e+01,8.2091e+01,8.2495e+01,8.3412e+01,8.4429e+01,8.5566e+01,8.6505e+01,8.7480e+01,8.8604e+01,9.0020e+01,9.1212e+01,9.2788e+01,9.3640e+01,9.4638e+01,9.5760e+01,9.6284e+01,9.7024e+01,9.6813e+01,9.6556e+01
1.2189e+02,1.2189e+02,1.2170e+02,1.2166e+02,1.2131e+02,1.2119e+02,1.2118e+02,1.2109e+02,1.2062e+02,1.2045e+02,1.2025e+02,1.2024e+02,1.2009e+02,1.2033e+02,1.2053e+02,1.2047e+02,1.2086e+02,1.2095e+02,1.2131e+02,1.2175e+02,1.2230e+02,1.2276e+02,1.2373e+02,1.2473e+02,1.2565e+02,1.2663e+02,1.2708e+02,1.2821e+02,1.2925e+02,1.3044e+02,1.3151e+02,1.3306e+02,1.3461e+02,1.3630e+02,1.3831e+02,1.3980e+02,1.4233e+02,1.4410e+02,1.4667e+02,1.4841e+02,1.4953e+02,1.4998e+02,1.5051e+02,1.4950e+02,1.4830e+02,1.4735e+02,1.4609e+02,1.4625e+02,1.4508e+02,1.4246e+02,1.4085e+02,1.3902e+02,1.3632e+02,1.3390e+02,1.3269e+02,1.2959e+02,1.2763e+02,1.2554e+02,1.2239e+02,1.2031e+02,1.1768e+02,1.1473e+02,1.1390e+02,1.1161e+02,1.0876e+02,1.0697e+02,1.0376e+02,1.0160e+02,9.8834e+01,9.6891e+01,9.4164e+01,9.2482e+01,8.9666e+01,8.7098e+01,8.4822e+01,8.2095e+01,8.1549e+01,7.9049e+01,7.6318e+01,7.4171e+01,7.1723e+01,7.0120e+01,6.7892e+01,6.7526e+01,6.5183e+01,6.3888e+01,6.2182e+01,6.0770e+01,5.8910e+01,5.7811e+01,5.6094e+01,5.6375e+01,5.5488e+01,5.4107e+01,5.3018e+01,5.4360e+01,5.5641e+01,5.8013e+01,5.9315e+01,6.1413e+01,6.2672e+01,6.2966e+01,6.4234e+01,6.5567e+01,6.6366e+01,6.8474e+01,7.0479e+01,7.2254e+01,7.4572e+01,7.5966e+01,7.8053e+01,7.9194e+01,8.0706e+01,8.1424e+01,8.1827e+01,8.2743e+01,8.3762e+01,8.4904e+01,8.5849e+01,8.6830e+01,8.7958e+01,8.9379e+01,9.0574e+01,9.2156e+01,9.3013e+01,9.4015e+01,9.5142e+01,9.5669e+01,9.6412e+01,9.6203e+01,9.5947e+01
1.2258e+02,1.2258e+02,1.2238e+02,1.2235e+02,1.2199e+02,1.2187e+02,1.2185e+02,1.2176e+02,1.2129e+02,1.2112e+02,1.2092e+02,1.2091e+02,1.2076e+02,1.2099e+02,1.2120e+02,1.2114e+02,1.2154e+02,1.2164e+02,1.2201e+02,1.2246e+02,1.2300e+02,1.2346e+02,1.2443e+02,1.2543e+02,1.2635e+02,1.2732e+02,1.2779e+02,1.2891e+02,1.2995e+02,1.3115e+02,1.3222e+02,1.3376e+02,1.3530e+02,1.3700e+02,1.3902e+02,1.4051e+02,1.4304e+02,1.4481e+02,1.4738e+02,1.4912e+02,1.5024e+02,1.5069e+02,1.5121e+02,1.5019e+02,1.4899e+02,1.4803e+02,1.4677e+02,1.4693e+02,1.4577e+02,1.4316e+02,1.4155e+02,1.3975e+02,1.3705e+02,1.3463e+02,1.3345e+02,1.3035e+02,1.2841e+02,1.2634e+02,1.2317e+02,1.2111e+02,1.1848e+02,1.1554e+02,1.1473e+02,1.1245e+02,1.0959e+02,1.0782e+02,1.0460e+02,1.0242e+02,9.9655e+01,9.7707e+01,9.4970e+01,9.3270e+01,9.0440e+01,8.7871e+01,8.5588e+01,8.2838e+01,8.2282e+01,7.9777e+01,7.7019e+01,7.4871e+01,7.2384e+01,7.0780e+01,6.8513e+01,6.8121e+01,6.5746e+01,6.4397e+01,6.2664e+01,6.1183e+01,5.9252e+01,5.8093e+01,5.6319e+01,5.6534e+01,5.5613e+01,5.4139e+01,5.3032e+01,5.4368e+01,5.5595e+01,5.7989e+01,5.9251e+01,6.1385e+01,6.2617e+01,6.2862e+01,6.4132e+01,6.5435e+01,6.6223e+01,6.8308e+01,7.0329e+01,7.2106e+01,7.4418e+01,7.5790e+01,7.7873e+01,7.8998e+01,8.0499e+01,8.1205e+01,8.1596e+01,8.2502e+01,8.3510e+01,8.4643e+01,8.5583e+01,8.6556e+01,8.7677e+01,8.9091e+01,9.0278e+01,9.1852e+01,9.2707e+01,9.3705e+01,9.4829e+01,9.5355e+01,9.6097e+01,9.5891e+01,9.5638e+01
1.2212e+02,1.2212e+02,1.2193e+02,1.2189e+02,1.2154e+02,1.2142e+02,1.2141e+02,1.2132e+02,1.2084e+02,1.2067e+02,1.2046e+02,1.2044e+02,1.2029e+02,1.2051e+02,1.2073e+02,1.2067e+02,1.2107e+02,1.2116e+02,1.2152e+02,1.2197e+02,1.2251e+02,1.2297e+02,1.2393e+02,1.2492e+02,1.2584e+02,1.2682e+02,1.2729e+02,1.2842e+02,1.2947e+02,1.3067e+02,1.3174e+02,1.3328e+02,1.3482e+02,1.3652e+02,1.3854e+02,1.4003e+02,1.4257e+02,1.4435e+02,1.4692e+02,1.4867e+02,1.4980e+02,1.5025e+02,1.5077e+02,1.4976e+02,1.4856e+02,1.4761e+02,1.4636e+02,1.4653e+02,1.4538e+02,1.4276e+02,1.4115e+02,1.3934e+02,1.3663e+02,1.3421e+02,1.3303e+02,1.2992e+02,1.2797e+02,1.2588e+02,1.2270e+02,1.2062e+02,1.1798e+02,1.1501e+02,1.1419e+02,1.1187e+02,1.0900e+02,1.0720e+02,1.0395e+02,1.0174e+02,9.8949e+01,9.6965e+01,9.4215e+01,9.2524e+01,8.9659e+01,8.7065e+01,8.4734e+01,8.1974e+01,8.1449e+01,7.8920e+01,7.6120e+01,7.3929e+01,7.1400e+01,6.9748e+01,6.7464e+01,6.7102e+01,6.4694e+01,6.3316e+01,6.1523e+01,6.0020e+01,5.8051e+01,5.6890e+01,5.5065e+01,5.5291e+01,5.4342e+01,5.2858e+01,5.1725e+01,5.3100e+01,5.4379e+01,5.6819e+01,5.8122e+01,6.0301e+01,6.1577e+01,6.1853e+01,6.3157e+01,6.4498e+01,6.5311e+01,6.7435e+01,6.9486e+01,7.1281e+01,7.3612e+01,7.4996e+01,7.7096e+01,7.8226e+01,7.9737e+01,8.0452e+01,8.0842e+01,8.1753e+01,8.2766e+01,8.3906e+01,8.4852e+01,8.5831e+01,8.6957e+01,8.8378e+01,8.9571e+01,9.1154e+01,9.2014e+01,9.3018e+01,9.4148e+01,9.4678e+01,9.5424e+01,9.5216e+01,9.4962e+01
1.2311e+02,1.2310e+02,1.2291e+02,1.2288e+02,1.2253e+02,1.2241e+02,1.2239e+02,1.2229e+02,1.2182e+02,1.2166e+02,1.2145e+02,1.2144e+02,1.2129e+02,1.2151e+02,1.2173e+02,1.2167e+02,1.2207e+02,1.2218e+02,1.2253e+02,1.2298e+02,1.2352e+02,1.2398e+02,1.2494e+02,1.2592e+02,1.2684e+02,1.2781e+02,1.2828e+02,1.2941e+02,1.3045e+02,1.3165e+02,1.3272e+02,1.3425e+02,1.3578e+02,1.3747e+02,1.3949e+02,1.4099e+02,1.4353e+02,1.4532e+02,1.4790e+02,1.4965e+02,1.5079e+02,1.5125e+02,1.5176e+02,1.5076e+02,1.4956e+02,1.4862e+02,1.4738e+02,1.4756e+02,1.4641e+02,1.4379e+02,1.4218e+02,1.4036e+02,1.3765e+02,1.3523e+02,1.3405e+02,1.3094e+02,1.2898e+02,1.2690e+02,1.2371e+02,1.2163e+02,1.1899e+02,1.1600e+02,1.1518e+02,1.1285e+02,1.0998e+02,1.0817e+02,1.0492e+02,1.0269e+02,9.9888e+01,9.7881e+01,9.5145e+01,9.3479e+01,9.0596e+01,8.8002e+01,8.5640e+01,8.2889e+01,8.2404e+01,7.9875e+01,7.7049e+01,7.4837e+01,7.2286e+01,7.0603e+01,6.8329e+01,6.7999e+01,6.5587e+01,6.4185e+01,6.2352e+01,6.0831e+01,5.8821e+01,5.7660e+01,5.5775e+01,5.5973e+01,5.4974e+01,5.3444e+01,5.2273e+01,5.3642e+01,5.4916e+01,5.7375e+01,5.8656e+01,6.0855e+01,6.2137e+01,6.2420e+01,6.3741e+01,6.5088e+01,6.5938e+01,6.8058e+01,7.0125e+01,7.1935e+01,7.4271e+01,7.5642e+01,7.7750e+01,7.8866e+01,8.0366e+01,8.1073e+01,8.1447e+01,8.2345e+01,8.3346e+01,8.4478e+01,8.5416e+01,8.6386e+01,8.7505e+01,8.8916e+01,9.0101e+01,9.1675e+01,9.2532e+01,9.3532e+01,9.4657e+01,9.5185e+01,9.5929e+01,9.5722e+01,9.5471e+01
1.2281e+02,1.2281e+02,1.2261e+02,1.2258e+02,1.2223e+02,1.2211e+02,1.2208e+02,1.2198e+02,1.2151e+02,1.2136e+02,1.2115e+02,1.2113e+02,1.2098e+02,1.2120e+02,1.2142e+02,1.2137e+02,1.2178e+02,1.2188e+02,1.2225e+02,1.2270e+02,1.2324e+02,1.2368e+02,1.2462e+02,1.2560e+02,1.2651e+02,1.2748e+02,1.2795e+02,1.2908e+02,1.3012e+02,1.3131e+02,1.3237e+02,1.3390e+02,1.3542e+02,1.3712e+02,1.3914e+02,1.4065e+02,1.4319e+02,1.4499e+02,1.4757e+02,1.4933e+02,1.5049e+02,1.5095e+02,1.5145e+02,1.5045e+02,1.4925e+02,1.4832e+02,1.4709e+02,1.4729e+02,1.4617e+02,1.4355e+02,1.4196e+02,1.4015e+02,1.3743e+02,1.3501e+02,1.3385e+02,1.3074e+02,1.2878e+02,1.2671e+02,1.2351e+02,1.2142e+02,1.1879e+02,1.1579e+02,1.1497e+02,1.1261e+02,1.0973e+02,1.0791e+02,1.0464e+02,1.0237e+02,9.9565e+01,9.7521e+01,9.4785e+01,9.3136e+01,9.0222e+01,8.7627e+01,8.5228e+01,8.2480e+01,8.2030e+01,7.9504e+01,7.6640e+01,7.4417e+01,7.1824e+01,7.0120e+01,6.7835e+01,6.7516e+01,6.5088e+01,6.3630e+01,6.1753e+01,6.0176e+01,5.8104e+01,5.6907e+01,5.4966e+01,5.5108e+01,5.4071e+01,5.2486e+01,5.1296e+01,5.2653e+01,5.3908e+01,5.6381e+01,5.7643e+01,5.9864e+01,6.1152e+01,6.1420e+01,6.2762e+01,6.4112e+01,6.4967e+01,6.7098e+01,6.9183e+01,7.1002e+01,7.3338e+01,7.4699e+01,7.6809e+01,7.7915e+01,7.9409e+01,8.0116e+01,8.0485e+01,8.1380e+01,8.2376e+01,8.3506e+01,8.4444e+01,8.5414e+01,8.6532e+01,8.7943e+01,8.9126e+01,9.0700e+01,9.1558e+01,9.2560e+01,9.3687e+01,9.4217e+01,9.4963e+01,9.4758e+01,9.4508e+01
1.2122e+02,1.2121e+02,1.2102e+02,1.2099e+02,1.2064e+02,1.2053e+02,1.2050e+02,1.2040e+02,1.1992e+02,1.1976e+02,1.1954e+02,1.1953e+02,1.1937e+02,1.1959e+02,1.1980e+02,1.1975e+02,1.2015e+02,1.2025e+02,1.2061e+02,1.2106e+02,1.2159e+02,1.2203e+02,1.2297e+02,1.2396e+02,1.2487e+02,1.2584e+02,1.2632e+02,1.2745e+02,1.2849e+02,1.2969e+02,1.3075e+02,1.3228e+02,1.3380e+02,1.3552e+02,1.3755e+02,1.3906e+02,1.4161e+02,1.4341e+02,1.4600e+02,1.4777e+02,1.4893e+02,1.4941e+02,1.4992e+02,1.4892e+02,1.4771e+02,1.4679e+02,1.4556e+02,1.4577e+02,1.4463e+02,1.4201e+02,1.4041e+02,1.3859e+02,1.3587e+02,1.3342e+02,1.3226e+02,1.2914e+02,1.2715e+02,1.2507e+02,1.2185e+02,1.1974e+02,1.1710e+02,1.1407e+02,1.1323e+02,1.1085e+02,1.0795e+02,1.0610e+02,1.0282e+02,1.0053e+02,9.7700e+01,9.5635e+01,9.2879e+01,9.1225e+01,8.8284e+01,8.5661e+01,8.3236e+01,8.0470e+01,8.0026e+01,7.7474e+01,7.4588e+01,7.2335e+01,6.9715e+01,6.7985e+01,6.5684e+01,6.5377e+01,6.2932e+01,6.1469e+01,5.9567e+01,5.7999e+01,5.5922e+01,5.4750e+01,5.2793e+01,5.2970e+01,5.1921e+01,5.0367e+01,4.9161e+01,5.0536e+01,5.1850e+01,5.4341e+01,5.5655e+01,5.7893e+01,5.9235e+01,5.9559e+01,6.0941e+01,6.2355e+01,6.3244e+01,6.5427e+01,6.7518e+01,6.9369e+01,7.1725e+01,7.3123e+01,7.5257e+01,7.6382e+01,7.7896e+01,7.8620e+01,7.9002e+01,7.9914e+01,8.0929e+01,8.2078e+01,8.3034e+01,8.4021e+01,8.5156e+01,8.6589e+01,8.7789e+01,8.9384e+01,9.0254e+01,9.1269e+01,9.2411e+01,9.2949e+01,9.3704e+01,9.3496e+01,9.3243e+01
1.1941e+02,1.1940e+02,1.1921e+02,1.1919e+02,1.1885e+02,1.1873e+02,1.1871e+02,1.1862e+02,1.1813e+02,1.1795e+02,1.1773e+02,1.1770e+02,1.1754e+02,1.1775e+02,1.1796e+02,1.1790e+02,1.1829e+02,1.1839e+02,1.1874e+02,1.1918e+02,1.1970e+02,1.2014e+02,1.2107e+02,1.2205e+02,1.2295e+02,1.2391e+02,1.2439e+02,1.2551e+02,1.2655e+02,1.2775e+02,1.2882e+02,1.3035e+02,1.3188e+02,1.3360e+02,1.3564e+02,1.3715e+02,1.3970e+02,1.4151e+02,1.4410e+02,1.4588e+02,1.4705e+02,1.4754e+02,1.4806e+02,1.4707e+02,1.4585e+02,1.4493e+02,1.4371e+02,1.4393e+02,1.4280e+02,1.4018e+02,1.3857e+02,1.3675e+02,1.3403e+02,1.3157e+02,1.3041e+02,1.2729e+02,1.2530e+02,1.2322e+02,1.1998e+02,1.1787e+02,1.1523e+02,1.1218e+02,1.1136e+02,1.0895e+02,1.0605e+02,1.0420e+02,1.0091e+02,9.8597e+01,9.5764e+01,9.3688e+01,9.0930e+01,8.9274e+01,8.6317e+01,8.3694e+01,8.1256e+01,7.8476e+01,7.8041e+01,7.5494e+01,7.2574e+01,7.0322e+01,6.7667e+01,6.5937e+01,6.3623e+01,6.3306e+01,6.0855e+01,5.9359e+01,5.7447e+01,5.5858e+01,5.3784e+01,5.2640e+01,5.0691e+01,5.0862e+01,4.9814e+01,4.8287e+01,4.7108e+01,4.8484e+01,4.9798e+01,5.2264e+01,5.3599e+01,5.5822e+01,5.7174e+01,5.7528e+01,5.8902e+01,6.0345e+01,6.1261e+01,6.3462e+01,6.5549e+01,6.7410e+01,6.9779e+01,7.1196e+01,7.3351e+01,7.4491e+01,7.6022e+01,7.6758e+01,7.7143e+01,7.8066e+01,7.9091e+01,8.0253e+01,8.1221e+01,8.2223e+01,8.3372e+01,8.4822e+01,8.6034e+01,8.7648e+01,8.8525e+01,8.9551e+01,9.0705e+01,9.1249e+01,9.2014e+01,9.1802e+01,9.1546e+01
1.1782e+02,1.1781e+02,1.1762e+02,1.1760e+02,1.1727e+02,1.1715e+02,1.1713e+02,1.1704e+02,1.1654e+02,1.1635e+02,1.1613e+02,1.1610e+02,1.1593e+02,1.1614e+02,1.1634e+02,1.1628e+02,1.1667e+02,1.1675e+02,1.1709e+02,1.1754e+02,1.1806e+02,1.1851e+02,1.1944e+02,1.2042e+02,1.2133e+02,1.2230e+02,1.2277e+02,1.2390e+02,1.2495e+02,1.2616e+02,1.2724e+02,1.2878e+02,1.3031e+02,1.3203e+02,1.3409e+02,1.3559e+02,1.3815e+02,1.3995e+02,1.4255e+02,1.4434e+02,1.4551e+02,1.4600e+02,1.4654e+02,1.4554e+02,1.4432e+02,1.4340e+02,1.4217e+02,1.4241e+02,1.4127e+02,1.3864e+02,1.3703e+02,1.3519e+02,1.3247e+02,1.2999e+02,1.2883e+02,1.2570e+02,1.2369e+02,1.2160e+02,1.1834e+02,1.1621e+02,1.1356e+02,1.1050e+02,1.0966e+02,1.0724e+02,1.0431e+02,1.0245e+02,9.9130e+01,9.6806e+01,9.3955e+01,9.1865e+01,8.9086e+01,8.7420e+01,8.4441e+01,8.1793e+01,7.9339e+01,7.6537e+01,7.6096e+01,7.3525e+01,7.0587e+01,6.8311e+01,6.5630e+01,6.3879e+01,6.1544e+01,6.1234e+01,5.8766e+01,5.7263e+01,5.5331e+01,5.3746e+01,5.1669e+01,5.0539e+01,4.8581e+01,4.8785e+01,4.7735e+01,4.6234e+01,4.5049e+01,4.6445e+01,4.7807e+01,5.0292e+01,5.1680e+01,5.3921e+01,5.5308e+01,5.5701e+01,5.7104e+01,5.8596e+01,5.9531e+01,6.1773e+01,6.3855e+01,6.5745e+01,6.8133e+01,6.9581e+01,7.1755e+01,7.2918e+01,7.4471e+01,7.5223e+01,7.5624e+01,7.6562e+01,7.7605e+01,7.8788e+01,7.9776e+01,8.0796e+01,8.1962e+01,8.3430e+01,8.4658e+01,8.6295e+01,8.7182e+01,8.8222e+01,8.9390e+01,8.9941e+01,9.0715e+01,9.0501e+01,9.0240e+01
1.1644e+02,1.1643e+02,1.1624e+02,1.1622e+02,1.1589e+02,1.1577e+02,1.1576e+02,1.1568e+02,1.1517e+02,1.1497e+02,1.1474e+02,1.1471e+02,1.1453e+02,1.1473e+02,1.1494e+02,1.1487e+02,1.1525e+02,1.1534e+02,1.1567e+02,1.1612e+02,1.1663e+02,1.1707e+02,1.1800e+02,1.1897e+02,1.1987e+02,1.2084e+02,1.2132e+02,1.2245e+02,1.2350e+02,1.2471e+02,1.2580e+02,1.2734e+02,1.2887e+02,1.3060e+02,1.3266e+02,1.3417e+02,1.3672e+02,1.3853e+02,1.4114e+02,1.4294e+02,1.4412e+02,1.4462e+02,1.4517e+02,1.4418e+02,1.4294e+02,1.4203e+02,1.4081e+02,1.4106e+02,1.3992e+02,1.3729e+02,1.3567e+02,1.3384e+02,1.3111e+02,1.2862e+02,1.2747e+02,1.2433e+02,1.2230e+02,1.2023e+02,1.1695e+02,1.1481e+02,1.1217e+02,1.0909e+02,1.0826e+02,1.0581e+02,1.0287e+02,1.0101e+02,9.7674e+01,9.5322e+01,9.2464e+01,9.0359e+01,8.7575e+01,8.5902e+01,8.2898e+01,8.0243e+01,7.7769e+01,7.4944e+01,7.4510e+01,7.1934e+01,6.8955e+01,6.6665e+01,6.3933e+01,6.2163e+01,5.9805e+01,5.9495e+01,5.7007e+01,5.5453e+01,5.3486e+01,5.1865e+01,4.9766e+01,4.8651e+01,4.6671e+01,4.6848e+01,4.5777e+01,4.4272e+01,4.3093e+01,4.4492e+01,4.5847e+01,4.8319e+01,4.9727e+01,5.1970e+01,5.3355e+01,5.3767e+01,5.5172e+01,5.6683e+01,5.7649e+01,5.9904e+01,6.1987e+01,6.3897e+01,6.6290e+01,6.7748e+01,6.9939e+01,7.1111e+01,7.2675e+01,7.3437e+01,7.3840e+01,7.4785e+01,7.5836e+01,7.7029e+01,7.8028e+01,7.9062e+01,8.0240e+01,8.1721e+01,8.2960e+01,8.4612e+01,8.5508e+01,8.6557e+01,8.7738e+01,8.8293e+01,8.9076e+01,8.8858e+01,8.8594e+01
1.1507e+02,1.1506e+02,1.1487e+02,1.1485e+02,1.1453e+02,1.1441e+02,1.1440e+02,1.1431e+02,1.1379e+02,1.1358e+02,1.1335e+02,1.1331e+02,1.1312e+02,1.1332e+02,1.1353e+02,1.1345e+02,1.1383e+02,1.1391e+02,1.1424e+02,1.1469e+02,1.1520e+02,1.1566e+02,1.1658e+02,1.1757e+02,1.1847e+02,1.1946e+02,1.1994e+02,1.2108e+02,1.2214e+02,1.2336e+02,1.2446e+02,1.2601e+02,1.2755e+02,1.2928e+02,1.3134e+02,1.3283e+02,1.3539e+02,1.3719e+02,1.3979e+02,1.4159e+02,1.4277e+02,1.4327e+02,1.4383e+02,1.4283e+02,1.4160e+02,1.4069e+02,1.3947e+02,1.3972e+02,1.3857e+02,1.3593e+02,1.3430e+02,1.3246e+02,1.2974e+02,1.2724e+02,1.2608e+02,1.2294e+02,1.2090e+02,1.1881e+02,1.1552e+02,1.1337e+02,1.1071e+02,1.0762e+02,1.0678e+02,1.0432e+02,1.0136e+02,9.9489e+01,9.6136e+01,9.3778e+01,9.0906e+01,8.8795e+01,8.5990e+01,8.4304e+01,8.1291e+01,7.8615e+01,7.6135e+01,7.3296e+01,7.2849e+01,7.0250e+01,6.7274e+01,6.4969e+01,6.2235e+01,6.0457e+01,5.8086e+01,5.7777e+01,5.5284e+01,5.3753e+01,5.1786e+01,5.0187e+01,4.8096e+01,4.6988e+01,4.5019e+01,4.5255e+01,4.4211e+01,4.2750e+01,4.1584e+01,4.3022e+01,4.4434e+01,4.6931e+01,4.8401e+01,5.0668e+01,5.2093e+01,5.2529e+01,5.3942e+01,5.5493e+01,5.6453e+01,5.8746e+01,6.0809e+01,6.2732e+01,6.5139e+01,6.6624e+01,6.8824e+01,7.0017e+01,7.1603e+01,7.2381e+01,7.2800e+01,7.3761e+01,7.4831e+01,7.6040e+01,7.7054e+01,7.8103e+01,7.9293e+01,8.0790e+01,8.2041e+01,8.3711e+01,8.4616e+01,8.5676e+01,8.6867e+01,8.7428e+01,8.8217e+01,8.7995e+01,8.7729e+01
1.1371e+02,1.1370e+02,1.1352e+02,1.1350e+02,1.1319e+02,1.1307e+02,1.1306e+02,1.1298e+02,1.1244e+02,1.1222e+02,1.1199e+02,1.1194e+02,1.1175e+02,1.1193e+02,1.1213e+02,1.1205e+02,1.1242e+02,1.1249e+02,1.1281e+02,1.1325e+02,1.1376e+02,1.1420e+02,1.1511e+02,1.1610e+02,1.1699e+02,1.1798e+02,1.1846e+02,1.1959e+02,1.2066e+02,1.2190e+02,1.2300e+02,1.2455e+02,1.2608e+02,1.2781e+02,1.2987e+02,1.3136e+02,1.3392e+02,1.3572e+02,1.3832e+02,1.4012e+02,1.4130e+02,1.4181e+02,1.4236e+02,1.4137e+02,1.4013e+02,1.3922e+02,1.3801e+02,1.3827e+02,1.3712e+02,1.3448e+02,1.3286e+02,1.3102e+02,1.2830e+02,1.2580e+02,1.2465e+02,1.2151e+02,1.1948e+02,1.1739e+02,1.1409e+02,1.1195e+02,1.0928e+02,1.0619e+02,1.0536e+02,1.0291e+02,9.9942e+01,9.8077e+01,9.4710e+01,9.2358e+01,8.9480e+01,8.7385e+01,8.4552e+01,8.2829e+01,7.9820e+01,7.7138e+01,7.4677e+01,7.1812e+01,7.1326e+01,6.8721e+01,6.5739e+01,6.3450e+01,6.0705e+01,5.8958e+01,5.6539e+01,5.6171e+01,5.3645e+01,5.2090e+01,5.0146e+01,4.8515e+01,4.6429e+01,4.5274e+01,4.3356e+01,4.3607e+01,4.2644e+01,4.1216e+01,4.0135e+01,4.1634e+01,4.3041e+01,4.5536e+01,4.7062e+01,4.9337e+01,5.0724e+01,5.1130e+01,5.2521e+01,5.4054e+01,5.4975e+01,5.7269e+01,5.9328e+01,6.1241e+01,6.3656e+01,6.5168e+01,6.7374e+01,6.8602e+01,7.0211e+01,7.1003e+01,7.1431e+01,7.2409e+01,7.3494e+01,7.4717e+01,7.5743e+01,7.6807e+01,7.8011e+01,7.9523e+01,8.0787e+01,8.2475e+01,8.3387e+01,8.4457e+01,8.5658e+01,8.6222e+01,8.7020e+01,8.6794e+01,8.6523e+01
1.1215e+02,1.1214e+02,1.1195e+02,1.1194e+02,1.1162e+02,1.1150e+02,1.1148e+02,1.1139e+02,1.1086e+02,1.1063e+02,1.1039e+02,1.1034e+02,1.1013e+02,1.1030e+02,1.1050e+02,1.1042e+02,1.1080e+02,1.1088e+02,1.1121e+02,1.1165e+02,1.1215e+02,1.1256e+02,1.1347e+02,1.1445e+02,1.1534e+02,1.1632e+02,1.1680e+02,1.1793e+02,1.1899e+02,1.2024e+02,1.2134e+02,1.2289e+02,1.2442e+02,1.2616e+02,1.2822e+02,1.2971e+02,1.3227e+02,1.3407e+02,1.3668e+02,1.3849e+02,1.3968e+02,1.4018e+02,1.4073e+02,1.3973e+02,1.3847e+02,1.3757e+02,1.3638e+02,1.3666e+02,1.3554e+02,1.3291e+02,1.3132e+02,1.2950e+02,1.2679e+02,1.2430e+02,1.2319e+02,1.2006e+02,1.1804e+02,1.1597e+02,1.1265e+02,1.1052e+02,1.0786e+02,1.0476e+02,1.0396e+02,1.0149e+02,9.8526e+01,9.6675e+01,9.3279e+01,9.0888e+01,8.8007e+01,8.5890e+01,8.3042e+01,8.1306e+01,7.8272e+01,7.5601e+01,7.3122e+01,7.0240e+01,6.9764e+01,6.7176e+01,6.4141e+01,6.1878e+01,5.9066e+01,5.7336e+01,5.4866e+01,5.4449e+01,5.1890e+01,5.0222e+01,4.8247e+01,4.6495e+01,4.4323e+01,4.3068e+01,4.1115e+01,4.1278e+01,4.0322e+01,3.8824e+01,3.7789e+01,3.9308e+01,4.0656e+01,4.3160e+01,4.4695e+01,4.6994e+01,4.8358e+01,4.8716e+01,5.0093e+01,5.1610e+01,5.2501e+01,5.4804e+01,5.6887e+01,5.8813e+01,6.1235e+01,6.2748e+01,6.4961e+01,6.6200e+01,6.7827e+01,6.8624e+01,6.9053e+01,7.0042e+01,7.1139e+01,7.2372e+01,7.3406e+01,7.4479e+01,7.5696e+01,7.7223e+01,7.8499e+01,8.0203e+01,8.1121e+01,8.2199e+01,8.3412e+01,8.3983e+01,8.4790e+01,8.4564e+01,8.4292e+01
1.1139e+02,1.1138e+02,1.1119e+02,1.1117e+02,1.1085e+02,1.1072e+02,1.1070e+02,1.1061e+02,1.1007e+02,1.0984e+02,1.0959e+02,1.0954e+02,1.0932e+02,1.0949e+02,1.0971e+02,1.0963e+02,1.1001e+02,1.1009e+02,1.1042e+02,1.1086e+02,1.1136e+02,1.1177e+02,1.1269e+02,1.1367e+02,1.1456e+02,1.1553e+02,1.1602e+02,1.1714e+02,1.1820e+02,1.1945e+02,1.2056e+02,1.2211e+02,1.2363e+02,1.2538e+02,1.2745e+02,1.2894e+02,1.3150e+02,1.3330e+02,1.3591e+02,1.3772e+02,1.3892e+02,1.3943e+02,1.3998e+02,1.3898e+02,1.3772e+02,1.3681e+02,1.3563e+02,1.3592e+02,1.3481e+02,1.3219e+02,1.3060e+02,1.2879e+02,1.2608e+02,1.2359e+02,1.2249e+02,1.1936e+02,1.1734e+02,1.1529e+02,1.1195e+02,1.0983e+02,1.0718e+02,1.0408e+02,1.0330e+02,1.0081e+02,9.7843e+01,9.5997e+01,9.2590e+01,9.0166e+01,8.7291e+01,8.5154e+01,8.2312e+01,8.0583e+01,7.7527e+01,7.4861e+01,7.2362e+01,6.9474e+01,6.9020e+01,6.6442e+01,6.3372e+01,6.1109e+01,5.8248e+01,5.6503e+01,5.4022e+01,5.3612e+01,5.1045e+01,4.9313e+01,4.7295e+01,4.5487e+01,4.3275e+01,4.2019e+01,4.0024e+01,4.0126e+01,3.9123e+01,3.7590e+01,3.6535e+01,3.8027e+01,3.9348e+01,4.1834e+01,4.3357e+01,4.5655e+01,4.7021e+01,4.7387e+01,4.8764e+01,5.0285e+01,5.1189e+01,5.3491e+01,5.5566e+01,5.7494e+01,5.9905e+01,6.1410e+01,6.3618e+01,6.4859e+01,6.6491e+01,6.7292e+01,6.7723e+01,6.8715e+01,6.9814e+01,7.1051e+01,7.2091e+01,7.3172e+01,7.4395e+01,7.5929e+01,7.7208e+01,7.8920e+01,7.9842e+01,8.0924e+01,8.2141e+01,8.2715e+01,8.3526e+01,8.3299e+01,8.3027e+01
1.1023e+02,1.1022e+02,1.1003e+02,1.1002e+02,1.0971e+02,1.0957e+02,1.0954e+02,1.0946e+02,1.0892e+02,1.0868e+02,1.0841e+02,1.0834e+02,1.0811e+02,1.0826e+02,1.0848e+02,1.0840e+02,1.0879e+02,1.0887e+02,1.0920e+02,1.0963e+02,1.1012e+02,1.1051e+02,1.1142e+02,1.1239e+02,1.1327e+02,1.1423e+02,1.1471e+02,1.1584e+02,1.1690e+02,1.1815e+02,1.1926e+02,1.2082e+02,1.2233e+02,1.2409e+02,1.2615e+02,1.2765e+02,1.3022e+02,1.3201e+02,1.3463e+02,1.3644e+02,1.3766e+02,1.3817e+02,1.3871e+02,1.3770e+02,1.3643e+02,1.3553e+02,1.3437e+02,1.3468e+02,1.3359e+02,1.3098e+02,1.2941e+02,1.2762e+02,1.2493e+02,1.2245e+02,1.2138e+02,1.1826e+02,1.1626e+02,1.1422e+02,1.1086e+02,1.0875e+02,1.0610e+02,1.0299e+02,1.0222e+02,9.9724e+01,9.6750e+01,9.4913e+01,9.1476e+01,8.9021e+01,8.6136e+01,8.3981e+01,8.1114e+01,7.9363e+01,7.6283e+01,7.3616e+01,7.1099e+01,6.8188e+01,6.7736e+01,6.5164e+01,6.2044e+01,5.9796e+01,5.6874e+01,5.5142e+01,5.2605e+01,5.2143e+01,4.9532e+01,4.7697e+01,4.5650e+01,4.3726e+01,4.1436e+01,4.0083e+01,3.8059e+01,3.8081e+01,3.7103e+01,3.5511e+01,3.4523e+01,3.6068e+01,3.7347e+01,3.9849e+01,4.1407e+01,4.3742e+01,4.5078e+01,4.5392e+01,4.6743e+01,4.8237e+01,4.9106e+01,5.1412e+01,5.3532e+01,5.5470e+01,5.7888e+01,5.9395e+01,6.1609e+01,6.2860e+01,6.4507e+01,6.5314e+01,6.5745e+01,6.6747e+01,6.7856e+01,6.9103e+01,7.0151e+01,7.1240e+01,7.2473e+01,7.4019e+01,7.5309e+01,7.7037e+01,7.7965e+01,7.9056e+01,8.0285e+01,8.0865e+01,8.1685e+01,8.1456e+01,8.1183e+01
1.1018e+02,1.1018e+02,1.0999e+02,1.0999e+02,1.0968e+02,1.0953e+02,1.0950e+02,1.0942e+02,1.0889e+02,1.0864e+02,1.0835e+02,1.0828e+02,1.0803e+02,1.0816e+02,1.0839e+02,1.0831e+02,1.0870e+02,1.0878e+02,1.0911e+02,1.0954e+02,1.1003e+02,1.1041e+02,1.1132e+02,1.1227e+02,1.1316e+02,1.1411e+02,1.1460e+02,1.1573e+02,1.1680e+02,1.1806e+02,1.1918e+02,1.2073e+02,1.2225e+02,1.2401e+02,1.2607e+02,1.2757e+02,1.3013e+02,1.3192e+02,1.3453e+02,1.3633e+02,1.3755e+02,1.3806e+02,1.3859e+02,1.3759e+02,1.3631e+02,1.3542e+02,1.3426e+02,1.3458e+02,1.3349e+02,1.3088e+02,1.2933e+02,1.2755e+02,1.2486e+02,1.2240e+02,1.2135e+02,1.1824e+02,1.1625e+02,1.1421e+02,1.1083e+02,1.0873e+02,1.0606e+02,1.0295e+02,1.0218e+02,9.9693e+01,9.6708e+01,9.4875e+01,9.1422e+01,8.8972e+01,8.6075e+01,8.3929e+01,8.1032e+01,7.9248e+01,7.6168e+01,7.3488e+01,7.0974e+01,6.8036e+01,6.7556e+01,6.4967e+01,6.1838e+01,5.9589e+01,5.6660e+01,5.4939e+01,5.2368e+01,5.1874e+01,4.9238e+01,4.7394e+01,4.5356e+01,4.3410e+01,4.1094e+01,3.9684e+01,3.7663e+01,3.7686e+01,3.6750e+01,3.5123e+01,3.4181e+01,3.5806e+01,3.7085e+01,3.9638e+01,4.1240e+01,4.3631e+01,4.4940e+01,4.5212e+01,4.6528e+01,4.7989e+01,4.8820e+01,5.1116e+01,5.3275e+01,5.5214e+01,5.7640e+01,5.9151e+01,6.1370e+01,6.2633e+01,6.4290e+01,6.5105e+01,6.5536e+01,6.6540e+01,6.7655e+01,6.8910e+01,6.9959e+01,7.1046e+01,7.2279e+01,7.3827e+01,7.5121e+01,7.6855e+01,7.7787e+01,7.8881e+01,8.0115e+01,8.0698e+01,8.1521e+01,8.1291e+01,8.1017e+01
1.0949e+02,1.0949e+02,1.0931e+02,1.0931e+02,1.0901e+02,1.0886e+02,1.0883e+02,1.0876e+02,1.0822e+02,1.0795e+02,1.0765e+02,1.0756e+02,1.0729e+02,1.0741e+02,1.0764e+02,1.0756e+02,1.0795e+02,1.0803e+02,1.0835e+02,1.0876e+02,1.0925e+02,1.0962e+02,1.1052e+02,1.1147e+02,1.1235e+02,1.1330e+02,1.1378e+02,1.1491e+02,1.1598e+02,1.1726e+02,1.1838e+02,1.1993e+02,1.2145e+02,1.2321e+02,1.2526e+02,1.2676e+02,1.2932e+02,1.3111e+02,1.3371e+02,1.3551e+02,1.3673e+02,1.3723e+02,1.3775e+02,1.3675e+02,1.3547e+02,1.3459e+02,1.3344e+02,1.3377e+02,1.3269e+02,1.3009e+02,1.2856e+02,1.2679e+02,1.2412e+02,1.2168e+02,1.2064e+02,1.1755e+02,1.1558e+02,1.1353e+02,1.1015e+02,1.0806e+02,1.0537e+02,1.0226e+02,1.0150e+02,9.9019e+01,9.6025e+01,9.4201e+01,9.0729e+01,8.8280e+01,8.5371e+01,8.3234e+01,8.0297e+01,7.8472e+01,7.5390e+01,7.2698e+01,7.0193e+01,6.7228e+01,6.6713e+01,6.4111e+01,6.0972e+01,5.8738e+01,5.5794e+01,5.4106e+01,5.1478e+01,5.0914e+01,4.8235e+01,4.6364e+01,4.4352e+01,4.2365e+01,4.0038e+01,3.8559e+01,3.6582e+01,3.6609e+01,3.5762e+01,3.4142e+01,3.3302e+01,3.4999e+01,3.6253e+01,3.8812e+01,4.0457e+01,4.2871e+01,4.4137e+01,4.4349e+01,4.5617e+01,4.7035e+01,4.7796e+01,5.0083e+01,5.2264e+01,5.4185e+01,5.6614e+01,5.8131e+01,6.0349e+01,6.1631e+01,6.3303e+01,6.4125e+01,6.4560e+01,6.5574e+01,6.6699e+01,6.7962e+01,6.9016e+01,7.0106e+01,7.1344e+01,7.2900e+01,7.4201e+01,7.5945e+01,7.6878e+01,7.7976e+01,7.9214e+01,7.9800e+01,8.0627e+01,8.0396e+01,8.0121e+01
1.0966e+02,1.0966e+02,1.0948e+02,1.0949e+02,1.0919e+02,1.0905e+02,1.0901e+02,1.0894e+02,1.0840e+02,1.0814e+02,1.0782e+02,1.0773e+02,1.0745e+02,1.0754e+02,1.0778e+02,1.0769e+02,1.0809e+02,1.0817e+02,1.0849e+02,1.0889e+02,1.0937e+02,1.0972e+02,1.1060e+02,1.1153e+02,1.1240e+02,1.1333e+02,1.1383e+02,1.1495e+02,1.1602e+02,1.1729e+02,1.1841e+02,1.1995e+02,1.2146e+02,1.2322e+02,1.2527e+02,1.2677e+02,1.2933e+02,1.3113e+02,1.3374e+02,1.3553e+02,1.3678e+02,1.3728e+02,1.3779e+02,1.3680e+02,1.3551e+02,1.3465e+02,1.3352e+02,1.3386e+02,1.3281e+02,1.3022e+02,1.2872e+02,1.2696e+02,1.2429e+02,1.2186e+02,1.2085e+02,1.1776e+02,1.1581e+02,1.1376e+02,1.1036e+02,1.0828e+02,1.0558e+02,1.0246e+02,1.0170e+02,9.9210e+01,9.6205e+01,9.4371e+01,9.0881e+01,8.8417e+01,8.5490e+01,8.3335e+01,8.0378e+01,7.8547e+01,7.5445e+01,7.2741e+01,7.0212e+01,6.7241e+01,6.6741e+01,6.4130e+01,6.0964e+01,5.8719e+01,5.5741e+01,5.4033e+01,5.1376e+01,5.0803e+01,4.8083e+01,4.6157e+01,4.4113e+01,4.2075e+01,3.9713e+01,3.8213e+01,3.6201e+01,3.6168e+01,3.5288e+01,3.3632e+01,3.2780e+01,3.4481e+01,3.5732e+01,3.8302e+01,3.9956e+01,4.2396e+01,4.3659e+01,4.3860e+01,4.5128e+01,4.6535e+01,4.7293e+01,4.9573e+01,5.1800e+01,5.3751e+01,5.6194e+01,5.7711e+01,5.9941e+01,6.1223e+01,6.2907e+01,6.3723e+01,6.4144e+01,6.5152e+01,6.6273e+01,6.7534e+01,6.8585e+01,6.9674e+01,7.0906e+01,7.2461e+01,7.3762e+01,7.5507e+01,7.6439e+01,7.7536e+01,7.8774e+01,7.9358e+01,8.0185e+01,7.9956e+01,7.9682e+01
1.0826e+02,1.0827e+02,1.0809e+02,1.0810e+02,1.0782e+02,1.0767e+02,1.0763e+02,1.0756e+02,1.0703e+02,1.0675e+02,1.0642e+02,1.0631e+02,1.0601e+02,1.0609e+02,1.0633e+02,1.0624e+02,1.0664e+02,1.0672e+02,1.0703e+02,1.0743e+02,1.0790e+02,1.0823e+02,1.0910e+02,1.1001e+02,1.1088e+02,1.1181e+02,1.1230e+02,1.1343e+02,1.1450e+02,1.1578e+02,1.1690e+02,1.1844e+02,1.1994e+02,1.2169e+02,1.2374e+02,1.2525e+02,1.2781e+02,1.2960e+02,1.3222e+02,1.3401e+02,1.3527e+02,1.3577e+02,1.3627e+02,1.3529e+02,1.3399e+02,1.3313e+02,1.3202e+02,1.3239e+02,1.3135e+02,1.2877e+02,1.2729e+02,1.2554e+02,1.2288e+02,1.2047e+02,1.1948e+02,1.1641e+02,1.1446e+02,1.1243e+02,1.0902e+02,1.0695e+02,1.0425e+02,1.0113e+02,1.0039e+02,9.7893e+01,9.4885e+01,9.3067e+01,8.9556e+01,8.7070e+01,8.4142e+01,8.1983e+01,7.9009e+01,7.7157e+01,7.4043e+01,7.1348e+01,6.8813e+01,6.5824e+01,6.5323e+01,6.2728e+01,5.9521e+01,5.7304e+01,5.4274e+01,5.2595e+01,4.9890e+01,4.9257e+01,4.6509e+01,4.4492e+01,4.2442e+01,4.0305e+01,3.7887e+01,3.6331e+01,3.4309e+01,3.4192e+01,3.3338e+01,3.1659e+01,3.0899e+01,3.2640e+01,3.3844e+01,3.6403e+01,3.8104e+01,4.0559e+01,4.1776e+01,4.1935e+01,4.3146e+01,4.4534e+01,4.5258e+01,4.7541e+01,4.9774e+01,5.1737e+01,5.4188e+01,5.5720e+01,5.7970e+01,5.9267e+01,6.0975e+01,6.1799e+01,6.2220e+01,6.3243e+01,6.4377e+01,6.5654e+01,6.6719e+01,6.7817e+01,6.9063e+01,7.0632e+01,7.1947e+01,7.3711e+01,7.4651e+01,7.5760e+01,7.7011e+01,7.7604e+01,7.8441e+01,7.8210e+01,7.7934e+01
1.0657e+02,1.0657e+02,1.0640e+02,1.0641e+02,1.0614e+02,1.0599e+02,1.0595e+02,1.0589e+02,1.0534e+02,1.0506e+02,1.0473e+02,1.0461e+02,1.0430e+02,1.0436e+02,1.0460e+02,1.0451e+02,1.0490e+02,1.0498e+02,1.0528e+02,1.0568e+02,1.0615e+02,1.0648e+02,1.0735e+02,1.0825e+02,1.0912e+02,1.1006e+02,1.1055e+02,1.1168e+02,1.1276e+02,1.1404e+02,1.1517e+02,1.1671e+02,1.1821e+02,1.1997e+02,1.2201e+02,1.2351e+02,1.2607e+02,1.2786e+02,1.3047e+02,1.3226e+02,1.3351e+02,1.3400e+02,1.3450e+02,1.3350e+02,1.3220e+02,1.3134e+02,1.3023e+02,1.3060e+02,1.2957e+02,1.2700e+02,1.2553e+02,1.2380e+02,1.2114e+02,1.1874e+02,1.1778e+02,1.1472e+02,1.1279e+02,1.1076e+02,1.0733e+02,1.0526e+02,1.0256e+02,9.9439e+01,9.8718e+01,9.6220e+01,9.3213e+01,9.1406e+01,8.7882e+01,8.5389e+01,8.2463e+01,8.0308e+01,7.7314e+01,7.5441e+01,7.2328e+01,6.9643e+01,6.7112e+01,6.4113e+01,6.3602e+01,6.1020e+01,5.7802e+01,5.5622e+01,5.2582e+01,5.0957e+01,4.8217e+01,4.7509e+01,4.4755e+01,4.2709e+01,4.0700e+01,3.8514e+01,3.6072e+01,3.4453e+01,3.2475e+01,3.2376e+01,3.1616e+01,2.9987e+01,2.9353e+01,3.1182e+01,3.2403e+01,3.4970e+01,3.6767e+01,3.9246e+01,4.0467e+01,4.0606e+01,4.1758e+01,4.3157e+01,4.3820e+01,4.6125e+01,4.8349e+01,5.0288e+01,5.2751e+01,5.4307e+01,5.6559e+01,5.7885e+01,5.9617e+01,6.0462e+01,6.0898e+01,6.1951e+01,6.3112e+01,6.4410e+01,6.5487e+01,6.6597e+01,6.7860e+01,6.9444e+01,7.0773e+01,7.2557e+01,7.3508e+01,7.4627e+01,7.5893e+01,7.6492e+01,7.7338e+01,7.7103e+01,7.6822e+01
1.0492e+02,1.0493e+02,1.0476e+02,1.0478e+02,1.0452e+02,1.0437e+02,1.0432e+02,1.0426e+02,1.0371e+02,1.0342e+02,1.0308e+02,1.0295e+02,1.0264e+02,1.0268e+02,1.0291e+02,1.0281e+02,1.0321e+02,1.0329e+02,1.0361e+02,1.0400e+02,1.0445e+02,1.0475e+02,1.0561e+02,1.0650e+02,1.0735e+02,1.0828e+02,1.0877e+02,1.0990e+02,1.1097e+02,1.1225e+02,1.1338e+02,1.1491e+02,1.1639e+02,1.1815e+02,1.2020e+02,1.2171e+02,1.2428e+02,1.2607e+02,1.2869e+02,1.3048e+02,1.3175e+02,1.3224e+02,1.3272e+02,1.3172e+02,1.3040e+02,1.2955e+02,1.2846e+02,1.2884e+02,1.2784e+02,1.2528e+02,1.2383e+02,1.2213e+02,1.1948e+02,1.1710e+02,1.1618e+02,1.1313e+02,1.1122e+02,1.0923e+02,1.0578e+02,1.0374e+02,1.0105e+02,9.7937e+01,9.7260e+01,9.4761e+01,9.1764e+01,8.9990e+01,8.6450e+01,8.3929e+01,8.1019e+01,7.8861e+01,7.5861e+01,7.3970e+01,7.0850e+01,6.8196e+01,6.5673e+01,6.2664e+01,6.2153e+01,5.9614e+01,5.6356e+01,5.4241e+01,5.1150e+01,4.9595e+01,4.6810e+01,4.6007e+01,4.3247e+01,4.1092e+01,3.9113e+01,3.6793e+01,3.4281e+01,3.2590e+01,3.0606e+01,3.0361e+01,2.9611e+01,2.7927e+01,2.7396e+01,2.9225e+01,3.0338e+01,3.2861e+01,3.4669e+01,3.7143e+01,3.8288e+01,3.8363e+01,3.9443e+01,4.0814e+01,4.1439e+01,4.3730e+01,4.5956e+01,4.7900e+01,5.0366e+01,5.1939e+01,5.4207e+01,5.5556e+01,5.7306e+01,5.8161e+01,5.8602e+01,5.9671e+01,6.0846e+01,6.2162e+01,6.3250e+01,6.4370e+01,6.5651e+01,6.7253e+01,6.8598e+01,7.0405e+01,7.1366e+01,7.2494e+01,7.3776e+01,7.4384e+01,7.5243e+01,7.5006e+01,7.4721e+01
1.0305e+02,1.0305e+02,1.0288e+02,1.0291e+02,1.0265e+02,1.0250e+02,1.0244e+02,1.0238e+02,1.0183e+02,1.0154e+02,1.0119e+02,1.0105e+02,1.0074e+02,1.0077e+02,1.0099e+02,1.0089e+02,1.0129e+02,1.0138e+02,1.0171e+02,1.0209e+02,1.0253e+02,1.0282e+02,1.0366e+02,1.0455e+02,1.0540e+02,1.0632e+02,1.0681e+02,1.0793e+02,1.0900e+02,1.1029e+02,1.1141e+02,1.1294e+02,1.1442e+02,1.1620e+02,1.1823e+02,1.1976e+02,1.2233e+02,1.2411e+02,1.2673e+02,1.2851e+02,1.2978e+02,1.3025e+02,1.3072e+02,1.2971e+02,1.2838e+02,1.2751e+02,1.2643e+02,1.2681e+02,1.2582e+02,1.2328e+02,1.2185e+02,1.2017e+02,1.1754e+02,1.1518e+02,1.1429e+02,1.1125e+02,1.0938e+02,1.0740e+02,1.0395e+02,1.0194e+02,9.9258e+01,9.6161e+01,9.5528e+01,9.3045e+01,9.0067e+01,8.8337e+01,8.4791e+01,8.2266e+01,7.9383e+01,7.7250e+01,7.4237e+01,7.2312e+01,6.9205e+01,6.6589e+01,6.4101e+01,6.1072e+01,6.0528e+01,5.8033e+01,5.4755e+01,5.2730e+01,4.9624e+01,4.8180e+01,4.5355e+01,4.4418e+01,4.1676e+01,3.9458e+01,3.7576e+01,3.5167e+01,3.2642e+01,3.0894e+01,2.8987e+01,2.8653e+01,2.7976e+01,2.6296e+01,2.5908e+01,2.7731e+01,2.8755e+01,3.1222e+01,3.3062e+01,3.5517e+01,3.6628e+01,3.6657e+01,3.7645e+01,3.9012e+01,3.9564e+01,4.1851e+01,4.4059e+01,4.5977e+01,4.8447e+01,5.0046e+01,5.2333e+01,5.3714e+01,5.5491e+01,5.6350e+01,5.6796e+01,5.7885e+01,5.9075e+01,6.0412e+01,6.1514e+01,6.2642e+01,6.3935e+01,6.5555e+01,6.6914e+01,6.8737e+01,6.9705e+01,7.0842e+01,7.2138e+01,7.2751e+01,7.3620e+01,7.3381e+01,7.3093e+01
1.0100e+02,1.0100e+02,1.0083e+02,1.0087e+02,1.0061e+02,1.0046e+02,1.0041e+02,1.0034e+02,9.9791e+01,9.9489e+01,9.9134e+01,9.8986e+01,9.8676e+01,9.8696e+01,9.8909e+01,9.8807e+01,9.9204e+01,9.9305e+01,9.9628e+01,1.0002e+02,1.0046e+02,1.0075e+02,1.0160e+02,1.0249e+02,1.0334e+02,1.0428e+02,1.0478e+02,1.0591e+02,1.0698e+02,1.0828e+02,1.0942e+02,1.1095e+02,1.1244e+02,1.1423e+02,1.1627e+02,1.1780e+02,1.2037e+02,1.2215e+02,1.2477e+02,1.2654e+02,1.2780e+02,1.2826e+02,1.2874e+02,1.2772e+02,1.2638e+02,1.2550e+02,1.2441e+02,1.2478e+02,1.2379e+02,1.2124e+02,1.1981e+02,1.1813e+02,1.1551e+02,1.1314e+02,1.1225e+02,1.0921e+02,1.0734e+02,1.0538e+02,1.0191e+02,9.9907e+01,9.7234e+01,9.4138e+01,9.3529e+01,9.1039e+01,8.8066e+01,8.6356e+01,8.2801e+01,8.0257e+01,7.7389e+01,7.5258e+01,7.2237e+01,7.0291e+01,6.7178e+01,6.4577e+01,6.2101e+01,5.9050e+01,5.8490e+01,5.6016e+01,5.2714e+01,5.0738e+01,4.7603e+01,4.6230e+01,4.3367e+01,4.2343e+01,3.9608e+01,3.7332e+01,3.5504e+01,3.3017e+01,3.0453e+01,2.8636e+01,2.6780e+01,2.6409e+01,2.5831e+01,2.4169e+01,2.3943e+01,2.5817e+01,2.6781e+01,2.9223e+01,3.1133e+01,3.3600e+01,3.4673e+01,3.4690e+01,3.5635e+01,3.7031e+01,3.7560e+01,3.9877e+01,4.2037e+01,4.3944e+01,4.6433e+01,4.8087e+01,5.0389e+01,5.1815e+01,5.3623e+01,5.4510e+01,5.4980e+01,5.6102e+01,5.7323e+01,5.8691e+01,5.9818e+01,6.0970e+01,6.2290e+01,6.3939e+01,6.5322e+01,6.7175e+01,6.8160e+01,6.9315e+01,7.0632e+01,7.1254e+01,7.2135e+01,7.1889e+01,7.1594e+01
9.9538e+01,9.9537e+01,9.9363e+01,9.9408e+01,9.9152e+01,9.9004e+01,9.8943e+01,9.8881e+01,9.8330e+01,9.8026e+01,9.7665e+01,9.7508e+01,9.7190e+01,9.7194e+01,9.7405e+01,9.7299e+01,9.7707e+01,9.7816e+01,9.8155e+01,9.8544e+01,9.8975e+01,9.9239e+01,1.0007e+02,1.0094e+02,1.0178e+02,1.0271e+02,1.0322e+02,1.0434e+02,1.0541e+02,1.0671e+02,1.0784e+02,1.0937e+02,1.1084e+02,1.1264e+02,1.1469e+02,1.1623e+02,1.1881e+02,1.2060e+02,1.2323e+02,1.2500e+02,1.2628e+02,1.2674e+02,1.2721e+02,1.2617e+02,1.2481e+02,1.2394e+02,1.2287e+02,1.2326e+02,1.2230e+02,1.1977e+02,1.1836e+02,1.1670e+02,1.1410e+02,1.1173e+02,1.1089e+02,1.0786e+02,1.0600e+02,1.0407e+02,1.0058e+02,9.8598e+01,9.5944e+01,9.2845e+01,9.2274e+01,8.9769e+01,8.6804e+01,8.5115e+01,8.1543e+01,7.8957e+01,7.6102e+01,7.3950e+01,7.0933e+01,6.8989e+01,6.5858e+01,6.3291e+01,6.0804e+01,5.7759e+01,5.7227e+01,5.4804e+01,5.1457e+01,4.9545e+01,4.6350e+01,4.5035e+01,4.2144e+01,4.1045e+01,3.8320e+01,3.5910e+01,3.4098e+01,3.1452e+01,2.8784e+01,2.6877e+01,2.4988e+01,2.4413e+01,2.3821e+01,2.2068e+01,2.1953e+01,2.3816e+01,2.4649e+01,2.7054e+01,2.8988e+01,3.1473e+01,3.2491e+01,3.2450e+01,3.3363e+01,3.4759e+01,3.5252e+01,3.7585e+01,3.9743e+01,4.1674e+01,4.4176e+01,4.5863e+01,4.8181e+01,4.9634e+01,5.1468e+01,5.2365e+01,5.2835e+01,5.3980e+01,5.5214e+01,5.6600e+01,5.7737e+01,5.8900e+01,6.0236e+01,6.1905e+01,6.3302e+01,6.5178e+01,6.6173e+01,6.7338e+01,6.8672e+01,6.9300e+01,7.0194e+01,6.9946e+01,6.9647e+01
9.7593e+01,9.7581e+01,9.7399e+01,9.7451e+01,9.7193e+01,9.7039e+01,9.6967e+01,9.6899e+01,9.6348e+01,9.6048e+01,9.5678e+01,9.5517e+01,9.5202e+01,9.5201e+01,9.5406e+01,9.5304e+01,9.5713e+01,9.5834e+01,9.6184e+01,9.6582e+01,9.7006e+01,9.7269e+01,9.8096e+01,9.8976e+01,9.9821e+01,1.0075e+02,1.0127e+02,1.0238e+02,1.0344e+02,1.0475e+02,1.0590e+02,1.0743e+02,1.0890e+02,1.1071e+02,1.1276e+02,1.1431e+02,1.1690e+02,1.1868e+02,1.2132e+02,1.2308e+02,1.2437e+02,1.2482e+02,1.2529e+02,1.2423e+02,1.2286e+02,1.2197e+02,1.2091e+02,1.2130e+02,1.2035e+02,1.1784e+02,1.1642e+02,1.1479e+02,1.1221e+02,1.0983e+02,1.0902e+02,1.0600e+02,1.0415e+02,1.0225e+02,9.8733e+01,9.6772e+01,9.4137e+01,9.1039e+01,9.0514e+01,8.7998e+01,8.5048e+01,8.3390e+01,7.9808e+01,7.7186e+01,7.4356e+01,7.2198e+01,6.9189e+01,6.7242e+01,6.4101e+01,6.1576e+01,5.9095e+01,5.6042e+01,5.5519e+01,5.3151e+01,4.9766e+01,4.7933e+01,4.4693e+01,4.3465e+01,4.0553e+01,3.9362e+01,3.6676e+01,3.4152e+01,3.2386e+01,2.9588e+01,2.6817e+01,2.4800e+01,2.2911e+01,2.2132e+01,2.1603e+01,1.9770e+01,1.9885e+01,2.1766e+01,2.2440e+01,2.4784e+01,2.6775e+01,2.9275e+01,3.0258e+01,3.0164e+01,3.1019e+01,3.2455e+01,3.2915e+01,3.5300e+01,3.7415e+01,3.9358e+01,4.1885e+01,4.3605e+01,4.5939e+01,4.7430e+01,4.9295e+01,5.0216e+01,5.0703e+01,5.1878e+01,5.3143e+01,5.4557e+01,5.5712e+01,5.6894e+01,5.8254e+01,5.9946e+01,6.1362e+01,6.3262e+01,6.4270e+01,6.5449e+01,6.6803e+01,6.7439e+01,6.8345e+01,6.8093e+01,6.7790e+01
9.6644e+01,9.6630e+01,9.6444e+01,9.6499e+01,9.6244e+01,9.6089e+01,9.6012e+01,9.5948e+01,9.5399e+01,9.5099e+01,9.4721e+01,9.4552e+01,9.4235e+01,9.4225e+01,9.4433e+01,9.4342e+01,9.4755e+01,9.4891e+01,9.5256e+01,9.5663e+01,9.6079e+01,9.6332e+01,9.7154e+01,9.8022e+01,9.8863e+01,9.9782e+01,1.0031e+02,1.0141e+02,1.0246e+02,1.0377e+02,1.0493e+02,1.0646e+02,1.0792e+02,1.0975e+02,1.1182e+02,1.1337e+02,1.1596e+02,1.1775e+02,1.2039e+02,1.2215e+02,1.2344e+02,1.2389e+02,1.2435e+02,1.2328e+02,1.2188e+02,1.2098e+02,1.1993e+02,1.2033e+02,1.1940e+02,1.1690e+02,1.1550e+02,1.1390e+02,1.1133e+02,1.0896e+02,1.0819e+02,1.0516e+02,1.0333e+02,1.0146e+02,9.7932e+01,9.5996e+01,9.3389e+01,9.0295e+01,8.9816e+01,8.7291e+01,8.4362e+01,8.2736e+01,7.9151e+01,7.6494e+01,7.3694e+01,7.1524e+01,6.8536e+01,6.6599e+01,6.3450e+01,6.0968e+01,5.8485e+01,5.5442e+01,5.4946e+01,5.2635e+01,4.9223e+01,4.7457e+01,4.4179e+01,4.3014e+01,4.0105e+01,3.8866e+01,3.6234e+01,3.3617e+01,3.1874e+01,2.8953e+01,2.6059e+01,2.3969e+01,2.1988e+01,2.0974e+01,2.0396e+01,1.8397e+01,1.8642e+01,2.0471e+01,2.0914e+01,2.3208e+01,2.5168e+01,2.7719e+01,2.8607e+01,2.8426e+01,2.9237e+01,3.0651e+01,3.1122e+01,3.3495e+01,3.5579e+01,3.7520e+01,4.0047e+01,4.1775e+01,4.4109e+01,4.5619e+01,4.7498e+01,4.8438e+01,4.8934e+01,5.0131e+01,5.1414e+01,5.2846e+01,5.4013e+01,5.5205e+01,5.6581e+01,5.8291e+01,5.9722e+01,6.1642e+01,6.2660e+01,6.3852e+01,6.5223e+01,6.5865e+01,6.6781e+01,6.6525e+01,6.6219e+01
9.5410e+01,9.5392e+01,9.5198e+01,9.5253e+01,9.4992e+01,9.4830e+01,9.4747e+01,9.4674e+01,9.4125e+01,9.3830e+01,9.3454e+01,9.3289e+01,9.2980e+01,9.2974e+01,9.3173e+01,9.3085e+01,9.3499e+01,9.3643e+01,9.4025e+01,9.4439e+01,9.4852e+01,9.5106e+01,9.5924e+01,9.6814e+01,9.7655e+01,9.8580e+01,9.9122e+01,1.0023e+02,1.0126e+02,1.0258e+02,1.0374e+02,1.0528e+02,1.0673e+02,1.0857e+02,1.1064e+02,1.1219e+02,1.1479e+02,1.1656e+02,1.1921e+02,1.2096e+02,1.2225e+02,1.2269e+02,1.2316e+02,1.2206e+02,1.2065e+02,1.1973e+02,1.1870e+02,1.1909e+02,1.1818e+02,1.1569e+02,1.1429e+02,1.1271e+02,1.1016e+02,1.0780e+02,1.0706e+02,1.0405e+02,1.0222e+02,1.0038e+02,9.6825e+01,9.4900e+01,9.2301e+01,8.9207e+01,8.8758e+01,8.6226e+01,8.3302e+01,8.1691e+01,7.8094e+01,7.5416e+01,7.2630e+01,7.0452e+01,6.7462e+01,6.5519e+01,6.2368e+01,5.9912e+01,5.7438e+01,5.4398e+01,5.3898e+01,5.1623e+01,4.8206e+01,4.6503e+01,4.3216e+01,4.2122e+01,3.9195e+01,3.7883e+01,3.5278e+01,3.2598e+01,3.0912e+01,2.7895e+01,2.4945e+01,2.2708e+01,2.0795e+01,1.9625e+01,1.9212e+01,1.7193e+01,1.7730e+01,1.9548e+01,1.9838e+01,2.2057e+01,2.4078e+01,2.6636e+01,2.7546e+01,2.7325e+01,2.8111e+01,2.9568e+01,2.9963e+01,3.2410e+01,3.4430e+01,3.6352e+01,3.8891e+01,4.0628e+01,4.2941e+01,4.4478e+01,4.6374e+01,4.7336e+01,4.7844e+01,4.9062e+01,5.0363e+01,5.1810e+01,5.2983e+01,5.4183e+01,5.5567e+01,5.7285e+01,5.8723e+01,6.0653e+01,6.1678e+01,6.2875e+01,6.4255e+01,6.4901e+01,6.5823e+01,6.5562e+01,6.5253e+01
9.3630e+01,9.3609e+01,9.3411e+01,9.3467e+01,9.3216e+01,9.3049e+01,9.2963e+01,9.2891e+01,9.2337e+01,9.2028e+01,9.1636e+01,9.1463e+01,9.1140e+01,9.1122e+01,9.1327e+01,9.1245e+01,9.1659e+01,9.1811e+01,9.2196e+01,9.2611e+01,9.3019e+01,9.3269e+01,9.4084e+01,9.4976e+01,9.5819e+01,9.6743e+01,9.7299e+01,9.8396e+01,9.9419e+01,1.0075e+02,1.0190e+02,1.0345e+02,1.0490e+02,1.0675e+02,1.0882e+02,1.1036e+02,1.1295e+02,1.1471e+02,1.1735e+02,1.1909e+02,1.2038e+02,1.2080e+02,1.2126e+02,1.2014e+02,1.1872e+02,1.1780e+02,1.1677e+02,1.1717e+02,1.1627e+02,1.1380e+02,1.1242e+02,1.1087e+02,1.0836e+02,1.0601e+02,1.0532e+02,1.0232e+02,1.0053e+02,9.8724e+01,9.5156e+01,9.3269e+01,9.0692e+01,8.7615e+01,8.7230e+01,8.4706e+01,8.1812e+01,8.0257e+01,7.6662e+01,7.3967e+01,7.1225e+01,6.9068e+01,6.6083e+01,6.4121e+01,6.0987e+01,5.8593e+01,5.6159e+01,5.3116e+01,5.2605e+01,5.0413e+01,4.6985e+01,4.5411e+01,4.2112e+01,4.1161e+01,3.8225e+01,3.6776e+01,3.4235e+01,3.1451e+01,2.9899e+01,2.6764e+01,2.3830e+01,2.1557e+01,1.9820e+01,1.8435e+01,1.8199e+01,1.6252e+01,1.7160e+01,1.8901e+01,1.8914e+01,2.0882e+01,2.2914e+01,2.5358e+01,2.6117e+01,2.5800e+01,2.6392e+01,2.7787e+01,2.8023e+01,3.0440e+01,3.2371e+01,3.4205e+01,3.6732e+01,3.8481e+01,4.0782e+01,4.2360e+01,4.4291e+01,4.5276e+01,4.5799e+01,4.7043e+01,4.8370e+01,4.9844e+01,5.1036e+01,5.2249e+01,5.3654e+01,5.5388e+01,5.6841e+01,5.8789e+01,5.9821e+01,6.1029e+01,6.2426e+01,6.3081e+01,6.4013e+01,6.3751e+01,6.3437e+01
9.3521e+01,9.3502e+01,9.3307e+01,9.3369e+01,9.3121e+01,9.2941e+01,9.2846e+01,9.2770e+01,9.2219e+01,9.1905e+01,9.1502e+01,9.1325e+01,9.1001e+01,9.0975e+01,9.1190e+01,9.1123e+01,9.1544e+01,9.1705e+01,9.2099e+01,9.2516e+01,9.2930e+01,9.3183e+01,9.4006e+01,9.4911e+01,9.5758e+01,9.6686e+01,9.7252e+01,9.8355e+01,9.9376e+01,1.0071e+02,1.0187e+02,1.0341e+02,1.0488e+02,1.0673e+02,1.0878e+02,1.1031e+02,1.1288e+02,1.1462e+02,1.1724e+02,1.1894e+02,1.2022e+02,1.2061e+02,1.2106e+02,1.1991e+02,1.1850e+02,1.1754e+02,1.1650e+02,1.1687e+02,1.1598e+02,1.1353e+02,1.1218e+02,1.1066e+02,1.0818e+02,1.0590e+02,1.0523e+02,1.0227e+02,1.0054e+02,9.8752e+01,9.5185e+01,9.3347e+01,9.0765e+01,8.7731e+01,8.7401e+01,8.4929e+01,8.2059e+01,8.0571e+01,7.6980e+01,7.4325e+01,7.1622e+01,6.9531e+01,6.6518e+01,6.4485e+01,6.1404e+01,5.9043e+01,5.6693e+01,5.3618e+01,5.3004e+01,5.0835e+01,4.7452e+01,4.5972e+01,4.2729e+01,4.1920e+01,3.8925e+01,3.7298e+01,3.4752e+01,3.2004e+01,3.0647e+01,2.7532e+01,2.4714e+01,2.2343e+01,2.0867e+01,1.9576e+01,1.9649e+01,1.7799e+01,1.8935e+01,2.0651e+01,2.0505e+01,2.2352e+01,2.4324e+01,2.6682e+01,2.7309e+01,2.6831e+01,2.7226e+01,2.8450e+01,2.8448e+01,3.0736e+01,3.2582e+01,3.4239e+01,3.6679e+01,3.8362e+01,4.0594e+01,4.2168e+01,4.4086e+01,4.5069e+01,4.5589e+01,4.6833e+01,4.8153e+01,4.9619e+01,5.0801e+01,5.1998e+01,5.3390e+01,5.5112e+01,5.6552e+01,5.8483e+01,5.9503e+01,6.0701e+01,6.2091e+01,6.2744e+01,6.3673e+01,6.3414e+01,6.3103e+01
9.1986e+01,9.1966e+01,9.1769e+01,9.1832e+01,9.1593e+01,9.1403e+01,9.1308e+01,9.1230e+01,9.0671e+01,9.0343e+01,8.9933e+01,8.9747e+01,8.9418e+01,8.9379e+01,8.9596e+01,8.9534e+01,8.9952e+01,9.0122e+01,9.0521e+01,9.0941e+01,9.1361e+01,9.1620e+01,9.2450e+01,9.3364e+01,9.4221e+01,9.5166e+01,9.5755e+01,9.6873e+01,9.7891e+01,9.9231e+01,1.0039e+02,1.0194e+02,1.0342e+02,1.0527e+02,1.0730e+02,1.0882e+02,1.1137e+02,1.1308e+02,1.1569e+02,1.1737e+02,1.1863e+02,1.1899e+02,1.1944e+02,1.1827e+02,1.1686e+02,1.1588e+02,1.1484e+02,1.1520e+02,1.1432e+02,1.1187e+02,1.1053e+02,1.0904e+02,1.0660e+02,1.0434e+02,1.0372e+02,1.0078e+02,9.9096e+01,9.7324e+01,9.3745e+01,9.1944e+01,8.9354e+01,8.6346e+01,8.6064e+01,8.3626e+01,8.0771e+01,7.9336e+01,7.5744e+01,7.3114e+01,7.0444e+01,6.8405e+01,6.5371e+01,6.3281e+01,6.0247e+01,5.7927e+01,5.5655e+01,5.2564e+01,5.1875e+01,4.9757e+01,4.6423e+01,4.5065e+01,4.1883e+01,4.1244e+01,3.8232e+01,3.6441e+01,3.3962e+01,3.1242e+01,3.0114e+01,2.7033e+01,2.4389e+01,2.2004e+01,2.0873e+01,1.9666e+01,2.0101e+01,1.8527e+01,2.0026e+01,2.1741e+01,2.1484e+01,2.3100e+01,2.5105e+01,2.7314e+01,2.7852e+01,2.7311e+01,2.7511e+01,2.8653e+01,2.8466e+01,3.0660e+01,3.2330e+01,3.3837e+01,3.6193e+01,3.7861e+01,4.0031e+01,4.1630e+01,4.3551e+01,4.4550e+01,4.5088e+01,4.6350e+01,4.7678e+01,4.9153e+01,5.0338e+01,5.1535e+01,5.2927e+01,5.4650e+01,5.6090e+01,5.8019e+01,5.9036e+01,6.0231e+01,6.1620e+01,6.2274e+01,6.3204e+01,6.2943e+01,6.2631e+01
9.1803e+01,9.1784e+01,9.1579e+01,9.1639e+01,9.1403e+01,9.1199e+01,9.1082e+01,9.0994e+01,9.0452e+01,9.0123e+01,8.9694e+01,8.9500e+01,8.9162e+01,8.9109e+01,8.9344e+01,8.9301e+01,8.9740e+01,8.9931e+01,9.0359e+01,9.0780e+01,9.1195e+01,9.1434e+01,9.2260e+01,9.3175e+01,9.4033e+01,9.4964e+01,9.5553e+01,9.6658e+01,9.7659e+01,9.9002e+01,1.0015e+02,1.0170e+02,1.0318e+02,1.0503e+02,1.0704e+02,1.0855e+02,1.1109e+02,1.1278e+02,1.1537e+02,1.1703e+02,1.1828e+02,1.1862e+02,1.1905e+02,1.1785e+02,1.1642e+02,1.1542e+02,1.1440e+02,1.1474e+02,1.1390e+02,1.1149e+02,1.1020e+02,1.0877e+02,1.0638e+02,1.0418e+02,1.0363e+02,1.0073e+02,9.9116e+01,9.7420e+01,9.3841e+01,9.2126e+01,8.9580e+01,8.6630e+01,8.6457e+01,8.4064e+01,8.1275e+01,7.9945e+01,7.6380e+01,7.3760e+01,7.1179e+01,6.9203e+01,6.6208e+01,6.4097e+01,6.1132e+01,5.8927e+01,5.6752e+01,5.3695e+01,5.2970e+01,5.0982e+01,4.7697e+01,4.6516e+01,4.3392e+01,4.2937e+01,3.9959e+01,3.8023e+01,3.5658e+01,3.2936e+01,3.2010e+01,2.8927e+01,2.6432e+01,2.4134e+01,2.3154e+01,2.1773e+01,2.2220e+01,2.0641e+01,2.2193e+01,2.3639e+01,2.3043e+01,2.4370e+01,2.6113e+01,2.8107e+01,2.8398e+01,2.7628e+01,2.7554e+01,2.8461e+01,2.7999e+01,2.9993e+01,3.1523e+01,3.2836e+01,3.5074e+01,3.6646e+01,3.8715e+01,4.0292e+01,4.2197e+01,4.3190e+01,4.3725e+01,4.4988e+01,4.6307e+01,4.7772e+01,4.8946e+01,5.0135e+01,5.1517e+01,5.3227e+01,5.4658e+01,5.6573e+01,5.7580e+01,5.8770e+01,6.0156e+01,6.0811e+01,6.1742e+01,6.1486e+01,6.1177e+01
9.2411e+01,9.2390e+01,9.2181e+01,9.2238e+01,9.1998e+01,9.1775e+01,9.1644e+01,9.1546e+01,9.1015e+01,9.0691e+01,9.0254e+01,9.0057e+01,8.9724e+01,8.9666e+01,8.9914e+01,8.9884e+01,9.0334e+01,9.0539e+01,9.0989e+01,9.1408e+01,9.1833e+01,9.2076e+01,9.2917e+01,9.3832e+01,9.4705e+01,9.5647e+01,9.6250e+01,9.7373e+01,9.8377e+01,9.9705e+01,1.0085e+02,1.0239e+02,1.0387e+02,1.0571e+02,1.0769e+02,1.0919e+02,1.1170e+02,1.1336e+02,1.1593e+02,1.1755e+02,1.1877e+02,1.1909e+02,1.1953e+02,1.1831e+02,1.1689e+02,1.1587e+02,1.1484e+02,1.1513e+02,1.1430e+02,1.1191e+02,1.1063e+02,1.0926e+02,1.0688e+02,1.0475e+02,1.0425e+02,1.0138e+02,9.9856e+01,9.8179e+01,9.4610e+01,9.2970e+01,9.0405e+01,8.7517e+01,8.7407e+01,8.5104e+01,8.2343e+01,8.1102e+01,7.7551e+01,7.5014e+01,7.2483e+01,7.0616e+01,6.7598e+01,6.5386e+01,6.2517e+01,6.0349e+01,5.8303e+01,5.5210e+01,5.4330e+01,5.2355e+01,4.9175e+01,4.8090e+01,4.5092e+01,4.4792e+01,4.1775e+01,3.9672e+01,3.7330e+01,3.4779e+01,3.4080e+01,3.1141e+01,2.8753e+01,2.6339e+01,2.5503e+01,2.4323e+01,2.4985e+01,2.3430e+01,2.5074e+01,2.6626e+01,2.6010e+01,2.7333e+01,2.9048e+01,3.1027e+01,3.1185e+01,3.0248e+01,2.9972e+01,3.0650e+01,2.9977e+01,3.1736e+01,3.3185e+01,3.4318e+01,3.6391e+01,3.7841e+01,3.9794e+01,4.1320e+01,4.3167e+01,4.4128e+01,4.4643e+01,4.5872e+01,4.7150e+01,4.8580e+01,4.9721e+01,5.0873e+01,5.2220e+01,5.3885e+01,5.5283e+01,5.7156e+01,5.8142e+01,5.9306e+01,6.0665e+01,6.1311e+01,6.2229e+01,6.1978e+01,6.1676e+01
9.3074e+01,9.3056e+01,9.2837e+01,9.2887e+01,9.2644e+01,9.2403e+01,9.2252e+01,9.2142e+01,9.1631e+01,9.1314e+01,9.0863e+01,9.0662e+01,9.0324e+01,9.0257e+01,9.0528e+01,9.0517e+01,9.0993e+01,9.1216e+01,9.1697e+01,9.2112e+01,9.2537e+01,9.2762e+01,9.3604e+01,9.4517e+01,9.5389e+01,9.6317e+01,9.6917e+01,9.8033e+01,9.9029e+01,1.0034e+02,1.0148e+02,1.0300e+02,1.0448e+02,1.0631e+02,1.0827e+02,1.0975e+02,1.1225e+02,1.1387e+02,1.1643e+02,1.1802e+02,1.1923e+02,1.1952e+02,1.1994e+02,1.1870e+02,1.1728e+02,1.1623e+02,1.1521e+02,1.1547e+02,1.1468e+02,1.1232e+02,1.1108e+02,1.0978e+02,1.0745e+02,1.0539e+02,1.0496e+02,1.0213e+02,1.0069e+02,9.9086e+01,9.5530e+01,9.3986e+01,9.1455e+01,8.8639e+01,8.8636e+01,8.6405e+01,8.3713e+01,8.2584e+01,7.9070e+01,7.6576e+01,7.4137e+01,7.2362e+01,6.9380e+01,6.7132e+01,6.4357e+01,6.2294e+01,6.0364e+01,5.7298e+01,5.6352e+01,5.4479e+01,5.1380e+01,5.0440e+01,4.7538e+01,4.7389e+01,4.4408e+01,4.2194e+01,3.9947e+01,3.7474e+01,3.6938e+01,3.4056e+01,3.1769e+01,2.9390e+01,2.8631e+01,2.7411e+01,2.8065e+01,2.6486e+01,2.8082e+01,2.9488e+01,2.8712e+01,2.9892e+01,3.1403e+01,3.3237e+01,3.3208e+01,3.2102e+01,3.1617e+01,3.2064e+01,3.1157e+01,3.2666e+01,3.3988e+01,3.4902e+01,3.6802e+01,3.8111e+01,3.9920e+01,4.1385e+01,4.3175e+01,4.4109e+01,4.4602e+01,4.5802e+01,4.7040e+01,4.8428e+01,4.9534e+01,5.0653e+01,5.1963e+01,5.3585e+01,5.4950e+01,5.6780e+01,5.7742e+01,5.8883e+01,6.0219e+01,6.0858e+01,6.1765e+01,6.1522e+01,6.1226e+01
9.4709e+01,9.4694e+01,9.4479e+01,9.4528e+01,9.4288e+01,9.4039e+01,9.3888e+01,9.3779e+01,9.3275e+01,9.2958e+01,9.2508e+01,9.2306e+01,9.1969e+01,9.1903e+01,9.2181e+01,9.2176e+01,9.2650e+01,9.2870e+01,9.3348e+01,9.3758e+01,9.4197e+01,9.4435e+01,9.5286e+01,9.6193e+01,9.7070e+01,9.8016e+01,9.8620e+01,9.9763e+01,1.0077e+02,1.0207e+02,1.0320e+02,1.0472e+02,1.0621e+02,1.0801e+02,1.0995e+02,1.1141e+02,1.1389e+02,1.1550e+02,1.1803e+02,1.1960e+02,1.2079e+02,1.2107e+02,1.2151e+02,1.2027e+02,1.1887e+02,1.1781e+02,1.1676e+02,1.1698e+02,1.1617e+02,1.1382e+02,1.1257e+02,1.1128e+02,1.0894e+02,1.0693e+02,1.0650e+02,1.0368e+02,1.0229e+02,1.0066e+02,9.7130e+01,9.5613e+01,9.3046e+01,9.0266e+01,9.0266e+01,8.8101e+01,8.5407e+01,8.4311e+01,8.0807e+01,7.8398e+01,7.5965e+01,7.4269e+01,7.1257e+01,6.8934e+01,6.6223e+01,6.4136e+01,6.2281e+01,5.9175e+01,5.8110e+01,5.6183e+01,5.3167e+01,5.2208e+01,4.9402e+01,4.9276e+01,4.6262e+01,4.4002e+01,4.1721e+01,3.9424e+01,3.8961e+01,3.6230e+01,3.4011e+01,3.1629e+01,3.0882e+01,2.9897e+01,3.0584e+01,2.9010e+01,3.0500e+01,3.2049e+01,3.1446e+01,3.2777e+01,3.4334e+01,3.6235e+01,3.6259e+01,3.5156e+01,3.4689e+01,3.5100e+01,3.4159e+01,3.5583e+01,3.6937e+01,3.7775e+01,3.9599e+01,4.0843e+01,4.2577e+01,4.3994e+01,4.5725e+01,4.6626e+01,4.7098e+01,4.8256e+01,4.9452e+01,5.0796e+01,5.1863e+01,5.2945e+01,5.4209e+01,5.5780e+01,5.7105e+01,5.8884e+01,5.9825e+01,6.0940e+01,6.2243e+01,6.2865e+01,6.3752e+01,6.3510e+01,6.3222e+01
9.4068e+01,9.4053e+01,9.3831e+01,9.3876e+01,9.3636e+01,9.3367e+01,9.3207e+01,9.3085e+01,9.2586e+01,9.2271e+01,9.1812e+01,9.1600e+01,9.1264e+01,9.1193e+01,9.1481e+01,9.1491e+01,9.1977e+01,9.2203e+01,9.2700e+01,9.3107e+01,9.3542e+01,9.3773e+01,9.4629e+01,9.5531e+01,9.6411e+01,9.7354e+01,9.7967e+01,9.9110e+01,1.0011e+02,1.0139e+02,1.0251e+02,1.0401e+02,1.0550e+02,1.0729e+02,1.0922e+02,1.1066e+02,1.1311e+02,1.1469e+02,1.1721e+02,1.1876e+02,1.1992e+02,1.2020e+02,1.2065e+02,1.1940e+02,1.1801e+02,1.1693e+02,1.1588e+02,1.1607e+02,1.1528e+02,1.1296e+02,1.1172e+02,1.1049e+02,1.0818e+02,1.0622e+02,1.0585e+02,1.0305e+02,1.0174e+02,1.0015e+02,9.6634e+01,9.5197e+01,9.2642e+01,8.9920e+01,9.0000e+01,8.7906e+01,8.5258e+01,8.4261e+01,8.0784e+01,7.8432e+01,7.6075e+01,7.4479e+01,7.1492e+01,6.9115e+01,6.6501e+01,6.4503e+01,6.2773e+01,5.9682e+01,5.8532e+01,5.6698e+01,5.3777e+01,5.2962e+01,5.0263e+01,5.0308e+01,4.7335e+01,4.4961e+01,4.2809e+01,4.0617e+01,4.0354e+01,3.7714e+01,3.5620e+01,3.3284e+01,3.2701e+01,3.1762e+01,3.2586e+01,3.1116e+01,3.2737e+01,3.4264e+01,3.3589e+01,3.4765e+01,3.6274e+01,3.8049e+01,3.7975e+01,3.6821e+01,3.6178e+01,3.6478e+01,3.5398e+01,3.6646e+01,3.7831e+01,3.8466e+01,4.0134e+01,4.1290e+01,4.2894e+01,4.4288e+01,4.5974e+01,4.6875e+01,4.7349e+01,4.8497e+01,4.9669e+01,5.0987e+01,5.2032e+01,5.3090e+01,5.4326e+01,5.5863e+01,5.7164e+01,5.8910e+01,5.9833e+01,6.0929e+01,6.2211e+01,6.2826e+01,6.3701e+01,6.3462e+01,6.3178e+01
9.4629e+01,9.4615e+01,9.4396e+01,9.4438e+01,9.4200e+01,9.3918e+01,9.3762e+01,9.3635e+01,9.3132e+01,9.2816e+01,9.2359e+01,9.2143e+01,9.1814e+01,9.1744e+01,9.2030e+01,9.2042e+01,9.2525e+01,9.2739e+01,9.3233e+01,9.3634e+01,9.4072e+01,9.4315e+01,9.5176e+01,9.6072e+01,9.6957e+01,9.7918e+01,9.8545e+01,9.9709e+01,1.0072e+02,1.0197e+02,1.0309e+02,1.0458e+02,1.0607e+02,1.0784e+02,1.0974e+02,1.1115e+02,1.1359e+02,1.1515e+02,1.1764e+02,1.1918e+02,1.2031e+02,1.2059e+02,1.2107e+02,1.1983e+02,1.1846e+02,1.1737e+02,1.1631e+02,1.1646e+02,1.1566e+02,1.1334e+02,1.1209e+02,1.1089e+02,1.0857e+02,1.0664e+02,1.0628e+02,1.0351e+02,1.0224e+02,1.0064e+02,9.7143e+01,9.5743e+01,9.3153e+01,9.0471e+01,9.0561e+01,8.8541e+01,8.5894e+01,8.4942e+01,8.1480e+01,7.9223e+01,7.6886e+01,7.5391e+01,7.2381e+01,6.9924e+01,6.7400e+01,6.5407e+01,6.3789e+01,6.0681e+01,5.9404e+01,5.7566e+01,5.4763e+01,5.3992e+01,5.1425e+01,5.1554e+01,4.8589e+01,4.6149e+01,4.4037e+01,4.2039e+01,4.1919e+01,3.9463e+01,3.7523e+01,3.5257e+01,3.4796e+01,3.4080e+01,3.5008e+01,3.3653e+01,3.5281e+01,3.6914e+01,3.6386e+01,3.7605e+01,3.9174e+01,4.0937e+01,4.0935e+01,3.9834e+01,3.9192e+01,3.9512e+01,3.8405e+01,3.9597e+01,4.0720e+01,4.1251e+01,4.2828e+01,4.3944e+01,4.5460e+01,4.6831e+01,4.8470e+01,4.9358e+01,4.9826e+01,5.0945e+01,5.2084e+01,5.3366e+01,5.4376e+01,5.5404e+01,5.6600e+01,5.8094e+01,5.9357e+01,6.1056e+01,6.1959e+01,6.3028e+01,6.4277e+01,6.4876e+01,6.5728e+01,6.5490e+01,6.5213e+01
9.4359e+01,9.4347e+01,9.4118e+01,9.4153e+01,9.3915e+01,9.3612e+01,9.3437e+01,9.3296e+01,9.2805e+01,9.2496e+01,9.2026e+01,9.1803e+01,9.1471e+01,9.1393e+01,9.1696e+01,9.1726e+01,9.2228e+01,9.2459e+01,9.2980e+01,9.3376e+01,9.3809e+01,9.4035e+01,9.4896e+01,9.5784e+01,9.6666e+01,9.7612e+01,9.8236e+01,9.9390e+01,1.0038e+02,1.0161e+02,1.0272e+02,1.0420e+02,1.0569e+02,1.0745e+02,1.0934e+02,1.1073e+02,1.1315e+02,1.1467e+02,1.1715e+02,1.1867e+02,1.1977e+02,1.2003e+02,1.2052e+02,1.1925e+02,1.1789e+02,1.1676e+02,1.1571e+02,1.1584e+02,1.1507e+02,1.1280e+02,1.1157e+02,1.1045e+02,1.0817e+02,1.0630e+02,1.0602e+02,1.0328e+02,1.0210e+02,1.0057e+02,9.7091e+01,9.5788e+01,9.3246e+01,9.0636e+01,9.0833e+01,8.8880e+01,8.6310e+01,8.5476e+01,8.2059e+01,7.9838e+01,7.7607e+01,7.6201e+01,7.3252e+01,7.0779e+01,6.8352e+01,6.6480e+01,6.4975e+01,6.1912e+01,6.0597e+01,5.8881e+01,5.6159e+01,5.5533e+01,5.3047e+01,5.3319e+01,5.0412e+01,4.7898e+01,4.5914e+01,4.3958e+01,4.3972e+01,4.1538e+01,3.9656e+01,3.7413e+01,3.7040e+01,3.6259e+01,3.7235e+01,3.5902e+01,3.7608e+01,3.9135e+01,3.8437e+01,3.9478e+01,4.0916e+01,4.2545e+01,4.2378e+01,4.1170e+01,4.0333e+01,4.0484e+01,3.9247e+01,4.0221e+01,4.1189e+01,4.1530e+01,4.2934e+01,4.3926e+01,4.5300e+01,4.6617e+01,4.8188e+01,4.9053e+01,4.9508e+01,5.0603e+01,5.1707e+01,5.2952e+01,5.3932e+01,5.4925e+01,5.6085e+01,5.7537e+01,5.8770e+01,6.0429e+01,6.1308e+01,6.2358e+01,6.3585e+01,6.4177e+01,6.5019e+01,6.4787e+01,6.4517e+01
9.2818e+01,9.2800e+01,9.2565e+01,9.2605e+01,9.2363e+01,9.2066e+01,9.1881e+01,9.1736e+01,9.1248e+01,9.0945e+01,9.0467e+01,9.0244e+01,8.9911e+01,8.9825e+01,9.0124e+01,9.0153e+01,9.0664e+01,9.0912e+01,9.1446e+01,9.1854e+01,9.2280e+01,9.2490e+01,9.3341e+01,9.4235e+01,9.5109e+01,9.6036e+01,9.6659e+01,9.7788e+01,9.8762e+01,1.0000e+02,1.0112e+02,1.0259e+02,1.0407e+02,1.0586e+02,1.0777e+02,1.0919e+02,1.1162e+02,1.1316e+02,1.1566e+02,1.1718e+02,1.1831e+02,1.1856e+02,1.1903e+02,1.1774e+02,1.1635e+02,1.1523e+02,1.1420e+02,1.1436e+02,1.1362e+02,1.1135e+02,1.1014e+02,1.0902e+02,1.0676e+02,1.0487e+02,1.0461e+02,1.0187e+02,1.0066e+02,9.9175e+01,9.5668e+01,9.4357e+01,9.1860e+01,8.9227e+01,8.9451e+01,8.7442e+01,8.4890e+01,8.4049e+01,8.0624e+01,7.8318e+01,7.6102e+01,7.4627e+01,7.1717e+01,6.9311e+01,6.6834e+01,6.5011e+01,6.3453e+01,6.0430e+01,5.9222e+01,5.7580e+01,5.4789e+01,5.4219e+01,5.1659e+01,5.1953e+01,4.9083e+01,4.6580e+01,4.4654e+01,4.2553e+01,4.2547e+01,3.9990e+01,3.8064e+01,3.5812e+01,3.5448e+01,3.4454e+01,3.5408e+01,3.4069e+01,3.5853e+01,3.7213e+01,3.6319e+01,3.7187e+01,3.8527e+01,4.0058e+01,3.9795e+01,3.8540e+01,3.7616e+01,3.7736e+01,3.6469e+01,3.7426e+01,3.8316e+01,3.8656e+01,4.0074e+01,4.1076e+01,4.2476e+01,4.3812e+01,4.5420e+01,4.6306e+01,4.6777e+01,4.7909e+01,4.9044e+01,5.0324e+01,5.1335e+01,5.2362e+01,5.3557e+01,5.5042e+01,5.6310e+01,5.8007e+01,5.8900e+01,5.9970e+01,6.1225e+01,6.1832e+01,6.2695e+01,6.2462e+01,6.2188e+01
9.0550e+01,9.0528e+01,9.0294e+01,9.0338e+01,9.0104e+01,8.9808e+01,8.9627e+01,8.9482e+01,8.8980e+01,8.8670e+01,8.8187e+01,8.7955e+01,8.7621e+01,8.7526e+01,8.7810e+01,8.7833e+01,8.8333e+01,8.8579e+01,8.9103e+01,8.9518e+01,8.9937e+01,9.0150e+01,9.0985e+01,9.1875e+01,9.2746e+01,9.3679e+01,9.4320e+01,9.5448e+01,9.6413e+01,9.7656e+01,9.8781e+01,1.0025e+02,1.0172e+02,1.0352e+02,1.0545e+02,1.0687e+02,1.0931e+02,1.1085e+02,1.1336e+02,1.1489e+02,1.1603e+02,1.1629e+02,1.1676e+02,1.1548e+02,1.1408e+02,1.1297e+02,1.1195e+02,1.1212e+02,1.1138e+02,1.0911e+02,1.0790e+02,1.0677e+02,1.0450e+02,1.0260e+02,1.0234e+02,9.9591e+01,9.8365e+01,9.6874e+01,9.3352e+01,9.2026e+01,8.9528e+01,8.6874e+01,8.7099e+01,8.5067e+01,8.2506e+01,8.1660e+01,7.8224e+01,7.5893e+01,7.3680e+01,7.2195e+01,6.9291e+01,6.6894e+01,6.4416e+01,6.2624e+01,6.1078e+01,5.8079e+01,5.6892e+01,5.5310e+01,5.2536e+01,5.2046e+01,4.9516e+01,4.9899e+01,4.7086e+01,4.4548e+01,4.2736e+01,4.0660e+01,4.0776e+01,3.8277e+01,3.6458e+01,3.4268e+01,3.4060e+01,3.3093e+01,3.4183e+01,3.3027e+01,3.4971e+01,3.6297e+01,3.5387e+01,3.6105e+01,3.7482e+01,3.8914e+01,3.8658e+01,3.7503e+01,3.6530e+01,3.6728e+01,3.5490e+01,3.6471e+01,3.7219e+01,3.7529e+01,3.8944e+01,3.9994e+01,4.1390e+01,4.2785e+01,4.4428e+01,4.5359e+01,4.5863e+01,4.7039e+01,4.8209e+01,4.9521e+01,5.0563e+01,5.1614e+01,5.2833e+01,5.4344e+01,5.5633e+01,5.7355e+01,5.8256e+01,5.9337e+01,6.0606e+01,6.1218e+01,6.2089e+01,6.1851e+01,6.1573e+01
8.9301e+01,8.9278e+01,8.9051e+01,8.9106e+01,8.8878e+01,8.8605e+01,8.8446e+01,8.8313e+01,8.7792e+01,8.7474e+01,8.7005e+01,8.6778e+01,8.6450e+01,8.6361e+01,8.6622e+01,8.6624e+01,8.7103e+01,8.7333e+01,8.7829e+01,8.8253e+01,8.8671e+01,8.8897e+01,8.9733e+01,9.0629e+01,9.1500e+01,9.2447e+01,9.3091e+01,9.4225e+01,9.5195e+01,9.6458e+01,9.7596e+01,9.9086e+01,1.0055e+02,1.0237e+02,1.0432e+02,1.0576e+02,1.0823e+02,1.0980e+02,1.1233e+02,1.1389e+02,1.1504e+02,1.1532e+02,1.1580e+02,1.1452e+02,1.1312e+02,1.1202e+02,1.1100e+02,1.1121e+02,1.1044e+02,1.0814e+02,1.0689e+02,1.0570e+02,1.0340e+02,1.0142e+02,1.0111e+02,9.8319e+01,9.7006e+01,9.5463e+01,9.1918e+01,9.0504e+01,8.7985e+01,8.5257e+01,8.5398e+01,8.3284e+01,8.0664e+01,7.9720e+01,7.6243e+01,7.3845e+01,7.1554e+01,6.9972e+01,6.7042e+01,6.4687e+01,6.2111e+01,6.0244e+01,5.8584e+01,5.5565e+01,5.4456e+01,5.2816e+01,4.9944e+01,4.9368e+01,4.6737e+01,4.7037e+01,4.4206e+01,4.1727e+01,3.9880e+01,3.7701e+01,3.7735e+01,3.5166e+01,3.3295e+01,3.1120e+01,3.0891e+01,2.9889e+01,3.0994e+01,2.9898e+01,3.1914e+01,3.3263e+01,3.2403e+01,3.3128e+01,3.4618e+01,3.6089e+01,3.5942e+01,3.4917e+01,3.4057e+01,3.4436e+01,3.3334e+01,3.4525e+01,3.5340e+01,3.5818e+01,3.7411e+01,3.8608e+01,4.0146e+01,4.1626e+01,4.3352e+01,4.4331e+01,4.4871e+01,4.6101e+01,4.7330e+01,4.8702e+01,4.9792e+01,5.0892e+01,5.2164e+01,5.3736e+01,5.5071e+01,5.6854e+01,5.7787e+01,5.8901e+01,6.0208e+01,6.0831e+01,6.1720e+01,6.1472e+01,6.1184e+01
8.8934e+01,8.8907e+01,8.8674e+01,8.8733e+01,8.8501e+01,8.8235e+01,8.8069e+01,8.7936e+01,8.7425e+01,8.7115e+01,8.6643e+01,8.6416e+01,8.6086e+01,8.5989e+01,8.6245e+01,8.6244e+01,8.6732e+01,8.6970e+01,8.7479e+01,8.7901e+01,8.8293e+01,8.8480e+01,8.9291e+01,9.0170e+01,9.1022e+01,9.1925e+01,9.2551e+01,9.3637e+01,9.4589e+01,9.5859e+01,9.6991e+01,9.8467e+01,9.9922e+01,1.0176e+02,1.0372e+02,1.0519e+02,1.0767e+02,1.0927e+02,1.1181e+02,1.1338e+02,1.1457e+02,1.1485e+02,1.1530e+02,1.1403e+02,1.1260e+02,1.1152e+02,1.1054e+02,1.1078e+02,1.1005e+02,1.0777e+02,1.0656e+02,1.0537e+02,1.0310e+02,1.0110e+02,1.0082e+02,9.8034e+01,9.6701e+01,9.5210e+01,9.1651e+01,9.0238e+01,8.7778e+01,8.5036e+01,8.5202e+01,8.3037e+01,8.0450e+01,7.9500e+01,7.6030e+01,7.3551e+01,7.1280e+01,6.9625e+01,6.6740e+01,6.4465e+01,6.1835e+01,6.0011e+01,5.8284e+01,5.5314e+01,5.4327e+01,5.2749e+01,4.9796e+01,4.9244e+01,4.6517e+01,4.6785e+01,4.3980e+01,4.1549e+01,3.9712e+01,3.7346e+01,3.7278e+01,3.4526e+01,3.2536e+01,3.0314e+01,3.0006e+01,2.8693e+01,2.9688e+01,2.8478e+01,3.0523e+01,3.1665e+01,3.0530e+01,3.1081e+01,3.2416e+01,3.3802e+01,3.3478e+01,3.2313e+01,3.1326e+01,3.1587e+01,3.0439e+01,3.1566e+01,3.2368e+01,3.2862e+01,3.4487e+01,3.5694e+01,3.7296e+01,3.8785e+01,4.0556e+01,4.1535e+01,4.2072e+01,4.3316e+01,4.4568e+01,4.5965e+01,4.7080e+01,4.8203e+01,4.9506e+01,5.1108e+01,5.2475e+01,5.4295e+01,5.5241e+01,5.6376e+01,5.7710e+01,5.8351e+01,5.9260e+01,5.9013e+01,5.8721e+01
8.7773e+01,8.7742e+01,8.7512e+01,8.7573e+01,8.7340e+01,8.7089e+01,8.6944e+01,8.6819e+01,8.6288e+01,8.5974e+01,8.5515e+01,8.5300e+01,8.4982e+01,8.4896e+01,8.5129e+01,8.5108e+01,8.5573e+01,8.5796e+01,8.6279e+01,8.6704e+01,8.7090e+01,8.7288e+01,8.8099e+01,8.8979e+01,8.9834e+01,9.0744e+01,9.1375e+01,9.2458e+01,9.3414e+01,9.4692e+01,9.5831e+01,9.7318e+01,9.8772e+01,1.0063e+02,1.0261e+02,1.0410e+02,1.0661e+02,1.0823e+02,1.1080e+02,1.1239e+02,1.1359e+02,1.1388e+02,1.1435e+02,1.1308e+02,1.1164e+02,1.1058e+02,1.0959e+02,1.0987e+02,1.0911e+02,1.0680e+02,1.0557e+02,1.0433e+02,1.0204e+02,9.9975e+01,9.9640e+01,9.6824e+01,9.5415e+01,9.3889e+01,9.0313e+01,8.8828e+01,8.6365e+01,8.3564e+01,8.3665e+01,8.1431e+01,7.8809e+01,7.7784e+01,7.4294e+01,7.1755e+01,6.9437e+01,6.7701e+01,6.4816e+01,6.2597e+01,5.9891e+01,5.8032e+01,5.6217e+01,5.3252e+01,5.2354e+01,5.0759e+01,4.7735e+01,4.7138e+01,4.4334e+01,4.4539e+01,4.1758e+01,3.9405e+01,3.7581e+01,3.5118e+01,3.4969e+01,3.2148e+01,3.0121e+01,2.7942e+01,2.7629e+01,2.6239e+01,2.7231e+01,2.6084e+01,2.8211e+01,2.9312e+01,2.8154e+01,2.8648e+01,3.0041e+01,3.1417e+01,3.1151e+01,3.0083e+01,2.9189e+01,2.9579e+01,2.8580e+01,2.9891e+01,3.0735e+01,3.1403e+01,3.3178e+01,3.4497e+01,3.6215e+01,3.7755e+01,3.9582e+01,4.0589e+01,4.1149e+01,4.2428e+01,4.3718e+01,4.5164e+01,4.6323e+01,4.7482e+01,4.8825e+01,5.0473e+01,5.1875e+01,5.3739e+01,5.4706e+01,5.5863e+01,5.7225e+01,5.7874e+01,5.8795e+01,5.8541e+01,5.8241e+01
8.7978e+01,8.7953e+01,8.7717e+01,8.7772e+01,8.7538e+01,8.7292e+01,8.7145e+01,8.7026e+01,8.6502e+01,8.6182e+01,8.5716e+01,8.5500e+01,8.5166e+01,8.5070e+01,8.5313e+01,8.5292e+01,8.5762e+01,8.5986e+01,8.6477e+01,8.6889e+01,8.7248e+01,8.7414e+01,8.8211e+01,8.9072e+01,8.9916e+01,9.0787e+01,9.1403e+01,9.2446e+01,9.3388e+01,9.4668e+01,9.5800e+01,9.7280e+01,9.8722e+01,1.0058e+02,1.0257e+02,1.0408e+02,1.0658e+02,1.0822e+02,1.1079e+02,1.1239e+02,1.1361e+02,1.1392e+02,1.1436e+02,1.1310e+02,1.1164e+02,1.1059e+02,1.0964e+02,1.0995e+02,1.0922e+02,1.0694e+02,1.0574e+02,1.0452e+02,1.0226e+02,1.0020e+02,9.9886e+01,9.7094e+01,9.5687e+01,9.4212e+01,9.0630e+01,8.9163e+01,8.6747e+01,8.3952e+01,8.4086e+01,8.1831e+01,7.9246e+01,7.8237e+01,7.4762e+01,7.2176e+01,6.9885e+01,6.8112e+01,6.5262e+01,6.3098e+01,6.0370e+01,5.8554e+01,5.6705e+01,5.3784e+01,5.2970e+01,5.1430e+01,4.8366e+01,4.7799e+01,4.4947e+01,4.5129e+01,4.2379e+01,4.0076e+01,3.8260e+01,3.5692e+01,3.5471e+01,3.2548e+01,3.0426e+01,2.8161e+01,2.7782e+01,2.6175e+01,2.7088e+01,2.5822e+01,2.7960e+01,2.8912e+01,2.7500e+01,2.7851e+01,2.9075e+01,3.0387e+01,2.9866e+01,2.8607e+01,2.7552e+01,2.7681e+01,2.6624e+01,2.7763e+01,2.8641e+01,2.9301e+01,3.1050e+01,3.2338e+01,3.4093e+01,3.5625e+01,3.7464e+01,3.8457e+01,3.9005e+01,4.0282e+01,4.1575e+01,4.3034e+01,4.4206e+01,4.5371e+01,4.6728e+01,4.8397e+01,4.9824e+01,5.1715e+01,5.2689e+01,5.3858e+01,5.5239e+01,5.5897e+01,5.6834e+01,5.6581e+01,5.6278e+01
8.9173e+01,8.9151e+01,8.8913e+01,8.8959e+01,8.8718e+01,8.8467e+01,8.8316e+01,8.8193e+01,8.7674e+01,8.7352e+01,8.6885e+01,8.6674e+01,8.6335e+01,8.6238e+01,8.6494e+01,8.6472e+01,8.6954e+01,8.7179e+01,8.7680e+01,8.8081e+01,8.8451e+01,8.8618e+01,8.9428e+01,9.0305e+01,9.1159e+01,9.2022e+01,9.2629e+01,9.3669e+01,9.4609e+01,9.5898e+01,9.7023e+01,9.8507e+01,9.9960e+01,1.0182e+02,1.0379e+02,1.0530e+02,1.0779e+02,1.0942e+02,1.1199e+02,1.1356e+02,1.1480e+02,1.1508e+02,1.1550e+02,1.1424e+02,1.1278e+02,1.1174e+02,1.1079e+02,1.1109e+02,1.1038e+02,1.0809e+02,1.0692e+02,1.0570e+02,1.0345e+02,1.0143e+02,1.0111e+02,9.8335e+01,9.6945e+01,9.5471e+01,9.1893e+01,9.0433e+01,8.8010e+01,8.5227e+01,8.5366e+01,8.3124e+01,8.0545e+01,7.9535e+01,7.6066e+01,7.3497e+01,7.1197e+01,6.9427e+01,6.6558e+01,6.4390e+01,6.1665e+01,5.9830e+01,5.7975e+01,5.5045e+01,5.4218e+01,5.2640e+01,4.9572e+01,4.8966e+01,4.6108e+01,4.6236e+01,4.3448e+01,4.1159e+01,3.9253e+01,3.6679e+01,3.6389e+01,3.3451e+01,3.1287e+01,2.8938e+01,2.8488e+01,2.6912e+01,2.7776e+01,2.6399e+01,2.8415e+01,2.9420e+01,2.8062e+01,2.8567e+01,2.9765e+01,3.1163e+01,3.0678e+01,2.9378e+01,2.8424e+01,2.8479e+01,2.7410e+01,2.8533e+01,2.9500e+01,3.0174e+01,3.1904e+01,3.3143e+01,3.4896e+01,3.6388e+01,3.8206e+01,3.9161e+01,3.9675e+01,4.0917e+01,4.2187e+01,4.3625e+01,4.4767e+01,4.5908e+01,4.7251e+01,4.8904e+01,5.0316e+01,5.2190e+01,5.3156e+01,5.4314e+01,5.5684e+01,5.6342e+01,5.7276e+01,5.7027e+01,5.6725e+01
8.9767e+01,8.9743e+01,8.9502e+01,8.9549e+01,8.9300e+01,8.9058e+01,8.8901e+01,8.8777e+01,8.8269e+01,8.7953e+01,8.7489e+01,8.7285e+01,8.6948e+01,8.6849e+01,8.7099e+01,8.7074e+01,8.7563e+01,8.7798e+01,8.8308e+01,8.8706e+01,8.9058e+01,8.9199e+01,8.9994e+01,9.0866e+01,9.1704e+01,9.2530e+01,9.3124e+01,9.4126e+01,9.5047e+01,9.6351e+01,9.7471e+01,9.8953e+01,1.0040e+02,1.0228e+02,1.0426e+02,1.0581e+02,1.0830e+02,1.0995e+02,1.1253e+02,1.1411e+02,1.1538e+02,1.1566e+02,1.1604e+02,1.1478e+02,1.1328e+02,1.1226e+02,1.1135e+02,1.1168e+02,1.1100e+02,1.0872e+02,1.0760e+02,1.0637e+02,1.0415e+02,1.0210e+02,1.0178e+02,9.9028e+01,9.7608e+01,9.6169e+01,9.2585e+01,9.1108e+01,8.8734e+01,8.5934e+01,8.6071e+01,8.3777e+01,8.1221e+01,8.0177e+01,7.6718e+01,7.4075e+01,7.1774e+01,6.9914e+01,6.7081e+01,6.5008e+01,6.2220e+01,6.0403e+01,5.8462e+01,5.5591e+01,5.4898e+01,5.3352e+01,5.0217e+01,4.9593e+01,4.6654e+01,4.6694e+01,4.3941e+01,4.1762e+01,3.9834e+01,3.7112e+01,3.6669e+01,3.3600e+01,3.1316e+01,2.8889e+01,2.8321e+01,2.6487e+01,2.7199e+01,2.5679e+01,2.7613e+01,2.8405e+01,2.6810e+01,2.7213e+01,2.8213e+01,2.9587e+01,2.8946e+01,2.7482e+01,2.6494e+01,2.6384e+01,2.5351e+01,2.6435e+01,2.7481e+01,2.8243e+01,3.0011e+01,3.1244e+01,3.3073e+01,3.4542e+01,3.6372e+01,3.7306e+01,3.7799e+01,3.9032e+01,4.0309e+01,4.1764e+01,4.2924e+01,4.4073e+01,4.5436e+01,4.7113e+01,4.8549e+01,5.0453e+01,5.1429e+01,5.2601e+01,5.3993e+01,5.4661e+01,5.5612e+01,5.5364e+01,5.5062e+01
8.9222e+01,8.9195e+01,8.8949e+01,8.9000e+01,8.8752e+01,8.8516e+01,8.8354e+01,8.8229e+01,8.7726e+01,8.7418e+01,8.6952e+01,8.6749e+01,8.6413e+01,8.6311e+01,8.6549e+01,8.6521e+01,8.7013e+01,8.7251e+01,8.7769e+01,8.8165e+01,8.8491e+01,8.8602e+01,8.9371e+01,9.0226e+01,9.1045e+01,9.1838e+01,9.2420e+01,9.3385e+01,9.4294e+01,9.5602e+01,9.6723e+01,9.8195e+01,9.9631e+01,1.0153e+02,1.0351e+02,1.0509e+02,1.0759e+02,1.0926e+02,1.1185e+02,1.1345e+02,1.1474e+02,1.1503e+02,1.1541e+02,1.1416e+02,1.1264e+02,1.1165e+02,1.1077e+02,1.1114e+02,1.1048e+02,1.0821e+02,1.0711e+02,1.0587e+02,1.0367e+02,1.0159e+02,1.0128e+02,9.8527e+01,9.7074e+01,9.5676e+01,9.2090e+01,9.0605e+01,8.8289e+01,8.5472e+01,8.5616e+01,8.3274e+01,8.0745e+01,7.9685e+01,7.6242e+01,7.3532e+01,7.1251e+01,6.9326e+01,6.6550e+01,6.4570e+01,6.1746e+01,5.9982e+01,5.7990e+01,5.5198e+01,5.4636e+01,5.3175e+01,5.0004e+01,4.9423e+01,4.6439e+01,4.6460e+01,4.3792e+01,4.1701e+01,3.9845e+01,3.7013e+01,3.6509e+01,3.3360e+01,3.1046e+01,2.8650e+01,2.8057e+01,2.5996e+01,2.6612e+01,2.5067e+01,2.7020e+01,2.7585e+01,2.5732e+01,2.5899e+01,2.6706e+01,2.7949e+01,2.7118e+01,2.5541e+01,2.4434e+01,2.4191e+01,2.3216e+01,2.4228e+01,2.5258e+01,2.6057e+01,2.7838e+01,2.9082e+01,3.0960e+01,3.2421e+01,3.4260e+01,3.5192e+01,3.5682e+01,3.6923e+01,3.8217e+01,3.9696e+01,4.0887e+01,4.2053e+01,4.3440e+01,4.5145e+01,4.6608e+01,4.8548e+01,4.9537e+01,5.0731e+01,5.2149e+01,5.2831e+01,5.3800e+01,5.3552e+01,5.3248e+01
8.7753e+01,8.7727e+01,8.7490e+01,8.7556e+01,8.7320e+01,8.7098e+01,8.6942e+01,8.6823e+01,8.6314e+01,8.6004e+01,8.5543e+01,8.5331e+01,8.5004e+01,8.4897e+01,8.5105e+01,8.5069e+01,8.5546e+01,8.5778e+01,8.6288e+01,8.6695e+01,8.7004e+01,8.7111e+01,8.7850e+01,8.8687e+01,8.9491e+01,9.0286e+01,9.0874e+01,9.1832e+01,9.2732e+01,9.4040e+01,9.5160e+01,9.6625e+01,9.8048e+01,9.9957e+01,1.0197e+02,1.0355e+02,1.0607e+02,1.0777e+02,1.1037e+02,1.1200e+02,1.1330e+02,1.1361e+02,1.1400e+02,1.1276e+02,1.1124e+02,1.1026e+02,1.0938e+02,1.0977e+02,1.0910e+02,1.0683e+02,1.0571e+02,1.0445e+02,1.0223e+02,1.0011e+02,9.9783e+01,9.7008e+01,9.5514e+01,9.4107e+01,9.0517e+01,8.9000e+01,8.6694e+01,8.3845e+01,8.3962e+01,8.1577e+01,7.9031e+01,7.7934e+01,7.4481e+01,7.1729e+01,6.9433e+01,6.7461e+01,6.4700e+01,6.2758e+01,5.9896e+01,5.8131e+01,5.6099e+01,5.3332e+01,5.2835e+01,5.1404e+01,4.8203e+01,4.7638e+01,4.4620e+01,4.4651e+01,4.2027e+01,3.9962e+01,3.8174e+01,3.5280e+01,3.4782e+01,3.1597e+01,2.9301e+01,2.6993e+01,2.6441e+01,2.4247e+01,2.4861e+01,2.3437e+01,2.5507e+01,2.5942e+01,2.3995e+01,2.3969e+01,2.4809e+01,2.5968e+01,2.5127e+01,2.3624e+01,2.2461e+01,2.2401e+01,2.1482e+01,2.2660e+01,2.3679e+01,2.4567e+01,2.6475e+01,2.7856e+01,2.9819e+01,3.1364e+01,3.3274e+01,3.4263e+01,3.4795e+01,3.6084e+01,3.7421e+01,3.8938e+01,4.0169e+01,4.1373e+01,4.2794e+01,4.4536e+01,4.6029e+01,4.8005e+01,4.9014e+01,5.0228e+01,5.1670e+01,5.2357e+01,5.3335e+01,5.3080e+01,5.2769e+01
8.8153e+01,8.8115e+01,8.7885e+01,8.7964e+01,8.7722e+01,8.7509e+01,8.7343e+01,8.7226e+01,8.6726e+01,8.6433e+01,8.5976e+01,8.5769e+01,8.5457e+01,8.5352e+01,8.5541e+01,8.5502e+01,8.5970e+01,8.6214e+01,8.6724e+01,8.7150e+01,8.7462e+01,8.7580e+01,8.8302e+01,8.9144e+01,8.9942e+01,9.0733e+01,9.1327e+01,9.2274e+01,9.3155e+01,9.4477e+01,9.5590e+01,9.7042e+01,9.8468e+01,1.0041e+02,1.0244e+02,1.0405e+02,1.0659e+02,1.0830e+02,1.1092e+02,1.1255e+02,1.1387e+02,1.1418e+02,1.1454e+02,1.1330e+02,1.1177e+02,1.1080e+02,1.0993e+02,1.1033e+02,1.0965e+02,1.0737e+02,1.0625e+02,1.0496e+02,1.0274e+02,1.0057e+02,1.0022e+02,9.7430e+01,9.5881e+01,9.4463e+01,9.0870e+01,8.9298e+01,8.7012e+01,8.4124e+01,8.4195e+01,8.1748e+01,7.9191e+01,7.8022e+01,7.4564e+01,7.1748e+01,6.9415e+01,6.7342e+01,6.4595e+01,6.2735e+01,5.9791e+01,5.7984e+01,5.5839e+01,5.3091e+01,5.2709e+01,5.1239e+01,4.7956e+01,4.7293e+01,4.4175e+01,4.4064e+01,4.1445e+01,3.9513e+01,3.7670e+01,3.4654e+01,3.3952e+01,3.0646e+01,2.8174e+01,2.5815e+01,2.5083e+01,2.2673e+01,2.3127e+01,2.1611e+01,2.3624e+01,2.3921e+01,2.1863e+01,2.1800e+01,2.2600e+01,2.3832e+01,2.3002e+01,2.1445e+01,2.0428e+01,2.0500e+01,1.9744e+01,2.1198e+01,2.2395e+01,2.3568e+01,2.5662e+01,2.7143e+01,2.9265e+01,3.0813e+01,3.2766e+01,3.3743e+01,3.4273e+01,3.5560e+01,3.6920e+01,3.8459e+01,3.9711e+01,4.0931e+01,4.2375e+01,4.4142e+01,4.5656e+01,4.7659e+01,4.8682e+01,4.9907e+01,5.1364e+01,5.2060e+01,5.3049e+01,5.2794e+01,5.2483e+01
8.7136e+01,8.7102e+01,8.6883e+01,8.6972e+01,8.6740e+01,8.6535e+01,8.6377e+01,8.6266e+01,8.5757e+01,8.5459e+01,8.5007e+01,8.4793e+01,8.4488e+01,8.4383e+01,8.4552e+01,8.4507e+01,8.4961e+01,8.5197e+01,8.5696e+01,8.6137e+01,8.6453e+01,8.6584e+01,8.7298e+01,8.8135e+01,8.8930e+01,8.9748e+01,9.0359e+01,9.1327e+01,9.2211e+01,9.3533e+01,9.4651e+01,9.6107e+01,9.7526e+01,9.9475e+01,1.0152e+02,1.0313e+02,1.0569e+02,1.0741e+02,1.1004e+02,1.1168e+02,1.1300e+02,1.1331e+02,1.1369e+02,1.1245e+02,1.1093e+02,1.0995e+02,1.0906e+02,1.0946e+02,1.0876e+02,1.0646e+02,1.0530e+02,1.0399e+02,1.0174e+02,9.9542e+01,9.9167e+01,9.6353e+01,9.4776e+01,9.3318e+01,8.9722e+01,8.8118e+01,8.5806e+01,8.2894e+01,8.2920e+01,8.0460e+01,7.7865e+01,7.6660e+01,7.3183e+01,7.0368e+01,6.8003e+01,6.5918e+01,6.3153e+01,6.1277e+01,5.8312e+01,5.6463e+01,5.4301e+01,5.1532e+01,5.1141e+01,4.9638e+01,4.6343e+01,4.5647e+01,4.2513e+01,4.2401e+01,3.9771e+01,3.7826e+01,3.5999e+01,3.2989e+01,3.2314e+01,2.9018e+01,2.6573e+01,2.4326e+01,2.3640e+01,2.1239e+01,2.1734e+01,2.0409e+01,2.2517e+01,2.2828e+01,2.0902e+01,2.0791e+01,2.1796e+01,2.3010e+01,2.2374e+01,2.1044e+01,2.0112e+01,2.0531e+01,1.9855e+01,2.1528e+01,2.2682e+01,2.3929e+01,2.6111e+01,2.7690e+01,2.9833e+01,3.1432e+01,3.3416e+01,3.4436e+01,3.5000e+01,3.6309e+01,3.7685e+01,3.9230e+01,4.0492e+01,4.1728e+01,4.3181e+01,4.4952e+01,4.6468e+01,4.8473e+01,4.9501e+01,5.0729e+01,5.2186e+01,5.2877e+01,5.3860e+01,5.3601e+01,5.3287e+01
8.7399e+01,8.7364e+01,8.7151e+01,8.7241e+01,8.7006e+01,8.6797e+01,8.6646e+01,8.6538e+01,8.6016e+01,8.5717e+01,8.5272e+01,8.5066e+01,8.4776e+01,8.4688e+01,8.4864e+01,8.4827e+01,8.5269e+01,8.5506e+01,8.5989e+01,8.6449e+01,8.6808e+01,8.6993e+01,8.7744e+01,8.8609e+01,8.9433e+01,9.0304e+01,9.0939e+01,9.1963e+01,9.2872e+01,9.4202e+01,9.5335e+01,9.6810e+01,9.8253e+01,1.0019e+02,1.0223e+02,1.0382e+02,1.0637e+02,1.0808e+02,1.1071e+02,1.1234e+02,1.1362e+02,1.1392e+02,1.1431e+02,1.1306e+02,1.1158e+02,1.1057e+02,1.0962e+02,1.0998e+02,1.0922e+02,1.0689e+02,1.0567e+02,1.0434e+02,1.0205e+02,9.9848e+01,9.9429e+01,9.6585e+01,9.5001e+01,9.3467e+01,8.9868e+01,8.8227e+01,8.5840e+01,8.2913e+01,8.2884e+01,8.0449e+01,7.7799e+01,7.6564e+01,7.3057e+01,7.0297e+01,6.7874e+01,6.5821e+01,6.2980e+01,6.1019e+01,5.8051e+01,5.6104e+01,5.3948e+01,5.1076e+01,5.0568e+01,4.8933e+01,4.5642e+01,4.4843e+01,4.1724e+01,4.1583e+01,3.8851e+01,3.6855e+01,3.4931e+01,3.2009e+01,3.1345e+01,2.8098e+01,2.5632e+01,2.3328e+01,2.2663e+01,2.0531e+01,2.1190e+01,1.9927e+01,2.2061e+01,2.2700e+01,2.1138e+01,2.1401e+01,2.2743e+01,2.4230e+01,2.3951e+01,2.2843e+01,2.2179e+01,2.2844e+01,2.2277e+01,2.4072e+01,2.5283e+01,2.6536e+01,2.8735e+01,3.0311e+01,3.2427e+01,3.4024e+01,3.5987e+01,3.7008e+01,3.7580e+01,3.8878e+01,4.0245e+01,4.1772e+01,4.3016e+01,4.4242e+01,4.5673e+01,4.7415e+01,4.8905e+01,5.0878e+01,5.1899e+01,5.3112e+01,5.4545e+01,5.5224e+01,5.6189e+01,5.5929e+01,5.5618e+01
8.6635e+01,8.6602e+01,8.6391e+01,8.6491e+01,8.6263e+01,8.6044e+01,8.5887e+01,8.5776e+01,8.5257e+01,8.4953e+01,8.4500e+01,8.4285e+01,8.3993e+01,8.3890e+01,8.4063e+01,8.4036e+01,8.4482e+01,8.4727e+01,8.5213e+01,8.5675e+01,8.6042e+01,8.6227e+01,8.6970e+01,8.7828e+01,8.8651e+01,8.9529e+01,9.0174e+01,9.1209e+01,9.2117e+01,9.3438e+01,9.4567e+01,9.6034e+01,9.7469e+01,9.9385e+01,1.0141e+02,1.0297e+02,1.0551e+02,1.0720e+02,1.0981e+02,1.1143e+02,1.1269e+02,1.1298e+02,1.1337e+02,1.1213e+02,1.1066e+02,1.0965e+02,1.0869e+02,1.0903e+02,1.0828e+02,1.0596e+02,1.0477e+02,1.0346e+02,1.0118e+02,9.9022e+01,9.8642e+01,9.5820e+01,9.4297e+01,9.2770e+01,8.9178e+01,8.7584e+01,8.5178e+01,8.2291e+01,8.2307e+01,7.9930e+01,7.7295e+01,7.6119e+01,7.2617e+01,6.9916e+01,6.7527e+01,6.5560e+01,6.2698e+01,6.0660e+01,5.7773e+01,5.5871e+01,5.3832e+01,5.0946e+01,5.0320e+01,4.8733e+01,4.5538e+01,4.4866e+01,4.1876e+01,4.1915e+01,3.9184e+01,3.7031e+01,3.5184e+01,3.2406e+01,3.2004e+01,2.8917e+01,2.6677e+01,2.4354e+01,2.3963e+01,2.2101e+01,2.3034e+01,2.1925e+01,2.4165e+01,2.4946e+01,2.3489e+01,2.3760e+01,2.5110e+01,2.6526e+01,2.6174e+01,2.5030e+01,2.4185e+01,2.4673e+01,2.3896e+01,2.5428e+01,2.6448e+01,2.7439e+01,2.9468e+01,3.0968e+01,3.2952e+01,3.4542e+01,3.6479e+01,3.7497e+01,3.8077e+01,3.9373e+01,4.0730e+01,4.2238e+01,4.3462e+01,4.4667e+01,4.6075e+01,4.7787e+01,4.9254e+01,5.1200e+01,5.2210e+01,5.3409e+01,5.4827e+01,5.5499e+01,5.6455e+01,5.6194e+01,5.5885e+01
8.4691e+01,8.4655e+01,8.4444e+01,8.4550e+01,8.4329e+01,8.4114e+01,8.3960e+01,8.3843e+01,8.3318e+01,8.3011e+01,8.2561e+01,8.2339e+01,8.2054e+01,8.1939e+01,8.2084e+01,8.2044e+01,8.2485e+01,8.2724e+01,8.3209e+01,8.3668e+01,8.4005e+01,8.4170e+01,8.4879e+01,8.5723e+01,8.6528e+01,8.7385e+01,8.8029e+01,8.9035e+01,8.9920e+01,9.1242e+01,9.2363e+01,9.3819e+01,9.5232e+01,9.7163e+01,9.9206e+01,1.0078e+02,1.0333e+02,1.0504e+02,1.0766e+02,1.0929e+02,1.1057e+02,1.1087e+02,1.1126e+02,1.1003e+02,1.0855e+02,1.0756e+02,1.0663e+02,1.0701e+02,1.0628e+02,1.0398e+02,1.0279e+02,1.0149e+02,9.9212e+01,9.7028e+01,9.6665e+01,9.3847e+01,9.2304e+01,9.0802e+01,8.7207e+01,8.5609e+01,8.3241e+01,8.0342e+01,8.0366e+01,7.7954e+01,7.5335e+01,7.4153e+01,7.0662e+01,6.7916e+01,6.5551e+01,6.3553e+01,6.0740e+01,5.8766e+01,5.5874e+01,5.4043e+01,5.2004e+01,4.9205e+01,4.8673e+01,4.7208e+01,4.4028e+01,4.3473e+01,4.0499e+01,4.0626e+01,3.8020e+01,3.5888e+01,3.4218e+01,3.1411e+01,3.1113e+01,2.8068e+01,2.6007e+01,2.3889e+01,2.3688e+01,2.1736e+01,2.2714e+01,2.1862e+01,2.4228e+01,2.4789e+01,2.3214e+01,2.3127e+01,2.4376e+01,2.5492e+01,2.5064e+01,2.4010e+01,2.3067e+01,2.3604e+01,2.2835e+01,2.4360e+01,2.5153e+01,2.6110e+01,2.8116e+01,2.9676e+01,3.1648e+01,3.3272e+01,3.5228e+01,3.6272e+01,3.6881e+01,3.8203e+01,3.9578e+01,4.1105e+01,4.2353e+01,4.3570e+01,4.4994e+01,4.6724e+01,4.8206e+01,5.0168e+01,5.1181e+01,5.2388e+01,5.3817e+01,5.4494e+01,5.5456e+01,5.5193e+01,5.4881e+01
8.3626e+01,8.3590e+01,8.3392e+01,8.3512e+01,8.3299e+01,8.3093e+01,8.2954e+01,8.2837e+01,8.2296e+01,8.1986e+01,8.1554e+01,8.1335e+01,8.1075e+01,8.0965e+01,8.1073e+01,8.1018e+01,8.1434e+01,8.1663e+01,8.2124e+01,8.2595e+01,8.2933e+01,8.3119e+01,8.3814e+01,8.4664e+01,8.5462e+01,8.6341e+01,8.7004e+01,8.8026e+01,8.8903e+01,9.0226e+01,9.1340e+01,9.2797e+01,9.4196e+01,9.6141e+01,9.8205e+01,9.9796e+01,1.0236e+02,1.0408e+02,1.0671e+02,1.0836e+02,1.0964e+02,1.0995e+02,1.1034e+02,1.0911e+02,1.0764e+02,1.0665e+02,1.0571e+02,1.0610e+02,1.0534e+02,1.0302e+02,1.0181e+02,1.0046e+02,9.8154e+01,9.5930e+01,9.5521e+01,9.2678e+01,9.1084e+01,8.9525e+01,8.5932e+01,8.4268e+01,8.1873e+01,7.8932e+01,7.8876e+01,7.6428e+01,7.3763e+01,7.2504e+01,6.8995e+01,6.6237e+01,6.3813e+01,6.1766e+01,5.8928e+01,5.6971e+01,5.4032e+01,5.2138e+01,5.0046e+01,4.7241e+01,4.6741e+01,4.5231e+01,4.2030e+01,4.1421e+01,3.8430e+01,3.8532e+01,3.5944e+01,3.3851e+01,3.2223e+01,2.9437e+01,2.9168e+01,2.6200e+01,2.4249e+01,2.2289e+01,2.2214e+01,2.0406e+01,2.1510e+01,2.0962e+01,2.3425e+01,2.4039e+01,2.2694e+01,2.2597e+01,2.4048e+01,2.5145e+01,2.4966e+01,2.4213e+01,2.3466e+01,2.4284e+01,2.3717e+01,2.5371e+01,2.6108e+01,2.7149e+01,2.9182e+01,3.0817e+01,3.2807e+01,3.4450e+01,3.6403e+01,3.7461e+01,3.8096e+01,3.9422e+01,4.0804e+01,4.2332e+01,4.3593e+01,4.4818e+01,4.6240e+01,4.7967e+01,4.9452e+01,5.1409e+01,5.2420e+01,5.3621e+01,5.5042e+01,5.5713e+01,5.6668e+01,5.6404e+01,5.6090e+01
8.2727e+01,8.2693e+01,8.2487e+01,8.2602e+01,8.2390e+01,8.2197e+01,8.2055e+01,8.1939e+01,8.1402e+01,8.1090e+01,8.0652e+01,8.0429e+01,8.0156e+01,8.0038e+01,8.0141e+01,8.0078e+01,8.0503e+01,8.0729e+01,8.1197e+01,8.1656e+01,8.1961e+01,8.2109e+01,8.2774e+01,8.3606e+01,8.4384e+01,8.5217e+01,8.5856e+01,8.6828e+01,8.7680e+01,8.9005e+01,9.0107e+01,9.1553e+01,9.2934e+01,9.4901e+01,9.6980e+01,9.8599e+01,1.0117e+02,1.0292e+02,1.0556e+02,1.0723e+02,1.0856e+02,1.0888e+02,1.0925e+02,1.0803e+02,1.0653e+02,1.0558e+02,1.0468e+02,1.0512e+02,1.0440e+02,1.0210e+02,1.0092e+02,9.9571e+01,9.7289e+01,9.5035e+01,9.4643e+01,9.1812e+01,9.0182e+01,8.8682e+01,8.5085e+01,8.3417e+01,8.1098e+01,7.8144e+01,7.8113e+01,7.5604e+01,7.2982e+01,7.1715e+01,6.8233e+01,6.5389e+01,6.3003e+01,6.0879e+01,5.8132e+01,5.6307e+01,5.3333e+01,5.1523e+01,4.9370e+01,4.6687e+01,4.6375e+01,4.4994e+01,4.1749e+01,4.1204e+01,3.8146e+01,3.8206e+01,3.5759e+01,3.3812e+01,3.2293e+01,2.9344e+01,2.8954e+01,2.5885e+01,2.3931e+01,2.2154e+01,2.2035e+01,1.9866e+01,2.0735e+01,2.0241e+01,2.2669e+01,2.2863e+01,2.1200e+01,2.0670e+01,2.1860e+01,2.2643e+01,2.2309e+01,2.1575e+01,2.0736e+01,2.1617e+01,2.1119e+01,2.2832e+01,2.3458e+01,2.4591e+01,2.6686e+01,2.8408e+01,3.0475e+01,3.2159e+01,3.4162e+01,3.5243e+01,3.5890e+01,3.7245e+01,3.8655e+01,4.0217e+01,4.1504e+01,4.2751e+01,4.4206e+01,4.5972e+01,4.7488e+01,4.9482e+01,5.0506e+01,5.1730e+01,5.3179e+01,5.3862e+01,5.4836e+01,5.4569e+01,5.4250e+01
8.3369e+01,8.3327e+01,8.3115e+01,8.3229e+01,8.3002e+01,8.2807e+01,8.2647e+01,8.2530e+01,8.2009e+01,8.1714e+01,8.1272e+01,8.1055e+01,8.0778e+01,8.0665e+01,8.0778e+01,8.0715e+01,8.1147e+01,8.1381e+01,8.1861e+01,8.2317e+01,8.2612e+01,8.2739e+01,8.3397e+01,8.4221e+01,8.4991e+01,8.5787e+01,8.6410e+01,8.7350e+01,8.8192e+01,8.9511e+01,9.0602e+01,9.2041e+01,9.3431e+01,9.5411e+01,9.7501e+01,9.9136e+01,1.0171e+02,1.0347e+02,1.0614e+02,1.0781e+02,1.0916e+02,1.0948e+02,1.0983e+02,1.0861e+02,1.0708e+02,1.0614e+02,1.0527e+02,1.0572e+02,1.0502e+02,1.0273e+02,1.0157e+02,1.0023e+02,9.7963e+01,9.5700e+01,9.5309e+01,9.2486e+01,9.0839e+01,8.9380e+01,8.5788e+01,8.4121e+01,8.1855e+01,7.8901e+01,7.8889e+01,7.6349e+01,7.3765e+01,7.2494e+01,6.9034e+01,6.6139e+01,6.3778e+01,6.1600e+01,5.8905e+01,5.7162e+01,5.4153e+01,5.2377e+01,5.0164e+01,4.7524e+01,4.7314e+01,4.5959e+01,4.2655e+01,4.2081e+01,3.8948e+01,3.8897e+01,3.6474e+01,3.4648e+01,3.3081e+01,2.9986e+01,2.9379e+01,2.6136e+01,2.3953e+01,2.2076e+01,2.1732e+01,1.9200e+01,1.9796e+01,1.9083e+01,2.1393e+01,2.1330e+01,1.9359e+01,1.8650e+01,1.9644e+01,2.0412e+01,1.9880e+01,1.8925e+01,1.8060e+01,1.8897e+01,1.8410e+01,2.0287e+01,2.1106e+01,2.2444e+01,2.4704e+01,2.6495e+01,2.8718e+01,3.0426e+01,3.2487e+01,3.3572e+01,3.4203e+01,3.5573e+01,3.7008e+01,3.8598e+01,3.9910e+01,4.1176e+01,4.2657e+01,4.4461e+01,4.6006e+01,4.8041e+01,4.9082e+01,5.0326e+01,5.1803e+01,5.2496e+01,5.3487e+01,5.3217e+01,5.2896e+01
8.2865e+01,8.2828e+01,8.2605e+01,8.2707e+01,8.2485e+01,8.2299e+01,8.2139e+01,8.2027e+01,8.1507e+01,8.1201e+01,8.0751e+01,8.0529e+01,8.0221e+01,8.0100e+01,8.0220e+01,8.0153e+01,8.0587e+01,8.0810e+01,8.1290e+01,8.1725e+01,8.1989e+01,8.2078e+01,8.2716e+01,8.3514e+01,8.4269e+01,8.5022e+01,8.5617e+01,8.6511e+01,8.7341e+01,8.8655e+01,8.9739e+01,9.1174e+01,9.2551e+01,9.4534e+01,9.6627e+01,9.8269e+01,1.0084e+02,1.0262e+02,1.0529e+02,1.0698e+02,1.0837e+02,1.0871e+02,1.0906e+02,1.0785e+02,1.0629e+02,1.0538e+02,1.0455e+02,1.0505e+02,1.0439e+02,1.0212e+02,1.0099e+02,9.9657e+01,9.7420e+01,9.5144e+01,9.4777e+01,9.1969e+01,9.0308e+01,8.8916e+01,8.5323e+01,8.3677e+01,8.1482e+01,7.8534e+01,7.8568e+01,7.5993e+01,7.3460e+01,7.2212e+01,6.8785e+01,6.5834e+01,6.3529e+01,6.1319e+01,5.8709e+01,5.7064e+01,5.4054e+01,5.2373e+01,5.0144e+01,4.7610e+01,4.7532e+01,4.6308e+01,4.2996e+01,4.2509e+01,3.9358e+01,3.9305e+01,3.7012e+01,3.5286e+01,3.3824e+01,3.0639e+01,2.9978e+01,2.6706e+01,2.4574e+01,2.2828e+01,2.2471e+01,1.9685e+01,2.0076e+01,1.9360e+01,2.1580e+01,2.1139e+01,1.8825e+01,1.7665e+01,1.8278e+01,1.8682e+01,1.7800e+01,1.6738e+01,1.5586e+01,1.6367e+01,1.5867e+01,1.7750e+01,1.8461e+01,1.9899e+01,2.2218e+01,2.4094e+01,2.6389e+01,2.8153e+01,3.0272e+01,3.1386e+01,3.2026e+01,3.3430e+01,3.4899e+01,3.6517e+01,3.7844e+01,3.9133e+01,4.0648e+01,4.2490e+01,4.4061e+01,4.6133e+01,4.7191e+01,4.8457e+01,4.9962e+01,5.0667e+01,5.1678e+01,5.1406e+01,5.1078e+01
8.2537e+01,8.2500e+01,8.2277e+01,8.2374e+01,8.2153e+01,8.1977e+01,8.1824e+01,8.1719e+01,8.1193e+01,8.0886e+01,8.0451e+01,8.0240e+01,7.9933e+01,7.9820e+01,7.9933e+01,7.9855e+01,8.0276e+01,8.0490e+01,8.0961e+01,8.1392e+01,8.1641e+01,8.1719e+01,8.2343e+01,8.3121e+01,8.3861e+01,8.4592e+01,8.5175e+01,8.6049e+01,8.6871e+01,8.8168e+01,8.9247e+01,9.0665e+01,9.2042e+01,9.4034e+01,9.6143e+01,9.7809e+01,1.0039e+02,1.0219e+02,1.0488e+02,1.0660e+02,1.0801e+02,1.0836e+02,1.0871e+02,1.0752e+02,1.0595e+02,1.0506e+02,1.0424e+02,1.0477e+02,1.0411e+02,1.0182e+02,1.0069e+02,9.9325e+01,9.7083e+01,9.4768e+01,9.4371e+01,9.1556e+01,8.9840e+01,8.8464e+01,8.4877e+01,8.3197e+01,8.1048e+01,7.8072e+01,7.8086e+01,7.5456e+01,7.2940e+01,7.1653e+01,6.8245e+01,6.5234e+01,6.2934e+01,6.0646e+01,5.8098e+01,5.6563e+01,5.3505e+01,5.1847e+01,4.9540e+01,4.7079e+01,4.7150e+01,4.5976e+01,4.2624e+01,4.2123e+01,3.8929e+01,3.8783e+01,3.6617e+01,3.5082e+01,3.3702e+01,3.0445e+01,2.9642e+01,2.6357e+01,2.4196e+01,2.2582e+01,2.2153e+01,1.9170e+01,1.9324e+01,1.8659e+01,2.0757e+01,1.9997e+01,1.7465e+01,1.5913e+01,1.6302e+01,1.6487e+01,1.5425e+01,1.4434e+01,1.3333e+01,1.4323e+01,1.4183e+01,1.6245e+01,1.7023e+01,1.8745e+01,2.1200e+01,2.3188e+01,2.5601e+01,2.7392e+01,2.9527e+01,3.0656e+01,3.1293e+01,3.2705e+01,3.4195e+01,3.5838e+01,3.7183e+01,3.8487e+01,4.0020e+01,4.1886e+01,4.3477e+01,4.5579e+01,4.6651e+01,4.7932e+01,4.9456e+01,5.0166e+01,5.1186e+01,5.0914e+01,5.0583e+01
8.1132e+01,8.1103e+01,8.0876e+01,8.0964e+01,8.0763e+01,8.0598e+01,8.0463e+01,8.0374e+01,7.9838e+01,7.9506e+01,7.9066e+01,7.8842e+01,7.8505e+01,7.8377e+01,7.8492e+01,7.8407e+01,7.8820e+01,7.9012e+01,7.9464e+01,7.9880e+01,8.0102e+01,8.0164e+01,8.0767e+01,8.1519e+01,8.2244e+01,8.2954e+01,8.3516e+01,8.4363e+01,8.5181e+01,8.6484e+01,8.7581e+01,8.8997e+01,9.0373e+01,9.2365e+01,9.4472e+01,9.6140e+01,9.8723e+01,1.0053e+02,1.0322e+02,1.0494e+02,1.0638e+02,1.0675e+02,1.0711e+02,1.0593e+02,1.0435e+02,1.0349e+02,1.0268e+02,1.0324e+02,1.0259e+02,1.0030e+02,9.9177e+01,9.7796e+01,9.5561e+01,9.3228e+01,9.2824e+01,9.0011e+01,8.8269e+01,8.6930e+01,8.3347e+01,8.1670e+01,7.9573e+01,7.6596e+01,7.6635e+01,7.3972e+01,7.1490e+01,7.0220e+01,6.6840e+01,6.3786e+01,6.1533e+01,5.9224e+01,5.6750e+01,5.5298e+01,5.2246e+01,5.0673e+01,4.8362e+01,4.6005e+01,4.6197e+01,4.5162e+01,4.1831e+01,4.1441e+01,3.8280e+01,3.8196e+01,3.6213e+01,3.4765e+01,3.3590e+01,3.0347e+01,2.9624e+01,2.6461e+01,2.4525e+01,2.3180e+01,2.2926e+01,1.9952e+01,2.0096e+01,1.9684e+01,2.1750e+01,2.0734e+01,1.8134e+01,1.6147e+01,1.6250e+01,1.5918e+01,1.4627e+01,1.3913e+01,1.2594e+01,1.3650e+01,1.3737e+01,1.5612e+01,1.6060e+01,1.7750e+01,2.0138e+01,2.2193e+01,2.4573e+01,2.6403e+01,2.8542e+01,2.9711e+01,3.0368e+01,3.1808e+01,3.3319e+01,3.4979e+01,3.6335e+01,3.7651e+01,3.9196e+01,4.1077e+01,4.2678e+01,4.4797e+01,4.5878e+01,4.7172e+01,4.8711e+01,4.9425e+01,5.0450e+01,5.0177e+01,4.9844e+01
7.9009e+01,7.8983e+01,7.8753e+01,7.8833e+01,7.8650e+01,7.8498e+01,7.8375e+01,7.8302e+01,7.7753e+01,7.7395e+01,7.6947e+01,7.6713e+01,7.6351e+01,7.6210e+01,7.6320e+01,7.6220e+01,7.6629e+01,7.6803e+01,7.7247e+01,7.7637e+01,7.7836e+01,7.7872e+01,7.8456e+01,7.9187e+01,7.9907e+01,8.0584e+01,8.1120e+01,8.1939e+01,8.2755e+01,8.4058e+01,8.5151e+01,8.6562e+01,8.7932e+01,8.9912e+01,9.2013e+01,9.3680e+01,9.6260e+01,9.8063e+01,1.0075e+02,1.0248e+02,1.0393e+02,1.0432e+02,1.0466e+02,1.0350e+02,1.0191e+02,1.0106e+02,1.0028e+02,1.0086e+02,1.0023e+02,9.7954e+01,9.6852e+01,9.5478e+01,9.3261e+01,9.0933e+01,9.0548e+01,8.7755e+01,8.6016e+01,8.4726e+01,8.1151e+01,7.9504e+01,7.7460e+01,7.4505e+01,7.4601e+01,7.1938e+01,6.9515e+01,6.8303e+01,6.4966e+01,6.1896e+01,5.9724e+01,5.7443e+01,5.5051e+01,5.3661e+01,5.0668e+01,4.9237e+01,4.6998e+01,4.4761e+01,4.5029e+01,4.4191e+01,4.0938e+01,4.0759e+01,3.7709e+01,3.7798e+01,3.6011e+01,3.4573e+01,3.3648e+01,3.0473e+01,2.9955e+01,2.6954e+01,2.5332e+01,2.4197e+01,2.4261e+01,2.1381e+01,2.1665e+01,2.1533e+01,2.3637e+01,2.2509e+01,1.9926e+01,1.7672e+01,1.7587e+01,1.6842e+01,1.5363e+01,1.4773e+01,1.3187e+01,1.3973e+01,1.3987e+01,1.5518e+01,1.5590e+01,1.7045e+01,1.9264e+01,2.1339e+01,2.3634e+01,2.5517e+01,2.7665e+01,2.8865e+01,2.9551e+01,3.1017e+01,3.2543e+01,3.4213e+01,3.5580e+01,3.6899e+01,3.8450e+01,4.0336e+01,4.1944e+01,4.4067e+01,4.5147e+01,4.6447e+01,4.7993e+01,4.8712e+01,4.9744e+01,4.9473e+01,4.9138e+01
7.6970e+01,7.6940e+01,7.6705e+01,7.6786e+01,7.6619e+01,7.6478e+01,7.6371e+01,7.6310e+01,7.5746e+01,7.5368e+01,7.4918e+01,7.4673e+01,7.4299e+01,7.4150e+01,7.4242e+01,7.4133e+01,7.4529e+01,7.4683e+01,7.5107e+01,7.5495e+01,7.5677e+01,7.5710e+01,7.6284e+01,7.7002e+01,7.7715e+01,7.8396e+01,7.8928e+01,7.9739e+01,8.0555e+01,8.1866e+01,8.2971e+01,8.4386e+01,8.5748e+01,8.7734e+01,8.9836e+01,9.1501e+01,9.4087e+01,9.5888e+01,9.8574e+01,1.0032e+02,1.0177e+02,1.0218e+02,1.0254e+02,1.0139e+02,9.9800e+01,9.8966e+01,9.8170e+01,9.8773e+01,9.8122e+01,9.5842e+01,9.4723e+01,9.3325e+01,9.1100e+01,8.8742e+01,8.8342e+01,8.5536e+01,8.3769e+01,8.2491e+01,7.8917e+01,7.7266e+01,7.5249e+01,7.2293e+01,7.2397e+01,6.9718e+01,6.7318e+01,6.6121e+01,6.2810e+01,5.9724e+01,5.7594e+01,5.5317e+01,5.2984e+01,5.1647e+01,4.8683e+01,4.7332e+01,4.5130e+01,4.2987e+01,4.3331e+01,4.2631e+01,3.9451e+01,3.9411e+01,3.6463e+01,3.6680e+01,3.5089e+01,3.3699e+01,3.3030e+01,2.9975e+01,2.9655e+01,2.6888e+01,2.5586e+01,2.4715e+01,2.5091e+01,2.2421e+01,2.2874e+01,2.3114e+01,2.5261e+01,2.4096e+01,2.1684e+01,1.9233e+01,1.9130e+01,1.8039e+01,1.6599e+01,1.6386e+01,1.4847e+01,1.5626e+01,1.5800e+01,1.7081e+01,1.6827e+01,1.8114e+01,2.0061e+01,2.2073e+01,2.4199e+01,2.6052e+01,2.8120e+01,2.9333e+01,3.0047e+01,3.1513e+01,3.3029e+01,3.4676e+01,3.6027e+01,3.7333e+01,3.8872e+01,4.0741e+01,4.2333e+01,4.4440e+01,4.5517e+01,4.6813e+01,4.8353e+01,4.9069e+01,5.0093e+01,4.9824e+01,4.9491e+01
7.6297e+01,7.6275e+01,7.6039e+01,7.6113e+01,7.5969e+01,7.5839e+01,7.5743e+01,7.5699e+01,7.5124e+01,7.4719e+01,7.4258e+01,7.3996e+01,7.3587e+01,7.3423e+01,7.3521e+01,7.3404e+01,7.3794e+01,7.3925e+01,7.4320e+01,7.4680e+01,7.4829e+01,7.4843e+01,7.5401e+01,7.6087e+01,7.6788e+01,7.7442e+01,7.7949e+01,7.8730e+01,7.9538e+01,8.0858e+01,8.1986e+01,8.3399e+01,8.4764e+01,8.6748e+01,8.8840e+01,9.0504e+01,9.3080e+01,9.4879e+01,9.7555e+01,9.9316e+01,1.0078e+02,1.0121e+02,1.0157e+02,1.0043e+02,9.8839e+01,9.8029e+01,9.7246e+01,9.7885e+01,9.7240e+01,9.4967e+01,9.3863e+01,9.2457e+01,9.0249e+01,8.7891e+01,8.7488e+01,8.4695e+01,8.2912e+01,8.1664e+01,7.8102e+01,7.6457e+01,7.4486e+01,7.1535e+01,7.1652e+01,6.8956e+01,6.6593e+01,6.5412e+01,6.2139e+01,5.9034e+01,5.6950e+01,5.4670e+01,5.2408e+01,5.1147e+01,4.8207e+01,4.6927e+01,4.4735e+01,4.2694e+01,4.3133e+01,4.2538e+01,3.9404e+01,3.9435e+01,3.6534e+01,3.6772e+01,3.5320e+01,3.4017e+01,3.3471e+01,3.0452e+01,3.0159e+01,2.7512e+01,2.6367e+01,2.5674e+01,2.6133e+01,2.3518e+01,2.3981e+01,2.4398e+01,2.6501e+01,2.5232e+01,2.2873e+01,2.0270e+01,2.0033e+01,1.8667e+01,1.7198e+01,1.7220e+01,1.5699e+01,1.6448e+01,1.6830e+01,1.7881e+01,1.7423e+01,1.8549e+01,2.0291e+01,2.2267e+01,2.4284e+01,2.6087e+01,2.8093e+01,2.9286e+01,2.9987e+01,3.1438e+01,3.2940e+01,3.4571e+01,3.5906e+01,3.7194e+01,3.8718e+01,4.0571e+01,4.2148e+01,4.4239e+01,4.5313e+01,4.6608e+01,4.8144e+01,4.8856e+01,4.9874e+01,4.9606e+01,4.9274e+01
7.4168e+01,7.4143e+01,7.3896e+01,7.3969e+01,7.3838e+01,7.3711e+01,7.3632e+01,7.3589e+01,7.2997e+01,7.2575e+01,7.2116e+01,7.1850e+01,7.1438e+01,7.1269e+01,7.1356e+01,7.1231e+01,7.1617e+01,7.1729e+01,7.2113e+01,7.2460e+01,7.2593e+01,7.2606e+01,7.3159e+01,7.3842e+01,7.4543e+01,7.5202e+01,7.5711e+01,7.6491e+01,7.7305e+01,7.8627e+01,7.9763e+01,8.1176e+01,8.2542e+01,8.4527e+01,8.6610e+01,8.8264e+01,9.0834e+01,9.2617e+01,9.5283e+01,9.7041e+01,9.8500e+01,9.8923e+01,9.9291e+01,9.8152e+01,9.6562e+01,9.5751e+01,9.4965e+01,9.5613e+01,9.4959e+01,9.2686e+01,9.1581e+01,9.0175e+01,8.7976e+01,8.5617e+01,8.5222e+01,8.2437e+01,8.0657e+01,7.9433e+01,7.5876e+01,7.4248e+01,7.2311e+01,6.9381e+01,6.9531e+01,6.6847e+01,6.4530e+01,6.3401e+01,6.0172e+01,5.7075e+01,5.5064e+01,5.2827e+01,5.0638e+01,4.9419e+01,4.6555e+01,4.5397e+01,4.3298e+01,4.1372e+01,4.1851e+01,4.1428e+01,3.8422e+01,3.8645e+01,3.5910e+01,3.6334e+01,3.5083e+01,3.3784e+01,3.3508e+01,3.0674e+01,3.0634e+01,2.8258e+01,2.7422e+01,2.6925e+01,2.7668e+01,2.5304e+01,2.5951e+01,2.6627e+01,2.8787e+01,2.7559e+01,2.5357e+01,2.2729e+01,2.2527e+01,2.1012e+01,1.9605e+01,1.9812e+01,1.8304e+01,1.8922e+01,1.9279e+01,2.0085e+01,1.9432e+01,2.0333e+01,2.1794e+01,2.3669e+01,2.5479e+01,2.7214e+01,2.9102e+01,3.0274e+01,3.0981e+01,3.2406e+01,3.3872e+01,3.5462e+01,3.6763e+01,3.8019e+01,3.9512e+01,4.1326e+01,4.2873e+01,4.4926e+01,4.5984e+01,4.7257e+01,4.8771e+01,4.9471e+01,5.0475e+01,5.0211e+01,4.9883e+01
7.2972e+01,7.2952e+01,7.2706e+01,7.2765e+01,7.2645e+01,7.2524e+01,7.2461e+01,7.2427e+01,7.1821e+01,7.1384e+01,7.0934e+01,7.0669e+01,7.0249e+01,7.0077e+01,7.0157e+01,7.0013e+01,7.0384e+01,7.0476e+01,7.0844e+01,7.1181e+01,7.1301e+01,7.1308e+01,7.1858e+01,7.2528e+01,7.3223e+01,7.3871e+01,7.4381e+01,7.5141e+01,7.5936e+01,7.7242e+01,7.8381e+01,7.9776e+01,8.1138e+01,8.3139e+01,8.5228e+01,8.6898e+01,8.9472e+01,9.1260e+01,9.3933e+01,9.5704e+01,9.7171e+01,9.7608e+01,9.7977e+01,9.6851e+01,9.5257e+01,9.4461e+01,9.3684e+01,9.4359e+01,9.3701e+01,9.1426e+01,9.0319e+01,8.8890e+01,8.6692e+01,8.4306e+01,8.3893e+01,8.1109e+01,7.9293e+01,7.8091e+01,7.4553e+01,7.2915e+01,7.1028e+01,6.8100e+01,6.8250e+01,6.5545e+01,6.3268e+01,6.2141e+01,5.8959e+01,5.5842e+01,5.3882e+01,5.1629e+01,4.9535e+01,4.8423e+01,4.5592e+01,4.4529e+01,4.2450e+01,4.0665e+01,4.1266e+01,4.0987e+01,3.8066e+01,3.8403e+01,3.5775e+01,3.6252e+01,3.5230e+01,3.4074e+01,3.4022e+01,3.1303e+01,3.1338e+01,2.9177e+01,2.8562e+01,2.8293e+01,2.9166e+01,2.6920e+01,2.7537e+01,2.8390e+01,3.0440e+01,2.9103e+01,2.6991e+01,2.4263e+01,2.3954e+01,2.2254e+01,2.0903e+01,2.1317e+01,1.9909e+01,2.0511e+01,2.1033e+01,2.1688e+01,2.0927e+01,2.1779e+01,2.3058e+01,2.4850e+01,2.6531e+01,2.8182e+01,2.9957e+01,3.1097e+01,3.1803e+01,3.3198e+01,3.4632e+01,3.6184e+01,3.7459e+01,3.8690e+01,4.0162e+01,4.1948e+01,4.3472e+01,4.5502e+01,4.6548e+01,4.7805e+01,4.9304e+01,4.9998e+01,5.0992e+01,5.0734e+01,5.0409e+01
7.0901e+01,7.0884e+01,7.0627e+01,7.0684e+01,7.0577e+01,7.0453e+01,7.0408e+01,7.0369e+01,6.9739e+01,6.9283e+01,6.8840e+01,6.8577e+01,6.8165e+01,6.7990e+01,6.8056e+01,6.7905e+01,6.8269e+01,6.8339e+01,6.8705e+01,6.9040e+01,6.9155e+01,6.9164e+01,6.9708e+01,7.0375e+01,7.1068e+01,7.1726e+01,7.2249e+01,7.3014e+01,7.3813e+01,7.5101e+01,7.6238e+01,7.7631e+01,7.8990e+01,8.0983e+01,8.3068e+01,8.4726e+01,8.7298e+01,8.9076e+01,9.1743e+01,9.3515e+01,9.4967e+01,9.5406e+01,9.5791e+01,9.4658e+01,9.3067e+01,9.2263e+01,9.1479e+01,9.2150e+01,9.1485e+01,8.9213e+01,8.8103e+01,8.6685e+01,8.4492e+01,8.2108e+01,8.1713e+01,7.8937e+01,7.7139e+01,7.5955e+01,7.2419e+01,7.0809e+01,6.8941e+01,6.6041e+01,6.6229e+01,6.3557e+01,6.1325e+01,6.0262e+01,5.7125e+01,5.4042e+01,5.2162e+01,4.9981e+01,4.7948e+01,4.6847e+01,4.4118e+01,4.3182e+01,4.1240e+01,3.9559e+01,4.0142e+01,4.0029e+01,3.7276e+01,3.7819e+01,3.5403e+01,3.6102e+01,3.5254e+01,3.4057e+01,3.4260e+01,3.1781e+01,3.2102e+01,3.0212e+01,2.9858e+01,2.9716e+01,3.0816e+01,2.8815e+01,2.9601e+01,3.0608e+01,3.2727e+01,3.1492e+01,2.9512e+01,2.6848e+01,2.6642e+01,2.4944e+01,2.3649e+01,2.4097e+01,2.2670e+01,2.3165e+01,2.3551e+01,2.4051e+01,2.3179e+01,2.3846e+01,2.4924e+01,2.6623e+01,2.8125e+01,2.9736e+01,3.1405e+01,3.2536e+01,3.3252e+01,3.4615e+01,3.6001e+01,3.7505e+01,3.8747e+01,3.9940e+01,4.1371e+01,4.3108e+01,4.4597e+01,4.6582e+01,4.7610e+01,4.8840e+01,5.0310e+01,5.0991e+01,5.1965e+01,5.1712e+01,5.1393e+01
6.9469e+01,6.9458e+01,6.9192e+01,6.9239e+01,6.9146e+01,6.9026e+01,6.9003e+01,6.8967e+01,6.8311e+01,6.7827e+01,6.7386e+01,6.7122e+01,6.6698e+01,6.6522e+01,6.6592e+01,6.6432e+01,6.6794e+01,6.6844e+01,6.7206e+01,6.7529e+01,6.7654e+01,6.7668e+01,6.8228e+01,6.8904e+01,6.9613e+01,7.0291e+01,7.0817e+01,7.1612e+01,7.2440e+01,7.3721e+01,7.4861e+01,7.6285e+01,7.7658e+01,7.9627e+01,8.1699e+01,8.3317e+01,8.5882e+01,8.7634e+01,9.0284e+01,9.2051e+01,9.3476e+01,9.3916e+01,9.4325e+01,9.3178e+01,9.1588e+01,9.0765e+01,8.9967e+01,9.0624e+01,8.9949e+01,8.7677e+01,8.6566e+01,8.5165e+01,8.2972e+01,8.0605e+01,8.0232e+01,7.7466e+01,7.5705e+01,7.4509e+01,7.0966e+01,6.9385e+01,6.7488e+01,6.4615e+01,6.4826e+01,6.2205e+01,5.9982e+01,5.8976e+01,5.5848e+01,5.2827e+01,5.0983e+01,4.8900e+01,4.6852e+01,4.5676e+01,4.3035e+01,4.2157e+01,4.0345e+01,3.8671e+01,3.9146e+01,3.9106e+01,3.6475e+01,3.7165e+01,3.4904e+01,3.5802e+01,3.5000e+01,3.3686e+01,3.4027e+01,3.1726e+01,3.2295e+01,3.0573e+01,3.0376e+01,3.0233e+01,3.1545e+01,2.9744e+01,3.0735e+01,3.1843e+01,3.4086e+01,3.3044e+01,3.1181e+01,2.8639e+01,2.8605e+01,2.6989e+01,2.5721e+01,2.6104e+01,2.4644e+01,2.5028e+01,2.5236e+01,2.5647e+01,2.4729e+01,2.5256e+01,2.6227e+01,2.7882e+01,2.9291e+01,3.0906e+01,3.2533e+01,3.3663e+01,3.4387e+01,3.5734e+01,3.7095e+01,3.8575e+01,3.9799e+01,4.0971e+01,4.2380e+01,4.4090e+01,4.5558e+01,4.7518e+01,4.8533e+01,4.9748e+01,5.1199e+01,5.1872e+01,5.2836e+01,5.2585e+01,5.2272e+01
6.7843e+01,6.7828e+01,6.7563e+01,6.7613e+01,6.7516e+01,6.7400e+01,6.7385e+01,6.7344e+01,6.6674e+01,6.6191e+01,6.5766e+01,6.5509e+01,6.5108e+01,6.4937e+01,6.4972e+01,6.4799e+01,6.5141e+01,6.5188e+01,6.5547e+01,6.5884e+01,6.6020e+01,6.6051e+01,6.6599e+01,6.7293e+01,6.7998e+01,6.8697e+01,6.9243e+01,7.0048e+01,7.0866e+01,7.2147e+01,7.3269e+01,7.4685e+01,7.6040e+01,7.8012e+01,8.0096e+01,8.1717e+01,8.4293e+01,8.6058e+01,8.8713e+01,9.0485e+01,9.1905e+01,9.2346e+01,9.2756e+01,9.1624e+01,9.0053e+01,8.9238e+01,8.8431e+01,8.9093e+01,8.8401e+01,8.6109e+01,8.4977e+01,8.3546e+01,8.1327e+01,7.8921e+01,7.8528e+01,7.5747e+01,7.3951e+01,7.2738e+01,6.9197e+01,6.7586e+01,6.5694e+01,6.2808e+01,6.3004e+01,6.0360e+01,5.8140e+01,5.7113e+01,5.4002e+01,5.0969e+01,4.9139e+01,4.7039e+01,4.5040e+01,4.3932e+01,4.1317e+01,4.0516e+01,3.8745e+01,3.7193e+01,3.7744e+01,3.7837e+01,3.5324e+01,3.6143e+01,3.4034e+01,3.5020e+01,3.4422e+01,3.3208e+01,3.3751e+01,3.1606e+01,3.2296e+01,3.0785e+01,3.0822e+01,3.0863e+01,3.2306e+01,3.0642e+01,3.1672e+01,3.2936e+01,3.5156e+01,3.4109e+01,3.2376e+01,2.9827e+01,2.9851e+01,2.8198e+01,2.7058e+01,2.7546e+01,2.6168e+01,2.6610e+01,2.6833e+01,2.7286e+01,2.6338e+01,2.6887e+01,2.7816e+01,2.9452e+01,3.0810e+01,3.2400e+01,3.3959e+01,3.5071e+01,3.5810e+01,3.7136e+01,3.8475e+01,3.9925e+01,4.1129e+01,4.2286e+01,4.3674e+01,4.5357e+01,4.6806e+01,4.8740e+01,4.9744e+01,5.0941e+01,5.2370e+01,5.3035e+01,5.3988e+01,5.3739e+01,5.3428e+01
6.8190e+01,6.8170e+01,6.7923e+01,6.7976e+01,6.7869e+01,6.7772e+01,6.7770e+01,6.7746e+01,6.7067e+01,6.6585e+01,6.6178e+01,6.5926e+01,6.5525e+01,6.5364e+01,6.5382e+01,6.5185e+01,6.5497e+01,6.5530e+01,6.5859e+01,6.6189e+01,6.6333e+01,6.6378e+01,6.6922e+01,6.7627e+01,6.8324e+01,6.9036e+01,6.9583e+01,7.0401e+01,7.1225e+01,7.2526e+01,7.3642e+01,7.5061e+01,7.6408e+01,7.8381e+01,8.0477e+01,8.2118e+01,8.4707e+01,8.6504e+01,8.9172e+01,9.0959e+01,9.2399e+01,9.2853e+01,9.3255e+01,9.2154e+01,9.0595e+01,8.9809e+01,8.8997e+01,8.9686e+01,8.8969e+01,8.6641e+01,8.5482e+01,8.3976e+01,8.1712e+01,7.9261e+01,7.8791e+01,7.5977e+01,7.4104e+01,7.2818e+01,6.9268e+01,6.7561e+01,6.5624e+01,6.2668e+01,6.2761e+01,6.0042e+01,5.7740e+01,5.6586e+01,5.3422e+01,5.0337e+01,4.8390e+01,4.6178e+01,4.4118e+01,4.3047e+01,4.0308e+01,3.9392e+01,3.7472e+01,3.5899e+01,3.6553e+01,3.6571e+01,3.3956e+01,3.4664e+01,3.2452e+01,3.3274e+01,3.2715e+01,3.1670e+01,3.2179e+01,2.9935e+01,3.0474e+01,2.8957e+01,2.9066e+01,2.9251e+01,3.0713e+01,2.9027e+01,2.9993e+01,3.1395e+01,3.3557e+01,3.2459e+01,3.0825e+01,2.8219e+01,2.8309e+01,2.6605e+01,2.5615e+01,2.6274e+01,2.5096e+01,2.5722e+01,2.6121e+01,2.6816e+01,2.6034e+01,2.6800e+01,2.7898e+01,2.9635e+01,3.1129e+01,3.2760e+01,3.4369e+01,3.5482e+01,3.6219e+01,3.7559e+01,3.8917e+01,4.0390e+01,4.1610e+01,4.2787e+01,4.4196e+01,4.5905e+01,4.7369e+01,4.9328e+01,5.0343e+01,5.1553e+01,5.2996e+01,5.3666e+01,5.4628e+01,5.4373e+01,5.4055e+01
6.7573e+01,6.7546e+01,6.7306e+01,6.7359e+01,6.7246e+01,6.7165e+01,6.7175e+01,6.7165e+01,6.6472e+01,6.5987e+01,6.5593e+01,6.5345e+01,6.4938e+01,6.4787e+01,6.4786e+01,6.4573e+01,6.4854e+01,6.4879e+01,6.5182e+01,6.5512e+01,6.5673e+01,6.5741e+01,6.6282e+01,6.7002e+01,6.7697e+01,6.8443e+01,6.8999e+01,6.9845e+01,7.0681e+01,7.2000e+01,7.3110e+01,7.4538e+01,7.5870e+01,7.7830e+01,7.9933e+01,8.1570e+01,8.4165e+01,8.5974e+01,8.8636e+01,9.0436e+01,9.1876e+01,9.2346e+01,9.2753e+01,9.1680e+01,9.0138e+01,8.9374e+01,8.8548e+01,8.9259e+01,8.8512e+01,8.6151e+01,8.4959e+01,8.3395e+01,8.1085e+01,7.8593e+01,7.8066e+01,7.5222e+01,7.3291e+01,7.1936e+01,6.8380e+01,6.6600e+01,6.4620e+01,6.1618e+01,6.1636e+01,5.8872e+01,5.6512e+01,5.5273e+01,5.2083e+01,4.8978e+01,4.6962e+01,4.4697e+01,4.2612e+01,4.1570e+01,3.8783e+01,3.7822e+01,3.5852e+01,3.4312e+01,3.5032e+01,3.5055e+01,3.2461e+01,3.3167e+01,3.0998e+01,3.1786e+01,3.1349e+01,3.0438e+01,3.1039e+01,2.8866e+01,2.9420e+01,2.8064e+01,2.8378e+01,2.8750e+01,3.0338e+01,2.8798e+01,2.9804e+01,3.1397e+01,3.3535e+01,3.2486e+01,3.1046e+01,2.8476e+01,2.8701e+01,2.7001e+01,2.6190e+01,2.6985e+01,2.5987e+01,2.6725e+01,2.7197e+01,2.8036e+01,2.7331e+01,2.8213e+01,2.9366e+01,3.1126e+01,3.2656e+01,3.4283e+01,3.5878e+01,3.6973e+01,3.7706e+01,3.9027e+01,4.0373e+01,4.1830e+01,4.3046e+01,4.4221e+01,4.5623e+01,4.7327e+01,4.8785e+01,5.0737e+01,5.1747e+01,5.2949e+01,5.4378e+01,5.5044e+01,5.5998e+01,5.5743e+01,5.5426e+01
6.8239e+01,6.8205e+01,6.7981e+01,6.8030e+01,6.7913e+01,6.7847e+01,6.7880e+01,6.7882e+01,6.7171e+01,6.6679e+01,6.6307e+01,6.6065e+01,6.5659e+01,6.5519e+01,6.5504e+01,6.5262e+01,6.5512e+01,6.5502e+01,6.5769e+01,6.6081e+01,6.6238e+01,6.6315e+01,6.6863e+01,6.7594e+01,6.8292e+01,6.9046e+01,6.9604e+01,7.0458e+01,7.1301e+01,7.2633e+01,7.3745e+01,7.5188e+01,7.6526e+01,7.8484e+01,8.0591e+01,8.2234e+01,8.4835e+01,8.6663e+01,8.9331e+01,9.1144e+01,9.2602e+01,9.3088e+01,9.3496e+01,9.2448e+01,9.0913e+01,9.0174e+01,8.9346e+01,9.0084e+01,8.9311e+01,8.6919e+01,8.5716e+01,8.4086e+01,8.1753e+01,7.9237e+01,7.8640e+01,7.5785e+01,7.3790e+01,7.2351e+01,6.8786e+01,6.6915e+01,6.4874e+01,6.1803e+01,6.1698e+01,5.8876e+01,5.6426e+01,5.5056e+01,5.1808e+01,4.8675e+01,4.6527e+01,4.4162e+01,4.1989e+01,4.0958e+01,3.8046e+01,3.6928e+01,3.4803e+01,3.3208e+01,3.3994e+01,3.3882e+01,3.1175e+01,3.1713e+01,2.9414e+01,3.0018e+01,2.9562e+01,2.8782e+01,2.9302e+01,2.7027e+01,2.7441e+01,2.6080e+01,2.6475e+01,2.6986e+01,2.8615e+01,2.7101e+01,2.8094e+01,2.9852e+01,3.1972e+01,3.0955e+01,2.9687e+01,2.7143e+01,2.7541e+01,2.5877e+01,2.5285e+01,2.6224e+01,2.5442e+01,2.6336e+01,2.6923e+01,2.7975e+01,2.7487e+01,2.8508e+01,2.9831e+01,3.1690e+01,3.3342e+01,3.5019e+01,3.6672e+01,3.7768e+01,3.8476e+01,3.9803e+01,4.1155e+01,4.2627e+01,4.3855e+01,4.5040e+01,4.6454e+01,4.8177e+01,4.9643e+01,5.1611e+01,5.2632e+01,5.3845e+01,5.5282e+01,5.5948e+01,5.6901e+01,5.6638e+01,5.6317e+01
6.8699e+01,6.8667e+01,6.8454e+01,6.8491e+01,6.8379e+01,6.8332e+01,6.8388e+01,6.8403e+01,6.7675e+01,6.7176e+01,6.6824e+01,6.6585e+01,6.6175e+01,6.6050e+01,6.6025e+01,6.5761e+01,6.5993e+01,6.5964e+01,6.6204e+01,6.6516e+01,6.6685e+01,6.6780e+01,6.7335e+01,6.8084e+01,6.8777e+01,6.9545e+01,7.0091e+01,7.0968e+01,7.1833e+01,7.3177e+01,7.4302e+01,7.5784e+01,7.7135e+01,7.9093e+01,8.1212e+01,8.2859e+01,8.5472e+01,8.7310e+01,8.9985e+01,9.1806e+01,9.3270e+01,9.3774e+01,9.4186e+01,9.3150e+01,9.1621e+01,9.0895e+01,9.0051e+01,9.0811e+01,9.0004e+01,8.7578e+01,8.6345e+01,8.4657e+01,8.2292e+01,7.9740e+01,7.9073e+01,7.6190e+01,7.4121e+01,7.2599e+01,6.9026e+01,6.7060e+01,6.4963e+01,6.1823e+01,6.1604e+01,5.8724e+01,5.6193e+01,5.4700e+01,5.1405e+01,4.8242e+01,4.5977e+01,4.3516e+01,4.1275e+01,4.0262e+01,3.7242e+01,3.5985e+01,3.3722e+01,3.2082e+01,3.2927e+01,3.2692e+01,2.9897e+01,3.0281e+01,2.7893e+01,2.8340e+01,2.7905e+01,2.7282e+01,2.7788e+01,2.5491e+01,2.5787e+01,2.4486e+01,2.4932e+01,2.5611e+01,2.7241e+01,2.5816e+01,2.6748e+01,2.8649e+01,3.0695e+01,2.9682e+01,2.8608e+01,2.6118e+01,2.6660e+01,2.5051e+01,2.4727e+01,2.5893e+01,2.5371e+01,2.6444e+01,2.7221e+01,2.8456e+01,2.8135e+01,2.9295e+01,3.0773e+01,3.2721e+01,3.4490e+01,3.6206e+01,3.7906e+01,3.9008e+01,3.9707e+01,4.1033e+01,4.2389e+01,4.3867e+01,4.5106e+01,4.6307e+01,4.7732e+01,4.9468e+01,5.0942e+01,5.2923e+01,5.3958e+01,5.5177e+01,5.6617e+01,5.7279e+01,5.8228e+01,5.7959e+01,5.7635e+01
6.9013e+01,6.8986e+01,6.8794e+01,6.8833e+01,6.8744e+01,6.8715e+01,6.8807e+01,6.8840e+01,6.8083e+01,6.7555e+01,6.7225e+01,6.6982e+01,6.6566e+01,6.6437e+01,6.6385e+01,6.6095e+01,6.6280e+01,6.6210e+01,6.6396e+01,6.6694e+01,6.6854e+01,6.6963e+01,6.7510e+01,6.8254e+01,6.8932e+01,6.9726e+01,7.0277e+01,7.1179e+01,7.2060e+01,7.3404e+01,7.4535e+01,7.6037e+01,7.7378e+01,7.9315e+01,8.1430e+01,8.3066e+01,8.5680e+01,8.7522e+01,9.0190e+01,9.2025e+01,9.3483e+01,9.4016e+01,9.4454e+01,9.3443e+01,9.1932e+01,9.1223e+01,9.0364e+01,9.1142e+01,9.0295e+01,8.7844e+01,8.6577e+01,8.4836e+01,8.2447e+01,7.9877e+01,7.9151e+01,7.6254e+01,7.4137e+01,7.2539e+01,6.8963e+01,6.6925e+01,6.4771e+01,6.1579e+01,6.1253e+01,5.8338e+01,5.5730e+01,5.4142e+01,5.0809e+01,4.7651e+01,4.5285e+01,4.2775e+01,4.0463e+01,3.9439e+01,3.6348e+01,3.4957e+01,3.2599e+01,3.0930e+01,3.1814e+01,3.1483e+01,2.8672e+01,2.8947e+01,2.6551e+01,2.6906e+01,2.6524e+01,2.6010e+01,2.6535e+01,2.4319e+01,2.4628e+01,2.3496e+01,2.4111e+01,2.4949e+01,2.6676e+01,2.5441e+01,2.6453e+01,2.8545e+01,3.0596e+01,2.9688e+01,2.8839e+01,2.6434e+01,2.7167e+01,2.5656e+01,2.5536e+01,2.6852e+01,2.6505e+01,2.7685e+01,2.8542e+01,2.9872e+01,2.9681e+01,3.0864e+01,3.2385e+01,3.4343e+01,3.6125e+01,3.7841e+01,3.9544e+01,4.0645e+01,4.1335e+01,4.2650e+01,4.3980e+01,4.5442e+01,4.6674e+01,4.7871e+01,4.9284e+01,5.1008e+01,5.2472e+01,5.4441e+01,5.5476e+01,5.6691e+01,5.8121e+01,5.8774e+01,5.9711e+01,5.9435e+01,5.9109e+01
6.9805e+01,6.9777e+01,6.9596e+01,6.9630e+01,6.9536e+01,6.9522e+01,6.9640e+01,6.9682e+01,6.8915e+01,6.8391e+01,6.8082e+01,6.7851e+01,6.7449e+01,6.7344e+01,6.7273e+01,6.6957e+01,6.7121e+01,6.7023e+01,6.7180e+01,6.7459e+01,6.7619e+01,6.7736e+01,6.8288e+01,6.9038e+01,6.9707e+01,7.0508e+01,7.1048e+01,7.1966e+01,7.2864e+01,7.4217e+01,7.5343e+01,7.6877e+01,7.8218e+01,8.0148e+01,8.2281e+01,8.3919e+01,8.6546e+01,8.8407e+01,9.1080e+01,9.2938e+01,9.4397e+01,9.4960e+01,9.5417e+01,9.4433e+01,9.2932e+01,9.2241e+01,9.1361e+01,9.2148e+01,9.1259e+01,8.8788e+01,8.7491e+01,8.5686e+01,8.3254e+01,8.0647e+01,7.9839e+01,7.6906e+01,7.4735e+01,7.3051e+01,6.9484e+01,6.7370e+01,6.5149e+01,6.1903e+01,6.1449e+01,5.8507e+01,5.5809e+01,5.4098e+01,5.0716e+01,4.7576e+01,4.5073e+01,4.2508e+01,4.0097e+01,3.9043e+01,3.5852e+01,3.4279e+01,3.1796e+01,3.0037e+01,3.0933e+01,3.0421e+01,2.7505e+01,2.7568e+01,2.5046e+01,2.5185e+01,2.4757e+01,2.4396e+01,2.4813e+01,2.2519e+01,2.2664e+01,2.1556e+01,2.2266e+01,2.3276e+01,2.5051e+01,2.3927e+01,2.4958e+01,2.7218e+01,2.9267e+01,2.8471e+01,2.7839e+01,2.5535e+01,2.6494e+01,2.5093e+01,2.5177e+01,2.6623e+01,2.6482e+01,2.7812e+01,2.8775e+01,3.0286e+01,3.0247e+01,3.1545e+01,3.3214e+01,3.5242e+01,3.7131e+01,3.8886e+01,4.0646e+01,4.1745e+01,4.2423e+01,4.3742e+01,4.5078e+01,4.6548e+01,4.7791e+01,4.9003e+01,5.0430e+01,5.2164e+01,5.3633e+01,5.5613e+01,5.6655e+01,5.7877e+01,5.9309e+01,5.9961e+01,6.0897e+01,6.0616e+01,6.0285e+01
7.1040e+01,7.1011e+01,7.0835e+01,7.0875e+01,7.0780e+01,7.0764e+01,7.0867e+01,7.0902e+01,7.0143e+01,6.9628e+01,6.9313e+01,6.9085e+01,6.8692e+01,6.8584e+01,6.8508e+01,6.8196e+01,6.8368e+01,6.8288e+01,6.8441e+01,6.8732e+01,6.8894e+01,6.9017e+01,6.9567e+01,7.0317e+01,7.0987e+01,7.1769e+01,7.2304e+01,7.3206e+01,7.4086e+01,7.5455e+01,7.6576e+01,7.8105e+01,7.9446e+01,8.1393e+01,8.3540e+01,8.5204e+01,8.7837e+01,8.9717e+01,9.2398e+01,9.4250e+01,9.5733e+01,9.6285e+01,9.6707e+01,9.5731e+01,9.4230e+01,9.3557e+01,9.2688e+01,9.3491e+01,9.2606e+01,9.0127e+01,8.8842e+01,8.7016e+01,8.4585e+01,8.1968e+01,8.1135e+01,7.8207e+01,7.5999e+01,7.4291e+01,7.0728e+01,6.8566e+01,6.6341e+01,6.3060e+01,6.2552e+01,5.9564e+01,5.6839e+01,5.5047e+01,5.1654e+01,4.8478e+01,4.5918e+01,4.3260e+01,4.0838e+01,3.9845e+01,3.6576e+01,3.4912e+01,3.2301e+01,3.0516e+01,3.1480e+01,3.0842e+01,2.7815e+01,2.7671e+01,2.4999e+01,2.4894e+01,2.4408e+01,2.4201e+01,2.4473e+01,2.2048e+01,2.1914e+01,2.0720e+01,2.1349e+01,2.2472e+01,2.4095e+01,2.2914e+01,2.3745e+01,2.6055e+01,2.7930e+01,2.7019e+01,2.6514e+01,2.4245e+01,2.5208e+01,2.3848e+01,2.4131e+01,2.5718e+01,2.5806e+01,2.7254e+01,2.8371e+01,3.0027e+01,3.0133e+01,3.1546e+01,3.3345e+01,3.5421e+01,3.7397e+01,3.9166e+01,4.0957e+01,4.2061e+01,4.2723e+01,4.4036e+01,4.5376e+01,4.6849e+01,4.8096e+01,4.9320e+01,5.0756e+01,5.2505e+01,5.3986e+01,5.5975e+01,5.7022e+01,5.8252e+01,5.9688e+01,6.0344e+01,6.1280e+01,6.1001e+01,6.0670e+01
7.2084e+01,7.2062e+01,7.1905e+01,7.1953e+01,7.1869e+01,7.1861e+01,7.1975e+01,7.2028e+01,7.1266e+01,7.0744e+01,7.0436e+01,7.0210e+01,6.9821e+01,6.9718e+01,6.9635e+01,6.9318e+01,6.9468e+01,6.9376e+01,6.9493e+01,6.9781e+01,6.9946e+01,7.0096e+01,7.0651e+01,7.1391e+01,7.2061e+01,7.2865e+01,7.3401e+01,7.4326e+01,7.5221e+01,7.6586e+01,7.7710e+01,7.9253e+01,8.0603e+01,8.2543e+01,8.4694e+01,8.6360e+01,8.8998e+01,9.0890e+01,9.3571e+01,9.5432e+01,9.6910e+01,9.7479e+01,9.7920e+01,9.6950e+01,9.5459e+01,9.4782e+01,9.3879e+01,9.4669e+01,9.3735e+01,9.1231e+01,8.9908e+01,8.8035e+01,8.5582e+01,8.2953e+01,8.2049e+01,7.9096e+01,7.6854e+01,7.5083e+01,7.1528e+01,6.9312e+01,6.7038e+01,6.3725e+01,6.3125e+01,6.0130e+01,5.7345e+01,5.5480e+01,5.2056e+01,4.8906e+01,4.6257e+01,4.3574e+01,4.1073e+01,4.0033e+01,3.6692e+01,3.4862e+01,3.2147e+01,3.0243e+01,3.1195e+01,3.0371e+01,2.7241e+01,2.6874e+01,2.4083e+01,2.3769e+01,2.3216e+01,2.3143e+01,2.3299e+01,2.0841e+01,2.0525e+01,1.9351e+01,1.9960e+01,2.1210e+01,2.2781e+01,2.1711e+01,2.2527e+01,2.4965e+01,2.6815e+01,2.6002e+01,2.5704e+01,2.3555e+01,2.4717e+01,2.3524e+01,2.4003e+01,2.5721e+01,2.5982e+01,2.7560e+01,2.8788e+01,3.0567e+01,3.0823e+01,3.2280e+01,3.4192e+01,3.6309e+01,3.8359e+01,4.0150e+01,4.1987e+01,4.3095e+01,4.3750e+01,4.5068e+01,4.6412e+01,4.7892e+01,4.9145e+01,5.0377e+01,5.1821e+01,5.3576e+01,5.5060e+01,5.7052e+01,5.8104e+01,5.9338e+01,6.0777e+01,6.1429e+01,6.2361e+01,6.2077e+01,6.1744e+01
7.2215e+01,7.2187e+01,7.2038e+01,7.2101e+01,7.2002e+01,7.1989e+01,7.2093e+01,7.2141e+01,7.1388e+01,7.0882e+01,7.0577e+01,7.0361e+01,6.9995e+01,6.9903e+01,6.9805e+01,6.9488e+01,6.9638e+01,6.9561e+01,6.9673e+01,6.9976e+01,7.0160e+01,7.0335e+01,7.0897e+01,7.1651e+01,7.2319e+01,7.3148e+01,7.3691e+01,7.4647e+01,7.5565e+01,7.6944e+01,7.8071e+01,7.9611e+01,8.0966e+01,8.2908e+01,8.5071e+01,8.6746e+01,8.9403e+01,9.1305e+01,9.3995e+01,9.5863e+01,9.7330e+01,9.7898e+01,9.8339e+01,9.7376e+01,9.5903e+01,9.5219e+01,9.4279e+01,9.5046e+01,9.4068e+01,9.1542e+01,9.0179e+01,8.8266e+01,8.5768e+01,8.3113e+01,8.2155e+01,7.9165e+01,7.6896e+01,7.5069e+01,7.1523e+01,6.9261e+01,6.6944e+01,6.3607e+01,6.2940e+01,5.9941e+01,5.7102e+01,5.5178e+01,5.1719e+01,4.8579e+01,4.5853e+01,4.3149e+01,4.0578e+01,3.9488e+01,3.6081e+01,3.4127e+01,3.1333e+01,2.9305e+01,3.0232e+01,2.9262e+01,2.5994e+01,2.5466e+01,2.2517e+01,2.2076e+01,2.1441e+01,2.1429e+01,2.1548e+01,1.9018e+01,1.8614e+01,1.7480e+01,1.8231e+01,1.9695e+01,2.1337e+01,2.0426e+01,2.1290e+01,2.3908e+01,2.5774e+01,2.5076e+01,2.4971e+01,2.2950e+01,2.4288e+01,2.3226e+01,2.3843e+01,2.5644e+01,2.5990e+01,2.7702e+01,2.8997e+01,3.0906e+01,3.1258e+01,3.2800e+01,3.4796e+01,3.6961e+01,3.9064e+01,4.0865e+01,4.2719e+01,4.3816e+01,4.4468e+01,4.5792e+01,4.7144e+01,4.8634e+01,4.9893e+01,5.1126e+01,5.2580e+01,5.4344e+01,5.5831e+01,5.7832e+01,5.8892e+01,6.0131e+01,6.1575e+01,6.2230e+01,6.3166e+01,6.2880e+01,6.2545e+01
7.2684e+01,7.2652e+01,7.2517e+01,7.2604e+01,7.2503e+01,7.2492e+01,7.2604e+01,7.2659e+01,7.1899e+01,7.1398e+01,7.1113e+01,7.0905e+01,7.0573e+01,7.0486e+01,7.0348e+01,7.0022e+01,7.0143e+01,7.0064e+01,7.0144e+01,7.0453e+01,7.0636e+01,7.0836e+01,7.1389e+01,7.2130e+01,7.2779e+01,7.3629e+01,7.4177e+01,7.5154e+01,7.6090e+01,7.7452e+01,7.8581e+01,8.0099e+01,8.1455e+01,8.3392e+01,8.5569e+01,8.7243e+01,8.9913e+01,9.1823e+01,9.4510e+01,9.6395e+01,9.7842e+01,9.8430e+01,9.8896e+01,9.7951e+01,9.6501e+01,9.5817e+01,9.4840e+01,9.5585e+01,9.4557e+01,9.2014e+01,9.0599e+01,8.8644e+01,8.6103e+01,8.3417e+01,8.2394e+01,7.9363e+01,7.7057e+01,7.5187e+01,7.1662e+01,6.9351e+01,6.7015e+01,6.3653e+01,6.2913e+01,5.9902e+01,5.7029e+01,5.5045e+01,5.1579e+01,4.8450e+01,4.5671e+01,4.2943e+01,4.0346e+01,3.9250e+01,3.5798e+01,3.3740e+01,3.0874e+01,2.8780e+01,2.9725e+01,2.8639e+01,2.5298e+01,2.4603e+01,2.1572e+01,2.0967e+01,2.0351e+01,2.0515e+01,2.0649e+01,1.8177e+01,1.7670e+01,1.6700e+01,1.7546e+01,1.9205e+01,2.0813e+01,2.0076e+01,2.0913e+01,2.3643e+01,2.5456e+01,2.4828e+01,2.4896e+01,2.2977e+01,2.4418e+01,2.3461e+01,2.4206e+01,2.6111e+01,2.6564e+01,2.8380e+01,2.9756e+01,3.1733e+01,3.2156e+01,3.3732e+01,3.5770e+01,3.7931e+01,4.0046e+01,4.1825e+01,4.3669e+01,4.4757e+01,4.5419e+01,4.6743e+01,4.8098e+01,4.9595e+01,5.0858e+01,5.2090e+01,5.3545e+01,5.5309e+01,5.6789e+01,5.8789e+01,5.9852e+01,6.1092e+01,6.2536e+01,6.3189e+01,6.4121e+01,6.3834e+01,6.3498e+01
7.2427e+01,7.2387e+01,7.2253e+01,7.2350e+01,7.2239e+01,7.2223e+01,7.2325e+01,7.2373e+01,7.1621e+01,7.1133e+01,7.0851e+01,7.0653e+01,7.0344e+01,7.0264e+01,7.0111e+01,6.9786e+01,6.9905e+01,6.9839e+01,6.9916e+01,7.0241e+01,7.0432e+01,7.0649e+01,7.1200e+01,7.1944e+01,7.2591e+01,7.3459e+01,7.4020e+01,7.5021e+01,7.5968e+01,7.7339e+01,7.8469e+01,7.9967e+01,8.1320e+01,8.3256e+01,8.5438e+01,8.7119e+01,8.9799e+01,9.1712e+01,9.4397e+01,9.6280e+01,9.7711e+01,9.8292e+01,9.8753e+01,9.7821e+01,9.6398e+01,9.5715e+01,9.4714e+01,9.5444e+01,9.4385e+01,9.1830e+01,9.0387e+01,8.8408e+01,8.5839e+01,8.3134e+01,8.2080e+01,7.9031e+01,7.6705e+01,7.4814e+01,7.1306e+01,6.8971e+01,6.6630e+01,6.3257e+01,6.2487e+01,5.9470e+01,5.6584e+01,5.4573e+01,5.1105e+01,4.7976e+01,4.5176e+01,4.2436e+01,3.9840e+01,3.8749e+01,3.5282e+01,3.3195e+01,3.0306e+01,2.8195e+01,2.9169e+01,2.8069e+01,2.4702e+01,2.3984e+01,2.0952e+01,2.0356e+01,1.9824e+01,2.0045e+01,2.0292e+01,1.7918e+01,1.7483e+01,1.6643e+01,1.7582e+01,1.9315e+01,2.0942e+01,2.0309e+01,2.1141e+01,2.3905e+01,2.5685e+01,2.5085e+01,2.5232e+01,2.3386e+01,2.4847e+01,2.3927e+01,2.4710e+01,2.6630e+01,2.7085e+01,2.8947e+01,3.0349e+01,3.2353e+01,3.2780e+01,3.4385e+01,3.6410e+01,3.8556e+01,4.0651e+01,4.2402e+01,4.4213e+01,4.5287e+01,4.5960e+01,4.7282e+01,4.8634e+01,5.0130e+01,5.1391e+01,5.2614e+01,5.4064e+01,5.5823e+01,5.7297e+01,5.9294e+01,6.0357e+01,6.1594e+01,6.3035e+01,6.3689e+01,6.4621e+01,6.4338e+01,6.4003e+01
7.3587e+01,7.3542e+01,7.3420e+01,7.3532e+01,7.3411e+01,7.3400e+01,7.3495e+01,7.3547e+01,7.2800e+01,7.2325e+01,7.2041e+01,7.1841e+01,7.1537e+01,7.1466e+01,7.1314e+01,7.0991e+01,7.1109e+01,7.1049e+01,7.1119e+01,7.1445e+01,7.1654e+01,7.1885e+01,7.2455e+01,7.3210e+01,7.3866e+01,7.4747e+01,7.5290e+01,7.6316e+01,7.7296e+01,7.8681e+01,7.9829e+01,8.1349e+01,8.2710e+01,8.4630e+01,8.6810e+01,8.8476e+01,9.1165e+01,9.3076e+01,9.5767e+01,9.7653e+01,9.9073e+01,9.9655e+01,1.0013e+02,9.9191e+01,9.7774e+01,9.7075e+01,9.6050e+01,9.6758e+01,9.5679e+01,9.3110e+01,9.1634e+01,8.9642e+01,8.7041e+01,8.4329e+01,8.3247e+01,8.0174e+01,7.7835e+01,7.5883e+01,7.2379e+01,7.0005e+01,6.7612e+01,6.4223e+01,6.3387e+01,6.0375e+01,5.7434e+01,5.5373e+01,5.1870e+01,4.8769e+01,4.5895e+01,4.3155e+01,4.0478e+01,3.9319e+01,3.5810e+01,3.3583e+01,3.0630e+01,2.8374e+01,2.9259e+01,2.7936e+01,2.4448e+01,2.3471e+01,2.0251e+01,1.9434e+01,1.8657e+01,1.8915e+01,1.8939e+01,1.6443e+01,1.5783e+01,1.4880e+01,1.5782e+01,1.7610e+01,1.9172e+01,1.8697e+01,1.9503e+01,2.2349e+01,2.4082e+01,2.3661e+01,2.4045e+01,2.2468e+01,2.4144e+01,2.3507e+01,2.4498e+01,2.6475e+01,2.7081e+01,2.9099e+01,3.0574e+01,3.2728e+01,3.3289e+01,3.4986e+01,3.7114e+01,3.9280e+01,4.1432e+01,4.3190e+01,4.5030e+01,4.6099e+01,4.6762e+01,4.8091e+01,4.9451e+01,5.0960e+01,5.2229e+01,5.3458e+01,5.4915e+01,5.6683e+01,5.8162e+01,6.0167e+01,6.1236e+01,6.2477e+01,6.3923e+01,6.4578e+01,6.5512e+01,6.5226e+01,6.4889e+01
7.3962e+01,7.3916e+01,7.3793e+01,7.3907e+01,7.3781e+01,7.3765e+01,7.3848e+01,7.3891e+01,7.3151e+01,7.2686e+01,7.2393e+01,7.2192e+01,7.1885e+01,7.1817e+01,7.1676e+01,7.1352e+01,7.1486e+01,7.1434e+01,7.1512e+01,7.1839e+01,7.2059e+01,7.2284e+01,7.2866e+01,7.3632e+01,7.4298e+01,7.5178e+01,7.5704e+01,7.6739e+01,7.7734e+01,7.9142e+01,8.0301e+01,8.1840e+01,8.3204e+01,8.5114e+01,8.7290e+01,8.8951e+01,9.1645e+01,9.3555e+01,9.6253e+01,9.8135e+01,9.9555e+01,1.0013e+02,1.0059e+02,9.9655e+01,9.8242e+01,9.7537e+01,9.6511e+01,9.7212e+01,9.6138e+01,9.3568e+01,9.2086e+01,9.0098e+01,8.7483e+01,8.4773e+01,8.3701e+01,8.0627e+01,7.8291e+01,7.6315e+01,7.2812e+01,7.0431e+01,6.8016e+01,6.4625e+01,6.3774e+01,6.0767e+01,5.7804e+01,5.5730e+01,5.2211e+01,4.9117e+01,4.6222e+01,4.3491e+01,4.0786e+01,3.9598e+01,3.6090e+01,3.3834e+01,3.0884e+01,2.8589e+01,2.9428e+01,2.8054e+01,2.4549e+01,2.3534e+01,2.0293e+01,1.9474e+01,1.8612e+01,1.8805e+01,1.8749e+01,1.6221e+01,1.5519e+01,1.4516e+01,1.5357e+01,1.7173e+01,1.8683e+01,1.8266e+01,1.9015e+01,2.1841e+01,2.3503e+01,2.3177e+01,2.3688e+01,2.2302e+01,2.4056e+01,2.3569e+01,2.4652e+01,2.6597e+01,2.7245e+01,2.9326e+01,3.0805e+01,3.3009e+01,3.3600e+01,3.5339e+01,3.7476e+01,3.9640e+01,4.1794e+01,4.3543e+01,4.5375e+01,4.6437e+01,4.7097e+01,4.8423e+01,4.9781e+01,5.1288e+01,5.2552e+01,5.3773e+01,5.5228e+01,5.6996e+01,5.8472e+01,6.0477e+01,6.1547e+01,6.2787e+01,6.4231e+01,6.4889e+01,6.5826e+01,6.5542e+01,6.5206e+01
7.4353e+01,7.4302e+01,7.4176e+01,7.4283e+01,7.4147e+01,7.4136e+01,7.4211e+01,7.4254e+01,7.3521e+01,7.3065e+01,7.2762e+01,7.2557e+01,7.2238e+01,7.2174e+01,7.2046e+01,7.1730e+01,7.1876e+01,7.1834e+01,7.1935e+01,7.2266e+01,7.2496e+01,7.2705e+01,7.3296e+01,7.4071e+01,7.4745e+01,7.5599e+01,7.6106e+01,7.7120e+01,7.8102e+01,7.9535e+01,8.0703e+01,8.2260e+01,8.3621e+01,8.5538e+01,8.7715e+01,8.9377e+01,9.2071e+01,9.3975e+01,9.6676e+01,9.8546e+01,9.9979e+01,1.0054e+02,1.0099e+02,1.0003e+02,9.8590e+01,9.7878e+01,9.6877e+01,9.7584e+01,9.6547e+01,9.3993e+01,9.2540e+01,9.0572e+01,8.7975e+01,8.5266e+01,8.4224e+01,8.1158e+01,7.8828e+01,7.6867e+01,7.3359e+01,7.0989e+01,6.8586e+01,6.5202e+01,6.4375e+01,6.1363e+01,5.8415e+01,5.6348e+01,5.2839e+01,4.9739e+01,4.6864e+01,4.4131e+01,4.1446e+01,4.0281e+01,3.6788e+01,3.4565e+01,3.1634e+01,2.9369e+01,3.0196e+01,2.8828e+01,2.5333e+01,2.4310e+01,2.1053e+01,2.0197e+01,1.9242e+01,1.9372e+01,1.9190e+01,1.6561e+01,1.5768e+01,1.4633e+01,1.5431e+01,1.7199e+01,1.8686e+01,1.8188e+01,1.8897e+01,2.1645e+01,2.3243e+01,2.2853e+01,2.3317e+01,2.1912e+01,2.3582e+01,2.3036e+01,2.4100e+01,2.6014e+01,2.6673e+01,2.8787e+01,3.0248e+01,3.2500e+01,3.3092e+01,3.4885e+01,3.7046e+01,3.9221e+01,4.1396e+01,4.3152e+01,4.5004e+01,4.6069e+01,4.6720e+01,4.8048e+01,4.9414e+01,5.0921e+01,5.2184e+01,5.3410e+01,5.4872e+01,5.6642e+01,5.8123e+01,6.0132e+01,6.1203e+01,6.2446e+01,6.3893e+01,6.4555e+01,6.5495e+01,6.5212e+01,6.4878e+01
7.3356e+01,7.3308e+01,7.3178e+01,7.3275e+01,7.3154e+01,7.3148e+01,7.3233e+01,7.3289e+01,7.2548e+01,7.2074e+01,7.1766e+01,7.1551e+01,7.1210e+01,7.1134e+01,7.1011e+01,7.0693e+01,7.0834e+01,7.0780e+01,7.0876e+01,7.1197e+01,7.1404e+01,7.1592e+01,7.2166e+01,7.2919e+01,7.3586e+01,7.4414e+01,7.4919e+01,7.5904e+01,7.6868e+01,7.8293e+01,7.9457e+01,8.1002e+01,8.2362e+01,8.4281e+01,8.6453e+01,8.8121e+01,9.0806e+01,9.2713e+01,9.5409e+01,9.7277e+01,9.8731e+01,9.9293e+01,9.9736e+01,9.8778e+01,9.7328e+01,9.6633e+01,9.5660e+01,9.6392e+01,9.5383e+01,9.2839e+01,9.1414e+01,8.9459e+01,8.6894e+01,8.4196e+01,8.3180e+01,8.0138e+01,7.7807e+01,7.5899e+01,7.2383e+01,7.0036e+01,6.7685e+01,6.4303e+01,6.3534e+01,6.0495e+01,5.7596e+01,5.5568e+01,5.2086e+01,4.8940e+01,4.6129e+01,4.3375e+01,4.0766e+01,3.9684e+01,3.6206e+01,3.4108e+01,3.1194e+01,2.9059e+01,3.0010e+01,2.8841e+01,2.5407e+01,2.4582e+01,2.1430e+01,2.0703e+01,1.9970e+01,2.0139e+01,2.0154e+01,1.7565e+01,1.6876e+01,1.5797e+01,1.6678e+01,1.8453e+01,2.0008e+01,1.9349e+01,2.0049e+01,2.2768e+01,2.4384e+01,2.3817e+01,2.4093e+01,2.2430e+01,2.3895e+01,2.3088e+01,2.3975e+01,2.5875e+01,2.6416e+01,2.8415e+01,2.9856e+01,3.2003e+01,3.2467e+01,3.4187e+01,3.6286e+01,3.8466e+01,4.0611e+01,4.2385e+01,4.4233e+01,4.5319e+01,4.5974e+01,4.7305e+01,4.8670e+01,5.0170e+01,5.1432e+01,5.2664e+01,5.4122e+01,5.5890e+01,5.7371e+01,5.9379e+01,6.0446e+01,6.1690e+01,6.3136e+01,6.3797e+01,6.4737e+01,6.4455e+01,6.4122e+01
7.2391e+01,7.2340e+01,7.2194e+01,7.2290e+01,7.2163e+01,7.2144e+01,7.2207e+01,7.2251e+01,7.1522e+01,7.1056e+01,7.0736e+01,7.0528e+01,7.0201e+01,7.0124e+01,7.0010e+01,6.9707e+01,6.9872e+01,6.9841e+01,6.9964e+01,7.0301e+01,7.0515e+01,7.0707e+01,7.1285e+01,7.2045e+01,7.2725e+01,7.3548e+01,7.4066e+01,7.5045e+01,7.5998e+01,7.7411e+01,7.8568e+01,8.0084e+01,8.1457e+01,8.3391e+01,8.5562e+01,8.7238e+01,8.9919e+01,9.1818e+01,9.4515e+01,9.6365e+01,9.7816e+01,9.8350e+01,9.8769e+01,9.7794e+01,9.6348e+01,9.5638e+01,9.4667e+01,9.5383e+01,9.4391e+01,9.1853e+01,9.0448e+01,8.8527e+01,8.5982e+01,8.3307e+01,8.2336e+01,7.9312e+01,7.7014e+01,7.5160e+01,7.1638e+01,6.9334e+01,6.7028e+01,6.3670e+01,6.2991e+01,5.9964e+01,5.7127e+01,5.5180e+01,5.1725e+01,4.8557e+01,4.5833e+01,4.3108e+01,4.0560e+01,3.9498e+01,3.6073e+01,3.4119e+01,3.1287e+01,2.9213e+01,3.0180e+01,2.9191e+01,2.5821e+01,2.5243e+01,2.2231e+01,2.1785e+01,2.1160e+01,2.1164e+01,2.1356e+01,1.8869e+01,1.8420e+01,1.7300e+01,1.8020e+01,1.9531e+01,2.1053e+01,2.0244e+01,2.0949e+01,2.3496e+01,2.5155e+01,2.4482e+01,2.4545e+01,2.2777e+01,2.4085e+01,2.3187e+01,2.3887e+01,2.5679e+01,2.6046e+01,2.7922e+01,2.9322e+01,3.1354e+01,3.1702e+01,3.3343e+01,3.5375e+01,3.7538e+01,3.9643e+01,4.1414e+01,4.3241e+01,4.4341e+01,4.5016e+01,4.6349e+01,4.7724e+01,4.9233e+01,5.0497e+01,5.1723e+01,5.3181e+01,5.4951e+01,5.6436e+01,5.8446e+01,5.9511e+01,6.0754e+01,6.2204e+01,6.2868e+01,6.3812e+01,6.3533e+01,6.3199e+01
7.3071e+01,7.3015e+01,7.2861e+01,7.2954e+01,7.2813e+01,7.2787e+01,7.2833e+01,7.2872e+01,7.2164e+01,7.1714e+01,7.1377e+01,7.1167e+01,7.0834e+01,7.0763e+01,7.0668e+01,7.0383e+01,7.0571e+01,7.0564e+01,7.0723e+01,7.1073e+01,7.1304e+01,7.1485e+01,7.2075e+01,7.2847e+01,7.3537e+01,7.4337e+01,7.4836e+01,7.5796e+01,7.6735e+01,7.8164e+01,7.9323e+01,8.0852e+01,8.2225e+01,8.4158e+01,8.6328e+01,8.8000e+01,9.0683e+01,9.2572e+01,9.5273e+01,9.7111e+01,9.8564e+01,9.9079e+01,9.9484e+01,9.8489e+01,9.7029e+01,9.6300e+01,9.5339e+01,9.6035e+01,9.5073e+01,9.2558e+01,9.1174e+01,8.9287e+01,8.6761e+01,8.4092e+01,8.3163e+01,8.0142e+01,7.7874e+01,7.6057e+01,7.2538e+01,7.0279e+01,6.7994e+01,6.4671e+01,6.4051e+01,6.1052e+01,5.8249e+01,5.6354e+01,5.2919e+01,4.9772e+01,4.7097e+01,4.4423e+01,4.1894e+01,4.0805e+01,3.7437e+01,3.5527e+01,3.2775e+01,3.0691e+01,3.1561e+01,3.0567e+01,2.7227e+01,2.6667e+01,2.3664e+01,2.3245e+01,2.2461e+01,2.2300e+01,2.2321e+01,1.9750e+01,1.9263e+01,1.7909e+01,1.8391e+01,1.9651e+01,2.1060e+01,2.0101e+01,2.0752e+01,2.3101e+01,2.4732e+01,2.4044e+01,2.3996e+01,2.2264e+01,2.3506e+01,2.2636e+01,2.3265e+01,2.4913e+01,2.5230e+01,2.7103e+01,2.8435e+01,3.0503e+01,3.0853e+01,3.2533e+01,3.4581e+01,3.6739e+01,3.8858e+01,4.0625e+01,4.2460e+01,4.3559e+01,4.4232e+01,4.5566e+01,4.6951e+01,4.8466e+01,4.9730e+01,5.0956e+01,5.2419e+01,5.4196e+01,5.5687e+01,5.7702e+01,5.8765e+01,6.0011e+01,6.1465e+01,6.2133e+01,6.3083e+01,6.2805e+01,6.2473e+01
7.3426e+01,7.3372e+01,7.3219e+01,7.3300e+01,7.3159e+01,7.3143e+01,7.3192e+01,7.3244e+01,7.2535e+01,7.2076e+01,7.1734e+01,7.1516e+01,7.1162e+01,7.1091e+01,7.1004e+01,7.0719e+01,7.0906e+01,7.0892e+01,7.1051e+01,7.1394e+01,7.1614e+01,7.1779e+01,7.2366e+01,7.3131e+01,7.3817e+01,7.4587e+01,7.5063e+01,7.5993e+01,7.6924e+01,7.8361e+01,7.9528e+01,8.1065e+01,8.2438e+01,8.4370e+01,8.6536e+01,8.8207e+01,9.0887e+01,9.2776e+01,9.5481e+01,9.7317e+01,9.8789e+01,9.9307e+01,9.9708e+01,9.8705e+01,9.7224e+01,9.6500e+01,9.5559e+01,9.6269e+01,9.5330e+01,9.2824e+01,9.1458e+01,8.9577e+01,8.7079e+01,8.4401e+01,8.3482e+01,8.0476e+01,7.8192e+01,7.6412e+01,7.2901e+01,7.0650e+01,6.8412e+01,6.5097e+01,6.4496e+01,6.1478e+01,5.8713e+01,5.6824e+01,5.3422e+01,5.0251e+01,4.7614e+01,4.4918e+01,4.2457e+01,4.1451e+01,3.8095e+01,3.6248e+01,3.3487e+01,3.1504e+01,3.2460e+01,3.1532e+01,2.8234e+01,2.7681e+01,2.4705e+01,2.4202e+01,2.3491e+01,2.3432e+01,2.3419e+01,2.0801e+01,2.0177e+01,1.8740e+01,1.9134e+01,2.0367e+01,2.1689e+01,2.0575e+01,2.1101e+01,2.3377e+01,2.4921e+01,2.4085e+01,2.3923e+01,2.2046e+01,2.3126e+01,2.2092e+01,2.2646e+01,2.4311e+01,2.4618e+01,2.6494e+01,2.7855e+01,2.9928e+01,3.0250e+01,3.1964e+01,3.4032e+01,3.6211e+01,3.8352e+01,4.0132e+01,4.1993e+01,4.3094e+01,4.3750e+01,4.5084e+01,4.6465e+01,4.7977e+01,4.9246e+01,5.0481e+01,5.1944e+01,5.3722e+01,5.5214e+01,5.7229e+01,5.8294e+01,5.9543e+01,6.0999e+01,6.1668e+01,6.2619e+01,6.2338e+01,6.2008e+01
7.2649e+01,7.2594e+01,7.2429e+01,7.2503e+01,7.2367e+01,7.2345e+01,7.2385e+01,7.2433e+01,7.1727e+01,7.1261e+01,7.0913e+01,7.0692e+01,7.0328e+01,7.0247e+01,7.0166e+01,6.9884e+01,7.0084e+01,7.0071e+01,7.0245e+01,7.0586e+01,7.0783e+01,7.0931e+01,7.1502e+01,7.2259e+01,7.2945e+01,7.3702e+01,7.4184e+01,7.5092e+01,7.6004e+01,7.7429e+01,7.8588e+01,8.0109e+01,8.1483e+01,8.3423e+01,8.5581e+01,8.7256e+01,8.9926e+01,9.1810e+01,9.4511e+01,9.6341e+01,9.7828e+01,9.8343e+01,9.8735e+01,9.7729e+01,9.6237e+01,9.5520e+01,9.4606e+01,9.5329e+01,9.4421e+01,9.1932e+01,9.0596e+01,8.8749e+01,8.6284e+01,8.3633e+01,8.2764e+01,7.9792e+01,7.7535e+01,7.5811e+01,7.2290e+01,7.0077e+01,6.7887e+01,6.4589e+01,6.4060e+01,6.1036e+01,5.8322e+01,5.6489e+01,5.3109e+01,4.9899e+01,4.7333e+01,4.4629e+01,4.2232e+01,4.1281e+01,3.7957e+01,3.6234e+01,3.3515e+01,3.1636e+01,3.2659e+01,3.1895e+01,2.8674e+01,2.8302e+01,2.5429e+01,2.5075e+01,2.4485e+01,2.4391e+01,2.4509e+01,2.1936e+01,2.1441e+01,2.0019e+01,2.0397e+01,2.1525e+01,2.2867e+01,2.1622e+01,2.2163e+01,2.4337e+01,2.5938e+01,2.4986e+01,2.4610e+01,2.2539e+01,2.3448e+01,2.2240e+01,2.2598e+01,2.4174e+01,2.4332e+01,2.6039e+01,2.7327e+01,2.9255e+01,2.9464e+01,3.1092e+01,3.3078e+01,3.5236e+01,3.7335e+01,3.9118e+01,4.0965e+01,4.2073e+01,4.2737e+01,4.4071e+01,4.5452e+01,4.6963e+01,4.8237e+01,4.9474e+01,5.0934e+01,5.2711e+01,5.4206e+01,5.6221e+01,5.7283e+01,5.8533e+01,5.9993e+01,6.0663e+01,6.1616e+01,6.1335e+01,6.1006e+01
7.2224e+01,7.2172e+01,7.1993e+01,7.2061e+01,7.1919e+01,7.1886e+01,7.1916e+01,7.1959e+01,7.1264e+01,7.0806e+01,7.0449e+01,7.0229e+01,6.9862e+01,6.9780e+01,6.9723e+01,6.9458e+01,6.9678e+01,6.9685e+01,6.9888e+01,7.0243e+01,7.0453e+01,7.0607e+01,7.1202e+01,7.1973e+01,7.2686e+01,7.3452e+01,7.3948e+01,7.4867e+01,7.5778e+01,7.7198e+01,7.8354e+01,7.9871e+01,8.1255e+01,8.3188e+01,8.5332e+01,8.6994e+01,8.9652e+01,9.1523e+01,9.4217e+01,9.6032e+01,9.7505e+01,9.7997e+01,9.8380e+01,9.7354e+01,9.5862e+01,9.5121e+01,9.4204e+01,9.4903e+01,9.4010e+01,9.1526e+01,9.0205e+01,8.8395e+01,8.5946e+01,8.3329e+01,8.2506e+01,7.9546e+01,7.7345e+01,7.5655e+01,7.2119e+01,6.9964e+01,6.7775e+01,6.4515e+01,6.4067e+01,6.1092e+01,5.8409e+01,5.6663e+01,5.3289e+01,5.0107e+01,4.7598e+01,4.4968e+01,4.2569e+01,4.1553e+01,3.8294e+01,3.6638e+01,3.4024e+01,3.2118e+01,3.3034e+01,3.2324e+01,2.9151e+01,2.8909e+01,2.6108e+01,2.5944e+01,2.5276e+01,2.4961e+01,2.5086e+01,2.2545e+01,2.2241e+01,2.0749e+01,2.1027e+01,2.1903e+01,2.3287e+01,2.1992e+01,2.2636e+01,2.4666e+01,2.6371e+01,2.5491e+01,2.4983e+01,2.2935e+01,2.3825e+01,2.2657e+01,2.2843e+01,2.4205e+01,2.4179e+01,2.5731e+01,2.6865e+01,2.8713e+01,2.8859e+01,3.0419e+01,3.2345e+01,3.4484e+01,3.6556e+01,3.8354e+01,4.0193e+01,4.1314e+01,4.1995e+01,4.3337e+01,4.4727e+01,4.6245e+01,4.7519e+01,4.8753e+01,5.0216e+01,5.1998e+01,5.3498e+01,5.5517e+01,5.6574e+01,5.7819e+01,5.9279e+01,5.9951e+01,6.0907e+01,6.0628e+01,6.0300e+01
