1.2171e+02,1.2158e+02,1.2169e+02,1.2191e+02,1.2207e+02,1.2219e+02,1.2225e+02,1.2247e+02,1.2222e+02,1.2222e+02,1.2222e+02,1.2224e+02,1.2270e+02,1.2328e+02,1.2335e+02,1.2304e+02,1.2316e+02,1.2351e+02,1.2382e+02,1.2387e+02,1.2384e+02,1.2320e+02,1.2267e+02,1.2230e+02,1.2251e+02,1.2268e+02,1.2230e+02,1.2343e+02,1.2481e+02,1.2556e+02,1.2772e+02,1.2821e+02,1.2790e+02,1.2813e+02,1.2943e+02,1.2988e+02,1.3091e+02,1.3102e+02,1.3288e+02,1.3508e+02,1.3716e+02,1.3890e+02,1.4061e+02,1.4189e+02,1.4389e+02,1.4540e+02,1.4731e+02,1.4663e+02,1.4686e+02,1.4549e+02,1.4242e+02,1.4039e+02,1.3794e+02,1.3512e+02,1.3313e+02,1.3114e+02,1.3124e+02,1.2849e+02,1.2556e+02,1.2424e+02,1.2189e+02,1.1942e+02,1.1714e+02,1.1578e+02,1.1344e+02,1.1137e+02,1.1108e+02,1.0955e+02,1.0775e+02,1.0616e+02,1.0380e+02,1.0292e+02,1.0040e+02,9.7799e+01,9.5379e+01,9.4448e+01,9.5671e+01,9.3891e+01,9.1402e+01,9.0141e+01,8.7862e+01,8.6203e+01,8.4204e+01,8.2580e+01,8.0965e+01,8.0212e+01,7.8684e+01,7.8483e+01,7.8258e+01,7.7561e+01,7.8638e+01,7.7950e+01,7.7261e+01,7.6835e+01,7.6595e+01,7.6761e+01,7.6398e+01,7.7259e+01,7.7337e+01,7.8216e+01,7.8293e+01,7.9281e+01,8.0833e+01,8.1781e+01,8.3181e+01,8.4231e+01,8.5173e+01,8.6943e+01,8.7840e+01,8.8853e+01,8.9999e+01,9.0888e+01,9.1818e+01,9.2495e+01,9.2936e+01,9.3703e+01,9.4494e+01,9.5332e+01,9.6095e+01,9.6891e+01,9.7782e+01,9.8777e+01,9.9708e+01,1.0095e+02,1.0161e+02,1.0237e+02,1.0330e+02,1.0375e+02,1.0428e+02,1.0421e+02,1.0398e+02
1.2173e+02,1.2160e+02,1.2170e+02,1.2193e+02,1.2208e+02,1.2221e+02,1.2227e+02,1.2249e+02,1.2224e+02,1.2224e+02,1.2224e+02,1.2226e+02,1.2273e+02,1.2330e+02,1.2337e+02,1.2306e+02,1.2318e+02,1.2353e+02,1.2384e+02,1.2388e+02,1.2386e+02,1.2322e+02,1.2268e+02,1.2231e+02,1.2252e+02,1.2268e+02,1.2231e+02,1.2344e+02,1.2482e+02,1.2557e+02,1.2773e+02,1.2821e+02,1.2791e+02,1.2813e+02,1.2943e+02,1.2989e+02,1.3091e+02,1.3103e+02,1.3289e+02,1.3509e+02,1.3717e+02,1.3891e+02,1.4063e+02,1.4191e+02,1.4390e+02,1.4542e+02,1.4734e+02,1.4666e+02,1.4688e+02,1.4552e+02,1.4244e+02,1.4041e+02,1.3797e+02,1.3514e+02,1.3315e+02,1.3115e+02,1.3126e+02,1.2851e+02,1.2557e+02,1.2425e+02,1.2190e+02,1.1943e+02,1.1715e+02,1.1579e+02,1.1345e+02,1.1137e+02,1.1107e+02,1.0955e+02,1.0775e+02,1.0615e+02,1.0379e+02,1.0291e+02,1.0039e+02,9.7778e+01,9.5355e+01,9.4420e+01,9.5645e+01,9.3855e+01,9.1358e+01,9.0088e+01,8.7801e+01,8.6134e+01,8.4128e+01,8.2491e+01,8.0862e+01,8.0111e+01,7.8564e+01,7.8343e+01,7.8110e+01,7.7413e+01,7.8511e+01,7.7822e+01,7.7122e+01,7.6698e+01,7.6466e+01,7.6636e+01,7.6266e+01,7.7134e+01,7.7220e+01,7.8109e+01,7.8185e+01,7.9184e+01,8.0745e+01,8.1703e+01,8.3105e+01,8.4158e+01,8.5097e+01,8.6871e+01,8.7770e+01,8.8783e+01,8.9929e+01,9.0822e+01,9.1754e+01,9.2437e+01,9.2882e+01,9.3652e+01,9.4447e+01,9.5285e+01,9.6049e+01,9.6848e+01,9.7740e+01,9.8736e+01,9.9669e+01,1.0091e+02,1.0158e+02,1.0234e+02,1.0327e+02,1.0371e+02,1.0424e+02,1.0418e+02,1.0395e+02
1.2178e+02,1.2165e+02,1.2175e+02,1.2198e+02,1.2214e+02,1.2227e+02,1.2232e+02,1.2254e+02,1.2229e+02,1.2230e+02,1.2229e+02,1.2231e+02,1.2278e+02,1.2335e+02,1.2342e+02,1.2311e+02,1.2322e+02,1.2358e+02,1.2388e+02,1.2393e+02,1.2390e+02,1.2326e+02,1.2272e+02,1.2234e+02,1.2256e+02,1.2272e+02,1.2234e+02,1.2347e+02,1.2485e+02,1.2561e+02,1.2777e+02,1.2825e+02,1.2795e+02,1.2817e+02,1.2947e+02,1.2992e+02,1.3095e+02,1.3106e+02,1.3293e+02,1.3513e+02,1.3721e+02,1.3896e+02,1.4068e+02,1.4196e+02,1.4395e+02,1.4547e+02,1.4739e+02,1.4671e+02,1.4693e+02,1.4557e+02,1.4249e+02,1.4046e+02,1.3802e+02,1.3519e+02,1.3319e+02,1.3120e+02,1.3130e+02,1.2855e+02,1.2561e+02,1.2429e+02,1.2194e+02,1.1947e+02,1.1719e+02,1.1583e+02,1.1349e+02,1.1141e+02,1.1111e+02,1.0957e+02,1.0778e+02,1.0618e+02,1.0382e+02,1.0293e+02,1.0041e+02,9.7797e+01,9.5373e+01,9.4436e+01,9.5659e+01,9.3863e+01,9.1360e+01,9.0082e+01,8.7791e+01,8.6120e+01,8.4107e+01,8.2460e+01,8.0819e+01,8.0067e+01,7.8503e+01,7.8267e+01,7.8026e+01,7.7324e+01,7.8439e+01,7.7747e+01,7.7036e+01,7.6613e+01,7.6389e+01,7.6561e+01,7.6184e+01,7.7059e+01,7.7151e+01,7.8050e+01,7.8125e+01,7.9133e+01,8.0703e+01,8.1668e+01,8.3073e+01,8.4128e+01,8.5065e+01,8.6841e+01,8.7741e+01,8.8751e+01,8.9897e+01,9.0792e+01,9.1725e+01,9.2413e+01,9.2862e+01,9.3634e+01,9.4432e+01,9.5272e+01,9.6038e+01,9.6837e+01,9.7732e+01,9.8729e+01,9.9664e+01,1.0091e+02,1.0158e+02,1.0233e+02,1.0327e+02,1.0371e+02,1.0424e+02,1.0418e+02,1.0395e+02
1.2131e+02,1.2118e+02,1.2129e+02,1.2152e+02,1.2167e+02,1.2180e+02,1.2186e+02,1.2208e+02,1.2183e+02,1.2184e+02,1.2183e+02,1.2185e+02,1.2231e+02,1.2289e+02,1.2296e+02,1.2265e+02,1.2276e+02,1.2311e+02,1.2342e+02,1.2347e+02,1.2344e+02,1.2281e+02,1.2227e+02,1.2190e+02,1.2211e+02,1.2228e+02,1.2191e+02,1.2304e+02,1.2443e+02,1.2519e+02,1.2735e+02,1.2784e+02,1.2754e+02,1.2776e+02,1.2906e+02,1.2952e+02,1.3055e+02,1.3067e+02,1.3253e+02,1.3474e+02,1.3683e+02,1.3858e+02,1.4031e+02,1.4159e+02,1.4359e+02,1.4510e+02,1.4702e+02,1.4634e+02,1.4656e+02,1.4519e+02,1.4210e+02,1.4006e+02,1.3761e+02,1.3478e+02,1.3277e+02,1.3077e+02,1.3087e+02,1.2811e+02,1.2517e+02,1.2384e+02,1.2148e+02,1.1900e+02,1.1670e+02,1.1533e+02,1.1298e+02,1.1089e+02,1.1059e+02,1.0905e+02,1.0725e+02,1.0564e+02,1.0326e+02,1.0237e+02,9.9828e+01,9.7203e+01,9.4764e+01,9.3812e+01,9.5035e+01,9.3221e+01,9.0697e+01,8.9401e+01,8.7090e+01,8.5406e+01,8.3377e+01,8.1714e+01,8.0053e+01,7.9307e+01,7.7724e+01,7.7459e+01,7.7206e+01,7.6509e+01,7.7648e+01,7.6958e+01,7.6240e+01,7.5828e+01,7.5614e+01,7.5784e+01,7.5406e+01,7.6287e+01,7.6388e+01,7.7297e+01,7.7370e+01,7.8391e+01,7.9974e+01,8.0954e+01,8.2366e+01,8.3425e+01,8.4364e+01,8.6149e+01,8.7051e+01,8.8069e+01,8.9223e+01,9.0126e+01,9.1063e+01,9.1754e+01,9.2207e+01,9.2983e+01,9.3785e+01,9.4630e+01,9.5400e+01,9.6203e+01,9.7102e+01,9.8103e+01,9.9044e+01,1.0029e+02,1.0096e+02,1.0172e+02,1.0266e+02,1.0310e+02,1.0364e+02,1.0358e+02,1.0334e+02
1.2109e+02,1.2096e+02,1.2106e+02,1.2129e+02,1.2145e+02,1.2157e+02,1.2163e+02,1.2185e+02,1.2160e+02,1.2161e+02,1.2160e+02,1.2161e+02,1.2208e+02,1.2265e+02,1.2272e+02,1.2241e+02,1.2252e+02,1.2287e+02,1.2318e+02,1.2323e+02,1.2321e+02,1.2257e+02,1.2204e+02,1.2166e+02,1.2188e+02,1.2204e+02,1.2168e+02,1.2282e+02,1.2421e+02,1.2496e+02,1.2713e+02,1.2762e+02,1.2731e+02,1.2753e+02,1.2884e+02,1.2930e+02,1.3034e+02,1.3045e+02,1.3232e+02,1.3453e+02,1.3663e+02,1.3838e+02,1.4011e+02,1.4139e+02,1.4340e+02,1.4491e+02,1.4683e+02,1.4614e+02,1.4636e+02,1.4499e+02,1.4190e+02,1.3986e+02,1.3740e+02,1.3456e+02,1.3255e+02,1.3054e+02,1.3064e+02,1.2788e+02,1.2493e+02,1.2360e+02,1.2123e+02,1.1874e+02,1.1644e+02,1.1507e+02,1.1271e+02,1.1061e+02,1.1031e+02,1.0877e+02,1.0697e+02,1.0535e+02,1.0297e+02,1.0207e+02,9.9523e+01,9.6891e+01,9.4446e+01,9.3486e+01,9.4709e+01,9.2884e+01,9.0348e+01,8.9041e+01,8.6722e+01,8.5029e+01,8.2993e+01,8.1319e+01,7.9647e+01,7.8905e+01,7.7309e+01,7.7026e+01,7.6764e+01,7.6068e+01,7.7224e+01,7.6534e+01,7.5810e+01,7.5402e+01,7.5193e+01,7.5363e+01,7.4982e+01,7.5869e+01,7.5976e+01,7.6894e+01,7.6966e+01,7.7997e+01,7.9591e+01,8.0583e+01,8.2001e+01,8.3065e+01,8.4007e+01,8.5799e+01,8.6703e+01,8.7725e+01,8.8886e+01,8.9792e+01,9.0730e+01,9.1427e+01,9.1884e+01,9.2664e+01,9.3469e+01,9.4316e+01,9.5089e+01,9.5896e+01,9.6799e+01,9.7803e+01,9.8747e+01,1.0000e+02,1.0067e+02,1.0143e+02,1.0237e+02,1.0282e+02,1.0335e+02,1.0329e+02,1.0305e+02
1.2085e+02,1.2071e+02,1.2082e+02,1.2104e+02,1.2120e+02,1.2132e+02,1.2138e+02,1.2160e+02,1.2135e+02,1.2136e+02,1.2135e+02,1.2136e+02,1.2183e+02,1.2240e+02,1.2247e+02,1.2215e+02,1.2226e+02,1.2261e+02,1.2292e+02,1.2298e+02,1.2295e+02,1.2232e+02,1.2179e+02,1.2142e+02,1.2164e+02,1.2181e+02,1.2144e+02,1.2259e+02,1.2398e+02,1.2474e+02,1.2691e+02,1.2739e+02,1.2709e+02,1.2731e+02,1.2862e+02,1.2909e+02,1.3012e+02,1.3024e+02,1.3211e+02,1.3432e+02,1.3642e+02,1.3818e+02,1.3991e+02,1.4119e+02,1.4319e+02,1.4470e+02,1.4661e+02,1.4592e+02,1.4614e+02,1.4476e+02,1.4167e+02,1.3962e+02,1.3716e+02,1.3432e+02,1.3231e+02,1.3030e+02,1.3039e+02,1.2762e+02,1.2467e+02,1.2333e+02,1.2097e+02,1.1847e+02,1.1617e+02,1.1479e+02,1.1242e+02,1.1032e+02,1.1002e+02,1.0848e+02,1.0668e+02,1.0507e+02,1.0267e+02,1.0177e+02,9.9213e+01,9.6580e+01,9.4133e+01,9.3164e+01,9.4382e+01,9.2547e+01,9.0005e+01,8.8689e+01,8.6367e+01,8.4674e+01,8.2636e+01,8.0960e+01,7.9283e+01,7.8547e+01,7.6946e+01,7.6650e+01,7.6382e+01,7.5689e+01,7.6853e+01,7.6166e+01,7.5443e+01,7.5040e+01,7.4835e+01,7.5002e+01,7.4624e+01,7.5511e+01,7.5620e+01,7.6540e+01,7.6612e+01,7.7649e+01,7.9249e+01,8.0248e+01,8.1670e+01,8.2736e+01,8.3682e+01,8.5483e+01,8.6389e+01,8.7416e+01,8.8583e+01,8.9493e+01,9.0433e+01,9.1131e+01,9.1592e+01,9.2373e+01,9.3180e+01,9.4030e+01,9.4806e+01,9.5614e+01,9.6520e+01,9.7526e+01,9.8475e+01,9.9733e+01,1.0040e+02,1.0116e+02,1.0211e+02,1.0255e+02,1.0309e+02,1.0303e+02,1.0279e+02
1.2016e+02,1.2003e+02,1.2013e+02,1.2036e+02,1.2051e+02,1.2064e+02,1.2070e+02,1.2092e+02,1.2068e+02,1.2068e+02,1.2068e+02,1.2069e+02,1.2115e+02,1.2174e+02,1.2180e+02,1.2148e+02,1.2159e+02,1.2194e+02,1.2226e+02,1.2232e+02,1.2229e+02,1.2166e+02,1.2114e+02,1.2077e+02,1.2100e+02,1.2117e+02,1.2082e+02,1.2197e+02,1.2337e+02,1.2412e+02,1.2630e+02,1.2679e+02,1.2648e+02,1.2670e+02,1.2802e+02,1.2849e+02,1.2953e+02,1.2965e+02,1.3152e+02,1.3375e+02,1.3584e+02,1.3761e+02,1.3935e+02,1.4062e+02,1.4263e+02,1.4413e+02,1.4604e+02,1.4535e+02,1.4556e+02,1.4417e+02,1.4107e+02,1.3902e+02,1.3655e+02,1.3370e+02,1.3168e+02,1.2966e+02,1.2976e+02,1.2699e+02,1.2402e+02,1.2267e+02,1.2030e+02,1.1780e+02,1.1549e+02,1.1409e+02,1.1171e+02,1.0960e+02,1.0930e+02,1.0776e+02,1.0595e+02,1.0434e+02,1.0193e+02,1.0101e+02,9.8437e+01,9.5795e+01,9.3335e+01,9.2348e+01,9.3563e+01,9.1711e+01,8.9150e+01,8.7817e+01,8.5482e+01,8.3780e+01,8.1733e+01,8.0049e+01,7.8363e+01,7.7641e+01,7.6037e+01,7.5721e+01,7.5447e+01,7.4769e+01,7.5948e+01,7.5270e+01,7.4552e+01,7.4162e+01,7.3961e+01,7.4124e+01,7.3757e+01,7.4644e+01,7.4755e+01,7.5674e+01,7.5742e+01,7.6789e+01,7.8399e+01,7.9411e+01,8.0841e+01,8.1911e+01,8.2863e+01,8.4673e+01,8.5583e+01,8.6619e+01,8.7796e+01,8.8714e+01,8.9660e+01,9.0363e+01,9.0826e+01,9.1612e+01,9.2427e+01,9.3281e+01,9.4061e+01,9.4876e+01,9.5789e+01,9.6800e+01,9.7756e+01,9.9022e+01,9.9694e+01,1.0046e+02,1.0141e+02,1.0186e+02,1.0240e+02,1.0234e+02,1.0210e+02
1.1909e+02,1.1896e+02,1.1906e+02,1.1928e+02,1.1943e+02,1.1956e+02,1.1963e+02,1.1985e+02,1.1961e+02,1.1961e+02,1.1961e+02,1.1962e+02,1.2009e+02,1.2067e+02,1.2074e+02,1.2042e+02,1.2053e+02,1.2089e+02,1.2122e+02,1.2128e+02,1.2126e+02,1.2063e+02,1.2011e+02,1.1975e+02,1.1997e+02,1.2016e+02,1.1981e+02,1.2097e+02,1.2239e+02,1.2314e+02,1.2533e+02,1.2583e+02,1.2552e+02,1.2574e+02,1.2708e+02,1.2756e+02,1.2860e+02,1.2872e+02,1.3059e+02,1.3282e+02,1.3492e+02,1.3670e+02,1.3843e+02,1.3971e+02,1.4171e+02,1.4322e+02,1.4514e+02,1.4443e+02,1.4464e+02,1.4324e+02,1.4013e+02,1.3806e+02,1.3558e+02,1.3273e+02,1.3071e+02,1.2868e+02,1.2877e+02,1.2600e+02,1.2302e+02,1.2166e+02,1.1928e+02,1.1675e+02,1.1444e+02,1.1302e+02,1.1062e+02,1.0849e+02,1.0820e+02,1.0666e+02,1.0482e+02,1.0321e+02,1.0077e+02,9.9831e+01,9.7241e+01,9.4586e+01,9.2102e+01,9.1093e+01,9.2309e+01,9.0438e+01,8.7851e+01,8.6503e+01,8.4146e+01,8.2430e+01,8.0371e+01,7.8675e+01,7.6984e+01,7.6282e+01,7.4685e+01,7.4352e+01,7.4082e+01,7.3432e+01,7.4614e+01,7.3958e+01,7.3261e+01,7.2891e+01,7.2689e+01,7.2844e+01,7.2501e+01,7.3380e+01,7.3483e+01,7.4392e+01,7.4459e+01,7.5511e+01,7.7134e+01,7.8156e+01,7.9600e+01,8.0674e+01,8.1638e+01,8.3459e+01,8.4374e+01,8.5422e+01,8.6613e+01,8.7542e+01,8.8498e+01,8.9204e+01,8.9671e+01,9.0466e+01,9.1292e+01,9.2154e+01,9.2940e+01,9.3761e+01,9.4679e+01,9.5701e+01,9.6666e+01,9.7943e+01,9.8622e+01,9.9398e+01,1.0035e+02,1.0081e+02,1.0135e+02,1.0129e+02,1.0105e+02
1.1819e+02,1.1805e+02,1.1815e+02,1.1837e+02,1.1852e+02,1.1865e+02,1.1871e+02,1.1894e+02,1.1870e+02,1.1871e+02,1.1871e+02,1.1872e+02,1.1918e+02,1.1977e+02,1.1984e+02,1.1951e+02,1.1963e+02,1.2000e+02,1.2033e+02,1.2041e+02,1.2039e+02,1.1976e+02,1.1925e+02,1.1889e+02,1.1912e+02,1.1932e+02,1.1898e+02,1.2016e+02,1.2159e+02,1.2234e+02,1.2454e+02,1.2503e+02,1.2473e+02,1.2495e+02,1.2630e+02,1.2679e+02,1.2783e+02,1.2796e+02,1.2983e+02,1.3207e+02,1.3417e+02,1.3596e+02,1.3770e+02,1.3897e+02,1.4097e+02,1.4248e+02,1.4439e+02,1.4367e+02,1.4388e+02,1.4247e+02,1.3934e+02,1.3726e+02,1.3477e+02,1.3191e+02,1.2989e+02,1.2785e+02,1.2794e+02,1.2516e+02,1.2217e+02,1.2079e+02,1.1841e+02,1.1586e+02,1.1354e+02,1.1210e+02,1.0967e+02,1.0753e+02,1.0725e+02,1.0572e+02,1.0387e+02,1.0225e+02,9.9792e+01,9.8825e+01,9.6217e+01,9.3556e+01,9.1055e+01,9.0017e+01,9.1224e+01,8.9330e+01,8.6720e+01,8.5348e+01,8.2973e+01,8.1255e+01,7.9185e+01,7.7488e+01,7.5785e+01,7.5097e+01,7.3503e+01,7.3148e+01,7.2862e+01,7.2229e+01,7.3419e+01,7.2773e+01,7.2083e+01,7.1727e+01,7.1527e+01,7.1671e+01,7.1342e+01,7.2214e+01,7.2318e+01,7.3224e+01,7.3287e+01,7.4353e+01,7.5991e+01,7.7030e+01,7.8485e+01,7.9563e+01,8.0533e+01,8.2365e+01,8.3283e+01,8.4341e+01,8.5543e+01,8.6479e+01,8.7444e+01,8.8152e+01,8.8623e+01,8.9423e+01,9.0256e+01,9.1123e+01,9.1913e+01,9.2740e+01,9.3664e+01,9.4694e+01,9.5666e+01,9.6955e+01,9.7637e+01,9.8419e+01,9.9384e+01,9.9839e+01,1.0039e+02,1.0032e+02,1.0008e+02
1.1729e+02,1.1716e+02,1.1725e+02,1.1747e+02,1.1761e+02,1.1774e+02,1.1781e+02,1.1804e+02,1.1780e+02,1.1781e+02,1.1781e+02,1.1783e+02,1.1829e+02,1.1888e+02,1.1895e+02,1.1863e+02,1.1875e+02,1.1913e+02,1.1947e+02,1.1956e+02,1.1955e+02,1.1891e+02,1.1840e+02,1.1805e+02,1.1828e+02,1.1849e+02,1.1815e+02,1.1934e+02,1.2079e+02,1.2154e+02,1.2375e+02,1.2426e+02,1.2396e+02,1.2419e+02,1.2556e+02,1.2604e+02,1.2708e+02,1.2720e+02,1.2906e+02,1.3132e+02,1.3342e+02,1.3522e+02,1.3696e+02,1.3822e+02,1.4023e+02,1.4175e+02,1.4365e+02,1.4293e+02,1.4315e+02,1.4172e+02,1.3858e+02,1.3649e+02,1.3400e+02,1.3113e+02,1.2911e+02,1.2706e+02,1.2716e+02,1.2438e+02,1.2137e+02,1.1998e+02,1.1760e+02,1.1503e+02,1.1270e+02,1.1124e+02,1.0879e+02,1.0664e+02,1.0637e+02,1.0483e+02,1.0295e+02,1.0133e+02,9.8841e+01,9.7852e+01,9.5230e+01,9.2558e+01,9.0027e+01,8.8968e+01,9.0180e+01,8.8272e+01,8.5637e+01,8.4252e+01,8.1847e+01,8.0119e+01,7.8025e+01,7.6321e+01,7.4601e+01,7.3913e+01,7.2321e+01,7.1964e+01,7.1682e+01,7.1063e+01,7.2243e+01,7.1605e+01,7.0933e+01,7.0581e+01,7.0370e+01,7.0512e+01,7.0198e+01,7.1063e+01,7.1153e+01,7.2050e+01,7.2113e+01,7.3180e+01,7.4822e+01,7.5867e+01,7.7330e+01,7.8411e+01,7.9389e+01,8.1230e+01,8.2152e+01,8.3221e+01,8.4435e+01,8.5380e+01,8.6353e+01,8.7066e+01,8.7541e+01,8.8350e+01,8.9193e+01,9.0065e+01,9.0862e+01,9.1693e+01,9.2623e+01,9.3664e+01,9.4645e+01,9.5943e+01,9.6631e+01,9.7421e+01,9.8393e+01,9.8852e+01,9.9407e+01,9.9339e+01,9.9092e+01
1.1645e+02,1.1631e+02,1.1641e+02,1.1662e+02,1.1677e+02,1.1691e+02,1.1697e+02,1.1720e+02,1.1697e+02,1.1697e+02,1.1697e+02,1.1698e+02,1.1744e+02,1.1804e+02,1.1811e+02,1.1778e+02,1.1792e+02,1.1829e+02,1.1864e+02,1.1874e+02,1.1873e+02,1.1810e+02,1.1759e+02,1.1725e+02,1.1747e+02,1.1770e+02,1.1736e+02,1.1856e+02,1.2000e+02,1.2075e+02,1.2297e+02,1.2346e+02,1.2315e+02,1.2337e+02,1.2474e+02,1.2525e+02,1.2629e+02,1.2643e+02,1.2830e+02,1.3055e+02,1.3265e+02,1.3445e+02,1.3620e+02,1.3746e+02,1.3947e+02,1.4097e+02,1.4289e+02,1.4216e+02,1.4236e+02,1.4093e+02,1.3778e+02,1.3568e+02,1.3318e+02,1.3031e+02,1.2828e+02,1.2621e+02,1.2631e+02,1.2352e+02,1.2051e+02,1.1911e+02,1.1673e+02,1.1414e+02,1.1181e+02,1.1033e+02,1.0787e+02,1.0571e+02,1.0544e+02,1.0391e+02,1.0203e+02,1.0042e+02,9.7919e+01,9.6913e+01,9.4280e+01,9.1607e+01,8.9076e+01,8.7998e+01,8.9195e+01,8.7269e+01,8.4624e+01,8.3222e+01,8.0818e+01,7.9095e+01,7.7012e+01,7.5317e+01,7.3604e+01,7.2950e+01,7.1376e+01,7.0994e+01,7.0677e+01,7.0075e+01,7.1269e+01,7.0640e+01,6.9969e+01,6.9636e+01,6.9430e+01,6.9545e+01,6.9241e+01,7.0090e+01,7.0184e+01,7.1073e+01,7.1115e+01,7.2199e+01,7.3868e+01,7.4944e+01,7.6420e+01,7.7504e+01,7.8488e+01,8.0336e+01,8.1260e+01,8.2347e+01,8.3575e+01,8.4530e+01,8.5508e+01,8.6228e+01,8.6712e+01,8.7530e+01,8.8385e+01,8.9268e+01,9.0074e+01,9.0911e+01,9.1848e+01,9.2899e+01,9.3888e+01,9.5200e+01,9.5891e+01,9.6687e+01,9.7664e+01,9.8126e+01,9.8685e+01,9.8616e+01,9.8365e+01
1.1563e+02,1.1550e+02,1.1560e+02,1.1582e+02,1.1597e+02,1.1611e+02,1.1617e+02,1.1641e+02,1.1616e+02,1.1616e+02,1.1616e+02,1.1616e+02,1.1662e+02,1.1722e+02,1.1729e+02,1.1695e+02,1.1709e+02,1.1745e+02,1.1779e+02,1.1788e+02,1.1788e+02,1.1724e+02,1.1673e+02,1.1639e+02,1.1660e+02,1.1682e+02,1.1647e+02,1.1767e+02,1.1910e+02,1.1984e+02,1.2206e+02,1.2254e+02,1.2222e+02,1.2244e+02,1.2380e+02,1.2431e+02,1.2536e+02,1.2551e+02,1.2739e+02,1.2964e+02,1.3174e+02,1.3355e+02,1.3529e+02,1.3655e+02,1.3857e+02,1.4007e+02,1.4199e+02,1.4127e+02,1.4146e+02,1.4004e+02,1.3689e+02,1.3480e+02,1.3228e+02,1.2941e+02,1.2736e+02,1.2530e+02,1.2539e+02,1.2260e+02,1.1958e+02,1.1819e+02,1.1580e+02,1.1323e+02,1.1089e+02,1.0942e+02,1.0697e+02,1.0481e+02,1.0452e+02,1.0298e+02,1.0113e+02,9.9510e+01,9.7028e+01,9.6042e+01,9.3412e+01,9.0731e+01,8.8220e+01,8.7167e+01,8.8374e+01,8.6460e+01,8.3837e+01,8.2464e+01,8.0092e+01,7.8356e+01,7.6316e+01,7.4624e+01,7.2970e+01,7.2358e+01,7.0831e+01,7.0472e+01,7.0187e+01,6.9624e+01,7.0783e+01,7.0181e+01,6.9542e+01,6.9215e+01,6.8995e+01,6.9101e+01,6.8811e+01,6.9638e+01,6.9709e+01,7.0571e+01,7.0604e+01,7.1686e+01,7.3377e+01,7.4457e+01,7.5950e+01,7.7033e+01,7.8027e+01,7.9878e+01,8.0802e+01,8.1900e+01,8.3136e+01,8.4098e+01,8.5080e+01,8.5807e+01,8.6296e+01,8.7121e+01,8.7984e+01,8.8874e+01,8.9687e+01,9.0529e+01,9.1470e+01,9.2529e+01,9.3525e+01,9.4846e+01,9.5541e+01,9.6342e+01,9.7324e+01,9.7788e+01,9.8350e+01,9.8277e+01,9.8024e+01
1.1517e+02,1.1503e+02,1.1514e+02,1.1536e+02,1.1552e+02,1.1567e+02,1.1573e+02,1.1597e+02,1.1572e+02,1.1572e+02,1.1570e+02,1.1570e+02,1.1616e+02,1.1677e+02,1.1683e+02,1.1649e+02,1.1662e+02,1.1698e+02,1.1732e+02,1.1741e+02,1.1741e+02,1.1678e+02,1.1627e+02,1.1593e+02,1.1612e+02,1.1634e+02,1.1599e+02,1.1718e+02,1.1858e+02,1.1931e+02,1.2153e+02,1.2197e+02,1.2164e+02,1.2183e+02,1.2319e+02,1.2371e+02,1.2479e+02,1.2496e+02,1.2685e+02,1.2909e+02,1.3118e+02,1.3299e+02,1.3472e+02,1.3599e+02,1.3800e+02,1.3949e+02,1.4142e+02,1.4071e+02,1.4088e+02,1.3947e+02,1.3633e+02,1.3424e+02,1.3170e+02,1.2884e+02,1.2677e+02,1.2471e+02,1.2478e+02,1.2198e+02,1.1899e+02,1.1759e+02,1.1520e+02,1.1265e+02,1.1032e+02,1.0884e+02,1.0641e+02,1.0425e+02,1.0395e+02,1.0242e+02,1.0060e+02,9.9005e+01,9.6544e+01,9.5568e+01,9.2946e+01,9.0276e+01,8.7803e+01,8.6762e+01,8.7952e+01,8.6040e+01,8.3445e+01,8.2084e+01,7.9762e+01,7.8042e+01,7.6056e+01,7.4393e+01,7.2788e+01,7.2208e+01,7.0714e+01,7.0366e+01,7.0062e+01,6.9497e+01,7.0656e+01,7.0048e+01,6.9404e+01,6.9078e+01,6.8853e+01,6.8936e+01,6.8647e+01,6.9460e+01,6.9531e+01,7.0386e+01,7.0395e+01,7.1487e+01,7.3194e+01,7.4298e+01,7.5799e+01,7.6882e+01,7.7880e+01,7.9735e+01,8.0660e+01,8.1774e+01,8.3024e+01,8.3994e+01,8.4982e+01,8.5713e+01,8.6208e+01,8.7038e+01,8.7909e+01,8.8807e+01,8.9627e+01,9.0473e+01,9.1418e+01,9.2485e+01,9.3488e+01,9.4818e+01,9.5516e+01,9.6321e+01,9.7306e+01,9.7772e+01,9.8338e+01,9.8265e+01,9.8009e+01
1.1418e+02,1.1404e+02,1.1415e+02,1.1437e+02,1.1453e+02,1.1467e+02,1.1473e+02,1.1498e+02,1.1472e+02,1.1472e+02,1.1471e+02,1.1471e+02,1.1517e+02,1.1579e+02,1.1585e+02,1.1551e+02,1.1564e+02,1.1600e+02,1.1635e+02,1.1645e+02,1.1645e+02,1.1583e+02,1.1533e+02,1.1499e+02,1.1520e+02,1.1543e+02,1.1509e+02,1.1629e+02,1.1771e+02,1.1844e+02,1.2066e+02,1.2112e+02,1.2079e+02,1.2098e+02,1.2235e+02,1.2289e+02,1.2397e+02,1.2414e+02,1.2603e+02,1.2828e+02,1.3038e+02,1.3220e+02,1.3393e+02,1.3519e+02,1.3720e+02,1.3868e+02,1.4061e+02,1.3988e+02,1.4005e+02,1.3862e+02,1.3547e+02,1.3336e+02,1.3082e+02,1.2794e+02,1.2588e+02,1.2380e+02,1.2387e+02,1.2107e+02,1.1806e+02,1.1664e+02,1.1425e+02,1.1167e+02,1.0933e+02,1.0783e+02,1.0538e+02,1.0320e+02,1.0292e+02,1.0140e+02,9.9560e+01,9.7972e+01,9.5484e+01,9.4473e+01,9.1837e+01,8.9171e+01,8.6681e+01,8.5607e+01,8.6780e+01,8.4848e+01,8.2237e+01,8.0855e+01,7.8526e+01,7.6826e+01,7.4847e+01,7.3216e+01,7.1616e+01,7.1049e+01,6.9591e+01,6.9255e+01,6.8917e+01,6.8356e+01,6.9485e+01,6.8881e+01,6.8244e+01,6.7919e+01,6.7681e+01,6.7731e+01,6.7446e+01,6.8227e+01,6.8284e+01,6.9116e+01,6.9109e+01,7.0205e+01,7.1937e+01,7.3061e+01,7.4580e+01,7.5660e+01,7.6663e+01,7.8525e+01,7.9448e+01,8.0575e+01,8.1834e+01,8.2816e+01,8.3813e+01,8.4550e+01,8.5049e+01,8.5886e+01,8.6767e+01,8.7671e+01,8.8498e+01,8.9350e+01,9.0302e+01,9.1379e+01,9.2389e+01,9.3730e+01,9.4432e+01,9.5241e+01,9.6232e+01,9.6701e+01,9.7271e+01,9.7197e+01,9.6939e+01
1.1330e+02,1.1316e+02,1.1326e+02,1.1348e+02,1.1363e+02,1.1377e+02,1.1384e+02,1.1408e+02,1.1384e+02,1.1384e+02,1.1384e+02,1.1385e+02,1.1431e+02,1.1492e+02,1.1499e+02,1.1465e+02,1.1479e+02,1.1516e+02,1.1552e+02,1.1565e+02,1.1566e+02,1.1504e+02,1.1456e+02,1.1424e+02,1.1446e+02,1.1472e+02,1.1440e+02,1.1563e+02,1.1708e+02,1.1781e+02,1.2005e+02,1.2052e+02,1.2020e+02,1.2040e+02,1.2180e+02,1.2235e+02,1.2342e+02,1.2358e+02,1.2547e+02,1.2773e+02,1.2983e+02,1.3166e+02,1.3340e+02,1.3465e+02,1.3666e+02,1.3814e+02,1.4006e+02,1.3932e+02,1.3948e+02,1.3801e+02,1.3485e+02,1.3272e+02,1.3016e+02,1.2728e+02,1.2522e+02,1.2311e+02,1.2318e+02,1.2038e+02,1.1735e+02,1.1589e+02,1.1350e+02,1.1088e+02,1.0854e+02,1.0698e+02,1.0449e+02,1.0229e+02,1.0203e+02,1.0053e+02,9.8654e+01,9.7075e+01,9.4534e+01,9.3454e+01,9.0792e+01,8.8134e+01,8.5602e+01,8.4453e+01,8.5586e+01,8.3607e+01,8.0949e+01,7.9498e+01,7.7125e+01,7.5468e+01,7.3453e+01,7.1860e+01,7.0196e+01,6.9607e+01,6.8141e+01,6.7784e+01,6.7352e+01,6.6759e+01,6.7894e+01,6.7266e+01,6.6601e+01,6.6279e+01,6.6043e+01,6.6051e+01,6.5760e+01,6.6520e+01,6.6586e+01,6.7419e+01,6.7396e+01,6.8513e+01,7.0268e+01,7.1425e+01,7.2962e+01,7.4046e+01,7.5049e+01,7.6929e+01,7.7855e+01,7.8999e+01,8.0276e+01,8.1271e+01,8.2282e+01,8.3027e+01,8.3532e+01,8.4381e+01,8.5274e+01,8.6189e+01,8.7026e+01,8.7886e+01,8.8846e+01,8.9935e+01,9.0954e+01,9.2306e+01,9.3015e+01,9.3832e+01,9.4833e+01,9.5307e+01,9.5884e+01,9.5810e+01,9.5548e+01
1.1278e+02,1.1263e+02,1.1273e+02,1.1295e+02,1.1309e+02,1.1323e+02,1.1330e+02,1.1354e+02,1.1331e+02,1.1332e+02,1.1332e+02,1.1333e+02,1.1379e+02,1.1440e+02,1.1447e+02,1.1413e+02,1.1427e+02,1.1465e+02,1.1502e+02,1.1516e+02,1.1518e+02,1.1456e+02,1.1408e+02,1.1378e+02,1.1401e+02,1.1428e+02,1.1398e+02,1.1523e+02,1.1672e+02,1.1746e+02,1.1971e+02,1.2021e+02,1.1992e+02,1.2015e+02,1.2157e+02,1.2211e+02,1.2316e+02,1.2330e+02,1.2518e+02,1.2747e+02,1.2957e+02,1.3142e+02,1.3317e+02,1.3441e+02,1.3642e+02,1.3791e+02,1.3982e+02,1.3906e+02,1.3923e+02,1.3774e+02,1.3456e+02,1.3240e+02,1.2985e+02,1.2696e+02,1.2492e+02,1.2279e+02,1.2288e+02,1.2008e+02,1.1701e+02,1.1554e+02,1.1314e+02,1.1048e+02,1.0812e+02,1.0654e+02,1.0400e+02,1.0178e+02,1.0156e+02,1.0005e+02,9.8121e+01,9.6525e+01,9.3935e+01,9.2809e+01,9.0121e+01,8.7452e+01,8.4857e+01,8.3659e+01,8.4796e+01,8.2792e+01,8.0077e+01,7.8583e+01,7.6131e+01,7.4473e+01,7.2379e+01,7.0775e+01,6.9034e+01,6.8406e+01,6.6918e+01,6.6551e+01,6.6092e+01,6.5490e+01,6.6616e+01,6.5986e+01,6.5324e+01,6.4999e+01,6.4749e+01,6.4742e+01,6.4457e+01,6.5201e+01,6.5250e+01,6.6074e+01,6.6046e+01,6.7158e+01,6.8922e+01,7.0078e+01,7.1624e+01,7.2709e+01,7.3715e+01,7.5611e+01,7.6545e+01,7.7687e+01,7.8972e+01,7.9972e+01,8.0989e+01,8.1738e+01,8.2244e+01,8.3098e+01,8.3997e+01,8.4915e+01,8.5758e+01,8.6625e+01,8.7592e+01,8.8687e+01,8.9714e+01,9.1075e+01,9.1788e+01,9.2610e+01,9.3617e+01,9.4094e+01,9.4674e+01,9.4601e+01,9.4336e+01
1.1206e+02,1.1192e+02,1.1201e+02,1.1223e+02,1.1237e+02,1.1251e+02,1.1258e+02,1.1282e+02,1.1259e+02,1.1260e+02,1.1260e+02,1.1262e+02,1.1308e+02,1.1369e+02,1.1375e+02,1.1341e+02,1.1355e+02,1.1393e+02,1.1430e+02,1.1445e+02,1.1448e+02,1.1387e+02,1.1340e+02,1.1310e+02,1.1334e+02,1.1363e+02,1.1335e+02,1.1462e+02,1.1611e+02,1.1684e+02,1.1910e+02,1.1961e+02,1.1933e+02,1.1955e+02,1.2099e+02,1.2154e+02,1.2259e+02,1.2274e+02,1.2462e+02,1.2692e+02,1.2902e+02,1.3088e+02,1.3263e+02,1.3386e+02,1.3587e+02,1.3734e+02,1.3923e+02,1.3846e+02,1.3862e+02,1.3711e+02,1.3393e+02,1.3176e+02,1.2920e+02,1.2631e+02,1.2426e+02,1.2213e+02,1.2221e+02,1.1941e+02,1.1633e+02,1.1484e+02,1.1244e+02,1.0976e+02,1.0740e+02,1.0580e+02,1.0324e+02,1.0101e+02,1.0081e+02,9.9315e+01,9.7369e+01,9.5789e+01,9.3180e+01,9.2024e+01,8.9330e+01,8.6672e+01,8.4074e+01,8.2851e+01,8.3967e+01,8.1952e+01,7.9236e+01,7.7731e+01,7.5294e+01,7.3668e+01,7.1612e+01,7.0069e+01,6.8374e+01,6.7774e+01,6.6367e+01,6.6053e+01,6.5565e+01,6.4963e+01,6.6020e+01,6.5395e+01,6.4751e+01,6.4417e+01,6.4132e+01,6.4075e+01,6.3799e+01,6.4486e+01,6.4495e+01,6.5270e+01,6.5199e+01,6.6303e+01,6.8101e+01,6.9270e+01,7.0830e+01,7.1893e+01,7.2893e+01,7.4786e+01,7.5701e+01,7.6837e+01,7.8118e+01,7.9117e+01,8.0134e+01,8.0887e+01,8.1394e+01,8.2249e+01,8.3156e+01,8.4076e+01,8.4924e+01,8.5796e+01,8.6767e+01,8.7865e+01,8.8897e+01,9.0264e+01,9.0977e+01,9.1802e+01,9.2813e+01,9.3292e+01,9.3874e+01,9.3799e+01,9.3533e+01
1.1095e+02,1.1081e+02,1.1091e+02,1.1112e+02,1.1126e+02,1.1140e+02,1.1147e+02,1.1171e+02,1.1148e+02,1.1149e+02,1.1149e+02,1.1151e+02,1.1197e+02,1.1258e+02,1.1264e+02,1.1230e+02,1.1242e+02,1.1280e+02,1.1317e+02,1.1333e+02,1.1337e+02,1.1276e+02,1.1230e+02,1.1201e+02,1.1227e+02,1.1257e+02,1.1230e+02,1.1359e+02,1.1510e+02,1.1584e+02,1.1810e+02,1.1864e+02,1.1837e+02,1.1861e+02,1.2006e+02,1.2061e+02,1.2165e+02,1.2180e+02,1.2367e+02,1.2600e+02,1.2810e+02,1.2998e+02,1.3174e+02,1.3295e+02,1.3496e+02,1.3643e+02,1.3831e+02,1.3752e+02,1.3768e+02,1.3615e+02,1.3296e+02,1.3077e+02,1.2821e+02,1.2530e+02,1.2327e+02,1.2111e+02,1.2121e+02,1.1840e+02,1.1529e+02,1.1379e+02,1.1138e+02,1.0867e+02,1.0629e+02,1.0468e+02,1.0209e+02,9.9849e+01,9.9673e+01,9.8169e+01,9.6186e+01,9.4599e+01,9.1957e+01,9.0768e+01,8.8059e+01,8.5394e+01,8.2760e+01,8.1513e+01,8.2637e+01,8.0620e+01,7.7882e+01,7.6378e+01,7.3911e+01,7.2286e+01,7.0220e+01,6.8703e+01,6.7031e+01,6.6436e+01,6.5100e+01,6.4857e+01,6.4390e+01,6.3798e+01,6.4764e+01,6.4156e+01,6.3553e+01,6.3206e+01,6.2880e+01,6.2793e+01,6.2538e+01,6.3180e+01,6.3137e+01,6.3864e+01,6.3782e+01,6.4861e+01,6.6680e+01,6.7837e+01,6.9423e+01,7.0480e+01,7.1498e+01,7.3404e+01,7.4320e+01,7.5457e+01,7.6740e+01,7.7744e+01,7.8769e+01,7.9528e+01,8.0038e+01,8.0903e+01,8.1819e+01,8.2747e+01,8.3603e+01,8.4484e+01,8.5464e+01,8.6569e+01,8.7613e+01,8.8992e+01,8.9711e+01,9.0542e+01,9.1561e+01,9.2045e+01,9.2632e+01,9.2559e+01,9.2291e+01
1.1021e+02,1.1007e+02,1.1017e+02,1.1039e+02,1.1054e+02,1.1068e+02,1.1074e+02,1.1098e+02,1.1075e+02,1.1075e+02,1.1075e+02,1.1076e+02,1.1123e+02,1.1185e+02,1.1190e+02,1.1155e+02,1.1167e+02,1.1204e+02,1.1240e+02,1.1256e+02,1.1260e+02,1.1200e+02,1.1154e+02,1.1126e+02,1.1151e+02,1.1181e+02,1.1154e+02,1.1283e+02,1.1433e+02,1.1505e+02,1.1731e+02,1.1783e+02,1.1755e+02,1.1778e+02,1.1924e+02,1.1981e+02,1.2086e+02,1.2102e+02,1.2290e+02,1.2522e+02,1.2732e+02,1.2920e+02,1.3096e+02,1.3216e+02,1.3417e+02,1.3564e+02,1.3752e+02,1.3672e+02,1.3688e+02,1.3535e+02,1.3216e+02,1.2998e+02,1.2741e+02,1.2450e+02,1.2245e+02,1.2029e+02,1.2037e+02,1.1755e+02,1.1445e+02,1.1295e+02,1.1054e+02,1.0783e+02,1.0545e+02,1.0385e+02,1.0127e+02,9.9022e+01,9.8827e+01,9.7331e+01,9.5374e+01,9.3802e+01,9.1175e+01,8.9995e+01,8.7288e+01,8.4628e+01,8.2033e+01,8.0803e+01,8.1914e+01,7.9901e+01,7.7201e+01,7.5728e+01,7.3341e+01,7.1737e+01,6.9774e+01,6.8317e+01,6.6763e+01,6.6210e+01,6.4961e+01,6.4792e+01,6.4336e+01,6.3734e+01,6.4640e+01,6.4025e+01,6.3433e+01,6.3063e+01,6.2700e+01,6.2586e+01,6.2332e+01,6.2940e+01,6.2867e+01,6.3564e+01,6.3455e+01,6.4536e+01,6.6380e+01,6.7556e+01,6.9170e+01,7.0230e+01,7.1261e+01,7.3183e+01,7.4102e+01,7.5256e+01,7.6556e+01,7.7571e+01,7.8607e+01,7.9373e+01,7.9884e+01,8.0754e+01,8.1678e+01,8.2611e+01,8.3474e+01,8.4359e+01,8.5346e+01,8.6458e+01,8.7509e+01,8.8896e+01,8.9619e+01,9.0454e+01,9.1475e+01,9.1962e+01,9.2551e+01,9.2478e+01,9.2207e+01
1.1012e+02,1.0999e+02,1.1010e+02,1.1031e+02,1.1046e+02,1.1061e+02,1.1068e+02,1.1092e+02,1.1068e+02,1.1068e+02,1.1068e+02,1.1068e+02,1.1114e+02,1.1178e+02,1.1183e+02,1.1148e+02,1.1160e+02,1.1196e+02,1.1232e+02,1.1248e+02,1.1252e+02,1.1193e+02,1.1147e+02,1.1119e+02,1.1142e+02,1.1173e+02,1.1145e+02,1.1274e+02,1.1422e+02,1.1492e+02,1.1718e+02,1.1768e+02,1.1738e+02,1.1759e+02,1.1904e+02,1.1963e+02,1.2069e+02,1.2087e+02,1.2275e+02,1.2506e+02,1.2715e+02,1.2902e+02,1.3077e+02,1.3198e+02,1.3398e+02,1.3544e+02,1.3733e+02,1.3654e+02,1.3668e+02,1.3517e+02,1.3199e+02,1.2981e+02,1.2723e+02,1.2433e+02,1.2226e+02,1.2010e+02,1.2017e+02,1.1735e+02,1.1427e+02,1.1277e+02,1.1036e+02,1.0768e+02,1.0530e+02,1.0369e+02,1.0113e+02,9.8889e+01,9.8677e+01,9.7198e+01,9.5277e+01,9.3730e+01,9.1127e+01,8.9960e+01,8.7263e+01,8.4617e+01,8.2071e+01,8.0858e+01,8.1945e+01,7.9935e+01,7.7279e+01,7.5827e+01,7.3514e+01,7.1949e+01,7.0056e+01,6.8645e+01,6.7138e+01,6.6583e+01,6.5347e+01,6.5198e+01,6.4716e+01,6.4078e+01,6.4994e+01,6.4342e+01,6.3717e+01,6.3322e+01,6.2948e+01,6.2813e+01,6.2530e+01,6.3129e+01,6.3055e+01,6.3758e+01,6.3614e+01,6.4715e+01,6.6577e+01,6.7789e+01,6.9403e+01,7.0461e+01,7.1478e+01,7.3399e+01,7.4314e+01,7.5477e+01,7.6788e+01,7.7806e+01,7.8842e+01,7.9608e+01,8.0120e+01,8.0989e+01,8.1915e+01,8.2847e+01,8.3712e+01,8.4596e+01,8.5584e+01,8.6697e+01,8.7749e+01,8.9139e+01,8.9862e+01,9.0698e+01,9.1719e+01,9.2207e+01,9.2794e+01,9.2720e+01,9.2445e+01
1.0975e+02,1.0962e+02,1.0973e+02,1.0994e+02,1.1009e+02,1.1023e+02,1.1030e+02,1.1054e+02,1.1030e+02,1.1031e+02,1.1031e+02,1.1031e+02,1.1078e+02,1.1141e+02,1.1147e+02,1.1111e+02,1.1124e+02,1.1160e+02,1.1198e+02,1.1215e+02,1.1220e+02,1.1163e+02,1.1119e+02,1.1093e+02,1.1118e+02,1.1151e+02,1.1126e+02,1.1256e+02,1.1405e+02,1.1474e+02,1.1700e+02,1.1749e+02,1.1720e+02,1.1741e+02,1.1887e+02,1.1948e+02,1.2054e+02,1.2072e+02,1.2260e+02,1.2490e+02,1.2698e+02,1.2886e+02,1.3060e+02,1.3180e+02,1.3379e+02,1.3524e+02,1.3712e+02,1.3632e+02,1.3644e+02,1.3492e+02,1.3173e+02,1.2954e+02,1.2695e+02,1.2406e+02,1.2198e+02,1.1981e+02,1.1987e+02,1.1705e+02,1.1397e+02,1.1245e+02,1.1004e+02,1.0735e+02,1.0498e+02,1.0333e+02,1.0076e+02,9.8504e+01,9.8314e+01,9.6871e+01,9.4950e+01,9.3439e+01,9.0822e+01,8.9608e+01,8.6911e+01,8.4302e+01,8.1775e+01,8.0517e+01,8.1538e+01,7.9505e+01,7.6866e+01,7.5384e+01,7.3122e+01,7.1658e+01,6.9818e+01,6.8519e+01,6.7025e+01,6.6446e+01,6.5253e+01,6.5143e+01,6.4569e+01,6.3862e+01,6.4745e+01,6.4046e+01,6.3378e+01,6.2962e+01,6.2571e+01,6.2368e+01,6.2062e+01,6.2613e+01,6.2540e+01,6.3223e+01,6.3036e+01,6.4159e+01,6.6062e+01,6.7318e+01,6.8958e+01,7.0013e+01,7.1028e+01,7.2961e+01,7.3868e+01,7.5040e+01,7.6360e+01,7.7383e+01,7.8422e+01,7.9186e+01,7.9698e+01,8.0568e+01,8.1496e+01,8.2431e+01,8.3298e+01,8.4183e+01,8.5174e+01,8.6288e+01,8.7340e+01,8.8732e+01,8.9459e+01,9.0298e+01,9.1322e+01,9.1811e+01,9.2400e+01,9.2325e+01,9.2047e+01
1.0965e+02,1.0952e+02,1.0964e+02,1.0985e+02,1.1000e+02,1.1015e+02,1.1021e+02,1.1045e+02,1.1021e+02,1.1022e+02,1.1021e+02,1.1020e+02,1.1067e+02,1.1131e+02,1.1137e+02,1.1101e+02,1.1114e+02,1.1149e+02,1.1186e+02,1.1203e+02,1.1208e+02,1.1151e+02,1.1107e+02,1.1081e+02,1.1103e+02,1.1135e+02,1.1110e+02,1.1238e+02,1.1385e+02,1.1454e+02,1.1679e+02,1.1725e+02,1.1695e+02,1.1714e+02,1.1859e+02,1.1921e+02,1.2027e+02,1.2048e+02,1.2235e+02,1.2464e+02,1.2671e+02,1.2858e+02,1.3030e+02,1.3151e+02,1.3349e+02,1.3494e+02,1.3683e+02,1.3605e+02,1.3616e+02,1.3465e+02,1.3147e+02,1.2930e+02,1.2671e+02,1.2383e+02,1.2173e+02,1.1957e+02,1.1962e+02,1.1680e+02,1.1374e+02,1.1223e+02,1.0983e+02,1.0717e+02,1.0481e+02,1.0316e+02,1.0063e+02,9.8390e+01,9.8175e+01,9.6741e+01,9.4862e+01,9.3367e+01,9.0791e+01,8.9613e+01,8.6941e+01,8.4343e+01,8.1871e+01,8.0662e+01,8.1683e+01,7.9684e+01,7.7109e+01,7.5688e+01,7.3495e+01,7.2042e+01,7.0241e+01,6.8944e+01,6.7482e+01,6.6893e+01,6.5690e+01,6.5595e+01,6.5047e+01,6.4324e+01,6.5222e+01,6.4501e+01,6.3828e+01,6.3391e+01,6.2987e+01,6.2798e+01,6.2478e+01,6.3041e+01,6.2963e+01,6.3660e+01,6.3461e+01,6.4595e+01,6.6494e+01,6.7767e+01,6.9398e+01,7.0460e+01,7.1468e+01,7.3393e+01,7.4305e+01,7.5483e+01,7.6817e+01,7.7843e+01,7.8879e+01,7.9643e+01,8.0154e+01,8.1023e+01,8.1954e+01,8.2889e+01,8.3755e+01,8.4639e+01,8.5631e+01,8.6747e+01,8.7800e+01,8.9193e+01,8.9920e+01,9.0760e+01,9.1783e+01,9.2273e+01,9.2861e+01,9.2785e+01,9.2504e+01
1.0969e+02,1.0956e+02,1.0969e+02,1.0990e+02,1.1006e+02,1.1021e+02,1.1028e+02,1.1052e+02,1.1027e+02,1.1026e+02,1.1024e+02,1.1022e+02,1.1069e+02,1.1133e+02,1.1139e+02,1.1103e+02,1.1116e+02,1.1150e+02,1.1186e+02,1.1202e+02,1.1206e+02,1.1147e+02,1.1102e+02,1.1073e+02,1.1093e+02,1.1123e+02,1.1095e+02,1.1221e+02,1.1365e+02,1.1433e+02,1.1657e+02,1.1702e+02,1.1670e+02,1.1688e+02,1.1831e+02,1.1892e+02,1.2000e+02,1.2021e+02,1.2210e+02,1.2437e+02,1.2644e+02,1.2829e+02,1.3001e+02,1.3123e+02,1.3322e+02,1.3467e+02,1.3657e+02,1.3582e+02,1.3593e+02,1.3446e+02,1.3129e+02,1.2914e+02,1.2654e+02,1.2366e+02,1.2155e+02,1.1942e+02,1.1947e+02,1.1665e+02,1.1361e+02,1.1213e+02,1.0973e+02,1.0710e+02,1.0475e+02,1.0314e+02,1.0064e+02,9.8424e+01,9.8176e+01,9.6725e+01,9.4878e+01,9.3372e+01,9.0846e+01,8.9734e+01,8.7086e+01,8.4468e+01,8.2026e+01,8.0899e+01,8.1977e+01,8.0032e+01,7.7499e+01,7.6156e+01,7.3981e+01,7.2468e+01,7.0664e+01,6.9307e+01,6.7873e+01,6.7283e+01,6.6056e+01,6.5965e+01,6.5500e+01,6.4804e+01,6.5725e+01,6.5013e+01,6.4370e+01,6.3927e+01,6.3512e+01,6.3372e+01,6.3061e+01,6.3658e+01,6.3562e+01,6.4273e+01,6.4085e+01,6.5211e+01,6.7080e+01,6.8342e+01,6.9957e+01,7.1037e+01,7.2050e+01,7.3972e+01,7.4907e+01,7.6097e+01,7.7451e+01,7.8478e+01,7.9512e+01,8.0273e+01,8.0782e+01,8.1648e+01,8.2578e+01,8.3514e+01,8.4380e+01,8.5259e+01,8.6255e+01,8.7372e+01,8.8425e+01,8.9818e+01,9.0548e+01,9.1389e+01,9.2413e+01,9.2902e+01,9.3490e+01,9.3413e+01,9.3130e+01
1.0982e+02,1.0969e+02,1.0982e+02,1.1003e+02,1.1019e+02,1.1035e+02,1.1040e+02,1.1064e+02,1.1038e+02,1.1038e+02,1.1036e+02,1.1033e+02,1.1079e+02,1.1145e+02,1.1151e+02,1.1115e+02,1.1127e+02,1.1161e+02,1.1197e+02,1.1212e+02,1.1216e+02,1.1159e+02,1.1114e+02,1.1086e+02,1.1104e+02,1.1134e+02,1.1106e+02,1.1230e+02,1.1371e+02,1.1438e+02,1.1661e+02,1.1703e+02,1.1670e+02,1.1686e+02,1.1828e+02,1.1891e+02,1.1999e+02,1.2023e+02,1.2212e+02,1.2436e+02,1.2642e+02,1.2826e+02,1.2996e+02,1.3119e+02,1.3316e+02,1.3460e+02,1.3651e+02,1.3576e+02,1.3587e+02,1.3441e+02,1.3125e+02,1.2911e+02,1.2652e+02,1.2365e+02,1.2153e+02,1.1941e+02,1.1945e+02,1.1664e+02,1.1362e+02,1.1216e+02,1.0977e+02,1.0717e+02,1.0484e+02,1.0324e+02,1.0078e+02,9.8585e+01,9.8327e+01,9.6904e+01,9.5103e+01,9.3636e+01,9.1163e+01,9.0080e+01,8.7474e+01,8.4894e+01,8.2524e+01,8.1445e+01,8.2504e+01,8.0607e+01,7.8156e+01,7.6875e+01,7.4783e+01,7.3312e+01,7.1564e+01,7.0249e+01,6.8866e+01,6.8270e+01,6.7074e+01,6.7028e+01,6.6567e+01,6.5846e+01,6.6746e+01,6.6012e+01,6.5364e+01,6.4895e+01,6.4451e+01,6.4299e+01,6.3973e+01,6.4556e+01,6.4439e+01,6.5135e+01,6.4911e+01,6.6027e+01,6.7904e+01,6.9174e+01,7.0789e+01,7.1859e+01,7.2862e+01,7.4771e+01,7.5694e+01,7.6882e+01,7.8233e+01,7.9253e+01,8.0276e+01,8.1033e+01,8.1536e+01,8.2394e+01,8.3322e+01,8.4253e+01,8.5115e+01,8.5990e+01,8.6983e+01,8.8094e+01,8.9142e+01,9.0529e+01,9.1256e+01,9.2095e+01,9.3115e+01,9.3602e+01,9.4185e+01,9.4108e+01,9.3826e+01
1.0995e+02,1.0983e+02,1.0996e+02,1.1016e+02,1.1032e+02,1.1047e+02,1.1053e+02,1.1076e+02,1.1051e+02,1.1051e+02,1.1049e+02,1.1046e+02,1.1092e+02,1.1158e+02,1.1165e+02,1.1129e+02,1.1143e+02,1.1176e+02,1.1214e+02,1.1230e+02,1.1235e+02,1.1179e+02,1.1136e+02,1.1110e+02,1.1128e+02,1.1159e+02,1.1134e+02,1.1258e+02,1.1400e+02,1.1464e+02,1.1687e+02,1.1728e+02,1.1695e+02,1.1710e+02,1.1853e+02,1.1918e+02,1.2026e+02,1.2051e+02,1.2238e+02,1.2462e+02,1.2665e+02,1.2850e+02,1.3018e+02,1.3140e+02,1.3336e+02,1.3478e+02,1.3668e+02,1.3592e+02,1.3602e+02,1.3455e+02,1.3139e+02,1.2925e+02,1.2665e+02,1.2380e+02,1.2168e+02,1.1956e+02,1.1958e+02,1.1679e+02,1.1379e+02,1.1231e+02,1.0994e+02,1.0735e+02,1.0504e+02,1.0340e+02,1.0094e+02,9.8756e+01,9.8527e+01,9.7153e+01,9.5362e+01,9.3943e+01,9.1482e+01,9.0367e+01,8.7788e+01,8.5261e+01,8.2924e+01,8.1829e+01,8.2835e+01,8.0949e+01,7.8543e+01,7.7265e+01,7.5220e+01,7.3834e+01,7.2110e+01,7.0871e+01,6.9485e+01,6.8857e+01,6.7682e+01,6.7667e+01,6.7143e+01,6.6363e+01,6.7241e+01,6.6460e+01,6.5779e+01,6.5280e+01,6.4809e+01,6.4613e+01,6.4265e+01,6.4811e+01,6.4677e+01,6.5354e+01,6.5075e+01,6.6190e+01,6.8074e+01,6.9374e+01,7.0982e+01,7.2036e+01,7.3014e+01,7.4906e+01,7.5811e+01,7.6996e+01,7.8344e+01,7.9357e+01,8.0371e+01,8.1122e+01,8.1621e+01,8.2471e+01,8.3397e+01,8.4326e+01,8.5189e+01,8.6060e+01,8.7050e+01,8.8157e+01,8.9203e+01,9.0588e+01,9.1312e+01,9.2149e+01,9.3167e+01,9.3653e+01,9.4234e+01,9.4157e+01,9.3871e+01
1.1009e+02,1.0997e+02,1.1011e+02,1.1030e+02,1.1046e+02,1.1061e+02,1.1067e+02,1.1090e+02,1.1064e+02,1.1064e+02,1.1061e+02,1.1058e+02,1.1104e+02,1.1170e+02,1.1177e+02,1.1141e+02,1.1154e+02,1.1186e+02,1.1223e+02,1.1239e+02,1.1244e+02,1.1189e+02,1.1146e+02,1.1120e+02,1.1137e+02,1.1169e+02,1.1143e+02,1.1267e+02,1.1406e+02,1.1470e+02,1.1691e+02,1.1731e+02,1.1698e+02,1.1712e+02,1.1854e+02,1.1919e+02,1.2028e+02,1.2053e+02,1.2240e+02,1.2462e+02,1.2665e+02,1.2848e+02,1.3015e+02,1.3136e+02,1.3331e+02,1.3472e+02,1.3662e+02,1.3587e+02,1.3595e+02,1.3449e+02,1.3135e+02,1.2923e+02,1.2664e+02,1.2380e+02,1.2167e+02,1.1956e+02,1.1958e+02,1.1680e+02,1.1382e+02,1.1235e+02,1.0999e+02,1.0743e+02,1.0514e+02,1.0351e+02,1.0109e+02,9.8922e+01,9.8684e+01,9.7332e+01,9.5579e+01,9.4192e+01,9.1781e+01,9.0696e+01,8.8159e+01,8.5670e+01,8.3402e+01,8.2357e+01,8.3351e+01,8.1521e+01,7.9198e+01,7.7993e+01,7.6022e+01,7.4667e+01,7.2995e+01,7.1792e+01,7.0463e+01,6.9836e+01,6.8703e+01,6.8735e+01,6.8236e+01,6.7449e+01,6.8289e+01,6.7502e+01,6.6838e+01,6.6317e+01,6.5815e+01,6.5621e+01,6.5268e+01,6.5799e+01,6.5639e+01,6.6299e+01,6.6005e+01,6.7112e+01,6.8998e+01,7.0295e+01,7.1902e+01,7.2950e+01,7.3923e+01,7.5800e+01,7.6697e+01,7.7875e+01,7.9214e+01,8.0221e+01,8.1224e+01,8.1973e+01,8.2468e+01,8.3313e+01,8.4235e+01,8.5162e+01,8.6020e+01,8.6885e+01,8.7873e+01,8.8975e+01,9.0018e+01,9.1398e+01,9.2119e+01,9.2952e+01,9.3964e+01,9.4448e+01,9.5026e+01,9.4948e+01,9.4662e+01
1.1069e+02,1.1057e+02,1.1071e+02,1.1090e+02,1.1106e+02,1.1120e+02,1.1125e+02,1.1148e+02,1.1122e+02,1.1124e+02,1.1121e+02,1.1118e+02,1.1163e+02,1.1229e+02,1.1237e+02,1.1202e+02,1.1215e+02,1.1248e+02,1.1286e+02,1.1303e+02,1.1308e+02,1.1254e+02,1.1213e+02,1.1189e+02,1.1205e+02,1.1238e+02,1.1214e+02,1.1337e+02,1.1475e+02,1.1536e+02,1.1756e+02,1.1795e+02,1.1761e+02,1.1774e+02,1.1916e+02,1.1983e+02,1.2092e+02,1.2119e+02,1.2304e+02,1.2524e+02,1.2724e+02,1.2906e+02,1.3070e+02,1.3191e+02,1.3385e+02,1.3524e+02,1.3713e+02,1.3639e+02,1.3646e+02,1.3500e+02,1.3187e+02,1.2975e+02,1.2717e+02,1.2435e+02,1.2223e+02,1.2012e+02,1.2013e+02,1.1737e+02,1.1442e+02,1.1296e+02,1.1063e+02,1.0809e+02,1.0583e+02,1.0419e+02,1.0179e+02,9.9656e+01,9.9437e+01,9.8135e+01,9.6412e+01,9.5076e+01,9.2707e+01,9.1620e+01,8.9130e+01,8.6697e+01,8.4480e+01,8.3449e+01,8.4405e+01,8.2607e+01,8.0339e+01,7.9154e+01,7.7223e+01,7.5922e+01,7.4262e+01,7.3096e+01,7.1760e+01,7.1110e+01,6.9976e+01,7.0020e+01,6.9484e+01,6.8654e+01,6.9496e+01,6.8670e+01,6.7976e+01,6.7429e+01,6.6911e+01,6.6701e+01,6.6322e+01,6.6845e+01,6.6681e+01,6.7343e+01,6.7011e+01,6.8123e+01,7.0009e+01,7.1334e+01,7.2932e+01,7.3971e+01,7.4921e+01,7.6782e+01,7.7664e+01,7.8837e+01,8.0172e+01,8.1167e+01,8.2156e+01,8.2897e+01,8.3384e+01,8.4217e+01,8.5132e+01,8.6053e+01,8.6904e+01,8.7761e+01,8.8741e+01,8.9836e+01,9.0871e+01,9.2242e+01,9.2958e+01,9.3787e+01,9.4793e+01,9.5272e+01,9.5845e+01,9.5766e+01,9.5479e+01
1.1109e+02,1.1098e+02,1.1111e+02,1.1130e+02,1.1144e+02,1.1159e+02,1.1163e+02,1.1185e+02,1.1160e+02,1.1162e+02,1.1159e+02,1.1156e+02,1.1201e+02,1.1267e+02,1.1276e+02,1.1241e+02,1.1255e+02,1.1287e+02,1.1326e+02,1.1343e+02,1.1349e+02,1.1297e+02,1.1258e+02,1.1235e+02,1.1251e+02,1.1285e+02,1.1263e+02,1.1386e+02,1.1523e+02,1.1583e+02,1.1801e+02,1.1839e+02,1.1806e+02,1.1818e+02,1.1960e+02,1.2029e+02,1.2137e+02,1.2165e+02,1.2349e+02,1.2567e+02,1.2765e+02,1.2946e+02,1.3108e+02,1.3228e+02,1.3420e+02,1.3558e+02,1.3745e+02,1.3671e+02,1.3677e+02,1.3531e+02,1.3220e+02,1.3008e+02,1.2751e+02,1.2471e+02,1.2259e+02,1.2049e+02,1.2049e+02,1.1776e+02,1.1483e+02,1.1337e+02,1.1107e+02,1.0854e+02,1.0632e+02,1.0467e+02,1.0229e+02,1.0019e+02,9.9992e+01,9.8736e+01,9.7038e+01,9.5753e+01,9.3432e+01,9.2351e+01,8.9918e+01,8.7550e+01,8.5402e+01,8.4400e+01,8.5318e+01,8.3575e+01,8.1391e+01,8.0257e+01,7.8391e+01,7.7151e+01,7.5527e+01,7.4413e+01,7.3103e+01,7.2442e+01,7.1339e+01,7.1419e+01,7.0869e+01,7.0009e+01,7.0820e+01,6.9970e+01,6.9263e+01,6.8691e+01,6.8145e+01,6.7916e+01,6.7517e+01,6.8012e+01,6.7831e+01,6.8471e+01,6.8107e+01,6.9205e+01,7.1093e+01,7.2421e+01,7.4017e+01,7.5036e+01,7.5969e+01,7.7807e+01,7.8666e+01,7.9825e+01,8.1141e+01,8.2120e+01,8.3088e+01,8.3823e+01,8.4303e+01,8.5126e+01,8.6032e+01,8.6945e+01,8.7787e+01,8.8633e+01,8.9603e+01,9.0687e+01,9.1713e+01,9.3069e+01,9.3778e+01,9.4599e+01,9.5594e+01,9.6067e+01,9.6634e+01,9.6555e+01,9.6269e+01
1.1152e+02,1.1141e+02,1.1155e+02,1.1174e+02,1.1189e+02,1.1204e+02,1.1208e+02,1.1230e+02,1.1203e+02,1.1205e+02,1.1202e+02,1.1197e+02,1.1242e+02,1.1309e+02,1.1317e+02,1.1281e+02,1.1295e+02,1.1325e+02,1.1363e+02,1.1380e+02,1.1385e+02,1.1333e+02,1.1294e+02,1.1271e+02,1.1286e+02,1.1319e+02,1.1296e+02,1.1416e+02,1.1550e+02,1.1609e+02,1.1826e+02,1.1861e+02,1.1827e+02,1.1836e+02,1.1977e+02,1.2046e+02,1.2156e+02,1.2185e+02,1.2370e+02,1.2586e+02,1.2782e+02,1.2962e+02,1.3122e+02,1.3243e+02,1.3433e+02,1.3569e+02,1.3758e+02,1.3685e+02,1.3690e+02,1.3547e+02,1.3237e+02,1.3028e+02,1.2770e+02,1.2493e+02,1.2278e+02,1.2070e+02,1.2068e+02,1.1796e+02,1.1507e+02,1.1363e+02,1.1134e+02,1.0886e+02,1.0666e+02,1.0504e+02,1.0271e+02,1.0064e+02,1.0042e+02,9.9188e+01,9.7545e+01,9.6288e+01,9.4025e+01,9.2986e+01,9.0589e+01,8.8240e+01,8.6140e+01,8.5184e+01,8.6109e+01,8.4397e+01,8.2249e+01,8.1143e+01,7.9301e+01,7.8044e+01,7.6436e+01,7.5301e+01,7.4006e+01,7.3368e+01,7.2253e+01,7.2308e+01,7.1775e+01,7.0931e+01,7.1769e+01,7.0933e+01,7.0230e+01,6.9669e+01,6.9135e+01,6.8919e+01,6.8514e+01,6.9024e+01,6.8854e+01,6.9507e+01,6.9148e+01,7.0257e+01,7.2154e+01,7.3490e+01,7.5093e+01,7.6121e+01,7.7056e+01,7.8902e+01,7.9763e+01,8.0919e+01,8.2232e+01,8.3211e+01,8.4176e+01,8.4912e+01,8.5392e+01,8.6213e+01,8.7119e+01,8.8034e+01,8.8874e+01,8.9718e+01,9.0688e+01,9.1770e+01,9.2793e+01,9.4147e+01,9.4854e+01,9.5673e+01,9.6664e+01,9.7134e+01,9.7700e+01,9.7620e+01,9.7334e+01
1.1208e+02,1.1198e+02,1.1211e+02,1.1230e+02,1.1245e+02,1.1259e+02,1.1263e+02,1.1285e+02,1.1258e+02,1.1260e+02,1.1257e+02,1.1253e+02,1.1297e+02,1.1364e+02,1.1373e+02,1.1337e+02,1.1351e+02,1.1381e+02,1.1419e+02,1.1436e+02,1.1442e+02,1.1393e+02,1.1356e+02,1.1334e+02,1.1349e+02,1.1383e+02,1.1361e+02,1.1481e+02,1.1613e+02,1.1669e+02,1.1884e+02,1.1918e+02,1.1884e+02,1.1892e+02,1.2032e+02,1.2103e+02,1.2212e+02,1.2243e+02,1.2426e+02,1.2640e+02,1.2834e+02,1.3012e+02,1.3170e+02,1.3289e+02,1.3477e+02,1.3611e+02,1.3798e+02,1.3726e+02,1.3728e+02,1.3586e+02,1.3278e+02,1.3070e+02,1.2813e+02,1.2539e+02,1.2324e+02,1.2117e+02,1.2114e+02,1.1844e+02,1.1559e+02,1.1417e+02,1.1191e+02,1.0946e+02,1.0730e+02,1.0568e+02,1.0338e+02,1.0135e+02,1.0115e+02,9.9979e+01,9.8373e+01,9.7177e+01,9.4971e+01,9.3937e+01,9.1605e+01,8.9324e+01,8.7284e+01,8.6357e+01,8.7250e+01,8.5592e+01,8.3512e+01,8.2445e+01,8.0651e+01,7.9443e+01,7.7863e+01,7.6769e+01,7.5493e+01,7.4849e+01,7.3756e+01,7.3831e+01,7.3286e+01,7.2423e+01,7.3240e+01,7.2390e+01,7.1682e+01,7.1106e+01,7.0557e+01,7.0327e+01,6.9912e+01,7.0400e+01,7.0220e+01,7.0853e+01,7.0469e+01,7.1573e+01,7.3468e+01,7.4812e+01,7.6409e+01,7.7418e+01,7.8336e+01,8.0165e+01,8.1003e+01,8.2145e+01,8.3443e+01,8.4407e+01,8.5359e+01,8.6089e+01,8.6561e+01,8.7368e+01,8.8263e+01,8.9168e+01,9.0001e+01,9.0836e+01,9.1798e+01,9.2868e+01,9.3880e+01,9.5220e+01,9.5923e+01,9.6734e+01,9.7716e+01,9.8182e+01,9.8742e+01,9.8660e+01,9.8374e+01
1.1252e+02,1.1241e+02,1.1256e+02,1.1275e+02,1.1290e+02,1.1305e+02,1.1309e+02,1.1329e+02,1.1302e+02,1.1304e+02,1.1300e+02,1.1294e+02,1.1339e+02,1.1405e+02,1.1413e+02,1.1378e+02,1.1390e+02,1.1419e+02,1.1456e+02,1.1471e+02,1.1475e+02,1.1426e+02,1.1388e+02,1.1365e+02,1.1378e+02,1.1410e+02,1.1386e+02,1.1503e+02,1.1632e+02,1.1687e+02,1.1901e+02,1.1932e+02,1.1898e+02,1.1905e+02,1.2043e+02,1.2114e+02,1.2224e+02,1.2256e+02,1.2439e+02,1.2651e+02,1.2844e+02,1.3021e+02,1.3177e+02,1.3298e+02,1.3485e+02,1.3619e+02,1.3808e+02,1.3738e+02,1.3740e+02,1.3601e+02,1.3295e+02,1.3090e+02,1.2833e+02,1.2559e+02,1.2344e+02,1.2139e+02,1.2136e+02,1.1867e+02,1.1584e+02,1.1445e+02,1.1220e+02,1.0979e+02,1.0764e+02,1.0607e+02,1.0382e+02,1.0181e+02,1.0158e+02,1.0040e+02,9.8834e+01,9.7634e+01,9.5479e+01,9.4508e+01,9.2197e+01,8.9906e+01,8.7899e+01,8.7026e+01,8.7952e+01,8.6319e+01,8.4256e+01,8.3220e+01,8.1437e+01,8.0181e+01,7.8611e+01,7.7471e+01,7.6218e+01,7.5605e+01,7.4501e+01,7.4554e+01,7.4055e+01,7.3229e+01,7.4070e+01,7.3252e+01,7.2566e+01,7.2011e+01,7.1476e+01,7.1281e+01,7.0876e+01,7.1392e+01,7.1216e+01,7.1862e+01,7.1501e+01,7.2607e+01,7.4498e+01,7.5831e+01,7.7438e+01,7.8463e+01,7.9393e+01,8.1230e+01,8.2079e+01,8.3223e+01,8.4522e+01,8.5488e+01,8.6439e+01,8.7173e+01,8.7647e+01,8.8453e+01,8.9348e+01,9.0255e+01,9.1086e+01,9.1920e+01,9.2884e+01,9.3954e+01,9.4966e+01,9.6305e+01,9.7007e+01,9.7818e+01,9.8796e+01,9.9260e+01,9.9816e+01,9.9734e+01,9.9449e+01
1.1267e+02,1.1256e+02,1.1270e+02,1.1289e+02,1.1304e+02,1.1319e+02,1.1321e+02,1.1341e+02,1.1313e+02,1.1315e+02,1.1310e+02,1.1304e+02,1.1349e+02,1.1415e+02,1.1423e+02,1.1389e+02,1.1401e+02,1.1429e+02,1.1466e+02,1.1480e+02,1.1484e+02,1.1436e+02,1.1399e+02,1.1377e+02,1.1390e+02,1.1421e+02,1.1397e+02,1.1514e+02,1.1642e+02,1.1696e+02,1.1907e+02,1.1939e+02,1.1905e+02,1.1912e+02,1.2050e+02,1.2122e+02,1.2230e+02,1.2262e+02,1.2444e+02,1.2655e+02,1.2846e+02,1.3021e+02,1.3177e+02,1.3296e+02,1.3482e+02,1.3616e+02,1.3804e+02,1.3734e+02,1.3736e+02,1.3597e+02,1.3292e+02,1.3089e+02,1.2833e+02,1.2561e+02,1.2346e+02,1.2143e+02,1.2139e+02,1.1871e+02,1.1591e+02,1.1453e+02,1.1230e+02,1.0991e+02,1.0779e+02,1.0623e+02,1.0401e+02,1.0203e+02,1.0182e+02,1.0066e+02,9.9118e+01,9.7953e+01,9.5851e+01,9.4902e+01,9.2648e+01,9.0406e+01,8.8455e+01,8.7624e+01,8.8540e+01,8.6967e+01,8.4971e+01,8.3992e+01,8.2253e+01,8.1027e+01,7.9490e+01,7.8383e+01,7.7167e+01,7.6556e+01,7.5490e+01,7.5576e+01,7.5092e+01,7.4270e+01,7.5071e+01,7.4258e+01,7.3587e+01,7.3022e+01,7.2467e+01,7.2259e+01,7.1852e+01,7.2339e+01,7.2135e+01,7.2753e+01,7.2379e+01,7.3473e+01,7.5372e+01,7.6698e+01,7.8307e+01,7.9314e+01,8.0238e+01,8.2062e+01,8.2896e+01,8.4026e+01,8.5306e+01,8.6266e+01,8.7207e+01,8.7941e+01,8.8413e+01,8.9212e+01,9.0101e+01,9.1003e+01,9.1833e+01,9.2663e+01,9.3621e+01,9.4684e+01,9.5692e+01,9.7025e+01,9.7721e+01,9.8527e+01,9.9497e+01,9.9955e+01,1.0051e+02,1.0042e+02,1.0014e+02
1.1297e+02,1.1287e+02,1.1301e+02,1.1320e+02,1.1336e+02,1.1350e+02,1.1352e+02,1.1371e+02,1.1342e+02,1.1344e+02,1.1338e+02,1.1331e+02,1.1376e+02,1.1442e+02,1.1450e+02,1.1415e+02,1.1427e+02,1.1453e+02,1.1488e+02,1.1502e+02,1.1505e+02,1.1457e+02,1.1420e+02,1.1397e+02,1.1409e+02,1.1439e+02,1.1414e+02,1.1529e+02,1.1654e+02,1.1706e+02,1.1915e+02,1.1946e+02,1.1912e+02,1.1918e+02,1.2055e+02,1.2127e+02,1.2235e+02,1.2267e+02,1.2449e+02,1.2658e+02,1.2848e+02,1.3021e+02,1.3175e+02,1.3294e+02,1.3480e+02,1.3613e+02,1.3802e+02,1.3733e+02,1.3735e+02,1.3599e+02,1.3295e+02,1.3094e+02,1.2839e+02,1.2569e+02,1.2353e+02,1.2153e+02,1.2149e+02,1.1882e+02,1.1605e+02,1.1470e+02,1.1248e+02,1.1014e+02,1.0804e+02,1.0652e+02,1.0434e+02,1.0241e+02,1.0218e+02,1.0103e+02,9.9525e+01,9.8376e+01,9.6336e+01,9.5440e+01,9.3233e+01,9.1012e+01,8.9109e+01,8.8335e+01,8.9267e+01,8.7744e+01,8.5793e+01,8.4865e+01,8.3152e+01,8.1912e+01,8.0396e+01,7.9279e+01,7.8098e+01,7.7504e+01,7.6455e+01,7.6549e+01,7.6104e+01,7.5308e+01,7.6098e+01,7.5310e+01,7.4663e+01,7.4110e+01,7.3553e+01,7.3361e+01,7.2966e+01,7.3455e+01,7.3238e+01,7.3844e+01,7.3484e+01,7.4567e+01,7.6461e+01,7.7769e+01,7.9386e+01,8.0393e+01,8.1321e+01,8.3144e+01,8.3977e+01,8.5099e+01,8.6369e+01,8.7323e+01,8.8258e+01,8.8992e+01,8.9464e+01,9.0258e+01,9.1143e+01,9.2042e+01,9.2870e+01,9.3694e+01,9.4650e+01,9.5708e+01,9.6714e+01,9.8041e+01,9.8735e+01,9.9537e+01,1.0050e+02,1.0096e+02,1.0150e+02,1.0142e+02,1.0113e+02
1.1288e+02,1.1277e+02,1.1291e+02,1.1310e+02,1.1326e+02,1.1339e+02,1.1341e+02,1.1359e+02,1.1329e+02,1.1332e+02,1.1326e+02,1.1319e+02,1.1362e+02,1.1428e+02,1.1436e+02,1.1402e+02,1.1414e+02,1.1440e+02,1.1474e+02,1.1487e+02,1.1490e+02,1.1445e+02,1.1409e+02,1.1387e+02,1.1398e+02,1.1428e+02,1.1403e+02,1.1516e+02,1.1639e+02,1.1689e+02,1.1896e+02,1.1925e+02,1.1891e+02,1.1895e+02,1.2031e+02,1.2104e+02,1.2212e+02,1.2246e+02,1.2427e+02,1.2634e+02,1.2821e+02,1.2993e+02,1.3145e+02,1.3264e+02,1.3447e+02,1.3579e+02,1.3767e+02,1.3699e+02,1.3700e+02,1.3564e+02,1.3263e+02,1.3063e+02,1.2809e+02,1.2541e+02,1.2325e+02,1.2126e+02,1.2120e+02,1.1856e+02,1.1583e+02,1.1450e+02,1.1231e+02,1.1001e+02,1.0796e+02,1.0645e+02,1.0432e+02,1.0244e+02,1.0223e+02,1.0113e+02,9.9657e+01,9.8558e+01,9.6580e+01,9.5702e+01,9.3559e+01,9.1389e+01,8.9531e+01,8.8791e+01,8.9715e+01,8.8241e+01,8.6338e+01,8.5445e+01,8.3756e+01,8.2537e+01,8.1033e+01,7.9933e+01,7.8763e+01,7.8160e+01,7.7123e+01,7.7236e+01,7.6792e+01,7.5983e+01,7.6757e+01,7.5956e+01,7.5308e+01,7.4738e+01,7.4160e+01,7.3957e+01,7.3551e+01,7.4022e+01,7.3784e+01,7.4376e+01,7.3995e+01,7.5064e+01,7.6961e+01,7.8269e+01,7.9887e+01,8.0879e+01,8.1806e+01,8.3621e+01,8.4441e+01,8.5558e+01,8.6819e+01,8.7768e+01,8.8691e+01,8.9425e+01,8.9896e+01,9.0685e+01,9.1567e+01,9.2463e+01,9.3290e+01,9.4111e+01,9.5063e+01,9.6118e+01,9.7123e+01,9.8445e+01,9.9134e+01,9.9934e+01,1.0089e+02,1.0134e+02,1.0189e+02,1.0180e+02,1.0152e+02
1.1357e+02,1.1347e+02,1.1362e+02,1.1381e+02,1.1397e+02,1.1411e+02,1.1412e+02,1.1430e+02,1.1400e+02,1.1403e+02,1.1396e+02,1.1388e+02,1.1432e+02,1.1497e+02,1.1505e+02,1.1471e+02,1.1482e+02,1.1507e+02,1.1541e+02,1.1552e+02,1.1554e+02,1.1509e+02,1.1472e+02,1.1449e+02,1.1459e+02,1.1486e+02,1.1460e+02,1.1569e+02,1.1688e+02,1.1737e+02,1.1943e+02,1.1968e+02,1.1933e+02,1.1936e+02,1.2069e+02,1.2143e+02,1.2252e+02,1.2287e+02,1.2469e+02,1.2673e+02,1.2860e+02,1.3030e+02,1.3180e+02,1.3299e+02,1.3481e+02,1.3613e+02,1.3802e+02,1.3737e+02,1.3737e+02,1.3605e+02,1.3306e+02,1.3109e+02,1.2855e+02,1.2589e+02,1.2372e+02,1.2175e+02,1.2169e+02,1.1906e+02,1.1637e+02,1.1508e+02,1.1290e+02,1.1065e+02,1.0862e+02,1.0715e+02,1.0507e+02,1.0321e+02,1.0298e+02,1.0189e+02,1.0045e+02,9.9349e+01,9.7406e+01,9.6567e+01,9.4433e+01,9.2251e+01,9.0406e+01,8.9689e+01,9.0630e+01,8.9155e+01,8.7245e+01,8.6350e+01,8.4656e+01,8.3401e+01,8.1891e+01,8.0751e+01,7.9580e+01,7.8996e+01,7.7932e+01,7.8016e+01,7.7589e+01,7.6795e+01,7.7608e+01,7.6820e+01,7.6174e+01,7.5620e+01,7.5063e+01,7.4889e+01,7.4485e+01,7.4993e+01,7.4776e+01,7.5394e+01,7.5037e+01,7.6114e+01,7.8002e+01,7.9309e+01,8.0935e+01,8.1948e+01,8.2885e+01,8.4711e+01,8.5543e+01,8.6666e+01,8.7935e+01,8.8882e+01,8.9806e+01,9.0538e+01,9.1012e+01,9.1801e+01,9.2683e+01,9.3578e+01,9.4403e+01,9.5223e+01,9.6176e+01,9.7230e+01,9.8232e+01,9.9550e+01,1.0024e+02,1.0104e+02,1.0200e+02,1.0245e+02,1.0299e+02,1.0290e+02,1.0262e+02
1.1308e+02,1.1297e+02,1.1312e+02,1.1333e+02,1.1350e+02,1.1364e+02,1.1366e+02,1.1385e+02,1.1354e+02,1.1356e+02,1.1349e+02,1.1341e+02,1.1384e+02,1.1450e+02,1.1457e+02,1.1423e+02,1.1434e+02,1.1458e+02,1.1493e+02,1.1503e+02,1.1503e+02,1.1456e+02,1.1419e+02,1.1394e+02,1.1403e+02,1.1428e+02,1.1399e+02,1.1508e+02,1.1627e+02,1.1679e+02,1.1886e+02,1.1912e+02,1.1876e+02,1.1879e+02,1.2012e+02,1.2084e+02,1.2196e+02,1.2231e+02,1.2415e+02,1.2621e+02,1.2810e+02,1.2981e+02,1.3133e+02,1.3254e+02,1.3438e+02,1.3571e+02,1.3762e+02,1.3697e+02,1.3698e+02,1.3566e+02,1.3266e+02,1.3069e+02,1.2813e+02,1.2545e+02,1.2326e+02,1.2128e+02,1.2123e+02,1.1857e+02,1.1585e+02,1.1455e+02,1.1234e+02,1.1007e+02,1.0800e+02,1.0653e+02,1.0442e+02,1.0252e+02,1.0226e+02,1.0112e+02,9.9666e+01,9.8522e+01,9.6532e+01,9.5691e+01,9.3496e+01,9.1254e+01,8.9363e+01,8.8624e+01,8.9590e+01,8.8063e+01,8.6095e+01,8.5160e+01,8.3426e+01,8.2125e+01,8.0588e+01,7.9401e+01,7.8203e+01,7.7626e+01,7.6521e+01,7.6569e+01,7.6145e+01,7.5358e+01,7.6213e+01,7.5429e+01,7.4776e+01,7.4232e+01,7.3697e+01,7.3547e+01,7.3141e+01,7.3692e+01,7.3504e+01,7.4163e+01,7.3839e+01,7.4941e+01,7.6834e+01,7.8152e+01,7.9796e+01,8.0842e+01,8.1805e+01,8.3665e+01,8.4525e+01,8.5669e+01,8.6962e+01,8.7923e+01,8.8861e+01,8.9599e+01,9.0079e+01,9.0880e+01,9.1772e+01,9.2677e+01,9.3509e+01,9.4339e+01,9.5302e+01,9.6368e+01,9.7378e+01,9.8709e+01,9.9405e+01,1.0021e+02,1.0118e+02,1.0163e+02,1.0218e+02,1.0210e+02,1.0181e+02
1.1289e+02,1.1278e+02,1.1293e+02,1.1314e+02,1.1331e+02,1.1346e+02,1.1349e+02,1.1369e+02,1.1338e+02,1.1339e+02,1.1333e+02,1.1326e+02,1.1369e+02,1.1435e+02,1.1442e+02,1.1407e+02,1.1419e+02,1.1444e+02,1.1479e+02,1.1490e+02,1.1490e+02,1.1442e+02,1.1403e+02,1.1377e+02,1.1387e+02,1.1413e+02,1.1385e+02,1.1495e+02,1.1617e+02,1.1670e+02,1.1880e+02,1.1908e+02,1.1871e+02,1.1875e+02,1.2009e+02,1.2081e+02,1.2193e+02,1.2227e+02,1.2412e+02,1.2620e+02,1.2812e+02,1.2985e+02,1.3139e+02,1.3261e+02,1.3447e+02,1.3581e+02,1.3773e+02,1.3707e+02,1.3708e+02,1.3575e+02,1.3273e+02,1.3074e+02,1.2817e+02,1.2547e+02,1.2328e+02,1.2128e+02,1.2123e+02,1.1855e+02,1.1579e+02,1.1446e+02,1.1223e+02,1.0991e+02,1.0780e+02,1.0632e+02,1.0416e+02,1.0221e+02,1.0194e+02,1.0076e+02,9.9271e+01,9.8082e+01,9.6029e+01,9.5158e+01,9.2899e+01,9.0610e+01,8.8668e+01,8.7881e+01,8.8846e+01,8.7257e+01,8.5229e+01,8.4239e+01,8.2470e+01,8.1149e+01,7.9586e+01,7.8375e+01,7.7142e+01,7.6566e+01,7.5426e+01,7.5442e+01,7.4997e+01,7.4206e+01,7.5096e+01,7.4309e+01,7.3634e+01,7.3099e+01,7.2590e+01,7.2456e+01,7.2044e+01,7.2630e+01,7.2479e+01,7.3179e+01,7.2879e+01,7.4006e+01,7.5906e+01,7.7235e+01,7.8888e+01,7.9955e+01,8.0930e+01,8.2807e+01,8.3685e+01,8.4845e+01,8.6154e+01,8.7125e+01,8.8074e+01,8.8814e+01,8.9297e+01,9.0106e+01,9.1004e+01,9.1914e+01,9.2751e+01,9.3588e+01,9.4560e+01,9.5633e+01,9.6648e+01,9.7985e+01,9.8688e+01,9.9500e+01,1.0047e+02,1.0093e+02,1.0149e+02,1.0140e+02,1.0112e+02
1.1271e+02,1.1259e+02,1.1274e+02,1.1297e+02,1.1314e+02,1.1330e+02,1.1333e+02,1.1354e+02,1.1322e+02,1.1322e+02,1.1316e+02,1.1309e+02,1.1353e+02,1.1418e+02,1.1424e+02,1.1388e+02,1.1399e+02,1.1424e+02,1.1457e+02,1.1467e+02,1.1466e+02,1.1416e+02,1.1376e+02,1.1348e+02,1.1358e+02,1.1381e+02,1.1350e+02,1.1460e+02,1.1581e+02,1.1636e+02,1.1847e+02,1.1874e+02,1.1836e+02,1.1840e+02,1.1973e+02,1.2043e+02,1.2156e+02,1.2190e+02,1.2377e+02,1.2585e+02,1.2779e+02,1.2952e+02,1.3107e+02,1.3231e+02,1.3418e+02,1.3552e+02,1.3747e+02,1.3683e+02,1.3684e+02,1.3553e+02,1.3250e+02,1.3053e+02,1.2795e+02,1.2523e+02,1.2303e+02,1.2103e+02,1.2098e+02,1.1828e+02,1.1552e+02,1.1420e+02,1.1194e+02,1.0963e+02,1.0750e+02,1.0604e+02,1.0388e+02,1.0192e+02,1.0160e+02,1.0038e+02,9.8902e+01,9.7673e+01,9.5606e+01,9.4759e+01,9.2464e+01,9.0125e+01,8.8156e+01,8.7373e+01,8.8372e+01,8.6754e+01,8.4684e+01,8.3674e+01,8.1874e+01,8.0497e+01,7.8913e+01,7.7647e+01,7.6399e+01,7.5841e+01,7.4662e+01,7.4638e+01,7.4215e+01,7.3448e+01,7.4382e+01,7.3617e+01,7.2950e+01,7.2440e+01,7.1965e+01,7.1872e+01,7.1473e+01,7.2109e+01,7.1993e+01,7.2729e+01,7.2474e+01,7.3618e+01,7.5515e+01,7.6839e+01,7.8515e+01,7.9624e+01,8.0634e+01,8.2538e+01,8.3450e+01,8.4629e+01,8.5960e+01,8.6950e+01,8.7915e+01,8.8664e+01,8.9153e+01,8.9973e+01,9.0879e+01,9.1798e+01,9.2642e+01,9.3488e+01,9.4469e+01,9.5552e+01,9.6576e+01,9.7925e+01,9.8634e+01,9.9450e+01,1.0043e+02,1.0089e+02,1.0145e+02,1.0137e+02,1.0109e+02
1.1193e+02,1.1181e+02,1.1196e+02,1.1219e+02,1.1237e+02,1.1252e+02,1.1255e+02,1.1275e+02,1.1242e+02,1.1243e+02,1.1236e+02,1.1229e+02,1.1273e+02,1.1338e+02,1.1343e+02,1.1307e+02,1.1318e+02,1.1343e+02,1.1375e+02,1.1384e+02,1.1382e+02,1.1330e+02,1.1289e+02,1.1260e+02,1.1269e+02,1.1290e+02,1.1257e+02,1.1367e+02,1.1488e+02,1.1544e+02,1.1756e+02,1.1784e+02,1.1747e+02,1.1752e+02,1.1885e+02,1.1954e+02,1.2067e+02,1.2100e+02,1.2288e+02,1.2498e+02,1.2693e+02,1.2866e+02,1.3023e+02,1.3148e+02,1.3337e+02,1.3473e+02,1.3669e+02,1.3605e+02,1.3608e+02,1.3477e+02,1.3173e+02,1.2975e+02,1.2717e+02,1.2443e+02,1.2223e+02,1.2023e+02,1.2018e+02,1.1746e+02,1.1468e+02,1.1336e+02,1.1108e+02,1.0876e+02,1.0660e+02,1.0515e+02,1.0299e+02,1.0101e+02,1.0067e+02,9.9412e+01,9.7923e+01,9.6663e+01,9.4587e+01,9.3758e+01,9.1446e+01,8.9077e+01,8.7096e+01,8.6328e+01,8.7355e+01,8.5738e+01,8.3658e+01,8.2661e+01,8.0850e+01,7.9442e+01,7.7854e+01,7.6565e+01,7.5328e+01,7.4779e+01,7.3601e+01,7.3578e+01,7.3186e+01,7.2440e+01,7.3372e+01,7.2628e+01,7.1980e+01,7.1479e+01,7.1007e+01,7.0929e+01,7.0541e+01,7.1192e+01,7.1071e+01,7.1810e+01,7.1579e+01,7.2719e+01,7.4619e+01,7.5931e+01,7.7627e+01,7.8751e+01,7.9784e+01,8.1710e+01,8.2639e+01,8.3823e+01,8.5164e+01,8.6160e+01,8.7135e+01,8.7889e+01,8.8382e+01,8.9210e+01,9.0124e+01,9.1047e+01,9.1898e+01,9.2750e+01,9.3736e+01,9.4827e+01,9.5859e+01,9.7218e+01,9.7931e+01,9.8752e+01,9.9737e+01,1.0020e+02,1.0077e+02,1.0069e+02,1.0041e+02
1.1148e+02,1.1135e+02,1.1150e+02,1.1174e+02,1.1192e+02,1.1208e+02,1.1210e+02,1.1231e+02,1.1197e+02,1.1198e+02,1.1191e+02,1.1184e+02,1.1227e+02,1.1292e+02,1.1298e+02,1.1262e+02,1.1274e+02,1.1298e+02,1.1331e+02,1.1340e+02,1.1337e+02,1.1284e+02,1.1241e+02,1.1210e+02,1.1219e+02,1.1240e+02,1.1205e+02,1.1315e+02,1.1438e+02,1.1495e+02,1.1709e+02,1.1738e+02,1.1700e+02,1.1707e+02,1.1841e+02,1.1909e+02,1.2023e+02,1.2055e+02,1.2245e+02,1.2457e+02,1.2654e+02,1.2828e+02,1.2988e+02,1.3113e+02,1.3304e+02,1.3443e+02,1.3639e+02,1.3575e+02,1.3579e+02,1.3447e+02,1.3141e+02,1.2942e+02,1.2683e+02,1.2407e+02,1.2186e+02,1.1985e+02,1.1982e+02,1.1708e+02,1.1426e+02,1.1293e+02,1.1062e+02,1.0827e+02,1.0607e+02,1.0462e+02,1.0241e+02,1.0039e+02,1.0004e+02,9.8742e+01,9.7218e+01,9.5914e+01,9.3781e+01,9.2935e+01,9.0564e+01,8.8140e+01,8.6103e+01,8.5302e+01,8.6349e+01,8.4681e+01,8.2538e+01,8.1497e+01,7.9642e+01,7.8196e+01,7.6578e+01,7.5252e+01,7.3986e+01,7.3441e+01,7.2230e+01,7.2176e+01,7.1782e+01,7.1046e+01,7.2012e+01,7.1274e+01,7.0619e+01,7.0131e+01,6.9685e+01,6.9629e+01,6.9244e+01,6.9932e+01,6.9841e+01,7.0610e+01,7.0412e+01,7.1568e+01,7.3464e+01,7.4779e+01,7.6490e+01,7.7642e+01,7.8697e+01,8.0647e+01,8.1601e+01,8.2799e+01,8.4159e+01,8.5162e+01,8.6147e+01,8.6904e+01,8.7401e+01,8.8240e+01,8.9161e+01,9.0089e+01,9.0945e+01,9.1805e+01,9.2796e+01,9.3896e+01,9.4936e+01,9.6303e+01,9.7019e+01,9.7844e+01,9.8833e+01,9.9305e+01,9.9874e+01,9.9798e+01,9.9512e+01
1.1129e+02,1.1116e+02,1.1131e+02,1.1154e+02,1.1171e+02,1.1187e+02,1.1190e+02,1.1211e+02,1.1178e+02,1.1179e+02,1.1173e+02,1.1166e+02,1.1209e+02,1.1273e+02,1.1280e+02,1.1245e+02,1.1258e+02,1.1284e+02,1.1318e+02,1.1328e+02,1.1325e+02,1.1272e+02,1.1231e+02,1.1200e+02,1.1210e+02,1.1231e+02,1.1198e+02,1.1308e+02,1.1433e+02,1.1489e+02,1.1704e+02,1.1733e+02,1.1695e+02,1.1700e+02,1.1836e+02,1.1905e+02,1.2020e+02,1.2053e+02,1.2243e+02,1.2456e+02,1.2654e+02,1.2830e+02,1.2989e+02,1.3114e+02,1.3305e+02,1.3443e+02,1.3638e+02,1.3573e+02,1.3576e+02,1.3443e+02,1.3136e+02,1.2935e+02,1.2675e+02,1.2399e+02,1.2178e+02,1.1975e+02,1.1971e+02,1.1697e+02,1.1414e+02,1.1279e+02,1.1049e+02,1.0812e+02,1.0592e+02,1.0443e+02,1.0221e+02,1.0018e+02,9.9847e+01,9.8571e+01,9.7037e+01,9.5747e+01,9.3586e+01,9.2696e+01,9.0312e+01,8.7900e+01,8.5843e+01,8.4995e+01,8.6010e+01,8.4311e+01,8.2146e+01,8.1062e+01,7.9194e+01,7.7777e+01,7.6144e+01,7.4837e+01,7.3536e+01,7.2973e+01,7.1744e+01,7.1680e+01,7.1237e+01,7.0466e+01,7.1445e+01,7.0675e+01,6.9982e+01,6.9477e+01,6.9030e+01,6.8950e+01,6.8540e+01,6.9224e+01,6.9150e+01,6.9933e+01,6.9719e+01,7.0886e+01,7.2791e+01,7.4130e+01,7.5835e+01,7.6980e+01,7.8029e+01,7.9979e+01,8.0930e+01,8.2133e+01,8.3496e+01,8.4499e+01,8.5481e+01,8.6235e+01,8.6734e+01,8.7576e+01,8.8500e+01,8.9428e+01,9.0284e+01,9.1144e+01,9.2136e+01,9.3238e+01,9.4278e+01,9.5648e+01,9.6364e+01,9.7190e+01,9.8181e+01,9.8655e+01,9.9227e+01,9.9154e+01,9.8869e+01
1.1129e+02,1.1116e+02,1.1131e+02,1.1155e+02,1.1172e+02,1.1189e+02,1.1191e+02,1.1213e+02,1.1179e+02,1.1180e+02,1.1174e+02,1.1167e+02,1.1209e+02,1.1273e+02,1.1280e+02,1.1246e+02,1.1260e+02,1.1286e+02,1.1321e+02,1.1331e+02,1.1327e+02,1.1272e+02,1.1230e+02,1.1197e+02,1.1207e+02,1.1227e+02,1.1192e+02,1.1302e+02,1.1428e+02,1.1486e+02,1.1702e+02,1.1732e+02,1.1694e+02,1.1700e+02,1.1836e+02,1.1904e+02,1.2020e+02,1.2051e+02,1.2243e+02,1.2458e+02,1.2657e+02,1.2833e+02,1.2995e+02,1.3121e+02,1.3314e+02,1.3453e+02,1.3648e+02,1.3583e+02,1.3588e+02,1.3454e+02,1.3146e+02,1.2943e+02,1.2683e+02,1.2405e+02,1.2186e+02,1.1982e+02,1.1980e+02,1.1704e+02,1.1418e+02,1.1283e+02,1.1051e+02,1.0810e+02,1.0588e+02,1.0439e+02,1.0213e+02,1.0007e+02,9.9731e+01,9.8415e+01,9.6849e+01,9.5515e+01,9.3304e+01,9.2401e+01,8.9963e+01,8.7498e+01,8.5382e+01,8.4504e+01,8.5544e+01,8.3795e+01,8.1562e+01,8.0430e+01,7.8510e+01,7.7049e+01,7.5378e+01,7.4025e+01,7.2689e+01,7.2132e+01,7.0862e+01,7.0758e+01,7.0316e+01,6.9555e+01,7.0579e+01,6.9818e+01,6.9116e+01,6.8627e+01,6.8215e+01,6.8160e+01,6.7750e+01,6.8476e+01,6.8436e+01,6.9254e+01,6.9072e+01,7.0253e+01,7.2151e+01,7.3489e+01,7.5205e+01,7.6373e+01,7.7441e+01,7.9410e+01,8.0385e+01,8.1596e+01,8.2974e+01,8.3981e+01,8.4972e+01,8.5727e+01,8.6226e+01,8.7073e+01,8.7997e+01,8.8926e+01,8.9785e+01,9.0649e+01,9.1644e+01,9.2750e+01,9.3793e+01,9.5165e+01,9.5883e+01,9.6711e+01,9.7704e+01,9.8178e+01,9.8752e+01,9.8679e+01,9.8393e+01
1.1186e+02,1.1173e+02,1.1188e+02,1.1213e+02,1.1230e+02,1.1247e+02,1.1250e+02,1.1271e+02,1.1238e+02,1.1239e+02,1.1232e+02,1.1225e+02,1.1267e+02,1.1331e+02,1.1339e+02,1.1305e+02,1.1320e+02,1.1346e+02,1.1382e+02,1.1392e+02,1.1387e+02,1.1332e+02,1.1290e+02,1.1256e+02,1.1265e+02,1.1285e+02,1.1248e+02,1.1358e+02,1.1483e+02,1.1541e+02,1.1757e+02,1.1786e+02,1.1747e+02,1.1753e+02,1.1888e+02,1.1957e+02,1.2074e+02,1.2105e+02,1.2298e+02,1.2512e+02,1.2712e+02,1.2888e+02,1.3050e+02,1.3176e+02,1.3369e+02,1.3508e+02,1.3704e+02,1.3640e+02,1.3645e+02,1.3511e+02,1.3203e+02,1.3000e+02,1.2740e+02,1.2461e+02,1.2242e+02,1.2039e+02,1.2037e+02,1.1761e+02,1.1475e+02,1.1340e+02,1.1108e+02,1.0867e+02,1.0645e+02,1.0495e+02,1.0268e+02,1.0061e+02,1.0028e+02,9.8960e+01,9.7384e+01,9.6040e+01,9.3809e+01,9.2891e+01,9.0432e+01,8.7949e+01,8.5801e+01,8.4898e+01,8.5940e+01,8.4157e+01,8.1880e+01,8.0701e+01,7.8742e+01,7.7265e+01,7.5558e+01,7.4176e+01,7.2795e+01,7.2232e+01,7.0913e+01,7.0763e+01,7.0295e+01,6.9523e+01,7.0602e+01,6.9830e+01,6.9098e+01,6.8621e+01,6.8249e+01,6.8209e+01,6.7787e+01,6.8548e+01,6.8552e+01,6.9406e+01,6.9240e+01,7.0439e+01,7.2328e+01,7.3680e+01,7.5394e+01,7.6580e+01,7.7650e+01,7.9628e+01,8.0613e+01,8.1831e+01,8.3218e+01,8.4225e+01,8.5219e+01,8.5970e+01,8.6470e+01,8.7316e+01,8.8239e+01,8.9169e+01,9.0029e+01,9.0895e+01,9.1889e+01,9.2995e+01,9.4037e+01,9.5406e+01,9.6124e+01,9.6951e+01,9.7943e+01,9.8417e+01,9.8991e+01,9.8917e+01,9.8630e+01
1.1191e+02,1.1178e+02,1.1193e+02,1.1218e+02,1.1236e+02,1.1253e+02,1.1256e+02,1.1278e+02,1.1244e+02,1.1245e+02,1.1238e+02,1.1231e+02,1.1273e+02,1.1337e+02,1.1344e+02,1.1310e+02,1.1325e+02,1.1351e+02,1.1387e+02,1.1396e+02,1.1391e+02,1.1334e+02,1.1291e+02,1.1255e+02,1.1264e+02,1.1282e+02,1.1244e+02,1.1353e+02,1.1479e+02,1.1539e+02,1.1755e+02,1.1785e+02,1.1746e+02,1.1753e+02,1.1888e+02,1.1956e+02,1.2072e+02,1.2103e+02,1.2297e+02,1.2512e+02,1.2713e+02,1.2889e+02,1.3053e+02,1.3180e+02,1.3375e+02,1.3516e+02,1.3712e+02,1.3648e+02,1.3655e+02,1.3522e+02,1.3213e+02,1.3010e+02,1.2750e+02,1.2469e+02,1.2251e+02,1.2048e+02,1.2047e+02,1.1771e+02,1.1482e+02,1.1347e+02,1.1113e+02,1.0871e+02,1.0646e+02,1.0497e+02,1.0268e+02,1.0059e+02,1.0025e+02,9.8884e+01,9.7281e+01,9.5892e+01,9.3630e+01,9.2720e+01,9.0221e+01,8.7684e+01,8.5489e+01,8.4581e+01,8.5663e+01,8.3851e+01,8.1520e+01,8.0317e+01,7.8309e+01,7.6774e+01,7.5033e+01,7.3595e+01,7.2195e+01,7.1643e+01,7.0294e+01,7.0116e+01,6.9674e+01,6.8929e+01,7.0040e+01,6.9289e+01,6.8563e+01,6.8102e+01,6.7749e+01,6.7732e+01,6.7314e+01,6.8102e+01,6.8118e+01,6.8992e+01,6.8848e+01,7.0053e+01,7.1937e+01,7.3280e+01,7.4995e+01,7.6194e+01,7.7276e+01,7.9266e+01,8.0269e+01,8.1485e+01,8.2878e+01,8.3885e+01,8.4883e+01,8.5637e+01,8.6137e+01,8.6986e+01,8.7906e+01,8.8835e+01,8.9697e+01,9.0565e+01,9.1562e+01,9.2670e+01,9.3711e+01,9.5081e+01,9.5801e+01,9.6630e+01,9.7624e+01,9.8099e+01,9.8673e+01,9.8600e+01,9.8314e+01
1.1159e+02,1.1145e+02,1.1160e+02,1.1186e+02,1.1204e+02,1.1221e+02,1.1224e+02,1.1246e+02,1.1213e+02,1.1213e+02,1.1206e+02,1.1199e+02,1.1242e+02,1.1306e+02,1.1312e+02,1.1278e+02,1.1292e+02,1.1318e+02,1.1353e+02,1.1361e+02,1.1355e+02,1.1297e+02,1.1252e+02,1.1214e+02,1.1222e+02,1.1238e+02,1.1198e+02,1.1306e+02,1.1431e+02,1.1492e+02,1.1709e+02,1.1739e+02,1.1699e+02,1.1707e+02,1.1840e+02,1.1906e+02,1.2023e+02,1.2054e+02,1.2249e+02,1.2464e+02,1.2666e+02,1.2843e+02,1.3007e+02,1.3136e+02,1.3332e+02,1.3474e+02,1.3671e+02,1.3608e+02,1.3616e+02,1.3484e+02,1.3175e+02,1.2973e+02,1.2713e+02,1.2431e+02,1.2212e+02,1.2010e+02,1.2010e+02,1.1732e+02,1.1443e+02,1.1310e+02,1.1075e+02,1.0833e+02,1.0607e+02,1.0461e+02,1.0232e+02,1.0023e+02,9.9860e+01,9.8466e+01,9.6861e+01,9.5440e+01,9.3178e+01,9.2297e+01,8.9785e+01,8.7208e+01,8.4988e+01,8.4103e+01,8.5232e+01,8.3418e+01,8.1059e+01,7.9858e+01,7.7812e+01,7.6218e+01,7.4444e+01,7.2949e+01,7.1538e+01,7.0983e+01,6.9602e+01,6.9412e+01,6.9011e+01,6.8287e+01,6.9423e+01,6.8683e+01,6.7973e+01,6.7516e+01,6.7166e+01,6.7183e+01,6.6773e+01,6.7592e+01,6.7605e+01,6.8500e+01,6.8378e+01,6.9583e+01,7.1449e+01,7.2779e+01,7.4481e+01,7.5695e+01,7.6778e+01,7.8772e+01,7.9792e+01,8.1013e+01,8.2415e+01,8.3429e+01,8.4438e+01,8.5197e+01,8.5699e+01,8.6553e+01,8.7475e+01,8.8409e+01,8.9276e+01,9.0150e+01,9.1153e+01,9.2268e+01,9.3316e+01,9.4693e+01,9.5419e+01,9.6253e+01,9.7254e+01,9.7732e+01,9.8311e+01,9.8238e+01,9.7952e+01
1.1117e+02,1.1103e+02,1.1118e+02,1.1144e+02,1.1163e+02,1.1180e+02,1.1183e+02,1.1206e+02,1.1172e+02,1.1172e+02,1.1165e+02,1.1158e+02,1.1202e+02,1.1266e+02,1.1272e+02,1.1237e+02,1.1249e+02,1.1275e+02,1.1309e+02,1.1316e+02,1.1310e+02,1.1251e+02,1.1204e+02,1.1166e+02,1.1174e+02,1.1188e+02,1.1146e+02,1.1254e+02,1.1380e+02,1.1442e+02,1.1659e+02,1.1690e+02,1.1651e+02,1.1660e+02,1.1793e+02,1.1857e+02,1.1974e+02,1.2003e+02,1.2199e+02,1.2416e+02,1.2620e+02,1.2796e+02,1.2961e+02,1.3091e+02,1.3288e+02,1.3431e+02,1.3630e+02,1.3567e+02,1.3577e+02,1.3445e+02,1.3135e+02,1.2933e+02,1.2673e+02,1.2390e+02,1.2171e+02,1.1969e+02,1.1970e+02,1.1691e+02,1.1400e+02,1.1268e+02,1.1031e+02,1.0788e+02,1.0560e+02,1.0416e+02,1.0187e+02,9.9769e+01,9.9381e+01,9.7948e+01,9.6329e+01,9.4871e+01,9.2598e+01,9.1737e+01,8.9205e+01,8.6586e+01,8.4336e+01,8.3469e+01,8.4646e+01,8.2833e+01,8.0446e+01,7.9255e+01,7.7175e+01,7.5526e+01,7.3729e+01,7.2188e+01,7.0778e+01,7.0225e+01,6.8834e+01,6.8646e+01,6.8294e+01,6.7595e+01,6.8732e+01,6.8010e+01,6.7328e+01,6.6872e+01,6.6517e+01,6.6559e+01,6.6159e+01,6.6993e+01,6.6990e+01,6.7887e+01,6.7789e+01,6.8982e+01,7.0833e+01,7.2137e+01,7.3833e+01,7.5053e+01,7.6139e+01,7.8139e+01,7.9170e+01,8.0387e+01,8.1791e+01,8.2805e+01,8.3818e+01,8.4580e+01,8.5081e+01,8.5934e+01,8.6856e+01,8.7790e+01,8.8660e+01,8.9538e+01,9.0545e+01,9.1661e+01,9.2711e+01,9.4091e+01,9.4820e+01,9.5658e+01,9.6664e+01,9.7143e+01,9.7724e+01,9.7648e+01,9.7362e+01
1.1018e+02,1.1004e+02,1.1018e+02,1.1044e+02,1.1062e+02,1.1080e+02,1.1084e+02,1.1107e+02,1.1073e+02,1.1073e+02,1.1066e+02,1.1060e+02,1.1103e+02,1.1167e+02,1.1173e+02,1.1137e+02,1.1151e+02,1.1177e+02,1.1212e+02,1.1219e+02,1.1213e+02,1.1152e+02,1.1105e+02,1.1065e+02,1.1074e+02,1.1089e+02,1.1047e+02,1.1157e+02,1.1285e+02,1.1349e+02,1.1568e+02,1.1602e+02,1.1564e+02,1.1575e+02,1.1708e+02,1.1771e+02,1.1887e+02,1.1915e+02,1.2111e+02,1.2330e+02,1.2536e+02,1.2714e+02,1.2881e+02,1.3012e+02,1.3210e+02,1.3355e+02,1.3554e+02,1.3490e+02,1.3501e+02,1.3368e+02,1.3056e+02,1.2853e+02,1.2592e+02,1.2306e+02,1.2088e+02,1.1885e+02,1.1888e+02,1.1606e+02,1.1313e+02,1.1179e+02,1.0940e+02,1.0694e+02,1.0462e+02,1.0318e+02,1.0084e+02,9.8714e+01,9.8331e+01,9.6861e+01,9.5193e+01,9.3691e+01,9.1367e+01,9.0488e+01,8.7914e+01,8.5249e+01,8.2936e+01,8.2043e+01,8.3250e+01,8.1405e+01,7.8956e+01,7.7731e+01,7.5588e+01,7.3895e+01,7.2047e+01,7.0463e+01,6.9015e+01,6.8453e+01,6.7028e+01,6.6821e+01,6.6482e+01,6.5794e+01,6.6956e+01,6.6240e+01,6.5566e+01,6.5121e+01,6.4777e+01,6.4846e+01,6.4460e+01,6.5323e+01,6.5326e+01,6.6243e+01,6.6169e+01,6.7365e+01,6.9195e+01,7.0494e+01,7.2180e+01,7.3418e+01,7.4509e+01,7.6514e+01,7.7565e+01,7.8793e+01,8.0214e+01,8.1238e+01,8.2265e+01,8.3034e+01,8.3540e+01,8.4402e+01,8.5331e+01,8.6271e+01,8.7150e+01,8.8036e+01,8.9055e+01,9.0184e+01,9.1244e+01,9.2637e+01,9.3373e+01,9.4218e+01,9.5234e+01,9.5719e+01,9.6308e+01,9.6235e+01,9.5950e+01
1.0991e+02,1.0976e+02,1.0990e+02,1.1017e+02,1.1035e+02,1.1053e+02,1.1057e+02,1.1081e+02,1.1048e+02,1.1047e+02,1.1040e+02,1.1034e+02,1.1077e+02,1.1141e+02,1.1146e+02,1.1111e+02,1.1124e+02,1.1150e+02,1.1185e+02,1.1193e+02,1.1186e+02,1.1125e+02,1.1077e+02,1.1037e+02,1.1046e+02,1.1061e+02,1.1019e+02,1.1128e+02,1.1256e+02,1.1322e+02,1.1541e+02,1.1575e+02,1.1537e+02,1.1549e+02,1.1682e+02,1.1744e+02,1.1860e+02,1.1888e+02,1.2085e+02,1.2304e+02,1.2510e+02,1.2689e+02,1.2857e+02,1.2988e+02,1.3187e+02,1.3332e+02,1.3531e+02,1.3468e+02,1.3479e+02,1.3346e+02,1.3033e+02,1.2830e+02,1.2568e+02,1.2282e+02,1.2063e+02,1.1859e+02,1.1862e+02,1.1581e+02,1.1286e+02,1.1152e+02,1.0913e+02,1.0666e+02,1.0434e+02,1.0289e+02,1.0054e+02,9.8404e+01,9.8023e+01,9.6539e+01,9.4856e+01,9.3336e+01,9.0998e+01,9.0114e+01,8.7526e+01,8.4841e+01,8.2493e+01,8.1594e+01,8.2822e+01,8.0965e+01,7.8482e+01,7.7235e+01,7.5048e+01,7.3332e+01,7.1437e+01,6.9822e+01,6.8331e+01,6.7741e+01,6.6271e+01,6.6046e+01,6.5706e+01,6.5002e+01,6.6202e+01,6.5469e+01,6.4781e+01,6.4331e+01,6.3999e+01,6.4081e+01,6.3688e+01,6.4576e+01,6.4595e+01,6.5542e+01,6.5474e+01,6.6680e+01,6.8495e+01,6.9805e+01,7.1469e+01,7.2725e+01,7.3812e+01,7.5816e+01,7.6886e+01,7.8125e+01,7.9561e+01,8.0596e+01,8.1633e+01,8.2405e+01,8.2915e+01,8.3784e+01,8.4716e+01,8.5664e+01,8.6550e+01,8.7442e+01,8.8468e+01,8.9607e+01,9.0673e+01,9.2077e+01,9.2818e+01,9.3669e+01,9.4692e+01,9.5183e+01,9.5779e+01,9.5709e+01,9.5423e+01
1.0934e+02,1.0919e+02,1.0933e+02,1.0960e+02,1.0979e+02,1.0997e+02,1.1002e+02,1.1026e+02,1.0993e+02,1.0991e+02,1.0985e+02,1.0978e+02,1.1021e+02,1.1085e+02,1.1090e+02,1.1054e+02,1.1066e+02,1.1093e+02,1.1127e+02,1.1134e+02,1.1127e+02,1.1065e+02,1.1015e+02,1.0974e+02,1.0983e+02,1.0997e+02,1.0954e+02,1.1064e+02,1.1192e+02,1.1260e+02,1.1480e+02,1.1515e+02,1.1478e+02,1.1491e+02,1.1624e+02,1.1685e+02,1.1800e+02,1.1827e+02,1.2024e+02,1.2244e+02,1.2452e+02,1.2631e+02,1.2801e+02,1.2932e+02,1.3133e+02,1.3279e+02,1.3479e+02,1.3416e+02,1.3428e+02,1.3295e+02,1.2982e+02,1.2779e+02,1.2517e+02,1.2229e+02,1.2010e+02,1.1806e+02,1.1810e+02,1.1528e+02,1.1231e+02,1.1098e+02,1.0858e+02,1.0609e+02,1.0375e+02,1.0232e+02,9.9948e+01,9.7803e+01,9.7412e+01,9.5892e+01,9.4185e+01,9.2625e+01,9.0268e+01,8.9396e+01,8.6785e+01,8.4063e+01,8.1677e+01,8.0781e+01,8.2049e+01,8.0184e+01,7.7664e+01,7.6408e+01,7.4171e+01,7.2406e+01,7.0466e+01,6.8799e+01,6.7278e+01,6.6675e+01,6.5165e+01,6.4924e+01,6.4617e+01,6.3923e+01,6.5151e+01,6.4422e+01,6.3742e+01,6.3298e+01,6.2975e+01,6.3093e+01,6.2708e+01,6.3632e+01,6.3658e+01,6.4628e+01,6.4589e+01,6.5795e+01,6.7584e+01,6.8881e+01,7.0531e+01,7.1806e+01,7.2900e+01,7.4908e+01,7.6002e+01,7.7247e+01,7.8697e+01,7.9739e+01,8.0784e+01,8.1563e+01,8.2081e+01,8.2960e+01,8.3898e+01,8.4853e+01,8.5743e+01,8.6643e+01,8.7680e+01,8.8829e+01,8.9902e+01,9.1318e+01,9.2068e+01,9.2926e+01,9.3959e+01,9.4457e+01,9.5061e+01,9.4993e+01,9.4706e+01
1.0853e+02,1.0838e+02,1.0853e+02,1.0880e+02,1.0899e+02,1.0917e+02,1.0923e+02,1.0949e+02,1.0916e+02,1.0914e+02,1.0908e+02,1.0901e+02,1.0945e+02,1.1009e+02,1.1013e+02,1.0977e+02,1.0989e+02,1.1017e+02,1.1052e+02,1.1061e+02,1.1055e+02,1.0993e+02,1.0943e+02,1.0903e+02,1.0913e+02,1.0929e+02,1.0887e+02,1.0999e+02,1.1130e+02,1.1199e+02,1.1421e+02,1.1458e+02,1.1421e+02,1.1435e+02,1.1570e+02,1.1631e+02,1.1746e+02,1.1773e+02,1.1969e+02,1.2191e+02,1.2400e+02,1.2581e+02,1.2752e+02,1.2883e+02,1.3084e+02,1.3231e+02,1.3430e+02,1.3366e+02,1.3378e+02,1.3242e+02,1.2926e+02,1.2721e+02,1.2458e+02,1.2168e+02,1.1949e+02,1.1743e+02,1.1748e+02,1.1464e+02,1.1165e+02,1.1028e+02,1.0787e+02,1.0534e+02,1.0299e+02,1.0152e+02,9.9106e+01,9.6931e+01,9.6561e+01,9.5038e+01,9.3292e+01,9.1721e+01,8.9310e+01,8.8388e+01,8.5745e+01,8.3008e+01,8.0564e+01,7.9619e+01,8.0883e+01,7.8982e+01,7.6409e+01,7.5102e+01,7.2807e+01,7.1046e+01,6.9046e+01,6.7374e+01,6.5786e+01,6.5138e+01,6.3585e+01,6.3331e+01,6.2980e+01,6.2245e+01,6.3502e+01,6.2738e+01,6.2030e+01,6.1576e+01,6.1265e+01,6.1376e+01,6.0979e+01,6.1916e+01,6.1961e+01,6.2956e+01,6.2919e+01,6.4137e+01,6.5915e+01,6.7229e+01,6.8870e+01,7.0159e+01,7.1248e+01,7.3262e+01,7.4370e+01,7.5630e+01,7.7098e+01,7.8152e+01,7.9206e+01,7.9990e+01,8.0514e+01,8.1401e+01,8.2348e+01,8.3311e+01,8.4210e+01,8.5118e+01,8.6165e+01,8.7327e+01,8.8409e+01,8.9838e+01,9.0594e+01,9.1460e+01,9.2502e+01,9.3005e+01,9.3617e+01,9.3552e+01,9.3264e+01
1.0830e+02,1.0815e+02,1.0829e+02,1.0857e+02,1.0877e+02,1.0895e+02,1.0902e+02,1.0929e+02,1.0897e+02,1.0893e+02,1.0887e+02,1.0880e+02,1.0924e+02,1.0988e+02,1.0992e+02,1.0955e+02,1.0967e+02,1.0995e+02,1.1030e+02,1.1039e+02,1.1033e+02,1.0970e+02,1.0918e+02,1.0879e+02,1.0887e+02,1.0903e+02,1.0861e+02,1.0972e+02,1.1103e+02,1.1173e+02,1.1396e+02,1.1432e+02,1.1395e+02,1.1410e+02,1.1544e+02,1.1604e+02,1.1719e+02,1.1746e+02,1.1943e+02,1.2164e+02,1.2374e+02,1.2555e+02,1.2726e+02,1.2858e+02,1.3059e+02,1.3206e+02,1.3406e+02,1.3343e+02,1.3355e+02,1.3219e+02,1.2904e+02,1.2699e+02,1.2435e+02,1.2144e+02,1.1925e+02,1.1719e+02,1.1724e+02,1.1440e+02,1.1141e+02,1.1005e+02,1.0763e+02,1.0510e+02,1.0274e+02,1.0128e+02,9.8861e+01,9.6684e+01,9.6309e+01,9.4773e+01,9.3022e+01,9.1434e+01,8.9018e+01,8.8101e+01,8.5454e+01,8.2705e+01,8.0243e+01,7.9300e+01,8.0582e+01,7.8682e+01,7.6095e+01,7.4785e+01,7.2462e+01,7.0685e+01,6.8650e+01,6.6956e+01,6.5336e+01,6.4657e+01,6.3066e+01,6.2808e+01,6.2462e+01,6.1705e+01,6.2989e+01,6.2205e+01,6.1483e+01,6.1022e+01,6.0723e+01,6.0852e+01,6.0449e+01,6.1415e+01,6.1477e+01,6.2499e+01,6.2478e+01,6.3699e+01,6.5450e+01,6.6761e+01,6.8381e+01,6.9687e+01,7.0779e+01,7.2788e+01,7.3915e+01,7.5185e+01,7.6669e+01,7.7727e+01,7.8786e+01,7.9569e+01,8.0100e+01,8.0992e+01,8.1942e+01,8.2910e+01,8.3813e+01,8.4726e+01,8.5779e+01,8.6950e+01,8.8036e+01,8.9474e+01,9.0237e+01,9.1106e+01,9.2156e+01,9.2664e+01,9.3283e+01,9.3220e+01,9.2932e+01
1.0753e+02,1.0737e+02,1.0752e+02,1.0781e+02,1.0801e+02,1.0820e+02,1.0827e+02,1.0855e+02,1.0822e+02,1.0818e+02,1.0812e+02,1.0805e+02,1.0848e+02,1.0912e+02,1.0915e+02,1.0878e+02,1.0889e+02,1.0917e+02,1.0951e+02,1.0960e+02,1.0953e+02,1.0889e+02,1.0837e+02,1.0796e+02,1.0804e+02,1.0819e+02,1.0775e+02,1.0886e+02,1.1018e+02,1.1089e+02,1.1313e+02,1.1350e+02,1.1313e+02,1.1330e+02,1.1464e+02,1.1523e+02,1.1637e+02,1.1664e+02,1.1861e+02,1.2085e+02,1.2295e+02,1.2478e+02,1.2650e+02,1.2782e+02,1.2985e+02,1.3133e+02,1.3334e+02,1.3271e+02,1.3283e+02,1.3148e+02,1.2831e+02,1.2626e+02,1.2361e+02,1.2069e+02,1.1850e+02,1.1643e+02,1.1649e+02,1.1364e+02,1.1063e+02,1.0927e+02,1.0684e+02,1.0430e+02,1.0192e+02,1.0046e+02,9.8028e+01,9.5838e+01,9.5457e+01,9.3893e+01,9.2120e+01,9.0501e+01,8.8064e+01,8.7147e+01,8.4482e+01,8.1703e+01,7.9200e+01,7.8259e+01,7.9577e+01,7.7674e+01,7.5055e+01,7.3740e+01,7.1368e+01,6.9552e+01,6.7466e+01,6.5731e+01,6.4076e+01,6.3365e+01,6.1736e+01,6.1479e+01,6.1160e+01,6.0395e+01,6.1697e+01,6.0905e+01,6.0188e+01,5.9722e+01,5.9426e+01,5.9587e+01,5.9189e+01,6.0189e+01,6.0258e+01,6.1301e+01,6.1312e+01,6.2527e+01,6.4244e+01,6.5540e+01,6.7149e+01,6.8473e+01,6.9575e+01,7.1595e+01,7.2748e+01,7.4031e+01,7.5533e+01,7.6600e+01,7.7674e+01,7.8461e+01,7.8994e+01,7.9896e+01,8.0852e+01,8.1828e+01,8.2736e+01,8.3656e+01,8.4720e+01,8.5902e+01,8.6997e+01,8.8448e+01,8.9219e+01,9.0096e+01,9.1156e+01,9.1669e+01,9.2297e+01,9.2235e+01,9.1948e+01
1.0636e+02,1.0620e+02,1.0635e+02,1.0664e+02,1.0684e+02,1.0704e+02,1.0712e+02,1.0740e+02,1.0708e+02,1.0704e+02,1.0698e+02,1.0691e+02,1.0735e+02,1.0800e+02,1.0802e+02,1.0765e+02,1.0776e+02,1.0805e+02,1.0840e+02,1.0851e+02,1.0845e+02,1.0781e+02,1.0729e+02,1.0689e+02,1.0699e+02,1.0716e+02,1.0674e+02,1.0788e+02,1.0922e+02,1.0995e+02,1.1221e+02,1.1260e+02,1.1225e+02,1.1243e+02,1.1379e+02,1.1439e+02,1.1553e+02,1.1578e+02,1.1777e+02,1.2003e+02,1.2214e+02,1.2400e+02,1.2574e+02,1.2705e+02,1.2909e+02,1.3057e+02,1.3258e+02,1.3192e+02,1.3205e+02,1.3066e+02,1.2747e+02,1.2539e+02,1.2272e+02,1.1978e+02,1.1759e+02,1.1549e+02,1.1556e+02,1.1269e+02,1.0963e+02,1.0824e+02,1.0579e+02,1.0319e+02,1.0079e+02,9.9288e+01,9.6796e+01,9.4567e+01,9.4210e+01,9.2637e+01,9.0814e+01,8.9179e+01,8.6670e+01,8.5689e+01,8.2981e+01,8.0184e+01,7.7609e+01,7.6602e+01,7.7916e+01,7.5971e+01,7.3287e+01,7.1915e+01,6.9472e+01,6.7661e+01,6.5508e+01,6.3770e+01,6.2042e+01,6.1277e+01,5.9611e+01,5.9348e+01,5.8982e+01,5.8173e+01,5.9484e+01,5.8655e+01,5.7912e+01,5.7427e+01,5.7126e+01,5.7273e+01,5.6863e+01,5.7867e+01,5.7939e+01,5.8996e+01,5.9006e+01,6.0228e+01,6.1943e+01,6.3252e+01,6.4865e+01,6.6198e+01,6.7301e+01,6.9339e+01,7.0505e+01,7.1802e+01,7.3322e+01,7.4403e+01,7.5493e+01,7.6290e+01,7.6825e+01,7.7738e+01,7.8707e+01,7.9697e+01,8.0615e+01,8.1547e+01,8.2627e+01,8.3824e+01,8.4933e+01,8.6402e+01,8.7181e+01,8.8068e+01,8.9142e+01,8.9660e+01,9.0296e+01,9.0236e+01,8.9948e+01
1.0517e+02,1.0500e+02,1.0515e+02,1.0545e+02,1.0565e+02,1.0585e+02,1.0593e+02,1.0622e+02,1.0590e+02,1.0585e+02,1.0580e+02,1.0573e+02,1.0618e+02,1.0682e+02,1.0684e+02,1.0646e+02,1.0657e+02,1.0685e+02,1.0720e+02,1.0732e+02,1.0726e+02,1.0662e+02,1.0610e+02,1.0570e+02,1.0581e+02,1.0599e+02,1.0557e+02,1.0673e+02,1.0810e+02,1.0884e+02,1.1112e+02,1.1154e+02,1.1120e+02,1.1140e+02,1.1278e+02,1.1338e+02,1.1451e+02,1.1475e+02,1.1673e+02,1.1902e+02,1.2115e+02,1.2303e+02,1.2479e+02,1.2610e+02,1.2814e+02,1.2963e+02,1.3163e+02,1.3096e+02,1.3109e+02,1.2968e+02,1.2648e+02,1.2437e+02,1.2170e+02,1.1874e+02,1.1655e+02,1.1443e+02,1.1450e+02,1.1161e+02,1.0852e+02,1.0710e+02,1.0463e+02,1.0200e+02,9.9568e+01,9.8052e+01,9.5523e+01,9.3261e+01,9.2910e+01,9.1317e+01,8.9457e+01,8.7798e+01,8.5237e+01,8.4219e+01,8.1477e+01,7.8659e+01,7.6028e+01,7.4981e+01,7.6303e+01,7.4331e+01,7.1598e+01,7.0194e+01,6.7694e+01,6.5867e+01,6.3666e+01,6.1909e+01,6.0138e+01,5.9350e+01,5.7664e+01,5.7393e+01,5.7023e+01,5.6214e+01,5.7524e+01,5.6697e+01,5.5967e+01,5.5486e+01,5.5187e+01,5.5345e+01,5.4951e+01,5.5966e+01,5.6033e+01,5.7093e+01,5.7128e+01,5.8340e+01,6.0043e+01,6.1336e+01,6.2959e+01,6.4310e+01,6.5434e+01,6.7496e+01,6.8685e+01,6.9998e+01,7.1542e+01,7.2633e+01,7.3742e+01,7.4547e+01,7.5083e+01,7.6006e+01,7.6985e+01,7.7985e+01,7.8911e+01,7.9854e+01,8.0950e+01,8.2162e+01,8.3285e+01,8.4770e+01,8.5557e+01,8.6455e+01,8.7538e+01,8.8063e+01,8.8705e+01,8.8645e+01,8.8356e+01
1.0392e+02,1.0375e+02,1.0391e+02,1.0420e+02,1.0442e+02,1.0461e+02,1.0471e+02,1.0500e+02,1.0467e+02,1.0462e+02,1.0456e+02,1.0450e+02,1.0495e+02,1.0561e+02,1.0561e+02,1.0522e+02,1.0532e+02,1.0560e+02,1.0594e+02,1.0607e+02,1.0602e+02,1.0538e+02,1.0486e+02,1.0448e+02,1.0460e+02,1.0479e+02,1.0437e+02,1.0555e+02,1.0695e+02,1.0769e+02,1.0998e+02,1.1040e+02,1.1006e+02,1.1026e+02,1.1167e+02,1.1227e+02,1.1340e+02,1.1364e+02,1.1562e+02,1.1793e+02,1.2007e+02,1.2195e+02,1.2372e+02,1.2502e+02,1.2707e+02,1.2856e+02,1.3056e+02,1.2987e+02,1.2999e+02,1.2857e+02,1.2535e+02,1.2324e+02,1.2055e+02,1.1758e+02,1.1539e+02,1.1324e+02,1.1330e+02,1.1040e+02,1.0729e+02,1.0584e+02,1.0335e+02,1.0070e+02,9.8247e+01,9.6706e+01,9.4161e+01,9.1869e+01,9.1514e+01,8.9921e+01,8.8054e+01,8.6396e+01,8.3800e+01,8.2746e+01,7.9979e+01,7.7157e+01,7.4505e+01,7.3418e+01,7.4723e+01,7.2722e+01,6.9966e+01,6.8535e+01,6.6023e+01,6.4203e+01,6.2002e+01,6.0257e+01,5.8484e+01,5.7706e+01,5.6043e+01,5.5774e+01,5.5390e+01,5.4600e+01,5.5881e+01,5.5071e+01,5.4365e+01,5.3891e+01,5.3579e+01,5.3716e+01,5.3344e+01,5.4335e+01,5.4383e+01,5.5416e+01,5.5453e+01,5.6660e+01,5.8387e+01,5.9680e+01,6.1336e+01,6.2689e+01,6.3835e+01,6.5923e+01,6.7118e+01,6.8447e+01,7.0010e+01,7.1114e+01,7.2241e+01,7.3056e+01,7.3596e+01,7.4531e+01,7.5523e+01,7.6537e+01,7.7473e+01,7.8431e+01,7.9541e+01,8.0768e+01,8.1906e+01,8.3408e+01,8.4202e+01,8.5108e+01,8.6203e+01,8.6731e+01,8.7379e+01,8.7316e+01,8.7025e+01
1.0275e+02,1.0258e+02,1.0273e+02,1.0303e+02,1.0325e+02,1.0344e+02,1.0354e+02,1.0383e+02,1.0351e+02,1.0345e+02,1.0340e+02,1.0334e+02,1.0380e+02,1.0445e+02,1.0445e+02,1.0406e+02,1.0415e+02,1.0443e+02,1.0477e+02,1.0490e+02,1.0486e+02,1.0420e+02,1.0368e+02,1.0330e+02,1.0343e+02,1.0363e+02,1.0320e+02,1.0440e+02,1.0582e+02,1.0657e+02,1.0887e+02,1.0931e+02,1.0898e+02,1.0920e+02,1.1063e+02,1.1122e+02,1.1235e+02,1.1257e+02,1.1455e+02,1.1688e+02,1.1904e+02,1.2094e+02,1.2273e+02,1.2403e+02,1.2608e+02,1.2758e+02,1.2959e+02,1.2889e+02,1.2901e+02,1.2757e+02,1.2434e+02,1.2221e+02,1.1951e+02,1.1653e+02,1.1434e+02,1.1217e+02,1.1224e+02,1.0931e+02,1.0618e+02,1.0471e+02,1.0220e+02,9.9527e+01,9.7043e+01,9.5492e+01,9.2919e+01,9.0601e+01,9.0250e+01,8.8634e+01,8.6733e+01,8.5048e+01,8.2409e+01,8.1330e+01,7.8537e+01,7.5691e+01,7.2985e+01,7.1873e+01,7.3200e+01,7.1187e+01,6.8389e+01,6.6942e+01,6.4371e+01,6.2525e+01,6.0269e+01,5.8496e+01,5.6681e+01,5.5867e+01,5.4181e+01,5.3918e+01,5.3555e+01,5.2766e+01,5.4037e+01,5.3227e+01,5.2543e+01,5.2063e+01,5.1739e+01,5.1904e+01,5.1553e+01,5.2560e+01,5.2590e+01,5.3622e+01,5.3692e+01,5.4878e+01,5.6574e+01,5.7835e+01,5.9490e+01,6.0863e+01,6.2025e+01,6.4130e+01,6.5351e+01,6.6695e+01,6.8277e+01,6.9389e+01,7.0527e+01,7.1351e+01,7.1895e+01,7.2844e+01,7.3846e+01,7.4872e+01,7.5817e+01,7.6786e+01,7.7910e+01,7.9151e+01,8.0308e+01,8.1827e+01,8.2629e+01,8.3545e+01,8.4653e+01,8.5188e+01,8.5846e+01,8.5783e+01,8.5490e+01
1.0163e+02,1.0146e+02,1.0161e+02,1.0191e+02,1.0213e+02,1.0233e+02,1.0243e+02,1.0273e+02,1.0241e+02,1.0235e+02,1.0230e+02,1.0225e+02,1.0270e+02,1.0336e+02,1.0336e+02,1.0297e+02,1.0307e+02,1.0337e+02,1.0371e+02,1.0388e+02,1.0384e+02,1.0318e+02,1.0268e+02,1.0231e+02,1.0245e+02,1.0266e+02,1.0226e+02,1.0348e+02,1.0493e+02,1.0568e+02,1.0800e+02,1.0845e+02,1.0813e+02,1.0836e+02,1.0982e+02,1.1042e+02,1.1155e+02,1.1176e+02,1.1375e+02,1.1610e+02,1.1826e+02,1.2019e+02,1.2199e+02,1.2327e+02,1.2534e+02,1.2683e+02,1.2882e+02,1.2810e+02,1.2822e+02,1.2674e+02,1.2350e+02,1.2133e+02,1.1862e+02,1.1564e+02,1.1345e+02,1.1124e+02,1.1131e+02,1.0838e+02,1.0521e+02,1.0371e+02,1.0119e+02,9.8472e+01,9.5973e+01,9.4372e+01,9.1751e+01,8.9402e+01,8.9086e+01,8.7481e+01,8.5535e+01,8.3853e+01,8.1151e+01,7.9995e+01,7.7174e+01,7.4334e+01,7.1565e+01,7.0378e+01,7.1681e+01,6.9629e+01,6.6776e+01,6.5265e+01,6.2628e+01,6.0819e+01,5.8499e+01,5.6755e+01,5.4854e+01,5.3982e+01,5.2271e+01,5.2001e+01,5.1557e+01,5.0720e+01,5.1992e+01,5.1143e+01,5.0429e+01,4.9939e+01,4.9616e+01,4.9748e+01,4.9392e+01,5.0386e+01,5.0423e+01,5.1454e+01,5.1519e+01,5.2708e+01,5.4400e+01,5.5682e+01,5.7341e+01,5.8710e+01,5.9871e+01,6.1992e+01,6.3218e+01,6.4576e+01,6.6172e+01,6.7297e+01,6.8448e+01,6.9284e+01,6.9840e+01,7.0801e+01,7.1815e+01,7.2853e+01,7.3811e+01,7.4795e+01,7.5932e+01,7.7190e+01,7.8362e+01,7.9901e+01,8.0713e+01,8.1640e+01,8.2763e+01,8.3303e+01,8.3971e+01,8.3909e+01,8.3615e+01
1.0059e+02,1.0041e+02,1.0057e+02,1.0087e+02,1.0109e+02,1.0130e+02,1.0140e+02,1.0171e+02,1.0139e+02,1.0133e+02,1.0128e+02,1.0124e+02,1.0169e+02,1.0234e+02,1.0234e+02,1.0195e+02,1.0204e+02,1.0235e+02,1.0269e+02,1.0287e+02,1.0283e+02,1.0217e+02,1.0166e+02,1.0129e+02,1.0144e+02,1.0166e+02,1.0125e+02,1.0249e+02,1.0395e+02,1.0471e+02,1.0704e+02,1.0751e+02,1.0720e+02,1.0744e+02,1.0892e+02,1.0952e+02,1.1064e+02,1.1084e+02,1.1283e+02,1.1521e+02,1.1738e+02,1.1934e+02,1.2115e+02,1.2243e+02,1.2451e+02,1.2601e+02,1.2800e+02,1.2727e+02,1.2739e+02,1.2590e+02,1.2264e+02,1.2045e+02,1.1774e+02,1.1473e+02,1.1255e+02,1.1033e+02,1.1041e+02,1.0746e+02,1.0426e+02,1.0273e+02,1.0019e+02,9.7440e+01,9.4917e+01,9.3297e+01,9.0639e+01,8.8262e+01,8.7961e+01,8.6339e+01,8.4352e+01,8.2649e+01,7.9893e+01,7.8693e+01,7.5844e+01,7.2989e+01,7.0153e+01,6.8921e+01,7.0235e+01,6.8163e+01,6.5256e+01,6.3711e+01,6.0995e+01,5.9179e+01,5.6779e+01,5.5021e+01,5.3038e+01,5.2100e+01,5.0345e+01,5.0068e+01,4.9606e+01,4.8744e+01,5.0019e+01,4.9147e+01,4.8425e+01,4.7921e+01,4.7602e+01,4.7739e+01,4.7385e+01,4.8391e+01,4.8426e+01,4.9463e+01,4.9554e+01,5.0727e+01,5.2394e+01,5.3661e+01,5.5323e+01,5.6704e+01,5.7880e+01,6.0023e+01,6.1273e+01,6.2643e+01,6.4258e+01,6.5390e+01,6.6555e+01,6.7403e+01,6.7964e+01,6.8942e+01,6.9969e+01,7.1023e+01,7.1993e+01,7.2992e+01,7.4146e+01,7.5421e+01,7.6612e+01,7.8175e+01,7.9000e+01,7.9943e+01,8.1084e+01,8.1632e+01,8.2312e+01,8.2251e+01,8.1956e+01
9.9245e+01,9.9071e+01,9.9224e+01,9.9533e+01,9.9762e+01,9.9971e+01,1.0008e+02,1.0038e+02,1.0006e+02,9.9997e+01,9.9948e+01,9.9907e+01,1.0036e+02,1.0101e+02,1.0100e+02,1.0061e+02,1.0069e+02,1.0099e+02,1.0133e+02,1.0152e+02,1.0149e+02,1.0082e+02,1.0032e+02,9.9955e+01,1.0011e+02,1.0034e+02,9.9931e+01,1.0118e+02,1.0267e+02,1.0342e+02,1.0576e+02,1.0626e+02,1.0594e+02,1.0620e+02,1.0769e+02,1.0831e+02,1.0942e+02,1.0962e+02,1.1161e+02,1.1402e+02,1.1620e+02,1.1817e+02,1.2000e+02,1.2126e+02,1.2335e+02,1.2485e+02,1.2683e+02,1.2608e+02,1.2620e+02,1.2469e+02,1.2143e+02,1.1922e+02,1.1649e+02,1.1348e+02,1.1130e+02,1.0905e+02,1.0913e+02,1.0617e+02,1.0294e+02,1.0139e+02,9.8833e+01,9.6050e+01,9.3505e+01,9.1862e+01,8.9176e+01,8.6770e+01,8.6482e+01,8.4856e+01,8.2839e+01,8.1130e+01,7.8327e+01,7.7079e+01,7.4207e+01,7.1349e+01,6.8465e+01,6.7185e+01,6.8493e+01,6.6400e+01,6.3454e+01,6.1875e+01,5.9107e+01,5.7302e+01,5.4860e+01,5.3114e+01,5.1084e+01,5.0120e+01,4.8371e+01,4.8090e+01,4.7607e+01,4.6763e+01,4.7999e+01,4.7144e+01,4.6449e+01,4.5950e+01,4.5626e+01,4.5748e+01,4.5416e+01,4.6400e+01,4.6414e+01,4.7423e+01,4.7535e+01,4.8691e+01,5.0358e+01,5.1618e+01,5.3306e+01,5.4693e+01,5.5888e+01,5.8063e+01,5.9330e+01,6.0713e+01,6.2346e+01,6.3489e+01,6.4667e+01,6.5531e+01,6.6104e+01,6.7097e+01,6.8141e+01,6.9212e+01,7.0198e+01,7.1214e+01,7.2383e+01,7.3674e+01,7.4884e+01,7.6470e+01,7.7307e+01,7.8265e+01,7.9425e+01,7.9979e+01,8.0668e+01,8.0605e+01,8.0309e+01
9.8349e+01,9.8171e+01,9.8322e+01,9.8634e+01,9.8863e+01,9.9077e+01,9.9192e+01,9.9504e+01,9.9197e+01,9.9128e+01,9.9085e+01,9.9052e+01,9.9499e+01,1.0015e+02,1.0013e+02,9.9744e+01,9.9831e+01,1.0015e+02,1.0050e+02,1.0070e+02,1.0068e+02,1.0002e+02,9.9526e+01,9.9175e+01,9.9345e+01,9.9589e+01,9.9197e+01,1.0047e+02,1.0199e+02,1.0275e+02,1.0510e+02,1.0561e+02,1.0531e+02,1.0557e+02,1.0710e+02,1.0772e+02,1.0883e+02,1.0901e+02,1.1100e+02,1.1343e+02,1.1562e+02,1.1762e+02,1.1946e+02,1.2072e+02,1.2280e+02,1.2430e+02,1.2628e+02,1.2552e+02,1.2563e+02,1.2409e+02,1.2081e+02,1.1857e+02,1.1584e+02,1.1281e+02,1.1064e+02,1.0836e+02,1.0844e+02,1.0547e+02,1.0221e+02,1.0063e+02,9.8061e+01,9.5237e+01,9.2675e+01,9.0990e+01,8.8257e+01,8.5822e+01,8.5567e+01,8.3947e+01,8.1882e+01,8.0170e+01,7.7303e+01,7.5978e+01,7.3082e+01,7.0232e+01,6.7278e+01,6.5918e+01,6.7202e+01,6.5074e+01,6.2068e+01,6.0421e+01,5.7560e+01,5.5801e+01,5.3252e+01,5.1533e+01,4.9356e+01,4.8275e+01,4.6451e+01,4.6150e+01,4.5545e+01,4.4612e+01,4.5883e+01,4.4962e+01,4.4207e+01,4.3693e+01,4.3385e+01,4.3492e+01,4.3147e+01,4.4146e+01,4.4185e+01,4.5218e+01,4.5344e+01,4.6504e+01,4.8151e+01,4.9423e+01,5.1108e+01,5.2507e+01,5.3704e+01,5.5889e+01,5.7174e+01,5.8573e+01,6.0218e+01,6.1371e+01,6.2563e+01,6.3441e+01,6.4020e+01,6.5031e+01,6.6086e+01,6.7174e+01,6.8173e+01,6.9204e+01,7.0388e+01,7.1696e+01,7.2924e+01,7.4534e+01,7.5385e+01,7.6358e+01,7.7537e+01,7.8099e+01,7.8801e+01,7.8737e+01,7.8438e+01
9.7666e+01,9.7485e+01,9.7634e+01,9.7952e+01,9.8185e+01,9.8407e+01,9.8530e+01,9.8851e+01,9.8551e+01,9.8483e+01,9.8445e+01,9.8420e+01,9.8867e+01,9.9524e+01,9.9504e+01,9.9106e+01,9.9192e+01,9.9514e+01,9.9866e+01,1.0009e+02,1.0009e+02,9.9426e+01,9.8936e+01,9.8597e+01,9.8776e+01,9.9040e+01,9.8663e+01,9.9951e+01,1.0148e+02,1.0224e+02,1.0460e+02,1.0511e+02,1.0480e+02,1.0506e+02,1.0660e+02,1.0723e+02,1.0835e+02,1.0854e+02,1.1053e+02,1.1298e+02,1.1518e+02,1.1720e+02,1.1905e+02,1.2030e+02,1.2240e+02,1.2388e+02,1.2586e+02,1.2508e+02,1.2517e+02,1.2362e+02,1.2033e+02,1.1807e+02,1.1531e+02,1.1228e+02,1.1010e+02,1.0778e+02,1.0785e+02,1.0486e+02,1.0159e+02,9.9962e+01,9.7378e+01,9.4539e+01,9.1956e+01,9.0233e+01,8.7485e+01,8.5014e+01,8.4767e+01,8.3166e+01,8.1092e+01,7.9394e+01,7.6480e+01,7.5086e+01,7.2170e+01,6.9347e+01,6.6364e+01,6.4923e+01,6.6150e+01,6.3980e+01,6.0940e+01,5.9219e+01,5.6321e+01,5.4640e+01,5.2050e+01,5.0401e+01,4.8126e+01,4.6965e+01,4.5112e+01,4.4789e+01,4.4026e+01,4.3015e+01,4.4308e+01,4.3325e+01,4.2477e+01,4.1951e+01,4.1681e+01,4.1734e+01,4.1358e+01,4.2345e+01,4.2431e+01,4.3480e+01,4.3606e+01,4.4797e+01,4.6465e+01,4.7778e+01,4.9475e+01,5.0876e+01,5.2068e+01,5.4274e+01,5.5568e+01,5.6987e+01,5.8649e+01,5.9819e+01,6.1028e+01,6.1920e+01,6.2506e+01,6.3534e+01,6.4602e+01,6.5701e+01,6.6715e+01,6.7766e+01,6.8963e+01,7.0287e+01,7.1531e+01,7.3163e+01,7.4024e+01,7.5007e+01,7.6201e+01,7.6770e+01,7.7485e+01,7.7419e+01,7.7119e+01
9.7063e+01,9.6879e+01,9.7025e+01,9.7340e+01,9.7572e+01,9.7796e+01,9.7922e+01,9.8244e+01,9.7957e+01,9.7890e+01,9.7858e+01,9.7839e+01,9.8284e+01,9.8942e+01,9.8920e+01,9.8521e+01,9.8607e+01,9.8940e+01,9.9301e+01,9.9544e+01,9.9559e+01,9.8908e+01,9.8432e+01,9.8114e+01,9.8312e+01,9.8599e+01,9.8242e+01,9.9556e+01,1.0110e+02,1.0187e+02,1.0424e+02,1.0477e+02,1.0447e+02,1.0474e+02,1.0630e+02,1.0695e+02,1.0805e+02,1.0823e+02,1.1022e+02,1.1269e+02,1.1489e+02,1.1693e+02,1.1878e+02,1.2002e+02,1.2211e+02,1.2359e+02,1.2555e+02,1.2474e+02,1.2484e+02,1.2325e+02,1.1995e+02,1.1767e+02,1.1490e+02,1.1188e+02,1.0970e+02,1.0736e+02,1.0743e+02,1.0444e+02,1.0114e+02,9.9488e+01,9.6901e+01,9.4032e+01,9.1442e+01,8.9681e+01,8.6901e+01,8.4409e+01,8.4200e+01,8.2620e+01,8.0511e+01,7.8827e+01,7.5869e+01,7.4407e+01,7.1483e+01,6.8686e+01,6.5662e+01,6.4156e+01,6.5346e+01,6.3154e+01,6.0084e+01,5.8309e+01,5.5356e+01,5.3753e+01,5.1098e+01,4.9526e+01,4.7144e+01,4.5865e+01,4.3982e+01,4.3678e+01,4.2749e+01,4.1613e+01,4.2916e+01,4.1857e+01,4.0931e+01,4.0392e+01,4.0138e+01,4.0139e+01,3.9748e+01,4.0718e+01,4.0825e+01,4.1878e+01,4.1991e+01,4.3197e+01,4.4858e+01,4.6199e+01,4.7889e+01,4.9290e+01,5.0461e+01,5.2677e+01,5.3969e+01,5.5390e+01,5.7059e+01,5.8236e+01,5.9461e+01,6.0358e+01,6.0945e+01,6.1983e+01,6.3060e+01,6.4168e+01,6.5193e+01,6.6257e+01,6.7466e+01,6.8802e+01,7.0059e+01,7.1711e+01,7.2582e+01,7.3573e+01,7.4782e+01,7.5355e+01,7.6079e+01,7.6013e+01,7.5714e+01
9.6691e+01,9.6500e+01,9.6648e+01,9.6968e+01,9.7206e+01,9.7440e+01,9.7574e+01,9.7900e+01,9.7619e+01,9.7553e+01,9.7525e+01,9.7511e+01,9.7961e+01,9.8628e+01,9.8587e+01,9.8172e+01,9.8240e+01,9.8566e+01,9.8918e+01,9.9179e+01,9.9217e+01,9.8588e+01,9.8126e+01,9.7835e+01,9.8045e+01,9.8361e+01,9.8018e+01,9.9352e+01,1.0091e+02,1.0166e+02,1.0403e+02,1.0456e+02,1.0426e+02,1.0451e+02,1.0609e+02,1.0675e+02,1.0786e+02,1.0807e+02,1.1005e+02,1.1254e+02,1.1473e+02,1.1680e+02,1.1865e+02,1.1987e+02,1.2196e+02,1.2341e+02,1.2536e+02,1.2453e+02,1.2459e+02,1.2299e+02,1.1969e+02,1.1738e+02,1.1460e+02,1.1158e+02,1.0939e+02,1.0701e+02,1.0704e+02,1.0404e+02,1.0075e+02,9.9047e+01,9.6444e+01,9.3573e+01,9.0969e+01,8.9165e+01,8.6382e+01,8.3857e+01,8.3652e+01,8.2114e+01,8.0027e+01,7.8384e+01,7.5398e+01,7.3869e+01,7.0938e+01,6.8186e+01,6.5168e+01,6.3595e+01,6.4710e+01,6.2482e+01,5.9411e+01,5.7576e+01,5.4642e+01,5.3142e+01,5.0517e+01,4.9051e+01,4.6652e+01,4.5340e+01,4.3493e+01,4.3216e+01,4.2135e+01,4.0901e+01,4.2169e+01,4.1049e+01,4.0039e+01,3.9478e+01,3.9237e+01,3.9136e+01,3.8707e+01,3.9619e+01,3.9758e+01,4.0795e+01,4.0867e+01,4.2100e+01,4.3791e+01,4.5174e+01,4.6874e+01,4.8262e+01,4.9412e+01,5.1640e+01,5.2916e+01,5.4338e+01,5.6008e+01,5.7187e+01,5.8419e+01,5.9328e+01,5.9920e+01,6.0962e+01,6.2051e+01,6.3169e+01,6.4200e+01,6.5269e+01,6.6484e+01,6.7825e+01,6.9094e+01,7.0757e+01,7.1631e+01,7.2630e+01,7.3850e+01,7.4426e+01,7.5157e+01,7.5092e+01,7.4792e+01
9.6279e+01,9.6086e+01,9.6232e+01,9.6553e+01,9.6793e+01,9.7030e+01,9.7171e+01,9.7501e+01,9.7228e+01,9.7152e+01,9.7122e+01,9.7110e+01,9.7553e+01,9.8215e+01,9.8170e+01,9.7754e+01,9.7817e+01,9.8143e+01,9.8499e+01,9.8772e+01,9.8806e+01,9.8176e+01,9.7712e+01,9.7426e+01,9.7634e+01,9.7960e+01,9.7632e+01,9.8982e+01,1.0056e+02,1.0132e+02,1.0370e+02,1.0425e+02,1.0396e+02,1.0423e+02,1.0582e+02,1.0648e+02,1.0757e+02,1.0776e+02,1.0975e+02,1.1224e+02,1.1444e+02,1.1651e+02,1.1838e+02,1.1959e+02,1.2169e+02,1.2315e+02,1.2509e+02,1.2426e+02,1.2432e+02,1.2270e+02,1.1940e+02,1.1709e+02,1.1430e+02,1.1128e+02,1.0909e+02,1.0671e+02,1.0674e+02,1.0374e+02,1.0043e+02,9.8711e+01,9.6105e+01,9.3202e+01,9.0590e+01,8.8764e+01,8.5944e+01,8.3407e+01,8.3231e+01,8.1688e+01,7.9556e+01,7.7901e+01,7.4877e+01,7.3306e+01,7.0365e+01,6.7619e+01,6.4550e+01,6.2938e+01,6.4050e+01,6.1818e+01,5.8717e+01,5.6857e+01,5.3856e+01,5.2401e+01,4.9693e+01,4.8269e+01,4.5768e+01,4.4307e+01,4.2405e+01,4.2183e+01,4.0980e+01,3.9565e+01,4.0835e+01,3.9592e+01,3.8481e+01,3.7864e+01,3.7619e+01,3.7482e+01,3.7008e+01,3.7923e+01,3.8082e+01,3.9150e+01,3.9217e+01,4.0470e+01,4.2147e+01,4.3559e+01,4.5254e+01,4.6670e+01,4.7813e+01,5.0067e+01,5.1373e+01,5.2813e+01,5.4509e+01,5.5702e+01,5.6951e+01,5.7875e+01,5.8473e+01,5.9535e+01,6.0641e+01,6.1775e+01,6.2819e+01,6.3901e+01,6.5132e+01,6.6490e+01,6.7777e+01,6.9458e+01,7.0341e+01,7.1348e+01,7.2580e+01,7.3161e+01,7.3899e+01,7.3837e+01,7.3535e+01
9.6134e+01,9.5939e+01,9.6089e+01,9.6414e+01,9.6659e+01,9.6904e+01,9.7050e+01,9.7386e+01,9.7113e+01,9.7033e+01,9.7001e+01,9.6993e+01,9.7437e+01,9.8103e+01,9.8048e+01,9.7629e+01,9.7684e+01,9.8003e+01,9.8358e+01,9.8645e+01,9.8678e+01,9.8049e+01,9.7586e+01,9.7311e+01,9.7520e+01,9.7854e+01,9.7525e+01,9.8883e+01,1.0047e+02,1.0124e+02,1.0363e+02,1.0417e+02,1.0388e+02,1.0415e+02,1.0574e+02,1.0640e+02,1.0751e+02,1.0769e+02,1.0969e+02,1.1219e+02,1.1440e+02,1.1647e+02,1.1834e+02,1.1956e+02,1.2166e+02,1.2311e+02,1.2506e+02,1.2422e+02,1.2427e+02,1.2266e+02,1.1935e+02,1.1703e+02,1.1423e+02,1.1120e+02,1.0900e+02,1.0660e+02,1.0662e+02,1.0361e+02,1.0028e+02,9.8547e+01,9.5927e+01,9.3017e+01,9.0390e+01,8.8545e+01,8.5714e+01,8.3157e+01,8.2977e+01,8.1437e+01,7.9306e+01,7.7652e+01,7.4606e+01,7.3006e+01,7.0055e+01,6.7308e+01,6.4215e+01,6.2577e+01,6.3684e+01,6.1441e+01,5.8325e+01,5.6446e+01,5.3419e+01,5.1983e+01,4.9238e+01,4.7822e+01,4.5266e+01,4.3714e+01,4.1754e+01,4.1570e+01,4.0301e+01,3.8741e+01,4.0019e+01,3.8657e+01,3.7456e+01,3.6752e+01,3.6489e+01,3.6319e+01,3.5777e+01,3.6698e+01,3.6883e+01,3.7990e+01,3.8042e+01,3.9318e+01,4.0986e+01,4.2446e+01,4.4132e+01,4.5572e+01,4.6702e+01,4.8985e+01,5.0305e+01,5.1770e+01,5.3490e+01,5.4705e+01,5.5977e+01,5.6923e+01,5.7532e+01,5.8612e+01,5.9736e+01,6.0886e+01,6.1948e+01,6.3048e+01,6.4295e+01,6.5671e+01,6.6977e+01,6.8679e+01,6.9572e+01,7.0587e+01,7.1829e+01,7.2415e+01,7.3159e+01,7.3097e+01,7.2794e+01
9.6072e+01,9.5874e+01,9.6036e+01,9.6371e+01,9.6629e+01,9.6884e+01,9.7036e+01,9.7377e+01,9.7095e+01,9.7005e+01,9.6963e+01,9.6954e+01,9.7404e+01,9.8072e+01,9.7998e+01,9.7567e+01,9.7596e+01,9.7895e+01,9.8225e+01,9.8503e+01,9.8531e+01,9.7907e+01,9.7434e+01,9.7156e+01,9.7350e+01,9.7680e+01,9.7342e+01,9.8691e+01,1.0026e+02,1.0103e+02,1.0342e+02,1.0394e+02,1.0363e+02,1.0389e+02,1.0545e+02,1.0613e+02,1.0725e+02,1.0746e+02,1.0946e+02,1.1195e+02,1.1417e+02,1.1625e+02,1.1812e+02,1.1935e+02,1.2144e+02,1.2289e+02,1.2486e+02,1.2403e+02,1.2406e+02,1.2247e+02,1.1917e+02,1.1686e+02,1.1404e+02,1.1102e+02,1.0878e+02,1.0637e+02,1.0637e+02,1.0333e+02,1.0002e+02,9.8274e+01,9.5630e+01,9.2743e+01,9.0095e+01,8.8257e+01,8.5446e+01,8.2868e+01,8.2643e+01,8.1097e+01,7.9007e+01,7.7349e+01,7.4306e+01,7.2718e+01,6.9753e+01,6.7001e+01,6.3924e+01,6.2287e+01,6.3383e+01,6.1126e+01,5.8016e+01,5.6132e+01,5.3134e+01,5.1689e+01,4.8980e+01,4.7548e+01,4.5023e+01,4.3501e+01,4.1534e+01,4.1337e+01,4.0111e+01,3.8575e+01,3.9845e+01,3.8486e+01,3.7289e+01,3.6554e+01,3.6279e+01,3.6094e+01,3.5531e+01,3.6436e+01,3.6638e+01,3.7748e+01,3.7802e+01,3.9096e+01,4.0770e+01,4.2252e+01,4.3946e+01,4.5424e+01,4.6576e+01,4.8895e+01,5.0252e+01,5.1747e+01,5.3499e+01,5.4743e+01,5.6044e+01,5.7013e+01,5.7632e+01,5.8731e+01,5.9872e+01,6.1042e+01,6.2123e+01,6.3237e+01,6.4501e+01,6.5894e+01,6.7219e+01,6.8939e+01,6.9839e+01,7.0862e+01,7.2113e+01,7.2699e+01,7.3446e+01,7.3381e+01,7.3076e+01
9.5601e+01,9.5403e+01,9.5568e+01,9.5907e+01,9.6169e+01,9.6431e+01,9.6588e+01,9.6936e+01,9.6655e+01,9.6556e+01,9.6511e+01,9.6504e+01,9.6947e+01,9.7613e+01,9.7532e+01,9.7099e+01,9.7126e+01,9.7426e+01,9.7757e+01,9.8055e+01,9.8081e+01,9.7447e+01,9.6972e+01,9.6694e+01,9.6894e+01,9.7224e+01,9.6884e+01,9.8240e+01,9.9824e+01,1.0060e+02,1.0301e+02,1.0354e+02,1.0324e+02,1.0351e+02,1.0509e+02,1.0576e+02,1.0689e+02,1.0708e+02,1.0909e+02,1.1160e+02,1.1384e+02,1.1594e+02,1.1782e+02,1.1905e+02,1.2116e+02,1.2260e+02,1.2458e+02,1.2375e+02,1.2377e+02,1.2216e+02,1.1885e+02,1.1653e+02,1.1369e+02,1.1067e+02,1.0843e+02,1.0599e+02,1.0599e+02,1.0293e+02,9.9593e+01,9.7822e+01,9.5160e+01,9.2247e+01,8.9575e+01,8.7712e+01,8.4872e+01,8.2261e+01,8.2039e+01,8.0484e+01,7.8370e+01,7.6697e+01,7.3603e+01,7.1962e+01,6.8981e+01,6.6233e+01,6.3099e+01,6.1409e+01,6.2498e+01,6.0230e+01,5.7086e+01,5.5172e+01,5.2107e+01,5.0699e+01,4.7911e+01,4.6511e+01,4.3883e+01,4.2206e+01,4.0170e+01,4.0038e+01,3.8725e+01,3.7012e+01,3.8253e+01,3.6747e+01,3.5448e+01,3.4605e+01,3.4309e+01,3.4087e+01,3.3448e+01,3.4365e+01,3.4596e+01,3.5761e+01,3.5837e+01,3.7145e+01,3.8790e+01,4.0292e+01,4.1969e+01,4.3468e+01,4.4614e+01,4.6948e+01,4.8329e+01,4.9849e+01,5.1628e+01,5.2899e+01,5.4230e+01,5.5222e+01,5.5857e+01,5.6982e+01,5.8148e+01,5.9337e+01,6.0437e+01,6.1576e+01,6.2864e+01,6.4279e+01,6.5627e+01,6.7376e+01,6.8285e+01,6.9318e+01,7.0586e+01,7.1180e+01,7.1938e+01,7.1874e+01,7.1567e+01
9.4989e+01,9.4792e+01,9.4967e+01,9.5310e+01,9.5581e+01,9.5849e+01,9.6013e+01,9.6366e+01,9.6079e+01,9.5959e+01,9.5905e+01,9.5895e+01,9.6333e+01,9.6997e+01,9.6910e+01,9.6475e+01,9.6496e+01,9.6792e+01,9.7122e+01,9.7428e+01,9.7441e+01,9.6793e+01,9.6303e+01,9.6008e+01,9.6201e+01,9.6515e+01,9.6163e+01,9.7511e+01,9.9097e+01,9.9890e+01,1.0231e+02,1.0285e+02,1.0254e+02,1.0284e+02,1.0442e+02,1.0508e+02,1.0622e+02,1.0639e+02,1.0843e+02,1.1095e+02,1.1321e+02,1.1532e+02,1.1724e+02,1.1846e+02,1.2059e+02,1.2204e+02,1.2403e+02,1.2320e+02,1.2323e+02,1.2162e+02,1.1830e+02,1.1597e+02,1.1311e+02,1.1007e+02,1.0784e+02,1.0538e+02,1.0538e+02,1.0231e+02,9.8943e+01,9.7161e+01,9.4478e+01,9.1542e+01,8.8837e+01,8.6974e+01,8.4107e+01,8.1464e+01,8.1224e+01,7.9630e+01,7.7493e+01,7.5778e+01,7.2638e+01,7.0973e+01,6.7970e+01,6.5213e+01,6.2017e+01,6.0294e+01,6.1398e+01,5.9129e+01,5.5949e+01,5.4020e+01,5.0884e+01,4.9482e+01,4.6616e+01,4.5219e+01,4.2497e+01,4.0681e+01,3.8553e+01,3.8457e+01,3.7106e+01,3.5272e+01,3.6495e+01,3.4891e+01,3.3536e+01,3.2619e+01,3.2334e+01,3.2141e+01,3.1457e+01,3.2430e+01,3.2707e+01,3.3946e+01,3.4126e+01,3.5425e+01,3.7017e+01,3.8494e+01,4.0162e+01,4.1706e+01,4.2876e+01,4.5240e+01,4.6670e+01,4.8240e+01,5.0059e+01,5.1373e+01,5.2746e+01,5.3772e+01,5.4427e+01,5.5588e+01,5.6783e+01,5.7999e+01,5.9123e+01,6.0287e+01,6.1601e+01,6.3045e+01,6.4421e+01,6.6202e+01,6.7126e+01,6.8175e+01,6.9463e+01,7.0064e+01,7.0833e+01,7.0768e+01,7.0455e+01
9.3485e+01,9.3286e+01,9.3460e+01,9.3804e+01,9.4073e+01,9.4343e+01,9.4510e+01,9.4868e+01,9.4585e+01,9.4458e+01,9.4401e+01,9.4396e+01,9.4834e+01,9.5499e+01,9.5409e+01,9.4973e+01,9.4994e+01,9.5296e+01,9.5629e+01,9.5953e+01,9.5972e+01,9.5311e+01,9.4818e+01,9.4528e+01,9.4724e+01,9.5051e+01,9.4702e+01,9.6068e+01,9.7669e+01,9.8469e+01,1.0090e+02,1.0146e+02,1.0115e+02,1.0145e+02,1.0306e+02,1.0373e+02,1.0486e+02,1.0502e+02,1.0706e+02,1.0961e+02,1.1188e+02,1.1402e+02,1.1595e+02,1.1717e+02,1.1930e+02,1.2075e+02,1.2274e+02,1.2189e+02,1.2191e+02,1.2028e+02,1.1695e+02,1.1460e+02,1.1173e+02,1.0868e+02,1.0645e+02,1.0396e+02,1.0396e+02,1.0087e+02,9.7480e+01,9.5661e+01,9.2965e+01,8.9999e+01,8.7273e+01,8.5375e+01,8.2477e+01,7.9802e+01,7.9577e+01,7.7986e+01,7.5823e+01,7.4108e+01,7.0915e+01,6.9178e+01,6.6167e+01,6.3437e+01,6.0192e+01,5.8399e+01,5.9474e+01,5.7198e+01,5.3997e+01,5.2038e+01,4.8847e+01,4.7520e+01,4.4603e+01,4.3296e+01,4.0499e+01,3.8555e+01,3.6424e+01,3.6399e+01,3.4926e+01,3.2960e+01,3.4109e+01,3.2419e+01,3.1022e+01,3.0081e+01,2.9806e+01,2.9557e+01,2.8903e+01,2.9852e+01,3.0136e+01,3.1371e+01,3.1601e+01,3.2885e+01,3.4466e+01,3.5928e+01,3.7623e+01,3.9203e+01,4.0406e+01,4.2810e+01,4.4277e+01,4.5887e+01,4.7750e+01,4.9099e+01,5.0509e+01,5.1555e+01,5.2232e+01,5.3426e+01,5.4648e+01,5.5893e+01,5.7045e+01,5.8234e+01,5.9574e+01,6.1046e+01,6.2451e+01,6.4266e+01,6.5203e+01,6.6268e+01,6.7576e+01,6.8190e+01,6.8974e+01,6.8910e+01,6.8592e+01
9.2780e+01,9.2579e+01,9.2754e+01,9.3103e+01,9.3372e+01,9.3647e+01,9.3822e+01,9.4187e+01,9.3909e+01,9.3768e+01,9.3710e+01,9.3707e+01,9.4136e+01,9.4797e+01,9.4700e+01,9.4259e+01,9.4281e+01,9.4588e+01,9.4924e+01,9.5267e+01,9.5285e+01,9.4618e+01,9.4125e+01,9.3839e+01,9.4047e+01,9.4379e+01,9.4036e+01,9.5413e+01,9.7031e+01,9.7845e+01,1.0029e+02,1.0086e+02,1.0056e+02,1.0088e+02,1.0250e+02,1.0316e+02,1.0429e+02,1.0443e+02,1.0647e+02,1.0904e+02,1.1133e+02,1.1348e+02,1.1543e+02,1.1664e+02,1.1878e+02,1.2022e+02,1.2221e+02,1.2136e+02,1.2137e+02,1.1973e+02,1.1639e+02,1.1403e+02,1.1114e+02,1.0809e+02,1.0586e+02,1.0335e+02,1.0334e+02,1.0025e+02,9.6833e+01,9.4988e+01,9.2278e+01,8.9285e+01,8.6539e+01,8.4621e+01,8.1693e+01,7.8989e+01,7.8769e+01,7.7169e+01,7.4983e+01,7.3254e+01,7.0015e+01,6.8224e+01,6.5204e+01,6.2495e+01,5.9206e+01,5.7355e+01,5.8404e+01,5.6121e+01,5.2901e+01,5.0915e+01,4.7677e+01,4.6415e+01,4.3445e+01,4.2207e+01,3.9334e+01,3.7239e+01,3.5076e+01,3.5154e+01,3.3597e+01,3.1440e+01,3.2495e+01,3.0635e+01,2.9140e+01,2.8062e+01,2.7744e+01,2.7456e+01,2.6736e+01,2.7703e+01,2.8018e+01,2.9320e+01,2.9603e+01,3.0906e+01,3.2445e+01,3.3918e+01,3.5592e+01,3.7215e+01,3.8426e+01,4.0839e+01,4.2348e+01,4.3990e+01,4.5896e+01,4.7276e+01,4.8725e+01,4.9800e+01,5.0503e+01,5.1734e+01,5.2990e+01,5.4259e+01,5.5434e+01,5.6650e+01,5.8016e+01,5.9515e+01,6.0945e+01,6.2792e+01,6.3739e+01,6.4816e+01,6.6143e+01,6.6764e+01,6.7559e+01,6.7495e+01,6.7175e+01
9.1466e+01,9.1263e+01,9.1447e+01,9.1804e+01,9.2083e+01,9.2365e+01,9.2547e+01,9.2922e+01,9.2636e+01,9.2477e+01,9.2411e+01,9.2401e+01,9.2828e+01,9.3491e+01,9.3385e+01,9.2944e+01,9.2957e+01,9.3261e+01,9.3595e+01,9.3953e+01,9.3964e+01,9.3283e+01,9.2779e+01,9.2485e+01,9.2689e+01,9.3018e+01,9.2661e+01,9.4041e+01,9.5662e+01,9.6476e+01,9.8934e+01,9.9506e+01,9.9199e+01,9.9537e+01,1.0117e+02,1.0184e+02,1.0297e+02,1.0311e+02,1.0517e+02,1.0776e+02,1.1006e+02,1.1224e+02,1.1421e+02,1.1541e+02,1.1756e+02,1.1900e+02,1.2099e+02,1.2013e+02,1.2012e+02,1.1848e+02,1.1513e+02,1.1276e+02,1.0985e+02,1.0679e+02,1.0455e+02,1.0201e+02,1.0199e+02,9.8881e+01,9.5448e+01,9.3574e+01,9.0842e+01,8.7835e+01,8.5057e+01,8.3122e+01,8.0181e+01,7.7440e+01,7.7201e+01,7.5586e+01,7.3398e+01,7.1655e+01,6.8372e+01,6.6532e+01,6.3505e+01,6.0818e+01,5.7487e+01,5.5581e+01,5.6613e+01,5.4331e+01,5.1096e+01,4.9091e+01,4.5806e+01,4.4599e+01,4.1594e+01,4.0429e+01,3.7484e+01,3.5258e+01,3.3056e+01,3.3184e+01,3.1552e+01,2.9295e+01,3.0261e+01,2.8341e+01,2.6856e+01,2.5763e+01,2.5468e+01,2.5181e+01,2.4518e+01,2.5490e+01,2.5810e+01,2.7119e+01,2.7525e+01,2.8810e+01,3.0319e+01,3.1723e+01,3.3429e+01,3.5097e+01,3.6377e+01,3.8838e+01,4.0411e+01,4.2118e+01,4.4087e+01,4.5509e+01,4.7016e+01,4.8115e+01,4.8837e+01,5.0105e+01,5.1387e+01,5.2687e+01,5.3888e+01,5.5130e+01,5.6520e+01,5.8049e+01,5.9506e+01,6.1387e+01,6.2344e+01,6.3436e+01,6.4780e+01,6.5412e+01,6.6217e+01,6.6154e+01,6.5831e+01
9.1716e+01,9.1514e+01,9.1706e+01,9.2070e+01,9.2353e+01,9.2637e+01,9.2827e+01,9.3206e+01,9.2924e+01,9.2754e+01,9.2686e+01,9.2675e+01,9.3097e+01,9.3755e+01,9.3650e+01,9.3210e+01,9.3225e+01,9.3530e+01,9.3864e+01,9.4234e+01,9.4233e+01,9.3538e+01,9.3013e+01,9.2705e+01,9.2908e+01,9.3220e+01,9.2851e+01,9.4222e+01,9.5848e+01,9.6685e+01,9.9157e+01,9.9743e+01,9.9440e+01,9.9805e+01,1.0145e+02,1.0210e+02,1.0323e+02,1.0334e+02,1.0541e+02,1.0802e+02,1.1034e+02,1.1252e+02,1.1451e+02,1.1571e+02,1.1788e+02,1.1933e+02,1.2134e+02,1.2048e+02,1.2047e+02,1.1884e+02,1.1548e+02,1.1312e+02,1.1020e+02,1.0713e+02,1.0489e+02,1.0234e+02,1.0232e+02,9.9180e+01,9.5731e+01,9.3842e+01,9.1084e+01,8.8065e+01,8.5253e+01,8.3320e+01,8.0364e+01,7.7589e+01,7.7319e+01,7.5670e+01,7.3475e+01,7.1692e+01,6.8366e+01,6.6497e+01,6.3452e+01,6.0774e+01,5.7399e+01,5.5439e+01,5.6449e+01,5.4153e+01,5.0892e+01,4.8849e+01,4.5515e+01,4.4358e+01,4.1306e+01,4.0177e+01,3.7145e+01,3.4776e+01,3.2484e+01,3.2662e+01,3.0967e+01,2.8543e+01,2.9411e+01,2.7319e+01,2.5707e+01,2.4408e+01,2.4089e+01,2.3759e+01,2.2936e+01,2.3913e+01,2.4308e+01,2.5724e+01,2.6254e+01,2.7536e+01,2.9047e+01,3.0392e+01,3.2120e+01,3.3854e+01,3.5205e+01,3.7685e+01,3.9349e+01,4.1109e+01,4.3141e+01,4.4605e+01,4.6157e+01,4.7281e+01,4.8027e+01,4.9330e+01,5.0630e+01,5.1948e+01,5.3160e+01,5.4416e+01,5.5824e+01,5.7374e+01,5.8852e+01,6.0755e+01,6.1718e+01,6.2817e+01,6.4172e+01,6.4807e+01,6.5614e+01,6.5551e+01,6.5227e+01
9.1341e+01,9.1139e+01,9.1340e+01,9.1714e+01,9.2005e+01,9.2292e+01,9.2488e+01,9.2875e+01,9.2588e+01,9.2400e+01,9.2332e+01,9.2315e+01,9.2730e+01,9.3383e+01,9.3277e+01,9.2840e+01,9.2852e+01,9.3154e+01,9.3492e+01,9.3872e+01,9.3856e+01,9.3146e+01,9.2606e+01,9.2283e+01,9.2477e+01,9.2776e+01,9.2394e+01,9.3760e+01,9.5385e+01,9.6229e+01,9.8711e+01,9.9305e+01,9.9002e+01,9.9379e+01,1.0103e+02,1.0167e+02,1.0281e+02,1.0291e+02,1.0499e+02,1.0761e+02,1.0994e+02,1.1214e+02,1.1415e+02,1.1534e+02,1.1752e+02,1.1897e+02,1.2098e+02,1.2013e+02,1.2013e+02,1.1849e+02,1.1514e+02,1.1278e+02,1.0984e+02,1.0677e+02,1.0453e+02,1.0197e+02,1.0195e+02,9.8805e+01,9.5338e+01,9.3443e+01,9.0671e+01,8.7638e+01,8.4802e+01,8.2876e+01,7.9902e+01,7.7106e+01,7.6817e+01,7.5133e+01,7.2924e+01,7.1103e+01,6.7745e+01,6.5858e+01,6.2802e+01,6.0136e+01,5.6728e+01,5.4727e+01,5.5718e+01,5.3417e+01,5.0142e+01,4.8076e+01,4.4702e+01,4.3587e+01,4.0499e+01,3.9406e+01,3.6300e+01,3.3810e+01,3.1435e+01,3.1659e+01,2.9919e+01,2.7362e+01,2.8136e+01,2.5929e+01,2.4266e+01,2.2863e+01,2.2542e+01,2.2251e+01,2.1385e+01,2.2397e+01,2.2867e+01,2.4366e+01,2.5102e+01,2.6366e+01,2.7838e+01,2.9086e+01,3.0840e+01,3.2621e+01,3.4051e+01,3.6547e+01,3.8282e+01,4.0089e+01,4.2172e+01,4.3669e+01,4.5251e+01,4.6394e+01,4.7154e+01,4.8482e+01,4.9792e+01,5.1127e+01,5.2347e+01,5.3615e+01,5.5035e+01,5.6605e+01,5.8100e+01,6.0021e+01,6.0989e+01,6.2097e+01,6.3461e+01,6.4100e+01,6.4910e+01,6.4845e+01,6.4519e+01
9.1609e+01,9.1409e+01,9.1613e+01,9.1993e+01,9.2288e+01,9.2575e+01,9.2782e+01,9.3173e+01,9.2898e+01,9.2703e+01,9.2639e+01,9.2625e+01,9.3034e+01,9.3684e+01,9.3582e+01,9.3152e+01,9.3164e+01,9.3468e+01,9.3815e+01,9.4226e+01,9.4214e+01,9.3508e+01,9.2975e+01,9.2663e+01,9.2866e+01,9.3178e+01,9.2804e+01,9.4188e+01,9.5832e+01,9.6681e+01,9.9169e+01,9.9781e+01,9.9487e+01,9.9878e+01,1.0155e+02,1.0220e+02,1.0333e+02,1.0342e+02,1.0550e+02,1.0813e+02,1.1047e+02,1.1268e+02,1.1469e+02,1.1587e+02,1.1804e+02,1.1948e+02,1.2148e+02,1.2062e+02,1.2060e+02,1.1895e+02,1.1560e+02,1.1322e+02,1.1028e+02,1.0721e+02,1.0498e+02,1.0239e+02,1.0236e+02,9.9204e+01,9.5721e+01,9.3784e+01,9.1001e+01,8.7949e+01,8.5096e+01,8.3130e+01,8.0136e+01,7.7308e+01,7.7029e+01,7.5359e+01,7.3141e+01,7.1331e+01,6.7923e+01,6.5955e+01,6.2903e+01,6.0296e+01,5.6857e+01,5.4769e+01,5.5690e+01,5.3381e+01,5.0107e+01,4.7990e+01,4.4594e+01,4.3629e+01,4.0534e+01,3.9594e+01,3.6432e+01,3.3784e+01,3.1430e+01,3.1768e+01,2.9873e+01,2.7105e+01,2.7644e+01,2.5211e+01,2.3384e+01,2.1716e+01,2.1353e+01,2.0897e+01,1.9831e+01,2.0743e+01,2.1296e+01,2.2848e+01,2.3672e+01,2.4899e+01,2.6350e+01,2.7520e+01,2.9271e+01,3.1060e+01,3.2512e+01,3.4996e+01,3.6771e+01,3.8593e+01,4.0698e+01,4.2209e+01,4.3815e+01,4.4973e+01,4.5752e+01,4.7106e+01,4.8425e+01,4.9769e+01,5.0997e+01,5.2278e+01,5.3712e+01,5.5298e+01,5.6806e+01,5.8740e+01,5.9710e+01,6.0822e+01,6.2195e+01,6.2837e+01,6.3652e+01,6.3588e+01,6.3262e+01
9.1935e+01,9.1733e+01,9.1939e+01,9.2327e+01,9.2622e+01,9.2905e+01,9.3118e+01,9.3510e+01,9.3239e+01,9.3032e+01,9.2972e+01,9.2953e+01,9.3356e+01,9.3997e+01,9.3900e+01,9.3476e+01,9.3488e+01,9.3794e+01,9.4147e+01,9.4566e+01,9.4538e+01,9.3814e+01,9.3267e+01,9.2940e+01,9.3133e+01,9.3429e+01,9.3048e+01,9.4428e+01,9.6078e+01,9.6936e+01,9.9428e+01,1.0006e+02,9.9780e+01,1.0019e+02,1.0187e+02,1.0251e+02,1.0363e+02,1.0370e+02,1.0578e+02,1.0842e+02,1.1077e+02,1.1298e+02,1.1500e+02,1.1618e+02,1.1837e+02,1.1982e+02,1.2181e+02,1.2097e+02,1.2097e+02,1.1933e+02,1.1597e+02,1.1360e+02,1.1067e+02,1.0760e+02,1.0537e+02,1.0279e+02,1.0277e+02,9.9604e+01,9.6105e+01,9.4171e+01,9.1377e+01,8.8308e+01,8.5435e+01,8.3479e+01,8.0462e+01,7.7621e+01,7.7332e+01,7.5624e+01,7.3380e+01,7.1525e+01,6.8089e+01,6.6105e+01,6.3046e+01,6.0456e+01,5.6986e+01,5.4862e+01,5.5761e+01,5.3452e+01,5.0170e+01,4.8033e+01,4.4607e+01,4.3700e+01,4.0579e+01,3.9692e+01,3.6479e+01,3.3701e+01,3.1295e+01,3.1719e+01,2.9795e+01,2.6892e+01,2.7250e+01,2.4662e+01,2.2765e+01,2.0899e+01,2.0501e+01,2.0100e+01,1.8893e+01,1.9824e+01,2.0463e+01,2.2122e+01,2.3147e+01,2.4342e+01,2.5720e+01,2.6757e+01,2.8520e+01,3.0349e+01,3.1867e+01,3.4353e+01,3.6191e+01,3.8062e+01,4.0204e+01,4.1739e+01,4.3363e+01,4.4534e+01,4.5319e+01,4.6685e+01,4.8002e+01,4.9351e+01,5.0579e+01,5.1866e+01,5.3306e+01,5.4900e+01,5.6413e+01,5.8353e+01,5.9323e+01,6.0436e+01,6.1810e+01,6.2457e+01,6.3272e+01,6.3211e+01,6.2886e+01
9.3782e+01,9.3580e+01,9.3784e+01,9.4176e+01,9.4467e+01,9.4754e+01,9.4977e+01,9.5380e+01,9.5126e+01,9.4922e+01,9.4881e+01,9.4872e+01,9.5280e+01,9.5925e+01,9.5838e+01,9.5416e+01,9.5440e+01,9.5758e+01,9.6115e+01,9.6538e+01,9.6502e+01,9.5767e+01,9.5207e+01,9.4869e+01,9.5065e+01,9.5346e+01,9.4961e+01,9.6335e+01,9.7988e+01,9.8859e+01,1.0136e+02,1.0200e+02,1.0171e+02,1.0213e+02,1.0382e+02,1.0444e+02,1.0557e+02,1.0561e+02,1.0770e+02,1.1035e+02,1.1271e+02,1.1493e+02,1.1697e+02,1.1815e+02,1.2036e+02,1.2181e+02,1.2382e+02,1.2298e+02,1.2299e+02,1.2134e+02,1.1799e+02,1.1562e+02,1.1269e+02,1.0962e+02,1.0739e+02,1.0480e+02,1.0477e+02,1.0159e+02,9.8093e+01,9.6141e+01,9.3328e+01,9.0265e+01,8.7371e+01,8.5414e+01,8.2404e+01,7.9538e+01,7.9221e+01,7.7499e+01,7.5265e+01,7.3389e+01,6.9929e+01,6.7918e+01,6.4856e+01,6.2307e+01,5.8840e+01,5.6651e+01,5.7471e+01,5.5130e+01,5.1852e+01,4.9651e+01,4.6240e+01,4.5425e+01,4.2331e+01,4.1502e+01,3.8252e+01,3.5439e+01,3.2999e+01,3.3393e+01,3.1356e+01,2.8388e+01,2.8641e+01,2.5941e+01,2.3852e+01,2.1807e+01,2.1383e+01,2.0942e+01,1.9470e+01,2.0404e+01,2.1220e+01,2.3024e+01,2.4145e+01,2.5274e+01,2.6585e+01,2.7471e+01,2.9158e+01,3.0938e+01,3.2399e+01,3.4773e+01,3.6552e+01,3.8380e+01,4.0464e+01,4.1988e+01,4.3583e+01,4.4750e+01,4.5541e+01,4.6900e+01,4.8193e+01,4.9523e+01,5.0735e+01,5.2012e+01,5.3442e+01,5.5024e+01,5.6527e+01,5.8447e+01,5.9407e+01,6.0511e+01,6.1872e+01,6.2514e+01,6.3321e+01,6.3264e+01,6.2944e+01
9.5403e+01,9.5199e+01,9.5402e+01,9.5804e+01,9.6094e+01,9.6385e+01,9.6615e+01,9.7024e+01,9.6781e+01,9.6582e+01,9.6549e+01,9.6547e+01,9.6953e+01,9.7607e+01,9.7522e+01,9.7102e+01,9.7134e+01,9.7453e+01,9.7813e+01,9.8256e+01,9.8220e+01,9.7486e+01,9.6937e+01,9.6602e+01,9.6800e+01,9.7081e+01,9.6694e+01,9.8063e+01,9.9719e+01,1.0058e+02,1.0308e+02,1.0370e+02,1.0341e+02,1.0382e+02,1.0552e+02,1.0617e+02,1.0730e+02,1.0735e+02,1.0944e+02,1.1211e+02,1.1447e+02,1.1670e+02,1.1875e+02,1.1992e+02,1.2213e+02,1.2358e+02,1.2559e+02,1.2475e+02,1.2474e+02,1.2309e+02,1.1974e+02,1.1737e+02,1.1442e+02,1.1137e+02,1.0912e+02,1.0651e+02,1.0644e+02,1.0324e+02,9.9752e+01,9.7767e+01,9.4931e+01,9.1877e+01,8.8958e+01,8.6977e+01,8.3974e+01,8.1068e+01,8.0721e+01,7.9015e+01,7.6818e+01,7.4955e+01,7.1463e+01,6.9397e+01,6.6320e+01,6.3828e+01,6.0377e+01,5.8094e+01,5.8799e+01,5.6400e+01,5.3119e+01,5.0819e+01,4.7434e+01,4.6749e+01,4.3706e+01,4.2976e+01,3.9696e+01,3.6891e+01,3.4453e+01,3.4747e+01,3.2512e+01,2.9489e+01,2.9685e+01,2.6916e+01,2.4608e+01,2.2486e+01,2.2171e+01,2.1569e+01,1.9876e+01,2.0723e+01,2.1743e+01,2.3613e+01,2.4778e+01,2.5882e+01,2.7158e+01,2.7958e+01,2.9625e+01,3.1358e+01,3.2777e+01,3.5077e+01,3.6801e+01,3.8611e+01,4.0648e+01,4.2160e+01,4.3728e+01,4.4897e+01,4.5686e+01,4.7038e+01,4.8317e+01,4.9625e+01,5.0823e+01,5.2094e+01,5.3512e+01,5.5078e+01,5.6564e+01,5.8466e+01,5.9416e+01,6.0511e+01,6.1861e+01,6.2502e+01,6.3305e+01,6.3254e+01,6.2938e+01
9.7734e+01,9.7530e+01,9.7737e+01,9.8146e+01,9.8436e+01,9.8731e+01,9.8970e+01,9.9389e+01,9.9152e+01,9.8953e+01,9.8928e+01,9.8927e+01,9.9341e+01,1.0000e+02,9.9914e+01,9.9486e+01,9.9518e+01,9.9833e+01,1.0018e+02,1.0062e+02,1.0057e+02,9.9829e+01,9.9264e+01,9.8908e+01,9.9101e+01,9.9356e+01,9.8948e+01,1.0029e+02,1.0193e+02,1.0279e+02,1.0529e+02,1.0590e+02,1.0559e+02,1.0598e+02,1.0767e+02,1.0831e+02,1.0946e+02,1.0951e+02,1.1162e+02,1.1428e+02,1.1666e+02,1.1887e+02,1.2095e+02,1.2213e+02,1.2436e+02,1.2581e+02,1.2784e+02,1.2703e+02,1.2700e+02,1.2538e+02,1.2203e+02,1.1968e+02,1.1672e+02,1.1368e+02,1.1141e+02,1.0880e+02,1.0870e+02,1.0549e+02,1.0201e+02,1.0003e+02,9.7170e+01,9.4150e+01,9.1210e+01,8.9254e+01,8.6290e+01,8.3363e+01,8.2950e+01,8.1222e+01,7.9074e+01,7.7186e+01,7.3700e+01,7.1659e+01,6.8570e+01,6.6086e+01,6.2668e+01,6.0365e+01,6.1017e+01,5.8577e+01,5.5299e+01,5.2947e+01,4.9604e+01,4.8921e+01,4.5929e+01,4.5152e+01,4.1868e+01,3.9161e+01,3.6651e+01,3.6778e+01,3.4515e+01,3.1589e+01,3.1888e+01,2.9224e+01,2.6866e+01,2.4862e+01,2.4673e+01,2.4118e+01,2.2367e+01,2.3233e+01,2.4376e+01,2.6303e+01,2.7497e+01,2.8550e+01,2.9781e+01,3.0471e+01,3.2060e+01,3.3740e+01,3.5094e+01,3.7274e+01,3.8919e+01,4.0666e+01,4.2621e+01,4.4091e+01,4.5591e+01,4.6732e+01,4.7515e+01,4.8836e+01,5.0078e+01,5.1355e+01,5.2522e+01,5.3764e+01,5.5152e+01,5.6688e+01,5.8146e+01,6.0009e+01,6.0941e+01,6.2020e+01,6.3344e+01,6.3972e+01,6.4757e+01,6.4706e+01,6.4394e+01
9.8951e+01,9.8750e+01,9.8950e+01,9.9354e+01,9.9634e+01,9.9920e+01,1.0016e+02,1.0058e+02,1.0036e+02,1.0017e+02,1.0015e+02,1.0015e+02,1.0056e+02,1.0121e+02,1.0113e+02,1.0071e+02,1.0075e+02,1.0107e+02,1.0143e+02,1.0186e+02,1.0181e+02,1.0107e+02,1.0050e+02,1.0014e+02,1.0033e+02,1.0058e+02,1.0018e+02,1.0153e+02,1.0316e+02,1.0402e+02,1.0652e+02,1.0713e+02,1.0683e+02,1.0723e+02,1.0892e+02,1.0954e+02,1.1070e+02,1.1073e+02,1.1284e+02,1.1549e+02,1.1787e+02,1.2009e+02,1.2217e+02,1.2336e+02,1.2560e+02,1.2705e+02,1.2908e+02,1.2828e+02,1.2825e+02,1.2665e+02,1.2330e+02,1.2096e+02,1.1801e+02,1.1498e+02,1.1271e+02,1.1010e+02,1.1000e+02,1.0679e+02,1.0331e+02,1.0132e+02,9.8467e+01,9.5451e+01,9.2513e+01,9.0567e+01,8.7610e+01,8.4689e+01,8.4270e+01,8.2534e+01,8.0386e+01,7.8486e+01,7.5007e+01,7.2971e+01,6.9902e+01,6.7450e+01,6.4049e+01,6.1743e+01,6.2366e+01,5.9945e+01,5.6699e+01,5.4356e+01,5.1046e+01,5.0400e+01,4.7443e+01,4.6687e+01,4.3424e+01,4.0728e+01,3.8228e+01,3.8369e+01,3.6132e+01,3.3237e+01,3.3484e+01,3.0825e+01,2.8470e+01,2.6437e+01,2.6146e+01,2.5607e+01,2.3830e+01,2.4631e+01,2.5714e+01,2.7615e+01,2.8757e+01,2.9741e+01,3.0908e+01,3.1549e+01,3.3051e+01,3.4703e+01,3.6019e+01,3.8106e+01,3.9724e+01,4.1432e+01,4.3340e+01,4.4786e+01,4.6244e+01,4.7368e+01,4.8145e+01,4.9447e+01,5.0672e+01,5.1937e+01,5.3084e+01,5.4303e+01,5.5673e+01,5.7191e+01,5.8630e+01,6.0469e+01,6.1391e+01,6.2461e+01,6.3773e+01,6.4395e+01,6.5172e+01,6.5125e+01,6.4817e+01
1.0115e+02,1.0095e+02,1.0116e+02,1.0157e+02,1.0185e+02,1.0215e+02,1.0240e+02,1.0283e+02,1.0260e+02,1.0240e+02,1.0239e+02,1.0239e+02,1.0281e+02,1.0346e+02,1.0337e+02,1.0294e+02,1.0298e+02,1.0329e+02,1.0364e+02,1.0405e+02,1.0399e+02,1.0324e+02,1.0265e+02,1.0226e+02,1.0245e+02,1.0267e+02,1.0224e+02,1.0355e+02,1.0516e+02,1.0603e+02,1.0851e+02,1.0911e+02,1.0879e+02,1.0919e+02,1.1085e+02,1.1146e+02,1.1264e+02,1.1267e+02,1.1480e+02,1.1744e+02,1.1984e+02,1.2204e+02,1.2415e+02,1.2535e+02,1.2761e+02,1.2906e+02,1.3112e+02,1.3034e+02,1.3031e+02,1.2873e+02,1.2540e+02,1.2308e+02,1.2012e+02,1.1710e+02,1.1482e+02,1.1221e+02,1.1208e+02,1.0886e+02,1.0539e+02,1.0341e+02,1.0054e+02,9.7555e+01,9.4595e+01,9.2681e+01,8.9757e+01,8.6816e+01,8.6329e+01,8.4562e+01,8.2461e+01,8.0527e+01,7.7055e+01,7.5053e+01,7.1971e+01,6.9522e+01,6.6153e+01,6.3836e+01,6.4418e+01,6.1962e+01,5.8721e+01,5.6337e+01,5.3069e+01,5.2417e+01,4.9509e+01,4.8707e+01,4.5451e+01,4.2846e+01,4.0282e+01,4.0275e+01,3.8038e+01,3.5239e+01,3.5573e+01,3.3024e+01,3.0669e+01,2.8772e+01,2.8629e+01,2.8185e+01,2.6407e+01,2.7259e+01,2.8441e+01,3.0383e+01,3.1576e+01,3.2526e+01,3.3657e+01,3.4179e+01,3.5648e+01,3.7266e+01,3.8561e+01,4.0563e+01,4.2136e+01,4.3792e+01,4.5638e+01,4.7045e+01,4.8448e+01,4.9539e+01,5.0304e+01,5.1574e+01,5.2763e+01,5.3991e+01,5.5105e+01,5.6292e+01,5.7632e+01,5.9119e+01,6.0528e+01,6.2327e+01,6.3229e+01,6.4279e+01,6.5563e+01,6.6173e+01,6.6932e+01,6.6887e+01,6.6584e+01
1.0207e+02,1.0187e+02,1.0208e+02,1.0249e+02,1.0278e+02,1.0308e+02,1.0333e+02,1.0377e+02,1.0354e+02,1.0334e+02,1.0333e+02,1.0334e+02,1.0377e+02,1.0443e+02,1.0434e+02,1.0389e+02,1.0393e+02,1.0424e+02,1.0458e+02,1.0499e+02,1.0494e+02,1.0420e+02,1.0361e+02,1.0322e+02,1.0341e+02,1.0363e+02,1.0318e+02,1.0449e+02,1.0607e+02,1.0693e+02,1.0941e+02,1.0997e+02,1.0962e+02,1.0998e+02,1.1164e+02,1.1228e+02,1.1349e+02,1.1355e+02,1.1568e+02,1.1832e+02,1.2073e+02,1.2294e+02,1.2506e+02,1.2625e+02,1.2852e+02,1.2996e+02,1.3202e+02,1.3125e+02,1.3119e+02,1.2961e+02,1.2628e+02,1.2396e+02,1.2098e+02,1.1796e+02,1.1566e+02,1.1303e+02,1.1287e+02,1.0963e+02,1.0618e+02,1.0418e+02,1.0129e+02,9.8331e+01,9.5355e+01,9.3436e+01,9.0538e+01,8.7568e+01,8.7041e+01,8.5296e+01,8.3251e+01,8.1341e+01,7.7863e+01,7.5839e+01,7.2741e+01,7.0317e+01,6.6979e+01,6.4614e+01,6.5121e+01,6.2615e+01,5.9376e+01,5.6930e+01,5.3704e+01,5.3098e+01,5.0242e+01,4.9465e+01,4.6222e+01,4.3698e+01,4.1148e+01,4.1030e+01,3.8709e+01,3.5966e+01,3.6358e+01,3.3875e+01,3.1460e+01,2.9655e+01,2.9648e+01,2.9108e+01,2.7314e+01,2.8129e+01,2.9436e+01,3.1380e+01,3.2573e+01,3.3491e+01,3.4627e+01,3.5109e+01,3.6586e+01,3.8162e+01,3.9435e+01,4.1409e+01,4.2931e+01,4.4570e+01,4.6380e+01,4.7775e+01,4.9158e+01,5.0237e+01,5.0992e+01,5.2252e+01,5.3425e+01,5.4637e+01,5.5746e+01,5.6929e+01,5.8259e+01,5.9737e+01,6.1140e+01,6.2928e+01,6.3821e+01,6.4863e+01,6.6134e+01,6.6741e+01,6.7495e+01,6.7450e+01,6.7150e+01
1.0425e+02,1.0404e+02,1.0426e+02,1.0468e+02,1.0497e+02,1.0528e+02,1.0554e+02,1.0598e+02,1.0575e+02,1.0555e+02,1.0555e+02,1.0556e+02,1.0600e+02,1.0667e+02,1.0657e+02,1.0611e+02,1.0615e+02,1.0645e+02,1.0678e+02,1.0717e+02,1.0711e+02,1.0638e+02,1.0579e+02,1.0539e+02,1.0557e+02,1.0577e+02,1.0530e+02,1.0659e+02,1.0814e+02,1.0900e+02,1.1147e+02,1.1200e+02,1.1162e+02,1.1197e+02,1.1360e+02,1.1425e+02,1.1547e+02,1.1554e+02,1.1769e+02,1.2031e+02,1.2273e+02,1.2492e+02,1.2705e+02,1.2825e+02,1.3051e+02,1.3195e+02,1.3403e+02,1.3327e+02,1.3319e+02,1.3164e+02,1.2832e+02,1.2601e+02,1.2302e+02,1.2002e+02,1.1770e+02,1.1508e+02,1.1489e+02,1.1164e+02,1.0821e+02,1.0621e+02,1.0330e+02,1.0038e+02,9.7398e+01,9.5494e+01,9.2638e+01,8.9655e+01,8.9078e+01,8.7337e+01,8.5350e+01,8.3445e+01,7.9982e+01,7.7977e+01,7.4877e+01,7.2463e+01,6.9162e+01,6.6796e+01,6.7268e+01,6.4741e+01,6.1518e+01,5.9045e+01,5.5872e+01,5.5266e+01,5.2469e+01,5.1664e+01,4.8454e+01,4.6027e+01,4.3466e+01,4.3239e+01,4.0928e+01,3.8287e+01,3.8752e+01,3.6370e+01,3.3961e+01,3.2259e+01,3.2347e+01,3.1813e+01,3.0020e+01,3.0838e+01,3.2192e+01,3.4122e+01,3.5291e+01,3.6166e+01,3.7290e+01,3.7704e+01,3.9143e+01,4.0655e+01,4.1893e+01,4.3792e+01,4.5245e+01,4.6830e+01,4.8575e+01,4.9919e+01,5.1243e+01,5.2280e+01,5.3015e+01,5.4234e+01,5.5365e+01,5.6541e+01,5.7616e+01,5.8764e+01,6.0060e+01,6.1503e+01,6.2877e+01,6.4624e+01,6.5497e+01,6.6520e+01,6.7764e+01,6.8357e+01,6.9093e+01,6.9050e+01,6.8755e+01
1.0594e+02,1.0574e+02,1.0595e+02,1.0638e+02,1.0665e+02,1.0697e+02,1.0722e+02,1.0767e+02,1.0744e+02,1.0725e+02,1.0726e+02,1.0727e+02,1.0772e+02,1.0840e+02,1.0830e+02,1.0782e+02,1.0788e+02,1.0819e+02,1.0851e+02,1.0890e+02,1.0885e+02,1.0813e+02,1.0753e+02,1.0713e+02,1.0732e+02,1.0752e+02,1.0704e+02,1.0832e+02,1.0986e+02,1.1072e+02,1.1318e+02,1.1368e+02,1.1329e+02,1.1360e+02,1.1524e+02,1.1590e+02,1.1715e+02,1.1722e+02,1.1938e+02,1.2200e+02,1.2442e+02,1.2662e+02,1.2875e+02,1.2995e+02,1.3222e+02,1.3364e+02,1.3573e+02,1.3497e+02,1.3486e+02,1.3332e+02,1.3000e+02,1.2770e+02,1.2470e+02,1.2170e+02,1.1938e+02,1.1674e+02,1.1651e+02,1.1326e+02,1.0985e+02,1.0782e+02,1.0491e+02,1.0201e+02,9.9019e+01,9.7107e+01,9.4279e+01,9.1276e+01,9.0676e+01,8.8961e+01,8.7019e+01,8.5141e+01,8.1677e+01,7.9646e+01,7.6552e+01,7.4186e+01,7.0922e+01,6.8512e+01,6.8902e+01,6.6353e+01,6.3157e+01,6.0646e+01,5.7530e+01,5.7000e+01,5.4268e+01,5.3515e+01,5.0334e+01,4.7966e+01,4.5444e+01,4.5161e+01,4.2792e+01,4.0199e+01,4.0658e+01,3.8320e+01,3.5867e+01,3.4205e+01,3.4336e+01,3.3717e+01,3.1905e+01,3.2643e+01,3.4042e+01,3.5940e+01,3.7061e+01,3.7856e+01,3.8941e+01,3.9294e+01,4.0678e+01,4.2125e+01,4.3316e+01,4.5131e+01,4.6517e+01,4.8049e+01,4.9726e+01,5.1033e+01,5.2310e+01,5.3318e+01,5.4035e+01,5.5228e+01,5.6322e+01,5.7465e+01,5.8521e+01,5.9647e+01,6.0915e+01,6.2332e+01,6.3686e+01,6.5403e+01,6.6259e+01,6.7268e+01,6.8490e+01,6.9075e+01,6.9800e+01,6.9761e+01,6.9472e+01
1.0664e+02,1.0643e+02,1.0666e+02,1.0709e+02,1.0737e+02,1.0769e+02,1.0794e+02,1.0838e+02,1.0816e+02,1.0797e+02,1.0798e+02,1.0800e+02,1.0846e+02,1.0914e+02,1.0903e+02,1.0854e+02,1.0859e+02,1.0889e+02,1.0920e+02,1.0960e+02,1.0957e+02,1.0886e+02,1.0827e+02,1.0788e+02,1.0808e+02,1.0829e+02,1.0782e+02,1.0909e+02,1.1062e+02,1.1146e+02,1.1391e+02,1.1440e+02,1.1400e+02,1.1430e+02,1.1594e+02,1.1662e+02,1.1787e+02,1.1795e+02,1.2011e+02,1.2274e+02,1.2517e+02,1.2736e+02,1.2951e+02,1.3070e+02,1.3297e+02,1.3438e+02,1.3646e+02,1.3569e+02,1.3557e+02,1.3402e+02,1.3070e+02,1.2840e+02,1.2538e+02,1.2240e+02,1.2006e+02,1.1740e+02,1.1715e+02,1.1390e+02,1.1049e+02,1.0844e+02,1.0552e+02,1.0263e+02,9.9627e+01,9.7700e+01,9.4878e+01,9.1850e+01,9.1223e+01,8.9523e+01,8.7618e+01,8.5753e+01,8.2273e+01,8.0216e+01,7.7102e+01,7.4764e+01,7.1523e+01,6.9059e+01,6.9374e+01,6.6768e+01,6.3565e+01,6.0981e+01,5.7896e+01,5.7419e+01,5.4730e+01,5.4011e+01,5.0823e+01,4.8512e+01,4.5992e+01,4.5609e+01,4.3155e+01,4.0586e+01,4.1080e+01,3.8786e+01,3.6285e+01,3.4706e+01,3.4979e+01,3.4337e+01,3.2504e+01,3.3257e+01,3.4782e+01,3.6711e+01,3.7857e+01,3.8717e+01,3.9852e+01,4.0205e+01,4.1618e+01,4.3039e+01,4.4201e+01,4.5992e+01,4.7329e+01,4.8837e+01,5.0472e+01,5.1766e+01,5.3028e+01,5.4026e+01,5.4737e+01,5.5921e+01,5.7003e+01,5.8121e+01,5.9162e+01,6.0281e+01,6.1531e+01,6.2932e+01,6.4272e+01,6.5967e+01,6.6810e+01,6.7809e+01,6.9016e+01,6.9596e+01,7.0315e+01,7.0275e+01,6.9987e+01
1.0657e+02,1.0636e+02,1.0658e+02,1.0701e+02,1.0729e+02,1.0761e+02,1.0785e+02,1.0829e+02,1.0806e+02,1.0788e+02,1.0789e+02,1.0791e+02,1.0836e+02,1.0904e+02,1.0893e+02,1.0844e+02,1.0849e+02,1.0881e+02,1.0912e+02,1.0953e+02,1.0952e+02,1.0881e+02,1.0823e+02,1.0786e+02,1.0807e+02,1.0830e+02,1.0783e+02,1.0912e+02,1.1066e+02,1.1149e+02,1.1393e+02,1.1443e+02,1.1404e+02,1.1434e+02,1.1600e+02,1.1669e+02,1.1793e+02,1.1801e+02,1.2016e+02,1.2280e+02,1.2523e+02,1.2743e+02,1.2958e+02,1.3075e+02,1.3301e+02,1.3442e+02,1.3649e+02,1.3570e+02,1.3557e+02,1.3399e+02,1.3068e+02,1.2835e+02,1.2533e+02,1.2235e+02,1.2004e+02,1.1737e+02,1.1712e+02,1.1389e+02,1.1048e+02,1.0841e+02,1.0549e+02,1.0259e+02,9.9591e+01,9.7638e+01,9.4795e+01,9.1762e+01,9.1169e+01,8.9493e+01,8.7573e+01,8.5731e+01,8.2231e+01,8.0126e+01,7.7021e+01,7.4717e+01,7.1466e+01,6.8966e+01,6.9245e+01,6.6639e+01,6.3441e+01,6.0838e+01,5.7752e+01,5.7348e+01,5.4657e+01,5.4016e+01,5.0818e+01,4.8460e+01,4.5983e+01,4.5646e+01,4.3125e+01,4.0496e+01,4.0907e+01,3.8559e+01,3.6014e+01,3.4378e+01,3.4639e+01,3.3907e+01,3.2002e+01,3.2702e+01,3.4260e+01,3.6195e+01,3.7341e+01,3.8191e+01,3.9277e+01,3.9613e+01,4.0966e+01,4.2320e+01,4.3403e+01,4.5135e+01,4.6413e+01,4.7870e+01,4.9454e+01,5.0726e+01,5.1972e+01,5.2963e+01,5.3666e+01,5.4845e+01,5.5914e+01,5.7016e+01,5.8054e+01,5.9172e+01,6.0410e+01,6.1806e+01,6.3145e+01,6.4835e+01,6.5669e+01,6.6663e+01,6.7865e+01,6.8446e+01,6.9164e+01,6.9126e+01,6.8839e+01
1.0658e+02,1.0637e+02,1.0660e+02,1.0702e+02,1.0730e+02,1.0761e+02,1.0786e+02,1.0828e+02,1.0805e+02,1.0786e+02,1.0786e+02,1.0787e+02,1.0830e+02,1.0898e+02,1.0886e+02,1.0838e+02,1.0842e+02,1.0873e+02,1.0905e+02,1.0948e+02,1.0945e+02,1.0875e+02,1.0816e+02,1.0779e+02,1.0799e+02,1.0821e+02,1.0774e+02,1.0903e+02,1.1057e+02,1.1141e+02,1.1384e+02,1.1437e+02,1.1398e+02,1.1430e+02,1.1596e+02,1.1665e+02,1.1788e+02,1.1794e+02,1.2009e+02,1.2275e+02,1.2518e+02,1.2739e+02,1.2954e+02,1.3071e+02,1.3297e+02,1.3439e+02,1.3646e+02,1.3566e+02,1.3554e+02,1.3396e+02,1.3064e+02,1.2831e+02,1.2530e+02,1.2232e+02,1.2003e+02,1.1736e+02,1.1713e+02,1.1390e+02,1.1048e+02,1.0840e+02,1.0548e+02,1.0256e+02,9.9551e+01,9.7588e+01,9.4720e+01,9.1678e+01,9.1098e+01,8.9418e+01,8.7476e+01,8.5628e+01,8.2103e+01,7.9962e+01,7.6867e+01,7.4592e+01,7.1317e+01,6.8790e+01,6.9051e+01,6.6460e+01,6.3270e+01,6.0663e+01,5.7561e+01,5.7228e+01,5.4525e+01,5.3959e+01,5.0748e+01,4.8303e+01,4.5849e+01,4.5588e+01,4.3034e+01,4.0334e+01,4.0615e+01,3.8183e+01,3.5603e+01,3.3840e+01,3.4045e+01,3.3245e+01,3.1224e+01,3.1860e+01,3.3427e+01,3.5390e+01,3.6582e+01,3.7395e+01,3.8369e+01,3.8641e+01,3.9900e+01,4.1222e+01,4.2236e+01,4.3900e+01,4.5163e+01,4.6600e+01,4.8159e+01,4.9430e+01,5.0679e+01,5.1681e+01,5.2386e+01,5.3576e+01,5.4646e+01,5.5747e+01,5.6787e+01,5.7910e+01,5.9147e+01,6.0549e+01,6.1891e+01,6.3587e+01,6.4421e+01,6.5417e+01,6.6623e+01,6.7208e+01,6.7931e+01,6.7897e+01,6.7611e+01
1.0587e+02,1.0566e+02,1.0588e+02,1.0631e+02,1.0658e+02,1.0688e+02,1.0712e+02,1.0754e+02,1.0732e+02,1.0713e+02,1.0713e+02,1.0714e+02,1.0757e+02,1.0824e+02,1.0812e+02,1.0764e+02,1.0768e+02,1.0800e+02,1.0832e+02,1.0876e+02,1.0874e+02,1.0803e+02,1.0744e+02,1.0708e+02,1.0729e+02,1.0752e+02,1.0707e+02,1.0837e+02,1.0993e+02,1.1078e+02,1.1322e+02,1.1377e+02,1.1339e+02,1.1375e+02,1.1541e+02,1.1609e+02,1.1729e+02,1.1733e+02,1.1947e+02,1.2213e+02,1.2455e+02,1.2675e+02,1.2891e+02,1.3008e+02,1.3235e+02,1.3377e+02,1.3582e+02,1.3502e+02,1.3492e+02,1.3332e+02,1.3001e+02,1.2768e+02,1.2468e+02,1.2170e+02,1.1943e+02,1.1676e+02,1.1654e+02,1.1333e+02,1.0989e+02,1.0781e+02,1.0490e+02,1.0196e+02,9.8955e+01,9.6986e+01,9.4092e+01,9.1056e+01,9.0499e+01,8.8806e+01,8.6830e+01,8.4966e+01,8.1430e+01,7.9279e+01,7.6187e+01,7.3917e+01,7.0626e+01,6.8091e+01,6.8357e+01,6.5773e+01,6.2576e+01,5.9970e+01,5.6848e+01,5.6532e+01,5.3807e+01,5.3265e+01,5.0028e+01,4.7527e+01,4.5069e+01,4.4850e+01,4.2268e+01,3.9498e+01,3.9724e+01,3.7234e+01,3.4635e+01,3.2827e+01,3.3008e+01,3.2252e+01,3.0211e+01,3.0885e+01,3.2460e+01,3.4477e+01,3.5721e+01,3.6589e+01,3.7561e+01,3.7859e+01,3.9125e+01,4.0468e+01,4.1471e+01,4.3129e+01,4.4398e+01,4.5839e+01,4.7404e+01,4.8687e+01,4.9951e+01,5.0962e+01,5.1674e+01,5.2872e+01,5.3949e+01,5.5058e+01,5.6100e+01,5.7229e+01,5.8471e+01,5.9878e+01,6.1222e+01,6.2922e+01,6.3755e+01,6.4755e+01,6.5963e+01,6.6551e+01,6.7277e+01,6.7240e+01,6.6952e+01
1.0539e+02,1.0518e+02,1.0541e+02,1.0583e+02,1.0611e+02,1.0641e+02,1.0665e+02,1.0707e+02,1.0684e+02,1.0663e+02,1.0662e+02,1.0661e+02,1.0703e+02,1.0768e+02,1.0756e+02,1.0708e+02,1.0711e+02,1.0742e+02,1.0773e+02,1.0816e+02,1.0812e+02,1.0738e+02,1.0677e+02,1.0638e+02,1.0657e+02,1.0677e+02,1.0630e+02,1.0758e+02,1.0914e+02,1.1000e+02,1.1244e+02,1.1301e+02,1.1263e+02,1.1300e+02,1.1466e+02,1.1532e+02,1.1652e+02,1.1653e+02,1.1868e+02,1.2133e+02,1.2377e+02,1.2597e+02,1.2814e+02,1.2932e+02,1.3160e+02,1.3304e+02,1.3511e+02,1.3433e+02,1.3424e+02,1.3267e+02,1.2936e+02,1.2705e+02,1.2406e+02,1.2107e+02,1.1881e+02,1.1615e+02,1.1596e+02,1.1274e+02,1.0929e+02,1.0722e+02,1.0431e+02,1.0136e+02,9.8337e+01,9.6391e+01,9.3488e+01,9.0446e+01,8.9869e+01,8.8134e+01,8.6144e+01,8.4238e+01,8.0694e+01,7.8557e+01,7.5462e+01,7.3187e+01,6.9879e+01,6.7350e+01,6.7632e+01,6.5061e+01,6.1863e+01,5.9269e+01,5.6129e+01,5.5813e+01,5.3072e+01,5.2531e+01,4.9288e+01,4.6740e+01,4.4263e+01,4.4081e+01,4.1537e+01,3.8757e+01,3.8923e+01,3.6421e+01,3.3847e+01,3.1995e+01,3.2162e+01,3.1480e+01,2.9427e+01,3.0150e+01,3.1737e+01,3.3819e+01,3.5190e+01,3.6053e+01,3.6937e+01,3.7171e+01,3.8389e+01,3.9784e+01,4.0793e+01,4.2430e+01,4.3749e+01,4.5217e+01,4.6804e+01,4.8115e+01,4.9411e+01,5.0449e+01,5.1171e+01,5.2394e+01,5.3489e+01,5.4617e+01,5.5672e+01,5.6818e+01,5.8073e+01,5.9497e+01,6.0852e+01,6.2568e+01,6.3408e+01,6.4414e+01,6.5632e+01,6.6224e+01,6.6956e+01,6.6918e+01,6.6628e+01
1.0600e+02,1.0579e+02,1.0602e+02,1.0644e+02,1.0672e+02,1.0703e+02,1.0727e+02,1.0769e+02,1.0745e+02,1.0724e+02,1.0722e+02,1.0722e+02,1.0763e+02,1.0829e+02,1.0817e+02,1.0769e+02,1.0771e+02,1.0801e+02,1.0832e+02,1.0875e+02,1.0871e+02,1.0797e+02,1.0736e+02,1.0696e+02,1.0713e+02,1.0732e+02,1.0684e+02,1.0811e+02,1.0965e+02,1.1050e+02,1.1293e+02,1.1350e+02,1.1311e+02,1.1349e+02,1.1515e+02,1.1581e+02,1.1702e+02,1.1704e+02,1.1919e+02,1.2185e+02,1.2430e+02,1.2650e+02,1.2868e+02,1.2986e+02,1.3215e+02,1.3360e+02,1.3567e+02,1.3490e+02,1.3482e+02,1.3325e+02,1.2994e+02,1.2763e+02,1.2463e+02,1.2164e+02,1.1938e+02,1.1673e+02,1.1652e+02,1.1329e+02,1.0984e+02,1.0777e+02,1.0485e+02,1.0190e+02,9.8869e+01,9.6928e+01,9.4030e+01,9.0977e+01,9.0384e+01,8.8648e+01,8.6668e+01,8.4763e+01,8.1212e+01,7.9066e+01,7.5966e+01,7.3701e+01,7.0396e+01,6.7849e+01,6.8105e+01,6.5522e+01,6.2328e+01,5.9716e+01,5.6584e+01,5.6292e+01,5.3563e+01,5.3037e+01,4.9802e+01,4.7265e+01,4.4799e+01,4.4604e+01,4.2054e+01,3.9305e+01,3.9461e+01,3.6979e+01,3.4387e+01,3.2528e+01,3.2703e+01,3.1967e+01,2.9881e+01,3.0561e+01,3.2151e+01,3.4226e+01,3.5589e+01,3.6407e+01,3.7244e+01,3.7435e+01,3.8601e+01,3.9982e+01,4.0956e+01,4.2561e+01,4.3877e+01,4.5310e+01,4.6872e+01,4.8163e+01,4.9450e+01,5.0486e+01,5.1202e+01,5.2426e+01,5.3519e+01,5.4641e+01,5.5696e+01,5.6840e+01,5.8092e+01,5.9512e+01,6.0866e+01,6.2579e+01,6.3420e+01,6.4422e+01,6.5638e+01,6.6228e+01,6.6959e+01,6.6927e+01,6.6639e+01
1.0647e+02,1.0626e+02,1.0650e+02,1.0691e+02,1.0720e+02,1.0751e+02,1.0774e+02,1.0815e+02,1.0792e+02,1.0770e+02,1.0767e+02,1.0767e+02,1.0807e+02,1.0872e+02,1.0860e+02,1.0812e+02,1.0813e+02,1.0844e+02,1.0874e+02,1.0919e+02,1.0914e+02,1.0839e+02,1.0778e+02,1.0738e+02,1.0755e+02,1.0773e+02,1.0726e+02,1.0851e+02,1.1004e+02,1.1089e+02,1.1331e+02,1.1389e+02,1.1350e+02,1.1388e+02,1.1555e+02,1.1621e+02,1.1742e+02,1.1743e+02,1.1958e+02,1.2225e+02,1.2471e+02,1.2691e+02,1.2910e+02,1.3026e+02,1.3255e+02,1.3401e+02,1.3608e+02,1.3530e+02,1.3523e+02,1.3365e+02,1.3035e+02,1.2804e+02,1.2505e+02,1.2207e+02,1.1982e+02,1.1717e+02,1.1698e+02,1.1374e+02,1.1029e+02,1.0821e+02,1.0529e+02,1.0234e+02,9.9297e+01,9.7351e+01,9.4445e+01,9.1385e+01,9.0797e+01,8.9060e+01,8.7075e+01,8.5169e+01,8.1605e+01,7.9430e+01,7.6345e+01,7.4126e+01,7.0820e+01,6.8244e+01,6.8459e+01,6.5891e+01,6.2723e+01,6.0107e+01,5.6993e+01,5.6782e+01,5.4077e+01,5.3631e+01,5.0414e+01,4.7839e+01,4.5428e+01,4.5283e+01,4.2724e+01,3.9976e+01,4.0009e+01,3.7521e+01,3.4945e+01,3.3047e+01,3.3189e+01,3.2403e+01,3.0286e+01,3.0896e+01,3.2468e+01,3.4509e+01,3.5906e+01,3.6643e+01,3.7347e+01,3.7439e+01,3.8497e+01,3.9818e+01,4.0726e+01,4.2241e+01,4.3519e+01,4.4909e+01,4.6425e+01,4.7691e+01,4.8957e+01,4.9990e+01,5.0699e+01,5.1918e+01,5.3000e+01,5.4110e+01,5.5152e+01,5.6287e+01,5.7530e+01,5.8942e+01,6.0289e+01,6.1992e+01,6.2826e+01,6.3823e+01,6.5033e+01,6.5622e+01,6.6354e+01,6.6326e+01,6.6043e+01
1.0680e+02,1.0659e+02,1.0682e+02,1.0724e+02,1.0752e+02,1.0782e+02,1.0805e+02,1.0846e+02,1.0823e+02,1.0802e+02,1.0799e+02,1.0800e+02,1.0840e+02,1.0906e+02,1.0893e+02,1.0844e+02,1.0844e+02,1.0875e+02,1.0905e+02,1.0950e+02,1.0947e+02,1.0873e+02,1.0812e+02,1.0773e+02,1.0790e+02,1.0809e+02,1.0763e+02,1.0890e+02,1.1044e+02,1.1127e+02,1.1368e+02,1.1426e+02,1.1387e+02,1.1424e+02,1.1591e+02,1.1659e+02,1.1780e+02,1.1781e+02,1.1996e+02,1.2264e+02,1.2509e+02,1.2730e+02,1.2950e+02,1.3065e+02,1.3295e+02,1.3439e+02,1.3646e+02,1.3567e+02,1.3559e+02,1.3401e+02,1.3071e+02,1.2840e+02,1.2541e+02,1.2244e+02,1.2018e+02,1.1752e+02,1.1731e+02,1.1407e+02,1.1062e+02,1.0853e+02,1.0560e+02,1.0265e+02,9.9594e+01,9.7636e+01,9.4726e+01,9.1651e+01,9.1059e+01,8.9334e+01,8.7358e+01,8.5463e+01,8.1882e+01,7.9670e+01,7.6585e+01,7.4418e+01,7.1138e+01,6.8503e+01,6.8631e+01,6.6035e+01,6.2882e+01,6.0221e+01,5.7145e+01,5.7021e+01,5.4362e+01,5.3986e+01,5.0772e+01,4.8224e+01,4.5844e+01,4.5664e+01,4.3033e+01,4.0286e+01,4.0285e+01,3.7807e+01,3.5183e+01,3.3323e+01,3.3504e+01,3.2692e+01,3.0575e+01,3.1146e+01,3.2764e+01,3.4792e+01,3.6175e+01,3.6931e+01,3.7626e+01,3.7728e+01,3.8778e+01,4.0055e+01,4.0915e+01,4.2403e+01,4.3627e+01,4.4999e+01,4.6468e+01,4.7725e+01,4.8967e+01,4.9997e+01,5.0711e+01,5.1923e+01,5.2995e+01,5.4094e+01,5.5129e+01,5.6259e+01,5.7491e+01,5.8891e+01,6.0227e+01,6.1915e+01,6.2740e+01,6.3730e+01,6.4933e+01,6.5519e+01,6.6251e+01,6.6222e+01,6.5940e+01
1.0735e+02,1.0714e+02,1.0737e+02,1.0779e+02,1.0807e+02,1.0837e+02,1.0860e+02,1.0901e+02,1.0878e+02,1.0855e+02,1.0852e+02,1.0853e+02,1.0892e+02,1.0957e+02,1.0942e+02,1.0893e+02,1.0893e+02,1.0924e+02,1.0953e+02,1.0998e+02,1.0994e+02,1.0919e+02,1.0857e+02,1.0818e+02,1.0835e+02,1.0853e+02,1.0808e+02,1.0934e+02,1.1086e+02,1.1170e+02,1.1410e+02,1.1470e+02,1.1431e+02,1.1470e+02,1.1637e+02,1.1703e+02,1.1824e+02,1.1823e+02,1.2038e+02,1.2305e+02,1.2551e+02,1.2771e+02,1.2992e+02,1.3107e+02,1.3337e+02,1.3482e+02,1.3688e+02,1.3610e+02,1.3603e+02,1.3445e+02,1.3117e+02,1.2886e+02,1.2589e+02,1.2293e+02,1.2069e+02,1.1803e+02,1.1783e+02,1.1460e+02,1.1115e+02,1.0906e+02,1.0612e+02,1.0317e+02,1.0011e+02,9.8166e+01,9.5251e+01,9.2177e+01,9.1580e+01,8.9840e+01,8.7857e+01,8.5945e+01,8.2359e+01,8.0141e+01,7.7069e+01,7.4940e+01,7.1671e+01,6.9018e+01,6.9108e+01,6.6524e+01,6.3398e+01,6.0735e+01,5.7687e+01,5.7623e+01,5.4996e+01,5.4673e+01,5.1480e+01,4.8921e+01,4.6577e+01,4.6420e+01,4.3797e+01,4.1069e+01,4.0978e+01,3.8515e+01,3.5926e+01,3.4060e+01,3.4209e+01,3.3425e+01,3.1313e+01,3.1863e+01,3.3446e+01,3.5449e+01,3.6863e+01,3.7580e+01,3.8196e+01,3.8242e+01,3.9230e+01,4.0469e+01,4.1294e+01,4.2715e+01,4.3900e+01,4.5250e+01,4.6681e+01,4.7932e+01,4.9159e+01,5.0189e+01,5.0904e+01,5.2110e+01,5.3172e+01,5.4264e+01,5.5282e+01,5.6400e+01,5.7621e+01,5.9010e+01,6.0337e+01,6.2013e+01,6.2829e+01,6.3811e+01,6.5004e+01,6.5584e+01,6.6312e+01,6.6282e+01,6.6005e+01
1.0782e+02,1.0761e+02,1.0784e+02,1.0825e+02,1.0852e+02,1.0882e+02,1.0905e+02,1.0946e+02,1.0924e+02,1.0903e+02,1.0901e+02,1.0903e+02,1.0943e+02,1.1007e+02,1.0992e+02,1.0943e+02,1.0943e+02,1.0974e+02,1.1003e+02,1.1048e+02,1.1045e+02,1.0971e+02,1.0909e+02,1.0872e+02,1.0890e+02,1.0909e+02,1.0865e+02,1.0993e+02,1.1146e+02,1.1229e+02,1.1468e+02,1.1529e+02,1.1489e+02,1.1527e+02,1.1694e+02,1.1762e+02,1.1882e+02,1.1882e+02,1.2096e+02,1.2364e+02,1.2609e+02,1.2830e+02,1.3052e+02,1.3167e+02,1.3397e+02,1.3541e+02,1.3746e+02,1.3668e+02,1.3659e+02,1.3501e+02,1.3174e+02,1.2944e+02,1.2646e+02,1.2351e+02,1.2126e+02,1.1859e+02,1.1837e+02,1.1514e+02,1.1169e+02,1.0958e+02,1.0664e+02,1.0369e+02,1.0063e+02,9.8667e+01,9.5753e+01,9.2671e+01,9.2079e+01,9.0353e+01,8.8374e+01,8.6475e+01,8.2881e+01,8.0637e+01,7.7569e+01,7.5475e+01,7.2225e+01,6.9535e+01,6.9569e+01,6.6970e+01,6.3855e+01,6.1168e+01,5.8146e+01,5.8134e+01,5.5538e+01,5.5253e+01,5.2058e+01,4.9524e+01,4.7196e+01,4.7015e+01,4.4345e+01,4.1623e+01,4.1526e+01,3.9070e+01,3.6429e+01,3.4591e+01,3.4745e+01,3.3918e+01,3.1807e+01,3.2296e+01,3.3878e+01,3.5854e+01,3.7212e+01,3.7921e+01,3.8554e+01,3.8614e+01,3.9585e+01,4.0796e+01,4.1582e+01,4.2969e+01,4.4124e+01,4.5442e+01,4.6831e+01,4.8056e+01,4.9256e+01,5.0279e+01,5.0987e+01,5.2181e+01,5.3228e+01,5.4304e+01,5.5317e+01,5.6426e+01,5.7637e+01,5.9012e+01,6.0327e+01,6.1988e+01,6.2796e+01,6.3770e+01,6.4955e+01,6.5533e+01,6.6259e+01,6.6233e+01,6.5960e+01
1.0618e+02,1.0596e+02,1.0618e+02,1.0659e+02,1.0686e+02,1.0717e+02,1.0740e+02,1.0781e+02,1.0760e+02,1.0739e+02,1.0738e+02,1.0741e+02,1.0781e+02,1.0846e+02,1.0832e+02,1.0782e+02,1.0783e+02,1.0815e+02,1.0844e+02,1.0892e+02,1.0891e+02,1.0819e+02,1.0760e+02,1.0725e+02,1.0745e+02,1.0769e+02,1.0726e+02,1.0857e+02,1.1012e+02,1.1094e+02,1.1334e+02,1.1394e+02,1.1356e+02,1.1393e+02,1.1563e+02,1.1632e+02,1.1751e+02,1.1752e+02,1.1965e+02,1.2234e+02,1.2478e+02,1.2701e+02,1.2922e+02,1.3034e+02,1.3262e+02,1.3404e+02,1.3607e+02,1.3525e+02,1.3515e+02,1.3353e+02,1.3025e+02,1.2792e+02,1.2493e+02,1.2198e+02,1.1974e+02,1.1704e+02,1.1682e+02,1.1359e+02,1.1013e+02,1.0800e+02,1.0507e+02,1.0210e+02,9.9048e+01,9.7044e+01,9.4121e+01,9.1037e+01,9.0493e+01,8.8817e+01,8.6825e+01,8.4977e+01,8.1369e+01,7.9065e+01,7.6022e+01,7.3966e+01,7.0703e+01,6.7991e+01,6.8008e+01,6.5442e+01,6.2349e+01,5.9680e+01,5.6656e+01,5.6719e+01,5.4128e+01,5.3941e+01,5.0755e+01,4.8154e+01,4.5906e+01,4.5835e+01,4.3121e+01,4.0337e+01,4.0094e+01,3.7559e+01,3.4903e+01,3.2958e+01,3.3011e+01,3.2012e+01,2.9853e+01,3.0164e+01,3.1690e+01,3.3580e+01,3.4881e+01,3.5539e+01,3.6176e+01,3.6234e+01,3.7197e+01,3.8391e+01,3.9183e+01,4.0592e+01,4.1757e+01,4.3085e+01,4.4498e+01,4.5741e+01,4.6973e+01,4.8010e+01,4.8727e+01,4.9945e+01,5.1023e+01,5.2122e+01,5.3164e+01,5.4300e+01,5.5538e+01,5.6940e+01,5.8284e+01,5.9981e+01,6.0801e+01,6.1791e+01,6.3000e+01,6.3591e+01,6.4334e+01,6.4306e+01,6.4029e+01
1.0415e+02,1.0394e+02,1.0415e+02,1.0456e+02,1.0484e+02,1.0514e+02,1.0538e+02,1.0579e+02,1.0558e+02,1.0537e+02,1.0535e+02,1.0538e+02,1.0578e+02,1.0644e+02,1.0629e+02,1.0581e+02,1.0582e+02,1.0613e+02,1.0645e+02,1.0694e+02,1.0695e+02,1.0623e+02,1.0567e+02,1.0534e+02,1.0555e+02,1.0581e+02,1.0540e+02,1.0673e+02,1.0829e+02,1.0909e+02,1.1149e+02,1.1210e+02,1.1172e+02,1.1209e+02,1.1380e+02,1.1451e+02,1.1570e+02,1.1572e+02,1.1785e+02,1.2055e+02,1.2298e+02,1.2523e+02,1.2742e+02,1.2851e+02,1.3077e+02,1.3217e+02,1.3419e+02,1.3334e+02,1.3323e+02,1.3159e+02,1.2830e+02,1.2593e+02,1.2294e+02,1.1999e+02,1.1776e+02,1.1505e+02,1.1483e+02,1.1161e+02,1.0814e+02,1.0599e+02,1.0307e+02,1.0009e+02,9.7053e+01,9.5015e+01,9.2081e+01,8.9002e+01,8.8499e+01,8.6859e+01,8.4850e+01,8.3041e+01,7.9424e+01,7.7078e+01,7.4061e+01,7.2028e+01,6.8742e+01,6.6029e+01,6.6061e+01,6.3543e+01,6.0472e+01,5.7846e+01,5.4809e+01,5.4930e+01,5.2336e+01,5.2245e+01,4.9083e+01,4.6396e+01,4.4244e+01,4.4317e+01,4.1603e+01,3.8769e+01,3.8339e+01,3.5736e+01,3.3131e+01,3.1069e+01,3.0999e+01,2.9849e+01,2.7673e+01,2.7830e+01,2.9288e+01,3.1086e+01,3.2397e+01,3.2984e+01,3.3579e+01,3.3602e+01,3.4572e+01,3.5779e+01,3.6607e+01,3.8059e+01,3.9263e+01,4.0632e+01,4.2103e+01,4.3383e+01,4.4669e+01,4.5727e+01,4.6456e+01,4.7706e+01,4.8823e+01,4.9958e+01,5.1030e+01,5.2201e+01,5.3473e+01,5.4911e+01,5.6290e+01,5.8033e+01,5.8870e+01,5.9882e+01,6.1119e+01,6.1723e+01,6.2485e+01,6.2454e+01,6.2170e+01
1.0240e+02,1.0218e+02,1.0240e+02,1.0280e+02,1.0308e+02,1.0338e+02,1.0362e+02,1.0403e+02,1.0382e+02,1.0362e+02,1.0360e+02,1.0363e+02,1.0404e+02,1.0470e+02,1.0455e+02,1.0407e+02,1.0408e+02,1.0440e+02,1.0472e+02,1.0523e+02,1.0525e+02,1.0455e+02,1.0401e+02,1.0370e+02,1.0392e+02,1.0421e+02,1.0381e+02,1.0517e+02,1.0675e+02,1.0755e+02,1.0995e+02,1.1055e+02,1.1018e+02,1.1055e+02,1.1228e+02,1.1301e+02,1.1418e+02,1.1421e+02,1.1632e+02,1.1903e+02,1.2144e+02,1.2372e+02,1.2590e+02,1.2696e+02,1.2921e+02,1.3058e+02,1.3258e+02,1.3171e+02,1.3158e+02,1.2991e+02,1.2662e+02,1.2424e+02,1.2125e+02,1.1830e+02,1.1607e+02,1.1334e+02,1.1311e+02,1.0990e+02,1.0643e+02,1.0425e+02,1.0134e+02,9.8345e+01,9.5318e+01,9.3247e+01,9.0309e+01,8.7223e+01,8.6750e+01,8.5147e+01,8.3138e+01,8.1370e+01,7.7741e+01,7.5341e+01,7.2344e+01,7.0361e+01,6.7082e+01,6.4332e+01,6.4321e+01,6.1824e+01,5.8784e+01,5.6167e+01,5.3152e+01,5.3369e+01,5.0812e+01,5.0837e+01,4.7709e+01,4.4994e+01,4.2947e+01,4.3107e+01,4.0365e+01,3.7520e+01,3.6936e+01,3.4309e+01,3.1729e+01,2.9617e+01,2.9478e+01,2.8171e+01,2.6007e+01,2.5993e+01,2.7408e+01,2.9129e+01,3.0422e+01,3.0971e+01,3.1543e+01,3.1575e+01,3.2514e+01,3.3729e+01,3.4551e+01,3.6027e+01,3.7267e+01,3.8661e+01,4.0166e+01,4.1491e+01,4.2834e+01,4.3927e+01,4.4672e+01,4.5960e+01,4.7115e+01,4.8282e+01,4.9392e+01,5.0597e+01,5.1900e+01,5.3367e+01,5.4779e+01,5.6560e+01,5.7410e+01,5.8437e+01,5.9697e+01,6.0311e+01,6.1089e+01,6.1055e+01,6.0765e+01
1.0059e+02,1.0037e+02,1.0059e+02,1.0099e+02,1.0128e+02,1.0158e+02,1.0183e+02,1.0224e+02,1.0203e+02,1.0182e+02,1.0179e+02,1.0183e+02,1.0224e+02,1.0290e+02,1.0275e+02,1.0228e+02,1.0228e+02,1.0259e+02,1.0292e+02,1.0345e+02,1.0348e+02,1.0277e+02,1.0224e+02,1.0195e+02,1.0217e+02,1.0247e+02,1.0209e+02,1.0345e+02,1.0503e+02,1.0582e+02,1.0822e+02,1.0882e+02,1.0846e+02,1.0883e+02,1.1057e+02,1.1131e+02,1.1248e+02,1.1251e+02,1.1462e+02,1.1734e+02,1.1974e+02,1.2204e+02,1.2420e+02,1.2524e+02,1.2748e+02,1.2884e+02,1.3082e+02,1.2994e+02,1.2980e+02,1.2811e+02,1.2483e+02,1.2243e+02,1.1944e+02,1.1649e+02,1.1427e+02,1.1152e+02,1.1130e+02,1.0809e+02,1.0461e+02,1.0241e+02,9.9505e+01,9.6503e+01,9.3485e+01,9.1388e+01,8.8447e+01,8.5361e+01,8.4912e+01,8.3337e+01,8.1323e+01,7.9587e+01,7.5951e+01,7.3512e+01,7.0544e+01,6.8599e+01,6.5308e+01,6.2554e+01,6.2545e+01,6.0103e+01,5.7098e+01,5.4526e+01,5.1518e+01,5.1809e+01,4.9276e+01,4.9411e+01,4.6328e+01,4.3545e+01,4.1613e+01,4.1911e+01,3.9191e+01,3.6342e+01,3.5545e+01,3.2892e+01,3.0415e+01,2.8226e+01,2.7979e+01,2.6565e+01,2.4451e+01,2.4278e+01,2.5588e+01,2.7194e+01,2.8550e+01,2.8985e+01,2.9437e+01,2.9375e+01,3.0295e+01,3.1554e+01,3.2440e+01,3.3946e+01,3.5255e+01,3.6702e+01,3.8269e+01,3.9642e+01,4.1049e+01,4.2179e+01,4.2946e+01,4.4274e+01,4.5465e+01,4.6665e+01,4.7805e+01,4.9039e+01,5.0370e+01,5.1869e+01,5.3310e+01,5.5128e+01,5.5991e+01,5.7036e+01,5.8316e+01,5.8941e+01,5.9735e+01,5.9701e+01,5.9406e+01
9.8730e+01,9.8512e+01,9.8719e+01,9.9124e+01,9.9404e+01,9.9706e+01,9.9948e+01,1.0036e+02,1.0016e+02,9.9944e+01,9.9915e+01,9.9950e+01,1.0036e+02,1.0101e+02,1.0085e+02,1.0039e+02,1.0040e+02,1.0071e+02,1.0104e+02,1.0158e+02,1.0162e+02,1.0092e+02,1.0040e+02,1.0012e+02,1.0033e+02,1.0065e+02,1.0029e+02,1.0167e+02,1.0326e+02,1.0405e+02,1.0645e+02,1.0706e+02,1.0671e+02,1.0709e+02,1.0885e+02,1.0959e+02,1.1074e+02,1.1077e+02,1.1285e+02,1.1558e+02,1.1796e+02,1.2027e+02,1.2243e+02,1.2344e+02,1.2567e+02,1.2702e+02,1.2898e+02,1.2809e+02,1.2795e+02,1.2625e+02,1.2297e+02,1.2057e+02,1.1758e+02,1.1464e+02,1.1244e+02,1.0968e+02,1.0947e+02,1.0627e+02,1.0279e+02,1.0058e+02,9.7690e+01,9.4675e+01,9.1669e+01,8.9559e+01,8.6606e+01,8.3528e+01,8.3109e+01,8.1550e+01,7.9522e+01,7.7806e+01,7.4165e+01,7.1692e+01,6.8752e+01,6.6854e+01,6.3568e+01,6.0799e+01,6.0764e+01,5.8361e+01,5.5395e+01,5.2853e+01,4.9870e+01,5.0250e+01,4.7760e+01,4.8012e+01,4.4984e+01,4.2181e+01,4.0370e+01,4.0765e+01,3.8051e+01,3.5227e+01,3.4249e+01,3.1618e+01,2.9244e+01,2.7064e+01,2.6752e+01,2.5250e+01,2.3247e+01,2.2918e+01,2.4118e+01,2.5622e+01,2.7007e+01,2.7354e+01,2.7663e+01,2.7565e+01,2.8387e+01,2.9686e+01,3.0557e+01,3.2051e+01,3.3425e+01,3.4912e+01,3.6537e+01,3.7953e+01,3.9421e+01,4.0580e+01,4.1368e+01,4.2734e+01,4.3957e+01,4.5189e+01,4.6365e+01,4.7629e+01,4.8986e+01,5.0516e+01,5.1984e+01,5.3838e+01,5.4714e+01,5.5776e+01,5.7080e+01,5.7714e+01,5.8522e+01,5.8485e+01,5.8185e+01
9.6653e+01,9.6436e+01,9.6641e+01,9.7046e+01,9.7332e+01,9.7635e+01,9.7878e+01,9.8290e+01,9.8086e+01,9.7864e+01,9.7827e+01,9.7859e+01,9.8263e+01,9.8906e+01,9.8743e+01,9.8287e+01,9.8286e+01,9.8590e+01,9.8924e+01,9.9482e+01,9.9518e+01,9.8824e+01,9.8312e+01,9.8048e+01,9.8261e+01,9.8602e+01,9.8250e+01,9.9642e+01,1.0124e+02,1.0203e+02,1.0442e+02,1.0504e+02,1.0470e+02,1.0509e+02,1.0685e+02,1.0760e+02,1.0874e+02,1.0877e+02,1.1084e+02,1.1357e+02,1.1595e+02,1.1827e+02,1.2041e+02,1.2142e+02,1.2363e+02,1.2496e+02,1.2691e+02,1.2600e+02,1.2585e+02,1.2414e+02,1.2087e+02,1.1846e+02,1.1547e+02,1.1253e+02,1.1034e+02,1.0758e+02,1.0738e+02,1.0419e+02,1.0069e+02,9.8476e+01,9.5606e+01,9.2577e+01,8.9586e+01,8.7458e+01,8.4496e+01,8.1429e+01,8.1045e+01,7.9508e+01,7.7462e+01,7.5773e+01,7.2133e+01,6.9630e+01,6.6730e+01,6.4874e+01,6.1585e+01,5.8825e+01,5.8799e+01,5.6466e+01,5.3549e+01,5.1073e+01,4.8107e+01,4.8562e+01,4.6109e+01,4.6480e+01,4.3517e+01,4.0660e+01,3.8988e+01,3.9535e+01,3.6873e+01,3.4079e+01,3.2869e+01,3.0259e+01,2.8051e+01,2.5870e+01,2.5450e+01,2.3883e+01,2.2055e+01,2.1559e+01,2.2588e+01,2.3915e+01,2.5376e+01,2.5588e+01,2.5721e+01,2.5524e+01,2.6294e+01,2.7661e+01,2.8599e+01,3.0108e+01,3.1568e+01,3.3114e+01,3.4807e+01,3.6274e+01,3.7811e+01,3.9003e+01,3.9817e+01,4.1225e+01,4.2490e+01,4.3757e+01,4.4964e+01,4.6254e+01,4.7640e+01,4.9200e+01,5.0695e+01,5.2583e+01,5.3472e+01,5.4551e+01,5.5876e+01,5.6522e+01,5.7346e+01,5.7311e+01,5.7008e+01
9.4942e+01,9.4721e+01,9.4919e+01,9.5319e+01,9.5598e+01,9.5897e+01,9.6134e+01,9.6538e+01,9.6335e+01,9.6118e+01,9.6077e+01,9.6111e+01,9.6513e+01,9.7157e+01,9.6994e+01,9.6537e+01,9.6538e+01,9.6848e+01,9.7192e+01,9.7767e+01,9.7825e+01,9.7149e+01,9.6660e+01,9.6427e+01,9.6660e+01,9.7035e+01,9.6711e+01,9.8133e+01,9.9757e+01,1.0054e+02,1.0294e+02,1.0357e+02,1.0325e+02,1.0364e+02,1.0543e+02,1.0619e+02,1.0731e+02,1.0734e+02,1.0939e+02,1.1213e+02,1.1449e+02,1.1682e+02,1.1894e+02,1.1993e+02,1.2212e+02,1.2344e+02,1.2536e+02,1.2442e+02,1.2427e+02,1.2254e+02,1.1926e+02,1.1683e+02,1.1385e+02,1.1092e+02,1.0874e+02,1.0596e+02,1.0577e+02,1.0260e+02,9.9098e+01,9.6872e+01,9.4017e+01,9.0959e+01,8.7984e+01,8.5825e+01,8.2829e+01,7.9772e+01,7.9445e+01,7.7937e+01,7.5857e+01,7.4201e+01,7.0549e+01,6.8004e+01,6.5108e+01,6.3263e+01,5.9960e+01,5.7184e+01,5.7158e+01,5.4832e+01,5.1909e+01,4.9440e+01,4.6454e+01,4.6956e+01,4.4498e+01,4.4953e+01,4.2007e+01,3.9116e+01,3.7533e+01,3.8161e+01,3.5469e+01,3.2641e+01,3.1299e+01,2.8654e+01,2.6483e+01,2.4279e+01,2.3823e+01,2.2049e+01,2.0279e+01,1.9565e+01,2.0553e+01,2.1788e+01,2.3213e+01,2.3454e+01,2.3592e+01,2.3505e+01,2.4300e+01,2.5676e+01,2.6592e+01,2.8185e+01,2.9673e+01,3.1251e+01,3.3004e+01,3.4507e+01,3.6105e+01,3.7330e+01,3.8160e+01,3.9604e+01,4.0911e+01,4.2205e+01,4.3450e+01,4.4771e+01,4.6183e+01,4.7770e+01,4.9290e+01,5.1213e+01,5.2115e+01,5.3208e+01,5.4557e+01,5.5213e+01,5.6053e+01,5.6012e+01,5.5702e+01
9.3014e+01,9.2789e+01,9.2993e+01,9.3401e+01,9.3693e+01,9.4006e+01,9.4248e+01,9.4664e+01,9.4448e+01,9.4225e+01,9.4180e+01,9.4216e+01,9.4622e+01,9.5273e+01,9.5093e+01,9.4631e+01,9.4620e+01,9.4911e+01,9.5239e+01,9.5821e+01,9.5889e+01,9.5215e+01,9.4737e+01,9.4508e+01,9.4735e+01,9.5124e+01,9.4790e+01,9.6217e+01,9.7839e+01,9.8615e+01,1.0102e+02,1.0163e+02,1.0130e+02,1.0167e+02,1.0346e+02,1.0424e+02,1.0537e+02,1.0542e+02,1.0748e+02,1.1021e+02,1.1257e+02,1.1491e+02,1.1702e+02,1.1800e+02,1.2018e+02,1.2149e+02,1.2341e+02,1.2246e+02,1.2230e+02,1.2056e+02,1.1728e+02,1.1485e+02,1.1185e+02,1.0891e+02,1.0671e+02,1.0392e+02,1.0372e+02,1.0054e+02,9.7032e+01,9.4791e+01,9.1929e+01,8.8872e+01,8.5892e+01,8.3708e+01,8.0712e+01,7.7638e+01,7.7308e+01,7.5816e+01,7.3749e+01,7.2113e+01,6.8450e+01,6.5884e+01,6.2971e+01,6.1117e+01,5.7803e+01,5.5008e+01,5.4984e+01,5.2643e+01,4.9704e+01,4.7223e+01,4.4215e+01,4.4741e+01,4.2287e+01,4.2800e+01,3.9869e+01,3.6968e+01,3.5458e+01,3.6129e+01,3.3436e+01,3.0629e+01,2.9175e+01,2.6561e+01,2.4503e+01,2.2353e+01,2.1960e+01,2.0105e+01,1.8477e+01,1.7694e+01,1.8787e+01,2.0014e+01,2.1569e+01,2.1933e+01,2.2070e+01,2.2080e+01,2.2977e+01,2.4506e+01,2.5520e+01,2.7241e+01,2.8832e+01,3.0503e+01,3.2331e+01,3.3885e+01,3.5539e+01,3.6797e+01,3.7647e+01,3.9126e+01,4.0475e+01,4.1797e+01,4.3070e+01,4.4416e+01,4.5852e+01,4.7460e+01,4.8997e+01,5.0944e+01,5.1862e+01,5.2966e+01,5.4330e+01,5.4993e+01,5.5844e+01,5.5798e+01,5.5484e+01
9.0975e+01,9.0747e+01,9.0947e+01,9.1352e+01,9.1642e+01,9.1949e+01,9.2186e+01,9.2596e+01,9.2378e+01,9.2153e+01,9.2105e+01,9.2140e+01,9.2541e+01,9.3187e+01,9.3005e+01,9.2551e+01,9.2537e+01,9.2829e+01,9.3168e+01,9.3772e+01,9.3857e+01,9.3189e+01,9.2734e+01,9.2533e+01,9.2771e+01,9.3193e+01,9.2881e+01,9.4336e+01,9.5988e+01,9.6759e+01,9.9176e+01,9.9801e+01,9.9485e+01,9.9865e+01,1.0168e+02,1.0247e+02,1.0357e+02,1.0363e+02,1.0566e+02,1.0841e+02,1.1074e+02,1.1309e+02,1.1518e+02,1.1614e+02,1.1831e+02,1.1960e+02,1.2150e+02,1.2053e+02,1.2037e+02,1.1860e+02,1.1532e+02,1.1286e+02,1.0986e+02,1.0692e+02,1.0473e+02,1.0193e+02,1.0175e+02,9.8584e+01,9.5071e+01,9.2819e+01,8.9979e+01,8.6894e+01,8.3935e+01,8.1712e+01,7.8685e+01,7.5622e+01,7.5351e+01,7.3895e+01,7.1799e+01,7.0204e+01,6.6532e+01,6.3919e+01,6.1027e+01,5.9194e+01,5.5863e+01,5.3062e+01,5.3051e+01,5.0749e+01,4.7825e+01,4.5384e+01,4.2362e+01,4.2953e+01,4.0504e+01,4.1137e+01,3.8253e+01,3.5288e+01,3.3922e+01,3.4746e+01,3.2074e+01,2.9248e+01,2.7570e+01,2.4925e+01,2.3021e+01,2.0850e+01,2.0371e+01,1.8295e+01,1.6848e+01,1.5752e+01,1.6718e+01,1.7760e+01,1.9317e+01,1.9691e+01,1.9778e+01,1.9892e+01,2.0859e+01,2.2414e+01,2.3477e+01,2.5302e+01,2.6948e+01,2.8692e+01,3.0590e+01,3.2211e+01,3.3941e+01,3.5242e+01,3.6117e+01,3.7637e+01,3.9036e+01,4.0389e+01,4.1695e+01,4.3070e+01,4.4537e+01,4.6172e+01,4.7735e+01,4.9718e+01,5.0653e+01,5.1773e+01,5.3161e+01,5.3837e+01,5.4706e+01,5.4656e+01,5.4338e+01
8.9188e+01,8.8955e+01,8.9162e+01,8.9573e+01,8.9876e+01,9.0190e+01,9.0430e+01,9.0848e+01,9.0616e+01,9.0381e+01,9.0324e+01,9.0356e+01,9.0756e+01,9.1409e+01,9.1210e+01,9.0749e+01,9.0723e+01,9.0993e+01,9.1318e+01,9.1925e+01,9.2019e+01,9.1355e+01,9.0915e+01,9.0717e+01,9.0938e+01,9.1371e+01,9.1047e+01,9.2504e+01,9.4154e+01,9.4918e+01,9.7340e+01,9.7932e+01,9.7599e+01,9.7956e+01,9.9771e+01,1.0059e+02,1.0169e+02,1.0177e+02,1.0381e+02,1.0655e+02,1.0887e+02,1.1124e+02,1.1331e+02,1.1426e+02,1.1641e+02,1.1769e+02,1.1959e+02,1.1860e+02,1.1842e+02,1.1664e+02,1.1336e+02,1.1089e+02,1.0788e+02,1.0494e+02,1.0274e+02,9.9926e+01,9.9733e+01,9.6575e+01,9.3066e+01,9.0793e+01,8.7958e+01,8.4884e+01,8.1931e+01,7.9680e+01,7.6668e+01,7.3594e+01,7.3328e+01,7.1909e+01,6.9840e+01,6.8288e+01,6.4616e+01,6.1973e+01,5.9094e+01,5.7284e+01,5.3962e+01,5.1151e+01,5.1129e+01,4.8846e+01,4.5946e+01,4.3524e+01,4.0524e+01,4.1170e+01,3.8766e+01,3.9496e+01,3.6682e+01,3.3741e+01,3.2519e+01,3.3401e+01,3.0757e+01,2.8010e+01,2.6195e+01,2.3649e+01,2.1945e+01,1.9925e+01,1.9552e+01,1.7391e+01,1.6193e+01,1.4911e+01,1.5918e+01,1.6797e+01,1.8349e+01,1.8803e+01,1.8817e+01,1.8995e+01,1.9971e+01,2.1568e+01,2.2666e+01,2.4547e+01,2.6244e+01,2.8049e+01,2.9996e+01,3.1660e+01,3.3428e+01,3.4746e+01,3.5633e+01,3.7173e+01,3.8604e+01,3.9974e+01,4.1301e+01,4.2693e+01,4.4179e+01,4.5832e+01,4.7410e+01,4.9414e+01,5.0363e+01,5.1492e+01,5.2895e+01,5.3575e+01,5.4454e+01,5.4401e+01,5.4078e+01
8.7529e+01,8.7293e+01,8.7496e+01,8.7899e+01,8.8195e+01,8.8499e+01,8.8737e+01,8.9148e+01,8.8922e+01,8.8683e+01,8.8619e+01,8.8651e+01,8.9038e+01,8.9679e+01,8.9480e+01,8.9030e+01,8.8999e+01,8.9275e+01,8.9614e+01,9.0251e+01,9.0366e+01,8.9725e+01,8.9319e+01,8.9161e+01,8.9400e+01,8.9879e+01,8.9585e+01,9.1080e+01,9.2755e+01,9.3503e+01,9.5917e+01,9.6523e+01,9.6216e+01,9.6572e+01,9.8418e+01,9.9257e+01,1.0033e+02,1.0042e+02,1.0243e+02,1.0519e+02,1.0749e+02,1.0988e+02,1.1192e+02,1.1283e+02,1.1494e+02,1.1619e+02,1.1806e+02,1.1703e+02,1.1684e+02,1.1501e+02,1.1173e+02,1.0923e+02,1.0622e+02,1.0329e+02,1.0111e+02,9.8274e+01,9.8082e+01,9.4944e+01,9.1434e+01,8.9132e+01,8.6325e+01,8.3231e+01,8.0306e+01,7.8002e+01,7.4974e+01,7.1910e+01,7.1711e+01,7.0364e+01,6.8292e+01,6.6820e+01,6.3150e+01,6.0428e+01,5.7619e+01,5.5901e+01,5.2593e+01,4.9775e+01,4.9727e+01,4.7543e+01,4.4736e+01,4.2404e+01,3.9469e+01,4.0271e+01,3.7964e+01,3.8909e+01,3.6236e+01,3.3259e+01,3.2293e+01,3.3371e+01,3.0821e+01,2.8162e+01,2.6051e+01,2.3591e+01,2.2195e+01,2.0254e+01,1.9776e+01,1.7435e+01,1.6569e+01,1.4863e+01,1.5546e+01,1.5896e+01,1.7245e+01,1.7532e+01,1.7404e+01,1.7601e+01,1.8518e+01,1.9993e+01,2.1061e+01,2.2920e+01,2.4578e+01,2.6378e+01,2.8325e+01,3.0020e+01,3.1823e+01,3.3152e+01,3.4046e+01,3.5606e+01,3.7067e+01,3.8454e+01,3.9795e+01,4.1201e+01,4.2700e+01,4.4363e+01,4.5954e+01,4.7971e+01,4.8925e+01,5.0063e+01,5.1480e+01,5.2165e+01,5.3056e+01,5.3001e+01,5.2676e+01
8.6987e+01,8.6750e+01,8.6948e+01,8.7348e+01,8.7641e+01,8.7940e+01,8.8178e+01,8.8584e+01,8.8367e+01,8.8136e+01,8.8068e+01,8.8105e+01,8.8485e+01,8.9130e+01,8.8941e+01,8.8501e+01,8.8478e+01,8.8766e+01,8.9117e+01,8.9787e+01,8.9924e+01,8.9311e+01,8.8940e+01,8.8817e+01,8.9087e+01,8.9600e+01,8.9331e+01,9.0852e+01,9.2537e+01,9.3257e+01,9.5666e+01,9.6263e+01,9.5968e+01,9.6306e+01,9.8180e+01,9.9053e+01,1.0011e+02,1.0023e+02,1.0221e+02,1.0499e+02,1.0726e+02,1.0967e+02,1.1169e+02,1.1256e+02,1.1464e+02,1.1585e+02,1.1769e+02,1.1663e+02,1.1641e+02,1.1455e+02,1.1128e+02,1.0875e+02,1.0572e+02,1.0281e+02,1.0063e+02,9.7763e+01,9.7551e+01,9.4420e+01,9.0918e+01,8.8583e+01,8.5791e+01,8.2696e+01,7.9790e+01,7.7438e+01,7.4416e+01,7.1353e+01,7.1196e+01,6.9927e+01,6.7880e+01,6.6492e+01,6.2827e+01,6.0037e+01,5.7278e+01,5.5640e+01,5.2357e+01,4.9523e+01,4.9429e+01,4.7302e+01,4.4570e+01,4.2279e+01,3.9418e+01,4.0349e+01,3.8140e+01,3.9238e+01,3.6677e+01,3.3725e+01,3.2944e+01,3.4096e+01,3.1600e+01,2.9049e+01,2.6812e+01,2.4465e+01,2.3255e+01,2.1382e+01,2.0905e+01,1.8438e+01,1.7699e+01,1.5741e+01,1.6349e+01,1.6309e+01,1.7480e+01,1.7598e+01,1.7320e+01,1.7429e+01,1.8198e+01,1.9515e+01,2.0479e+01,2.2238e+01,2.3816e+01,2.5546e+01,2.7446e+01,2.9116e+01,3.0927e+01,3.2242e+01,3.3130e+01,3.4685e+01,3.6148e+01,3.7538e+01,3.8884e+01,4.0295e+01,4.1795e+01,4.3456e+01,4.5040e+01,4.7054e+01,4.8008e+01,4.9148e+01,5.0570e+01,5.1261e+01,5.2158e+01,5.2104e+01,5.1779e+01
8.5651e+01,8.5411e+01,8.5615e+01,8.6010e+01,8.6301e+01,8.6598e+01,8.6838e+01,8.7244e+01,8.7033e+01,8.6802e+01,8.6731e+01,8.6774e+01,8.7157e+01,8.7800e+01,8.7599e+01,8.7156e+01,8.7118e+01,8.7405e+01,8.7750e+01,8.8452e+01,8.8617e+01,8.8021e+01,8.7678e+01,8.7589e+01,8.7869e+01,8.8428e+01,8.8178e+01,8.9733e+01,9.1431e+01,9.2126e+01,9.4533e+01,9.5122e+01,9.4833e+01,9.5157e+01,9.7056e+01,9.7961e+01,9.9010e+01,9.9144e+01,1.0111e+02,1.0390e+02,1.0616e+02,1.0859e+02,1.1058e+02,1.1141e+02,1.1347e+02,1.1463e+02,1.1645e+02,1.1535e+02,1.1508e+02,1.1319e+02,1.0993e+02,1.0738e+02,1.0434e+02,1.0145e+02,9.9259e+01,9.6353e+01,9.6097e+01,9.2974e+01,8.9492e+01,8.7105e+01,8.4321e+01,8.1237e+01,7.8343e+01,7.5932e+01,7.2929e+01,6.9853e+01,6.9715e+01,6.8529e+01,6.6534e+01,6.5237e+01,6.1577e+01,5.8707e+01,5.6011e+01,5.4490e+01,5.1266e+01,4.8396e+01,4.8213e+01,4.6151e+01,4.3532e+01,4.1293e+01,3.8557e+01,3.9674e+01,3.7633e+01,3.8948e+01,3.6550e+01,3.3663e+01,3.3122e+01,3.4343e+01,3.1921e+01,2.9535e+01,2.7122e+01,2.4965e+01,2.4019e+01,2.2341e+01,2.1936e+01,1.9426e+01,1.8985e+01,1.6844e+01,1.7413e+01,1.7003e+01,1.7960e+01,1.8046e+01,1.7775e+01,1.7872e+01,1.8601e+01,1.9790e+01,2.0706e+01,2.2340e+01,2.3805e+01,2.5462e+01,2.7262e+01,2.8903e+01,3.0682e+01,3.1978e+01,3.2853e+01,3.4388e+01,3.5842e+01,3.7219e+01,3.8561e+01,3.9961e+01,4.1449e+01,4.3096e+01,4.4666e+01,4.6662e+01,4.7613e+01,4.8747e+01,5.0166e+01,5.0853e+01,5.1750e+01,5.1692e+01,5.1367e+01
8.4482e+01,8.4242e+01,8.4448e+01,8.4848e+01,8.5145e+01,8.5444e+01,8.5690e+01,8.6096e+01,8.5884e+01,8.5654e+01,8.5580e+01,8.5628e+01,8.6011e+01,8.6662e+01,8.6452e+01,8.6006e+01,8.5957e+01,8.6233e+01,8.6566e+01,8.7288e+01,8.7469e+01,8.6895e+01,8.6588e+01,8.6520e+01,8.6809e+01,8.7398e+01,8.7153e+01,8.8732e+01,9.0427e+01,9.1085e+01,9.3481e+01,9.4039e+01,9.3747e+01,9.4032e+01,9.5937e+01,9.6883e+01,9.7937e+01,9.8116e+01,1.0008e+02,1.0287e+02,1.0510e+02,1.0756e+02,1.0952e+02,1.1031e+02,1.1234e+02,1.1346e+02,1.1526e+02,1.1413e+02,1.1383e+02,1.1192e+02,1.0867e+02,1.0609e+02,1.0303e+02,1.0016e+02,9.7966e+01,9.5029e+01,9.4744e+01,9.1624e+01,8.8157e+01,8.5737e+01,8.2964e+01,7.9899e+01,7.7018e+01,7.4567e+01,7.1588e+01,6.8504e+01,6.8379e+01,6.7266e+01,6.5323e+01,6.4109e+01,6.0463e+01,5.7538e+01,5.4895e+01,5.3462e+01,5.0285e+01,4.7403e+01,4.7164e+01,4.5169e+01,4.2649e+01,4.0474e+01,3.7851e+01,3.9101e+01,3.7206e+01,3.8681e+01,3.6449e+01,3.3651e+01,3.3346e+01,3.4628e+01,3.2304e+01,3.0094e+01,2.7575e+01,2.5634e+01,2.4942e+01,2.3486e+01,2.3152e+01,2.0661e+01,2.0472e+01,1.8247e+01,1.8729e+01,1.8024e+01,1.8843e+01,1.8846e+01,1.8517e+01,1.8559e+01,1.9207e+01,2.0305e+01,2.1188e+01,2.2716e+01,2.4112e+01,2.5696e+01,2.7425e+01,2.9019e+01,3.0766e+01,3.2033e+01,3.2900e+01,3.4408e+01,3.5849e+01,3.7214e+01,3.8546e+01,3.9936e+01,4.1414e+01,4.3048e+01,4.4605e+01,4.6581e+01,4.7524e+01,4.8651e+01,5.0061e+01,5.0743e+01,5.1635e+01,5.1577e+01,5.1256e+01
8.3577e+01,8.3336e+01,8.3543e+01,8.3936e+01,8.4230e+01,8.4523e+01,8.4768e+01,8.5169e+01,8.4963e+01,8.4735e+01,8.4662e+01,8.4716e+01,8.5105e+01,8.5759e+01,8.5543e+01,8.5103e+01,8.5048e+01,8.5322e+01,8.5656e+01,8.6409e+01,8.6621e+01,8.6069e+01,8.5790e+01,8.5760e+01,8.6057e+01,8.6690e+01,8.6461e+01,8.8070e+01,8.9777e+01,9.0414e+01,9.2807e+01,9.3347e+01,9.3060e+01,9.3330e+01,9.5256e+01,9.6233e+01,9.7274e+01,9.7475e+01,9.9417e+01,1.0222e+02,1.0443e+02,1.0690e+02,1.0883e+02,1.0959e+02,1.1158e+02,1.1265e+02,1.1443e+02,1.1325e+02,1.1291e+02,1.1097e+02,1.0772e+02,1.0512e+02,1.0204e+02,9.9200e+01,9.6999e+01,9.4025e+01,9.3695e+01,9.0590e+01,8.7149e+01,8.4673e+01,8.1917e+01,7.8875e+01,7.6016e+01,7.3501e+01,7.0560e+01,6.7469e+01,6.7371e+01,6.6359e+01,6.4479e+01,6.3375e+01,5.9750e+01,5.6752e+01,5.4192e+01,5.2881e+01,4.9773e+01,4.6882e+01,4.6569e+01,4.4668e+01,4.2283e+01,4.0194e+01,3.7722e+01,3.9134e+01,3.7422e+01,3.9083e+01,3.7037e+01,3.4342e+01,3.4268e+01,3.5598e+01,3.3381e+01,3.1345e+01,2.8747e+01,2.7005e+01,2.6531e+01,2.5251e+01,2.4967e+01,2.2483e+01,2.2481e+01,2.0180e+01,2.0610e+01,1.9686e+01,2.0338e+01,2.0260e+01,1.9872e+01,1.9834e+01,2.0323e+01,2.1248e+01,2.1997e+01,2.3323e+01,2.4572e+01,2.6026e+01,2.7607e+01,2.9124e+01,3.0809e+01,3.2034e+01,3.2875e+01,3.4342e+01,3.5753e+01,3.7080e+01,3.8395e+01,3.9764e+01,4.1214e+01,4.2819e+01,4.4348e+01,4.6290e+01,4.7223e+01,4.8335e+01,4.9733e+01,5.0411e+01,5.1300e+01,5.1242e+01,5.0924e+01
8.3894e+01,8.3655e+01,8.3862e+01,8.4260e+01,8.4554e+01,8.4846e+01,8.5095e+01,8.5498e+01,8.5296e+01,8.5074e+01,8.5004e+01,8.5065e+01,8.5462e+01,8.6122e+01,8.5901e+01,8.5462e+01,8.5411e+01,8.5676e+01,8.6006e+01,8.6778e+01,8.7010e+01,8.6473e+01,8.6217e+01,8.6207e+01,8.6494e+01,8.7154e+01,8.6922e+01,8.8541e+01,9.0237e+01,9.0849e+01,9.3236e+01,9.3732e+01,9.3426e+01,9.3655e+01,9.5581e+01,9.6596e+01,9.7656e+01,9.7898e+01,9.9845e+01,1.0264e+02,1.0484e+02,1.0734e+02,1.0924e+02,1.0997e+02,1.1194e+02,1.1297e+02,1.1473e+02,1.1353e+02,1.1315e+02,1.1119e+02,1.0794e+02,1.0531e+02,1.0222e+02,9.9387e+01,9.7184e+01,9.4178e+01,9.3813e+01,9.0717e+01,8.7292e+01,8.4771e+01,8.2032e+01,7.9018e+01,7.6183e+01,7.3617e+01,7.0722e+01,6.7625e+01,6.7538e+01,6.6619e+01,6.4810e+01,6.3803e+01,6.0203e+01,5.7157e+01,5.4669e+01,5.3449e+01,5.0396e+01,4.7517e+01,4.7158e+01,4.5334e+01,4.3058e+01,4.1029e+01,3.8679e+01,4.0178e+01,3.8582e+01,4.0318e+01,3.8374e+01,3.5761e+01,3.5787e+01,3.7101e+01,3.4904e+01,3.2926e+01,3.0359e+01,2.8674e+01,2.8227e+01,2.6999e+01,2.6724e+01,2.4193e+01,2.4197e+01,2.1837e+01,2.2221e+01,2.1173e+01,2.1703e+01,2.1569e+01,2.1234e+01,2.1175e+01,2.1562e+01,2.2305e+01,2.2941e+01,2.4109e+01,2.5207e+01,2.6550e+01,2.8005e+01,2.9440e+01,3.1053e+01,3.2248e+01,3.3083e+01,3.4508e+01,3.5887e+01,3.7176e+01,3.8466e+01,3.9805e+01,4.1226e+01,4.2802e+01,4.4301e+01,4.6210e+01,4.7128e+01,4.8225e+01,4.9610e+01,5.0286e+01,5.1169e+01,5.1115e+01,5.0802e+01
8.3619e+01,8.3379e+01,8.3598e+01,8.4003e+01,8.4303e+01,8.4599e+01,8.4851e+01,8.5255e+01,8.5053e+01,8.4828e+01,8.4758e+01,8.4830e+01,8.5236e+01,8.5907e+01,8.5668e+01,8.5215e+01,8.5150e+01,8.5400e+01,8.5707e+01,8.6497e+01,8.6749e+01,8.6232e+01,8.5988e+01,8.5993e+01,8.6278e+01,8.6955e+01,8.6715e+01,8.8335e+01,9.0012e+01,9.0584e+01,9.2957e+01,9.3406e+01,9.3076e+01,9.3264e+01,9.5204e+01,9.6266e+01,9.7347e+01,9.7624e+01,9.9573e+01,1.0237e+02,1.0456e+02,1.0709e+02,1.0899e+02,1.0967e+02,1.1163e+02,1.1261e+02,1.1435e+02,1.1313e+02,1.1267e+02,1.1070e+02,1.0749e+02,1.0484e+02,1.0173e+02,9.8935e+01,9.6703e+01,9.3653e+01,9.3206e+01,9.0107e+01,8.6722e+01,8.4145e+01,8.1392e+01,7.8435e+01,7.5590e+01,7.2992e+01,7.0168e+01,6.7035e+01,6.6897e+01,6.6057e+01,6.4368e+01,6.3450e+01,5.9870e+01,5.6762e+01,5.4341e+01,5.3276e+01,5.0341e+01,4.7413e+01,4.6894e+01,4.5121e+01,4.3002e+01,4.1002e+01,3.8874e+01,4.0571e+01,3.9229e+01,4.1132e+01,3.9370e+01,3.6949e+01,3.7145e+01,3.8364e+01,3.6212e+01,3.4454e+01,3.1888e+01,3.0456e+01,3.0126e+01,2.9134e+01,2.9058e+01,2.6630e+01,2.6750e+01,2.4451e+01,2.4947e+01,2.3868e+01,2.4381e+01,2.4248e+01,2.3849e+01,2.3722e+01,2.3992e+01,2.4629e+01,2.5152e+01,2.6126e+01,2.7098e+01,2.8304e+01,2.9602e+01,3.0945e+01,3.2472e+01,3.3609e+01,3.4411e+01,3.5769e+01,3.7095e+01,3.8328e+01,3.9577e+01,4.0877e+01,4.2248e+01,4.3772e+01,4.5221e+01,4.7070e+01,4.7963e+01,4.9031e+01,5.0382e+01,5.1043e+01,5.1911e+01,5.1857e+01,5.1553e+01
8.3435e+01,8.3197e+01,8.3427e+01,8.3841e+01,8.4153e+01,8.4459e+01,8.4714e+01,8.5120e+01,8.4915e+01,8.4685e+01,8.4616e+01,8.4693e+01,8.5100e+01,8.5780e+01,8.5520e+01,8.5051e+01,8.4965e+01,8.5198e+01,8.5474e+01,8.6258e+01,8.6511e+01,8.6002e+01,8.5750e+01,8.5748e+01,8.6021e+01,8.6686e+01,8.6433e+01,8.8034e+01,8.9683e+01,9.0226e+01,9.2577e+01,9.3001e+01,9.2645e+01,9.2809e+01,9.4748e+01,9.5835e+01,9.6942e+01,9.7233e+01,9.9192e+01,1.0199e+02,1.0418e+02,1.0673e+02,1.0866e+02,1.0933e+02,1.1130e+02,1.1225e+02,1.1401e+02,1.1279e+02,1.1229e+02,1.1034e+02,1.0715e+02,1.0452e+02,1.0138e+02,9.8626e+01,9.6367e+01,9.3299e+01,9.2795e+01,8.9683e+01,8.6321e+01,8.3723e+01,8.0940e+01,7.8025e+01,7.5149e+01,7.2565e+01,6.9782e+01,6.6610e+01,6.6399e+01,6.5563e+01,6.3952e+01,6.3045e+01,5.9461e+01,5.6327e+01,5.3914e+01,5.2946e+01,5.0092e+01,4.7089e+01,4.6413e+01,4.4613e+01,4.2568e+01,4.0514e+01,3.8519e+01,4.0360e+01,3.9175e+01,4.1172e+01,3.9483e+01,3.7186e+01,3.7426e+01,3.8517e+01,3.6340e+01,3.4729e+01,3.2155e+01,3.0904e+01,3.0612e+01,2.9804e+01,2.9930e+01,2.7606e+01,2.7823e+01,2.5616e+01,2.6271e+01,2.5235e+01,2.5828e+01,2.5732e+01,2.5289e+01,2.5106e+01,2.5422e+01,2.6115e+01,2.6679e+01,2.7625e+01,2.8606e+01,2.9781e+01,3.1027e+01,3.2346e+01,3.3835e+01,3.4938e+01,3.5714e+01,3.7036e+01,3.8333e+01,3.9533e+01,4.0754e+01,4.2033e+01,4.3380e+01,4.4879e+01,4.6306e+01,4.8125e+01,4.9004e+01,5.0057e+01,5.1383e+01,5.2032e+01,5.2889e+01,5.2836e+01,5.2540e+01
8.2245e+01,8.2005e+01,8.2240e+01,8.2646e+01,8.2956e+01,8.3256e+01,8.3501e+01,8.3900e+01,8.3697e+01,8.3463e+01,8.3391e+01,8.3468e+01,8.3865e+01,8.4534e+01,8.4264e+01,8.3792e+01,8.3694e+01,8.3927e+01,8.4199e+01,8.4988e+01,8.5250e+01,8.4749e+01,8.4498e+01,8.4507e+01,8.4786e+01,8.5457e+01,8.5218e+01,8.6823e+01,8.8469e+01,8.9015e+01,9.1348e+01,9.1800e+01,9.1460e+01,9.1652e+01,9.3600e+01,9.4674e+01,9.5747e+01,9.6009e+01,9.7944e+01,1.0075e+02,1.0294e+02,1.0547e+02,1.0740e+02,1.0806e+02,1.1003e+02,1.1098e+02,1.1273e+02,1.1151e+02,1.1102e+02,1.0907e+02,1.0589e+02,1.0328e+02,1.0015e+02,9.7412e+01,9.5160e+01,9.2098e+01,9.1598e+01,8.8498e+01,8.5143e+01,8.2548e+01,7.9773e+01,7.6855e+01,7.3983e+01,7.1404e+01,6.8613e+01,6.5446e+01,6.5241e+01,6.4403e+01,6.2793e+01,6.1892e+01,5.8311e+01,5.5160e+01,5.2768e+01,5.1860e+01,4.9049e+01,4.6025e+01,4.5284e+01,4.3508e+01,4.1527e+01,3.9501e+01,3.7592e+01,3.9536e+01,3.8465e+01,4.0573e+01,3.8999e+01,3.6785e+01,3.7153e+01,3.8259e+01,3.6172e+01,3.4723e+01,3.2073e+01,3.1010e+01,3.0892e+01,3.0240e+01,3.0418e+01,2.8202e+01,2.8606e+01,2.6441e+01,2.7057e+01,2.5948e+01,2.6535e+01,2.6395e+01,2.5884e+01,2.5651e+01,2.5987e+01,2.6695e+01,2.7305e+01,2.8227e+01,2.9220e+01,3.0399e+01,3.1629e+01,3.2937e+01,3.4406e+01,3.5484e+01,3.6238e+01,3.7545e+01,3.8829e+01,4.0022e+01,4.1236e+01,4.2507e+01,4.3840e+01,4.5323e+01,4.6741e+01,4.8546e+01,4.9420e+01,5.0466e+01,5.1782e+01,5.2425e+01,5.3278e+01,5.3222e+01,5.2926e+01
8.1546e+01,8.1305e+01,8.1548e+01,8.1959e+01,8.2276e+01,8.2579e+01,8.2825e+01,8.3223e+01,8.3012e+01,8.2777e+01,8.2699e+01,8.2775e+01,8.3166e+01,8.3836e+01,8.3553e+01,8.3069e+01,8.2962e+01,8.3181e+01,8.3432e+01,8.4208e+01,8.4461e+01,8.3959e+01,8.3703e+01,8.3701e+01,8.3978e+01,8.4640e+01,8.4397e+01,8.5990e+01,8.7626e+01,8.8170e+01,9.0498e+01,9.0954e+01,9.0608e+01,9.0803e+01,9.2746e+01,9.3820e+01,9.4893e+01,9.5151e+01,9.7083e+01,9.9888e+01,1.0207e+02,1.0460e+02,1.0654e+02,1.0722e+02,1.0920e+02,1.1015e+02,1.1192e+02,1.1072e+02,1.1023e+02,1.0830e+02,1.0512e+02,1.0253e+02,9.9391e+01,9.6668e+01,9.4395e+01,9.1341e+01,9.0839e+01,8.7736e+01,8.4385e+01,8.1806e+01,7.9017e+01,7.6096e+01,7.3209e+01,7.0649e+01,6.7838e+01,6.4661e+01,6.4431e+01,6.3556e+01,6.1941e+01,6.1002e+01,5.7405e+01,5.4271e+01,5.1822e+01,5.0879e+01,4.8068e+01,4.5008e+01,4.4239e+01,4.2372e+01,4.0327e+01,3.8213e+01,3.6272e+01,3.8222e+01,3.7147e+01,3.9262e+01,3.7664e+01,3.5492e+01,3.5842e+01,3.6866e+01,3.4732e+01,3.3349e+01,3.0683e+01,2.9733e+01,2.9663e+01,2.9172e+01,2.9502e+01,2.7355e+01,2.7931e+01,2.5866e+01,2.6630e+01,2.5571e+01,2.6267e+01,2.6303e+01,2.5944e+01,2.5802e+01,2.6402e+01,2.7325e+01,2.8127e+01,2.9245e+01,3.0362e+01,3.1654e+01,3.2979e+01,3.4343e+01,3.5838e+01,3.6925e+01,3.7681e+01,3.8993e+01,4.0284e+01,4.1481e+01,4.2691e+01,4.3960e+01,4.5294e+01,4.6776e+01,4.8195e+01,5.0002e+01,5.0878e+01,5.1919e+01,5.3227e+01,5.3865e+01,5.4713e+01,5.4650e+01,5.4354e+01
8.0734e+01,8.0492e+01,8.0740e+01,8.1150e+01,8.1473e+01,8.1773e+01,8.2013e+01,8.2404e+01,8.2188e+01,8.1948e+01,8.1858e+01,8.1934e+01,8.2309e+01,8.2975e+01,8.2680e+01,8.2194e+01,8.2075e+01,8.2280e+01,8.2512e+01,8.3285e+01,8.3533e+01,8.3029e+01,8.2771e+01,8.2767e+01,8.3040e+01,8.3693e+01,8.3454e+01,8.5032e+01,8.6658e+01,8.7195e+01,8.9509e+01,8.9974e+01,8.9631e+01,8.9834e+01,9.1775e+01,9.2852e+01,9.3906e+01,9.4162e+01,9.6074e+01,9.8873e+01,1.0105e+02,1.0356e+02,1.0550e+02,1.0617e+02,1.0816e+02,1.0911e+02,1.1089e+02,1.0971e+02,1.0922e+02,1.0731e+02,1.0414e+02,1.0157e+02,9.8432e+01,9.5725e+01,9.3443e+01,9.0403e+01,8.9905e+01,8.6808e+01,8.3468e+01,8.0909e+01,7.8119e+01,7.5209e+01,7.2316e+01,6.9784e+01,6.6971e+01,6.3798e+01,6.3548e+01,6.2651e+01,6.1049e+01,6.0092e+01,5.6506e+01,5.3388e+01,5.0933e+01,5.0021e+01,4.7260e+01,4.4180e+01,4.3343e+01,4.1448e+01,3.9429e+01,3.7286e+01,3.5412e+01,3.7422e+01,3.6436e+01,3.8603e+01,3.7082e+01,3.5030e+01,3.5444e+01,3.6387e+01,3.4290e+01,3.3081e+01,3.0412e+01,2.9684e+01,2.9730e+01,2.9460e+01,2.9936e+01,2.7945e+01,2.8704e+01,2.6763e+01,2.7579e+01,2.6524e+01,2.7268e+01,2.7364e+01,2.7075e+01,2.6939e+01,2.7687e+01,2.8698e+01,2.9621e+01,3.0807e+01,3.1975e+01,3.3300e+01,3.4645e+01,3.6002e+01,3.7485e+01,3.8552e+01,3.9292e+01,4.0583e+01,4.1860e+01,4.3048e+01,4.4242e+01,4.5491e+01,4.6810e+01,4.8270e+01,4.9670e+01,5.1457e+01,5.2327e+01,5.3358e+01,5.4650e+01,5.5283e+01,5.6123e+01,5.6058e+01,5.5764e+01
7.9261e+01,7.9014e+01,7.9258e+01,7.9664e+01,7.9985e+01,8.0276e+01,8.0515e+01,8.0903e+01,8.0679e+01,8.0432e+01,8.0335e+01,8.0403e+01,8.0777e+01,8.1434e+01,8.1139e+01,8.0657e+01,8.0542e+01,8.0753e+01,8.0993e+01,8.1753e+01,8.2001e+01,8.1484e+01,8.1224e+01,8.1219e+01,8.1503e+01,8.2166e+01,8.1941e+01,8.3540e+01,8.5199e+01,8.5764e+01,8.8103e+01,8.8601e+01,8.8284e+01,8.8521e+01,9.0461e+01,9.1509e+01,9.2536e+01,9.2779e+01,9.4678e+01,9.7478e+01,9.9643e+01,1.0215e+02,1.0408e+02,1.0478e+02,1.0676e+02,1.0774e+02,1.0952e+02,1.0835e+02,1.0790e+02,1.0599e+02,1.0279e+02,1.0022e+02,9.7087e+01,9.4347e+01,9.2061e+01,8.9041e+01,8.8588e+01,8.5490e+01,8.2123e+01,7.9600e+01,7.6810e+01,7.3858e+01,7.0970e+01,6.8451e+01,6.5586e+01,6.2433e+01,6.2218e+01,6.1271e+01,5.9584e+01,5.8575e+01,5.4978e+01,5.1899e+01,4.9398e+01,4.8376e+01,4.5541e+01,4.2505e+01,4.1799e+01,3.9892e+01,3.7781e+01,3.5665e+01,3.3660e+01,3.5552e+01,3.4444e+01,3.6563e+01,3.4996e+01,3.2858e+01,3.3277e+01,3.4322e+01,3.2277e+01,3.1021e+01,2.8283e+01,2.7530e+01,2.7699e+01,2.7451e+01,2.7862e+01,2.5919e+01,2.6866e+01,2.4955e+01,2.5736e+01,2.4670e+01,2.5470e+01,2.5693e+01,2.5505e+01,2.5499e+01,2.6416e+01,2.7629e+01,2.8699e+01,3.0090e+01,3.1413e+01,3.2859e+01,3.4346e+01,3.5777e+01,3.7338e+01,3.8445e+01,3.9211e+01,4.0550e+01,4.1874e+01,4.3106e+01,4.4331e+01,4.5609e+01,4.6962e+01,4.8456e+01,4.9886e+01,5.1712e+01,5.2602e+01,5.3652e+01,5.4967e+01,5.5609e+01,5.6457e+01,5.6386e+01,5.6085e+01
7.6837e+01,7.6585e+01,7.6821e+01,7.7214e+01,7.7532e+01,7.7819e+01,7.8051e+01,7.8438e+01,7.8202e+01,7.7952e+01,7.7848e+01,7.7911e+01,7.8289e+01,7.8938e+01,7.8639e+01,7.8154e+01,7.8035e+01,7.8250e+01,7.8496e+01,7.9247e+01,7.9496e+01,7.8981e+01,7.8719e+01,7.8723e+01,7.9016e+01,7.9693e+01,7.9481e+01,8.1102e+01,8.2782e+01,8.3357e+01,8.5705e+01,8.6226e+01,8.5940e+01,8.6202e+01,8.8149e+01,8.9177e+01,9.0184e+01,9.0417e+01,9.2307e+01,9.5112e+01,9.7266e+01,9.9767e+01,1.0169e+02,1.0239e+02,1.0436e+02,1.0536e+02,1.0713e+02,1.0595e+02,1.0552e+02,1.0360e+02,1.0039e+02,9.7818e+01,9.4701e+01,9.1944e+01,8.9669e+01,8.6665e+01,8.6247e+01,8.3155e+01,7.9769e+01,7.7269e+01,7.4492e+01,7.1502e+01,6.8627e+01,6.6114e+01,6.3208e+01,6.0081e+01,5.9924e+01,5.8961e+01,5.7196e+01,5.6180e+01,5.2587e+01,4.9518e+01,4.7023e+01,4.5949e+01,4.3068e+01,4.0093e+01,3.9506e+01,3.7681e+01,3.5580e+01,3.3608e+01,3.1574e+01,3.3420e+01,3.2307e+01,3.4483e+01,3.3038e+01,3.0877e+01,3.1498e+01,3.2765e+01,3.0940e+01,2.9777e+01,2.6925e+01,2.6269e+01,2.6756e+01,2.6575e+01,2.6834e+01,2.4957e+01,2.6174e+01,2.4259e+01,2.4838e+01,2.3620e+01,2.4431e+01,2.4636e+01,2.4375e+01,2.4396e+01,2.5295e+01,2.6593e+01,2.7706e+01,2.9166e+01,3.0600e+01,3.2099e+01,3.3675e+01,3.5155e+01,3.6781e+01,3.7915e+01,3.8679e+01,4.0047e+01,4.1406e+01,4.2666e+01,4.3922e+01,4.5221e+01,4.6596e+01,4.8114e+01,4.9566e+01,5.1420e+01,5.2325e+01,5.3389e+01,5.4721e+01,5.5370e+01,5.6227e+01,5.6152e+01,5.5842e+01
7.5404e+01,7.5141e+01,7.5376e+01,7.5759e+01,7.6071e+01,7.6354e+01,7.6582e+01,7.6970e+01,7.6728e+01,7.6464e+01,7.6354e+01,7.6411e+01,7.6793e+01,7.7429e+01,7.7120e+01,7.6633e+01,7.6506e+01,7.6730e+01,7.6977e+01,7.7712e+01,7.7954e+01,7.7412e+01,7.7119e+01,7.7115e+01,7.7407e+01,7.8077e+01,7.7876e+01,7.9508e+01,8.1213e+01,8.1810e+01,8.4176e+01,8.4734e+01,8.4478e+01,8.4786e+01,8.6732e+01,8.7714e+01,8.8696e+01,8.8898e+01,9.0771e+01,9.3582e+01,9.5738e+01,9.8221e+01,1.0014e+02,1.0088e+02,1.0287e+02,1.0389e+02,1.0568e+02,1.0452e+02,1.0412e+02,1.0222e+02,9.9002e+01,9.6456e+01,9.3350e+01,9.0581e+01,8.8294e+01,8.5320e+01,8.4926e+01,8.1824e+01,7.8432e+01,7.5973e+01,7.3180e+01,7.0167e+01,6.7274e+01,6.4800e+01,6.1858e+01,5.8742e+01,5.8575e+01,5.7532e+01,5.5706e+01,5.4614e+01,5.1011e+01,4.7988e+01,4.5451e+01,4.4318e+01,4.1414e+01,3.8444e+01,3.7903e+01,3.6055e+01,3.3906e+01,3.1949e+01,2.9868e+01,3.1673e+01,3.0555e+01,3.2741e+01,3.1335e+01,2.9200e+01,2.9884e+01,3.1194e+01,2.9483e+01,2.8418e+01,2.5537e+01,2.5014e+01,2.5682e+01,2.5630e+01,2.5886e+01,2.4179e+01,2.5585e+01,2.3786e+01,2.4323e+01,2.3122e+01,2.3963e+01,2.4259e+01,2.4060e+01,2.4159e+01,2.5111e+01,2.6522e+01,2.7708e+01,2.9249e+01,3.0784e+01,3.2344e+01,3.4005e+01,3.5525e+01,3.7201e+01,3.8364e+01,3.9136e+01,4.0528e+01,4.1912e+01,4.3201e+01,4.4481e+01,4.5793e+01,4.7185e+01,4.8720e+01,5.0186e+01,5.2057e+01,5.2972e+01,5.4046e+01,5.5388e+01,5.6041e+01,5.6903e+01,5.6826e+01,5.6510e+01
7.3670e+01,7.3397e+01,7.3637e+01,7.4015e+01,7.4329e+01,7.4614e+01,7.4841e+01,7.5233e+01,7.4970e+01,7.4691e+01,7.4568e+01,7.4618e+01,7.5005e+01,7.5629e+01,7.5301e+01,7.4800e+01,7.4655e+01,7.4869e+01,7.5097e+01,7.5807e+01,7.6043e+01,7.5489e+01,7.5165e+01,7.5146e+01,7.5425e+01,7.6080e+01,7.5860e+01,7.7487e+01,7.9192e+01,7.9800e+01,8.2170e+01,8.2728e+01,8.2467e+01,8.2790e+01,8.4730e+01,8.5700e+01,8.6676e+01,8.6870e+01,8.8741e+01,9.1549e+01,9.3713e+01,9.6193e+01,9.8119e+01,9.8881e+01,1.0088e+02,1.0191e+02,1.0372e+02,1.0256e+02,1.0217e+02,1.0029e+02,9.7071e+01,9.4548e+01,9.1441e+01,8.8671e+01,8.6372e+01,8.3411e+01,8.3014e+01,7.9902e+01,7.6508e+01,7.4065e+01,7.1255e+01,6.8242e+01,6.5327e+01,6.2885e+01,5.9936e+01,5.6812e+01,5.6617e+01,5.5534e+01,5.3698e+01,5.2575e+01,4.8969e+01,4.5966e+01,4.3417e+01,4.2264e+01,3.9356e+01,3.6401e+01,3.5896e+01,3.4082e+01,3.1961e+01,3.0083e+01,2.8049e+01,2.9863e+01,2.8828e+01,3.1077e+01,2.9817e+01,2.7779e+01,2.8634e+01,3.0008e+01,2.8481e+01,2.7598e+01,2.4710e+01,2.4392e+01,2.5301e+01,2.5422e+01,2.5652e+01,2.4072e+01,2.5720e+01,2.4010e+01,2.4460e+01,2.3196e+01,2.4058e+01,2.4413e+01,2.4204e+01,2.4363e+01,2.5327e+01,2.6829e+01,2.8066e+01,2.9647e+01,3.1265e+01,3.2865e+01,3.4578e+01,3.6129e+01,3.7843e+01,3.9016e+01,3.9784e+01,4.1186e+01,4.2581e+01,4.3882e+01,4.5165e+01,4.6477e+01,4.7873e+01,4.9416e+01,5.0881e+01,5.2753e+01,5.3670e+01,5.4748e+01,5.6092e+01,5.6741e+01,5.7599e+01,5.7519e+01,5.7202e+01
7.1759e+01,7.1480e+01,7.1710e+01,7.2073e+01,7.2383e+01,7.2664e+01,7.2884e+01,7.3274e+01,7.3003e+01,7.2723e+01,7.2593e+01,7.2635e+01,7.3023e+01,7.3640e+01,7.3316e+01,7.2813e+01,7.2667e+01,7.2891e+01,7.3130e+01,7.3829e+01,7.4060e+01,7.3516e+01,7.3195e+01,7.3182e+01,7.3474e+01,7.4140e+01,7.3933e+01,7.5579e+01,7.7303e+01,7.7919e+01,8.0298e+01,8.0879e+01,8.0650e+01,8.0990e+01,8.2934e+01,8.3884e+01,8.4844e+01,8.5032e+01,8.6896e+01,8.9703e+01,9.1851e+01,9.4328e+01,9.6240e+01,9.7001e+01,9.8987e+01,1.0004e+02,1.0184e+02,1.0067e+02,1.0031e+02,9.8419e+01,9.5189e+01,9.2659e+01,8.9574e+01,8.6782e+01,8.4500e+01,8.1561e+01,8.1213e+01,7.8110e+01,7.4694e+01,7.2290e+01,6.9501e+01,6.6447e+01,6.3557e+01,6.1132e+01,5.8138e+01,5.5057e+01,5.4931e+01,5.3826e+01,5.1897e+01,5.0759e+01,4.7167e+01,4.4202e+01,4.1650e+01,4.0406e+01,3.7440e+01,3.4582e+01,3.4246e+01,3.2517e+01,3.0387e+01,2.8676e+01,2.6588e+01,2.8277e+01,2.7196e+01,2.9441e+01,2.8296e+01,2.6234e+01,2.7281e+01,2.8890e+01,2.7615e+01,2.6817e+01,2.3878e+01,2.3646e+01,2.4857e+01,2.5023e+01,2.5088e+01,2.3612e+01,2.5478e+01,2.3823e+01,2.4077e+01,2.2715e+01,2.3590e+01,2.3951e+01,2.3693e+01,2.3916e+01,2.4863e+01,2.6429e+01,2.7676e+01,2.9311e+01,3.1007e+01,3.2636e+01,3.4405e+01,3.5972e+01,3.7717e+01,3.8897e+01,3.9659e+01,4.1073e+01,4.2484e+01,4.3800e+01,4.5095e+01,4.6414e+01,4.7818e+01,4.9370e+01,5.0842e+01,5.2727e+01,5.3649e+01,5.4731e+01,5.6083e+01,5.6733e+01,5.7595e+01,5.7512e+01,5.7190e+01
7.0117e+01,6.9828e+01,7.0051e+01,7.0403e+01,7.0706e+01,7.0988e+01,7.1197e+01,7.1586e+01,7.1297e+01,7.1005e+01,7.0863e+01,7.0894e+01,7.1285e+01,7.1888e+01,7.1558e+01,7.1047e+01,7.0898e+01,7.1124e+01,7.1361e+01,7.2033e+01,7.2253e+01,7.1693e+01,7.1347e+01,7.1323e+01,7.1612e+01,7.2266e+01,7.2057e+01,7.3702e+01,7.5442e+01,7.6086e+01,7.8480e+01,7.9083e+01,7.8872e+01,7.9244e+01,8.1181e+01,8.2094e+01,8.3034e+01,8.3201e+01,8.5052e+01,8.7852e+01,9.0002e+01,9.2463e+01,9.4372e+01,9.5161e+01,9.7156e+01,9.8234e+01,1.0005e+02,9.8904e+01,9.8573e+01,9.6698e+01,9.3460e+01,9.0953e+01,8.7885e+01,8.5079e+01,8.2799e+01,7.9894e+01,7.9578e+01,7.6476e+01,7.3052e+01,7.0698e+01,6.7911e+01,6.4834e+01,6.1945e+01,5.9567e+01,5.6540e+01,5.3489e+01,5.3378e+01,5.2209e+01,5.0211e+01,4.9017e+01,4.5437e+01,4.2540e+01,3.9962e+01,3.8623e+01,3.5622e+01,3.2843e+01,3.2646e+01,3.0960e+01,2.8815e+01,2.7232e+01,2.5118e+01,2.6667e+01,2.5569e+01,2.7775e+01,2.6745e+01,2.4730e+01,2.5915e+01,2.7660e+01,2.6624e+01,2.5951e+01,2.3052e+01,2.2960e+01,2.4421e+01,2.4698e+01,2.4667e+01,2.3372e+01,2.5453e+01,2.3954e+01,2.4082e+01,2.2727e+01,2.3643e+01,2.4078e+01,2.3837e+01,2.4153e+01,2.5120e+01,2.6759e+01,2.8039e+01,2.9722e+01,3.1479e+01,3.3134e+01,3.4949e+01,3.6538e+01,3.8318e+01,3.9503e+01,4.0259e+01,4.1682e+01,4.3102e+01,4.4435e+01,4.5737e+01,4.7056e+01,4.8462e+01,5.0019e+01,5.1492e+01,5.3380e+01,5.4306e+01,5.5393e+01,5.6748e+01,5.7397e+01,5.8256e+01,5.8171e+01,5.7846e+01
6.8910e+01,6.8615e+01,6.8824e+01,6.9169e+01,6.9472e+01,6.9759e+01,6.9971e+01,7.0369e+01,7.0074e+01,6.9782e+01,6.9633e+01,6.9665e+01,7.0065e+01,7.0674e+01,7.0347e+01,6.9834e+01,6.9690e+01,6.9915e+01,7.0163e+01,7.0819e+01,7.1030e+01,7.0468e+01,7.0123e+01,7.0098e+01,7.0392e+01,7.1049e+01,7.0842e+01,7.2491e+01,7.4240e+01,7.4897e+01,7.7295e+01,7.7909e+01,7.7709e+01,7.8082e+01,8.0013e+01,8.0912e+01,8.1848e+01,8.2011e+01,8.3867e+01,8.6658e+01,8.8811e+01,9.1268e+01,9.3171e+01,9.3967e+01,9.5959e+01,9.7056e+01,9.8864e+01,9.7722e+01,9.7422e+01,9.5544e+01,9.2296e+01,8.9786e+01,8.6735e+01,8.3903e+01,8.1639e+01,7.8755e+01,7.8486e+01,7.5387e+01,7.1935e+01,6.9615e+01,6.6845e+01,6.3732e+01,6.0862e+01,5.8501e+01,5.5434e+01,5.2422e+01,5.2370e+01,5.1184e+01,4.9107e+01,4.7902e+01,4.4335e+01,4.1476e+01,3.8900e+01,3.7477e+01,3.4419e+01,3.1745e+01,3.1714e+01,3.0119e+01,2.7972e+01,2.6537e+01,2.4371e+01,2.5768e+01,2.4580e+01,2.6730e+01,2.5761e+01,2.3684e+01,2.4989e+01,2.6943e+01,2.6096e+01,2.5434e+01,2.2530e+01,2.2432e+01,2.4074e+01,2.4329e+01,2.4116e+01,2.2874e+01,2.5106e+01,2.3656e+01,2.3615e+01,2.2193e+01,2.3111e+01,2.3589e+01,2.3353e+01,2.3763e+01,2.4733e+01,2.6421e+01,2.7702e+01,2.9430e+01,3.1217e+01,3.2902e+01,3.4753e+01,3.6353e+01,3.8147e+01,3.9334e+01,4.0088e+01,4.1519e+01,4.2946e+01,4.4282e+01,4.5585e+01,4.6909e+01,4.8322e+01,4.9890e+01,5.1372e+01,5.3272e+01,5.4203e+01,5.5295e+01,5.6658e+01,5.7307e+01,5.8167e+01,5.8079e+01,5.7750e+01
6.8017e+01,6.7721e+01,6.7923e+01,6.8263e+01,6.8564e+01,6.8854e+01,6.9062e+01,6.9466e+01,6.9156e+01,6.8855e+01,6.8693e+01,6.8711e+01,6.9104e+01,6.9708e+01,6.9385e+01,6.8875e+01,6.8738e+01,6.8967e+01,6.9233e+01,6.9864e+01,7.0053e+01,6.9481e+01,6.9124e+01,6.9082e+01,6.9372e+01,7.0013e+01,6.9804e+01,7.1448e+01,7.3213e+01,7.3906e+01,7.6317e+01,7.6945e+01,7.6765e+01,7.7162e+01,7.9081e+01,7.9938e+01,8.0863e+01,8.1004e+01,8.2856e+01,8.5635e+01,8.7793e+01,9.0234e+01,9.2135e+01,9.2949e+01,9.4944e+01,9.6074e+01,9.7884e+01,9.6752e+01,9.6497e+01,9.4622e+01,9.1361e+01,8.8856e+01,8.5829e+01,8.2963e+01,8.0726e+01,7.7882e+01,7.7674e+01,7.4587e+01,7.1114e+01,6.8848e+01,6.6100e+01,6.2953e+01,6.0103e+01,5.7785e+01,5.4680e+01,5.1718e+01,5.1711e+01,5.0478e+01,4.8317e+01,4.7066e+01,4.3523e+01,4.0740e+01,3.8159e+01,3.6626e+01,3.3511e+01,3.0965e+01,3.1125e+01,2.9602e+01,2.7426e+01,2.6134e+01,2.3882e+01,2.5053e+01,2.3733e+01,2.5764e+01,2.4821e+01,2.2681e+01,2.4044e+01,2.6183e+01,2.5531e+01,2.4867e+01,2.1992e+01,2.1882e+01,2.3683e+01,2.3916e+01,2.3538e+01,2.2431e+01,2.4770e+01,2.3441e+01,2.3252e+01,2.1855e+01,2.2812e+01,2.3335e+01,2.3077e+01,2.3562e+01,2.4528e+01,2.6257e+01,2.7540e+01,2.9316e+01,3.1125e+01,3.2837e+01,3.4712e+01,3.6316e+01,3.8107e+01,3.9295e+01,4.0056e+01,4.1499e+01,4.2940e+01,4.4291e+01,4.5594e+01,4.6914e+01,4.8330e+01,4.9906e+01,5.1393e+01,5.3301e+01,5.4235e+01,5.5331e+01,5.6698e+01,5.7350e+01,5.8214e+01,5.8125e+01,5.7796e+01
6.7703e+01,6.7408e+01,6.7596e+01,6.7926e+01,6.8220e+01,6.8511e+01,6.8711e+01,6.9108e+01,6.8785e+01,6.8480e+01,6.8309e+01,6.8322e+01,6.8712e+01,6.9301e+01,6.8975e+01,6.8461e+01,6.8325e+01,6.8552e+01,6.8826e+01,6.9434e+01,6.9613e+01,6.9035e+01,6.8674e+01,6.8625e+01,6.8911e+01,6.9551e+01,6.9351e+01,7.0993e+01,7.2768e+01,7.3474e+01,7.5883e+01,7.6522e+01,7.6356e+01,7.6758e+01,7.8656e+01,7.9489e+01,8.0410e+01,8.0546e+01,8.2399e+01,8.5160e+01,8.7320e+01,8.9746e+01,9.1643e+01,9.2475e+01,9.4469e+01,9.5623e+01,9.7434e+01,9.6304e+01,9.6081e+01,9.4208e+01,9.0940e+01,8.8438e+01,8.5430e+01,8.2543e+01,8.0331e+01,7.7516e+01,7.7351e+01,7.4278e+01,7.0793e+01,6.8562e+01,6.5836e+01,6.2667e+01,5.9841e+01,5.7551e+01,5.4423e+01,5.1509e+01,5.1549e+01,5.0296e+01,4.8075e+01,4.6805e+01,4.3293e+01,4.0568e+01,3.8014e+01,3.6422e+01,3.3286e+01,3.0859e+01,3.1158e+01,2.9718e+01,2.7552e+01,2.6383e+01,2.4093e+01,2.5096e+01,2.3689e+01,2.5609e+01,2.4679e+01,2.2500e+01,2.3873e+01,2.6126e+01,2.5608e+01,2.4922e+01,2.2121e+01,2.1963e+01,2.3815e+01,2.3980e+01,2.3435e+01,2.2396e+01,2.4754e+01,2.3490e+01,2.3146e+01,2.1760e+01,2.2684e+01,2.3205e+01,2.2943e+01,2.3477e+01,2.4420e+01,2.6131e+01,2.7387e+01,2.9160e+01,3.0949e+01,3.2663e+01,3.4532e+01,3.6137e+01,3.7929e+01,3.9123e+01,3.9885e+01,4.1335e+01,4.2782e+01,4.4130e+01,4.5437e+01,4.6760e+01,4.8176e+01,4.9757e+01,5.1251e+01,5.3165e+01,5.4099e+01,5.5198e+01,5.6569e+01,5.7224e+01,5.8091e+01,5.8004e+01,5.7674e+01
6.7121e+01,6.6826e+01,6.7006e+01,6.7332e+01,6.7626e+01,6.7918e+01,6.8116e+01,6.8516e+01,6.8182e+01,6.7868e+01,6.7691e+01,6.7693e+01,6.8075e+01,6.8657e+01,6.8342e+01,6.7837e+01,6.7710e+01,6.7944e+01,6.8238e+01,6.8823e+01,6.8979e+01,6.8391e+01,6.8014e+01,6.7952e+01,6.8237e+01,6.8860e+01,6.8663e+01,7.0305e+01,7.2090e+01,7.2819e+01,7.5237e+01,7.5904e+01,7.5757e+01,7.6183e+01,7.8071e+01,7.8873e+01,7.9780e+01,7.9897e+01,8.1750e+01,8.4497e+01,8.6660e+01,8.9065e+01,9.0960e+01,9.1818e+01,9.3815e+01,9.5001e+01,9.6814e+01,9.5701e+01,9.5522e+01,9.3656e+01,9.0375e+01,8.7881e+01,8.4900e+01,8.1985e+01,7.9794e+01,7.7017e+01,7.6912e+01,7.3843e+01,7.0336e+01,6.8163e+01,6.5453e+01,6.2252e+01,5.9441e+01,5.7200e+01,5.4033e+01,5.1167e+01,5.1243e+01,4.9930e+01,4.7623e+01,4.6292e+01,4.2800e+01,4.0166e+01,3.7595e+01,3.5877e+01,3.2676e+01,3.0379e+01,3.0882e+01,2.9495e+01,2.7271e+01,2.6219e+01,2.3805e+01,2.4553e+01,2.2962e+01,2.4723e+01,2.3774e+01,2.1493e+01,2.2891e+01,2.5330e+01,2.4994e+01,2.4280e+01,2.1518e+01,2.1318e+01,2.3298e+01,2.3415e+01,2.2688e+01,2.1783e+01,2.4241e+01,2.3117e+01,2.2629e+01,2.1299e+01,2.2263e+01,2.2851e+01,2.2602e+01,2.3221e+01,2.4167e+01,2.5955e+01,2.7221e+01,2.9040e+01,3.0873e+01,3.2642e+01,3.4561e+01,3.6182e+01,3.7983e+01,3.9169e+01,3.9929e+01,4.1388e+01,4.2841e+01,4.4191e+01,4.5497e+01,4.6825e+01,4.8247e+01,4.9836e+01,5.1335e+01,5.3257e+01,5.4195e+01,5.5295e+01,5.6670e+01,5.7327e+01,5.8195e+01,5.8108e+01,5.7775e+01
6.6747e+01,6.6449e+01,6.6624e+01,6.6952e+01,6.7250e+01,6.7542e+01,6.7744e+01,6.8147e+01,6.7804e+01,6.7482e+01,6.7291e+01,6.7289e+01,6.7671e+01,6.8253e+01,6.7941e+01,6.7443e+01,6.7315e+01,6.7543e+01,6.7839e+01,6.8420e+01,6.8565e+01,6.7976e+01,6.7598e+01,6.7528e+01,6.7812e+01,6.8431e+01,6.8229e+01,6.9866e+01,7.1650e+01,7.2377e+01,7.4794e+01,7.5459e+01,7.5313e+01,7.5736e+01,7.7621e+01,7.8424e+01,7.9330e+01,7.9452e+01,8.1307e+01,8.4050e+01,8.6221e+01,8.8629e+01,9.0523e+01,9.1384e+01,9.3378e+01,9.4567e+01,9.6378e+01,9.5267e+01,9.5097e+01,9.3231e+01,8.9947e+01,8.7452e+01,8.4477e+01,8.1550e+01,7.9371e+01,7.6602e+01,7.6521e+01,7.3451e+01,6.9932e+01,6.7777e+01,6.5076e+01,6.1862e+01,5.9061e+01,5.6832e+01,5.3655e+01,5.0809e+01,5.0907e+01,4.9590e+01,4.7258e+01,4.5927e+01,4.2451e+01,3.9843e+01,3.7294e+01,3.5544e+01,3.2313e+01,3.0093e+01,3.0701e+01,2.9384e+01,2.7175e+01,2.6213e+01,2.3775e+01,2.4448e+01,2.2813e+01,2.4538e+01,2.3633e+01,2.1317e+01,2.2779e+01,2.5312e+01,2.5080e+01,2.4392e+01,2.1614e+01,2.1434e+01,2.3502e+01,2.3609e+01,2.2831e+01,2.1996e+01,2.4495e+01,2.3410e+01,2.2842e+01,2.1485e+01,2.2489e+01,2.3015e+01,2.2661e+01,2.3233e+01,2.4136e+01,2.5921e+01,2.7168e+01,2.8959e+01,3.0805e+01,3.2582e+01,3.4507e+01,3.6132e+01,3.7937e+01,3.9122e+01,3.9880e+01,4.1339e+01,4.2787e+01,4.4130e+01,4.5432e+01,4.6763e+01,4.8191e+01,4.9782e+01,5.1282e+01,5.3204e+01,5.4146e+01,5.5248e+01,5.6626e+01,5.7287e+01,5.8157e+01,5.8075e+01,5.7743e+01
6.6943e+01,6.6643e+01,6.6817e+01,6.7147e+01,6.7444e+01,6.7735e+01,6.7937e+01,6.8340e+01,6.7991e+01,6.7660e+01,6.7458e+01,6.7447e+01,6.7815e+01,6.8387e+01,6.8094e+01,6.7617e+01,6.7503e+01,6.7738e+01,6.8051e+01,6.8626e+01,6.8753e+01,6.8158e+01,6.7778e+01,6.7700e+01,6.7977e+01,6.8581e+01,6.8380e+01,7.0009e+01,7.1790e+01,7.2518e+01,7.4927e+01,7.5607e+01,7.5469e+01,7.5907e+01,7.7781e+01,7.8572e+01,7.9475e+01,7.9591e+01,8.1451e+01,8.4191e+01,8.6366e+01,8.8767e+01,9.0663e+01,9.1543e+01,9.3540e+01,9.4742e+01,9.6552e+01,9.5446e+01,9.5294e+01,9.3427e+01,9.0139e+01,8.7642e+01,8.4682e+01,8.1741e+01,7.9584e+01,7.6834e+01,7.6785e+01,7.3724e+01,7.0193e+01,6.8061e+01,6.5379e+01,6.2143e+01,5.9362e+01,5.7142e+01,5.3944e+01,5.1130e+01,5.1264e+01,4.9939e+01,4.7566e+01,4.6225e+01,4.2764e+01,4.0186e+01,3.7659e+01,3.5869e+01,3.2598e+01,3.0457e+01,3.1173e+01,2.9918e+01,2.7703e+01,2.6805e+01,2.4313e+01,2.4892e+01,2.3158e+01,2.4800e+01,2.3856e+01,2.1429e+01,2.2840e+01,2.5463e+01,2.5273e+01,2.4497e+01,2.1716e+01,2.1412e+01,2.3476e+01,2.3456e+01,2.2538e+01,2.1729e+01,2.4210e+01,2.3145e+01,2.2464e+01,2.1107e+01,2.2128e+01,2.2616e+01,2.2180e+01,2.2736e+01,2.3601e+01,2.5377e+01,2.6605e+01,2.8374e+01,3.0242e+01,3.2032e+01,3.3987e+01,3.5613e+01,3.7436e+01,3.8603e+01,3.9352e+01,4.0817e+01,4.2266e+01,4.3604e+01,4.4904e+01,4.6238e+01,4.7672e+01,4.9275e+01,5.0782e+01,5.2713e+01,5.3661e+01,5.4766e+01,5.6151e+01,5.6820e+01,5.7697e+01,5.7619e+01,5.7286e+01
6.6925e+01,6.6625e+01,6.6798e+01,6.7124e+01,6.7419e+01,6.7706e+01,6.7908e+01,6.8306e+01,6.7955e+01,6.7616e+01,6.7407e+01,6.7393e+01,6.7748e+01,6.8304e+01,6.8021e+01,6.7562e+01,6.7449e+01,6.7682e+01,6.7998e+01,6.8564e+01,6.8683e+01,6.8076e+01,6.7685e+01,6.7601e+01,6.7866e+01,6.8462e+01,6.8264e+01,6.9882e+01,7.1660e+01,7.2406e+01,7.4801e+01,7.5517e+01,7.5395e+01,7.5865e+01,7.7724e+01,7.8485e+01,7.9366e+01,7.9456e+01,8.1309e+01,8.4043e+01,8.6220e+01,8.8602e+01,9.0493e+01,9.1392e+01,9.3387e+01,9.4607e+01,9.6415e+01,9.5317e+01,9.5193e+01,9.3331e+01,9.0048e+01,8.7563e+01,8.4624e+01,8.1681e+01,7.9555e+01,7.6831e+01,7.6821e+01,7.3779e+01,7.0243e+01,6.8139e+01,6.5480e+01,6.2231e+01,5.9472e+01,5.7272e+01,5.4060e+01,5.1282e+01,5.1443e+01,5.0100e+01,4.7696e+01,4.6335e+01,4.2899e+01,4.0365e+01,3.7863e+01,3.6053e+01,3.2781e+01,3.0715e+01,3.1498e+01,3.0290e+01,2.8089e+01,2.7245e+01,2.4744e+01,2.5247e+01,2.3476e+01,2.5049e+01,2.4124e+01,2.1685e+01,2.3076e+01,2.5736e+01,2.5631e+01,2.4857e+01,2.2106e+01,2.1793e+01,2.3897e+01,2.3836e+01,2.2862e+01,2.2162e+01,2.4615e+01,2.3633e+01,2.2892e+01,2.1576e+01,2.2600e+01,2.3070e+01,2.2584e+01,2.3111e+01,2.3937e+01,2.5696e+01,2.6907e+01,2.8643e+01,3.0497e+01,3.2268e+01,3.4211e+01,3.5825e+01,3.7635e+01,3.8789e+01,3.9522e+01,4.0975e+01,4.2416e+01,4.3747e+01,4.5037e+01,4.6361e+01,4.7784e+01,4.9382e+01,5.0889e+01,5.2817e+01,5.3759e+01,5.4859e+01,5.6240e+01,5.6906e+01,5.7781e+01,5.7705e+01,5.7374e+01
6.7151e+01,6.6853e+01,6.7032e+01,6.7357e+01,6.7654e+01,6.7938e+01,6.8138e+01,6.8531e+01,6.8178e+01,6.7835e+01,6.7617e+01,6.7602e+01,6.7942e+01,6.8492e+01,6.8218e+01,6.7772e+01,6.7660e+01,6.7887e+01,6.8198e+01,6.8762e+01,6.8874e+01,6.8261e+01,6.7866e+01,6.7774e+01,6.8023e+01,6.8605e+01,6.8402e+01,7.0002e+01,7.1767e+01,7.2506e+01,7.4886e+01,7.5602e+01,7.5470e+01,7.5944e+01,7.7791e+01,7.8551e+01,7.9432e+01,7.9520e+01,8.1375e+01,8.4102e+01,8.6287e+01,8.8667e+01,9.0563e+01,9.1466e+01,9.3468e+01,9.4691e+01,9.6503e+01,9.5417e+01,9.5297e+01,9.3443e+01,9.0165e+01,8.7684e+01,8.4747e+01,8.1803e+01,7.9687e+01,7.6972e+01,7.6974e+01,7.3938e+01,7.0404e+01,6.8313e+01,6.5662e+01,6.2415e+01,5.9663e+01,5.7471e+01,5.4261e+01,5.1492e+01,5.1651e+01,5.0308e+01,4.7913e+01,4.6552e+01,4.3127e+01,4.0600e+01,3.8112e+01,3.6320e+01,3.3056e+01,3.1001e+01,3.1778e+01,3.0583e+01,2.8400e+01,2.7555e+01,2.5073e+01,2.5603e+01,2.3859e+01,2.5441e+01,2.4534e+01,2.2127e+01,2.3491e+01,2.6095e+01,2.5965e+01,2.5203e+01,2.2454e+01,2.2152e+01,2.4223e+01,2.4167e+01,2.3247e+01,2.2587e+01,2.5014e+01,2.4056e+01,2.3342e+01,2.2046e+01,2.3098e+01,2.3510e+01,2.2953e+01,2.3404e+01,2.4217e+01,2.5974e+01,2.7212e+01,2.8918e+01,3.0784e+01,3.2528e+01,3.4458e+01,3.6059e+01,3.7854e+01,3.8994e+01,3.9711e+01,4.1149e+01,4.2576e+01,4.3901e+01,4.5181e+01,4.6491e+01,4.7907e+01,4.9496e+01,5.0995e+01,5.2917e+01,5.3860e+01,5.4959e+01,5.6337e+01,5.7007e+01,5.7883e+01,5.7814e+01,5.7486e+01
6.6984e+01,6.6687e+01,6.6863e+01,6.7182e+01,6.7476e+01,6.7759e+01,6.7947e+01,6.8334e+01,6.7981e+01,6.7639e+01,6.7416e+01,6.7400e+01,6.7727e+01,6.8277e+01,6.8007e+01,6.7565e+01,6.7451e+01,6.7675e+01,6.7984e+01,6.8556e+01,6.8683e+01,6.8079e+01,6.7690e+01,6.7608e+01,6.7848e+01,6.8441e+01,6.8244e+01,6.9846e+01,7.1607e+01,7.2330e+01,7.4698e+01,7.5404e+01,7.5268e+01,7.5733e+01,7.7591e+01,7.8368e+01,7.9244e+01,7.9343e+01,8.1186e+01,8.3913e+01,8.6092e+01,8.8487e+01,9.0381e+01,9.1263e+01,9.3259e+01,9.4470e+01,9.6272e+01,9.5181e+01,9.5051e+01,9.3187e+01,8.9912e+01,8.7422e+01,8.4480e+01,8.1541e+01,7.9427e+01,7.6706e+01,7.6707e+01,7.3682e+01,7.0153e+01,6.8053e+01,6.5417e+01,6.2175e+01,5.9437e+01,5.7228e+01,5.4026e+01,5.1261e+01,5.1436e+01,5.0130e+01,4.7759e+01,4.6443e+01,4.3028e+01,4.0462e+01,3.8020e+01,3.6309e+01,3.3088e+01,3.1015e+01,3.1717e+01,3.0564e+01,2.8464e+01,2.7636e+01,2.5257e+01,2.5938e+01,2.4334e+01,2.6038e+01,2.5237e+01,2.2936e+01,2.4370e+01,2.6905e+01,2.6753e+01,2.6073e+01,2.3297e+01,2.3080e+01,2.5124e+01,2.5126e+01,2.4303e+01,2.3612e+01,2.6010e+01,2.4985e+01,2.4295e+01,2.2936e+01,2.3941e+01,2.4260e+01,2.3642e+01,2.3993e+01,2.4758e+01,2.6457e+01,2.7683e+01,2.9319e+01,3.1153e+01,3.2859e+01,3.4742e+01,3.6309e+01,3.8063e+01,3.9179e+01,3.9887e+01,4.1298e+01,4.2705e+01,4.4007e+01,4.5275e+01,4.6567e+01,4.7971e+01,4.9541e+01,5.1023e+01,5.2929e+01,5.3869e+01,5.4963e+01,5.6332e+01,5.7004e+01,5.7879e+01,5.7816e+01,5.7493e+01
6.6816e+01,6.6517e+01,6.6689e+01,6.7001e+01,6.7293e+01,6.7571e+01,6.7753e+01,6.8135e+01,6.7783e+01,6.7441e+01,6.7210e+01,6.7194e+01,6.7509e+01,6.8058e+01,6.7796e+01,6.7358e+01,6.7245e+01,6.7470e+01,6.7782e+01,6.8362e+01,6.8501e+01,6.7912e+01,6.7535e+01,6.7465e+01,6.7702e+01,6.8305e+01,6.8110e+01,6.9712e+01,7.1458e+01,7.2164e+01,7.4514e+01,7.5209e+01,7.5065e+01,7.5520e+01,7.7388e+01,7.8182e+01,7.9052e+01,7.9160e+01,8.0992e+01,8.3718e+01,8.5887e+01,8.8290e+01,9.0175e+01,9.1043e+01,9.3029e+01,9.4225e+01,9.6015e+01,9.4920e+01,9.4779e+01,9.2909e+01,8.9644e+01,8.7150e+01,8.4207e+01,8.1279e+01,7.9168e+01,7.6440e+01,7.6435e+01,7.3419e+01,6.9895e+01,6.7786e+01,6.5165e+01,6.1928e+01,5.9206e+01,5.6979e+01,5.3786e+01,5.1031e+01,5.1228e+01,4.9966e+01,4.7615e+01,4.6349e+01,4.2952e+01,4.0357e+01,3.7963e+01,3.6320e+01,3.3143e+01,3.1072e+01,3.1729e+01,3.0626e+01,2.8607e+01,2.7817e+01,2.5535e+01,2.6326e+01,2.4841e+01,2.6633e+01,2.5934e+01,2.3729e+01,2.5231e+01,2.7723e+01,2.7582e+01,2.6980e+01,2.4211e+01,2.4066e+01,2.6084e+01,2.6127e+01,2.5343e+01,2.4614e+01,2.6975e+01,2.5903e+01,2.5200e+01,2.3775e+01,2.4681e+01,2.4927e+01,2.4274e+01,2.4573e+01,2.5281e+01,2.6903e+01,2.8105e+01,2.9663e+01,3.1457e+01,3.3123e+01,3.4963e+01,3.6495e+01,3.8214e+01,3.9313e+01,4.0010e+01,4.1399e+01,4.2790e+01,4.4074e+01,4.5328e+01,4.6611e+01,4.8005e+01,4.9559e+01,5.1027e+01,5.2919e+01,5.3854e+01,5.4943e+01,5.6304e+01,5.6973e+01,5.7846e+01,5.7786e+01,5.7468e+01
6.6917e+01,6.6619e+01,6.6786e+01,6.7093e+01,6.7384e+01,6.7660e+01,6.7836e+01,6.8215e+01,6.7858e+01,6.7516e+01,6.7280e+01,6.7261e+01,6.7567e+01,6.8116e+01,6.7854e+01,6.7413e+01,6.7300e+01,6.7523e+01,6.7833e+01,6.8418e+01,6.8562e+01,6.7983e+01,6.7611e+01,6.7546e+01,6.7786e+01,6.8392e+01,6.8192e+01,6.9791e+01,7.1531e+01,7.2226e+01,7.4569e+01,7.5255e+01,7.5107e+01,7.5555e+01,7.7423e+01,7.8228e+01,7.9093e+01,7.9215e+01,8.1038e+01,8.3764e+01,8.5921e+01,8.8328e+01,9.0207e+01,9.1062e+01,9.3043e+01,9.4234e+01,9.6019e+01,9.4925e+01,9.4778e+01,9.2909e+01,8.9647e+01,8.7152e+01,8.4204e+01,8.1279e+01,7.9163e+01,7.6430e+01,7.6418e+01,7.3404e+01,6.9888e+01,6.7775e+01,6.5158e+01,6.1937e+01,5.9218e+01,5.6989e+01,5.3814e+01,5.1060e+01,5.1252e+01,5.0010e+01,4.7687e+01,4.6444e+01,4.3062e+01,4.0456e+01,3.8089e+01,3.6490e+01,3.3347e+01,3.1275e+01,3.1892e+01,3.0815e+01,2.8850e+01,2.8072e+01,2.5863e+01,2.6716e+01,2.5312e+01,2.7135e+01,2.6484e+01,2.4353e+01,2.5865e+01,2.8295e+01,2.8140e+01,2.7579e+01,2.4825e+01,2.4718e+01,2.6700e+01,2.6776e+01,2.6053e+01,2.5318e+01,2.7644e+01,2.6552e+01,2.5887e+01,2.4459e+01,2.5361e+01,2.5566e+01,2.4882e+01,2.5128e+01,2.5805e+01,2.7386e+01,2.8575e+01,3.0078e+01,3.1849e+01,3.3479e+01,3.5283e+01,3.6788e+01,3.8478e+01,3.9561e+01,4.0254e+01,4.1628e+01,4.3006e+01,4.4278e+01,4.5520e+01,4.6792e+01,4.8176e+01,4.9716e+01,5.1172e+01,5.3049e+01,5.3977e+01,5.5061e+01,5.6414e+01,5.7082e+01,5.7952e+01,5.7893e+01,5.7580e+01
6.7098e+01,6.6798e+01,6.6962e+01,6.7267e+01,6.7561e+01,6.7841e+01,6.8019e+01,6.8402e+01,6.8047e+01,6.7705e+01,6.7466e+01,6.7442e+01,6.7737e+01,6.8292e+01,6.8040e+01,6.7606e+01,6.7500e+01,6.7721e+01,6.8032e+01,6.8628e+01,6.8779e+01,6.8214e+01,6.7855e+01,6.7800e+01,6.8046e+01,6.8662e+01,6.8464e+01,7.0062e+01,7.1790e+01,7.2468e+01,7.4799e+01,7.5469e+01,7.5317e+01,7.5750e+01,7.7622e+01,7.8444e+01,7.9305e+01,7.9443e+01,8.1257e+01,8.3976e+01,8.6120e+01,8.8530e+01,9.0395e+01,9.1239e+01,9.3206e+01,9.4382e+01,9.6155e+01,9.5052e+01,9.4894e+01,9.3016e+01,8.9761e+01,8.7259e+01,8.4308e+01,8.1391e+01,7.9276e+01,7.6538e+01,7.6518e+01,7.3517e+01,7.0013e+01,6.7890e+01,6.5290e+01,6.2083e+01,5.9385e+01,5.7139e+01,5.3984e+01,5.1245e+01,5.1453e+01,5.0255e+01,4.7962e+01,4.6766e+01,4.3413e+01,4.0800e+01,3.8480e+01,3.6935e+01,3.3845e+01,3.1796e+01,3.2380e+01,3.1340e+01,2.9442e+01,2.8688e+01,2.6565e+01,2.7464e+01,2.6138e+01,2.7968e+01,2.7359e+01,2.5297e+01,2.6796e+01,2.9171e+01,2.8997e+01,2.8451e+01,2.5744e+01,2.5632e+01,2.7554e+01,2.7620e+01,2.6919e+01,2.6149e+01,2.8414e+01,2.7294e+01,2.6635e+01,2.5184e+01,2.6023e+01,2.6184e+01,2.5487e+01,2.5721e+01,2.6355e+01,2.7864e+01,2.9011e+01,3.0463e+01,3.2184e+01,3.3786e+01,3.5561e+01,3.7042e+01,3.8699e+01,3.9758e+01,4.0447e+01,4.1800e+01,4.3159e+01,4.4417e+01,4.5643e+01,4.6901e+01,4.8268e+01,4.9792e+01,5.1232e+01,5.3093e+01,5.4014e+01,5.5092e+01,5.6438e+01,5.7106e+01,5.7972e+01,5.7915e+01,5.7606e+01
