9.4070e+01,9.3931e+01,9.3859e+01,9.3754e+01,9.3802e+01,9.3732e+01,9.3530e+01,9.3539e+01,9.3216e+01,9.2858e+01,9.2685e+01,9.2549e+01,9.2544e+01,9.2421e+01,9.2451e+01,9.2580e+01,9.2628e+01,9.2675e+01,9.2780e+01,9.2804e+01,9.3037e+01,9.2959e+01,9.3124e+01,9.2796e+01,9.2102e+01,9.2493e+01,9.2891e+01,9.4006e+01,9.4748e+01,9.4686e+01,9.4691e+01,9.5758e+01,9.7084e+01,9.7776e+01,9.8352e+01,9.8033e+01,9.8623e+01,9.9748e+01,1.0045e+02,1.0146e+02,1.0180e+02,1.0243e+02,1.0303e+02,1.0277e+02,1.0204e+02,1.0215e+02,1.0126e+02,1.0087e+02,1.0059e+02,9.9809e+01,9.9857e+01,9.9480e+01,1.0023e+02,9.9175e+01,9.8488e+01,9.7071e+01,9.5431e+01,9.4225e+01,9.2650e+01,9.2168e+01,9.0897e+01,8.9439e+01,8.8423e+01,8.7221e+01,8.7363e+01,8.6861e+01,8.7456e+01,8.7313e+01,8.7133e+01,8.7934e+01,8.7608e+01,8.6848e+01,8.5923e+01,8.6369e+01,8.5633e+01,8.6057e+01,8.5725e+01,8.6520e+01,8.7664e+01,8.8507e+01,8.8685e+01,8.9553e+01,9.0400e+01,9.1008e+01,9.2457e+01,9.2582e+01,9.2178e+01,9.2848e+01,9.4264e+01,9.4851e+01,9.5942e+01,9.7038e+01,9.7458e+01,9.8904e+01,1.0064e+02,1.0110e+02,1.0184e+02,1.0388e+02,1.0435e+02,1.0523e+02,1.0410e+02,1.0394e+02,1.0507e+02,1.0502e+02,1.0605e+02,1.0702e+02,1.0812e+02,1.0939e+02,1.1048e+02,1.1148e+02,1.1265e+02,1.1351e+02,1.1448e+02,1.1508e+02,1.1550e+02,1.1628e+02,1.1720e+02,1.1798e+02,1.1881e+02,1.1972e+02,1.2073e+02,1.2188e+02,1.2283e+02,1.2411e+02,1.2485e+02,1.2560e+02,1.2653e+02,1.2693e+02,1.2751e+02,1.2740e+02,1.2714e+02
9.3885e+01,9.3747e+01,9.3676e+01,9.3570e+01,9.3617e+01,9.3548e+01,9.3344e+01,9.3355e+01,9.3033e+01,9.2673e+01,9.2499e+01,9.2363e+01,9.2357e+01,9.2236e+01,9.2266e+01,9.2396e+01,9.2445e+01,9.2494e+01,9.2600e+01,9.2623e+01,9.2859e+01,9.2782e+01,9.2949e+01,9.2619e+01,9.1924e+01,9.2316e+01,9.2714e+01,9.3830e+01,9.4574e+01,9.4511e+01,9.4514e+01,9.5583e+01,9.6912e+01,9.7605e+01,9.8183e+01,9.7864e+01,9.8457e+01,9.9585e+01,1.0028e+02,1.0130e+02,1.0164e+02,1.0227e+02,1.0287e+02,1.0261e+02,1.0188e+02,1.0199e+02,1.0110e+02,1.0071e+02,1.0042e+02,9.9639e+01,9.9688e+01,9.9310e+01,1.0006e+02,9.9007e+01,9.8318e+01,9.6898e+01,9.5253e+01,9.4043e+01,9.2463e+01,9.1981e+01,9.0707e+01,8.9244e+01,8.8225e+01,8.7020e+01,8.7162e+01,8.6660e+01,8.7258e+01,8.7115e+01,8.6935e+01,8.7737e+01,8.7410e+01,8.6647e+01,8.5719e+01,8.6166e+01,8.5428e+01,8.5854e+01,8.5519e+01,8.6316e+01,8.7464e+01,8.8309e+01,8.8486e+01,8.9357e+01,9.0204e+01,9.0812e+01,9.2265e+01,9.2391e+01,9.1985e+01,9.2658e+01,9.4077e+01,9.4664e+01,9.5756e+01,9.6855e+01,9.7273e+01,9.8723e+01,1.0047e+02,1.0092e+02,1.0167e+02,1.0371e+02,1.0418e+02,1.0506e+02,1.0392e+02,1.0376e+02,1.0489e+02,1.0484e+02,1.0588e+02,1.0685e+02,1.0795e+02,1.0922e+02,1.1032e+02,1.1132e+02,1.1249e+02,1.1336e+02,1.1433e+02,1.1493e+02,1.1535e+02,1.1613e+02,1.1705e+02,1.1784e+02,1.1867e+02,1.1957e+02,1.2059e+02,1.2173e+02,1.2270e+02,1.2397e+02,1.2471e+02,1.2547e+02,1.2640e+02,1.2681e+02,1.2739e+02,1.2727e+02,1.2702e+02
9.3795e+01,9.3658e+01,9.3588e+01,9.3484e+01,9.3531e+01,9.3460e+01,9.3255e+01,9.3267e+01,9.2945e+01,9.2584e+01,9.2408e+01,9.2269e+01,9.2264e+01,9.2144e+01,9.2173e+01,9.2302e+01,9.2352e+01,9.2402e+01,9.2508e+01,9.2531e+01,9.2765e+01,9.2689e+01,9.2854e+01,9.2524e+01,9.1828e+01,9.2221e+01,9.2617e+01,9.3733e+01,9.4477e+01,9.4414e+01,9.4416e+01,9.5485e+01,9.6815e+01,9.7509e+01,9.8088e+01,9.7772e+01,9.8367e+01,9.9496e+01,1.0020e+02,1.0122e+02,1.0155e+02,1.0218e+02,1.0278e+02,1.0252e+02,1.0179e+02,1.0190e+02,1.0101e+02,1.0062e+02,1.0034e+02,9.9552e+01,9.9600e+01,9.9223e+01,9.9973e+01,9.8918e+01,9.8230e+01,9.6810e+01,9.5164e+01,9.3954e+01,9.2373e+01,9.1892e+01,9.0617e+01,8.9154e+01,8.8133e+01,8.6926e+01,8.7067e+01,8.6563e+01,8.7160e+01,8.7017e+01,8.6835e+01,8.7637e+01,8.7309e+01,8.6547e+01,8.5618e+01,8.6063e+01,8.5326e+01,8.5751e+01,8.5416e+01,8.6211e+01,8.7359e+01,8.8203e+01,8.8380e+01,8.9249e+01,9.0096e+01,9.0703e+01,9.2156e+01,9.2282e+01,9.1876e+01,9.2549e+01,9.3969e+01,9.4556e+01,9.5647e+01,9.6746e+01,9.7163e+01,9.8613e+01,1.0036e+02,1.0081e+02,1.0156e+02,1.0361e+02,1.0407e+02,1.0496e+02,1.0382e+02,1.0366e+02,1.0479e+02,1.0474e+02,1.0579e+02,1.0675e+02,1.0786e+02,1.0913e+02,1.1023e+02,1.1123e+02,1.1241e+02,1.1328e+02,1.1425e+02,1.1485e+02,1.1527e+02,1.1605e+02,1.1697e+02,1.1776e+02,1.1859e+02,1.1950e+02,1.2052e+02,1.2167e+02,1.2263e+02,1.2391e+02,1.2465e+02,1.2541e+02,1.2634e+02,1.2675e+02,1.2733e+02,1.2721e+02,1.2696e+02
9.3602e+01,9.3465e+01,9.3394e+01,9.3287e+01,9.3331e+01,9.3258e+01,9.3053e+01,9.3066e+01,9.2744e+01,9.2380e+01,9.2203e+01,9.2065e+01,9.2059e+01,9.1941e+01,9.1969e+01,9.2099e+01,9.2149e+01,9.2203e+01,9.2307e+01,9.2330e+01,9.2566e+01,9.2489e+01,9.2655e+01,9.2325e+01,9.1628e+01,9.2022e+01,9.2416e+01,9.3535e+01,9.4282e+01,9.4222e+01,9.4225e+01,9.5296e+01,9.6630e+01,9.7327e+01,9.7908e+01,9.7594e+01,9.8190e+01,9.9322e+01,1.0002e+02,1.0104e+02,1.0138e+02,1.0201e+02,1.0261e+02,1.0234e+02,1.0161e+02,1.0172e+02,1.0083e+02,1.0044e+02,1.0016e+02,9.9375e+01,9.9425e+01,9.9047e+01,9.9799e+01,9.8739e+01,9.8051e+01,9.6627e+01,9.4977e+01,9.3763e+01,9.2177e+01,9.1695e+01,9.0415e+01,8.8948e+01,8.7924e+01,8.6714e+01,8.6856e+01,8.6349e+01,8.6947e+01,8.6803e+01,8.6619e+01,8.7421e+01,8.7090e+01,8.6325e+01,8.5392e+01,8.5838e+01,8.5098e+01,8.5523e+01,8.5185e+01,8.5981e+01,8.7132e+01,8.7977e+01,8.8151e+01,8.9021e+01,8.9867e+01,9.0473e+01,9.1928e+01,9.2054e+01,9.1646e+01,9.2321e+01,9.3744e+01,9.4329e+01,9.5421e+01,9.6523e+01,9.6938e+01,9.8392e+01,1.0014e+02,1.0060e+02,1.0134e+02,1.0339e+02,1.0386e+02,1.0474e+02,1.0360e+02,1.0344e+02,1.0457e+02,1.0452e+02,1.0557e+02,1.0654e+02,1.0765e+02,1.0892e+02,1.1002e+02,1.1103e+02,1.1221e+02,1.1308e+02,1.1405e+02,1.1465e+02,1.1507e+02,1.1586e+02,1.1678e+02,1.1757e+02,1.1840e+02,1.1931e+02,1.2033e+02,1.2148e+02,1.2245e+02,1.2373e+02,1.2448e+02,1.2524e+02,1.2618e+02,1.2659e+02,1.2717e+02,1.2705e+02,1.2680e+02
9.3299e+01,9.3163e+01,9.3092e+01,9.2984e+01,9.3025e+01,9.2949e+01,9.2744e+01,9.2756e+01,9.2436e+01,9.2070e+01,9.1894e+01,9.1756e+01,9.1751e+01,9.1637e+01,9.1666e+01,9.1799e+01,9.1849e+01,9.1903e+01,9.2008e+01,9.2030e+01,9.2265e+01,9.2188e+01,9.2352e+01,9.2019e+01,9.1319e+01,9.1714e+01,9.2108e+01,9.3231e+01,9.3980e+01,9.3918e+01,9.3920e+01,9.4993e+01,9.6332e+01,9.7034e+01,9.7618e+01,9.7306e+01,9.7906e+01,9.9042e+01,9.9747e+01,1.0077e+02,1.0111e+02,1.0174e+02,1.0234e+02,1.0207e+02,1.0134e+02,1.0145e+02,1.0056e+02,1.0016e+02,9.9884e+01,9.9096e+01,9.9145e+01,9.8765e+01,9.9518e+01,9.8454e+01,9.7764e+01,9.6336e+01,9.4681e+01,9.3463e+01,9.1870e+01,9.1386e+01,9.0102e+01,8.8629e+01,8.7601e+01,8.6388e+01,8.6534e+01,8.6024e+01,8.6623e+01,8.6479e+01,8.6293e+01,8.7097e+01,8.6763e+01,8.5994e+01,8.5056e+01,8.5504e+01,8.4762e+01,8.5189e+01,8.4847e+01,8.5644e+01,8.6800e+01,8.7645e+01,8.7818e+01,8.8687e+01,8.9535e+01,9.0139e+01,9.1598e+01,9.1724e+01,9.1311e+01,9.1989e+01,9.3415e+01,9.4000e+01,9.5095e+01,9.6203e+01,9.6619e+01,9.8080e+01,9.9834e+01,1.0029e+02,1.0104e+02,1.0309e+02,1.0356e+02,1.0444e+02,1.0330e+02,1.0313e+02,1.0427e+02,1.0422e+02,1.0527e+02,1.0625e+02,1.0736e+02,1.0864e+02,1.0974e+02,1.1076e+02,1.1194e+02,1.1282e+02,1.1379e+02,1.1439e+02,1.1482e+02,1.1560e+02,1.1653e+02,1.1732e+02,1.1816e+02,1.1907e+02,1.2009e+02,1.2125e+02,1.2222e+02,1.2351e+02,1.2426e+02,1.2502e+02,1.2596e+02,1.2637e+02,1.2696e+02,1.2684e+02,1.2659e+02
9.3092e+01,9.2955e+01,9.2884e+01,9.2774e+01,9.2813e+01,9.2735e+01,9.2529e+01,9.2540e+01,9.2222e+01,9.1857e+01,9.1681e+01,9.1545e+01,9.1542e+01,9.1430e+01,9.1461e+01,9.1595e+01,9.1645e+01,9.1701e+01,9.1806e+01,9.1830e+01,9.2063e+01,9.1985e+01,9.2149e+01,9.1815e+01,9.1113e+01,9.1508e+01,9.1902e+01,9.3027e+01,9.3776e+01,9.3713e+01,9.3717e+01,9.4791e+01,9.6132e+01,9.6836e+01,9.7423e+01,9.7113e+01,9.7714e+01,9.8850e+01,9.9556e+01,1.0058e+02,1.0092e+02,1.0154e+02,1.0214e+02,1.0188e+02,1.0115e+02,1.0126e+02,1.0036e+02,9.9973e+01,9.9694e+01,9.8905e+01,9.8955e+01,9.8577e+01,9.9332e+01,9.8266e+01,9.7578e+01,9.6149e+01,9.4490e+01,9.3271e+01,9.1675e+01,9.1192e+01,8.9904e+01,8.8430e+01,8.7398e+01,8.6182e+01,8.6326e+01,8.5814e+01,8.6411e+01,8.6265e+01,8.6077e+01,8.6881e+01,8.6546e+01,8.5777e+01,8.4838e+01,8.5284e+01,8.4540e+01,8.4967e+01,8.4622e+01,8.5419e+01,8.6577e+01,8.7422e+01,8.7593e+01,8.8463e+01,8.9311e+01,8.9914e+01,9.1375e+01,9.1500e+01,9.1085e+01,9.1763e+01,9.3193e+01,9.3776e+01,9.4873e+01,9.5984e+01,9.6401e+01,9.7866e+01,9.9622e+01,1.0007e+02,1.0082e+02,1.0288e+02,1.0335e+02,1.0423e+02,1.0309e+02,1.0292e+02,1.0406e+02,1.0401e+02,1.0506e+02,1.0604e+02,1.0716e+02,1.0844e+02,1.0954e+02,1.1056e+02,1.1174e+02,1.1262e+02,1.1360e+02,1.1420e+02,1.1463e+02,1.1543e+02,1.1635e+02,1.1715e+02,1.1799e+02,1.1890e+02,1.1993e+02,1.2109e+02,1.2207e+02,1.2335e+02,1.2411e+02,1.2487e+02,1.2581e+02,1.2622e+02,1.2681e+02,1.2669e+02,1.2643e+02
9.2786e+01,9.2649e+01,9.2579e+01,9.2470e+01,9.2507e+01,9.2426e+01,9.2221e+01,9.2233e+01,9.1915e+01,9.1548e+01,9.1373e+01,9.1236e+01,9.1232e+01,9.1121e+01,9.1154e+01,9.1290e+01,9.1343e+01,9.1400e+01,9.1506e+01,9.1529e+01,9.1763e+01,9.1687e+01,9.1851e+01,9.1517e+01,9.0813e+01,9.1211e+01,9.1609e+01,9.2738e+01,9.3489e+01,9.3425e+01,9.3428e+01,9.4503e+01,9.5847e+01,9.6554e+01,9.7143e+01,9.6835e+01,9.7440e+01,9.8579e+01,9.9289e+01,1.0031e+02,1.0065e+02,1.0128e+02,1.0188e+02,1.0162e+02,1.0088e+02,1.0099e+02,1.0009e+02,9.9696e+01,9.9415e+01,9.8622e+01,9.8671e+01,9.8290e+01,9.9044e+01,9.7974e+01,9.7283e+01,9.5849e+01,9.4187e+01,9.2965e+01,9.1364e+01,9.0878e+01,8.9588e+01,8.8110e+01,8.7077e+01,8.5862e+01,8.6010e+01,8.5497e+01,8.6095e+01,8.5952e+01,8.5762e+01,8.6566e+01,8.6227e+01,8.5455e+01,8.4514e+01,8.4962e+01,8.4218e+01,8.4647e+01,8.4301e+01,8.5099e+01,8.6260e+01,8.7106e+01,8.7277e+01,8.8148e+01,8.8998e+01,8.9602e+01,9.1068e+01,9.1193e+01,9.0776e+01,9.1458e+01,9.2893e+01,9.3480e+01,9.4580e+01,9.5694e+01,9.6112e+01,9.7582e+01,9.9347e+01,9.9802e+01,1.0056e+02,1.0263e+02,1.0309e+02,1.0398e+02,1.0283e+02,1.0266e+02,1.0381e+02,1.0376e+02,1.0482e+02,1.0580e+02,1.0693e+02,1.0822e+02,1.0933e+02,1.1035e+02,1.1154e+02,1.1242e+02,1.1340e+02,1.1401e+02,1.1444e+02,1.1523e+02,1.1616e+02,1.1696e+02,1.1780e+02,1.1872e+02,1.1975e+02,1.2092e+02,1.2189e+02,1.2319e+02,1.2394e+02,1.2471e+02,1.2565e+02,1.2606e+02,1.2665e+02,1.2654e+02,1.2628e+02
9.2440e+01,9.2303e+01,9.2234e+01,9.2125e+01,9.2163e+01,9.2082e+01,9.1875e+01,9.1886e+01,9.1566e+01,9.1197e+01,9.1022e+01,9.0884e+01,9.0879e+01,9.0766e+01,9.0801e+01,9.0936e+01,9.0990e+01,9.1047e+01,9.1153e+01,9.1177e+01,9.1411e+01,9.1337e+01,9.1502e+01,9.1166e+01,9.0461e+01,9.0861e+01,9.1263e+01,9.2393e+01,9.3144e+01,9.3079e+01,9.3084e+01,9.4160e+01,9.5507e+01,9.6216e+01,9.6806e+01,9.6499e+01,9.7107e+01,9.8249e+01,9.8962e+01,9.9988e+01,1.0032e+02,1.0096e+02,1.0156e+02,1.0129e+02,1.0056e+02,1.0067e+02,9.9762e+01,9.9368e+01,9.9086e+01,9.8290e+01,9.8339e+01,9.7956e+01,9.8712e+01,9.7640e+01,9.6946e+01,9.5509e+01,9.3843e+01,9.2617e+01,9.1014e+01,9.0526e+01,8.9233e+01,8.7752e+01,8.6717e+01,8.5499e+01,8.5648e+01,8.5134e+01,8.5734e+01,8.5591e+01,8.5400e+01,8.6205e+01,8.5864e+01,8.5091e+01,8.4147e+01,8.4596e+01,8.3850e+01,8.4280e+01,8.3932e+01,8.4730e+01,8.5894e+01,8.6741e+01,8.6911e+01,8.7782e+01,8.8634e+01,8.9239e+01,9.0707e+01,9.0830e+01,9.0410e+01,9.1091e+01,9.2529e+01,9.3117e+01,9.4223e+01,9.5343e+01,9.5765e+01,9.7242e+01,9.9012e+01,9.9469e+01,1.0022e+02,1.0230e+02,1.0278e+02,1.0367e+02,1.0252e+02,1.0235e+02,1.0351e+02,1.0346e+02,1.0453e+02,1.0552e+02,1.0665e+02,1.0795e+02,1.0906e+02,1.1008e+02,1.1128e+02,1.1216e+02,1.1315e+02,1.1375e+02,1.1419e+02,1.1499e+02,1.1593e+02,1.1673e+02,1.1758e+02,1.1850e+02,1.1953e+02,1.2070e+02,1.2168e+02,1.2298e+02,1.2374e+02,1.2451e+02,1.2545e+02,1.2587e+02,1.2646e+02,1.2634e+02,1.2608e+02
9.2168e+01,9.2030e+01,9.1960e+01,9.1850e+01,9.1889e+01,9.1808e+01,9.1600e+01,9.1609e+01,9.1285e+01,9.0912e+01,9.0737e+01,9.0596e+01,9.0591e+01,9.0477e+01,9.0511e+01,9.0642e+01,9.0696e+01,9.0752e+01,9.0855e+01,9.0880e+01,9.1113e+01,9.1039e+01,9.1203e+01,9.0866e+01,9.0156e+01,9.0557e+01,9.0960e+01,9.2091e+01,9.2843e+01,9.2778e+01,9.2785e+01,9.3862e+01,9.5210e+01,9.5922e+01,9.6514e+01,9.6211e+01,9.6819e+01,9.7962e+01,9.8676e+01,9.9702e+01,1.0004e+02,1.0067e+02,1.0128e+02,1.0101e+02,1.0028e+02,1.0039e+02,9.9480e+01,9.9087e+01,9.8806e+01,9.8008e+01,9.8056e+01,9.7675e+01,9.8431e+01,9.7355e+01,9.6663e+01,9.5223e+01,9.3555e+01,9.2330e+01,9.0723e+01,9.0234e+01,8.8936e+01,8.7455e+01,8.6417e+01,8.5198e+01,8.5347e+01,8.4829e+01,8.5424e+01,8.5280e+01,8.5083e+01,8.5883e+01,8.5540e+01,8.4768e+01,8.3824e+01,8.4269e+01,8.3525e+01,8.3952e+01,8.3601e+01,8.4393e+01,8.5554e+01,8.6396e+01,8.6563e+01,8.7430e+01,8.8278e+01,8.8879e+01,9.0343e+01,9.0465e+01,9.0043e+01,9.0725e+01,9.2163e+01,9.2749e+01,9.3852e+01,9.4972e+01,9.5394e+01,9.6873e+01,9.8644e+01,9.9102e+01,9.9861e+01,1.0195e+02,1.0242e+02,1.0333e+02,1.0217e+02,1.0201e+02,1.0317e+02,1.0313e+02,1.0420e+02,1.0520e+02,1.0634e+02,1.0764e+02,1.0875e+02,1.0979e+02,1.1099e+02,1.1188e+02,1.1287e+02,1.1347e+02,1.1391e+02,1.1472e+02,1.1566e+02,1.1647e+02,1.1732e+02,1.1824e+02,1.1928e+02,1.2045e+02,1.2144e+02,1.2275e+02,1.2351e+02,1.2428e+02,1.2522e+02,1.2564e+02,1.2623e+02,1.2612e+02,1.2586e+02
9.1964e+01,9.1825e+01,9.1752e+01,9.1639e+01,9.1676e+01,9.1594e+01,9.1386e+01,9.1395e+01,9.1070e+01,9.0696e+01,9.0521e+01,9.0379e+01,9.0373e+01,9.0258e+01,9.0291e+01,9.0422e+01,9.0476e+01,9.0532e+01,9.0633e+01,9.0660e+01,9.0892e+01,9.0820e+01,9.0985e+01,9.0649e+01,8.9940e+01,9.0344e+01,9.0749e+01,9.1884e+01,9.2639e+01,9.2573e+01,9.2581e+01,9.3658e+01,9.5007e+01,9.5720e+01,9.6314e+01,9.6012e+01,9.6621e+01,9.7765e+01,9.8481e+01,9.9506e+01,9.9843e+01,1.0048e+02,1.0109e+02,1.0082e+02,1.0009e+02,1.0019e+02,9.9282e+01,9.8887e+01,9.8604e+01,9.7803e+01,9.7849e+01,9.7465e+01,9.8221e+01,9.7143e+01,9.6449e+01,9.5006e+01,9.3335e+01,9.2106e+01,9.0495e+01,9.0004e+01,8.8703e+01,8.7219e+01,8.6181e+01,8.4961e+01,8.5112e+01,8.4594e+01,8.5190e+01,8.5048e+01,8.4851e+01,8.5651e+01,8.5306e+01,8.4531e+01,8.3585e+01,8.4032e+01,8.3289e+01,8.3718e+01,8.3365e+01,8.4158e+01,8.5320e+01,8.6164e+01,8.6330e+01,8.7197e+01,8.8045e+01,8.8645e+01,9.0112e+01,9.0236e+01,8.9815e+01,9.0502e+01,9.1944e+01,9.2531e+01,9.3631e+01,9.4750e+01,9.5167e+01,9.6647e+01,9.8420e+01,9.8877e+01,9.9638e+01,1.0172e+02,1.0220e+02,1.0310e+02,1.0194e+02,1.0177e+02,1.0294e+02,1.0290e+02,1.0397e+02,1.0498e+02,1.0612e+02,1.0742e+02,1.0854e+02,1.0958e+02,1.1078e+02,1.1168e+02,1.1267e+02,1.1328e+02,1.1372e+02,1.1453e+02,1.1548e+02,1.1629e+02,1.1714e+02,1.1807e+02,1.1911e+02,1.2029e+02,1.2128e+02,1.2259e+02,1.2335e+02,1.2412e+02,1.2507e+02,1.2549e+02,1.2608e+02,1.2597e+02,1.2571e+02
9.1634e+01,9.1494e+01,9.1422e+01,9.1308e+01,9.1347e+01,9.1266e+01,9.1058e+01,9.1067e+01,9.0739e+01,9.0363e+01,9.0189e+01,9.0044e+01,9.0037e+01,8.9918e+01,8.9952e+01,9.0081e+01,9.0133e+01,9.0188e+01,9.0285e+01,9.0311e+01,9.0543e+01,9.0472e+01,9.0640e+01,9.0304e+01,8.9594e+01,8.9999e+01,9.0405e+01,9.1541e+01,9.2298e+01,9.2232e+01,9.2241e+01,9.3321e+01,9.4672e+01,9.5387e+01,9.5982e+01,9.5679e+01,9.6288e+01,9.7432e+01,9.8148e+01,9.9174e+01,9.9511e+01,1.0015e+02,1.0076e+02,1.0049e+02,9.9758e+01,9.9862e+01,9.8951e+01,9.8556e+01,9.8272e+01,9.7471e+01,9.7517e+01,9.7132e+01,9.7888e+01,9.6807e+01,9.6114e+01,9.4668e+01,9.2996e+01,9.1768e+01,9.0154e+01,8.9661e+01,8.8358e+01,8.6874e+01,8.5833e+01,8.4613e+01,8.4763e+01,8.4243e+01,8.4837e+01,8.4694e+01,8.4495e+01,8.5294e+01,8.4948e+01,8.4175e+01,8.3230e+01,8.3675e+01,8.2932e+01,8.3360e+01,8.3007e+01,8.3798e+01,8.4960e+01,8.5803e+01,8.5970e+01,8.6839e+01,8.7688e+01,8.8290e+01,8.9760e+01,8.9884e+01,8.9465e+01,9.0154e+01,9.1601e+01,9.2194e+01,9.3297e+01,9.4415e+01,9.4836e+01,9.6319e+01,9.8100e+01,9.8565e+01,9.9332e+01,1.0143e+02,1.0191e+02,1.0282e+02,1.0166e+02,1.0150e+02,1.0267e+02,1.0264e+02,1.0372e+02,1.0473e+02,1.0588e+02,1.0719e+02,1.0831e+02,1.0935e+02,1.1057e+02,1.1147e+02,1.1246e+02,1.1307e+02,1.1352e+02,1.1433e+02,1.1528e+02,1.1609e+02,1.1695e+02,1.1789e+02,1.1893e+02,1.2011e+02,1.2110e+02,1.2242e+02,1.2318e+02,1.2395e+02,1.2490e+02,1.2532e+02,1.2591e+02,1.2580e+02,1.2554e+02
9.1324e+01,9.1186e+01,9.1114e+01,9.1000e+01,9.1038e+01,9.0956e+01,9.0745e+01,9.0751e+01,9.0419e+01,9.0040e+01,8.9865e+01,8.9721e+01,8.9711e+01,8.9591e+01,8.9625e+01,8.9754e+01,8.9808e+01,8.9862e+01,8.9958e+01,8.9984e+01,9.0218e+01,9.0148e+01,9.0317e+01,8.9981e+01,8.9272e+01,8.9679e+01,9.0086e+01,9.1224e+01,9.1983e+01,9.1919e+01,9.1930e+01,9.3012e+01,9.4365e+01,9.5083e+01,9.5678e+01,9.5376e+01,9.5984e+01,9.7131e+01,9.7847e+01,9.8877e+01,9.9216e+01,9.9853e+01,1.0046e+02,1.0020e+02,9.9467e+01,9.9571e+01,9.8657e+01,9.8262e+01,9.7977e+01,9.7173e+01,9.7220e+01,9.6832e+01,9.7589e+01,9.6504e+01,9.5808e+01,9.4358e+01,9.2680e+01,9.1448e+01,8.9831e+01,8.9336e+01,8.8029e+01,8.6541e+01,8.5498e+01,8.4276e+01,8.4428e+01,8.3906e+01,8.4501e+01,8.4359e+01,8.4159e+01,8.4958e+01,8.4611e+01,8.3838e+01,8.2891e+01,8.3336e+01,8.2592e+01,8.3020e+01,8.2666e+01,8.3458e+01,8.4622e+01,8.5467e+01,8.5635e+01,8.6506e+01,8.7361e+01,8.7967e+01,8.9441e+01,8.9563e+01,8.9142e+01,8.9831e+01,9.1282e+01,9.1879e+01,9.2991e+01,9.4117e+01,9.4545e+01,9.6036e+01,9.7823e+01,9.8294e+01,9.9064e+01,1.0117e+02,1.0166e+02,1.0258e+02,1.0142e+02,1.0126e+02,1.0245e+02,1.0241e+02,1.0349e+02,1.0451e+02,1.0566e+02,1.0698e+02,1.0810e+02,1.0915e+02,1.1037e+02,1.1127e+02,1.1227e+02,1.1288e+02,1.1333e+02,1.1415e+02,1.1510e+02,1.1592e+02,1.1679e+02,1.1772e+02,1.1877e+02,1.1996e+02,1.2095e+02,1.2227e+02,1.2304e+02,1.2381e+02,1.2476e+02,1.2518e+02,1.2577e+02,1.2566e+02,1.2539e+02
9.1144e+01,9.1004e+01,9.0931e+01,9.0813e+01,9.0851e+01,9.0768e+01,9.0554e+01,9.0556e+01,9.0220e+01,8.9840e+01,8.9664e+01,8.9521e+01,8.9510e+01,8.9391e+01,8.9424e+01,8.9554e+01,8.9607e+01,8.9661e+01,8.9755e+01,8.9783e+01,9.0015e+01,8.9946e+01,9.0116e+01,8.9781e+01,8.9071e+01,8.9480e+01,8.9888e+01,9.1029e+01,9.1789e+01,9.1723e+01,9.1737e+01,9.2818e+01,9.4173e+01,9.4891e+01,9.5489e+01,9.5187e+01,9.5795e+01,9.6942e+01,9.7660e+01,9.8691e+01,9.9031e+01,9.9670e+01,1.0028e+02,1.0002e+02,9.9289e+01,9.9394e+01,9.8478e+01,9.8082e+01,9.7797e+01,9.6989e+01,9.7036e+01,9.6646e+01,9.7402e+01,9.6314e+01,9.5617e+01,9.4162e+01,9.2481e+01,9.1245e+01,8.9624e+01,8.9129e+01,8.7819e+01,8.6329e+01,8.5284e+01,8.4063e+01,8.4216e+01,8.3694e+01,8.4290e+01,8.4149e+01,8.3950e+01,8.4748e+01,8.4399e+01,8.3625e+01,8.2678e+01,8.3125e+01,8.2383e+01,8.2812e+01,8.2459e+01,8.3249e+01,8.4413e+01,8.5257e+01,8.5426e+01,8.6297e+01,8.7155e+01,8.7761e+01,8.9235e+01,8.9354e+01,8.8932e+01,8.9618e+01,9.1068e+01,9.1662e+01,9.2778e+01,9.3909e+01,9.4341e+01,9.5836e+01,9.7623e+01,9.8094e+01,9.8863e+01,1.0097e+02,1.0146e+02,1.0239e+02,1.0123e+02,1.0108e+02,1.0226e+02,1.0223e+02,1.0331e+02,1.0433e+02,1.0549e+02,1.0680e+02,1.0793e+02,1.0898e+02,1.1020e+02,1.1110e+02,1.1210e+02,1.1271e+02,1.1317e+02,1.1399e+02,1.1495e+02,1.1577e+02,1.1664e+02,1.1758e+02,1.1862e+02,1.1981e+02,1.2081e+02,1.2213e+02,1.2290e+02,1.2368e+02,1.2463e+02,1.2505e+02,1.2564e+02,1.2552e+02,1.2526e+02
9.0877e+01,9.0739e+01,9.0665e+01,9.0546e+01,9.0584e+01,9.0500e+01,9.0287e+01,9.0290e+01,8.9954e+01,8.9574e+01,8.9396e+01,8.9251e+01,8.9239e+01,8.9118e+01,8.9153e+01,8.9283e+01,8.9337e+01,8.9390e+01,8.9484e+01,8.9511e+01,8.9744e+01,8.9676e+01,8.9848e+01,8.9515e+01,8.8806e+01,8.9217e+01,8.9627e+01,9.0769e+01,9.1532e+01,9.1468e+01,9.1484e+01,9.2569e+01,9.3926e+01,9.4645e+01,9.5242e+01,9.4939e+01,9.5544e+01,9.6692e+01,9.7408e+01,9.8441e+01,9.8784e+01,9.9424e+01,1.0004e+02,9.9770e+01,9.9042e+01,9.9148e+01,9.8230e+01,9.7834e+01,9.7550e+01,9.6741e+01,9.6790e+01,9.6400e+01,9.7159e+01,9.6070e+01,9.5373e+01,9.3916e+01,9.2229e+01,9.0992e+01,8.9368e+01,8.8874e+01,8.7561e+01,8.6069e+01,8.5021e+01,8.3795e+01,8.3945e+01,8.3422e+01,8.4018e+01,8.3873e+01,8.3674e+01,8.4473e+01,8.4128e+01,8.3355e+01,8.2405e+01,8.2848e+01,8.2099e+01,8.2524e+01,8.2167e+01,8.2963e+01,8.4133e+01,8.4978e+01,8.5147e+01,8.6019e+01,8.6882e+01,8.7489e+01,8.8969e+01,8.9083e+01,8.8657e+01,8.9340e+01,9.0793e+01,9.1388e+01,9.2514e+01,9.3652e+01,9.4089e+01,9.5590e+01,9.7380e+01,9.7852e+01,9.8620e+01,1.0073e+02,1.0122e+02,1.0215e+02,1.0099e+02,1.0083e+02,1.0201e+02,1.0197e+02,1.0305e+02,1.0408e+02,1.0523e+02,1.0655e+02,1.0768e+02,1.0873e+02,1.0996e+02,1.1087e+02,1.1187e+02,1.1248e+02,1.1294e+02,1.1376e+02,1.1473e+02,1.1555e+02,1.1643e+02,1.1736e+02,1.1841e+02,1.1961e+02,1.2061e+02,1.2193e+02,1.2270e+02,1.2348e+02,1.2444e+02,1.2486e+02,1.2545e+02,1.2533e+02,1.2506e+02
9.0619e+01,9.0480e+01,9.0405e+01,9.0286e+01,9.0324e+01,9.0238e+01,9.0025e+01,9.0028e+01,8.9688e+01,8.9306e+01,8.9125e+01,8.8978e+01,8.8963e+01,8.8840e+01,8.8876e+01,8.9008e+01,8.9062e+01,8.9114e+01,8.9208e+01,8.9235e+01,8.9469e+01,8.9401e+01,8.9575e+01,8.9243e+01,8.8535e+01,8.8947e+01,8.9359e+01,9.0505e+01,9.1269e+01,9.1206e+01,9.1222e+01,9.2309e+01,9.3669e+01,9.4391e+01,9.4989e+01,9.4686e+01,9.5291e+01,9.6440e+01,9.7157e+01,9.8192e+01,9.8536e+01,9.9179e+01,9.9796e+01,9.9526e+01,9.8796e+01,9.8905e+01,9.7986e+01,9.7591e+01,9.7309e+01,9.6499e+01,9.6550e+01,9.6160e+01,9.6922e+01,9.5830e+01,9.5133e+01,9.3674e+01,9.1982e+01,9.0743e+01,8.9113e+01,8.8618e+01,8.7300e+01,8.5804e+01,8.4752e+01,8.3520e+01,8.3668e+01,8.3142e+01,8.3739e+01,8.3591e+01,8.3390e+01,8.4191e+01,8.3846e+01,8.3074e+01,8.2119e+01,8.2561e+01,8.1806e+01,8.2227e+01,8.1866e+01,8.2665e+01,8.3840e+01,8.4684e+01,8.4850e+01,8.5721e+01,8.6587e+01,8.7192e+01,8.8674e+01,8.8784e+01,8.8353e+01,8.9033e+01,9.0485e+01,9.1080e+01,9.2211e+01,9.3356e+01,9.3797e+01,9.5304e+01,9.7095e+01,9.7565e+01,9.8329e+01,1.0044e+02,1.0093e+02,1.0185e+02,1.0069e+02,1.0052e+02,1.0171e+02,1.0166e+02,1.0274e+02,1.0377e+02,1.0492e+02,1.0625e+02,1.0738e+02,1.0844e+02,1.0967e+02,1.1058e+02,1.1158e+02,1.1219e+02,1.1265e+02,1.1347e+02,1.1444e+02,1.1527e+02,1.1615e+02,1.1708e+02,1.1813e+02,1.1933e+02,1.2034e+02,1.2166e+02,1.2243e+02,1.2322e+02,1.2418e+02,1.2459e+02,1.2519e+02,1.2506e+02,1.2480e+02
9.0330e+01,9.0194e+01,9.0120e+01,9.0003e+01,9.0039e+01,8.9949e+01,8.9739e+01,8.9741e+01,8.9401e+01,8.9018e+01,8.8835e+01,8.8688e+01,8.8672e+01,8.8550e+01,8.8588e+01,8.8722e+01,8.8778e+01,8.8831e+01,8.8925e+01,8.8954e+01,8.9190e+01,8.9121e+01,8.9299e+01,8.8970e+01,8.8262e+01,8.8677e+01,8.9089e+01,9.0238e+01,9.1004e+01,9.0945e+01,9.0963e+01,9.2054e+01,9.3417e+01,9.4142e+01,9.4740e+01,9.4438e+01,9.5041e+01,9.6191e+01,9.6909e+01,9.7946e+01,9.8291e+01,9.8935e+01,9.9553e+01,9.9281e+01,9.8548e+01,9.8658e+01,9.7739e+01,9.7343e+01,9.7063e+01,9.6254e+01,9.6308e+01,9.5919e+01,9.6683e+01,9.5590e+01,9.4894e+01,9.3433e+01,9.1738e+01,9.0496e+01,8.8862e+01,8.8366e+01,8.7043e+01,8.5542e+01,8.4486e+01,8.3248e+01,8.3393e+01,8.2864e+01,8.3461e+01,8.3308e+01,8.3106e+01,8.3906e+01,8.3563e+01,8.2792e+01,8.1832e+01,8.2270e+01,8.1509e+01,8.1926e+01,8.1561e+01,8.2363e+01,8.3544e+01,8.4388e+01,8.4552e+01,8.5424e+01,8.6293e+01,8.6898e+01,8.8386e+01,8.8494e+01,8.8060e+01,8.8742e+01,9.0199e+01,9.0797e+01,9.1934e+01,9.3083e+01,9.3527e+01,9.5040e+01,9.6838e+01,9.7309e+01,9.8075e+01,1.0020e+02,1.0068e+02,1.0161e+02,1.0044e+02,1.0026e+02,1.0145e+02,1.0139e+02,1.0247e+02,1.0350e+02,1.0466e+02,1.0599e+02,1.0712e+02,1.0818e+02,1.0942e+02,1.1033e+02,1.1133e+02,1.1195e+02,1.1241e+02,1.1323e+02,1.1420e+02,1.1504e+02,1.1592e+02,1.1685e+02,1.1790e+02,1.1910e+02,1.2011e+02,1.2144e+02,1.2221e+02,1.2300e+02,1.2396e+02,1.2438e+02,1.2497e+02,1.2485e+02,1.2458e+02
9.0152e+01,9.0014e+01,8.9940e+01,8.9823e+01,8.9859e+01,8.9767e+01,8.9559e+01,8.9564e+01,8.9225e+01,8.8840e+01,8.8656e+01,8.8508e+01,8.8492e+01,8.8370e+01,8.8408e+01,8.8544e+01,8.8601e+01,8.8655e+01,8.8746e+01,8.8776e+01,8.9016e+01,8.8948e+01,8.9130e+01,8.8802e+01,8.8097e+01,8.8513e+01,8.8925e+01,9.0076e+01,9.0845e+01,9.0786e+01,9.0804e+01,9.1898e+01,9.3264e+01,9.3989e+01,9.4589e+01,9.4285e+01,9.4888e+01,9.6038e+01,9.6756e+01,9.7792e+01,9.8136e+01,9.8780e+01,9.9398e+01,9.9125e+01,9.8389e+01,9.8498e+01,9.7579e+01,9.7180e+01,9.6900e+01,9.6093e+01,9.6149e+01,9.5760e+01,9.6526e+01,9.5433e+01,9.4737e+01,9.3276e+01,9.1579e+01,9.0336e+01,8.8700e+01,8.8204e+01,8.6878e+01,8.5375e+01,8.4317e+01,8.3075e+01,8.3219e+01,8.2689e+01,8.3287e+01,8.3132e+01,8.2928e+01,8.3730e+01,8.3387e+01,8.2614e+01,8.1651e+01,8.2089e+01,8.1323e+01,8.1739e+01,8.1372e+01,8.2175e+01,8.3360e+01,8.4204e+01,8.4366e+01,8.5238e+01,8.6106e+01,8.6711e+01,8.8200e+01,8.8309e+01,8.7873e+01,8.8557e+01,9.0018e+01,9.0615e+01,9.1752e+01,9.2902e+01,9.3345e+01,9.4859e+01,9.6659e+01,9.7128e+01,9.7893e+01,1.0001e+02,1.0050e+02,1.0142e+02,1.0024e+02,1.0007e+02,1.0125e+02,1.0118e+02,1.0227e+02,1.0329e+02,1.0445e+02,1.0579e+02,1.0692e+02,1.0798e+02,1.0922e+02,1.1014e+02,1.1114e+02,1.1176e+02,1.1221e+02,1.1304e+02,1.1401e+02,1.1485e+02,1.1573e+02,1.1667e+02,1.1772e+02,1.1892e+02,1.1993e+02,1.2126e+02,1.2204e+02,1.2283e+02,1.2379e+02,1.2421e+02,1.2481e+02,1.2468e+02,1.2441e+02
8.9794e+01,8.9657e+01,8.9583e+01,8.9463e+01,8.9500e+01,8.9407e+01,8.9199e+01,8.9206e+01,8.8865e+01,8.8480e+01,8.8295e+01,8.8145e+01,8.8125e+01,8.8001e+01,8.8040e+01,8.8175e+01,8.8233e+01,8.8286e+01,8.8377e+01,8.8406e+01,8.8647e+01,8.8581e+01,8.8766e+01,8.8440e+01,8.7736e+01,8.8156e+01,8.8570e+01,8.9725e+01,9.0499e+01,9.0440e+01,9.0459e+01,9.1554e+01,9.2923e+01,9.3647e+01,9.4247e+01,9.3941e+01,9.4545e+01,9.5696e+01,9.6415e+01,9.7452e+01,9.7796e+01,9.8440e+01,9.9060e+01,9.8785e+01,9.8044e+01,9.8151e+01,9.7231e+01,9.6829e+01,9.6551e+01,9.5744e+01,9.5801e+01,9.5414e+01,9.6183e+01,9.5088e+01,9.4393e+01,9.2932e+01,9.1231e+01,8.9989e+01,8.8349e+01,8.7852e+01,8.6521e+01,8.5016e+01,8.3955e+01,8.2709e+01,8.2849e+01,8.2319e+01,8.2918e+01,8.2759e+01,8.2555e+01,8.3358e+01,8.3016e+01,8.2245e+01,8.1282e+01,8.1717e+01,8.0948e+01,8.1362e+01,8.0994e+01,8.1800e+01,8.2986e+01,8.3831e+01,8.3993e+01,8.4866e+01,8.5735e+01,8.6341e+01,8.7832e+01,8.7944e+01,8.7508e+01,8.8197e+01,8.9662e+01,9.0264e+01,9.1400e+01,9.2548e+01,9.2990e+01,9.4506e+01,9.6314e+01,9.6785e+01,9.7555e+01,9.9683e+01,1.0017e+02,1.0109e+02,9.9914e+01,9.9737e+01,1.0092e+02,1.0086e+02,1.0196e+02,1.0298e+02,1.0415e+02,1.0549e+02,1.0664e+02,1.0771e+02,1.0895e+02,1.0987e+02,1.1088e+02,1.1149e+02,1.1195e+02,1.1279e+02,1.1376e+02,1.1460e+02,1.1548e+02,1.1642e+02,1.1748e+02,1.1868e+02,1.1969e+02,1.2103e+02,1.2181e+02,1.2260e+02,1.2357e+02,1.2399e+02,1.2459e+02,1.2446e+02,1.2419e+02
8.9461e+01,8.9324e+01,8.9251e+01,8.9133e+01,8.9171e+01,8.9080e+01,8.8876e+01,8.8886e+01,8.8546e+01,8.8159e+01,8.7973e+01,8.7821e+01,8.7802e+01,8.7677e+01,8.7718e+01,8.7850e+01,8.7909e+01,8.7960e+01,8.8050e+01,8.8079e+01,8.8319e+01,8.8256e+01,8.8441e+01,8.8113e+01,8.7409e+01,8.7830e+01,8.8244e+01,8.9402e+01,9.0178e+01,9.0117e+01,9.0138e+01,9.1234e+01,9.2604e+01,9.3325e+01,9.3925e+01,9.3618e+01,9.4223e+01,9.5373e+01,9.6092e+01,9.7130e+01,9.7473e+01,9.8119e+01,9.8741e+01,9.8464e+01,9.7722e+01,9.7827e+01,9.6905e+01,9.6501e+01,9.6222e+01,9.5412e+01,9.5469e+01,9.5080e+01,9.5850e+01,9.4755e+01,9.4059e+01,9.2599e+01,9.0896e+01,8.9654e+01,8.8014e+01,8.7519e+01,8.6189e+01,8.4686e+01,8.3626e+01,8.2380e+01,8.2517e+01,8.1989e+01,8.2588e+01,8.2427e+01,8.2225e+01,8.3028e+01,8.2691e+01,8.1923e+01,8.0962e+01,8.1395e+01,8.0624e+01,8.1036e+01,8.0670e+01,8.1477e+01,8.2663e+01,8.3507e+01,8.3671e+01,8.4544e+01,8.5417e+01,8.6024e+01,8.7517e+01,8.7626e+01,8.7191e+01,8.7878e+01,8.9346e+01,8.9954e+01,9.1094e+01,9.2242e+01,9.2688e+01,9.4208e+01,9.6023e+01,9.6502e+01,9.7278e+01,9.9415e+01,9.9907e+01,1.0084e+02,9.9666e+01,9.9498e+01,1.0069e+02,1.0064e+02,1.0175e+02,1.0278e+02,1.0395e+02,1.0530e+02,1.0645e+02,1.0753e+02,1.0878e+02,1.0970e+02,1.1071e+02,1.1133e+02,1.1179e+02,1.1262e+02,1.1360e+02,1.1444e+02,1.1533e+02,1.1627e+02,1.1733e+02,1.1854e+02,1.1955e+02,1.2089e+02,1.2167e+02,1.2246e+02,1.2343e+02,1.2385e+02,1.2445e+02,1.2432e+02,1.2405e+02
8.9242e+01,8.9104e+01,8.9032e+01,8.8914e+01,8.8952e+01,8.8862e+01,8.8658e+01,8.8671e+01,8.8330e+01,8.7943e+01,8.7759e+01,8.7605e+01,8.7586e+01,8.7460e+01,8.7505e+01,8.7638e+01,8.7701e+01,8.7752e+01,8.7841e+01,8.7868e+01,8.8109e+01,8.8049e+01,8.8234e+01,8.7905e+01,8.7202e+01,8.7623e+01,8.8035e+01,8.9194e+01,8.9974e+01,8.9913e+01,8.9933e+01,9.1030e+01,9.2401e+01,9.3118e+01,9.3717e+01,9.3407e+01,9.4012e+01,9.5162e+01,9.5880e+01,9.6918e+01,9.7260e+01,9.7907e+01,9.8529e+01,9.8251e+01,9.7505e+01,9.7611e+01,9.6690e+01,9.6285e+01,9.6007e+01,9.5200e+01,9.5257e+01,9.4869e+01,9.5641e+01,9.4547e+01,9.3853e+01,9.2395e+01,9.0692e+01,8.9452e+01,8.7811e+01,8.7318e+01,8.5986e+01,8.4484e+01,8.3423e+01,8.2174e+01,8.2308e+01,8.1778e+01,8.2378e+01,8.2213e+01,8.2011e+01,8.2815e+01,8.2481e+01,8.1716e+01,8.0755e+01,8.1185e+01,8.0410e+01,8.0818e+01,8.0454e+01,8.1264e+01,8.2452e+01,8.3297e+01,8.3464e+01,8.4339e+01,8.5215e+01,8.5826e+01,8.7321e+01,8.7430e+01,8.6996e+01,8.7684e+01,8.9156e+01,8.9771e+01,9.0914e+01,9.2061e+01,9.2510e+01,9.4031e+01,9.5852e+01,9.6336e+01,9.7118e+01,9.9261e+01,9.9756e+01,1.0069e+02,9.9518e+01,9.9352e+01,1.0055e+02,1.0050e+02,1.0161e+02,1.0265e+02,1.0382e+02,1.0518e+02,1.0634e+02,1.0742e+02,1.0867e+02,1.0960e+02,1.1061e+02,1.1123e+02,1.1169e+02,1.1252e+02,1.1351e+02,1.1435e+02,1.1523e+02,1.1618e+02,1.1724e+02,1.1845e+02,1.1946e+02,1.2080e+02,1.2158e+02,1.2238e+02,1.2335e+02,1.2377e+02,1.2436e+02,1.2424e+02,1.2396e+02
8.8976e+01,8.8839e+01,8.8770e+01,8.8655e+01,8.8697e+01,8.8610e+01,8.8410e+01,8.8428e+01,8.8087e+01,8.7697e+01,8.7511e+01,8.7355e+01,8.7334e+01,8.7203e+01,8.7250e+01,8.7380e+01,8.7443e+01,8.7492e+01,8.7581e+01,8.7607e+01,8.7846e+01,8.7785e+01,8.7971e+01,8.7638e+01,8.6934e+01,8.7353e+01,8.7764e+01,8.8927e+01,8.9710e+01,8.9648e+01,8.9669e+01,9.0768e+01,9.2142e+01,9.2858e+01,9.3457e+01,9.3147e+01,9.3753e+01,9.4905e+01,9.5626e+01,9.6666e+01,9.7008e+01,9.7655e+01,9.8278e+01,9.8000e+01,9.7251e+01,9.7357e+01,9.6434e+01,9.6029e+01,9.5750e+01,9.4940e+01,9.4997e+01,9.4608e+01,9.5381e+01,9.4285e+01,9.3590e+01,9.2129e+01,9.0422e+01,8.9182e+01,8.7537e+01,8.7045e+01,8.5710e+01,8.4206e+01,8.3144e+01,8.1896e+01,8.2029e+01,8.1499e+01,8.2098e+01,8.1933e+01,8.1731e+01,8.2536e+01,8.2203e+01,8.1438e+01,8.0476e+01,8.0907e+01,8.0132e+01,8.0542e+01,8.0178e+01,8.0988e+01,8.2176e+01,8.3022e+01,8.3188e+01,8.4064e+01,8.4938e+01,8.5549e+01,8.7045e+01,8.7155e+01,8.6724e+01,8.7415e+01,8.8888e+01,8.9506e+01,9.0646e+01,9.1788e+01,9.2235e+01,9.3756e+01,9.5582e+01,9.6070e+01,9.6856e+01,9.9003e+01,9.9501e+01,1.0044e+02,9.9268e+01,9.9107e+01,1.0031e+02,1.0027e+02,1.0139e+02,1.0243e+02,1.0360e+02,1.0496e+02,1.0612e+02,1.0720e+02,1.0846e+02,1.0939e+02,1.1041e+02,1.1102e+02,1.1148e+02,1.1232e+02,1.1330e+02,1.1414e+02,1.1503e+02,1.1598e+02,1.1704e+02,1.1826e+02,1.1927e+02,1.2061e+02,1.2140e+02,1.2219e+02,1.2316e+02,1.2359e+02,1.2418e+02,1.2406e+02,1.2378e+02
8.8696e+01,8.8561e+01,8.8494e+01,8.8379e+01,8.8427e+01,8.8340e+01,8.8141e+01,8.8161e+01,8.7819e+01,8.7426e+01,8.7239e+01,8.7080e+01,8.7057e+01,8.6925e+01,8.6971e+01,8.7099e+01,8.7159e+01,8.7205e+01,8.7293e+01,8.7318e+01,8.7557e+01,8.7494e+01,8.7681e+01,8.7346e+01,8.6639e+01,8.7058e+01,8.7466e+01,8.8629e+01,8.9414e+01,8.9354e+01,8.9376e+01,9.0479e+01,9.1855e+01,9.2574e+01,9.3174e+01,9.2863e+01,9.3472e+01,9.4627e+01,9.5350e+01,9.6394e+01,9.6738e+01,9.7387e+01,9.8012e+01,9.7731e+01,9.6978e+01,9.7084e+01,9.6156e+01,9.5749e+01,9.5469e+01,9.4656e+01,9.4713e+01,9.4325e+01,9.5097e+01,9.3997e+01,9.3302e+01,9.1837e+01,9.0127e+01,8.8885e+01,8.7238e+01,8.6744e+01,8.5406e+01,8.3900e+01,8.2836e+01,8.1585e+01,8.1718e+01,8.1185e+01,8.1784e+01,8.1617e+01,8.1412e+01,8.2216e+01,8.1882e+01,8.1117e+01,8.0153e+01,8.0583e+01,7.9806e+01,8.0214e+01,7.9848e+01,8.0657e+01,8.1847e+01,8.2692e+01,8.2857e+01,8.3733e+01,8.4608e+01,8.5220e+01,8.6718e+01,8.6830e+01,8.6400e+01,8.7094e+01,8.8571e+01,8.9194e+01,9.0335e+01,9.1477e+01,9.1927e+01,9.3449e+01,9.5282e+01,9.5775e+01,9.6567e+01,9.8720e+01,9.9225e+01,1.0017e+02,9.8996e+01,9.8840e+01,1.0005e+02,1.0001e+02,1.0114e+02,1.0218e+02,1.0336e+02,1.0472e+02,1.0589e+02,1.0697e+02,1.0824e+02,1.0917e+02,1.1019e+02,1.1081e+02,1.1127e+02,1.1211e+02,1.1309e+02,1.1393e+02,1.1483e+02,1.1578e+02,1.1684e+02,1.1806e+02,1.1908e+02,1.2042e+02,1.2121e+02,1.2201e+02,1.2298e+02,1.2340e+02,1.2400e+02,1.2388e+02,1.2360e+02
8.8467e+01,8.8334e+01,8.8268e+01,8.8155e+01,8.8205e+01,8.8121e+01,8.7922e+01,8.7943e+01,8.7600e+01,8.7208e+01,8.7021e+01,8.6862e+01,8.6840e+01,8.6708e+01,8.6759e+01,8.6886e+01,8.6946e+01,8.6992e+01,8.7079e+01,8.7104e+01,8.7345e+01,8.7283e+01,8.7468e+01,8.7134e+01,8.6427e+01,8.6842e+01,8.7248e+01,8.8410e+01,8.9196e+01,8.9137e+01,8.9158e+01,9.0262e+01,9.1637e+01,9.2358e+01,9.2959e+01,9.2650e+01,9.3260e+01,9.4415e+01,9.5139e+01,9.6182e+01,9.6522e+01,9.7169e+01,9.7793e+01,9.7510e+01,9.6755e+01,9.6861e+01,9.5934e+01,9.5527e+01,9.5248e+01,9.4437e+01,9.4495e+01,9.4110e+01,9.4885e+01,9.3787e+01,9.3094e+01,9.1632e+01,8.9920e+01,8.8683e+01,8.7036e+01,8.6546e+01,8.5205e+01,8.3702e+01,8.2635e+01,8.1383e+01,8.1510e+01,8.0976e+01,8.1571e+01,8.1399e+01,8.1193e+01,8.1993e+01,8.1664e+01,8.0906e+01,7.9942e+01,8.0365e+01,7.9584e+01,7.9985e+01,7.9617e+01,8.0426e+01,8.1615e+01,8.2454e+01,8.2617e+01,8.3489e+01,8.4367e+01,8.4978e+01,8.6474e+01,8.6578e+01,8.6146e+01,8.6833e+01,8.8308e+01,8.8935e+01,9.0087e+01,9.1233e+01,9.1694e+01,9.3223e+01,9.5060e+01,9.5560e+01,9.6352e+01,9.8513e+01,9.9021e+01,9.9980e+01,9.8810e+01,9.8658e+01,9.9878e+01,9.9845e+01,1.0097e+02,1.0202e+02,1.0320e+02,1.0457e+02,1.0574e+02,1.0683e+02,1.0810e+02,1.0903e+02,1.1005e+02,1.1066e+02,1.1112e+02,1.1197e+02,1.1296e+02,1.1380e+02,1.1469e+02,1.1565e+02,1.1671e+02,1.1793e+02,1.1895e+02,1.2030e+02,1.2109e+02,1.2189e+02,1.2286e+02,1.2329e+02,1.2389e+02,1.2376e+02,1.2348e+02
8.8364e+01,8.8230e+01,8.8164e+01,8.8052e+01,8.8099e+01,8.8017e+01,8.7814e+01,8.7834e+01,8.7491e+01,8.7100e+01,8.6914e+01,8.6755e+01,8.6734e+01,8.6601e+01,8.6652e+01,8.6777e+01,8.6838e+01,8.6882e+01,8.6970e+01,8.6995e+01,8.7234e+01,8.7173e+01,8.7356e+01,8.7022e+01,8.6315e+01,8.6726e+01,8.7129e+01,8.8289e+01,8.9079e+01,8.9021e+01,8.9042e+01,9.0148e+01,9.1522e+01,9.2242e+01,9.2841e+01,9.2531e+01,9.3138e+01,9.4291e+01,9.5013e+01,9.6054e+01,9.6395e+01,9.7040e+01,9.7663e+01,9.7380e+01,9.6625e+01,9.6734e+01,9.5809e+01,9.5403e+01,9.5128e+01,9.4319e+01,9.4380e+01,9.4000e+01,9.4778e+01,9.3682e+01,9.2995e+01,9.1536e+01,8.9824e+01,8.8592e+01,8.6945e+01,8.6458e+01,8.5114e+01,8.3614e+01,8.2544e+01,8.1289e+01,8.1408e+01,8.0871e+01,8.1461e+01,8.1281e+01,8.1073e+01,8.1869e+01,8.1544e+01,8.0794e+01,7.9831e+01,8.0244e+01,7.9461e+01,7.9853e+01,7.9484e+01,8.0290e+01,8.1477e+01,8.2309e+01,8.2470e+01,8.3336e+01,8.4214e+01,8.4823e+01,8.6313e+01,8.6410e+01,8.5977e+01,8.6657e+01,8.8129e+01,8.8757e+01,8.9912e+01,9.1061e+01,9.1526e+01,9.3056e+01,9.4891e+01,9.5393e+01,9.6185e+01,9.8347e+01,9.8858e+01,9.9824e+01,9.8661e+01,9.8514e+01,9.9740e+01,9.9713e+01,1.0084e+02,1.0190e+02,1.0308e+02,1.0445e+02,1.0562e+02,1.0671e+02,1.0799e+02,1.0892e+02,1.0993e+02,1.1055e+02,1.1101e+02,1.1185e+02,1.1285e+02,1.1369e+02,1.1459e+02,1.1554e+02,1.1661e+02,1.1783e+02,1.1885e+02,1.2020e+02,1.2099e+02,1.2179e+02,1.2277e+02,1.2320e+02,1.2379e+02,1.2367e+02,1.2339e+02
8.8103e+01,8.7971e+01,8.7905e+01,8.7795e+01,8.7848e+01,8.7768e+01,8.7568e+01,8.7592e+01,8.7247e+01,8.6855e+01,8.6669e+01,8.6509e+01,8.6489e+01,8.6355e+01,8.6408e+01,8.6534e+01,8.6596e+01,8.6640e+01,8.6729e+01,8.6753e+01,8.6995e+01,8.6933e+01,8.7120e+01,8.6789e+01,8.6083e+01,8.6490e+01,8.6888e+01,8.8046e+01,8.8837e+01,8.8784e+01,8.8803e+01,8.9912e+01,9.1286e+01,9.2008e+01,9.2607e+01,9.2298e+01,9.2904e+01,9.4057e+01,9.4778e+01,9.5820e+01,9.6161e+01,9.6804e+01,9.7424e+01,9.7140e+01,9.6381e+01,9.6491e+01,9.5569e+01,9.5162e+01,9.4890e+01,9.4086e+01,9.4151e+01,9.3776e+01,9.4558e+01,9.3463e+01,9.2779e+01,9.1322e+01,8.9610e+01,8.8382e+01,8.6735e+01,8.6250e+01,8.4904e+01,8.3405e+01,8.2333e+01,8.1073e+01,8.1186e+01,8.0647e+01,8.1237e+01,8.1051e+01,8.0842e+01,8.1637e+01,8.1317e+01,8.0571e+01,7.9607e+01,8.0015e+01,7.9226e+01,7.9612e+01,7.9242e+01,8.0051e+01,8.1241e+01,8.2073e+01,8.2236e+01,8.3103e+01,8.3985e+01,8.4599e+01,8.6090e+01,8.6184e+01,8.5752e+01,8.6427e+01,8.7898e+01,8.8532e+01,8.9694e+01,9.0844e+01,9.1317e+01,9.2848e+01,9.4689e+01,9.5197e+01,9.5990e+01,9.8158e+01,9.8670e+01,9.9641e+01,9.8480e+01,9.8331e+01,9.9563e+01,9.9540e+01,1.0067e+02,1.0173e+02,1.0291e+02,1.0429e+02,1.0547e+02,1.0656e+02,1.0784e+02,1.0877e+02,1.0978e+02,1.1040e+02,1.1086e+02,1.1171e+02,1.1271e+02,1.1355e+02,1.1445e+02,1.1541e+02,1.1648e+02,1.1771e+02,1.1873e+02,1.2008e+02,1.2087e+02,1.2167e+02,1.2265e+02,1.2308e+02,1.2368e+02,1.2355e+02,1.2327e+02
8.7847e+01,8.7716e+01,8.7650e+01,8.7539e+01,8.7594e+01,8.7515e+01,8.7314e+01,8.7338e+01,8.6990e+01,8.6594e+01,8.6406e+01,8.6243e+01,8.6221e+01,8.6085e+01,8.6138e+01,8.6265e+01,8.6329e+01,8.6377e+01,8.6467e+01,8.6490e+01,8.6735e+01,8.6672e+01,8.6864e+01,8.6533e+01,8.5827e+01,8.6231e+01,8.6626e+01,8.7785e+01,8.8577e+01,8.8526e+01,8.8544e+01,8.9658e+01,9.1033e+01,9.1762e+01,9.2362e+01,9.2056e+01,9.2662e+01,9.3818e+01,9.4538e+01,9.5583e+01,9.5927e+01,9.6570e+01,9.7186e+01,9.6902e+01,9.6141e+01,9.6254e+01,9.5334e+01,9.4927e+01,9.4658e+01,9.3857e+01,9.3926e+01,9.3555e+01,9.4340e+01,9.3245e+01,9.2563e+01,9.1104e+01,8.9386e+01,8.8158e+01,8.6506e+01,8.6023e+01,8.4669e+01,8.3166e+01,8.2088e+01,8.0820e+01,8.0927e+01,8.0386e+01,8.0976e+01,8.0784e+01,8.0575e+01,8.1373e+01,8.1055e+01,8.0310e+01,7.9343e+01,7.9748e+01,7.8952e+01,7.9335e+01,7.8962e+01,7.9775e+01,8.0970e+01,8.1801e+01,8.1963e+01,8.2829e+01,8.3713e+01,8.4325e+01,8.5815e+01,8.5903e+01,8.5468e+01,8.6138e+01,8.7606e+01,8.8238e+01,8.9405e+01,9.0560e+01,9.1037e+01,9.2573e+01,9.4416e+01,9.4923e+01,9.5711e+01,9.7882e+01,9.8390e+01,9.9361e+01,9.8197e+01,9.8042e+01,9.9277e+01,9.9249e+01,1.0038e+02,1.0145e+02,1.0263e+02,1.0402e+02,1.0520e+02,1.0629e+02,1.0757e+02,1.0851e+02,1.0953e+02,1.1015e+02,1.1061e+02,1.1146e+02,1.1246e+02,1.1331e+02,1.1421e+02,1.1517e+02,1.1624e+02,1.1747e+02,1.1849e+02,1.1985e+02,1.2064e+02,1.2145e+02,1.2243e+02,1.2286e+02,1.2346e+02,1.2333e+02,1.2305e+02
8.7711e+01,8.7580e+01,8.7514e+01,8.7400e+01,8.7457e+01,8.7377e+01,8.7176e+01,8.7199e+01,8.6846e+01,8.6447e+01,8.6257e+01,8.6091e+01,8.6067e+01,8.5928e+01,8.5977e+01,8.6101e+01,8.6164e+01,8.6209e+01,8.6298e+01,8.6319e+01,8.6564e+01,8.6499e+01,8.6691e+01,8.6360e+01,8.5653e+01,8.6054e+01,8.6446e+01,8.7603e+01,8.8394e+01,8.8344e+01,8.8359e+01,8.9473e+01,9.0848e+01,9.1577e+01,9.2176e+01,9.1871e+01,9.2477e+01,9.3633e+01,9.4353e+01,9.5400e+01,9.5748e+01,9.6391e+01,9.7007e+01,9.6726e+01,9.5965e+01,9.6083e+01,9.5166e+01,9.4760e+01,9.4494e+01,9.3696e+01,9.3765e+01,9.3399e+01,9.4186e+01,9.3089e+01,9.2413e+01,9.0956e+01,8.9236e+01,8.8012e+01,8.6359e+01,8.5878e+01,8.4518e+01,8.3018e+01,8.1935e+01,8.0663e+01,8.0763e+01,8.0218e+01,8.0806e+01,8.0609e+01,8.0399e+01,8.1196e+01,8.0881e+01,8.0140e+01,7.9176e+01,7.9577e+01,7.8781e+01,7.9162e+01,7.8793e+01,7.9604e+01,8.0793e+01,8.1622e+01,8.1785e+01,8.2649e+01,8.3529e+01,8.4140e+01,8.5624e+01,8.5713e+01,8.5283e+01,8.5952e+01,8.7416e+01,8.8050e+01,8.9211e+01,9.0360e+01,9.0834e+01,9.2365e+01,9.4207e+01,9.4715e+01,9.5503e+01,9.7673e+01,9.8183e+01,9.9155e+01,9.7992e+01,9.7841e+01,9.9079e+01,9.9055e+01,1.0019e+02,1.0126e+02,1.0245e+02,1.0384e+02,1.0503e+02,1.0612e+02,1.0742e+02,1.0835e+02,1.0938e+02,1.1000e+02,1.1046e+02,1.1131e+02,1.1231e+02,1.1316e+02,1.1407e+02,1.1503e+02,1.1610e+02,1.1733e+02,1.1836e+02,1.1972e+02,1.2051e+02,1.2132e+02,1.2230e+02,1.2273e+02,1.2334e+02,1.2321e+02,1.2293e+02
8.7476e+01,8.7345e+01,8.7278e+01,8.7163e+01,8.7222e+01,8.7140e+01,8.6938e+01,8.6962e+01,8.6606e+01,8.6202e+01,8.6012e+01,8.5843e+01,8.5817e+01,8.5677e+01,8.5728e+01,8.5855e+01,8.5919e+01,8.5970e+01,8.6063e+01,8.6088e+01,8.6340e+01,8.6276e+01,8.6471e+01,8.6141e+01,8.5434e+01,8.5839e+01,8.6236e+01,8.7398e+01,8.8191e+01,8.8140e+01,8.8157e+01,8.9270e+01,9.0649e+01,9.1380e+01,9.1980e+01,9.1672e+01,9.2280e+01,9.3440e+01,9.4160e+01,9.5210e+01,9.5557e+01,9.6201e+01,9.6818e+01,9.6536e+01,9.5772e+01,9.5889e+01,9.4970e+01,9.4561e+01,9.4293e+01,9.3494e+01,9.3563e+01,9.3196e+01,9.3986e+01,9.2890e+01,9.2211e+01,9.0751e+01,8.9026e+01,8.7799e+01,8.6141e+01,8.5662e+01,8.4299e+01,8.2794e+01,8.1709e+01,8.0431e+01,8.0529e+01,7.9985e+01,8.0578e+01,8.0379e+01,8.0171e+01,8.0972e+01,8.0659e+01,7.9917e+01,7.8947e+01,7.9349e+01,7.8545e+01,7.8925e+01,7.8551e+01,7.9370e+01,8.0570e+01,8.1402e+01,8.1564e+01,8.2431e+01,8.3317e+01,8.3928e+01,8.5419e+01,8.5503e+01,8.5065e+01,8.5733e+01,8.7200e+01,8.7833e+01,8.9004e+01,9.0162e+01,9.0643e+01,9.2182e+01,9.4029e+01,9.4536e+01,9.5321e+01,9.7496e+01,9.8001e+01,9.8972e+01,9.7802e+01,9.7641e+01,9.8879e+01,9.8848e+01,9.9986e+01,1.0105e+02,1.0225e+02,1.0365e+02,1.0484e+02,1.0593e+02,1.0723e+02,1.0816e+02,1.0919e+02,1.0982e+02,1.1028e+02,1.1113e+02,1.1213e+02,1.1298e+02,1.1389e+02,1.1486e+02,1.1593e+02,1.1717e+02,1.1820e+02,1.1956e+02,1.2035e+02,1.2116e+02,1.2214e+02,1.2257e+02,1.2318e+02,1.2305e+02,1.2277e+02
8.7235e+01,8.7105e+01,8.7038e+01,8.6923e+01,8.6985e+01,8.6905e+01,8.6701e+01,8.6726e+01,8.6367e+01,8.5962e+01,8.5772e+01,8.5602e+01,8.5578e+01,8.5437e+01,8.5486e+01,8.5612e+01,8.5676e+01,8.5730e+01,8.5825e+01,8.5852e+01,8.6105e+01,8.6042e+01,8.6236e+01,8.5902e+01,8.5189e+01,8.5597e+01,8.5999e+01,8.7167e+01,8.7959e+01,8.7903e+01,8.7916e+01,8.9028e+01,9.0411e+01,9.1143e+01,9.1747e+01,9.1439e+01,9.2052e+01,9.3219e+01,9.3944e+01,9.4999e+01,9.5346e+01,9.5996e+01,9.6620e+01,9.6338e+01,9.5572e+01,9.5686e+01,9.4760e+01,9.4349e+01,9.4073e+01,9.3267e+01,9.3331e+01,9.2956e+01,9.3743e+01,9.2644e+01,9.1958e+01,9.0492e+01,8.8765e+01,8.7532e+01,8.5871e+01,8.5389e+01,8.4024e+01,8.2514e+01,8.1429e+01,8.0150e+01,8.0253e+01,7.9707e+01,8.0302e+01,8.0106e+01,7.9896e+01,8.0699e+01,8.0381e+01,7.9633e+01,7.8659e+01,7.9066e+01,7.8261e+01,7.8646e+01,7.8267e+01,7.9086e+01,8.0291e+01,8.1126e+01,8.1285e+01,8.2154e+01,8.3039e+01,8.3649e+01,8.5146e+01,8.5232e+01,8.4790e+01,8.5462e+01,8.6935e+01,8.7567e+01,8.8740e+01,8.9902e+01,9.0382e+01,9.1926e+01,9.3776e+01,9.4282e+01,9.5069e+01,9.7249e+01,9.7756e+01,9.8727e+01,9.7551e+01,9.7390e+01,9.8628e+01,9.8596e+01,9.9739e+01,1.0081e+02,1.0201e+02,1.0341e+02,1.0461e+02,1.0571e+02,1.0701e+02,1.0794e+02,1.0897e+02,1.0960e+02,1.1005e+02,1.1090e+02,1.1191e+02,1.1276e+02,1.1367e+02,1.1464e+02,1.1572e+02,1.1696e+02,1.1799e+02,1.1936e+02,1.2015e+02,1.2096e+02,1.2194e+02,1.2238e+02,1.2298e+02,1.2286e+02,1.2257e+02
8.6972e+01,8.6839e+01,8.6771e+01,8.6655e+01,8.6720e+01,8.6638e+01,8.6432e+01,8.6456e+01,8.6094e+01,8.5685e+01,8.5492e+01,8.5321e+01,8.5292e+01,8.5149e+01,8.5197e+01,8.5323e+01,8.5388e+01,8.5442e+01,8.5537e+01,8.5568e+01,8.5828e+01,8.5768e+01,8.5964e+01,8.5632e+01,8.4918e+01,8.5330e+01,8.5734e+01,8.6908e+01,8.7701e+01,8.7645e+01,8.7659e+01,8.8772e+01,9.0158e+01,9.0890e+01,9.1495e+01,9.1186e+01,9.1800e+01,9.2969e+01,9.3696e+01,9.4752e+01,9.5097e+01,9.5748e+01,9.6375e+01,9.6091e+01,9.5322e+01,9.5436e+01,9.4508e+01,9.4094e+01,9.3818e+01,9.3011e+01,9.3075e+01,9.2700e+01,9.3490e+01,9.2391e+01,9.1702e+01,9.0234e+01,8.8502e+01,8.7265e+01,8.5600e+01,8.5119e+01,8.3751e+01,8.2237e+01,8.1149e+01,7.9864e+01,7.9966e+01,7.9420e+01,8.0018e+01,7.9820e+01,7.9612e+01,8.0420e+01,8.0103e+01,7.9354e+01,7.8376e+01,7.8783e+01,7.7971e+01,7.8355e+01,7.7974e+01,7.8800e+01,8.0013e+01,8.0852e+01,8.1013e+01,8.1885e+01,8.2777e+01,8.3391e+01,8.4895e+01,8.4980e+01,8.4534e+01,8.5206e+01,8.6685e+01,8.7319e+01,8.8501e+01,8.9669e+01,9.0156e+01,9.1707e+01,9.3560e+01,9.4068e+01,9.4854e+01,9.7041e+01,9.7546e+01,9.8518e+01,9.7339e+01,9.7172e+01,9.8412e+01,9.8379e+01,9.9526e+01,1.0060e+02,1.0181e+02,1.0322e+02,1.0443e+02,1.0553e+02,1.0683e+02,1.0776e+02,1.0880e+02,1.0942e+02,1.0988e+02,1.1073e+02,1.1174e+02,1.1259e+02,1.1350e+02,1.1447e+02,1.1555e+02,1.1679e+02,1.1783e+02,1.1920e+02,1.1999e+02,1.2080e+02,1.2178e+02,1.2222e+02,1.2283e+02,1.2270e+02,1.2242e+02
8.6782e+01,8.6650e+01,8.6584e+01,8.6470e+01,8.6539e+01,8.6459e+01,8.6253e+01,8.6280e+01,8.5914e+01,8.5503e+01,8.5308e+01,8.5136e+01,8.5106e+01,8.4961e+01,8.5009e+01,8.5134e+01,8.5202e+01,8.5256e+01,8.5352e+01,8.5388e+01,8.5652e+01,8.5595e+01,8.5793e+01,8.5459e+01,8.4744e+01,8.5154e+01,8.5557e+01,8.6730e+01,8.7524e+01,8.7468e+01,8.7480e+01,8.8592e+01,8.9978e+01,9.0710e+01,9.1313e+01,9.1003e+01,9.1616e+01,9.2787e+01,9.3513e+01,9.4571e+01,9.4917e+01,9.5567e+01,9.6193e+01,9.5909e+01,9.5138e+01,9.5254e+01,9.4327e+01,9.3914e+01,9.3640e+01,9.2832e+01,9.2896e+01,9.2524e+01,9.3315e+01,9.2218e+01,9.1531e+01,9.0065e+01,8.8333e+01,8.7097e+01,8.5430e+01,8.4951e+01,8.3581e+01,8.2067e+01,8.0976e+01,7.9688e+01,7.9786e+01,7.9238e+01,7.9835e+01,7.9634e+01,7.9423e+01,8.0229e+01,7.9912e+01,7.9164e+01,7.8183e+01,7.8589e+01,7.7777e+01,7.8161e+01,7.7778e+01,7.8601e+01,7.9814e+01,8.0650e+01,8.0809e+01,8.1678e+01,8.2566e+01,8.3177e+01,8.4679e+01,8.4764e+01,8.4320e+01,8.4993e+01,8.6471e+01,8.7108e+01,8.8288e+01,8.9454e+01,8.9940e+01,9.1490e+01,9.3347e+01,9.3857e+01,9.4647e+01,9.6838e+01,9.7348e+01,9.8325e+01,9.7148e+01,9.6983e+01,9.8232e+01,9.8205e+01,9.9360e+01,1.0044e+02,1.0166e+02,1.0307e+02,1.0429e+02,1.0539e+02,1.0670e+02,1.0763e+02,1.0867e+02,1.0929e+02,1.0975e+02,1.1060e+02,1.1162e+02,1.1247e+02,1.1338e+02,1.1435e+02,1.1544e+02,1.1668e+02,1.1772e+02,1.1909e+02,1.1989e+02,1.2069e+02,1.2168e+02,1.2212e+02,1.2273e+02,1.2260e+02,1.2232e+02
8.6567e+01,8.6434e+01,8.6367e+01,8.6250e+01,8.6320e+01,8.6239e+01,8.6031e+01,8.6057e+01,8.5689e+01,8.5277e+01,8.5080e+01,8.4908e+01,8.4879e+01,8.4733e+01,8.4783e+01,8.4906e+01,8.4974e+01,8.5028e+01,8.5125e+01,8.5160e+01,8.5424e+01,8.5368e+01,8.5565e+01,8.5231e+01,8.4515e+01,8.4927e+01,8.5330e+01,8.6509e+01,8.7305e+01,8.7250e+01,8.7261e+01,8.8374e+01,8.9762e+01,9.0494e+01,9.1099e+01,9.0788e+01,9.1403e+01,9.2574e+01,9.3302e+01,9.4362e+01,9.4707e+01,9.5359e+01,9.5988e+01,9.5704e+01,9.4930e+01,9.5046e+01,9.4118e+01,9.3703e+01,9.3429e+01,9.2621e+01,9.2686e+01,9.2315e+01,9.3108e+01,9.2010e+01,9.1325e+01,8.9858e+01,8.8123e+01,8.6886e+01,8.5214e+01,8.4734e+01,8.3358e+01,8.1842e+01,8.0746e+01,7.9453e+01,7.9551e+01,7.8999e+01,7.9595e+01,7.9392e+01,7.9179e+01,7.9986e+01,7.9668e+01,7.8917e+01,7.7933e+01,7.8339e+01,7.7525e+01,7.7909e+01,7.7524e+01,7.8347e+01,7.9561e+01,8.0398e+01,8.0553e+01,8.1421e+01,8.2306e+01,8.2913e+01,8.4416e+01,8.4502e+01,8.4054e+01,8.4729e+01,8.6210e+01,8.6844e+01,8.8024e+01,8.9192e+01,8.9674e+01,9.1228e+01,9.3088e+01,9.3594e+01,9.4385e+01,9.6578e+01,9.7089e+01,9.8066e+01,9.6883e+01,9.6716e+01,9.7964e+01,9.7934e+01,9.9094e+01,1.0018e+02,1.0139e+02,1.0282e+02,1.0404e+02,1.0514e+02,1.0645e+02,1.0739e+02,1.0843e+02,1.0905e+02,1.0950e+02,1.1036e+02,1.1138e+02,1.1223e+02,1.1314e+02,1.1412e+02,1.1521e+02,1.1646e+02,1.1750e+02,1.1887e+02,1.1967e+02,1.2048e+02,1.2147e+02,1.2191e+02,1.2252e+02,1.2239e+02,1.2211e+02
8.6439e+01,8.6308e+01,8.6243e+01,8.6126e+01,8.6199e+01,8.6117e+01,8.5905e+01,8.5930e+01,8.5557e+01,8.5145e+01,8.4943e+01,8.4768e+01,8.4737e+01,8.4588e+01,8.4635e+01,8.4754e+01,8.4822e+01,8.4874e+01,8.4969e+01,8.5006e+01,8.5271e+01,8.5216e+01,8.5412e+01,8.5079e+01,8.4362e+01,8.4773e+01,8.5177e+01,8.6358e+01,8.7153e+01,8.7097e+01,8.7106e+01,8.8219e+01,8.9608e+01,9.0341e+01,9.0947e+01,9.0636e+01,9.1250e+01,9.2421e+01,9.3150e+01,9.4211e+01,9.4556e+01,9.5209e+01,9.5838e+01,9.5554e+01,9.4781e+01,9.4897e+01,9.3971e+01,9.3557e+01,9.3284e+01,9.2478e+01,9.2542e+01,9.2173e+01,9.2968e+01,9.1870e+01,9.1187e+01,8.9719e+01,8.7982e+01,8.6745e+01,8.5069e+01,8.4589e+01,8.3209e+01,8.1691e+01,8.0591e+01,7.9294e+01,7.9390e+01,7.8834e+01,7.9430e+01,7.9224e+01,7.9008e+01,7.9815e+01,7.9495e+01,7.8744e+01,7.7757e+01,7.8161e+01,7.7345e+01,7.7729e+01,7.7342e+01,7.8163e+01,7.9378e+01,8.0212e+01,8.0365e+01,8.1229e+01,8.2111e+01,8.2715e+01,8.4214e+01,8.4298e+01,8.3849e+01,8.4523e+01,8.6002e+01,8.6633e+01,8.7812e+01,8.8980e+01,8.9460e+01,9.1014e+01,9.2875e+01,9.3380e+01,9.4171e+01,9.6366e+01,9.6877e+01,9.7855e+01,9.6676e+01,9.6507e+01,9.7759e+01,9.7732e+01,9.8892e+01,9.9982e+01,1.0120e+02,1.0263e+02,1.0386e+02,1.0496e+02,1.0628e+02,1.0722e+02,1.0826e+02,1.0888e+02,1.0933e+02,1.1019e+02,1.1121e+02,1.1207e+02,1.1298e+02,1.1397e+02,1.1506e+02,1.1631e+02,1.1735e+02,1.1872e+02,1.1952e+02,1.2033e+02,1.2132e+02,1.2176e+02,1.2237e+02,1.2225e+02,1.2197e+02
8.6328e+01,8.6199e+01,8.6132e+01,8.6014e+01,8.6087e+01,8.6004e+01,8.5788e+01,8.5812e+01,8.5437e+01,8.5025e+01,8.4821e+01,8.4650e+01,8.4620e+01,8.4471e+01,8.4520e+01,8.4640e+01,8.4708e+01,8.4760e+01,8.4853e+01,8.4891e+01,8.5155e+01,8.5102e+01,8.5295e+01,8.4961e+01,8.4243e+01,8.4653e+01,8.5059e+01,8.6241e+01,8.7037e+01,8.6980e+01,8.6986e+01,8.8099e+01,8.9489e+01,9.0220e+01,9.0828e+01,9.0515e+01,9.1130e+01,9.2301e+01,9.3032e+01,9.4094e+01,9.4438e+01,9.5093e+01,9.5725e+01,9.5443e+01,9.4667e+01,9.4784e+01,9.3859e+01,9.3445e+01,9.3173e+01,9.2366e+01,9.2430e+01,9.2062e+01,9.2858e+01,9.1762e+01,9.1079e+01,8.9613e+01,8.7874e+01,8.6637e+01,8.4959e+01,8.4479e+01,8.3096e+01,8.1575e+01,8.0472e+01,7.9174e+01,7.9269e+01,7.8711e+01,7.9306e+01,7.9098e+01,7.8881e+01,7.9690e+01,7.9369e+01,7.8617e+01,7.7627e+01,7.8033e+01,7.7216e+01,7.7602e+01,7.7213e+01,7.8032e+01,7.9248e+01,8.0082e+01,8.0233e+01,8.1098e+01,8.1976e+01,8.2579e+01,8.4078e+01,8.4167e+01,8.3720e+01,8.4399e+01,8.5881e+01,8.6513e+01,8.7688e+01,8.8854e+01,8.9329e+01,9.0881e+01,9.2745e+01,9.3249e+01,9.4044e+01,9.6240e+01,9.6755e+01,9.7733e+01,9.6554e+01,9.6386e+01,9.7639e+01,9.7614e+01,9.8776e+01,9.9865e+01,1.0109e+02,1.0252e+02,1.0375e+02,1.0486e+02,1.0618e+02,1.0712e+02,1.0815e+02,1.0877e+02,1.0923e+02,1.1009e+02,1.1111e+02,1.1197e+02,1.1288e+02,1.1386e+02,1.1495e+02,1.1621e+02,1.1725e+02,1.1863e+02,1.1943e+02,1.2024e+02,1.2123e+02,1.2167e+02,1.2228e+02,1.2216e+02,1.2188e+02
8.6178e+01,8.6050e+01,8.5982e+01,8.5865e+01,8.5936e+01,8.5850e+01,8.5632e+01,8.5656e+01,8.5279e+01,8.4867e+01,8.4666e+01,8.4496e+01,8.4466e+01,8.4315e+01,8.4366e+01,8.4484e+01,8.4553e+01,8.4604e+01,8.4699e+01,8.4735e+01,8.4998e+01,8.4945e+01,8.5139e+01,8.4806e+01,8.4090e+01,8.4501e+01,8.4904e+01,8.6089e+01,8.6890e+01,8.6836e+01,8.6842e+01,8.7958e+01,8.9350e+01,9.0083e+01,9.0691e+01,9.0378e+01,9.0992e+01,9.2163e+01,9.2895e+01,9.3956e+01,9.4300e+01,9.4956e+01,9.5589e+01,9.5308e+01,9.4533e+01,9.4651e+01,9.3726e+01,9.3313e+01,9.3041e+01,9.2233e+01,9.2297e+01,9.1929e+01,9.2728e+01,9.1632e+01,9.0948e+01,8.9480e+01,8.7736e+01,8.6498e+01,8.4817e+01,8.4338e+01,8.2952e+01,8.1428e+01,8.0321e+01,7.9017e+01,7.9107e+01,7.8545e+01,7.9140e+01,7.8927e+01,7.8709e+01,7.9520e+01,7.9201e+01,7.8449e+01,7.7454e+01,7.7857e+01,7.7032e+01,7.7415e+01,7.7021e+01,7.7846e+01,7.9070e+01,7.9905e+01,8.0055e+01,8.0922e+01,8.1806e+01,8.2410e+01,8.3913e+01,8.3998e+01,8.3546e+01,8.4222e+01,8.5708e+01,8.6340e+01,8.7521e+01,8.8694e+01,8.9171e+01,9.0729e+01,9.2595e+01,9.3099e+01,9.3894e+01,9.6093e+01,9.6607e+01,9.7587e+01,9.6406e+01,9.6235e+01,9.7489e+01,9.7459e+01,9.8620e+01,9.9709e+01,1.0093e+02,1.0236e+02,1.0359e+02,1.0470e+02,1.0602e+02,1.0697e+02,1.0800e+02,1.0862e+02,1.0908e+02,1.0994e+02,1.1096e+02,1.1182e+02,1.1273e+02,1.1372e+02,1.1481e+02,1.1606e+02,1.1710e+02,1.1849e+02,1.1929e+02,1.2010e+02,1.2109e+02,1.2153e+02,1.2214e+02,1.2202e+02,1.2174e+02
8.5856e+01,8.5728e+01,8.5660e+01,8.5543e+01,8.5613e+01,8.5526e+01,8.5305e+01,8.5330e+01,8.4957e+01,8.4546e+01,8.4351e+01,8.4186e+01,8.4158e+01,8.4010e+01,8.4060e+01,8.4177e+01,8.4246e+01,8.4299e+01,8.4391e+01,8.4426e+01,8.4691e+01,8.4639e+01,8.4834e+01,8.4503e+01,8.3787e+01,8.4203e+01,8.4611e+01,8.5803e+01,8.6609e+01,8.6552e+01,8.6559e+01,8.7675e+01,8.9069e+01,8.9801e+01,9.0411e+01,9.0097e+01,9.0717e+01,9.1891e+01,9.2627e+01,9.3690e+01,9.4032e+01,9.4691e+01,9.5329e+01,9.5043e+01,9.4264e+01,9.4377e+01,9.3445e+01,9.3026e+01,9.2748e+01,9.1937e+01,9.1998e+01,9.1624e+01,9.2424e+01,9.1325e+01,9.0636e+01,8.9163e+01,8.7415e+01,8.6171e+01,8.4485e+01,8.4005e+01,8.2616e+01,8.1086e+01,7.9979e+01,7.8674e+01,7.8768e+01,7.8207e+01,7.8807e+01,7.8597e+01,7.8382e+01,7.9198e+01,7.8876e+01,7.8118e+01,7.7120e+01,7.7530e+01,7.6704e+01,7.7092e+01,7.6700e+01,7.7532e+01,7.8761e+01,7.9604e+01,7.9760e+01,8.0634e+01,8.1525e+01,8.2137e+01,8.3648e+01,8.3734e+01,8.3284e+01,8.3962e+01,8.5454e+01,8.6092e+01,8.7279e+01,8.8453e+01,8.8931e+01,9.0491e+01,9.2368e+01,9.2877e+01,9.3681e+01,9.5889e+01,9.6406e+01,9.7391e+01,9.6208e+01,9.6036e+01,9.7298e+01,9.7272e+01,9.8438e+01,9.9533e+01,1.0076e+02,1.0220e+02,1.0344e+02,1.0455e+02,1.0588e+02,1.0682e+02,1.0786e+02,1.0847e+02,1.0893e+02,1.0979e+02,1.1081e+02,1.1167e+02,1.1259e+02,1.1358e+02,1.1467e+02,1.1593e+02,1.1697e+02,1.1836e+02,1.1916e+02,1.1997e+02,1.2097e+02,1.2141e+02,1.2202e+02,1.2189e+02,1.2161e+02
8.5632e+01,8.5505e+01,8.5439e+01,8.5325e+01,8.5396e+01,8.5309e+01,8.5083e+01,8.5104e+01,8.4725e+01,8.4314e+01,8.4114e+01,8.3955e+01,8.3930e+01,8.3782e+01,8.3831e+01,8.3946e+01,8.4015e+01,8.4067e+01,8.4156e+01,8.4189e+01,8.4454e+01,8.4402e+01,8.4598e+01,8.4267e+01,8.3552e+01,8.3971e+01,8.4382e+01,8.5581e+01,8.6390e+01,8.6333e+01,8.6340e+01,8.7457e+01,8.8853e+01,8.9585e+01,9.0198e+01,8.9883e+01,9.0505e+01,9.1681e+01,9.2420e+01,9.3485e+01,9.3824e+01,9.4485e+01,9.5126e+01,9.4841e+01,9.4061e+01,9.4172e+01,9.3238e+01,9.2819e+01,9.2539e+01,9.1726e+01,9.1786e+01,9.1410e+01,9.2210e+01,9.1108e+01,9.0416e+01,8.8940e+01,8.7189e+01,8.5943e+01,8.4253e+01,8.3771e+01,8.2379e+01,8.0847e+01,7.9738e+01,7.8432e+01,7.8527e+01,7.7964e+01,7.8563e+01,7.8353e+01,7.8134e+01,7.8951e+01,7.8626e+01,7.7867e+01,7.6866e+01,7.7276e+01,7.6447e+01,7.6835e+01,7.6440e+01,7.7273e+01,7.8505e+01,7.9348e+01,7.9502e+01,8.0376e+01,8.1268e+01,8.1879e+01,8.3392e+01,8.3479e+01,8.3027e+01,8.3708e+01,8.5206e+01,8.5845e+01,8.7032e+01,8.8209e+01,8.8685e+01,9.0250e+01,9.2135e+01,9.2645e+01,9.3455e+01,9.5671e+01,9.6191e+01,9.7179e+01,9.5993e+01,9.5822e+01,9.7087e+01,9.7063e+01,9.8235e+01,9.9336e+01,1.0056e+02,1.0202e+02,1.0326e+02,1.0437e+02,1.0570e+02,1.0665e+02,1.0768e+02,1.0830e+02,1.0876e+02,1.0963e+02,1.1065e+02,1.1151e+02,1.1243e+02,1.1342e+02,1.1452e+02,1.1578e+02,1.1683e+02,1.1822e+02,1.1902e+02,1.1984e+02,1.2083e+02,1.2128e+02,1.2189e+02,1.2177e+02,1.2148e+02
8.5369e+01,8.5242e+01,8.5179e+01,8.5064e+01,8.5137e+01,8.5051e+01,8.4827e+01,8.4850e+01,8.4471e+01,8.4059e+01,8.3855e+01,8.3697e+01,8.3672e+01,8.3525e+01,8.3569e+01,8.3683e+01,8.3750e+01,8.3798e+01,8.3884e+01,8.3913e+01,8.4178e+01,8.4125e+01,8.4320e+01,8.3990e+01,8.3273e+01,8.3698e+01,8.4110e+01,8.5315e+01,8.6127e+01,8.6068e+01,8.6076e+01,8.7195e+01,8.8593e+01,8.9324e+01,8.9938e+01,8.9621e+01,9.0244e+01,9.1424e+01,9.2164e+01,9.3231e+01,9.3570e+01,9.4234e+01,9.4880e+01,9.4594e+01,9.3810e+01,9.3921e+01,9.2982e+01,9.2560e+01,9.2277e+01,9.1460e+01,9.1518e+01,9.1138e+01,9.1939e+01,9.0835e+01,9.0139e+01,8.8659e+01,8.6904e+01,8.5654e+01,8.3962e+01,8.3479e+01,8.2086e+01,8.0552e+01,7.9444e+01,7.8137e+01,7.8234e+01,7.7673e+01,7.8274e+01,7.8065e+01,7.7850e+01,7.8670e+01,7.8348e+01,7.7587e+01,7.6587e+01,7.7001e+01,7.6172e+01,7.6562e+01,7.6171e+01,7.7009e+01,7.8243e+01,7.9091e+01,7.9251e+01,8.0131e+01,8.1030e+01,8.1647e+01,8.3165e+01,8.3251e+01,8.2799e+01,8.3482e+01,8.4985e+01,8.5629e+01,8.6822e+01,8.8002e+01,8.8481e+01,9.0053e+01,9.1945e+01,9.2460e+01,9.3273e+01,9.5497e+01,9.6021e+01,9.7014e+01,9.5824e+01,9.5654e+01,9.6925e+01,9.6901e+01,9.8076e+01,9.9181e+01,1.0041e+02,1.0187e+02,1.0312e+02,1.0424e+02,1.0557e+02,1.0652e+02,1.0756e+02,1.0818e+02,1.0864e+02,1.0951e+02,1.1054e+02,1.1140e+02,1.1232e+02,1.1332e+02,1.1442e+02,1.1568e+02,1.1673e+02,1.1813e+02,1.1893e+02,1.1975e+02,1.2075e+02,1.2119e+02,1.2181e+02,1.2168e+02,1.2140e+02
8.5211e+01,8.5084e+01,8.5021e+01,8.4906e+01,8.4981e+01,8.4896e+01,8.4670e+01,8.4692e+01,8.4311e+01,8.3899e+01,8.3698e+01,8.3540e+01,8.3517e+01,8.3369e+01,8.3413e+01,8.3526e+01,8.3594e+01,8.3640e+01,8.3727e+01,8.3754e+01,8.4019e+01,8.3965e+01,8.4161e+01,8.3830e+01,8.3114e+01,8.3540e+01,8.3955e+01,8.5163e+01,8.5977e+01,8.5918e+01,8.5926e+01,8.7046e+01,8.8445e+01,8.9179e+01,8.9796e+01,8.9479e+01,9.0107e+01,9.1288e+01,9.2031e+01,9.3099e+01,9.3436e+01,9.4101e+01,9.4748e+01,9.4462e+01,9.3679e+01,9.3787e+01,9.2846e+01,9.2422e+01,9.2136e+01,9.1319e+01,9.1375e+01,9.0994e+01,9.1797e+01,9.0690e+01,8.9992e+01,8.8507e+01,8.6749e+01,8.5495e+01,8.3799e+01,8.3313e+01,8.1919e+01,8.0379e+01,7.9272e+01,7.7964e+01,7.8065e+01,7.7503e+01,7.8105e+01,7.7898e+01,7.7683e+01,7.8506e+01,7.8181e+01,7.7416e+01,7.6414e+01,7.6831e+01,7.6000e+01,7.6394e+01,7.6002e+01,7.6846e+01,7.8084e+01,7.8937e+01,7.9101e+01,7.9986e+01,8.0892e+01,8.1516e+01,8.3039e+01,8.3125e+01,8.2675e+01,8.3356e+01,8.4863e+01,8.5513e+01,8.6714e+01,8.7896e+01,8.8381e+01,8.9955e+01,9.1852e+01,9.2372e+01,9.3188e+01,9.5415e+01,9.5940e+01,9.6936e+01,9.5749e+01,9.5576e+01,9.6848e+01,9.6823e+01,9.7993e+01,9.9098e+01,1.0033e+02,1.0179e+02,1.0304e+02,1.0416e+02,1.0549e+02,1.0644e+02,1.0748e+02,1.0810e+02,1.0856e+02,1.0942e+02,1.1045e+02,1.1131e+02,1.1223e+02,1.1323e+02,1.1433e+02,1.1559e+02,1.1665e+02,1.1804e+02,1.1884e+02,1.1966e+02,1.2066e+02,1.2111e+02,1.2173e+02,1.2160e+02,1.2132e+02
8.4994e+01,8.4865e+01,8.4803e+01,8.4689e+01,8.4765e+01,8.4679e+01,8.4456e+01,8.4479e+01,8.4099e+01,8.3685e+01,8.3481e+01,8.3322e+01,8.3300e+01,8.3154e+01,8.3196e+01,8.3309e+01,8.3375e+01,8.3420e+01,8.3507e+01,8.3531e+01,8.3797e+01,8.3741e+01,8.3938e+01,8.3608e+01,8.2890e+01,8.3318e+01,8.3737e+01,8.4945e+01,8.5757e+01,8.5696e+01,8.5703e+01,8.6824e+01,8.8223e+01,8.8958e+01,8.9576e+01,8.9261e+01,8.9891e+01,9.1075e+01,9.1820e+01,9.2889e+01,9.3228e+01,9.3895e+01,9.4543e+01,9.4257e+01,9.3473e+01,9.3581e+01,9.2639e+01,9.2213e+01,9.1925e+01,9.1107e+01,9.1162e+01,9.0780e+01,9.1583e+01,9.0474e+01,8.9774e+01,8.8286e+01,8.6524e+01,8.5268e+01,8.3568e+01,8.3081e+01,8.1682e+01,8.0139e+01,7.9029e+01,7.7720e+01,7.7822e+01,7.7259e+01,7.7864e+01,7.7658e+01,7.7443e+01,7.8268e+01,7.7943e+01,7.7176e+01,7.6173e+01,7.6592e+01,7.5759e+01,7.6154e+01,7.5761e+01,7.6608e+01,7.7849e+01,7.8703e+01,7.8868e+01,7.9753e+01,8.0662e+01,8.1285e+01,8.2808e+01,8.2888e+01,8.2434e+01,8.3108e+01,8.4610e+01,8.5261e+01,8.6468e+01,8.7653e+01,8.8145e+01,8.9719e+01,9.1616e+01,9.2137e+01,9.2948e+01,9.5174e+01,9.5696e+01,9.6693e+01,9.5507e+01,9.5330e+01,9.6606e+01,9.6582e+01,9.7750e+01,9.8864e+01,1.0010e+02,1.0156e+02,1.0282e+02,1.0393e+02,1.0527e+02,1.0622e+02,1.0726e+02,1.0788e+02,1.0834e+02,1.0921e+02,1.1024e+02,1.1111e+02,1.1203e+02,1.1303e+02,1.1414e+02,1.1540e+02,1.1646e+02,1.1785e+02,1.1866e+02,1.1948e+02,1.2048e+02,1.2093e+02,1.2155e+02,1.2142e+02,1.2114e+02
8.4739e+01,8.4609e+01,8.4549e+01,8.4438e+01,8.4516e+01,8.4433e+01,8.4214e+01,8.4238e+01,8.3860e+01,8.3447e+01,8.3243e+01,8.3084e+01,8.3065e+01,8.2920e+01,8.2959e+01,8.3073e+01,8.3138e+01,8.3182e+01,8.3266e+01,8.3286e+01,8.3553e+01,8.3496e+01,8.3691e+01,8.3363e+01,8.2646e+01,8.3077e+01,8.3500e+01,8.4709e+01,8.5521e+01,8.5459e+01,8.5465e+01,8.6587e+01,8.7985e+01,8.8722e+01,8.9344e+01,8.9029e+01,8.9664e+01,9.0851e+01,9.1600e+01,9.2669e+01,9.3005e+01,9.3675e+01,9.4326e+01,9.4040e+01,9.3255e+01,9.3360e+01,9.2415e+01,9.1989e+01,9.1696e+01,9.0877e+01,9.0929e+01,9.0545e+01,9.1346e+01,9.0234e+01,8.9532e+01,8.8041e+01,8.6276e+01,8.5017e+01,8.3316e+01,8.2828e+01,8.1429e+01,7.9884e+01,7.8773e+01,7.7463e+01,7.7569e+01,7.7006e+01,7.7612e+01,7.7408e+01,7.7193e+01,7.8020e+01,7.7694e+01,7.6925e+01,7.5921e+01,7.6342e+01,7.5508e+01,7.5904e+01,7.5511e+01,7.6359e+01,7.7601e+01,7.8456e+01,7.8622e+01,7.9507e+01,8.0419e+01,8.1043e+01,8.2567e+01,8.2643e+01,8.2186e+01,8.2857e+01,8.4360e+01,8.5009e+01,8.6221e+01,8.7412e+01,8.7907e+01,8.9487e+01,9.1387e+01,9.1907e+01,9.2717e+01,9.4946e+01,9.5469e+01,9.6468e+01,9.5280e+01,9.5102e+01,9.6383e+01,9.6356e+01,9.7525e+01,9.8643e+01,9.9886e+01,1.0135e+02,1.0262e+02,1.0373e+02,1.0507e+02,1.0602e+02,1.0707e+02,1.0770e+02,1.0816e+02,1.0903e+02,1.1006e+02,1.1093e+02,1.1186e+02,1.1286e+02,1.1397e+02,1.1523e+02,1.1629e+02,1.1769e+02,1.1850e+02,1.1932e+02,1.2033e+02,1.2078e+02,1.2140e+02,1.2128e+02,1.2099e+02
8.4528e+01,8.4395e+01,8.4333e+01,8.4222e+01,8.4302e+01,8.4220e+01,8.4003e+01,8.4027e+01,8.3649e+01,8.3236e+01,8.3030e+01,8.2869e+01,8.2849e+01,8.2703e+01,8.2741e+01,8.2853e+01,8.2917e+01,8.2959e+01,8.3043e+01,8.3060e+01,8.3327e+01,8.3268e+01,8.3464e+01,8.3138e+01,8.2422e+01,8.2851e+01,8.3272e+01,8.4478e+01,8.5289e+01,8.5229e+01,8.5235e+01,8.6358e+01,8.7755e+01,8.8493e+01,8.9115e+01,8.8800e+01,8.9435e+01,9.0620e+01,9.1368e+01,9.2435e+01,9.2771e+01,9.3440e+01,9.4089e+01,9.3801e+01,9.3017e+01,9.3123e+01,9.2182e+01,9.1755e+01,9.1465e+01,9.0650e+01,9.0706e+01,9.0327e+01,9.1129e+01,9.0017e+01,8.9320e+01,8.7830e+01,8.6065e+01,8.4809e+01,8.3110e+01,8.2624e+01,8.1223e+01,7.9680e+01,7.8566e+01,7.7254e+01,7.7355e+01,7.6791e+01,7.7396e+01,7.7187e+01,7.6972e+01,7.7797e+01,7.7475e+01,7.6712e+01,7.5709e+01,7.6124e+01,7.5287e+01,7.5676e+01,7.5281e+01,7.6129e+01,7.7371e+01,7.8219e+01,7.8383e+01,7.9262e+01,8.0173e+01,8.0794e+01,8.2311e+01,8.2378e+01,8.1918e+01,8.2580e+01,8.4073e+01,8.4721e+01,8.5936e+01,8.7128e+01,8.7629e+01,8.9210e+01,9.1108e+01,9.1629e+01,9.2433e+01,9.4662e+01,9.5178e+01,9.6179e+01,9.4996e+01,9.4815e+01,9.6099e+01,9.6071e+01,9.7238e+01,9.8365e+01,9.9606e+01,1.0108e+02,1.0235e+02,1.0347e+02,1.0481e+02,1.0576e+02,1.0682e+02,1.0745e+02,1.0792e+02,1.0879e+02,1.0982e+02,1.1070e+02,1.1163e+02,1.1264e+02,1.1375e+02,1.1502e+02,1.1608e+02,1.1748e+02,1.1830e+02,1.1912e+02,1.2013e+02,1.2059e+02,1.2121e+02,1.2108e+02,1.2080e+02
8.4172e+01,8.4039e+01,8.3977e+01,8.3866e+01,8.3945e+01,8.3862e+01,8.3644e+01,8.3668e+01,8.3287e+01,8.2873e+01,8.2662e+01,8.2499e+01,8.2477e+01,8.2330e+01,8.2363e+01,8.2474e+01,8.2536e+01,8.2580e+01,8.2661e+01,8.2677e+01,8.2944e+01,8.2883e+01,8.3081e+01,8.2756e+01,8.2042e+01,8.2473e+01,8.2896e+01,8.4104e+01,8.4918e+01,8.4858e+01,8.4865e+01,8.5990e+01,8.7389e+01,8.8127e+01,8.8749e+01,8.8432e+01,8.9067e+01,9.0254e+01,9.1004e+01,9.2071e+01,9.2407e+01,9.3077e+01,9.3726e+01,9.3437e+01,9.2650e+01,9.2757e+01,9.1814e+01,9.1388e+01,9.1098e+01,9.0282e+01,9.0340e+01,8.9960e+01,9.0763e+01,8.9651e+01,8.8952e+01,8.7461e+01,8.5693e+01,8.4435e+01,8.2735e+01,8.2251e+01,8.0850e+01,7.9304e+01,7.8190e+01,7.6875e+01,7.6974e+01,7.6412e+01,7.7019e+01,7.6809e+01,7.6598e+01,7.7427e+01,7.7110e+01,7.6348e+01,7.5345e+01,7.5760e+01,7.4919e+01,7.5305e+01,7.4913e+01,7.5766e+01,7.7010e+01,7.7860e+01,7.8028e+01,7.8909e+01,7.9827e+01,8.0453e+01,8.1971e+01,8.2033e+01,8.1571e+01,8.2228e+01,8.3720e+01,8.4373e+01,8.5597e+01,8.6794e+01,8.7301e+01,8.8888e+01,9.0794e+01,9.1323e+01,9.2129e+01,9.4366e+01,9.4882e+01,9.5891e+01,9.4710e+01,9.4526e+01,9.5824e+01,9.5797e+01,9.6965e+01,9.8105e+01,9.9352e+01,1.0083e+02,1.0212e+02,1.0324e+02,1.0459e+02,1.0555e+02,1.0661e+02,1.0724e+02,1.0772e+02,1.0859e+02,1.0963e+02,1.1051e+02,1.1144e+02,1.1245e+02,1.1357e+02,1.1484e+02,1.1591e+02,1.1732e+02,1.1813e+02,1.1896e+02,1.1997e+02,1.2042e+02,1.2105e+02,1.2092e+02,1.2064e+02
8.3912e+01,8.3779e+01,8.3718e+01,8.3608e+01,8.3690e+01,8.3609e+01,8.3394e+01,8.3421e+01,8.3039e+01,8.2623e+01,8.2412e+01,8.2245e+01,8.2223e+01,8.2073e+01,8.2104e+01,8.2214e+01,8.2272e+01,8.2318e+01,8.2397e+01,8.2412e+01,8.2678e+01,8.2617e+01,8.2814e+01,8.2488e+01,8.1774e+01,8.2205e+01,8.2630e+01,8.3838e+01,8.4650e+01,8.4592e+01,8.4597e+01,8.5722e+01,8.7122e+01,8.7861e+01,8.8484e+01,8.8164e+01,8.8803e+01,8.9991e+01,9.0743e+01,9.1810e+01,9.2145e+01,9.2818e+01,9.3470e+01,9.3182e+01,9.2392e+01,9.2498e+01,9.1555e+01,9.1131e+01,9.0839e+01,9.0023e+01,9.0079e+01,8.9697e+01,9.0498e+01,8.9383e+01,8.8685e+01,8.7191e+01,8.5426e+01,8.4168e+01,8.2469e+01,8.1983e+01,8.0581e+01,7.9036e+01,7.7920e+01,7.6604e+01,7.6704e+01,7.6141e+01,7.6750e+01,7.6540e+01,7.6328e+01,7.7160e+01,7.6843e+01,7.6079e+01,7.5078e+01,7.5495e+01,7.4654e+01,7.5042e+01,7.4652e+01,7.5506e+01,7.6748e+01,7.7599e+01,7.7769e+01,7.8651e+01,7.9569e+01,8.0199e+01,8.1716e+01,8.1781e+01,8.1325e+01,8.1983e+01,8.3476e+01,8.4134e+01,8.5356e+01,8.6546e+01,8.7053e+01,8.8635e+01,9.0547e+01,9.1082e+01,9.1893e+01,9.4133e+01,9.4653e+01,9.5667e+01,9.4488e+01,9.4310e+01,9.5615e+01,9.5595e+01,9.6768e+01,9.7914e+01,9.9166e+01,1.0064e+02,1.0194e+02,1.0307e+02,1.0442e+02,1.0539e+02,1.0646e+02,1.0709e+02,1.0757e+02,1.0844e+02,1.0948e+02,1.1036e+02,1.1130e+02,1.1231e+02,1.1343e+02,1.1470e+02,1.1577e+02,1.1718e+02,1.1799e+02,1.1882e+02,1.1983e+02,1.2029e+02,1.2091e+02,1.2079e+02,1.2051e+02
8.3815e+01,8.3681e+01,8.3619e+01,8.3510e+01,8.3593e+01,8.3515e+01,8.3299e+01,8.3329e+01,8.2946e+01,8.2530e+01,8.2317e+01,8.2149e+01,8.2126e+01,8.1974e+01,8.2001e+01,8.2109e+01,8.2165e+01,8.2213e+01,8.2291e+01,8.2307e+01,8.2573e+01,8.2511e+01,8.2704e+01,8.2378e+01,8.1665e+01,8.2097e+01,8.2523e+01,8.3730e+01,8.4541e+01,8.4482e+01,8.4488e+01,8.5610e+01,8.7008e+01,8.7745e+01,8.8366e+01,8.8046e+01,8.8686e+01,8.9875e+01,9.0627e+01,9.1694e+01,9.2027e+01,9.2702e+01,9.3356e+01,9.3071e+01,9.2280e+01,9.2387e+01,9.1442e+01,9.1018e+01,9.0724e+01,8.9907e+01,8.9958e+01,8.9575e+01,9.0372e+01,8.9257e+01,8.8557e+01,8.7064e+01,8.5302e+01,8.4044e+01,8.2346e+01,8.1859e+01,8.0460e+01,7.8914e+01,7.7801e+01,7.6487e+01,7.6589e+01,7.6029e+01,7.6639e+01,7.6432e+01,7.6223e+01,7.7058e+01,7.6741e+01,7.5974e+01,7.4975e+01,7.5396e+01,7.4557e+01,7.4949e+01,7.4562e+01,7.5418e+01,7.6658e+01,7.7512e+01,7.7686e+01,7.8571e+01,7.9490e+01,8.0124e+01,8.1639e+01,8.1705e+01,8.1255e+01,8.1911e+01,8.3400e+01,8.4060e+01,8.5280e+01,8.6466e+01,8.6973e+01,8.8548e+01,9.0459e+01,9.0996e+01,9.1808e+01,9.4044e+01,9.4565e+01,9.5577e+01,9.4401e+01,9.4224e+01,9.5531e+01,9.5511e+01,9.6681e+01,9.7830e+01,9.9084e+01,1.0056e+02,1.0187e+02,1.0299e+02,1.0435e+02,1.0531e+02,1.0638e+02,1.0701e+02,1.0749e+02,1.0836e+02,1.0940e+02,1.1028e+02,1.1122e+02,1.1224e+02,1.1335e+02,1.1463e+02,1.1569e+02,1.1710e+02,1.1792e+02,1.1875e+02,1.1976e+02,1.2022e+02,1.2084e+02,1.2071e+02,1.2043e+02
8.3556e+01,8.3423e+01,8.3362e+01,8.3255e+01,8.3339e+01,8.3259e+01,8.3043e+01,8.3073e+01,8.2688e+01,8.2271e+01,8.2057e+01,8.1884e+01,8.1861e+01,8.1709e+01,8.1733e+01,8.1840e+01,8.1894e+01,8.1940e+01,8.2015e+01,8.2031e+01,8.2297e+01,8.2235e+01,8.2433e+01,8.2108e+01,8.1396e+01,8.1832e+01,8.2259e+01,8.3467e+01,8.4279e+01,8.4220e+01,8.4226e+01,8.5348e+01,8.6744e+01,8.7480e+01,8.8100e+01,8.7782e+01,8.8423e+01,8.9611e+01,9.0364e+01,9.1429e+01,9.1761e+01,9.2435e+01,9.3089e+01,9.2800e+01,9.2007e+01,9.2113e+01,9.1168e+01,9.0743e+01,9.0450e+01,8.9632e+01,8.9683e+01,8.9299e+01,9.0095e+01,8.8979e+01,8.8281e+01,8.6787e+01,8.5026e+01,8.3770e+01,8.2072e+01,8.1584e+01,8.0185e+01,7.8641e+01,7.7530e+01,7.6219e+01,7.6321e+01,7.5763e+01,7.6372e+01,7.6167e+01,7.5960e+01,7.6796e+01,7.6480e+01,7.5713e+01,7.4718e+01,7.5141e+01,7.4303e+01,7.4697e+01,7.4315e+01,7.5173e+01,7.6410e+01,7.7267e+01,7.7447e+01,7.8335e+01,7.9258e+01,7.9900e+01,8.1415e+01,8.1482e+01,8.1038e+01,8.1692e+01,8.3181e+01,8.3852e+01,8.5075e+01,8.6255e+01,8.6765e+01,8.8336e+01,9.0254e+01,9.0802e+01,9.1621e+01,9.3863e+01,9.4391e+01,9.5413e+01,9.4240e+01,9.4069e+01,9.5386e+01,9.5374e+01,9.6547e+01,9.7706e+01,9.8966e+01,1.0045e+02,1.0176e+02,1.0288e+02,1.0425e+02,1.0522e+02,1.0629e+02,1.0693e+02,1.0740e+02,1.0827e+02,1.0932e+02,1.1019e+02,1.1113e+02,1.1215e+02,1.1327e+02,1.1454e+02,1.1560e+02,1.1701e+02,1.1783e+02,1.1866e+02,1.1967e+02,1.2013e+02,1.2075e+02,1.2063e+02,1.2035e+02
8.3304e+01,8.3170e+01,8.3108e+01,8.3003e+01,8.3086e+01,8.3006e+01,8.2790e+01,8.2820e+01,8.2435e+01,8.2016e+01,8.1800e+01,8.1625e+01,8.1600e+01,8.1445e+01,8.1464e+01,8.1568e+01,8.1618e+01,8.1660e+01,8.1734e+01,8.1747e+01,8.2011e+01,8.1949e+01,8.2150e+01,8.1825e+01,8.1113e+01,8.1551e+01,8.1981e+01,8.3192e+01,8.4007e+01,8.3947e+01,8.3953e+01,8.5075e+01,8.6474e+01,8.7211e+01,8.7835e+01,8.7520e+01,8.8166e+01,8.9358e+01,9.0116e+01,9.1181e+01,9.1511e+01,9.2186e+01,9.2842e+01,9.2552e+01,9.1756e+01,9.1860e+01,9.0913e+01,9.0486e+01,9.0193e+01,8.9373e+01,8.9424e+01,8.9039e+01,8.9833e+01,8.8712e+01,8.8013e+01,8.6516e+01,8.4753e+01,8.3495e+01,8.1792e+01,8.1300e+01,7.9896e+01,7.8349e+01,7.7235e+01,7.5923e+01,7.6027e+01,7.5464e+01,7.6071e+01,7.5865e+01,7.5653e+01,7.6489e+01,7.6168e+01,7.5399e+01,7.4402e+01,7.4825e+01,7.3989e+01,7.4384e+01,7.4000e+01,7.4858e+01,7.6095e+01,7.6952e+01,7.7131e+01,7.8022e+01,7.8945e+01,7.9589e+01,8.1109e+01,8.1182e+01,8.0739e+01,8.1399e+01,8.2895e+01,8.3569e+01,8.4793e+01,8.5973e+01,8.6483e+01,8.8055e+01,8.9981e+01,9.0533e+01,9.1360e+01,9.3607e+01,9.4139e+01,9.5163e+01,9.3987e+01,9.3817e+01,9.5137e+01,9.5124e+01,9.6302e+01,9.7461e+01,9.8722e+01,1.0021e+02,1.0153e+02,1.0265e+02,1.0401e+02,1.0498e+02,1.0606e+02,1.0670e+02,1.0717e+02,1.0805e+02,1.0909e+02,1.0997e+02,1.1091e+02,1.1193e+02,1.1305e+02,1.1433e+02,1.1540e+02,1.1681e+02,1.1763e+02,1.1846e+02,1.1947e+02,1.1993e+02,1.2055e+02,1.2042e+02,1.2015e+02
8.3255e+01,8.3119e+01,8.3056e+01,8.2951e+01,8.3032e+01,8.2952e+01,8.2736e+01,8.2765e+01,8.2380e+01,8.1963e+01,8.1747e+01,8.1570e+01,8.1546e+01,8.1391e+01,8.1407e+01,8.1507e+01,8.1557e+01,8.1597e+01,8.1669e+01,8.1682e+01,8.1943e+01,8.1879e+01,8.2081e+01,8.1752e+01,8.1039e+01,8.1476e+01,8.1906e+01,8.3118e+01,8.3930e+01,8.3870e+01,8.3874e+01,8.4995e+01,8.6395e+01,8.7134e+01,8.7759e+01,8.7446e+01,8.8097e+01,8.9290e+01,9.0052e+01,9.1117e+01,9.1447e+01,9.2122e+01,9.2778e+01,9.2489e+01,9.1694e+01,9.1798e+01,9.0850e+01,9.0422e+01,9.0129e+01,8.9308e+01,8.9358e+01,8.8973e+01,8.9765e+01,8.8643e+01,8.7944e+01,8.6446e+01,8.4684e+01,8.3426e+01,8.1722e+01,8.1229e+01,7.9824e+01,7.8277e+01,7.7164e+01,7.5853e+01,7.5957e+01,7.5394e+01,7.6000e+01,7.5795e+01,7.5583e+01,7.6419e+01,7.6098e+01,7.5328e+01,7.4332e+01,7.4755e+01,7.3920e+01,7.4316e+01,7.3932e+01,7.4789e+01,7.6024e+01,7.6881e+01,7.7060e+01,7.7951e+01,7.8873e+01,7.9518e+01,8.1038e+01,8.1111e+01,8.0670e+01,8.1328e+01,8.2823e+01,8.3498e+01,8.4723e+01,8.5901e+01,8.6411e+01,8.7980e+01,8.9908e+01,9.0460e+01,9.1286e+01,9.3531e+01,9.4059e+01,9.5078e+01,9.3901e+01,9.3728e+01,9.5045e+01,9.5027e+01,9.6203e+01,9.7360e+01,9.8619e+01,1.0010e+02,1.0142e+02,1.0254e+02,1.0391e+02,1.0488e+02,1.0596e+02,1.0660e+02,1.0707e+02,1.0794e+02,1.0898e+02,1.0986e+02,1.1081e+02,1.1183e+02,1.1295e+02,1.1422e+02,1.1529e+02,1.1671e+02,1.1752e+02,1.1836e+02,1.1937e+02,1.1983e+02,1.2045e+02,1.2033e+02,1.2005e+02
8.3146e+01,8.3012e+01,8.2952e+01,8.2849e+01,8.2930e+01,8.2849e+01,8.2635e+01,8.2666e+01,8.2282e+01,8.1864e+01,8.1648e+01,8.1469e+01,8.1445e+01,8.1288e+01,8.1300e+01,8.1397e+01,8.1445e+01,8.1483e+01,8.1555e+01,8.1567e+01,8.1831e+01,8.1767e+01,8.1970e+01,8.1641e+01,8.0927e+01,8.1368e+01,8.1799e+01,8.3014e+01,8.3829e+01,8.3765e+01,8.3770e+01,8.4890e+01,8.6290e+01,8.7026e+01,8.7651e+01,8.7338e+01,8.7990e+01,8.9185e+01,8.9949e+01,9.1014e+01,9.1342e+01,9.2018e+01,9.2677e+01,9.2387e+01,9.1590e+01,9.1692e+01,9.0741e+01,9.0315e+01,9.0019e+01,8.9194e+01,8.9241e+01,8.8853e+01,8.9642e+01,8.8518e+01,8.7818e+01,8.6319e+01,8.4561e+01,8.3304e+01,8.1601e+01,8.1104e+01,7.9700e+01,7.8153e+01,7.7041e+01,7.5731e+01,7.5837e+01,7.5272e+01,7.5875e+01,7.5672e+01,7.5458e+01,7.6291e+01,7.5967e+01,7.5196e+01,7.4199e+01,7.4625e+01,7.3793e+01,7.4192e+01,7.3809e+01,7.4665e+01,7.5900e+01,7.6761e+01,7.6941e+01,7.7837e+01,7.8759e+01,7.9407e+01,8.0933e+01,8.1014e+01,8.0575e+01,8.1242e+01,8.2745e+01,8.3422e+01,8.4642e+01,8.5818e+01,8.6322e+01,8.7890e+01,8.9822e+01,9.0376e+01,9.1209e+01,9.3456e+01,9.3986e+01,9.5004e+01,9.3822e+01,9.3650e+01,9.4964e+01,9.4946e+01,9.6126e+01,9.7280e+01,9.8538e+01,1.0002e+02,1.0134e+02,1.0246e+02,1.0383e+02,1.0480e+02,1.0589e+02,1.0653e+02,1.0699e+02,1.0786e+02,1.0891e+02,1.0979e+02,1.1074e+02,1.1176e+02,1.1288e+02,1.1416e+02,1.1523e+02,1.1665e+02,1.1746e+02,1.1829e+02,1.1930e+02,1.1976e+02,1.2038e+02,1.2026e+02,1.1998e+02
8.3122e+01,8.2989e+01,8.2932e+01,8.2829e+01,8.2909e+01,8.2828e+01,8.2616e+01,8.2649e+01,8.2265e+01,8.1848e+01,8.1632e+01,8.1452e+01,8.1431e+01,8.1275e+01,8.1288e+01,8.1385e+01,8.1430e+01,8.1465e+01,8.1535e+01,8.1548e+01,8.1809e+01,8.1744e+01,8.1945e+01,8.1619e+01,8.0905e+01,8.1346e+01,8.1779e+01,8.2992e+01,8.3804e+01,8.3738e+01,8.3742e+01,8.4858e+01,8.6255e+01,8.6990e+01,8.7618e+01,8.7308e+01,8.7961e+01,8.9154e+01,8.9918e+01,9.0978e+01,9.1301e+01,9.1976e+01,9.2639e+01,9.2351e+01,9.1559e+01,9.1659e+01,9.0709e+01,9.0284e+01,8.9985e+01,8.9159e+01,8.9201e+01,8.8810e+01,8.9595e+01,8.8471e+01,8.7769e+01,8.6271e+01,8.4518e+01,8.3263e+01,8.1564e+01,8.1067e+01,7.9667e+01,7.8125e+01,7.7017e+01,7.5714e+01,7.5821e+01,7.5257e+01,7.5857e+01,7.5657e+01,7.5442e+01,7.6272e+01,7.5946e+01,7.5176e+01,7.4182e+01,7.4607e+01,7.3779e+01,7.4180e+01,7.3797e+01,7.4650e+01,7.5882e+01,7.6743e+01,7.6923e+01,7.7819e+01,7.8742e+01,7.9391e+01,8.0917e+01,8.0999e+01,8.0561e+01,8.1229e+01,8.2733e+01,8.3410e+01,8.4627e+01,8.5802e+01,8.6302e+01,8.7870e+01,8.9803e+01,9.0357e+01,9.1194e+01,9.3441e+01,9.3974e+01,9.4992e+01,9.3811e+01,9.3639e+01,9.4955e+01,9.4939e+01,9.6120e+01,9.7278e+01,9.8537e+01,1.0002e+02,1.0134e+02,1.0246e+02,1.0383e+02,1.0481e+02,1.0589e+02,1.0653e+02,1.0700e+02,1.0788e+02,1.0892e+02,1.0980e+02,1.1075e+02,1.1178e+02,1.1290e+02,1.1418e+02,1.1525e+02,1.1667e+02,1.1748e+02,1.1832e+02,1.1933e+02,1.1978e+02,1.2040e+02,1.2028e+02,1.2000e+02
8.3212e+01,8.3079e+01,8.3020e+01,8.2918e+01,8.2999e+01,8.2916e+01,8.2702e+01,8.2735e+01,8.2350e+01,8.1934e+01,8.1720e+01,8.1538e+01,8.1517e+01,8.1361e+01,8.1372e+01,8.1466e+01,8.1506e+01,8.1536e+01,8.1604e+01,8.1619e+01,8.1875e+01,8.1809e+01,8.2009e+01,8.1681e+01,8.0965e+01,8.1400e+01,8.1832e+01,8.3041e+01,8.3848e+01,8.3779e+01,8.3778e+01,8.4888e+01,8.6280e+01,8.7016e+01,8.7644e+01,8.7341e+01,8.7997e+01,8.9191e+01,8.9958e+01,9.1015e+01,9.1337e+01,9.2012e+01,9.2675e+01,9.2391e+01,9.1603e+01,9.1706e+01,9.0758e+01,9.0338e+01,9.0039e+01,8.9213e+01,8.9250e+01,8.8860e+01,8.9639e+01,8.8514e+01,8.7816e+01,8.6318e+01,8.4571e+01,8.3321e+01,8.1626e+01,8.1128e+01,7.9728e+01,7.8190e+01,7.7081e+01,7.5780e+01,7.5888e+01,7.5320e+01,7.5912e+01,7.5711e+01,7.5492e+01,7.6315e+01,7.5985e+01,7.5216e+01,7.4222e+01,7.4645e+01,7.3823e+01,7.4223e+01,7.3839e+01,7.4684e+01,7.5910e+01,7.6766e+01,7.6943e+01,7.7835e+01,7.8751e+01,7.9397e+01,8.0917e+01,8.1001e+01,8.0567e+01,8.1236e+01,8.2735e+01,8.3409e+01,8.4620e+01,8.5789e+01,8.6286e+01,8.7848e+01,8.9777e+01,9.0331e+01,9.1168e+01,9.3410e+01,9.3944e+01,9.4961e+01,9.3785e+01,9.3618e+01,9.4938e+01,9.4927e+01,9.6110e+01,9.7271e+01,9.8529e+01,1.0001e+02,1.0133e+02,1.0245e+02,1.0382e+02,1.0480e+02,1.0589e+02,1.0653e+02,1.0700e+02,1.0787e+02,1.0892e+02,1.0980e+02,1.1075e+02,1.1177e+02,1.1290e+02,1.1417e+02,1.1524e+02,1.1666e+02,1.1747e+02,1.1830e+02,1.1931e+02,1.1977e+02,1.2039e+02,1.2027e+02,1.1999e+02
8.3350e+01,8.3219e+01,8.3160e+01,8.3058e+01,8.3137e+01,8.3053e+01,8.2838e+01,8.2872e+01,8.2488e+01,8.2071e+01,8.1858e+01,8.1672e+01,8.1653e+01,8.1496e+01,8.1506e+01,8.1597e+01,8.1634e+01,8.1661e+01,8.1728e+01,8.1745e+01,8.2000e+01,8.1933e+01,8.2132e+01,8.1802e+01,8.1085e+01,8.1517e+01,8.1950e+01,8.3155e+01,8.3959e+01,8.3887e+01,8.3883e+01,8.4989e+01,8.6378e+01,8.7111e+01,8.7739e+01,8.7438e+01,8.8094e+01,8.9287e+01,9.0055e+01,9.1110e+01,9.1430e+01,9.2107e+01,9.2770e+01,9.2485e+01,9.1699e+01,9.1802e+01,9.0855e+01,9.0438e+01,9.0138e+01,8.9310e+01,8.9343e+01,8.8953e+01,8.9727e+01,8.8603e+01,8.7907e+01,8.6412e+01,8.4672e+01,8.3427e+01,8.1736e+01,8.1238e+01,7.9840e+01,7.8307e+01,7.7202e+01,7.5908e+01,7.6017e+01,7.5450e+01,7.6037e+01,7.5840e+01,7.5620e+01,7.6440e+01,7.6108e+01,7.5340e+01,7.4353e+01,7.4777e+01,7.3965e+01,7.4370e+01,7.3991e+01,7.4829e+01,7.6045e+01,7.6900e+01,7.7080e+01,7.7971e+01,7.8883e+01,7.9531e+01,8.1045e+01,8.1132e+01,8.0705e+01,8.1373e+01,8.2868e+01,8.3544e+01,8.4749e+01,8.5910e+01,8.6405e+01,8.7957e+01,8.9883e+01,9.0440e+01,9.1279e+01,9.3515e+01,9.4053e+01,9.5070e+01,9.3901e+01,9.3741e+01,9.5061e+01,9.5053e+01,9.6231e+01,9.7391e+01,9.8648e+01,1.0013e+02,1.0145e+02,1.0256e+02,1.0393e+02,1.0491e+02,1.0599e+02,1.0663e+02,1.0710e+02,1.0797e+02,1.0901e+02,1.0989e+02,1.1084e+02,1.1187e+02,1.1299e+02,1.1426e+02,1.1532e+02,1.1674e+02,1.1755e+02,1.1838e+02,1.1939e+02,1.1985e+02,1.2046e+02,1.2034e+02,1.2007e+02
8.3547e+01,8.3417e+01,8.3359e+01,8.3258e+01,8.3336e+01,8.3252e+01,8.3034e+01,8.3068e+01,8.2685e+01,8.2270e+01,8.2059e+01,8.1873e+01,8.1855e+01,8.1698e+01,8.1707e+01,8.1796e+01,8.1829e+01,8.1853e+01,8.1917e+01,8.1936e+01,8.2191e+01,8.2125e+01,8.2323e+01,8.1993e+01,8.1275e+01,8.1706e+01,8.2138e+01,8.3339e+01,8.4139e+01,8.4066e+01,8.4060e+01,8.5160e+01,8.6543e+01,8.7276e+01,8.7905e+01,8.7610e+01,8.8269e+01,8.9459e+01,9.0228e+01,9.1278e+01,9.1593e+01,9.2266e+01,9.2928e+01,9.2644e+01,9.1861e+01,9.1965e+01,9.1021e+01,9.0607e+01,9.0306e+01,8.9478e+01,8.9507e+01,8.9118e+01,8.9887e+01,8.8764e+01,8.8072e+01,8.6580e+01,8.4846e+01,8.3607e+01,8.1920e+01,8.1422e+01,8.0025e+01,7.8499e+01,7.7394e+01,7.6104e+01,7.6213e+01,7.5642e+01,7.6222e+01,7.6025e+01,7.5802e+01,7.6613e+01,7.6278e+01,7.5513e+01,7.4528e+01,7.4949e+01,7.4142e+01,7.4544e+01,7.4164e+01,7.4994e+01,7.6203e+01,7.7052e+01,7.7229e+01,7.8114e+01,7.9019e+01,7.9665e+01,8.1171e+01,8.1259e+01,8.0837e+01,8.1503e+01,8.2991e+01,8.3669e+01,8.4868e+01,8.6023e+01,8.6514e+01,8.8059e+01,8.9980e+01,9.0538e+01,9.1379e+01,9.3607e+01,9.4147e+01,9.5166e+01,9.4003e+01,9.3851e+01,9.5172e+01,9.5170e+01,9.6348e+01,9.7507e+01,9.8761e+01,1.0023e+02,1.0155e+02,1.0266e+02,1.0402e+02,1.0500e+02,1.0608e+02,1.0672e+02,1.0719e+02,1.0806e+02,1.0911e+02,1.0998e+02,1.1092e+02,1.1195e+02,1.1307e+02,1.1433e+02,1.1540e+02,1.1681e+02,1.1762e+02,1.1845e+02,1.1946e+02,1.1992e+02,1.2054e+02,1.2042e+02,1.2014e+02
8.3767e+01,8.3641e+01,8.3580e+01,8.3477e+01,8.3552e+01,8.3467e+01,8.3246e+01,8.3279e+01,8.2897e+01,8.2486e+01,8.2278e+01,8.2092e+01,8.2072e+01,8.1915e+01,8.1922e+01,8.2011e+01,8.2043e+01,8.2069e+01,8.2136e+01,8.2158e+01,8.2416e+01,8.2351e+01,8.2553e+01,8.2225e+01,8.1510e+01,8.1939e+01,8.2372e+01,8.3572e+01,8.4371e+01,8.4297e+01,8.4290e+01,8.5388e+01,8.6770e+01,8.7502e+01,8.8129e+01,8.7836e+01,8.8493e+01,8.9682e+01,9.0448e+01,9.1495e+01,9.1808e+01,9.2476e+01,9.3134e+01,9.2849e+01,9.2067e+01,9.2171e+01,9.1231e+01,9.0820e+01,9.0521e+01,8.9696e+01,8.9723e+01,8.9337e+01,9.0103e+01,8.8983e+01,8.8292e+01,8.6804e+01,8.5074e+01,8.3839e+01,8.2157e+01,8.1662e+01,8.0267e+01,7.8744e+01,7.7641e+01,7.6355e+01,7.6461e+01,7.5892e+01,7.6470e+01,7.6273e+01,7.6051e+01,7.6861e+01,7.6527e+01,7.5765e+01,7.4783e+01,7.5202e+01,7.4399e+01,7.4801e+01,7.4423e+01,7.5249e+01,7.6453e+01,7.7300e+01,7.7477e+01,7.8359e+01,7.9260e+01,7.9904e+01,8.1404e+01,8.1491e+01,8.1073e+01,8.1734e+01,8.3216e+01,8.3894e+01,8.5090e+01,8.6238e+01,8.6727e+01,8.8265e+01,9.0181e+01,9.0740e+01,9.1577e+01,9.3798e+01,9.4335e+01,9.5350e+01,9.4192e+01,9.4040e+01,9.5357e+01,9.5355e+01,9.6531e+01,9.7684e+01,9.8933e+01,1.0040e+02,1.0172e+02,1.0282e+02,1.0418e+02,1.0516e+02,1.0624e+02,1.0687e+02,1.0735e+02,1.0821e+02,1.0925e+02,1.1012e+02,1.1107e+02,1.1209e+02,1.1320e+02,1.1447e+02,1.1552e+02,1.1693e+02,1.1774e+02,1.1858e+02,1.1958e+02,1.2004e+02,1.2066e+02,1.2054e+02,1.2027e+02
8.4018e+01,8.3891e+01,8.3829e+01,8.3726e+01,8.3799e+01,8.3712e+01,8.3490e+01,8.3522e+01,8.3139e+01,8.2729e+01,8.2523e+01,8.2339e+01,8.2318e+01,8.2161e+01,8.2167e+01,8.2256e+01,8.2287e+01,8.2313e+01,8.2378e+01,8.2403e+01,8.2661e+01,8.2599e+01,8.2803e+01,8.2475e+01,8.1761e+01,8.2189e+01,8.2622e+01,8.3819e+01,8.4615e+01,8.4542e+01,8.4533e+01,8.5630e+01,8.7007e+01,8.7736e+01,8.8360e+01,8.8068e+01,8.8724e+01,8.9910e+01,9.0674e+01,9.1720e+01,9.2033e+01,9.2700e+01,9.3357e+01,9.3071e+01,9.2288e+01,9.2392e+01,9.1452e+01,9.1044e+01,9.0745e+01,8.9920e+01,8.9946e+01,8.9561e+01,9.0326e+01,8.9210e+01,8.8519e+01,8.7036e+01,8.5309e+01,8.4077e+01,8.2399e+01,8.1908e+01,8.0518e+01,7.8998e+01,7.7900e+01,7.6616e+01,7.6719e+01,7.6155e+01,7.6735e+01,7.6537e+01,7.6322e+01,7.7134e+01,7.6806e+01,7.6047e+01,7.5070e+01,7.5488e+01,7.4686e+01,7.5086e+01,7.4711e+01,7.5539e+01,7.6740e+01,7.7587e+01,7.7766e+01,7.8648e+01,7.9549e+01,8.0192e+01,8.1687e+01,8.1771e+01,8.1353e+01,8.2009e+01,8.3484e+01,8.4161e+01,8.5356e+01,8.6501e+01,8.6991e+01,8.8523e+01,9.0436e+01,9.0994e+01,9.1828e+01,9.4042e+01,9.4575e+01,9.5587e+01,9.4434e+01,9.4281e+01,9.5597e+01,9.5597e+01,9.6776e+01,9.7926e+01,9.9167e+01,1.0063e+02,1.0195e+02,1.0305e+02,1.0441e+02,1.0539e+02,1.0647e+02,1.0710e+02,1.0757e+02,1.0843e+02,1.0947e+02,1.1034e+02,1.1128e+02,1.1230e+02,1.1341e+02,1.1467e+02,1.1572e+02,1.1712e+02,1.1794e+02,1.1877e+02,1.1977e+02,1.2023e+02,1.2085e+02,1.2073e+02,1.2046e+02
8.4238e+01,8.4113e+01,8.4051e+01,8.3946e+01,8.4018e+01,8.3931e+01,8.3706e+01,8.3737e+01,8.3354e+01,8.2944e+01,8.2741e+01,8.2555e+01,8.2534e+01,8.2374e+01,8.2381e+01,8.2468e+01,8.2498e+01,8.2526e+01,8.2592e+01,8.2619e+01,8.2876e+01,8.2816e+01,8.3019e+01,8.2691e+01,8.1978e+01,8.2405e+01,8.2841e+01,8.4037e+01,8.4831e+01,8.4754e+01,8.4741e+01,8.5834e+01,8.7211e+01,8.7939e+01,8.8564e+01,8.8275e+01,8.8934e+01,9.0118e+01,9.0885e+01,9.1928e+01,9.2237e+01,9.2901e+01,9.3556e+01,9.3270e+01,9.2486e+01,9.2589e+01,9.1651e+01,9.1243e+01,9.0943e+01,9.0118e+01,9.0140e+01,8.9755e+01,9.0516e+01,8.9402e+01,8.8714e+01,8.7235e+01,8.5513e+01,8.4285e+01,8.2611e+01,8.2121e+01,8.0732e+01,7.9216e+01,7.8121e+01,7.6841e+01,7.6947e+01,7.6384e+01,7.6961e+01,7.6766e+01,7.6548e+01,7.7356e+01,7.7025e+01,7.6265e+01,7.5290e+01,7.5709e+01,7.4912e+01,7.5315e+01,7.4940e+01,7.5761e+01,7.6956e+01,7.7800e+01,7.7975e+01,7.8852e+01,7.9745e+01,8.0385e+01,8.1873e+01,8.1960e+01,8.1546e+01,8.2203e+01,8.3674e+01,8.4351e+01,8.5538e+01,8.6676e+01,8.7163e+01,8.8688e+01,9.0597e+01,9.1157e+01,9.1990e+01,9.4201e+01,9.4736e+01,9.5748e+01,9.4598e+01,9.4448e+01,9.5766e+01,9.5773e+01,9.6949e+01,9.8099e+01,9.9344e+01,1.0081e+02,1.0212e+02,1.0322e+02,1.0457e+02,1.0555e+02,1.0662e+02,1.0725e+02,1.0773e+02,1.0858e+02,1.0963e+02,1.1049e+02,1.1143e+02,1.1244e+02,1.1355e+02,1.1480e+02,1.1585e+02,1.1725e+02,1.1806e+02,1.1889e+02,1.1990e+02,1.2036e+02,1.2098e+02,1.2086e+02,1.2059e+02
8.4409e+01,8.4282e+01,8.4217e+01,8.4112e+01,8.4181e+01,8.4091e+01,8.3863e+01,8.3892e+01,8.3508e+01,8.3099e+01,8.2897e+01,8.2712e+01,8.2691e+01,8.2530e+01,8.2537e+01,8.2622e+01,8.2652e+01,8.2683e+01,8.2754e+01,8.2783e+01,8.3041e+01,8.2983e+01,8.3187e+01,8.2862e+01,8.2150e+01,8.2575e+01,8.3009e+01,8.4205e+01,8.4999e+01,8.4921e+01,8.4907e+01,8.6000e+01,8.7376e+01,8.8105e+01,8.8732e+01,8.8443e+01,8.9101e+01,9.0283e+01,9.1049e+01,9.2091e+01,9.2399e+01,9.3064e+01,9.3719e+01,9.3432e+01,9.2650e+01,9.2753e+01,9.1816e+01,9.1408e+01,9.1107e+01,9.0282e+01,9.0305e+01,8.9918e+01,9.0680e+01,8.9568e+01,8.8879e+01,8.7401e+01,8.5681e+01,8.4453e+01,8.2780e+01,8.2291e+01,8.0904e+01,7.9388e+01,7.8293e+01,7.7012e+01,7.7117e+01,7.6553e+01,7.7131e+01,7.6936e+01,7.6716e+01,7.7523e+01,7.7190e+01,7.6430e+01,7.5453e+01,7.5870e+01,7.5072e+01,7.5472e+01,7.5094e+01,7.5912e+01,7.7107e+01,7.7946e+01,7.8117e+01,7.8988e+01,7.9874e+01,8.0506e+01,8.1989e+01,8.2073e+01,8.1652e+01,8.2307e+01,8.3773e+01,8.4440e+01,8.5625e+01,8.6766e+01,8.7253e+01,8.8780e+01,9.0683e+01,9.1236e+01,9.2062e+01,9.4270e+01,9.4799e+01,9.5807e+01,9.4656e+01,9.4501e+01,9.5818e+01,9.5823e+01,9.6997e+01,9.8147e+01,9.9392e+01,1.0085e+02,1.0217e+02,1.0327e+02,1.0462e+02,1.0559e+02,1.0667e+02,1.0730e+02,1.0778e+02,1.0863e+02,1.0967e+02,1.1053e+02,1.1147e+02,1.1248e+02,1.1359e+02,1.1484e+02,1.1589e+02,1.1728e+02,1.1810e+02,1.1893e+02,1.1993e+02,1.2039e+02,1.2101e+02,1.2089e+02,1.2062e+02
8.4619e+01,8.4492e+01,8.4427e+01,8.4323e+01,8.4394e+01,8.4305e+01,8.4080e+01,8.4112e+01,8.3727e+01,8.3316e+01,8.3116e+01,8.2931e+01,8.2912e+01,8.2752e+01,8.2762e+01,8.2846e+01,8.2876e+01,8.2909e+01,8.2981e+01,8.3013e+01,8.3268e+01,8.3211e+01,8.3413e+01,8.3087e+01,8.2377e+01,8.2804e+01,8.3237e+01,8.4433e+01,8.5226e+01,8.5147e+01,8.5132e+01,8.6222e+01,8.7595e+01,8.8322e+01,8.8949e+01,8.8663e+01,8.9322e+01,9.0502e+01,9.1271e+01,9.2313e+01,9.2619e+01,9.3286e+01,9.3944e+01,9.3659e+01,9.2878e+01,9.2981e+01,9.2042e+01,9.1634e+01,9.1330e+01,9.0500e+01,9.0518e+01,9.0128e+01,9.0887e+01,8.9776e+01,8.9085e+01,8.7607e+01,8.5889e+01,8.4661e+01,8.2989e+01,8.2501e+01,8.1116e+01,7.9602e+01,7.8510e+01,7.7231e+01,7.7338e+01,7.6776e+01,7.7355e+01,7.7162e+01,7.6943e+01,7.7749e+01,7.7414e+01,7.6654e+01,7.5678e+01,7.6097e+01,7.5302e+01,7.5704e+01,7.5328e+01,7.6143e+01,7.7336e+01,7.8175e+01,7.8345e+01,7.9215e+01,8.0097e+01,8.0726e+01,8.2208e+01,8.2295e+01,8.1875e+01,8.2532e+01,8.3997e+01,8.4661e+01,8.5840e+01,8.6977e+01,8.7460e+01,8.8982e+01,9.0880e+01,9.1430e+01,9.2255e+01,9.4458e+01,9.4987e+01,9.5990e+01,9.4840e+01,9.4686e+01,9.6001e+01,9.6010e+01,9.7184e+01,9.8331e+01,9.9576e+01,1.0103e+02,1.0235e+02,1.0344e+02,1.0479e+02,1.0577e+02,1.0684e+02,1.0748e+02,1.0795e+02,1.0880e+02,1.0984e+02,1.1070e+02,1.1163e+02,1.1265e+02,1.1375e+02,1.1499e+02,1.1604e+02,1.1743e+02,1.1824e+02,1.1907e+02,1.2007e+02,1.2054e+02,1.2115e+02,1.2103e+02,1.2076e+02
8.4795e+01,8.4668e+01,8.4601e+01,8.4496e+01,8.4567e+01,8.4477e+01,8.4252e+01,8.4283e+01,8.3899e+01,8.3487e+01,8.3289e+01,8.3104e+01,8.3086e+01,8.2926e+01,8.2938e+01,8.3019e+01,8.3049e+01,8.3083e+01,8.3157e+01,8.3187e+01,8.3438e+01,8.3380e+01,8.3583e+01,8.3256e+01,8.2547e+01,8.2975e+01,8.3410e+01,8.4603e+01,8.5394e+01,8.5312e+01,8.5294e+01,8.6379e+01,8.7747e+01,8.8472e+01,8.9102e+01,8.8818e+01,8.9482e+01,9.0662e+01,9.1435e+01,9.2475e+01,9.2776e+01,9.3443e+01,9.4104e+01,9.3819e+01,9.3036e+01,9.3136e+01,9.2196e+01,9.1787e+01,9.1480e+01,9.0647e+01,9.0661e+01,9.0270e+01,9.1027e+01,8.9918e+01,8.9227e+01,8.7752e+01,8.6038e+01,8.4813e+01,8.3144e+01,8.2658e+01,8.1277e+01,7.9767e+01,7.8679e+01,7.7406e+01,7.7515e+01,7.6956e+01,7.7535e+01,7.7347e+01,7.7129e+01,7.7935e+01,7.7598e+01,7.6835e+01,7.5863e+01,7.6284e+01,7.5495e+01,7.5901e+01,7.5527e+01,7.6338e+01,7.7525e+01,7.8363e+01,7.8533e+01,7.9402e+01,8.0278e+01,8.0905e+01,8.2381e+01,8.2472e+01,8.2055e+01,8.2715e+01,8.4180e+01,8.4839e+01,8.6010e+01,8.7142e+01,8.7620e+01,8.9136e+01,9.1030e+01,9.1577e+01,9.2403e+01,9.4603e+01,9.5133e+01,9.6133e+01,9.4980e+01,9.4827e+01,9.6140e+01,9.6150e+01,9.7325e+01,9.8469e+01,9.9719e+01,1.0118e+02,1.0249e+02,1.0359e+02,1.0494e+02,1.0591e+02,1.0699e+02,1.0761e+02,1.0808e+02,1.0893e+02,1.0997e+02,1.1083e+02,1.1176e+02,1.1278e+02,1.1388e+02,1.1512e+02,1.1616e+02,1.1755e+02,1.1836e+02,1.1919e+02,1.2020e+02,1.2065e+02,1.2127e+02,1.2115e+02,1.2088e+02
8.4935e+01,8.4806e+01,8.4737e+01,8.4633e+01,8.4702e+01,8.4612e+01,8.4388e+01,8.4419e+01,8.4037e+01,8.3625e+01,8.3429e+01,8.3245e+01,8.3229e+01,8.3069e+01,8.3084e+01,8.3163e+01,8.3192e+01,8.3228e+01,8.3305e+01,8.3338e+01,8.3590e+01,8.3533e+01,8.3736e+01,8.3411e+01,8.2703e+01,8.3133e+01,8.3566e+01,8.4761e+01,8.5554e+01,8.5472e+01,8.5456e+01,8.6538e+01,8.7906e+01,8.8630e+01,8.9260e+01,8.8978e+01,8.9644e+01,9.0824e+01,9.1600e+01,9.2638e+01,9.2937e+01,9.3604e+01,9.4268e+01,9.3981e+01,9.3199e+01,9.3298e+01,9.2355e+01,9.1945e+01,9.1635e+01,9.0801e+01,9.0813e+01,9.0420e+01,9.1175e+01,9.0066e+01,8.9373e+01,8.7896e+01,8.6185e+01,8.4960e+01,8.3294e+01,8.2807e+01,8.1429e+01,7.9921e+01,7.8836e+01,7.7565e+01,7.7676e+01,7.7117e+01,7.7696e+01,7.7510e+01,7.7291e+01,7.8096e+01,7.7755e+01,7.6991e+01,7.6021e+01,7.6442e+01,7.5657e+01,7.6063e+01,7.5690e+01,7.6498e+01,7.7684e+01,7.8521e+01,7.8689e+01,7.9556e+01,8.0430e+01,8.1054e+01,8.2530e+01,8.2623e+01,8.2204e+01,8.2867e+01,8.4332e+01,8.4988e+01,8.6156e+01,8.7289e+01,8.7765e+01,8.9280e+01,9.1171e+01,9.1715e+01,9.2540e+01,9.4737e+01,9.5267e+01,9.6266e+01,9.5115e+01,9.4962e+01,9.6275e+01,9.6289e+01,9.7462e+01,9.8606e+01,9.9859e+01,1.0132e+02,1.0263e+02,1.0372e+02,1.0508e+02,1.0605e+02,1.0712e+02,1.0775e+02,1.0822e+02,1.0906e+02,1.1010e+02,1.1096e+02,1.1190e+02,1.1291e+02,1.1401e+02,1.1525e+02,1.1629e+02,1.1768e+02,1.1849e+02,1.1932e+02,1.2032e+02,1.2078e+02,1.2139e+02,1.2127e+02,1.2100e+02
8.5045e+01,8.4914e+01,8.4845e+01,8.4740e+01,8.4810e+01,8.4721e+01,8.4498e+01,8.4530e+01,8.4146e+01,8.3737e+01,8.3541e+01,8.3359e+01,8.3345e+01,8.3184e+01,8.3198e+01,8.3276e+01,8.3305e+01,8.3339e+01,8.3417e+01,8.3451e+01,8.3699e+01,8.3640e+01,8.3842e+01,8.3516e+01,8.2805e+01,8.3234e+01,8.3668e+01,8.4863e+01,8.5651e+01,8.5566e+01,8.5548e+01,8.6628e+01,8.7994e+01,8.8720e+01,8.9351e+01,8.9072e+01,8.9740e+01,9.0923e+01,9.1702e+01,9.2742e+01,9.3038e+01,9.3707e+01,9.4374e+01,9.4090e+01,9.3308e+01,9.3406e+01,9.2463e+01,9.2054e+01,9.1743e+01,9.0909e+01,9.0918e+01,9.0524e+01,9.1276e+01,9.0166e+01,8.9474e+01,8.7996e+01,8.6288e+01,8.5064e+01,8.3399e+01,8.2909e+01,8.1531e+01,8.0025e+01,7.8940e+01,7.7673e+01,7.7785e+01,7.7225e+01,7.7801e+01,7.7616e+01,7.7394e+01,7.8197e+01,7.7854e+01,7.7089e+01,7.6121e+01,7.6543e+01,7.5761e+01,7.6168e+01,7.5795e+01,7.6599e+01,7.7780e+01,7.8616e+01,7.8782e+01,7.9647e+01,8.0516e+01,8.1140e+01,8.2614e+01,8.2710e+01,8.2295e+01,8.2961e+01,8.4426e+01,8.5082e+01,8.6245e+01,8.7373e+01,8.7849e+01,8.9361e+01,9.1250e+01,9.1795e+01,9.2621e+01,9.4819e+01,9.5351e+01,9.6353e+01,9.5202e+01,9.5052e+01,9.6366e+01,9.6383e+01,9.7556e+01,9.8700e+01,9.9955e+01,1.0142e+02,1.0273e+02,1.0382e+02,1.0517e+02,1.0614e+02,1.0721e+02,1.0783e+02,1.0830e+02,1.0914e+02,1.1018e+02,1.1103e+02,1.1197e+02,1.1298e+02,1.1408e+02,1.1532e+02,1.1636e+02,1.1774e+02,1.1855e+02,1.1937e+02,1.2037e+02,1.2083e+02,1.2144e+02,1.2132e+02,1.2105e+02
8.5218e+01,8.5084e+01,8.5015e+01,8.4911e+01,8.4982e+01,8.4895e+01,8.4676e+01,8.4711e+01,8.4327e+01,8.3920e+01,8.3724e+01,8.3545e+01,8.3530e+01,8.3368e+01,8.3378e+01,8.3452e+01,8.3479e+01,8.3513e+01,8.3592e+01,8.3626e+01,8.3873e+01,8.3813e+01,8.4014e+01,8.3688e+01,8.2972e+01,8.3399e+01,8.3833e+01,8.5026e+01,8.5811e+01,8.5724e+01,8.5703e+01,8.6782e+01,8.8146e+01,8.8874e+01,8.9505e+01,8.9229e+01,8.9899e+01,9.1081e+01,9.1860e+01,9.2899e+01,9.3194e+01,9.3863e+01,9.4529e+01,9.4247e+01,9.3468e+01,9.3566e+01,9.2626e+01,9.2218e+01,9.1906e+01,9.1074e+01,9.1081e+01,9.0689e+01,9.1439e+01,9.0331e+01,8.9641e+01,8.8165e+01,8.6458e+01,8.5237e+01,8.3573e+01,8.3083e+01,8.1705e+01,8.0203e+01,7.9120e+01,7.7855e+01,7.7967e+01,7.7407e+01,7.7981e+01,7.7797e+01,7.7575e+01,7.8375e+01,7.8031e+01,7.7267e+01,7.6301e+01,7.6721e+01,7.5942e+01,7.6350e+01,7.5976e+01,7.6775e+01,7.7953e+01,7.8786e+01,7.8950e+01,7.9812e+01,8.0678e+01,8.1298e+01,8.2771e+01,8.2869e+01,8.2456e+01,8.3124e+01,8.4589e+01,8.5245e+01,8.6406e+01,8.7531e+01,8.8006e+01,8.9516e+01,9.1402e+01,9.1948e+01,9.2772e+01,9.4967e+01,9.5500e+01,9.6502e+01,9.5353e+01,9.5203e+01,9.6519e+01,9.6538e+01,9.7708e+01,9.8853e+01,1.0011e+02,1.0157e+02,1.0288e+02,1.0397e+02,1.0532e+02,1.0628e+02,1.0735e+02,1.0797e+02,1.0844e+02,1.0928e+02,1.1032e+02,1.1117e+02,1.1210e+02,1.1312e+02,1.1422e+02,1.1545e+02,1.1649e+02,1.1787e+02,1.1867e+02,1.1950e+02,1.2049e+02,1.2095e+02,1.2156e+02,1.2144e+02,1.2117e+02
8.5399e+01,8.5265e+01,8.5195e+01,8.5091e+01,8.5162e+01,8.5074e+01,8.4854e+01,8.4889e+01,8.4508e+01,8.4102e+01,8.3909e+01,8.3729e+01,8.3716e+01,8.3553e+01,8.3564e+01,8.3639e+01,8.3667e+01,8.3702e+01,8.3784e+01,8.3822e+01,8.4069e+01,8.4007e+01,8.4206e+01,8.3880e+01,8.3161e+01,8.3588e+01,8.4023e+01,8.5217e+01,8.6000e+01,8.5912e+01,8.5891e+01,8.6969e+01,8.8336e+01,8.9062e+01,8.9693e+01,8.9414e+01,9.0084e+01,9.1266e+01,9.2046e+01,9.3086e+01,9.3381e+01,9.4053e+01,9.4720e+01,9.4442e+01,9.3663e+01,9.3762e+01,9.2821e+01,9.2414e+01,9.2099e+01,9.1266e+01,9.1268e+01,9.0873e+01,9.1620e+01,9.0513e+01,8.9820e+01,8.8343e+01,8.6639e+01,8.5417e+01,8.3756e+01,8.3265e+01,8.1890e+01,8.0388e+01,7.9307e+01,7.8044e+01,7.8157e+01,7.7597e+01,7.8171e+01,7.7988e+01,7.7766e+01,7.8567e+01,7.8222e+01,7.7457e+01,7.6490e+01,7.6912e+01,7.6133e+01,7.6542e+01,7.6167e+01,7.6966e+01,7.8146e+01,7.8981e+01,7.9144e+01,8.0008e+01,8.0872e+01,8.1492e+01,8.2969e+01,8.3071e+01,8.2655e+01,8.3328e+01,8.4796e+01,8.5446e+01,8.6604e+01,8.7731e+01,8.8203e+01,8.9715e+01,9.1601e+01,9.2143e+01,9.2967e+01,9.5162e+01,9.5691e+01,9.6689e+01,9.5534e+01,9.5380e+01,9.6694e+01,9.6715e+01,9.7884e+01,9.9027e+01,1.0028e+02,1.0173e+02,1.0304e+02,1.0413e+02,1.0547e+02,1.0644e+02,1.0750e+02,1.0812e+02,1.0859e+02,1.0943e+02,1.1047e+02,1.1132e+02,1.1225e+02,1.1326e+02,1.1436e+02,1.1559e+02,1.1663e+02,1.1800e+02,1.1880e+02,1.1963e+02,1.2062e+02,1.2107e+02,1.2168e+02,1.2156e+02,1.2129e+02
8.5529e+01,8.5396e+01,8.5326e+01,8.5220e+01,8.5288e+01,8.5199e+01,8.4975e+01,8.5008e+01,8.4630e+01,8.4228e+01,8.4037e+01,8.3858e+01,8.3845e+01,8.3679e+01,8.3691e+01,8.3764e+01,8.3794e+01,8.3831e+01,8.3916e+01,8.3959e+01,8.4207e+01,8.4146e+01,8.4342e+01,8.4015e+01,8.3291e+01,8.3718e+01,8.4154e+01,8.5350e+01,8.6134e+01,8.6047e+01,8.6025e+01,8.7103e+01,8.8470e+01,8.9195e+01,8.9824e+01,8.9544e+01,9.0214e+01,9.1398e+01,9.2181e+01,9.3222e+01,9.3517e+01,9.4189e+01,9.4856e+01,9.4580e+01,9.3803e+01,9.3903e+01,9.2963e+01,9.2557e+01,9.2242e+01,9.1408e+01,9.1408e+01,9.1012e+01,9.1757e+01,9.0650e+01,8.9956e+01,8.8479e+01,8.6780e+01,8.5559e+01,8.3900e+01,8.3407e+01,8.2034e+01,8.0534e+01,7.9453e+01,7.8191e+01,7.8304e+01,7.7742e+01,7.8311e+01,7.8129e+01,7.7902e+01,7.8698e+01,7.8349e+01,7.7586e+01,7.6618e+01,7.7037e+01,7.6261e+01,7.6669e+01,7.6292e+01,7.7085e+01,7.8262e+01,7.9091e+01,7.9248e+01,8.0107e+01,8.0963e+01,8.1577e+01,8.3051e+01,8.3155e+01,8.2737e+01,8.3413e+01,8.4879e+01,8.5524e+01,8.6675e+01,8.7800e+01,8.8268e+01,8.9779e+01,9.1663e+01,9.2204e+01,9.3028e+01,9.5224e+01,9.5752e+01,9.6749e+01,9.5594e+01,9.5441e+01,9.6759e+01,9.6788e+01,9.7961e+01,9.9108e+01,1.0036e+02,1.0181e+02,1.0312e+02,1.0422e+02,1.0555e+02,1.0652e+02,1.0758e+02,1.0820e+02,1.0867e+02,1.0951e+02,1.1055e+02,1.1140e+02,1.1234e+02,1.1335e+02,1.1445e+02,1.1568e+02,1.1672e+02,1.1809e+02,1.1889e+02,1.1971e+02,1.2071e+02,1.2116e+02,1.2177e+02,1.2164e+02,1.2137e+02
8.5782e+01,8.5648e+01,8.5574e+01,8.5466e+01,8.5530e+01,8.5437e+01,8.5213e+01,8.5242e+01,8.4864e+01,8.4468e+01,8.4277e+01,8.4100e+01,8.4091e+01,8.3924e+01,8.3938e+01,8.4009e+01,8.4041e+01,8.4080e+01,8.4167e+01,8.4214e+01,8.4463e+01,8.4405e+01,8.4600e+01,8.4276e+01,8.3550e+01,8.3979e+01,8.4420e+01,8.5620e+01,8.6403e+01,8.6312e+01,8.6289e+01,8.7361e+01,8.8726e+01,8.9451e+01,9.0081e+01,8.9802e+01,9.0475e+01,9.1660e+01,9.2446e+01,9.3486e+01,9.3778e+01,9.4450e+01,9.5118e+01,9.4842e+01,9.4065e+01,9.4163e+01,9.3220e+01,9.2813e+01,9.2495e+01,9.1660e+01,9.1658e+01,9.1260e+01,9.2002e+01,9.0895e+01,9.0200e+01,8.8723e+01,8.7027e+01,8.5805e+01,8.4147e+01,8.3651e+01,8.2278e+01,8.0779e+01,7.9699e+01,7.8442e+01,7.8559e+01,7.7997e+01,7.8564e+01,7.8384e+01,7.8152e+01,7.8943e+01,7.8589e+01,7.7822e+01,7.6854e+01,7.7276e+01,7.6506e+01,7.6917e+01,7.6537e+01,7.7324e+01,7.8498e+01,7.9324e+01,7.9475e+01,8.0329e+01,8.1175e+01,8.1782e+01,8.3249e+01,8.3357e+01,8.2939e+01,8.3620e+01,8.5083e+01,8.5718e+01,8.6855e+01,8.7974e+01,8.8433e+01,8.9938e+01,9.1812e+01,9.2345e+01,9.3166e+01,9.5355e+01,9.5880e+01,9.6869e+01,9.5713e+01,9.5559e+01,9.6871e+01,9.6905e+01,9.8074e+01,9.9218e+01,1.0046e+02,1.0192e+02,1.0322e+02,1.0431e+02,1.0564e+02,1.0660e+02,1.0766e+02,1.0828e+02,1.0875e+02,1.0959e+02,1.1062e+02,1.1147e+02,1.1241e+02,1.1341e+02,1.1451e+02,1.1574e+02,1.1677e+02,1.1815e+02,1.1894e+02,1.1976e+02,1.2076e+02,1.2121e+02,1.2182e+02,1.2170e+02,1.2143e+02
8.6087e+01,8.5952e+01,8.5874e+01,8.5763e+01,8.5826e+01,8.5734e+01,8.5509e+01,8.5534e+01,8.5155e+01,8.4760e+01,8.4570e+01,8.4396e+01,8.4390e+01,8.4224e+01,8.4238e+01,8.4307e+01,8.4340e+01,8.4378e+01,8.4467e+01,8.4515e+01,8.4764e+01,8.4706e+01,8.4900e+01,8.4575e+01,8.3846e+01,8.4273e+01,8.4715e+01,8.5915e+01,8.6697e+01,8.6607e+01,8.6584e+01,8.7653e+01,8.9016e+01,8.9740e+01,9.0369e+01,9.0092e+01,9.0763e+01,9.1949e+01,9.2736e+01,9.3777e+01,9.4069e+01,9.4743e+01,9.5411e+01,9.5139e+01,9.4365e+01,9.4463e+01,9.3522e+01,9.3116e+01,9.2799e+01,9.1961e+01,9.1956e+01,9.1558e+01,9.2298e+01,9.1191e+01,9.0495e+01,8.9018e+01,8.7326e+01,8.6105e+01,8.4448e+01,8.3950e+01,8.2579e+01,8.1082e+01,8.0004e+01,7.8750e+01,7.8870e+01,7.8306e+01,7.8869e+01,7.8692e+01,7.8456e+01,7.9242e+01,7.8883e+01,7.8117e+01,7.7150e+01,7.7571e+01,7.6805e+01,7.7217e+01,7.6836e+01,7.7616e+01,7.8786e+01,7.9608e+01,7.9755e+01,8.0605e+01,8.1444e+01,8.2045e+01,8.3507e+01,8.3617e+01,8.3198e+01,8.3880e+01,8.5340e+01,8.5967e+01,8.7096e+01,8.8210e+01,8.8664e+01,9.0164e+01,9.2028e+01,9.2555e+01,9.3373e+01,9.5553e+01,9.6075e+01,9.7058e+01,9.5901e+01,9.5745e+01,9.7053e+01,9.7091e+01,9.8257e+01,9.9398e+01,1.0064e+02,1.0209e+02,1.0339e+02,1.0448e+02,1.0580e+02,1.0675e+02,1.0781e+02,1.0842e+02,1.0889e+02,1.0973e+02,1.1076e+02,1.1160e+02,1.1254e+02,1.1354e+02,1.1464e+02,1.1586e+02,1.1689e+02,1.1826e+02,1.1906e+02,1.1987e+02,1.2087e+02,1.2132e+02,1.2193e+02,1.2180e+02,1.2153e+02
8.6248e+01,8.6113e+01,8.6036e+01,8.5924e+01,8.5987e+01,8.5894e+01,8.5668e+01,8.5689e+01,8.5307e+01,8.4916e+01,8.4722e+01,8.4551e+01,8.4548e+01,8.4385e+01,8.4401e+01,8.4468e+01,8.4502e+01,8.4541e+01,8.4633e+01,8.4685e+01,8.4936e+01,8.4878e+01,8.5070e+01,8.4747e+01,8.4016e+01,8.4442e+01,8.4885e+01,8.6085e+01,8.6865e+01,8.6775e+01,8.6750e+01,8.7818e+01,8.9178e+01,8.9906e+01,9.0536e+01,9.0262e+01,9.0934e+01,9.2119e+01,9.2908e+01,9.3948e+01,9.4240e+01,9.4912e+01,9.5578e+01,9.5307e+01,9.4533e+01,9.4630e+01,9.3689e+01,9.3282e+01,9.2965e+01,9.2128e+01,9.2124e+01,9.1728e+01,9.2467e+01,9.1358e+01,9.0663e+01,8.9186e+01,8.7494e+01,8.6273e+01,8.4618e+01,8.4120e+01,8.2750e+01,8.1255e+01,8.0179e+01,7.8928e+01,7.9048e+01,7.8485e+01,7.9046e+01,7.8868e+01,7.8631e+01,7.9412e+01,7.9052e+01,7.8288e+01,7.7322e+01,7.7741e+01,7.6976e+01,7.7387e+01,7.7004e+01,7.7781e+01,7.8947e+01,7.9763e+01,7.9907e+01,8.0750e+01,8.1585e+01,8.2180e+01,8.3635e+01,8.3742e+01,8.3322e+01,8.4003e+01,8.5458e+01,8.6082e+01,8.7204e+01,8.8315e+01,8.8767e+01,9.0265e+01,9.2124e+01,9.2648e+01,9.3463e+01,9.5639e+01,9.6158e+01,9.7140e+01,9.5988e+01,9.5837e+01,9.7143e+01,9.7184e+01,9.8350e+01,9.9492e+01,1.0073e+02,1.0218e+02,1.0348e+02,1.0457e+02,1.0589e+02,1.0684e+02,1.0789e+02,1.0850e+02,1.0897e+02,1.0981e+02,1.1084e+02,1.1168e+02,1.1262e+02,1.1362e+02,1.1471e+02,1.1593e+02,1.1696e+02,1.1833e+02,1.1913e+02,1.1995e+02,1.2094e+02,1.2139e+02,1.2200e+02,1.2188e+02,1.2161e+02
8.6477e+01,8.6340e+01,8.6260e+01,8.6146e+01,8.6208e+01,8.6117e+01,8.5892e+01,8.5915e+01,8.5535e+01,8.5143e+01,8.4951e+01,8.4783e+01,8.4785e+01,8.4623e+01,8.4644e+01,8.4709e+01,8.4745e+01,8.4783e+01,8.4877e+01,8.4933e+01,8.5188e+01,8.5134e+01,8.5330e+01,8.5007e+01,8.4276e+01,8.4699e+01,8.5140e+01,8.6337e+01,8.7116e+01,8.7029e+01,8.7005e+01,8.8072e+01,8.9428e+01,9.0156e+01,9.0784e+01,9.0514e+01,9.1184e+01,9.2367e+01,9.3156e+01,9.4194e+01,9.4486e+01,9.5153e+01,9.5814e+01,9.5541e+01,9.4768e+01,9.4862e+01,9.3925e+01,9.3517e+01,9.3203e+01,9.2368e+01,9.2366e+01,9.1973e+01,9.2715e+01,9.1609e+01,9.0918e+01,8.9444e+01,8.7753e+01,8.6536e+01,8.4885e+01,8.4392e+01,8.3023e+01,8.1533e+01,8.0459e+01,7.9210e+01,7.9328e+01,7.8766e+01,7.9324e+01,7.9145e+01,7.8907e+01,7.9684e+01,7.9325e+01,7.8564e+01,7.7601e+01,7.8016e+01,7.7252e+01,7.7658e+01,7.7275e+01,7.8048e+01,7.9210e+01,8.0019e+01,8.0159e+01,8.0992e+01,8.1822e+01,8.2409e+01,8.3855e+01,8.3955e+01,8.3529e+01,8.4203e+01,8.5648e+01,8.6265e+01,8.7385e+01,8.8496e+01,8.8949e+01,9.0443e+01,9.2293e+01,9.2813e+01,9.3621e+01,9.5788e+01,9.6302e+01,9.7277e+01,9.6125e+01,9.5968e+01,9.7268e+01,9.7308e+01,9.8467e+01,9.9604e+01,1.0084e+02,1.0229e+02,1.0358e+02,1.0466e+02,1.0597e+02,1.0692e+02,1.0796e+02,1.0858e+02,1.0905e+02,1.0988e+02,1.1091e+02,1.1174e+02,1.1267e+02,1.1367e+02,1.1476e+02,1.1598e+02,1.1701e+02,1.1838e+02,1.1917e+02,1.1999e+02,1.2098e+02,1.2143e+02,1.2204e+02,1.2192e+02,1.2165e+02
8.6750e+01,8.6614e+01,8.6525e+01,8.6402e+01,8.6461e+01,8.6366e+01,8.6139e+01,8.6161e+01,8.5786e+01,8.5392e+01,8.5201e+01,8.5032e+01,8.5030e+01,8.4868e+01,8.4891e+01,8.4954e+01,8.4990e+01,8.5032e+01,8.5130e+01,8.5192e+01,8.5451e+01,8.5402e+01,8.5601e+01,8.5281e+01,8.4555e+01,8.4978e+01,8.5417e+01,8.6612e+01,8.7397e+01,8.7312e+01,8.7296e+01,8.8361e+01,8.9715e+01,9.0441e+01,9.1064e+01,9.0791e+01,9.1456e+01,9.2633e+01,9.3417e+01,9.4452e+01,9.4742e+01,9.5404e+01,9.6058e+01,9.5782e+01,9.5008e+01,9.5101e+01,9.4168e+01,9.3758e+01,9.3448e+01,9.2616e+01,9.2619e+01,9.2231e+01,9.2978e+01,9.1877e+01,9.1190e+01,8.9723e+01,8.8032e+01,8.6820e+01,8.5170e+01,8.4683e+01,8.3313e+01,8.1826e+01,8.0754e+01,7.9503e+01,7.9617e+01,7.9058e+01,7.9615e+01,7.9433e+01,7.9196e+01,7.9972e+01,7.9616e+01,7.8858e+01,7.7895e+01,7.8308e+01,7.7543e+01,7.7948e+01,7.7565e+01,7.8340e+01,7.9501e+01,8.0307e+01,8.0447e+01,8.1279e+01,8.2109e+01,8.2695e+01,8.4138e+01,8.4234e+01,8.3807e+01,8.4476e+01,8.5917e+01,8.6535e+01,8.7658e+01,8.8769e+01,8.9225e+01,9.0716e+01,9.2563e+01,9.3082e+01,9.3887e+01,9.6051e+01,9.6562e+01,9.7535e+01,9.6385e+01,9.6225e+01,9.7526e+01,9.7569e+01,9.8723e+01,9.9858e+01,1.0109e+02,1.0254e+02,1.0382e+02,1.0489e+02,1.0620e+02,1.0714e+02,1.0818e+02,1.0880e+02,1.0926e+02,1.1010e+02,1.1112e+02,1.1195e+02,1.1289e+02,1.1388e+02,1.1497e+02,1.1618e+02,1.1721e+02,1.1857e+02,1.1936e+02,1.2018e+02,1.2117e+02,1.2161e+02,1.2222e+02,1.2210e+02,1.2183e+02
8.6970e+01,8.6848e+01,8.6765e+01,8.6635e+01,8.6700e+01,8.6612e+01,8.6383e+01,8.6412e+01,8.6042e+01,8.5644e+01,8.5455e+01,8.5284e+01,8.5287e+01,8.5124e+01,8.5150e+01,8.5208e+01,8.5242e+01,8.5281e+01,8.5376e+01,8.5442e+01,8.5702e+01,8.5654e+01,8.5854e+01,8.5528e+01,8.4801e+01,8.5217e+01,8.5654e+01,8.6844e+01,8.7626e+01,8.7539e+01,8.7519e+01,8.8584e+01,8.9936e+01,9.0663e+01,9.1289e+01,9.1017e+01,9.1681e+01,9.2859e+01,9.3643e+01,9.4676e+01,9.4967e+01,9.5628e+01,9.6277e+01,9.6003e+01,9.5230e+01,9.5323e+01,9.4395e+01,9.3987e+01,9.3678e+01,9.2848e+01,9.2849e+01,9.2464e+01,9.3211e+01,9.2113e+01,9.1428e+01,8.9964e+01,8.8275e+01,8.7066e+01,8.5419e+01,8.4934e+01,8.3567e+01,8.2083e+01,8.1013e+01,7.9763e+01,7.9875e+01,7.9316e+01,7.9871e+01,7.9687e+01,7.9449e+01,8.0224e+01,7.9867e+01,7.9111e+01,7.8148e+01,7.8557e+01,7.7793e+01,7.8194e+01,7.7808e+01,7.8577e+01,7.9737e+01,8.0536e+01,8.0670e+01,8.1492e+01,8.2314e+01,8.2891e+01,8.4325e+01,8.4416e+01,8.3984e+01,8.4647e+01,8.6078e+01,8.6686e+01,8.7806e+01,8.8915e+01,8.9372e+01,9.0861e+01,9.2696e+01,9.3210e+01,9.4004e+01,9.6156e+01,9.6660e+01,9.7625e+01,9.6479e+01,9.6316e+01,9.7609e+01,9.7650e+01,9.8801e+01,9.9928e+01,1.0116e+02,1.0260e+02,1.0388e+02,1.0495e+02,1.0625e+02,1.0719e+02,1.0823e+02,1.0884e+02,1.0931e+02,1.1015e+02,1.1116e+02,1.1199e+02,1.1292e+02,1.1392e+02,1.1501e+02,1.1622e+02,1.1724e+02,1.1860e+02,1.1939e+02,1.2020e+02,1.2119e+02,1.2163e+02,1.2224e+02,1.2212e+02,1.2185e+02
8.7119e+01,8.7002e+01,8.6912e+01,8.6765e+01,8.6823e+01,8.6736e+01,8.6498e+01,8.6528e+01,8.6160e+01,8.5761e+01,8.5576e+01,8.5404e+01,8.5406e+01,8.5242e+01,8.5270e+01,8.5328e+01,8.5362e+01,8.5402e+01,8.5498e+01,8.5565e+01,8.5824e+01,8.5776e+01,8.5976e+01,8.5644e+01,8.4916e+01,8.5328e+01,8.5759e+01,8.6949e+01,8.7733e+01,8.7650e+01,8.7631e+01,8.8699e+01,9.0053e+01,9.0783e+01,9.1408e+01,9.1136e+01,9.1801e+01,9.2980e+01,9.3766e+01,9.4800e+01,9.5091e+01,9.5750e+01,9.6397e+01,9.6123e+01,9.5348e+01,9.5442e+01,9.4516e+01,9.4107e+01,9.3800e+01,9.2972e+01,9.2975e+01,9.2592e+01,9.3340e+01,9.2241e+01,9.1559e+01,9.0094e+01,8.8404e+01,8.7198e+01,8.5551e+01,8.5068e+01,8.3698e+01,8.2216e+01,8.1141e+01,7.9888e+01,7.9996e+01,7.9434e+01,7.9986e+01,7.9798e+01,7.9557e+01,8.0329e+01,7.9971e+01,7.9216e+01,7.8250e+01,7.8654e+01,7.7887e+01,7.8285e+01,7.7893e+01,7.8657e+01,7.9816e+01,8.0609e+01,8.0735e+01,8.1549e+01,8.2362e+01,8.2930e+01,8.4357e+01,8.4447e+01,8.4011e+01,8.4673e+01,8.6098e+01,8.6698e+01,8.7811e+01,8.8921e+01,8.9375e+01,9.0863e+01,9.2691e+01,9.3198e+01,9.3985e+01,9.6131e+01,9.6628e+01,9.7587e+01,9.6442e+01,9.6277e+01,9.7566e+01,9.7607e+01,9.8758e+01,9.9882e+01,1.0111e+02,1.0255e+02,1.0383e+02,1.0490e+02,1.0620e+02,1.0713e+02,1.0817e+02,1.0879e+02,1.0926e+02,1.1010e+02,1.1111e+02,1.1193e+02,1.1287e+02,1.1386e+02,1.1495e+02,1.1616e+02,1.1719e+02,1.1855e+02,1.1934e+02,1.2015e+02,1.2113e+02,1.2158e+02,1.2219e+02,1.2206e+02,1.2179e+02
8.7387e+01,8.7282e+01,8.7197e+01,8.7044e+01,8.7098e+01,8.7015e+01,8.6765e+01,8.6796e+01,8.6431e+01,8.6027e+01,8.5842e+01,8.5665e+01,8.5665e+01,8.5496e+01,8.5525e+01,8.5576e+01,8.5608e+01,8.5647e+01,8.5742e+01,8.5814e+01,8.6070e+01,8.6025e+01,8.6223e+01,8.5891e+01,8.5162e+01,8.5569e+01,8.5998e+01,8.7183e+01,8.7968e+01,8.7886e+01,8.7869e+01,8.8935e+01,9.0287e+01,9.1014e+01,9.1640e+01,9.1368e+01,9.2033e+01,9.3212e+01,9.3998e+01,9.5031e+01,9.5321e+01,9.5979e+01,9.6622e+01,9.6350e+01,9.5576e+01,9.5670e+01,9.4748e+01,9.4338e+01,9.4032e+01,9.3207e+01,9.3209e+01,9.2828e+01,9.3575e+01,9.2477e+01,9.1795e+01,9.0333e+01,8.8646e+01,8.7444e+01,8.5800e+01,8.5319e+01,8.3952e+01,8.2472e+01,8.1398e+01,8.0146e+01,8.0254e+01,7.9691e+01,8.0241e+01,8.0053e+01,7.9810e+01,8.0581e+01,8.0222e+01,7.9467e+01,7.8499e+01,7.8902e+01,7.8138e+01,7.8538e+01,7.8144e+01,7.8904e+01,8.0060e+01,8.0852e+01,8.0974e+01,8.1787e+01,8.2593e+01,8.3157e+01,8.4581e+01,8.4675e+01,8.4240e+01,8.4905e+01,8.6329e+01,8.6926e+01,8.8029e+01,8.9131e+01,8.9578e+01,9.1060e+01,9.2882e+01,9.3386e+01,9.4170e+01,9.6308e+01,9.6800e+01,9.7750e+01,9.6607e+01,9.6440e+01,9.7723e+01,9.7769e+01,9.8923e+01,1.0004e+02,1.0126e+02,1.0270e+02,1.0396e+02,1.0503e+02,1.0633e+02,1.0726e+02,1.0830e+02,1.0891e+02,1.0939e+02,1.1022e+02,1.1124e+02,1.1205e+02,1.1299e+02,1.1398e+02,1.1507e+02,1.1628e+02,1.1730e+02,1.1866e+02,1.1944e+02,1.2025e+02,1.2123e+02,1.2167e+02,1.2228e+02,1.2216e+02,1.2189e+02
8.7560e+01,8.7464e+01,8.7386e+01,8.7237e+01,8.7291e+01,8.7218e+01,8.6968e+01,8.6998e+01,8.6627e+01,8.6216e+01,8.6024e+01,8.5844e+01,8.5845e+01,8.5671e+01,8.5700e+01,8.5747e+01,8.5779e+01,8.5817e+01,8.5910e+01,8.5982e+01,8.6236e+01,8.6190e+01,8.6387e+01,8.6055e+01,8.5327e+01,8.5730e+01,8.6156e+01,8.7338e+01,8.8122e+01,8.8042e+01,8.8024e+01,8.9089e+01,9.0435e+01,9.1161e+01,9.1786e+01,9.1514e+01,9.2180e+01,9.3359e+01,9.4145e+01,9.5175e+01,9.5468e+01,9.6125e+01,9.6766e+01,9.6496e+01,9.5725e+01,9.5818e+01,9.4899e+01,9.4491e+01,9.4185e+01,9.3361e+01,9.3362e+01,9.2981e+01,9.3727e+01,9.2631e+01,9.1950e+01,9.0489e+01,8.8807e+01,8.7608e+01,8.5970e+01,8.5492e+01,8.4131e+01,8.2657e+01,8.1587e+01,8.0340e+01,8.0445e+01,7.9889e+01,8.0440e+01,8.0251e+01,8.0013e+01,8.0785e+01,8.0429e+01,7.9677e+01,7.8714e+01,7.9117e+01,7.8356e+01,7.8755e+01,7.8366e+01,7.9125e+01,8.0277e+01,8.1068e+01,8.1193e+01,8.2006e+01,8.2811e+01,8.3376e+01,8.4798e+01,8.4895e+01,8.4464e+01,8.5130e+01,8.6552e+01,8.7152e+01,8.8250e+01,8.9344e+01,8.9786e+01,9.1260e+01,9.3078e+01,9.3583e+01,9.4369e+01,9.6501e+01,9.6993e+01,9.7941e+01,9.6801e+01,9.6638e+01,9.7918e+01,9.7965e+01,9.9120e+01,1.0023e+02,1.0144e+02,1.0288e+02,1.0414e+02,1.0521e+02,1.0650e+02,1.0743e+02,1.0847e+02,1.0909e+02,1.0956e+02,1.1040e+02,1.1141e+02,1.1223e+02,1.1316e+02,1.1415e+02,1.1524e+02,1.1645e+02,1.1748e+02,1.1883e+02,1.1961e+02,1.2042e+02,1.2140e+02,1.2184e+02,1.2245e+02,1.2233e+02,1.2206e+02
8.7870e+01,8.7771e+01,8.7686e+01,8.7525e+01,8.7562e+01,8.7484e+01,8.7221e+01,8.7249e+01,8.6879e+01,8.6461e+01,8.6271e+01,8.6084e+01,8.6082e+01,8.5903e+01,8.5931e+01,8.5973e+01,8.6004e+01,8.6040e+01,8.6132e+01,8.6207e+01,8.6459e+01,8.6413e+01,8.6609e+01,8.6275e+01,8.5545e+01,8.5945e+01,8.6372e+01,8.7552e+01,8.8333e+01,8.8252e+01,8.8230e+01,8.9294e+01,9.0641e+01,9.1367e+01,9.1995e+01,9.1723e+01,9.2390e+01,9.3571e+01,9.4363e+01,9.5394e+01,9.5684e+01,9.6343e+01,9.6986e+01,9.6718e+01,9.5948e+01,9.6040e+01,9.5118e+01,9.4709e+01,9.4398e+01,9.3572e+01,9.3569e+01,9.3185e+01,9.3926e+01,9.2829e+01,9.2147e+01,9.0688e+01,8.9011e+01,8.7815e+01,8.6179e+01,8.5700e+01,8.4343e+01,8.2872e+01,8.1804e+01,8.0562e+01,8.0670e+01,8.0115e+01,8.0665e+01,8.0481e+01,8.0243e+01,8.1015e+01,8.0656e+01,7.9901e+01,7.8940e+01,7.9347e+01,7.8594e+01,7.8999e+01,7.8613e+01,7.9365e+01,8.0511e+01,8.1303e+01,8.1427e+01,8.2240e+01,8.3037e+01,8.3601e+01,8.5021e+01,8.5128e+01,8.4705e+01,8.5379e+01,8.6801e+01,8.7399e+01,8.8481e+01,8.9564e+01,8.9994e+01,9.1459e+01,9.3270e+01,9.3769e+01,9.4558e+01,9.6680e+01,9.7173e+01,9.8113e+01,9.6974e+01,9.6815e+01,9.8087e+01,9.8138e+01,9.9291e+01,1.0039e+02,1.0160e+02,1.0303e+02,1.0428e+02,1.0534e+02,1.0663e+02,1.0756e+02,1.0859e+02,1.0921e+02,1.0968e+02,1.1052e+02,1.1152e+02,1.1234e+02,1.1327e+02,1.1426e+02,1.1535e+02,1.1655e+02,1.1758e+02,1.1893e+02,1.1971e+02,1.2051e+02,1.2149e+02,1.2193e+02,1.2254e+02,1.2241e+02,1.2214e+02
8.8151e+01,8.8037e+01,8.7942e+01,8.7774e+01,8.7801e+01,8.7724e+01,8.7462e+01,8.7488e+01,8.7110e+01,8.6688e+01,8.6496e+01,8.6308e+01,8.6309e+01,8.6131e+01,8.6158e+01,8.6201e+01,8.6231e+01,8.6268e+01,8.6362e+01,8.6437e+01,8.6689e+01,8.6644e+01,8.6839e+01,8.6504e+01,8.5776e+01,8.6177e+01,8.6603e+01,8.7785e+01,8.8565e+01,8.8487e+01,8.8466e+01,8.9530e+01,9.0876e+01,9.1605e+01,9.2231e+01,9.1961e+01,9.2628e+01,9.3807e+01,9.4601e+01,9.5632e+01,9.5922e+01,9.6584e+01,9.7228e+01,9.6962e+01,9.6193e+01,9.6285e+01,9.5362e+01,9.4952e+01,9.4638e+01,9.3809e+01,9.3804e+01,9.3419e+01,9.4155e+01,9.3055e+01,9.2373e+01,9.0913e+01,8.9238e+01,8.8041e+01,8.6405e+01,8.5924e+01,8.4568e+01,8.3098e+01,8.2031e+01,8.0792e+01,8.0902e+01,8.0347e+01,8.0897e+01,8.0716e+01,8.0478e+01,8.1249e+01,8.0889e+01,8.0132e+01,7.9173e+01,7.9583e+01,7.8833e+01,7.9241e+01,7.8857e+01,7.9609e+01,8.0751e+01,8.1545e+01,8.1670e+01,8.2484e+01,8.3280e+01,8.3844e+01,8.5262e+01,8.5373e+01,8.4954e+01,8.5629e+01,8.7049e+01,8.7649e+01,8.8725e+01,8.9800e+01,9.0225e+01,9.1680e+01,9.3484e+01,9.3983e+01,9.4772e+01,9.6884e+01,9.7378e+01,9.8312e+01,9.7176e+01,9.7020e+01,9.8284e+01,9.8333e+01,9.9481e+01,1.0057e+02,1.0177e+02,1.0318e+02,1.0443e+02,1.0549e+02,1.0677e+02,1.0769e+02,1.0872e+02,1.0933e+02,1.0981e+02,1.1063e+02,1.1164e+02,1.1245e+02,1.1338e+02,1.1436e+02,1.1545e+02,1.1665e+02,1.1767e+02,1.1902e+02,1.1980e+02,1.2060e+02,1.2158e+02,1.2201e+02,1.2262e+02,1.2250e+02,1.2223e+02
8.8462e+01,8.8344e+01,8.8256e+01,8.8099e+01,8.8121e+01,8.8050e+01,8.7793e+01,8.7813e+01,8.7423e+01,8.6994e+01,8.6793e+01,8.6605e+01,8.6611e+01,8.6432e+01,8.6457e+01,8.6498e+01,8.6532e+01,8.6567e+01,8.6658e+01,8.6731e+01,8.6982e+01,8.6935e+01,8.7129e+01,8.6792e+01,8.6065e+01,8.6465e+01,8.6890e+01,8.8071e+01,8.8848e+01,8.8768e+01,8.8745e+01,8.9804e+01,9.1146e+01,9.1871e+01,9.2494e+01,9.2224e+01,9.2891e+01,9.4070e+01,9.4865e+01,9.5897e+01,9.6189e+01,9.6852e+01,9.7497e+01,9.7236e+01,9.6474e+01,9.6566e+01,9.5643e+01,9.5238e+01,9.4921e+01,9.4089e+01,9.4077e+01,9.3685e+01,9.4414e+01,9.3314e+01,9.2627e+01,9.1167e+01,8.9501e+01,8.8306e+01,8.6676e+01,8.6195e+01,8.4847e+01,8.3382e+01,8.2323e+01,8.1093e+01,8.1207e+01,8.0659e+01,8.1210e+01,8.1035e+01,8.0801e+01,8.1573e+01,8.1211e+01,8.0453e+01,7.9501e+01,7.9915e+01,7.9175e+01,7.9589e+01,7.9211e+01,7.9960e+01,8.1097e+01,8.1893e+01,8.2021e+01,8.2838e+01,8.3630e+01,8.4196e+01,8.5612e+01,8.5729e+01,8.5317e+01,8.5997e+01,8.7418e+01,8.8016e+01,8.9082e+01,9.0146e+01,9.0562e+01,9.2006e+01,9.3804e+01,9.4302e+01,9.5095e+01,9.7197e+01,9.7694e+01,9.8623e+01,9.7490e+01,9.7339e+01,9.8596e+01,9.8649e+01,9.9797e+01,1.0088e+02,1.0206e+02,1.0347e+02,1.0472e+02,1.0577e+02,1.0704e+02,1.0796e+02,1.0898e+02,1.0959e+02,1.1007e+02,1.1089e+02,1.1189e+02,1.1270e+02,1.1363e+02,1.1462e+02,1.1570e+02,1.1690e+02,1.1791e+02,1.1926e+02,1.2003e+02,1.2083e+02,1.2181e+02,1.2224e+02,1.2285e+02,1.2272e+02,1.2245e+02
8.8707e+01,8.8580e+01,8.8500e+01,8.8363e+01,8.8399e+01,8.8334e+01,8.8089e+01,8.8105e+01,8.7706e+01,8.7280e+01,8.7070e+01,8.6888e+01,8.6901e+01,8.6726e+01,8.6747e+01,8.6787e+01,8.6824e+01,8.6857e+01,8.6945e+01,8.7015e+01,8.7267e+01,8.7219e+01,8.7410e+01,8.7073e+01,8.6344e+01,8.6746e+01,8.7173e+01,8.8355e+01,8.9128e+01,8.9046e+01,8.9020e+01,9.0076e+01,9.1415e+01,9.2140e+01,9.2762e+01,9.2492e+01,9.3161e+01,9.4343e+01,9.5139e+01,9.6170e+01,9.6464e+01,9.7130e+01,9.7779e+01,9.7522e+01,9.6763e+01,9.6854e+01,9.5931e+01,9.5528e+01,9.5207e+01,9.4370e+01,9.4350e+01,9.3951e+01,9.4671e+01,9.3570e+01,9.2877e+01,9.1414e+01,8.9752e+01,8.8552e+01,8.6927e+01,8.6441e+01,8.5102e+01,8.3635e+01,8.2583e+01,8.1358e+01,8.1481e+01,8.0938e+01,8.1495e+01,8.1329e+01,8.1099e+01,8.1876e+01,8.1511e+01,8.0746e+01,7.9793e+01,8.0217e+01,7.9479e+01,7.9902e+01,7.9526e+01,8.0280e+01,8.1420e+01,8.2225e+01,8.2357e+01,8.3183e+01,8.3980e+01,8.4552e+01,8.5975e+01,8.6099e+01,8.5691e+01,8.6376e+01,8.7804e+01,8.8408e+01,8.9472e+01,9.0532e+01,9.0943e+01,9.2383e+01,9.4182e+01,9.4680e+01,9.5478e+01,9.7577e+01,9.8076e+01,9.9003e+01,9.7868e+01,9.7719e+01,9.8969e+01,9.9018e+01,1.0016e+02,1.0123e+02,1.0241e+02,1.0381e+02,1.0505e+02,1.0609e+02,1.0736e+02,1.0827e+02,1.0929e+02,1.0990e+02,1.1037e+02,1.1119e+02,1.1218e+02,1.1299e+02,1.1391e+02,1.1490e+02,1.1597e+02,1.1717e+02,1.1818e+02,1.1952e+02,1.2029e+02,1.2109e+02,1.2206e+02,1.2250e+02,1.2310e+02,1.2297e+02,1.2270e+02
8.8892e+01,8.8781e+01,8.8701e+01,8.8561e+01,8.8610e+01,8.8540e+01,8.8293e+01,8.8310e+01,8.7919e+01,8.7498e+01,8.7297e+01,8.7116e+01,8.7127e+01,8.6948e+01,8.6968e+01,8.7008e+01,8.7041e+01,8.7076e+01,8.7167e+01,8.7238e+01,8.7485e+01,8.7437e+01,8.7626e+01,8.7290e+01,8.6563e+01,8.6963e+01,8.7390e+01,8.8569e+01,8.9339e+01,8.9257e+01,8.9234e+01,9.0286e+01,9.1622e+01,9.2344e+01,9.2970e+01,9.2698e+01,9.3370e+01,9.4550e+01,9.5347e+01,9.6374e+01,9.6664e+01,9.7328e+01,9.7973e+01,9.7719e+01,9.6963e+01,9.7054e+01,9.6135e+01,9.5733e+01,9.5412e+01,9.4577e+01,9.4557e+01,9.4156e+01,9.4873e+01,9.3775e+01,9.3081e+01,9.1621e+01,8.9962e+01,8.8761e+01,8.7140e+01,8.6656e+01,8.5321e+01,8.3854e+01,8.2806e+01,8.1581e+01,8.1708e+01,8.1168e+01,8.1731e+01,8.1568e+01,8.1342e+01,8.2124e+01,8.1759e+01,8.0989e+01,8.0035e+01,8.0464e+01,7.9726e+01,8.0152e+01,7.9779e+01,8.0537e+01,8.1677e+01,8.2486e+01,8.2622e+01,8.3451e+01,8.4249e+01,8.4825e+01,8.6249e+01,8.6377e+01,8.5974e+01,8.6662e+01,8.8091e+01,8.8698e+01,8.9759e+01,9.0816e+01,9.1222e+01,9.2658e+01,9.4456e+01,9.4953e+01,9.5754e+01,9.7850e+01,9.8352e+01,9.9277e+01,9.8143e+01,9.7999e+01,9.9243e+01,9.9293e+01,1.0043e+02,1.0150e+02,1.0267e+02,1.0406e+02,1.0530e+02,1.0633e+02,1.0760e+02,1.0850e+02,1.0951e+02,1.1012e+02,1.1059e+02,1.1141e+02,1.1240e+02,1.1321e+02,1.1413e+02,1.1511e+02,1.1619e+02,1.1738e+02,1.1839e+02,1.1972e+02,1.2049e+02,1.2129e+02,1.2226e+02,1.2270e+02,1.2330e+02,1.2317e+02,1.2290e+02
8.9101e+01,8.9006e+01,8.8935e+01,8.8792e+01,8.8837e+01,8.8764e+01,8.8508e+01,8.8526e+01,8.8142e+01,8.7718e+01,8.7518e+01,8.7331e+01,8.7336e+01,8.7151e+01,8.7170e+01,8.7206e+01,8.7237e+01,8.7271e+01,8.7366e+01,8.7441e+01,8.7687e+01,8.7641e+01,8.7830e+01,8.7497e+01,8.6774e+01,8.7174e+01,8.7601e+01,8.8776e+01,8.9547e+01,8.9466e+01,8.9448e+01,9.0496e+01,9.1830e+01,9.2547e+01,9.3174e+01,9.2900e+01,9.3572e+01,9.4748e+01,9.5542e+01,9.6562e+01,9.6848e+01,9.7506e+01,9.8147e+01,9.7890e+01,9.7135e+01,9.7223e+01,9.6309e+01,9.5906e+01,9.5586e+01,9.4758e+01,9.4739e+01,9.4340e+01,9.5057e+01,9.3967e+01,9.3276e+01,9.1825e+01,9.0170e+01,8.8977e+01,8.7361e+01,8.6883e+01,8.5552e+01,8.4090e+01,8.3045e+01,8.1821e+01,8.1945e+01,8.1409e+01,8.1974e+01,8.1808e+01,8.1584e+01,8.2368e+01,8.2007e+01,8.1240e+01,8.0286e+01,8.0713e+01,7.9971e+01,8.0394e+01,8.0020e+01,8.0781e+01,8.1924e+01,8.2731e+01,8.2866e+01,8.3694e+01,8.4493e+01,8.5068e+01,8.6493e+01,8.6619e+01,8.6213e+01,8.6900e+01,8.8330e+01,8.8934e+01,8.9998e+01,9.1061e+01,9.1469e+01,9.2909e+01,9.4707e+01,9.5201e+01,9.5998e+01,9.8093e+01,9.8590e+01,9.9512e+01,9.8376e+01,9.8227e+01,9.9467e+01,9.9511e+01,1.0065e+02,1.0171e+02,1.0288e+02,1.0427e+02,1.0551e+02,1.0654e+02,1.0780e+02,1.0871e+02,1.0972e+02,1.1032e+02,1.1078e+02,1.1160e+02,1.1259e+02,1.1339e+02,1.1431e+02,1.1530e+02,1.1637e+02,1.1756e+02,1.1857e+02,1.1990e+02,1.2067e+02,1.2147e+02,1.2244e+02,1.2287e+02,1.2347e+02,1.2334e+02,1.2308e+02
8.9363e+01,8.9277e+01,8.9220e+01,8.9086e+01,8.9133e+01,8.9056e+01,8.8802e+01,8.8818e+01,8.8435e+01,8.8013e+01,8.7809e+01,8.7624e+01,8.7628e+01,8.7440e+01,8.7460e+01,8.7494e+01,8.7527e+01,8.7560e+01,8.7657e+01,8.7730e+01,8.7976e+01,8.7926e+01,8.8114e+01,8.7782e+01,8.7059e+01,8.7456e+01,8.7881e+01,8.9052e+01,8.9823e+01,8.9746e+01,8.9730e+01,9.0776e+01,9.2104e+01,9.2820e+01,9.3445e+01,9.3172e+01,9.3842e+01,9.5017e+01,9.5806e+01,9.6821e+01,9.7109e+01,9.7762e+01,9.8398e+01,9.8141e+01,9.7390e+01,9.7478e+01,9.6570e+01,9.6171e+01,9.5856e+01,9.5034e+01,9.5014e+01,9.4619e+01,9.5333e+01,9.4247e+01,9.3560e+01,9.2114e+01,9.0464e+01,8.9276e+01,8.7667e+01,8.7192e+01,8.5864e+01,8.4407e+01,8.3366e+01,8.2144e+01,8.2265e+01,8.1731e+01,8.2294e+01,8.2124e+01,8.1901e+01,8.2681e+01,8.2323e+01,8.1559e+01,8.0606e+01,8.1029e+01,8.0285e+01,8.0704e+01,8.0327e+01,8.1087e+01,8.2230e+01,8.3032e+01,8.3163e+01,8.3984e+01,8.4781e+01,8.5349e+01,8.6768e+01,8.6889e+01,8.6478e+01,8.7161e+01,8.8584e+01,8.9181e+01,9.0243e+01,9.1308e+01,9.1716e+01,9.3157e+01,9.4948e+01,9.5435e+01,9.6224e+01,9.8312e+01,9.8804e+01,9.9720e+01,9.8584e+01,9.8433e+01,9.9668e+01,9.9708e+01,1.0084e+02,1.0190e+02,1.0307e+02,1.0445e+02,1.0569e+02,1.0672e+02,1.0798e+02,1.0888e+02,1.0988e+02,1.1048e+02,1.1095e+02,1.1176e+02,1.1275e+02,1.1355e+02,1.1447e+02,1.1545e+02,1.1653e+02,1.1771e+02,1.1872e+02,1.2005e+02,1.2082e+02,1.2162e+02,1.2259e+02,1.2302e+02,1.2362e+02,1.2349e+02,1.2323e+02
8.9581e+01,8.9493e+01,8.9439e+01,8.9305e+01,8.9345e+01,8.9271e+01,8.9015e+01,8.9029e+01,8.8643e+01,8.8214e+01,8.8005e+01,8.7817e+01,8.7820e+01,8.7628e+01,8.7647e+01,8.7677e+01,8.7709e+01,8.7740e+01,8.7837e+01,8.7913e+01,8.8159e+01,8.8108e+01,8.8294e+01,8.7960e+01,8.7234e+01,8.7628e+01,8.8053e+01,8.9225e+01,8.9994e+01,8.9914e+01,8.9900e+01,9.0941e+01,9.2267e+01,9.2980e+01,9.3606e+01,9.3335e+01,9.4006e+01,9.5180e+01,9.5970e+01,9.6980e+01,9.7267e+01,9.7920e+01,9.8555e+01,9.8301e+01,9.7554e+01,9.7641e+01,9.6735e+01,9.6340e+01,9.6024e+01,9.5202e+01,9.5178e+01,9.4784e+01,9.5495e+01,9.4411e+01,9.3728e+01,9.2284e+01,9.0639e+01,8.9456e+01,8.7852e+01,8.7380e+01,8.6055e+01,8.4603e+01,8.3563e+01,8.2345e+01,8.2466e+01,8.1932e+01,8.2491e+01,8.2320e+01,8.2093e+01,8.2869e+01,8.2509e+01,8.1749e+01,8.0796e+01,8.1217e+01,8.0475e+01,8.0890e+01,8.0509e+01,8.1264e+01,8.2404e+01,8.3200e+01,8.3324e+01,8.4139e+01,8.4930e+01,8.5490e+01,8.6903e+01,8.7018e+01,8.6600e+01,8.7278e+01,8.8694e+01,8.9281e+01,9.0342e+01,9.1411e+01,9.1820e+01,9.3263e+01,9.5046e+01,9.5527e+01,9.6309e+01,9.8391e+01,9.8879e+01,9.9790e+01,9.8656e+01,9.8504e+01,9.9739e+01,9.9780e+01,1.0091e+02,1.0197e+02,1.0314e+02,1.0453e+02,1.0577e+02,1.0680e+02,1.0805e+02,1.0895e+02,1.0995e+02,1.1056e+02,1.1102e+02,1.1183e+02,1.1282e+02,1.1362e+02,1.1454e+02,1.1552e+02,1.1660e+02,1.1778e+02,1.1879e+02,1.2012e+02,1.2089e+02,1.2168e+02,1.2265e+02,1.2309e+02,1.2368e+02,1.2355e+02,1.2329e+02
8.9808e+01,8.9717e+01,8.9665e+01,8.9532e+01,8.9569e+01,8.9492e+01,8.9235e+01,8.9248e+01,8.8862e+01,8.8430e+01,8.8220e+01,8.8029e+01,8.8031e+01,8.7837e+01,8.7853e+01,8.7881e+01,8.7911e+01,8.7939e+01,8.8035e+01,8.8111e+01,8.8355e+01,8.8301e+01,8.8485e+01,8.8147e+01,8.7419e+01,8.7807e+01,8.8230e+01,8.9399e+01,9.0168e+01,9.0089e+01,9.0074e+01,9.1114e+01,9.2438e+01,9.3152e+01,9.3779e+01,9.3510e+01,9.4182e+01,9.5357e+01,9.6147e+01,9.7155e+01,9.7442e+01,9.8095e+01,9.8731e+01,9.8478e+01,9.7735e+01,9.7824e+01,9.6920e+01,9.6529e+01,9.6215e+01,9.5395e+01,9.5367e+01,9.4977e+01,9.5683e+01,9.4599e+01,9.3920e+01,9.2479e+01,9.0838e+01,8.9661e+01,8.8060e+01,8.7588e+01,8.6261e+01,8.4813e+01,8.3771e+01,8.2555e+01,8.2674e+01,8.2135e+01,8.2686e+01,8.2511e+01,8.2277e+01,8.3043e+01,8.2682e+01,8.1927e+01,8.0971e+01,8.1385e+01,8.0642e+01,8.1052e+01,8.0663e+01,8.1411e+01,8.2551e+01,8.3337e+01,8.3453e+01,8.4259e+01,8.5043e+01,8.5593e+01,8.7002e+01,8.7115e+01,8.6693e+01,8.7372e+01,8.8788e+01,8.9369e+01,9.0426e+01,9.1496e+01,9.1902e+01,9.3347e+01,9.5126e+01,9.5602e+01,9.6383e+01,9.8462e+01,9.8951e+01,9.9861e+01,9.8726e+01,9.8576e+01,9.9810e+01,9.9850e+01,1.0098e+02,1.0204e+02,1.0321e+02,1.0460e+02,1.0583e+02,1.0686e+02,1.0812e+02,1.0902e+02,1.1002e+02,1.1062e+02,1.1109e+02,1.1189e+02,1.1288e+02,1.1367e+02,1.1460e+02,1.1558e+02,1.1665e+02,1.1783e+02,1.1885e+02,1.2018e+02,1.2094e+02,1.2174e+02,1.2271e+02,1.2314e+02,1.2373e+02,1.2360e+02,1.2334e+02
9.0045e+01,8.9947e+01,8.9895e+01,8.9764e+01,8.9798e+01,8.9722e+01,8.9469e+01,8.9480e+01,8.9093e+01,8.8659e+01,8.8447e+01,8.8254e+01,8.8256e+01,8.8059e+01,8.8072e+01,8.8096e+01,8.8124e+01,8.8147e+01,8.8240e+01,8.8314e+01,8.8555e+01,8.8499e+01,8.8681e+01,8.8343e+01,8.7613e+01,8.8000e+01,8.8419e+01,8.9587e+01,9.0357e+01,9.0278e+01,9.0264e+01,9.1301e+01,9.2622e+01,9.3334e+01,9.3958e+01,9.3691e+01,9.4361e+01,9.5536e+01,9.6324e+01,9.7333e+01,9.7621e+01,9.8277e+01,9.8914e+01,9.8664e+01,9.7925e+01,9.8016e+01,9.7115e+01,9.6728e+01,9.6414e+01,9.5594e+01,9.5562e+01,9.5172e+01,9.5874e+01,9.4788e+01,9.4111e+01,9.2669e+01,9.1032e+01,8.9858e+01,8.8261e+01,8.7788e+01,8.6463e+01,8.5019e+01,8.3978e+01,8.2765e+01,8.2884e+01,8.2342e+01,8.2888e+01,8.2711e+01,8.2475e+01,8.3237e+01,8.2875e+01,8.2122e+01,8.1168e+01,8.1579e+01,8.0840e+01,8.1248e+01,8.0858e+01,8.1602e+01,8.2738e+01,8.3522e+01,8.3635e+01,8.4439e+01,8.5221e+01,8.5768e+01,8.7174e+01,8.7287e+01,8.6865e+01,8.7545e+01,8.8960e+01,8.9540e+01,9.0592e+01,9.1662e+01,9.2063e+01,9.3506e+01,9.5286e+01,9.5760e+01,9.6544e+01,9.8624e+01,9.9114e+01,1.0002e+02,9.8887e+01,9.8739e+01,9.9974e+01,1.0002e+02,1.0115e+02,1.0222e+02,1.0339e+02,1.0477e+02,1.0601e+02,1.0703e+02,1.0829e+02,1.0919e+02,1.1019e+02,1.1080e+02,1.1126e+02,1.1206e+02,1.1305e+02,1.1384e+02,1.1476e+02,1.1574e+02,1.1681e+02,1.1799e+02,1.1901e+02,1.2033e+02,1.2110e+02,1.2189e+02,1.2286e+02,1.2329e+02,1.2389e+02,1.2376e+02,1.2350e+02
9.0185e+01,9.0087e+01,9.0033e+01,8.9897e+01,8.9926e+01,8.9848e+01,8.9591e+01,8.9601e+01,8.9215e+01,8.8776e+01,8.8563e+01,8.8366e+01,8.8364e+01,8.8164e+01,8.8175e+01,8.8195e+01,8.8221e+01,8.8242e+01,8.8335e+01,8.8410e+01,8.8651e+01,8.8595e+01,8.8775e+01,8.8437e+01,8.7707e+01,8.8092e+01,8.8511e+01,8.9677e+01,9.0449e+01,9.0371e+01,9.0360e+01,9.1396e+01,9.2716e+01,9.3428e+01,9.4051e+01,9.3784e+01,9.4453e+01,9.5626e+01,9.6413e+01,9.7419e+01,9.7707e+01,9.8361e+01,9.8997e+01,9.8747e+01,9.8009e+01,9.8097e+01,9.7196e+01,9.6810e+01,9.6497e+01,9.5680e+01,9.5647e+01,9.5261e+01,9.5962e+01,9.4880e+01,9.4207e+01,9.2771e+01,9.1138e+01,8.9970e+01,8.8376e+01,8.7906e+01,8.6581e+01,8.5141e+01,8.4100e+01,8.2888e+01,8.3004e+01,8.2462e+01,8.3003e+01,8.2824e+01,8.2586e+01,8.3343e+01,8.2983e+01,8.2235e+01,8.1282e+01,8.1690e+01,8.0950e+01,8.1354e+01,8.0963e+01,8.1703e+01,8.2839e+01,8.3618e+01,8.3728e+01,8.4528e+01,8.5308e+01,8.5851e+01,8.7255e+01,8.7364e+01,8.6938e+01,8.7616e+01,8.9028e+01,8.9604e+01,9.0658e+01,9.1732e+01,9.2138e+01,9.3584e+01,9.5360e+01,9.5834e+01,9.6613e+01,9.8693e+01,9.9182e+01,1.0009e+02,9.8953e+01,9.8803e+01,1.0004e+02,1.0007e+02,1.0120e+02,1.0227e+02,1.0344e+02,1.0481e+02,1.0605e+02,1.0708e+02,1.0833e+02,1.0923e+02,1.1023e+02,1.1084e+02,1.1131e+02,1.1211e+02,1.1309e+02,1.1388e+02,1.1481e+02,1.1579e+02,1.1686e+02,1.1804e+02,1.1906e+02,1.2039e+02,1.2115e+02,1.2195e+02,1.2292e+02,1.2335e+02,1.2395e+02,1.2382e+02,1.2356e+02
9.0369e+01,9.0270e+01,9.0213e+01,9.0075e+01,9.0099e+01,9.0019e+01,8.9760e+01,8.9768e+01,8.9378e+01,8.8941e+01,8.8726e+01,8.8527e+01,8.8524e+01,8.8321e+01,8.8332e+01,8.8346e+01,8.8370e+01,8.8387e+01,8.8476e+01,8.8550e+01,8.8789e+01,8.8734e+01,8.8913e+01,8.8576e+01,8.7846e+01,8.8233e+01,8.8655e+01,8.9820e+01,9.0595e+01,9.0515e+01,9.0504e+01,9.1539e+01,9.2857e+01,9.3566e+01,9.4189e+01,9.3923e+01,9.4591e+01,9.5764e+01,9.6550e+01,9.7555e+01,9.7841e+01,9.8497e+01,9.9137e+01,9.8886e+01,9.8149e+01,9.8235e+01,9.7331e+01,9.6946e+01,9.6630e+01,9.5813e+01,9.5778e+01,9.5392e+01,9.6092e+01,9.5012e+01,9.4342e+01,9.2906e+01,9.1276e+01,9.0110e+01,8.8518e+01,8.8049e+01,8.6725e+01,8.5288e+01,8.4247e+01,8.3037e+01,8.3152e+01,8.2610e+01,8.3148e+01,8.2967e+01,8.2727e+01,8.3481e+01,8.3121e+01,8.2375e+01,8.1422e+01,8.1827e+01,8.1089e+01,8.1492e+01,8.1096e+01,8.1832e+01,8.2967e+01,8.3742e+01,8.3848e+01,8.4644e+01,8.5419e+01,8.5958e+01,8.7360e+01,8.7467e+01,8.7036e+01,8.7714e+01,8.9125e+01,8.9695e+01,9.0748e+01,9.1823e+01,9.2228e+01,9.3675e+01,9.5447e+01,9.5917e+01,9.6693e+01,9.8770e+01,9.9251e+01,1.0015e+02,9.9011e+01,9.8853e+01,1.0008e+02,1.0011e+02,1.0124e+02,1.0231e+02,1.0348e+02,1.0485e+02,1.0609e+02,1.0712e+02,1.0837e+02,1.0927e+02,1.1027e+02,1.1088e+02,1.1135e+02,1.1215e+02,1.1314e+02,1.1393e+02,1.1485e+02,1.1583e+02,1.1691e+02,1.1809e+02,1.1911e+02,1.2044e+02,1.2120e+02,1.2201e+02,1.2298e+02,1.2341e+02,1.2401e+02,1.2388e+02,1.2362e+02
9.0669e+01,9.0569e+01,9.0510e+01,9.0373e+01,9.0392e+01,9.0310e+01,9.0051e+01,9.0054e+01,8.9662e+01,8.9228e+01,8.9015e+01,8.8818e+01,8.8816e+01,8.8612e+01,8.8621e+01,8.8634e+01,8.8659e+01,8.8673e+01,8.8761e+01,8.8834e+01,8.9074e+01,8.9019e+01,8.9197e+01,8.8862e+01,8.8132e+01,8.8520e+01,8.8944e+01,9.0108e+01,9.0882e+01,9.0801e+01,9.0789e+01,9.1821e+01,9.3136e+01,9.3846e+01,9.4469e+01,9.4206e+01,9.4874e+01,9.6047e+01,9.6834e+01,9.7838e+01,9.8122e+01,9.8779e+01,9.9422e+01,9.9173e+01,9.8438e+01,9.8523e+01,9.7617e+01,9.7232e+01,9.6912e+01,9.6095e+01,9.6057e+01,9.5672e+01,9.6368e+01,9.5287e+01,9.4618e+01,9.3182e+01,9.1554e+01,9.0390e+01,8.8799e+01,8.8330e+01,8.7006e+01,8.5572e+01,8.4531e+01,8.3324e+01,8.3441e+01,8.2898e+01,8.3431e+01,8.3252e+01,8.3007e+01,8.3756e+01,8.3393e+01,8.2647e+01,8.1694e+01,8.2098e+01,8.1364e+01,8.1766e+01,8.1367e+01,8.2095e+01,8.3227e+01,8.3998e+01,8.4098e+01,8.4888e+01,8.5656e+01,8.6188e+01,8.7586e+01,8.7694e+01,8.7261e+01,8.7939e+01,8.9346e+01,8.9909e+01,9.0956e+01,9.2029e+01,9.2427e+01,9.3871e+01,9.5638e+01,9.6103e+01,9.6876e+01,9.8948e+01,9.9425e+01,1.0032e+02,9.9173e+01,9.9013e+01,1.0024e+02,1.0027e+02,1.0139e+02,1.0246e+02,1.0362e+02,1.0500e+02,1.0623e+02,1.0726e+02,1.0851e+02,1.0941e+02,1.1042e+02,1.1103e+02,1.1150e+02,1.1230e+02,1.1329e+02,1.1408e+02,1.1500e+02,1.1598e+02,1.1706e+02,1.1824e+02,1.1926e+02,1.2059e+02,1.2136e+02,1.2217e+02,1.2314e+02,1.2357e+02,1.2417e+02,1.2404e+02,1.2378e+02
9.0912e+01,9.0813e+01,9.0751e+01,9.0615e+01,9.0631e+01,9.0547e+01,9.0288e+01,9.0290e+01,8.9897e+01,8.9464e+01,8.9252e+01,8.9056e+01,8.9054e+01,8.8852e+01,8.8863e+01,8.8875e+01,8.8901e+01,8.8910e+01,8.8991e+01,8.9065e+01,8.9303e+01,8.9251e+01,8.9428e+01,8.9094e+01,8.8365e+01,8.8755e+01,8.9183e+01,9.0347e+01,9.1119e+01,9.1034e+01,9.1023e+01,9.2049e+01,9.3360e+01,9.4068e+01,9.4692e+01,9.4430e+01,9.5098e+01,9.6269e+01,9.7057e+01,9.8058e+01,9.8339e+01,9.8999e+01,9.9645e+01,9.9397e+01,9.8668e+01,9.8750e+01,9.7841e+01,9.7457e+01,9.7132e+01,9.6313e+01,9.6270e+01,9.5885e+01,9.6575e+01,9.5496e+01,9.4828e+01,9.3394e+01,9.1770e+01,9.0607e+01,8.9018e+01,8.8549e+01,8.7228e+01,8.5796e+01,8.4757e+01,8.3555e+01,8.3676e+01,8.3132e+01,8.3663e+01,8.3486e+01,8.3240e+01,8.3986e+01,8.3622e+01,8.2876e+01,8.1925e+01,8.2330e+01,8.1599e+01,8.2002e+01,8.1602e+01,8.2328e+01,8.3459e+01,8.4228e+01,8.4327e+01,8.5117e+01,8.5884e+01,8.6416e+01,8.7815e+01,8.7925e+01,8.7493e+01,8.8174e+01,8.9583e+01,9.0146e+01,9.1192e+01,9.2265e+01,9.2661e+01,9.4104e+01,9.5869e+01,9.6333e+01,9.7106e+01,9.9175e+01,9.9650e+01,1.0054e+02,9.9392e+01,9.9231e+01,1.0045e+02,1.0047e+02,1.0160e+02,1.0266e+02,1.0382e+02,1.0520e+02,1.0643e+02,1.0746e+02,1.0870e+02,1.0961e+02,1.1061e+02,1.1122e+02,1.1169e+02,1.1250e+02,1.1349e+02,1.1429e+02,1.1520e+02,1.1618e+02,1.1726e+02,1.1844e+02,1.1946e+02,1.2079e+02,1.2156e+02,1.2237e+02,1.2334e+02,1.2377e+02,1.2437e+02,1.2424e+02,1.2398e+02
9.1177e+01,9.1077e+01,9.1016e+01,9.0882e+01,9.0897e+01,9.0812e+01,9.0555e+01,9.0556e+01,9.0165e+01,8.9735e+01,8.9523e+01,8.9327e+01,8.9326e+01,8.9122e+01,8.9134e+01,8.9145e+01,8.9171e+01,8.9179e+01,8.9258e+01,8.9330e+01,8.9569e+01,8.9518e+01,8.9694e+01,8.9362e+01,8.8634e+01,8.9024e+01,8.9450e+01,9.0612e+01,9.1385e+01,9.1304e+01,9.1293e+01,9.2316e+01,9.3623e+01,9.4329e+01,9.4950e+01,9.4692e+01,9.5357e+01,9.6527e+01,9.7314e+01,9.8314e+01,9.8595e+01,9.9253e+01,9.9900e+01,9.9654e+01,9.8926e+01,9.9008e+01,9.8100e+01,9.7716e+01,9.7391e+01,9.6574e+01,9.6531e+01,9.6148e+01,9.6835e+01,9.5755e+01,9.5090e+01,9.3656e+01,9.2034e+01,9.0874e+01,8.9287e+01,8.8818e+01,8.7498e+01,8.6070e+01,8.5031e+01,8.3831e+01,8.3948e+01,8.3401e+01,8.3925e+01,8.3746e+01,8.3497e+01,8.4238e+01,8.3873e+01,8.3131e+01,8.2180e+01,8.2581e+01,8.1851e+01,8.2251e+01,8.1849e+01,8.2570e+01,8.3699e+01,8.4463e+01,8.4559e+01,8.5344e+01,8.6106e+01,8.6633e+01,8.8027e+01,8.8135e+01,8.7702e+01,8.8381e+01,8.9785e+01,9.0343e+01,9.1383e+01,9.2449e+01,9.2841e+01,9.4279e+01,9.6038e+01,9.6500e+01,9.7271e+01,9.9333e+01,9.9803e+01,1.0069e+02,9.9536e+01,9.9372e+01,1.0059e+02,1.0061e+02,1.0174e+02,1.0280e+02,1.0396e+02,1.0533e+02,1.0656e+02,1.0760e+02,1.0884e+02,1.0974e+02,1.1074e+02,1.1135e+02,1.1182e+02,1.1263e+02,1.1362e+02,1.1441e+02,1.1533e+02,1.1631e+02,1.1739e+02,1.1857e+02,1.1959e+02,1.2092e+02,1.2169e+02,1.2249e+02,1.2347e+02,1.2390e+02,1.2449e+02,1.2437e+02,1.2411e+02
9.1378e+01,9.1279e+01,9.1218e+01,9.1083e+01,9.1100e+01,9.1015e+01,9.0759e+01,9.0761e+01,9.0370e+01,8.9945e+01,8.9733e+01,8.9540e+01,8.9538e+01,8.9336e+01,8.9347e+01,8.9356e+01,8.9381e+01,8.9387e+01,8.9465e+01,8.9537e+01,8.9775e+01,8.9724e+01,8.9899e+01,8.9569e+01,8.8843e+01,8.9231e+01,8.9654e+01,9.0815e+01,9.1589e+01,9.1511e+01,9.1503e+01,9.2525e+01,9.3828e+01,9.4532e+01,9.5154e+01,9.4899e+01,9.5563e+01,9.6731e+01,9.7515e+01,9.8513e+01,9.8791e+01,9.9449e+01,1.0009e+02,9.9849e+01,9.9125e+01,9.9207e+01,9.8302e+01,9.7919e+01,9.7595e+01,9.6782e+01,9.6738e+01,9.6356e+01,9.7042e+01,9.5961e+01,9.5299e+01,9.3866e+01,9.2245e+01,9.1087e+01,8.9502e+01,8.9035e+01,8.7713e+01,8.6290e+01,8.5249e+01,8.4051e+01,8.4167e+01,8.3615e+01,8.4132e+01,8.3952e+01,8.3699e+01,8.4434e+01,8.4066e+01,8.3326e+01,8.2376e+01,8.2773e+01,8.2046e+01,8.2444e+01,8.2039e+01,8.2756e+01,8.3881e+01,8.4640e+01,8.4733e+01,8.5512e+01,8.6271e+01,8.6795e+01,8.8182e+01,8.8289e+01,8.7854e+01,8.8531e+01,8.9932e+01,9.0488e+01,9.1524e+01,9.2587e+01,9.2977e+01,9.4413e+01,9.6170e+01,9.6631e+01,9.7404e+01,9.9465e+01,9.9933e+01,1.0082e+02,9.9667e+01,9.9506e+01,1.0072e+02,1.0075e+02,1.0188e+02,1.0294e+02,1.0410e+02,1.0547e+02,1.0669e+02,1.0773e+02,1.0897e+02,1.0987e+02,1.1087e+02,1.1148e+02,1.1195e+02,1.1276e+02,1.1374e+02,1.1454e+02,1.1545e+02,1.1643e+02,1.1751e+02,1.1869e+02,1.1970e+02,1.2104e+02,1.2181e+02,1.2261e+02,1.2359e+02,1.2402e+02,1.2461e+02,1.2448e+02,1.2423e+02
9.1525e+01,9.1425e+01,9.1364e+01,9.1232e+01,9.1248e+01,9.1164e+01,9.0907e+01,9.0909e+01,9.0516e+01,9.0091e+01,8.9878e+01,8.9682e+01,8.9679e+01,8.9476e+01,8.9484e+01,8.9490e+01,8.9511e+01,8.9515e+01,8.9590e+01,8.9659e+01,8.9896e+01,8.9845e+01,9.0018e+01,8.9687e+01,8.8964e+01,8.9350e+01,8.9772e+01,9.0930e+01,9.1703e+01,9.1623e+01,9.1617e+01,9.2634e+01,9.3933e+01,9.4636e+01,9.5258e+01,9.5006e+01,9.5669e+01,9.6833e+01,9.7615e+01,9.8609e+01,9.8884e+01,9.9540e+01,1.0019e+02,9.9942e+01,9.9222e+01,9.9301e+01,9.8396e+01,9.8013e+01,9.7688e+01,9.6877e+01,9.6832e+01,9.6452e+01,9.7137e+01,9.6060e+01,9.5403e+01,9.3975e+01,9.2356e+01,9.1204e+01,8.9621e+01,8.9158e+01,8.7836e+01,8.6419e+01,8.5376e+01,8.4180e+01,8.4293e+01,8.3738e+01,8.4248e+01,8.4067e+01,8.3811e+01,8.4539e+01,8.4170e+01,8.3434e+01,8.2485e+01,8.2877e+01,8.2153e+01,8.2549e+01,8.2143e+01,8.2852e+01,8.3972e+01,8.4725e+01,8.4814e+01,8.5588e+01,8.6342e+01,8.6862e+01,8.8246e+01,8.8351e+01,8.7917e+01,8.8595e+01,8.9997e+01,9.0553e+01,9.1586e+01,9.2649e+01,9.3038e+01,9.4475e+01,9.6234e+01,9.6699e+01,9.7475e+01,9.9542e+01,1.0001e+02,1.0090e+02,9.9753e+01,9.9596e+01,1.0082e+02,1.0086e+02,1.0198e+02,1.0306e+02,1.0422e+02,1.0559e+02,1.0681e+02,1.0786e+02,1.0910e+02,1.1000e+02,1.1099e+02,1.1160e+02,1.1207e+02,1.1287e+02,1.1386e+02,1.1466e+02,1.1557e+02,1.1654e+02,1.1762e+02,1.1880e+02,1.1982e+02,1.2116e+02,1.2192e+02,1.2273e+02,1.2370e+02,1.2414e+02,1.2473e+02,1.2460e+02,1.2435e+02
9.1629e+01,9.1532e+01,9.1473e+01,9.1342e+01,9.1359e+01,9.1273e+01,9.1017e+01,9.1018e+01,9.0626e+01,9.0201e+01,8.9985e+01,8.9791e+01,8.9787e+01,8.9585e+01,8.9592e+01,8.9597e+01,8.9618e+01,8.9621e+01,8.9695e+01,8.9765e+01,9.0000e+01,8.9950e+01,9.0124e+01,8.9792e+01,8.9072e+01,8.9458e+01,8.9879e+01,9.1036e+01,9.1809e+01,9.1731e+01,9.1726e+01,9.2743e+01,9.4040e+01,9.4744e+01,9.5366e+01,9.5116e+01,9.5776e+01,9.6939e+01,9.7720e+01,9.8715e+01,9.8987e+01,9.9643e+01,1.0029e+02,1.0004e+02,9.9326e+01,9.9405e+01,9.8501e+01,9.8117e+01,9.7790e+01,9.6980e+01,9.6936e+01,9.6557e+01,9.7242e+01,9.6166e+01,9.5510e+01,9.4082e+01,9.2463e+01,9.1311e+01,8.9730e+01,8.9267e+01,8.7943e+01,8.6528e+01,8.5481e+01,8.4283e+01,8.4393e+01,8.3833e+01,8.4338e+01,8.4154e+01,8.3893e+01,8.4617e+01,8.4246e+01,8.3512e+01,8.2560e+01,8.2948e+01,8.2223e+01,8.2616e+01,8.2205e+01,8.2910e+01,8.4032e+01,8.4782e+01,8.4866e+01,8.5639e+01,8.6392e+01,8.6909e+01,8.8296e+01,8.8403e+01,8.7966e+01,8.8650e+01,9.0059e+01,9.0614e+01,9.1650e+01,9.2718e+01,9.3105e+01,9.4548e+01,9.6313e+01,9.6776e+01,9.7556e+01,9.9627e+01,1.0010e+02,1.0099e+02,9.9842e+01,9.9688e+01,1.0091e+02,1.0095e+02,1.0208e+02,1.0316e+02,1.0432e+02,1.0569e+02,1.0691e+02,1.0795e+02,1.0920e+02,1.1009e+02,1.1109e+02,1.1170e+02,1.1217e+02,1.1298e+02,1.1397e+02,1.1476e+02,1.1568e+02,1.1665e+02,1.1773e+02,1.1891e+02,1.1994e+02,1.2127e+02,1.2204e+02,1.2284e+02,1.2382e+02,1.2425e+02,1.2484e+02,1.2472e+02,1.2447e+02
9.1790e+01,9.1694e+01,9.1634e+01,9.1503e+01,9.1518e+01,9.1431e+01,9.1173e+01,9.1173e+01,9.0780e+01,9.0355e+01,9.0137e+01,8.9943e+01,8.9939e+01,8.9738e+01,8.9746e+01,8.9751e+01,8.9770e+01,8.9774e+01,8.9844e+01,8.9915e+01,9.0148e+01,9.0100e+01,9.0273e+01,8.9943e+01,8.9226e+01,8.9613e+01,9.0036e+01,9.1188e+01,9.1957e+01,9.1878e+01,9.1872e+01,9.2886e+01,9.4179e+01,9.4881e+01,9.5504e+01,9.5256e+01,9.5915e+01,9.7073e+01,9.7850e+01,9.8841e+01,9.9110e+01,9.9763e+01,1.0041e+02,1.0017e+02,9.9449e+01,9.9524e+01,9.8622e+01,9.8237e+01,9.7908e+01,9.7100e+01,9.7053e+01,9.6676e+01,9.7358e+01,9.6287e+01,9.5638e+01,9.4217e+01,9.2600e+01,9.1455e+01,8.9876e+01,8.9418e+01,8.8094e+01,8.6685e+01,8.5636e+01,8.4442e+01,8.4551e+01,8.3989e+01,8.4488e+01,8.4304e+01,8.4040e+01,8.4758e+01,8.4386e+01,8.3657e+01,8.2708e+01,8.3093e+01,8.2374e+01,8.2767e+01,8.2355e+01,8.3050e+01,8.4165e+01,8.4910e+01,8.4989e+01,8.5756e+01,8.6500e+01,8.7010e+01,8.8391e+01,8.8500e+01,8.8064e+01,8.8751e+01,9.0158e+01,9.0710e+01,9.1738e+01,9.2803e+01,9.3185e+01,9.4624e+01,9.6386e+01,9.6847e+01,9.7628e+01,9.9696e+01,1.0018e+02,1.0107e+02,9.9919e+01,9.9774e+01,1.0100e+02,1.0105e+02,1.0218e+02,1.0326e+02,1.0443e+02,1.0580e+02,1.0702e+02,1.0807e+02,1.0931e+02,1.1021e+02,1.1120e+02,1.1182e+02,1.1229e+02,1.1311e+02,1.1410e+02,1.1489e+02,1.1582e+02,1.1679e+02,1.1787e+02,1.1905e+02,1.2008e+02,1.2141e+02,1.2218e+02,1.2298e+02,1.2396e+02,1.2439e+02,1.2499e+02,1.2486e+02,1.2461e+02
9.1965e+01,9.1869e+01,9.1808e+01,9.1676e+01,9.1689e+01,9.1601e+01,9.1343e+01,9.1344e+01,9.0955e+01,9.0529e+01,9.0310e+01,9.0115e+01,9.0111e+01,8.9910e+01,8.9915e+01,8.9917e+01,8.9931e+01,8.9933e+01,8.9999e+01,9.0071e+01,9.0304e+01,9.0258e+01,9.0431e+01,9.0100e+01,8.9386e+01,8.9773e+01,9.0197e+01,9.1346e+01,9.2112e+01,9.2032e+01,9.2025e+01,9.3034e+01,9.4324e+01,9.5025e+01,9.5648e+01,9.5402e+01,9.6060e+01,9.7215e+01,9.7993e+01,9.8982e+01,9.9247e+01,9.9899e+01,1.0055e+02,1.0030e+02,9.9587e+01,9.9661e+01,9.8758e+01,9.8372e+01,9.8041e+01,9.7232e+01,9.7184e+01,9.6808e+01,9.7488e+01,9.6417e+01,9.5772e+01,9.4354e+01,9.2740e+01,9.1600e+01,9.0024e+01,8.9568e+01,8.8244e+01,8.6840e+01,8.5791e+01,8.4601e+01,8.4710e+01,8.4146e+01,8.4639e+01,8.4456e+01,8.4188e+01,8.4900e+01,8.4526e+01,8.3799e+01,8.2853e+01,8.3237e+01,8.2524e+01,8.2917e+01,8.2507e+01,8.3196e+01,8.4305e+01,8.5048e+01,8.5126e+01,8.5890e+01,8.6630e+01,8.7140e+01,8.8519e+01,8.8632e+01,8.8200e+01,8.8892e+01,9.0303e+01,9.0858e+01,9.1882e+01,9.2942e+01,9.3321e+01,9.4758e+01,9.6521e+01,9.6986e+01,9.7775e+01,9.9843e+01,1.0033e+02,1.0123e+02,1.0008e+02,9.9944e+01,1.0117e+02,1.0122e+02,1.0236e+02,1.0344e+02,1.0461e+02,1.0598e+02,1.0720e+02,1.0824e+02,1.0949e+02,1.1038e+02,1.1138e+02,1.1200e+02,1.1247e+02,1.1328e+02,1.1427e+02,1.1506e+02,1.1598e+02,1.1696e+02,1.1804e+02,1.1922e+02,1.2025e+02,1.2158e+02,1.2234e+02,1.2315e+02,1.2412e+02,1.2456e+02,1.2515e+02,1.2503e+02,1.2477e+02
9.2190e+01,9.2096e+01,9.2035e+01,9.1902e+01,9.1914e+01,9.1823e+01,9.1563e+01,9.1563e+01,9.1175e+01,9.0750e+01,9.0531e+01,9.0335e+01,9.0332e+01,9.0131e+01,9.0133e+01,9.0132e+01,9.0141e+01,9.0138e+01,9.0200e+01,9.0271e+01,9.0501e+01,9.0457e+01,9.0629e+01,9.0296e+01,8.9584e+01,8.9971e+01,9.0396e+01,9.1541e+01,9.2304e+01,9.2221e+01,9.2212e+01,9.3218e+01,9.4505e+01,9.5205e+01,9.5829e+01,9.5585e+01,9.6246e+01,9.7400e+01,9.8178e+01,9.9166e+01,9.9427e+01,1.0008e+02,1.0073e+02,1.0049e+02,9.9771e+01,9.9844e+01,9.8941e+01,9.8555e+01,9.8222e+01,9.7413e+01,9.7363e+01,9.6988e+01,9.7664e+01,9.6593e+01,9.5952e+01,9.4538e+01,9.2927e+01,9.1790e+01,9.0214e+01,8.9756e+01,8.8431e+01,8.7031e+01,8.5981e+01,8.4794e+01,8.4905e+01,8.4339e+01,8.4828e+01,8.4647e+01,8.4376e+01,8.5084e+01,8.4707e+01,8.3980e+01,8.3036e+01,8.3421e+01,8.2714e+01,8.3111e+01,8.2701e+01,8.3382e+01,8.4487e+01,8.5229e+01,8.5305e+01,8.6068e+01,8.6800e+01,8.7308e+01,8.8684e+01,8.8806e+01,8.8380e+01,8.9080e+01,9.0492e+01,9.1046e+01,9.2059e+01,9.3110e+01,9.3481e+01,9.4909e+01,9.6670e+01,9.7133e+01,9.7924e+01,9.9986e+01,1.0047e+02,1.0137e+02,1.0022e+02,1.0009e+02,1.0131e+02,1.0137e+02,1.0251e+02,1.0359e+02,1.0476e+02,1.0612e+02,1.0733e+02,1.0838e+02,1.0962e+02,1.1052e+02,1.1151e+02,1.1213e+02,1.1260e+02,1.1341e+02,1.1440e+02,1.1519e+02,1.1611e+02,1.1709e+02,1.1817e+02,1.1935e+02,1.2038e+02,1.2171e+02,1.2247e+02,1.2327e+02,1.2424e+02,1.2468e+02,1.2527e+02,1.2515e+02,1.2490e+02
9.2366e+01,9.2272e+01,9.2210e+01,9.2078e+01,9.2086e+01,9.1994e+01,9.1733e+01,9.1730e+01,9.1343e+01,9.0918e+01,9.0698e+01,9.0501e+01,9.0498e+01,9.0298e+01,9.0300e+01,9.0298e+01,9.0303e+01,9.0302e+01,9.0360e+01,9.0434e+01,9.0662e+01,9.0619e+01,9.0789e+01,9.0457e+01,8.9746e+01,9.0133e+01,9.0560e+01,9.1702e+01,9.2462e+01,9.2380e+01,9.2372e+01,9.3375e+01,9.4659e+01,9.5361e+01,9.5983e+01,9.5742e+01,9.6401e+01,9.7551e+01,9.8328e+01,9.9315e+01,9.9575e+01,1.0023e+02,1.0088e+02,1.0063e+02,9.9917e+01,9.9990e+01,9.9088e+01,9.8701e+01,9.8367e+01,9.7559e+01,9.7510e+01,9.7137e+01,9.7810e+01,9.6739e+01,9.6099e+01,9.4685e+01,9.3077e+01,9.1944e+01,9.0373e+01,8.9916e+01,8.8594e+01,8.7199e+01,8.6151e+01,8.4969e+01,8.5080e+01,8.4513e+01,8.4996e+01,8.4817e+01,8.4543e+01,8.5244e+01,8.4864e+01,8.4140e+01,8.3200e+01,8.3581e+01,8.2881e+01,8.3278e+01,8.2869e+01,8.3542e+01,8.4637e+01,8.5373e+01,8.5447e+01,8.6202e+01,8.6926e+01,8.7429e+01,8.8797e+01,8.8918e+01,8.8496e+01,8.9197e+01,9.0607e+01,9.1159e+01,9.2163e+01,9.3210e+01,9.3576e+01,9.5004e+01,9.6763e+01,9.7225e+01,9.8021e+01,1.0008e+02,1.0058e+02,1.0148e+02,1.0034e+02,1.0023e+02,1.0145e+02,1.0152e+02,1.0267e+02,1.0375e+02,1.0492e+02,1.0628e+02,1.0749e+02,1.0854e+02,1.0978e+02,1.1067e+02,1.1166e+02,1.1228e+02,1.1275e+02,1.1357e+02,1.1456e+02,1.1535e+02,1.1627e+02,1.1724e+02,1.1832e+02,1.1950e+02,1.2053e+02,1.2186e+02,1.2262e+02,1.2342e+02,1.2439e+02,1.2483e+02,1.2542e+02,1.2530e+02,1.2505e+02
9.2629e+01,9.2535e+01,9.2473e+01,9.2340e+01,9.2347e+01,9.2254e+01,9.1993e+01,9.1987e+01,9.1600e+01,9.1176e+01,9.0954e+01,9.0757e+01,9.0752e+01,9.0554e+01,9.0555e+01,9.0553e+01,9.0553e+01,9.0550e+01,9.0603e+01,9.0677e+01,9.0902e+01,9.0857e+01,9.1027e+01,9.0695e+01,8.9985e+01,9.0369e+01,9.0794e+01,9.1931e+01,9.2689e+01,9.2610e+01,9.2602e+01,9.3606e+01,9.4888e+01,9.5591e+01,9.6212e+01,9.5971e+01,9.6628e+01,9.7775e+01,9.8548e+01,9.9535e+01,9.9797e+01,1.0045e+02,1.0110e+02,1.0085e+02,1.0014e+02,1.0021e+02,9.9316e+01,9.8931e+01,9.8600e+01,9.7796e+01,9.7750e+01,9.7380e+01,9.8055e+01,9.6985e+01,9.6348e+01,9.4936e+01,9.3329e+01,9.2199e+01,9.0630e+01,9.0173e+01,8.8853e+01,8.7460e+01,8.6409e+01,8.5227e+01,8.5336e+01,8.4765e+01,8.5245e+01,8.5062e+01,8.4786e+01,8.5484e+01,8.5105e+01,8.4383e+01,8.3442e+01,8.3819e+01,8.3117e+01,8.3509e+01,8.3097e+01,8.3766e+01,8.4862e+01,8.5593e+01,8.5663e+01,8.6414e+01,8.7135e+01,8.7633e+01,8.8998e+01,8.9117e+01,8.8691e+01,8.9390e+01,9.0795e+01,9.1337e+01,9.2338e+01,9.3391e+01,9.3751e+01,9.5181e+01,9.6930e+01,9.7381e+01,9.8169e+01,1.0022e+02,1.0071e+02,1.0161e+02,1.0047e+02,1.0035e+02,1.0157e+02,1.0164e+02,1.0278e+02,1.0385e+02,1.0502e+02,1.0637e+02,1.0758e+02,1.0863e+02,1.0987e+02,1.1076e+02,1.1175e+02,1.1237e+02,1.1284e+02,1.1366e+02,1.1464e+02,1.1543e+02,1.1635e+02,1.1732e+02,1.1840e+02,1.1958e+02,1.2061e+02,1.2194e+02,1.2270e+02,1.2350e+02,1.2447e+02,1.2491e+02,1.2550e+02,1.2538e+02,1.2513e+02
9.2854e+01,9.2762e+01,9.2702e+01,9.2571e+01,9.2579e+01,9.2485e+01,9.2223e+01,9.2216e+01,9.1829e+01,9.1405e+01,9.1181e+01,9.0986e+01,9.0982e+01,9.0784e+01,9.0786e+01,9.0785e+01,9.0783e+01,9.0780e+01,9.0831e+01,9.0908e+01,9.1131e+01,9.1090e+01,9.1260e+01,9.0931e+01,9.0225e+01,9.0609e+01,9.1034e+01,9.2168e+01,9.2924e+01,9.2848e+01,9.2842e+01,9.3847e+01,9.5127e+01,9.5831e+01,9.6450e+01,9.6210e+01,9.6865e+01,9.8008e+01,9.8778e+01,9.9763e+01,1.0002e+02,1.0067e+02,1.0132e+02,1.0107e+02,1.0036e+02,1.0043e+02,9.9535e+01,9.9149e+01,9.8819e+01,9.8018e+01,9.7974e+01,9.7607e+01,9.8280e+01,9.7213e+01,9.6580e+01,9.5172e+01,9.3566e+01,9.2440e+01,9.0872e+01,9.0418e+01,8.9097e+01,8.7708e+01,8.6655e+01,8.5473e+01,8.5580e+01,8.5006e+01,8.5483e+01,8.5298e+01,8.5018e+01,8.5712e+01,8.5332e+01,8.4612e+01,8.3669e+01,8.4043e+01,8.3342e+01,8.3733e+01,8.3319e+01,8.3982e+01,8.5075e+01,8.5803e+01,8.5870e+01,8.6616e+01,8.7332e+01,8.7826e+01,8.9182e+01,8.9300e+01,8.8876e+01,8.9572e+01,9.0969e+01,9.1505e+01,9.2497e+01,9.3547e+01,9.3901e+01,9.5324e+01,9.7064e+01,9.7507e+01,9.8289e+01,1.0034e+02,1.0083e+02,1.0172e+02,1.0058e+02,1.0047e+02,1.0168e+02,1.0175e+02,1.0289e+02,1.0396e+02,1.0513e+02,1.0648e+02,1.0768e+02,1.0873e+02,1.0996e+02,1.1085e+02,1.1185e+02,1.1247e+02,1.1294e+02,1.1375e+02,1.1474e+02,1.1553e+02,1.1645e+02,1.1742e+02,1.1849e+02,1.1967e+02,1.2070e+02,1.2203e+02,1.2279e+02,1.2359e+02,1.2456e+02,1.2500e+02,1.2559e+02,1.2548e+02,1.2523e+02
9.3023e+01,9.2931e+01,9.2871e+01,9.2739e+01,9.2747e+01,9.2655e+01,9.2395e+01,9.2389e+01,9.2002e+01,9.1580e+01,9.1354e+01,9.1160e+01,9.1158e+01,9.0962e+01,9.0966e+01,9.0964e+01,9.0966e+01,9.0962e+01,9.1011e+01,9.1087e+01,9.1310e+01,9.1269e+01,9.1440e+01,9.1113e+01,9.0406e+01,9.0792e+01,9.1219e+01,9.2353e+01,9.3109e+01,9.3033e+01,9.3026e+01,9.4031e+01,9.5311e+01,9.6015e+01,9.6635e+01,9.6394e+01,9.7049e+01,9.8192e+01,9.8963e+01,9.9948e+01,1.0021e+02,1.0086e+02,1.0150e+02,1.0126e+02,1.0054e+02,1.0062e+02,9.9721e+01,9.9336e+01,9.9006e+01,9.8206e+01,9.8161e+01,9.7793e+01,9.8465e+01,9.7396e+01,9.6760e+01,9.5351e+01,9.3747e+01,9.2617e+01,9.1049e+01,9.0591e+01,8.9273e+01,8.7880e+01,8.6828e+01,8.5644e+01,8.5755e+01,8.5181e+01,8.5662e+01,8.5477e+01,8.5198e+01,8.5896e+01,8.5515e+01,8.4793e+01,8.3848e+01,8.4224e+01,8.3519e+01,8.3910e+01,8.3494e+01,8.4164e+01,8.5263e+01,8.5995e+01,8.6063e+01,8.6815e+01,8.7533e+01,8.8030e+01,8.9392e+01,8.9513e+01,8.9088e+01,8.9785e+01,9.1184e+01,9.1717e+01,9.2709e+01,9.3759e+01,9.4111e+01,9.5530e+01,9.7264e+01,9.7700e+01,9.8477e+01,1.0051e+02,1.0099e+02,1.0187e+02,1.0074e+02,1.0061e+02,1.0181e+02,1.0186e+02,1.0299e+02,1.0406e+02,1.0522e+02,1.0656e+02,1.0775e+02,1.0880e+02,1.1003e+02,1.1092e+02,1.1191e+02,1.1253e+02,1.1300e+02,1.1381e+02,1.1479e+02,1.1558e+02,1.1650e+02,1.1747e+02,1.1855e+02,1.1972e+02,1.2075e+02,1.2208e+02,1.2284e+02,1.2364e+02,1.2461e+02,1.2505e+02,1.2563e+02,1.2552e+02,1.2527e+02
9.3200e+01,9.3108e+01,9.3046e+01,9.2914e+01,9.2923e+01,9.2831e+01,9.2572e+01,9.2567e+01,9.2182e+01,9.1763e+01,9.1538e+01,9.1342e+01,9.1342e+01,9.1147e+01,9.1149e+01,9.1146e+01,9.1146e+01,9.1140e+01,9.1185e+01,9.1260e+01,9.1485e+01,9.1445e+01,9.1617e+01,9.1289e+01,9.0582e+01,9.0970e+01,9.1400e+01,9.2537e+01,9.3291e+01,9.3211e+01,9.3201e+01,9.4205e+01,9.5486e+01,9.6191e+01,9.6814e+01,9.6575e+01,9.7233e+01,9.8376e+01,9.9149e+01,1.0013e+02,1.0039e+02,1.0104e+02,1.0169e+02,1.0144e+02,1.0073e+02,1.0080e+02,9.9898e+01,9.9510e+01,9.9178e+01,9.8374e+01,9.8328e+01,9.7957e+01,9.8624e+01,9.7553e+01,9.6915e+01,9.5503e+01,9.3905e+01,9.2773e+01,9.1204e+01,9.0741e+01,8.9423e+01,8.8029e+01,8.6978e+01,8.5796e+01,8.5913e+01,8.5338e+01,8.5820e+01,8.5640e+01,8.5358e+01,8.6055e+01,8.5667e+01,8.4938e+01,8.3991e+01,8.4372e+01,8.3671e+01,8.4069e+01,8.3652e+01,8.4320e+01,8.5419e+01,8.6156e+01,8.6224e+01,8.6980e+01,8.7696e+01,8.8196e+01,8.9561e+01,8.9693e+01,8.9275e+01,8.9982e+01,9.1387e+01,9.1923e+01,9.2907e+01,9.3947e+01,9.4292e+01,9.5704e+01,9.7438e+01,9.7876e+01,9.8662e+01,1.0070e+02,1.0118e+02,1.0206e+02,1.0092e+02,1.0080e+02,1.0200e+02,1.0205e+02,1.0319e+02,1.0425e+02,1.0541e+02,1.0674e+02,1.0794e+02,1.0898e+02,1.1021e+02,1.1109e+02,1.1208e+02,1.1269e+02,1.1316e+02,1.1397e+02,1.1495e+02,1.1574e+02,1.1665e+02,1.1762e+02,1.1870e+02,1.1987e+02,1.2090e+02,1.2223e+02,1.2298e+02,1.2378e+02,1.2475e+02,1.2519e+02,1.2577e+02,1.2566e+02,1.2541e+02
9.3429e+01,9.3336e+01,9.3274e+01,9.3142e+01,9.3154e+01,9.3064e+01,9.2807e+01,9.2804e+01,9.2420e+01,9.2001e+01,9.1775e+01,9.1577e+01,9.1576e+01,9.1381e+01,9.1381e+01,9.1375e+01,9.1372e+01,9.1363e+01,9.1405e+01,9.1480e+01,9.1704e+01,9.1666e+01,9.1839e+01,9.1511e+01,9.0810e+01,9.1200e+01,9.1627e+01,9.2760e+01,9.3513e+01,9.3434e+01,9.3426e+01,9.4427e+01,9.5704e+01,9.6409e+01,9.7032e+01,9.6798e+01,9.7454e+01,9.8593e+01,9.9363e+01,1.0035e+02,1.0060e+02,1.0125e+02,1.0189e+02,1.0164e+02,1.0093e+02,1.0100e+02,1.0010e+02,9.9710e+01,9.9379e+01,9.8578e+01,9.8532e+01,9.8164e+01,9.8830e+01,9.7758e+01,9.7126e+01,9.5718e+01,9.4125e+01,9.3001e+01,9.1435e+01,9.0971e+01,8.9654e+01,8.8266e+01,8.7214e+01,8.6036e+01,8.6152e+01,8.5574e+01,8.6048e+01,8.5868e+01,8.5580e+01,8.6269e+01,8.5877e+01,8.5151e+01,8.4207e+01,8.4584e+01,8.3890e+01,8.4288e+01,8.3871e+01,8.4527e+01,8.5619e+01,8.6349e+01,8.6414e+01,8.7163e+01,8.7871e+01,8.8367e+01,8.9724e+01,8.9861e+01,8.9450e+01,9.0161e+01,9.1564e+01,9.2102e+01,9.3075e+01,9.4105e+01,9.4445e+01,9.5850e+01,9.7582e+01,9.8025e+01,9.8817e+01,1.0085e+02,1.0135e+02,1.0223e+02,1.0110e+02,1.0099e+02,1.0219e+02,1.0226e+02,1.0340e+02,1.0446e+02,1.0562e+02,1.0695e+02,1.0814e+02,1.0918e+02,1.1040e+02,1.1128e+02,1.1226e+02,1.1288e+02,1.1334e+02,1.1415e+02,1.1513e+02,1.1592e+02,1.1683e+02,1.1779e+02,1.1887e+02,1.2004e+02,1.2106e+02,1.2239e+02,1.2314e+02,1.2394e+02,1.2490e+02,1.2534e+02,1.2593e+02,1.2582e+02,1.2557e+02
9.3664e+01,9.3572e+01,9.3511e+01,9.3378e+01,9.3389e+01,9.3300e+01,9.3044e+01,9.3041e+01,9.2658e+01,9.2240e+01,9.2014e+01,9.1816e+01,9.1815e+01,9.1621e+01,9.1623e+01,9.1618e+01,9.1613e+01,9.1605e+01,9.1646e+01,9.1723e+01,9.1946e+01,9.1910e+01,9.2083e+01,9.1759e+01,9.1065e+01,9.1454e+01,9.1878e+01,9.3008e+01,9.3759e+01,9.3684e+01,9.3678e+01,9.4678e+01,9.5952e+01,9.6657e+01,9.7277e+01,9.7045e+01,9.7695e+01,9.8826e+01,9.9591e+01,1.0057e+02,1.0082e+02,1.0146e+02,1.0211e+02,1.0185e+02,1.0114e+02,1.0121e+02,1.0031e+02,9.9922e+01,9.9595e+01,9.8798e+01,9.8757e+01,9.8394e+01,9.9060e+01,9.7992e+01,9.7366e+01,9.5966e+01,9.4375e+01,9.3258e+01,9.1697e+01,9.1239e+01,8.9922e+01,8.8541e+01,8.7491e+01,8.6316e+01,8.6426e+01,8.5847e+01,8.6315e+01,8.6131e+01,8.5840e+01,8.6521e+01,8.6132e+01,8.5414e+01,8.4474e+01,8.4843e+01,8.4150e+01,8.4541e+01,8.4125e+01,8.4774e+01,8.5858e+01,8.6581e+01,8.6645e+01,8.7386e+01,8.8092e+01,8.8585e+01,8.9930e+01,9.0058e+01,8.9649e+01,9.0351e+01,9.1744e+01,9.2279e+01,9.3250e+01,9.4279e+01,9.4620e+01,9.6024e+01,9.7750e+01,9.8194e+01,9.8985e+01,1.0102e+02,1.0152e+02,1.0241e+02,1.0129e+02,1.0119e+02,1.0240e+02,1.0248e+02,1.0361e+02,1.0467e+02,1.0583e+02,1.0716e+02,1.0834e+02,1.0938e+02,1.1060e+02,1.1147e+02,1.1245e+02,1.1307e+02,1.1354e+02,1.1435e+02,1.1533e+02,1.1611e+02,1.1702e+02,1.1798e+02,1.1906e+02,1.2023e+02,1.2125e+02,1.2257e+02,1.2332e+02,1.2412e+02,1.2508e+02,1.2552e+02,1.2611e+02,1.2600e+02,1.2575e+02
9.3789e+01,9.3695e+01,9.3630e+01,9.3497e+01,9.3508e+01,9.3418e+01,9.3161e+01,9.3158e+01,9.2776e+01,9.2359e+01,9.2134e+01,9.1935e+01,9.1932e+01,9.1738e+01,9.1739e+01,9.1734e+01,9.1726e+01,9.1717e+01,9.1757e+01,9.1831e+01,9.2053e+01,9.2019e+01,9.2192e+01,9.1868e+01,9.1175e+01,9.1566e+01,9.1991e+01,9.3119e+01,9.3868e+01,9.3789e+01,9.3781e+01,9.4779e+01,9.6053e+01,9.6757e+01,9.7377e+01,9.7147e+01,9.7800e+01,9.8932e+01,9.9697e+01,1.0068e+02,1.0093e+02,1.0157e+02,1.0221e+02,1.0196e+02,1.0124e+02,1.0131e+02,1.0041e+02,1.0003e+02,9.9698e+01,9.8902e+01,9.8861e+01,9.8499e+01,9.9163e+01,9.8095e+01,9.7471e+01,9.6071e+01,9.4481e+01,9.3366e+01,9.1804e+01,9.1344e+01,9.0027e+01,8.8647e+01,8.7595e+01,8.6421e+01,8.6531e+01,8.5952e+01,8.6419e+01,8.6237e+01,8.5946e+01,8.6626e+01,8.6238e+01,8.5520e+01,8.4582e+01,8.4951e+01,8.4260e+01,8.4652e+01,8.4239e+01,8.4886e+01,8.5967e+01,8.6689e+01,8.6756e+01,8.7498e+01,8.8206e+01,8.8702e+01,9.0048e+01,9.0178e+01,8.9773e+01,9.0477e+01,9.1872e+01,9.2416e+01,9.3389e+01,9.4414e+01,9.4763e+01,9.6168e+01,9.7899e+01,9.8353e+01,9.9148e+01,1.0119e+02,1.0169e+02,1.0259e+02,1.0148e+02,1.0138e+02,1.0260e+02,1.0267e+02,1.0381e+02,1.0486e+02,1.0602e+02,1.0734e+02,1.0852e+02,1.0956e+02,1.1077e+02,1.1164e+02,1.1263e+02,1.1324e+02,1.1371e+02,1.1451e+02,1.1549e+02,1.1627e+02,1.1718e+02,1.1814e+02,1.1921e+02,1.2038e+02,1.2140e+02,1.2272e+02,1.2346e+02,1.2425e+02,1.2521e+02,1.2565e+02,1.2624e+02,1.2613e+02,1.2588e+02
9.3966e+01,9.3870e+01,9.3803e+01,9.3668e+01,9.3679e+01,9.3589e+01,9.3332e+01,9.3329e+01,9.2948e+01,9.2532e+01,9.2307e+01,9.2106e+01,9.2102e+01,9.1907e+01,9.1908e+01,9.1905e+01,9.1897e+01,9.1889e+01,9.1930e+01,9.2002e+01,9.2221e+01,9.2185e+01,9.2355e+01,9.2029e+01,9.1335e+01,9.1723e+01,9.2146e+01,9.3272e+01,9.4018e+01,9.3939e+01,9.3930e+01,9.4928e+01,9.6202e+01,9.6904e+01,9.7520e+01,9.7289e+01,9.7938e+01,9.9066e+01,9.9826e+01,1.0080e+02,1.0106e+02,1.0170e+02,1.0234e+02,1.0209e+02,1.0138e+02,1.0145e+02,1.0056e+02,1.0017e+02,9.9848e+01,9.9055e+01,9.9015e+01,9.8655e+01,9.9320e+01,9.8255e+01,9.7633e+01,9.6238e+01,9.4651e+01,9.3539e+01,9.1982e+01,9.1527e+01,9.0212e+01,8.8837e+01,8.7786e+01,8.6612e+01,8.6716e+01,8.6138e+01,8.6603e+01,8.6416e+01,8.6129e+01,8.6807e+01,8.6427e+01,8.5718e+01,8.4783e+01,8.5146e+01,8.4452e+01,8.4836e+01,8.4425e+01,8.5073e+01,8.6153e+01,8.6873e+01,8.6944e+01,8.7686e+01,8.8401e+01,8.8901e+01,9.0246e+01,9.0368e+01,8.9963e+01,9.0657e+01,9.2048e+01,9.2595e+01,9.3578e+01,9.4607e+01,9.4966e+01,9.6372e+01,9.8099e+01,9.8557e+01,9.9348e+01,1.0138e+02,1.0189e+02,1.0279e+02,1.0168e+02,1.0159e+02,1.0280e+02,1.0288e+02,1.0400e+02,1.0506e+02,1.0621e+02,1.0753e+02,1.0870e+02,1.0974e+02,1.1095e+02,1.1182e+02,1.1280e+02,1.1342e+02,1.1388e+02,1.1469e+02,1.1566e+02,1.1644e+02,1.1734e+02,1.1830e+02,1.1937e+02,1.2053e+02,1.2156e+02,1.2287e+02,1.2361e+02,1.2440e+02,1.2536e+02,1.2579e+02,1.2638e+02,1.2627e+02,1.2603e+02
9.4216e+01,9.4120e+01,9.4052e+01,9.3916e+01,9.3927e+01,9.3836e+01,9.3579e+01,9.3574e+01,9.3194e+01,9.2780e+01,9.2556e+01,9.2355e+01,9.2349e+01,9.2154e+01,9.2154e+01,9.2152e+01,9.2143e+01,9.2136e+01,9.2177e+01,9.2248e+01,9.2464e+01,9.2425e+01,9.2591e+01,9.2266e+01,9.1573e+01,9.1959e+01,9.2380e+01,9.3504e+01,9.4249e+01,9.4172e+01,9.4164e+01,9.5162e+01,9.6435e+01,9.7135e+01,9.7746e+01,9.7514e+01,9.8160e+01,9.9285e+01,1.0004e+02,1.0102e+02,1.0127e+02,1.0191e+02,1.0255e+02,1.0230e+02,1.0159e+02,1.0167e+02,1.0078e+02,1.0040e+02,1.0007e+02,9.9284e+01,9.9245e+01,9.8887e+01,9.9554e+01,9.8493e+01,9.7874e+01,9.6483e+01,9.4898e+01,9.3789e+01,9.2236e+01,9.1784e+01,9.0472e+01,8.9099e+01,8.8050e+01,8.6877e+01,8.6977e+01,8.6402e+01,8.6868e+01,8.6678e+01,8.6395e+01,8.7074e+01,8.6701e+01,8.5997e+01,8.5065e+01,8.5425e+01,8.4728e+01,8.5108e+01,8.4700e+01,8.5353e+01,8.6433e+01,8.7153e+01,8.7227e+01,8.7970e+01,8.8690e+01,8.9192e+01,9.0534e+01,9.0649e+01,9.0242e+01,9.0925e+01,9.2307e+01,9.2852e+01,9.3839e+01,9.4872e+01,9.5235e+01,9.6641e+01,9.8361e+01,9.8814e+01,9.9593e+01,1.0162e+02,1.0212e+02,1.0302e+02,1.0191e+02,1.0181e+02,1.0302e+02,1.0308e+02,1.0420e+02,1.0525e+02,1.0640e+02,1.0772e+02,1.0889e+02,1.0992e+02,1.1113e+02,1.1200e+02,1.1299e+02,1.1360e+02,1.1406e+02,1.1487e+02,1.1584e+02,1.1661e+02,1.1751e+02,1.1846e+02,1.1953e+02,1.2070e+02,1.2172e+02,1.2303e+02,1.2377e+02,1.2456e+02,1.2551e+02,1.2595e+02,1.2653e+02,1.2643e+02,1.2618e+02
9.4443e+01,9.4347e+01,9.4279e+01,9.4143e+01,9.4154e+01,9.4064e+01,9.3807e+01,9.3801e+01,9.3422e+01,9.3009e+01,9.2785e+01,9.2582e+01,9.2573e+01,9.2377e+01,9.2374e+01,9.2371e+01,9.2362e+01,9.2354e+01,9.2397e+01,9.2465e+01,9.2679e+01,9.2637e+01,9.2799e+01,9.2473e+01,9.1779e+01,9.2164e+01,9.2585e+01,9.3706e+01,9.4447e+01,9.4368e+01,9.4357e+01,9.5353e+01,9.6623e+01,9.7321e+01,9.7930e+01,9.7698e+01,9.8343e+01,9.9466e+01,1.0022e+02,1.0119e+02,1.0145e+02,1.0209e+02,1.0273e+02,1.0248e+02,1.0178e+02,1.0185e+02,1.0097e+02,1.0059e+02,1.0027e+02,9.9481e+01,9.9441e+01,9.9084e+01,9.9748e+01,9.8688e+01,9.8071e+01,9.6682e+01,9.5103e+01,9.3996e+01,9.2449e+01,9.1996e+01,9.0689e+01,8.9320e+01,8.8276e+01,8.7106e+01,8.7206e+01,8.6634e+01,8.7099e+01,8.6908e+01,8.6630e+01,8.7309e+01,8.6940e+01,8.6239e+01,8.5310e+01,8.5670e+01,8.4972e+01,8.5350e+01,8.4944e+01,8.5600e+01,8.6678e+01,8.7399e+01,8.7478e+01,8.8225e+01,8.8951e+01,8.9459e+01,9.0805e+01,9.0922e+01,9.0520e+01,9.1202e+01,9.2584e+01,9.3135e+01,9.4128e+01,9.5158e+01,9.5527e+01,9.6927e+01,9.8646e+01,9.9103e+01,9.9882e+01,1.0191e+02,1.0240e+02,1.0330e+02,1.0220e+02,1.0209e+02,1.0329e+02,1.0335e+02,1.0447e+02,1.0551e+02,1.0665e+02,1.0795e+02,1.0913e+02,1.1016e+02,1.1136e+02,1.1223e+02,1.1322e+02,1.1383e+02,1.1428e+02,1.1509e+02,1.1605e+02,1.1682e+02,1.1772e+02,1.1867e+02,1.1973e+02,1.2089e+02,1.2191e+02,1.2322e+02,1.2396e+02,1.2474e+02,1.2569e+02,1.2613e+02,1.2671e+02,1.2661e+02,1.2637e+02
