8.6752e+01,8.6611e+01,8.6474e+01,8.6036e+01,8.6070e+01,8.6276e+01,8.6409e+01,8.5922e+01,8.5319e+01,8.5550e+01,8.5570e+01,8.4985e+01,8.4666e+01,8.5006e+01,8.5144e+01,8.4594e+01,8.4473e+01,8.3909e+01,8.3433e+01,8.2888e+01,8.2888e+01,8.3064e+01,8.3322e+01,8.3508e+01,8.3367e+01,8.3648e+01,8.3110e+01,8.2649e+01,8.2222e+01,8.1999e+01,8.2069e+01,8.2097e+01,8.1958e+01,8.1799e+01,8.1840e+01,8.1860e+01,8.2120e+01,8.2327e+01,8.2577e+01,8.2872e+01,8.2722e+01,8.3026e+01,8.3062e+01,8.3736e+01,8.4061e+01,8.4809e+01,8.4863e+01,8.5424e+01,8.5699e+01,8.5795e+01,8.6840e+01,8.7194e+01,8.8345e+01,8.8590e+01,8.8401e+01,8.8746e+01,8.8183e+01,8.8151e+01,8.7564e+01,8.8226e+01,8.7643e+01,8.7224e+01,8.6109e+01,8.5570e+01,8.5154e+01,8.4543e+01,8.4786e+01,8.4426e+01,8.4295e+01,8.3675e+01,8.3911e+01,8.4698e+01,8.4960e+01,8.4979e+01,8.4355e+01,8.4493e+01,8.4306e+01,8.3624e+01,8.3651e+01,8.4311e+01,8.4724e+01,8.4687e+01,8.3943e+01,8.3463e+01,8.2861e+01,8.2566e+01,8.2488e+01,8.2286e+01,8.2054e+01,8.2003e+01,8.2048e+01,8.2113e+01,8.2225e+01,8.2354e+01,8.2861e+01,8.3141e+01,8.3112e+01,8.3503e+01,8.4031e+01,8.3640e+01,8.3431e+01,8.3224e+01,8.2896e+01,8.2915e+01,8.3484e+01,8.3339e+01,8.3117e+01,8.3276e+01,8.3964e+01,8.4252e+01,8.4430e+01,8.4967e+01,8.5783e+01,8.6600e+01,8.7313e+01,8.7668e+01,8.8530e+01,8.9494e+01,9.0428e+01,9.0270e+01,9.1005e+01,9.0397e+01,9.1091e+01,9.0686e+01,8.9447e+01,8.9396e+01,9.0146e+01,8.9048e+01,8.8021e+01,8.7738e+01,8.6996e+01,8.7645e+01,8.7822e+01,8.8959e+01,8.8902e+01,8.7825e+01,8.7098e+01,8.6633e+01,8.6282e+01,8.5561e+01,8.5468e+01,8.5372e+01,8.5982e+01,8.6235e+01,8.6495e+01,8.5915e+01,8.5238e+01,8.4732e+01,8.4679e+01,8.4576e+01,8.5186e+01,8.5198e+01,8.5253e+01,8.5597e+01,8.5797e+01,8.5701e+01,8.6396e+01,8.6287e+01,8.5496e+01,8.5469e+01,8.5103e+01,8.4965e+01,8.4443e+01,8.4254e+01,8.3937e+01,8.4153e+01,8.4710e+01,8.4945e+01,8.5333e+01,8.5384e+01,8.5542e+01,8.5627e+01
8.6661e+01,8.6514e+01,8.6377e+01,8.5942e+01,8.5982e+01,8.6187e+01,8.6322e+01,8.5840e+01,8.5235e+01,8.5461e+01,8.5484e+01,8.4903e+01,8.4585e+01,8.4922e+01,8.5060e+01,8.4511e+01,8.4387e+01,8.3826e+01,8.3347e+01,8.2795e+01,8.2802e+01,8.2984e+01,8.3249e+01,8.3439e+01,8.3296e+01,8.3580e+01,8.3035e+01,8.2563e+01,8.2126e+01,8.1896e+01,8.1955e+01,8.1979e+01,8.1844e+01,8.1680e+01,8.1726e+01,8.1752e+01,8.2029e+01,8.2241e+01,8.2484e+01,8.2784e+01,8.2624e+01,8.2939e+01,8.2979e+01,8.3658e+01,8.3992e+01,8.4744e+01,8.4800e+01,8.5360e+01,8.5631e+01,8.5721e+01,8.6765e+01,8.7109e+01,8.8254e+01,8.8497e+01,8.8296e+01,8.8642e+01,8.8080e+01,8.8058e+01,8.7477e+01,8.8147e+01,8.7564e+01,8.7137e+01,8.6019e+01,8.5473e+01,8.5048e+01,8.4430e+01,8.4662e+01,8.4292e+01,8.4148e+01,8.3529e+01,8.3769e+01,8.4558e+01,8.4832e+01,8.4856e+01,8.4240e+01,8.4383e+01,8.4207e+01,8.3527e+01,8.3562e+01,8.4230e+01,8.4647e+01,8.4618e+01,8.3869e+01,8.3379e+01,8.2768e+01,8.2460e+01,8.2371e+01,8.2157e+01,8.1917e+01,8.1863e+01,8.1920e+01,8.1979e+01,8.2069e+01,8.2192e+01,8.2678e+01,8.2966e+01,8.2977e+01,8.3406e+01,8.3963e+01,8.3574e+01,8.3366e+01,8.3159e+01,8.2827e+01,8.2848e+01,8.3423e+01,8.3277e+01,8.3051e+01,8.3210e+01,8.3904e+01,8.4194e+01,8.4368e+01,8.4908e+01,8.5725e+01,8.6545e+01,8.7255e+01,8.7610e+01,8.8473e+01,8.9430e+01,9.0365e+01,9.0206e+01,9.0935e+01,9.0330e+01,9.1022e+01,9.0622e+01,8.9386e+01,8.9330e+01,9.0079e+01,8.8984e+01,8.7960e+01,8.7679e+01,8.6937e+01,8.7581e+01,8.7750e+01,8.8875e+01,8.8805e+01,8.7729e+01,8.7007e+01,8.6555e+01,8.6210e+01,8.5485e+01,8.5380e+01,8.5280e+01,8.5879e+01,8.6119e+01,8.6375e+01,8.5808e+01,8.5130e+01,8.4620e+01,8.4569e+01,8.4452e+01,8.5056e+01,8.5058e+01,8.5119e+01,8.5470e+01,8.5671e+01,8.5587e+01,8.6283e+01,8.6185e+01,8.5397e+01,8.5380e+01,8.5020e+01,8.4887e+01,8.4352e+01,8.4155e+01,8.3828e+01,8.4045e+01,8.4609e+01,8.4842e+01,8.5233e+01,8.5284e+01,8.5437e+01,8.5523e+01
8.6652e+01,8.6501e+01,8.6361e+01,8.5930e+01,8.5973e+01,8.6175e+01,8.6313e+01,8.5835e+01,8.5234e+01,8.5457e+01,8.5482e+01,8.4906e+01,8.4593e+01,8.4927e+01,8.5063e+01,8.4517e+01,8.4387e+01,8.3826e+01,8.3344e+01,8.2785e+01,8.2799e+01,8.2993e+01,8.3266e+01,8.3464e+01,8.3326e+01,8.3619e+01,8.3069e+01,8.2582e+01,8.2134e+01,8.1889e+01,8.1936e+01,8.1950e+01,8.1813e+01,8.1649e+01,8.1695e+01,8.1738e+01,8.2027e+01,8.2256e+01,8.2507e+01,8.2820e+01,8.2655e+01,8.2981e+01,8.3023e+01,8.3713e+01,8.4054e+01,8.4814e+01,8.4870e+01,8.5434e+01,8.5707e+01,8.5791e+01,8.6840e+01,8.7174e+01,8.8318e+01,8.8555e+01,8.8340e+01,8.8682e+01,8.8114e+01,8.8100e+01,8.7518e+01,8.8195e+01,8.7607e+01,8.7169e+01,8.6047e+01,8.5490e+01,8.5058e+01,8.4431e+01,8.4652e+01,8.4269e+01,8.4115e+01,8.3490e+01,8.3726e+01,8.4514e+01,8.4795e+01,8.4817e+01,8.4209e+01,8.4349e+01,8.4183e+01,8.3507e+01,8.3547e+01,8.4221e+01,8.4634e+01,8.4611e+01,8.3859e+01,8.3358e+01,8.2743e+01,8.2423e+01,8.2328e+01,8.2105e+01,8.1866e+01,8.1806e+01,8.1867e+01,8.1922e+01,8.1998e+01,8.2126e+01,8.2585e+01,8.2892e+01,8.2967e+01,8.3410e+01,8.3994e+01,8.3602e+01,8.3403e+01,8.3191e+01,8.2859e+01,8.2878e+01,8.3464e+01,8.3315e+01,8.3081e+01,8.3244e+01,8.3948e+01,8.4245e+01,8.4425e+01,8.4971e+01,8.5795e+01,8.6617e+01,8.7331e+01,8.7693e+01,8.8558e+01,8.9516e+01,9.0450e+01,9.0300e+01,9.1036e+01,9.0439e+01,9.1126e+01,9.0720e+01,8.9487e+01,8.9432e+01,9.0173e+01,8.9071e+01,8.8048e+01,8.7772e+01,8.7026e+01,8.7676e+01,8.7841e+01,8.8963e+01,8.8876e+01,8.7793e+01,8.7073e+01,8.6630e+01,8.6284e+01,8.5550e+01,8.5436e+01,8.5337e+01,8.5933e+01,8.6163e+01,8.6412e+01,8.5851e+01,8.5174e+01,8.4657e+01,8.4599e+01,8.4472e+01,8.5068e+01,8.5067e+01,8.5138e+01,8.5491e+01,8.5685e+01,8.5609e+01,8.6308e+01,8.6223e+01,8.5437e+01,8.5424e+01,8.5067e+01,8.4933e+01,8.4385e+01,8.4176e+01,8.3834e+01,8.4046e+01,8.4620e+01,8.4851e+01,8.5247e+01,8.5295e+01,8.5439e+01,8.5524e+01
8.6377e+01,8.6220e+01,8.6079e+01,8.5652e+01,8.5696e+01,8.5902e+01,8.6039e+01,8.5564e+01,8.4959e+01,8.5180e+01,8.5208e+01,8.4635e+01,8.4319e+01,8.4653e+01,8.4790e+01,8.4246e+01,8.4119e+01,8.3560e+01,8.3078e+01,8.2515e+01,8.2533e+01,8.2729e+01,8.3008e+01,8.3207e+01,8.3066e+01,8.3361e+01,8.2809e+01,8.2315e+01,8.1864e+01,8.1617e+01,8.1656e+01,8.1670e+01,8.1540e+01,8.1375e+01,8.1434e+01,8.1481e+01,8.1790e+01,8.2025e+01,8.2278e+01,8.2591e+01,8.2411e+01,8.2740e+01,8.2774e+01,8.3473e+01,8.3816e+01,8.4578e+01,8.4626e+01,8.5188e+01,8.5459e+01,8.5533e+01,8.6582e+01,8.6908e+01,8.8051e+01,8.8282e+01,8.8058e+01,8.8399e+01,8.7827e+01,8.7818e+01,8.7238e+01,8.7922e+01,8.7332e+01,8.6889e+01,8.5764e+01,8.5203e+01,8.4765e+01,8.4135e+01,8.4350e+01,8.3965e+01,8.3806e+01,8.3185e+01,8.3424e+01,8.4212e+01,8.4497e+01,8.4524e+01,8.3920e+01,8.4065e+01,8.3904e+01,8.3231e+01,8.3278e+01,8.3956e+01,8.4374e+01,8.4358e+01,8.3606e+01,8.3102e+01,8.2484e+01,8.2159e+01,8.2054e+01,8.1830e+01,8.1584e+01,8.1529e+01,8.1605e+01,8.1667e+01,8.1731e+01,8.1863e+01,8.2339e+01,8.2699e+01,8.2784e+01,8.3248e+01,8.3839e+01,8.3427e+01,8.3212e+01,8.2988e+01,8.2639e+01,8.2652e+01,8.3242e+01,8.3083e+01,8.2841e+01,8.2997e+01,8.3704e+01,8.4008e+01,8.4181e+01,8.4737e+01,8.5562e+01,8.6395e+01,8.7110e+01,8.7471e+01,8.8328e+01,8.9288e+01,9.0214e+01,9.0062e+01,9.0801e+01,9.0211e+01,9.0888e+01,9.0476e+01,8.9248e+01,8.9189e+01,8.9921e+01,8.8815e+01,8.7799e+01,8.7534e+01,8.6797e+01,8.7459e+01,8.7635e+01,8.8770e+01,8.8683e+01,8.7590e+01,8.6866e+01,8.6417e+01,8.6060e+01,8.5319e+01,8.5205e+01,8.5111e+01,8.5713e+01,8.5938e+01,8.6185e+01,8.5619e+01,8.4938e+01,8.4407e+01,8.4339e+01,8.4205e+01,8.4800e+01,8.4801e+01,8.4881e+01,8.5234e+01,8.5421e+01,8.5346e+01,8.6049e+01,8.5973e+01,8.5185e+01,8.5170e+01,8.4814e+01,8.4677e+01,8.4118e+01,8.3898e+01,8.3553e+01,8.3764e+01,8.4340e+01,8.4568e+01,8.4965e+01,8.5014e+01,8.5154e+01,8.5239e+01
8.6102e+01,8.5939e+01,8.5795e+01,8.5372e+01,8.5421e+01,8.5626e+01,8.5761e+01,8.5289e+01,8.4687e+01,8.4909e+01,8.4939e+01,8.4370e+01,8.4058e+01,8.4388e+01,8.4529e+01,8.3993e+01,8.3865e+01,8.3312e+01,8.2831e+01,8.2268e+01,8.2295e+01,8.2504e+01,8.2790e+01,8.2999e+01,8.2862e+01,8.3165e+01,8.2614e+01,8.2110e+01,8.1656e+01,8.1397e+01,8.1423e+01,8.1423e+01,8.1295e+01,8.1139e+01,8.1202e+01,8.1271e+01,8.1593e+01,8.1845e+01,8.2110e+01,8.2431e+01,8.2244e+01,8.2576e+01,8.2606e+01,8.3313e+01,8.3658e+01,8.4423e+01,8.4464e+01,8.5022e+01,8.5291e+01,8.5352e+01,8.6398e+01,8.6712e+01,8.7851e+01,8.8071e+01,8.7835e+01,8.8167e+01,8.7589e+01,8.7586e+01,8.7008e+01,8.7698e+01,8.7104e+01,8.6651e+01,8.5525e+01,8.4954e+01,8.4510e+01,8.3874e+01,8.4076e+01,8.3684e+01,8.3519e+01,8.2901e+01,8.3135e+01,8.3916e+01,8.4205e+01,8.4233e+01,8.3639e+01,8.3783e+01,8.3634e+01,8.2970e+01,8.3023e+01,8.3705e+01,8.4119e+01,8.4111e+01,8.3361e+01,8.2850e+01,8.2233e+01,8.1900e+01,8.1787e+01,8.1558e+01,8.1320e+01,8.1263e+01,8.1344e+01,8.1410e+01,8.1464e+01,8.1623e+01,8.2077e+01,8.2486e+01,8.2605e+01,8.3062e+01,8.3667e+01,8.3257e+01,8.3048e+01,8.2819e+01,8.2467e+01,8.2473e+01,8.3073e+01,8.2907e+01,8.2654e+01,8.2809e+01,8.3523e+01,8.3838e+01,8.4013e+01,8.4580e+01,8.5410e+01,8.6251e+01,8.6972e+01,8.7333e+01,8.8185e+01,8.9151e+01,9.0069e+01,8.9912e+01,9.0648e+01,9.0059e+01,9.0725e+01,9.0313e+01,8.9091e+01,8.9027e+01,8.9748e+01,8.8641e+01,8.7633e+01,8.7379e+01,8.6650e+01,8.7322e+01,8.7500e+01,8.8638e+01,8.8546e+01,8.7449e+01,8.6727e+01,8.6278e+01,8.5913e+01,8.5168e+01,8.5054e+01,8.4968e+01,8.5573e+01,8.5792e+01,8.6032e+01,8.5464e+01,8.4784e+01,8.4242e+01,8.4164e+01,8.4023e+01,8.4611e+01,8.4614e+01,8.4706e+01,8.5057e+01,8.5233e+01,8.5158e+01,8.5861e+01,8.5796e+01,8.5013e+01,8.4995e+01,8.4640e+01,8.4496e+01,8.3929e+01,8.3694e+01,8.3340e+01,8.3543e+01,8.4123e+01,8.4344e+01,8.4740e+01,8.4781e+01,8.4914e+01,8.4997e+01
8.5976e+01,8.5809e+01,8.5666e+01,8.5251e+01,8.5298e+01,8.5502e+01,8.5632e+01,8.5166e+01,8.4567e+01,8.4783e+01,8.4812e+01,8.4251e+01,8.3941e+01,8.4266e+01,8.4406e+01,8.3875e+01,8.3751e+01,8.3207e+01,8.2731e+01,8.2167e+01,8.2203e+01,8.2414e+01,8.2707e+01,8.2918e+01,8.2778e+01,8.3083e+01,8.2536e+01,8.2028e+01,8.1577e+01,8.1318e+01,8.1329e+01,8.1327e+01,8.1212e+01,8.1065e+01,8.1143e+01,8.1220e+01,8.1556e+01,8.1811e+01,8.2077e+01,8.2393e+01,8.2193e+01,8.2525e+01,8.2546e+01,8.3256e+01,8.3599e+01,8.4361e+01,8.4391e+01,8.4941e+01,8.5207e+01,8.5255e+01,8.6294e+01,8.6596e+01,8.7728e+01,8.7938e+01,8.7693e+01,8.8019e+01,8.7439e+01,8.7442e+01,8.6867e+01,8.7560e+01,8.6968e+01,8.6510e+01,8.5388e+01,8.4815e+01,8.4368e+01,8.3733e+01,8.3926e+01,8.3534e+01,8.3366e+01,8.2757e+01,8.2989e+01,8.3762e+01,8.4055e+01,8.4088e+01,8.3503e+01,8.3652e+01,8.3510e+01,8.2856e+01,8.2918e+01,8.3599e+01,8.4016e+01,8.4017e+01,8.3273e+01,8.2762e+01,8.2148e+01,8.1813e+01,8.1690e+01,8.1463e+01,8.1225e+01,8.1179e+01,8.1276e+01,8.1356e+01,8.1407e+01,8.1585e+01,8.2057e+01,8.2478e+01,8.2593e+01,8.3055e+01,8.3659e+01,8.3246e+01,8.3032e+01,8.2798e+01,8.2436e+01,8.2435e+01,8.3034e+01,8.2858e+01,8.2597e+01,8.2743e+01,8.3455e+01,8.3776e+01,8.3946e+01,8.4521e+01,8.5348e+01,8.6197e+01,8.6916e+01,8.7274e+01,8.8117e+01,8.9086e+01,8.9991e+01,8.9830e+01,9.0569e+01,8.9985e+01,9.0634e+01,9.0217e+01,8.9008e+01,8.8939e+01,8.9645e+01,8.8539e+01,8.7545e+01,8.7306e+01,8.6588e+01,8.7270e+01,8.7454e+01,8.8599e+01,8.8508e+01,8.7406e+01,8.6684e+01,8.6233e+01,8.5858e+01,8.5110e+01,8.4996e+01,8.4915e+01,8.5524e+01,8.5735e+01,8.5971e+01,8.5403e+01,8.4721e+01,8.4169e+01,8.4084e+01,8.3932e+01,8.4515e+01,8.4516e+01,8.4619e+01,8.4973e+01,8.5142e+01,8.5071e+01,8.5778e+01,8.5721e+01,8.4938e+01,8.4915e+01,8.4563e+01,8.4416e+01,8.3842e+01,8.3598e+01,8.3244e+01,8.3442e+01,8.4017e+01,8.4229e+01,8.4625e+01,8.4665e+01,8.4792e+01,8.4877e+01
8.5736e+01,8.5567e+01,8.5419e+01,8.5006e+01,8.5057e+01,8.5261e+01,8.5396e+01,8.4932e+01,8.4335e+01,8.4553e+01,8.4586e+01,8.4028e+01,8.3719e+01,8.4044e+01,8.4188e+01,8.3660e+01,8.3538e+01,8.2996e+01,8.2521e+01,8.1954e+01,8.1992e+01,8.2206e+01,8.2500e+01,8.2712e+01,8.2571e+01,8.2874e+01,8.2322e+01,8.1813e+01,8.1357e+01,8.1098e+01,8.1110e+01,8.1108e+01,8.0991e+01,8.0840e+01,8.0914e+01,8.0987e+01,8.1317e+01,8.1565e+01,8.1820e+01,8.2135e+01,8.1943e+01,8.2278e+01,8.2308e+01,8.3015e+01,8.3365e+01,8.4132e+01,8.4170e+01,8.4724e+01,8.4987e+01,8.5036e+01,8.6076e+01,8.6374e+01,8.7503e+01,8.7711e+01,8.7458e+01,8.7783e+01,8.7203e+01,8.7215e+01,8.6645e+01,8.7344e+01,8.6754e+01,8.6291e+01,8.5170e+01,8.4594e+01,8.4141e+01,8.3507e+01,8.3692e+01,8.3297e+01,8.3121e+01,8.2518e+01,8.2753e+01,8.3526e+01,8.3825e+01,8.3862e+01,8.3282e+01,8.3433e+01,8.3296e+01,8.2643e+01,8.2708e+01,8.3391e+01,8.3807e+01,8.3808e+01,8.3061e+01,8.2547e+01,8.1931e+01,8.1592e+01,8.1469e+01,8.1238e+01,8.0999e+01,8.0950e+01,8.1044e+01,8.1120e+01,8.1169e+01,8.1341e+01,8.1799e+01,8.2201e+01,8.2313e+01,8.2770e+01,8.3368e+01,8.2970e+01,8.2764e+01,8.2541e+01,8.2189e+01,8.2197e+01,8.2796e+01,8.2630e+01,8.2375e+01,8.2527e+01,8.3241e+01,8.3557e+01,8.3727e+01,8.4297e+01,8.5126e+01,8.5973e+01,8.6695e+01,8.7058e+01,8.7910e+01,8.8877e+01,8.9792e+01,8.9632e+01,9.0366e+01,8.9773e+01,9.0428e+01,9.0021e+01,8.8806e+01,8.8732e+01,8.9447e+01,8.8344e+01,8.7343e+01,8.7095e+01,8.6371e+01,8.7044e+01,8.7214e+01,8.8350e+01,8.8249e+01,8.7150e+01,8.6429e+01,8.5989e+01,8.5626e+01,8.4877e+01,8.4755e+01,8.4667e+01,8.5264e+01,8.5470e+01,8.5705e+01,8.5147e+01,8.4469e+01,8.3922e+01,8.3844e+01,8.3688e+01,8.4266e+01,8.4259e+01,8.4358e+01,8.4716e+01,8.4890e+01,8.4828e+01,8.5532e+01,8.5481e+01,8.4703e+01,8.4693e+01,8.4348e+01,8.4209e+01,8.3635e+01,8.3394e+01,8.3039e+01,8.3241e+01,8.3821e+01,8.4036e+01,8.4439e+01,8.4476e+01,8.4602e+01,8.4685e+01
8.5384e+01,8.5212e+01,8.5063e+01,8.4653e+01,8.4703e+01,8.4901e+01,8.5035e+01,8.4577e+01,8.3983e+01,8.4197e+01,8.4229e+01,8.3678e+01,8.3372e+01,8.3692e+01,8.3832e+01,8.3309e+01,8.3186e+01,8.2648e+01,8.2174e+01,8.1603e+01,8.1652e+01,8.1867e+01,8.2170e+01,8.2383e+01,8.2237e+01,8.2542e+01,8.1985e+01,8.1471e+01,8.1013e+01,8.0752e+01,8.0754e+01,8.0750e+01,8.0641e+01,8.0492e+01,8.0576e+01,8.0656e+01,8.0996e+01,8.1246e+01,8.1502e+01,8.1813e+01,8.1612e+01,8.1946e+01,8.1973e+01,8.2681e+01,8.3036e+01,8.3804e+01,8.3842e+01,8.4392e+01,8.4651e+01,8.4695e+01,8.5734e+01,8.6025e+01,8.7153e+01,8.7357e+01,8.7096e+01,8.7417e+01,8.6834e+01,8.6852e+01,8.6285e+01,8.6990e+01,8.6399e+01,8.5929e+01,8.4807e+01,8.4225e+01,8.3766e+01,8.3130e+01,8.3305e+01,8.2907e+01,8.2724e+01,8.2126e+01,8.2361e+01,8.3130e+01,8.3435e+01,8.3477e+01,8.2905e+01,8.3060e+01,8.2931e+01,8.2282e+01,8.2355e+01,8.3044e+01,8.3465e+01,8.3473e+01,8.2726e+01,8.2207e+01,8.1587e+01,8.1242e+01,8.1108e+01,8.0875e+01,8.0634e+01,8.0591e+01,8.0698e+01,8.0781e+01,8.0827e+01,8.1012e+01,8.1481e+01,8.1897e+01,8.2010e+01,8.2471e+01,8.3071e+01,8.2669e+01,8.2458e+01,8.2232e+01,8.1873e+01,8.1881e+01,8.2483e+01,8.2312e+01,8.2055e+01,8.2201e+01,8.2918e+01,8.3238e+01,8.3403e+01,8.3976e+01,8.4805e+01,8.5657e+01,8.6378e+01,8.6740e+01,8.7598e+01,8.8567e+01,8.9486e+01,8.9324e+01,9.0056e+01,8.9456e+01,9.0113e+01,8.9710e+01,8.8491e+01,8.8412e+01,8.9129e+01,8.8026e+01,8.7025e+01,8.6775e+01,8.6051e+01,8.6721e+01,8.6884e+01,8.8014e+01,8.7908e+01,8.6810e+01,8.6093e+01,8.5661e+01,8.5300e+01,8.4549e+01,8.4419e+01,8.4333e+01,8.4925e+01,8.5124e+01,8.5353e+01,8.4801e+01,8.4124e+01,8.3574e+01,8.3493e+01,8.3330e+01,8.3902e+01,8.3891e+01,8.3995e+01,8.4355e+01,8.4528e+01,8.4473e+01,8.5180e+01,8.5137e+01,8.4359e+01,8.4352e+01,8.4011e+01,8.3871e+01,8.3296e+01,8.3052e+01,8.2696e+01,8.2895e+01,8.3478e+01,8.3689e+01,8.4095e+01,8.4131e+01,8.4257e+01,8.4341e+01
8.5120e+01,8.4946e+01,8.4801e+01,8.4392e+01,8.4439e+01,8.4636e+01,8.4773e+01,8.4315e+01,8.3724e+01,8.3937e+01,8.3968e+01,8.3418e+01,8.3117e+01,8.3436e+01,8.3573e+01,8.3051e+01,8.2928e+01,8.2393e+01,8.1918e+01,8.1340e+01,8.1394e+01,8.1611e+01,8.1919e+01,8.2131e+01,8.1983e+01,8.2287e+01,8.1728e+01,8.1211e+01,8.0751e+01,8.0490e+01,8.0488e+01,8.0482e+01,8.0376e+01,8.0228e+01,8.0318e+01,8.0400e+01,8.0748e+01,8.0999e+01,8.1255e+01,8.1563e+01,8.1355e+01,8.1687e+01,8.1712e+01,8.2419e+01,8.2776e+01,8.3545e+01,8.3587e+01,8.4137e+01,8.4395e+01,8.4440e+01,8.5483e+01,8.5774e+01,8.6906e+01,8.7109e+01,8.6845e+01,8.7166e+01,8.6580e+01,8.6600e+01,8.6032e+01,8.6742e+01,8.6148e+01,8.5675e+01,8.4550e+01,8.3966e+01,8.3504e+01,8.2865e+01,8.3037e+01,8.2635e+01,8.2449e+01,8.1850e+01,8.2085e+01,8.2856e+01,8.3165e+01,8.3209e+01,8.2638e+01,8.2796e+01,8.2669e+01,8.2020e+01,8.2096e+01,8.2788e+01,8.3211e+01,8.3222e+01,8.2474e+01,8.1952e+01,8.1329e+01,8.0980e+01,8.0842e+01,8.0606e+01,8.0362e+01,8.0322e+01,8.0436e+01,8.0526e+01,8.0572e+01,8.0766e+01,8.1249e+01,8.1674e+01,8.1783e+01,8.2247e+01,8.2847e+01,8.2438e+01,8.2220e+01,8.1991e+01,8.1627e+01,8.1633e+01,8.2236e+01,8.2062e+01,8.1804e+01,8.1948e+01,8.2666e+01,8.2985e+01,8.3147e+01,8.3721e+01,8.4549e+01,8.5405e+01,8.6127e+01,8.6490e+01,8.7354e+01,8.8325e+01,8.9252e+01,8.9091e+01,8.9827e+01,8.9224e+01,8.9888e+01,8.9483e+01,8.8258e+01,8.8180e+01,8.8903e+01,8.7795e+01,8.6788e+01,8.6534e+01,8.5804e+01,8.6473e+01,8.6632e+01,8.7762e+01,8.7651e+01,8.6551e+01,8.5835e+01,8.5407e+01,8.5048e+01,8.4296e+01,8.4162e+01,8.4075e+01,8.4666e+01,8.4859e+01,8.5086e+01,8.4537e+01,8.3862e+01,8.3308e+01,8.3227e+01,8.3058e+01,8.3627e+01,8.3613e+01,8.3719e+01,8.4081e+01,8.4255e+01,8.4206e+01,8.4916e+01,8.4879e+01,8.4100e+01,8.4097e+01,8.3757e+01,8.3620e+01,8.3043e+01,8.2798e+01,8.2438e+01,8.2637e+01,8.3225e+01,8.3436e+01,8.3849e+01,8.3883e+01,8.4007e+01,8.4090e+01
8.5029e+01,8.4856e+01,8.4714e+01,8.4308e+01,8.4352e+01,8.4544e+01,8.4678e+01,8.4226e+01,8.3640e+01,8.3847e+01,8.3877e+01,8.3335e+01,8.3038e+01,8.3351e+01,8.3484e+01,8.2970e+01,8.2851e+01,8.2321e+01,8.1851e+01,8.1271e+01,8.1335e+01,8.1553e+01,8.1869e+01,8.2081e+01,8.1928e+01,8.2231e+01,8.1671e+01,8.1151e+01,8.0692e+01,8.0432e+01,8.0419e+01,8.0414e+01,8.0320e+01,8.0177e+01,8.0277e+01,8.0361e+01,8.0715e+01,8.0965e+01,8.1218e+01,8.1521e+01,8.1305e+01,8.1635e+01,8.1657e+01,8.2362e+01,8.2721e+01,8.3489e+01,8.3530e+01,8.4075e+01,8.4327e+01,8.4366e+01,8.5406e+01,8.5689e+01,8.6816e+01,8.7014e+01,8.6742e+01,8.7058e+01,8.6470e+01,8.6496e+01,8.5933e+01,8.6647e+01,8.6054e+01,8.5574e+01,8.4452e+01,8.3863e+01,8.3395e+01,8.2756e+01,8.2917e+01,8.2513e+01,8.2320e+01,8.1730e+01,8.1965e+01,8.2728e+01,8.3042e+01,8.3092e+01,8.2533e+01,8.2696e+01,8.2577e+01,8.1937e+01,8.2022e+01,8.2715e+01,8.3141e+01,8.3160e+01,8.2415e+01,8.1893e+01,8.1271e+01,8.0922e+01,8.0774e+01,8.0541e+01,8.0297e+01,8.0268e+01,8.0393e+01,8.0491e+01,8.0538e+01,8.0737e+01,8.1227e+01,8.1649e+01,8.1755e+01,8.2220e+01,8.2818e+01,8.2410e+01,8.2189e+01,8.1960e+01,8.1593e+01,8.1598e+01,8.2200e+01,8.2024e+01,8.1764e+01,8.1902e+01,8.2620e+01,8.2940e+01,8.3097e+01,8.3671e+01,8.4497e+01,8.5357e+01,8.6078e+01,8.6439e+01,8.7308e+01,8.8282e+01,8.9213e+01,8.9049e+01,8.9785e+01,8.9175e+01,8.9837e+01,8.9435e+01,8.8207e+01,8.8122e+01,8.8846e+01,8.7737e+01,8.6730e+01,8.6477e+01,8.5748e+01,8.6414e+01,8.6565e+01,8.7689e+01,8.7571e+01,8.6474e+01,8.5762e+01,8.5342e+01,8.4985e+01,8.4232e+01,8.4091e+01,8.4007e+01,8.4590e+01,8.4774e+01,8.4993e+01,8.4453e+01,8.3783e+01,8.3228e+01,8.3145e+01,8.2966e+01,8.3525e+01,8.3503e+01,8.3615e+01,8.3980e+01,8.4153e+01,8.4114e+01,8.4825e+01,8.4798e+01,8.4022e+01,8.4025e+01,8.3694e+01,8.3560e+01,8.2983e+01,8.2738e+01,8.2379e+01,8.2574e+01,8.3162e+01,8.3368e+01,8.3784e+01,8.3816e+01,8.3941e+01,8.4024e+01
8.4820e+01,8.4642e+01,8.4498e+01,8.4097e+01,8.4143e+01,8.4331e+01,8.4468e+01,8.4017e+01,8.3431e+01,8.3640e+01,8.3675e+01,8.3133e+01,8.2836e+01,8.3148e+01,8.3283e+01,8.2771e+01,8.2655e+01,8.2129e+01,8.1656e+01,8.1074e+01,8.1140e+01,8.1359e+01,8.1675e+01,8.1888e+01,8.1738e+01,8.2042e+01,8.1484e+01,8.0965e+01,8.0506e+01,8.0245e+01,8.0235e+01,8.0225e+01,8.0127e+01,7.9986e+01,8.0082e+01,8.0169e+01,8.0519e+01,8.0770e+01,8.1023e+01,8.1327e+01,8.1116e+01,8.1445e+01,8.1467e+01,8.2170e+01,8.2528e+01,8.3293e+01,8.3334e+01,8.3882e+01,8.4137e+01,8.4177e+01,8.5219e+01,8.5505e+01,8.6633e+01,8.6832e+01,8.6561e+01,8.6877e+01,8.6288e+01,8.6313e+01,8.5748e+01,8.6462e+01,8.5868e+01,8.5389e+01,8.4265e+01,8.3676e+01,8.3210e+01,8.2571e+01,8.2734e+01,8.2330e+01,8.2140e+01,8.1547e+01,8.1778e+01,8.2540e+01,8.2854e+01,8.2901e+01,8.2341e+01,8.2500e+01,8.2384e+01,8.1743e+01,8.1828e+01,8.2521e+01,8.2946e+01,8.2965e+01,8.2218e+01,8.1693e+01,8.1071e+01,8.0720e+01,8.0574e+01,8.0341e+01,8.0103e+01,8.0073e+01,8.0192e+01,8.0290e+01,8.0342e+01,8.0543e+01,8.1026e+01,8.1444e+01,8.1551e+01,8.2009e+01,8.2605e+01,8.2200e+01,8.1984e+01,8.1758e+01,8.1394e+01,8.1400e+01,8.2001e+01,8.1826e+01,8.1568e+01,8.1707e+01,8.2424e+01,8.2742e+01,8.2899e+01,8.3471e+01,8.4296e+01,8.5152e+01,8.5873e+01,8.6241e+01,8.7110e+01,8.8083e+01,8.9015e+01,8.8856e+01,8.9596e+01,8.8990e+01,8.9653e+01,8.9248e+01,8.8021e+01,8.7939e+01,8.8663e+01,8.7554e+01,8.6546e+01,8.6291e+01,8.5559e+01,8.6224e+01,8.6376e+01,8.7503e+01,8.7383e+01,8.6284e+01,8.5568e+01,8.5147e+01,8.4794e+01,8.4042e+01,8.3902e+01,8.3810e+01,8.4392e+01,8.4579e+01,8.4802e+01,8.4265e+01,8.3592e+01,8.3042e+01,8.2964e+01,8.2789e+01,8.3352e+01,8.3330e+01,8.3436e+01,8.3803e+01,8.3980e+01,8.3939e+01,8.4649e+01,8.4618e+01,8.3840e+01,8.3841e+01,8.3508e+01,8.3374e+01,8.2799e+01,8.2554e+01,8.2196e+01,8.2388e+01,8.2977e+01,8.3185e+01,8.3601e+01,8.3630e+01,8.3748e+01,8.3826e+01
8.4612e+01,8.4433e+01,8.4283e+01,8.3883e+01,8.3934e+01,8.4127e+01,8.4267e+01,8.3815e+01,8.3224e+01,8.3432e+01,8.3472e+01,8.2928e+01,8.2624e+01,8.2937e+01,8.3076e+01,8.2562e+01,8.2450e+01,8.1923e+01,8.1446e+01,8.0862e+01,8.0925e+01,8.1146e+01,8.1458e+01,8.1674e+01,8.1524e+01,8.1828e+01,8.1267e+01,8.0749e+01,8.0288e+01,8.0027e+01,8.0021e+01,8.0012e+01,7.9909e+01,7.9764e+01,7.9851e+01,7.9934e+01,8.0277e+01,8.0524e+01,8.0772e+01,8.1079e+01,8.0874e+01,8.1207e+01,8.1234e+01,8.1936e+01,8.2298e+01,8.3066e+01,8.3110e+01,8.3657e+01,8.3909e+01,8.3951e+01,8.4991e+01,8.5278e+01,8.6405e+01,8.6610e+01,8.6342e+01,8.6665e+01,8.6079e+01,8.6104e+01,8.5539e+01,8.6254e+01,8.5662e+01,8.5184e+01,8.4057e+01,8.3469e+01,8.2999e+01,8.2362e+01,8.2525e+01,8.2123e+01,8.1932e+01,8.1340e+01,8.1574e+01,8.2338e+01,8.2653e+01,8.2701e+01,8.2139e+01,8.2298e+01,8.2180e+01,8.1537e+01,8.1619e+01,8.2314e+01,8.2738e+01,8.2755e+01,8.2005e+01,8.1478e+01,8.0854e+01,8.0502e+01,8.0360e+01,8.0125e+01,7.9888e+01,7.9851e+01,7.9962e+01,8.0051e+01,8.0101e+01,8.0293e+01,8.0763e+01,8.1171e+01,8.1279e+01,8.1734e+01,8.2329e+01,8.1935e+01,8.1727e+01,8.1508e+01,8.1153e+01,8.1164e+01,8.1769e+01,8.1599e+01,8.1343e+01,8.1486e+01,8.2205e+01,8.2521e+01,8.2678e+01,8.3249e+01,8.4075e+01,8.4933e+01,8.5652e+01,8.6020e+01,8.6889e+01,8.7858e+01,8.8787e+01,8.8626e+01,8.9360e+01,8.8752e+01,8.9412e+01,8.9013e+01,8.7787e+01,8.7701e+01,8.8426e+01,8.7322e+01,8.6314e+01,8.6056e+01,8.5327e+01,8.5989e+01,8.6139e+01,8.7264e+01,8.7141e+01,8.6042e+01,8.5326e+01,8.4908e+01,8.4558e+01,8.3807e+01,8.3665e+01,8.3567e+01,8.4145e+01,8.4334e+01,8.4561e+01,8.4028e+01,8.3349e+01,8.2804e+01,8.2736e+01,8.2562e+01,8.3129e+01,8.3101e+01,8.3200e+01,8.3573e+01,8.3759e+01,8.3721e+01,8.4430e+01,8.4393e+01,8.3614e+01,8.3619e+01,8.3287e+01,8.3155e+01,8.2581e+01,8.2338e+01,8.1981e+01,8.2176e+01,8.2766e+01,8.2975e+01,8.3386e+01,8.3414e+01,8.3526e+01,8.3605e+01
8.4532e+01,8.4351e+01,8.4204e+01,8.3805e+01,8.3857e+01,8.4052e+01,8.4190e+01,8.3738e+01,8.3144e+01,8.3347e+01,8.3384e+01,8.2840e+01,8.2533e+01,8.2842e+01,8.2977e+01,8.2462e+01,8.2352e+01,8.1827e+01,8.1354e+01,8.0769e+01,8.0833e+01,8.1050e+01,8.1365e+01,8.1574e+01,8.1416e+01,8.1711e+01,8.1148e+01,8.0633e+01,8.0173e+01,7.9920e+01,7.9913e+01,7.9913e+01,7.9815e+01,7.9664e+01,7.9756e+01,7.9830e+01,8.0175e+01,8.0413e+01,8.0651e+01,8.0950e+01,8.0742e+01,8.1072e+01,8.1100e+01,8.1798e+01,8.2164e+01,8.2929e+01,8.2975e+01,8.3513e+01,8.3756e+01,8.3795e+01,8.4827e+01,8.5109e+01,8.6229e+01,8.6437e+01,8.6171e+01,8.6498e+01,8.5920e+01,8.5949e+01,8.5392e+01,8.6107e+01,8.5524e+01,8.5047e+01,8.3924e+01,8.3338e+01,8.2863e+01,8.2230e+01,8.2388e+01,8.1989e+01,8.1794e+01,8.1212e+01,8.1454e+01,8.2219e+01,8.2539e+01,8.2596e+01,8.2037e+01,8.2206e+01,8.2089e+01,8.1445e+01,8.1535e+01,8.2233e+01,8.2665e+01,8.2685e+01,8.1933e+01,8.1406e+01,8.0778e+01,8.0424e+01,8.0277e+01,8.0041e+01,7.9794e+01,7.9761e+01,7.9879e+01,7.9966e+01,8.0011e+01,8.0194e+01,8.0666e+01,8.1069e+01,8.1170e+01,8.1630e+01,8.2218e+01,8.1827e+01,8.1614e+01,8.1400e+01,8.1043e+01,8.1060e+01,8.1662e+01,8.1493e+01,8.1242e+01,8.1380e+01,8.2097e+01,8.2410e+01,8.2558e+01,8.3127e+01,8.3948e+01,8.4810e+01,8.5522e+01,8.5882e+01,8.6751e+01,8.7713e+01,8.8639e+01,8.8466e+01,8.9187e+01,8.8571e+01,8.9225e+01,8.8838e+01,8.7615e+01,8.7519e+01,8.8244e+01,8.7151e+01,8.6148e+01,8.5889e+01,8.5167e+01,8.5823e+01,8.5966e+01,8.7084e+01,8.6958e+01,8.5865e+01,8.5158e+01,8.4747e+01,8.4398e+01,8.3651e+01,8.3506e+01,8.3409e+01,8.3981e+01,8.4166e+01,8.4391e+01,8.3863e+01,8.3187e+01,8.2646e+01,8.2581e+01,8.2406e+01,8.2970e+01,8.2937e+01,8.3033e+01,8.3408e+01,8.3598e+01,8.3565e+01,8.4270e+01,8.4233e+01,8.3458e+01,8.3468e+01,8.3143e+01,8.3014e+01,8.2443e+01,8.2204e+01,8.1855e+01,8.2055e+01,8.2641e+01,8.2847e+01,8.3258e+01,8.3287e+01,8.3394e+01,8.3481e+01
8.4296e+01,8.4112e+01,8.3961e+01,8.3559e+01,8.3615e+01,8.3816e+01,8.3959e+01,8.3503e+01,8.2905e+01,8.3115e+01,8.3156e+01,8.2605e+01,8.2294e+01,8.2608e+01,8.2751e+01,8.2233e+01,8.2127e+01,8.1605e+01,8.1126e+01,8.0538e+01,8.0596e+01,8.0814e+01,8.1121e+01,8.1335e+01,8.1180e+01,8.1476e+01,8.0913e+01,8.0400e+01,7.9940e+01,7.9686e+01,7.9687e+01,7.9686e+01,7.9579e+01,7.9425e+01,7.9507e+01,7.9577e+01,7.9912e+01,8.0148e+01,8.0385e+01,8.0686e+01,8.0487e+01,8.0820e+01,8.0855e+01,8.1553e+01,8.1918e+01,8.2687e+01,8.2735e+01,8.3279e+01,8.3528e+01,8.3572e+01,8.4609e+01,8.4898e+01,8.6023e+01,8.6235e+01,8.5974e+01,8.6305e+01,8.5727e+01,8.5752e+01,8.5190e+01,8.5902e+01,8.5319e+01,8.4848e+01,8.3720e+01,8.3135e+01,8.2660e+01,8.2027e+01,8.2190e+01,8.1793e+01,8.1602e+01,8.1015e+01,8.1261e+01,8.2032e+01,8.2351e+01,8.2405e+01,8.1838e+01,8.2003e+01,8.1880e+01,8.1229e+01,8.1312e+01,8.2010e+01,8.2439e+01,8.2453e+01,8.1697e+01,8.1170e+01,8.0540e+01,8.0187e+01,8.0048e+01,7.9810e+01,7.9567e+01,7.9525e+01,7.9632e+01,7.9712e+01,7.9760e+01,7.9937e+01,8.0401e+01,8.0794e+01,8.0893e+01,8.1345e+01,8.1929e+01,8.1543e+01,8.1335e+01,8.1127e+01,8.0777e+01,8.0797e+01,8.1399e+01,8.1236e+01,8.0989e+01,8.1131e+01,8.1850e+01,8.2159e+01,8.2311e+01,8.2879e+01,8.3703e+01,8.4564e+01,8.5279e+01,8.5646e+01,8.6514e+01,8.7473e+01,8.8398e+01,8.8230e+01,8.8950e+01,8.8339e+01,8.8994e+01,8.8607e+01,8.7387e+01,8.7295e+01,8.8021e+01,8.6930e+01,8.5924e+01,8.5662e+01,8.4937e+01,8.5593e+01,8.5741e+01,8.6863e+01,8.6742e+01,8.5646e+01,8.4931e+01,8.4515e+01,8.4169e+01,8.3422e+01,8.3281e+01,8.3173e+01,8.3747e+01,8.3940e+01,8.4174e+01,8.3644e+01,8.2957e+01,8.2420e+01,8.2363e+01,8.2194e+01,8.2769e+01,8.2735e+01,8.2821e+01,8.3202e+01,8.3402e+01,8.3366e+01,8.4072e+01,8.4027e+01,8.3246e+01,8.3255e+01,8.2925e+01,8.2793e+01,8.2219e+01,8.1978e+01,8.1626e+01,8.1828e+01,8.2417e+01,8.2627e+01,8.3039e+01,8.3066e+01,8.3163e+01,8.3247e+01
8.4017e+01,8.3828e+01,8.3676e+01,8.3272e+01,8.3332e+01,8.3539e+01,8.3686e+01,8.3227e+01,8.2622e+01,8.2833e+01,8.2876e+01,8.2319e+01,8.2001e+01,8.2317e+01,8.2464e+01,8.1940e+01,8.1838e+01,8.1315e+01,8.0833e+01,8.0239e+01,8.0292e+01,8.0505e+01,8.0808e+01,8.1015e+01,8.0853e+01,8.1137e+01,8.0569e+01,8.0061e+01,7.9597e+01,7.9352e+01,7.9360e+01,7.9369e+01,7.9260e+01,7.9094e+01,7.9171e+01,7.9228e+01,7.9561e+01,7.9782e+01,8.0005e+01,8.0299e+01,8.0101e+01,8.0435e+01,8.0475e+01,8.1167e+01,8.1539e+01,8.2307e+01,8.2363e+01,8.2906e+01,8.3148e+01,8.3197e+01,8.4233e+01,8.4523e+01,8.5647e+01,8.5869e+01,8.5608e+01,8.5950e+01,8.5382e+01,8.5414e+01,8.4860e+01,8.5576e+01,8.5001e+01,8.4534e+01,8.3405e+01,8.2825e+01,8.2342e+01,8.1713e+01,8.1877e+01,8.1482e+01,8.1284e+01,8.0701e+01,8.0960e+01,8.1742e+01,8.2068e+01,8.2131e+01,8.1559e+01,8.1731e+01,8.1605e+01,8.0945e+01,8.1030e+01,8.1735e+01,8.2171e+01,8.2184e+01,8.1420e+01,8.0890e+01,8.0251e+01,7.9894e+01,7.9752e+01,7.9508e+01,7.9252e+01,7.9205e+01,7.9314e+01,7.9384e+01,7.9423e+01,7.9584e+01,8.0046e+01,8.0428e+01,8.0519e+01,8.0975e+01,8.1552e+01,8.1172e+01,8.0960e+01,8.0761e+01,8.0414e+01,8.0445e+01,8.1045e+01,8.0888e+01,8.0650e+01,8.0791e+01,8.1509e+01,8.1809e+01,8.1952e+01,8.2513e+01,8.3334e+01,8.4197e+01,8.4907e+01,8.5270e+01,8.6142e+01,8.7097e+01,8.8026e+01,8.7853e+01,8.8570e+01,8.7956e+01,8.8613e+01,8.8229e+01,8.7005e+01,8.6909e+01,8.7639e+01,8.6551e+01,8.5542e+01,8.5275e+01,8.4549e+01,8.5203e+01,8.5347e+01,8.6473e+01,8.6347e+01,8.5245e+01,8.4526e+01,8.4114e+01,8.3773e+01,8.3025e+01,8.2878e+01,8.2764e+01,8.3330e+01,8.3519e+01,8.3755e+01,8.3233e+01,8.2543e+01,8.2012e+01,8.1963e+01,8.1794e+01,8.2367e+01,8.2328e+01,8.2407e+01,8.2792e+01,8.2999e+01,8.2970e+01,8.3673e+01,8.3628e+01,8.2849e+01,8.2868e+01,8.2544e+01,8.2421e+01,8.1845e+01,8.1611e+01,8.1264e+01,8.1475e+01,8.2065e+01,8.2281e+01,8.2697e+01,8.2726e+01,8.2820e+01,8.2904e+01
8.3773e+01,8.3582e+01,8.3430e+01,8.3028e+01,8.3090e+01,8.3303e+01,8.3452e+01,8.2993e+01,8.2382e+01,8.2591e+01,8.2635e+01,8.2076e+01,8.1752e+01,8.2069e+01,8.2220e+01,8.1691e+01,8.1595e+01,8.1077e+01,8.0592e+01,7.9993e+01,8.0044e+01,8.0251e+01,8.0552e+01,8.0754e+01,8.0584e+01,8.0860e+01,8.0290e+01,7.9786e+01,7.9323e+01,7.9086e+01,7.9099e+01,7.9117e+01,7.9007e+01,7.8834e+01,7.8910e+01,7.8956e+01,7.9288e+01,7.9499e+01,7.9713e+01,8.0001e+01,7.9803e+01,8.0137e+01,8.0179e+01,8.0868e+01,8.1242e+01,8.2009e+01,8.2068e+01,8.2608e+01,8.2848e+01,8.2898e+01,8.3934e+01,8.4225e+01,8.5350e+01,8.5576e+01,8.5320e+01,8.5669e+01,8.5107e+01,8.5135e+01,8.4583e+01,8.5295e+01,8.4726e+01,8.4267e+01,8.3138e+01,8.2566e+01,8.2082e+01,8.1457e+01,8.1626e+01,8.1233e+01,8.1033e+01,8.0452e+01,8.0720e+01,8.1510e+01,8.1841e+01,8.1908e+01,8.1332e+01,8.1511e+01,8.1381e+01,8.0714e+01,8.0801e+01,8.1509e+01,8.1952e+01,8.1963e+01,8.1196e+01,8.0665e+01,8.0020e+01,7.9661e+01,7.9518e+01,7.9271e+01,7.9005e+01,7.8956e+01,7.9067e+01,7.9132e+01,7.9167e+01,7.9319e+01,7.9784e+01,8.0158e+01,8.0238e+01,8.0697e+01,8.1265e+01,8.0888e+01,8.0671e+01,8.0478e+01,8.0132e+01,8.0169e+01,8.0768e+01,8.0612e+01,8.0381e+01,8.0517e+01,8.1232e+01,8.1527e+01,8.1663e+01,8.2222e+01,8.3041e+01,8.3906e+01,8.4614e+01,8.4976e+01,8.5847e+01,8.6801e+01,8.7726e+01,8.7552e+01,8.8270e+01,8.7658e+01,8.8310e+01,8.7926e+01,8.6706e+01,8.6610e+01,8.7339e+01,8.6253e+01,8.5246e+01,8.4979e+01,8.4254e+01,8.4909e+01,8.5055e+01,8.6183e+01,8.6058e+01,8.4952e+01,8.4229e+01,8.3817e+01,8.3477e+01,8.2727e+01,8.2579e+01,8.2459e+01,8.3025e+01,8.3215e+01,8.3455e+01,8.2934e+01,8.2238e+01,8.1708e+01,8.1663e+01,8.1494e+01,8.2071e+01,8.2029e+01,8.2105e+01,8.2494e+01,8.2706e+01,8.2679e+01,8.3386e+01,8.3339e+01,8.2554e+01,8.2575e+01,8.2249e+01,8.2126e+01,8.1546e+01,8.1314e+01,8.0969e+01,8.1184e+01,8.1775e+01,8.1993e+01,8.2416e+01,8.2450e+01,8.2541e+01,8.2625e+01
8.3596e+01,8.3400e+01,8.3248e+01,8.2851e+01,8.2918e+01,8.3131e+01,8.3281e+01,8.2827e+01,8.2212e+01,8.2418e+01,8.2465e+01,8.1909e+01,8.1581e+01,8.1894e+01,8.2047e+01,8.1522e+01,8.1429e+01,8.0914e+01,8.0434e+01,7.9830e+01,7.9891e+01,8.0097e+01,8.0407e+01,8.0604e+01,8.0423e+01,8.0693e+01,8.0117e+01,7.9611e+01,7.9146e+01,7.8913e+01,7.8918e+01,7.8941e+01,7.8840e+01,7.8664e+01,7.8751e+01,7.8796e+01,7.9140e+01,7.9347e+01,7.9555e+01,7.9839e+01,7.9631e+01,7.9966e+01,8.0004e+01,8.0692e+01,8.1073e+01,8.1840e+01,8.1896e+01,8.2425e+01,8.2654e+01,8.2693e+01,8.3721e+01,8.4002e+01,8.5119e+01,8.5341e+01,8.5077e+01,8.5425e+01,8.4867e+01,8.4905e+01,8.4363e+01,8.5080e+01,8.4519e+01,8.4056e+01,8.2933e+01,8.2362e+01,8.1873e+01,8.1250e+01,8.1410e+01,8.1014e+01,8.0806e+01,8.0232e+01,8.0506e+01,8.1293e+01,8.1633e+01,8.1711e+01,8.1143e+01,8.1333e+01,8.1210e+01,8.0546e+01,8.0645e+01,8.1361e+01,8.1815e+01,8.1836e+01,8.1065e+01,8.0529e+01,7.9876e+01,7.9510e+01,7.9354e+01,7.9103e+01,7.8828e+01,7.8786e+01,7.8911e+01,7.8979e+01,7.9006e+01,7.9159e+01,7.9631e+01,8.0012e+01,8.0092e+01,8.0562e+01,8.1133e+01,8.0757e+01,8.0534e+01,8.0345e+01,7.9992e+01,8.0033e+01,8.0635e+01,8.0475e+01,8.0242e+01,8.0370e+01,8.1088e+01,8.1385e+01,8.1509e+01,8.2071e+01,8.2887e+01,8.3764e+01,8.4467e+01,8.4818e+01,8.5688e+01,8.6646e+01,8.7566e+01,8.7376e+01,8.8092e+01,8.7473e+01,8.8114e+01,8.7730e+01,8.6514e+01,8.6409e+01,8.7130e+01,8.6045e+01,8.5047e+01,8.4788e+01,8.4073e+01,8.4731e+01,8.4873e+01,8.6005e+01,8.5875e+01,8.4762e+01,8.4042e+01,8.3633e+01,8.3286e+01,8.2535e+01,8.2381e+01,8.2265e+01,8.2829e+01,8.3011e+01,8.3245e+01,8.2726e+01,8.2031e+01,8.1497e+01,8.1447e+01,8.1273e+01,8.1842e+01,8.1800e+01,8.1883e+01,8.2270e+01,8.2476e+01,8.2453e+01,8.3161e+01,8.3122e+01,8.2341e+01,8.2363e+01,8.2044e+01,8.1921e+01,8.1337e+01,8.1101e+01,8.0756e+01,8.0972e+01,8.1565e+01,8.1777e+01,8.2201e+01,8.2239e+01,8.2328e+01,8.2417e+01
8.3309e+01,8.3112e+01,8.2962e+01,8.2563e+01,8.2628e+01,8.2847e+01,8.2998e+01,8.2540e+01,8.1917e+01,8.2124e+01,8.2172e+01,8.1609e+01,8.1274e+01,8.1593e+01,8.1747e+01,8.1211e+01,8.1122e+01,8.0604e+01,8.0117e+01,7.9506e+01,7.9559e+01,7.9757e+01,8.0063e+01,8.0253e+01,8.0066e+01,8.0327e+01,7.9747e+01,7.9245e+01,7.8778e+01,7.8553e+01,7.8569e+01,7.8604e+01,7.8497e+01,7.8308e+01,7.8389e+01,7.8420e+01,7.8758e+01,7.8954e+01,7.9153e+01,7.9433e+01,7.9226e+01,7.9560e+01,7.9602e+01,8.0287e+01,8.0671e+01,8.1440e+01,8.1504e+01,8.2037e+01,8.2266e+01,8.2314e+01,8.3350e+01,8.3639e+01,8.4765e+01,8.5001e+01,8.4745e+01,8.5106e+01,8.4555e+01,8.4587e+01,8.4043e+01,8.4756e+01,8.4197e+01,8.3743e+01,8.2615e+01,8.2050e+01,8.1560e+01,8.0939e+01,8.1107e+01,8.0714e+01,8.0504e+01,7.9926e+01,8.0213e+01,8.1015e+01,8.1358e+01,8.1440e+01,8.0860e+01,8.1054e+01,8.0922e+01,8.0245e+01,8.0340e+01,8.1060e+01,8.1520e+01,8.1532e+01,8.0754e+01,8.0218e+01,7.9558e+01,7.9192e+01,7.9038e+01,7.8781e+01,7.8494e+01,7.8444e+01,7.8567e+01,7.8624e+01,7.8647e+01,7.8785e+01,7.9259e+01,7.9629e+01,7.9698e+01,8.0170e+01,8.0734e+01,8.0360e+01,8.0134e+01,7.9951e+01,7.9599e+01,7.9647e+01,8.0247e+01,8.0091e+01,7.9868e+01,7.9995e+01,8.0710e+01,8.0998e+01,8.1119e+01,8.1675e+01,8.2491e+01,8.3365e+01,8.4070e+01,8.4425e+01,8.5301e+01,8.6261e+01,8.7187e+01,8.7002e+01,8.7724e+01,8.7104e+01,8.7752e+01,8.7367e+01,8.6144e+01,8.6042e+01,8.6771e+01,8.5683e+01,8.4677e+01,8.4412e+01,8.3688e+01,8.4347e+01,8.4488e+01,8.5624e+01,8.5492e+01,8.4371e+01,8.3643e+01,8.3235e+01,8.2895e+01,8.2139e+01,8.1981e+01,8.1855e+01,8.2416e+01,8.2599e+01,8.2839e+01,8.2324e+01,8.1622e+01,8.1089e+01,8.1047e+01,8.0874e+01,8.1449e+01,8.1403e+01,8.1479e+01,8.1873e+01,8.2090e+01,8.2070e+01,8.2784e+01,8.2742e+01,8.1952e+01,8.1979e+01,8.1658e+01,8.1541e+01,8.0954e+01,8.0723e+01,8.0381e+01,8.0602e+01,8.1197e+01,8.1416e+01,8.1850e+01,8.1897e+01,8.1988e+01,8.2073e+01
8.2890e+01,8.2695e+01,8.2546e+01,8.2142e+01,8.2208e+01,8.2431e+01,8.2589e+01,8.2119e+01,8.1490e+01,8.1710e+01,8.1757e+01,8.1182e+01,8.0847e+01,8.1177e+01,8.1334e+01,8.0788e+01,8.0698e+01,8.0174e+01,7.9680e+01,7.9062e+01,7.9107e+01,7.9300e+01,7.9599e+01,7.9784e+01,7.9593e+01,7.9848e+01,7.9261e+01,7.8763e+01,7.8291e+01,7.8072e+01,7.8102e+01,7.8145e+01,7.8026e+01,7.7823e+01,7.7893e+01,7.7911e+01,7.8242e+01,7.8429e+01,7.8621e+01,7.8900e+01,7.8700e+01,7.9036e+01,7.9086e+01,7.9769e+01,8.0156e+01,8.0931e+01,8.1005e+01,8.1548e+01,8.1782e+01,8.1841e+01,8.2890e+01,8.3192e+01,8.4333e+01,8.4581e+01,8.4333e+01,8.4707e+01,8.4158e+01,8.4185e+01,8.3634e+01,8.4349e+01,8.3788e+01,8.3339e+01,8.2201e+01,8.1639e+01,8.1148e+01,8.0526e+01,8.0707e+01,8.0316e+01,8.0109e+01,7.9521e+01,7.9816e+01,8.0635e+01,8.0978e+01,8.1060e+01,8.0466e+01,8.0661e+01,8.0520e+01,7.9827e+01,7.9917e+01,8.0643e+01,8.1107e+01,8.1109e+01,8.0319e+01,7.9780e+01,7.9110e+01,7.8741e+01,7.8593e+01,7.8327e+01,7.8030e+01,7.7968e+01,7.8084e+01,7.8128e+01,7.8146e+01,7.8269e+01,7.8741e+01,7.9102e+01,7.9163e+01,7.9636e+01,8.0195e+01,7.9824e+01,7.9598e+01,7.9420e+01,7.9073e+01,7.9128e+01,7.9726e+01,7.9579e+01,7.9368e+01,7.9499e+01,8.0215e+01,8.0492e+01,8.0615e+01,8.1163e+01,8.1983e+01,8.2852e+01,8.3562e+01,8.3925e+01,8.4812e+01,8.5775e+01,8.6715e+01,8.6540e+01,8.7271e+01,8.6649e+01,8.7315e+01,8.6925e+01,8.5686e+01,8.5591e+01,8.6334e+01,8.5237e+01,8.4214e+01,8.3937e+01,8.3199e+01,8.3859e+01,8.4003e+01,8.5146e+01,8.5014e+01,8.3885e+01,8.3141e+01,8.2729e+01,8.2396e+01,8.1635e+01,8.1478e+01,8.1342e+01,8.1906e+01,8.2100e+01,8.2350e+01,8.1831e+01,8.1119e+01,8.0591e+01,8.0557e+01,8.0394e+01,8.0983e+01,8.0938e+01,8.1003e+01,8.1399e+01,8.1626e+01,8.1599e+01,8.2315e+01,8.2263e+01,8.1463e+01,8.1491e+01,8.1165e+01,8.1051e+01,8.0463e+01,8.0242e+01,7.9900e+01,8.0134e+01,8.0742e+01,8.0976e+01,8.1425e+01,8.1473e+01,8.1567e+01,8.1641e+01
8.2636e+01,8.2440e+01,8.2293e+01,8.1881e+01,8.1943e+01,8.2172e+01,8.2332e+01,8.1854e+01,8.1220e+01,8.1444e+01,8.1488e+01,8.0904e+01,8.0567e+01,8.0903e+01,8.1058e+01,8.0503e+01,8.0411e+01,7.9881e+01,7.9384e+01,7.8761e+01,7.8803e+01,7.8991e+01,7.9289e+01,7.9470e+01,7.9271e+01,7.9521e+01,7.8924e+01,7.8427e+01,7.7951e+01,7.7737e+01,7.7773e+01,7.7826e+01,7.7705e+01,7.7491e+01,7.7559e+01,7.7567e+01,7.7897e+01,7.8075e+01,7.8260e+01,7.8535e+01,7.8335e+01,7.8673e+01,7.8728e+01,7.9411e+01,7.9803e+01,8.0583e+01,8.0665e+01,8.1213e+01,8.1449e+01,8.1516e+01,8.2576e+01,8.2887e+01,8.4036e+01,8.4291e+01,8.4049e+01,8.4429e+01,8.3882e+01,8.3905e+01,8.3350e+01,8.4066e+01,8.3504e+01,8.3057e+01,8.1912e+01,8.1350e+01,8.0857e+01,8.0232e+01,8.0418e+01,8.0026e+01,7.9819e+01,7.9226e+01,7.9531e+01,8.0361e+01,8.0708e+01,8.0793e+01,8.0191e+01,8.0392e+01,8.0246e+01,7.9542e+01,7.9632e+01,8.0365e+01,8.0836e+01,8.0835e+01,8.0036e+01,7.9494e+01,7.8815e+01,7.8443e+01,7.8294e+01,7.8023e+01,7.7715e+01,7.7647e+01,7.7765e+01,7.7802e+01,7.7813e+01,7.7926e+01,7.8402e+01,7.8755e+01,7.8810e+01,7.9287e+01,7.9843e+01,7.9473e+01,7.9244e+01,7.9069e+01,7.8722e+01,7.8783e+01,7.9382e+01,7.9239e+01,7.9035e+01,7.9167e+01,7.9887e+01,8.0157e+01,8.0276e+01,8.0820e+01,8.1644e+01,8.2514e+01,8.3224e+01,8.3588e+01,8.4483e+01,8.5444e+01,8.6395e+01,8.6223e+01,8.6957e+01,8.6335e+01,8.7013e+01,8.6622e+01,8.5373e+01,8.5282e+01,8.6035e+01,8.4934e+01,8.3900e+01,8.3615e+01,8.2866e+01,8.3525e+01,8.3669e+01,8.4817e+01,8.4686e+01,8.3549e+01,8.2794e+01,8.2380e+01,8.2052e+01,8.1285e+01,8.1127e+01,8.0982e+01,8.1546e+01,8.1745e+01,8.2002e+01,8.1482e+01,8.0760e+01,8.0234e+01,8.0208e+01,8.0047e+01,8.0648e+01,8.0596e+01,8.0653e+01,8.1058e+01,8.1298e+01,8.1273e+01,8.1992e+01,8.1933e+01,8.1125e+01,8.1158e+01,8.0825e+01,8.0713e+01,8.0116e+01,7.9896e+01,7.9554e+01,7.9794e+01,8.0409e+01,8.0651e+01,8.1114e+01,8.1163e+01,8.1258e+01,8.1330e+01
8.2328e+01,8.2131e+01,8.1979e+01,8.1566e+01,8.1634e+01,8.1867e+01,8.2033e+01,8.1546e+01,8.0907e+01,8.1140e+01,8.1183e+01,8.0591e+01,8.0250e+01,8.0594e+01,8.0752e+01,8.0188e+01,8.0093e+01,7.9558e+01,7.9054e+01,7.8424e+01,7.8462e+01,7.8653e+01,7.8948e+01,7.9134e+01,7.8937e+01,7.9190e+01,7.8582e+01,7.8079e+01,7.7590e+01,7.7372e+01,7.7418e+01,7.7472e+01,7.7337e+01,7.7113e+01,7.7169e+01,7.7172e+01,7.7496e+01,7.7672e+01,7.7852e+01,7.8136e+01,7.7945e+01,7.8291e+01,7.8356e+01,7.9045e+01,7.9444e+01,8.0235e+01,8.0327e+01,8.0887e+01,8.1127e+01,8.1203e+01,8.2274e+01,8.2590e+01,8.3746e+01,8.4007e+01,8.3764e+01,8.4150e+01,8.3604e+01,8.3627e+01,8.3070e+01,8.3787e+01,8.3223e+01,8.2776e+01,8.1625e+01,8.1060e+01,8.0564e+01,7.9932e+01,8.0121e+01,7.9723e+01,7.9513e+01,7.8910e+01,7.9219e+01,8.0060e+01,8.0410e+01,8.0494e+01,7.9885e+01,8.0085e+01,7.9936e+01,7.9222e+01,7.9308e+01,8.0048e+01,8.0519e+01,8.0511e+01,7.9703e+01,7.9154e+01,7.8466e+01,7.8088e+01,7.7943e+01,7.7662e+01,7.7348e+01,7.7267e+01,7.7379e+01,7.7404e+01,7.7410e+01,7.7514e+01,7.7983e+01,7.8331e+01,7.8386e+01,7.8863e+01,7.9419e+01,7.9054e+01,7.8830e+01,7.8662e+01,7.8324e+01,7.8394e+01,7.8997e+01,7.8866e+01,7.8668e+01,7.8812e+01,7.9540e+01,7.9803e+01,7.9929e+01,8.0469e+01,8.1302e+01,8.2168e+01,8.2886e+01,8.3258e+01,8.4164e+01,8.5128e+01,8.6093e+01,8.5926e+01,8.6661e+01,8.6034e+01,8.6723e+01,8.6333e+01,8.5073e+01,8.4983e+01,8.5746e+01,8.4639e+01,8.3593e+01,8.3300e+01,8.2540e+01,8.3198e+01,8.3341e+01,8.4491e+01,8.4360e+01,8.3218e+01,8.2451e+01,8.2035e+01,8.1713e+01,8.0939e+01,8.0780e+01,8.0627e+01,8.1194e+01,8.1402e+01,8.1667e+01,8.1141e+01,8.0411e+01,7.9885e+01,7.9862e+01,7.9705e+01,8.0319e+01,8.0271e+01,8.0322e+01,8.0728e+01,8.0974e+01,8.0946e+01,8.1667e+01,8.1603e+01,8.0787e+01,8.0825e+01,8.0489e+01,8.0383e+01,7.9776e+01,7.9558e+01,7.9203e+01,7.9451e+01,8.0078e+01,8.0331e+01,8.0806e+01,8.0856e+01,8.0953e+01,8.1017e+01
8.2093e+01,8.1892e+01,8.1735e+01,8.1320e+01,8.1394e+01,8.1629e+01,8.1798e+01,8.1303e+01,8.0663e+01,8.0903e+01,8.0948e+01,8.0347e+01,8.0004e+01,8.0355e+01,8.0520e+01,7.9950e+01,7.9853e+01,7.9314e+01,7.8803e+01,7.8170e+01,7.8202e+01,7.8397e+01,7.8685e+01,7.8877e+01,7.8685e+01,7.8941e+01,7.8327e+01,7.7823e+01,7.7326e+01,7.7105e+01,7.7162e+01,7.7212e+01,7.7063e+01,7.6831e+01,7.6874e+01,7.6873e+01,7.7187e+01,7.7362e+01,7.7541e+01,7.7833e+01,7.7655e+01,7.8006e+01,7.8080e+01,7.8773e+01,7.9175e+01,7.9976e+01,8.0076e+01,8.0650e+01,8.0897e+01,8.0985e+01,8.2068e+01,8.2397e+01,8.3562e+01,8.3829e+01,8.3592e+01,8.3980e+01,8.3431e+01,8.3448e+01,8.2883e+01,8.3597e+01,8.3028e+01,8.2584e+01,8.1428e+01,8.0862e+01,8.0370e+01,7.9733e+01,7.9930e+01,7.9529e+01,7.9320e+01,7.8704e+01,7.9009e+01,7.9857e+01,8.0205e+01,8.0281e+01,7.9664e+01,7.9856e+01,7.9705e+01,7.8984e+01,7.9062e+01,7.9804e+01,8.0270e+01,8.0256e+01,7.9440e+01,7.8887e+01,7.8195e+01,7.7814e+01,7.7677e+01,7.7388e+01,7.7076e+01,7.6982e+01,7.7082e+01,7.7095e+01,7.7098e+01,7.7194e+01,7.7649e+01,7.7989e+01,7.8046e+01,7.8516e+01,7.9071e+01,7.8715e+01,7.8501e+01,7.8341e+01,7.8014e+01,7.8091e+01,7.8698e+01,7.8577e+01,7.8385e+01,7.8540e+01,7.9274e+01,7.9533e+01,7.9666e+01,8.0203e+01,8.1046e+01,8.1908e+01,8.2634e+01,8.3015e+01,8.3932e+01,8.4895e+01,8.5872e+01,8.5708e+01,8.6440e+01,8.5810e+01,8.6511e+01,8.6126e+01,8.4858e+01,8.4772e+01,8.5546e+01,8.4437e+01,8.3379e+01,8.3074e+01,8.2301e+01,8.2954e+01,8.3094e+01,8.4242e+01,8.4114e+01,8.2969e+01,8.2195e+01,8.1777e+01,8.1462e+01,8.0684e+01,8.0527e+01,8.0364e+01,8.0933e+01,8.1156e+01,8.1432e+01,8.0900e+01,8.0163e+01,7.9644e+01,7.9631e+01,7.9489e+01,8.0119e+01,8.0073e+01,8.0110e+01,8.0516e+01,8.0773e+01,8.0736e+01,8.1455e+01,8.1378e+01,8.0555e+01,8.0592e+01,8.0247e+01,8.0141e+01,7.9527e+01,7.9312e+01,7.8949e+01,7.9208e+01,7.9852e+01,8.0113e+01,8.0595e+01,8.0639e+01,8.0729e+01,8.0788e+01
8.1839e+01,8.1638e+01,8.1483e+01,8.1066e+01,8.1141e+01,8.1384e+01,8.1556e+01,8.1053e+01,8.0406e+01,8.0652e+01,8.0697e+01,8.0086e+01,7.9737e+01,8.0098e+01,8.0266e+01,7.9686e+01,7.9589e+01,7.9046e+01,7.8529e+01,7.7892e+01,7.7917e+01,7.8115e+01,7.8398e+01,7.8596e+01,7.8407e+01,7.8666e+01,7.8044e+01,7.7534e+01,7.7023e+01,7.6798e+01,7.6865e+01,7.6917e+01,7.6756e+01,7.6510e+01,7.6540e+01,7.6530e+01,7.6836e+01,7.7004e+01,7.7174e+01,7.7472e+01,7.7306e+01,7.7670e+01,7.7760e+01,7.8461e+01,7.8875e+01,7.9690e+01,7.9801e+01,8.0388e+01,8.0642e+01,8.0739e+01,8.1833e+01,8.2167e+01,8.3339e+01,8.3608e+01,8.3371e+01,8.3760e+01,8.3209e+01,8.3224e+01,8.2656e+01,8.3369e+01,8.2797e+01,8.2353e+01,8.1192e+01,8.0625e+01,8.0132e+01,7.9490e+01,7.9690e+01,7.9285e+01,7.9074e+01,7.8450e+01,7.8762e+01,7.9621e+01,7.9971e+01,8.0046e+01,7.9420e+01,7.9611e+01,7.9454e+01,7.8723e+01,7.8796e+01,7.9543e+01,8.0008e+01,7.9988e+01,7.9164e+01,7.8607e+01,7.7908e+01,7.7523e+01,7.7390e+01,7.7092e+01,7.6772e+01,7.6664e+01,7.6757e+01,7.6755e+01,7.6751e+01,7.6830e+01,7.7278e+01,7.7606e+01,7.7660e+01,7.8132e+01,7.8684e+01,7.8336e+01,7.8129e+01,7.7980e+01,7.7664e+01,7.7754e+01,7.8368e+01,7.8260e+01,7.8075e+01,7.8243e+01,7.8985e+01,7.9238e+01,7.9379e+01,7.9914e+01,8.0768e+01,8.1629e+01,8.2364e+01,8.2753e+01,8.3678e+01,8.4645e+01,8.5628e+01,8.5468e+01,8.6205e+01,8.5575e+01,8.6282e+01,8.5893e+01,8.4619e+01,8.4536e+01,8.5315e+01,8.4200e+01,8.3134e+01,8.2823e+01,8.2039e+01,8.2693e+01,8.2831e+01,8.3984e+01,8.3852e+01,8.2696e+01,8.1906e+01,8.1488e+01,8.1179e+01,8.0392e+01,8.0230e+01,8.0052e+01,8.0620e+01,8.0850e+01,8.1136e+01,8.0604e+01,7.9853e+01,7.9336e+01,7.9336e+01,7.9195e+01,7.9842e+01,7.9792e+01,7.9818e+01,8.0233e+01,8.0503e+01,8.0468e+01,8.1188e+01,8.1106e+01,8.0277e+01,8.0323e+01,7.9974e+01,7.9873e+01,7.9248e+01,7.9030e+01,7.8652e+01,7.8912e+01,7.9563e+01,7.9828e+01,8.0320e+01,8.0368e+01,8.0457e+01,8.0513e+01
8.1697e+01,8.1495e+01,8.1344e+01,8.0924e+01,8.0996e+01,8.1243e+01,8.1416e+01,8.0908e+01,8.0255e+01,8.0503e+01,8.0546e+01,7.9930e+01,7.9576e+01,7.9945e+01,8.0111e+01,7.9522e+01,7.9425e+01,7.8876e+01,7.8356e+01,7.7716e+01,7.7737e+01,7.7934e+01,7.8216e+01,7.8413e+01,7.8223e+01,7.8484e+01,7.7854e+01,7.7340e+01,7.6820e+01,7.6596e+01,7.6671e+01,7.6730e+01,7.6563e+01,7.6308e+01,7.6333e+01,7.6311e+01,7.6612e+01,7.6770e+01,7.6932e+01,7.7230e+01,7.7070e+01,7.7442e+01,7.7545e+01,7.8252e+01,7.8672e+01,7.9498e+01,7.9617e+01,8.0215e+01,8.0475e+01,8.0579e+01,8.1682e+01,8.2020e+01,8.3199e+01,8.3470e+01,8.3230e+01,8.3622e+01,8.3068e+01,8.3083e+01,8.2512e+01,8.3228e+01,8.2651e+01,8.2205e+01,8.1039e+01,8.0470e+01,7.9975e+01,7.9329e+01,7.9531e+01,7.9124e+01,7.8911e+01,7.8283e+01,7.8602e+01,7.9472e+01,7.9823e+01,7.9900e+01,7.9267e+01,7.9460e+01,7.9298e+01,7.8559e+01,7.8630e+01,7.9380e+01,7.9848e+01,7.9824e+01,7.8994e+01,7.8436e+01,7.7731e+01,7.7345e+01,7.7214e+01,7.6913e+01,7.6585e+01,7.6473e+01,7.6564e+01,7.6555e+01,7.6551e+01,7.6616e+01,7.7067e+01,7.7381e+01,7.7421e+01,7.7891e+01,7.8434e+01,7.8091e+01,7.7883e+01,7.7742e+01,7.7433e+01,7.7532e+01,7.8148e+01,7.8049e+01,7.7870e+01,7.8046e+01,7.8793e+01,7.9040e+01,7.9187e+01,7.9718e+01,8.0580e+01,8.1437e+01,8.2178e+01,8.2575e+01,8.3508e+01,8.4478e+01,8.5470e+01,8.5315e+01,8.6059e+01,8.5427e+01,8.6143e+01,8.5749e+01,8.4467e+01,8.4386e+01,8.5170e+01,8.4047e+01,8.2973e+01,8.2657e+01,8.1863e+01,8.2519e+01,8.2656e+01,8.3812e+01,8.3675e+01,8.2510e+01,8.1709e+01,8.1289e+01,8.0986e+01,8.0192e+01,8.0027e+01,7.9838e+01,8.0402e+01,8.0636e+01,8.0927e+01,8.0399e+01,7.9643e+01,7.9131e+01,7.9143e+01,7.9002e+01,7.9654e+01,7.9596e+01,7.9615e+01,8.0037e+01,8.0317e+01,8.0286e+01,8.1005e+01,8.0922e+01,8.0091e+01,8.0143e+01,7.9791e+01,7.9694e+01,7.9061e+01,7.8841e+01,7.8453e+01,7.8714e+01,7.9370e+01,7.9637e+01,8.0135e+01,8.0186e+01,8.0272e+01,8.0330e+01
8.1494e+01,8.1296e+01,8.1144e+01,8.0722e+01,8.0793e+01,8.1046e+01,8.1221e+01,8.0713e+01,8.0053e+01,8.0300e+01,8.0344e+01,7.9724e+01,7.9365e+01,7.9735e+01,7.9903e+01,7.9308e+01,7.9214e+01,7.8661e+01,7.8142e+01,7.7498e+01,7.7518e+01,7.7714e+01,7.7996e+01,7.8192e+01,7.7998e+01,7.8256e+01,7.7620e+01,7.7106e+01,7.6582e+01,7.6359e+01,7.6436e+01,7.6500e+01,7.6331e+01,7.6069e+01,7.6093e+01,7.6063e+01,7.6364e+01,7.6513e+01,7.6667e+01,7.6961e+01,7.6803e+01,7.7179e+01,7.7290e+01,7.7995e+01,7.8422e+01,7.9253e+01,7.9379e+01,7.9979e+01,8.0235e+01,8.0340e+01,8.1445e+01,8.1781e+01,8.2961e+01,8.3234e+01,8.2991e+01,8.3388e+01,8.2838e+01,8.2857e+01,8.2289e+01,8.3010e+01,8.2436e+01,8.1989e+01,8.0821e+01,8.0251e+01,7.9752e+01,7.9106e+01,7.9307e+01,7.8900e+01,7.8682e+01,7.8055e+01,7.8381e+01,7.9257e+01,7.9613e+01,7.9693e+01,7.9057e+01,7.9253e+01,7.9090e+01,7.8346e+01,7.8418e+01,7.9172e+01,7.9643e+01,7.9617e+01,7.8783e+01,7.8223e+01,7.7514e+01,7.7125e+01,7.6993e+01,7.6688e+01,7.6353e+01,7.6239e+01,7.6332e+01,7.6319e+01,7.6311e+01,7.6370e+01,7.6828e+01,7.7136e+01,7.7167e+01,7.7640e+01,7.8177e+01,7.7833e+01,7.7622e+01,7.7487e+01,7.7180e+01,7.7287e+01,7.7905e+01,7.7810e+01,7.7637e+01,7.7815e+01,7.8564e+01,7.8807e+01,7.8952e+01,7.9481e+01,8.0346e+01,8.1206e+01,8.1948e+01,8.2342e+01,8.3282e+01,8.4257e+01,8.5255e+01,8.5096e+01,8.5839e+01,8.5201e+01,8.5920e+01,8.5527e+01,8.4238e+01,8.4153e+01,8.4940e+01,8.3813e+01,8.2736e+01,8.2418e+01,8.1622e+01,8.2276e+01,8.2410e+01,8.3566e+01,8.3426e+01,8.2254e+01,8.1447e+01,8.1031e+01,8.0730e+01,7.9931e+01,7.9758e+01,7.9565e+01,8.0125e+01,8.0359e+01,8.0653e+01,8.0126e+01,7.9364e+01,7.8850e+01,7.8867e+01,7.8717e+01,7.9374e+01,7.9311e+01,7.9330e+01,7.9760e+01,8.0045e+01,8.0017e+01,8.0740e+01,8.0659e+01,7.9826e+01,7.9884e+01,7.9537e+01,7.9446e+01,7.8811e+01,7.8595e+01,7.8206e+01,7.8467e+01,7.9122e+01,7.9390e+01,7.9891e+01,7.9943e+01,8.0030e+01,8.0087e+01
8.1191e+01,8.0998e+01,8.0851e+01,8.0426e+01,8.0494e+01,8.0751e+01,8.0928e+01,8.0418e+01,7.9756e+01,8.0005e+01,8.0052e+01,7.9428e+01,7.9068e+01,7.9444e+01,7.9613e+01,7.9018e+01,7.8930e+01,7.8371e+01,7.7851e+01,7.7208e+01,7.7223e+01,7.7415e+01,7.7693e+01,7.7886e+01,7.7693e+01,7.7948e+01,7.7311e+01,7.6801e+01,7.6277e+01,7.6057e+01,7.6143e+01,7.6211e+01,7.6036e+01,7.5770e+01,7.5784e+01,7.5746e+01,7.6034e+01,7.6174e+01,7.6321e+01,7.6614e+01,7.6470e+01,7.6847e+01,7.6966e+01,7.7667e+01,7.8094e+01,7.8928e+01,7.9060e+01,7.9669e+01,7.9930e+01,8.0042e+01,8.1154e+01,8.1495e+01,8.2684e+01,8.2962e+01,8.2719e+01,8.3121e+01,8.2570e+01,8.2588e+01,8.2017e+01,8.2739e+01,8.2163e+01,8.1717e+01,8.0544e+01,7.9975e+01,7.9474e+01,7.8827e+01,7.9033e+01,7.8627e+01,7.8411e+01,7.7783e+01,7.8113e+01,7.8996e+01,7.9351e+01,7.9431e+01,7.8788e+01,7.8986e+01,7.8817e+01,7.8066e+01,7.8134e+01,7.8888e+01,7.9360e+01,7.9328e+01,7.8490e+01,7.7931e+01,7.7220e+01,7.6834e+01,7.6709e+01,7.6404e+01,7.6068e+01,7.5949e+01,7.6033e+01,7.6012e+01,7.6008e+01,7.6054e+01,7.6509e+01,7.6800e+01,7.6818e+01,7.7284e+01,7.7808e+01,7.7469e+01,7.7259e+01,7.7132e+01,7.6834e+01,7.6947e+01,7.7560e+01,7.7476e+01,7.7311e+01,7.7494e+01,7.8242e+01,7.8479e+01,7.8628e+01,7.9150e+01,8.0019e+01,8.0874e+01,8.1620e+01,8.2021e+01,8.2968e+01,8.3947e+01,8.4954e+01,8.4800e+01,8.5551e+01,8.4913e+01,8.5643e+01,8.5244e+01,8.3944e+01,8.3865e+01,8.4660e+01,8.3522e+01,8.2435e+01,8.2113e+01,8.1306e+01,8.1960e+01,8.2094e+01,8.3254e+01,8.3113e+01,8.1933e+01,8.1115e+01,8.0697e+01,8.0402e+01,7.9600e+01,7.9426e+01,7.9227e+01,7.9787e+01,8.0027e+01,8.0328e+01,7.9799e+01,7.9036e+01,7.8529e+01,7.8549e+01,7.8405e+01,7.9062e+01,7.9002e+01,7.9017e+01,7.9445e+01,7.9733e+01,7.9702e+01,8.0426e+01,8.0341e+01,7.9505e+01,7.9565e+01,7.9217e+01,7.9131e+01,7.8499e+01,7.8291e+01,7.7903e+01,7.8166e+01,7.8815e+01,7.9096e+01,7.9597e+01,7.9647e+01,7.9739e+01,7.9789e+01
8.0926e+01,8.0736e+01,8.0587e+01,8.0165e+01,8.0236e+01,8.0492e+01,8.0674e+01,8.0165e+01,7.9504e+01,7.9759e+01,7.9811e+01,7.9188e+01,7.8829e+01,7.9208e+01,7.9385e+01,7.8793e+01,7.8711e+01,7.8151e+01,7.7628e+01,7.6986e+01,7.6997e+01,7.7192e+01,7.7465e+01,7.7661e+01,7.7473e+01,7.7732e+01,7.7096e+01,7.6587e+01,7.6060e+01,7.5836e+01,7.5929e+01,7.5993e+01,7.5809e+01,7.5540e+01,7.5544e+01,7.5504e+01,7.5783e+01,7.5924e+01,7.6071e+01,7.6372e+01,7.6240e+01,7.6621e+01,7.6747e+01,7.7451e+01,7.7877e+01,7.8716e+01,7.8850e+01,7.9467e+01,7.9735e+01,7.9851e+01,8.0971e+01,8.1316e+01,8.2513e+01,8.2791e+01,8.2547e+01,8.2947e+01,8.2390e+01,8.2406e+01,8.1829e+01,8.2551e+01,8.1971e+01,8.1525e+01,8.0348e+01,7.9777e+01,7.9277e+01,7.8629e+01,7.8837e+01,7.8430e+01,7.8216e+01,7.7585e+01,7.7913e+01,7.8796e+01,7.9149e+01,7.9226e+01,7.8581e+01,7.8777e+01,7.8605e+01,7.7851e+01,7.7915e+01,7.8668e+01,7.9139e+01,7.9101e+01,7.8259e+01,7.7701e+01,7.6989e+01,7.6605e+01,7.6487e+01,7.6180e+01,7.5847e+01,7.5719e+01,7.5793e+01,7.5765e+01,7.5761e+01,7.5801e+01,7.6250e+01,7.6534e+01,7.6551e+01,7.7014e+01,7.7538e+01,7.7201e+01,7.6997e+01,7.6872e+01,7.6582e+01,7.6698e+01,7.7313e+01,7.7234e+01,7.7072e+01,7.7263e+01,7.8012e+01,7.8247e+01,7.8404e+01,7.8926e+01,7.9803e+01,8.0655e+01,8.1409e+01,8.1818e+01,8.2767e+01,8.3752e+01,8.4761e+01,8.4614e+01,8.5374e+01,8.4739e+01,8.5471e+01,8.5064e+01,8.3762e+01,8.3687e+01,8.4482e+01,8.3336e+01,8.2245e+01,8.1923e+01,8.1111e+01,8.1772e+01,8.1911e+01,8.3078e+01,8.2937e+01,8.1750e+01,8.0922e+01,8.0499e+01,8.0204e+01,7.9396e+01,7.9223e+01,7.9019e+01,7.9583e+01,7.9832e+01,8.0138e+01,7.9603e+01,7.8835e+01,7.8330e+01,7.8351e+01,7.8207e+01,7.8864e+01,7.8808e+01,7.8826e+01,7.9253e+01,7.9538e+01,7.9506e+01,8.0233e+01,8.0147e+01,7.9306e+01,7.9366e+01,7.9012e+01,7.8927e+01,7.8292e+01,7.8087e+01,7.7694e+01,7.7956e+01,7.8608e+01,7.8895e+01,7.9396e+01,7.9445e+01,7.9535e+01,7.9579e+01
8.0603e+01,8.0411e+01,8.0264e+01,7.9836e+01,7.9904e+01,8.0160e+01,8.0343e+01,7.9828e+01,7.9166e+01,7.9427e+01,7.9478e+01,7.8849e+01,7.8491e+01,7.8879e+01,7.9057e+01,7.8461e+01,7.8381e+01,7.7820e+01,7.7290e+01,7.6646e+01,7.6651e+01,7.6850e+01,7.7116e+01,7.7318e+01,7.7138e+01,7.7403e+01,7.6767e+01,7.6258e+01,7.5725e+01,7.5496e+01,7.5598e+01,7.5656e+01,7.5462e+01,7.5190e+01,7.5183e+01,7.5141e+01,7.5410e+01,7.5550e+01,7.5698e+01,7.6005e+01,7.5887e+01,7.6274e+01,7.6410e+01,7.7119e+01,7.7545e+01,7.8392e+01,7.8530e+01,7.9161e+01,7.9442e+01,7.9568e+01,8.0701e+01,8.1058e+01,8.2268e+01,8.2549e+01,8.2310e+01,8.2713e+01,8.2151e+01,8.2158e+01,8.1570e+01,8.2287e+01,8.1698e+01,8.1255e+01,8.0070e+01,7.9498e+01,7.9003e+01,7.8347e+01,7.8562e+01,7.8150e+01,7.7935e+01,7.7291e+01,7.7615e+01,7.8505e+01,7.8854e+01,7.8923e+01,7.8270e+01,7.8457e+01,7.8281e+01,7.7523e+01,7.7579e+01,7.8332e+01,7.8797e+01,7.8753e+01,7.7908e+01,7.7348e+01,7.6637e+01,7.6253e+01,7.6143e+01,7.5833e+01,7.5504e+01,7.5367e+01,7.5431e+01,7.5396e+01,7.5395e+01,7.5430e+01,7.5869e+01,7.6141e+01,7.6156e+01,7.6611e+01,7.7130e+01,7.6801e+01,7.6605e+01,7.6486e+01,7.6205e+01,7.6325e+01,7.6942e+01,7.6871e+01,7.6713e+01,7.6913e+01,7.7665e+01,7.7897e+01,7.8065e+01,7.8587e+01,7.9474e+01,8.0322e+01,8.1087e+01,8.1510e+01,8.2463e+01,8.3453e+01,8.4468e+01,8.4330e+01,8.5101e+01,8.4470e+01,8.5210e+01,8.4794e+01,8.3484e+01,8.3418e+01,8.4218e+01,8.3063e+01,8.1961e+01,8.1635e+01,8.0811e+01,8.1475e+01,8.1622e+01,8.2800e+01,8.2662e+01,8.1464e+01,8.0621e+01,8.0188e+01,7.9896e+01,7.9082e+01,7.8916e+01,7.8699e+01,7.9268e+01,7.9529e+01,7.9846e+01,7.9306e+01,7.8526e+01,7.8024e+01,7.8055e+01,7.7918e+01,7.8588e+01,7.8525e+01,7.8536e+01,7.8971e+01,7.9268e+01,7.9234e+01,7.9963e+01,7.9869e+01,7.9017e+01,7.9076e+01,7.8709e+01,7.8622e+01,7.7981e+01,7.7775e+01,7.7373e+01,7.7633e+01,7.8288e+01,7.8576e+01,7.9081e+01,7.9130e+01,7.9217e+01,7.9258e+01
8.0231e+01,8.0039e+01,7.9896e+01,7.9466e+01,7.9533e+01,7.9795e+01,7.9978e+01,7.9462e+01,7.8794e+01,7.9052e+01,7.9103e+01,7.8471e+01,7.8108e+01,7.8499e+01,7.8679e+01,7.8077e+01,7.8001e+01,7.7439e+01,7.6906e+01,7.6258e+01,7.6261e+01,7.6458e+01,7.6724e+01,7.6924e+01,7.6740e+01,7.7001e+01,7.6359e+01,7.5850e+01,7.5312e+01,7.5086e+01,7.5194e+01,7.5258e+01,7.5062e+01,7.4781e+01,7.4771e+01,7.4717e+01,7.4983e+01,7.5109e+01,7.5242e+01,7.5542e+01,7.5430e+01,7.5823e+01,7.5971e+01,7.6680e+01,7.7116e+01,7.7972e+01,7.8118e+01,7.8754e+01,7.9034e+01,7.9165e+01,8.0304e+01,8.0664e+01,8.1878e+01,8.2164e+01,8.1926e+01,8.2332e+01,8.1771e+01,8.1778e+01,8.1189e+01,8.1908e+01,8.1318e+01,8.0876e+01,7.9688e+01,7.9116e+01,7.8620e+01,7.7963e+01,7.8179e+01,7.7766e+01,7.7549e+01,7.6903e+01,7.7233e+01,7.8130e+01,7.8482e+01,7.8554e+01,7.7898e+01,7.8090e+01,7.7912e+01,7.7148e+01,7.7205e+01,7.7962e+01,7.8434e+01,7.8388e+01,7.7538e+01,7.6977e+01,7.6258e+01,7.5872e+01,7.5760e+01,7.5444e+01,7.5105e+01,7.4965e+01,7.5031e+01,7.4990e+01,7.4983e+01,7.5006e+01,7.5450e+01,7.5711e+01,7.5710e+01,7.6170e+01,7.6676e+01,7.6354e+01,7.6154e+01,7.6049e+01,7.5771e+01,7.5903e+01,7.6522e+01,7.6457e+01,7.6306e+01,7.6508e+01,7.7261e+01,7.7488e+01,7.7654e+01,7.8174e+01,7.9068e+01,7.9920e+01,8.0689e+01,8.1113e+01,8.2073e+01,8.3066e+01,8.4085e+01,8.3944e+01,8.4717e+01,8.4080e+01,8.4823e+01,8.4407e+01,8.3091e+01,8.3020e+01,8.3826e+01,8.2667e+01,8.1560e+01,8.1229e+01,8.0398e+01,8.1063e+01,8.1206e+01,8.2388e+01,8.2244e+01,8.1037e+01,8.0185e+01,7.9755e+01,7.9468e+01,7.8649e+01,7.8475e+01,7.8248e+01,7.8811e+01,7.9070e+01,7.9392e+01,7.8858e+01,7.8070e+01,7.7572e+01,7.7616e+01,7.7479e+01,7.8152e+01,7.8075e+01,7.8077e+01,7.8526e+01,7.8837e+01,7.8812e+01,7.9543e+01,7.9449e+01,7.8591e+01,7.8660e+01,7.8295e+01,7.8214e+01,7.7567e+01,7.7365e+01,7.6959e+01,7.7225e+01,7.7887e+01,7.8175e+01,7.8685e+01,7.8739e+01,7.8824e+01,7.8865e+01
7.9928e+01,7.9737e+01,7.9595e+01,7.9162e+01,7.9229e+01,7.9493e+01,7.9679e+01,7.9161e+01,7.8490e+01,7.8751e+01,7.8802e+01,7.8168e+01,7.7803e+01,7.8196e+01,7.8377e+01,7.7771e+01,7.7697e+01,7.7131e+01,7.6597e+01,7.5944e+01,7.5949e+01,7.6146e+01,7.6415e+01,7.6615e+01,7.6427e+01,7.6689e+01,7.6039e+01,7.5527e+01,7.4981e+01,7.4755e+01,7.4867e+01,7.4934e+01,7.4735e+01,7.4446e+01,7.4434e+01,7.4373e+01,7.4638e+01,7.4756e+01,7.4879e+01,7.5178e+01,7.5071e+01,7.5471e+01,7.5629e+01,7.6341e+01,7.6785e+01,7.7649e+01,7.7802e+01,7.8444e+01,7.8726e+01,7.8861e+01,8.0007e+01,8.0371e+01,8.1590e+01,8.1877e+01,8.1638e+01,8.2044e+01,8.1479e+01,8.1487e+01,8.0896e+01,8.1618e+01,8.1026e+01,8.0581e+01,7.9388e+01,7.8812e+01,7.8311e+01,7.7650e+01,7.7865e+01,7.7449e+01,7.7228e+01,7.6580e+01,7.6914e+01,7.7816e+01,7.8173e+01,7.8251e+01,7.7592e+01,7.7791e+01,7.7611e+01,7.6842e+01,7.6902e+01,7.7665e+01,7.8141e+01,7.8093e+01,7.7237e+01,7.6673e+01,7.5948e+01,7.5558e+01,7.5443e+01,7.5122e+01,7.4776e+01,7.4633e+01,7.4702e+01,7.4655e+01,7.4644e+01,7.4659e+01,7.5106e+01,7.5361e+01,7.5350e+01,7.5813e+01,7.6312e+01,7.5995e+01,7.5794e+01,7.5698e+01,7.5425e+01,7.5565e+01,7.6188e+01,7.6129e+01,7.5982e+01,7.6188e+01,7.6947e+01,7.7170e+01,7.7338e+01,7.7856e+01,7.8757e+01,7.9613e+01,8.0384e+01,8.0811e+01,8.1780e+01,8.2776e+01,8.3802e+01,8.3659e+01,8.4432e+01,8.3789e+01,8.4537e+01,8.4123e+01,8.2799e+01,8.2727e+01,8.3539e+01,8.2377e+01,8.1262e+01,8.0925e+01,8.0087e+01,8.0751e+01,8.0889e+01,8.2073e+01,8.1925e+01,8.0713e+01,7.9853e+01,7.9426e+01,7.9146e+01,7.8322e+01,7.8146e+01,7.7911e+01,7.8470e+01,7.8732e+01,7.9058e+01,7.8526e+01,7.7733e+01,7.7239e+01,7.7292e+01,7.7158e+01,7.7837e+01,7.7759e+01,7.7751e+01,7.8205e+01,7.8524e+01,7.8500e+01,7.9232e+01,7.9135e+01,7.8272e+01,7.8346e+01,7.7977e+01,7.7900e+01,7.7246e+01,7.7044e+01,7.6630e+01,7.6896e+01,7.7563e+01,7.7850e+01,7.8366e+01,7.8424e+01,7.8511e+01,7.8553e+01
7.9755e+01,7.9562e+01,7.9419e+01,7.8988e+01,7.9057e+01,7.9323e+01,7.9511e+01,7.8994e+01,7.8322e+01,7.8582e+01,7.8637e+01,7.8004e+01,7.7636e+01,7.8029e+01,7.8214e+01,7.7611e+01,7.7544e+01,7.6979e+01,7.6448e+01,7.5795e+01,7.5801e+01,7.5994e+01,7.6263e+01,7.6458e+01,7.6266e+01,7.6522e+01,7.5870e+01,7.5361e+01,7.4816e+01,7.4597e+01,7.4710e+01,7.4784e+01,7.4588e+01,7.4295e+01,7.4286e+01,7.4217e+01,7.4481e+01,7.4588e+01,7.4703e+01,7.4990e+01,7.4883e+01,7.5279e+01,7.5441e+01,7.6146e+01,7.6595e+01,7.7461e+01,7.7619e+01,7.8260e+01,7.8537e+01,7.8672e+01,7.9816e+01,8.0176e+01,8.1392e+01,8.1681e+01,8.1438e+01,8.1846e+01,8.1285e+01,8.1298e+01,8.0712e+01,8.1437e+01,8.0848e+01,8.0402e+01,7.9211e+01,7.8635e+01,7.8131e+01,7.7473e+01,7.7684e+01,7.7270e+01,7.7048e+01,7.6407e+01,7.6747e+01,7.7648e+01,7.8008e+01,7.8095e+01,7.7438e+01,7.7643e+01,7.7464e+01,7.6694e+01,7.6758e+01,7.7521e+01,7.8003e+01,7.7956e+01,7.7101e+01,7.6538e+01,7.5811e+01,7.5421e+01,7.5302e+01,7.4982e+01,7.4631e+01,7.4490e+01,7.4564e+01,7.4518e+01,7.4504e+01,7.4515e+01,7.4968e+01,7.5221e+01,7.5200e+01,7.5665e+01,7.6153e+01,7.5831e+01,7.5618e+01,7.5526e+01,7.5252e+01,7.5398e+01,7.6018e+01,7.5962e+01,7.5820e+01,7.6024e+01,7.6782e+01,7.7001e+01,7.7164e+01,7.7678e+01,7.8579e+01,7.9438e+01,8.0208e+01,8.0632e+01,8.1605e+01,8.2602e+01,8.3629e+01,8.3480e+01,8.4250e+01,8.3601e+01,8.4345e+01,8.3936e+01,8.2610e+01,8.2530e+01,8.3343e+01,8.2183e+01,8.1069e+01,8.0731e+01,7.9894e+01,8.0556e+01,8.0689e+01,8.1872e+01,8.1715e+01,8.0499e+01,7.9640e+01,7.9219e+01,7.8942e+01,7.8118e+01,7.7935e+01,7.7699e+01,7.8249e+01,7.8504e+01,7.8827e+01,7.8303e+01,7.7514e+01,7.7027e+01,7.7085e+01,7.6951e+01,7.7622e+01,7.7540e+01,7.7528e+01,7.7981e+01,7.8303e+01,7.8286e+01,7.9013e+01,7.8920e+01,7.8062e+01,7.8144e+01,7.7781e+01,7.7711e+01,7.7059e+01,7.6863e+01,7.6453e+01,7.6724e+01,7.7390e+01,7.7680e+01,7.8193e+01,7.8252e+01,7.8340e+01,7.8385e+01
7.9344e+01,7.9155e+01,7.9011e+01,7.8573e+01,7.8642e+01,7.8914e+01,7.9107e+01,7.8588e+01,7.7909e+01,7.8171e+01,7.8229e+01,7.7591e+01,7.7219e+01,7.7612e+01,7.7800e+01,7.7194e+01,7.7134e+01,7.6566e+01,7.6034e+01,7.5381e+01,7.5385e+01,7.5574e+01,7.5843e+01,7.6037e+01,7.5843e+01,7.6098e+01,7.5444e+01,7.4935e+01,7.4388e+01,7.4173e+01,7.4293e+01,7.4373e+01,7.4175e+01,7.3878e+01,7.3868e+01,7.3791e+01,7.4056e+01,7.4155e+01,7.4264e+01,7.4544e+01,7.4436e+01,7.4833e+01,7.5000e+01,7.5706e+01,7.6159e+01,7.7030e+01,7.7191e+01,7.7838e+01,7.8119e+01,7.8260e+01,7.9414e+01,7.9782e+01,8.1010e+01,8.1300e+01,8.1061e+01,8.1470e+01,8.0902e+01,8.0909e+01,8.0315e+01,8.1039e+01,8.0446e+01,8.0001e+01,7.8806e+01,7.8231e+01,7.7729e+01,7.7070e+01,7.7287e+01,7.6875e+01,7.6656e+01,7.6011e+01,7.6354e+01,7.7262e+01,7.7620e+01,7.7707e+01,7.7043e+01,7.7250e+01,7.7064e+01,7.6289e+01,7.6352e+01,7.7115e+01,7.7601e+01,7.7551e+01,7.6694e+01,7.6135e+01,7.5405e+01,7.5018e+01,7.4900e+01,7.4581e+01,7.4224e+01,7.4084e+01,7.4159e+01,7.4113e+01,7.4100e+01,7.4104e+01,7.4569e+01,7.4817e+01,7.4782e+01,7.5256e+01,7.5741e+01,7.5415e+01,7.5192e+01,7.5100e+01,7.4821e+01,7.4970e+01,7.5589e+01,7.5532e+01,7.5394e+01,7.5597e+01,7.6355e+01,7.6573e+01,7.6735e+01,7.7249e+01,7.8154e+01,7.9018e+01,7.9792e+01,8.0218e+01,8.1198e+01,8.2201e+01,8.3235e+01,8.3086e+01,8.3863e+01,8.3212e+01,8.3962e+01,8.3547e+01,8.2214e+01,8.2136e+01,8.2955e+01,8.1786e+01,8.0664e+01,8.0322e+01,7.9477e+01,8.0143e+01,8.0277e+01,8.1469e+01,8.1311e+01,8.0085e+01,7.9214e+01,7.8790e+01,7.8515e+01,7.7686e+01,7.7502e+01,7.7260e+01,7.7810e+01,7.8069e+01,7.8398e+01,7.7873e+01,7.7078e+01,7.6594e+01,7.6659e+01,7.6532e+01,7.7212e+01,7.7131e+01,7.7108e+01,7.7565e+01,7.7895e+01,7.7875e+01,7.8604e+01,7.8505e+01,7.7642e+01,7.7726e+01,7.7360e+01,7.7293e+01,7.6638e+01,7.6445e+01,7.6033e+01,7.6307e+01,7.6977e+01,7.7271e+01,7.7787e+01,7.7850e+01,7.7945e+01,7.7991e+01
7.9049e+01,7.8860e+01,7.8716e+01,7.8278e+01,7.8348e+01,7.8625e+01,7.8820e+01,7.8301e+01,7.7619e+01,7.7880e+01,7.7939e+01,7.7300e+01,7.6925e+01,7.7319e+01,7.7509e+01,7.6901e+01,7.6848e+01,7.6283e+01,7.5753e+01,7.5098e+01,7.5103e+01,7.5287e+01,7.5556e+01,7.5747e+01,7.5548e+01,7.5798e+01,7.5141e+01,7.4636e+01,7.4089e+01,7.3882e+01,7.4004e+01,7.4093e+01,7.3899e+01,7.3596e+01,7.3591e+01,7.3503e+01,7.3771e+01,7.3859e+01,7.3956e+01,7.4222e+01,7.4109e+01,7.4504e+01,7.4674e+01,7.5375e+01,7.5835e+01,7.6709e+01,7.6875e+01,7.7521e+01,7.7799e+01,7.7942e+01,7.9097e+01,7.9468e+01,8.0697e+01,8.0992e+01,8.0755e+01,8.1167e+01,8.0602e+01,8.0608e+01,8.0014e+01,8.0737e+01,8.0146e+01,7.9703e+01,7.8508e+01,7.7937e+01,7.7435e+01,7.6780e+01,7.7000e+01,7.6592e+01,7.6375e+01,7.5732e+01,7.6080e+01,7.6992e+01,7.7348e+01,7.7437e+01,7.6770e+01,7.6980e+01,7.6791e+01,7.6013e+01,7.6077e+01,7.6840e+01,7.7331e+01,7.7282e+01,7.6426e+01,7.5870e+01,7.5139e+01,7.4754e+01,7.4633e+01,7.4316e+01,7.3951e+01,7.3815e+01,7.3895e+01,7.3850e+01,7.3834e+01,7.3831e+01,7.4307e+01,7.4554e+01,7.4506e+01,7.4991e+01,7.5470e+01,7.5139e+01,7.4902e+01,7.4813e+01,7.4526e+01,7.4680e+01,7.5298e+01,7.5240e+01,7.5106e+01,7.5304e+01,7.6059e+01,7.6274e+01,7.6429e+01,7.6942e+01,7.7847e+01,7.8717e+01,7.9490e+01,7.9913e+01,8.0896e+01,8.1901e+01,8.2937e+01,8.2782e+01,8.3557e+01,8.2900e+01,8.3649e+01,8.3238e+01,8.1901e+01,8.1817e+01,8.2639e+01,8.1470e+01,8.0346e+01,8.0002e+01,7.9158e+01,7.9824e+01,7.9951e+01,8.1143e+01,8.0976e+01,7.9744e+01,7.8871e+01,7.8454e+01,7.8182e+01,7.7349e+01,7.7156e+01,7.6908e+01,7.7448e+01,7.7705e+01,7.8037e+01,7.7519e+01,7.6722e+01,7.6246e+01,7.6322e+01,7.6198e+01,7.6880e+01,7.6796e+01,7.6760e+01,7.7221e+01,7.7562e+01,7.7547e+01,7.8272e+01,7.8172e+01,7.7309e+01,7.7402e+01,7.7041e+01,7.6981e+01,7.6323e+01,7.6136e+01,7.5722e+01,7.6003e+01,7.6679e+01,7.6976e+01,7.7499e+01,7.7563e+01,7.7656e+01,7.7700e+01
7.8806e+01,7.8616e+01,7.8472e+01,7.8030e+01,7.8098e+01,7.8377e+01,7.8569e+01,7.8046e+01,7.7364e+01,7.7623e+01,7.7677e+01,7.7038e+01,7.6663e+01,7.7056e+01,7.7239e+01,7.6627e+01,7.6571e+01,7.6003e+01,7.5470e+01,7.4812e+01,7.4822e+01,7.5009e+01,7.5285e+01,7.5476e+01,7.5272e+01,7.5524e+01,7.4859e+01,7.4347e+01,7.3792e+01,7.3584e+01,7.3704e+01,7.3795e+01,7.3603e+01,7.3294e+01,7.3294e+01,7.3203e+01,7.3481e+01,7.3566e+01,7.3655e+01,7.3922e+01,7.3800e+01,7.4205e+01,7.4380e+01,7.5091e+01,7.5564e+01,7.6449e+01,7.6617e+01,7.7263e+01,7.7537e+01,7.7676e+01,7.8837e+01,7.9204e+01,8.0437e+01,8.0732e+01,8.0490e+01,8.0903e+01,8.0334e+01,8.0343e+01,7.9748e+01,8.0477e+01,7.9883e+01,7.9434e+01,7.8235e+01,7.7658e+01,7.7152e+01,7.6492e+01,7.6711e+01,7.6299e+01,7.6079e+01,7.5433e+01,7.5784e+01,7.6699e+01,7.7058e+01,7.7149e+01,7.6482e+01,7.6695e+01,7.6508e+01,7.5729e+01,7.5798e+01,7.6566e+01,7.7061e+01,7.7017e+01,7.6158e+01,7.5597e+01,7.4860e+01,7.4469e+01,7.4342e+01,7.4020e+01,7.3648e+01,7.3511e+01,7.3600e+01,7.3555e+01,7.3530e+01,7.3524e+01,7.4008e+01,7.4264e+01,7.4216e+01,7.4721e+01,7.5210e+01,7.4877e+01,7.4634e+01,7.4546e+01,7.4252e+01,7.4411e+01,7.5039e+01,7.4979e+01,7.4841e+01,7.5037e+01,7.5800e+01,7.6020e+01,7.6171e+01,7.6693e+01,7.7605e+01,7.8489e+01,7.9268e+01,7.9687e+01,8.0676e+01,8.1689e+01,8.2729e+01,8.2568e+01,8.3345e+01,8.2682e+01,8.3429e+01,8.3019e+01,8.1675e+01,8.1585e+01,8.2409e+01,8.1235e+01,8.0107e+01,7.9762e+01,7.8919e+01,7.9591e+01,7.9714e+01,8.0913e+01,8.0738e+01,7.9494e+01,7.8617e+01,7.8203e+01,7.7927e+01,7.7081e+01,7.6878e+01,7.6625e+01,7.7164e+01,7.7416e+01,7.7750e+01,7.7234e+01,7.6429e+01,7.5949e+01,7.6030e+01,7.5902e+01,7.6592e+01,7.6502e+01,7.6462e+01,7.6932e+01,7.7280e+01,7.7268e+01,7.7999e+01,7.7902e+01,7.7032e+01,7.7130e+01,7.6769e+01,7.6710e+01,7.6043e+01,7.5852e+01,7.5429e+01,7.5713e+01,7.6399e+01,7.6695e+01,7.7225e+01,7.7292e+01,7.7383e+01,7.7428e+01
7.8538e+01,7.8348e+01,7.8210e+01,7.7766e+01,7.7829e+01,7.8113e+01,7.8304e+01,7.7780e+01,7.7095e+01,7.7352e+01,7.7403e+01,7.6762e+01,7.6385e+01,7.6780e+01,7.6962e+01,7.6347e+01,7.6296e+01,7.5734e+01,7.5203e+01,7.4546e+01,7.4554e+01,7.4739e+01,7.5014e+01,7.5206e+01,7.5001e+01,7.5255e+01,7.4590e+01,7.4078e+01,7.3524e+01,7.3321e+01,7.3445e+01,7.3542e+01,7.3351e+01,7.3040e+01,7.3042e+01,7.2942e+01,7.3221e+01,7.3296e+01,7.3379e+01,7.3640e+01,7.3518e+01,7.3927e+01,7.4107e+01,7.4823e+01,7.5299e+01,7.6190e+01,7.6356e+01,7.7006e+01,7.7287e+01,7.7425e+01,7.8592e+01,7.8964e+01,8.0205e+01,8.0497e+01,8.0259e+01,8.0669e+01,8.0094e+01,8.0095e+01,7.9493e+01,8.0217e+01,7.9617e+01,7.9170e+01,7.7970e+01,7.7394e+01,7.6893e+01,7.6234e+01,7.6459e+01,7.6052e+01,7.5840e+01,7.5193e+01,7.5545e+01,7.6460e+01,7.6812e+01,7.6902e+01,7.6230e+01,7.6444e+01,7.6250e+01,7.5469e+01,7.5537e+01,7.6300e+01,7.6797e+01,7.6753e+01,7.5898e+01,7.5344e+01,7.4609e+01,7.4225e+01,7.4098e+01,7.3782e+01,7.3406e+01,7.3274e+01,7.3365e+01,7.3324e+01,7.3304e+01,7.3292e+01,7.3800e+01,7.4054e+01,7.3986e+01,7.4501e+01,7.4986e+01,7.4635e+01,7.4374e+01,7.4284e+01,7.3984e+01,7.4146e+01,7.4774e+01,7.4712e+01,7.4575e+01,7.4768e+01,7.5531e+01,7.5753e+01,7.5905e+01,7.6432e+01,7.7349e+01,7.8240e+01,7.9024e+01,7.9445e+01,8.0433e+01,8.1452e+01,8.2490e+01,8.2331e+01,8.3113e+01,8.2453e+01,8.3199e+01,8.2782e+01,8.1438e+01,8.1350e+01,8.2171e+01,8.0992e+01,7.9864e+01,7.9523e+01,7.8679e+01,7.9359e+01,7.9488e+01,8.0697e+01,8.0526e+01,7.9275e+01,7.8391e+01,7.7970e+01,7.7691e+01,7.6838e+01,7.6639e+01,7.6383e+01,7.6932e+01,7.7192e+01,7.7531e+01,7.7005e+01,7.6190e+01,7.5705e+01,7.5787e+01,7.5663e+01,7.6362e+01,7.6278e+01,7.6234e+01,7.6704e+01,7.7055e+01,7.7038e+01,7.7774e+01,7.7673e+01,7.6794e+01,7.6889e+01,7.6521e+01,7.6459e+01,7.5787e+01,7.5594e+01,7.5169e+01,7.5455e+01,7.6142e+01,7.6441e+01,7.6972e+01,7.7040e+01,7.7133e+01,7.7174e+01
7.8122e+01,7.7933e+01,7.7798e+01,7.7355e+01,7.7419e+01,7.7709e+01,7.7897e+01,7.7377e+01,7.6686e+01,7.6934e+01,7.6983e+01,7.6345e+01,7.5962e+01,7.6351e+01,7.6525e+01,7.5908e+01,7.5855e+01,7.5288e+01,7.4760e+01,7.4100e+01,7.4118e+01,7.4304e+01,7.4589e+01,7.4779e+01,7.4566e+01,7.4820e+01,7.4147e+01,7.3626e+01,7.3067e+01,7.2864e+01,7.2983e+01,7.3086e+01,7.2902e+01,7.2586e+01,7.2599e+01,7.2496e+01,7.2791e+01,7.2864e+01,7.2940e+01,7.3199e+01,7.3061e+01,7.3480e+01,7.3660e+01,7.4389e+01,7.4879e+01,7.5782e+01,7.5946e+01,7.6594e+01,7.6867e+01,7.6996e+01,7.8167e+01,7.8532e+01,7.9777e+01,8.0064e+01,7.9819e+01,8.0226e+01,7.9645e+01,7.9649e+01,7.9046e+01,7.9777e+01,7.9175e+01,7.8720e+01,7.7516e+01,7.6934e+01,7.6428e+01,7.5766e+01,7.5987e+01,7.5578e+01,7.5363e+01,7.4717e+01,7.5074e+01,7.5992e+01,7.6346e+01,7.6440e+01,7.5771e+01,7.5991e+01,7.5799e+01,7.5019e+01,7.5094e+01,7.5862e+01,7.6366e+01,7.6329e+01,7.5474e+01,7.4918e+01,7.4179e+01,7.3791e+01,7.3654e+01,7.3337e+01,7.2949e+01,7.2822e+01,7.2929e+01,7.2892e+01,7.2863e+01,7.2852e+01,7.3377e+01,7.3646e+01,7.3578e+01,7.4120e+01,7.4619e+01,7.4255e+01,7.3980e+01,7.3886e+01,7.3572e+01,7.3736e+01,7.4375e+01,7.4306e+01,7.4163e+01,7.4348e+01,7.5120e+01,7.5351e+01,7.5496e+01,7.6036e+01,7.6962e+01,7.7871e+01,7.8661e+01,7.9077e+01,8.0069e+01,8.1102e+01,8.2142e+01,8.1974e+01,8.2763e+01,8.2095e+01,8.2837e+01,8.2416e+01,8.1066e+01,8.0971e+01,8.1790e+01,8.0602e+01,7.9472e+01,7.9137e+01,7.8294e+01,7.8988e+01,7.9117e+01,8.0340e+01,8.0164e+01,7.8897e+01,7.8007e+01,7.7583e+01,7.7292e+01,7.6424e+01,7.6215e+01,7.5960e+01,7.6516e+01,7.6769e+01,7.7106e+01,7.6574e+01,7.5749e+01,7.5246e+01,7.5323e+01,7.5187e+01,7.5891e+01,7.5800e+01,7.5763e+01,7.6244e+01,7.6596e+01,7.6585e+01,7.7335e+01,7.7242e+01,7.6353e+01,7.6450e+01,7.6082e+01,7.6018e+01,7.5337e+01,7.5135e+01,7.4704e+01,7.4990e+01,7.5683e+01,7.5976e+01,7.6510e+01,7.6581e+01,7.6674e+01,7.6717e+01
7.7659e+01,7.7478e+01,7.7343e+01,7.6894e+01,7.6958e+01,7.7257e+01,7.7445e+01,7.6924e+01,7.6226e+01,7.6468e+01,7.6514e+01,7.5874e+01,7.5485e+01,7.5872e+01,7.6044e+01,7.5420e+01,7.5365e+01,7.4796e+01,7.4269e+01,7.3609e+01,7.3627e+01,7.3809e+01,7.4095e+01,7.4283e+01,7.4067e+01,7.4320e+01,7.3644e+01,7.3122e+01,7.2562e+01,7.2364e+01,7.2484e+01,7.2594e+01,7.2413e+01,7.2093e+01,7.2111e+01,7.2001e+01,7.2301e+01,7.2368e+01,7.2442e+01,7.2695e+01,7.2552e+01,7.2973e+01,7.3155e+01,7.3891e+01,7.4387e+01,7.5298e+01,7.5461e+01,7.6113e+01,7.6392e+01,7.6520e+01,7.7701e+01,7.8069e+01,7.9325e+01,7.9610e+01,7.9365e+01,7.9769e+01,7.9181e+01,7.9179e+01,7.8569e+01,7.9301e+01,7.8692e+01,7.8236e+01,7.7028e+01,7.6445e+01,7.5939e+01,7.5276e+01,7.5501e+01,7.5093e+01,7.4881e+01,7.4232e+01,7.4594e+01,7.5515e+01,7.5867e+01,7.5965e+01,7.5290e+01,7.5514e+01,7.5317e+01,7.4534e+01,7.4609e+01,7.5379e+01,7.5888e+01,7.5851e+01,7.4995e+01,7.4441e+01,7.3699e+01,7.3313e+01,7.3174e+01,7.2859e+01,7.2464e+01,7.2339e+01,7.2451e+01,7.2417e+01,7.2388e+01,7.2376e+01,7.2916e+01,7.3189e+01,7.3113e+01,7.3662e+01,7.4158e+01,7.3782e+01,7.3493e+01,7.3397e+01,7.3078e+01,7.3244e+01,7.3886e+01,7.3815e+01,7.3671e+01,7.3853e+01,7.4628e+01,7.4862e+01,7.5006e+01,7.5553e+01,7.6485e+01,7.7402e+01,7.8201e+01,7.8621e+01,7.9616e+01,8.0658e+01,8.1702e+01,8.1536e+01,8.2335e+01,8.1670e+01,8.2414e+01,8.1984e+01,8.0629e+01,8.0539e+01,8.1359e+01,8.0160e+01,7.9024e+01,7.8691e+01,7.7842e+01,7.8548e+01,7.8685e+01,7.9923e+01,7.9751e+01,7.8470e+01,7.7567e+01,7.7133e+01,7.6836e+01,7.5954e+01,7.5745e+01,7.5485e+01,7.6053e+01,7.6311e+01,7.6654e+01,7.6109e+01,7.5271e+01,7.4757e+01,7.4834e+01,7.4694e+01,7.5411e+01,7.5319e+01,7.5281e+01,7.5772e+01,7.6130e+01,7.6116e+01,7.6880e+01,7.6783e+01,7.5879e+01,7.5974e+01,7.5599e+01,7.5531e+01,7.4844e+01,7.4639e+01,7.4205e+01,7.4491e+01,7.5193e+01,7.5485e+01,7.6025e+01,7.6101e+01,7.6198e+01,7.6239e+01
7.7388e+01,7.7210e+01,7.7080e+01,7.6629e+01,7.6691e+01,7.6991e+01,7.7178e+01,7.6653e+01,7.5954e+01,7.6193e+01,7.6234e+01,7.5593e+01,7.5203e+01,7.5591e+01,7.5755e+01,7.5126e+01,7.5073e+01,7.4504e+01,7.3981e+01,7.3318e+01,7.3341e+01,7.3517e+01,7.3808e+01,7.3988e+01,7.3762e+01,7.4009e+01,7.3327e+01,7.2806e+01,7.2245e+01,7.2055e+01,7.2178e+01,7.2299e+01,7.2122e+01,7.1796e+01,7.1818e+01,7.1698e+01,7.2003e+01,7.2058e+01,7.2123e+01,7.2361e+01,7.2210e+01,7.2631e+01,7.2817e+01,7.3552e+01,7.4057e+01,7.4974e+01,7.5142e+01,7.5794e+01,7.6070e+01,7.6200e+01,7.7384e+01,7.7753e+01,7.9013e+01,7.9299e+01,7.9053e+01,7.9459e+01,7.8869e+01,7.8869e+01,7.8258e+01,7.8993e+01,7.8386e+01,7.7928e+01,7.6719e+01,7.6136e+01,7.5629e+01,7.4967e+01,7.5194e+01,7.4789e+01,7.4578e+01,7.3932e+01,7.4300e+01,7.5225e+01,7.5577e+01,7.5680e+01,7.5003e+01,7.5233e+01,7.5034e+01,7.4248e+01,7.4328e+01,7.5099e+01,7.5617e+01,7.5582e+01,7.4725e+01,7.4172e+01,7.3425e+01,7.3039e+01,7.2896e+01,7.2581e+01,7.2176e+01,7.2053e+01,7.2172e+01,7.2139e+01,7.2104e+01,7.2086e+01,7.2641e+01,7.2920e+01,7.2838e+01,7.3403e+01,7.3904e+01,7.3510e+01,7.3198e+01,7.3100e+01,7.2770e+01,7.2942e+01,7.3585e+01,7.3514e+01,7.3374e+01,7.3550e+01,7.4327e+01,7.4559e+01,7.4694e+01,7.5242e+01,7.6177e+01,7.7103e+01,7.7904e+01,7.8321e+01,7.9321e+01,8.0369e+01,8.1419e+01,8.1248e+01,8.2048e+01,8.1378e+01,8.2123e+01,8.1693e+01,8.0332e+01,8.0239e+01,8.1062e+01,7.9860e+01,7.8720e+01,7.8385e+01,7.7534e+01,7.8244e+01,7.8379e+01,7.9624e+01,7.9451e+01,7.8162e+01,7.7253e+01,7.6817e+01,7.6519e+01,7.5629e+01,7.5415e+01,7.5152e+01,7.5722e+01,7.5981e+01,7.6329e+01,7.5780e+01,7.4935e+01,7.4419e+01,7.4500e+01,7.4363e+01,7.5086e+01,7.4995e+01,7.4950e+01,7.5445e+01,7.5809e+01,7.5795e+01,7.6562e+01,7.6463e+01,7.5554e+01,7.5652e+01,7.5277e+01,7.5211e+01,7.4520e+01,7.4318e+01,7.3884e+01,7.4177e+01,7.4886e+01,7.5183e+01,7.5733e+01,7.5814e+01,7.5908e+01,7.5947e+01
7.6872e+01,7.6699e+01,7.6565e+01,7.6109e+01,7.6171e+01,7.6475e+01,7.6662e+01,7.6136e+01,7.5432e+01,7.5671e+01,7.5714e+01,7.5070e+01,7.4677e+01,7.5066e+01,7.5230e+01,7.4596e+01,7.4545e+01,7.3972e+01,7.3445e+01,7.2776e+01,7.2795e+01,7.2963e+01,7.3253e+01,7.3427e+01,7.3197e+01,7.3442e+01,7.2751e+01,7.2230e+01,7.1664e+01,7.1482e+01,7.1617e+01,7.1751e+01,7.1570e+01,7.1232e+01,7.1254e+01,7.1116e+01,7.1423e+01,7.1464e+01,7.1519e+01,7.1747e+01,7.1594e+01,7.2023e+01,7.2220e+01,7.2968e+01,7.3485e+01,7.4419e+01,7.4590e+01,7.5253e+01,7.5536e+01,7.5669e+01,7.6872e+01,7.7249e+01,7.8527e+01,7.8816e+01,7.8574e+01,7.8984e+01,7.8388e+01,7.8381e+01,7.7761e+01,7.8498e+01,7.7884e+01,7.7426e+01,7.6206e+01,7.5622e+01,7.5115e+01,7.4450e+01,7.4689e+01,7.4287e+01,7.4083e+01,7.3429e+01,7.3804e+01,7.4741e+01,7.5089e+01,7.5191e+01,7.4501e+01,7.4732e+01,7.4523e+01,7.3725e+01,7.3802e+01,7.4578e+01,7.5102e+01,7.5064e+01,7.4200e+01,7.3647e+01,7.2892e+01,7.2508e+01,7.2368e+01,7.2053e+01,7.1638e+01,7.1513e+01,7.1632e+01,7.1598e+01,7.1567e+01,7.1540e+01,7.2125e+01,7.2404e+01,7.2299e+01,7.2878e+01,7.3381e+01,7.2961e+01,7.2623e+01,7.2522e+01,7.2182e+01,7.2362e+01,7.3014e+01,7.2942e+01,7.2804e+01,7.2978e+01,7.3763e+01,7.3997e+01,7.4132e+01,7.4689e+01,7.5637e+01,7.6576e+01,7.7389e+01,7.7811e+01,7.8818e+01,7.9883e+01,8.0938e+01,8.0769e+01,8.1586e+01,8.0916e+01,8.1667e+01,8.1224e+01,7.9851e+01,7.9764e+01,8.0591e+01,7.9372e+01,7.8220e+01,7.7886e+01,7.7024e+01,7.7751e+01,7.7897e+01,7.9164e+01,7.8994e+01,7.7684e+01,7.6759e+01,7.6309e+01,7.5998e+01,7.5087e+01,7.4870e+01,7.4596e+01,7.5185e+01,7.5457e+01,7.5818e+01,7.5249e+01,7.4382e+01,7.3855e+01,7.3940e+01,7.3811e+01,7.4558e+01,7.4477e+01,7.4426e+01,7.4922e+01,7.5292e+01,7.5267e+01,7.6048e+01,7.5941e+01,7.5010e+01,7.5106e+01,7.4716e+01,7.4649e+01,7.3948e+01,7.3750e+01,7.3312e+01,7.3614e+01,7.4335e+01,7.4645e+01,7.5205e+01,7.5293e+01,7.5392e+01,7.5429e+01
7.6329e+01,7.6160e+01,7.6022e+01,7.5553e+01,7.5614e+01,7.5926e+01,7.6114e+01,7.5581e+01,7.4869e+01,7.5110e+01,7.5152e+01,7.4502e+01,7.4101e+01,7.4497e+01,7.4664e+01,7.4022e+01,7.3971e+01,7.3398e+01,7.2862e+01,7.2190e+01,7.2201e+01,7.2372e+01,7.2661e+01,7.2841e+01,7.2615e+01,7.2871e+01,7.2173e+01,7.1644e+01,7.1068e+01,7.0882e+01,7.1033e+01,7.1169e+01,7.0975e+01,7.0627e+01,7.0637e+01,7.0486e+01,7.0788e+01,7.0822e+01,7.0872e+01,7.1109e+01,7.0967e+01,7.1421e+01,7.1636e+01,7.2414e+01,7.2939e+01,7.3899e+01,7.4068e+01,7.4752e+01,7.5056e+01,7.5194e+01,7.6422e+01,7.6814e+01,7.8118e+01,7.8399e+01,7.8163e+01,7.8564e+01,7.7949e+01,7.7925e+01,7.7282e+01,7.8016e+01,7.7383e+01,7.6926e+01,7.5693e+01,7.5106e+01,7.4609e+01,7.3937e+01,7.4193e+01,7.3792e+01,7.3602e+01,7.2929e+01,7.3298e+01,7.4243e+01,7.4580e+01,7.4669e+01,7.3963e+01,7.4184e+01,7.3963e+01,7.3156e+01,7.3222e+01,7.3995e+01,7.4518e+01,7.4473e+01,7.3607e+01,7.3056e+01,7.2299e+01,7.1919e+01,7.1790e+01,7.1476e+01,7.1061e+01,7.0929e+01,7.1036e+01,7.0996e+01,7.0973e+01,7.0934e+01,7.1545e+01,7.1818e+01,7.1690e+01,7.2283e+01,7.2796e+01,7.2354e+01,7.2000e+01,7.1896e+01,7.1552e+01,7.1741e+01,7.2410e+01,7.2341e+01,7.2200e+01,7.2384e+01,7.3183e+01,7.3424e+01,7.3573e+01,7.4146e+01,7.5119e+01,7.6067e+01,7.6905e+01,7.7344e+01,7.8352e+01,7.9438e+01,8.0496e+01,8.0338e+01,8.1179e+01,8.0519e+01,8.1274e+01,8.0808e+01,7.9429e+01,7.9357e+01,8.0182e+01,7.8941e+01,7.7778e+01,7.7450e+01,7.6573e+01,7.7323e+01,7.7493e+01,7.8789e+01,7.8636e+01,7.7309e+01,7.6360e+01,7.5877e+01,7.5550e+01,7.4617e+01,7.4417e+01,7.4132e+01,7.4763e+01,7.5070e+01,7.5450e+01,7.4839e+01,7.3945e+01,7.3395e+01,7.3473e+01,7.3358e+01,7.4144e+01,7.4084e+01,7.4036e+01,7.4529e+01,7.4895e+01,7.4845e+01,7.5647e+01,7.5520e+01,7.4556e+01,7.4630e+01,7.4208e+01,7.4124e+01,7.3410e+01,7.3203e+01,7.2751e+01,7.3058e+01,7.3789e+01,7.4110e+01,7.4674e+01,7.4761e+01,7.4863e+01,7.4891e+01
7.5982e+01,7.5822e+01,7.5681e+01,7.5194e+01,7.5249e+01,7.5569e+01,7.5753e+01,7.5211e+01,7.4489e+01,7.4731e+01,7.4766e+01,7.4106e+01,7.3697e+01,7.4100e+01,7.4266e+01,7.3612e+01,7.3553e+01,7.2976e+01,7.2428e+01,7.1754e+01,7.1754e+01,7.1933e+01,7.2217e+01,7.2410e+01,7.2196e+01,7.2469e+01,7.1767e+01,7.1230e+01,7.0644e+01,7.0446e+01,7.0614e+01,7.0740e+01,7.0528e+01,7.0177e+01,7.0169e+01,7.0010e+01,7.0298e+01,7.0332e+01,7.0387e+01,7.0650e+01,7.0536e+01,7.1016e+01,7.1247e+01,7.2059e+01,7.2581e+01,7.3565e+01,7.3725e+01,7.4431e+01,7.4758e+01,7.4900e+01,7.6148e+01,7.6553e+01,7.7878e+01,7.8151e+01,7.7920e+01,7.8312e+01,7.7681e+01,7.7641e+01,7.6977e+01,7.7707e+01,7.7054e+01,7.6597e+01,7.5352e+01,7.4759e+01,7.4275e+01,7.3593e+01,7.3866e+01,7.3463e+01,7.3286e+01,7.2592e+01,7.2949e+01,7.3900e+01,7.4223e+01,7.4294e+01,7.3573e+01,7.3780e+01,7.3548e+01,7.2734e+01,7.2785e+01,7.3556e+01,7.4070e+01,7.4019e+01,7.3150e+01,7.2599e+01,7.1843e+01,7.1468e+01,7.1354e+01,7.1043e+01,7.0636e+01,7.0493e+01,7.0580e+01,7.0535e+01,7.0528e+01,7.0481e+01,7.1110e+01,7.1372e+01,7.1221e+01,7.1812e+01,7.2330e+01,7.1868e+01,7.1507e+01,7.1408e+01,7.1075e+01,7.1272e+01,7.1960e+01,7.1899e+01,7.1753e+01,7.1954e+01,7.2768e+01,7.3020e+01,7.3188e+01,7.3779e+01,7.4776e+01,7.5729e+01,7.6593e+01,7.7050e+01,7.8057e+01,7.9161e+01,8.0222e+01,8.0078e+01,8.0940e+01,8.0294e+01,8.1053e+01,8.0568e+01,7.9184e+01,7.9128e+01,7.9951e+01,7.8692e+01,7.7519e+01,7.7196e+01,7.6303e+01,7.7076e+01,7.7270e+01,7.8592e+01,7.8456e+01,7.7115e+01,7.6149e+01,7.5636e+01,7.5293e+01,7.4342e+01,7.4161e+01,7.3870e+01,7.4537e+01,7.4871e+01,7.5262e+01,7.4620e+01,7.3708e+01,7.3141e+01,7.3207e+01,7.3103e+01,7.3915e+01,7.3869e+01,7.3826e+01,7.4317e+01,7.4679e+01,7.4607e+01,7.5427e+01,7.5284e+01,7.4295e+01,7.4351e+01,7.3900e+01,7.3796e+01,7.3073e+01,7.2851e+01,7.2386e+01,7.2691e+01,7.3425e+01,7.3753e+01,7.4318e+01,7.4398e+01,7.4505e+01,7.4522e+01
7.5428e+01,7.5269e+01,7.5122e+01,7.4641e+01,7.4700e+01,7.5022e+01,7.5213e+01,7.4676e+01,7.3949e+01,7.4191e+01,7.4239e+01,7.3581e+01,7.3164e+01,7.3566e+01,7.3740e+01,7.3091e+01,7.3043e+01,7.2465e+01,7.1919e+01,7.1240e+01,7.1243e+01,7.1411e+01,7.1701e+01,7.1882e+01,7.1655e+01,7.1922e+01,7.1207e+01,7.0670e+01,7.0079e+01,6.9895e+01,7.0076e+01,7.0221e+01,7.0011e+01,6.9646e+01,6.9645e+01,6.9461e+01,6.9764e+01,6.9776e+01,6.9810e+01,7.0040e+01,6.9908e+01,7.0400e+01,7.0646e+01,7.1469e+01,7.2011e+01,7.3013e+01,7.3179e+01,7.3891e+01,7.4220e+01,7.4363e+01,7.5626e+01,7.6036e+01,7.7375e+01,7.7646e+01,7.7414e+01,7.7804e+01,7.7165e+01,7.7122e+01,7.6452e+01,7.7185e+01,7.6529e+01,7.6070e+01,7.4821e+01,7.4229e+01,7.3745e+01,7.3066e+01,7.3347e+01,7.2952e+01,7.2784e+01,7.2090e+01,7.2454e+01,7.3412e+01,7.3730e+01,7.3805e+01,7.3075e+01,7.3288e+01,7.3048e+01,7.2227e+01,7.2281e+01,7.3054e+01,7.3580e+01,7.3530e+01,7.2659e+01,7.2111e+01,7.1349e+01,7.0976e+01,7.0859e+01,7.0553e+01,7.0133e+01,6.9997e+01,7.0091e+01,7.0052e+01,7.0052e+01,6.9999e+01,7.0688e+01,7.0966e+01,7.0788e+01,7.1413e+01,7.1955e+01,7.1440e+01,7.1026e+01,7.0906e+01,7.0535e+01,7.0740e+01,7.1439e+01,7.1366e+01,7.1220e+01,7.1410e+01,7.2230e+01,7.2483e+01,7.2642e+01,7.3241e+01,7.4248e+01,7.5220e+01,7.6093e+01,7.6548e+01,7.7564e+01,7.8689e+01,7.9753e+01,7.9605e+01,8.0483e+01,7.9831e+01,8.0589e+01,8.0092e+01,7.8698e+01,7.8640e+01,7.9463e+01,7.8185e+01,7.7006e+01,7.6688e+01,7.5790e+01,7.6580e+01,7.6780e+01,7.8124e+01,7.7988e+01,7.6625e+01,7.5643e+01,7.5119e+01,7.4763e+01,7.3790e+01,7.3606e+01,7.3304e+01,7.3991e+01,7.4341e+01,7.4743e+01,7.4079e+01,7.3151e+01,7.2577e+01,7.2645e+01,7.2556e+01,7.3385e+01,7.3358e+01,7.3309e+01,7.3789e+01,7.4151e+01,7.4066e+01,7.4894e+01,7.4744e+01,7.3740e+01,7.3792e+01,7.3331e+01,7.3230e+01,7.2499e+01,7.2284e+01,7.1814e+01,7.2134e+01,7.2877e+01,7.3219e+01,7.3783e+01,7.3862e+01,7.3969e+01,7.3978e+01
7.4876e+01,7.4735e+01,7.4574e+01,7.4081e+01,7.4147e+01,7.4485e+01,7.4685e+01,7.4150e+01,7.3406e+01,7.3645e+01,7.3704e+01,7.3041e+01,7.2607e+01,7.3005e+01,7.3188e+01,7.2541e+01,7.2496e+01,7.1920e+01,7.1375e+01,7.0693e+01,7.0689e+01,7.0847e+01,7.1134e+01,7.1308e+01,7.1075e+01,7.1339e+01,7.0615e+01,7.0083e+01,6.9489e+01,6.9323e+01,6.9528e+01,6.9689e+01,6.9475e+01,6.9103e+01,6.9099e+01,6.8882e+01,6.9174e+01,6.9150e+01,6.9151e+01,6.9345e+01,6.9221e+01,6.9740e+01,7.0013e+01,7.0858e+01,7.1418e+01,7.2445e+01,7.2611e+01,7.3335e+01,7.3676e+01,7.3823e+01,7.5104e+01,7.5525e+01,7.6883e+01,7.7152e+01,7.6924e+01,7.7311e+01,7.6662e+01,7.6608e+01,7.5925e+01,7.6657e+01,7.5992e+01,7.5535e+01,7.4280e+01,7.3691e+01,7.3214e+01,7.2539e+01,7.2837e+01,7.2453e+01,7.2303e+01,7.1605e+01,7.1971e+01,7.2934e+01,7.3239e+01,7.3310e+01,7.2567e+01,7.2780e+01,7.2526e+01,7.1696e+01,7.1745e+01,7.2517e+01,7.3049e+01,7.2997e+01,7.2126e+01,7.1584e+01,7.0820e+01,7.0458e+01,7.0347e+01,7.0054e+01,6.9632e+01,6.9506e+01,6.9592e+01,6.9561e+01,6.9591e+01,6.9539e+01,7.0277e+01,7.0543e+01,7.0313e+01,7.0935e+01,7.1470e+01,7.0907e+01,7.0440e+01,7.0315e+01,6.9923e+01,7.0144e+01,7.0857e+01,7.0782e+01,7.0638e+01,7.0826e+01,7.1652e+01,7.1907e+01,7.2063e+01,7.2675e+01,7.3697e+01,7.4687e+01,7.5574e+01,7.6035e+01,7.7054e+01,7.8199e+01,7.9265e+01,7.9118e+01,8.0014e+01,7.9365e+01,8.0124e+01,7.9612e+01,7.8209e+01,7.8158e+01,7.8981e+01,7.7686e+01,7.6497e+01,7.6183e+01,7.5274e+01,7.6085e+01,7.6300e+01,7.7670e+01,7.7540e+01,7.6155e+01,7.5155e+01,7.4609e+01,7.4236e+01,7.3239e+01,7.3059e+01,7.2745e+01,7.3462e+01,7.3835e+01,7.4251e+01,7.3556e+01,7.2606e+01,7.2026e+01,7.2096e+01,7.2032e+01,7.2882e+01,7.2880e+01,7.2821e+01,7.3287e+01,7.3649e+01,7.3542e+01,7.4378e+01,7.4214e+01,7.3190e+01,7.3235e+01,7.2758e+01,7.2655e+01,7.1918e+01,7.1708e+01,7.1238e+01,7.1577e+01,7.2325e+01,7.2684e+01,7.3247e+01,7.3324e+01,7.3447e+01,7.3451e+01
7.4282e+01,7.4141e+01,7.3975e+01,7.3480e+01,7.3543e+01,7.3885e+01,7.4090e+01,7.3559e+01,7.2811e+01,7.3050e+01,7.3118e+01,7.2457e+01,7.2017e+01,7.2415e+01,7.2611e+01,7.1975e+01,7.1947e+01,7.1383e+01,7.0847e+01,7.0168e+01,7.0157e+01,7.0291e+01,7.0576e+01,7.0732e+01,7.0486e+01,7.0740e+01,7.0013e+01,6.9496e+01,6.8912e+01,6.8781e+01,6.9013e+01,6.9203e+01,6.8996e+01,6.8626e+01,6.8637e+01,6.8384e+01,6.8675e+01,6.8615e+01,6.8609e+01,6.8704e+01,6.8548e+01,6.9076e+01,6.9369e+01,7.0233e+01,7.0806e+01,7.1853e+01,7.2017e+01,7.2751e+01,7.3105e+01,7.3257e+01,7.4555e+01,7.4990e+01,7.6369e+01,7.6631e+01,7.6415e+01,7.6794e+01,7.6135e+01,7.6064e+01,7.5367e+01,7.6090e+01,7.5417e+01,7.4969e+01,7.3714e+01,7.3136e+01,7.2674e+01,7.2010e+01,7.2332e+01,7.1971e+01,7.1848e+01,7.1153e+01,7.1521e+01,7.2486e+01,7.2769e+01,7.2840e+01,7.2080e+01,7.2298e+01,7.2023e+01,7.1185e+01,7.1230e+01,7.1992e+01,7.2537e+01,7.2482e+01,7.1617e+01,7.1094e+01,7.0334e+01,6.9996e+01,6.9892e+01,6.9626e+01,6.9205e+01,6.9105e+01,6.9188e+01,6.9188e+01,6.9266e+01,6.9239e+01,7.0052e+01,7.0335e+01,7.0072e+01,7.0694e+01,7.1250e+01,7.0594e+01,7.0044e+01,6.9844e+01,6.9374e+01,6.9588e+01,7.0302e+01,7.0204e+01,7.0062e+01,7.0233e+01,7.1055e+01,7.1313e+01,7.1459e+01,7.2084e+01,7.3119e+01,7.4131e+01,7.5034e+01,7.5495e+01,7.6513e+01,7.7685e+01,7.8747e+01,7.8600e+01,7.9519e+01,7.8876e+01,7.9629e+01,7.9095e+01,7.7689e+01,7.7646e+01,7.8459e+01,7.7145e+01,7.5953e+01,7.5651e+01,7.4738e+01,7.5580e+01,7.5818e+01,7.7221e+01,7.7108e+01,7.5704e+01,7.4692e+01,7.4112e+01,7.3707e+01,7.2685e+01,7.2522e+01,7.2208e+01,7.2982e+01,7.3389e+01,7.3814e+01,7.3067e+01,7.2105e+01,7.1511e+01,7.1568e+01,7.1543e+01,7.2416e+01,7.2460e+01,7.2397e+01,7.2829e+01,7.3177e+01,7.3033e+01,7.3877e+01,7.3691e+01,7.2643e+01,7.2666e+01,7.2163e+01,7.2054e+01,7.1314e+01,7.1118e+01,7.0658e+01,7.1021e+01,7.1768e+01,7.2147e+01,7.2707e+01,7.2781e+01,7.2905e+01,7.2906e+01
7.4022e+01,7.3887e+01,7.3707e+01,7.3205e+01,7.3274e+01,7.3619e+01,7.3827e+01,7.3298e+01,7.2548e+01,7.2785e+01,7.2858e+01,7.2197e+01,7.1755e+01,7.2147e+01,7.2350e+01,7.1725e+01,7.1694e+01,7.1141e+01,7.0608e+01,6.9930e+01,6.9913e+01,7.0037e+01,7.0315e+01,7.0466e+01,7.0218e+01,7.0469e+01,6.9742e+01,6.9233e+01,6.8656e+01,6.8539e+01,6.8783e+01,6.8983e+01,6.8778e+01,6.8411e+01,6.8422e+01,6.8155e+01,6.8430e+01,6.8346e+01,6.8323e+01,6.8351e+01,6.8214e+01,6.8750e+01,6.9065e+01,6.9935e+01,7.0513e+01,7.1570e+01,7.1735e+01,7.2474e+01,7.2834e+01,7.2989e+01,7.4293e+01,7.4733e+01,7.6118e+01,7.6377e+01,7.6166e+01,7.6542e+01,7.5880e+01,7.5803e+01,7.5102e+01,7.5821e+01,7.5147e+01,7.4703e+01,7.3450e+01,7.2879e+01,7.2423e+01,7.1767e+01,7.2097e+01,7.1745e+01,7.1635e+01,7.0942e+01,7.1311e+01,7.2274e+01,7.2549e+01,7.2620e+01,7.1856e+01,7.2076e+01,7.1793e+01,7.0954e+01,7.0998e+01,7.1757e+01,7.2308e+01,7.2253e+01,7.1388e+01,7.0870e+01,7.0111e+01,6.9781e+01,6.9680e+01,6.9424e+01,6.9006e+01,6.8915e+01,6.8993e+01,6.9000e+01,6.9095e+01,6.9072e+01,6.9897e+01,7.0171e+01,6.9886e+01,7.0498e+01,7.1044e+01,7.0366e+01,6.9786e+01,6.9576e+01,6.9091e+01,6.9316e+01,7.0028e+01,6.9930e+01,6.9795e+01,6.9962e+01,7.0781e+01,7.1035e+01,7.1176e+01,7.1803e+01,7.2842e+01,7.3858e+01,7.4768e+01,7.5231e+01,7.6248e+01,7.7428e+01,7.8490e+01,7.8343e+01,7.9270e+01,7.8630e+01,7.9382e+01,7.8841e+01,7.7433e+01,7.7395e+01,7.8205e+01,7.6885e+01,7.5693e+01,7.5394e+01,7.4478e+01,7.5330e+01,7.5578e+01,7.6991e+01,7.6884e+01,7.5475e+01,7.4459e+01,7.3866e+01,7.3451e+01,7.2424e+01,7.2272e+01,7.1956e+01,7.2750e+01,7.3171e+01,7.3600e+01,7.2836e+01,7.1867e+01,7.1274e+01,7.1331e+01,7.1325e+01,7.2204e+01,7.2266e+01,7.2197e+01,7.2615e+01,7.2960e+01,7.2800e+01,7.3641e+01,7.3445e+01,7.2392e+01,7.2407e+01,7.1893e+01,7.1783e+01,7.1045e+01,7.0857e+01,7.0401e+01,7.0781e+01,7.1528e+01,7.1915e+01,7.2472e+01,7.2536e+01,7.2665e+01,7.2658e+01
7.3390e+01,7.3251e+01,7.3065e+01,7.2581e+01,7.2665e+01,7.3011e+01,7.3237e+01,7.2725e+01,7.1972e+01,7.2214e+01,7.2317e+01,7.1664e+01,7.1216e+01,7.1592e+01,7.1821e+01,7.1229e+01,7.1238e+01,7.0706e+01,7.0215e+01,6.9564e+01,6.9556e+01,6.9619e+01,6.9899e+01,6.9987e+01,6.9696e+01,6.9893e+01,6.9178e+01,6.8726e+01,6.8210e+01,6.8184e+01,6.8436e+01,6.8700e+01,6.8551e+01,6.8214e+01,6.8301e+01,6.8025e+01,6.8327e+01,6.8249e+01,6.8346e+01,6.8167e+01,6.7779e+01,6.8120e+01,6.8403e+01,6.9219e+01,6.9819e+01,7.0867e+01,7.1039e+01,7.1761e+01,7.2110e+01,7.2273e+01,7.3578e+01,7.4031e+01,7.5424e+01,7.5689e+01,7.5496e+01,7.5878e+01,7.5226e+01,7.5137e+01,7.4440e+01,7.5147e+01,7.4490e+01,7.4064e+01,7.2830e+01,7.2290e+01,7.1848e+01,7.1232e+01,7.1586e+01,7.1282e+01,7.1209e+01,7.0554e+01,7.0947e+01,7.1905e+01,7.2155e+01,7.2249e+01,7.1475e+01,7.1724e+01,7.1416e+01,7.0577e+01,7.0634e+01,7.1372e+01,7.1956e+01,7.1908e+01,7.1069e+01,7.0593e+01,6.9851e+01,6.9566e+01,6.9455e+01,6.9256e+01,6.8834e+01,6.8819e+01,6.8928e+01,6.9010e+01,6.9162e+01,6.9206e+01,7.0103e+01,7.0423e+01,7.0145e+01,7.0730e+01,7.1269e+01,7.0502e+01,6.9829e+01,6.9485e+01,6.8857e+01,6.9011e+01,6.9653e+01,6.9492e+01,6.9367e+01,6.9461e+01,7.0233e+01,7.0471e+01,7.0551e+01,7.1167e+01,7.2181e+01,7.3230e+01,7.4123e+01,7.4558e+01,7.5578e+01,7.6780e+01,7.7836e+01,7.7670e+01,7.8606e+01,7.7959e+01,7.8700e+01,7.8151e+01,7.6740e+01,7.6696e+01,7.7502e+01,7.6174e+01,7.4982e+01,7.4692e+01,7.3783e+01,7.4657e+01,7.4916e+01,7.6358e+01,7.6262e+01,7.4837e+01,7.3822e+01,7.3201e+01,7.2753e+01,7.1710e+01,7.1570e+01,7.1270e+01,7.2132e+01,7.2590e+01,7.3018e+01,7.2190e+01,7.1233e+01,7.0640e+01,7.0685e+01,7.0741e+01,7.1623e+01,7.1752e+01,7.1669e+01,7.2021e+01,7.2345e+01,7.2141e+01,7.2968e+01,7.2747e+01,7.1690e+01,7.1693e+01,7.1180e+01,7.1093e+01,7.0383e+01,7.0247e+01,6.9856e+01,7.0282e+01,7.1013e+01,7.1425e+01,7.1966e+01,7.2036e+01,7.2166e+01,7.2178e+01
7.3063e+01,7.2904e+01,7.2726e+01,7.2261e+01,7.2352e+01,7.2688e+01,7.2936e+01,7.2415e+01,7.1669e+01,7.1941e+01,7.2060e+01,7.1393e+01,7.0955e+01,7.1348e+01,7.1606e+01,7.1036e+01,7.1082e+01,7.0593e+01,7.0137e+01,6.9524e+01,6.9487e+01,6.9492e+01,6.9727e+01,6.9769e+01,6.9474e+01,6.9619e+01,6.8955e+01,6.8597e+01,6.8162e+01,6.8204e+01,6.8487e+01,6.8780e+01,6.8645e+01,6.8347e+01,6.8442e+01,6.8161e+01,6.8402e+01,6.8319e+01,6.8497e+01,6.8239e+01,6.7881e+01,6.7913e+01,6.8126e+01,6.8775e+01,6.9320e+01,7.0333e+01,7.0544e+01,7.1283e+01,7.1658e+01,7.1877e+01,7.3178e+01,7.3677e+01,7.5074e+01,7.5357e+01,7.5215e+01,7.5605e+01,7.4974e+01,7.4851e+01,7.4152e+01,7.4819e+01,7.4183e+01,7.3802e+01,7.2598e+01,7.2109e+01,7.1704e+01,7.1138e+01,7.1531e+01,7.1280e+01,7.1255e+01,7.0626e+01,7.1023e+01,7.1969e+01,7.2183e+01,7.2279e+01,7.1487e+01,7.1739e+01,7.1394e+01,7.0551e+01,7.0590e+01,7.1291e+01,7.1883e+01,7.1812e+01,7.0994e+01,7.0567e+01,6.9856e+01,6.9626e+01,6.9545e+01,6.9395e+01,6.9001e+01,6.9018e+01,6.9100e+01,6.9213e+01,6.9424e+01,6.9489e+01,7.0394e+01,7.0685e+01,7.0373e+01,7.0882e+01,7.1351e+01,7.0533e+01,6.9797e+01,6.9389e+01,6.8720e+01,6.8831e+01,6.9351e+01,6.9191e+01,6.9124e+01,6.9195e+01,6.9889e+01,7.0063e+01,7.0116e+01,7.0655e+01,7.1634e+01,7.2653e+01,7.3524e+01,7.3963e+01,7.4995e+01,7.6175e+01,7.7243e+01,7.7084e+01,7.8010e+01,7.7371e+01,7.8132e+01,7.7587e+01,7.6177e+01,7.6156e+01,7.6975e+01,7.5666e+01,7.4463e+01,7.4142e+01,7.3207e+01,7.4058e+01,7.4330e+01,7.5776e+01,7.5718e+01,7.4312e+01,7.3276e+01,7.2612e+01,7.2191e+01,7.1192e+01,7.1123e+01,7.0827e+01,7.1738e+01,7.2293e+01,7.2739e+01,7.1861e+01,7.0962e+01,7.0462e+01,7.0506e+01,7.0663e+01,7.1522e+01,7.1727e+01,7.1606e+01,7.1863e+01,7.2168e+01,7.1901e+01,7.2661e+01,7.2371e+01,7.1348e+01,7.1328e+01,7.0805e+01,7.0748e+01,7.0111e+01,7.0057e+01,6.9755e+01,7.0218e+01,7.0916e+01,7.1367e+01,7.1891e+01,7.1963e+01,7.2090e+01,7.2118e+01
7.3003e+01,7.2840e+01,7.2650e+01,7.2230e+01,7.2356e+01,7.2685e+01,7.2957e+01,7.2465e+01,7.1724e+01,7.1995e+01,7.2147e+01,7.1498e+01,7.1057e+01,7.1418e+01,7.1695e+01,7.1163e+01,7.1238e+01,7.0756e+01,7.0342e+01,6.9747e+01,6.9738e+01,6.9707e+01,6.9957e+01,6.9945e+01,6.9606e+01,6.9691e+01,6.9050e+01,6.8735e+01,6.8348e+01,6.8440e+01,6.8691e+01,6.9018e+01,6.8932e+01,6.8643e+01,6.8786e+01,6.8515e+01,6.8793e+01,6.8719e+01,6.8889e+01,6.8637e+01,6.8205e+01,6.8145e+01,6.8206e+01,6.8677e+01,6.9219e+01,7.0135e+01,7.0380e+01,7.1045e+01,7.1348e+01,7.1577e+01,7.2829e+01,7.3319e+01,7.4677e+01,7.4992e+01,7.4862e+01,7.5282e+01,7.4699e+01,7.4595e+01,7.3943e+01,7.4608e+01,7.4025e+01,7.3659e+01,7.2493e+01,7.2037e+01,7.1621e+01,7.1100e+01,7.1479e+01,7.1261e+01,7.1237e+01,7.0662e+01,7.1092e+01,7.2028e+01,7.2250e+01,7.2386e+01,7.1611e+01,7.1901e+01,7.1561e+01,7.0732e+01,7.0803e+01,7.1500e+01,7.2121e+01,7.2069e+01,7.1269e+01,7.0858e+01,7.0151e+01,6.9928e+01,6.9816e+01,6.9681e+01,6.9268e+01,6.9319e+01,6.9442e+01,6.9572e+01,6.9760e+01,6.9826e+01,7.0727e+01,7.1029e+01,7.0725e+01,7.1254e+01,7.1705e+01,7.0917e+01,7.0185e+01,6.9787e+01,6.9105e+01,6.9179e+01,6.9645e+01,6.9443e+01,6.9378e+01,6.9382e+01,7.0016e+01,7.0167e+01,7.0136e+01,7.0619e+01,7.1502e+01,7.2532e+01,7.3315e+01,7.3679e+01,7.4728e+01,7.5879e+01,7.6948e+01,7.6737e+01,7.7615e+01,7.6932e+01,7.7687e+01,7.7190e+01,7.5774e+01,7.5711e+01,7.6548e+01,7.5277e+01,7.4084e+01,7.3737e+01,7.2832e+01,7.3630e+01,7.3834e+01,7.5245e+01,7.5144e+01,7.3733e+01,7.2705e+01,7.2113e+01,7.1744e+01,7.0781e+01,7.0643e+01,7.0310e+01,7.1138e+01,7.1717e+01,7.2173e+01,7.1327e+01,7.0469e+01,7.0088e+01,7.0187e+01,7.0380e+01,7.1183e+01,7.1400e+01,7.1226e+01,7.1437e+01,7.1763e+01,7.1510e+01,7.2205e+01,7.1912e+01,7.0956e+01,7.1000e+01,7.0569e+01,7.0595e+01,7.0024e+01,7.0039e+01,6.9813e+01,7.0294e+01,7.0969e+01,7.1410e+01,7.1904e+01,7.1984e+01,7.2119e+01,7.2168e+01
7.2588e+01,7.2410e+01,7.2233e+01,7.1824e+01,7.1946e+01,7.2259e+01,7.2544e+01,7.2043e+01,7.1313e+01,7.1612e+01,7.1771e+01,7.1115e+01,7.0692e+01,7.1068e+01,7.1362e+01,7.0852e+01,7.0960e+01,7.0522e+01,7.0143e+01,6.9591e+01,6.9561e+01,6.9479e+01,6.9696e+01,6.9642e+01,6.9302e+01,6.9348e+01,6.8766e+01,6.8531e+01,6.8227e+01,6.8370e+01,6.8639e+01,6.8988e+01,6.8922e+01,6.8681e+01,6.8846e+01,6.8589e+01,6.8839e+01,6.8798e+01,6.9069e+01,6.8800e+01,6.8348e+01,6.8125e+01,6.8027e+01,6.8339e+01,6.8754e+01,6.9608e+01,6.9871e+01,7.0553e+01,7.0903e+01,7.1178e+01,7.2436e+01,7.2976e+01,7.4351e+01,7.4665e+01,7.4583e+01,7.4993e+01,7.4411e+01,7.4264e+01,7.3595e+01,7.4219e+01,7.3641e+01,7.3314e+01,7.2174e+01,7.1762e+01,7.1390e+01,7.0912e+01,7.1334e+01,7.1166e+01,7.1196e+01,7.0638e+01,7.1060e+01,7.1980e+01,7.2159e+01,7.2290e+01,7.1497e+01,7.1787e+01,7.1410e+01,7.0581e+01,7.0634e+01,7.1293e+01,7.1919e+01,7.1850e+01,7.1077e+01,7.0714e+01,7.0042e+01,6.9874e+01,6.9788e+01,6.9708e+01,6.9327e+01,6.9419e+01,6.9524e+01,6.9701e+01,6.9953e+01,7.0061e+01,7.0992e+01,7.1299e+01,7.0988e+01,7.1468e+01,7.1907e+01,7.1056e+01,7.0288e+01,6.9794e+01,6.9048e+01,6.9036e+01,6.9403e+01,6.9156e+01,6.9108e+01,6.9073e+01,6.9633e+01,6.9748e+01,6.9685e+01,7.0111e+01,7.0953e+01,7.1972e+01,7.2740e+01,7.3108e+01,7.4160e+01,7.5313e+01,7.6385e+01,7.6186e+01,7.7081e+01,7.6421e+01,7.7187e+01,7.6667e+01,7.5252e+01,7.5226e+01,7.6063e+01,7.4789e+01,7.3584e+01,7.3225e+01,7.2289e+01,7.3101e+01,7.3361e+01,7.4816e+01,7.4789e+01,7.3397e+01,7.2357e+01,7.1645e+01,7.1253e+01,7.0333e+01,7.0347e+01,7.0126e+01,7.1110e+01,7.1763e+01,7.2188e+01,7.1238e+01,7.0498e+01,7.0121e+01,7.0130e+01,7.0404e+01,7.1188e+01,7.1500e+01,7.1345e+01,7.1449e+01,7.1708e+01,7.1362e+01,7.2009e+01,7.1639e+01,7.0705e+01,7.0673e+01,7.0202e+01,7.0226e+01,6.9729e+01,6.9804e+01,6.9658e+01,7.0153e+01,7.0786e+01,7.1265e+01,7.1748e+01,7.1839e+01,7.1972e+01,7.2047e+01
7.2196e+01,7.2014e+01,7.1861e+01,7.1426e+01,7.1514e+01,7.1816e+01,7.2093e+01,7.1559e+01,7.0835e+01,7.1157e+01,7.1298e+01,7.0621e+01,7.0217e+01,7.0627e+01,7.0918e+01,7.0399e+01,7.0511e+01,7.0104e+01,6.9730e+01,6.9207e+01,6.9141e+01,6.9034e+01,6.9211e+01,6.9149e+01,6.8842e+01,6.8890e+01,6.8356e+01,6.8171e+01,6.7921e+01,6.8078e+01,6.8376e+01,6.8717e+01,6.8646e+01,6.8453e+01,6.8619e+01,6.8384e+01,6.8599e+01,6.8609e+01,6.8998e+01,6.8753e+01,6.8310e+01,6.8005e+01,6.7791e+01,6.8082e+01,6.8306e+01,6.9195e+01,6.9443e+01,7.0215e+01,7.0682e+01,7.0985e+01,7.2289e+01,7.2878e+01,7.4303e+01,7.4582e+01,7.4531e+01,7.4906e+01,7.4283e+01,7.4080e+01,7.3357e+01,7.3945e+01,7.3330e+01,7.3026e+01,7.1879e+01,7.1480e+01,7.1157e+01,7.0683e+01,7.1154e+01,7.1005e+01,7.1083e+01,7.0501e+01,7.0890e+01,7.1801e+01,7.1936e+01,7.2036e+01,7.1214e+01,7.1476e+01,7.1063e+01,7.0226e+01,7.0240e+01,7.0865e+01,7.1475e+01,7.1378e+01,7.0621e+01,7.0293e+01,6.9655e+01,6.9536e+01,6.9493e+01,6.9457e+01,6.9123e+01,6.9238e+01,6.9305e+01,6.9523e+01,6.9848e+01,7.0007e+01,7.0963e+01,7.1281e+01,7.0975e+01,7.1403e+01,7.1857e+01,7.0939e+01,7.0151e+01,6.9549e+01,6.8739e+01,6.8633e+01,6.8931e+01,6.8644e+01,6.8606e+01,6.8567e+01,6.9090e+01,6.9185e+01,6.9150e+01,6.9565e+01,7.0461e+01,7.1478e+01,7.2323e+01,7.2768e+01,7.3800e+01,7.4993e+01,7.6061e+01,7.5918e+01,7.6883e+01,7.6286e+01,7.7057e+01,7.6466e+01,7.5061e+01,7.5109e+01,7.5918e+01,7.4602e+01,7.3382e+01,7.3051e+01,7.2068e+01,7.2960e+01,7.3347e+01,7.4871e+01,7.4945e+01,7.3582e+01,7.2562e+01,7.1694e+01,7.1192e+01,7.0274e+01,7.0478e+01,7.0408e+01,7.1521e+01,7.2169e+01,7.2561e+01,7.1527e+01,7.0829e+01,7.0351e+01,7.0247e+01,7.0542e+01,7.1350e+01,7.1721e+01,7.1623e+01,7.1690e+01,7.1881e+01,7.1457e+01,7.2131e+01,7.1717e+01,7.0741e+01,7.0579e+01,6.9991e+01,6.9931e+01,6.9453e+01,6.9534e+01,6.9412e+01,6.9901e+01,7.0505e+01,7.1021e+01,7.1511e+01,7.1606e+01,7.1735e+01,7.1819e+01
7.2520e+01,7.2328e+01,7.2192e+01,7.1734e+01,7.1792e+01,7.2080e+01,7.2348e+01,7.1770e+01,7.1057e+01,7.1410e+01,7.1520e+01,7.0810e+01,7.0431e+01,7.0886e+01,7.1171e+01,7.0625e+01,7.0720e+01,7.0344e+01,6.9954e+01,6.9441e+01,6.9321e+01,6.9213e+01,6.9326e+01,6.9285e+01,6.9040e+01,6.9109e+01,6.8628e+01,6.8473e+01,6.8236e+01,6.8367e+01,6.8699e+01,6.9008e+01,6.8892e+01,6.8712e+01,6.8823e+01,6.8589e+01,6.8722e+01,6.8734e+01,6.9147e+01,6.8939e+01,6.8628e+01,6.8378e+01,6.8221e+01,6.8584e+01,6.8638e+01,6.9439e+01,6.9657e+01,7.0491e+01,7.1040e+01,7.1380e+01,7.2678e+01,7.3307e+01,7.4736e+01,7.5014e+01,7.4997e+01,7.5363e+01,7.4736e+01,7.4499e+01,7.3750e+01,7.4300e+01,7.3672e+01,7.3398e+01,7.2255e+01,7.1872e+01,7.1583e+01,7.1109e+01,7.1607e+01,7.1460e+01,7.1555e+01,7.0948e+01,7.1313e+01,7.2224e+01,7.2339e+01,7.2408e+01,7.1564e+01,7.1794e+01,7.1357e+01,7.0507e+01,7.0473e+01,7.1074e+01,7.1650e+01,7.1511e+01,7.0751e+01,7.0441e+01,6.9826e+01,6.9733e+01,6.9742e+01,6.9710e+01,6.9411e+01,6.9496e+01,6.9503e+01,6.9701e+01,7.0058e+01,7.0204e+01,7.1129e+01,7.1398e+01,7.1067e+01,7.1420e+01,7.1819e+01,7.0891e+01,7.0111e+01,6.9500e+01,6.8749e+01,6.8635e+01,6.8840e+01,6.8628e+01,6.8647e+01,6.8679e+01,6.9160e+01,6.9196e+01,6.9256e+01,6.9582e+01,7.0484e+01,7.1360e+01,7.2233e+01,7.2774e+01,7.3797e+01,7.4931e+01,7.6021e+01,7.5949e+01,7.6915e+01,7.6370e+01,7.7187e+01,7.6586e+01,7.5200e+01,7.5317e+01,7.6135e+01,7.4846e+01,7.3617e+01,7.3255e+01,7.2224e+01,7.3064e+01,7.3501e+01,7.4997e+01,7.5137e+01,7.3842e+01,7.2816e+01,7.1913e+01,7.1480e+01,7.0684e+01,7.0957e+01,7.0903e+01,7.1955e+01,7.2621e+01,7.3021e+01,7.2012e+01,7.1341e+01,7.0893e+01,7.0792e+01,7.1084e+01,7.1887e+01,7.2251e+01,7.2145e+01,7.2213e+01,7.2406e+01,7.1975e+01,7.2621e+01,7.2184e+01,7.1244e+01,7.1051e+01,7.0437e+01,7.0336e+01,6.9889e+01,6.9956e+01,6.9828e+01,7.0303e+01,7.0893e+01,7.1426e+01,7.1920e+01,7.2004e+01,7.2134e+01,7.2209e+01
7.2606e+01,7.2399e+01,7.2286e+01,7.1833e+01,7.1872e+01,7.2127e+01,7.2387e+01,7.1784e+01,7.1102e+01,7.1484e+01,7.1579e+01,7.0860e+01,7.0522e+01,7.1001e+01,7.1286e+01,7.0749e+01,7.0848e+01,7.0511e+01,7.0138e+01,6.9662e+01,6.9512e+01,6.9377e+01,6.9445e+01,6.9387e+01,6.9177e+01,6.9237e+01,6.8832e+01,6.8728e+01,6.8549e+01,6.8684e+01,6.9022e+01,6.9324e+01,6.9210e+01,6.9067e+01,6.9177e+01,6.8965e+01,6.9068e+01,6.9118e+01,6.9584e+01,6.9412e+01,6.9125e+01,6.8878e+01,6.8656e+01,6.9019e+01,6.8914e+01,6.9565e+01,6.9718e+01,7.0570e+01,7.1186e+01,7.1548e+01,7.2831e+01,7.3496e+01,7.4927e+01,7.5195e+01,7.5219e+01,7.5571e+01,7.4945e+01,7.4669e+01,7.3903e+01,7.4408e+01,7.3782e+01,7.3547e+01,7.2425e+01,7.2075e+01,7.1828e+01,7.1378e+01,7.1906e+01,7.1785e+01,7.1912e+01,7.1307e+01,7.1655e+01,7.2552e+01,7.2637e+01,7.2692e+01,7.1834e+01,7.2049e+01,7.1585e+01,7.0736e+01,7.0674e+01,7.1238e+01,7.1800e+01,7.1636e+01,7.0898e+01,7.0626e+01,7.0045e+01,6.9994e+01,7.0034e+01,7.0035e+01,6.9769e+01,6.9867e+01,6.9848e+01,7.0065e+01,7.0460e+01,7.0627e+01,7.1549e+01,7.1810e+01,7.1478e+01,7.1787e+01,7.2170e+01,7.1226e+01,7.0459e+01,6.9808e+01,6.9062e+01,6.8873e+01,6.8992e+01,6.8752e+01,6.8777e+01,6.8802e+01,6.9203e+01,6.9204e+01,6.9295e+01,6.9543e+01,7.0392e+01,7.1167e+01,7.2048e+01,7.2652e+01,7.3647e+01,7.4752e+01,7.5840e+01,7.5816e+01,7.6794e+01,7.6304e+01,7.7134e+01,7.6510e+01,7.5154e+01,7.5330e+01,7.6134e+01,7.4864e+01,7.3641e+01,7.3279e+01,7.2231e+01,7.3064e+01,7.3576e+01,7.5070e+01,7.5289e+01,7.4058e+01,7.3073e+01,7.2117e+01,7.1662e+01,7.0962e+01,7.1316e+01,7.1342e+01,7.2396e+01,7.3059e+01,7.3441e+01,7.2419e+01,7.1803e+01,7.1354e+01,7.1215e+01,7.1521e+01,7.2309e+01,7.2704e+01,7.2610e+01,7.2642e+01,7.2803e+01,7.2333e+01,7.2953e+01,7.2488e+01,7.1578e+01,7.1322e+01,7.0681e+01,7.0540e+01,7.0156e+01,7.0247e+01,7.0159e+01,7.0623e+01,7.1180e+01,7.1729e+01,7.2217e+01,7.2301e+01,7.2422e+01,7.2510e+01
7.2820e+01,7.2616e+01,7.2524e+01,7.2037e+01,7.2035e+01,7.2283e+01,7.2521e+01,7.1880e+01,7.1201e+01,7.1597e+01,7.1657e+01,7.0913e+01,7.0595e+01,7.1114e+01,7.1381e+01,7.0811e+01,7.0889e+01,7.0570e+01,7.0174e+01,6.9699e+01,6.9506e+01,6.9378e+01,6.9402e+01,6.9371e+01,6.9215e+01,6.9309e+01,6.8933e+01,6.8831e+01,6.8656e+01,6.8764e+01,6.9123e+01,6.9398e+01,6.9253e+01,6.9129e+01,6.9207e+01,6.9009e+01,6.9067e+01,6.9147e+01,6.9662e+01,6.9541e+01,6.9310e+01,6.9103e+01,6.8898e+01,6.9339e+01,6.9203e+01,6.9877e+01,6.9956e+01,7.0850e+01,7.1521e+01,7.1875e+01,7.3173e+01,7.3848e+01,7.5296e+01,7.5546e+01,7.5576e+01,7.5910e+01,7.5261e+01,7.4963e+01,7.4168e+01,7.4659e+01,7.4005e+01,7.3776e+01,7.2641e+01,7.2287e+01,7.2060e+01,7.1596e+01,7.2145e+01,7.2017e+01,7.2156e+01,7.1523e+01,7.1849e+01,7.2749e+01,7.2820e+01,7.2848e+01,7.1971e+01,7.2158e+01,7.1677e+01,7.0813e+01,7.0714e+01,7.1264e+01,7.1798e+01,7.1598e+01,7.0854e+01,7.0591e+01,7.0027e+01,6.9995e+01,7.0075e+01,7.0082e+01,6.9847e+01,6.9928e+01,6.9866e+01,7.0081e+01,7.0509e+01,7.0686e+01,7.1594e+01,7.1839e+01,7.1508e+01,7.1770e+01,7.2147e+01,7.1189e+01,7.0445e+01,6.9761e+01,6.9038e+01,6.8805e+01,6.8871e+01,6.8659e+01,6.8703e+01,6.8785e+01,6.9179e+01,6.9166e+01,6.9368e+01,6.9636e+01,7.0549e+01,7.1248e+01,7.2205e+01,7.2885e+01,7.3834e+01,7.4927e+01,7.6005e+01,7.6038e+01,7.7044e+01,7.6601e+01,7.7439e+01,7.6786e+01,7.5450e+01,7.5669e+01,7.6457e+01,7.5178e+01,7.3959e+01,7.3615e+01,7.2563e+01,7.3409e+01,7.3959e+01,7.5445e+01,7.5690e+01,7.4478e+01,7.3496e+01,7.2540e+01,7.2076e+01,7.1375e+01,7.1736e+01,7.1758e+01,7.2810e+01,7.3471e+01,7.3857e+01,7.2834e+01,7.2202e+01,7.1730e+01,7.1577e+01,7.1868e+01,7.2672e+01,7.3060e+01,7.2978e+01,7.3029e+01,7.3188e+01,7.2716e+01,7.3357e+01,7.2892e+01,7.1963e+01,7.1682e+01,7.1005e+01,7.0807e+01,7.0409e+01,7.0463e+01,7.0354e+01,7.0798e+01,7.1345e+01,7.1900e+01,7.2400e+01,7.2493e+01,7.2619e+01,7.2712e+01
7.3160e+01,7.2950e+01,7.2890e+01,7.2392e+01,7.2352e+01,7.2575e+01,7.2786e+01,7.2116e+01,7.1464e+01,7.1873e+01,7.1894e+01,7.1141e+01,7.0859e+01,7.1414e+01,7.1658e+01,7.1065e+01,7.1125e+01,7.0827e+01,7.0417e+01,6.9954e+01,6.9724e+01,6.9601e+01,6.9584e+01,6.9579e+01,6.9479e+01,6.9609e+01,6.9270e+01,6.9168e+01,6.9001e+01,6.9080e+01,6.9450e+01,6.9699e+01,6.9531e+01,6.9428e+01,6.9479e+01,6.9302e+01,6.9321e+01,6.9436e+01,6.9988e+01,6.9921e+01,6.9736e+01,6.9574e+01,6.9381e+01,6.9876e+01,6.9728e+01,7.0386e+01,7.0392e+01,7.1293e+01,7.1998e+01,7.2343e+01,7.3638e+01,7.4321e+01,7.5772e+01,7.6008e+01,7.6047e+01,7.6366e+01,7.5703e+01,7.5385e+01,7.4570e+01,7.5041e+01,7.4370e+01,7.4152e+01,7.3016e+01,7.2665e+01,7.2460e+01,7.1989e+01,7.2554e+01,7.2424e+01,7.2573e+01,7.1922e+01,7.2227e+01,7.3124e+01,7.3181e+01,7.3185e+01,7.2295e+01,7.2456e+01,7.1960e+01,7.1091e+01,7.0958e+01,7.1486e+01,7.1992e+01,7.1761e+01,7.1020e+01,7.0774e+01,7.0232e+01,7.0222e+01,7.0339e+01,7.0355e+01,7.0150e+01,7.0218e+01,7.0120e+01,7.0334e+01,7.0789e+01,7.0975e+01,7.1865e+01,7.2094e+01,7.1767e+01,7.1983e+01,7.2347e+01,7.1386e+01,7.0676e+01,6.9974e+01,6.9292e+01,6.9017e+01,6.9044e+01,6.8847e+01,6.8886e+01,6.9015e+01,6.9389e+01,6.9381e+01,6.9688e+01,6.9989e+01,7.0910e+01,7.1523e+01,7.2512e+01,7.3241e+01,7.4138e+01,7.5203e+01,7.6261e+01,7.6347e+01,7.7364e+01,7.6967e+01,7.7813e+01,7.7141e+01,7.5835e+01,7.6093e+01,7.6866e+01,7.5595e+01,7.4387e+01,7.4056e+01,7.3012e+01,7.3849e+01,7.4421e+01,7.5884e+01,7.6155e+01,7.4974e+01,7.4008e+01,7.3061e+01,7.2598e+01,7.1915e+01,7.2278e+01,7.2301e+01,7.3337e+01,7.3994e+01,7.4383e+01,7.3372e+01,7.2737e+01,7.2257e+01,7.2097e+01,7.2377e+01,7.3185e+01,7.3568e+01,7.3496e+01,7.3556e+01,7.3711e+01,7.3235e+01,7.3885e+01,7.3422e+01,7.2490e+01,7.2185e+01,7.1483e+01,7.1239e+01,7.0841e+01,7.0872e+01,7.0752e+01,7.1172e+01,7.1706e+01,7.2265e+01,7.2771e+01,7.2864e+01,7.2980e+01,7.3073e+01
7.3467e+01,7.3267e+01,7.3231e+01,7.2719e+01,7.2648e+01,7.2863e+01,7.3046e+01,7.2353e+01,7.1713e+01,7.2121e+01,7.2109e+01,7.1346e+01,7.1085e+01,7.1666e+01,7.1891e+01,7.1272e+01,7.1311e+01,7.1025e+01,7.0602e+01,7.0147e+01,6.9890e+01,6.9782e+01,6.9738e+01,6.9767e+01,6.9717e+01,6.9890e+01,6.9573e+01,6.9454e+01,6.9285e+01,6.9329e+01,6.9705e+01,6.9924e+01,6.9735e+01,6.9652e+01,6.9680e+01,6.9525e+01,6.9513e+01,6.9669e+01,7.0260e+01,7.0253e+01,7.0106e+01,6.9991e+01,6.9815e+01,7.0371e+01,7.0236e+01,7.0908e+01,7.0859e+01,7.1757e+01,7.2479e+01,7.2800e+01,7.4093e+01,7.4768e+01,7.6222e+01,7.6436e+01,7.6472e+01,7.6769e+01,7.6085e+01,7.5755e+01,7.4920e+01,7.5382e+01,7.4690e+01,7.4471e+01,7.3332e+01,7.2974e+01,7.2785e+01,7.2305e+01,7.2878e+01,7.2744e+01,7.2903e+01,7.2234e+01,7.2518e+01,7.3414e+01,7.3459e+01,7.3442e+01,7.2542e+01,7.2679e+01,7.2173e+01,7.1299e+01,7.1137e+01,7.1651e+01,7.2131e+01,7.1876e+01,7.1136e+01,7.0898e+01,7.0373e+01,7.0379e+01,7.0527e+01,7.0548e+01,7.0372e+01,7.0430e+01,7.0299e+01,7.0513e+01,7.0995e+01,7.1193e+01,7.2068e+01,7.2289e+01,7.1971e+01,7.2149e+01,7.2515e+01,7.1549e+01,7.0875e+01,7.0154e+01,6.9510e+01,6.9198e+01,6.9221e+01,6.9043e+01,6.9058e+01,6.9239e+01,6.9623e+01,6.9655e+01,7.0055e+01,7.0430e+01,7.1365e+01,7.1953e+01,7.2956e+01,7.3701e+01,7.4547e+01,7.5599e+01,7.6629e+01,7.6746e+01,7.7772e+01,7.7408e+01,7.8243e+01,7.7555e+01,7.6275e+01,7.6552e+01,7.7303e+01,7.6032e+01,7.4842e+01,7.4535e+01,7.3510e+01,7.4353e+01,7.4936e+01,7.6384e+01,7.6664e+01,7.5497e+01,7.4542e+01,7.3606e+01,7.3134e+01,7.2446e+01,7.2801e+01,7.2822e+01,7.3852e+01,7.4503e+01,7.4891e+01,7.3885e+01,7.3239e+01,7.2741e+01,7.2569e+01,7.2831e+01,7.3647e+01,7.4023e+01,7.3966e+01,7.4039e+01,7.4187e+01,7.3711e+01,7.4377e+01,7.3920e+01,7.2979e+01,7.2655e+01,7.1936e+01,7.1647e+01,7.1237e+01,7.1231e+01,7.1088e+01,7.1475e+01,7.1999e+01,7.2550e+01,7.3059e+01,7.3158e+01,7.3267e+01,7.3369e+01
7.3847e+01,7.3646e+01,7.3602e+01,7.3078e+01,7.2999e+01,7.3214e+01,7.3386e+01,7.2678e+01,7.2041e+01,7.2452e+01,7.2421e+01,7.1650e+01,7.1399e+01,7.1995e+01,7.2209e+01,7.1573e+01,7.1586e+01,7.1303e+01,7.0859e+01,7.0400e+01,7.0118e+01,7.0030e+01,6.9965e+01,7.0027e+01,7.0016e+01,7.0223e+01,6.9908e+01,6.9770e+01,6.9584e+01,6.9599e+01,6.9982e+01,7.0177e+01,6.9963e+01,6.9881e+01,6.9878e+01,6.9732e+01,6.9689e+01,6.9858e+01,7.0452e+01,7.0484e+01,7.0383e+01,7.0310e+01,7.0170e+01,7.0750e+01,7.0637e+01,7.1324e+01,7.1275e+01,7.2174e+01,7.2895e+01,7.3214e+01,7.4507e+01,7.5179e+01,7.6631e+01,7.6845e+01,7.6878e+01,7.7173e+01,7.6485e+01,7.6154e+01,7.5314e+01,7.5776e+01,7.5074e+01,7.4852e+01,7.3705e+01,7.3337e+01,7.3151e+01,7.2658e+01,7.3232e+01,7.3088e+01,7.3242e+01,7.2559e+01,7.2834e+01,7.3733e+01,7.3779e+01,7.3747e+01,7.2839e+01,7.2958e+01,7.2448e+01,7.1570e+01,7.1386e+01,7.1896e+01,7.2355e+01,7.2080e+01,7.1333e+01,7.1093e+01,7.0574e+01,7.0581e+01,7.0752e+01,7.0765e+01,7.0603e+01,7.0639e+01,7.0480e+01,7.0678e+01,7.1167e+01,7.1357e+01,7.2208e+01,7.2408e+01,7.2088e+01,7.2230e+01,7.2579e+01,7.1624e+01,7.0987e+01,7.0283e+01,6.9702e+01,6.9396e+01,6.9434e+01,6.9292e+01,6.9292e+01,6.9526e+01,6.9929e+01,6.9988e+01,7.0439e+01,7.0837e+01,7.1773e+01,7.2336e+01,7.3332e+01,7.4085e+01,7.4915e+01,7.5942e+01,7.6964e+01,7.7102e+01,7.8120e+01,7.7766e+01,7.8610e+01,7.7927e+01,7.6657e+01,7.6941e+01,7.7694e+01,7.6432e+01,7.5244e+01,7.4932e+01,7.3908e+01,7.4732e+01,7.5305e+01,7.6729e+01,7.7008e+01,7.5852e+01,7.4892e+01,7.3976e+01,7.3527e+01,7.2842e+01,7.3181e+01,7.3183e+01,7.4192e+01,7.4840e+01,7.5234e+01,7.4244e+01,7.3586e+01,7.3092e+01,7.2931e+01,7.3183e+01,7.4003e+01,7.4365e+01,7.4305e+01,7.4392e+01,7.4552e+01,7.4085e+01,7.4755e+01,7.4304e+01,7.3362e+01,7.3046e+01,7.2328e+01,7.2033e+01,7.1610e+01,7.1583e+01,7.1418e+01,7.1793e+01,7.2320e+01,7.2868e+01,7.3380e+01,7.3479e+01,7.3590e+01,7.3687e+01
7.4260e+01,7.4063e+01,7.4031e+01,7.3508e+01,7.3413e+01,7.3612e+01,7.3765e+01,7.3047e+01,7.2429e+01,7.2839e+01,7.2786e+01,7.2016e+01,7.1788e+01,7.2393e+01,7.2590e+01,7.1945e+01,7.1941e+01,7.1675e+01,7.1228e+01,7.0784e+01,7.0485e+01,7.0406e+01,7.0320e+01,7.0405e+01,7.0430e+01,7.0660e+01,7.0371e+01,7.0225e+01,7.0044e+01,7.0036e+01,7.0416e+01,7.0591e+01,7.0364e+01,7.0296e+01,7.0274e+01,7.0146e+01,7.0082e+01,7.0273e+01,7.0872e+01,7.0943e+01,7.0870e+01,7.0825e+01,7.0696e+01,7.1282e+01,7.1172e+01,7.1837e+01,7.1766e+01,7.2645e+01,7.3367e+01,7.3678e+01,7.4953e+01,7.5624e+01,7.7066e+01,7.7273e+01,7.7313e+01,7.7598e+01,7.6907e+01,7.6566e+01,7.5721e+01,7.6170e+01,7.5465e+01,7.5249e+01,7.4113e+01,7.3752e+01,7.3580e+01,7.3093e+01,7.3675e+01,7.3536e+01,7.3698e+01,7.3011e+01,7.3275e+01,7.4171e+01,7.4207e+01,7.4163e+01,7.3249e+01,7.3353e+01,7.2834e+01,7.1957e+01,7.1754e+01,7.2247e+01,7.2687e+01,7.2394e+01,7.1651e+01,7.1422e+01,7.0922e+01,7.0942e+01,7.1136e+01,7.1152e+01,7.1012e+01,7.1036e+01,7.0852e+01,7.1042e+01,7.1543e+01,7.1733e+01,7.2558e+01,7.2738e+01,7.2422e+01,7.2524e+01,7.2853e+01,7.1919e+01,7.1333e+01,7.0654e+01,7.0135e+01,6.9829e+01,6.9899e+01,6.9756e+01,6.9713e+01,6.9968e+01,7.0365e+01,7.0464e+01,7.0934e+01,7.1346e+01,7.2245e+01,7.2773e+01,7.3736e+01,7.4486e+01,7.5277e+01,7.6265e+01,7.7264e+01,7.7426e+01,7.8431e+01,7.8103e+01,7.8948e+01,7.8269e+01,7.7025e+01,7.7326e+01,7.8070e+01,7.6829e+01,7.5658e+01,7.5350e+01,7.4341e+01,7.5140e+01,7.5713e+01,7.7107e+01,7.7399e+01,7.6275e+01,7.5334e+01,7.4433e+01,7.3998e+01,7.3339e+01,7.3678e+01,7.3682e+01,7.4671e+01,7.5314e+01,7.5707e+01,7.4730e+01,7.4079e+01,7.3593e+01,7.3433e+01,7.3681e+01,7.4495e+01,7.4855e+01,7.4794e+01,7.4881e+01,7.5038e+01,7.4571e+01,7.5232e+01,7.4781e+01,7.3854e+01,7.3533e+01,7.2821e+01,7.2515e+01,7.2103e+01,7.2066e+01,7.1900e+01,7.2254e+01,7.2769e+01,7.3307e+01,7.3815e+01,7.3915e+01,7.4029e+01,7.4131e+01
7.4761e+01,7.4561e+01,7.4527e+01,7.4013e+01,7.3919e+01,7.4105e+01,7.4254e+01,7.3531e+01,7.2925e+01,7.3342e+01,7.3281e+01,7.2509e+01,7.2295e+01,7.2907e+01,7.3101e+01,7.2456e+01,7.2437e+01,7.2179e+01,7.1735e+01,7.1297e+01,7.0989e+01,7.0919e+01,7.0821e+01,7.0919e+01,7.0967e+01,7.1209e+01,7.0932e+01,7.0781e+01,7.0600e+01,7.0576e+01,7.0951e+01,7.1110e+01,7.0874e+01,7.0813e+01,7.0776e+01,7.0662e+01,7.0587e+01,7.0792e+01,7.1382e+01,7.1477e+01,7.1423e+01,7.1396e+01,7.1277e+01,7.1857e+01,7.1751e+01,7.2397e+01,7.2320e+01,7.3179e+01,7.3894e+01,7.4202e+01,7.5458e+01,7.6126e+01,7.7553e+01,7.7758e+01,7.7802e+01,7.8082e+01,7.7394e+01,7.7054e+01,7.6214e+01,7.6658e+01,7.5959e+01,7.5748e+01,7.4623e+01,7.4269e+01,7.4101e+01,7.3620e+01,7.4199e+01,7.4063e+01,7.4227e+01,7.3540e+01,7.3799e+01,7.4691e+01,7.4726e+01,7.4676e+01,7.3762e+01,7.3855e+01,7.3334e+01,7.2462e+01,7.2248e+01,7.2731e+01,7.3155e+01,7.2847e+01,7.2109e+01,7.1885e+01,7.1397e+01,7.1422e+01,7.1631e+01,7.1645e+01,7.1518e+01,7.1531e+01,7.1330e+01,7.1510e+01,7.2012e+01,7.2198e+01,7.2996e+01,7.3159e+01,7.2849e+01,7.2922e+01,7.3234e+01,7.2330e+01,7.1793e+01,7.1145e+01,7.0673e+01,7.0374e+01,7.0466e+01,7.0326e+01,7.0257e+01,7.0526e+01,7.0921e+01,7.1042e+01,7.1511e+01,7.1920e+01,7.2783e+01,7.3282e+01,7.4207e+01,7.4947e+01,7.5710e+01,7.6659e+01,7.7638e+01,7.7817e+01,7.8804e+01,7.8494e+01,7.9340e+01,7.8669e+01,7.7449e+01,7.7759e+01,7.8496e+01,7.7280e+01,7.6123e+01,7.5813e+01,7.4819e+01,7.5593e+01,7.6160e+01,7.7523e+01,7.7823e+01,7.6729e+01,7.5806e+01,7.4923e+01,7.4505e+01,7.3875e+01,7.4210e+01,7.4219e+01,7.5185e+01,7.5817e+01,7.6203e+01,7.5241e+01,7.4605e+01,7.4130e+01,7.3971e+01,7.4217e+01,7.5017e+01,7.5373e+01,7.5309e+01,7.5394e+01,7.5549e+01,7.5086e+01,7.5733e+01,7.5286e+01,7.4380e+01,7.4063e+01,7.3367e+01,7.3064e+01,7.2666e+01,7.2624e+01,7.2460e+01,7.2806e+01,7.3315e+01,7.3845e+01,7.4344e+01,7.4442e+01,7.4559e+01,7.4662e+01
7.5165e+01,7.4964e+01,7.4944e+01,7.4438e+01,7.4329e+01,7.4497e+01,7.4629e+01,7.3900e+01,7.3316e+01,7.3731e+01,7.3651e+01,7.2886e+01,7.2694e+01,7.3312e+01,7.3489e+01,7.2842e+01,7.2809e+01,7.2566e+01,7.2122e+01,7.1699e+01,7.1379e+01,7.1318e+01,7.1210e+01,7.1324e+01,7.1397e+01,7.1656e+01,7.1397e+01,7.1239e+01,7.1063e+01,7.1023e+01,7.1392e+01,7.1535e+01,7.1292e+01,7.1245e+01,7.1200e+01,7.1107e+01,7.1027e+01,7.1256e+01,7.1853e+01,7.1975e+01,7.1929e+01,7.1918e+01,7.1799e+01,7.2386e+01,7.2280e+01,7.2913e+01,7.2818e+01,7.3659e+01,7.4371e+01,7.4666e+01,7.5907e+01,7.6569e+01,7.7989e+01,7.8183e+01,7.8230e+01,7.8498e+01,7.7805e+01,7.7456e+01,7.6614e+01,7.7049e+01,7.6349e+01,7.6143e+01,7.5029e+01,7.4681e+01,7.4525e+01,7.4050e+01,7.4636e+01,7.4505e+01,7.4675e+01,7.3987e+01,7.4237e+01,7.5125e+01,7.5152e+01,7.5091e+01,7.4174e+01,7.4254e+01,7.3729e+01,7.2862e+01,7.2634e+01,7.3103e+01,7.3505e+01,7.3184e+01,7.2454e+01,7.2238e+01,7.1769e+01,7.1803e+01,7.2029e+01,7.2047e+01,7.1938e+01,7.1946e+01,7.1730e+01,7.1909e+01,7.2420e+01,7.2613e+01,7.3394e+01,7.3552e+01,7.3253e+01,7.3303e+01,7.3616e+01,7.2732e+01,7.2238e+01,7.1602e+01,7.1156e+01,7.0851e+01,7.0967e+01,7.0817e+01,7.0715e+01,7.0991e+01,7.1386e+01,7.1538e+01,7.2015e+01,7.2437e+01,7.3281e+01,7.3771e+01,7.4671e+01,7.5401e+01,7.6132e+01,7.7060e+01,7.8012e+01,7.8204e+01,7.9184e+01,7.8893e+01,7.9730e+01,7.9057e+01,7.7861e+01,7.8180e+01,7.8902e+01,7.7698e+01,7.6559e+01,7.6262e+01,7.5286e+01,7.6052e+01,7.6623e+01,7.7971e+01,7.8280e+01,7.7206e+01,7.6300e+01,7.5423e+01,7.5003e+01,7.4386e+01,7.4723e+01,7.4741e+01,7.5704e+01,7.6330e+01,7.6710e+01,7.5750e+01,7.5120e+01,7.4641e+01,7.4475e+01,7.4717e+01,7.5511e+01,7.5869e+01,7.5811e+01,7.5892e+01,7.6038e+01,7.5572e+01,7.6215e+01,7.5771e+01,7.4874e+01,7.4547e+01,7.3852e+01,7.3536e+01,7.3147e+01,7.3093e+01,7.2928e+01,7.3258e+01,7.3754e+01,7.4276e+01,7.4772e+01,7.4870e+01,7.4989e+01,7.5089e+01
7.5629e+01,7.5435e+01,7.5417e+01,7.4910e+01,7.4796e+01,7.4960e+01,7.5084e+01,7.4354e+01,7.3777e+01,7.4189e+01,7.4100e+01,7.3339e+01,7.3155e+01,7.3774e+01,7.3942e+01,7.3290e+01,7.3247e+01,7.3005e+01,7.2554e+01,7.2129e+01,7.1804e+01,7.1756e+01,7.1647e+01,7.1775e+01,7.1859e+01,7.2129e+01,7.1867e+01,7.1698e+01,7.1512e+01,7.1458e+01,7.1824e+01,7.1955e+01,7.1703e+01,7.1656e+01,7.1598e+01,7.1512e+01,7.1428e+01,7.1661e+01,7.2248e+01,7.2390e+01,7.2360e+01,7.2369e+01,7.2264e+01,7.2857e+01,7.2766e+01,7.3401e+01,7.3310e+01,7.4142e+01,7.4843e+01,7.5134e+01,7.6368e+01,7.7024e+01,7.8437e+01,7.8633e+01,7.8676e+01,7.8946e+01,7.8250e+01,7.7910e+01,7.7071e+01,7.7512e+01,7.6811e+01,7.6600e+01,7.5484e+01,7.5132e+01,7.4971e+01,7.4495e+01,7.5076e+01,7.4944e+01,7.5110e+01,7.4420e+01,7.4669e+01,7.5560e+01,7.5590e+01,7.5526e+01,7.4609e+01,7.4683e+01,7.4161e+01,7.3294e+01,7.3060e+01,7.3529e+01,7.3919e+01,7.3589e+01,7.2857e+01,7.2637e+01,7.2172e+01,7.2201e+01,7.2434e+01,7.2444e+01,7.2341e+01,7.2336e+01,7.2109e+01,7.2276e+01,7.2782e+01,7.2969e+01,7.3726e+01,7.3870e+01,7.3578e+01,7.3610e+01,7.3912e+01,7.3060e+01,7.2605e+01,7.2001e+01,7.1589e+01,7.1300e+01,7.1442e+01,7.1300e+01,7.1183e+01,7.1468e+01,7.1875e+01,7.2043e+01,7.2516e+01,7.2943e+01,7.3780e+01,7.4268e+01,7.5149e+01,7.5866e+01,7.6588e+01,7.7495e+01,7.8439e+01,7.8634e+01,7.9598e+01,7.9313e+01,8.0151e+01,7.9488e+01,7.8301e+01,7.8619e+01,7.9341e+01,7.8149e+01,7.7016e+01,7.6716e+01,7.5749e+01,7.6502e+01,7.7063e+01,7.8391e+01,7.8696e+01,7.7633e+01,7.6734e+01,7.5874e+01,7.5467e+01,7.4853e+01,7.5177e+01,7.5187e+01,7.6133e+01,7.6750e+01,7.7130e+01,7.6184e+01,7.5553e+01,7.5078e+01,7.4917e+01,7.5150e+01,7.5942e+01,7.6290e+01,7.6232e+01,7.6322e+01,7.6473e+01,7.6014e+01,7.6658e+01,7.6221e+01,7.5327e+01,7.5008e+01,7.4321e+01,7.4005e+01,7.3611e+01,7.3548e+01,7.3376e+01,7.3695e+01,7.4188e+01,7.4701e+01,7.5193e+01,7.5294e+01,7.5413e+01,7.5514e+01
7.6087e+01,7.5891e+01,7.5878e+01,7.5377e+01,7.5255e+01,7.5406e+01,7.5520e+01,7.4789e+01,7.4228e+01,7.4637e+01,7.4535e+01,7.3782e+01,7.3613e+01,7.4236e+01,7.4392e+01,7.3738e+01,7.3678e+01,7.3438e+01,7.2979e+01,7.2557e+01,7.2224e+01,7.2197e+01,7.2087e+01,7.2239e+01,7.2343e+01,7.2633e+01,7.2372e+01,7.2187e+01,7.1993e+01,7.1917e+01,7.2275e+01,7.2385e+01,7.2123e+01,7.2085e+01,7.2015e+01,7.1949e+01,7.1862e+01,7.2116e+01,7.2703e+01,7.2873e+01,7.2854e+01,7.2886e+01,7.2791e+01,7.3396e+01,7.3317e+01,7.3956e+01,7.3861e+01,7.4683e+01,7.5377e+01,7.5659e+01,7.6885e+01,7.7532e+01,7.8939e+01,7.9130e+01,7.9167e+01,7.9431e+01,7.8730e+01,7.8392e+01,7.7551e+01,7.7994e+01,7.7289e+01,7.7073e+01,7.5958e+01,7.5603e+01,7.5443e+01,7.4965e+01,7.5544e+01,7.5406e+01,7.5569e+01,7.4872e+01,7.5112e+01,7.5999e+01,7.6028e+01,7.5951e+01,7.5035e+01,7.5093e+01,7.4574e+01,7.3712e+01,7.3466e+01,7.3927e+01,7.4292e+01,7.3952e+01,7.3226e+01,7.3006e+01,7.2555e+01,7.2586e+01,7.2832e+01,7.2840e+01,7.2753e+01,7.2737e+01,7.2496e+01,7.2659e+01,7.3168e+01,7.3359e+01,7.4094e+01,7.4233e+01,7.3956e+01,7.3969e+01,7.4276e+01,7.3451e+01,7.3040e+01,7.2455e+01,7.2071e+01,7.1786e+01,7.1957e+01,7.1816e+01,7.1674e+01,7.1971e+01,7.2393e+01,7.2582e+01,7.3061e+01,7.3500e+01,7.4334e+01,7.4822e+01,7.5691e+01,7.6399e+01,7.7107e+01,7.8001e+01,7.8928e+01,7.9129e+01,8.0086e+01,7.9809e+01,8.0642e+01,7.9982e+01,7.8808e+01,7.9127e+01,7.9842e+01,7.8656e+01,7.7534e+01,7.7242e+01,7.6286e+01,7.7032e+01,7.7587e+01,7.8898e+01,7.9199e+01,7.8148e+01,7.7257e+01,7.6411e+01,7.6007e+01,7.5393e+01,7.5707e+01,7.5714e+01,7.6650e+01,7.7256e+01,7.7632e+01,7.6696e+01,7.6064e+01,7.5584e+01,7.5422e+01,7.5644e+01,7.6431e+01,7.6772e+01,7.6720e+01,7.6816e+01,7.6965e+01,7.6513e+01,7.7159e+01,7.6732e+01,7.5842e+01,7.5524e+01,7.4843e+01,7.4521e+01,7.4124e+01,7.4047e+01,7.3865e+01,7.4169e+01,7.4658e+01,7.5162e+01,7.5649e+01,7.5748e+01,7.5863e+01,7.5959e+01
7.6416e+01,7.6221e+01,7.6206e+01,7.5703e+01,7.5578e+01,7.5730e+01,7.5841e+01,7.5110e+01,7.4550e+01,7.4957e+01,7.4851e+01,7.4102e+01,7.3934e+01,7.4557e+01,7.4708e+01,7.4046e+01,7.3978e+01,7.3729e+01,7.3261e+01,7.2835e+01,7.2500e+01,7.2488e+01,7.2383e+01,7.2551e+01,7.2667e+01,7.2973e+01,7.2706e+01,7.2506e+01,7.2301e+01,7.2208e+01,7.2562e+01,7.2656e+01,7.2385e+01,7.2352e+01,7.2273e+01,7.2221e+01,7.2132e+01,7.2401e+01,7.2994e+01,7.3183e+01,7.3172e+01,7.3219e+01,7.3133e+01,7.3751e+01,7.3683e+01,7.4333e+01,7.4239e+01,7.5063e+01,7.5755e+01,7.6033e+01,7.7263e+01,7.7906e+01,7.9314e+01,7.9504e+01,7.9532e+01,7.9795e+01,7.9088e+01,7.8758e+01,7.7914e+01,7.8365e+01,7.7650e+01,7.7426e+01,7.6298e+01,7.5928e+01,7.5762e+01,7.5274e+01,7.5849e+01,7.5703e+01,7.5862e+01,7.5158e+01,7.5389e+01,7.6274e+01,7.6304e+01,7.6218e+01,7.5304e+01,7.5351e+01,7.4838e+01,7.3979e+01,7.3726e+01,7.4189e+01,7.4541e+01,7.4198e+01,7.3471e+01,7.3245e+01,7.2798e+01,7.2827e+01,7.3079e+01,7.3084e+01,7.3007e+01,7.2986e+01,7.2736e+01,7.2897e+01,7.3410e+01,7.3608e+01,7.4332e+01,7.4473e+01,7.4209e+01,7.4215e+01,7.4532e+01,7.3712e+01,7.3321e+01,7.2739e+01,7.2369e+01,7.2086e+01,7.2279e+01,7.2141e+01,7.1986e+01,7.2295e+01,7.2731e+01,7.2934e+01,7.3422e+01,7.3873e+01,7.4716e+01,7.5210e+01,7.6083e+01,7.6790e+01,7.7496e+01,7.8391e+01,7.9314e+01,7.9517e+01,8.0473e+01,8.0197e+01,8.1030e+01,8.0369e+01,7.9196e+01,7.9512e+01,8.0225e+01,7.9037e+01,7.7916e+01,7.7627e+01,7.6674e+01,7.7422e+01,7.7973e+01,7.9280e+01,7.9576e+01,7.8522e+01,7.7631e+01,7.6792e+01,7.6388e+01,7.5765e+01,7.6071e+01,7.6071e+01,7.7004e+01,7.7605e+01,7.7981e+01,7.7050e+01,7.6410e+01,7.5924e+01,7.5761e+01,7.5974e+01,7.6760e+01,7.7095e+01,7.7049e+01,7.7151e+01,7.7298e+01,7.6852e+01,7.7503e+01,7.7085e+01,7.6192e+01,7.5875e+01,7.5195e+01,7.4870e+01,7.4465e+01,7.4373e+01,7.4180e+01,7.4474e+01,7.4966e+01,7.5463e+01,7.5943e+01,7.6037e+01,7.6148e+01,7.6238e+01
7.6826e+01,7.6623e+01,7.6615e+01,7.6123e+01,7.5995e+01,7.6140e+01,7.6247e+01,7.5516e+01,7.4966e+01,7.5370e+01,7.5257e+01,7.4514e+01,7.4351e+01,7.4973e+01,7.5117e+01,7.4448e+01,7.4373e+01,7.4121e+01,7.3643e+01,7.3207e+01,7.2872e+01,7.2873e+01,7.2773e+01,7.2950e+01,7.3061e+01,7.3366e+01,7.3084e+01,7.2873e+01,7.2653e+01,7.2552e+01,7.2905e+01,7.2994e+01,7.2714e+01,7.2670e+01,7.2582e+01,7.2528e+01,7.2440e+01,7.2703e+01,7.3276e+01,7.3476e+01,7.3474e+01,7.3538e+01,7.3469e+01,7.4087e+01,7.4041e+01,7.4698e+01,7.4619e+01,7.5434e+01,7.6106e+01,7.6379e+01,7.7600e+01,7.8230e+01,7.9627e+01,7.9823e+01,7.9840e+01,8.0110e+01,7.9414e+01,7.9108e+01,7.8286e+01,7.8750e+01,7.8051e+01,7.7828e+01,7.6695e+01,7.6325e+01,7.6142e+01,7.5652e+01,7.6220e+01,7.6067e+01,7.6212e+01,7.5506e+01,7.5745e+01,7.6639e+01,7.6681e+01,7.6595e+01,7.5682e+01,7.5726e+01,7.5219e+01,7.4356e+01,7.4103e+01,7.4573e+01,7.4916e+01,7.4572e+01,7.3838e+01,7.3600e+01,7.3147e+01,7.3162e+01,7.3414e+01,7.3403e+01,7.3323e+01,7.3287e+01,7.3033e+01,7.3178e+01,7.3679e+01,7.3866e+01,7.4572e+01,7.4704e+01,7.4443e+01,7.4445e+01,7.4759e+01,7.3961e+01,7.3593e+01,7.3043e+01,7.2698e+01,7.2441e+01,7.2658e+01,7.2532e+01,7.2378e+01,7.2690e+01,7.3142e+01,7.3345e+01,7.3820e+01,7.4268e+01,7.5109e+01,7.5608e+01,7.6468e+01,7.7159e+01,7.7872e+01,7.8757e+01,7.9681e+01,7.9872e+01,8.0810e+01,8.0522e+01,8.1353e+01,8.0709e+01,7.9535e+01,7.9837e+01,8.0555e+01,7.9376e+01,7.8258e+01,7.7964e+01,7.7020e+01,7.7755e+01,7.8288e+01,7.9579e+01,7.9859e+01,7.8809e+01,7.7924e+01,7.7105e+01,7.6711e+01,7.6088e+01,7.6376e+01,7.6369e+01,7.7285e+01,7.7877e+01,7.8250e+01,7.7334e+01,7.6695e+01,7.6216e+01,7.6061e+01,7.6269e+01,7.7049e+01,7.7376e+01,7.7325e+01,7.7432e+01,7.7584e+01,7.7146e+01,7.7793e+01,7.7382e+01,7.6496e+01,7.6191e+01,7.5527e+01,7.5213e+01,7.4802e+01,7.4712e+01,7.4511e+01,7.4807e+01,7.5303e+01,7.5796e+01,7.6282e+01,7.6386e+01,7.6490e+01,7.6588e+01
7.6989e+01,7.6778e+01,7.6769e+01,7.6283e+01,7.6164e+01,7.6307e+01,7.6424e+01,7.5690e+01,7.5140e+01,7.5553e+01,7.5444e+01,7.4695e+01,7.4531e+01,7.5153e+01,7.5302e+01,7.4632e+01,7.4567e+01,7.4316e+01,7.3837e+01,7.3396e+01,7.3064e+01,7.3061e+01,7.2962e+01,7.3132e+01,7.3234e+01,7.3529e+01,7.3236e+01,7.3027e+01,7.2801e+01,7.2706e+01,7.3064e+01,7.3160e+01,7.2877e+01,7.2823e+01,7.2733e+01,7.2670e+01,7.2581e+01,7.2832e+01,7.3395e+01,7.3587e+01,7.3585e+01,7.3647e+01,7.3583e+01,7.4194e+01,7.4156e+01,7.4813e+01,7.4745e+01,7.5556e+01,7.6216e+01,7.6491e+01,7.7705e+01,7.8328e+01,7.9714e+01,7.9916e+01,7.9923e+01,8.0201e+01,7.9518e+01,7.9237e+01,7.8439e+01,7.8910e+01,7.8227e+01,7.8007e+01,7.6875e+01,7.6509e+01,7.6315e+01,7.5823e+01,7.6384e+01,7.6227e+01,7.6361e+01,7.5660e+01,7.5907e+01,7.6807e+01,7.6860e+01,7.6781e+01,7.5871e+01,7.5921e+01,7.5418e+01,7.4550e+01,7.4301e+01,7.4779e+01,7.5126e+01,7.4783e+01,7.4042e+01,7.3798e+01,7.3336e+01,7.3344e+01,7.3591e+01,7.3573e+01,7.3482e+01,7.3442e+01,7.3193e+01,7.3332e+01,7.3825e+01,7.4004e+01,7.4711e+01,7.4840e+01,7.4573e+01,7.4581e+01,7.4888e+01,7.4090e+01,7.3711e+01,7.3163e+01,7.2821e+01,7.2576e+01,7.2793e+01,7.2677e+01,7.2533e+01,7.2847e+01,7.3304e+01,7.3497e+01,7.3962e+01,7.4402e+01,7.5239e+01,7.5744e+01,7.6595e+01,7.7277e+01,7.7999e+01,7.8879e+01,7.9810e+01,7.9991e+01,8.0914e+01,8.0614e+01,8.1447e+01,8.0818e+01,7.9639e+01,7.9929e+01,8.0655e+01,7.9486e+01,7.8365e+01,7.8061e+01,7.7121e+01,7.7845e+01,7.8363e+01,7.9643e+01,7.9914e+01,7.8867e+01,7.7989e+01,7.7182e+01,7.6795e+01,7.6178e+01,7.6458e+01,7.6451e+01,7.7356e+01,7.7943e+01,7.8311e+01,7.7404e+01,7.6772e+01,7.6303e+01,7.6155e+01,7.6368e+01,7.7142e+01,7.7469e+01,7.7410e+01,7.7511e+01,7.7665e+01,7.7229e+01,7.7862e+01,7.7452e+01,7.6579e+01,7.6282e+01,7.5631e+01,7.5332e+01,7.4924e+01,7.4844e+01,7.4645e+01,7.4951e+01,7.5453e+01,7.5954e+01,7.6446e+01,7.6561e+01,7.6669e+01,7.6775e+01
7.7230e+01,7.7004e+01,7.6985e+01,7.6505e+01,7.6401e+01,7.6553e+01,7.6684e+01,7.5945e+01,7.5387e+01,7.5811e+01,7.5713e+01,7.4956e+01,7.4780e+01,7.5404e+01,7.5566e+01,7.4895e+01,7.4839e+01,7.4589e+01,7.4108e+01,7.3659e+01,7.3328e+01,7.3318e+01,7.3215e+01,7.3377e+01,7.3470e+01,7.3753e+01,7.3452e+01,7.3249e+01,7.3020e+01,7.2935e+01,7.3299e+01,7.3404e+01,7.3119e+01,7.3056e+01,7.2967e+01,7.2894e+01,7.2806e+01,7.3048e+01,7.3606e+01,7.3786e+01,7.3780e+01,7.3836e+01,7.3772e+01,7.4377e+01,7.4343e+01,7.5000e+01,7.4941e+01,7.5750e+01,7.6402e+01,7.6680e+01,7.7892e+01,7.8511e+01,7.9893e+01,8.0107e+01,8.0108e+01,8.0409e+01,7.9752e+01,7.9483e+01,7.8696e+01,7.9168e+01,7.8494e+01,7.8282e+01,7.7144e+01,7.6779e+01,7.6574e+01,7.6080e+01,7.6639e+01,7.6478e+01,7.6604e+01,7.5904e+01,7.6163e+01,7.7072e+01,7.7134e+01,7.7060e+01,7.6148e+01,7.6203e+01,7.5700e+01,7.4825e+01,7.4579e+01,7.5065e+01,7.5417e+01,7.5074e+01,7.4325e+01,7.4075e+01,7.3605e+01,7.3607e+01,7.3850e+01,7.3826e+01,7.3726e+01,7.3684e+01,7.3440e+01,7.3576e+01,7.4064e+01,7.4236e+01,7.4948e+01,7.5075e+01,7.4801e+01,7.4816e+01,7.5118e+01,7.4317e+01,7.3925e+01,7.3374e+01,7.3025e+01,7.2783e+01,7.2993e+01,7.2882e+01,7.2748e+01,7.3063e+01,7.3522e+01,7.3707e+01,7.4164e+01,7.4600e+01,7.5437e+01,7.5947e+01,7.6797e+01,7.7472e+01,7.8201e+01,7.9078e+01,8.0015e+01,8.0186e+01,8.1098e+01,8.0787e+01,8.1618e+01,8.1003e+01,7.9820e+01,8.0098e+01,8.0831e+01,7.9669e+01,7.8544e+01,7.8233e+01,7.7298e+01,7.8016e+01,7.8525e+01,7.9799e+01,8.0063e+01,7.9020e+01,7.8148e+01,7.7349e+01,7.6964e+01,7.6349e+01,7.6627e+01,7.6622e+01,7.7522e+01,7.8105e+01,7.8469e+01,7.7565e+01,7.6939e+01,7.6475e+01,7.6328e+01,7.6546e+01,7.7314e+01,7.7644e+01,7.7581e+01,7.7675e+01,7.7827e+01,7.7390e+01,7.8014e+01,7.7605e+01,7.6741e+01,7.6449e+01,7.5810e+01,7.5523e+01,7.5115e+01,7.5042e+01,7.4847e+01,7.5165e+01,7.5672e+01,7.6182e+01,7.6673e+01,7.6796e+01,7.6900e+01,7.7016e+01
7.7498e+01,7.7261e+01,7.7245e+01,7.6768e+01,7.6670e+01,7.6818e+01,7.6956e+01,7.6216e+01,7.5660e+01,7.6092e+01,7.6001e+01,7.5240e+01,7.5062e+01,7.5684e+01,7.5852e+01,7.5185e+01,7.5140e+01,7.4894e+01,7.4416e+01,7.3965e+01,7.3636e+01,7.3615e+01,7.3510e+01,7.3656e+01,7.3733e+01,7.3996e+01,7.3691e+01,7.3502e+01,7.3276e+01,7.3207e+01,7.3580e+01,7.3698e+01,7.3414e+01,7.3339e+01,7.3252e+01,7.3164e+01,7.3077e+01,7.3297e+01,7.3838e+01,7.3996e+01,7.3988e+01,7.4031e+01,7.3967e+01,7.4552e+01,7.4519e+01,7.5168e+01,7.5122e+01,7.5925e+01,7.6565e+01,7.6848e+01,7.8051e+01,7.8667e+01,8.0039e+01,8.0266e+01,8.0265e+01,8.0587e+01,7.9961e+01,7.9701e+01,7.8932e+01,7.9402e+01,7.8747e+01,7.8549e+01,7.7415e+01,7.7064e+01,7.6859e+01,7.6373e+01,7.6938e+01,7.6781e+01,7.6905e+01,7.6206e+01,7.6475e+01,7.7392e+01,7.7457e+01,7.7388e+01,7.6472e+01,7.6532e+01,7.6026e+01,7.5144e+01,7.4900e+01,7.5389e+01,7.5747e+01,7.5404e+01,7.4653e+01,7.4402e+01,7.3925e+01,7.3924e+01,7.4164e+01,7.4136e+01,7.4025e+01,7.3982e+01,7.3742e+01,7.3873e+01,7.4352e+01,7.4513e+01,7.5228e+01,7.5348e+01,7.5061e+01,7.5083e+01,7.5371e+01,7.4572e+01,7.4161e+01,7.3619e+01,7.3262e+01,7.3029e+01,7.3224e+01,7.3119e+01,7.3002e+01,7.3311e+01,7.3764e+01,7.3932e+01,7.4372e+01,7.4791e+01,7.5618e+01,7.6129e+01,7.6967e+01,7.7630e+01,7.8368e+01,7.9239e+01,8.0184e+01,8.0342e+01,8.1238e+01,8.0913e+01,8.1745e+01,8.1146e+01,7.9958e+01,8.0224e+01,8.0964e+01,7.9814e+01,7.8687e+01,7.8366e+01,7.7437e+01,7.8143e+01,7.8639e+01,7.9902e+01,8.0158e+01,7.9124e+01,7.8261e+01,7.7472e+01,7.7098e+01,7.6495e+01,7.6771e+01,7.6769e+01,7.7660e+01,7.8245e+01,7.8607e+01,7.7708e+01,7.7091e+01,7.6642e+01,7.6505e+01,7.6732e+01,7.7497e+01,7.7829e+01,7.7752e+01,7.7839e+01,7.7998e+01,7.7559e+01,7.8167e+01,7.7750e+01,7.6898e+01,7.6614e+01,7.5989e+01,7.5720e+01,7.5323e+01,7.5269e+01,7.5086e+01,7.5417e+01,7.5924e+01,7.6443e+01,7.6940e+01,7.7071e+01,7.7173e+01,7.7298e+01
7.7748e+01,7.7500e+01,7.7490e+01,7.7011e+01,7.6914e+01,7.7066e+01,7.7205e+01,7.6462e+01,7.5905e+01,7.6338e+01,7.6247e+01,7.5484e+01,7.5302e+01,7.5922e+01,7.6089e+01,7.5415e+01,7.5371e+01,7.5123e+01,7.4641e+01,7.4188e+01,7.3861e+01,7.3844e+01,7.3744e+01,7.3894e+01,7.3968e+01,7.4232e+01,7.3919e+01,7.3722e+01,7.3490e+01,7.3416e+01,7.3788e+01,7.3903e+01,7.3617e+01,7.3540e+01,7.3451e+01,7.3365e+01,7.3286e+01,7.3506e+01,7.4037e+01,7.4202e+01,7.4192e+01,7.4246e+01,7.4188e+01,7.4779e+01,7.4762e+01,7.5418e+01,7.5376e+01,7.6170e+01,7.6797e+01,7.7074e+01,7.8279e+01,7.8890e+01,8.0270e+01,8.0512e+01,8.0513e+01,8.0866e+01,8.0250e+01,7.9984e+01,7.9208e+01,7.9678e+01,7.9020e+01,7.8824e+01,7.7678e+01,7.7324e+01,7.7114e+01,7.6619e+01,7.7187e+01,7.7022e+01,7.7138e+01,7.6431e+01,7.6702e+01,7.7627e+01,7.7696e+01,7.7624e+01,7.6705e+01,7.6762e+01,7.6257e+01,7.5371e+01,7.5126e+01,7.5618e+01,7.5973e+01,7.5630e+01,7.4875e+01,7.4617e+01,7.4137e+01,7.4130e+01,7.4369e+01,7.4335e+01,7.4223e+01,7.4174e+01,7.3935e+01,7.4062e+01,7.4536e+01,7.4694e+01,7.5405e+01,7.5525e+01,7.5243e+01,7.5272e+01,7.5565e+01,7.4777e+01,7.4372e+01,7.3848e+01,7.3494e+01,7.3271e+01,7.3490e+01,7.3378e+01,7.3247e+01,7.3554e+01,7.4022e+01,7.4204e+01,7.4633e+01,7.5065e+01,7.5893e+01,7.6424e+01,7.7253e+01,7.7902e+01,7.8644e+01,7.9515e+01,8.0458e+01,8.0607e+01,8.1497e+01,8.1164e+01,8.1997e+01,8.1405e+01,8.0213e+01,8.0470e+01,8.1217e+01,8.0067e+01,7.8936e+01,7.8613e+01,7.7690e+01,7.8394e+01,7.8880e+01,8.0140e+01,8.0387e+01,7.9348e+01,7.8486e+01,7.7706e+01,7.7332e+01,7.6721e+01,7.6986e+01,7.6979e+01,7.7866e+01,7.8447e+01,7.8811e+01,7.7914e+01,7.7292e+01,7.6841e+01,7.6706e+01,7.6929e+01,7.7696e+01,7.8024e+01,7.7945e+01,7.8037e+01,7.8200e+01,7.7764e+01,7.8377e+01,7.7964e+01,7.7109e+01,7.6828e+01,7.6208e+01,7.5940e+01,7.5537e+01,7.5480e+01,7.5294e+01,7.5621e+01,7.6126e+01,7.6646e+01,7.7141e+01,7.7275e+01,7.7371e+01,7.7499e+01
7.8132e+01,7.7868e+01,7.7875e+01,7.7389e+01,7.7278e+01,7.7424e+01,7.7549e+01,7.6788e+01,7.6243e+01,7.6686e+01,7.6576e+01,7.5806e+01,7.5638e+01,7.6271e+01,7.6427e+01,7.5741e+01,7.5683e+01,7.5440e+01,7.4945e+01,7.4492e+01,7.4154e+01,7.4149e+01,7.4042e+01,7.4206e+01,7.4294e+01,7.4565e+01,7.4251e+01,7.4049e+01,7.3808e+01,7.3721e+01,7.4096e+01,7.4198e+01,7.3898e+01,7.3820e+01,7.3718e+01,7.3639e+01,7.3555e+01,7.3785e+01,7.4313e+01,7.4496e+01,7.4494e+01,7.4562e+01,7.4512e+01,7.5108e+01,7.5103e+01,7.5762e+01,7.5725e+01,7.6516e+01,7.7134e+01,7.7414e+01,7.8615e+01,7.9226e+01,8.0599e+01,8.0864e+01,8.0873e+01,8.1256e+01,8.0656e+01,8.0385e+01,7.9606e+01,8.0066e+01,7.9406e+01,7.9216e+01,7.8065e+01,7.7706e+01,7.7496e+01,7.6988e+01,7.7555e+01,7.7377e+01,7.7483e+01,7.6766e+01,7.7036e+01,7.7965e+01,7.8039e+01,7.7957e+01,7.7035e+01,7.7081e+01,7.6575e+01,7.5685e+01,7.5428e+01,7.5919e+01,7.6259e+01,7.5904e+01,7.5146e+01,7.4885e+01,7.4409e+01,7.4401e+01,7.4651e+01,7.4609e+01,7.4504e+01,7.4442e+01,7.4191e+01,7.4308e+01,7.4782e+01,7.4937e+01,7.5633e+01,7.5745e+01,7.5468e+01,7.5483e+01,7.5775e+01,7.5006e+01,7.4638e+01,7.4128e+01,7.3794e+01,7.3574e+01,7.3811e+01,7.3702e+01,7.3562e+01,7.3880e+01,7.4360e+01,7.4549e+01,7.4983e+01,7.5418e+01,7.6245e+01,7.6776e+01,7.7601e+01,7.8244e+01,7.8987e+01,7.9848e+01,8.0791e+01,8.0942e+01,8.1820e+01,8.1482e+01,8.2319e+01,8.1741e+01,8.0549e+01,8.0800e+01,8.1556e+01,8.0418e+01,7.9282e+01,7.8949e+01,7.8028e+01,7.8722e+01,7.9195e+01,8.0442e+01,8.0678e+01,7.9643e+01,7.8788e+01,7.8025e+01,7.7657e+01,7.7048e+01,7.7298e+01,7.7287e+01,7.8161e+01,7.8732e+01,7.9092e+01,7.8207e+01,7.7587e+01,7.7140e+01,7.7009e+01,7.7231e+01,7.7991e+01,7.8315e+01,7.8233e+01,7.8323e+01,7.8486e+01,7.8055e+01,7.8657e+01,7.8251e+01,7.7409e+01,7.7136e+01,7.6532e+01,7.6272e+01,7.5865e+01,7.5806e+01,7.5616e+01,7.5945e+01,7.6455e+01,7.6980e+01,7.7478e+01,7.7611e+01,7.7693e+01,7.7819e+01
7.8445e+01,7.8171e+01,7.8203e+01,7.7713e+01,7.7581e+01,7.7707e+01,7.7815e+01,7.7039e+01,7.6514e+01,7.6967e+01,7.6836e+01,7.6062e+01,7.5916e+01,7.6566e+01,7.6709e+01,7.6021e+01,7.5959e+01,7.5726e+01,7.5226e+01,7.4777e+01,7.4425e+01,7.4422e+01,7.4304e+01,7.4470e+01,7.4569e+01,7.4838e+01,7.4533e+01,7.4342e+01,7.4103e+01,7.4013e+01,7.4397e+01,7.4494e+01,7.4182e+01,7.4106e+01,7.3991e+01,7.3913e+01,7.3815e+01,7.4050e+01,7.4582e+01,7.4768e+01,7.4772e+01,7.4838e+01,7.4790e+01,7.5375e+01,7.5363e+01,7.6013e+01,7.5978e+01,7.6767e+01,7.7382e+01,7.7670e+01,7.8859e+01,7.9473e+01,8.0828e+01,8.1111e+01,8.1135e+01,8.1539e+01,8.0963e+01,8.0683e+01,7.9908e+01,8.0354e+01,7.9699e+01,7.9524e+01,7.8380e+01,7.8030e+01,7.7831e+01,7.7325e+01,7.7899e+01,7.7721e+01,7.7828e+01,7.7105e+01,7.7371e+01,7.8301e+01,7.8371e+01,7.8282e+01,7.7354e+01,7.7391e+01,7.6880e+01,7.5987e+01,7.5717e+01,7.6200e+01,7.6528e+01,7.6162e+01,7.5404e+01,7.5148e+01,7.4679e+01,7.4676e+01,7.4940e+01,7.4897e+01,7.4800e+01,7.4728e+01,7.4462e+01,7.4573e+01,7.5055e+01,7.5209e+01,7.5895e+01,7.5999e+01,7.5725e+01,7.5723e+01,7.6014e+01,7.5251e+01,7.4896e+01,7.4378e+01,7.4049e+01,7.3821e+01,7.4051e+01,7.3951e+01,7.3819e+01,7.4147e+01,7.4620e+01,7.4802e+01,7.5241e+01,7.5666e+01,7.6486e+01,7.7005e+01,7.7825e+01,7.8467e+01,7.9206e+01,8.0056e+01,8.0998e+01,8.1151e+01,8.2018e+01,8.1681e+01,8.2518e+01,8.1949e+01,8.0762e+01,8.1012e+01,8.1769e+01,8.0646e+01,7.9513e+01,7.9174e+01,7.8257e+01,7.8942e+01,7.9410e+01,8.0649e+01,8.0885e+01,7.9860e+01,7.9013e+01,7.8255e+01,7.7894e+01,7.7298e+01,7.7550e+01,7.7543e+01,7.8410e+01,7.8981e+01,7.9340e+01,7.8462e+01,7.7850e+01,7.7414e+01,7.7291e+01,7.7523e+01,7.8284e+01,7.8609e+01,7.8518e+01,7.8604e+01,7.8772e+01,7.8338e+01,7.8923e+01,7.8503e+01,7.7672e+01,7.7400e+01,7.6797e+01,7.6545e+01,7.6144e+01,7.6097e+01,7.5910e+01,7.6244e+01,7.6750e+01,7.7285e+01,7.7795e+01,7.7930e+01,7.8008e+01,7.8128e+01
7.8627e+01,7.8346e+01,7.8403e+01,7.7907e+01,7.7759e+01,7.7878e+01,7.7970e+01,7.7191e+01,7.6679e+01,7.7128e+01,7.6984e+01,7.6214e+01,7.6080e+01,7.6732e+01,7.6867e+01,7.6174e+01,7.6105e+01,7.5880e+01,7.5376e+01,7.4932e+01,7.4576e+01,7.4578e+01,7.4461e+01,7.4634e+01,7.4739e+01,7.5012e+01,7.4711e+01,7.4517e+01,7.4279e+01,7.4181e+01,7.4565e+01,7.4653e+01,7.4338e+01,7.4266e+01,7.4145e+01,7.4074e+01,7.3976e+01,7.4222e+01,7.4759e+01,7.4960e+01,7.4964e+01,7.5036e+01,7.4986e+01,7.5576e+01,7.5568e+01,7.6216e+01,7.6177e+01,7.6956e+01,7.7564e+01,7.7844e+01,7.9031e+01,7.9645e+01,8.1012e+01,8.1310e+01,8.1354e+01,8.1767e+01,8.1187e+01,8.0895e+01,8.0109e+01,8.0548e+01,7.9888e+01,7.9719e+01,7.8570e+01,7.8222e+01,7.8031e+01,7.7522e+01,7.8104e+01,7.7924e+01,7.8035e+01,7.7302e+01,7.7562e+01,7.8494e+01,7.8559e+01,7.8462e+01,7.7529e+01,7.7558e+01,7.7043e+01,7.6149e+01,7.5873e+01,7.6352e+01,7.6674e+01,7.6305e+01,7.5548e+01,7.5289e+01,7.4824e+01,7.4820e+01,7.5092e+01,7.5048e+01,7.4958e+01,7.4881e+01,7.4605e+01,7.4713e+01,7.5201e+01,7.5360e+01,7.6042e+01,7.6145e+01,7.5878e+01,7.5867e+01,7.6173e+01,7.5413e+01,7.5079e+01,7.4562e+01,7.4239e+01,7.4012e+01,7.4258e+01,7.4151e+01,7.4006e+01,7.4331e+01,7.4811e+01,7.5005e+01,7.5441e+01,7.5877e+01,7.6696e+01,7.7226e+01,7.8044e+01,7.8678e+01,7.9413e+01,8.0266e+01,8.1200e+01,8.1349e+01,8.2216e+01,8.1878e+01,8.2712e+01,8.2143e+01,8.0957e+01,8.1203e+01,8.1962e+01,8.0836e+01,7.9704e+01,7.9369e+01,7.8460e+01,7.9151e+01,7.9620e+01,8.0860e+01,8.1096e+01,8.0068e+01,7.9223e+01,7.8466e+01,7.8098e+01,7.7497e+01,7.7749e+01,7.7744e+01,7.8616e+01,7.9190e+01,7.9554e+01,7.8669e+01,7.8054e+01,7.7614e+01,7.7490e+01,7.7722e+01,7.8494e+01,7.8817e+01,7.8725e+01,7.8816e+01,7.8991e+01,7.8556e+01,7.9148e+01,7.8721e+01,7.7877e+01,7.7598e+01,7.6984e+01,7.6724e+01,7.6321e+01,7.6271e+01,7.6082e+01,7.6405e+01,7.6902e+01,7.7437e+01,7.7954e+01,7.8088e+01,7.8155e+01,7.8270e+01
7.8785e+01,7.8505e+01,7.8577e+01,7.8079e+01,7.7916e+01,7.8021e+01,7.8101e+01,7.7322e+01,7.6825e+01,7.7275e+01,7.7121e+01,7.6356e+01,7.6235e+01,7.6891e+01,7.7021e+01,7.6336e+01,7.6273e+01,7.6058e+01,7.5559e+01,7.5119e+01,7.4758e+01,7.4752e+01,7.4629e+01,7.4796e+01,7.4904e+01,7.5172e+01,7.4883e+01,7.4701e+01,7.4472e+01,7.4379e+01,7.4767e+01,7.4858e+01,7.4542e+01,7.4474e+01,7.4351e+01,7.4279e+01,7.4171e+01,7.4423e+01,7.4974e+01,7.5171e+01,7.5174e+01,7.5235e+01,7.5177e+01,7.5760e+01,7.5738e+01,7.6374e+01,7.6326e+01,7.7100e+01,7.7708e+01,7.7988e+01,7.9156e+01,7.9765e+01,8.1107e+01,8.1416e+01,8.1482e+01,8.1902e+01,8.1336e+01,8.1034e+01,8.0253e+01,8.0680e+01,8.0028e+01,7.9870e+01,7.8732e+01,7.8395e+01,7.8214e+01,7.7714e+01,7.8304e+01,7.8132e+01,7.8250e+01,7.7518e+01,7.7776e+01,7.8706e+01,7.8764e+01,7.8665e+01,7.7729e+01,7.7758e+01,7.7237e+01,7.6344e+01,7.6065e+01,7.6539e+01,7.6863e+01,7.6491e+01,7.5736e+01,7.5484e+01,7.5021e+01,7.5023e+01,7.5301e+01,7.5261e+01,7.5175e+01,7.5099e+01,7.4817e+01,7.4929e+01,7.5428e+01,7.5592e+01,7.6284e+01,7.6392e+01,7.6122e+01,7.6110e+01,7.6424e+01,7.5640e+01,7.5293e+01,7.4753e+01,7.4422e+01,7.4183e+01,7.4416e+01,7.4308e+01,7.4169e+01,7.4494e+01,7.4963e+01,7.5153e+01,7.5595e+01,7.6026e+01,7.6840e+01,7.7364e+01,7.8180e+01,7.8813e+01,7.9544e+01,8.0398e+01,8.1329e+01,8.1475e+01,8.2339e+01,8.1999e+01,8.2825e+01,8.2261e+01,8.1079e+01,8.1320e+01,8.2073e+01,8.0957e+01,7.9833e+01,7.9502e+01,7.8602e+01,7.9290e+01,7.9758e+01,8.0996e+01,8.1237e+01,8.0221e+01,7.9389e+01,7.8628e+01,7.8256e+01,7.7668e+01,7.7932e+01,7.7935e+01,7.8813e+01,7.9393e+01,7.9757e+01,7.8869e+01,7.8261e+01,7.7825e+01,7.7703e+01,7.7943e+01,7.8720e+01,7.9047e+01,7.8952e+01,7.9039e+01,7.9216e+01,7.8776e+01,7.9362e+01,7.8923e+01,7.8080e+01,7.7795e+01,7.7168e+01,7.6900e+01,7.6508e+01,7.6467e+01,7.6285e+01,7.6609e+01,7.7095e+01,7.7637e+01,7.8162e+01,7.8295e+01,7.8364e+01,7.8475e+01
7.9139e+01,7.8863e+01,7.8947e+01,7.8447e+01,7.8272e+01,7.8367e+01,7.8429e+01,7.7652e+01,7.7170e+01,7.7611e+01,7.7444e+01,7.6689e+01,7.6580e+01,7.7232e+01,7.7349e+01,7.6667e+01,7.6599e+01,7.6386e+01,7.5887e+01,7.5452e+01,7.5094e+01,7.5096e+01,7.4981e+01,7.5151e+01,7.5262e+01,7.5535e+01,7.5248e+01,7.5059e+01,7.4827e+01,7.4723e+01,7.5103e+01,7.5187e+01,7.4870e+01,7.4805e+01,7.4681e+01,7.4619e+01,7.4520e+01,7.4781e+01,7.5329e+01,7.5537e+01,7.5536e+01,7.5608e+01,7.5553e+01,7.6140e+01,7.6127e+01,7.6761e+01,7.6711e+01,7.7473e+01,7.8070e+01,7.8348e+01,7.9503e+01,8.0113e+01,8.1432e+01,8.1745e+01,8.1816e+01,8.2226e+01,8.1664e+01,8.1363e+01,8.0587e+01,8.1009e+01,8.0359e+01,8.0200e+01,7.9067e+01,7.8729e+01,7.8551e+01,7.8049e+01,7.8633e+01,7.8456e+01,7.8571e+01,7.7839e+01,7.8093e+01,7.9017e+01,7.9076e+01,7.8975e+01,7.8045e+01,7.8071e+01,7.7556e+01,7.6668e+01,7.6391e+01,7.6864e+01,7.7182e+01,7.6813e+01,7.6062e+01,7.5806e+01,7.5346e+01,7.5343e+01,7.5619e+01,7.5576e+01,7.5494e+01,7.5415e+01,7.5131e+01,7.5241e+01,7.5737e+01,7.5904e+01,7.6587e+01,7.6698e+01,7.6442e+01,7.6432e+01,7.6765e+01,7.5995e+01,7.5666e+01,7.5134e+01,7.4804e+01,7.4568e+01,7.4818e+01,7.4703e+01,7.4552e+01,7.4874e+01,7.5350e+01,7.5551e+01,7.5989e+01,7.6429e+01,7.7239e+01,7.7774e+01,7.8581e+01,7.9196e+01,7.9922e+01,8.0775e+01,8.1694e+01,8.1827e+01,8.2682e+01,8.2334e+01,8.3145e+01,8.2593e+01,8.1420e+01,8.1649e+01,8.2396e+01,8.1295e+01,8.0183e+01,7.9855e+01,7.8971e+01,7.9654e+01,8.0108e+01,8.1334e+01,8.1562e+01,8.0551e+01,7.9735e+01,7.8988e+01,7.8615e+01,7.8028e+01,7.8285e+01,7.8287e+01,7.9157e+01,7.9725e+01,8.0084e+01,7.9208e+01,7.8603e+01,7.8168e+01,7.8048e+01,7.8284e+01,7.9057e+01,7.9380e+01,7.9288e+01,7.9376e+01,7.9551e+01,7.9116e+01,7.9696e+01,7.9261e+01,7.8427e+01,7.8152e+01,7.7527e+01,7.7256e+01,7.6860e+01,7.6814e+01,7.6627e+01,7.6944e+01,7.7422e+01,7.7962e+01,7.8485e+01,7.8618e+01,7.8685e+01,7.8794e+01
7.9362e+01,7.9084e+01,7.9173e+01,7.8679e+01,7.8494e+01,7.8572e+01,7.8619e+01,7.7846e+01,7.7382e+01,7.7821e+01,7.7644e+01,7.6902e+01,7.6810e+01,7.7461e+01,7.7569e+01,7.6898e+01,7.6825e+01,7.6617e+01,7.6124e+01,7.5698e+01,7.5342e+01,7.5347e+01,7.5236e+01,7.5408e+01,7.5524e+01,7.5803e+01,7.5529e+01,7.5341e+01,7.5117e+01,7.5008e+01,7.5378e+01,7.5454e+01,7.5144e+01,7.5093e+01,7.4978e+01,7.4935e+01,7.4849e+01,7.5126e+01,7.5681e+01,7.5890e+01,7.5878e+01,7.5946e+01,7.5880e+01,7.6468e+01,7.6446e+01,7.7071e+01,7.7006e+01,7.7759e+01,7.8357e+01,7.8628e+01,7.9769e+01,8.0377e+01,8.1677e+01,8.1972e+01,8.2046e+01,8.2441e+01,8.1881e+01,8.1577e+01,8.0803e+01,8.1217e+01,8.0569e+01,8.0412e+01,7.9291e+01,7.8957e+01,7.8786e+01,7.8289e+01,7.8872e+01,7.8700e+01,7.8820e+01,7.8092e+01,7.8338e+01,7.9252e+01,7.9305e+01,7.9199e+01,7.8274e+01,7.8294e+01,7.7779e+01,7.6901e+01,7.6621e+01,7.7084e+01,7.7395e+01,7.7026e+01,7.6284e+01,7.6034e+01,7.5587e+01,7.5591e+01,7.5871e+01,7.5837e+01,7.5767e+01,7.5696e+01,7.5411e+01,7.5534e+01,7.6039e+01,7.6223e+01,7.6907e+01,7.7033e+01,7.6793e+01,7.6791e+01,7.7137e+01,7.6370e+01,7.6038e+01,7.5495e+01,7.5150e+01,7.4895e+01,7.5143e+01,7.5012e+01,7.4847e+01,7.5163e+01,7.5633e+01,7.5844e+01,7.6286e+01,7.6730e+01,7.7534e+01,7.8067e+01,7.8868e+01,7.9476e+01,8.0187e+01,8.1042e+01,8.1947e+01,8.2075e+01,8.2928e+01,8.2583e+01,8.3377e+01,8.2826e+01,8.1667e+01,8.1895e+01,8.2624e+01,8.1535e+01,8.0442e+01,8.0126e+01,7.9256e+01,7.9940e+01,8.0393e+01,8.1610e+01,8.1840e+01,8.0842e+01,8.0041e+01,7.9295e+01,7.8916e+01,7.8337e+01,7.8599e+01,7.8612e+01,7.9482e+01,8.0045e+01,8.0397e+01,7.9523e+01,7.8927e+01,7.8490e+01,7.8362e+01,7.8597e+01,7.9363e+01,7.9692e+01,7.9607e+01,7.9686e+01,7.9852e+01,7.9414e+01,7.9990e+01,7.9560e+01,7.8732e+01,7.8451e+01,7.7822e+01,7.7539e+01,7.7152e+01,7.7101e+01,7.6920e+01,7.7228e+01,7.7696e+01,7.8231e+01,7.8751e+01,7.8879e+01,7.8949e+01,7.9058e+01
7.9664e+01,7.9391e+01,7.9489e+01,7.8994e+01,7.8804e+01,7.8882e+01,7.8922e+01,7.8156e+01,7.7693e+01,7.8124e+01,7.7947e+01,7.7210e+01,7.7117e+01,7.7763e+01,7.7865e+01,7.7193e+01,7.7120e+01,7.6909e+01,7.6415e+01,7.5986e+01,7.5636e+01,7.5645e+01,7.5543e+01,7.5714e+01,7.5826e+01,7.6105e+01,7.5829e+01,7.5635e+01,7.5408e+01,7.5293e+01,7.5657e+01,7.5730e+01,7.5421e+01,7.5371e+01,7.5260e+01,7.5224e+01,7.5153e+01,7.5437e+01,7.5989e+01,7.6202e+01,7.6179e+01,7.6255e+01,7.6188e+01,7.6778e+01,7.6765e+01,7.7388e+01,7.7321e+01,7.8062e+01,7.8650e+01,7.8919e+01,8.0053e+01,8.0664e+01,8.1962e+01,8.2260e+01,8.2339e+01,8.2731e+01,8.2171e+01,8.1868e+01,8.1096e+01,8.1511e+01,8.0865e+01,8.0706e+01,7.9586e+01,7.9249e+01,7.9076e+01,7.8575e+01,7.9154e+01,7.8976e+01,7.9090e+01,7.8362e+01,7.8606e+01,7.9519e+01,7.9576e+01,7.9472e+01,7.8551e+01,7.8572e+01,7.8063e+01,7.7186e+01,7.6910e+01,7.7379e+01,7.7691e+01,7.7330e+01,7.6587e+01,7.6329e+01,7.5876e+01,7.5872e+01,7.6146e+01,7.6107e+01,7.6036e+01,7.5963e+01,7.5683e+01,7.5807e+01,7.6306e+01,7.6495e+01,7.7177e+01,7.7315e+01,7.7086e+01,7.7102e+01,7.7462e+01,7.6704e+01,7.6374e+01,7.5836e+01,7.5481e+01,7.5227e+01,7.5490e+01,7.5348e+01,7.5172e+01,7.5479e+01,7.5957e+01,7.6178e+01,7.6610e+01,7.7064e+01,7.7864e+01,7.8410e+01,7.9201e+01,7.9792e+01,8.0502e+01,8.1358e+01,8.2255e+01,8.2370e+01,8.3215e+01,8.2861e+01,8.3646e+01,8.3106e+01,8.1951e+01,8.2170e+01,8.2899e+01,8.1820e+01,8.0732e+01,8.0417e+01,7.9558e+01,8.0239e+01,8.0681e+01,8.1888e+01,8.2110e+01,8.1115e+01,8.0326e+01,7.9590e+01,7.9208e+01,7.8628e+01,7.8883e+01,7.8897e+01,7.9762e+01,8.0317e+01,8.0667e+01,7.9800e+01,7.9204e+01,7.8766e+01,7.8639e+01,7.8869e+01,7.9634e+01,7.9959e+01,7.9878e+01,7.9961e+01,8.0126e+01,7.9694e+01,8.0271e+01,7.9846e+01,7.9017e+01,7.8740e+01,7.8111e+01,7.7824e+01,7.7433e+01,7.7380e+01,7.7195e+01,7.7494e+01,7.7957e+01,7.8489e+01,7.9011e+01,7.9138e+01,7.9204e+01,7.9313e+01
7.9814e+01,7.9541e+01,7.9638e+01,7.9144e+01,7.8955e+01,7.9037e+01,7.9082e+01,7.8316e+01,7.7850e+01,7.8286e+01,7.8118e+01,7.7378e+01,7.7280e+01,7.7930e+01,7.8040e+01,7.7370e+01,7.7308e+01,7.7098e+01,7.6602e+01,7.6168e+01,7.5811e+01,7.5808e+01,7.5699e+01,7.5859e+01,7.5968e+01,7.6237e+01,7.5963e+01,7.5780e+01,7.5559e+01,7.5456e+01,7.5829e+01,7.5912e+01,7.5605e+01,7.5551e+01,7.5445e+01,7.5399e+01,7.5328e+01,7.5603e+01,7.6157e+01,7.6355e+01,7.6327e+01,7.6391e+01,7.6318e+01,7.6902e+01,7.6882e+01,7.7500e+01,7.7434e+01,7.8178e+01,7.8770e+01,7.9048e+01,8.0186e+01,8.0811e+01,8.2119e+01,8.2427e+01,8.2514e+01,8.2911e+01,8.2351e+01,8.2045e+01,8.1272e+01,8.1684e+01,8.1041e+01,8.0888e+01,7.9764e+01,7.9432e+01,7.9259e+01,7.8761e+01,7.9344e+01,7.9170e+01,7.9286e+01,7.8557e+01,7.8806e+01,7.9725e+01,7.9782e+01,7.9680e+01,7.8755e+01,7.8779e+01,7.8265e+01,7.7382e+01,7.7106e+01,7.7576e+01,7.7896e+01,7.7532e+01,7.6785e+01,7.6530e+01,7.6072e+01,7.6070e+01,7.6343e+01,7.6306e+01,7.6228e+01,7.6158e+01,7.5882e+01,7.6009e+01,7.6508e+01,7.6696e+01,7.7388e+01,7.7528e+01,7.7292e+01,7.7317e+01,7.7671e+01,7.6896e+01,7.6541e+01,7.5990e+01,7.5622e+01,7.5359e+01,7.5610e+01,7.5465e+01,7.5297e+01,7.5603e+01,7.6074e+01,7.6288e+01,7.6722e+01,7.7171e+01,7.7971e+01,7.8517e+01,7.9307e+01,7.9896e+01,8.0608e+01,8.1465e+01,8.2361e+01,8.2476e+01,8.3321e+01,8.2967e+01,8.3760e+01,8.3219e+01,8.2060e+01,8.2284e+01,8.3018e+01,8.1939e+01,8.0845e+01,8.0525e+01,7.9664e+01,8.0343e+01,8.0788e+01,8.1996e+01,8.2223e+01,8.1228e+01,8.0437e+01,7.9695e+01,7.9312e+01,7.8734e+01,7.8994e+01,7.9009e+01,7.9878e+01,8.0437e+01,8.0791e+01,7.9922e+01,7.9327e+01,7.8893e+01,7.8769e+01,7.9005e+01,7.9774e+01,8.0103e+01,8.0017e+01,8.0098e+01,8.0266e+01,7.9831e+01,8.0408e+01,7.9978e+01,7.9143e+01,7.8865e+01,7.8228e+01,7.7944e+01,7.7554e+01,7.7510e+01,7.7332e+01,7.7636e+01,7.8099e+01,7.8639e+01,7.9165e+01,7.9297e+01,7.9367e+01,7.9480e+01
8.0125e+01,7.9846e+01,7.9940e+01,7.9450e+01,7.9263e+01,7.9343e+01,7.9390e+01,7.8620e+01,7.8158e+01,7.8603e+01,7.8438e+01,7.7694e+01,7.7601e+01,7.8259e+01,7.8377e+01,7.7713e+01,7.7656e+01,7.7459e+01,7.6966e+01,7.6536e+01,7.6173e+01,7.6161e+01,7.6039e+01,7.6193e+01,7.6306e+01,7.6568e+01,7.6305e+01,7.6138e+01,7.5928e+01,7.5834e+01,7.6211e+01,7.6298e+01,7.5995e+01,7.5945e+01,7.5846e+01,7.5796e+01,7.5725e+01,7.5991e+01,7.6547e+01,7.6728e+01,7.6697e+01,7.6745e+01,7.6664e+01,7.7235e+01,7.7198e+01,7.7804e+01,7.7734e+01,7.8481e+01,7.9082e+01,7.9373e+01,8.0511e+01,8.1153e+01,8.2469e+01,8.2774e+01,8.2871e+01,8.3262e+01,8.2704e+01,8.2390e+01,8.1614e+01,8.2015e+01,8.1375e+01,8.1232e+01,8.0115e+01,7.9791e+01,7.9625e+01,7.9133e+01,7.9721e+01,7.9552e+01,7.9672e+01,7.8945e+01,7.9193e+01,8.0110e+01,8.0163e+01,8.0060e+01,7.9132e+01,7.9156e+01,7.8638e+01,7.7754e+01,7.7475e+01,7.7938e+01,7.8257e+01,7.7890e+01,7.7149e+01,7.6902e+01,7.6450e+01,7.6456e+01,7.6732e+01,7.6700e+01,7.6625e+01,7.6560e+01,7.6285e+01,7.6419e+01,7.6920e+01,7.7110e+01,7.7805e+01,7.7948e+01,7.7709e+01,7.7736e+01,7.8081e+01,7.7297e+01,7.6922e+01,7.6357e+01,7.5978e+01,7.5704e+01,7.5925e+01,7.5781e+01,7.5625e+01,7.5930e+01,7.6385e+01,7.6585e+01,7.7024e+01,7.7460e+01,7.8254e+01,7.8787e+01,7.9573e+01,8.0165e+01,8.0869e+01,8.1714e+01,8.2602e+01,8.2720e+01,8.3558e+01,8.3214e+01,8.4005e+01,8.3468e+01,8.2322e+01,8.2558e+01,8.3293e+01,8.2227e+01,8.1135e+01,8.0810e+01,7.9948e+01,8.0621e+01,8.1072e+01,8.2276e+01,8.2515e+01,8.1529e+01,8.0741e+01,7.9992e+01,7.9611e+01,7.9046e+01,7.9319e+01,7.9337e+01,8.0208e+01,8.0773e+01,8.1129e+01,8.0261e+01,7.9669e+01,7.9243e+01,7.9122e+01,7.9367e+01,8.0137e+01,8.0470e+01,8.0380e+01,8.0455e+01,8.0624e+01,8.0185e+01,8.0756e+01,8.0318e+01,7.9485e+01,7.9206e+01,7.8564e+01,7.8280e+01,7.7895e+01,7.7859e+01,7.7689e+01,7.7998e+01,7.8458e+01,7.9004e+01,7.9528e+01,7.9664e+01,7.9731e+01,7.9847e+01
8.0429e+01,8.0151e+01,8.0246e+01,7.9755e+01,7.9568e+01,7.9646e+01,7.9688e+01,7.8917e+01,7.8461e+01,7.8908e+01,7.8742e+01,7.7997e+01,7.7907e+01,7.8564e+01,7.8683e+01,7.8018e+01,7.7964e+01,7.7767e+01,7.7275e+01,7.6841e+01,7.6478e+01,7.6455e+01,7.6327e+01,7.6469e+01,7.6572e+01,7.6818e+01,7.6551e+01,7.6394e+01,7.6184e+01,7.6102e+01,7.6487e+01,7.6586e+01,7.6283e+01,7.6219e+01,7.6118e+01,7.6050e+01,7.5972e+01,7.6215e+01,7.6757e+01,7.6925e+01,7.6899e+01,7.6940e+01,7.6868e+01,7.7426e+01,7.7389e+01,7.7989e+01,7.7934e+01,7.8682e+01,7.9280e+01,7.9587e+01,8.0724e+01,8.1377e+01,8.2694e+01,8.3010e+01,8.3115e+01,8.3515e+01,8.2966e+01,8.2651e+01,8.1881e+01,8.2279e+01,8.1649e+01,8.1514e+01,8.0400e+01,8.0083e+01,7.9915e+01,7.9427e+01,8.0017e+01,7.9850e+01,7.9966e+01,7.9241e+01,7.9498e+01,8.0422e+01,8.0480e+01,8.0383e+01,7.9454e+01,7.9482e+01,7.8963e+01,7.8075e+01,7.7798e+01,7.8265e+01,7.8588e+01,7.8220e+01,7.7475e+01,7.7226e+01,7.6768e+01,7.6768e+01,7.7038e+01,7.6997e+01,7.6911e+01,7.6838e+01,7.6569e+01,7.6691e+01,7.7178e+01,7.7353e+01,7.8044e+01,7.8179e+01,7.7931e+01,7.7960e+01,7.8291e+01,7.7507e+01,7.7118e+01,7.6558e+01,7.6183e+01,7.5923e+01,7.6128e+01,7.6001e+01,7.5872e+01,7.6178e+01,7.6627e+01,7.6805e+01,7.7239e+01,7.7655e+01,7.8445e+01,7.8969e+01,7.9744e+01,8.0328e+01,8.1037e+01,8.1870e+01,8.2761e+01,8.2872e+01,8.3695e+01,8.3337e+01,8.4134e+01,8.3615e+01,8.2468e+01,8.2706e+01,8.3452e+01,8.2403e+01,8.1309e+01,8.0970e+01,8.0107e+01,8.0761e+01,8.1201e+01,8.2388e+01,8.2630e+01,8.1657e+01,8.0873e+01,8.0130e+01,7.9764e+01,7.9211e+01,7.9489e+01,7.9504e+01,8.0367e+01,8.0937e+01,8.1298e+01,8.0435e+01,7.9847e+01,7.9436e+01,7.9327e+01,7.9579e+01,8.0352e+01,8.0683e+01,8.0583e+01,8.0658e+01,8.0837e+01,8.0398e+01,8.0963e+01,8.0518e+01,7.9687e+01,7.9417e+01,7.8776e+01,7.8501e+01,7.8117e+01,7.8095e+01,7.7929e+01,7.8250e+01,7.8717e+01,7.9267e+01,7.9802e+01,7.9944e+01,8.0015e+01,8.0141e+01
8.0784e+01,8.0499e+01,8.0595e+01,8.0109e+01,7.9918e+01,7.9982e+01,8.0018e+01,7.9245e+01,7.8805e+01,7.9257e+01,7.9084e+01,7.8344e+01,7.8268e+01,7.8928e+01,7.9045e+01,7.8387e+01,7.8327e+01,7.8139e+01,7.7655e+01,7.7233e+01,7.6867e+01,7.6837e+01,7.6705e+01,7.6839e+01,7.6943e+01,7.7183e+01,7.6930e+01,7.6784e+01,7.6586e+01,7.6511e+01,7.6892e+01,7.6993e+01,7.6695e+01,7.6638e+01,7.6543e+01,7.6479e+01,7.6404e+01,7.6644e+01,7.7182e+01,7.7340e+01,7.7309e+01,7.7340e+01,7.7261e+01,7.7804e+01,7.7756e+01,7.8338e+01,7.8276e+01,7.9013e+01,7.9611e+01,7.9919e+01,8.1044e+01,8.1701e+01,8.3008e+01,8.3321e+01,8.3435e+01,8.3832e+01,8.3291e+01,8.2971e+01,8.2205e+01,8.2590e+01,8.1968e+01,8.1844e+01,8.0743e+01,8.0438e+01,8.0277e+01,7.9800e+01,8.0393e+01,8.0233e+01,8.0355e+01,7.9636e+01,7.9894e+01,8.0814e+01,8.0867e+01,8.0770e+01,7.9842e+01,7.9869e+01,7.9347e+01,7.8462e+01,7.8182e+01,7.8639e+01,7.8959e+01,7.8586e+01,7.7851e+01,7.7612e+01,7.7163e+01,7.7171e+01,7.7442e+01,7.7407e+01,7.7324e+01,7.7256e+01,7.6989e+01,7.7116e+01,7.7604e+01,7.7783e+01,7.8473e+01,7.8608e+01,7.8357e+01,7.8385e+01,7.8707e+01,7.7927e+01,7.7536e+01,7.6979e+01,7.6603e+01,7.6339e+01,7.6525e+01,7.6394e+01,7.6267e+01,7.6563e+01,7.6996e+01,7.7169e+01,7.7598e+01,7.8003e+01,7.8776e+01,7.9285e+01,8.0047e+01,8.0624e+01,8.1318e+01,8.2140e+01,8.3014e+01,8.3122e+01,8.3935e+01,8.3578e+01,8.4363e+01,8.3858e+01,8.2728e+01,8.2974e+01,8.3716e+01,8.2684e+01,8.1603e+01,8.1267e+01,8.0413e+01,8.1058e+01,8.1500e+01,8.2675e+01,8.2925e+01,8.1971e+01,8.1196e+01,8.0452e+01,8.0088e+01,7.9551e+01,7.9841e+01,7.9863e+01,8.0723e+01,8.1292e+01,8.1651e+01,8.0790e+01,8.0212e+01,7.9809e+01,7.9698e+01,7.9956e+01,8.0722e+01,8.1061e+01,8.0959e+01,8.1024e+01,8.1197e+01,8.0753e+01,8.1307e+01,8.0862e+01,8.0040e+01,7.9766e+01,7.9127e+01,7.8849e+01,7.8477e+01,7.8461e+01,7.8304e+01,7.8626e+01,7.9088e+01,7.9634e+01,8.0165e+01,8.0307e+01,8.0378e+01,8.0509e+01
8.1211e+01,8.0921e+01,8.1018e+01,8.0541e+01,8.0345e+01,8.0396e+01,8.0424e+01,7.9651e+01,7.9226e+01,7.9677e+01,7.9498e+01,7.8766e+01,7.8703e+01,7.9359e+01,7.9470e+01,7.8822e+01,7.8755e+01,7.8568e+01,7.8094e+01,7.7679e+01,7.7319e+01,7.7290e+01,7.7166e+01,7.7296e+01,7.7399e+01,7.7639e+01,7.7390e+01,7.7242e+01,7.7047e+01,7.6971e+01,7.7340e+01,7.7441e+01,7.7154e+01,7.7102e+01,7.7019e+01,7.6964e+01,7.6906e+01,7.7152e+01,7.7686e+01,7.7843e+01,7.7799e+01,7.7830e+01,7.7744e+01,7.8287e+01,7.8243e+01,7.8818e+01,7.8750e+01,7.9473e+01,8.0059e+01,8.0353e+01,8.1462e+01,8.2100e+01,8.3388e+01,8.3693e+01,8.3800e+01,8.4193e+01,8.3656e+01,8.3344e+01,8.2588e+01,8.2974e+01,8.2359e+01,8.2232e+01,8.1141e+01,8.0837e+01,8.0675e+01,8.0202e+01,8.0787e+01,8.0631e+01,8.0751e+01,8.0043e+01,8.0302e+01,8.1215e+01,8.1269e+01,8.1176e+01,8.0255e+01,8.0286e+01,7.9768e+01,7.8891e+01,7.8616e+01,7.9069e+01,7.9388e+01,7.9020e+01,7.8294e+01,7.8060e+01,7.7617e+01,7.7625e+01,7.7889e+01,7.7857e+01,7.7773e+01,7.7713e+01,7.7455e+01,7.7587e+01,7.8071e+01,7.8257e+01,7.8948e+01,7.9094e+01,7.8853e+01,7.8894e+01,7.9225e+01,7.8454e+01,7.8064e+01,7.7510e+01,7.7125e+01,7.6858e+01,7.7049e+01,7.6904e+01,7.6766e+01,7.7050e+01,7.7482e+01,7.7665e+01,7.8088e+01,7.8498e+01,7.9262e+01,7.9775e+01,8.0528e+01,8.1095e+01,8.1782e+01,8.2602e+01,8.3463e+01,8.3567e+01,8.4378e+01,8.4019e+01,8.4787e+01,8.4285e+01,8.3165e+01,8.3396e+01,8.4128e+01,8.3103e+01,8.2035e+01,8.1711e+01,8.0868e+01,8.1511e+01,8.1939e+01,8.3096e+01,8.3332e+01,8.2390e+01,8.1633e+01,8.0902e+01,8.0532e+01,7.9998e+01,8.0282e+01,8.0314e+01,8.1167e+01,8.1719e+01,8.2066e+01,8.1210e+01,8.0646e+01,8.0241e+01,8.0120e+01,8.0375e+01,8.1125e+01,8.1469e+01,8.1375e+01,8.1431e+01,8.1590e+01,8.1146e+01,8.1693e+01,8.1260e+01,8.0452e+01,8.0177e+01,7.9548e+01,7.9267e+01,7.8905e+01,7.8887e+01,7.8736e+01,7.9059e+01,7.9514e+01,8.0056e+01,8.0578e+01,8.0723e+01,8.0795e+01,8.0933e+01
8.1601e+01,8.1308e+01,8.1413e+01,8.0942e+01,8.0736e+01,8.0766e+01,8.0779e+01,8.0009e+01,7.9605e+01,8.0052e+01,7.9861e+01,7.9142e+01,7.9099e+01,7.9750e+01,7.9847e+01,7.9208e+01,7.9130e+01,7.8944e+01,7.8479e+01,7.8073e+01,7.7721e+01,7.7696e+01,7.7585e+01,7.7714e+01,7.7819e+01,7.8062e+01,7.7820e+01,7.7666e+01,7.7476e+01,7.7394e+01,7.7746e+01,7.7842e+01,7.7566e+01,7.7524e+01,7.7454e+01,7.7414e+01,7.7372e+01,7.7627e+01,7.8156e+01,7.8319e+01,7.8264e+01,7.8300e+01,7.8208e+01,7.8753e+01,7.8714e+01,7.9283e+01,7.9204e+01,7.9909e+01,8.0482e+01,8.0759e+01,8.1852e+01,8.2474e+01,8.3746e+01,8.4043e+01,8.4146e+01,8.4533e+01,8.3999e+01,8.3690e+01,8.2942e+01,8.3328e+01,8.2716e+01,8.2585e+01,8.1503e+01,8.1199e+01,8.1037e+01,8.0568e+01,8.1147e+01,8.0991e+01,8.1111e+01,8.0408e+01,8.0663e+01,8.1567e+01,8.1619e+01,8.1526e+01,8.0612e+01,8.0640e+01,8.0128e+01,7.9262e+01,7.8990e+01,7.9436e+01,7.9749e+01,7.9385e+01,7.8671e+01,7.8441e+01,7.8010e+01,7.8019e+01,7.8276e+01,7.8248e+01,7.8169e+01,7.8114e+01,7.7869e+01,7.8009e+01,7.8480e+01,7.8677e+01,7.9359e+01,7.9517e+01,7.9293e+01,7.9344e+01,7.9686e+01,7.8930e+01,7.8554e+01,7.8009e+01,7.7622e+01,7.7353e+01,7.7556e+01,7.7395e+01,7.7240e+01,7.7512e+01,7.7943e+01,7.8142e+01,7.8559e+01,7.8976e+01,7.9730e+01,8.0248e+01,8.0991e+01,8.1544e+01,8.2220e+01,8.3043e+01,8.3890e+01,8.3989e+01,8.4805e+01,8.4447e+01,8.5200e+01,8.4693e+01,8.3577e+01,8.3796e+01,8.4519e+01,8.3494e+01,8.2441e+01,8.2134e+01,8.1306e+01,8.1955e+01,8.2378e+01,8.3530e+01,8.3758e+01,8.2818e+01,8.2073e+01,8.1348e+01,8.0966e+01,8.0434e+01,8.0714e+01,8.0759e+01,8.1607e+01,8.2144e+01,8.2479e+01,8.1626e+01,8.1076e+01,8.0663e+01,8.0529e+01,8.0776e+01,8.1513e+01,8.1860e+01,8.1780e+01,8.1831e+01,8.1977e+01,8.1532e+01,8.2079e+01,8.1658e+01,8.0859e+01,8.0576e+01,7.9952e+01,7.9661e+01,7.9308e+01,7.9282e+01,7.9134e+01,7.9448e+01,7.9896e+01,8.0432e+01,8.0952e+01,8.1102e+01,8.1176e+01,8.1319e+01
8.1988e+01,8.1694e+01,8.1796e+01,8.1333e+01,8.1130e+01,8.1156e+01,8.1167e+01,8.0405e+01,8.0008e+01,8.0449e+01,8.0260e+01,7.9552e+01,7.9511e+01,8.0152e+01,8.0249e+01,7.9621e+01,7.9540e+01,7.9357e+01,7.8902e+01,7.8504e+01,7.8160e+01,7.8137e+01,7.8034e+01,7.8162e+01,7.8262e+01,7.8506e+01,7.8271e+01,7.8115e+01,7.7931e+01,7.7848e+01,7.8187e+01,7.8279e+01,7.8014e+01,7.7980e+01,7.7923e+01,7.7892e+01,7.7864e+01,7.8122e+01,7.8647e+01,7.8811e+01,7.8746e+01,7.8782e+01,7.8683e+01,7.9229e+01,7.9190e+01,7.9751e+01,7.9661e+01,8.0352e+01,8.0920e+01,8.1181e+01,8.2260e+01,8.2871e+01,8.4131e+01,8.4413e+01,8.4516e+01,8.4891e+01,8.4358e+01,8.4048e+01,8.3304e+01,8.3685e+01,8.3079e+01,8.2950e+01,8.1880e+01,8.1580e+01,8.1422e+01,8.0959e+01,8.1533e+01,8.1382e+01,8.1503e+01,8.0808e+01,8.1059e+01,8.1955e+01,8.2006e+01,8.1914e+01,8.1008e+01,8.1038e+01,8.0531e+01,7.9675e+01,7.9410e+01,7.9852e+01,8.0165e+01,7.9810e+01,7.9106e+01,7.8880e+01,7.8453e+01,7.8461e+01,7.8709e+01,7.8682e+01,7.8605e+01,7.8559e+01,7.8327e+01,7.8480e+01,7.8947e+01,7.9148e+01,7.9829e+01,7.9990e+01,7.9773e+01,7.9829e+01,8.0173e+01,7.9429e+01,7.9059e+01,7.8521e+01,7.8130e+01,7.7860e+01,7.8067e+01,7.7892e+01,7.7725e+01,7.7983e+01,7.8410e+01,7.8619e+01,7.9027e+01,7.9451e+01,8.0197e+01,8.0721e+01,8.1456e+01,8.2001e+01,8.2662e+01,8.3487e+01,8.4314e+01,8.4408e+01,8.5228e+01,8.4882e+01,8.5612e+01,8.5094e+01,8.3997e+01,8.4211e+01,8.4907e+01,8.3889e+01,8.2859e+01,8.2574e+01,8.1759e+01,8.2417e+01,8.2847e+01,8.4003e+01,8.4230e+01,8.3289e+01,8.2545e+01,8.1820e+01,8.1429e+01,8.0898e+01,8.1179e+01,8.1228e+01,8.2076e+01,8.2603e+01,8.2933e+01,8.2080e+01,8.1532e+01,8.1111e+01,8.0965e+01,8.1206e+01,8.1934e+01,8.2283e+01,8.2212e+01,8.2264e+01,8.2399e+01,8.1957e+01,8.2508e+01,8.2099e+01,8.1302e+01,8.1016e+01,8.0390e+01,8.0090e+01,7.9736e+01,7.9701e+01,7.9551e+01,7.9859e+01,8.0300e+01,8.0824e+01,8.1333e+01,8.1486e+01,8.1559e+01,8.1704e+01
8.2373e+01,8.2079e+01,8.2186e+01,8.1729e+01,8.1520e+01,8.1535e+01,8.1535e+01,8.0782e+01,8.0399e+01,8.0833e+01,8.0639e+01,7.9945e+01,7.9916e+01,8.0549e+01,8.0637e+01,8.0019e+01,7.9934e+01,7.9752e+01,7.9309e+01,7.8921e+01,7.8586e+01,7.8560e+01,7.8467e+01,7.8583e+01,7.8677e+01,7.8916e+01,7.8688e+01,7.8535e+01,7.8360e+01,7.8281e+01,7.8608e+01,7.8702e+01,7.8451e+01,7.8421e+01,7.8378e+01,7.8349e+01,7.8334e+01,7.8590e+01,7.9111e+01,7.9271e+01,7.9194e+01,7.9228e+01,7.9120e+01,7.9661e+01,7.9620e+01,8.0170e+01,8.0070e+01,8.0745e+01,8.1303e+01,8.1554e+01,8.2618e+01,8.3225e+01,8.4480e+01,8.4759e+01,8.4866e+01,8.5238e+01,8.4705e+01,8.4392e+01,8.3651e+01,8.4027e+01,8.3425e+01,8.3299e+01,8.2239e+01,8.1944e+01,8.1791e+01,8.1335e+01,8.1909e+01,8.1762e+01,8.1886e+01,8.1197e+01,8.1447e+01,8.2336e+01,8.2385e+01,8.2295e+01,8.1394e+01,8.1428e+01,8.0923e+01,8.0075e+01,7.9816e+01,8.0252e+01,8.0567e+01,8.0218e+01,7.9527e+01,7.9307e+01,7.8887e+01,7.8896e+01,7.9134e+01,7.9111e+01,7.9031e+01,7.8994e+01,7.8780e+01,7.8939e+01,7.9396e+01,7.9599e+01,8.0280e+01,8.0447e+01,8.0234e+01,8.0298e+01,8.0647e+01,7.9910e+01,7.9541e+01,7.9007e+01,7.8609e+01,7.8339e+01,7.8548e+01,7.8361e+01,7.8188e+01,7.8428e+01,7.8846e+01,7.9062e+01,7.9456e+01,7.9882e+01,8.0614e+01,8.1142e+01,8.1865e+01,8.2396e+01,8.3044e+01,8.3872e+01,8.4683e+01,8.4775e+01,8.5603e+01,8.5266e+01,8.5987e+01,8.5453e+01,8.4363e+01,8.4572e+01,8.5256e+01,8.4234e+01,8.3220e+01,8.2953e+01,8.2154e+01,8.2820e+01,8.3255e+01,8.4414e+01,8.4640e+01,8.3699e+01,8.2962e+01,8.2237e+01,8.1836e+01,8.1310e+01,8.1592e+01,8.1652e+01,8.2500e+01,8.3019e+01,8.3343e+01,8.2490e+01,8.1950e+01,8.1524e+01,8.1368e+01,8.1604e+01,8.2325e+01,8.2677e+01,8.2616e+01,8.2667e+01,8.2792e+01,8.2351e+01,8.2907e+01,8.2502e+01,8.1707e+01,8.1417e+01,8.0790e+01,8.0484e+01,8.0136e+01,8.0094e+01,7.9945e+01,8.0243e+01,8.0675e+01,8.1195e+01,8.1704e+01,8.1859e+01,8.1931e+01,8.2076e+01
8.2761e+01,8.2472e+01,8.2578e+01,8.2126e+01,8.1916e+01,8.1918e+01,8.1915e+01,8.1167e+01,8.0796e+01,8.1226e+01,8.1030e+01,8.0346e+01,8.0327e+01,8.0951e+01,8.1031e+01,8.0424e+01,8.0335e+01,8.0153e+01,7.9724e+01,7.9342e+01,7.9022e+01,7.8993e+01,7.8913e+01,7.9021e+01,7.9106e+01,7.9340e+01,7.9111e+01,7.8955e+01,7.8781e+01,7.8704e+01,7.9018e+01,7.9117e+01,7.8876e+01,7.8848e+01,7.8814e+01,7.8789e+01,7.8785e+01,7.9042e+01,7.9553e+01,7.9712e+01,7.9625e+01,7.9661e+01,7.9551e+01,8.0090e+01,8.0059e+01,8.0606e+01,8.0505e+01,8.1166e+01,8.1708e+01,8.1945e+01,8.2995e+01,8.3580e+01,8.4812e+01,8.5088e+01,8.5186e+01,8.5556e+01,8.5032e+01,8.4731e+01,8.4003e+01,8.4385e+01,8.3789e+01,8.3657e+01,8.2606e+01,8.2310e+01,8.2153e+01,8.1701e+01,8.2263e+01,8.2116e+01,8.2236e+01,8.1557e+01,8.1807e+01,8.2688e+01,8.2740e+01,8.2656e+01,8.1768e+01,8.1806e+01,8.1311e+01,8.0474e+01,8.0225e+01,8.0661e+01,8.0979e+01,8.0641e+01,7.9956e+01,7.9734e+01,7.9314e+01,7.9319e+01,7.9546e+01,7.9524e+01,7.9442e+01,7.9412e+01,7.9207e+01,7.9365e+01,7.9811e+01,8.0013e+01,8.0685e+01,8.0860e+01,8.0658e+01,8.0736e+01,8.1092e+01,8.0368e+01,8.0001e+01,7.9476e+01,7.9074e+01,7.8810e+01,7.9025e+01,7.8831e+01,7.8653e+01,7.8882e+01,7.9303e+01,7.9523e+01,7.9908e+01,8.0336e+01,8.1061e+01,8.1594e+01,8.2309e+01,8.2829e+01,8.3474e+01,8.4303e+01,8.5106e+01,8.5199e+01,8.6026e+01,8.5690e+01,8.6410e+01,8.5874e+01,8.4785e+01,8.4989e+01,8.5674e+01,8.4640e+01,8.3629e+01,8.3369e+01,8.2574e+01,8.3241e+01,8.3663e+01,8.4814e+01,8.5022e+01,8.4084e+01,8.3361e+01,8.2651e+01,8.2244e+01,8.1717e+01,8.1990e+01,8.2061e+01,8.2899e+01,8.3401e+01,8.3711e+01,8.2865e+01,8.2341e+01,8.1911e+01,8.1745e+01,8.1973e+01,8.2676e+01,8.3028e+01,8.2978e+01,8.3023e+01,8.3137e+01,8.2701e+01,8.3250e+01,8.2858e+01,8.2079e+01,8.1790e+01,8.1176e+01,8.0869e+01,8.0527e+01,8.0481e+01,8.0330e+01,8.0623e+01,8.1050e+01,8.1565e+01,8.2078e+01,8.2243e+01,8.2322e+01,8.2472e+01
8.3045e+01,8.2756e+01,8.2860e+01,8.2415e+01,8.2204e+01,8.2200e+01,8.2194e+01,8.1453e+01,8.1088e+01,8.1514e+01,8.1320e+01,8.0643e+01,8.0629e+01,8.1247e+01,8.1324e+01,8.0725e+01,8.0634e+01,8.0450e+01,8.0029e+01,7.9653e+01,7.9341e+01,7.9307e+01,7.9233e+01,7.9333e+01,7.9413e+01,7.9643e+01,7.9418e+01,7.9266e+01,7.9099e+01,7.9028e+01,7.9335e+01,7.9437e+01,7.9209e+01,7.9186e+01,7.9164e+01,7.9139e+01,7.9142e+01,7.9396e+01,7.9906e+01,8.0055e+01,7.9958e+01,7.9984e+01,7.9865e+01,8.0395e+01,8.0360e+01,8.0896e+01,8.0794e+01,8.1444e+01,8.1978e+01,8.2215e+01,8.3261e+01,8.3848e+01,8.5082e+01,8.5366e+01,8.5463e+01,8.5834e+01,8.5309e+01,8.5008e+01,8.4280e+01,8.4662e+01,8.4065e+01,8.3934e+01,8.2885e+01,8.2591e+01,8.2436e+01,8.1987e+01,8.2549e+01,8.2404e+01,8.2526e+01,8.1850e+01,8.2098e+01,8.2973e+01,8.3023e+01,8.2939e+01,8.2056e+01,8.2096e+01,8.1602e+01,8.0772e+01,8.0526e+01,8.0958e+01,8.1277e+01,8.0944e+01,8.0268e+01,8.0052e+01,7.9638e+01,7.9646e+01,7.9867e+01,7.9852e+01,7.9772e+01,7.9753e+01,7.9557e+01,7.9725e+01,8.0170e+01,8.0374e+01,8.1050e+01,8.1228e+01,8.1025e+01,8.1110e+01,8.1463e+01,8.0739e+01,8.0363e+01,7.9835e+01,7.9424e+01,7.9156e+01,7.9368e+01,7.9165e+01,7.8984e+01,7.9202e+01,7.9617e+01,7.9838e+01,8.0212e+01,8.0637e+01,8.1352e+01,8.1885e+01,8.2589e+01,8.3099e+01,8.3742e+01,8.4570e+01,8.5371e+01,8.5465e+01,8.6293e+01,8.5959e+01,8.6688e+01,8.6149e+01,8.5058e+01,8.5266e+01,8.5962e+01,8.4923e+01,8.3905e+01,8.3641e+01,8.2849e+01,8.3513e+01,8.3932e+01,8.5082e+01,8.5290e+01,8.4356e+01,8.3642e+01,8.2937e+01,8.2528e+01,8.2007e+01,8.2281e+01,8.2360e+01,8.3197e+01,8.3693e+01,8.3999e+01,8.3153e+01,8.2638e+01,8.2207e+01,8.2036e+01,8.2261e+01,8.2957e+01,8.3310e+01,8.3265e+01,8.3307e+01,8.3416e+01,8.2981e+01,8.3528e+01,8.3139e+01,8.2368e+01,8.2080e+01,8.1470e+01,8.1167e+01,8.0830e+01,8.0782e+01,8.0633e+01,8.0920e+01,8.1339e+01,8.1848e+01,8.2365e+01,8.2529e+01,8.2613e+01,8.2762e+01
8.3305e+01,8.3022e+01,8.3124e+01,8.2679e+01,8.2469e+01,8.2463e+01,8.2455e+01,8.1722e+01,8.1359e+01,8.1780e+01,8.1589e+01,8.0918e+01,8.0903e+01,8.1516e+01,8.1593e+01,8.0997e+01,8.0907e+01,8.0720e+01,8.0300e+01,7.9925e+01,7.9615e+01,7.9580e+01,7.9508e+01,7.9607e+01,7.9687e+01,7.9918e+01,7.9693e+01,7.9540e+01,7.9376e+01,7.9304e+01,7.9610e+01,7.9710e+01,7.9484e+01,7.9464e+01,7.9445e+01,7.9421e+01,7.9426e+01,7.9680e+01,8.0190e+01,8.0334e+01,8.0234e+01,8.0257e+01,8.0137e+01,8.0662e+01,8.0628e+01,8.1161e+01,8.1063e+01,8.1713e+01,8.2246e+01,8.2488e+01,8.3535e+01,8.4121e+01,8.5349e+01,8.5631e+01,8.5723e+01,8.6093e+01,8.5570e+01,8.5271e+01,8.4545e+01,8.4925e+01,8.4329e+01,8.4197e+01,8.3153e+01,8.2859e+01,8.2704e+01,8.2256e+01,8.2816e+01,8.2671e+01,8.2793e+01,8.2118e+01,8.2362e+01,8.3234e+01,8.3283e+01,8.3196e+01,8.2316e+01,8.2353e+01,8.1862e+01,8.1035e+01,8.0789e+01,8.1219e+01,8.1536e+01,8.1205e+01,8.0533e+01,8.0317e+01,7.9905e+01,7.9914e+01,8.0134e+01,8.0121e+01,8.0045e+01,8.0030e+01,7.9836e+01,8.0007e+01,8.0455e+01,8.0659e+01,8.1334e+01,8.1511e+01,8.1309e+01,8.1397e+01,8.1749e+01,8.1029e+01,8.0651e+01,8.0123e+01,7.9706e+01,7.9435e+01,7.9647e+01,7.9440e+01,7.9257e+01,7.9474e+01,7.9888e+01,8.0108e+01,8.0480e+01,8.0904e+01,8.1614e+01,8.2146e+01,8.2843e+01,8.3346e+01,8.3989e+01,8.4809e+01,8.5607e+01,8.5701e+01,8.6518e+01,8.6183e+01,8.6916e+01,8.6386e+01,8.5301e+01,8.5514e+01,8.6211e+01,8.5183e+01,8.4166e+01,8.3893e+01,8.3100e+01,8.3750e+01,8.4156e+01,8.5287e+01,8.5493e+01,8.4574e+01,8.3873e+01,8.3179e+01,8.2781e+01,8.2263e+01,8.2531e+01,8.2611e+01,8.3440e+01,8.3932e+01,8.4234e+01,8.3395e+01,8.2890e+01,8.2465e+01,8.2295e+01,8.2521e+01,8.3212e+01,8.3566e+01,8.3519e+01,8.3559e+01,8.3668e+01,8.3236e+01,8.3780e+01,8.3396e+01,8.2629e+01,8.2346e+01,8.1741e+01,8.1441e+01,8.1108e+01,8.1055e+01,8.0907e+01,8.1188e+01,8.1601e+01,8.2113e+01,8.2634e+01,8.2799e+01,8.2883e+01,8.3032e+01
8.3655e+01,8.3375e+01,8.3474e+01,8.3032e+01,8.2823e+01,8.2810e+01,8.2800e+01,8.2073e+01,8.1718e+01,8.2141e+01,8.1951e+01,8.1289e+01,8.1280e+01,8.1886e+01,8.1962e+01,8.1378e+01,8.1287e+01,8.1101e+01,8.0690e+01,8.0321e+01,8.0017e+01,7.9978e+01,7.9909e+01,8.0003e+01,8.0077e+01,8.0302e+01,8.0078e+01,7.9928e+01,7.9766e+01,7.9699e+01,8.0001e+01,8.0105e+01,7.9884e+01,7.9865e+01,7.9853e+01,7.9828e+01,7.9837e+01,8.0087e+01,8.0590e+01,8.0728e+01,8.0623e+01,8.0643e+01,8.0522e+01,8.1041e+01,8.1009e+01,8.1537e+01,8.1439e+01,8.2081e+01,8.2607e+01,8.2843e+01,8.3879e+01,8.4451e+01,8.5661e+01,8.5938e+01,8.6026e+01,8.6393e+01,8.5878e+01,8.5584e+01,8.4869e+01,8.5244e+01,8.4657e+01,8.4527e+01,8.3496e+01,8.3207e+01,8.3054e+01,8.2613e+01,8.3168e+01,8.3029e+01,8.3152e+01,8.2486e+01,8.2732e+01,8.3597e+01,8.3645e+01,8.3563e+01,8.2688e+01,8.2728e+01,8.2240e+01,8.1419e+01,8.1178e+01,8.1604e+01,8.1921e+01,8.1595e+01,8.0930e+01,8.0716e+01,8.0306e+01,8.0315e+01,8.0529e+01,8.0518e+01,8.0440e+01,8.0430e+01,8.0242e+01,8.0416e+01,8.0859e+01,8.1062e+01,8.1734e+01,8.1911e+01,8.1709e+01,8.1801e+01,8.2149e+01,8.1434e+01,8.1053e+01,8.0528e+01,8.0110e+01,7.9839e+01,8.0049e+01,7.9841e+01,7.9658e+01,7.9871e+01,8.0282e+01,8.0501e+01,8.0866e+01,8.1285e+01,8.1985e+01,8.2513e+01,8.3200e+01,8.3698e+01,8.4329e+01,8.5142e+01,8.5927e+01,8.6024e+01,8.6836e+01,8.6511e+01,8.7234e+01,8.6705e+01,8.5635e+01,8.5852e+01,8.6534e+01,8.5512e+01,8.4510e+01,8.4246e+01,8.3459e+01,8.4106e+01,8.4507e+01,8.5623e+01,8.5820e+01,8.4912e+01,8.4223e+01,8.3539e+01,8.3142e+01,8.2628e+01,8.2889e+01,8.2978e+01,8.3800e+01,8.4284e+01,8.4579e+01,8.3745e+01,8.3255e+01,8.2835e+01,8.2662e+01,8.2889e+01,8.3568e+01,8.3927e+01,8.3882e+01,8.3913e+01,8.4014e+01,8.3580e+01,8.4113e+01,8.3738e+01,8.2984e+01,8.2698e+01,8.2102e+01,8.1800e+01,8.1480e+01,8.1428e+01,8.1287e+01,8.1560e+01,8.1972e+01,8.2491e+01,8.3017e+01,8.3179e+01,8.3265e+01,8.3417e+01
8.4026e+01,8.3750e+01,8.3847e+01,8.3406e+01,8.3194e+01,8.3176e+01,8.3163e+01,8.2441e+01,8.2095e+01,8.2514e+01,8.2321e+01,8.1669e+01,8.1669e+01,8.2270e+01,8.2341e+01,8.1764e+01,8.1669e+01,8.1489e+01,8.1087e+01,8.0729e+01,8.0430e+01,8.0393e+01,8.0325e+01,8.0419e+01,8.0498e+01,8.0726e+01,8.0514e+01,8.0366e+01,8.0213e+01,8.0144e+01,8.0438e+01,8.0535e+01,8.0322e+01,8.0313e+01,8.0304e+01,8.0285e+01,8.0295e+01,8.0546e+01,8.1048e+01,8.1186e+01,8.1083e+01,8.1101e+01,8.0977e+01,8.1490e+01,8.1451e+01,8.1967e+01,8.1861e+01,8.2496e+01,8.3025e+01,8.3258e+01,8.4283e+01,8.4855e+01,8.6057e+01,8.6320e+01,8.6413e+01,8.6768e+01,8.6253e+01,8.5951e+01,8.5235e+01,8.5597e+01,8.5012e+01,8.4890e+01,8.3872e+01,8.3590e+01,8.3447e+01,8.3012e+01,8.3569e+01,8.3433e+01,8.3561e+01,8.2898e+01,8.3135e+01,8.3991e+01,8.4032e+01,8.3945e+01,8.3074e+01,8.3108e+01,8.2621e+01,8.1810e+01,8.1567e+01,8.1983e+01,8.2293e+01,8.1969e+01,8.1316e+01,8.1111e+01,8.0713e+01,8.0729e+01,8.0943e+01,8.0942e+01,8.0875e+01,8.0873e+01,8.0684e+01,8.0863e+01,8.1308e+01,8.1512e+01,8.2179e+01,8.2354e+01,8.2154e+01,8.2242e+01,8.2587e+01,8.1879e+01,8.1504e+01,8.0983e+01,8.0568e+01,8.0295e+01,8.0498e+01,8.0287e+01,8.0101e+01,8.0307e+01,8.0705e+01,8.0928e+01,8.1291e+01,8.1707e+01,8.2395e+01,8.2913e+01,8.3591e+01,8.4085e+01,8.4700e+01,8.5501e+01,8.6272e+01,8.6374e+01,8.7179e+01,8.6866e+01,8.7582e+01,8.7055e+01,8.6006e+01,8.6232e+01,8.6899e+01,8.5891e+01,8.4906e+01,8.4649e+01,8.3871e+01,8.4510e+01,8.4915e+01,8.6015e+01,8.6220e+01,8.5333e+01,8.4651e+01,8.3971e+01,8.3580e+01,8.3072e+01,8.3336e+01,8.3428e+01,8.4244e+01,8.4726e+01,8.5018e+01,8.4189e+01,8.3705e+01,8.3286e+01,8.3111e+01,8.3334e+01,8.4009e+01,8.4365e+01,8.4323e+01,8.4355e+01,8.4455e+01,8.4024e+01,8.4558e+01,8.4187e+01,8.3435e+01,8.3148e+01,8.2552e+01,8.2245e+01,8.1932e+01,8.1875e+01,8.1738e+01,8.1998e+01,8.2391e+01,8.2902e+01,8.3425e+01,8.3582e+01,8.3664e+01,8.3810e+01
8.4301e+01,8.4024e+01,8.4120e+01,8.3681e+01,8.3468e+01,8.3440e+01,8.3424e+01,8.2707e+01,8.2372e+01,8.2791e+01,8.2597e+01,8.1954e+01,8.1964e+01,8.2559e+01,8.2625e+01,8.2055e+01,8.1953e+01,8.1774e+01,8.1378e+01,8.1026e+01,8.0733e+01,8.0697e+01,8.0634e+01,8.0728e+01,8.0806e+01,8.1033e+01,8.0821e+01,8.0672e+01,8.0519e+01,8.0450e+01,8.0738e+01,8.0833e+01,8.0625e+01,8.0620e+01,8.0615e+01,8.0599e+01,8.0612e+01,8.0861e+01,8.1356e+01,8.1492e+01,8.1387e+01,8.1405e+01,8.1282e+01,8.1792e+01,8.1757e+01,8.2272e+01,8.2169e+01,8.2801e+01,8.3324e+01,8.3553e+01,8.4574e+01,8.5135e+01,8.6330e+01,8.6589e+01,8.6671e+01,8.7024e+01,8.6510e+01,8.6214e+01,8.5503e+01,8.5867e+01,8.5282e+01,8.5157e+01,8.4145e+01,8.3863e+01,8.3720e+01,8.3287e+01,8.3838e+01,8.3703e+01,8.3831e+01,8.3175e+01,8.3409e+01,8.4258e+01,8.4298e+01,8.4211e+01,8.3346e+01,8.3379e+01,8.2895e+01,8.2092e+01,8.1850e+01,8.2263e+01,8.2569e+01,8.2247e+01,8.1601e+01,8.1397e+01,8.1005e+01,8.1021e+01,8.1232e+01,8.1235e+01,8.1173e+01,8.1175e+01,8.0990e+01,8.1171e+01,8.1612e+01,8.1815e+01,8.2478e+01,8.2653e+01,8.2455e+01,8.2546e+01,8.2889e+01,8.2186e+01,8.1812e+01,8.1297e+01,8.0884e+01,8.0617e+01,8.0817e+01,8.0608e+01,8.0422e+01,8.0624e+01,8.1021e+01,8.1242e+01,8.1603e+01,8.2015e+01,8.2698e+01,8.3210e+01,8.3886e+01,8.4381e+01,8.4993e+01,8.5791e+01,8.6558e+01,8.6667e+01,8.7474e+01,8.7168e+01,8.7885e+01,8.7353e+01,8.6308e+01,8.6536e+01,8.7200e+01,8.6189e+01,8.5206e+01,8.4952e+01,8.4172e+01,8.4811e+01,8.5212e+01,8.6308e+01,8.6503e+01,8.5616e+01,8.4939e+01,8.4266e+01,8.3876e+01,8.3368e+01,8.3626e+01,8.3721e+01,8.4531e+01,8.5003e+01,8.5287e+01,8.4465e+01,8.3991e+01,8.3573e+01,8.3395e+01,8.3614e+01,8.4279e+01,8.4636e+01,8.4597e+01,8.4626e+01,8.4720e+01,8.4293e+01,8.4822e+01,8.4460e+01,8.3718e+01,8.3433e+01,8.2844e+01,8.2540e+01,8.2232e+01,8.2172e+01,8.2038e+01,8.2299e+01,8.2684e+01,8.3193e+01,8.3714e+01,8.3867e+01,8.3952e+01,8.4097e+01
8.4609e+01,8.4332e+01,8.4422e+01,8.3989e+01,8.3782e+01,8.3752e+01,8.3739e+01,8.3029e+01,8.2699e+01,8.3114e+01,8.2923e+01,8.2289e+01,8.2301e+01,8.2888e+01,8.2955e+01,8.2389e+01,8.2285e+01,8.2108e+01,8.1716e+01,8.1370e+01,8.1081e+01,8.1046e+01,8.0983e+01,8.1078e+01,8.1158e+01,8.1386e+01,8.1179e+01,8.1032e+01,8.0882e+01,8.0813e+01,8.1099e+01,8.1190e+01,8.0984e+01,8.0981e+01,8.0975e+01,8.0959e+01,8.0971e+01,8.1217e+01,8.1708e+01,8.1842e+01,8.1740e+01,8.1756e+01,8.1634e+01,8.2138e+01,8.2099e+01,8.2608e+01,8.2506e+01,8.3136e+01,8.3661e+01,8.3892e+01,8.4912e+01,8.5477e+01,8.6673e+01,8.6928e+01,8.7013e+01,8.7359e+01,8.6843e+01,8.6543e+01,8.5830e+01,8.6187e+01,8.5602e+01,8.5482e+01,8.4476e+01,8.4196e+01,8.4058e+01,8.3627e+01,8.4178e+01,8.4044e+01,8.4173e+01,8.3517e+01,8.3746e+01,8.4587e+01,8.4624e+01,8.4532e+01,8.3671e+01,8.3699e+01,8.3218e+01,8.2421e+01,8.2178e+01,8.2584e+01,8.2884e+01,8.2562e+01,8.1925e+01,8.1726e+01,8.1344e+01,8.1365e+01,8.1579e+01,8.1589e+01,8.1530e+01,8.1532e+01,8.1346e+01,8.1526e+01,8.1965e+01,8.2166e+01,8.2823e+01,8.2997e+01,8.2799e+01,8.2888e+01,8.3226e+01,8.2530e+01,8.2158e+01,8.1647e+01,8.1238e+01,8.0973e+01,8.1168e+01,8.0960e+01,8.0777e+01,8.0976e+01,8.1365e+01,8.1584e+01,8.1942e+01,8.2349e+01,8.3025e+01,8.3529e+01,8.4201e+01,8.4696e+01,8.5305e+01,8.6096e+01,8.6861e+01,8.6976e+01,8.7780e+01,8.7481e+01,8.8203e+01,8.7671e+01,8.6631e+01,8.6867e+01,8.7531e+01,8.6524e+01,8.5543e+01,8.5284e+01,8.4504e+01,8.5135e+01,8.5534e+01,8.6622e+01,8.6819e+01,8.5942e+01,8.5267e+01,8.4600e+01,8.4219e+01,8.3714e+01,8.3971e+01,8.4061e+01,8.4865e+01,8.5335e+01,8.5620e+01,8.4803e+01,8.4328e+01,8.3912e+01,8.3738e+01,8.3952e+01,8.4614e+01,8.4963e+01,8.4923e+01,8.4957e+01,8.5055e+01,8.4637e+01,8.5165e+01,8.4805e+01,8.4065e+01,8.3789e+01,8.3204e+01,8.2907e+01,8.2599e+01,8.2543e+01,8.2408e+01,8.2669e+01,8.3046e+01,8.3546e+01,8.4055e+01,8.4203e+01,8.4289e+01,8.4428e+01
8.4970e+01,8.4697e+01,8.4785e+01,8.4355e+01,8.4149e+01,8.4118e+01,8.4103e+01,8.3402e+01,8.3076e+01,8.3482e+01,8.3290e+01,8.2666e+01,8.2679e+01,8.3257e+01,8.3318e+01,8.2756e+01,8.2649e+01,8.2471e+01,8.2082e+01,8.1739e+01,8.1457e+01,8.1428e+01,8.1371e+01,8.1468e+01,8.1550e+01,8.1783e+01,8.1578e+01,8.1427e+01,8.1277e+01,8.1204e+01,8.1482e+01,8.1568e+01,8.1366e+01,8.1367e+01,8.1363e+01,8.1351e+01,8.1367e+01,8.1613e+01,8.2100e+01,8.2234e+01,8.2134e+01,8.2153e+01,8.2033e+01,8.2534e+01,8.2496e+01,8.3002e+01,8.2900e+01,8.3526e+01,8.4050e+01,8.4280e+01,8.5294e+01,8.5857e+01,8.7050e+01,8.7298e+01,8.7380e+01,8.7717e+01,8.7198e+01,8.6897e+01,8.6184e+01,8.6536e+01,8.5951e+01,8.5830e+01,8.4830e+01,8.4549e+01,8.4414e+01,8.3982e+01,8.4529e+01,8.4391e+01,8.4519e+01,8.3866e+01,8.4087e+01,8.4921e+01,8.4957e+01,8.4863e+01,8.4010e+01,8.4035e+01,8.3561e+01,8.2774e+01,8.2535e+01,8.2935e+01,8.3231e+01,8.2914e+01,8.2286e+01,8.2089e+01,8.1715e+01,8.1737e+01,8.1948e+01,8.1960e+01,8.1903e+01,8.1907e+01,8.1725e+01,8.1907e+01,8.2341e+01,8.2544e+01,8.3196e+01,8.3372e+01,8.3179e+01,8.3269e+01,8.3607e+01,8.2918e+01,8.2550e+01,8.2046e+01,8.1640e+01,8.1378e+01,8.1575e+01,8.1366e+01,8.1180e+01,8.1376e+01,8.1763e+01,8.1984e+01,8.2339e+01,8.2744e+01,8.3415e+01,8.3914e+01,8.4581e+01,8.5072e+01,8.5677e+01,8.6458e+01,8.7218e+01,8.7334e+01,8.8128e+01,8.7831e+01,8.8552e+01,8.8027e+01,8.6997e+01,8.7236e+01,8.7895e+01,8.6898e+01,8.5924e+01,8.5665e+01,8.4890e+01,8.5512e+01,8.5908e+01,8.6981e+01,8.7183e+01,8.6319e+01,8.5645e+01,8.4985e+01,8.4616e+01,8.4113e+01,8.4365e+01,8.4448e+01,8.5244e+01,8.5709e+01,8.5993e+01,8.5185e+01,8.4706e+01,8.4291e+01,8.4120e+01,8.4325e+01,8.4980e+01,8.5320e+01,8.5283e+01,8.5323e+01,8.5423e+01,8.5013e+01,8.5544e+01,8.5191e+01,8.4453e+01,8.4184e+01,8.3602e+01,8.3309e+01,8.2996e+01,8.2938e+01,8.2798e+01,8.3053e+01,8.3426e+01,8.3915e+01,8.4412e+01,8.4561e+01,8.4648e+01,8.4789e+01
8.5180e+01,8.4908e+01,8.4994e+01,8.4566e+01,8.4364e+01,8.4336e+01,8.4322e+01,8.3625e+01,8.3298e+01,8.3700e+01,8.3510e+01,8.2888e+01,8.2899e+01,8.3474e+01,8.3537e+01,8.2975e+01,8.2870e+01,8.2694e+01,8.2305e+01,8.1964e+01,8.1681e+01,8.1652e+01,8.1595e+01,8.1693e+01,8.1776e+01,8.2009e+01,8.1807e+01,8.1657e+01,8.1509e+01,8.1435e+01,8.1712e+01,8.1797e+01,8.1594e+01,8.1595e+01,8.1589e+01,8.1577e+01,8.1592e+01,8.1839e+01,8.2326e+01,8.2461e+01,8.2363e+01,8.2380e+01,8.2259e+01,8.2758e+01,8.2716e+01,8.3217e+01,8.3114e+01,8.3738e+01,8.4264e+01,8.4495e+01,8.5508e+01,8.6074e+01,8.7267e+01,8.7513e+01,8.7598e+01,8.7933e+01,8.7415e+01,8.7113e+01,8.6399e+01,8.6750e+01,8.6164e+01,8.6044e+01,8.5046e+01,8.4767e+01,8.4633e+01,8.4202e+01,8.4747e+01,8.4610e+01,8.4737e+01,8.4084e+01,8.4304e+01,8.5134e+01,8.5171e+01,8.5077e+01,8.4227e+01,8.4253e+01,8.3780e+01,8.2997e+01,8.2757e+01,8.3155e+01,8.3449e+01,8.3134e+01,8.2508e+01,8.2313e+01,8.1941e+01,8.1964e+01,8.2175e+01,8.2186e+01,8.2129e+01,8.2133e+01,8.1950e+01,8.2130e+01,8.2565e+01,8.2768e+01,8.3419e+01,8.3594e+01,8.3402e+01,8.3490e+01,8.3828e+01,8.3139e+01,8.2774e+01,8.2270e+01,8.1865e+01,8.1603e+01,8.1798e+01,8.1590e+01,8.1405e+01,8.1600e+01,8.1983e+01,8.2203e+01,8.2557e+01,8.2959e+01,8.3625e+01,8.4120e+01,8.4783e+01,8.5273e+01,8.5875e+01,8.6651e+01,8.7408e+01,8.7524e+01,8.8313e+01,8.8016e+01,8.8739e+01,8.8219e+01,8.7194e+01,8.7435e+01,8.8096e+01,8.7107e+01,8.6135e+01,8.5871e+01,8.5099e+01,8.5717e+01,8.6116e+01,8.7188e+01,8.7404e+01,8.6544e+01,8.5867e+01,8.5203e+01,8.4838e+01,8.4339e+01,8.4594e+01,8.4672e+01,8.5468e+01,8.5935e+01,8.6222e+01,8.5415e+01,8.4929e+01,8.4514e+01,8.4347e+01,8.4549e+01,8.5207e+01,8.5542e+01,8.5504e+01,8.5550e+01,8.5655e+01,8.5250e+01,8.5783e+01,8.5427e+01,8.4687e+01,8.4422e+01,8.3838e+01,8.3550e+01,8.3234e+01,8.3177e+01,8.3039e+01,8.3295e+01,8.3663e+01,8.4142e+01,8.4631e+01,8.4777e+01,8.4863e+01,8.5001e+01
8.5420e+01,8.5151e+01,8.5237e+01,8.4809e+01,8.4607e+01,8.4578e+01,8.4564e+01,8.3866e+01,8.3543e+01,8.3944e+01,8.3751e+01,8.3132e+01,8.3145e+01,8.3721e+01,8.3782e+01,8.3220e+01,8.3115e+01,8.2941e+01,8.2551e+01,8.2213e+01,8.1928e+01,8.1903e+01,8.1843e+01,8.1944e+01,8.2032e+01,8.2268e+01,8.2069e+01,8.1919e+01,8.1770e+01,8.1694e+01,8.1972e+01,8.2052e+01,8.1847e+01,8.1848e+01,8.1840e+01,8.1830e+01,8.1843e+01,8.2090e+01,8.2576e+01,8.2713e+01,8.2618e+01,8.2637e+01,8.2517e+01,8.3015e+01,8.2970e+01,8.3468e+01,8.3364e+01,8.3987e+01,8.4517e+01,8.4751e+01,8.5761e+01,8.6331e+01,8.7522e+01,8.7767e+01,8.7857e+01,8.8192e+01,8.7673e+01,8.7366e+01,8.6650e+01,8.6994e+01,8.6406e+01,8.6291e+01,8.5296e+01,8.5018e+01,8.4889e+01,8.4459e+01,8.5006e+01,8.4870e+01,8.4998e+01,8.4344e+01,8.4563e+01,8.5393e+01,8.5427e+01,8.5330e+01,8.4479e+01,8.4502e+01,8.4026e+01,8.3244e+01,8.3001e+01,8.3394e+01,8.3683e+01,8.3366e+01,8.2745e+01,8.2553e+01,8.2184e+01,8.2208e+01,8.2423e+01,8.2433e+01,8.2381e+01,8.2382e+01,8.2197e+01,8.2377e+01,8.2812e+01,8.3016e+01,8.3664e+01,8.3837e+01,8.3646e+01,8.3731e+01,8.4066e+01,8.3381e+01,8.3018e+01,8.2516e+01,8.2115e+01,8.1854e+01,8.2049e+01,8.1842e+01,8.1657e+01,8.1852e+01,8.2232e+01,8.2451e+01,8.2806e+01,8.3204e+01,8.3865e+01,8.4353e+01,8.5011e+01,8.5502e+01,8.6096e+01,8.6860e+01,8.7609e+01,8.7730e+01,8.8508e+01,8.8221e+01,8.8942e+01,8.8427e+01,8.7415e+01,8.7664e+01,8.8318e+01,8.7341e+01,8.6376e+01,8.6111e+01,8.5342e+01,8.5953e+01,8.6357e+01,8.7423e+01,8.7649e+01,8.6794e+01,8.6113e+01,8.5448e+01,8.5089e+01,8.4594e+01,8.4849e+01,8.4920e+01,8.5713e+01,8.6185e+01,8.6474e+01,8.5671e+01,8.5178e+01,8.4766e+01,8.4606e+01,8.4808e+01,8.5467e+01,8.5797e+01,8.5756e+01,8.5804e+01,8.5914e+01,8.5511e+01,8.6043e+01,8.5684e+01,8.4944e+01,8.4682e+01,8.4098e+01,8.3813e+01,8.3495e+01,8.3441e+01,8.3302e+01,8.3558e+01,8.3925e+01,8.4398e+01,8.4878e+01,8.5025e+01,8.5111e+01,8.5251e+01
8.5846e+01,8.5578e+01,8.5661e+01,8.5236e+01,8.5036e+01,8.5006e+01,8.4992e+01,8.4297e+01,8.3978e+01,8.4379e+01,8.4184e+01,8.3570e+01,8.3585e+01,8.4158e+01,8.4215e+01,8.3655e+01,8.3547e+01,8.3370e+01,8.2980e+01,8.2640e+01,8.2357e+01,8.2335e+01,8.2278e+01,8.2379e+01,8.2464e+01,8.2698e+01,8.2494e+01,8.2341e+01,8.2186e+01,8.2108e+01,8.2384e+01,8.2465e+01,8.2257e+01,8.2253e+01,8.2242e+01,8.2230e+01,8.2242e+01,8.2484e+01,8.2960e+01,8.3097e+01,8.3007e+01,8.3031e+01,8.2919e+01,8.3414e+01,8.3376e+01,8.3875e+01,8.3779e+01,8.4402e+01,8.4927e+01,8.5163e+01,8.6170e+01,8.6735e+01,8.7919e+01,8.8167e+01,8.8252e+01,8.8590e+01,8.8074e+01,8.7773e+01,8.7062e+01,8.7407e+01,8.6823e+01,8.6706e+01,8.5714e+01,8.5435e+01,8.5301e+01,8.4870e+01,8.5410e+01,8.5270e+01,8.5392e+01,8.4741e+01,8.4961e+01,8.5790e+01,8.5831e+01,8.5737e+01,8.4892e+01,8.4916e+01,8.4446e+01,8.3667e+01,8.3427e+01,8.3821e+01,8.4110e+01,8.3795e+01,8.3175e+01,8.2979e+01,8.2607e+01,8.2625e+01,8.2836e+01,8.2839e+01,8.2782e+01,8.2778e+01,8.2595e+01,8.2768e+01,8.3195e+01,8.3393e+01,8.4033e+01,8.4204e+01,8.4014e+01,8.4100e+01,8.4432e+01,8.3756e+01,8.3398e+01,8.2906e+01,8.2514e+01,8.2263e+01,8.2459e+01,8.2260e+01,8.2081e+01,8.2279e+01,8.2662e+01,8.2876e+01,8.3227e+01,8.3619e+01,8.4277e+01,8.4760e+01,8.5414e+01,8.5903e+01,8.6499e+01,8.7255e+01,8.8004e+01,8.8130e+01,8.8902e+01,8.8620e+01,8.9343e+01,8.8831e+01,8.7825e+01,8.8075e+01,8.8728e+01,8.7757e+01,8.6793e+01,8.6524e+01,8.5752e+01,8.6355e+01,8.6751e+01,8.7804e+01,8.8021e+01,8.7171e+01,8.6492e+01,8.5839e+01,8.5491e+01,8.4994e+01,8.5238e+01,8.5302e+01,8.6082e+01,8.6545e+01,8.6831e+01,8.6039e+01,8.5547e+01,8.5138e+01,8.4985e+01,8.5179e+01,8.5831e+01,8.6151e+01,8.6109e+01,8.6163e+01,8.6278e+01,8.5887e+01,8.6416e+01,8.6064e+01,8.5331e+01,8.5080e+01,8.4504e+01,8.4228e+01,8.3907e+01,8.3857e+01,8.3716e+01,8.3978e+01,8.4347e+01,8.4817e+01,8.5292e+01,8.5440e+01,8.5527e+01,8.5668e+01
8.6225e+01,8.5957e+01,8.6037e+01,8.5614e+01,8.5419e+01,8.5389e+01,8.5375e+01,8.4684e+01,8.4367e+01,8.4764e+01,8.4571e+01,8.3962e+01,8.3977e+01,8.4545e+01,8.4602e+01,8.4043e+01,8.3933e+01,8.3756e+01,8.3367e+01,8.3029e+01,8.2746e+01,8.2726e+01,8.2671e+01,8.2773e+01,8.2857e+01,8.3089e+01,8.2884e+01,8.2731e+01,8.2573e+01,8.2495e+01,8.2770e+01,8.2850e+01,8.2642e+01,8.2636e+01,8.2624e+01,8.2611e+01,8.2624e+01,8.2864e+01,8.3335e+01,8.3471e+01,8.3382e+01,8.3408e+01,8.3300e+01,8.3793e+01,8.3758e+01,8.4257e+01,8.4163e+01,8.4783e+01,8.5303e+01,8.5537e+01,8.6539e+01,8.7100e+01,8.8279e+01,8.8528e+01,8.8611e+01,8.8949e+01,8.8435e+01,8.8137e+01,8.7430e+01,8.7775e+01,8.7194e+01,8.7077e+01,8.6089e+01,8.5811e+01,8.5676e+01,8.5246e+01,8.5783e+01,8.5643e+01,8.5762e+01,8.5115e+01,8.5336e+01,8.6162e+01,8.6203e+01,8.6110e+01,8.5269e+01,8.5293e+01,8.4824e+01,8.4049e+01,8.3811e+01,8.4203e+01,8.4489e+01,8.4175e+01,8.3558e+01,8.3362e+01,8.2993e+01,8.3009e+01,8.3220e+01,8.3221e+01,8.3164e+01,8.3158e+01,8.2974e+01,8.3145e+01,8.3568e+01,8.3764e+01,8.4400e+01,8.4569e+01,8.4380e+01,8.4466e+01,8.4797e+01,8.4125e+01,8.3771e+01,8.3285e+01,8.2896e+01,8.2649e+01,8.2847e+01,8.2651e+01,8.2473e+01,8.2672e+01,8.3056e+01,8.3269e+01,8.3617e+01,8.4007e+01,8.4661e+01,8.5142e+01,8.5791e+01,8.6277e+01,8.6870e+01,8.7621e+01,8.8363e+01,8.8490e+01,8.9257e+01,8.8981e+01,8.9698e+01,8.9190e+01,8.8193e+01,8.8442e+01,8.9090e+01,8.8127e+01,8.7170e+01,8.6901e+01,8.6132e+01,8.6733e+01,8.7123e+01,8.8170e+01,8.8382e+01,8.7534e+01,8.6857e+01,8.6213e+01,8.5870e+01,8.5373e+01,8.5611e+01,8.5670e+01,8.6442e+01,8.6898e+01,8.7181e+01,8.6398e+01,8.5908e+01,8.5502e+01,8.5350e+01,8.5540e+01,8.6187e+01,8.6503e+01,8.6461e+01,8.6517e+01,8.6633e+01,8.6249e+01,8.6775e+01,8.6429e+01,8.5701e+01,8.5458e+01,8.4887e+01,8.4618e+01,8.4296e+01,8.4245e+01,8.4106e+01,8.4369e+01,8.4735e+01,8.5201e+01,8.5672e+01,8.5820e+01,8.5906e+01,8.6049e+01
8.6525e+01,8.6262e+01,8.6341e+01,8.5918e+01,8.5723e+01,8.5693e+01,8.5678e+01,8.4993e+01,8.4678e+01,8.5072e+01,8.4877e+01,8.4274e+01,8.4289e+01,8.4853e+01,8.4908e+01,8.4349e+01,8.4236e+01,8.4058e+01,8.3670e+01,8.3334e+01,8.3052e+01,8.3033e+01,8.2979e+01,8.3082e+01,8.3166e+01,8.3399e+01,8.3195e+01,8.3041e+01,8.2883e+01,8.2804e+01,8.3078e+01,8.3156e+01,8.2947e+01,8.2942e+01,8.2928e+01,8.2915e+01,8.2927e+01,8.3164e+01,8.3633e+01,8.3770e+01,8.3683e+01,8.3710e+01,8.3603e+01,8.4094e+01,8.4059e+01,8.4555e+01,8.4463e+01,8.5082e+01,8.5602e+01,8.5837e+01,8.6835e+01,8.7396e+01,8.8571e+01,8.8819e+01,8.8905e+01,8.9240e+01,8.8727e+01,8.8428e+01,8.7723e+01,8.8063e+01,8.7485e+01,8.7369e+01,8.6386e+01,8.6109e+01,8.5976e+01,8.5547e+01,8.6082e+01,8.5943e+01,8.6062e+01,8.5416e+01,8.5637e+01,8.6460e+01,8.6501e+01,8.6407e+01,8.5567e+01,8.5589e+01,8.5122e+01,8.4351e+01,8.4112e+01,8.4501e+01,8.4785e+01,8.4472e+01,8.3859e+01,8.3664e+01,8.3296e+01,8.3312e+01,8.3523e+01,8.3524e+01,8.3467e+01,8.3460e+01,8.3277e+01,8.3445e+01,8.3868e+01,8.4062e+01,8.4694e+01,8.4862e+01,8.4673e+01,8.4757e+01,8.5084e+01,8.4416e+01,8.4064e+01,8.3580e+01,8.3195e+01,8.2950e+01,8.3146e+01,8.2953e+01,8.2775e+01,8.2976e+01,8.3359e+01,8.3571e+01,8.3918e+01,8.4305e+01,8.4955e+01,8.5432e+01,8.6079e+01,8.6565e+01,8.7156e+01,8.7901e+01,8.8642e+01,8.8771e+01,8.9532e+01,8.9262e+01,8.9977e+01,8.9472e+01,8.8484e+01,8.8736e+01,8.9379e+01,8.8424e+01,8.7473e+01,8.7203e+01,8.6436e+01,8.7032e+01,8.7423e+01,8.8466e+01,8.8678e+01,8.7835e+01,8.7157e+01,8.6516e+01,8.6179e+01,8.5684e+01,8.5921e+01,8.5975e+01,8.6742e+01,8.7197e+01,8.7481e+01,8.6703e+01,8.6213e+01,8.5807e+01,8.5659e+01,8.5843e+01,8.6493e+01,8.6803e+01,8.6761e+01,8.6824e+01,8.6944e+01,8.6564e+01,8.7094e+01,8.6749e+01,8.6019e+01,8.5781e+01,8.5209e+01,8.4943e+01,8.4620e+01,8.4567e+01,8.4428e+01,8.4690e+01,8.5052e+01,8.5516e+01,8.5985e+01,8.6125e+01,8.6206e+01,8.6341e+01
8.6829e+01,8.6567e+01,8.6643e+01,8.6219e+01,8.6027e+01,8.5998e+01,8.5983e+01,8.5299e+01,8.4985e+01,8.5378e+01,8.5183e+01,8.4582e+01,8.4597e+01,8.5159e+01,8.5211e+01,8.4650e+01,8.4529e+01,8.4349e+01,8.3959e+01,8.3622e+01,8.3340e+01,8.3325e+01,8.3272e+01,8.3378e+01,8.3463e+01,8.3696e+01,8.3488e+01,8.3331e+01,8.3170e+01,8.3088e+01,8.3362e+01,8.3437e+01,8.3227e+01,8.3221e+01,8.3206e+01,8.3193e+01,8.3205e+01,8.3442e+01,8.3907e+01,8.4045e+01,8.3959e+01,8.3989e+01,8.3886e+01,8.4376e+01,8.4345e+01,8.4843e+01,8.4756e+01,8.5374e+01,8.5891e+01,8.6127e+01,8.7125e+01,8.7685e+01,8.8857e+01,8.9107e+01,8.9190e+01,8.9526e+01,8.9015e+01,8.8720e+01,8.8018e+01,8.8361e+01,8.7784e+01,8.7666e+01,8.6683e+01,8.6403e+01,8.6268e+01,8.5838e+01,8.6370e+01,8.6228e+01,8.6343e+01,8.5698e+01,8.5919e+01,8.6744e+01,8.6786e+01,8.6691e+01,8.5853e+01,8.5873e+01,8.5408e+01,8.4637e+01,8.4398e+01,8.4788e+01,8.5068e+01,8.4756e+01,8.4143e+01,8.3944e+01,8.3576e+01,8.3590e+01,8.3801e+01,8.3800e+01,8.3743e+01,8.3734e+01,8.3551e+01,8.3717e+01,8.4137e+01,8.4331e+01,8.4960e+01,8.5127e+01,8.4938e+01,8.5022e+01,8.5348e+01,8.4684e+01,8.4335e+01,8.3856e+01,8.3475e+01,8.3234e+01,8.3434e+01,8.3243e+01,8.3066e+01,8.3269e+01,8.3656e+01,8.3867e+01,8.4213e+01,8.4597e+01,8.5247e+01,8.5722e+01,8.6367e+01,8.6851e+01,8.7445e+01,8.8187e+01,8.8929e+01,8.9061e+01,8.9819e+01,8.9551e+01,9.0268e+01,8.9766e+01,8.8779e+01,8.9032e+01,8.9677e+01,8.8724e+01,8.7773e+01,8.7500e+01,8.6731e+01,8.7322e+01,8.7708e+01,8.8744e+01,8.8949e+01,8.8107e+01,8.7429e+01,8.6795e+01,8.6465e+01,8.5968e+01,8.6199e+01,8.6250e+01,8.7011e+01,8.7463e+01,8.7745e+01,8.6974e+01,8.6483e+01,8.6079e+01,8.5934e+01,8.6114e+01,8.6762e+01,8.7067e+01,8.7023e+01,8.7090e+01,8.7213e+01,8.6840e+01,8.7368e+01,8.7028e+01,8.6300e+01,8.6069e+01,8.5503e+01,8.5241e+01,8.4916e+01,8.4863e+01,8.4721e+01,8.4982e+01,8.5345e+01,8.5811e+01,8.6282e+01,8.6419e+01,8.6498e+01,8.6632e+01
8.7079e+01,8.6819e+01,8.6894e+01,8.6469e+01,8.6278e+01,8.6250e+01,8.6233e+01,8.5551e+01,8.5238e+01,8.5629e+01,8.5436e+01,8.4837e+01,8.4851e+01,8.5410e+01,8.5460e+01,8.4899e+01,8.4772e+01,8.4589e+01,8.4199e+01,8.3864e+01,8.3584e+01,8.3571e+01,8.3522e+01,8.3629e+01,8.3713e+01,8.3947e+01,8.3737e+01,8.3577e+01,8.3414e+01,8.3330e+01,8.3602e+01,8.3676e+01,8.3467e+01,8.3460e+01,8.3445e+01,8.3434e+01,8.3447e+01,8.3683e+01,8.4146e+01,8.4285e+01,8.4199e+01,8.4231e+01,8.4131e+01,8.4621e+01,8.4595e+01,8.5094e+01,8.5009e+01,8.5625e+01,8.6138e+01,8.6373e+01,8.7369e+01,8.7926e+01,8.9096e+01,8.9346e+01,8.9427e+01,8.9763e+01,8.9253e+01,8.8960e+01,8.8260e+01,8.8604e+01,8.8028e+01,8.7909e+01,8.6926e+01,8.6645e+01,8.6508e+01,8.6076e+01,8.6605e+01,8.6462e+01,8.6576e+01,8.5932e+01,8.6152e+01,8.6974e+01,8.7016e+01,8.6920e+01,8.6084e+01,8.6102e+01,8.5639e+01,8.4871e+01,8.4633e+01,8.5023e+01,8.5301e+01,8.4991e+01,8.4379e+01,8.4180e+01,8.3813e+01,8.3827e+01,8.4037e+01,8.4036e+01,8.3980e+01,8.3970e+01,8.3788e+01,8.3953e+01,8.4371e+01,8.4564e+01,8.5190e+01,8.5356e+01,8.5169e+01,8.5252e+01,8.5577e+01,8.4918e+01,8.4573e+01,8.4098e+01,8.3721e+01,8.3482e+01,8.3686e+01,8.3496e+01,8.3317e+01,8.3521e+01,8.3912e+01,8.4123e+01,8.4467e+01,8.4852e+01,8.5502e+01,8.5977e+01,8.6620e+01,8.7100e+01,8.7694e+01,8.8436e+01,8.9175e+01,8.9305e+01,9.0063e+01,8.9794e+01,9.0510e+01,9.0008e+01,8.9023e+01,8.9275e+01,8.9918e+01,8.8966e+01,8.8018e+01,8.7746e+01,8.6979e+01,8.7568e+01,8.7949e+01,8.8979e+01,8.9180e+01,8.8339e+01,8.7661e+01,8.7034e+01,8.6706e+01,8.6208e+01,8.6434e+01,8.6482e+01,8.7238e+01,8.7687e+01,8.7969e+01,8.7202e+01,8.6713e+01,8.6310e+01,8.6166e+01,8.6345e+01,8.6991e+01,8.7295e+01,8.7251e+01,8.7317e+01,8.7441e+01,8.7069e+01,8.7597e+01,8.7261e+01,8.6535e+01,8.6306e+01,8.5742e+01,8.5482e+01,8.5159e+01,8.5104e+01,8.4962e+01,8.5221e+01,8.5581e+01,8.6047e+01,8.6515e+01,8.6650e+01,8.6727e+01,8.6860e+01
8.7330e+01,8.7069e+01,8.7141e+01,8.6719e+01,8.6534e+01,8.6510e+01,8.6498e+01,8.5820e+01,8.5505e+01,8.5894e+01,8.5705e+01,8.5109e+01,8.5118e+01,8.5673e+01,8.5725e+01,8.5166e+01,8.5037e+01,8.4852e+01,8.4463e+01,8.4128e+01,8.3851e+01,8.3839e+01,8.3792e+01,8.3899e+01,8.3979e+01,8.4212e+01,8.3998e+01,8.3836e+01,8.3671e+01,8.3588e+01,8.3859e+01,8.3934e+01,8.3723e+01,8.3714e+01,8.3699e+01,8.3686e+01,8.3700e+01,8.3934e+01,8.4392e+01,8.4531e+01,8.4444e+01,8.4478e+01,8.4381e+01,8.4868e+01,8.4846e+01,8.5344e+01,8.5263e+01,8.5874e+01,8.6381e+01,8.6614e+01,8.7605e+01,8.8158e+01,8.9322e+01,8.9573e+01,8.9651e+01,8.9987e+01,8.9481e+01,8.9193e+01,8.8498e+01,8.8842e+01,8.8271e+01,8.8152e+01,8.7173e+01,8.6893e+01,8.6755e+01,8.6325e+01,8.6851e+01,8.6709e+01,8.6822e+01,8.6181e+01,8.6403e+01,8.7225e+01,8.7268e+01,8.7174e+01,8.6340e+01,8.6360e+01,8.5898e+01,8.5132e+01,8.4896e+01,8.5287e+01,8.5567e+01,8.5260e+01,8.4648e+01,8.4446e+01,8.4077e+01,8.4087e+01,8.4295e+01,8.4291e+01,8.4233e+01,8.4222e+01,8.4040e+01,8.4203e+01,8.4617e+01,8.4807e+01,8.5430e+01,8.5595e+01,8.5408e+01,8.5493e+01,8.5818e+01,8.5163e+01,8.4819e+01,8.4350e+01,8.3975e+01,8.3741e+01,8.3948e+01,8.3761e+01,8.3583e+01,8.3787e+01,8.4181e+01,8.4391e+01,8.4730e+01,8.5112e+01,8.5757e+01,8.6232e+01,8.6869e+01,8.7343e+01,8.7937e+01,8.8673e+01,8.9407e+01,8.9536e+01,9.0287e+01,9.0020e+01,9.0732e+01,9.0234e+01,8.9255e+01,8.9505e+01,9.0147e+01,8.9201e+01,8.8256e+01,8.7983e+01,8.7219e+01,8.7804e+01,8.8179e+01,8.9204e+01,8.9398e+01,8.8559e+01,8.7886e+01,8.7266e+01,8.6940e+01,8.6444e+01,8.6665e+01,8.6711e+01,8.7460e+01,8.7906e+01,8.8184e+01,8.7423e+01,8.6937e+01,8.6537e+01,8.6398e+01,8.6575e+01,8.7219e+01,8.7518e+01,8.7470e+01,8.7538e+01,8.7664e+01,8.7297e+01,8.7820e+01,8.7485e+01,8.6765e+01,8.6542e+01,8.5985e+01,8.5731e+01,8.5409e+01,8.5357e+01,8.5215e+01,8.5475e+01,8.5835e+01,8.6304e+01,8.6770e+01,8.6903e+01,8.6979e+01,8.7110e+01
8.7527e+01,8.7268e+01,8.7336e+01,8.6915e+01,8.6734e+01,8.6713e+01,8.6704e+01,8.6029e+01,8.5713e+01,8.6101e+01,8.5917e+01,8.5322e+01,8.5326e+01,8.5878e+01,8.5933e+01,8.5373e+01,8.5245e+01,8.5056e+01,8.4667e+01,8.4332e+01,8.4056e+01,8.4046e+01,8.4002e+01,8.4110e+01,8.4189e+01,8.4422e+01,8.4204e+01,8.4039e+01,8.3870e+01,8.3785e+01,8.4057e+01,8.4130e+01,8.3918e+01,8.3907e+01,8.3889e+01,8.3875e+01,8.3888e+01,8.4122e+01,8.4577e+01,8.4718e+01,8.4634e+01,8.4672e+01,8.4579e+01,8.5066e+01,8.5048e+01,8.5547e+01,8.5469e+01,8.6080e+01,8.6584e+01,8.6818e+01,8.7809e+01,8.8362e+01,8.9527e+01,8.9778e+01,8.9856e+01,9.0191e+01,8.9685e+01,8.9397e+01,8.8702e+01,8.9047e+01,8.8476e+01,8.8355e+01,8.7377e+01,8.7095e+01,8.6956e+01,8.6525e+01,8.7050e+01,8.6906e+01,8.7017e+01,8.6377e+01,8.6599e+01,8.7420e+01,8.7464e+01,8.7369e+01,8.6536e+01,8.6555e+01,8.6094e+01,8.5331e+01,8.5095e+01,8.5486e+01,8.5763e+01,8.5459e+01,8.4848e+01,8.4643e+01,8.4274e+01,8.4282e+01,8.4490e+01,8.4484e+01,8.4424e+01,8.4411e+01,8.4229e+01,8.4389e+01,8.4801e+01,8.4988e+01,8.5608e+01,8.5771e+01,8.5584e+01,8.5668e+01,8.5992e+01,8.5341e+01,8.5001e+01,8.4536e+01,8.4166e+01,8.3938e+01,8.4148e+01,8.3966e+01,8.3789e+01,8.3995e+01,8.4393e+01,8.4602e+01,8.4939e+01,8.5320e+01,8.5965e+01,8.6439e+01,8.7073e+01,8.7546e+01,8.8140e+01,8.8871e+01,8.9604e+01,8.9733e+01,9.0480e+01,9.0215e+01,9.0927e+01,9.0432e+01,8.9455e+01,8.9705e+01,9.0348e+01,8.9404e+01,8.8459e+01,8.8185e+01,8.7420e+01,8.8000e+01,8.8372e+01,8.9393e+01,8.9584e+01,8.8745e+01,8.8071e+01,8.7456e+01,8.7133e+01,8.6636e+01,8.6852e+01,8.6895e+01,8.7638e+01,8.8081e+01,8.8358e+01,8.7600e+01,8.7113e+01,8.6714e+01,8.6580e+01,8.6754e+01,8.7395e+01,8.7691e+01,8.7640e+01,8.7708e+01,8.7838e+01,8.7475e+01,8.7996e+01,8.7664e+01,8.6947e+01,8.6730e+01,8.6178e+01,8.5930e+01,8.5607e+01,8.5559e+01,8.5416e+01,8.5677e+01,8.6040e+01,8.6511e+01,8.6973e+01,8.7105e+01,8.7183e+01,8.7314e+01
8.7929e+01,8.7670e+01,8.7735e+01,8.7317e+01,8.7140e+01,8.7119e+01,8.7111e+01,8.6439e+01,8.6123e+01,8.6508e+01,8.6325e+01,8.5734e+01,8.5735e+01,8.6282e+01,8.6335e+01,8.5777e+01,8.5645e+01,8.5452e+01,8.5064e+01,8.4732e+01,8.4460e+01,8.4454e+01,8.4414e+01,8.4525e+01,8.4604e+01,8.4839e+01,8.4619e+01,8.4451e+01,8.4279e+01,8.4191e+01,8.4459e+01,8.4529e+01,8.4318e+01,8.4308e+01,8.4291e+01,8.4281e+01,8.4296e+01,8.4531e+01,8.4983e+01,8.5127e+01,8.5044e+01,8.5085e+01,8.4994e+01,8.5483e+01,8.5468e+01,8.5967e+01,8.5890e+01,8.6497e+01,8.6998e+01,8.7228e+01,8.8216e+01,8.8764e+01,8.9923e+01,9.0171e+01,9.0246e+01,9.0579e+01,9.0072e+01,8.9786e+01,8.9094e+01,8.9440e+01,8.8870e+01,8.8746e+01,8.7771e+01,8.7486e+01,8.7347e+01,8.6915e+01,8.7436e+01,8.7290e+01,8.7400e+01,8.6761e+01,8.6979e+01,8.7796e+01,8.7839e+01,8.7743e+01,8.6915e+01,8.6932e+01,8.6476e+01,8.5718e+01,8.5484e+01,8.5873e+01,8.6146e+01,8.5845e+01,8.5238e+01,8.5033e+01,8.4668e+01,8.4675e+01,8.4881e+01,8.4876e+01,8.4818e+01,8.4805e+01,8.4625e+01,8.4785e+01,8.5194e+01,8.5381e+01,8.5997e+01,8.6160e+01,8.5977e+01,8.6061e+01,8.6385e+01,8.5740e+01,8.5406e+01,8.4946e+01,8.4581e+01,8.4355e+01,8.4569e+01,8.4388e+01,8.4209e+01,8.4415e+01,8.4815e+01,8.5027e+01,8.5364e+01,8.5744e+01,8.6386e+01,8.6859e+01,8.7488e+01,8.7959e+01,8.8550e+01,8.9277e+01,9.0004e+01,9.0134e+01,9.0877e+01,9.0615e+01,9.1324e+01,9.0830e+01,8.9859e+01,9.0110e+01,9.0749e+01,8.9809e+01,8.8869e+01,8.8596e+01,8.7832e+01,8.8409e+01,8.8777e+01,8.9792e+01,8.9980e+01,8.9143e+01,8.8471e+01,8.7862e+01,8.7540e+01,8.7044e+01,8.7255e+01,8.7293e+01,8.8028e+01,8.8465e+01,8.8738e+01,8.7989e+01,8.7504e+01,8.7108e+01,8.6976e+01,8.7145e+01,8.7781e+01,8.8069e+01,8.8019e+01,8.8088e+01,8.8220e+01,8.7863e+01,8.8381e+01,8.8051e+01,8.7341e+01,8.7129e+01,8.6582e+01,8.6337e+01,8.6014e+01,8.5967e+01,8.5823e+01,8.6084e+01,8.6446e+01,8.6914e+01,8.7370e+01,8.7501e+01,8.7582e+01,8.7712e+01
8.8260e+01,8.8003e+01,8.8065e+01,8.7651e+01,8.7477e+01,8.7456e+01,8.7451e+01,8.6784e+01,8.6468e+01,8.6849e+01,8.6669e+01,8.6082e+01,8.6081e+01,8.6624e+01,8.6676e+01,8.6118e+01,8.5982e+01,8.5786e+01,8.5401e+01,8.5071e+01,8.4804e+01,8.4798e+01,8.4763e+01,8.4873e+01,8.4950e+01,8.5185e+01,8.4965e+01,8.4794e+01,8.4622e+01,8.4534e+01,8.4798e+01,8.4868e+01,8.4659e+01,8.4651e+01,8.4636e+01,8.4628e+01,8.4646e+01,8.4882e+01,8.5331e+01,8.5475e+01,8.5390e+01,8.5432e+01,8.5341e+01,8.5828e+01,8.5815e+01,8.6311e+01,8.6233e+01,8.6835e+01,8.7331e+01,8.7557e+01,8.8537e+01,8.9079e+01,9.0231e+01,9.0477e+01,9.0549e+01,9.0880e+01,9.0376e+01,9.0094e+01,8.9407e+01,8.9754e+01,8.9187e+01,8.9062e+01,8.8091e+01,8.7807e+01,8.7666e+01,8.7237e+01,8.7755e+01,8.7610e+01,8.7720e+01,8.7084e+01,8.7302e+01,8.8115e+01,8.8158e+01,8.8063e+01,8.7239e+01,8.7256e+01,8.6802e+01,8.6049e+01,8.5817e+01,8.6205e+01,8.6476e+01,8.6178e+01,8.5573e+01,8.5368e+01,8.5005e+01,8.5011e+01,8.5216e+01,8.5211e+01,8.5154e+01,8.5143e+01,8.4966e+01,8.5127e+01,8.5534e+01,8.5722e+01,8.6336e+01,8.6501e+01,8.6319e+01,8.6405e+01,8.6730e+01,8.6089e+01,8.5757e+01,8.5300e+01,8.4935e+01,8.4712e+01,8.4928e+01,8.4744e+01,8.4563e+01,8.4766e+01,8.5167e+01,8.5380e+01,8.5714e+01,8.6093e+01,8.6730e+01,8.7200e+01,8.7824e+01,8.8291e+01,8.8879e+01,8.9601e+01,9.0324e+01,9.0451e+01,9.1189e+01,9.0928e+01,9.1634e+01,9.1144e+01,9.0179e+01,9.0427e+01,9.1063e+01,9.0130e+01,8.9195e+01,8.8922e+01,8.8164e+01,8.8736e+01,8.9101e+01,9.0110e+01,9.0299e+01,8.9468e+01,8.8800e+01,8.8194e+01,8.7874e+01,8.7379e+01,8.7587e+01,8.7624e+01,8.8353e+01,8.8784e+01,8.9053e+01,8.8311e+01,8.7831e+01,8.7436e+01,8.7305e+01,8.7471e+01,8.8101e+01,8.8386e+01,8.8336e+01,8.8405e+01,8.8536e+01,8.8183e+01,8.8697e+01,8.8370e+01,8.7666e+01,8.7457e+01,8.6916e+01,8.6675e+01,8.6355e+01,8.6309e+01,8.6168e+01,8.6428e+01,8.6787e+01,8.7253e+01,8.7705e+01,8.7834e+01,8.7917e+01,8.8044e+01
8.8607e+01,8.8354e+01,8.8412e+01,8.7995e+01,8.7821e+01,8.7799e+01,8.7792e+01,8.7128e+01,8.6813e+01,8.7191e+01,8.7011e+01,8.6427e+01,8.6424e+01,8.6964e+01,8.7014e+01,8.6459e+01,8.6320e+01,8.6122e+01,8.5739e+01,8.5411e+01,8.5148e+01,8.5148e+01,8.5117e+01,8.5232e+01,8.5313e+01,8.5554e+01,8.5334e+01,8.5157e+01,8.4982e+01,8.4888e+01,8.5146e+01,8.5210e+01,8.5004e+01,8.4999e+01,8.4985e+01,8.4983e+01,8.5003e+01,8.5242e+01,8.5692e+01,8.5841e+01,8.5758e+01,8.5805e+01,8.5716e+01,8.6207e+01,8.6196e+01,8.6696e+01,8.6616e+01,8.7217e+01,8.7713e+01,8.7935e+01,8.8914e+01,8.9451e+01,9.0600e+01,9.0840e+01,9.0908e+01,9.1233e+01,9.0724e+01,9.0443e+01,8.9756e+01,9.0104e+01,8.9534e+01,8.9403e+01,8.8433e+01,8.8144e+01,8.8003e+01,8.7570e+01,8.8082e+01,8.7935e+01,8.8043e+01,8.7408e+01,8.7620e+01,8.8425e+01,8.8468e+01,8.8370e+01,8.7553e+01,8.7567e+01,8.7120e+01,8.6374e+01,8.6144e+01,8.6530e+01,8.6795e+01,8.6501e+01,8.5902e+01,8.5697e+01,8.5339e+01,8.5346e+01,8.5548e+01,8.5545e+01,8.5492e+01,8.5483e+01,8.5307e+01,8.5470e+01,8.5875e+01,8.6065e+01,8.6675e+01,8.6841e+01,8.6664e+01,8.6751e+01,8.7078e+01,8.6443e+01,8.6117e+01,8.5664e+01,8.5303e+01,8.5080e+01,8.5301e+01,8.5117e+01,8.4932e+01,8.5137e+01,8.5541e+01,8.5758e+01,8.6093e+01,8.6476e+01,8.7114e+01,8.7586e+01,8.8210e+01,8.8677e+01,8.9263e+01,8.9985e+01,9.0703e+01,9.0831e+01,9.1567e+01,9.1307e+01,9.2009e+01,9.1519e+01,9.0558e+01,9.0805e+01,9.1437e+01,9.0505e+01,8.9574e+01,8.9304e+01,8.8547e+01,8.9118e+01,8.9480e+01,9.0485e+01,9.0671e+01,8.9842e+01,8.9175e+01,8.8572e+01,8.8252e+01,8.7755e+01,8.7959e+01,8.7994e+01,8.8718e+01,8.9146e+01,8.9413e+01,8.8677e+01,8.8194e+01,8.7799e+01,8.7669e+01,8.7830e+01,8.8456e+01,8.8736e+01,8.8688e+01,8.8760e+01,8.8890e+01,8.8543e+01,8.9056e+01,8.8733e+01,8.8032e+01,8.7825e+01,8.7286e+01,8.7044e+01,8.6721e+01,8.6672e+01,8.6526e+01,8.6783e+01,8.7143e+01,8.7603e+01,8.8048e+01,8.8175e+01,8.8258e+01,8.8384e+01
8.8939e+01,8.8689e+01,8.8744e+01,8.8331e+01,8.8160e+01,8.8138e+01,8.8133e+01,8.7474e+01,8.7159e+01,8.7533e+01,8.7357e+01,8.6776e+01,8.6771e+01,8.7307e+01,8.7358e+01,8.6804e+01,8.6664e+01,8.6463e+01,8.6082e+01,8.5756e+01,8.5496e+01,8.5499e+01,8.5471e+01,8.5587e+01,8.5667e+01,8.5909e+01,8.5688e+01,8.5509e+01,8.5334e+01,8.5238e+01,8.5492e+01,8.5554e+01,8.5351e+01,8.5348e+01,8.5336e+01,8.5337e+01,8.5360e+01,8.5601e+01,8.6049e+01,8.6200e+01,8.6116e+01,8.6165e+01,8.6075e+01,8.6567e+01,8.6557e+01,8.7055e+01,8.6973e+01,8.7571e+01,8.8064e+01,8.8282e+01,8.9256e+01,8.9788e+01,9.0931e+01,9.1167e+01,9.1233e+01,9.1554e+01,9.1046e+01,9.0767e+01,9.0082e+01,9.0430e+01,8.9862e+01,8.9729e+01,8.8763e+01,8.8474e+01,8.8332e+01,8.7901e+01,8.8409e+01,8.8261e+01,8.8368e+01,8.7736e+01,8.7946e+01,8.8746e+01,8.8789e+01,8.8690e+01,8.7880e+01,8.7893e+01,8.7450e+01,8.6710e+01,8.6482e+01,8.6867e+01,8.7132e+01,8.6842e+01,8.6246e+01,8.6039e+01,8.5683e+01,8.5689e+01,8.5889e+01,8.5887e+01,8.5835e+01,8.5828e+01,8.5654e+01,8.5818e+01,8.6221e+01,8.6412e+01,8.7019e+01,8.7187e+01,8.7014e+01,8.7102e+01,8.7431e+01,8.6800e+01,8.6476e+01,8.6026e+01,8.5665e+01,8.5444e+01,8.5666e+01,8.5481e+01,8.5294e+01,8.5497e+01,8.5901e+01,8.6120e+01,8.6454e+01,8.6837e+01,8.7473e+01,8.7944e+01,8.8564e+01,8.9028e+01,8.9611e+01,9.0331e+01,9.1043e+01,9.1169e+01,9.1904e+01,9.1645e+01,9.2342e+01,9.1853e+01,9.0897e+01,9.1142e+01,9.1770e+01,9.0841e+01,8.9916e+01,8.9650e+01,8.8897e+01,8.9466e+01,8.9827e+01,9.0828e+01,9.1013e+01,9.0188e+01,8.9524e+01,8.8923e+01,8.8601e+01,8.8105e+01,8.8308e+01,8.8342e+01,8.9064e+01,8.9489e+01,8.9754e+01,8.9021e+01,8.8540e+01,8.8145e+01,8.8014e+01,8.8173e+01,8.8793e+01,8.9073e+01,8.9028e+01,8.9098e+01,8.9224e+01,8.8878e+01,8.9388e+01,8.9069e+01,8.8374e+01,8.8166e+01,8.7630e+01,8.7389e+01,8.7066e+01,8.7015e+01,8.6869e+01,8.7124e+01,8.7483e+01,8.7938e+01,8.8378e+01,8.8504e+01,8.8589e+01,8.8715e+01
8.9271e+01,8.9025e+01,8.9080e+01,8.8667e+01,8.8496e+01,8.8473e+01,8.8469e+01,8.7813e+01,8.7500e+01,8.7871e+01,8.7695e+01,8.7117e+01,8.7110e+01,8.7645e+01,8.7694e+01,8.7139e+01,8.6999e+01,8.6800e+01,8.6421e+01,8.6098e+01,8.5840e+01,8.5844e+01,8.5817e+01,8.5935e+01,8.6016e+01,8.6259e+01,8.6041e+01,8.5860e+01,8.5687e+01,8.5590e+01,8.5840e+01,8.5901e+01,8.5700e+01,8.5700e+01,8.5690e+01,8.5694e+01,8.5720e+01,8.5962e+01,8.6411e+01,8.6563e+01,8.6477e+01,8.6526e+01,8.6436e+01,8.6928e+01,8.6917e+01,8.7413e+01,8.7329e+01,8.7925e+01,8.8417e+01,8.8634e+01,8.9605e+01,9.0135e+01,9.1274e+01,9.1506e+01,9.1572e+01,9.1889e+01,9.1379e+01,9.1099e+01,9.0414e+01,9.0761e+01,9.0191e+01,9.0058e+01,8.9097e+01,8.8807e+01,8.8668e+01,8.8237e+01,8.8743e+01,8.8594e+01,8.8702e+01,8.8072e+01,8.8278e+01,8.9074e+01,8.9115e+01,8.9016e+01,8.8209e+01,8.8222e+01,8.7781e+01,8.7045e+01,8.6819e+01,8.7201e+01,8.7465e+01,8.7177e+01,8.6586e+01,8.6382e+01,8.6027e+01,8.6033e+01,8.6232e+01,8.6232e+01,8.6182e+01,8.6177e+01,8.6005e+01,8.6171e+01,8.6575e+01,8.6768e+01,8.7375e+01,8.7545e+01,8.7373e+01,8.7464e+01,8.7793e+01,8.7163e+01,8.6840e+01,8.6389e+01,8.6027e+01,8.5804e+01,8.6027e+01,8.5840e+01,8.5650e+01,8.5852e+01,8.6256e+01,8.6476e+01,8.6810e+01,8.7194e+01,8.7829e+01,8.8300e+01,8.8918e+01,8.9381e+01,8.9960e+01,9.0677e+01,9.1384e+01,9.1512e+01,9.2245e+01,9.1989e+01,9.2683e+01,9.2194e+01,9.1243e+01,9.1489e+01,9.2113e+01,9.1187e+01,9.0267e+01,9.0002e+01,8.9252e+01,8.9819e+01,9.0181e+01,9.1179e+01,9.1364e+01,9.0543e+01,8.9881e+01,8.9280e+01,8.8957e+01,8.8462e+01,8.8664e+01,8.8697e+01,8.9416e+01,8.9840e+01,9.0105e+01,8.9374e+01,8.8891e+01,8.8498e+01,8.8368e+01,8.8526e+01,8.9145e+01,8.9422e+01,8.9376e+01,8.9447e+01,8.9574e+01,8.9229e+01,8.9737e+01,8.9419e+01,8.8727e+01,8.8520e+01,8.7984e+01,8.7744e+01,8.7419e+01,8.7367e+01,8.7221e+01,8.7473e+01,8.7830e+01,8.8281e+01,8.8718e+01,8.8843e+01,8.8929e+01,8.9054e+01
8.9490e+01,8.9248e+01,8.9302e+01,8.8890e+01,8.8719e+01,8.8695e+01,8.8689e+01,8.8038e+01,8.7724e+01,8.8091e+01,8.7915e+01,8.7341e+01,8.7333e+01,8.7864e+01,8.7910e+01,8.7356e+01,8.7215e+01,8.7015e+01,8.6641e+01,8.6319e+01,8.6067e+01,8.6074e+01,8.6052e+01,8.6171e+01,8.6251e+01,8.6497e+01,8.6279e+01,8.6095e+01,8.5922e+01,8.5823e+01,8.6066e+01,8.6125e+01,8.5930e+01,8.5934e+01,8.5930e+01,8.5938e+01,8.5971e+01,8.6217e+01,8.6667e+01,8.6820e+01,8.6729e+01,8.6780e+01,8.6686e+01,8.7181e+01,8.7170e+01,8.7666e+01,8.7577e+01,8.8169e+01,8.8659e+01,8.8869e+01,8.9837e+01,9.0363e+01,9.1499e+01,9.1725e+01,9.1788e+01,9.2099e+01,9.1587e+01,9.1309e+01,9.0624e+01,9.0971e+01,9.0401e+01,9.0265e+01,8.9307e+01,8.9015e+01,8.8876e+01,8.8444e+01,8.8945e+01,8.8795e+01,8.8901e+01,8.8275e+01,8.8478e+01,8.9268e+01,8.9309e+01,8.9210e+01,8.8409e+01,8.8423e+01,8.7986e+01,8.7257e+01,8.7035e+01,8.7417e+01,8.7681e+01,8.7399e+01,8.6812e+01,8.6607e+01,8.6255e+01,8.6259e+01,8.6453e+01,8.6455e+01,8.6407e+01,8.6406e+01,8.6239e+01,8.6410e+01,8.6812e+01,8.7009e+01,8.7616e+01,8.7791e+01,8.7625e+01,8.7721e+01,8.8056e+01,8.7427e+01,8.7104e+01,8.6652e+01,8.6287e+01,8.6062e+01,8.6287e+01,8.6095e+01,8.5901e+01,8.6098e+01,8.6503e+01,8.6728e+01,8.7060e+01,8.7448e+01,8.8082e+01,8.8556e+01,8.9173e+01,8.9632e+01,9.0206e+01,9.0927e+01,9.1629e+01,9.1754e+01,9.2488e+01,9.2233e+01,9.2921e+01,9.2430e+01,9.1482e+01,9.1727e+01,9.2345e+01,9.1419e+01,9.0504e+01,9.0245e+01,8.9499e+01,9.0069e+01,9.0431e+01,9.1429e+01,9.1614e+01,9.0793e+01,9.0134e+01,8.9532e+01,8.9205e+01,8.8708e+01,8.8909e+01,8.8945e+01,8.9664e+01,9.0086e+01,9.0349e+01,8.9619e+01,8.9138e+01,8.8741e+01,8.8607e+01,8.8762e+01,8.9378e+01,8.9656e+01,8.9614e+01,8.9684e+01,8.9806e+01,8.9462e+01,8.9970e+01,8.9655e+01,8.8966e+01,8.8756e+01,8.8222e+01,8.7979e+01,8.7654e+01,8.7600e+01,8.7452e+01,8.7700e+01,8.8056e+01,8.8504e+01,8.8939e+01,8.9063e+01,8.9150e+01,8.9274e+01
