8.3467e+01,8.3143e+01,8.3033e+01,8.2819e+01,8.2668e+01,8.2570e+01,8.2561e+01,8.2530e+01,8.2620e+01,8.2732e+01,8.2801e+01,8.2953e+01,8.2824e+01,8.2747e+01,8.2805e+01,8.2687e+01,8.2650e+01,8.2269e+01,8.1983e+01,8.1793e+01,8.1232e+01,8.0749e+01,8.0398e+01,7.9938e+01,7.9568e+01,7.9157e+01,7.8679e+01,7.8230e+01,7.7725e+01,7.7283e+01,7.6766e+01,7.6182e+01,7.5467e+01,7.4836e+01,7.4155e+01,7.3576e+01,7.3061e+01,7.2762e+01,7.2512e+01,7.2451e+01,7.2495e+01,7.2506e+01,7.2587e+01,7.2678e+01,7.2774e+01,7.2826e+01,7.2921e+01,7.2910e+01,7.2763e+01,7.2797e+01,7.2727e+01,7.2730e+01,7.2724e+01,7.2667e+01,7.2665e+01,7.2882e+01,7.3112e+01,7.3389e+01,7.3753e+01,7.4116e+01,7.4673e+01,7.5291e+01,7.5957e+01,7.6570e+01,7.7268e+01,7.7731e+01,7.7952e+01,7.8388e+01,7.8495e+01,7.8567e+01,7.8650e+01,7.8740e+01,7.8867e+01,7.8851e+01,7.9036e+01
8.2890e+01,8.2564e+01,8.2452e+01,8.2238e+01,8.2086e+01,8.1989e+01,8.1978e+01,8.1947e+01,8.2036e+01,8.2146e+01,8.2213e+01,8.2366e+01,8.2235e+01,8.2159e+01,8.2215e+01,8.2097e+01,8.2058e+01,8.1674e+01,8.1384e+01,8.1194e+01,8.0625e+01,8.0135e+01,7.9778e+01,7.9312e+01,7.8940e+01,7.8522e+01,7.8040e+01,7.7586e+01,7.7075e+01,7.6627e+01,7.6105e+01,7.5515e+01,7.4786e+01,7.4145e+01,7.3454e+01,7.2868e+01,7.2349e+01,7.2047e+01,7.1796e+01,7.1736e+01,7.1782e+01,7.1794e+01,7.1880e+01,7.1975e+01,7.2071e+01,7.2128e+01,7.2223e+01,7.2212e+01,7.2062e+01,7.2098e+01,7.2027e+01,7.2029e+01,7.2020e+01,7.1959e+01,7.1955e+01,7.2172e+01,7.2405e+01,7.2685e+01,7.3058e+01,7.3427e+01,7.3991e+01,7.4619e+01,7.5296e+01,7.5914e+01,7.6625e+01,7.7096e+01,7.7322e+01,7.7765e+01,7.7876e+01,7.7952e+01,7.8036e+01,7.8127e+01,7.8256e+01,7.8239e+01,7.8425e+01
8.2367e+01,8.2037e+01,8.1923e+01,8.1708e+01,8.1556e+01,8.1458e+01,8.1446e+01,8.1413e+01,8.1500e+01,8.1608e+01,8.1673e+01,8.1826e+01,8.1694e+01,8.1616e+01,8.1669e+01,8.1550e+01,8.1507e+01,8.1117e+01,8.0823e+01,8.0632e+01,8.0056e+01,7.9559e+01,7.9199e+01,7.8728e+01,7.8352e+01,7.7928e+01,7.7443e+01,7.6989e+01,7.6471e+01,7.6019e+01,7.5494e+01,7.4899e+01,7.4161e+01,7.3514e+01,7.2815e+01,7.2222e+01,7.1697e+01,7.1394e+01,7.1144e+01,7.1088e+01,7.1139e+01,7.1157e+01,7.1247e+01,7.1347e+01,7.1443e+01,7.1503e+01,7.1599e+01,7.1588e+01,7.1440e+01,7.1480e+01,7.1409e+01,7.1408e+01,7.1400e+01,7.1338e+01,7.1333e+01,7.1552e+01,7.1787e+01,7.2071e+01,7.2450e+01,7.2824e+01,7.3395e+01,7.4029e+01,7.4713e+01,7.5339e+01,7.6061e+01,7.6540e+01,7.6770e+01,7.7219e+01,7.7333e+01,7.7412e+01,7.7499e+01,7.7594e+01,7.7725e+01,7.7709e+01,7.7898e+01
8.1762e+01,8.1431e+01,8.1313e+01,8.1096e+01,8.0942e+01,8.0843e+01,8.0831e+01,8.0800e+01,8.0887e+01,8.0996e+01,8.1060e+01,8.1214e+01,8.1083e+01,8.1004e+01,8.1057e+01,8.0936e+01,8.0890e+01,8.0495e+01,8.0196e+01,8.0003e+01,7.9424e+01,7.8922e+01,7.8561e+01,7.8089e+01,7.7715e+01,7.7289e+01,7.6802e+01,7.6342e+01,7.5819e+01,7.5361e+01,7.4829e+01,7.4227e+01,7.3477e+01,7.2820e+01,7.2105e+01,7.1503e+01,7.0968e+01,7.0662e+01,7.0409e+01,7.0353e+01,7.0405e+01,7.0423e+01,7.0514e+01,7.0614e+01,7.0711e+01,7.0771e+01,7.0868e+01,7.0857e+01,7.0709e+01,7.0753e+01,7.0684e+01,7.0682e+01,7.0677e+01,7.0616e+01,7.0613e+01,7.0833e+01,7.1072e+01,7.1361e+01,7.1748e+01,7.2129e+01,7.2707e+01,7.3350e+01,7.4044e+01,7.4680e+01,7.5415e+01,7.5901e+01,7.6135e+01,7.6588e+01,7.6705e+01,7.6785e+01,7.6872e+01,7.6967e+01,7.7100e+01,7.7087e+01,7.7279e+01
8.1329e+01,8.0995e+01,8.0878e+01,8.0658e+01,8.0500e+01,8.0399e+01,8.0386e+01,8.0356e+01,8.0444e+01,8.0555e+01,8.0618e+01,8.0773e+01,8.0642e+01,8.0561e+01,8.0612e+01,8.0487e+01,8.0439e+01,8.0040e+01,7.9739e+01,7.9546e+01,7.8964e+01,7.8461e+01,7.8101e+01,7.7629e+01,7.7255e+01,7.6827e+01,7.6341e+01,7.5879e+01,7.5349e+01,7.4889e+01,7.4354e+01,7.3748e+01,7.2989e+01,7.2329e+01,7.1606e+01,7.0998e+01,7.0456e+01,7.0152e+01,6.9898e+01,6.9844e+01,6.9899e+01,6.9918e+01,7.0012e+01,7.0117e+01,7.0216e+01,7.0279e+01,7.0373e+01,7.0363e+01,7.0217e+01,7.0264e+01,7.0197e+01,7.0194e+01,7.0192e+01,7.0129e+01,7.0129e+01,7.0348e+01,7.0591e+01,7.0879e+01,7.1268e+01,7.1651e+01,7.2232e+01,7.2879e+01,7.3579e+01,7.4218e+01,7.4958e+01,7.5450e+01,7.5687e+01,7.6144e+01,7.6262e+01,7.6344e+01,7.6434e+01,7.6529e+01,7.6664e+01,7.6654e+01,7.6847e+01
8.0914e+01,8.0579e+01,8.0460e+01,8.0239e+01,8.0080e+01,7.9979e+01,7.9966e+01,7.9936e+01,8.0024e+01,8.0134e+01,8.0198e+01,8.0355e+01,8.0225e+01,8.0143e+01,8.0193e+01,8.0066e+01,8.0017e+01,7.9616e+01,7.9313e+01,7.9122e+01,7.8539e+01,7.8034e+01,7.7674e+01,7.7201e+01,7.6828e+01,7.6403e+01,7.5917e+01,7.5453e+01,7.4921e+01,7.4459e+01,7.3920e+01,7.3310e+01,7.2542e+01,7.1878e+01,7.1145e+01,7.0530e+01,6.9980e+01,6.9673e+01,6.9418e+01,6.9361e+01,6.9412e+01,6.9429e+01,6.9521e+01,6.9626e+01,6.9726e+01,6.9788e+01,6.9884e+01,6.9874e+01,6.9730e+01,6.9778e+01,6.9712e+01,6.9707e+01,6.9707e+01,6.9644e+01,6.9644e+01,6.9864e+01,7.0108e+01,7.0399e+01,7.0793e+01,7.1180e+01,7.1766e+01,7.2421e+01,7.3127e+01,7.3773e+01,7.4525e+01,7.5020e+01,7.5260e+01,7.5723e+01,7.5843e+01,7.5929e+01,7.6022e+01,7.6119e+01,7.6258e+01,7.6250e+01,7.6448e+01
8.0584e+01,8.0248e+01,8.0129e+01,7.9907e+01,7.9748e+01,7.9645e+01,7.9633e+01,7.9602e+01,7.9692e+01,7.9802e+01,7.9867e+01,8.0023e+01,7.9892e+01,7.9813e+01,7.9865e+01,7.9737e+01,7.9686e+01,7.9284e+01,7.8980e+01,7.8788e+01,7.8203e+01,7.7695e+01,7.7336e+01,7.6860e+01,7.6486e+01,7.6058e+01,7.5570e+01,7.5104e+01,7.4570e+01,7.4104e+01,7.3562e+01,7.2948e+01,7.2177e+01,7.1506e+01,7.0766e+01,7.0148e+01,6.9592e+01,6.9284e+01,6.9029e+01,6.8973e+01,6.9026e+01,6.9044e+01,6.9137e+01,6.9243e+01,6.9343e+01,6.9405e+01,6.9501e+01,6.9493e+01,6.9349e+01,6.9399e+01,6.9335e+01,6.9331e+01,6.9333e+01,6.9266e+01,6.9266e+01,6.9486e+01,6.9729e+01,7.0021e+01,7.0417e+01,7.0806e+01,7.1393e+01,7.2052e+01,7.2764e+01,7.3412e+01,7.4167e+01,7.4665e+01,7.4905e+01,7.5369e+01,7.5487e+01,7.5571e+01,7.5661e+01,7.5756e+01,7.5899e+01,7.5896e+01,7.6100e+01
8.0330e+01,7.9995e+01,7.9877e+01,7.9659e+01,7.9504e+01,7.9404e+01,7.9395e+01,7.9367e+01,7.9459e+01,7.9571e+01,7.9636e+01,7.9792e+01,7.9659e+01,7.9582e+01,7.9636e+01,7.9509e+01,7.9459e+01,7.9057e+01,7.8753e+01,7.8559e+01,7.7970e+01,7.7460e+01,7.7097e+01,7.6618e+01,7.6242e+01,7.5808e+01,7.5320e+01,7.4852e+01,7.4314e+01,7.3842e+01,7.3297e+01,7.2679e+01,7.1903e+01,7.1228e+01,7.0481e+01,6.9862e+01,6.9300e+01,6.8991e+01,6.8735e+01,6.8681e+01,6.8737e+01,6.8756e+01,6.8850e+01,6.8955e+01,6.9053e+01,6.9115e+01,6.9210e+01,6.9196e+01,6.9047e+01,6.9103e+01,6.9043e+01,6.9041e+01,6.9042e+01,6.8971e+01,6.8967e+01,6.9186e+01,6.9429e+01,6.9724e+01,7.0124e+01,7.0516e+01,7.1107e+01,7.1771e+01,7.2482e+01,7.3133e+01,7.3888e+01,7.4387e+01,7.4626e+01,7.5088e+01,7.5206e+01,7.5290e+01,7.5379e+01,7.5473e+01,7.5620e+01,7.5619e+01,7.5827e+01
8.0169e+01,7.9836e+01,7.9718e+01,7.9501e+01,7.9349e+01,7.9248e+01,7.9242e+01,7.9217e+01,7.9313e+01,7.9426e+01,7.9493e+01,7.9650e+01,7.9516e+01,7.9442e+01,7.9498e+01,7.9372e+01,7.9322e+01,7.8922e+01,7.8617e+01,7.8421e+01,7.7828e+01,7.7316e+01,7.6951e+01,7.6471e+01,7.6092e+01,7.5657e+01,7.5168e+01,7.4697e+01,7.4156e+01,7.3683e+01,7.3138e+01,7.2518e+01,7.1740e+01,7.1062e+01,7.0311e+01,6.9689e+01,6.9121e+01,6.8811e+01,6.8552e+01,6.8495e+01,6.8550e+01,6.8568e+01,6.8660e+01,6.8766e+01,6.8863e+01,6.8928e+01,6.9024e+01,6.9007e+01,6.8853e+01,6.8909e+01,6.8852e+01,6.8851e+01,6.8856e+01,6.8782e+01,6.8777e+01,6.8996e+01,6.9239e+01,6.9538e+01,6.9939e+01,7.0331e+01,7.0923e+01,7.1590e+01,7.2303e+01,7.2954e+01,7.3709e+01,7.4206e+01,7.4443e+01,7.4906e+01,7.5020e+01,7.5104e+01,7.5190e+01,7.5282e+01,7.5433e+01,7.5437e+01,7.5649e+01
7.9995e+01,7.9665e+01,7.9551e+01,7.9338e+01,7.9191e+01,7.9094e+01,7.9089e+01,7.9068e+01,7.9165e+01,7.9280e+01,7.9346e+01,7.9503e+01,7.9367e+01,7.9295e+01,7.9351e+01,7.9224e+01,7.9173e+01,7.8771e+01,7.8467e+01,7.8268e+01,7.7673e+01,7.7160e+01,7.6793e+01,7.6313e+01,7.5934e+01,7.5499e+01,7.5012e+01,7.4540e+01,7.3997e+01,7.3522e+01,7.2974e+01,7.2351e+01,7.1572e+01,7.0888e+01,7.0131e+01,6.9509e+01,6.8937e+01,6.8626e+01,6.8368e+01,6.8310e+01,6.8366e+01,6.8384e+01,6.8475e+01,6.8580e+01,6.8673e+01,6.8737e+01,6.8831e+01,6.8809e+01,6.8652e+01,6.8711e+01,6.8655e+01,6.8654e+01,6.8659e+01,6.8584e+01,6.8577e+01,6.8794e+01,6.9035e+01,6.9337e+01,6.9738e+01,7.0133e+01,7.0725e+01,7.1394e+01,7.2107e+01,7.2757e+01,7.3513e+01,7.4010e+01,7.4243e+01,7.4703e+01,7.4816e+01,7.4898e+01,7.4983e+01,7.5074e+01,7.5229e+01,7.5235e+01,7.5452e+01
7.9881e+01,7.9550e+01,7.9434e+01,7.9220e+01,7.9074e+01,7.8975e+01,7.8971e+01,7.8951e+01,7.9048e+01,7.9164e+01,7.9230e+01,7.9388e+01,7.9254e+01,7.9182e+01,7.9239e+01,7.9115e+01,7.9065e+01,7.8669e+01,7.8370e+01,7.8175e+01,7.7584e+01,7.7075e+01,7.6713e+01,7.6235e+01,7.5860e+01,7.5428e+01,7.4941e+01,7.4472e+01,7.3928e+01,7.3452e+01,7.2903e+01,7.2279e+01,7.1498e+01,7.0815e+01,7.0053e+01,6.9433e+01,6.8856e+01,6.8547e+01,6.8286e+01,6.8227e+01,6.8282e+01,6.8299e+01,6.8386e+01,6.8490e+01,6.8580e+01,6.8645e+01,6.8742e+01,6.8721e+01,6.8565e+01,6.8630e+01,6.8575e+01,6.8573e+01,6.8580e+01,6.8498e+01,6.8490e+01,6.8706e+01,6.8949e+01,6.9252e+01,6.9654e+01,7.0050e+01,7.0641e+01,7.1310e+01,7.2022e+01,7.2669e+01,7.3423e+01,7.3919e+01,7.4148e+01,7.4607e+01,7.4714e+01,7.4794e+01,7.4871e+01,7.4958e+01,7.5113e+01,7.5123e+01,7.5341e+01
7.9707e+01,7.9377e+01,7.9261e+01,7.9048e+01,7.8900e+01,7.8801e+01,7.8796e+01,7.8777e+01,7.8875e+01,7.8992e+01,7.9057e+01,7.9216e+01,7.9085e+01,7.9014e+01,7.9073e+01,7.8951e+01,7.8903e+01,7.8509e+01,7.8211e+01,7.8018e+01,7.7428e+01,7.6924e+01,7.6564e+01,7.6087e+01,7.5711e+01,7.5278e+01,7.4790e+01,7.4323e+01,7.3777e+01,7.3296e+01,7.2744e+01,7.2121e+01,7.1340e+01,7.0659e+01,6.9894e+01,6.9275e+01,6.8693e+01,6.8385e+01,6.8122e+01,6.8061e+01,6.8112e+01,6.8128e+01,6.8210e+01,6.8315e+01,6.8398e+01,6.8465e+01,6.8563e+01,6.8541e+01,6.8380e+01,6.8443e+01,6.8386e+01,6.8380e+01,6.8383e+01,6.8294e+01,6.8280e+01,6.8491e+01,6.8732e+01,6.9034e+01,6.9440e+01,6.9833e+01,7.0427e+01,7.1097e+01,7.1808e+01,7.2453e+01,7.3205e+01,7.3698e+01,7.3921e+01,7.4377e+01,7.4481e+01,7.4559e+01,7.4632e+01,7.4716e+01,7.4874e+01,7.4888e+01,7.5109e+01
7.9445e+01,7.9116e+01,7.9000e+01,7.8786e+01,7.8636e+01,7.8537e+01,7.8531e+01,7.8513e+01,7.8610e+01,7.8728e+01,7.8793e+01,7.8952e+01,7.8826e+01,7.8758e+01,7.8818e+01,7.8698e+01,7.8652e+01,7.8262e+01,7.7969e+01,7.7780e+01,7.7194e+01,7.6691e+01,7.6333e+01,7.5859e+01,7.5489e+01,7.5059e+01,7.4571e+01,7.4106e+01,7.3563e+01,7.3082e+01,7.2526e+01,7.1902e+01,7.1118e+01,7.0439e+01,6.9669e+01,6.9053e+01,6.8468e+01,6.8160e+01,6.7896e+01,6.7835e+01,6.7884e+01,6.7895e+01,6.7975e+01,6.8077e+01,6.8157e+01,6.8223e+01,6.8326e+01,6.8303e+01,6.8141e+01,6.8206e+01,6.8146e+01,6.8137e+01,6.8141e+01,6.8049e+01,6.8032e+01,6.8240e+01,6.8480e+01,6.8785e+01,6.9192e+01,6.9585e+01,7.0182e+01,7.0856e+01,7.1567e+01,7.2212e+01,7.2964e+01,7.3456e+01,7.3679e+01,7.4135e+01,7.4237e+01,7.4314e+01,7.4383e+01,7.4464e+01,7.4624e+01,7.4642e+01,7.4864e+01
7.9119e+01,7.8790e+01,7.8672e+01,7.8456e+01,7.8305e+01,7.8203e+01,7.8197e+01,7.8181e+01,7.8277e+01,7.8398e+01,7.8462e+01,7.8622e+01,7.8499e+01,7.8432e+01,7.8490e+01,7.8373e+01,7.8327e+01,7.7942e+01,7.7654e+01,7.7467e+01,7.6880e+01,7.6377e+01,7.6017e+01,7.5542e+01,7.5171e+01,7.4741e+01,7.4253e+01,7.3789e+01,7.3248e+01,7.2766e+01,7.2207e+01,7.1581e+01,7.0799e+01,7.0121e+01,6.9345e+01,6.8728e+01,6.8139e+01,6.7830e+01,6.7569e+01,6.7507e+01,6.7556e+01,6.7568e+01,6.7645e+01,6.7750e+01,6.7827e+01,6.7898e+01,6.8006e+01,6.7982e+01,6.7816e+01,6.7885e+01,6.7823e+01,6.7811e+01,6.7813e+01,6.7719e+01,6.7696e+01,6.7900e+01,6.8140e+01,6.8450e+01,6.8858e+01,6.9254e+01,6.9857e+01,7.0532e+01,7.1245e+01,7.1893e+01,7.2649e+01,7.3141e+01,7.3364e+01,7.3819e+01,7.3919e+01,7.3995e+01,7.4059e+01,7.4137e+01,7.4299e+01,7.4321e+01,7.4546e+01
7.8738e+01,7.8410e+01,7.8290e+01,7.8072e+01,7.7919e+01,7.7814e+01,7.7805e+01,7.7787e+01,7.7884e+01,7.8005e+01,7.8072e+01,7.8234e+01,7.8117e+01,7.8054e+01,7.8114e+01,7.8000e+01,7.7960e+01,7.7578e+01,7.7294e+01,7.7111e+01,7.6526e+01,7.6024e+01,7.5664e+01,7.5186e+01,7.4814e+01,7.4385e+01,7.3900e+01,7.3442e+01,7.2904e+01,7.2421e+01,7.1861e+01,7.1230e+01,7.0444e+01,6.9767e+01,6.8986e+01,6.8366e+01,6.7774e+01,6.7461e+01,6.7195e+01,6.7129e+01,6.7171e+01,6.7177e+01,6.7251e+01,6.7350e+01,6.7421e+01,6.7493e+01,6.7601e+01,6.7572e+01,6.7403e+01,6.7469e+01,6.7405e+01,6.7391e+01,6.7391e+01,6.7295e+01,6.7265e+01,6.7466e+01,6.7703e+01,6.8011e+01,6.8420e+01,6.8815e+01,6.9421e+01,7.0099e+01,7.0816e+01,7.1465e+01,7.2223e+01,7.2715e+01,7.2939e+01,7.3398e+01,7.3498e+01,7.3575e+01,7.3643e+01,7.3723e+01,7.3888e+01,7.3913e+01,7.4139e+01
7.8266e+01,7.7936e+01,7.7814e+01,7.7592e+01,7.7437e+01,7.7330e+01,7.7318e+01,7.7299e+01,7.7395e+01,7.7516e+01,7.7584e+01,7.7746e+01,7.7632e+01,7.7572e+01,7.7633e+01,7.7520e+01,7.7485e+01,7.7103e+01,7.6819e+01,7.6636e+01,7.6047e+01,7.5540e+01,7.5177e+01,7.4695e+01,7.4321e+01,7.3891e+01,7.3407e+01,7.2948e+01,7.2408e+01,7.1922e+01,7.1360e+01,7.0723e+01,6.9931e+01,6.9250e+01,6.8467e+01,6.7844e+01,6.7250e+01,6.6932e+01,6.6665e+01,6.6594e+01,6.6636e+01,6.6640e+01,6.6712e+01,6.6811e+01,6.6881e+01,6.6957e+01,6.7064e+01,6.7033e+01,6.6863e+01,6.6923e+01,6.6860e+01,6.6849e+01,6.6851e+01,6.6761e+01,6.6729e+01,6.6931e+01,6.7166e+01,6.7476e+01,6.7888e+01,6.8281e+01,6.8892e+01,6.9573e+01,7.0298e+01,7.0950e+01,7.1716e+01,7.2211e+01,7.2436e+01,7.2896e+01,7.2995e+01,7.3070e+01,7.3141e+01,7.3219e+01,7.3387e+01,7.3415e+01,7.3645e+01
7.8011e+01,7.7680e+01,7.7555e+01,7.7333e+01,7.7178e+01,7.7070e+01,7.7058e+01,7.7039e+01,7.7134e+01,7.7256e+01,7.7321e+01,7.7482e+01,7.7368e+01,7.7309e+01,7.7370e+01,7.7254e+01,7.7218e+01,7.6834e+01,7.6547e+01,7.6360e+01,7.5765e+01,7.5253e+01,7.4888e+01,7.4406e+01,7.4033e+01,7.3599e+01,7.3113e+01,7.2651e+01,7.2108e+01,7.1621e+01,7.1056e+01,7.0415e+01,6.9623e+01,6.8942e+01,6.8159e+01,6.7536e+01,6.6939e+01,6.6620e+01,6.6350e+01,6.6278e+01,6.6321e+01,6.6325e+01,6.6395e+01,6.6494e+01,6.6567e+01,6.6643e+01,6.6752e+01,6.6721e+01,6.6549e+01,6.6602e+01,6.6538e+01,6.6528e+01,6.6530e+01,6.6441e+01,6.6408e+01,6.6610e+01,6.6839e+01,6.7145e+01,6.7555e+01,6.7947e+01,6.8555e+01,6.9236e+01,6.9961e+01,7.0613e+01,7.1379e+01,7.1874e+01,7.2101e+01,7.2560e+01,7.2662e+01,7.2740e+01,7.2814e+01,7.2895e+01,7.3065e+01,7.3098e+01,7.3331e+01
7.7672e+01,7.7340e+01,7.7215e+01,7.6991e+01,7.6835e+01,7.6725e+01,7.6712e+01,7.6694e+01,7.6787e+01,7.6911e+01,7.6978e+01,7.7143e+01,7.7034e+01,7.6977e+01,7.7038e+01,7.6925e+01,7.6894e+01,7.6512e+01,7.6229e+01,7.6048e+01,7.5454e+01,7.4938e+01,7.4570e+01,7.4089e+01,7.3719e+01,7.3284e+01,7.2801e+01,7.2340e+01,7.1800e+01,7.1315e+01,7.0747e+01,7.0101e+01,6.9308e+01,6.8628e+01,6.7847e+01,6.7221e+01,6.6625e+01,6.6300e+01,6.6029e+01,6.5953e+01,6.5989e+01,6.5990e+01,6.6054e+01,6.6150e+01,6.6221e+01,6.6303e+01,6.6416e+01,6.6380e+01,6.6205e+01,6.6253e+01,6.6185e+01,6.6171e+01,6.6172e+01,6.6085e+01,6.6048e+01,6.6248e+01,6.6477e+01,6.6782e+01,6.7192e+01,6.7582e+01,6.8193e+01,6.8875e+01,6.9603e+01,7.0254e+01,7.1022e+01,7.1517e+01,7.1741e+01,7.2198e+01,7.2296e+01,7.2370e+01,7.2444e+01,7.2526e+01,7.2701e+01,7.2738e+01,7.2974e+01
7.6949e+01,7.6615e+01,7.6486e+01,7.6260e+01,7.6105e+01,7.5993e+01,7.5977e+01,7.5958e+01,7.6051e+01,7.6177e+01,7.6242e+01,7.6408e+01,7.6300e+01,7.6247e+01,7.6311e+01,7.6201e+01,7.6171e+01,7.5789e+01,7.5506e+01,7.5327e+01,7.4726e+01,7.4201e+01,7.3826e+01,7.3338e+01,7.2966e+01,7.2529e+01,7.2043e+01,7.1580e+01,7.1041e+01,7.0553e+01,6.9983e+01,6.9330e+01,6.8526e+01,6.7838e+01,6.7048e+01,6.6420e+01,6.5821e+01,6.5494e+01,6.5221e+01,6.5141e+01,6.5175e+01,6.5175e+01,6.5239e+01,6.5333e+01,6.5406e+01,6.5493e+01,6.5608e+01,6.5574e+01,6.5396e+01,6.5439e+01,6.5372e+01,6.5358e+01,6.5359e+01,6.5272e+01,6.5234e+01,6.5437e+01,6.5664e+01,6.5970e+01,6.6387e+01,6.6777e+01,6.7397e+01,6.8087e+01,6.8823e+01,6.9478e+01,7.0256e+01,7.0751e+01,7.0978e+01,7.1438e+01,7.1536e+01,7.1607e+01,7.1682e+01,7.1760e+01,7.1937e+01,7.1979e+01,7.2222e+01
7.6308e+01,7.5974e+01,7.5845e+01,7.5616e+01,7.5457e+01,7.5342e+01,7.5321e+01,7.5302e+01,7.5395e+01,7.5523e+01,7.5588e+01,7.5754e+01,7.5649e+01,7.5597e+01,7.5664e+01,7.5556e+01,7.5530e+01,7.5150e+01,7.4868e+01,7.4691e+01,7.4089e+01,7.3564e+01,7.3187e+01,7.2700e+01,7.2328e+01,7.1891e+01,7.1406e+01,7.0944e+01,7.0406e+01,6.9915e+01,6.9342e+01,6.8684e+01,6.7871e+01,6.7176e+01,6.6377e+01,6.5747e+01,6.5143e+01,6.4815e+01,6.4540e+01,6.4456e+01,6.4489e+01,6.4485e+01,6.4547e+01,6.4640e+01,6.4713e+01,6.4802e+01,6.4922e+01,6.4884e+01,6.4698e+01,6.4742e+01,6.4672e+01,6.4653e+01,6.4650e+01,6.4561e+01,6.4523e+01,6.4727e+01,6.4956e+01,6.5266e+01,6.5690e+01,6.6084e+01,6.6714e+01,6.7415e+01,6.8160e+01,6.8821e+01,6.9610e+01,7.0110e+01,7.0343e+01,7.0810e+01,7.0912e+01,7.0984e+01,7.1062e+01,7.1141e+01,7.1322e+01,7.1371e+01,7.1621e+01
7.5751e+01,7.5418e+01,7.5288e+01,7.5059e+01,7.4901e+01,7.4783e+01,7.4761e+01,7.4740e+01,7.4830e+01,7.4961e+01,7.5024e+01,7.5192e+01,7.5087e+01,7.5035e+01,7.5103e+01,7.4996e+01,7.4968e+01,7.4586e+01,7.4304e+01,7.4125e+01,7.3517e+01,7.2988e+01,7.2608e+01,7.2116e+01,7.1743e+01,7.1304e+01,7.0816e+01,7.0354e+01,6.9817e+01,6.9324e+01,6.8744e+01,6.8083e+01,6.7258e+01,6.6559e+01,6.5753e+01,6.5119e+01,6.4512e+01,6.4182e+01,6.3906e+01,6.3819e+01,6.3849e+01,6.3842e+01,6.3907e+01,6.4002e+01,6.4078e+01,6.4169e+01,6.4291e+01,6.4254e+01,6.4062e+01,6.4105e+01,6.4034e+01,6.4013e+01,6.4006e+01,6.3916e+01,6.3879e+01,6.4085e+01,6.4311e+01,6.4620e+01,6.5048e+01,6.5443e+01,6.6079e+01,6.6787e+01,6.7536e+01,6.8199e+01,6.8997e+01,6.9495e+01,6.9735e+01,7.0208e+01,7.0313e+01,7.0384e+01,7.0463e+01,7.0540e+01,7.0720e+01,7.0773e+01,7.1028e+01
7.5249e+01,7.4917e+01,7.4789e+01,7.4557e+01,7.4399e+01,7.4277e+01,7.4251e+01,7.4230e+01,7.4320e+01,7.4452e+01,7.4514e+01,7.4682e+01,7.4578e+01,7.4526e+01,7.4595e+01,7.4489e+01,7.4465e+01,7.4081e+01,7.3798e+01,7.3619e+01,7.3006e+01,7.2472e+01,7.2089e+01,7.1594e+01,7.1218e+01,7.0777e+01,7.0287e+01,6.9825e+01,6.9288e+01,6.8792e+01,6.8208e+01,6.7542e+01,6.6709e+01,6.6002e+01,6.5193e+01,6.4556e+01,6.3947e+01,6.3616e+01,6.3337e+01,6.3247e+01,6.3278e+01,6.3272e+01,6.3338e+01,6.3437e+01,6.3515e+01,6.3614e+01,6.3739e+01,6.3702e+01,6.3504e+01,6.3546e+01,6.3475e+01,6.3448e+01,6.3436e+01,6.3347e+01,6.3310e+01,6.3517e+01,6.3745e+01,6.4058e+01,6.4495e+01,6.4892e+01,6.5537e+01,6.6256e+01,6.7013e+01,6.7680e+01,6.8488e+01,6.8988e+01,6.9232e+01,6.9709e+01,6.9817e+01,6.9888e+01,6.9970e+01,7.0047e+01,7.0232e+01,7.0292e+01,7.0555e+01
7.4647e+01,7.4315e+01,7.4187e+01,7.3951e+01,7.3788e+01,7.3662e+01,7.3631e+01,7.3606e+01,7.3691e+01,7.3822e+01,7.3880e+01,7.4047e+01,7.3946e+01,7.3897e+01,7.3970e+01,7.3865e+01,7.3845e+01,7.3461e+01,7.3179e+01,7.3001e+01,7.2382e+01,7.1846e+01,7.1461e+01,7.0964e+01,7.0589e+01,7.0145e+01,6.9654e+01,6.9190e+01,6.8652e+01,6.8154e+01,6.7567e+01,6.6899e+01,6.6057e+01,6.5344e+01,6.4530e+01,6.3892e+01,6.3280e+01,6.2945e+01,6.2667e+01,6.2573e+01,6.2601e+01,6.2596e+01,6.2664e+01,6.2767e+01,6.2845e+01,6.2948e+01,6.3078e+01,6.3045e+01,6.2845e+01,6.2887e+01,6.2816e+01,6.2788e+01,6.2774e+01,6.2687e+01,6.2652e+01,6.2858e+01,6.3084e+01,6.3397e+01,6.3835e+01,6.4232e+01,6.4888e+01,6.5619e+01,6.6383e+01,6.7058e+01,6.7877e+01,6.8381e+01,6.8631e+01,6.9117e+01,6.9231e+01,6.9306e+01,6.9394e+01,6.9471e+01,6.9659e+01,6.9725e+01,6.9995e+01
7.4203e+01,7.3871e+01,7.3745e+01,7.3508e+01,7.3343e+01,7.3213e+01,7.3177e+01,7.3147e+01,7.3226e+01,7.3356e+01,7.3408e+01,7.3571e+01,7.3469e+01,7.3420e+01,7.3493e+01,7.3385e+01,7.3368e+01,7.2979e+01,7.2697e+01,7.2517e+01,7.1891e+01,7.1347e+01,7.0955e+01,7.0454e+01,7.0080e+01,6.9634e+01,6.9138e+01,6.8672e+01,6.8138e+01,6.7639e+01,6.7044e+01,6.6370e+01,6.5521e+01,6.4805e+01,6.3986e+01,6.3348e+01,6.2739e+01,6.2404e+01,6.2126e+01,6.2028e+01,6.2052e+01,6.2048e+01,6.2122e+01,6.2226e+01,6.2307e+01,6.2417e+01,6.2550e+01,6.2519e+01,6.2313e+01,6.2347e+01,6.2270e+01,6.2233e+01,6.2211e+01,6.2122e+01,6.2086e+01,6.2290e+01,6.2521e+01,6.2840e+01,6.3289e+01,6.3692e+01,6.4361e+01,6.5107e+01,6.5883e+01,6.6568e+01,6.7402e+01,6.7918e+01,6.8175e+01,6.8670e+01,6.8792e+01,6.8871e+01,6.8966e+01,6.9043e+01,6.9235e+01,6.9305e+01,6.9580e+01
7.3864e+01,7.3531e+01,7.3408e+01,7.3168e+01,7.3000e+01,7.2867e+01,7.2828e+01,7.2795e+01,7.2870e+01,7.3002e+01,7.3052e+01,7.3215e+01,7.3114e+01,7.3068e+01,7.3143e+01,7.3035e+01,7.3022e+01,7.2635e+01,7.2355e+01,7.2175e+01,7.1549e+01,7.1004e+01,7.0609e+01,7.0107e+01,6.9732e+01,6.9285e+01,6.8784e+01,6.8315e+01,6.7786e+01,6.7287e+01,6.6686e+01,6.6011e+01,6.5154e+01,6.4435e+01,6.3613e+01,6.2977e+01,6.2368e+01,6.2027e+01,6.1748e+01,6.1643e+01,6.1661e+01,6.1658e+01,6.1729e+01,6.1835e+01,6.1915e+01,6.2027e+01,6.2161e+01,6.2132e+01,6.1927e+01,6.1964e+01,6.1889e+01,6.1846e+01,6.1821e+01,6.1737e+01,6.1707e+01,6.1911e+01,6.2142e+01,6.2468e+01,6.2920e+01,6.3328e+01,6.4005e+01,6.4762e+01,6.5546e+01,6.6236e+01,6.7079e+01,6.7599e+01,6.7859e+01,6.8355e+01,6.8482e+01,6.8563e+01,6.8664e+01,6.8745e+01,6.8938e+01,6.9010e+01,6.9290e+01
7.3360e+01,7.3026e+01,7.2903e+01,7.2660e+01,7.2489e+01,7.2353e+01,7.2308e+01,7.2267e+01,7.2336e+01,7.2465e+01,7.2509e+01,7.2669e+01,7.2564e+01,7.2520e+01,7.2595e+01,7.2484e+01,7.2478e+01,7.2086e+01,7.1808e+01,7.1626e+01,7.0993e+01,7.0443e+01,7.0042e+01,6.9532e+01,6.9155e+01,6.8704e+01,6.8199e+01,6.7725e+01,6.7199e+01,6.6694e+01,6.6086e+01,6.5402e+01,6.4537e+01,6.3813e+01,6.2985e+01,6.2346e+01,6.1738e+01,6.1390e+01,6.1107e+01,6.0995e+01,6.1008e+01,6.1008e+01,6.1079e+01,6.1190e+01,6.1275e+01,6.1395e+01,6.1538e+01,6.1516e+01,6.1309e+01,6.1341e+01,6.1266e+01,6.1216e+01,6.1187e+01,6.1104e+01,6.1078e+01,6.1280e+01,6.1517e+01,6.1852e+01,6.2318e+01,6.2736e+01,6.3433e+01,6.4212e+01,6.5012e+01,6.5717e+01,6.6576e+01,6.7106e+01,6.7375e+01,6.7881e+01,6.8017e+01,6.8106e+01,6.8216e+01,6.8301e+01,6.8502e+01,6.8575e+01,6.8856e+01
7.2977e+01,7.2645e+01,7.2527e+01,7.2283e+01,7.2110e+01,7.1975e+01,7.1929e+01,7.1882e+01,7.1948e+01,7.2077e+01,7.2115e+01,7.2274e+01,7.2164e+01,7.2117e+01,7.2195e+01,7.2081e+01,7.2075e+01,7.1680e+01,7.1400e+01,7.1214e+01,7.0575e+01,7.0021e+01,6.9618e+01,6.9104e+01,6.8724e+01,6.8268e+01,6.7754e+01,6.7274e+01,6.6748e+01,6.6240e+01,6.5626e+01,6.4938e+01,6.4063e+01,6.3331e+01,6.2492e+01,6.1852e+01,6.1242e+01,6.0892e+01,6.0609e+01,6.0495e+01,6.0509e+01,6.0512e+01,6.0591e+01,6.0707e+01,6.0797e+01,6.0922e+01,6.1071e+01,6.1052e+01,6.0836e+01,6.0866e+01,6.0792e+01,6.0736e+01,6.0708e+01,6.0623e+01,6.0601e+01,6.0802e+01,6.1045e+01,6.1388e+01,6.1866e+01,6.2298e+01,6.3009e+01,6.3807e+01,6.4623e+01,6.5337e+01,6.6210e+01,6.6755e+01,6.7027e+01,6.7544e+01,6.7684e+01,6.7776e+01,6.7893e+01,6.7980e+01,6.8180e+01,6.8256e+01,6.8538e+01
7.2542e+01,7.2211e+01,7.2095e+01,7.1851e+01,7.1676e+01,7.1542e+01,7.1495e+01,7.1439e+01,7.1499e+01,7.1625e+01,7.1658e+01,7.1813e+01,7.1698e+01,7.1652e+01,7.1730e+01,7.1615e+01,7.1611e+01,7.1210e+01,7.0925e+01,7.0732e+01,7.0086e+01,6.9527e+01,6.9121e+01,6.8603e+01,6.8220e+01,6.7757e+01,6.7238e+01,6.6752e+01,6.6225e+01,6.5709e+01,6.5085e+01,6.4388e+01,6.3497e+01,6.2755e+01,6.1904e+01,6.1260e+01,6.0646e+01,6.0290e+01,6.0006e+01,5.9889e+01,5.9900e+01,5.9904e+01,5.9983e+01,6.0103e+01,6.0197e+01,6.0326e+01,6.0480e+01,6.0463e+01,6.0236e+01,6.0262e+01,6.0185e+01,6.0119e+01,6.0085e+01,5.9992e+01,5.9966e+01,6.0162e+01,6.0404e+01,6.0757e+01,6.1250e+01,6.1695e+01,6.2426e+01,6.3250e+01,6.4086e+01,6.4816e+01,6.5709e+01,6.6269e+01,6.6550e+01,6.7081e+01,6.7230e+01,6.7330e+01,6.7458e+01,6.7552e+01,6.7756e+01,6.7831e+01,6.8114e+01
7.2094e+01,7.1762e+01,7.1648e+01,7.1402e+01,7.1226e+01,7.1090e+01,7.1042e+01,7.0978e+01,7.1035e+01,7.1158e+01,7.1183e+01,7.1337e+01,7.1216e+01,7.1169e+01,7.1248e+01,7.1128e+01,7.1125e+01,7.0722e+01,7.0433e+01,7.0239e+01,6.9591e+01,6.9032e+01,6.8623e+01,6.8102e+01,6.7717e+01,6.7250e+01,6.6727e+01,6.6241e+01,6.5712e+01,6.5191e+01,6.4564e+01,6.3860e+01,6.2957e+01,6.2212e+01,6.1352e+01,6.0702e+01,6.0085e+01,5.9723e+01,5.9438e+01,5.9316e+01,5.9319e+01,5.9325e+01,5.9405e+01,5.9525e+01,5.9622e+01,5.9760e+01,5.9921e+01,5.9912e+01,5.9681e+01,5.9702e+01,5.9620e+01,5.9548e+01,5.9510e+01,5.9418e+01,5.9395e+01,5.9591e+01,5.9841e+01,6.0204e+01,6.0718e+01,6.1178e+01,6.1928e+01,6.2775e+01,6.3629e+01,6.4371e+01,6.5282e+01,6.5850e+01,6.6143e+01,6.6685e+01,6.6844e+01,6.6949e+01,6.7083e+01,6.7182e+01,6.7388e+01,6.7463e+01,6.7746e+01
7.1900e+01,7.1569e+01,7.1459e+01,7.1213e+01,7.1037e+01,7.0903e+01,7.0856e+01,7.0789e+01,7.0843e+01,7.0966e+01,7.0989e+01,7.1145e+01,7.1018e+01,7.0969e+01,7.1052e+01,7.0932e+01,7.0927e+01,7.0521e+01,7.0228e+01,7.0030e+01,6.9376e+01,6.8815e+01,6.8402e+01,6.7879e+01,6.7489e+01,6.7015e+01,6.6490e+01,6.5999e+01,6.5466e+01,6.4938e+01,6.4305e+01,6.3591e+01,6.2677e+01,6.1928e+01,6.1061e+01,6.0408e+01,5.9790e+01,5.9427e+01,5.9141e+01,5.9024e+01,5.9030e+01,5.9042e+01,5.9129e+01,5.9253e+01,5.9363e+01,5.9503e+01,5.9672e+01,5.9667e+01,5.9432e+01,5.9449e+01,5.9363e+01,5.9286e+01,5.9252e+01,5.9163e+01,5.9145e+01,5.9343e+01,5.9600e+01,5.9972e+01,6.0494e+01,6.0965e+01,6.1731e+01,6.2597e+01,6.3465e+01,6.4213e+01,6.5136e+01,6.5710e+01,6.6006e+01,6.6554e+01,6.6717e+01,6.6824e+01,6.6962e+01,6.7062e+01,6.7270e+01,6.7344e+01,6.7627e+01
7.1486e+01,7.1157e+01,7.1047e+01,7.0800e+01,7.0622e+01,7.0488e+01,7.0441e+01,7.0365e+01,7.0414e+01,7.0532e+01,7.0550e+01,7.0701e+01,7.0567e+01,7.0517e+01,7.0601e+01,7.0477e+01,7.0473e+01,7.0064e+01,6.9765e+01,6.9563e+01,6.8907e+01,6.8344e+01,6.7930e+01,6.7405e+01,6.7011e+01,6.6535e+01,6.6008e+01,6.5518e+01,6.4986e+01,6.4453e+01,6.3813e+01,6.3094e+01,6.2172e+01,6.1423e+01,6.0550e+01,5.9894e+01,5.9269e+01,5.8898e+01,5.8614e+01,5.8492e+01,5.8494e+01,5.8504e+01,5.8588e+01,5.8716e+01,5.8828e+01,5.8971e+01,5.9147e+01,5.9145e+01,5.8905e+01,5.8921e+01,5.8834e+01,5.8751e+01,5.8719e+01,5.8626e+01,5.8608e+01,5.8804e+01,5.9064e+01,5.9443e+01,5.9981e+01,6.0467e+01,6.1252e+01,6.2140e+01,6.3024e+01,6.3783e+01,6.4718e+01,6.5298e+01,6.5597e+01,6.6152e+01,6.6319e+01,6.6427e+01,6.6572e+01,6.6677e+01,6.6890e+01,6.6967e+01,6.7254e+01
7.1134e+01,7.0805e+01,7.0695e+01,7.0447e+01,7.0266e+01,7.0132e+01,7.0086e+01,7.0004e+01,7.0049e+01,7.0165e+01,7.0179e+01,7.0328e+01,7.0190e+01,7.0140e+01,7.0229e+01,7.0105e+01,7.0099e+01,6.9684e+01,6.9382e+01,6.9177e+01,6.8515e+01,6.7949e+01,6.7536e+01,6.7008e+01,6.6610e+01,6.6132e+01,6.5604e+01,6.5111e+01,6.4580e+01,6.4039e+01,6.3387e+01,6.2660e+01,6.1730e+01,6.0976e+01,6.0093e+01,5.9430e+01,5.8796e+01,5.8412e+01,5.8129e+01,5.8003e+01,5.8005e+01,5.8021e+01,5.8104e+01,5.8236e+01,5.8359e+01,5.8506e+01,5.8689e+01,5.8690e+01,5.8446e+01,5.8465e+01,5.8379e+01,5.8293e+01,5.8267e+01,5.8170e+01,5.8156e+01,5.8349e+01,5.8612e+01,5.9001e+01,5.9549e+01,6.0043e+01,6.0841e+01,6.1742e+01,6.2640e+01,6.3408e+01,6.4355e+01,6.4941e+01,6.5236e+01,6.5795e+01,6.5964e+01,6.6074e+01,6.6221e+01,6.6331e+01,6.6544e+01,6.6621e+01,6.6911e+01
7.0946e+01,7.0619e+01,7.0511e+01,7.0262e+01,7.0077e+01,6.9945e+01,6.9899e+01,6.9812e+01,6.9852e+01,6.9965e+01,6.9972e+01,7.0116e+01,6.9971e+01,6.9922e+01,7.0012e+01,6.9885e+01,6.9877e+01,6.9459e+01,6.9156e+01,6.8952e+01,6.8287e+01,6.7725e+01,6.7315e+01,6.6786e+01,6.6386e+01,6.5910e+01,6.5385e+01,6.4891e+01,6.4361e+01,6.3818e+01,6.3162e+01,6.2436e+01,6.1505e+01,6.0755e+01,5.9867e+01,5.9205e+01,5.8567e+01,5.8177e+01,5.7899e+01,5.7770e+01,5.7771e+01,5.7793e+01,5.7872e+01,5.8009e+01,5.8138e+01,5.8290e+01,5.8485e+01,5.8491e+01,5.8244e+01,5.8261e+01,5.8172e+01,5.8080e+01,5.8055e+01,5.7953e+01,5.7939e+01,5.8130e+01,5.8400e+01,5.8797e+01,5.9353e+01,5.9858e+01,6.0670e+01,6.1583e+01,6.2492e+01,6.3266e+01,6.4222e+01,6.4811e+01,6.5105e+01,6.5666e+01,6.5834e+01,6.5944e+01,6.6093e+01,6.6206e+01,6.6419e+01,6.6498e+01,6.6790e+01
7.0477e+01,7.0150e+01,7.0040e+01,6.9794e+01,6.9612e+01,6.9481e+01,6.9438e+01,6.9345e+01,6.9384e+01,6.9492e+01,6.9496e+01,6.9635e+01,6.9487e+01,6.9437e+01,6.9527e+01,6.9394e+01,6.9385e+01,6.8964e+01,6.8657e+01,6.8449e+01,6.7778e+01,6.7215e+01,6.6800e+01,6.6270e+01,6.5863e+01,6.5386e+01,6.4860e+01,6.4364e+01,6.3832e+01,6.3281e+01,6.2618e+01,6.1890e+01,6.0945e+01,6.0185e+01,5.9281e+01,5.8615e+01,5.7966e+01,5.7570e+01,5.7295e+01,5.7165e+01,5.7173e+01,5.7201e+01,5.7282e+01,5.7428e+01,5.7559e+01,5.7715e+01,5.7918e+01,5.7934e+01,5.7686e+01,5.7702e+01,5.7609e+01,5.7506e+01,5.7478e+01,5.7368e+01,5.7356e+01,5.7547e+01,5.7822e+01,5.8230e+01,5.8797e+01,5.9307e+01,6.0130e+01,6.1050e+01,6.1965e+01,6.2744e+01,6.3706e+01,6.4301e+01,6.4595e+01,6.5162e+01,6.5330e+01,6.5441e+01,6.5591e+01,6.5705e+01,6.5920e+01,6.6000e+01,6.6295e+01
7.0339e+01,7.0014e+01,6.9905e+01,6.9659e+01,6.9475e+01,6.9343e+01,6.9296e+01,6.9201e+01,6.9236e+01,6.9339e+01,6.9339e+01,6.9472e+01,6.9319e+01,6.9270e+01,6.9358e+01,6.9222e+01,6.9210e+01,6.8788e+01,6.8480e+01,6.8273e+01,6.7602e+01,6.7044e+01,6.6628e+01,6.6096e+01,6.5687e+01,6.5213e+01,6.4691e+01,6.4191e+01,6.3664e+01,6.3113e+01,6.2448e+01,6.1723e+01,6.0777e+01,6.0020e+01,5.9112e+01,5.8445e+01,5.7791e+01,5.7387e+01,5.7113e+01,5.6978e+01,5.6984e+01,5.7015e+01,5.7091e+01,5.7241e+01,5.7372e+01,5.7534e+01,5.7751e+01,5.7774e+01,5.7523e+01,5.7533e+01,5.7432e+01,5.7317e+01,5.7283e+01,5.7168e+01,5.7155e+01,5.7340e+01,5.7620e+01,5.8036e+01,5.8611e+01,5.9132e+01,5.9966e+01,6.0892e+01,6.1815e+01,6.2597e+01,6.3564e+01,6.4164e+01,6.4456e+01,6.5024e+01,6.5191e+01,6.5305e+01,6.5456e+01,6.5570e+01,6.5784e+01,6.5864e+01,6.6161e+01
6.9848e+01,6.9522e+01,6.9413e+01,6.9172e+01,6.8993e+01,6.8860e+01,6.8817e+01,6.8720e+01,6.8756e+01,6.8857e+01,6.8859e+01,6.8991e+01,6.8839e+01,6.8787e+01,6.8874e+01,6.8738e+01,6.8731e+01,6.8305e+01,6.7994e+01,6.7787e+01,6.7111e+01,6.6552e+01,6.6130e+01,6.5596e+01,6.5181e+01,6.4704e+01,6.4175e+01,6.3673e+01,6.3141e+01,6.2583e+01,6.1914e+01,6.1189e+01,6.0224e+01,5.9454e+01,5.8531e+01,5.7855e+01,5.7190e+01,5.6778e+01,5.6503e+01,5.6369e+01,5.6383e+01,5.6422e+01,5.6503e+01,5.6664e+01,5.6794e+01,5.6963e+01,5.7185e+01,5.7216e+01,5.6967e+01,5.6974e+01,5.6872e+01,5.6758e+01,5.6728e+01,5.6615e+01,5.6608e+01,5.6804e+01,5.7087e+01,5.7516e+01,5.8099e+01,5.8628e+01,5.9474e+01,6.0403e+01,6.1332e+01,6.2120e+01,6.3095e+01,6.3700e+01,6.3994e+01,6.4569e+01,6.4734e+01,6.4849e+01,6.5001e+01,6.5114e+01,6.5326e+01,6.5406e+01,6.5705e+01
6.9497e+01,6.9172e+01,6.9063e+01,6.8827e+01,6.8653e+01,6.8522e+01,6.8479e+01,6.8383e+01,6.8421e+01,6.8524e+01,6.8527e+01,6.8659e+01,6.8506e+01,6.8450e+01,6.8538e+01,6.8407e+01,6.8400e+01,6.7969e+01,6.7653e+01,6.7444e+01,6.6763e+01,6.6199e+01,6.5774e+01,6.5236e+01,6.4817e+01,6.4340e+01,6.3802e+01,6.3296e+01,6.2760e+01,6.2195e+01,6.1521e+01,6.0793e+01,5.9812e+01,5.9032e+01,5.8096e+01,5.7408e+01,5.6729e+01,5.6304e+01,5.6022e+01,5.5884e+01,5.5904e+01,5.5942e+01,5.6024e+01,5.6185e+01,5.6311e+01,5.6482e+01,5.6702e+01,5.6741e+01,5.6493e+01,5.6501e+01,5.6405e+01,5.6295e+01,5.6275e+01,5.6166e+01,5.6160e+01,5.6363e+01,5.6652e+01,5.7089e+01,5.7682e+01,5.8217e+01,5.9070e+01,6.0002e+01,6.0935e+01,6.1737e+01,6.2717e+01,6.3331e+01,6.3631e+01,6.4217e+01,6.4384e+01,6.4504e+01,6.4658e+01,6.4777e+01,6.4987e+01,6.5067e+01,6.5365e+01
6.8994e+01,6.8669e+01,6.8560e+01,6.8324e+01,6.8151e+01,6.8019e+01,6.7977e+01,6.7877e+01,6.7912e+01,6.8012e+01,6.8013e+01,6.8140e+01,6.7983e+01,6.7929e+01,6.8017e+01,6.7886e+01,6.7881e+01,6.7444e+01,6.7125e+01,6.6910e+01,6.6223e+01,6.5656e+01,6.5229e+01,6.4688e+01,6.4261e+01,6.3783e+01,6.3243e+01,6.2737e+01,6.2195e+01,6.1627e+01,6.0949e+01,6.0223e+01,5.9234e+01,5.8442e+01,5.7494e+01,5.6793e+01,5.6112e+01,5.5676e+01,5.5394e+01,5.5257e+01,5.5280e+01,5.5321e+01,5.5407e+01,5.5570e+01,5.5694e+01,5.5866e+01,5.6081e+01,5.6122e+01,5.5869e+01,5.5877e+01,5.5773e+01,5.5667e+01,5.5649e+01,5.5547e+01,5.5542e+01,5.5750e+01,5.6038e+01,5.6487e+01,5.7089e+01,5.7631e+01,5.8492e+01,5.9428e+01,6.0368e+01,6.1182e+01,6.2172e+01,6.2794e+01,6.3095e+01,6.3691e+01,6.3859e+01,6.3980e+01,6.4137e+01,6.4258e+01,6.4468e+01,6.4546e+01,6.4847e+01
6.8593e+01,6.8266e+01,6.8153e+01,6.7916e+01,6.7747e+01,6.7614e+01,6.7573e+01,6.7470e+01,6.7504e+01,6.7600e+01,6.7600e+01,6.7724e+01,6.7566e+01,6.7515e+01,6.7603e+01,6.7471e+01,6.7465e+01,6.7023e+01,6.6699e+01,6.6479e+01,6.5787e+01,6.5214e+01,6.4786e+01,6.4244e+01,6.3815e+01,6.3337e+01,6.2798e+01,6.2293e+01,6.1750e+01,6.1177e+01,6.0490e+01,5.9763e+01,5.8763e+01,5.7961e+01,5.7005e+01,5.6286e+01,5.5596e+01,5.5145e+01,5.4859e+01,5.4721e+01,5.4747e+01,5.4787e+01,5.4874e+01,5.5039e+01,5.5168e+01,5.5345e+01,5.5563e+01,5.5612e+01,5.5357e+01,5.5362e+01,5.5258e+01,5.5158e+01,5.5151e+01,5.5056e+01,5.5041e+01,5.5250e+01,5.5535e+01,5.5994e+01,5.6604e+01,5.7156e+01,5.8022e+01,5.8962e+01,5.9903e+01,6.0727e+01,6.1717e+01,6.2335e+01,6.2631e+01,6.3232e+01,6.3399e+01,6.3520e+01,6.3677e+01,6.3798e+01,6.4010e+01,6.4089e+01,6.4394e+01
6.8315e+01,6.7986e+01,6.7875e+01,6.7635e+01,6.7467e+01,6.7334e+01,6.7289e+01,6.7182e+01,6.7212e+01,6.7306e+01,6.7304e+01,6.7423e+01,6.7263e+01,6.7214e+01,6.7302e+01,6.7167e+01,6.7161e+01,6.6718e+01,6.6395e+01,6.6171e+01,6.5475e+01,6.4902e+01,6.4471e+01,6.3923e+01,6.3488e+01,6.3007e+01,6.2467e+01,6.1965e+01,6.1417e+01,6.0838e+01,6.0143e+01,5.9416e+01,5.8406e+01,5.7598e+01,5.6638e+01,5.5919e+01,5.5228e+01,5.4775e+01,5.4491e+01,5.4354e+01,5.4385e+01,5.4423e+01,5.4511e+01,5.4676e+01,5.4801e+01,5.4977e+01,5.5193e+01,5.5243e+01,5.4986e+01,5.4979e+01,5.4868e+01,5.4760e+01,5.4746e+01,5.4651e+01,5.4631e+01,5.4842e+01,5.5122e+01,5.5583e+01,5.6197e+01,5.6757e+01,5.7628e+01,5.8568e+01,5.9513e+01,6.0340e+01,6.1329e+01,6.1948e+01,6.2247e+01,6.2852e+01,6.3020e+01,6.3143e+01,6.3300e+01,6.3421e+01,6.3631e+01,6.3707e+01,6.4012e+01
6.7928e+01,6.7598e+01,6.7486e+01,6.7251e+01,6.7089e+01,6.6958e+01,6.6917e+01,6.6808e+01,6.6838e+01,6.6929e+01,6.6927e+01,6.7045e+01,6.6879e+01,6.6826e+01,6.6911e+01,6.6773e+01,6.6766e+01,6.6317e+01,6.5989e+01,6.5765e+01,6.5063e+01,6.4488e+01,6.4057e+01,6.3507e+01,6.3071e+01,6.2589e+01,6.2044e+01,6.1538e+01,6.0987e+01,6.0398e+01,5.9692e+01,5.8961e+01,5.7940e+01,5.7126e+01,5.6157e+01,5.5429e+01,5.4727e+01,5.4262e+01,5.3974e+01,5.3840e+01,5.3877e+01,5.3921e+01,5.4016e+01,5.4189e+01,5.4320e+01,5.4501e+01,5.4715e+01,5.4778e+01,5.4530e+01,5.4524e+01,5.4419e+01,5.4324e+01,5.4318e+01,5.4234e+01,5.4219e+01,5.4441e+01,5.4724e+01,5.5189e+01,5.5808e+01,5.6380e+01,5.7255e+01,5.8192e+01,5.9141e+01,5.9969e+01,6.0962e+01,6.1581e+01,6.1874e+01,6.2483e+01,6.2641e+01,6.2763e+01,6.2911e+01,6.3030e+01,6.3236e+01,6.3313e+01,6.3623e+01
6.7632e+01,6.7300e+01,6.7188e+01,6.6957e+01,6.6797e+01,6.6667e+01,6.6631e+01,6.6524e+01,6.6559e+01,6.6652e+01,6.6657e+01,6.6778e+01,6.6612e+01,6.6560e+01,6.6650e+01,6.6513e+01,6.6510e+01,6.6058e+01,6.5727e+01,6.5504e+01,6.4803e+01,6.4230e+01,6.3799e+01,6.3251e+01,6.2817e+01,6.2338e+01,6.1792e+01,6.1284e+01,6.0735e+01,6.0143e+01,5.9430e+01,5.8701e+01,5.7674e+01,5.6855e+01,5.5880e+01,5.5141e+01,5.4434e+01,5.3957e+01,5.3662e+01,5.3527e+01,5.3568e+01,5.3616e+01,5.3709e+01,5.3884e+01,5.4017e+01,5.4199e+01,5.4418e+01,5.4488e+01,5.4252e+01,5.4242e+01,5.4132e+01,5.4044e+01,5.4040e+01,5.3960e+01,5.3946e+01,5.4169e+01,5.4453e+01,5.4925e+01,5.5555e+01,5.6135e+01,5.7014e+01,5.7945e+01,5.8897e+01,5.9728e+01,6.0722e+01,6.1337e+01,6.1623e+01,6.2232e+01,6.2383e+01,6.2504e+01,6.2652e+01,6.2774e+01,6.2976e+01,6.3049e+01,6.3356e+01
6.7402e+01,6.7068e+01,6.6957e+01,6.6728e+01,6.6573e+01,6.6443e+01,6.6410e+01,6.6303e+01,6.6340e+01,6.6430e+01,6.6436e+01,6.6555e+01,6.6388e+01,6.6333e+01,6.6423e+01,6.6287e+01,6.6285e+01,6.5833e+01,6.5503e+01,6.5284e+01,6.4586e+01,6.4020e+01,6.3595e+01,6.3046e+01,6.2609e+01,6.2130e+01,6.1578e+01,6.1068e+01,6.0517e+01,5.9917e+01,5.9197e+01,5.8466e+01,5.7436e+01,5.6617e+01,5.5637e+01,5.4887e+01,5.4172e+01,5.3687e+01,5.3396e+01,5.3267e+01,5.3319e+01,5.3382e+01,5.3484e+01,5.3669e+01,5.3812e+01,5.4000e+01,5.4222e+01,5.4298e+01,5.4066e+01,5.4053e+01,5.3943e+01,5.3854e+01,5.3847e+01,5.3772e+01,5.3756e+01,5.3982e+01,5.4269e+01,5.4741e+01,5.5371e+01,5.5954e+01,5.6831e+01,5.7752e+01,5.8705e+01,5.9537e+01,6.0529e+01,6.1146e+01,6.1427e+01,6.2036e+01,6.2179e+01,6.2297e+01,6.2442e+01,6.2564e+01,6.2763e+01,6.2836e+01,6.3142e+01
6.7089e+01,6.6752e+01,6.6639e+01,6.6412e+01,6.6259e+01,6.6133e+01,6.6103e+01,6.5995e+01,6.6030e+01,6.6118e+01,6.6126e+01,6.6246e+01,6.6079e+01,6.6023e+01,6.6117e+01,6.5982e+01,6.5981e+01,6.5528e+01,6.5202e+01,6.4986e+01,6.4292e+01,6.3724e+01,6.3303e+01,6.2761e+01,6.2331e+01,6.1862e+01,6.1312e+01,6.0804e+01,6.0256e+01,5.9654e+01,5.8934e+01,5.8208e+01,5.7167e+01,5.6339e+01,5.5348e+01,5.4586e+01,5.3867e+01,5.3376e+01,5.3086e+01,5.2956e+01,5.3008e+01,5.3078e+01,5.3176e+01,5.3366e+01,5.3503e+01,5.3686e+01,5.3909e+01,5.3992e+01,5.3772e+01,5.3758e+01,5.3652e+01,5.3568e+01,5.3562e+01,5.3490e+01,5.3474e+01,5.3706e+01,5.4000e+01,5.4474e+01,5.5109e+01,5.5691e+01,5.6567e+01,5.7472e+01,5.8421e+01,5.9258e+01,6.0251e+01,6.0868e+01,6.1142e+01,6.1750e+01,6.1884e+01,6.2001e+01,6.2144e+01,6.2265e+01,6.2466e+01,6.2539e+01,6.2843e+01
6.6876e+01,6.6537e+01,6.6419e+01,6.6193e+01,6.6042e+01,6.5920e+01,6.5893e+01,6.5786e+01,6.5822e+01,6.5914e+01,6.5924e+01,6.6049e+01,6.5882e+01,6.5826e+01,6.5923e+01,6.5789e+01,6.5785e+01,6.5332e+01,6.5004e+01,6.4789e+01,6.4093e+01,6.3522e+01,6.3099e+01,6.2557e+01,6.2129e+01,6.1659e+01,6.1109e+01,6.0601e+01,6.0049e+01,5.9447e+01,5.8723e+01,5.7998e+01,5.6938e+01,5.6093e+01,5.5091e+01,5.4320e+01,5.3599e+01,5.3113e+01,5.2823e+01,5.2693e+01,5.2750e+01,5.2820e+01,5.2926e+01,5.3117e+01,5.3249e+01,5.3436e+01,5.3657e+01,5.3738e+01,5.3516e+01,5.3498e+01,5.3392e+01,5.3302e+01,5.3291e+01,5.3221e+01,5.3211e+01,5.3453e+01,5.3757e+01,5.4244e+01,5.4884e+01,5.5480e+01,5.6359e+01,5.7256e+01,5.8205e+01,5.9047e+01,6.0042e+01,6.0661e+01,6.0933e+01,6.1542e+01,6.1672e+01,6.1789e+01,6.1930e+01,6.2050e+01,6.2251e+01,6.2319e+01,6.2622e+01
6.6676e+01,6.6335e+01,6.6211e+01,6.5988e+01,6.5843e+01,6.5727e+01,6.5706e+01,6.5599e+01,6.5635e+01,6.5726e+01,6.5738e+01,6.5866e+01,6.5699e+01,6.5641e+01,6.5742e+01,6.5610e+01,6.5603e+01,6.5152e+01,6.4825e+01,6.4615e+01,6.3921e+01,6.3353e+01,6.2932e+01,6.2395e+01,6.1974e+01,6.1504e+01,6.0958e+01,6.0452e+01,5.9894e+01,5.9295e+01,5.8574e+01,5.7858e+01,5.6791e+01,5.5941e+01,5.4930e+01,5.4151e+01,5.3426e+01,5.2938e+01,5.2644e+01,5.2511e+01,5.2573e+01,5.2651e+01,5.2762e+01,5.2955e+01,5.3087e+01,5.3278e+01,5.3502e+01,5.3593e+01,5.3383e+01,5.3363e+01,5.3261e+01,5.3173e+01,5.3163e+01,5.3102e+01,5.3101e+01,5.3358e+01,5.3674e+01,5.4164e+01,5.4804e+01,5.5401e+01,5.6276e+01,5.7152e+01,5.8094e+01,5.8933e+01,5.9924e+01,6.0542e+01,6.0803e+01,6.1408e+01,6.1524e+01,6.1637e+01,6.1772e+01,6.1887e+01,6.2089e+01,6.2154e+01,6.2457e+01
6.6620e+01,6.6279e+01,6.6151e+01,6.5930e+01,6.5787e+01,6.5674e+01,6.5656e+01,6.5553e+01,6.5595e+01,6.5689e+01,6.5703e+01,6.5834e+01,6.5666e+01,6.5606e+01,6.5705e+01,6.5572e+01,6.5562e+01,6.5110e+01,6.4782e+01,6.4576e+01,6.3887e+01,6.3325e+01,6.2902e+01,6.2367e+01,6.1951e+01,6.1478e+01,6.0931e+01,6.0422e+01,5.9862e+01,5.9267e+01,5.8544e+01,5.7832e+01,5.6754e+01,5.5899e+01,5.4888e+01,5.4110e+01,5.3394e+01,5.2905e+01,5.2605e+01,5.2462e+01,5.2514e+01,5.2584e+01,5.2691e+01,5.2879e+01,5.3007e+01,5.3216e+01,5.3443e+01,5.3534e+01,5.3319e+01,5.3293e+01,5.3192e+01,5.3100e+01,5.3085e+01,5.3031e+01,5.3048e+01,5.3316e+01,5.3652e+01,5.4152e+01,5.4791e+01,5.5401e+01,5.6277e+01,5.7146e+01,5.8089e+01,5.8930e+01,5.9918e+01,6.0539e+01,6.0803e+01,6.1406e+01,6.1521e+01,6.1629e+01,6.1761e+01,6.1872e+01,6.2071e+01,6.2137e+01,6.2439e+01
6.6659e+01,6.6317e+01,6.6188e+01,6.5972e+01,6.5835e+01,6.5723e+01,6.5707e+01,6.5606e+01,6.5655e+01,6.5752e+01,6.5768e+01,6.5901e+01,6.5731e+01,6.5666e+01,6.5762e+01,6.5627e+01,6.5610e+01,6.5154e+01,6.4822e+01,6.4614e+01,6.3923e+01,6.3362e+01,6.2935e+01,6.2397e+01,6.1975e+01,6.1492e+01,6.0941e+01,6.0427e+01,5.9862e+01,5.9267e+01,5.8540e+01,5.7822e+01,5.6744e+01,5.5886e+01,5.4875e+01,5.4095e+01,5.3386e+01,5.2895e+01,5.2598e+01,5.2455e+01,5.2502e+01,5.2566e+01,5.2676e+01,5.2861e+01,5.2990e+01,5.3214e+01,5.3444e+01,5.3529e+01,5.3310e+01,5.3284e+01,5.3192e+01,5.3090e+01,5.3070e+01,5.3016e+01,5.3039e+01,5.3310e+01,5.3660e+01,5.4161e+01,5.4799e+01,5.5417e+01,5.6287e+01,5.7155e+01,5.8096e+01,5.8940e+01,5.9928e+01,6.0551e+01,6.0824e+01,6.1431e+01,6.1554e+01,6.1658e+01,6.1791e+01,6.1899e+01,6.2093e+01,6.2156e+01,6.2456e+01
6.6750e+01,6.6411e+01,6.6283e+01,6.6071e+01,6.5935e+01,6.5825e+01,6.5811e+01,6.5710e+01,6.5759e+01,6.5857e+01,6.5875e+01,6.6011e+01,6.5843e+01,6.5776e+01,6.5871e+01,6.5735e+01,6.5718e+01,6.5263e+01,6.4932e+01,6.4726e+01,6.4038e+01,6.3480e+01,6.3053e+01,6.2518e+01,6.2101e+01,6.1616e+01,6.1070e+01,6.0559e+01,5.9993e+01,5.9405e+01,5.8684e+01,5.7973e+01,5.6899e+01,5.6045e+01,5.5042e+01,5.4267e+01,5.3567e+01,5.3082e+01,5.2791e+01,5.2653e+01,5.2694e+01,5.2752e+01,5.2863e+01,5.3040e+01,5.3163e+01,5.3394e+01,5.3620e+01,5.3698e+01,5.3482e+01,5.3459e+01,5.3381e+01,5.3274e+01,5.3249e+01,5.3194e+01,5.3228e+01,5.3505e+01,5.3875e+01,5.4380e+01,5.5015e+01,5.5646e+01,5.6507e+01,5.7369e+01,5.8303e+01,5.9145e+01,6.0125e+01,6.0748e+01,6.1027e+01,6.1635e+01,6.1762e+01,6.1863e+01,6.1993e+01,6.2099e+01,6.2290e+01,6.2354e+01,6.2651e+01
6.6851e+01,6.6510e+01,6.6377e+01,6.6168e+01,6.6039e+01,6.5932e+01,6.5921e+01,6.5822e+01,6.5875e+01,6.5973e+01,6.5993e+01,6.6132e+01,6.5965e+01,6.5897e+01,6.5985e+01,6.5846e+01,6.5826e+01,6.5374e+01,6.5049e+01,6.4851e+01,6.4172e+01,6.3624e+01,6.3200e+01,6.2669e+01,6.2254e+01,6.1766e+01,6.1220e+01,6.0707e+01,6.0140e+01,5.9554e+01,5.8832e+01,5.8123e+01,5.7050e+01,5.6201e+01,5.5200e+01,5.4430e+01,5.3743e+01,5.3261e+01,5.2966e+01,5.2821e+01,5.2853e+01,5.2906e+01,5.3015e+01,5.3186e+01,5.3302e+01,5.3543e+01,5.3772e+01,5.3844e+01,5.3627e+01,5.3606e+01,5.3540e+01,5.3433e+01,5.3413e+01,5.3369e+01,5.3414e+01,5.3698e+01,5.4081e+01,5.4579e+01,5.5202e+01,5.5820e+01,5.6663e+01,5.7509e+01,5.8433e+01,5.9268e+01,6.0240e+01,6.0860e+01,6.1134e+01,6.1734e+01,6.1858e+01,6.1953e+01,6.2080e+01,6.2183e+01,6.2372e+01,6.2436e+01,6.2735e+01
6.7123e+01,6.6782e+01,6.6648e+01,6.6442e+01,6.6316e+01,6.6211e+01,6.6200e+01,6.6103e+01,6.6157e+01,6.6257e+01,6.6281e+01,6.6425e+01,6.6263e+01,6.6196e+01,6.6284e+01,6.6147e+01,6.6125e+01,6.5679e+01,6.5360e+01,6.5169e+01,6.4498e+01,6.3960e+01,6.3539e+01,6.3016e+01,6.2610e+01,6.2126e+01,6.1588e+01,6.1079e+01,6.0509e+01,5.9934e+01,5.9221e+01,5.8522e+01,5.7460e+01,5.6621e+01,5.5634e+01,5.4869e+01,5.4196e+01,5.3723e+01,5.3432e+01,5.3291e+01,5.3320e+01,5.3372e+01,5.3493e+01,5.3663e+01,5.3779e+01,5.4025e+01,5.4251e+01,5.4314e+01,5.4102e+01,5.4092e+01,5.4041e+01,5.3934e+01,5.3919e+01,5.3878e+01,5.3931e+01,5.4214e+01,5.4605e+01,5.5094e+01,5.5704e+01,5.6318e+01,5.7142e+01,5.7971e+01,5.8877e+01,5.9703e+01,6.0660e+01,6.1275e+01,6.1545e+01,6.2138e+01,6.2261e+01,6.2352e+01,6.2474e+01,6.2572e+01,6.2758e+01,6.2822e+01,6.3119e+01
6.7154e+01,6.6813e+01,6.6677e+01,6.6474e+01,6.6350e+01,6.6245e+01,6.6234e+01,6.6141e+01,6.6201e+01,6.6299e+01,6.6325e+01,6.6471e+01,6.6310e+01,6.6240e+01,6.6325e+01,6.6185e+01,6.6159e+01,6.5716e+01,6.5401e+01,6.5214e+01,6.4550e+01,6.4015e+01,6.3595e+01,6.3072e+01,6.2663e+01,6.2176e+01,6.1636e+01,6.1129e+01,6.0562e+01,5.9993e+01,5.9281e+01,5.8589e+01,5.7535e+01,5.6704e+01,5.5725e+01,5.4969e+01,5.4304e+01,5.3837e+01,5.3544e+01,5.3400e+01,5.3414e+01,5.3464e+01,5.3584e+01,5.3748e+01,5.3872e+01,5.4123e+01,5.4351e+01,5.4410e+01,5.4203e+01,5.4203e+01,5.4160e+01,5.4053e+01,5.4044e+01,5.4022e+01,5.4086e+01,5.4374e+01,5.4772e+01,5.5259e+01,5.5863e+01,5.6472e+01,5.7281e+01,5.8102e+01,5.9003e+01,5.9820e+01,6.0773e+01,6.1382e+01,6.1646e+01,6.2227e+01,6.2349e+01,6.2432e+01,6.2550e+01,6.2646e+01,6.2828e+01,6.2888e+01,6.3182e+01
6.7241e+01,6.6901e+01,6.6763e+01,6.6558e+01,6.6434e+01,6.6330e+01,6.6320e+01,6.6229e+01,6.6291e+01,6.6390e+01,6.6417e+01,6.6563e+01,6.6404e+01,6.6330e+01,6.6413e+01,6.6272e+01,6.6243e+01,6.5800e+01,6.5484e+01,6.5294e+01,6.4635e+01,6.4102e+01,6.3684e+01,6.3159e+01,6.2750e+01,6.2264e+01,6.1722e+01,6.1217e+01,6.0648e+01,6.0076e+01,5.9362e+01,5.8661e+01,5.7612e+01,5.6783e+01,5.5811e+01,5.5059e+01,5.4404e+01,5.3931e+01,5.3622e+01,5.3474e+01,5.3471e+01,5.3520e+01,5.3637e+01,5.3801e+01,5.3925e+01,5.4170e+01,5.4399e+01,5.4468e+01,5.4270e+01,5.4272e+01,5.4230e+01,5.4121e+01,5.4115e+01,5.4109e+01,5.4192e+01,5.4490e+01,5.4893e+01,5.5379e+01,5.5978e+01,5.6579e+01,5.7379e+01,5.8188e+01,5.9081e+01,5.9889e+01,6.0836e+01,6.1439e+01,6.1696e+01,6.2269e+01,6.2383e+01,6.2458e+01,6.2569e+01,6.2663e+01,6.2844e+01,6.2905e+01,6.3203e+01
6.7299e+01,6.6961e+01,6.6823e+01,6.6616e+01,6.6489e+01,6.6385e+01,6.6369e+01,6.6280e+01,6.6341e+01,6.6440e+01,6.6468e+01,6.6617e+01,6.6459e+01,6.6388e+01,6.6471e+01,6.6333e+01,6.6306e+01,6.5866e+01,6.5550e+01,6.5363e+01,6.4709e+01,6.4184e+01,6.3772e+01,6.3251e+01,6.2847e+01,6.2362e+01,6.1823e+01,6.1324e+01,6.0757e+01,6.0184e+01,5.9467e+01,5.8761e+01,5.7715e+01,5.6887e+01,5.5919e+01,5.5169e+01,5.4519e+01,5.4040e+01,5.3721e+01,5.3571e+01,5.3564e+01,5.3614e+01,5.3725e+01,5.3889e+01,5.4007e+01,5.4252e+01,5.4487e+01,5.4569e+01,5.4372e+01,5.4376e+01,5.4332e+01,5.4225e+01,5.4219e+01,5.4224e+01,5.4308e+01,5.4611e+01,5.5014e+01,5.5504e+01,5.6097e+01,5.6693e+01,5.7495e+01,5.8305e+01,5.9195e+01,5.9995e+01,6.0936e+01,6.1530e+01,6.1783e+01,6.2353e+01,6.2458e+01,6.2531e+01,6.2638e+01,6.2735e+01,6.2915e+01,6.2978e+01,6.3278e+01
6.7468e+01,6.7129e+01,6.6988e+01,6.6780e+01,6.6656e+01,6.6550e+01,6.6531e+01,6.6438e+01,6.6497e+01,6.6592e+01,6.6620e+01,6.6765e+01,6.6611e+01,6.6539e+01,6.6622e+01,6.6484e+01,6.6457e+01,6.6017e+01,6.5701e+01,6.5511e+01,6.4864e+01,6.4338e+01,6.3928e+01,6.3407e+01,6.2999e+01,6.2516e+01,6.1981e+01,6.1496e+01,6.0934e+01,6.0365e+01,5.9657e+01,5.8953e+01,5.7919e+01,5.7099e+01,5.6137e+01,5.5392e+01,5.4747e+01,5.4268e+01,5.3940e+01,5.3788e+01,5.3776e+01,5.3828e+01,5.3941e+01,5.4118e+01,5.4241e+01,5.4482e+01,5.4733e+01,5.4837e+01,5.4646e+01,5.4649e+01,5.4610e+01,5.4507e+01,5.4495e+01,5.4509e+01,5.4602e+01,5.4914e+01,5.5316e+01,5.5809e+01,5.6393e+01,5.6985e+01,5.7784e+01,5.8587e+01,5.9472e+01,6.0263e+01,6.1194e+01,6.1782e+01,6.2033e+01,6.2597e+01,6.2697e+01,6.2765e+01,6.2870e+01,6.2966e+01,6.3145e+01,6.3209e+01,6.3509e+01
6.7703e+01,6.7366e+01,6.7226e+01,6.7017e+01,6.6892e+01,6.6786e+01,6.6764e+01,6.6669e+01,6.6724e+01,6.6816e+01,6.6842e+01,6.6985e+01,6.6831e+01,6.6762e+01,6.6844e+01,6.6708e+01,6.6679e+01,6.6241e+01,6.5927e+01,6.5741e+01,6.5096e+01,6.4575e+01,6.4170e+01,6.3649e+01,6.3240e+01,6.2756e+01,6.2227e+01,6.1744e+01,6.1184e+01,6.0613e+01,5.9904e+01,5.9201e+01,5.8181e+01,5.7369e+01,5.6424e+01,5.5688e+01,5.5055e+01,5.4580e+01,5.4249e+01,5.4095e+01,5.4072e+01,5.4118e+01,5.4225e+01,5.4396e+01,5.4508e+01,5.4726e+01,5.4971e+01,5.5088e+01,5.4905e+01,5.4910e+01,5.4875e+01,5.4778e+01,5.4774e+01,5.4798e+01,5.4898e+01,5.5214e+01,5.5620e+01,5.6114e+01,5.6690e+01,5.7277e+01,5.8079e+01,5.8877e+01,5.9757e+01,6.0540e+01,6.1463e+01,6.2043e+01,6.2290e+01,6.2847e+01,6.2940e+01,6.3003e+01,6.3104e+01,6.3199e+01,6.3376e+01,6.3441e+01,6.3742e+01
6.7772e+01,6.7435e+01,6.7293e+01,6.7084e+01,6.6964e+01,6.6861e+01,6.6841e+01,6.6747e+01,6.6803e+01,6.6897e+01,6.6919e+01,6.7061e+01,6.6907e+01,6.6840e+01,6.6921e+01,6.6785e+01,6.6758e+01,6.6324e+01,6.6012e+01,6.5831e+01,6.5193e+01,6.4677e+01,6.4279e+01,6.3759e+01,6.3358e+01,6.2873e+01,6.2346e+01,6.1857e+01,6.1288e+01,6.0715e+01,6.0008e+01,5.9301e+01,5.8289e+01,5.7478e+01,5.6543e+01,5.5817e+01,5.5192e+01,5.4721e+01,5.4379e+01,5.4216e+01,5.4180e+01,5.4221e+01,5.4330e+01,5.4498e+01,5.4614e+01,5.4822e+01,5.5066e+01,5.5201e+01,5.5026e+01,5.5032e+01,5.4991e+01,5.4891e+01,5.4894e+01,5.4916e+01,5.5022e+01,5.5337e+01,5.5752e+01,5.6234e+01,5.6807e+01,5.7396e+01,5.8192e+01,5.8986e+01,5.9866e+01,6.0643e+01,6.1563e+01,6.2142e+01,6.2393e+01,6.2950e+01,6.3043e+01,6.3107e+01,6.3211e+01,6.3308e+01,6.3482e+01,6.3543e+01,6.3840e+01
6.7905e+01,6.7572e+01,6.7432e+01,6.7221e+01,6.7102e+01,6.7000e+01,6.6980e+01,6.6886e+01,6.6942e+01,6.7034e+01,6.7059e+01,6.7202e+01,6.7052e+01,6.6988e+01,6.7071e+01,6.6941e+01,6.6917e+01,6.6488e+01,6.6176e+01,6.6001e+01,6.5372e+01,6.4863e+01,6.4468e+01,6.3956e+01,6.3563e+01,6.3077e+01,6.2553e+01,6.2061e+01,6.1490e+01,6.0918e+01,6.0214e+01,5.9505e+01,5.8496e+01,5.7688e+01,5.6754e+01,5.6028e+01,5.5401e+01,5.4921e+01,5.4564e+01,5.4385e+01,5.4339e+01,5.4376e+01,5.4470e+01,5.4633e+01,5.4741e+01,5.4936e+01,5.5167e+01,5.5306e+01,5.5123e+01,5.5123e+01,5.5069e+01,5.4965e+01,5.4974e+01,5.4986e+01,5.5097e+01,5.5405e+01,5.5828e+01,5.6300e+01,5.6874e+01,5.7462e+01,5.8252e+01,5.9049e+01,5.9928e+01,6.0701e+01,6.1620e+01,6.2200e+01,6.2454e+01,6.3009e+01,6.3104e+01,6.3167e+01,6.3277e+01,6.3376e+01,6.3551e+01,6.3612e+01,6.3909e+01
6.8072e+01,6.7736e+01,6.7593e+01,6.7383e+01,6.7266e+01,6.7169e+01,6.7152e+01,6.7063e+01,6.7123e+01,6.7216e+01,6.7240e+01,6.7386e+01,6.7235e+01,6.7173e+01,6.7255e+01,6.7126e+01,6.7103e+01,6.6676e+01,6.6365e+01,6.6193e+01,6.5571e+01,6.5060e+01,6.4670e+01,6.4160e+01,6.3777e+01,6.3289e+01,6.2761e+01,6.2266e+01,6.1694e+01,6.1126e+01,6.0423e+01,5.9713e+01,5.8708e+01,5.7903e+01,5.6985e+01,5.6268e+01,5.5646e+01,5.5166e+01,5.4799e+01,5.4620e+01,5.4570e+01,5.4607e+01,5.4713e+01,5.4881e+01,5.4993e+01,5.5186e+01,5.5400e+01,5.5535e+01,5.5352e+01,5.5355e+01,5.5297e+01,5.5197e+01,5.5221e+01,5.5230e+01,5.5347e+01,5.5656e+01,5.6086e+01,5.6549e+01,5.7119e+01,5.7702e+01,5.8486e+01,5.9278e+01,6.0152e+01,6.0922e+01,6.1831e+01,6.2411e+01,6.2665e+01,6.3220e+01,6.3311e+01,6.3377e+01,6.3489e+01,6.3589e+01,6.3760e+01,6.3820e+01,6.4113e+01
6.8241e+01,6.7907e+01,6.7762e+01,6.7554e+01,6.7439e+01,6.7344e+01,6.7327e+01,6.7241e+01,6.7305e+01,6.7397e+01,6.7423e+01,6.7570e+01,6.7421e+01,6.7357e+01,6.7441e+01,6.7315e+01,6.7294e+01,6.6868e+01,6.6559e+01,6.6388e+01,6.5775e+01,6.5264e+01,6.4880e+01,6.4378e+01,6.4003e+01,6.3518e+01,6.2994e+01,6.2501e+01,6.1931e+01,6.1369e+01,6.0668e+01,5.9958e+01,5.8949e+01,5.8145e+01,5.7228e+01,5.6517e+01,5.5897e+01,5.5415e+01,5.5049e+01,5.4872e+01,5.4828e+01,5.4866e+01,5.4973e+01,5.5145e+01,5.5256e+01,5.5439e+01,5.5654e+01,5.5787e+01,5.5607e+01,5.5622e+01,5.5565e+01,5.5473e+01,5.5502e+01,5.5510e+01,5.5620e+01,5.5926e+01,5.6349e+01,5.6800e+01,5.7367e+01,5.7938e+01,5.8712e+01,5.9497e+01,6.0357e+01,6.1117e+01,6.2017e+01,6.2594e+01,6.2842e+01,6.3390e+01,6.3478e+01,6.3545e+01,6.3655e+01,6.3755e+01,6.3927e+01,6.3989e+01,6.4282e+01
6.8215e+01,6.7882e+01,6.7740e+01,6.7537e+01,6.7422e+01,6.7330e+01,6.7315e+01,6.7234e+01,6.7302e+01,6.7397e+01,6.7431e+01,6.7585e+01,6.7443e+01,6.7377e+01,6.7466e+01,6.7348e+01,6.7331e+01,6.6908e+01,6.6600e+01,6.6432e+01,6.5824e+01,6.5312e+01,6.4928e+01,6.4433e+01,6.4063e+01,6.3578e+01,6.3057e+01,6.2566e+01,6.1990e+01,6.1430e+01,6.0738e+01,6.0030e+01,5.9019e+01,5.8217e+01,5.7300e+01,5.6595e+01,5.5976e+01,5.5495e+01,5.5128e+01,5.4960e+01,5.4921e+01,5.4965e+01,5.5070e+01,5.5238e+01,5.5350e+01,5.5527e+01,5.5741e+01,5.5883e+01,5.5709e+01,5.5729e+01,5.5673e+01,5.5589e+01,5.5622e+01,5.5636e+01,5.5749e+01,5.6057e+01,5.6474e+01,5.6916e+01,5.7480e+01,5.8038e+01,5.8803e+01,5.9574e+01,6.0423e+01,6.1176e+01,6.2069e+01,6.2643e+01,6.2887e+01,6.3427e+01,6.3505e+01,6.3569e+01,6.3677e+01,6.3772e+01,6.3939e+01,6.4003e+01,6.4289e+01
6.8506e+01,6.8173e+01,6.8031e+01,6.7832e+01,6.7719e+01,6.7631e+01,6.7618e+01,6.7539e+01,6.7610e+01,6.7704e+01,6.7742e+01,6.7899e+01,6.7756e+01,6.7688e+01,6.7772e+01,6.7655e+01,6.7635e+01,6.7213e+01,6.6907e+01,6.6735e+01,6.6131e+01,6.5620e+01,6.5235e+01,6.4749e+01,6.4380e+01,6.3903e+01,6.3389e+01,6.2908e+01,6.2334e+01,6.1779e+01,6.1100e+01,6.0408e+01,5.9408e+01,5.8620e+01,5.7711e+01,5.7017e+01,5.6410e+01,5.5935e+01,5.5579e+01,5.5418e+01,5.5388e+01,5.5441e+01,5.5549e+01,5.5714e+01,5.5826e+01,5.5996e+01,5.6209e+01,5.6352e+01,5.6174e+01,5.6205e+01,5.6148e+01,5.6070e+01,5.6108e+01,5.6124e+01,5.6240e+01,5.6544e+01,5.6953e+01,5.7389e+01,5.7943e+01,5.8485e+01,5.9239e+01,5.9994e+01,6.0829e+01,6.1574e+01,6.2453e+01,6.3023e+01,6.3268e+01,6.3800e+01,6.3874e+01,6.3936e+01,6.4042e+01,6.4135e+01,6.4298e+01,6.4366e+01,6.4645e+01
6.8499e+01,6.8167e+01,6.8024e+01,6.7828e+01,6.7716e+01,6.7629e+01,6.7617e+01,6.7543e+01,6.7618e+01,6.7714e+01,6.7759e+01,6.7919e+01,6.7784e+01,6.7718e+01,6.7806e+01,6.7697e+01,6.7678e+01,6.7260e+01,6.6955e+01,6.6783e+01,6.6185e+01,6.5676e+01,6.5294e+01,6.4811e+01,6.4443e+01,6.3966e+01,6.3457e+01,6.2982e+01,6.2411e+01,6.1857e+01,6.1179e+01,6.0492e+01,5.9490e+01,5.8707e+01,5.7799e+01,5.7112e+01,5.6503e+01,5.6032e+01,5.5681e+01,5.5529e+01,5.5506e+01,5.5569e+01,5.5676e+01,5.5846e+01,5.5958e+01,5.6125e+01,5.6338e+01,5.6482e+01,5.6306e+01,5.6334e+01,5.6271e+01,5.6193e+01,5.6226e+01,5.6240e+01,5.6355e+01,5.6659e+01,5.7061e+01,5.7493e+01,5.8042e+01,5.8581e+01,5.9324e+01,6.0070e+01,6.0895e+01,6.1629e+01,6.2500e+01,6.3064e+01,6.3295e+01,6.3815e+01,6.3874e+01,6.3932e+01,6.4033e+01,6.4122e+01,6.4283e+01,6.4354e+01,6.4628e+01
6.8387e+01,6.8054e+01,6.7909e+01,6.7719e+01,6.7612e+01,6.7530e+01,6.7522e+01,6.7455e+01,6.7537e+01,6.7634e+01,6.7688e+01,6.7853e+01,6.7722e+01,6.7656e+01,6.7747e+01,6.7643e+01,6.7628e+01,6.7215e+01,6.6915e+01,6.6749e+01,6.6155e+01,6.5649e+01,6.5270e+01,6.4785e+01,6.4415e+01,6.3933e+01,6.3423e+01,6.2949e+01,6.2375e+01,6.1821e+01,6.1145e+01,6.0457e+01,5.9452e+01,5.8666e+01,5.7756e+01,5.7073e+01,5.6460e+01,5.5993e+01,5.5640e+01,5.5495e+01,5.5474e+01,5.5536e+01,5.5644e+01,5.5822e+01,5.5925e+01,5.6090e+01,5.6301e+01,5.6437e+01,5.6258e+01,5.6283e+01,5.6220e+01,5.6151e+01,5.6185e+01,5.6201e+01,5.6319e+01,5.6623e+01,5.7020e+01,5.7449e+01,5.7999e+01,5.8537e+01,5.9277e+01,6.0017e+01,6.0838e+01,6.1568e+01,6.2435e+01,6.2993e+01,6.3216e+01,6.3727e+01,6.3777e+01,6.3836e+01,6.3929e+01,6.4017e+01,6.4175e+01,6.4245e+01,6.4518e+01
6.8464e+01,6.8130e+01,6.7985e+01,6.7798e+01,6.7690e+01,6.7609e+01,6.7601e+01,6.7537e+01,6.7621e+01,6.7717e+01,6.7776e+01,6.7940e+01,6.7814e+01,6.7751e+01,6.7843e+01,6.7745e+01,6.7728e+01,6.7322e+01,6.7020e+01,6.6857e+01,6.6268e+01,6.5765e+01,6.5390e+01,6.4909e+01,6.4542e+01,6.4065e+01,6.3564e+01,6.3098e+01,6.2528e+01,6.1968e+01,6.1298e+01,6.0614e+01,5.9611e+01,5.8831e+01,5.7922e+01,5.7246e+01,5.6635e+01,5.6169e+01,5.5827e+01,5.5696e+01,5.5691e+01,5.5765e+01,5.5880e+01,5.6063e+01,5.6160e+01,5.6315e+01,5.6526e+01,5.6664e+01,5.6500e+01,5.6526e+01,5.6465e+01,5.6400e+01,5.6432e+01,5.6450e+01,5.6566e+01,5.6867e+01,5.7259e+01,5.7685e+01,5.8236e+01,5.8771e+01,5.9504e+01,6.0239e+01,6.1053e+01,6.1771e+01,6.2632e+01,6.3186e+01,6.3399e+01,6.3901e+01,6.3940e+01,6.4000e+01,6.4086e+01,6.4170e+01,6.4322e+01,6.4396e+01,6.4667e+01
6.8774e+01,6.8440e+01,6.8295e+01,6.8111e+01,6.8001e+01,6.7921e+01,6.7911e+01,6.7846e+01,6.7932e+01,6.8027e+01,6.8086e+01,6.8250e+01,6.8128e+01,6.8067e+01,6.8159e+01,6.8064e+01,6.8044e+01,6.7643e+01,6.7344e+01,6.7182e+01,6.6602e+01,6.6104e+01,6.5729e+01,6.5254e+01,6.4889e+01,6.4421e+01,6.3930e+01,6.3474e+01,6.2912e+01,6.2350e+01,6.1681e+01,6.1001e+01,6.0003e+01,5.9231e+01,5.8326e+01,5.7660e+01,5.7055e+01,5.6596e+01,5.6266e+01,5.6150e+01,5.6159e+01,5.6242e+01,5.6365e+01,5.6551e+01,5.6649e+01,5.6799e+01,5.7010e+01,5.7149e+01,5.6993e+01,5.7019e+01,5.6957e+01,5.6893e+01,5.6918e+01,5.6934e+01,5.7049e+01,5.7349e+01,5.7738e+01,5.8164e+01,5.8714e+01,5.9246e+01,5.9971e+01,6.0701e+01,6.1503e+01,6.2215e+01,6.3069e+01,6.3621e+01,6.3828e+01,6.4326e+01,6.4361e+01,6.4422e+01,6.4503e+01,6.4584e+01,6.4735e+01,6.4814e+01,6.5085e+01
6.8831e+01,6.8498e+01,6.8353e+01,6.8172e+01,6.8062e+01,6.7982e+01,6.7970e+01,6.7909e+01,6.7995e+01,6.8089e+01,6.8153e+01,6.8316e+01,6.8198e+01,6.8142e+01,6.8236e+01,6.8144e+01,6.8126e+01,6.7730e+01,6.7432e+01,6.7271e+01,6.6693e+01,6.6195e+01,6.5820e+01,6.5348e+01,6.4988e+01,6.4528e+01,6.4046e+01,6.3595e+01,6.3039e+01,6.2477e+01,6.1812e+01,6.1131e+01,6.0140e+01,5.9373e+01,5.8475e+01,5.7816e+01,5.7217e+01,5.6756e+01,5.6433e+01,5.6317e+01,5.6334e+01,5.6415e+01,5.6535e+01,5.6719e+01,5.6813e+01,5.6956e+01,5.7172e+01,5.7314e+01,5.7172e+01,5.7207e+01,5.7149e+01,5.7088e+01,5.7116e+01,5.7134e+01,5.7246e+01,5.7542e+01,5.7926e+01,5.8345e+01,5.8890e+01,5.9410e+01,6.0124e+01,6.0846e+01,6.1638e+01,6.2336e+01,6.3184e+01,6.3727e+01,6.3918e+01,6.4402e+01,6.4426e+01,6.4484e+01,6.4556e+01,6.4632e+01,6.4781e+01,6.4864e+01,6.5135e+01
6.8734e+01,6.8401e+01,6.8259e+01,6.8075e+01,6.7966e+01,6.7884e+01,6.7872e+01,6.7811e+01,6.7897e+01,6.7990e+01,6.8056e+01,6.8220e+01,6.8104e+01,6.8048e+01,6.8144e+01,6.8051e+01,6.8033e+01,6.7634e+01,6.7335e+01,6.7170e+01,6.6588e+01,6.6088e+01,6.5708e+01,6.5239e+01,6.4882e+01,6.4429e+01,6.3952e+01,6.3503e+01,6.2949e+01,6.2389e+01,6.1735e+01,6.1056e+01,6.0070e+01,5.9307e+01,5.8414e+01,5.7754e+01,5.7157e+01,5.6693e+01,5.6369e+01,5.6244e+01,5.6258e+01,5.6328e+01,5.6439e+01,5.6619e+01,5.6709e+01,5.6847e+01,5.7064e+01,5.7214e+01,5.7072e+01,5.7120e+01,5.7070e+01,5.7011e+01,5.7038e+01,5.7053e+01,5.7158e+01,5.7446e+01,5.7819e+01,5.8232e+01,5.8767e+01,5.9278e+01,5.9988e+01,6.0702e+01,6.1487e+01,6.2179e+01,6.3026e+01,6.3564e+01,6.3745e+01,6.4223e+01,6.4241e+01,6.4298e+01,6.4369e+01,6.4444e+01,6.4595e+01,6.4680e+01,6.4955e+01
6.8580e+01,6.8243e+01,6.8100e+01,6.7915e+01,6.7804e+01,6.7721e+01,6.7708e+01,6.7651e+01,6.7738e+01,6.7835e+01,6.7906e+01,6.8074e+01,6.7960e+01,6.7903e+01,6.8002e+01,6.7907e+01,6.7890e+01,6.7487e+01,6.7188e+01,6.7023e+01,6.6436e+01,6.5935e+01,6.5553e+01,6.5083e+01,6.4725e+01,6.4271e+01,6.3797e+01,6.3345e+01,6.2791e+01,6.2234e+01,6.1581e+01,6.0898e+01,5.9914e+01,5.9150e+01,5.8261e+01,5.7601e+01,5.7004e+01,5.6538e+01,5.6214e+01,5.6085e+01,5.6095e+01,5.6163e+01,5.6264e+01,5.6435e+01,5.6523e+01,5.6661e+01,5.6876e+01,5.7025e+01,5.6881e+01,5.6933e+01,5.6884e+01,5.6825e+01,5.6854e+01,5.6867e+01,5.6967e+01,5.7251e+01,5.7620e+01,5.8032e+01,5.8561e+01,5.9067e+01,5.9773e+01,6.0484e+01,6.1268e+01,6.1956e+01,6.2801e+01,6.3330e+01,6.3501e+01,6.3970e+01,6.3979e+01,6.4026e+01,6.4088e+01,6.4155e+01,6.4302e+01,6.4391e+01,6.4666e+01
6.8924e+01,6.8589e+01,6.8447e+01,6.8267e+01,6.8156e+01,6.8074e+01,6.8060e+01,6.8005e+01,6.8091e+01,6.8185e+01,6.8259e+01,6.8426e+01,6.8314e+01,6.8263e+01,6.8363e+01,6.8269e+01,6.8254e+01,6.7857e+01,6.7562e+01,6.7397e+01,6.6815e+01,6.6317e+01,6.5937e+01,6.5473e+01,6.5120e+01,6.4679e+01,6.4216e+01,6.3776e+01,6.3230e+01,6.2675e+01,6.2032e+01,6.1354e+01,6.0383e+01,5.9633e+01,5.8754e+01,5.8100e+01,5.7508e+01,5.7044e+01,5.6730e+01,5.6604e+01,5.6623e+01,5.6693e+01,5.6796e+01,5.6964e+01,5.7053e+01,5.7183e+01,5.7397e+01,5.7553e+01,5.7417e+01,5.7476e+01,5.7428e+01,5.7373e+01,5.7404e+01,5.7417e+01,5.7511e+01,5.7793e+01,5.8154e+01,5.8560e+01,5.9082e+01,5.9573e+01,6.0263e+01,6.0959e+01,6.1728e+01,6.2398e+01,6.3231e+01,6.3749e+01,6.3900e+01,6.4351e+01,6.4345e+01,6.4386e+01,6.4438e+01,6.4496e+01,6.4637e+01,6.4732e+01,6.5007e+01
6.9000e+01,6.8665e+01,6.8523e+01,6.8345e+01,6.8234e+01,6.8150e+01,6.8136e+01,6.8085e+01,6.8175e+01,6.8272e+01,6.8350e+01,6.8519e+01,6.8408e+01,6.8362e+01,6.8467e+01,6.8371e+01,6.8358e+01,6.7958e+01,6.7662e+01,6.7496e+01,6.6910e+01,6.6413e+01,6.6032e+01,6.5566e+01,6.5212e+01,6.4775e+01,6.4315e+01,6.3879e+01,6.3333e+01,6.2778e+01,6.2139e+01,6.1465e+01,6.0505e+01,5.9760e+01,5.8888e+01,5.8239e+01,5.7647e+01,5.7186e+01,5.6877e+01,5.6750e+01,5.6771e+01,5.6842e+01,5.6938e+01,5.7104e+01,5.7201e+01,5.7335e+01,5.7554e+01,5.7710e+01,5.7575e+01,5.7635e+01,5.7581e+01,5.7529e+01,5.7560e+01,5.7574e+01,5.7666e+01,5.7945e+01,5.8300e+01,5.8708e+01,5.9225e+01,5.9711e+01,6.0400e+01,6.1090e+01,6.1855e+01,6.2523e+01,6.3358e+01,6.3870e+01,6.4005e+01,6.4446e+01,6.4432e+01,6.4464e+01,6.4510e+01,6.4559e+01,6.4695e+01,6.4797e+01,6.5075e+01
6.9011e+01,6.8677e+01,6.8536e+01,6.8357e+01,6.8246e+01,6.8157e+01,6.8144e+01,6.8093e+01,6.8185e+01,6.8284e+01,6.8365e+01,6.8532e+01,6.8426e+01,6.8385e+01,6.8496e+01,6.8401e+01,6.8393e+01,6.7993e+01,6.7702e+01,6.7539e+01,6.6950e+01,6.6452e+01,6.6070e+01,6.5602e+01,6.5247e+01,6.4812e+01,6.4354e+01,6.3919e+01,6.3375e+01,6.2819e+01,6.2180e+01,6.1507e+01,6.0548e+01,5.9808e+01,5.8935e+01,5.8287e+01,5.7690e+01,5.7227e+01,5.6917e+01,5.6789e+01,5.6809e+01,5.6879e+01,5.6974e+01,5.7138e+01,5.7240e+01,5.7375e+01,5.7595e+01,5.7755e+01,5.7616e+01,5.7680e+01,5.7625e+01,5.7574e+01,5.7599e+01,5.7612e+01,5.7701e+01,5.7975e+01,5.8320e+01,5.8727e+01,5.9242e+01,5.9724e+01,6.0409e+01,6.1090e+01,6.1853e+01,6.2521e+01,6.3360e+01,6.3871e+01,6.3994e+01,6.4430e+01,6.4410e+01,6.4442e+01,6.4483e+01,6.4529e+01,6.4668e+01,6.4775e+01,6.5056e+01
6.9226e+01,6.8895e+01,6.8756e+01,6.8577e+01,6.8467e+01,6.8376e+01,6.8363e+01,6.8315e+01,6.8409e+01,6.8508e+01,6.8593e+01,6.8762e+01,6.8658e+01,6.8625e+01,6.8741e+01,6.8646e+01,6.8639e+01,6.8243e+01,6.7950e+01,6.7786e+01,6.7196e+01,6.6700e+01,6.6325e+01,6.5860e+01,6.5512e+01,6.5085e+01,6.4631e+01,6.4202e+01,6.3660e+01,6.3104e+01,6.2467e+01,6.1799e+01,6.0847e+01,6.0118e+01,5.9252e+01,5.8606e+01,5.8011e+01,5.7557e+01,5.7251e+01,5.7129e+01,5.7149e+01,5.7217e+01,5.7311e+01,5.7474e+01,5.7586e+01,5.7726e+01,5.7951e+01,5.8108e+01,5.7966e+01,5.8029e+01,5.7967e+01,5.7915e+01,5.7938e+01,5.7961e+01,5.8052e+01,5.8326e+01,5.8668e+01,5.9078e+01,5.9588e+01,6.0065e+01,6.0742e+01,6.1415e+01,6.2173e+01,6.2836e+01,6.3672e+01,6.4176e+01,6.4281e+01,6.4706e+01,6.4678e+01,6.4704e+01,6.4739e+01,6.4776e+01,6.4911e+01,6.5024e+01,6.5305e+01
6.9460e+01,6.9130e+01,6.8992e+01,6.8812e+01,6.8700e+01,6.8604e+01,6.8593e+01,6.8547e+01,6.8641e+01,6.8743e+01,6.8830e+01,6.8998e+01,6.8899e+01,6.8869e+01,6.8987e+01,6.8889e+01,6.8883e+01,6.8484e+01,6.8195e+01,6.8033e+01,6.7444e+01,6.6951e+01,6.6577e+01,6.6107e+01,6.5756e+01,6.5334e+01,6.4881e+01,6.4454e+01,6.3916e+01,6.3357e+01,6.2719e+01,6.2053e+01,6.1106e+01,6.0383e+01,5.9523e+01,5.8884e+01,5.8289e+01,5.7843e+01,5.7543e+01,5.7423e+01,5.7441e+01,5.7507e+01,5.7600e+01,5.7764e+01,5.7881e+01,5.8025e+01,5.8254e+01,5.8416e+01,5.8274e+01,5.8339e+01,5.8278e+01,5.8228e+01,5.8249e+01,5.8270e+01,5.8361e+01,5.8631e+01,5.8968e+01,5.9375e+01,5.9879e+01,6.0349e+01,6.1017e+01,6.1679e+01,6.2430e+01,6.3086e+01,6.3921e+01,6.4421e+01,6.4509e+01,6.4927e+01,6.4892e+01,6.4911e+01,6.4938e+01,6.4972e+01,6.5106e+01,6.5224e+01,6.5510e+01
6.9783e+01,6.9455e+01,6.9318e+01,6.9138e+01,6.9026e+01,6.8925e+01,6.8913e+01,6.8866e+01,6.8958e+01,6.9056e+01,6.9146e+01,6.9312e+01,6.9218e+01,6.9192e+01,6.9311e+01,6.9213e+01,6.9204e+01,6.8805e+01,6.8517e+01,6.8355e+01,6.7763e+01,6.7271e+01,6.6900e+01,6.6431e+01,6.6082e+01,6.5669e+01,6.5225e+01,6.4805e+01,6.4274e+01,6.3718e+01,6.3085e+01,6.2426e+01,6.1491e+01,6.0781e+01,5.9931e+01,5.9301e+01,5.8712e+01,5.8275e+01,5.7980e+01,5.7867e+01,5.7887e+01,5.7960e+01,5.8052e+01,5.8217e+01,5.8340e+01,5.8489e+01,5.8726e+01,5.8887e+01,5.8748e+01,5.8814e+01,5.8750e+01,5.8699e+01,5.8715e+01,5.8747e+01,5.8841e+01,5.9114e+01,5.9444e+01,5.9855e+01,6.0355e+01,6.0820e+01,6.1483e+01,6.2133e+01,6.2878e+01,6.3532e+01,6.4361e+01,6.4857e+01,6.4931e+01,6.5339e+01,6.5296e+01,6.5316e+01,6.5340e+01,6.5373e+01,6.5505e+01,6.5620e+01,6.5902e+01
7.0296e+01,6.9973e+01,6.9840e+01,6.9662e+01,6.9549e+01,6.9444e+01,6.9434e+01,6.9390e+01,6.9485e+01,6.9585e+01,6.9679e+01,6.9848e+01,6.9758e+01,6.9738e+01,6.9861e+01,6.9763e+01,6.9756e+01,6.9360e+01,6.9074e+01,6.8914e+01,6.8329e+01,6.7843e+01,6.7477e+01,6.7016e+01,6.6677e+01,6.6273e+01,6.5838e+01,6.5423e+01,6.4895e+01,6.4344e+01,6.3717e+01,6.3064e+01,6.2140e+01,6.1439e+01,6.0596e+01,5.9970e+01,5.9383e+01,5.8947e+01,5.8655e+01,5.8543e+01,5.8562e+01,5.8639e+01,5.8727e+01,5.8892e+01,5.9019e+01,5.9179e+01,5.9415e+01,5.9569e+01,5.9426e+01,5.9489e+01,5.9421e+01,5.9367e+01,5.9378e+01,5.9414e+01,5.9510e+01,5.9784e+01,6.0109e+01,6.0520e+01,6.1012e+01,6.1473e+01,6.2127e+01,6.2766e+01,6.3502e+01,6.4148e+01,6.4969e+01,6.5457e+01,6.5513e+01,6.5909e+01,6.5858e+01,6.5874e+01,6.5893e+01,6.5927e+01,6.6056e+01,6.6174e+01,6.6453e+01
7.0746e+01,7.0428e+01,7.0298e+01,7.0120e+01,7.0003e+01,6.9895e+01,6.9883e+01,6.9840e+01,6.9935e+01,7.0036e+01,7.0134e+01,7.0304e+01,7.0213e+01,7.0195e+01,7.0320e+01,7.0216e+01,7.0207e+01,6.9812e+01,6.9525e+01,6.9363e+01,6.8782e+01,6.8303e+01,6.7943e+01,6.7488e+01,6.7152e+01,6.6756e+01,6.6326e+01,6.5916e+01,6.5393e+01,6.4846e+01,6.4225e+01,6.3583e+01,6.2673e+01,6.1982e+01,6.1150e+01,6.0528e+01,5.9944e+01,5.9509e+01,5.9222e+01,5.9111e+01,5.9125e+01,5.9199e+01,5.9279e+01,5.9442e+01,5.9571e+01,5.9740e+01,5.9977e+01,6.0126e+01,5.9981e+01,6.0044e+01,5.9975e+01,5.9919e+01,5.9933e+01,5.9975e+01,6.0070e+01,6.0344e+01,6.0670e+01,6.1086e+01,6.1578e+01,6.2038e+01,6.2692e+01,6.3323e+01,6.4052e+01,6.4693e+01,6.5507e+01,6.5983e+01,6.6026e+01,6.6410e+01,6.6350e+01,6.6360e+01,6.6374e+01,6.6405e+01,6.6533e+01,6.6653e+01,6.6934e+01
7.1273e+01,7.0957e+01,7.0831e+01,7.0653e+01,7.0537e+01,7.0428e+01,7.0419e+01,7.0378e+01,7.0475e+01,7.0576e+01,7.0676e+01,7.0846e+01,7.0758e+01,7.0742e+01,7.0871e+01,7.0766e+01,7.0756e+01,7.0364e+01,7.0076e+01,6.9913e+01,6.9340e+01,6.8868e+01,6.8514e+01,6.8066e+01,6.7740e+01,6.7349e+01,6.6922e+01,6.6512e+01,6.5988e+01,6.5444e+01,6.4831e+01,6.4193e+01,6.3286e+01,6.2597e+01,6.1766e+01,6.1151e+01,6.0570e+01,6.0142e+01,5.9858e+01,5.9749e+01,5.9761e+01,5.9836e+01,5.9916e+01,6.0077e+01,6.0206e+01,6.0390e+01,6.0631e+01,6.0784e+01,6.0644e+01,6.0707e+01,6.0643e+01,6.0586e+01,6.0596e+01,6.0631e+01,6.0728e+01,6.1000e+01,6.1324e+01,6.1738e+01,6.2223e+01,6.2681e+01,6.3331e+01,6.3953e+01,6.4677e+01,6.5313e+01,6.6122e+01,6.6595e+01,6.6627e+01,6.7006e+01,6.6938e+01,6.6949e+01,6.6958e+01,6.6994e+01,6.7118e+01,6.7239e+01,6.7518e+01
7.1699e+01,7.1385e+01,7.1261e+01,7.1086e+01,7.0971e+01,7.0863e+01,7.0857e+01,7.0819e+01,7.0920e+01,7.1022e+01,7.1127e+01,7.1302e+01,7.1214e+01,7.1201e+01,7.1331e+01,7.1224e+01,7.1215e+01,7.0826e+01,7.0540e+01,7.0383e+01,6.9813e+01,6.9349e+01,6.8997e+01,6.8550e+01,6.8227e+01,6.7838e+01,6.7414e+01,6.7006e+01,6.6486e+01,6.5944e+01,6.5340e+01,6.4714e+01,6.3820e+01,6.3136e+01,6.2313e+01,6.1709e+01,6.1135e+01,6.0717e+01,6.0436e+01,6.0327e+01,6.0340e+01,6.0416e+01,6.0496e+01,6.0663e+01,6.0794e+01,6.0988e+01,6.1230e+01,6.1385e+01,6.1249e+01,6.1310e+01,6.1254e+01,6.1206e+01,6.1220e+01,6.1253e+01,6.1354e+01,6.1632e+01,6.1955e+01,6.2368e+01,6.2849e+01,6.3305e+01,6.3953e+01,6.4571e+01,6.5287e+01,6.5918e+01,6.6721e+01,6.7187e+01,6.7209e+01,6.7577e+01,6.7502e+01,6.7511e+01,6.7519e+01,6.7555e+01,6.7675e+01,6.7793e+01,6.8071e+01
7.2094e+01,7.1781e+01,7.1660e+01,7.1487e+01,7.1372e+01,7.1264e+01,7.1260e+01,7.1226e+01,7.1333e+01,7.1437e+01,7.1546e+01,7.1726e+01,7.1639e+01,7.1627e+01,7.1758e+01,7.1650e+01,7.1643e+01,7.1255e+01,7.0972e+01,7.0818e+01,7.0254e+01,6.9799e+01,6.9450e+01,6.9002e+01,6.8678e+01,6.8288e+01,6.7861e+01,6.7448e+01,6.6926e+01,6.6385e+01,6.5784e+01,6.5164e+01,6.4271e+01,6.3587e+01,6.2770e+01,6.2175e+01,6.1608e+01,6.1198e+01,6.0920e+01,6.0814e+01,6.0828e+01,6.0904e+01,6.0990e+01,6.1158e+01,6.1283e+01,6.1486e+01,6.1729e+01,6.1886e+01,6.1754e+01,6.1815e+01,6.1760e+01,6.1719e+01,6.1734e+01,6.1757e+01,6.1854e+01,6.2126e+01,6.2447e+01,6.2853e+01,6.3329e+01,6.3782e+01,6.4427e+01,6.5043e+01,6.5756e+01,6.6386e+01,6.7188e+01,6.7651e+01,6.7676e+01,6.8044e+01,6.7972e+01,6.7981e+01,6.7989e+01,6.8030e+01,6.8150e+01,6.8265e+01,6.8542e+01
7.2662e+01,7.2354e+01,7.2240e+01,7.2067e+01,7.1951e+01,7.1841e+01,7.1838e+01,7.1803e+01,7.1906e+01,7.2007e+01,7.2118e+01,7.2296e+01,7.2211e+01,7.2200e+01,7.2334e+01,7.2228e+01,7.2224e+01,7.1843e+01,7.1563e+01,7.1416e+01,7.0861e+01,7.0421e+01,7.0080e+01,6.9640e+01,6.9326e+01,6.8944e+01,6.8526e+01,6.8120e+01,6.7602e+01,6.7065e+01,6.6473e+01,6.5863e+01,6.4983e+01,6.4310e+01,6.3500e+01,6.2911e+01,6.2345e+01,6.1936e+01,6.1658e+01,6.1548e+01,6.1556e+01,6.1631e+01,6.1709e+01,6.1877e+01,6.2002e+01,6.2208e+01,6.2453e+01,6.2608e+01,6.2477e+01,6.2535e+01,6.2488e+01,6.2450e+01,6.2463e+01,6.2482e+01,6.2580e+01,6.2854e+01,6.3172e+01,6.3581e+01,6.4056e+01,6.4509e+01,6.5155e+01,6.5764e+01,6.6472e+01,6.7101e+01,6.7899e+01,6.8356e+01,6.8370e+01,6.8728e+01,6.8649e+01,6.8658e+01,6.8662e+01,6.8705e+01,6.8821e+01,6.8933e+01,6.9204e+01
7.2873e+01,7.2567e+01,7.2457e+01,7.2285e+01,7.2170e+01,7.2061e+01,7.2057e+01,7.2020e+01,7.2117e+01,7.2215e+01,7.2323e+01,7.2496e+01,7.2415e+01,7.2402e+01,7.2540e+01,7.2437e+01,7.2432e+01,7.2052e+01,7.1773e+01,7.1626e+01,7.1076e+01,7.0637e+01,7.0300e+01,6.9862e+01,6.9550e+01,6.9169e+01,6.8751e+01,6.8344e+01,6.7819e+01,6.7282e+01,6.6693e+01,6.6083e+01,6.5203e+01,6.4536e+01,6.3724e+01,6.3131e+01,6.2556e+01,6.2140e+01,6.1852e+01,6.1739e+01,6.1746e+01,6.1818e+01,6.1893e+01,6.2051e+01,6.2175e+01,6.2371e+01,6.2614e+01,6.2772e+01,6.2644e+01,6.2709e+01,6.2664e+01,6.2626e+01,6.2642e+01,6.2657e+01,6.2752e+01,6.3025e+01,6.3341e+01,6.3748e+01,6.4226e+01,6.4680e+01,6.5323e+01,6.5928e+01,6.6638e+01,6.7261e+01,6.8062e+01,6.8519e+01,6.8531e+01,6.8891e+01,6.8816e+01,6.8826e+01,6.8831e+01,6.8876e+01,6.8998e+01,6.9110e+01,6.9379e+01
7.2899e+01,7.2593e+01,7.2485e+01,7.2313e+01,7.2198e+01,7.2090e+01,7.2084e+01,7.2047e+01,7.2144e+01,7.2242e+01,7.2348e+01,7.2520e+01,7.2443e+01,7.2429e+01,7.2572e+01,7.2473e+01,7.2469e+01,7.2089e+01,7.1810e+01,7.1661e+01,7.1113e+01,7.0673e+01,7.0333e+01,6.9889e+01,6.9574e+01,6.9185e+01,6.8764e+01,6.8351e+01,6.7819e+01,6.7282e+01,6.6695e+01,6.6081e+01,6.5193e+01,6.4522e+01,6.3703e+01,6.3101e+01,6.2518e+01,6.2094e+01,6.1791e+01,6.1671e+01,6.1674e+01,6.1741e+01,6.1813e+01,6.1961e+01,6.2078e+01,6.2258e+01,6.2499e+01,6.2665e+01,6.2539e+01,6.2606e+01,6.2561e+01,6.2528e+01,6.2548e+01,6.2556e+01,6.2644e+01,6.2910e+01,6.3226e+01,6.3625e+01,6.4104e+01,6.4557e+01,6.5198e+01,6.5808e+01,6.6524e+01,6.7145e+01,6.7950e+01,6.8409e+01,6.8427e+01,6.8793e+01,6.8726e+01,6.8741e+01,6.8752e+01,6.8804e+01,6.8934e+01,6.9045e+01,6.9317e+01
7.3024e+01,7.2719e+01,7.2614e+01,7.2444e+01,7.2329e+01,7.2221e+01,7.2218e+01,7.2177e+01,7.2267e+01,7.2361e+01,7.2466e+01,7.2635e+01,7.2557e+01,7.2543e+01,7.2687e+01,7.2590e+01,7.2586e+01,7.2211e+01,7.1932e+01,7.1787e+01,7.1241e+01,7.0802e+01,7.0466e+01,7.0027e+01,6.9718e+01,6.9333e+01,6.8916e+01,6.8510e+01,6.7975e+01,6.7437e+01,6.6851e+01,6.6240e+01,6.5357e+01,6.4695e+01,6.3878e+01,6.3272e+01,6.2687e+01,6.2254e+01,6.1940e+01,6.1816e+01,6.1813e+01,6.1876e+01,6.1936e+01,6.2074e+01,6.2192e+01,6.2363e+01,6.2607e+01,6.2772e+01,6.2643e+01,6.2709e+01,6.2664e+01,6.2625e+01,6.2647e+01,6.2661e+01,6.2752e+01,6.3021e+01,6.3336e+01,6.3743e+01,6.4234e+01,6.4692e+01,6.5335e+01,6.5945e+01,6.6662e+01,6.7283e+01,6.8092e+01,6.8549e+01,6.8566e+01,6.8932e+01,6.8866e+01,6.8880e+01,6.8888e+01,6.8937e+01,6.9066e+01,6.9174e+01,6.9442e+01
7.3560e+01,7.3261e+01,7.3160e+01,7.2990e+01,7.2876e+01,7.2767e+01,7.2768e+01,7.2725e+01,7.2809e+01,7.2899e+01,7.3003e+01,7.3170e+01,7.3092e+01,7.3078e+01,7.3223e+01,7.3125e+01,7.3120e+01,7.2753e+01,7.2477e+01,7.2338e+01,7.1800e+01,7.1369e+01,7.1045e+01,7.0619e+01,7.0320e+01,6.9950e+01,6.9542e+01,6.9146e+01,6.8618e+01,6.8083e+01,6.7502e+01,6.6901e+01,6.6036e+01,6.5394e+01,6.4590e+01,6.3990e+01,6.3414e+01,6.2982e+01,6.2675e+01,6.2553e+01,6.2544e+01,6.2611e+01,6.2663e+01,6.2796e+01,6.2918e+01,6.3087e+01,6.3332e+01,6.3487e+01,6.3362e+01,6.3426e+01,6.3387e+01,6.3346e+01,6.3363e+01,6.3383e+01,6.3478e+01,6.3754e+01,6.4062e+01,6.4473e+01,6.4961e+01,6.5417e+01,6.6053e+01,6.6649e+01,6.7359e+01,6.7973e+01,6.8774e+01,6.9227e+01,6.9232e+01,6.9587e+01,6.9513e+01,6.9521e+01,6.9523e+01,6.9567e+01,6.9691e+01,6.9802e+01,7.0065e+01
7.3506e+01,7.3208e+01,7.3106e+01,7.2934e+01,7.2819e+01,7.2709e+01,7.2712e+01,7.2668e+01,7.2750e+01,7.2838e+01,7.2944e+01,7.3112e+01,7.3032e+01,7.3017e+01,7.3159e+01,7.3059e+01,7.3053e+01,7.2686e+01,7.2411e+01,7.2273e+01,7.1734e+01,7.1307e+01,7.0987e+01,7.0569e+01,7.0276e+01,6.9916e+01,6.9513e+01,6.9126e+01,6.8608e+01,6.8076e+01,6.7496e+01,6.6901e+01,6.6046e+01,6.5413e+01,6.4616e+01,6.4022e+01,6.3453e+01,6.3027e+01,6.2731e+01,6.2613e+01,6.2603e+01,6.2677e+01,6.2727e+01,6.2870e+01,6.3001e+01,6.3188e+01,6.3438e+01,6.3589e+01,6.3464e+01,6.3528e+01,6.3497e+01,6.3451e+01,6.3469e+01,6.3498e+01,6.3607e+01,6.3893e+01,6.4202e+01,6.4620e+01,6.5105e+01,6.5561e+01,6.6198e+01,6.6785e+01,6.7488e+01,6.8102e+01,6.8897e+01,6.9350e+01,6.9348e+01,6.9700e+01,6.9617e+01,6.9619e+01,6.9614e+01,6.9652e+01,6.9769e+01,6.9882e+01,7.0143e+01
7.3904e+01,7.3609e+01,7.3509e+01,7.3338e+01,7.3224e+01,7.3117e+01,7.3121e+01,7.3079e+01,7.3163e+01,7.3251e+01,7.3361e+01,7.3529e+01,7.3451e+01,7.3439e+01,7.3583e+01,7.3482e+01,7.3479e+01,7.3114e+01,7.2841e+01,7.2705e+01,7.2171e+01,7.1750e+01,7.1434e+01,7.1024e+01,7.0737e+01,7.0380e+01,6.9980e+01,6.9595e+01,6.9086e+01,6.8561e+01,6.7985e+01,6.7398e+01,6.6553e+01,6.5928e+01,6.5141e+01,6.4557e+01,6.3997e+01,6.3581e+01,6.3298e+01,6.3184e+01,6.3173e+01,6.3251e+01,6.3301e+01,6.3446e+01,6.3569e+01,6.3760e+01,6.4003e+01,6.4153e+01,6.4036e+01,6.4102e+01,6.4081e+01,6.4038e+01,6.4051e+01,6.4074e+01,6.4180e+01,6.4465e+01,6.4772e+01,6.5184e+01,6.5658e+01,6.6107e+01,6.6739e+01,6.7315e+01,6.8009e+01,6.8620e+01,6.9402e+01,6.9849e+01,6.9838e+01,7.0180e+01,7.0089e+01,7.0088e+01,7.0082e+01,7.0120e+01,7.0233e+01,7.0349e+01,7.0609e+01
7.4229e+01,7.3940e+01,7.3843e+01,7.3673e+01,7.3559e+01,7.3452e+01,7.3456e+01,7.3414e+01,7.3496e+01,7.3583e+01,7.3695e+01,7.3864e+01,7.3787e+01,7.3776e+01,7.3920e+01,7.3820e+01,7.3819e+01,7.3460e+01,7.3190e+01,7.3060e+01,7.2529e+01,7.2112e+01,7.1801e+01,7.1403e+01,7.1123e+01,7.0776e+01,7.0381e+01,7.0012e+01,6.9515e+01,6.9001e+01,6.8432e+01,6.7859e+01,6.7033e+01,6.6422e+01,6.5645e+01,6.5074e+01,6.4521e+01,6.4112e+01,6.3840e+01,6.3725e+01,6.3712e+01,6.3798e+01,6.3845e+01,6.3993e+01,6.4126e+01,6.4337e+01,6.4592e+01,6.4728e+01,6.4609e+01,6.4672e+01,6.4647e+01,6.4596e+01,6.4602e+01,6.4633e+01,6.4748e+01,6.5042e+01,6.5344e+01,6.5754e+01,6.6222e+01,6.6664e+01,6.7288e+01,6.7852e+01,6.8534e+01,6.9137e+01,6.9908e+01,7.0348e+01,7.0326e+01,7.0660e+01,7.0560e+01,7.0555e+01,7.0540e+01,7.0572e+01,7.0683e+01,7.0801e+01,7.1060e+01
7.4694e+01,7.4408e+01,7.4312e+01,7.4143e+01,7.4030e+01,7.3922e+01,7.3926e+01,7.3885e+01,7.3968e+01,7.4056e+01,7.4167e+01,7.4335e+01,7.4257e+01,7.4250e+01,7.4391e+01,7.4286e+01,7.4282e+01,7.3920e+01,7.3645e+01,7.3510e+01,7.2981e+01,7.2565e+01,7.2257e+01,7.1868e+01,7.1595e+01,7.1255e+01,7.0865e+01,7.0496e+01,7.0006e+01,6.9500e+01,6.8932e+01,6.8366e+01,6.7551e+01,6.6948e+01,6.6185e+01,6.5622e+01,6.5083e+01,6.4682e+01,6.4428e+01,6.4322e+01,6.4317e+01,6.4416e+01,6.4473e+01,6.4615e+01,6.4764e+01,6.4976e+01,6.5236e+01,6.5368e+01,6.5244e+01,6.5303e+01,6.5274e+01,6.5217e+01,6.5223e+01,6.5256e+01,6.5362e+01,6.5648e+01,6.5942e+01,6.6344e+01,6.6801e+01,6.7231e+01,6.7850e+01,6.8403e+01,6.9076e+01,6.9678e+01,7.0442e+01,7.0878e+01,7.0859e+01,7.1194e+01,7.1088e+01,7.1083e+01,7.1066e+01,7.1096e+01,7.1201e+01,7.1319e+01,7.1576e+01
7.4568e+01,7.4281e+01,7.4181e+01,7.4017e+01,7.3907e+01,7.3799e+01,7.3806e+01,7.3767e+01,7.3851e+01,7.3940e+01,7.4050e+01,7.4218e+01,7.4136e+01,7.4131e+01,7.4268e+01,7.4159e+01,7.4151e+01,7.3783e+01,7.3501e+01,7.3363e+01,7.2828e+01,7.2404e+01,7.2095e+01,7.1706e+01,7.1438e+01,7.1101e+01,7.0712e+01,7.0342e+01,6.9856e+01,6.9353e+01,6.8777e+01,6.8209e+01,6.7392e+01,6.6788e+01,6.6031e+01,6.5471e+01,6.4939e+01,6.4541e+01,6.4295e+01,6.4195e+01,6.4198e+01,6.4307e+01,6.4374e+01,6.4518e+01,6.4686e+01,6.4900e+01,6.5159e+01,6.5283e+01,6.5148e+01,6.5199e+01,6.5159e+01,6.5096e+01,6.5098e+01,6.5134e+01,6.5232e+01,6.5515e+01,6.5804e+01,6.6203e+01,6.6655e+01,6.7081e+01,6.7698e+01,6.8250e+01,6.8924e+01,6.9529e+01,7.0291e+01,7.0730e+01,7.0717e+01,7.1058e+01,7.0949e+01,7.0946e+01,7.0929e+01,7.0957e+01,7.1063e+01,7.1180e+01,7.1439e+01
7.4893e+01,7.4606e+01,7.4507e+01,7.4344e+01,7.4235e+01,7.4129e+01,7.4142e+01,7.4103e+01,7.4188e+01,7.4281e+01,7.4391e+01,7.4563e+01,7.4479e+01,7.4472e+01,7.4606e+01,7.4491e+01,7.4475e+01,7.4105e+01,7.3816e+01,7.3674e+01,7.3142e+01,7.2722e+01,7.2419e+01,7.2035e+01,7.1772e+01,7.1440e+01,7.1052e+01,7.0681e+01,7.0198e+01,6.9704e+01,6.9128e+01,6.8564e+01,6.7750e+01,6.7151e+01,6.6400e+01,6.5847e+01,6.5325e+01,6.4935e+01,6.4702e+01,6.4610e+01,6.4622e+01,6.4741e+01,6.4822e+01,6.4973e+01,6.5151e+01,6.5367e+01,6.5630e+01,6.5748e+01,6.5613e+01,6.5660e+01,6.5620e+01,6.5558e+01,6.5562e+01,6.5601e+01,6.5693e+01,6.5970e+01,6.6252e+01,6.6646e+01,6.7090e+01,6.7505e+01,6.8117e+01,6.8659e+01,6.9324e+01,6.9925e+01,7.0682e+01,7.1121e+01,7.1111e+01,7.1455e+01,7.1345e+01,7.1339e+01,7.1319e+01,7.1345e+01,7.1447e+01,7.1562e+01,7.1818e+01
7.4900e+01,7.4610e+01,7.4509e+01,7.4346e+01,7.4237e+01,7.4133e+01,7.4151e+01,7.4113e+01,7.4197e+01,7.4294e+01,7.4405e+01,7.4580e+01,7.4498e+01,7.4491e+01,7.4624e+01,7.4508e+01,7.4489e+01,7.4120e+01,7.3825e+01,7.3685e+01,7.3151e+01,7.2732e+01,7.2428e+01,7.2044e+01,7.1786e+01,7.1456e+01,7.1070e+01,7.0700e+01,7.0223e+01,6.9731e+01,6.9155e+01,6.8598e+01,6.7790e+01,6.7194e+01,6.6452e+01,6.5910e+01,6.5398e+01,6.5019e+01,6.4794e+01,6.4710e+01,6.4729e+01,6.4855e+01,6.4944e+01,6.5104e+01,6.5287e+01,6.5509e+01,6.5779e+01,6.5897e+01,6.5769e+01,6.5814e+01,6.5779e+01,6.5718e+01,6.5715e+01,6.5750e+01,6.5837e+01,6.6111e+01,6.6388e+01,6.6779e+01,6.7220e+01,6.7631e+01,6.8246e+01,6.8784e+01,6.9449e+01,7.0051e+01,7.0807e+01,7.1248e+01,7.1240e+01,7.1586e+01,7.1476e+01,7.1473e+01,7.1454e+01,7.1484e+01,7.1588e+01,7.1698e+01,7.1954e+01
7.4713e+01,7.4420e+01,7.4317e+01,7.4156e+01,7.4050e+01,7.3952e+01,7.3974e+01,7.3938e+01,7.4022e+01,7.4122e+01,7.4235e+01,7.4412e+01,7.4336e+01,7.4333e+01,7.4471e+01,7.4359e+01,7.4343e+01,7.3979e+01,7.3684e+01,7.3544e+01,7.3012e+01,7.2596e+01,7.2294e+01,7.1916e+01,7.1660e+01,7.1331e+01,7.0951e+01,7.0582e+01,7.0108e+01,6.9620e+01,6.9050e+01,6.8498e+01,6.7690e+01,6.7095e+01,6.6348e+01,6.5809e+01,6.5295e+01,6.4918e+01,6.4695e+01,6.4611e+01,6.4627e+01,6.4750e+01,6.4828e+01,6.4985e+01,6.5167e+01,6.5390e+01,6.5654e+01,6.5769e+01,6.5636e+01,6.5680e+01,6.5655e+01,6.5598e+01,6.5590e+01,6.5627e+01,6.5722e+01,6.6000e+01,6.6279e+01,6.6668e+01,6.7105e+01,6.7512e+01,6.8124e+01,6.8658e+01,6.9323e+01,6.9922e+01,7.0676e+01,7.1117e+01,7.1103e+01,7.1447e+01,7.1337e+01,7.1338e+01,7.1317e+01,7.1348e+01,7.1451e+01,7.1558e+01,7.1811e+01
7.4586e+01,7.4291e+01,7.4186e+01,7.4026e+01,7.3920e+01,7.3825e+01,7.3847e+01,7.3812e+01,7.3898e+01,7.3999e+01,7.4116e+01,7.4295e+01,7.4224e+01,7.4226e+01,7.4370e+01,7.4262e+01,7.4250e+01,7.3885e+01,7.3589e+01,7.3446e+01,7.2908e+01,7.2490e+01,7.2184e+01,7.1806e+01,7.1544e+01,7.1218e+01,7.0835e+01,7.0465e+01,6.9990e+01,6.9506e+01,6.8941e+01,6.8397e+01,6.7591e+01,6.6995e+01,6.6247e+01,6.5707e+01,6.5190e+01,6.4816e+01,6.4593e+01,6.4506e+01,6.4518e+01,6.4641e+01,6.4721e+01,6.4882e+01,6.5065e+01,6.5287e+01,6.5554e+01,6.5669e+01,6.5537e+01,6.5581e+01,6.5563e+01,6.5510e+01,6.5498e+01,6.5530e+01,6.5624e+01,6.5904e+01,6.6183e+01,6.6570e+01,6.7007e+01,6.7409e+01,6.8022e+01,6.8553e+01,6.9215e+01,6.9811e+01,7.0562e+01,7.0999e+01,7.0977e+01,7.1314e+01,7.1202e+01,7.1202e+01,7.1178e+01,7.1210e+01,7.1312e+01,7.1416e+01,7.1671e+01
7.4268e+01,7.3971e+01,7.3863e+01,7.3704e+01,7.3599e+01,7.3506e+01,7.3528e+01,7.3494e+01,7.3581e+01,7.3686e+01,7.3805e+01,7.3988e+01,7.3922e+01,7.3926e+01,7.4073e+01,7.3972e+01,7.3969e+01,7.3611e+01,7.3320e+01,7.3181e+01,7.2643e+01,7.2226e+01,7.1917e+01,7.1545e+01,7.1281e+01,7.0963e+01,7.0583e+01,7.0216e+01,6.9744e+01,6.9263e+01,6.8707e+01,6.8176e+01,6.7376e+01,6.6780e+01,6.6031e+01,6.5488e+01,6.4970e+01,6.4597e+01,6.4378e+01,6.4288e+01,6.4297e+01,6.4417e+01,6.4489e+01,6.4646e+01,6.4823e+01,6.5044e+01,6.5306e+01,6.5416e+01,6.5278e+01,6.5320e+01,6.5311e+01,6.5265e+01,6.5240e+01,6.5267e+01,6.5364e+01,6.5649e+01,6.5927e+01,6.6309e+01,6.6742e+01,6.7141e+01,6.7751e+01,6.8279e+01,6.8938e+01,6.9531e+01,7.0277e+01,7.0713e+01,7.0690e+01,7.1027e+01,7.0915e+01,7.0916e+01,7.0891e+01,7.0923e+01,7.1027e+01,7.1130e+01,7.1385e+01
7.4135e+01,7.3837e+01,7.3728e+01,7.3566e+01,7.3460e+01,7.3367e+01,7.3388e+01,7.3354e+01,7.3440e+01,7.3549e+01,7.3669e+01,7.3855e+01,7.3793e+01,7.3798e+01,7.3946e+01,7.3846e+01,7.3845e+01,7.3492e+01,7.3204e+01,7.3068e+01,7.2530e+01,7.2117e+01,7.1811e+01,7.1442e+01,7.1178e+01,7.0865e+01,7.0493e+01,7.0132e+01,6.9660e+01,6.9182e+01,6.8635e+01,6.8112e+01,6.7317e+01,6.6718e+01,6.5971e+01,6.5424e+01,6.4906e+01,6.4529e+01,6.4311e+01,6.4218e+01,6.4226e+01,6.4341e+01,6.4405e+01,6.4560e+01,6.4732e+01,6.4947e+01,6.5205e+01,6.5303e+01,6.5156e+01,6.5198e+01,6.5189e+01,6.5150e+01,6.5117e+01,6.5138e+01,6.5233e+01,6.5517e+01,6.5792e+01,6.6167e+01,6.6594e+01,6.6988e+01,6.7594e+01,6.8118e+01,6.8774e+01,6.9364e+01,7.0104e+01,7.0538e+01,7.0518e+01,7.0857e+01,7.0744e+01,7.0745e+01,7.0718e+01,7.0747e+01,7.0851e+01,7.0954e+01,7.1211e+01
7.4372e+01,7.4078e+01,7.3970e+01,7.3806e+01,7.3698e+01,7.3601e+01,7.3618e+01,7.3584e+01,7.3669e+01,7.3779e+01,7.3900e+01,7.4085e+01,7.4024e+01,7.4033e+01,7.4178e+01,7.4075e+01,7.4075e+01,7.3726e+01,7.3442e+01,7.3309e+01,7.2778e+01,7.2373e+01,7.2074e+01,7.1709e+01,7.1445e+01,7.1141e+01,7.0774e+01,7.0420e+01,6.9952e+01,6.9477e+01,6.8937e+01,6.8422e+01,6.7634e+01,6.7039e+01,6.6295e+01,6.5752e+01,6.5238e+01,6.4858e+01,6.4645e+01,6.4551e+01,6.4561e+01,6.4676e+01,6.4738e+01,6.4896e+01,6.5061e+01,6.5269e+01,6.5521e+01,6.5605e+01,6.5454e+01,6.5496e+01,6.5487e+01,6.5451e+01,6.5410e+01,6.5424e+01,6.5515e+01,6.5797e+01,6.6064e+01,6.6432e+01,6.6846e+01,6.7237e+01,6.7833e+01,6.8345e+01,6.8996e+01,6.9579e+01,7.0307e+01,7.0737e+01,7.0713e+01,7.1048e+01,7.0932e+01,7.0927e+01,7.0893e+01,7.0919e+01,7.1020e+01,7.1127e+01,7.1382e+01
7.4231e+01,7.3934e+01,7.3825e+01,7.3657e+01,7.3546e+01,7.3448e+01,7.3466e+01,7.3432e+01,7.3516e+01,7.3632e+01,7.3755e+01,7.3945e+01,7.3888e+01,7.3894e+01,7.4038e+01,7.3936e+01,7.3939e+01,7.3597e+01,7.3320e+01,7.3192e+01,7.2665e+01,7.2260e+01,7.1962e+01,7.1604e+01,7.1337e+01,7.1036e+01,7.0676e+01,7.0325e+01,6.9857e+01,6.9385e+01,6.8852e+01,6.8345e+01,6.7561e+01,6.6960e+01,6.6214e+01,6.5672e+01,6.5158e+01,6.4779e+01,6.4571e+01,6.4476e+01,6.4489e+01,6.4598e+01,6.4656e+01,6.4808e+01,6.4962e+01,6.5162e+01,6.5411e+01,6.5487e+01,6.5327e+01,6.5373e+01,6.5368e+01,6.5337e+01,6.5289e+01,6.5293e+01,6.5381e+01,6.5658e+01,6.5923e+01,6.6284e+01,6.6694e+01,6.7081e+01,6.7671e+01,6.8181e+01,6.8831e+01,6.9408e+01,7.0129e+01,7.0558e+01,7.0540e+01,7.0877e+01,7.0763e+01,7.0759e+01,7.0725e+01,7.0752e+01,7.0859e+01,7.0968e+01,7.1225e+01
7.4117e+01,7.3819e+01,7.3707e+01,7.3536e+01,7.3424e+01,7.3326e+01,7.3341e+01,7.3307e+01,7.3387e+01,7.3504e+01,7.3628e+01,7.3819e+01,7.3763e+01,7.3768e+01,7.3911e+01,7.3811e+01,7.3815e+01,7.3477e+01,7.3202e+01,7.3079e+01,7.2558e+01,7.2162e+01,7.1872e+01,7.1524e+01,7.1260e+01,7.0962e+01,7.0610e+01,7.0262e+01,6.9800e+01,6.9337e+01,6.8811e+01,6.8315e+01,6.7535e+01,6.6937e+01,6.6195e+01,6.5655e+01,6.5145e+01,6.4772e+01,6.4579e+01,6.4488e+01,6.4509e+01,6.4626e+01,6.4681e+01,6.4832e+01,6.4978e+01,6.5172e+01,6.5414e+01,6.5481e+01,6.5320e+01,6.5365e+01,6.5366e+01,6.5332e+01,6.5278e+01,6.5276e+01,6.5365e+01,6.5639e+01,6.5903e+01,6.6256e+01,6.6660e+01,6.7044e+01,6.7626e+01,6.8135e+01,6.8783e+01,6.9352e+01,7.0066e+01,7.0492e+01,7.0476e+01,7.0813e+01,7.0702e+01,7.0693e+01,7.0656e+01,7.0682e+01,7.0790e+01,7.0901e+01,7.1162e+01
7.3772e+01,7.3469e+01,7.3355e+01,7.3184e+01,7.3071e+01,7.2975e+01,7.2995e+01,7.2963e+01,7.3046e+01,7.3169e+01,7.3291e+01,7.3484e+01,7.3428e+01,7.3431e+01,7.3577e+01,7.3476e+01,7.3486e+01,7.3147e+01,7.2876e+01,7.2756e+01,7.2238e+01,7.1838e+01,7.1549e+01,7.1200e+01,7.0936e+01,7.0638e+01,7.0285e+01,6.9934e+01,6.9471e+01,6.9011e+01,6.8487e+01,6.7992e+01,6.7212e+01,6.6609e+01,6.5861e+01,6.5316e+01,6.4805e+01,6.4426e+01,6.4229e+01,6.4129e+01,6.4150e+01,6.4255e+01,6.4298e+01,6.4441e+01,6.4584e+01,6.4778e+01,6.5020e+01,6.5092e+01,6.4926e+01,6.4973e+01,6.4974e+01,6.4941e+01,6.4886e+01,6.4882e+01,6.4970e+01,6.5244e+01,6.5511e+01,6.5862e+01,6.6270e+01,6.6650e+01,6.7231e+01,6.7744e+01,6.8395e+01,6.8965e+01,6.9680e+01,7.0112e+01,7.0100e+01,7.0441e+01,7.0335e+01,7.0332e+01,7.0298e+01,7.0324e+01,7.0435e+01,7.0546e+01,7.0811e+01
7.3358e+01,7.3052e+01,7.2936e+01,7.2765e+01,7.2651e+01,7.2551e+01,7.2570e+01,7.2538e+01,7.2623e+01,7.2747e+01,7.2868e+01,7.3061e+01,7.3003e+01,7.3003e+01,7.3150e+01,7.3049e+01,7.3064e+01,7.2726e+01,7.2458e+01,7.2337e+01,7.1822e+01,7.1420e+01,7.1135e+01,7.0788e+01,7.0528e+01,7.0230e+01,6.9876e+01,6.9523e+01,6.9057e+01,6.8601e+01,6.8074e+01,6.7572e+01,6.6789e+01,6.6182e+01,6.5434e+01,6.4880e+01,6.4369e+01,6.3983e+01,6.3784e+01,6.3683e+01,6.3704e+01,6.3814e+01,6.3854e+01,6.4001e+01,6.4142e+01,6.4342e+01,6.4581e+01,6.4659e+01,6.4495e+01,6.4540e+01,6.4546e+01,6.4511e+01,6.4467e+01,6.4460e+01,6.4548e+01,6.4819e+01,6.5089e+01,6.5443e+01,6.5855e+01,6.6241e+01,6.6826e+01,6.7346e+01,6.8004e+01,6.8580e+01,6.9300e+01,6.9733e+01,6.9724e+01,7.0070e+01,6.9962e+01,6.9958e+01,6.9921e+01,6.9948e+01,7.0062e+01,7.0174e+01,7.0441e+01
7.3120e+01,7.2810e+01,7.2690e+01,7.2518e+01,7.2406e+01,7.2307e+01,7.2330e+01,7.2299e+01,7.2388e+01,7.2517e+01,7.2638e+01,7.2836e+01,7.2780e+01,7.2779e+01,7.2930e+01,7.2831e+01,7.2855e+01,7.2520e+01,7.2256e+01,7.2139e+01,7.1627e+01,7.1221e+01,7.0940e+01,7.0595e+01,7.0335e+01,7.0038e+01,6.9685e+01,6.9332e+01,6.8864e+01,6.8409e+01,6.7886e+01,6.7385e+01,6.6600e+01,6.5991e+01,6.5239e+01,6.4680e+01,6.4164e+01,6.3774e+01,6.3575e+01,6.3466e+01,6.3486e+01,6.3585e+01,6.3618e+01,6.3754e+01,6.3890e+01,6.4088e+01,6.4323e+01,6.4404e+01,6.4238e+01,6.4285e+01,6.4288e+01,6.4248e+01,6.4204e+01,6.4192e+01,6.4276e+01,6.4545e+01,6.4816e+01,6.5172e+01,6.5592e+01,6.5980e+01,6.6570e+01,6.7101e+01,6.7765e+01,6.8346e+01,6.9072e+01,6.9505e+01,6.9501e+01,6.9849e+01,6.9747e+01,6.9741e+01,6.9700e+01,6.9728e+01,6.9848e+01,6.9960e+01,7.0232e+01
7.2934e+01,7.2619e+01,7.2494e+01,7.2321e+01,7.2210e+01,7.2108e+01,7.2134e+01,7.2106e+01,7.2200e+01,7.2334e+01,7.2455e+01,7.2654e+01,7.2598e+01,7.2594e+01,7.2743e+01,7.2646e+01,7.2676e+01,7.2343e+01,7.2083e+01,7.1968e+01,7.1460e+01,7.1052e+01,7.0771e+01,7.0429e+01,7.0172e+01,6.9873e+01,6.9521e+01,6.9169e+01,6.8704e+01,6.8258e+01,6.7738e+01,6.7239e+01,6.6455e+01,6.5844e+01,6.5091e+01,6.4529e+01,6.4010e+01,6.3619e+01,6.3419e+01,6.3306e+01,6.3327e+01,6.3428e+01,6.3463e+01,6.3602e+01,6.3737e+01,6.3937e+01,6.4171e+01,6.4255e+01,6.4092e+01,6.4138e+01,6.4145e+01,6.4102e+01,6.4063e+01,6.4047e+01,6.4134e+01,6.4405e+01,6.4676e+01,6.5032e+01,6.5455e+01,6.5845e+01,6.6433e+01,6.6965e+01,6.7630e+01,6.8210e+01,6.8934e+01,6.9367e+01,6.9369e+01,6.9722e+01,6.9621e+01,6.9616e+01,6.9574e+01,6.9603e+01,6.9724e+01,6.9837e+01,7.0112e+01
7.2831e+01,7.2514e+01,7.2389e+01,7.2214e+01,7.2101e+01,7.1993e+01,7.2017e+01,7.1988e+01,7.2082e+01,7.2217e+01,7.2336e+01,7.2533e+01,7.2476e+01,7.2473e+01,7.2620e+01,7.2524e+01,7.2561e+01,7.2233e+01,7.1977e+01,7.1863e+01,7.1358e+01,7.0952e+01,7.0672e+01,7.0332e+01,7.0075e+01,6.9780e+01,6.9430e+01,6.9080e+01,6.8613e+01,6.8170e+01,6.7657e+01,6.7162e+01,6.6381e+01,6.5774e+01,6.5022e+01,6.4456e+01,6.3936e+01,6.3545e+01,6.3346e+01,6.3231e+01,6.3250e+01,6.3348e+01,6.3380e+01,6.3519e+01,6.3653e+01,6.3853e+01,6.4086e+01,6.4175e+01,6.4015e+01,6.4063e+01,6.4071e+01,6.4029e+01,6.3994e+01,6.3981e+01,6.4068e+01,6.4344e+01,6.4618e+01,6.4976e+01,6.5407e+01,6.5799e+01,6.6392e+01,6.6929e+01,6.7598e+01,6.8183e+01,6.8909e+01,6.9340e+01,6.9352e+01,6.9706e+01,6.9608e+01,6.9603e+01,6.9558e+01,6.9589e+01,6.9714e+01,6.9828e+01,7.0106e+01
7.2975e+01,7.2657e+01,7.2530e+01,7.2357e+01,7.2246e+01,7.2140e+01,7.2167e+01,7.2140e+01,7.2240e+01,7.2380e+01,7.2501e+01,7.2702e+01,7.2649e+01,7.2647e+01,7.2795e+01,7.2703e+01,7.2749e+01,7.2427e+01,7.2178e+01,7.2068e+01,7.1571e+01,7.1168e+01,7.0893e+01,7.0562e+01,7.0309e+01,7.0017e+01,6.9667e+01,6.9319e+01,6.8855e+01,6.8419e+01,6.7911e+01,6.7424e+01,6.6647e+01,6.6038e+01,6.5287e+01,6.4719e+01,6.4197e+01,6.3803e+01,6.3603e+01,6.3480e+01,6.3494e+01,6.3586e+01,6.3609e+01,6.3740e+01,6.3867e+01,6.4065e+01,6.4287e+01,6.4373e+01,6.4216e+01,6.4260e+01,6.4271e+01,6.4224e+01,6.4195e+01,6.4179e+01,6.4263e+01,6.4537e+01,6.4809e+01,6.5163e+01,6.5592e+01,6.5985e+01,6.6575e+01,6.7114e+01,6.7786e+01,6.8367e+01,6.9091e+01,6.9520e+01,6.9533e+01,6.9888e+01,6.9791e+01,6.9786e+01,6.9741e+01,6.9775e+01,6.9902e+01,7.0014e+01,7.0296e+01
7.3225e+01,7.2910e+01,7.2785e+01,7.2614e+01,7.2502e+01,7.2395e+01,7.2422e+01,7.2395e+01,7.2495e+01,7.2638e+01,7.2756e+01,7.2954e+01,7.2899e+01,7.2900e+01,7.3045e+01,7.2954e+01,7.3005e+01,7.2688e+01,7.2447e+01,7.2340e+01,7.1854e+01,7.1457e+01,7.1187e+01,7.0863e+01,7.0615e+01,7.0329e+01,6.9987e+01,6.9646e+01,6.9185e+01,6.8754e+01,6.8257e+01,6.7784e+01,6.7018e+01,6.6419e+01,6.5678e+01,6.5109e+01,6.4588e+01,6.4196e+01,6.3996e+01,6.3870e+01,6.3881e+01,6.3970e+01,6.3990e+01,6.4123e+01,6.4245e+01,6.4442e+01,6.4662e+01,6.4747e+01,6.4587e+01,6.4627e+01,6.4636e+01,6.4590e+01,6.4567e+01,6.4554e+01,6.4639e+01,6.4916e+01,6.5183e+01,6.5530e+01,6.5953e+01,6.6344e+01,6.6924e+01,6.7457e+01,6.8121e+01,6.8694e+01,6.9410e+01,6.9834e+01,6.9851e+01,7.0206e+01,7.0109e+01,7.0102e+01,7.0054e+01,7.0088e+01,7.0213e+01,7.0326e+01,7.0609e+01
7.3704e+01,7.3391e+01,7.3269e+01,7.3099e+01,7.2988e+01,7.2882e+01,7.2914e+01,7.2885e+01,7.2988e+01,7.3133e+01,7.3249e+01,7.3447e+01,7.3389e+01,7.3392e+01,7.3535e+01,7.3445e+01,7.3500e+01,7.3188e+01,7.2955e+01,7.2855e+01,7.2379e+01,7.1994e+01,7.1727e+01,7.1414e+01,7.1170e+01,7.0890e+01,7.0554e+01,7.0213e+01,6.9756e+01,6.9331e+01,6.8847e+01,6.8386e+01,6.7631e+01,6.7039e+01,6.6304e+01,6.5737e+01,6.5221e+01,6.4834e+01,6.4636e+01,6.4507e+01,6.4520e+01,6.4607e+01,6.4624e+01,6.4756e+01,6.4876e+01,6.5071e+01,6.5285e+01,6.5371e+01,6.5212e+01,6.5252e+01,6.5263e+01,6.5218e+01,6.5197e+01,6.5184e+01,6.5265e+01,6.5541e+01,6.5799e+01,6.6139e+01,6.6555e+01,6.6938e+01,6.7505e+01,6.8032e+01,6.8688e+01,6.9250e+01,6.9961e+01,7.0380e+01,7.0394e+01,7.0744e+01,7.0650e+01,7.0647e+01,7.0604e+01,7.0643e+01,7.0769e+01,7.0879e+01,7.1161e+01
7.4070e+01,7.3760e+01,7.3639e+01,7.3473e+01,7.3364e+01,7.3262e+01,7.3298e+01,7.3272e+01,7.3376e+01,7.3523e+01,7.3639e+01,7.3835e+01,7.3774e+01,7.3778e+01,7.3923e+01,7.3838e+01,7.3898e+01,7.3592e+01,7.3365e+01,7.3271e+01,7.2799e+01,7.2423e+01,7.2157e+01,7.1853e+01,7.1619e+01,7.1343e+01,7.1014e+01,7.0680e+01,7.0230e+01,6.9810e+01,6.9336e+01,6.8882e+01,6.8140e+01,6.7556e+01,6.6833e+01,6.6274e+01,6.5765e+01,6.5385e+01,6.5187e+01,6.5052e+01,6.5057e+01,6.5137e+01,6.5150e+01,6.5282e+01,6.5397e+01,6.5584e+01,6.5792e+01,6.5870e+01,6.5713e+01,6.5751e+01,6.5764e+01,6.5722e+01,6.5703e+01,6.5686e+01,6.5767e+01,6.6038e+01,6.6288e+01,6.6618e+01,6.7030e+01,6.7406e+01,6.7964e+01,6.8483e+01,6.9134e+01,6.9687e+01,7.0389e+01,7.0801e+01,7.0815e+01,7.1157e+01,7.1067e+01,7.1067e+01,7.1027e+01,7.1069e+01,7.1197e+01,7.1307e+01,7.1589e+01
7.4575e+01,7.4271e+01,7.4157e+01,7.3992e+01,7.3886e+01,7.3782e+01,7.3821e+01,7.3795e+01,7.3899e+01,7.4044e+01,7.4158e+01,7.4349e+01,7.4287e+01,7.4285e+01,7.4428e+01,7.4343e+01,7.4407e+01,7.4105e+01,7.3883e+01,7.3793e+01,7.3326e+01,7.2956e+01,7.2690e+01,7.2396e+01,7.2169e+01,7.1898e+01,7.1577e+01,7.1250e+01,7.0808e+01,7.0394e+01,6.9929e+01,6.9483e+01,6.8754e+01,6.8181e+01,6.7467e+01,6.6919e+01,6.6417e+01,6.6045e+01,6.5850e+01,6.5709e+01,6.5713e+01,6.5789e+01,6.5801e+01,6.5935e+01,6.6047e+01,6.6235e+01,6.6438e+01,6.6518e+01,6.6367e+01,6.6410e+01,6.6431e+01,6.6392e+01,6.6372e+01,6.6350e+01,6.6423e+01,6.6690e+01,6.6927e+01,6.7248e+01,6.7650e+01,6.8013e+01,6.8563e+01,6.9069e+01,6.9710e+01,7.0252e+01,7.0944e+01,7.1345e+01,7.1352e+01,7.1684e+01,7.1593e+01,7.1594e+01,7.1553e+01,7.1598e+01,7.1724e+01,7.1837e+01,7.2122e+01
7.5156e+01,7.4858e+01,7.4750e+01,7.4586e+01,7.4479e+01,7.4373e+01,7.4409e+01,7.4381e+01,7.4481e+01,7.4623e+01,7.4734e+01,7.4917e+01,7.4851e+01,7.4843e+01,7.4980e+01,7.4895e+01,7.4965e+01,7.4666e+01,7.4449e+01,7.4360e+01,7.3901e+01,7.3539e+01,7.3275e+01,7.2990e+01,7.2769e+01,7.2507e+01,7.2197e+01,7.1878e+01,7.1447e+01,7.1040e+01,7.0586e+01,7.0154e+01,6.9441e+01,6.8882e+01,6.8183e+01,6.7646e+01,6.7154e+01,6.6792e+01,6.6601e+01,6.6456e+01,6.6456e+01,6.6526e+01,6.6534e+01,6.6662e+01,6.6769e+01,6.6952e+01,6.7150e+01,6.7227e+01,6.7078e+01,6.7127e+01,6.7151e+01,6.7115e+01,6.7096e+01,6.7074e+01,6.7141e+01,6.7403e+01,6.7625e+01,6.7935e+01,6.8329e+01,6.8684e+01,6.9220e+01,6.9715e+01,7.0343e+01,7.0871e+01,7.1545e+01,7.1934e+01,7.1932e+01,7.2250e+01,7.2156e+01,7.2157e+01,7.2114e+01,7.2159e+01,7.2283e+01,7.2397e+01,7.2681e+01
7.5788e+01,7.5493e+01,7.5388e+01,7.5227e+01,7.5124e+01,7.5020e+01,7.5058e+01,7.5030e+01,7.5131e+01,7.5272e+01,7.5383e+01,7.5564e+01,7.5494e+01,7.5483e+01,7.5619e+01,7.5539e+01,7.5617e+01,7.5326e+01,7.5119e+01,7.5035e+01,7.4584e+01,7.4231e+01,7.3968e+01,7.3690e+01,7.3469e+01,7.3210e+01,7.2908e+01,7.2596e+01,7.2176e+01,7.1777e+01,7.1334e+01,7.0913e+01,7.0215e+01,6.9669e+01,6.8983e+01,6.8451e+01,6.7970e+01,6.7610e+01,6.7424e+01,6.7277e+01,6.7275e+01,6.7344e+01,6.7349e+01,6.7478e+01,6.7582e+01,6.7768e+01,6.7965e+01,6.8045e+01,6.7899e+01,6.7950e+01,6.7974e+01,6.7934e+01,6.7913e+01,6.7888e+01,6.7955e+01,6.8213e+01,6.8425e+01,6.8725e+01,6.9109e+01,6.9455e+01,6.9977e+01,7.0459e+01,7.1070e+01,7.1587e+01,7.2249e+01,7.2626e+01,7.2620e+01,7.2930e+01,7.2838e+01,7.2839e+01,7.2797e+01,7.2841e+01,7.2964e+01,7.3078e+01,7.3361e+01
7.6094e+01,7.5804e+01,7.5702e+01,7.5539e+01,7.5437e+01,7.5331e+01,7.5369e+01,7.5342e+01,7.5439e+01,7.5577e+01,7.5687e+01,7.5866e+01,7.5795e+01,7.5781e+01,7.5914e+01,7.5837e+01,7.5915e+01,7.5629e+01,7.5424e+01,7.5341e+01,7.4892e+01,7.4547e+01,7.4285e+01,7.4017e+01,7.3800e+01,7.3546e+01,7.3249e+01,7.2943e+01,7.2532e+01,7.2145e+01,7.1710e+01,7.1299e+01,7.0610e+01,7.0073e+01,6.9394e+01,6.8871e+01,6.8397e+01,6.8044e+01,6.7860e+01,6.7710e+01,6.7706e+01,6.7774e+01,6.7783e+01,6.7913e+01,6.8017e+01,6.8207e+01,6.8406e+01,6.8482e+01,6.8334e+01,6.8392e+01,6.8413e+01,6.8373e+01,6.8354e+01,6.8332e+01,6.8396e+01,6.8650e+01,6.8854e+01,6.9152e+01,6.9527e+01,6.9865e+01,7.0381e+01,7.0849e+01,7.1453e+01,7.1962e+01,7.2615e+01,7.2985e+01,7.2972e+01,7.3272e+01,7.3176e+01,7.3171e+01,7.3127e+01,7.3170e+01,7.3292e+01,7.3407e+01,7.3691e+01
7.6200e+01,7.5910e+01,7.5810e+01,7.5644e+01,7.5542e+01,7.5434e+01,7.5474e+01,7.5452e+01,7.5547e+01,7.5686e+01,7.5798e+01,7.5978e+01,7.5909e+01,7.5895e+01,7.6030e+01,7.5958e+01,7.6039e+01,7.5756e+01,7.5553e+01,7.5472e+01,7.5030e+01,7.4688e+01,7.4434e+01,7.4174e+01,7.3962e+01,7.3712e+01,7.3421e+01,7.3120e+01,7.2717e+01,7.2334e+01,7.1907e+01,7.1504e+01,7.0820e+01,7.0296e+01,6.9623e+01,6.9109e+01,6.8641e+01,6.8295e+01,6.8111e+01,6.7958e+01,6.7955e+01,6.8018e+01,6.8030e+01,6.8160e+01,6.8265e+01,6.8458e+01,6.8661e+01,6.8735e+01,6.8582e+01,6.8644e+01,6.8664e+01,6.8622e+01,6.8596e+01,6.8581e+01,6.8648e+01,6.8899e+01,6.9099e+01,6.9392e+01,6.9761e+01,7.0093e+01,7.0602e+01,7.1060e+01,7.1654e+01,7.2158e+01,7.2805e+01,7.3172e+01,7.3159e+01,7.3456e+01,7.3362e+01,7.3358e+01,7.3318e+01,7.3362e+01,7.3482e+01,7.3594e+01,7.3874e+01
7.6375e+01,7.6086e+01,7.5990e+01,7.5821e+01,7.5718e+01,7.5610e+01,7.5653e+01,7.5635e+01,7.5730e+01,7.5871e+01,7.5986e+01,7.6169e+01,7.6104e+01,7.6090e+01,7.6229e+01,7.6165e+01,7.6248e+01,7.5972e+01,7.5770e+01,7.5691e+01,7.5250e+01,7.4914e+01,7.4664e+01,7.4414e+01,7.4209e+01,7.3961e+01,7.3673e+01,7.3370e+01,7.2974e+01,7.2599e+01,7.2182e+01,7.1787e+01,7.1108e+01,7.0593e+01,6.9926e+01,6.9419e+01,6.8956e+01,6.8620e+01,6.8438e+01,6.8287e+01,6.8284e+01,6.8345e+01,6.8364e+01,6.8496e+01,6.8604e+01,6.8801e+01,6.9008e+01,6.9082e+01,6.8923e+01,6.8995e+01,6.9013e+01,6.8971e+01,6.8944e+01,6.8929e+01,6.8995e+01,6.9243e+01,6.9438e+01,6.9723e+01,7.0085e+01,7.0409e+01,7.0912e+01,7.1355e+01,7.1940e+01,7.2442e+01,7.3079e+01,7.3443e+01,7.3425e+01,7.3714e+01,7.3617e+01,7.3612e+01,7.3570e+01,7.3616e+01,7.3735e+01,7.3848e+01,7.4128e+01
7.6259e+01,7.5967e+01,7.5871e+01,7.5700e+01,7.5596e+01,7.5489e+01,7.5534e+01,7.5523e+01,7.5622e+01,7.5770e+01,7.5890e+01,7.6083e+01,7.6023e+01,7.6011e+01,7.6153e+01,7.6094e+01,7.6179e+01,7.5907e+01,7.5706e+01,7.5629e+01,7.5186e+01,7.4849e+01,7.4600e+01,7.4351e+01,7.4147e+01,7.3898e+01,7.3609e+01,7.3305e+01,7.2911e+01,7.2535e+01,7.2117e+01,7.1721e+01,7.1039e+01,7.0525e+01,6.9859e+01,6.9355e+01,6.8892e+01,6.8560e+01,6.8378e+01,6.8230e+01,6.8228e+01,6.8290e+01,6.8315e+01,6.8444e+01,6.8555e+01,6.8753e+01,6.8961e+01,6.9030e+01,6.8868e+01,6.8944e+01,6.8964e+01,6.8923e+01,6.8892e+01,6.8882e+01,6.8947e+01,6.9194e+01,6.9388e+01,6.9668e+01,7.0020e+01,7.0336e+01,7.0836e+01,7.1268e+01,7.1845e+01,7.2343e+01,7.2979e+01,7.3343e+01,7.3321e+01,7.3613e+01,7.3513e+01,7.3505e+01,7.3462e+01,7.3505e+01,7.3623e+01,7.3741e+01,7.4022e+01
7.6312e+01,7.6017e+01,7.5920e+01,7.5747e+01,7.5642e+01,7.5532e+01,7.5578e+01,7.5572e+01,7.5672e+01,7.5823e+01,7.5947e+01,7.6143e+01,7.6086e+01,7.6075e+01,7.6222e+01,7.6170e+01,7.6258e+01,7.5990e+01,7.5791e+01,7.5715e+01,7.5273e+01,7.4937e+01,7.4691e+01,7.4444e+01,7.4241e+01,7.3992e+01,7.3702e+01,7.3401e+01,7.3012e+01,7.2640e+01,7.2228e+01,7.1836e+01,7.1159e+01,7.0654e+01,6.9993e+01,6.9495e+01,6.9038e+01,6.8714e+01,6.8534e+01,6.8385e+01,6.8380e+01,6.8438e+01,6.8469e+01,6.8597e+01,6.8713e+01,6.8913e+01,6.9120e+01,6.9186e+01,6.9024e+01,6.9103e+01,6.9120e+01,6.9079e+01,6.9047e+01,6.9034e+01,6.9096e+01,6.9342e+01,6.9528e+01,6.9795e+01,7.0135e+01,7.0435e+01,7.0923e+01,7.1343e+01,7.1910e+01,7.2401e+01,7.3027e+01,7.3385e+01,7.3361e+01,7.3653e+01,7.3550e+01,7.3536e+01,7.3492e+01,7.3532e+01,7.3651e+01,7.3774e+01,7.4058e+01
7.6386e+01,7.6093e+01,7.5997e+01,7.5825e+01,7.5720e+01,7.5612e+01,7.5659e+01,7.5656e+01,7.5754e+01,7.5906e+01,7.6032e+01,7.6230e+01,7.6173e+01,7.6162e+01,7.6312e+01,7.6267e+01,7.6356e+01,7.6094e+01,7.5895e+01,7.5822e+01,7.5383e+01,7.5049e+01,7.4808e+01,7.4563e+01,7.4366e+01,7.4118e+01,7.3825e+01,7.3525e+01,7.3142e+01,7.2769e+01,7.2358e+01,7.1969e+01,7.1292e+01,7.0792e+01,7.0135e+01,6.9640e+01,6.9185e+01,6.8866e+01,6.8685e+01,6.8538e+01,6.8530e+01,6.8586e+01,6.8621e+01,6.8744e+01,6.8864e+01,6.9067e+01,6.9271e+01,6.9330e+01,6.9166e+01,6.9249e+01,6.9268e+01,6.9225e+01,6.9191e+01,6.9181e+01,6.9244e+01,6.9491e+01,6.9676e+01,6.9940e+01,7.0274e+01,7.0566e+01,7.1051e+01,7.1464e+01,7.2027e+01,7.2512e+01,7.3136e+01,7.3496e+01,7.3475e+01,7.3770e+01,7.3668e+01,7.3649e+01,7.3603e+01,7.3641e+01,7.3759e+01,7.3887e+01,7.4172e+01
7.6499e+01,7.6205e+01,7.6107e+01,7.5933e+01,7.5830e+01,7.5726e+01,7.5776e+01,7.5775e+01,7.5873e+01,7.6028e+01,7.6151e+01,7.6352e+01,7.6296e+01,7.6288e+01,7.6442e+01,7.6400e+01,7.6489e+01,7.6229e+01,7.6034e+01,7.5963e+01,7.5524e+01,7.5192e+01,7.4952e+01,7.4710e+01,7.4515e+01,7.4271e+01,7.3983e+01,7.3691e+01,7.3315e+01,7.2945e+01,7.2537e+01,7.2152e+01,7.1480e+01,7.0985e+01,7.0336e+01,6.9849e+01,6.9398e+01,6.9079e+01,6.8895e+01,6.8744e+01,6.8730e+01,6.8783e+01,6.8817e+01,6.8935e+01,6.9058e+01,6.9263e+01,6.9464e+01,6.9517e+01,6.9353e+01,6.9436e+01,6.9452e+01,6.9412e+01,6.9373e+01,6.9362e+01,6.9426e+01,6.9668e+01,6.9848e+01,7.0104e+01,7.0432e+01,7.0717e+01,7.1196e+01,7.1606e+01,7.2168e+01,7.2650e+01,7.3267e+01,7.3626e+01,7.3609e+01,7.3902e+01,7.3801e+01,7.3786e+01,7.3744e+01,7.3782e+01,7.3902e+01,7.4032e+01,7.4316e+01
7.6502e+01,7.6205e+01,7.6103e+01,7.5928e+01,7.5824e+01,7.5719e+01,7.5770e+01,7.5773e+01,7.5873e+01,7.6030e+01,7.6155e+01,7.6358e+01,7.6305e+01,7.6299e+01,7.6456e+01,7.6421e+01,7.6512e+01,7.6257e+01,7.6066e+01,7.5997e+01,7.5560e+01,7.5227e+01,7.4989e+01,7.4750e+01,7.4555e+01,7.4307e+01,7.4017e+01,7.3723e+01,7.3347e+01,7.2981e+01,7.2578e+01,7.2192e+01,7.1523e+01,7.1035e+01,7.0390e+01,6.9909e+01,6.9465e+01,6.9154e+01,6.8971e+01,6.8822e+01,6.8807e+01,6.8856e+01,6.8899e+01,6.9022e+01,6.9150e+01,6.9359e+01,6.9563e+01,6.9614e+01,6.9452e+01,6.9538e+01,6.9550e+01,6.9508e+01,6.9471e+01,6.9457e+01,6.9517e+01,6.9760e+01,6.9938e+01,7.0182e+01,7.0500e+01,7.0777e+01,7.1244e+01,7.1646e+01,7.2202e+01,7.2677e+01,7.3287e+01,7.3643e+01,7.3619e+01,7.3913e+01,7.3810e+01,7.3783e+01,7.3740e+01,7.3771e+01,7.3889e+01,7.4024e+01,7.4312e+01
7.6679e+01,7.6381e+01,7.6277e+01,7.6100e+01,7.5994e+01,7.5891e+01,7.5943e+01,7.5946e+01,7.6045e+01,7.6201e+01,7.6325e+01,7.6527e+01,7.6475e+01,7.6471e+01,7.6627e+01,7.6595e+01,7.6688e+01,7.6437e+01,7.6250e+01,7.6182e+01,7.5753e+01,7.5424e+01,7.5190e+01,7.4957e+01,7.4765e+01,7.4520e+01,7.4234e+01,7.3947e+01,7.3575e+01,7.3214e+01,7.2819e+01,7.2439e+01,7.1777e+01,7.1297e+01,7.0658e+01,7.0187e+01,6.9746e+01,6.9441e+01,6.9254e+01,6.9100e+01,6.9080e+01,6.9124e+01,6.9173e+01,6.9297e+01,6.9428e+01,6.9638e+01,6.9841e+01,6.9889e+01,6.9728e+01,6.9818e+01,6.9827e+01,6.9785e+01,6.9749e+01,6.9734e+01,6.9795e+01,7.0036e+01,7.0211e+01,7.0449e+01,7.0762e+01,7.1034e+01,7.1494e+01,7.1891e+01,7.2440e+01,7.2911e+01,7.3515e+01,7.3865e+01,7.3834e+01,7.4120e+01,7.4018e+01,7.3984e+01,7.3942e+01,7.3969e+01,7.4083e+01,7.4223e+01,7.4514e+01
7.6528e+01,7.6228e+01,7.6119e+01,7.5940e+01,7.5832e+01,7.5728e+01,7.5779e+01,7.5783e+01,7.5881e+01,7.6036e+01,7.6158e+01,7.6360e+01,7.6311e+01,7.6306e+01,7.6462e+01,7.6435e+01,7.6532e+01,7.6284e+01,7.6099e+01,7.6033e+01,7.5608e+01,7.5282e+01,7.5049e+01,7.4818e+01,7.4626e+01,7.4374e+01,7.4084e+01,7.3796e+01,7.3425e+01,7.3064e+01,7.2671e+01,7.2291e+01,7.1633e+01,7.1157e+01,7.0524e+01,7.0056e+01,6.9619e+01,6.9319e+01,6.9129e+01,6.8974e+01,6.8952e+01,6.8992e+01,6.9048e+01,6.9179e+01,6.9314e+01,6.9528e+01,6.9734e+01,6.9783e+01,6.9626e+01,6.9722e+01,6.9728e+01,6.9684e+01,6.9648e+01,6.9634e+01,6.9693e+01,6.9935e+01,7.0108e+01,7.0339e+01,7.0651e+01,7.0919e+01,7.1367e+01,7.1760e+01,7.2304e+01,7.2771e+01,7.3369e+01,7.3722e+01,7.3682e+01,7.3967e+01,7.3866e+01,7.3822e+01,7.3778e+01,7.3797e+01,7.3907e+01,7.4052e+01,7.4348e+01
7.6447e+01,7.6142e+01,7.6030e+01,7.5846e+01,7.5736e+01,7.5630e+01,7.5680e+01,7.5686e+01,7.5787e+01,7.5943e+01,7.6066e+01,7.6269e+01,7.6221e+01,7.6214e+01,7.6370e+01,7.6346e+01,7.6443e+01,7.6197e+01,7.6013e+01,7.5947e+01,7.5526e+01,7.5206e+01,7.4975e+01,7.4749e+01,7.4563e+01,7.4311e+01,7.4017e+01,7.3732e+01,7.3363e+01,7.3002e+01,7.2612e+01,7.2231e+01,7.1578e+01,7.1109e+01,7.0480e+01,7.0017e+01,6.9583e+01,6.9290e+01,6.9097e+01,6.8940e+01,6.8913e+01,6.8949e+01,6.9010e+01,6.9143e+01,6.9278e+01,6.9496e+01,6.9705e+01,6.9754e+01,6.9598e+01,6.9696e+01,6.9699e+01,6.9654e+01,6.9614e+01,6.9599e+01,6.9652e+01,6.9891e+01,7.0062e+01,7.0287e+01,7.0598e+01,7.0868e+01,7.1313e+01,7.1703e+01,7.2245e+01,7.2711e+01,7.3308e+01,7.3659e+01,7.3611e+01,7.3890e+01,7.3786e+01,7.3735e+01,7.3684e+01,7.3699e+01,7.3805e+01,7.3958e+01,7.4261e+01
7.6443e+01,7.6135e+01,7.6020e+01,7.5832e+01,7.5721e+01,7.5616e+01,7.5666e+01,7.5673e+01,7.5772e+01,7.5929e+01,7.6051e+01,7.6253e+01,7.6206e+01,7.6199e+01,7.6356e+01,7.6337e+01,7.6437e+01,7.6195e+01,7.6015e+01,7.5953e+01,7.5536e+01,7.5219e+01,7.4990e+01,7.4769e+01,7.4588e+01,7.4334e+01,7.4039e+01,7.3757e+01,7.3391e+01,7.3031e+01,7.2644e+01,7.2264e+01,7.1618e+01,7.1160e+01,7.0533e+01,7.0073e+01,6.9641e+01,6.9352e+01,6.9159e+01,6.9000e+01,6.8970e+01,6.9003e+01,6.9069e+01,6.9205e+01,6.9343e+01,6.9563e+01,6.9774e+01,6.9823e+01,6.9670e+01,6.9770e+01,6.9771e+01,6.9724e+01,6.9685e+01,6.9670e+01,6.9726e+01,6.9966e+01,7.0139e+01,7.0363e+01,7.0675e+01,7.0944e+01,7.1382e+01,7.1769e+01,7.2302e+01,7.2769e+01,7.3366e+01,7.3717e+01,7.3670e+01,7.3949e+01,7.3849e+01,7.3800e+01,7.3750e+01,7.3767e+01,7.3874e+01,7.4030e+01,7.4334e+01
7.6453e+01,7.6144e+01,7.6027e+01,7.5837e+01,7.5721e+01,7.5612e+01,7.5660e+01,7.5665e+01,7.5763e+01,7.5916e+01,7.6038e+01,7.6239e+01,7.6191e+01,7.6186e+01,7.6342e+01,7.6328e+01,7.6430e+01,7.6192e+01,7.6015e+01,7.5954e+01,7.5548e+01,7.5240e+01,7.5015e+01,7.4799e+01,7.4624e+01,7.4373e+01,7.4081e+01,7.3801e+01,7.3436e+01,7.3078e+01,7.2693e+01,7.2313e+01,7.1669e+01,7.1215e+01,7.0590e+01,7.0128e+01,6.9698e+01,6.9409e+01,6.9211e+01,6.9048e+01,6.9013e+01,6.9040e+01,6.9104e+01,6.9241e+01,6.9380e+01,6.9603e+01,6.9818e+01,6.9869e+01,6.9718e+01,6.9815e+01,6.9812e+01,6.9761e+01,6.9719e+01,6.9705e+01,6.9761e+01,7.0001e+01,7.0172e+01,7.0390e+01,7.0704e+01,7.0971e+01,7.1402e+01,7.1784e+01,7.2311e+01,7.2777e+01,7.3369e+01,7.3720e+01,7.3669e+01,7.3945e+01,7.3846e+01,7.3792e+01,7.3744e+01,7.3760e+01,7.3865e+01,7.4022e+01,7.4329e+01
7.6451e+01,7.6140e+01,7.6022e+01,7.5833e+01,7.5718e+01,7.5610e+01,7.5659e+01,7.5660e+01,7.5756e+01,7.5905e+01,7.6026e+01,7.6226e+01,7.6179e+01,7.6172e+01,7.6326e+01,7.6316e+01,7.6420e+01,7.6185e+01,7.6014e+01,7.5957e+01,7.5556e+01,7.5251e+01,7.5028e+01,7.4814e+01,7.4642e+01,7.4393e+01,7.4104e+01,7.3829e+01,7.3463e+01,7.3103e+01,7.2722e+01,7.2343e+01,7.1704e+01,7.1253e+01,7.0635e+01,7.0175e+01,6.9750e+01,6.9465e+01,6.9267e+01,6.9107e+01,6.9070e+01,6.9098e+01,6.9163e+01,6.9299e+01,6.9436e+01,6.9660e+01,6.9875e+01,6.9926e+01,6.9779e+01,6.9879e+01,6.9876e+01,6.9826e+01,6.9785e+01,6.9775e+01,6.9833e+01,7.0075e+01,7.0247e+01,7.0461e+01,7.0775e+01,7.1041e+01,7.1466e+01,7.1845e+01,7.2366e+01,7.2830e+01,7.3414e+01,7.3761e+01,7.3707e+01,7.3975e+01,7.3879e+01,7.3827e+01,7.3785e+01,7.3806e+01,7.3915e+01,7.4070e+01,7.4379e+01
7.6403e+01,7.6090e+01,7.5968e+01,7.5779e+01,7.5664e+01,7.5559e+01,7.5607e+01,7.5607e+01,7.5703e+01,7.5850e+01,7.5972e+01,7.6169e+01,7.6122e+01,7.6114e+01,7.6267e+01,7.6258e+01,7.6362e+01,7.6126e+01,7.5960e+01,7.5904e+01,7.5509e+01,7.5211e+01,7.4989e+01,7.4775e+01,7.4605e+01,7.4356e+01,7.4064e+01,7.3788e+01,7.3429e+01,7.3069e+01,7.2689e+01,7.2310e+01,7.1677e+01,7.1231e+01,7.0619e+01,7.0161e+01,6.9744e+01,6.9461e+01,6.9264e+01,6.9103e+01,6.9060e+01,6.9086e+01,6.9149e+01,6.9287e+01,6.9425e+01,6.9652e+01,6.9868e+01,6.9919e+01,6.9772e+01,6.9870e+01,6.9864e+01,6.9811e+01,6.9766e+01,6.9757e+01,6.9818e+01,7.0059e+01,7.0235e+01,7.0450e+01,7.0769e+01,7.1039e+01,7.1461e+01,7.1841e+01,7.2361e+01,7.2824e+01,7.3405e+01,7.3749e+01,7.3694e+01,7.3955e+01,7.3858e+01,7.3801e+01,7.3763e+01,7.3784e+01,7.3892e+01,7.4047e+01,7.4360e+01
7.6566e+01,7.6253e+01,7.6128e+01,7.5940e+01,7.5824e+01,7.5723e+01,7.5772e+01,7.5768e+01,7.5859e+01,7.6006e+01,7.6125e+01,7.6322e+01,7.6274e+01,7.6267e+01,7.6418e+01,7.6409e+01,7.6515e+01,7.6277e+01,7.6115e+01,7.6058e+01,7.5665e+01,7.5368e+01,7.5146e+01,7.4930e+01,7.4760e+01,7.4509e+01,7.4214e+01,7.3937e+01,7.3579e+01,7.3217e+01,7.2834e+01,7.2454e+01,7.1823e+01,7.1374e+01,7.0769e+01,7.0314e+01,6.9902e+01,6.9618e+01,6.9421e+01,6.9260e+01,6.9215e+01,6.9238e+01,6.9297e+01,6.9432e+01,6.9564e+01,6.9791e+01,7.0005e+01,7.0057e+01,6.9914e+01,7.0012e+01,7.0008e+01,6.9954e+01,6.9907e+01,6.9900e+01,6.9960e+01,7.0198e+01,7.0373e+01,7.0588e+01,7.0909e+01,7.1183e+01,7.1603e+01,7.1982e+01,7.2505e+01,7.2966e+01,7.3541e+01,7.3883e+01,7.3828e+01,7.4088e+01,7.3983e+01,7.3918e+01,7.3881e+01,7.3905e+01,7.4015e+01,7.4169e+01,7.4484e+01
7.6800e+01,7.6488e+01,7.6365e+01,7.6179e+01,7.6064e+01,7.5966e+01,7.6016e+01,7.6006e+01,7.6090e+01,7.6231e+01,7.6347e+01,7.6539e+01,7.6491e+01,7.6483e+01,7.6631e+01,7.6624e+01,7.6729e+01,7.6489e+01,7.6330e+01,7.6268e+01,7.5874e+01,7.5577e+01,7.5350e+01,7.5135e+01,7.4965e+01,7.4715e+01,7.4420e+01,7.4143e+01,7.3788e+01,7.3427e+01,7.3044e+01,7.2663e+01,7.2034e+01,7.1585e+01,7.0987e+01,7.0536e+01,7.0129e+01,6.9849e+01,6.9652e+01,6.9497e+01,6.9452e+01,6.9474e+01,6.9531e+01,6.9664e+01,6.9792e+01,7.0020e+01,7.0234e+01,7.0288e+01,7.0147e+01,7.0245e+01,7.0240e+01,7.0185e+01,7.0139e+01,7.0137e+01,7.0198e+01,7.0438e+01,7.0615e+01,7.0833e+01,7.1156e+01,7.1437e+01,7.1855e+01,7.2234e+01,7.2757e+01,7.3211e+01,7.3774e+01,7.4108e+01,7.4057e+01,7.4303e+01,7.4203e+01,7.4130e+01,7.4099e+01,7.4125e+01,7.4236e+01,7.4387e+01,7.4700e+01
7.6956e+01,7.6646e+01,7.6526e+01,7.6343e+01,7.6230e+01,7.6136e+01,7.6186e+01,7.6174e+01,7.6252e+01,7.6388e+01,7.6502e+01,7.6692e+01,7.6642e+01,7.6633e+01,7.6778e+01,7.6769e+01,7.6873e+01,7.6633e+01,7.6477e+01,7.6416e+01,7.6020e+01,7.5724e+01,7.5492e+01,7.5280e+01,7.5109e+01,7.4861e+01,7.4568e+01,7.4294e+01,7.3944e+01,7.3585e+01,7.3203e+01,7.2825e+01,7.2197e+01,7.1749e+01,7.1156e+01,7.0707e+01,7.0301e+01,7.0021e+01,6.9820e+01,6.9662e+01,6.9616e+01,6.9634e+01,6.9686e+01,6.9814e+01,6.9937e+01,7.0164e+01,7.0380e+01,7.0432e+01,7.0291e+01,7.0391e+01,7.0384e+01,7.0328e+01,7.0281e+01,7.0280e+01,7.0345e+01,7.0581e+01,7.0758e+01,7.0975e+01,7.1297e+01,7.1578e+01,7.1989e+01,7.2361e+01,7.2877e+01,7.3323e+01,7.3877e+01,7.4202e+01,7.4159e+01,7.4401e+01,7.4314e+01,7.4254e+01,7.4239e+01,7.4271e+01,7.4388e+01,7.4530e+01,7.4834e+01
7.7274e+01,7.6966e+01,7.6850e+01,7.6670e+01,7.6558e+01,7.6465e+01,7.6515e+01,7.6498e+01,7.6571e+01,7.6703e+01,7.6814e+01,7.7003e+01,7.6953e+01,7.6944e+01,7.7088e+01,7.7080e+01,7.7182e+01,7.6942e+01,7.6788e+01,7.6726e+01,7.6330e+01,7.6035e+01,7.5801e+01,7.5591e+01,7.5420e+01,7.5173e+01,7.4886e+01,7.4613e+01,7.4266e+01,7.3908e+01,7.3526e+01,7.3150e+01,7.2522e+01,7.2076e+01,7.1485e+01,7.1040e+01,7.0634e+01,7.0350e+01,7.0148e+01,6.9989e+01,6.9941e+01,6.9954e+01,7.0000e+01,7.0124e+01,7.0239e+01,7.0465e+01,7.0683e+01,7.0742e+01,7.0603e+01,7.0702e+01,7.0693e+01,7.0633e+01,7.0583e+01,7.0583e+01,7.0644e+01,7.0874e+01,7.1047e+01,7.1257e+01,7.1574e+01,7.1854e+01,7.2259e+01,7.2624e+01,7.3136e+01,7.3571e+01,7.4112e+01,7.4423e+01,7.4391e+01,7.4628e+01,7.4552e+01,7.4487e+01,7.4482e+01,7.4516e+01,7.4635e+01,7.4768e+01,7.5068e+01
7.7417e+01,7.7111e+01,7.6996e+01,7.6819e+01,7.6710e+01,7.6622e+01,7.6673e+01,7.6654e+01,7.6724e+01,7.6854e+01,7.6963e+01,7.7152e+01,7.7103e+01,7.7094e+01,7.7235e+01,7.7227e+01,7.7328e+01,7.7087e+01,7.6936e+01,7.6876e+01,7.6482e+01,7.6188e+01,7.5953e+01,7.5743e+01,7.5567e+01,7.5320e+01,7.5035e+01,7.4762e+01,7.4418e+01,7.4061e+01,7.3680e+01,7.3308e+01,7.2678e+01,7.2233e+01,7.1644e+01,7.1198e+01,7.0793e+01,7.0508e+01,7.0305e+01,7.0147e+01,7.0098e+01,7.0115e+01,7.0158e+01,7.0280e+01,7.0395e+01,7.0619e+01,7.0840e+01,7.0901e+01,7.0766e+01,7.0870e+01,7.0866e+01,7.0805e+01,7.0760e+01,7.0763e+01,7.0829e+01,7.1056e+01,7.1234e+01,7.1443e+01,7.1760e+01,7.2041e+01,7.2441e+01,7.2806e+01,7.3314e+01,7.3740e+01,7.4277e+01,7.4580e+01,7.4560e+01,7.4800e+01,7.4730e+01,7.4672e+01,7.4672e+01,7.4712e+01,7.4834e+01,7.4961e+01,7.5253e+01
7.7658e+01,7.7354e+01,7.7237e+01,7.7062e+01,7.6952e+01,7.6864e+01,7.6911e+01,7.6891e+01,7.6956e+01,7.7083e+01,7.7191e+01,7.7378e+01,7.7331e+01,7.7320e+01,7.7459e+01,7.7453e+01,7.7552e+01,7.7313e+01,7.7165e+01,7.7107e+01,7.6719e+01,7.6427e+01,7.6195e+01,7.5989e+01,7.5811e+01,7.5564e+01,7.5281e+01,7.5008e+01,7.4663e+01,7.4307e+01,7.3928e+01,7.3558e+01,7.2928e+01,7.2487e+01,7.1903e+01,7.1458e+01,7.1057e+01,7.0772e+01,7.0569e+01,7.0415e+01,7.0366e+01,7.0383e+01,7.0422e+01,7.0540e+01,7.0653e+01,7.0874e+01,7.1092e+01,7.1153e+01,7.1024e+01,7.1131e+01,7.1129e+01,7.1067e+01,7.1024e+01,7.1024e+01,7.1090e+01,7.1314e+01,7.1496e+01,7.1703e+01,7.2021e+01,7.2304e+01,7.2703e+01,7.3069e+01,7.3578e+01,7.3999e+01,7.4531e+01,7.4829e+01,7.4820e+01,7.5059e+01,7.4989e+01,7.4929e+01,7.4927e+01,7.4970e+01,7.5098e+01,7.5219e+01,7.5504e+01
