1.335778175313059091e+00 1.013003011223651884e+00 0.000000000000000000e+00 1.613002754820936691e+00 0.000000000000000000e+00 0.000000000000000000e+00 2.097800925925926041e+00 0.000000000000000000e+00 1.361545372866127535e+00 7.622472378569939977e-01 4.955233706385779868e+00 2.027703066164604717e+00 6.340302566717661570e-01 2.091590106007067185e+00 5.875898002684140087e-01 0.000000000000000000e+00 6.168487255875537700e-01 1.809855649576904035e+00 6.369845470844360813e-01 0.000000000000000000e+00 9.768702088289716867e-01 0.000000000000000000e+00 0.000000000000000000e+00 0.000000000000000000e+00 5.809546847282696103e-01 1.670883190883190927e+00 0.000000000000000000e+00 2.051468939224041055e+00 2.370651486401011976e+00 3.576084293065425190e-01
5.568249701314217370e-01 4.227293525509036587e-01 1.329067321178120542e+00 3.220077560373699743e-01 3.936658833582568073e-01 0.000000000000000000e+00 1.130828712020620186e+00 1.051582815149802119e+00 1.162519201228878751e+00 3.366022099447513849e+00 2.393630573248407778e+00 8.433019713261649120e-01 2.307561334262054231e+00 4.165914730430859692e-01 1.024245763879322313e+00 0.000000000000000000e+00 5.266694963214487712e-01 2.983169129720853796e+00 2.318457471621831800e+00 3.977775380299924390e-01 4.076999558108705402e-01 0.000000000000000000e+00 0.000000000000000000e+00 1.259385665529010323e+00 2.427790525037117064e-01 3.070893371757925205e+00 0.000000000000000000e+00 3.201700561009817592e-01 0.000000000000000000e+00 6.223531420765027189e-01
6.169808201058201158e-01 4.684017223910840744e-01 1.472631987577639689e+00 1.521076979052965239e+00 4.361991485335856011e-01 0.000000000000000000e+00 2.752349311817750444e+00 0.000000000000000000e+00 4.086299892125135003e+00 1.103713768115942129e+00 2.661712668082094613e+00 9.343998015873016261e-01 2.570862410614284332e+00 1.446596244131455489e+00 0.000000000000000000e+00 0.000000000000000000e+00 1.832104228121927303e+00 6.397534668721109874e-01 6.026179702650290571e-01 4.407548972766364148e-01 4.517490215264187703e-01 0.000000000000000000e+00 0.000000000000000000e+00 0.000000000000000000e+00 8.406862745098039325e-01 1.575659839810783280e+00 0.000000000000000000e+00 1.110048573163327168e+00 1.456878949927078226e+00 1.441667489874543184e+00
2.088498897283093125e+00 1.296198335449287642e+00 0.000000000000000000e+00 9.840483154587802428e-01 9.520407831931682052e-01 8.779541446208113387e-01 2.558074660174477710e+00 2.994574459470402683e-01 6.760107816711590223e-01 3.747580332946186532e-01 9.006630500301386899e-01 3.799782608695652097e+00 2.786563307493540087e+00 1.553433635178464556e+00 1.877380045696877442e+00 0.000000000000000000e+00 6.211034193413047522e-01 8.631037780966045458e-01 9.760273972602739878e-01 2.312740581813592378e-01 9.863271407934961488e-01 1.638330419580419584e+00 0.000000000000000000e+00 7.222368075610396954e-01 5.848952478283085954e-01 8.052443780599120027e-01 0.000000000000000000e+00 1.189100728254643746e+00 0.000000000000000000e+00 5.457421168909419862e-01
3.876485788113694930e+00 2.939897192566231610e+00 0.000000000000000000e+00 3.564318034906270416e+00 0.000000000000000000e+00 0.000000000000000000e+00 8.766710827411778872e-01 0.000000000000000000e+00 0.000000000000000000e+00 0.000000000000000000e+00 5.315049226441631802e+00 0.000000000000000000e+00 1.776671408250355633e+00 4.618061309030654371e+00 0.000000000000000000e+00 0.000000000000000000e+00 0.000000000000000000e+00 3.128498001142204554e+00 0.000000000000000000e+00 0.000000000000000000e+00 0.000000000000000000e+00 0.000000000000000000e+00 0.000000000000000000e+00 0.000000000000000000e+00 0.000000000000000000e+00 0.000000000000000000e+00 0.000000000000000000e+00 3.543876567020250778e+00 0.000000000000000000e+00 0.000000000000000000e+00
2.328348909657320664e+00 1.146062200216617644e+00 1.756706753006475497e+00 0.000000000000000000e+00 5.203607157954065476e-01 0.000000000000000000e+00 2.874709976798143884e+00 0.000000000000000000e+00 0.000000000000000000e+00 0.000000000000000000e+00 5.651162790697674687e+00 3.542723004694835698e+00 0.000000000000000000e+00 5.506621038535932655e-01 6.631354046114128487e-01 0.000000000000000000e+00 6.961552818215752669e-01 7.658700915885883198e-01 0.000000000000000000e+00 0.000000000000000000e+00 1.105184521141491016e+00 0.000000000000000000e+00 0.000000000000000000e+00 5.332131265777136919e-01 1.010084033613445342e+00 4.407981728573145963e-01 0.000000000000000000e+00 4.059279778393351634e+00 2.688888888888889106e+00 1.271540469973890364e+00
5.392795138888888395e-01 8.348867423600520032e-01 1.287194293478260976e+00 1.320146321636634701e+00 7.773031693297474121e-01 0.000000000000000000e+00 2.027362188975117885e+00 4.987929184549356187e-01 1.125892857142857251e+00 1.305043105373654422e+00 2.315800287651530898e+00 2.565538391640163507e+00 5.242820945945946276e-01 1.258575647432985001e+00 9.914632519674536626e-01 0.000000000000000000e+00 1.593990864972880450e+00 8.525289696210460733e-01 1.075180375180375236e+00 3.852424749163879669e-01 3.948523116438356073e-01 0.000000000000000000e+00 0.000000000000000000e+00 1.218430034129692752e+00 1.547568710359408017e+00 0.000000000000000000e+00 0.000000000000000000e+00 1.312553334830451446e+00 1.270520329343858723e+00 1.594488188976378007e+00
9.232868217054263082e-01 7.001660735468564489e-01 1.082236842105263053e+00 2.621872303710094942e-01 6.518715393133998059e-01 6.051017113335486197e-01 2.521620867624494444e+00 1.769863013698630194e+00 2.974022566255575928e+00 2.592105263157894468e-01 6.580833657966497441e+00 2.146079177769318669e+00 4.407894736842105088e-01 1.052769318614388938e+00 4.085003303237172423e-01 0.000000000000000000e+00 4.288434903047091407e-01 7.131002361584886096e-01 0.000000000000000000e+00 3.238866396761133637e-01 1.397355074181163115e+00 7.389041633935585773e-01 0.000000000000000000e+00 3.284567350579839506e-01 6.117703838292073426e-01 5.519169027384325243e-01 0.000000000000000000e+00 2.015745856353591048e+00 2.213698630136986090e+00 1.618754633061527004e+00
2.688713156002875415e+00 0.000000000000000000e+00 2.015376458112407398e+00 2.125851819631723760e+00 5.969956388305605044e-01 0.000000000000000000e+00 2.266088259159852569e+00 0.000000000000000000e+00 0.000000000000000000e+00 0.000000000000000000e+00 6.572798605056669352e+00 1.278794037940379491e+00 0.000000000000000000e+00 6.317584854170219533e-01 0.000000000000000000e+00 0.000000000000000000e+00 7.986735130509199365e-01 2.400791034937376445e+00 0.000000000000000000e+00 0.000000000000000000e+00 1.271993127147766245e+00 0.000000000000000000e+00 0.000000000000000000e+00 0.000000000000000000e+00 1.166451195862960644e+00 1.039801699716713879e+00 0.000000000000000000e+00 1.540142917192097505e+00 2.007219251336898491e+00 1.468367141996384850e+00
1.310399297937691943e+00 0.000000000000000000e+00 1.527576489533011284e+00 2.482898976765221200e+00 4.524773117488349317e-01 8.541240627130197716e-01 1.673903002309468757e+00 1.211613532856213427e+00 0.000000000000000000e+00 7.477629493276064521e-01 1.796751850967279740e+00 9.692644032921811093e-01 6.222055388722055325e-01 2.623758865248226879e+00 0.000000000000000000e+00 8.488030713640469793e-01 1.239132241708918558e+00 1.773414634146341484e+00 1.279759862778730772e+00 1.434343434343434254e+00 0.000000000000000000e+00 0.000000000000000000e+00 0.000000000000000000e+00 9.481452958541907172e-01 2.790562529056253016e-01 3.832914835739694714e-01 8.932811016144349692e-01 2.010164835164835129e+00 0.000000000000000000e+00 1.099317131954207660e+00
9.945803759722442461e-01 1.155534689249521740e+00 0.000000000000000000e+00 1.527485795454545547e+00 5.771013103227868868e-01 2.109397396938249014e-01 1.844099977749758867e+00 4.465817201666258396e-01 6.696460816179126141e-01 8.640106206082711626e-01 2.944880841432565788e+00 9.922355551073913649e-01 1.313290641500954870e+00 1.275689002377388359e+00 4.349176021017435168e-01 6.428197064989518150e-01 1.276586442826852075e+00 9.499005047563580106e-01 6.350710900473933718e-01 4.627257589342897437e-01 8.513481710597095020e-01 2.576021760357092849e-01 6.993144591553718037e+00 2.308134521414199614e-01 8.126256913021618900e-01 5.899562660232242628e-01 2.206146657081236584e-01 1.405984163688599242e+00 9.494047619047618625e-01 1.129633044440346623e+00
1.467556214479861731e+00 1.408043777743762437e+00 0.000000000000000000e+00 2.291253580083719044e+00 1.594439013793852444e+00 9.513809341988036516e-01 1.680186480186480091e+00 1.355972540045766506e+00 1.493457573354480594e+00 6.172724184782608647e-01 2.019163292847503399e+00 1.080527719702977452e+00 1.053551136363636287e+00 1.094141714710805235e+00 3.158568866877294878e-01 4.649701343952215016e-01 1.760305851063829863e+00 9.375973015049299253e-01 1.058504566210045628e+00 7.723063973063972742e-01 5.204945619442378213e-01 1.776751893939394034e+00 0.000000000000000000e+00 0.000000000000000000e+00 3.094944779441958782e-01 8.740140950667266706e-01 0.000000000000000000e+00 1.062806873977086841e+00 8.214344781961518960e-01 1.013011671413413639e+00
4.362209302325581461e+00 0.000000000000000000e+00 0.000000000000000000e+00 0.000000000000000000e+00 0.000000000000000000e+00 0.000000000000000000e+00 4.795260039499670945e+00 0.000000000000000000e+00 0.000000000000000000e+00 1.168203497615262432e+00 2.796522382537920848e+00 0.000000000000000000e+00 0.000000000000000000e+00 0.000000000000000000e+00 1.840758060546394237e+00 0.000000000000000000e+00 0.000000000000000000e+00 2.210956416464890939e+00 0.000000000000000000e+00 1.459571119417666818e+00 0.000000000000000000e+00 0.000000000000000000e+00 0.000000000000000000e+00 1.480159521435692849e+00 8.909672655673147590e-01 0.000000000000000000e+00 0.000000000000000000e+00 4.017486338797814582e+00 2.356070087609511976e+00 0.000000000000000000e+00
1.735879629629629717e+00 2.784791159393144699e+00 0.000000000000000000e+00 4.765516123804894200e+00 0.000000000000000000e+00 0.000000000000000000e+00 8.327231121281464254e-01 0.000000000000000000e+00 0.000000000000000000e+00 9.925675675675675880e-01 0.000000000000000000e+00 0.000000000000000000e+00 0.000000000000000000e+00 1.298776223776223704e+00 0.000000000000000000e+00 0.000000000000000000e+00 0.000000000000000000e+00 5.567835365853658125e+00 0.000000000000000000e+00 0.000000000000000000e+00 1.271061643835616373e+00 0.000000000000000000e+00 0.000000000000000000e+00 0.000000000000000000e+00 0.000000000000000000e+00 1.039689265536723140e+00 0.000000000000000000e+00 2.107557722644485931e+00 2.001861702127659459e+00 9.519480519480519876e-01
3.903495044340114628e+00 1.388836860835362508e+00 0.000000000000000000e+00 1.633204633204633272e+00 1.293058226962755741e+00 0.000000000000000000e+00 1.353401677539608494e+00 1.693284936479128922e+00 1.853724053724053800e+00 1.045072029667664992e+00 5.370370370370370239e+00 2.779904306220095656e+00 8.632478632478632896e-01 0.000000000000000000e+00 0.000000000000000000e+00 0.000000000000000000e+00 0.000000000000000000e+00 2.538675958188153281e+00 0.000000000000000000e+00 0.000000000000000000e+00 6.501580611169652801e-01 0.000000000000000000e+00 0.000000000000000000e+00 6.432855280312907986e-01 0.000000000000000000e+00 5.317977690859047035e-01 0.000000000000000000e+00 2.877551020408163129e+00 1.024004364429896397e+00 0.000000000000000000e+00
4.653643410852713380e+00 0.000000000000000000e+00 0.000000000000000000e+00 4.329866562009419440e+00 0.000000000000000000e+00 0.000000000000000000e+00 1.041475972540045758e+00 0.000000000000000000e+00 0.000000000000000000e+00 2.655826558265582449e+00 0.000000000000000000e+00 0.000000000000000000e+00 0.000000000000000000e+00 0.000000000000000000e+00 0.000000000000000000e+00 0.000000000000000000e+00 0.000000000000000000e+00 5.471083660864683118e+00 0.000000000000000000e+00 0.000000000000000000e+00 1.589683219178082085e+00 0.000000000000000000e+00 0.000000000000000000e+00 0.000000000000000000e+00 0.000000000000000000e+00 0.000000000000000000e+00 3.030048076923077094e+00 2.671026339691189744e+00 0.000000000000000000e+00 1.190584415584415634e+00
3.159932659932660037e+00 0.000000000000000000e+00 0.000000000000000000e+00 0.000000000000000000e+00 2.234196267308850015e+00 0.000000000000000000e+00 1.515914291657998847e+00 0.000000000000000000e+00 0.000000000000000000e+00 1.806879606879606914e+00 0.000000000000000000e+00 0.000000000000000000e+00 0.000000000000000000e+00 2.364272091544818988e+00 0.000000000000000000e+00 0.000000000000000000e+00 2.988835725677831068e+00 1.605182257356170483e+00 0.000000000000000000e+00 0.000000000000000000e+00 2.313823163138231553e+00 0.000000000000000000e+00 0.000000000000000000e+00 0.000000000000000000e+00 0.000000000000000000e+00 0.000000000000000000e+00 0.000000000000000000e+00 6.701275045537340880e+00 3.644100580270793088e+00 0.000000000000000000e+00
2.905038759689922312e+00 2.203143534994068897e+00 0.000000000000000000e+00 8.026229508196721651e-01 9.811920529801324564e-01 0.000000000000000000e+00 1.390290519877675823e+00 1.283605150214592205e+00 0.000000000000000000e+00 7.935135135135135132e-01 0.000000000000000000e+00 0.000000000000000000e+00 1.349189189189189175e+00 2.171052631578947345e+00 0.000000000000000000e+00 0.000000000000000000e+00 4.319353597537514133e+00 3.228931652289316556e+00 1.355475113122171837e+00 0.000000000000000000e+00 1.016164383561643847e+00 0.000000000000000000e+00 0.000000000000000000e+00 0.000000000000000000e+00 0.000000000000000000e+00 0.000000000000000000e+00 0.000000000000000000e+00 7.980434782608695210e-01 1.600425531914893673e+00 1.589843750000000000e+00
1.238591269841269771e+00 9.403495440729483512e-01 0.000000000000000000e+00 0.000000000000000000e+00 0.000000000000000000e+00 0.000000000000000000e+00 0.000000000000000000e+00 0.000000000000000000e+00 0.000000000000000000e+00 0.000000000000000000e+00 1.695417789757412308e+00 0.000000000000000000e+00 2.509133567957097188e+00 1.929044834307992229e+00 0.000000000000000000e+00 0.000000000000000000e+00 0.000000000000000000e+00 1.308223477715003247e+00 0.000000000000000000e+00 8.848542761586239980e-01 0.000000000000000000e+00 0.000000000000000000e+00 1.283786316776007368e+02 0.000000000000000000e+00 0.000000000000000000e+00 0.000000000000000000e+00 0.000000000000000000e+00 7.122476708074534368e-01 0.000000000000000000e+00 0.000000000000000000e+00
6.186366135239142139e+00 4.686554621848739721e+00 0.000000000000000000e+00 0.000000000000000000e+00 0.000000000000000000e+00 0.000000000000000000e+00 8.766710827411778872e-01 0.000000000000000000e+00 3.815037593984962339e+00 0.000000000000000000e+00 5.315049226441631802e+00 0.000000000000000000e+00 0.000000000000000000e+00 0.000000000000000000e+00 0.000000000000000000e+00 0.000000000000000000e+00 0.000000000000000000e+00 4.443430656934306278e+00 0.000000000000000000e+00 0.000000000000000000e+00 0.000000000000000000e+00 0.000000000000000000e+00 0.000000000000000000e+00 0.000000000000000000e+00 7.969610218013652991e-01 1.094558429973238267e+00 0.000000000000000000e+00 2.224947017862549004e+00 2.107502799552071870e+00 1.002187286397812738e+00
1.703194778426657452e+00 1.996299638989169623e+00 0.000000000000000000e+00 1.794303797468354444e+00 8.855421686746988152e-01 5.403825333814507026e-01 1.484125818673088792e+00 0.000000000000000000e+00 8.453781512605041959e-01 9.680334950488469481e-01 2.984866587017124484e+00 1.249916749916749836e+00 2.569009216589861921e+00 1.966814946619217075e+00 7.414965986394558284e-01 0.000000000000000000e+00 0.000000000000000000e+00 1.572784810126582222e+00 0.000000000000000000e+00 0.000000000000000000e+00 9.173244702949729934e-01 6.598770851624231604e-01 0.000000000000000000e+00 0.000000000000000000e+00 3.580413297394429706e-01 1.014383989993746127e+00 5.651583710407239725e-01 1.235585402252068921e+00 1.450446949086669157e+00 1.434868421052631682e+00
2.112980222777903982e+00 2.308284129540168372e+00 0.000000000000000000e+00 1.476994797648807589e+00 5.676427412500966163e-01 5.278189126295748101e-01 1.447079716994643439e+00 7.433841218925421046e-01 0.000000000000000000e+00 6.982097186700767510e-01 2.912164788184997910e+00 2.535292131036811725e+00 7.815426707355571656e-01 1.239273094396769359e+00 7.240570646863396798e-01 0.000000000000000000e+00 3.740673522887679181e-01 1.295068280756157097e+00 7.852008456659619329e-01 8.735591206179441626e-01 8.954969574036510949e-01 2.732460923300617850e+00 0.000000000000000000e+00 8.859666733587633347e-01 3.496172785334698552e-01 4.805981948744976751e-01 0.000000000000000000e+00 1.205481265722229578e+00 4.561017363658596002e-01 1.399486521181001253e+00
2.120643050220515136e+00 2.975040257648953190e+00 0.000000000000000000e+00 1.897074099722991791e+00 7.196599570060582263e-01 6.671112296612430326e-01 1.865171435937097222e+00 0.000000000000000000e+00 0.000000000000000000e+00 8.879785853341986002e-01 1.397617274758004458e+00 7.570450885668277285e-01 1.515468113975576570e+00 1.581111468037263101e+00 9.179436480474543192e-01 1.353843377841934315e+00 4.727943046020849360e-01 1.663432151589242070e+00 0.000000000000000000e+00 0.000000000000000000e+00 1.138857436953165214e+00 8.146225394765304051e-01 0.000000000000000000e+00 0.000000000000000000e+00 2.179370565763143475e-01 6.093151141476420563e-01 6.976960237829803457e-01 8.930756055786640557e-01 1.176313306071091525e+00 1.797532894736842080e+00
2.905038759689922312e+00 0.000000000000000000e+00 0.000000000000000000e+00 8.026229508196721651e-01 2.051218161683277863e+00 0.000000000000000000e+00 8.985191279308926582e+00 0.000000000000000000e+00 0.000000000000000000e+00 0.000000000000000000e+00 0.000000000000000000e+00 2.101666666666666572e+00 0.000000000000000000e+00 0.000000000000000000e+00 2.616246498599439807e+00 0.000000000000000000e+00 1.312631578947368372e+00 0.000000000000000000e+00 0.000000000000000000e+00 0.000000000000000000e+00 1.016164383561643847e+00 2.261492537313432916e+00 0.000000000000000000e+00 0.000000000000000000e+00 0.000000000000000000e+00 2.726531620553359847e+00 0.000000000000000000e+00 1.667347865576748411e+00 1.600425531914893673e+00 0.000000000000000000e+00
2.922926447574334841e+00 0.000000000000000000e+00 0.000000000000000000e+00 1.231217761830006641e+00 1.506938775510204165e+00 0.000000000000000000e+00 1.020267417311752300e+00 1.975351179432812021e+00 0.000000000000000000e+00 1.217169476486246626e+00 1.905316455696202560e+00 0.000000000000000000e+00 2.077179962894248444e+00 5.071986836692718992e-01 6.107966199031914512e-01 3.893892339544513526e+00 1.314008810572687258e+00 0.000000000000000000e+00 1.357090909090909125e+00 0.000000000000000000e+00 0.000000000000000000e+00 0.000000000000000000e+00 0.000000000000000000e+00 2.109589041095890405e+00 2.955943883829682539e-01 8.307082152974504252e-01 4.101851851851852082e+00 1.224155235864837765e+00 7.818105965790571599e-01 1.167101827676240156e+00
3.260394828791055133e+00 4.521276595744680993e-01 1.421476761619190343e+00 0.000000000000000000e+00 4.210436172642155750e-01 0.000000000000000000e+00 0.000000000000000000e+00 1.726808905380333936e+00 1.243349753694581228e+00 1.064004270186335477e+00 5.530262190639549047e+00 9.019396551724138122e-01 1.815827922077922096e+00 9.100646352723914534e-01 1.681735985533453936e+00 7.898444070647603343e-01 5.632940108892922071e-01 6.171360604902085267e-01 1.189314194577352435e+00 8.688331567172965508e-01 8.905769578585639445e-01 0.000000000000000000e+00 1.143829401088929165e+00 1.350073135056070184e+00 5.296259516716319560e-01 3.566627703097603463e-01 5.642384105960265295e+00 0.000000000000000000e+00 3.770632045088566642e+00 3.265562024182713796e-01
2.644194312796208646e+00 9.513769363166953985e-01 0.000000000000000000e+00 0.000000000000000000e+00 0.000000000000000000e+00 5.403825333814507026e-01 0.000000000000000000e+00 1.160851196995775325e+00 8.453781512605041959e-01 4.698025551684088530e-01 5.542730299667036897e-01 6.132352941176471006e-01 8.003663003663004094e-01 1.269844005860553349e+00 7.414965986394558284e-01 5.370157819225250817e-01 0.000000000000000000e+00 4.172143433644644461e-01 4.081031644411925896e+00 5.874081176094598788e-01 9.173244702949729934e-01 0.000000000000000000e+00 0.000000000000000000e+00 1.903448275862068995e+00 1.765198129460989473e-01 2.424725822532402819e-01 2.647196870925684564e+01 4.724925392500324284e-01 2.504696725711218264e+00 2.220015278838808337e-01
2.175795182488884372e+00 0.000000000000000000e+00 8.036018755328218077e-01 1.473119212962962887e+00 1.255821120394466472e+00 1.392298136645962803e+00 2.017768048060279096e+00 3.113691828662795702e-01 7.028944911297851927e-01 5.922554347826086696e-01 1.936544936544936535e+00 5.098720043572985139e-01 3.272831655184596511e-01 5.105436859475420697e-01 3.033062597423906714e-01 3.449696729957806074e+00 1.330280583613916878e+00 3.461750533406851571e-01 3.288084464555052766e-01 1.001501501501501412e+00 4.996087237589738606e-01 1.704772727272727328e+00 0.000000000000000000e+00 1.015774180157741791e+00 4.510714285714285676e-01 1.061661807580174921e+00 9.553497285212392276e-01 1.238817415012354095e+00 2.985176282051281937e+00 1.180629408572978933e+00
1.470580492299591979e+00 0.000000000000000000e+00 1.127159023228111900e+00 1.461285931619825451e+00 6.793097083794757962e-01 0.000000000000000000e+00 1.476715686274509887e+00 8.896072796934866300e-01 9.859099804305283543e-01 8.374923453766074388e-01 6.464202636340139474e-01 1.460567210567210505e+00 4.590892262125138568e-01 3.532905450713669793e-01 4.254599644638046851e-01 1.956181533646322412e+00 0.000000000000000000e+00 7.435389033228496647e-01 1.436040902951958298e+00 1.809629083763203194e+00 3.457496716081816523e-01 7.695767736659170355e-01 0.000000000000000000e+00 6.961451247165533207e-01 1.591512775107513322e+00 0.000000000000000000e+00 6.111856823266219152e+00 1.774185707340787621e+00 0.000000000000000000e+00 1.690866873065015374e+00
1.933591731266149916e+00 7.107533064979874027e-01 0.000000000000000000e+00 1.116133942161339432e+00 1.365263935031376885e+00 0.000000000000000000e+00 1.969097316345893134e+00 0.000000000000000000e+00 0.000000000000000000e+00 5.352812271731191007e-01 7.373411534701856951e+00 2.935120435120435189e+00 9.101533966398831499e-01 2.237625754527162947e+00 2.698372513562386832e+00 1.241595253790375830e+00 8.854907539118065385e-01 1.515811373092926573e+00 1.888383838383838276e+00 0.000000000000000000e+00 0.000000000000000000e+00 1.525615167406212169e+00 0.000000000000000000e+00 0.000000000000000000e+00 4.082325002827094651e-01 1.155964746616304772e+00 0.000000000000000000e+00 5.383372502937719961e-01 0.000000000000000000e+00 0.000000000000000000e+00
2.249939525882922009e+00 1.338233292500340177e+00 0.000000000000000000e+00 1.291082306275676439e+00 6.030925720848201443e-01 1.745031055900621020e+00 2.048006048006048019e+00 3.883596775881921759e-01 0.000000000000000000e+00 2.400461437046803037e-01 1.790445859872611400e+00 6.359247967479674246e-01 2.670177748518762328e+00 1.675531914893616969e+00 1.591289422870628689e+00 5.568857822724568862e-01 2.125972985347985400e+00 1.380116216302035292e+00 8.342312008978676197e-01 0.000000000000000000e+00 6.246659030164184445e-01 6.842919548598470625e-01 0.000000000000000000e+00 3.041752790409260054e-01 5.654149159663865998e-01 5.106144860630223992e-01 0.000000000000000000e+00 4.901940996400578343e-01 2.043927471775572879e+00 1.223500908540278598e+00
1.195721583652618047e+00 9.078014184397162900e-01 2.853823088455772261e+00 6.915394761635575982e-01 8.453984928065768623e-01 0.000000000000000000e+00 3.359353348729792188e+00 0.000000000000000000e+00 0.000000000000000000e+00 2.215579710144927716e+00 3.412296564195298476e+00 0.000000000000000000e+00 1.162472817645231471e+00 1.859899749373433497e+00 1.077333718078199443e+00 0.000000000000000000e+00 1.130973986690865019e+00 0.000000000000000000e+00 0.000000000000000000e+00 8.542267327874524252e-01 8.755314123760037370e-01 0.000000000000000000e+00 0.000000000000000000e+00 0.000000000000000000e+00 1.082509733453129730e+00 0.000000000000000000e+00 0.000000000000000000e+00 6.875937031484258277e-01 2.872039724980901543e+00 2.124456048738033065e+00
1.418130042714760286e+00 5.250354609929077654e-01 0.000000000000000000e+00 1.716663736006095675e+00 1.538541666666666696e+00 1.895439657344419215e+00 6.786182362853397931e-01 2.016774891774891554e+00 1.443809523809523876e+00 3.954054054054054190e-01 4.107474086197490770e+00 3.319982394366197020e+00 2.120738636363636243e+00 1.059792337987826683e+00 6.230962343096234646e-01 0.000000000000000000e+00 6.541228070175438836e-01 7.186835993477294071e-01 6.754751131221718996e-01 4.940468227424749115e-01 1.037099375832807313e+00 1.127014925373134302e+00 0.000000000000000000e+00 1.026100236012772449e+00 0.000000000000000000e+00 1.778262714432927272e+00 9.652564102564102910e-01 3.976630434782608692e-01 7.975531914893616570e-01 7.760416666666666297e-01
9.361861861861862089e-01 0.000000000000000000e+00 0.000000000000000000e+00 5.414266725742135078e-01 6.618936817612314227e-01 0.000000000000000000e+00 2.542165301980544356e+00 0.000000000000000000e+00 0.000000000000000000e+00 0.000000000000000000e+00 9.185064935064934488e+00 6.305381727158948735e+00 0.000000000000000000e+00 2.237625754527162947e+00 8.434920275924460142e-01 0.000000000000000000e+00 1.828438570729319590e+00 0.000000000000000000e+00 0.000000000000000000e+00 0.000000000000000000e+00 0.000000000000000000e+00 1.525615167406212169e+00 0.000000000000000000e+00 0.000000000000000000e+00 8.410202655485674583e-01 1.155964746616304772e+00 0.000000000000000000e+00 1.717096018735362994e+00 3.461751152073732740e+00 1.637075718015665871e+00
1.334223646723646794e+00 1.012956901254773667e+00 0.000000000000000000e+00 0.000000000000000000e+00 9.433265410086602021e-01 0.000000000000000000e+00 2.915247445401722981e+00 0.000000000000000000e+00 0.000000000000000000e+00 0.000000000000000000e+00 6.012738853503185155e+00 0.000000000000000000e+00 0.000000000000000000e+00 2.083929824561403521e+00 0.000000000000000000e+00 0.000000000000000000e+00 2.636828193832599254e+00 6.777220364176885781e-01 0.000000000000000000e+00 0.000000000000000000e+00 0.000000000000000000e+00 0.000000000000000000e+00 0.000000000000000000e+00 0.000000000000000000e+00 1.899422268907563049e+00 0.000000000000000000e+00 0.000000000000000000e+00 2.507855191256830540e+00 3.217967914438502497e+00 3.335761438652401711e+00
9.114278752436647535e-01 2.207440476190476009e+00 0.000000000000000000e+00 0.000000000000000000e+00 6.443882886023004630e-01 0.000000000000000000e+00 1.912574061882817533e+00 0.000000000000000000e+00 0.000000000000000000e+00 5.211237553342816797e-01 2.579199452617173982e+00 1.380299707602339110e+00 0.000000000000000000e+00 3.866812682519816580e+00 2.623066104078762173e+00 1.208761232349165660e+00 8.620729455216989967e-01 9.533407499509194416e-01 0.000000000000000000e+00 0.000000000000000000e+00 6.673576063446287066e-01 0.000000000000000000e+00 0.000000000000000000e+00 2.105802047781569986e+00 8.181766672332709822e-01 1.124569328535334201e+00 0.000000000000000000e+00 5.240989702517162563e-01 1.051091825307950645e+00 2.188481675392670134e+00
1.195721583652618047e+00 4.095395643782740791e+00 0.000000000000000000e+00 6.915394761635575982e-01 0.000000000000000000e+00 0.000000000000000000e+00 1.191022280471821793e+00 0.000000000000000000e+00 0.000000000000000000e+00 6.836905871388629929e-01 3.412296564195298476e+00 0.000000000000000000e+00 0.000000000000000000e+00 4.035335689045936647e+00 1.077333718078199443e+00 0.000000000000000000e+00 1.130973986690865019e+00 2.730675650383679542e+00 0.000000000000000000e+00 0.000000000000000000e+00 0.000000000000000000e+00 0.000000000000000000e+00 0.000000000000000000e+00 8.662770309760373655e-01 2.342024291497975863e+00 0.000000000000000000e+00 0.000000000000000000e+00 6.875937031484258277e-01 1.378943506969919186e+00 1.361979166666666741e+00
1.696653431650595678e+00 1.985624999999999973e+00 0.000000000000000000e+00 1.510096153846153921e+00 0.000000000000000000e+00 0.000000000000000000e+00 1.715467328370554156e+00 0.000000000000000000e+00 1.720634920634920739e+00 4.712355212355212597e-01 2.326335288669342471e+00 0.000000000000000000e+00 0.000000000000000000e+00 1.956602112676056437e+00 7.425782028292488013e-01 0.000000000000000000e+00 4.387335526315789380e+00 8.598594460520876392e-01 0.000000000000000000e+00 0.000000000000000000e+00 1.914568965517241317e+00 1.343105899076048271e+00 0.000000000000000000e+00 5.970944309927360694e-01 1.558542510121457392e+00 1.564133522727272796e+00 0.000000000000000000e+00 9.737489200505083931e-01 9.504812563323201680e-01 4.519480519480519320e-01
3.169978858350951167e+00 3.791836734693877720e+00 0.000000000000000000e+00 0.000000000000000000e+00 1.066801036567808891e+00 2.013603627634035664e+00 1.517097581317764732e+00 0.000000000000000000e+00 0.000000000000000000e+00 0.000000000000000000e+00 2.065354115395132695e+00 0.000000000000000000e+00 1.466901684292988728e+00 3.736418511066398551e+00 1.359468801164271490e+00 0.000000000000000000e+00 1.427154843630816128e+00 7.664356227683259970e-01 0.000000000000000000e+00 0.000000000000000000e+00 0.000000000000000000e+00 8.203463203463202902e+00 0.000000000000000000e+00 0.000000000000000000e+00 6.579952701473531507e-01 9.037091623679686103e-01 0.000000000000000000e+00 0.000000000000000000e+00 1.740055504162812294e+00 8.274421230942969885e-01
1.334223646723646794e+00 0.000000000000000000e+00 0.000000000000000000e+00 0.000000000000000000e+00 9.433265410086602021e-01 0.000000000000000000e+00 2.090229885057471204e+00 0.000000000000000000e+00 0.000000000000000000e+00 7.628898128898128350e-01 6.012738853503185155e+00 0.000000000000000000e+00 0.000000000000000000e+00 2.083929824561403521e+00 1.202124235597038959e+00 0.000000000000000000e+00 2.636828193832599254e+00 1.413268765133171900e+00 0.000000000000000000e+00 0.000000000000000000e+00 0.000000000000000000e+00 0.000000000000000000e+00 0.000000000000000000e+00 9.666232073011733483e-01 1.899422268907563049e+00 0.000000000000000000e+00 1.862179487179487225e+00 1.600435967302452411e+00 1.538666121112929552e+00 2.390992167101827715e+00
1.422056146402222776e+00 2.581279404536198085e-01 2.540067340067340140e+00 1.488830409356725060e+00 7.408080808080808044e-01 9.224691358024691423e-01 5.014977359804946300e-01 1.313930789707187241e+00 0.000000000000000000e+00 1.471659919028340147e+00 4.654710754094277259e-01 1.598804950917626977e+00 3.305681919543305702e-01 1.343861958031732140e+00 1.976495726495726579e+00 0.000000000000000000e+00 9.932957897559667737e-01 7.173146630915139266e-01 1.388504025463396463e+00 2.428888373787211619e-01 1.599956445993031329e+00 5.541598936013004684e-01 0.000000000000000000e+00 1.300704998760052522e+00 6.151664876476906629e-01 1.304620343839541619e+00 9.650322580645160908e-01 1.480197731898807767e+00 1.213424568263278047e+00 1.193092105263157787e+00
2.546486190866830590e+00 7.296362198497430285e-01 1.127159023228111900e+00 1.148996458087367278e+00 3.338474099609906598e-01 6.302210269770568418e-01 1.476715686274509887e+00 1.359246387415401491e+00 9.859099804305283543e-01 2.699740836727138049e-01 2.749450549450549453e+00 3.893374741200827938e+00 4.590892262125138568e-01 1.097698869271969802e+00 4.254599644638046851e-01 0.000000000000000000e+00 2.406185300207039468e+00 7.435389033228496647e-01 1.436040902951958298e+00 3.373344939753516458e-01 1.074113647401651273e+00 3.285059978189749152e+00 0.000000000000000000e+00 1.442270058708414959e+00 2.058806671634091923e-01 2.827954492686324817e-01 0.000000000000000000e+00 1.142387475538160446e+00 1.110368389780154397e+00 1.089005235602094279e+00
2.228673692583018617e+00 1.098013048635824385e+00 1.684560780834072791e+00 8.357305936073059494e-01 1.571489361702127718e+00 9.419055965944660436e-01 3.385326670714052244e-01 6.527984584391696155e-01 0.000000000000000000e+00 1.269310823311748271e+00 9.661147477859067800e-01 0.000000000000000000e+00 6.861555432984004499e-01 2.274696573974496872e+00 1.303921568627451011e+00 0.000000000000000000e+00 0.000000000000000000e+00 1.539193906696286973e+00 1.414015151515151558e+00 0.000000000000000000e+00 1.058848797250859120e+00 1.150167529698446600e+00 0.000000000000000000e+00 5.113109650639916515e-01 6.297169811320755262e-01 8.655571293673276489e-01 0.000000000000000000e+00 1.744133412745682010e+00 1.670900178253119428e+00 2.130358705161854882e+00
7.205825617283950768e-01 0.000000000000000000e+00 0.000000000000000000e+00 1.793449647995102536e+00 1.605869565217391326e+00 0.000000000000000000e+00 1.485509472606246772e+00 2.881932367149758534e+00 1.504365079365079350e+00 8.439139710546041950e-01 0.000000000000000000e+00 3.465248009797917916e+00 7.005442942942943230e-01 1.105188503172825687e+00 1.331843375648131600e+00 0.000000000000000000e+00 6.815606725146199363e-01 0.000000000000000000e+00 2.223942823108993494e+00 1.055119234613737023e+00 1.081523725963295934e+00 0.000000000000000000e+00 0.000000000000000000e+00 2.888159950015620314e+00 6.432044248182345880e-01 1.857803102247546745e+00 0.000000000000000000e+00 1.304526015680684159e+00 0.000000000000000000e+00 0.000000000000000000e+00
1.545012919896640913e+00 0.000000000000000000e+00 0.000000000000000000e+00 8.918112633181126681e-01 5.317448891448315340e-01 0.000000000000000000e+00 1.136990595611285348e+00 6.956521739130434590e-01 1.570186335403726652e+00 2.381928181108508902e+00 0.000000000000000000e+00 2.345299145299145405e+00 1.501860231271995971e+00 5.627090301003344619e-01 6.776423503729306352e-01 0.000000000000000000e+00 3.085891472868217189e+00 1.647258529960957452e+00 4.099188062321703185e+00 1.696969696969697017e+00 1.129896907216494828e+00 0.000000000000000000e+00 0.000000000000000000e+00 5.448784082535004236e-01 1.412778457772337903e+00 4.504421518054532170e-01 0.000000000000000000e+00 0.000000000000000000e+00 0.000000000000000000e+00 8.454861111111111605e-01
1.989102990033222662e+00 0.000000000000000000e+00 0.000000000000000000e+00 1.148180039138943176e+00 0.000000000000000000e+00 0.000000000000000000e+00 4.616069158403254269e-01 8.900810681926561996e-01 2.008994708994709111e+00 0.000000000000000000e+00 0.000000000000000000e+00 3.019380619380619191e+00 0.000000000000000000e+00 1.486516290726817013e+00 0.000000000000000000e+00 3.042672041462712329e+01 9.102095516569200795e-01 0.000000000000000000e+00 1.942597402597402656e+00 0.000000000000000000e+00 2.254259634888438057e+00 0.000000000000000000e+00 3.836156763590391705e+00 1.439261418853255536e+00 4.196304044630404517e-01 0.000000000000000000e+00 0.000000000000000000e+00 5.533665458937198078e-01 0.000000000000000000e+00 0.000000000000000000e+00
9.899470899470899088e-01 1.553066778312748530e+00 0.000000000000000000e+00 3.269470682587773958e+00 6.999053926206244558e-01 1.321121822962313841e+00 9.800323799244468059e-01 0.000000000000000000e+00 2.066666666666666874e+00 1.168659333652160015e+00 2.807892777364110248e+00 0.000000000000000000e+00 9.624195624195623910e-01 7.406593406593406925e-01 8.919306634787805832e-01 0.000000000000000000e+00 9.363408521303258070e-01 2.216849148418491566e+00 0.000000000000000000e+00 0.000000000000000000e+00 2.322884012539184972e+00 1.613219616204690787e+00 0.000000000000000000e+00 7.171912832929782100e-01 0.000000000000000000e+00 5.928974979822437819e-01 0.000000000000000000e+00 1.175348613559865418e+00 2.363321799307958493e+00 5.428571428571428159e-01
2.896219135802469147e+00 0.000000000000000000e+00 0.000000000000000000e+00 1.675091074681238634e+00 2.047737306843266936e+00 0.000000000000000000e+00 0.000000000000000000e+00 0.000000000000000000e+00 0.000000000000000000e+00 1.656081081081081097e+00 0.000000000000000000e+00 0.000000000000000000e+00 6.171945701357466341e+00 0.000000000000000000e+00 0.000000000000000000e+00 0.000000000000000000e+00 0.000000000000000000e+00 0.000000000000000000e+00 2.828808446455505443e+00 0.000000000000000000e+00 4.643548890971571197e+00 0.000000000000000000e+00 0.000000000000000000e+00 0.000000000000000000e+00 1.263075313807531463e+00 0.000000000000000000e+00 0.000000000000000000e+00 1.665534420289854989e+00 3.339982269503546153e+00 1.588311688311688341e+00
7.865109427609427994e-01 1.226516593561201685e+00 0.000000000000000000e+00 9.335457151959222211e-01 5.560656231186033027e-01 1.049637479085331782e+00 1.191461412151067378e+00 0.000000000000000000e+00 0.000000000000000000e+00 9.229217873574084852e-01 2.217544892552251845e+00 0.000000000000000000e+00 2.425649350649350833e+00 3.284131205673758824e+00 2.246534056660638878e+00 1.043098669623059971e+00 1.529351500870812508e+00 8.196407455374739026e-01 0.000000000000000000e+00 0.000000000000000000e+00 1.182769919283944704e+00 1.281716417910447658e+00 0.000000000000000000e+00 1.170226230026894410e+00 3.429535945226321880e-01 9.668621121285987385e-01 0.000000000000000000e+00 1.429547228727556574e+00 1.866434523069270046e+00 8.850532945736434565e-01
5.392795138888888395e-01 1.277246543778801868e+00 0.000000000000000000e+00 1.320146321636634701e+00 0.000000000000000000e+00 0.000000000000000000e+00 3.076890399320305836e+00 0.000000000000000000e+00 0.000000000000000000e+00 9.602471949509115978e-01 0.000000000000000000e+00 0.000000000000000000e+00 0.000000000000000000e+00 1.711869315877889042e+00 9.914632519674536626e-01 0.000000000000000000e+00 3.396518963289503645e+00 1.475813008130081316e+00 0.000000000000000000e+00 7.854479599446042570e-01 1.231535038932146886e+00 8.788479477611940149e-01 0.000000000000000000e+00 1.218430034129692752e+00 7.313973976687448975e-01 1.006094208211143703e+00 7.527043269230768718e-01 1.312553334830451446e+00 6.219248670212765839e-01 1.951204281891168568e+00
8.760671180453341034e-01 1.013049450549450503e+00 1.027581521739130421e+00 1.325421634195987242e+00 1.624205227834687459e+00 0.000000000000000000e+00 1.841350748646065627e+00 2.133417605148241858e+00 8.988095238095238360e-01 0.000000000000000000e+00 3.183361629881154453e+00 2.768352215160725827e+00 8.515951658170570759e-01 1.720091452034341106e+00 1.203829925348912644e+00 0.000000000000000000e+00 1.264295439074200056e+00 2.186292270531400850e-01 8.555811277330264142e-01 9.528619528619528545e-01 3.151969178082191791e-01 0.000000000000000000e+00 0.000000000000000000e+00 6.338586067338327634e-01 5.800743374272786523e-01 7.979676573426572883e-01 6.008814102564102866e-01 1.905741376735851977e+00 1.544458229942100802e+00 7.302671219120305812e-01
1.739302325581395303e+00 2.036813186813186682e+00 0.000000000000000000e+00 2.125851819631723760e+00 0.000000000000000000e+00 0.000000000000000000e+00 1.760853747271404313e+00 0.000000000000000000e+00 3.649038461538461675e+00 0.000000000000000000e+00 1.155852124558981453e+00 1.278794037940379491e+00 0.000000000000000000e+00 3.551849722062487835e+00 1.566386554621848726e+00 0.000000000000000000e+00 7.986735130509199365e-01 1.359596713965645964e+00 1.698636363636363722e+00 0.000000000000000000e+00 1.271993127147766245e+00 0.000000000000000000e+00 0.000000000000000000e+00 1.258503401360544283e+00 1.166451195862960644e+00 5.057186165081989371e-01 0.000000000000000000e+00 0.000000000000000000e+00 3.105045492142266550e+00 4.630345264491605994e-01
1.937954309449636536e+00 9.573600776447751537e-01 0.000000000000000000e+00 1.943529536761581022e+00 4.361991485335856011e-01 8.234005258545136208e-01 4.540219092331768458e+00 1.167241379310344884e+00 0.000000000000000000e+00 7.203744764720374505e-01 8.445642407906558402e-01 9.343998015873016261e-01 0.000000000000000000e+00 2.522163120567376016e+00 5.558876270173341849e-01 0.000000000000000000e+00 1.193752503003604248e+00 3.133626639061421471e-01 0.000000000000000000e+00 4.407548972766364148e-01 0.000000000000000000e+00 4.348552498919775466e+00 0.000000000000000000e+00 4.469733656174333936e-01 1.792314388757617172e+00 0.000000000000000000e+00 0.000000000000000000e+00 7.244983898934852506e-01 0.000000000000000000e+00 1.441667489874543184e+00
2.590838945005611849e-01 6.035439560439560536e-01 6.184947299077734328e-01 1.468845737970805532e+00 2.731867816091953838e+00 0.000000000000000000e+00 9.244650683165764882e-01 4.850618583837851827e-01 1.100851438637698188e+00 7.723915642076503163e-01 1.480222619757503466e+00 1.212513542795232935e+00 1.323286983944954143e+00 5.947183098591549699e-01 9.679411378268295563e-01 3.436345158906134456e-01 4.960823216867875085e-01 5.425979365887700911e-01 5.123525329632200309e-01 1.850613154960981110e-01 9.921603732638888395e-01 4.222636815920398079e-01 3.026743902439024225e+01 3.795502933998026740e-01 3.455235940530058114e-01 3.135609713902644535e-01 1.116233766233766245e+00 1.283900277008310331e+00 6.054618932930563302e-01 2.870149491094147742e-01
3.671970624235006309e+00 0.000000000000000000e+00 0.000000000000000000e+00 1.003961748633879880e+00 0.000000000000000000e+00 0.000000000000000000e+00 3.947411222553537602e+00 0.000000000000000000e+00 3.623809523809523814e+00 0.000000000000000000e+00 5.034643570952698433e+00 0.000000000000000000e+00 0.000000000000000000e+00 1.298776223776223704e+00 1.564016736401673713e+00 0.000000000000000000e+00 0.000000000000000000e+00 0.000000000000000000e+00 1.695475113122171917e+00 0.000000000000000000e+00 1.271061643835616373e+00 0.000000000000000000e+00 0.000000000000000000e+00 1.257627118644067732e+00 1.597263599249696631e+00 0.000000000000000000e+00 2.422756410256410309e+00 2.107557722644485931e+00 0.000000000000000000e+00 9.519480519480519876e-01
3.476388888888888751e+00 0.000000000000000000e+00 0.000000000000000000e+00 4.480974124809740999e+00 0.000000000000000000e+00 0.000000000000000000e+00 1.667734553775743755e+00 0.000000000000000000e+00 0.000000000000000000e+00 0.000000000000000000e+00 0.000000000000000000e+00 0.000000000000000000e+00 0.000000000000000000e+00 5.801169590643274532e+00 0.000000000000000000e+00 0.000000000000000000e+00 3.288157894736841946e+00 0.000000000000000000e+00 0.000000000000000000e+00 0.000000000000000000e+00 2.545547945205479667e+00 0.000000000000000000e+00 0.000000000000000000e+00 0.000000000000000000e+00 1.516108786610878667e+00 0.000000000000000000e+00 0.000000000000000000e+00 1.999184782608695699e+00 0.000000000000000000e+00 1.906493506493506462e+00
7.347847600197922047e-01 1.455055735631275216e+00 0.000000000000000000e+00 1.344228993536472849e+00 1.648260381593714907e+00 0.000000000000000000e+00 3.515518251024790097e-01 3.346284165348994977e-01 0.000000000000000000e+00 4.192469584270310801e-01 4.952664680569348055e-01 0.000000000000000000e+00 7.142582073746028826e-01 1.130281149178061106e+00 1.007622158704233106e+00 4.798459563543003847e-01 3.421975992613111583e-01 1.178647106764466157e+00 3.533698499642772273e-01 5.242039126088818835e-01 8.175750834260289146e-01 5.896307934014139995e-01 4.827990708478513682e+01 5.316254161238963549e-01 6.558352402745994958e-01 0.000000000000000000e+00 0.000000000000000000e+00 6.411069980609906960e-01 8.479918079417453347e-01 6.112187315758443873e-01
1.545012919896640913e+00 3.915822840538874861e+00 0.000000000000000000e+00 8.918112633181126681e-01 5.317448891448315340e-01 1.003734329154441163e+00 1.994941163532387485e+00 0.000000000000000000e+00 0.000000000000000000e+00 1.356410573122529550e+00 2.118424753867791832e+00 0.000000000000000000e+00 0.000000000000000000e+00 1.777768886043533891e+00 1.391409897292250175e+00 0.000000000000000000e+00 7.113844393592677617e-01 7.829970406241593128e-01 7.346055479047806092e-01 0.000000000000000000e+00 1.129896907216494828e+00 3.903409090909090828e+00 0.000000000000000000e+00 0.000000000000000000e+00 1.412778457772337903e+00 4.504421518054532170e-01 0.000000000000000000e+00 8.867090523766273380e-01 1.783006535947712523e+00 8.454861111111111605e-01
5.309116809116809499e-01 8.217304270462633120e-01 0.000000000000000000e+00 6.254280821917808098e-01 0.000000000000000000e+00 0.000000000000000000e+00 1.369969333282853086e+00 4.910531528557279812e-01 0.000000000000000000e+00 9.448757763975155211e-01 1.387460484720758735e+01 4.408665105386416982e+00 5.161469161469161016e-01 1.238430583501006099e+00 0.000000000000000000e+00 7.041275797373358625e-01 1.024642070484581557e+00 1.139470999136645402e+00 2.815214927853743276e+00 3.792642140468227563e-01 7.924183848797250462e-01 8.652123995407577928e-01 0.000000000000000000e+00 3.846153846153846367e-01 7.196878751500600524e-01 1.714285714285714191e+00 0.000000000000000000e+00 6.218494550408719679e-01 1.250501336898395710e+00 0.000000000000000000e+00
1.862956643918105115e+00 1.714219168510539237e+00 1.709754163362410706e+00 2.033240223463687268e+00 7.642708333333333437e-01 9.513809341988036516e-01 2.565143638850889030e+00 1.001893939393939448e+00 7.319727891156462274e-01 2.004136789851075628e-01 4.799127198049030762e-01 1.080527719702977452e+00 1.426195626051429910e+00 1.094141714710805235e+00 6.409945421467556637e-01 4.649701343952215016e-01 1.024751106194690342e+00 7.402740427711614890e-01 1.818805765271104935e+00 2.504265920414988633e-01 5.204945619442378213e-01 2.412535154680594651e+00 0.000000000000000000e+00 1.059120403749098882e+00 8.038199120208276982e-01 8.740140950667266706e-01 4.893380429094714712e-01 2.015583407275953753e-01 4.043095961788971127e-01 1.013011671413413639e+00
2.437296239947837506e+00 0.000000000000000000e+00 3.795704295704295905e+00 4.446873102610807704e-01 1.115826034430685620e+00 0.000000000000000000e+00 2.043879907621247050e+00 2.252793717909996829e+00 0.000000000000000000e+00 4.396396396396396455e-01 2.166858457997698384e+00 2.398919262555626375e+00 7.475475475475475973e-01 0.000000000000000000e+00 3.868707836014530166e+00 1.019783197831978239e+00 7.272904483430798761e-01 8.009024873431652702e-01 1.543388429752066138e+00 1.736669015738783184e+00 0.000000000000000000e+00 0.000000000000000000e+00 4.720514950166112556e+00 1.143475572047000677e+00 3.352859135285913283e-01 9.447592067988668241e-01 1.073219373219373329e+00 4.421497584541062564e-01 0.000000000000000000e+00 0.000000000000000000e+00
1.768290254490421765e+00 8.687461121478716741e-01 2.054918032786885451e+00 1.966415336093041644e+00 8.084247768042234217e-01 7.476663655525443986e-01 1.623402769218127206e+00 1.060869565217391397e+00 5.764976958525345196e-01 8.247950819672130729e-01 7.670062776577132313e-01 2.223511904761904745e+00 1.115815691158156930e+00 1.315230718621968276e+00 1.307801418439716201e+00 3.661978756884343156e-01 5.289208839224955883e-01 7.318089430894308967e-01 1.419738863287250297e+00 8.169533169533169659e-01 6.207744488411531814e-01 1.393256333830104277e+00 0.000000000000000000e+00 6.141666200414032106e-01 7.608861726508785450e-01 1.049144012906022105e+00 3.853908188585608019e-01 8.295558608058608563e-01 6.455371505586713354e-01 9.594427244582043324e-01
3.476388888888888751e+00 2.639361702127659637e+00 0.000000000000000000e+00 0.000000000000000000e+00 2.457947019867549709e+00 0.000000000000000000e+00 9.599736668861092781e+00 0.000000000000000000e+00 0.000000000000000000e+00 0.000000000000000000e+00 0.000000000000000000e+00 5.264583333333333393e+00 0.000000000000000000e+00 2.601048951048951174e+00 0.000000000000000000e+00 0.000000000000000000e+00 0.000000000000000000e+00 0.000000000000000000e+00 0.000000000000000000e+00 0.000000000000000000e+00 0.000000000000000000e+00 0.000000000000000000e+00 0.000000000000000000e+00 0.000000000000000000e+00 1.516108786610878667e+00 0.000000000000000000e+00 0.000000000000000000e+00 1.999184782608695699e+00 0.000000000000000000e+00 0.000000000000000000e+00
2.246961740435108990e+00 8.223625886524822404e-01 0.000000000000000000e+00 6.264515027322404839e-01 1.586539492015861086e+00 0.000000000000000000e+00 2.998185417354008564e+00 0.000000000000000000e+00 2.261309523809523991e+00 1.993206521739130377e+00 4.806369426751592400e+00 3.410782765621475310e+00 0.000000000000000000e+00 8.104239510489510412e-01 9.759414225941422938e-01 0.000000000000000000e+00 2.124769077731988087e+00 0.000000000000000000e+00 0.000000000000000000e+00 7.738294314381271022e-01 1.643276798581088549e+00 0.000000000000000000e+00 0.000000000000000000e+00 0.000000000000000000e+00 4.723457112970711469e-01 2.088352272727272751e+00 0.000000000000000000e+00 1.289619407576689802e+00 0.000000000000000000e+00 0.000000000000000000e+00
1.735879629629629717e+00 0.000000000000000000e+00 0.000000000000000000e+00 3.365842490842490875e+00 0.000000000000000000e+00 0.000000000000000000e+00 1.757363592467407143e+00 0.000000000000000000e+00 0.000000000000000000e+00 0.000000000000000000e+00 2.376100628930817749e+00 2.628819444444444375e+00 1.687612612612612528e+00 2.744228993536472760e+00 0.000000000000000000e+00 0.000000000000000000e+00 0.000000000000000000e+00 8.817632850241545750e-01 0.000000000000000000e+00 2.619922288943836275e+00 0.000000000000000000e+00 0.000000000000000000e+00 0.000000000000000000e+00 0.000000000000000000e+00 1.597263599249696631e+00 0.000000000000000000e+00 0.000000000000000000e+00 3.346539162112932786e+00 0.000000000000000000e+00 2.009594298245613864e+00
8.749034290128959723e-01 1.013190780338794728e+00 0.000000000000000000e+00 2.093576066790352463e+00 1.816701442438537706e+00 8.687448728465955172e-01 9.797065679418620610e-01 3.955818965517241548e-01 4.418219461697722728e-01 4.971544855654813078e-01 2.891702376314764233e+00 2.819982936771257886e+00 2.023089609675646106e+00 8.235081537697068743e-01 7.871701351641278155e-01 2.806392970762005556e-01 4.045704845814978023e-01 5.564704054683858869e-01 2.066552373457744285e-01 1.511248675709923328e-01 4.739102147039687685e-01 3.448595531658477653e-01 2.337266023823028860e+01 4.688647047459591488e-01 2.813540510543839912e-01 7.962309896407318011e-01 2.953495779582736014e-01 5.000173400381481281e-01 1.011152925076975739e+00 4.766386109086089284e-01
7.865109427609427994e-01 0.000000000000000000e+00 3.884487605417838108e+00 9.335457151959222211e-01 0.000000000000000000e+00 0.000000000000000000e+00 2.585113960113960108e+00 1.495388933440256585e+00 0.000000000000000000e+00 4.496928746928746667e-01 4.712320200125078351e+00 1.191130050505050608e+00 0.000000000000000000e+00 1.862927565392354046e+00 2.246534056660638878e+00 0.000000000000000000e+00 7.439194577352472582e-01 8.196407455374739026e-01 0.000000000000000000e+00 5.618729096989966143e-01 0.000000000000000000e+00 0.000000000000000000e+00 0.000000000000000000e+00 5.697996918335901384e-01 7.034274291843400917e-01 9.668621121285987385e-01 0.000000000000000000e+00 9.282048032444077945e-01 1.866434523069270046e+00 3.553950840161088642e+00
1.418130042714760286e+00 2.259132158926256295e+00 0.000000000000000000e+00 1.257039835164835084e+00 4.889403973509933721e-01 9.229447852760735982e-01 1.820463901998192524e+00 1.311224489795918435e+00 2.975274725274725363e+00 1.242697010869565188e+00 4.107474086197490770e+00 2.152704438418723942e+00 6.723423423423423584e-01 1.059792337987826683e+00 1.964135021097046518e+00 0.000000000000000000e+00 0.000000000000000000e+00 7.186835993477294071e-01 6.754751131221718996e-01 0.000000000000000000e+00 1.037099375832807313e+00 0.000000000000000000e+00 0.000000000000000000e+00 5.010169491525423568e-01 3.015481171548117234e-01 8.477770711684107230e-01 1.982883475971033649e+00 1.249829234972677616e+00 7.975531914893616570e-01 3.792207792207792361e-01
1.577651515151515138e+00 2.518895102524995711e+00 0.000000000000000000e+00 0.000000000000000000e+00 0.000000000000000000e+00 0.000000000000000000e+00 2.509655172413792990e+00 0.000000000000000000e+00 3.293506493506493715e+00 0.000000000000000000e+00 7.219108280254777021e+00 0.000000000000000000e+00 0.000000000000000000e+00 1.180387794024157611e+00 2.991196478591436669e+00 0.000000000000000000e+00 1.492224880382775121e+00 1.683385218494177327e+00 0.000000000000000000e+00 0.000000000000000000e+00 1.155199252801992538e+00 0.000000000000000000e+00 0.000000000000000000e+00 0.000000000000000000e+00 2.280567226890756416e+00 3.136789772727272663e+00 0.000000000000000000e+00 0.000000000000000000e+00 0.000000000000000000e+00 0.000000000000000000e+00
2.328348909657320664e+00 1.146062200216617644e+00 0.000000000000000000e+00 2.353205704741102355e+00 1.067022966921854721e+00 9.822477483357263672e-01 3.375813953488372210e+00 0.000000000000000000e+00 0.000000000000000000e+00 8.623777542123247652e-01 2.072096862960924657e+00 0.000000000000000000e+00 1.469014361597481777e+00 1.738028169014084412e+00 6.631354046114128487e-01 0.000000000000000000e+00 0.000000000000000000e+00 2.064095292115711633e+00 0.000000000000000000e+00 0.000000000000000000e+00 1.700689655172413772e+00 0.000000000000000000e+00 0.000000000000000000e+00 0.000000000000000000e+00 3.209294044333659834e-01 9.034363837911072448e-01 0.000000000000000000e+00 1.333697632058287841e+00 0.000000000000000000e+00 1.271540469973890364e+00
1.195721583652618047e+00 1.887391967463141862e+00 0.000000000000000000e+00 0.000000000000000000e+00 0.000000000000000000e+00 0.000000000000000000e+00 1.857215836526181274e+00 0.000000000000000000e+00 0.000000000000000000e+00 0.000000000000000000e+00 9.743225806451613735e+00 1.810823754789272044e+00 0.000000000000000000e+00 2.903755868544600993e+00 2.241296518607442945e+00 0.000000000000000000e+00 1.130973986690865019e+00 1.967098166127292380e+00 0.000000000000000000e+00 8.542267327874524252e-01 8.755314123760037370e-01 0.000000000000000000e+00 0.000000000000000000e+00 8.662770309760373655e-01 1.687675070028011204e+00 0.000000000000000000e+00 0.000000000000000000e+00 6.875937031484258277e-01 0.000000000000000000e+00 1.361979166666666741e+00
2.997596795727636820e+00 1.466389877421905963e+00 0.000000000000000000e+00 3.070483843964507020e+00 1.365263935031376885e+00 1.249378212568396540e+00 2.542165301980544356e+00 0.000000000000000000e+00 1.954440154440154398e+00 5.352812271731191007e-01 1.281489036206017396e+00 0.000000000000000000e+00 0.000000000000000000e+00 2.237625754527162947e+00 0.000000000000000000e+00 0.000000000000000000e+00 0.000000000000000000e+00 2.693274205469327498e+00 0.000000000000000000e+00 0.000000000000000000e+00 6.854868567197334173e-01 0.000000000000000000e+00 0.000000000000000000e+00 0.000000000000000000e+00 0.000000000000000000e+00 1.788798701298701221e+00 0.000000000000000000e+00 1.109748713290947597e+00 1.079643473260494480e+00 1.058159722222222321e+00
4.377920560747663892e+00 3.316517857142857295e+00 0.000000000000000000e+00 1.609643835616438423e+00 9.433265410086602021e-01 0.000000000000000000e+00 1.334495412844036721e+00 1.234070650379663237e+00 0.000000000000000000e+00 7.628898128898128350e-01 1.826318335752298072e+00 0.000000000000000000e+00 0.000000000000000000e+00 9.982517482517482277e-01 2.511260504201680455e+00 3.703558282208589070e+00 1.261977058029689625e+00 6.777220364176885781e-01 0.000000000000000000e+00 0.000000000000000000e+00 0.000000000000000000e+00 0.000000000000000000e+00 0.000000000000000000e+00 0.000000000000000000e+00 5.818313485677502062e-01 2.612571022727272929e+00 0.000000000000000000e+00 1.600435967302452411e+00 0.000000000000000000e+00 0.000000000000000000e+00
7.205825617283950768e-01 5.470596926713947594e-01 0.000000000000000000e+00 4.167235883424407761e-01 5.094508830022075330e-01 0.000000000000000000e+00 1.903737140457694821e+00 6.664878397711015978e-01 0.000000000000000000e+00 4.119932432432432678e-01 4.291168091168090726e+00 2.244904032138074879e+00 0.000000000000000000e+00 5.391171328671329199e-01 1.331843375648131600e+00 9.556656504065040858e-01 2.153039630627164414e+00 7.494719488949564967e-01 2.223942823108993494e+00 5.147714604236343083e-01 1.081523725963295934e+00 1.174284825870646864e+00 0.000000000000000000e+00 1.070053553336228092e+00 9.879886737303616995e-01 8.840937857874751060e-01 0.000000000000000000e+00 2.815298866038823622e+00 8.310062056737588243e-01 8.092863475177305421e-01
1.739302325581395303e+00 0.000000000000000000e+00 2.015376458112407398e+00 4.883379981340796872e-01 5.969956388305605044e-01 0.000000000000000000e+00 1.760853747271404313e+00 1.608189655172413746e+00 1.762833914053426154e+00 9.925474254742547853e-01 0.000000000000000000e+00 2.640209790209790075e+00 8.209184794550647979e-01 6.317584854170219533e-01 3.326494201605709300e+00 0.000000000000000000e+00 1.644713656387665202e+00 4.288912454341934910e-01 2.625570776255707894e+00 0.000000000000000000e+00 1.271993127147766245e+00 2.842481203007518609e+00 0.000000000000000000e+00 6.117403885903265337e-01 3.682008368200836990e-01 2.835521235521235361e+00 0.000000000000000000e+00 9.982288828337874120e-01 0.000000000000000000e+00 4.630345264491605994e-01
5.227974186307519089e-01 1.681743187119531191e+00 0.000000000000000000e+00 6.157218124341411469e-01 0.000000000000000000e+00 6.977133296151700748e-01 7.795258620689655693e-01 0.000000000000000000e+00 0.000000000000000000e+00 0.000000000000000000e+00 5.731154684095860929e+00 6.366787439613526445e+00 2.756362829239419998e+00 7.971929824561403422e-01 1.469936708860759556e+00 0.000000000000000000e+00 2.680371543778802046e+00 1.121229675974201534e+00 1.041818181818181754e+00 3.734671125975473904e-01 3.827833125778331014e-01 8.519900497512438164e-01 0.000000000000000000e+00 3.787365177195685662e-01 2.279383796120197925e-01 6.376988450642842032e-01 1.491612903225806530e+00 1.979677550467416447e+00 1.231098313451254533e+00 1.211169284467713769e+00
1.239700996677740807e+00 9.401372648703609780e-01 4.598787878787878647e+00 1.492704826038159460e+00 4.284884396421517194e-01 8.088472715531158652e-01 3.529010903426791135e+00 5.605752578872073011e-01 0.000000000000000000e+00 3.465149359886202096e-01 8.296369855456250386e-01 5.079514824797843886e+00 5.892207997471154979e-01 1.420102432778489021e+00 2.335844318895166527e+00 8.038083012409071859e-01 0.000000000000000000e+00 6.282428225527498800e-01 1.210714285714285632e+00 4.329636801032681892e-01 0.000000000000000000e+00 2.026047261009666922e+00 0.000000000000000000e+00 1.374806081290723014e+00 2.642589737943184525e-01 7.410967219749089452e-01 0.000000000000000000e+00 1.089716840536512743e+00 0.000000000000000000e+00 6.783854166666666297e-01
1.652998236331569615e+00 0.000000000000000000e+00 3.945134575569358315e+00 9.560239396304970327e-01 0.000000000000000000e+00 0.000000000000000000e+00 3.727598566308243822e+00 0.000000000000000000e+00 0.000000000000000000e+00 9.451737451737451945e-01 2.262653489068583212e+00 0.000000000000000000e+00 1.607035607035607105e+00 0.000000000000000000e+00 1.489340506076907822e+00 0.000000000000000000e+00 5.231485794131345735e+00 8.396595353117092264e-01 1.614522732169791031e+00 0.000000000000000000e+00 0.000000000000000000e+00 0.000000000000000000e+00 0.000000000000000000e+00 0.000000000000000000e+00 7.208607292289300750e-01 0.000000000000000000e+00 0.000000000000000000e+00 9.505693581780538803e-01 4.025133689839572426e+00 1.908854166666666741e+00
3.119040166927490976e+00 1.725232919254658492e+00 0.000000000000000000e+00 2.299409844299347139e+00 1.044178977875167780e+00 9.616564417177914104e-01 3.806643356643356846e+00 0.000000000000000000e+00 0.000000000000000000e+00 4.119932432432432678e-01 9.863731656184486773e-01 0.000000000000000000e+00 1.437566188504861842e+00 1.105188503172825687e+00 6.492329149232914931e-01 0.000000000000000000e+00 1.398444090355234870e+00 1.573614490402811539e+00 7.038084464555053321e-01 0.000000000000000000e+00 5.276113013698630061e-01 1.174284825870646864e+00 0.000000000000000000e+00 0.000000000000000000e+00 3.141997907949790614e-01 8.840937857874751060e-01 0.000000000000000000e+00 0.000000000000000000e+00 1.706678803049266113e+00 1.699825479930191952e+00
3.169978858350951167e+00 1.145544249152019800e+00 0.000000000000000000e+00 1.829887920298879145e+00 0.000000000000000000e+00 0.000000000000000000e+00 7.238085762610685370e-01 0.000000000000000000e+00 0.000000000000000000e+00 1.809066272480906568e+00 0.000000000000000000e+00 0.000000000000000000e+00 4.864935064935065334e+00 0.000000000000000000e+00 1.359468801164271490e+00 0.000000000000000000e+00 0.000000000000000000e+00 0.000000000000000000e+00 1.473735982687389257e+00 2.261744966442952975e+00 2.318338019368947123e+00 0.000000000000000000e+00 0.000000000000000000e+00 0.000000000000000000e+00 1.378883171336001467e+00 0.000000000000000000e+00 0.000000000000000000e+00 8.676748582230623397e-01 0.000000000000000000e+00 3.837696335078534027e+00
8.241843033509700378e-01 0.000000000000000000e+00 0.000000000000000000e+00 2.664655423088106989e+00 3.265188979159307614e+00 0.000000000000000000e+00 1.251379310344827633e+00 0.000000000000000000e+00 0.000000000000000000e+00 4.712355212355212597e-01 2.326335288669342471e+00 3.988204225352112609e+00 1.649266085421035255e+00 1.956602112676056437e+00 7.425782028292488013e-01 0.000000000000000000e+00 0.000000000000000000e+00 8.598594460520876392e-01 1.656984478935698446e+00 5.887880235706323129e-01 6.034735812133071864e-01 0.000000000000000000e+00 0.000000000000000000e+00 5.970944309927360694e-01 2.003941816566733092e+00 0.000000000000000000e+00 0.000000000000000000e+00 1.501434426229508290e+00 0.000000000000000000e+00 9.284806910569105565e-01
7.521135265700482631e-01 5.709990749306197433e-01 1.795132325141777008e+00 8.918112633181126681e-01 5.317448891448315340e-01 0.000000000000000000e+00 7.393476044852191897e-01 1.428544061302682078e+00 1.570186335403726652e+00 4.300235017626322098e-01 3.270990156340474631e+00 0.000000000000000000e+00 7.311985898942420237e-01 1.154619883040935768e+00 2.143843498273878101e+00 9.974814422057264318e-01 0.000000000000000000e+00 3.820100819155639593e-01 0.000000000000000000e+00 1.696969696969697017e+00 1.129896907216494828e+00 0.000000000000000000e+00 4.612621753246752832e+00 5.448784082535004236e-01 1.412778457772337903e+00 9.236386528171230959e-01 0.000000000000000000e+00 1.364195230998509700e+00 1.783006535947712523e+00 1.779374162912455759e+00
4.777187765505522599e+00 0.000000000000000000e+00 0.000000000000000000e+00 0.000000000000000000e+00 1.022213024282560667e+00 0.000000000000000000e+00 6.935545385202135371e-01 1.337267525035765292e+00 0.000000000000000000e+00 0.000000000000000000e+00 9.224664224664223866e+00 7.268565941101152283e+00 2.947078496950619630e+00 0.000000000000000000e+00 0.000000000000000000e+00 0.000000000000000000e+00 2.866883738747366461e+00 7.344001610305957994e-01 0.000000000000000000e+00 0.000000000000000000e+00 1.058647260273972712e+00 4.954560313828048734e+00 0.000000000000000000e+00 2.193729665779355020e+00 6.304916317991632324e-01 0.000000000000000000e+00 0.000000000000000000e+00 0.000000000000000000e+00 1.667331560283688008e+00 0.000000000000000000e+00
8.571097551556344785e-01 4.276879995332827922e-01 2.072176308539944944e+00 1.585766334709740155e+00 6.042975206611570504e-01 7.538959724752074543e-01 1.472372520085259984e+00 5.214810627473148719e-01 5.812620983352690951e-01 1.377220480668756464e+00 1.593162393162393053e+00 8.562421185372005583e-01 8.330578512396694668e-01 2.064623084141382403e+00 2.193816884661117683e+00 0.000000000000000000e+00 1.684806566846545506e+00 5.840227088402271116e-01 8.369749801879315942e-01 1.988471055279114608e-01 1.532544378698224907e+00 9.218538148650314845e-01 0.000000000000000000e+00 4.080517452882792551e-01 5.008421052631578663e-01 6.895536562203229414e-01 1.200708382526564311e+00 1.385232591460502372e+00 9.898693681684883616e-01 1.319832147418354307e+00
1.831334149326805383e+00 0.000000000000000000e+00 0.000000000000000000e+00 1.633204633204633272e+00 6.277806079130582306e-01 0.000000000000000000e+00 1.859190988223246244e+00 1.693284936479128922e+00 1.853724053724053800e+00 1.045072029667664992e+00 0.000000000000000000e+00 4.313285116102017369e+00 1.780185758513931793e+00 6.643356643356643776e-01 3.512241054613935987e+00 0.000000000000000000e+00 8.398560503823662149e-01 0.000000000000000000e+00 2.768233987412069386e+00 0.000000000000000000e+00 1.339301862904684448e+00 1.446995790279372418e+00 0.000000000000000000e+00 2.048611751683424131e+00 0.000000000000000000e+00 5.317977690859047035e-01 0.000000000000000000e+00 1.623836951705804221e+00 0.000000000000000000e+00 4.869130869130869343e-01
1.050224466891133579e+00 0.000000000000000000e+00 0.000000000000000000e+00 6.073853286968040610e-01 7.425245835841862707e-01 1.401561628555493488e+00 2.232872503840245937e+00 9.713876967095851356e-01 2.192496392496392499e+00 6.004914004914004844e-01 0.000000000000000000e+00 7.149881796690307212e+00 2.115667420814479449e+00 7.857596948506039292e-01 4.218079096045197929e+00 0.000000000000000000e+00 9.933545986177565457e-01 0.000000000000000000e+00 3.306672558550596719e+00 0.000000000000000000e+00 1.591709621993127044e+00 1.711442786069651723e+00 0.000000000000000000e+00 1.574829931972789199e+00 0.000000000000000000e+00 0.000000000000000000e+00 0.000000000000000000e+00 1.249148501362397745e+00 0.000000000000000000e+00 5.759149940968122383e-01
2.402566158781074712e+00 8.774231678486997810e-01 0.000000000000000000e+00 6.683970856102003921e-01 8.171081677704193913e-01 0.000000000000000000e+00 1.149794368870610484e+00 1.068955650929899859e+00 0.000000000000000000e+00 6.608108108108108336e-01 0.000000000000000000e+00 7.947465195692146267e+00 1.123573573573573681e+00 1.795523290986085874e+00 2.163720660678064345e+00 0.000000000000000000e+00 1.093128654970760172e+00 0.000000000000000000e+00 3.662426614481408826e+00 0.000000000000000000e+00 1.757080222775210254e+00 1.883333333333333304e+00 0.000000000000000000e+00 8.372881355932203506e-01 0.000000000000000000e+00 6.921845574387947009e-01 0.000000000000000000e+00 6.645833333333333037e-01 0.000000000000000000e+00 2.048302872062663038e+00
5.853735091023226644e-01 9.074733096085408901e-01 1.397199705232129663e+00 6.906943788379782401e-01 1.294035087719298316e+00 7.812207549131745532e-01 1.863168724279835375e+00 5.071477195371000946e+00 0.000000000000000000e+00 0.000000000000000000e+00 3.443223443223443425e+00 8.865348399246704147e-01 1.163207988765798007e+00 8.942528735632183645e-01 1.077658649666763280e+00 1.589380156547493206e+00 1.734979040521658078e+00 0.000000000000000000e+00 2.443643512450851762e+00 2.274576271186440568e+00 2.332070707070707183e+00 9.539590184669870521e-01 0.000000000000000000e+00 8.658221909453436282e-01 5.204221788476830479e-01 3.505697596476108346e-01 0.000000000000000000e+00 0.000000000000000000e+00 0.000000000000000000e+00 0.000000000000000000e+00
2.688713156002875415e+00 0.000000000000000000e+00 0.000000000000000000e+00 4.883379981340796872e-01 5.969956388305605044e-01 0.000000000000000000e+00 1.760853747271404313e+00 0.000000000000000000e+00 3.649038461538461675e+00 4.827949901120632825e-01 3.692797648211660899e+00 1.278794037940379491e+00 2.613286713286713248e+00 6.317584854170219533e-01 7.607919175426063330e-01 0.000000000000000000e+00 7.986735130509199365e-01 4.288912454341934910e-01 0.000000000000000000e+00 0.000000000000000000e+00 6.182759772803207987e-01 0.000000000000000000e+00 5.207417582417582125e+00 0.000000000000000000e+00 1.166451195862960644e+00 2.202129254760833543e+00 2.431935483870967918e+00 1.540142917192097505e+00 9.737934613388686822e-01 9.518229166666666297e-01
2.688713156002875415e+00 0.000000000000000000e+00 0.000000000000000000e+00 0.000000000000000000e+00 1.228073089700996601e+00 1.126889121651952763e+00 2.266088259159852569e+00 7.810112006699465592e-01 1.762833914053426154e+00 0.000000000000000000e+00 0.000000000000000000e+00 4.091007583965330596e+00 8.209184794550647979e-01 6.317584854170219533e-01 2.420318078545926621e+00 0.000000000000000000e+00 7.986735130509199365e-01 8.814769975786924672e-01 2.625570776255707894e+00 0.000000000000000000e+00 1.271993127147766245e+00 0.000000000000000000e+00 0.000000000000000000e+00 2.668348954578226184e+00 3.682008368200836990e-01 2.202129254760833543e+00 1.178549093183239416e+00 1.540142917192097505e+00 0.000000000000000000e+00 0.000000000000000000e+00
1.195721583652618047e+00 2.946825396825397014e+00 0.000000000000000000e+00 6.915394761635575982e-01 8.453984928065768623e-01 0.000000000000000000e+00 2.577809287486706680e+00 0.000000000000000000e+00 2.496223316912971946e+00 0.000000000000000000e+00 3.412296564195298476e+00 0.000000000000000000e+00 0.000000000000000000e+00 0.000000000000000000e+00 2.241296518607442945e+00 0.000000000000000000e+00 1.130973986690865019e+00 6.073629851740796060e-01 1.167888906225620138e+00 0.000000000000000000e+00 0.000000000000000000e+00 6.375420875420875433e+00 0.000000000000000000e+00 8.662770309760373655e-01 1.082509733453129730e+00 0.000000000000000000e+00 0.000000000000000000e+00 2.228293867638130088e+00 1.378943506969919186e+00 1.361979166666666741e+00
1.262410147991543274e+00 3.143767254194096417e+00 0.000000000000000000e+00 1.521076979052965239e+00 0.000000000000000000e+00 8.234005258545136208e-01 1.259890444309190505e+00 1.167241379310344884e+00 1.288095238095238182e+00 1.103713768115942129e+00 4.667493796526054339e+00 1.916338207247298087e+00 5.998230373230373225e-01 1.446596244131455489e+00 5.558876270173341849e-01 0.000000000000000000e+00 5.835682957393483195e-01 6.397534668721109874e-01 1.232892561983470969e+00 9.006711409395973256e-01 9.232114964073726560e-01 0.000000000000000000e+00 0.000000000000000000e+00 1.909278883432411478e+00 1.144627606752730786e+00 1.156407828282828287e+00 8.611492673992674485e-01 0.000000000000000000e+00 0.000000000000000000e+00 3.383116883116882856e-01
7.360126083530338370e-01 4.585012371862848823e+00 0.000000000000000000e+00 1.341391941391941289e+00 5.203607157954065476e-01 0.000000000000000000e+00 3.375813953488372210e+00 6.807597479682220287e-01 0.000000000000000000e+00 4.208165612420931567e-01 1.007493643784290072e+00 0.000000000000000000e+00 5.906052393857271987e+00 5.506621038535932655e-01 1.360979174278406978e+00 0.000000000000000000e+00 6.961552818215752669e-01 1.177346278317151995e+00 0.000000000000000000e+00 0.000000000000000000e+00 0.000000000000000000e+00 2.469761359921542887e+00 0.000000000000000000e+00 0.000000000000000000e+00 2.610169491525423879e+00 0.000000000000000000e+00 1.027277686852154925e+00 0.000000000000000000e+00 0.000000000000000000e+00 4.035921525283227562e-01
9.803826485628637233e-01 2.117587758775877571e+00 7.583534621578099655e-01 1.603574285005102240e+00 6.912264150943395746e-01 8.613130264220606458e-01 2.091186293015826703e+00 2.938324590685105764e-01 6.633156966490300066e-01 1.816066066066066020e-01 2.317617866004962668e+00 1.491828328461334063e+00 9.528730703259005175e-01 1.522855267249421329e+00 8.824934320515882558e-01 0.000000000000000000e+00 3.030136363636363850e+00 1.028034277304341604e+00 9.573533212716464069e-01 2.269292704075312750e-01 4.712078877220027828e-01 1.606989708404802819e+00 0.000000000000000000e+00 4.662089134719308303e-01 7.255152547874066382e-01 7.896893230226563754e-01 9.010551703346397767e-01 5.614754098360655865e-01 7.436653505922334872e-01 1.312432096849293739e+00
1.320241334437477709e+00 1.355573936219097497e+00 0.000000000000000000e+00 1.308028987586998593e+00 9.308860759493671200e-01 1.156172839506172778e+00 2.076348309225021449e+00 3.932072272558681525e-01 1.814903846153846256e+00 1.576568132660418176e+00 1.186075949367088711e+00 2.732496817603200512e+00 2.214941022280471739e+00 1.335689045936395702e+00 1.611907866145154244e+00 1.148926380368098243e+00 4.021009313406974095e-01 1.398468665551409140e+00 4.152281995419250249e-01 3.036871877451587376e-01 6.325601374570446467e-01 1.413721804511278268e+00 0.000000000000000000e+00 3.079723791588198645e-01 5.726518455483459169e-01 1.066988092629118201e+00 0.000000000000000000e+00 0.000000000000000000e+00 1.524703960800326774e+00 4.733072916666666852e-01
3.750500667556742496e+00 2.841198979591836871e+00 0.000000000000000000e+00 0.000000000000000000e+00 8.171081677704193913e-01 0.000000000000000000e+00 2.481993514251578770e+00 0.000000000000000000e+00 2.412698412698412564e+00 0.000000000000000000e+00 5.151046405823476171e+00 3.646973715939233252e+00 3.645292207792207861e+00 0.000000000000000000e+00 1.041283124128312476e+00 0.000000000000000000e+00 0.000000000000000000e+00 5.870370370370370239e-01 2.346394984326019006e+00 0.000000000000000000e+00 0.000000000000000000e+00 1.883333333333333304e+00 0.000000000000000000e+00 8.372881355932203506e-01 5.039748953974895196e-01 1.436358308098075520e+00 0.000000000000000000e+00 1.378934510946161707e+00 0.000000000000000000e+00 0.000000000000000000e+00
1.303563084112149495e+00 6.477747023417248506e-01 0.000000000000000000e+00 1.573982803899701466e+00 1.929948839039748121e+00 5.603770761633997122e-01 8.422096482529312089e-01 0.000000000000000000e+00 0.000000000000000000e+00 1.276271542664985326e+00 5.747814081914404127e-01 0.000000000000000000e+00 1.266988636363636456e+00 2.044276008688819868e+00 1.591289422870628689e+00 0.000000000000000000e+00 8.077446021645727781e-01 1.380116216302035292e+00 4.101092594636353561e-01 2.313633914136878023e+00 6.246659030164184445e-01 6.842919548598470625e-01 1.647547252267016260e+00 3.041752790409260054e-01 2.098314688786985016e+00 5.106144860630223992e-01 5.860694183864915141e-01 1.010993584185885252e+00 4.842371562013492725e-01 4.673996913580246715e-01
8.697916666666666075e+00 0.000000000000000000e+00 0.000000000000000000e+00 5.030737704918032627e+00 0.000000000000000000e+00 0.000000000000000000e+00 0.000000000000000000e+00 0.000000000000000000e+00 1.815714285714285836e+01 0.000000000000000000e+00 0.000000000000000000e+00 0.000000000000000000e+00 0.000000000000000000e+00 0.000000000000000000e+00 0.000000000000000000e+00 0.000000000000000000e+00 0.000000000000000000e+00 0.000000000000000000e+00 0.000000000000000000e+00 0.000000000000000000e+00 0.000000000000000000e+00 0.000000000000000000e+00 0.000000000000000000e+00 0.000000000000000000e+00 0.000000000000000000e+00 0.000000000000000000e+00 0.000000000000000000e+00 5.002038043478260754e+00 0.000000000000000000e+00 4.770129870129870220e+00
1.505975274725274815e+00 2.140181915462814555e+00 0.000000000000000000e+00 6.564334381551362174e-01 8.055042070372259166e-01 1.789038765342082948e+00 7.080919080919081399e-01 5.894438827098078537e-01 1.715554733043397784e+00 1.369679579148732618e+00 4.292714227381438374e-01 1.231141522029372437e+00 1.822274129172714030e+00 1.387454710144927494e+00 8.767304682797640858e-01 0.000000000000000000e+00 6.029560723514212350e-01 1.023339446901859295e+00 1.293883155423661169e+00 1.192377495462794812e+00 1.771693329836524278e+00 2.527386005751061093e-01 0.000000000000000000e+00 9.516850974196945367e-01 7.965462689020381681e-01 8.882328654004955082e-01 4.377582874981418293e-01 8.520238095238095166e-01 3.612706079499248268e-01 1.416283494529887443e+00
1.933591731266149916e+00 3.128399746995572439e+00 0.000000000000000000e+00 1.727001569858712671e+00 0.000000000000000000e+00 0.000000000000000000e+00 1.969097316345893134e+00 8.659088272822178523e-01 0.000000000000000000e+00 5.352812271731191007e-01 4.117015468607824857e+00 1.417792792792792689e+00 0.000000000000000000e+00 7.004347004347004635e-01 8.434920275924460142e-01 0.000000000000000000e+00 0.000000000000000000e+00 0.000000000000000000e+00 9.143940320410908207e-01 0.000000000000000000e+00 1.414089347079037884e+00 3.159983291562238783e+00 0.000000000000000000e+00 1.399092970521542023e+00 4.082325002827094651e-01 5.606962895098488442e-01 0.000000000000000000e+00 1.717096018735362994e+00 3.461751152073732740e+00 1.058159722222222321e+00
4.163925285754111805e+00 2.001758301210522895e+00 3.032167832167832255e+00 3.568013270882123278e-01 0.000000000000000000e+00 1.687317620650953920e+00 1.973583877995642721e+00 1.167241379310344884e+00 0.000000000000000000e+00 1.503675903552516679e+00 2.661712668082094613e+00 9.343998015873016261e-01 0.000000000000000000e+00 1.972398159877325252e+00 1.744491326769807893e+00 2.577846364883401797e+00 1.193752503003604248e+00 6.397534668721109874e-01 6.026179702650290571e-01 9.006711409395973256e-01 4.517490215264187703e-01 0.000000000000000000e+00 0.000000000000000000e+00 4.469733656174333936e-01 8.406862745098039325e-01 1.156407828282828287e+00 0.000000000000000000e+00 3.547651397515527716e-01 0.000000000000000000e+00 0.000000000000000000e+00
4.362209302325581461e+00 3.308274021352313188e+00 0.000000000000000000e+00 2.518150684931506955e+00 0.000000000000000000e+00 0.000000000000000000e+00 3.348505747126436560e+00 0.000000000000000000e+00 0.000000000000000000e+00 0.000000000000000000e+00 2.796522382537920848e+00 0.000000000000000000e+00 0.000000000000000000e+00 3.260087719298245812e+00 0.000000000000000000e+00 2.709469153515064566e+00 0.000000000000000000e+00 1.037794828076157971e+00 0.000000000000000000e+00 1.459571119417666818e+00 0.000000000000000000e+00 0.000000000000000000e+00 0.000000000000000000e+00 0.000000000000000000e+00 8.909672655673147590e-01 1.223662346294450032e+00 0.000000000000000000e+00 0.000000000000000000e+00 2.356070087609511976e+00 0.000000000000000000e+00
3.487906976744186149e+00 0.000000000000000000e+00 0.000000000000000000e+00 4.500153045607590663e+00 0.000000000000000000e+00 0.000000000000000000e+00 1.669266055045871555e+00 3.225000000000000089e+00 0.000000000000000000e+00 0.000000000000000000e+00 0.000000000000000000e+00 2.503306878306878147e+00 1.607035607035607105e+00 0.000000000000000000e+00 0.000000000000000000e+00 4.632515337423313007e+00 0.000000000000000000e+00 0.000000000000000000e+00 1.614522732169791031e+00 0.000000000000000000e+00 0.000000000000000000e+00 0.000000000000000000e+00 0.000000000000000000e+00 0.000000000000000000e+00 2.400928792569659631e+00 2.085269121813031035e+00 0.000000000000000000e+00 9.505693581780538803e-01 1.906281661600810473e+00 0.000000000000000000e+00
2.322170542635658919e+00 0.000000000000000000e+00 2.669004207573632659e+00 6.467477525118984216e-01 0.000000000000000000e+00 1.492380763902632079e+00 3.109657001111966412e+00 1.034334763948497882e+00 2.334562211981566993e+00 1.325203252032520318e+00 0.000000000000000000e+00 3.524941724941724974e+00 1.087183958151699992e+00 3.746087834427056951e+00 2.091316526610644377e+00 0.000000000000000000e+00 0.000000000000000000e+00 0.000000000000000000e+00 3.535663675011809115e+00 0.000000000000000000e+00 8.188245691559876693e-01 0.000000000000000000e+00 0.000000000000000000e+00 8.101694915254237239e-01 4.876501552166284115e-01 6.697648988518315472e-01 1.560794044665012370e+00 0.000000000000000000e+00 0.000000000000000000e+00 6.132383745286971166e-01
3.750500667556742496e+00 2.841198979591836871e+00 2.758333333333333304e+00 0.000000000000000000e+00 0.000000000000000000e+00 3.211153682418050437e+00 1.790640394088669929e+00 1.068955650929899859e+00 0.000000000000000000e+00 1.371086814316418989e+00 0.000000000000000000e+00 1.750231481481481444e+00 1.123573573573573681e+00 8.646853146853147321e-01 2.163720660678064345e+00 0.000000000000000000e+00 2.271912501898830428e+00 0.000000000000000000e+00 1.128808446455505266e+00 0.000000000000000000e+00 0.000000000000000000e+00 8.565450947130337056e+00 0.000000000000000000e+00 0.000000000000000000e+00 5.039748953974895196e-01 1.436358308098075520e+00 1.613034188034188077e+00 0.000000000000000000e+00 0.000000000000000000e+00 0.000000000000000000e+00
2.673076923076922906e+00 0.000000000000000000e+00 0.000000000000000000e+00 1.546027742749054301e+00 1.889964340295466227e+00 0.000000000000000000e+00 0.000000000000000000e+00 8.844155844155844548e+00 5.580219780219779935e+00 0.000000000000000000e+00 0.000000000000000000e+00 4.048076923076923350e+00 0.000000000000000000e+00 0.000000000000000000e+00 0.000000000000000000e+00 3.545028142589118136e+00 0.000000000000000000e+00 0.000000000000000000e+00 0.000000000000000000e+00 4.152125279642057798e+00 0.000000000000000000e+00 0.000000000000000000e+00 0.000000000000000000e+00 0.000000000000000000e+00 0.000000000000000000e+00 3.479225684608120872e+00 0.000000000000000000e+00 0.000000000000000000e+00 0.000000000000000000e+00 1.465934065934065833e+00
2.896219135802469147e+00 0.000000000000000000e+00 0.000000000000000000e+00 3.665255292652553010e+00 0.000000000000000000e+00 0.000000000000000000e+00 1.389397406559877979e+00 0.000000000000000000e+00 6.046031746031745868e+00 0.000000000000000000e+00 0.000000000000000000e+00 0.000000000000000000e+00 0.000000000000000000e+00 2.166958041958042092e+00 2.609483960948395964e+00 3.840955284552845406e+00 0.000000000000000000e+00 0.000000000000000000e+00 0.000000000000000000e+00 0.000000000000000000e+00 2.120719178082191902e+00 0.000000000000000000e+00 0.000000000000000000e+00 0.000000000000000000e+00 0.000000000000000000e+00 0.000000000000000000e+00 0.000000000000000000e+00 3.644290314590042268e+00 0.000000000000000000e+00 3.474905303030303205e+00
1.119384986433524354e+00 2.781021897810219023e+00 0.000000000000000000e+00 4.240746138152142186e-01 1.067471281081867174e+00 2.032608695652173836e+00 7.218994189541174666e-01 6.793837123991195437e-01 7.553884711779448313e-01 1.822439268720260408e+00 1.007541071909507036e+00 2.312365094048720149e+00 2.703287557220141579e+00 2.739518729843711142e+00 6.617200071517969073e-01 0.000000000000000000e+00 3.421975992613111583e-01 9.689091396408469059e-01 7.176015473887814577e-01 0.000000000000000000e+00 8.175750834260289146e-01 5.896307934014139995e-01 0.000000000000000000e+00 1.094103633114949403e+00 8.306672230722863537e-01 1.910662824207492783e+00 5.049932523616733615e-01 6.411069980609906960e-01 8.479918079417453347e-01 0.000000000000000000e+00
3.480555555555555713e+01 0.000000000000000000e+00 0.000000000000000000e+00 0.000000000000000000e+00 0.000000000000000000e+00 0.000000000000000000e+00 0.000000000000000000e+00 0.000000000000000000e+00 0.000000000000000000e+00 0.000000000000000000e+00 0.000000000000000000e+00 0.000000000000000000e+00 0.000000000000000000e+00 0.000000000000000000e+00 0.000000000000000000e+00 0.000000000000000000e+00 3.292105263157894512e+01 0.000000000000000000e+00 0.000000000000000000e+00 0.000000000000000000e+00 0.000000000000000000e+00 0.000000000000000000e+00 0.000000000000000000e+00 0.000000000000000000e+00 0.000000000000000000e+00 0.000000000000000000e+00 0.000000000000000000e+00 0.000000000000000000e+00 0.000000000000000000e+00 0.000000000000000000e+00
5.797067901234568055e+00 0.000000000000000000e+00 0.000000000000000000e+00 0.000000000000000000e+00 0.000000000000000000e+00 0.000000000000000000e+00 0.000000000000000000e+00 0.000000000000000000e+00 0.000000000000000000e+00 0.000000000000000000e+00 0.000000000000000000e+00 0.000000000000000000e+00 0.000000000000000000e+00 0.000000000000000000e+00 0.000000000000000000e+00 0.000000000000000000e+00 0.000000000000000000e+00 0.000000000000000000e+00 0.000000000000000000e+00 9.974496644295301806e+00 0.000000000000000000e+00 0.000000000000000000e+00 0.000000000000000000e+00 4.200000000000000178e+00 0.000000000000000000e+00 0.000000000000000000e+00 0.000000000000000000e+00 3.333786231884058093e+00 0.000000000000000000e+00 7.651041666666666963e+00
3.086173721825178795e+00 1.508490086426029553e+00 2.296799516908212713e+00 5.565421979356405258e-01 6.803715967623252814e-01 1.284253578732106327e+00 9.519003931847968003e-01 8.900810681926561996e-01 2.008994708994709111e+00 1.135114208284939918e+00 1.317260656883298298e+00 3.019380619380619191e+00 9.355605605605605835e-01 2.303748964374482178e+00 1.791356542617046799e+00 0.000000000000000000e+00 9.102095516569200795e-01 4.887949543746645253e-01 3.013698630136986356e+00 0.000000000000000000e+00 7.046232876712328341e-01 5.058155080213904142e+00 0.000000000000000000e+00 6.971751412429378902e-01 0.000000000000000000e+00 1.189154188587616456e+00 0.000000000000000000e+00 0.000000000000000000e+00 0.000000000000000000e+00 5.277056277056276778e-01
9.623199588477365785e-01 1.508490086426029553e+00 0.000000000000000000e+00 2.449620168628432904e+00 2.176176470588235379e+00 0.000000000000000000e+00 9.519003931847968003e-01 2.852559205500381889e+00 2.008994708994709111e+00 2.421600198166955487e+00 0.000000000000000000e+00 0.000000000000000000e+00 1.933548804137039445e+00 1.486516290726817013e+00 0.000000000000000000e+00 0.000000000000000000e+00 9.102095516569200795e-01 0.000000000000000000e+00 0.000000000000000000e+00 6.874767744332961339e-01 1.454688267059401019e+00 0.000000000000000000e+00 0.000000000000000000e+00 0.000000000000000000e+00 4.196304044630404517e-01 1.841661096256684393e+00 1.343126780626780592e+00 1.141611521992993428e+00 0.000000000000000000e+00 1.088541666666666741e+00
1.093046467783076459e+00 8.270256540513081234e-01 6.281772575250835766e-01 6.283594715949762932e-01 9.730211995312666451e-01 3.512033978291647096e-01 1.699372706829210600e+00 4.927158513766372594e-01 1.118217054263565879e+00 1.476021193732451664e+00 3.189131364997860540e+00 1.231789172535211252e+00 2.235583286065419006e+00 1.030479567713610267e+00 9.834512211397303805e-01 7.078518095781614061e-01 1.307575113378684817e+00 9.957898481973435079e-01 1.351035037670982319e+00 1.879598662207357940e-01 1.008184523809523725e+00 1.326882102272727293e+00 0.000000000000000000e+00 1.906127770534550292e-01 7.237547568710359647e-01 9.979598853868194563e-01 0.000000000000000000e+00 1.129500089110675454e+00 2.667744688496608507e+00 4.419468015665796168e-01
3.159932659932660037e+00 0.000000000000000000e+00 0.000000000000000000e+00 1.827620466964729351e+00 0.000000000000000000e+00 0.000000000000000000e+00 0.000000000000000000e+00 0.000000000000000000e+00 0.000000000000000000e+00 0.000000000000000000e+00 0.000000000000000000e+00 0.000000000000000000e+00 0.000000000000000000e+00 2.364272091544818988e+00 0.000000000000000000e+00 9.277300613496931803e+00 2.988835725677831068e+00 1.605182257356170483e+00 0.000000000000000000e+00 2.257525083612040184e+00 0.000000000000000000e+00 0.000000000000000000e+00 0.000000000000000000e+00 0.000000000000000000e+00 1.378090528718143748e+00 1.892655367231638408e+00 0.000000000000000000e+00 4.009264305177111964e+00 0.000000000000000000e+00 0.000000000000000000e+00
6.647970085470085166e-01 2.166337502743032495e+00 1.586747491638796026e+00 1.206428571428571406e+00 0.000000000000000000e+00 8.872109485606418655e-01 1.744130100076982215e+00 0.000000000000000000e+00 4.415533980582524443e+00 7.772995377012593687e-01 5.059139784946236951e+00 1.006810897435897356e+00 1.324106113033448606e+00 1.563169014084507147e+00 1.226725984511451539e+00 0.000000000000000000e+00 6.287955465587043991e-01 1.058883495145630960e+00 0.000000000000000000e+00 0.000000000000000000e+00 4.867623814541622851e-01 6.052083333333333037e+00 0.000000000000000000e+00 0.000000000000000000e+00 9.084453781512604742e-01 1.249602272727272645e+00 0.000000000000000000e+00 3.822637959866220791e-01 1.571982803816713847e+00 3.645354645354645373e-01
7.205825617283950768e-01 1.121526463239191251e+00 0.000000000000000000e+00 1.793449647995102536e+00 2.196358231140839834e+00 9.616564417177914104e-01 1.903737140457694821e+00 0.000000000000000000e+00 3.102700490998363314e+00 8.439139710546041950e-01 4.291168091168090726e+00 1.091290509259259300e+00 0.000000000000000000e+00 1.105188503172825687e+00 2.050082553659879014e+00 0.000000000000000000e+00 6.815606725146199363e-01 3.659923510466988605e-01 7.038084464555053321e-01 0.000000000000000000e+00 1.081523725963295934e+00 3.732707509881422858e+00 0.000000000000000000e+00 5.220338983050847315e-01 3.141997907949790614e-01 1.359004446640316166e+00 0.000000000000000000e+00 8.487448547741898164e-01 8.310062056737588243e-01 8.092863475177305421e-01
7.360126083530338370e-01 1.146062200216617644e+00 0.000000000000000000e+00 1.341391941391941289e+00 1.641777777777777780e+00 9.822477483357263672e-01 2.399470899470899532e+00 0.000000000000000000e+00 4.909385113268608158e+00 8.623777542123247652e-01 3.197876857749469170e+00 1.114657210401891252e+00 0.000000000000000000e+00 1.129366895499618551e+00 2.095921237693389561e+00 0.000000000000000000e+00 6.961552818215752669e-01 7.658700915885883198e-01 1.475889328063241024e+00 0.000000000000000000e+00 1.700689655172413772e+00 3.816161616161616088e+00 0.000000000000000000e+00 5.332131265777136919e-01 0.000000000000000000e+00 9.034363837911072448e-01 0.000000000000000000e+00 4.232192414431082406e-01 8.488003621548211308e-01 8.269927536231883591e-01
1.195721583652618047e+00 1.887391967463141862e+00 0.000000000000000000e+00 1.436594911937377761e+00 0.000000000000000000e+00 1.595726676539030997e+00 1.857215836526181274e+00 0.000000000000000000e+00 8.201725997842503446e+00 1.420247773906310407e+00 5.342533616418966957e+00 0.000000000000000000e+00 0.000000000000000000e+00 1.859899749373433497e+00 2.241296518607442945e+00 0.000000000000000000e+00 1.130973986690865019e+00 6.073629851740796060e-01 1.167888906225620138e+00 0.000000000000000000e+00 8.755314123760037370e-01 6.375420875420875433e+00 0.000000000000000000e+00 0.000000000000000000e+00 0.000000000000000000e+00 7.161503993765828691e-01 0.000000000000000000e+00 0.000000000000000000e+00 1.378943506969919186e+00 0.000000000000000000e+00
2.673076923076922906e+00 4.413404507710557922e+00 0.000000000000000000e+00 0.000000000000000000e+00 0.000000000000000000e+00 7.777777777777777679e+00 2.785168195718654260e+00 0.000000000000000000e+00 5.580219780219779935e+00 0.000000000000000000e+00 0.000000000000000000e+00 0.000000000000000000e+00 0.000000000000000000e+00 4.349122807017543835e+00 0.000000000000000000e+00 0.000000000000000000e+00 2.528340080971660075e+00 0.000000000000000000e+00 0.000000000000000000e+00 0.000000000000000000e+00 0.000000000000000000e+00 1.568181818181818166e+01 0.000000000000000000e+00 0.000000000000000000e+00 0.000000000000000000e+00 0.000000000000000000e+00 0.000000000000000000e+00 0.000000000000000000e+00 0.000000000000000000e+00 0.000000000000000000e+00
7.205825617283950768e-01 3.028531720078482703e+00 0.000000000000000000e+00 8.536286796852229353e-01 5.094508830022075330e-01 9.616564417177914104e-01 2.343346253229974252e+00 1.367388114453411685e+00 1.504365079365079350e+00 0.000000000000000000e+00 3.127942398227637977e+00 4.757131599684790935e+00 7.005442942942943230e-01 1.700015309246785122e+00 6.492329149232914931e-01 0.000000000000000000e+00 6.815606725146199363e-01 1.151593499366821538e+00 2.223942823108993494e+00 0.000000000000000000e+00 1.081523725963295934e+00 3.732707509881422858e+00 0.000000000000000000e+00 1.070053553336228092e+00 3.141997907949790614e-01 0.000000000000000000e+00 0.000000000000000000e+00 4.143455615942028825e-01 8.310062056737588243e-01 3.951298701298701088e-01
3.656914893617021489e-01 5.632724907205448606e-01 0.000000000000000000e+00 0.000000000000000000e+00 5.244168184903368335e-01 0.000000000000000000e+00 3.553812765117885242e-01 3.382339512373299106e-01 0.000000000000000000e+00 2.090569292696952408e-01 0.000000000000000000e+00 0.000000000000000000e+00 0.000000000000000000e+00 0.000000000000000000e+00 3.294756520965013702e-01 4.850155682407887858e-01 0.000000000000000000e+00 0.000000000000000000e+00 0.000000000000000000e+00 0.000000000000000000e+00 0.000000000000000000e+00 0.000000000000000000e+00 1.159009523809523898e+03 0.000000000000000000e+00 0.000000000000000000e+00 2.189866570501262100e-01 0.000000000000000000e+00 4.262400750051272835e-01 0.000000000000000000e+00 2.004973749654600790e-01
1.740046296296296191e+01 0.000000000000000000e+00 0.000000000000000000e+00 0.000000000000000000e+00 0.000000000000000000e+00 0.000000000000000000e+00 0.000000000000000000e+00 0.000000000000000000e+00 0.000000000000000000e+00 0.000000000000000000e+00 0.000000000000000000e+00 0.000000000000000000e+00 0.000000000000000000e+00 0.000000000000000000e+00 1.567782426778242666e+01 0.000000000000000000e+00 0.000000000000000000e+00 0.000000000000000000e+00 0.000000000000000000e+00 0.000000000000000000e+00 0.000000000000000000e+00 0.000000000000000000e+00 0.000000000000000000e+00 0.000000000000000000e+00 7.588912133891213330e+00 0.000000000000000000e+00 0.000000000000000000e+00 0.000000000000000000e+00 0.000000000000000000e+00 0.000000000000000000e+00
3.480555555555555713e+01 0.000000000000000000e+00 0.000000000000000000e+00 0.000000000000000000e+00 0.000000000000000000e+00 0.000000000000000000e+00 0.000000000000000000e+00 0.000000000000000000e+00 0.000000000000000000e+00 0.000000000000000000e+00 0.000000000000000000e+00 0.000000000000000000e+00 0.000000000000000000e+00 0.000000000000000000e+00 0.000000000000000000e+00 0.000000000000000000e+00 0.000000000000000000e+00 0.000000000000000000e+00 0.000000000000000000e+00 0.000000000000000000e+00 0.000000000000000000e+00 0.000000000000000000e+00 0.000000000000000000e+00 0.000000000000000000e+00 0.000000000000000000e+00 0.000000000000000000e+00 0.000000000000000000e+00 2.001630434782608603e+01 0.000000000000000000e+00 0.000000000000000000e+00
inf 0.000000000000000000e+00 0.000000000000000000e+00 0.000000000000000000e+00 0.000000000000000000e+00 0.000000000000000000e+00 0.000000000000000000e+00 0.000000000000000000e+00 0.000000000000000000e+00 0.000000000000000000e+00 0.000000000000000000e+00 0.000000000000000000e+00 0.000000000000000000e+00 0.000000000000000000e+00 0.000000000000000000e+00 0.000000000000000000e+00 0.000000000000000000e+00 0.000000000000000000e+00 0.000000000000000000e+00 0.000000000000000000e+00 0.000000000000000000e+00 0.000000000000000000e+00 0.000000000000000000e+00 0.000000000000000000e+00 0.000000000000000000e+00 0.000000000000000000e+00 0.000000000000000000e+00 0.000000000000000000e+00 0.000000000000000000e+00 0.000000000000000000e+00
3.876485788113694930e+00 1.387458006718925052e+00 0.000000000000000000e+00 1.056945642795513285e+00 1.292087835482746527e+00 2.438811753309654495e+00 1.855249745158002117e+00 1.690309464648746429e+00 3.815037593984962339e+00 1.044950213371266035e+00 0.000000000000000000e+00 2.767543859649122862e+00 1.776671408250355633e+00 0.000000000000000000e+00 1.646553622550099183e+00 0.000000000000000000e+00 0.000000000000000000e+00 9.282990083905415801e-01 1.784948797332698289e+00 0.000000000000000000e+00 1.338139870223503891e+00 0.000000000000000000e+00 0.000000000000000000e+00 0.000000000000000000e+00 0.000000000000000000e+00 0.000000000000000000e+00 2.550607287449392580e+00 0.000000000000000000e+00 0.000000000000000000e+00 2.121527777777777679e+00
1.159876543209876587e+01 0.000000000000000000e+00 0.000000000000000000e+00 0.000000000000000000e+00 0.000000000000000000e+00 0.000000000000000000e+00 0.000000000000000000e+00 1.072818311874105923e+01 0.000000000000000000e+00 6.632432432432432634e+00 0.000000000000000000e+00 0.000000000000000000e+00 0.000000000000000000e+00 0.000000000000000000e+00 0.000000000000000000e+00 0.000000000000000000e+00 0.000000000000000000e+00 0.000000000000000000e+00 0.000000000000000000e+00 0.000000000000000000e+00 0.000000000000000000e+00 0.000000000000000000e+00 0.000000000000000000e+00 8.403389830508475100e+00 0.000000000000000000e+00 0.000000000000000000e+00 0.000000000000000000e+00 0.000000000000000000e+00 0.000000000000000000e+00 0.000000000000000000e+00
3.863168724279835597e+00 0.000000000000000000e+00 0.000000000000000000e+00 5.041780821917808630e+00 0.000000000000000000e+00 0.000000000000000000e+00 1.853292651919654199e+00 0.000000000000000000e+00 0.000000000000000000e+00 0.000000000000000000e+00 0.000000000000000000e+00 0.000000000000000000e+00 0.000000000000000000e+00 2.890442890442890267e+00 0.000000000000000000e+00 0.000000000000000000e+00 0.000000000000000000e+00 1.962426194310252336e+00 0.000000000000000000e+00 0.000000000000000000e+00 0.000000000000000000e+00 0.000000000000000000e+00 0.000000000000000000e+00 0.000000000000000000e+00 1.684797768479776803e+00 0.000000000000000000e+00 0.000000000000000000e+00 5.012942779291552853e+00 4.455082742316784916e+00 0.000000000000000000e+00
3.954874414644529712e-01 3.065970618128060821e+00 0.000000000000000000e+00 1.476994797648807589e+00 1.485809007843454266e+00 5.278189126295748101e-01 1.447079716994643439e+00 3.657934981007350261e-01 0.000000000000000000e+00 2.292957549478984447e+00 0.000000000000000000e+00 0.000000000000000000e+00 7.815426707355571656e-01 1.918323062234181142e+00 1.900281978979748709e+00 0.000000000000000000e+00 7.602704640917938850e-01 1.295068280756157097e+00 7.852008456659619329e-01 1.830263812842209958e+00 8.954969574036510949e-01 0.000000000000000000e+00 0.000000000000000000e+00 2.864991233196960696e-01 1.313873195229127377e+00 2.368335606208195332e-01 5.520188623636899106e-01 4.613776059818769371e-01 0.000000000000000000e+00 1.149005470701704557e+00
8.241843033509700378e-01 6.257176629517055000e-01 0.000000000000000000e+00 0.000000000000000000e+00 0.000000000000000000e+00 0.000000000000000000e+00 1.715467328370554156e+00 0.000000000000000000e+00 0.000000000000000000e+00 4.712355212355212597e-01 3.600000000000000089e+00 1.248181216931216975e+00 8.012655512655512124e-01 0.000000000000000000e+00 0.000000000000000000e+00 0.000000000000000000e+00 0.000000000000000000e+00 0.000000000000000000e+00 1.656984478935698446e+00 0.000000000000000000e+00 1.240801273992121256e+00 0.000000000000000000e+00 7.716586073500967302e+01 5.970944309927360694e-01 3.593843395098625382e-01 1.014302494299730517e+00 0.000000000000000000e+00 4.739259834368529933e-01 9.504812563323201680e-01 0.000000000000000000e+00
2.481812169312169303e+00 1.884245187436676794e+00 0.000000000000000000e+00 0.000000000000000000e+00 0.000000000000000000e+00 0.000000000000000000e+00 1.190585158548545186e+00 2.295524218270999395e+00 5.180952380952381198e+00 0.000000000000000000e+00 0.000000000000000000e+00 0.000000000000000000e+00 0.000000000000000000e+00 0.000000000000000000e+00 0.000000000000000000e+00 0.000000000000000000e+00 0.000000000000000000e+00 1.260697032436162823e+00 0.000000000000000000e+00 3.832214765100671272e+00 3.928099392016917601e+00 0.000000000000000000e+00 0.000000000000000000e+00 3.886446886446886406e+00 0.000000000000000000e+00 0.000000000000000000e+00 3.463827838827838956e+00 0.000000000000000000e+00 0.000000000000000000e+00 2.939503205128205288e+00
4.653643410852713380e+00 3.529300118623961868e+00 0.000000000000000000e+00 0.000000000000000000e+00 0.000000000000000000e+00 2.897239263803681020e+00 1.041475972540045758e+00 2.008047210300428986e+00 4.532142857142857473e+00 0.000000000000000000e+00 0.000000000000000000e+00 0.000000000000000000e+00 0.000000000000000000e+00 0.000000000000000000e+00 1.956066945606694585e+00 0.000000000000000000e+00 2.053453947368421240e+00 0.000000000000000000e+00 0.000000000000000000e+00 1.551003344481605373e+00 1.589683219178082085e+00 0.000000000000000000e+00 0.000000000000000000e+00 1.572881355932203462e+00 0.000000000000000000e+00 1.300317796610169552e+00 6.506666666666666821e+00 0.000000000000000000e+00 0.000000000000000000e+00 1.190584415584415634e+00
2.246961740435108990e+00 0.000000000000000000e+00 0.000000000000000000e+00 6.264515027322404839e-01 1.586539492015861086e+00 1.445552147239263840e+00 1.670804597701149419e+00 1.001877682403433445e+00 2.261309523809523991e+00 0.000000000000000000e+00 0.000000000000000000e+00 5.324647887323943785e+00 1.053068693693693714e+00 8.104239510489510412e-01 2.023583626999186702e+00 0.000000000000000000e+00 0.000000000000000000e+00 5.501962560386473022e-01 4.735843087630496662e+00 0.000000000000000000e+00 7.931292808219178037e-01 1.765158582089552342e+00 0.000000000000000000e+00 1.625850340136054450e+00 0.000000000000000000e+00 1.343324499680160766e+00 1.511818910256410353e+00 2.004644808743169193e+00 0.000000000000000000e+00 0.000000000000000000e+00
1.118279569892473013e+00 0.000000000000000000e+00 0.000000000000000000e+00 0.000000000000000000e+00 5.755244755244754984e+00 0.000000000000000000e+00 0.000000000000000000e+00 3.346618898343036275e+00 0.000000000000000000e+00 0.000000000000000000e+00 1.530736457699330533e+00 0.000000000000000000e+00 1.087183958151699992e+00 2.702768334142787943e+00 2.091316526610644377e+00 0.000000000000000000e+00 0.000000000000000000e+00 0.000000000000000000e+00 0.000000000000000000e+00 1.656823266219239477e+00 0.000000000000000000e+00 0.000000000000000000e+00 2.366666666666666785e+01 8.101694915254237239e-01 1.010062893081761004e+00 6.697648988518315472e-01 0.000000000000000000e+00 0.000000000000000000e+00 0.000000000000000000e+00 6.132383745286971166e-01
1.303563084112149495e+00 6.477747023417248506e-01 0.000000000000000000e+00 1.016842765979705021e+00 2.968421902762073961e-01 1.745031055900621020e+00 8.422096482529312089e-01 7.898041719880800615e-01 8.766550522648083321e-01 1.844382591093117307e+00 1.171276761994061610e+00 0.000000000000000000e+00 4.082069874752801697e-01 6.383365821962313502e-01 3.783039085620981679e-01 0.000000000000000000e+00 3.971437740693196661e-01 1.380116216302035292e+00 3.186413708690330360e+00 1.950437317784256663e+00 6.246659030164184445e-01 0.000000000000000000e+00 0.000000000000000000e+00 6.180398085159990451e-01 9.708698474521259003e-01 2.568465864708639135e+00 0.000000000000000000e+00 7.466188524590163800e-01 4.842371562013492725e-01 2.052910052910053018e+00
5.797067901234568055e+00 0.000000000000000000e+00 0.000000000000000000e+00 0.000000000000000000e+00 4.098785871964679473e+00 7.736196319018405099e+00 0.000000000000000000e+00 0.000000000000000000e+00 0.000000000000000000e+00 0.000000000000000000e+00 0.000000000000000000e+00 8.778935185185185119e+00 0.000000000000000000e+00 0.000000000000000000e+00 0.000000000000000000e+00 0.000000000000000000e+00 0.000000000000000000e+00 0.000000000000000000e+00 0.000000000000000000e+00 0.000000000000000000e+00 0.000000000000000000e+00 0.000000000000000000e+00 0.000000000000000000e+00 4.200000000000000178e+00 0.000000000000000000e+00 3.472222222222222321e+00 0.000000000000000000e+00 3.333786231884058093e+00 0.000000000000000000e+00 0.000000000000000000e+00
1.155709876543209891e+00 0.000000000000000000e+00 0.000000000000000000e+00 6.683970856102003921e-01 8.171081677704193913e-01 0.000000000000000000e+00 5.543859649122806488e-01 0.000000000000000000e+00 2.412698412698412564e+00 6.608108108108108336e-01 9.367245657568238570e+00 7.947465195692146267e+00 0.000000000000000000e+00 0.000000000000000000e+00 2.163720660678064345e+00 0.000000000000000000e+00 1.093128654970760172e+00 0.000000000000000000e+00 6.635944700460829182e+00 0.000000000000000000e+00 8.462328767123287188e-01 0.000000000000000000e+00 0.000000000000000000e+00 1.738447102979122638e+00 0.000000000000000000e+00 1.436358308098075520e+00 0.000000000000000000e+00 1.378934510946161707e+00 1.332801418439716334e+00 0.000000000000000000e+00
7.057823129251700189e-01 1.688297872340425609e+00 0.000000000000000000e+00 4.081632653061224580e-01 4.989863495066900745e-01 0.000000000000000000e+00 2.740247126746883755e+00 6.527984584391696155e-01 3.037660256410256387e+00 0.000000000000000000e+00 9.441102756892231440e+00 4.653098982423681917e+00 6.861555432984004499e-01 1.663620017980221855e+00 6.358978737938689729e-01 0.000000000000000000e+00 0.000000000000000000e+00 3.584738243123336554e-01 2.176333430486738774e+00 0.000000000000000000e+00 1.058848797250859120e+00 0.000000000000000000e+00 0.000000000000000000e+00 1.047619047619047672e+00 0.000000000000000000e+00 4.226911103424420557e-01 0.000000000000000000e+00 1.276595744680851130e+00 3.525734430082255955e+00 3.870129870129870309e-01
3.159932659932660037e+00 0.000000000000000000e+00 0.000000000000000000e+00 0.000000000000000000e+00 0.000000000000000000e+00 0.000000000000000000e+00 5.585440613026819712e+00 0.000000000000000000e+00 0.000000000000000000e+00 0.000000000000000000e+00 0.000000000000000000e+00 0.000000000000000000e+00 0.000000000000000000e+00 0.000000000000000000e+00 0.000000000000000000e+00 4.190687361419068502e+00 0.000000000000000000e+00 0.000000000000000000e+00 0.000000000000000000e+00 0.000000000000000000e+00 0.000000000000000000e+00 0.000000000000000000e+00 3.429279279279279535e+01 0.000000000000000000e+00 0.000000000000000000e+00 0.000000000000000000e+00 0.000000000000000000e+00 0.000000000000000000e+00 1.350896057347670265e+01 0.000000000000000000e+00
1.508856682769726287e+00 0.000000000000000000e+00 0.000000000000000000e+00 2.883830455259026593e+00 1.066801036567808891e+00 2.013603627634035664e+00 7.238085762610685370e-01 0.000000000000000000e+00 0.000000000000000000e+00 2.850931677018633703e+00 0.000000000000000000e+00 0.000000000000000000e+00 3.081447963800905132e+00 1.128914563697172468e+00 1.359468801164271490e+00 0.000000000000000000e+00 1.427154843630816128e+00 7.664356227683259970e-01 1.473735982687389257e+00 0.000000000000000000e+00 0.000000000000000000e+00 0.000000000000000000e+00 0.000000000000000000e+00 2.293753865182436513e+00 1.378883171336001467e+00 2.987012987012986898e+00 0.000000000000000000e+00 0.000000000000000000e+00 0.000000000000000000e+00 0.000000000000000000e+00
1.577651515151515138e+00 2.518895102524995711e+00 0.000000000000000000e+00 9.124441132637853835e-01 0.000000000000000000e+00 4.439153439153439074e+00 1.589558759283529854e+00 0.000000000000000000e+00 3.293506493506493715e+00 1.895470383275261295e+00 0.000000000000000000e+00 0.000000000000000000e+00 1.533783783783783772e+00 2.482205513784461193e+00 4.731645569620253511e+00 0.000000000000000000e+00 0.000000000000000000e+00 0.000000000000000000e+00 0.000000000000000000e+00 2.369766698625758838e+00 2.429062346588119592e+00 0.000000000000000000e+00 0.000000000000000000e+00 0.000000000000000000e+00 0.000000000000000000e+00 0.000000000000000000e+00 2.201923076923077094e+00 0.000000000000000000e+00 0.000000000000000000e+00 8.651711924439197121e-01
1.735879629629629717e+00 0.000000000000000000e+00 0.000000000000000000e+00 1.003961748633879880e+00 1.227317880794702054e+00 2.316564417177914059e+00 1.757363592467407143e+00 3.395190562613429996e+00 3.623809523809523814e+00 0.000000000000000000e+00 0.000000000000000000e+00 5.573794626426205490e+00 1.687612612612612528e+00 0.000000000000000000e+00 1.564016736401673713e+00 0.000000000000000000e+00 0.000000000000000000e+00 0.000000000000000000e+00 5.704718417047184076e+00 0.000000000000000000e+00 1.271061643835616373e+00 0.000000000000000000e+00 0.000000000000000000e+00 1.257627118644067732e+00 0.000000000000000000e+00 1.039689265536723140e+00 2.422756410256410309e+00 9.982336956521739024e-01 0.000000000000000000e+00 0.000000000000000000e+00
2.316049382716049543e+00 0.000000000000000000e+00 5.527536231884058182e+00 1.339526411657559146e+00 0.000000000000000000e+00 3.090797546012269859e+00 1.111060259344012202e+00 0.000000000000000000e+00 0.000000000000000000e+00 1.324324324324324342e+00 0.000000000000000000e+00 3.507407407407407529e+00 0.000000000000000000e+00 3.726817042606516139e+00 0.000000000000000000e+00 0.000000000000000000e+00 0.000000000000000000e+00 2.527499135247319284e+00 4.870129870129869865e+00 0.000000000000000000e+00 1.695890410958904138e+00 0.000000000000000000e+00 0.000000000000000000e+00 1.677966101694915224e+00 1.010041841004184038e+00 0.000000000000000000e+00 0.000000000000000000e+00 0.000000000000000000e+00 0.000000000000000000e+00 0.000000000000000000e+00
1.508856682769726287e+00 1.145544249152019800e+00 3.601134215500945146e+00 0.000000000000000000e+00 1.066801036567808891e+00 2.013603627634035664e+00 1.517097581317764732e+00 1.395596193319649236e+00 0.000000000000000000e+00 8.627497062279670947e-01 0.000000000000000000e+00 2.285024154589371914e+00 0.000000000000000000e+00 2.369059011164274420e+00 0.000000000000000000e+00 0.000000000000000000e+00 0.000000000000000000e+00 0.000000000000000000e+00 3.095867768595041536e+00 1.077940962629053256e+00 0.000000000000000000e+00 2.458792991563919728e+00 0.000000000000000000e+00 6.710978477120636221e+00 6.579952701473531507e-01 0.000000000000000000e+00 0.000000000000000000e+00 8.676748582230623397e-01 0.000000000000000000e+00 8.274421230942969885e-01
3.863168724279835597e+00 0.000000000000000000e+00 0.000000000000000000e+00 0.000000000000000000e+00 0.000000000000000000e+00 5.155419222903885768e+00 0.000000000000000000e+00 0.000000000000000000e+00 0.000000000000000000e+00 2.209009009009009095e+00 0.000000000000000000e+00 0.000000000000000000e+00 0.000000000000000000e+00 2.890442890442890267e+00 7.865546218487394547e+00 0.000000000000000000e+00 0.000000000000000000e+00 1.962426194310252336e+00 0.000000000000000000e+00 0.000000000000000000e+00 0.000000000000000000e+00 0.000000000000000000e+00 0.000000000000000000e+00 0.000000000000000000e+00 0.000000000000000000e+00 2.313873195229127600e+00 5.391737891737891530e+00 2.221618357487922690e+00 0.000000000000000000e+00 0.000000000000000000e+00
3.656914893617021489e-01 8.572593167701862971e-01 0.000000000000000000e+00 1.117096378146101854e+00 7.979347826086956585e-01 1.514987847691061207e+00 1.759310456984875648e+00 0.000000000000000000e+00 2.386449978894048307e+00 6.444647920604914537e-01 2.109044801352493614e+00 1.722060624617268720e+00 1.489688393797982791e+00 8.447259644825474423e-01 6.689256347700370808e-01 2.042181421063408830e+00 1.839533730158730229e+00 9.798102981029810365e-01 2.747463002114165054e+00 5.299126795121599232e-01 1.727440003131973434e+00 5.959828516989520431e-01 0.000000000000000000e+00 8.177771182668052141e-01 6.631347599768652179e-01 1.408583110653230719e+00 5.104337152209492690e-01 8.762306186963720878e-01 4.217406066093254968e-01 0.000000000000000000e+00
4.968253968253968367e+00 0.000000000000000000e+00 0.000000000000000000e+00 0.000000000000000000e+00 0.000000000000000000e+00 0.000000000000000000e+00 5.574923547400612023e+00 0.000000000000000000e+00 0.000000000000000000e+00 2.840926640926640712e+00 0.000000000000000000e+00 7.523809523809523725e+00 0.000000000000000000e+00 3.717282717282717197e+00 0.000000000000000000e+00 0.000000000000000000e+00 0.000000000000000000e+00 0.000000000000000000e+00 0.000000000000000000e+00 0.000000000000000000e+00 0.000000000000000000e+00 8.095948827292110295e+00 0.000000000000000000e+00 0.000000000000000000e+00 2.166766288105200111e+00 0.000000000000000000e+00 0.000000000000000000e+00 0.000000000000000000e+00 0.000000000000000000e+00 0.000000000000000000e+00
1.445794753086419693e+00 0.000000000000000000e+00 0.000000000000000000e+00 0.000000000000000000e+00 1.022213024282560667e+00 1.929447852760736160e+00 0.000000000000000000e+00 2.803223388305847052e+00 0.000000000000000000e+00 1.730175562625191565e+00 0.000000000000000000e+00 2.189525462962962798e+00 1.405593093093093104e+00 2.265751334858886246e+00 0.000000000000000000e+00 0.000000000000000000e+00 1.367507309941520477e+00 7.344001610305957994e-01 1.412141779788838702e+00 0.000000000000000000e+00 2.217241894516658984e+00 0.000000000000000000e+00 0.000000000000000000e+00 8.080943738656987563e+00 0.000000000000000000e+00 8.659369114877589757e-01 0.000000000000000000e+00 8.314085144927536586e-01 0.000000000000000000e+00 7.928571428571428159e-01
4.657782782782782793e-01 7.195437039925900446e-01 0.000000000000000000e+00 2.428636760487257185e+00 3.292912117415428552e-01 0.000000000000000000e+00 2.599928109273903498e+00 0.000000000000000000e+00 9.724581724581724540e-01 8.257472826086956763e-01 0.000000000000000000e+00 1.440367851326755488e+00 0.000000000000000000e+00 2.713602941176470384e+00 8.544952227466329209e-01 0.000000000000000000e+00 2.371492346938775420e+00 9.937973338816352697e-01 9.266500622665005960e-01 0.000000000000000000e+00 1.437107071494712285e+00 7.590762404195240398e-01 0.000000000000000000e+00 6.865157021712794405e-01 8.523054114158635786e-01 8.651751893939394478e-01 1.326734423331860313e+00 1.431907378335949721e+00 1.674507168458781337e+00 7.917754569190600389e-01
2.488704318936877158e+00 0.000000000000000000e+00 2.853823088455772261e+00 6.915394761635575982e-01 8.453984928065768623e-01 0.000000000000000000e+00 5.735816302375128517e-01 1.105964185289329604e+00 5.221153846153845812e+00 6.836905871388629929e-01 1.636738234656256674e+00 0.000000000000000000e+00 2.419198448610213159e+00 0.000000000000000000e+00 0.000000000000000000e+00 1.585786375105130430e+00 1.130973986690865019e+00 0.000000000000000000e+00 1.167888906225620138e+00 8.542267327874524252e-01 8.755314123760037370e-01 0.000000000000000000e+00 0.000000000000000000e+00 2.811149032992036556e+00 1.687675070028011204e+00 2.321338383838383645e+00 1.668877099911582729e+00 6.875937031484258277e-01 1.378943506969919186e+00 0.000000000000000000e+00
1.083575581395348930e+00 0.000000000000000000e+00 2.602678571428571619e+00 1.654741418349787052e+00 7.650539867109634740e-01 1.448302469135802406e+00 1.675462962962962932e+00 1.001885775862068950e+00 0.000000000000000000e+00 3.035343035343035512e-01 3.107526881720430012e+00 5.417985611510791166e+00 0.000000000000000000e+00 8.097587719298245945e-01 2.032258064516129004e+00 7.041275797373358625e-01 0.000000000000000000e+00 0.000000000000000000e+00 1.620134811915633799e+00 7.730704697986576779e-01 1.211822660098522242e+00 8.652123995407577928e-01 0.000000000000000000e+00 1.198927352510970268e+00 4.712395178197065215e-01 1.345280764635603310e+00 7.410256410256410575e-01 9.502992453812125762e-01 6.122749590834697386e-01 1.230873163317007357e+00
3.089756423089756177e-01 4.751213199611776239e-01 2.303975535168195865e+00 5.489464663776590925e-01 1.650450450450450468e+00 8.374859708193042040e-01 4.548560582094273719e-01 1.190660225442834230e+00 1.314685314685314577e+00 7.323645171056615277e-01 2.745650575839254870e+00 4.810965162764134995e+00 9.262718932443703146e-01 4.681977671451355572e-01 2.114735336194563775e+00 4.098000439463854172e-01 0.000000000000000000e+00 0.000000000000000000e+00 3.826333818215944760e+00 1.160937747505148110e+00 6.960455552040493155e-01 1.562135112593828090e+00 0.000000000000000000e+00 3.101408450704225217e+00 5.574269005847952707e-01 5.685988323603002881e-01 0.000000000000000000e+00 1.983996941394942315e+00 7.230918813806513912e-01 0.000000000000000000e+00
1.735879629629629717e+00 0.000000000000000000e+00 0.000000000000000000e+00 4.765516123804894200e+00 1.227317880794702054e+00 0.000000000000000000e+00 8.327231121281464254e-01 3.395190562613429996e+00 0.000000000000000000e+00 9.925675675675675880e-01 2.376100628930817749e+00 0.000000000000000000e+00 0.000000000000000000e+00 0.000000000000000000e+00 0.000000000000000000e+00 0.000000000000000000e+00 0.000000000000000000e+00 8.817632850241545750e-01 0.000000000000000000e+00 0.000000000000000000e+00 2.685476578043045848e+00 0.000000000000000000e+00 0.000000000000000000e+00 1.257627118644067732e+00 1.597263599249696631e+00 1.039689265536723140e+00 0.000000000000000000e+00 2.107557722644485931e+00 0.000000000000000000e+00 9.519480519480519876e-01
2.316049382716049543e+00 0.000000000000000000e+00 0.000000000000000000e+00 0.000000000000000000e+00 0.000000000000000000e+00 3.090797546012269859e+00 0.000000000000000000e+00 4.610837438423645018e+00 0.000000000000000000e+00 0.000000000000000000e+00 3.170230607966456837e+00 0.000000000000000000e+00 0.000000000000000000e+00 3.726817042606516139e+00 0.000000000000000000e+00 0.000000000000000000e+00 0.000000000000000000e+00 1.176489533011272126e+00 2.262141779788838569e+00 1.654626532887402357e+00 0.000000000000000000e+00 0.000000000000000000e+00 0.000000000000000000e+00 0.000000000000000000e+00 1.010041841004184038e+00 1.387193973634651689e+00 0.000000000000000000e+00 1.331884057971014501e+00 0.000000000000000000e+00 4.420767222333801705e+00
3.061755952380952328e-01 3.540333333333333332e+00 7.308812111801241684e-01 1.541636821859662998e+00 6.657272727272727231e-01 1.264031620553359714e+00 6.078721515241195528e-01 5.740136688412550425e-01 1.991173874669020405e+00 1.953043057311136810e+00 1.296931094383323657e+00 0.000000000000000000e+00 0.000000000000000000e+00 2.005529953917050801e+00 5.590885002649708113e-01 0.000000000000000000e+00 1.529224537037036979e+00 4.773389232127095982e-01 1.580047789725208984e+00 6.727272727272727293e-01 9.312720231103774893e-01 4.990005330490405178e-01 0.000000000000000000e+00 6.822835867204467553e-01 1.000499680204669062e+00 7.602916960715125905e-01 0.000000000000000000e+00 2.418171228887594726e+00 1.090469208211143792e+00 3.396677927927927998e-01
4.968253968253968367e+00 0.000000000000000000e+00 0.000000000000000000e+00 6.724200913242008859e+00 3.512771996215704906e+00 0.000000000000000000e+00 0.000000000000000000e+00 0.000000000000000000e+00 0.000000000000000000e+00 0.000000000000000000e+00 0.000000000000000000e+00 0.000000000000000000e+00 0.000000000000000000e+00 3.717282717282717197e+00 0.000000000000000000e+00 0.000000000000000000e+00 0.000000000000000000e+00 0.000000000000000000e+00 0.000000000000000000e+00 0.000000000000000000e+00 3.637964774951076397e+00 0.000000000000000000e+00 0.000000000000000000e+00 0.000000000000000000e+00 0.000000000000000000e+00 0.000000000000000000e+00 0.000000000000000000e+00 2.857142857142857206e+00 0.000000000000000000e+00 2.724675324675324806e+00
1.284636488340191951e+00 0.000000000000000000e+00 3.066022544283413698e+00 7.429670107265735624e-01 9.082658817758155756e-01 0.000000000000000000e+00 2.006344827586207025e+00 3.884155844155844139e+00 2.681834215167548496e+00 0.000000000000000000e+00 0.000000000000000000e+00 8.944444444444444642e+00 1.248915582248915523e+00 9.611499611499610962e-01 1.157446149077948183e+00 0.000000000000000000e+00 1.215074723846653715e+00 0.000000000000000000e+00 4.103561643835616835e+00 0.000000000000000000e+00 9.406392694063926418e-01 0.000000000000000000e+00 0.000000000000000000e+00 1.939822082679225623e+00 0.000000000000000000e+00 7.694078259050010082e-01 0.000000000000000000e+00 1.538671138126179061e+00 0.000000000000000000e+00 0.000000000000000000e+00
1.929269547325102918e+00 0.000000000000000000e+00 0.000000000000000000e+00 1.115816636308439636e+00 0.000000000000000000e+00 0.000000000000000000e+00 9.255021612001017584e-01 1.784453981878874496e+00 4.027513227513227712e+00 0.000000000000000000e+00 0.000000000000000000e+00 6.231180584121760901e+00 1.875625625625625625e+00 1.443473193473193472e+00 1.738261273826127384e+00 0.000000000000000000e+00 3.881834672194869107e+00 0.000000000000000000e+00 6.419520547945205102e+00 0.000000000000000000e+00 1.412671232876712368e+00 0.000000000000000000e+00 0.000000000000000000e+00 2.970388155262104757e+00 8.413528591352859021e-01 0.000000000000000000e+00 0.000000000000000000e+00 0.000000000000000000e+00 0.000000000000000000e+00 0.000000000000000000e+00
1.929269547325102918e+00 0.000000000000000000e+00 0.000000000000000000e+00 2.369701853344077236e+00 0.000000000000000000e+00 0.000000000000000000e+00 1.964651915812196448e+00 3.795638945233265726e+00 4.027513227513227712e+00 0.000000000000000000e+00 0.000000000000000000e+00 2.921682098765431945e+00 0.000000000000000000e+00 1.443473193473193472e+00 0.000000000000000000e+00 0.000000000000000000e+00 1.824805068226120763e+00 0.000000000000000000e+00 4.009090909090908816e+00 0.000000000000000000e+00 3.002223569840307249e+00 0.000000000000000000e+00 0.000000000000000000e+00 4.750853242320818737e+00 0.000000000000000000e+00 0.000000000000000000e+00 0.000000000000000000e+00 0.000000000000000000e+00 0.000000000000000000e+00 1.058008658008658065e+00
3.863168724279835597e+00 1.139693877551020407e+01 0.000000000000000000e+00 0.000000000000000000e+00 0.000000000000000000e+00 0.000000000000000000e+00 0.000000000000000000e+00 3.573199809251311532e+00 0.000000000000000000e+00 0.000000000000000000e+00 0.000000000000000000e+00 0.000000000000000000e+00 0.000000000000000000e+00 0.000000000000000000e+00 0.000000000000000000e+00 0.000000000000000000e+00 0.000000000000000000e+00 0.000000000000000000e+00 3.773252890899949641e+00 0.000000000000000000e+00 0.000000000000000000e+00 0.000000000000000000e+00 0.000000000000000000e+00 1.087225743539736733e+01 0.000000000000000000e+00 0.000000000000000000e+00 0.000000000000000000e+00 2.221618357487922690e+00 0.000000000000000000e+00 0.000000000000000000e+00
1.740046296296296191e+01 0.000000000000000000e+00 0.000000000000000000e+00 0.000000000000000000e+00 0.000000000000000000e+00 2.322085889570552197e+01 0.000000000000000000e+00 0.000000000000000000e+00 0.000000000000000000e+00 0.000000000000000000e+00 0.000000000000000000e+00 0.000000000000000000e+00 0.000000000000000000e+00 0.000000000000000000e+00 1.567782426778242666e+01 0.000000000000000000e+00 0.000000000000000000e+00 0.000000000000000000e+00 0.000000000000000000e+00 0.000000000000000000e+00 0.000000000000000000e+00 0.000000000000000000e+00 0.000000000000000000e+00 0.000000000000000000e+00 0.000000000000000000e+00 0.000000000000000000e+00 0.000000000000000000e+00 0.000000000000000000e+00 0.000000000000000000e+00 0.000000000000000000e+00
6.957407407407407263e+00 0.000000000000000000e+00 0.000000000000000000e+00 0.000000000000000000e+00 0.000000000000000000e+00 0.000000000000000000e+00 0.000000000000000000e+00 0.000000000000000000e+00 1.452380952380952372e+01 0.000000000000000000e+00 0.000000000000000000e+00 0.000000000000000000e+00 0.000000000000000000e+00 0.000000000000000000e+00 6.268619246861924843e+00 0.000000000000000000e+00 0.000000000000000000e+00 0.000000000000000000e+00 0.000000000000000000e+00 0.000000000000000000e+00 0.000000000000000000e+00 0.000000000000000000e+00 0.000000000000000000e+00 0.000000000000000000e+00 0.000000000000000000e+00 0.000000000000000000e+00 9.710256410256409509e+00 4.001086956521739069e+00 0.000000000000000000e+00 3.815584415584415634e+00
1.827485380116959046e+00 0.000000000000000000e+00 4.361556064073226935e+00 0.000000000000000000e+00 0.000000000000000000e+00 0.000000000000000000e+00 0.000000000000000000e+00 0.000000000000000000e+00 0.000000000000000000e+00 2.212285456187895072e+00 5.315049226441631802e+00 0.000000000000000000e+00 1.776671408250355633e+00 1.367316893632683161e+00 3.491129785247432338e+00 0.000000000000000000e+00 0.000000000000000000e+00 3.128498001142204554e+00 3.785858585858585812e+00 0.000000000000000000e+00 0.000000000000000000e+00 0.000000000000000000e+00 0.000000000000000000e+00 0.000000000000000000e+00 7.969610218013652991e-01 0.000000000000000000e+00 0.000000000000000000e+00 2.224947017862549004e+00 2.107502799552071870e+00 1.002187286397812738e+00
0.000000000000000000e+00 1.761091340450771092e+00 0.000000000000000000e+00 2.086017430845017007e+00 1.639645625692137232e+00 0.000000000000000000e+00 1.111314984709480091e+00 1.034334763948497882e+00 0.000000000000000000e+00 0.000000000000000000e+00 0.000000000000000000e+00 0.000000000000000000e+00 1.087183958151699992e+00 2.702768334142787943e+00 2.091316526610644377e+00 1.483084185680566547e+00 2.195888399412628367e+00 5.680224403927068844e-01 0.000000000000000000e+00 0.000000000000000000e+00 1.698281786941580718e+00 0.000000000000000000e+00 0.000000000000000000e+00 0.000000000000000000e+00 1.570849029266879082e+00 6.697648988518315472e-01 0.000000000000000000e+00 3.734228734228734137e+00 0.000000000000000000e+00 6.132383745286971166e-01
0.000000000000000000e+00 1.522781774580335812e+00 0.000000000000000000e+00 1.156093224106178985e+00 2.671566843752274378e-01 2.126136363636363491e+00 9.571022802686416364e-01 3.495260104702164750e-01 0.000000000000000000e+00 1.647058823529411686e+00 5.173128758034418739e-01 2.418762088974855118e+00 7.464052287581699474e-01 2.514080901177675464e+00 6.915032679738561949e-01 0.000000000000000000e+00 1.903735632183908066e+00 1.919095397356266886e-01 3.691014867485455930e-01 2.397912589693411700e+00 1.788428814520703236e+00 6.158766606527800169e-01 0.000000000000000000e+00 2.737567517228534086e-01 8.693438091081041597e-01 6.982890704800817083e-01 1.639427987742594572e+00 9.064757160647571865e-01 3.376470588235294112e+00 4.201388888888888951e-01
0.000000000000000000e+00 4.262005378409527090e+00 0.000000000000000000e+00 3.070197562000840930e-01 3.753438614365766646e-01 7.085417649834827580e-01 1.075665229671473266e+00 4.910531528557279812e-01 0.000000000000000000e+00 2.381355932203389703e+00 3.974087784241142174e+00 1.644886363636363535e+00 5.161469161469161016e-01 2.629537366548042598e+00 1.493469961824392289e+00 0.000000000000000000e+00 1.568478718921196835e+00 2.696395392047565842e-01 1.058238636363636465e+00 2.049180327868852292e+00 7.924183848797250462e-01 0.000000000000000000e+00 0.000000000000000000e+00 1.198927352510970268e+00 1.521564482029598375e+00 3.179487179487179294e-01 0.000000000000000000e+00 3.052675585284280735e-01 6.122749590834697386e-01 0.000000000000000000e+00
0.000000000000000000e+00 4.601219360457882157e-01 1.446605644546147929e+00 3.504937206403987981e-01 4.284884396421517194e-01 0.000000000000000000e+00 1.236388462194913718e+00 0.000000000000000000e+00 0.000000000000000000e+00 7.074138598528842969e-01 1.699819168173598571e+00 0.000000000000000000e+00 1.205074337427278541e+00 4.243154121863799588e+00 2.335844318895166527e+00 8.038083012409071859e-01 2.453662551440329409e+00 3.078226968387151596e-01 0.000000000000000000e+00 0.000000000000000000e+00 4.437635183850036080e-01 0.000000000000000000e+00 0.000000000000000000e+00 8.969873663751214421e-01 8.252864782276546629e-01 1.135227272727272751e+00 0.000000000000000000e+00 1.484119736174530635e+00 4.725725094577553520e+00 2.643333850690671838e+00
0.000000000000000000e+00 4.601219360457882157e-01 0.000000000000000000e+00 3.504937206403987981e-01 5.919994170795686017e+00 0.000000000000000000e+00 0.000000000000000000e+00 5.605752578872073011e-01 0.000000000000000000e+00 0.000000000000000000e+00 0.000000000000000000e+00 0.000000000000000000e+00 0.000000000000000000e+00 0.000000000000000000e+00 0.000000000000000000e+00 1.646581945661700352e+00 0.000000000000000000e+00 0.000000000000000000e+00 1.210714285714285632e+00 4.329636801032681892e-01 0.000000000000000000e+00 0.000000000000000000e+00 1.222770731707317111e+02 0.000000000000000000e+00 5.391584306678646188e-01 0.000000000000000000e+00 0.000000000000000000e+00 1.089716840536512743e+00 0.000000000000000000e+00 3.323308270676691989e-01
0.000000000000000000e+00 1.495956873315363866e+00 0.000000000000000000e+00 7.422628107559614552e-01 4.441902468392534553e-01 1.718792866941015074e+00 1.640854956301227130e+00 1.825287919627542221e+00 1.311688311688311792e+00 1.124692370795734142e+00 4.759645793801391633e+00 5.280112044817927064e+00 0.000000000000000000e+00 9.610136452241715421e-01 1.777645091951277845e+00 0.000000000000000000e+00 5.942583732057415968e-01 3.191040843214756340e-01 1.255892255892255838e+00 1.407089765580331608e+00 4.600249066002490839e-01 3.236706689536878123e+00 0.000000000000000000e+00 9.304610733182161475e-01 0.000000000000000000e+00 3.762711864406779738e-01 0.000000000000000000e+00 2.418842975206611623e+00 7.245647969052224635e-01 0.000000000000000000e+00
0.000000000000000000e+00 1.553066778312748530e+00 0.000000000000000000e+00 5.725214676034348082e-01 6.999053926206244558e-01 0.000000000000000000e+00 2.092741935483870996e+00 0.000000000000000000e+00 2.066666666666666874e+00 1.168659333652160015e+00 4.367689635205558751e+00 1.499206349206349209e+00 0.000000000000000000e+00 0.000000000000000000e+00 1.844290657439446424e+00 0.000000000000000000e+00 9.363408521303258070e-01 1.037886340977068889e+00 2.000000000000000000e+00 7.072145246058290091e-01 1.497675358803315149e+00 5.212121212121211933e+00 0.000000000000000000e+00 0.000000000000000000e+00 8.907386854112714358e-01 5.928974979822437819e-01 0.000000000000000000e+00 1.821659215101838036e+00 1.141641337386018140e+00 5.428571428571428159e-01
0.000000000000000000e+00 1.047604669887278561e+01 0.000000000000000000e+00 3.855699855699855849e+00 0.000000000000000000e+00 1.929447852760736160e+00 0.000000000000000000e+00 1.337267525035765292e+00 0.000000000000000000e+00 0.000000000000000000e+00 0.000000000000000000e+00 0.000000000000000000e+00 1.405593093093093104e+00 2.265751334858886246e+00 0.000000000000000000e+00 0.000000000000000000e+00 1.367507309941520477e+00 7.344001610305957994e-01 0.000000000000000000e+00 1.032887402452619785e+00 3.489498432601880751e+00 0.000000000000000000e+00 0.000000000000000000e+00 1.047457627118643986e+00 0.000000000000000000e+00 0.000000000000000000e+00 0.000000000000000000e+00 0.000000000000000000e+00 1.667331560283688008e+00 7.928571428571428159e-01
0.000000000000000000e+00 5.225342190016102784e+00 0.000000000000000000e+00 1.510096153846153921e+00 1.197958026091888728e+00 0.000000000000000000e+00 2.206150480126412905e+00 7.623135090946249193e-01 0.000000000000000000e+00 2.047369524208761060e+00 2.326335288669342471e+00 1.248181216931216975e+00 8.012655512655512124e-01 1.956602112676056437e+00 0.000000000000000000e+00 0.000000000000000000e+00 0.000000000000000000e+00 4.186220381872555740e-01 0.000000000000000000e+00 0.000000000000000000e+00 6.034735812133071864e-01 0.000000000000000000e+00 0.000000000000000000e+00 0.000000000000000000e+00 1.558542510121457392e+00 4.936104385256927518e-01 0.000000000000000000e+00 1.501434426229508290e+00 9.504812563323201680e-01 1.431462140992167065e+00
0.000000000000000000e+00 7.305949566587864874e-01 0.000000000000000000e+00 2.449620168628432904e+00 6.803715967623252814e-01 1.284253578732106327e+00 2.029046222594609539e+00 0.000000000000000000e+00 0.000000000000000000e+00 0.000000000000000000e+00 2.727305605786618514e+00 1.457368827160493874e+00 9.355605605605605835e-01 2.303748964374482178e+00 1.791356542617046799e+00 0.000000000000000000e+00 1.880931403398363733e+00 0.000000000000000000e+00 0.000000000000000000e+00 0.000000000000000000e+00 7.046232876712328341e-01 0.000000000000000000e+00 0.000000000000000000e+00 0.000000000000000000e+00 2.956830116620063897e+00 1.189154188587616456e+00 0.000000000000000000e+00 2.435533416355334158e+00 1.109781323877068626e+00 5.277056277056276778e-01
0.000000000000000000e+00 3.060576923076923084e+00 0.000000000000000000e+00 4.227094843462246843e+00 1.822566752799311018e+00 0.000000000000000000e+00 1.928912466843501372e+00 0.000000000000000000e+00 0.000000000000000000e+00 0.000000000000000000e+00 5.548750612444879771e+00 1.875744047619047672e+00 0.000000000000000000e+00 3.015845070422535024e+00 0.000000000000000000e+00 0.000000000000000000e+00 0.000000000000000000e+00 1.308223477715003247e+00 0.000000000000000000e+00 0.000000000000000000e+00 0.000000000000000000e+00 2.018390191897654784e+00 0.000000000000000000e+00 8.973365617433414210e-01 5.401225343693962788e-01 7.418280871670702714e-01 0.000000000000000000e+00 2.314312736443883800e+00 0.000000000000000000e+00 0.000000000000000000e+00
0.000000000000000000e+00 3.981964285714285623e+00 0.000000000000000000e+00 1.917286366601435033e+00 1.115442504515352207e+00 0.000000000000000000e+00 1.589558759283529854e+00 0.000000000000000000e+00 3.293506493506493715e+00 0.000000000000000000e+00 2.159519725557461189e+00 0.000000000000000000e+00 1.533783783783783772e+00 1.180387794024157611e+00 0.000000000000000000e+00 0.000000000000000000e+00 0.000000000000000000e+00 1.683385218494177327e+00 0.000000000000000000e+00 0.000000000000000000e+00 3.839482758620689662e+00 2.570895522388059629e+00 0.000000000000000000e+00 0.000000000000000000e+00 6.879992392544693747e-01 1.985700795899096205e+00 0.000000000000000000e+00 0.000000000000000000e+00 1.819390715667311476e+00 8.651711924439197121e-01
0.000000000000000000e+00 9.397628458498024528e+00 0.000000000000000000e+00 6.683970856102003921e-01 0.000000000000000000e+00 1.542331288343558260e+00 5.543859649122806488e-01 0.000000000000000000e+00 0.000000000000000000e+00 6.608108108108108336e-01 1.581970649895178216e+00 0.000000000000000000e+00 1.123573573573573681e+00 1.795523290986085874e+00 4.688637790332705890e+00 1.532723577235772350e+00 1.093128654970760172e+00 1.896584604715672695e+00 0.000000000000000000e+00 1.714186530895626115e+00 8.462328767123287188e-01 1.883333333333333304e+00 0.000000000000000000e+00 0.000000000000000000e+00 0.000000000000000000e+00 0.000000000000000000e+00 0.000000000000000000e+00 1.378934510946161707e+00 0.000000000000000000e+00 0.000000000000000000e+00
0.000000000000000000e+00 3.038607270865335330e+00 2.175343249427917680e+00 2.309012199921290698e+00 0.000000000000000000e+00 0.000000000000000000e+00 2.467056106507268254e+00 0.000000000000000000e+00 1.902756892230576424e+00 0.000000000000000000e+00 0.000000000000000000e+00 1.380299707602339110e+00 0.000000000000000000e+00 2.994043412417970895e+00 0.000000000000000000e+00 0.000000000000000000e+00 1.778783188474818422e+00 9.533407499509194416e-01 2.845509893455099082e+00 0.000000000000000000e+00 2.929510627780524068e+00 0.000000000000000000e+00 0.000000000000000000e+00 6.603033006244424241e-01 3.974344857960801503e-01 0.000000000000000000e+00 0.000000000000000000e+00 1.079608218572796208e+00 1.051091825307950645e+00 1.591383812010443766e+00
0.000000000000000000e+00 1.957558982470014586e+00 2.956133540372670954e+00 2.327662721893491327e+00 1.822566752799311018e+00 0.000000000000000000e+00 1.235304111450900466e+00 0.000000000000000000e+00 2.585714285714285854e+00 1.473050286058416036e+00 0.000000000000000000e+00 1.875744047619047672e+00 0.000000000000000000e+00 4.197314487632509028e+00 1.115959354453078367e+00 0.000000000000000000e+00 1.171522556390977465e+00 1.308223477715003247e+00 2.520875420875420936e+00 0.000000000000000000e+00 2.951061007957559656e+00 0.000000000000000000e+00 0.000000000000000000e+00 8.973365617433414210e-01 5.401225343693962788e-01 0.000000000000000000e+00 0.000000000000000000e+00 0.000000000000000000e+00 0.000000000000000000e+00 0.000000000000000000e+00
0.000000000000000000e+00 2.203143534994068897e+00 0.000000000000000000e+00 3.679939894815928092e+00 9.811920529801324564e-01 0.000000000000000000e+00 6.657208237986269594e-01 0.000000000000000000e+00 0.000000000000000000e+00 0.000000000000000000e+00 1.899622641509433940e+00 0.000000000000000000e+00 0.000000000000000000e+00 4.771602955348538622e+00 1.250376569037656926e+00 1.840487804878048861e+00 1.312631578947368372e+00 7.049275362318840887e-01 0.000000000000000000e+00 0.000000000000000000e+00 2.124570446735395191e+00 0.000000000000000000e+00 0.000000000000000000e+00 1.005423728813559237e+00 6.051882845188284454e-01 0.000000000000000000e+00 0.000000000000000000e+00 7.980434782608695210e-01 3.352495543672014300e+00 1.589843750000000000e+00
0.000000000000000000e+00 5.886911822854883347e+00 0.000000000000000000e+00 0.000000000000000000e+00 0.000000000000000000e+00 0.000000000000000000e+00 3.715086646279306848e+00 0.000000000000000000e+00 0.000000000000000000e+00 0.000000000000000000e+00 0.000000000000000000e+00 0.000000000000000000e+00 0.000000000000000000e+00 2.601048951048951174e+00 0.000000000000000000e+00 0.000000000000000000e+00 3.288157894736841946e+00 6.656250000000000000e+00 0.000000000000000000e+00 0.000000000000000000e+00 0.000000000000000000e+00 0.000000000000000000e+00 0.000000000000000000e+00 0.000000000000000000e+00 1.516108786610878667e+00 2.082203389830508566e+00 0.000000000000000000e+00 0.000000000000000000e+00 0.000000000000000000e+00 0.000000000000000000e+00
0.000000000000000000e+00 1.600345087889571971e+00 0.000000000000000000e+00 5.894406943105110486e-01 7.205882352941176405e-01 1.360158787441356987e+00 4.216937354988399278e+00 9.426912395859631255e-01 2.127731092436974780e+00 5.827503974562797673e-01 1.395116537180909999e+00 3.203221021402839597e+00 9.908585055643879258e-01 0.000000000000000000e+00 9.182869800639921198e-01 0.000000000000000000e+00 0.000000000000000000e+00 5.176896845694799465e-01 3.202910958904109595e+00 0.000000000000000000e+00 2.395797413793103292e+00 0.000000000000000000e+00 0.000000000000000000e+00 1.526901669758812696e+00 4.444376076790548802e-01 1.957297585227272707e+00 0.000000000000000000e+00 1.211130377342911402e+00 0.000000000000000000e+00 0.000000000000000000e+00
0.000000000000000000e+00 1.098013048635824385e+00 0.000000000000000000e+00 4.081632653061224580e-01 4.989863495066900745e-01 0.000000000000000000e+00 1.453015427769986045e+00 0.000000000000000000e+00 1.473469387755101945e+00 0.000000000000000000e+00 9.661147477859067800e-01 2.197843822843822625e+00 0.000000000000000000e+00 5.280433851862422756e-01 6.358978737938689729e-01 0.000000000000000000e+00 0.000000000000000000e+00 3.584738243123336554e-01 1.414015151515151558e+00 0.000000000000000000e+00 1.627879677182685336e+00 0.000000000000000000e+00 5.848569332355098993e+01 1.047619047619047672e+00 6.297169811320755262e-01 4.226911103424420557e-01 0.000000000000000000e+00 8.309491371480471900e-01 8.139383412939643625e-01 3.870129870129870309e-01
0.000000000000000000e+00 1.822064056939501686e+00 0.000000000000000000e+00 6.683970856102003921e-01 8.171081677704193913e-01 0.000000000000000000e+00 1.149794368870610484e+00 1.068955650929899859e+00 2.412698412698412564e+00 0.000000000000000000e+00 0.000000000000000000e+00 1.750231481481481444e+00 1.123573573573573681e+00 2.799673038229376409e+00 2.163720660678064345e+00 0.000000000000000000e+00 1.093128654970760172e+00 1.217667195457960982e+00 1.128808446455505266e+00 0.000000000000000000e+00 8.462328767123287188e-01 0.000000000000000000e+00 0.000000000000000000e+00 1.738447102979122638e+00 0.000000000000000000e+00 4.041208791208791062e+00 0.000000000000000000e+00 6.645833333333333037e-01 1.332801418439716334e+00 1.314834770114942541e+00
0.000000000000000000e+00 5.359566787003609889e+00 0.000000000000000000e+00 2.526515151515151381e+00 0.000000000000000000e+00 0.000000000000000000e+00 3.364814814814814703e+00 0.000000000000000000e+00 0.000000000000000000e+00 1.168659333652160015e+00 2.807892777364110248e+00 1.499206349206349209e+00 0.000000000000000000e+00 0.000000000000000000e+00 1.844290657439446424e+00 0.000000000000000000e+00 0.000000000000000000e+00 1.608120035304501316e+00 9.669036845507433808e-01 0.000000000000000000e+00 1.497675358803315149e+00 0.000000000000000000e+00 0.000000000000000000e+00 0.000000000000000000e+00 1.379679144385026701e+00 0.000000000000000000e+00 0.000000000000000000e+00 1.175348613559865418e+00 0.000000000000000000e+00 1.120710784313725394e+00
0.000000000000000000e+00 1.254981425194191091e+00 0.000000000000000000e+00 9.560239396304970327e-01 2.462790697674418716e+00 0.000000000000000000e+00 0.000000000000000000e+00 7.230917874396134870e+00 0.000000000000000000e+00 9.451737451737451945e-01 0.000000000000000000e+00 2.503306878306878147e+00 0.000000000000000000e+00 0.000000000000000000e+00 0.000000000000000000e+00 0.000000000000000000e+00 0.000000000000000000e+00 8.396595353117092264e-01 3.406363636363636260e+00 1.180920528746615794e+00 1.210371819960861073e+00 5.700000000000000178e+00 0.000000000000000000e+00 1.197578692493946662e+00 7.208607292289300750e-01 0.000000000000000000e+00 0.000000000000000000e+00 0.000000000000000000e+00 4.025133689839572426e+00 9.064935064935064624e-01
0.000000000000000000e+00 4.073364358061867030e+00 0.000000000000000000e+00 3.100526870389884060e+00 0.000000000000000000e+00 3.312007011393514500e+00 0.000000000000000000e+00 2.295524218270999395e+00 0.000000000000000000e+00 0.000000000000000000e+00 0.000000000000000000e+00 3.758432539682539542e+00 0.000000000000000000e+00 1.856893106893106937e+00 2.236102809324566731e+00 0.000000000000000000e+00 0.000000000000000000e+00 0.000000000000000000e+00 5.245454545454545148e+00 0.000000000000000000e+00 3.928099392016917601e+00 0.000000000000000000e+00 0.000000000000000000e+00 3.886446886446886406e+00 0.000000000000000000e+00 0.000000000000000000e+00 0.000000000000000000e+00 0.000000000000000000e+00 0.000000000000000000e+00 0.000000000000000000e+00
0.000000000000000000e+00 2.409090909090909172e+00 0.000000000000000000e+00 5.725214676034348082e-01 1.445964432284541745e+00 2.737109658678285928e+00 1.518286311389759557e+00 0.000000000000000000e+00 2.066666666666666874e+00 1.168659333652160015e+00 0.000000000000000000e+00 1.499206349206349209e+00 0.000000000000000000e+00 7.406593406593406925e-01 8.919306634787805832e-01 0.000000000000000000e+00 1.936512049753822184e+00 5.028295376121463267e-01 3.105437941054379536e+00 0.000000000000000000e+00 2.322884012539184972e+00 0.000000000000000000e+00 0.000000000000000000e+00 7.171912832929782100e-01 1.379679144385026701e+00 5.928974979822437819e-01 0.000000000000000000e+00 1.175348613559865418e+00 0.000000000000000000e+00 1.736767149299786483e+00
0.000000000000000000e+00 1.255888832401288013e+00 1.921132457027300289e+00 9.559034572733202673e-01 1.169277013130833653e+00 2.213403880070546670e+00 7.924858016601136201e-01 0.000000000000000000e+00 1.680398671096345442e+00 9.450251645373596299e-01 0.000000000000000000e+00 1.218992248062015449e+00 0.000000000000000000e+00 6.022117417466255063e-01 7.252116376374427853e-01 0.000000000000000000e+00 1.565974407384099099e+00 4.088304684866869154e-01 2.496825927163381031e+00 1.181527644614893013e+00 3.295940170940170777e+00 0.000000000000000000e+00 0.000000000000000000e+00 5.831296807252660530e-01 1.952288218111002838e+00 9.900175367597463527e-01 0.000000000000000000e+00 9.504346697807187772e-01 0.000000000000000000e+00 1.913612565445026226e+00
0.000000000000000000e+00 2.651601423487544551e+01 0.000000000000000000e+00 0.000000000000000000e+00 0.000000000000000000e+00 1.547852760736196309e+01 0.000000000000000000e+00 0.000000000000000000e+00 0.000000000000000000e+00 0.000000000000000000e+00 0.000000000000000000e+00 0.000000000000000000e+00 0.000000000000000000e+00 0.000000000000000000e+00 0.000000000000000000e+00 0.000000000000000000e+00 0.000000000000000000e+00 0.000000000000000000e+00 0.000000000000000000e+00 0.000000000000000000e+00 0.000000000000000000e+00 0.000000000000000000e+00 0.000000000000000000e+00 0.000000000000000000e+00 0.000000000000000000e+00 0.000000000000000000e+00 0.000000000000000000e+00 0.000000000000000000e+00 0.000000000000000000e+00 6.361038961038961048e+00
0.000000000000000000e+00 1.325444839857651225e+01 0.000000000000000000e+00 0.000000000000000000e+00 0.000000000000000000e+00 9.284662576687116697e+00 0.000000000000000000e+00 0.000000000000000000e+00 1.452380952380952372e+01 0.000000000000000000e+00 0.000000000000000000e+00 0.000000000000000000e+00 0.000000000000000000e+00 0.000000000000000000e+00 0.000000000000000000e+00 0.000000000000000000e+00 0.000000000000000000e+00 0.000000000000000000e+00 6.795475113122171784e+00 0.000000000000000000e+00 0.000000000000000000e+00 0.000000000000000000e+00 0.000000000000000000e+00 0.000000000000000000e+00 0.000000000000000000e+00 0.000000000000000000e+00 0.000000000000000000e+00 0.000000000000000000e+00 0.000000000000000000e+00 3.815584415584415634e+00
0.000000000000000000e+00 2.642553191489361808e+01 0.000000000000000000e+00 0.000000000000000000e+00 0.000000000000000000e+00 0.000000000000000000e+00 0.000000000000000000e+00 0.000000000000000000e+00 0.000000000000000000e+00 0.000000000000000000e+00 0.000000000000000000e+00 0.000000000000000000e+00 0.000000000000000000e+00 0.000000000000000000e+00 0.000000000000000000e+00 0.000000000000000000e+00 0.000000000000000000e+00 1.768115942028985543e+01 0.000000000000000000e+00 0.000000000000000000e+00 0.000000000000000000e+00 0.000000000000000000e+00 0.000000000000000000e+00 0.000000000000000000e+00 0.000000000000000000e+00 0.000000000000000000e+00 0.000000000000000000e+00 0.000000000000000000e+00 0.000000000000000000e+00 0.000000000000000000e+00
0.000000000000000000e+00 2.642553191489361808e+01 0.000000000000000000e+00 0.000000000000000000e+00 0.000000000000000000e+00 0.000000000000000000e+00 0.000000000000000000e+00 0.000000000000000000e+00 0.000000000000000000e+00 0.000000000000000000e+00 0.000000000000000000e+00 0.000000000000000000e+00 0.000000000000000000e+00 0.000000000000000000e+00 0.000000000000000000e+00 0.000000000000000000e+00 0.000000000000000000e+00 0.000000000000000000e+00 0.000000000000000000e+00 0.000000000000000000e+00 0.000000000000000000e+00 0.000000000000000000e+00 0.000000000000000000e+00 0.000000000000000000e+00 0.000000000000000000e+00 0.000000000000000000e+00 0.000000000000000000e+00 0.000000000000000000e+00 0.000000000000000000e+00 1.908831168831168767e+01
0.000000000000000000e+00 inf 0.000000000000000000e+00 0.000000000000000000e+00 0.000000000000000000e+00 0.000000000000000000e+00 0.000000000000000000e+00 0.000000000000000000e+00 0.000000000000000000e+00 0.000000000000000000e+00 0.000000000000000000e+00 0.000000000000000000e+00 0.000000000000000000e+00 0.000000000000000000e+00 0.000000000000000000e+00 0.000000000000000000e+00 0.000000000000000000e+00 0.000000000000000000e+00 0.000000000000000000e+00 0.000000000000000000e+00 0.000000000000000000e+00 0.000000000000000000e+00 0.000000000000000000e+00 0.000000000000000000e+00 0.000000000000000000e+00 0.000000000000000000e+00 0.000000000000000000e+00 0.000000000000000000e+00 0.000000000000000000e+00 0.000000000000000000e+00
0.000000000000000000e+00 2.642553191489361808e+01 0.000000000000000000e+00 0.000000000000000000e+00 0.000000000000000000e+00 0.000000000000000000e+00 0.000000000000000000e+00 0.000000000000000000e+00 0.000000000000000000e+00 0.000000000000000000e+00 0.000000000000000000e+00 0.000000000000000000e+00 0.000000000000000000e+00 0.000000000000000000e+00 0.000000000000000000e+00 0.000000000000000000e+00 0.000000000000000000e+00 0.000000000000000000e+00 0.000000000000000000e+00 0.000000000000000000e+00 0.000000000000000000e+00 0.000000000000000000e+00 0.000000000000000000e+00 0.000000000000000000e+00 0.000000000000000000e+00 0.000000000000000000e+00 0.000000000000000000e+00 0.000000000000000000e+00 0.000000000000000000e+00 1.908831168831168767e+01
0.000000000000000000e+00 1.618950437317784319e+00 0.000000000000000000e+00 3.920497160612879117e-01 4.792884041033632081e-01 0.000000000000000000e+00 3.539599934948772120e+00 6.270302112261213479e-01 1.415312791783380097e+00 7.929539295392954434e-01 4.021367521367521292e+00 8.505958132045089215e+00 6.590708355414237607e-01 1.038456140350877188e+00 6.107966199031914512e-01 0.000000000000000000e+00 1.314008810572687258e+00 0.000000000000000000e+00 1.357090909090909125e+00 4.842940520689881234e-01 0.000000000000000000e+00 0.000000000000000000e+00 0.000000000000000000e+00 2.109589041095890405e+00 1.264736842105263159e+00 8.307082152974504252e-01 9.462041226747108791e-01 3.898124467178175623e-01 0.000000000000000000e+00 7.604166666666666297e-01
0.000000000000000000e+00 1.321099290780141899e+01 0.000000000000000000e+00 0.000000000000000000e+00 0.000000000000000000e+00 0.000000000000000000e+00 0.000000000000000000e+00 0.000000000000000000e+00 0.000000000000000000e+00 0.000000000000000000e+00 0.000000000000000000e+00 0.000000000000000000e+00 0.000000000000000000e+00 1.301923076923077005e+01 0.000000000000000000e+00 0.000000000000000000e+00 0.000000000000000000e+00 0.000000000000000000e+00 1.699547511312217196e+01 0.000000000000000000e+00 0.000000000000000000e+00 0.000000000000000000e+00 0.000000000000000000e+00 0.000000000000000000e+00 0.000000000000000000e+00 0.000000000000000000e+00 0.000000000000000000e+00 0.000000000000000000e+00 0.000000000000000000e+00 0.000000000000000000e+00
0.000000000000000000e+00 7.570920183019826943e+00 0.000000000000000000e+00 0.000000000000000000e+00 3.073261589403973648e+00 0.000000000000000000e+00 0.000000000000000000e+00 4.020386266094420513e+00 0.000000000000000000e+00 0.000000000000000000e+00 0.000000000000000000e+00 0.000000000000000000e+00 0.000000000000000000e+00 0.000000000000000000e+00 0.000000000000000000e+00 1.325854513584574867e+01 0.000000000000000000e+00 0.000000000000000000e+00 4.245475113122171962e+00 0.000000000000000000e+00 3.182791095890411093e+00 0.000000000000000000e+00 0.000000000000000000e+00 3.149152542372881225e+00 0.000000000000000000e+00 0.000000000000000000e+00 0.000000000000000000e+00 0.000000000000000000e+00 0.000000000000000000e+00 0.000000000000000000e+00
0.000000000000000000e+00 4.401300236406619604e+00 0.000000000000000000e+00 0.000000000000000000e+00 0.000000000000000000e+00 0.000000000000000000e+00 2.781083142639206862e+00 0.000000000000000000e+00 0.000000000000000000e+00 0.000000000000000000e+00 0.000000000000000000e+00 0.000000000000000000e+00 0.000000000000000000e+00 4.337412587412587506e+00 0.000000000000000000e+00 0.000000000000000000e+00 0.000000000000000000e+00 0.000000000000000000e+00 0.000000000000000000e+00 0.000000000000000000e+00 4.244863013698630283e+00 0.000000000000000000e+00 0.000000000000000000e+00 0.000000000000000000e+00 2.528242677824267926e+00 0.000000000000000000e+00 0.000000000000000000e+00 8.023978201634877294e+00 0.000000000000000000e+00 0.000000000000000000e+00
0.000000000000000000e+00 3.113250994347917189e+00 0.000000000000000000e+00 1.115816636308439636e+00 0.000000000000000000e+00 0.000000000000000000e+00 3.138793103448275890e+00 0.000000000000000000e+00 0.000000000000000000e+00 1.103153153153153099e+00 2.640810621942697445e+00 2.921682098765431945e+00 0.000000000000000000e+00 4.907350352112676006e+00 1.738261273826127384e+00 0.000000000000000000e+00 1.824805068226120763e+00 9.800053676865271290e-01 0.000000000000000000e+00 0.000000000000000000e+00 1.412671232876712368e+00 0.000000000000000000e+00 0.000000000000000000e+00 0.000000000000000000e+00 0.000000000000000000e+00 0.000000000000000000e+00 0.000000000000000000e+00 3.765881147540983687e+00 0.000000000000000000e+00 0.000000000000000000e+00
0.000000000000000000e+00 1.097665484633569832e+00 0.000000000000000000e+00 1.750089338892197643e+00 2.140690452116134512e+00 0.000000000000000000e+00 6.935545385202135371e-01 0.000000000000000000e+00 0.000000000000000000e+00 8.266891891891892108e-01 1.218709677419354875e+01 2.189525462962962798e+00 1.405593093093093104e+00 0.000000000000000000e+00 1.302649930264992983e+00 0.000000000000000000e+00 0.000000000000000000e+00 1.536582798189283006e+00 0.000000000000000000e+00 1.032887402452619785e+00 1.058647260273972712e+00 0.000000000000000000e+00 0.000000000000000000e+00 0.000000000000000000e+00 6.304916317991632324e-01 8.659369114877589757e-01 0.000000000000000000e+00 2.736587183308494708e+00 1.667331560283688008e+00 0.000000000000000000e+00
0.000000000000000000e+00 8.806146572104019299e+00 0.000000000000000000e+00 0.000000000000000000e+00 0.000000000000000000e+00 0.000000000000000000e+00 5.564454614797864629e+00 0.000000000000000000e+00 0.000000000000000000e+00 0.000000000000000000e+00 0.000000000000000000e+00 0.000000000000000000e+00 0.000000000000000000e+00 0.000000000000000000e+00 0.000000000000000000e+00 0.000000000000000000e+00 0.000000000000000000e+00 0.000000000000000000e+00 0.000000000000000000e+00 0.000000000000000000e+00 0.000000000000000000e+00 0.000000000000000000e+00 0.000000000000000000e+00 0.000000000000000000e+00 5.058577405857740850e+00 0.000000000000000000e+00 0.000000000000000000e+00 6.670289855072463858e+00 0.000000000000000000e+00 0.000000000000000000e+00
0.000000000000000000e+00 6.410655595917661431e-01 0.000000000000000000e+00 4.883379981340796872e-01 5.969956388305605044e-01 0.000000000000000000e+00 4.050343249427917347e-01 3.416018306636155799e+00 0.000000000000000000e+00 0.000000000000000000e+00 5.086369770580296823e+00 1.278794037940379491e+00 8.209184794550647979e-01 2.007042253521126973e+00 0.000000000000000000e+00 0.000000000000000000e+00 2.541865214431586306e+00 4.288912454341934910e-01 8.247434058050987504e-01 1.240939597315436238e+00 0.000000000000000000e+00 1.376046596286858437e+00 0.000000000000000000e+00 1.258503401360544283e+00 7.564989517819706855e-01 1.039801699716713879e+00 3.766233766233766378e+00 3.365932047750229472e+00 2.007219251336898491e+00 0.000000000000000000e+00
0.000000000000000000e+00 2.399097356544165116e+00 0.000000000000000000e+00 0.000000000000000000e+00 0.000000000000000000e+00 0.000000000000000000e+00 1.515914291657998847e+00 2.922746781115880044e+00 0.000000000000000000e+00 1.806879606879606914e+00 4.325328759291023673e+00 0.000000000000000000e+00 0.000000000000000000e+00 0.000000000000000000e+00 0.000000000000000000e+00 0.000000000000000000e+00 6.605286343612334576e+00 1.605182257356170483e+00 0.000000000000000000e+00 0.000000000000000000e+00 0.000000000000000000e+00 1.141503759398496243e+01 0.000000000000000000e+00 0.000000000000000000e+00 1.378090528718143748e+00 1.892655367231638408e+00 0.000000000000000000e+00 0.000000000000000000e+00 0.000000000000000000e+00 0.000000000000000000e+00
0.000000000000000000e+00 1.197775628626692512e+00 0.000000000000000000e+00 0.000000000000000000e+00 0.000000000000000000e+00 0.000000000000000000e+00 2.509655172413792990e+00 1.459227467811158752e+00 0.000000000000000000e+00 0.000000000000000000e+00 0.000000000000000000e+00 5.041625041625041881e+00 0.000000000000000000e+00 0.000000000000000000e+00 2.991196478591436669e+00 0.000000000000000000e+00 1.492224880382775121e+00 8.013833992094862024e-01 5.132876712328767077e+00 0.000000000000000000e+00 0.000000000000000000e+00 2.570895522388059629e+00 1.017991071428571459e+01 1.142989214175654800e+00 6.879992392544693747e-01 9.449152542372881713e-01 0.000000000000000000e+00 1.906318930842091586e+00 0.000000000000000000e+00 0.000000000000000000e+00
0.000000000000000000e+00 1.053617021276595844e+00 0.000000000000000000e+00 0.000000000000000000e+00 9.811920529801324564e-01 0.000000000000000000e+00 1.390290519877675823e+00 0.000000000000000000e+00 2.897142857142857242e+00 1.657859078590785851e+00 0.000000000000000000e+00 2.101666666666666572e+00 0.000000000000000000e+00 2.171052631578947345e+00 1.250376569037656926e+00 0.000000000000000000e+00 1.312631578947368372e+00 2.310468552131700992e+00 2.837121212121211933e+00 0.000000000000000000e+00 2.124570446735395191e+00 2.261492537313432916e+00 8.848602484472049667e+00 1.005423728813559237e+00 0.000000000000000000e+00 0.000000000000000000e+00 0.000000000000000000e+00 1.667347865576748411e+00 0.000000000000000000e+00 0.000000000000000000e+00
0.000000000000000000e+00 5.282269503546099365e+00 0.000000000000000000e+00 0.000000000000000000e+00 0.000000000000000000e+00 9.284662576687116697e+00 0.000000000000000000e+00 6.435193133047210523e+00 0.000000000000000000e+00 0.000000000000000000e+00 9.523270440251572211e+00 0.000000000000000000e+00 0.000000000000000000e+00 0.000000000000000000e+00 0.000000000000000000e+00 0.000000000000000000e+00 0.000000000000000000e+00 3.534299516908212535e+00 0.000000000000000000e+00 0.000000000000000000e+00 0.000000000000000000e+00 0.000000000000000000e+00 0.000000000000000000e+00 0.000000000000000000e+00 0.000000000000000000e+00 0.000000000000000000e+00 0.000000000000000000e+00 0.000000000000000000e+00 0.000000000000000000e+00 3.815584415584415634e+00
0.000000000000000000e+00 6.110836219693220883e-01 1.921132457027300289e+00 1.473063521844009571e+00 5.690743878022486157e-01 0.000000000000000000e+00 2.149286433351098591e+00 1.531198686371100237e+00 1.680398671096345442e+00 4.602137020741671747e-01 2.270644966847498392e+00 5.355319148936169782e+00 0.000000000000000000e+00 1.237593984962406024e+00 0.000000000000000000e+00 0.000000000000000000e+00 0.000000000000000000e+00 8.392713017410353693e-01 0.000000000000000000e+00 1.181527644614893013e+00 1.211094747177221320e+00 2.706408879341210216e+00 0.000000000000000000e+00 5.831296807252660530e-01 1.519368421052631479e+00 1.525776053215077699e+00 0.000000000000000000e+00 0.000000000000000000e+00 9.282533399307273392e-01 1.913612565445026226e+00
0.000000000000000000e+00 0.000000000000000000e+00 3.184364548494983183e+00 0.000000000000000000e+00 9.433265410086602021e-01 0.000000000000000000e+00 6.400281640556240159e-01 0.000000000000000000e+00 0.000000000000000000e+00 7.628898128898128350e-01 0.000000000000000000e+00 0.000000000000000000e+00 2.710588235294117521e+00 2.083929824561403521e+00 1.202124235597038959e+00 8.153389143937348038e+00 0.000000000000000000e+00 0.000000000000000000e+00 1.303167420814479671e+00 1.989530201342281979e+00 0.000000000000000000e+00 2.174225028702640561e+00 0.000000000000000000e+00 9.666232073011733483e-01 2.648604118993135081e+00 0.000000000000000000e+00 0.000000000000000000e+00 2.507855191256830540e+00 3.217967914438502497e+00 0.000000000000000000e+00
0.000000000000000000e+00 0.000000000000000000e+00 4.361556064073226935e+00 2.237747336377473584e+00 0.000000000000000000e+00 0.000000000000000000e+00 0.000000000000000000e+00 0.000000000000000000e+00 0.000000000000000000e+00 0.000000000000000000e+00 0.000000000000000000e+00 0.000000000000000000e+00 3.768225238813474043e+00 1.367316893632683161e+00 3.491129785247432338e+00 0.000000000000000000e+00 0.000000000000000000e+00 0.000000000000000000e+00 0.000000000000000000e+00 2.765846383296047595e+00 0.000000000000000000e+00 2.978004713275726800e+00 0.000000000000000000e+00 1.323996431757359593e+00 2.684132476520019850e+00 0.000000000000000000e+00 0.000000000000000000e+00 3.543876567020250778e+00 0.000000000000000000e+00 2.121527777777777679e+00
0.000000000000000000e+00 0.000000000000000000e+00 3.601134215500945146e+00 0.000000000000000000e+00 0.000000000000000000e+00 0.000000000000000000e+00 2.389819376026272479e+00 1.395596193319649236e+00 0.000000000000000000e+00 8.627497062279670947e-01 6.874431301182893250e+00 4.811824539097266040e+00 0.000000000000000000e+00 2.369059011164274420e+00 1.359468801164271490e+00 0.000000000000000000e+00 1.427154843630816128e+00 7.664356227683259970e-01 3.095867768595041536e+00 0.000000000000000000e+00 1.104824300178677721e+00 0.000000000000000000e+00 0.000000000000000000e+00 2.293753865182436513e+00 0.000000000000000000e+00 1.895184135977337148e+00 0.000000000000000000e+00 8.676748582230623397e-01 0.000000000000000000e+00 0.000000000000000000e+00
0.000000000000000000e+00 0.000000000000000000e+00 1.383514492753623237e+01 0.000000000000000000e+00 4.098785871964679473e+00 0.000000000000000000e+00 0.000000000000000000e+00 5.361945636623747902e+00 0.000000000000000000e+00 0.000000000000000000e+00 0.000000000000000000e+00 0.000000000000000000e+00 0.000000000000000000e+00 0.000000000000000000e+00 0.000000000000000000e+00 7.688008130081301239e+00 0.000000000000000000e+00 0.000000000000000000e+00 0.000000000000000000e+00 4.141583054626533311e+00 0.000000000000000000e+00 0.000000000000000000e+00 0.000000000000000000e+00 4.200000000000000178e+00 0.000000000000000000e+00 0.000000000000000000e+00 0.000000000000000000e+00 3.333786231884058093e+00 0.000000000000000000e+00 0.000000000000000000e+00
0.000000000000000000e+00 0.000000000000000000e+00 inf 0.000000000000000000e+00 0.000000000000000000e+00 0.000000000000000000e+00 0.000000000000000000e+00 0.000000000000000000e+00 0.000000000000000000e+00 0.000000000000000000e+00 0.000000000000000000e+00 0.000000000000000000e+00 0.000000000000000000e+00 0.000000000000000000e+00 0.000000000000000000e+00 0.000000000000000000e+00 0.000000000000000000e+00 0.000000000000000000e+00 0.000000000000000000e+00 0.000000000000000000e+00 0.000000000000000000e+00 0.000000000000000000e+00 0.000000000000000000e+00 0.000000000000000000e+00 0.000000000000000000e+00 0.000000000000000000e+00 0.000000000000000000e+00 0.000000000000000000e+00 0.000000000000000000e+00 0.000000000000000000e+00
0.000000000000000000e+00 0.000000000000000000e+00 3.601134215500945146e+00 4.049035812672176604e+00 2.238296587133796312e+00 0.000000000000000000e+00 7.238085762610685370e-01 0.000000000000000000e+00 3.149896480331262794e+00 2.850931677018633703e+00 6.874431301182893250e+00 2.285024154589371914e+00 0.000000000000000000e+00 1.128914563697172468e+00 0.000000000000000000e+00 0.000000000000000000e+00 0.000000000000000000e+00 0.000000000000000000e+00 0.000000000000000000e+00 0.000000000000000000e+00 1.104824300178677721e+00 0.000000000000000000e+00 0.000000000000000000e+00 0.000000000000000000e+00 6.579952701473531507e-01 0.000000000000000000e+00 0.000000000000000000e+00 2.867291178766588455e+00 3.658240155566358620e+00 0.000000000000000000e+00
0.000000000000000000e+00 0.000000000000000000e+00 2.015376458112407398e+00 0.000000000000000000e+00 5.969956388305605044e-01 1.126889121651952763e+00 2.801697530864197372e+00 1.608189655172413746e+00 1.762833914053426154e+00 9.925474254742547853e-01 5.086369770580296823e+00 4.091007583965330596e+00 0.000000000000000000e+00 2.007042253521126973e+00 1.566386554621848726e+00 0.000000000000000000e+00 1.644713656387665202e+00 8.814769975786924672e-01 1.698636363636363722e+00 0.000000000000000000e+00 0.000000000000000000e+00 0.000000000000000000e+00 0.000000000000000000e+00 6.117403885903265337e-01 3.682008368200836990e-01 2.202129254760833543e+00 0.000000000000000000e+00 9.982288828337874120e-01 9.737934613388686822e-01 4.630345264491605994e-01
0.000000000000000000e+00 0.000000000000000000e+00 3.271708683473389279e+00 1.206428571428571406e+00 4.700076413652572449e-01 0.000000000000000000e+00 1.363491018527226650e+00 1.259465855307640325e+00 1.387912087912087866e+00 3.800935550935550800e-01 2.876178343949044702e+00 2.067736185383244329e+00 1.324106113033448606e+00 0.000000000000000000e+00 1.885063291139240427e+00 0.000000000000000000e+00 1.288071175606806618e+00 6.903100223140103964e-01 2.795356674780003825e+00 4.749163879598662374e-01 1.529586206896551781e+00 0.000000000000000000e+00 0.000000000000000000e+00 4.816166883963494127e-01 5.924281662350474598e-01 1.249602272727272645e+00 0.000000000000000000e+00 1.199508196721311482e+00 2.418387096774193612e+00 1.996391076115485497e+00
0.000000000000000000e+00 0.000000000000000000e+00 6.912137681159419955e+00 1.675091074681238634e+00 2.047737306843266936e+00 3.865030674846625658e+00 1.389397406559877979e+00 0.000000000000000000e+00 0.000000000000000000e+00 0.000000000000000000e+00 3.964360587002096370e+00 0.000000000000000000e+00 0.000000000000000000e+00 0.000000000000000000e+00 0.000000000000000000e+00 0.000000000000000000e+00 0.000000000000000000e+00 0.000000000000000000e+00 6.200826446280991888e+00 0.000000000000000000e+00 0.000000000000000000e+00 2.575742154368108672e+01 0.000000000000000000e+00 0.000000000000000000e+00 0.000000000000000000e+00 0.000000000000000000e+00 0.000000000000000000e+00 1.665534420289854989e+00 0.000000000000000000e+00 0.000000000000000000e+00
0.000000000000000000e+00 0.000000000000000000e+00 0.000000000000000000e+00 4.663567202028740866e+00 1.637527593818984606e+00 0.000000000000000000e+00 3.864721485411140467e+00 0.000000000000000000e+00 0.000000000000000000e+00 0.000000000000000000e+00 6.837251356238698285e+00 3.507407407407407529e+00 0.000000000000000000e+00 1.732867132867132787e+00 0.000000000000000000e+00 0.000000000000000000e+00 2.190643274853801170e+00 0.000000000000000000e+00 0.000000000000000000e+00 0.000000000000000000e+00 0.000000000000000000e+00 0.000000000000000000e+00 0.000000000000000000e+00 0.000000000000000000e+00 1.010041841004184038e+00 1.387193973634651689e+00 0.000000000000000000e+00 2.862203191903464283e+00 0.000000000000000000e+00 0.000000000000000000e+00
0.000000000000000000e+00 0.000000000000000000e+00 0.000000000000000000e+00 2.632345914954610677e+00 0.000000000000000000e+00 0.000000000000000000e+00 2.181409295352323863e+00 0.000000000000000000e+00 2.897142857142857242e+00 0.000000000000000000e+00 1.899622641509433940e+00 2.101666666666666572e+00 0.000000000000000000e+00 1.038321678321678432e+00 0.000000000000000000e+00 0.000000000000000000e+00 0.000000000000000000e+00 0.000000000000000000e+00 0.000000000000000000e+00 0.000000000000000000e+00 1.016164383561643847e+00 0.000000000000000000e+00 1.244717444717444721e+01 4.618929016189290415e+00 1.982279868469126738e+00 0.000000000000000000e+00 0.000000000000000000e+00 1.667347865576748411e+00 0.000000000000000000e+00 1.589843750000000000e+00
0.000000000000000000e+00 0.000000000000000000e+00 0.000000000000000000e+00 2.010655737704917900e+00 0.000000000000000000e+00 4.639263803680981901e+00 0.000000000000000000e+00 0.000000000000000000e+00 0.000000000000000000e+00 4.429990966576332845e+00 0.000000000000000000e+00 0.000000000000000000e+00 0.000000000000000000e+00 0.000000000000000000e+00 0.000000000000000000e+00 0.000000000000000000e+00 3.288157894736841946e+00 0.000000000000000000e+00 3.395475113122171873e+00 0.000000000000000000e+00 5.676975945017182390e+00 0.000000000000000000e+00 0.000000000000000000e+00 9.511945392491467643e+00 0.000000000000000000e+00 0.000000000000000000e+00 0.000000000000000000e+00 0.000000000000000000e+00 0.000000000000000000e+00 0.000000000000000000e+00
0.000000000000000000e+00 0.000000000000000000e+00 0.000000000000000000e+00 5.030737704918032627e+00 0.000000000000000000e+00 0.000000000000000000e+00 0.000000000000000000e+00 0.000000000000000000e+00 0.000000000000000000e+00 0.000000000000000000e+00 1.190566037735849036e+01 0.000000000000000000e+00 8.456081081081080697e+00 0.000000000000000000e+00 0.000000000000000000e+00 0.000000000000000000e+00 0.000000000000000000e+00 0.000000000000000000e+00 0.000000000000000000e+00 0.000000000000000000e+00 6.369006849315068663e+00 0.000000000000000000e+00 0.000000000000000000e+00 0.000000000000000000e+00 0.000000000000000000e+00 0.000000000000000000e+00 0.000000000000000000e+00 5.002038043478260754e+00 0.000000000000000000e+00 0.000000000000000000e+00
0.000000000000000000e+00 0.000000000000000000e+00 0.000000000000000000e+00 1.675091074681238634e+00 0.000000000000000000e+00 0.000000000000000000e+00 0.000000000000000000e+00 0.000000000000000000e+00 0.000000000000000000e+00 0.000000000000000000e+00 0.000000000000000000e+00 0.000000000000000000e+00 1.023136363636363555e+01 0.000000000000000000e+00 0.000000000000000000e+00 0.000000000000000000e+00 0.000000000000000000e+00 0.000000000000000000e+00 2.828808446455505443e+00 0.000000000000000000e+00 7.689310344827585908e+00 0.000000000000000000e+00 0.000000000000000000e+00 0.000000000000000000e+00 2.761959214789403649e+00 0.000000000000000000e+00 0.000000000000000000e+00 1.665534420289854989e+00 0.000000000000000000e+00 3.474905303030303205e+00
0.000000000000000000e+00 0.000000000000000000e+00 0.000000000000000000e+00 5.762818003913894316e+00 0.000000000000000000e+00 0.000000000000000000e+00 0.000000000000000000e+00 4.020386266094420513e+00 0.000000000000000000e+00 2.485472972972972983e+00 0.000000000000000000e+00 0.000000000000000000e+00 0.000000000000000000e+00 0.000000000000000000e+00 0.000000000000000000e+00 0.000000000000000000e+00 0.000000000000000000e+00 0.000000000000000000e+00 0.000000000000000000e+00 3.105351170568561692e+00 3.182791095890411093e+00 0.000000000000000000e+00 0.000000000000000000e+00 3.149152542372881225e+00 0.000000000000000000e+00 5.968433832456494947e+00 0.000000000000000000e+00 0.000000000000000000e+00 0.000000000000000000e+00 0.000000000000000000e+00
0.000000000000000000e+00 0.000000000000000000e+00 0.000000000000000000e+00 9.560239396304970327e-01 1.168716493219804420e+00 0.000000000000000000e+00 3.727598566308243822e+00 7.230917874396134870e+00 3.450793650793650968e+00 0.000000000000000000e+00 0.000000000000000000e+00 5.294405594405594329e+00 0.000000000000000000e+00 0.000000000000000000e+00 3.141176470588235237e+00 0.000000000000000000e+00 0.000000000000000000e+00 0.000000000000000000e+00 3.406363636363636260e+00 0.000000000000000000e+00 0.000000000000000000e+00 0.000000000000000000e+00 0.000000000000000000e+00 5.648401826484017896e+00 0.000000000000000000e+00 0.000000000000000000e+00 0.000000000000000000e+00 9.505693581780538803e-01 0.000000000000000000e+00 0.000000000000000000e+00
0.000000000000000000e+00 0.000000000000000000e+00 0.000000000000000000e+00 1.609643835616438423e+00 1.968903654485049781e+00 0.000000000000000000e+00 2.090229885057471204e+00 1.234070650379663237e+00 5.849999999999999645e+00 0.000000000000000000e+00 0.000000000000000000e+00 4.232727272727272450e+00 0.000000000000000000e+00 9.982517482517482277e-01 0.000000000000000000e+00 0.000000000000000000e+00 0.000000000000000000e+00 3.088120173489897535e+00 4.275114155251141135e+00 0.000000000000000000e+00 0.000000000000000000e+00 2.174225028702640561e+00 0.000000000000000000e+00 0.000000000000000000e+00 1.212914046121593259e+00 1.667082152974504350e+00 0.000000000000000000e+00 7.672449832775919409e-01 1.538666121112929552e+00 0.000000000000000000e+00
0.000000000000000000e+00 0.000000000000000000e+00 0.000000000000000000e+00 2.327662721893491327e+00 0.000000000000000000e+00 0.000000000000000000e+00 5.941484145145472517e-01 5.201391304347826150e+00 0.000000000000000000e+00 0.000000000000000000e+00 0.000000000000000000e+00 1.875744047619047672e+00 1.204150579150579103e+00 0.000000000000000000e+00 1.115959354453078367e+00 1.642639372822299659e+00 0.000000000000000000e+00 1.308223477715003247e+00 1.209760827407886152e+00 8.051194539249147297e+00 0.000000000000000000e+00 0.000000000000000000e+00 0.000000000000000000e+00 8.973365617433414210e-01 1.752828054298642524e+00 7.418280871670702714e-01 0.000000000000000000e+00 7.122476708074534368e-01 1.428381458966565321e+00 0.000000000000000000e+00
0.000000000000000000e+00 0.000000000000000000e+00 0.000000000000000000e+00 2.241147741147741179e+00 0.000000000000000000e+00 0.000000000000000000e+00 1.191022280471821793e+00 5.000668896321069923e+00 2.496223316912971946e+00 0.000000000000000000e+00 0.000000000000000000e+00 1.810823754789272044e+00 1.162472817645231471e+00 8.946226187605498259e-01 0.000000000000000000e+00 1.585786375105130430e+00 0.000000000000000000e+00 1.261328260117606348e+00 1.167888906225620138e+00 7.700103872978186992e+00 0.000000000000000000e+00 0.000000000000000000e+00 0.000000000000000000e+00 8.662770309760373655e-01 1.687675070028011204e+00 7.161503993765828691e-01 0.000000000000000000e+00 6.875937031484258277e-01 0.000000000000000000e+00 0.000000000000000000e+00
0.000000000000000000e+00 0.000000000000000000e+00 0.000000000000000000e+00 5.041780821917808630e+00 0.000000000000000000e+00 0.000000000000000000e+00 0.000000000000000000e+00 3.573199809251311532e+00 0.000000000000000000e+00 0.000000000000000000e+00 5.287910552061495295e+00 0.000000000000000000e+00 0.000000000000000000e+00 0.000000000000000000e+00 3.480706648070664766e+00 5.123306233062330683e+00 0.000000000000000000e+00 0.000000000000000000e+00 0.000000000000000000e+00 0.000000000000000000e+00 0.000000000000000000e+00 0.000000000000000000e+00 0.000000000000000000e+00 0.000000000000000000e+00 0.000000000000000000e+00 0.000000000000000000e+00 0.000000000000000000e+00 5.012942779291552853e+00 4.455082742316784916e+00 2.118614718614718395e+00
0.000000000000000000e+00 0.000000000000000000e+00 0.000000000000000000e+00 2.234365513054037855e+00 0.000000000000000000e+00 0.000000000000000000e+00 0.000000000000000000e+00 1.390538033395176321e+01 0.000000000000000000e+00 0.000000000000000000e+00 0.000000000000000000e+00 0.000000000000000000e+00 0.000000000000000000e+00 2.890442890442890267e+00 0.000000000000000000e+00 0.000000000000000000e+00 0.000000000000000000e+00 0.000000000000000000e+00 3.773252890899949641e+00 0.000000000000000000e+00 0.000000000000000000e+00 0.000000000000000000e+00 0.000000000000000000e+00 6.319727891156462718e+00 0.000000000000000000e+00 2.313873195229127600e+00 0.000000000000000000e+00 0.000000000000000000e+00 4.455082742316784916e+00 0.000000000000000000e+00
0.000000000000000000e+00 0.000000000000000000e+00 0.000000000000000000e+00 1.676940639269406397e+00 0.000000000000000000e+00 3.882716049382715973e+00 6.657208237986269594e-01 2.686063218390804419e+00 0.000000000000000000e+00 1.657859078590785851e+00 0.000000000000000000e+00 0.000000000000000000e+00 4.440711462450592784e+00 0.000000000000000000e+00 0.000000000000000000e+00 1.840487804878048861e+00 0.000000000000000000e+00 0.000000000000000000e+00 6.248540450375312361e+00 9.914381270903009913e-01 0.000000000000000000e+00 0.000000000000000000e+00 0.000000000000000000e+00 7.675862068965517260e+00 0.000000000000000000e+00 0.000000000000000000e+00 1.936923076923076970e+00 0.000000000000000000e+00 1.600425531914893673e+00 0.000000000000000000e+00
0.000000000000000000e+00 0.000000000000000000e+00 0.000000000000000000e+00 6.264515027322404839e-01 0.000000000000000000e+00 1.445552147239263840e+00 1.075318141461971022e+00 1.001877682403433445e+00 0.000000000000000000e+00 0.000000000000000000e+00 1.482704402515723219e+00 1.640407986111111160e+00 1.053068693693693714e+00 8.104239510489510412e-01 2.023583626999186702e+00 3.229046052631579045e+01 0.000000000000000000e+00 5.501962560386473022e-01 0.000000000000000000e+00 0.000000000000000000e+00 7.931292808219178037e-01 0.000000000000000000e+00 0.000000000000000000e+00 0.000000000000000000e+00 4.723457112970711469e-01 0.000000000000000000e+00 1.511818910256410353e+00 2.004644808743169193e+00 0.000000000000000000e+00 1.229670698924731242e+00
0.000000000000000000e+00 0.000000000000000000e+00 0.000000000000000000e+00 2.119682768565248843e+00 0.000000000000000000e+00 0.000000000000000000e+00 8.327231121281464254e-01 1.313508771929824626e+01 0.000000000000000000e+00 0.000000000000000000e+00 0.000000000000000000e+00 2.628819444444444375e+00 1.687612612612612528e+00 1.298776223776223704e+00 0.000000000000000000e+00 0.000000000000000000e+00 0.000000000000000000e+00 0.000000000000000000e+00 1.695475113122171917e+00 4.162738496071828997e+00 0.000000000000000000e+00 0.000000000000000000e+00 0.000000000000000000e+00 4.221843003412969253e+00 7.570083682008368342e-01 1.039689265536723140e+00 0.000000000000000000e+00 0.000000000000000000e+00 0.000000000000000000e+00 0.000000000000000000e+00
0.000000000000000000e+00 0.000000000000000000e+00 0.000000000000000000e+00 2.119682768565248843e+00 2.592760972197936553e+00 0.000000000000000000e+00 1.757363592467407143e+00 0.000000000000000000e+00 0.000000000000000000e+00 9.925675675675675880e-01 0.000000000000000000e+00 2.628819444444444375e+00 0.000000000000000000e+00 1.298776223776223704e+00 1.564016736401673713e+00 0.000000000000000000e+00 1.641885964912280782e+00 0.000000000000000000e+00 3.586124401913875381e+00 0.000000000000000000e+00 4.267241379310345195e+00 0.000000000000000000e+00 0.000000000000000000e+00 2.656999641962047853e+00 7.570083682008368342e-01 1.039689265536723140e+00 0.000000000000000000e+00 0.000000000000000000e+00 0.000000000000000000e+00 9.519480519480519876e-01
0.000000000000000000e+00 0.000000000000000000e+00 0.000000000000000000e+00 5.271067011791774615e-01 2.054722222222222339e+00 0.000000000000000000e+00 4.371913766108635468e-01 2.693362193362193402e+00 3.946465696465696560e+00 1.073463707610049056e+00 0.000000000000000000e+00 2.855414855414855513e+00 0.000000000000000000e+00 1.405784732100521683e+00 8.211847610658444818e-01 0.000000000000000000e+00 8.620729455216989967e-01 2.613701578192252573e+00 2.845509893455099082e+00 0.000000000000000000e+00 6.673576063446287066e-01 1.485271013354281244e+00 0.000000000000000000e+00 1.361095789667218225e+00 8.181766672332709822e-01 1.738873106060605966e+00 0.000000000000000000e+00 1.079608218572796208e+00 1.051091825307950645e+00 4.997949419002050697e-01
0.000000000000000000e+00 0.000000000000000000e+00 0.000000000000000000e+00 5.030737704918032627e+00 0.000000000000000000e+00 0.000000000000000000e+00 4.172768878718535746e+00 0.000000000000000000e+00 1.815714285714285836e+01 0.000000000000000000e+00 0.000000000000000000e+00 0.000000000000000000e+00 0.000000000000000000e+00 0.000000000000000000e+00 7.836820083682008331e+00 0.000000000000000000e+00 0.000000000000000000e+00 4.418478260869565410e+00 0.000000000000000000e+00 0.000000000000000000e+00 0.000000000000000000e+00 0.000000000000000000e+00 0.000000000000000000e+00 0.000000000000000000e+00 0.000000000000000000e+00 0.000000000000000000e+00 0.000000000000000000e+00 0.000000000000000000e+00 0.000000000000000000e+00 0.000000000000000000e+00
0.000000000000000000e+00 0.000000000000000000e+00 0.000000000000000000e+00 6.467477525118984216e-01 1.639645625692137232e+00 3.103703703703703631e+00 0.000000000000000000e+00 4.642236024844720532e+00 2.334562211981566993e+00 1.325203252032520318e+00 0.000000000000000000e+00 0.000000000000000000e+00 1.087183958151699992e+00 8.366794495826753719e-01 1.007558374949385938e+00 0.000000000000000000e+00 0.000000000000000000e+00 1.176916868442292152e+00 1.092249306670558973e+00 1.656823266219239477e+00 0.000000000000000000e+00 0.000000000000000000e+00 0.000000000000000000e+00 1.363558897243107815e+01 0.000000000000000000e+00 0.000000000000000000e+00 0.000000000000000000e+00 0.000000000000000000e+00 1.289636238846945782e+00 0.000000000000000000e+00
0.000000000000000000e+00 0.000000000000000000e+00 0.000000000000000000e+00 1.255635245901639330e+00 1.534975165562913801e+00 2.897239263803681020e+00 1.041475972540045758e+00 2.008047210300428986e+00 0.000000000000000000e+00 4.280473602484471840e+00 0.000000000000000000e+00 0.000000000000000000e+00 7.304220779220779391e+00 1.624344405594405627e+00 0.000000000000000000e+00 0.000000000000000000e+00 0.000000000000000000e+00 0.000000000000000000e+00 0.000000000000000000e+00 0.000000000000000000e+00 0.000000000000000000e+00 0.000000000000000000e+00 0.000000000000000000e+00 0.000000000000000000e+00 2.024318658280922278e+00 4.484780844155844548e+00 0.000000000000000000e+00 0.000000000000000000e+00 0.000000000000000000e+00 0.000000000000000000e+00
0.000000000000000000e+00 0.000000000000000000e+00 0.000000000000000000e+00 8.726538370159182545e-01 1.066801036567808891e+00 0.000000000000000000e+00 1.517097581317764732e+00 1.395596193319649236e+00 6.650349650349649977e+00 0.000000000000000000e+00 2.065354115395132695e+00 4.811824539097266040e+00 3.081447963800905132e+00 1.128914563697172468e+00 2.854851031321619548e+00 0.000000000000000000e+00 1.427154843630816128e+00 7.664356227683259970e-01 3.095867768595041536e+00 0.000000000000000000e+00 0.000000000000000000e+00 0.000000000000000000e+00 0.000000000000000000e+00 1.093146647015475370e+00 0.000000000000000000e+00 1.895184135977337148e+00 0.000000000000000000e+00 1.819420361654694007e+00 0.000000000000000000e+00 0.000000000000000000e+00
0.000000000000000000e+00 0.000000000000000000e+00 0.000000000000000000e+00 1.675091074681238634e+00 0.000000000000000000e+00 0.000000000000000000e+00 1.389397406559877979e+00 0.000000000000000000e+00 0.000000000000000000e+00 3.623552599162355392e+00 3.964360587002096370e+00 0.000000000000000000e+00 2.815690690690690889e+00 4.745135566188197984e+00 2.609483960948395964e+00 0.000000000000000000e+00 0.000000000000000000e+00 1.471215780998389677e+00 0.000000000000000000e+00 0.000000000000000000e+00 2.120719178082191902e+00 0.000000000000000000e+00 0.000000000000000000e+00 0.000000000000000000e+00 2.761959214789403649e+00 0.000000000000000000e+00 0.000000000000000000e+00 0.000000000000000000e+00 0.000000000000000000e+00 0.000000000000000000e+00
0.000000000000000000e+00 0.000000000000000000e+00 0.000000000000000000e+00 1.827620466964729351e+00 2.234196267308850015e+00 0.000000000000000000e+00 0.000000000000000000e+00 0.000000000000000000e+00 0.000000000000000000e+00 1.806879606879606914e+00 0.000000000000000000e+00 0.000000000000000000e+00 0.000000000000000000e+00 0.000000000000000000e+00 6.290756302521008259e+00 0.000000000000000000e+00 0.000000000000000000e+00 3.540435835351089633e+00 0.000000000000000000e+00 0.000000000000000000e+00 5.108591065292095834e+00 0.000000000000000000e+00 0.000000000000000000e+00 0.000000000000000000e+00 0.000000000000000000e+00 1.892655367231638408e+00 0.000000000000000000e+00 1.817193675889328119e+00 0.000000000000000000e+00 1.732939787485242134e+00
0.000000000000000000e+00 0.000000000000000000e+00 0.000000000000000000e+00 2.234365513054037855e+00 0.000000000000000000e+00 0.000000000000000000e+00 1.853292651919654199e+00 3.573199809251311532e+00 0.000000000000000000e+00 0.000000000000000000e+00 0.000000000000000000e+00 0.000000000000000000e+00 0.000000000000000000e+00 2.890442890442890267e+00 0.000000000000000000e+00 0.000000000000000000e+00 0.000000000000000000e+00 0.000000000000000000e+00 0.000000000000000000e+00 2.759940542549238263e+00 0.000000000000000000e+00 0.000000000000000000e+00 0.000000000000000000e+00 2.798870056497175351e+00 0.000000000000000000e+00 2.313873195229127600e+00 0.000000000000000000e+00 5.012942779291552853e+00 0.000000000000000000e+00 2.118614718614718395e+00
0.000000000000000000e+00 0.000000000000000000e+00 0.000000000000000000e+00 0.000000000000000000e+00 9.082658817758155756e-01 0.000000000000000000e+00 2.793394777265744811e+00 0.000000000000000000e+00 0.000000000000000000e+00 0.000000000000000000e+00 3.675754625121713914e+00 4.069392146315223613e+00 1.248915582248915523e+00 0.000000000000000000e+00 3.782784810126582187e+00 0.000000000000000000e+00 1.215074723846653715e+00 6.525317588119520229e-01 0.000000000000000000e+00 0.000000000000000000e+00 1.960613269891620325e+00 0.000000000000000000e+00 0.000000000000000000e+00 9.306967984934086946e-01 1.166102241573939713e+00 7.694078259050010082e-01 1.792972459639126326e+00 2.407213114754098271e+00 3.093788564376799499e+00 7.044733044733044736e-01
0.000000000000000000e+00 0.000000000000000000e+00 0.000000000000000000e+00 0.000000000000000000e+00 1.889964340295466227e+00 0.000000000000000000e+00 1.282344657630698714e+00 0.000000000000000000e+00 5.580219780219779935e+00 0.000000000000000000e+00 3.658925979680696550e+00 4.048076923076923350e+00 2.598752598752598786e+00 2.000000000000000000e+00 5.240896358543417399e+00 0.000000000000000000e+00 0.000000000000000000e+00 1.357859531772575234e+00 0.000000000000000000e+00 0.000000000000000000e+00 0.000000000000000000e+00 0.000000000000000000e+00 0.000000000000000000e+00 1.936636245110821442e+00 0.000000000000000000e+00 1.601043024771838352e+00 0.000000000000000000e+00 1.537207357859531776e+00 0.000000000000000000e+00 1.465934065934065833e+00
0.000000000000000000e+00 0.000000000000000000e+00 0.000000000000000000e+00 0.000000000000000000e+00 1.246979865771812115e+02 0.000000000000000000e+00 0.000000000000000000e+00 0.000000000000000000e+00 0.000000000000000000e+00 0.000000000000000000e+00 0.000000000000000000e+00 0.000000000000000000e+00 0.000000000000000000e+00 0.000000000000000000e+00 0.000000000000000000e+00 0.000000000000000000e+00 0.000000000000000000e+00 0.000000000000000000e+00 0.000000000000000000e+00 0.000000000000000000e+00 0.000000000000000000e+00 0.000000000000000000e+00 0.000000000000000000e+00 0.000000000000000000e+00 3.034309623430962333e+00 0.000000000000000000e+00 0.000000000000000000e+00 0.000000000000000000e+00 0.000000000000000000e+00 0.000000000000000000e+00
0.000000000000000000e+00 0.000000000000000000e+00 0.000000000000000000e+00 0.000000000000000000e+00 1.444487728866380882e+00 0.000000000000000000e+00 2.087729357798165264e+00 0.000000000000000000e+00 4.264985994397759050e+00 2.489498644986449793e+00 0.000000000000000000e+00 3.093954248366013182e+00 0.000000000000000000e+00 0.000000000000000000e+00 0.000000000000000000e+00 0.000000000000000000e+00 0.000000000000000000e+00 1.037794828076157971e+00 4.260227272727272307e+00 0.000000000000000000e+00 3.190292096219931484e+00 0.000000000000000000e+00 0.000000000000000000e+00 1.480159521435692849e+00 1.897536687631027341e+00 1.223662346294450032e+00 0.000000000000000000e+00 1.174872122762148363e+00 0.000000000000000000e+00 1.120397249809014451e+00
0.000000000000000000e+00 0.000000000000000000e+00 0.000000000000000000e+00 0.000000000000000000e+00 2.234196267308850015e+00 4.216954824316787587e+00 3.343119266055045724e+00 0.000000000000000000e+00 0.000000000000000000e+00 0.000000000000000000e+00 4.325328759291023673e+00 4.785353535353535470e+00 0.000000000000000000e+00 2.364272091544818988e+00 6.290756302521008259e+00 0.000000000000000000e+00 0.000000000000000000e+00 0.000000000000000000e+00 0.000000000000000000e+00 0.000000000000000000e+00 0.000000000000000000e+00 0.000000000000000000e+00 0.000000000000000000e+00 2.289368258859784344e+00 0.000000000000000000e+00 0.000000000000000000e+00 0.000000000000000000e+00 4.009264305177111964e+00 0.000000000000000000e+00 0.000000000000000000e+00
0.000000000000000000e+00 0.000000000000000000e+00 0.000000000000000000e+00 0.000000000000000000e+00 1.534975165562913801e+00 0.000000000000000000e+00 1.041475972540045758e+00 2.008047210300428986e+00 0.000000000000000000e+00 1.241385135135135043e+00 2.971698113207547287e+00 3.287760416666666519e+00 0.000000000000000000e+00 0.000000000000000000e+00 0.000000000000000000e+00 0.000000000000000000e+00 0.000000000000000000e+00 0.000000000000000000e+00 4.544848484848484915e+00 1.551003344481605373e+00 0.000000000000000000e+00 0.000000000000000000e+00 1.455420918367346950e+01 1.572881355932203462e+00 9.467834728033472924e-01 0.000000000000000000e+00 0.000000000000000000e+00 2.671026339691189744e+00 0.000000000000000000e+00 1.190584415584415634e+00
0.000000000000000000e+00 0.000000000000000000e+00 0.000000000000000000e+00 0.000000000000000000e+00 3.073261589403973648e+00 0.000000000000000000e+00 2.085240274599542420e+00 0.000000000000000000e+00 0.000000000000000000e+00 0.000000000000000000e+00 1.368716094032549790e+01 0.000000000000000000e+00 0.000000000000000000e+00 0.000000000000000000e+00 0.000000000000000000e+00 0.000000000000000000e+00 0.000000000000000000e+00 0.000000000000000000e+00 0.000000000000000000e+00 0.000000000000000000e+00 0.000000000000000000e+00 7.083022388059701413e+00 0.000000000000000000e+00 0.000000000000000000e+00 0.000000000000000000e+00 0.000000000000000000e+00 0.000000000000000000e+00 2.499660326086956541e+00 1.152024446142093161e+01 2.383766233766233977e+00
0.000000000000000000e+00 0.000000000000000000e+00 0.000000000000000000e+00 0.000000000000000000e+00 2.234196267308850015e+00 4.216954824316787587e+00 0.000000000000000000e+00 2.922746781115880044e+00 0.000000000000000000e+00 1.806879606879606914e+00 0.000000000000000000e+00 0.000000000000000000e+00 0.000000000000000000e+00 2.364272091544818988e+00 0.000000000000000000e+00 0.000000000000000000e+00 0.000000000000000000e+00 0.000000000000000000e+00 1.142313546423135406e+01 0.000000000000000000e+00 0.000000000000000000e+00 0.000000000000000000e+00 0.000000000000000000e+00 1.272602739726027465e+01 0.000000000000000000e+00 0.000000000000000000e+00 0.000000000000000000e+00 0.000000000000000000e+00 0.000000000000000000e+00 0.000000000000000000e+00
0.000000000000000000e+00 0.000000000000000000e+00 0.000000000000000000e+00 0.000000000000000000e+00 0.000000000000000000e+00 4.644785276073619684e+01 0.000000000000000000e+00 0.000000000000000000e+00 0.000000000000000000e+00 0.000000000000000000e+00 0.000000000000000000e+00 0.000000000000000000e+00 0.000000000000000000e+00 0.000000000000000000e+00 0.000000000000000000e+00 0.000000000000000000e+00 0.000000000000000000e+00 0.000000000000000000e+00 0.000000000000000000e+00 0.000000000000000000e+00 0.000000000000000000e+00 0.000000000000000000e+00 0.000000000000000000e+00 0.000000000000000000e+00 0.000000000000000000e+00 0.000000000000000000e+00 0.000000000000000000e+00 2.001630434782608603e+01 0.000000000000000000e+00 0.000000000000000000e+00
0.000000000000000000e+00 0.000000000000000000e+00 0.000000000000000000e+00 0.000000000000000000e+00 0.000000000000000000e+00 0.000000000000000000e+00 4.172768878718535746e+00 0.000000000000000000e+00 0.000000000000000000e+00 0.000000000000000000e+00 0.000000000000000000e+00 0.000000000000000000e+00 0.000000000000000000e+00 6.507867132867132476e+00 0.000000000000000000e+00 0.000000000000000000e+00 0.000000000000000000e+00 0.000000000000000000e+00 0.000000000000000000e+00 0.000000000000000000e+00 0.000000000000000000e+00 0.000000000000000000e+00 0.000000000000000000e+00 0.000000000000000000e+00 3.793410041841004166e+00 0.000000000000000000e+00 0.000000000000000000e+00 5.002038043478260754e+00 0.000000000000000000e+00 4.770129870129870220e+00
0.000000000000000000e+00 0.000000000000000000e+00 0.000000000000000000e+00 0.000000000000000000e+00 0.000000000000000000e+00 0.000000000000000000e+00 3.343119266055045724e+00 0.000000000000000000e+00 0.000000000000000000e+00 0.000000000000000000e+00 4.325328759291023673e+00 0.000000000000000000e+00 0.000000000000000000e+00 2.364272091544818988e+00 0.000000000000000000e+00 0.000000000000000000e+00 0.000000000000000000e+00 0.000000000000000000e+00 0.000000000000000000e+00 0.000000000000000000e+00 2.313823163138231553e+00 5.149253731343283569e+00 0.000000000000000000e+00 0.000000000000000000e+00 5.075630252100840067e+00 0.000000000000000000e+00 0.000000000000000000e+00 1.817193675889328119e+00 3.644100580270793088e+00 1.732939787485242134e+00
0.000000000000000000e+00 0.000000000000000000e+00 0.000000000000000000e+00 0.000000000000000000e+00 0.000000000000000000e+00 0.000000000000000000e+00 1.515914291657998847e+00 0.000000000000000000e+00 0.000000000000000000e+00 0.000000000000000000e+00 4.325328759291023673e+00 0.000000000000000000e+00 3.072072072072072224e+00 0.000000000000000000e+00 0.000000000000000000e+00 0.000000000000000000e+00 2.988835725677831068e+00 0.000000000000000000e+00 0.000000000000000000e+00 0.000000000000000000e+00 0.000000000000000000e+00 0.000000000000000000e+00 4.944155844155844193e+01 0.000000000000000000e+00 1.378090528718143748e+00 0.000000000000000000e+00 0.000000000000000000e+00 4.009264305177111964e+00 0.000000000000000000e+00 0.000000000000000000e+00
0.000000000000000000e+00 0.000000000000000000e+00 0.000000000000000000e+00 0.000000000000000000e+00 0.000000000000000000e+00 0.000000000000000000e+00 1.517097581317764732e+00 1.395596193319649236e+00 0.000000000000000000e+00 0.000000000000000000e+00 6.874431301182893250e+00 2.285024154589371914e+00 1.466901684292988728e+00 1.128914563697172468e+00 4.505726341169379090e+00 2.001060445387062625e+00 0.000000000000000000e+00 7.664356227683259970e-01 0.000000000000000000e+00 1.077940962629053256e+00 1.104824300178677721e+00 0.000000000000000000e+00 0.000000000000000000e+00 0.000000000000000000e+00 4.018432156340217887e+00 9.037091623679686103e-01 0.000000000000000000e+00 8.676748582230623397e-01 0.000000000000000000e+00 8.274421230942969885e-01
0.000000000000000000e+00 0.000000000000000000e+00 0.000000000000000000e+00 0.000000000000000000e+00 0.000000000000000000e+00 0.000000000000000000e+00 2.386631716906946199e+00 2.142203147353361814e+00 4.834920634920634619e+00 1.324324324324324342e+00 0.000000000000000000e+00 3.507407407407407529e+00 0.000000000000000000e+00 1.732867132867132787e+00 0.000000000000000000e+00 0.000000000000000000e+00 2.190643274853801170e+00 2.527499135247319284e+00 4.870129870129869865e+00 0.000000000000000000e+00 0.000000000000000000e+00 0.000000000000000000e+00 0.000000000000000000e+00 1.677966101694915224e+00 1.010041841004184038e+00 1.387193973634651689e+00 0.000000000000000000e+00 1.331884057971014501e+00 0.000000000000000000e+00 0.000000000000000000e+00
0.000000000000000000e+00 0.000000000000000000e+00 0.000000000000000000e+00 0.000000000000000000e+00 0.000000000000000000e+00 0.000000000000000000e+00 1.667734553775743755e+00 3.215450643776823991e+00 7.257142857142857117e+00 1.987837837837837851e+00 4.758490566037735903e+00 0.000000000000000000e+00 3.379729729729729737e+00 2.601048951048951174e+00 0.000000000000000000e+00 0.000000000000000000e+00 0.000000000000000000e+00 1.765942028985507228e+00 0.000000000000000000e+00 0.000000000000000000e+00 2.545547945205479667e+00 0.000000000000000000e+00 0.000000000000000000e+00 2.518644067796610209e+00 0.000000000000000000e+00 2.082203389830508566e+00 0.000000000000000000e+00 0.000000000000000000e+00 0.000000000000000000e+00 0.000000000000000000e+00
0.000000000000000000e+00 0.000000000000000000e+00 0.000000000000000000e+00 0.000000000000000000e+00 0.000000000000000000e+00 0.000000000000000000e+00 1.853292651919654199e+00 0.000000000000000000e+00 0.000000000000000000e+00 2.209009009009009095e+00 0.000000000000000000e+00 0.000000000000000000e+00 3.755755755755755931e+00 6.527192982456140768e+00 0.000000000000000000e+00 0.000000000000000000e+00 0.000000000000000000e+00 0.000000000000000000e+00 0.000000000000000000e+00 0.000000000000000000e+00 2.828767123287671215e+00 0.000000000000000000e+00 0.000000000000000000e+00 0.000000000000000000e+00 1.684797768479776803e+00 0.000000000000000000e+00 5.391737891737891530e+00 0.000000000000000000e+00 1.007887700534759290e+01 0.000000000000000000e+00
0.000000000000000000e+00 0.000000000000000000e+00 0.000000000000000000e+00 0.000000000000000000e+00 0.000000000000000000e+00 0.000000000000000000e+00 7.183251231527093772e+00 0.000000000000000000e+00 0.000000000000000000e+00 2.209009009009009095e+00 0.000000000000000000e+00 0.000000000000000000e+00 0.000000000000000000e+00 0.000000000000000000e+00 0.000000000000000000e+00 5.123306233062330683e+00 0.000000000000000000e+00 0.000000000000000000e+00 0.000000000000000000e+00 2.759940542549238263e+00 0.000000000000000000e+00 0.000000000000000000e+00 4.573573573573573725e+01 0.000000000000000000e+00 0.000000000000000000e+00 0.000000000000000000e+00 0.000000000000000000e+00 0.000000000000000000e+00 0.000000000000000000e+00 0.000000000000000000e+00
0.000000000000000000e+00 0.000000000000000000e+00 0.000000000000000000e+00 0.000000000000000000e+00 0.000000000000000000e+00 0.000000000000000000e+00 2.642105263157894957e+00 3.225000000000000089e+00 0.000000000000000000e+00 0.000000000000000000e+00 0.000000000000000000e+00 2.503306878306878147e+00 0.000000000000000000e+00 1.236763236763236851e+00 3.141176470588235237e+00 2.192218350754936207e+00 1.563492063492063489e+00 0.000000000000000000e+00 5.403749098774333071e+00 0.000000000000000000e+00 1.210371819960861073e+00 0.000000000000000000e+00 0.000000000000000000e+00 2.523809523809523725e+00 0.000000000000000000e+00 4.661601772712884006e+00 0.000000000000000000e+00 9.505693581780538803e-01 0.000000000000000000e+00 0.000000000000000000e+00
0.000000000000000000e+00 0.000000000000000000e+00 0.000000000000000000e+00 0.000000000000000000e+00 0.000000000000000000e+00 0.000000000000000000e+00 1.669794050343249481e+01 0.000000000000000000e+00 0.000000000000000000e+00 1.990270270270270103e+01 0.000000000000000000e+00 0.000000000000000000e+00 0.000000000000000000e+00 0.000000000000000000e+00 0.000000000000000000e+00 0.000000000000000000e+00 0.000000000000000000e+00 0.000000000000000000e+00 0.000000000000000000e+00 0.000000000000000000e+00 0.000000000000000000e+00 0.000000000000000000e+00 0.000000000000000000e+00 0.000000000000000000e+00 0.000000000000000000e+00 0.000000000000000000e+00 0.000000000000000000e+00 0.000000000000000000e+00 0.000000000000000000e+00 0.000000000000000000e+00
0.000000000000000000e+00 0.000000000000000000e+00 0.000000000000000000e+00 0.000000000000000000e+00 0.000000000000000000e+00 0.000000000000000000e+00 8.347826086956521507e+00 0.000000000000000000e+00 0.000000000000000000e+00 0.000000000000000000e+00 0.000000000000000000e+00 0.000000000000000000e+00 0.000000000000000000e+00 0.000000000000000000e+00 0.000000000000000000e+00 0.000000000000000000e+00 0.000000000000000000e+00 0.000000000000000000e+00 0.000000000000000000e+00 0.000000000000000000e+00 0.000000000000000000e+00 0.000000000000000000e+00 0.000000000000000000e+00 0.000000000000000000e+00 7.588912133891213330e+00 0.000000000000000000e+00 0.000000000000000000e+00 1.000679347826086918e+01 0.000000000000000000e+00 0.000000000000000000e+00
0.000000000000000000e+00 0.000000000000000000e+00 0.000000000000000000e+00 0.000000000000000000e+00 0.000000000000000000e+00 0.000000000000000000e+00 3.337757437070938416e+00 0.000000000000000000e+00 0.000000000000000000e+00 0.000000000000000000e+00 0.000000000000000000e+00 0.000000000000000000e+00 6.763963963963964154e+00 5.205594405594405671e+00 0.000000000000000000e+00 0.000000000000000000e+00 0.000000000000000000e+00 0.000000000000000000e+00 0.000000000000000000e+00 0.000000000000000000e+00 0.000000000000000000e+00 0.000000000000000000e+00 0.000000000000000000e+00 5.040677966101695162e+00 3.034309623430962333e+00 4.167231638418079420e+00 0.000000000000000000e+00 0.000000000000000000e+00 0.000000000000000000e+00 0.000000000000000000e+00
0.000000000000000000e+00 0.000000000000000000e+00 0.000000000000000000e+00 0.000000000000000000e+00 0.000000000000000000e+00 0.000000000000000000e+00 0.000000000000000000e+00 1.609442060085837056e+01 0.000000000000000000e+00 0.000000000000000000e+00 0.000000000000000000e+00 0.000000000000000000e+00 1.691666666666666785e+01 0.000000000000000000e+00 0.000000000000000000e+00 0.000000000000000000e+00 0.000000000000000000e+00 0.000000000000000000e+00 0.000000000000000000e+00 0.000000000000000000e+00 0.000000000000000000e+00 0.000000000000000000e+00 0.000000000000000000e+00 0.000000000000000000e+00 7.588912133891213330e+00 0.000000000000000000e+00 0.000000000000000000e+00 0.000000000000000000e+00 0.000000000000000000e+00 0.000000000000000000e+00
0.000000000000000000e+00 0.000000000000000000e+00 0.000000000000000000e+00 0.000000000000000000e+00 0.000000000000000000e+00 0.000000000000000000e+00 0.000000000000000000e+00 4.595340282035561330e+00 0.000000000000000000e+00 0.000000000000000000e+00 0.000000000000000000e+00 1.768065268065268114e+01 4.830115830115830455e+00 0.000000000000000000e+00 0.000000000000000000e+00 0.000000000000000000e+00 0.000000000000000000e+00 0.000000000000000000e+00 2.057260273972602604e+01 0.000000000000000000e+00 0.000000000000000000e+00 0.000000000000000000e+00 0.000000000000000000e+00 3.599515738498789474e+00 0.000000000000000000e+00 0.000000000000000000e+00 0.000000000000000000e+00 0.000000000000000000e+00 0.000000000000000000e+00 0.000000000000000000e+00
0.000000000000000000e+00 0.000000000000000000e+00 0.000000000000000000e+00 0.000000000000000000e+00 0.000000000000000000e+00 0.000000000000000000e+00 0.000000000000000000e+00 1.077011494252873547e+01 0.000000000000000000e+00 0.000000000000000000e+00 0.000000000000000000e+00 0.000000000000000000e+00 0.000000000000000000e+00 3.717282717282717197e+00 0.000000000000000000e+00 0.000000000000000000e+00 0.000000000000000000e+00 2.523809523809523725e+00 0.000000000000000000e+00 3.549450549450549275e+00 0.000000000000000000e+00 0.000000000000000000e+00 0.000000000000000000e+00 3.599515738498789474e+00 0.000000000000000000e+00 2.975786924939467504e+00 0.000000000000000000e+00 2.857142857142857206e+00 0.000000000000000000e+00 0.000000000000000000e+00
0.000000000000000000e+00 0.000000000000000000e+00 0.000000000000000000e+00 0.000000000000000000e+00 0.000000000000000000e+00 0.000000000000000000e+00 0.000000000000000000e+00 8.045064377682402679e+00 0.000000000000000000e+00 4.973648648648648418e+00 0.000000000000000000e+00 0.000000000000000000e+00 0.000000000000000000e+00 0.000000000000000000e+00 0.000000000000000000e+00 0.000000000000000000e+00 0.000000000000000000e+00 4.418478260869565410e+00 0.000000000000000000e+00 6.214046822742474774e+00 6.369006849315068663e+00 0.000000000000000000e+00 0.000000000000000000e+00 0.000000000000000000e+00 0.000000000000000000e+00 0.000000000000000000e+00 0.000000000000000000e+00 0.000000000000000000e+00 0.000000000000000000e+00 0.000000000000000000e+00
0.000000000000000000e+00 0.000000000000000000e+00 0.000000000000000000e+00 0.000000000000000000e+00 0.000000000000000000e+00 0.000000000000000000e+00 0.000000000000000000e+00 0.000000000000000000e+00 1.037142857142857189e+01 0.000000000000000000e+00 0.000000000000000000e+00 0.000000000000000000e+00 0.000000000000000000e+00 0.000000000000000000e+00 0.000000000000000000e+00 0.000000000000000000e+00 0.000000000000000000e+00 0.000000000000000000e+00 0.000000000000000000e+00 0.000000000000000000e+00 3.637964774951076397e+00 0.000000000000000000e+00 0.000000000000000000e+00 2.546575342465753522e+01 2.166766288105200111e+00 0.000000000000000000e+00 0.000000000000000000e+00 0.000000000000000000e+00 0.000000000000000000e+00 2.724675324675324806e+00
0.000000000000000000e+00 0.000000000000000000e+00 0.000000000000000000e+00 0.000000000000000000e+00 0.000000000000000000e+00 0.000000000000000000e+00 0.000000000000000000e+00 0.000000000000000000e+00 0.000000000000000000e+00 4.973648648648648418e+00 0.000000000000000000e+00 1.317187500000000000e+01 0.000000000000000000e+00 0.000000000000000000e+00 0.000000000000000000e+00 0.000000000000000000e+00 0.000000000000000000e+00 0.000000000000000000e+00 2.276060606060606162e+01 0.000000000000000000e+00 0.000000000000000000e+00 0.000000000000000000e+00 0.000000000000000000e+00 6.301694915254237195e+00 0.000000000000000000e+00 0.000000000000000000e+00 0.000000000000000000e+00 0.000000000000000000e+00 0.000000000000000000e+00 0.000000000000000000e+00
0.000000000000000000e+00 0.000000000000000000e+00 0.000000000000000000e+00 0.000000000000000000e+00 0.000000000000000000e+00 0.000000000000000000e+00 0.000000000000000000e+00 0.000000000000000000e+00 0.000000000000000000e+00 1.990270270270270103e+01 0.000000000000000000e+00 0.000000000000000000e+00 0.000000000000000000e+00 0.000000000000000000e+00 0.000000000000000000e+00 0.000000000000000000e+00 0.000000000000000000e+00 0.000000000000000000e+00 0.000000000000000000e+00 2.486622073578595149e+01 0.000000000000000000e+00 0.000000000000000000e+00 0.000000000000000000e+00 0.000000000000000000e+00 0.000000000000000000e+00 0.000000000000000000e+00 0.000000000000000000e+00 0.000000000000000000e+00 0.000000000000000000e+00 0.000000000000000000e+00
0.000000000000000000e+00 0.000000000000000000e+00 0.000000000000000000e+00 0.000000000000000000e+00 0.000000000000000000e+00 0.000000000000000000e+00 0.000000000000000000e+00 0.000000000000000000e+00 0.000000000000000000e+00 inf 0.000000000000000000e+00 0.000000000000000000e+00 0.000000000000000000e+00 0.000000000000000000e+00 0.000000000000000000e+00 0.000000000000000000e+00 0.000000000000000000e+00 0.000000000000000000e+00 0.000000000000000000e+00 0.000000000000000000e+00 0.000000000000000000e+00 0.000000000000000000e+00 0.000000000000000000e+00 0.000000000000000000e+00 0.000000000000000000e+00 0.000000000000000000e+00 0.000000000000000000e+00 0.000000000000000000e+00 0.000000000000000000e+00 0.000000000000000000e+00
0.000000000000000000e+00 0.000000000000000000e+00 0.000000000000000000e+00 0.000000000000000000e+00 0.000000000000000000e+00 0.000000000000000000e+00 0.000000000000000000e+00 0.000000000000000000e+00 0.000000000000000000e+00 inf 0.000000000000000000e+00 0.000000000000000000e+00 0.000000000000000000e+00 0.000000000000000000e+00 0.000000000000000000e+00 0.000000000000000000e+00 0.000000000000000000e+00 0.000000000000000000e+00 0.000000000000000000e+00 0.000000000000000000e+00 0.000000000000000000e+00 0.000000000000000000e+00 0.000000000000000000e+00 0.000000000000000000e+00 0.000000000000000000e+00 0.000000000000000000e+00 0.000000000000000000e+00 0.000000000000000000e+00 0.000000000000000000e+00 0.000000000000000000e+00
0.000000000000000000e+00 0.000000000000000000e+00 0.000000000000000000e+00 0.000000000000000000e+00 0.000000000000000000e+00 0.000000000000000000e+00 0.000000000000000000e+00 0.000000000000000000e+00 0.000000000000000000e+00 0.000000000000000000e+00 0.000000000000000000e+00 1.945473251028806638e+00 0.000000000000000000e+00 9.611499611499610962e-01 0.000000000000000000e+00 3.560641812175554310e+00 0.000000000000000000e+00 0.000000000000000000e+00 2.618181818181818166e+00 0.000000000000000000e+00 0.000000000000000000e+00 0.000000000000000000e+00 2.430000000000000000e+02 9.306967984934086946e-01 0.000000000000000000e+00 0.000000000000000000e+00 0.000000000000000000e+00 0.000000000000000000e+00 0.000000000000000000e+00 0.000000000000000000e+00
0.000000000000000000e+00 0.000000000000000000e+00 0.000000000000000000e+00 0.000000000000000000e+00 0.000000000000000000e+00 0.000000000000000000e+00 0.000000000000000000e+00 0.000000000000000000e+00 0.000000000000000000e+00 0.000000000000000000e+00 0.000000000000000000e+00 0.000000000000000000e+00 inf 0.000000000000000000e+00 0.000000000000000000e+00 0.000000000000000000e+00 0.000000000000000000e+00 0.000000000000000000e+00 0.000000000000000000e+00 0.000000000000000000e+00 0.000000000000000000e+00 0.000000000000000000e+00 0.000000000000000000e+00 0.000000000000000000e+00 0.000000000000000000e+00 0.000000000000000000e+00 0.000000000000000000e+00 0.000000000000000000e+00 0.000000000000000000e+00 0.000000000000000000e+00
0.000000000000000000e+00 0.000000000000000000e+00 0.000000000000000000e+00 0.000000000000000000e+00 0.000000000000000000e+00 0.000000000000000000e+00 0.000000000000000000e+00 0.000000000000000000e+00 0.000000000000000000e+00 0.000000000000000000e+00 0.000000000000000000e+00 0.000000000000000000e+00 0.000000000000000000e+00 2.604195804195804342e+01 0.000000000000000000e+00 0.000000000000000000e+00 0.000000000000000000e+00 0.000000000000000000e+00 0.000000000000000000e+00 0.000000000000000000e+00 0.000000000000000000e+00 0.000000000000000000e+00 0.000000000000000000e+00 0.000000000000000000e+00 0.000000000000000000e+00 0.000000000000000000e+00 4.857692307692308020e+01 0.000000000000000000e+00 0.000000000000000000e+00 0.000000000000000000e+00
0.000000000000000000e+00 0.000000000000000000e+00 0.000000000000000000e+00 0.000000000000000000e+00 0.000000000000000000e+00 0.000000000000000000e+00 0.000000000000000000e+00 0.000000000000000000e+00 0.000000000000000000e+00 0.000000000000000000e+00 0.000000000000000000e+00 0.000000000000000000e+00 0.000000000000000000e+00 0.000000000000000000e+00 3.135983263598326332e+01 0.000000000000000000e+00 0.000000000000000000e+00 0.000000000000000000e+00 0.000000000000000000e+00 0.000000000000000000e+00 2.548630136986301409e+01 0.000000000000000000e+00 0.000000000000000000e+00 0.000000000000000000e+00 0.000000000000000000e+00 0.000000000000000000e+00 0.000000000000000000e+00 0.000000000000000000e+00 0.000000000000000000e+00 0.000000000000000000e+00
0.000000000000000000e+00 0.000000000000000000e+00 0.000000000000000000e+00 0.000000000000000000e+00 0.000000000000000000e+00 0.000000000000000000e+00 0.000000000000000000e+00 0.000000000000000000e+00 0.000000000000000000e+00 0.000000000000000000e+00 0.000000000000000000e+00 0.000000000000000000e+00 0.000000000000000000e+00 0.000000000000000000e+00 3.135983263598326332e+01 0.000000000000000000e+00 0.000000000000000000e+00 1.768115942028985543e+01 0.000000000000000000e+00 0.000000000000000000e+00 0.000000000000000000e+00 0.000000000000000000e+00 0.000000000000000000e+00 0.000000000000000000e+00 0.000000000000000000e+00 0.000000000000000000e+00 0.000000000000000000e+00 0.000000000000000000e+00 0.000000000000000000e+00 0.000000000000000000e+00
0.000000000000000000e+00 0.000000000000000000e+00 0.000000000000000000e+00 0.000000000000000000e+00 0.000000000000000000e+00 0.000000000000000000e+00 0.000000000000000000e+00 0.000000000000000000e+00 0.000000000000000000e+00 0.000000000000000000e+00 0.000000000000000000e+00 0.000000000000000000e+00 0.000000000000000000e+00 0.000000000000000000e+00 3.135983263598326332e+01 0.000000000000000000e+00 0.000000000000000000e+00 0.000000000000000000e+00 0.000000000000000000e+00 0.000000000000000000e+00 0.000000000000000000e+00 0.000000000000000000e+00 0.000000000000000000e+00 0.000000000000000000e+00 1.517991631799163166e+01 0.000000000000000000e+00 0.000000000000000000e+00 0.000000000000000000e+00 0.000000000000000000e+00 0.000000000000000000e+00
0.000000000000000000e+00 0.000000000000000000e+00 0.000000000000000000e+00 0.000000000000000000e+00 0.000000000000000000e+00 0.000000000000000000e+00 0.000000000000000000e+00 0.000000000000000000e+00 0.000000000000000000e+00 0.000000000000000000e+00 0.000000000000000000e+00 0.000000000000000000e+00 0.000000000000000000e+00 0.000000000000000000e+00 0.000000000000000000e+00 inf 0.000000000000000000e+00 0.000000000000000000e+00 0.000000000000000000e+00 0.000000000000000000e+00 0.000000000000000000e+00 0.000000000000000000e+00 0.000000000000000000e+00 0.000000000000000000e+00 0.000000000000000000e+00 0.000000000000000000e+00 0.000000000000000000e+00 0.000000000000000000e+00 0.000000000000000000e+00 0.000000000000000000e+00
0.000000000000000000e+00 0.000000000000000000e+00 0.000000000000000000e+00 0.000000000000000000e+00 0.000000000000000000e+00 0.000000000000000000e+00 0.000000000000000000e+00 0.000000000000000000e+00 0.000000000000000000e+00 0.000000000000000000e+00 0.000000000000000000e+00 0.000000000000000000e+00 0.000000000000000000e+00 0.000000000000000000e+00 0.000000000000000000e+00 inf 0.000000000000000000e+00 0.000000000000000000e+00 0.000000000000000000e+00 0.000000000000000000e+00 0.000000000000000000e+00 0.000000000000000000e+00 0.000000000000000000e+00 0.000000000000000000e+00 0.000000000000000000e+00 0.000000000000000000e+00 0.000000000000000000e+00 0.000000000000000000e+00 0.000000000000000000e+00 0.000000000000000000e+00
0.000000000000000000e+00 0.000000000000000000e+00 0.000000000000000000e+00 0.000000000000000000e+00 0.000000000000000000e+00 0.000000000000000000e+00 0.000000000000000000e+00 0.000000000000000000e+00 0.000000000000000000e+00 0.000000000000000000e+00 0.000000000000000000e+00 0.000000000000000000e+00 0.000000000000000000e+00 0.000000000000000000e+00 0.000000000000000000e+00 0.000000000000000000e+00 inf 0.000000000000000000e+00 0.000000000000000000e+00 0.000000000000000000e+00 0.000000000000000000e+00 0.000000000000000000e+00 0.000000000000000000e+00 0.000000000000000000e+00 0.000000000000000000e+00 0.000000000000000000e+00 0.000000000000000000e+00 0.000000000000000000e+00 0.000000000000000000e+00 0.000000000000000000e+00
0.000000000000000000e+00 0.000000000000000000e+00 0.000000000000000000e+00 0.000000000000000000e+00 0.000000000000000000e+00 0.000000000000000000e+00 0.000000000000000000e+00 0.000000000000000000e+00 0.000000000000000000e+00 0.000000000000000000e+00 0.000000000000000000e+00 0.000000000000000000e+00 0.000000000000000000e+00 0.000000000000000000e+00 0.000000000000000000e+00 0.000000000000000000e+00 0.000000000000000000e+00 inf 0.000000000000000000e+00 0.000000000000000000e+00 0.000000000000000000e+00 0.000000000000000000e+00 0.000000000000000000e+00 0.000000000000000000e+00 0.000000000000000000e+00 0.000000000000000000e+00 0.000000000000000000e+00 0.000000000000000000e+00 0.000000000000000000e+00 0.000000000000000000e+00
0.000000000000000000e+00 0.000000000000000000e+00 0.000000000000000000e+00 0.000000000000000000e+00 0.000000000000000000e+00 0.000000000000000000e+00 0.000000000000000000e+00 0.000000000000000000e+00 0.000000000000000000e+00 0.000000000000000000e+00 0.000000000000000000e+00 0.000000000000000000e+00 0.000000000000000000e+00 0.000000000000000000e+00 0.000000000000000000e+00 0.000000000000000000e+00 0.000000000000000000e+00 2.944847020933977433e+00 0.000000000000000000e+00 0.000000000000000000e+00 4.244863013698630283e+00 0.000000000000000000e+00 5.100669642857143060e+01 1.011564625850340171e+01 0.000000000000000000e+00 0.000000000000000000e+00 0.000000000000000000e+00 0.000000000000000000e+00 0.000000000000000000e+00 0.000000000000000000e+00
0.000000000000000000e+00 0.000000000000000000e+00 0.000000000000000000e+00 0.000000000000000000e+00 0.000000000000000000e+00 0.000000000000000000e+00 0.000000000000000000e+00 0.000000000000000000e+00 0.000000000000000000e+00 0.000000000000000000e+00 0.000000000000000000e+00 0.000000000000000000e+00 0.000000000000000000e+00 0.000000000000000000e+00 0.000000000000000000e+00 0.000000000000000000e+00 0.000000000000000000e+00 inf 0.000000000000000000e+00 0.000000000000000000e+00 0.000000000000000000e+00 0.000000000000000000e+00 0.000000000000000000e+00 0.000000000000000000e+00 0.000000000000000000e+00 0.000000000000000000e+00 0.000000000000000000e+00 0.000000000000000000e+00 0.000000000000000000e+00 0.000000000000000000e+00
0.000000000000000000e+00 0.000000000000000000e+00 0.000000000000000000e+00 0.000000000000000000e+00 0.000000000000000000e+00 0.000000000000000000e+00 0.000000000000000000e+00 0.000000000000000000e+00 0.000000000000000000e+00 0.000000000000000000e+00 0.000000000000000000e+00 0.000000000000000000e+00 0.000000000000000000e+00 0.000000000000000000e+00 0.000000000000000000e+00 0.000000000000000000e+00 0.000000000000000000e+00 inf 0.000000000000000000e+00 0.000000000000000000e+00 0.000000000000000000e+00 0.000000000000000000e+00 0.000000000000000000e+00 0.000000000000000000e+00 0.000000000000000000e+00 0.000000000000000000e+00 0.000000000000000000e+00 0.000000000000000000e+00 0.000000000000000000e+00 0.000000000000000000e+00
0.000000000000000000e+00 0.000000000000000000e+00 0.000000000000000000e+00 0.000000000000000000e+00 0.000000000000000000e+00 0.000000000000000000e+00 0.000000000000000000e+00 0.000000000000000000e+00 0.000000000000000000e+00 0.000000000000000000e+00 0.000000000000000000e+00 0.000000000000000000e+00 0.000000000000000000e+00 0.000000000000000000e+00 0.000000000000000000e+00 0.000000000000000000e+00 0.000000000000000000e+00 1.768115942028985543e+01 0.000000000000000000e+00 0.000000000000000000e+00 2.548630136986301409e+01 0.000000000000000000e+00 0.000000000000000000e+00 0.000000000000000000e+00 0.000000000000000000e+00 0.000000000000000000e+00 0.000000000000000000e+00 0.000000000000000000e+00 0.000000000000000000e+00 0.000000000000000000e+00
0.000000000000000000e+00 0.000000000000000000e+00 0.000000000000000000e+00 0.000000000000000000e+00 0.000000000000000000e+00 0.000000000000000000e+00 0.000000000000000000e+00 0.000000000000000000e+00 0.000000000000000000e+00 0.000000000000000000e+00 0.000000000000000000e+00 0.000000000000000000e+00 0.000000000000000000e+00 0.000000000000000000e+00 0.000000000000000000e+00 0.000000000000000000e+00 0.000000000000000000e+00 1.768115942028985543e+01 0.000000000000000000e+00 2.486622073578595149e+01 0.000000000000000000e+00 0.000000000000000000e+00 0.000000000000000000e+00 0.000000000000000000e+00 0.000000000000000000e+00 0.000000000000000000e+00 0.000000000000000000e+00 0.000000000000000000e+00 0.000000000000000000e+00 0.000000000000000000e+00
0.000000000000000000e+00 0.000000000000000000e+00 0.000000000000000000e+00 0.000000000000000000e+00 0.000000000000000000e+00 0.000000000000000000e+00 0.000000000000000000e+00 0.000000000000000000e+00 0.000000000000000000e+00 0.000000000000000000e+00 0.000000000000000000e+00 0.000000000000000000e+00 0.000000000000000000e+00 0.000000000000000000e+00 0.000000000000000000e+00 0.000000000000000000e+00 0.000000000000000000e+00 inf 0.000000000000000000e+00 0.000000000000000000e+00 0.000000000000000000e+00 0.000000000000000000e+00 0.000000000000000000e+00 0.000000000000000000e+00 0.000000000000000000e+00 0.000000000000000000e+00 0.000000000000000000e+00 0.000000000000000000e+00 0.000000000000000000e+00 0.000000000000000000e+00
0.000000000000000000e+00 0.000000000000000000e+00 0.000000000000000000e+00 0.000000000000000000e+00 0.000000000000000000e+00 0.000000000000000000e+00 0.000000000000000000e+00 0.000000000000000000e+00 0.000000000000000000e+00 0.000000000000000000e+00 0.000000000000000000e+00 0.000000000000000000e+00 0.000000000000000000e+00 0.000000000000000000e+00 0.000000000000000000e+00 0.000000000000000000e+00 0.000000000000000000e+00 inf 0.000000000000000000e+00 0.000000000000000000e+00 0.000000000000000000e+00 0.000000000000000000e+00 0.000000000000000000e+00 0.000000000000000000e+00 0.000000000000000000e+00 0.000000000000000000e+00 0.000000000000000000e+00 0.000000000000000000e+00 0.000000000000000000e+00 0.000000000000000000e+00
0.000000000000000000e+00 0.000000000000000000e+00 0.000000000000000000e+00 0.000000000000000000e+00 0.000000000000000000e+00 0.000000000000000000e+00 0.000000000000000000e+00 0.000000000000000000e+00 0.000000000000000000e+00 0.000000000000000000e+00 0.000000000000000000e+00 0.000000000000000000e+00 0.000000000000000000e+00 0.000000000000000000e+00 0.000000000000000000e+00 0.000000000000000000e+00 0.000000000000000000e+00 inf 0.000000000000000000e+00 0.000000000000000000e+00 0.000000000000000000e+00 0.000000000000000000e+00 0.000000000000000000e+00 0.000000000000000000e+00 0.000000000000000000e+00 0.000000000000000000e+00 0.000000000000000000e+00 0.000000000000000000e+00 0.000000000000000000e+00 0.000000000000000000e+00
0.000000000000000000e+00 0.000000000000000000e+00 0.000000000000000000e+00 0.000000000000000000e+00 0.000000000000000000e+00 0.000000000000000000e+00 0.000000000000000000e+00 0.000000000000000000e+00 0.000000000000000000e+00 0.000000000000000000e+00 0.000000000000000000e+00 0.000000000000000000e+00 0.000000000000000000e+00 0.000000000000000000e+00 0.000000000000000000e+00 0.000000000000000000e+00 0.000000000000000000e+00 8.839371980676329343e+00 6.829999999999999716e+01 0.000000000000000000e+00 0.000000000000000000e+00 0.000000000000000000e+00 0.000000000000000000e+00 0.000000000000000000e+00 0.000000000000000000e+00 0.000000000000000000e+00 0.000000000000000000e+00 0.000000000000000000e+00 0.000000000000000000e+00 0.000000000000000000e+00
0.000000000000000000e+00 0.000000000000000000e+00 0.000000000000000000e+00 0.000000000000000000e+00 0.000000000000000000e+00 0.000000000000000000e+00 0.000000000000000000e+00 0.000000000000000000e+00 0.000000000000000000e+00 0.000000000000000000e+00 0.000000000000000000e+00 0.000000000000000000e+00 0.000000000000000000e+00 0.000000000000000000e+00 0.000000000000000000e+00 0.000000000000000000e+00 0.000000000000000000e+00 0.000000000000000000e+00 3.399547511312216841e+01 0.000000000000000000e+00 0.000000000000000000e+00 0.000000000000000000e+00 0.000000000000000000e+00 0.000000000000000000e+00 0.000000000000000000e+00 0.000000000000000000e+00 0.000000000000000000e+00 0.000000000000000000e+00 0.000000000000000000e+00 1.908831168831168767e+01
0.000000000000000000e+00 0.000000000000000000e+00 0.000000000000000000e+00 0.000000000000000000e+00 0.000000000000000000e+00 0.000000000000000000e+00 0.000000000000000000e+00 0.000000000000000000e+00 0.000000000000000000e+00 0.000000000000000000e+00 0.000000000000000000e+00 0.000000000000000000e+00 0.000000000000000000e+00 0.000000000000000000e+00 0.000000000000000000e+00 0.000000000000000000e+00 0.000000000000000000e+00 0.000000000000000000e+00 0.000000000000000000e+00 inf 0.000000000000000000e+00 0.000000000000000000e+00 0.000000000000000000e+00 0.000000000000000000e+00 0.000000000000000000e+00 0.000000000000000000e+00 0.000000000000000000e+00 0.000000000000000000e+00 0.000000000000000000e+00 0.000000000000000000e+00
0.000000000000000000e+00 0.000000000000000000e+00 0.000000000000000000e+00 0.000000000000000000e+00 0.000000000000000000e+00 0.000000000000000000e+00 0.000000000000000000e+00 0.000000000000000000e+00 0.000000000000000000e+00 0.000000000000000000e+00 0.000000000000000000e+00 0.000000000000000000e+00 0.000000000000000000e+00 0.000000000000000000e+00 0.000000000000000000e+00 0.000000000000000000e+00 0.000000000000000000e+00 0.000000000000000000e+00 0.000000000000000000e+00 inf 0.000000000000000000e+00 0.000000000000000000e+00 0.000000000000000000e+00 0.000000000000000000e+00 0.000000000000000000e+00 0.000000000000000000e+00 0.000000000000000000e+00 0.000000000000000000e+00 0.000000000000000000e+00 0.000000000000000000e+00
0.000000000000000000e+00 0.000000000000000000e+00 0.000000000000000000e+00 0.000000000000000000e+00 0.000000000000000000e+00 0.000000000000000000e+00 0.000000000000000000e+00 0.000000000000000000e+00 0.000000000000000000e+00 0.000000000000000000e+00 0.000000000000000000e+00 0.000000000000000000e+00 0.000000000000000000e+00 0.000000000000000000e+00 0.000000000000000000e+00 0.000000000000000000e+00 0.000000000000000000e+00 0.000000000000000000e+00 0.000000000000000000e+00 2.486622073578595149e+01 0.000000000000000000e+00 0.000000000000000000e+00 0.000000000000000000e+00 2.521694915254237301e+01 0.000000000000000000e+00 0.000000000000000000e+00 0.000000000000000000e+00 0.000000000000000000e+00 0.000000000000000000e+00 0.000000000000000000e+00
0.000000000000000000e+00 0.000000000000000000e+00 0.000000000000000000e+00 0.000000000000000000e+00 0.000000000000000000e+00 0.000000000000000000e+00 0.000000000000000000e+00 0.000000000000000000e+00 0.000000000000000000e+00 0.000000000000000000e+00 0.000000000000000000e+00 0.000000000000000000e+00 0.000000000000000000e+00 0.000000000000000000e+00 0.000000000000000000e+00 0.000000000000000000e+00 0.000000000000000000e+00 0.000000000000000000e+00 0.000000000000000000e+00 1.243143812709030094e+01 0.000000000000000000e+00 0.000000000000000000e+00 0.000000000000000000e+00 0.000000000000000000e+00 0.000000000000000000e+00 0.000000000000000000e+00 0.000000000000000000e+00 1.000679347826086918e+01 0.000000000000000000e+00 9.542857142857142705e+00
0.000000000000000000e+00 0.000000000000000000e+00 0.000000000000000000e+00 0.000000000000000000e+00 0.000000000000000000e+00 0.000000000000000000e+00 0.000000000000000000e+00 0.000000000000000000e+00 0.000000000000000000e+00 0.000000000000000000e+00 0.000000000000000000e+00 0.000000000000000000e+00 0.000000000000000000e+00 0.000000000000000000e+00 0.000000000000000000e+00 0.000000000000000000e+00 0.000000000000000000e+00 0.000000000000000000e+00 0.000000000000000000e+00 2.486622073578595149e+01 0.000000000000000000e+00 0.000000000000000000e+00 0.000000000000000000e+00 0.000000000000000000e+00 0.000000000000000000e+00 0.000000000000000000e+00 0.000000000000000000e+00 0.000000000000000000e+00 0.000000000000000000e+00 1.908831168831168767e+01
0.000000000000000000e+00 0.000000000000000000e+00 0.000000000000000000e+00 0.000000000000000000e+00 0.000000000000000000e+00 0.000000000000000000e+00 0.000000000000000000e+00 0.000000000000000000e+00 0.000000000000000000e+00 0.000000000000000000e+00 0.000000000000000000e+00 0.000000000000000000e+00 0.000000000000000000e+00 0.000000000000000000e+00 0.000000000000000000e+00 0.000000000000000000e+00 0.000000000000000000e+00 0.000000000000000000e+00 0.000000000000000000e+00 inf 0.000000000000000000e+00 0.000000000000000000e+00 0.000000000000000000e+00 0.000000000000000000e+00 0.000000000000000000e+00 0.000000000000000000e+00 0.000000000000000000e+00 0.000000000000000000e+00 0.000000000000000000e+00 0.000000000000000000e+00
0.000000000000000000e+00 0.000000000000000000e+00 0.000000000000000000e+00 0.000000000000000000e+00 0.000000000000000000e+00 0.000000000000000000e+00 0.000000000000000000e+00 0.000000000000000000e+00 0.000000000000000000e+00 0.000000000000000000e+00 0.000000000000000000e+00 0.000000000000000000e+00 0.000000000000000000e+00 0.000000000000000000e+00 0.000000000000000000e+00 0.000000000000000000e+00 0.000000000000000000e+00 0.000000000000000000e+00 0.000000000000000000e+00 inf 0.000000000000000000e+00 0.000000000000000000e+00 0.000000000000000000e+00 0.000000000000000000e+00 0.000000000000000000e+00 0.000000000000000000e+00 0.000000000000000000e+00 0.000000000000000000e+00 0.000000000000000000e+00 0.000000000000000000e+00
0.000000000000000000e+00 0.000000000000000000e+00 0.000000000000000000e+00 0.000000000000000000e+00 0.000000000000000000e+00 0.000000000000000000e+00 0.000000000000000000e+00 0.000000000000000000e+00 0.000000000000000000e+00 0.000000000000000000e+00 0.000000000000000000e+00 0.000000000000000000e+00 0.000000000000000000e+00 0.000000000000000000e+00 0.000000000000000000e+00 0.000000000000000000e+00 0.000000000000000000e+00 0.000000000000000000e+00 0.000000000000000000e+00 0.000000000000000000e+00 inf 0.000000000000000000e+00 0.000000000000000000e+00 0.000000000000000000e+00 0.000000000000000000e+00 0.000000000000000000e+00 0.000000000000000000e+00 0.000000000000000000e+00 0.000000000000000000e+00 0.000000000000000000e+00
0.000000000000000000e+00 0.000000000000000000e+00 0.000000000000000000e+00 0.000000000000000000e+00 0.000000000000000000e+00 0.000000000000000000e+00 0.000000000000000000e+00 0.000000000000000000e+00 0.000000000000000000e+00 0.000000000000000000e+00 0.000000000000000000e+00 0.000000000000000000e+00 0.000000000000000000e+00 0.000000000000000000e+00 0.000000000000000000e+00 0.000000000000000000e+00 0.000000000000000000e+00 0.000000000000000000e+00 0.000000000000000000e+00 0.000000000000000000e+00 2.548630136986301409e+01 0.000000000000000000e+00 0.000000000000000000e+00 0.000000000000000000e+00 0.000000000000000000e+00 0.000000000000000000e+00 0.000000000000000000e+00 0.000000000000000000e+00 0.000000000000000000e+00 1.908831168831168767e+01
0.000000000000000000e+00 0.000000000000000000e+00 0.000000000000000000e+00 0.000000000000000000e+00 0.000000000000000000e+00 0.000000000000000000e+00 0.000000000000000000e+00 0.000000000000000000e+00 0.000000000000000000e+00 0.000000000000000000e+00 0.000000000000000000e+00 0.000000000000000000e+00 0.000000000000000000e+00 0.000000000000000000e+00 0.000000000000000000e+00 0.000000000000000000e+00 0.000000000000000000e+00 0.000000000000000000e+00 0.000000000000000000e+00 0.000000000000000000e+00 1.274143835616438380e+01 0.000000000000000000e+00 0.000000000000000000e+00 5.060544217687074564e+01 0.000000000000000000e+00 0.000000000000000000e+00 0.000000000000000000e+00 0.000000000000000000e+00 0.000000000000000000e+00 0.000000000000000000e+00
0.000000000000000000e+00 0.000000000000000000e+00 0.000000000000000000e+00 0.000000000000000000e+00 0.000000000000000000e+00 0.000000000000000000e+00 0.000000000000000000e+00 0.000000000000000000e+00 0.000000000000000000e+00 0.000000000000000000e+00 0.000000000000000000e+00 0.000000000000000000e+00 0.000000000000000000e+00 0.000000000000000000e+00 0.000000000000000000e+00 0.000000000000000000e+00 0.000000000000000000e+00 0.000000000000000000e+00 0.000000000000000000e+00 0.000000000000000000e+00 inf 0.000000000000000000e+00 0.000000000000000000e+00 0.000000000000000000e+00 0.000000000000000000e+00 0.000000000000000000e+00 0.000000000000000000e+00 0.000000000000000000e+00 0.000000000000000000e+00 0.000000000000000000e+00
0.000000000000000000e+00 0.000000000000000000e+00 0.000000000000000000e+00 0.000000000000000000e+00 0.000000000000000000e+00 0.000000000000000000e+00 0.000000000000000000e+00 0.000000000000000000e+00 0.000000000000000000e+00 0.000000000000000000e+00 0.000000000000000000e+00 0.000000000000000000e+00 0.000000000000000000e+00 0.000000000000000000e+00 0.000000000000000000e+00 0.000000000000000000e+00 0.000000000000000000e+00 0.000000000000000000e+00 0.000000000000000000e+00 0.000000000000000000e+00 inf 0.000000000000000000e+00 0.000000000000000000e+00 0.000000000000000000e+00 0.000000000000000000e+00 0.000000000000000000e+00 0.000000000000000000e+00 0.000000000000000000e+00 0.000000000000000000e+00 0.000000000000000000e+00
0.000000000000000000e+00 0.000000000000000000e+00 0.000000000000000000e+00 0.000000000000000000e+00 0.000000000000000000e+00 0.000000000000000000e+00 0.000000000000000000e+00 0.000000000000000000e+00 0.000000000000000000e+00 0.000000000000000000e+00 0.000000000000000000e+00 0.000000000000000000e+00 0.000000000000000000e+00 0.000000000000000000e+00 0.000000000000000000e+00 0.000000000000000000e+00 0.000000000000000000e+00 0.000000000000000000e+00 0.000000000000000000e+00 0.000000000000000000e+00 inf 0.000000000000000000e+00 0.000000000000000000e+00 0.000000000000000000e+00 0.000000000000000000e+00 0.000000000000000000e+00 0.000000000000000000e+00 0.000000000000000000e+00 0.000000000000000000e+00 0.000000000000000000e+00
0.000000000000000000e+00 0.000000000000000000e+00 0.000000000000000000e+00 0.000000000000000000e+00 0.000000000000000000e+00 0.000000000000000000e+00 0.000000000000000000e+00 0.000000000000000000e+00 0.000000000000000000e+00 0.000000000000000000e+00 0.000000000000000000e+00 0.000000000000000000e+00 0.000000000000000000e+00 0.000000000000000000e+00 0.000000000000000000e+00 0.000000000000000000e+00 0.000000000000000000e+00 0.000000000000000000e+00 0.000000000000000000e+00 0.000000000000000000e+00 inf 0.000000000000000000e+00 0.000000000000000000e+00 0.000000000000000000e+00 0.000000000000000000e+00 0.000000000000000000e+00 0.000000000000000000e+00 0.000000000000000000e+00 0.000000000000000000e+00 0.000000000000000000e+00
0.000000000000000000e+00 0.000000000000000000e+00 0.000000000000000000e+00 0.000000000000000000e+00 0.000000000000000000e+00 0.000000000000000000e+00 0.000000000000000000e+00 0.000000000000000000e+00 0.000000000000000000e+00 0.000000000000000000e+00 0.000000000000000000e+00 0.000000000000000000e+00 0.000000000000000000e+00 0.000000000000000000e+00 0.000000000000000000e+00 0.000000000000000000e+00 0.000000000000000000e+00 0.000000000000000000e+00 0.000000000000000000e+00 0.000000000000000000e+00 inf 0.000000000000000000e+00 0.000000000000000000e+00 0.000000000000000000e+00 0.000000000000000000e+00 0.000000000000000000e+00 0.000000000000000000e+00 0.000000000000000000e+00 0.000000000000000000e+00 0.000000000000000000e+00
0.000000000000000000e+00 0.000000000000000000e+00 0.000000000000000000e+00 0.000000000000000000e+00 0.000000000000000000e+00 0.000000000000000000e+00 0.000000000000000000e+00 0.000000000000000000e+00 0.000000000000000000e+00 0.000000000000000000e+00 0.000000000000000000e+00 0.000000000000000000e+00 0.000000000000000000e+00 0.000000000000000000e+00 0.000000000000000000e+00 0.000000000000000000e+00 0.000000000000000000e+00 0.000000000000000000e+00 0.000000000000000000e+00 0.000000000000000000e+00 inf 0.000000000000000000e+00 0.000000000000000000e+00 0.000000000000000000e+00 0.000000000000000000e+00 0.000000000000000000e+00 0.000000000000000000e+00 0.000000000000000000e+00 0.000000000000000000e+00 0.000000000000000000e+00
0.000000000000000000e+00 0.000000000000000000e+00 0.000000000000000000e+00 0.000000000000000000e+00 0.000000000000000000e+00 0.000000000000000000e+00 0.000000000000000000e+00 0.000000000000000000e+00 0.000000000000000000e+00 0.000000000000000000e+00 0.000000000000000000e+00 0.000000000000000000e+00 0.000000000000000000e+00 0.000000000000000000e+00 0.000000000000000000e+00 0.000000000000000000e+00 0.000000000000000000e+00 0.000000000000000000e+00 0.000000000000000000e+00 0.000000000000000000e+00 0.000000000000000000e+00 0.000000000000000000e+00 0.000000000000000000e+00 0.000000000000000000e+00 1.517991631799163166e+01 0.000000000000000000e+00 0.000000000000000000e+00 0.000000000000000000e+00 0.000000000000000000e+00 1.908831168831168767e+01
0.000000000000000000e+00 0.000000000000000000e+00 0.000000000000000000e+00 0.000000000000000000e+00 0.000000000000000000e+00 0.000000000000000000e+00 0.000000000000000000e+00 0.000000000000000000e+00 0.000000000000000000e+00 0.000000000000000000e+00 0.000000000000000000e+00 0.000000000000000000e+00 0.000000000000000000e+00 0.000000000000000000e+00 0.000000000000000000e+00 0.000000000000000000e+00 0.000000000000000000e+00 0.000000000000000000e+00 0.000000000000000000e+00 0.000000000000000000e+00 0.000000000000000000e+00 0.000000000000000000e+00 0.000000000000000000e+00 0.000000000000000000e+00 0.000000000000000000e+00 0.000000000000000000e+00 0.000000000000000000e+00 inf 0.000000000000000000e+00 0.000000000000000000e+00
0.000000000000000000e+00 0.000000000000000000e+00 0.000000000000000000e+00 0.000000000000000000e+00 0.000000000000000000e+00 0.000000000000000000e+00 0.000000000000000000e+00 0.000000000000000000e+00 0.000000000000000000e+00 0.000000000000000000e+00 0.000000000000000000e+00 0.000000000000000000e+00 0.000000000000000000e+00 0.000000000000000000e+00 0.000000000000000000e+00 0.000000000000000000e+00 0.000000000000000000e+00 0.000000000000000000e+00 0.000000000000000000e+00 0.000000000000000000e+00 0.000000000000000000e+00 0.000000000000000000e+00 0.000000000000000000e+00 0.000000000000000000e+00 0.000000000000000000e+00 0.000000000000000000e+00 0.000000000000000000e+00 0.000000000000000000e+00 0.000000000000000000e+00 inf
0.000000000000000000e+00 0.000000000000000000e+00 0.000000000000000000e+00 0.000000000000000000e+00 0.000000000000000000e+00 0.000000000000000000e+00 0.000000000000000000e+00 0.000000000000000000e+00 0.000000000000000000e+00 0.000000000000000000e+00 0.000000000000000000e+00 0.000000000000000000e+00 0.000000000000000000e+00 0.000000000000000000e+00 0.000000000000000000e+00 0.000000000000000000e+00 0.000000000000000000e+00 0.000000000000000000e+00 0.000000000000000000e+00 0.000000000000000000e+00 0.000000000000000000e+00 0.000000000000000000e+00 0.000000000000000000e+00 0.000000000000000000e+00 0.000000000000000000e+00 0.000000000000000000e+00 0.000000000000000000e+00 0.000000000000000000e+00 0.000000000000000000e+00 inf
0.000000000000000000e+00 0.000000000000000000e+00 0.000000000000000000e+00 0.000000000000000000e+00 0.000000000000000000e+00 0.000000000000000000e+00 0.000000000000000000e+00 0.000000000000000000e+00 0.000000000000000000e+00 0.000000000000000000e+00 0.000000000000000000e+00 0.000000000000000000e+00 0.000000000000000000e+00 0.000000000000000000e+00 0.000000000000000000e+00 0.000000000000000000e+00 0.000000000000000000e+00 0.000000000000000000e+00 0.000000000000000000e+00 0.000000000000000000e+00 0.000000000000000000e+00 0.000000000000000000e+00 0.000000000000000000e+00 0.000000000000000000e+00 0.000000000000000000e+00 0.000000000000000000e+00 0.000000000000000000e+00 0.000000000000000000e+00 0.000000000000000000e+00 inf
0.000000000000000000e+00 0.000000000000000000e+00 0.000000000000000000e+00 0.000000000000000000e+00 0.000000000000000000e+00 0.000000000000000000e+00 0.000000000000000000e+00 0.000000000000000000e+00 0.000000000000000000e+00 0.000000000000000000e+00 0.000000000000000000e+00 0.000000000000000000e+00 0.000000000000000000e+00 0.000000000000000000e+00 0.000000000000000000e+00 0.000000000000000000e+00 0.000000000000000000e+00 0.000000000000000000e+00 0.000000000000000000e+00 0.000000000000000000e+00 0.000000000000000000e+00 0.000000000000000000e+00 0.000000000000000000e+00 0.000000000000000000e+00 0.000000000000000000e+00 0.000000000000000000e+00 0.000000000000000000e+00 0.000000000000000000e+00 0.000000000000000000e+00 inf
0.000000000000000000e+00 0.000000000000000000e+00 0.000000000000000000e+00 0.000000000000000000e+00 0.000000000000000000e+00 0.000000000000000000e+00 0.000000000000000000e+00 0.000000000000000000e+00 0.000000000000000000e+00 0.000000000000000000e+00 0.000000000000000000e+00 0.000000000000000000e+00 0.000000000000000000e+00 0.000000000000000000e+00 0.000000000000000000e+00 0.000000000000000000e+00 0.000000000000000000e+00 0.000000000000000000e+00 0.000000000000000000e+00 0.000000000000000000e+00 0.000000000000000000e+00 0.000000000000000000e+00 0.000000000000000000e+00 0.000000000000000000e+00 0.000000000000000000e+00 0.000000000000000000e+00 0.000000000000000000e+00 0.000000000000000000e+00 0.000000000000000000e+00 inf
0.000000000000000000e+00 0.000000000000000000e+00 0.000000000000000000e+00 0.000000000000000000e+00 0.000000000000000000e+00 0.000000000000000000e+00 0.000000000000000000e+00 0.000000000000000000e+00 0.000000000000000000e+00 0.000000000000000000e+00 0.000000000000000000e+00 0.000000000000000000e+00 0.000000000000000000e+00 0.000000000000000000e+00 0.000000000000000000e+00 0.000000000000000000e+00 0.000000000000000000e+00 0.000000000000000000e+00 0.000000000000000000e+00 0.000000000000000000e+00 0.000000000000000000e+00 0.000000000000000000e+00 0.000000000000000000e+00 0.000000000000000000e+00 0.000000000000000000e+00 0.000000000000000000e+00 0.000000000000000000e+00 0.000000000000000000e+00 0.000000000000000000e+00 inf
0.000000000000000000e+00 0.000000000000000000e+00 0.000000000000000000e+00 0.000000000000000000e+00 0.000000000000000000e+00 0.000000000000000000e+00 0.000000000000000000e+00 0.000000000000000000e+00 0.000000000000000000e+00 0.000000000000000000e+00 0.000000000000000000e+00 0.000000000000000000e+00 0.000000000000000000e+00 0.000000000000000000e+00 0.000000000000000000e+00 0.000000000000000000e+00 0.000000000000000000e+00 0.000000000000000000e+00 0.000000000000000000e+00 0.000000000000000000e+00 0.000000000000000000e+00 0.000000000000000000e+00 0.000000000000000000e+00 0.000000000000000000e+00 0.000000000000000000e+00 0.000000000000000000e+00 0.000000000000000000e+00 0.000000000000000000e+00 0.000000000000000000e+00 inf
0.000000000000000000e+00 0.000000000000000000e+00 0.000000000000000000e+00 0.000000000000000000e+00 0.000000000000000000e+00 0.000000000000000000e+00 0.000000000000000000e+00 0.000000000000000000e+00 0.000000000000000000e+00 0.000000000000000000e+00 0.000000000000000000e+00 0.000000000000000000e+00 0.000000000000000000e+00 0.000000000000000000e+00 0.000000000000000000e+00 0.000000000000000000e+00 0.000000000000000000e+00 0.000000000000000000e+00 0.000000000000000000e+00 0.000000000000000000e+00 0.000000000000000000e+00 0.000000000000000000e+00 0.000000000000000000e+00 0.000000000000000000e+00 0.000000000000000000e+00 0.000000000000000000e+00 0.000000000000000000e+00 0.000000000000000000e+00 0.000000000000000000e+00 inf
