8.1356e+01,8.0689e+01,8.0124e+01,7.9445e+01,7.8633e+01,7.8276e+01,7.8068e+01,7.8736e+01,7.9137e+01,7.9990e+01,8.0266e+01,8.0843e+01,8.1392e+01,8.0626e+01,8.1021e+01,8.2143e+01,8.2563e+01,8.2823e+01,8.2761e+01,8.3079e+01,8.3344e+01,8.3162e+01,8.2851e+01,8.2738e+01,8.1585e+01,8.1032e+01,8.0001e+01,7.9287e+01,7.9676e+01,8.0274e+01,8.0770e+01,8.1236e+01,8.2474e+01,8.2599e+01,8.2865e+01,8.1866e+01,8.0789e+01,8.0138e+01,7.9774e+01,7.9513e+01,7.8810e+01,7.8965e+01,7.8420e+01,7.7872e+01,7.7325e+01,7.7042e+01,7.7051e+01,7.6827e+01,7.6556e+01,7.6622e+01,7.6855e+01,7.7156e+01,7.7561e+01,7.8077e+01,7.8444e+01,7.8018e+01,7.7486e+01,7.7330e+01,7.7446e+01,7.7790e+01,7.8229e+01,7.8451e+01,7.9194e+01,7.9319e+01,7.9469e+01,8.0473e+01,8.0886e+01,8.0235e+01,7.9791e+01,7.8923e+01,7.8940e+01,7.8228e+01,7.7988e+01,7.8087e+01,7.8820e+01,7.9398e+01,7.9626e+01,7.9638e+01,7.8908e+01,7.8782e+01,7.8312e+01,7.7674e+01,7.7438e+01,7.7224e+01,7.6922e+01,7.7365e+01,7.7717e+01,7.7347e+01,7.6989e+01,7.7182e+01,7.7485e+01,7.7746e+01,7.8427e+01,7.8603e+01,7.8037e+01,7.7968e+01,7.8111e+01,7.8714e+01,7.8690e+01,7.7935e+01,7.7448e+01,7.7105e+01,7.7067e+01,7.7136e+01,7.7679e+01,7.7922e+01,7.8544e+01,7.9113e+01,7.9481e+01,8.0400e+01,8.0770e+01,8.1310e+01,8.1443e+01,8.2256e+01,8.2003e+01,8.2524e+01,8.3358e+01,8.2785e+01,8.2532e+01,8.1721e+01,8.1906e+01,8.2564e+01,8.3160e+01,8.4439e+01,8.5083e+01,8.6509e+01,8.7145e+01,8.8276e+01,8.8640e+01,8.9500e+01,9.0690e+01,9.2181e+01,9.1641e+01,9.1559e+01,9.0112e+01,8.9279e+01,9.0434e+01,8.9615e+01,8.9377e+01,8.9953e+01,8.9131e+01,8.8831e+01,8.7804e+01,8.7614e+01,8.7110e+01,8.5743e+01,8.4742e+01,8.4468e+01,8.4566e+01,8.3813e+01,8.4044e+01,8.3526e+01,8.4008e+01,8.4899e+01,8.5462e+01,8.5049e+01,8.4564e+01,8.3584e+01,8.3021e+01,8.2712e+01,8.1919e+01,8.1706e+01,8.1350e+01,8.1286e+01,8.0870e+01,8.0964e+01,8.0442e+01,8.0293e+01,8.0873e+01,8.1340e+01,8.2051e+01,8.2270e+01
8.0804e+01,8.0138e+01,7.9570e+01,7.8890e+01,7.8070e+01,7.7715e+01,7.7505e+01,7.8180e+01,7.8583e+01,7.9443e+01,7.9723e+01,8.0309e+01,8.0864e+01,8.0093e+01,8.0489e+01,8.1619e+01,8.2044e+01,8.2303e+01,8.2245e+01,8.2571e+01,8.2840e+01,8.2661e+01,8.2349e+01,8.2232e+01,8.1067e+01,8.0505e+01,7.9463e+01,7.8743e+01,7.9133e+01,7.9741e+01,8.0247e+01,8.0721e+01,8.1973e+01,8.2101e+01,8.2373e+01,8.1361e+01,8.0273e+01,7.9612e+01,7.9240e+01,7.8974e+01,7.8260e+01,7.8412e+01,7.7858e+01,7.7303e+01,7.6753e+01,7.6467e+01,7.6480e+01,7.6250e+01,7.5973e+01,7.6035e+01,7.6271e+01,7.6572e+01,7.6985e+01,7.7504e+01,7.7878e+01,7.7450e+01,7.6912e+01,7.6756e+01,7.6871e+01,7.7219e+01,7.7660e+01,7.7883e+01,7.8629e+01,7.8750e+01,7.8900e+01,7.9908e+01,8.0325e+01,7.9673e+01,7.9225e+01,7.8350e+01,7.8362e+01,7.7646e+01,7.7409e+01,7.7514e+01,7.8253e+01,7.8837e+01,7.9073e+01,7.9089e+01,7.8352e+01,7.8220e+01,7.7743e+01,7.7098e+01,7.6856e+01,7.6640e+01,7.6333e+01,7.6776e+01,7.7129e+01,7.6757e+01,7.6397e+01,7.6588e+01,7.6889e+01,7.7150e+01,7.7832e+01,7.8010e+01,7.7445e+01,7.7377e+01,7.7524e+01,7.8131e+01,7.8110e+01,7.7352e+01,7.6863e+01,7.6515e+01,7.6478e+01,7.6551e+01,7.7097e+01,7.7336e+01,7.7961e+01,7.8536e+01,7.8906e+01,7.9825e+01,8.0199e+01,8.0744e+01,8.0885e+01,8.1698e+01,8.1443e+01,8.1974e+01,8.2810e+01,8.2231e+01,8.1981e+01,8.1162e+01,8.1349e+01,8.2017e+01,8.2618e+01,8.3907e+01,8.4559e+01,8.5993e+01,8.6636e+01,8.7774e+01,8.8137e+01,8.9003e+01,9.0198e+01,9.1699e+01,9.1158e+01,9.1073e+01,8.9615e+01,8.8776e+01,8.9935e+01,8.9109e+01,8.8870e+01,8.9446e+01,8.8615e+01,8.8311e+01,8.7274e+01,8.7082e+01,8.6576e+01,8.5200e+01,8.4193e+01,8.3920e+01,8.4020e+01,8.3260e+01,8.3493e+01,8.2967e+01,8.3448e+01,8.4347e+01,8.4915e+01,8.4497e+01,8.4013e+01,8.3025e+01,8.2454e+01,8.2142e+01,8.1343e+01,8.1128e+01,8.0772e+01,8.0708e+01,8.0290e+01,8.0385e+01,7.9861e+01,7.9715e+01,8.0299e+01,8.0766e+01,8.1484e+01,8.1706e+01
8.0399e+01,7.9734e+01,7.9168e+01,7.8486e+01,7.7658e+01,7.7302e+01,7.7092e+01,7.7773e+01,7.8179e+01,7.9044e+01,7.9327e+01,7.9918e+01,8.0477e+01,7.9700e+01,8.0096e+01,8.1232e+01,8.1658e+01,8.1915e+01,8.1856e+01,8.2187e+01,8.2460e+01,8.2280e+01,8.1966e+01,8.1847e+01,8.0674e+01,8.0110e+01,7.9060e+01,7.8334e+01,7.8723e+01,7.9335e+01,7.9847e+01,8.0323e+01,8.1582e+01,8.1714e+01,8.1990e+01,8.0973e+01,7.9877e+01,7.9214e+01,7.8838e+01,7.8571e+01,7.7850e+01,7.8003e+01,7.7442e+01,7.6883e+01,7.6330e+01,7.6042e+01,7.6057e+01,7.5824e+01,7.5542e+01,7.5602e+01,7.5844e+01,7.6147e+01,7.6567e+01,7.7090e+01,7.7471e+01,7.7038e+01,7.6494e+01,7.6336e+01,7.6452e+01,7.6803e+01,7.7245e+01,7.7469e+01,7.8221e+01,7.8340e+01,7.8489e+01,7.9504e+01,7.9921e+01,7.9264e+01,7.8809e+01,7.7927e+01,7.7936e+01,7.7217e+01,7.6980e+01,7.7089e+01,7.7835e+01,7.8422e+01,7.8663e+01,7.8678e+01,7.7935e+01,7.7797e+01,7.7317e+01,7.6665e+01,7.6418e+01,7.6205e+01,7.5895e+01,7.6339e+01,7.6691e+01,7.6314e+01,7.5952e+01,7.6145e+01,7.6445e+01,7.6711e+01,7.7395e+01,7.7577e+01,7.7012e+01,7.6947e+01,7.7099e+01,7.7711e+01,7.7691e+01,7.6929e+01,7.6436e+01,7.6081e+01,7.6045e+01,7.6122e+01,7.6672e+01,7.6910e+01,7.7540e+01,7.8121e+01,7.8496e+01,7.9420e+01,7.9797e+01,8.0347e+01,8.0489e+01,8.1303e+01,8.1045e+01,8.1580e+01,8.2416e+01,8.1832e+01,8.1582e+01,8.0758e+01,8.0943e+01,8.1617e+01,8.2224e+01,8.3517e+01,8.4174e+01,8.5614e+01,8.6259e+01,8.7401e+01,8.7767e+01,8.8637e+01,8.9838e+01,9.1344e+01,9.0799e+01,9.0714e+01,8.9252e+01,8.8408e+01,8.9572e+01,8.8740e+01,8.8500e+01,8.9077e+01,8.8241e+01,8.7934e+01,8.6891e+01,8.6698e+01,8.6190e+01,8.4807e+01,8.3795e+01,8.3522e+01,8.3620e+01,8.2853e+01,8.3086e+01,8.2553e+01,8.3033e+01,8.3939e+01,8.4510e+01,8.4086e+01,8.3602e+01,8.2606e+01,8.2029e+01,8.1716e+01,8.0912e+01,8.0696e+01,8.0341e+01,8.0280e+01,7.9864e+01,7.9962e+01,7.9436e+01,7.9293e+01,7.9879e+01,8.0349e+01,8.1072e+01,8.1299e+01
7.9815e+01,7.9143e+01,7.8571e+01,7.7883e+01,7.7043e+01,7.6685e+01,7.6473e+01,7.7166e+01,7.7577e+01,7.8454e+01,7.8740e+01,7.9339e+01,7.9904e+01,7.9116e+01,7.9513e+01,8.0662e+01,8.1090e+01,8.1344e+01,8.1284e+01,8.1622e+01,8.1902e+01,8.1722e+01,8.1401e+01,8.1277e+01,8.0093e+01,7.9523e+01,7.8460e+01,7.7723e+01,7.8112e+01,7.8728e+01,7.9248e+01,7.9726e+01,8.0999e+01,8.1137e+01,8.1421e+01,8.0396e+01,7.9287e+01,7.8621e+01,7.8239e+01,7.7971e+01,7.7240e+01,7.7393e+01,7.6821e+01,7.6255e+01,7.5692e+01,7.5402e+01,7.5419e+01,7.5180e+01,7.4887e+01,7.4945e+01,7.5192e+01,7.5497e+01,7.5926e+01,7.6456e+01,7.6845e+01,7.6410e+01,7.5858e+01,7.5702e+01,7.5819e+01,7.6177e+01,7.6624e+01,7.6850e+01,7.7610e+01,7.7725e+01,7.7873e+01,7.8897e+01,7.9318e+01,7.8654e+01,7.8190e+01,7.7297e+01,7.7301e+01,7.6575e+01,7.6338e+01,7.6454e+01,7.7211e+01,7.7803e+01,7.8052e+01,7.8065e+01,7.7312e+01,7.7166e+01,7.6679e+01,7.6017e+01,7.5762e+01,7.5551e+01,7.5234e+01,7.5682e+01,7.6034e+01,7.5648e+01,7.5283e+01,7.5477e+01,7.5775e+01,7.6048e+01,7.6734e+01,7.6922e+01,7.6358e+01,7.6294e+01,7.6453e+01,7.7071e+01,7.7054e+01,7.6285e+01,7.5788e+01,7.5426e+01,7.5390e+01,7.5473e+01,7.6032e+01,7.6266e+01,7.6904e+01,7.7495e+01,7.7877e+01,7.8808e+01,7.9193e+01,7.9755e+01,7.9902e+01,8.0721e+01,8.0457e+01,8.0999e+01,8.1838e+01,8.1244e+01,8.0993e+01,8.0157e+01,8.0342e+01,8.1026e+01,8.1644e+01,8.2948e+01,8.3613e+01,8.5065e+01,8.5717e+01,8.6866e+01,8.7233e+01,8.8112e+01,8.9321e+01,9.0839e+01,9.0289e+01,9.0201e+01,8.8728e+01,8.7874e+01,8.9044e+01,8.8202e+01,8.7957e+01,8.8536e+01,8.7691e+01,8.7376e+01,8.6324e+01,8.6130e+01,8.5621e+01,8.4225e+01,8.3205e+01,8.2931e+01,8.3028e+01,8.2250e+01,8.2483e+01,8.1940e+01,8.2423e+01,8.3340e+01,8.3916e+01,8.3484e+01,8.2997e+01,8.1991e+01,8.1405e+01,8.1088e+01,8.0279e+01,8.0061e+01,7.9708e+01,7.9650e+01,7.9235e+01,7.9336e+01,7.8806e+01,7.8665e+01,7.9255e+01,7.9729e+01,8.0460e+01,8.0688e+01
7.9406e+01,7.8730e+01,7.8155e+01,7.7463e+01,7.6618e+01,7.6259e+01,7.6046e+01,7.6742e+01,7.7156e+01,7.8036e+01,7.8324e+01,7.8925e+01,7.9492e+01,7.8701e+01,7.9100e+01,8.0255e+01,8.0685e+01,8.0941e+01,8.0880e+01,8.1219e+01,8.1500e+01,8.1319e+01,8.0997e+01,8.0872e+01,7.9683e+01,7.9111e+01,7.8042e+01,7.7301e+01,7.7691e+01,7.8311e+01,7.8833e+01,7.9313e+01,8.0591e+01,8.0731e+01,8.1016e+01,7.9987e+01,7.8873e+01,7.8204e+01,7.7820e+01,7.7551e+01,7.6817e+01,7.6971e+01,7.6396e+01,7.5827e+01,7.5261e+01,7.4970e+01,7.4986e+01,7.4747e+01,7.4454e+01,7.4515e+01,7.4764e+01,7.5074e+01,7.5505e+01,7.6039e+01,7.6430e+01,7.5990e+01,7.5433e+01,7.5274e+01,7.5391e+01,7.5750e+01,7.6199e+01,7.6426e+01,7.7190e+01,7.7306e+01,7.7454e+01,7.8483e+01,7.8905e+01,7.8237e+01,7.7771e+01,7.6874e+01,7.6878e+01,7.6149e+01,7.5910e+01,7.6027e+01,7.6787e+01,7.7382e+01,7.7632e+01,7.7645e+01,7.6888e+01,7.6741e+01,7.6252e+01,7.5586e+01,7.5330e+01,7.5119e+01,7.4802e+01,7.5252e+01,7.5605e+01,7.5217e+01,7.4851e+01,7.5048e+01,7.5349e+01,7.5624e+01,7.6314e+01,7.6503e+01,7.5936e+01,7.5874e+01,7.6032e+01,7.6654e+01,7.6639e+01,7.5866e+01,7.5364e+01,7.5000e+01,7.4962e+01,7.5044e+01,7.5605e+01,7.5841e+01,7.6482e+01,7.7075e+01,7.7458e+01,7.8394e+01,7.8781e+01,7.9345e+01,7.9493e+01,8.0315e+01,8.0050e+01,8.0594e+01,8.1437e+01,8.0840e+01,8.0588e+01,7.9747e+01,7.9933e+01,8.0622e+01,8.1243e+01,8.2554e+01,8.3220e+01,8.4679e+01,8.5331e+01,8.6486e+01,8.6858e+01,8.7739e+01,8.8955e+01,9.0478e+01,8.9925e+01,8.9840e+01,8.8361e+01,8.7506e+01,8.8684e+01,8.7840e+01,8.7593e+01,8.8177e+01,8.7328e+01,8.7013e+01,8.5954e+01,8.5758e+01,8.5245e+01,8.3841e+01,8.2816e+01,8.2539e+01,8.2636e+01,8.1855e+01,8.2088e+01,8.1544e+01,8.2032e+01,8.2953e+01,8.3532e+01,8.3097e+01,8.2607e+01,8.1596e+01,8.1008e+01,8.0691e+01,7.9878e+01,7.9662e+01,7.9306e+01,7.9248e+01,7.8831e+01,7.8933e+01,7.8398e+01,7.8254e+01,7.8846e+01,7.9321e+01,8.0055e+01,8.0283e+01
7.9026e+01,7.8344e+01,7.7763e+01,7.7066e+01,7.6214e+01,7.5854e+01,7.5640e+01,7.6343e+01,7.6758e+01,7.7645e+01,7.7936e+01,7.8545e+01,7.9118e+01,7.8322e+01,7.8723e+01,7.9886e+01,8.0322e+01,8.0579e+01,8.0521e+01,8.0864e+01,8.1146e+01,8.0965e+01,8.0643e+01,8.0517e+01,7.9318e+01,7.8738e+01,7.7659e+01,7.6913e+01,7.7307e+01,7.7935e+01,7.8465e+01,7.8952e+01,8.0241e+01,8.0381e+01,8.0668e+01,7.9629e+01,7.8506e+01,7.7829e+01,7.7440e+01,7.7166e+01,7.6422e+01,7.6574e+01,7.5992e+01,7.5418e+01,7.4847e+01,7.4553e+01,7.4572e+01,7.4330e+01,7.4033e+01,7.4091e+01,7.4344e+01,7.4654e+01,7.5091e+01,7.5624e+01,7.6020e+01,7.5578e+01,7.5016e+01,7.4858e+01,7.4974e+01,7.5336e+01,7.5786e+01,7.6016e+01,7.6784e+01,7.6898e+01,7.7048e+01,7.8083e+01,7.8510e+01,7.7840e+01,7.7370e+01,7.6465e+01,7.6464e+01,7.5730e+01,7.5494e+01,7.5616e+01,7.6382e+01,7.6983e+01,7.7238e+01,7.7254e+01,7.6491e+01,7.6340e+01,7.5844e+01,7.5171e+01,7.4910e+01,7.4697e+01,7.4375e+01,7.4826e+01,7.5180e+01,7.4791e+01,7.4423e+01,7.4618e+01,7.4919e+01,7.5195e+01,7.5885e+01,7.6074e+01,7.5508e+01,7.5446e+01,7.5605e+01,7.6229e+01,7.6215e+01,7.5442e+01,7.4939e+01,7.4574e+01,7.4535e+01,7.4619e+01,7.5182e+01,7.5417e+01,7.6061e+01,7.6660e+01,7.7044e+01,7.7985e+01,7.8379e+01,7.8950e+01,7.9103e+01,7.9931e+01,7.9664e+01,8.0215e+01,8.1064e+01,8.0460e+01,8.0210e+01,7.9361e+01,7.9550e+01,8.0246e+01,8.0873e+01,8.2194e+01,8.2866e+01,8.4336e+01,8.4991e+01,8.6154e+01,8.6529e+01,8.7414e+01,8.8637e+01,9.0167e+01,8.9612e+01,8.9528e+01,8.8040e+01,8.7180e+01,8.8365e+01,8.7515e+01,8.7268e+01,8.7855e+01,8.6999e+01,8.6680e+01,8.5613e+01,8.5415e+01,8.4899e+01,8.3486e+01,8.2453e+01,8.2176e+01,8.2275e+01,8.1488e+01,8.1724e+01,8.1174e+01,8.1663e+01,8.2592e+01,8.3176e+01,8.2738e+01,8.2246e+01,8.1229e+01,8.0636e+01,8.0314e+01,7.9495e+01,7.9276e+01,7.8917e+01,7.8859e+01,7.8439e+01,7.8541e+01,7.8003e+01,7.7859e+01,7.8455e+01,7.8932e+01,7.9671e+01,7.9898e+01
7.8645e+01,7.7956e+01,7.7369e+01,7.6663e+01,7.5806e+01,7.5439e+01,7.5222e+01,7.5929e+01,7.6347e+01,7.7243e+01,7.7539e+01,7.8150e+01,7.8728e+01,7.7925e+01,7.8331e+01,7.9503e+01,7.9941e+01,8.0200e+01,8.0139e+01,8.0483e+01,8.0767e+01,8.0582e+01,8.0255e+01,8.0128e+01,7.8922e+01,7.8341e+01,7.7254e+01,7.6498e+01,7.6893e+01,7.7521e+01,7.8053e+01,7.8539e+01,7.9836e+01,7.9982e+01,8.0273e+01,7.9230e+01,7.8096e+01,7.7417e+01,7.7028e+01,7.6755e+01,7.6007e+01,7.6165e+01,7.5579e+01,7.5001e+01,7.4422e+01,7.4126e+01,7.4140e+01,7.3898e+01,7.3601e+01,7.3665e+01,7.3919e+01,7.4235e+01,7.4673e+01,7.5214e+01,7.5608e+01,7.5160e+01,7.4595e+01,7.4433e+01,7.4553e+01,7.4918e+01,7.5374e+01,7.5608e+01,7.6384e+01,7.6502e+01,7.6653e+01,7.7696e+01,7.8126e+01,7.7449e+01,7.6974e+01,7.6062e+01,7.6064e+01,7.5325e+01,7.5082e+01,7.5202e+01,7.5976e+01,7.6580e+01,7.6835e+01,7.6847e+01,7.6075e+01,7.5923e+01,7.5427e+01,7.4748e+01,7.4487e+01,7.4276e+01,7.3954e+01,7.4412e+01,7.4769e+01,7.4373e+01,7.4003e+01,7.4204e+01,7.4511e+01,7.4791e+01,7.5489e+01,7.5680e+01,7.5106e+01,7.5045e+01,7.5203e+01,7.5832e+01,7.5818e+01,7.5036e+01,7.4527e+01,7.4159e+01,7.4120e+01,7.4202e+01,7.4772e+01,7.5010e+01,7.5660e+01,7.6264e+01,7.6649e+01,7.7597e+01,7.7994e+01,7.8568e+01,7.8724e+01,7.9559e+01,7.9290e+01,7.9844e+01,8.0699e+01,8.0090e+01,7.9836e+01,7.8980e+01,7.9172e+01,7.9872e+01,8.0503e+01,8.1834e+01,8.2508e+01,8.3988e+01,8.4644e+01,8.5815e+01,8.6196e+01,8.7085e+01,8.8315e+01,8.9851e+01,8.9293e+01,8.9212e+01,8.7718e+01,8.6855e+01,8.8050e+01,8.7197e+01,8.6948e+01,8.7542e+01,8.6681e+01,8.6361e+01,8.5286e+01,8.5085e+01,8.4564e+01,8.3141e+01,8.2100e+01,8.1818e+01,8.1916e+01,8.1122e+01,8.1357e+01,8.0805e+01,8.1301e+01,8.2238e+01,8.2824e+01,8.2382e+01,8.1882e+01,8.0857e+01,8.0261e+01,7.9941e+01,7.9117e+01,7.8900e+01,7.8536e+01,7.8480e+01,7.8056e+01,7.8160e+01,7.7613e+01,7.7464e+01,7.8065e+01,7.8549e+01,7.9294e+01,7.9526e+01
7.8356e+01,7.7665e+01,7.7075e+01,7.6366e+01,7.5504e+01,7.5135e+01,7.4916e+01,7.5626e+01,7.6048e+01,7.6951e+01,7.7249e+01,7.7865e+01,7.8446e+01,7.7637e+01,7.8044e+01,7.9223e+01,7.9661e+01,7.9919e+01,7.9856e+01,8.0203e+01,8.0491e+01,8.0306e+01,7.9973e+01,7.9843e+01,7.8632e+01,7.8050e+01,7.6957e+01,7.6195e+01,7.6589e+01,7.7218e+01,7.7751e+01,7.8235e+01,7.9537e+01,7.9688e+01,7.9982e+01,7.8937e+01,7.7796e+01,7.7117e+01,7.6728e+01,7.6455e+01,7.5704e+01,7.5865e+01,7.5275e+01,7.4694e+01,7.4111e+01,7.3813e+01,7.3824e+01,7.3581e+01,7.3283e+01,7.3350e+01,7.3605e+01,7.3924e+01,7.4363e+01,7.4909e+01,7.5302e+01,7.4850e+01,7.4284e+01,7.4121e+01,7.4244e+01,7.4611e+01,7.5070e+01,7.5305e+01,7.6085e+01,7.6203e+01,7.6355e+01,7.7402e+01,7.7832e+01,7.7153e+01,7.6676e+01,7.5760e+01,7.5762e+01,7.5020e+01,7.4775e+01,7.4896e+01,7.5674e+01,7.6280e+01,7.6537e+01,7.6548e+01,7.5771e+01,7.5617e+01,7.5119e+01,7.4436e+01,7.4175e+01,7.3965e+01,7.3641e+01,7.4103e+01,7.4460e+01,7.4062e+01,7.3690e+01,7.3893e+01,7.4201e+01,7.4483e+01,7.5184e+01,7.5376e+01,7.4800e+01,7.4739e+01,7.4899e+01,7.5531e+01,7.5518e+01,7.4732e+01,7.4220e+01,7.3849e+01,7.3809e+01,7.3892e+01,7.4465e+01,7.4704e+01,7.5357e+01,7.5963e+01,7.6351e+01,7.7301e+01,7.7701e+01,7.8279e+01,7.8436e+01,7.9275e+01,7.9002e+01,7.9560e+01,8.0417e+01,7.9803e+01,7.9548e+01,7.8687e+01,7.8881e+01,7.9586e+01,8.0221e+01,8.1557e+01,8.2234e+01,8.3720e+01,8.4380e+01,8.5555e+01,8.5937e+01,8.6829e+01,8.8062e+01,8.9605e+01,8.9046e+01,8.8961e+01,8.7460e+01,8.6592e+01,8.7788e+01,8.6930e+01,8.6679e+01,8.7271e+01,8.6408e+01,8.6082e+01,8.5005e+01,8.4804e+01,8.4283e+01,8.2856e+01,8.1813e+01,8.1531e+01,8.1630e+01,8.0832e+01,8.1067e+01,8.0512e+01,8.1010e+01,8.1950e+01,8.2537e+01,8.2093e+01,8.1593e+01,8.0565e+01,7.9967e+01,7.9648e+01,7.8822e+01,7.8605e+01,7.8238e+01,7.8180e+01,7.7752e+01,7.7858e+01,7.7308e+01,7.7156e+01,7.7758e+01,7.8242e+01,7.8988e+01,7.9222e+01
7.8116e+01,7.7421e+01,7.6827e+01,7.6113e+01,7.5245e+01,7.4874e+01,7.4651e+01,7.5367e+01,7.5790e+01,7.6702e+01,7.7004e+01,7.7625e+01,7.8212e+01,7.7397e+01,7.7806e+01,7.8992e+01,7.9432e+01,7.9689e+01,7.9626e+01,7.9977e+01,8.0270e+01,8.0084e+01,7.9748e+01,7.9616e+01,7.8399e+01,7.7814e+01,7.6713e+01,7.5945e+01,7.6340e+01,7.6972e+01,7.7509e+01,7.7994e+01,7.9303e+01,7.9457e+01,7.9754e+01,7.8705e+01,7.7555e+01,7.6872e+01,7.6481e+01,7.6207e+01,7.5450e+01,7.5612e+01,7.5016e+01,7.4429e+01,7.3839e+01,7.3536e+01,7.3545e+01,7.3297e+01,7.2994e+01,7.3060e+01,7.3314e+01,7.3632e+01,7.4072e+01,7.4624e+01,7.5018e+01,7.4566e+01,7.3999e+01,7.3838e+01,7.3965e+01,7.4338e+01,7.4802e+01,7.5040e+01,7.5827e+01,7.5943e+01,7.6096e+01,7.7149e+01,7.7582e+01,7.6900e+01,7.6418e+01,7.5496e+01,7.5495e+01,7.4747e+01,7.4504e+01,7.4629e+01,7.5414e+01,7.6025e+01,7.6287e+01,7.6299e+01,7.5516e+01,7.5358e+01,7.4855e+01,7.4165e+01,7.3899e+01,7.3687e+01,7.3358e+01,7.3822e+01,7.4181e+01,7.3779e+01,7.3403e+01,7.3605e+01,7.3910e+01,7.4194e+01,7.4897e+01,7.5091e+01,7.4515e+01,7.4454e+01,7.4617e+01,7.5253e+01,7.5240e+01,7.4449e+01,7.3934e+01,7.3560e+01,7.3523e+01,7.3610e+01,7.4188e+01,7.4426e+01,7.5084e+01,7.5696e+01,7.6087e+01,7.7042e+01,7.7447e+01,7.8033e+01,7.8194e+01,7.9038e+01,7.8761e+01,7.9324e+01,8.0184e+01,7.9562e+01,7.9307e+01,7.8436e+01,7.8632e+01,7.9347e+01,7.9989e+01,8.1331e+01,8.2015e+01,8.3507e+01,8.4173e+01,8.5352e+01,8.5734e+01,8.6632e+01,8.7869e+01,8.9420e+01,8.8857e+01,8.8769e+01,8.7260e+01,8.6384e+01,8.7582e+01,8.6716e+01,8.6462e+01,8.7053e+01,8.6183e+01,8.5851e+01,8.4766e+01,8.4565e+01,8.4046e+01,8.2611e+01,8.1565e+01,8.1283e+01,8.1382e+01,8.0576e+01,8.0811e+01,8.0249e+01,8.0746e+01,8.1694e+01,8.2286e+01,8.1836e+01,8.1336e+01,8.0300e+01,7.9697e+01,7.9374e+01,7.8542e+01,7.8323e+01,7.7954e+01,7.7896e+01,7.7464e+01,7.7573e+01,7.7018e+01,7.6868e+01,7.7473e+01,7.7960e+01,7.8713e+01,7.8949e+01
7.7969e+01,7.7273e+01,7.6677e+01,7.5962e+01,7.5089e+01,7.4719e+01,7.4496e+01,7.5218e+01,7.5645e+01,7.6562e+01,7.6865e+01,7.7491e+01,7.8079e+01,7.7260e+01,7.7667e+01,7.8858e+01,7.9298e+01,7.9552e+01,7.9489e+01,7.9845e+01,8.0143e+01,7.9959e+01,7.9619e+01,7.9482e+01,7.8260e+01,7.7673e+01,7.6567e+01,7.5793e+01,7.6187e+01,7.6821e+01,7.7361e+01,7.7845e+01,7.9158e+01,7.9318e+01,7.9620e+01,7.8569e+01,7.7412e+01,7.6729e+01,7.6336e+01,7.6061e+01,7.5298e+01,7.5459e+01,7.4857e+01,7.4267e+01,7.3674e+01,7.3371e+01,7.3381e+01,7.3131e+01,7.2823e+01,7.2888e+01,7.3146e+01,7.3465e+01,7.3910e+01,7.4467e+01,7.4866e+01,7.4411e+01,7.3839e+01,7.3678e+01,7.3805e+01,7.4180e+01,7.4645e+01,7.4882e+01,7.5671e+01,7.5782e+01,7.5933e+01,7.6988e+01,7.7422e+01,7.6739e+01,7.6254e+01,7.5328e+01,7.5322e+01,7.4574e+01,7.4332e+01,7.4461e+01,7.5250e+01,7.5864e+01,7.6131e+01,7.6144e+01,7.5357e+01,7.5195e+01,7.4689e+01,7.3994e+01,7.3723e+01,7.3512e+01,7.3180e+01,7.3644e+01,7.4002e+01,7.3598e+01,7.3220e+01,7.3422e+01,7.3725e+01,7.4011e+01,7.4713e+01,7.4910e+01,7.4337e+01,7.4279e+01,7.4448e+01,7.5090e+01,7.5082e+01,7.4285e+01,7.3767e+01,7.3387e+01,7.3349e+01,7.3438e+01,7.4020e+01,7.4254e+01,7.4914e+01,7.5531e+01,7.5927e+01,7.6885e+01,7.7291e+01,7.7885e+01,7.8048e+01,7.8890e+01,7.8609e+01,7.9175e+01,8.0035e+01,7.9406e+01,7.9151e+01,7.8273e+01,7.8470e+01,7.9192e+01,7.9840e+01,8.1188e+01,8.1879e+01,8.3376e+01,8.4049e+01,8.5231e+01,8.5610e+01,8.6515e+01,8.7754e+01,8.9313e+01,8.8748e+01,8.8653e+01,8.7138e+01,8.6253e+01,8.7450e+01,8.6575e+01,8.6318e+01,8.6905e+01,8.6030e+01,8.5690e+01,8.4601e+01,8.4402e+01,8.3887e+01,8.2447e+01,8.1400e+01,8.1120e+01,8.1218e+01,8.0404e+01,8.0640e+01,8.0071e+01,8.0567e+01,8.1522e+01,8.2116e+01,8.1661e+01,8.1161e+01,8.0121e+01,7.9514e+01,7.9188e+01,7.8354e+01,7.8132e+01,7.7764e+01,7.7705e+01,7.7274e+01,7.7386e+01,7.6833e+01,7.6686e+01,7.7290e+01,7.7775e+01,7.8530e+01,7.8763e+01
7.7797e+01,7.7106e+01,7.6509e+01,7.5796e+01,7.4913e+01,7.4549e+01,7.4326e+01,7.5060e+01,7.5491e+01,7.6415e+01,7.6719e+01,7.7356e+01,7.7945e+01,7.7119e+01,7.7520e+01,7.8714e+01,7.9154e+01,7.9398e+01,7.9339e+01,7.9706e+01,8.0013e+01,7.9835e+01,7.9490e+01,7.9344e+01,7.8118e+01,7.7526e+01,7.6413e+01,7.5635e+01,7.6024e+01,7.6664e+01,7.7212e+01,7.7698e+01,7.9016e+01,7.9182e+01,7.9492e+01,7.8439e+01,7.7273e+01,7.6590e+01,7.6189e+01,7.5913e+01,7.5139e+01,7.5295e+01,7.4680e+01,7.4085e+01,7.3489e+01,7.3182e+01,7.3200e+01,7.2939e+01,7.2617e+01,7.2671e+01,7.2931e+01,7.3239e+01,7.3690e+01,7.4250e+01,7.4661e+01,7.4214e+01,7.3639e+01,7.3487e+01,7.3614e+01,7.3997e+01,7.4460e+01,7.4698e+01,7.5489e+01,7.5590e+01,7.5737e+01,7.6795e+01,7.7230e+01,7.6546e+01,7.6054e+01,7.5123e+01,7.5107e+01,7.4357e+01,7.4124e+01,7.4264e+01,7.5059e+01,7.5677e+01,7.5956e+01,7.5972e+01,7.5182e+01,7.5010e+01,7.4495e+01,7.3793e+01,7.3511e+01,7.3301e+01,7.2960e+01,7.3417e+01,7.3774e+01,7.3368e+01,7.2987e+01,7.3179e+01,7.3469e+01,7.3756e+01,7.4452e+01,7.4653e+01,7.4090e+01,7.4033e+01,7.4214e+01,7.4859e+01,7.4852e+01,7.4055e+01,7.3540e+01,7.3152e+01,7.3121e+01,7.3223e+01,7.3808e+01,7.4033e+01,7.4696e+01,7.5321e+01,7.5724e+01,7.6685e+01,7.7098e+01,7.7705e+01,7.7876e+01,7.8716e+01,7.8426e+01,7.9000e+01,7.9856e+01,7.9214e+01,7.8962e+01,7.8074e+01,7.8270e+01,7.9004e+01,7.9662e+01,8.1015e+01,8.1716e+01,8.3217e+01,8.3900e+01,8.5085e+01,8.5459e+01,8.6373e+01,8.7613e+01,8.9183e+01,8.8614e+01,8.8511e+01,8.6988e+01,8.6092e+01,8.7288e+01,8.6401e+01,8.6138e+01,8.6718e+01,8.5837e+01,8.5487e+01,8.4394e+01,8.4200e+01,8.3692e+01,8.2245e+01,8.1201e+01,8.0923e+01,8.1019e+01,8.0195e+01,8.0430e+01,7.9851e+01,8.0343e+01,8.1304e+01,8.1901e+01,8.1439e+01,8.0943e+01,7.9900e+01,7.9286e+01,7.8957e+01,7.8120e+01,7.7894e+01,7.7531e+01,7.7474e+01,7.7048e+01,7.7162e+01,7.6611e+01,7.6473e+01,7.7077e+01,7.7560e+01,7.8318e+01,7.8552e+01
7.7538e+01,7.6847e+01,7.6248e+01,7.5533e+01,7.4642e+01,7.4279e+01,7.4055e+01,7.4797e+01,7.5232e+01,7.6163e+01,7.6469e+01,7.7113e+01,7.7706e+01,7.6873e+01,7.7273e+01,7.8473e+01,7.8914e+01,7.9155e+01,7.9095e+01,7.9467e+01,7.9779e+01,7.9602e+01,7.9253e+01,7.9103e+01,7.7870e+01,7.7275e+01,7.6156e+01,7.5370e+01,7.5759e+01,7.6400e+01,7.6953e+01,7.7438e+01,7.8762e+01,7.8936e+01,7.9252e+01,7.8196e+01,7.7022e+01,7.6339e+01,7.5933e+01,7.5656e+01,7.4874e+01,7.5029e+01,7.4407e+01,7.3806e+01,7.3206e+01,7.2897e+01,7.2917e+01,7.2651e+01,7.2321e+01,7.2370e+01,7.2633e+01,7.2939e+01,7.3397e+01,7.3961e+01,7.4381e+01,7.3936e+01,7.3354e+01,7.3206e+01,7.3332e+01,7.3720e+01,7.4184e+01,7.4423e+01,7.5218e+01,7.5314e+01,7.5461e+01,7.6525e+01,7.6962e+01,7.6275e+01,7.5779e+01,7.4842e+01,7.4821e+01,7.4066e+01,7.3835e+01,7.3981e+01,7.4782e+01,7.5404e+01,7.5689e+01,7.5705e+01,7.4909e+01,7.4732e+01,7.4213e+01,7.3504e+01,7.3216e+01,7.3005e+01,7.2657e+01,7.3116e+01,7.3474e+01,7.3063e+01,7.2676e+01,7.2866e+01,7.3149e+01,7.3438e+01,7.4135e+01,7.4338e+01,7.3779e+01,7.3722e+01,7.3910e+01,7.4560e+01,7.4554e+01,7.3754e+01,7.3239e+01,7.2844e+01,7.2816e+01,7.2925e+01,7.3516e+01,7.3737e+01,7.4404e+01,7.5036e+01,7.5444e+01,7.6408e+01,7.6826e+01,7.7442e+01,7.7617e+01,7.8459e+01,7.8165e+01,7.8745e+01,7.9601e+01,7.8952e+01,7.8701e+01,7.7806e+01,7.8003e+01,7.8745e+01,7.9409e+01,8.0769e+01,8.1477e+01,8.2983e+01,8.3673e+01,8.4862e+01,8.5234e+01,8.6155e+01,8.7398e+01,8.8978e+01,8.8405e+01,8.8297e+01,8.6766e+01,8.5862e+01,8.7058e+01,8.6162e+01,8.5896e+01,8.6475e+01,8.5589e+01,8.5233e+01,8.4136e+01,8.3943e+01,8.3438e+01,8.1985e+01,8.0940e+01,8.0663e+01,8.0758e+01,7.9927e+01,8.0162e+01,7.9577e+01,8.0068e+01,8.1035e+01,8.1636e+01,8.1169e+01,8.0672e+01,7.9622e+01,7.9002e+01,7.8670e+01,7.7826e+01,7.7593e+01,7.7231e+01,7.7172e+01,7.6746e+01,7.6860e+01,7.6308e+01,7.6176e+01,7.6780e+01,7.7265e+01,7.8029e+01,7.8264e+01
7.7241e+01,7.6549e+01,7.5946e+01,7.5229e+01,7.4328e+01,7.3968e+01,7.3744e+01,7.4496e+01,7.4934e+01,7.5873e+01,7.6182e+01,7.6835e+01,7.7432e+01,7.6592e+01,7.6991e+01,7.8199e+01,7.8641e+01,7.8879e+01,7.8819e+01,7.9198e+01,7.9516e+01,7.9341e+01,7.8986e+01,7.8831e+01,7.7590e+01,7.6990e+01,7.5862e+01,7.5071e+01,7.5459e+01,7.6106e+01,7.6667e+01,7.7155e+01,7.8487e+01,7.8665e+01,7.8987e+01,7.7926e+01,7.6743e+01,7.6058e+01,7.5645e+01,7.5365e+01,7.4573e+01,7.4724e+01,7.4092e+01,7.3485e+01,7.2880e+01,7.2568e+01,7.2594e+01,7.2320e+01,7.1979e+01,7.2019e+01,7.2285e+01,7.2585e+01,7.3049e+01,7.3616e+01,7.4047e+01,7.3607e+01,7.3020e+01,7.2878e+01,7.3004e+01,7.3399e+01,7.3862e+01,7.4103e+01,7.4903e+01,7.4991e+01,7.5137e+01,7.6205e+01,7.6645e+01,7.5956e+01,7.5453e+01,7.4510e+01,7.4480e+01,7.3722e+01,7.3496e+01,7.3652e+01,7.4460e+01,7.5085e+01,7.5379e+01,7.5397e+01,7.4594e+01,7.4411e+01,7.3884e+01,7.3168e+01,7.2871e+01,7.2660e+01,7.2304e+01,7.2760e+01,7.3118e+01,7.2704e+01,7.2312e+01,7.2495e+01,7.2769e+01,7.3059e+01,7.3755e+01,7.3960e+01,7.3409e+01,7.3352e+01,7.3550e+01,7.4203e+01,7.4198e+01,7.3397e+01,7.2884e+01,7.2481e+01,7.2459e+01,7.2579e+01,7.3174e+01,7.3390e+01,7.4061e+01,7.4701e+01,7.5116e+01,7.6085e+01,7.6509e+01,7.7136e+01,7.7316e+01,7.8161e+01,7.7860e+01,7.8445e+01,7.9304e+01,7.8645e+01,7.8398e+01,7.7496e+01,7.7692e+01,7.8442e+01,7.9115e+01,8.0482e+01,8.1198e+01,8.2713e+01,8.3409e+01,8.4603e+01,8.4976e+01,8.5904e+01,8.7153e+01,8.8742e+01,8.8165e+01,8.8053e+01,8.6514e+01,8.5602e+01,8.6802e+01,8.5899e+01,8.5629e+01,8.6207e+01,8.5314e+01,8.4952e+01,8.3849e+01,8.3657e+01,8.3156e+01,8.1694e+01,8.0647e+01,8.0372e+01,8.0467e+01,7.9629e+01,7.9865e+01,7.9273e+01,7.9763e+01,8.0738e+01,8.1343e+01,8.0870e+01,8.0374e+01,7.9318e+01,7.8691e+01,7.8355e+01,7.7506e+01,7.7268e+01,7.6908e+01,7.6849e+01,7.6426e+01,7.6542e+01,7.5991e+01,7.5863e+01,7.6467e+01,7.6952e+01,7.7722e+01,7.7956e+01
7.7016e+01,7.6325e+01,7.5719e+01,7.5001e+01,7.4094e+01,7.3736e+01,7.3512e+01,7.4271e+01,7.4713e+01,7.5657e+01,7.5966e+01,7.6624e+01,7.7222e+01,7.6375e+01,7.6771e+01,7.7985e+01,7.8428e+01,7.8664e+01,7.8605e+01,7.8988e+01,7.9309e+01,7.9134e+01,7.8777e+01,7.8620e+01,7.7374e+01,7.6771e+01,7.5637e+01,7.4844e+01,7.5232e+01,7.5884e+01,7.6450e+01,7.6941e+01,7.8277e+01,7.8456e+01,7.8780e+01,7.7716e+01,7.6529e+01,7.5841e+01,7.5425e+01,7.5142e+01,7.4345e+01,7.4494e+01,7.3856e+01,7.3246e+01,7.2639e+01,7.2327e+01,7.2356e+01,7.2080e+01,7.1734e+01,7.1771e+01,7.2043e+01,7.2342e+01,7.2815e+01,7.3384e+01,7.3822e+01,7.3381e+01,7.2787e+01,7.2645e+01,7.2769e+01,7.3165e+01,7.3628e+01,7.3868e+01,7.4671e+01,7.4755e+01,7.4899e+01,7.5971e+01,7.6411e+01,7.5719e+01,7.5213e+01,7.4266e+01,7.4232e+01,7.3471e+01,7.3248e+01,7.3408e+01,7.4220e+01,7.4848e+01,7.5146e+01,7.5165e+01,7.4360e+01,7.4174e+01,7.3643e+01,7.2923e+01,7.2621e+01,7.2409e+01,7.2049e+01,7.2504e+01,7.2863e+01,7.2447e+01,7.2052e+01,7.2232e+01,7.2500e+01,7.2792e+01,7.3486e+01,7.3694e+01,7.3147e+01,7.3093e+01,7.3298e+01,7.3956e+01,7.3955e+01,7.3151e+01,7.2635e+01,7.2227e+01,7.2205e+01,7.2329e+01,7.2927e+01,7.3139e+01,7.3813e+01,7.4459e+01,7.4879e+01,7.5854e+01,7.6280e+01,7.6915e+01,7.7097e+01,7.7944e+01,7.7637e+01,7.8224e+01,7.9082e+01,7.8417e+01,7.8169e+01,7.7263e+01,7.7461e+01,7.8214e+01,7.8891e+01,8.0263e+01,8.0982e+01,8.2501e+01,8.3200e+01,8.4397e+01,8.4771e+01,8.5702e+01,8.6954e+01,8.8548e+01,8.7968e+01,8.7856e+01,8.6313e+01,8.5397e+01,8.6601e+01,8.5695e+01,8.5425e+01,8.6005e+01,8.5110e+01,8.4748e+01,8.3641e+01,8.3448e+01,8.2945e+01,8.1479e+01,8.0431e+01,8.0155e+01,8.0249e+01,7.9408e+01,7.9644e+01,7.9050e+01,7.9542e+01,8.0521e+01,8.1128e+01,8.0653e+01,8.0155e+01,7.9094e+01,7.8464e+01,7.8128e+01,7.7276e+01,7.7035e+01,7.6675e+01,7.6616e+01,7.6194e+01,7.6311e+01,7.5759e+01,7.5632e+01,7.6235e+01,7.6722e+01,7.7496e+01,7.7729e+01
7.6602e+01,7.5910e+01,7.5303e+01,7.4582e+01,7.3663e+01,7.3307e+01,7.3085e+01,7.3859e+01,7.4310e+01,7.5264e+01,7.5573e+01,7.6244e+01,7.6845e+01,7.5987e+01,7.6380e+01,7.7603e+01,7.8049e+01,7.8279e+01,7.8223e+01,7.8617e+01,7.8947e+01,7.8777e+01,7.8415e+01,7.8250e+01,7.6991e+01,7.6378e+01,7.5232e+01,7.4429e+01,7.4817e+01,7.5479e+01,7.6058e+01,7.6558e+01,7.7908e+01,7.8093e+01,7.8427e+01,7.7351e+01,7.6150e+01,7.5456e+01,7.5028e+01,7.4740e+01,7.3928e+01,7.4073e+01,7.3420e+01,7.2803e+01,7.2191e+01,7.1877e+01,7.1914e+01,7.1631e+01,7.1271e+01,7.1300e+01,7.1581e+01,7.1877e+01,7.2364e+01,7.2938e+01,7.3393e+01,7.2952e+01,7.2346e+01,7.2206e+01,7.2326e+01,7.2729e+01,7.3190e+01,7.3430e+01,7.4239e+01,7.4315e+01,7.4455e+01,7.5537e+01,7.5978e+01,7.5280e+01,7.4763e+01,7.3806e+01,7.3763e+01,7.2997e+01,7.2779e+01,7.2951e+01,7.3773e+01,7.4407e+01,7.4717e+01,7.4740e+01,7.3927e+01,7.3729e+01,7.3188e+01,7.2458e+01,7.2144e+01,7.1933e+01,7.1564e+01,7.2015e+01,7.2372e+01,7.1951e+01,7.1553e+01,7.1728e+01,7.1986e+01,7.2284e+01,7.2974e+01,7.3190e+01,7.2651e+01,7.2601e+01,7.2820e+01,7.3487e+01,7.3493e+01,7.2684e+01,7.2164e+01,7.1744e+01,7.1723e+01,7.1857e+01,7.2460e+01,7.2663e+01,7.3345e+01,7.4003e+01,7.4434e+01,7.5419e+01,7.5852e+01,7.6503e+01,7.6690e+01,7.7539e+01,7.7222e+01,7.7818e+01,7.8676e+01,7.7999e+01,7.7751e+01,7.6832e+01,7.7029e+01,7.7795e+01,7.8483e+01,7.9864e+01,8.0592e+01,8.2120e+01,8.2827e+01,8.4029e+01,8.4402e+01,8.5340e+01,8.6599e+01,8.8202e+01,8.7618e+01,8.7502e+01,8.5950e+01,8.5026e+01,8.6235e+01,8.5321e+01,8.5047e+01,8.5629e+01,8.4728e+01,8.4360e+01,8.3247e+01,8.3057e+01,8.2555e+01,8.1077e+01,8.0026e+01,7.9749e+01,7.9844e+01,7.8993e+01,7.9230e+01,7.8625e+01,7.9113e+01,8.0100e+01,8.0711e+01,8.0229e+01,7.9734e+01,7.8666e+01,7.8024e+01,7.7683e+01,7.6823e+01,7.6574e+01,7.6216e+01,7.6157e+01,7.5737e+01,7.5857e+01,7.5304e+01,7.5185e+01,7.5789e+01,7.6277e+01,7.7060e+01,7.7300e+01
7.5972e+01,7.5283e+01,7.4681e+01,7.3966e+01,7.3032e+01,7.2682e+01,7.2473e+01,7.3268e+01,7.3738e+01,7.4699e+01,7.4998e+01,7.5681e+01,7.6277e+01,7.5402e+01,7.5785e+01,7.7019e+01,7.7462e+01,7.7683e+01,7.7627e+01,7.8037e+01,7.8381e+01,7.8218e+01,7.7848e+01,7.7669e+01,7.6393e+01,7.5772e+01,7.4613e+01,7.3799e+01,7.4180e+01,7.4851e+01,7.5447e+01,7.5954e+01,7.7323e+01,7.7519e+01,7.7870e+01,7.6780e+01,7.5561e+01,7.4863e+01,7.4421e+01,7.4134e+01,7.3305e+01,7.3446e+01,7.2776e+01,7.2159e+01,7.1546e+01,7.1242e+01,7.1292e+01,7.1013e+01,7.0643e+01,7.0671e+01,7.0973e+01,7.1279e+01,7.1790e+01,7.2372e+01,7.2848e+01,7.2396e+01,7.1765e+01,7.1616e+01,7.1723e+01,7.2121e+01,7.2576e+01,7.2804e+01,7.3614e+01,7.3678e+01,7.3805e+01,7.4892e+01,7.5329e+01,7.4622e+01,7.4092e+01,7.3128e+01,7.3077e+01,7.2314e+01,7.2098e+01,7.2281e+01,7.3111e+01,7.3745e+01,7.4069e+01,7.4091e+01,7.3269e+01,7.3057e+01,7.2509e+01,7.1774e+01,7.1452e+01,7.1251e+01,7.0884e+01,7.1330e+01,7.1676e+01,7.1252e+01,7.0862e+01,7.1041e+01,7.1301e+01,7.1608e+01,7.2293e+01,7.2523e+01,7.1991e+01,7.1958e+01,7.2188e+01,7.2873e+01,7.2899e+01,7.2079e+01,7.1544e+01,7.1107e+01,7.1074e+01,7.1208e+01,7.1813e+01,7.2001e+01,7.2691e+01,7.3358e+01,7.3806e+01,7.4802e+01,7.5233e+01,7.5905e+01,7.6089e+01,7.6936e+01,7.6601e+01,7.7202e+01,7.8058e+01,7.7364e+01,7.7113e+01,7.6183e+01,7.6372e+01,7.7147e+01,7.7850e+01,7.9239e+01,7.9977e+01,8.1513e+01,8.2230e+01,8.3435e+01,8.3807e+01,8.4758e+01,8.6024e+01,8.7639e+01,8.7047e+01,8.6925e+01,8.5364e+01,8.4430e+01,8.5643e+01,8.4721e+01,8.4439e+01,8.5024e+01,8.4121e+01,8.3744e+01,8.2629e+01,8.2446e+01,8.1946e+01,8.0454e+01,7.9402e+01,7.9119e+01,7.9207e+01,7.8343e+01,7.8575e+01,7.7960e+01,7.8446e+01,7.9442e+01,8.0054e+01,7.9562e+01,7.9068e+01,7.7995e+01,7.7345e+01,7.7002e+01,7.6140e+01,7.5891e+01,7.5540e+01,7.5489e+01,7.5078e+01,7.5209e+01,7.4666e+01,7.4552e+01,7.5150e+01,7.5639e+01,7.6426e+01,7.6673e+01
7.5491e+01,7.4804e+01,7.4204e+01,7.3490e+01,7.2548e+01,7.2201e+01,7.1997e+01,7.2802e+01,7.3280e+01,7.4247e+01,7.4545e+01,7.5236e+01,7.5834e+01,7.4948e+01,7.5329e+01,7.6572e+01,7.7016e+01,7.7233e+01,7.7178e+01,7.7598e+01,7.7948e+01,7.7788e+01,7.7415e+01,7.7231e+01,7.5943e+01,7.5313e+01,7.4144e+01,7.3325e+01,7.3705e+01,7.4385e+01,7.4993e+01,7.5508e+01,7.6892e+01,7.7091e+01,7.7448e+01,7.6346e+01,7.5116e+01,7.4413e+01,7.3960e+01,7.3669e+01,7.2830e+01,7.2966e+01,7.2286e+01,7.1666e+01,7.1054e+01,7.0755e+01,7.0814e+01,7.0535e+01,7.0160e+01,7.0185e+01,7.0499e+01,7.0808e+01,7.1334e+01,7.1916e+01,7.2404e+01,7.1947e+01,7.1302e+01,7.1150e+01,7.1248e+01,7.1645e+01,7.2095e+01,7.2319e+01,7.3130e+01,7.3189e+01,7.3310e+01,7.4403e+01,7.4838e+01,7.4126e+01,7.3587e+01,7.2618e+01,7.2560e+01,7.1797e+01,7.1585e+01,7.1776e+01,7.2611e+01,7.3247e+01,7.3581e+01,7.3605e+01,7.2779e+01,7.2558e+01,7.2003e+01,7.1263e+01,7.0935e+01,7.0736e+01,7.0368e+01,7.0811e+01,7.1151e+01,7.0726e+01,7.0340e+01,7.0520e+01,7.0777e+01,7.1090e+01,7.1770e+01,7.2009e+01,7.1483e+01,7.1459e+01,7.1697e+01,7.2393e+01,7.2427e+01,7.1601e+01,7.1059e+01,7.0613e+01,7.0574e+01,7.0710e+01,7.1317e+01,7.1497e+01,7.2192e+01,7.2865e+01,7.3324e+01,7.4329e+01,7.4760e+01,7.5444e+01,7.5627e+01,7.6474e+01,7.6129e+01,7.6733e+01,7.7588e+01,7.6883e+01,7.6631e+01,7.5693e+01,7.5877e+01,7.6659e+01,7.7372e+01,7.8768e+01,7.9514e+01,8.1058e+01,8.1782e+01,8.2990e+01,8.3361e+01,8.4321e+01,8.5596e+01,8.7220e+01,8.6622e+01,8.6496e+01,8.4928e+01,8.3986e+01,8.5205e+01,8.4277e+01,8.3989e+01,8.4579e+01,8.3672e+01,8.3289e+01,8.2171e+01,8.1994e+01,8.1495e+01,7.9990e+01,7.8936e+01,7.8650e+01,7.8735e+01,7.7863e+01,7.8095e+01,7.7472e+01,7.7953e+01,7.8955e+01,7.9569e+01,7.9072e+01,7.8582e+01,7.7503e+01,7.6841e+01,7.6495e+01,7.5629e+01,7.5374e+01,7.5030e+01,7.4982e+01,7.4579e+01,7.4717e+01,7.4179e+01,7.4070e+01,7.4665e+01,7.5155e+01,7.5955e+01,7.6205e+01
7.5041e+01,7.4359e+01,7.3761e+01,7.3052e+01,7.2094e+01,7.1754e+01,7.1557e+01,7.2384e+01,7.2875e+01,7.3852e+01,7.4145e+01,7.4852e+01,7.5451e+01,7.4549e+01,7.4922e+01,7.6175e+01,7.6619e+01,7.6826e+01,7.6775e+01,7.7212e+01,7.7573e+01,7.7422e+01,7.7043e+01,7.6848e+01,7.5542e+01,7.4900e+01,7.3717e+01,7.2887e+01,7.3264e+01,7.3956e+01,7.4582e+01,7.5108e+01,7.6512e+01,7.6719e+01,7.7089e+01,7.5972e+01,7.4725e+01,7.4015e+01,7.3547e+01,7.3252e+01,7.2393e+01,7.2523e+01,7.1824e+01,7.1199e+01,7.0584e+01,7.0289e+01,7.0360e+01,7.0077e+01,6.9688e+01,6.9707e+01,7.0037e+01,7.0349e+01,7.0894e+01,7.1482e+01,7.1987e+01,7.1526e+01,7.0864e+01,7.0711e+01,7.0800e+01,7.1200e+01,7.1645e+01,7.1863e+01,7.2677e+01,7.2724e+01,7.2834e+01,7.3934e+01,7.4366e+01,7.3648e+01,7.3096e+01,7.2118e+01,7.2049e+01,7.1285e+01,7.1078e+01,7.1284e+01,7.2130e+01,7.2770e+01,7.3121e+01,7.3147e+01,7.2311e+01,7.2075e+01,7.1508e+01,7.0757e+01,7.0416e+01,7.0224e+01,6.9851e+01,7.0290e+01,7.0622e+01,7.0192e+01,6.9807e+01,6.9988e+01,7.0242e+01,7.0567e+01,7.1242e+01,7.1496e+01,7.0977e+01,7.0965e+01,7.1218e+01,7.1930e+01,7.1975e+01,7.1139e+01,7.0586e+01,7.0123e+01,7.0078e+01,7.0221e+01,7.0834e+01,7.0999e+01,7.1703e+01,7.2388e+01,7.2864e+01,7.3880e+01,7.4313e+01,7.5015e+01,7.5199e+01,7.6045e+01,7.5684e+01,7.6295e+01,7.7145e+01,7.6423e+01,7.6174e+01,7.5226e+01,7.5404e+01,7.6195e+01,7.6922e+01,7.8327e+01,7.9085e+01,8.0636e+01,8.1371e+01,8.2581e+01,8.2950e+01,8.3921e+01,8.5202e+01,8.6835e+01,8.6231e+01,8.6097e+01,8.4522e+01,8.3569e+01,8.4791e+01,8.3854e+01,8.3559e+01,8.4149e+01,8.3239e+01,8.2849e+01,8.1729e+01,8.1560e+01,8.1063e+01,7.9546e+01,7.8492e+01,7.8201e+01,7.8281e+01,7.7397e+01,7.7624e+01,7.6990e+01,7.7469e+01,7.8479e+01,7.9093e+01,7.8587e+01,7.8100e+01,7.7014e+01,7.6341e+01,7.5993e+01,7.5125e+01,7.4869e+01,7.4532e+01,7.4492e+01,7.4099e+01,7.4251e+01,7.3717e+01,7.3616e+01,7.4204e+01,7.4696e+01,7.5504e+01,7.5762e+01
7.4177e+01,7.3494e+01,7.2893e+01,7.2180e+01,7.1200e+01,7.0863e+01,7.0670e+01,7.1524e+01,7.2031e+01,7.3024e+01,7.3318e+01,7.4046e+01,7.4652e+01,7.3731e+01,7.4099e+01,7.5372e+01,7.5823e+01,7.6024e+01,7.5976e+01,7.6430e+01,7.6803e+01,7.6655e+01,7.6269e+01,7.6064e+01,7.4732e+01,7.4075e+01,7.2867e+01,7.2017e+01,7.2394e+01,7.3104e+01,7.3752e+01,7.4292e+01,7.5729e+01,7.5944e+01,7.6328e+01,7.5188e+01,7.3913e+01,7.3191e+01,7.2704e+01,7.2403e+01,7.1519e+01,7.1646e+01,7.0921e+01,7.0284e+01,6.9658e+01,6.9363e+01,6.9447e+01,6.9156e+01,6.8748e+01,6.8761e+01,6.9108e+01,6.9423e+01,6.9992e+01,7.0587e+01,7.1116e+01,7.0650e+01,6.9965e+01,6.9812e+01,6.9893e+01,7.0300e+01,7.0745e+01,7.0960e+01,7.1786e+01,7.1820e+01,7.1926e+01,7.3042e+01,7.3476e+01,7.2747e+01,7.2177e+01,7.1181e+01,7.1097e+01,7.0325e+01,7.0123e+01,7.0346e+01,7.1212e+01,7.1863e+01,7.2235e+01,7.2265e+01,7.1410e+01,7.1156e+01,7.0573e+01,6.9803e+01,6.9446e+01,6.9257e+01,6.8875e+01,6.9313e+01,6.9642e+01,6.9204e+01,6.8817e+01,6.8998e+01,6.9248e+01,6.9579e+01,7.0253e+01,7.0517e+01,7.0004e+01,7.0001e+01,7.0266e+01,7.0991e+01,7.1050e+01,7.0205e+01,6.9643e+01,6.9164e+01,6.9115e+01,6.9266e+01,6.9887e+01,7.0041e+01,7.0756e+01,7.1461e+01,7.1951e+01,7.2985e+01,7.3432e+01,7.4160e+01,7.4353e+01,7.5206e+01,7.4829e+01,7.5454e+01,7.6307e+01,7.5563e+01,7.5314e+01,7.4344e+01,7.4522e+01,7.5335e+01,7.6082e+01,7.7508e+01,7.8283e+01,7.9853e+01,8.0602e+01,8.1826e+01,8.2192e+01,8.3176e+01,8.4466e+01,8.6118e+01,8.5509e+01,8.5369e+01,8.3775e+01,8.2808e+01,8.4037e+01,8.3085e+01,8.2784e+01,8.3375e+01,8.2452e+01,8.2050e+01,8.0917e+01,8.0752e+01,8.0257e+01,7.8717e+01,7.7654e+01,7.7362e+01,7.7439e+01,7.6535e+01,7.6764e+01,7.6110e+01,7.6583e+01,7.7611e+01,7.8235e+01,7.7715e+01,7.7231e+01,7.6128e+01,7.5435e+01,7.5080e+01,7.4197e+01,7.3932e+01,7.3598e+01,7.3560e+01,7.3170e+01,7.3329e+01,7.2792e+01,7.2699e+01,7.3290e+01,7.3790e+01,7.4616e+01,7.4889e+01
7.3422e+01,7.2734e+01,7.2130e+01,7.1413e+01,7.0421e+01,7.0085e+01,6.9895e+01,7.0767e+01,7.1286e+01,7.2289e+01,7.2581e+01,7.3322e+01,7.3932e+01,7.2995e+01,7.3361e+01,7.4649e+01,7.5105e+01,7.5306e+01,7.5259e+01,7.5721e+01,7.6100e+01,7.5953e+01,7.5563e+01,7.5354e+01,7.4005e+01,7.3337e+01,7.2113e+01,7.1254e+01,7.1635e+01,7.2357e+01,7.3019e+01,7.3571e+01,7.5030e+01,7.5244e+01,7.5634e+01,7.4477e+01,7.3186e+01,7.2454e+01,7.1956e+01,7.1651e+01,7.0751e+01,7.0875e+01,7.0136e+01,6.9492e+01,6.8861e+01,6.8568e+01,6.8660e+01,6.8368e+01,6.7953e+01,6.7963e+01,6.8323e+01,6.8644e+01,6.9229e+01,6.9828e+01,7.0373e+01,6.9899e+01,6.9197e+01,6.9039e+01,6.9113e+01,6.9522e+01,6.9963e+01,7.0176e+01,7.1009e+01,7.1037e+01,7.1140e+01,7.2267e+01,7.2705e+01,7.1968e+01,7.1390e+01,7.0383e+01,7.0294e+01,6.9516e+01,6.9316e+01,6.9546e+01,7.0421e+01,7.1081e+01,7.1463e+01,7.1496e+01,7.0632e+01,7.0371e+01,6.9777e+01,6.8999e+01,6.8636e+01,6.8445e+01,6.8060e+01,6.8497e+01,6.8828e+01,6.8389e+01,6.8002e+01,6.8182e+01,6.8435e+01,6.8766e+01,6.9440e+01,6.9706e+01,6.9192e+01,6.9195e+01,6.9464e+01,7.0197e+01,7.0265e+01,6.9416e+01,6.8847e+01,6.8360e+01,6.8306e+01,6.8459e+01,6.9083e+01,6.9230e+01,6.9950e+01,7.0665e+01,7.1164e+01,7.2211e+01,7.2668e+01,7.3411e+01,7.3610e+01,7.4471e+01,7.4083e+01,7.4717e+01,7.5576e+01,7.4817e+01,7.4568e+01,7.3584e+01,7.3767e+01,7.4593e+01,7.5351e+01,7.6795e+01,7.7578e+01,7.9166e+01,7.9920e+01,8.1157e+01,8.1528e+01,8.2518e+01,8.3818e+01,8.5480e+01,8.4870e+01,8.4730e+01,8.3124e+01,8.2151e+01,8.3394e+01,8.2435e+01,8.2134e+01,8.2732e+01,8.1800e+01,8.1395e+01,8.0250e+01,8.0082e+01,7.9579e+01,7.8019e+01,7.6943e+01,7.6647e+01,7.6726e+01,7.5811e+01,7.6043e+01,7.5381e+01,7.5856e+01,7.6896e+01,7.7528e+01,7.7001e+01,7.6516e+01,7.5400e+01,7.4697e+01,7.4338e+01,7.3444e+01,7.3175e+01,7.2833e+01,7.2793e+01,7.2396e+01,7.2559e+01,7.2012e+01,7.1916e+01,7.2510e+01,7.3014e+01,7.3854e+01,7.4136e+01
7.3031e+01,7.2345e+01,7.1743e+01,7.1029e+01,7.0026e+01,6.9694e+01,6.9507e+01,7.0395e+01,7.0921e+01,7.1932e+01,7.2223e+01,7.2975e+01,7.3588e+01,7.2641e+01,7.3002e+01,7.4298e+01,7.4755e+01,7.4950e+01,7.4905e+01,7.5379e+01,7.5765e+01,7.5622e+01,7.5228e+01,7.5012e+01,7.3651e+01,7.2976e+01,7.1741e+01,7.0874e+01,7.1253e+01,7.1984e+01,7.2660e+01,7.3222e+01,7.4694e+01,7.4913e+01,7.5313e+01,7.4145e+01,7.2842e+01,7.2103e+01,7.1594e+01,7.1285e+01,7.0370e+01,7.0490e+01,6.9736e+01,6.9086e+01,6.8452e+01,6.8158e+01,6.8260e+01,6.7960e+01,6.7535e+01,6.7539e+01,6.7906e+01,6.8224e+01,6.8821e+01,6.9419e+01,6.9979e+01,6.9507e+01,6.8794e+01,6.8640e+01,6.8708e+01,6.9123e+01,6.9563e+01,6.9775e+01,7.0612e+01,7.0632e+01,7.0730e+01,7.1864e+01,7.2300e+01,7.1557e+01,7.0969e+01,6.9955e+01,6.9856e+01,6.9077e+01,6.8883e+01,6.9124e+01,7.0007e+01,7.0672e+01,7.1067e+01,7.1103e+01,7.0233e+01,6.9960e+01,6.9357e+01,6.8572e+01,6.8199e+01,6.8011e+01,6.7621e+01,6.8054e+01,6.8381e+01,6.7942e+01,6.7556e+01,6.7733e+01,6.7982e+01,6.8314e+01,6.8985e+01,6.9255e+01,6.8746e+01,6.8752e+01,6.9026e+01,6.9763e+01,6.9836e+01,6.8987e+01,6.8416e+01,6.7924e+01,6.7869e+01,6.8028e+01,6.8655e+01,6.8794e+01,6.9520e+01,7.0246e+01,7.0753e+01,7.1810e+01,7.2275e+01,7.3032e+01,7.3234e+01,7.4097e+01,7.3699e+01,7.4337e+01,7.5194e+01,7.4421e+01,7.4172e+01,7.3176e+01,7.3356e+01,7.4195e+01,7.4966e+01,7.6418e+01,7.7212e+01,7.8806e+01,7.9570e+01,8.0811e+01,8.1180e+01,8.2176e+01,8.3478e+01,8.5148e+01,8.4537e+01,8.4393e+01,8.2779e+01,8.1798e+01,8.3041e+01,8.2072e+01,8.1766e+01,8.2363e+01,8.1424e+01,8.1008e+01,7.9858e+01,7.9695e+01,7.9197e+01,7.7626e+01,7.6548e+01,7.6253e+01,7.6328e+01,7.5401e+01,7.5634e+01,7.4960e+01,7.5429e+01,7.6478e+01,7.7115e+01,7.6579e+01,7.6099e+01,7.4975e+01,7.4263e+01,7.3901e+01,7.3004e+01,7.2732e+01,7.2395e+01,7.2357e+01,7.1965e+01,7.2134e+01,7.1584e+01,7.1495e+01,7.2091e+01,7.2600e+01,7.3453e+01,7.3744e+01
7.2407e+01,7.1722e+01,7.1119e+01,7.0404e+01,6.9382e+01,6.9055e+01,6.8873e+01,6.9787e+01,7.0328e+01,7.1352e+01,7.1642e+01,7.2414e+01,7.3031e+01,7.2068e+01,7.2422e+01,7.3733e+01,7.4193e+01,7.4381e+01,7.4338e+01,7.4828e+01,7.5226e+01,7.5089e+01,7.4691e+01,7.4464e+01,7.3081e+01,7.2392e+01,7.1137e+01,7.0254e+01,7.0631e+01,7.1379e+01,7.2081e+01,7.2659e+01,7.4158e+01,7.4385e+01,7.4800e+01,7.3610e+01,7.2286e+01,7.1535e+01,7.1004e+01,7.0688e+01,6.9748e+01,6.9861e+01,6.9083e+01,6.8422e+01,6.7780e+01,6.7486e+01,6.7604e+01,6.7295e+01,6.6850e+01,6.6844e+01,6.7230e+01,6.7549e+01,6.8172e+01,6.8776e+01,6.9363e+01,6.8886e+01,6.8149e+01,6.7996e+01,6.8055e+01,6.8476e+01,6.8913e+01,6.9122e+01,6.9969e+01,6.9977e+01,7.0069e+01,7.1217e+01,7.1654e+01,7.0901e+01,7.0297e+01,6.9267e+01,6.9155e+01,6.8368e+01,6.8178e+01,6.8436e+01,6.9337e+01,7.0011e+01,7.0425e+01,7.0466e+01,6.9580e+01,6.9287e+01,6.8669e+01,6.7866e+01,6.7477e+01,6.7293e+01,6.6893e+01,6.7326e+01,6.7650e+01,6.7202e+01,6.6813e+01,6.6989e+01,6.7233e+01,6.7571e+01,6.8241e+01,6.8518e+01,6.8015e+01,6.8029e+01,6.8317e+01,6.9066e+01,6.9154e+01,6.8298e+01,6.7721e+01,6.7211e+01,6.7153e+01,6.7324e+01,6.7960e+01,6.8086e+01,6.8823e+01,6.9569e+01,7.0092e+01,7.1168e+01,7.1644e+01,7.2424e+01,7.2630e+01,7.3498e+01,7.3086e+01,7.3734e+01,7.4593e+01,7.3802e+01,7.3554e+01,7.2540e+01,7.2718e+01,7.3572e+01,7.4359e+01,7.5827e+01,7.6634e+01,7.8242e+01,7.9016e+01,8.0267e+01,8.0635e+01,8.1643e+01,8.2953e+01,8.4638e+01,8.4021e+01,8.3872e+01,8.2244e+01,8.1250e+01,8.2500e+01,8.1519e+01,8.1206e+01,8.1803e+01,8.0854e+01,8.0428e+01,7.9267e+01,7.9108e+01,7.8612e+01,7.7024e+01,7.5940e+01,7.5641e+01,7.5714e+01,7.4770e+01,7.5002e+01,7.4312e+01,7.4779e+01,7.5842e+01,7.6485e+01,7.5938e+01,7.5460e+01,7.4321e+01,7.3591e+01,7.3225e+01,7.2316e+01,7.2038e+01,7.1702e+01,7.1666e+01,7.1275e+01,7.1453e+01,7.0896e+01,7.0816e+01,7.1414e+01,7.1930e+01,7.2800e+01,7.3104e+01
7.1826e+01,7.1136e+01,7.0539e+01,6.9820e+01,6.8782e+01,6.8451e+01,6.8273e+01,6.9207e+01,6.9762e+01,7.0799e+01,7.1088e+01,7.1869e+01,7.2490e+01,7.1510e+01,7.1863e+01,7.3189e+01,7.3649e+01,7.3834e+01,7.3787e+01,7.4284e+01,7.4691e+01,7.4551e+01,7.4144e+01,7.3912e+01,7.2513e+01,7.1820e+01,7.0548e+01,6.9647e+01,7.0021e+01,7.0777e+01,7.1492e+01,7.2076e+01,7.3596e+01,7.3830e+01,7.4253e+01,7.3052e+01,7.1708e+01,7.0952e+01,7.0413e+01,7.0098e+01,6.9144e+01,6.9263e+01,6.8467e+01,6.7800e+01,6.7147e+01,6.6855e+01,6.6977e+01,6.6666e+01,6.6206e+01,6.6200e+01,6.6602e+01,6.6928e+01,6.7571e+01,6.8188e+01,6.8790e+01,6.8305e+01,6.7550e+01,6.7391e+01,6.7449e+01,6.7876e+01,6.8317e+01,6.8522e+01,6.9382e+01,6.9387e+01,6.9471e+01,7.0636e+01,7.1073e+01,7.0304e+01,6.9681e+01,6.8634e+01,6.8516e+01,6.7720e+01,6.7527e+01,6.7795e+01,6.8715e+01,6.9394e+01,6.9819e+01,6.9854e+01,6.8951e+01,6.8645e+01,6.8019e+01,6.7200e+01,6.6801e+01,6.6626e+01,6.6218e+01,6.6658e+01,6.6977e+01,6.6514e+01,6.6123e+01,6.6304e+01,6.6543e+01,6.6896e+01,6.7566e+01,6.7856e+01,6.7361e+01,6.7383e+01,6.7690e+01,6.8457e+01,6.8553e+01,6.7683e+01,6.7094e+01,6.6563e+01,6.6503e+01,6.6682e+01,6.7333e+01,6.7447e+01,6.8201e+01,6.8966e+01,6.9507e+01,7.0602e+01,7.1084e+01,7.1881e+01,7.2089e+01,7.2962e+01,7.2538e+01,7.3192e+01,7.4054e+01,7.3248e+01,7.2993e+01,7.1963e+01,7.2134e+01,7.2998e+01,7.3800e+01,7.5280e+01,7.6091e+01,7.7713e+01,7.8490e+01,7.9746e+01,8.0121e+01,8.1138e+01,8.2460e+01,8.4151e+01,8.3528e+01,8.3380e+01,8.1746e+01,8.0747e+01,8.2009e+01,8.1022e+01,8.0702e+01,8.1306e+01,8.0353e+01,7.9919e+01,7.8751e+01,7.8597e+01,7.8099e+01,7.6491e+01,7.5398e+01,7.5091e+01,7.5155e+01,7.4194e+01,7.4422e+01,7.3716e+01,7.4183e+01,7.5265e+01,7.5913e+01,7.5351e+01,7.4869e+01,7.3710e+01,7.2962e+01,7.2594e+01,7.1672e+01,7.1390e+01,7.1058e+01,7.1029e+01,7.0643e+01,7.0836e+01,7.0273e+01,7.0201e+01,7.0804e+01,7.1329e+01,7.2220e+01,7.2536e+01
7.1434e+01,7.0741e+01,7.0146e+01,6.9421e+01,6.8366e+01,6.8032e+01,6.7852e+01,6.8803e+01,6.9364e+01,7.0416e+01,7.0711e+01,7.1504e+01,7.2132e+01,7.1142e+01,7.1496e+01,7.2837e+01,7.3300e+01,7.3484e+01,7.3434e+01,7.3940e+01,7.4352e+01,7.4211e+01,7.3799e+01,7.3563e+01,7.2148e+01,7.1447e+01,7.0157e+01,6.9241e+01,6.9614e+01,7.0378e+01,7.1108e+01,7.1698e+01,7.3235e+01,7.3478e+01,7.3911e+01,7.2698e+01,7.1338e+01,7.0573e+01,7.0024e+01,6.9706e+01,6.8736e+01,6.8856e+01,6.8041e+01,6.7363e+01,6.6697e+01,6.6401e+01,6.6529e+01,6.6207e+01,6.5727e+01,6.5712e+01,6.6124e+01,6.6445e+01,6.7101e+01,6.7726e+01,6.8343e+01,6.7860e+01,6.7097e+01,6.6943e+01,6.7004e+01,6.7443e+01,6.7891e+01,6.8098e+01,6.8974e+01,6.8973e+01,6.9054e+01,7.0237e+01,7.0677e+01,6.9894e+01,6.9254e+01,6.8187e+01,6.8058e+01,6.7249e+01,6.7057e+01,6.7341e+01,6.8283e+01,6.8971e+01,6.9409e+01,6.9442e+01,6.8521e+01,6.8199e+01,6.7561e+01,6.6720e+01,6.6305e+01,6.6136e+01,6.5712e+01,6.6157e+01,6.6476e+01,6.5995e+01,6.5596e+01,6.5777e+01,6.6006e+01,6.6368e+01,6.7040e+01,6.7340e+01,6.6854e+01,6.6877e+01,6.7205e+01,6.7982e+01,6.8076e+01,6.7199e+01,6.6609e+01,6.6061e+01,6.6007e+01,6.6203e+01,6.6871e+01,6.6977e+01,6.7748e+01,6.8535e+01,6.9091e+01,7.0206e+01,7.0698e+01,7.1511e+01,7.1722e+01,7.2602e+01,7.2170e+01,7.2833e+01,7.3700e+01,7.2878e+01,7.2621e+01,7.1573e+01,7.1737e+01,7.2614e+01,7.3434e+01,7.4926e+01,7.5746e+01,7.7381e+01,7.8163e+01,7.9425e+01,7.9802e+01,8.0831e+01,8.2162e+01,8.3862e+01,8.3232e+01,8.3081e+01,8.1438e+01,8.0430e+01,8.1697e+01,8.0701e+01,8.0372e+01,8.0978e+01,8.0019e+01,7.9575e+01,7.8400e+01,7.8250e+01,7.7753e+01,7.6126e+01,7.5025e+01,7.4713e+01,7.4771e+01,7.3790e+01,7.4013e+01,7.3287e+01,7.3750e+01,7.4852e+01,7.5506e+01,7.4925e+01,7.4445e+01,7.3267e+01,7.2496e+01,7.2123e+01,7.1188e+01,7.0896e+01,7.0573e+01,7.0547e+01,7.0169e+01,7.0368e+01,6.9803e+01,6.9746e+01,7.0355e+01,7.0890e+01,7.1800e+01,7.2127e+01
7.1084e+01,7.0395e+01,6.9807e+01,6.9083e+01,6.8012e+01,6.7681e+01,6.7508e+01,6.8481e+01,6.9056e+01,7.0119e+01,7.0412e+01,7.1216e+01,7.1846e+01,7.0839e+01,7.1185e+01,7.2539e+01,7.2999e+01,7.3174e+01,7.3120e+01,7.3639e+01,7.4063e+01,7.3925e+01,7.3504e+01,7.3255e+01,7.1828e+01,7.1123e+01,6.9817e+01,6.8885e+01,6.9247e+01,7.0018e+01,7.0766e+01,7.1361e+01,7.2911e+01,7.3170e+01,7.3618e+01,7.2399e+01,7.1024e+01,7.0259e+01,6.9695e+01,6.9378e+01,6.8389e+01,6.8507e+01,6.7670e+01,6.6987e+01,6.6313e+01,6.6021e+01,6.6163e+01,6.5835e+01,6.5334e+01,6.5313e+01,6.5746e+01,6.6070e+01,6.6749e+01,6.7385e+01,6.8020e+01,6.7533e+01,6.6751e+01,6.6596e+01,6.6651e+01,6.7096e+01,6.7543e+01,6.7743e+01,6.8627e+01,6.8617e+01,6.8686e+01,6.9882e+01,7.0317e+01,6.9519e+01,6.8856e+01,6.7774e+01,6.7633e+01,6.6819e+01,6.6629e+01,6.6931e+01,6.7891e+01,6.8581e+01,6.9037e+01,6.9066e+01,6.8129e+01,6.7783e+01,6.7137e+01,6.6279e+01,6.5849e+01,6.5694e+01,6.5262e+01,6.5708e+01,6.6015e+01,6.5518e+01,6.5121e+01,6.5306e+01,6.5527e+01,6.5906e+01,6.6572e+01,6.6889e+01,6.6417e+01,6.6453e+01,6.6806e+01,6.7604e+01,6.7709e+01,6.6821e+01,6.6220e+01,6.5648e+01,6.5589e+01,6.5797e+01,6.6479e+01,6.6565e+01,6.7352e+01,6.8162e+01,6.8738e+01,6.9871e+01,7.0369e+01,7.1203e+01,7.1415e+01,7.2298e+01,7.1850e+01,7.2519e+01,7.3384e+01,7.2544e+01,7.2283e+01,7.1216e+01,7.1371e+01,7.2262e+01,7.3101e+01,7.4604e+01,7.5432e+01,7.7079e+01,7.7866e+01,7.9131e+01,7.9514e+01,8.0555e+01,8.1897e+01,8.3605e+01,8.2965e+01,8.2811e+01,8.1163e+01,8.0145e+01,8.1419e+01,8.0415e+01,8.0073e+01,8.0680e+01,7.9719e+01,7.9261e+01,7.8085e+01,7.7945e+01,7.7451e+01,7.5807e+01,7.4702e+01,7.4382e+01,7.4429e+01,7.3427e+01,7.3640e+01,7.2895e+01,7.3358e+01,7.4479e+01,7.5135e+01,7.4534e+01,7.4052e+01,7.2856e+01,7.2066e+01,7.1693e+01,7.0750e+01,7.0456e+01,7.0143e+01,7.0126e+01,6.9759e+01,6.9976e+01,6.9410e+01,6.9366e+01,6.9973e+01,7.0516e+01,7.1445e+01,7.1786e+01
7.0786e+01,7.0099e+01,6.9520e+01,6.8800e+01,6.7714e+01,6.7385e+01,6.7221e+01,6.8215e+01,6.8806e+01,6.9876e+01,7.0162e+01,7.0976e+01,7.1604e+01,7.0581e+01,7.0918e+01,7.2281e+01,7.2736e+01,7.2901e+01,7.2843e+01,7.3374e+01,7.3811e+01,7.3677e+01,7.3246e+01,7.2985e+01,7.1548e+01,7.0840e+01,6.9522e+01,6.8575e+01,6.8924e+01,6.9698e+01,7.0464e+01,7.1061e+01,7.2622e+01,7.2897e+01,7.3364e+01,7.2141e+01,7.0752e+01,6.9990e+01,6.9411e+01,6.9098e+01,6.8094e+01,6.8210e+01,6.7351e+01,6.6667e+01,6.5984e+01,6.5699e+01,6.5851e+01,6.5519e+01,6.4997e+01,6.4974e+01,6.5430e+01,6.5761e+01,6.6464e+01,6.7116e+01,6.7769e+01,6.7275e+01,6.6473e+01,6.6312e+01,6.6363e+01,6.6811e+01,6.7257e+01,6.7448e+01,6.8338e+01,6.8319e+01,6.8374e+01,6.9579e+01,7.0006e+01,6.9195e+01,6.8512e+01,6.7415e+01,6.7263e+01,6.6449e+01,6.6257e+01,6.6575e+01,6.7552e+01,6.8241e+01,6.8714e+01,6.8736e+01,6.7783e+01,6.7413e+01,6.6762e+01,6.5888e+01,6.5444e+01,6.5309e+01,6.4870e+01,6.5320e+01,6.5611e+01,6.5094e+01,6.4700e+01,6.4894e+01,6.5107e+01,6.5508e+01,6.6166e+01,6.6508e+01,6.6054e+01,6.6109e+01,6.6487e+01,6.7307e+01,6.7423e+01,6.6519e+01,6.5903e+01,6.5303e+01,6.5237e+01,6.5455e+01,6.6152e+01,6.6218e+01,6.7024e+01,6.7851e+01,6.8450e+01,6.9596e+01,7.0096e+01,7.0948e+01,7.1159e+01,7.2039e+01,7.1575e+01,7.2248e+01,7.3109e+01,7.2250e+01,7.1986e+01,7.0901e+01,7.1046e+01,7.1949e+01,7.2806e+01,7.4317e+01,7.5153e+01,7.6807e+01,7.7598e+01,7.8864e+01,7.9249e+01,8.0299e+01,8.1648e+01,8.3360e+01,8.2713e+01,8.2558e+01,8.0907e+01,7.9881e+01,8.1158e+01,8.0146e+01,7.9795e+01,8.0400e+01,7.9436e+01,7.8966e+01,7.7788e+01,7.7656e+01,7.7169e+01,7.5514e+01,7.4409e+01,7.4084e+01,7.4119e+01,7.3099e+01,7.3303e+01,7.2539e+01,7.2999e+01,7.4139e+01,7.4797e+01,7.4176e+01,7.3692e+01,7.2477e+01,7.1667e+01,7.1294e+01,7.0343e+01,7.0048e+01,6.9747e+01,6.9742e+01,6.9386e+01,6.9624e+01,6.9059e+01,6.9028e+01,6.9631e+01,7.0185e+01,7.1128e+01,7.1474e+01
7.0635e+01,6.9957e+01,6.9386e+01,6.8670e+01,6.7571e+01,6.7247e+01,6.7091e+01,6.8100e+01,6.8702e+01,6.9776e+01,7.0058e+01,7.0882e+01,7.1508e+01,7.0473e+01,7.0800e+01,7.2169e+01,7.2620e+01,7.2774e+01,7.2712e+01,7.3253e+01,7.3702e+01,7.3571e+01,7.3130e+01,7.2858e+01,7.1417e+01,7.0709e+01,6.9381e+01,6.8423e+01,6.8760e+01,6.9534e+01,7.0312e+01,7.0906e+01,7.2470e+01,7.2762e+01,7.3246e+01,7.2024e+01,7.0626e+01,6.9870e+01,6.9280e+01,6.8972e+01,6.7957e+01,6.8070e+01,6.7195e+01,6.6508e+01,6.5822e+01,6.5542e+01,6.5706e+01,6.5371e+01,6.4829e+01,6.4801e+01,6.5274e+01,6.5606e+01,6.6331e+01,6.6992e+01,6.7662e+01,6.7164e+01,6.6346e+01,6.6183e+01,6.6229e+01,6.6680e+01,6.7122e+01,6.7306e+01,6.8200e+01,6.8171e+01,6.8214e+01,6.9427e+01,6.9849e+01,6.9028e+01,6.8327e+01,6.7220e+01,6.7055e+01,6.6240e+01,6.6050e+01,6.6385e+01,6.7375e+01,6.8064e+01,6.8551e+01,6.8568e+01,6.7603e+01,6.7214e+01,6.6559e+01,6.5673e+01,6.5216e+01,6.5097e+01,6.4651e+01,6.5099e+01,6.5377e+01,6.4847e+01,6.4455e+01,6.4651e+01,6.4852e+01,6.5269e+01,6.5918e+01,6.6279e+01,6.5843e+01,6.5911e+01,6.6311e+01,6.7147e+01,6.7272e+01,6.6361e+01,6.5736e+01,6.5115e+01,6.5046e+01,6.5274e+01,6.5981e+01,6.6028e+01,6.6846e+01,6.7687e+01,6.8303e+01,6.9459e+01,6.9960e+01,7.0831e+01,7.1043e+01,7.1920e+01,7.1443e+01,7.2122e+01,7.2978e+01,7.2103e+01,7.1838e+01,7.0739e+01,7.0873e+01,7.1790e+01,7.2665e+01,7.4182e+01,7.5025e+01,7.6685e+01,7.7482e+01,7.8747e+01,7.9133e+01,8.0196e+01,8.1552e+01,8.3271e+01,8.2615e+01,8.2452e+01,8.0797e+01,7.9759e+01,8.1034e+01,8.0011e+01,7.9647e+01,8.0246e+01,7.9278e+01,7.8791e+01,7.7612e+01,7.7488e+01,7.7010e+01,7.5342e+01,7.4237e+01,7.3910e+01,7.3938e+01,7.2900e+01,7.3097e+01,7.2317e+01,7.2773e+01,7.3927e+01,7.4587e+01,7.3949e+01,7.3468e+01,7.2240e+01,7.1411e+01,7.1036e+01,7.0079e+01,6.9778e+01,6.9493e+01,6.9494e+01,6.9153e+01,6.9404e+01,6.8847e+01,6.8833e+01,6.9430e+01,6.9985e+01,7.0939e+01,7.1284e+01
7.0386e+01,6.9713e+01,6.9154e+01,6.8444e+01,6.7325e+01,6.7006e+01,6.6861e+01,6.7896e+01,6.8517e+01,6.9602e+01,6.9876e+01,7.0712e+01,7.1335e+01,7.0282e+01,7.0595e+01,7.1973e+01,7.2417e+01,7.2556e+01,7.2491e+01,7.3049e+01,7.3515e+01,7.3391e+01,7.2937e+01,7.2650e+01,7.1198e+01,7.0486e+01,6.9144e+01,6.8169e+01,6.8491e+01,6.9270e+01,7.0068e+01,7.0662e+01,7.2237e+01,7.2550e+01,7.3055e+01,7.1831e+01,7.0417e+01,6.9665e+01,6.9058e+01,6.8754e+01,6.7718e+01,6.7829e+01,6.6927e+01,6.6236e+01,6.5539e+01,6.5264e+01,6.5442e+01,6.5098e+01,6.4526e+01,6.4492e+01,6.4992e+01,6.5329e+01,6.6083e+01,6.6766e+01,6.7461e+01,6.6955e+01,6.6112e+01,6.5946e+01,6.5989e+01,6.6447e+01,6.6889e+01,6.7062e+01,6.7964e+01,6.7922e+01,6.7948e+01,6.9171e+01,6.9585e+01,6.8748e+01,6.8020e+01,6.6896e+01,6.6715e+01,6.5898e+01,6.5709e+01,6.6068e+01,6.7079e+01,6.7767e+01,6.8277e+01,6.8288e+01,6.7306e+01,6.6886e+01,6.6222e+01,6.5314e+01,6.4835e+01,6.4739e+01,6.4281e+01,6.4730e+01,6.4990e+01,6.4434e+01,6.4045e+01,6.4246e+01,6.4433e+01,6.4879e+01,6.5521e+01,6.5913e+01,6.5498e+01,6.5586e+01,6.6019e+01,6.6884e+01,6.7023e+01,6.6091e+01,6.5449e+01,6.4793e+01,6.4718e+01,6.4963e+01,6.5689e+01,6.5711e+01,6.6553e+01,6.7418e+01,6.8061e+01,6.9236e+01,6.9739e+01,7.0636e+01,7.0847e+01,7.1719e+01,7.1220e+01,7.1906e+01,7.2754e+01,7.1855e+01,7.1587e+01,7.0466e+01,7.0586e+01,7.1520e+01,7.2418e+01,7.3943e+01,7.4797e+01,7.6464e+01,7.7269e+01,7.8534e+01,7.8920e+01,7.9998e+01,8.1361e+01,8.3089e+01,8.2422e+01,8.2253e+01,8.0593e+01,7.9542e+01,8.0819e+01,7.9784e+01,7.9405e+01,8.0001e+01,7.9029e+01,7.8526e+01,7.7344e+01,7.7232e+01,7.6762e+01,7.5077e+01,7.3973e+01,7.3641e+01,7.3655e+01,7.2592e+01,7.2777e+01,7.1972e+01,7.2422e+01,7.3599e+01,7.4260e+01,7.3598e+01,7.3118e+01,7.1870e+01,7.1014e+01,7.0636e+01,6.9669e+01,6.9362e+01,6.9097e+01,6.9114e+01,6.8792e+01,6.9070e+01,6.8520e+01,6.8524e+01,6.9117e+01,6.9682e+01,7.0649e+01,7.1002e+01
7.0209e+01,6.9548e+01,6.9001e+01,6.8300e+01,6.7169e+01,6.6859e+01,6.6724e+01,6.7777e+01,6.8411e+01,6.9497e+01,6.9762e+01,7.0606e+01,7.1223e+01,7.0158e+01,7.0457e+01,7.1837e+01,7.2275e+01,7.2399e+01,7.2335e+01,7.2908e+01,7.3387e+01,7.3273e+01,7.2812e+01,7.2510e+01,7.1054e+01,7.0338e+01,6.8990e+01,6.8007e+01,6.8314e+01,6.9097e+01,6.9912e+01,7.0510e+01,7.2092e+01,7.2420e+01,7.2943e+01,7.1715e+01,7.0293e+01,6.9544e+01,6.8922e+01,6.8620e+01,6.7571e+01,6.7675e+01,6.6754e+01,6.6066e+01,6.5368e+01,6.5101e+01,6.5292e+01,6.4945e+01,6.4352e+01,6.4313e+01,6.4832e+01,6.5171e+01,6.5947e+01,6.6639e+01,6.7352e+01,6.6844e+01,6.5985e+01,6.5816e+01,6.5854e+01,6.6313e+01,6.6751e+01,6.6912e+01,6.7812e+01,6.7758e+01,6.7767e+01,6.8991e+01,6.9393e+01,6.8547e+01,6.7800e+01,6.6671e+01,6.6477e+01,6.5666e+01,6.5480e+01,6.5858e+01,6.6879e+01,6.7561e+01,6.8088e+01,6.8095e+01,6.7104e+01,6.6660e+01,6.5991e+01,6.5073e+01,6.4578e+01,6.4505e+01,6.4043e+01,6.4488e+01,6.4724e+01,6.4152e+01,6.3771e+01,6.3980e+01,6.4155e+01,6.4628e+01,6.5258e+01,6.5681e+01,6.5284e+01,6.5390e+01,6.5847e+01,6.6729e+01,6.6879e+01,6.5937e+01,6.5283e+01,6.4601e+01,6.4520e+01,6.4775e+01,6.5512e+01,6.5511e+01,6.6366e+01,6.7243e+01,6.7906e+01,6.9085e+01,6.9585e+01,7.0500e+01,7.0708e+01,7.1569e+01,7.1054e+01,7.1743e+01,7.2577e+01,7.1662e+01,7.1393e+01,7.0261e+01,7.0366e+01,7.1308e+01,7.2223e+01,7.3748e+01,7.4607e+01,7.6275e+01,7.7083e+01,7.8344e+01,7.8729e+01,7.9815e+01,8.1181e+01,8.2909e+01,8.2235e+01,8.2062e+01,8.0404e+01,7.9347e+01,8.0622e+01,7.9581e+01,7.9191e+01,7.9783e+01,7.8814e+01,7.8296e+01,7.7121e+01,7.7022e+01,7.6561e+01,7.4868e+01,7.3772e+01,7.3436e+01,7.3436e+01,7.2357e+01,7.2528e+01,7.1707e+01,7.2149e+01,7.3337e+01,7.3995e+01,7.3314e+01,7.2841e+01,7.1585e+01,7.0707e+01,7.0335e+01,6.9370e+01,6.9062e+01,6.8822e+01,6.8857e+01,6.8557e+01,6.8857e+01,6.8319e+01,6.8339e+01,6.8917e+01,6.9485e+01,7.0462e+01,7.0820e+01
7.0268e+01,6.9612e+01,6.9077e+01,6.8380e+01,6.7248e+01,6.6939e+01,6.6812e+01,6.7869e+01,6.8512e+01,6.9595e+01,6.9852e+01,7.0695e+01,7.1306e+01,7.0235e+01,7.0524e+01,7.1902e+01,7.2333e+01,7.2449e+01,7.2380e+01,7.2957e+01,7.3443e+01,7.3332e+01,7.2866e+01,7.2557e+01,7.1106e+01,7.0395e+01,6.9048e+01,6.8063e+01,6.8359e+01,6.9136e+01,6.9955e+01,7.0546e+01,7.2122e+01,7.2461e+01,7.2994e+01,7.1774e+01,7.0352e+01,6.9614e+01,6.8987e+01,6.8691e+01,6.7643e+01,6.7746e+01,6.6821e+01,6.6138e+01,6.5441e+01,6.5181e+01,6.5375e+01,6.5030e+01,6.4430e+01,6.4390e+01,6.4919e+01,6.5259e+01,6.6045e+01,6.6744e+01,6.7464e+01,6.6954e+01,6.6086e+01,6.5913e+01,6.5949e+01,6.6408e+01,6.6845e+01,6.7000e+01,6.7899e+01,6.7844e+01,6.7843e+01,6.9067e+01,6.9461e+01,6.8607e+01,6.7850e+01,6.6720e+01,6.6524e+01,6.5718e+01,6.5528e+01,6.5912e+01,6.6936e+01,6.7610e+01,6.8140e+01,6.8139e+01,6.7147e+01,6.6693e+01,6.6029e+01,6.5111e+01,6.4612e+01,6.4552e+01,6.4091e+01,6.4535e+01,6.4760e+01,6.4178e+01,6.3803e+01,6.4016e+01,6.4185e+01,6.4674e+01,6.5302e+01,6.5739e+01,6.5349e+01,6.5462e+01,6.5930e+01,6.6823e+01,6.6975e+01,6.6025e+01,6.5365e+01,6.4671e+01,6.4588e+01,6.4846e+01,6.5589e+01,6.5581e+01,6.6444e+01,6.7328e+01,6.7999e+01,6.9186e+01,6.9682e+01,7.0605e+01,7.0806e+01,7.1664e+01,7.1140e+01,7.1827e+01,7.2654e+01,7.1733e+01,7.1458e+01,7.0322e+01,7.0416e+01,7.1359e+01,7.2281e+01,7.3803e+01,7.4658e+01,7.6325e+01,7.7130e+01,7.8382e+01,7.8774e+01,7.9866e+01,8.1238e+01,8.2963e+01,8.2279e+01,8.2105e+01,8.0454e+01,7.9395e+01,8.0670e+01,7.9629e+01,7.9225e+01,7.9817e+01,7.8857e+01,7.8328e+01,7.7163e+01,7.7078e+01,7.6623e+01,7.4924e+01,7.3834e+01,7.3489e+01,7.3477e+01,7.2390e+01,7.2549e+01,7.1723e+01,7.2165e+01,7.3358e+01,7.4009e+01,7.3319e+01,7.2845e+01,7.1588e+01,7.0703e+01,7.0338e+01,6.9377e+01,6.9075e+01,6.8851e+01,6.8896e+01,6.8611e+01,6.8924e+01,6.8393e+01,6.8419e+01,6.8991e+01,6.9565e+01,7.0546e+01,7.0901e+01
6.9955e+01,6.9313e+01,6.8790e+01,6.8104e+01,6.6958e+01,6.6659e+01,6.6545e+01,6.7624e+01,6.8283e+01,6.9367e+01,6.9614e+01,7.0468e+01,7.1075e+01,6.9991e+01,7.0268e+01,7.1649e+01,7.2075e+01,7.2179e+01,7.2112e+01,7.2705e+01,7.3204e+01,7.3102e+01,7.2630e+01,7.2309e+01,7.0846e+01,7.0126e+01,6.8770e+01,6.7776e+01,6.8060e+01,6.8850e+01,6.9691e+01,7.0292e+01,7.1881e+01,7.2230e+01,7.2779e+01,7.1550e+01,7.0117e+01,6.9376e+01,6.8731e+01,6.8433e+01,6.7366e+01,6.7461e+01,6.6513e+01,6.5831e+01,6.5132e+01,6.4883e+01,6.5094e+01,6.4746e+01,6.4123e+01,6.4079e+01,6.4635e+01,6.4982e+01,6.5796e+01,6.6509e+01,6.7251e+01,6.6733e+01,6.5841e+01,6.5661e+01,6.5688e+01,6.6145e+01,6.6575e+01,6.6715e+01,6.7614e+01,6.7546e+01,6.7525e+01,6.8752e+01,6.9133e+01,6.8270e+01,6.7492e+01,6.6354e+01,6.6142e+01,6.5342e+01,6.5155e+01,6.5561e+01,6.6597e+01,6.7268e+01,6.7821e+01,6.7820e+01,6.6818e+01,6.6338e+01,6.5664e+01,6.4733e+01,6.4216e+01,6.4176e+01,6.3710e+01,6.4150e+01,6.4352e+01,6.3755e+01,6.3389e+01,6.3609e+01,6.3771e+01,6.4286e+01,6.4903e+01,6.5372e+01,6.5000e+01,6.5138e+01,6.5631e+01,6.6551e+01,6.6720e+01,6.5754e+01,6.5074e+01,6.4349e+01,6.4255e+01,6.4521e+01,6.5274e+01,6.5241e+01,6.6119e+01,6.7016e+01,6.7712e+01,6.8908e+01,6.9399e+01,7.0342e+01,7.0539e+01,7.1386e+01,7.0844e+01,7.1533e+01,7.2347e+01,7.1408e+01,7.1132e+01,6.9983e+01,7.0062e+01,7.1016e+01,7.1956e+01,7.3480e+01,7.4345e+01,7.6014e+01,7.6828e+01,7.8078e+01,7.8464e+01,7.9567e+01,8.0940e+01,8.2669e+01,8.1980e+01,8.1798e+01,8.0145e+01,7.9076e+01,8.0347e+01,7.9297e+01,7.8883e+01,7.9471e+01,7.8511e+01,7.7970e+01,7.6808e+01,7.6736e+01,7.6291e+01,7.4584e+01,7.3501e+01,7.3154e+01,7.3130e+01,7.2026e+01,7.2174e+01,7.1331e+01,7.1765e+01,7.2970e+01,7.3619e+01,7.2913e+01,7.2446e+01,7.1179e+01,7.0273e+01,6.9908e+01,6.8946e+01,6.8640e+01,6.8436e+01,6.8496e+01,6.8234e+01,6.8569e+01,6.8054e+01,6.8096e+01,6.8652e+01,6.9234e+01,7.0226e+01,7.0588e+01
6.9717e+01,6.9080e+01,6.8568e+01,6.7887e+01,6.6732e+01,6.6433e+01,6.6329e+01,6.7422e+01,6.8095e+01,6.9184e+01,6.9422e+01,7.0278e+01,7.0877e+01,6.9782e+01,7.0050e+01,7.1434e+01,7.1853e+01,7.1946e+01,7.1875e+01,7.2478e+01,7.2988e+01,7.2889e+01,7.2407e+01,7.2075e+01,7.0608e+01,6.9891e+01,6.8530e+01,6.7526e+01,6.7797e+01,6.8585e+01,6.9434e+01,7.0033e+01,7.1628e+01,7.1989e+01,7.2551e+01,7.1322e+01,6.9880e+01,6.9146e+01,6.8495e+01,6.8205e+01,6.7132e+01,6.7228e+01,6.6267e+01,6.5589e+01,6.4884e+01,6.4641e+01,6.4856e+01,6.4511e+01,6.3874e+01,6.3836e+01,6.4412e+01,6.4772e+01,6.5604e+01,6.6338e+01,6.7088e+01,6.6558e+01,6.5650e+01,6.5460e+01,6.5485e+01,6.5941e+01,6.6371e+01,6.6499e+01,6.7401e+01,6.7330e+01,6.7295e+01,6.8527e+01,6.8898e+01,6.8023e+01,6.7229e+01,6.6084e+01,6.5868e+01,6.5071e+01,6.4878e+01,6.5294e+01,6.6340e+01,6.7006e+01,6.7567e+01,6.7559e+01,6.6548e+01,6.6054e+01,6.5379e+01,6.4439e+01,6.3914e+01,6.3892e+01,6.3426e+01,6.3871e+01,6.4056e+01,6.3442e+01,6.3083e+01,6.3317e+01,6.3481e+01,6.4023e+01,6.4636e+01,6.5131e+01,6.4766e+01,6.4922e+01,6.5431e+01,6.6376e+01,6.6557e+01,6.5569e+01,6.4868e+01,6.4120e+01,6.4014e+01,6.4282e+01,6.5046e+01,6.4998e+01,6.5890e+01,6.6796e+01,6.7511e+01,6.8717e+01,6.9202e+01,7.0159e+01,7.0349e+01,7.1190e+01,7.0632e+01,7.1320e+01,7.2125e+01,7.1175e+01,7.0894e+01,6.9736e+01,6.9803e+01,7.0761e+01,7.1714e+01,7.3242e+01,7.4110e+01,7.5784e+01,7.6601e+01,7.7850e+01,7.8239e+01,7.9348e+01,8.0727e+01,8.2459e+01,8.1764e+01,8.1581e+01,7.9927e+01,7.8853e+01,8.0128e+01,7.9076e+01,7.8654e+01,7.9247e+01,7.8288e+01,7.7743e+01,7.6581e+01,7.6514e+01,7.6069e+01,7.4351e+01,7.3268e+01,7.2913e+01,7.2880e+01,7.1762e+01,7.1900e+01,7.1048e+01,7.1482e+01,7.2699e+01,7.3347e+01,7.2628e+01,7.2159e+01,7.0880e+01,6.9958e+01,6.9600e+01,6.8634e+01,6.8330e+01,6.8140e+01,6.8218e+01,6.7971e+01,6.8328e+01,6.7819e+01,6.7869e+01,6.8414e+01,6.9006e+01,7.0009e+01,7.0378e+01
6.9692e+01,6.9068e+01,6.8564e+01,6.7892e+01,6.6731e+01,6.6443e+01,6.6349e+01,6.7458e+01,6.8143e+01,6.9231e+01,6.9460e+01,7.0328e+01,7.0923e+01,6.9821e+01,7.0076e+01,7.1459e+01,7.1876e+01,7.1958e+01,7.1894e+01,7.2512e+01,7.3032e+01,7.2946e+01,7.2462e+01,7.2117e+01,7.0642e+01,6.9913e+01,6.8547e+01,6.7540e+01,6.7804e+01,6.8604e+01,6.9474e+01,7.0087e+01,7.1691e+01,7.2058e+01,7.2634e+01,7.1394e+01,6.9945e+01,6.9205e+01,6.8535e+01,6.8239e+01,6.7149e+01,6.7235e+01,6.6257e+01,6.5579e+01,6.4876e+01,6.4640e+01,6.4869e+01,6.4519e+01,6.3866e+01,6.3825e+01,6.4416e+01,6.4779e+01,6.5626e+01,6.6368e+01,6.7132e+01,6.6600e+01,6.5677e+01,6.5486e+01,6.5503e+01,6.5958e+01,6.6380e+01,6.6498e+01,6.7396e+01,6.7312e+01,6.7263e+01,6.8492e+01,6.8854e+01,6.7979e+01,6.7174e+01,6.6027e+01,6.5798e+01,6.5009e+01,6.4821e+01,6.5252e+01,6.6304e+01,6.6967e+01,6.7547e+01,6.7543e+01,6.6529e+01,6.6016e+01,6.5332e+01,6.4387e+01,6.3848e+01,6.3837e+01,6.3369e+01,6.3808e+01,6.3979e+01,6.3359e+01,6.3007e+01,6.3245e+01,6.3407e+01,6.3965e+01,6.4570e+01,6.5085e+01,6.4728e+01,6.4902e+01,6.5424e+01,6.6384e+01,6.6577e+01,6.5579e+01,6.4866e+01,6.4100e+01,6.3986e+01,6.4257e+01,6.5025e+01,6.4959e+01,6.5857e+01,6.6769e+01,6.7500e+01,6.8710e+01,6.9190e+01,7.0162e+01,7.0349e+01,7.1179e+01,7.0608e+01,7.1299e+01,7.2092e+01,7.1129e+01,7.0850e+01,6.9686e+01,6.9743e+01,7.0707e+01,7.1670e+01,7.3196e+01,7.4070e+01,7.5741e+01,7.6563e+01,7.7809e+01,7.8191e+01,7.9305e+01,8.0680e+01,8.2412e+01,8.1716e+01,8.1525e+01,7.9872e+01,7.8793e+01,8.0062e+01,7.9004e+01,7.8576e+01,7.9163e+01,7.8205e+01,7.7651e+01,7.6493e+01,7.6433e+01,7.5998e+01,7.4280e+01,7.3205e+01,7.2851e+01,7.2811e+01,7.1685e+01,7.1818e+01,7.0958e+01,7.1386e+01,7.2604e+01,7.3249e+01,7.2526e+01,7.2064e+01,7.0785e+01,6.9853e+01,6.9498e+01,6.8537e+01,6.8232e+01,6.8053e+01,6.8140e+01,6.7908e+01,6.8279e+01,6.7782e+01,6.7841e+01,6.8369e+01,6.8969e+01,6.9976e+01,7.0351e+01
6.9392e+01,6.8782e+01,6.8289e+01,6.7635e+01,6.6456e+01,6.6184e+01,6.6109e+01,6.7246e+01,6.7951e+01,6.9039e+01,6.9254e+01,7.0136e+01,7.0721e+01,6.9603e+01,6.9836e+01,7.1219e+01,7.1628e+01,7.1687e+01,7.1625e+01,7.2266e+01,7.2807e+01,7.2735e+01,7.2238e+01,7.1872e+01,7.0389e+01,6.9655e+01,6.8283e+01,6.7267e+01,6.7513e+01,6.8321e+01,6.9214e+01,6.9833e+01,7.1446e+01,7.1829e+01,7.2427e+01,7.1183e+01,6.9723e+01,6.8988e+01,6.8297e+01,6.8004e+01,6.6895e+01,6.6967e+01,6.5962e+01,6.5286e+01,6.4585e+01,6.4362e+01,6.4618e+01,6.4264e+01,6.3583e+01,6.3528e+01,6.4151e+01,6.4516e+01,6.5398e+01,6.6149e+01,6.6943e+01,6.6408e+01,6.5457e+01,6.5264e+01,6.5264e+01,6.5717e+01,6.6126e+01,6.6225e+01,6.7119e+01,6.7012e+01,6.6938e+01,6.8168e+01,6.8515e+01,6.7632e+01,6.6803e+01,6.5650e+01,6.5395e+01,6.4616e+01,6.4442e+01,6.4904e+01,6.5965e+01,6.6623e+01,6.7231e+01,6.7229e+01,6.6210e+01,6.5667e+01,6.4970e+01,6.4016e+01,6.3451e+01,6.3462e+01,6.2987e+01,6.3409e+01,6.3550e+01,6.2921e+01,6.2583e+01,6.2817e+01,6.2957e+01,6.3539e+01,6.4118e+01,6.4670e+01,6.4348e+01,6.4554e+01,6.5110e+01,6.6099e+01,6.6317e+01,6.5307e+01,6.4577e+01,6.3776e+01,6.3651e+01,6.3937e+01,6.4711e+01,6.4608e+01,6.5519e+01,6.6446e+01,6.7208e+01,6.8425e+01,6.8900e+01,6.9899e+01,7.0084e+01,7.0896e+01,7.0301e+01,7.0995e+01,7.1768e+01,7.0782e+01,7.0505e+01,6.9327e+01,6.9362e+01,7.0343e+01,7.1331e+01,7.2856e+01,7.3748e+01,7.5416e+01,7.6257e+01,7.7495e+01,7.7865e+01,7.8996e+01,8.0369e+01,8.2112e+01,8.1406e+01,8.1198e+01,7.9543e+01,7.8444e+01,7.9703e+01,7.8630e+01,7.8187e+01,7.8762e+01,7.7802e+01,7.7226e+01,7.6072e+01,7.6029e+01,7.5613e+01,7.3887e+01,7.2827e+01,7.2475e+01,7.2423e+01,7.1279e+01,7.1401e+01,7.0521e+01,7.0933e+01,7.2163e+01,7.2810e+01,7.2068e+01,7.1618e+01,7.0334e+01,6.9376e+01,6.9017e+01,6.8059e+01,6.7744e+01,6.7606e+01,6.7714e+01,6.7517e+01,6.7913e+01,6.7440e+01,6.7528e+01,6.8038e+01,6.8635e+01,6.9657e+01,7.0029e+01
6.9467e+01,6.8865e+01,6.8379e+01,6.7733e+01,6.6546e+01,6.6283e+01,6.6212e+01,6.7363e+01,6.8075e+01,6.9167e+01,6.9379e+01,7.0273e+01,7.0856e+01,6.9731e+01,6.9953e+01,7.1336e+01,7.1740e+01,7.1787e+01,7.1725e+01,7.2377e+01,7.2929e+01,7.2864e+01,7.2360e+01,7.1983e+01,7.0497e+01,6.9761e+01,6.8386e+01,6.7366e+01,6.7602e+01,6.8413e+01,6.9317e+01,6.9937e+01,7.1551e+01,7.1944e+01,7.2554e+01,7.1313e+01,6.9847e+01,6.9116e+01,6.8414e+01,6.8121e+01,6.6999e+01,6.7065e+01,6.6046e+01,6.5367e+01,6.4665e+01,6.4444e+01,6.4710e+01,6.4348e+01,6.3653e+01,6.3593e+01,6.4226e+01,6.4590e+01,6.5483e+01,6.6240e+01,6.7042e+01,6.6508e+01,6.5550e+01,6.5358e+01,6.5356e+01,6.5813e+01,6.6218e+01,6.6312e+01,6.7206e+01,6.7087e+01,6.7003e+01,6.8233e+01,6.8574e+01,6.7688e+01,6.6846e+01,6.5690e+01,6.5423e+01,6.4650e+01,6.4480e+01,6.4957e+01,6.6025e+01,6.6681e+01,6.7305e+01,6.7303e+01,6.6281e+01,6.5721e+01,6.5018e+01,6.4059e+01,6.3481e+01,6.3502e+01,6.3022e+01,6.3437e+01,6.3565e+01,6.2931e+01,6.2599e+01,6.2832e+01,6.2964e+01,6.3559e+01,6.4129e+01,6.4699e+01,6.4388e+01,6.4607e+01,6.5175e+01,6.6175e+01,6.6401e+01,6.5384e+01,6.4648e+01,6.3834e+01,6.3705e+01,6.3998e+01,6.4776e+01,6.4657e+01,6.5574e+01,6.6510e+01,6.7283e+01,6.8506e+01,6.8980e+01,6.9991e+01,7.0178e+01,7.0983e+01,7.0377e+01,7.1073e+01,7.1836e+01,7.0837e+01,7.0560e+01,6.9376e+01,6.9400e+01,7.0387e+01,7.1387e+01,7.2909e+01,7.3808e+01,7.5472e+01,7.6320e+01,7.7551e+01,7.7917e+01,7.9054e+01,8.0426e+01,8.2170e+01,8.1459e+01,8.1243e+01,7.9590e+01,7.8484e+01,7.9737e+01,7.8659e+01,7.8205e+01,7.8775e+01,7.7816e+01,7.7228e+01,7.6079e+01,7.6046e+01,7.5640e+01,7.3911e+01,7.2860e+01,7.2508e+01,7.2448e+01,7.1295e+01,7.1409e+01,7.0522e+01,7.0927e+01,7.2163e+01,7.2806e+01,7.2056e+01,7.1612e+01,7.0329e+01,6.9361e+01,6.9005e+01,6.8053e+01,6.7741e+01,6.7620e+01,6.7741e+01,6.7560e+01,6.7969e+01,6.7504e+01,6.7604e+01,6.8103e+01,6.8702e+01,6.9733e+01,7.0107e+01
6.9090e+01,6.8501e+01,6.8020e+01,6.7383e+01,6.6182e+01,6.5931e+01,6.5869e+01,6.7036e+01,6.7757e+01,6.8852e+01,6.9058e+01,6.9962e+01,7.0541e+01,6.9408e+01,6.9618e+01,7.1003e+01,7.1403e+01,7.1436e+01,7.1376e+01,7.2042e+01,7.2605e+01,7.2547e+01,7.2037e+01,7.1650e+01,7.0160e+01,6.9419e+01,6.8040e+01,6.7017e+01,6.7244e+01,6.8062e+01,6.8980e+01,6.9603e+01,7.1221e+01,7.1621e+01,7.2239e+01,7.0996e+01,6.9525e+01,6.8797e+01,6.8086e+01,6.7791e+01,6.6656e+01,6.6712e+01,6.5677e+01,6.4995e+01,6.4293e+01,6.4076e+01,6.4359e+01,6.3990e+01,6.3276e+01,6.3201e+01,6.3850e+01,6.4209e+01,6.5123e+01,6.5881e+01,6.6705e+01,6.6172e+01,6.5199e+01,6.5012e+01,6.5002e+01,6.5462e+01,6.5859e+01,6.5946e+01,6.6838e+01,6.6701e+01,6.6605e+01,6.7836e+01,6.8171e+01,6.7282e+01,6.6425e+01,6.5264e+01,6.4976e+01,6.4207e+01,6.4051e+01,6.4551e+01,6.5626e+01,6.6282e+01,6.6926e+01,6.6929e+01,6.5904e+01,6.5326e+01,6.4611e+01,6.3644e+01,6.3045e+01,6.3075e+01,6.2586e+01,6.2985e+01,6.3098e+01,6.2461e+01,6.2134e+01,6.2355e+01,6.2462e+01,6.3066e+01,6.3616e+01,6.4206e+01,6.3924e+01,6.4158e+01,6.4753e+01,6.5767e+01,6.6007e+01,6.4988e+01,6.4248e+01,6.3413e+01,6.3284e+01,6.3593e+01,6.4373e+01,6.4231e+01,6.5155e+01,6.6104e+01,6.6894e+01,6.8120e+01,6.8596e+01,6.9626e+01,6.9816e+01,7.0613e+01,6.9993e+01,7.0694e+01,7.1448e+01,7.0433e+01,7.0161e+01,6.8968e+01,6.8980e+01,6.9981e+01,7.0997e+01,7.2521e+01,7.3434e+01,7.5098e+01,7.5960e+01,7.7187e+01,7.7543e+01,7.8692e+01,8.0062e+01,8.1814e+01,8.1098e+01,8.0869e+01,7.9213e+01,7.8093e+01,7.9338e+01,7.8248e+01,7.7785e+01,7.8344e+01,7.7382e+01,7.6778e+01,7.5631e+01,7.5610e+01,7.5219e+01,7.3485e+01,7.2442e+01,7.2093e+01,7.2028e+01,7.0862e+01,7.0973e+01,7.0069e+01,7.0462e+01,7.1707e+01,7.2355e+01,7.1592e+01,7.1158e+01,6.9874e+01,6.8885e+01,6.8520e+01,6.7569e+01,6.7244e+01,6.7152e+01,6.7283e+01,6.7127e+01,6.7547e+01,6.7101e+01,6.7226e+01,6.7717e+01,6.8312e+01,6.9350e+01,6.9723e+01
6.8803e+01,6.8227e+01,6.7746e+01,6.7115e+01,6.5901e+01,6.5661e+01,6.5606e+01,6.6786e+01,6.7512e+01,6.8610e+01,6.8813e+01,6.9727e+01,7.0305e+01,6.9165e+01,6.9365e+01,7.0751e+01,7.1148e+01,7.1169e+01,7.1113e+01,7.1792e+01,7.2365e+01,7.2317e+01,7.1803e+01,7.1406e+01,6.9912e+01,6.9165e+01,6.7782e+01,6.6756e+01,6.6978e+01,6.7805e+01,6.8737e+01,6.9369e+01,7.0993e+01,7.1396e+01,7.2023e+01,7.0774e+01,6.9301e+01,6.8571e+01,6.7845e+01,6.7546e+01,6.6397e+01,6.6442e+01,6.5393e+01,6.4707e+01,6.4008e+01,6.3793e+01,6.4094e+01,6.3717e+01,6.2990e+01,6.2903e+01,6.3562e+01,6.3916e+01,6.4847e+01,6.5602e+01,6.6444e+01,6.5916e+01,6.4930e+01,6.4747e+01,6.4727e+01,6.5190e+01,6.5580e+01,6.5662e+01,6.6550e+01,6.6398e+01,6.6295e+01,6.7527e+01,6.7860e+01,6.6970e+01,6.6103e+01,6.4939e+01,6.4635e+01,6.3869e+01,6.3725e+01,6.4241e+01,6.5319e+01,6.5977e+01,6.6636e+01,6.6645e+01,6.5620e+01,6.5027e+01,6.4302e+01,6.3330e+01,6.2717e+01,6.2752e+01,6.2259e+01,6.2645e+01,6.2747e+01,6.2112e+01,6.1791e+01,6.2004e+01,6.2099e+01,6.2704e+01,6.3241e+01,6.3839e+01,6.3572e+01,6.3814e+01,6.4424e+01,6.5443e+01,6.5692e+01,6.4676e+01,6.3937e+01,6.3091e+01,6.2960e+01,6.3280e+01,6.4061e+01,6.3904e+01,6.4829e+01,6.5786e+01,6.6587e+01,6.7813e+01,6.8291e+01,6.9333e+01,6.9527e+01,7.0317e+01,6.9689e+01,7.0395e+01,7.1143e+01,7.0118e+01,6.9851e+01,6.8651e+01,6.8658e+01,6.9669e+01,7.0696e+01,7.2223e+01,7.3150e+01,7.4815e+01,7.5691e+01,7.6918e+01,7.7265e+01,7.8422e+01,7.9792e+01,8.1553e+01,8.0834e+01,8.0595e+01,7.8933e+01,7.7800e+01,7.9040e+01,7.7938e+01,7.7470e+01,7.8021e+01,7.7055e+01,7.6439e+01,7.5293e+01,7.5281e+01,7.4900e+01,7.3160e+01,7.2124e+01,7.1777e+01,7.1709e+01,7.0532e+01,7.0642e+01,6.9725e+01,7.0105e+01,7.1359e+01,7.2011e+01,7.1237e+01,7.0813e+01,6.9526e+01,6.8524e+01,6.8151e+01,6.7200e+01,6.6870e+01,6.6795e+01,6.6930e+01,6.6791e+01,6.7217e+01,6.6781e+01,6.6922e+01,6.7409e+01,6.7996e+01,6.9038e+01,6.9419e+01
6.8434e+01,6.7864e+01,6.7380e+01,6.6759e+01,6.5531e+01,6.5303e+01,6.5255e+01,6.6449e+01,6.7183e+01,6.8283e+01,6.8481e+01,6.9408e+01,6.9986e+01,6.8840e+01,6.9031e+01,7.0418e+01,7.0818e+01,7.0829e+01,7.0782e+01,7.1475e+01,7.2054e+01,7.2016e+01,7.1503e+01,7.1098e+01,6.9595e+01,6.8836e+01,6.7448e+01,6.6422e+01,6.6644e+01,6.7485e+01,6.8432e+01,6.9078e+01,7.0711e+01,7.1113e+01,7.1746e+01,7.0487e+01,6.9009e+01,6.8270e+01,6.7530e+01,6.7221e+01,6.6057e+01,6.6089e+01,6.5025e+01,6.4333e+01,6.3637e+01,6.3424e+01,6.3742e+01,6.3357e+01,6.2618e+01,6.2516e+01,6.3190e+01,6.3542e+01,6.4493e+01,6.5247e+01,6.6109e+01,6.5579e+01,6.4577e+01,6.4397e+01,6.4365e+01,6.4829e+01,6.5209e+01,6.5286e+01,6.6171e+01,6.6002e+01,6.5889e+01,6.7121e+01,6.7454e+01,6.6566e+01,6.5690e+01,6.4522e+01,6.4197e+01,6.3434e+01,6.3308e+01,6.3844e+01,6.4925e+01,6.5588e+01,6.6266e+01,6.6287e+01,6.5262e+01,6.4657e+01,6.3916e+01,6.2940e+01,6.2309e+01,6.2341e+01,6.1839e+01,6.2207e+01,6.2301e+01,6.1673e+01,6.1355e+01,6.1550e+01,6.1624e+01,6.2228e+01,6.2744e+01,6.3353e+01,6.3111e+01,6.3367e+01,6.3998e+01,6.5027e+01,6.5295e+01,6.4279e+01,6.3536e+01,6.2676e+01,6.2543e+01,6.2875e+01,6.3655e+01,6.3478e+01,6.4404e+01,6.5371e+01,6.6186e+01,6.7413e+01,6.7893e+01,6.8951e+01,6.9149e+01,6.9931e+01,6.9293e+01,7.0006e+01,7.0749e+01,6.9712e+01,6.9453e+01,6.8247e+01,6.8248e+01,6.9273e+01,7.0311e+01,7.1840e+01,7.2783e+01,7.4446e+01,7.5339e+01,7.6565e+01,7.6899e+01,7.8064e+01,7.9430e+01,8.1201e+01,8.0482e+01,8.0230e+01,7.8560e+01,7.7414e+01,7.8644e+01,7.7530e+01,7.7059e+01,7.7598e+01,7.6625e+01,7.6000e+01,7.4852e+01,7.4846e+01,7.4478e+01,7.2738e+01,7.1710e+01,7.1372e+01,7.1306e+01,7.0122e+01,7.0237e+01,6.9305e+01,6.9668e+01,7.0926e+01,7.1586e+01,7.0807e+01,7.0398e+01,6.9111e+01,6.8093e+01,6.7705e+01,6.6752e+01,6.6407e+01,6.6355e+01,6.6486e+01,6.6364e+01,6.6797e+01,6.6377e+01,6.6539e+01,6.7016e+01,6.7592e+01,6.8636e+01,6.9014e+01
6.8121e+01,6.7564e+01,6.7078e+01,6.6470e+01,6.5229e+01,6.5021e+01,6.4983e+01,6.6196e+01,6.6939e+01,6.8039e+01,6.8229e+01,6.9171e+01,6.9745e+01,6.8594e+01,6.8768e+01,7.0154e+01,7.0552e+01,7.0546e+01,7.0509e+01,7.1222e+01,7.1814e+01,7.1793e+01,7.1279e+01,7.0859e+01,6.9348e+01,6.8577e+01,6.7184e+01,6.6158e+01,6.6375e+01,6.7233e+01,6.8201e+01,6.8862e+01,7.0504e+01,7.0908e+01,7.1554e+01,7.0284e+01,6.8801e+01,6.8057e+01,6.7295e+01,6.6977e+01,6.5792e+01,6.5807e+01,6.4725e+01,6.4027e+01,6.3335e+01,6.3126e+01,6.3465e+01,6.3070e+01,6.2312e+01,6.2194e+01,6.2885e+01,6.3234e+01,6.4210e+01,6.4967e+01,6.5851e+01,6.5321e+01,6.4300e+01,6.4123e+01,6.4078e+01,6.4543e+01,6.4912e+01,6.4978e+01,6.5857e+01,6.5665e+01,6.5539e+01,6.6768e+01,6.7095e+01,6.6210e+01,6.5323e+01,6.4153e+01,6.3802e+01,6.3046e+01,6.2942e+01,6.3504e+01,6.4588e+01,6.5254e+01,6.5957e+01,6.5991e+01,6.4970e+01,6.4346e+01,6.3585e+01,6.2605e+01,6.1948e+01,6.1983e+01,6.1471e+01,6.1814e+01,6.1894e+01,6.1272e+01,6.0959e+01,6.1136e+01,6.1185e+01,6.1795e+01,6.2286e+01,6.2915e+01,6.2704e+01,6.2982e+01,6.3640e+01,6.4688e+01,6.4978e+01,6.3957e+01,6.3205e+01,6.2323e+01,6.2185e+01,6.2532e+01,6.3310e+01,6.3105e+01,6.4034e+01,6.5012e+01,6.5848e+01,6.7074e+01,6.7553e+01,6.8632e+01,6.8832e+01,6.9600e+01,6.8948e+01,6.9666e+01,7.0397e+01,6.9344e+01,6.9093e+01,6.7879e+01,6.7871e+01,6.8913e+01,6.9965e+01,7.1490e+01,7.2452e+01,7.4111e+01,7.5023e+01,7.6246e+01,7.6562e+01,7.7739e+01,7.9097e+01,8.0880e+01,8.0160e+01,7.9889e+01,7.8212e+01,7.7049e+01,7.8265e+01,7.7137e+01,7.6660e+01,7.7184e+01,7.6205e+01,7.5565e+01,7.4418e+01,7.4419e+01,7.4066e+01,7.2326e+01,7.1310e+01,7.0982e+01,7.0915e+01,6.9721e+01,6.9840e+01,6.8891e+01,6.9231e+01,7.0494e+01,7.1160e+01,7.0375e+01,6.9987e+01,6.8704e+01,6.7670e+01,6.7261e+01,6.6311e+01,6.5951e+01,6.5923e+01,6.6056e+01,6.5957e+01,6.6401e+01,6.6003e+01,6.6191e+01,6.6657e+01,6.7221e+01,6.8268e+01,6.8647e+01
6.7796e+01,6.7240e+01,6.6753e+01,6.6156e+01,6.4899e+01,6.4704e+01,6.4681e+01,6.5913e+01,6.6671e+01,6.7769e+01,6.7947e+01,6.8900e+01,6.9466e+01,6.8306e+01,6.8465e+01,6.9851e+01,7.0250e+01,7.0228e+01,7.0203e+01,7.0935e+01,7.1538e+01,7.1533e+01,7.1018e+01,7.0585e+01,6.9063e+01,6.8278e+01,6.6876e+01,6.5848e+01,6.6061e+01,6.6935e+01,6.7923e+01,6.8601e+01,7.0255e+01,7.0660e+01,7.1317e+01,7.0037e+01,6.8546e+01,6.7796e+01,6.7015e+01,6.6690e+01,6.5487e+01,6.5486e+01,6.4387e+01,6.3687e+01,6.2998e+01,6.2796e+01,6.3159e+01,6.2760e+01,6.1984e+01,6.1854e+01,6.2570e+01,6.2922e+01,6.3929e+01,6.4690e+01,6.5601e+01,6.5064e+01,6.4017e+01,6.3837e+01,6.3775e+01,6.4238e+01,6.4597e+01,6.4650e+01,6.5524e+01,6.5316e+01,6.5175e+01,6.6405e+01,6.6726e+01,6.5838e+01,6.4939e+01,6.3763e+01,6.3394e+01,6.2642e+01,6.2550e+01,6.3133e+01,6.4220e+01,6.4889e+01,6.5610e+01,6.5653e+01,6.4632e+01,6.3992e+01,6.3216e+01,6.2231e+01,6.1557e+01,6.1595e+01,6.1078e+01,6.1404e+01,6.1471e+01,6.0852e+01,6.0544e+01,6.0710e+01,6.0744e+01,6.1361e+01,6.1834e+01,6.2484e+01,6.2294e+01,6.2595e+01,6.3276e+01,6.4347e+01,6.4661e+01,6.3631e+01,6.2864e+01,6.1959e+01,6.1810e+01,6.2167e+01,6.2947e+01,6.2717e+01,6.3655e+01,6.4645e+01,6.5502e+01,6.6733e+01,6.7208e+01,6.8307e+01,6.8505e+01,6.9262e+01,6.8595e+01,6.9316e+01,7.0039e+01,6.8974e+01,6.8726e+01,6.7502e+01,6.7487e+01,6.8544e+01,6.9608e+01,7.1133e+01,7.2112e+01,7.3767e+01,7.4696e+01,7.5919e+01,7.6222e+01,7.7404e+01,7.8756e+01,8.0549e+01,7.9831e+01,7.9547e+01,7.7862e+01,7.6688e+01,7.7896e+01,7.6759e+01,7.6284e+01,7.6799e+01,7.5812e+01,7.5168e+01,7.4015e+01,7.4016e+01,7.3671e+01,7.1932e+01,7.0921e+01,7.0600e+01,7.0536e+01,6.9337e+01,6.9461e+01,6.8500e+01,6.8829e+01,7.0098e+01,7.0774e+01,6.9984e+01,6.9606e+01,6.8321e+01,6.7273e+01,6.6847e+01,6.5892e+01,6.5520e+01,6.5510e+01,6.5644e+01,6.5558e+01,6.6013e+01,6.5627e+01,6.5831e+01,6.6289e+01,6.6847e+01,6.7895e+01,6.8266e+01
6.7423e+01,6.6880e+01,6.6393e+01,6.5816e+01,6.4551e+01,6.4380e+01,6.4375e+01,6.5619e+01,6.6389e+01,6.7474e+01,6.7637e+01,6.8601e+01,6.9158e+01,6.7996e+01,6.8137e+01,6.9515e+01,6.9914e+01,6.9877e+01,6.9868e+01,7.0618e+01,7.1230e+01,7.1244e+01,7.0733e+01,7.0289e+01,6.8759e+01,6.7958e+01,6.6558e+01,6.5538e+01,6.5748e+01,6.6639e+01,6.7648e+01,6.8346e+01,7.0009e+01,7.0407e+01,7.1072e+01,6.9779e+01,6.8291e+01,6.7534e+01,6.6731e+01,6.6396e+01,6.5179e+01,6.5155e+01,6.4042e+01,6.3344e+01,6.2671e+01,6.2485e+01,6.2878e+01,6.2482e+01,6.1698e+01,6.1556e+01,6.2301e+01,6.2662e+01,6.3700e+01,6.4452e+01,6.5387e+01,6.4842e+01,6.3766e+01,6.3579e+01,6.3487e+01,6.3935e+01,6.4269e+01,6.4303e+01,6.5162e+01,6.4931e+01,6.4776e+01,6.5997e+01,6.6313e+01,6.5433e+01,6.4531e+01,6.3358e+01,6.2967e+01,6.2225e+01,6.2155e+01,6.2758e+01,6.3839e+01,6.4509e+01,6.5250e+01,6.5308e+01,6.4297e+01,6.3647e+01,6.2856e+01,6.1877e+01,6.1187e+01,6.1223e+01,6.0707e+01,6.1002e+01,6.1054e+01,6.0454e+01,6.0161e+01,6.0310e+01,6.0329e+01,6.0941e+01,6.1375e+01,6.2041e+01,6.1886e+01,6.2221e+01,6.2918e+01,6.4005e+01,6.4357e+01,6.3331e+01,6.2549e+01,6.1630e+01,6.1458e+01,6.1816e+01,6.2582e+01,6.2321e+01,6.3253e+01,6.4244e+01,6.5121e+01,6.6345e+01,6.6813e+01,6.7928e+01,6.8124e+01,6.8863e+01,6.8184e+01,6.8908e+01,6.9620e+01,6.8546e+01,6.8309e+01,6.7084e+01,6.7066e+01,6.8137e+01,6.9207e+01,7.0729e+01,7.1723e+01,7.3372e+01,7.4317e+01,7.5542e+01,7.5829e+01,7.7011e+01,7.8353e+01,8.0155e+01,7.9444e+01,7.9149e+01,7.7455e+01,7.6272e+01,7.7469e+01,7.6323e+01,7.5855e+01,7.6360e+01,7.5364e+01,7.4719e+01,7.3559e+01,7.3555e+01,7.3218e+01,7.1484e+01,7.0480e+01,7.0172e+01,7.0116e+01,6.8917e+01,6.9054e+01,6.8086e+01,6.8396e+01,6.9664e+01,7.0351e+01,6.9565e+01,6.9204e+01,6.7921e+01,6.6864e+01,6.6413e+01,6.5450e+01,6.5053e+01,6.5057e+01,6.5180e+01,6.5111e+01,6.5571e+01,6.5208e+01,6.5436e+01,6.5878e+01,6.6418e+01,6.7464e+01,6.7828e+01
6.7207e+01,6.6683e+01,6.6204e+01,6.5654e+01,6.4388e+01,6.4243e+01,6.4261e+01,6.5510e+01,6.6289e+01,6.7356e+01,6.7500e+01,6.8471e+01,6.9014e+01,6.7856e+01,6.7975e+01,6.9338e+01,6.9735e+01,6.9681e+01,6.9690e+01,7.0459e+01,7.1076e+01,7.1113e+01,7.0609e+01,7.0156e+01,6.8621e+01,6.7806e+01,6.6414e+01,6.5408e+01,6.5614e+01,6.6524e+01,6.7553e+01,6.8276e+01,6.9944e+01,7.0329e+01,7.0998e+01,6.9694e+01,6.8214e+01,6.7451e+01,6.6625e+01,6.6279e+01,6.5051e+01,6.5002e+01,6.3881e+01,6.3192e+01,6.2545e+01,6.2381e+01,6.2807e+01,6.2423e+01,6.1644e+01,6.1499e+01,6.2274e+01,6.2652e+01,6.3718e+01,6.4454e+01,6.5406e+01,6.4847e+01,6.3743e+01,6.3541e+01,6.3412e+01,6.3836e+01,6.4139e+01,6.4147e+01,6.4982e+01,6.4730e+01,6.4555e+01,6.5760e+01,6.6066e+01,6.5196e+01,6.4293e+01,6.3132e+01,6.2723e+01,6.2002e+01,6.1952e+01,6.2570e+01,6.3636e+01,6.4303e+01,6.5060e+01,6.5137e+01,6.4144e+01,6.3485e+01,6.2681e+01,6.1716e+01,6.1017e+01,6.1056e+01,6.0556e+01,6.0816e+01,6.0843e+01,6.0270e+01,6.0009e+01,6.0149e+01,6.0167e+01,6.0774e+01,6.1162e+01,6.1846e+01,6.1721e+01,6.2098e+01,6.2798e+01,6.3896e+01,6.4289e+01,6.3272e+01,6.2474e+01,6.1549e+01,6.1344e+01,6.1688e+01,6.2430e+01,6.2136e+01,6.3053e+01,6.4035e+01,6.4929e+01,6.6138e+01,6.6591e+01,6.7719e+01,6.7909e+01,6.8622e+01,6.7931e+01,6.8652e+01,6.9345e+01,6.8266e+01,6.8041e+01,6.6819e+01,6.6798e+01,6.7876e+01,6.8949e+01,7.0462e+01,7.1470e+01,7.3105e+01,7.4065e+01,7.5288e+01,7.5554e+01,7.6732e+01,7.8055e+01,7.9860e+01,7.9161e+01,7.8854e+01,7.7157e+01,7.5970e+01,7.7151e+01,7.6000e+01,7.5544e+01,7.6036e+01,7.5032e+01,7.4392e+01,7.3227e+01,7.3216e+01,7.2888e+01,7.1169e+01,7.0175e+01,6.9884e+01,6.9837e+01,6.8644e+01,6.8796e+01,6.7824e+01,6.8114e+01,6.9376e+01,7.0074e+01,6.9297e+01,6.8955e+01,6.7676e+01,6.6617e+01,6.6142e+01,6.5175e+01,6.4762e+01,6.4774e+01,6.4892e+01,6.4838e+01,6.5305e+01,6.4967e+01,6.5212e+01,6.5628e+01,6.6145e+01,6.7181e+01,6.7546e+01
6.6895e+01,6.6382e+01,6.5910e+01,6.5380e+01,6.4120e+01,6.3995e+01,6.4033e+01,6.5280e+01,6.6065e+01,6.7111e+01,6.7238e+01,6.8209e+01,6.8738e+01,6.7586e+01,6.7689e+01,6.9038e+01,6.9432e+01,6.9370e+01,6.9388e+01,7.0164e+01,7.0783e+01,7.0832e+01,7.0334e+01,6.9877e+01,6.8346e+01,6.7525e+01,6.6146e+01,6.5158e+01,6.5362e+01,6.6282e+01,6.7320e+01,6.8060e+01,6.9724e+01,7.0093e+01,7.0760e+01,6.9453e+01,6.7988e+01,6.7225e+01,6.6385e+01,6.6033e+01,6.4803e+01,6.4736e+01,6.3616e+01,6.2940e+01,6.2318e+01,6.2177e+01,6.2630e+01,6.2263e+01,6.1497e+01,6.1353e+01,6.2152e+01,6.2548e+01,6.3632e+01,6.4351e+01,6.5311e+01,6.4738e+01,6.3612e+01,6.3394e+01,6.3231e+01,6.3627e+01,6.3902e+01,6.3888e+01,6.4703e+01,6.4440e+01,6.4254e+01,6.5446e+01,6.5745e+01,6.4883e+01,6.3984e+01,6.2835e+01,6.2420e+01,6.1714e+01,6.1676e+01,6.2298e+01,6.3347e+01,6.4010e+01,6.4773e+01,6.4863e+01,6.3889e+01,6.3231e+01,6.2421e+01,6.1477e+01,6.0779e+01,6.0817e+01,6.0337e+01,6.0568e+01,6.0579e+01,6.0035e+01,5.9802e+01,5.9938e+01,5.9966e+01,6.0560e+01,6.0913e+01,6.1605e+01,6.1497e+01,6.1910e+01,6.2602e+01,6.3708e+01,6.4136e+01,6.3129e+01,6.2314e+01,6.1392e+01,6.1153e+01,6.1477e+01,6.2193e+01,6.1877e+01,6.2781e+01,6.3748e+01,6.4653e+01,6.5850e+01,6.6288e+01,6.7420e+01,6.7602e+01,6.8298e+01,6.7601e+01,6.8315e+01,6.8999e+01,6.7921e+01,6.7705e+01,6.6490e+01,6.6469e+01,6.7549e+01,6.8617e+01,7.0128e+01,7.1140e+01,7.2771e+01,7.3736e+01,7.4964e+01,7.5222e+01,7.6393e+01,7.7707e+01,7.9513e+01,7.8825e+01,7.8517e+01,7.6815e+01,7.5631e+01,7.6808e+01,7.5659e+01,7.5218e+01,7.5709e+01,7.4696e+01,7.4067e+01,7.2893e+01,7.2867e+01,7.2538e+01,7.0826e+01,6.9831e+01,6.9550e+01,6.9517e+01,6.8335e+01,6.8506e+01,6.7540e+01,6.7825e+01,6.9080e+01,6.9790e+01,6.9029e+01,6.8692e+01,6.7417e+01,6.6366e+01,6.5875e+01,6.4899e+01,6.4475e+01,6.4478e+01,6.4584e+01,6.4534e+01,6.5000e+01,6.4674e+01,6.4927e+01,6.5329e+01,6.5831e+01,6.6871e+01,6.7232e+01
6.6773e+01,6.6282e+01,6.5813e+01,6.5303e+01,6.4047e+01,6.3944e+01,6.3993e+01,6.5237e+01,6.6019e+01,6.7047e+01,6.7166e+01,6.8144e+01,6.8667e+01,6.7525e+01,6.7615e+01,6.8948e+01,6.9343e+01,6.9270e+01,6.9304e+01,7.0090e+01,7.0710e+01,7.0775e+01,7.0287e+01,6.9826e+01,6.8295e+01,6.7463e+01,6.6094e+01,6.5124e+01,6.5329e+01,6.6263e+01,6.7310e+01,6.8065e+01,6.9728e+01,7.0086e+01,7.0751e+01,6.9437e+01,6.7984e+01,6.7215e+01,6.6362e+01,6.5997e+01,6.4764e+01,6.4676e+01,6.3556e+01,6.2885e+01,6.2285e+01,6.2156e+01,6.2631e+01,6.2269e+01,6.1512e+01,6.1362e+01,6.2170e+01,6.2571e+01,6.3664e+01,6.4364e+01,6.5328e+01,6.4751e+01,6.3616e+01,6.3395e+01,6.3207e+01,6.3586e+01,6.3838e+01,6.3812e+01,6.4607e+01,6.4327e+01,6.4133e+01,6.5309e+01,6.5607e+01,6.4758e+01,6.3865e+01,6.2729e+01,6.2298e+01,6.1609e+01,6.1592e+01,6.2224e+01,6.3257e+01,6.3918e+01,6.4692e+01,6.4799e+01,6.3844e+01,6.3184e+01,6.2366e+01,6.1438e+01,6.0735e+01,6.0768e+01,6.0298e+01,6.0498e+01,6.0494e+01,5.9978e+01,5.9767e+01,5.9889e+01,5.9913e+01,6.0493e+01,6.0808e+01,6.1505e+01,6.1420e+01,6.1857e+01,6.2545e+01,6.3647e+01,6.4099e+01,6.3109e+01,6.2292e+01,6.1378e+01,6.1121e+01,6.1437e+01,6.2129e+01,6.1792e+01,6.2677e+01,6.3630e+01,6.4541e+01,6.5720e+01,6.6148e+01,6.7284e+01,6.7465e+01,6.8145e+01,6.7445e+01,6.8159e+01,6.8832e+01,6.7753e+01,6.7549e+01,6.6342e+01,6.6314e+01,6.7399e+01,6.8468e+01,6.9968e+01,7.0991e+01,7.2609e+01,7.3587e+01,7.4811e+01,7.5052e+01,7.6222e+01,7.7525e+01,7.9332e+01,7.8649e+01,7.8329e+01,7.6628e+01,7.5437e+01,7.6600e+01,7.5443e+01,7.5006e+01,7.5482e+01,7.4464e+01,7.3831e+01,7.2657e+01,7.2634e+01,7.2321e+01,7.0621e+01,6.9640e+01,6.9374e+01,6.9347e+01,6.8170e+01,6.8352e+01,6.7382e+01,6.7645e+01,6.8892e+01,6.9609e+01,6.8856e+01,6.8540e+01,6.7276e+01,6.6225e+01,6.5715e+01,6.4745e+01,6.4306e+01,6.4326e+01,6.4423e+01,6.4393e+01,6.4858e+01,6.4561e+01,6.4835e+01,6.5218e+01,6.5698e+01,6.6725e+01,6.7076e+01
6.6649e+01,6.6158e+01,6.5680e+01,6.5166e+01,6.3900e+01,6.3800e+01,6.3842e+01,6.5097e+01,6.5877e+01,6.6914e+01,6.7040e+01,6.8029e+01,6.8561e+01,6.7414e+01,6.7506e+01,6.8848e+01,6.9247e+01,6.9171e+01,6.9209e+01,7.0003e+01,7.0626e+01,7.0694e+01,7.0205e+01,6.9742e+01,6.8201e+01,6.7361e+01,6.5981e+01,6.5002e+01,6.5209e+01,6.6151e+01,6.7209e+01,6.7968e+01,6.9643e+01,7.0005e+01,7.0675e+01,6.9353e+01,6.7888e+01,6.7111e+01,6.6252e+01,6.5880e+01,6.4635e+01,6.4544e+01,6.3414e+01,6.2731e+01,6.2122e+01,6.1982e+01,6.2458e+01,6.2080e+01,6.1308e+01,6.1148e+01,6.1951e+01,6.2340e+01,6.3432e+01,6.4135e+01,6.5105e+01,6.4539e+01,6.3408e+01,6.3200e+01,6.3021e+01,6.3413e+01,6.3670e+01,6.3653e+01,6.4454e+01,6.4168e+01,6.3976e+01,6.5157e+01,6.5459e+01,6.4610e+01,6.3710e+01,6.2566e+01,6.2123e+01,6.1430e+01,6.1420e+01,6.2064e+01,6.3106e+01,6.3774e+01,6.4559e+01,6.4669e+01,6.3707e+01,6.3035e+01,6.2206e+01,6.1266e+01,6.0548e+01,6.0582e+01,6.0098e+01,6.0299e+01,6.0296e+01,5.9770e+01,5.9548e+01,5.9664e+01,5.9673e+01,6.0263e+01,6.0583e+01,6.1283e+01,6.1202e+01,6.1632e+01,6.2329e+01,6.3428e+01,6.3870e+01,6.2881e+01,6.2074e+01,6.1154e+01,6.0911e+01,6.1242e+01,6.1942e+01,6.1606e+01,6.2497e+01,6.3461e+01,6.4371e+01,6.5551e+01,6.5988e+01,6.7128e+01,6.7319e+01,6.8002e+01,6.7304e+01,6.8025e+01,6.8701e+01,6.7614e+01,6.7414e+01,6.6200e+01,6.6170e+01,6.7266e+01,6.8345e+01,6.9850e+01,7.0885e+01,7.2504e+01,7.3494e+01,7.4717e+01,7.4951e+01,7.6128e+01,7.7429e+01,7.9245e+01,7.8560e+01,7.8231e+01,7.6524e+01,7.5322e+01,7.6479e+01,7.5311e+01,7.4867e+01,7.5332e+01,7.4312e+01,7.3664e+01,7.2494e+01,7.2484e+01,7.2186e+01,7.0483e+01,6.9508e+01,6.9248e+01,6.9219e+01,6.8033e+01,6.8213e+01,6.7229e+01,6.7477e+01,6.8729e+01,6.9448e+01,6.8684e+01,6.8381e+01,6.7117e+01,6.6048e+01,6.5533e+01,6.4563e+01,6.4116e+01,6.4154e+01,6.4256e+01,6.4239e+01,6.4701e+01,6.4410e+01,6.4698e+01,6.5088e+01,6.5569e+01,6.6594e+01,6.6937e+01
6.6540e+01,6.6064e+01,6.5581e+01,6.5079e+01,6.3814e+01,6.3734e+01,6.3780e+01,6.5037e+01,6.5812e+01,6.6841e+01,6.6964e+01,6.7962e+01,6.8494e+01,6.7352e+01,6.7436e+01,6.8771e+01,6.9177e+01,6.9094e+01,6.9150e+01,6.9955e+01,7.0577e+01,7.0658e+01,7.0181e+01,6.9716e+01,6.8170e+01,6.7314e+01,6.5937e+01,6.4973e+01,6.5185e+01,6.6146e+01,6.7215e+01,6.7994e+01,6.9674e+01,7.0024e+01,7.0692e+01,6.9357e+01,6.7898e+01,6.7109e+01,6.6235e+01,6.5847e+01,6.4591e+01,6.4480e+01,6.3345e+01,6.2660e+01,6.2066e+01,6.1929e+01,6.2425e+01,6.2040e+01,6.1268e+01,6.1094e+01,6.1899e+01,6.2281e+01,6.3379e+01,6.4064e+01,6.5043e+01,6.4484e+01,6.3349e+01,6.3148e+01,6.2952e+01,6.3339e+01,6.3579e+01,6.3557e+01,6.4345e+01,6.4043e+01,6.3849e+01,6.5017e+01,6.5319e+01,6.4484e+01,6.3591e+01,6.2455e+01,6.1997e+01,6.1313e+01,6.1325e+01,6.1982e+01,6.3011e+01,6.3683e+01,6.4481e+01,6.4612e+01,6.3665e+01,6.2989e+01,6.2145e+01,6.1214e+01,6.0485e+01,6.0510e+01,6.0027e+01,6.0202e+01,6.0195e+01,5.9692e+01,5.9478e+01,5.9576e+01,5.9579e+01,6.0152e+01,6.0452e+01,6.1147e+01,6.1080e+01,6.1519e+01,6.2212e+01,6.3303e+01,6.3759e+01,6.2787e+01,6.1986e+01,6.1073e+01,6.0825e+01,6.1157e+01,6.1839e+01,6.1491e+01,6.2369e+01,6.3329e+01,6.4237e+01,6.5403e+01,6.5840e+01,6.6986e+01,6.7182e+01,6.7856e+01,6.7156e+01,6.7878e+01,6.8549e+01,6.7459e+01,6.7270e+01,6.6058e+01,6.6033e+01,6.7139e+01,6.8217e+01,6.9720e+01,7.0770e+01,7.2380e+01,7.3384e+01,7.4610e+01,7.4827e+01,7.5999e+01,7.7288e+01,7.9110e+01,7.8435e+01,7.8096e+01,7.6383e+01,7.5176e+01,7.6321e+01,7.5147e+01,7.4709e+01,7.5162e+01,7.4136e+01,7.3487e+01,7.2316e+01,7.2304e+01,7.2016e+01,7.0323e+01,6.9356e+01,6.9108e+01,6.9089e+01,6.7908e+01,6.8100e+01,6.7115e+01,6.7347e+01,6.8591e+01,6.9317e+01,6.8561e+01,6.8275e+01,6.7022e+01,6.5954e+01,6.5423e+01,6.4457e+01,6.3999e+01,6.4039e+01,6.4130e+01,6.4118e+01,6.4570e+01,6.4294e+01,6.4594e+01,6.4978e+01,6.5446e+01,6.6462e+01,6.6790e+01
6.6614e+01,6.6131e+01,6.5637e+01,6.5123e+01,6.3852e+01,6.3769e+01,6.3800e+01,6.5064e+01,6.5831e+01,6.6871e+01,6.7006e+01,6.8015e+01,6.8560e+01,6.7417e+01,6.7509e+01,6.8853e+01,6.9266e+01,6.9186e+01,6.9243e+01,7.0051e+01,7.0672e+01,7.0752e+01,7.0277e+01,6.9812e+01,6.8258e+01,6.7396e+01,6.6010e+01,6.5038e+01,6.5256e+01,6.6223e+01,6.7297e+01,6.8078e+01,6.9767e+01,7.0121e+01,7.0789e+01,6.9447e+01,6.7977e+01,6.7178e+01,6.6302e+01,6.5908e+01,6.4642e+01,6.4532e+01,6.3391e+01,6.2691e+01,6.2082e+01,6.1927e+01,6.2414e+01,6.2009e+01,6.1221e+01,6.1037e+01,6.1826e+01,6.2191e+01,6.3278e+01,6.3967e+01,6.4947e+01,6.4404e+01,6.3283e+01,6.3100e+01,6.2922e+01,6.3329e+01,6.3583e+01,6.3577e+01,6.4378e+01,6.4074e+01,6.3889e+01,6.5064e+01,6.5375e+01,6.4540e+01,6.3643e+01,6.2498e+01,6.2032e+01,6.1339e+01,6.1355e+01,6.2019e+01,6.3060e+01,6.3741e+01,6.4545e+01,6.4677e+01,6.3719e+01,6.3037e+01,6.2184e+01,6.1238e+01,6.0495e+01,6.0518e+01,6.0015e+01,6.0200e+01,6.0201e+01,5.9682e+01,5.9450e+01,5.9545e+01,5.9535e+01,6.0116e+01,6.0432e+01,6.1123e+01,6.1051e+01,6.1469e+01,6.2167e+01,6.3248e+01,6.3681e+01,6.2710e+01,6.1926e+01,6.1013e+01,6.0789e+01,6.1138e+01,6.1833e+01,6.1496e+01,6.2379e+01,6.3349e+01,6.4251e+01,6.5423e+01,6.5872e+01,6.7016e+01,6.7224e+01,6.7909e+01,6.7213e+01,6.7946e+01,6.8622e+01,6.7529e+01,6.7345e+01,6.6131e+01,6.6104e+01,6.7216e+01,6.8301e+01,6.9810e+01,7.0866e+01,7.2480e+01,7.3489e+01,7.4715e+01,7.4930e+01,7.6109e+01,7.7401e+01,7.9229e+01,7.8550e+01,7.8206e+01,7.6488e+01,7.5273e+01,7.6415e+01,7.5232e+01,7.4784e+01,7.5227e+01,7.4201e+01,7.3535e+01,7.2370e+01,7.2373e+01,7.2099e+01,7.0402e+01,6.9442e+01,6.9198e+01,6.9176e+01,6.7987e+01,6.8174e+01,6.7178e+01,6.7397e+01,6.8644e+01,6.9367e+01,6.8600e+01,6.8326e+01,6.7075e+01,6.5991e+01,6.5461e+01,6.4499e+01,6.4036e+01,6.4090e+01,6.4187e+01,6.4182e+01,6.4632e+01,6.4354e+01,6.4659e+01,6.5050e+01,6.5522e+01,6.6533e+01,6.6854e+01
6.6811e+01,6.6316e+01,6.5821e+01,6.5291e+01,6.4015e+01,6.3917e+01,6.3934e+01,6.5199e+01,6.5958e+01,6.7013e+01,6.7162e+01,6.8168e+01,6.8723e+01,6.7577e+01,6.7680e+01,6.9032e+01,6.9443e+01,6.9368e+01,6.9414e+01,7.0215e+01,7.0836e+01,7.0904e+01,7.0422e+01,6.9959e+01,6.8408e+01,6.7557e+01,6.6167e+01,6.5181e+01,6.5396e+01,6.6353e+01,6.7420e+01,6.8187e+01,6.9875e+01,7.0240e+01,7.0910e+01,6.9574e+01,6.8096e+01,6.7300e+01,6.6435e+01,6.6049e+01,6.4787e+01,6.4691e+01,6.3548e+01,6.2840e+01,6.2211e+01,6.2040e+01,6.2508e+01,6.2091e+01,6.1290e+01,6.1105e+01,6.1876e+01,6.2224e+01,6.3293e+01,6.3992e+01,6.4963e+01,6.4439e+01,6.3340e+01,6.3172e+01,6.3020e+01,6.3448e+01,6.3722e+01,6.3733e+01,6.4552e+01,6.4257e+01,6.4082e+01,6.5273e+01,6.5589e+01,6.4744e+01,6.3838e+01,6.2679e+01,6.2215e+01,6.1509e+01,6.1514e+01,6.2180e+01,6.3237e+01,6.3919e+01,6.4720e+01,6.4840e+01,6.3866e+01,6.3178e+01,6.2328e+01,6.1365e+01,6.0617e+01,6.0648e+01,6.0130e+01,6.0336e+01,6.0343e+01,5.9795e+01,5.9544e+01,5.9648e+01,5.9630e+01,6.0228e+01,6.0565e+01,6.1257e+01,6.1178e+01,6.1571e+01,6.2274e+01,6.3346e+01,6.3748e+01,6.2775e+01,6.2008e+01,6.1093e+01,6.0893e+01,6.1258e+01,6.1973e+01,6.1649e+01,6.2546e+01,6.3529e+01,6.4426e+01,6.5609e+01,6.6070e+01,6.7209e+01,6.7423e+01,6.8125e+01,6.7433e+01,6.8170e+01,6.8854e+01,6.7759e+01,6.7570e+01,6.6346e+01,6.6319e+01,6.7434e+01,6.8523e+01,7.0040e+01,7.1094e+01,7.2716e+01,7.3720e+01,7.4946e+01,7.5171e+01,7.6357e+01,7.7660e+01,7.9490e+01,7.8803e+01,7.8462e+01,7.6743e+01,7.5524e+01,7.6672e+01,7.5486e+01,7.5028e+01,7.5474e+01,7.4451e+01,7.3776e+01,7.2614e+01,7.2624e+01,7.2351e+01,7.0644e+01,6.9679e+01,6.9429e+01,6.9400e+01,6.8200e+01,6.8376e+01,6.7374e+01,6.7598e+01,6.8854e+01,6.9571e+01,6.8790e+01,6.8510e+01,6.7249e+01,6.6151e+01,6.5629e+01,6.4661e+01,6.4197e+01,6.4261e+01,6.4370e+01,6.4369e+01,6.4824e+01,6.4532e+01,6.4838e+01,6.5246e+01,6.5732e+01,6.6756e+01,6.7082e+01
6.7038e+01,6.6540e+01,6.6031e+01,6.5487e+01,6.4213e+01,6.4110e+01,6.4108e+01,6.5363e+01,6.6104e+01,6.7165e+01,6.7330e+01,6.8341e+01,6.8910e+01,6.7774e+01,6.7893e+01,6.9250e+01,6.9674e+01,6.9609e+01,6.9662e+01,7.0458e+01,7.1068e+01,7.1133e+01,7.0662e+01,7.0209e+01,6.8652e+01,6.7792e+01,6.6395e+01,6.5412e+01,6.5641e+01,6.6604e+01,6.7667e+01,6.8435e+01,7.0130e+01,7.0490e+01,7.1150e+01,6.9806e+01,6.8323e+01,6.7515e+01,6.6657e+01,6.6259e+01,6.4997e+01,6.4902e+01,6.3768e+01,6.3047e+01,6.2410e+01,6.2218e+01,6.2672e+01,6.2238e+01,6.1437e+01,6.1240e+01,6.1982e+01,6.2305e+01,6.3350e+01,6.4041e+01,6.5004e+01,6.4501e+01,6.3428e+01,6.3281e+01,6.3148e+01,6.3594e+01,6.3880e+01,6.3912e+01,6.4737e+01,6.4443e+01,6.4286e+01,6.5479e+01,6.5811e+01,6.4977e+01,6.4081e+01,6.2921e+01,6.2456e+01,6.1739e+01,6.1751e+01,6.2413e+01,6.3470e+01,6.4163e+01,6.4958e+01,6.5083e+01,6.4110e+01,6.3430e+01,6.2576e+01,6.1609e+01,6.0860e+01,6.0875e+01,6.0344e+01,6.0553e+01,6.0580e+01,6.0034e+01,5.9763e+01,5.9853e+01,5.9822e+01,6.0401e+01,6.0746e+01,6.1412e+01,6.1330e+01,6.1693e+01,6.2390e+01,6.3435e+01,6.3812e+01,6.2855e+01,6.2118e+01,6.1221e+01,6.1051e+01,6.1429e+01,6.2145e+01,6.1839e+01,6.2726e+01,6.3707e+01,6.4588e+01,6.5765e+01,6.6241e+01,6.7367e+01,6.7595e+01,6.8308e+01,6.7631e+01,6.8380e+01,6.9075e+01,6.7989e+01,6.7810e+01,6.6595e+01,6.6571e+01,6.7686e+01,6.8771e+01,7.0286e+01,7.1344e+01,7.2964e+01,7.3970e+01,7.5198e+01,7.5419e+01,7.6606e+01,7.7906e+01,7.9740e+01,7.9053e+01,7.8708e+01,7.6987e+01,7.5764e+01,7.6908e+01,7.5718e+01,7.5257e+01,7.5695e+01,7.4669e+01,7.3986e+01,7.2826e+01,7.2840e+01,7.2575e+01,7.0871e+01,6.9908e+01,6.9670e+01,6.9648e+01,6.8453e+01,6.8633e+01,6.7633e+01,6.7846e+01,6.9092e+01,6.9807e+01,6.9031e+01,6.8764e+01,6.7514e+01,6.6416e+01,6.5891e+01,6.4931e+01,6.4462e+01,6.4524e+01,6.4621e+01,6.4615e+01,6.5050e+01,6.4755e+01,6.5060e+01,6.5477e+01,6.5953e+01,6.6958e+01,6.7275e+01
6.7194e+01,6.6697e+01,6.6191e+01,6.5644e+01,6.4375e+01,6.4268e+01,6.4264e+01,6.5518e+01,6.6256e+01,6.7317e+01,6.7484e+01,6.8492e+01,6.9061e+01,6.7924e+01,6.8044e+01,6.9400e+01,6.9822e+01,6.9760e+01,6.9809e+01,7.0602e+01,7.1210e+01,7.1272e+01,7.0800e+01,7.0349e+01,6.8797e+01,6.7941e+01,6.6549e+01,6.5567e+01,6.5794e+01,6.6753e+01,6.7814e+01,6.8580e+01,7.0272e+01,7.0632e+01,7.1290e+01,6.9949e+01,6.8469e+01,6.7662e+01,6.6806e+01,6.6411e+01,6.5153e+01,6.5061e+01,6.3928e+01,6.3208e+01,6.2568e+01,6.2375e+01,6.2822e+01,6.2385e+01,6.1582e+01,6.1386e+01,6.2117e+01,6.2432e+01,6.3461e+01,6.4152e+01,6.5106e+01,6.4615e+01,6.3556e+01,6.3417e+01,6.3294e+01,6.3745e+01,6.4036e+01,6.4073e+01,6.4901e+01,6.4613e+01,6.4458e+01,6.5650e+01,6.5980e+01,6.5143e+01,6.4247e+01,6.3088e+01,6.2627e+01,6.1911e+01,6.1919e+01,6.2578e+01,6.3636e+01,6.4324e+01,6.5118e+01,6.5238e+01,6.4263e+01,6.3580e+01,6.2730e+01,6.1763e+01,6.1016e+01,6.1036e+01,6.0506e+01,6.0723e+01,6.0749e+01,6.0196e+01,5.9922e+01,6.0019e+01,5.9994e+01,6.0580e+01,6.0939e+01,6.1603e+01,6.1509e+01,6.1862e+01,6.2552e+01,6.3591e+01,6.3953e+01,6.2997e+01,6.2267e+01,6.1375e+01,6.1212e+01,6.1590e+01,6.2309e+01,6.2011e+01,6.2902e+01,6.3885e+01,6.4760e+01,6.5940e+01,6.6415e+01,6.7537e+01,6.7764e+01,6.8484e+01,6.7808e+01,6.8553e+01,6.9249e+01,6.8165e+01,6.7981e+01,6.6765e+01,6.6741e+01,6.7854e+01,6.8937e+01,7.0456e+01,7.1508e+01,7.3132e+01,7.4131e+01,7.5359e+01,7.5587e+01,7.6771e+01,7.8076e+01,7.9906e+01,7.9219e+01,7.8880e+01,7.7162e+01,7.5943e+01,7.7092e+01,7.5906e+01,7.5443e+01,7.5884e+01,7.4864e+01,7.4179e+01,7.3026e+01,7.3046e+01,7.2782e+01,7.1076e+01,7.0113e+01,6.9868e+01,6.9841e+01,6.8645e+01,6.8818e+01,6.7822e+01,6.8040e+01,6.9287e+01,6.9995e+01,6.9216e+01,6.8945e+01,6.7699e+01,6.6602e+01,6.6086e+01,6.5133e+01,6.4672e+01,6.4738e+01,6.4844e+01,6.4840e+01,6.5280e+01,6.4984e+01,6.5287e+01,6.5705e+01,6.6192e+01,6.7199e+01,6.7502e+01
6.7616e+01,6.7118e+01,6.6618e+01,6.6070e+01,6.4799e+01,6.4688e+01,6.4685e+01,6.5943e+01,6.6685e+01,6.7749e+01,6.7913e+01,6.8917e+01,6.9482e+01,6.8339e+01,6.8458e+01,6.9815e+01,7.0229e+01,7.0163e+01,7.0203e+01,7.0997e+01,7.1613e+01,7.1673e+01,7.1191e+01,7.0732e+01,6.9185e+01,6.8338e+01,6.6946e+01,6.5956e+01,6.6169e+01,6.7118e+01,6.8179e+01,6.8934e+01,7.0622e+01,7.0997e+01,7.1665e+01,7.0332e+01,6.8848e+01,6.8051e+01,6.7198e+01,6.6814e+01,6.5559e+01,6.5473e+01,6.4338e+01,6.3625e+01,6.2979e+01,6.2787e+01,6.3228e+01,6.2790e+01,6.1981e+01,6.1789e+01,6.2516e+01,6.2826e+01,6.3849e+01,6.4549e+01,6.5498e+01,6.5014e+01,6.3964e+01,6.3827e+01,6.3714e+01,6.4171e+01,6.4469e+01,6.4506e+01,6.5335e+01,6.5049e+01,6.4888e+01,6.6080e+01,6.6403e+01,6.5561e+01,6.4658e+01,6.3500e+01,6.3044e+01,6.2333e+01,6.2332e+01,6.2989e+01,6.4048e+01,6.4724e+01,6.5517e+01,6.5624e+01,6.4645e+01,6.3955e+01,6.3117e+01,6.2152e+01,6.1412e+01,6.1444e+01,6.0916e+01,6.1141e+01,6.1163e+01,6.0601e+01,6.0328e+01,6.0431e+01,6.0407e+01,6.1001e+01,6.1368e+01,6.2034e+01,6.1937e+01,6.2284e+01,6.2976e+01,6.4013e+01,6.4366e+01,6.3408e+01,6.2682e+01,6.1786e+01,6.1629e+01,6.2011e+01,6.2738e+01,6.2443e+01,6.3341e+01,6.4326e+01,6.5205e+01,6.6388e+01,6.6859e+01,6.7981e+01,6.8204e+01,6.8922e+01,6.8241e+01,6.8981e+01,6.9673e+01,6.8585e+01,6.8396e+01,6.7181e+01,6.7144e+01,6.8250e+01,6.9338e+01,7.0848e+01,7.1899e+01,7.3518e+01,7.4518e+01,7.5737e+01,7.5965e+01,7.7156e+01,7.8463e+01,8.0292e+01,7.9596e+01,7.9252e+01,7.7540e+01,7.6317e+01,7.7462e+01,7.6274e+01,7.5800e+01,7.6237e+01,7.5226e+01,7.4531e+01,7.3390e+01,7.3423e+01,7.3168e+01,7.1464e+01,7.0513e+01,7.0266e+01,7.0230e+01,6.9031e+01,6.9190e+01,6.8197e+01,6.8415e+01,6.9656e+01,7.0353e+01,6.9570e+01,6.9299e+01,6.8064e+01,6.6971e+01,6.6468e+01,6.5534e+01,6.5088e+01,6.5162e+01,6.5279e+01,6.5284e+01,6.5730e+01,6.5444e+01,6.5749e+01,6.6164e+01,6.6652e+01,6.7649e+01,6.7945e+01
6.7713e+01,6.7226e+01,6.6728e+01,6.6187e+01,6.4927e+01,6.4827e+01,6.4822e+01,6.6069e+01,6.6801e+01,6.7855e+01,6.8018e+01,6.9025e+01,6.9589e+01,6.8459e+01,6.8574e+01,6.9919e+01,7.0336e+01,7.0266e+01,7.0316e+01,7.1113e+01,7.1724e+01,7.1793e+01,7.1322e+01,7.0864e+01,6.9320e+01,6.8468e+01,6.7087e+01,6.6111e+01,6.6329e+01,6.7281e+01,6.8344e+01,6.9107e+01,7.0792e+01,7.1160e+01,7.1826e+01,7.0488e+01,6.9012e+01,6.8208e+01,6.7351e+01,6.6959e+01,6.5706e+01,6.5611e+01,6.4486e+01,6.3775e+01,6.3140e+01,6.2947e+01,6.3386e+01,6.2948e+01,6.2153e+01,6.1960e+01,6.2671e+01,6.2976e+01,6.3982e+01,6.4668e+01,6.5608e+01,6.5130e+01,6.4092e+01,6.3960e+01,6.3847e+01,6.4299e+01,6.4592e+01,6.4631e+01,6.5449e+01,6.5160e+01,6.5002e+01,6.6180e+01,6.6502e+01,6.5675e+01,6.4786e+01,6.3645e+01,6.3187e+01,6.2487e+01,6.2497e+01,6.3149e+01,6.4191e+01,6.4866e+01,6.5655e+01,6.5773e+01,6.4810e+01,6.4129e+01,6.3292e+01,6.2343e+01,6.1610e+01,6.1629e+01,6.1107e+01,6.1322e+01,6.1349e+01,6.0809e+01,6.0537e+01,6.0632e+01,6.0609e+01,6.1183e+01,6.1542e+01,6.2190e+01,6.2094e+01,6.2436e+01,6.3114e+01,6.4135e+01,6.4487e+01,6.3543e+01,6.2828e+01,6.1952e+01,6.1798e+01,6.2173e+01,6.2881e+01,6.2591e+01,6.3472e+01,6.4444e+01,6.5311e+01,6.6479e+01,6.6945e+01,6.8060e+01,6.8284e+01,6.8993e+01,6.8317e+01,6.9056e+01,6.9743e+01,6.8658e+01,6.8475e+01,6.7268e+01,6.7231e+01,6.8337e+01,6.9420e+01,7.0917e+01,7.1974e+01,7.3579e+01,7.4586e+01,7.5798e+01,7.6012e+01,7.7204e+01,7.8499e+01,8.0332e+01,7.9639e+01,7.9284e+01,7.7571e+01,7.6343e+01,7.7473e+01,7.6280e+01,7.5806e+01,7.6232e+01,7.5219e+01,7.4523e+01,7.3384e+01,7.3417e+01,7.3172e+01,7.1480e+01,7.0540e+01,7.0304e+01,7.0274e+01,6.9086e+01,6.9253e+01,6.8268e+01,6.8473e+01,6.9697e+01,7.0394e+01,6.9626e+01,6.9370e+01,6.8152e+01,6.7072e+01,6.6563e+01,6.5645e+01,6.5194e+01,6.5266e+01,6.5371e+01,6.5373e+01,6.5804e+01,6.5525e+01,6.5831e+01,6.6239e+01,6.6710e+01,6.7687e+01,6.7962e+01
6.7644e+01,6.7180e+01,6.6681e+01,6.6168e+01,6.4918e+01,6.4854e+01,6.4857e+01,6.6100e+01,6.6823e+01,6.7854e+01,6.8008e+01,6.9025e+01,6.9580e+01,6.8468e+01,6.8561e+01,6.9879e+01,7.0296e+01,7.0208e+01,7.0284e+01,7.1098e+01,7.1710e+01,7.1810e+01,7.1357e+01,7.0889e+01,6.9349e+01,6.8481e+01,6.7119e+01,6.6170e+01,6.6386e+01,6.7356e+01,6.8437e+01,6.9226e+01,7.0909e+01,7.1262e+01,7.1932e+01,7.0583e+01,6.9123e+01,6.8309e+01,6.7427e+01,6.7016e+01,6.5754e+01,6.5628e+01,6.4506e+01,6.3800e+01,6.3194e+01,6.3007e+01,6.3472e+01,6.3029e+01,6.2239e+01,6.2026e+01,6.2736e+01,6.3029e+01,6.4041e+01,6.4697e+01,6.5649e+01,6.5183e+01,6.4141e+01,6.4021e+01,6.3882e+01,6.4322e+01,6.4584e+01,6.4612e+01,6.5401e+01,6.5088e+01,6.4925e+01,6.6072e+01,6.6390e+01,6.5592e+01,6.4718e+01,6.3606e+01,6.3131e+01,6.2457e+01,6.2496e+01,6.3156e+01,6.4171e+01,6.4843e+01,6.5645e+01,6.5790e+01,6.4857e+01,6.4175e+01,6.3330e+01,6.2404e+01,6.1665e+01,6.1673e+01,6.1160e+01,6.1338e+01,6.1358e+01,6.0857e+01,6.0601e+01,6.0671e+01,6.0634e+01,6.1174e+01,6.1490e+01,6.2123e+01,6.2056e+01,6.2410e+01,6.3081e+01,6.4084e+01,6.4454e+01,6.3539e+01,6.2839e+01,6.1978e+01,6.1820e+01,6.2193e+01,6.2869e+01,6.2561e+01,6.3409e+01,6.4358e+01,6.5222e+01,6.6357e+01,6.6817e+01,6.7932e+01,6.8163e+01,6.8844e+01,6.8168e+01,6.8907e+01,6.9568e+01,6.8487e+01,6.8328e+01,6.7142e+01,6.7103e+01,6.8209e+01,6.9284e+01,7.0761e+01,7.1828e+01,7.3405e+01,7.4427e+01,7.5625e+01,7.5812e+01,7.7001e+01,7.8272e+01,8.0103e+01,7.9419e+01,7.9045e+01,7.7337e+01,7.6101e+01,7.7202e+01,7.6001e+01,7.5527e+01,7.5925e+01,7.4913e+01,7.4203e+01,7.3080e+01,7.3124e+01,7.2908e+01,7.1243e+01,7.0332e+01,7.0120e+01,7.0097e+01,6.8923e+01,6.9100e+01,6.8122e+01,6.8290e+01,6.9482e+01,7.0176e+01,6.9426e+01,6.9209e+01,6.8024e+01,6.6956e+01,6.6443e+01,6.5551e+01,6.5091e+01,6.5171e+01,6.5261e+01,6.5276e+01,6.5692e+01,6.5434e+01,6.5751e+01,6.6139e+01,6.6575e+01,6.7532e+01,6.7809e+01
6.7769e+01,6.7307e+01,6.6810e+01,6.6304e+01,6.5064e+01,6.5007e+01,6.5013e+01,6.6252e+01,6.6973e+01,6.7997e+01,6.8146e+01,6.9162e+01,6.9712e+01,6.8603e+01,6.8689e+01,6.9998e+01,7.0413e+01,7.0322e+01,7.0401e+01,7.1217e+01,7.1830e+01,7.1939e+01,7.1489e+01,7.1016e+01,6.9483e+01,6.8614e+01,6.7260e+01,6.6320e+01,6.6531e+01,6.7502e+01,6.8589e+01,6.9385e+01,7.1064e+01,7.1416e+01,7.2092e+01,7.0741e+01,6.9288e+01,6.8474e+01,6.7583e+01,6.7169e+01,6.5909e+01,6.5775e+01,6.4656e+01,6.3957e+01,6.3360e+01,6.3175e+01,6.3640e+01,6.3195e+01,6.2410e+01,6.2194e+01,6.2891e+01,6.3176e+01,6.4173e+01,6.4822e+01,6.5764e+01,6.5309e+01,6.4281e+01,6.4171e+01,6.4035e+01,6.4475e+01,6.4733e+01,6.4760e+01,6.5540e+01,6.5225e+01,6.5059e+01,6.6195e+01,6.6506e+01,6.5714e+01,6.4843e+01,6.3744e+01,6.3272e+01,6.2612e+01,6.2652e+01,6.3309e+01,6.4313e+01,6.4975e+01,6.5779e+01,6.5925e+01,6.5003e+01,6.4317e+01,6.3476e+01,6.2562e+01,6.1831e+01,6.1843e+01,6.1340e+01,6.1514e+01,6.1530e+01,6.1039e+01,6.0791e+01,6.0861e+01,6.0828e+01,6.1356e+01,6.1669e+01,6.2288e+01,6.2222e+01,6.2570e+01,6.3232e+01,6.4223e+01,6.4587e+01,6.3683e+01,6.2992e+01,6.2145e+01,6.1990e+01,6.2358e+01,6.3025e+01,6.2721e+01,6.3559e+01,6.4500e+01,6.5358e+01,6.6483e+01,6.6939e+01,6.8047e+01,6.8278e+01,6.8955e+01,6.8280e+01,6.9010e+01,6.9662e+01,6.8585e+01,6.8430e+01,6.7256e+01,6.7210e+01,6.8304e+01,6.9376e+01,7.0841e+01,7.1905e+01,7.3469e+01,7.4489e+01,7.5677e+01,7.5860e+01,7.7046e+01,7.8311e+01,8.0135e+01,7.9450e+01,7.9072e+01,7.7375e+01,7.6140e+01,7.7231e+01,7.6034e+01,7.5554e+01,7.5943e+01,7.4944e+01,7.4228e+01,7.3127e+01,7.3188e+01,7.2985e+01,7.1333e+01,7.0442e+01,7.0229e+01,7.0198e+01,6.9030e+01,6.9195e+01,6.8225e+01,6.8385e+01,6.9561e+01,7.0240e+01,6.9491e+01,6.9283e+01,6.8123e+01,6.7064e+01,6.6570e+01,6.5706e+01,6.5262e+01,6.5351e+01,6.5450e+01,6.5475e+01,6.5889e+01,6.5639e+01,6.5952e+01,6.6331e+01,6.6761e+01,6.7709e+01,6.7986e+01
6.7808e+01,6.7358e+01,6.6862e+01,6.6375e+01,6.5150e+01,6.5117e+01,6.5130e+01,6.6363e+01,6.7080e+01,6.8082e+01,6.8221e+01,6.9239e+01,6.9780e+01,6.8685e+01,6.8755e+01,7.0043e+01,7.0458e+01,7.0357e+01,7.0451e+01,7.1274e+01,7.1883e+01,7.2010e+01,7.1575e+01,7.1099e+01,6.9574e+01,6.8698e+01,6.7363e+01,6.6446e+01,6.6656e+01,6.7636e+01,6.8730e+01,6.9542e+01,7.1211e+01,7.1550e+01,7.2225e+01,7.0872e+01,6.9436e+01,6.8619e+01,6.7715e+01,6.7289e+01,6.6028e+01,6.5875e+01,6.4764e+01,6.4070e+01,6.3496e+01,6.3315e+01,6.3798e+01,6.3351e+01,6.2573e+01,6.2348e+01,6.3040e+01,6.3318e+01,6.4314e+01,6.4942e+01,6.5887e+01,6.5440e+01,6.4412e+01,6.4311e+01,6.4157e+01,6.4585e+01,6.4822e+01,6.4840e+01,6.5598e+01,6.5270e+01,6.5100e+01,6.6212e+01,6.6517e+01,6.5747e+01,6.4890e+01,6.3816e+01,6.3336e+01,6.2698e+01,6.2755e+01,6.3412e+01,6.4394e+01,6.5053e+01,6.5862e+01,6.6026e+01,6.5127e+01,6.4444e+01,6.3601e+01,6.2708e+01,6.1978e+01,6.1982e+01,6.1490e+01,6.1639e+01,6.1652e+01,6.1191e+01,6.0956e+01,6.1013e+01,6.0978e+01,6.1479e+01,6.1766e+01,6.2369e+01,6.2317e+01,6.2672e+01,6.3322e+01,6.4299e+01,6.4675e+01,6.3791e+01,6.3109e+01,6.2278e+01,6.2117e+01,6.2478e+01,6.3119e+01,6.2808e+01,6.3619e+01,6.4541e+01,6.5392e+01,6.6493e+01,6.6944e+01,6.8048e+01,6.8282e+01,6.8941e+01,6.8268e+01,6.8995e+01,6.9630e+01,6.8558e+01,6.8418e+01,6.7264e+01,6.7218e+01,6.8306e+01,6.9369e+01,7.0817e+01,7.1884e+01,7.3428e+01,7.4454e+01,7.5630e+01,7.5797e+01,7.6980e+01,7.8229e+01,8.0049e+01,7.9369e+01,7.8981e+01,7.7289e+01,7.6052e+01,7.7124e+01,7.5925e+01,7.5445e+01,7.5818e+01,7.4822e+01,7.4099e+01,7.3011e+01,7.3081e+01,7.2896e+01,7.1262e+01,7.0393e+01,7.0193e+01,7.0166e+01,6.9013e+01,6.9182e+01,6.8223e+01,6.8362e+01,6.9510e+01,7.0183e+01,6.9450e+01,6.9267e+01,6.8135e+01,6.7092e+01,6.6605e+01,6.5766e+01,6.5324e+01,6.5414e+01,6.5505e+01,6.5537e+01,6.5941e+01,6.5704e+01,6.6014e+01,6.6376e+01,6.6784e+01,6.7715e+01,6.7988e+01
6.7887e+01,6.7444e+01,6.6935e+01,6.6454e+01,6.5232e+01,6.5214e+01,6.5222e+01,6.6453e+01,6.7160e+01,6.8156e+01,6.8297e+01,6.9327e+01,6.9871e+01,6.8786e+01,6.8852e+01,7.0132e+01,7.0556e+01,7.0454e+01,7.0564e+01,7.1393e+01,7.1998e+01,7.2139e+01,7.1717e+01,7.1241e+01,6.9713e+01,6.8822e+01,6.7490e+01,6.6584e+01,6.6801e+01,6.7797e+01,6.8903e+01,6.9731e+01,7.1402e+01,7.1732e+01,7.2407e+01,7.1043e+01,6.9613e+01,6.8783e+01,6.7864e+01,6.7420e+01,6.6151e+01,6.5981e+01,6.4869e+01,6.4168e+01,6.3603e+01,6.3414e+01,6.3908e+01,6.3444e+01,6.2663e+01,6.2418e+01,6.3096e+01,6.3356e+01,6.4344e+01,6.4959e+01,6.5906e+01,6.5476e+01,6.4459e+01,6.4379e+01,6.4220e+01,6.4654e+01,6.4882e+01,6.4906e+01,6.5656e+01,6.5318e+01,6.5155e+01,6.6258e+01,6.6569e+01,6.5815e+01,6.4968e+01,6.3901e+01,6.3415e+01,6.2780e+01,6.2850e+01,6.3511e+01,6.4485e+01,6.5151e+01,6.5965e+01,6.6146e+01,6.5258e+01,6.4577e+01,6.3724e+01,6.2836e+01,6.2100e+01,6.2091e+01,6.1595e+01,6.1732e+01,6.1754e+01,6.1309e+01,6.1070e+01,6.1110e+01,6.1069e+01,6.1548e+01,6.1828e+01,6.2410e+01,6.2362e+01,6.2708e+01,6.3351e+01,6.4312e+01,6.4685e+01,6.3814e+01,6.3147e+01,6.2330e+01,6.2180e+01,6.2547e+01,6.3178e+01,6.2868e+01,6.3663e+01,6.4579e+01,6.5421e+01,6.6506e+01,6.6962e+01,6.8059e+01,6.8305e+01,6.8961e+01,6.8295e+01,6.9028e+01,6.9660e+01,6.8595e+01,6.8473e+01,6.7336e+01,6.7294e+01,6.8376e+01,6.9430e+01,7.0871e+01,7.1938e+01,7.3471e+01,7.4498e+01,7.5671e+01,7.5829e+01,7.7006e+01,7.8242e+01,8.0059e+01,7.9383e+01,7.8989e+01,7.7303e+01,7.6067e+01,7.7128e+01,7.5930e+01,7.5451e+01,7.5810e+01,7.4818e+01,7.4091e+01,7.3015e+01,7.3092e+01,7.2919e+01,7.1301e+01,7.0445e+01,7.0256e+01,7.0235e+01,6.9094e+01,6.9267e+01,6.8317e+01,6.8439e+01,6.9564e+01,7.0231e+01,6.9512e+01,6.9348e+01,6.8237e+01,6.7204e+01,6.6719e+01,6.5897e+01,6.5453e+01,6.5539e+01,6.5616e+01,6.5646e+01,6.6036e+01,6.5797e+01,6.6105e+01,6.6464e+01,6.6852e+01,6.7767e+01,6.8047e+01
6.8009e+01,6.7583e+01,6.7076e+01,6.6615e+01,6.5409e+01,6.5413e+01,6.5430e+01,6.6653e+01,6.7354e+01,6.8327e+01,6.8458e+01,6.9491e+01,7.0027e+01,6.8956e+01,6.9008e+01,7.0268e+01,7.0692e+01,7.0582e+01,7.0705e+01,7.1539e+01,7.2142e+01,7.2299e+01,7.1888e+01,7.1409e+01,6.9888e+01,6.8992e+01,6.7677e+01,6.6791e+01,6.7006e+01,6.8009e+01,6.9119e+01,6.9958e+01,7.1621e+01,7.1941e+01,7.2617e+01,7.1252e+01,6.9836e+01,6.9006e+01,6.8076e+01,6.7624e+01,6.6355e+01,6.6169e+01,6.5065e+01,6.4373e+01,6.3833e+01,6.3651e+01,6.4164e+01,6.3702e+01,6.2931e+01,6.2676e+01,6.3349e+01,6.3601e+01,6.4587e+01,6.5181e+01,6.6125e+01,6.5705e+01,6.4693e+01,6.4621e+01,6.4442e+01,6.4862e+01,6.5067e+01,6.5082e+01,6.5807e+01,6.5457e+01,6.5291e+01,6.6369e+01,6.6675e+01,6.5942e+01,6.5109e+01,6.4068e+01,6.3579e+01,6.2967e+01,6.3049e+01,6.3708e+01,6.4657e+01,6.5316e+01,6.6134e+01,6.6329e+01,6.5465e+01,6.4788e+01,6.3936e+01,6.3072e+01,6.2343e+01,6.2327e+01,6.1845e+01,6.1960e+01,6.1979e+01,6.1565e+01,6.1339e+01,6.1368e+01,6.1328e+01,6.1782e+01,6.2041e+01,6.2606e+01,6.2567e+01,6.2919e+01,6.3550e+01,6.4496e+01,6.4879e+01,6.4029e+01,6.3371e+01,6.2570e+01,6.2415e+01,6.2773e+01,6.3377e+01,6.3061e+01,6.3830e+01,6.4721e+01,6.5555e+01,6.6611e+01,6.7057e+01,6.8144e+01,6.8392e+01,6.9028e+01,6.8369e+01,6.9097e+01,6.9715e+01,6.8659e+01,6.8554e+01,6.7441e+01,6.7395e+01,6.8467e+01,6.9510e+01,7.0930e+01,7.1998e+01,7.3509e+01,7.4541e+01,7.5703e+01,7.5845e+01,7.7014e+01,7.8232e+01,8.0043e+01,7.9373e+01,7.8969e+01,7.7293e+01,7.6057e+01,7.7097e+01,7.5899e+01,7.5422e+01,7.5763e+01,7.4773e+01,7.4042e+01,7.2981e+01,7.3065e+01,7.2911e+01,7.1318e+01,7.0485e+01,7.0314e+01,7.0298e+01,6.9177e+01,6.9356e+01,6.8423e+01,6.8524e+01,6.9616e+01,7.0277e+01,6.9580e+01,6.9441e+01,6.8365e+01,6.7355e+01,6.6871e+01,6.6080e+01,6.5643e+01,6.5728e+01,6.5795e+01,6.5829e+01,6.6206e+01,6.5982e+01,6.6290e+01,6.6632e+01,6.6993e+01,6.7889e+01,6.8168e+01
6.8230e+01,6.7799e+01,6.7282e+01,6.6814e+01,6.5602e+01,6.5602e+01,6.5610e+01,6.6835e+01,6.7532e+01,6.8511e+01,6.8650e+01,6.9690e+01,7.0234e+01,6.9164e+01,6.9221e+01,7.0484e+01,7.0915e+01,7.0809e+01,7.0937e+01,7.1772e+01,7.2373e+01,7.2534e+01,7.2125e+01,7.1646e+01,7.0117e+01,6.9214e+01,6.7893e+01,6.7001e+01,6.7221e+01,6.8229e+01,6.9343e+01,7.0185e+01,7.1855e+01,7.2178e+01,7.2857e+01,7.1486e+01,7.0062e+01,6.9225e+01,6.8291e+01,6.7832e+01,6.6556e+01,6.6372e+01,6.5263e+01,6.4561e+01,6.4013e+01,6.3818e+01,6.4327e+01,6.3852e+01,6.3071e+01,6.2807e+01,6.3469e+01,6.3714e+01,6.4699e+01,6.5299e+01,6.6247e+01,6.5833e+01,6.4823e+01,6.4763e+01,6.4593e+01,6.5026e+01,6.5239e+01,6.5264e+01,6.5999e+01,6.5652e+01,6.5496e+01,6.6582e+01,6.6895e+01,6.6163e+01,6.5333e+01,6.4284e+01,6.3798e+01,6.3173e+01,6.3251e+01,6.3909e+01,6.4867e+01,6.5533e+01,6.6349e+01,6.6544e+01,6.5674e+01,6.4997e+01,6.4143e+01,6.3270e+01,6.2539e+01,6.2515e+01,6.2023e+01,6.2149e+01,6.2183e+01,6.1761e+01,6.1521e+01,6.1545e+01,6.1503e+01,6.1955e+01,6.2231e+01,6.2785e+01,6.2736e+01,6.3071e+01,6.3703e+01,6.4647e+01,6.5020e+01,6.4163e+01,6.3508e+01,6.2707e+01,6.2567e+01,6.2934e+01,6.3549e+01,6.3242e+01,6.4015e+01,6.4912e+01,6.5741e+01,6.6796e+01,6.7249e+01,6.8331e+01,6.8587e+01,6.9229e+01,6.8577e+01,6.9309e+01,6.9935e+01,6.8886e+01,6.8784e+01,6.7680e+01,6.7636e+01,6.8699e+01,6.9736e+01,7.1152e+01,7.2213e+01,7.3724e+01,7.4749e+01,7.5910e+01,7.6056e+01,7.7221e+01,7.8439e+01,8.0244e+01,7.9573e+01,7.9172e+01,7.7503e+01,7.6274e+01,7.7314e+01,7.6123e+01,7.5645e+01,7.5988e+01,7.5005e+01,7.4278e+01,7.3224e+01,7.3307e+01,7.3149e+01,7.1562e+01,7.0727e+01,7.0554e+01,7.0538e+01,6.9423e+01,6.9598e+01,6.8671e+01,6.8777e+01,6.9861e+01,7.0515e+01,6.9823e+01,6.9682e+01,6.8612e+01,6.7610e+01,6.7135e+01,6.6350e+01,6.5919e+01,6.5996e+01,6.6059e+01,6.6079e+01,6.6456e+01,6.6217e+01,6.6518e+01,6.6869e+01,6.7226e+01,6.8123e+01,6.8415e+01
6.8265e+01,6.7836e+01,6.7296e+01,6.6822e+01,6.5593e+01,6.5600e+01,6.5593e+01,6.6827e+01,6.7512e+01,6.8502e+01,6.8655e+01,6.9716e+01,7.0275e+01,6.9212e+01,6.9275e+01,7.0543e+01,7.0992e+01,7.0888e+01,7.1036e+01,7.1884e+01,7.2482e+01,7.2654e+01,7.2255e+01,7.1774e+01,7.0226e+01,6.9301e+01,6.7967e+01,6.7072e+01,6.7307e+01,6.8336e+01,6.9462e+01,7.0319e+01,7.2008e+01,7.2327e+01,7.3008e+01,7.1615e+01,7.0178e+01,6.9319e+01,6.8373e+01,6.7894e+01,6.6597e+01,6.6399e+01,6.5278e+01,6.4552e+01,6.3996e+01,6.3779e+01,6.4296e+01,6.3791e+01,6.2993e+01,6.2709e+01,6.3361e+01,6.3591e+01,6.4581e+01,6.5172e+01,6.6135e+01,6.5734e+01,6.4724e+01,6.4685e+01,6.4519e+01,6.4972e+01,6.5189e+01,6.5231e+01,6.5971e+01,6.5611e+01,6.5469e+01,6.6560e+01,6.6893e+01,6.6173e+01,6.5351e+01,6.4289e+01,6.3786e+01,6.3140e+01,6.3239e+01,6.3913e+01,6.4880e+01,6.5569e+01,6.6396e+01,6.6609e+01,6.5736e+01,6.5055e+01,6.4176e+01,6.3286e+01,6.2533e+01,6.2489e+01,6.1973e+01,6.2093e+01,6.2143e+01,6.1723e+01,6.1463e+01,6.1465e+01,6.1401e+01,6.1837e+01,6.2114e+01,6.2654e+01,6.2614e+01,6.2933e+01,6.3572e+01,6.4505e+01,6.4873e+01,6.4026e+01,6.3386e+01,6.2589e+01,6.2467e+01,6.2855e+01,6.3472e+01,6.3168e+01,6.3936e+01,6.4842e+01,6.5664e+01,6.6715e+01,6.7186e+01,6.8270e+01,6.8547e+01,6.9192e+01,6.8549e+01,6.9300e+01,6.9935e+01,6.8886e+01,6.8803e+01,6.7700e+01,6.7675e+01,6.8750e+01,6.9782e+01,7.1209e+01,7.2282e+01,7.3795e+01,7.4831e+01,7.6002e+01,7.6136e+01,7.7297e+01,7.8504e+01,8.0318e+01,7.9657e+01,7.9250e+01,7.7571e+01,7.6339e+01,7.7373e+01,7.6174e+01,7.5710e+01,7.6041e+01,7.5045e+01,7.4323e+01,7.3259e+01,7.3327e+01,7.3173e+01,7.1594e+01,7.0753e+01,7.0598e+01,7.0600e+01,6.9489e+01,6.9683e+01,6.8754e+01,6.8852e+01,6.9933e+01,7.0599e+01,6.9917e+01,6.9785e+01,6.8713e+01,6.7710e+01,6.7213e+01,6.6409e+01,6.5956e+01,6.6019e+01,6.6061e+01,6.6066e+01,6.6420e+01,6.6170e+01,6.6481e+01,6.6848e+01,6.7196e+01,6.8090e+01,6.8380e+01
6.8533e+01,6.8114e+01,6.7561e+01,6.7097e+01,6.5878e+01,6.5906e+01,6.5897e+01,6.7121e+01,6.7791e+01,6.8764e+01,6.8917e+01,6.9987e+01,7.0549e+01,6.9506e+01,6.9566e+01,7.0818e+01,7.1277e+01,7.1170e+01,7.1340e+01,7.2194e+01,7.2785e+01,7.2971e+01,7.2590e+01,7.2111e+01,7.0562e+01,6.9621e+01,6.8298e+01,6.7421e+01,6.7665e+01,6.8707e+01,6.9841e+01,7.0712e+01,7.2399e+01,7.2706e+01,7.3382e+01,7.1981e+01,7.0556e+01,6.9686e+01,6.8729e+01,6.8232e+01,6.6928e+01,6.6710e+01,6.5594e+01,6.4864e+01,6.4325e+01,6.4104e+01,6.4637e+01,6.4120e+01,6.3326e+01,6.3017e+01,6.3652e+01,6.3870e+01,6.4860e+01,6.5429e+01,6.6402e+01,6.6013e+01,6.5005e+01,6.4982e+01,6.4803e+01,6.5254e+01,6.5456e+01,6.5500e+01,6.6224e+01,6.5850e+01,6.5716e+01,6.6788e+01,6.7127e+01,6.6435e+01,6.5631e+01,6.4583e+01,6.4071e+01,6.3432e+01,6.3552e+01,6.4229e+01,6.5180e+01,6.5875e+01,6.6706e+01,6.6939e+01,6.6084e+01,6.5407e+01,6.4517e+01,6.3639e+01,6.2882e+01,6.2822e+01,6.2307e+01,6.2406e+01,6.2464e+01,6.2069e+01,6.1811e+01,6.1795e+01,6.1725e+01,6.2131e+01,6.2391e+01,6.2905e+01,6.2875e+01,6.3188e+01,6.3815e+01,6.4726e+01,6.5098e+01,6.4275e+01,6.3651e+01,6.2873e+01,6.2759e+01,6.3148e+01,6.3744e+01,6.3441e+01,6.4184e+01,6.5073e+01,6.5882e+01,6.6907e+01,6.7378e+01,6.8450e+01,6.8738e+01,6.9369e+01,6.8738e+01,6.9493e+01,7.0121e+01,6.9085e+01,6.9027e+01,6.7950e+01,6.7931e+01,6.8996e+01,7.0011e+01,7.1419e+01,7.2497e+01,7.3987e+01,7.5030e+01,7.6194e+01,7.6308e+01,7.7457e+01,7.8640e+01,8.0449e+01,7.9801e+01,7.9381e+01,7.7709e+01,7.6477e+01,7.7486e+01,7.6284e+01,7.5829e+01,7.6136e+01,7.5140e+01,7.4417e+01,7.3365e+01,7.3435e+01,7.3304e+01,7.1756e+01,7.0937e+01,7.0807e+01,7.0823e+01,6.9732e+01,6.9941e+01,6.9025e+01,6.9098e+01,7.0147e+01,7.0812e+01,7.0155e+01,7.0049e+01,6.9008e+01,6.8022e+01,6.7512e+01,6.6724e+01,6.6260e+01,6.6319e+01,6.6339e+01,6.6341e+01,6.6669e+01,6.6431e+01,6.6747e+01,6.7109e+01,6.7431e+01,6.8303e+01,6.8587e+01
6.8354e+01,6.7928e+01,6.7348e+01,6.6881e+01,6.5634e+01,6.5676e+01,6.5665e+01,6.6907e+01,6.7574e+01,6.8555e+01,6.8716e+01,6.9807e+01,7.0379e+01,6.9337e+01,6.9397e+01,7.0657e+01,7.1129e+01,7.1017e+01,7.1203e+01,7.2076e+01,7.2673e+01,7.2873e+01,7.2493e+01,7.2005e+01,7.0433e+01,6.9471e+01,6.8132e+01,6.7244e+01,6.7492e+01,6.8553e+01,6.9707e+01,7.0593e+01,7.2302e+01,7.2615e+01,7.3301e+01,7.1881e+01,7.0438e+01,6.9553e+01,6.8578e+01,6.8069e+01,6.6738e+01,6.6503e+01,6.5362e+01,6.4610e+01,6.4064e+01,6.3833e+01,6.4391e+01,6.3851e+01,6.3024e+01,6.2670e+01,6.3315e+01,6.3491e+01,6.4511e+01,6.5069e+01,6.6081e+01,6.5721e+01,6.4706e+01,6.4710e+01,6.4518e+01,6.4986e+01,6.5183e+01,6.5234e+01,6.5964e+01,6.5565e+01,6.5436e+01,6.6521e+01,6.6875e+01,6.6188e+01,6.5377e+01,6.4307e+01,6.3765e+01,6.3105e+01,6.3249e+01,6.3958e+01,6.4928e+01,6.5643e+01,6.6496e+01,6.6743e+01,6.5877e+01,6.5181e+01,6.4263e+01,6.3359e+01,6.2566e+01,6.2496e+01,6.1950e+01,6.2035e+01,6.2101e+01,6.1695e+01,6.1418e+01,6.1374e+01,6.1272e+01,6.1673e+01,6.1926e+01,6.2440e+01,6.2433e+01,6.2737e+01,6.3392e+01,6.4302e+01,6.4675e+01,6.3860e+01,6.3255e+01,6.2458e+01,6.2369e+01,6.2796e+01,6.3401e+01,6.3081e+01,6.3832e+01,6.4745e+01,6.5566e+01,6.6593e+01,6.7084e+01,6.8170e+01,6.8477e+01,6.9110e+01,6.8476e+01,6.9253e+01,6.9886e+01,6.8840e+01,6.8798e+01,6.7712e+01,6.7701e+01,6.8788e+01,6.9812e+01,7.1231e+01,7.2332e+01,7.3827e+01,7.4891e+01,7.6067e+01,7.6164e+01,7.7315e+01,7.8490e+01,8.0317e+01,7.9676e+01,7.9242e+01,7.7553e+01,7.6307e+01,7.7308e+01,7.6089e+01,7.5645e+01,7.5938e+01,7.4920e+01,7.4199e+01,7.3129e+01,7.3183e+01,7.3059e+01,7.1515e+01,7.0693e+01,7.0581e+01,7.0611e+01,6.9511e+01,6.9735e+01,6.8799e+01,6.8856e+01,6.9917e+01,7.0598e+01,6.9935e+01,6.9840e+01,6.8785e+01,6.7779e+01,6.7237e+01,6.6424e+01,6.5930e+01,6.5991e+01,6.5993e+01,6.5997e+01,6.6312e+01,6.6076e+01,6.6421e+01,6.6801e+01,6.7114e+01,6.7987e+01,6.8276e+01
6.7909e+01,6.7489e+01,6.6900e+01,6.6447e+01,6.5193e+01,6.5262e+01,6.5264e+01,6.6520e+01,6.7192e+01,6.8157e+01,6.8304e+01,6.9410e+01,6.9976e+01,6.8941e+01,6.8986e+01,7.0237e+01,7.0716e+01,7.0593e+01,7.0800e+01,7.1691e+01,7.2290e+01,7.2510e+01,7.2143e+01,7.1647e+01,7.0066e+01,6.9082e+01,6.7747e+01,6.6873e+01,6.7123e+01,6.8207e+01,6.9382e+01,7.0293e+01,7.2012e+01,7.2314e+01,7.3005e+01,7.1567e+01,7.0129e+01,6.9229e+01,6.8229e+01,6.7702e+01,6.6352e+01,6.6089e+01,6.4936e+01,6.4177e+01,6.3647e+01,6.3423e+01,6.4020e+01,6.3475e+01,6.2636e+01,6.2254e+01,6.2939e+01,6.3125e+01,6.4183e+01,6.4709e+01,6.5751e+01,6.5393e+01,6.4349e+01,6.4350e+01,6.4118e+01,6.4573e+01,6.4744e+01,6.4782e+01,6.5499e+01,6.5077e+01,6.4942e+01,6.6022e+01,6.6380e+01,6.5705e+01,6.4896e+01,6.3825e+01,6.3261e+01,6.2603e+01,6.2770e+01,6.3500e+01,6.4468e+01,6.5195e+01,6.6067e+01,6.6336e+01,6.5479e+01,6.4773e+01,6.3831e+01,6.2925e+01,6.2108e+01,6.2029e+01,6.1477e+01,6.1535e+01,6.1598e+01,6.1206e+01,6.0937e+01,6.0879e+01,6.0775e+01,6.1167e+01,6.1399e+01,6.1915e+01,6.1922e+01,6.2249e+01,6.2909e+01,6.3828e+01,6.4233e+01,6.3428e+01,6.2811e+01,6.2000e+01,6.1895e+01,6.2328e+01,6.2920e+01,6.2580e+01,6.3323e+01,6.4237e+01,6.5067e+01,6.6090e+01,6.6580e+01,6.7675e+01,6.7988e+01,6.8611e+01,6.7971e+01,6.8759e+01,6.9386e+01,6.8337e+01,6.8312e+01,6.7231e+01,6.7222e+01,6.8318e+01,6.9342e+01,7.0763e+01,7.1878e+01,7.3370e+01,7.4447e+01,7.5630e+01,7.5714e+01,7.6863e+01,7.8030e+01,7.9863e+01,7.9230e+01,7.8790e+01,7.7092e+01,7.5841e+01,7.6836e+01,7.5607e+01,7.5174e+01,7.5457e+01,7.4425e+01,7.3704e+01,7.2625e+01,7.2673e+01,7.2561e+01,7.1022e+01,7.0204e+01,7.0107e+01,7.0148e+01,6.9049e+01,6.9288e+01,6.8346e+01,6.8384e+01,6.9442e+01,7.0134e+01,6.9476e+01,6.9398e+01,6.8343e+01,6.7330e+01,6.6761e+01,6.5940e+01,6.5424e+01,6.5490e+01,6.5480e+01,6.5495e+01,6.5805e+01,6.5588e+01,6.5950e+01,6.6323e+01,6.6623e+01,6.7491e+01,6.7762e+01
6.7960e+01,6.7544e+01,6.6957e+01,6.6511e+01,6.5263e+01,6.5336e+01,6.5348e+01,6.6604e+01,6.7282e+01,6.8233e+01,6.8368e+01,6.9473e+01,7.0032e+01,6.9000e+01,6.9038e+01,7.0279e+01,7.0756e+01,7.0630e+01,7.0839e+01,7.1729e+01,7.2327e+01,7.2550e+01,7.2184e+01,7.1688e+01,7.0112e+01,6.9130e+01,6.7803e+01,6.6937e+01,6.7185e+01,6.8267e+01,6.9441e+01,7.0352e+01,7.2065e+01,7.2365e+01,7.3056e+01,7.1622e+01,7.0190e+01,6.9295e+01,6.8291e+01,6.7767e+01,6.6419e+01,6.6155e+01,6.5006e+01,6.4250e+01,6.3721e+01,6.3504e+01,6.4109e+01,6.3574e+01,6.2735e+01,6.2374e+01,6.3087e+01,6.3294e+01,6.4348e+01,6.4862e+01,6.5900e+01,6.5539e+01,6.4487e+01,6.4471e+01,6.4228e+01,6.4667e+01,6.4830e+01,6.4857e+01,6.5565e+01,6.5141e+01,6.5003e+01,6.6070e+01,6.6426e+01,6.5760e+01,6.4960e+01,6.3898e+01,6.3338e+01,6.2686e+01,6.2850e+01,6.3574e+01,6.4537e+01,6.5259e+01,6.6128e+01,6.6397e+01,6.5542e+01,6.4839e+01,6.3901e+01,6.2999e+01,6.2188e+01,6.2110e+01,6.1565e+01,6.1631e+01,6.1693e+01,6.1300e+01,6.1036e+01,6.0995e+01,6.0907e+01,6.1298e+01,6.1526e+01,6.2036e+01,6.2046e+01,6.2384e+01,6.3035e+01,6.3947e+01,6.4364e+01,6.3575e+01,6.2952e+01,6.2144e+01,6.2013e+01,6.2428e+01,6.3014e+01,6.2674e+01,6.3409e+01,6.4308e+01,6.5133e+01,6.6146e+01,6.6627e+01,6.7718e+01,6.8027e+01,6.8640e+01,6.8004e+01,6.8788e+01,6.9410e+01,6.8368e+01,6.8349e+01,6.7277e+01,6.7264e+01,6.8353e+01,6.9372e+01,7.0782e+01,7.1898e+01,7.3379e+01,7.4458e+01,7.5636e+01,7.5713e+01,7.6858e+01,7.8015e+01,7.9846e+01,7.9216e+01,7.8770e+01,7.7076e+01,7.5824e+01,7.6806e+01,7.5574e+01,7.5143e+01,7.5414e+01,7.4380e+01,7.3654e+01,7.2580e+01,7.2632e+01,7.2538e+01,7.1012e+01,7.0206e+01,7.0121e+01,7.0165e+01,6.9076e+01,6.9322e+01,6.8386e+01,6.8416e+01,6.9461e+01,7.0153e+01,6.9506e+01,6.9436e+01,6.8391e+01,6.7387e+01,6.6816e+01,6.6000e+01,6.5480e+01,6.5546e+01,6.5529e+01,6.5547e+01,6.5848e+01,6.5645e+01,6.6008e+01,6.6373e+01,6.6672e+01,6.7533e+01,6.7782e+01
6.7672e+01,6.7260e+01,6.6685e+01,6.6257e+01,6.5017e+01,6.5105e+01,6.5145e+01,6.6400e+01,6.7092e+01,6.8018e+01,6.8130e+01,6.9228e+01,6.9767e+01,6.8739e+01,6.8758e+01,6.9983e+01,7.0448e+01,7.0309e+01,7.0522e+01,7.1421e+01,7.2026e+01,7.2263e+01,7.1899e+01,7.1394e+01,6.9824e+01,6.8841e+01,6.7529e+01,6.6674e+01,6.6914e+01,6.7999e+01,6.9182e+01,7.0106e+01,7.1812e+01,7.2106e+01,7.2802e+01,7.1368e+01,6.9950e+01,6.9060e+01,6.8042e+01,6.7520e+01,6.6172e+01,6.5895e+01,6.4749e+01,6.4011e+01,6.3501e+01,6.3314e+01,6.3945e+01,6.3445e+01,6.2630e+01,6.2296e+01,6.3045e+01,6.3282e+01,6.4352e+01,6.4850e+01,6.5892e+01,6.5505e+01,6.4428e+01,6.4378e+01,6.4097e+01,6.4499e+01,6.4637e+01,6.4635e+01,6.5325e+01,6.4900e+01,6.4745e+01,6.5799e+01,6.6139e+01,6.5472e+01,6.4673e+01,6.3627e+01,6.3077e+01,6.2447e+01,6.2600e+01,6.3315e+01,6.4264e+01,6.4972e+01,6.5842e+01,6.6113e+01,6.5271e+01,6.4565e+01,6.3634e+01,6.2749e+01,6.1957e+01,6.1885e+01,6.1367e+01,6.1433e+01,6.1482e+01,6.1107e+01,6.0867e+01,6.0851e+01,6.0800e+01,6.1192e+01,6.1407e+01,6.1927e+01,6.1932e+01,6.2304e+01,6.2941e+01,6.3866e+01,6.4315e+01,6.3528e+01,6.2880e+01,6.2069e+01,6.1888e+01,6.2267e+01,6.2837e+01,6.2484e+01,6.3212e+01,6.4088e+01,6.4926e+01,6.5931e+01,6.6386e+01,6.7477e+01,6.7766e+01,6.8360e+01,6.7716e+01,6.8484e+01,6.9091e+01,6.8051e+01,6.8028e+01,6.6963e+01,6.6937e+01,6.8019e+01,6.9037e+01,7.0432e+01,7.1546e+01,7.3015e+01,7.4095e+01,7.5264e+01,7.5338e+01,7.6487e+01,7.7640e+01,7.9472e+01,7.8839e+01,7.8386e+01,7.6694e+01,7.5438e+01,7.6415e+01,7.5183e+01,7.4750e+01,7.5017e+01,7.3981e+01,7.3253e+01,7.2180e+01,7.2232e+01,7.2142e+01,7.0621e+01,6.9825e+01,6.9741e+01,6.9784e+01,6.8701e+01,6.8952e+01,6.8020e+01,6.8043e+01,6.9079e+01,6.9773e+01,6.9135e+01,6.9072e+01,6.8036e+01,6.7043e+01,6.6470e+01,6.5666e+01,6.5153e+01,6.5221e+01,6.5208e+01,6.5237e+01,6.5544e+01,6.5359e+01,6.5722e+01,6.6065e+01,6.6362e+01,6.7222e+01,6.7459e+01
6.8007e+01,6.7600e+01,6.7044e+01,6.6632e+01,6.5401e+01,6.5491e+01,6.5552e+01,6.6805e+01,6.7511e+01,6.8423e+01,6.8516e+01,6.9602e+01,7.0122e+01,6.9089e+01,6.9089e+01,7.0301e+01,7.0747e+01,7.0591e+01,7.0792e+01,7.1694e+01,7.2312e+01,7.2553e+01,7.2175e+01,7.1657e+01,7.0104e+01,6.9138e+01,6.7838e+01,6.6983e+01,6.7199e+01,6.8264e+01,6.9445e+01,7.0355e+01,7.2048e+01,7.2357e+01,7.3066e+01,7.1651e+01,7.0238e+01,6.9371e+01,6.8356e+01,6.7856e+01,6.6518e+01,6.6248e+01,6.5106e+01,6.4392e+01,6.3889e+01,6.3726e+01,6.4354e+01,6.3875e+01,6.3068e+01,6.2753e+01,6.3502e+01,6.3742e+01,6.4807e+01,6.5312e+01,6.6349e+01,6.5963e+01,6.4887e+01,6.4828e+01,6.4548e+01,6.4936e+01,6.5066e+01,6.5043e+01,6.5716e+01,6.5289e+01,6.5113e+01,6.6147e+01,6.6463e+01,6.5797e+01,6.4993e+01,6.3966e+01,6.3421e+01,6.2818e+01,6.2960e+01,6.3670e+01,6.4609e+01,6.5288e+01,6.6158e+01,6.6411e+01,6.5569e+01,6.4852e+01,6.3947e+01,6.3075e+01,6.2298e+01,6.2259e+01,6.1760e+01,6.1824e+01,6.1844e+01,6.1458e+01,6.1238e+01,6.1242e+01,6.1193e+01,6.1604e+01,6.1805e+01,6.2338e+01,6.2358e+01,6.2744e+01,6.3388e+01,6.4313e+01,6.4767e+01,6.3987e+01,6.3340e+01,6.2522e+01,6.2334e+01,6.2707e+01,6.3268e+01,6.2900e+01,6.3625e+01,6.4488e+01,6.5333e+01,6.6329e+01,6.6767e+01,6.7859e+01,6.8134e+01,6.8706e+01,6.8052e+01,6.8804e+01,6.9391e+01,6.8350e+01,6.8319e+01,6.7260e+01,6.7213e+01,6.8284e+01,6.9306e+01,7.0679e+01,7.1790e+01,7.3240e+01,7.4322e+01,7.5473e+01,7.5538e+01,7.6692e+01,7.7838e+01,7.9665e+01,7.9025e+01,7.8560e+01,7.6881e+01,7.5618e+01,7.6576e+01,7.5339e+01,7.4892e+01,7.5144e+01,7.4120e+01,7.3377e+01,7.2326e+01,7.2399e+01,7.2332e+01,7.0825e+01,7.0055e+01,6.9972e+01,7.0002e+01,6.8924e+01,6.9162e+01,6.8235e+01,6.8251e+01,6.9275e+01,6.9955e+01,6.9317e+01,6.9260e+01,6.8240e+01,6.7255e+01,6.6696e+01,6.5917e+01,6.5421e+01,6.5506e+01,6.5510e+01,6.5558e+01,6.5877e+01,6.5719e+01,6.6084e+01,6.6404e+01,6.6700e+01,6.7557e+01,6.7788e+01
6.8431e+01,6.8035e+01,6.7478e+01,6.7070e+01,6.5848e+01,6.5941e+01,6.5999e+01,6.7237e+01,6.7931e+01,6.8832e+01,6.8928e+01,7.0010e+01,7.0531e+01,6.9509e+01,6.9510e+01,7.0711e+01,7.1155e+01,7.1000e+01,7.1201e+01,7.2097e+01,7.2710e+01,7.2951e+01,7.2577e+01,7.2063e+01,7.0520e+01,6.9559e+01,6.8269e+01,6.7423e+01,6.7638e+01,6.8693e+01,6.9864e+01,7.0765e+01,7.2448e+01,7.2756e+01,7.3460e+01,7.2053e+01,7.0650e+01,6.9788e+01,6.8782e+01,6.8285e+01,6.6959e+01,6.6691e+01,6.5564e+01,6.4855e+01,6.4357e+01,6.4192e+01,6.4810e+01,6.4334e+01,6.3536e+01,6.3225e+01,6.3953e+01,6.4180e+01,6.5228e+01,6.5722e+01,6.6751e+01,6.6378e+01,6.5318e+01,6.5267e+01,6.4993e+01,6.5381e+01,6.5508e+01,6.5489e+01,6.6148e+01,6.5718e+01,6.5549e+01,6.6565e+01,6.6885e+01,6.6237e+01,6.5448e+01,6.4436e+01,6.3892e+01,6.3298e+01,6.3447e+01,6.4148e+01,6.5072e+01,6.5746e+01,6.6607e+01,6.6859e+01,6.6024e+01,6.5317e+01,6.4425e+01,6.3568e+01,6.2804e+01,6.2763e+01,6.2272e+01,6.2323e+01,6.2343e+01,6.1971e+01,6.1755e+01,6.1745e+01,6.1680e+01,6.2072e+01,6.2260e+01,6.2773e+01,6.2806e+01,6.3181e+01,6.3816e+01,6.4714e+01,6.5161e+01,6.4406e+01,6.3783e+01,6.2986e+01,6.2813e+01,6.3186e+01,6.3731e+01,6.3368e+01,6.4071e+01,6.4916e+01,6.5744e+01,6.6719e+01,6.7155e+01,6.8235e+01,6.8516e+01,6.9077e+01,6.8438e+01,6.9190e+01,6.9775e+01,6.8747e+01,6.8727e+01,6.7678e+01,6.7632e+01,6.8703e+01,6.9717e+01,7.1077e+01,7.2194e+01,7.3627e+01,7.4719e+01,7.5864e+01,7.5911e+01,7.7061e+01,7.8187e+01,8.0015e+01,7.9384e+01,7.8904e+01,7.7227e+01,7.5957e+01,7.6891e+01,7.5648e+01,7.5206e+01,7.5435e+01,7.4404e+01,7.3655e+01,7.2608e+01,7.2677e+01,7.2630e+01,7.1148e+01,7.0393e+01,7.0331e+01,7.0372e+01,6.9308e+01,6.9558e+01,6.8637e+01,6.8640e+01,6.9648e+01,7.0332e+01,6.9707e+01,6.9664e+01,6.8656e+01,6.7680e+01,6.7113e+01,6.6342e+01,6.5839e+01,6.5929e+01,6.5919e+01,6.5969e+01,6.6266e+01,6.6120e+01,6.6491e+01,6.6806e+01,6.7088e+01,6.7929e+01,6.8142e+01
6.8933e+01,6.8541e+01,6.7999e+01,6.7594e+01,6.6378e+01,6.6463e+01,6.6528e+01,6.7760e+01,6.8459e+01,6.9358e+01,6.9448e+01,7.0516e+01,7.1026e+01,6.9999e+01,6.9996e+01,7.1193e+01,7.1621e+01,7.1460e+01,7.1644e+01,7.2533e+01,7.3153e+01,7.3387e+01,7.2999e+01,7.2481e+01,7.0956e+01,7.0017e+01,6.8734e+01,6.7883e+01,6.8085e+01,6.9116e+01,7.0273e+01,7.1155e+01,7.2825e+01,7.3145e+01,7.3853e+01,7.2465e+01,7.1066e+01,7.0224e+01,6.9232e+01,6.8757e+01,6.7447e+01,6.7193e+01,6.6075e+01,6.5381e+01,6.4881e+01,6.4727e+01,6.5333e+01,6.4872e+01,6.4081e+01,6.3790e+01,6.4516e+01,6.4746e+01,6.5786e+01,6.6283e+01,6.7308e+01,6.6933e+01,6.5876e+01,6.5817e+01,6.5549e+01,6.5932e+01,6.6061e+01,6.6037e+01,6.6690e+01,6.6267e+01,6.6092e+01,6.7095e+01,6.7404e+01,6.6753e+01,6.5962e+01,6.4961e+01,6.4428e+01,6.3849e+01,6.3987e+01,6.4676e+01,6.5590e+01,6.6245e+01,6.7097e+01,6.7332e+01,6.6497e+01,6.5790e+01,6.4922e+01,6.4076e+01,6.3334e+01,6.3311e+01,6.2837e+01,6.2893e+01,6.2900e+01,6.2527e+01,6.2326e+01,6.2327e+01,6.2264e+01,6.2658e+01,6.2843e+01,6.3354e+01,6.3390e+01,6.3759e+01,6.4391e+01,6.5280e+01,6.5721e+01,6.4973e+01,6.4356e+01,6.3566e+01,6.3392e+01,6.3755e+01,6.4297e+01,6.3938e+01,6.4639e+01,6.5475e+01,6.6297e+01,6.7267e+01,6.7699e+01,6.8776e+01,6.9050e+01,6.9602e+01,6.8962e+01,6.9703e+01,7.0279e+01,6.9253e+01,6.9224e+01,6.8173e+01,6.8119e+01,6.9183e+01,7.0199e+01,7.1549e+01,7.2662e+01,7.4086e+01,7.5176e+01,7.6308e+01,7.6353e+01,7.7508e+01,7.8630e+01,8.0452e+01,7.9815e+01,7.9328e+01,7.7662e+01,7.6391e+01,7.7312e+01,7.6071e+01,7.5618e+01,7.5840e+01,7.4824e+01,7.4067e+01,7.3039e+01,7.3121e+01,7.3083e+01,7.1609e+01,7.0865e+01,7.0800e+01,7.0831e+01,6.9769e+01,7.0009e+01,6.9092e+01,6.9098e+01,7.0102e+01,7.0776e+01,7.0148e+01,7.0102e+01,6.9102e+01,6.8133e+01,6.7584e+01,6.6831e+01,6.6346e+01,6.6444e+01,6.6445e+01,6.6497e+01,6.6791e+01,6.6650e+01,6.7012e+01,6.7320e+01,6.7606e+01,6.8443e+01,6.8641e+01
6.9188e+01,6.8807e+01,6.8286e+01,6.7898e+01,6.6692e+01,6.6781e+01,6.6866e+01,6.8087e+01,6.8792e+01,6.9672e+01,6.9747e+01,7.0799e+01,7.1291e+01,7.0265e+01,7.0250e+01,7.1432e+01,7.1840e+01,7.1668e+01,7.1838e+01,7.2724e+01,7.3353e+01,7.3588e+01,7.3189e+01,7.2663e+01,7.1157e+01,7.0238e+01,6.8973e+01,6.8126e+01,6.8308e+01,6.9316e+01,7.0464e+01,7.1331e+01,7.2986e+01,7.3312e+01,7.4025e+01,7.2657e+01,7.1270e+01,7.0452e+01,6.9469e+01,6.9016e+01,6.7724e+01,6.7475e+01,6.6372e+01,6.5704e+01,6.5222e+01,6.5095e+01,6.5702e+01,6.5270e+01,6.4500e+01,6.4223e+01,6.4956e+01,6.5197e+01,6.6240e+01,6.6731e+01,6.7753e+01,6.7367e+01,6.6303e+01,6.6225e+01,6.5946e+01,6.6305e+01,6.6422e+01,6.6378e+01,6.7011e+01,6.6591e+01,6.6402e+01,6.7387e+01,6.7679e+01,6.7029e+01,6.6240e+01,6.5260e+01,6.4740e+01,6.4186e+01,6.4314e+01,6.4988e+01,6.5881e+01,6.6511e+01,6.7353e+01,6.7575e+01,6.6749e+01,6.6043e+01,6.5202e+01,6.4382e+01,6.3666e+01,6.3666e+01,6.3223e+01,6.3270e+01,6.3254e+01,6.2891e+01,6.2723e+01,6.2738e+01,6.2689e+01,6.3082e+01,6.3254e+01,6.3766e+01,6.3805e+01,6.4187e+01,6.4809e+01,6.5694e+01,6.6147e+01,6.5409e+01,6.4787e+01,6.4003e+01,6.3812e+01,6.4155e+01,6.4680e+01,6.4314e+01,6.5004e+01,6.5817e+01,6.6640e+01,6.7596e+01,6.8007e+01,6.9077e+01,6.9336e+01,6.9868e+01,6.9228e+01,6.9952e+01,7.0512e+01,6.9494e+01,6.9457e+01,6.8416e+01,6.8347e+01,6.9400e+01,7.0414e+01,7.1746e+01,7.2858e+01,7.4264e+01,7.5358e+01,7.6474e+01,7.6508e+01,7.7668e+01,7.8781e+01,8.0600e+01,7.9961e+01,7.9462e+01,7.7805e+01,7.6528e+01,7.7431e+01,7.6190e+01,7.5731e+01,7.5941e+01,7.4936e+01,7.4174e+01,7.3164e+01,7.3256e+01,7.3230e+01,7.1772e+01,7.1046e+01,7.0983e+01,7.1010e+01,6.9959e+01,7.0194e+01,6.9290e+01,6.9295e+01,7.0282e+01,7.0947e+01,7.0328e+01,7.0286e+01,6.9299e+01,6.8344e+01,6.7809e+01,6.7077e+01,6.6607e+01,6.6716e+01,6.6725e+01,6.6782e+01,6.7078e+01,6.6953e+01,6.7311e+01,6.7601e+01,6.7879e+01,6.8710e+01,6.8900e+01
6.9523e+01,6.9157e+01,6.8632e+01,6.8254e+01,6.7060e+01,6.7161e+01,6.7244e+01,6.8448e+01,6.9140e+01,7.0006e+01,7.0080e+01,7.1130e+01,7.1620e+01,7.0609e+01,7.0592e+01,7.1759e+01,7.2172e+01,7.2000e+01,7.2178e+01,7.3061e+01,7.3683e+01,7.3922e+01,7.3532e+01,7.3012e+01,7.1515e+01,7.0596e+01,6.9344e+01,6.8516e+01,6.8704e+01,6.9710e+01,7.0849e+01,7.1716e+01,7.3361e+01,7.3676e+01,7.4378e+01,7.3015e+01,7.1641e+01,7.0824e+01,6.9846e+01,6.9389e+01,6.8107e+01,6.7850e+01,6.6762e+01,6.6098e+01,6.5631e+01,6.5504e+01,6.6113e+01,6.5681e+01,6.4921e+01,6.4639e+01,6.5360e+01,6.5593e+01,6.6627e+01,6.7102e+01,6.8121e+01,6.7744e+01,6.6687e+01,6.6617e+01,6.6330e+01,6.6682e+01,6.6787e+01,6.6743e+01,6.7356e+01,6.6930e+01,6.6748e+01,6.7709e+01,6.8006e+01,6.7378e+01,6.6609e+01,6.5647e+01,6.5125e+01,6.4583e+01,6.4725e+01,6.5394e+01,6.6265e+01,6.6894e+01,6.7731e+01,6.7965e+01,6.7159e+01,6.6464e+01,6.5625e+01,6.4824e+01,6.4113e+01,6.4104e+01,6.3667e+01,6.3695e+01,6.3681e+01,6.3342e+01,6.3179e+01,6.3177e+01,6.3120e+01,6.3488e+01,6.3643e+01,6.4135e+01,6.4184e+01,6.4563e+01,6.5172e+01,6.6035e+01,6.6491e+01,6.5776e+01,6.5171e+01,6.4407e+01,6.4219e+01,6.4558e+01,6.5061e+01,6.4697e+01,6.5362e+01,6.6156e+01,6.6964e+01,6.7894e+01,6.8301e+01,6.9358e+01,6.9621e+01,7.0140e+01,6.9511e+01,7.0231e+01,7.0784e+01,6.9782e+01,6.9764e+01,6.8743e+01,6.8683e+01,6.9732e+01,7.0732e+01,7.2057e+01,7.3174e+01,7.4566e+01,7.5669e+01,7.6785e+01,7.6802e+01,7.7948e+01,7.9041e+01,8.0856e+01,8.0236e+01,7.9732e+01,7.8075e+01,7.6803e+01,7.7690e+01,7.6451e+01,7.6007e+01,7.6205e+01,7.5198e+01,7.4444e+01,7.3440e+01,7.3523e+01,7.3505e+01,7.2071e+01,7.1353e+01,7.1309e+01,7.1354e+01,7.0324e+01,7.0575e+01,6.9687e+01,6.9682e+01,7.0647e+01,7.1314e+01,7.0717e+01,7.0688e+01,6.9716e+01,6.8773e+01,6.8235e+01,6.7513e+01,6.7036e+01,6.7141e+01,6.7132e+01,6.7183e+01,6.7463e+01,6.7339e+01,6.7692e+01,6.7977e+01,6.8233e+01,6.9041e+01,6.9210e+01
7.0183e+01,6.9828e+01,6.9324e+01,6.8953e+01,6.7761e+01,6.7859e+01,6.7955e+01,6.9159e+01,6.9861e+01,7.0723e+01,7.0787e+01,7.1825e+01,7.2301e+01,7.1281e+01,7.1254e+01,7.2418e+01,7.2812e+01,7.2629e+01,7.2793e+01,7.3675e+01,7.4309e+01,7.4547e+01,7.4142e+01,7.3612e+01,7.2131e+01,7.1230e+01,6.9984e+01,6.9153e+01,6.9322e+01,7.0306e+01,7.1436e+01,7.2285e+01,7.3917e+01,7.4247e+01,7.4958e+01,7.3614e+01,7.2242e+01,7.1448e+01,7.0478e+01,7.0044e+01,6.8775e+01,6.8525e+01,6.7440e+01,6.6794e+01,6.6332e+01,6.6222e+01,6.6828e+01,6.6411e+01,6.5656e+01,6.5383e+01,6.6109e+01,6.6344e+01,6.7379e+01,6.7855e+01,6.8876e+01,6.8499e+01,6.7438e+01,6.7360e+01,6.7072e+01,6.7417e+01,6.7519e+01,6.7464e+01,6.8067e+01,6.7640e+01,6.7445e+01,6.8394e+01,6.8675e+01,6.8043e+01,6.7268e+01,6.6318e+01,6.5800e+01,6.5274e+01,6.5412e+01,6.6077e+01,6.6938e+01,6.7547e+01,6.8381e+01,6.8601e+01,6.7796e+01,6.7099e+01,6.6279e+01,6.5493e+01,6.4797e+01,6.4805e+01,6.4383e+01,6.4407e+01,6.4375e+01,6.4039e+01,6.3893e+01,6.3897e+01,6.3840e+01,6.4210e+01,6.4355e+01,6.4853e+01,6.4911e+01,6.5294e+01,6.5906e+01,6.6768e+01,6.7227e+01,6.6518e+01,6.5913e+01,6.5149e+01,6.4954e+01,6.5288e+01,6.5787e+01,6.5416e+01,6.6079e+01,6.6868e+01,6.7679e+01,6.8608e+01,6.9008e+01,7.0071e+01,7.0325e+01,7.0831e+01,7.0193e+01,7.0904e+01,7.1443e+01,7.0438e+01,7.0411e+01,6.9385e+01,6.9312e+01,7.0357e+01,7.1364e+01,7.2677e+01,7.3792e+01,7.5171e+01,7.6274e+01,7.7374e+01,7.7387e+01,7.8541e+01,7.9629e+01,8.1440e+01,8.0812e+01,8.0299e+01,7.8653e+01,7.7376e+01,7.8250e+01,7.7010e+01,7.6553e+01,7.6743e+01,7.5749e+01,7.4985e+01,7.3997e+01,7.4093e+01,7.4084e+01,7.2655e+01,7.1950e+01,7.1905e+01,7.1939e+01,7.0909e+01,7.1147e+01,7.0261e+01,7.0254e+01,7.1215e+01,7.1872e+01,7.1268e+01,7.1242e+01,7.0277e+01,6.9337e+01,6.8815e+01,6.8113e+01,6.7647e+01,6.7767e+01,6.7767e+01,6.7827e+01,6.8108e+01,6.7994e+01,6.8349e+01,6.8621e+01,6.8877e+01,6.9678e+01,6.9831e+01
7.0692e+01,7.0356e+01,6.9862e+01,6.9513e+01,6.8342e+01,6.8454e+01,6.8560e+01,6.9744e+01,7.0439e+01,7.1278e+01,7.1331e+01,7.2357e+01,7.2820e+01,7.1817e+01,7.1781e+01,7.2920e+01,7.3307e+01,7.3119e+01,7.3285e+01,7.4163e+01,7.4793e+01,7.5038e+01,7.4640e+01,7.4111e+01,7.2649e+01,7.1755e+01,7.0535e+01,6.9730e+01,6.9895e+01,7.0871e+01,7.1992e+01,7.2842e+01,7.4456e+01,7.4772e+01,7.5475e+01,7.4140e+01,7.2793e+01,7.2007e+01,7.1042e+01,7.0608e+01,6.9356e+01,6.9097e+01,6.8032e+01,6.7405e+01,6.6968e+01,6.6873e+01,6.7485e+01,6.7083e+01,6.6347e+01,6.6075e+01,6.6801e+01,6.7038e+01,6.8069e+01,6.8531e+01,6.9545e+01,6.9165e+01,6.8107e+01,6.8022e+01,6.7719e+01,6.8042e+01,6.8124e+01,6.8055e+01,6.8633e+01,6.8205e+01,6.8003e+01,6.8923e+01,6.9195e+01,6.8582e+01,6.7823e+01,6.6901e+01,6.6390e+01,6.5888e+01,6.6031e+01,6.6686e+01,6.7517e+01,6.8111e+01,6.8937e+01,6.9164e+01,6.8386e+01,6.7698e+01,6.6890e+01,6.6132e+01,6.5449e+01,6.5459e+01,6.5057e+01,6.5064e+01,6.5021e+01,6.4707e+01,6.4582e+01,6.4585e+01,6.4534e+01,6.4891e+01,6.5021e+01,6.5509e+01,6.5572e+01,6.5963e+01,6.6561e+01,6.7412e+01,6.7882e+01,6.7188e+01,6.6587e+01,6.5836e+01,6.5631e+01,6.5949e+01,6.6423e+01,6.6049e+01,6.6689e+01,6.7450e+01,6.8255e+01,6.9159e+01,6.9538e+01,7.0587e+01,7.0830e+01,7.1316e+01,7.0683e+01,7.1376e+01,7.1897e+01,7.0911e+01,7.0894e+01,6.9895e+01,6.9818e+01,7.0844e+01,7.1834e+01,7.3128e+01,7.4239e+01,7.5596e+01,7.6698e+01,7.7786e+01,7.7787e+01,7.8928e+01,7.9999e+01,8.1795e+01,8.1178e+01,8.0663e+01,7.9031e+01,7.7763e+01,7.8619e+01,7.7391e+01,7.6940e+01,7.7121e+01,7.6142e+01,7.5386e+01,7.4419e+01,7.4520e+01,7.4518e+01,7.3115e+01,7.2429e+01,7.2390e+01,7.2429e+01,7.1421e+01,7.1663e+01,7.0799e+01,7.0790e+01,7.1723e+01,7.2369e+01,7.1786e+01,7.1768e+01,7.0830e+01,6.9913e+01,6.9404e+01,6.8731e+01,6.8282e+01,6.8405e+01,6.8410e+01,6.8473e+01,6.8755e+01,6.8653e+01,6.8995e+01,6.9248e+01,6.9483e+01,7.0267e+01,7.0415e+01
7.1307e+01,7.0977e+01,7.0482e+01,7.0129e+01,6.8970e+01,6.9078e+01,6.9173e+01,7.0335e+01,7.1010e+01,7.1843e+01,7.1908e+01,7.2927e+01,7.3397e+01,7.2410e+01,7.2387e+01,7.3520e+01,7.3912e+01,7.3736e+01,7.3900e+01,7.4761e+01,7.5377e+01,7.5610e+01,7.5219e+01,7.4706e+01,7.3255e+01,7.2369e+01,7.1156e+01,7.0361e+01,7.0538e+01,7.1507e+01,7.2608e+01,7.3449e+01,7.5050e+01,7.5354e+01,7.6038e+01,7.4713e+01,7.3377e+01,7.2592e+01,7.1647e+01,7.1213e+01,6.9978e+01,6.9725e+01,6.8679e+01,6.8052e+01,6.7622e+01,6.7519e+01,6.8120e+01,6.7718e+01,6.7000e+01,6.6727e+01,6.7431e+01,6.7657e+01,6.8666e+01,6.9110e+01,7.0109e+01,6.9741e+01,6.8703e+01,6.8626e+01,6.8328e+01,6.8650e+01,6.8733e+01,6.8676e+01,6.9249e+01,6.8827e+01,6.8640e+01,6.9551e+01,6.9833e+01,6.9232e+01,6.8491e+01,6.7578e+01,6.7071e+01,6.6570e+01,6.6719e+01,6.7362e+01,6.8180e+01,6.8776e+01,6.9589e+01,6.9821e+01,6.9056e+01,6.8386e+01,6.7583e+01,6.6840e+01,6.6167e+01,6.6161e+01,6.5761e+01,6.5762e+01,6.5732e+01,6.5434e+01,6.5306e+01,6.5295e+01,6.5238e+01,6.5571e+01,6.5698e+01,6.6163e+01,6.6224e+01,6.6598e+01,6.7180e+01,6.8005e+01,6.8462e+01,6.7790e+01,6.7209e+01,6.6484e+01,6.6290e+01,6.6604e+01,6.7064e+01,6.6704e+01,6.7328e+01,6.8076e+01,6.8860e+01,6.9748e+01,7.0130e+01,7.1162e+01,7.1412e+01,7.1898e+01,7.1284e+01,7.1978e+01,7.2505e+01,7.1533e+01,7.1523e+01,7.0532e+01,7.0467e+01,7.1495e+01,7.2472e+01,7.3761e+01,7.4872e+01,7.6221e+01,7.7324e+01,7.8413e+01,7.8407e+01,7.9540e+01,8.0599e+01,8.2394e+01,8.1787e+01,8.1271e+01,7.9638e+01,7.8374e+01,7.9221e+01,7.7993e+01,7.7552e+01,7.7725e+01,7.6740e+01,7.5989e+01,7.5020e+01,7.5110e+01,7.5111e+01,7.3722e+01,7.3034e+01,7.3010e+01,7.3064e+01,7.2069e+01,7.2326e+01,7.1470e+01,7.1455e+01,7.2376e+01,7.3027e+01,7.2456e+01,7.2446e+01,7.1516e+01,7.0608e+01,7.0090e+01,6.9416e+01,6.8958e+01,6.9073e+01,6.9060e+01,6.9110e+01,6.9373e+01,6.9264e+01,6.9602e+01,6.9859e+01,7.0082e+01,7.0856e+01,7.0994e+01
7.1653e+01,7.1341e+01,7.0851e+01,7.0508e+01,6.9365e+01,6.9479e+01,6.9574e+01,7.0711e+01,7.1370e+01,7.2183e+01,7.2248e+01,7.3256e+01,7.3724e+01,7.2757e+01,7.2735e+01,7.3850e+01,7.4240e+01,7.4066e+01,7.4235e+01,7.5088e+01,7.5694e+01,7.5928e+01,7.5545e+01,7.5041e+01,7.3602e+01,7.2723e+01,7.1529e+01,7.0753e+01,7.0934e+01,7.1893e+01,7.2977e+01,7.3812e+01,7.5400e+01,7.5692e+01,7.6362e+01,7.5045e+01,7.3728e+01,7.2949e+01,7.2018e+01,7.1584e+01,7.0369e+01,7.0112e+01,6.9090e+01,6.8474e+01,6.8064e+01,6.7966e+01,6.8566e+01,6.8176e+01,6.7482e+01,6.7211e+01,6.7903e+01,6.8125e+01,6.9120e+01,6.9542e+01,7.0529e+01,7.0166e+01,6.9139e+01,6.9061e+01,6.8754e+01,6.9060e+01,6.9131e+01,6.9071e+01,6.9625e+01,6.9203e+01,6.9022e+01,6.9910e+01,7.0195e+01,6.9616e+01,6.8897e+01,6.8006e+01,6.7506e+01,6.7016e+01,6.7172e+01,6.7802e+01,6.8594e+01,6.9185e+01,6.9984e+01,7.0222e+01,6.9479e+01,6.8830e+01,6.8038e+01,6.7319e+01,6.6662e+01,6.6644e+01,6.6257e+01,6.6243e+01,6.6217e+01,6.5945e+01,6.5825e+01,6.5804e+01,6.5750e+01,6.6057e+01,6.6169e+01,6.6612e+01,6.6677e+01,6.7048e+01,6.7612e+01,6.8414e+01,6.8875e+01,6.8226e+01,6.7659e+01,6.6957e+01,6.6761e+01,6.7064e+01,6.7501e+01,6.7144e+01,6.7740e+01,6.8462e+01,6.9230e+01,7.0091e+01,7.0464e+01,7.1479e+01,7.1728e+01,7.2199e+01,7.1600e+01,7.2290e+01,7.2810e+01,7.1857e+01,7.1861e+01,7.0890e+01,7.0830e+01,7.1849e+01,7.2811e+01,7.4084e+01,7.5195e+01,7.6525e+01,7.7631e+01,7.8716e+01,7.8696e+01,7.9816e+01,8.0854e+01,8.2646e+01,8.2054e+01,8.1532e+01,7.9902e+01,7.8640e+01,7.9469e+01,7.8242e+01,7.7815e+01,7.7975e+01,7.6983e+01,7.6240e+01,7.5271e+01,7.5350e+01,7.5358e+01,7.3993e+01,7.3315e+01,7.3309e+01,7.3379e+01,7.2407e+01,7.2681e+01,7.1843e+01,7.1820e+01,7.2716e+01,7.3371e+01,7.2826e+01,7.2827e+01,7.1916e+01,7.1027e+01,7.0503e+01,6.9841e+01,6.9381e+01,6.9491e+01,6.9463e+01,6.9505e+01,6.9752e+01,6.9650e+01,6.9984e+01,7.0233e+01,7.0432e+01,7.1185e+01,7.1312e+01
7.1915e+01,7.1626e+01,7.1149e+01,7.0825e+01,6.9705e+01,6.9832e+01,6.9933e+01,7.1046e+01,7.1693e+01,7.2482e+01,7.2541e+01,7.3539e+01,7.3996e+01,7.3051e+01,7.3021e+01,7.4109e+01,7.4493e+01,7.4314e+01,7.4489e+01,7.5336e+01,7.5936e+01,7.6177e+01,7.5804e+01,7.5304e+01,7.3885e+01,7.3012e+01,7.1843e+01,7.1094e+01,7.1276e+01,7.2230e+01,7.3301e+01,7.4135e+01,7.5701e+01,7.5976e+01,7.6632e+01,7.5327e+01,7.4037e+01,7.3266e+01,7.2343e+01,7.1907e+01,7.0710e+01,7.0445e+01,6.9446e+01,6.8844e+01,6.8460e+01,6.8371e+01,6.8974e+01,6.8595e+01,6.7923e+01,6.7653e+01,6.8339e+01,6.8564e+01,6.9551e+01,6.9956e+01,7.0934e+01,7.0568e+01,6.9545e+01,6.9462e+01,6.9143e+01,6.9431e+01,6.9484e+01,6.9416e+01,6.9945e+01,6.9521e+01,6.9337e+01,7.0197e+01,7.0477e+01,6.9918e+01,6.9218e+01,6.8356e+01,6.7859e+01,6.7392e+01,6.7558e+01,6.8178e+01,6.8939e+01,6.9519e+01,7.0309e+01,7.0559e+01,6.9847e+01,6.9212e+01,6.8427e+01,6.7739e+01,6.7094e+01,6.7068e+01,6.6697e+01,6.6663e+01,6.6631e+01,6.6390e+01,6.6284e+01,6.6255e+01,6.6204e+01,6.6489e+01,6.6581e+01,6.7010e+01,6.7083e+01,6.7459e+01,6.8008e+01,6.8796e+01,6.9266e+01,6.8636e+01,6.8076e+01,6.7392e+01,6.7188e+01,6.7478e+01,6.7889e+01,6.7529e+01,6.8099e+01,6.8794e+01,6.9555e+01,7.0390e+01,7.0744e+01,7.1746e+01,7.1987e+01,7.2435e+01,7.1843e+01,7.2519e+01,7.3024e+01,7.2089e+01,7.2104e+01,7.1155e+01,7.1094e+01,7.2102e+01,7.3048e+01,7.4298e+01,7.5409e+01,7.6715e+01,7.7824e+01,7.8900e+01,7.8865e+01,7.9974e+01,8.0993e+01,8.2779e+01,8.2200e+01,8.1671e+01,8.0047e+01,7.8789e+01,7.9600e+01,7.8375e+01,7.7956e+01,7.8103e+01,7.7112e+01,7.6374e+01,7.5415e+01,7.5491e+01,7.5508e+01,7.4170e+01,7.3509e+01,7.3519e+01,7.3599e+01,7.2651e+01,7.2937e+01,7.2118e+01,7.2081e+01,7.2947e+01,7.3599e+01,7.3080e+01,7.3099e+01,7.2222e+01,7.1356e+01,7.0827e+01,7.0187e+01,6.9728e+01,6.9839e+01,6.9803e+01,6.9846e+01,7.0082e+01,6.9995e+01,7.0325e+01,7.0554e+01,7.0726e+01,7.1460e+01,7.1579e+01
7.1904e+01,7.1627e+01,7.1151e+01,7.0824e+01,6.9719e+01,6.9844e+01,6.9930e+01,7.1013e+01,7.1634e+01,7.2413e+01,7.2485e+01,7.3475e+01,7.3941e+01,7.3020e+01,7.3005e+01,7.4084e+01,7.4477e+01,7.4315e+01,7.4495e+01,7.5322e+01,7.5899e+01,7.6127e+01,7.5770e+01,7.5295e+01,7.3884e+01,7.3015e+01,7.1858e+01,7.1127e+01,7.1331e+01,7.2281e+01,7.3325e+01,7.4154e+01,7.5706e+01,7.5956e+01,7.6580e+01,7.5282e+01,7.4011e+01,7.3238e+01,7.2340e+01,7.1897e+01,7.0722e+01,7.0460e+01,6.9489e+01,6.8885e+01,6.8514e+01,6.8417e+01,6.9010e+01,6.8635e+01,6.7988e+01,6.7717e+01,6.8382e+01,6.8600e+01,6.9567e+01,6.9950e+01,7.0911e+01,7.0550e+01,6.9544e+01,6.9463e+01,6.9144e+01,6.9424e+01,6.9474e+01,6.9418e+01,6.9940e+01,6.9522e+01,6.9358e+01,7.0208e+01,7.0505e+01,6.9965e+01,6.9291e+01,6.8439e+01,6.7948e+01,6.7478e+01,6.7654e+01,6.8258e+01,6.9001e+01,6.9590e+01,7.0361e+01,7.0623e+01,6.9930e+01,6.9326e+01,6.8542e+01,6.7870e+01,6.7234e+01,6.7181e+01,6.6811e+01,6.6768e+01,6.6756e+01,6.6539e+01,6.6426e+01,6.6381e+01,6.6330e+01,6.6582e+01,6.6671e+01,6.7069e+01,6.7136e+01,6.7498e+01,6.8025e+01,6.8786e+01,6.9250e+01,6.8645e+01,6.8103e+01,6.7448e+01,6.7251e+01,6.7533e+01,6.7925e+01,6.7580e+01,6.8125e+01,6.8801e+01,6.9537e+01,7.0352e+01,7.0710e+01,7.1691e+01,7.1941e+01,7.2390e+01,7.1822e+01,7.2503e+01,7.3018e+01,7.2102e+01,7.2130e+01,7.1195e+01,7.1151e+01,7.2157e+01,7.3083e+01,7.4332e+01,7.5441e+01,7.6743e+01,7.7849e+01,7.8935e+01,7.8897e+01,7.9994e+01,8.1004e+01,8.2791e+01,8.2226e+01,8.1701e+01,8.0070e+01,7.8818e+01,7.9627e+01,7.8402e+01,7.8003e+01,7.8149e+01,7.7141e+01,7.6417e+01,7.5439e+01,7.5491e+01,7.5501e+01,7.4173e+01,7.3502e+01,7.3530e+01,7.3633e+01,7.2704e+01,7.3015e+01,7.2208e+01,7.2167e+01,7.3018e+01,7.3683e+01,7.3189e+01,7.3215e+01,7.2345e+01,7.1494e+01,7.0948e+01,7.0305e+01,6.9834e+01,6.9925e+01,6.9860e+01,6.9883e+01,7.0091e+01,6.9998e+01,7.0322e+01,7.0555e+01,7.0708e+01,7.1430e+01,7.1535e+01
7.2289e+01,7.2034e+01,7.1575e+01,7.1272e+01,7.0185e+01,7.0324e+01,7.0425e+01,7.1490e+01,7.2105e+01,7.2858e+01,7.2918e+01,7.3898e+01,7.4348e+01,7.3445e+01,7.3417e+01,7.4467e+01,7.4847e+01,7.4674e+01,7.4856e+01,7.5680e+01,7.6258e+01,7.6495e+01,7.6142e+01,7.5664e+01,7.4276e+01,7.3417e+01,7.2288e+01,7.1583e+01,7.1778e+01,7.2719e+01,7.3755e+01,7.4582e+01,7.6108e+01,7.6347e+01,7.6967e+01,7.5685e+01,7.4444e+01,7.3685e+01,7.2787e+01,7.2347e+01,7.1187e+01,7.0915e+01,6.9961e+01,6.9377e+01,6.9033e+01,6.8952e+01,6.9557e+01,6.9196e+01,6.8568e+01,6.8299e+01,6.8968e+01,6.9193e+01,7.0160e+01,7.0529e+01,7.1486e+01,7.1118e+01,7.0109e+01,7.0018e+01,6.9680e+01,6.9938e+01,6.9967e+01,6.9895e+01,7.0393e+01,6.9971e+01,6.9798e+01,7.0624e+01,7.0910e+01,7.0383e+01,6.9722e+01,6.8898e+01,6.8412e+01,6.7966e+01,6.8146e+01,6.8742e+01,6.9458e+01,7.0030e+01,7.0795e+01,7.1060e+01,7.0395e+01,6.9799e+01,6.9028e+01,6.8387e+01,6.7765e+01,6.7711e+01,6.7362e+01,6.7301e+01,6.7278e+01,6.7087e+01,6.6994e+01,6.6948e+01,6.6905e+01,6.7143e+01,6.7211e+01,6.7603e+01,6.7678e+01,6.8053e+01,6.8567e+01,6.9322e+01,6.9802e+01,6.9209e+01,6.8667e+01,6.8022e+01,6.7811e+01,6.8077e+01,6.8446e+01,6.8091e+01,6.8616e+01,6.9266e+01,7.0002e+01,7.0797e+01,7.1133e+01,7.2106e+01,7.2344e+01,7.2768e+01,7.2200e+01,7.2868e+01,7.3363e+01,7.2458e+01,7.2493e+01,7.1578e+01,7.1520e+01,7.2510e+01,7.3425e+01,7.4646e+01,7.5749e+01,7.7026e+01,7.8131e+01,7.9200e+01,7.9152e+01,8.0244e+01,8.1239e+01,8.3016e+01,8.2454e+01,8.1920e+01,8.0302e+01,7.9050e+01,7.9840e+01,7.8619e+01,7.8221e+01,7.8351e+01,7.7347e+01,7.6621e+01,7.5657e+01,7.5713e+01,7.5736e+01,7.4434e+01,7.3786e+01,7.3824e+01,7.3929e+01,7.3021e+01,7.3336e+01,7.2548e+01,7.2495e+01,7.3316e+01,7.3972e+01,7.3500e+01,7.3543e+01,7.2706e+01,7.1878e+01,7.1337e+01,7.0722e+01,7.0257e+01,7.0355e+01,7.0287e+01,7.0319e+01,7.0525e+01,7.0452e+01,7.0777e+01,7.0985e+01,7.1115e+01,7.1826e+01,7.1930e+01
7.2268e+01,7.2018e+01,7.1565e+01,7.1268e+01,7.0189e+01,7.0334e+01,7.0434e+01,7.1485e+01,7.2090e+01,7.2833e+01,7.2893e+01,7.3866e+01,7.4314e+01,7.3425e+01,7.3396e+01,7.4435e+01,7.4812e+01,7.4642e+01,7.4825e+01,7.5642e+01,7.6213e+01,7.6450e+01,7.6102e+01,7.5631e+01,7.4253e+01,7.3399e+01,7.2286e+01,7.1597e+01,7.1796e+01,7.2731e+01,7.3754e+01,7.4578e+01,7.6087e+01,7.6315e+01,7.6923e+01,7.5651e+01,7.4430e+01,7.3675e+01,7.2784e+01,7.2343e+01,7.1195e+01,7.0918e+01,6.9978e+01,6.9397e+01,6.9069e+01,6.8991e+01,6.9601e+01,6.9243e+01,6.8628e+01,6.8352e+01,6.9016e+01,6.9239e+01,7.0204e+01,7.0559e+01,7.1515e+01,7.1147e+01,7.0138e+01,7.0046e+01,6.9699e+01,6.9947e+01,6.9967e+01,6.9895e+01,7.0386e+01,6.9963e+01,6.9794e+01,7.0613e+01,7.0903e+01,7.0384e+01,6.9734e+01,6.8919e+01,6.8436e+01,6.7992e+01,6.8181e+01,6.8772e+01,6.9473e+01,7.0046e+01,7.0803e+01,7.1077e+01,7.0430e+01,6.9849e+01,6.9077e+01,6.8452e+01,6.7834e+01,6.7766e+01,6.7420e+01,6.7346e+01,6.7329e+01,6.7157e+01,6.7067e+01,6.7008e+01,6.6965e+01,6.7185e+01,6.7246e+01,6.7625e+01,6.7699e+01,6.8073e+01,6.8579e+01,6.9326e+01,6.9811e+01,6.9230e+01,6.8693e+01,6.8060e+01,6.7847e+01,6.8108e+01,6.8463e+01,6.8108e+01,6.8619e+01,6.9260e+01,6.9991e+01,7.0778e+01,7.1112e+01,7.2082e+01,7.2319e+01,7.2739e+01,7.2175e+01,7.2844e+01,7.3340e+01,7.2440e+01,7.2478e+01,7.1567e+01,7.1512e+01,7.2501e+01,7.3410e+01,7.4628e+01,7.5730e+01,7.7005e+01,7.8107e+01,7.9180e+01,7.9133e+01,8.0222e+01,8.1217e+01,8.2995e+01,8.2437e+01,8.1905e+01,8.0283e+01,7.9032e+01,7.9822e+01,7.8600e+01,7.8210e+01,7.8341e+01,7.7328e+01,7.6608e+01,7.5631e+01,7.5675e+01,7.5692e+01,7.4391e+01,7.3737e+01,7.3782e+01,7.3898e+01,7.3000e+01,7.3329e+01,7.2548e+01,7.2491e+01,7.3304e+01,7.3967e+01,7.3509e+01,7.3557e+01,7.2728e+01,7.1911e+01,7.1358e+01,7.0742e+01,7.0268e+01,7.0358e+01,7.0273e+01,7.0297e+01,7.0488e+01,7.0419e+01,7.0748e+01,7.0951e+01,7.1072e+01,7.1779e+01,7.1874e+01
7.2653e+01,7.2421e+01,7.1971e+01,7.1687e+01,7.0628e+01,7.0788e+01,7.0888e+01,7.1912e+01,7.2495e+01,7.3210e+01,7.3268e+01,7.4235e+01,7.4678e+01,7.3820e+01,7.3787e+01,7.4796e+01,7.5172e+01,7.5001e+01,7.5197e+01,7.6005e+01,7.6565e+01,7.6810e+01,7.6477e+01,7.6015e+01,7.4655e+01,7.3804e+01,7.2720e+01,7.2060e+01,7.2264e+01,7.3195e+01,7.4204e+01,7.5030e+01,7.6516e+01,7.6727e+01,7.7321e+01,7.6057e+01,7.4868e+01,7.4115e+01,7.3228e+01,7.2780e+01,7.1648e+01,7.1360e+01,7.0443e+01,6.9871e+01,6.9568e+01,6.9492e+01,7.0110e+01,6.9756e+01,6.9162e+01,6.8883e+01,6.9534e+01,6.9754e+01,7.0706e+01,7.1035e+01,7.1980e+01,7.1617e+01,7.0618e+01,7.0528e+01,7.0168e+01,7.0400e+01,7.0403e+01,7.0328e+01,7.0798e+01,7.0373e+01,7.0212e+01,7.1008e+01,7.1303e+01,7.0809e+01,7.0187e+01,6.9396e+01,6.8918e+01,6.8486e+01,6.8685e+01,6.9262e+01,6.9936e+01,7.0506e+01,7.1250e+01,7.1538e+01,7.0918e+01,7.0357e+01,6.9592e+01,6.8994e+01,6.8388e+01,6.8303e+01,6.7968e+01,6.7877e+01,6.7866e+01,6.7724e+01,6.7640e+01,6.7570e+01,6.7533e+01,6.7724e+01,6.7771e+01,6.8125e+01,6.8199e+01,6.8572e+01,6.9054e+01,6.9777e+01,7.0267e+01,6.9711e+01,6.9187e+01,6.8579e+01,6.8363e+01,6.8612e+01,6.8940e+01,6.8588e+01,6.9068e+01,6.9678e+01,7.0393e+01,7.1149e+01,7.1472e+01,7.2420e+01,7.2658e+01,7.3058e+01,7.2514e+01,7.3178e+01,7.3666e+01,7.2792e+01,7.2846e+01,7.1965e+01,7.1912e+01,7.2886e+01,7.3771e+01,7.4967e+01,7.6063e+01,7.7313e+01,7.8414e+01,7.9480e+01,7.9420e+01,8.0494e+01,8.1464e+01,8.3236e+01,8.2693e+01,8.2155e+01,8.0539e+01,7.9294e+01,8.0064e+01,7.8848e+01,7.8476e+01,7.8590e+01,7.7570e+01,7.6859e+01,7.5884e+01,7.5914e+01,7.5939e+01,7.4671e+01,7.4029e+01,7.4099e+01,7.4236e+01,7.3368e+01,7.3717e+01,7.2959e+01,7.2890e+01,7.3669e+01,7.4334e+01,7.3910e+01,7.3975e+01,7.3171e+01,7.2377e+01,7.1818e+01,7.1215e+01,7.0732e+01,7.0810e+01,7.0702e+01,7.0716e+01,7.0889e+01,7.0828e+01,7.1153e+01,7.1343e+01,7.1435e+01,7.2118e+01,7.2198e+01
7.2838e+01,7.2617e+01,7.2159e+01,7.1875e+01,7.0823e+01,7.0992e+01,7.1075e+01,7.2080e+01,7.2636e+01,7.3341e+01,7.3413e+01,7.4385e+01,7.4840e+01,7.4008e+01,7.3985e+01,7.4983e+01,7.5373e+01,7.5214e+01,7.5425e+01,7.6223e+01,7.6762e+01,7.7005e+01,7.6694e+01,7.6251e+01,7.4895e+01,7.4037e+01,7.2963e+01,7.2324e+01,7.2550e+01,7.3490e+01,7.4489e+01,7.5322e+01,7.6796e+01,7.6980e+01,7.7549e+01,7.6286e+01,7.5120e+01,7.4353e+01,7.3472e+01,7.3004e+01,7.1879e+01,7.1579e+01,7.0677e+01,7.0091e+01,6.9801e+01,6.9708e+01,7.0333e+01,6.9964e+01,6.9378e+01,6.9078e+01,6.9710e+01,6.9912e+01,7.0851e+01,7.1155e+01,7.2096e+01,7.1748e+01,7.0764e+01,7.0691e+01,7.0326e+01,7.0559e+01,7.0555e+01,7.0495e+01,7.0960e+01,7.0529e+01,7.0391e+01,7.1181e+01,7.1499e+01,7.1027e+01,7.0428e+01,6.9639e+01,6.9154e+01,6.8712e+01,6.8931e+01,6.9508e+01,7.0171e+01,7.0762e+01,7.1500e+01,7.1811e+01,7.1209e+01,7.0667e+01,6.9886e+01,6.9294e+01,6.8680e+01,6.8562e+01,6.8216e+01,6.8107e+01,6.8119e+01,6.7999e+01,6.7900e+01,6.7802e+01,6.7751e+01,6.7909e+01,6.7950e+01,6.8274e+01,6.8350e+01,6.8709e+01,6.9178e+01,6.9874e+01,7.0359e+01,6.9830e+01,6.9329e+01,6.8746e+01,6.8543e+01,6.8797e+01,6.9108e+01,6.8763e+01,6.9221e+01,6.9820e+01,7.0515e+01,7.1254e+01,7.1589e+01,7.2524e+01,7.2779e+01,7.3181e+01,7.2658e+01,7.3338e+01,7.3838e+01,7.2978e+01,7.3054e+01,7.2184e+01,7.2149e+01,7.3129e+01,7.4000e+01,7.5198e+01,7.6299e+01,7.7546e+01,7.8650e+01,7.9728e+01,7.9663e+01,8.0724e+01,8.1683e+01,8.3458e+01,8.2932e+01,8.2396e+01,8.0771e+01,7.9531e+01,8.0297e+01,7.9078e+01,7.8731e+01,7.8838e+01,7.7795e+01,7.7097e+01,7.6099e+01,7.6103e+01,7.6127e+01,7.4873e+01,7.4219e+01,7.4314e+01,7.4479e+01,7.3629e+01,7.4010e+01,7.3257e+01,7.3175e+01,7.3942e+01,7.4627e+01,7.4225e+01,7.4303e+01,7.3500e+01,7.2710e+01,7.2125e+01,7.1503e+01,7.0992e+01,7.1049e+01,7.0902e+01,7.0898e+01,7.1040e+01,7.0971e+01,7.1305e+01,7.1502e+01,7.1577e+01,7.2249e+01,7.2315e+01
7.3538e+01,7.3338e+01,7.2896e+01,7.2635e+01,7.1611e+01,7.1793e+01,7.1888e+01,7.2869e+01,7.3416e+01,7.4090e+01,7.4145e+01,7.5100e+01,7.5535e+01,7.4727e+01,7.4689e+01,7.5650e+01,7.6024e+01,7.5854e+01,7.6067e+01,7.6858e+01,7.7394e+01,7.7650e+01,7.7346e+01,7.6901e+01,7.5577e+01,7.4735e+01,7.3699e+01,7.3089e+01,7.3305e+01,7.4231e+01,7.5216e+01,7.6047e+01,7.7485e+01,7.7659e+01,7.8221e+01,7.6979e+01,7.5849e+01,7.5097e+01,7.4220e+01,7.3758e+01,7.2655e+01,7.2348e+01,7.1472e+01,7.0910e+01,7.0647e+01,7.0569e+01,7.1197e+01,7.0846e+01,7.0282e+01,6.9993e+01,7.0623e+01,7.0833e+01,7.1763e+01,7.2055e+01,7.2981e+01,7.2627e+01,7.1648e+01,7.1564e+01,7.1187e+01,7.1396e+01,7.1375e+01,7.1300e+01,7.1737e+01,7.1310e+01,7.1166e+01,7.1924e+01,7.2228e+01,7.1774e+01,7.1196e+01,7.0442e+01,6.9974e+01,6.9559e+01,6.9774e+01,7.0331e+01,7.0961e+01,7.1531e+01,7.2254e+01,7.2568e+01,7.1998e+01,7.1471e+01,7.0709e+01,7.0149e+01,6.9557e+01,6.9442e+01,6.9120e+01,6.9001e+01,6.9005e+01,6.8907e+01,6.8828e+01,6.8737e+01,6.8706e+01,6.8853e+01,6.8884e+01,6.9198e+01,6.9268e+01,6.9633e+01,7.0079e+01,7.0763e+01,7.1255e+01,7.0739e+01,7.0238e+01,6.9672e+01,6.9454e+01,6.9686e+01,6.9973e+01,6.9629e+01,7.0063e+01,7.0629e+01,7.1314e+01,7.2024e+01,7.2332e+01,7.3247e+01,7.3486e+01,7.3860e+01,7.3344e+01,7.4001e+01,7.4479e+01,7.3643e+01,7.3724e+01,7.2885e+01,7.2844e+01,7.3800e+01,7.4647e+01,7.5810e+01,7.6899e+01,7.8110e+01,7.9209e+01,8.0265e+01,8.0186e+01,8.1235e+01,8.2170e+01,8.3930e+01,8.3413e+01,8.2867e+01,8.1261e+01,8.0028e+01,8.0768e+01,7.9561e+01,7.9220e+01,7.9312e+01,7.8283e+01,7.7592e+01,7.6618e+01,7.6622e+01,7.6657e+01,7.5440e+01,7.4810e+01,7.4915e+01,7.5086e+01,7.4266e+01,7.4647e+01,7.3923e+01,7.3839e+01,7.4570e+01,7.5241e+01,7.4868e+01,7.4953e+01,7.4185e+01,7.3424e+01,7.2853e+01,7.2260e+01,7.1765e+01,7.1822e+01,7.1677e+01,7.1673e+01,7.1815e+01,7.1758e+01,7.2078e+01,7.2257e+01,7.2311e+01,7.2958e+01,7.3014e+01
7.4066e+01,7.3866e+01,7.3439e+01,7.3172e+01,7.2166e+01,7.2330e+01,7.2418e+01,7.3378e+01,7.3915e+01,7.4583e+01,7.4643e+01,7.5577e+01,7.6009e+01,7.5211e+01,7.5180e+01,7.6131e+01,7.6494e+01,7.6332e+01,7.6527e+01,7.7295e+01,7.7823e+01,7.8061e+01,7.7751e+01,7.7318e+01,7.6022e+01,7.5208e+01,7.4190e+01,7.3587e+01,7.3800e+01,7.4699e+01,7.5655e+01,7.6461e+01,7.7867e+01,7.8040e+01,7.8590e+01,7.7376e+01,7.6267e+01,7.5534e+01,7.4683e+01,7.4238e+01,7.3164e+01,7.2876e+01,7.2022e+01,7.1471e+01,7.1204e+01,7.1123e+01,7.1726e+01,7.1385e+01,7.0837e+01,7.0564e+01,7.1175e+01,7.1386e+01,7.2291e+01,7.2583e+01,7.3486e+01,7.3134e+01,7.2176e+01,7.2090e+01,7.1730e+01,7.1937e+01,7.1929e+01,7.1862e+01,7.2306e+01,7.1904e+01,7.1769e+01,7.2525e+01,7.2826e+01,7.2368e+01,7.1798e+01,7.1053e+01,7.0608e+01,7.0193e+01,7.0387e+01,7.0920e+01,7.1545e+01,7.2102e+01,7.2800e+01,7.3097e+01,7.2530e+01,7.2018e+01,7.1280e+01,7.0730e+01,7.0160e+01,7.0049e+01,6.9734e+01,6.9638e+01,6.9648e+01,6.9539e+01,6.9456e+01,6.9381e+01,6.9362e+01,6.9514e+01,6.9568e+01,6.9874e+01,6.9922e+01,7.0268e+01,7.0697e+01,7.1367e+01,7.1835e+01,7.1321e+01,7.0828e+01,7.0277e+01,7.0067e+01,7.0288e+01,7.0579e+01,7.0257e+01,7.0693e+01,7.1250e+01,7.1917e+01,7.2625e+01,7.2925e+01,7.3816e+01,7.4047e+01,7.4427e+01,7.3925e+01,7.4568e+01,7.5049e+01,7.4231e+01,7.4298e+01,7.3470e+01,7.3424e+01,7.4356e+01,7.5190e+01,7.6336e+01,7.7401e+01,7.8601e+01,7.9678e+01,8.0717e+01,8.0651e+01,8.1695e+01,8.2629e+01,8.4371e+01,8.3848e+01,8.3311e+01,8.1726e+01,8.0506e+01,8.1244e+01,8.0057e+01,7.9713e+01,7.9812e+01,7.8802e+01,7.8119e+01,7.7162e+01,7.7169e+01,7.7199e+01,7.5990e+01,7.5365e+01,7.5458e+01,7.5617e+01,7.4805e+01,7.5172e+01,7.4463e+01,7.4394e+01,7.5120e+01,7.5775e+01,7.5401e+01,7.5473e+01,7.4714e+01,7.3965e+01,7.3419e+01,7.2840e+01,7.2363e+01,7.2423e+01,7.2294e+01,7.2284e+01,7.2428e+01,7.2362e+01,7.2670e+01,7.2854e+01,7.2926e+01,7.3573e+01,7.3616e+01
7.4588e+01,7.4379e+01,7.3954e+01,7.3666e+01,7.2664e+01,7.2805e+01,7.2871e+01,7.3818e+01,7.4339e+01,7.5015e+01,7.5093e+01,7.6020e+01,7.6464e+01,7.5670e+01,7.5657e+01,7.6614e+01,7.6977e+01,7.6829e+01,7.7010e+01,7.7759e+01,7.8279e+01,7.8496e+01,7.8181e+01,7.7762e+01,7.6477e+01,7.5680e+01,7.4662e+01,7.4054e+01,7.4273e+01,7.5156e+01,7.6086e+01,7.6871e+01,7.8258e+01,7.8433e+01,7.8969e+01,7.7774e+01,7.6671e+01,7.5946e+01,7.5122e+01,7.4686e+01,7.3631e+01,7.3364e+01,7.2523e+01,7.1965e+01,7.1679e+01,7.1579e+01,7.2155e+01,7.1807e+01,7.1263e+01,7.0994e+01,7.1579e+01,7.1776e+01,7.2654e+01,7.2947e+01,7.3830e+01,7.3492e+01,7.2562e+01,7.2487e+01,7.2154e+01,7.2377e+01,7.2393e+01,7.2350e+01,7.2813e+01,7.2432e+01,7.2318e+01,7.3088e+01,7.3400e+01,7.2935e+01,7.2369e+01,7.1614e+01,7.1181e+01,7.0749e+01,7.0931e+01,7.1450e+01,7.2083e+01,7.2644e+01,7.3324e+01,7.3608e+01,7.3033e+01,7.2536e+01,7.1807e+01,7.1251e+01,7.0689e+01,7.0570e+01,7.0244e+01,7.0170e+01,7.0199e+01,7.0075e+01,6.9971e+01,6.9896e+01,6.9873e+01,7.0022e+01,7.0100e+01,7.0394e+01,7.0425e+01,7.0741e+01,7.1163e+01,7.1814e+01,7.2249e+01,7.1739e+01,7.1265e+01,7.0728e+01,7.0542e+01,7.0770e+01,7.1073e+01,7.0775e+01,7.1219e+01,7.1782e+01,7.2431e+01,7.3144e+01,7.3458e+01,7.4333e+01,7.4570e+01,7.4971e+01,7.4486e+01,7.5131e+01,7.5630e+01,7.4822e+01,7.4877e+01,7.4041e+01,7.4002e+01,7.4934e+01,7.5763e+01,7.6912e+01,7.7967e+01,7.9170e+01,8.0234e+01,8.1274e+01,8.1219e+01,8.2261e+01,8.3199e+01,8.4937e+01,8.4415e+01,8.3885e+01,8.2302e+01,8.1089e+01,8.1832e+01,8.0650e+01,8.0306e+01,8.0412e+01,7.9402e+01,7.8724e+01,7.7761e+01,7.7759e+01,7.7778e+01,7.6564e+01,7.5925e+01,7.6012e+01,7.6171e+01,7.5355e+01,7.5720e+01,7.5006e+01,7.4946e+01,7.5684e+01,7.6341e+01,7.5956e+01,7.6018e+01,7.5249e+01,7.4495e+01,7.3950e+01,7.3360e+01,7.2881e+01,7.2937e+01,7.2804e+01,7.2783e+01,7.2919e+01,7.2831e+01,7.3135e+01,7.3340e+01,7.3429e+01,7.4082e+01,7.4112e+01
7.5116e+01,7.4898e+01,7.4483e+01,7.4183e+01,7.3197e+01,7.3314e+01,7.3370e+01,7.4298e+01,7.4809e+01,7.5483e+01,7.5567e+01,7.6473e+01,7.6917e+01,7.6131e+01,7.6130e+01,7.7085e+01,7.7439e+01,7.7306e+01,7.7468e+01,7.8189e+01,7.8698e+01,7.8892e+01,7.8572e+01,7.8168e+01,7.6906e+01,7.6136e+01,7.5131e+01,7.4523e+01,7.4742e+01,7.5598e+01,7.6497e+01,7.7256e+01,7.8619e+01,7.8792e+01,7.9313e+01,7.8145e+01,7.7055e+01,7.6348e+01,7.5554e+01,7.5136e+01,7.4110e+01,7.3868e+01,7.3049e+01,7.2499e+01,7.2203e+01,7.2098e+01,7.2645e+01,7.2308e+01,7.1780e+01,7.1532e+01,7.2097e+01,7.2297e+01,7.3147e+01,7.3444e+01,7.4300e+01,7.3964e+01,7.3056e+01,7.2977e+01,7.2665e+01,7.2888e+01,7.2922e+01,7.2891e+01,7.3365e+01,7.3012e+01,7.2911e+01,7.3684e+01,7.3996e+01,7.3523e+01,7.2965e+01,7.2212e+01,7.1804e+01,7.1366e+01,7.1525e+01,7.2019e+01,7.2651e+01,7.3204e+01,7.3856e+01,7.4120e+01,7.3541e+01,7.3062e+01,7.2357e+01,7.1804e+01,7.1266e+01,7.1149e+01,7.0829e+01,7.0783e+01,7.0822e+01,7.0684e+01,7.0573e+01,7.0516e+01,7.0507e+01,7.0662e+01,7.0768e+01,7.1054e+01,7.1059e+01,7.1354e+01,7.1759e+01,7.2399e+01,7.2806e+01,7.2294e+01,7.1827e+01,7.1305e+01,7.1127e+01,7.1344e+01,7.1655e+01,7.1384e+01,7.1833e+01,7.2392e+01,7.3023e+01,7.3739e+01,7.4048e+01,7.4899e+01,7.5128e+01,7.5543e+01,7.5072e+01,7.5706e+01,7.6214e+01,7.5423e+01,7.5462e+01,7.4632e+01,7.4593e+01,7.5504e+01,7.6321e+01,7.7459e+01,7.8490e+01,7.9689e+01,8.0732e+01,8.1760e+01,8.1719e+01,8.2758e+01,8.3698e+01,8.5422e+01,8.4894e+01,8.4373e+01,8.2807e+01,8.1605e+01,8.2351e+01,8.1188e+01,8.0841e+01,8.0957e+01,7.9963e+01,7.9294e+01,7.8341e+01,7.8339e+01,7.8349e+01,7.7138e+01,7.6498e+01,7.6570e+01,7.6719e+01,7.5908e+01,7.6260e+01,7.5558e+01,7.5517e+01,7.6255e+01,7.6900e+01,7.6512e+01,7.6556e+01,7.5794e+01,7.5050e+01,7.4527e+01,7.3946e+01,7.3487e+01,7.3540e+01,7.3422e+01,7.3392e+01,7.3532e+01,7.3430e+01,7.3717e+01,7.3933e+01,7.4041e+01,7.4696e+01,7.4715e+01
7.5172e+01,7.4966e+01,7.4544e+01,7.4248e+01,7.3282e+01,7.3408e+01,7.3453e+01,7.4353e+01,7.4836e+01,7.5491e+01,7.5585e+01,7.6488e+01,7.6939e+01,7.6183e+01,7.6192e+01,7.7130e+01,7.7498e+01,7.7380e+01,7.7558e+01,7.8264e+01,7.8748e+01,7.8939e+01,7.8644e+01,7.8262e+01,7.7006e+01,7.6231e+01,7.5243e+01,7.4664e+01,7.4904e+01,7.5769e+01,7.6658e+01,7.7430e+01,7.8779e+01,7.8920e+01,7.9419e+01,7.8246e+01,7.7183e+01,7.6463e+01,7.5672e+01,7.5236e+01,7.4222e+01,7.3968e+01,7.3173e+01,7.2621e+01,7.2344e+01,7.2234e+01,7.2783e+01,7.2447e+01,7.1945e+01,7.1692e+01,7.2238e+01,7.2432e+01,7.3263e+01,7.3527e+01,7.4369e+01,7.4040e+01,7.3147e+01,7.3073e+01,7.2750e+01,7.2960e+01,7.2983e+01,7.2961e+01,7.3422e+01,7.3073e+01,7.2990e+01,7.3748e+01,7.4077e+01,7.3628e+01,7.3099e+01,7.2362e+01,7.1957e+01,7.1521e+01,7.1693e+01,7.2175e+01,7.2784e+01,7.3346e+01,7.3985e+01,7.4267e+01,7.3713e+01,7.3260e+01,7.2551e+01,7.2018e+01,7.1488e+01,7.1342e+01,7.1029e+01,7.0967e+01,7.1024e+01,7.0916e+01,7.0805e+01,7.0731e+01,7.0727e+01,7.0847e+01,7.0947e+01,7.1201e+01,7.1198e+01,7.1481e+01,7.1857e+01,7.2467e+01,7.2871e+01,7.2387e+01,7.1939e+01,7.1452e+01,7.1277e+01,7.1483e+01,7.1767e+01,7.1509e+01,7.1928e+01,7.2462e+01,7.3068e+01,7.3760e+01,7.4067e+01,7.4894e+01,7.5131e+01,7.5545e+01,7.5098e+01,7.5734e+01,7.6251e+01,7.5483e+01,7.5538e+01,7.4730e+01,7.4704e+01,7.5605e+01,7.6399e+01,7.7529e+01,7.8555e+01,7.9743e+01,8.0781e+01,8.1812e+01,8.1768e+01,8.2791e+01,8.3717e+01,8.5435e+01,8.4921e+01,8.4401e+01,8.2837e+01,8.1644e+01,8.2381e+01,8.1225e+01,8.0896e+01,8.1005e+01,8.0004e+01,7.9347e+01,7.8390e+01,7.8372e+01,7.8383e+01,7.7190e+01,7.6549e+01,7.6637e+01,7.6809e+01,7.6021e+01,7.6395e+01,7.5711e+01,7.5665e+01,7.6381e+01,7.7032e+01,7.6671e+01,7.6726e+01,7.5980e+01,7.5249e+01,7.4714e+01,7.4134e+01,7.3664e+01,7.3701e+01,7.3560e+01,7.3515e+01,7.3632e+01,7.3529e+01,7.3810e+01,7.4024e+01,7.4115e+01,7.4754e+01,7.4754e+01
7.5139e+01,7.4957e+01,7.4543e+01,7.4266e+01,7.3326e+01,7.3471e+01,7.3524e+01,7.4400e+01,7.4869e+01,7.5490e+01,7.5573e+01,7.6470e+01,7.6909e+01,7.6180e+01,7.6180e+01,7.7089e+01,7.7455e+01,7.7339e+01,7.7528e+01,7.8221e+01,7.8692e+01,7.8888e+01,7.8609e+01,7.8239e+01,7.7003e+01,7.6232e+01,7.5275e+01,7.4730e+01,7.4977e+01,7.5840e+01,7.6717e+01,7.7500e+01,7.8824e+01,7.8936e+01,7.9418e+01,7.8255e+01,7.7230e+01,7.6512e+01,7.5722e+01,7.5279e+01,7.4282e+01,7.4013e+01,7.3244e+01,7.2706e+01,7.2462e+01,7.2366e+01,7.2928e+01,7.2610e+01,7.2140e+01,7.1891e+01,7.2436e+01,7.2640e+01,7.3466e+01,7.3700e+01,7.4532e+01,7.4194e+01,7.3300e+01,7.3216e+01,7.2865e+01,7.3044e+01,7.3039e+01,7.3007e+01,7.3441e+01,7.3090e+01,7.3011e+01,7.3741e+01,7.4070e+01,7.3648e+01,7.3148e+01,7.2440e+01,7.2043e+01,7.1628e+01,7.1810e+01,7.2275e+01,7.2850e+01,7.3406e+01,7.4031e+01,7.4328e+01,7.3808e+01,7.3376e+01,7.2674e+01,7.2175e+01,7.1663e+01,7.1502e+01,7.1213e+01,7.1130e+01,7.1187e+01,7.1119e+01,7.1027e+01,7.0948e+01,7.0963e+01,7.1053e+01,7.1137e+01,7.1367e+01,7.1359e+01,7.1651e+01,7.1993e+01,7.2583e+01,7.3006e+01,7.2547e+01,7.2102e+01,7.1645e+01,7.1451e+01,7.1630e+01,7.1875e+01,7.1620e+01,7.2004e+01,7.2501e+01,7.3088e+01,7.3749e+01,7.4038e+01,7.4845e+01,7.5078e+01,7.5476e+01,7.5045e+01,7.5672e+01,7.6184e+01,7.5438e+01,7.5505e+01,7.4723e+01,7.4703e+01,7.5588e+01,7.6359e+01,7.7471e+01,7.8488e+01,7.9656e+01,8.0690e+01,8.1714e+01,8.1663e+01,8.2673e+01,8.3582e+01,8.5292e+01,8.4788e+01,8.4265e+01,8.2710e+01,8.1522e+01,8.2244e+01,8.1097e+01,8.0782e+01,8.0882e+01,7.9877e+01,7.9231e+01,7.8274e+01,7.8245e+01,7.8262e+01,7.7094e+01,7.6462e+01,7.6565e+01,7.6752e+01,7.5991e+01,7.6382e+01,7.5720e+01,7.5668e+01,7.6357e+01,7.7011e+01,7.6678e+01,7.6743e+01,7.6024e+01,7.5317e+01,7.4777e+01,7.4213e+01,7.3747e+01,7.3774e+01,7.3620e+01,7.3569e+01,7.3668e+01,7.3579e+01,7.3852e+01,7.4051e+01,7.4120e+01,7.4743e+01,7.4716e+01
7.5199e+01,7.5021e+01,7.4595e+01,7.4313e+01,7.3361e+01,7.3513e+01,7.3555e+01,7.4434e+01,7.4890e+01,7.5518e+01,7.5615e+01,7.6528e+01,7.6983e+01,7.6260e+01,7.6268e+01,7.7182e+01,7.7565e+01,7.7455e+01,7.7662e+01,7.8363e+01,7.8826e+01,7.9027e+01,7.8760e+01,7.8396e+01,7.7141e+01,7.6348e+01,7.5380e+01,7.4834e+01,7.5098e+01,7.5980e+01,7.6867e+01,7.7664e+01,7.9006e+01,7.9109e+01,7.9586e+01,7.8404e+01,7.7370e+01,7.6632e+01,7.5833e+01,7.5370e+01,7.4360e+01,7.4079e+01,7.3299e+01,7.2744e+01,7.2501e+01,7.2392e+01,7.2964e+01,7.2630e+01,7.2154e+01,7.1884e+01,7.2424e+01,7.2612e+01,7.3443e+01,7.3661e+01,7.4506e+01,7.4179e+01,7.3284e+01,7.3215e+01,7.2858e+01,7.3047e+01,7.3040e+01,7.3017e+01,7.3456e+01,7.3091e+01,7.3022e+01,7.3759e+01,7.4105e+01,7.3691e+01,7.3195e+01,7.2478e+01,7.2061e+01,7.1634e+01,7.1837e+01,7.2317e+01,7.2899e+01,7.3474e+01,7.4110e+01,7.4422e+01,7.3901e+01,7.3469e+01,7.2747e+01,7.2241e+01,7.1712e+01,7.1531e+01,7.1226e+01,7.1127e+01,7.1196e+01,7.1139e+01,7.1036e+01,7.0930e+01,7.0925e+01,7.0995e+01,7.1067e+01,7.1286e+01,7.1292e+01,7.1578e+01,7.1925e+01,7.2505e+01,7.2928e+01,7.2484e+01,7.2053e+01,7.1601e+01,7.1419e+01,7.1614e+01,7.1856e+01,7.1595e+01,7.1972e+01,7.2476e+01,7.3062e+01,7.3721e+01,7.4027e+01,7.4842e+01,7.5091e+01,7.5493e+01,7.5064e+01,7.5712e+01,7.6230e+01,7.5478e+01,7.5561e+01,7.4777e+01,7.4764e+01,7.5660e+01,7.6433e+01,7.7553e+01,7.8576e+01,7.9749e+01,8.0786e+01,8.1819e+01,8.1767e+01,8.2776e+01,8.3683e+01,8.5397e+01,8.4895e+01,8.4371e+01,8.2811e+01,8.1621e+01,8.2343e+01,8.1190e+01,8.0884e+01,8.0976e+01,7.9956e+01,7.9308e+01,7.8335e+01,7.8295e+01,7.8319e+01,7.7149e+01,7.6513e+01,7.6630e+01,7.6830e+01,7.6065e+01,7.6472e+01,7.5799e+01,7.5732e+01,7.6426e+01,7.7092e+01,7.6759e+01,7.6837e+01,7.6110e+01,7.5391e+01,7.4826e+01,7.4246e+01,7.3751e+01,7.3777e+01,7.3601e+01,7.3550e+01,7.3635e+01,7.3550e+01,7.3841e+01,7.4046e+01,7.4109e+01,7.4731e+01,7.4705e+01
7.4907e+01,7.4733e+01,7.4308e+01,7.4031e+01,7.3053e+01,7.3218e+01,7.3269e+01,7.4179e+01,7.4651e+01,7.5292e+01,7.5384e+01,7.6318e+01,7.6772e+01,7.6031e+01,7.6027e+01,7.6953e+01,7.7335e+01,7.7210e+01,7.7425e+01,7.8149e+01,7.8630e+01,7.8844e+01,7.8568e+01,7.8186e+01,7.6910e+01,7.6103e+01,7.5116e+01,7.4556e+01,7.4814e+01,7.5712e+01,7.6623e+01,7.7433e+01,7.8796e+01,7.8906e+01,7.9400e+01,7.8205e+01,7.7154e+01,7.6410e+01,7.5588e+01,7.5122e+01,7.4086e+01,7.3790e+01,7.2979e+01,7.2415e+01,7.2171e+01,7.2065e+01,7.2661e+01,7.2312e+01,7.1807e+01,7.1514e+01,7.2075e+01,7.2255e+01,7.3118e+01,7.3343e+01,7.4222e+01,7.3898e+01,7.2978e+01,7.2914e+01,7.2546e+01,7.2745e+01,7.2730e+01,7.2699e+01,7.3141e+01,7.2749e+01,7.2667e+01,7.3415e+01,7.3762e+01,7.3341e+01,7.2824e+01,7.2091e+01,7.1645e+01,7.1212e+01,7.1434e+01,7.1946e+01,7.2545e+01,7.3130e+01,7.3793e+01,7.4112e+01,7.3580e+01,7.3125e+01,7.2382e+01,7.1861e+01,7.1303e+01,7.1125e+01,7.0804e+01,7.0685e+01,7.0742e+01,7.0683e+01,7.0578e+01,7.0454e+01,7.0422e+01,7.0499e+01,7.0546e+01,7.0786e+01,7.0826e+01,7.1131e+01,7.1513e+01,7.2114e+01,7.2559e+01,7.2108e+01,7.1670e+01,7.1188e+01,7.1005e+01,7.1222e+01,7.1474e+01,7.1181e+01,7.1568e+01,7.2095e+01,7.2708e+01,7.3382e+01,7.3700e+01,7.4553e+01,7.4810e+01,7.5202e+01,7.4750e+01,7.5419e+01,7.5930e+01,7.5150e+01,7.5238e+01,7.4433e+01,7.4409e+01,7.5328e+01,7.6123e+01,7.7253e+01,7.8293e+01,7.9477e+01,8.0529e+01,8.1566e+01,8.1511e+01,8.2538e+01,8.3455e+01,8.5186e+01,8.4672e+01,8.4138e+01,8.2564e+01,8.1354e+01,8.2080e+01,8.0904e+01,8.0589e+01,8.0674e+01,7.9636e+01,7.8968e+01,7.7979e+01,7.7945e+01,7.7982e+01,7.6795e+01,7.6158e+01,7.6282e+01,7.6481e+01,7.5692e+01,7.6101e+01,7.5400e+01,7.5314e+01,7.6029e+01,7.6709e+01,7.6357e+01,7.6448e+01,7.5703e+01,7.4953e+01,7.4368e+01,7.3769e+01,7.3246e+01,7.3288e+01,7.3106e+01,7.3077e+01,7.3165e+01,7.3096e+01,7.3421e+01,7.3619e+01,7.3680e+01,7.4313e+01,7.4311e+01
7.4610e+01,7.4455e+01,7.4027e+01,7.3769e+01,7.2792e+01,7.2982e+01,7.3044e+01,7.3953e+01,7.4423e+01,7.5048e+01,7.5132e+01,7.6080e+01,7.6533e+01,7.5803e+01,7.5790e+01,7.6702e+01,7.7093e+01,7.6962e+01,7.7202e+01,7.7939e+01,7.8415e+01,7.8649e+01,7.8389e+01,7.8006e+01,7.6718e+01,7.5889e+01,7.4908e+01,7.4363e+01,7.4632e+01,7.5549e+01,7.6475e+01,7.7309e+01,7.8687e+01,7.8782e+01,7.9276e+01,7.8060e+01,7.7010e+01,7.6251e+01,7.5410e+01,7.4924e+01,7.3875e+01,7.3555e+01,7.2742e+01,7.2176e+01,7.1959e+01,7.1862e+01,7.2486e+01,7.2140e+01,7.1644e+01,7.1338e+01,7.1912e+01,7.2097e+01,7.2978e+01,7.3183e+01,7.4076e+01,7.3742e+01,7.2803e+01,7.2734e+01,7.2334e+01,7.2515e+01,7.2472e+01,7.2428e+01,7.2850e+01,7.2436e+01,7.2350e+01,7.3084e+01,7.3435e+01,7.3035e+01,7.2533e+01,7.1812e+01,7.1352e+01,7.0930e+01,7.1176e+01,7.1696e+01,7.2279e+01,7.2871e+01,7.3545e+01,7.3887e+01,7.3373e+01,7.2920e+01,7.2164e+01,7.1660e+01,7.1095e+01,7.0901e+01,7.0588e+01,7.0436e+01,7.0493e+01,7.0468e+01,7.0377e+01,7.0234e+01,7.0204e+01,7.0253e+01,7.0273e+01,7.0500e+01,7.0553e+01,7.0877e+01,7.1250e+01,7.1847e+01,7.2325e+01,7.1889e+01,7.1449e+01,7.0976e+01,7.0777e+01,7.0986e+01,7.1210e+01,7.0901e+01,7.1261e+01,7.1772e+01,7.2387e+01,7.3044e+01,7.3356e+01,7.4218e+01,7.4479e+01,7.4854e+01,7.4401e+01,7.5079e+01,7.5582e+01,7.4802e+01,7.4910e+01,7.4117e+01,7.4097e+01,7.5019e+01,7.5808e+01,7.6935e+01,7.7983e+01,7.9159e+01,8.0219e+01,8.1259e+01,8.1194e+01,8.2213e+01,8.3119e+01,8.4851e+01,8.4345e+01,8.3806e+01,8.2230e+01,8.1019e+01,8.1736e+01,8.0557e+01,8.0257e+01,8.0329e+01,7.9277e+01,7.8613e+01,7.7613e+01,7.7568e+01,7.7614e+01,7.6438e+01,7.5807e+01,7.5951e+01,7.6169e+01,7.5392e+01,7.5822e+01,7.5125e+01,7.5023e+01,7.5723e+01,7.6414e+01,7.6081e+01,7.6189e+01,7.5451e+01,7.4707e+01,7.4102e+01,7.3499e+01,7.2956e+01,7.2988e+01,7.2781e+01,7.2752e+01,7.2825e+01,7.2776e+01,7.3113e+01,7.3295e+01,7.3333e+01,7.3951e+01,7.3942e+01
7.4983e+01,7.4822e+01,7.4379e+01,7.4112e+01,7.3151e+01,7.3340e+01,7.3381e+01,7.4264e+01,7.4701e+01,7.5317e+01,7.5420e+01,7.6365e+01,7.6832e+01,7.6133e+01,7.6133e+01,7.7034e+01,7.7439e+01,7.7327e+01,7.7577e+01,7.8296e+01,7.8748e+01,7.8974e+01,7.8735e+01,7.8375e+01,7.7094e+01,7.6265e+01,7.5297e+01,7.4770e+01,7.5059e+01,7.5976e+01,7.6886e+01,7.7719e+01,7.9085e+01,7.9163e+01,7.9635e+01,7.8418e+01,7.7388e+01,7.6618e+01,7.5787e+01,7.5288e+01,7.4251e+01,7.3929e+01,7.3137e+01,7.2562e+01,7.2351e+01,7.2236e+01,7.2853e+01,7.2498e+01,7.2020e+01,7.1706e+01,7.2249e+01,7.2417e+01,7.3271e+01,7.3446e+01,7.4322e+01,7.4007e+01,7.3094e+01,7.3043e+01,7.2646e+01,7.2828e+01,7.2786e+01,7.2763e+01,7.3186e+01,7.2784e+01,7.2725e+01,7.3456e+01,7.3826e+01,7.3443e+01,7.2966e+01,7.2251e+01,7.1799e+01,7.1366e+01,7.1617e+01,7.2124e+01,7.2696e+01,7.3301e+01,7.3960e+01,7.4313e+01,7.3811e+01,7.3382e+01,7.2624e+01,7.2127e+01,7.1570e+01,7.1349e+01,7.1032e+01,7.0878e+01,7.0961e+01,7.0952e+01,7.0845e+01,7.0686e+01,7.0655e+01,7.0675e+01,7.0706e+01,7.0899e+01,7.0935e+01,7.1231e+01,7.1577e+01,7.2141e+01,7.2596e+01,7.2186e+01,7.1773e+01,7.1334e+01,7.1154e+01,7.1363e+01,7.1574e+01,7.1289e+01,7.1629e+01,7.2125e+01,7.2709e+01,7.3350e+01,7.3671e+01,7.4504e+01,7.4778e+01,7.5166e+01,7.4741e+01,7.5423e+01,7.5941e+01,7.5185e+01,7.5304e+01,7.4527e+01,7.4527e+01,7.5440e+01,7.6205e+01,7.7331e+01,7.8366e+01,7.9539e+01,8.0586e+01,8.1632e+01,8.1571e+01,8.2574e+01,8.3469e+01,8.5193e+01,8.4698e+01,8.4167e+01,8.2596e+01,8.1399e+01,8.2115e+01,8.0948e+01,8.0668e+01,8.0741e+01,7.9683e+01,7.9037e+01,7.8027e+01,7.7962e+01,7.7998e+01,7.6834e+01,7.6193e+01,7.6345e+01,7.6580e+01,7.5820e+01,7.6263e+01,7.5580e+01,7.5483e+01,7.6172e+01,7.6866e+01,7.6549e+01,7.6653e+01,7.5915e+01,7.5184e+01,7.4573e+01,7.3964e+01,7.3413e+01,7.3424e+01,7.3197e+01,7.3146e+01,7.3198e+01,7.3133e+01,7.3460e+01,7.3653e+01,7.3685e+01,7.4294e+01,7.4273e+01
7.5179e+01,7.5000e+01,7.4533e+01,7.4243e+01,7.3269e+01,7.3443e+01,7.3456e+01,7.4336e+01,7.4753e+01,7.5390e+01,7.5523e+01,7.6477e+01,7.6970e+01,7.6276e+01,7.6300e+01,7.7215e+01,7.7639e+01,7.7544e+01,7.7798e+01,7.8509e+01,7.8949e+01,7.9160e+01,7.8928e+01,7.8583e+01,7.7288e+01,7.6450e+01,7.5468e+01,7.4928e+01,7.5236e+01,7.6161e+01,7.7067e+01,7.7899e+01,7.9281e+01,7.9355e+01,7.9814e+01,7.8585e+01,7.7539e+01,7.6753e+01,7.5932e+01,7.5422e+01,7.4380e+01,7.4067e+01,7.3271e+01,7.2671e+01,7.2440e+01,7.2296e+01,7.2899e+01,7.2524e+01,7.2040e+01,7.1712e+01,7.2232e+01,7.2377e+01,7.3214e+01,7.3382e+01,7.4253e+01,7.3959e+01,7.3068e+01,7.3039e+01,7.2662e+01,7.2867e+01,7.2845e+01,7.2851e+01,7.3301e+01,7.2904e+01,7.2871e+01,7.3627e+01,7.4022e+01,7.3635e+01,7.3161e+01,7.2423e+01,7.1968e+01,7.1503e+01,7.1757e+01,7.2265e+01,7.2857e+01,7.3486e+01,7.4141e+01,7.4497e+01,7.3977e+01,7.3557e+01,7.2788e+01,7.2272e+01,7.1705e+01,7.1461e+01,7.1119e+01,7.0976e+01,7.1088e+01,7.1068e+01,7.0931e+01,7.0753e+01,7.0706e+01,7.0713e+01,7.0764e+01,7.0939e+01,7.0965e+01,7.1229e+01,7.1576e+01,7.2122e+01,7.2549e+01,7.2147e+01,7.1759e+01,7.1329e+01,7.1180e+01,7.1411e+01,7.1637e+01,7.1370e+01,7.1713e+01,7.2227e+01,7.2798e+01,7.3451e+01,7.3800e+01,7.4625e+01,7.4919e+01,7.5332e+01,7.4921e+01,7.5622e+01,7.6162e+01,7.5410e+01,7.5536e+01,7.4755e+01,7.4770e+01,7.5688e+01,7.6448e+01,7.7595e+01,7.8624e+01,7.9815e+01,8.0852e+01,8.1915e+01,8.1870e+01,8.2865e+01,8.3769e+01,8.5493e+01,8.5002e+01,8.4489e+01,8.2911e+01,8.1724e+01,8.2459e+01,8.1298e+01,8.1032e+01,8.1118e+01,8.0047e+01,7.9414e+01,7.8381e+01,7.8296e+01,7.8314e+01,7.7137e+01,7.6471e+01,7.6626e+01,7.6872e+01,7.6108e+01,7.6561e+01,7.5872e+01,7.5784e+01,7.6488e+01,7.7194e+01,7.6872e+01,7.6964e+01,7.6203e+01,7.5463e+01,7.4839e+01,7.4204e+01,7.3633e+01,7.3630e+01,7.3384e+01,7.3318e+01,7.3360e+01,7.3273e+01,7.3604e+01,7.3822e+01,7.3858e+01,7.4478e+01,7.4456e+01
7.6037e+01,7.5847e+01,7.5371e+01,7.5069e+01,7.4104e+01,7.4264e+01,7.4256e+01,7.5119e+01,7.5514e+01,7.6153e+01,7.6303e+01,7.7251e+01,7.7756e+01,7.7078e+01,7.7116e+01,7.8029e+01,7.8461e+01,7.8382e+01,7.8639e+01,7.9334e+01,7.9756e+01,7.9956e+01,7.9736e+01,7.9408e+01,7.8116e+01,7.7281e+01,7.6303e+01,7.5765e+01,7.6086e+01,7.7009e+01,7.7902e+01,7.8734e+01,8.0116e+01,8.0179e+01,8.0621e+01,7.9390e+01,7.8348e+01,7.7554e+01,7.6746e+01,7.6232e+01,7.5202e+01,7.4901e+01,7.4119e+01,7.3514e+01,7.3275e+01,7.3114e+01,7.3698e+01,7.3317e+01,7.2842e+01,7.2515e+01,7.3006e+01,7.3136e+01,7.3940e+01,7.4100e+01,7.4948e+01,7.4674e+01,7.3814e+01,7.3801e+01,7.3443e+01,7.3657e+01,7.3652e+01,7.3678e+01,7.4137e+01,7.3760e+01,7.3747e+01,7.4505e+01,7.4908e+01,7.4525e+01,7.4063e+01,7.3327e+01,7.2886e+01,7.2412e+01,7.2654e+01,7.3145e+01,7.3736e+01,7.4371e+01,7.5008e+01,7.5360e+01,7.4839e+01,7.4436e+01,7.3674e+01,7.3159e+01,7.2603e+01,7.2348e+01,7.2002e+01,7.1876e+01,7.2006e+01,7.1981e+01,7.1828e+01,7.1651e+01,7.1607e+01,7.1609e+01,7.1685e+01,7.1843e+01,7.1844e+01,7.2079e+01,7.2408e+01,7.2931e+01,7.3321e+01,7.2927e+01,7.2559e+01,7.2150e+01,7.2022e+01,7.2253e+01,7.2484e+01,7.2244e+01,7.2588e+01,7.3097e+01,7.3644e+01,7.4292e+01,7.4645e+01,7.5444e+01,7.5743e+01,7.6169e+01,7.5778e+01,7.6477e+01,7.7026e+01,7.6296e+01,7.6420e+01,7.5654e+01,7.5676e+01,7.6576e+01,7.7319e+01,7.8459e+01,7.9468e+01,8.0653e+01,8.1673e+01,8.2730e+01,8.2693e+01,8.3674e+01,8.4572e+01,8.6278e+01,8.5794e+01,8.5290e+01,8.3728e+01,8.2558e+01,8.3292e+01,8.2149e+01,8.1891e+01,8.1981e+01,8.0922e+01,8.0302e+01,7.9282e+01,7.9193e+01,7.9206e+01,7.8042e+01,7.7378e+01,7.7529e+01,7.7776e+01,7.7025e+01,7.7472e+01,7.6796e+01,7.6715e+01,7.7409e+01,7.8105e+01,7.7788e+01,7.7875e+01,7.7119e+01,7.6385e+01,7.5778e+01,7.5148e+01,7.4587e+01,7.4577e+01,7.4331e+01,7.4254e+01,7.4291e+01,7.4186e+01,7.4504e+01,7.4733e+01,7.4774e+01,7.5388e+01,7.5351e+01
7.6568e+01,7.6367e+01,7.5884e+01,7.5565e+01,7.4580e+01,7.4725e+01,7.4700e+01,7.5573e+01,7.5963e+01,7.6627e+01,7.6796e+01,7.7753e+01,7.8273e+01,7.7589e+01,7.7640e+01,7.8570e+01,7.9008e+01,7.8933e+01,7.9189e+01,7.9885e+01,8.0308e+01,8.0500e+01,8.0276e+01,7.9951e+01,7.8649e+01,7.7810e+01,7.6815e+01,7.6259e+01,7.6587e+01,7.7515e+01,7.8410e+01,7.9235e+01,8.0624e+01,8.0696e+01,8.1139e+01,7.9905e+01,7.8847e+01,7.8044e+01,7.7241e+01,7.6723e+01,7.5683e+01,7.5389e+01,7.4592e+01,7.3967e+01,7.3705e+01,7.3523e+01,7.4095e+01,7.3692e+01,7.3197e+01,7.2856e+01,7.3335e+01,7.3443e+01,7.4241e+01,7.4407e+01,7.5260e+01,7.5006e+01,7.4159e+01,7.4165e+01,7.3831e+01,7.4073e+01,7.4091e+01,7.4136e+01,7.4620e+01,7.4241e+01,7.4236e+01,7.5018e+01,7.5431e+01,7.5036e+01,7.4561e+01,7.3800e+01,7.3348e+01,7.2850e+01,7.3095e+01,7.3601e+01,7.4218e+01,7.4866e+01,7.5512e+01,7.5860e+01,7.5319e+01,7.4907e+01,7.4134e+01,7.3593e+01,7.3019e+01,7.2759e+01,7.2385e+01,7.2268e+01,7.2411e+01,7.2365e+01,7.2186e+01,7.1995e+01,7.1927e+01,7.1934e+01,7.2022e+01,7.2183e+01,7.2190e+01,7.2403e+01,7.2755e+01,7.3276e+01,7.3643e+01,7.3246e+01,7.2894e+01,7.2474e+01,7.2374e+01,7.2634e+01,7.2892e+01,7.2654e+01,7.3014e+01,7.3552e+01,7.4104e+01,7.4774e+01,7.5149e+01,7.5959e+01,7.6269e+01,7.6710e+01,7.6318e+01,7.7031e+01,7.7591e+01,7.6850e+01,7.6970e+01,7.6187e+01,7.6209e+01,7.7118e+01,7.7872e+01,7.9024e+01,8.0030e+01,8.1226e+01,8.2238e+01,8.3297e+01,8.3272e+01,8.4258e+01,8.5167e+01,8.6870e+01,8.6376e+01,8.5880e+01,8.4321e+01,8.3151e+01,8.3893e+01,8.2750e+01,8.2487e+01,8.2580e+01,8.1520e+01,8.0894e+01,7.9869e+01,7.9781e+01,7.9793e+01,7.8616e+01,7.7944e+01,7.8090e+01,7.8331e+01,7.7564e+01,7.8006e+01,7.7315e+01,7.7234e+01,7.7948e+01,7.8649e+01,7.8313e+01,7.8394e+01,7.7616e+01,7.6864e+01,7.6249e+01,7.5597e+01,7.5017e+01,7.5011e+01,7.4758e+01,7.4685e+01,7.4718e+01,7.4606e+01,7.4943e+01,7.5187e+01,7.5241e+01,7.5869e+01,7.5839e+01
7.6564e+01,7.6360e+01,7.5885e+01,7.5562e+01,7.4567e+01,7.4705e+01,7.4681e+01,7.5566e+01,7.5965e+01,7.6640e+01,7.6812e+01,7.7766e+01,7.8287e+01,7.7589e+01,7.7641e+01,7.8581e+01,7.9013e+01,7.8932e+01,7.9179e+01,7.9880e+01,8.0312e+01,8.0501e+01,8.0266e+01,7.9935e+01,7.8632e+01,7.7798e+01,7.6792e+01,7.6223e+01,7.6543e+01,7.7467e+01,7.8364e+01,7.9179e+01,8.0568e+01,8.0654e+01,8.1104e+01,7.9877e+01,7.8811e+01,7.8014e+01,7.7213e+01,7.6703e+01,7.5659e+01,7.5370e+01,7.4559e+01,7.3932e+01,7.3658e+01,7.3476e+01,7.4044e+01,7.3637e+01,7.3123e+01,7.2779e+01,7.3268e+01,7.3373e+01,7.4184e+01,7.4365e+01,7.5228e+01,7.4972e+01,7.4118e+01,7.4125e+01,7.3799e+01,7.4054e+01,7.4079e+01,7.4124e+01,7.4618e+01,7.4238e+01,7.4226e+01,7.5020e+01,7.5430e+01,7.5018e+01,7.4525e+01,7.3749e+01,7.3287e+01,7.2782e+01,7.3027e+01,7.3547e+01,7.4180e+01,7.4829e+01,7.5483e+01,7.5824e+01,7.5270e+01,7.4843e+01,7.4065e+01,7.3507e+01,7.2919e+01,7.2671e+01,7.2284e+01,7.2172e+01,7.2306e+01,7.2238e+01,7.2053e+01,7.1860e+01,7.1771e+01,7.1799e+01,7.1882e+01,7.2067e+01,7.2094e+01,7.2313e+01,7.2696e+01,7.3235e+01,7.3601e+01,7.3191e+01,7.2833e+01,7.2389e+01,7.2295e+01,7.2572e+01,7.2850e+01,7.2597e+01,7.2978e+01,7.3536e+01,7.4106e+01,7.4791e+01,7.5171e+01,7.5998e+01,7.6306e+01,7.6748e+01,7.6345e+01,7.7060e+01,7.7619e+01,7.6862e+01,7.6972e+01,7.6171e+01,7.6185e+01,7.7107e+01,7.7875e+01,7.9032e+01,8.0039e+01,8.1241e+01,8.2252e+01,8.3306e+01,8.3289e+01,8.4287e+01,8.5206e+01,8.6912e+01,8.6405e+01,8.5906e+01,8.4349e+01,8.3171e+01,8.3918e+01,8.2770e+01,8.2493e+01,8.2586e+01,8.1526e+01,8.0884e+01,7.9856e+01,7.9779e+01,7.9790e+01,7.8593e+01,7.7915e+01,7.8051e+01,7.8281e+01,7.7492e+01,7.7925e+01,7.7212e+01,7.7130e+01,7.7867e+01,7.8570e+01,7.8211e+01,7.8290e+01,7.7496e+01,7.6722e+01,7.6100e+01,7.5435e+01,7.4844e+01,7.4854e+01,7.4611e+01,7.4551e+01,7.4598e+01,7.4486e+01,7.4840e+01,7.5089e+01,7.5155e+01,7.5804e+01,7.5795e+01
7.5885e+01,7.5694e+01,7.5235e+01,7.4933e+01,7.3946e+01,7.4101e+01,7.4101e+01,7.4985e+01,7.5400e+01,7.6057e+01,7.6204e+01,7.7153e+01,7.7654e+01,7.6955e+01,7.6986e+01,7.7911e+01,7.8330e+01,7.8235e+01,7.8484e+01,7.9193e+01,7.9633e+01,7.9836e+01,7.9598e+01,7.9256e+01,7.7962e+01,7.7132e+01,7.6139e+01,7.5581e+01,7.5888e+01,7.6810e+01,7.7710e+01,7.8527e+01,7.9907e+01,7.9993e+01,8.0450e+01,7.9230e+01,7.8176e+01,7.7392e+01,7.6582e+01,7.6077e+01,7.5036e+01,7.4737e+01,7.3931e+01,7.3322e+01,7.3070e+01,7.2913e+01,7.3501e+01,7.3115e+01,7.2611e+01,7.2276e+01,7.2794e+01,7.2926e+01,7.3763e+01,7.3947e+01,7.4821e+01,7.4535e+01,7.3650e+01,7.3632e+01,7.3277e+01,7.3503e+01,7.3505e+01,7.3523e+01,7.3996e+01,7.3609e+01,7.3579e+01,7.4359e+01,7.4755e+01,7.4345e+01,7.3852e+01,7.3093e+01,7.2634e+01,7.2150e+01,7.2397e+01,7.2914e+01,7.3530e+01,7.4165e+01,7.4820e+01,7.5164e+01,7.4627e+01,7.4199e+01,7.3427e+01,7.2888e+01,7.2308e+01,7.2071e+01,7.1706e+01,7.1576e+01,7.1690e+01,7.1641e+01,7.1483e+01,7.1299e+01,7.1223e+01,7.1251e+01,7.1310e+01,7.1505e+01,7.1543e+01,7.1797e+01,7.2176e+01,7.2733e+01,7.3140e+01,7.2723e+01,7.2339e+01,7.1888e+01,7.1760e+01,7.2017e+01,7.2275e+01,7.2004e+01,7.2375e+01,7.2917e+01,7.3500e+01,7.4173e+01,7.4533e+01,7.5368e+01,7.5662e+01,7.6084e+01,7.5671e+01,7.6375e+01,7.6919e+01,7.6162e+01,7.6272e+01,7.5476e+01,7.5484e+01,7.6403e+01,7.7170e+01,7.8316e+01,7.9325e+01,8.0516e+01,8.1530e+01,8.2577e+01,8.2554e+01,8.3557e+01,8.4472e+01,8.6180e+01,8.5669e+01,8.5163e+01,8.3608e+01,8.2427e+01,8.3170e+01,8.2023e+01,8.1743e+01,8.1838e+01,8.0777e+01,8.0137e+01,7.9108e+01,7.9033e+01,7.9042e+01,7.7844e+01,7.7172e+01,7.7307e+01,7.7534e+01,7.6747e+01,7.7179e+01,7.6470e+01,7.6384e+01,7.7116e+01,7.7816e+01,7.7462e+01,7.7544e+01,7.6758e+01,7.5991e+01,7.5371e+01,7.4716e+01,7.4133e+01,7.4146e+01,7.3909e+01,7.3858e+01,7.3914e+01,7.3816e+01,7.4168e+01,7.4400e+01,7.4454e+01,7.5098e+01,7.5091e+01
7.5336e+01,7.5145e+01,7.4678e+01,7.4372e+01,7.3376e+01,7.3538e+01,7.3536e+01,7.4429e+01,7.4846e+01,7.5506e+01,7.5653e+01,7.6617e+01,7.7123e+01,7.6423e+01,7.6453e+01,7.7384e+01,7.7813e+01,7.7718e+01,7.7979e+01,7.8694e+01,7.9132e+01,7.9338e+01,7.9106e+01,7.8767e+01,7.7457e+01,7.6613e+01,7.5612e+01,7.5055e+01,7.5373e+01,7.6311e+01,7.7217e+01,7.8047e+01,7.9437e+01,7.9515e+01,7.9970e+01,7.8736e+01,7.7678e+01,7.6880e+01,7.6061e+01,7.5545e+01,7.4494e+01,7.4187e+01,7.3372e+01,7.2751e+01,7.2502e+01,7.2340e+01,7.2943e+01,7.2549e+01,7.2040e+01,7.1693e+01,7.2220e+01,7.2354e+01,7.3208e+01,7.3388e+01,7.4276e+01,7.3985e+01,7.3086e+01,7.3067e+01,7.2700e+01,7.2926e+01,7.2922e+01,7.2940e+01,7.3417e+01,7.3019e+01,7.2992e+01,7.3782e+01,7.4190e+01,7.3783e+01,7.3291e+01,7.2522e+01,7.2051e+01,7.1556e+01,7.1816e+01,7.2343e+01,7.2963e+01,7.3615e+01,7.4277e+01,7.4634e+01,7.4095e+01,7.3669e+01,7.2881e+01,7.2336e+01,7.1744e+01,7.1492e+01,7.1117e+01,7.0974e+01,7.1097e+01,7.1058e+01,7.0895e+01,7.0694e+01,7.0610e+01,7.0624e+01,7.0674e+01,7.0864e+01,7.0909e+01,7.1170e+01,7.1552e+01,7.2113e+01,7.2537e+01,7.2123e+01,7.1737e+01,7.1284e+01,7.1153e+01,7.1415e+01,7.1668e+01,7.1390e+01,7.1759e+01,7.2308e+01,7.2898e+01,7.3577e+01,7.3947e+01,7.4796e+01,7.5097e+01,7.5523e+01,7.5105e+01,7.5825e+01,7.6377e+01,7.5614e+01,7.5733e+01,7.4929e+01,7.4946e+01,7.5879e+01,7.6648e+01,7.7809e+01,7.8825e+01,8.0029e+01,8.1048e+01,8.2109e+01,8.2086e+01,8.3089e+01,8.4008e+01,8.5725e+01,8.5216e+01,8.4714e+01,8.3146e+01,8.1963e+01,8.2717e+01,8.1564e+01,8.1294e+01,8.1394e+01,8.0317e+01,7.9682e+01,7.8631e+01,7.8542e+01,7.8542e+01,7.7332e+01,7.6645e+01,7.6786e+01,7.7023e+01,7.6231e+01,7.6678e+01,7.5959e+01,7.5869e+01,7.6611e+01,7.7328e+01,7.6975e+01,7.7058e+01,7.6258e+01,7.5483e+01,7.4842e+01,7.4162e+01,7.3560e+01,7.3559e+01,7.3304e+01,7.3249e+01,7.3294e+01,7.3197e+01,7.3560e+01,7.3796e+01,7.3849e+01,7.4494e+01,7.4491e+01
7.5399e+01,7.5195e+01,7.4716e+01,7.4389e+01,7.3375e+01,7.3521e+01,7.3499e+01,7.4398e+01,7.4809e+01,7.5490e+01,7.5656e+01,7.6623e+01,7.7145e+01,7.6440e+01,7.6488e+01,7.7439e+01,7.7877e+01,7.7794e+01,7.8050e+01,7.8758e+01,7.9192e+01,7.9384e+01,7.9147e+01,7.8817e+01,7.7499e+01,7.6656e+01,7.5636e+01,7.5063e+01,7.5389e+01,7.6328e+01,7.7227e+01,7.8047e+01,7.9441e+01,7.9525e+01,7.9975e+01,7.8743e+01,7.7674e+01,7.6873e+01,7.6063e+01,7.5548e+01,7.4493e+01,7.4195e+01,7.3372e+01,7.2730e+01,7.2456e+01,7.2271e+01,7.2864e+01,7.2448e+01,7.1916e+01,7.1554e+01,7.2070e+01,7.2182e+01,7.3032e+01,7.3221e+01,7.4119e+01,7.3846e+01,7.2956e+01,7.2956e+01,7.2611e+01,7.2864e+01,7.2882e+01,7.2921e+01,7.3422e+01,7.3030e+01,7.3019e+01,7.3834e+01,7.4262e+01,7.3843e+01,7.3343e+01,7.2546e+01,7.2067e+01,7.1541e+01,7.1804e+01,7.2339e+01,7.2983e+01,7.3655e+01,7.4315e+01,7.4671e+01,7.4115e+01,7.3692e+01,7.2890e+01,7.2318e+01,7.1708e+01,7.1444e+01,7.1038e+01,7.0907e+01,7.1050e+01,7.0989e+01,7.0793e+01,7.0574e+01,7.0460e+01,7.0478e+01,7.0542e+01,7.0733e+01,7.0785e+01,7.1023e+01,7.1429e+01,7.1989e+01,7.2389e+01,7.1971e+01,7.1599e+01,7.1134e+01,7.1033e+01,7.1326e+01,7.1605e+01,7.1332e+01,7.1719e+01,7.2295e+01,7.2886e+01,7.3582e+01,7.3974e+01,7.4828e+01,7.5144e+01,7.5588e+01,7.5177e+01,7.5911e+01,7.6482e+01,7.5715e+01,7.5832e+01,7.5008e+01,7.5040e+01,7.5993e+01,7.6769e+01,7.7951e+01,7.8972e+01,8.0194e+01,8.1215e+01,8.2290e+01,8.2275e+01,8.3282e+01,8.4210e+01,8.5938e+01,8.5428e+01,8.4929e+01,8.3349e+01,8.2162e+01,8.2930e+01,8.1771e+01,8.1505e+01,8.1613e+01,8.0520e+01,7.9887e+01,7.8812e+01,7.8706e+01,7.8691e+01,7.7461e+01,7.6746e+01,7.6888e+01,7.7134e+01,7.6326e+01,7.6784e+01,7.6047e+01,7.5963e+01,7.6729e+01,7.7461e+01,7.7097e+01,7.7172e+01,7.6342e+01,7.5546e+01,7.4883e+01,7.4166e+01,7.3535e+01,7.3525e+01,7.3252e+01,7.3185e+01,7.3223e+01,7.3102e+01,7.3480e+01,7.3742e+01,7.3806e+01,7.4469e+01,7.4477e+01
7.4857e+01,7.4643e+01,7.4150e+01,7.3816e+01,7.2783e+01,7.2931e+01,7.2904e+01,7.3816e+01,7.4231e+01,7.4924e+01,7.5096e+01,7.6075e+01,7.6606e+01,7.5892e+01,7.5945e+01,7.6912e+01,7.7359e+01,7.7278e+01,7.7538e+01,7.8253e+01,7.8690e+01,7.8881e+01,7.8643e+01,7.8312e+01,7.6978e+01,7.6125e+01,7.5086e+01,7.4499e+01,7.4829e+01,7.5780e+01,7.6688e+01,7.7513e+01,7.8922e+01,7.9011e+01,7.9464e+01,7.8224e+01,7.7140e+01,7.6332e+01,7.5515e+01,7.4993e+01,7.3923e+01,7.3620e+01,7.2782e+01,7.2126e+01,7.1842e+01,7.1651e+01,7.2253e+01,7.1827e+01,7.1281e+01,7.0910e+01,7.1437e+01,7.1550e+01,7.2417e+01,7.2613e+01,7.3526e+01,7.3248e+01,7.2343e+01,7.2345e+01,7.1995e+01,7.2257e+01,7.2276e+01,7.2319e+01,7.2831e+01,7.2430e+01,7.2423e+01,7.3256e+01,7.3695e+01,7.3270e+01,7.2762e+01,7.1946e+01,7.1455e+01,7.0911e+01,7.1183e+01,7.1731e+01,7.2388e+01,7.3077e+01,7.3746e+01,7.4110e+01,7.3543e+01,7.3114e+01,7.2296e+01,7.1710e+01,7.1084e+01,7.0810e+01,7.0390e+01,7.0252e+01,7.0404e+01,7.0342e+01,7.0135e+01,6.9902e+01,6.9774e+01,6.9789e+01,6.9850e+01,7.0046e+01,7.0106e+01,7.0349e+01,7.0770e+01,7.1343e+01,7.1756e+01,7.1329e+01,7.0951e+01,7.0474e+01,7.0374e+01,7.0680e+01,7.0967e+01,7.0685e+01,7.1081e+01,7.1674e+01,7.2277e+01,7.2988e+01,7.3393e+01,7.4264e+01,7.4586e+01,7.5039e+01,7.4623e+01,7.5369e+01,7.5953e+01,7.5173e+01,7.5291e+01,7.4446e+01,7.4493e+01,7.5473e+01,7.6258e+01,7.7463e+01,7.8499e+01,7.9740e+01,8.0772e+01,8.1866e+01,8.1852e+01,8.2864e+01,8.3799e+01,8.5547e+01,8.5038e+01,8.4539e+01,8.2937e+01,8.1743e+01,8.2528e+01,8.1359e+01,8.1100e+01,8.1221e+01,8.0106e+01,7.9479e+01,7.8368e+01,7.8240e+01,7.8204e+01,7.6950e+01,7.6207e+01,7.6353e+01,7.6612e+01,7.5792e+01,7.6264e+01,7.5513e+01,7.5433e+01,7.6221e+01,7.6972e+01,7.6602e+01,7.6670e+01,7.5815e+01,7.5003e+01,7.4317e+01,7.3565e+01,7.2907e+01,7.2881e+01,7.2587e+01,7.2509e+01,7.2538e+01,7.2408e+01,7.2796e+01,7.3075e+01,7.3142e+01,7.3816e+01,7.3833e+01
7.4831e+01,7.4617e+01,7.4128e+01,7.3786e+01,7.2739e+01,7.2876e+01,7.2845e+01,7.3770e+01,7.4193e+01,7.4904e+01,7.5082e+01,7.6066e+01,7.6602e+01,7.5877e+01,7.5932e+01,7.6913e+01,7.7356e+01,7.7271e+01,7.7524e+01,7.8244e+01,7.8687e+01,7.8875e+01,7.8628e+01,7.8292e+01,7.6953e+01,7.6101e+01,7.5047e+01,7.4443e+01,7.4770e+01,7.5723e+01,7.6635e+01,7.7454e+01,7.8873e+01,7.8973e+01,7.9429e+01,7.8190e+01,7.7091e+01,7.6282e+01,7.5467e+01,7.4948e+01,7.3869e+01,7.3575e+01,7.2722e+01,7.2058e+01,7.1758e+01,7.1562e+01,7.2156e+01,7.1724e+01,7.1163e+01,7.0791e+01,7.1327e+01,7.1441e+01,7.2319e+01,7.2536e+01,7.3456e+01,7.3172e+01,7.2260e+01,7.2259e+01,7.1922e+01,7.2195e+01,7.2226e+01,7.2272e+01,7.2798e+01,7.2395e+01,7.2382e+01,7.3233e+01,7.3674e+01,7.3233e+01,7.2707e+01,7.1873e+01,7.1372e+01,7.0816e+01,7.1089e+01,7.1649e+01,7.2326e+01,7.3022e+01,7.3699e+01,7.4057e+01,7.3474e+01,7.3034e+01,7.2208e+01,7.1601e+01,7.0961e+01,7.0693e+01,7.0258e+01,7.0126e+01,7.0273e+01,7.0194e+01,6.9978e+01,6.9744e+01,6.9599e+01,6.9630e+01,6.9685e+01,6.9902e+01,6.9980e+01,7.0231e+01,7.0679e+01,7.1272e+01,7.1684e+01,7.1238e+01,7.0853e+01,7.0353e+01,7.0259e+01,7.0581e+01,7.0887e+01,7.0596e+01,7.1009e+01,7.1622e+01,7.2244e+01,7.2970e+01,7.3382e+01,7.4269e+01,7.4593e+01,7.5050e+01,7.4624e+01,7.5378e+01,7.5963e+01,7.5170e+01,7.5284e+01,7.4421e+01,7.4461e+01,7.5453e+01,7.6253e+01,7.7467e+01,7.8506e+01,7.9757e+01,8.0786e+01,8.1878e+01,8.1874e+01,8.2898e+01,8.3843e+01,8.5594e+01,8.5072e+01,8.4574e+01,8.2972e+01,8.1771e+01,8.2566e+01,8.1392e+01,8.1122e+01,8.1247e+01,8.0128e+01,7.9487e+01,7.8366e+01,7.8244e+01,7.8201e+01,7.6922e+01,7.6169e+01,7.6308e+01,7.6558e+01,7.5712e+01,7.6177e+01,7.5403e+01,7.5321e+01,7.6134e+01,7.6889e+01,7.6497e+01,7.6563e+01,7.5687e+01,7.4853e+01,7.4156e+01,7.3390e+01,7.2718e+01,7.2706e+01,7.2419e+01,7.2355e+01,7.2396e+01,7.2270e+01,7.2675e+01,7.2956e+01,7.3026e+01,7.3720e+01,7.3759e+01
7.4310e+01,7.4091e+01,7.3598e+01,7.3254e+01,7.2190e+01,7.2331e+01,7.2305e+01,7.3244e+01,7.3680e+01,7.4403e+01,7.4578e+01,7.5568e+01,7.6105e+01,7.5366e+01,7.5421e+01,7.6415e+01,7.6860e+01,7.6771e+01,7.7025e+01,7.7753e+01,7.8204e+01,7.8396e+01,7.8144e+01,7.7802e+01,7.6449e+01,7.5588e+01,7.4519e+01,7.3903e+01,7.4230e+01,7.5194e+01,7.6119e+01,7.6944e+01,7.8376e+01,7.8480e+01,7.8942e+01,7.7695e+01,7.6583e+01,7.5769e+01,7.4946e+01,7.4424e+01,7.3331e+01,7.3032e+01,7.2165e+01,7.1495e+01,7.1191e+01,7.0998e+01,7.1602e+01,7.1169e+01,7.0599e+01,7.0223e+01,7.0779e+01,7.0904e+01,7.1805e+01,7.2037e+01,7.2972e+01,7.2672e+01,7.1738e+01,7.1727e+01,7.1383e+01,7.1658e+01,7.1687e+01,7.1725e+01,7.2256e+01,7.1842e+01,7.1820e+01,7.2684e+01,7.3127e+01,7.2676e+01,7.2137e+01,7.1289e+01,7.0776e+01,7.0214e+01,7.0494e+01,7.1070e+01,7.1756e+01,7.2459e+01,7.3147e+01,7.3509e+01,7.2919e+01,7.2470e+01,7.1632e+01,7.1014e+01,7.0361e+01,7.0093e+01,6.9651e+01,6.9509e+01,6.9654e+01,6.9575e+01,6.9360e+01,6.9117e+01,6.8962e+01,6.8997e+01,6.9037e+01,6.9270e+01,6.9368e+01,6.9638e+01,7.0108e+01,7.0726e+01,7.1159e+01,7.0697e+01,7.0294e+01,6.9773e+01,6.9671e+01,7.0000e+01,7.0313e+01,7.0005e+01,7.0427e+01,7.1054e+01,7.1699e+01,7.2441e+01,7.2855e+01,7.3766e+01,7.4088e+01,7.4547e+01,7.4104e+01,7.4866e+01,7.5453e+01,7.4642e+01,7.4753e+01,7.3870e+01,7.3912e+01,7.4924e+01,7.5740e+01,7.6969e+01,7.8021e+01,7.9289e+01,8.0327e+01,8.1430e+01,8.1428e+01,8.2461e+01,8.3418e+01,8.5182e+01,8.4654e+01,8.4156e+01,8.2540e+01,8.1330e+01,8.2139e+01,8.0955e+01,8.0681e+01,8.0818e+01,7.9688e+01,7.9046e+01,7.7903e+01,7.7774e+01,7.7718e+01,7.6415e+01,7.5645e+01,7.5782e+01,7.6033e+01,7.5171e+01,7.5641e+01,7.4852e+01,7.4770e+01,7.5601e+01,7.6368e+01,7.5966e+01,7.6030e+01,7.5136e+01,7.4291e+01,7.3578e+01,7.2792e+01,7.2104e+01,7.2087e+01,7.1793e+01,7.1730e+01,7.1770e+01,7.1649e+01,7.2067e+01,7.2351e+01,7.2421e+01,7.3128e+01,7.3191e+01
7.3901e+01,7.3695e+01,7.3212e+01,7.2888e+01,7.1818e+01,7.1976e+01,7.1972e+01,7.2930e+01,7.3387e+01,7.4107e+01,7.4262e+01,7.5262e+01,7.5785e+01,7.5032e+01,7.5066e+01,7.6057e+01,7.6489e+01,7.6378e+01,7.6631e+01,7.7380e+01,7.7852e+01,7.8060e+01,7.7795e+01,7.7431e+01,7.6075e+01,7.5211e+01,7.4141e+01,7.3521e+01,7.3831e+01,7.4797e+01,7.5740e+01,7.6571e+01,7.8009e+01,7.8127e+01,7.8609e+01,7.7360e+01,7.6240e+01,7.5434e+01,7.4593e+01,7.4076e+01,7.2968e+01,7.2660e+01,7.1778e+01,7.1117e+01,7.0823e+01,7.0648e+01,7.1269e+01,7.0844e+01,7.0267e+01,6.9896e+01,7.0475e+01,7.0615e+01,7.1536e+01,7.1778e+01,7.2726e+01,7.2411e+01,7.1457e+01,7.1433e+01,7.1074e+01,7.1339e+01,7.1351e+01,7.1367e+01,7.1884e+01,7.1448e+01,7.1400e+01,7.2252e+01,7.2679e+01,7.2230e+01,7.1678e+01,7.0840e+01,7.0314e+01,6.9772e+01,7.0061e+01,7.0650e+01,7.1333e+01,7.2023e+01,7.2730e+01,7.3093e+01,7.2505e+01,7.2036e+01,7.1198e+01,7.0585e+01,6.9928e+01,6.9676e+01,6.9246e+01,6.9087e+01,6.9206e+01,6.9136e+01,6.8944e+01,6.8706e+01,6.8550e+01,6.8592e+01,6.8596e+01,6.8850e+01,6.8978e+01,6.9282e+01,6.9769e+01,7.0408e+01,7.0871e+01,7.0401e+01,6.9979e+01,6.9439e+01,6.9315e+01,6.9641e+01,6.9946e+01,6.9611e+01,7.0030e+01,7.0654e+01,7.1324e+01,7.2061e+01,7.2462e+01,7.3392e+01,7.3708e+01,7.4144e+01,7.3680e+01,7.4438e+01,7.5003e+01,7.4175e+01,7.4292e+01,7.3408e+01,7.3429e+01,7.4447e+01,7.5280e+01,7.6499e+01,7.7569e+01,7.8828e+01,7.9888e+01,8.0980e+01,8.0961e+01,8.2013e+01,8.2971e+01,8.4747e+01,8.4209e+01,8.3691e+01,8.2069e+01,8.0837e+01,8.1633e+01,8.0431e+01,8.0137e+01,8.0261e+01,7.9133e+01,7.8468e+01,7.7337e+01,7.7229e+01,7.7197e+01,7.5896e+01,7.5151e+01,7.5295e+01,7.5537e+01,7.4669e+01,7.5133e+01,7.4339e+01,7.4237e+01,7.5059e+01,7.5823e+01,7.5420e+01,7.5503e+01,7.4624e+01,7.3776e+01,7.3065e+01,7.2298e+01,7.1612e+01,7.1618e+01,7.1335e+01,7.1297e+01,7.1350e+01,7.1262e+01,7.1692e+01,7.1952e+01,7.2001e+01,7.2704e+01,7.2782e+01
7.3020e+01,7.2816e+01,7.2330e+01,7.2013e+01,7.0933e+01,7.1099e+01,7.1107e+01,7.2078e+01,7.2550e+01,7.3272e+01,7.3416e+01,7.4425e+01,7.4942e+01,7.4177e+01,7.4205e+01,7.5203e+01,7.5634e+01,7.5517e+01,7.5771e+01,7.6528e+01,7.7008e+01,7.7221e+01,7.6949e+01,7.6578e+01,7.5214e+01,7.4343e+01,7.3266e+01,7.2641e+01,7.2949e+01,7.3921e+01,7.4873e+01,7.5708e+01,7.7153e+01,7.7276e+01,7.7767e+01,7.6513e+01,7.5386e+01,7.4579e+01,7.3729e+01,7.3212e+01,7.2094e+01,7.1779e+01,7.0889e+01,7.0228e+01,6.9941e+01,6.9777e+01,7.0412e+01,6.9997e+01,6.9422e+01,6.9055e+01,6.9655e+01,6.9816e+01,7.0759e+01,7.1007e+01,7.1965e+01,7.1628e+01,7.0649e+01,7.0609e+01,7.0231e+01,7.0484e+01,7.0484e+01,7.0487e+01,7.0999e+01,7.0550e+01,7.0492e+01,7.1347e+01,7.1773e+01,7.1323e+01,7.0768e+01,6.9928e+01,6.9395e+01,6.8856e+01,6.9152e+01,6.9747e+01,7.0428e+01,7.1120e+01,7.1836e+01,7.2202e+01,7.1614e+01,7.1143e+01,7.0300e+01,6.9691e+01,6.9032e+01,6.8777e+01,6.8354e+01,6.8182e+01,6.8298e+01,6.8244e+01,6.8061e+01,6.7821e+01,6.7673e+01,6.7708e+01,6.7693e+01,6.7951e+01,6.8090e+01,6.8422e+01,6.8911e+01,6.9572e+01,7.0067e+01,6.9586e+01,6.9141e+01,6.8590e+01,6.8446e+01,6.8764e+01,6.9060e+01,6.8711e+01,6.9126e+01,6.9751e+01,7.0438e+01,7.1182e+01,7.1578e+01,7.2528e+01,7.2839e+01,7.3272e+01,7.2793e+01,7.3557e+01,7.4122e+01,7.3281e+01,7.3401e+01,7.2509e+01,7.2533e+01,7.3563e+01,7.4406e+01,7.5636e+01,7.6719e+01,7.7991e+01,7.9063e+01,8.0167e+01,8.0146e+01,8.1206e+01,8.2172e+01,8.3962e+01,8.3424e+01,8.2905e+01,8.1267e+01,8.0026e+01,8.0833e+01,7.9620e+01,7.9329e+01,7.9462e+01,7.8322e+01,7.7660e+01,7.6510e+01,7.6392e+01,7.6351e+01,7.5038e+01,7.4281e+01,7.4429e+01,7.4677e+01,7.3808e+01,7.4282e+01,7.3489e+01,7.3393e+01,7.4218e+01,7.4991e+01,7.4596e+01,7.4674e+01,7.3788e+01,7.2948e+01,7.2228e+01,7.1452e+01,7.0760e+01,7.0751e+01,7.0456e+01,7.0413e+01,7.0458e+01,7.0380e+01,7.0817e+01,7.1070e+01,7.1111e+01,7.1817e+01,7.1901e+01
7.2428e+01,7.2223e+01,7.1746e+01,7.1437e+01,7.0342e+01,7.0514e+01,7.0543e+01,7.1538e+01,7.2040e+01,7.2767e+01,7.2892e+01,7.3905e+01,7.4410e+01,7.3621e+01,7.3632e+01,7.4639e+01,7.5058e+01,7.4923e+01,7.5171e+01,7.5946e+01,7.6447e+01,7.6671e+01,7.6385e+01,7.5993e+01,7.4621e+01,7.3747e+01,7.2661e+01,7.2024e+01,7.2315e+01,7.3290e+01,7.4260e+01,7.5101e+01,7.6556e+01,7.6694e+01,7.7208e+01,7.5950e+01,7.4810e+01,7.4009e+01,7.3141e+01,7.2632e+01,7.1499e+01,7.1181e+01,7.0271e+01,6.9618e+01,6.9333e+01,6.9187e+01,6.9837e+01,6.9431e+01,6.8847e+01,6.8487e+01,6.9119e+01,6.9303e+01,7.0275e+01,7.0544e+01,7.1518e+01,7.1156e+01,7.0147e+01,7.0087e+01,6.9696e+01,6.9942e+01,6.9933e+01,6.9915e+01,7.0425e+01,6.9965e+01,6.9881e+01,7.0742e+01,7.1152e+01,7.0687e+01,7.0111e+01,6.9266e+01,6.8725e+01,6.8195e+01,6.8491e+01,6.9098e+01,6.9785e+01,7.0469e+01,7.1200e+01,7.1561e+01,7.0966e+01,7.0478e+01,6.9635e+01,6.9023e+01,6.8359e+01,6.8121e+01,6.7706e+01,6.7526e+01,6.7621e+01,6.7569e+01,6.7404e+01,6.7172e+01,6.7030e+01,6.7079e+01,6.7043e+01,6.7331e+01,6.7488e+01,6.7856e+01,6.8366e+01,6.9065e+01,6.9590e+01,6.9082e+01,6.8604e+01,6.8025e+01,6.7855e+01,6.8169e+01,6.8470e+01,6.8096e+01,6.8525e+01,6.9161e+01,6.9881e+01,7.0644e+01,7.1030e+01,7.2008e+01,7.2306e+01,7.2730e+01,7.2224e+01,7.2987e+01,7.3540e+01,7.2675e+01,7.2786e+01,7.1875e+01,7.1884e+01,7.2927e+01,7.3791e+01,7.5028e+01,7.6120e+01,7.7403e+01,7.8485e+01,7.9590e+01,7.9570e+01,8.0649e+01,8.1630e+01,8.3433e+01,8.2880e+01,8.2356e+01,8.0708e+01,7.9452e+01,8.0270e+01,7.9045e+01,7.8737e+01,7.8879e+01,7.7736e+01,7.7062e+01,7.5903e+01,7.5796e+01,7.5752e+01,7.4415e+01,7.3655e+01,7.3794e+01,7.4031e+01,7.3146e+01,7.3614e+01,7.2811e+01,7.2715e+01,7.3550e+01,7.4328e+01,7.3924e+01,7.4000e+01,7.3107e+01,7.2261e+01,7.1539e+01,7.0762e+01,7.0068e+01,7.0068e+01,6.9780e+01,6.9752e+01,6.9814e+01,6.9754e+01,7.0201e+01,7.0438e+01,7.0479e+01,7.1200e+01,7.1306e+01
7.1827e+01,7.1628e+01,7.1145e+01,7.0845e+01,6.9739e+01,6.9926e+01,6.9967e+01,7.0975e+01,7.1491e+01,7.2218e+01,7.2333e+01,7.3356e+01,7.3859e+01,7.3062e+01,7.3066e+01,7.4079e+01,7.4502e+01,7.4361e+01,7.4618e+01,7.5405e+01,7.5911e+01,7.6143e+01,7.5858e+01,7.5461e+01,7.4074e+01,7.3186e+01,7.2090e+01,7.1450e+01,7.1742e+01,7.2733e+01,7.3718e+01,7.4570e+01,7.6037e+01,7.6175e+01,7.6695e+01,7.5426e+01,7.4278e+01,7.3471e+01,7.2589e+01,7.2071e+01,7.0923e+01,7.0591e+01,6.9670e+01,6.9016e+01,6.8742e+01,6.8609e+01,6.9278e+01,6.8879e+01,6.8298e+01,6.7938e+01,6.8590e+01,6.8793e+01,6.9785e+01,7.0058e+01,7.1040e+01,7.0659e+01,6.9628e+01,6.9553e+01,6.9142e+01,6.9376e+01,6.9350e+01,6.9316e+01,6.9817e+01,6.9339e+01,6.9241e+01,7.0102e+01,7.0510e+01,7.0048e+01,6.9467e+01,6.8622e+01,6.8066e+01,6.7542e+01,6.7853e+01,6.8473e+01,6.9158e+01,6.9847e+01,7.0593e+01,7.0966e+01,7.0374e+01,6.9880e+01,6.9025e+01,6.8417e+01,6.7746e+01,6.7502e+01,6.7095e+01,6.6892e+01,6.6978e+01,6.6950e+01,6.6801e+01,6.6562e+01,6.6427e+01,6.6466e+01,6.6396e+01,6.6694e+01,6.6870e+01,6.7275e+01,6.7790e+01,6.8514e+01,6.9074e+01,6.8554e+01,6.8052e+01,6.7463e+01,6.7268e+01,6.7574e+01,6.7862e+01,6.7466e+01,6.7887e+01,6.8524e+01,6.9266e+01,7.0035e+01,7.0415e+01,7.1415e+01,7.1708e+01,7.2125e+01,7.1602e+01,7.2373e+01,7.2924e+01,7.2042e+01,7.2160e+01,7.1241e+01,7.1253e+01,7.2314e+01,7.3189e+01,7.4438e+01,7.5545e+01,7.6841e+01,7.7938e+01,7.9056e+01,7.9033e+01,8.0117e+01,8.1106e+01,8.2925e+01,8.2374e+01,8.1847e+01,8.0180e+01,7.8914e+01,7.9741e+01,7.8503e+01,7.8201e+01,7.8349e+01,7.7186e+01,7.6517e+01,7.5328e+01,7.5205e+01,7.5152e+01,7.3799e+01,7.3028e+01,7.3175e+01,7.3423e+01,7.2535e+01,7.3020e+01,7.2212e+01,7.2112e+01,7.2952e+01,7.3748e+01,7.3352e+01,7.3428e+01,7.2528e+01,7.1684e+01,7.0941e+01,7.0150e+01,6.9442e+01,6.9429e+01,6.9124e+01,6.9099e+01,6.9154e+01,6.9113e+01,6.9572e+01,6.9792e+01,6.9820e+01,7.0543e+01,7.0666e+01
7.1473e+01,7.1292e+01,7.0822e+01,7.0546e+01,6.9441e+01,6.9649e+01,6.9722e+01,7.0741e+01,7.1281e+01,7.1994e+01,7.2080e+01,7.3106e+01,7.3588e+01,7.2782e+01,7.2762e+01,7.3765e+01,7.4175e+01,7.4012e+01,7.4273e+01,7.5078e+01,7.5601e+01,7.5854e+01,7.5563e+01,7.5146e+01,7.3760e+01,7.2868e+01,7.1778e+01,7.1145e+01,7.1421e+01,7.2416e+01,7.3417e+01,7.4279e+01,7.5746e+01,7.5890e+01,7.6429e+01,7.5157e+01,7.4010e+01,7.3210e+01,7.2308e+01,7.1793e+01,7.0636e+01,7.0288e+01,6.9359e+01,6.8723e+01,6.8472e+01,6.8368e+01,6.9064e+01,6.8683e+01,6.8105e+01,6.7752e+01,6.8436e+01,6.8663e+01,6.9683e+01,6.9960e+01,7.0954e+01,7.0550e+01,6.9489e+01,6.9392e+01,6.8950e+01,6.9158e+01,6.9104e+01,6.9037e+01,6.9515e+01,6.9016e+01,6.8886e+01,6.9728e+01,7.0117e+01,6.9660e+01,6.9073e+01,6.8246e+01,6.7677e+01,6.7182e+01,6.7506e+01,6.8136e+01,6.8805e+01,6.9479e+01,7.0241e+01,7.0620e+01,7.0041e+01,6.9534e+01,6.8681e+01,6.8091e+01,6.7420e+01,6.7190e+01,6.6806e+01,6.6574e+01,6.6631e+01,6.6629e+01,6.6514e+01,6.6280e+01,6.6156e+01,6.6196e+01,6.6081e+01,6.6403e+01,6.6608e+01,6.7062e+01,6.7583e+01,6.8337e+01,6.8939e+01,6.8406e+01,6.7874e+01,6.7267e+01,6.7037e+01,6.7328e+01,6.7598e+01,6.7169e+01,6.7581e+01,6.8206e+01,6.8978e+01,6.9741e+01,7.0096e+01,7.1117e+01,7.1394e+01,7.1783e+01,7.1235e+01,7.2000e+01,7.2529e+01,7.1629e+01,7.1753e+01,7.0832e+01,7.0826e+01,7.1894e+01,7.2782e+01,7.4022e+01,7.5145e+01,7.6432e+01,7.7547e+01,7.8657e+01,7.8620e+01,7.9719e+01,8.0706e+01,8.2536e+01,8.1977e+01,8.1434e+01,7.9760e+01,7.8476e+01,7.9292e+01,7.8037e+01,7.7724e+01,7.7858e+01,7.6691e+01,7.6005e+01,7.4815e+01,7.4706e+01,7.4673e+01,7.3320e+01,7.2567e+01,7.2721e+01,7.2964e+01,7.2075e+01,7.2560e+01,7.1752e+01,7.1637e+01,7.2467e+01,7.3265e+01,7.2876e+01,7.2966e+01,7.2080e+01,7.1243e+01,7.0493e+01,6.9717e+01,6.9007e+01,6.9004e+01,6.8701e+01,6.8698e+01,6.8763e+01,6.8765e+01,6.9237e+01,6.9422e+01,6.9426e+01,7.0147e+01,7.0282e+01
7.1075e+01,7.0894e+01,7.0418e+01,7.0147e+01,6.9028e+01,6.9244e+01,6.9329e+01,7.0365e+01,7.0921e+01,7.1644e+01,7.1722e+01,7.2756e+01,7.3236e+01,7.2416e+01,7.2392e+01,7.3405e+01,7.3815e+01,7.3645e+01,7.3908e+01,7.4725e+01,7.5258e+01,7.5517e+01,7.5219e+01,7.4792e+01,7.3393e+01,7.2490e+01,7.1388e+01,7.0746e+01,7.1019e+01,7.2026e+01,7.3044e+01,7.3915e+01,7.5395e+01,7.5545e+01,7.6095e+01,7.4812e+01,7.3653e+01,7.2847e+01,7.1932e+01,7.1413e+01,7.0239e+01,6.9883e+01,6.8935e+01,6.8299e+01,6.8053e+01,6.7959e+01,6.8669e+01,6.8293e+01,6.7712e+01,6.7360e+01,6.8065e+01,6.8308e+01,6.9346e+01,6.9636e+01,7.0640e+01,7.0218e+01,6.9138e+01,6.9027e+01,6.8574e+01,6.8777e+01,6.8715e+01,6.8633e+01,6.9109e+01,6.8595e+01,6.8447e+01,6.9296e+01,6.9679e+01,6.9215e+01,6.8613e+01,6.7779e+01,6.7195e+01,6.6705e+01,6.7039e+01,6.7686e+01,6.8360e+01,6.9035e+01,6.9816e+01,7.0199e+01,6.9617e+01,6.9097e+01,6.8232e+01,6.7638e+01,6.6957e+01,6.6731e+01,6.6353e+01,6.6106e+01,6.6148e+01,6.6158e+01,6.6060e+01,6.5827e+01,6.5713e+01,6.5755e+01,6.5618e+01,6.5961e+01,6.6178e+01,6.6661e+01,6.7194e+01,6.7976e+01,6.8601e+01,6.8048e+01,6.7494e+01,6.6870e+01,6.6620e+01,6.6909e+01,6.7178e+01,6.6728e+01,6.7145e+01,6.7778e+01,6.8580e+01,6.9358e+01,6.9704e+01,7.0748e+01,7.1017e+01,7.1403e+01,7.0833e+01,7.1603e+01,7.2129e+01,7.1207e+01,7.1329e+01,7.0392e+01,7.0380e+01,7.1464e+01,7.2369e+01,7.3620e+01,7.4756e+01,7.6057e+01,7.7184e+01,7.8302e+01,7.8264e+01,7.9374e+01,8.0372e+01,8.2216e+01,8.1652e+01,8.1105e+01,7.9417e+01,7.8121e+01,7.8948e+01,7.7681e+01,7.7364e+01,7.7507e+01,7.6328e+01,7.5642e+01,7.4430e+01,7.4315e+01,7.4274e+01,7.2899e+01,7.2138e+01,7.2291e+01,7.2533e+01,7.1630e+01,7.2120e+01,7.1299e+01,7.1179e+01,7.2022e+01,7.2833e+01,7.2439e+01,7.2530e+01,7.1635e+01,7.0790e+01,7.0022e+01,6.9238e+01,6.8518e+01,6.8516e+01,6.8214e+01,6.8223e+01,6.8295e+01,6.8319e+01,6.8801e+01,6.8968e+01,6.8966e+01,6.9700e+01,6.9874e+01
7.0572e+01,7.0405e+01,6.9926e+01,6.9676e+01,6.8562e+01,6.8804e+01,6.8913e+01,6.9950e+01,7.0518e+01,7.1221e+01,7.1279e+01,7.2318e+01,7.2786e+01,7.1967e+01,7.1928e+01,7.2932e+01,7.3344e+01,7.3166e+01,7.3444e+01,7.4273e+01,7.4808e+01,7.5083e+01,7.4793e+01,7.4361e+01,7.2956e+01,7.2039e+01,7.0943e+01,7.0316e+01,7.0590e+01,7.1611e+01,7.2641e+01,7.3528e+01,7.5009e+01,7.5152e+01,7.5708e+01,7.4416e+01,7.3265e+01,7.2455e+01,7.1521e+01,7.0990e+01,6.9809e+01,6.9428e+01,6.8478e+01,6.7854e+01,6.7638e+01,6.7571e+01,6.8311e+01,6.7957e+01,6.7397e+01,6.7054e+01,6.7787e+01,6.8065e+01,6.9125e+01,6.9410e+01,7.0414e+01,6.9960e+01,6.8851e+01,6.8712e+01,6.8219e+01,6.8386e+01,6.8289e+01,6.8178e+01,6.8628e+01,6.8093e+01,6.7925e+01,6.8762e+01,6.9140e+01,6.8688e+01,6.8093e+01,6.7273e+01,6.6674e+01,6.6206e+01,6.6564e+01,6.7217e+01,6.7869e+01,6.8544e+01,6.9336e+01,6.9738e+01,6.9176e+01,6.8659e+01,6.7786e+01,6.7218e+01,6.6541e+01,6.6305e+01,6.5955e+01,6.5669e+01,6.5696e+01,6.5758e+01,6.5696e+01,6.5461e+01,6.5379e+01,6.5396e+01,6.5209e+01,6.5556e+01,6.5788e+01,6.6328e+01,6.6844e+01,6.7653e+01,6.8332e+01,6.7770e+01,6.7180e+01,6.6559e+01,6.6261e+01,6.6519e+01,6.6752e+01,6.6274e+01,6.6666e+01,6.7280e+01,6.8106e+01,6.8879e+01,6.9202e+01,7.0263e+01,7.0520e+01,7.0890e+01,7.0303e+01,7.1075e+01,7.1598e+01,7.0664e+01,7.0795e+01,6.9856e+01,6.9848e+01,7.0946e+01,7.1853e+01,7.3112e+01,7.4259e+01,7.5567e+01,7.6703e+01,7.7833e+01,7.7792e+01,7.8901e+01,7.9902e+01,8.1755e+01,8.1195e+01,8.0651e+01,7.8950e+01,7.7653e+01,7.8491e+01,7.7221e+01,7.6918e+01,7.7074e+01,7.5881e+01,7.5213e+01,7.3973e+01,7.3833e+01,7.3777e+01,7.2390e+01,7.1615e+01,7.1775e+01,7.2033e+01,7.1135e+01,7.1647e+01,7.0832e+01,7.0714e+01,7.1556e+01,7.2386e+01,7.2008e+01,7.2094e+01,7.1201e+01,7.0373e+01,6.9583e+01,6.8793e+01,6.8061e+01,6.8035e+01,6.7705e+01,6.7718e+01,6.7780e+01,6.7840e+01,6.8331e+01,6.8468e+01,6.8439e+01,6.9169e+01,6.9342e+01
7.0438e+01,7.0287e+01,6.9811e+01,6.9578e+01,6.8471e+01,6.8731e+01,6.8860e+01,6.9899e+01,7.0476e+01,7.1166e+01,7.1207e+01,7.2250e+01,7.2708e+01,7.1892e+01,7.1839e+01,7.2834e+01,7.3245e+01,7.3059e+01,7.3350e+01,7.4190e+01,7.4727e+01,7.5015e+01,7.4734e+01,7.4297e+01,7.2887e+01,7.1957e+01,7.0867e+01,7.0252e+01,7.0525e+01,7.1558e+01,7.2604e+01,7.3510e+01,7.4996e+01,7.5131e+01,7.5691e+01,7.4388e+01,7.3243e+01,7.2426e+01,7.1474e+01,7.0933e+01,6.9742e+01,6.9342e+01,6.8390e+01,6.7777e+01,6.7586e+01,6.7541e+01,6.8300e+01,6.7960e+01,6.7415e+01,6.7080e+01,6.7830e+01,6.8130e+01,6.9200e+01,6.9484e+01,7.0485e+01,7.0010e+01,6.8887e+01,6.8728e+01,6.8212e+01,6.8355e+01,6.8233e+01,6.8098e+01,6.8527e+01,6.7976e+01,6.7786e+01,6.8605e+01,6.8972e+01,6.8532e+01,6.7939e+01,6.7137e+01,6.6527e+01,6.6085e+01,6.6456e+01,6.7115e+01,6.7750e+01,6.8418e+01,6.9224e+01,6.9639e+01,6.9093e+01,6.8570e+01,6.7692e+01,6.7142e+01,6.6467e+01,6.6234e+01,6.5908e+01,6.5598e+01,6.5605e+01,6.5700e+01,6.5669e+01,6.5441e+01,6.5387e+01,6.5401e+01,6.5188e+01,6.5549e+01,6.5781e+01,6.6359e+01,6.6861e+01,6.7689e+01,6.8396e+01,6.7825e+01,6.7210e+01,6.6588e+01,6.6257e+01,6.6493e+01,6.6703e+01,6.6206e+01,6.6581e+01,6.7174e+01,6.8020e+01,6.8786e+01,6.9084e+01,7.0157e+01,7.0399e+01,7.0751e+01,7.0148e+01,7.0919e+01,7.1429e+01,7.0486e+01,7.0624e+01,6.9687e+01,6.9674e+01,7.0777e+01,7.1689e+01,7.2946e+01,7.4100e+01,7.5407e+01,7.6551e+01,7.7683e+01,7.7636e+01,7.8744e+01,7.9744e+01,8.1600e+01,8.1044e+01,8.0499e+01,7.8792e+01,7.7492e+01,7.8334e+01,7.7059e+01,7.6759e+01,7.6919e+01,7.5721e+01,7.5059e+01,7.3807e+01,7.3661e+01,7.3602e+01,7.2209e+01,7.1433e+01,7.1598e+01,7.1861e+01,7.0967e+01,7.1489e+01,7.0674e+01,7.0547e+01,7.1384e+01,7.2223e+01,7.1853e+01,7.1947e+01,7.1058e+01,7.0239e+01,6.9436e+01,6.8654e+01,6.7923e+01,6.7897e+01,6.7565e+01,6.7591e+01,6.7657e+01,6.7749e+01,6.8240e+01,6.8340e+01,6.8289e+01,6.9012e+01,6.9209e+01
7.0328e+01,7.0172e+01,6.9690e+01,6.9459e+01,6.8341e+01,6.8604e+01,6.8743e+01,6.9797e+01,7.0388e+01,7.1087e+01,7.1123e+01,7.2170e+01,7.2627e+01,7.1797e+01,7.1741e+01,7.2748e+01,7.3158e+01,7.2967e+01,7.3258e+01,7.4109e+01,7.4656e+01,7.4947e+01,7.4659e+01,7.4211e+01,7.2790e+01,7.1853e+01,7.0749e+01,7.0124e+01,7.0390e+01,7.1432e+01,7.2492e+01,7.3403e+01,7.4898e+01,7.5043e+01,7.5615e+01,7.4306e+01,7.3149e+01,7.2331e+01,7.1368e+01,7.0826e+01,6.9622e+01,6.9215e+01,6.8246e+01,6.7634e+01,6.7445e+01,6.7412e+01,6.8180e+01,6.7847e+01,6.7300e+01,6.6971e+01,6.7739e+01,6.8058e+01,6.9139e+01,6.9439e+01,7.0438e+01,6.9947e+01,6.8811e+01,6.8638e+01,6.8115e+01,6.8253e+01,6.8128e+01,6.7980e+01,6.8411e+01,6.7853e+01,6.7644e+01,6.8475e+01,6.8835e+01,6.8380e+01,6.7769e+01,6.6956e+01,6.6334e+01,6.5897e+01,6.6273e+01,6.6946e+01,6.7588e+01,6.8256e+01,6.9079e+01,6.9495e+01,6.8943e+01,6.8407e+01,6.7520e+01,6.6967e+01,6.6286e+01,6.6058e+01,6.5742e+01,6.5422e+01,6.5412e+01,6.5517e+01,6.5504e+01,6.5286e+01,6.5251e+01,6.5277e+01,6.5057e+01,6.5448e+01,6.5673e+01,6.6278e+01,6.6786e+01,6.7647e+01,6.8368e+01,6.7769e+01,6.7127e+01,6.6488e+01,6.6135e+01,6.6362e+01,6.6576e+01,6.6060e+01,6.6447e+01,6.7050e+01,6.7926e+01,6.8715e+01,6.9003e+01,7.0097e+01,7.0326e+01,7.0683e+01,7.0056e+01,7.0831e+01,7.1345e+01,7.0379e+01,7.0505e+01,6.9546e+01,6.9531e+01,7.0649e+01,7.1577e+01,7.2850e+01,7.4009e+01,7.5334e+01,7.6481e+01,7.7624e+01,7.7584e+01,7.8698e+01,7.9710e+01,8.1573e+01,8.1014e+01,8.0475e+01,7.8758e+01,7.7458e+01,7.8317e+01,7.7041e+01,7.6741e+01,7.6921e+01,7.5721e+01,7.5075e+01,7.3807e+01,7.3646e+01,7.3557e+01,7.2137e+01,7.1338e+01,7.1489e+01,7.1749e+01,7.0838e+01,7.1360e+01,7.0533e+01,7.0417e+01,7.1281e+01,7.2129e+01,7.1744e+01,7.1820e+01,7.0912e+01,7.0083e+01,6.9268e+01,6.8469e+01,6.7730e+01,6.7699e+01,6.7369e+01,6.7406e+01,6.7487e+01,6.7597e+01,6.8092e+01,6.8176e+01,6.8131e+01,6.8871e+01,6.9106e+01
7.0300e+01,7.0169e+01,6.9689e+01,6.9485e+01,6.8389e+01,6.8679e+01,6.8843e+01,6.9884e+01,7.0480e+01,7.1150e+01,7.1162e+01,7.2206e+01,7.2646e+01,7.1828e+01,7.1755e+01,7.2738e+01,7.3146e+01,7.2945e+01,7.3251e+01,7.4111e+01,7.4657e+01,7.4967e+01,7.4690e+01,7.4238e+01,7.2822e+01,7.1875e+01,7.0792e+01,7.0194e+01,7.0458e+01,7.1507e+01,7.2575e+01,7.3503e+01,7.4990e+01,7.5121e+01,7.5693e+01,7.4379e+01,7.3242e+01,7.2422e+01,7.1445e+01,7.0894e+01,6.9691e+01,6.9262e+01,6.8306e+01,6.7717e+01,6.7567e+01,6.7563e+01,6.8350e+01,6.8045e+01,6.7531e+01,6.7221e+01,6.8004e+01,6.8355e+01,6.9438e+01,6.9727e+01,7.0715e+01,7.0197e+01,6.9048e+01,6.8847e+01,6.8291e+01,6.8389e+01,6.8228e+01,6.8049e+01,6.8440e+01,6.7865e+01,6.7635e+01,6.8430e+01,6.8778e+01,6.8350e+01,6.7758e+01,6.6981e+01,6.6357e+01,6.5961e+01,6.6351e+01,6.7017e+01,6.7619e+01,6.8273e+01,6.9100e+01,6.9534e+01,6.9014e+01,6.8485e+01,6.7602e+01,6.7086e+01,6.6423e+01,6.6195e+01,6.5920e+01,6.5570e+01,6.5538e+01,6.5691e+01,6.5723e+01,6.5521e+01,6.5531e+01,6.5544e+01,6.5293e+01,6.5683e+01,6.5900e+01,6.6545e+01,6.7014e+01,6.7877e+01,6.8634e+01,6.8041e+01,6.7377e+01,6.6756e+01,6.6359e+01,6.6543e+01,6.6713e+01,6.6184e+01,6.6531e+01,6.7087e+01,6.7972e+01,6.8731e+01,6.8982e+01,7.0077e+01,7.0289e+01,7.0616e+01,6.9980e+01,7.0746e+01,7.1244e+01,7.0283e+01,7.0423e+01,6.9484e+01,6.9466e+01,7.0580e+01,7.1500e+01,7.2762e+01,7.3930e+01,7.5242e+01,7.6402e+01,7.7542e+01,7.7488e+01,7.8599e+01,7.9601e+01,8.1469e+01,8.0916e+01,8.0370e+01,7.8648e+01,7.7343e+01,7.8194e+01,7.6912e+01,7.6619e+01,7.6791e+01,7.5587e+01,7.4947e+01,7.3675e+01,7.3510e+01,7.3429e+01,7.2021e+01,7.1232e+01,7.1397e+01,7.1668e+01,7.0775e+01,7.1311e+01,7.0497e+01,7.0370e+01,7.1211e+01,7.2065e+01,7.1702e+01,7.1791e+01,7.0907e+01,7.0102e+01,6.9280e+01,6.8506e+01,6.7776e+01,6.7742e+01,6.7408e+01,6.7455e+01,6.7528e+01,6.7678e+01,6.8161e+01,6.8204e+01,6.8116e+01,6.8825e+01,6.9054e+01
7.0234e+01,7.0120e+01,6.9631e+01,6.9446e+01,6.8364e+01,6.8685e+01,6.8859e+01,6.9886e+01,7.0472e+01,7.1115e+01,7.1114e+01,7.2165e+01,7.2599e+01,7.1802e+01,7.1719e+01,7.2682e+01,7.3099e+01,7.2897e+01,7.3227e+01,7.4088e+01,7.4622e+01,7.4945e+01,7.4688e+01,7.4243e+01,7.2832e+01,7.1873e+01,7.0808e+01,7.0241e+01,7.0519e+01,7.1581e+01,7.2646e+01,7.3587e+01,7.5059e+01,7.5168e+01,7.5727e+01,7.4414e+01,7.3300e+01,7.2473e+01,7.1488e+01,7.0918e+01,6.9716e+01,6.9261e+01,6.8319e+01,6.7733e+01,6.7618e+01,6.7626e+01,6.8434e+01,6.8143e+01,6.7660e+01,6.7358e+01,6.8149e+01,6.8524e+01,6.9607e+01,6.9877e+01,7.0851e+01,7.0312e+01,6.9154e+01,6.8936e+01,6.8346e+01,6.8410e+01,6.8215e+01,6.8018e+01,6.8379e+01,6.7781e+01,6.7549e+01,6.8324e+01,6.8685e+01,6.8288e+01,6.7723e+01,6.6967e+01,6.6328e+01,6.5949e+01,6.6375e+01,6.7038e+01,6.7607e+01,6.8272e+01,6.9099e+01,6.9563e+01,6.9075e+01,6.8565e+01,6.7672e+01,6.7189e+01,6.6535e+01,6.6277e+01,6.6027e+01,6.5635e+01,6.5608e+01,6.5828e+01,6.5885e+01,6.5672e+01,6.5722e+01,6.5687e+01,6.5390e+01,6.5751e+01,6.5969e+01,6.6657e+01,6.7083e+01,6.7946e+01,6.8745e+01,6.8165e+01,6.7485e+01,6.6892e+01,6.6455e+01,6.6603e+01,6.6721e+01,6.6176e+01,6.6475e+01,6.6997e+01,6.7890e+01,6.8628e+01,6.8862e+01,6.9962e+01,7.0173e+01,7.0486e+01,6.9851e+01,7.0627e+01,7.1126e+01,7.0171e+01,7.0332e+01,6.9406e+01,6.9406e+01,7.0525e+01,7.1431e+01,7.2697e+01,7.3872e+01,7.5181e+01,7.6348e+01,7.7498e+01,7.7436e+01,7.8535e+01,7.9530e+01,8.1400e+01,8.0861e+01,8.0317e+01,7.8587e+01,7.7286e+01,7.8139e+01,7.6859e+01,7.6592e+01,7.6769e+01,7.5550e+01,7.4937e+01,7.3639e+01,7.3439e+01,7.3347e+01,7.1943e+01,7.1139e+01,7.1325e+01,7.1626e+01,7.0758e+01,7.1327e+01,7.0538e+01,7.0416e+01,7.1235e+01,7.2104e+01,7.1780e+01,7.1864e+01,7.0996e+01,7.0229e+01,6.9389e+01,6.8610e+01,6.7867e+01,6.7773e+01,6.7372e+01,6.7398e+01,6.7433e+01,6.7620e+01,6.8113e+01,6.8134e+01,6.7997e+01,6.8681e+01,6.8866e+01
7.0162e+01,7.0063e+01,6.9579e+01,6.9415e+01,6.8358e+01,6.8699e+01,6.8893e+01,6.9898e+01,7.0487e+01,7.1099e+01,7.1076e+01,7.2119e+01,7.2538e+01,7.1755e+01,7.1663e+01,7.2605e+01,7.3024e+01,7.2823e+01,7.3166e+01,7.4023e+01,7.4547e+01,7.4879e+01,7.4638e+01,7.4201e+01,7.2798e+01,7.1831e+01,7.0789e+01,7.0254e+01,7.0541e+01,7.1609e+01,7.2668e+01,7.3620e+01,7.5077e+01,7.5162e+01,7.5707e+01,7.4397e+01,7.3308e+01,7.2480e+01,7.1493e+01,7.0911e+01,6.9721e+01,6.9250e+01,6.8332e+01,6.7769e+01,6.7693e+01,6.7726e+01,6.8543e+01,6.8286e+01,6.7848e+01,6.7579e+01,6.8378e+01,6.8797e+01,6.9873e+01,7.0138e+01,7.1083e+01,7.0506e+01,6.9340e+01,6.9085e+01,6.8467e+01,6.8486e+01,6.8260e+01,6.8035e+01,6.8359e+01,6.7757e+01,6.7509e+01,6.8255e+01,6.8608e+01,6.8233e+01,6.7697e+01,6.6978e+01,6.6353e+01,6.6011e+01,6.6441e+01,6.7081e+01,6.7606e+01,6.8262e+01,6.9079e+01,6.9560e+01,6.9109e+01,6.8624e+01,6.7740e+01,6.7301e+01,6.6679e+01,6.6408e+01,6.6206e+01,6.5795e+01,6.5761e+01,6.6038e+01,6.6135e+01,6.5949e+01,6.6072e+01,6.6020e+01,6.5723e+01,6.6061e+01,6.6231e+01,6.6954e+01,6.7317e+01,6.8184e+01,6.9015e+01,6.8432e+01,6.7721e+01,6.7158e+01,6.6670e+01,6.6758e+01,6.6829e+01,6.6284e+01,6.6541e+01,6.7010e+01,6.7909e+01,6.8627e+01,6.8823e+01,6.9921e+01,7.0110e+01,7.0407e+01,6.9763e+01,7.0529e+01,7.1024e+01,7.0077e+01,7.0245e+01,6.9337e+01,6.9346e+01,7.0457e+01,7.1348e+01,7.2614e+01,7.3787e+01,7.5096e+01,7.6261e+01,7.7420e+01,7.7359e+01,7.8448e+01,7.9445e+01,8.1312e+01,8.0781e+01,8.0249e+01,7.8515e+01,7.7225e+01,7.8092e+01,7.6822e+01,7.6573e+01,7.6771e+01,7.5548e+01,7.4967e+01,7.3650e+01,7.3426e+01,7.3308e+01,7.1899e+01,7.1077e+01,7.1267e+01,7.1587e+01,7.0745e+01,7.1338e+01,7.0581e+01,7.0475e+01,7.1271e+01,7.2149e+01,7.1862e+01,7.1931e+01,7.1082e+01,7.0361e+01,6.9521e+01,6.8758e+01,6.8038e+01,6.7893e+01,6.7467e+01,6.7475e+01,6.7503e+01,6.7720e+01,6.8180e+01,6.8165e+01,6.7991e+01,6.8634e+01,6.8819e+01
7.0335e+01,7.0250e+01,6.9736e+01,6.9583e+01,6.8545e+01,6.8916e+01,6.9098e+01,7.0079e+01,7.0634e+01,7.1218e+01,7.1201e+01,7.2257e+01,7.2686e+01,7.1939e+01,7.1853e+01,7.2774e+01,7.3219e+01,7.3032e+01,7.3408e+01,7.4256e+01,7.4752e+01,7.5092e+01,7.4882e+01,7.4466e+01,7.3065e+01,7.2081e+01,7.1056e+01,7.0556e+01,7.0869e+01,7.1950e+01,7.3001e+01,7.3965e+01,7.5411e+01,7.5471e+01,7.5993e+01,7.4676e+01,7.3610e+01,7.2765e+01,7.1777e+01,7.1167e+01,6.9980e+01,6.9482e+01,6.8587e+01,6.8011e+01,6.7965e+01,6.7988e+01,6.8820e+01,6.8559e+01,6.8147e+01,6.7867e+01,6.8646e+01,6.9057e+01,7.0114e+01,7.0337e+01,7.1269e+01,7.0702e+01,6.9551e+01,6.9307e+01,6.8665e+01,6.8667e+01,6.8409e+01,6.8190e+01,6.8484e+01,6.7855e+01,6.7637e+01,6.8353e+01,6.8744e+01,6.8424e+01,6.7940e+01,6.7242e+01,6.6606e+01,6.6265e+01,6.6736e+01,6.7364e+01,6.7855e+01,6.8536e+01,6.9345e+01,6.9864e+01,6.9442e+01,6.8986e+01,6.8089e+01,6.7675e+01,6.7062e+01,6.6744e+01,6.6549e+01,6.6105e+01,6.6107e+01,6.6439e+01,6.6531e+01,6.6317e+01,6.6454e+01,6.6333e+01,6.6017e+01,6.6275e+01,6.6442e+01,6.7165e+01,6.7477e+01,6.8301e+01,6.9155e+01,6.8620e+01,6.7932e+01,6.7421e+01,6.6929e+01,6.6999e+01,6.7012e+01,6.6473e+01,6.6659e+01,6.7084e+01,6.7954e+01,6.8622e+01,6.8826e+01,6.9912e+01,7.0127e+01,7.0415e+01,6.9801e+01,7.0590e+01,7.1099e+01,7.0177e+01,7.0392e+01,6.9511e+01,6.9565e+01,7.0682e+01,7.1541e+01,7.2811e+01,7.3995e+01,7.5295e+01,7.6471e+01,7.7646e+01,7.7565e+01,7.8626e+01,7.9597e+01,8.1464e+01,8.0964e+01,8.0432e+01,7.8689e+01,7.7411e+01,7.8265e+01,7.6998e+01,7.6792e+01,7.6979e+01,7.5733e+01,7.5186e+01,7.3845e+01,7.3568e+01,7.3446e+01,7.2071e+01,7.1232e+01,7.1471e+01,7.1846e+01,7.1050e+01,7.1687e+01,7.0963e+01,7.0862e+01,7.1620e+01,7.2510e+01,7.2269e+01,7.2340e+01,7.1512e+01,7.0826e+01,6.9977e+01,6.9211e+01,6.8487e+01,6.8272e+01,6.7767e+01,6.7714e+01,6.7652e+01,6.7880e+01,6.8341e+01,6.8329e+01,6.8088e+01,6.8689e+01,6.8803e+01
6.9906e+01,6.9771e+01,6.9221e+01,6.9023e+01,6.7956e+01,6.8310e+01,6.8467e+01,6.9459e+01,7.0010e+01,7.0622e+01,7.0632e+01,7.1698e+01,7.2157e+01,7.1400e+01,7.1348e+01,7.2310e+01,7.2782e+01,7.2632e+01,7.3004e+01,7.3832e+01,7.4309e+01,7.4617e+01,7.4412e+01,7.4023e+01,7.2597e+01,7.1603e+01,7.0545e+01,7.0025e+01,7.0373e+01,7.1468e+01,7.2508e+01,7.3471e+01,7.4936e+01,7.4986e+01,7.5488e+01,7.4157e+01,7.3073e+01,7.2207e+01,7.1230e+01,7.0609e+01,6.9410e+01,6.8922e+01,6.8016e+01,6.7402e+01,6.7337e+01,6.7338e+01,6.8169e+01,6.7897e+01,6.7489e+01,6.7212e+01,6.7993e+01,6.8425e+01,6.9484e+01,6.9718e+01,7.0641e+01,7.0054e+01,6.8894e+01,6.8641e+01,6.8000e+01,6.8011e+01,6.7767e+01,6.7569e+01,6.7903e+01,6.7279e+01,6.7093e+01,6.7881e+01,6.8324e+01,6.7974e+01,6.7487e+01,6.6729e+01,6.6083e+01,6.5673e+01,6.6162e+01,6.6796e+01,6.7323e+01,6.8057e+01,6.8858e+01,6.9383e+01,6.8932e+01,6.8494e+01,6.7570e+01,6.7129e+01,6.6504e+01,6.6140e+01,6.5925e+01,6.5475e+01,6.5526e+01,6.5876e+01,6.5941e+01,6.5712e+01,6.5880e+01,6.5729e+01,6.5428e+01,6.5664e+01,6.5797e+01,6.6546e+01,6.6838e+01,6.7695e+01,6.8565e+01,6.8001e+01,6.7285e+01,6.6779e+01,6.6269e+01,6.6331e+01,6.6342e+01,6.5803e+01,6.5997e+01,6.6463e+01,6.7351e+01,6.8080e+01,6.8326e+01,6.9436e+01,6.9667e+01,7.0022e+01,6.9415e+01,7.0241e+01,7.0820e+01,6.9890e+01,7.0080e+01,6.9152e+01,6.9260e+01,7.0407e+01,7.1265e+01,7.2600e+01,7.3773e+01,7.5130e+01,7.6283e+01,7.7501e+01,7.7462e+01,7.8512e+01,7.9518e+01,8.1386e+01,8.0889e+01,8.0399e+01,7.8640e+01,7.7390e+01,7.8305e+01,7.7065e+01,7.6882e+01,7.7133e+01,7.5887e+01,7.5390e+01,7.4014e+01,7.3692e+01,7.3482e+01,7.2051e+01,7.1114e+01,7.1317e+01,7.1708e+01,7.0895e+01,7.1550e+01,7.0821e+01,7.0790e+01,7.1604e+01,7.2510e+01,7.2256e+01,7.2259e+01,7.1368e+01,7.0678e+01,6.9819e+01,6.8965e+01,6.8218e+01,6.7891e+01,6.7299e+01,6.7150e+01,6.7017e+01,6.7209e+01,6.7692e+01,6.7736e+01,6.7522e+01,6.8188e+01,6.8300e+01
6.9992e+01,6.9835e+01,6.9211e+01,6.8981e+01,6.7920e+01,6.8283e+01,6.8388e+01,6.9345e+01,6.9833e+01,7.0439e+01,7.0494e+01,7.1583e+01,7.2088e+01,7.1375e+01,7.1370e+01,7.2340e+01,7.2874e+01,7.2779e+01,7.3187e+01,7.3985e+01,7.4408e+01,7.4698e+01,7.4538e+01,7.4200e+01,7.2753e+01,7.1729e+01,7.0661e+01,7.0164e+01,7.0575e+01,7.1693e+01,7.2711e+01,7.3686e+01,7.5161e+01,7.5171e+01,7.5628e+01,7.4275e+01,7.3197e+01,7.2289e+01,7.1327e+01,7.0661e+01,6.9464e+01,6.8961e+01,6.8084e+01,6.7424e+01,6.7367e+01,6.7322e+01,6.8152e+01,6.7853e+01,6.7475e+01,6.7168e+01,6.7894e+01,6.8294e+01,6.9314e+01,6.9491e+01,7.0399e+01,6.9839e+01,6.8713e+01,6.8496e+01,6.7847e+01,6.7865e+01,6.7610e+01,6.7462e+01,6.7794e+01,6.7157e+01,6.7061e+01,6.7852e+01,6.8387e+01,6.8094e+01,6.7685e+01,6.6920e+01,6.6292e+01,6.5821e+01,6.6337e+01,6.6939e+01,6.7450e+01,6.8246e+01,6.9012e+01,6.9576e+01,6.9137e+01,6.8756e+01,6.7812e+01,6.7374e+01,6.6761e+01,6.6310e+01,6.6070e+01,6.5615e+01,6.5772e+01,6.6157e+01,6.6163e+01,6.5883e+01,6.6052e+01,6.5792e+01,6.5528e+01,6.5608e+01,6.5703e+01,6.6394e+01,6.6615e+01,6.7397e+01,6.8271e+01,6.7772e+01,6.7113e+01,6.6688e+01,6.6214e+01,6.6279e+01,6.6237e+01,6.5750e+01,6.5857e+01,6.6290e+01,6.7103e+01,6.7787e+01,6.8094e+01,6.9174e+01,6.9469e+01,6.9863e+01,6.9328e+01,7.0207e+01,7.0854e+01,6.9978e+01,7.0213e+01,6.9317e+01,6.9515e+01,7.0661e+01,7.1463e+01,7.2831e+01,7.4001e+01,7.5376e+01,7.6524e+01,7.7788e+01,7.7750e+01,7.8754e+01,7.9743e+01,8.1614e+01,8.1161e+01,8.0694e+01,7.8914e+01,7.7696e+01,7.8627e+01,7.7406e+01,7.7285e+01,7.7552e+01,7.6284e+01,7.5850e+01,7.4441e+01,7.4040e+01,7.3779e+01,7.2379e+01,7.1382e+01,7.1619e+01,7.2079e+01,7.1320e+01,7.2021e+01,7.1334e+01,7.1345e+01,7.2133e+01,7.3049e+01,7.2839e+01,7.2815e+01,7.1922e+01,7.1267e+01,7.0412e+01,6.9531e+01,6.8799e+01,6.8369e+01,6.7702e+01,6.7408e+01,6.7129e+01,6.7235e+01,6.7686e+01,6.7803e+01,6.7540e+01,6.8156e+01,6.8197e+01
6.9059e+01,6.8872e+01,6.8257e+01,6.8020e+01,6.6940e+01,6.7302e+01,6.7437e+01,6.8421e+01,6.8955e+01,6.9572e+01,6.9602e+01,7.0686e+01,7.1178e+01,7.0433e+01,7.0424e+01,7.1419e+01,7.1946e+01,7.1857e+01,7.2253e+01,7.3051e+01,7.3482e+01,7.3760e+01,7.3587e+01,7.3248e+01,7.1784e+01,7.0757e+01,6.9672e+01,6.9162e+01,6.9575e+01,7.0702e+01,7.1726e+01,7.2708e+01,7.4196e+01,7.4205e+01,7.4666e+01,7.3305e+01,7.2216e+01,7.1307e+01,7.0337e+01,6.9678e+01,6.8468e+01,6.7967e+01,6.7070e+01,6.6418e+01,6.6372e+01,6.6363e+01,6.7208e+01,6.6948e+01,6.6594e+01,6.6337e+01,6.7113e+01,6.7594e+01,6.8638e+01,6.8866e+01,6.9753e+01,6.9121e+01,6.7951e+01,6.7666e+01,6.6993e+01,6.6973e+01,6.6709e+01,6.6517e+01,6.6863e+01,6.6233e+01,6.6095e+01,6.6946e+01,6.7472e+01,6.7125e+01,6.6688e+01,6.5889e+01,6.5257e+01,6.4775e+01,6.5298e+01,6.5903e+01,6.6427e+01,6.7235e+01,6.8011e+01,6.8572e+01,6.8121e+01,6.7740e+01,6.6786e+01,6.6356e+01,6.5755e+01,6.5297e+01,6.5101e+01,6.4632e+01,6.4777e+01,6.5207e+01,6.5255e+01,6.5026e+01,6.5308e+01,6.5082e+01,6.4859e+01,6.4998e+01,6.4991e+01,6.5770e+01,6.5956e+01,6.6841e+01,6.7747e+01,6.7156e+01,6.6393e+01,6.5943e+01,6.5374e+01,6.5369e+01,6.5313e+01,6.4791e+01,6.4929e+01,6.5386e+01,6.6289e+01,6.7072e+01,6.7343e+01,6.8476e+01,6.8715e+01,6.9148e+01,6.8557e+01,6.9432e+01,7.0109e+01,6.9193e+01,6.9369e+01,6.8414e+01,6.8628e+01,6.9793e+01,7.0616e+01,7.2034e+01,7.3193e+01,7.4621e+01,7.5749e+01,7.7039e+01,7.7045e+01,7.8058e+01,7.9097e+01,8.0967e+01,8.0495e+01,8.0066e+01,7.8278e+01,7.7078e+01,7.8076e+01,7.6880e+01,7.6758e+01,7.7097e+01,7.5848e+01,7.5452e+01,7.4028e+01,7.3617e+01,7.3270e+01,7.1795e+01,7.0720e+01,7.0886e+01,7.1328e+01,7.0541e+01,7.1240e+01,7.0552e+01,7.0639e+01,7.1479e+01,7.2400e+01,7.2174e+01,7.2076e+01,7.1135e+01,7.0496e+01,6.9652e+01,6.8723e+01,6.8021e+01,6.7478e+01,6.6766e+01,6.6391e+01,6.6092e+01,6.6230e+01,6.6686e+01,6.6785e+01,6.6572e+01,6.7265e+01,6.7357e+01
6.8369e+01,6.8173e+01,6.7631e+01,6.7418e+01,6.6318e+01,6.6668e+01,6.6879e+01,6.7920e+01,6.8550e+01,6.9182e+01,6.9148e+01,7.0203e+01,7.0643e+01,6.9828e+01,6.9776e+01,7.0789e+01,7.1259e+01,7.1129e+01,7.1482e+01,7.2306e+01,7.2791e+01,7.3072e+01,7.2847e+01,7.2464e+01,7.1002e+01,6.9998e+01,6.8905e+01,6.8362e+01,6.8721e+01,6.9835e+01,7.0886e+01,7.1863e+01,7.3354e+01,7.3402e+01,7.3907e+01,7.2559e+01,7.1451e+01,7.0577e+01,6.9586e+01,6.8972e+01,6.7750e+01,6.7262e+01,6.6316e+01,6.5718e+01,6.5673e+01,6.5743e+01,6.6602e+01,6.6402e+01,6.6042e+01,6.5860e+01,6.6725e+01,6.7301e+01,6.8391e+01,6.8711e+01,6.9589e+01,6.8878e+01,6.7649e+01,6.7278e+01,6.6597e+01,6.6537e+01,6.6278e+01,6.5999e+01,6.6360e+01,6.5757e+01,6.5491e+01,6.6396e+01,6.6821e+01,6.6362e+01,6.5817e+01,6.4987e+01,6.4319e+01,6.3897e+01,6.4404e+01,6.5052e+01,6.5604e+01,6.6369e+01,6.7191e+01,6.7715e+01,6.7241e+01,6.6806e+01,6.5852e+01,6.5425e+01,6.4822e+01,6.4442e+01,6.4315e+01,6.3837e+01,6.3857e+01,6.4303e+01,6.4456e+01,6.4337e+01,6.4739e+01,6.4662e+01,6.4479e+01,6.4817e+01,6.4722e+01,6.5602e+01,6.5811e+01,6.6830e+01,6.7741e+01,6.7024e+01,6.6136e+01,6.5596e+01,6.4915e+01,6.4838e+01,6.4825e+01,6.4228e+01,6.4491e+01,6.4998e+01,6.6034e+01,6.6936e+01,6.7122e+01,6.8308e+01,6.8442e+01,6.8879e+01,6.8181e+01,6.8992e+01,6.9635e+01,6.8639e+01,6.8712e+01,6.7669e+01,6.7814e+01,6.9001e+01,6.9896e+01,7.1333e+01,7.2484e+01,7.3948e+01,7.5062e+01,7.6339e+01,7.6383e+01,7.7440e+01,7.8538e+01,8.0401e+01,7.9878e+01,7.9464e+01,7.7688e+01,7.6481e+01,7.7523e+01,7.6339e+01,7.6165e+01,7.6556e+01,7.5349e+01,7.4941e+01,7.3539e+01,7.3184e+01,7.2799e+01,7.1236e+01,7.0141e+01,7.0204e+01,7.0565e+01,6.9701e+01,7.0354e+01,6.9627e+01,6.9761e+01,7.0677e+01,7.1590e+01,7.1306e+01,7.1154e+01,7.0165e+01,6.9512e+01,6.8678e+01,6.7718e+01,6.7039e+01,6.6450e+01,6.5742e+01,6.5428e+01,6.5294e+01,6.5580e+01,6.6057e+01,6.6059e+01,6.5968e+01,6.6794e+01,6.6985e+01
6.8720e+01,6.8456e+01,6.7927e+01,6.7650e+01,6.6486e+01,6.6757e+01,6.6940e+01,6.8043e+01,6.8702e+01,6.9415e+01,6.9414e+01,7.0466e+01,7.0927e+01,7.0054e+01,7.0027e+01,7.1103e+01,7.1554e+01,7.1429e+01,7.1727e+01,7.2549e+01,7.3059e+01,7.3303e+01,7.3031e+01,7.2635e+01,7.1156e+01,7.0179e+01,6.9031e+01,6.8403e+01,6.8739e+01,6.9838e+01,7.0896e+01,7.1843e+01,7.3364e+01,7.3460e+01,7.3990e+01,7.2647e+01,7.1483e+01,7.0620e+01,6.9642e+01,6.9067e+01,6.7823e+01,6.7394e+01,6.6385e+01,6.5746e+01,6.5595e+01,6.5625e+01,6.6457e+01,6.6209e+01,6.5751e+01,6.5538e+01,6.6434e+01,6.6985e+01,6.8117e+01,6.8501e+01,6.9422e+01,6.8729e+01,6.7487e+01,6.7141e+01,6.6525e+01,6.6553e+01,6.6385e+01,6.6153e+01,6.6629e+01,6.6079e+01,6.5824e+01,6.6841e+01,6.7250e+01,6.6678e+01,6.6025e+01,6.5070e+01,6.4377e+01,6.3835e+01,6.4308e+01,6.5031e+01,6.5719e+01,6.6497e+01,6.7339e+01,6.7797e+01,6.7224e+01,6.6728e+01,6.5749e+01,6.5202e+01,6.4508e+01,6.4171e+01,6.3935e+01,6.3489e+01,6.3483e+01,6.3806e+01,6.3902e+01,6.3751e+01,6.4063e+01,6.4088e+01,6.3863e+01,6.4397e+01,6.4384e+01,6.5283e+01,6.5638e+01,6.6734e+01,6.7598e+01,6.6809e+01,6.5903e+01,6.5246e+01,6.4607e+01,6.4637e+01,6.4775e+01,6.4151e+01,6.4600e+01,6.5283e+01,6.6342e+01,6.7352e+01,6.7604e+01,6.8793e+01,6.8938e+01,6.9439e+01,6.8738e+01,6.9543e+01,7.0203e+01,6.9178e+01,6.9178e+01,6.8065e+01,6.8161e+01,6.9354e+01,7.0304e+01,7.1762e+01,7.2890e+01,7.4387e+01,7.5478e+01,7.6741e+01,7.6825e+01,7.7915e+01,7.9054e+01,8.0908e+01,8.0346e+01,7.9943e+01,7.8183e+01,7.6970e+01,7.8032e+01,7.6847e+01,7.6619e+01,7.7023e+01,7.5845e+01,7.5389e+01,7.4019e+01,7.3727e+01,7.3359e+01,7.1751e+01,7.0670e+01,7.0658e+01,7.0933e+01,6.9977e+01,7.0546e+01,6.9738e+01,6.9891e+01,7.0911e+01,7.1806e+01,7.1417e+01,7.1230e+01,7.0152e+01,6.9400e+01,6.8556e+01,6.7495e+01,6.6732e+01,6.6220e+01,6.5574e+01,6.5366e+01,6.5418e+01,6.5590e+01,6.6159e+01,6.6271e+01,6.6374e+01,6.7321e+01,6.7553e+01
6.8520e+01,6.8154e+01,6.7594e+01,6.7228e+01,6.5998e+01,6.6193e+01,6.6340e+01,6.7491e+01,6.8174e+01,6.8961e+01,6.8995e+01,7.0048e+01,7.0543e+01,6.9623e+01,6.9644e+01,7.0795e+01,7.1262e+01,7.1181e+01,7.1445e+01,7.2244e+01,7.2750e+01,7.2947e+01,7.2653e+01,7.2275e+01,7.0761e+01,6.9787e+01,6.8571e+01,6.7875e+01,6.8235e+01,6.9338e+01,7.0390e+01,7.1320e+01,7.2879e+01,7.2990e+01,7.3517e+01,7.2162e+01,7.0947e+01,7.0070e+01,6.9109e+01,6.8544e+01,6.7279e+01,6.6899e+01,6.5845e+01,6.5147e+01,6.4909e+01,6.4898e+01,6.5713e+01,6.5438e+01,6.4932e+01,6.4718e+01,6.5646e+01,6.6223e+01,6.7380e+01,6.7826e+01,6.8752e+01,6.8037e+01,6.6775e+01,6.6419e+01,6.5842e+01,6.5924e+01,6.5833e+01,6.5644e+01,6.6236e+01,6.5756e+01,6.5547e+01,6.6705e+01,6.7144e+01,6.6468e+01,6.5765e+01,6.4672e+01,6.4011e+01,6.3279e+01,6.3712e+01,6.4464e+01,6.5276e+01,6.6114e+01,6.6938e+01,6.7357e+01,6.6699e+01,6.6204e+01,6.5190e+01,6.4544e+01,6.3796e+01,6.3414e+01,6.3091e+01,6.2669e+01,6.2739e+01,6.3005e+01,6.3023e+01,6.2851e+01,6.3213e+01,6.3300e+01,6.3186e+01,6.3841e+01,6.3712e+01,6.4637e+01,6.5036e+01,6.6227e+01,6.7053e+01,6.6164e+01,6.5193e+01,6.4465e+01,6.3805e+01,6.3868e+01,6.4113e+01,6.3490e+01,6.4112e+01,6.4951e+01,6.6030e+01,6.7174e+01,6.7483e+01,6.8668e+01,6.8812e+01,6.9420e+01,6.8734e+01,6.9545e+01,7.0283e+01,6.9265e+01,6.9183e+01,6.8010e+01,6.8145e+01,6.9333e+01,7.0287e+01,7.1805e+01,7.2890e+01,7.4453e+01,7.5496e+01,7.6791e+01,7.6940e+01,7.8025e+01,7.9216e+01,8.1055e+01,8.0480e+01,8.0132e+01,7.8373e+01,7.7198e+01,7.8328e+01,7.7183e+01,7.6956e+01,7.7428e+01,7.6277e+01,7.5859e+01,7.4490e+01,7.4189e+01,7.3744e+01,7.2095e+01,7.0943e+01,7.0842e+01,7.1083e+01,7.0098e+01,7.0623e+01,6.9812e+01,7.0082e+01,7.1170e+01,7.2043e+01,7.1611e+01,7.1316e+01,7.0160e+01,6.9400e+01,6.8602e+01,6.7446e+01,6.6731e+01,6.6099e+01,6.5475e+01,6.5072e+01,6.5191e+01,6.5108e+01,6.5692e+01,6.5972e+01,6.6302e+01,6.7331e+01,6.7600e+01
6.8183e+01,6.7765e+01,6.7282e+01,6.6903e+01,6.5651e+01,6.5779e+01,6.5985e+01,6.7192e+01,6.7974e+01,6.8796e+01,6.8784e+01,6.9791e+01,7.0242e+01,6.9236e+01,6.9235e+01,7.0426e+01,7.0832e+01,7.0727e+01,7.0920e+01,7.1729e+01,7.2289e+01,7.2467e+01,7.2106e+01,7.1686e+01,7.0173e+01,6.9241e+01,6.7997e+01,6.7230e+01,6.7527e+01,6.8602e+01,6.9672e+01,7.0577e+01,7.2149e+01,7.2316e+01,7.2891e+01,7.1556e+01,7.0302e+01,6.9470e+01,6.8506e+01,6.8009e+01,6.6741e+01,6.6420e+01,6.5314e+01,6.4670e+01,6.4378e+01,6.4439e+01,6.5229e+01,6.5020e+01,6.4494e+01,6.4384e+01,6.5399e+01,6.6075e+01,6.7262e+01,6.7819e+01,6.8721e+01,6.7931e+01,6.6626e+01,6.6184e+01,6.5638e+01,6.5704e+01,6.5668e+01,6.5422e+01,6.6069e+01,6.5680e+01,6.5379e+01,6.6604e+01,6.6938e+01,6.6113e+01,6.5282e+01,6.4111e+01,6.3491e+01,6.2758e+01,6.3058e+01,6.3846e+01,6.4747e+01,6.5528e+01,6.6371e+01,6.6705e+01,6.5977e+01,6.5415e+01,6.4414e+01,6.3712e+01,6.2937e+01,6.2689e+01,6.2422e+01,6.2073e+01,6.1940e+01,6.2126e+01,6.2278e+01,6.2310e+01,6.2865e+01,6.3231e+01,6.3329e+01,6.4149e+01,6.3856e+01,6.4785e+01,6.5195e+01,6.6481e+01,6.7263e+01,6.6249e+01,6.5164e+01,6.4341e+01,6.3589e+01,6.3579e+01,6.3942e+01,6.3317e+01,6.4135e+01,6.5021e+01,6.6155e+01,6.7395e+01,6.7642e+01,6.8835e+01,6.8889e+01,6.9521e+01,6.8771e+01,6.9506e+01,7.0226e+01,6.9164e+01,6.8954e+01,6.7707e+01,6.7772e+01,6.8941e+01,6.9954e+01,7.1484e+01,7.2528e+01,7.4130e+01,7.5133e+01,7.6409e+01,7.6617e+01,7.7739e+01,7.8994e+01,8.0813e+01,8.0185e+01,7.9866e+01,7.8133e+01,7.6967e+01,7.8145e+01,7.7029e+01,7.6749e+01,7.7280e+01,7.6188e+01,7.5763e+01,7.4438e+01,7.4195e+01,7.3711e+01,7.2001e+01,7.0843e+01,7.0614e+01,7.0750e+01,6.9693e+01,7.0125e+01,6.9284e+01,6.9649e+01,7.0819e+01,7.1652e+01,7.1145e+01,7.0757e+01,6.9533e+01,6.8743e+01,6.8005e+01,6.6787e+01,6.6156e+01,6.5478e+01,6.5049e+01,6.4716e+01,6.5215e+01,6.5076e+01,6.5546e+01,6.5801e+01,6.6356e+01,6.7447e+01,6.7790e+01
6.8882e+01,6.8428e+01,6.7975e+01,6.7557e+01,6.6279e+01,6.6324e+01,6.6509e+01,6.7753e+01,6.8560e+01,6.9443e+01,6.9450e+01,7.0439e+01,7.0893e+01,6.9837e+01,6.9848e+01,7.1077e+01,7.1448e+01,7.1334e+01,7.1464e+01,7.2273e+01,7.2869e+01,7.3017e+01,7.2600e+01,7.2154e+01,7.0645e+01,6.9758e+01,6.8480e+01,6.7634e+01,6.7881e+01,6.8910e+01,6.9982e+01,7.0840e+01,7.2430e+01,7.2662e+01,7.3276e+01,7.1962e+01,7.0656e+01,6.9859e+01,6.8918e+01,6.8482e+01,6.7218e+01,6.6971e+01,6.5832e+01,6.5188e+01,6.4787e+01,6.4815e+01,6.5539e+01,6.5296e+01,6.4673e+01,6.4560e+01,6.5584e+01,6.6226e+01,6.7430e+01,6.8056e+01,6.8983e+01,6.8223e+01,6.6932e+01,6.6519e+01,6.6064e+01,6.6214e+01,6.6274e+01,6.6072e+01,6.6793e+01,6.6455e+01,6.6160e+01,6.7411e+01,6.7709e+01,6.6822e+01,6.5919e+01,6.4709e+01,6.4149e+01,6.3401e+01,6.3554e+01,6.4340e+01,6.5334e+01,6.6069e+01,6.6906e+01,6.7150e+01,6.6331e+01,6.5703e+01,6.4732e+01,6.3920e+01,6.3092e+01,6.2975e+01,6.2613e+01,6.2444e+01,6.2268e+01,6.2115e+01,6.2200e+01,6.2288e+01,6.2707e+01,6.3310e+01,6.3473e+01,6.4441e+01,6.4204e+01,6.5059e+01,6.5592e+01,6.6897e+01,6.7600e+01,6.6537e+01,6.5467e+01,6.4544e+01,6.3880e+01,6.3975e+01,6.4497e+01,6.3931e+01,6.4855e+01,6.5802e+01,6.6913e+01,6.8185e+01,6.8467e+01,6.9651e+01,6.9714e+01,7.0364e+01,6.9609e+01,7.0325e+01,7.1028e+01,6.9946e+01,6.9690e+01,6.8418e+01,6.8411e+01,6.9558e+01,7.0616e+01,7.2128e+01,7.3153e+01,7.4760e+01,7.5747e+01,7.6988e+01,7.7219e+01,7.8378e+01,7.9662e+01,8.1469e+01,8.0799e+01,8.0477e+01,7.8768e+01,7.7587e+01,7.8763e+01,7.7640e+01,7.7299e+01,7.7827e+01,7.6767e+01,7.6289e+01,7.5007e+01,7.4832e+01,7.4385e+01,7.2656e+01,7.1544e+01,7.1266e+01,7.1319e+01,7.0192e+01,7.0529e+01,6.9623e+01,6.9988e+01,7.1227e+01,7.2027e+01,7.1423e+01,7.1018e+01,6.9737e+01,6.8851e+01,6.8140e+01,6.6891e+01,6.6251e+01,6.5800e+01,6.5639e+01,6.5494e+01,6.6082e+01,6.5889e+01,6.6314e+01,6.6616e+01,6.7219e+01,6.8315e+01,6.8651e+01
6.8526e+01,6.8009e+01,6.7587e+01,6.7131e+01,6.5842e+01,6.5811e+01,6.6014e+01,6.7280e+01,6.8143e+01,6.9058e+01,6.9049e+01,6.9996e+01,7.0432e+01,6.9320e+01,6.9340e+01,7.0607e+01,7.0949e+01,7.0845e+01,7.0919e+01,7.1712e+01,7.2329e+01,7.2445e+01,7.1985e+01,7.1530e+01,7.0020e+01,6.9170e+01,6.7864e+01,6.6962e+01,6.7182e+01,6.8184e+01,6.9248e+01,7.0078e+01,7.1677e+01,7.1942e+01,7.2574e+01,7.1277e+01,6.9941e+01,6.9173e+01,6.8249e+01,6.7861e+01,6.6611e+01,6.6428e+01,6.5275e+01,6.4660e+01,6.4199e+01,6.4255e+01,6.4937e+01,6.4742e+01,6.4117e+01,6.4090e+01,6.5161e+01,6.5881e+01,6.7092e+01,6.7799e+01,6.8695e+01,6.7874e+01,6.6560e+01,6.6083e+01,6.5663e+01,6.5808e+01,6.5928e+01,6.5713e+01,6.6491e+01,6.6248e+01,6.5936e+01,6.7238e+01,6.7489e+01,6.6507e+01,6.5553e+01,6.4297e+01,6.3860e+01,6.3080e+01,6.3056e+01,6.3797e+01,6.4857e+01,6.5557e+01,6.6361e+01,6.6528e+01,6.5647e+01,6.5004e+01,6.4065e+01,6.3197e+01,6.2380e+01,6.2353e+01,6.2014e+01,6.2005e+01,6.1800e+01,6.1455e+01,6.1566e+01,6.1830e+01,6.2440e+01,6.3228e+01,6.3646e+01,6.4598e+01,6.4187e+01,6.5006e+01,6.5512e+01,6.6871e+01,6.7532e+01,6.6376e+01,6.5225e+01,6.4258e+01,6.3541e+01,6.3579e+01,6.4197e+01,6.3693e+01,6.4735e+01,6.5705e+01,6.6817e+01,6.8152e+01,6.8408e+01,6.9573e+01,6.9580e+01,7.0275e+01,6.9506e+01,7.0170e+01,7.0890e+01,6.9815e+01,6.9466e+01,6.8168e+01,6.8149e+01,6.9253e+01,7.0316e+01,7.1847e+01,7.2819e+01,7.4466e+01,7.5403e+01,7.6647e+01,7.6941e+01,7.8108e+01,7.9445e+01,8.1232e+01,8.0534e+01,8.0256e+01,7.8563e+01,7.7411e+01,7.8643e+01,7.7563e+01,7.7205e+01,7.7798e+01,7.6783e+01,7.6333e+01,7.5075e+01,7.4912e+01,7.4402e+01,7.2642e+01,7.1500e+01,7.1125e+01,7.1118e+01,6.9976e+01,7.0244e+01,6.9361e+01,6.9845e+01,7.1119e+01,7.1877e+01,7.1245e+01,7.0733e+01,6.9409e+01,6.8545e+01,6.7934e+01,6.6677e+01,6.6222e+01,6.5720e+01,6.5743e+01,6.5522e+01,6.6211e+01,6.5890e+01,6.6171e+01,6.6516e+01,6.7256e+01,6.8361e+01,6.8733e+01
6.9102e+01,6.8543e+01,6.8165e+01,6.7680e+01,6.6390e+01,6.6272e+01,6.6475e+01,6.7761e+01,6.8664e+01,6.9619e+01,6.9608e+01,7.0513e+01,7.0931e+01,6.9762e+01,6.9784e+01,7.1083e+01,7.1375e+01,7.1261e+01,7.1258e+01,7.2041e+01,7.2698e+01,7.2781e+01,7.2255e+01,7.1770e+01,7.0282e+01,6.9498e+01,6.8174e+01,6.7198e+01,6.7350e+01,6.8279e+01,6.9330e+01,7.0092e+01,7.1688e+01,7.2031e+01,7.2711e+01,7.1458e+01,7.0081e+01,6.9373e+01,6.8482e+01,6.8177e+01,6.6957e+01,6.6859e+01,6.5698e+01,6.5118e+01,6.4567e+01,6.4620e+01,6.5216e+01,6.5031e+01,6.4349e+01,6.4375e+01,6.5453e+01,6.6178e+01,6.7390e+01,6.8179e+01,6.9070e+01,6.8248e+01,6.6946e+01,6.6461e+01,6.6126e+01,6.6319e+01,6.6522e+01,6.6324e+01,6.7152e+01,6.6974e+01,6.6650e+01,6.7964e+01,6.8164e+01,6.7117e+01,6.6108e+01,6.4849e+01,6.4506e+01,6.3754e+01,6.3573e+01,6.4252e+01,6.5364e+01,6.5990e+01,6.6761e+01,6.6817e+01,6.5856e+01,6.5163e+01,6.4306e+01,6.3367e+01,6.2587e+01,6.2719e+01,6.2365e+01,6.2589e+01,6.2381e+01,6.1730e+01,6.1759e+01,6.2204e+01,6.2762e+01,6.3735e+01,6.4268e+01,6.5239e+01,6.4815e+01,6.5547e+01,6.6107e+01,6.7476e+01,6.8065e+01,6.6852e+01,6.5695e+01,6.4664e+01,6.4011e+01,6.4082e+01,6.4818e+01,6.4389e+01,6.5496e+01,6.6485e+01,6.7581e+01,6.8942e+01,6.9198e+01,7.0350e+01,7.0335e+01,7.1045e+01,7.0262e+01,7.0885e+01,7.1587e+01,7.0501e+01,7.0089e+01,6.8775e+01,6.8691e+01,6.9750e+01,7.0845e+01,7.2354e+01,7.3284e+01,7.4937e+01,7.5837e+01,7.7040e+01,7.7376e+01,7.8576e+01,7.9953e+01,8.1716e+01,8.0969e+01,8.0703e+01,7.9047e+01,7.7896e+01,7.9141e+01,7.8077e+01,7.7660e+01,7.8271e+01,7.7310e+01,7.6826e+01,7.5622e+01,7.5524e+01,7.5027e+01,7.3246e+01,7.2140e+01,7.1696e+01,7.1602e+01,7.0414e+01,7.0571e+01,6.9660e+01,7.0181e+01,7.1501e+01,7.2203e+01,7.1486e+01,7.0925e+01,6.9560e+01,6.8639e+01,6.8128e+01,6.6913e+01,6.6570e+01,6.6250e+01,6.6449e+01,6.6313e+01,6.7060e+01,6.6724e+01,6.6940e+01,6.7296e+01,6.8073e+01,6.9171e+01,6.9530e+01
6.9618e+01,6.9001e+01,6.8593e+01,6.8043e+01,6.6735e+01,6.6541e+01,6.6680e+01,6.7964e+01,6.8850e+01,6.9860e+01,6.9895e+01,7.0788e+01,7.1238e+01,7.0053e+01,7.0129e+01,7.1469e+01,7.1778e+01,7.1706e+01,7.1674e+01,7.2420e+01,7.3062e+01,7.3098e+01,7.2555e+01,7.2094e+01,7.0604e+01,6.9846e+01,6.8490e+01,6.7467e+01,6.7637e+01,6.8531e+01,6.9537e+01,7.0249e+01,7.1849e+01,7.2218e+01,7.2886e+01,7.1650e+01,7.0240e+01,6.9540e+01,6.8699e+01,6.8419e+01,6.7219e+01,6.7185e+01,6.6035e+01,6.5416e+01,6.4773e+01,6.4749e+01,6.5264e+01,6.5029e+01,6.4284e+01,6.4289e+01,6.5330e+01,6.6006e+01,6.7210e+01,6.8048e+01,6.8948e+01,6.8158e+01,6.6886e+01,6.6444e+01,6.6196e+01,6.6472e+01,6.6763e+01,6.6640e+01,6.7536e+01,6.7405e+01,6.7144e+01,6.8495e+01,6.8730e+01,6.7674e+01,6.6684e+01,6.5397e+01,6.5109e+01,6.4284e+01,6.4046e+01,6.4670e+01,6.5828e+01,6.6474e+01,6.7190e+01,6.7200e+01,6.6180e+01,6.5518e+01,6.4692e+01,6.3684e+01,6.2928e+01,6.3041e+01,6.2592e+01,6.2960e+01,6.2895e+01,6.2117e+01,6.1943e+01,6.2350e+01,6.2751e+01,6.3782e+01,6.4444e+01,6.5384e+01,6.4937e+01,6.5558e+01,6.6176e+01,6.7539e+01,6.8047e+01,6.6798e+01,6.5670e+01,6.4596e+01,6.4057e+01,6.4220e+01,6.5057e+01,6.4711e+01,6.5859e+01,6.6897e+01,6.7945e+01,6.9333e+01,6.9644e+01,7.0771e+01,7.0785e+01,7.1547e+01,7.0799e+01,7.1434e+01,7.2173e+01,7.1112e+01,7.0691e+01,6.9383e+01,6.9331e+01,7.0370e+01,7.1444e+01,7.2964e+01,7.3866e+01,7.5535e+01,7.6408e+01,7.7617e+01,7.7980e+01,7.9170e+01,8.0561e+01,8.2313e+01,8.1564e+01,8.1322e+01,7.9673e+01,7.8541e+01,7.9801e+01,7.8754e+01,7.8339e+01,7.8965e+01,7.8014e+01,7.7540e+01,7.6342e+01,7.6237e+01,7.5727e+01,7.3954e+01,7.2832e+01,7.2380e+01,7.2287e+01,7.1114e+01,7.1251e+01,7.0362e+01,7.0913e+01,7.2228e+01,7.2911e+01,7.2189e+01,7.1598e+01,7.0229e+01,6.9317e+01,6.8856e+01,6.7667e+01,6.7349e+01,6.7028e+01,6.7188e+01,6.6983e+01,6.7662e+01,6.7227e+01,6.7416e+01,6.7867e+01,6.8660e+01,6.9740e+01,7.0087e+01
6.9988e+01,6.9351e+01,6.8986e+01,6.8432e+01,6.7141e+01,6.6899e+01,6.7057e+01,6.8348e+01,6.9272e+01,7.0296e+01,7.0313e+01,7.1169e+01,7.1594e+01,7.0370e+01,7.0438e+01,7.1789e+01,7.2053e+01,7.1968e+01,7.1874e+01,7.2610e+01,7.3285e+01,7.3296e+01,7.2700e+01,7.2214e+01,7.0750e+01,7.0049e+01,6.8694e+01,6.7627e+01,6.7738e+01,6.8568e+01,6.9562e+01,7.0221e+01,7.1814e+01,7.2241e+01,7.2947e+01,7.1747e+01,7.0312e+01,6.9666e+01,6.8852e+01,6.8640e+01,6.7469e+01,6.7495e+01,6.6350e+01,6.5780e+01,6.5101e+01,6.5101e+01,6.5554e+01,6.5359e+01,6.4613e+01,6.4689e+01,6.5727e+01,6.6428e+01,6.7614e+01,6.8505e+01,6.9381e+01,6.8575e+01,6.7313e+01,6.6844e+01,6.6642e+01,6.6919e+01,6.7245e+01,6.7110e+01,6.8018e+01,6.7925e+01,6.7633e+01,6.8979e+01,6.9163e+01,6.8065e+01,6.7036e+01,6.5768e+01,6.5531e+01,6.4758e+01,6.4436e+01,6.5013e+01,6.6181e+01,6.6760e+01,6.7458e+01,6.7389e+01,6.6325e+01,6.5631e+01,6.4883e+01,6.3864e+01,6.3177e+01,6.3400e+01,6.3004e+01,6.3470e+01,6.3357e+01,6.2502e+01,6.2358e+01,6.2903e+01,6.3362e+01,6.4411e+01,6.5082e+01,6.6022e+01,6.5567e+01,6.6158e+01,6.6772e+01,6.8134e+01,6.8610e+01,6.7336e+01,6.6199e+01,6.5118e+01,6.4590e+01,6.4723e+01,6.5596e+01,6.5282e+01,6.6449e+01,6.7473e+01,6.8522e+01,6.9917e+01,7.0206e+01,7.1328e+01,7.1312e+01,7.2071e+01,7.1303e+01,7.1900e+01,7.2615e+01,7.1539e+01,7.1073e+01,6.9756e+01,6.9650e+01,7.0653e+01,7.1751e+01,7.3251e+01,7.4125e+01,7.5794e+01,7.6640e+01,7.7816e+01,7.8209e+01,7.9426e+01,8.0846e+01,8.2580e+01,8.1792e+01,8.1557e+01,7.9937e+01,7.8803e+01,8.0072e+01,7.9036e+01,7.8573e+01,7.9212e+01,7.8302e+01,7.7797e+01,7.6641e+01,7.6588e+01,7.6089e+01,7.4298e+01,7.3207e+01,7.2704e+01,7.2546e+01,7.1336e+01,7.1393e+01,7.0484e+01,7.1056e+01,7.2401e+01,7.3042e+01,7.2258e+01,7.1636e+01,7.0250e+01,6.9302e+01,6.8922e+01,6.7791e+01,6.7564e+01,6.7350e+01,6.7625e+01,6.7489e+01,6.8232e+01,6.7827e+01,6.7975e+01,6.8393e+01,6.9203e+01,7.0295e+01,7.0644e+01
6.9868e+01,6.9228e+01,6.8926e+01,6.8401e+01,6.7152e+01,6.6895e+01,6.7106e+01,6.8389e+01,6.9358e+01,7.0356e+01,7.0321e+01,7.1130e+01,7.1504e+01,7.0253e+01,7.0286e+01,7.1621e+01,7.1831e+01,7.1725e+01,7.1583e+01,7.2313e+01,7.3015e+01,7.3022e+01,7.2390e+01,7.1879e+01,7.0452e+01,6.9801e+01,6.8477e+01,6.7409e+01,6.7462e+01,6.8246e+01,6.9232e+01,6.9868e+01,7.1432e+01,7.1885e+01,7.2619e+01,7.1453e+01,7.0034e+01,6.9441e+01,6.8633e+01,6.8476e+01,6.7343e+01,6.7400e+01,6.6278e+01,6.5787e+01,6.5132e+01,6.5203e+01,6.5636e+01,6.5523e+01,6.4829e+01,6.4996e+01,6.6056e+01,6.6824e+01,6.8000e+01,6.8913e+01,6.9755e+01,6.8898e+01,6.7620e+01,6.7086e+01,6.6871e+01,6.7087e+01,6.7402e+01,6.7212e+01,6.8093e+01,6.8040e+01,6.7697e+01,6.9013e+01,6.9128e+01,6.7994e+01,6.6942e+01,6.5725e+01,6.5561e+01,6.4874e+01,6.4465e+01,6.4978e+01,6.6114e+01,6.6609e+01,6.7282e+01,6.7154e+01,6.6095e+01,6.5387e+01,6.4720e+01,6.3751e+01,6.3159e+01,6.3483e+01,6.3204e+01,6.3721e+01,6.3538e+01,6.2690e+01,6.2653e+01,6.3331e+01,6.3915e+01,6.4947e+01,6.5616e+01,6.6540e+01,6.6047e+01,6.6657e+01,6.7216e+01,6.8586e+01,6.9076e+01,6.7785e+01,6.6606e+01,6.5546e+01,6.4960e+01,6.5000e+01,6.5852e+01,6.5554e+01,6.6717e+01,6.7690e+01,6.8745e+01,7.0133e+01,7.0361e+01,7.1472e+01,7.1398e+01,7.2139e+01,7.1342e+01,7.1879e+01,7.2560e+01,7.1480e+01,7.0958e+01,6.9649e+01,6.9491e+01,7.0443e+01,7.1550e+01,7.3022e+01,7.3860e+01,7.5525e+01,7.6341e+01,7.7487e+01,7.7909e+01,7.9141e+01,8.0587e+01,8.2295e+01,8.1478e+01,8.1261e+01,7.9671e+01,7.8551e+01,7.9839e+01,7.8830e+01,7.8339e+01,7.9011e+01,7.8148e+01,7.7647e+01,7.6532e+01,7.6516e+01,7.6001e+01,7.4200e+01,7.3132e+01,7.2565e+01,7.2342e+01,7.1120e+01,7.1103e+01,7.0208e+01,7.0832e+01,7.2184e+01,7.2779e+01,7.1967e+01,7.1294e+01,6.9904e+01,6.8972e+01,6.8690e+01,6.7636e+01,6.7554e+01,6.7376e+01,6.7761e+01,6.7661e+01,6.8477e+01,6.8106e+01,6.8182e+01,6.8541e+01,6.9367e+01,7.0458e+01,7.0820e+01
7.0347e+01,6.9703e+01,6.9449e+01,6.8936e+01,6.7719e+01,6.7432e+01,6.7666e+01,6.8942e+01,6.9939e+01,7.0935e+01,7.0875e+01,7.1647e+01,7.1989e+01,7.0711e+01,7.0730e+01,7.2058e+01,7.2219e+01,7.2095e+01,7.1897e+01,7.2614e+01,7.3344e+01,7.3333e+01,7.2656e+01,7.2121e+01,7.0735e+01,7.0142e+01,6.8842e+01,6.7757e+01,6.7756e+01,6.8473e+01,6.9438e+01,7.0026e+01,7.1565e+01,7.2061e+01,7.2823e+01,7.1699e+01,7.0278e+01,6.9743e+01,6.8963e+01,6.8867e+01,6.7775e+01,6.7879e+01,6.6779e+01,6.6343e+01,6.5683e+01,6.5784e+01,6.6171e+01,6.6102e+01,6.5432e+01,6.5653e+01,6.6702e+01,6.7485e+01,6.8641e+01,6.9581e+01,7.0402e+01,6.9530e+01,6.8262e+01,6.7704e+01,6.7514e+01,6.7715e+01,6.8044e+01,6.7835e+01,6.8709e+01,6.8683e+01,6.8310e+01,6.9604e+01,6.9670e+01,6.8512e+01,6.7442e+01,6.6266e+01,6.6146e+01,6.5522e+01,6.5060e+01,6.5523e+01,6.6637e+01,6.7061e+01,6.7711e+01,6.7519e+01,6.6448e+01,6.5729e+01,6.5148e+01,6.4212e+01,6.3707e+01,6.4103e+01,6.3888e+01,6.4441e+01,6.4221e+01,6.3376e+01,6.3391e+01,6.4116e+01,6.4709e+01,6.5728e+01,6.6383e+01,6.7304e+01,6.6817e+01,6.7414e+01,6.7965e+01,6.9328e+01,6.9802e+01,6.8503e+01,6.7325e+01,6.6274e+01,6.5696e+01,6.5706e+01,6.6559e+01,6.6280e+01,6.7437e+01,6.8383e+01,6.9441e+01,7.0826e+01,7.1024e+01,7.2131e+01,7.2025e+01,7.2752e+01,7.1936e+01,7.2431e+01,7.3081e+01,7.1994e+01,7.1435e+01,7.0132e+01,6.9921e+01,7.0830e+01,7.1952e+01,7.3389e+01,7.4199e+01,7.5852e+01,7.6643e+01,7.7748e+01,7.8193e+01,7.9447e+01,8.0914e+01,8.2600e+01,8.1747e+01,8.1534e+01,7.9979e+01,7.8860e+01,8.0149e+01,7.9154e+01,7.8619e+01,7.9299e+01,7.8477e+01,7.7950e+01,7.6880e+01,7.6917e+01,7.6417e+01,7.4611e+01,7.3582e+01,7.2976e+01,7.2692e+01,7.1449e+01,7.1357e+01,7.0456e+01,7.1088e+01,7.2449e+01,7.2997e+01,7.2136e+01,7.1444e+01,7.0065e+01,6.9122e+01,6.8933e+01,6.7978e+01,6.7982e+01,6.7891e+01,6.8356e+01,6.8315e+01,6.9171e+01,6.8841e+01,6.8890e+01,6.9208e+01,7.0030e+01,7.1129e+01,7.1489e+01
7.0319e+01,6.9698e+01,6.9482e+01,6.9010e+01,6.7828e+01,6.7563e+01,6.7841e+01,6.9107e+01,7.0127e+01,7.1083e+01,7.0981e+01,7.1736e+01,7.2040e+01,7.0757e+01,7.0740e+01,7.2041e+01,7.2173e+01,7.2026e+01,7.1818e+01,7.2544e+01,7.3289e+01,7.3296e+01,7.2612e+01,7.2061e+01,7.0696e+01,7.0116e+01,6.8849e+01,6.7793e+01,6.7765e+01,6.8471e+01,6.9440e+01,7.0038e+01,7.1561e+01,7.2051e+01,7.2827e+01,7.1710e+01,7.0317e+01,6.9804e+01,6.9008e+01,6.8927e+01,6.7853e+01,6.7946e+01,6.6867e+01,6.6482e+01,6.5871e+01,6.6028e+01,6.6433e+01,6.6416e+01,6.5798e+01,6.6056e+01,6.7113e+01,6.7927e+01,6.9077e+01,6.9997e+01,7.0803e+01,6.9909e+01,6.8629e+01,6.8038e+01,6.7809e+01,6.7955e+01,6.8244e+01,6.7990e+01,6.8820e+01,6.8795e+01,6.8385e+01,6.9636e+01,6.9661e+01,6.8509e+01,6.7442e+01,6.6322e+01,6.6227e+01,6.5676e+01,6.5198e+01,6.5631e+01,6.6695e+01,6.7070e+01,6.7716e+01,6.7516e+01,6.6480e+01,6.5763e+01,6.5217e+01,6.4344e+01,6.3894e+01,6.4324e+01,6.4195e+01,6.4724e+01,6.4457e+01,6.3681e+01,6.3786e+01,6.4546e+01,6.5196e+01,6.6166e+01,6.6776e+01,6.7678e+01,6.7193e+01,6.7818e+01,6.8327e+01,6.9680e+01,7.0183e+01,6.8902e+01,6.7714e+01,6.6700e+01,6.6076e+01,6.6021e+01,6.6819e+01,6.6534e+01,6.7655e+01,6.8550e+01,6.9608e+01,7.0966e+01,7.1120e+01,7.2221e+01,7.2084e+01,7.2779e+01,7.1947e+01,7.2409e+01,7.3026e+01,7.1939e+01,7.1366e+01,7.0084e+01,6.9839e+01,7.0721e+01,7.1843e+01,7.3249e+01,7.4052e+01,7.5681e+01,7.6469e+01,7.7549e+01,7.7989e+01,7.9250e+01,8.0713e+01,8.2386e+01,8.1523e+01,8.1305e+01,7.9768e+01,7.8650e+01,7.9931e+01,7.8946e+01,7.8397e+01,7.9079e+01,7.8284e+01,7.7752e+01,7.6712e+01,7.6776e+01,7.6283e+01,7.4483e+01,7.3485e+01,7.2859e+01,7.2546e+01,7.1303e+01,7.1184e+01,7.0287e+01,7.0912e+01,7.2263e+01,7.2790e+01,7.1921e+01,7.1238e+01,6.9879e+01,6.8944e+01,6.8790e+01,6.7912e+01,6.7988e+01,6.7938e+01,6.8452e+01,6.8447e+01,6.9327e+01,6.9050e+01,6.9069e+01,6.9330e+01,7.0127e+01,7.1216e+01,7.1573e+01
7.0023e+01,6.9436e+01,6.9238e+01,6.8806e+01,6.7642e+01,6.7425e+01,6.7743e+01,6.9006e+01,7.0037e+01,7.0952e+01,7.0815e+01,7.1577e+01,7.1861e+01,7.0587e+01,7.0537e+01,7.1812e+01,7.1940e+01,7.1768e+01,7.1589e+01,7.2341e+01,7.3093e+01,7.3137e+01,7.2474e+01,7.1910e+01,7.0537e+01,6.9928e+01,6.8679e+01,6.7660e+01,6.7630e+01,6.8370e+01,6.9373e+01,7.0023e+01,7.1563e+01,7.2020e+01,7.2800e+01,7.1654e+01,7.0283e+01,6.9751e+01,6.8912e+01,6.8807e+01,6.7720e+01,6.7768e+01,6.6695e+01,6.6338e+01,6.5788e+01,6.5996e+01,6.6447e+01,6.6465e+01,6.5894e+01,6.6160e+01,6.7229e+01,6.8061e+01,6.9215e+01,7.0095e+01,7.0902e+01,6.9994e+01,6.8696e+01,6.8084e+01,6.7798e+01,6.7890e+01,6.8123e+01,6.7826e+01,6.8604e+01,6.8556e+01,6.8112e+01,6.9324e+01,6.9327e+01,6.8192e+01,6.7129e+01,6.6048e+01,6.5941e+01,6.5456e+01,6.5001e+01,6.5437e+01,6.6453e+01,6.6809e+01,6.7479e+01,6.7313e+01,6.6320e+01,6.5599e+01,6.5041e+01,6.4227e+01,6.3794e+01,6.4233e+01,6.4180e+01,6.4638e+01,6.4316e+01,6.3645e+01,6.3849e+01,6.4605e+01,6.5292e+01,6.6205e+01,6.6748e+01,6.7637e+01,6.7168e+01,6.7838e+01,6.8309e+01,6.9652e+01,7.0199e+01,6.8949e+01,6.7756e+01,6.6779e+01,6.6106e+01,6.5997e+01,6.6725e+01,6.6413e+01,6.7487e+01,6.8335e+01,6.9404e+01,7.0735e+01,7.0854e+01,7.1965e+01,7.1808e+01,7.2470e+01,7.1621e+01,7.2073e+01,7.2666e+01,7.1569e+01,7.1006e+01,6.9730e+01,6.9470e+01,7.0363e+01,7.1492e+01,7.2890e+01,7.3716e+01,7.5332e+01,7.6143e+01,7.7224e+01,7.7638e+01,7.8901e+01,8.0348e+01,8.2031e+01,8.1177e+01,8.0940e+01,7.9395e+01,7.8264e+01,7.9533e+01,7.8536e+01,7.7992e+01,7.8664e+01,7.7860e+01,7.7327e+01,7.6281e+01,7.6349e+01,7.5865e+01,7.4065e+01,7.3080e+01,7.2462e+01,7.2152e+01,7.0907e+01,7.0810e+01,6.9896e+01,7.0492e+01,7.1845e+01,7.2389e+01,7.1532e+01,7.0882e+01,6.9529e+01,6.8584e+01,6.8373e+01,6.7500e+01,6.7592e+01,6.7566e+01,6.8110e+01,6.8147e+01,6.9043e+01,6.8830e+01,6.8846e+01,6.9047e+01,6.9816e+01,7.0894e+01,7.1237e+01
6.9758e+01,6.9171e+01,6.8944e+01,6.8505e+01,6.7311e+01,6.7115e+01,6.7426e+01,6.8702e+01,6.9724e+01,7.0645e+01,7.0520e+01,7.1311e+01,7.1615e+01,7.0349e+01,7.0309e+01,7.1598e+01,7.1758e+01,7.1598e+01,7.1454e+01,7.2217e+01,7.2954e+01,7.3005e+01,7.2364e+01,7.1814e+01,7.0405e+01,6.9757e+01,6.8487e+01,6.7474e+01,6.7483e+01,6.8269e+01,6.9281e+01,6.9966e+01,7.1539e+01,7.1962e+01,7.2725e+01,7.1542e+01,7.0159e+01,6.9592e+01,6.8733e+01,6.8594e+01,6.7477e+01,6.7496e+01,6.6400e+01,6.6009e+01,6.5465e+01,6.5663e+01,6.6155e+01,6.6150e+01,6.5567e+01,6.5796e+01,6.6877e+01,6.7697e+01,6.8869e+01,6.9728e+01,7.0559e+01,6.9660e+01,6.8348e+01,6.7749e+01,6.7439e+01,6.7536e+01,6.7755e+01,6.7462e+01,6.8248e+01,6.8175e+01,6.7742e+01,6.8981e+01,6.9018e+01,6.7887e+01,6.6823e+01,6.5700e+01,6.5545e+01,6.5019e+01,6.4607e+01,6.5093e+01,6.6132e+01,6.6541e+01,6.7236e+01,6.7115e+01,6.6125e+01,6.5405e+01,6.4776e+01,6.3934e+01,6.3427e+01,6.3833e+01,6.3753e+01,6.4165e+01,6.3834e+01,6.3167e+01,6.3390e+01,6.4117e+01,6.4794e+01,6.5705e+01,6.6228e+01,6.7137e+01,6.6683e+01,6.7374e+01,6.7857e+01,6.9208e+01,6.9772e+01,6.8529e+01,6.7337e+01,6.6355e+01,6.5673e+01,6.5579e+01,6.6298e+01,6.5956e+01,6.7036e+01,6.7907e+01,6.8991e+01,7.0335e+01,7.0475e+01,7.1604e+01,7.1467e+01,7.2142e+01,7.1297e+01,7.1782e+01,7.2401e+01,7.1297e+01,7.0758e+01,6.9457e+01,6.9235e+01,7.0177e+01,7.1310e+01,7.2747e+01,7.3602e+01,7.5239e+01,7.6074e+01,7.7192e+01,7.7592e+01,7.8846e+01,8.0287e+01,8.1993e+01,8.1161e+01,8.0920e+01,7.9342e+01,7.8203e+01,7.9474e+01,7.8457e+01,7.7945e+01,7.8605e+01,7.7759e+01,7.7236e+01,7.6148e+01,7.6179e+01,7.5693e+01,7.3887e+01,7.2864e+01,7.2276e+01,7.2013e+01,7.0770e+01,7.0734e+01,6.9810e+01,7.0397e+01,7.1757e+01,7.2347e+01,7.1519e+01,7.0882e+01,6.9509e+01,6.8565e+01,6.8258e+01,6.7250e+01,6.7228e+01,6.7155e+01,6.7653e+01,6.7672e+01,6.8561e+01,6.8337e+01,6.8389e+01,6.8617e+01,6.9394e+01,7.0483e+01,7.0797e+01
6.9309e+01,6.8728e+01,6.8538e+01,6.8130e+01,6.6965e+01,6.6780e+01,6.7138e+01,6.8394e+01,6.9438e+01,7.0329e+01,7.0166e+01,7.0926e+01,7.1190e+01,6.9924e+01,6.9858e+01,7.1123e+01,7.1254e+01,7.1080e+01,7.0922e+01,7.1685e+01,7.2435e+01,7.2493e+01,7.1840e+01,7.1279e+01,6.9893e+01,6.9264e+01,6.8029e+01,6.7043e+01,6.7031e+01,6.7809e+01,6.8817e+01,6.9509e+01,7.1044e+01,7.1451e+01,7.2216e+01,7.1047e+01,6.9696e+01,6.9155e+01,6.8295e+01,6.8173e+01,6.7082e+01,6.7096e+01,6.6017e+01,6.5683e+01,6.5188e+01,6.5446e+01,6.5953e+01,6.6003e+01,6.5473e+01,6.5744e+01,6.6845e+01,6.7713e+01,6.8884e+01,6.9745e+01,7.0553e+01,6.9612e+01,6.8283e+01,6.7636e+01,6.7293e+01,6.7334e+01,6.7526e+01,6.7183e+01,6.7941e+01,6.7892e+01,6.7419e+01,6.8646e+01,6.8638e+01,6.7478e+01,6.6396e+01,6.5298e+01,6.5187e+01,6.4718e+01,6.4261e+01,6.4721e+01,6.5726e+01,6.6086e+01,6.6777e+01,6.6646e+01,6.5688e+01,6.4958e+01,6.4351e+01,6.3568e+01,6.3114e+01,6.3574e+01,6.3596e+01,6.3990e+01,6.3589e+01,6.2973e+01,6.3319e+01,6.4103e+01,6.4874e+01,6.5772e+01,6.6303e+01,6.7203e+01,6.6703e+01,6.7424e+01,6.7856e+01,6.9223e+01,6.9810e+01,6.8553e+01,6.7322e+01,6.6361e+01,6.5618e+01,6.5451e+01,6.6134e+01,6.5785e+01,6.6862e+01,6.7693e+01,6.8796e+01,7.0144e+01,7.0233e+01,7.1358e+01,7.1172e+01,7.1836e+01,7.0968e+01,7.1410e+01,7.2015e+01,7.0911e+01,7.0330e+01,6.9026e+01,6.8787e+01,6.9703e+01,7.0837e+01,7.2270e+01,7.3101e+01,7.4747e+01,7.5564e+01,7.6680e+01,7.7102e+01,7.8359e+01,7.9818e+01,8.1517e+01,8.0675e+01,8.0451e+01,7.8879e+01,7.7755e+01,7.9050e+01,7.8057e+01,7.7549e+01,7.8242e+01,7.7412e+01,7.6921e+01,7.5836e+01,7.5856e+01,7.5333e+01,7.3518e+01,7.2481e+01,7.1849e+01,7.1564e+01,7.0328e+01,7.0274e+01,6.9381e+01,7.0039e+01,7.1394e+01,7.1967e+01,7.1159e+01,7.0461e+01,6.9079e+01,6.8186e+01,6.7942e+01,6.6949e+01,6.7049e+01,6.6871e+01,6.7407e+01,6.7394e+01,6.8336e+01,6.8114e+01,6.8113e+01,6.8303e+01,6.9114e+01,7.0195e+01,7.0528e+01
6.8849e+01,6.8282e+01,6.8122e+01,6.7750e+01,6.6609e+01,6.6456e+01,6.6862e+01,6.8110e+01,6.9177e+01,7.0032e+01,6.9827e+01,7.0575e+01,7.0803e+01,6.9535e+01,6.9432e+01,7.0676e+01,7.0788e+01,7.0594e+01,7.0441e+01,7.1218e+01,7.1980e+01,7.2061e+01,7.1408e+01,7.0833e+01,6.9458e+01,6.8825e+01,6.7616e+01,6.6667e+01,6.6639e+01,6.7432e+01,6.8454e+01,6.9170e+01,7.0667e+01,7.1058e+01,7.1828e+01,7.0672e+01,6.9364e+01,6.8831e+01,6.7942e+01,6.7815e+01,6.6729e+01,6.6714e+01,6.5641e+01,6.5358e+01,6.4927e+01,6.5247e+01,6.5785e+01,6.5883e+01,6.5411e+01,6.5715e+01,6.6820e+01,6.7722e+01,6.8884e+01,6.9726e+01,7.0514e+01,6.9546e+01,6.8205e+01,6.7523e+01,6.7140e+01,6.7125e+01,6.7276e+01,6.6883e+01,6.7600e+01,6.7558e+01,6.7043e+01,6.8250e+01,6.8205e+01,6.7026e+01,6.5930e+01,6.4859e+01,6.4782e+01,6.4391e+01,6.3902e+01,6.4341e+01,6.5300e+01,6.5622e+01,6.6326e+01,6.6206e+01,6.5288e+01,6.4547e+01,6.3938e+01,6.3235e+01,6.2840e+01,6.3338e+01,6.3482e+01,6.3838e+01,6.3377e+01,6.2892e+01,6.3345e+01,6.4153e+01,6.5000e+01,6.5841e+01,6.6357e+01,6.7221e+01,6.6686e+01,6.7430e+01,6.7803e+01,6.9166e+01,6.9781e+01,6.8532e+01,6.7280e+01,6.6361e+01,6.5565e+01,6.5320e+01,6.5942e+01,6.5590e+01,6.6640e+01,6.7422e+01,6.8536e+01,6.9874e+01,6.9918e+01,7.1046e+01,7.0822e+01,7.1469e+01,7.0579e+01,7.0994e+01,7.1590e+01,7.0484e+01,6.9876e+01,6.8568e+01,6.8320e+01,6.9230e+01,7.0365e+01,7.1804e+01,7.2634e+01,7.4289e+01,7.5107e+01,7.6233e+01,7.6659e+01,7.7916e+01,7.9384e+01,8.1087e+01,8.0245e+01,8.0029e+01,7.8449e+01,7.7330e+01,7.8641e+01,7.7659e+01,7.7165e+01,7.7881e+01,7.7053e+01,7.6593e+01,7.5500e+01,7.5503e+01,7.4951e+01,7.3131e+01,7.2075e+01,7.1419e+01,7.1133e+01,6.9908e+01,6.9867e+01,6.9004e+01,6.9712e+01,7.1055e+01,7.1635e+01,7.0865e+01,7.0132e+01,6.8755e+01,6.7934e+01,6.7688e+01,6.6671e+01,6.6844e+01,6.6557e+01,6.7140e+01,6.7108e+01,6.8082e+01,6.7892e+01,6.7838e+01,6.7973e+01,6.8797e+01,6.9860e+01,7.0202e+01
6.8546e+01,6.7987e+01,6.7866e+01,6.7530e+01,6.6432e+01,6.6302e+01,6.6753e+01,6.7975e+01,6.9057e+01,6.9873e+01,6.9630e+01,7.0351e+01,7.0542e+01,6.9283e+01,6.9152e+01,7.0368e+01,7.0462e+01,7.0259e+01,7.0109e+01,7.0889e+01,7.1652e+01,7.1748e+01,7.1104e+01,7.0525e+01,6.9167e+01,6.8535e+01,6.7362e+01,6.6456e+01,6.6421e+01,6.7225e+01,6.8253e+01,6.9005e+01,7.0473e+01,7.0816e+01,7.1569e+01,7.0426e+01,6.9162e+01,6.8634e+01,6.7730e+01,6.7600e+01,6.6532e+01,6.6496e+01,6.5442e+01,6.5222e+01,6.4859e+01,6.5240e+01,6.5797e+01,6.5949e+01,6.5542e+01,6.5882e+01,6.6989e+01,6.7926e+01,6.9073e+01,6.9896e+01,7.0655e+01,6.9658e+01,6.8313e+01,6.7594e+01,6.7175e+01,6.7100e+01,6.7214e+01,6.6772e+01,6.7447e+01,6.7431e+01,6.6880e+01,6.8061e+01,6.7972e+01,6.6771e+01,6.5666e+01,6.4634e+01,6.4631e+01,6.4318e+01,6.3768e+01,6.4165e+01,6.5069e+01,6.5341e+01,6.6045e+01,6.5934e+01,6.5069e+01,6.4333e+01,6.3734e+01,6.3134e+01,6.2814e+01,6.3333e+01,6.3594e+01,6.3937e+01,6.3447e+01,6.3054e+01,6.3584e+01,6.4427e+01,6.5348e+01,6.6145e+01,6.6668e+01,6.7490e+01,6.6910e+01,6.7664e+01,6.7974e+01,6.9329e+01,6.9962e+01,6.8721e+01,6.7448e+01,6.6571e+01,6.5724e+01,6.5400e+01,6.5968e+01,6.5626e+01,6.6654e+01,6.7382e+01,6.8491e+01,6.9815e+01,6.9808e+01,7.0920e+01,7.0649e+01,7.1282e+01,7.0378e+01,7.0750e+01,7.1337e+01,7.0242e+01,6.9596e+01,6.8296e+01,6.8047e+01,6.8926e+01,7.0046e+01,7.1485e+01,7.2290e+01,7.3954e+01,7.4752e+01,7.5887e+01,7.6332e+01,7.7578e+01,7.9057e+01,8.0753e+01,7.9912e+01,7.9717e+01,7.8140e+01,7.7044e+01,7.8380e+01,7.7426e+01,7.6951e+01,7.7699e+01,7.6881e+01,7.6462e+01,7.5367e+01,7.5346e+01,7.4751e+01,7.2935e+01,7.1859e+01,7.1167e+01,7.0875e+01,6.9677e+01,6.9639e+01,6.8834e+01,6.9620e+01,7.0931e+01,7.1501e+01,7.0779e+01,6.9994e+01,6.8632e+01,6.7916e+01,6.7741e+01,6.6802e+01,6.7084e+01,6.6665e+01,6.7234e+01,6.7118e+01,6.8096e+01,6.7898e+01,6.7763e+01,6.7858e+01,6.8709e+01,6.9737e+01,7.0104e+01
