9.3519e+01,9.3477e+01,9.3550e+01,9.3603e+01,9.3761e+01,9.3867e+01,9.3745e+01,9.3930e+01,9.3539e+01,9.3212e+01,9.2929e+01,9.2602e+01,9.2419e+01,9.2176e+01,9.1828e+01,9.1792e+01,9.1398e+01,9.1197e+01,9.0846e+01,9.0866e+01,9.1089e+01,9.1182e+01,9.1550e+01,9.1646e+01,9.1884e+01,9.2391e+01,9.2791e+01,9.2858e+01,9.3235e+01,9.3560e+01,9.4004e+01,9.4375e+01,9.4700e+01,9.5182e+01,9.5419e+01,9.5508e+01,9.6049e+01,9.6244e+01,9.6807e+01,9.7058e+01,9.7518e+01,9.8200e+01,9.9064e+01,9.9659e+01,9.9215e+01,9.8351e+01,9.7533e+01,9.7552e+01,9.6587e+01,9.5814e+01,9.4737e+01,9.4456e+01,9.3534e+01,9.3560e+01,9.2803e+01,9.2289e+01,9.1679e+01,9.1297e+01,9.0852e+01,9.0437e+01,9.0088e+01,8.9846e+01,8.9706e+01,8.9538e+01,8.9423e+01,8.9502e+01,8.9624e+01,8.9765e+01,8.9986e+01,9.0379e+01,9.0517e+01,9.1035e+01,9.1186e+01,9.1054e+01,9.1464e+01,9.1832e+01,9.2594e+01,9.3086e+01,9.3909e+01,9.4430e+01,9.5208e+01,9.6384e+01,9.7172e+01,9.8338e+01,9.9093e+01,1.0018e+02,1.0031e+02,1.0135e+02,1.0224e+02,1.0383e+02,1.0419e+02,1.0505e+02,1.0685e+02,1.0842e+02,1.1017e+02,1.1196e+02,1.1370e+02,1.1493e+02,1.1700e+02,1.1814e+02,1.1933e+02,1.2096e+02,1.2227e+02,1.2427e+02,1.2634e+02,1.2829e+02,1.3034e+02,1.3202e+02,1.3370e+02,1.3516e+02,1.3682e+02,1.3771e+02,1.3864e+02,1.3925e+02,1.3971e+02,1.4055e+02,1.4145e+02,1.4242e+02,1.4337e+02,1.4425e+02,1.4529e+02,1.4651e+02,1.4754e+02,1.4886e+02,1.4963e+02,1.5045e+02,1.5140e+02,1.5187e+02,1.5243e+02,1.5222e+02,1.5195e+02
9.3284e+01,9.3245e+01,9.3318e+01,9.3368e+01,9.3524e+01,9.3631e+01,9.3507e+01,9.3693e+01,9.3303e+01,9.2977e+01,9.2695e+01,9.2367e+01,9.2185e+01,9.1942e+01,9.1597e+01,9.1559e+01,9.1168e+01,9.0969e+01,9.0620e+01,9.0639e+01,9.0862e+01,9.0952e+01,9.1318e+01,9.1413e+01,9.1648e+01,9.2151e+01,9.2549e+01,9.2615e+01,9.2994e+01,9.3319e+01,9.3764e+01,9.4136e+01,9.4463e+01,9.4945e+01,9.5180e+01,9.5268e+01,9.5808e+01,9.6002e+01,9.6564e+01,9.6811e+01,9.7272e+01,9.7952e+01,9.8812e+01,9.9409e+01,9.8970e+01,9.8109e+01,9.7294e+01,9.7317e+01,9.6355e+01,9.5588e+01,9.4511e+01,9.4234e+01,9.3314e+01,9.3346e+01,9.2591e+01,9.2073e+01,9.1459e+01,9.1080e+01,9.0638e+01,9.0218e+01,8.9870e+01,8.9632e+01,8.9490e+01,8.9327e+01,8.9212e+01,8.9288e+01,8.9407e+01,8.9551e+01,8.9767e+01,9.0160e+01,9.0298e+01,9.0814e+01,9.0964e+01,9.0830e+01,9.1239e+01,9.1610e+01,9.2374e+01,9.2862e+01,9.3687e+01,9.4210e+01,9.4992e+01,9.6168e+01,9.6956e+01,9.8123e+01,9.8880e+01,9.9969e+01,1.0011e+02,1.0114e+02,1.0204e+02,1.0363e+02,1.0398e+02,1.0485e+02,1.0665e+02,1.0822e+02,1.0998e+02,1.1177e+02,1.1352e+02,1.1475e+02,1.1682e+02,1.1797e+02,1.1917e+02,1.2080e+02,1.2212e+02,1.2413e+02,1.2620e+02,1.2816e+02,1.3021e+02,1.3190e+02,1.3359e+02,1.3505e+02,1.3671e+02,1.3760e+02,1.3853e+02,1.3915e+02,1.3961e+02,1.4044e+02,1.4135e+02,1.4232e+02,1.4327e+02,1.4416e+02,1.4520e+02,1.4642e+02,1.4746e+02,1.4878e+02,1.4955e+02,1.5037e+02,1.5132e+02,1.5179e+02,1.5235e+02,1.5214e+02,1.5187e+02
9.3158e+01,9.3120e+01,9.3195e+01,9.3245e+01,9.3401e+01,9.3508e+01,9.3385e+01,9.3573e+01,9.3183e+01,9.2857e+01,9.2575e+01,9.2245e+01,9.2063e+01,9.1816e+01,9.1472e+01,9.1431e+01,9.1039e+01,9.0842e+01,9.0495e+01,9.0517e+01,9.0740e+01,9.0829e+01,9.1190e+01,9.1283e+01,9.1514e+01,9.2013e+01,9.2410e+01,9.2477e+01,9.2856e+01,9.3179e+01,9.3626e+01,9.3998e+01,9.4325e+01,9.4806e+01,9.5042e+01,9.5127e+01,9.5663e+01,9.5855e+01,9.6412e+01,9.6655e+01,9.7112e+01,9.7789e+01,9.8646e+01,9.9244e+01,9.8809e+01,9.7952e+01,9.7143e+01,9.7171e+01,9.6213e+01,9.5449e+01,9.4375e+01,9.4102e+01,9.3184e+01,9.3217e+01,9.2464e+01,9.1945e+01,9.1332e+01,9.0954e+01,9.0517e+01,9.0097e+01,8.9752e+01,8.9516e+01,8.9375e+01,8.9215e+01,8.9103e+01,8.9178e+01,8.9297e+01,8.9444e+01,8.9657e+01,9.0050e+01,9.0185e+01,9.0700e+01,9.0847e+01,9.0711e+01,9.1118e+01,9.1492e+01,9.2255e+01,9.2739e+01,9.3565e+01,9.4090e+01,9.4874e+01,9.6049e+01,9.6836e+01,9.8003e+01,9.8761e+01,9.9848e+01,9.9988e+01,1.0103e+02,1.0193e+02,1.0352e+02,1.0387e+02,1.0473e+02,1.0654e+02,1.0811e+02,1.0986e+02,1.1165e+02,1.1341e+02,1.1465e+02,1.1673e+02,1.1788e+02,1.1908e+02,1.2071e+02,1.2204e+02,1.2405e+02,1.2613e+02,1.2809e+02,1.3015e+02,1.3184e+02,1.3354e+02,1.3499e+02,1.3666e+02,1.3755e+02,1.3848e+02,1.3910e+02,1.3956e+02,1.4039e+02,1.4130e+02,1.4227e+02,1.4322e+02,1.4411e+02,1.4516e+02,1.4638e+02,1.4742e+02,1.4874e+02,1.4951e+02,1.5033e+02,1.5129e+02,1.5176e+02,1.5232e+02,1.5211e+02,1.5184e+02
9.2896e+01,9.2858e+01,9.2930e+01,9.2980e+01,9.3133e+01,9.3240e+01,9.3117e+01,9.3305e+01,9.2916e+01,9.2590e+01,9.2308e+01,9.1979e+01,9.1793e+01,9.1549e+01,9.1207e+01,9.1167e+01,9.0779e+01,9.0583e+01,9.0238e+01,9.0258e+01,9.0480e+01,9.0565e+01,9.0924e+01,9.1018e+01,9.1248e+01,9.1745e+01,9.2144e+01,9.2212e+01,9.2595e+01,9.2918e+01,9.3368e+01,9.3745e+01,9.4073e+01,9.4556e+01,9.4787e+01,9.4873e+01,9.5409e+01,9.5601e+01,9.6157e+01,9.6397e+01,9.6853e+01,9.7529e+01,9.8386e+01,9.8984e+01,9.8550e+01,9.7694e+01,9.6885e+01,9.6914e+01,9.5958e+01,9.5197e+01,9.4124e+01,9.3851e+01,9.2936e+01,9.2975e+01,9.2226e+01,9.1707e+01,9.1091e+01,9.0719e+01,9.0287e+01,8.9861e+01,8.9519e+01,8.9285e+01,8.9140e+01,8.8985e+01,8.8871e+01,8.8942e+01,8.9057e+01,8.9205e+01,8.9414e+01,8.9807e+01,8.9943e+01,9.0457e+01,9.0605e+01,9.0468e+01,9.0877e+01,9.1254e+01,9.2018e+01,9.2501e+01,9.3329e+01,9.3856e+01,9.4643e+01,9.5819e+01,9.6608e+01,9.7776e+01,9.8537e+01,9.9626e+01,9.9768e+01,1.0081e+02,1.0172e+02,1.0331e+02,1.0366e+02,1.0452e+02,1.0632e+02,1.0790e+02,1.0966e+02,1.1145e+02,1.1322e+02,1.1446e+02,1.1654e+02,1.1770e+02,1.1890e+02,1.2053e+02,1.2186e+02,1.2388e+02,1.2596e+02,1.2792e+02,1.2998e+02,1.3167e+02,1.3337e+02,1.3483e+02,1.3650e+02,1.3740e+02,1.3833e+02,1.3894e+02,1.3941e+02,1.4024e+02,1.4115e+02,1.4212e+02,1.4307e+02,1.4397e+02,1.4501e+02,1.4624e+02,1.4727e+02,1.4860e+02,1.4937e+02,1.5019e+02,1.5115e+02,1.5162e+02,1.5219e+02,1.5197e+02,1.5170e+02
9.2654e+01,9.2616e+01,9.2688e+01,9.2738e+01,9.2889e+01,9.2994e+01,9.2874e+01,9.3064e+01,9.2675e+01,9.2347e+01,9.2064e+01,9.1734e+01,9.1549e+01,9.1304e+01,9.0960e+01,9.0920e+01,9.0531e+01,9.0333e+01,8.9987e+01,9.0009e+01,9.0232e+01,9.0316e+01,9.0675e+01,9.0768e+01,9.0999e+01,9.1496e+01,9.1895e+01,9.1964e+01,9.2346e+01,9.2667e+01,9.3115e+01,9.3490e+01,9.3817e+01,9.4299e+01,9.4529e+01,9.4615e+01,9.5152e+01,9.5344e+01,9.5903e+01,9.6146e+01,9.6604e+01,9.7283e+01,9.8144e+01,9.8744e+01,9.8310e+01,9.7452e+01,9.6644e+01,9.6673e+01,9.5717e+01,9.4953e+01,9.3878e+01,9.3605e+01,9.2687e+01,9.2722e+01,9.1970e+01,9.1449e+01,9.0834e+01,9.0458e+01,9.0025e+01,8.9600e+01,8.9258e+01,8.9021e+01,8.8879e+01,8.8721e+01,8.8611e+01,8.8686e+01,8.8807e+01,8.8957e+01,8.9168e+01,8.9564e+01,8.9698e+01,9.0216e+01,9.0361e+01,9.0221e+01,9.0627e+01,9.1002e+01,9.1769e+01,9.2253e+01,9.3084e+01,9.3616e+01,9.4406e+01,9.5585e+01,9.6379e+01,9.7548e+01,9.8309e+01,9.9397e+01,9.9537e+01,1.0058e+02,1.0149e+02,1.0309e+02,1.0343e+02,1.0430e+02,1.0610e+02,1.0768e+02,1.0944e+02,1.1123e+02,1.1300e+02,1.1424e+02,1.1632e+02,1.1748e+02,1.1868e+02,1.2031e+02,1.2165e+02,1.2366e+02,1.2575e+02,1.2771e+02,1.2977e+02,1.3146e+02,1.3316e+02,1.3462e+02,1.3630e+02,1.3719e+02,1.3813e+02,1.3874e+02,1.3921e+02,1.4005e+02,1.4095e+02,1.4192e+02,1.4287e+02,1.4377e+02,1.4482e+02,1.4605e+02,1.4708e+02,1.4841e+02,1.4918e+02,1.5001e+02,1.5096e+02,1.5143e+02,1.5200e+02,1.5179e+02,1.5151e+02
9.2528e+01,9.2490e+01,9.2564e+01,9.2615e+01,9.2765e+01,9.2870e+01,9.2754e+01,9.2946e+01,9.2556e+01,9.2226e+01,9.1941e+01,9.1608e+01,9.1423e+01,9.1176e+01,9.0829e+01,9.0787e+01,9.0396e+01,9.0194e+01,8.9845e+01,8.9869e+01,9.0092e+01,9.0173e+01,9.0530e+01,9.0619e+01,9.0850e+01,9.1350e+01,9.1747e+01,9.1815e+01,9.2195e+01,9.2514e+01,9.2960e+01,9.3332e+01,9.3656e+01,9.4136e+01,9.4366e+01,9.4453e+01,9.4990e+01,9.5183e+01,9.5742e+01,9.5990e+01,9.6448e+01,9.7130e+01,9.7994e+01,9.8598e+01,9.8164e+01,9.7303e+01,9.6498e+01,9.6528e+01,9.5572e+01,9.4804e+01,9.3727e+01,9.3453e+01,9.2531e+01,9.2559e+01,9.1804e+01,9.1282e+01,9.0671e+01,9.0290e+01,8.9853e+01,8.9432e+01,8.9089e+01,8.8848e+01,8.8710e+01,8.8548e+01,8.8443e+01,8.8524e+01,8.8651e+01,8.8803e+01,8.9019e+01,8.9419e+01,8.9554e+01,9.0075e+01,9.0220e+01,9.0076e+01,9.0481e+01,9.0855e+01,9.1626e+01,9.2111e+01,9.2946e+01,9.3483e+01,9.4274e+01,9.5457e+01,9.6256e+01,9.7427e+01,9.8187e+01,9.9276e+01,9.9414e+01,1.0046e+02,1.0137e+02,1.0297e+02,1.0332e+02,1.0418e+02,1.0599e+02,1.0757e+02,1.0933e+02,1.1113e+02,1.1289e+02,1.1413e+02,1.1621e+02,1.1737e+02,1.1856e+02,1.2020e+02,1.2153e+02,1.2355e+02,1.2563e+02,1.2759e+02,1.2966e+02,1.3135e+02,1.3305e+02,1.3452e+02,1.3620e+02,1.3709e+02,1.3803e+02,1.3864e+02,1.3911e+02,1.3995e+02,1.4085e+02,1.4182e+02,1.4278e+02,1.4368e+02,1.4472e+02,1.4595e+02,1.4699e+02,1.4832e+02,1.4909e+02,1.4991e+02,1.5087e+02,1.5134e+02,1.5191e+02,1.5169e+02,1.5142e+02
9.2251e+01,9.2214e+01,9.2287e+01,9.2339e+01,9.2489e+01,9.2592e+01,9.2477e+01,9.2669e+01,9.2277e+01,9.1945e+01,9.1657e+01,9.1323e+01,9.1136e+01,9.0890e+01,9.0544e+01,9.0504e+01,9.0115e+01,8.9910e+01,8.9560e+01,8.9582e+01,8.9803e+01,8.9884e+01,9.0243e+01,9.0333e+01,9.0566e+01,9.1068e+01,9.1469e+01,9.1539e+01,9.1922e+01,9.2242e+01,9.2689e+01,9.3063e+01,9.3388e+01,9.3871e+01,9.4100e+01,9.4187e+01,9.4727e+01,9.4919e+01,9.5482e+01,9.5731e+01,9.6193e+01,9.6875e+01,9.7744e+01,9.8350e+01,9.7914e+01,9.7050e+01,9.6240e+01,9.6269e+01,9.5310e+01,9.4541e+01,9.3460e+01,9.3185e+01,9.2261e+01,9.2291e+01,9.1533e+01,9.1011e+01,9.0396e+01,9.0016e+01,8.9576e+01,8.9152e+01,8.8806e+01,8.8565e+01,8.8425e+01,8.8262e+01,8.8155e+01,8.8235e+01,8.8362e+01,8.8512e+01,8.8729e+01,8.9130e+01,8.9265e+01,8.9789e+01,8.9935e+01,8.9792e+01,9.0199e+01,9.0571e+01,9.1345e+01,9.1834e+01,9.2671e+01,9.3209e+01,9.4002e+01,9.5190e+01,9.5992e+01,9.7168e+01,9.7930e+01,9.9023e+01,9.9160e+01,1.0021e+02,1.0112e+02,1.0272e+02,1.0307e+02,1.0394e+02,1.0576e+02,1.0734e+02,1.0911e+02,1.1091e+02,1.1267e+02,1.1392e+02,1.1600e+02,1.1716e+02,1.1835e+02,1.2000e+02,1.2133e+02,1.2335e+02,1.2544e+02,1.2740e+02,1.2947e+02,1.3115e+02,1.3286e+02,1.3433e+02,1.3601e+02,1.3691e+02,1.3785e+02,1.3846e+02,1.3893e+02,1.3977e+02,1.4068e+02,1.4165e+02,1.4260e+02,1.4350e+02,1.4455e+02,1.4578e+02,1.4682e+02,1.4815e+02,1.4892e+02,1.4975e+02,1.5070e+02,1.5118e+02,1.5174e+02,1.5153e+02,1.5126e+02
9.1908e+01,9.1871e+01,9.1945e+01,9.1996e+01,9.2145e+01,9.2247e+01,9.2131e+01,9.2326e+01,9.1935e+01,9.1604e+01,9.1314e+01,9.0980e+01,9.0792e+01,9.0551e+01,9.0204e+01,9.0167e+01,8.9780e+01,8.9575e+01,8.9223e+01,8.9241e+01,8.9459e+01,8.9538e+01,8.9899e+01,8.9989e+01,9.0223e+01,9.0726e+01,9.1130e+01,9.1201e+01,9.1587e+01,9.1911e+01,9.2360e+01,9.2737e+01,9.3065e+01,9.3552e+01,9.3778e+01,9.3864e+01,9.4407e+01,9.4599e+01,9.5165e+01,9.5413e+01,9.5879e+01,9.6560e+01,9.7431e+01,9.8040e+01,9.7601e+01,9.6735e+01,9.5918e+01,9.5944e+01,9.4983e+01,9.4216e+01,9.3134e+01,9.2856e+01,9.1932e+01,9.1968e+01,9.1210e+01,9.0687e+01,9.0068e+01,8.9688e+01,8.9246e+01,8.8817e+01,8.8466e+01,8.8226e+01,8.8083e+01,8.7918e+01,8.7807e+01,8.7884e+01,8.8008e+01,8.8156e+01,8.8373e+01,8.8772e+01,8.8910e+01,8.9435e+01,8.9583e+01,8.9444e+01,8.9853e+01,9.0227e+01,9.1001e+01,9.1493e+01,9.2331e+01,9.2868e+01,9.3661e+01,9.4853e+01,9.5656e+01,9.6837e+01,9.7602e+01,9.8701e+01,9.8838e+01,9.9888e+01,1.0080e+02,1.0241e+02,1.0276e+02,1.0364e+02,1.0546e+02,1.0705e+02,1.0883e+02,1.1063e+02,1.1241e+02,1.1365e+02,1.1575e+02,1.1691e+02,1.1811e+02,1.1977e+02,1.2111e+02,1.2313e+02,1.2523e+02,1.2719e+02,1.2927e+02,1.3096e+02,1.3267e+02,1.3415e+02,1.3583e+02,1.3673e+02,1.3767e+02,1.3829e+02,1.3876e+02,1.3960e+02,1.4051e+02,1.4148e+02,1.4244e+02,1.4334e+02,1.4439e+02,1.4562e+02,1.4666e+02,1.4800e+02,1.4877e+02,1.4960e+02,1.5056e+02,1.5103e+02,1.5160e+02,1.5138e+02,1.5111e+02
9.1668e+01,9.1629e+01,9.1702e+01,9.1752e+01,9.1898e+01,9.1998e+01,9.1883e+01,9.2080e+01,9.1690e+01,9.1357e+01,9.1066e+01,9.0731e+01,9.0541e+01,9.0302e+01,8.9955e+01,8.9924e+01,8.9541e+01,8.9336e+01,8.8982e+01,8.8998e+01,8.9214e+01,8.9295e+01,8.9659e+01,8.9753e+01,8.9994e+01,9.0500e+01,9.0911e+01,9.0984e+01,9.1374e+01,9.1702e+01,9.2152e+01,9.2533e+01,9.2864e+01,9.3356e+01,9.3583e+01,9.3673e+01,9.4224e+01,9.4418e+01,9.4990e+01,9.5239e+01,9.5708e+01,9.6391e+01,9.7266e+01,9.7876e+01,9.7430e+01,9.6559e+01,9.5731e+01,9.5749e+01,9.4782e+01,9.4012e+01,9.2926e+01,9.2641e+01,9.1715e+01,9.1753e+01,9.0992e+01,9.0471e+01,8.9847e+01,8.9467e+01,8.9017e+01,8.8584e+01,8.8227e+01,8.7984e+01,8.7837e+01,8.7668e+01,8.7549e+01,8.7625e+01,8.7745e+01,8.7886e+01,8.8107e+01,8.8504e+01,8.8647e+01,8.9173e+01,8.9327e+01,8.9195e+01,8.9610e+01,8.9982e+01,9.0757e+01,9.1259e+01,9.2097e+01,9.2630e+01,9.3421e+01,9.4618e+01,9.5421e+01,9.6607e+01,9.7374e+01,9.8480e+01,9.8614e+01,9.9661e+01,1.0057e+02,1.0219e+02,1.0255e+02,1.0342e+02,1.0525e+02,1.0685e+02,1.0863e+02,1.1044e+02,1.1222e+02,1.1346e+02,1.1556e+02,1.1673e+02,1.1793e+02,1.1959e+02,1.2093e+02,1.2296e+02,1.2506e+02,1.2703e+02,1.2911e+02,1.3080e+02,1.3252e+02,1.3400e+02,1.3568e+02,1.3658e+02,1.3753e+02,1.3815e+02,1.3861e+02,1.3946e+02,1.4038e+02,1.4134e+02,1.4230e+02,1.4320e+02,1.4425e+02,1.4549e+02,1.4653e+02,1.4786e+02,1.4864e+02,1.4947e+02,1.5043e+02,1.5090e+02,1.5147e+02,1.5126e+02,1.5098e+02
9.1530e+01,9.1493e+01,9.1569e+01,9.1621e+01,9.1767e+01,9.1867e+01,9.1755e+01,9.1955e+01,9.1568e+01,9.1234e+01,9.0941e+01,9.0605e+01,9.0415e+01,9.0175e+01,8.9824e+01,8.9794e+01,8.9411e+01,8.9203e+01,8.8847e+01,8.8864e+01,8.9079e+01,8.9158e+01,8.9522e+01,8.9615e+01,8.9860e+01,9.0368e+01,9.0780e+01,9.0856e+01,9.1244e+01,9.1573e+01,9.2022e+01,9.2403e+01,9.2737e+01,9.3230e+01,9.3460e+01,9.3551e+01,9.4102e+01,9.4297e+01,9.4870e+01,9.5121e+01,9.5589e+01,9.6273e+01,9.7150e+01,9.7759e+01,9.7308e+01,9.6434e+01,9.5603e+01,9.5617e+01,9.4647e+01,9.3873e+01,9.2785e+01,9.2496e+01,9.1569e+01,9.1602e+01,9.0842e+01,9.0324e+01,8.9703e+01,8.9323e+01,8.8871e+01,8.8442e+01,8.8085e+01,8.7843e+01,8.7699e+01,8.7528e+01,8.7409e+01,8.7488e+01,8.7609e+01,8.7750e+01,8.7975e+01,8.8375e+01,8.8519e+01,8.9049e+01,8.9205e+01,8.9073e+01,8.9492e+01,8.9864e+01,9.0642e+01,9.1148e+01,9.1988e+01,9.2522e+01,9.3315e+01,9.4516e+01,9.5320e+01,9.6510e+01,9.7280e+01,9.8390e+01,9.8524e+01,9.9574e+01,1.0049e+02,1.0211e+02,1.0247e+02,1.0335e+02,1.0518e+02,1.0678e+02,1.0856e+02,1.1038e+02,1.1216e+02,1.1340e+02,1.1550e+02,1.1667e+02,1.1787e+02,1.1953e+02,1.2087e+02,1.2289e+02,1.2499e+02,1.2696e+02,1.2904e+02,1.3073e+02,1.3245e+02,1.3393e+02,1.3561e+02,1.3652e+02,1.3747e+02,1.3809e+02,1.3855e+02,1.3939e+02,1.4031e+02,1.4128e+02,1.4224e+02,1.4314e+02,1.4419e+02,1.4542e+02,1.4646e+02,1.4780e+02,1.4857e+02,1.4940e+02,1.5036e+02,1.5084e+02,1.5140e+02,1.5119e+02,1.5092e+02
9.1307e+01,9.1270e+01,9.1345e+01,9.1394e+01,9.1539e+01,9.1635e+01,9.1525e+01,9.1724e+01,9.1336e+01,9.1003e+01,9.0707e+01,9.0372e+01,9.0182e+01,8.9946e+01,8.9593e+01,8.9564e+01,8.9179e+01,8.8968e+01,8.8609e+01,8.8623e+01,8.8838e+01,8.8919e+01,8.9285e+01,8.9379e+01,8.9628e+01,9.0138e+01,9.0553e+01,9.0628e+01,9.1017e+01,9.1349e+01,9.1799e+01,9.2180e+01,9.2515e+01,9.3009e+01,9.3242e+01,9.3336e+01,9.3891e+01,9.4088e+01,9.4663e+01,9.4914e+01,9.5386e+01,9.6071e+01,9.6952e+01,9.7562e+01,9.7107e+01,9.6229e+01,9.5392e+01,9.5401e+01,9.4426e+01,9.3650e+01,9.2558e+01,9.2264e+01,9.1333e+01,9.1367e+01,9.0605e+01,9.0090e+01,8.9465e+01,8.9083e+01,8.8626e+01,8.8195e+01,8.7833e+01,8.7589e+01,8.7441e+01,8.7265e+01,8.7142e+01,8.7223e+01,8.7344e+01,8.7482e+01,8.7711e+01,8.8111e+01,8.8260e+01,8.8793e+01,8.8953e+01,8.8826e+01,8.9248e+01,8.9621e+01,9.0401e+01,9.0914e+01,9.1756e+01,9.2289e+01,9.3081e+01,9.4287e+01,9.5094e+01,9.6289e+01,9.7060e+01,9.8177e+01,9.8307e+01,9.9356e+01,1.0027e+02,1.0189e+02,1.0226e+02,1.0314e+02,1.0498e+02,1.0658e+02,1.0837e+02,1.1019e+02,1.1197e+02,1.1322e+02,1.1532e+02,1.1649e+02,1.1770e+02,1.1936e+02,1.2070e+02,1.2272e+02,1.2482e+02,1.2679e+02,1.2888e+02,1.3057e+02,1.3229e+02,1.3378e+02,1.3546e+02,1.3637e+02,1.3732e+02,1.3794e+02,1.3840e+02,1.3925e+02,1.4017e+02,1.4114e+02,1.4210e+02,1.4300e+02,1.4405e+02,1.4529e+02,1.4633e+02,1.4767e+02,1.4845e+02,1.4928e+02,1.5024e+02,1.5072e+02,1.5128e+02,1.5107e+02,1.5080e+02
9.1031e+01,9.0992e+01,9.1064e+01,9.1112e+01,9.1254e+01,9.1350e+01,9.1240e+01,9.1442e+01,9.1056e+01,9.0724e+01,9.0427e+01,9.0090e+01,8.9902e+01,8.9670e+01,8.9317e+01,8.9288e+01,8.8906e+01,8.8692e+01,8.8330e+01,8.8340e+01,8.8549e+01,8.8630e+01,8.8997e+01,8.9094e+01,8.9345e+01,8.9856e+01,9.0277e+01,9.0356e+01,9.0748e+01,9.1082e+01,9.1534e+01,9.1921e+01,9.2260e+01,9.2757e+01,9.2989e+01,9.3083e+01,9.3644e+01,9.3844e+01,9.4423e+01,9.4674e+01,9.5149e+01,9.5835e+01,9.6717e+01,9.7330e+01,9.6872e+01,9.5992e+01,9.5146e+01,9.5153e+01,9.4172e+01,9.3398e+01,9.2302e+01,9.2003e+01,9.1072e+01,9.1113e+01,9.0349e+01,8.9834e+01,8.9202e+01,8.8824e+01,8.8363e+01,8.7924e+01,8.7557e+01,8.7312e+01,8.7157e+01,8.6979e+01,8.6850e+01,8.6927e+01,8.7044e+01,8.7178e+01,8.7407e+01,8.7807e+01,8.7960e+01,8.8495e+01,8.8661e+01,8.8538e+01,8.8966e+01,8.9339e+01,9.0122e+01,9.0641e+01,9.1484e+01,9.2016e+01,9.2808e+01,9.4020e+01,9.4828e+01,9.6030e+01,9.6805e+01,9.7929e+01,9.8059e+01,9.9109e+01,1.0002e+02,1.0165e+02,1.0203e+02,1.0292e+02,1.0476e+02,1.0637e+02,1.0816e+02,1.0999e+02,1.1178e+02,1.1303e+02,1.1514e+02,1.1631e+02,1.1752e+02,1.1919e+02,1.2053e+02,1.2256e+02,1.2467e+02,1.2664e+02,1.2873e+02,1.3042e+02,1.3215e+02,1.3364e+02,1.3533e+02,1.3624e+02,1.3719e+02,1.3781e+02,1.3827e+02,1.3913e+02,1.4005e+02,1.4102e+02,1.4198e+02,1.4288e+02,1.4394e+02,1.4517e+02,1.4621e+02,1.4756e+02,1.4833e+02,1.4917e+02,1.5013e+02,1.5061e+02,1.5118e+02,1.5097e+02,1.5069e+02
9.0971e+01,9.0933e+01,9.1006e+01,9.1055e+01,9.1197e+01,9.1291e+01,9.1184e+01,9.1388e+01,9.1003e+01,9.0670e+01,9.0370e+01,9.0029e+01,8.9839e+01,8.9610e+01,8.9257e+01,8.9230e+01,8.8848e+01,8.8633e+01,8.8268e+01,8.8272e+01,8.8478e+01,8.8558e+01,8.8927e+01,8.9026e+01,8.9280e+01,8.9793e+01,9.0217e+01,9.0295e+01,9.0688e+01,9.1025e+01,9.1476e+01,9.1867e+01,9.2206e+01,9.2707e+01,9.2937e+01,9.3034e+01,9.3598e+01,9.3802e+01,9.4385e+01,9.4637e+01,9.5115e+01,9.5800e+01,9.6683e+01,9.7295e+01,9.6833e+01,9.5953e+01,9.5102e+01,9.5105e+01,9.4121e+01,9.3347e+01,9.2248e+01,9.1944e+01,9.1013e+01,9.1056e+01,9.0291e+01,8.9778e+01,8.9143e+01,8.8764e+01,8.8300e+01,8.7858e+01,8.7485e+01,8.7239e+01,8.7079e+01,8.6896e+01,8.6765e+01,8.6842e+01,8.6960e+01,8.7091e+01,8.7323e+01,8.7722e+01,8.7878e+01,8.8414e+01,8.8583e+01,8.8463e+01,8.8893e+01,8.9265e+01,9.0048e+01,9.0572e+01,9.1415e+01,9.1945e+01,9.2736e+01,9.3951e+01,9.4760e+01,9.5965e+01,9.6741e+01,9.7868e+01,9.7996e+01,9.9048e+01,9.9962e+01,1.0160e+02,1.0197e+02,1.0286e+02,1.0471e+02,1.0632e+02,1.0811e+02,1.0994e+02,1.1173e+02,1.1298e+02,1.1509e+02,1.1627e+02,1.1748e+02,1.1914e+02,1.2049e+02,1.2252e+02,1.2463e+02,1.2660e+02,1.2869e+02,1.3038e+02,1.3210e+02,1.3360e+02,1.3528e+02,1.3620e+02,1.3716e+02,1.3778e+02,1.3824e+02,1.3909e+02,1.4002e+02,1.4098e+02,1.4195e+02,1.4285e+02,1.4390e+02,1.4513e+02,1.4618e+02,1.4752e+02,1.4830e+02,1.4913e+02,1.5010e+02,1.5058e+02,1.5115e+02,1.5093e+02,1.5066e+02
9.0729e+01,9.0689e+01,9.0761e+01,9.0806e+01,9.0944e+01,9.1037e+01,9.0928e+01,9.1134e+01,9.0749e+01,9.0419e+01,9.0118e+01,8.9779e+01,8.9589e+01,8.9363e+01,8.9013e+01,8.8989e+01,8.8611e+01,8.8397e+01,8.8031e+01,8.8031e+01,8.8233e+01,8.8315e+01,8.8688e+01,8.8790e+01,8.9047e+01,8.9561e+01,8.9989e+01,9.0071e+01,9.0468e+01,9.0808e+01,9.1260e+01,9.1658e+01,9.1998e+01,9.2501e+01,9.2730e+01,9.2828e+01,9.3397e+01,9.3603e+01,9.4188e+01,9.4438e+01,9.4917e+01,9.5602e+01,9.6484e+01,9.7097e+01,9.6637e+01,9.5756e+01,9.4900e+01,9.4902e+01,9.3916e+01,9.3144e+01,9.2042e+01,9.1736e+01,9.0803e+01,9.0851e+01,9.0084e+01,8.9570e+01,8.8927e+01,8.8550e+01,8.8083e+01,8.7632e+01,8.7253e+01,8.7005e+01,8.6837e+01,8.6650e+01,8.6513e+01,8.6585e+01,8.6700e+01,8.6825e+01,8.7056e+01,8.7453e+01,8.7610e+01,8.8146e+01,8.8318e+01,8.8202e+01,8.8636e+01,8.9007e+01,8.9791e+01,9.0318e+01,9.1161e+01,9.1688e+01,9.2478e+01,9.3696e+01,9.4504e+01,9.5712e+01,9.6490e+01,9.7621e+01,9.7749e+01,9.8799e+01,9.9714e+01,1.0135e+02,1.0173e+02,1.0262e+02,1.0448e+02,1.0608e+02,1.0788e+02,1.0972e+02,1.1151e+02,1.1276e+02,1.1488e+02,1.1606e+02,1.1728e+02,1.1895e+02,1.2030e+02,1.2233e+02,1.2445e+02,1.2642e+02,1.2852e+02,1.3021e+02,1.3194e+02,1.3343e+02,1.3512e+02,1.3603e+02,1.3699e+02,1.3762e+02,1.3808e+02,1.3893e+02,1.3986e+02,1.4083e+02,1.4179e+02,1.4269e+02,1.4375e+02,1.4498e+02,1.4603e+02,1.4738e+02,1.4815e+02,1.4899e+02,1.4995e+02,1.5043e+02,1.5100e+02,1.5079e+02,1.5051e+02
9.0481e+01,9.0442e+01,9.0518e+01,9.0564e+01,9.0705e+01,9.0798e+01,9.0690e+01,9.0897e+01,9.0511e+01,9.0182e+01,8.9880e+01,8.9541e+01,8.9352e+01,8.9124e+01,8.8770e+01,8.8744e+01,8.8363e+01,8.8147e+01,8.7778e+01,8.7777e+01,8.7982e+01,8.8065e+01,8.8438e+01,8.8540e+01,8.8797e+01,8.9314e+01,8.9740e+01,8.9822e+01,9.0218e+01,9.0555e+01,9.1008e+01,9.1405e+01,9.1743e+01,9.2245e+01,9.2476e+01,9.2580e+01,9.3153e+01,9.3360e+01,9.3949e+01,9.4201e+01,9.4683e+01,9.5372e+01,9.6256e+01,9.6870e+01,9.6409e+01,9.5526e+01,9.4668e+01,9.4672e+01,9.3681e+01,9.2902e+01,9.1794e+01,9.1486e+01,9.0547e+01,9.0590e+01,8.9816e+01,8.9301e+01,8.8657e+01,8.8277e+01,8.7805e+01,8.7353e+01,8.6969e+01,8.6720e+01,8.6553e+01,8.6362e+01,8.6224e+01,8.6300e+01,8.6418e+01,8.6542e+01,8.6777e+01,8.7176e+01,8.7334e+01,8.7873e+01,8.8044e+01,8.7929e+01,8.8362e+01,8.8731e+01,8.9517e+01,9.0047e+01,9.0891e+01,9.1421e+01,9.2210e+01,9.3430e+01,9.4242e+01,9.5450e+01,9.6226e+01,9.7357e+01,9.7482e+01,9.8531e+01,9.9444e+01,1.0108e+02,1.0146e+02,1.0236e+02,1.0421e+02,1.0582e+02,1.0762e+02,1.0946e+02,1.1125e+02,1.1251e+02,1.1463e+02,1.1581e+02,1.1703e+02,1.1870e+02,1.2005e+02,1.2209e+02,1.2421e+02,1.2619e+02,1.2829e+02,1.2998e+02,1.3172e+02,1.3321e+02,1.3490e+02,1.3582e+02,1.3677e+02,1.3740e+02,1.3787e+02,1.3872e+02,1.3965e+02,1.4062e+02,1.4159e+02,1.4249e+02,1.4355e+02,1.4479e+02,1.4584e+02,1.4719e+02,1.4797e+02,1.4880e+02,1.4977e+02,1.5025e+02,1.5082e+02,1.5060e+02,1.5033e+02
9.0280e+01,9.0244e+01,9.0322e+01,9.0370e+01,9.0515e+01,9.0610e+01,9.0503e+01,9.0711e+01,9.0323e+01,8.9992e+01,8.9688e+01,8.9350e+01,8.9162e+01,8.8932e+01,8.8573e+01,8.8545e+01,8.8161e+01,8.7942e+01,8.7572e+01,8.7573e+01,8.7783e+01,8.7868e+01,8.8242e+01,8.8342e+01,8.8599e+01,8.9120e+01,8.9545e+01,8.9628e+01,9.0021e+01,9.0357e+01,9.0811e+01,9.1208e+01,9.1549e+01,9.2052e+01,9.2288e+01,9.2394e+01,9.2968e+01,9.3177e+01,9.3767e+01,9.4022e+01,9.4504e+01,9.5198e+01,9.6085e+01,9.6701e+01,9.6237e+01,9.5351e+01,9.4493e+01,9.4498e+01,9.3502e+01,9.2712e+01,9.1597e+01,9.1286e+01,9.0339e+01,9.0374e+01,8.9594e+01,8.9081e+01,8.8437e+01,8.8054e+01,8.7578e+01,8.7130e+01,8.6744e+01,8.6493e+01,8.6329e+01,8.6134e+01,8.5999e+01,8.6081e+01,8.6204e+01,8.6330e+01,8.6570e+01,8.6971e+01,8.7128e+01,8.7673e+01,8.7841e+01,8.7724e+01,8.8156e+01,8.8522e+01,8.9310e+01,8.9842e+01,9.0687e+01,9.1220e+01,9.2009e+01,9.3230e+01,9.4045e+01,9.5251e+01,9.6024e+01,9.7152e+01,9.7275e+01,9.8325e+01,9.9237e+01,1.0087e+02,1.0125e+02,1.0215e+02,1.0401e+02,1.0562e+02,1.0741e+02,1.0925e+02,1.1105e+02,1.1230e+02,1.1442e+02,1.1560e+02,1.1682e+02,1.1850e+02,1.1985e+02,1.2189e+02,1.2401e+02,1.2599e+02,1.2809e+02,1.2979e+02,1.3152e+02,1.3302e+02,1.3471e+02,1.3562e+02,1.3658e+02,1.3721e+02,1.3767e+02,1.3853e+02,1.3946e+02,1.4042e+02,1.4140e+02,1.4230e+02,1.4336e+02,1.4460e+02,1.4565e+02,1.4700e+02,1.4778e+02,1.4861e+02,1.4958e+02,1.5006e+02,1.5063e+02,1.5042e+02,1.5014e+02
9.0042e+01,9.0006e+01,9.0088e+01,9.0138e+01,9.0286e+01,9.0383e+01,9.0276e+01,9.0486e+01,9.0099e+01,8.9770e+01,8.9465e+01,8.9129e+01,8.8941e+01,8.8711e+01,8.8350e+01,8.8321e+01,8.7937e+01,8.7715e+01,8.7342e+01,8.7343e+01,8.7555e+01,8.7642e+01,8.8019e+01,8.8118e+01,8.8375e+01,8.8898e+01,8.9322e+01,8.9403e+01,8.9796e+01,9.0131e+01,9.0585e+01,9.0982e+01,9.1323e+01,9.1826e+01,9.2064e+01,9.2173e+01,9.2748e+01,9.2956e+01,9.3546e+01,9.3800e+01,9.4282e+01,9.4977e+01,9.5865e+01,9.6483e+01,9.6019e+01,9.5130e+01,9.4270e+01,9.4277e+01,9.3276e+01,9.2482e+01,9.1364e+01,9.1053e+01,9.0104e+01,9.0136e+01,8.9354e+01,8.8841e+01,8.8197e+01,8.7814e+01,8.7335e+01,8.6888e+01,8.6501e+01,8.6251e+01,8.6088e+01,8.5892e+01,8.5756e+01,8.5838e+01,8.5961e+01,8.6086e+01,8.6328e+01,8.6731e+01,8.6888e+01,8.7434e+01,8.7604e+01,8.7488e+01,8.7921e+01,8.8287e+01,8.9076e+01,8.9610e+01,9.0455e+01,9.0987e+01,9.1776e+01,9.2997e+01,9.3812e+01,9.5018e+01,9.5791e+01,9.6920e+01,9.7042e+01,9.8091e+01,9.9001e+01,1.0064e+02,1.0102e+02,1.0191e+02,1.0377e+02,1.0539e+02,1.0718e+02,1.0903e+02,1.1082e+02,1.1208e+02,1.1420e+02,1.1538e+02,1.1661e+02,1.1829e+02,1.1964e+02,1.2169e+02,1.2381e+02,1.2580e+02,1.2791e+02,1.2961e+02,1.3135e+02,1.3285e+02,1.3454e+02,1.3546e+02,1.3641e+02,1.3704e+02,1.3751e+02,1.3836e+02,1.3929e+02,1.4026e+02,1.4124e+02,1.4214e+02,1.4321e+02,1.4445e+02,1.4550e+02,1.4685e+02,1.4763e+02,1.4847e+02,1.4944e+02,1.4992e+02,1.5049e+02,1.5028e+02,1.5000e+02
8.9835e+01,8.9796e+01,8.9880e+01,8.9934e+01,9.0084e+01,9.0182e+01,9.0076e+01,9.0286e+01,8.9899e+01,8.9569e+01,8.9262e+01,8.8924e+01,8.8735e+01,8.8501e+01,8.8137e+01,8.8111e+01,8.7726e+01,8.7504e+01,8.7128e+01,8.7130e+01,8.7346e+01,8.7435e+01,8.7816e+01,8.7916e+01,8.8177e+01,8.8703e+01,8.9129e+01,8.9214e+01,8.9605e+01,8.9937e+01,9.0390e+01,9.0788e+01,9.1129e+01,9.1632e+01,9.1872e+01,9.1986e+01,9.2565e+01,9.2774e+01,9.3366e+01,9.3621e+01,9.4103e+01,9.4800e+01,9.5688e+01,9.6305e+01,9.5838e+01,9.4945e+01,9.4083e+01,9.4088e+01,9.3084e+01,9.2285e+01,9.1165e+01,9.0852e+01,8.9899e+01,8.9927e+01,8.9140e+01,8.8626e+01,8.7982e+01,8.7595e+01,8.7112e+01,8.6666e+01,8.6275e+01,8.6022e+01,8.5859e+01,8.5658e+01,8.5521e+01,8.5606e+01,8.5733e+01,8.5856e+01,8.6102e+01,8.6506e+01,8.6664e+01,8.7213e+01,8.7382e+01,8.7265e+01,8.7698e+01,8.8062e+01,8.8853e+01,8.9388e+01,9.0235e+01,9.0771e+01,9.1561e+01,9.2784e+01,9.3603e+01,9.4810e+01,9.5582e+01,9.6712e+01,9.6833e+01,9.7882e+01,9.8793e+01,1.0043e+02,1.0082e+02,1.0171e+02,1.0357e+02,1.0519e+02,1.0699e+02,1.0883e+02,1.1063e+02,1.1188e+02,1.1401e+02,1.1520e+02,1.1642e+02,1.1810e+02,1.1946e+02,1.2150e+02,1.2363e+02,1.2562e+02,1.2773e+02,1.2943e+02,1.3118e+02,1.3268e+02,1.3437e+02,1.3529e+02,1.3624e+02,1.3688e+02,1.3734e+02,1.3820e+02,1.3913e+02,1.4010e+02,1.4108e+02,1.4199e+02,1.4305e+02,1.4429e+02,1.4534e+02,1.4670e+02,1.4748e+02,1.4832e+02,1.4929e+02,1.4977e+02,1.5034e+02,1.5013e+02,1.4985e+02
8.9649e+01,8.9611e+01,8.9699e+01,8.9753e+01,8.9908e+01,9.0006e+01,8.9898e+01,9.0107e+01,8.9716e+01,8.9385e+01,8.9077e+01,8.8738e+01,8.8547e+01,8.8310e+01,8.7945e+01,8.7917e+01,8.7530e+01,8.7308e+01,8.6931e+01,8.6932e+01,8.7150e+01,8.7241e+01,8.7624e+01,8.7724e+01,8.7983e+01,8.8508e+01,8.8934e+01,8.9017e+01,8.9408e+01,8.9738e+01,9.0191e+01,9.0588e+01,9.0930e+01,9.1431e+01,9.1673e+01,9.1790e+01,9.2371e+01,9.2581e+01,9.3174e+01,9.3431e+01,9.3914e+01,9.4614e+01,9.5502e+01,9.6122e+01,9.5655e+01,9.4760e+01,9.3900e+01,9.3908e+01,9.2901e+01,9.2099e+01,9.0976e+01,9.0665e+01,8.9708e+01,8.9734e+01,8.8943e+01,8.8426e+01,8.7780e+01,8.7390e+01,8.6904e+01,8.6458e+01,8.6065e+01,8.5810e+01,8.5647e+01,8.5444e+01,8.5307e+01,8.5394e+01,8.5522e+01,8.5645e+01,8.5892e+01,8.6297e+01,8.6453e+01,8.7003e+01,8.7170e+01,8.7052e+01,8.7482e+01,8.7845e+01,8.8636e+01,8.9171e+01,9.0018e+01,9.0555e+01,9.1345e+01,9.2568e+01,9.3388e+01,9.4594e+01,9.5364e+01,9.6493e+01,9.6613e+01,9.7663e+01,9.8574e+01,1.0021e+02,1.0060e+02,1.0149e+02,1.0335e+02,1.0496e+02,1.0676e+02,1.0861e+02,1.1040e+02,1.1166e+02,1.1379e+02,1.1497e+02,1.1620e+02,1.1788e+02,1.1924e+02,1.2129e+02,1.2342e+02,1.2542e+02,1.2753e+02,1.2924e+02,1.3099e+02,1.3249e+02,1.3418e+02,1.3510e+02,1.3606e+02,1.3669e+02,1.3716e+02,1.3802e+02,1.3895e+02,1.3992e+02,1.4090e+02,1.4181e+02,1.4288e+02,1.4412e+02,1.4517e+02,1.4653e+02,1.4731e+02,1.4815e+02,1.4912e+02,1.4960e+02,1.5017e+02,1.4996e+02,1.4969e+02
8.9540e+01,8.9502e+01,8.9590e+01,8.9644e+01,8.9798e+01,8.9895e+01,8.9787e+01,8.9994e+01,8.9603e+01,8.9273e+01,8.8963e+01,8.8624e+01,8.8431e+01,8.8194e+01,8.7828e+01,8.7804e+01,8.7418e+01,8.7198e+01,8.6818e+01,8.6818e+01,8.7033e+01,8.7126e+01,8.7513e+01,8.7616e+01,8.7878e+01,8.8402e+01,8.8829e+01,8.8910e+01,8.9302e+01,8.9633e+01,9.0086e+01,9.0483e+01,9.0826e+01,9.1328e+01,9.1571e+01,9.1689e+01,9.2273e+01,9.2485e+01,9.3080e+01,9.3338e+01,9.3822e+01,9.4522e+01,9.5409e+01,9.6028e+01,9.5559e+01,9.4662e+01,9.3798e+01,9.3804e+01,9.2796e+01,9.1993e+01,9.0870e+01,9.0558e+01,8.9601e+01,8.9628e+01,8.8837e+01,8.8320e+01,8.7673e+01,8.7283e+01,8.6794e+01,8.6347e+01,8.5951e+01,8.5695e+01,8.5530e+01,8.5325e+01,8.5183e+01,8.5269e+01,8.5395e+01,8.5514e+01,8.5764e+01,8.6169e+01,8.6329e+01,8.6882e+01,8.7052e+01,8.6939e+01,8.7373e+01,8.7736e+01,8.8528e+01,8.9068e+01,8.9917e+01,9.0454e+01,9.1243e+01,9.2469e+01,9.3291e+01,9.4500e+01,9.5271e+01,9.6404e+01,9.6523e+01,9.7572e+01,9.8482e+01,1.0012e+02,1.0051e+02,1.0141e+02,1.0328e+02,1.0489e+02,1.0669e+02,1.0854e+02,1.1034e+02,1.1160e+02,1.1373e+02,1.1491e+02,1.1614e+02,1.1782e+02,1.1918e+02,1.2123e+02,1.2337e+02,1.2536e+02,1.2748e+02,1.2919e+02,1.3094e+02,1.3244e+02,1.3413e+02,1.3505e+02,1.3601e+02,1.3665e+02,1.3711e+02,1.3797e+02,1.3891e+02,1.3988e+02,1.4086e+02,1.4177e+02,1.4283e+02,1.4408e+02,1.4513e+02,1.4648e+02,1.4727e+02,1.4811e+02,1.4908e+02,1.4956e+02,1.5013e+02,1.4992e+02,1.4964e+02
8.9453e+01,8.9416e+01,8.9505e+01,8.9558e+01,8.9714e+01,8.9810e+01,8.9704e+01,8.9909e+01,8.9516e+01,8.9184e+01,8.8871e+01,8.8530e+01,8.8337e+01,8.8099e+01,8.7730e+01,8.7705e+01,8.7317e+01,8.7094e+01,8.6712e+01,8.6710e+01,8.6928e+01,8.7022e+01,8.7414e+01,8.7515e+01,8.7779e+01,8.8306e+01,8.8736e+01,8.8817e+01,8.9208e+01,8.9538e+01,8.9991e+01,9.0385e+01,9.0725e+01,9.1226e+01,9.1469e+01,9.1591e+01,9.2178e+01,9.2390e+01,9.2987e+01,9.3251e+01,9.3737e+01,9.4441e+01,9.5329e+01,9.5949e+01,9.5479e+01,9.4578e+01,9.3714e+01,9.3722e+01,9.2709e+01,9.1897e+01,9.0769e+01,9.0455e+01,8.9493e+01,8.9512e+01,8.8717e+01,8.8201e+01,8.7554e+01,8.7162e+01,8.6669e+01,8.6224e+01,8.5826e+01,8.5568e+01,8.5405e+01,8.5194e+01,8.5055e+01,8.5145e+01,8.5276e+01,8.5394e+01,8.5651e+01,8.6060e+01,8.6220e+01,8.6779e+01,8.6950e+01,8.6836e+01,8.7271e+01,8.7632e+01,8.8428e+01,8.8973e+01,8.9825e+01,9.0366e+01,9.1156e+01,9.2387e+01,9.3215e+01,9.4426e+01,9.5196e+01,9.6330e+01,9.6444e+01,9.7494e+01,9.8403e+01,1.0005e+02,1.0044e+02,1.0134e+02,1.0321e+02,1.0483e+02,1.0663e+02,1.0848e+02,1.1028e+02,1.1153e+02,1.1366e+02,1.1485e+02,1.1607e+02,1.1775e+02,1.1911e+02,1.2115e+02,1.2328e+02,1.2528e+02,1.2740e+02,1.2910e+02,1.3084e+02,1.3235e+02,1.3405e+02,1.3497e+02,1.3593e+02,1.3657e+02,1.3704e+02,1.3790e+02,1.3883e+02,1.3981e+02,1.4078e+02,1.4169e+02,1.4276e+02,1.4400e+02,1.4505e+02,1.4640e+02,1.4719e+02,1.4803e+02,1.4900e+02,1.4948e+02,1.5005e+02,1.4984e+02,1.4956e+02
8.9232e+01,8.9194e+01,8.9283e+01,8.9337e+01,8.9495e+01,8.9591e+01,8.9484e+01,8.9688e+01,8.9295e+01,8.8964e+01,8.8647e+01,8.8304e+01,8.8108e+01,8.7870e+01,8.7500e+01,8.7475e+01,8.7085e+01,8.6860e+01,8.6475e+01,8.6471e+01,8.6691e+01,8.6786e+01,8.7181e+01,8.7283e+01,8.7549e+01,8.8079e+01,8.8509e+01,8.8592e+01,8.8983e+01,8.9311e+01,8.9764e+01,9.0157e+01,9.0493e+01,9.0993e+01,9.1232e+01,9.1357e+01,9.1946e+01,9.2159e+01,9.2761e+01,9.3027e+01,9.3515e+01,9.4220e+01,9.5109e+01,9.5729e+01,9.5259e+01,9.4354e+01,9.3489e+01,9.3497e+01,9.2481e+01,9.1665e+01,9.0534e+01,9.0218e+01,8.9252e+01,8.9269e+01,8.8471e+01,8.7954e+01,8.7305e+01,8.6909e+01,8.6413e+01,8.5968e+01,8.5567e+01,8.5308e+01,8.5144e+01,8.4929e+01,8.4788e+01,8.4882e+01,8.5016e+01,8.5133e+01,8.5395e+01,8.5807e+01,8.5969e+01,8.6533e+01,8.6706e+01,8.6593e+01,8.7030e+01,8.7390e+01,8.8190e+01,8.8741e+01,8.9595e+01,9.0139e+01,9.0930e+01,9.2166e+01,9.2999e+01,9.4214e+01,9.4985e+01,9.6122e+01,9.6235e+01,9.7286e+01,9.8196e+01,9.9847e+01,1.0024e+02,1.0114e+02,1.0302e+02,1.0464e+02,1.0645e+02,1.0831e+02,1.1011e+02,1.1138e+02,1.1351e+02,1.1469e+02,1.1592e+02,1.1760e+02,1.1895e+02,1.2100e+02,1.2313e+02,1.2513e+02,1.2725e+02,1.2895e+02,1.3069e+02,1.3220e+02,1.3390e+02,1.3483e+02,1.3580e+02,1.3643e+02,1.3690e+02,1.3776e+02,1.3870e+02,1.3967e+02,1.4064e+02,1.4155e+02,1.4262e+02,1.4386e+02,1.4491e+02,1.4626e+02,1.4705e+02,1.4789e+02,1.4886e+02,1.4934e+02,1.4991e+02,1.4970e+02,1.4942e+02
8.9088e+01,8.9047e+01,8.9138e+01,8.9195e+01,8.9353e+01,8.9450e+01,8.9343e+01,8.9546e+01,8.9154e+01,8.8821e+01,8.8501e+01,8.8158e+01,8.7960e+01,8.7720e+01,8.7349e+01,8.7323e+01,8.6929e+01,8.6705e+01,8.6317e+01,8.6316e+01,8.6539e+01,8.6635e+01,8.7033e+01,8.7134e+01,8.7403e+01,8.7933e+01,8.8363e+01,8.8447e+01,8.8837e+01,8.9161e+01,8.9613e+01,9.0003e+01,9.0336e+01,9.0832e+01,9.1071e+01,9.1199e+01,9.1788e+01,9.2002e+01,9.2605e+01,9.2874e+01,9.3362e+01,9.4069e+01,9.4960e+01,9.5579e+01,9.5106e+01,9.4198e+01,9.3331e+01,9.3337e+01,9.2320e+01,9.1500e+01,9.0369e+01,9.0051e+01,8.9085e+01,8.9096e+01,8.8298e+01,8.7783e+01,8.7136e+01,8.6738e+01,8.6241e+01,8.5800e+01,8.5399e+01,8.5138e+01,8.4976e+01,8.4758e+01,8.4616e+01,8.4713e+01,8.4848e+01,8.4964e+01,8.5230e+01,8.5642e+01,8.5806e+01,8.6373e+01,8.6547e+01,8.6436e+01,8.6875e+01,8.7233e+01,8.8035e+01,8.8590e+01,8.9445e+01,8.9989e+01,9.0780e+01,9.2019e+01,9.2853e+01,9.4070e+01,9.4841e+01,9.5981e+01,9.6092e+01,9.7144e+01,9.8054e+01,9.9708e+01,1.0011e+02,1.0101e+02,1.0289e+02,1.0452e+02,1.0633e+02,1.0819e+02,1.1000e+02,1.1126e+02,1.1339e+02,1.1458e+02,1.1581e+02,1.1749e+02,1.1884e+02,1.2089e+02,1.2302e+02,1.2501e+02,1.2714e+02,1.2883e+02,1.3058e+02,1.3209e+02,1.3379e+02,1.3472e+02,1.3570e+02,1.3634e+02,1.3680e+02,1.3766e+02,1.3860e+02,1.3956e+02,1.4054e+02,1.4145e+02,1.4252e+02,1.4376e+02,1.4481e+02,1.4617e+02,1.4695e+02,1.4779e+02,1.4876e+02,1.4924e+02,1.4982e+02,1.4961e+02,1.4932e+02
8.8930e+01,8.8888e+01,8.8982e+01,8.9041e+01,8.9200e+01,8.9297e+01,8.9188e+01,8.9389e+01,8.8992e+01,8.8654e+01,8.8331e+01,8.7986e+01,8.7784e+01,8.7543e+01,8.7172e+01,8.7145e+01,8.6747e+01,8.6523e+01,8.6134e+01,8.6137e+01,8.6362e+01,8.6456e+01,8.6854e+01,8.6954e+01,8.7225e+01,8.7756e+01,8.8185e+01,8.8270e+01,8.8661e+01,8.8984e+01,8.9437e+01,8.9826e+01,9.0159e+01,9.0655e+01,9.0894e+01,9.1022e+01,9.1610e+01,9.1825e+01,9.2427e+01,9.2697e+01,9.3182e+01,9.3890e+01,9.4782e+01,9.5403e+01,9.4932e+01,9.4023e+01,9.3158e+01,9.3165e+01,9.2148e+01,9.1326e+01,9.0193e+01,8.9876e+01,8.8908e+01,8.8918e+01,8.8118e+01,8.7600e+01,8.6952e+01,8.6551e+01,8.6055e+01,8.5614e+01,8.5213e+01,8.4950e+01,8.4789e+01,8.4570e+01,8.4430e+01,8.4528e+01,8.4665e+01,8.4781e+01,8.5047e+01,8.5461e+01,8.5623e+01,8.6191e+01,8.6363e+01,8.6251e+01,8.6690e+01,8.7049e+01,8.7851e+01,8.8405e+01,8.9261e+01,8.9805e+01,9.0596e+01,9.1834e+01,9.2669e+01,9.3885e+01,9.4657e+01,9.5797e+01,9.5908e+01,9.6960e+01,9.7871e+01,9.9526e+01,9.9923e+01,1.0083e+02,1.0271e+02,1.0433e+02,1.0615e+02,1.0801e+02,1.0981e+02,1.1108e+02,1.1321e+02,1.1440e+02,1.1563e+02,1.1731e+02,1.1866e+02,1.2070e+02,1.2284e+02,1.2482e+02,1.2695e+02,1.2865e+02,1.3039e+02,1.3191e+02,1.3361e+02,1.3454e+02,1.3551e+02,1.3616e+02,1.3662e+02,1.3748e+02,1.3842e+02,1.3939e+02,1.4036e+02,1.4128e+02,1.4234e+02,1.4358e+02,1.4463e+02,1.4599e+02,1.4678e+02,1.4762e+02,1.4859e+02,1.4907e+02,1.4965e+02,1.4943e+02,1.4915e+02
8.8786e+01,8.8744e+01,8.8840e+01,8.8900e+01,8.9061e+01,8.9158e+01,8.9049e+01,8.9249e+01,8.8850e+01,8.8510e+01,8.8183e+01,8.7834e+01,8.7629e+01,8.7385e+01,8.7017e+01,8.6991e+01,8.6592e+01,8.6370e+01,8.5978e+01,8.5980e+01,8.6207e+01,8.6303e+01,8.6706e+01,8.6809e+01,8.7081e+01,8.7616e+01,8.8047e+01,8.8135e+01,8.8530e+01,8.8853e+01,8.9306e+01,8.9698e+01,9.0029e+01,9.0525e+01,9.0763e+01,9.0893e+01,9.1485e+01,9.1703e+01,9.2311e+01,9.2585e+01,9.3072e+01,9.3783e+01,9.4677e+01,9.5297e+01,9.4822e+01,9.3908e+01,9.3037e+01,9.3042e+01,9.2020e+01,9.1196e+01,9.0061e+01,8.9741e+01,8.8770e+01,8.8779e+01,8.7977e+01,8.7459e+01,8.6808e+01,8.6407e+01,8.5907e+01,8.5462e+01,8.5056e+01,8.4791e+01,8.4625e+01,8.4400e+01,8.4255e+01,8.4350e+01,8.4487e+01,8.4596e+01,8.4864e+01,8.5273e+01,8.5435e+01,8.6002e+01,8.6174e+01,8.6067e+01,8.6506e+01,8.6860e+01,8.7661e+01,8.8219e+01,8.9073e+01,8.9616e+01,9.0403e+01,9.1643e+01,9.2479e+01,9.3696e+01,9.4466e+01,9.5609e+01,9.5718e+01,9.6769e+01,9.7680e+01,9.9338e+01,9.9738e+01,1.0064e+02,1.0253e+02,1.0416e+02,1.0598e+02,1.0784e+02,1.0965e+02,1.1092e+02,1.1306e+02,1.1425e+02,1.1548e+02,1.1716e+02,1.1851e+02,1.2056e+02,1.2270e+02,1.2469e+02,1.2681e+02,1.2851e+02,1.3025e+02,1.3177e+02,1.3347e+02,1.3441e+02,1.3539e+02,1.3603e+02,1.3649e+02,1.3735e+02,1.3829e+02,1.3925e+02,1.4023e+02,1.4114e+02,1.4221e+02,1.4345e+02,1.4450e+02,1.4586e+02,1.4665e+02,1.4749e+02,1.4846e+02,1.4894e+02,1.4951e+02,1.4930e+02,1.4902e+02
8.8589e+01,8.8546e+01,8.8641e+01,8.8703e+01,8.8862e+01,8.8960e+01,8.8852e+01,8.9053e+01,8.8654e+01,8.8313e+01,8.7983e+01,8.7632e+01,8.7424e+01,8.7182e+01,8.6814e+01,8.6792e+01,8.6393e+01,8.6168e+01,8.5772e+01,8.5768e+01,8.5995e+01,8.6092e+01,8.6499e+01,8.6605e+01,8.6882e+01,8.7419e+01,8.7855e+01,8.7948e+01,8.8344e+01,8.8669e+01,8.9123e+01,8.9518e+01,8.9849e+01,9.0344e+01,9.0581e+01,9.0714e+01,9.1312e+01,9.1532e+01,9.2145e+01,9.2422e+01,9.2914e+01,9.3627e+01,9.4527e+01,9.5148e+01,9.4671e+01,9.3755e+01,9.2878e+01,9.2880e+01,9.1853e+01,9.1025e+01,8.9884e+01,8.9560e+01,8.8584e+01,8.8593e+01,8.7788e+01,8.7269e+01,8.6612e+01,8.6209e+01,8.5704e+01,8.5255e+01,8.4842e+01,8.4574e+01,8.4403e+01,8.4173e+01,8.4022e+01,8.4114e+01,8.4249e+01,8.4352e+01,8.4620e+01,8.5026e+01,8.5187e+01,8.5754e+01,8.5927e+01,8.5824e+01,8.6264e+01,8.6613e+01,8.7412e+01,8.7976e+01,8.8827e+01,8.9368e+01,9.0151e+01,9.1393e+01,9.2231e+01,9.3450e+01,9.4218e+01,9.5363e+01,9.5467e+01,9.6517e+01,9.7425e+01,9.9087e+01,9.9493e+01,1.0040e+02,1.0229e+02,1.0393e+02,1.0575e+02,1.0762e+02,1.0943e+02,1.1070e+02,1.1285e+02,1.1404e+02,1.1527e+02,1.1696e+02,1.1831e+02,1.2036e+02,1.2250e+02,1.2449e+02,1.2662e+02,1.2832e+02,1.3007e+02,1.3159e+02,1.3329e+02,1.3423e+02,1.3522e+02,1.3586e+02,1.3632e+02,1.3718e+02,1.3812e+02,1.3909e+02,1.4007e+02,1.4098e+02,1.4205e+02,1.4329e+02,1.4435e+02,1.4570e+02,1.4649e+02,1.4733e+02,1.4830e+02,1.4879e+02,1.4936e+02,1.4915e+02,1.4886e+02
8.8300e+01,8.8255e+01,8.8348e+01,8.8410e+01,8.8566e+01,8.8664e+01,8.8555e+01,8.8756e+01,8.8358e+01,8.8019e+01,8.7689e+01,8.7337e+01,8.7127e+01,8.6886e+01,8.6520e+01,8.6499e+01,8.6101e+01,8.5875e+01,8.5476e+01,8.5470e+01,8.5697e+01,8.5795e+01,8.6203e+01,8.6312e+01,8.6590e+01,8.7130e+01,8.7569e+01,8.7666e+01,8.8066e+01,8.8393e+01,8.8848e+01,8.9249e+01,8.9576e+01,9.0074e+01,9.0309e+01,9.0444e+01,9.1047e+01,9.1270e+01,9.1889e+01,9.2168e+01,9.2666e+01,9.3382e+01,9.4285e+01,9.4907e+01,9.4429e+01,9.3509e+01,9.2626e+01,9.2625e+01,9.1593e+01,9.0762e+01,8.9616e+01,8.9288e+01,8.8309e+01,8.8318e+01,8.7509e+01,8.6990e+01,8.6327e+01,8.5926e+01,8.5416e+01,8.4960e+01,8.4542e+01,8.4272e+01,8.4097e+01,8.3863e+01,8.3706e+01,8.3796e+01,8.3928e+01,8.4026e+01,8.4294e+01,8.4697e+01,8.4858e+01,8.5425e+01,8.5599e+01,8.5502e+01,8.5943e+01,8.6288e+01,8.7086e+01,8.7655e+01,8.8505e+01,8.9045e+01,8.9826e+01,9.1071e+01,9.1914e+01,9.3135e+01,9.3900e+01,9.5048e+01,9.5146e+01,9.6192e+01,9.7096e+01,9.8763e+01,9.9176e+01,1.0009e+02,1.0199e+02,1.0362e+02,1.0545e+02,1.0734e+02,1.0915e+02,1.1042e+02,1.1258e+02,1.1377e+02,1.1502e+02,1.1671e+02,1.1806e+02,1.2012e+02,1.2227e+02,1.2427e+02,1.2641e+02,1.2812e+02,1.2987e+02,1.3139e+02,1.3310e+02,1.3404e+02,1.3502e+02,1.3567e+02,1.3613e+02,1.3700e+02,1.3794e+02,1.3891e+02,1.3989e+02,1.4081e+02,1.4188e+02,1.4312e+02,1.4418e+02,1.4554e+02,1.4633e+02,1.4717e+02,1.4814e+02,1.4863e+02,1.4920e+02,1.4899e+02,1.4870e+02
8.8006e+01,8.7960e+01,8.8053e+01,8.8116e+01,8.8272e+01,8.8369e+01,8.8261e+01,8.8465e+01,8.8067e+01,8.7728e+01,8.7398e+01,8.7049e+01,8.6841e+01,8.6600e+01,8.6231e+01,8.6211e+01,8.5813e+01,8.5584e+01,8.5185e+01,8.5181e+01,8.5409e+01,8.5504e+01,8.5911e+01,8.6020e+01,8.6298e+01,8.6840e+01,8.7281e+01,8.7379e+01,8.7780e+01,8.8108e+01,8.8565e+01,8.8967e+01,8.9296e+01,8.9794e+01,9.0031e+01,9.0167e+01,9.0771e+01,9.0996e+01,9.1615e+01,9.1895e+01,9.2394e+01,9.3113e+01,9.4023e+01,9.4646e+01,9.4165e+01,9.3243e+01,9.2356e+01,9.2352e+01,9.1317e+01,9.0484e+01,8.9334e+01,8.9004e+01,8.8022e+01,8.8028e+01,8.7217e+01,8.6698e+01,8.6035e+01,8.5632e+01,8.5119e+01,8.4665e+01,8.4245e+01,8.3974e+01,8.3800e+01,8.3564e+01,8.3408e+01,8.3499e+01,8.3632e+01,8.3730e+01,8.3998e+01,8.4402e+01,8.4563e+01,8.5131e+01,8.5304e+01,8.5206e+01,8.5647e+01,8.5992e+01,8.6790e+01,8.7361e+01,8.8212e+01,8.8755e+01,8.9536e+01,9.0785e+01,9.1632e+01,9.2855e+01,9.3621e+01,9.4771e+01,9.4869e+01,9.5920e+01,9.6827e+01,9.8499e+01,9.8913e+01,9.9825e+01,1.0173e+02,1.0337e+02,1.0520e+02,1.0710e+02,1.0892e+02,1.1019e+02,1.1235e+02,1.1355e+02,1.1480e+02,1.1650e+02,1.1785e+02,1.1991e+02,1.2207e+02,1.2407e+02,1.2622e+02,1.2793e+02,1.2968e+02,1.3121e+02,1.3292e+02,1.3387e+02,1.3485e+02,1.3550e+02,1.3596e+02,1.3683e+02,1.3777e+02,1.3874e+02,1.3972e+02,1.4064e+02,1.4171e+02,1.4296e+02,1.4401e+02,1.4537e+02,1.4616e+02,1.4700e+02,1.4797e+02,1.4846e+02,1.4904e+02,1.4882e+02,1.4853e+02
8.7603e+01,8.7556e+01,8.7650e+01,8.7713e+01,8.7869e+01,8.7965e+01,8.7856e+01,8.8059e+01,8.7661e+01,8.7321e+01,8.6990e+01,8.6642e+01,8.6434e+01,8.6193e+01,8.5824e+01,8.5803e+01,8.5406e+01,8.5176e+01,8.4777e+01,8.4775e+01,8.5005e+01,8.5097e+01,8.5501e+01,8.5609e+01,8.5886e+01,8.6429e+01,8.6871e+01,8.6969e+01,8.7371e+01,8.7702e+01,8.8162e+01,8.8566e+01,8.8897e+01,8.9397e+01,8.9632e+01,8.9765e+01,9.0369e+01,9.0595e+01,9.1213e+01,9.1493e+01,9.1991e+01,9.2712e+01,9.3627e+01,9.4253e+01,9.3774e+01,9.2850e+01,9.1959e+01,9.1956e+01,9.0919e+01,9.0086e+01,8.8935e+01,8.8603e+01,8.7621e+01,8.7630e+01,8.6819e+01,8.6299e+01,8.5634e+01,8.5231e+01,8.4719e+01,8.4262e+01,8.3843e+01,8.3574e+01,8.3398e+01,8.3165e+01,8.3009e+01,8.3098e+01,8.3230e+01,8.3329e+01,8.3595e+01,8.3999e+01,8.4161e+01,8.4728e+01,8.4902e+01,8.4804e+01,8.5246e+01,8.5593e+01,8.6393e+01,8.6963e+01,8.7816e+01,8.8360e+01,8.9145e+01,9.0396e+01,9.1243e+01,9.2470e+01,9.3240e+01,9.4394e+01,9.4496e+01,9.5552e+01,9.6465e+01,9.8142e+01,9.8554e+01,9.9472e+01,1.0138e+02,1.0303e+02,1.0487e+02,1.0677e+02,1.0860e+02,1.0988e+02,1.1205e+02,1.1326e+02,1.1451e+02,1.1621e+02,1.1757e+02,1.1965e+02,1.2181e+02,1.2383e+02,1.2598e+02,1.2770e+02,1.2946e+02,1.3099e+02,1.3271e+02,1.3365e+02,1.3464e+02,1.3528e+02,1.3575e+02,1.3662e+02,1.3757e+02,1.3853e+02,1.3952e+02,1.4044e+02,1.4151e+02,1.4276e+02,1.4382e+02,1.4519e+02,1.4598e+02,1.4682e+02,1.4779e+02,1.4828e+02,1.4885e+02,1.4864e+02,1.4835e+02
8.7101e+01,8.7052e+01,8.7148e+01,8.7209e+01,8.7364e+01,8.7460e+01,8.7350e+01,8.7553e+01,8.7152e+01,8.6810e+01,8.6480e+01,8.6132e+01,8.5925e+01,8.5685e+01,8.5315e+01,8.5295e+01,8.4901e+01,8.4673e+01,8.4276e+01,8.4274e+01,8.4504e+01,8.4596e+01,8.4999e+01,8.5109e+01,8.5386e+01,8.5929e+01,8.6373e+01,8.6471e+01,8.6877e+01,8.7211e+01,8.7675e+01,8.8083e+01,8.8416e+01,8.8920e+01,8.9155e+01,8.9288e+01,8.9896e+01,9.0125e+01,9.0744e+01,9.1021e+01,9.1519e+01,9.2241e+01,9.3157e+01,9.3784e+01,9.3304e+01,9.2379e+01,9.1484e+01,9.1480e+01,9.0441e+01,8.9611e+01,8.8457e+01,8.8126e+01,8.7143e+01,8.7158e+01,8.6346e+01,8.5822e+01,8.5152e+01,8.4748e+01,8.4237e+01,8.3776e+01,8.3356e+01,8.3086e+01,8.2907e+01,8.2676e+01,8.2517e+01,8.2602e+01,8.2731e+01,8.2830e+01,8.3094e+01,8.3496e+01,8.3659e+01,8.4225e+01,8.4401e+01,8.4302e+01,8.4746e+01,8.5096e+01,8.5897e+01,8.6468e+01,8.7323e+01,8.7867e+01,8.8656e+01,8.9911e+01,9.0759e+01,9.1992e+01,9.2768e+01,9.3929e+01,9.4035e+01,9.5097e+01,9.6017e+01,9.7702e+01,9.8115e+01,9.9039e+01,1.0096e+02,1.0262e+02,1.0447e+02,1.0638e+02,1.0822e+02,1.0951e+02,1.1168e+02,1.1290e+02,1.1415e+02,1.1587e+02,1.1724e+02,1.1932e+02,1.2149e+02,1.2352e+02,1.2569e+02,1.2741e+02,1.2918e+02,1.3071e+02,1.3244e+02,1.3338e+02,1.3436e+02,1.3501e+02,1.3548e+02,1.3635e+02,1.3730e+02,1.3827e+02,1.3926e+02,1.4018e+02,1.4126e+02,1.4251e+02,1.4357e+02,1.4494e+02,1.4573e+02,1.4657e+02,1.4755e+02,1.4804e+02,1.4862e+02,1.4840e+02,1.4811e+02
8.6665e+01,8.6616e+01,8.6716e+01,8.6781e+01,8.6941e+01,8.7041e+01,8.6930e+01,8.7136e+01,8.6728e+01,8.6381e+01,8.6047e+01,8.5697e+01,8.5489e+01,8.5246e+01,8.4874e+01,8.4851e+01,8.4455e+01,8.4226e+01,8.3829e+01,8.3828e+01,8.4058e+01,8.4148e+01,8.4550e+01,8.4659e+01,8.4936e+01,8.5481e+01,8.5924e+01,8.6023e+01,8.6431e+01,8.6765e+01,8.7232e+01,8.7641e+01,8.7977e+01,8.8485e+01,8.8720e+01,8.8851e+01,8.9459e+01,8.9689e+01,9.0306e+01,9.0582e+01,9.1080e+01,9.1803e+01,9.2723e+01,9.3352e+01,9.2870e+01,9.1942e+01,9.1045e+01,9.1043e+01,9.0001e+01,8.9169e+01,8.8010e+01,8.7680e+01,8.6694e+01,8.6711e+01,8.5896e+01,8.5370e+01,8.4699e+01,8.4295e+01,8.3783e+01,8.3322e+01,8.2904e+01,8.2637e+01,8.2458e+01,8.2232e+01,8.2076e+01,8.2162e+01,8.2290e+01,8.2395e+01,8.2657e+01,8.3062e+01,8.3225e+01,8.3791e+01,8.3966e+01,8.3864e+01,8.4308e+01,8.4664e+01,8.5467e+01,8.6036e+01,8.6894e+01,8.7440e+01,8.8234e+01,8.9492e+01,9.0341e+01,9.1578e+01,9.2359e+01,9.3522e+01,9.3632e+01,9.4700e+01,9.5625e+01,9.7316e+01,9.7726e+01,9.8652e+01,1.0058e+02,1.0224e+02,1.0410e+02,1.0602e+02,1.0787e+02,1.0916e+02,1.1135e+02,1.1256e+02,1.1383e+02,1.1555e+02,1.1692e+02,1.1902e+02,1.2120e+02,1.2323e+02,1.2541e+02,1.2715e+02,1.2892e+02,1.3045e+02,1.3218e+02,1.3313e+02,1.3411e+02,1.3476e+02,1.3523e+02,1.3611e+02,1.3706e+02,1.3803e+02,1.3902e+02,1.3995e+02,1.4103e+02,1.4228e+02,1.4334e+02,1.4472e+02,1.4551e+02,1.4635e+02,1.4733e+02,1.4782e+02,1.4840e+02,1.4819e+02,1.4790e+02
8.6253e+01,8.6202e+01,8.6303e+01,8.6369e+01,8.6530e+01,8.6633e+01,8.6524e+01,8.6734e+01,8.6325e+01,8.5977e+01,8.5642e+01,8.5293e+01,8.5089e+01,8.4847e+01,8.4472e+01,8.4447e+01,8.4054e+01,8.3824e+01,8.3427e+01,8.3428e+01,8.3659e+01,8.3746e+01,8.4148e+01,8.4256e+01,8.4531e+01,8.5076e+01,8.5521e+01,8.5621e+01,8.6032e+01,8.6369e+01,8.6840e+01,8.7252e+01,8.7592e+01,8.8103e+01,8.8336e+01,8.8465e+01,8.9072e+01,8.9302e+01,8.9918e+01,9.0190e+01,9.0686e+01,9.1407e+01,9.2328e+01,9.2957e+01,9.2474e+01,9.1544e+01,9.0645e+01,9.0644e+01,8.9602e+01,8.8770e+01,8.7611e+01,8.7282e+01,8.6296e+01,8.6316e+01,8.5502e+01,8.4975e+01,8.4301e+01,8.3898e+01,8.3389e+01,8.2927e+01,8.2513e+01,8.2249e+01,8.2071e+01,8.1849e+01,8.1693e+01,8.1779e+01,8.1906e+01,8.2015e+01,8.2274e+01,8.2681e+01,8.2846e+01,8.3412e+01,8.3589e+01,8.3485e+01,8.3931e+01,8.4291e+01,8.5097e+01,8.5664e+01,8.6527e+01,8.7074e+01,8.7873e+01,8.9135e+01,8.9984e+01,9.1227e+01,9.2015e+01,9.3184e+01,9.3298e+01,9.4373e+01,9.5306e+01,9.7004e+01,9.7413e+01,9.8342e+01,1.0028e+02,1.0195e+02,1.0382e+02,1.0574e+02,1.0760e+02,1.0890e+02,1.1109e+02,1.1232e+02,1.1358e+02,1.1531e+02,1.1670e+02,1.1880e+02,1.2099e+02,1.2303e+02,1.2522e+02,1.2696e+02,1.2874e+02,1.3028e+02,1.3201e+02,1.3296e+02,1.3394e+02,1.3460e+02,1.3507e+02,1.3595e+02,1.3690e+02,1.3788e+02,1.3886e+02,1.3980e+02,1.4088e+02,1.4213e+02,1.4320e+02,1.4458e+02,1.4537e+02,1.4622e+02,1.4720e+02,1.4769e+02,1.4827e+02,1.4805e+02,1.4776e+02
8.5827e+01,8.5778e+01,8.5883e+01,8.5950e+01,8.6114e+01,8.6219e+01,8.6109e+01,8.6319e+01,8.5908e+01,8.5561e+01,8.5225e+01,8.4875e+01,8.4669e+01,8.4427e+01,8.4052e+01,8.4025e+01,8.3631e+01,8.3402e+01,8.3006e+01,8.3006e+01,8.3239e+01,8.3326e+01,8.3727e+01,8.3836e+01,8.4111e+01,8.4656e+01,8.5102e+01,8.5201e+01,8.5617e+01,8.5960e+01,8.6435e+01,8.6852e+01,8.7195e+01,8.7709e+01,8.7941e+01,8.8070e+01,8.8678e+01,8.8907e+01,8.9525e+01,8.9794e+01,9.0290e+01,9.1013e+01,9.1937e+01,9.2570e+01,9.2087e+01,9.1154e+01,9.0251e+01,9.0250e+01,8.9205e+01,8.8372e+01,8.7210e+01,8.6881e+01,8.5892e+01,8.5916e+01,8.5101e+01,8.4570e+01,8.3891e+01,8.3488e+01,8.2979e+01,8.2511e+01,8.2095e+01,8.1831e+01,8.1650e+01,8.1429e+01,8.1271e+01,8.1353e+01,8.1476e+01,8.1586e+01,8.1842e+01,8.2248e+01,8.2413e+01,8.2977e+01,8.3154e+01,8.3050e+01,8.3497e+01,8.3859e+01,8.4666e+01,8.5231e+01,8.6095e+01,8.6643e+01,8.7445e+01,8.8708e+01,8.9558e+01,9.0804e+01,9.1595e+01,9.2766e+01,9.2883e+01,9.3963e+01,9.4902e+01,9.6604e+01,9.7010e+01,9.7941e+01,9.9879e+01,1.0156e+02,1.0343e+02,1.0536e+02,1.0723e+02,1.0853e+02,1.1074e+02,1.1197e+02,1.1324e+02,1.1498e+02,1.1638e+02,1.1850e+02,1.2069e+02,1.2275e+02,1.2494e+02,1.2670e+02,1.2849e+02,1.3002e+02,1.3176e+02,1.3271e+02,1.3369e+02,1.3435e+02,1.3483e+02,1.3571e+02,1.3666e+02,1.3764e+02,1.3864e+02,1.3957e+02,1.4066e+02,1.4192e+02,1.4299e+02,1.4437e+02,1.4516e+02,1.4601e+02,1.4700e+02,1.4749e+02,1.4807e+02,1.4785e+02,1.4756e+02
8.5456e+01,8.5404e+01,8.5510e+01,8.5580e+01,8.5746e+01,8.5854e+01,8.5745e+01,8.5961e+01,8.5549e+01,8.5201e+01,8.4864e+01,8.4512e+01,8.4308e+01,8.4064e+01,8.3685e+01,8.3654e+01,8.3260e+01,8.3028e+01,8.2632e+01,8.2633e+01,8.2868e+01,8.2952e+01,8.3351e+01,8.3458e+01,8.3731e+01,8.4280e+01,8.4726e+01,8.4827e+01,8.5245e+01,8.5591e+01,8.6072e+01,8.6492e+01,8.6837e+01,8.7353e+01,8.7584e+01,8.7709e+01,8.8317e+01,8.8548e+01,8.9164e+01,8.9431e+01,8.9927e+01,9.0650e+01,9.1579e+01,9.2213e+01,9.1727e+01,9.0792e+01,8.9886e+01,8.9884e+01,8.8837e+01,8.8001e+01,8.6836e+01,8.6506e+01,8.5514e+01,8.5537e+01,8.4722e+01,8.4190e+01,8.3510e+01,8.3109e+01,8.2602e+01,8.2133e+01,8.1721e+01,8.1461e+01,8.1280e+01,8.1064e+01,8.0906e+01,8.0988e+01,8.1110e+01,8.1224e+01,8.1478e+01,8.1888e+01,8.2053e+01,8.2618e+01,8.2795e+01,8.2689e+01,8.3137e+01,8.3502e+01,8.4312e+01,8.4876e+01,8.5743e+01,8.6292e+01,8.7098e+01,8.8363e+01,8.9214e+01,9.0463e+01,9.1257e+01,9.2431e+01,9.2550e+01,9.3635e+01,9.4578e+01,9.6285e+01,9.6688e+01,9.7621e+01,9.9564e+01,1.0125e+02,1.0313e+02,1.0506e+02,1.0694e+02,1.0825e+02,1.1046e+02,1.1170e+02,1.1298e+02,1.1473e+02,1.1613e+02,1.1826e+02,1.2046e+02,1.2253e+02,1.2473e+02,1.2649e+02,1.2828e+02,1.2982e+02,1.3157e+02,1.3252e+02,1.3350e+02,1.3415e+02,1.3463e+02,1.3552e+02,1.3647e+02,1.3745e+02,1.3845e+02,1.3939e+02,1.4047e+02,1.4174e+02,1.4281e+02,1.4419e+02,1.4499e+02,1.4584e+02,1.4682e+02,1.4731e+02,1.4790e+02,1.4768e+02,1.4739e+02
8.5148e+01,8.5098e+01,8.5204e+01,8.5270e+01,8.5433e+01,8.5539e+01,8.5431e+01,8.5648e+01,8.5239e+01,8.4895e+01,8.4559e+01,8.4208e+01,8.4006e+01,8.3764e+01,8.3383e+01,8.3353e+01,8.2960e+01,8.2730e+01,8.2334e+01,8.2330e+01,8.2565e+01,8.2651e+01,8.3051e+01,8.3161e+01,8.3437e+01,8.3985e+01,8.4434e+01,8.4537e+01,8.4959e+01,8.5308e+01,8.5789e+01,8.6215e+01,8.6562e+01,8.7081e+01,8.7311e+01,8.7439e+01,8.8053e+01,8.8286e+01,8.8906e+01,8.9174e+01,8.9674e+01,9.0399e+01,9.1327e+01,9.1961e+01,9.1473e+01,9.0534e+01,8.9621e+01,8.9618e+01,8.8566e+01,8.7732e+01,8.6563e+01,8.6232e+01,8.5239e+01,8.5267e+01,8.4451e+01,8.3918e+01,8.3232e+01,8.2833e+01,8.2326e+01,8.1851e+01,8.1435e+01,8.1176e+01,8.0989e+01,8.0773e+01,8.0609e+01,8.0687e+01,8.0804e+01,8.0914e+01,8.1168e+01,8.1575e+01,8.1742e+01,8.2308e+01,8.2488e+01,8.2385e+01,8.2837e+01,8.3203e+01,8.4013e+01,8.4582e+01,8.5449e+01,8.5996e+01,8.6801e+01,8.8070e+01,8.8921e+01,9.0174e+01,9.0971e+01,9.2149e+01,9.2267e+01,9.3352e+01,9.4296e+01,9.6007e+01,9.6413e+01,9.7349e+01,9.9297e+01,1.0099e+02,1.0287e+02,1.0481e+02,1.0669e+02,1.0801e+02,1.1023e+02,1.1148e+02,1.1276e+02,1.1452e+02,1.1593e+02,1.1806e+02,1.2027e+02,1.2234e+02,1.2454e+02,1.2631e+02,1.2810e+02,1.2964e+02,1.3139e+02,1.3234e+02,1.3332e+02,1.3398e+02,1.3446e+02,1.3534e+02,1.3630e+02,1.3728e+02,1.3828e+02,1.3922e+02,1.4031e+02,1.4158e+02,1.4265e+02,1.4404e+02,1.4483e+02,1.4568e+02,1.4667e+02,1.4716e+02,1.4775e+02,1.4753e+02,1.4724e+02
8.4692e+01,8.4644e+01,8.4749e+01,8.4816e+01,8.4983e+01,8.5093e+01,8.4986e+01,8.5208e+01,8.4795e+01,8.4446e+01,8.4109e+01,8.3756e+01,8.3556e+01,8.3312e+01,8.2928e+01,8.2895e+01,8.2499e+01,8.2267e+01,8.1871e+01,8.1868e+01,8.2104e+01,8.2188e+01,8.2587e+01,8.2694e+01,8.2965e+01,8.3513e+01,8.3962e+01,8.4067e+01,8.4490e+01,8.4839e+01,8.5322e+01,8.5753e+01,8.6102e+01,8.6625e+01,8.6854e+01,8.6977e+01,8.7594e+01,8.7829e+01,8.8450e+01,8.8720e+01,8.9222e+01,8.9951e+01,9.0881e+01,9.1518e+01,9.1029e+01,9.0088e+01,8.9172e+01,8.9173e+01,8.8118e+01,8.7282e+01,8.6110e+01,8.5779e+01,8.4783e+01,8.4812e+01,8.3994e+01,8.3457e+01,8.2768e+01,8.2370e+01,8.1866e+01,8.1388e+01,8.0976e+01,8.0718e+01,8.0531e+01,8.0320e+01,8.0159e+01,8.0235e+01,8.0352e+01,8.0467e+01,8.0716e+01,8.1125e+01,8.1290e+01,8.1855e+01,8.2033e+01,8.1928e+01,8.2378e+01,8.2748e+01,8.3560e+01,8.4125e+01,8.4995e+01,8.5543e+01,8.6352e+01,8.7622e+01,8.8473e+01,8.9727e+01,9.0526e+01,9.1706e+01,9.1827e+01,9.2916e+01,9.3863e+01,9.5577e+01,9.5980e+01,9.6918e+01,9.8869e+01,1.0056e+02,1.0246e+02,1.0440e+02,1.0629e+02,1.0761e+02,1.0985e+02,1.1110e+02,1.1239e+02,1.1416e+02,1.1558e+02,1.1772e+02,1.1994e+02,1.2202e+02,1.2423e+02,1.2600e+02,1.2780e+02,1.2934e+02,1.3109e+02,1.3204e+02,1.3302e+02,1.3368e+02,1.3416e+02,1.3505e+02,1.3600e+02,1.3699e+02,1.3799e+02,1.3893e+02,1.4002e+02,1.4130e+02,1.4238e+02,1.4376e+02,1.4456e+02,1.4541e+02,1.4640e+02,1.4689e+02,1.4748e+02,1.4726e+02,1.4697e+02
8.4266e+01,8.4218e+01,8.4327e+01,8.4398e+01,8.4569e+01,8.4683e+01,8.4578e+01,8.4803e+01,8.4385e+01,8.4033e+01,8.3694e+01,8.3339e+01,8.3143e+01,8.2897e+01,8.2509e+01,8.2468e+01,8.2067e+01,8.1832e+01,8.1436e+01,8.1438e+01,8.1679e+01,8.1757e+01,8.2153e+01,8.2255e+01,8.2520e+01,8.3072e+01,8.3520e+01,8.3625e+01,8.4047e+01,8.4396e+01,8.4881e+01,8.5311e+01,8.5663e+01,8.6188e+01,8.6417e+01,8.6536e+01,8.7153e+01,8.7390e+01,8.8011e+01,8.8285e+01,8.8787e+01,8.9522e+01,9.0459e+01,9.1097e+01,9.0606e+01,8.9660e+01,8.8746e+01,8.8749e+01,8.7690e+01,8.6847e+01,8.5669e+01,8.5337e+01,8.4334e+01,8.4358e+01,8.3536e+01,8.2998e+01,8.2309e+01,8.1908e+01,8.1404e+01,8.0929e+01,8.0520e+01,8.0263e+01,8.0080e+01,7.9872e+01,7.9717e+01,7.9798e+01,7.9920e+01,8.0043e+01,8.0293e+01,8.0707e+01,8.0872e+01,8.1440e+01,8.1616e+01,8.1505e+01,8.1955e+01,8.2328e+01,8.3144e+01,8.3705e+01,8.4579e+01,8.5133e+01,8.5947e+01,8.7217e+01,8.8072e+01,8.9327e+01,9.0127e+01,9.1307e+01,9.1430e+01,9.2524e+01,9.3475e+01,9.5192e+01,9.5591e+01,9.6529e+01,9.8482e+01,1.0018e+02,1.0208e+02,1.0402e+02,1.0592e+02,1.0725e+02,1.0949e+02,1.1075e+02,1.1204e+02,1.1381e+02,1.1524e+02,1.1739e+02,1.1962e+02,1.2170e+02,1.2392e+02,1.2569e+02,1.2750e+02,1.2904e+02,1.3080e+02,1.3175e+02,1.3273e+02,1.3338e+02,1.3387e+02,1.3475e+02,1.3571e+02,1.3670e+02,1.3770e+02,1.3865e+02,1.3974e+02,1.4102e+02,1.4210e+02,1.4349e+02,1.4429e+02,1.4514e+02,1.4613e+02,1.4663e+02,1.4722e+02,1.4700e+02,1.4670e+02
8.3921e+01,8.3872e+01,8.3981e+01,8.4056e+01,8.4232e+01,8.4350e+01,8.4249e+01,8.4479e+01,8.4059e+01,8.3703e+01,8.3364e+01,8.3007e+01,8.2811e+01,8.2562e+01,8.2172e+01,8.2129e+01,8.1728e+01,8.1491e+01,8.1096e+01,8.1098e+01,8.1338e+01,8.1415e+01,8.1811e+01,8.1912e+01,8.2175e+01,8.2728e+01,8.3178e+01,8.3286e+01,8.3710e+01,8.4057e+01,8.4545e+01,8.4978e+01,8.5331e+01,8.5858e+01,8.6085e+01,8.6201e+01,8.6819e+01,8.7058e+01,8.7678e+01,8.7952e+01,8.8455e+01,8.9191e+01,9.0130e+01,9.0768e+01,9.0276e+01,8.9328e+01,8.8412e+01,8.8419e+01,8.7358e+01,8.6510e+01,8.5330e+01,8.4999e+01,8.3992e+01,8.4014e+01,8.3190e+01,8.2649e+01,8.1962e+01,8.1562e+01,8.1059e+01,8.0586e+01,8.0181e+01,7.9926e+01,7.9746e+01,7.9542e+01,7.9392e+01,7.9475e+01,7.9598e+01,7.9726e+01,7.9974e+01,8.0391e+01,8.0554e+01,8.1123e+01,8.1297e+01,8.1182e+01,8.1630e+01,8.2004e+01,8.2822e+01,8.3380e+01,8.4256e+01,8.4815e+01,8.5632e+01,8.6904e+01,8.7762e+01,8.9017e+01,8.9817e+01,9.0994e+01,9.1118e+01,9.2215e+01,9.3168e+01,9.4889e+01,9.5286e+01,9.6220e+01,9.8178e+01,9.9881e+01,1.0179e+02,1.0374e+02,1.0564e+02,1.0697e+02,1.0922e+02,1.1048e+02,1.1178e+02,1.1356e+02,1.1499e+02,1.1715e+02,1.1939e+02,1.2148e+02,1.2369e+02,1.2548e+02,1.2728e+02,1.2883e+02,1.3059e+02,1.3154e+02,1.3252e+02,1.3317e+02,1.3366e+02,1.3455e+02,1.3550e+02,1.3650e+02,1.3750e+02,1.3845e+02,1.3954e+02,1.4082e+02,1.4190e+02,1.4330e+02,1.4410e+02,1.4495e+02,1.4594e+02,1.4644e+02,1.4703e+02,1.4681e+02,1.4652e+02
8.3509e+01,8.3460e+01,8.3569e+01,8.3645e+01,8.3822e+01,8.3943e+01,8.3841e+01,8.4072e+01,8.3649e+01,8.3294e+01,8.2953e+01,8.2594e+01,8.2399e+01,8.2154e+01,8.1766e+01,8.1722e+01,8.1322e+01,8.1085e+01,8.0691e+01,8.0690e+01,8.0929e+01,8.1006e+01,8.1403e+01,8.1506e+01,8.1766e+01,8.2316e+01,8.2765e+01,8.2874e+01,8.3301e+01,8.3650e+01,8.4140e+01,8.4577e+01,8.4930e+01,8.5459e+01,8.5684e+01,8.5798e+01,8.6417e+01,8.6660e+01,8.7282e+01,8.7555e+01,8.8059e+01,8.8797e+01,8.9738e+01,9.0376e+01,8.9883e+01,8.8935e+01,8.8017e+01,8.8027e+01,8.6962e+01,8.6117e+01,8.4934e+01,8.4603e+01,8.3595e+01,8.3623e+01,8.2799e+01,8.2255e+01,8.1563e+01,8.1165e+01,8.0666e+01,8.0188e+01,7.9785e+01,7.9533e+01,7.9349e+01,7.9150e+01,7.8998e+01,7.9078e+01,7.9198e+01,7.9329e+01,7.9573e+01,7.9990e+01,8.0155e+01,8.0723e+01,8.0899e+01,8.0785e+01,8.1236e+01,8.1616e+01,8.2436e+01,8.2992e+01,8.3871e+01,8.4428e+01,8.5251e+01,8.6525e+01,8.7382e+01,8.8642e+01,8.9448e+01,9.0632e+01,9.0761e+01,9.1863e+01,9.2824e+01,9.4550e+01,9.4944e+01,9.5884e+01,9.7848e+01,9.9558e+01,1.0147e+02,1.0343e+02,1.0534e+02,1.0668e+02,1.0894e+02,1.1021e+02,1.1152e+02,1.1330e+02,1.1475e+02,1.1692e+02,1.1917e+02,1.2126e+02,1.2349e+02,1.2528e+02,1.2708e+02,1.2863e+02,1.3040e+02,1.3135e+02,1.3232e+02,1.3298e+02,1.3346e+02,1.3435e+02,1.3531e+02,1.3630e+02,1.3731e+02,1.3826e+02,1.3935e+02,1.4064e+02,1.4172e+02,1.4311e+02,1.4391e+02,1.4477e+02,1.4576e+02,1.4626e+02,1.4686e+02,1.4663e+02,1.4634e+02
8.3110e+01,8.3056e+01,8.3162e+01,8.3239e+01,8.3416e+01,8.3539e+01,8.3440e+01,8.3673e+01,8.3252e+01,8.2897e+01,8.2558e+01,8.2199e+01,8.2005e+01,8.1761e+01,8.1374e+01,8.1330e+01,8.0935e+01,8.0699e+01,8.0309e+01,8.0308e+01,8.0544e+01,8.0619e+01,8.1015e+01,8.1120e+01,8.1378e+01,8.1928e+01,8.2381e+01,8.2490e+01,8.2922e+01,8.3274e+01,8.3768e+01,8.4211e+01,8.4565e+01,8.5098e+01,8.5321e+01,8.5435e+01,8.6055e+01,8.6300e+01,8.6922e+01,8.7194e+01,8.7699e+01,8.8437e+01,8.9380e+01,9.0018e+01,8.9523e+01,8.8575e+01,8.7653e+01,8.7664e+01,8.6598e+01,8.5754e+01,8.4570e+01,8.4240e+01,8.3231e+01,8.3263e+01,8.2440e+01,8.1892e+01,8.1197e+01,8.0800e+01,8.0303e+01,7.9823e+01,7.9424e+01,7.9173e+01,7.8987e+01,7.8793e+01,7.8642e+01,7.8720e+01,7.8838e+01,7.8974e+01,7.9214e+01,7.9632e+01,7.9796e+01,8.0364e+01,8.0540e+01,8.0423e+01,8.0876e+01,8.1261e+01,8.2083e+01,8.2638e+01,8.3521e+01,8.4080e+01,8.4908e+01,8.6186e+01,8.7044e+01,8.8310e+01,8.9123e+01,9.0312e+01,9.0446e+01,9.1556e+01,9.2525e+01,9.4260e+01,9.4651e+01,9.5597e+01,9.7569e+01,9.9289e+01,1.0122e+02,1.0318e+02,1.0511e+02,1.0646e+02,1.0873e+02,1.1000e+02,1.1131e+02,1.1310e+02,1.1455e+02,1.1673e+02,1.1898e+02,1.2108e+02,1.2331e+02,1.2510e+02,1.2691e+02,1.2846e+02,1.3023e+02,1.3118e+02,1.3216e+02,1.3282e+02,1.3330e+02,1.3419e+02,1.3515e+02,1.3615e+02,1.3715e+02,1.3810e+02,1.3920e+02,1.4048e+02,1.4157e+02,1.4296e+02,1.4377e+02,1.4462e+02,1.4562e+02,1.4612e+02,1.4671e+02,1.4649e+02,1.4619e+02
8.2858e+01,8.2803e+01,8.2910e+01,8.2990e+01,8.3166e+01,8.3292e+01,8.3195e+01,8.3429e+01,8.3007e+01,8.2650e+01,8.2310e+01,8.1952e+01,8.1756e+01,8.1513e+01,8.1126e+01,8.1080e+01,8.0685e+01,8.0448e+01,8.0060e+01,8.0061e+01,8.0297e+01,8.0371e+01,8.0765e+01,8.0869e+01,8.1124e+01,8.1673e+01,8.2126e+01,8.2238e+01,8.2671e+01,8.3020e+01,8.3517e+01,8.3961e+01,8.4316e+01,8.4848e+01,8.5072e+01,8.5184e+01,8.5800e+01,8.6047e+01,8.6664e+01,8.6931e+01,8.7433e+01,8.8169e+01,8.9113e+01,8.9749e+01,8.9254e+01,8.8306e+01,8.7386e+01,8.7400e+01,8.6335e+01,8.5491e+01,8.4308e+01,8.3980e+01,8.2972e+01,8.3004e+01,8.2184e+01,8.1635e+01,8.0942e+01,8.0548e+01,8.0056e+01,7.9578e+01,7.9184e+01,7.8939e+01,7.8755e+01,7.8567e+01,7.8417e+01,7.8495e+01,7.8611e+01,7.8751e+01,7.8989e+01,7.9408e+01,7.9573e+01,8.0139e+01,8.0316e+01,8.0197e+01,8.0649e+01,8.1038e+01,8.1862e+01,8.2413e+01,8.3298e+01,8.3858e+01,8.4691e+01,8.5969e+01,8.6829e+01,8.8095e+01,8.8912e+01,9.0102e+01,9.0240e+01,9.1354e+01,9.2329e+01,9.4068e+01,9.4456e+01,9.5404e+01,9.7381e+01,9.9107e+01,1.0105e+02,1.0301e+02,1.0495e+02,1.0631e+02,1.0859e+02,1.0988e+02,1.1119e+02,1.1299e+02,1.1445e+02,1.1664e+02,1.1889e+02,1.2100e+02,1.2323e+02,1.2503e+02,1.2684e+02,1.2839e+02,1.3016e+02,1.3111e+02,1.3209e+02,1.3275e+02,1.3323e+02,1.3412e+02,1.3508e+02,1.3608e+02,1.3708e+02,1.3804e+02,1.3913e+02,1.4042e+02,1.4151e+02,1.4290e+02,1.4371e+02,1.4456e+02,1.4556e+02,1.4606e+02,1.4666e+02,1.4643e+02,1.4614e+02
8.2506e+01,8.2452e+01,8.2562e+01,8.2645e+01,8.2824e+01,8.2950e+01,8.2852e+01,8.3086e+01,8.2662e+01,8.2299e+01,8.1959e+01,8.1598e+01,8.1404e+01,8.1158e+01,8.0768e+01,8.0719e+01,8.0320e+01,8.0081e+01,7.9695e+01,7.9700e+01,7.9939e+01,8.0011e+01,8.0402e+01,8.0505e+01,8.0757e+01,8.1308e+01,8.1763e+01,8.1875e+01,8.2310e+01,8.2662e+01,8.3165e+01,8.3608e+01,8.3964e+01,8.4495e+01,8.4723e+01,8.4834e+01,8.5448e+01,8.5693e+01,8.6309e+01,8.6577e+01,8.7077e+01,8.7816e+01,8.8767e+01,8.9403e+01,8.8907e+01,8.7958e+01,8.7039e+01,8.7056e+01,8.5988e+01,8.5138e+01,8.3952e+01,8.3623e+01,8.2611e+01,8.2638e+01,8.1815e+01,8.1264e+01,8.0573e+01,8.0174e+01,7.9684e+01,7.9209e+01,7.8820e+01,7.8574e+01,7.8395e+01,7.8209e+01,7.8066e+01,7.8149e+01,7.8270e+01,7.8416e+01,7.8654e+01,7.9079e+01,7.9242e+01,7.9810e+01,7.9985e+01,7.9861e+01,8.0312e+01,8.0705e+01,8.1533e+01,8.2080e+01,8.2970e+01,8.3535e+01,8.4374e+01,8.5655e+01,8.6517e+01,8.7788e+01,8.8608e+01,8.9801e+01,8.9943e+01,9.1064e+01,9.2045e+01,9.3789e+01,9.4175e+01,9.5123e+01,9.7103e+01,9.8835e+01,1.0078e+02,1.0275e+02,1.0469e+02,1.0606e+02,1.0834e+02,1.0964e+02,1.1094e+02,1.1274e+02,1.1421e+02,1.1641e+02,1.1866e+02,1.2077e+02,1.2300e+02,1.2480e+02,1.2661e+02,1.2817e+02,1.2995e+02,1.3090e+02,1.3188e+02,1.3253e+02,1.3302e+02,1.3391e+02,1.3487e+02,1.3587e+02,1.3687e+02,1.3783e+02,1.3892e+02,1.4021e+02,1.4130e+02,1.4270e+02,1.4351e+02,1.4436e+02,1.4536e+02,1.4586e+02,1.4646e+02,1.4623e+02,1.4594e+02
8.2240e+01,8.2188e+01,8.2301e+01,8.2384e+01,8.2565e+01,8.2690e+01,8.2591e+01,8.2825e+01,8.2401e+01,8.2036e+01,8.1695e+01,8.1332e+01,8.1142e+01,8.0891e+01,8.0495e+01,8.0440e+01,8.0035e+01,7.9794e+01,7.9405e+01,7.9415e+01,7.9659e+01,7.9730e+01,8.0122e+01,8.0221e+01,8.0472e+01,8.1027e+01,8.1480e+01,8.1593e+01,8.2025e+01,8.2375e+01,8.2880e+01,8.3318e+01,8.3675e+01,8.4204e+01,8.4436e+01,8.4548e+01,8.5160e+01,8.5405e+01,8.6020e+01,8.6293e+01,8.6793e+01,8.7539e+01,8.8496e+01,8.9135e+01,8.8637e+01,8.7682e+01,8.6763e+01,8.6780e+01,8.5707e+01,8.4846e+01,8.3654e+01,8.3322e+01,8.2303e+01,8.2318e+01,8.1492e+01,8.0943e+01,8.0257e+01,7.9855e+01,7.9362e+01,7.8895e+01,7.8507e+01,7.8263e+01,7.8092e+01,7.7905e+01,7.7768e+01,7.7859e+01,7.7986e+01,7.8138e+01,7.8384e+01,7.8816e+01,7.8981e+01,7.9557e+01,7.9732e+01,7.9604e+01,8.0057e+01,8.0452e+01,8.1287e+01,8.1834e+01,8.2732e+01,8.3303e+01,8.4149e+01,8.5435e+01,8.6302e+01,8.7577e+01,8.8401e+01,8.9595e+01,8.9738e+01,9.0866e+01,9.1851e+01,9.3601e+01,9.3986e+01,9.4934e+01,9.6918e+01,9.8654e+01,1.0060e+02,1.0258e+02,1.0452e+02,1.0589e+02,1.0818e+02,1.0947e+02,1.1078e+02,1.1258e+02,1.1405e+02,1.1625e+02,1.1852e+02,1.2063e+02,1.2286e+02,1.2466e+02,1.2648e+02,1.2803e+02,1.2982e+02,1.3077e+02,1.3175e+02,1.3241e+02,1.3290e+02,1.3379e+02,1.3475e+02,1.3575e+02,1.3676e+02,1.3772e+02,1.3881e+02,1.4011e+02,1.4120e+02,1.4260e+02,1.4341e+02,1.4427e+02,1.4527e+02,1.4577e+02,1.4637e+02,1.4614e+02,1.4585e+02
8.2049e+01,8.1997e+01,8.2114e+01,8.2198e+01,8.2379e+01,8.2502e+01,8.2399e+01,8.2627e+01,8.2203e+01,8.1835e+01,8.1493e+01,8.1126e+01,8.0936e+01,8.0687e+01,8.0289e+01,8.0232e+01,7.9827e+01,7.9583e+01,7.9193e+01,7.9203e+01,7.9446e+01,7.9516e+01,7.9909e+01,8.0009e+01,8.0260e+01,8.0818e+01,8.1273e+01,8.1386e+01,8.1819e+01,8.2171e+01,8.2677e+01,8.3115e+01,8.3470e+01,8.3998e+01,8.4232e+01,8.4348e+01,8.4964e+01,8.5209e+01,8.5826e+01,8.6100e+01,8.6602e+01,8.7351e+01,8.8312e+01,8.8953e+01,8.8455e+01,8.7497e+01,8.6576e+01,8.6593e+01,8.5515e+01,8.4651e+01,8.3455e+01,8.3121e+01,8.2097e+01,8.2110e+01,8.1278e+01,8.0727e+01,8.0038e+01,7.9631e+01,7.9132e+01,7.8667e+01,7.8276e+01,7.8030e+01,7.7861e+01,7.7673e+01,7.7537e+01,7.7632e+01,7.7762e+01,7.7916e+01,7.8166e+01,7.8602e+01,7.8771e+01,7.9352e+01,7.9529e+01,7.9400e+01,7.9856e+01,8.0254e+01,8.1095e+01,8.1643e+01,8.2546e+01,8.3120e+01,8.3971e+01,8.5263e+01,8.6131e+01,8.7411e+01,8.8240e+01,8.9438e+01,8.9583e+01,9.0715e+01,9.1703e+01,9.3456e+01,9.3843e+01,9.4797e+01,9.6785e+01,9.8525e+01,1.0048e+02,1.0245e+02,1.0441e+02,1.0577e+02,1.0807e+02,1.0936e+02,1.1067e+02,1.1248e+02,1.1396e+02,1.1616e+02,1.1843e+02,1.2054e+02,1.2278e+02,1.2459e+02,1.2640e+02,1.2796e+02,1.2974e+02,1.3070e+02,1.3168e+02,1.3234e+02,1.3283e+02,1.3373e+02,1.3469e+02,1.3570e+02,1.3671e+02,1.3767e+02,1.3877e+02,1.4006e+02,1.4115e+02,1.4256e+02,1.4337e+02,1.4423e+02,1.4523e+02,1.4574e+02,1.4633e+02,1.4611e+02,1.4581e+02
8.1859e+01,8.1806e+01,8.1925e+01,8.2014e+01,8.2196e+01,8.2320e+01,8.2218e+01,8.2445e+01,8.2019e+01,8.1647e+01,8.1303e+01,8.0933e+01,8.0744e+01,8.0494e+01,8.0092e+01,8.0032e+01,7.9625e+01,7.9375e+01,7.8985e+01,7.8998e+01,7.9242e+01,7.9308e+01,7.9699e+01,7.9794e+01,8.0043e+01,8.0603e+01,8.1056e+01,8.1171e+01,8.1603e+01,8.1954e+01,8.2460e+01,8.2892e+01,8.3247e+01,8.3772e+01,8.4009e+01,8.4126e+01,8.4741e+01,8.4984e+01,8.5600e+01,8.5877e+01,8.6378e+01,8.7130e+01,8.8096e+01,8.8739e+01,8.8239e+01,8.7278e+01,8.6358e+01,8.6376e+01,8.5297e+01,8.4428e+01,8.3230e+01,8.2895e+01,8.1867e+01,8.1874e+01,8.1041e+01,8.0490e+01,7.9805e+01,7.9394e+01,7.8896e+01,7.8437e+01,7.8050e+01,7.7804e+01,7.7641e+01,7.7453e+01,7.7323e+01,7.7425e+01,7.7560e+01,7.7720e+01,7.7973e+01,7.8416e+01,7.8586e+01,7.9171e+01,7.9349e+01,7.9215e+01,7.9672e+01,8.0075e+01,8.0921e+01,8.1468e+01,8.2377e+01,8.2956e+01,8.3813e+01,8.5109e+01,8.5980e+01,8.7264e+01,8.8096e+01,8.9295e+01,8.9443e+01,9.0582e+01,9.1575e+01,9.3331e+01,9.3716e+01,9.4671e+01,9.6662e+01,9.8404e+01,1.0036e+02,1.0234e+02,1.0429e+02,1.0566e+02,1.0796e+02,1.0925e+02,1.1056e+02,1.1237e+02,1.1385e+02,1.1606e+02,1.1833e+02,1.2045e+02,1.2269e+02,1.2450e+02,1.2631e+02,1.2787e+02,1.2966e+02,1.3062e+02,1.3160e+02,1.3226e+02,1.3275e+02,1.3365e+02,1.3462e+02,1.3563e+02,1.3663e+02,1.3759e+02,1.3869e+02,1.3999e+02,1.4108e+02,1.4249e+02,1.4330e+02,1.4416e+02,1.4517e+02,1.4567e+02,1.4627e+02,1.4605e+02,1.4575e+02
8.1620e+01,8.1568e+01,8.1690e+01,8.1779e+01,8.1963e+01,8.2086e+01,8.1981e+01,8.2206e+01,8.1780e+01,8.1408e+01,8.1064e+01,8.0695e+01,8.0505e+01,8.0254e+01,7.9851e+01,7.9787e+01,7.9375e+01,7.9127e+01,7.8737e+01,7.8755e+01,7.9000e+01,7.9065e+01,7.9452e+01,7.9543e+01,7.9789e+01,8.0349e+01,8.0800e+01,8.0916e+01,8.1349e+01,8.1697e+01,8.2205e+01,8.2635e+01,8.2992e+01,8.3517e+01,8.3757e+01,8.3872e+01,8.4489e+01,8.4735e+01,8.5354e+01,8.5635e+01,8.6138e+01,8.6897e+01,8.7871e+01,8.8516e+01,8.8016e+01,8.7054e+01,8.6134e+01,8.6154e+01,8.5070e+01,8.4192e+01,8.2988e+01,8.2649e+01,8.1615e+01,8.1617e+01,8.0778e+01,8.0228e+01,7.9544e+01,7.9130e+01,7.8629e+01,7.8173e+01,7.7785e+01,7.7537e+01,7.7377e+01,7.7187e+01,7.7060e+01,7.7165e+01,7.7305e+01,7.7467e+01,7.7722e+01,7.8167e+01,7.8335e+01,7.8922e+01,7.9097e+01,7.8961e+01,7.9416e+01,7.9819e+01,8.0666e+01,8.1211e+01,8.2121e+01,8.2700e+01,8.3558e+01,8.4853e+01,8.5724e+01,8.7007e+01,8.7841e+01,8.9040e+01,8.9192e+01,9.0334e+01,9.1333e+01,9.3091e+01,9.3471e+01,9.4426e+01,9.6418e+01,9.8163e+01,1.0012e+02,1.0210e+02,1.0406e+02,1.0543e+02,1.0773e+02,1.0903e+02,1.1034e+02,1.1215e+02,1.1363e+02,1.1585e+02,1.1812e+02,1.2025e+02,1.2250e+02,1.2431e+02,1.2613e+02,1.2769e+02,1.2948e+02,1.3044e+02,1.3142e+02,1.3208e+02,1.3257e+02,1.3347e+02,1.3444e+02,1.3545e+02,1.3646e+02,1.3742e+02,1.3852e+02,1.3982e+02,1.4091e+02,1.4232e+02,1.4314e+02,1.4400e+02,1.4501e+02,1.4551e+02,1.4611e+02,1.4589e+02,1.4559e+02
8.1364e+01,8.1312e+01,8.1436e+01,8.1526e+01,8.1713e+01,8.1836e+01,8.1732e+01,8.1955e+01,8.1528e+01,8.1153e+01,8.0810e+01,8.0442e+01,8.0253e+01,8.0000e+01,7.9597e+01,7.9534e+01,7.9123e+01,7.8873e+01,7.8485e+01,7.8503e+01,7.8747e+01,7.8811e+01,7.9197e+01,7.9286e+01,7.9529e+01,8.0089e+01,8.0540e+01,8.0657e+01,8.1089e+01,8.1436e+01,8.1945e+01,8.2374e+01,8.2732e+01,8.3257e+01,8.3499e+01,8.3616e+01,8.4233e+01,8.4480e+01,8.5102e+01,8.5385e+01,8.5889e+01,8.6651e+01,8.7632e+01,8.8276e+01,8.7773e+01,8.6807e+01,8.5885e+01,8.5905e+01,8.4817e+01,8.3935e+01,8.2727e+01,8.2386e+01,8.1349e+01,8.1347e+01,8.0506e+01,7.9957e+01,7.9275e+01,7.8859e+01,7.8358e+01,7.7907e+01,7.7520e+01,7.7272e+01,7.7114e+01,7.6924e+01,7.6801e+01,7.6910e+01,7.7054e+01,7.7221e+01,7.7478e+01,7.7927e+01,7.8096e+01,7.8686e+01,7.8860e+01,7.8720e+01,7.9175e+01,7.9580e+01,8.0431e+01,8.0975e+01,8.1889e+01,8.2472e+01,8.3335e+01,8.4633e+01,8.5507e+01,8.6793e+01,8.7630e+01,8.8831e+01,8.8988e+01,9.0138e+01,9.1144e+01,9.2907e+01,9.3283e+01,9.4238e+01,9.6233e+01,9.7984e+01,9.9950e+01,1.0193e+02,1.0389e+02,1.0527e+02,1.0757e+02,1.0886e+02,1.1016e+02,1.1197e+02,1.1346e+02,1.1567e+02,1.1795e+02,1.2008e+02,1.2233e+02,1.2415e+02,1.2597e+02,1.2753e+02,1.2932e+02,1.3028e+02,1.3126e+02,1.3192e+02,1.3242e+02,1.3332e+02,1.3428e+02,1.3529e+02,1.3630e+02,1.3727e+02,1.3837e+02,1.3967e+02,1.4076e+02,1.4217e+02,1.4299e+02,1.4385e+02,1.4486e+02,1.4537e+02,1.4597e+02,1.4575e+02,1.4545e+02
8.1215e+01,8.1160e+01,8.1284e+01,8.1375e+01,8.1561e+01,8.1684e+01,8.1582e+01,8.1805e+01,8.1379e+01,8.1002e+01,8.0662e+01,8.0291e+01,8.0103e+01,7.9850e+01,7.9444e+01,7.9383e+01,7.8975e+01,7.8721e+01,7.8332e+01,7.8347e+01,7.8586e+01,7.8647e+01,7.9034e+01,7.9123e+01,7.9368e+01,7.9927e+01,8.0381e+01,8.0495e+01,8.0927e+01,8.1277e+01,8.1785e+01,8.2213e+01,8.2572e+01,8.3098e+01,8.3342e+01,8.3459e+01,8.4079e+01,8.4329e+01,8.4953e+01,8.5241e+01,8.5748e+01,8.6514e+01,8.7501e+01,8.8147e+01,8.7640e+01,8.6672e+01,8.5746e+01,8.5766e+01,8.4674e+01,8.3795e+01,8.2585e+01,8.2243e+01,8.1204e+01,8.1210e+01,8.0367e+01,7.9816e+01,7.9129e+01,7.8710e+01,7.8211e+01,7.7758e+01,7.7372e+01,7.7123e+01,7.6961e+01,7.6772e+01,7.6650e+01,7.6757e+01,7.6901e+01,7.7069e+01,7.7326e+01,7.7776e+01,7.7947e+01,7.8537e+01,7.8713e+01,7.8572e+01,7.9029e+01,7.9438e+01,8.0291e+01,8.0833e+01,8.1749e+01,8.2330e+01,8.3197e+01,8.4497e+01,8.5370e+01,8.6660e+01,8.7505e+01,8.8710e+01,8.8872e+01,9.0028e+01,9.1041e+01,9.2808e+01,9.3182e+01,9.4142e+01,9.6140e+01,9.7895e+01,9.9865e+01,1.0184e+02,1.0381e+02,1.0519e+02,1.0749e+02,1.0878e+02,1.1008e+02,1.1189e+02,1.1338e+02,1.1559e+02,1.1786e+02,1.2000e+02,1.2225e+02,1.2406e+02,1.2588e+02,1.2744e+02,1.2923e+02,1.3019e+02,1.3118e+02,1.3184e+02,1.3234e+02,1.3325e+02,1.3422e+02,1.3523e+02,1.3623e+02,1.3720e+02,1.3831e+02,1.3960e+02,1.4070e+02,1.4211e+02,1.4293e+02,1.4379e+02,1.4480e+02,1.4531e+02,1.4590e+02,1.4568e+02,1.4539e+02
8.1115e+01,8.1062e+01,8.1185e+01,8.1276e+01,8.1463e+01,8.1584e+01,8.1483e+01,8.1708e+01,8.1281e+01,8.0902e+01,8.0564e+01,8.0195e+01,8.0007e+01,7.9753e+01,7.9346e+01,7.9283e+01,7.8873e+01,7.8620e+01,7.8232e+01,7.8252e+01,7.8493e+01,7.8554e+01,7.8939e+01,7.9025e+01,7.9266e+01,7.9824e+01,8.0279e+01,8.0393e+01,8.0824e+01,8.1173e+01,8.1681e+01,8.2110e+01,8.2474e+01,8.3002e+01,8.3251e+01,8.3365e+01,8.3983e+01,8.4234e+01,8.4857e+01,8.5145e+01,8.5649e+01,8.6414e+01,8.7404e+01,8.8048e+01,8.7538e+01,8.6566e+01,8.5641e+01,8.5659e+01,8.4568e+01,8.3687e+01,8.2478e+01,8.2137e+01,8.1099e+01,8.1102e+01,8.0261e+01,7.9712e+01,7.9028e+01,7.8612e+01,7.8114e+01,7.7663e+01,7.7279e+01,7.7030e+01,7.6868e+01,7.6679e+01,7.6559e+01,7.6667e+01,7.6814e+01,7.6983e+01,7.7240e+01,7.7691e+01,7.7859e+01,7.8450e+01,7.8623e+01,7.8480e+01,7.8934e+01,7.9343e+01,8.0194e+01,8.0734e+01,8.1648e+01,8.2231e+01,8.3098e+01,8.4396e+01,8.5271e+01,8.6558e+01,8.7400e+01,8.8602e+01,8.8765e+01,8.9922e+01,9.0935e+01,9.2702e+01,9.3073e+01,9.4029e+01,9.6025e+01,9.7780e+01,9.9750e+01,1.0173e+02,1.0369e+02,1.0507e+02,1.0737e+02,1.0866e+02,1.0995e+02,1.1175e+02,1.1325e+02,1.1546e+02,1.1773e+02,1.1987e+02,1.2211e+02,1.2393e+02,1.2575e+02,1.2731e+02,1.2910e+02,1.3006e+02,1.3105e+02,1.3171e+02,1.3221e+02,1.3311e+02,1.3408e+02,1.3509e+02,1.3609e+02,1.3706e+02,1.3816e+02,1.3946e+02,1.4055e+02,1.4197e+02,1.4278e+02,1.4365e+02,1.4466e+02,1.4517e+02,1.4577e+02,1.4554e+02,1.4525e+02
8.1027e+01,8.0976e+01,8.1098e+01,8.1190e+01,8.1376e+01,8.1499e+01,8.1397e+01,8.1626e+01,8.1198e+01,8.0817e+01,8.0476e+01,8.0107e+01,7.9914e+01,7.9658e+01,7.9252e+01,7.9189e+01,7.8777e+01,7.8521e+01,7.8129e+01,7.8153e+01,7.8395e+01,7.8455e+01,7.8840e+01,7.8924e+01,7.9165e+01,7.9727e+01,8.0183e+01,8.0299e+01,8.0729e+01,8.1079e+01,8.1589e+01,8.2018e+01,8.2384e+01,8.2914e+01,8.3165e+01,8.3275e+01,8.3893e+01,8.4143e+01,8.4767e+01,8.5054e+01,8.5561e+01,8.6325e+01,8.7318e+01,8.7962e+01,8.7450e+01,8.6475e+01,8.5549e+01,8.5564e+01,8.4473e+01,8.3587e+01,8.2376e+01,8.2032e+01,8.0994e+01,8.0992e+01,8.0152e+01,7.9606e+01,7.8926e+01,7.8513e+01,7.8014e+01,7.7564e+01,7.7179e+01,7.6934e+01,7.6775e+01,7.6586e+01,7.6466e+01,7.6578e+01,7.6725e+01,7.6896e+01,7.7153e+01,7.7606e+01,7.7776e+01,7.8367e+01,7.8541e+01,7.8398e+01,7.8852e+01,7.9261e+01,8.0113e+01,8.0650e+01,8.1565e+01,8.2148e+01,8.3015e+01,8.4312e+01,8.5187e+01,8.6473e+01,8.7315e+01,8.8515e+01,8.8679e+01,8.9838e+01,9.0851e+01,9.2619e+01,9.2987e+01,9.3941e+01,9.5937e+01,9.7694e+01,9.9665e+01,1.0164e+02,1.0361e+02,1.0499e+02,1.0729e+02,1.0859e+02,1.0987e+02,1.1168e+02,1.1318e+02,1.1539e+02,1.1767e+02,1.1980e+02,1.2205e+02,1.2387e+02,1.2569e+02,1.2725e+02,1.2904e+02,1.2999e+02,1.3098e+02,1.3164e+02,1.3214e+02,1.3305e+02,1.3402e+02,1.3502e+02,1.3603e+02,1.3699e+02,1.3810e+02,1.3939e+02,1.4048e+02,1.4190e+02,1.4272e+02,1.4358e+02,1.4460e+02,1.4510e+02,1.4570e+02,1.4548e+02,1.4518e+02
8.1131e+01,8.1083e+01,8.1209e+01,8.1301e+01,8.1488e+01,8.1609e+01,8.1507e+01,8.1735e+01,8.1307e+01,8.0926e+01,8.0584e+01,8.0218e+01,8.0026e+01,7.9767e+01,7.9357e+01,7.9292e+01,7.8878e+01,7.8622e+01,7.8231e+01,7.8259e+01,7.8502e+01,7.8561e+01,7.8945e+01,7.9025e+01,7.9265e+01,7.9828e+01,8.0282e+01,8.0398e+01,8.0826e+01,8.1174e+01,8.1685e+01,8.2112e+01,8.2478e+01,8.3007e+01,8.3259e+01,8.3366e+01,8.3980e+01,8.4229e+01,8.4852e+01,8.5139e+01,8.5647e+01,8.6412e+01,8.7408e+01,8.8054e+01,8.7544e+01,8.6569e+01,8.5648e+01,8.5666e+01,8.4577e+01,8.3689e+01,8.2478e+01,8.2135e+01,8.1096e+01,8.1090e+01,8.0246e+01,7.9697e+01,7.9019e+01,7.8602e+01,7.8099e+01,7.7653e+01,7.7267e+01,7.7019e+01,7.6863e+01,7.6671e+01,7.6556e+01,7.6671e+01,7.6824e+01,7.6996e+01,7.7255e+01,7.7710e+01,7.7877e+01,7.8470e+01,7.8640e+01,7.8494e+01,7.8945e+01,7.9352e+01,8.0203e+01,8.0737e+01,8.1650e+01,8.2235e+01,8.3102e+01,8.4395e+01,8.5272e+01,8.6553e+01,8.7390e+01,8.8583e+01,8.8744e+01,8.9901e+01,9.0910e+01,9.2674e+01,9.3040e+01,9.3988e+01,9.5979e+01,9.7735e+01,9.9701e+01,1.0167e+02,1.0364e+02,1.0502e+02,1.0731e+02,1.0861e+02,1.0989e+02,1.1169e+02,1.1319e+02,1.1540e+02,1.1767e+02,1.1981e+02,1.2205e+02,1.2387e+02,1.2569e+02,1.2725e+02,1.2904e+02,1.2999e+02,1.3097e+02,1.3163e+02,1.3213e+02,1.3304e+02,1.3401e+02,1.3501e+02,1.3601e+02,1.3698e+02,1.3808e+02,1.3937e+02,1.4047e+02,1.4188e+02,1.4270e+02,1.4357e+02,1.4458e+02,1.4509e+02,1.4569e+02,1.4546e+02,1.4517e+02
8.1288e+01,8.1243e+01,8.1371e+01,8.1463e+01,8.1648e+01,8.1767e+01,8.1666e+01,8.1894e+01,8.1468e+01,8.1086e+01,8.0744e+01,8.0380e+01,8.0188e+01,7.9929e+01,7.9516e+01,7.9452e+01,7.9037e+01,7.8778e+01,7.8385e+01,7.8417e+01,7.8659e+01,7.8715e+01,7.9100e+01,7.9178e+01,7.9418e+01,7.9981e+01,8.0436e+01,8.0552e+01,8.0979e+01,8.1327e+01,8.1839e+01,8.2264e+01,8.2630e+01,8.3160e+01,8.3413e+01,8.3519e+01,8.4132e+01,8.4378e+01,8.5001e+01,8.5288e+01,8.5797e+01,8.6561e+01,8.7560e+01,8.8204e+01,8.7695e+01,8.6719e+01,8.5799e+01,8.5816e+01,8.4726e+01,8.3836e+01,8.2624e+01,8.2280e+01,8.1239e+01,8.1231e+01,8.0387e+01,7.9840e+01,7.9165e+01,7.8749e+01,7.8243e+01,7.7800e+01,7.7413e+01,7.7166e+01,7.7013e+01,7.6821e+01,7.6706e+01,7.6824e+01,7.6978e+01,7.7150e+01,7.7410e+01,7.7865e+01,7.8033e+01,7.8627e+01,7.8798e+01,7.8652e+01,7.9103e+01,7.9509e+01,8.0359e+01,8.0894e+01,8.1805e+01,8.2388e+01,8.3251e+01,8.4542e+01,8.5418e+01,8.6695e+01,8.7527e+01,8.8716e+01,8.8875e+01,9.0028e+01,9.1033e+01,9.2792e+01,9.3158e+01,9.4101e+01,9.6089e+01,9.7841e+01,9.9803e+01,1.0177e+02,1.0374e+02,1.0511e+02,1.0740e+02,1.0870e+02,1.0997e+02,1.1177e+02,1.1326e+02,1.1547e+02,1.1773e+02,1.1987e+02,1.2211e+02,1.2392e+02,1.2575e+02,1.2730e+02,1.2908e+02,1.3003e+02,1.3101e+02,1.3168e+02,1.3218e+02,1.3309e+02,1.3405e+02,1.3505e+02,1.3605e+02,1.3701e+02,1.3811e+02,1.3940e+02,1.4050e+02,1.4191e+02,1.4272e+02,1.4359e+02,1.4461e+02,1.4511e+02,1.4571e+02,1.4549e+02,1.4519e+02
8.1473e+01,8.1430e+01,8.1560e+01,8.1651e+01,8.1837e+01,8.1956e+01,8.1856e+01,8.2086e+01,8.1658e+01,8.1275e+01,8.0930e+01,8.0565e+01,8.0373e+01,8.0112e+01,7.9698e+01,7.9632e+01,7.9214e+01,7.8955e+01,7.8560e+01,7.8592e+01,7.8836e+01,7.8894e+01,7.9279e+01,7.9356e+01,7.9595e+01,8.0160e+01,8.0615e+01,8.0732e+01,8.1158e+01,8.1508e+01,8.2018e+01,8.2443e+01,8.2812e+01,8.3344e+01,8.3600e+01,8.3704e+01,8.4317e+01,8.4563e+01,8.5189e+01,8.5478e+01,8.5989e+01,8.6752e+01,8.7752e+01,8.8398e+01,8.7889e+01,8.6909e+01,8.5989e+01,8.6005e+01,8.4916e+01,8.4027e+01,8.2813e+01,8.2469e+01,8.1427e+01,8.1420e+01,8.0571e+01,8.0022e+01,7.9341e+01,7.8923e+01,7.8414e+01,7.7967e+01,7.7575e+01,7.7325e+01,7.7170e+01,7.6973e+01,7.6858e+01,7.6977e+01,7.7133e+01,7.7303e+01,7.7564e+01,7.8019e+01,7.8188e+01,7.8783e+01,7.8955e+01,7.8812e+01,7.9264e+01,7.9669e+01,8.0519e+01,8.1055e+01,8.1965e+01,8.2548e+01,8.3410e+01,8.4700e+01,8.5579e+01,8.6854e+01,8.7683e+01,8.8869e+01,8.9023e+01,9.0172e+01,9.1171e+01,9.2927e+01,9.3295e+01,9.4234e+01,9.6218e+01,9.7968e+01,9.9925e+01,1.0189e+02,1.0385e+02,1.0523e+02,1.0751e+02,1.0881e+02,1.1008e+02,1.1187e+02,1.1336e+02,1.1556e+02,1.1782e+02,1.1995e+02,1.2219e+02,1.2400e+02,1.2582e+02,1.2736e+02,1.2914e+02,1.3009e+02,1.3107e+02,1.3173e+02,1.3223e+02,1.3314e+02,1.3410e+02,1.3509e+02,1.3610e+02,1.3705e+02,1.3815e+02,1.3944e+02,1.4053e+02,1.4194e+02,1.4276e+02,1.4362e+02,1.4464e+02,1.4515e+02,1.4574e+02,1.4552e+02,1.4523e+02
8.1698e+01,8.1658e+01,8.1786e+01,8.1876e+01,8.2058e+01,8.2178e+01,8.2078e+01,8.2309e+01,8.1883e+01,8.1499e+01,8.1153e+01,8.0787e+01,8.0593e+01,8.0330e+01,7.9917e+01,7.9853e+01,7.9434e+01,7.9173e+01,7.8778e+01,7.8815e+01,7.9060e+01,7.9116e+01,7.9499e+01,7.9574e+01,7.9815e+01,8.0383e+01,8.0838e+01,8.0958e+01,8.1383e+01,8.1731e+01,8.2243e+01,8.2667e+01,8.3037e+01,8.3569e+01,8.3827e+01,8.3931e+01,8.4543e+01,8.4789e+01,8.5413e+01,8.5707e+01,8.6217e+01,8.6982e+01,8.7983e+01,8.8628e+01,8.8120e+01,8.7141e+01,8.6222e+01,8.6240e+01,8.5149e+01,8.4257e+01,8.3041e+01,8.2696e+01,8.1653e+01,8.1642e+01,8.0793e+01,8.0246e+01,7.9567e+01,7.9146e+01,7.8635e+01,7.8190e+01,7.7796e+01,7.7543e+01,7.7390e+01,7.7189e+01,7.7076e+01,7.7197e+01,7.7355e+01,7.7523e+01,7.7785e+01,7.8239e+01,7.8409e+01,7.9003e+01,7.9176e+01,7.9034e+01,7.9486e+01,7.9889e+01,8.0737e+01,8.1275e+01,8.2183e+01,8.2764e+01,8.3623e+01,8.4911e+01,8.5789e+01,8.7061e+01,8.7887e+01,8.9070e+01,8.9223e+01,9.0369e+01,9.1365e+01,9.3119e+01,9.3486e+01,9.4422e+01,9.6403e+01,9.8151e+01,1.0011e+02,1.0207e+02,1.0403e+02,1.0540e+02,1.0768e+02,1.0897e+02,1.1024e+02,1.1203e+02,1.1352e+02,1.1571e+02,1.1797e+02,1.2009e+02,1.2232e+02,1.2413e+02,1.2595e+02,1.2749e+02,1.2927e+02,1.3020e+02,1.3118e+02,1.3184e+02,1.3234e+02,1.3325e+02,1.3421e+02,1.3520e+02,1.3620e+02,1.3715e+02,1.3825e+02,1.3953e+02,1.4062e+02,1.4203e+02,1.4285e+02,1.4372e+02,1.4473e+02,1.4524e+02,1.4584e+02,1.4562e+02,1.4532e+02
8.1872e+01,8.1834e+01,8.1963e+01,8.2053e+01,8.2235e+01,8.2355e+01,8.2257e+01,8.2488e+01,8.2061e+01,8.1674e+01,8.1327e+01,8.0959e+01,8.0765e+01,8.0502e+01,8.0089e+01,8.0023e+01,7.9605e+01,7.9341e+01,7.8946e+01,7.8984e+01,7.9228e+01,7.9281e+01,7.9663e+01,7.9736e+01,7.9975e+01,8.0543e+01,8.0998e+01,8.1120e+01,8.1543e+01,8.1888e+01,8.2400e+01,8.2825e+01,8.3194e+01,8.3727e+01,8.3985e+01,8.4089e+01,8.4700e+01,8.4944e+01,8.5568e+01,8.5863e+01,8.6374e+01,8.7137e+01,8.8138e+01,8.8782e+01,8.8277e+01,8.7300e+01,8.6385e+01,8.6404e+01,8.5315e+01,8.4423e+01,8.3208e+01,8.2864e+01,8.1821e+01,8.1810e+01,8.0959e+01,8.0410e+01,7.9732e+01,7.9310e+01,7.8798e+01,7.8354e+01,7.7959e+01,7.7704e+01,7.7553e+01,7.7351e+01,7.7242e+01,7.7366e+01,7.7528e+01,7.7698e+01,7.7961e+01,7.8415e+01,7.8583e+01,7.9178e+01,7.9349e+01,7.9206e+01,7.9655e+01,8.0057e+01,8.0905e+01,8.1442e+01,8.2348e+01,8.2931e+01,8.3788e+01,8.5074e+01,8.5954e+01,8.7222e+01,8.8045e+01,8.9224e+01,8.9376e+01,9.0522e+01,9.1516e+01,9.3268e+01,9.3633e+01,9.4565e+01,9.6544e+01,9.8292e+01,1.0024e+02,1.0221e+02,1.0417e+02,1.0553e+02,1.0781e+02,1.0911e+02,1.1037e+02,1.1215e+02,1.1364e+02,1.1582e+02,1.1808e+02,1.2019e+02,1.2242e+02,1.2423e+02,1.2604e+02,1.2757e+02,1.2935e+02,1.3028e+02,1.3126e+02,1.3192e+02,1.3241e+02,1.3332e+02,1.3428e+02,1.3527e+02,1.3627e+02,1.3722e+02,1.3832e+02,1.3960e+02,1.4068e+02,1.4208e+02,1.4290e+02,1.4377e+02,1.4479e+02,1.4530e+02,1.4589e+02,1.4567e+02,1.4538e+02
8.1963e+01,8.1929e+01,8.2056e+01,8.2145e+01,8.2326e+01,8.2448e+01,8.2348e+01,8.2579e+01,8.2153e+01,8.1768e+01,8.1421e+01,8.1053e+01,8.0861e+01,8.0599e+01,8.0185e+01,8.0121e+01,7.9705e+01,7.9440e+01,7.9046e+01,7.9086e+01,7.9330e+01,7.9383e+01,7.9764e+01,7.9835e+01,8.0077e+01,8.0646e+01,8.1105e+01,8.1227e+01,8.1650e+01,8.1997e+01,8.2510e+01,8.2935e+01,8.3307e+01,8.3842e+01,8.4104e+01,8.4208e+01,8.4819e+01,8.5059e+01,8.5685e+01,8.5981e+01,8.6490e+01,8.7252e+01,8.8254e+01,8.8896e+01,8.8388e+01,8.7413e+01,8.6496e+01,8.6513e+01,8.5422e+01,8.4530e+01,8.3314e+01,8.2968e+01,8.1926e+01,8.1916e+01,8.1067e+01,8.0520e+01,7.9842e+01,7.9422e+01,7.8912e+01,7.8469e+01,7.8076e+01,7.7820e+01,7.7668e+01,7.7466e+01,7.7357e+01,7.7478e+01,7.7640e+01,7.7809e+01,7.8069e+01,7.8522e+01,7.8690e+01,7.9283e+01,7.9455e+01,7.9314e+01,7.9765e+01,8.0168e+01,8.1015e+01,8.1553e+01,8.2458e+01,8.3038e+01,8.3895e+01,8.5182e+01,8.6058e+01,8.7328e+01,8.8154e+01,8.9336e+01,8.9492e+01,9.0638e+01,9.1635e+01,9.3387e+01,9.3752e+01,9.4688e+01,9.6667e+01,9.8415e+01,1.0037e+02,1.0233e+02,1.0429e+02,1.0566e+02,1.0793e+02,1.0923e+02,1.1049e+02,1.1226e+02,1.1375e+02,1.1593e+02,1.1818e+02,1.2029e+02,1.2252e+02,1.2431e+02,1.2612e+02,1.2766e+02,1.2943e+02,1.3036e+02,1.3134e+02,1.3201e+02,1.3250e+02,1.3341e+02,1.3437e+02,1.3536e+02,1.3635e+02,1.3730e+02,1.3839e+02,1.3967e+02,1.4076e+02,1.4216e+02,1.4298e+02,1.4385e+02,1.4487e+02,1.4538e+02,1.4597e+02,1.4575e+02,1.4546e+02
8.2177e+01,8.2145e+01,8.2270e+01,8.2357e+01,8.2533e+01,8.2652e+01,8.2551e+01,8.2780e+01,8.2354e+01,8.1969e+01,8.1625e+01,8.1255e+01,8.1062e+01,8.0803e+01,8.0393e+01,8.0334e+01,7.9920e+01,7.9655e+01,7.9261e+01,7.9301e+01,7.9543e+01,7.9598e+01,7.9982e+01,8.0055e+01,8.0301e+01,8.0873e+01,8.1333e+01,8.1454e+01,8.1877e+01,8.2225e+01,8.2737e+01,8.3163e+01,8.3535e+01,8.4072e+01,8.4333e+01,8.4437e+01,8.5046e+01,8.5283e+01,8.5909e+01,8.6205e+01,8.6713e+01,8.7473e+01,8.8476e+01,8.9117e+01,8.8608e+01,8.7634e+01,8.6717e+01,8.6732e+01,8.5641e+01,8.4752e+01,8.3538e+01,8.3192e+01,8.2152e+01,8.2143e+01,8.1294e+01,8.0747e+01,8.0070e+01,7.9651e+01,7.9140e+01,7.8696e+01,7.8301e+01,7.8043e+01,7.7891e+01,7.7687e+01,7.7577e+01,7.7698e+01,7.7860e+01,7.8027e+01,7.8287e+01,7.8737e+01,7.8906e+01,7.9496e+01,7.9670e+01,7.9529e+01,7.9980e+01,8.0382e+01,8.1227e+01,8.1765e+01,8.2669e+01,8.3248e+01,8.4103e+01,8.5388e+01,8.6263e+01,8.7531e+01,8.8357e+01,8.9539e+01,8.9695e+01,9.0839e+01,9.1835e+01,9.3584e+01,9.3951e+01,9.4888e+01,9.6864e+01,9.8608e+01,1.0056e+02,1.0252e+02,1.0447e+02,1.0584e+02,1.0811e+02,1.0940e+02,1.1066e+02,1.1243e+02,1.1390e+02,1.1608e+02,1.1832e+02,1.2043e+02,1.2264e+02,1.2444e+02,1.2624e+02,1.2778e+02,1.2954e+02,1.3048e+02,1.3146e+02,1.3212e+02,1.3261e+02,1.3352e+02,1.3448e+02,1.3546e+02,1.3645e+02,1.3740e+02,1.3849e+02,1.3977e+02,1.4085e+02,1.4225e+02,1.4307e+02,1.4394e+02,1.4496e+02,1.4546e+02,1.4606e+02,1.4584e+02,1.4554e+02
8.2253e+01,8.2222e+01,8.2347e+01,8.2435e+01,8.2608e+01,8.2727e+01,8.2626e+01,8.2856e+01,8.2431e+01,8.2045e+01,8.1702e+01,8.1332e+01,8.1139e+01,8.0880e+01,8.0472e+01,8.0416e+01,8.0005e+01,7.9741e+01,7.9346e+01,7.9386e+01,7.9628e+01,7.9683e+01,8.0066e+01,8.0141e+01,8.0389e+01,8.0961e+01,8.1424e+01,8.1545e+01,8.1970e+01,8.2321e+01,8.2833e+01,8.3263e+01,8.3637e+01,8.4177e+01,8.4440e+01,8.4545e+01,8.5156e+01,8.5393e+01,8.6022e+01,8.6319e+01,8.6829e+01,8.7588e+01,8.8592e+01,8.9233e+01,8.8722e+01,8.7752e+01,8.6834e+01,8.6850e+01,8.5757e+01,8.4871e+01,8.3656e+01,8.3312e+01,8.2271e+01,8.2267e+01,8.1415e+01,8.0863e+01,8.0180e+01,7.9759e+01,7.9245e+01,7.8796e+01,7.8397e+01,7.8135e+01,7.7978e+01,7.7773e+01,7.7659e+01,7.7776e+01,7.7935e+01,7.8098e+01,7.8355e+01,7.8801e+01,7.8967e+01,7.9554e+01,7.9726e+01,7.9587e+01,8.0037e+01,8.0438e+01,8.1279e+01,8.1817e+01,8.2718e+01,8.3295e+01,8.4150e+01,8.5434e+01,8.6308e+01,8.7577e+01,8.8403e+01,8.9587e+01,8.9743e+01,9.0888e+01,9.1886e+01,9.3637e+01,9.4004e+01,9.4943e+01,9.6920e+01,9.8664e+01,1.0062e+02,1.0257e+02,1.0453e+02,1.0589e+02,1.0816e+02,1.0944e+02,1.1070e+02,1.1247e+02,1.1394e+02,1.1611e+02,1.1834e+02,1.2045e+02,1.2267e+02,1.2446e+02,1.2626e+02,1.2779e+02,1.2956e+02,1.3049e+02,1.3147e+02,1.3213e+02,1.3262e+02,1.3353e+02,1.3449e+02,1.3548e+02,1.3647e+02,1.3741e+02,1.3851e+02,1.3979e+02,1.4087e+02,1.4227e+02,1.4308e+02,1.4396e+02,1.4497e+02,1.4548e+02,1.4607e+02,1.4585e+02,1.4556e+02
8.2382e+01,8.2350e+01,8.2476e+01,8.2563e+01,8.2733e+01,8.2850e+01,8.2751e+01,8.2979e+01,8.2554e+01,8.2168e+01,8.1825e+01,8.1455e+01,8.1263e+01,8.1005e+01,8.0596e+01,8.0542e+01,8.0134e+01,7.9869e+01,7.9474e+01,7.9515e+01,7.9754e+01,7.9807e+01,8.0188e+01,8.0262e+01,8.0510e+01,8.1081e+01,8.1546e+01,8.1664e+01,8.2089e+01,8.2441e+01,8.2955e+01,8.3384e+01,8.3759e+01,8.4300e+01,8.4563e+01,8.4668e+01,8.5275e+01,8.5508e+01,8.6135e+01,8.6430e+01,8.6936e+01,8.7694e+01,8.8696e+01,8.9336e+01,8.8825e+01,8.7857e+01,8.6940e+01,8.6955e+01,8.5863e+01,8.4980e+01,8.3769e+01,8.3425e+01,8.2388e+01,8.2388e+01,8.1538e+01,8.0986e+01,8.0303e+01,7.9884e+01,7.9372e+01,7.8925e+01,7.8527e+01,7.8268e+01,7.8112e+01,7.7909e+01,7.7797e+01,7.7913e+01,7.8072e+01,7.8237e+01,7.8492e+01,7.8939e+01,7.9106e+01,7.9691e+01,7.9865e+01,7.9726e+01,8.0177e+01,8.0581e+01,8.1423e+01,8.1959e+01,8.2862e+01,8.3438e+01,8.4295e+01,8.5580e+01,8.6453e+01,8.7723e+01,8.8553e+01,8.9737e+01,8.9897e+01,9.1045e+01,9.2046e+01,9.3797e+01,9.4161e+01,9.5101e+01,9.7076e+01,9.8818e+01,1.0077e+02,1.0272e+02,1.0467e+02,1.0604e+02,1.0830e+02,1.0959e+02,1.1084e+02,1.1260e+02,1.1407e+02,1.1624e+02,1.1847e+02,1.2057e+02,1.2279e+02,1.2457e+02,1.2637e+02,1.2790e+02,1.2966e+02,1.3060e+02,1.3158e+02,1.3224e+02,1.3273e+02,1.3364e+02,1.3460e+02,1.3558e+02,1.3658e+02,1.3752e+02,1.3862e+02,1.3989e+02,1.4098e+02,1.4237e+02,1.4319e+02,1.4406e+02,1.4508e+02,1.4559e+02,1.4618e+02,1.4596e+02,1.4566e+02
8.2408e+01,8.2374e+01,8.2498e+01,8.2581e+01,8.2750e+01,8.2864e+01,8.2765e+01,8.2993e+01,8.2567e+01,8.2180e+01,8.1838e+01,8.1469e+01,8.1278e+01,8.1021e+01,8.0612e+01,8.0554e+01,8.0145e+01,7.9877e+01,7.9485e+01,7.9527e+01,7.9765e+01,7.9815e+01,8.0196e+01,8.0266e+01,8.0514e+01,8.1083e+01,8.1544e+01,8.1665e+01,8.2087e+01,8.2436e+01,8.2949e+01,8.3375e+01,8.3750e+01,8.4289e+01,8.4553e+01,8.4655e+01,8.5258e+01,8.5491e+01,8.6116e+01,8.6409e+01,8.6912e+01,8.7670e+01,8.8673e+01,8.9312e+01,8.8798e+01,8.7827e+01,8.6910e+01,8.6923e+01,8.5831e+01,8.4947e+01,8.3737e+01,8.3391e+01,8.2356e+01,8.2352e+01,8.1507e+01,8.0962e+01,8.0286e+01,7.9872e+01,7.9364e+01,7.8923e+01,7.8530e+01,7.8276e+01,7.8125e+01,7.7926e+01,7.7813e+01,7.7934e+01,7.8092e+01,7.8259e+01,7.8517e+01,7.8966e+01,7.9135e+01,7.9722e+01,7.9896e+01,7.9756e+01,8.0208e+01,8.0612e+01,8.1455e+01,8.1990e+01,8.2893e+01,8.3470e+01,8.4326e+01,8.5609e+01,8.6480e+01,8.7748e+01,8.8576e+01,8.9758e+01,8.9917e+01,9.1062e+01,9.2061e+01,9.3808e+01,9.4172e+01,9.5111e+01,9.7082e+01,9.8820e+01,1.0077e+02,1.0272e+02,1.0467e+02,1.0604e+02,1.0830e+02,1.0958e+02,1.1083e+02,1.1259e+02,1.1406e+02,1.1623e+02,1.1846e+02,1.2057e+02,1.2278e+02,1.2456e+02,1.2636e+02,1.2790e+02,1.2966e+02,1.3059e+02,1.3157e+02,1.3223e+02,1.3272e+02,1.3363e+02,1.3459e+02,1.3558e+02,1.3657e+02,1.3752e+02,1.3861e+02,1.3989e+02,1.4097e+02,1.4237e+02,1.4319e+02,1.4406e+02,1.4508e+02,1.4559e+02,1.4618e+02,1.4596e+02,1.4567e+02
8.2662e+01,8.2625e+01,8.2745e+01,8.2827e+01,8.2993e+01,8.3105e+01,8.3007e+01,8.3233e+01,8.2808e+01,8.2421e+01,8.2080e+01,8.1710e+01,8.1518e+01,8.1258e+01,8.0849e+01,8.0793e+01,8.0385e+01,8.0115e+01,7.9722e+01,7.9767e+01,8.0004e+01,8.0049e+01,8.0431e+01,8.0497e+01,8.0746e+01,8.1315e+01,8.1775e+01,8.1895e+01,8.2312e+01,8.2661e+01,8.3172e+01,8.3596e+01,8.3973e+01,8.4513e+01,8.4777e+01,8.4877e+01,8.5475e+01,8.5704e+01,8.6327e+01,8.6619e+01,8.7118e+01,8.7875e+01,8.8878e+01,8.9514e+01,8.8999e+01,8.8030e+01,8.7115e+01,8.7124e+01,8.6034e+01,8.5151e+01,8.3944e+01,8.3596e+01,8.2564e+01,8.2560e+01,8.1718e+01,8.1178e+01,8.0507e+01,8.0098e+01,7.9589e+01,7.9152e+01,7.8758e+01,7.8509e+01,7.8363e+01,7.8164e+01,7.8051e+01,7.8176e+01,7.8333e+01,7.8502e+01,7.8762e+01,7.9213e+01,7.9386e+01,7.9974e+01,8.0150e+01,8.0011e+01,8.0464e+01,8.0868e+01,8.1712e+01,8.2247e+01,8.3150e+01,8.3727e+01,8.4582e+01,8.5865e+01,8.6734e+01,8.8000e+01,8.8828e+01,9.0008e+01,9.0168e+01,9.1310e+01,9.2308e+01,9.4051e+01,9.4414e+01,9.5354e+01,9.7321e+01,9.9053e+01,1.0100e+02,1.0294e+02,1.0489e+02,1.0625e+02,1.0851e+02,1.0979e+02,1.1103e+02,1.1279e+02,1.1425e+02,1.1642e+02,1.1864e+02,1.2074e+02,1.2295e+02,1.2473e+02,1.2653e+02,1.2806e+02,1.2982e+02,1.3076e+02,1.3174e+02,1.3240e+02,1.3288e+02,1.3380e+02,1.3476e+02,1.3574e+02,1.3674e+02,1.3768e+02,1.3877e+02,1.4005e+02,1.4113e+02,1.4253e+02,1.4334e+02,1.4422e+02,1.4523e+02,1.4574e+02,1.4634e+02,1.4612e+02,1.4582e+02
8.2991e+01,8.2952e+01,8.3071e+01,8.3152e+01,8.3316e+01,8.3426e+01,8.3327e+01,8.3553e+01,8.3129e+01,8.2742e+01,8.2402e+01,8.2032e+01,8.1841e+01,8.1581e+01,8.1173e+01,8.1117e+01,8.0711e+01,8.0440e+01,8.0047e+01,8.0092e+01,8.0329e+01,8.0372e+01,8.0754e+01,8.0818e+01,8.1068e+01,8.1635e+01,8.2092e+01,8.2214e+01,8.2630e+01,8.2978e+01,8.3488e+01,8.3912e+01,8.4290e+01,8.4831e+01,8.5098e+01,8.5197e+01,8.5791e+01,8.6020e+01,8.6640e+01,8.6932e+01,8.7424e+01,8.8180e+01,8.9182e+01,8.9815e+01,8.9298e+01,8.8331e+01,8.7417e+01,8.7423e+01,8.6333e+01,8.5453e+01,8.4249e+01,8.3898e+01,8.2870e+01,8.2867e+01,8.2031e+01,8.1497e+01,8.0830e+01,8.0427e+01,7.9919e+01,7.9484e+01,7.9091e+01,7.8846e+01,7.8700e+01,7.8502e+01,7.8386e+01,7.8510e+01,7.8664e+01,7.8830e+01,7.9091e+01,7.9540e+01,7.9713e+01,8.0300e+01,8.0478e+01,8.0342e+01,8.0795e+01,8.1199e+01,8.2039e+01,8.2575e+01,8.3475e+01,8.4047e+01,8.4897e+01,8.6176e+01,8.7041e+01,8.8304e+01,8.9129e+01,9.0307e+01,9.0465e+01,9.1602e+01,9.2595e+01,9.4333e+01,9.4696e+01,9.5633e+01,9.7592e+01,9.9317e+01,1.0126e+02,1.0319e+02,1.0513e+02,1.0649e+02,1.0873e+02,1.1001e+02,1.1125e+02,1.1299e+02,1.1445e+02,1.1661e+02,1.1882e+02,1.2091e+02,1.2311e+02,1.2489e+02,1.2668e+02,1.2821e+02,1.2996e+02,1.3089e+02,1.3187e+02,1.3253e+02,1.3302e+02,1.3393e+02,1.3489e+02,1.3588e+02,1.3687e+02,1.3781e+02,1.3890e+02,1.4018e+02,1.4126e+02,1.4265e+02,1.4346e+02,1.4434e+02,1.4535e+02,1.4586e+02,1.4646e+02,1.4624e+02,1.4595e+02
8.3188e+01,8.3146e+01,8.3263e+01,8.3346e+01,8.3510e+01,8.3622e+01,8.3526e+01,8.3755e+01,8.3331e+01,8.2947e+01,8.2607e+01,8.2237e+01,8.2044e+01,8.1781e+01,8.1373e+01,8.1315e+01,8.0911e+01,8.0637e+01,8.0243e+01,8.0286e+01,8.0519e+01,8.0558e+01,8.0942e+01,8.1002e+01,8.1252e+01,8.1818e+01,8.2272e+01,8.2393e+01,8.2806e+01,8.3153e+01,8.3661e+01,8.4085e+01,8.4462e+01,8.5004e+01,8.5266e+01,8.5362e+01,8.5953e+01,8.6182e+01,8.6799e+01,8.7089e+01,8.7580e+01,8.8332e+01,8.9330e+01,8.9960e+01,8.9444e+01,8.8479e+01,8.7569e+01,8.7575e+01,8.6488e+01,8.5611e+01,8.4413e+01,8.4061e+01,8.3038e+01,8.3037e+01,8.2205e+01,8.1677e+01,8.1013e+01,8.0613e+01,8.0107e+01,7.9673e+01,7.9280e+01,7.9037e+01,7.8894e+01,7.8695e+01,7.8582e+01,7.8709e+01,7.8866e+01,7.9034e+01,7.9296e+01,7.9747e+01,7.9921e+01,8.0510e+01,8.0688e+01,8.0551e+01,8.1003e+01,8.1406e+01,8.2247e+01,8.2782e+01,8.3682e+01,8.4255e+01,8.5105e+01,8.6382e+01,8.7247e+01,8.8508e+01,8.9331e+01,9.0505e+01,9.0664e+01,9.1799e+01,9.2792e+01,9.4525e+01,9.4885e+01,9.5819e+01,9.7773e+01,9.9493e+01,1.0143e+02,1.0336e+02,1.0529e+02,1.0665e+02,1.0889e+02,1.1016e+02,1.1140e+02,1.1314e+02,1.1460e+02,1.1675e+02,1.1896e+02,1.2106e+02,1.2325e+02,1.2502e+02,1.2681e+02,1.2834e+02,1.3010e+02,1.3103e+02,1.3200e+02,1.3266e+02,1.3315e+02,1.3406e+02,1.3502e+02,1.3600e+02,1.3700e+02,1.3794e+02,1.3903e+02,1.4030e+02,1.4137e+02,1.4277e+02,1.4358e+02,1.4445e+02,1.4546e+02,1.4597e+02,1.4657e+02,1.4635e+02,1.4605e+02
8.3350e+01,8.3306e+01,8.3422e+01,8.3508e+01,8.3671e+01,8.3784e+01,8.3688e+01,8.3918e+01,8.3492e+01,8.3108e+01,8.2769e+01,8.2401e+01,8.2209e+01,8.1948e+01,8.1539e+01,8.1481e+01,8.1078e+01,8.0801e+01,8.0408e+01,8.0448e+01,8.0677e+01,8.0715e+01,8.1097e+01,8.1156e+01,8.1407e+01,8.1973e+01,8.2425e+01,8.2544e+01,8.2956e+01,8.3297e+01,8.3803e+01,8.4223e+01,8.4598e+01,8.5138e+01,8.5401e+01,8.5499e+01,8.6089e+01,8.6318e+01,8.6931e+01,8.7222e+01,8.7715e+01,8.8468e+01,8.9462e+01,9.0093e+01,8.9582e+01,8.8619e+01,8.7713e+01,8.7723e+01,8.6641e+01,8.5766e+01,8.4570e+01,8.4220e+01,8.3198e+01,8.3195e+01,8.2364e+01,8.1836e+01,8.1174e+01,8.0774e+01,8.0268e+01,7.9835e+01,7.9441e+01,7.9197e+01,7.9055e+01,7.8857e+01,7.8746e+01,7.8873e+01,7.9031e+01,7.9199e+01,7.9462e+01,7.9913e+01,8.0087e+01,8.0677e+01,8.0853e+01,8.0715e+01,8.1167e+01,8.1569e+01,8.2409e+01,8.2943e+01,8.3843e+01,8.4418e+01,8.5268e+01,8.6543e+01,8.7408e+01,8.8665e+01,8.9486e+01,9.0657e+01,9.0815e+01,9.1949e+01,9.2940e+01,9.4670e+01,9.5028e+01,9.5961e+01,9.7912e+01,9.9629e+01,1.0156e+02,1.0349e+02,1.0542e+02,1.0678e+02,1.0902e+02,1.1028e+02,1.1152e+02,1.1326e+02,1.1472e+02,1.1687e+02,1.1908e+02,1.2117e+02,1.2336e+02,1.2514e+02,1.2693e+02,1.2846e+02,1.3021e+02,1.3114e+02,1.3212e+02,1.3278e+02,1.3326e+02,1.3417e+02,1.3513e+02,1.3612e+02,1.3711e+02,1.3805e+02,1.3914e+02,1.4041e+02,1.4149e+02,1.4288e+02,1.4369e+02,1.4456e+02,1.4557e+02,1.4608e+02,1.4667e+02,1.4646e+02,1.4616e+02
8.3594e+01,8.3548e+01,8.3663e+01,8.3749e+01,8.3910e+01,8.4024e+01,8.3930e+01,8.4160e+01,8.3736e+01,8.3354e+01,8.3015e+01,8.2653e+01,8.2461e+01,8.2204e+01,8.1796e+01,8.1737e+01,8.1336e+01,8.1058e+01,8.0670e+01,8.0710e+01,8.0936e+01,8.0969e+01,8.1345e+01,8.1400e+01,8.1650e+01,8.2213e+01,8.2659e+01,8.2780e+01,8.3189e+01,8.3525e+01,8.4028e+01,8.4444e+01,8.4815e+01,8.5349e+01,8.5614e+01,8.5711e+01,8.6295e+01,8.6521e+01,8.7128e+01,8.7418e+01,8.7907e+01,8.8661e+01,8.9650e+01,9.0278e+01,8.9771e+01,8.8815e+01,8.7916e+01,8.7929e+01,8.6853e+01,8.5983e+01,8.4794e+01,8.4448e+01,8.3434e+01,8.3430e+01,8.2604e+01,8.2080e+01,8.1424e+01,8.1026e+01,8.0528e+01,8.0099e+01,7.9711e+01,7.9471e+01,7.9331e+01,7.9137e+01,7.9029e+01,7.9156e+01,7.9313e+01,7.9484e+01,7.9743e+01,8.0194e+01,8.0368e+01,8.0954e+01,8.1130e+01,8.0991e+01,8.1440e+01,8.1845e+01,8.2684e+01,8.3215e+01,8.4115e+01,8.4691e+01,8.5541e+01,8.6814e+01,8.7678e+01,8.8933e+01,8.9754e+01,9.0925e+01,9.1085e+01,9.2219e+01,9.3210e+01,9.4939e+01,9.5293e+01,9.6226e+01,9.8174e+01,9.9888e+01,1.0182e+02,1.0374e+02,1.0568e+02,1.0704e+02,1.0928e+02,1.1054e+02,1.1178e+02,1.1351e+02,1.1498e+02,1.1713e+02,1.1933e+02,1.2143e+02,1.2362e+02,1.2539e+02,1.2718e+02,1.2871e+02,1.3047e+02,1.3139e+02,1.3236e+02,1.3302e+02,1.3350e+02,1.3441e+02,1.3537e+02,1.3636e+02,1.3735e+02,1.3829e+02,1.3937e+02,1.4064e+02,1.4172e+02,1.4311e+02,1.4392e+02,1.4479e+02,1.4580e+02,1.4631e+02,1.4690e+02,1.4668e+02,1.4639e+02
8.3972e+01,8.3923e+01,8.4035e+01,8.4121e+01,8.4279e+01,8.4390e+01,8.4296e+01,8.4526e+01,8.4100e+01,8.3720e+01,8.3383e+01,8.3026e+01,8.2835e+01,8.2580e+01,8.2174e+01,8.2113e+01,8.1713e+01,8.1434e+01,8.1050e+01,8.1090e+01,8.1310e+01,8.1339e+01,8.1713e+01,8.1761e+01,8.2009e+01,8.2568e+01,8.3011e+01,8.3133e+01,8.3541e+01,8.3869e+01,8.4370e+01,8.4780e+01,8.5148e+01,8.5676e+01,8.5939e+01,8.6036e+01,8.6614e+01,8.6839e+01,8.7439e+01,8.7726e+01,8.8211e+01,8.8960e+01,8.9944e+01,9.0567e+01,9.0065e+01,8.9114e+01,8.8223e+01,8.8237e+01,8.7168e+01,8.6303e+01,8.5123e+01,8.4779e+01,8.3772e+01,8.3766e+01,8.2948e+01,8.2428e+01,8.1779e+01,8.1385e+01,8.0890e+01,8.0466e+01,8.0081e+01,7.9844e+01,7.9708e+01,7.9517e+01,7.9412e+01,7.9542e+01,7.9701e+01,7.9873e+01,8.0134e+01,8.0587e+01,8.0760e+01,8.1347e+01,8.1523e+01,8.1382e+01,8.1831e+01,8.2235e+01,8.3075e+01,8.3605e+01,8.4506e+01,8.5083e+01,8.5934e+01,8.7206e+01,8.8070e+01,8.9324e+01,9.0145e+01,9.1314e+01,9.1474e+01,9.2609e+01,9.3600e+01,9.5328e+01,9.5677e+01,9.6607e+01,9.8550e+01,1.0026e+02,1.0219e+02,1.0411e+02,1.0604e+02,1.0739e+02,1.0962e+02,1.1088e+02,1.1211e+02,1.1384e+02,1.1530e+02,1.1745e+02,1.1965e+02,1.2174e+02,1.2392e+02,1.2570e+02,1.2749e+02,1.2901e+02,1.3076e+02,1.3168e+02,1.3265e+02,1.3331e+02,1.3379e+02,1.3470e+02,1.3565e+02,1.3664e+02,1.3763e+02,1.3857e+02,1.3965e+02,1.4091e+02,1.4199e+02,1.4338e+02,1.4418e+02,1.4505e+02,1.4606e+02,1.4657e+02,1.4716e+02,1.4694e+02,1.4665e+02
8.4198e+01,8.4149e+01,8.4260e+01,8.4346e+01,8.4502e+01,8.4615e+01,8.4524e+01,8.4753e+01,8.4327e+01,8.3947e+01,8.3610e+01,8.3253e+01,8.3063e+01,8.2808e+01,8.2403e+01,8.2342e+01,8.1943e+01,8.1662e+01,8.1280e+01,8.1320e+01,8.1535e+01,8.1560e+01,8.1932e+01,8.1978e+01,8.2226e+01,8.2783e+01,8.3225e+01,8.3349e+01,8.3755e+01,8.4084e+01,8.4584e+01,8.4994e+01,8.5363e+01,8.5891e+01,8.6155e+01,8.6251e+01,8.6825e+01,8.7048e+01,8.7645e+01,8.7931e+01,8.8413e+01,8.9160e+01,9.0139e+01,9.0759e+01,9.0258e+01,8.9313e+01,8.8425e+01,8.8440e+01,8.7375e+01,8.6516e+01,8.5340e+01,8.4995e+01,8.3993e+01,8.3991e+01,8.3177e+01,8.2659e+01,8.2010e+01,8.1620e+01,8.1127e+01,8.0703e+01,8.0319e+01,8.0085e+01,7.9950e+01,7.9761e+01,7.9654e+01,7.9783e+01,7.9939e+01,8.0111e+01,8.0370e+01,8.0821e+01,8.0995e+01,8.1581e+01,8.1758e+01,8.1619e+01,8.2069e+01,8.2473e+01,8.3311e+01,8.3840e+01,8.4739e+01,8.5314e+01,8.6162e+01,8.7433e+01,8.8295e+01,8.9548e+01,9.0368e+01,9.1535e+01,9.1695e+01,9.2828e+01,9.3818e+01,9.5542e+01,9.5890e+01,9.6819e+01,9.8758e+01,1.0047e+02,1.0239e+02,1.0431e+02,1.0623e+02,1.0759e+02,1.0982e+02,1.1108e+02,1.1230e+02,1.1403e+02,1.1549e+02,1.1763e+02,1.1983e+02,1.2192e+02,1.2410e+02,1.2587e+02,1.2766e+02,1.2918e+02,1.3093e+02,1.3185e+02,1.3282e+02,1.3348e+02,1.3396e+02,1.3486e+02,1.3582e+02,1.3680e+02,1.3780e+02,1.3873e+02,1.3981e+02,1.4107e+02,1.4215e+02,1.4354e+02,1.4434e+02,1.4521e+02,1.4622e+02,1.4672e+02,1.4731e+02,1.4710e+02,1.4680e+02
8.4508e+01,8.4458e+01,8.4571e+01,8.4658e+01,8.4815e+01,8.4929e+01,8.4837e+01,8.5062e+01,8.4634e+01,8.4251e+01,8.3913e+01,8.3555e+01,8.3363e+01,8.3109e+01,8.2705e+01,8.2644e+01,8.2244e+01,8.1965e+01,8.1585e+01,8.1624e+01,8.1837e+01,8.1858e+01,8.2228e+01,8.2272e+01,8.2518e+01,8.3072e+01,8.3510e+01,8.3633e+01,8.4039e+01,8.4367e+01,8.4868e+01,8.5277e+01,8.5647e+01,8.6173e+01,8.6437e+01,8.6530e+01,8.7101e+01,8.7324e+01,8.7920e+01,8.8205e+01,8.8688e+01,8.9435e+01,9.0414e+01,9.1034e+01,9.0537e+01,8.9598e+01,8.8713e+01,8.8730e+01,8.7666e+01,8.6812e+01,8.5638e+01,8.5291e+01,8.4292e+01,8.4292e+01,8.3480e+01,8.2964e+01,8.2314e+01,8.1925e+01,8.1433e+01,8.1008e+01,8.0623e+01,8.0389e+01,8.0252e+01,8.0063e+01,7.9956e+01,8.0083e+01,8.0239e+01,8.0409e+01,8.0667e+01,8.1115e+01,8.1289e+01,8.1872e+01,8.2048e+01,8.1911e+01,8.2359e+01,8.2762e+01,8.3596e+01,8.4125e+01,8.5020e+01,8.5592e+01,8.6437e+01,8.7704e+01,8.8562e+01,8.9812e+01,9.0630e+01,9.1793e+01,9.1952e+01,9.3081e+01,9.4067e+01,9.5787e+01,9.6133e+01,9.7058e+01,9.8991e+01,1.0069e+02,1.0262e+02,1.0452e+02,1.0644e+02,1.0779e+02,1.1002e+02,1.1127e+02,1.1250e+02,1.1422e+02,1.1568e+02,1.1782e+02,1.2002e+02,1.2210e+02,1.2428e+02,1.2605e+02,1.2783e+02,1.2936e+02,1.3110e+02,1.3202e+02,1.3299e+02,1.3364e+02,1.3412e+02,1.3502e+02,1.3598e+02,1.3696e+02,1.3795e+02,1.3888e+02,1.3996e+02,1.4122e+02,1.4229e+02,1.4368e+02,1.4449e+02,1.4536e+02,1.4636e+02,1.4686e+02,1.4745e+02,1.4724e+02,1.4695e+02
8.4886e+01,8.4839e+01,8.4954e+01,8.5043e+01,8.5198e+01,8.5314e+01,8.5223e+01,8.5446e+01,8.5019e+01,8.4634e+01,8.4298e+01,8.3939e+01,8.3746e+01,8.3492e+01,8.3091e+01,8.3032e+01,8.2635e+01,8.2356e+01,8.1978e+01,8.2016e+01,8.2224e+01,8.2243e+01,8.2612e+01,8.2653e+01,8.2899e+01,8.3451e+01,8.3889e+01,8.4011e+01,8.4419e+01,8.4746e+01,8.5248e+01,8.5656e+01,8.6023e+01,8.6547e+01,8.6809e+01,8.6899e+01,8.7465e+01,8.7687e+01,8.8282e+01,8.8568e+01,8.9049e+01,8.9794e+01,9.0771e+01,9.1389e+01,9.0895e+01,8.9962e+01,8.9081e+01,8.9100e+01,8.8039e+01,8.7191e+01,8.6021e+01,8.5675e+01,8.4679e+01,8.4683e+01,8.3873e+01,8.3357e+01,8.2707e+01,8.2319e+01,8.1825e+01,8.1400e+01,8.1011e+01,8.0777e+01,8.0640e+01,8.0449e+01,8.0340e+01,8.0467e+01,8.0623e+01,8.0791e+01,8.1049e+01,8.1496e+01,8.1671e+01,8.2253e+01,8.2430e+01,8.2295e+01,8.2743e+01,8.3144e+01,8.3976e+01,8.4504e+01,8.5397e+01,8.5966e+01,8.6808e+01,8.8072e+01,8.8928e+01,9.0175e+01,9.0991e+01,9.2152e+01,9.2310e+01,9.3437e+01,9.4420e+01,9.6137e+01,9.6483e+01,9.7406e+01,9.9334e+01,1.0103e+02,1.0295e+02,1.0485e+02,1.0676e+02,1.0811e+02,1.1033e+02,1.1158e+02,1.1280e+02,1.1452e+02,1.1597e+02,1.1810e+02,1.2029e+02,1.2237e+02,1.2454e+02,1.2631e+02,1.2808e+02,1.2960e+02,1.3134e+02,1.3226e+02,1.3322e+02,1.3388e+02,1.3436e+02,1.3525e+02,1.3621e+02,1.3719e+02,1.3818e+02,1.3910e+02,1.4018e+02,1.4143e+02,1.4251e+02,1.4389e+02,1.4470e+02,1.4557e+02,1.4657e+02,1.4707e+02,1.4766e+02,1.4744e+02,1.4715e+02
8.5176e+01,8.5130e+01,8.5247e+01,8.5336e+01,8.5492e+01,8.5608e+01,8.5517e+01,8.5738e+01,8.5308e+01,8.4920e+01,8.4582e+01,8.4221e+01,8.4030e+01,8.3774e+01,8.3369e+01,8.3309e+01,8.2914e+01,8.2633e+01,8.2256e+01,8.2293e+01,8.2496e+01,8.2512e+01,8.2878e+01,8.2918e+01,8.3164e+01,8.3715e+01,8.4153e+01,8.4277e+01,8.4685e+01,8.5013e+01,8.5514e+01,8.5926e+01,8.6297e+01,8.6825e+01,8.7087e+01,8.7174e+01,8.7739e+01,8.7962e+01,8.8560e+01,8.8848e+01,8.9329e+01,9.0073e+01,9.1047e+01,9.1663e+01,9.1170e+01,9.0240e+01,8.9359e+01,8.9379e+01,8.8318e+01,8.7474e+01,8.6304e+01,8.5957e+01,8.4962e+01,8.4970e+01,8.4161e+01,8.3644e+01,8.2991e+01,8.2605e+01,8.2111e+01,8.1684e+01,8.1295e+01,8.1061e+01,8.0923e+01,8.0733e+01,8.0624e+01,8.0749e+01,8.0904e+01,8.1071e+01,8.1328e+01,8.1773e+01,8.1948e+01,8.2527e+01,8.2705e+01,8.2571e+01,8.3019e+01,8.3419e+01,8.4248e+01,8.4777e+01,8.5667e+01,8.6234e+01,8.7073e+01,8.8334e+01,8.9189e+01,9.0433e+01,9.1247e+01,9.2406e+01,9.2562e+01,9.3686e+01,9.4665e+01,9.6379e+01,9.6725e+01,9.7646e+01,9.9570e+01,1.0127e+02,1.0318e+02,1.0507e+02,1.0698e+02,1.0832e+02,1.1053e+02,1.1178e+02,1.1299e+02,1.1471e+02,1.1616e+02,1.1828e+02,1.2046e+02,1.2253e+02,1.2470e+02,1.2646e+02,1.2823e+02,1.2975e+02,1.3148e+02,1.3240e+02,1.3336e+02,1.3401e+02,1.3449e+02,1.3539e+02,1.3634e+02,1.3732e+02,1.3831e+02,1.3923e+02,1.4030e+02,1.4156e+02,1.4263e+02,1.4401e+02,1.4482e+02,1.4569e+02,1.4669e+02,1.4719e+02,1.4778e+02,1.4756e+02,1.4727e+02
8.5500e+01,8.5453e+01,8.5573e+01,8.5662e+01,8.5817e+01,8.5933e+01,8.5841e+01,8.6060e+01,8.5631e+01,8.5245e+01,8.4907e+01,8.4545e+01,8.4356e+01,8.4100e+01,8.3696e+01,8.3636e+01,8.3244e+01,8.2964e+01,8.2588e+01,8.2623e+01,8.2825e+01,8.2840e+01,8.3205e+01,8.3244e+01,8.3491e+01,8.4040e+01,8.4478e+01,8.4603e+01,8.5011e+01,8.5338e+01,8.5838e+01,8.6252e+01,8.6622e+01,8.7147e+01,8.7408e+01,8.7495e+01,8.8060e+01,8.8282e+01,8.8879e+01,8.9167e+01,8.9645e+01,9.0387e+01,9.1357e+01,9.1968e+01,9.1473e+01,9.0545e+01,8.9664e+01,8.9681e+01,8.8622e+01,8.7781e+01,8.6615e+01,8.6266e+01,8.5276e+01,8.5286e+01,8.4481e+01,8.3967e+01,8.3317e+01,8.2935e+01,8.2443e+01,8.2017e+01,8.1628e+01,8.1397e+01,8.1260e+01,8.1071e+01,8.0960e+01,8.1086e+01,8.1239e+01,8.1406e+01,8.1665e+01,8.2110e+01,8.2287e+01,8.2868e+01,8.3047e+01,8.2915e+01,8.3364e+01,8.3763e+01,8.4592e+01,8.5122e+01,8.6012e+01,8.6577e+01,8.7414e+01,8.8674e+01,8.9528e+01,9.0770e+01,9.1582e+01,9.2740e+01,9.2894e+01,9.4014e+01,9.4990e+01,9.6702e+01,9.7049e+01,9.7968e+01,9.9889e+01,1.0158e+02,1.0349e+02,1.0538e+02,1.0728e+02,1.0862e+02,1.1082e+02,1.1206e+02,1.1327e+02,1.1498e+02,1.1643e+02,1.1855e+02,1.2072e+02,1.2279e+02,1.2495e+02,1.2670e+02,1.2847e+02,1.2998e+02,1.3172e+02,1.3263e+02,1.3359e+02,1.3424e+02,1.3471e+02,1.3561e+02,1.3656e+02,1.3754e+02,1.3852e+02,1.3945e+02,1.4051e+02,1.4177e+02,1.4284e+02,1.4422e+02,1.4502e+02,1.4589e+02,1.4689e+02,1.4739e+02,1.4798e+02,1.4777e+02,1.4748e+02
8.5898e+01,8.5853e+01,8.5973e+01,8.6060e+01,8.6210e+01,8.6324e+01,8.6230e+01,8.6449e+01,8.6023e+01,8.5639e+01,8.5304e+01,8.4944e+01,8.4757e+01,8.4500e+01,8.4097e+01,8.4036e+01,8.3647e+01,8.3370e+01,8.2999e+01,8.3036e+01,8.3234e+01,8.3249e+01,8.3610e+01,8.3647e+01,8.3893e+01,8.4435e+01,8.4870e+01,8.4997e+01,8.5404e+01,8.5728e+01,8.6226e+01,8.6639e+01,8.7012e+01,8.7537e+01,8.7798e+01,8.7883e+01,8.8444e+01,8.8668e+01,8.9261e+01,8.9549e+01,9.0023e+01,9.0764e+01,9.1729e+01,9.2334e+01,9.1840e+01,9.0918e+01,9.0041e+01,9.0056e+01,8.9001e+01,8.8166e+01,8.7008e+01,8.6658e+01,8.5675e+01,8.5687e+01,8.4887e+01,8.4376e+01,8.3729e+01,8.3350e+01,8.2863e+01,8.2437e+01,8.2051e+01,8.1820e+01,8.1683e+01,8.1497e+01,8.1386e+01,8.1509e+01,8.1660e+01,8.1827e+01,8.2084e+01,8.2527e+01,8.2702e+01,8.3281e+01,8.3458e+01,8.3326e+01,8.3772e+01,8.4169e+01,8.4995e+01,8.5523e+01,8.6410e+01,8.6975e+01,8.7810e+01,8.9066e+01,8.9917e+01,9.1155e+01,9.1965e+01,9.3119e+01,9.3273e+01,9.4393e+01,9.5368e+01,9.7076e+01,9.7419e+01,9.8335e+01,1.0025e+02,1.0194e+02,1.0384e+02,1.0572e+02,1.0762e+02,1.0896e+02,1.1115e+02,1.1240e+02,1.1360e+02,1.1531e+02,1.1675e+02,1.1887e+02,1.2103e+02,1.2309e+02,1.2525e+02,1.2699e+02,1.2876e+02,1.3027e+02,1.3200e+02,1.3291e+02,1.3387e+02,1.3451e+02,1.3499e+02,1.3588e+02,1.3683e+02,1.3781e+02,1.3879e+02,1.3972e+02,1.4078e+02,1.4203e+02,1.4310e+02,1.4448e+02,1.4528e+02,1.4615e+02,1.4715e+02,1.4765e+02,1.4824e+02,1.4802e+02,1.4773e+02
8.6319e+01,8.6274e+01,8.6393e+01,8.6477e+01,8.6623e+01,8.6735e+01,8.6642e+01,8.6861e+01,8.6439e+01,8.6060e+01,8.5727e+01,8.5368e+01,8.5185e+01,8.4927e+01,8.4523e+01,8.4462e+01,8.4077e+01,8.3802e+01,8.3436e+01,8.3474e+01,8.3669e+01,8.3682e+01,8.4039e+01,8.4073e+01,8.4317e+01,8.4856e+01,8.5289e+01,8.5419e+01,8.5823e+01,8.6141e+01,8.6634e+01,8.7045e+01,8.7416e+01,8.7937e+01,8.8197e+01,8.8280e+01,8.8841e+01,8.9065e+01,8.9657e+01,8.9948e+01,9.0420e+01,9.1160e+01,9.2118e+01,9.2723e+01,9.2232e+01,9.1314e+01,9.0440e+01,9.0456e+01,8.9404e+01,8.8571e+01,8.7418e+01,8.7067e+01,8.6089e+01,8.6099e+01,8.5304e+01,8.4795e+01,8.4152e+01,8.3777e+01,8.3292e+01,8.2869e+01,8.2484e+01,8.2255e+01,8.2120e+01,8.1934e+01,8.1823e+01,8.1947e+01,8.2098e+01,8.2265e+01,8.2523e+01,8.2968e+01,8.3143e+01,8.3722e+01,8.3898e+01,8.3764e+01,8.4208e+01,8.4605e+01,8.5432e+01,8.5959e+01,8.6846e+01,8.7413e+01,8.8249e+01,8.9503e+01,9.0354e+01,9.1590e+01,9.2398e+01,9.3547e+01,9.3702e+01,9.4822e+01,9.5795e+01,9.7500e+01,9.7840e+01,9.8752e+01,1.0066e+02,1.0234e+02,1.0425e+02,1.0612e+02,1.0801e+02,1.0934e+02,1.1153e+02,1.1277e+02,1.1398e+02,1.1567e+02,1.1712e+02,1.1922e+02,1.2138e+02,1.2343e+02,1.2557e+02,1.2732e+02,1.2907e+02,1.3058e+02,1.3230e+02,1.3321e+02,1.3416e+02,1.3481e+02,1.3528e+02,1.3617e+02,1.3712e+02,1.3810e+02,1.3908e+02,1.4000e+02,1.4106e+02,1.4231e+02,1.4337e+02,1.4474e+02,1.4555e+02,1.4641e+02,1.4741e+02,1.4791e+02,1.4850e+02,1.4828e+02,1.4800e+02
8.6538e+01,8.6492e+01,8.6614e+01,8.6699e+01,8.6842e+01,8.6952e+01,8.6856e+01,8.7071e+01,8.6650e+01,8.6273e+01,8.5944e+01,8.5586e+01,8.5405e+01,8.5151e+01,8.4748e+01,8.4687e+01,8.4303e+01,8.4030e+01,8.3665e+01,8.3702e+01,8.3895e+01,8.3908e+01,8.4264e+01,8.4298e+01,8.4538e+01,8.5073e+01,8.5499e+01,8.5627e+01,8.6027e+01,8.6343e+01,8.6830e+01,8.7242e+01,8.7611e+01,8.8133e+01,8.8392e+01,8.8479e+01,8.9042e+01,8.9270e+01,8.9861e+01,9.0153e+01,9.0626e+01,9.1367e+01,9.2322e+01,9.2923e+01,9.2434e+01,9.1521e+01,9.0648e+01,9.0665e+01,8.9616e+01,8.8783e+01,8.7632e+01,8.7283e+01,8.6306e+01,8.6316e+01,8.5521e+01,8.5013e+01,8.4373e+01,8.3998e+01,8.3515e+01,8.3094e+01,8.2710e+01,8.2482e+01,8.2348e+01,8.2164e+01,8.2055e+01,8.2177e+01,8.2328e+01,8.2495e+01,8.2753e+01,8.3196e+01,8.3370e+01,8.3949e+01,8.4124e+01,8.3988e+01,8.4431e+01,8.4828e+01,8.5654e+01,8.6179e+01,8.7066e+01,8.7633e+01,8.8469e+01,8.9722e+01,9.0572e+01,9.1806e+01,9.2614e+01,9.3762e+01,9.3919e+01,9.5040e+01,9.6015e+01,9.7719e+01,9.8054e+01,9.8964e+01,1.0087e+02,1.0255e+02,1.0445e+02,1.0632e+02,1.0821e+02,1.0954e+02,1.1172e+02,1.1297e+02,1.1417e+02,1.1586e+02,1.1730e+02,1.1940e+02,1.2155e+02,1.2360e+02,1.2574e+02,1.2748e+02,1.2924e+02,1.3074e+02,1.3246e+02,1.3336e+02,1.3432e+02,1.3496e+02,1.3543e+02,1.3632e+02,1.3726e+02,1.3824e+02,1.3922e+02,1.4014e+02,1.4119e+02,1.4244e+02,1.4350e+02,1.4487e+02,1.4567e+02,1.4654e+02,1.4753e+02,1.4804e+02,1.4862e+02,1.4841e+02,1.4812e+02
8.6750e+01,8.6704e+01,8.6826e+01,8.6909e+01,8.7049e+01,8.7158e+01,8.7061e+01,8.7277e+01,8.6856e+01,8.6481e+01,8.6156e+01,8.5800e+01,8.5624e+01,8.5373e+01,8.4970e+01,8.4907e+01,8.4524e+01,8.4251e+01,8.3888e+01,8.3926e+01,8.4121e+01,8.4134e+01,8.4487e+01,8.4520e+01,8.4757e+01,8.5290e+01,8.5715e+01,8.5845e+01,8.6243e+01,8.6556e+01,8.7041e+01,8.7454e+01,8.7820e+01,8.8342e+01,8.8604e+01,8.8694e+01,8.9261e+01,8.9494e+01,9.0085e+01,9.0380e+01,9.0852e+01,9.1596e+01,9.2549e+01,9.3146e+01,9.2659e+01,9.1748e+01,9.0876e+01,9.0894e+01,8.9844e+01,8.9010e+01,8.7860e+01,8.7512e+01,8.6536e+01,8.6543e+01,8.5749e+01,8.5243e+01,8.4603e+01,8.4231e+01,8.3751e+01,8.3331e+01,8.2949e+01,8.2721e+01,8.2587e+01,8.2405e+01,8.2296e+01,8.2416e+01,8.2565e+01,8.2732e+01,8.2989e+01,8.3432e+01,8.3606e+01,8.4184e+01,8.4359e+01,8.4224e+01,8.4667e+01,8.5064e+01,8.5890e+01,8.6415e+01,8.7303e+01,8.7871e+01,8.8706e+01,8.9960e+01,9.0810e+01,9.2045e+01,9.2854e+01,9.4001e+01,9.4159e+01,9.5281e+01,9.6258e+01,9.7962e+01,9.8295e+01,9.9203e+01,1.0110e+02,1.0279e+02,1.0469e+02,1.0655e+02,1.0845e+02,1.0978e+02,1.1196e+02,1.1320e+02,1.1440e+02,1.1609e+02,1.1752e+02,1.1962e+02,1.2176e+02,1.2381e+02,1.2595e+02,1.2768e+02,1.2943e+02,1.3093e+02,1.3265e+02,1.3355e+02,1.3450e+02,1.3514e+02,1.3561e+02,1.3649e+02,1.3743e+02,1.3841e+02,1.3939e+02,1.4030e+02,1.4135e+02,1.4259e+02,1.4366e+02,1.4502e+02,1.4582e+02,1.4669e+02,1.4768e+02,1.4819e+02,1.4877e+02,1.4856e+02,1.4827e+02
8.7077e+01,8.7031e+01,8.7151e+01,8.7233e+01,8.7373e+01,8.7481e+01,8.7384e+01,8.7597e+01,8.7177e+01,8.6804e+01,8.6479e+01,8.6124e+01,8.5950e+01,8.5700e+01,8.5298e+01,8.5233e+01,8.4852e+01,8.4580e+01,8.4218e+01,8.4257e+01,8.4452e+01,8.4463e+01,8.4812e+01,8.4846e+01,8.5079e+01,8.5609e+01,8.6033e+01,8.6165e+01,8.6561e+01,8.6870e+01,8.7353e+01,8.7766e+01,8.8130e+01,8.8654e+01,8.8914e+01,8.9006e+01,8.9575e+01,8.9812e+01,9.0401e+01,9.0695e+01,9.1167e+01,9.1909e+01,9.2857e+01,9.3449e+01,9.2963e+01,9.2057e+01,9.1188e+01,9.1207e+01,9.0161e+01,8.9330e+01,8.8186e+01,8.7839e+01,8.6868e+01,8.6877e+01,8.6087e+01,8.5581e+01,8.4944e+01,8.4574e+01,8.4098e+01,8.3679e+01,8.3300e+01,8.3075e+01,8.2941e+01,8.2762e+01,8.2654e+01,8.2772e+01,8.2919e+01,8.3087e+01,8.3342e+01,8.3783e+01,8.3957e+01,8.4534e+01,8.4709e+01,8.4574e+01,8.5016e+01,8.5414e+01,8.6239e+01,8.6762e+01,8.7649e+01,8.8217e+01,8.9052e+01,9.0303e+01,9.1152e+01,9.2384e+01,9.3192e+01,9.4337e+01,9.4497e+01,9.5617e+01,9.6593e+01,9.8294e+01,9.8625e+01,9.9531e+01,1.0143e+02,1.0311e+02,1.0501e+02,1.0687e+02,1.0876e+02,1.1009e+02,1.1226e+02,1.1350e+02,1.1470e+02,1.1638e+02,1.1782e+02,1.1991e+02,1.2205e+02,1.2410e+02,1.2623e+02,1.2796e+02,1.2971e+02,1.3120e+02,1.3292e+02,1.3382e+02,1.3476e+02,1.3540e+02,1.3586e+02,1.3674e+02,1.3768e+02,1.3866e+02,1.3963e+02,1.4054e+02,1.4159e+02,1.4283e+02,1.4389e+02,1.4525e+02,1.4605e+02,1.4691e+02,1.4790e+02,1.4841e+02,1.4899e+02,1.4878e+02,1.4849e+02
8.7228e+01,8.7183e+01,8.7303e+01,8.7382e+01,8.7520e+01,8.7625e+01,8.7526e+01,8.7739e+01,8.7320e+01,8.6949e+01,8.6629e+01,8.6278e+01,8.6106e+01,8.5857e+01,8.5457e+01,8.5390e+01,8.5009e+01,8.4740e+01,8.4382e+01,8.4423e+01,8.4622e+01,8.4634e+01,8.4982e+01,8.5016e+01,8.5247e+01,8.5774e+01,8.6194e+01,8.6323e+01,8.6715e+01,8.7022e+01,8.7502e+01,8.7914e+01,8.8276e+01,8.8797e+01,8.9059e+01,8.9155e+01,8.9725e+01,8.9964e+01,9.0552e+01,9.0849e+01,9.1320e+01,9.2066e+01,9.3011e+01,9.3601e+01,9.3118e+01,9.2218e+01,9.1353e+01,9.1374e+01,9.0330e+01,8.9499e+01,8.8357e+01,8.8012e+01,8.7042e+01,8.7050e+01,8.6260e+01,8.5752e+01,8.5114e+01,8.4745e+01,8.4272e+01,8.3852e+01,8.3476e+01,8.3249e+01,8.3115e+01,8.2938e+01,8.2833e+01,8.2949e+01,8.3099e+01,8.3269e+01,8.3522e+01,8.3964e+01,8.4136e+01,8.4712e+01,8.4883e+01,8.4744e+01,8.5182e+01,8.5580e+01,8.6405e+01,8.6924e+01,8.7812e+01,8.8383e+01,8.9220e+01,9.0470e+01,9.1321e+01,9.2552e+01,9.3360e+01,9.4501e+01,9.4663e+01,9.5787e+01,9.6765e+01,9.8465e+01,9.8792e+01,9.9695e+01,1.0159e+02,1.0327e+02,1.0517e+02,1.0702e+02,1.0892e+02,1.1025e+02,1.1242e+02,1.1366e+02,1.1485e+02,1.1654e+02,1.1797e+02,1.2006e+02,1.2220e+02,1.2424e+02,1.2637e+02,1.2810e+02,1.2985e+02,1.3134e+02,1.3306e+02,1.3395e+02,1.3490e+02,1.3553e+02,1.3599e+02,1.3687e+02,1.3781e+02,1.3878e+02,1.3975e+02,1.4067e+02,1.4171e+02,1.4295e+02,1.4400e+02,1.4536e+02,1.4616e+02,1.4702e+02,1.4801e+02,1.4852e+02,1.4910e+02,1.4889e+02,1.4861e+02
8.7393e+01,8.7350e+01,8.7467e+01,8.7545e+01,8.7682e+01,8.7785e+01,8.7683e+01,8.7896e+01,8.7477e+01,8.7108e+01,8.6789e+01,8.6441e+01,8.6268e+01,8.6019e+01,8.5620e+01,8.5552e+01,8.5169e+01,8.4902e+01,8.4544e+01,8.4589e+01,8.4791e+01,8.4803e+01,8.5150e+01,8.5185e+01,8.5416e+01,8.5942e+01,8.6359e+01,8.6486e+01,8.6876e+01,8.7181e+01,8.7660e+01,8.8071e+01,8.8433e+01,8.8954e+01,8.9216e+01,8.9313e+01,8.9883e+01,9.0122e+01,9.0710e+01,9.1008e+01,9.1480e+01,9.2226e+01,9.3171e+01,9.3761e+01,9.3279e+01,9.2382e+01,9.1519e+01,9.1542e+01,9.0499e+01,8.9668e+01,8.8527e+01,8.8184e+01,8.7214e+01,8.7220e+01,8.6432e+01,8.5923e+01,8.5288e+01,8.4918e+01,8.4445e+01,8.4027e+01,8.3651e+01,8.3423e+01,8.3290e+01,8.3115e+01,8.3011e+01,8.3127e+01,8.3277e+01,8.3447e+01,8.3699e+01,8.4140e+01,8.4310e+01,8.4885e+01,8.5055e+01,8.4914e+01,8.5349e+01,8.5747e+01,8.6571e+01,8.7088e+01,8.7977e+01,8.8548e+01,8.9385e+01,9.0634e+01,9.1485e+01,9.2714e+01,9.3521e+01,9.4661e+01,9.4824e+01,9.5949e+01,9.6929e+01,9.8629e+01,9.8954e+01,9.9857e+01,1.0175e+02,1.0343e+02,1.0533e+02,1.0718e+02,1.0908e+02,1.1041e+02,1.1258e+02,1.1382e+02,1.1501e+02,1.1669e+02,1.1813e+02,1.2022e+02,1.2235e+02,1.2439e+02,1.2652e+02,1.2824e+02,1.2999e+02,1.3148e+02,1.3320e+02,1.3409e+02,1.3503e+02,1.3567e+02,1.3613e+02,1.3700e+02,1.3794e+02,1.3891e+02,1.3989e+02,1.4080e+02,1.4184e+02,1.4308e+02,1.4413e+02,1.4549e+02,1.4629e+02,1.4715e+02,1.4814e+02,1.4864e+02,1.4923e+02,1.4902e+02,1.4873e+02
8.7614e+01,8.7572e+01,8.7687e+01,8.7763e+01,8.7900e+01,8.8002e+01,8.7900e+01,8.8112e+01,8.7692e+01,8.7320e+01,8.7003e+01,8.6654e+01,8.6483e+01,8.6237e+01,8.5839e+01,8.5770e+01,8.5389e+01,8.5122e+01,8.4765e+01,8.4808e+01,8.5009e+01,8.5019e+01,8.5364e+01,8.5398e+01,8.5625e+01,8.6148e+01,8.6564e+01,8.6691e+01,8.7077e+01,8.7380e+01,8.7856e+01,8.8266e+01,8.8626e+01,8.9149e+01,8.9411e+01,8.9508e+01,9.0080e+01,9.0319e+01,9.0910e+01,9.1209e+01,9.1682e+01,9.2428e+01,9.3370e+01,9.3960e+01,9.3481e+01,9.2586e+01,9.1726e+01,9.1754e+01,9.0711e+01,8.9881e+01,8.8741e+01,8.8401e+01,8.7431e+01,8.7437e+01,8.6647e+01,8.6137e+01,8.5504e+01,8.5134e+01,8.4660e+01,8.4245e+01,8.3870e+01,8.3643e+01,8.3513e+01,8.3340e+01,8.3241e+01,8.3358e+01,8.3510e+01,8.3684e+01,8.3935e+01,8.4377e+01,8.4546e+01,8.5120e+01,8.5288e+01,8.5145e+01,8.5579e+01,8.5979e+01,8.6803e+01,8.7317e+01,8.8207e+01,8.8778e+01,8.9617e+01,9.0865e+01,9.1714e+01,9.2942e+01,9.3752e+01,9.4891e+01,9.5058e+01,9.6185e+01,9.7167e+01,9.8867e+01,9.9189e+01,1.0009e+02,1.0198e+02,1.0366e+02,1.0556e+02,1.0741e+02,1.0930e+02,1.1064e+02,1.1280e+02,1.1404e+02,1.1522e+02,1.1690e+02,1.1833e+02,1.2041e+02,1.2254e+02,1.2458e+02,1.2670e+02,1.2842e+02,1.3016e+02,1.3165e+02,1.3335e+02,1.3424e+02,1.3518e+02,1.3582e+02,1.3628e+02,1.3715e+02,1.3809e+02,1.3905e+02,1.4002e+02,1.4093e+02,1.4197e+02,1.4320e+02,1.4426e+02,1.4561e+02,1.4640e+02,1.4726e+02,1.4825e+02,1.4875e+02,1.4934e+02,1.4913e+02,1.4884e+02
8.7862e+01,8.7819e+01,8.7931e+01,8.8008e+01,8.8144e+01,8.8246e+01,8.8146e+01,8.8359e+01,8.7941e+01,8.7566e+01,8.7250e+01,8.6901e+01,8.6732e+01,8.6490e+01,8.6093e+01,8.6023e+01,8.5643e+01,8.5377e+01,8.5022e+01,8.5066e+01,8.5267e+01,8.5274e+01,8.5617e+01,8.5651e+01,8.5876e+01,8.6395e+01,8.6806e+01,8.6933e+01,8.7316e+01,8.7617e+01,8.8091e+01,8.8498e+01,8.8855e+01,8.9378e+01,8.9638e+01,8.9736e+01,9.0308e+01,9.0549e+01,9.1139e+01,9.1438e+01,9.1914e+01,9.2660e+01,9.3599e+01,9.4189e+01,9.3713e+01,9.2822e+01,9.1967e+01,9.1999e+01,9.0960e+01,9.0133e+01,8.8996e+01,8.8662e+01,8.7694e+01,8.7698e+01,8.6909e+01,8.6395e+01,8.5765e+01,8.5391e+01,8.4919e+01,8.4506e+01,8.4133e+01,8.3904e+01,8.3777e+01,8.3605e+01,8.3511e+01,8.3629e+01,8.3783e+01,8.3960e+01,8.4208e+01,8.4651e+01,8.4816e+01,8.5388e+01,8.5552e+01,8.5404e+01,8.5834e+01,8.6232e+01,8.7055e+01,8.7564e+01,8.8453e+01,8.9027e+01,8.9866e+01,9.1110e+01,9.1960e+01,9.3183e+01,9.3989e+01,9.5122e+01,9.5290e+01,9.6419e+01,9.7401e+01,9.9098e+01,9.9414e+01,1.0031e+02,1.0220e+02,1.0388e+02,1.0577e+02,1.0761e+02,1.0950e+02,1.1084e+02,1.1300e+02,1.1424e+02,1.1542e+02,1.1709e+02,1.1852e+02,1.2060e+02,1.2272e+02,1.2475e+02,1.2687e+02,1.2858e+02,1.3032e+02,1.3180e+02,1.3351e+02,1.3440e+02,1.3533e+02,1.3596e+02,1.3642e+02,1.3729e+02,1.3822e+02,1.3919e+02,1.4016e+02,1.4106e+02,1.4210e+02,1.4333e+02,1.4438e+02,1.4573e+02,1.4652e+02,1.4738e+02,1.4837e+02,1.4887e+02,1.4945e+02,1.4924e+02,1.4896e+02
8.8087e+01,8.8042e+01,8.8152e+01,8.8229e+01,8.8366e+01,8.8467e+01,8.8367e+01,8.8580e+01,8.8165e+01,8.7792e+01,8.7475e+01,8.7126e+01,8.6956e+01,8.6714e+01,8.6318e+01,8.6247e+01,8.5866e+01,8.5602e+01,8.5247e+01,8.5293e+01,8.5497e+01,8.5505e+01,8.5847e+01,8.5880e+01,8.6102e+01,8.6621e+01,8.7032e+01,8.7158e+01,8.7541e+01,8.7840e+01,8.8314e+01,8.8720e+01,8.9074e+01,8.9596e+01,8.9855e+01,8.9952e+01,9.0525e+01,9.0767e+01,9.1357e+01,9.1657e+01,9.2135e+01,9.2883e+01,9.3822e+01,9.4413e+01,9.3940e+01,9.3052e+01,9.2200e+01,9.2235e+01,9.1196e+01,9.0368e+01,8.9231e+01,8.8900e+01,8.7930e+01,8.7932e+01,8.7140e+01,8.6624e+01,8.5994e+01,8.5619e+01,8.5149e+01,8.4736e+01,8.4364e+01,8.4133e+01,8.4006e+01,8.3834e+01,8.3742e+01,8.3859e+01,8.4014e+01,8.4192e+01,8.4439e+01,8.4881e+01,8.5044e+01,8.5617e+01,8.5778e+01,8.5628e+01,8.6056e+01,8.6454e+01,8.7277e+01,8.7784e+01,8.8673e+01,8.9249e+01,9.0089e+01,9.1332e+01,9.2183e+01,9.3404e+01,9.4211e+01,9.5342e+01,9.5510e+01,9.6639e+01,9.7621e+01,9.9318e+01,9.9634e+01,1.0053e+02,1.0242e+02,1.0409e+02,1.0599e+02,1.0783e+02,1.0972e+02,1.1105e+02,1.1321e+02,1.1444e+02,1.1562e+02,1.1729e+02,1.1872e+02,1.2080e+02,1.2291e+02,1.2494e+02,1.2705e+02,1.2876e+02,1.3049e+02,1.3198e+02,1.3368e+02,1.3456e+02,1.3549e+02,1.3612e+02,1.3658e+02,1.3744e+02,1.3837e+02,1.3933e+02,1.4030e+02,1.4120e+02,1.4224e+02,1.4346e+02,1.4451e+02,1.4585e+02,1.4664e+02,1.4750e+02,1.4849e+02,1.4898e+02,1.4956e+02,1.4935e+02,1.4907e+02
8.8303e+01,8.8258e+01,8.8368e+01,8.8445e+01,8.8581e+01,8.8682e+01,8.8582e+01,8.8795e+01,8.8382e+01,8.8009e+01,8.7693e+01,8.7344e+01,8.7179e+01,8.6940e+01,8.6543e+01,8.6470e+01,8.6090e+01,8.5828e+01,8.5475e+01,8.5519e+01,8.5723e+01,8.5730e+01,8.6071e+01,8.6103e+01,8.6323e+01,8.6839e+01,8.7246e+01,8.7372e+01,8.7753e+01,8.8052e+01,8.8524e+01,8.8929e+01,8.9278e+01,8.9799e+01,9.0056e+01,9.0154e+01,9.0727e+01,9.0969e+01,9.1558e+01,9.1856e+01,9.2336e+01,9.3082e+01,9.4019e+01,9.4610e+01,9.4140e+01,9.3257e+01,9.2407e+01,9.2445e+01,9.1407e+01,9.0579e+01,8.9445e+01,8.9119e+01,8.8152e+01,8.8152e+01,8.7361e+01,8.6844e+01,8.6216e+01,8.5842e+01,8.5374e+01,8.4964e+01,8.4596e+01,8.4367e+01,8.4241e+01,8.4072e+01,8.3981e+01,8.4096e+01,8.4250e+01,8.4428e+01,8.4675e+01,8.5117e+01,8.5281e+01,8.5852e+01,8.6015e+01,8.5865e+01,8.6294e+01,8.6693e+01,8.7516e+01,8.8024e+01,8.8912e+01,8.9486e+01,9.0325e+01,9.1566e+01,9.2414e+01,9.3634e+01,9.4441e+01,9.5572e+01,9.5741e+01,9.6868e+01,9.7849e+01,9.9541e+01,9.9856e+01,1.0076e+02,1.0264e+02,1.0431e+02,1.0620e+02,1.0803e+02,1.0992e+02,1.1125e+02,1.1341e+02,1.1463e+02,1.1581e+02,1.1748e+02,1.1890e+02,1.2098e+02,1.2309e+02,1.2512e+02,1.2722e+02,1.2893e+02,1.3066e+02,1.3214e+02,1.3384e+02,1.3472e+02,1.3565e+02,1.3627e+02,1.3673e+02,1.3759e+02,1.3851e+02,1.3947e+02,1.4044e+02,1.4135e+02,1.4238e+02,1.4360e+02,1.4465e+02,1.4599e+02,1.4678e+02,1.4763e+02,1.4862e+02,1.4912e+02,1.4970e+02,1.4949e+02,1.4921e+02
8.8698e+01,8.8656e+01,8.8767e+01,8.8846e+01,8.8983e+01,8.9086e+01,8.8987e+01,8.9200e+01,8.8790e+01,8.8417e+01,8.8101e+01,8.7749e+01,8.7587e+01,8.7348e+01,8.6951e+01,8.6875e+01,8.6497e+01,8.6236e+01,8.5885e+01,8.5927e+01,8.6132e+01,8.6138e+01,8.6476e+01,8.6507e+01,8.6724e+01,8.7237e+01,8.7644e+01,8.7773e+01,8.8153e+01,8.8449e+01,8.8920e+01,8.9324e+01,8.9674e+01,9.0195e+01,9.0449e+01,9.0544e+01,9.1117e+01,9.1361e+01,9.1949e+01,9.2245e+01,9.2725e+01,9.3471e+01,9.4403e+01,9.4993e+01,9.4525e+01,9.3646e+01,9.2799e+01,9.2837e+01,9.1802e+01,9.0978e+01,8.9848e+01,8.9525e+01,8.8562e+01,8.8561e+01,8.7772e+01,8.7256e+01,8.6630e+01,8.6256e+01,8.5790e+01,8.5383e+01,8.5017e+01,8.4789e+01,8.4664e+01,8.4497e+01,8.4407e+01,8.4522e+01,8.4675e+01,8.4853e+01,8.5098e+01,8.5539e+01,8.5702e+01,8.6270e+01,8.6433e+01,8.6282e+01,8.6709e+01,8.7107e+01,8.7928e+01,8.8432e+01,8.9318e+01,8.9890e+01,9.0727e+01,9.1963e+01,9.2806e+01,9.4022e+01,9.4826e+01,9.5952e+01,9.6123e+01,9.7247e+01,9.8226e+01,9.9911e+01,1.0022e+02,1.0112e+02,1.0299e+02,1.0465e+02,1.0654e+02,1.0836e+02,1.1024e+02,1.1157e+02,1.1372e+02,1.1495e+02,1.1612e+02,1.1778e+02,1.1920e+02,1.2127e+02,1.2338e+02,1.2540e+02,1.2749e+02,1.2920e+02,1.3093e+02,1.3240e+02,1.3410e+02,1.3497e+02,1.3590e+02,1.3652e+02,1.3698e+02,1.3783e+02,1.3876e+02,1.3971e+02,1.4068e+02,1.4158e+02,1.4261e+02,1.4383e+02,1.4487e+02,1.4621e+02,1.4700e+02,1.4785e+02,1.4884e+02,1.4934e+02,1.4992e+02,1.4971e+02,1.4942e+02
8.8933e+01,8.8892e+01,8.9002e+01,8.9079e+01,8.9215e+01,8.9316e+01,8.9217e+01,8.9429e+01,8.9020e+01,8.8650e+01,8.8334e+01,8.7987e+01,8.7829e+01,8.7594e+01,8.7197e+01,8.7124e+01,8.6748e+01,8.6488e+01,8.6138e+01,8.6180e+01,8.6383e+01,8.6389e+01,8.6727e+01,8.6758e+01,8.6976e+01,8.7485e+01,8.7889e+01,8.8014e+01,8.8391e+01,8.8687e+01,8.9157e+01,8.9560e+01,8.9906e+01,9.0424e+01,9.0675e+01,9.0772e+01,9.1344e+01,9.1586e+01,9.2172e+01,9.2465e+01,9.2945e+01,9.3687e+01,9.4617e+01,9.5207e+01,9.4742e+01,9.3866e+01,9.3022e+01,9.3063e+01,9.2033e+01,9.1211e+01,9.0087e+01,8.9770e+01,8.8811e+01,8.8809e+01,8.8023e+01,8.7505e+01,8.6881e+01,8.6505e+01,8.6042e+01,8.5635e+01,8.5272e+01,8.5044e+01,8.4918e+01,8.4752e+01,8.4663e+01,8.4776e+01,8.4928e+01,8.5106e+01,8.5349e+01,8.5788e+01,8.5951e+01,8.6519e+01,8.6681e+01,8.6532e+01,8.6958e+01,8.7357e+01,8.8177e+01,8.8682e+01,8.9568e+01,9.0139e+01,9.0976e+01,9.2212e+01,9.3053e+01,9.4268e+01,9.5073e+01,9.6199e+01,9.6370e+01,9.7492e+01,9.8470e+01,1.0015e+02,1.0046e+02,1.0136e+02,1.0323e+02,1.0489e+02,1.0677e+02,1.0859e+02,1.1047e+02,1.1180e+02,1.1394e+02,1.1517e+02,1.1634e+02,1.1800e+02,1.1942e+02,1.2148e+02,1.2358e+02,1.2560e+02,1.2769e+02,1.2940e+02,1.3112e+02,1.3259e+02,1.3429e+02,1.3516e+02,1.3608e+02,1.3670e+02,1.3715e+02,1.3801e+02,1.3893e+02,1.3988e+02,1.4085e+02,1.4175e+02,1.4278e+02,1.4400e+02,1.4504e+02,1.4637e+02,1.4716e+02,1.4801e+02,1.4900e+02,1.4950e+02,1.5007e+02,1.4987e+02,1.4958e+02
8.9136e+01,8.9092e+01,8.9198e+01,8.9276e+01,8.9411e+01,8.9511e+01,8.9411e+01,8.9620e+01,8.9211e+01,8.8844e+01,8.8528e+01,8.8183e+01,8.8027e+01,8.7795e+01,8.7399e+01,8.7326e+01,8.6950e+01,8.6688e+01,8.6338e+01,8.6381e+01,8.6583e+01,8.6587e+01,8.6924e+01,8.6953e+01,8.7168e+01,8.7675e+01,8.8077e+01,8.8201e+01,8.8575e+01,8.8869e+01,8.9339e+01,8.9740e+01,9.0086e+01,9.0602e+01,9.0851e+01,9.0947e+01,9.1516e+01,9.1755e+01,9.2341e+01,9.2635e+01,9.3114e+01,9.3854e+01,9.4784e+01,9.5373e+01,9.4911e+01,9.4038e+01,9.3197e+01,9.3238e+01,9.2211e+01,9.1390e+01,9.0269e+01,8.9953e+01,8.8996e+01,8.8993e+01,8.8208e+01,8.7690e+01,8.7068e+01,8.6693e+01,8.6231e+01,8.5827e+01,8.5464e+01,8.5238e+01,8.5115e+01,8.4950e+01,8.4860e+01,8.4975e+01,8.5128e+01,8.5306e+01,8.5552e+01,8.5994e+01,8.6159e+01,8.6729e+01,8.6893e+01,8.6743e+01,8.7171e+01,8.7572e+01,8.8394e+01,8.8900e+01,8.9788e+01,9.0361e+01,9.1200e+01,9.2438e+01,9.3280e+01,9.4498e+01,9.5305e+01,9.6433e+01,9.6605e+01,9.7730e+01,9.8709e+01,1.0039e+02,1.0071e+02,1.0160e+02,1.0347e+02,1.0513e+02,1.0702e+02,1.0884e+02,1.1071e+02,1.1204e+02,1.1418e+02,1.1540e+02,1.1658e+02,1.1824e+02,1.1965e+02,1.2171e+02,1.2382e+02,1.2583e+02,1.2792e+02,1.2963e+02,1.3135e+02,1.3281e+02,1.3451e+02,1.3538e+02,1.3630e+02,1.3692e+02,1.3737e+02,1.3822e+02,1.3914e+02,1.4009e+02,1.4105e+02,1.4195e+02,1.4298e+02,1.4420e+02,1.4523e+02,1.4657e+02,1.4735e+02,1.4820e+02,1.4919e+02,1.4969e+02,1.5026e+02,1.5005e+02,1.4977e+02
8.9403e+01,8.9362e+01,8.9468e+01,8.9544e+01,8.9682e+01,8.9781e+01,8.9682e+01,8.9891e+01,8.9482e+01,8.9117e+01,8.8801e+01,8.8458e+01,8.8304e+01,8.8074e+01,8.7678e+01,8.7603e+01,8.7230e+01,8.6966e+01,8.6618e+01,8.6660e+01,8.6862e+01,8.6863e+01,8.7197e+01,8.7224e+01,8.7438e+01,8.7942e+01,8.8340e+01,8.8463e+01,8.8831e+01,8.9124e+01,8.9593e+01,8.9990e+01,9.0336e+01,9.0850e+01,9.1099e+01,9.1194e+01,9.1761e+01,9.1999e+01,9.2584e+01,9.2878e+01,9.3356e+01,9.4094e+01,9.5024e+01,9.5614e+01,9.5151e+01,9.4278e+01,9.3439e+01,9.3480e+01,9.2457e+01,9.1638e+01,9.0522e+01,9.0208e+01,8.9254e+01,8.9251e+01,8.8470e+01,8.7954e+01,8.7336e+01,8.6964e+01,8.6505e+01,8.6104e+01,8.5745e+01,8.5522e+01,8.5401e+01,8.5239e+01,8.5147e+01,8.5262e+01,8.5411e+01,8.5590e+01,8.5835e+01,8.6277e+01,8.6444e+01,8.7014e+01,8.7180e+01,8.7031e+01,8.7460e+01,8.7861e+01,8.8684e+01,8.9188e+01,9.0076e+01,9.0649e+01,9.1488e+01,9.2725e+01,9.3566e+01,9.4783e+01,9.5590e+01,9.6717e+01,9.6890e+01,9.8013e+01,9.8991e+01,1.0067e+02,1.0098e+02,1.0188e+02,1.0374e+02,1.0540e+02,1.0728e+02,1.0910e+02,1.1097e+02,1.1230e+02,1.1444e+02,1.1566e+02,1.1684e+02,1.1849e+02,1.1991e+02,1.2197e+02,1.2407e+02,1.2608e+02,1.2816e+02,1.2986e+02,1.3158e+02,1.3304e+02,1.3473e+02,1.3560e+02,1.3652e+02,1.3713e+02,1.3758e+02,1.3843e+02,1.3935e+02,1.4030e+02,1.4126e+02,1.4215e+02,1.4318e+02,1.4439e+02,1.4542e+02,1.4675e+02,1.4754e+02,1.4839e+02,1.4937e+02,1.4987e+02,1.5044e+02,1.5023e+02,1.4995e+02
8.9730e+01,8.9689e+01,8.9797e+01,8.9872e+01,9.0010e+01,9.0109e+01,9.0011e+01,9.0219e+01,8.9813e+01,8.9451e+01,8.9137e+01,8.8794e+01,8.8642e+01,8.8410e+01,8.8013e+01,8.7938e+01,8.7564e+01,8.7299e+01,8.6952e+01,8.6996e+01,8.7197e+01,8.7195e+01,8.7527e+01,8.7551e+01,8.7763e+01,8.8263e+01,8.8659e+01,8.8782e+01,8.9148e+01,8.9439e+01,8.9907e+01,9.0303e+01,9.0652e+01,9.1165e+01,9.1414e+01,9.1506e+01,9.2073e+01,9.2310e+01,9.2896e+01,9.3189e+01,9.3667e+01,9.4402e+01,9.5330e+01,9.5920e+01,9.5460e+01,9.4588e+01,9.3752e+01,9.3792e+01,9.2773e+01,9.1957e+01,9.0844e+01,9.0531e+01,8.9579e+01,8.9577e+01,8.8797e+01,8.8283e+01,8.7667e+01,8.7296e+01,8.6837e+01,8.6438e+01,8.6078e+01,8.5856e+01,8.5736e+01,8.5574e+01,8.5482e+01,8.5596e+01,8.5745e+01,8.5922e+01,8.6167e+01,8.6608e+01,8.6774e+01,8.7343e+01,8.7508e+01,8.7360e+01,8.7787e+01,8.8187e+01,8.9007e+01,8.9510e+01,9.0396e+01,9.0967e+01,9.1804e+01,9.3038e+01,9.3876e+01,9.5090e+01,9.5894e+01,9.7018e+01,9.7190e+01,9.8311e+01,9.9286e+01,1.0096e+02,1.0127e+02,1.0216e+02,1.0402e+02,1.0568e+02,1.0755e+02,1.0937e+02,1.1123e+02,1.1255e+02,1.1469e+02,1.1591e+02,1.1708e+02,1.1874e+02,1.2015e+02,1.2220e+02,1.2430e+02,1.2631e+02,1.2838e+02,1.3008e+02,1.3179e+02,1.3325e+02,1.3494e+02,1.3580e+02,1.3672e+02,1.3733e+02,1.3778e+02,1.3863e+02,1.3954e+02,1.4049e+02,1.4145e+02,1.4234e+02,1.4336e+02,1.4457e+02,1.4560e+02,1.4693e+02,1.4771e+02,1.4856e+02,1.4954e+02,1.5004e+02,1.5061e+02,1.5040e+02,1.5012e+02
9.0020e+01,8.9982e+01,9.0092e+01,9.0168e+01,9.0305e+01,9.0403e+01,9.0307e+01,9.0515e+01,9.0107e+01,8.9746e+01,8.9431e+01,8.9088e+01,8.8937e+01,8.8705e+01,8.8308e+01,8.8231e+01,8.7859e+01,8.7592e+01,8.7246e+01,8.7288e+01,8.7488e+01,8.7485e+01,8.7816e+01,8.7840e+01,8.8052e+01,8.8552e+01,8.8947e+01,8.9069e+01,8.9432e+01,8.9723e+01,9.0189e+01,9.0584e+01,9.0934e+01,9.1448e+01,9.1696e+01,9.1787e+01,9.2353e+01,9.2590e+01,9.3177e+01,9.3471e+01,9.3948e+01,9.4681e+01,9.5608e+01,9.6195e+01,9.5733e+01,9.4862e+01,9.4027e+01,9.4065e+01,9.3048e+01,9.2232e+01,9.1120e+01,9.0805e+01,8.9853e+01,8.9848e+01,8.9069e+01,8.8560e+01,8.7947e+01,8.7579e+01,8.7119e+01,8.6722e+01,8.6361e+01,8.6142e+01,8.6024e+01,8.5863e+01,8.5770e+01,8.5884e+01,8.6032e+01,8.6209e+01,8.6455e+01,8.6896e+01,8.7065e+01,8.7635e+01,8.7802e+01,8.7655e+01,8.8085e+01,8.8484e+01,8.9304e+01,8.9808e+01,9.0693e+01,9.1265e+01,9.2102e+01,9.3335e+01,9.4173e+01,9.5385e+01,9.6189e+01,9.7311e+01,9.7482e+01,9.8601e+01,9.9574e+01,1.0125e+02,1.0156e+02,1.0245e+02,1.0430e+02,1.0595e+02,1.0783e+02,1.0964e+02,1.1150e+02,1.1282e+02,1.1495e+02,1.1617e+02,1.1734e+02,1.1900e+02,1.2041e+02,1.2246e+02,1.2455e+02,1.2656e+02,1.2863e+02,1.3032e+02,1.3202e+02,1.3348e+02,1.3516e+02,1.3602e+02,1.3694e+02,1.3755e+02,1.3800e+02,1.3884e+02,1.3975e+02,1.4070e+02,1.4165e+02,1.4254e+02,1.4356e+02,1.4476e+02,1.4579e+02,1.4711e+02,1.4789e+02,1.4874e+02,1.4972e+02,1.5021e+02,1.5078e+02,1.5058e+02,1.5030e+02
9.0372e+01,9.0336e+01,9.0448e+01,9.0523e+01,9.0660e+01,9.0758e+01,9.0665e+01,9.0870e+01,9.0463e+01,9.0102e+01,8.9786e+01,8.9444e+01,8.9293e+01,8.9060e+01,8.8663e+01,8.8586e+01,8.8217e+01,8.7949e+01,8.7605e+01,8.7648e+01,8.7846e+01,8.7840e+01,8.8168e+01,8.8190e+01,8.8401e+01,8.8899e+01,8.9295e+01,8.9421e+01,8.9785e+01,9.0074e+01,9.0540e+01,9.0937e+01,9.1290e+01,9.1805e+01,9.2052e+01,9.2140e+01,9.2706e+01,9.2946e+01,9.3533e+01,9.3826e+01,9.4302e+01,9.5033e+01,9.5959e+01,9.6545e+01,9.6085e+01,9.5217e+01,9.4385e+01,9.4423e+01,9.3409e+01,9.2595e+01,9.1487e+01,9.1173e+01,9.0222e+01,9.0217e+01,8.9438e+01,8.8930e+01,8.8317e+01,8.7950e+01,8.7490e+01,8.7092e+01,8.6731e+01,8.6512e+01,8.6394e+01,8.6233e+01,8.6140e+01,8.6254e+01,8.6401e+01,8.6576e+01,8.6822e+01,8.7261e+01,8.7430e+01,8.7998e+01,8.8165e+01,8.8019e+01,8.8448e+01,8.8846e+01,8.9666e+01,9.0169e+01,9.1053e+01,9.1624e+01,9.2460e+01,9.3691e+01,9.4527e+01,9.5738e+01,9.6540e+01,9.7660e+01,9.7831e+01,9.8947e+01,9.9917e+01,1.0159e+02,1.0189e+02,1.0278e+02,1.0463e+02,1.0628e+02,1.0815e+02,1.0995e+02,1.1181e+02,1.1312e+02,1.1525e+02,1.1647e+02,1.1764e+02,1.1929e+02,1.2070e+02,1.2274e+02,1.2483e+02,1.2682e+02,1.2889e+02,1.3058e+02,1.3228e+02,1.3373e+02,1.3541e+02,1.3627e+02,1.3719e+02,1.3779e+02,1.3823e+02,1.3908e+02,1.3998e+02,1.4093e+02,1.4188e+02,1.4276e+02,1.4378e+02,1.4498e+02,1.4600e+02,1.4732e+02,1.4810e+02,1.4895e+02,1.4992e+02,1.5042e+02,1.5099e+02,1.5078e+02,1.5050e+02
9.0670e+01,9.0633e+01,9.0746e+01,9.0821e+01,9.0959e+01,9.1057e+01,9.0967e+01,9.1171e+01,9.0765e+01,9.0404e+01,9.0088e+01,8.9746e+01,8.9596e+01,8.9361e+01,8.8963e+01,8.8885e+01,8.8517e+01,8.8248e+01,8.7906e+01,8.7947e+01,8.8142e+01,8.8133e+01,8.8459e+01,8.8478e+01,8.8687e+01,8.9184e+01,8.9580e+01,8.9708e+01,9.0072e+01,9.0361e+01,9.0826e+01,9.1226e+01,9.1581e+01,9.2099e+01,9.2342e+01,9.2427e+01,9.2993e+01,9.3235e+01,9.3824e+01,9.4118e+01,9.4597e+01,9.5326e+01,9.6250e+01,9.6836e+01,9.6378e+01,9.5513e+01,9.4683e+01,9.4721e+01,9.3711e+01,9.2900e+01,9.1794e+01,9.1483e+01,9.0533e+01,9.0528e+01,8.9748e+01,8.9240e+01,8.8626e+01,8.8259e+01,8.7799e+01,8.7399e+01,8.7036e+01,8.6816e+01,8.6697e+01,8.6536e+01,8.6443e+01,8.6556e+01,8.6702e+01,8.6877e+01,8.7120e+01,8.7558e+01,8.7725e+01,8.8291e+01,8.8458e+01,8.8312e+01,8.8740e+01,8.9138e+01,8.9956e+01,9.0457e+01,9.1340e+01,9.1909e+01,9.2745e+01,9.3973e+01,9.4806e+01,9.6014e+01,9.6816e+01,9.7935e+01,9.8106e+01,9.9219e+01,1.0019e+02,1.0185e+02,1.0216e+02,1.0305e+02,1.0489e+02,1.0653e+02,1.0840e+02,1.1020e+02,1.1205e+02,1.1336e+02,1.1548e+02,1.1670e+02,1.1786e+02,1.1951e+02,1.2091e+02,1.2295e+02,1.2503e+02,1.2702e+02,1.2908e+02,1.3076e+02,1.3246e+02,1.3391e+02,1.3559e+02,1.3644e+02,1.3736e+02,1.3796e+02,1.3840e+02,1.3924e+02,1.4015e+02,1.4109e+02,1.4203e+02,1.4291e+02,1.4393e+02,1.4513e+02,1.4615e+02,1.4747e+02,1.4825e+02,1.4909e+02,1.5006e+02,1.5055e+02,1.5112e+02,1.5092e+02,1.5064e+02
9.0985e+01,9.0949e+01,9.1062e+01,9.1137e+01,9.1274e+01,9.1373e+01,9.1285e+01,9.1489e+01,9.1085e+01,9.0727e+01,9.0414e+01,9.0075e+01,8.9930e+01,8.9699e+01,8.9301e+01,8.9222e+01,8.8857e+01,8.8589e+01,8.8249e+01,8.8290e+01,8.8484e+01,8.8474e+01,8.8799e+01,8.8816e+01,8.9022e+01,8.9516e+01,8.9909e+01,9.0038e+01,9.0400e+01,9.0685e+01,9.1148e+01,9.1546e+01,9.1898e+01,9.2414e+01,9.2653e+01,9.2739e+01,9.3304e+01,9.3548e+01,9.4135e+01,9.4427e+01,9.4906e+01,9.5632e+01,9.6552e+01,9.7138e+01,9.6686e+01,9.5825e+01,9.5000e+01,9.5043e+01,9.4039e+01,9.3232e+01,9.2131e+01,9.1825e+01,9.0879e+01,9.0874e+01,9.0095e+01,8.9584e+01,8.8971e+01,8.8601e+01,8.8144e+01,8.7744e+01,8.7382e+01,8.7160e+01,8.7039e+01,8.6879e+01,8.6787e+01,8.6899e+01,8.7046e+01,8.7221e+01,8.7463e+01,8.7900e+01,8.8066e+01,8.8632e+01,8.8797e+01,8.8650e+01,8.9076e+01,8.9475e+01,9.0292e+01,9.0790e+01,9.1672e+01,9.2242e+01,9.3077e+01,9.4302e+01,9.5133e+01,9.6338e+01,9.7138e+01,9.8252e+01,9.8422e+01,9.9532e+01,1.0050e+02,1.0216e+02,1.0246e+02,1.0334e+02,1.0518e+02,1.0681e+02,1.0867e+02,1.1046e+02,1.1231e+02,1.1361e+02,1.1573e+02,1.1694e+02,1.1810e+02,1.1974e+02,1.2114e+02,1.2317e+02,1.2525e+02,1.2723e+02,1.2929e+02,1.3096e+02,1.3265e+02,1.3409e+02,1.3577e+02,1.3662e+02,1.3753e+02,1.3814e+02,1.3858e+02,1.3941e+02,1.4032e+02,1.4126e+02,1.4220e+02,1.4308e+02,1.4409e+02,1.4530e+02,1.4631e+02,1.4763e+02,1.4840e+02,1.4924e+02,1.5022e+02,1.5070e+02,1.5127e+02,1.5106e+02,1.5079e+02
9.1117e+01,9.1080e+01,9.1193e+01,9.1266e+01,9.1403e+01,9.1502e+01,9.1415e+01,9.1618e+01,9.1216e+01,9.0856e+01,9.0541e+01,9.0203e+01,9.0057e+01,8.9827e+01,8.9432e+01,8.9352e+01,8.8987e+01,8.8719e+01,8.8379e+01,8.8419e+01,8.8614e+01,8.8602e+01,8.8926e+01,8.8942e+01,8.9146e+01,8.9638e+01,9.0032e+01,9.0162e+01,9.0525e+01,9.0810e+01,9.1274e+01,9.1672e+01,9.2023e+01,9.2541e+01,9.2775e+01,9.2859e+01,9.3424e+01,9.3668e+01,9.4257e+01,9.4552e+01,9.5034e+01,9.5760e+01,9.6680e+01,9.7269e+01,9.6818e+01,9.5959e+01,9.5135e+01,9.5178e+01,9.4176e+01,9.3370e+01,9.2268e+01,9.1964e+01,9.1017e+01,9.1014e+01,9.0235e+01,8.9724e+01,8.9110e+01,8.8741e+01,8.8283e+01,8.7880e+01,8.7518e+01,8.7294e+01,8.7170e+01,8.7011e+01,8.6918e+01,8.7028e+01,8.7174e+01,8.7348e+01,8.7587e+01,8.8021e+01,8.8187e+01,8.8750e+01,8.8915e+01,8.8769e+01,8.9194e+01,8.9594e+01,9.0411e+01,9.0905e+01,9.1787e+01,9.2356e+01,9.3192e+01,9.4415e+01,9.5245e+01,9.6449e+01,9.7250e+01,9.8363e+01,9.8535e+01,9.9645e+01,1.0061e+02,1.0227e+02,1.0257e+02,1.0345e+02,1.0528e+02,1.0692e+02,1.0877e+02,1.1056e+02,1.1241e+02,1.1371e+02,1.1582e+02,1.1703e+02,1.1819e+02,1.1984e+02,1.2124e+02,1.2326e+02,1.2534e+02,1.2731e+02,1.2937e+02,1.3104e+02,1.3273e+02,1.3417e+02,1.3584e+02,1.3669e+02,1.3761e+02,1.3821e+02,1.3865e+02,1.3949e+02,1.4039e+02,1.4133e+02,1.4227e+02,1.4315e+02,1.4416e+02,1.4536e+02,1.4638e+02,1.4769e+02,1.4847e+02,1.4931e+02,1.5028e+02,1.5077e+02,1.5134e+02,1.5113e+02,1.5085e+02
9.1378e+01,9.1340e+01,9.1451e+01,9.1523e+01,9.1657e+01,9.1752e+01,9.1667e+01,9.1869e+01,9.1467e+01,9.1106e+01,9.0790e+01,9.0452e+01,9.0306e+01,9.0077e+01,8.9684e+01,8.9606e+01,8.9243e+01,8.8976e+01,8.8636e+01,8.8674e+01,8.8866e+01,8.8853e+01,8.9178e+01,8.9194e+01,8.9397e+01,8.9891e+01,9.0287e+01,9.0420e+01,9.0783e+01,9.1067e+01,9.1530e+01,9.1928e+01,9.2279e+01,9.2799e+01,9.3031e+01,9.3115e+01,9.3682e+01,9.3925e+01,9.4518e+01,9.4816e+01,9.5300e+01,9.6025e+01,9.6946e+01,9.7536e+01,9.7087e+01,9.6231e+01,9.5406e+01,9.5450e+01,9.4447e+01,9.3642e+01,9.2538e+01,9.2234e+01,9.1284e+01,9.1281e+01,9.0500e+01,8.9988e+01,8.9373e+01,8.9004e+01,8.8543e+01,8.8137e+01,8.7771e+01,8.7545e+01,8.7420e+01,8.7259e+01,8.7166e+01,8.7275e+01,8.7420e+01,8.7594e+01,8.7831e+01,8.8265e+01,8.8430e+01,8.8991e+01,8.9156e+01,8.9010e+01,8.9434e+01,8.9833e+01,9.0648e+01,9.1140e+01,9.2019e+01,9.2587e+01,9.3421e+01,9.4641e+01,9.5469e+01,9.6670e+01,9.7469e+01,9.8578e+01,9.8750e+01,9.9858e+01,1.0082e+02,1.0247e+02,1.0277e+02,1.0365e+02,1.0548e+02,1.0711e+02,1.0895e+02,1.1074e+02,1.1258e+02,1.1388e+02,1.1599e+02,1.1720e+02,1.1836e+02,1.2000e+02,1.2139e+02,1.2342e+02,1.2549e+02,1.2746e+02,1.2951e+02,1.3118e+02,1.3286e+02,1.3430e+02,1.3597e+02,1.3682e+02,1.3773e+02,1.3833e+02,1.3877e+02,1.3960e+02,1.4051e+02,1.4144e+02,1.4238e+02,1.4326e+02,1.4427e+02,1.4548e+02,1.4649e+02,1.4780e+02,1.4858e+02,1.4942e+02,1.5039e+02,1.5087e+02,1.5144e+02,1.5123e+02,1.5096e+02
9.1752e+01,9.1714e+01,9.1826e+01,9.1896e+01,9.2029e+01,9.2122e+01,9.2038e+01,9.2238e+01,9.1836e+01,9.1477e+01,9.1159e+01,9.0821e+01,9.0675e+01,9.0445e+01,9.0053e+01,8.9976e+01,8.9614e+01,8.9349e+01,8.9009e+01,8.9047e+01,8.9236e+01,8.9220e+01,8.9544e+01,8.9558e+01,8.9762e+01,9.0253e+01,9.0650e+01,9.0787e+01,9.1153e+01,9.1437e+01,9.1901e+01,9.2299e+01,9.2651e+01,9.3172e+01,9.3400e+01,9.3483e+01,9.4049e+01,9.4291e+01,9.4883e+01,9.5179e+01,9.5661e+01,9.6384e+01,9.7303e+01,9.7891e+01,9.7444e+01,9.6593e+01,9.5770e+01,9.5813e+01,9.4813e+01,9.4012e+01,9.2911e+01,9.2605e+01,9.1658e+01,9.1657e+01,9.0877e+01,9.0367e+01,8.9751e+01,8.9384e+01,8.8923e+01,8.8514e+01,8.8146e+01,8.7919e+01,8.7792e+01,8.7628e+01,8.7534e+01,8.7642e+01,8.7785e+01,8.7955e+01,8.8190e+01,8.8619e+01,8.8783e+01,8.9341e+01,8.9504e+01,8.9360e+01,8.9781e+01,9.0178e+01,9.0988e+01,9.1478e+01,9.2353e+01,9.2919e+01,9.3751e+01,9.4966e+01,9.5791e+01,9.6988e+01,9.7785e+01,9.8890e+01,9.9062e+01,1.0017e+02,1.0113e+02,1.0277e+02,1.0307e+02,1.0394e+02,1.0577e+02,1.0739e+02,1.0923e+02,1.1101e+02,1.1284e+02,1.1413e+02,1.1624e+02,1.1744e+02,1.1860e+02,1.2024e+02,1.2163e+02,1.2364e+02,1.2571e+02,1.2767e+02,1.2972e+02,1.3138e+02,1.3306e+02,1.3449e+02,1.3616e+02,1.3701e+02,1.3792e+02,1.3852e+02,1.3895e+02,1.3978e+02,1.4068e+02,1.4162e+02,1.4255e+02,1.4343e+02,1.4444e+02,1.4564e+02,1.4666e+02,1.4796e+02,1.4874e+02,1.4958e+02,1.5054e+02,1.5103e+02,1.5160e+02,1.5139e+02,1.5111e+02
9.2008e+01,9.1969e+01,9.2078e+01,9.2147e+01,9.2278e+01,9.2369e+01,9.2286e+01,9.2485e+01,9.2083e+01,9.1723e+01,9.1406e+01,9.1068e+01,9.0923e+01,9.0693e+01,9.0303e+01,9.0229e+01,8.9867e+01,8.9601e+01,8.9260e+01,8.9295e+01,8.9483e+01,8.9467e+01,8.9791e+01,8.9805e+01,9.0012e+01,9.0505e+01,9.0904e+01,9.1043e+01,9.1409e+01,9.1693e+01,9.2156e+01,9.2554e+01,9.2905e+01,9.3427e+01,9.3654e+01,9.3737e+01,9.4303e+01,9.4543e+01,9.5137e+01,9.5436e+01,9.5919e+01,9.6642e+01,9.7561e+01,9.8150e+01,9.7705e+01,9.6856e+01,9.6033e+01,9.6078e+01,9.5080e+01,9.4279e+01,9.3176e+01,9.2871e+01,9.1922e+01,9.1920e+01,9.1137e+01,9.0627e+01,9.0010e+01,8.9642e+01,8.9178e+01,8.8768e+01,8.8398e+01,8.8166e+01,8.8037e+01,8.7870e+01,8.7776e+01,8.7884e+01,8.8028e+01,8.8196e+01,8.8431e+01,8.8859e+01,8.9021e+01,8.9577e+01,8.9739e+01,8.9595e+01,9.0014e+01,9.0408e+01,9.1216e+01,9.1705e+01,9.2578e+01,9.3144e+01,9.3974e+01,9.5188e+01,9.6014e+01,9.7208e+01,9.8002e+01,9.9104e+01,9.9273e+01,1.0037e+02,1.0133e+02,1.0297e+02,1.0327e+02,1.0414e+02,1.0596e+02,1.0758e+02,1.0942e+02,1.1120e+02,1.1302e+02,1.1431e+02,1.1641e+02,1.1761e+02,1.1877e+02,1.2040e+02,1.2179e+02,1.2380e+02,1.2586e+02,1.2782e+02,1.2986e+02,1.3152e+02,1.3319e+02,1.3463e+02,1.3628e+02,1.3713e+02,1.3805e+02,1.3864e+02,1.3908e+02,1.3991e+02,1.4080e+02,1.4173e+02,1.4267e+02,1.4354e+02,1.4455e+02,1.4575e+02,1.4676e+02,1.4807e+02,1.4884e+02,1.4968e+02,1.5065e+02,1.5113e+02,1.5170e+02,1.5149e+02,1.5121e+02
9.2263e+01,9.2222e+01,9.2327e+01,9.2394e+01,9.2523e+01,9.2613e+01,9.2530e+01,9.2728e+01,9.2328e+01,9.1968e+01,9.1654e+01,9.1315e+01,9.1170e+01,9.0938e+01,9.0547e+01,9.0473e+01,9.0111e+01,8.9846e+01,8.9504e+01,8.9540e+01,8.9730e+01,8.9714e+01,9.0039e+01,9.0052e+01,9.0260e+01,9.0755e+01,9.1157e+01,9.1295e+01,9.1662e+01,9.1947e+01,9.2409e+01,9.2806e+01,9.3159e+01,9.3681e+01,9.3910e+01,9.3991e+01,9.4557e+01,9.4798e+01,9.5392e+01,9.5693e+01,9.6176e+01,9.6901e+01,9.7820e+01,9.8411e+01,9.7967e+01,9.7115e+01,9.6290e+01,9.6333e+01,9.5334e+01,9.4532e+01,9.3427e+01,9.3119e+01,9.2168e+01,9.2164e+01,9.1379e+01,9.0871e+01,9.0254e+01,8.9886e+01,8.9420e+01,8.9011e+01,8.8640e+01,8.8408e+01,8.8278e+01,8.8109e+01,8.8013e+01,8.8120e+01,8.8263e+01,8.8428e+01,8.8664e+01,8.9089e+01,8.9252e+01,8.9808e+01,8.9971e+01,8.9829e+01,9.0248e+01,9.0640e+01,9.1447e+01,9.1938e+01,9.2809e+01,9.3373e+01,9.4201e+01,9.5414e+01,9.6239e+01,9.7433e+01,9.8225e+01,9.9328e+01,9.9494e+01,1.0059e+02,1.0154e+02,1.0318e+02,1.0349e+02,1.0436e+02,1.0618e+02,1.0780e+02,1.0962e+02,1.1140e+02,1.1322e+02,1.1450e+02,1.1660e+02,1.1780e+02,1.1895e+02,1.2058e+02,1.2196e+02,1.2397e+02,1.2602e+02,1.2798e+02,1.3002e+02,1.3168e+02,1.3334e+02,1.3477e+02,1.3643e+02,1.3727e+02,1.3819e+02,1.3878e+02,1.3922e+02,1.4004e+02,1.4094e+02,1.4187e+02,1.4280e+02,1.4368e+02,1.4469e+02,1.4588e+02,1.4689e+02,1.4819e+02,1.4896e+02,1.4980e+02,1.5076e+02,1.5125e+02,1.5181e+02,1.5161e+02,1.5133e+02
9.2527e+01,9.2484e+01,9.2586e+01,9.2652e+01,9.2780e+01,9.2869e+01,9.2787e+01,9.2986e+01,9.2586e+01,9.2227e+01,9.1913e+01,9.1573e+01,9.1427e+01,9.1192e+01,9.0800e+01,9.0728e+01,9.0364e+01,9.0101e+01,8.9758e+01,8.9794e+01,8.9986e+01,8.9970e+01,9.0296e+01,9.0309e+01,9.0517e+01,9.1013e+01,9.1418e+01,9.1556e+01,9.1925e+01,9.2210e+01,9.2674e+01,9.3068e+01,9.3422e+01,9.3944e+01,9.4171e+01,9.4251e+01,9.4813e+01,9.5053e+01,9.5644e+01,9.5945e+01,9.6426e+01,9.7150e+01,9.8068e+01,9.8660e+01,9.8214e+01,9.7362e+01,9.6537e+01,9.6576e+01,9.5578e+01,9.4777e+01,9.3673e+01,9.3363e+01,9.2412e+01,9.2407e+01,9.1623e+01,9.1117e+01,9.0503e+01,9.0135e+01,8.9668e+01,8.9260e+01,8.8886e+01,8.8655e+01,8.8526e+01,8.8356e+01,8.8258e+01,8.8366e+01,8.8509e+01,8.8672e+01,8.8910e+01,8.9336e+01,8.9500e+01,9.0057e+01,9.0221e+01,9.0081e+01,9.0502e+01,9.0892e+01,9.1698e+01,9.2191e+01,9.3060e+01,9.3623e+01,9.4448e+01,9.5661e+01,9.6485e+01,9.7679e+01,9.8469e+01,9.9572e+01,9.9736e+01,1.0083e+02,1.0178e+02,1.0342e+02,1.0372e+02,1.0459e+02,1.0641e+02,1.0803e+02,1.0985e+02,1.1163e+02,1.1345e+02,1.1472e+02,1.1682e+02,1.1801e+02,1.1917e+02,1.2079e+02,1.2217e+02,1.2417e+02,1.2622e+02,1.2818e+02,1.3021e+02,1.3186e+02,1.3352e+02,1.3496e+02,1.3660e+02,1.3745e+02,1.3836e+02,1.3896e+02,1.3939e+02,1.4022e+02,1.4111e+02,1.4204e+02,1.4298e+02,1.4385e+02,1.4486e+02,1.4605e+02,1.4706e+02,1.4836e+02,1.4913e+02,1.4996e+02,1.5092e+02,1.5141e+02,1.5197e+02,1.5177e+02,1.5150e+02
9.2612e+01,9.2567e+01,9.2670e+01,9.2737e+01,9.2866e+01,9.2955e+01,9.2873e+01,9.3073e+01,9.2675e+01,9.2315e+01,9.2004e+01,9.1663e+01,9.1519e+01,9.1283e+01,9.0890e+01,9.0818e+01,9.0454e+01,9.0195e+01,8.9851e+01,8.9888e+01,9.0079e+01,9.0066e+01,9.0392e+01,9.0405e+01,9.0613e+01,9.1109e+01,9.1511e+01,9.1647e+01,9.2016e+01,9.2300e+01,9.2763e+01,9.3153e+01,9.3505e+01,9.4024e+01,9.4252e+01,9.4330e+01,9.4890e+01,9.5132e+01,9.5721e+01,9.6022e+01,9.6505e+01,9.7231e+01,9.8150e+01,9.8743e+01,9.8297e+01,9.7444e+01,9.6618e+01,9.6657e+01,9.5659e+01,9.4858e+01,9.3754e+01,9.3445e+01,9.2495e+01,9.2490e+01,9.1706e+01,9.1201e+01,9.0588e+01,9.0219e+01,8.9752e+01,8.9348e+01,8.8976e+01,8.8745e+01,8.8617e+01,8.8448e+01,8.8352e+01,8.8460e+01,8.8605e+01,8.8768e+01,8.9007e+01,8.9433e+01,8.9596e+01,9.0155e+01,9.0318e+01,9.0177e+01,9.0597e+01,9.0986e+01,9.1792e+01,9.2285e+01,9.3155e+01,9.3718e+01,9.4543e+01,9.5755e+01,9.6579e+01,9.7774e+01,9.8564e+01,9.9667e+01,9.9831e+01,1.0093e+02,1.0188e+02,1.0352e+02,1.0382e+02,1.0469e+02,1.0651e+02,1.0813e+02,1.0995e+02,1.1173e+02,1.1355e+02,1.1482e+02,1.1692e+02,1.1811e+02,1.1926e+02,1.2089e+02,1.2226e+02,1.2427e+02,1.2632e+02,1.2827e+02,1.3030e+02,1.3196e+02,1.3362e+02,1.3505e+02,1.3669e+02,1.3754e+02,1.3845e+02,1.3905e+02,1.3948e+02,1.4031e+02,1.4121e+02,1.4213e+02,1.4307e+02,1.4394e+02,1.4495e+02,1.4614e+02,1.4714e+02,1.4844e+02,1.4921e+02,1.5004e+02,1.5100e+02,1.5149e+02,1.5206e+02,1.5186e+02,1.5158e+02
9.2723e+01,9.2678e+01,9.2781e+01,9.2848e+01,9.2976e+01,9.3062e+01,9.2980e+01,9.3179e+01,9.2784e+01,9.2425e+01,9.2117e+01,9.1778e+01,9.1636e+01,9.1401e+01,9.1009e+01,9.0935e+01,9.0573e+01,9.0316e+01,8.9976e+01,9.0014e+01,9.0205e+01,9.0192e+01,9.0516e+01,9.0529e+01,9.0736e+01,9.1231e+01,9.1632e+01,9.1766e+01,9.2136e+01,9.2417e+01,9.2882e+01,9.3269e+01,9.3619e+01,9.4132e+01,9.4362e+01,9.4440e+01,9.4995e+01,9.5238e+01,9.5821e+01,9.6121e+01,9.6602e+01,9.7330e+01,9.8251e+01,9.8843e+01,9.8395e+01,9.7542e+01,9.6716e+01,9.6754e+01,9.5757e+01,9.4958e+01,9.3858e+01,9.3550e+01,9.2605e+01,9.2599e+01,9.1820e+01,9.1317e+01,9.0708e+01,9.0338e+01,8.9875e+01,8.9474e+01,8.9106e+01,8.8875e+01,8.8748e+01,8.8582e+01,8.8487e+01,8.8594e+01,8.8738e+01,8.8903e+01,8.9140e+01,8.9567e+01,8.9730e+01,9.0288e+01,9.0451e+01,9.0309e+01,9.0729e+01,9.1118e+01,9.1925e+01,9.2417e+01,9.3288e+01,9.3851e+01,9.4676e+01,9.5888e+01,9.6712e+01,9.7906e+01,9.8698e+01,9.9800e+01,9.9965e+01,1.0106e+02,1.0201e+02,1.0365e+02,1.0396e+02,1.0482e+02,1.0664e+02,1.0826e+02,1.1009e+02,1.1187e+02,1.1368e+02,1.1496e+02,1.1705e+02,1.1824e+02,1.1939e+02,1.2102e+02,1.2239e+02,1.2439e+02,1.2644e+02,1.2839e+02,1.3042e+02,1.3208e+02,1.3373e+02,1.3516e+02,1.3681e+02,1.3765e+02,1.3857e+02,1.3917e+02,1.3960e+02,1.4042e+02,1.4132e+02,1.4225e+02,1.4318e+02,1.4405e+02,1.4506e+02,1.4625e+02,1.4725e+02,1.4855e+02,1.4932e+02,1.5015e+02,1.5111e+02,1.5160e+02,1.5216e+02,1.5196e+02,1.5169e+02
9.2896e+01,9.2851e+01,9.2953e+01,9.3020e+01,9.3149e+01,9.3234e+01,9.3152e+01,9.3351e+01,9.2957e+01,9.2598e+01,9.2292e+01,9.1956e+01,9.1815e+01,9.1582e+01,9.1192e+01,9.1119e+01,9.0757e+01,9.0505e+01,9.0166e+01,9.0202e+01,9.0392e+01,9.0382e+01,9.0706e+01,9.0722e+01,9.0928e+01,9.1422e+01,9.1822e+01,9.1955e+01,9.2323e+01,9.2603e+01,9.3066e+01,9.3451e+01,9.3798e+01,9.4309e+01,9.4538e+01,9.4617e+01,9.5171e+01,9.5417e+01,9.5997e+01,9.6295e+01,9.6776e+01,9.7503e+01,9.8422e+01,9.9014e+01,9.8567e+01,9.7715e+01,9.6891e+01,9.6930e+01,9.5935e+01,9.5137e+01,9.4039e+01,9.3733e+01,9.2790e+01,9.2785e+01,9.2006e+01,9.1501e+01,9.0893e+01,9.0521e+01,9.0060e+01,8.9661e+01,8.9294e+01,8.9062e+01,8.8936e+01,8.8771e+01,8.8678e+01,8.8783e+01,8.8926e+01,8.9092e+01,8.9328e+01,8.9753e+01,8.9915e+01,9.0473e+01,9.0635e+01,9.0493e+01,9.0912e+01,9.1301e+01,9.2108e+01,9.2600e+01,9.3470e+01,9.4034e+01,9.4860e+01,9.6071e+01,9.6893e+01,9.8087e+01,9.8879e+01,9.9981e+01,1.0015e+02,1.0125e+02,1.0220e+02,1.0383e+02,1.0414e+02,1.0500e+02,1.0682e+02,1.0844e+02,1.1026e+02,1.1204e+02,1.1386e+02,1.1513e+02,1.1722e+02,1.1842e+02,1.1957e+02,1.2119e+02,1.2256e+02,1.2456e+02,1.2661e+02,1.2856e+02,1.3058e+02,1.3224e+02,1.3389e+02,1.3532e+02,1.3696e+02,1.3781e+02,1.3872e+02,1.3932e+02,1.3975e+02,1.4058e+02,1.4147e+02,1.4239e+02,1.4333e+02,1.4420e+02,1.4521e+02,1.4640e+02,1.4740e+02,1.4870e+02,1.4946e+02,1.5029e+02,1.5125e+02,1.5173e+02,1.5230e+02,1.5210e+02,1.5183e+02
9.3058e+01,9.3013e+01,9.3112e+01,9.3178e+01,9.3306e+01,9.3389e+01,9.3307e+01,9.3505e+01,9.3113e+01,9.2757e+01,9.2452e+01,9.2117e+01,9.1976e+01,9.1744e+01,9.1354e+01,9.1284e+01,9.0921e+01,9.0670e+01,9.0331e+01,9.0365e+01,9.0553e+01,9.0547e+01,9.0870e+01,9.0889e+01,9.1097e+01,9.1593e+01,9.1992e+01,9.2123e+01,9.2490e+01,9.2772e+01,9.3232e+01,9.3617e+01,9.3963e+01,9.4474e+01,9.4703e+01,9.4782e+01,9.5337e+01,9.5585e+01,9.6166e+01,9.6465e+01,9.6948e+01,9.7676e+01,9.8596e+01,9.9190e+01,9.8739e+01,9.7885e+01,9.7059e+01,9.7095e+01,9.6098e+01,9.5299e+01,9.4198e+01,9.3892e+01,9.2948e+01,9.2943e+01,9.2162e+01,9.1658e+01,9.1050e+01,9.0678e+01,9.0216e+01,8.9819e+01,8.9452e+01,8.9222e+01,8.9097e+01,8.8934e+01,8.8841e+01,8.8946e+01,8.9089e+01,8.9254e+01,8.9491e+01,8.9916e+01,9.0080e+01,9.0639e+01,9.0803e+01,9.0662e+01,9.1083e+01,9.1473e+01,9.2281e+01,9.2775e+01,9.3646e+01,9.4209e+01,9.5034e+01,9.6246e+01,9.7068e+01,9.8263e+01,9.9055e+01,1.0016e+02,1.0032e+02,1.0142e+02,1.0237e+02,1.0401e+02,1.0431e+02,1.0518e+02,1.0699e+02,1.0861e+02,1.1043e+02,1.1221e+02,1.1402e+02,1.1530e+02,1.1738e+02,1.1858e+02,1.1972e+02,1.2134e+02,1.2272e+02,1.2471e+02,1.2676e+02,1.2870e+02,1.3072e+02,1.3237e+02,1.3402e+02,1.3545e+02,1.3709e+02,1.3793e+02,1.3885e+02,1.3944e+02,1.3988e+02,1.4070e+02,1.4159e+02,1.4252e+02,1.4345e+02,1.4432e+02,1.4533e+02,1.4652e+02,1.4751e+02,1.4881e+02,1.4958e+02,1.5040e+02,1.5136e+02,1.5185e+02,1.5241e+02,1.5221e+02,1.5194e+02
9.3269e+01,9.3223e+01,9.3322e+01,9.3386e+01,9.3513e+01,9.3597e+01,9.3516e+01,9.3716e+01,9.3328e+01,9.2972e+01,9.2668e+01,9.2335e+01,9.2194e+01,9.1962e+01,9.1572e+01,9.1503e+01,9.1141e+01,9.0891e+01,9.0551e+01,9.0585e+01,9.0772e+01,9.0769e+01,9.1095e+01,9.1116e+01,9.1325e+01,9.1822e+01,9.2220e+01,9.2349e+01,9.2714e+01,9.2998e+01,9.3457e+01,9.3842e+01,9.4185e+01,9.4696e+01,9.4921e+01,9.5002e+01,9.5557e+01,9.5806e+01,9.6386e+01,9.6686e+01,9.7168e+01,9.7895e+01,9.8812e+01,9.9405e+01,9.8953e+01,9.8100e+01,9.7275e+01,9.7311e+01,9.6315e+01,9.5516e+01,9.4418e+01,9.4111e+01,9.3167e+01,9.3162e+01,9.2380e+01,9.1877e+01,9.1269e+01,9.0895e+01,9.0431e+01,9.0034e+01,8.9666e+01,8.9433e+01,8.9309e+01,8.9145e+01,8.9052e+01,8.9158e+01,8.9302e+01,8.9467e+01,8.9706e+01,9.0132e+01,9.0295e+01,9.0854e+01,9.1017e+01,9.0876e+01,9.1297e+01,9.1685e+01,9.2493e+01,9.2989e+01,9.3859e+01,9.4420e+01,9.5243e+01,9.6455e+01,9.7276e+01,9.8469e+01,9.9260e+01,1.0036e+02,1.0053e+02,1.0162e+02,1.0257e+02,1.0420e+02,1.0451e+02,1.0537e+02,1.0719e+02,1.0880e+02,1.1062e+02,1.1240e+02,1.1421e+02,1.1548e+02,1.1757e+02,1.1876e+02,1.1990e+02,1.2152e+02,1.2289e+02,1.2489e+02,1.2693e+02,1.2887e+02,1.3089e+02,1.3254e+02,1.3419e+02,1.3561e+02,1.3725e+02,1.3809e+02,1.3900e+02,1.3960e+02,1.4003e+02,1.4085e+02,1.4175e+02,1.4267e+02,1.4360e+02,1.4447e+02,1.4548e+02,1.4666e+02,1.4766e+02,1.4896e+02,1.4972e+02,1.5054e+02,1.5150e+02,1.5198e+02,1.5255e+02,1.5235e+02,1.5208e+02
9.3505e+01,9.3458e+01,9.3557e+01,9.3622e+01,9.3750e+01,9.3834e+01,9.3753e+01,9.3953e+01,9.3567e+01,9.3212e+01,9.2908e+01,9.2574e+01,9.2432e+01,9.2201e+01,9.1812e+01,9.1741e+01,9.1378e+01,9.1130e+01,9.0791e+01,9.0822e+01,9.1009e+01,9.1010e+01,9.1336e+01,9.1359e+01,9.1568e+01,9.2065e+01,9.2459e+01,9.2584e+01,9.2947e+01,9.3229e+01,9.3685e+01,9.4067e+01,9.4406e+01,9.4911e+01,9.5135e+01,9.5217e+01,9.5772e+01,9.6022e+01,9.6599e+01,9.6897e+01,9.7379e+01,9.8105e+01,9.9020e+01,9.9612e+01,9.9160e+01,9.8309e+01,9.7487e+01,9.7525e+01,9.6532e+01,9.5735e+01,9.4640e+01,9.4335e+01,9.3395e+01,9.3390e+01,9.2611e+01,9.2111e+01,9.1505e+01,9.1131e+01,9.0671e+01,9.0275e+01,8.9909e+01,8.9677e+01,8.9553e+01,8.9390e+01,8.9298e+01,8.9402e+01,8.9545e+01,8.9710e+01,8.9949e+01,9.0375e+01,9.0537e+01,9.1097e+01,9.1259e+01,9.1118e+01,9.1538e+01,9.1925e+01,9.2732e+01,9.3229e+01,9.4098e+01,9.4661e+01,9.5482e+01,9.6693e+01,9.7514e+01,9.8707e+01,9.9496e+01,1.0060e+02,1.0076e+02,1.0185e+02,1.0280e+02,1.0443e+02,1.0474e+02,1.0560e+02,1.0742e+02,1.0903e+02,1.1085e+02,1.1262e+02,1.1443e+02,1.1570e+02,1.1778e+02,1.1897e+02,1.2012e+02,1.2173e+02,1.2310e+02,1.2509e+02,1.2714e+02,1.2907e+02,1.3109e+02,1.3274e+02,1.3438e+02,1.3580e+02,1.3744e+02,1.3828e+02,1.3919e+02,1.3979e+02,1.4022e+02,1.4104e+02,1.4193e+02,1.4286e+02,1.4378e+02,1.4465e+02,1.4566e+02,1.4685e+02,1.4784e+02,1.4914e+02,1.4990e+02,1.5072e+02,1.5167e+02,1.5216e+02,1.5272e+02,1.5253e+02,1.5226e+02
9.3785e+01,9.3738e+01,9.3838e+01,9.3906e+01,9.4033e+01,9.4121e+01,9.4043e+01,9.4244e+01,9.3861e+01,9.3506e+01,9.3204e+01,9.2869e+01,9.2728e+01,9.2497e+01,9.2109e+01,9.2038e+01,9.1675e+01,9.1428e+01,9.1088e+01,9.1117e+01,9.1304e+01,9.1308e+01,9.1637e+01,9.1662e+01,9.1871e+01,9.2367e+01,9.2759e+01,9.2883e+01,9.3243e+01,9.3526e+01,9.3982e+01,9.4364e+01,9.4699e+01,9.5202e+01,9.5424e+01,9.5507e+01,9.6061e+01,9.6311e+01,9.6887e+01,9.7184e+01,9.7666e+01,9.8392e+01,9.9304e+01,9.9897e+01,9.9445e+01,9.8593e+01,9.7774e+01,9.7811e+01,9.6820e+01,9.6023e+01,9.4930e+01,9.4625e+01,9.3685e+01,9.3679e+01,9.2900e+01,9.2400e+01,9.1796e+01,9.1421e+01,9.0960e+01,9.0565e+01,9.0198e+01,8.9965e+01,8.9841e+01,8.9675e+01,8.9583e+01,8.9687e+01,8.9830e+01,8.9993e+01,9.0234e+01,9.0658e+01,9.0820e+01,9.1379e+01,9.1541e+01,9.1402e+01,9.1821e+01,9.2206e+01,9.3011e+01,9.3508e+01,9.4376e+01,9.4937e+01,9.5756e+01,9.6965e+01,9.7785e+01,9.8976e+01,9.9762e+01,1.0086e+02,1.0102e+02,1.0211e+02,1.0305e+02,1.0468e+02,1.0499e+02,1.0585e+02,1.0766e+02,1.0927e+02,1.1108e+02,1.1286e+02,1.1466e+02,1.1593e+02,1.1801e+02,1.1919e+02,1.2034e+02,1.2195e+02,1.2332e+02,1.2531e+02,1.2735e+02,1.2928e+02,1.3129e+02,1.3294e+02,1.3458e+02,1.3600e+02,1.3763e+02,1.3847e+02,1.3938e+02,1.3998e+02,1.4041e+02,1.4123e+02,1.4212e+02,1.4304e+02,1.4397e+02,1.4483e+02,1.4584e+02,1.4703e+02,1.4802e+02,1.4931e+02,1.5007e+02,1.5089e+02,1.5184e+02,1.5233e+02,1.5289e+02,1.5269e+02,1.5243e+02
9.3972e+01,9.3926e+01,9.4026e+01,9.4097e+01,9.4228e+01,9.4319e+01,9.4242e+01,9.4446e+01,9.4063e+01,9.3707e+01,9.3403e+01,9.3065e+01,9.2923e+01,9.2692e+01,9.2304e+01,9.2234e+01,9.1869e+01,9.1623e+01,9.1280e+01,9.1305e+01,9.1493e+01,9.1501e+01,9.1834e+01,9.1862e+01,9.2071e+01,9.2567e+01,9.2958e+01,9.3080e+01,9.3441e+01,9.3725e+01,9.4181e+01,9.4564e+01,9.4897e+01,9.5400e+01,9.5619e+01,9.5702e+01,9.6257e+01,9.6506e+01,9.7083e+01,9.7379e+01,9.7862e+01,9.8586e+01,9.9494e+01,1.0009e+02,9.9635e+01,9.8784e+01,9.7966e+01,9.8004e+01,9.7015e+01,9.6219e+01,9.5126e+01,9.4821e+01,9.3881e+01,9.3875e+01,9.3096e+01,9.2597e+01,9.1992e+01,9.1617e+01,9.1155e+01,9.0758e+01,9.0388e+01,9.0154e+01,9.0029e+01,8.9862e+01,8.9770e+01,8.9874e+01,9.0019e+01,9.0180e+01,9.0423e+01,9.0847e+01,9.1009e+01,9.1569e+01,9.1730e+01,9.1592e+01,9.2011e+01,9.2393e+01,9.3198e+01,9.3695e+01,9.4561e+01,9.5123e+01,9.5940e+01,9.7148e+01,9.7968e+01,9.9157e+01,9.9941e+01,1.0104e+02,1.0120e+02,1.0228e+02,1.0323e+02,1.0486e+02,1.0516e+02,1.0602e+02,1.0783e+02,1.0944e+02,1.1125e+02,1.1302e+02,1.1483e+02,1.1609e+02,1.1817e+02,1.1935e+02,1.2049e+02,1.2211e+02,1.2348e+02,1.2546e+02,1.2751e+02,1.2944e+02,1.3145e+02,1.3309e+02,1.3473e+02,1.3614e+02,1.3778e+02,1.3862e+02,1.3953e+02,1.4012e+02,1.4055e+02,1.4137e+02,1.4226e+02,1.4318e+02,1.4410e+02,1.4497e+02,1.4598e+02,1.4716e+02,1.4815e+02,1.4944e+02,1.5020e+02,1.5102e+02,1.5197e+02,1.5245e+02,1.5302e+02,1.5282e+02,1.5256e+02
