Position	CDS Mutation	AA Mutation	Legacy Mutation ID	Count	Type
2	c.6C>T	p.A2=	COSM9444298	23	Substitution - coding silent
6	c.17G>C	p.G6A	COSM6948584	1	Substitution - Missense
8	c.24G>C	p.A8=	COSM9989271	1	Substitution - coding silent
9	c.26C>T	p.A9V	COSM9989266	1	Substitution - Missense
13	c.39C>A	p.T13=	COSM8585579	1	Substitution - coding silent
16	c.46G>A	p.A16T	COSM6979992	1	Substitution - Missense
25	c.73C>G	p.L25V	COSM6909251	1	Substitution - Missense
25	c.74_75del	p.L25Qfs*206	COSM6945957	1	Deletion - Frameshift
26	c.76A>C	p.K26Q	COSM7343560	1	Substitution - Missense
28	c.82G>A	p.G28S	COSM10773858	1	Substitution - Missense
33	c.99G>A	p.A33=	COSM7607358	1	Substitution - coding silent
37	c.110C>A	p.S37Y	COSM6916709	2	Substitution - Missense
39	c.116C>G	p.S39C	COSM6968881	1	Substitution - Missense
39	c.116C>T	p.S39F	COSM10479273	3	Substitution - Missense
40	c.118_123del	p.S40_S41del	COSM10282756	1	Deletion - In frame
41	c.121_123del	p.S41del	COSM9844364	5	Deletion - In frame
41	c.121_123dup	p.S41dup	COSM6921330	2	Insertion - In frame
44	c.130G>A	p.A44T	COSM9101576	1	Substitution - Missense
44	c.131_132del	p.A44Gfs*187	COSM450793	1	Deletion - Frameshift
45	c.133_141del	p.A45_A47del	COSM6962814	2	Deletion - In frame
47	c.139G>A	p.A47T	COSM7572798	1	Substitution - Missense
48	c.143C>A	p.S48Y	COSM6431535	2	Substitution - Missense
48	c.143C>T	p.S48F	COSM9515076	1	Substitution - Missense
49	c.146C>T	p.S49F	COSM9150574	1	Substitution - Missense
50	c.150C>G	p.S50=	COSM6029281	1	Substitution - coding silent
52	c.155C>A	p.S52*	COSM5640576	1	Substitution - Nonsense
55	c.165G>A	p.P55=	COSM10621280	1	Substitution - coding silent
56	c.167G>A	p.G56D	COSM6426359	2	Substitution - Missense
57	c.169T>G	p.S57A	COSM10849227	1	Substitution - Missense
59	c.175A>T	p.M59L	COSM9976155	1	Substitution - Missense
61	c.182C>T	p.T61M	COSM4799235	1	Substitution - Missense
62	c.185G>T	p.G62V	COSM6945297	1	Substitution - Missense
66	c.197A>G	p.N66S	COSM7349088	1	Substitution - Missense
66	c.198C>A	p.N66K	COSM6971191	1	Substitution - Missense
67	c.199C>T	p.H67Y	COSM5733895	1	Substitution - Missense
74	c.220G>A	p.E74K	COSM3829513	9	Substitution - Missense
74	c.222A>C	p.E74D	COSM9638918	2	Substitution - Missense
75	c.223G>C	p.A75P	COSM5024884	4	Substitution - Missense
77	c.228dup	p.A77Rfs*155	COSM9113741	1	Insertion - Frameshift
78	c.231dup	p.A78Rfs*154	COSM7345051	1	Insertion - Frameshift
80	c.238C>G	p.P80A	COSM1698222	1	Substitution - Missense
80	c.238C>T	p.P80S	COSM10551559	1	Substitution - Missense
82	c.246G>C	p.Q82H	COSM9881202	1	Substitution - Missense
83	c.249G>C	p.Q83H	COSM6918045	3	Substitution - Missense
89	c.264_266del	p.H89del	COSM9657975	1	Deletion - In frame
89	c.264_266dup	p.H89dup	COSM1075342	2	Insertion - In frame
89	c.266A>C	p.H89P	COSM7343513	1	Substitution - Missense
91	c.272A>G	p.H91R	COSM6393565	2	Substitution - Missense
93	c.278_298dup	p.H93_H99dup	COSM5990851	1	Insertion - In frame
93	c.279C>A	p.H93Q	COSM6983137	1	Substitution - Missense
96	c.285_287del	p.H96del	COSM6849728	2	Deletion - In frame
96	c.285_287dup	p.H96dup	COSM7345053	1	Insertion - In frame
97	c.289G>A	p.A97T	COSM7343571	1	Substitution - Missense
97	c.290C>T	p.A97V	COSM10876317	1	Substitution - Missense
100	c.299T>A	p.L100H	COSM4935860	6	Substitution - Missense
105	c.313G>A	p.A105T	COSM6938272	1	Substitution - Missense
106	c.316C>A	p.L106I	COSM6943849	1	Substitution - Missense
107	c.319C>T	p.Q107*	COSM6211597	1	Substitution - Nonsense
108	c.322C>A	p.Q108K	COSM6389492	2	Substitution - Missense
109	c.327G>C	p.Q109H	COSM8438720	1	Substitution - Missense
110	c.329T>C	p.L110P	COSM7343515	1	Substitution - Missense
111	c.333C>A	p.N111K	COSM10136888	1	Substitution - Missense
112	c.334C>T	p.Q112*	COSM10178376	1	Substitution - Nonsense
113	c.337T>A	p.F113I	COSM10136941	1	Substitution - Missense
113	c.337_375del	p.F113_Q125del	COSM5655930	1	Deletion - In frame
116	c.347A>C	p.Q116P	COSM9828066	1	Substitution - Missense
118	c.352C>T	p.Q118*	COSM10435635	1	Substitution - Nonsense
119	c.356A>C	p.Q119P	COSM9828068	1	Substitution - Missense
120	c.360G>A	p.Q120=	COSM1075343	3	Substitution - coding silent
121	c.362A>C	p.Q121P	COSM9828070	1	Substitution - Missense
121	c.363A>G	p.Q121=	COSM4767585	8	Substitution - coding silent
122	c.362_363insGC	p.Q122Hfs*59	COSM4170076	2	Insertion - Frameshift
122	c.363_364insGCAG	p.Q122Afs*111	COSM10264217	1	Insertion - Frameshift
122	c.366G>A	p.Q122=	COSM5563222	6	Substitution - coding silent
123	c.360_386del	p.Q123_Q131del	COSM6925293	2	Deletion - In frame
123	c.369G>A	p.Q123=	COSM3697627	4	Substitution - coding silent
124	c.369_392del	p.Q124_Q131del	COSM7345406	2	Deletion - In frame
124	c.372G>A	p.Q124=	COSM1075344	1	Substitution - coding silent
125	c.363_383del	p.Q125_Q131del	COSM6913937	3	Deletion - In frame
125	c.363_383dup	p.Q125_Q131dup	COSM10177220	1	Insertion - In frame
125	c.374A>C	p.Q125P	COSM7445722	1	Substitution - Missense
126	c.363_380del	p.Q126_Q131del	COSM9177417	2	Deletion - In frame
126	c.377A>C	p.Q126P	COSM9828072	1	Substitution - Missense
127	c.379_380insCGCCAC	p.Q126_Q127insPP	COSM9828074	1	Insertion - In frame
127	c.380A>C	p.Q127P	COSM9828076	1	Substitution - Missense
128	c.381_392dup	p.Q128_Q131dup	COSM10878289	1	Insertion - In frame
128	c.382C>T	p.Q128*	COSM10312850	1	Substitution - Nonsense
128	c.383A>C	p.Q128P	COSM9828078	1	Substitution - Missense
128	c.384G>A	p.Q128=	COSM9515907	1	Substitution - coding silent
129	c.363_371dup	p.Q129_Q131dup	COSM7345055	1	Insertion - In frame
129	c.378_386del	p.Q129_Q131del	COSM6203018	1	Deletion - In frame
130	c.357_362dup	p.Q130_Q131dup	COSM4170078	4	Insertion - In frame
130	c.363_368del	p.Q130_Q131del	COSM6922551	1	Deletion - In frame
130	c.363_368dup	p.Q130_Q131dup	COSM9177321	1	Insertion - In frame
130	c.381_386dup	p.Q130_Q131dup	COSM5105951	9	Insertion - In frame
131	c.360_362del	p.Q131del	COSM7325786	5	Deletion - In frame
131	c.360_362dup	p.Q131dup	COSM1731936	10	Insertion - In frame
131	c.363_365del	p.Q131del	COSM10838906	1	Deletion - In frame
131	c.363delinsGCAG	p.Q131dup	COSM7338978	1	Complex - insertion inframe
131	c.384_386del	p.Q131del	COSM4170080	4	Deletion - In frame
131	c.384_386dup	p.Q131dup	COSM7339035	3	Insertion - In frame
134	c.401T>C	p.I134T	COSM9828080	1	Substitution - Missense
135	c.403T>G	p.S135A	COSM9828082	1	Substitution - Missense
136	c.386_404dup	p.N136Tfs*102	COSM6923277	1	Insertion - Frameshift
138	c.413_415del	p.N138del	COSM6976517	2	Deletion - In frame
140	c.418T>A	p.L140M	COSM10470360	1	Substitution - Missense
141	c.422G>A	p.G141D	COSM6975801	1	Substitution - Missense
144	c.430_441del	p.G144_A147del	COSM6986467	2	Deletion - In frame
144	c.431G>A	p.G144D	COSM6585789	1	Substitution - Missense
146	c.429_431del	p.G146del	COSM6961478	1	Deletion - In frame
146	c.436G>A	p.G146S	COSM6956947	1	Substitution - Missense
146	c.436G>C	p.G146R	COSM6939872	1	Substitution - Missense
149	c.445C>A	p.Q149K	COSM10878305	1	Substitution - Missense
149	c.445C>T	p.Q149*	COSM6961476	1	Substitution - Nonsense
150	c.448C>G	p.P150A	COSM10455259	1	Substitution - Missense
150	c.449C>T	p.P150L	COSM10455720	1	Substitution - Missense
151	c.452_472del	p.G151_Q158delinsE	COSM10876819	1	Deletion - In frame
154	c.460A>T	p.M154L	COSM7343562	1	Substitution - Missense
158	c.473A>G	p.Q158R	COSM9638911	1	Substitution - Missense
160	c.478G>A	p.G160R	COSM5495285	1	Substitution - Missense
164	c.490G>T	p.D164Y	COSM7416674	1	Substitution - Missense
166	c.497_498delinsTC	p.A166V	COSM9815464	2	Substitution - Missense
169	c.505_507delinsAAT	p.G169N	COSM9815466	2	Substitution - Missense
173	c.517C>A	p.P173T	COSM10343788	1	Substitution - Missense
173	c.517C>G	p.P173A	COSM7448846	1	Substitution - Missense
174	c.521C>A	p.P174Q	COSM9815468	2	Substitution - Missense
174	c.521del	p.P174Rfs*6	COSM6942467	2	Deletion - Frameshift
176	c.527C>A	p.P176Q	COSM9815470	2	Substitution - Missense
177	c.521dup	p.P177Afs*55	COSM9863816	1	Insertion - Frameshift
178	c.533T>C	p.L178P	COSM10049254	1	Substitution - Missense
179	c.535C>A	p.L179M	COSM10563924	1	Substitution - Missense
180	c.539G>C	p.S180T	COSM9212418	1	Substitution - Missense
181	c.543_544delinsTT	p.K181_P182delinsNS	COSM6981617	1	Substitution - Missense
183	c.548G>A	p.G183D	COSM6040700	1	Substitution - Missense
185	c.553G>C	p.E185Q	COSM7343517	1	Substitution - Missense
193	c.578G>A	p.G193E	COSM6975014	1	Substitution - Missense
193	c.579G>A	p.G193=	COSM9743121	1	Substitution - coding silent
194	c.580del	p.E194Sfs*72	COSM9113588	1	Deletion - Frameshift
195	c.584C>T	p.P195L	COSM9968530	1	Substitution - Missense
196	c.587C>T	p.A196V	COSM6971460	1	Substitution - Missense
207	c.620_642del	p.A207Gfs*17	COSM9862994	1	Deletion - Frameshift
218	c.652C>G	p.P218A	COSM7343519	1	Substitution - Missense
220	c.659del	p.G220Afs*46	COSM8597862	1	Deletion - Frameshift
224	c.670C>T	p.P224S	COSM6973399	1	Substitution - Missense
225	c.673G>A	p.A225T	COSM6971214	1	Substitution - Missense
226	c.677C>G	p.A226G	COSM10294044	1	Substitution - Missense
229	c.687G>A	p.E229=	COSM6212939	1	Substitution - coding silent
230	c.689T>G	p.F230C	COSM6407681	3	Substitution - Missense
231	c.692A>C	p.N231T	COSM6984447	1	Substitution - Missense
231	c.692_698del	p.N231Tfs*33	COSM9991282	1	Deletion - Frameshift
233	c.699C>G	p.Y233*	COSM6936213	1	Substitution - Nonsense
238	c.714C>T	p.A238=	COSM9267032	1	Substitution - coding silent
239	c.715C>A	p.P239T	COSM6373563	2	Substitution - Missense
240	c.720G>T	p.A240=	COSM6031983	3	Substitution - coding silent
241	c.723_727del	p.S241Rfs*11	COSM9863401	1	Deletion - Frameshift
242	c.726C>T	p.G242=	COSM9267043	1	Substitution - coding silent
244	c.730_743del	p.P244Wfs*5	COSM6942668	1	Deletion - Frameshift
245	c.733G>C	p.G245R	COSM6917422	1	Substitution - Missense
246	c.736G>A	p.G246S	COSM6910612	8	Substitution - Missense
253	c.757G>A	p.D253N	COSM9578666	1	Substitution - Missense
254	c.760C>G	p.Q254E	COSM6977807	1	Substitution - Missense
255	c.764A>G	p.H255R	COSM9813004	1	Substitution - Missense
256	c.766G>C	p.G256R	COSM9828084	1	Substitution - Missense
257	c.769G>C	p.G257R	COSM9828086	1	Substitution - Missense
258	c.772C>T	p.Q258*	COSM6952833	1	Substitution - Nonsense
259	c.777A>C	p.Q259H	COSM6974865	1	Substitution - Missense
262	c.786G>T	p.G262=	COSM6272269	1	Substitution - coding silent
263	c.788T>G	p.M263R	COSM10849202	1	Substitution - Missense
264	c.790G>A	p.G264R	COSM10716592	1	Substitution - Missense
265	c.794T>G	p.M265R	COSM9844328	1	Substitution - Missense
265	c.795G>A	p.M265I	COSM6980339	1	Substitution - Missense
265	c.795G>C	p.M265I	COSM9101622	1	Substitution - Missense
267	c.799C>T	p.H267Y	COSM6944462	1	Substitution - Missense
270	c.809C>T	p.S270F	COSM9177476	1	Substitution - Missense
270	c.809_810delinsTA	p.S270L	COSM6910571	2	Substitution - Missense
271	c.811G>T	p.A271S	COSM9989158	1	Substitution - Missense
273	c.818_823dup	p.A273_A274dup	COSM9989076	1	Insertion - In frame
274	c.821_823del	p.A274del	COSM9518273	5	Deletion - In frame
277	c.829C>T	p.P277S	COSM6961888	1	Substitution - Missense
277	c.830C>A	p.P277H	COSM10716594	1	Substitution - Missense
278	c.831dup	p.G278Rfs*257	COSM6957123	1	Insertion - Frameshift
278	c.833G>T	p.G278V	COSM9178310	1	Substitution - Missense
281	c.842A>C	p.D281A	COSM10849232	1	Substitution - Missense
282	c.846C>G	p.P282=	COSM4646766	1	Substitution - coding silent
294	c.880C>A	p.Q294K	COSM9615595	1	Substitution - Missense
298	c.894T>A	p.Y298*	COSM9359203	1	Substitution - Nonsense
300	c.898G>A	p.G300S	COSM7343521	1	Substitution - Missense
301	c.901T>G	p.Y301D	COSM9828088	1	Substitution - Missense
301	c.903C>T	p.Y301=	COSM7617217	1	Substitution - coding silent
305	c.909del	p.G305Afs*64	COSM9613032	1	Deletion - Frameshift
306	c.918G>C	p.A306=	COSM9114546	1	Substitution - coding silent
307	c.919G>A	p.G307S	COSM9807334	1	Substitution - Missense
308	c.922G>A	p.G308S	COSM4972092	1	Substitution - Missense
314	c.940G>C	p.G314R	COSM6958596	1	Substitution - Missense
314	c.940_957dup	p.G314_G319dup	COSM10589393	1	Insertion - In frame
314	c.942C>A	p.G314=	COSM3781609	36	Substitution - coding silent
315	c.945A>C	p.G315=	COSM7586501	7	Substitution - coding silent
316	c.933_944del	p.G316_G319del	COSM7345409	1	Deletion - In frame
317	c.936_944dup	p.G317_G319dup	COSM9166464	1	Insertion - In frame
318	c.939_944del	p.G318_G319del	COSM6920664	2	Deletion - In frame
318	c.939_944dup	p.G318_G319dup	COSM9658362	1	Insertion - In frame
318	c.954A>C	p.G318=	COSM5623680	2	Substitution - coding silent
319	c.942_944del	p.G319del	COSM4663235	2	Deletion - In frame
319	c.942_944dup	p.G319dup	COSM1731934	4	Insertion - In frame
319	c.954_956del	p.G319del	COSM4993700	8	Deletion - In frame
320	c.958A>G	p.S320G	COSM5623682	2	Substitution - Missense
320	c.960C>A	p.S320R	COSM5623684	1	Substitution - Missense
321	c.961G>A	p.G321R	COSM10310434	1	Substitution - Missense
321	c.961G>T	p.G321*	COSM10501368	1	Substitution - Nonsense
322	c.964G>A	p.G322R	COSM9569573	1	Substitution - Missense
322	c.965G>A	p.G322E	COSM7343523	1	Substitution - Missense
324	c.970G>A	p.G324R	COSM10180120	1	Substitution - Missense
324	c.971G>C	p.G324A	COSM1183550	1	Substitution - Missense
324	c.971G>T	p.G324V	COSM6547813	1	Substitution - Missense
326	c.977G>C	p.G326A	COSM1183552	3	Substitution - Missense
326	c.977_985del	p.G326_G328del	COSM7345405	1	Deletion - In frame
326	c.977_985dup	p.G326_G328dup	COSM10210593	1	Insertion - In frame
327	c.980G>C	p.G327A	COSM4987087	2	Substitution - Missense
327	c.980_985del	p.G327_G328del	COSM5975872	3	Deletion - In frame
328	c.982G>T	p.G328*	COSM8598308	1	Substitution - Nonsense
328	c.983_1000del	p.G328_G333del	COSM10849037	1	Deletion - In frame
328	c.983_985del	p.G328del	COSM4663237	6	Deletion - In frame
328	c.983_985dup	p.G328dup	COSM9266815	3	Insertion - In frame
329	c.985_986insGAAGAG	p.G328_A329insGR	COSM10842284	3	Insertion - In frame
329	c.986C>G	p.A329G	COSM7343524	4	Substitution - Missense
330	c.989_990delinsCG	p.G330A	COSM9828090	1	Substitution - Missense
331	c.992C>G	p.A331G	COSM7339962	5	Substitution - Missense
331	c.992_997del	p.A331_G332del	COSM10538999	1	Deletion - In frame
332	c.995G>C	p.G332A	COSM7339500	2	Substitution - Missense
332	c.995_996delinsCG	p.G332A	COSM9828092	1	Substitution - Missense
333	c.993_1007del	p.G333_G337del	COSM9165767	7	Deletion - In frame
333	c.998G>C	p.G333A	COSM9828094	2	Substitution - Missense
334	c.1000G>A	p.A334T	COSM9976099	1	Substitution - Missense
336	c.1006G>A	p.A336T	COSM7339031	1	Substitution - Missense
336	c.1008G>A	p.A336=	COSM7339032	3	Substitution - coding silent
338	c.1012G>A	p.A338T	COSM6217729	1	Substitution - Missense
338	c.1013C>T	p.A338V	COSM6426809	2	Substitution - Missense
339	c.1016_1021dup	p.V339_A340dup	COSM1731932	3	Insertion - In frame
340	c.1019C>T	p.A340V	COSM7343572	2	Substitution - Missense
341	c.1022C>T	p.A341V	COSM7343527	1	Substitution - Missense
341	c.1023G>C	p.A341=	COSM9114703	1	Substitution - coding silent
343	c.1029C>G	p.A343=	COSM9114705	1	Substitution - coding silent
344	c.1031C>T	p.A344V	COSM7343529	4	Substitution - Missense
345	c.1034C>T	p.A345V	COSM6849650	1	Substitution - Missense
346	c.1029_1043dup	p.A346_A350dup	COSM10513067	1	Insertion - In frame
346	c.1038G>A	p.A346=	COSM9114707	1	Substitution - coding silent
347	c.1029_1040del	p.A347_A350del	COSM6959614	4	Deletion - In frame
348	c.1043_1051dup	p.A348_A350dup	COSM9828096	1	Insertion - In frame
348	c.1044A>C	p.A348=	COSM4808193	1	Substitution - coding silent
350	c.1041_1043del	p.A350del	COSM9658037	4	Deletion - In frame
350	c.1041_1043dup	p.A350dup	COSM6907054	1	Insertion - In frame
350	c.1044_1068del	p.A350Mfs*11	COSM9613040	1	Deletion - Frameshift
350	c.1049_1051dup	p.A350dup	COSM7345057	1	Insertion - In frame
351	c.1044_1065del	p.G351Mfs*11	COSM9179391	2	Deletion - Frameshift
351	c.1052G>C	p.G351A	COSM7449865	2	Substitution - Missense
352	c.1054G>T	p.G352C	COSM10894608	1	Substitution - Missense
355	c.1064G>A	p.G355D	COSM10000491	1	Substitution - Missense
355	c.1065C>T	p.G355=	COSM10897081	1	Substitution - coding silent
356	c.1065_1066insAGC	p.G355_G356insS	COSM5959856	1	Insertion - In frame
357	c.1069_1071del	p.G357del	COSM6945465	8	Deletion - In frame
357	c.1069_1071dup	p.G357dup	COSM5445871	2	Insertion - In frame
358	c.1073_1081del	p.Y358_G360del	COSM7345411	1	Deletion - In frame
361	c.1082C>G	p.S361W	COSM6963979	2	Substitution - Missense
363	c.1088C>T	p.A363V	COSM7343574	2	Substitution - Missense
369	c.1106G>A	p.S369N	COSM7339498	1	Substitution - Missense
372	c.1114C>T	p.R372W	COSM6966685	1	Substitution - Missense
372	c.1114dup	p.R372Pfs*163	COSM6911236	1	Insertion - Frameshift
375	c.1124G>T	p.G375V	COSM9638909	1	Substitution - Missense
376	c.1121dup	p.G376Rfs*159	COSM6987149	1	Insertion - Frameshift
377	c.1130G>T	p.G377V	COSM7343564	1	Substitution - Missense
380	c.1139T>C	p.M380T	COSM6393567	2	Substitution - Missense
384	c.1151_1159del	p.G384_G386del	COSM9115489	1	Deletion - In frame
384	c.1151del	p.G384Afs*46	COSM6971492	1	Deletion - Frameshift
385	c.1154G>A	p.G385D	COSM10524671	1	Substitution - Missense
390	c.1170C>G	p.L390=	COSM5646459	1	Substitution - coding silent
391	c.1173C>T	p.S391=	COSM8604131	1	Substitution - coding silent
393	c.1178C>T	p.A393V	COSM10895229	1	Substitution - Missense
394	c.1180G>A	p.A394T	COSM6836952	1	Substitution - Missense
395	c.1183G>A	p.A395T	COSM9989206	1	Substitution - Missense
396	c.1187G>C	p.G396A	COSM6986162	1	Substitution - Missense
397	c.1190C>T	p.S397L	COSM9998073	1	Substitution - Missense
399	c.1195G>A	p.A399T	COSM6959429	1	Substitution - Missense
399	c.1195G>T	p.A399S	COSM10848618	1	Substitution - Missense
399	c.1195_1220del	p.A399Pfs*127	COSM5966712	1	Deletion - Frameshift
400	c.1199G>A	p.G400E	COSM6405619	2	Substitution - Missense
401	c.1202del	p.G401Afs*29	COSM5492162	2	Deletion - Frameshift
405	c.1213T>C	p.F405L	COSM7339029	1	Substitution - Missense
407	c.1220G>A	p.G407D	COSM6408268	2	Substitution - Missense
412	c.1236G>T	p.P412=	COSM1621131	2	Substitution - coding silent
413	c.1237T>C	p.S413P	COSM6430616	2	Substitution - Missense
413	c.1239G>A	p.S413=	COSM9798872	1	Substitution - coding silent
415	c.1243del	p.A415Pfs*15	COSM6604600	3	Deletion - Frameshift
419	c.1255del	p.L419Sfs*11	COSM9862787	1	Deletion - Frameshift
420	c.1260T>A	p.N420K	COSM6928818	1	Substitution - Missense
422	c.1266G>A	p.L422=	COSM8420548	1	Substitution - coding silent
423	c.1269C>T	p.L423=	COSM9267063	1	Substitution - coding silent
425	c.1273_1274del	p.S425Afs*109	COSM6604604	1	Deletion - Frameshift
425	c.1274C>A	p.S425*	COSM5962196	2	Substitution - Nonsense
428	c.1282C>T	p.P428S	COSM6370257	3	Substitution - Missense
428	c.1282_1291del	p.P428Gfs*71	COSM10890390	1	Deletion - Frameshift
430	c.1289del	p.M430Sfs*72	COSM9992871	1	Deletion - Frameshift
431	c.1293G>C	p.R431=	COSM10771740	1	Substitution - coding silent
432	c.1296C>A	p.S432R	COSM10890392	1	Substitution - Missense
435	c.1304G>A	p.G435D	COSM9923905	1	Substitution - Missense
438	c.1314C>G	p.P438=	COSM7339033	1	Substitution - coding silent
441	c.1323C>A	p.S441R	COSM10025612	1	Substitution - Missense
443	c.1329C>T	p.P443=	COSM5641557	1	Substitution - coding silent
444	c.1329del	p.S444Afs*58	COSM8598320	1	Deletion - Frameshift
445	c.1332_1334dup	p.A445dup	COSM9359110	3	Insertion - In frame
445	c.1334C>T	p.A445V	COSM7343531	1	Substitution - Missense
449	c.1344_1345insTCG	p.P448_P449insS	COSM6939996	2	Insertion - In frame
450	c.1347_1348insTCG	p.P449_P450insS	COSM6984681	1	Insertion - In frame
450	c.1348_1350del	p.P450del	COSM9657945	2	Deletion - In frame
450	c.1348_1350dup	p.P450dup	COSM243049	19	Insertion - In frame
451	c.1351T>C	p.S451P	COSM6954215	4	Substitution - Missense
452	c.1352_1353insCGC	p.S451_Q452insA	COSM4969523	2	Insertion - In frame
452	c.1354C>T	p.Q452*	COSM6975317	1	Substitution - Nonsense
454	c.1360dup	p.Q454Pfs*81	COSM9863839	1	Insertion - Frameshift
458	c.1371_1428del	p.A458Rfs*25	COSM6945875	1	Deletion - Frameshift
458	c.1373_1381del	p.A458_A460del	COSM10561611	1	Deletion - In frame
460	c.1379C>G	p.A460G	COSM5549929	3	Substitution - Missense
460	c.1379_1381del	p.A460del	COSM9220131	3	Deletion - In frame
461	c.1380_1398del	p.G461Sfs*35	COSM5949852	1	Deletion - Frameshift
464	c.1389_1398del	p.A464Sfs*35	COSM10790612	1	Deletion - Frameshift
465	c.1392_1416del	p.G465Wfs*29	COSM9995885	1	Deletion - Frameshift
468	c.1402C>T	p.Q468*	COSM6942057	1	Substitution - Nonsense
468	c.1404G>A	p.Q468=	COSM9287656	1	Substitution - coding silent
471	c.1412_1425del	p.A471Gfs*59	COSM9863410	1	Deletion - Frameshift
474	c.1421G>C	p.G474A	COSM7343577	1	Substitution - Missense
482	c.1444C>T	p.Q482*	COSM9804581	1	Substitution - Nonsense
488	c.1463C>G	p.P488R	COSM9112168	2	Substitution - Missense
490	c.1469G>A	p.W490*	COSM6944805	2	Substitution - Nonsense
490	c.1470G>A	p.W490*	COSM6975373	1	Substitution - Nonsense
495	c.1482_1489del	p.Q495Sfs*37	COSM10513005	1	Deletion - Frameshift
496	c.1487G>A	p.R496K	COSM6947496	1	Substitution - Missense
496	c.1487G>T	p.R496M	COSM6974697	1	Substitution - Missense
496	c.1488G>A	p.R496=	COSM9796489	1	Substitution - coding silent
503	c.1508_1509insGCC	p.P503dup	COSM9232711	2	Insertion - In frame
507	c.1518del	p.G507Dfs*16	COSM6942462	3	Deletion - Frameshift
507	c.1519G>A	p.G507R	COSM9860506	1	Substitution - Missense
507	c.1519G>T	p.G507*	COSM5415227	1	Substitution - Nonsense
508	c.1522C>T	p.P508S	COSM9177409	1	Substitution - Missense
509	c.1526C>T	p.T509I	COSM9993326	1	Substitution - Missense
514	c.1542G>T	p.Q514H	COSM6955044	1	Substitution - Missense
516	c.1547G>A	p.S516N	COSM6971462	1	Substitution - Missense
518	c.1552A>G	p.M518V	COSM9992988	1	Substitution - Missense
519	c.1555G>A	p.D519N	COSM6925104	2	Substitution - Missense
520	c.1559C>T	p.P520L	COSM6984203	1	Substitution - Missense
521	c.1561A>G	p.M521V	COSM7343579	1	Substitution - Missense
522	c.1564G>T	p.V522L	COSM7728019	1	Substitution - Missense
522	c.1565T>C	p.V522A	COSM10838908	1	Substitution - Missense
523	c.1566_1567delinsTT	p.M523L	COSM10176044	1	Substitution - Missense
525	c.1574G>A	p.R525K	COSM6978216	2	Substitution - Missense
525	c.1574G>T	p.R525I	COSM8823945	1	Substitution - Missense
527	c.1579C>T	p.Q527*	COSM7660489	1	Substitution - Nonsense
530	c.1589G>A	p.G530D	COSM8597086	1	Substitution - Missense
532	c.1594G>T	p.G532C	COSM7311666	1	Substitution - Missense
532	c.1595G>A	p.G532D	COSM5518712	1	Substitution - Missense
535	c.1603C>T	p.P535S	COSM6447285	1	Substitution - Missense
535	c.1604C>T	p.P535L	COSM6915825	2	Substitution - Missense
537	c.1610C>G	p.S537C	COSM4433125	1	Substitution - Missense
537	c.1610C>T	p.S537F	COSM10869751	1	Substitution - Missense
538	c.1612C>T	p.Q538*	COSM7652623	2	Substitution - Nonsense
540	c.1618C>T	p.Q540*	COSM7634878	2	Substitution - Nonsense
541	c.1621C>T	p.Q541*	COSM9855098	2	Substitution - Nonsense
541	c.1623G>C	p.Q541H	COSM8648596	1	Substitution - Missense
542	c.1625G>A	p.S542N	COSM9998830	1	Substitution - Missense
544	c.1630C>T	p.P544S	COSM9805535	1	Substitution - Missense
544	c.1631C>T	p.P544L	COSM7273157	1	Substitution - Missense
546	c.1637C>T	p.P546L	COSM6934363	1	Substitution - Missense
547	c.1640G>C	p.G547A	COSM7252823	1	Substitution - Missense
548	c.1640dup	p.G548Rfs*105	COSM6942179	1	Insertion - Frameshift
548	c.1642G>A	p.G548S	COSM7527838	1	Substitution - Missense
549	c.1646C>T	p.S549F	COSM3769994	1	Substitution - Missense
551	c.1652G>A	p.G551D	COSM8407244	1	Substitution - Missense
552	c.1655C>A	p.P552H	COSM4663239	2	Substitution - Missense
553	c.1657C>G	p.P553A	COSM6943753	2	Substitution - Missense
553	c.1657C>T	p.P553S	COSM7120337	1	Substitution - Missense
553	c.1658C>A	p.P553Q	COSM7235397	1	Substitution - Missense
555	c.1663C>T	p.P555S	COSM9744210	1	Substitution - Missense
556	c.1666C>T	p.Q556*	COSM10876591	1	Substitution - Nonsense
557	c.1670G>A	p.R557Q	COSM3022240	1	Substitution - Missense
557	c.1671G>A	p.R557=	COSM8971842	1	Substitution - coding silent
559	c.1675C>T	p.P559S	COSM6849593	1	Substitution - Missense
560	c.1678A>G	p.I560V	COSM5019254	8	Substitution - Missense
562	c.1686C>G	p.I562M	COSM4763082	1	Substitution - Missense
563	c.1687C>T	p.Q563*	COSM9798670	1	Substitution - Nonsense
565	c.1693C>T	p.R565W	COSM740286	3	Substitution - Missense
565	c.1694G>A	p.R565Q	COSM1441807	2	Substitution - Missense
567	c.1701C>A	p.P567=	COSM8380651	1	Substitution - coding silent
568	c.1702G>A	p.G568R	COSM1183558	4	Substitution - Missense
568	c.1702G>C	p.G568R	COSM4387251	1	Substitution - Missense
568	c.1703G>A	p.G568E	COSM6912707	1	Substitution - Missense
568	c.1704G>T	p.G568=	COSM6256805	1	Substitution - coding silent
569	c.1705del	p.A569Pfs*24	COSM7335296	1	Deletion - Frameshift
570	c.1710G>A	p.M570I	COSM6478919	1	Substitution - Missense
572	c.1714G>A	p.G572R	COSM8563009	2	Substitution - Missense
572	c.1715G>C	p.G572A	COSM6911923	2	Substitution - Missense
574	c.1720C>T	p.Q574*	COSM7338959	1	Substitution - Nonsense
575	c.1725C>T	p.Y575=	COSM3022242	2	Substitution - coding silent
576	c.1727C>G	p.P576R	COSM6968872	1	Substitution - Missense
576	c.1727C>T	p.P576L	COSM3674595	1	Substitution - Missense
577	c.1729C>T	p.Q577*	COSM6935726	2	Substitution - Nonsense
578	c.1732C>T	p.Q578*	COSM3674597	1	Substitution - Nonsense
581	c.1742_1743del	p.S581Wfs*71	COSM3686338	1	Deletion - Frameshift
585	c.1754C>T	p.T585I	COSM6914905	1	Substitution - Missense
585	c.1755A>G	p.T585=	COSM8835712	1	Substitution - coding silent
590	c.1770C>G	p.F590L	COSM9615592	1	Substitution - Missense
591	c.1772G>T	p.W591L	COSM6980134	1	Substitution - Missense
592	c.1774T>G	p.L592V	COSM6922765	1	Substitution - Missense
592	c.1776G>T	p.L592F	COSM7973117	1	Substitution - Missense
594	c.1780C>T	p.P594S	COSM4167419	1	Substitution - Missense
595	c.1784C>A	p.P595H	COSM8768524	1	Substitution - Missense
595	c.1784C>T	p.P595L	COSM7272240	1	Substitution - Missense
598	c.1793G>A	p.G598E	COSM6959431	1	Substitution - Missense
599	c.1796A>T	p.Q599L	COSM5474899	1	Substitution - Missense
601	c.1801G>T	p.G601C	COSM6105777	2	Substitution - Missense
602	c.1804G>A	p.V602M	COSM3859963	1	Substitution - Missense
602	c.1804G>C	p.V602L	COSM9542051	1	Substitution - Missense
602	c.1805T>C	p.V602A	COSM3022247	1	Substitution - Missense
607	c.1819C>T	p.Q607*	COSM1187194	1	Substitution - Nonsense
608	c.1822C>T	p.Q608*	COSM6918886	3	Substitution - Nonsense
609	c.1825G>A	p.G609S	COSM5979283	1	Substitution - Missense
609	c.1826del	p.G609Afs*59	COSM9994870	1	Deletion - Frameshift
611	c.1831C>T	p.Q611*	COSM10889788	1	Substitution - Nonsense
614	c.1841dup	p.Y614*	COSM8606296	1	Insertion - Frameshift
614	c.1842C>A	p.Y614*	COSM4619280	1	Substitution - Nonsense
615	c.1844G>A	p.S615N	COSM9030766	1	Substitution - Missense
617	c.1849C>T	p.Q617*	COSM6972989	1	Substitution - Nonsense
618	c.1852C>T	p.P618S	COSM6923613	1	Substitution - Missense
618	c.1853C>T	p.P618L	COSM1183554	1	Substitution - Missense
618	c.1854G>A	p.P618=	COSM3730477	1	Substitution - coding silent
619	c.1856_1858dup	p.Q619dup	COSM4613673	1	Insertion - In frame
619	c.1857G>A	p.Q619=	COSM7548136	1	Substitution - coding silent
619	c.1857G>T	p.Q619H	COSM8781597	1	Substitution - Missense
621	c.1862del	p.P621Rfs*47	COSM8485970	2	Deletion - Frameshift
621	c.1863G>A	p.P621=	COSM8587380	1	Substitution - coding silent
621	c.1863G>T	p.P621=	COSM1311747	1	Substitution - coding silent
622	c.1865A>G	p.H622R	COSM6967565	1	Substitution - Missense
624	c.1872A>G	p.P624=	COSM341440	1	Substitution - coding silent
625	c.1874_1875delinsTT	p.P625L	COSM10178516	1	Substitution - Missense
626	c.1876C>T	p.Q626*	COSM10524673	1	Substitution - Nonsense
626	c.1876del	p.Q626Rfs*42	COSM6948070	2	Deletion - Frameshift
627	c.1879G>A	p.A627T	COSM7613760	1	Substitution - Missense
627	c.1881G>A	p.A627=	COSM2155416	2	Substitution - coding silent
627	c.1881G>C	p.A627=	COSM8700176	1	Substitution - coding silent
628	c.1882C>T	p.Q628*	COSM6976805	2	Substitution - Nonsense
630	c.1888C>G	p.L630V	COSM10457089	1	Substitution - Missense
632	c.1895C>T	p.S632F	COSM9800668	1	Substitution - Missense
634	c.1900_1905del	p.S634_Q635del	COSM6959348	1	Deletion - In frame
638	c.1914C>A	p.Y638*	COSM9996123	1	Substitution - Nonsense
640	c.1919C>T	p.P640L	COSM6604559	1	Substitution - Missense
640	c.1920G>A	p.P640=	COSM9266948	1	Substitution - coding silent
642	c.1925A>T	p.Q642L	COSM9976156	1	Substitution - Missense
643	c.1928A>G	p.D643G	COSM6981355	1	Substitution - Missense
644	c.1932G>A	p.M644I	COSM7343581	1	Substitution - Missense
645	c.1934C>T	p.S645F	COSM6948251	3	Substitution - Missense
646	c.1936C>T	p.Q646*	COSM7338863	3	Substitution - Nonsense
647	c.1939G>A	p.E647K	COSM6942333	1	Substitution - Missense
647	c.1940A>G	p.E647G	COSM4927967	1	Substitution - Missense
648	c.1943G>T	p.G648V	COSM3622262	1	Substitution - Missense
649	c.1945T>C	p.Y649H	COSM6215382	1	Substitution - Missense
649	c.1946A>G	p.Y649C	COSM8391829	1	Substitution - Missense
652	c.1954_1955delinsTT	p.R652L	COSM6917591	2	Substitution - Missense
652	c.1955G>A	p.R652K	COSM10578132	1	Substitution - Missense
652	c.1955G>C	p.R652T	COSM6927171	1	Substitution - Missense
653	c.1958C>T	p.S653F	COSM9999899	1	Substitution - Missense
654	c.1960C>T	p.Q654*	COSM6981021	4	Substitution - Nonsense
655	c.1964C>A	p.P655H	COSM10716596	1	Substitution - Missense
658	c.1972G>T	p.A658S	COSM6547815	1	Substitution - Missense
659	c.1977C>T	p.P659=	COSM5020592	2	Substitution - coding silent
660	c.1977del	p.G660Efs*8	COSM3022255	2	Deletion - Frameshift
660	c.1978G>A	p.G660R	COSM3728409	4	Substitution - Missense
662	c.1985C>G	p.P662R	COSM3022257	1	Substitution - Missense
663	c.1988A>G	p.N663S	COSM6979156	1	Substitution - Missense
664	c.1991A>G	p.H664R	COSM5017417	1	Substitution - Missense
665	c.1993G>T	p.E665*	COSM9179379	1	Substitution - Nonsense
667	c.2001G>C	p.L667F	COSM7245014	1	Substitution - Missense
672	c.2014C>T	p.Q672*	COSM7253143	1	Substitution - Nonsense
674	c.2020A>G	p.R674G	COSM3859965	1	Substitution - Missense
675	c.2023C>T	p.P675S	COSM8829533	1	Substitution - Missense
676	c.2024dup	p.S676Ifs*11	COSM8661125	1	Insertion - Frameshift
676	c.2027C>G	p.S676*	COSM1311749	1	Substitution - Nonsense
677	c.2029A>G	p.S677G	COSM8182228	1	Substitution - Missense
677	c.2031T>G	p.S677R	COSM8182263	1	Substitution - Missense
680	c.2039A>G	p.D680G	COSM9225414	1	Substitution - Missense
680	c.2039A>T	p.D680V	COSM10096327	1	Substitution - Missense
683	c.2048G>A	p.G683D	COSM6504564	2	Substitution - Missense
684	c.2052C>T	p.S684=	COSM5607853	1	Substitution - coding silent
685	c.2053A>G	p.I685V	COSM10491094	1	Substitution - Missense
686	c.2057_2060del	p.D686Afs*10	COSM10075373	1	Deletion - Frameshift
686	c.2058T>G	p.D686E	COSM10757028	1	Substitution - Missense
687	c.2060A>G	p.D687G	COSM5472195	1	Substitution - Missense
687	c.2060A>T	p.D687V	COSM6547817	1	Substitution - Missense
689	c.2065C>T	p.P689S	COSM3622264	2	Substitution - Missense
689	c.2066C>A	p.P689H	COSM9953495	1	Substitution - Missense
690	c.2069C>T	p.T690M	COSM3022259	4	Substitution - Missense
690	c.2070G>A	p.T690=	COSM4663241	2	Substitution - coding silent
691	c.2072del	p.G691Efs*6	COSM6914769	1	Deletion - Frameshift
694	c.2081del	p.A694Efs*3	COSM5607865	1	Deletion - Frameshift
695	c.2083A>G	p.T695A	COSM9971603	1	Substitution - Missense
701	c.2102G>T	p.S701I	COSM4663243	2	Substitution - Missense
702	c.2104G>T	p.A702S	COSM6299888	1	Substitution - Missense
704	c.2110_2111delinsAA	p.G704K	COSM6967389	1	Substitution - Missense
706	c.2117C>T	p.T706M	COSM8211122	1	Substitution - Missense
707	c.2120G>A	p.S707N	COSM5607847	1	Substitution - Missense
712	c.2134C>T	p.Q712*	COSM6207021	1	Substitution - Nonsense
715	c.2144C>G	p.P715R	COSM6927743	1	Substitution - Missense
715	c.2144C>T	p.P715L	COSM6964231	4	Substitution - Missense
716	c.2147C>T	p.A716V	COSM1441811	3	Substitution - Missense
717	c.2149C>T	p.Q717*	COSM1634598	1	Substitution - Nonsense
717	c.2151G>T	p.Q717H	COSM6604596	1	Substitution - Missense
718	c.2154G>A	p.S718=	COSM3781611	2	Substitution - coding silent
721	c.2162C>T	p.S721F	COSM6981204	1	Substitution - Missense
721	c.2163C>T	p.S721=	COSM4394219	2	Substitution - coding silent
723	c.2167C>A	p.H723N	COSM3022265	1	Substitution - Missense
724	c.2171C>T	p.A724V	COSM3859967	3	Substitution - Missense
724	c.2172G>A	p.A724=	COSM450794	22	Substitution - coding silent
729	c.2186C>T	p.S729F	COSM397320	1	Substitution - Missense
732	c.2194C>T	p.P732S	COSM10746793	1	Substitution - Missense
732	c.2195C>A	p.P732Q	COSM3674599	1	Substitution - Missense
732	c.2195del	p.P732Rfs*13	COSM1075345	1	Deletion - Frameshift
732	c.2196G>A	p.P732=	COSM6604555	2	Substitution - coding silent
733	c.2198G>A	p.G733E	COSM6928946	1	Substitution - Missense
734	c.2200G>A	p.G734S	COSM6845472	1	Substitution - Missense
734	c.2201G>T	p.G734V	COSM9015361	1	Substitution - Missense
734	c.2201del	p.G734Afs*11	COSM3022267	6	Deletion - Frameshift
734	c.2202C>G	p.G734=	COSM7589953	1	Substitution - coding silent
735	c.2204del	p.P735Hfs*10	COSM1441813	3	Deletion - Frameshift
735	c.2205A>G	p.P735=	COSM7335297	1	Substitution - coding silent
736	c.2201dup	p.S736Ifs*27	COSM3022269	9	Insertion - Frameshift
737	c.2209C>T	p.P737S	COSM1187196	1	Substitution - Missense
737	c.2210C>A	p.P737H	COSM7898553	1	Substitution - Missense
737	c.2210C>T	p.P737L	COSM5908595	2	Substitution - Missense
739	c.2215C>T	p.P739S	COSM4817226	1	Substitution - Missense
741	c.2222G>C	p.G741A	COSM8721106	1	Substitution - Missense
742	c.2226T>C	p.S742=	COSM343090	1	Substitution - coding silent
743	c.2227C>T	p.P743S	COSM5607857	1	Substitution - Missense
745	c.2233G>T	p.G745*	COSM6980827	1	Substitution - Nonsense
746	c.2238C>A	p.S746R	COSM10878094	1	Substitution - Missense
750	c.2248C>T	p.R750*	COSM7338868	1	Substitution - Nonsense
752	c.2254G>A	p.G752S	COSM10804617	1	Substitution - Missense
752	c.2255G>A	p.G752D	COSM3948312	2	Substitution - Missense
753	c.2258C>A	p.P753Q	COSM6327173	1	Substitution - Missense
755	c.2264C>T	p.S755F	COSM10002511	2	Substitution - Missense
757	c.2270C>T	p.A757V	COSM9059409	1	Substitution - Missense
763	c.2288A>G	p.Q763R	COSM7580703	1	Substitution - Missense
766	c.2297C>T	p.P766L	COSM9266984	1	Substitution - Missense
766	c.2298G>A	p.P766=	COSM6351959	1	Substitution - coding silent
770	c.2308G>T	p.G770W	COSM3674601	1	Substitution - Missense
770	c.2310G>A	p.G770=	COSM10897240	1	Substitution - coding silent
773	c.2318C>A	p.S773*	COSM10875722	1	Substitution - Nonsense
778	c.2332C>T	p.H778Y	COSM9888668	1	Substitution - Missense
780	c.2338G>A	p.A780T	COSM7335343	4	Substitution - Missense
780	c.2340C>A	p.A780=	COSM9055516	1	Substitution - coding silent
783	c.2349G>T	p.Q783H	COSM5429486	1	Substitution - Missense
785	c.2353C>G	p.P785A	COSM7411159	4	Substitution - Missense
789	c.2365G>A	p.E789K	COSM7130753	1	Substitution - Missense
791	c.2371G>A	p.G791S	COSM5928775	1	Substitution - Missense
791	c.2372G>T	p.G791V	COSM10049605	1	Substitution - Missense
794	c.2380G>A	p.A794T	COSM1471907	1	Substitution - Missense
795	c.2384G>T	p.G795V	COSM4945410	1	Substitution - Missense
798	c.2394A>G	p.R798=	COSM301704	1	Substitution - coding silent
799	c.2396A>C	p.N799T	COSM6604608	1	Substitution - Missense
799	c.2397C>A	p.N799K	COSM10134499	1	Substitution - Missense
799	c.2397C>T	p.N799=	COSM10524675	1	Substitution - coding silent
800	c.2398C>G	p.P800A	COSM7343533	2	Substitution - Missense
801	c.2400del	p.Q801Rfs*44	COSM450795	1	Deletion - Frameshift
801	c.2401C>G	p.Q801E	COSM4480253	1	Substitution - Missense
802	c.2404A>G	p.M802V	COSM1634600	2	Substitution - Missense
802	c.2405T>C	p.M802T	COSM4586402	1	Substitution - Missense
805	c.2415T>A	p.Y805*	COSM3928189	1	Substitution - Nonsense
807	c.2419C>T	p.P807S	COSM7356386	3	Substitution - Missense
810	c.2429C>T	p.T810I	COSM6934324	1	Substitution - Missense
812	c.2435C>T	p.P812L	COSM4480598	1	Substitution - Missense
819	c.2456C>A	p.S819Y	COSM6604610	1	Substitution - Missense
820	c.2458C>T	p.P820S	COSM10177492	1	Substitution - Missense
823	c.2469G>C	p.Q823H	COSM7700315	1	Substitution - Missense
825	c.2474A>T	p.H825L	COSM7827372	1	Substitution - Missense
826	c.2477C>T	p.A826V	COSM5421687	1	Substitution - Missense
827	c.2478del	p.G827Efs*18	COSM4186695	1	Deletion - Frameshift
827	c.2479G>T	p.G827*	COSM6969666	1	Substitution - Nonsense
827	c.2480G>C	p.G827A	COSM32748	1	Substitution - Missense
828	c.2482A>T	p.I828F	COSM6925417	2	Substitution - Missense
832	c.2494C>T	p.Q832*	COSM6983732	1	Substitution - Nonsense
832	c.2496G>A	p.Q832=	COSM9700456	1	Substitution - coding silent
832	c.2496G>C	p.Q832H	COSM3022280	1	Substitution - Missense
833	c.2497C>T	p.Q833*	COSM10569340	4	Substitution - Nonsense
833	c.2499G>C	p.Q833H	COSM3381495	1	Substitution - Missense
835	c.2504A>G	p.N835S	COSM9693148	1	Substitution - Missense
836	c.2507C>A	p.S836*	COSM7996776	2	Substitution - Nonsense
839	c.2516C>T	p.T839I	COSM6956448	1	Substitution - Missense
840	c.2519dup	p.Y840*	COSM7335342	1	Insertion - Frameshift
840	c.2520C>T	p.Y840=	COSM7610969	1	Substitution - coding silent
841	c.2521G>A	p.G841S	COSM3022284	2	Substitution - Missense
842	c.2524C>T	p.P842S	COSM9385141	1	Substitution - Missense
842	c.2525C>T	p.P842L	COSM5607851	1	Substitution - Missense
843	c.2529G>T	p.Q843H	COSM7645424	1	Substitution - Missense
844	c.2531T>G	p.M844R	COSM6233975	1	Substitution - Missense
845	c.2534G>A	p.S845N	COSM7343535	1	Substitution - Missense
845	c.2535C>G	p.S845R	COSM8096047	1	Substitution - Missense
846	c.2537A>G	p.Q846R	COSM6912801	2	Substitution - Missense
851	c.2552G>T	p.G851V	COSM9603264	1	Substitution - Missense
852	c.2556C>G	p.N852K	COSM8364681	1	Substitution - Missense
853	c.2559C>G	p.Y853*	COSM3622266	1	Substitution - Nonsense
854	c.2561C>T	p.S854F	COSM3622268	3	Substitution - Missense
855	c.2562dup	p.R855Qfs*6	COSM6978680	1	Insertion - Frameshift
857	c.2570del	p.P857Qfs*57	COSM6957132	1	Deletion - Frameshift
858	c.2574G>A	p.A858=	COSM5550660	1	Substitution - coding silent
867	c.2600A>C	p.Y867S	COSM9976100	1	Substitution - Missense
868	c.2604C>A	p.S868R	COSM8960927	1	Substitution - Missense
869	c.2605G>A	p.G869S	COSM6916398	4	Substitution - Missense
869	c.2606G>A	p.G869D	COSM6976807	1	Substitution - Missense
870	c.2608_2611del	p.P870Gfs*43	COSM6973864	1	Deletion - Frameshift
871	c.2606dup	p.G871Rfs*71	COSM7776087	1	Insertion - Frameshift
871	c.2613G>A	p.G871=	COSM4797024	1	Substitution - coding silent
872	c.2616C>T	p.P872=	COSM9443737	1	Substitution - coding silent
873	c.2616_2617insCTGGGCCC	p.G873Lfs*44	COSM7335349	1	Insertion - Frameshift
873	c.2617G>A	p.G873S	COSM6920434	1	Substitution - Missense
874	c.2621T>A	p.M874K	COSM483608	1	Substitution - Missense
875	c.2624G>T	p.G875V	COSM6012570	1	Substitution - Missense
879	c.2636A>T	p.N879I	COSM10757030	1	Substitution - Missense
883	c.2648A>G	p.H883R	COSM8775990	1	Substitution - Missense
884	c.2650G>T	p.G884*	COSM7753921	2	Substitution - Nonsense
886	c.2655_2656insT	p.G886Wfs*56	COSM7345059	1	Insertion - Frameshift
888	c.2662A>C	p.S888R	COSM4767417	1	Substitution - Missense
888	c.2664C>T	p.S888=	COSM9083030	1	Substitution - coding silent
889	c.2665C>T	p.Q889*	COSM5899503	1	Substitution - Nonsense
890	c.2668C>T	p.P890S	COSM8226614	1	Substitution - Missense
890	c.2669C>T	p.P890L	COSM5607869	1	Substitution - Missense
892	c.2675G>T	p.G892V	COSM9588312	1	Substitution - Missense
893	c.2678C>A	p.A893D	COSM6978785	1	Substitution - Missense
893	c.2678C>T	p.A893V	COSM3022302	2	Substitution - Missense
895	c.2685C>T	p.P895=	COSM10524677	1	Substitution - coding silent
897	c.2689G>T	p.G897*	COSM8959764	2	Substitution - Nonsense
897	c.2690_2697del	p.G897Afs*42	COSM5547109	1	Deletion - Frameshift
898	c.2692C>T	p.R898*	COSM6913144	3	Substitution - Nonsense
898	c.2692del	p.R898Efs*16	COSM6958168	1	Deletion - Frameshift
898	c.2693G>A	p.R898Q	COSM3622270	2	Substitution - Missense
902	c.2704G>T	p.A902S	COSM7431529	2	Substitution - Missense
902	c.2706T>A	p.A902=	COSM309266	2	Substitution - coding silent
903	c.2708G>A	p.G903E	COSM9359211	1	Substitution - Missense
905	c.2715_2724del	p.Q905Hfs*6	COSM6984706	1	Deletion - Frameshift
907	c.2719A>T	p.R907*	COSM6914743	1	Substitution - Nonsense
910	c.2728C>T	p.P910S	COSM9804306	1	Substitution - Missense
911	c.2732G>A	p.G911E	COSM6918172	2	Substitution - Missense
913	c.2737A>G	p.M913V	COSM6536113	1	Substitution - Missense
913	c.2738T>G	p.M913R	COSM7343537	1	Substitution - Missense
913	c.2739G>A	p.M913I	COSM7343584	1	Substitution - Missense
916	c.2748G>A	p.M916I	COSM159174	1	Substitution - Missense
921	c.2761C>A	p.P921T	COSM6917991	2	Substitution - Missense
922	c.2764G>A	p.G922S	COSM9180361	1	Substitution - Missense
926	c.2777A>T	p.Q926L	COSM6972794	2	Substitution - Missense
927	c.2779G>T	p.G927*	COSM6925224	1	Substitution - Nonsense
927	c.2780G>C	p.G927A	COSM7339496	1	Substitution - Missense
928	c.2782G>T	p.G928W	COSM10491096	1	Substitution - Missense
929	c.2786del	p.P929Qfs*10	COSM6910617	1	Deletion - Frameshift
931	c.2792dup	p.M931Ifs*11	COSM7338876	1	Insertion - Frameshift
932	c.2796G>A	p.G932=	COSM7252922	1	Substitution - coding silent
935	c.2803A>G	p.M935V	COSM3022312	1	Substitution - Missense
937	c.2809A>G	p.T937A	COSM9359207	1	Substitution - Missense
940	c.2818C>A	p.R940S	COSM8035714	1	Substitution - Missense
940	c.2818C>T	p.R940C	COSM7450445	2	Substitution - Missense
946	c.2838C>T	p.A946=	COSM9114507	1	Substitution - coding silent
947	c.2840C>T	p.A947V	COSM3948314	2	Substitution - Missense
948	c.2842G>T	p.A948S	COSM6938813	2	Substitution - Missense
954	c.2861C>T	p.A954V	COSM9615593	1	Substitution - Missense
954	c.2862G>C	p.A954=	COSM9267005	1	Substitution - coding silent
957	c.2869G>T	p.A957S	COSM6964041	1	Substitution - Missense
958	c.2872C>A	p.Q958K	COSM6402864	2	Substitution - Missense
959	c.2875A>G	p.S959G	COSM10878303	1	Substitution - Missense
959	c.2877C>T	p.S959=	COSM7652708	1	Substitution - coding silent
964	c.2892C>A	p.F964L	COSM3622272	2	Substitution - Missense
965	c.2894C>T	p.P965L	COSM9700133	1	Substitution - Missense
966	c.2897G>A	p.G966D	COSM10652497	2	Substitution - Missense
968	c.2904C>T	p.N968=	COSM3622274	1	Substitution - coding silent
969	c.2906A>C	p.Q969P	COSM309264	2	Substitution - Missense
969	c.2907G>C	p.Q969H	COSM6105775	1	Substitution - Missense
973	c.2917dup	p.M973Nfs*16	COSM7335352	1	Insertion - Frameshift
973	c.2918T>C	p.M973T	COSM3727065	1	Substitution - Missense
978	c.2933C>A	p.P978H	COSM6952760	1	Substitution - Missense
978	c.2933C>T	p.P978L	COSM3729371	2	Substitution - Missense
981	c.2942A>T	p.Q981L	COSM5014656	1	Substitution - Missense
981	c.2943G>T	p.Q981H	COSM9991865	1	Substitution - Missense
984	c.2952C>G	p.N984K	COSM450796	1	Substitution - Missense
989	c.2967G>A	p.L989=	COSM9574369	1	Substitution - coding silent
990	c.2969_2971del	p.M990del	COSM10066063	1	Deletion - In frame
992	c.2976G>A	p.T992=	COSM5996700	2	Substitution - coding silent
994	c.2980G>C	p.A994P	COSM3684019	1	Substitution - Missense
994	c.2981C>T	p.A994V	COSM6604598	2	Substitution - Missense
995	c.2985G>A	p.P995=	COSM3859971	1	Substitution - coding silent
997	c.2989T>C	p.Y997H	COSM6425896	3	Substitution - Missense
998	c.2993G>C	p.S998T	COSM10787854	1	Substitution - Missense
1000	c.2999C>T	p.A1000V	COSM3410730	6	Substitution - Missense
1001	c.3003C>T	p.P1001=	COSM4352594	1	Substitution - coding silent
1002	c.3004G>A	p.A1002T	COSM7591112	2	Substitution - Missense
1002	c.3005C>T	p.A1002V	COSM6958598	1	Substitution - Missense
1002	c.3006C>T	p.A1002=	COSM6849568	1	Substitution - coding silent
1004	c.3010G>T	p.V1004L	COSM7778495	1	Substitution - Missense
1005	c.3013A>G	p.N1005D	COSM6604580	1	Substitution - Missense
1006	c.3016A>C	p.S1006R	COSM6975498	1	Substitution - Missense
1006	c.3018C>A	p.S1006R	COSM8582771	1	Substitution - Missense
1008	c.3023C>T	p.A1008V	COSM6945646	1	Substitution - Missense
1009	c.3025G>T	p.A1009S	COSM1194908	4	Substitution - Missense
1018	c.3053C>T	p.S1018F	COSM6914131	1	Substitution - Missense
1019	c.3055C>A	p.P1019T	COSM6953932	1	Substitution - Missense
1019	c.3056C>T	p.P1019L	COSM3022326	1	Substitution - Missense
1022	c.3064T>C	p.S1022P	COSM8250103	1	Substitution - Missense
1022	c.3065C>G	p.S1022C	COSM10195092	1	Substitution - Missense
1022	c.3065C>T	p.S1022F	COSM6944807	2	Substitution - Missense
1025	c.3073C>T	p.P1025S	COSM9549325	1	Substitution - Missense
1025	c.3074C>T	p.P1025L	COSM5720824	4	Substitution - Missense
1026	c.3076C>T	p.L1026=	COSM7303710	1	Substitution - coding silent
1029	c.3087A>T	p.K1029N	COSM7826579	1	Substitution - Missense
1030	c.3089C>A	p.A1030E	COSM6403306	2	Substitution - Missense
1031	c.3091G>A	p.D1031N	COSM9805063	1	Substitution - Missense
1031	c.3093C>T	p.D1031=	COSM3410732	1	Substitution - coding silent
1032	c.3094G>A	p.G1032S	COSM10069196	1	Substitution - Missense
1032	c.3095G>A	p.G1032D	COSM10133407	1	Substitution - Missense
1033	c.3099A>C	p.K1033N	COSM6949865	1	Substitution - Missense
1034	c.3101_3102del	p.E1034Gfs*32	COSM9225158	1	Deletion - Frameshift
1034	c.3102A>C	p.E1034D	COSM1075346	1	Substitution - Missense
1035	c.3104A>G	p.E1035G	COSM9267054	1	Substitution - Missense
1035	c.3105A>C	p.E1035D	COSM9267056	1	Substitution - Missense
1037	c.3109A>G	p.T1037A	COSM3859973	1	Substitution - Missense
1038	c.3112C>T	p.P1038S	COSM7869010	1	Substitution - Missense
1039	c.3115C>T	p.Q1039*	COSM3928191	1	Substitution - Nonsense
1040	c.3120C>A	p.P1040=	COSM8320918	1	Substitution - coding silent
1044	c.3131C>T	p.S1044L	COSM9807654	1	Substitution - Missense
1046	c.3131dup	p.K1046Efs*21	COSM7335347	2	Insertion - Frameshift
1049	c.3146C>T	p.S1049F	COSM9536530	1	Substitution - Missense
1050	c.3150C>T	p.S1050=	COSM10221231	1	Substitution - coding silent
1052	c.3154A>T	p.T1052S	COSM10647477	1	Substitution - Missense
1053	c.3157A>G	p.T1053A	COSM3829515	3	Substitution - Missense
1054	c.3160G>A	p.G1054R	COSM3829517	2	Substitution - Missense
1054	c.3162G>A	p.G1054=	COSM9092163	1	Substitution - coding silent
1055	c.3163G>T	p.E1055*	COSM5752707	1	Substitution - Nonsense
1057	c.3171C>G	p.I1057M	COSM10096867	1	Substitution - Missense
1058	c.3173C>T	p.T1058M	COSM9090647	1	Substitution - Missense
1058	c.3174G>A	p.T1058=	COSM7705020	1	Substitution - coding silent
1058	c.3174G>C	p.T1058=	COSM7177863	1	Substitution - coding silent
1059	c.3177G>T	p.K1059N	COSM6911197	1	Substitution - Missense
1060	c.3178G>C	p.V1060L	COSM9287658	1	Substitution - Missense
1062	c.3185A>G	p.E1062G	COSM7343539	1	Substitution - Missense
1063	c.3188T>C	p.L1063P	COSM6380017	2	Substitution - Missense
1063	c.3189G>A	p.L1063=	COSM7663803	1	Substitution - coding silent
1063	c.3189G>T	p.L1063=	COSM8134054	1	Substitution - coding silent
1064	c.3190G>T	p.G1064W	COSM6316546	1	Substitution - Missense
1065	c.3192_3193insC	p.N1065Qfs*2	COSM6944175	1	Insertion - Frameshift
1065	c.3193_3194insC	p.N1065Tfs*2	COSM9358679	1	Insertion - Frameshift
1066	c.3196G>A	p.E1066K	COSM6929516	2	Substitution - Missense
1066	c.3196G>T	p.E1066*	COSM6981477	1	Substitution - Nonsense
1067	c.3199C>T	p.P1067S	COSM5869646	1	Substitution - Missense
1068	c.3202G>A	p.E1068K	COSM7107925	1	Substitution - Missense
1068	c.3203A>G	p.E1068G	COSM4917617	1	Substitution - Missense
1070	c.3208A>G	p.K1070E	COSM6943988	1	Substitution - Missense
1072	c.3214T>A	p.W1072R	COSM4910979	1	Substitution - Missense
1072	c.3215G>A	p.W1072*	COSM7535242	2	Substitution - Nonsense
1072	c.3215G>T	p.W1072L	COSM8064545	1	Substitution - Missense
1073	c.3219C>T	p.V1073=	COSM4586404	2	Substitution - coding silent
1074	c.3220G>A	p.D1074N	COSM3022332	3	Substitution - Missense
1075	c.3223C>T	p.R1075*	COSM1642927	9	Substitution - Nonsense
1075	c.3224G>A	p.R1075Q	COSM5564105	4	Substitution - Missense
1078	c.3234C>T	p.T1078=	COSM9797353	1	Substitution - coding silent
1079	c.3235T>C	p.F1079L	COSM4663245	3	Substitution - Missense
1082	c.3244G>A	p.E1082K	COSM740285	1	Substitution - Missense
1082	c.3246G>T	p.E1082D	COSM7646480	1	Substitution - Missense
1083	c.3248G>C	p.R1083T	COSM7075479	1	Substitution - Missense
1084	c.3249_3250del	p.G1084Lfs*33	COSM6977185	1	Deletion - Frameshift
1086	c.3256C>G	p.P1086A	COSM3715357	2	Substitution - Missense
1088	c.3263C>A	p.S1088*	COSM6372026	2	Substitution - Nonsense
1088	c.3263C>G	p.S1088*	COSM6936538	2	Substitution - Nonsense
1088	c.3263C>T	p.S1088L	COSM421000	2	Substitution - Missense
1090	c.3268C>G	p.L1090V	COSM8282573	1	Substitution - Missense
1090	c.3269T>G	p.L1090R	COSM3022334	1	Substitution - Missense
1091	c.3271C>T	p.P1091S	COSM5869648	1	Substitution - Missense
1092	c.3274G>T	p.A1092S	COSM6259100	1	Substitution - Missense
1093	c.3277G>C	p.V1093L	COSM6105773	2	Substitution - Missense
1093	c.3277G>T	p.V1093L	COSM5673235	1	Substitution - Missense
1097	c.3289C>T	p.P1097S	COSM7559845	1	Substitution - Missense
1097	c.3291C>T	p.P1097=	COSM8994120	1	Substitution - coding silent
1098	c.3292C>G	p.L1098V	COSM7356388	1	Substitution - Missense
1098	c.3293T>A	p.L1098Q	COSM8517477	1	Substitution - Missense
1098	c.3293del	p.L1098Rfs*32	COSM6955772	1	Deletion - Frameshift
1099	c.3290_3293dup	p.D1099Pfs*20	COSM10210626	1	Insertion - Frameshift
1099	c.3296A>G	p.D1099G	COSM9187180	2	Substitution - Missense
1100	c.3298C>T	p.L1100=	COSM10377880	1	Substitution - coding silent
1102	c.3304C>T	p.R1102*	COSM6604620	1	Substitution - Nonsense
1103	c.3309C>A	p.L1103=	COSM8986469	1	Substitution - coding silent
1105	c.3315C>G	p.V1105=	COSM4915090	1	Substitution - coding silent
1110	c.3328A>G	p.I1110V	COSM9936331	1	Substitution - Missense
1111	c.3331G>A	p.G1111R	COSM1621133	2	Substitution - Missense
1112	c.3334G>T	p.G1112C	COSM7907267	1	Substitution - Missense
1112	c.3335G>A	p.G1112D	COSM218863	3	Substitution - Missense
1113	c.3339G>A	p.L1113=	COSM4793137	1	Substitution - coding silent
1113	c.3339G>T	p.L1113F	COSM309267	2	Substitution - Missense
1119	c.3356del	p.N1119Tfs*11	COSM10126745	1	Deletion - Frameshift
1119	c.3356dup	p.N1119Kfs*6	COSM6982967	1	Insertion - Frameshift
1122	c.3366G>A	p.W1122*	COSM6962508	3	Substitution - Nonsense
1122	c.3366G>T	p.W1122C	COSM7339494	1	Substitution - Missense
1124	c.3370G>A	p.E1124K	COSM7179415	1	Substitution - Missense
1126	c.3376G>C	p.A1126P	COSM10810071	1	Substitution - Missense
1128	c.3383A>C	p.N1128T	COSM7340327	1	Substitution - Missense
1129	c.3386T>G	p.L1129R	COSM7213763	1	Substitution - Missense
1133	c.3399C>G	p.T1133=	COSM3366360	1	Substitution - coding silent
1133	c.3399C>T	p.T1133=	COSM9213209	5	Substitution - coding silent
1134	c.3401C>A	p.S1134*	COSM3393941	1	Substitution - Nonsense
1134	c.3402A>G	p.S1134=	COSM1621135	2	Substitution - coding silent
1135	c.3403A>C	p.S1135R	COSM1183562	1	Substitution - Missense
1138	c.3413C>T	p.A1138V	COSM1075347	1	Substitution - Missense
1139	c.3417C>G	p.S1139R	COSM7833058	1	Substitution - Missense
1140	c.3419C>T	p.S1140F	COSM6915592	1	Substitution - Missense
1141	c.3421C>A	p.L1141M	COSM7859675	1	Substitution - Missense
1143	c.3428del	p.K1143Sfs*68	COSM6943998	3	Deletion - Frameshift
1143	c.3429G>A	p.K1143=	COSM5422317	1	Substitution - coding silent
1144	c.3428dup	p.Q1144Afs*10	COSM6906644	1	Insertion - Frameshift
1145	c.3433T>A	p.Y1145N	COSM7339030	1	Substitution - Missense
1145	c.3434A>G	p.Y1145C	COSM8389354	1	Substitution - Missense
1146	c.3436del	p.I1146Ffs*65	COSM5713537	1	Deletion - Frameshift
1146	c.3438T>C	p.I1146=	COSM9942999	1	Substitution - coding silent
1147	c.3440A>G	p.Q1147R	COSM7335298	1	Substitution - Missense
1148	c.3443A>G	p.Y1148C	COSM3022348	2	Substitution - Missense
1148	c.3444C>G	p.Y1148*	COSM159176	4	Substitution - Nonsense
1152	c.3454T>G	p.F1152V	COSM7092585	1	Substitution - Missense
1153	c.3459G>A	p.E1153=	COSM9267040	1	Substitution - coding silent
1155	c.3463A>T	p.K1155*	COSM3829519	1	Substitution - Nonsense
1155	c.3464A>G	p.K1155R	COSM9145409	1	Substitution - Missense
1155	c.3465G>C	p.K1155N	COSM6926671	1	Substitution - Missense
1157	c.3469G>A	p.E1157K	COSM6105771	12	Substitution - Missense
1159	c.3475G>T	p.G1159W	COSM8229148	1	Substitution - Missense
1160	c.3474_3475del	p.E1160Gfs*25	COSM10126916	1	Deletion - Frameshift
1160	c.3478G>T	p.E1160*	COSM7343541	1	Substitution - Nonsense
1161	c.3481G>C	p.E1161Q	COSM7682143	1	Substitution - Missense
1161	c.3482A>C	p.E1161A	COSM7293535	2	Substitution - Missense
1161	c.3482A>G	p.E1161G	COSM10848039	1	Substitution - Missense
1161	c.3482A>T	p.E1161V	COSM8418751	1	Substitution - Missense
1163	c.3487C>T	p.P1163S	COSM6926806	2	Substitution - Missense
1163	c.3488del	p.P1163Rfs*48	COSM8534419	1	Deletion - Frameshift
1164	c.3492G>A	p.P1164=	COSM10524681	1	Substitution - coding silent
1168	c.3502A>G	p.S1168G	COSM7339034	1	Substitution - Missense
1170	c.3509_3510delinsCT	p.G1170A	COSM396179	1	Substitution - Missense
1170	c.3510G>A	p.G1170=	COSM5996702	3	Substitution - coding silent
1171	c.3512A>G	p.D1171G	COSM9187182	1	Substitution - Missense
1172	c.3514A>G	p.T1172A	COSM10716598	1	Substitution - Missense
1172	c.3515C>T	p.T1172I	COSM6931768	1	Substitution - Missense
1172	c.3516C>A	p.T1172=	COSM3920981	1	Substitution - coding silent
1173	c.3517A>T	p.K1173*	COSM1245449	1	Substitution - Nonsense
1177	c.3530A>G	p.K1177R	COSM5495287	1	Substitution - Missense
1177	c.3531G>T	p.K1177N	COSM6927069	1	Substitution - Missense
1178	c.3534C>T	p.L1178=	COSM7896510	1	Substitution - coding silent
1179	c.3535C>T	p.Q1179*	COSM1698224	6	Substitution - Nonsense
1179	c.3536A>C	p.Q1179P	COSM6970103	1	Substitution - Missense
1180	c.3539C>T	p.P1180L	COSM10386254	1	Substitution - Missense
1181	c.3541C>T	p.P1181S	COSM9735544	3	Substitution - Missense
1181	c.3542C>T	p.P1181L	COSM5607855	2	Substitution - Missense
1183	c.3548C>A	p.P1183H	COSM7773946	1	Substitution - Missense
1184	c.3550G>T	p.A1184S	COSM7663701	1	Substitution - Missense
1186	c.3557C>T	p.S1186L	COSM10548670	1	Substitution - Missense
1186	c.3558G>A	p.S1186=	COSM1621137	2	Substitution - coding silent
1187	c.3560G>T	p.G1187V	COSM6298921	1	Substitution - Missense
1187	c.3561A>G	p.G1187=	COSM8625426	1	Substitution - coding silent
1188	c.3563C>T	p.S1188F	COSM10746133	1	Substitution - Missense
1188	c.3564C>A	p.S1188=	COSM1075348	1	Substitution - coding silent
1195	c.3584C>T	p.P1195L	COSM8142217	1	Substitution - Missense
1196	c.3586C>T	p.Q1196*	COSM5543730	1	Substitution - Nonsense
1196	c.3586del	p.Q1196Sfs*15	COSM4748044	3	Deletion - Frameshift
1196	c.3586dup	p.Q1196Pfs*14	COSM6920808	4	Insertion - Frameshift
1199	c.3595G>A	p.G1199S	COSM6910795	1	Substitution - Missense
1199	c.3596G>C	p.G1199A	COSM6173061	1	Substitution - Missense
1202	c.3605C>T	p.S1202F	COSM5607845	2	Substitution - Missense
1203	c.3609G>A	p.M1203I	COSM7510602	2	Substitution - Missense
1206	c.3616G>A	p.V1206I	COSM10505552	1	Substitution - Missense
1207	c.3620C>T	p.P1207L	COSM6965504	1	Substitution - Missense
1208	c.3622G>T	p.G1208C	COSM8729325	1	Substitution - Missense
1209	c.3625G>T	p.D1209Y	COSM9805223	1	Substitution - Missense
1212	c.3635C>T	p.P1212L	COSM9934360	1	Substitution - Missense
1214	c.3640A>G	p.T1214A	COSM4663247	2	Substitution - Missense
1215	c.3643C>T	p.P1215S	COSM9807336	1	Substitution - Missense
1219	c.3655C>T	p.P1219S	COSM6976303	1	Substitution - Missense
1220	c.3660C>T	p.H1220=	COSM5975874	1	Substitution - coding silent
1221	c.3661G>A	p.G1221S	COSM6604602	1	Substitution - Missense
1225	c.3673C>T	p.P1225S	COSM6875732	1	Substitution - Missense
1226	c.3676A>G	p.M1226V	COSM3022352	1	Substitution - Missense
1229	c.3685G>T	p.G1229*	COSM8322706	1	Substitution - Nonsense
1230	c.3688A>C	p.R1230=	COSM5564286	1	Substitution - coding silent
1230	c.3689G>T	p.R1230I	COSM6966731	1	Substitution - Missense
1231	c.3692G>A	p.S1231N	COSM7343589	1	Substitution - Missense
1232	c.3695G>C	p.S1232T	COSM9225629	1	Substitution - Missense
1233	c.3697A>G	p.T1233A	COSM8843838	1	Substitution - Missense
1236	c.3708G>A	p.V1236=	COSM4663249	2	Substitution - coding silent
1236	c.3708G>T	p.V1236=	COSM9596468	1	Substitution - coding silent
1237	c.3709C>T	p.H1237Y	COSM1441819	1	Substitution - Missense
1238	c.3712G>C	p.D1238H	COSM1187198	1	Substitution - Missense
1239	c.3717A>G	p.P1239=	COSM5975876	1	Substitution - coding silent
1242	c.3724G>C	p.D1242H	COSM450797	1	Substitution - Missense
1245	c.3733G>T	p.D1245Y	COSM309265	2	Substitution - Missense
1246	c.3737C>T	p.S1246L	COSM10524683	1	Substitution - Missense
1246	c.3738A>G	p.S1246=	COSM8839996	1	Substitution - coding silent
1248	c.3744C>T	p.F1248=	COSM10524685	1	Substitution - coding silent
1251	c.3752G>A	p.R1251Q	COSM6604590	3	Substitution - Missense
1251	c.3753G>T	p.R1251=	COSM3859975	1	Substitution - coding silent
1254	c.3762G>A	p.M1254I	COSM483609	1	Substitution - Missense
1256	c.3766C>T	p.P1256S	COSM1567958	1	Substitution - Missense
1258	c.3774C>T	p.A1258=	COSM7626873	1	Substitution - coding silent
1259	c.3775C>T	p.P1259S	COSM6931770	1	Substitution - Missense
1259	c.3776C>T	p.P1259L	COSM3622276	1	Substitution - Missense
1260	c.3780C>A	p.Y1260*	COSM5415229	1	Substitution - Nonsense
1262	c.3785A>C	p.Q1262P	COSM7335440	2	Substitution - Missense
1263	c.3788G>T	p.G1263V	COSM6437399	2	Substitution - Missense
1264	c.3792G>A	p.M1264I	COSM6970853	1	Substitution - Missense
1266	c.3796A>G	p.M1266V	COSM5979285	1	Substitution - Missense
1266	c.3797T>C	p.M1266T	COSM3622278	1	Substitution - Missense
1268	c.3802G>A	p.D1268N	COSM7343544	2	Substitution - Missense
1268	c.3803A>G	p.D1268G	COSM9615588	1	Substitution - Missense
1269	c.3807G>C	p.V1269=	COSM10738518	1	Substitution - coding silent
1270	c.3808A>G	p.M1270V	COSM4663251	1	Substitution - Missense
1271	c.3811G>A	p.G1271S	COSM9182272	1	Substitution - Missense
1271	c.3812G>A	p.G1271D	COSM9996334	1	Substitution - Missense
1272	c.3815G>A	p.R1272K	COSM5601047	1	Substitution - Missense
1274	c.3821C>G	p.P1274R	COSM10408397	1	Substitution - Missense
1279	c.3836A>G	p.K1279R	COSM6933951	1	Substitution - Missense
1281	c.3842_3843delinsTT	p.P1281L	COSM9990082	1	Substitution - Missense
1281	c.3843C>T	p.P1281=	COSM10377876	1	Substitution - coding silent
1283	c.3848G>T	p.G1283V	COSM3859977	1	Substitution - Missense
1284	c.3851G>T	p.G1284V	COSM740284	1	Substitution - Missense
1284	c.3851del	p.G1284Efs*2	COSM6930669	2	Deletion - Frameshift
1285	c.3851dup	p.M1285Nfs*36	COSM4589821	1	Insertion - Frameshift
1285	c.3855G>A	p.M1285I	COSM6926636	1	Substitution - Missense
1288	c.3864G>A	p.V1288=	COSM5768856	1	Substitution - coding silent
1288	c.3864G>T	p.V1288=	COSM6565176	1	Substitution - coding silent
1290	c.3869G>A	p.G1290E	COSM8522552	2	Substitution - Missense
1293	c.3877G>A	p.E1293K	COSM10550205	1	Substitution - Missense
1294	c.3881C>T	p.P1294L	COSM6944055	1	Substitution - Missense
1297	c.3890C>T	p.T1297M	COSM1075349	2	Substitution - Missense
1297	c.3891G>A	p.T1297=	COSM6237563	1	Substitution - coding silent
1298	c.3893A>G	p.Q1298R	COSM7324458	1	Substitution - Missense
1300	c.3900G>T	p.Q1300H	COSM9538933	1	Substitution - Missense
1302	c.3905C>T	p.P1302L	COSM3622280	1	Substitution - Missense
1304	c.3911G>A	p.S1304N	COSM3727927	1	Substitution - Missense
1307	c.3919C>T	p.Q1307*	COSM1075350	1	Substitution - Nonsense
1307	c.3920A>T	p.Q1307L	COSM6173059	1	Substitution - Missense
1307	c.3921G>T	p.Q1307H	COSM6966568	1	Substitution - Missense
1308	c.3924del	p.D1308Efs*140	COSM7325718	1	Deletion - Frameshift
1309	c.3927G>A	p.M1309I	COSM1165427	1	Substitution - Missense
1313	c.3938G>C	p.S1313T	COSM8663817	1	Substitution - Missense
1314	c.3940_3941delinsTT	p.P1314F	COSM5611227	2	Substitution - Missense
1314	c.3941C>T	p.P1314L	COSM1698226	2	Substitution - Missense
1316	c.3946G>A	p.G1316R	COSM9730128	1	Substitution - Missense
1316	c.3946G>T	p.G1316*	COSM7338861	1	Substitution - Nonsense
1321	c.3961C>A	p.L1321M	COSM6955046	1	Substitution - Missense
1323	c.3969G>T	p.M1323I	COSM6950324	1	Substitution - Missense
1324	c.3970G>T	p.G1324W	COSM6261299	1	Substitution - Missense
1324	c.3971G>A	p.G1324E	COSM7343592	1	Substitution - Missense
1325	c.3973C>T	p.Q1325*	COSM3859979	1	Substitution - Nonsense
1326	c.3976C>T	p.R1326C	COSM9914994	1	Substitution - Missense
1326	c.3977G>A	p.R1326H	COSM6959100	1	Substitution - Missense
1328	c.3982C>T	p.Q1328*	COSM420999	1	Substitution - Nonsense
1330	c.3988C>T	p.P1330S	COSM5404707	3	Substitution - Missense
1330	c.3989C>G	p.P1330R	COSM10078343	1	Substitution - Missense
1330	c.3990C>G	p.P1330=	COSM10089923	1	Substitution - coding silent
1331	c.3992A>G	p.Y1331C	COSM9114031	1	Substitution - Missense
1334	c.4002T>G	p.S1334R	COSM3430295	1	Substitution - Missense
1335	c.4003del	p.Y1335Tfs*113	COSM5869650	1	Deletion - Frameshift
1335	c.4005C>T	p.Y1335=	COSM6451743	1	Substitution - coding silent
1337	c.4009C>T	p.R1337*	COSM5061582	3	Substitution - Nonsense
1337	c.4010G>A	p.R1337Q	COSM7696855	1	Substitution - Missense
1339	c.4015C>T	p.H1339Y	COSM9851706	1	Substitution - Missense
1344	c.4030C>T	p.Q1344*	COSM6919394	3	Substitution - Nonsense
1346	c.4037A>G	p.Y1346C	COSM6966476	1	Substitution - Missense
1346	c.4038T>G	p.Y1346*	COSM4839903	1	Substitution - Nonsense
1347	c.4039C>G	p.P1347A	COSM10054833	1	Substitution - Missense
1349	c.4046A>G	p.Q1349R	COSM10839382	1	Substitution - Missense
1350	c.4049G>A	p.G1350D	COSM6971464	1	Substitution - Missense
1352	c.4053_4054insACCT	p.P1352Tfs*108	COSM5440314	1	Insertion - Frameshift
1352	c.4054C>T	p.P1352S	COSM5869652	2	Substitution - Missense
1352	c.4055C>T	p.P1352L	COSM6919748	2	Substitution - Missense
1352	c.4056C>T	p.P1352=	COSM5686191	1	Substitution - coding silent
1353	c.4058C>A	p.S1353*	COSM6943566	1	Substitution - Nonsense
1353	c.4059G>A	p.S1353=	COSM10182873	1	Substitution - coding silent
1353	c.4059G>T	p.S1353=	COSM8063496	1	Substitution - coding silent
1356	c.4066C>T	p.P1356S	COSM7339028	1	Substitution - Missense
1359	c.4075G>T	p.G1359*	COSM1075351	1	Substitution - Nonsense
1359	c.4076G>T	p.G1359V	COSM7338692	1	Substitution - Missense
1360	c.4079G>T	p.G1360V	COSM6403818	2	Substitution - Missense
1361	c.4083C>G	p.H1361Q	COSM6358925	1	Substitution - Missense
1362	c.4084C>T	p.Q1362*	COSM6949828	1	Substitution - Nonsense
1362	c.4086G>T	p.Q1362H	COSM10550203	1	Substitution - Missense
1364	c.4090G>A	p.G1364S	COSM10002509	1	Substitution - Missense
1368	c.4101dup	p.Q1368Tfs*91	COSM9565209	1	Insertion - Frameshift
1369	c.4105C>T	p.Q1369*	COSM223135	1	Substitution - Nonsense
1370	c.4110G>C	p.P1370=	COSM483610	1	Substitution - coding silent
1374	c.4120C>T	p.R1374C	COSM6907165	1	Substitution - Missense
1374	c.4121G>A	p.R1374H	COSM8779844	1	Substitution - Missense
1374	c.4122C>T	p.R1374=	COSM3622282	1	Substitution - coding silent
1378	c.4132G>A	p.G1378S	COSM1075352	1	Substitution - Missense
1379	c.4137G>A	p.M1379I	COSM6913352	1	Substitution - Missense
1380	c.4140C>A	p.Y1380*	COSM7548752	1	Substitution - Nonsense
1380	c.4140C>T	p.Y1380=	COSM9004713	1	Substitution - coding silent
1382	c.4145C>T	p.P1382L	COSM6906085	1	Substitution - Missense
1382	c.4146C>T	p.P1382=	COSM9983342	2	Substitution - coding silent
1384	c.4150G>A	p.A1384T	COSM6393569	2	Substitution - Missense
1388	c.4162G>A	p.E1388K	COSM7343593	3	Substitution - Missense
1388	c.4164G>C	p.E1388D	COSM6969293	1	Substitution - Missense
1389	c.4167C>T	p.G1389=	COSM7225813	2	Substitution - coding silent
1390	c.4168G>A	p.D1390N	COSM1496259	3	Substitution - Missense
1393	c.4178del	p.N1393Tfs*55	COSM7345413	1	Deletion - Frameshift
1398	c.4192A>T	p.S1398C	COSM10787078	1	Substitution - Missense
1400	c.4198C>A	p.Q1400K	COSM7432906	1	Substitution - Missense
1400	c.4198C>T	p.Q1400*	COSM3374113	1	Substitution - Nonsense
1401	c.4201C>G	p.Q1401E	COSM10001099	1	Substitution - Missense
1401	c.4201C>T	p.Q1401*	COSM3622284	1	Substitution - Nonsense
1402	c.4204G>C	p.E1402Q	COSM7107927	1	Substitution - Missense
1402	c.4206G>A	p.E1402=	COSM10524687	1	Substitution - coding silent
1404	c.4210T>A	p.Y1404N	COSM9318936	1	Substitution - Missense
1404	c.4211A>G	p.Y1404C	COSM6977906	1	Substitution - Missense
1405	c.4214A>G	p.N1405S	COSM9802031	1	Substitution - Missense
1406	c.4216C>G	p.Q1406E	COSM420998	1	Substitution - Missense
1409	c.4225G>T	p.G1409C	COSM6604571	1	Substitution - Missense
1410	c.4230C>A	p.S1410=	COSM7877670	1	Substitution - coding silent
1412	c.4234T>G	p.S1412A	COSM9971173	1	Substitution - Missense
1412	c.4235C>T	p.S1412L	COSM1441821	1	Substitution - Missense
1412	c.4236G>A	p.S1412=	COSM4663253	3	Substitution - coding silent
1414	c.4241C>T	p.P1414L	COSM8635023	1	Substitution - Missense
1414	c.4242G>A	p.P1414=	COSM8066264	1	Substitution - coding silent
1415	c.4243G>A	p.D1415N	COSM8066048	1	Substitution - Missense
1416	c.4246C>T	p.R1416C	COSM5756808	3	Substitution - Missense
1416	c.4247G>A	p.R1416H	COSM10113839	1	Substitution - Missense
1416	c.4247G>T	p.R1416L	COSM740283	1	Substitution - Missense
1417	c.4251G>A	p.R1417=	COSM740282	1	Substitution - coding silent
1420	c.4258C>T	p.Q1420*	COSM6982156	1	Substitution - Nonsense
1421	c.4263C>T	p.G1421=	COSM3948316	2	Substitution - coding silent
1423	c.4269C>A	p.Y1423*	COSM10737946	4	Substitution - Nonsense
1424	c.4270_4271delinsTT	p.P1424L	COSM6983401	1	Substitution - Missense
1424	c.4271C>T	p.P1424L	COSM1545495	4	Substitution - Missense
1427	c.4281C>T	p.Y1427=	COSM7335293	1	Substitution - coding silent
1428	c.4282A>G	p.S1428G	COSM10716600	1	Substitution - Missense
1429	c.4285A>T	p.R1429W	COSM5814344	1	Substitution - Missense
1430	c.4290G>C	p.E1430D	COSM6836954	1	Substitution - Missense
1431	c.4292G>T	p.R1431M	COSM8508641	1	Substitution - Missense
1433	c.4297C>T	p.Q1433*	COSM5061584	2	Substitution - Nonsense
1435	c.4304C>T	p.P1435L	COSM1183556	2	Substitution - Missense
1436	c.4307G>A	p.G1436E	COSM4794533	2	Substitution - Missense
1437	c.4308del	p.Q1437Rfs*11	COSM6916009	1	Deletion - Frameshift
1437	c.4311G>T	p.Q1437H	COSM8336251	1	Substitution - Missense
1439	c.4315C>T	p.Q1439*	COSM10524689	1	Substitution - Nonsense
1439	c.4317G>A	p.Q1439=	COSM3022374	1	Substitution - coding silent
1442	c.4324G>A	p.G1442R	COSM243048	1	Substitution - Missense
1442	c.4325G>A	p.G1442E	COSM9359205	1	Substitution - Missense
1443	c.4327A>G	p.I1443V	COSM4912859	1	Substitution - Missense
1445	c.4334C>A	p.P1445H	COSM6963022	1	Substitution - Missense
1446	c.4336C>T	p.Q1446*	COSM7659705	2	Substitution - Nonsense
1446	c.4338G>T	p.Q1446H	COSM6951767	1	Substitution - Missense
1448	c.4342_4456delinsT	p.M1448_Q1486delins*	COSM10513121	1	Substitution - Nonsense
1449	c.4347C>T	p.G1449=	COSM8496838	1	Substitution - coding silent
1450	c.4348G>A	p.G1450S	COSM7338691	5	Substitution - Missense
1450	c.4350C>T	p.G1450=	COSM8263982	1	Substitution - coding silent
1451	c.4352C>T	p.P1451L	COSM8540731	1	Substitution - Missense
1453	c.4357C>T	p.Q1453*	COSM3859981	1	Substitution - Nonsense
1454	c.4361C>T	p.S1454L	COSM1236670	1	Substitution - Missense
1456	c.4365_4366insCCT	p.S1455_S1456insP	COSM10293987	1	Insertion - In frame
1456	c.4367C>T	p.S1456F	COSM6974537	1	Substitution - Missense
1458	c.4371_4372insATGC	p.E1458Mfs*14	COSM7352352	1	Insertion - Frameshift
1459	c.4375G>T	p.G1459W	COSM6547819	1	Substitution - Missense
1460	c.4377del	p.P1460Lfs*34	COSM7338905	1	Deletion - Frameshift
1465	c.4394G>A	p.W1465*	COSM9574371	1	Substitution - Nonsense
1465	c.4395G>T	p.W1465C	COSM7459436	1	Substitution - Missense
1466	c.4397C>A	p.A1466E	COSM4911635	1	Substitution - Missense
1468	c.4403G>A	p.R1468H	COSM5455462	1	Substitution - Missense
1469	c.4405A>C	p.N1469H	COSM7343547	1	Substitution - Missense
1469	c.4407T>C	p.N1469=	COSM740281	2	Substitution - coding silent
1472	c.4415del	p.P1472Lfs*22	COSM7335348	1	Deletion - Frameshift
1474	c.4420C>T	p.P1474S	COSM3022386	3	Substitution - Missense
1474	c.4421C>T	p.P1474L	COSM6942059	2	Substitution - Missense
1476	c.4428G>C	p.Q1476H	COSM6927411	1	Substitution - Missense
1479	c.4436A>G	p.Q1479R	COSM7343596	1	Substitution - Missense
1480	c.4438_4451del	p.G1480Yfs*25	COSM10294980	1	Deletion - Frameshift
1480	c.4440C>T	p.G1480=	COSM4160316	1	Substitution - coding silent
1481	c.4441C>T	p.P1481S	COSM3022388	2	Substitution - Missense
1481	c.4443T>G	p.P1481=	COSM9266972	2	Substitution - coding silent
1482	c.4444_4452del	p.G1482_P1484del	COSM6947958	2	Deletion - In frame
1482	c.4445del	p.G1482Afs*12	COSM1658809	1	Deletion - Frameshift
1483	c.4447G>T	p.G1483C	COSM3859983	1	Substitution - Missense
1487	c.4460C>T	p.A1487V	COSM3022390	2	Substitution - Missense
1488	c.4462C>G	p.P1488A	COSM3859985	1	Substitution - Missense
1488	c.4464C>T	p.P1488=	COSM5607859	1	Substitution - coding silent
1489	c.4465_4466delinsTT	p.P1489F	COSM6944949	1	Substitution - Missense
1489	c.4466C>T	p.P1489L	COSM3381371	1	Substitution - Missense
1489	c.4466del	p.P1489Lfs*5	COSM6966554	1	Deletion - Frameshift
1490	c.4470C>A	p.Y1490*	COSM7211858	2	Substitution - Nonsense
1491	c.4472del	p.P1491Qfs*3	COSM6956919	1	Deletion - Frameshift
1495	c.4483C>T	p.R1495C	COSM1441823	3	Substitution - Missense
1495	c.4484G>A	p.R1495H	COSM5011705	3	Substitution - Missense
1497	c.4490A>G	p.D1497G	COSM9991172	1	Substitution - Missense
1497	c.4491C>T	p.D1497=	COSM6604618	1	Substitution - coding silent
1498	c.4491_4498del	p.D1498Gfs*9	COSM290980	1	Deletion - Frameshift
1498	c.4494T>A	p.D1498E	COSM10399475	1	Substitution - Missense
1499	c.4495A>T	p.M1499L	COSM6912747	3	Substitution - Missense
1499	c.4497G>C	p.M1499I	COSM6173057	1	Substitution - Missense
1501	c.4501G>T	p.V1501L	COSM7789539	1	Substitution - Missense
1501	c.4503A>G	p.V1501=	COSM7335300	1	Substitution - coding silent
1502	c.4505C>A	p.P1502H	COSM6586906	1	Substitution - Missense
1504	c.4509_4510insACTAG	p.Q1504Tfs*5	COSM10294802	1	Insertion - Frameshift
1505	c.4514G>T	p.R1505M	COSM9029298	1	Substitution - Missense
1508	c.4524T>C	p.H1508=	COSM5020365	2	Substitution - coding silent
1511	c.4532A>G	p.Q1511R	COSM6973014	2	Substitution - Missense
1515	c.4543C>G	p.H1515D	COSM6970676	1	Substitution - Missense
1515	c.4543C>T	p.H1515Y	COSM9994336	1	Substitution - Missense
1516	c.4546G>A	p.V1516I	COSM1075353	3	Substitution - Missense
1516	c.4547del	p.V1516Afs*63	COSM6971384	1	Deletion - Frameshift
1518	c.4553_4562del	p.Q1518Lfs*58	COSM9216549	1	Deletion - Frameshift
1519	c.4555C>T	p.R1519C	COSM6929287	2	Substitution - Missense
1519	c.4555dup	p.R1519Pfs*117	COSM7335350	1	Insertion - Frameshift
1519	c.4556G>A	p.R1519H	COSM7335294	2	Substitution - Missense
1520	c.4558C>T	p.Q1520*	COSM8065322	1	Substitution - Nonsense
1520	c.4559A>G	p.Q1520R	COSM5131842	2	Substitution - Missense
1523	c.4567_4568del	p.M1523Vfs*112	COSM7345415	1	Deletion - Frameshift
1524	c.4571C>T	p.S1524L	COSM3720866	3	Substitution - Missense
1524	c.4572G>A	p.S1524=	COSM6604588	1	Substitution - coding silent
1525	c.4575C>A	p.S1525=	COSM7584461	1	Substitution - coding silent
1527	c.4579G>C	p.A1527P	COSM10228859	1	Substitution - Missense
1528	c.4583C>T	p.S1528F	COSM9798221	1	Substitution - Missense
1529	c.4586T>C	p.M1529T	COSM6975740	1	Substitution - Missense
1530	c.4590G>T	p.Q1530H	COSM4160318	1	Substitution - Missense
1533	c.4598C>T	p.T1533I	COSM10876577	1	Substitution - Missense
1534	c.4600C>T	p.R1534C	COSM6844020	1	Substitution - Missense
1534	c.4601G>A	p.R1534H	COSM6965445	1	Substitution - Missense
1534	c.4601G>T	p.R1534L	COSM8715036	1	Substitution - Missense
1536	c.4606C>G	p.P1536A	COSM7463454	1	Substitution - Missense
1538	c.4612C>T	p.P1538S	COSM9828098	1	Substitution - Missense
1540	c.4620C>A	p.Y1540*	COSM6909002	1	Substitution - Nonsense
1542	c.4625C>T	p.T1542M	COSM1075354	2	Substitution - Missense
1542	c.4626G>A	p.T1542=	COSM3829521	1	Substitution - coding silent
1544	c.4632G>A	p.P1544=	COSM4406881	12	Substitution - coding silent
1545	c.4634C>A	p.S1545*	COSM7338866	1	Substitution - Nonsense
1546	c.4635dup	p.L1546Tfs*90	COSM10057052	1	Insertion - Frameshift
1548	c.4643A>G	p.N1548S	COSM4918906	1	Substitution - Missense
1549	c.4645C>G	p.H1549D	COSM3928193	1	Substitution - Missense
1552	c.4655G>A	p.R1552K	COSM450798	1	Substitution - Missense
1553	c.4657del	p.A1553Rfs*26	COSM6948943	1	Deletion - Frameshift
1553	c.4659G>A	p.A1553=	COSM7155020	1	Substitution - coding silent
1556	c.4666C>T	p.P1556S	COSM6960185	1	Substitution - Missense
1556	c.4667C>T	p.P1556L	COSM6604582	1	Substitution - Missense
1558	c.4672T>G	p.S1558A	COSM6942984	1	Substitution - Missense
1558	c.4673C>T	p.S1558F	COSM6910797	1	Substitution - Missense
1559	c.4675T>G	p.F1559V	COSM6965659	1	Substitution - Missense
1561	c.4682G>A	p.R1561H	COSM10159771	1	Substitution - Missense
1562	c.4685C>T	p.S1562F	COSM3622286	1	Substitution - Missense
1562	c.4686C>T	p.S1562=	COSM3622288	2	Substitution - coding silent
1564	c.4690G>C	p.E1564Q	COSM6948136	1	Substitution - Missense
1566	c.4696C>T	p.R1566C	COSM7595062	1	Substitution - Missense
1566	c.4697G>A	p.R1566H	COSM1131994	1	Substitution - Missense
1569	c.4705C>T	p.P1569S	COSM9997427	1	Substitution - Missense
1573	c.4717C>T	p.P1573S	COSM9798731	1	Substitution - Missense
1573	c.4718C>T	p.P1573L	COSM9805041	1	Substitution - Missense
1574	c.4721T>C	p.F1574S	COSM10524691	1	Substitution - Missense
1575	c.4723C>T	p.L1575=	COSM3622290	1	Substitution - coding silent
1575	c.4724T>C	p.L1575P	COSM6963713	1	Substitution - Missense
1576	c.4726C>T	p.P1576S	COSM1075355	4	Substitution - Missense
1576	c.4727C>T	p.P1576L	COSM7343548	3	Substitution - Missense
1576	c.4728G>A	p.P1576=	COSM3381497	3	Substitution - coding silent
1577	c.4731T>A	p.S1577=	COSM9532165	1	Substitution - coding silent
1578	c.4732A>G	p.M1578V	COSM3928195	1	Substitution - Missense
1578	c.4734G>A	p.M1578I	COSM8638058	1	Substitution - Missense
1578	c.4734G>C	p.M1578I	COSM7776912	1	Substitution - Missense
1579	c.4737G>A	p.K1579=	COSM4006182	1	Substitution - coding silent
1580	c.4740G>T	p.M1580I	COSM740280	1	Substitution - Missense
1581	c.4741C>T	p.Q1581*	COSM3859987	2	Substitution - Nonsense
1581	c.4742A>G	p.Q1581R	COSM8758425	1	Substitution - Missense
1583	c.4748_4753del	p.V1583_P1585delinsA	COSM10293553	1	Deletion - In frame
1584	c.4752G>A	p.M1584I	COSM5996704	1	Substitution - Missense
1585	c.4753C>T	p.P1585S	COSM9764797	1	Substitution - Missense
1585	c.4755C>T	p.P1585=	COSM8666674	1	Substitution - coding silent
1586	c.4757C>T	p.T1586M	COSM6929963	3	Substitution - Missense
1586	c.4758G>A	p.T1586=	COSM7567312	1	Substitution - coding silent
1586	c.4758G>T	p.T1586=	COSM9024598	1	Substitution - coding silent
1588	c.4762C>T	p.P1588S	COSM10000108	1	Substitution - Missense
1591	c.4770_4771delinsTT	p.Q1591*	COSM9656110	1	Substitution - Nonsense
1593	c.4779C>T	p.T1593=	COSM3410734	2	Substitution - coding silent
1594	c.4780G>A	p.G1594R	COSM10065997	2	Substitution - Missense
1594	c.4780G>T	p.G1594W	COSM594851	1	Substitution - Missense
1596	c.4787C>G	p.P1596R	COSM8773559	1	Substitution - Missense
1596	c.4787C>T	p.P1596L	COSM9515177	1	Substitution - Missense
1596	c.4787del	p.P1596Hfs*18	COSM7345417	1	Deletion - Frameshift
1598	c.4792C>T	p.Q1598*	COSM6925369	1	Substitution - Nonsense
1602	c.4804A>G	p.I1602V	COSM6956080	1	Substitution - Missense
1605	c.4813G>A	p.E1605K	COSM5869654	2	Substitution - Missense
1607	c.4820C>T	p.T1607I	COSM8840367	2	Substitution - Missense
1610	c.4828C>T	p.P1610S	COSM6966135	1	Substitution - Missense
1612	c.4834T>C	p.S1612P	COSM10033894	1	Substitution - Missense
1615	c.4843G>A	p.A1615T	COSM8721475	1	Substitution - Missense
1615	c.4844C>T	p.A1615V	COSM10716602	1	Substitution - Missense
1615	c.4845A>G	p.A1615=	COSM8142230	1	Substitution - coding silent
1619	c.4855G>A	p.V1619I	COSM9828100	1	Substitution - Missense
1619	c.4855G>T	p.V1619F	COSM6295111	1	Substitution - Missense
1620	c.4859_4860del	p.L1620*	COSM10294682	1	Deletion - Frameshift
1623	c.4869G>A	p.R1623=	COSM10377878	1	Substitution - coding silent
1624	c.4870C>T	p.R1624*	COSM1672937	14	Substitution - Nonsense
1624	c.4871G>A	p.R1624Q	COSM8607028	1	Substitution - Missense
1627	c.4881C>T	p.T1627=	COSM10264344	3	Substitution - coding silent
1628	c.4883C>T	p.S1628F	COSM159175	1	Substitution - Missense
1628	c.4884C>T	p.S1628=	COSM9410256	1	Substitution - coding silent
1630	c.4890T>G	p.D1630E	COSM5607863	1	Substitution - Missense
1631	c.4892T>A	p.I1631N	COSM3859989	1	Substitution - Missense
1632	c.4894G>T	p.V1632F	COSM9953497	1	Substitution - Missense
1634	c.4900C>T	p.P1634S	COSM9899463	1	Substitution - Missense
1636	c.4907C>T	p.A1636V	COSM9991136	2	Substitution - Missense
1636	c.4908G>A	p.A1636=	COSM4663255	2	Substitution - coding silent
1637	c.4911G>A	p.W1637*	COSM3022408	1	Substitution - Nonsense
1638	c.4912C>T	p.R1638C	COSM3859991	3	Substitution - Missense
1638	c.4913G>A	p.R1638H	COSM5357610	1	Substitution - Missense
1639	c.4915G>C	p.V1639L	COSM7335345	1	Substitution - Missense
1639	c.4916_4917del	p.V1639Dfs*5	COSM7335346	1	Deletion - Frameshift
1642	c.4925C>T	p.S1642F	COSM3022410	1	Substitution - Missense
1643	c.4928T>G	p.L1643R	COSM5772522	1	Substitution - Missense
1645	c.4934C>G	p.S1645*	COSM10893091	1	Substitution - Nonsense
1645	c.4934C>T	p.S1645L	COSM10524693	1	Substitution - Missense
1646	c.4937G>A	p.G1646D	COSM6848608	1	Substitution - Missense
1647	c.4939C>A	p.L1647I	COSM6939266	4	Substitution - Missense
1649	c.4945dup	p.A1649Gfs*2	COSM3727929	1	Insertion - Frameshift
1652	c.4954A>G	p.T1652A	COSM6914293	1	Substitution - Missense
1652	c.4955C>T	p.T1652M	COSM6604612	4	Substitution - Missense
1652	c.4956G>A	p.T1652=	COSM6604584	2	Substitution - coding silent
1653	c.4958G>A	p.W1653*	COSM6905667	2	Substitution - Nonsense
1657	c.4970C>G	p.T1657S	COSM3022412	1	Substitution - Missense
1659	c.4975A>G	p.N1659D	COSM6960795	1	Substitution - Missense
1664	c.4991A>C	p.D1664A	COSM6953640	1	Substitution - Missense
1665	c.4993G>T	p.D1665Y	COSM6924140	2	Substitution - Missense
1667	c.4999A>T	p.T1667S	COSM1075356	1	Substitution - Missense
1670	c.5009C>T	p.T1670I	COSM10875864	1	Substitution - Missense
1671	c.5013C>G	p.F1671L	COSM7075481	1	Substitution - Missense
1672	c.5015A>G	p.N1672S	COSM8258320	1	Substitution - Missense
1673	c.5017C>G	p.L1673V	COSM8274474	1	Substitution - Missense
1675	c.5023C>A	p.Q1675K	COSM3374115	1	Substitution - Missense
1675	c.5023C>T	p.Q1675*	COSM10524695	1	Substitution - Nonsense
1675	c.5025G>A	p.Q1675=	COSM5503185	1	Substitution - coding silent
1678	c.5032G>T	p.G1678*	COSM740278	1	Substitution - Nonsense
1680	c.5038C>T	p.L1680F	COSM6937371	1	Substitution - Missense
1680	c.5040C>T	p.L1680=	COSM3622292	1	Substitution - coding silent
1681	c.5041G>A	p.E1681K	COSM6440570	3	Substitution - Missense
1681	c.5041G>T	p.E1681*	COSM10127600	2	Substitution - Nonsense
1684	c.5052C>T	p.V1684=	COSM10164033	1	Substitution - coding silent
1685	c.5053G>A	p.E1685K	COSM6604592	3	Substitution - Missense
1685	c.5055del	p.E1685Dfs*7	COSM9962778	1	Deletion - Frameshift
1686	c.5057A>T	p.Y1686F	COSM6987327	1	Substitution - Missense
1686	c.5058C>A	p.Y1686*	COSM6604557	2	Substitution - Nonsense
1687	c.5060T>G	p.F1687C	COSM3381499	1	Substitution - Missense
1688	c.5063G>A	p.R1688K	COSM6920896	1	Substitution - Missense
1690	c.5070C>A	p.C1690*	COSM3859993	1	Substitution - Nonsense
1691	c.5073G>T	p.L1691=	COSM7111314	1	Substitution - coding silent
1694	c.5082T>G	p.I1694M	COSM6966137	1	Substitution - Missense
1695	c.5084T>G	p.F1695C	COSM8395877	1	Substitution - Missense
1695	c.5085del	p.F1695Lfs*71	COSM7338907	1	Deletion - Frameshift
1699	c.5095A>G	p.M1699V	COSM7343566	1	Substitution - Missense
1699	c.5096T>C	p.M1699T	COSM6965275	1	Substitution - Missense
1705	c.5114A>T	p.D1705V	COSM7265990	1	Substitution - Missense
1706	c.5116C>G	p.P1706A	COSM6946907	2	Substitution - Missense
1706	c.5117C>A	p.P1706H	COSM5607849	7	Substitution - Missense
1707	c.5121C>A	p.S1707R	COSM6514586	1	Substitution - Missense
1710	c.5127del	p.A1710Hfs*56	COSM3022416	1	Deletion - Frameshift
1710	c.5127dup	p.A1710Sfs*3	COSM6964257	1	Insertion - Frameshift
1715	c.5143G>A	p.A1715T	COSM7335214	1	Substitution - Missense
1715	c.5143G>T	p.A1715S	COSM398306	1	Substitution - Missense
1715	c.5144del	p.A1715Efs*51	COSM10889429	1	Deletion - Frameshift
1717	c.5150G>T	p.R1717M	COSM4646133	2	Substitution - Missense
1720	c.5158G>T	p.D1720Y	COSM7343598	1	Substitution - Missense
1722	c.5164C>A	p.Q1722K	COSM4186697	1	Substitution - Missense
1722	c.5165_5167delinsCC	p.Q1722Pfs*44	COSM7349340	1	Complex - frameshift
1723	c.5168C>T	p.S1723F	COSM9692316	1	Substitution - Missense
1724	c.5172G>T	p.L1724F	COSM1183564	2	Substitution - Missense
1726	c.5178C>T	p.D1726=	COSM3022420	1	Substitution - coding silent
1727	c.5179G>C	p.D1727H	COSM10001404	1	Substitution - Missense
1728	c.5183C>A	p.S1728Y	COSM6978218	1	Substitution - Missense
1730	c.5188A>G	p.K1730E	COSM5460706	1	Substitution - Missense
1731	c.5191G>A	p.E1731K	COSM10524699	1	Substitution - Missense
1731	c.5191G>C	p.E1731Q	COSM450799	1	Substitution - Missense
1732	c.5196G>C	p.E1732D	COSM6916742	1	Substitution - Missense
1735	c.5204C>T	p.A1735V	COSM10377874	1	Substitution - Missense
1736	c.5206G>A	p.E1736K	COSM6948843	1	Substitution - Missense
1736	c.5207A>C	p.E1736A	COSM10346343	1	Substitution - Missense
1740	c.5220C>T	p.D1740=	COSM1075357	3	Substitution - coding silent
1741	c.5221G>A	p.D1741N	COSM3374117	2	Substitution - Missense
1741	c.5223C>G	p.D1741E	COSM10656935	1	Substitution - Missense
1741	c.5223C>T	p.D1741=	COSM4425066	2	Substitution - coding silent
1741	c.5223_5225del	p.D1741del	COSM7335351	4	Deletion - In frame
1742	c.5224G>C	p.E1742Q	COSM8740323	1	Substitution - Missense
1743	c.5227G>A	p.E1743K	COSM6984770	3	Substitution - Missense
1743	c.5227_5233del	p.E1743Rfs*21	COSM7306668	1	Deletion - Frameshift
1744	c.5232C>T	p.D1744=	COSM1075358	1	Substitution - coding silent
1745	c.5233G>A	p.E1745K	COSM7343550	2	Substitution - Missense
1745	c.5233_5253del	p.E1745_D1751del	COSM6978063	1	Deletion - In frame
1745	c.5235G>T	p.E1745D	COSM9999257	1	Substitution - Missense
1746	c.5236del	p.E1746Rfs*20	COSM1716950	5	Deletion - Frameshift
1746	c.5237A>C	p.E1746A	COSM7335295	1	Substitution - Missense
1747	c.5229_5237del	p.D1747_E1749del	COSM6914060	1	Deletion - In frame
1749	c.5245G>A	p.E1749K	COSM7343553	1	Substitution - Missense
1749	c.5247G>A	p.E1749=	COSM9759085	1	Substitution - coding silent
1751	c.5251G>A	p.D1751N	COSM10177545	1	Substitution - Missense
1751	c.5251G>C	p.D1751H	COSM7745651	1	Substitution - Missense
1752	c.5254A>C	p.S1752R	COSM7343600	1	Substitution - Missense
1753	c.5257G>A	p.E1753K	COSM9908899	1	Substitution - Missense
1757	c.5271C>T	p.S1757=	COSM9086302	1	Substitution - coding silent
1758	c.5272G>A	p.D1758N	COSM6954263	3	Substitution - Missense
1759	c.5275G>A	p.E1759K	COSM9901665	1	Substitution - Missense
1759	c.5275G>T	p.E1759*	COSM9263583	1	Substitution - Nonsense
1760	c.5280G>C	p.K1760N	COSM4602418	1	Substitution - Missense
1762	c.5284A>T	p.S1762C	COSM10271596	1	Substitution - Missense
1763	c.5289C>T	p.I1763=	COSM8645906	2	Substitution - coding silent
1764	c.5290G>T	p.A1764S	COSM8514361	1	Substitution - Missense
1768	c.5303C>T	p.P1768L	COSM6959879	2	Substitution - Missense
1768	c.5303del	p.P1768Rfs*22	COSM9963299	1	Deletion - Frameshift
1770	c.5310C>T	p.A1770=	COSM3022424	1	Substitution - coding silent
1772	c.5314G>A	p.A1772T	COSM740277	2	Substitution - Missense
1773	c.5318A>C	p.D1773A	COSM740276	1	Substitution - Missense
1773	c.5319C>A	p.D1773E	COSM243047	1	Substitution - Missense
1774	c.5320C>T	p.P1774S	COSM9808493	1	Substitution - Missense
1775	c.5323A>T	p.K1775*	COSM6950897	1	Substitution - Nonsense
1775	c.5325G>A	p.K1775=	COSM3994701	1	Substitution - coding silent
1777	c.5331G>C	p.K1777N	COSM7682743	1	Substitution - Missense
1780	c.5338_5339insT	p.Q1780Lfs*4	COSM7345061	1	Insertion - Frameshift
1783	c.5348A>C	p.K1783T	COSM450800	1	Substitution - Missense
1784	c.5352C>T	p.F1784=	COSM1075359	9	Substitution - coding silent
1785	c.5353G>A	p.D1785N	COSM8699088	1	Substitution - Missense
1786	c.5357A>G	p.K1786R	COSM7343555	1	Substitution - Missense
1790	c.5370G>A	p.K1790=	COSM4006184	1	Substitution - coding silent
1791	c.5373A>G	p.I1791M	COSM6960058	1	Substitution - Missense
1792	c.5373dup	p.V1792Sfs*10	COSM9963191	2	Insertion - Frameshift
1792	c.5374_5375insCCAC	p.V1792Afs*11	COSM10292500	1	Insertion - Frameshift
1795	c.5381dup	p.N1795Efs*7	COSM6956435	1	Insertion - Frameshift
1795	c.5382_5383del	p.N1795Qfs*6	COSM10073806	1	Deletion - Frameshift
1795	c.5383A>T	p.N1795Y	COSM6972488	1	Substitution - Missense
1797	c.5391G>A	p.L1797=	COSM1642929	1	Substitution - coding silent
1798	c.5391_5400delinsAAAGC	p.F1798Kfs*5	COSM10507837	1	Complex - frameshift
1798	c.5394_5397del	p.F1798Lfs*52	COSM8486465	1	Deletion - Frameshift
1800	c.5398G>T	p.V1800F	COSM7343568	1	Substitution - Missense
1800	c.5400T>A	p.V1800=	COSM7488951	1	Substitution - coding silent
1801	c.5401G>C	p.D1801H	COSM740275	1	Substitution - Missense
1801	c.5401G>T	p.D1801Y	COSM6276711	1	Substitution - Missense
1802	c.5404C>A	p.R1802=	COSM7501600	2	Substitution - coding silent
1802	c.5404C>G	p.R1802G	COSM6604614	1	Substitution - Missense
1802	c.5404C>T	p.R1802*	COSM5482029	1	Substitution - Nonsense
1802	c.5405G>T	p.R1802L	COSM6935754	1	Substitution - Missense
1804	c.5410G>C	p.D1804H	COSM4767422	2	Substitution - Missense
1804	c.5412C>T	p.D1804=	COSM3941604	1	Substitution - coding silent
1807	c.5420G>T	p.G1807V	COSM6934798	1	Substitution - Missense
1808	c.5422C>T	p.R1808C	COSM4767420	5	Substitution - Missense
1808	c.5423G>A	p.R1808H	COSM9113793	2	Substitution - Missense
1808	c.5423G>T	p.R1808L	COSM3022432	1	Substitution - Missense
1811	c.5431G>T	p.E1811*	COSM351346	2	Substitution - Nonsense
1812	c.5436C>T	p.F1812=	COSM7168750	1	Substitution - coding silent
1813	c.5438A>G	p.N1813S	COSM1737294	1	Substitution - Missense
1814	c.5441G>C	p.S1814T	COSM10065413	1	Substitution - Missense
1816	c.5446C>T	p.L1816F	COSM8466378	1	Substitution - Missense
1821	c.5463C>T	p.L1821=	COSM10524701	1	Substitution - coding silent
1822	c.5464G>A	p.G1822S	COSM1075360	1	Substitution - Missense
1822	c.5464_5499del	p.G1822_H1833del	COSM165983	1	Deletion - In frame
1822	c.5466C>T	p.G1822=	COSM4643067	1	Substitution - coding silent
1823	c.5467G>T	p.G1823W	COSM1441827	2	Substitution - Missense
1823	c.5469G>T	p.G1823=	COSM6604606	1	Substitution - coding silent
1824	c.5471del	p.G1824Vfs*27	COSM3729939	1	Deletion - Frameshift
1824	c.5472T>G	p.G1824=	COSM4160320	1	Substitution - coding silent
1825	c.5473G>A	p.D1825N	COSM9976101	1	Substitution - Missense
1825	c.5474A>G	p.D1825G	COSM3859995	1	Substitution - Missense
1826	c.5478C>T	p.T1826=	COSM10524703	1	Substitution - coding silent
1827	c.5479A>C	p.T1827P	COSM6952614	1	Substitution - Missense
1827	c.5481C>T	p.T1827=	COSM8214578	1	Substitution - coding silent
1828	c.5482G>T	p.E1828*	COSM7735898	1	Substitution - Nonsense
1829	c.5485C>T	p.H1829Y	COSM6988494	1	Substitution - Missense
1833	c.5497C>G	p.H1833D	COSM10349693	1	Substitution - Missense
1835	c.5503G>A	p.E1835K	COSM8347784	2	Substitution - Missense
1835	c.5503G>C	p.E1835Q	COSM6920690	2	Substitution - Missense
1835	c.5505G>T	p.E1835D	COSM10157600	1	Substitution - Missense
1837	c.5511G>C	p.K1837N	COSM7107635	1	Substitution - Missense
1841	c.5521C>T	p.P1841S	COSM9905428	1	Substitution - Missense
1841	c.5522C>T	p.P1841L	COSM6955048	1	Substitution - Missense
1843	c.5527C>T	p.R1843C	COSM3697629	4	Substitution - Missense
1845	c.5533C>T	p.R1845C	COSM10005389	1	Substitution - Missense
1845	c.5534G>A	p.R1845H	COSM5996706	6	Substitution - Missense
1846	c.5537C>T	p.P1846L	COSM5975878	1	Substitution - Missense
1849	c.5545C>A	p.P1849T	COSM6972687	1	Substitution - Missense
1849	c.5546C>G	p.P1849R	COSM9267067	1	Substitution - Missense
1849	c.5546C>T	p.P1849L	COSM7343556	2	Substitution - Missense
1850	c.5547del	p.L1850*	COSM4663257	2	Deletion - Frameshift
1852	c.5556C>T	p.S1852=	COSM10800121	1	Substitution - coding silent
1854	c.5560G>T	p.G1854C	COSM6946459	1	Substitution - Missense
1855	c.5564G>C	p.R1855T	COSM9359201	1	Substitution - Missense
1858	c.5572G>C	p.E1858Q	COSM6920692	2	Substitution - Missense
1859	c.5575C>T	p.Q1859*	COSM3022438	1	Substitution - Nonsense
1863	c.5589C>T	p.G1863=	COSM3413921	3	Substitution - coding silent
1864	c.5590G>A	p.D1864N	COSM10524705	1	Substitution - Missense
1864	c.5592C>T	p.D1864=	COSM10524707	1	Substitution - coding silent
1865	c.5594C>A	p.S1865Y	COSM5521072	1	Substitution - Missense
1867	c.5600A>G	p.E1867G	COSM6961380	3	Substitution - Missense
1870	c.5608G>C	p.E1870Q	COSM5495844	1	Substitution - Missense
1877	c.5630T>A	p.I1877N	COSM7479814	1	Substitution - Missense
1877	c.5631C>T	p.I1877=	COSM1075361	2	Substitution - coding silent
1878	c.5632G>T	p.D1878Y	COSM5810336	1	Substitution - Missense
1880	c.5638G>A	p.V1880I	COSM9318938	1	Substitution - Missense
1880	c.5638G>T	p.V1880F	COSM7314236	1	Substitution - Missense
1880	c.5640C>T	p.V1880=	COSM9799011	1	Substitution - coding silent
1881	c.5641C>A	p.L1881I	COSM6982710	1	Substitution - Missense
1882	c.5645C>G	p.S1882C	COSM7343602	1	Substitution - Missense
1882	c.5645_5646del	p.S1882Cfs*8	COSM301705	1	Deletion - Frameshift
1883	c.5647G>T	p.A1883S	COSM7449360	1	Substitution - Missense
1887	c.5658_5659delinsAT	p.A1887S	COSM9654428	1	Substitution - Missense
1888	c.5662T>G	p.L1888V	COSM7702520	1	Substitution - Missense
1888	c.5663T>A	p.L1888*	COSM6919396	1	Substitution - Nonsense
1889	c.5665C>T	p.P1889S	COSM6935802	1	Substitution - Missense
1891	c.5673C>T	p.D1891=	COSM1441829	3	Substitution - coding silent
1892	c.5674G>A	p.A1892T	COSM3396631	5	Substitution - Missense
1894	c.5680C>T	p.P1894S	COSM6963320	1	Substitution - Missense
1896	c.5688C>T	p.P1896=	COSM1075362	1	Substitution - coding silent
1897	c.5689del	p.Q1897Rfs*77	COSM165982	2	Deletion - Frameshift
1899	c.5695G>A	p.E1899K	COSM5922492	1	Substitution - Missense
1900	c.5698A>G	p.S1900G	COSM6907113	3	Substitution - Missense
1900	c.5699G>A	p.S1900N	COSM6978612	1	Substitution - Missense
1901	c.5703T>G	p.S1901R	COSM7838831	1	Substitution - Missense
1904	c.5710C>T	p.P1904S	COSM5607873	4	Substitution - Missense
1904	c.5711C>T	p.P1904L	COSM1721512	3	Substitution - Missense
1905	c.5714T>G	p.F1905C	COSM10894242	1	Substitution - Missense
1906	c.5716G>T	p.G1906C	COSM10890975	1	Substitution - Missense
1906	c.5717G>T	p.G1906V	COSM6885150	1	Substitution - Missense
1907	c.5719A>G	p.I1907V	COSM7611076	1	Substitution - Missense
1907	c.5721C>T	p.I1907=	COSM5404709	1	Substitution - coding silent
1908	c.5721_5722insT	p.Q1908Sfs*36	COSM112022	1	Insertion - Frameshift
1908	c.5722C>T	p.Q1908*	COSM9615590	1	Substitution - Nonsense
1909	c.5726A>C	p.Q1909P	COSM116080	1	Substitution - Missense
1912	c.5734A>C	p.S1912R	COSM10491098	1	Substitution - Missense
1913	c.5737C>T	p.H1913Y	COSM10524709	1	Substitution - Missense
1913	c.5739C>G	p.H1913Q	COSM10524711	1	Substitution - Missense
1915	c.5742del	p.N1915Tfs*59	COSM1740873	1	Deletion - Frameshift
1916	c.5748C>G	p.I1916M	COSM7177865	1	Substitution - Missense
1917	c.5751G>C	p.K1917N	COSM6971030	1	Substitution - Missense
1919	c.5756T>A	p.L1919Q	COSM6911596	2	Substitution - Missense
1920	c.5758G>T	p.E1920*	COSM3622294	1	Substitution - Nonsense
1921	c.5762A>C	p.D1921A	COSM6604586	1	Substitution - Missense
1921	c.5763C>T	p.D1921=	COSM9267047	1	Substitution - coding silent
1922	c.5764G>T	p.E1922*	COSM7339036	1	Substitution - Nonsense
1922	c.5766G>T	p.E1922D	COSM9801719	1	Substitution - Missense
1924	c.5768_5769insACTAG	p.R1924Lfs*52	COSM10294684	1	Insertion - Frameshift
1924	c.5771G>T	p.R1924M	COSM3859997	1	Substitution - Missense
1926	c.5776C>T	p.R1926*	COSM7338858	3	Substitution - Nonsense
1927	c.5779G>C	p.D1927H	COSM7107637	1	Substitution - Missense
1927	c.5781C>T	p.D1927=	COSM7335301	2	Substitution - coding silent
1928	c.5782G>T	p.E1928*	COSM6299849	1	Substitution - Nonsense
1928	c.5784G>C	p.E1928D	COSM7107639	1	Substitution - Missense
1930	c.5789C>T	p.P1930L	COSM3622296	1	Substitution - Missense
1932	c.5795_5796del	p.C1932Yfs*11	COSM6906776	2	Deletion - Frameshift
1934	c.5800A>T	p.I1934F	COSM7343559	1	Substitution - Missense
1935	c.5803G>A	p.A1935T	COSM10002507	2	Substitution - Missense
1935	c.5804C>T	p.A1935V	COSM3859999	2	Substitution - Missense
1935	c.5805G>A	p.A1935=	COSM8297856	2	Substitution - coding silent
1935	c.5805G>T	p.A1935=	COSM1545491	1	Substitution - coding silent
1936	c.5808C>T	p.H1936=	COSM8888668	1	Substitution - coding silent
1938	c.5812C>T	p.Q1938*	COSM4171524	2	Substitution - Nonsense
1938	c.5814_5815delinsTT	p.Q1938_D1939delinsHY	COSM6173055	1	Substitution - Missense
1944	c.5830C>T	p.R1944*	COSM4956464	8	Substitution - Nonsense
1945	c.5833T>C	p.C1945R	COSM6604561	1	Substitution - Missense
1950	c.5847_5853del	p.N1950Sfs*22	COSM9991364	1	Deletion - Frameshift
1952	c.5856C>T	p.V1952=	COSM9287660	2	Substitution - coding silent
1953	c.5857C>T	p.R1953C	COSM9241493	1	Substitution - Missense
1953	c.5858G>A	p.R1953H	COSM207151	2	Substitution - Missense
1956	c.5866T>C	p.S1956P	COSM3860001	2	Substitution - Missense
1956	c.5867C>A	p.S1956*	COSM6915594	1	Substitution - Nonsense
1957	c.5871C>T	p.F1957=	COSM5607871	1	Substitution - coding silent
1959	c.5876C>T	p.P1959L	COSM1183548	1	Substitution - Missense
1960	c.5877dup	p.G1960Wfs*3	COSM7741229	1	Insertion - Frameshift
1961	c.5882A>G	p.N1961S	COSM3022448	1	Substitution - Missense
1962	c.5884G>A	p.D1962N	COSM10180910	1	Substitution - Missense
1964	c.5890G>A	p.E1964K	COSM7338689	1	Substitution - Missense
1965	c.5893A>G	p.M1965V	COSM6976145	1	Substitution - Missense
1969	c.5906C>A	p.P1969Q	COSM7326848	1	Substitution - Missense
1969	c.5906C>T	p.P1969L	COSM9797612	1	Substitution - Missense
1971	c.5912T>A	p.L1971Q	COSM5014658	1	Substitution - Missense
1974	c.5922C>T	p.I1974=	COSM5602843	7	Substitution - coding silent
1976	c.5926G>A	p.G1976R	COSM1567956	2	Substitution - Missense
1976	c.5926G>T	p.G1976W	COSM1441831	1	Substitution - Missense
1976	c.5927G>A	p.G1976E	COSM6604594	1	Substitution - Missense
1976	c.5927G>T	p.G1976V	COSM370221	1	Substitution - Missense
1977	c.5929A>T	p.K1977*	COSM9314499	1	Substitution - Nonsense
1979	c.5935A>T	p.I1979F	COSM8669666	1	Substitution - Missense
1980	c.5938C>T	p.L1980F	COSM4656597	1	Substitution - Missense
1981	c.5941del	p.L1981Ffs*40	COSM7345419	1	Deletion - Frameshift
1982	c.5944C>T	p.H1982Y	COSM3622298	2	Substitution - Missense
1983	c.5949C>T	p.H1983=	COSM4160322	1	Substitution - coding silent
1984	c.5950G>A	p.E1984K	COSM216001	1	Substitution - Missense
1986	c.5956C>T	p.P1986S	COSM3920983	1	Substitution - Missense
1988	c.5963G>T	p.R1988I	COSM9045468	1	Substitution - Missense
1988	c.5964A>C	p.R1988S	COSM7610756	1	Substitution - Missense
1990	c.5968C>T	p.R1990*	COSM216002	4	Substitution - Nonsense
1990	c.5969G>A	p.R1990Q	COSM7335213	1	Substitution - Missense
1990	c.5969G>C	p.R1990P	COSM10876682	1	Substitution - Missense
1992	c.5974C>T	p.P1992S	COSM1441833	1	Substitution - Missense
1992	c.5975C>T	p.P1992L	COSM9225412	1	Substitution - Missense
1992	c.5976G>A	p.P1992=	COSM8538363	1	Substitution - coding silent
1993	c.5977C>T	p.Q1993*	COSM6977157	1	Substitution - Nonsense
1994	c.5982C>G	p.T1994=	COSM10870809	1	Substitution - coding silent
1995	c.5984A>G	p.Y1995C	COSM9997049	1	Substitution - Missense
1996	c.5988G>A	p.E1996=	COSM9975662	3	Substitution - coding silent
1998	c.5992G>C	p.E1998Q	COSM5781482	1	Substitution - Missense
1999	c.5995G>T	p.E1999*	COSM3734980	1	Substitution - Nonsense
2000	c.5998G>C	p.D2000H	COSM6982300	1	Substitution - Missense
2001	c.6001G>A	p.E2001K	COSM6919165	1	Substitution - Missense
2002	c.6004G>T	p.D2002Y	COSM7522892	1	Substitution - Missense
2002	c.6005A>T	p.D2002V	COSM7522874	1	Substitution - Missense
2005	c.6012_6013del	p.V2005Gfs*6	COSM7335281	1	Deletion - Frameshift
2005	c.6013del	p.V2005Wfs*16	COSM7338902	4	Deletion - Frameshift
2005	c.6015G>A	p.V2005=	COSM7582532	1	Substitution - coding silent
2006	c.6016G>T	p.A2006S	COSM3829523	1	Substitution - Missense
2006	c.6017C>T	p.A2006V	COSM10896820	1	Substitution - Missense
2011	c.6031G>A	p.E2011K	COSM7450446	1	Substitution - Missense
2012	c.6036G>A	p.W2012*	COSM1075363	1	Substitution - Nonsense
2013	c.6038G>T	p.W2013L	COSM7130872	1	Substitution - Missense
2014	c.6041G>A	p.W2014*	COSM6976809	1	Substitution - Nonsense
2014	c.6042G>A	p.W2014*	COSM224313	1	Substitution - Nonsense
2015	c.6043G>T	p.D2015Y	COSM6173053	1	Substitution - Missense
2016	c.6047G>A	p.C2016Y	COSM8774019	1	Substitution - Missense
2018	c.6052G>A	p.E2018K	COSM6982992	1	Substitution - Missense
2019	c.6055G>T	p.V2019F	COSM5011707	1	Substitution - Missense
2020	c.6060G>C	p.L2020F	COSM6977873	6	Substitution - Missense
2021	c.6062G>C	p.R2021T	COSM6530029	1	Substitution - Missense
2024	c.6070A>G	p.T2024A	COSM5472197	1	Substitution - Missense
2024	c.6071C>G	p.T2024R	COSM8099894	1	Substitution - Missense
2024	c.6072G>T	p.T2024=	COSM740274	1	Substitution - coding silent
2026	c.6078C>T	p.V2026=	COSM7570345	1	Substitution - coding silent
2027	c.6080C>G	p.T2027R	COSM8803411	1	Substitution - Missense
2027	c.6081G>T	p.T2027=	COSM5508618	1	Substitution - coding silent
2030	c.6087del	p.N2030Tfs*6	COSM9113685	1	Deletion - Frameshift
2030	c.6089A>T	p.N2030I	COSM4663259	2	Substitution - Missense
2032	c.6095C>T	p.S2032F	COSM9515525	1	Substitution - Missense
2032	c.6095_6096delinsAG	p.S2032*	COSM9441771	1	Substitution - Nonsense
2032	c.6096C>G	p.S2032=	COSM5996928	2	Substitution - coding silent
2033	c.6096_6097delinsTT	p.G2033W	COSM371984	1	Substitution - Missense
2033	c.6097G>A	p.G2033R	COSM6604573	2	Substitution - Missense
2033	c.6097G>T	p.G2033W	COSM10448594	1	Substitution - Missense
2033	c.6098G>T	p.G2033V	COSM9993131	1	Substitution - Missense
2033	c.6099G>A	p.G2033=	COSM4797118	1	Substitution - coding silent
2035	c.6103C>T	p.L2035=	COSM1075364	1	Substitution - coding silent
2036	c.6106G>A	p.D2036N	COSM6971828	1	Substitution - Missense
2036	c.6106G>C	p.D2036H	COSM7343604	1	Substitution - Missense
2043	c.6127A>C	p.S2043R	COSM5005735	2	Substitution - Missense
2047	c.6140C>A	p.P2047Q	COSM5811370	1	Substitution - Missense
2048	c.6142A>G	p.I2048V	COSM6934775	1	Substitution - Missense
2051	c.6151G>A	p.G2051S	COSM9359215	1	Substitution - Missense
2051	c.6151G>T	p.G2051C	COSM1727865	2	Substitution - Missense
2051	c.6152G>T	p.G2051V	COSM3022468	1	Substitution - Missense
2054	c.6159del	p.H2054Tfs*45	COSM7183911	1	Deletion - Frameshift
2055	c.6165G>C	p.W2055C	COSM4421412	1	Substitution - Missense
2055	c.6165del	p.W2055*	COSM9963058	1	Deletion - Frameshift
2056	c.6167T>C	p.M2056T	COSM9803466	1	Substitution - Missense
2056	c.6168G>T	p.M2056I	COSM1075365	1	Substitution - Missense
2057	c.6170T>G	p.V2057G	COSM5893088	1	Substitution - Missense
2059	c.6175C>T	p.P2059S	COSM6012572	1	Substitution - Missense
2059	c.6176C>T	p.P2059L	COSM6604565	3	Substitution - Missense
2059	c.6177G>A	p.P2059=	COSM7576801	1	Substitution - coding silent
2062	c.6184G>A	p.E2062K	COSM5034726	1	Substitution - Missense
2062	c.6184G>T	p.E2062*	COSM7640165	1	Substitution - Nonsense
2066	c.6196C>T	p.P2066S	COSM9805746	1	Substitution - Missense
2066	c.6197C>T	p.P2066L	COSM9804288	1	Substitution - Missense
2068	c.6202C>T	p.P2068S	COSM9807728	1	Substitution - Missense
2073	c.6219C>T	p.N2073=	COSM5503187	1	Substitution - coding silent
2074	c.6221C>T	p.S2074L	COSM10746135	1	Substitution - Missense
2074	c.6222G>A	p.S2074=	COSM5607861	1	Substitution - coding silent
2079	c.6235C>A	p.Q2079K	COSM3737744	1	Substitution - Missense
2079	c.6237G>C	p.Q2079H	COSM10078345	1	Substitution - Missense
2079	c.6237G>T	p.Q2079H	COSM6604616	1	Substitution - Missense
2080	c.6239G>A	p.R2080K	COSM10295273	1	Substitution - Missense
2081	c.6241C>T	p.L2081F	COSM7515312	2	Substitution - Missense
2082	c.6246G>T	p.V2082=	COSM8355036	1	Substitution - coding silent
2084	c.6250G>A	p.E2084K	COSM6963133	1	Substitution - Missense
2084	c.6250G>T	p.E2084*	COSM383477	1	Substitution - Nonsense
2089	c.6265C>G	p.L2089V	COSM1621139	2	Substitution - Missense
2089	c.6267C>A	p.L2089=	COSM7717700	1	Substitution - coding silent
2092	c.6274C>T	p.Q2092*	COSM10524713	1	Substitution - Nonsense
2095	c.6283A>G	p.N2095D	COSM7622398	1	Substitution - Missense
2096	c.6286G>T	p.V2096L	COSM450801	1	Substitution - Missense
2097	c.6289G>A	p.D2097N	COSM7788578	1	Substitution - Missense
2097	c.6291C>T	p.D2097=	COSM8870161	1	Substitution - coding silent
2099	c.6297C>T	p.I2099=	COSM6604569	2	Substitution - coding silent
2102	c.6306T>G	p.T2102=	COSM3022482	1	Substitution - coding silent
2103	c.6308C>G	p.P2103R	COSM10839380	1	Substitution - Missense
2106	c.6318T>C	p.S2106=	COSM9697067	1	Substitution - coding silent
2107	c.6320G>A	p.R2107H	COSM207152	4	Substitution - Missense
2107	c.6320_6322del	p.R2107del	COSM6956396	1	Deletion - In frame
2108	c.6324G>T	p.Q2108H	COSM8306633	2	Substitution - Missense
2109	c.6327G>A	p.E2109=	COSM10182659	3	Substitution - coding silent
2110	c.6329A>T	p.K2110I	COSM6227211	1	Substitution - Missense
2111	c.6333C>A	p.F2111L	COSM6937743	1	Substitution - Missense
2112	c.6333del	p.Y2112Mfs*4	COSM5230001	1	Deletion - Frameshift
2113	c.6338C>T	p.A2113V	COSM7335216	1	Substitution - Missense
2116	c.6347T>G	p.V2116G	COSM483611	1	Substitution - Missense
2117	c.6349A>T	p.R2117W	COSM4930811	1	Substitution - Missense
2118	c.6351dup	p.Y2118Vfs*74	COSM7335353	1	Insertion - Frameshift
2118	c.6354C>A	p.Y2118*	COSM7338870	1	Substitution - Nonsense
2118	c.6354C>T	p.Y2118=	COSM6604576	2	Substitution - coding silent
2119	c.6355G>T	p.V2119F	COSM6313466	1	Substitution - Missense
2122	c.6364C>T	p.R2122C	COSM3622300	2	Substitution - Missense
2122	c.6365G>A	p.R2122H	COSM6915921	1	Substitution - Missense
2123	c.6368A>G	p.K2123R	COSM8568492	1	Substitution - Missense
2124	c.6372C>A	p.N2124K	COSM8847082	1	Substitution - Missense
2128	c.6382C>T	p.R2128*	COSM174860	6	Substitution - Nonsense
2128	c.6383G>A	p.R2128Q	COSM6504566	3	Substitution - Missense
2129	c.6385G>T	p.E2129*	COSM1642931	1	Substitution - Nonsense
2131	c.6391T>A	p.S2131T	COSM7675968	1	Substitution - Missense
2131	c.6392C>T	p.S2131F	COSM9369575	2	Substitution - Missense
2133	c.6398C>T	p.A2133V	COSM4631071	1	Substitution - Missense
2133	c.6399G>A	p.A2133=	COSM1238221	1	Substitution - coding silent
2136	c.6407C>T	p.S2136L	COSM5580268	5	Substitution - Missense
2136	c.6408G>A	p.S2136=	COSM3783953	5	Substitution - coding silent
2140	c.6418C>T	p.Q2140*	COSM9805955	1	Substitution - Nonsense
2140	c.6419A>G	p.Q2140R	COSM4455018	1	Substitution - Missense
2142	c.6426C>T	p.D2142=	COSM8652188	1	Substitution - coding silent
2144	c.6431T>G	p.L2144R	COSM7506242	2	Substitution - Missense
2146	c.6436G>T	p.A2146S	COSM6273805	1	Substitution - Missense
2147	c.6440G>C	p.R2147T	COSM3829525	1	Substitution - Missense
2148	c.6443C>T	p.A2148V	COSM10716604	1	Substitution - Missense
2149	c.6445A>G	p.I2149V	COSM6922488	1	Substitution - Missense
2150	c.6449C>T	p.A2150V	COSM7081828	1	Substitution - Missense
2152	c.6454C>T	p.Q2152*	COSM9277489	1	Substitution - Nonsense
2152	c.6456G>C	p.Q2152H	COSM7130874	1	Substitution - Missense
2153	c.6457A>T	p.K2153*	COSM7644606	1	Substitution - Nonsense
2158	c.6472A>T	p.N2158Y	COSM6985026	1	Substitution - Missense
2160	c.6477_6478insCCTCAC	p.L2159_I2160insPH	COSM10295227	1	Insertion - In frame
2161	c.6483C>T	p.S2161=	COSM8350463	1	Substitution - coding silent
2162	c.6484T>C	p.F2162L	COSM7414703	1	Substitution - Missense
2162	c.6486C>T	p.F2162=	COSM5607867	1	Substitution - coding silent
2164	c.6492G>C	p.E2164D	COSM6971405	1	Substitution - Missense
2168	c.6503C>A	p.T2168K	COSM9861993	1	Substitution - Missense
2168	c.6503C>T	p.T2168M	COSM3022497	4	Substitution - Missense
2168	c.6504G>A	p.T2168=	COSM7540925	1	Substitution - coding silent
2169	c.6505del	p.M2169Wfs*24	COSM9994924	1	Deletion - Frameshift
2173	c.6517C>T	p.Q2173*	COSM3622302	2	Substitution - Nonsense
2174	c.6520C>T	p.Q2174*	COSM6604567	1	Substitution - Nonsense
2175	c.6524G>A	p.S2175N	COSM6041362	1	Substitution - Missense
2177	c.6529C>T	p.H2177Y	COSM4663261	2	Substitution - Missense
2183	c.6547C>T	p.Q2183*	COSM9996715	1	Substitution - Nonsense
2183	c.6549G>A	p.Q2183=	COSM8409266	1	Substitution - coding silent
2184	c.6550C>T	p.P2184S	COSM3920985	1	Substitution - Missense
2184	c.6552C>G	p.P2184=	COSM8506669	1	Substitution - coding silent
2185	c.6554C>T	p.P2185L	COSM7349090	1	Substitution - Missense
2185	c.6554del	p.P2185Rfs*8	COSM5506219	3	Deletion - Frameshift
2186	c.6554dup	p.P2186Afs*6	COSM88713	1	Insertion - Frameshift
2186	c.6558C>T	p.P2186=	COSM9802223	1	Substitution - coding silent
2187	c.6559C>T	p.L2187=	COSM351347	1	Substitution - coding silent
2189	c.6567A>C	p.P2189=	COSM3747654	1	Substitution - coding silent
2191	c.6572G>A	p.S2191N	COSM10803543	1	Substitution - Missense
2191	c.6572G>T	p.S2191I	COSM10491100	1	Substitution - Missense
2191	c.6573C>T	p.S2191=	COSM9966219	1	Substitution - coding silent
2193	c.6577G>T	p.D2193Y	COSM6959695	1	Substitution - Missense
2193	c.6578A>C	p.D2193A	COSM9592423	1	Substitution - Missense
2193	c.6578A>G	p.D2193G	COSM4777219	2	Substitution - Missense
2193	c.6579C>T	p.D2193=	COSM8615705	1	Substitution - coding silent
2195	c.6585G>T	p.M2195I	COSM9994092	1	Substitution - Missense
2197	c.6590G>T	p.R2197M	COSM6917687	1	Substitution - Missense
2198	c.6594G>A	p.A2198=	COSM8166270	1	Substitution - coding silent
2200	c.6599_6613del	p.K2200_A2204del	COSM10503593	1	Deletion - In frame
2201	c.6602C>T	p.A2201V	COSM10015965	1	Substitution - Missense
2201	c.6603T>G	p.A2201=	COSM8524138	1	Substitution - coding silent
2204	c.6611C>T	p.A2204V	COSM6950383	1	Substitution - Missense
2207	c.6620G>A	p.R2207K	COSM450802	1	Substitution - Missense
2207	c.6620G>C	p.R2207T	COSM6934768	1	Substitution - Missense
2208	c.6622G>A	p.V2208M	COSM6939481	1	Substitution - Missense
2209	c.6627C>T	p.D2209=	COSM3022499	1	Substitution - coding silent
2210	c.6628G>A	p.E2210K	COSM4663263	35	Substitution - Missense
2210	c.6630A>C	p.E2210D	COSM1163426	1	Substitution - Missense
2211	c.6631A>G	p.N2211D	COSM6930475	1	Substitution - Missense
2212	c.6634C>T	p.R2212C	COSM7533400	3	Substitution - Missense
2212	c.6635G>A	p.R2212H	COSM1183560	1	Substitution - Missense
2213	c.6638C>A	p.S2213*	COSM4802668	1	Substitution - Nonsense
2213	c.6639G>A	p.S2213=	COSM9444535	1	Substitution - coding silent
2214	c.6640G>A	p.E2214K	COSM6928948	1	Substitution - Missense
2216	c.6646C>T	p.L2216F	COSM3622304	2	Substitution - Missense
2218	c.6654C>T	p.H2218=	COSM3860003	2	Substitution - coding silent
2219	c.6655G>A	p.E2219K	COSM6849570	2	Substitution - Missense
2220	c.6660C>T	p.G2220=	COSM1075366	1	Substitution - coding silent
2221	c.6661C>T	p.R2221W	COSM10716606	1	Substitution - Missense
2221	c.6662G>A	p.R2221Q	COSM3860005	1	Substitution - Missense
2221	c.6662G>T	p.R2221L	COSM3022503	1	Substitution - Missense
2225	c.6675C>A	p.I2225=	COSM1075367	1	Substitution - coding silent
2226	c.6677C>G	p.S2226W	COSM7338690	1	Substitution - Missense
2226	c.6677C>T	p.S2226L	COSM9365511	1	Substitution - Missense
2226	c.6678G>A	p.S2226=	COSM3022505	1	Substitution - coding silent
2227	c.6680T>G	p.I2227R	COSM10133078	1	Substitution - Missense
2234	c.6700C>T	p.L2234=	COSM5037016	1	Substitution - coding silent
2234	c.6700_6701del	p.L2234Gfs*7	COSM6957894	2	Deletion - Frameshift
2236	c.6707C>T	p.A2236V	COSM4635347	1	Substitution - Missense
2242	c.6726A>G	p.V2242=	COSM3022509	1	Substitution - coding silent
2242	c.6726A>T	p.V2242=	COSM10771742	1	Substitution - coding silent
2243	c.6727_6728del	p.L2243Vfs*9	COSM10798340	1	Deletion - Frameshift
2245	c.6735G>C	p.Q2245H	COSM6105769	1	Substitution - Missense
2248	c.6744G>T	p.Q2248H	COSM8773144	1	Substitution - Missense
2249	c.6746T>A	p.L2249*	COSM9797160	1	Substitution - Nonsense
	c.-232A>G	p.?	COSN9498901	1	Unknown
	c.-278C>T	p.?	COSN29589361	1	Unknown
	c.1542+10291G>A	p.?	COSN21333144	1	Unknown
	c.1542+10311G>C	p.?	COSN21977919	1	Unknown
	c.1542+10330T>C	p.?	COSN9498905	1	Unknown
	c.1542+10403A>T	p.?	COSN22460834	1	Unknown
	c.1542+10462T>G	p.?	COSN26171536	1	Unknown
	c.1542+10674T>A	p.?	COSN21788919	1	Unknown
	c.1542+10793G>A	p.?	COSN14509105	1	Unknown
	c.1542+10889G>C	p.?	COSN14510287	1	Unknown
	c.1542+11272G>C	p.?	COSN14510199	1	Unknown
	c.1542+11801G>C	p.?	COSN14510963	1	Unknown
	c.1542+11812G>A	p.?	COSN14509738	1	Unknown
	c.1542+1199A>G	p.?	COSN33291607	1	Unknown
	c.1542+12142A>G	p.?	COSN2150100	2	Unknown
	c.1542+1229A>G	p.?	COSN15821495	1	Unknown
	c.1542+12561A>G	p.?	COSN26150821	1	Unknown
	c.1542+13090T>C	p.?	COSN2150101	1	Unknown
	c.1542+13170C>T	p.?	COSN18950730	3	Unknown
	c.1542+13456C>T	p.?	COSN29989127	1	Unknown
	c.1542+13482G>A	p.?	COSN24182218	1	Unknown
	c.1542+13560C>T	p.?	COSN20489974	1	Unknown
	c.1542+13753C>T	p.?	COSN23897311	1	Unknown
	c.1542+1375G>T	p.?	COSN32360870	1	Unknown
	c.1542+13824A>C	p.?	COSN16314883	1	Unknown
	c.1542+13913T>C	p.?	COSN7696087	1	Unknown
	c.1542+13933C>T	p.?	COSN7786629	1	Unknown
	c.1542+1396T>C	p.?	COSN20884266	1	Unknown
	c.1542+13999G>T	p.?	COSN28625366	1	Unknown
	c.1542+14052A>G	p.?	COSN9311684	1	Unknown
	c.1542+14085G>C	p.?	COSN33637258	1	Unknown
	c.1542+14207A>G	p.?	COSN33310455	1	Unknown
	c.1542+15003A>C	p.?	COSN9498906	2	Unknown
	c.1542+15023A>G	p.?	COSN14698741	1	Unknown
	c.1542+15064T>C	p.?	COSN7786630	1	Unknown
	c.1542+15186G>C	p.?	COSN14835194	1	Unknown
	c.1542+15473G>C	p.?	COSN29093474	1	Unknown
	c.1542+15591G>A	p.?	COSN14776396	1	Unknown
	c.1542+16087C>G	p.?	COSN17858890	1	Unknown
	c.1542+16265C>T	p.?	COSN17590268	1	Unknown
	c.1542+16615C>T	p.?	COSN22109629	1	Unknown
	c.1542+16707C>T	p.?	COSN18866541	1	Unknown
	c.1542+16723T>A	p.?	COSN19360324	1	Unknown
	c.1542+16947del	p.?	COSN27269570	2	Unknown
	c.1542+17070G>T	p.?	COSN6589710	1	Unknown
	c.1542+17232G>C	p.?	COSN24035160	1	Unknown
	c.1542+173G>A	p.?	COSN24401490	1	Unknown
	c.1542+17859G>A	p.?	COSN7696089	1	Unknown
	c.1542+18280C>T	p.?	COSN27804954	1	Unknown
	c.1542+18302C>A	p.?	COSN1327617	1	Unknown
	c.1542+18749C>A	p.?	COSN2150102	1	Unknown
	c.1542+18856G>T	p.?	COSN2150103	1	Unknown
	c.1542+18945C>T	p.?	COSN1327618	1	Unknown
	c.1542+18947G>T	p.?	COSN1327619	1	Unknown
	c.1542+19003G>A	p.?	COSN28728144	1	Unknown
	c.1542+19106T>G	p.?	COSN5625077	1	Unknown
	c.1542+19214A>G	p.?	COSN21175557	1	Unknown
	c.1542+19268C>G	p.?	COSN6310611	1	Unknown
	c.1542+19561A>G	p.?	COSN17666940	1	Unknown
	c.1542+19719A>G	p.?	COSN14833802	2	Unknown
	c.1542+19834G>A	p.?	COSN6310612	1	Unknown
	c.1542+19968G>A	p.?	COSN6310613	1	Unknown
	c.1542+20461G>C	p.?	COSN9498908	1	Unknown
	c.1542+20705T>A	p.?	COSN26702660	1	Unknown
	c.1542+20708C>T	p.?	COSN17675743	1	Unknown
	c.1542+20951C>A	p.?	COSN28021038	3	Unknown
	c.1542+21130dup	p.?	COSN25450111	1	Unknown
	c.1542+21432A>C	p.?	COSN2150104	1	Unknown
	c.1542+21480A>G	p.?	COSN6310614	1	Unknown
	c.1542+21929C>T	p.?	COSN2150105	1	Unknown
	c.1542+22024G>A	p.?	COSN32707104	1	Unknown
	c.1542+22333dup	p.?	COSN26429169	1	Unknown
	c.1542+22667C>T	p.?	COSN9971393	1	Unknown
	c.1542+22674C>T	p.?	COSN32198834	1	Unknown
	c.1542+22770A>G	p.?	COSN21257141	1	Unknown
	c.1542+22902C>T	p.?	COSN21648534	1	Unknown
	c.1542+23165G>A	p.?	COSN2150106	1	Unknown
	c.1542+23330T>C	p.?	COSN16945527	1	Unknown
	c.1542+23493G>A	p.?	COSN14847473	1	Unknown
	c.1542+23626T>C	p.?	COSN144354	1	Unknown
	c.1542+238A>C	p.?	COSN18004134	1	Unknown
	c.1542+2401T>C	p.?	COSN24142779	1	Unknown
	c.1542+24062C>T	p.?	COSN6310615	1	Unknown
	c.1542+24095T>G	p.?	COSN2150107	1	Unknown
	c.1542+24251C>T	p.?	COSN25786522	1	Unknown
	c.1542+2456T>C	p.?	COSN5625076	1	Unknown
	c.1542+2581C>A	p.?	COSN4857044	1	Unknown
	c.1542+268del	p.?	COSN20046113	1	Unknown
	c.1542+289G>A	p.?	COSN32859271	1	Unknown
	c.1542+3009T>G	p.?	COSN2150097	1	Unknown
	c.1542+3142C>G	p.?	COSN21761921	1	Unknown
	c.1542+3227T>C	p.?	COSN14963839	1	Unknown
	c.1542+3261A>T	p.?	COSN2150098	1	Unknown
	c.1542+3285A>G	p.?	COSN2150099	1	Unknown
	c.1542+3518del	p.?	COSN27407567	2	Unknown
	c.1542+3518dup	p.?	COSN27582695	3	Unknown
	c.1542+3555T>C	p.?	COSN14778742	1	Unknown
	c.1542+371T>A	p.?	COSN1327613	3	Unknown
	c.1542+3874dup	p.?	COSN29089811	1	Unknown
	c.1542+4058G>T	p.?	COSN6310606	1	Unknown
	c.1542+405_1542+406insTC	p.?	COSN30694045	1	Unknown
	c.1542+4116A>T	p.?	COSN7696084	1	Unknown
	c.1542+415C>G	p.?	COSN25570152	1	Unknown
	c.1542+4223C>T	p.?	COSN27381536	1	Unknown
	c.1542+42T>G	p.?	COSN6310605	1	Unknown
	c.1542+4648C>T	p.?	COSN27387985	1	Unknown
	c.1542+4663T>G	p.?	COSN19416247	1	Unknown
	c.1542+467A>C	p.?	COSN14776526	1	Unknown
	c.1542+481A>T	p.?	COSN1327614	2	Unknown
	c.1542+4936G>A	p.?	COSN14776395	1	Unknown
	c.1542+505G>A	p.?	COSN21511421	1	Unknown
	c.1542+5509G>A	p.?	COSN14758865	1	Unknown
	c.1542+560T>G	p.?	COSN23088677	1	Unknown
	c.1542+6053G>T	p.?	COSN15129169	1	Unknown
	c.1542+6146C>G	p.?	COSN7696085	1	Unknown
	c.1542+682C>T	p.?	COSN32198833	1	Unknown
	c.1542+7044A>G	p.?	COSN15361576	1	Unknown
	c.1542+7050G>T	p.?	COSN7696086	1	Unknown
	c.1542+7074C>G	p.?	COSN20835041	1	Unknown
	c.1542+72T>C	p.?	COSN32885319	1	Unknown
	c.1542+7455T>C	p.?	COSN6310607	1	Unknown
	c.1542+7492del	p.?	COSN1327615	4	Unknown
	c.1542+7558T>C	p.?	COSN14760068	1	Unknown
	c.1542+7864T>G	p.?	COSN27089060	1	Unknown
	c.1542+8025T>A	p.?	COSN14754999	1	Unknown
	c.1542+8093G>A	p.?	COSN28083847	1	Unknown
	c.1542+8850A>T	p.?	COSN33313725	1	Unknown
	c.1542+8980C>A	p.?	COSN9498904	1	Unknown
	c.1542+8996T>C	p.?	COSN6310608	1	Unknown
	c.1542+9126T>C	p.?	COSN26487071	1	Unknown
	c.1542+9178G>C	p.?	COSN8399407	1	Unknown
	c.1542+9184T>A	p.?	COSN14700699	1	Unknown
	c.1542+918G>C	p.?	COSN2150096	1	Unknown
	c.1542+9196A>G	p.?	COSN14689478	1	Unknown
	c.1542+9329A>T	p.?	COSN14994051	1	Unknown
	c.1542+9429A>T	p.?	COSN33299956	1	Unknown
	c.1542+9669G>A	p.?	COSN22596859	1	Unknown
	c.1542+9996G>A	p.?	COSN14510461	1	Unknown
	c.1542+9C>T	p.?	COSM6849553	1	Unknown
	c.1543-1008G>A	p.?	COSN32397773	1	Unknown
	c.1543-10267T>C	p.?	COSN14796505	1	Unknown
	c.1543-10272del	p.?	COSN27438810	4	Unknown
	c.1543-10272dup	p.?	COSN29017440	1	Unknown
	c.1543-10283A>T	p.?	COSN22038279	1	Unknown
	c.1543-10285T>A	p.?	COSN25440021	1	Unknown
	c.1543-10926A>G	p.?	COSN30334840	1	Unknown
	c.1543-11129_1543-11128del	p.?	COSN27606906	1	Unknown
	c.1543-11131C>T	p.?	COSN14693920	1	Unknown
	c.1543-11166T>G	p.?	COSN23299042	1	Unknown
	c.1543-11236G>A	p.?	COSN21813547	1	Unknown
	c.1543-11580C>A	p.?	COSN28016801	1	Unknown
	c.1543-12133A>G	p.?	COSN14658398	1	Unknown
	c.1543-12569G>A	p.?	COSN26612532	1	Unknown
	c.1543-12593C>T	p.?	COSN16783031	1	Unknown
	c.1543-131A>G	p.?	COSN14763452	1	Unknown
	c.1543-13369A>G	p.?	COSN7696091	1	Unknown
	c.1543-1336G>T	p.?	COSN32568595	1	Unknown
	c.1543-13490A>T	p.?	COSN14765443	2	Unknown
	c.1543-13637C>T	p.?	COSN22411798	1	Unknown
	c.1543-1365G>A	p.?	COSN33637262	1	Unknown
	c.1543-13682G>A	p.?	COSN21470068	1	Unknown
	c.1543-13737T>A	p.?	COSN25304970	1	Unknown
	c.1543-13795del	p.?	COSN19533384	1	Unknown
	c.1543-1381C>T	p.?	COSN26314840	1	Unknown
	c.1543-13T>C	p.?	COSN8493875	2	Unknown
	c.1543-14122A>C	p.?	COSN25117806	1	Unknown
	c.1543-14353del	p.?	COSN27266878	1	Unknown
	c.1543-14692G>A	p.?	COSN17907466	1	Unknown
	c.1543-14935G>A	p.?	COSN26926231	2	Unknown
	c.1543-1496T>C	p.?	COSN7696093	1	Unknown
	c.1543-14978C>G	p.?	COSN4926394	2	Unknown
	c.1543-1497T>C	p.?	COSN30080536	1	Unknown
	c.1543-15002G>A	p.?	COSN23226992	1	Unknown
	c.1543-15053G>A	p.?	COSN4857046	1	Unknown
	c.1543-15060G>A	p.?	COSN16619486	1	Unknown
	c.1543-15275C>T	p.?	COSN4857045	2	Unknown
	c.1543-15361dup	p.?	COSN27357565	1	Unknown
	c.1543-15410G>A	p.?	COSN2150109	1	Unknown
	c.1543-15424C>T	p.?	COSN14758866	1	Unknown
	c.1543-15554C>T	p.?	COSN25756560	1	Unknown
	c.1543-15927G>T	p.?	COSN16905450	1	Unknown
	c.1543-15941del	p.?	COSN31840039	1	Unknown
	c.1543-16050C>T	p.?	COSN17022185	1	Unknown
	c.1543-1610G>A	p.?	COSN8795021	1	Unknown
	c.1543-16152C>T	p.?	COSN6589711	1	Unknown
	c.1543-16154C>T	p.?	COSN14768943	1	Unknown
	c.1543-16251_1543-16250dup	p.?	COSN27227540	1	Unknown
	c.1543-16253_1543-16250dup	p.?	COSN27335079	2	Unknown
	c.1543-16336del	p.?	COSN27247120	3	Unknown
	c.1543-16826A>C	p.?	COSN14684570	1	Unknown
	c.1543-17260T>C	p.?	COSN25587559	1	Unknown
	c.1543-17608G>C	p.?	COSN32333202	1	Unknown
	c.1543-17677G>A	p.?	COSN24454672	1	Unknown
	c.1543-17726C>T	p.?	COSN14869748	1	Unknown
	c.1543-17898G>C	p.?	COSN32333201	1	Unknown
	c.1543-17908G>A	p.?	COSN9498912	1	Unknown
	c.1543-17924C>T	p.?	COSN21538900	1	Unknown
	c.1543-1811G>T	p.?	COSN17284771	1	Unknown
	c.1543-18225G>T	p.?	COSN30309699	1	Unknown
	c.1543-18281C>A	p.?	COSN1327620	1	Unknown
	c.1543-18405A>G	p.?	COSN2150108	1	Unknown
	c.1543-18572A>G	p.?	COSN15690087	1	Unknown
	c.1543-18638G>A	p.?	COSN397481	1	Unknown
	c.1543-18781C>T	p.?	COSN33637259	1	Unknown
	c.1543-1887A>T	p.?	COSN15121046	1	Unknown
	c.1543-19134T>G	p.?	COSN24049499	1	Unknown
	c.1543-19138A>T	p.?	COSN6310617	1	Unknown
	c.1543-19390A>G	p.?	COSN22621912	1	Unknown
	c.1543-20135A>G	p.?	COSN30069783	1	Unknown
	c.1543-20310G>T	p.?	COSN26241308	1	Unknown
	c.1543-20561C>G	p.?	COSN17091061	1	Unknown
	c.1543-20632T>G	p.?	COSN15202702	1	Unknown
	c.1543-20749A>C	p.?	COSN6310616	1	Unknown
	c.1543-20945A>G	p.?	COSN25112317	1	Unknown
	c.1543-21384dup	p.?	COSN29859626	1	Unknown
	c.1543-2163C>A	p.?	COSN19304969	1	Unknown
	c.1543-216G>A	p.?	COSN14705260	1	Unknown
	c.1543-21778_1543-21777insGT	p.?	COSN24348946	1	Unknown
	c.1543-21890C>T	p.?	COSN2484853	1	Unknown
	c.1543-22092T>C	p.?	COSN9498910	1	Unknown
	c.1543-22096A>G	p.?	COSN9971394	1	Unknown
	c.1543-22112C>G	p.?	COSN22163856	1	Unknown
	c.1543-22248G>C	p.?	COSN21744418	1	Unknown
	c.1543-22444C>G	p.?	COSN14917700	1	Unknown
	c.1543-22723G>C	p.?	COSN14777146	1	Unknown
	c.1543-22749A>T	p.?	COSN22091747	1	Unknown
	c.1543-22809_1543-22806del	p.?	COSN22801568	1	Unknown
	c.1543-23068G>A	p.?	COSN18810920	1	Unknown
	c.1543-23184A>T	p.?	COSN5625079	1	Unknown
	c.1543-23587C>T	p.?	COSN14899275	1	Unknown
	c.1543-23590A>G	p.?	COSN25981053	1	Unknown
	c.1543-23634dup	p.?	COSN20204050	1	Unknown
	c.1543-23928G>A	p.?	COSN19143466	1	Unknown
	c.1543-24194C>T	p.?	COSN23725863	1	Unknown
	c.1543-24196C>G	p.?	COSN30290898	1	Unknown
	c.1543-24453A>G	p.?	COSN5625078	1	Unknown
	c.1543-24564G>A	p.?	COSN26059635	1	Unknown
	c.1543-24661G>T	p.?	COSN32454233	1	Unknown
	c.1543-24800A>T	p.?	COSN25539526	1	Unknown
	c.1543-2592_1543-2591del	p.?	COSN22905513	1	Unknown
	c.1543-2674G>T	p.?	COSN32568594	1	Unknown
	c.1543-2933C>T	p.?	COSN25704161	1	Unknown
	c.1543-2A>T	p.?	COSM6975367	1	Unknown
	c.1543-305T>C	p.?	COSN21827844	1	Unknown
	c.1543-3141T>G	p.?	COSN27944678	1	Unknown
	c.1543-3142G>T	p.?	COSN29691282	1	Unknown
	c.1543-3217G>A	p.?	COSN32591173	1	Unknown
	c.1543-338G>T	p.?	COSN7696095	1	Unknown
	c.1543-339G>A	p.?	COSN7696094	1	Unknown
	c.1543-3407C>T	p.?	COSN33637261	1	Unknown
	c.1543-3634A>G	p.?	COSN5085127	1	Unknown
	c.1543-4339A>G	p.?	COSN6310619	1	Unknown
	c.1543-4351dup	p.?	COSN27456180	1	Unknown
	c.1543-4559G>C	p.?	COSN4926395	2	Unknown
	c.1543-4597T>C	p.?	COSN14917350	1	Unknown
	c.1543-5147A>G	p.?	COSN4953736	1	Unknown
	c.1543-5433G>A	p.?	COSN14831924	1	Unknown
	c.1543-5447G>A	p.?	COSN22447901	1	Unknown
	c.1543-556A>G	p.?	COSN14975973	1	Unknown
	c.1543-5747C>T	p.?	COSN28534262	1	Unknown
	c.1543-5999A>G	p.?	COSN14695082	1	Unknown
	c.1543-6033C>T	p.?	COSN25332164	1	Unknown
	c.1543-6083G>A	p.?	COSN26039772	1	Unknown
	c.1543-6177C>T	p.?	COSN7696092	1	Unknown
	c.1543-623_1543-615del	p.?	COSN28985584	1	Unknown
	c.1543-6317C>T	p.?	COSN6310618	1	Unknown
	c.1543-6348C>G	p.?	COSN26310410	1	Unknown
	c.1543-6581G>A	p.?	COSN15006438	1	Unknown
	c.1543-6634G>A	p.?	COSN14798321	1	Unknown
	c.1543-6971A>G	p.?	COSN14955340	1	Unknown
	c.1543-7022A>G	p.?	COSN14965246	1	Unknown
	c.1543-7251G>A	p.?	COSN14798320	1	Unknown
	c.1543-7516G>C	p.?	COSN22046163	1	Unknown
	c.1543-8193A>T	p.?	COSN14964863	1	Unknown
	c.1543-8207G>T	p.?	COSN25835067	1	Unknown
	c.1543-8743T>A	p.?	COSN9971395	1	Unknown
	c.1543-9093G>T	p.?	COSN44202	1	Unknown
	c.1543-9519T>A	p.?	COSN14785845	1	Unknown
	c.1543-9832C>T	p.?	COSN14766614	1	Unknown
	c.1737+10406C>G	p.?	COSN4926396	2	Unknown
	c.1737+10409C>T	p.?	COSN26748186	1	Unknown
	c.1737+11009C>T	p.?	COSN29574682	1	Unknown
	c.1737+11025G>A	p.?	COSN14868070	1	Unknown
	c.1737+11972G>T	p.?	COSN25702043	1	Unknown
	c.1737+12038C>G	p.?	COSN20329620	1	Unknown
	c.1737+12285T>C	p.?	COSN26199552	1	Unknown
	c.1737+12408G>A	p.?	COSN5085128	1	Unknown
	c.1737+12480G>A	p.?	COSN2150116	1	Unknown
	c.1737+12920C>T	p.?	COSN14618595	1	Unknown
	c.1737+13576G>T	p.?	COSN22432593	1	Unknown
	c.1737+1404A>C	p.?	COSN19049926	1	Unknown
	c.1737+14253G>A	p.?	COSN14765991	1	Unknown
	c.1737+14267G>C	p.?	COSN21936117	1	Unknown
	c.1737+14642G>A	p.?	COSN7696097	1	Unknown
	c.1737+1513G>C	p.?	COSN29214171	1	Unknown
	c.1737+15270T>G	p.?	COSN18810921	1	Unknown
	c.1737+15280G>A	p.?	COSN14978593	1	Unknown
	c.1737+15463C>T	p.?	COSN21787615	1	Unknown
	c.1737+15649C>T	p.?	COSN16273059	1	Unknown
	c.1737+15667_1737+15668insTTCGGAACTCAAATT	p.?	COSN27212342	5	Unknown
	c.1737+15668G>C	p.?	COSN14743382	1	Unknown
	c.1737+15668_1737+15669insTTCGGAACTCAAATT	p.?	COSN23111788	1	Unknown
	c.1737+15672_1737+15673insGCCTC	p.?	COSN23108201	2	Unknown
	c.1737+15834G>T	p.?	COSN24482991	1	Unknown
	c.1737+15844G>A	p.?	COSN7786631	1	Unknown
	c.1737+15924A>G	p.?	COSN6513227	1	Unknown
	c.1737+160dup	p.?	COSN28469235	1	Unknown
	c.1737+16586C>G	p.?	COSN19401741	1	Unknown
	c.1737+16600G>A	p.?	COSN22648108	1	Unknown
	c.1737+16984A>C	p.?	COSN17980982	1	Unknown
	c.1737+1708G>A	p.?	COSN26594864	1	Unknown
	c.1737+17124G>C	p.?	COSN25977561	1	Unknown
	c.1737+17513T>G	p.?	COSN19570314	1	Unknown
	c.1737+17559A>T	p.?	COSN22527235	1	Unknown
	c.1737+17845C>T	p.?	COSN23807316	1	Unknown
	c.1737+17891G>A	p.?	COSN9498917	1	Unknown
	c.1737+17981C>A	p.?	COSN2150118	1	Unknown
	c.1737+18375G>A	p.?	COSN32662241	1	Unknown
	c.1737+18807G>C	p.?	COSN24505296	1	Unknown
	c.1737+19346A>T	p.?	COSN9498918	1	Unknown
	c.1737+1934G>A	p.?	COSN7696096	1	Unknown
	c.1737+19353G>A	p.?	COSN14696484	1	Unknown
	c.1737+19369C>T	p.?	COSN16530865	1	Unknown
	c.1737+19772C>T	p.?	COSN20183917	1	Unknown
	c.1737+20181T>C	p.?	COSN23673615	1	Unknown
	c.1737+20230_1737+20231del	p.?	COSN29690615	1	Unknown
	c.1737+20507C>A	p.?	COSN9971396	1	Unknown
	c.1737+20534T>C	p.?	COSN20361276	1	Unknown
	c.1737+20567G>A	p.?	COSN15942091	1	Unknown
	c.1737+2289A>G	p.?	COSN26285996	1	Unknown
	c.1737+2951A>G	p.?	COSN16687096	1	Unknown
	c.1737+3052G>C	p.?	COSN9498914	1	Unknown
	c.1737+3115G>A	p.?	COSN14962069	1	Unknown
	c.1737+3415T>G	p.?	COSN32924120	1	Unknown
	c.1737+3690A>C	p.?	COSN14849894	1	Unknown
	c.1737+3733A>G	p.?	COSN9311685	1	Unknown
	c.1737+4040del	p.?	COSN29702807	1	Unknown
	c.1737+4522G>C	p.?	COSN21783237	1	Unknown
	c.1737+45G>T	p.?	COSN28834894	1	Unknown
	c.1737+4708A>C	p.?	COSN28098379	1	Unknown
	c.1737+4915_1737+4927del	p.?	COSN29980124	1	Unknown
	c.1737+5064T>A	p.?	COSN33005189	1	Unknown
	c.1737+5075A>G	p.?	COSN2150114	1	Unknown
	c.1737+5441A>G	p.?	COSN30051093	1	Unknown
	c.1737+5566C>T	p.?	COSN15707660	1	Unknown
	c.1737+5592C>T	p.?	COSN14687558	1	Unknown
	c.1737+5818C>A	p.?	COSN6513226	1	Unknown
	c.1737+5995T>G	p.?	COSN9498915	1	Unknown
	c.1737+6012A>G	p.?	COSN14736729	1	Unknown
	c.1737+6110A>G	p.?	COSN33155662	1	Unknown
	c.1737+627dup	p.?	COSN27655324	1	Unknown
	c.1737+6468G>A	p.?	COSN14948906	1	Unknown
	c.1737+652T>C	p.?	COSN2150113	1	Unknown
	c.1737+6545G>C	p.?	COSN9498916	1	Unknown
	c.1737+7482G>A	p.?	COSN14950367	1	Unknown
	c.1737+7592A>G	p.?	COSN6310621	1	Unknown
	c.1737+7660G>A	p.?	COSN21308516	1	Unknown
	c.1737+7G>T	p.?	COSM6347921	1	Unknown
	c.1737+8226A>T	p.?	COSN24501048	1	Unknown
	c.1737+8453A>G	p.?	COSN14976303	1	Unknown
	c.1737+8681T>G	p.?	COSN2150115	1	Unknown
	c.1737+9091G>A	p.?	COSN5625081	1	Unknown
	c.1737+916G>A	p.?	COSN16619781	1	Unknown
	c.1737+9202G>A	p.?	COSN33254152	1	Unknown
	c.1737+9228G>T	p.?	COSN33254153	1	Unknown
	c.1737+9324C>A	p.?	COSN6589713	1	Unknown
	c.1737+9793T>C	p.?	COSN15088720	1	Unknown
	c.1737+9945T>A	p.?	COSN14707266	2	Unknown
	c.1738-10252A>G	p.?	COSN22310963	1	Unknown
	c.1738-10370C>T	p.?	COSN7696098	1	Unknown
	c.1738-10556C>T	p.?	COSN14787704	1	Unknown
	c.1738-11195G>C	p.?	COSN23822655	1	Unknown
	c.1738-11248A>G	p.?	COSN20453176	1	Unknown
	c.1738-11484C>A	p.?	COSN24896104	1	Unknown
	c.1738-11652_1738-11651del	p.?	COSN27184886	3	Unknown
	c.1738-11729T>A	p.?	COSN2150123	1	Unknown
	c.1738-11958T>C	p.?	COSN14727514	1	Unknown
	c.1738-12009T>A	p.?	COSN22747935	2	Unknown
	c.1738-12073del	p.?	COSN27588736	1	Unknown
	c.1738-12128A>G	p.?	COSN26489144	1	Unknown
	c.1738-12177C>A	p.?	COSN16438565	1	Unknown
	c.1738-12396A>G	p.?	COSN6310624	1	Unknown
	c.1738-12689A>G	p.?	COSN14776397	1	Unknown
	c.1738-12756dup	p.?	COSN22859512	1	Unknown
	c.1738-12876C>T	p.?	COSN16166464	1	Unknown
	c.1738-12938G>A	p.?	COSN9498920	1	Unknown
	c.1738-1320G>C	p.?	COSN32198835	1	Unknown
	c.1738-1331C>A	p.?	COSN5085131	1	Unknown
	c.1738-1333C>T	p.?	COSN32898340	1	Unknown
	c.1738-13667T>G	p.?	COSN9971397	1	Unknown
	c.1738-13928T>C	p.?	COSN33225736	1	Unknown
	c.1738-13969G>A	p.?	COSN23718708	1	Unknown
	c.1738-14131G>A	p.?	COSN16157095	1	Unknown
	c.1738-1436G>A	p.?	COSN32898339	1	Unknown
	c.1738-14658C>G	p.?	COSN20846465	1	Unknown
	c.1738-14722C>T	p.?	COSN17788955	1	Unknown
	c.1738-14748A>G	p.?	COSN15841476	1	Unknown
	c.1738-14779A>G	p.?	COSN14790734	1	Unknown
	c.1738-14811_1738-14810insTGCCTTTGCTTAATGGTAAAATGCA	p.?	COSN23220748	1	Unknown
	c.1738-1485C>T	p.?	COSN19064644	1	Unknown
	c.1738-14910A>T	p.?	COSN20443948	1	Unknown
	c.1738-14914T>A	p.?	COSN16194058	2	Unknown
	c.1738-14928T>G	p.?	COSN28044061	1	Unknown
	c.1738-15046A>G	p.?	COSN2150122	1	Unknown
	c.1738-15189G>T	p.?	COSN23657545	1	Unknown
	c.1738-1518C>A	p.?	COSN14791948	1	Unknown
	c.1738-15232G>T	p.?	COSN22012752	1	Unknown
	c.1738-15699A>G	p.?	COSN2150121	1	Unknown
	c.1738-15811A>G	p.?	COSN23452959	1	Unknown
	c.1738-16117C>G	p.?	COSN17602800	1	Unknown
	c.1738-16628G>C	p.?	COSN22429550	2	Unknown
	c.1738-16783A>C	p.?	COSN9311686	1	Unknown
	c.1738-16964T>G	p.?	COSN20221822	1	Unknown
	c.1738-17391T>G	p.?	COSN33146688	1	Unknown
	c.1738-17498T>A	p.?	COSN20984027	1	Unknown
	c.1738-18254G>A	p.?	COSN7786632	1	Unknown
	c.1738-18512T>G	p.?	COSN29777273	1	Unknown
	c.1738-18522G>C	p.?	COSN9498919	1	Unknown
	c.1738-1864C>G	p.?	COSN17655763	1	Unknown
	c.1738-19269G>T	p.?	COSN26207383	1	Unknown
	c.1738-19440G>A	p.?	COSN14950192	1	Unknown
	c.1738-19454del	p.?	COSN27403504	1	Unknown
	c.1738-19454dup	p.?	COSN27592763	1	Unknown
	c.1738-19666C>G	p.?	COSN2150120	1	Unknown
	c.1738-19998T>C	p.?	COSN21326449	1	Unknown
	c.1738-1G>C	p.?	COSM9984891	1	Unknown
	c.1738-20647G>C	p.?	COSN6310623	1	Unknown
	c.1738-20700A>T	p.?	COSN24374287	1	Unknown
	c.1738-20708T>A	p.?	COSN14791293	1	Unknown
	c.1738-20918G>A	p.?	COSN21579897	2	Unknown
	c.1738-21076C>A	p.?	COSN22487445	1	Unknown
	c.1738-2323A>G	p.?	COSN2150125	1	Unknown
	c.1738-2583A>T	p.?	COSN26907460	1	Unknown
	c.1738-2780G>A	p.?	COSN26107147	1	Unknown
	c.1738-2813A>G	p.?	COSN14693534	1	Unknown
	c.1738-3199T>G	p.?	COSN22600911	1	Unknown
	c.1738-3314T>C	p.?	COSN14977440	1	Unknown
	c.1738-3395A>G	p.?	COSN6589714	1	Unknown
	c.1738-3562A>G	p.?	COSN22433041	1	Unknown
	c.1738-3735G>A	p.?	COSN14782840	1	Unknown
	c.1738-3856G>A	p.?	COSN14749459	1	Unknown
	c.1738-4206C>G	p.?	COSN20144409	1	Unknown
	c.1738-4430A>G	p.?	COSN14964456	1	Unknown
	c.1738-4493A>G	p.?	COSN17476686	1	Unknown
	c.1738-4682T>C	p.?	COSN19588279	1	Unknown
	c.1738-4716A>G	p.?	COSN14705261	1	Unknown
	c.1738-4923C>G	p.?	COSN17801316	1	Unknown
	c.1738-5031T>G	p.?	COSN31623104	1	Unknown
	c.1738-5129A>C	p.?	COSN9971398	1	Unknown
	c.1738-5243G>T	p.?	COSN23616155	1	Unknown
	c.1738-5371C>T	p.?	COSN15196956	1	Unknown
	c.1738-5694G>A	p.?	COSN9498922	1	Unknown
	c.1738-5761G>T	p.?	COSN24678527	1	Unknown
	c.1738-5796C>T	p.?	COSN6310627	1	Unknown
	c.1738-5813C>A	p.?	COSN21015520	1	Unknown
	c.1738-5826_1738-5825insCTTCCCTC	p.?	COSN22906321	1	Unknown
	c.1738-5856C>A	p.?	COSN1327621	1	Unknown
	c.1738-58G>T	p.?	COSN32035420	1	Unknown
	c.1738-6204C>T	p.?	COSN24541407	1	Unknown
	c.1738-6215A>G	p.?	COSN6310626	1	Unknown
	c.1738-6388G>T	p.?	COSN21243746	1	Unknown
	c.1738-6522C>T	p.?	COSN4919701	2	Unknown
	c.1738-6624G>C	p.?	COSN5085130	1	Unknown
	c.1738-6625C>T	p.?	COSN5085129	1	Unknown
	c.1738-6647C>T	p.?	COSN7696099	1	Unknown
	c.1738-6656C>G	p.?	COSN21719797	1	Unknown
	c.1738-6673dup	p.?	COSN19426698	1	Unknown
	c.1738-7489A>G	p.?	COSN32454234	1	Unknown
	c.1738-7622T>G	p.?	COSN19686172	1	Unknown
	c.1738-7994A>T	p.?	COSN14687559	1	Unknown
	c.1738-8696A>T	p.?	COSN14770895	1	Unknown
	c.1738-873del	p.?	COSN27194018	3	Unknown
	c.1738-9062G>C	p.?	COSN9498921	1	Unknown
	c.1738-9176G>T	p.?	COSN14774536	1	Unknown
	c.1738-9189A>G	p.?	COSN14876450	1	Unknown
	c.1738-9596G>C	p.?	COSN6310625	1	Unknown
	c.1738-9640A>T	p.?	COSN32739429	1	Unknown
	c.1738-9990del	p.?	COSN22872190	1	Unknown
	c.1776+10006C>A	p.?	COSN19489573	1	Unknown
	c.1776+10142A>G	p.?	COSN2150126	1	Unknown
	c.1776+10247A>C	p.?	COSN2150127	1	Unknown
	c.1776+1035T>C	p.?	COSN17090422	1	Unknown
	c.1776+10621G>A	p.?	COSN14690933	1	Unknown
	c.1776+106G>T	p.?	COSN33282343	1	Unknown
	c.1776+10921A>G	p.?	COSN21614453	1	Unknown
	c.1776+10957A>G	p.?	COSN14904335	1	Unknown
	c.1776+11270G>A	p.?	COSN33005190	1	Unknown
	c.1776+11371A>G	p.?	COSN6310629	1	Unknown
	c.1776+11417C>A	p.?	COSN14755000	1	Unknown
	c.1776+11718T>A	p.?	COSN5625082	1	Unknown
	c.1776+12002C>T	p.?	COSN21546012	1	Unknown
	c.1776+12063G>A	p.?	COSN22034047	1	Unknown
	c.1776+12220C>G	p.?	COSN22386932	1	Unknown
	c.1776+12297G>A	p.?	COSN17713784	1	Unknown
	c.1776+12315G>A	p.?	COSN22759108	1	Unknown
	c.1776+12572G>A	p.?	COSN6513228	1	Unknown
	c.1776+13005A>G	p.?	COSN14748362	1	Unknown
	c.1776+13096T>G	p.?	COSN9498925	1	Unknown
	c.1776+13110A>C	p.?	COSN14902471	1	Unknown
	c.1776+1342A>G	p.?	COSN14737294	1	Unknown
	c.1776+13858T>C	p.?	COSN7696105	1	Unknown
	c.1776+13866C>G	p.?	COSN7696106	1	Unknown
	c.1776+13997G>C	p.?	COSN23881889	1	Unknown
	c.1776+14021A>T	p.?	COSN14704403	1	Unknown
	c.1776+14115G>A	p.?	COSN29788122	1	Unknown
	c.1776+14155A>T	p.?	COSN14846837	1	Unknown
	c.1776+14283A>G	p.?	COSN14749461	1	Unknown
	c.1776+14447A>G	p.?	COSN14729446	1	Unknown
	c.1776+14495A>G	p.?	COSN5625083	1	Unknown
	c.1776+14643T>C	p.?	COSN14901277	1	Unknown
	c.1776+14702G>T	p.?	COSN138861	1	Unknown
	c.1776+14736T>C	p.?	COSN14760069	1	Unknown
	c.1776+14771C>G	p.?	COSN20927568	1	Unknown
	c.1776+1988C>T	p.?	COSN20301537	1	Unknown
	c.1776+3194C>G	p.?	COSN14756839	1	Unknown
	c.1776+3497T>A	p.?	COSN2472040	1	Unknown
	c.1776+3530G>C	p.?	COSN7696101	1	Unknown
	c.1776+3777A>G	p.?	COSN19081562	2	Unknown
	c.1776+3974G>A	p.?	COSN14729445	1	Unknown
	c.1776+407A>G	p.?	COSN19522784	1	Unknown
	c.1776+4411T>G	p.?	COSN22534197	1	Unknown
	c.1776+464G>A	p.?	COSN14868071	2	Unknown
	c.1776+4911A>G	p.?	COSN6310628	1	Unknown
	c.1776+5017C>T	p.?	COSN15838669	1	Unknown
	c.1776+5239G>T	p.?	COSN9498923	1	Unknown
	c.1776+5366C>T	p.?	COSN20673016	1	Unknown
	c.1776+5455T>A	p.?	COSN14749460	1	Unknown
	c.1776+554G>C	p.?	COSN21913092	1	Unknown
	c.1776+6297C>A	p.?	COSN20691865	1	Unknown
	c.1776+62G>C	p.?	COSN30582562	1	Unknown
	c.1776+63G>C	p.?	COSN8493876	2	Unknown
	c.1776+6476C>T	p.?	COSN25029984	1	Unknown
	c.1776+6838T>G	p.?	COSN5810711	1	Unknown
	c.1776+7058A>G	p.?	COSN14789500	1	Unknown
	c.1776+7115G>A	p.?	COSN14993060	1	Unknown
	c.1776+7604T>C	p.?	COSN4857047	1	Unknown
	c.1776+7621C>G	p.?	COSN23602021	1	Unknown
	c.1776+7743_1776+7744delinsAT	p.?	COSN33637264	1	Unknown
	c.1776+7841A>T	p.?	COSN20636334	1	Unknown
	c.1776+8137G>A	p.?	COSN14963840	1	Unknown
	c.1776+8185G>C	p.?	COSN14696824	1	Unknown
	c.1776+8264T>G	p.?	COSN26430390	1	Unknown
	c.1776+836A>G	p.?	COSN17537115	1	Unknown
	c.1776+8786A>T	p.?	COSN14776527	1	Unknown
	c.1776+8937A>G	p.?	COSN24948965	1	Unknown
	c.1776+90C>T	p.?	COSN32713787	1	Unknown
	c.1776+9108A>G	p.?	COSN9971400	6	Unknown
	c.1776+9122_1776+9123insAAGA	p.?	COSN27457822	5	Unknown
	c.1776+9123G>A	p.?	COSN20458171	1	Unknown
	c.1776+9123del	p.?	COSN23756495	1	Unknown
	c.1776+9125_1776+9128dup	p.?	COSN27210274	1	Unknown
	c.1776+9128_1776+9129insAGAAAAAAA	p.?	COSN27453211	2	Unknown
	c.1776+9423T>A	p.?	COSN32516048	1	Unknown
	c.1776+9491C>T	p.?	COSN29398624	1	Unknown
	c.1776+9647A>G	p.?	COSN28259505	1	Unknown
	c.1776+9658G>C	p.?	COSN21915826	1	Unknown
	c.1776+968C>T	p.?	COSN29873500	1	Unknown
	c.1776+9783T>C	p.?	COSN14757466	1	Unknown
	c.1776+9922G>T	p.?	COSN7696103	1	Unknown
	c.1777-10025T>C	p.?	COSN14756840	1	Unknown
	c.1777-10092A>T	p.?	COSN9971401	1	Unknown
	c.1777-10140C>G	p.?	COSN2150130	1	Unknown
	c.1777-10396T>C	p.?	COSN14592843	1	Unknown
	c.1777-10414A>G	p.?	COSN23059409	1	Unknown
	c.1777-10446C>A	p.?	COSN9498929	4	Unknown
	c.1777-10824G>T	p.?	COSN27913507	1	Unknown
	c.1777-10833A>G	p.?	COSN25946478	1	Unknown
	c.1777-1107T>G	p.?	COSN20800053	1	Unknown
	c.1777-11656A>G	p.?	COSN32018292	1	Unknown
	c.1777-11987A>T	p.?	COSN29802898	1	Unknown
	c.1777-12118C>T	p.?	COSN14728138	1	Unknown
	c.1777-12600C>T	p.?	COSN26261933	1	Unknown
	c.1777-12712G>T	p.?	COSN9498928	2	Unknown
	c.1777-1279G>A	p.?	COSN17453463	1	Unknown
	c.1777-13172C>T	p.?	COSN9498927	1	Unknown
	c.1777-13183A>C	p.?	COSN29108290	1	Unknown
	c.1777-1323A>G	p.?	COSN17435848	1	Unknown
	c.1777-13445G>T	p.?	COSN32562368	1	Unknown
	c.1777-13541A>G	p.?	COSN14745927	1	Unknown
	c.1777-13583G>T	p.?	COSN7696108	1	Unknown
	c.1777-13722T>C	p.?	COSN14756266	1	Unknown
	c.1777-14012C>T	p.?	COSN23840252	1	Unknown
	c.1777-14174T>C	p.?	COSN33005191	1	Unknown
	c.1777-14478C>A	p.?	COSN7696107	2	Unknown
	c.1777-14497C>T	p.?	COSN17049047	1	Unknown
	c.1777-14759G>C	p.?	COSN9498926	1	Unknown
	c.1777-147G>A	p.?	COSN19707368	1	Unknown
	c.1777-1547T>C	p.?	COSN16440583	1	Unknown
	c.1777-1734C>T	p.?	COSN20231057	2	Unknown
	c.1777-1761dup	p.?	COSN27410737	1	Unknown
	c.1777-1771C>G	p.?	COSN33637267	1	Unknown
	c.1777-1847G>A	p.?	COSN22694361	1	Unknown
	c.1777-1878A>G	p.?	COSN7696110	1	Unknown
	c.1777-2004C>A	p.?	COSN16493044	1	Unknown
	c.1777-243C>T	p.?	COSN32198837	1	Unknown
	c.1777-2629G>A	p.?	COSN17578632	1	Unknown
	c.1777-2639T>C	p.?	COSN33316895	1	Unknown
	c.1777-2673G>A	p.?	COSN6310635	1	Unknown
	c.1777-2757G>T	p.?	COSN6310634	1	Unknown
	c.1777-2825T>C	p.?	COSN14738557	1	Unknown
	c.1777-2892T>C	p.?	COSN14788273	1	Unknown
	c.1777-3104C>T	p.?	COSN24272597	1	Unknown
	c.1777-3260C>T	p.?	COSN7786633	1	Unknown
	c.1777-3296G>A	p.?	COSN14730786	1	Unknown
	c.1777-3319A>G	p.?	COSN5085132	1	Unknown
	c.1777-3346A>G	p.?	COSN14755605	1	Unknown
	c.1777-3394A>T	p.?	COSN6310632	1	Unknown
	c.1777-3403_1777-3399del	p.?	COSN26127510	1	Unknown
	c.1777-3561T>A	p.?	COSN15691584	1	Unknown
	c.1777-3567C>T	p.?	COSN17062970	1	Unknown
	c.1777-3594T>C	p.?	COSN32018293	1	Unknown
	c.1777-3608C>T	p.?	COSN14682053	2	Unknown
	c.1777-3709A>T	p.?	COSN22027482	1	Unknown
	c.1777-3747del	p.?	COSN29564823	2	Unknown
	c.1777-3930G>T	p.?	COSN20163007	1	Unknown
	c.1777-4106A>C	p.?	COSN16962091	2	Unknown
	c.1777-4106_1777-4086dup	p.?	COSN29637295	1	Unknown
	c.1777-4110_1777-4109insCTTCTTCTTCTTCTTCTTCTTCTTATT	p.?	COSN32636128	1	Unknown
	c.1777-4112C>A	p.?	COSN24323502	2	Unknown
	c.1777-4113_1777-4112insTATTATTATTATTATTATTAT	p.?	COSN27031939	1	Unknown
	c.1777-4115C>A	p.?	COSN24317762	2	Unknown
	c.1777-4118C>A	p.?	COSN14795116	2	Unknown
	c.1777-4155T>G	p.?	COSN17906688	4	Unknown
	c.1777-4156_1777-4155insGCTTCTTCT	p.?	COSN32635420	1	Unknown
	c.1777-4164_1777-4156dup	p.?	COSN2528549	1	Unknown
	c.1777-4296A>G	p.?	COSN6310631	1	Unknown
	c.1777-4431C>A	p.?	COSN14962070	1	Unknown
	c.1777-4670C>T	p.?	COSN2150131	2	Unknown
	c.1777-468A>T	p.?	COSN5625085	1	Unknown
	c.1777-4767A>C	p.?	COSN20944236	1	Unknown
	c.1777-4823G>A	p.?	COSN26184334	1	Unknown
	c.1777-5055A>G	p.?	COSN22296248	1	Unknown
	c.1777-5256C>G	p.?	COSN23762110	1	Unknown
	c.1777-5814G>T	p.?	COSN33637266	1	Unknown
	c.1777-6344G>A	p.?	COSN14782841	1	Unknown
	c.1777-6769C>T	p.?	COSN14791949	1	Unknown
	c.1777-6828A>G	p.?	COSN14784688	1	Unknown
	c.1777-685G>C	p.?	COSN14918368	1	Unknown
	c.1777-6930A>G	p.?	COSN14793192	1	Unknown
	c.1777-6986G>A	p.?	COSN14713573	1	Unknown
	c.1777-7023A>G	p.?	COSN32198836	1	Unknown
	c.1777-7065dup	p.?	COSN28092675	1	Unknown
	c.1777-7531T>C	p.?	COSN27608370	1	Unknown
	c.1777-7562A>C	p.?	COSN7696109	1	Unknown
	c.1777-7583A>G	p.?	COSN6310630	1	Unknown
	c.1777-8316del	p.?	COSN29194542	1	Unknown
	c.1777-8319_1777-8316dup	p.?	COSN29191499	1	Unknown
	c.1777-8324T>G	p.?	COSN15605312	1	Unknown
	c.1777-8347T>C	p.?	COSN25233952	1	Unknown
	c.1777-9217A>C	p.?	COSN9498930	1	Unknown
	c.1777-9504C>T	p.?	COSN33230265	1	Unknown
	c.1777-9633dup	p.?	COSN28400786	1	Unknown
	c.1777-974A>G	p.?	COSN14699206	1	Unknown
	c.1926+10055A>T	p.?	COSN33637268	1	Unknown
	c.1926+10108T>G	p.?	COSN14714091	1	Unknown
	c.1926+10196C>G	p.?	COSN32198839	1	Unknown
	c.1926+10209C>T	p.?	COSN6310641	1	Unknown
	c.1926+10290G>A	p.?	COSN22397996	1	Unknown
	c.1926+10430C>T	p.?	COSN14933236	1	Unknown
	c.1926+1048T>C	p.?	COSN14977639	1	Unknown
	c.1926+10597C>T	p.?	COSN23051590	1	Unknown
	c.1926+10746_1926+10747del	p.?	COSN29102653	1	Unknown
	c.1926+111T>A	p.?	COSN30222852	1	Unknown
	c.1926+11391T>C	p.?	COSN24996206	1	Unknown
	c.1926+11472T>G	p.?	COSN7696111	1	Unknown
	c.1926+11496_1926+11497insCT	p.?	COSN24358487	1	Unknown
	c.1926+11510dup	p.?	COSN27454887	1	Unknown
	c.1926+1179T>C	p.?	COSN6310637	1	Unknown
	c.1926+12068C>T	p.?	COSN7696112	2	Unknown
	c.1926+12272T>C	p.?	COSN25230631	2	Unknown
	c.1926+12325A>T	p.?	COSN14977162	1	Unknown
	c.1926+12349C>A	p.?	COSN21735337	1	Unknown
	c.1926+12471C>T	p.?	COSN22502749	1	Unknown
	c.1926+12502A>T	p.?	COSN20794205	1	Unknown
	c.1926+12507A>C	p.?	COSN23926676	1	Unknown
	c.1926+12654C>T	p.?	COSN23977122	1	Unknown
	c.1926+12932C>G	p.?	COSN22236230	1	Unknown
	c.1926+12973T>C	p.?	COSN24225484	1	Unknown
	c.1926+13372T>C	p.?	COSN14732445	1	Unknown
	c.1926+13418G>A	p.?	COSN9498933	1	Unknown
	c.1926+13717C>T	p.?	COSN21781691	1	Unknown
	c.1926+14051T>A	p.?	COSN33230266	1	Unknown
	c.1926+1406G>C	p.?	COSN5625086	1	Unknown
	c.1926+14424T>C	p.?	COSN9498934	1	Unknown
	c.1926+14535C>T	p.?	COSN26808400	1	Unknown
	c.1926+14676del	p.?	COSN32050552	1	Unknown
	c.1926+1475G>C	p.?	COSN14693260	1	Unknown
	c.1926+14831G>A	p.?	COSN29783856	1	Unknown
	c.1926+15490C>G	p.?	COSN22515696	2	Unknown
	c.1926+154T>A	p.?	COSN15772290	1	Unknown
	c.1926+15529G>A	p.?	COSN5625087	1	Unknown
	c.1926+1553T>G	p.?	COSN14765444	2	Unknown
	c.1926+15602A>T	p.?	COSN4926397	2	Unknown
	c.1926+15619del	p.?	COSN28938904	1	Unknown
	c.1926+15619dup	p.?	COSN28489976	8	Unknown
	c.1926+15699C>T	p.?	COSN20270684	1	Unknown
	c.1926+1615A>G	p.?	COSN23832727	1	Unknown
	c.1926+16204A>T	p.?	COSN25420799	1	Unknown
	c.1926+16258G>T	p.?	COSN20626188	1	Unknown
	c.1926+16482G>C	p.?	COSN7696113	1	Unknown
	c.1926+16543G>A	p.?	COSN14917021	1	Unknown
	c.1926+16631C>G	p.?	COSN2150134	1	Unknown
	c.1926+1776A>C	p.?	COSN9498932	1	Unknown
	c.1926+1G>A	p.?	COSM6972032	1	Unknown
	c.1926+2068dup	p.?	COSN31617329	1	Unknown
	c.1926+2078T>G	p.?	COSN6589715	1	Unknown
	c.1926+2218C>G	p.?	COSN9971402	1	Unknown
	c.1926+2370_1926+2371del	p.?	COSN19450604	1	Unknown
	c.1926+23C>T	p.?	COSN28639903	1	Unknown
	c.1926+2417C>T	p.?	COSN20773328	2	Unknown
	c.1926+2474C>G	p.?	COSN20997329	1	Unknown
	c.1926+28C>T	p.?	COSN32898341	1	Unknown
	c.1926+2995G>T	p.?	COSN14950721	1	Unknown
	c.1926+3224A>G	p.?	COSN19471254	1	Unknown
	c.1926+3385A>G	p.?	COSN14990475	1	Unknown
	c.1926+3440C>G	p.?	COSN22515863	1	Unknown
	c.1926+3523G>T	p.?	COSN25068155	1	Unknown
	c.1926+3659A>C	p.?	COSN7786634	1	Unknown
	c.1926+3725G>A	p.?	COSN18854876	2	Unknown
	c.1926+3828C>T	p.?	COSN6310638	1	Unknown
	c.1926+4299T>G	p.?	COSN26207921	1	Unknown
	c.1926+4786G>C	p.?	COSN30394910	1	Unknown
	c.1926+4813A>G	p.?	COSN14770896	1	Unknown
	c.1926+4930G>A	p.?	COSN32198838	1	Unknown
	c.1926+54C>T	p.?	COSN17142143	1	Unknown
	c.1926+5809G>A	p.?	COSN23602022	1	Unknown
	c.1926+590T>G	p.?	COSN5085133	1	Unknown
	c.1926+5922A>T	p.?	COSN28243565	1	Unknown
	c.1926+6744T>A	p.?	COSN21374202	1	Unknown
	c.1926+6744_1926+6747delinsAGA	p.?	COSN22819135	1	Unknown
	c.1926+6825G>A	p.?	COSN21021375	1	Unknown
	c.1926+6828A>G	p.?	COSN2150133	2	Unknown
	c.1926+7292G>A	p.?	COSN6310640	1	Unknown
	c.1926+7380_1926+7405del	p.?	COSN28381652	1	Unknown
	c.1926+7445A>G	p.?	COSN20234882	1	Unknown
	c.1926+7526T>G	p.?	COSN20774879	2	Unknown
	c.1926+7640G>A	p.?	COSN25624263	2	Unknown
	c.1926+7752C>A	p.?	COSN1327622	1	Unknown
	c.1926+775T>A	p.?	COSN5085134	1	Unknown
	c.1926+8150T>G	p.?	COSN20597402	1	Unknown
	c.1926+8272A>G	p.?	COSN2472041	1	Unknown
	c.1926+8341G>A	p.?	COSN20595962	1	Unknown
	c.1926+8857T>C	p.?	COSN15599601	1	Unknown
	c.1926+9018A>G	p.?	COSN14727515	1	Unknown
	c.1926+9574G>T	p.?	COSN30326715	1	Unknown
	c.1926+9667G>A	p.?	COSN27151585	1	Unknown
	c.1926+9846A>T	p.?	COSN15907408	1	Unknown
	c.1926+9851T>C	p.?	COSN25235101	1	Unknown
	c.1926+9870T>C	p.?	COSN23181237	1	Unknown
	c.1926+9939T>C	p.?	COSN25779661	1	Unknown
	c.1927-10017A>T	p.?	COSN9498938	1	Unknown
	c.1927-10228G>A	p.?	COSN6310644	1	Unknown
	c.1927-10350C>G	p.?	COSN21740752	1	Unknown
	c.1927-10967A>G	p.?	COSN14715338	1	Unknown
	c.1927-11074C>A	p.?	COSN22167644	1	Unknown
	c.1927-11088G>A	p.?	COSN32425337	1	Unknown
	c.1927-11658A>C	p.?	COSN16510678	1	Unknown
	c.1927-11771G>C	p.?	COSN7696115	1	Unknown
	c.1927-12046C>T	p.?	COSN21697738	1	Unknown
	c.1927-12179A>G	p.?	COSN7696114	1	Unknown
	c.1927-12887G>A	p.?	COSN14920958	1	Unknown
	c.1927-12888T>G	p.?	COSN21751257	1	Unknown
	c.1927-132T>C	p.?	COSN18718893	1	Unknown
	c.1927-13602dup	p.?	COSN29520851	1	Unknown
	c.1927-13845A>G	p.?	COSN29754755	1	Unknown
	c.1927-13873G>A	p.?	COSN24569922	1	Unknown
	c.1927-13947T>G	p.?	COSN14713945	1	Unknown
	c.1927-13996C>T	p.?	COSN33793385	1	Unknown
	c.1927-13998C>T	p.?	COSN29120224	1	Unknown
	c.1927-14061A>G	p.?	COSN17346535	1	Unknown
	c.1927-14154A>G	p.?	COSN5085135	1	Unknown
	c.1927-14388T>G	p.?	COSN32323245	1	Unknown
	c.1927-14558G>T	p.?	COSN29807726	1	Unknown
	c.1927-14981T>C	p.?	COSN15731584	1	Unknown
	c.1927-15057T>A	p.?	COSN14965634	1	Unknown
	c.1927-15240C>T	p.?	COSN9498937	1	Unknown
	c.1927-15626A>G	p.?	COSN19532473	1	Unknown
	c.1927-15656C>G	p.?	COSN32971781	1	Unknown
	c.1927-16001G>C	p.?	COSN9498935	2	Unknown
	c.1927-1604T>A	p.?	COSN26724157	1	Unknown
	c.1927-16073dup	p.?	COSN29051265	1	Unknown
	c.1927-16203T>C	p.?	COSN32938654	1	Unknown
	c.1927-16214A>T	p.?	COSN27910903	1	Unknown
	c.1927-16424C>T	p.?	COSN33637269	1	Unknown
	c.1927-16504G>A	p.?	COSN30286872	1	Unknown
	c.1927-16505C>T	p.?	COSN16390653	2	Unknown
	c.1927-1651A>G	p.?	COSN14878451	1	Unknown
	c.1927-1717C>T	p.?	COSN14493230	1	Unknown
	c.1927-1748T>C	p.?	COSN6310647	1	Unknown
	c.1927-1883T>G	p.?	COSN9971404	1	Unknown
	c.1927-1969G>A	p.?	COSN15252662	1	Unknown
	c.1927-1G>T	p.?	COSM8766915	1	Unknown
	c.1927-236del	p.?	COSN22778166	1	Unknown
	c.1927-2410G>T	p.?	COSN1327623	1	Unknown
	c.1927-2607T>C	p.?	COSN23336476	1	Unknown
	c.1927-2A>G	p.?	COSM9966366	1	Unknown
	c.1927-3046_1927-3045insTTTAAAGAGTTATGACTTTTTACAT	p.?	COSN27723239	1	Unknown
	c.1927-3306T>G	p.?	COSN19087008	1	Unknown
	c.1927-3del	p.?	COSN1327624	4	Unknown
	c.1927-3dup	p.?	COSN20121816	4	Unknown
	c.1927-5307C>A	p.?	COSN15343776	1	Unknown
	c.1927-5309A>C	p.?	COSN26396603	1	Unknown
	c.1927-5335C>G	p.?	COSN32198840	1	Unknown
	c.1927-5361A>G	p.?	COSN28450074	1	Unknown
	c.1927-6028A>G	p.?	COSN29805745	1	Unknown
	c.1927-61G>A	p.?	COSN17612769	1	Unknown
	c.1927-6221C>G	p.?	COSN14763453	1	Unknown
	c.1927-6317C>T	p.?	COSN7696116	1	Unknown
	c.1927-6411C>A	p.?	COSN14778743	1	Unknown
	c.1927-6459A>T	p.?	COSN9498942	1	Unknown
	c.1927-6462T>A	p.?	COSN9498941	1	Unknown
	c.1927-6721G>A	p.?	COSN14764814	1	Unknown
	c.1927-6795T>A	p.?	COSN2150135	2	Unknown
	c.1927-682A>G	p.?	COSN14757467	1	Unknown
	c.1927-7046G>A	p.?	COSN6310645	1	Unknown
	c.1927-7055T>C	p.?	COSN5625089	1	Unknown
	c.1927-7407C>T	p.?	COSN9498940	1	Unknown
	c.1927-7408A>T	p.?	COSN9498939	1	Unknown
	c.1927-7515A>T	p.?	COSN23168700	1	Unknown
	c.1927-7601C>G	p.?	COSN17313409	1	Unknown
	c.1927-806T>C	p.?	COSN23046444	1	Unknown
	c.1927-8137A>G	p.?	COSN9971403	1	Unknown
	c.1927-8208C>T	p.?	COSN33277947	1	Unknown
	c.1927-8210C>T	p.?	COSN33277946	1	Unknown
	c.1927-8273G>A	p.?	COSN14787060	1	Unknown
	c.1927-8285G>T	p.?	COSN26180353	1	Unknown
	c.1927-8421A>G	p.?	COSN20451365	1	Unknown
	c.1927-8424T>A	p.?	COSN20445799	1	Unknown
	c.1927-8664T>C	p.?	COSN28356941	1	Unknown
	c.1927-9014T>G	p.?	COSN20766600	1	Unknown
	c.1927-9363A>G	p.?	COSN29922797	1	Unknown
	c.1927-9417dup	p.?	COSN22833430	1	Unknown
	c.1927-9515G>T	p.?	COSN16499579	1	Unknown
	c.1927-9855T>C	p.?	COSN14978594	1	Unknown
	c.2037+10235C>A	p.?	COSN2150138	1	Unknown
	c.2037+10276A>G	p.?	COSN7696123	1	Unknown
	c.2037+10505G>T	p.?	COSN26125208	1	Unknown
	c.2037+10682G>T	p.?	COSN26139058	1	Unknown
	c.2037+10683C>T	p.?	COSN8399412	1	Unknown
	c.2037+1083_2037+1084insCA	p.?	COSN29120249	1	Unknown
	c.2037+1112C>G	p.?	COSN5625090	1	Unknown
	c.2037+11278_2037+11279insACT	p.?	COSN30441576	1	Unknown
	c.2037+11435T>A	p.?	COSN33637272	1	Unknown
	c.2037+11635A>G	p.?	COSN9498944	1	Unknown
	c.2037+1193G>A	p.?	COSN24275007	1	Unknown
	c.2037+12227A>G	p.?	COSN14793193	1	Unknown
	c.2037+12423G>T	p.?	COSN9971408	1	Unknown
	c.2037+13297A>T	p.?	COSN7786636	2	Unknown
	c.2037+13313A>G	p.?	COSN7696124	1	Unknown
	c.2037+13520G>A	p.?	COSN20815222	1	Unknown
	c.2037+13721G>A	p.?	COSN23838872	1	Unknown
	c.2037+13780T>C	p.?	COSN9971409	1	Unknown
	c.2037+14269A>G	p.?	COSN23402990	1	Unknown
	c.2037+14529T>A	p.?	COSN14870888	1	Unknown
	c.2037+14643G>A	p.?	COSN30416113	1	Unknown
	c.2037+1482_2037+1483insC	p.?	COSN29020273	1	Unknown
	c.2037+14834C>G	p.?	COSN2150139	1	Unknown
	c.2037+1483T>C	p.?	COSN7786635	1	Unknown
	c.2037+15180G>T	p.?	COSN26512257	1	Unknown
	c.2037+15329G>A	p.?	COSN22408744	1	Unknown
	c.2037+15364T>A	p.?	COSN32741238	1	Unknown
	c.2037+15419C>A	p.?	COSN9498945	1	Unknown
	c.2037+15622A>G	p.?	COSN29894781	1	Unknown
	c.2037+15993G>A	p.?	COSN24035161	1	Unknown
	c.2037+159A>G	p.?	COSN28890004	1	Unknown
	c.2037+16058G>A	p.?	COSN26688720	1	Unknown
	c.2037+16663G>T	p.?	COSN15192551	1	Unknown
	c.2037+16956T>A	p.?	COSN19228714	1	Unknown
	c.2037+1746G>C	p.?	COSN7696119	1	Unknown
	c.2037+17478C>T	p.?	COSN24767209	1	Unknown
	c.2037+17510T>C	p.?	COSN33826173	4	Unknown
	c.2037+17523_2037+17525del	p.?	COSN22885824	1	Unknown
	c.2037+17940A>G	p.?	COSN17817619	1	Unknown
	c.2037+17960T>C	p.?	COSN14761798	1	Unknown
	c.2037+18036G>A	p.?	COSN25902906	1	Unknown
	c.2037+1803G>T	p.?	COSN9971405	1	Unknown
	c.2037+18089A>G	p.?	COSN14796506	1	Unknown
	c.2037+18183A>G	p.?	COSN29829537	1	Unknown
	c.2037+18389A>G	p.?	COSN32938655	1	Unknown
	c.2037+18399T>A	p.?	COSN2150140	2	Unknown
	c.2037+18400A>T	p.?	COSN2150141	2	Unknown
	c.2037+18607_2037+18637del	p.?	COSN22899469	1	Unknown
	c.2037+18639del	p.?	COSN27502283	5	Unknown
	c.2037+18666G>C	p.?	COSN24189186	1	Unknown
	c.2037+18986A>C	p.?	COSN17781023	1	Unknown
	c.2037+19132C>T	p.?	COSN9311687	1	Unknown
	c.2037+19414G>A	p.?	COSN21161342	1	Unknown
	c.2037+19490C>G	p.?	COSN33637273	1	Unknown
	c.2037+19917A>G	p.?	COSN2150142	1	Unknown
	c.2037+1G>A	p.?	COSM10069145	1	Unknown
	c.2037+20282G>T	p.?	COSN8795023	1	Unknown
	c.2037+20340G>T	p.?	COSN4857048	1	Unknown
	c.2037+20376T>A	p.?	COSN6310648	1	Unknown
	c.2037+2046A>G	p.?	COSN7696120	1	Unknown
	c.2037+20568A>G	p.?	COSN14513146	1	Unknown
	c.2037+20779G>C	p.?	COSN29100785	1	Unknown
	c.2037+2078G>C	p.?	COSN7696121	1	Unknown
	c.2037+21249A>T	p.?	COSN14967334	1	Unknown
	c.2037+2156C>T	p.?	COSN2150136	1	Unknown
	c.2037+21806G>A	p.?	COSN33637274	1	Unknown
	c.2037+21913G>A	p.?	COSN6310649	1	Unknown
	c.2037+22111A>G	p.?	COSN2150143	1	Unknown
	c.2037+22143dup	p.?	COSN19269750	1	Unknown
	c.2037+22195A>G	p.?	COSN26299290	1	Unknown
	c.2037+22248C>T	p.?	COSN14698185	1	Unknown
	c.2037+2291dup	p.?	COSN27512946	2	Unknown
	c.2037+2323G>A	p.?	COSN30295897	1	Unknown
	c.2037+23258G>A	p.?	COSN15306948	1	Unknown
	c.2037+2329G>T	p.?	COSN9971406	1	Unknown
	c.2037+23342C>A	p.?	COSN21744419	1	Unknown
	c.2037+23565T>A	p.?	COSN9971410	1	Unknown
	c.2037+23817T>C	p.?	COSN25074829	1	Unknown
	c.2037+23821T>G	p.?	COSN19247227	1	Unknown
	c.2037+240C>T	p.?	COSN24146071	1	Unknown
	c.2037+24217C>A	p.?	COSN22638398	1	Unknown
	c.2037+24349C>T	p.?	COSN6513230	1	Unknown
	c.2037+24654C>A	p.?	COSN14764049	1	Unknown
	c.2037+24850A>G	p.?	COSN29443355	1	Unknown
	c.2037+24998A>G	p.?	COSN5625093	1	Unknown
	c.2037+25012C>T	p.?	COSN22157686	1	Unknown
	c.2037+25159T>A	p.?	COSN26254778	1	Unknown
	c.2037+25242T>A	p.?	COSN20378705	1	Unknown
	c.2037+25377C>G	p.?	COSN6310651	1	Unknown
	c.2037+2555del	p.?	COSN27412640	2	Unknown
	c.2037+25879C>T	p.?	COSN25005281	1	Unknown
	c.2037+25881C>T	p.?	COSN9498946	1	Unknown
	c.2037+26250A>T	p.?	COSN4953737	1	Unknown
	c.2037+26449C>T	p.?	COSN14740522	1	Unknown
	c.2037+26473T>C	p.?	COSN14849319	1	Unknown
	c.2037+26531G>C	p.?	COSN26308282	1	Unknown
	c.2037+26868T>G	p.?	COSN14848740	1	Unknown
	c.2037+26986G>A	p.?	COSN33637275	1	Unknown
	c.2037+27603C>T	p.?	COSN14744650	1	Unknown
	c.2037+27669G>T	p.?	COSN7696125	1	Unknown
	c.2037+27839T>A	p.?	COSN25498463	1	Unknown
	c.2037+27874C>G	p.?	COSN4857049	1	Unknown
	c.2037+28101A>T	p.?	COSN23809277	1	Unknown
	c.2037+28200T>A	p.?	COSN14777147	1	Unknown
	c.2037+28238G>T	p.?	COSN21979874	1	Unknown
	c.2037+28281A>T	p.?	COSN16254258	1	Unknown
	c.2037+28306T>C	p.?	COSN2150144	1	Unknown
	c.2037+28366A>G	p.?	COSN21244421	1	Unknown
	c.2037+2849del	p.?	COSN25037535	1	Unknown
	c.2037+28778T>A	p.?	COSN7786637	1	Unknown
	c.2037+29099G>C	p.?	COSN21650688	1	Unknown
	c.2037+29145T>A	p.?	COSN17752585	1	Unknown
	c.2037+29178A>G	p.?	COSN14688452	1	Unknown
	c.2037+29241G>T	p.?	COSN26563189	1	Unknown
	c.2037+29321G>A	p.?	COSN26644625	1	Unknown
	c.2037+29412G>C	p.?	COSN20880807	1	Unknown
	c.2037+2984A>G	p.?	COSN2150137	1	Unknown
	c.2037+29912G>T	p.?	COSN14747747	1	Unknown
	c.2037+29979A>C	p.?	COSN14833178	1	Unknown
	c.2037+30120G>A	p.?	COSN16215269	1	Unknown
	c.2037+30223A>G	p.?	COSN2150145	1	Unknown
	c.2037+30350A>C	p.?	COSN29291950	1	Unknown
	c.2037+30589A>G	p.?	COSN14790116	1	Unknown
	c.2037+30810C>T	p.?	COSN17502758	1	Unknown
	c.2037+30818T>C	p.?	COSN9971411	5	Unknown
	c.2037+30819T>C	p.?	COSN15571416	2	Unknown
	c.2037+30820T>C	p.?	COSN15589736	2	Unknown
	c.2037+31519C>T	p.?	COSN8795024	1	Unknown
	c.2037+31832A>G	p.?	COSN16915505	1	Unknown
	c.2037+31886C>T	p.?	COSN16085954	1	Unknown
	c.2037+32085A>G	p.?	COSN29165240	1	Unknown
	c.2037+32140T>C	p.?	COSN6310653	1	Unknown
	c.2037+32199_2037+32200del	p.?	COSN27055099	1	Unknown
	c.2037+32249G>T	p.?	COSN21228123	2	Unknown
	c.2037+32407C>T	p.?	COSN14736730	1	Unknown
	c.2037+32580C>G	p.?	COSN9311688	1	Unknown
	c.2037+32921A>G	p.?	COSN2150146	1	Unknown
	c.2037+33491C>T	p.?	COSN4926398	2	Unknown
	c.2037+34210G>A	p.?	COSN14750035	1	Unknown
	c.2037+34379A>G	p.?	COSN17744241	1	Unknown
	c.2037+34666G>A	p.?	COSN2150148	1	Unknown
	c.2037+34863C>T	p.?	COSN27881361	1	Unknown
	c.2037+3508C>T	p.?	COSN14655601	1	Unknown
	c.2037+35090G>C	p.?	COSN20171790	1	Unknown
	c.2037+35253T>C	p.?	COSN24888603	1	Unknown
	c.2037+35512T>G	p.?	COSN21167165	1	Unknown
	c.2037+36059T>C	p.?	COSN19496103	1	Unknown
	c.2037+36119T>G	p.?	COSN5625095	1	Unknown
	c.2037+36121C>A	p.?	COSN7696126	1	Unknown
	c.2037+36202C>T	p.?	COSN22110458	1	Unknown
	c.2037+36597A>G	p.?	COSN2150149	1	Unknown
	c.2037+36643del	p.?	COSN28124264	1	Unknown
	c.2037+3681G>A	p.?	COSN25391538	1	Unknown
	c.2037+36878G>T	p.?	COSN19000682	1	Unknown
	c.2037+36922G>A	p.?	COSN14771476	1	Unknown
	c.2037+36932_2037+36973del	p.?	COSN22874114	1	Unknown
	c.2037+3702G>C	p.?	COSN32198841	1	Unknown
	c.2037+37385C>T	p.?	COSN4926399	2	Unknown
	c.2037+3765A>G	p.?	COSN33637270	1	Unknown
	c.2037+37707del	p.?	COSN29677028	1	Unknown
	c.2037+37763_2037+37770del	p.?	COSN1327627	1	Unknown
	c.2037+3794T>G	p.?	COSN8399411	1	Unknown
	c.2037+38214T>A	p.?	COSN18810922	1	Unknown
	c.2037+38409T>C	p.?	COSN2150150	1	Unknown
	c.2037+38557C>G	p.?	COSN28441930	1	Unknown
	c.2037+39342A>G	p.?	COSN33254154	1	Unknown
	c.2037+39414A>G	p.?	COSN25443776	1	Unknown
	c.2037+3949_2037+3950del	p.?	COSN29574553	1	Unknown
	c.2037+39596T>C	p.?	COSN4926400	2	Unknown
	c.2037+39901dup	p.?	COSN24907131	1	Unknown
	c.2037+39918G>A	p.?	COSN23733738	1	Unknown
	c.2037+40038T>C	p.?	COSN17001480	1	Unknown
	c.2037+40298G>A	p.?	COSN14834439	1	Unknown
	c.2037+40351G>C	p.?	COSN26757835	1	Unknown
	c.2037+40706A>G	p.?	COSN28706322	1	Unknown
	c.2037+4083G>A	p.?	COSN23078493	1	Unknown
	c.2037+41111G>A	p.?	COSN25284461	1	Unknown
	c.2037+41116T>C	p.?	COSN33637277	1	Unknown
	c.2037+41173C>T	p.?	COSN14550337	1	Unknown
	c.2037+41210C>G	p.?	COSN20087007	1	Unknown
	c.2037+41290G>T	p.?	COSN9498948	1	Unknown
	c.2037+41401G>T	p.?	COSN1327628	1	Unknown
	c.2037+41531_2037+41532del	p.?	COSN28972238	1	Unknown
	c.2037+41532del	p.?	COSN27217436	5	Unknown
	c.2037+41532dup	p.?	COSN29925731	1	Unknown
	c.2037+41533G>A	p.?	COSN24659792	1	Unknown
	c.2037+41708C>T	p.?	COSN24535376	1	Unknown
	c.2037+41724A>T	p.?	COSN24818006	1	Unknown
	c.2037+42768T>C	p.?	COSN21823134	1	Unknown
	c.2037+42877T>A	p.?	COSN9498950	2	Unknown
	c.2037+43268C>G	p.?	COSN27939821	1	Unknown
	c.2037+4365A>C	p.?	COSN29276434	1	Unknown
	c.2037+43899A>G	p.?	COSN1327629	1	Unknown
	c.2037+44013C>A	p.?	COSN15371689	1	Unknown
	c.2037+4429C>T	p.?	COSN25156440	1	Unknown
	c.2037+44549A>G	p.?	COSN20376051	1	Unknown
	c.2037+44633G>A	p.?	COSN32397774	1	Unknown
	c.2037+44705G>T	p.?	COSN28149232	2	Unknown
	c.2037+45325G>A	p.?	COSN14699112	2	Unknown
	c.2037+4534A>T	p.?	COSN23805737	1	Unknown
	c.2037+45363del	p.?	COSN22874757	1	Unknown
	c.2037+45374A>T	p.?	COSN16695450	2	Unknown
	c.2037+45553G>A	p.?	COSN32198843	1	Unknown
	c.2037+45691G>T	p.?	COSN16737104	2	Unknown
	c.2037+46025A>T	p.?	COSN4919702	2	Unknown
	c.2037+4614G>C	p.?	COSN32198842	1	Unknown
	c.2037+46234dup	p.?	COSN29628938	1	Unknown
	c.2037+46373T>A	p.?	COSN14784066	1	Unknown
	c.2037+46766T>A	p.?	COSN48433	1	Unknown
	c.2037+46866G>T	p.?	COSN23981094	1	Unknown
	c.2037+4700A>G	p.?	COSN25226631	1	Unknown
	c.2037+47532G>A	p.?	COSN27606902	1	Unknown
	c.2037+47806G>A	p.?	COSN6310654	1	Unknown
	c.2037+47885G>T	p.?	COSN32574211	1	Unknown
	c.2037+48208C>G	p.?	COSN14682387	2	Unknown
	c.2037+48284C>T	p.?	COSN30075754	1	Unknown
	c.2037+48711T>A	p.?	COSN28298475	5	Unknown
	c.2037+48815G>A	p.?	COSN20363752	1	Unknown
	c.2037+48848dup	p.?	COSN19561418	1	Unknown
	c.2037+49002G>T	p.?	COSN1327630	1	Unknown
	c.2037+49006G>A	p.?	COSN16343492	1	Unknown
	c.2037+49104T>C	p.?	COSN25688664	1	Unknown
	c.2037+49212G>A	p.?	COSN4857050	1	Unknown
	c.2037+49376C>T	p.?	COSN5085137	1	Unknown
	c.2037+5013G>C	p.?	COSN21078815	1	Unknown
	c.2037+50433G>T	p.?	COSN20161474	1	Unknown
	c.2037+50939T>C	p.?	COSN14705262	1	Unknown
	c.2037+50945G>A	p.?	COSN26864304	2	Unknown
	c.2037+51133A>C	p.?	COSN7696128	1	Unknown
	c.2037+51330C>T	p.?	COSN16232185	1	Unknown
	c.2037+51360T>G	p.?	COSN25748383	1	Unknown
	c.2037+51619_2037+51622del	p.?	COSN19335068	1	Unknown
	c.2037+51942G>A	p.?	COSN20264156	1	Unknown
	c.2037+52346G>A	p.?	COSN7696129	2	Unknown
	c.2037+52793C>A	p.?	COSN7696130	1	Unknown
	c.2037+53107A>T	p.?	COSN25589520	1	Unknown
	c.2037+53212T>G	p.?	COSN20989392	1	Unknown
	c.2037+53351A>G	p.?	COSN7696131	1	Unknown
	c.2037+53589A>G	p.?	COSN7696132	1	Unknown
	c.2037+53750G>C	p.?	COSN32198844	1	Unknown
	c.2037+54211A>G	p.?	COSN17984841	1	Unknown
	c.2037+5457G>A	p.?	COSN28925286	1	Unknown
	c.2037+54616T>A	p.?	COSN6513231	1	Unknown
	c.2037+54617A>T	p.?	COSN20703011	1	Unknown
	c.2037+54795T>C	p.?	COSN14739192	1	Unknown
	c.2037+54817A>G	p.?	COSN21798082	1	Unknown
	c.2037+54862C>G	p.?	COSN9498951	1	Unknown
	c.2037+54926G>A	p.?	COSN14744001	1	Unknown
	c.2037+54929G>C	p.?	COSN6310655	1	Unknown
	c.2037+55151A>C	p.?	COSN19374207	1	Unknown
	c.2037+55265G>A	p.?	COSN29816655	1	Unknown
	c.2037+55430A>G	p.?	COSN2150152	1	Unknown
	c.2037+55509A>T	p.?	COSN15723485	1	Unknown
	c.2037+55652T>C	p.?	COSN7786639	1	Unknown
	c.2037+55665T>A	p.?	COSN9971412	1	Unknown
	c.2037+55685C>T	p.?	COSN6310656	1	Unknown
	c.2037+55802C>T	p.?	COSN20944981	1	Unknown
	c.2037+55844T>C	p.?	COSN28353462	1	Unknown
	c.2037+55878A>G	p.?	COSN5625096	1	Unknown
	c.2037+5599A>G	p.?	COSN29410001	1	Unknown
	c.2037+56231T>C	p.?	COSN6310657	1	Unknown
	c.2037+56419A>G	p.?	COSN14703791	1	Unknown
	c.2037+56576A>G	p.?	COSN15407916	1	Unknown
	c.2037+56585T>C	p.?	COSN6310658	1	Unknown
	c.2037+56709T>G	p.?	COSN25809178	1	Unknown
	c.2037+56727G>T	p.?	COSN6310659	1	Unknown
	c.2037+56762A>G	p.?	COSN7786640	1	Unknown
	c.2037+56980C>G	p.?	COSN21433683	1	Unknown
	c.2037+57259G>A	p.?	COSN9498952	1	Unknown
	c.2037+57606C>T	p.?	COSN5625097	1	Unknown
	c.2037+57748A>G	p.?	COSN5625098	1	Unknown
	c.2037+57805A>G	p.?	COSN30421045	1	Unknown
	c.2037+57835G>A	p.?	COSN20420601	1	Unknown
	c.2037+57858A>G	p.?	COSN29328016	1	Unknown
	c.2037+58619G>T	p.?	COSN6310660	1	Unknown
	c.2037+58642A>G	p.?	COSN25982779	1	Unknown
	c.2037+58844G>T	p.?	COSN26167742	1	Unknown
	c.2037+58853A>G	p.?	COSN7696134	1	Unknown
	c.2037+59011del	p.?	COSN1327631	1	Unknown
	c.2037+59011dup	p.?	COSN27445263	2	Unknown
	c.2037+59175G>A	p.?	COSN20768005	2	Unknown
	c.2037+5954A>C	p.?	COSN29360507	1	Unknown
	c.2037+59631C>T	p.?	COSN23422241	1	Unknown
	c.2037+59931A>C	p.?	COSN20269958	1	Unknown
	c.2037+60054A>G	p.?	COSN26271942	1	Unknown
	c.2037+60180G>A	p.?	COSN5625099	1	Unknown
	c.2037+60479G>T	p.?	COSN9498953	1	Unknown
	c.2037+60588G>T	p.?	COSN15674446	1	Unknown
	c.2037+60754G>A	p.?	COSN22572696	1	Unknown
	c.2037+61232A>T	p.?	COSN26630649	1	Unknown
	c.2037+61677G>A	p.?	COSN9498954	2	Unknown
	c.2037+61724C>A	p.?	COSN25754810	1	Unknown
	c.2037+61905T>G	p.?	COSN27629127	1	Unknown
	c.2037+62038G>A	p.?	COSN14735517	1	Unknown
	c.2037+62098del	p.?	COSN27213266	4	Unknown
	c.2037+62098dup	p.?	COSN27550049	2	Unknown
	c.2037+62601G>A	p.?	COSN14831333	2	Unknown
	c.2037+62652dup	p.?	COSN27205849	4	Unknown
	c.2037+62829A>C	p.?	COSN27627803	1	Unknown
	c.2037+62944G>T	p.?	COSN20666897	1	Unknown
	c.2037+63142A>T	p.?	COSN9971413	1	Unknown
	c.2037+63219T>G	p.?	COSN5625100	1	Unknown
	c.2037+63521T>C	p.?	COSN14738558	1	Unknown
	c.2037+6381T>C	p.?	COSN20701894	1	Unknown
	c.2037+63959T>G	p.?	COSN15794709	1	Unknown
	c.2037+64077G>T	p.?	COSN9498955	1	Unknown
	c.2037+64078A>T	p.?	COSN9498956	1	Unknown
	c.2037+64192A>G	p.?	COSN14759490	1	Unknown
	c.2037+6419T>G	p.?	COSN20894861	1	Unknown
	c.2037+64222T>G	p.?	COSN14905580	1	Unknown
	c.2037+64351G>A	p.?	COSN14780998	1	Unknown
	c.2037+64436G>A	p.?	COSN26312953	1	Unknown
	c.2037+64525G>C	p.?	COSN14794481	1	Unknown
	c.2037+64527T>G	p.?	COSN25514994	1	Unknown
	c.2037+64718A>G	p.?	COSN14765445	1	Unknown
	c.2037+65104C>G	p.?	COSN17959734	4	Unknown
	c.2037+6559A>G	p.?	COSN16325956	1	Unknown
	c.2037+65759G>A	p.?	COSN14848741	1	Unknown
	c.2037+65767G>A	p.?	COSN20916324	1	Unknown
	c.2037+65777C>G	p.?	COSN14764050	1	Unknown
	c.2037+65924A>G	p.?	COSN14768944	1	Unknown
	c.2037+65930C>T	p.?	COSN14777149	1	Unknown
	c.2037+66356C>T	p.?	COSN26232262	2	Unknown
	c.2037+66669T>G	p.?	COSN14750694	1	Unknown
	c.2037+66692T>G	p.?	COSN19037298	1	Unknown
	c.2037+67142G>A	p.?	COSN27061773	1	Unknown
	c.2037+67336A>G	p.?	COSN14895634	2	Unknown
	c.2037+67370G>T	p.?	COSN2150154	2	Unknown
	c.2037+67467G>T	p.?	COSN25985804	1	Unknown
	c.2037+67747G>A	p.?	COSN16062586	1	Unknown
	c.2037+67821G>C	p.?	COSN32366387	1	Unknown
	c.2037+68324C>T	p.?	COSN7786641	1	Unknown
	c.2037+68339G>A	p.?	COSN14750695	1	Unknown
	c.2037+68583C>T	p.?	COSN14769593	1	Unknown
	c.2037+68639A>C	p.?	COSN9498958	2	Unknown
	c.2037+68922_2037+68932del	p.?	COSN22844983	1	Unknown
	c.2037+68954A>G	p.?	COSN21835784	1	Unknown
	c.2037+69265T>C	p.?	COSN14868072	1	Unknown
	c.2037+69314C>T	p.?	COSN28509095	1	Unknown
	c.2037+69321C>G	p.?	COSN14902767	1	Unknown
	c.2037+69328T>G	p.?	COSN15577853	5	Unknown
	c.2037+69338T>G	p.?	COSN15567763	1	Unknown
	c.2037+69401A>G	p.?	COSN6310661	1	Unknown
	c.2037+69526C>T	p.?	COSN14687560	2	Unknown
	c.2037+69937C>T	p.?	COSN29492466	2	Unknown
	c.2037+70293T>C	p.?	COSN15847371	1	Unknown
	c.2037+7056del	p.?	COSN1327626	2	Unknown
	c.2037+7064_2037+7071del	p.?	COSN31839925	1	Unknown
	c.2037+70849T>C	p.?	COSN1327632	1	Unknown
	c.2037+70893G>A	p.?	COSN6310664	1	Unknown
	c.2037+71337G>T	p.?	COSN14728139	1	Unknown
	c.2037+71423G>A	p.?	COSN5085138	1	Unknown
	c.2037+71870C>T	p.?	COSN14901278	1	Unknown
	c.2037+72047G>C	p.?	COSN21527082	1	Unknown
	c.2037+72137G>A	p.?	COSN21251486	1	Unknown
	c.2037+72235G>A	p.?	COSN27666533	1	Unknown
	c.2037+72357C>T	p.?	COSN9498959	2	Unknown
	c.2037+72370G>A	p.?	COSN33637278	1	Unknown
	c.2037+72951G>C	p.?	COSN22672035	1	Unknown
	c.2037+73045_2037+73048del	p.?	COSN22868914	1	Unknown
	c.2037+73149A>G	p.?	COSN5085139	1	Unknown
	c.2037+73656G>A	p.?	COSN14726264	1	Unknown
	c.2037+73751C>T	p.?	COSN32397775	1	Unknown
	c.2037+73781C>T	p.?	COSN27562196	1	Unknown
	c.2037+74416T>G	p.?	COSN19183447	1	Unknown
	c.2037+74463T>C	p.?	COSN14755001	1	Unknown
	c.2037+7572T>C	p.?	COSN24534307	1	Unknown
	c.2037+786T>A	p.?	COSN21842103	1	Unknown
	c.2037+7920del	p.?	COSN27226024	5	Unknown
	c.2037+8017A>T	p.?	COSN9971407	1	Unknown
	c.2037+8317T>G	p.?	COSN25898830	1	Unknown
	c.2037+8614del	p.?	COSN196029	2	Unknown
	c.2037+8730T>C	p.?	COSN17638951	1	Unknown
	c.2037+8821_2037+8824del	p.?	COSN22793384	1	Unknown
	c.2037+9246T>C	p.?	COSN26028968	1	Unknown
	c.2037+93A>G	p.?	COSN8795022	1	Unknown
	c.2037+9528T>A	p.?	COSN7696122	1	Unknown
	c.2037+9602G>A	p.?	COSN32591174	1	Unknown
	c.2037+9736G>T	p.?	COSN22274634	1	Unknown
	c.2037+9795G>T	p.?	COSN14795117	1	Unknown
	c.2038-10131C>T	p.?	COSN14905693	1	Unknown
	c.2038-10170T>G	p.?	COSN2150170	1	Unknown
	c.2038-10269A>G	p.?	COSN9498972	1	Unknown
	c.2038-10276G>T	p.?	COSN2150169	1	Unknown
	c.2038-10449T>A	p.?	COSN16291112	1	Unknown
	c.2038-10538G>A	p.?	COSN5625110	1	Unknown
	c.2038-10602C>G	p.?	COSN21644068	1	Unknown
	c.2038-10859A>C	p.?	COSN2150168	1	Unknown
	c.2038-10872A>G	p.?	COSN2150167	1	Unknown
	c.2038-11374G>A	p.?	COSN32198850	1	Unknown
	c.2038-11496A>G	p.?	COSN14737295	1	Unknown
	c.2038-11543dup	p.?	COSN27242815	1	Unknown
	c.2038-12228A>T	p.?	COSN20770868	2	Unknown
	c.2038-13068C>T	p.?	COSN7786646	1	Unknown
	c.2038-13117A>G	p.?	COSN25086587	1	Unknown
	c.2038-13342G>A	p.?	COSN7696148	1	Unknown
	c.2038-13614T>C	p.?	COSN4857053	1	Unknown
	c.2038-13666A>C	p.?	COSN6310678	1	Unknown
	c.2038-13916G>T	p.?	COSN9498971	1	Unknown
	c.2038-14065G>A	p.?	COSN16950293	1	Unknown
	c.2038-14100T>A	p.?	COSN9498970	1	Unknown
	c.2038-14106C>T	p.?	COSN25346593	1	Unknown
	c.2038-14426T>G	p.?	COSN26221747	1	Unknown
	c.2038-14436dup	p.?	COSN29561745	2	Unknown
	c.2038-14746T>C	p.?	COSN22441644	1	Unknown
	c.2038-14826C>A	p.?	COSN17711679	1	Unknown
	c.2038-15124A>G	p.?	COSN14949103	1	Unknown
	c.2038-15230G>A	p.?	COSN32707107	1	Unknown
	c.2038-15650A>G	p.?	COSN27707337	1	Unknown
	c.2038-15822A>G	p.?	COSN22156239	1	Unknown
	c.2038-15826G>T	p.?	COSN31655620	1	Unknown
	c.2038-15887T>C	p.?	COSN14782842	1	Unknown
	c.2038-15978C>A	p.?	COSN33039404	1	Unknown
	c.2038-15989G>T	p.?	COSN26775075	1	Unknown
	c.2038-159C>A	p.?	COSN21992828	1	Unknown
	c.2038-16128_2038-16127del	p.?	COSN22793170	1	Unknown
	c.2038-16581G>A	p.?	COSN15878763	1	Unknown
	c.2038-16830T>A	p.?	COSN25888892	1	Unknown
	c.2038-16875C>A	p.?	COSN26376982	1	Unknown
	c.2038-16888C>T	p.?	COSN33637283	1	Unknown
	c.2038-17013A>G	p.?	COSN2464277	1	Unknown
	c.2038-17141T>C	p.?	COSN25294062	1	Unknown
	c.2038-17172C>T	p.?	COSN28357261	1	Unknown
	c.2038-17241G>C	p.?	COSN33637282	1	Unknown
	c.2038-17369G>A	p.?	COSN28144817	1	Unknown
	c.2038-17731G>C	p.?	COSN15808220	1	Unknown
	c.2038-17738A>G	p.?	COSN19611229	1	Unknown
	c.2038-17779dup	p.?	COSN29683489	1	Unknown
	c.2038-17808A>T	p.?	COSN24230578	1	Unknown
	c.2038-17990T>G	p.?	COSN9971424	1	Unknown
	c.2038-1828C>T	p.?	COSN24092074	1	Unknown
	c.2038-18646C>T	p.?	COSN7696146	1	Unknown
	c.2038-19040A>G	p.?	COSN26196922	1	Unknown
	c.2038-19137A>T	p.?	COSN20696251	1	Unknown
	c.2038-19218G>A	p.?	COSN32707106	1	Unknown
	c.2038-19794C>T	p.?	COSN52480	1	Unknown
	c.2038-1G>A	p.?	COSM9789295	1	Unknown
	c.2038-20068C>T	p.?	COSN32295923	1	Unknown
	c.2038-20175G>A	p.?	COSN14992648	1	Unknown
	c.2038-20602C>A	p.?	COSN32562370	1	Unknown
	c.2038-20619C>G	p.?	COSN24759950	1	Unknown
	c.2038-20696T>C	p.?	COSN14902473	1	Unknown
	c.2038-20911A>T	p.?	COSN32018294	1	Unknown
	c.2038-20942C>A	p.?	COSN24910516	1	Unknown
	c.2038-21013C>T	p.?	COSN32454235	1	Unknown
	c.2038-21523A>G	p.?	COSN16725718	2	Unknown
	c.2038-21692G>T	p.?	COSN19453195	1	Unknown
	c.2038-21700C>G	p.?	COSN32615823	1	Unknown
	c.2038-21768G>T	p.?	COSN23434078	1	Unknown
	c.2038-21796C>G	p.?	COSN22127838	1	Unknown
	c.2038-21954T>A	p.?	COSN20233675	1	Unknown
	c.2038-22250G>C	p.?	COSN150050	1	Unknown
	c.2038-22455T>G	p.?	COSN17964328	1	Unknown
	c.2038-22458G>T	p.?	COSN33225737	1	Unknown
	c.2038-22522A>C	p.?	COSN14729447	1	Unknown
	c.2038-22530A>T	p.?	COSN26777631	1	Unknown
	c.2038-22762C>A	p.?	COSN24079211	1	Unknown
	c.2038-23506A>G	p.?	COSN16265476	1	Unknown
	c.2038-23806A>G	p.?	COSN5625108	1	Unknown
	c.2038-24352G>A	p.?	COSN26357891	1	Unknown
	c.2038-24502C>T	p.?	COSN32397776	1	Unknown
	c.2038-24632A>G	p.?	COSN33637281	1	Unknown
	c.2038-24874G>A	p.?	COSN23547273	1	Unknown
	c.2038-25045G>T	p.?	COSN27690110	1	Unknown
	c.2038-25384T>G	p.?	COSN18900916	1	Unknown
	c.2038-25407G>T	p.?	COSN17600501	1	Unknown
	c.2038-25431A>T	p.?	COSN31663485	1	Unknown
	c.2038-25583del	p.?	COSN27253762	3	Unknown
	c.2038-25583dup	p.?	COSN27502618	2	Unknown
	c.2038-25594T>G	p.?	COSN7696144	1	Unknown
	c.2038-25771G>A	p.?	COSN27494319	1	Unknown
	c.2038-26195A>G	p.?	COSN26597311	1	Unknown
	c.2038-26242A>G	p.?	COSN14749462	1	Unknown
	c.2038-26380_2038-26379insTG	p.?	COSN32640932	1	Unknown
	c.2038-26478T>C	p.?	COSN14776528	1	Unknown
	c.2038-26573C>G	p.?	COSN6310677	1	Unknown
	c.2038-26680G>C	p.?	COSN2150165	1	Unknown
	c.2038-26891A>G	p.?	COSN20156856	1	Unknown
	c.2038-27075C>T	p.?	COSN9311690	1	Unknown
	c.2038-27541C>G	p.?	COSN9498969	1	Unknown
	c.2038-27642dup	p.?	COSN27564725	1	Unknown
	c.2038-2765G>C	p.?	COSN17415492	1	Unknown
	c.2038-27755A>T	p.?	COSN4857052	1	Unknown
	c.2038-27803dup	p.?	COSN27525572	1	Unknown
	c.2038-27892G>A	p.?	COSN14779932	2	Unknown
	c.2038-28148A>C	p.?	COSN9498968	1	Unknown
	c.2038-28243C>T	p.?	COSN7696143	1	Unknown
	c.2038-28304A>G	p.?	COSN2150164	2	Unknown
	c.2038-28639A>G	p.?	COSN5625106	1	Unknown
	c.2038-29423A>G	p.?	COSN2150163	2	Unknown
	c.2038-29470A>G	p.?	COSN2150162	1	Unknown
	c.2038-29785C>T	p.?	COSN14895635	1	Unknown
	c.2038-2979C>G	p.?	COSN32112194	1	Unknown
	c.2038-30088T>A	p.?	COSN16333034	1	Unknown
	c.2038-300C>T	p.?	COSN14766615	2	Unknown
	c.2038-301G>T	p.?	COSN14696826	2	Unknown
	c.2038-302G>T	p.?	COSN26604029	1	Unknown
	c.2038-30609C>T	p.?	COSN20539414	1	Unknown
	c.2038-30647G>A	p.?	COSN17953701	1	Unknown
	c.2038-31267G>A	p.?	COSN24155966	1	Unknown
	c.2038-31451G>A	p.?	COSN14902472	1	Unknown
	c.2038-31478C>A	p.?	COSN1327634	1	Unknown
	c.2038-31611A>C	p.?	COSN25134110	1	Unknown
	c.2038-31825G>A	p.?	COSN32472476	1	Unknown
	c.2038-31844C>A	p.?	COSN6310676	1	Unknown
	c.2038-32075C>A	p.?	COSN29926546	1	Unknown
	c.2038-32242T>C	p.?	COSN14869132	1	Unknown
	c.2038-32247T>C	p.?	COSN14994052	1	Unknown
	c.2038-32320G>A	p.?	COSN6310675	1	Unknown
	c.2038-32778A>T	p.?	COSN16897001	1	Unknown
	c.2038-32979G>C	p.?	COSN19560762	1	Unknown
	c.2038-33103T>C	p.?	COSN27889572	1	Unknown
	c.2038-33567A>G	p.?	COSN21499071	1	Unknown
	c.2038-33583G>A	p.?	COSN16927280	1	Unknown
	c.2038-34139G>A	p.?	COSN14741687	1	Unknown
	c.2038-34648G>T	p.?	COSN22744900	1	Unknown
	c.2038-35127T>G	p.?	COSN7696142	1	Unknown
	c.2038-35172C>T	p.?	COSN7696141	1	Unknown
	c.2038-35952A>G	p.?	COSN29947402	1	Unknown
	c.2038-35971T>C	p.?	COSN17868008	1	Unknown
	c.2038-35G>A	p.?	COSN31768343	1	Unknown
	c.2038-36047G>A	p.?	COSN32198849	1	Unknown
	c.2038-36216G>A	p.?	COSN32198848	1	Unknown
	c.2038-37384G>A	p.?	COSN23491845	1	Unknown
	c.2038-37536A>G	p.?	COSN7786645	2	Unknown
	c.2038-3755A>G	p.?	COSN14686454	2	Unknown
	c.2038-37793A>C	p.?	COSN7786644	1	Unknown
	c.2038-37959C>T	p.?	COSN14901906	2	Unknown
	c.2038-38113A>T	p.?	COSN9971423	1	Unknown
	c.2038-38192A>C	p.?	COSN7696139	1	Unknown
	c.2038-38209A>T	p.?	COSN23278215	1	Unknown
	c.2038-38673T>C	p.?	COSN25336572	1	Unknown
	c.2038-39726G>C	p.?	COSN27707330	1	Unknown
	c.2038-39798A>G	p.?	COSN6310674	1	Unknown
	c.2038-405A>G	p.?	COSN26602086	1	Unknown
	c.2038-40720A>T	p.?	COSN27167300	1	Unknown
	c.2038-41188G>A	p.?	COSN14706930	1	Unknown
	c.2038-41750C>A	p.?	COSN21073774	1	Unknown
	c.2038-41986dup	p.?	COSN28943963	1	Unknown
	c.2038-42383G>A	p.?	COSN9971422	1	Unknown
	c.2038-42627G>A	p.?	COSN19245389	1	Unknown
	c.2038-42713C>G	p.?	COSN4613190	1	Unknown
	c.2038-42992T>A	p.?	COSN4953739	2	Unknown
	c.2038-43040_2038-43039insT	p.?	COSN28077466	1	Unknown
	c.2038-43091A>C	p.?	COSN9971421	1	Unknown
	c.2038-43167C>T	p.?	COSN32198847	1	Unknown
	c.2038-43641G>A	p.?	COSN9971420	1	Unknown
	c.2038-4382G>A	p.?	COSN32574212	1	Unknown
	c.2038-43840T>C	p.?	COSN29341167	1	Unknown
	c.2038-43849del	p.?	COSN32946194	1	Unknown
	c.2038-44428G>A	p.?	COSN17985598	1	Unknown
	c.2038-44463A>G	p.?	COSN21915827	1	Unknown
	c.2038-44486G>T	p.?	COSN2150161	1	Unknown
	c.2038-44520G>A	p.?	COSN16278476	1	Unknown
	c.2038-44565G>A	p.?	COSN15177414	1	Unknown
	c.2038-44659T>G	p.?	COSN17906415	1	Unknown
	c.2038-44699C>T	p.?	COSN27929300	1	Unknown
	c.2038-44705T>A	p.?	COSN17286086	1	Unknown
	c.2038-44743T>C	p.?	COSN15616686	1	Unknown
	c.2038-44785T>A	p.?	COSN7696138	1	Unknown
	c.2038-44808C>T	p.?	COSN9498967	1	Unknown
	c.2038-44869C>T	p.?	COSN137217	1	Unknown
	c.2038-44899T>A	p.?	COSN20385480	1	Unknown
	c.2038-44933T>C	p.?	COSN16176406	1	Unknown
	c.2038-44934T>C	p.?	COSN19260322	1	Unknown
	c.2038-44972C>T	p.?	COSN20451367	1	Unknown
	c.2038-44976C>T	p.?	COSN20451366	1	Unknown
	c.2038-44980C>T	p.?	COSN20455088	1	Unknown
	c.2038-44981_2038-44968del	p.?	COSN26256492	1	Unknown
	c.2038-44985_2038-44968del	p.?	COSN26142000	1	Unknown
	c.2038-44993_2038-44968del	p.?	COSN26425457	1	Unknown
	c.2038-45000C>T	p.?	COSN17434874	2	Unknown
	c.2038-45004C>T	p.?	COSN17434697	1	Unknown
	c.2038-45012C>T	p.?	COSN25190716	1	Unknown
	c.2038-45016T>C	p.?	COSN14717740	1	Unknown
	c.2038-45042T>A	p.?	COSN20363753	1	Unknown
	c.2038-45656C>T	p.?	COSN22069821	1	Unknown
	c.2038-45670G>C	p.?	COSN14747748	1	Unknown
	c.2038-45741dup	p.?	COSN27588026	1	Unknown
	c.2038-4577T>G	p.?	COSN33313726	1	Unknown
	c.2038-45818C>G	p.?	COSN20746449	1	Unknown
	c.2038-45824G>C	p.?	COSN9971419	1	Unknown
	c.2038-45888T>A	p.?	COSN20878115	1	Unknown
	c.2038-45969T>G	p.?	COSN6310673	1	Unknown
	c.2038-46360A>G	p.?	COSN23808273	1	Unknown
	c.2038-46649C>T	p.?	COSN22214077	1	Unknown
	c.2038-46979G>A	p.?	COSN7696137	1	Unknown
	c.2038-4720A>C	p.?	COSN23045112	1	Unknown
	c.2038-4752A>G	p.?	COSN25434850	1	Unknown
	c.2038-4765T>C	p.?	COSN26779530	1	Unknown
	c.2038-47694dup	p.?	COSN29073447	1	Unknown
	c.2038-47764A>G	p.?	COSN30677404	1	Unknown
	c.2038-47802C>T	p.?	COSN32811002	1	Unknown
	c.2038-47817_2038-47816insTGGCC	p.?	COSN20067297	1	Unknown
	c.2038-4786C>T	p.?	COSN21919618	1	Unknown
	c.2038-47895G>C	p.?	COSN24395038	1	Unknown
	c.2038-4796_2038-4791del	p.?	COSN27364675	1	Unknown
	c.2038-4809G>C	p.?	COSN22728955	1	Unknown
	c.2038-48547C>G	p.?	COSN6310672	1	Unknown
	c.2038-48619_2038-48618insGATGCGAGACCTT	p.?	COSN33827550	3	Unknown
	c.2038-48716G>T	p.?	COSN21542019	1	Unknown
	c.2038-48857del	p.?	COSN22828350	1	Unknown
	c.2038-48898G>C	p.?	COSN22406204	1	Unknown
	c.2038-48965C>T	p.?	COSN25535593	1	Unknown
	c.2038-49012A>G	p.?	COSN19564309	1	Unknown
	c.2038-49250G>C	p.?	COSN21541437	1	Unknown
	c.2038-49781_2038-49780del	p.?	COSN22774356	1	Unknown
	c.2038-49814dup	p.?	COSN29402676	1	Unknown
	c.2038-50384C>G	p.?	COSN14686453	1	Unknown
	c.2038-50458T>C	p.?	COSN23734827	1	Unknown
	c.2038-50570C>A	p.?	COSN27171424	1	Unknown
	c.2038-50591dup	p.?	COSN19604404	1	Unknown
	c.2038-50793A>G	p.?	COSN30222264	1	Unknown
	c.2038-5085G>C	p.?	COSN9498973	1	Unknown
	c.2038-51157G>T	p.?	COSN14733683	1	Unknown
	c.2038-51244G>T	p.?	COSN21602259	1	Unknown
	c.2038-51323C>G	p.?	COSN26249525	1	Unknown
	c.2038-51638C>A	p.?	COSN20719261	1	Unknown
	c.2038-518A>C	p.?	COSN19314652	2	Unknown
	c.2038-51988G>A	p.?	COSN23456193	1	Unknown
	c.2038-519C>A	p.?	COSN28755856	2	Unknown
	c.2038-52097A>G	p.?	COSN25406526	1	Unknown
	c.2038-52101G>A	p.?	COSN32112192	1	Unknown
	c.2038-52110A>G	p.?	COSN25408216	1	Unknown
	c.2038-52230T>G	p.?	COSN7786643	1	Unknown
	c.2038-523C>G	p.?	COSN15317447	1	Unknown
	c.2038-53059T>G	p.?	COSN5625103	1	Unknown
	c.2038-53473C>G	p.?	COSN9311689	1	Unknown
	c.2038-53713A>T	p.?	COSN9971418	1	Unknown
	c.2038-53722G>C	p.?	COSN14901905	1	Unknown
	c.2038-53768C>T	p.?	COSN17666715	1	Unknown
	c.2038-53847T>C	p.?	COSN32707105	1	Unknown
	c.2038-54096G>T	p.?	COSN7696136	1	Unknown
	c.2038-54192T>G	p.?	COSN29123749	1	Unknown
	c.2038-5424A>T	p.?	COSN29448940	1	Unknown
	c.2038-54779G>A	p.?	COSN9498966	2	Unknown
	c.2038-54886G>T	p.?	COSN1327633	1	Unknown
	c.2038-54965G>T	p.?	COSN7696135	1	Unknown
	c.2038-55072G>A	p.?	COSN6310671	1	Unknown
	c.2038-55170G>A	p.?	COSN21362452	1	Unknown
	c.2038-55244T>C	p.?	COSN18996752	2	Unknown
	c.2038-55321C>T	p.?	COSN32198846	1	Unknown
	c.2038-55345C>G	p.?	COSN21864736	1	Unknown
	c.2038-55376G>A	p.?	COSN22341064	1	Unknown
	c.2038-55640C>A	p.?	COSN16435278	1	Unknown
	c.2038-55646C>T	p.?	COSN24374288	1	Unknown
	c.2038-56111_2038-56108del	p.?	COSN30441564	1	Unknown
	c.2038-56256G>A	p.?	COSN23558835	1	Unknown
	c.2038-57078C>T	p.?	COSN27997406	1	Unknown
	c.2038-57091A>G	p.?	COSN9971417	1	Unknown
	c.2038-57171G>T	p.?	COSN16149472	1	Unknown
	c.2038-5740C>T	p.?	COSN7696149	1	Unknown
	c.2038-57491A>G	p.?	COSN14795118	1	Unknown
	c.2038-57558G>C	p.?	COSN24140604	1	Unknown
	c.2038-57927C>T	p.?	COSN24540192	1	Unknown
	c.2038-58464C>T	p.?	COSN23144301	1	Unknown
	c.2038-58499G>A	p.?	COSN7786642	1	Unknown
	c.2038-58622del	p.?	COSN22846534	1	Unknown
	c.2038-58720dup	p.?	COSN28989309	1	Unknown
	c.2038-58725_2038-58724insG	p.?	COSN22882460	1	Unknown
	c.2038-59273A>C	p.?	COSN5625102	1	Unknown
	c.2038-59435T>A	p.?	COSN21167855	1	Unknown
	c.2038-59646C>G	p.?	COSN14735519	1	Unknown
	c.2038-60062T>A	p.?	COSN33230267	1	Unknown
	c.2038-60153C>T	p.?	COSN2150159	1	Unknown
	c.2038-60185C>T	p.?	COSN20804256	1	Unknown
	c.2038-60205A>G	p.?	COSN20720570	2	Unknown
	c.2038-60235G>C	p.?	COSN4953738	1	Unknown
	c.2038-60260T>G	p.?	COSN9971416	1	Unknown
	c.2038-60502G>A	p.?	COSN5085140	1	Unknown
	c.2038-60634T>C	p.?	COSN31640973	1	Unknown
	c.2038-6084G>A	p.?	COSN27742459	1	Unknown
	c.2038-61162G>T	p.?	COSN2150158	1	Unknown
	c.2038-61218A>G	p.?	COSN33291609	1	Unknown
	c.2038-61260A>G	p.?	COSN16198214	1	Unknown
	c.2038-61269G>A	p.?	COSN14981304	1	Unknown
	c.2038-6138A>T	p.?	COSN2150172	1	Unknown
	c.2038-6172T>A	p.?	COSN15112012	1	Unknown
	c.2038-61902C>G	p.?	COSN29935772	1	Unknown
	c.2038-62112A>G	p.?	COSN2150157	2	Unknown
	c.2038-62177C>T	p.?	COSN14735518	1	Unknown
	c.2038-62337A>G	p.?	COSN6310669	1	Unknown
	c.2038-62392C>T	p.?	COSN33122982	1	Unknown
	c.2038-63083C>T	p.?	COSN23128621	1	Unknown
	c.2038-63214C>T	p.?	COSN22305091	2	Unknown
	c.2038-63814A>G	p.?	COSN27299331	1	Unknown
	c.2038-63970C>G	p.?	COSN9498965	1	Unknown
	c.2038-64026C>G	p.?	COSN9498964	1	Unknown
	c.2038-64089T>A	p.?	COSN9498963	1	Unknown
	c.2038-64407T>G	p.?	COSN25316699	1	Unknown
	c.2038-6495T>C	p.?	COSN26685253	1	Unknown
	c.2038-65451G>T	p.?	COSN32562369	1	Unknown
	c.2038-65486G>A	p.?	COSN33637280	1	Unknown
	c.2038-65505A>G	p.?	COSN27953077	1	Unknown
	c.2038-65515G>C	p.?	COSN29835866	1	Unknown
	c.2038-65759G>C	p.?	COSN32224269	3	Unknown
	c.2038-66055T>G	p.?	COSN4926402	2	Unknown
	c.2038-66111G>T	p.?	COSN6310668	1	Unknown
	c.2038-66256G>C	p.?	COSN27786298	2	Unknown
	c.2038-66417C>G	p.?	COSN25314370	1	Unknown
	c.2038-67065G>T	p.?	COSN22004149	2	Unknown
	c.2038-67276G>T	p.?	COSN30083157	1	Unknown
	c.2038-67468T>C	p.?	COSN14793842	1	Unknown
	c.2038-67496G>T	p.?	COSN14831334	1	Unknown
	c.2038-67808C>A	p.?	COSN14778001	1	Unknown
	c.2038-67884T>G	p.?	COSN14745928	1	Unknown
	c.2038-68076A>C	p.?	COSN14761800	1	Unknown
	c.2038-68293G>C	p.?	COSN9971415	1	Unknown
	c.2038-68296A>G	p.?	COSN33310457	1	Unknown
	c.2038-68324T>C	p.?	COSN9498962	1	Unknown
	c.2038-68459A>G	p.?	COSN14696825	1	Unknown
	c.2038-68701C>A	p.?	COSN16502367	1	Unknown
	c.2038-68747C>A	p.?	COSN6310667	1	Unknown
	c.2038-69233G>A	p.?	COSN6310666	1	Unknown
	c.2038-69424T>C	p.?	COSN14773270	1	Unknown
	c.2038-69647G>A	p.?	COSN23409915	1	Unknown
	c.2038-69731T>G	p.?	COSN14870347	1	Unknown
	c.2038-69778T>A	p.?	COSN33291608	1	Unknown
	c.2038-70452A>G	p.?	COSN20959459	2	Unknown
	c.2038-70570C>T	p.?	COSN14788851	1	Unknown
	c.2038-70745C>A	p.?	COSN20909409	1	Unknown
	c.2038-70808G>T	p.?	COSN29389693	1	Unknown
	c.2038-70897_2038-70894del	p.?	COSN22792736	1	Unknown
	c.2038-7124G>C	p.?	COSN9971425	1	Unknown
	c.2038-71765G>A	p.?	COSN23792230	1	Unknown
	c.2038-71766dup	p.?	COSN22825422	1	Unknown
	c.2038-71864G>A	p.?	COSN19174310	1	Unknown
	c.2038-71983G>C	p.?	COSN14938008	1	Unknown
	c.2038-71993C>T	p.?	COSN29494100	2	Unknown
	c.2038-72285C>T	p.?	COSN14761799	2	Unknown
	c.2038-72568C>A	p.?	COSN14785232	1	Unknown
	c.2038-72753G>A	p.?	COSN2150155	1	Unknown
	c.2038-72920A>G	p.?	COSN14768336	1	Unknown
	c.2038-73136T>A	p.?	COSN33637279	1	Unknown
	c.2038-73184C>A	p.?	COSN26174809	1	Unknown
	c.2038-73195G>A	p.?	COSN23316338	1	Unknown
	c.2038-73360C>G	p.?	COSN32198845	1	Unknown
	c.2038-73481A>G	p.?	COSN20671604	1	Unknown
	c.2038-73559T>C	p.?	COSN6310665	1	Unknown
	c.2038-74022T>C	p.?	COSN17979628	2	Unknown
	c.2038-7429A>G	p.?	COSN32112193	1	Unknown
	c.2038-74363T>G	p.?	COSN15606532	1	Unknown
	c.2038-74366T>G	p.?	COSN15607053	1	Unknown
	c.2038-74369T>G	p.?	COSN20470921	2	Unknown
	c.2038-74385del	p.?	COSN27547094	2	Unknown
	c.2038-74427T>A	p.?	COSN20507861	1	Unknown
	c.2038-77del	p.?	COSN31840097	1	Unknown
	c.2038-8165A>G	p.?	COSN29964611	1	Unknown
	c.2038-82G>A	p.?	COSN30666825	1	Unknown
	c.2038-8447A>G	p.?	COSN20330738	1	Unknown
	c.2038-852T>C	p.?	COSN9498974	1	Unknown
	c.2038-8652A>G	p.?	COSN7786647	1	Unknown
	c.2038-871T>G	p.?	COSN1327636	1	Unknown
	c.2038-8759C>A	p.?	COSN29925177	1	Unknown
	c.2038-883A>G	p.?	COSN9971426	1	Unknown
	c.2038-8880C>G	p.?	COSN26417979	1	Unknown
	c.2038-9412G>A	p.?	COSN22992659	1	Unknown
	c.2038-9841T>C	p.?	COSN2150171	1	Unknown
	c.2038-9853C>T	p.?	COSN14693715	2	Unknown
	c.2281+10336G>A	p.?	COSN14832606	1	Unknown
	c.2281+10549T>G	p.?	COSN14746557	1	Unknown
	c.2281+10632T>C	p.?	COSN7696156	1	Unknown
	c.2281+10802G>A	p.?	COSN22608082	1	Unknown
	c.2281+11160G>C	p.?	COSN9498976	1	Unknown
	c.2281+11383T>G	p.?	COSN5625111	1	Unknown
	c.2281+12112G>T	p.?	COSN22709096	1	Unknown
	c.2281+1222G>T	p.?	COSN7696151	1	Unknown
	c.2281+12365G>T	p.?	COSN17832454	1	Unknown
	c.2281+12551C>A	p.?	COSN28386402	1	Unknown
	c.2281+12591A>G	p.?	COSN1327637	1	Unknown
	c.2281+12757G>C	p.?	COSN5625112	1	Unknown
	c.2281+1306dup	p.?	COSN32650492	1	Unknown
	c.2281+1620A>C	p.?	COSN9498975	1	Unknown
	c.2281+1846C>T	p.?	COSN4953741	1	Unknown
	c.2281+2025A>G	p.?	COSN6310679	1	Unknown
	c.2281+2032T>C	p.?	COSN14693716	1	Unknown
	c.2281+2158C>A	p.?	COSN28319153	1	Unknown
	c.2281+2264del	p.?	COSN27998465	1	Unknown
	c.2281+2829G>C	p.?	COSN22378561	1	Unknown
	c.2281+2911del	p.?	COSN27355135	3	Unknown
	c.2281+2T>G	p.?	COSM9359209	1	Unknown
	c.2281+30A>T	p.?	COSN33090625	1	Unknown
	c.2281+3400C>A	p.?	COSN9971427	1	Unknown
	c.2281+3459G>C	p.?	COSN30229931	1	Unknown
	c.2281+3469A>G	p.?	COSN28258013	1	Unknown
	c.2281+3526G>T	p.?	COSN29931942	1	Unknown
	c.2281+3551del	p.?	COSN22885139	1	Unknown
	c.2281+3807A>G	p.?	COSN29803670	1	Unknown
	c.2281+3808G>A	p.?	COSN15100017	1	Unknown
	c.2281+3822C>T	p.?	COSN7696152	1	Unknown
	c.2281+4055T>G	p.?	COSN29901107	1	Unknown
	c.2281+4613A>C	p.?	COSN9971428	1	Unknown
	c.2281+485C>T	p.?	COSN32727713	1	Unknown
	c.2281+4945A>G	p.?	COSN6589717	1	Unknown
	c.2281+4954T>C	p.?	COSN24151165	1	Unknown
	c.2281+5044G>A	p.?	COSN16365836	1	Unknown
	c.2281+5319A>G	p.?	COSN6310680	1	Unknown
	c.2281+5323A>G	p.?	COSN7786648	1	Unknown
	c.2281+5435G>A	p.?	COSN14510964	1	Unknown
	c.2281+5582T>A	p.?	COSN7786649	2	Unknown
	c.2281+5736C>G	p.?	COSN23698817	1	Unknown
	c.2281+5861T>C	p.?	COSN14993865	1	Unknown
	c.2281+5863C>G	p.?	COSN14979182	1	Unknown
	c.2281+6213G>A	p.?	COSN26772013	1	Unknown
	c.2281+6388C>T	p.?	COSN20489975	1	Unknown
	c.2281+6469T>C	p.?	COSN17981599	1	Unknown
	c.2281+6558A>G	p.?	COSN20844050	1	Unknown
	c.2281+6731A>G	p.?	COSN26100954	1	Unknown
	c.2281+6868C>G	p.?	COSN2150175	1	Unknown
	c.2281+7166A>G	p.?	COSN16494611	1	Unknown
	c.2281+7398C>T	p.?	COSN7696153	1	Unknown
	c.2281+7990T>C	p.?	COSN14735520	1	Unknown
	c.2281+7999T>C	p.?	COSN23434221	1	Unknown
	c.2281+8485A>T	p.?	COSN6310681	1	Unknown
	c.2281+8515C>G	p.?	COSN21772693	1	Unknown
	c.2281+8575A>G	p.?	COSN14934020	1	Unknown
	c.2281+867A>G	p.?	COSN14775145	1	Unknown
	c.2281+9669C>T	p.?	COSN20369209	1	Unknown
	c.2281+9730G>A	p.?	COSN32591175	1	Unknown
	c.2282-1006A>G	p.?	COSN30080537	1	Unknown
	c.2282-10118C>A	p.?	COSN7696159	1	Unknown
	c.2282-1029G>C	p.?	COSN20718383	1	Unknown
	c.2282-1037G>T	p.?	COSN27567339	1	Unknown
	c.2282-11324A>G	p.?	COSN14834440	1	Unknown
	c.2282-11486C>T	p.?	COSN7696158	1	Unknown
	c.2282-11968C>T	p.?	COSN7696157	1	Unknown
	c.2282-11994C>A	p.?	COSN24374289	1	Unknown
	c.2282-12098C>T	p.?	COSN14694723	1	Unknown
	c.2282-12165C>G	p.?	COSN20220416	1	Unknown
	c.2282-12412C>T	p.?	COSN27968076	1	Unknown
	c.2282-1696A>G	p.?	COSN14849320	1	Unknown
	c.2282-196A>G	p.?	COSN32851969	1	Unknown
	c.2282-2098G>C	p.?	COSN26900411	3	Unknown
	c.2282-2202C>T	p.?	COSN9971430	1	Unknown
	c.2282-2544G>T	p.?	COSN29317694	1	Unknown
	c.2282-2549T>C	p.?	COSN5625113	1	Unknown
	c.2282-3202G>A	p.?	COSN30430342	1	Unknown
	c.2282-3276C>T	p.?	COSN21870950	1	Unknown
	c.2282-3338C>T	p.?	COSN23560269	1	Unknown
	c.2282-3339G>A	p.?	COSN23554408	1	Unknown
	c.2282-3620A>G	p.?	COSN15809401	1	Unknown
	c.2282-3622A>G	p.?	COSN26746210	1	Unknown
	c.2282-3C>A	p.?	COSM7832163	1	Unknown
	c.2282-4201G>A	p.?	COSN33295958	1	Unknown
	c.2282-42A>G	p.?	COSN17141707	2	Unknown
	c.2282-469G>A	p.?	COSN9498978	1	Unknown
	c.2282-4868A>T	p.?	COSN29455858	1	Unknown
	c.2282-5135T>A	p.?	COSN14976965	1	Unknown
	c.2282-5270dup	p.?	COSN26114071	1	Unknown
	c.2282-587G>C	p.?	COSN9498977	1	Unknown
	c.2282-5984A>T	p.?	COSN14695083	1	Unknown
	c.2282-6430G>T	p.?	COSN15235564	1	Unknown
	c.2282-6618G>T	p.?	COSN28503113	1	Unknown
	c.2282-6826T>G	p.?	COSN6310683	1	Unknown
	c.2282-7296A>C	p.?	COSN9971429	1	Unknown
	c.2282-7858T>C	p.?	COSN33316896	1	Unknown
	c.2282-8003A>G	p.?	COSN5085141	1	Unknown
	c.2282-8158T>A	p.?	COSN7786650	1	Unknown
	c.2282-8627A>G	p.?	COSN29369006	1	Unknown
	c.2282-8755A>G	p.?	COSN25171646	1	Unknown
	c.2282-8779C>A	p.?	COSN24968593	1	Unknown
	c.2282-8820del	p.?	COSN29028124	2	Unknown
	c.2282-9030C>G	p.?	COSN14847475	1	Unknown
	c.2282-9069G>T	p.?	COSN15726891	1	Unknown
	c.2282-9100C>T	p.?	COSN26097235	1	Unknown
	c.2282-9266G>T	p.?	COSN6310682	1	Unknown
	c.2282-9274A>C	p.?	COSN14461395	1	Unknown
	c.2282-9304G>A	p.?	COSN14463435	1	Unknown
	c.2282-9617T>C	p.?	COSN20884671	1	Unknown
	c.2371+10488G>A	p.?	COSN14714161	1	Unknown
	c.2371+10845T>G	p.?	COSN14692470	1	Unknown
	c.2371+10976T>G	p.?	COSN32562371	1	Unknown
	c.2371+11087G>T	p.?	COSN20382832	1	Unknown
	c.2371+11093A>G	p.?	COSN14683363	1	Unknown
	c.2371+1379C>T	p.?	COSN21807131	1	Unknown
	c.2371+1477A>C	p.?	COSN21266639	1	Unknown
	c.2371+1570G>A	p.?	COSN21582958	2	Unknown
	c.2371+1687A>C	p.?	COSN25462846	1	Unknown
	c.2371+1711T>A	p.?	COSN6310684	1	Unknown
	c.2371+171G>T	p.?	COSN32851970	1	Unknown
	c.2371+1G>A	p.?	COSM5928777	1	Unknown
	c.2371+201G>A	p.?	COSN9498979	1	Unknown
	c.2371+2556C>A	p.?	COSN6310685	1	Unknown
	c.2371+2618T>C	p.?	COSN4919703	1	Unknown
	c.2371+3445T>C	p.?	COSN4857054	1	Unknown
	c.2371+3474_2371+3491del	p.?	COSN19599394	1	Unknown
	c.2371+3665T>A	p.?	COSN7696161	1	Unknown
	c.2371+3726T>C	p.?	COSN14946131	1	Unknown
	c.2371+3864G>C	p.?	COSN32198851	1	Unknown
	c.2371+3878G>A	p.?	COSN6310686	1	Unknown
	c.2371+4185T>G	p.?	COSN15802128	1	Unknown
	c.2371+4591A>T	p.?	COSN18013096	1	Unknown
	c.2371+45C>T	p.?	COSN30645341	1	Unknown
	c.2371+4625del	p.?	COSN22857062	1	Unknown
	c.2371+488C>T	p.?	COSN32898342	1	Unknown
	c.2371+4940A>T	p.?	COSN20630951	1	Unknown
	c.2371+4C>T	p.?	COSM9187178	2	Unknown
	c.2371+5054G>A	p.?	COSN5810712	1	Unknown
	c.2371+5083G>T	p.?	COSN30362924	1	Unknown
	c.2371+5171T>A	p.?	COSN21945585	1	Unknown
	c.2371+5757G>A	p.?	COSN21877446	1	Unknown
	c.2371+5776T>G	p.?	COSN23696046	1	Unknown
	c.2371+57C>T	p.?	COSN7786651	1	Unknown
	c.2371+5G>A	p.?	COSM5469047	1	Unknown
	c.2371+6147C>G	p.?	COSN9498980	1	Unknown
	c.2371+6330C>T	p.?	COSN9498981	1	Unknown
	c.2371+6662C>T	p.?	COSN9498982	1	Unknown
	c.2371+6951G>C	p.?	COSN29158266	1	Unknown
	c.2371+7201T>A	p.?	COSN32405753	1	Unknown
	c.2371+7527T>A	p.?	COSN2523855	1	Unknown
	c.2371+7566A>G	p.?	COSN14756841	1	Unknown
	c.2371+7909A>G	p.?	COSN32323246	1	Unknown
	c.2371+7943A>G	p.?	COSN14741124	1	Unknown
	c.2371+8269G>A	p.?	COSN19611230	1	Unknown
	c.2371+8651G>C	p.?	COSN9498983	1	Unknown
	c.2371+9040T>C	p.?	COSN29178506	1	Unknown
	c.2371+9158_2371+9162dup	p.?	COSN29394222	1	Unknown
	c.2371+9207A>T	p.?	COSN19058728	1	Unknown
	c.2371+931C>T	p.?	COSN22378631	1	Unknown
	c.2371+9355A>G	p.?	COSN14846838	1	Unknown
	c.2371+9382A>T	p.?	COSN16178242	1	Unknown
	c.2372-10099G>A	p.?	COSN14876575	1	Unknown
	c.2372-10310T>G	p.?	COSN2150176	1	Unknown
	c.2372-10648C>A	p.?	COSN14795119	1	Unknown
	c.2372-10688G>T	p.?	COSN32598522	1	Unknown
	c.2372-10809A>G	p.?	COSN14935794	1	Unknown
	c.2372-11123G>T	p.?	COSN29202711	1	Unknown
	c.2372-1212G>C	p.?	COSN26708922	1	Unknown
	c.2372-1802G>A	p.?	COSN22013146	1	Unknown
	c.2372-2196G>A	p.?	COSN14788274	1	Unknown
	c.2372-2221G>A	p.?	COSN16534503	1	Unknown
	c.2372-2396A>G	p.?	COSN16642612	1	Unknown
	c.2372-2725T>G	p.?	COSN15013904	1	Unknown
	c.2372-2850A>G	p.?	COSN21252602	1	Unknown
	c.2372-3066C>A	p.?	COSN4919704	1	Unknown
	c.2372-3169G>A	p.?	COSN30425677	1	Unknown
	c.2372-4211A>G	p.?	COSN5625114	1	Unknown
	c.2372-4220A>G	p.?	COSN2150178	1	Unknown
	c.2372-4320G>A	p.?	COSN9971431	1	Unknown
	c.2372-4428A>G	p.?	COSN19000746	1	Unknown
	c.2372-5245_2372-5235del	p.?	COSN24324294	1	Unknown
	c.2372-5726C>T	p.?	COSN14734903	1	Unknown
	c.2372-579G>T	p.?	COSN7696163	1	Unknown
	c.2372-5881T>C	p.?	COSN24945272	1	Unknown
	c.2372-6650dup	p.?	COSN26304023	1	Unknown
	c.2372-6890G>A	p.?	COSN14685845	1	Unknown
	c.2372-7294T>C	p.?	COSN24973046	1	Unknown
	c.2372-7960G>C	p.?	COSN14798322	1	Unknown
	c.2372-7986G>T	p.?	COSN25026245	1	Unknown
	c.2372-8163G>A	p.?	COSN14755606	1	Unknown
	c.2372-8511A>G	p.?	COSN2150177	1	Unknown
	c.2372-8645T>G	p.?	COSN19474902	1	Unknown
	c.2372-88A>C	p.?	COSN29120221	1	Unknown
	c.2372-9022C>T	p.?	COSN26454630	1	Unknown
	c.2372-9110G>A	p.?	COSN4953742	2	Unknown
	c.2372-9248A>G	p.?	COSN14768945	1	Unknown
	c.2372-931G>A	p.?	COSN16325248	1	Unknown
	c.2372-9624A>G	p.?	COSN16430152	1	Unknown
	c.2372-9777A>C	p.?	COSN20367041	2	Unknown
	c.2372-9779A>C	p.?	COSN20365066	1	Unknown
	c.2372-9877T>C	p.?	COSN9498984	1	Unknown
	c.2551+1061G>A	p.?	COSN15590449	1	Unknown
	c.2551+1692T>A	p.?	COSN14737296	1	Unknown
	c.2551+1802A>G	p.?	COSN33113533	1	Unknown
	c.2551+1896del	p.?	COSN27253728	5	Unknown
	c.2551+1990C>T	p.?	COSN2150179	1	Unknown
	c.2551+1G>A	p.?	COSM6913641	1	Unknown
	c.2551+2500A>G	p.?	COSN4926405	2	Unknown
	c.2551+2726C>G	p.?	COSN23698818	1	Unknown
	c.2551+299G>C	p.?	COSN32198852	1	Unknown
	c.2551+3063C>T	p.?	COSN32591176	1	Unknown
	c.2551+3770_2551+3776del	p.?	COSN22855139	1	Unknown
	c.2551+396G>A	p.?	COSN6589718	1	Unknown
	c.2551+4013G>A	p.?	COSN2150180	1	Unknown
	c.2551+4016G>C	p.?	COSN9971433	1	Unknown
	c.2551+403C>A	p.?	COSN15905248	1	Unknown
	c.2551+4888T>G	p.?	COSN27269559	1	Unknown
	c.2551+4956T>G	p.?	COSN14849321	1	Unknown
	c.2551+5036A>G	p.?	COSN14967667	1	Unknown
	c.2551+5041G>C	p.?	COSN14895039	1	Unknown
	c.2551+5214A>G	p.?	COSN29274767	1	Unknown
	c.2551+5286C>A	p.?	COSN157043	1	Unknown
	c.2551+52T>C	p.?	COSN32713367	1	Unknown
	c.2551+6041C>T	p.?	COSN6310689	2	Unknown
	c.2551+6177G>A	p.?	COSN24107995	1	Unknown
	c.2551+6305G>T	p.?	COSN9971434	1	Unknown
	c.2551+6481_2551+6482del	p.?	COSN23352595	1	Unknown
	c.2551+6481_2551+6482dup	p.?	COSN28027793	1	Unknown
	c.2551+6568T>G	p.?	COSN33264647	1	Unknown
	c.2551+6609G>C	p.?	COSN15572180	1	Unknown
	c.2551+6913A>G	p.?	COSN18950733	2	Unknown
	c.2551+7038G>T	p.?	COSN2150181	1	Unknown
	c.2551+7383C>A	p.?	COSN15025871	1	Unknown
	c.2551+7626A>G	p.?	COSN6310690	1	Unknown
	c.2552-1270dup	p.?	COSN2530961	1	Unknown
	c.2552-1403T>G	p.?	COSN23952177	1	Unknown
	c.2552-1903G>A	p.?	COSN26739944	1	Unknown
	c.2552-1961_2552-1960del	p.?	COSN22840082	3	Unknown
	c.2552-2001_2552-2000del	p.?	COSN29535258	1	Unknown
	c.2552-2116A>C	p.?	COSN22129446	1	Unknown
	c.2552-2296G>C	p.?	COSN22594894	1	Unknown
	c.2552-2442C>G	p.?	COSN33138676	2	Unknown
	c.2552-2598T>C	p.?	COSN16209546	1	Unknown
	c.2552-2900_2552-2899del	p.?	COSN22868971	1	Unknown
	c.2552-2A>G	p.?	COSM6604578	1	Unknown
	c.2552-3066A>T	p.?	COSN2464278	1	Unknown
	c.2552-3160G>A	p.?	COSN4953744	2	Unknown
	c.2552-3766G>T	p.?	COSN25943324	1	Unknown
	c.2552-3927G>T	p.?	COSN19302011	1	Unknown
	c.2552-3975G>A	p.?	COSN21673684	1	Unknown
	c.2552-4049C>T	p.?	COSN4857055	1	Unknown
	c.2552-4261A>C	p.?	COSN26199553	1	Unknown
	c.2552-4705G>C	p.?	COSN15064588	1	Unknown
	c.2552-5057C>T	p.?	COSN33637284	1	Unknown
	c.2552-5095G>T	p.?	COSN15060616	1	Unknown
	c.2552-5433T>C	p.?	COSN14775759	1	Unknown
	c.2552-543C>T	p.?	COSN26590582	1	Unknown
	c.2552-6050C>T	p.?	COSN14695716	1	Unknown
	c.2552-6148A>T	p.?	COSN9498985	1	Unknown
	c.2552-6709G>A	p.?	COSN33295959	1	Unknown
	c.2552-7103A>G	p.?	COSN7696164	1	Unknown
	c.2552-7183T>C	p.?	COSN7786653	2	Unknown
	c.2552-7394G>A	p.?	COSN21539832	1	Unknown
	c.2552-7405G>A	p.?	COSN5861778	1	Unknown
	c.2552-7443G>A	p.?	COSN8399413	1	Unknown
	c.2552-7668G>T	p.?	COSN9971435	1	Unknown
	c.2552-829T>C	p.?	COSN19722337	1	Unknown
	c.2879+1394C>G	p.?	COSN9498986	2	Unknown
	c.2879+1400A>G	p.?	COSN5625115	1	Unknown
	c.2879+1411C>T	p.?	COSN32898347	1	Unknown
	c.2879+1413G>T	p.?	COSN15245984	1	Unknown
	c.2879+1498A>G	p.?	COSN2150182	1	Unknown
	c.2879+1690T>A	p.?	COSN5085142	1	Unknown
	c.2879+1691A>T	p.?	COSN5085143	1	Unknown
	c.2879+19C>T	p.?	COSN14204302	2	Unknown
	c.2879+2085C>T	p.?	COSN32898348	1	Unknown
	c.2879+2124C>T	p.?	COSN32898349	1	Unknown
	c.2879+2147C>T	p.?	COSN32898350	1	Unknown
	c.2879+2225G>T	p.?	COSN26363347	1	Unknown
	c.2879+2328G>A	p.?	COSN28834946	1	Unknown
	c.2879+2574G>A	p.?	COSN16823311	1	Unknown
	c.2879+306G>A	p.?	COSN32898345	1	Unknown
	c.2879+317A>G	p.?	COSN9971436	1	Unknown
	c.2879+31G>A	p.?	COSN32052907	1	Unknown
	c.2879+3433A>G	p.?	COSN32562372	1	Unknown
	c.2879+3475G>A	p.?	COSN32898351	1	Unknown
	c.2879+360A>G	p.?	COSN32898346	1	Unknown
	c.2879+365T>C	p.?	COSN1327638	1	Unknown
	c.2879+4021G>C	p.?	COSN25834847	1	Unknown
	c.2879+418C>T	p.?	COSN19305085	1	Unknown
	c.2879+4362A>G	p.?	COSN15911811	1	Unknown
	c.2879+4527G>T	p.?	COSN6589719	1	Unknown
	c.2879+4603C>T	p.?	COSN30416133	1	Unknown
	c.2879+4753T>C	p.?	COSN25394070	1	Unknown
	c.2879+49C>T	p.?	COSN26441195	1	Unknown
	c.2879+5025T>G	p.?	COSN9971437	1	Unknown
	c.2879+50G>A	p.?	COSN32898343	1	Unknown
	c.2879+5274C>T	p.?	COSN7786654	1	Unknown
	c.2879+5627_2879+5628dup	p.?	COSN29004366	1	Unknown
	c.2879+5629G>T	p.?	COSN20367440	1	Unknown
	c.2879+5644_2879+5645insG	p.?	COSN26358789	1	Unknown
	c.2879+58G>A	p.?	COSN32898344	1	Unknown
	c.2879+6261G>A	p.?	COSN20238944	1	Unknown
	c.2879+6541del	p.?	COSN27213170	4	Unknown
	c.2879+6541dup	p.?	COSN27588027	1	Unknown
	c.2879+6870G>A	p.?	COSN32198853	1	Unknown
	c.2879+7096G>A	p.?	COSN17760512	1	Unknown
	c.2879+7367T>A	p.?	COSN30360869	1	Unknown
	c.2879+7769C>G	p.?	COSN9498987	1	Unknown
	c.2879+7850G>A	p.?	COSN31619042	1	Unknown
	c.2879+7893G>A	p.?	COSN17464601	1	Unknown
	c.2879+7_2879+36del	p.?	COSM9178256	1	Unknown
	c.2879+8152C>T	p.?	COSN15024536	1	Unknown
	c.2879+8239C>T	p.?	COSN20406682	1	Unknown
	c.2879+8278C>A	p.?	COSN27109744	1	Unknown
	c.2879+8330C>A	p.?	COSN1327639	1	Unknown
	c.2879+8526_2879+8543del	p.?	COSN22850860	1	Unknown
	c.2879+8783C>A	p.?	COSN21762377	1	Unknown
	c.2879+8789A>C	p.?	COSN9498988	1	Unknown
	c.2879+898G>A	p.?	COSN17379479	1	Unknown
	c.2880-106A>G	p.?	COSN28185701	1	Unknown
	c.2880-1234C>T	p.?	COSN21520344	1	Unknown
	c.2880-1248G>A	p.?	COSN2150184	1	Unknown
	c.2880-1333A>G	p.?	COSN5625118	1	Unknown
	c.2880-13_2880-11dup	p.?	COSN32853555	1	Unknown
	c.2880-1434C>T	p.?	COSN43344	1	Unknown
	c.2880-1485A>T	p.?	COSN17446884	2	Unknown
	c.2880-15T>A	p.?	COSN30607508	1	Unknown
	c.2880-1903A>G	p.?	COSN6310692	1	Unknown
	c.2880-2084G>T	p.?	COSN27893764	1	Unknown
	c.2880-2248G>A	p.?	COSN4926406	2	Unknown
	c.2880-2688G>C	p.?	COSN32198854	1	Unknown
	c.2880-2A>G	p.?	COSM3859969	1	Unknown
	c.2880-3231T>C	p.?	COSN14901907	1	Unknown
	c.2880-3519T>C	p.?	COSN16210078	1	Unknown
	c.2880-3583A>G	p.?	COSN5625117	1	Unknown
	c.2880-3941C>A	p.?	COSN36460	1	Unknown
	c.2880-4143A>G	p.?	COSN15713937	1	Unknown
	c.2880-4208G>A	p.?	COSN4857056	1	Unknown
	c.2880-4441G>A	p.?	COSN25884457	1	Unknown
	c.2880-4684T>C	p.?	COSN32562373	1	Unknown
	c.2880-475T>G	p.?	COSN25776246	1	Unknown
	c.2880-5166T>G	p.?	COSN8351789	2	Unknown
	c.2880-5175G>A	p.?	COSN24140605	1	Unknown
	c.2880-5954A>G	p.?	COSN27907197	1	Unknown
	c.2880-6105C>G	p.?	COSN19478405	1	Unknown
	c.2880-6229C>T	p.?	COSN17961030	1	Unknown
	c.2880-6289G>A	p.?	COSN8795026	1	Unknown
	c.2880-6377C>G	p.?	COSN17960324	1	Unknown
	c.2880-654G>T	p.?	COSN29967548	1	Unknown
	c.2880-696G>A	p.?	COSN28309972	1	Unknown
	c.2880-7289G>C	p.?	COSN16542580	1	Unknown
	c.2880-7458_2880-7457del	p.?	COSN28100878	1	Unknown
	c.2880-7618G>A	p.?	COSN9971438	1	Unknown
	c.2880-8860T>G	p.?	COSN18002477	1	Unknown
	c.2880-932T>C	p.?	COSN6310693	1	Unknown
	c.2880-978T>G	p.?	COSN9498989	2	Unknown
	c.2923_3025+766del	p.?	COSM9863128	1	Unknown
	c.3025+1293G>T	p.?	COSN21172574	1	Unknown
	c.3025+15T>G	p.?	COSN9971439	1	Unknown
	c.3025+1619del	p.?	COSN24850167	1	Unknown
	c.3025+208A>G	p.?	COSN26317931	1	Unknown
	c.3025+2178A>G	p.?	COSN20235689	1	Unknown
	c.3025+2215T>C	p.?	COSN7696165	1	Unknown
	c.3025+2556A>C	p.?	COSN20382833	1	Unknown
	c.3025+2697C>T	p.?	COSN27674874	1	Unknown
	c.3025+2814C>T	p.?	COSN17096207	1	Unknown
	c.3025+3105dup	p.?	COSN27896930	1	Unknown
	c.3025+39_3025+40del	p.?	COSN26966733	2	Unknown
	c.3025+580G>C	p.?	COSN32198855	1	Unknown
	c.3025+631G>C	p.?	COSN32198856	1	Unknown
	c.3025+6C>T	p.?	COSM9213266	5	Unknown
	c.3025+904T>A	p.?	COSN14878914	1	Unknown
	c.3026-1191C>T	p.?	COSN23984016	1	Unknown
	c.3026-1192del	p.?	COSN27229855	2	Unknown
	c.3026-1289C>T	p.?	COSN9498991	1	Unknown
	c.3026-1395G>T	p.?	COSN15026507	1	Unknown
	c.3026-1560G>A	p.?	COSN32198857	1	Unknown
	c.3026-1605T>A	p.?	COSN27275918	1	Unknown
	c.3026-202del	p.?	COSN27886493	5	Unknown
	c.3026-3411G>A	p.?	COSN25127557	1	Unknown
	c.3026-754T>A	p.?	COSN9971440	1	Unknown
	c.3026-915G>A	p.?	COSN32198858	1	Unknown
	c.3135+1079A>G	p.?	COSN32678938	1	Unknown
	c.3135+135G>C	p.?	COSN1327640	1	Unknown
	c.3135+1808T>C	p.?	COSN9971441	1	Unknown
	c.3135+1832C>T	p.?	COSN7786655	1	Unknown
	c.3135+18G>T	p.?	COSN26639989	1	Unknown
	c.3135+1G>A	p.?	COSM4763093	1	Unknown
	c.3135+1G>T	p.?	COSM9113210	1	Unknown
	c.3135+2118G>A	p.?	COSN19382630	1	Unknown
	c.3135+2520G>T	p.?	COSN6310695	1	Unknown
	c.3135+2666T>G	p.?	COSN29118570	1	Unknown
	c.3135+2729_3135+2730insGA	p.?	COSN31840610	1	Unknown
	c.3135+2780G>A	p.?	COSN21576950	1	Unknown
	c.3135+2946A>T	p.?	COSN30197493	1	Unknown
	c.3135+2T>C	p.?	COSM6948557	1	Unknown
	c.3135+365A>G	p.?	COSN16446745	1	Unknown
	c.3135+492G>T	p.?	COSN32956958	1	Unknown
	c.3135+622_3135+623dup	p.?	COSN17136080	2	Unknown
	c.3135+624A>T	p.?	COSN9498992	1	Unknown
	c.3135+650A>T	p.?	COSN22456679	1	Unknown
	c.3135+712T>A	p.?	COSN1327641	2	Unknown
	c.3135+714del	p.?	COSN27370471	7	Unknown
	c.3135+715A>T	p.?	COSN25920807	1	Unknown
	c.3135+740G>A	p.?	COSM7343585	2	Unknown
	c.3135+751A>G	p.?	COSM5950915	1	Unknown
	c.3135+755C>A	p.?	COSM10800718	1	Unknown
	c.3135+761C>T	p.?	COSM1742522	1	Unknown
	c.3135+767C>T	p.?	COSM10875761	1	Unknown
	c.3135+768C>T	p.?	COSM10524679	1	Unknown
	c.3135+769C>T	p.?	COSM10524680	2	Unknown
	c.3135+771A>T	p.?	COSM6470898	4	Unknown
	c.3135+772G>C	p.?	COSM6470899	4	Unknown
	c.3135+786C>T	p.?	COSM4445381	1	Unknown
	c.3135+795A>G	p.?	COSM6604575	1	Unknown
	c.3135+7C>T	p.?	COSM9807802	1	Unknown
	c.3135+800C>T	p.?	COSM7596441	1	Unknown
	c.3135+859C>T	p.?	COSM5596290	1	Unknown
	c.3135+875C>T	p.?	COSM7252935	1	Unknown
	c.3135+887C>T	p.?	COSM8089984	1	Unknown
	c.3135+8C>G	p.?	COSM9969111	1	Unknown
	c.3135+911del	p.?	COSN28868616	6	Unknown
	c.3135+911dup	p.?	COSN18746220	1	Unknown
	c.3135+912G>T	p.?	COSN32879795	1	Unknown
	c.3135+935dup	p.?	COSN28837179	1	Unknown
	c.3135+945del	p.?	COSN30575409	1	Unknown
	c.3136-1025T>A	p.?	COSN1327642	1	Unknown
	c.3136-104C>G	p.?	COSN2150188	2	Unknown
	c.3136-1324T>A	p.?	COSN33058540	1	Unknown
	c.3136-1366del	p.?	COSN28030407	1	Unknown
	c.3136-1670C>A	p.?	COSN6310696	1	Unknown
	c.3136-2503G>A	p.?	COSN24225485	1	Unknown
	c.3136-2530C>T	p.?	COSN32454236	1	Unknown
	c.3136-2686del	p.?	COSN2150186	1	Unknown
	c.3136-2885G>C	p.?	COSN32198859	1	Unknown
	c.3136-399G>A	p.?	COSN2150187	1	Unknown
	c.3136-49C>T	p.?	COSN32712485	1	Unknown
	c.3136-55C>T	p.?	COSN2150189	1	Unknown
	c.3136-579dup	p.?	COSN32639962	1	Unknown
	c.3136-588C>A	p.?	COSN24731307	1	Unknown
	c.3136-665G>A	p.?	COSN17088945	1	Unknown
	c.3136-755C>T	p.?	COSN21355647	1	Unknown
	c.3136-860A>G	p.?	COSN5085145	1	Unknown
	c.3345+11G>A	p.?	COSN32069034	2	Unknown
	c.3345+1279G>T	p.?	COSN26039773	1	Unknown
	c.3345+176T>C	p.?	COSN7696166	2	Unknown
	c.3345+1G>A	p.?	COSM5702543	1	Unknown
	c.3345+631C>A	p.?	COSN9498993	1	Unknown
	c.3345+91del	p.?	COSN18730770	2	Unknown
	c.3346-1405del	p.?	COSN32771587	1	Unknown
	c.3346-1429G>A	p.?	COSN21868949	1	Unknown
	c.3346-1G>A	p.?	COSM7343587	1	Unknown
	c.3346-1G>T	p.?	COSM9359213	1	Unknown
	c.3346-29A>G	p.?	COSN28858265	1	Unknown
	c.3346-338A>G	p.?	COSN24904997	1	Unknown
	c.3346-84A>G	p.?	COSN19772072	1	Unknown
	c.3550+1043A>G	p.?	COSN195746	2	Unknown
	c.3550+1050C>T	p.?	COSN32898356	1	Unknown
	c.3550+1092C>T	p.?	COSN32898357	1	Unknown
	c.3550+121del	p.?	COSN30553599	1	Unknown
	c.3550+1395G>A	p.?	COSN21317938	1	Unknown
	c.3550+1764G>A	p.?	COSN32803813	1	Unknown
	c.3550+1796C>T	p.?	COSN32898358	1	Unknown
	c.3550+1822C>T	p.?	COSN32898359	1	Unknown
	c.3550+1900C>G	p.?	COSN30743159	1	Unknown
	c.3550+1930G>A	p.?	COSN32285855	1	Unknown
	c.3550+1931G>T	p.?	COSN32285853	1	Unknown
	c.3550+1935C>T	p.?	COSN17142144	4	Unknown
	c.3550+1939G>T	p.?	COSN32710711	1	Unknown
	c.3550+1974C>T	p.?	COSN32285737	1	Unknown
	c.3550+1G>C	p.?	COSM10886548	1	Unknown
	c.3550+2016G>T	p.?	COSN26569055	1	Unknown
	c.3550+2036G>A	p.?	COSN32711432	1	Unknown
	c.3550+2039C>T	p.?	COSN32898360	1	Unknown
	c.3550+2058G>A	p.?	COSN5625121	1	Unknown
	c.3550+2074C>T	p.?	COSN17151427	1	Unknown
	c.3550+2079C>T	p.?	COSN32898361	1	Unknown
	c.3550+2101G>A	p.?	COSN31768344	1	Unknown
	c.3550+2109C>T	p.?	COSN32898362	1	Unknown
	c.3550+2114C>T	p.?	COSN32898363	1	Unknown
	c.3550+2115C>T	p.?	COSN32735464	1	Unknown
	c.3550+2129G>C	p.?	COSN17147100	3	Unknown
	c.3550+2191C>T	p.?	COSN32898364	1	Unknown
	c.3550+2303C>T	p.?	COSN17071376	1	Unknown
	c.3550+29C>T	p.?	COSN29882604	1	Unknown
	c.3550+35A>C	p.?	COSN32075223	2	Unknown
	c.3550+50C>T	p.?	COSN26750776	1	Unknown
	c.3550+691A>T	p.?	COSN32898352	1	Unknown
	c.3550+692C>T	p.?	COSN32898353	1	Unknown
	c.3550+709A>G	p.?	COSN2150190	1	Unknown
	c.3550+724C>T	p.?	COSN32898354	1	Unknown
	c.3550+76C>A	p.?	COSN9498994	1	Unknown
	c.3550+813A>C	p.?	COSN7696167	1	Unknown
	c.3550+872C>T	p.?	COSN32898355	1	Unknown
	c.3550+991C>A	p.?	COSN20954607	1	Unknown
	c.3551-1008G>A	p.?	COSN29098971	1	Unknown
	c.3551-1487C>A	p.?	COSN33637285	1	Unknown
	c.3551-1494C>T	p.?	COSN27127036	1	Unknown
	c.3551-164C>T	p.?	COSN32821558	2	Unknown
	c.3551-17G>A	p.?	COSN32898365	1	Unknown
	c.3551-1836del	p.?	COSN27579627	1	Unknown
	c.3551-1836dup	p.?	COSN28991251	1	Unknown
	c.3551-1912G>A	p.?	COSN17370803	1	Unknown
	c.3551-2070A>G	p.?	COSN20756169	1	Unknown
	c.3551-2476A>G	p.?	COSN9971442	1	Unknown
	c.3551-3C>T	p.?	COSM8426259	2	Unknown
	c.3551-758C>G	p.?	COSN22370688	1	Unknown
	c.3689+124C>T	p.?	COSN26441532	1	Unknown
	c.3689+99G>A	p.?	COSN23852381	1	Unknown
	c.3690-15T>C	p.?	COSN32281061	1	Unknown
	c.3690-1G>A	p.?	COSM7343543	1	Unknown
	c.3690-35G>T	p.?	COSN29823852	1	Unknown
	c.3725_3862+378del	p.?	COSM6970756	1	Unknown
	c.3862+1079G>A	p.?	COSN32707108	1	Unknown
	c.3862+13G>A	p.?	COSN28189524	1	Unknown
	c.3862+2048dup	p.?	COSN29621755	1	Unknown
	c.3862+2194G>C	p.?	COSN7696169	1	Unknown
	c.3862+23C>T	p.?	COSN17175030	1	Unknown
	c.3862+245G>A	p.?	COSN14914293	1	Unknown
	c.3862+25G>A	p.?	COSN17354970	1	Unknown
	c.3862+2617C>G	p.?	COSN32516049	1	Unknown
	c.3862+34C>T	p.?	COSN32712659	1	Unknown
	c.3862+35C>T	p.?	COSN32712660	1	Unknown
	c.3862+366G>T	p.?	COSN4953745	1	Unknown
	c.3862+419T>C	p.?	COSN25619709	1	Unknown
	c.3862+56C>T	p.?	COSN32714245	1	Unknown
	c.3862+651G>T	p.?	COSN21591098	2	Unknown
	c.3862+690C>T	p.?	COSN15059661	1	Unknown
	c.3862+6T>A	p.?	COSM9806500	1	Unknown
	c.3862+733A>G	p.?	COSN23440605	1	Unknown
	c.3862+937A>G	p.?	COSN15756202	1	Unknown
	c.3863-1165T>G	p.?	COSN9971444	1	Unknown
	c.3863-1281T>C	p.?	COSN14732446	1	Unknown
	c.3863-1290C>A	p.?	COSN9971443	1	Unknown
	c.3863-1832A>G	p.?	COSN22641166	1	Unknown
	c.3863-1899A>G	p.?	COSN15357665	1	Unknown
	c.3863-1G>T	p.?	COSM6565174	1	Unknown
	c.3863-2621G>A	p.?	COSN17558366	1	Unknown
	c.3863-2793del	p.?	COSN22850342	1	Unknown
	c.3863-2915_3863-2914del	p.?	COSN26207510	1	Unknown
	c.3863-587A>C	p.?	COSN7696170	1	Unknown
	c.3863-723A>G	p.?	COSN6310697	1	Unknown
	c.3863-960C>A	p.?	COSN4953746	1	Unknown
	c.4013+1138G>T	p.?	COSN16757724	1	Unknown
	c.4013+13del	p.?	COSM6604563	1	Unknown
	c.4013+279G>A	p.?	COSN24432658	1	Unknown
	c.4013+4A>G	p.?	COSM1236668	1	Unknown
	c.4013+684A>G	p.?	COSN22377629	1	Unknown
	c.4014-1089G>T	p.?	COSN20449493	1	Unknown
	c.4014-287T>G	p.?	COSN25836177	1	Unknown
	c.4014-37T>C	p.?	COSN21496681	1	Unknown
	c.4014-465C>G	p.?	COSN26791448	1	Unknown
	c.4014-7A>G	p.?	COSM5019599	23	Unknown
	c.4110+15G>A	p.?	COSN30763417	1	Unknown
	c.4110+238G>T	p.?	COSN24588441	1	Unknown
	c.4110+315C>G	p.?	COSN21847337	1	Unknown
	c.4110+3G>A	p.?	COSM10026209	1	Unknown
	c.4110+4A>G	p.?	COSM8562858	1	Unknown
	c.4110+558G>A	p.?	COSN32397777	1	Unknown
	c.4110+729T>C	p.?	COSN25867517	1	Unknown
	c.4110+78C>T	p.?	COSN32712588	1	Unknown
	c.4110+806G>A	p.?	COSN14773880	1	Unknown
	c.4110+809T>A	p.?	COSN6310698	1	Unknown
	c.4111-391G>T	p.?	COSN30000162	1	Unknown
	c.4111-4C>T	p.?	COSM9806523	1	Unknown
	c.4111-52G>C	p.?	COSN28773717	1	Unknown
	c.4111-818G>T	p.?	COSN7786656	1	Unknown
	c.4894+1162_4894+1163insAC	p.?	COSN22867014	1	Unknown
	c.4894+1179_4894+1180del	p.?	COSN23226511	2	Unknown
	c.4894+126A>G	p.?	COSN21394903	1	Unknown
	c.4894+1G>T	p.?	COSM8680462	1	Unknown
	c.4894+268C>G	p.?	COSN4919705	1	Unknown
	c.4894+43C>G	p.?	COSN22643679	1	Unknown
	c.4894+801C>G	p.?	COSN16675676	1	Unknown
	c.4894+834G>C	p.?	COSN9971445	1	Unknown
	c.4894+865A>G	p.?	COSN9498996	1	Unknown
	c.4895-1130T>G	p.?	COSN28405942	1	Unknown
	c.4895-24A>G	p.?	COSN1327643	2	Unknown
	c.4895-287C>T	p.?	COSN16409660	1	Unknown
	c.4895-412G>A	p.?	COSN22178652	1	Unknown
	c.4895-413C>T	p.?	COSN23727155	1	Unknown
	c.4895-426C>T	p.?	COSN32591177	1	Unknown
	c.4895-426del	p.?	COSN22902937	1	Unknown
	c.4895-66G>C	p.?	COSN20213997	1	Unknown
	c.4895-6C>T	p.?	COSM5902762	1	Unknown
	c.4895-78del	p.?	COSN26966734	1	Unknown
	c.4895-836A>C	p.?	COSN29410045	1	Unknown
	c.4895-93A>G	p.?	COSN19666745	1	Unknown
	c.4895-998C>A	p.?	COSN2150191	1	Unknown
	c.5025+1G>C	p.?	COSM9990572	1	Unknown
	c.5025+222A>T	p.?	COSN32479693	1	Unknown
	c.5025+319T>A	p.?	COSN23279881	1	Unknown
	c.5025+380G>A	p.?	COSN23261590	1	Unknown
	c.5025+40G>A	p.?	COSN30708576	1	Unknown
	c.5025+480A>T	p.?	COSN24562933	1	Unknown
	c.5025+52G>C	p.?	COSN5273047	1	Unknown
	c.5025+851T>C	p.?	COSN32366388	1	Unknown
	c.5025+956A>G	p.?	COSN23450594	1	Unknown
	c.5026-1031C>T	p.?	COSN21355648	1	Unknown
	c.5026-1070T>G	p.?	COSN28078747	1	Unknown
	c.5026-243T>G	p.?	COSN28015778	3	Unknown
	c.5026-4C>T	p.?	COSM10524697	1	Unknown
	c.5026-761G>A	p.?	COSN17278011	1	Unknown
	c.5026-8_5026-6del	p.?	COSN20121252	1	Unknown
	c.5026-939C>G	p.?	COSN22391488	1	Unknown
	c.5026-970C>T	p.?	COSN17840618	1	Unknown
	c.*105C>A	p.?	COSN31608907	1	Unknown
	c.*1117A>G	p.?	COSN31547858	1	Unknown
	c.*112C>T	p.?	COSN30451876	1	Unknown
	c.*11A>G	p.?	COSN30543826	1	Unknown
	c.*1202G>T	p.?	COSN27008002	1	Unknown
	c.*1228A>G	p.?	COSN31489527	1	Unknown
	c.*1248A>G	p.?	COSN7696171	1	Unknown
	c.*1251del	p.?	COSN27306997	6	Unknown
	c.*1251dup	p.?	COSN28967949	1	Unknown
	c.*1280T>A	p.?	COSN32898369	1	Unknown
	c.*1329T>C	p.?	COSN31520978	1	Unknown
	c.*1342G>C	p.?	COSN31480641	1	Unknown
	c.*1558A>C	p.?	COSN22503647	1	Unknown
	c.*158T>G	p.?	COSN31609188	1	Unknown
	c.*194G>C	p.?	COSN19658962	1	Unknown
	c.*1967C>A	p.?	COSN25278483	1	Unknown
	c.*200A>G	p.?	COSN26642972	1	Unknown
	c.*206A>G	p.?	COSN31530079	1	Unknown
	c.*210C>T	p.?	COSN19661698	1	Unknown
	c.*227_*230del	p.?	COSN22788882	1	Unknown
	c.*228del	p.?	COSN28836058	1	Unknown
	c.*2536C>T	p.?	COSN32898370	1	Unknown
	c.*2564G>A	p.?	COSN20907773	2	Unknown
	c.*2618C>T	p.?	COSN32898371	1	Unknown
	c.*2752G>A	p.?	COSN26179646	1	Unknown
	c.*2773C>T	p.?	COSN25541170	1	Unknown
	c.*288C>T	p.?	COSN31549924	1	Unknown
	c.*295T>G	p.?	COSN31607201	1	Unknown
	c.*305C>T	p.?	COSN32898366	1	Unknown
	c.*30G>T	p.?	COSN30157380	1	Unknown
	c.*334G>T	p.?	COSN20835042	1	Unknown
	c.*425C>T	p.?	COSN32898367	1	Unknown
	c.*426C>A	p.?	COSN31555096	1	Unknown
	c.*536A>G	p.?	COSN31556511	1	Unknown
	c.*5A>C	p.?	COSN30468914	1	Unknown
	c.*655C>T	p.?	COSN32898368	1	Unknown
	c.*685G>T	p.?	COSN26552733	1	Unknown
	c.*687C>A	p.?	COSN31543012	1	Unknown
	c.*760A>G	p.?	COSN31545070	1	Unknown
	c.*819C>T	p.?	COSN32064977	1	Unknown
	c.*86G>T	p.?	COSN26966731	2	Unknown
	c.*87G>A	p.?	COSN33325460	2	Unknown
	c.*93G>T	p.?	COSN31579952	1	Unknown
	c.*99G>A	p.?	COSN32053573	1	Unknown
