Position	CDS Mutation	AA Mutation	Legacy Mutation ID	Count	Type
4	c.10G>A	p.E4K	COSM6959184	3	Substitution - Missense
10	c.29T>C	p.V10A	COSM8868914	1	Substitution - Missense
12	c.35A>G	p.N12S	COSM2087471	1	Substitution - Missense
15	c.42del	p.E15Rfs*83	COSM9862819	1	Deletion - Frameshift
15	c.45G>T	p.E15D	COSM6915474	1	Substitution - Missense
18	c.53G>A	p.R18Q	COSM6788658	1	Substitution - Missense
19	c.55G>A	p.E19K	COSM6953253	1	Substitution - Missense
22	c.66C>G	p.I22M	COSM1266615	1	Substitution - Missense
23	c.69C>T	p.I23=	COSM7707040	1	Substitution - coding silent
24	c.71A>G	p.E24G	COSM9812348	1	Substitution - Missense
26	c.78C>T	p.F26=	COSM4508881	2	Substitution - coding silent
27	c.80A>G	p.K27R	COSM10465953	1	Substitution - Missense
31	c.92G>A	p.R31H	COSM6987010	1	Substitution - Missense
31	c.93C>T	p.R31=	COSM4729536	2	Substitution - coding silent
32	c.94G>A	p.V32M	COSM1240302	3	Substitution - Missense
32	c.94G>T	p.V32L	COSM5676987	1	Substitution - Missense
33	c.97G>A	p.E33K	COSM9809519	2	Substitution - Missense
38	c.112C>T	p.L38F	COSM9360935	1	Substitution - Missense
39	c.115C>T	p.P39S	COSM3863350	4	Substitution - Missense
39	c.116C>T	p.P39L	COSM6947654	3	Substitution - Missense
41	c.122G>T	p.R41M	COSM7519908	1	Substitution - Missense
41	c.123G>T	p.R41S	COSM6919499	1	Substitution - Missense
43	c.127T>C	p.S43P	COSM3700521	1	Substitution - Missense
45	c.134G>A	p.G45E	COSM10661417	1	Substitution - Missense
45	c.134_135delinsTT	p.G45V	COSM6975254	1	Substitution - Missense
46	c.136G>T	p.G46*	COSM9259171	1	Substitution - Nonsense
48	c.142G>A	p.A48T	COSM40645	1	Substitution - Missense
48	c.144T>C	p.A48=	COSM1335738	1	Substitution - coding silent
51	c.153G>A	p.V51=	COSM9680608	1	Substitution - coding silent
57	c.169A>G	p.K57E	COSM6487363	1	Substitution - Missense
58	c.173G>C	p.S58T	COSM898648	1	Substitution - Missense
59	c.175G>A	p.A59T	COSM6926418	1	Substitution - Missense
62	c.184G>T	p.A62S	COSM6265507	1	Substitution - Missense
63	c.187C>T	p.H63Y	COSM1687049	1	Substitution - Missense
65	c.194C>A	p.S65*	COSM5714091	1	Substitution - Nonsense
65	c.195G>A	p.S65=	COSM2087578	1	Substitution - coding silent
66	c.196G>A	p.V66I	COSM1687050	1	Substitution - Missense
66	c.197T>C	p.V66A	COSM10636551	1	Substitution - Missense
71	c.213C>T	p.D71=	COSM5511461	1	Substitution - coding silent
72	c.215G>C	p.R72T	COSM3399930	1	Substitution - Missense
73	c.217_218del	p.D73Pfs*6	COSM424387	1	Deletion - Frameshift
75	c.223C>T	p.R75C	COSM6841176	1	Substitution - Missense
76	c.228G>A	p.T76=	COSM1335739	2	Substitution - coding silent
77	c.229G>A	p.D77N	COSM6788668	1	Substitution - Missense
83	c.248C>T	p.T83I	COSM10513369	1	Substitution - Missense
85	c.254C>T	p.P85L	COSM4024482	2	Substitution - Missense
89	c.267G>A	p.R89=	COSM9700540	1	Substitution - coding silent
89	c.267G>T	p.R89=	COSM3976423	4	Substitution - coding silent
90	c.268G>A	p.G90R	COSM6977848	1	Substitution - Missense
94	c.282A>C	p.T94=	COSM5477731	1	Substitution - coding silent
97	c.289A>G	p.I97V	COSM8405494	1	Substitution - Missense
99	c.296C>A	p.S99Y	COSM8710672	1	Substitution - Missense
100	c.298C>T	p.R100C	COSM7105856	2	Substitution - Missense
102	c.304A>T	p.R102*	COSM10647790	1	Substitution - Nonsense
103	c.309G>T	p.E103D	COSM10661418	1	Substitution - Missense
106	c.317G>T	p.G106V	COSM8239514	2	Substitution - Missense
108	c.323G>A	p.R108K	COSM3477366	1	Substitution - Missense
109	c.326G>T	p.G109V	COSM6970782	1	Substitution - Missense
110	c.329G>A	p.G110D	COSM5844288	1	Substitution - Missense
117	c.349G>A	p.G117S	COSM10199115	1	Substitution - Missense
117	c.350G>A	p.G117D	COSM10004491	1	Substitution - Missense
117	c.351T>C	p.G117=	COSM2087582	1	Substitution - coding silent
118	c.352C>T	p.P118S	COSM6198381	1	Substitution - Missense
118	c.354C>T	p.P118=	COSM9747833	1	Substitution - coding silent
120	c.358C>T	p.P120S	COSM9209139	4	Substitution - Missense
120	c.359C>A	p.P120Q	COSM10806097	1	Substitution - Missense
120	c.359C>G	p.P120R	COSM6459538	1	Substitution - Missense
120	c.359C>T	p.P120L	COSM4729537	2	Substitution - Missense
120	c.360G>A	p.P120=	COSM2087583	2	Substitution - coding silent
125	c.373C>T	p.R125*	COSM463288	2	Substitution - Nonsense
125	c.374G>A	p.R125Q	COSM9369715	1	Substitution - Missense
125	c.374G>T	p.R125L	COSM1194875	3	Substitution - Missense
126	c.376G>A	p.E126K	COSM5844289	2	Substitution - Missense
128	c.382C>T	p.R128C	COSM7717720	2	Substitution - Missense
128	c.383G>A	p.R128H	COSM1295376	5	Substitution - Missense
131	c.392G>A	p.R131Q	COSM9136585	1	Substitution - Missense
133	c.399T>C	p.L133=	COSM2087585	1	Substitution - coding silent
134	c.400G>A	p.D134N	COSM4576503	1	Substitution - Missense
138	c.412G>A	p.D138N	COSM7163958	1	Substitution - Missense
142	c.424C>A	p.R142S	COSM9691830	1	Substitution - Missense
142	c.424C>T	p.R142C	COSM4024483	1	Substitution - Missense
142	c.425G>A	p.R142H	COSM4968935	1	Substitution - Missense
154	c.460C>T	p.R154W	COSM8614639	1	Substitution - Missense
154	c.462G>A	p.R154=	COSM6908313	1	Substitution - coding silent
156	c.465dup	p.T156Dfs*5	COSM2087593	1	Insertion - Frameshift
156	c.468G>A	p.T156=	COSM5052748	2	Substitution - coding silent
156	c.?	p.T156X*5	COSM7335718	1	Frameshift
157	c.471A>T	p.G157=	COSM8613942	1	Substitution - coding silent
158	c.473G>C	p.G158A	COSM2087595	3	Substitution - Missense
161	c.481C>T	p.R161W	COSM8475475	1	Substitution - Missense
161	c.482G>A	p.R161Q	COSM181742	3	Substitution - Missense
162	c.485C>G	p.T162R	COSM376482	1	Substitution - Missense
163	c.488G>C	p.R163T	COSM6980096	1	Substitution - Missense
164	c.491A>T	p.H164L	COSM10176381	1	Substitution - Missense
164	c.492T>C	p.H164=	COSM238230	1	Substitution - coding silent
165	c.495C>T	p.Y165=	COSM898649	2	Substitution - coding silent
166	c.496G>A	p.D166N	COSM6937565	1	Substitution - Missense
166	c.498T>A	p.D166E	COSM6986091	2	Substitution - Missense
168	c.502G>A	p.D168N	COSM3802598	1	Substitution - Missense
171	c.512G>C	p.R171T	COSM10443953	1	Substitution - Missense
174	c.520C>T	p.R174*	COSM3477367	5	Substitution - Nonsense
174	c.521G>A	p.R174Q	COSM7235104	1	Substitution - Missense
175	c.509_522dup	p.E175Ifs*196	COSM7665605	1	Insertion - Frameshift
176	c.526C>T	p.R176W	COSM4641520	1	Substitution - Missense
176	c.527G>A	p.R176Q	COSM1227329	2	Substitution - Missense
176	c.527G>T	p.R176L	COSM898650	1	Substitution - Missense
177	c.530C>G	p.T177S	COSM7391729	1	Substitution - Missense
180	c.539A>G	p.H180R	COSM10175943	1	Substitution - Missense
180	c.540T>C	p.H180=	COSM2087600	1	Substitution - coding silent
182	c.544C>A	p.L182I	COSM1227332	1	Substitution - Missense
184	c.552C>T	p.Y184=	COSM3740786	1	Substitution - coding silent
185	c.553G>A	p.A185T	COSM898651	3	Substitution - Missense
185	c.554C>T	p.A185V	COSM3477369	1	Substitution - Missense
187	c.559C>A	p.R187=	COSM7936780	1	Substitution - coding silent
187	c.559C>T	p.R187W	COSM6906161	3	Substitution - Missense
187	c.560G>A	p.R187Q	COSM1731923	4	Substitution - Missense
187	c.560G>T	p.R187L	COSM6945348	3	Substitution - Missense
189	c.565C>T	p.R189*	COSM6939854	1	Substitution - Nonsense
189	c.566G>A	p.R189Q	COSM2087603	2	Substitution - Missense
190	c.569G>T	p.S190I	COSM7275293	1	Substitution - Missense
191	c.572C>A	p.P191Q	COSM6919181	1	Substitution - Missense
191	c.572C>T	p.P191L	COSM6935994	1	Substitution - Missense
192	c.575dup	p.N192Kfs*4	COSM9234332	2	Insertion - Frameshift
192	c.576T>C	p.N192=	COSM2087605	1	Substitution - coding silent
193	c.578G>A	p.R193H	COSM6985053	1	Substitution - Missense
196	c.586G>A	p.A196T	COSM8737656	1	Substitution - Missense
197	c.589C>T	p.H197Y	COSM22678	2	Substitution - Missense
198	c.592G>T	p.D198Y	COSM6234705	1	Substitution - Missense
200	c.598C>G	p.R200G	COSM9805755	1	Substitution - Missense
200	c.599G>A	p.R200Q	COSM6948891	1	Substitution - Missense
200	c.599G>T	p.R200L	COSM6788666	1	Substitution - Missense
201	c.602A>G	p.Y201C	COSM10004492	2	Substitution - Missense
202	c.604G>A	p.E202K	COSM6948866	1	Substitution - Missense
206	c.617G>A	p.R206H	COSM6968895	1	Substitution - Missense
207	c.619G>A	p.E207K	COSM9907506	1	Substitution - Missense
207	c.620A>G	p.E207G	COSM4899969	1	Substitution - Missense
210	c.628A>T	p.T210S	COSM6920191	1	Substitution - Missense
211	c.633G>A	p.L211=	COSM898652	1	Substitution - coding silent
216	c.644_645dup	p.H216Yfs*151	COSM1472894	1	Insertion - Frameshift
218	c.652G>A	p.D218N	COSM9907508	1	Substitution - Missense
223	c.669T>C	p.D223=	COSM2087620	1	Substitution - coding silent
224	c.668_669insCCTCAG	p.D223_I224insLS	COSM10292556	1	Insertion - In frame
224	c.671T>C	p.I224T	COSM2087622	2	Substitution - Missense
225	c.674C>T	p.T225I	COSM6896847	1	Substitution - Missense
225	c.674_675delinsTT	p.T225I	COSM9657154	1	Substitution - Missense
225	c.675C>T	p.T225=	COSM6896849	1	Substitution - coding silent
226	c.677G>T	p.R226L	COSM3976424	4	Substitution - Missense
229	c.685C>T	p.R229*	COSM6910536	5	Substitution - Nonsense
229	c.686G>A	p.R229Q	COSM3965970	2	Substitution - Missense
230	c.689G>T	p.G230V	COSM8172843	1	Substitution - Missense
231	c.692G>A	p.R231K	COSM10261618	1	Substitution - Missense
232	c.694A>C	p.R232=	COSM7177557	1	Substitution - coding silent
232	c.695G>T	p.R232M	COSM5959542	1	Substitution - Missense
235	c.703C>T	p.R235W	COSM6962322	1	Substitution - Missense
235	c.704G>A	p.R235Q	COSM6961231	4	Substitution - Missense
235	c.704G>T	p.R235L	COSM8320315	1	Substitution - Missense
236	c.707A>G	p.N236S	COSM9817386	1	Substitution - Missense
243	c.727C>A	p.R243=	COSM121936	2	Substitution - coding silent
243	c.728G>A	p.R243Q	COSM2087626	1	Substitution - Missense
246	c.736C>T	p.H246Y	COSM8366379	1	Substitution - Missense
247	c.740C>T	p.S247L	COSM7120478	1	Substitution - Missense
248	c.742T>C	p.S248P	COSM6937567	1	Substitution - Missense
250	c.749C>G	p.S250C	COSM6971855	1	Substitution - Missense
251	c.752G>C	p.R251T	COSM76565	1	Substitution - Missense
253	c.757C>G	p.Q253E	COSM4390320	1	Substitution - Missense
253	c.757C>T	p.Q253*	COSM1687051	1	Substitution - Nonsense
256	c.766C>G	p.Q256E	COSM1741935	1	Substitution - Missense
256	c.?	p.Q256*	COSM6904662	1	Substitution - Nonsense
260	c.778dup	p.S260Kfs*5	COSM1683290	1	Insertion - Frameshift
260	c.779G>A	p.S260N	COSM3997035	1	Substitution - Missense
261	c.781C>A	p.Q261K	COSM3930470	2	Substitution - Missense
262	c.784G>T	p.A262S	COSM6911326	2	Substitution - Missense
264	c.790A>G	p.R264G	COSM9575786	3	Substitution - Missense
265	c.793C>A	p.P265T	COSM3984416	1	Substitution - Missense
266	c.797C>G	p.T266R	COSM1317639	1	Substitution - Missense
268	c.803C>T	p.S268F	COSM2087628	1	Substitution - Missense
269	c.805C>T	p.P269S	COSM5052750	1	Substitution - Missense
271	c.811G>A	p.G271S	COSM1687053	1	Substitution - Missense
271	c.811G>T	p.G271C	COSM6248939	1	Substitution - Missense
271	c.812G>A	p.G271D	COSM1335745	1	Substitution - Missense
272	c.816C>T	p.S272=	COSM4024485	1	Substitution - coding silent
273	c.817G>A	p.G273S	COSM7600288	1	Substitution - Missense
275	c.824G>A	p.R275K	COSM164556	1	Substitution - Missense
278	c.832T>G	p.S278A	COSM7169184	1	Substitution - Missense
287	c.860G>A	p.S287N	COSM9209140	3	Substitution - Missense
288	c.864T>C	p.S288=	COSM5582606	1	Substitution - coding silent
289	c.861_863del	p.S289del	COSM5844290	1	Deletion - In frame
289	c.867T>C	p.S289=	COSM10314815	1	Substitution - coding silent
290	c.870C>T	p.T290=	COSM5421703	1	Substitution - coding silent
293	c.877G>A	p.D293N	COSM9812349	2	Substitution - Missense
294	c.881G>A	p.S294N	COSM6788644	1	Substitution - Missense
297	c.890C>T	p.S297F	COSM4512088	2	Substitution - Missense
297	c.891C>T	p.S297=	COSM9530735	1	Substitution - coding silent
301	c.902C>T	p.S301L	COSM9890616	1	Substitution - Missense
302	c.906T>G	p.S302R	COSM303284	1	Substitution - Missense
303	c.907G>T	p.D303Y	COSM6269872	1	Substitution - Missense
305	c.913T>A	p.S305T	COSM5014069	1	Substitution - Missense
308	c.922C>T	p.R308*	COSM898681	5	Substitution - Nonsense
308	c.923G>C	p.R308P	COSM1185332	2	Substitution - Missense
308	c.923G>T	p.R308L	COSM6312409	1	Substitution - Missense
311	c.930_934del	p.Q311Cfs*18	COSM6904167	1	Deletion - Frameshift
311	c.932A>C	p.Q311P	COSM4444230	1	Substitution - Missense
314	c.942A>C	p.A314=	COSM4024511	1	Substitution - coding silent
318	c.953C>G	p.P318R	COSM6287006	1	Substitution - Missense
320	c.959C>T	p.S320F	COSM9800244	1	Substitution - Missense
320	c.960C>G	p.S320=	COSM3976426	2	Substitution - coding silent
322	c.964T>C	p.L322=	COSM5353752	1	Substitution - coding silent
324	c.971C>G	p.S324*	COSM7340270	1	Substitution - Nonsense
324	c.971C>T	p.S324L	COSM9530737	1	Substitution - Missense
325	c.974C>T	p.S325F	COSM5955503	1	Substitution - Missense
327	c.979G>T	p.E327*	COSM6940857	1	Substitution - Nonsense
329	c.984dup	p.D329Rfs*2	COSM1683292	3	Insertion - Frameshift
329	c.986A>C	p.D329A	COSM10513372	1	Substitution - Missense
330	c.988G>T	p.E330*	COSM5025189	1	Substitution - Nonsense
330	c.990G>T	p.E330D	COSM6286708	1	Substitution - Missense
331	c.993C>T	p.P331=	COSM9530739	1	Substitution - coding silent
332	c.995G>A	p.R332H	COSM9241023	2	Substitution - Missense
332	c.996T>G	p.R332=	COSM6459539	2	Substitution - coding silent
334	c.1000A>C	p.S334R	COSM4024513	1	Substitution - Missense
335	c.1003T>A	p.F335I	COSM5341649	1	Substitution - Missense
335	c.1005T>A	p.F335L	COSM5341651	1	Substitution - Missense
337	c.1011C>G	p.I337M	COSM3376811	1	Substitution - Missense
339	c.1015G>A	p.V339I	COSM6986599	1	Substitution - Missense
339	c.1017C>T	p.V339=	COSM5378242	2	Substitution - coding silent
340	c.1019A>T	p.Q340L	COSM1747899	2	Substitution - Missense
343	c.1028C>T	p.P343L	COSM8661644	1	Substitution - Missense
345	c.1033C>T	p.R345C	COSM5818053	3	Substitution - Missense
345	c.1034G>T	p.R345L	COSM6271391	1	Substitution - Missense
346	c.1037C>A	p.S346Y	COSM10894546	1	Substitution - Missense
346	c.1037C>G	p.S346C	COSM9360942	1	Substitution - Missense
346	c.1037C>T	p.S346F	COSM222513	1	Substitution - Missense
348	c.1043A>T	p.D348V	COSM6970934	1	Substitution - Missense
353	c.1057G>T	p.D353Y	COSM6954157	1	Substitution - Missense
354	c.1061G>A	p.G354D	COSM4617168	2	Substitution - Missense
355	c.1058_1061dup	p.L355Wfs*5	COSM6919459	3	Insertion - Frameshift
355	c.1063C>T	p.L355F	COSM5461530	1	Substitution - Missense
355	c.1064T>A	p.L355H	COSM6573751	2	Substitution - Missense
356	c.1068C>T	p.F356=	COSM5378244	1	Substitution - coding silent
357	c.1069C>A	p.H357N	COSM8247134	1	Substitution - Missense
358	c.1072G>T	p.E358*	COSM6917425	4	Substitution - Nonsense
360	c.1079A>G	p.K360R	COSM6503593	1	Substitution - Missense
360	c.1080G>T	p.K360N	COSM6919183	1	Substitution - Missense
366	c.1096A>G	p.T366A	COSM1601151	2	Substitution - Missense
367	c.1100C>A	p.S367*	COSM9317613	1	Substitution - Nonsense
369	c.1105C>T	p.Q369*	COSM9530741	2	Substitution - Nonsense
377	c.1130G>A	p.R377K	COSM10581705	1	Substitution - Missense
380	c.1138C>G	p.L380V	COSM9530743	1	Substitution - Missense
384	c.1150C>T	p.R384W	COSM6915475	3	Substitution - Missense
384	c.1152G>A	p.R384=	COSM1335782	1	Substitution - coding silent
385	c.1153C>T	p.Q385*	COSM6962815	2	Substitution - Nonsense
388	c.1162G>T	p.D388Y	COSM4576505	1	Substitution - Missense
390	c.1168G>T	p.E390*	COSM6980598	1	Substitution - Nonsense
398	c.1192G>T	p.G398*	COSM7824081	1	Substitution - Nonsense
398	c.1193G>A	p.G398E	COSM6915318	1	Substitution - Missense
400	c.1197dup	p.L400Tfs*8	COSM7514574	2	Insertion - Frameshift
401	c.1203C>A	p.F401L	COSM898686	2	Substitution - Missense
403	c.1207G>T	p.G403C	COSM7979783	1	Substitution - Missense
403	c.1208G>A	p.G403D	COSM6935140	1	Substitution - Missense
404	c.1212G>A	p.M404I	COSM8844168	1	Substitution - Missense
405	c.1215G>A	p.Q405=	COSM9577430	1	Substitution - coding silent
405	c.1215G>C	p.Q405H	COSM4818116	1	Substitution - Missense
407	c.1221A>C	p.E407D	COSM8802975	1	Substitution - Missense
408	c.1224A>G	p.V408=	COSM5477735	1	Substitution - coding silent
409	c.1226C>T	p.T409I	COSM9331136	1	Substitution - Missense
410	c.1228G>A	p.A410T	COSM9248902	1	Substitution - Missense
411	c.1233G>T	p.W411C	COSM6572043	1	Substitution - Missense
412	c.1236A>G	p.I412M	COSM4729538	1	Substitution - Missense
414	c.1241C>T	p.P414L	COSM10513374	1	Substitution - Missense
414	c.1241del	p.P414Qfs*16	COSM6930190	1	Deletion - Frameshift
417	c.1249G>A	p.E417K	COSM4830221	2	Substitution - Missense
419	c.1255G>A	p.E419K	COSM4830476	1	Substitution - Missense
420	c.1259A>G	p.N420S	COSM3965975	1	Substitution - Missense
421	c.1261G>T	p.E421*	COSM5993113	2	Substitution - Nonsense
423	c.1267C>T	p.R423C	COSM1667170	5	Substitution - Missense
423	c.1268G>T	p.R423L	COSM6317043	1	Substitution - Missense
424	c.1272C>T	p.P424=	COSM9800842	1	Substitution - coding silent
428	c.1283G>T	p.R428M	COSM6934947	2	Substitution - Missense
428	c.1284G>T	p.R428S	COSM530286	2	Substitution - Missense
430	c.1288G>C	p.D430H	COSM2087816	1	Substitution - Missense
431	c.1292A>T	p.E431V	COSM6788656	1	Substitution - Missense
432	c.1294T>A	p.F432I	COSM6926757	2	Substitution - Missense
434	c.1300C>T	p.P434S	COSM6926596	2	Substitution - Missense
435	c.1298_1299insT	p.K435Qfs*12	COSM6904320	1	Insertion - Frameshift
435	c.1304A>C	p.K435T	COSM4451588	1	Substitution - Missense
436	c.1306G>A	p.A436T	COSM4525055	1	Substitution - Missense
438	c.1313G>T	p.R438I	COSM277453	2	Substitution - Missense
440	c.1319T>C	p.L440P	COSM1160866	2	Substitution - Missense
443	c.1328G>A	p.G443D	COSM6959378	1	Substitution - Missense
443	c.1329C>T	p.G443=	COSM898688	1	Substitution - coding silent
450	c.1349C>T	p.T450I	COSM9797545	1	Substitution - Missense
452	c.1354C>A	p.H452N	COSM6906920	2	Substitution - Missense
455	c.1363C>G	p.R455G	COSM9606930	1	Substitution - Missense
455	c.1364G>A	p.R455H	COSM6506951	1	Substitution - Missense
455	c.1364G>T	p.R455L	COSM385291	1	Substitution - Missense
458	c.1372T>G	p.F458V	COSM385798	1	Substitution - Missense
458	c.1374C>T	p.F458=	COSM9634358	1	Substitution - coding silent
460	c.1378C>T	p.R460C	COSM9113172	1	Substitution - Missense
460	c.1379G>A	p.R460H	COSM4444232	1	Substitution - Missense
462	c.1385G>A	p.G462E	COSM7504648	1	Substitution - Missense
463	c.1387G>A	p.E463K	COSM6916331	1	Substitution - Missense
465	c.1395G>A	p.V465=	COSM10770158	1	Substitution - coding silent
466	c.1397A>G	p.D466G	COSM8016414	1	Substitution - Missense
467	c.1401T>C	p.I467=	COSM898689	1	Substitution - coding silent
476	c.1426C>T	p.P476S	COSM6952084	1	Substitution - Missense
477	c.1429C>T	p.Q477*	COSM6921600	1	Substitution - Nonsense
479	c.1437G>T	p.A479=	COSM10307655	1	Substitution - coding silent
481	c.1441C>T	p.L481=	COSM9507960	2	Substitution - coding silent
483	c.1448A>G	p.Y483C	COSM8314058	1	Substitution - Missense
485	c.1453G>A	p.D485N	COSM7610869	1	Substitution - Missense
489	c.1465G>A	p.V489I	COSM6788659	1	Substitution - Missense
491	c.1471A>C	p.K491Q	COSM4839579	1	Substitution - Missense
495	c.1485G>T	p.K495N	COSM10414563	1	Substitution - Missense
499	c.1495G>A	p.E499K	COSM6963425	1	Substitution - Missense
500	c.1499A>G	p.Y500C	COSM4957055	1	Substitution - Missense
505	c.1513C>T	p.R505C	COSM5378246	5	Substitution - Missense
505	c.1514G>A	p.R505H	COSM898690	1	Substitution - Missense
505	c.1514G>T	p.R505L	COSM9257587	1	Substitution - Missense
506	c.1516C>T	p.L506F	COSM9798105	1	Substitution - Missense
506	c.1517T>G	p.L506R	COSM6921906	1	Substitution - Missense
506	c.1518C>T	p.L506=	COSM10513376	1	Substitution - coding silent
513	c.1538G>A	p.S513N	COSM1742274	1	Substitution - Missense
518	c.1554C>T	p.C518=	COSM10152797	1	Substitution - coding silent
526	c.1577C>T	p.S526L	COSM9225512	1	Substitution - Missense
528	c.1582G>A	p.V528M	COSM9817388	2	Substitution - Missense
528	c.1582G>C	p.V528L	COSM6948111	1	Substitution - Missense
529	c.1586C>T	p.S529L	COSM6982527	1	Substitution - Missense
530	c.1590T>A	p.D530E	COSM8988040	1	Substitution - Missense
537	c.1611C>G	p.F537L	COSM8282623	1	Substitution - Missense
539	c.1615C>G	p.R539G	COSM1162471	2	Substitution - Missense
539	c.1615C>T	p.R539*	COSM9865135	1	Substitution - Nonsense
539	c.1616G>A	p.R539Q	COSM6952597	1	Substitution - Missense
540	c.1619A>G	p.Y540C	COSM6908476	2	Substitution - Missense
542	c.1626T>G	p.P542=	COSM9117569	1	Substitution - coding silent
543	c.1627G>A	p.V543M	COSM8960802	1	Substitution - Missense
550	c.1648C>T	p.R550C	COSM6924542	4	Substitution - Missense
550	c.1649G>A	p.R550H	COSM2087847	2	Substitution - Missense
552	c.1655A>G	p.K552R	COSM1320797	1	Substitution - Missense
553	c.1658G>C	p.G553A	COSM1335784	1	Substitution - Missense
555	c.1664C>T	p.A555V	COSM6943096	1	Substitution - Missense
561	c.1681G>A	p.E561K	COSM3802610	1	Substitution - Missense
561	c.1681G>C	p.E561Q	COSM10581707	1	Substitution - Missense
562	c.1684A>G	p.I562V	COSM5520460	1	Substitution - Missense
563	c.1689A>T	p.E563D	COSM7934153	1	Substitution - Missense
563	c.?	p.E563*	COSM6904663	1	Substitution - Nonsense
564	c.1692T>C	p.Y564=	COSM898703	1	Substitution - coding silent
565	c.1694C>T	p.A565V	COSM8699593	1	Substitution - Missense
572	c.1716C>A	p.T572=	COSM898704	1	Substitution - coding silent
574	c.1719_1720insAG	p.G574Rfs*41	COSM10581708	1	Insertion - Frameshift
577	c.1731C>T	p.I577=	COSM898705	2	Substitution - coding silent
578	c.1732G>A	p.G578S	COSM4024527	3	Substitution - Missense
579	c.1737G>A	p.G579=	COSM7267535	1	Substitution - coding silent
583	c.1749G>A	p.K583=	COSM5416439	1	Substitution - coding silent
583	c.1749G>T	p.K583N	COSM424397	2	Substitution - Missense
584	c.1751T>G	p.V584G	COSM2087850	1	Substitution - Missense
585	c.1753G>A	p.D585N	COSM10654411	1	Substitution - Missense
590	c.1768G>A	p.E590K	COSM6919461	1	Substitution - Missense
591	c.1772G>T	p.S591I	COSM6251773	1	Substitution - Missense
596	c.1788T>C	p.Y596=	COSM4965082	1	Substitution - coding silent
598	c.1794C>T	p.C598=	COSM9665653	1	Substitution - coding silent
603	c.1808G>A	p.G603D	COSM6931565	1	Substitution - Missense
604	c.1810C>A	p.Q604K	COSM2087856	2	Substitution - Missense
605	c.1813G>C	p.D605H	COSM5552379	1	Substitution - Missense
605	c.1813G>T	p.D605Y	COSM1667171	1	Substitution - Missense
607	c.1819A>T	p.R607*	COSM1290028	1	Substitution - Nonsense
609	c.1827_1828del	p.F609Lfs*2	COSM5194313	1	Deletion - Frameshift
613	c.1837T>C	p.L613=	COSM9394946	1	Substitution - coding silent
615	c.1843G>A	p.E615K	COSM4024528	1	Substitution - Missense
618	c.1852G>T	p.E618*	COSM8086627	1	Substitution - Nonsense
619	c.1855G>A	p.E619K	COSM6961817	1	Substitution - Missense
620	c.1858C>T	p.R620*	COSM5744653	2	Substitution - Nonsense
620	c.1859G>A	p.R620Q	COSM6006492	3	Substitution - Missense
624	c.1871A>G	p.Y624C	COSM6905697	1	Substitution - Missense
625	c.1873G>A	p.D625N	COSM6978162	2	Substitution - Missense
626	c.1877A>G	p.Y626C	COSM3723684	2	Substitution - Missense
628	c.1882C>G	p.Q628E	COSM8364208	1	Substitution - Missense
630	c.1888C>T	p.R630C	COSM898714	8	Substitution - Missense
630	c.1889G>A	p.R630H	COSM4024530	1	Substitution - Missense
631	c.1892C>T	p.T631I	COSM5049661	1	Substitution - Missense
635	c.1905T>C	p.S635=	COSM2087862	3	Substitution - coding silent
635	c.1905T>G	p.S635R	COSM78567	1	Substitution - Missense
636	c.1906G>T	p.V636F	COSM6260540	1	Substitution - Missense
637	c.1909C>T	p.R637*	COSM6917748	2	Substitution - Nonsense
637	c.1910G>A	p.R637Q	COSM181752	7	Substitution - Missense
639	c.1916C>A	p.P639Q	COSM9325672	1	Substitution - Missense
641	c.1921A>G	p.T641A	COSM6958745	1	Substitution - Missense
641	c.1922C>T	p.T641I	COSM9763059	1	Substitution - Missense
646	c.1937C>T	p.S646F	COSM4943249	1	Substitution - Missense
646	c.1938C>T	p.S646=	COSM4474724	1	Substitution - coding silent
648	c.1942C>T	p.R648W	COSM164558	2	Substitution - Missense
648	c.1944G>A	p.R648=	COSM424398	1	Substitution - coding silent
650	c.1949A>C	p.Y650S	COSM1317638	1	Substitution - Missense
650	c.1949A>G	p.Y650C	COSM6919651	3	Substitution - Missense
651	c.1952C>T	p.P651L	COSM2087870	1	Substitution - Missense
653	c.1958G>A	p.R653Q	COSM3802615	1	Substitution - Missense
654	c.1961G>A	p.G654E	COSM4024531	1	Substitution - Missense
656	c.1966G>T	p.E656*	COSM898716	1	Substitution - Nonsense
656	c.1967_1968del	p.E656Vfs*14	COSM10772415	1	Deletion - Frameshift
656	c.1968G>T	p.E656D	COSM7469335	1	Substitution - Missense
663	c.1987A>G	p.T663A	COSM10549896	1	Substitution - Missense
667	c.1999G>C	p.D667H	COSM3802616	1	Substitution - Missense
672	c.2014C>T	p.R672*	COSM4024532	2	Substitution - Nonsense
672	c.2015G>A	p.R672Q	COSM6788652	1	Substitution - Missense
673	c.2019C>T	p.Y673=	COSM9789956	1	Substitution - coding silent
675	c.2023G>A	p.D675N	COSM5844302	2	Substitution - Missense
677	c.2029C>A	p.P677T	COSM10513379	1	Substitution - Missense
677	c.2029C>T	p.P677S	COSM10513378	1	Substitution - Missense
677	c.?	p.P677fs*?	COSM6904665	1	Frameshift
678	c.2033G>T	p.R678L	COSM9949237	1	Substitution - Missense
679	c.2034_2035del	p.E679Ifs*7	COSM9863450	1	Deletion - Frameshift
683	c.2048A>G	p.Y683C	COSM8221033	1	Substitution - Missense
688	c.2063A>G	p.Y688C	COSM3934220	1	Substitution - Missense
693	c.2078G>A	p.R693K	COSM6964453	1	Substitution - Missense
693	c.2078G>T	p.R693M	COSM5968532	1	Substitution - Missense
694	c.2080G>T	p.E694*	COSM6907067	3	Substitution - Nonsense
695	c.2084A>G	p.Y695C	COSM6991380	1	Substitution - Missense
697	c.2091C>A	p.Y697*	COSM4847373	1	Substitution - Nonsense
699	c.2095C>T	p.Q699*	COSM10572840	2	Substitution - Nonsense
700	c.2099G>A	p.R700K	COSM5977872	1	Substitution - Missense
702	c.2104C>T	p.R702*	COSM6975679	3	Substitution - Nonsense
706	c.2116C>T	p.R706C	COSM898717	2	Substitution - Missense
707	c.2116_2121del	p.E707_R708del	COSM6925988	2	Deletion - In frame
710	c.2128G>C	p.E710Q	COSM6929200	1	Substitution - Missense
713	c.2137C>T	p.R713W	COSM6959055	1	Substitution - Missense
713	c.2138G>A	p.R713Q	COSM5968949	2	Substitution - Missense
715	c.2144G>C	p.R715T	COSM6587734	1	Substitution - Missense
718	c.2152G>A	p.E718K	COSM8660641	1	Substitution - Missense
718	c.2152G>T	p.E718*	COSM6962483	3	Substitution - Nonsense
718	c.2154G>A	p.E718=	COSM8273008	1	Substitution - coding silent
719	c.2156G>A	p.R719K	COSM5968533	1	Substitution - Missense
719	c.2156G>T	p.R719M	COSM1335785	1	Substitution - Missense
721	c.2163G>A	p.P721=	COSM4729540	2	Substitution - coding silent
722	c.2165T>C	p.I722T	COSM8238379	2	Substitution - Missense
724	c.2170C>T	p.R724*	COSM3802617	3	Substitution - Nonsense
724	c.2171G>A	p.R724Q	COSM6924984	2	Substitution - Missense
725	c.2175T>G	p.S725R	COSM3723683	1	Substitution - Missense
726	c.2176C>G	p.Q726E	COSM7245431	1	Substitution - Missense
727	c.2179dup	p.S727Kfs*24	COSM898718	1	Insertion - Frameshift
727	c.2180G>A	p.S727N	COSM6910736	1	Substitution - Missense
728	c.2183C>T	p.P728L	COSM6951774	2	Substitution - Missense
732	c.2194C>T	p.R732*	COSM5105976	4	Substitution - Nonsense
732	c.2196A>G	p.R732=	COSM2087875	2	Substitution - coding silent
735	c.2203C>T	p.Q735*	COSM10549122	1	Substitution - Nonsense
735	c.2205G>T	p.Q735H	COSM7905030	1	Substitution - Missense
737	c.2209C>T	p.P737S	COSM6944992	1	Substitution - Missense
737	c.2210C>T	p.P737L	COSM9806442	1	Substitution - Missense
738	c.2213G>A	p.G738E	COSM5749686	1	Substitution - Missense
738	c.2213G>C	p.G738A	COSM8873717	1	Substitution - Missense
742	c.2225C>T	p.S742F	COSM6967921	1	Substitution - Missense
743	c.2227C>G	p.Q743E	COSM6909121	2	Substitution - Missense
743	c.2227C>T	p.Q743*	COSM6972141	2	Substitution - Nonsense
743	c.?	p.Q743*	COSM9522633	1	Substitution - Nonsense
744	c.2231C>T	p.A744V	COSM4168726	1	Substitution - Missense
745	c.2234A>G	p.E745G	COSM9966391	1	Substitution - Missense
746	c.2238G>T	p.R746S	COSM6910596	1	Substitution - Missense
748	c.2243C>T	p.P748L	COSM10781187	1	Substitution - Missense
749	c.2245A>C	p.S749R	COSM10433044	1	Substitution - Missense
751	c.2252C>T	p.S751F	COSM6954024	1	Substitution - Missense
756	c.2266T>A	p.Y756N	COSM10804527	1	Substitution - Missense
758	c.2272C>T	p.R758*	COSM10636109	1	Substitution - Nonsense
760	c.2279C>G	p.S760*	COSM7703554	1	Substitution - Nonsense
761	c.2283C>G	p.D761E	COSM129392	1	Substitution - Missense
762	c.2284C>T	p.R762W	COSM7811929	1	Substitution - Missense
762	c.2286G>A	p.R762=	COSM10207346	1	Substitution - coding silent
764	c.2290G>A	p.G764R	COSM9153191	1	Substitution - Missense
765	c.2293A>T	p.S765C	COSM4024535	1	Substitution - Missense
765	c.2294G>A	p.S765N	COSM8343457	1	Substitution - Missense
768	c.2303C>T	p.S768L	COSM10174508	1	Substitution - Missense
770	c.2309C>T	p.S770F	COSM136095	1	Substitution - Missense
771	c.2311C>T	p.P771S	COSM5938772	1	Substitution - Missense
771	c.2312C>T	p.P771L	COSM10435946	1	Substitution - Missense
773	c.2318G>A	p.R773K	COSM6986508	1	Substitution - Missense
773	c.?	p.R773K	COSM9973971	1	Substitution - Missense
781	c.2341C>T	p.R781C	COSM4479606	4	Substitution - Missense
781	c.2342G>A	p.R781H	COSM8700338	1	Substitution - Missense
783	c.2347G>C	p.E783Q	COSM6587735	1	Substitution - Missense
784	c.2351G>A	p.R784H	COSM1335786	4	Substitution - Missense
788	c.2363dup	p.N788Kfs*2	COSM4944026	5	Insertion - Frameshift
789	c.2365G>A	p.E789K	COSM164557	2	Substitution - Missense
789	c.2367A>G	p.E789=	COSM5553773	1	Substitution - coding silent
790	c.2370G>T	p.K790N	COSM277454	1	Substitution - Missense
791	c.2372_2373del	p.T791Rfs*2	COSM6933797	2	Deletion - Frameshift
795	c.2383C>T	p.R795*	COSM10650743	1	Substitution - Nonsense
795	c.2384G>A	p.R795Q	COSM9248904	1	Substitution - Missense
798	c.2392G>C	p.D798H	COSM4942520	1	Substitution - Missense
799	c.2396C>A	p.P799Q	COSM10806098	1	Substitution - Missense
799	c.2397G>C	p.P799=	COSM424400	1	Substitution - coding silent
799	c.2397G>T	p.P799=	COSM8184517	1	Substitution - coding silent
800	c.2396dup	p.E800Gfs*21	COSM424399	1	Insertion - Frameshift
800	c.2398G>T	p.E800*	COSM6947102	3	Substitution - Nonsense
802	c.2405T>G	p.V802G	COSM10870052	1	Substitution - Missense
803	c.2407G>C	p.E803Q	COSM10870053	1	Substitution - Missense
805	c.2415_2418del	p.E805Dfs*3	COSM6954899	4	Deletion - Frameshift
806	c.2417_2418del	p.R806Tfs*14	COSM898720	9	Deletion - Frameshift
807	c.2417_2418dup	p.R807Dfs*3	COSM5832352	4	Insertion - Frameshift
807	c.2420G>A	p.R807H	COSM4024538	2	Substitution - Missense
807	c.2420G>C	p.R807P	COSM7391726	1	Substitution - Missense
808	c.2422T>G	p.L808V	COSM10345009	1	Substitution - Missense
809	c.2427A>G	p.I809M	COSM9141207	1	Substitution - Missense
815	c.2443G>T	p.E815*	COSM10796599	1	Substitution - Nonsense
816	c.2448G>A	p.K816=	COSM5731089	1	Substitution - coding silent
819	c.2455del	p.T819Lfs*39	COSM5422283	1	Deletion - Frameshift
824	c.2470C>T	p.R824C	COSM9410745	3	Substitution - Missense
824	c.2471G>C	p.R824P	COSM338643	1	Substitution - Missense
825	c.2475A>T	p.K825N	COSM6941496	1	Substitution - Missense
830	c.2489C>T	p.S830F	COSM4024539	1	Substitution - Missense
830	c.2490C>T	p.S830=	COSM4224494	1	Substitution - coding silent
831	c.2491C>A	p.P831T	COSM7860841	1	Substitution - Missense
832	c.2494A>G	p.S832G	COSM4729541	2	Substitution - Missense
834	c.2500C>G	p.Q834E	COSM9524736	1	Substitution - Missense
834	c.2500C>T	p.Q834*	COSM10076147	2	Substitution - Nonsense
835	c.2504C>G	p.S835C	COSM6122482	2	Substitution - Missense
835	c.2504C>T	p.S835F	COSM6973068	1	Substitution - Missense
836	c.2507C>G	p.S836*	COSM4846539	1	Substitution - Nonsense
836	c.2507C>T	p.S836L	COSM676581	1	Substitution - Missense
838	c.2513C>G	p.T838R	COSM6906160	1	Substitution - Missense
838	c.2513C>T	p.T838M	COSM3934221	4	Substitution - Missense
839	c.2516_2517del	p.D839Afs*4	COSM9862573	1	Deletion - Frameshift
841	c.2521G>T	p.E841*	COSM5752555	2	Substitution - Nonsense
843	c.2528A>T	p.E843V	COSM9360938	1	Substitution - Missense
844	c.2530C>T	p.R844*	COSM1335788	3	Substitution - Nonsense
844	c.2531G>A	p.R844Q	COSM4172117	4	Substitution - Missense
845	c.2533G>A	p.E845K	COSM3477429	1	Substitution - Missense
848	c.2542_2543delinsTT	p.P848F	COSM9656701	1	Substitution - Missense
851	c.2552C>A	p.P851H	COSM10806099	1	Substitution - Missense
851	c.2552C>T	p.P851L	COSM6443156	1	Substitution - Missense
852	c.2554A>T	p.R852W	COSM9805999	1	Substitution - Missense
852	c.2556G>A	p.R852=	COSM3477430	2	Substitution - coding silent
853	c.2558G>A	p.S853N	COSM6928851	1	Substitution - Missense
858	c.2574C>T	p.S858=	COSM7508033	1	Substitution - coding silent
863	c.2588A>C	p.D863A	COSM3360446	1	Substitution - Missense
863	c.2588A>G	p.D863G	COSM5453963	1	Substitution - Missense
865	c.2593G>C	p.E865Q	COSM6059334	1	Substitution - Missense
865	c.2595G>A	p.E865=	COSM3477431	4	Substitution - coding silent
866	c.2596G>A	p.G866R	COSM3477432	1	Substitution - Missense
868	c.2602G>T	p.A868S	COSM10876275	1	Substitution - Missense
868	c.2603C>T	p.A868V	COSM10549897	1	Substitution - Missense
870	c.2609del	p.N870Tfs*11	COSM6196375	1	Deletion - Frameshift
871	c.2611C>T	p.R871C	COSM6954910	2	Substitution - Missense
871	c.2612G>A	p.R871H	COSM2087882	2	Substitution - Missense
871	c.2612G>T	p.R871L	COSM7204940	1	Substitution - Missense
877	c.2631C>T	p.C877=	COSM898721	2	Substitution - coding silent
878	c.2632G>A	p.V878M	COSM8976286	1	Substitution - Missense
880	c.2640G>C	p.L880F	COSM6934085	2	Substitution - Missense
881	c.2641A>T	p.T881S	COSM10661455	1	Substitution - Missense
882	c.2645G>C	p.R882P	COSM8271377	1	Substitution - Missense
882	c.2645G>T	p.R882L	COSM6973822	1	Substitution - Missense
883	c.2647G>T	p.V883L	COSM6344227	1	Substitution - Missense
884	c.2650A>T	p.K884*	COSM10549123	1	Substitution - Nonsense
885	c.2653G>A	p.E885K	COSM6969040	1	Substitution - Missense
885	c.2653G>C	p.E885Q	COSM6968335	2	Substitution - Missense
885	c.2653G>T	p.E885*	COSM8437423	1	Substitution - Nonsense
885	c.2655G>T	p.E885D	COSM6788677	1	Substitution - Missense
892	c.2674G>C	p.D892H	COSM8707460	1	Substitution - Missense
893	c.2677C>A	p.H893N	COSM10806100	1	Substitution - Missense
897	c.2689G>T	p.E897*	COSM10878713	1	Substitution - Nonsense
898	c.2692A>T	p.K898*	COSM1290029	1	Substitution - Nonsense
898	c.2693del	p.K898Sfs*2	COSM10772407	1	Deletion - Frameshift
901	c.2701G>A	p.A901T	COSM4539578	1	Substitution - Missense
901	c.2702C>T	p.A901V	COSM7391728	1	Substitution - Missense
904	c.2710G>C	p.D904H	COSM6059333	1	Substitution - Missense
904	c.2711A>C	p.D904A	COSM5552620	1	Substitution - Missense
904	c.2711A>G	p.D904G	COSM5025191	1	Substitution - Missense
905	c.2714A>G	p.N905S	COSM4934826	1	Substitution - Missense
907	c.2720C>T	p.T907I	COSM22668	3	Substitution - Missense
911	c.2731del	p.S911Lfs*27	COSM10282643	1	Deletion - Frameshift
911	c.2732C>G	p.S911C	COSM10013300	1	Substitution - Missense
911	c.2732C>T	p.S911F	COSM6915781	1	Substitution - Missense
912	c.2735C>T	p.A912V	COSM7322046	1	Substitution - Missense
913	c.2737C>A	p.L913M	COSM6935012	2	Substitution - Missense
914	c.2740G>A	p.D914N	COSM1266614	3	Substitution - Missense
915	c.2743C>A	p.Q915K	COSM10060535	1	Substitution - Missense
915	c.2743C>T	p.Q915*	COSM8344959	1	Substitution - Nonsense
918	c.2754G>T	p.Q918H	COSM8304762	1	Substitution - Missense
920	c.2758T>G	p.S920A	COSM6788671	1	Substitution - Missense
920	c.2759C>T	p.S920F	COSM7568738	1	Substitution - Missense
921	c.2761C>T	p.Q921*	COSM6212411	6	Substitution - Nonsense
921	c.2763G>A	p.Q921=	COSM7113230	1	Substitution - coding silent
922	c.2765C>T	p.T922M	COSM6918433	2	Substitution - Missense
923	c.2768A>G	p.E923G	COSM6941533	1	Substitution - Missense
924	c.2770C>T	p.P924S	COSM463297	1	Substitution - Missense
926	c.2778A>C	p.K926N	COSM4024540	1	Substitution - Missense
929	c.2785T>G	p.L929V	COSM4793388	1	Substitution - Missense
934	c.2802A>G	p.S934=	COSM9798048	1	Substitution - coding silent
935	c.2803G>T	p.V935F	COSM6122481	1	Substitution - Missense
936	c.2807G>C	p.R936T	COSM10874310	1	Substitution - Missense
937	c.2809A>G	p.M937V	COSM9798047	1	Substitution - Missense
937	c.2809A>T	p.M937L	COSM5014071	1	Substitution - Missense
939	c.2815G>A	p.V939I	COSM10289457	1	Substitution - Missense
942	c.2824_2848del	p.E942Kfs*24	COSM9963224	1	Deletion - Frameshift
943	c.2828A>G	p.K943R	COSM9113220	2	Substitution - Missense
945	c.2834T>G	p.L945R	COSM9054159	1	Substitution - Missense
946	c.2837C>A	p.S946*	COSM1127292	1	Substitution - Nonsense
946	c.2837C>T	p.S946L	COSM6954211	2	Substitution - Missense
951	c.2851G>A	p.V951M	COSM6968267	1	Substitution - Missense
952	c.2854G>A	p.V952M	COSM3802618	1	Substitution - Missense
954	c.2859del	p.K954Rfs*20	COSM166197	1	Deletion - Frameshift
958	c.2872C>T	p.L958F	COSM315551	2	Substitution - Missense
958	c.2874T>C	p.L958=	COSM3477433	1	Substitution - coding silent
959	c.2875A>G	p.K959E	COSM8815908	1	Substitution - Missense
961	c.2882G>A	p.R961K	COSM6918184	1	Substitution - Missense
962	c.2885A>C	p.K962T	COSM2087888	1	Substitution - Missense
969	c.2905C>T	p.P969S	COSM9421083	1	Substitution - Missense
970	c.2908G>A	p.A970T	COSM8549039	1	Substitution - Missense
970	c.2909C>T	p.A970V	COSM3997038	11	Substitution - Missense
972	c.2914G>T	p.G972W	COSM6050248	1	Substitution - Missense
977	c.2930A>T	p.D977V	COSM6922353	2	Substitution - Missense
979	c.2936_2939del	p.E979Gfs*14	COSM4449653	1	Deletion - Frameshift
979	c.2936del	p.E979Gfs*15	COSM4449654	1	Deletion - Frameshift
979	c.2937G>C	p.E979D	COSM6302054	1	Substitution - Missense
980	c.2939A>G	p.K980R	COSM4453429	1	Substitution - Missense
984	c.2952G>A	p.R984=	COSM4892471	2	Substitution - coding silent
987	c.2959C>T	p.R987C	COSM241732	3	Substitution - Missense
987	c.2960G>A	p.R987H	COSM6984298	1	Substitution - Missense
987	c.2961C>G	p.R987=	COSM3723685	1	Substitution - coding silent
988	c.2964T>C	p.F988=	COSM5963532	1	Substitution - coding silent
990	c.2968G>A	p.D990N	COSM9799151	1	Substitution - Missense
990	c.2968G>C	p.D990H	COSM33284	1	Substitution - Missense
991	c.2971dup	p.S991Ffs*31	COSM6947969	3	Insertion - Frameshift
991	c.2973C>T	p.S991=	COSM10513380	1	Substitution - coding silent
992	c.2973del	p.N992Ifs*2	COSM10882840	1	Deletion - Frameshift
992	c.2974A>T	p.N992Y	COSM6923315	1	Substitution - Missense
992	c.2975dup	p.N992Kfs*30	COSM7514376	1	Insertion - Frameshift
993	c.2978del	p.L993*	COSM9863618	2	Deletion - Frameshift
995	c.2983G>T	p.A995S	COSM6937569	1	Substitution - Missense
995	c.2984C>A	p.A995E	COSM7490290	1	Substitution - Missense
996	c.2986G>A	p.E996K	COSM6949502	2	Substitution - Missense
1000	c.2999C>T	p.P1000L	COSM6942021	1	Substitution - Missense
1004	c.3010A>T	p.K1004*	COSM6350358	1	Substitution - Nonsense
1006	c.3016A>T	p.S1006C	COSM326556	1	Substitution - Missense
1007	c.3020C>T	p.P1007L	COSM1687055	1	Substitution - Missense
1011	c.3032A>G	p.D1011G	COSM6788635	1	Substitution - Missense
1013	c.3037C>T	p.R1013C	COSM6931317	2	Substitution - Missense
1014	c.3040G>A	p.V1014M	COSM4024541	1	Substitution - Missense
1018	c.3053A>G	p.K1018R	COSM1626586	1	Substitution - Missense
1019	c.3053dup	p.Q1019Afs*3	COSM10549124	1	Insertion - Frameshift
1019	c.3055C>T	p.Q1019*	COSM6942206	3	Substitution - Nonsense
1022	c.3065T>G	p.V1022G	COSM4142933	1	Substitution - Missense
1024	c.3071C>T	p.S1024F	COSM3976428	2	Substitution - Missense
1025	c.3074G>A	p.R1025K	COSM6963426	2	Substitution - Missense
1032	c.3095A>G	p.E1032G	COSM10089631	1	Substitution - Missense
1034	c.3100G>A	p.E1034K	COSM6059332	1	Substitution - Missense
1036	c.3106G>C	p.E1036Q	COSM6977783	1	Substitution - Missense
1039	c.3116C>A	p.P1039H	COSM10486018	1	Substitution - Missense
1040	c.3120G>A	p.V1040=	COSM4822949	1	Substitution - coding silent
1043	c.3127G>T	p.E1043*	COSM3418250	5	Substitution - Nonsense
1049	c.3146C>A	p.S1049Y	COSM6788679	1	Substitution - Missense
1049	c.3147T>G	p.S1049=	COSM8776125	1	Substitution - coding silent
1052	c.3154del	p.I1052Sfs*40	COSM1335790	4	Deletion - Frameshift
1052	c.3154dup	p.I1052Nfs*7	COSM4944025	4	Insertion - Frameshift
1052	c.3156C>A	p.I1052=	COSM7653342	1	Substitution - coding silent
1052	c.3156C>T	p.I1052=	COSM10513381	1	Substitution - coding silent
1056	c.3166A>T	p.R1056*	COSM5418904	3	Substitution - Nonsense
1057	c.3169C>T	p.L1057F	COSM10285444	1	Substitution - Missense
1058	c.3173del	p.N1058Ifs*34	COSM1658786	1	Deletion - Frameshift
1058	c.?	p.N1058Xfs*34	COSM10072855	1	Frameshift
1059	c.3176C>T	p.T1059I	COSM8216389	1	Substitution - Missense
1061	c.3181G>A	p.A1061T	COSM898723	1	Substitution - Missense
1061	c.3182C>G	p.A1061G	COSM6925315	1	Substitution - Missense
1061	c.3182C>T	p.A1061V	COSM6122478	1	Substitution - Missense
1061	c.3183C>G	p.A1061=	COSM8515862	1	Substitution - coding silent
1063	c.3188C>T	p.P1063L	COSM3477434	1	Substitution - Missense
1064	c.3190A>G	p.K1064E	COSM1667172	1	Substitution - Missense
1064	c.3192A>T	p.K1064N	COSM4024542	1	Substitution - Missense
1066	c.3196T>G	p.C1066G	COSM6957246	1	Substitution - Missense
1069	c.3205C>A	p.L1069I	COSM6985055	1	Substitution - Missense
1073	c.3218_3219del	p.S1073Cfs*21	COSM5421243	2	Deletion - Frameshift
1078	c.3233C>G	p.S1078*	COSM6922204	1	Substitution - Nonsense
1082	c.3245C>T	p.S1082L	COSM2087904	1	Substitution - Missense
1090	c.?	p.E1090*	COSM6904503	1	Substitution - Nonsense
1091	c.3271C>G	p.L1091V	COSM4597874	1	Substitution - Missense
1091	c.3272T>C	p.L1091P	COSM4142934	10	Substitution - Missense
1096	c.3286G>T	p.V1096L	COSM3980006	1	Substitution - Missense
1099	c.3297A>T	p.Q1099H	COSM7515960	1	Substitution - Missense
1100	c.3297del	p.E1100Kfs*20	COSM6936409	1	Deletion - Frameshift
1100	c.3299A>G	p.E1100G	COSM10631831	1	Substitution - Missense
1101	c.3301G>A	p.V1101I	COSM9634359	1	Substitution - Missense
1102	c.3304C>T	p.Q1102*	COSM10094262	1	Substitution - Nonsense
1103	c.3308C>A	p.S1103*	COSM4766044	3	Substitution - Nonsense
1106	c.3314dup	p.P1106Afs*16	COSM1658832	2	Insertion - Frameshift
1106	c.3317C>T	p.P1106L	COSM2087909	1	Substitution - Missense
1106	c.?	p.P1106Xfs*16	COSM10072858	1	Frameshift
1108	c.3322C>G	p.P1108A	COSM7814995	1	Substitution - Missense
1108	c.3323C>A	p.P1108H	COSM7917411	1	Substitution - Missense
1108	c.3323C>T	p.P1108L	COSM1687056	5	Substitution - Missense
1109	c.3325T>A	p.S1109T	COSM10513382	1	Substitution - Missense
1109	c.3326C>G	p.S1109*	COSM8644839	1	Substitution - Nonsense
1114	c.3340A>T	p.K1114*	COSM6979144	1	Substitution - Nonsense
1114	c.3342del	p.K1114Nfs*6	COSM9862506	1	Deletion - Frameshift
1116	c.3346C>T	p.L1116=	COSM898725	1	Substitution - coding silent
1117	c.3349C>T	p.Q1117*	COSM898726	1	Substitution - Nonsense
1118	c.3352del	p.V1118Yfs*2	COSM10091281	1	Deletion - Frameshift
1119	c.3357A>T	p.L1119F	COSM8389992	1	Substitution - Missense
1120	c.3358G>C	p.D1120H	COSM6927368	1	Substitution - Missense
1122	c.3362_3363insCCACT	p.Q1122Hfs*34	COSM10295331	1	Insertion - Frameshift
1124	c.3370C>T	p.P1124S	COSM6935142	2	Substitution - Missense
1125	c.3373G>A	p.E1125K	COSM6928852	1	Substitution - Missense
1125	c.3375G>A	p.E1125=	COSM4024545	1	Substitution - coding silent
1125	c.3375G>T	p.E1125D	COSM7974074	1	Substitution - Missense
1127	c.3379_3380del	p.E1127Rfs*3	COSM10076148	1	Deletion - Frameshift
1128	c.3382G>A	p.D1128N	COSM7660803	1	Substitution - Missense
1129	c.3385G>A	p.V1129I	COSM463299	2	Substitution - Missense
1131	c.3392A>C	p.K1131T	COSM1227333	1	Substitution - Missense
1133	c.3399T>C	p.Y1133=	COSM414367	1	Substitution - coding silent
1137	c.3408del	p.R1137Vfs*17	COSM6904321	1	Deletion - Frameshift
1137	c.3409C>T	p.R1137C	COSM898727	3	Substitution - Missense
1140	c.3418del	p.T1140Hfs*14	COSM9862458	1	Deletion - Frameshift
1142	c.3424G>T	p.E1142*	COSM6835023	1	Substitution - Nonsense
1143	c.3428G>A	p.R1143H	COSM9802472	1	Substitution - Missense
1145	c.3434C>T	p.S1145L	COSM5960591	2	Substitution - Missense
1159	c.3475del	p.I1159Lfs*28	COSM6906241	2	Deletion - Frameshift
1159	c.3475dup	p.I1159Nfs*4	COSM10549125	1	Insertion - Frameshift
1160	c.3480C>T	p.G1160=	COSM4434734	2	Substitution - coding silent
1161	c.3482T>C	p.I1161T	COSM463300	1	Substitution - Missense
1163	c.3486_3487insT	p.I1163Yfs*16	COSM3733000	1	Insertion - Frameshift
1163	c.3488T>A	p.I1163N	COSM8314808	1	Substitution - Missense
1163	c.3489C>T	p.I1163=	COSM898728	2	Substitution - coding silent
1164	c.3490G>A	p.D1164N	COSM458472	1	Substitution - Missense
1164	c.3491A>G	p.D1164G	COSM10206016	1	Substitution - Missense
1166	c.3497C>T	p.T1166M	COSM9168676	1	Substitution - Missense
1166	c.3498G>A	p.T1166=	COSM4432019	1	Substitution - coding silent
1168	c.3503G>C	p.S1168T	COSM3385363	1	Substitution - Missense
1170	c.3508C>T	p.R1170*	COSM5417630	5	Substitution - Nonsense
1174	c.3520G>A	p.E1174K	COSM4847043	1	Substitution - Missense
1175	c.3523C>T	p.Q1175*	COSM7204873	1	Substitution - Nonsense
1183	c.3547G>T	p.E1183*	COSM5752542	2	Substitution - Nonsense
1190	c.3568G>C	p.E1190Q	COSM4847663	1	Substitution - Missense
1193	c.3579C>T	p.G1193=	COSM10901397	1	Substitution - coding silent
1194	c.3582T>C	p.S1194=	COSM4172118	2	Substitution - coding silent
1197	c.3590A>C	p.K1197T	COSM6968075	1	Substitution - Missense
1198	c.3591del	p.D1198Mfs*2	COSM9113119	1	Deletion - Frameshift
1198	c.3591dup	p.D1198Rfs*4	COSM1658833	5	Insertion - Frameshift
1198	c.3592G>A	p.D1198N	COSM6930782	1	Substitution - Missense
1198	c.?	p.D1198Xfs*4	COSM10072854	1	Frameshift
1198	c.?	p.D1198fs*2	COSM7335587	1	Frameshift
1201	c.3601G>A	p.E1201K	COSM8587187	1	Substitution - Missense
1204	c.3610dup	p.R1204Kfs*3	COSM9505489	1	Insertion - Frameshift
1204	c.3611G>C	p.R1204T	COSM399021	1	Substitution - Missense
1204	c.3612A>C	p.R1204S	COSM10661456	1	Substitution - Missense
1205	c.3614G>A	p.R1205H	COSM898729	1	Substitution - Missense
1206	c.3617G>T	p.S1206I	COSM10557298	1	Substitution - Missense
1207	c.3619C>T	p.L1207F	COSM6931566	1	Substitution - Missense
1211	c.3632_3654del	p.V1211Dfs*2	COSM9312372	2	Deletion - Frameshift
1212	c.3635G>A	p.G1212D	COSM10194219	1	Substitution - Missense
1214	c.3642C>T	p.P1214=	COSM5378247	1	Substitution - coding silent
1215	c.3643C>T	p.P1215S	COSM139271	1	Substitution - Missense
1215	c.3644C>A	p.P1215H	COSM7985278	1	Substitution - Missense
1216	c.3645_3646del	p.Q1216Rfs*4	COSM10559001	1	Deletion - Frameshift
1216	c.3647A>C	p.Q1216P	COSM6981624	1	Substitution - Missense
1218	c.3654C>T	p.V1218=	COSM4490535	1	Substitution - coding silent
1220	c.3658G>A	p.D1220N	COSM6915782	1	Substitution - Missense
1221	c.3662A>T	p.D1221V	COSM9116741	1	Substitution - Missense
1222	c.3665C>T	p.S1222F	COSM3802621	1	Substitution - Missense
1223	c.3666_3667del	p.P1223Sfs*2	COSM1658804	4	Deletion - Frameshift
1223	c.3667C>A	p.P1223T	COSM5034150	1	Substitution - Missense
1223	c.3668C>A	p.P1223H	COSM1687057	1	Substitution - Missense
1223	c.?	p.P1223Xfs*2	COSM10072851	1	Frameshift
1224	c.3670C>T	p.P1224S	COSM9682134	1	Substitution - Missense
1224	c.3671C>T	p.P1224L	COSM9225685	1	Substitution - Missense
1225	c.3674G>A	p.S1225N	COSM4729542	2	Substitution - Missense
1225	c.3675C>T	p.S1225=	COSM6122477	1	Substitution - coding silent
1227	c.3681G>C	p.K1227N	COSM6927369	1	Substitution - Missense
1228	c.3682_3686del	p.K1228Dfs*7	COSM10096650	2	Deletion - Frameshift
1231	c.3691G>A	p.D1231N	COSM399022	1	Substitution - Missense
1232	c.3694C>T	p.H1232Y	COSM10756454	1	Substitution - Missense
1233	c.3699C>A	p.V1233=	COSM676580	1	Substitution - coding silent
1234	c.3700G>A	p.D1234N	COSM898730	1	Substitution - Missense
1236	c.3706G>C	p.D1236H	COSM76566	1	Substitution - Missense
1237	c.3710T>A	p.I1237N	COSM5495642	1	Substitution - Missense
1237	c.3710T>C	p.I1237T	COSM10539169	1	Substitution - Missense
1240	c.3718A>T	p.K1240*	COSM10771960	1	Substitution - Nonsense
1241	c.3722G>A	p.R1241Q	COSM9525752	2	Substitution - Missense
1241	c.3722G>T	p.R1241L	COSM9535540	1	Substitution - Missense
1241	c.?	p.R1241*	COSM10072853	1	Substitution - Nonsense
1242	c.3724G>T	p.E1242*	COSM1227334	1	Substitution - Nonsense
1243	c.3727C>T	p.R1243W	COSM2087923	2	Substitution - Missense
1243	c.3729G>A	p.R1243=	COSM1626587	1	Substitution - coding silent
1245	c.3733T>C	p.Y1245H	COSM10661457	1	Substitution - Missense
1246	c.3737G>A	p.R1246K	COSM10513383	1	Substitution - Missense
1247	c.3741T>C	p.S1247=	COSM9302997	2	Substitution - coding silent
1248	c.3743C>T	p.S1248L	COSM3477435	1	Substitution - Missense
1250	c.3750A>C	p.Q1250H	COSM9200057	1	Substitution - Missense
1253	c.3757G>A	p.E1253K	COSM4431566	1	Substitution - Missense
1254	c.3760G>A	p.D1254N	COSM22674	1	Substitution - Missense
1254	c.3760G>C	p.D1254H	COSM7727606	1	Substitution - Missense
1255	c.3764C>A	p.S1255Y	COSM10895127	1	Substitution - Missense
1255	c.3764C>T	p.S1255F	COSM6911191	2	Substitution - Missense
1256	c.3766G>A	p.E1256K	COSM6983922	1	Substitution - Missense
1259	c.3775G>A	p.G1259S	COSM7340830	3	Substitution - Missense
1262	c.3782_3783insAGATCG	p.S1261_P1262insDR	COSM10294458	1	Insertion - In frame
1262	c.3786C>T	p.P1262=	COSM10144688	1	Substitution - coding silent
1263	c.3787A>C	p.S1263R	COSM9501765	1	Substitution - Missense
1263	c.3788G>T	p.S1263I	COSM8801191	1	Substitution - Missense
1264	c.3792C>T	p.V1264=	COSM8328442	1	Substitution - coding silent
1265	c.3793C>T	p.R1265*	COSM1639597	5	Substitution - Nonsense
1265	c.?	p.R1265*	COSM9276993	1	Substitution - Nonsense
1268	c.3803C>T	p.S1268F	COSM463301	2	Substitution - Missense
1270	c.3808C>T	p.H1270Y	COSM1687058	2	Substitution - Missense
1271	c.3812A>C	p.E1271A	COSM2087926	2	Substitution - Missense
1271	c.3812A>G	p.E1271G	COSM6954911	1	Substitution - Missense
1271	c.3813A>C	p.E1271D	COSM4924563	1	Substitution - Missense
1273	c.3817G>T	p.E1273*	COSM5025192	1	Substitution - Nonsense
1274	c.3820G>T	p.D1274Y	COSM7339870	1	Substitution - Missense
1279	c.3836C>A	p.P1279H	COSM7904976	1	Substitution - Missense
1281	c.3841del	p.L1281Yfs*4	COSM9862735	1	Deletion - Frameshift
1287	c.3860C>A	p.S1287Y	COSM10661458	1	Substitution - Missense
1294	c.3882C>T	p.V1294=	COSM3863359	1	Substitution - coding silent
1295	c.3884T>G	p.L1295R	COSM10174509	1	Substitution - Missense
1296	c.3886C>G	p.P1296A	COSM10053072	1	Substitution - Missense
1296	c.3888C>T	p.P1296=	COSM4224509	1	Substitution - coding silent
1298	c.3893C>G	p.S1298C	COSM6574504	1	Substitution - Missense
1298	c.3893C>T	p.S1298F	COSM7155970	1	Substitution - Missense
1304	c.3912_3935del	p.E1304_Y1312delinsD	COSM6918384	2	Deletion - In frame
1305	c.3914A>T	p.E1305V	COSM4024546	1	Substitution - Missense
1307	c.3921A>T	p.L1307F	COSM9535541	1	Substitution - Missense
1309	c.3926T>G	p.F1309C	COSM898731	2	Substitution - Missense
1311	c.3931C>T	p.P1311S	COSM2087928	5	Substitution - Missense
1312	c.3935A>T	p.Y1312F	COSM6942410	1	Substitution - Missense
1314	c.3940_3941insAAATCTCTTATGATT	p.D1313_S1314ins*	COSM5752834	1	Insertion - In frame
1314	c.3941C>T	p.S1314F	COSM9156113	1	Substitution - Missense
1316	c.3948G>T	p.R1316S	COSM5564389	1	Substitution - Missense
1319	c.3955C>T	p.Q1319*	COSM676579	1	Substitution - Nonsense
1319	c.3956_4009del	p.Q1319_E1336del	COSM6948885	1	Deletion - In frame
1321	c.3961G>A	p.A1321T	COSM277455	3	Substitution - Missense
1321	c.3962C>T	p.A1321V	COSM4024547	1	Substitution - Missense
1322	c.3964G>A	p.D1322N	COSM10661459	1	Substitution - Missense
1322	c.3966_3994del	p.D1322Efs*3	COSM5546874	4	Deletion - Frameshift
1324	c.3972C>T	p.A1324=	COSM5543479	1	Substitution - coding silent
1328	c.3984A>G	p.L1328=	COSM6201175	1	Substitution - coding silent
1329	c.3986C>T	p.S1329F	COSM6884514	3	Substitution - Missense
1334	c.4000G>A	p.E1334K	COSM164559	2	Substitution - Missense
1336	c.4006G>A	p.E1336K	COSM399023	1	Substitution - Missense
1339	c.4015C>A	p.R1339S	COSM263840	1	Substitution - Missense
1339	c.4015C>T	p.R1339C	COSM3689102	2	Substitution - Missense
1339	c.4016G>A	p.R1339H	COSM6947931	1	Substitution - Missense
1341	c.4022A>C	p.D1341A	COSM10661460	1	Substitution - Missense
1342	c.4025C>G	p.S1342C	COSM5048363	1	Substitution - Missense
1343	c.4027C>T	p.Q1343*	COSM7450018	2	Substitution - Nonsense
1344	c.4029del	p.M1344*	COSM5967159	1	Deletion - Frameshift
1344	c.4031T>G	p.M1344R	COSM10513384	1	Substitution - Missense
1348	c.4043C>A	p.A1348D	COSM129393	1	Substitution - Missense
1349	c.4047C>A	p.G1349=	COSM4140906	1	Substitution - coding silent
1350	c.4049G>A	p.R1350K	COSM8374845	1	Substitution - Missense
1351	c.4053T>C	p.F1351=	COSM898732	1	Substitution - coding silent
1352	c.4055A>G	p.D1352G	COSM9200058	1	Substitution - Missense
1353	c.4058T>C	p.V1353A	COSM9113472	1	Substitution - Missense
1354	c.4060_4061del	p.S1354Ffs*7	COSM6923129	4	Deletion - Frameshift
1356	c.4066C>T	p.P1356S	COSM6928853	1	Substitution - Missense
1356	c.4067C>A	p.P1356Q	COSM8114634	1	Substitution - Missense
1356	c.4067_4071del	p.P1356Qfs*4	COSM1731732	2	Deletion - Frameshift
1362	c.4085G>T	p.R1362I	COSM8130953	1	Substitution - Missense
1366	c.4096C>T	p.R1366*	COSM898733	3	Substitution - Nonsense
1366	c.4097G>A	p.R1366Q	COSM6977138	4	Substitution - Missense
1369	c.4106C>T	p.S1369F	COSM5515925	1	Substitution - Missense
1371	c.4111C>T	p.R1371*	COSM2087932	4	Substitution - Nonsense
1374	c.4122A>G	p.E1374=	COSM5949691	1	Substitution - coding silent
1375	c.4123C>G	p.P1375A	COSM8629799	1	Substitution - Missense
1376	c.4127G>A	p.G1376D	COSM6923906	1	Substitution - Missense
1381	c.4143T>C	p.D1381=	COSM10486019	1	Substitution - coding silent
1382	c.4145C>T	p.S1382F	COSM3477438	1	Substitution - Missense
1383	c.4147G>A	p.D1383N	COSM10273669	1	Substitution - Missense
1386	c.4156G>A	p.G1386S	COSM4639772	2	Substitution - Missense
1386	c.4158T>G	p.G1386=	COSM6209618	1	Substitution - coding silent
1390	c.4169C>A	p.S1390Y	COSM8716466	1	Substitution - Missense
1390	c.4170C>T	p.S1390=	COSM9422081	1	Substitution - coding silent
1391	c.4171C>A	p.H1391N	COSM7859976	1	Substitution - Missense
1391	c.4172A>G	p.H1391R	COSM9961924	1	Substitution - Missense
1395	c.4185C>A	p.A1395=	COSM898735	1	Substitution - coding silent
1398	c.4194A>C	p.L1398F	COSM6122476	1	Substitution - Missense
1400	c.4198G>A	p.E1400K	COSM129394	1	Substitution - Missense
1400	c.4198G>T	p.E1400*	COSM6940209	2	Substitution - Nonsense
1400	c.4199A>C	p.E1400A	COSM3732833	1	Substitution - Missense
1403	c.4207C>T	p.R1403*	COSM3863360	9	Substitution - Nonsense
1403	c.4209A>G	p.R1403=	COSM10012595	1	Substitution - coding silent
1403	c.?	p.R1403*	COSM10072852	1	Substitution - Nonsense
1405	c.4214C>G	p.S1405C	COSM6935894	2	Substitution - Missense
1407	c.4220del	p.L1407Yfs*2	COSM5231145	2	Deletion - Frameshift
1407	c.4221A>T	p.L1407F	COSM7627437	1	Substitution - Missense
1408	c.4223T>A	p.L1408*	COSM9900066	1	Substitution - Nonsense
1411	c.4232G>T	p.R1411I	COSM4846839	1	Substitution - Missense
1412	c.4234_4235del	p.E1412Rfs*5	COSM5752212	2	Deletion - Frameshift
1413	c.4237G>A	p.D1413N	COSM4846920	1	Substitution - Missense
1415	c.4244T>C	p.L1415P	COSM10633193	1	Substitution - Missense
1415	c.4244T>G	p.L1415R	COSM10551875	1	Substitution - Missense
1415	c.4245A>G	p.L1415=	COSM4024550	1	Substitution - coding silent
1415	c.4245A>T	p.L1415=	COSM4454166	1	Substitution - coding silent
1416	c.4246C>T	p.R1416C	COSM2087941	3	Substitution - Missense
1417	c.4249G>A	p.E1417K	COSM10201045	1	Substitution - Missense
1418	c.4252C>T	p.R1418*	COSM6586998	3	Substitution - Nonsense
1418	c.?	p.R1418*	COSM10512579	1	Substitution - Nonsense
1422	c.4266C>A	p.L1422=	COSM9634356	1	Substitution - coding silent
1426	c.4276T>G	p.L1426V	COSM4729543	1	Substitution - Missense
1426	c.4277T>A	p.L1426*	COSM424402	1	Substitution - Nonsense
1427	c.4279G>C	p.E1427Q	COSM8707452	1	Substitution - Missense
1429	c.4287C>A	p.N1429K	COSM7671170	1	Substitution - Missense
1430	c.4289A>C	p.K1430T	COSM9077103	1	Substitution - Missense
1433	c.4298C>A	p.S1433Y	COSM2087943	1	Substitution - Missense
1434	c.4301T>C	p.F1434S	COSM898736	1	Substitution - Missense
1434	c.4302T>A	p.F1434L	COSM10166332	1	Substitution - Missense
1434	c.4302del	p.F1434Lfs*62	COSM5015839	1	Deletion - Frameshift
1436	c.4308G>T	p.L1436F	COSM10026791	1	Substitution - Missense
1437	c.4309G>C	p.D1437H	COSM4847439	1	Substitution - Missense
1441	c.4323A>C	p.T1441=	COSM3802622	1	Substitution - coding silent
1444	c.4331C>G	p.T1444S	COSM6788654	1	Substitution - Missense
1449	c.4346A>G	p.E1449G	COSM6205930	1	Substitution - Missense
1451	c.4351G>A	p.A1451T	COSM4024551	1	Substitution - Missense
1451	c.4352C>T	p.A1451V	COSM5475551	1	Substitution - Missense
1453	c.4359C>T	p.S1453=	COSM1127291	1	Substitution - coding silent
1454	c.4362C>G	p.L1454=	COSM10632663	1	Substitution - coding silent
1455	c.4363T>C	p.S1455P	COSM9115492	1	Substitution - Missense
1455	c.4363T>G	p.S1455A	COSM4172119	1	Substitution - Missense
1455	c.4364C>T	p.S1455F	COSM4172120	1	Substitution - Missense
1456	c.4368A>G	p.S1456=	COSM8325519	2	Substitution - coding silent
1457	c.4369T>G	p.S1457A	COSM463302	1	Substitution - Missense
1457	c.4370C>T	p.S1457F	COSM10393888	1	Substitution - Missense
1458	c.4372C>T	p.R1458C	COSM3477439	3	Substitution - Missense
1458	c.4373G>T	p.R1458L	COSM315550	2	Substitution - Missense
1461	c.4381A>C	p.N1461H	COSM6935143	1	Substitution - Missense
1465	c.4393C>G	p.L1465V	COSM10743370	16	Substitution - Missense
1467	c.4399dup	p.W1467Lfs*14	COSM6983253	1	Insertion - Frameshift
1469	c.4406C>T	p.S1469F	COSM4576507	1	Substitution - Missense
1469	c.4407C>T	p.S1469=	COSM5593255	1	Substitution - coding silent
1470	c.4408C>T	p.R1470*	COSM6911573	3	Substitution - Nonsense
1470	c.4409G>A	p.R1470Q	COSM9248905	1	Substitution - Missense
1472	c.4414G>A	p.A1472T	COSM5052757	1	Substitution - Missense
1475	c.4423C>T	p.R1475*	COSM1127290	4	Substitution - Nonsense
1475	c.4424G>A	p.R1475Q	COSM3740792	1	Substitution - Missense
1475	c.4425A>G	p.R1475=	COSM376225	1	Substitution - coding silent
1479	c.4435G>C	p.D1479H	COSM5796684	1	Substitution - Missense
1480	c.4438A>T	p.K1480*	COSM5584114	1	Substitution - Nonsense
1481	c.4441G>A	p.E1481K	COSM107296	1	Substitution - Missense
1481	c.4441G>T	p.E1481*	COSM8854518	1	Substitution - Nonsense
1481	c.4441_4444del	p.E1481Rfs*14	COSM4746298	1	Deletion - Frameshift
1483	c.4447G>A	p.V1483I	COSM6934783	1	Substitution - Missense
1483	c.4448T>C	p.V1483A	COSM7543415	1	Substitution - Missense
1484	c.4451A>T	p.D1484V	COSM6945710	1	Substitution - Missense
1484	c.4452C>A	p.D1484E	COSM8392120	1	Substitution - Missense
1485	c.4454_4455del	p.S1485Cfs*16	COSM7330044	1	Deletion - Frameshift
1486	c.4456G>A	p.A1486T	COSM1626588	1	Substitution - Missense
1486	c.?	p.A1486V	COSM10512517	1	Substitution - Missense
1488	c.4463G>T	p.R1488I	COSM22675	3	Substitution - Missense
1489	c.4466C>G	p.P1489R	COSM6122475	1	Substitution - Missense
1491	c.4471C>T	p.P1491S	COSM10513385	1	Substitution - Missense
1494	c.4482C>T	p.Y1494=	COSM9964192	1	Substitution - coding silent
1495	c.4484T>C	p.M1495T	COSM4729544	1	Substitution - Missense
1495	c.4485G>A	p.M1495I	COSM4847130	1	Substitution - Missense
1496	c.4486A>C	p.K1496Q	COSM9117906	3	Substitution - Missense
1506	c.4516G>T	p.G1506W	COSM6912345	1	Substitution - Missense
1508	c.4522del	p.M1508Wfs*39	COSM9358557	1	Deletion - Frameshift
1509	c.4525G>A	p.D1509N	COSM4847326	2	Substitution - Missense
1510	c.4528G>A	p.D1510N	COSM4847023	1	Substitution - Missense
1511	c.4533G>A	p.K1511=	COSM399024	1	Substitution - coding silent
1518	c.4552G>C	p.E1518Q	COSM1626589	1	Substitution - Missense
1519	c.4555G>A	p.E1519K	COSM399025	3	Substitution - Missense
1521	c.4563G>A	p.E1521=	COSM4548754	1	Substitution - coding silent
1521	c.4563G>C	p.E1521D	COSM6983181	1	Substitution - Missense
1528	c.4581_4582delinsGC	p.S1528P	COSM228778	1	Substitution - Missense
1529	c.4585C>T	p.R1529C	COSM3863361	2	Substitution - Missense
1529	c.4586G>A	p.R1529H	COSM2087949	2	Substitution - Missense
1529	c.4587T>A	p.R1529=	COSM898737	1	Substitution - coding silent
1531	c.4592del	p.L1531Yfs*16	COSM4450132	1	Deletion - Frameshift
1531	c.4592dup	p.L1531Ffs*7	COSM2087950	1	Insertion - Frameshift
1534	c.4601C>G	p.S1534*	COSM2087951	2	Substitution - Nonsense
1534	c.4601C>T	p.S1534L	COSM10384436	1	Substitution - Missense
1535	c.4605C>G	p.I1535M	COSM9510731	1	Substitution - Missense
1537	c.4609G>T	p.E1537*	COSM9264115	1	Substitution - Nonsense
1539	c.4615G>A	p.D1539N	COSM6191720	1	Substitution - Missense
1542	c.4624C>T	p.R1542*	COSM3802623	7	Substitution - Nonsense
1549	c.4646A>T	p.K1549I	COSM3477440	1	Substitution - Missense
1550	c.4650G>T	p.E1550D	COSM4024552	1	Substitution - Missense
1551	c.4653A>T	p.E1551D	COSM6955427	1	Substitution - Missense
1552	c.4654G>A	p.D1552N	COSM399026	1	Substitution - Missense
1554	c.4660G>A	p.D1554N	COSM6983182	1	Substitution - Missense
1557	c.4670C>T	p.S1557F	COSM8236709	1	Substitution - Missense
1559	c.4677G>A	p.R1559=	COSM7003529	1	Substitution - coding silent
1559	c.4677G>T	p.R1559S	COSM9112779	1	Substitution - Missense
1566	c.4696_4711del	p.S1566Afs*10	COSM10513029	1	Deletion - Frameshift
1566	c.4697C>T	p.S1566F	COSM6951241	1	Substitution - Missense
1567	c.4699G>A	p.E1567K	COSM6924350	2	Substitution - Missense
1567	c.4699G>C	p.E1567Q	COSM7391727	1	Substitution - Missense
1569	c.4707A>T	p.A1569=	COSM9970716	1	Substitution - coding silent
1571	c.4712G>A	p.S1571N	COSM6788678	1	Substitution - Missense
1572	c.4715C>T	p.T1572I	COSM10210383	1	Substitution - Missense
1573	c.4718C>T	p.T1573I	COSM6979883	1	Substitution - Missense
1574	c.4720G>A	p.D1574N	COSM7727301	1	Substitution - Missense
1575	c.4725C>A	p.S1575=	COSM898738	2	Substitution - coding silent
1575	c.4725C>T	p.S1575=	COSM3477441	2	Substitution - coding silent
1578	c.4732G>C	p.E1578Q	COSM4846840	1	Substitution - Missense
1584	c.4752T>C	p.H1584=	COSM4576508	1	Substitution - coding silent
1590	c.4770C>T	p.L1590=	COSM4904507	2	Substitution - coding silent
1591	c.4771A>G	p.T1591A	COSM4938500	1	Substitution - Missense
1592	c.4774C>T	p.R1592W	COSM6941951	1	Substitution - Missense
1592	c.4775G>A	p.R1592Q	COSM5485487	1	Substitution - Missense
1596	c.4786A>C	p.K1596Q	COSM1227335	1	Substitution - Missense
1599	c.4795G>C	p.E1599Q	COSM676578	1	Substitution - Missense
1601	c.4801G>A	p.D1601N	COSM6925416	6	Substitution - Missense
1601	c.4801G>C	p.D1601H	COSM6958951	1	Substitution - Missense
1607	c.4819G>C	p.V1607L	COSM5040902	1	Substitution - Missense
1609	c.4827A>G	p.K1609=	COSM4024553	1	Substitution - coding silent
1612	c.4834G>C	p.D1612H	COSM6983183	1	Substitution - Missense
1612	c.4834G>T	p.D1612Y	COSM4853802	1	Substitution - Missense
1613	c.4838C>G	p.T1613R	COSM10345008	1	Substitution - Missense
1614	c.4840G>A	p.E1614K	COSM1626590	1	Substitution - Missense
1615	c.4845T>C	p.N1615=	COSM7320652	1	Substitution - coding silent
1616	c.4846C>T	p.H1616Y	COSM9200059	1	Substitution - Missense
1619	c.4856C>T	p.T1619I	COSM137762	1	Substitution - Missense
1620	c.4858C>T	p.P1620S	COSM6890195	1	Substitution - Missense
1621	c.4861G>A	p.E1621K	COSM6984299	1	Substitution - Missense
1624	c.4872T>C	p.P1624=	COSM8485531	1	Substitution - coding silent
1625	c.4873G>T	p.E1625*	COSM3477442	1	Substitution - Nonsense
1625	c.4875G>A	p.E1625=	COSM3477443	1	Substitution - coding silent
1629	c.4886C>G	p.S1629*	COSM10300086	1	Substitution - Nonsense
1631	c.4892T>G	p.L1631R	COSM898739	1	Substitution - Missense
1632	c.4896A>G	p.K1632=	COSM463303	1	Substitution - coding silent
1633	c.4897dup	p.T1633Nfs*28	COSM10282644	1	Insertion - Frameshift
1634	c.4900C>T	p.P1634S	COSM4497120	2	Substitution - Missense
1634	c.4902A>C	p.P1634=	COSM3802624	1	Substitution - coding silent
1636	c.4907C>T	p.S1636F	COSM7965676	1	Substitution - Missense
1637	c.4909G>A	p.V1637I	COSM6788636	1	Substitution - Missense
1638	c.4911_4917del	p.G1638Qfs*6	COSM10512951	1	Deletion - Frameshift
1638	c.4912G>A	p.G1638R	COSM5448227	1	Substitution - Missense
1639	c.4915C>T	p.P1639S	COSM8976303	1	Substitution - Missense
1640	c.4918C>T	p.P1640S	COSM5048364	1	Substitution - Missense
1641	c.4923T>G	p.S1641R	COSM4925743	1	Substitution - Missense
1643	c.4926_4962del	p.T1643Rfs*9	COSM10292367	1	Deletion - Frameshift
1644	c.4930G>A	p.V1644I	COSM7608513	1	Substitution - Missense
1645	c.4933G>A	p.V1645I	COSM6788650	3	Substitution - Missense
1645	c.4935A>G	p.V1645=	COSM4024554	1	Substitution - coding silent
1646	c.4936A>T	p.T1646S	COSM10089675	1	Substitution - Missense
1651	c.4953A>G	p.P1651=	COSM5992828	2	Substitution - coding silent
1652	c.4955C>T	p.S1652L	COSM6442682	1	Substitution - Missense
1655	c.4963G>C	p.E1655Q	COSM6928273	2	Substitution - Missense
1656	c.4967_4979del	p.K1656Tfs*4	COSM9863286	1	Deletion - Frameshift
1660	c.4980C>A	p.D1660E	COSM5049375	1	Substitution - Missense
1662	c.4984del	p.T1662Rfs*2	COSM8568866	1	Deletion - Frameshift
1662	c.4985C>T	p.T1662M	COSM6788674	2	Substitution - Missense
1665	c.4994C>A	p.A1665E	COSM10191420	1	Substitution - Missense
1665	c.4994C>T	p.A1665V	COSM9805880	2	Substitution - Missense
1665	c.4995G>A	p.A1665=	COSM6222405	1	Substitution - coding silent
1667	c.4998_4999delinsCA	p.L1667M	COSM6953206	1	Substitution - Missense
1670	c.5008G>T	p.E1670*	COSM5752709	1	Substitution - Nonsense
1675	c.5025G>A	p.E1675=	COSM337619	1	Substitution - coding silent
1679	c.5035G>A	p.V1679I	COSM4024555	5	Substitution - Missense
1680	c.5039C>A	p.S1680*	COSM6447801	1	Substitution - Nonsense
1681	c.5041G>A	p.E1681K	COSM6961273	1	Substitution - Missense
1681	c.5041G>C	p.E1681Q	COSM8707249	1	Substitution - Missense
1682	c.5044G>C	p.E1682Q	COSM8687207	1	Substitution - Missense
1686	c.5057C>T	p.A1686V	COSM10895125	1	Substitution - Missense
1690	c.5069C>A	p.A1690D	COSM898740	1	Substitution - Missense
1690	c.5070T>C	p.A1690=	COSM6788663	1	Substitution - coding silent
1691	c.5071C>T	p.P1691S	COSM8705171	1	Substitution - Missense
1692	c.5074G>A	p.A1692T	COSM8214204	1	Substitution - Missense
1693	c.5077C>T	p.P1693S	COSM5928188	1	Substitution - Missense
1693	c.5078del	p.P1693Lfs*8	COSM10091828	1	Deletion - Frameshift
1694	c.5082G>A	p.V1694=	COSM5823384	2	Substitution - coding silent
1695	c.5083del	p.E1695Nfs*6	COSM6913191	3	Deletion - Frameshift
1697	c.5091G>T	p.L1697=	COSM5822118	1	Substitution - coding silent
1698	c.5092G>T	p.E1698*	COSM399027	1	Substitution - Nonsense
1699	c.5095C>G	p.Q1699E	COSM6059331	1	Substitution - Missense
1701	c.5103C>T	p.D1701=	COSM9209142	3	Substitution - coding silent
1704	c.5111del	p.P1704Qfs*11	COSM5228438	1	Deletion - Frameshift
1705	c.5111dup	p.G1705Rfs*6	COSM6915029	4	Insertion - Frameshift
1708	c.5123_5124delinsTT	p.P1708L	COSM9652512	1	Substitution - Missense
1709	c.5124del	p.D1709Ifs*6	COSM9862812	1	Deletion - Frameshift
1709	c.5125G>A	p.D1709N	COSM6788642	2	Substitution - Missense
1710	c.5130A>C	p.K1710N	COSM3477444	1	Substitution - Missense
1711	c.5131G>A	p.E1711K	COSM9806646	1	Substitution - Missense
1713	c.5138C>T	p.A1713V	COSM6956928	1	Substitution - Missense
1714	c.5141T>C	p.M1714T	COSM6934708	1	Substitution - Missense
1715	c.5143A>T	p.M1715L	COSM9360933	1	Substitution - Missense
1715	c.5144T>A	p.M1715K	COSM6959015	1	Substitution - Missense
1717	c.5150C>T	p.A1717V	COSM4576509	4	Substitution - Missense
1720	c.5158G>C	p.E1720Q	COSM4853350	1	Substitution - Missense
1720	c.5160G>T	p.E1720D	COSM898741	1	Substitution - Missense
1723	c.5168C>A	p.S1723*	COSM8855238	2	Substitution - Nonsense
1723	c.5169A>T	p.S1723=	COSM676576	1	Substitution - coding silent
1724	c.5171C>G	p.S1724*	COSM458470	1	Substitution - Nonsense
1725	c.5174G>A	p.G1725D	COSM3980007	1	Substitution - Missense
1726	c.5176G>A	p.D1726N	COSM3984419	1	Substitution - Missense
1727	c.5179C>T	p.Q1727*	COSM424403	2	Substitution - Nonsense
1727	c.5180A>G	p.Q1727R	COSM6970964	1	Substitution - Missense
1728	c.5182C>G	p.P1728A	COSM3477445	1	Substitution - Missense
1728	c.5183C>T	p.P1728L	COSM1335793	1	Substitution - Missense
1731	c.5193G>A	p.L1731=	COSM8201145	1	Substitution - coding silent
1731	c.?	p.L1731fs*?	COSM6904504	1	Frameshift
1733	c.5198C>T	p.A1733V	COSM6788670	1	Substitution - Missense
1735	c.5203C>T	p.P1735S	COSM7080284	1	Substitution - Missense
1738	c.5212C>T	p.P1738S	COSM9796874	2	Substitution - Missense
1738	c.5213_5214delinsTT	p.P1738L	COSM9657216	1	Substitution - Missense
1738	c.5214C>G	p.P1738=	COSM6059330	1	Substitution - coding silent
1741	c.5222C>T	p.S1741L	COSM305594	2	Substitution - Missense
1741	c.5223G>A	p.S1741=	COSM285309	1	Substitution - coding silent
1743	c.5229C>T	p.S1743=	COSM3477446	1	Substitution - coding silent
1745	c.5234C>A	p.A1745E	COSM3677443	1	Substitution - Missense
1748	c.5243A>C	p.N1748T	COSM3677444	1	Substitution - Missense
1748	c.5244C>T	p.N1748=	COSM7302202	1	Substitution - coding silent
1752	c.5254G>A	p.E1752K	COSM6947470	1	Substitution - Missense
1752	c.5254G>C	p.E1752Q	COSM6929760	1	Substitution - Missense
1753	c.5257C>T	p.P1753S	COSM7626757	1	Substitution - Missense
1753	c.5259T>C	p.P1753=	COSM463304	1	Substitution - coding silent
1754	c.5259_5260inv	p.D1754N	COSM463305	1	Substitution - Missense
1754	c.5260G>A	p.D1754N	COSM463306	1	Substitution - Missense
1755	c.5264G>A	p.S1755N	COSM6788665	1	Substitution - Missense
1756	c.5266A>G	p.T1756A	COSM6971886	1	Substitution - Missense
1757	c.5269C>T	p.Q1757*	COSM10076149	1	Substitution - Nonsense
1760	c.5279C>A	p.S1760*	COSM9866100	1	Substitution - Nonsense
1760	c.5279C>G	p.S1760*	COSM6455048	1	Substitution - Nonsense
1761	c.5281A>G	p.K1761E	COSM6956236	1	Substitution - Missense
1764	c.5292G>C	p.Q1764H	COSM9525753	1	Substitution - Missense
1765	c.5294_5295insCCATG	p.K1765Nfs*43	COSM10293471	1	Insertion - Frameshift
1770	c.5310T>A	p.N1770K	COSM1185333	1	Substitution - Missense
1771	c.5313G>C	p.E1771D	COSM6909446	1	Substitution - Missense
1774	c.5322C>A	p.A1774=	COSM6030384	2	Substitution - coding silent
1775	c.5323G>A	p.E1775K	COSM6122474	1	Substitution - Missense
1779	c.5335G>T	p.A1779S	COSM6059329	1	Substitution - Missense
1782	c.5344G>T	p.D1782Y	COSM9043968	1	Substitution - Missense
1787	c.5359G>C	p.A1787P	COSM1716437	1	Substitution - Missense
1788	c.5364C>T	p.N1788=	COSM8120761	1	Substitution - coding silent
1791	c.5370del	p.A1791Pfs*15	COSM6506413	3	Deletion - Frameshift
1792	c.5374G>A	p.E1792K	COSM8687210	1	Substitution - Missense
1798	c.5392C>T	p.Q1798*	COSM9865052	2	Substitution - Nonsense
1802	c.5404T>C	p.S1802P	COSM6982084	1	Substitution - Missense
1806	c.5416G>T	p.E1806*	COSM5351797	1	Substitution - Nonsense
1809	c.5425C>T	p.P1809S	COSM9303000	1	Substitution - Missense
1809	c.5426C>T	p.P1809L	COSM5523902	1	Substitution - Missense
1810	c.5428C>G	p.P1810A	COSM4944027	1	Substitution - Missense
1810	c.5428C>T	p.P1810S	COSM6969316	2	Substitution - Missense
1812	c.5435C>T	p.A1812V	COSM2087960	1	Substitution - Missense
1813	c.5437G>A	p.A1813T	COSM10460612	1	Substitution - Missense
1814	c.5442G>A	p.K1814=	COSM3477447	1	Substitution - coding silent
1815	c.5444A>T	p.D1815V	COSM6910017	1	Substitution - Missense
1819	c.5456A>G	p.N1819S	COSM10348438	1	Substitution - Missense
1820	c.5458A>T	p.K1820*	COSM10549126	1	Substitution - Nonsense
1821	c.5462G>A	p.S1821N	COSM9530745	1	Substitution - Missense
1822	c.5466G>A	p.K1822=	COSM3418253	1	Substitution - coding silent
1823	c.5467C>A	p.R1823S	COSM463307	1	Substitution - Missense
1823	c.5467C>T	p.R1823C	COSM6911287	3	Substitution - Missense
1823	c.5468G>A	p.R1823H	COSM6450659	2	Substitution - Missense
1829	c.5485C>T	p.Q1829*	COSM22669	1	Substitution - Nonsense
1830	c.5488G>T	p.A1830S	COSM4142935	1	Substitution - Missense
1835	c.5499_5502del	p.I1835Wfs*12	COSM10279284	1	Deletion - Frameshift
1835	c.5505C>T	p.I1835=	COSM3477448	5	Substitution - coding silent
1835	c.?	p.I1835=	COSM6904664	1	Substitution - coding silent
1836	c.5506G>A	p.V1836M	COSM9136586	1	Substitution - Missense
1837	c.5511G>A	p.E1837=	COSM8286407	1	Substitution - coding silent
1839	c.5516C>T	p.P1839L	COSM6963305	1	Substitution - Missense
1840	c.5518G>A	p.V1840I	COSM9913707	1	Substitution - Missense
1840	c.5519T>C	p.V1840A	COSM6936554	1	Substitution - Missense
1848	c.5542G>A	p.D1848N	COSM6928482	2	Substitution - Missense
1849	c.5545_5546insTCTAAATCTTCA	p.D1848_R1849insL*IF	COSM10765552	1	Insertion - Frameshift
1849	c.5546G>A	p.R1849Q	COSM5977873	1	Substitution - Missense
1850	c.5548G>A	p.E1850K	COSM10661463	1	Substitution - Missense
1852	c.5556C>T	p.L1852=	COSM7124891	1	Substitution - coding silent
1854	c.5561G>A	p.R1854Q	COSM291844	2	Substitution - Missense
1854	c.5561G>C	p.R1854P	COSM3934222	1	Substitution - Missense
1854	c.5561G>T	p.R1854L	COSM9989199	1	Substitution - Missense
1854	c.?	p.R1854Q	COSM7418989	1	Substitution - Missense
1856	c.5567A>C	p.N1856T	COSM263841	2	Substitution - Missense
1856	c.5567A>G	p.N1856S	COSM7340831	7	Substitution - Missense
1856	c.?	p.N1856S	COSM10512531	1	Substitution - Missense
1857	c.5570C>A	p.S1857Y	COSM6957247	2	Substitution - Missense
1858	c.5572C>T	p.P1858S	COSM9799974	4	Substitution - Missense
1858	c.5573C>T	p.P1858L	COSM6922778	3	Substitution - Missense
1859	c.5575C>T	p.R1859W	COSM2087964	1	Substitution - Missense
1859	c.5576G>A	p.R1859Q	COSM10037636	1	Substitution - Missense
1860	c.5579G>A	p.G1860E	COSM9805597	1	Substitution - Missense
1860	c.5579del	p.G1860Efs*9	COSM1335798	1	Deletion - Frameshift
1865	c.5593del	p.L1865Ffs*4	COSM9862805	1	Deletion - Frameshift
1868	c.5602T>G	p.L1868V	COSM3984420	1	Substitution - Missense
1869	c.5607G>A	p.K1869=	COSM8807533	1	Substitution - coding silent
1869	c.5607G>C	p.K1869N	COSM8306460	1	Substitution - Missense
1871	c.5612A>G	p.E1871G	COSM10157442	1	Substitution - Missense
1871	c.5613G>C	p.E1871D	COSM6357373	1	Substitution - Missense
1873	c.5619G>A	p.E1873=	COSM4851341	2	Substitution - coding silent
1880	c.5639C>G	p.S1880C	COSM6967155	1	Substitution - Missense
1883	c.5648C>G	p.S1883C	COSM7637499	1	Substitution - Missense
1888	c.5662_5671delinsTACATCCCA	p.E1888Yfs*17	COSM6943377	1	Complex - frameshift
1890	c.5669C>T	p.P1890L	COSM10367089	1	Substitution - Missense
1891	c.5672A>C	p.E1891A	COSM8885568	1	Substitution - Missense
1892	c.5674C>T	p.P1892S	COSM6924433	1	Substitution - Missense
1895	c.5684C>A	p.P1895H	COSM10661464	1	Substitution - Missense
1897	c.5691C>T	p.S1897=	COSM2087967	3	Substitution - coding silent
1898	c.5692C>T	p.R1898*	COSM2087968	1	Substitution - Nonsense
1898	c.5693G>A	p.R1898Q	COSM6788653	1	Substitution - Missense
1901	c.5701C>T	p.R1901C	COSM9324252	2	Substitution - Missense
1902	c.5704C>T	p.R1902W	COSM3774416	2	Substitution - Missense
1902	c.5705G>A	p.R1902Q	COSM6449147	2	Substitution - Missense
1906	c.5718C>T	p.S1906=	COSM4024556	1	Substitution - coding silent
1907	c.5719G>A	p.V1907I	COSM5990944	4	Substitution - Missense
1907	c.5721C>A	p.V1907=	COSM8210331	1	Substitution - coding silent
1909	c.5725_5726del	p.A1909Nfs*4	COSM10560959	1	Deletion - Frameshift
1909	c.5726C>T	p.A1909V	COSM6423648	2	Substitution - Missense
1916	c.5748C>T	p.N1916=	COSM4626874	1	Substitution - coding silent
1917	c.5749C>T	p.R1917C	COSM4729545	4	Substitution - Missense
1917	c.5750G>A	p.R1917H	COSM6934407	2	Substitution - Missense
1919	c.5754del	p.P1919Lfs*11	COSM6205812	1	Deletion - Frameshift
1920	c.5758G>A	p.V1920I	COSM4224516	2	Substitution - Missense
1920	c.5760C>T	p.V1920=	COSM5378250	1	Substitution - coding silent
1923	c.5767C>T	p.P1923S	COSM5634661	1	Substitution - Missense
1923	c.5769C>T	p.P1923=	COSM3477449	1	Substitution - coding silent
1925	c.5773G>A	p.E1925K	COSM5048365	1	Substitution - Missense
1925	c.5773G>C	p.E1925Q	COSM6968036	1	Substitution - Missense
1926	c.5776C>T	p.Q1926*	COSM6967255	2	Substitution - Nonsense
1927	c.5780C>T	p.P1927L	COSM4800478	1	Substitution - Missense
1928	c.5783G>A	p.R1928K	COSM9809048	1	Substitution - Missense
1931	c.5792G>A	p.R1931K	COSM7003008	1	Substitution - Missense
1934	c.5802G>T	p.L1934F	COSM8672913	1	Substitution - Missense
1935	c.5803G>C	p.E1935Q	COSM1684997	2	Substitution - Missense
1936	c.5807G>A	p.R1936Q	COSM9065947	2	Substitution - Missense
1940	c.5818G>A	p.E1940K	COSM1295380	1	Substitution - Missense
1941	c.5821G>A	p.A1941T	COSM9113289	1	Substitution - Missense
1942	c.5824G>C	p.A1942P	COSM363153	1	Substitution - Missense
1943	c.5829G>A	p.A1943=	COSM6122473	1	Substitution - coding silent
1945	c.5834C>T	p.P1945L	COSM8330440	2	Substitution - Missense
1947	c.5839A>C	p.T1947P	COSM463308	3	Substitution - Missense
1947	c.5841C>T	p.T1947=	COSM9801796	1	Substitution - coding silent
1948	c.5841_5842delinsTT	p.P1948S	COSM9657242	1	Substitution - Missense
1948	c.5843C>T	p.P1948L	COSM5593254	2	Substitution - Missense
1949	c.5845C>T	p.R1949W	COSM5650939	2	Substitution - Missense
1949	c.5846G>A	p.R1949Q	COSM6788655	1	Substitution - Missense
1949	c.5846_5847delinsAA	p.R1949Q	COSM4567133	1	Substitution - Missense
1952	c.5855G>C	p.R1952T	COSM4576510	1	Substitution - Missense
1952	c.?	p.R1952W	COSM7335475	2	Substitution - Missense
1953	c.5858del	p.P1953Lfs*69	COSM10549127	1	Deletion - Frameshift
1954	c.5861C>T	p.P1954L	COSM4900775	1	Substitution - Missense
1958	c.5872C>T	p.R1958W	COSM10480553	2	Substitution - Missense
1959	c.5875C>G	p.R1959G	COSM1227337	1	Substitution - Missense
1959	c.5875C>T	p.R1959*	COSM6908604	2	Substitution - Nonsense
1960	c.5880C>T	p.A1960=	COSM7116406	2	Substitution - coding silent
1961	c.5881G>A	p.D1961N	COSM2087973	2	Substitution - Missense
1963	c.5889G>T	p.E1963D	COSM10558211	1	Substitution - Missense
1964	c.5890G>T	p.E1964*	COSM6945123	2	Substitution - Nonsense
1964	c.5890_5895delinsTAGGAA	p.E1964*	COSM6982491	1	Substitution - Nonsense
1965	c.5886_5888del	p.E1965del	COSM2087974	1	Deletion - In frame
1965	c.5895G>A	p.E1965=	COSM10513386	1	Substitution - coding silent
1966	c.5898C>T	p.N1966=	COSM5448228	1	Substitution - coding silent
1967	c.5899G>A	p.E1967K	COSM10513387	1	Substitution - Missense
1969	c.5907G>A	p.K1969=	COSM10513388	1	Substitution - coding silent
1970	c.5908G>A	p.E1970K	COSM7339869	1	Substitution - Missense
1970	c.5908G>T	p.E1970*	COSM8647774	1	Substitution - Nonsense
1971	c.5912C>A	p.P1971H	COSM8231253	1	Substitution - Missense
1971	c.5912C>T	p.P1971L	COSM6930581	1	Substitution - Missense
1971	c.5913T>C	p.P1971=	COSM3984421	1	Substitution - coding silent
1972	c.5915C>A	p.A1972E	COSM5621899	1	Substitution - Missense
1976	c.5925_5926del	p.K1976Afs*3	COSM424404	1	Deletion - Frameshift
1977	c.5929C>T	p.P1977S	COSM3802625	2	Substitution - Missense
1979	c.5935G>C	p.E1979Q	COSM6924543	2	Substitution - Missense
1979	c.5935G>T	p.E1979*	COSM7767819	1	Substitution - Nonsense
1980	c.5938G>T	p.G1980*	COSM4142936	1	Substitution - Nonsense
1980	c.5939G>A	p.G1980E	COSM4553528	1	Substitution - Missense
1982	c.5944C>T	p.R1982W	COSM898742	3	Substitution - Missense
1983	c.5948C>T	p.S1983L	COSM2087977	2	Substitution - Missense
1983	c.5949G>A	p.S1983=	COSM5491028	2	Substitution - coding silent
1984	c.5950C>T	p.P1984S	COSM9965893	1	Substitution - Missense
1986	c.5957C>T	p.S1986F	COSM6913585	1	Substitution - Missense
1986	c.5958C>T	p.S1986=	COSM8121596	1	Substitution - coding silent
1987	c.5959C>A	p.Q1987K	COSM8051870	1	Substitution - Missense
1987	c.5959C>T	p.Q1987*	COSM9797691	1	Substitution - Nonsense
1994	c.5980G>T	p.G1994*	COSM6955720	1	Substitution - Nonsense
1995	c.5983C>T	p.P1995S	COSM1320794	1	Substitution - Missense
1996	c.5986C>T	p.Q1996*	COSM9384773	1	Substitution - Nonsense
1997	c.5991G>A	p.G1997=	COSM9773674	1	Substitution - coding silent
1998	c.5993A>T	p.K1998I	COSM6980600	1	Substitution - Missense
1999	c.5996A>C	p.K1999T	COSM6788676	1	Substitution - Missense
1999	c.5996A>G	p.K1999R	COSM8228217	1	Substitution - Missense
1999	c.?	p.K1999Xfs*23	COSM6024062	1	Frameshift
2002	c.6005dup	p.N2002Kfs*2	COSM9359007	1	Insertion - Frameshift
2002	c.?	p.N2002Mfs*20	COSM9351476	1	Frameshift
2003	c.6007G>T	p.E2003*	COSM6570747	1	Substitution - Nonsense
2003	c.6009A>G	p.E2003=	COSM3980008	1	Substitution - coding silent
2004	c.6012G>A	p.P2004=	COSM530270	2	Substitution - coding silent
2007	c.6019G>A	p.D2007N	COSM7242363	1	Substitution - Missense
2007	c.6021T>A	p.D2007E	COSM7340834	1	Substitution - Missense
2008	c.6024T>C	p.A2008=	COSM1335808	1	Substitution - coding silent
2010	c.6028C>T	p.R2010C	COSM5844303	2	Substitution - Missense
2010	c.6029G>A	p.R2010H	COSM898743	1	Substitution - Missense
2011	c.6031C>T	p.P2011S	COSM6009092	1	Substitution - Missense
2012	c.6034G>T	p.E2012*	COSM5892663	1	Substitution - Nonsense
2013	c.6037G>A	p.A2013T	COSM7188892	1	Substitution - Missense
2014	c.6041C>T	p.T2014I	COSM6928854	1	Substitution - Missense
2016	c.6046G>T	p.E2016*	COSM9530746	1	Substitution - Nonsense
2017	c.6050T>G	p.V2017G	COSM3802626	1	Substitution - Missense
2018	c.6052_6053insC	p.G2018Afs*17	COSM7513264	1	Insertion - Frameshift
2019	c.6055C>T	p.P2019S	COSM6949795	2	Substitution - Missense
2019	c.6056C>T	p.P2019L	COSM10513389	1	Substitution - Missense
2019	c.6057C>T	p.P2019=	COSM10513390	1	Substitution - coding silent
2020	c.6058dup	p.Q2020Pfs*15	COSM9863859	1	Insertion - Frameshift
2022	c.6064G>T	p.G2022C	COSM7872164	1	Substitution - Missense
2022	c.6066C>T	p.G2022=	COSM2087984	1	Substitution - coding silent
2023	c.6067G>A	p.V2023M	COSM6229618	1	Substitution - Missense
2023	c.6069G>C	p.V2023=	COSM424405	1	Substitution - coding silent
2023	c.6069G>T	p.V2023=	COSM9530747	1	Substitution - coding silent
2025	c.6073G>T	p.E2025*	COSM6987361	1	Substitution - Nonsense
2028	c.6082A>G	p.M2028V	COSM6788637	3	Substitution - Missense
2030	c.6088C>T	p.P2030S	COSM8237265	1	Substitution - Missense
2031	c.6092A>T	p.K2031M	COSM10635233	1	Substitution - Missense
2032	c.6094G>A	p.A2032T	COSM5443610	1	Substitution - Missense
2032	c.6095C>G	p.A2032G	COSM7403868	1	Substitution - Missense
2033	c.6097G>T	p.A2033S	COSM5993114	2	Substitution - Missense
2037	c.6109G>T	p.A2037S	COSM5949581	1	Substitution - Missense
2038	c.6113G>A	p.G2038E	COSM10504598	1	Substitution - Missense
2039	c.6117T>G	p.S2039R	COSM9843723	1	Substitution - Missense
2043	c.6128G>A	p.R2043H	COSM5048160	1	Substitution - Missense
2045	c.6134G>A	p.R2045K	COSM6977784	1	Substitution - Missense
2048	c.6143C>T	p.A2048V	COSM6971271	1	Substitution - Missense
2049	c.6146G>A	p.G2049D	COSM4024557	1	Substitution - Missense
2052	c.6154A>T	p.K2052*	COSM6962413	3	Substitution - Nonsense
2053	c.6158A>C	p.N2053T	COSM9141208	1	Substitution - Missense
2053	c.6158del	p.N2053Tfs*11	COSM2087985	2	Deletion - Frameshift
2053	c.6159C>A	p.N2053K	COSM2087986	2	Substitution - Missense
2053	c.6159C>T	p.N2053=	COSM5723436	4	Substitution - coding silent
2054	c.6161C>A	p.P2054H	COSM8030796	1	Substitution - Missense
2055	c.6164del	p.P2055Lfs*9	COSM1335809	6	Deletion - Frameshift
2057	c.6169A>G	p.T2057A	COSM4024558	1	Substitution - Missense
2058	c.6172G>A	p.A2058T	COSM3689103	5	Substitution - Missense
2059	c.6174_6180del	p.P2059Kfs*3	COSM424406	1	Deletion - Frameshift
2059	c.6175C>A	p.P2059T	COSM10567602	5	Substitution - Missense
2060	c.6178G>T	p.V2060F	COSM5014072	1	Substitution - Missense
2061	c.6182A>C	p.E2061A	COSM4140907	2	Substitution - Missense
2062	c.6186T>G	p.V2062=	COSM8212612	1	Substitution - coding silent
2064	c.6190G>C	p.E2064Q	COSM9530748	1	Substitution - Missense
2066	c.6198A>G	p.K2066=	COSM10480554	1	Substitution - coding silent
2067	c.6199C>A	p.P2067T	COSM263842	1	Substitution - Missense
2070	c.6207del	p.E2070Kfs*16	COSM6864267	1	Deletion - Frameshift
2070	c.6208G>A	p.E2070K	COSM9530749	1	Substitution - Missense
2072	c.6215del	p.N2072Tfs*14	COSM2087988	6	Deletion - Frameshift
2072	c.6215dup	p.N2072Kfs*51	COSM6906159	3	Insertion - Frameshift
2073	c.6218C>G	p.S2073C	COSM7507545	1	Substitution - Missense
2075	c.6224C>A	p.S2075*	COSM3477450	1	Substitution - Nonsense
2075	c.6224C>G	p.S2075*	COSM6942651	3	Substitution - Nonsense
2076	c.6228G>A	p.K2076=	COSM9406078	1	Substitution - coding silent
2078	c.6233G>C	p.G2078A	COSM2087990	1	Substitution - Missense
2081	c.6241C>T	p.R2081*	COSM898744	3	Substitution - Nonsense
2085	c.6253T>C	p.L2085=	COSM2087991	1	Substitution - coding silent
2085	c.6254T>C	p.L2085S	COSM9419766	1	Substitution - Missense
2086	c.6256G>C	p.A2086P	COSM7498306	1	Substitution - Missense
2088	c.6262G>C	p.D2088H	COSM9179741	1	Substitution - Missense
2089	c.6266A>G	p.K2089R	COSM7491363	1	Substitution - Missense
2090	c.6268T>C	p.S2090P	COSM7518787	1	Substitution - Missense
2091	c.6270_6271insTGAGA	p.A2091*	COSM10294395	1	Insertion - Frameshift
2093	c.6278T>C	p.L2093P	COSM6964706	1	Substitution - Missense
2097	c.6289G>C	p.D2097H	COSM7158297	1	Substitution - Missense
2097	c.6289G>T	p.D2097Y	COSM9360939	1	Substitution - Missense
2099	c.6296C>T	p.A2099V	COSM9200060	1	Substitution - Missense
2102	c.6304C>T	p.P2102S	COSM8012401	1	Substitution - Missense
2102	c.6305C>T	p.P2102L	COSM8012630	2	Substitution - Missense
2103	c.6308G>T	p.R2103M	COSM6962324	1	Substitution - Missense
2104	c.6312G>A	p.G2104=	COSM9417150	1	Substitution - coding silent
2105	c.6313del	p.A2105Lfs*33	COSM2087994	2	Deletion - Frameshift
2105	c.6313dup	p.A2105Gfs*18	COSM5216792	4	Insertion - Frameshift
2105	c.6314C>A	p.A2105D	COSM9569989	1	Substitution - Missense
2106	c.6317C>T	p.A2106V	COSM6788662	1	Substitution - Missense
2108	c.6324G>A	p.Q2108=	COSM2087995	1	Substitution - coding silent
2108	c.6324G>T	p.Q2108H	COSM6224793	1	Substitution - Missense
2110	c.6328G>A	p.G2110R	COSM6443157	1	Substitution - Missense
2111	c.6330_6331delinsTT	p.E2111*	COSM6962870	1	Substitution - Nonsense
2113	c.6337G>C	p.E2113Q	COSM458469	1	Substitution - Missense
2115	c.6345G>T	p.G2115=	COSM9160059	1	Substitution - coding silent
2118	c.6353C>T	p.A2118V	COSM7263618	1	Substitution - Missense
2120	c.6358_6359delinsGT	p.S2120V	COSM5378251	1	Substitution - Missense
2120	c.6359C>A	p.S2120Y	COSM10513391	1	Substitution - Missense
2120	c.6359C>T	p.S2120F	COSM2087996	1	Substitution - Missense
2120	c.6360C>T	p.S2120=	COSM5593256	1	Substitution - coding silent
2121	c.6361C>T	p.P2121S	COSM10513392	1	Substitution - Missense
2121	c.6362C>T	p.P2121L	COSM9809011	1	Substitution - Missense
2125	c.6373G>A	p.E2125K	COSM8687317	1	Substitution - Missense
2125	c.6375G>A	p.E2125=	COSM8687533	1	Substitution - coding silent
2126	c.6377G>A	p.S2126N	COSM10376092	1	Substitution - Missense
2127	c.6380C>T	p.P2127L	COSM4503346	5	Substitution - Missense
2128	c.6381_6382del	p.Q2128Kfs*12	COSM10560796	1	Deletion - Frameshift
2130	c.6388G>A	p.E2130K	COSM9530750	1	Substitution - Missense
2131	c.6392A>G	p.D2131G	COSM10513393	1	Substitution - Missense
2134	c.6402A>G	p.S2134=	COSM4024559	1	Substitution - coding silent
2135	c.6404C>G	p.S2135C	COSM10781188	1	Substitution - Missense
2135	c.6405C>A	p.S2135=	COSM7898730	1	Substitution - coding silent
2136	c.6407A>T	p.Q2136L	COSM9115856	1	Substitution - Missense
2136	c.6408G>A	p.Q2136=	COSM4142937	1	Substitution - coding silent
2137	c.6411G>A	p.L2137=	COSM1295381	1	Substitution - coding silent
2139	c.6416G>C	p.S2139T	COSM3732882	1	Substitution - Missense
2140	c.6418G>C	p.D2140H	COSM8371361	1	Substitution - Missense
2141	c.6421C>G	p.P2141A	COSM5048366	2	Substitution - Missense
2145	c.6433G>C	p.D2145H	COSM9530751	1	Substitution - Missense
2145	c.6435C>G	p.D2145E	COSM9524737	1	Substitution - Missense
2146	c.6438G>T	p.K2146N	COSM9502891	1	Substitution - Missense
2149	c.6445G>A	p.E2149K	COSM9530752	1	Substitution - Missense
2151	c.6450_6453del	p.E2151Tfs*14	COSM9312359	1	Deletion - Frameshift
2152	c.6455A>T	p.D2152V	COSM9808759	1	Substitution - Missense
2152	c.6456C>A	p.D2152E	COSM6997589	1	Substitution - Missense
2153	c.6457G>A	p.V2153M	COSM72776	1	Substitution - Missense
2155	c.6464C>A	p.A2155D	COSM10295242	1	Substitution - Missense
2156	c.6465_6466insATG	p.A2155_S2156insM	COSM10295243	1	Insertion - In frame
2156	c.6467C>G	p.S2156C	COSM6980098	2	Substitution - Missense
2158	c.6471dup	p.P2158Afs*26	COSM216972	1	Insertion - Frameshift
2158	c.6472C>G	p.P2158A	COSM5369706	1	Substitution - Missense
2158	c.6473C>T	p.P2158L	COSM9712320	1	Substitution - Missense
2158	c.6474G>A	p.P2158=	COSM4224520	1	Substitution - coding silent
2160	c.6478C>T	p.P2160S	COSM6978487	1	Substitution - Missense
2165	c.6495A>G	p.L2165=	COSM7826806	1	Substitution - coding silent
2169	c.6507G>T	p.M2169I	COSM2087999	1	Substitution - Missense
2172	c.6514G>C	p.E2172Q	COSM6948363	1	Substitution - Missense
2176	c.6526G>A	p.E2176K	COSM9799788	1	Substitution - Missense
2176	c.6526G>T	p.E2176*	COSM6906242	1	Substitution - Nonsense
2178	c.6534C>T	p.I2178=	COSM4576511	3	Substitution - coding silent
2179	c.6535G>A	p.A2179T	COSM10151855	2	Substitution - Missense
2181	c.6543C>A	p.L2181=	COSM7254824	1	Substitution - coding silent
2181	c.6543C>T	p.L2181=	COSM5441191	2	Substitution - coding silent
2182	c.6544G>T	p.A2182S	COSM6491350	1	Substitution - Missense
2183	c.6547G>A	p.E2183K	COSM6445336	2	Substitution - Missense
2183	c.6548A>G	p.E2183G	COSM9989279	1	Substitution - Missense
2184	c.6550G>C	p.A2184P	COSM6527510	1	Substitution - Missense
2184	c.6550G>T	p.A2184S	COSM4576512	1	Substitution - Missense
2185	c.6554C>A	p.S2185Y	COSM8299330	1	Substitution - Missense
2185	c.6554C>T	p.S2185F	COSM1295382	2	Substitution - Missense
2186	c.6556G>A	p.A2186T	COSM6920616	1	Substitution - Missense
2186	c.6556_6574del	p.A2186Qfs*161	COSM10549128	1	Deletion - Frameshift
2187	c.6560C>T	p.S2187F	COSM3802627	1	Substitution - Missense
2192	c.6575C>T	p.A2192V	COSM6913327	1	Substitution - Missense
2199	c.6595G>T	p.A2199S	COSM4919594	1	Substitution - Missense
2200	c.6599C>T	p.P2200L	COSM3477451	1	Substitution - Missense
2201	c.6601G>C	p.E2201Q	COSM6501401	1	Substitution - Missense
2203	c.6608G>T	p.R2203M	COSM8871647	1	Substitution - Missense
2205	c.?	p.K2205T	COSM6856676	1	Substitution - Missense
2208	c.6624C>A	p.H2208Q	COSM10581709	1	Substitution - Missense
2209	c.6625C>T	p.Q2209*	COSM3477452	1	Substitution - Nonsense
2212	c.6634G>A	p.E2212K	COSM3802628	2	Substitution - Missense
2214	c.6640G>C	p.E2214Q	COSM7123340	1	Substitution - Missense
2214	c.6641_6642del	p.E2214Afs*11	COSM1335810	1	Deletion - Frameshift
2217	c.6650C>T	p.A2217V	COSM4024560	1	Substitution - Missense
2220	c.6659G>A	p.G2220D	COSM9989187	1	Substitution - Missense
2221	c.6662C>T	p.S2221F	COSM5414602	1	Substitution - Missense
2221	c.6662_6663delinsTT	p.S2221F	COSM9647387	1	Substitution - Missense
2225	c.6673G>A	p.D2225N	COSM676575	1	Substitution - Missense
2225	c.6673G>T	p.D2225Y	COSM358075	1	Substitution - Missense
2228	c.6684G>A	p.G2228=	COSM10384438	1	Substitution - coding silent
2231	c.6691G>C	p.E2231Q	COSM7129459	1	Substitution - Missense
2233	c.6699C>T	p.F2233=	COSM9164185	2	Substitution - coding silent
2234	c.6701C>A	p.P2234Q	COSM1266613	1	Substitution - Missense
2236	c.6706C>T	p.P2236S	COSM463310	1	Substitution - Missense
2236	c.6707C>T	p.P2236L	COSM7617481	1	Substitution - Missense
2237	c.6709C>G	p.P2237A	COSM5977874	2	Substitution - Missense
2237	c.6709C>T	p.P2237S	COSM6540112	1	Substitution - Missense
2237	c.6710C>T	p.P2237L	COSM9762814	1	Substitution - Missense
2239	c.6717T>G	p.Y2239*	COSM5752577	2	Substitution - Nonsense
2240	c.6718C>T	p.P2240S	COSM354907	2	Substitution - Missense
2241	c.6722G>A	p.G2241E	COSM7339868	1	Substitution - Missense
2244	c.6732G>C	p.Q2244H	COSM8687316	1	Substitution - Missense
2244	c.6732G>T	p.Q2244H	COSM9530753	1	Substitution - Missense
2246	c.6735_6740dup	p.D2246_L2247dup	COSM10293180	1	Insertion - In frame
2249	c.6746C>T	p.P2249L	COSM6968105	1	Substitution - Missense
2249	c.6747C>T	p.P2249=	COSM10145850	4	Substitution - coding silent
2250	c.6750C>T	p.P2250=	COSM8595427	1	Substitution - coding silent
2251	c.6750del	p.A2251Qfs*102	COSM267491	5	Deletion - Frameshift
2251	c.6750dup	p.A2251Rfs*10	COSM9864012	2	Insertion - Frameshift
2251	c.6751G>A	p.A2251T	COSM5892662	3	Substitution - Missense
2251	c.6751G>C	p.A2251P	COSM9530754	1	Substitution - Missense
2252	c.6754G>T	p.G2252C	COSM9360940	1	Substitution - Missense
2254	c.6760C>G	p.Q2254E	COSM6909447	1	Substitution - Missense
2255	c.6765G>A	p.A2255=	COSM6788639	1	Substitution - coding silent
2260	c.6778G>A	p.E2260K	COSM4824166	3	Substitution - Missense
2260	c.6778G>C	p.E2260Q	COSM5821742	2	Substitution - Missense
2260	c.6778G>T	p.E2260*	COSM6968336	2	Substitution - Nonsense
2261	c.6781G>A	p.E2261K	COSM9883966	1	Substitution - Missense
2261	c.6781G>T	p.E2261*	COSM10758197	1	Substitution - Nonsense
2263	c.6787A>T	p.M2263L	COSM3477453	3	Substitution - Missense
2266	c.6796G>A	p.D2266N	COSM2088007	1	Substitution - Missense
2266	c.6796G>C	p.D2266H	COSM7340832	1	Substitution - Missense
2267	c.6799G>T	p.E2267*	COSM6977785	1	Substitution - Nonsense
2268	c.6802G>A	p.A2268T	COSM5735273	1	Substitution - Missense
2270	c.6809C>A	p.S2270Y	COSM10661465	1	Substitution - Missense
2270	c.6809C>G	p.S2270C	COSM5048367	1	Substitution - Missense
2281	c.6842C>T	p.S2281F	COSM6947655	2	Substitution - Missense
2285	c.6853C>T	p.P2285S	COSM3477454	2	Substitution - Missense
2291	c.6871C>T	p.P2291S	COSM9901365	1	Substitution - Missense
2291	c.6872C>T	p.P2291L	COSM10513394	1	Substitution - Missense
2291	c.6872_6873delinsTA	p.P2291L	COSM9656619	1	Substitution - Missense
2292	c.6875C>A	p.S2292*	COSM6933782	2	Substitution - Nonsense
2292	c.6876A>G	p.S2292=	COSM9114579	1	Substitution - coding silent
2294	c.6880G>C	p.G2294R	COSM4576513	1	Substitution - Missense
2298	c.6893C>A	p.T2298N	COSM10327416	1	Substitution - Missense
2300	c.6898G>T	p.E2300*	COSM8687442	1	Substitution - Nonsense
2302	c.6905G>T	p.R2302I	COSM6965295	1	Substitution - Missense
2306	c.6915_6917del	p.S2306del	COSM9139725	2	Deletion - In frame
2311	c.6931T>G	p.S2311A	COSM5353700	1	Substitution - Missense
2311	c.6932C>T	p.S2311L	COSM6911192	1	Substitution - Missense
2311	c.?	p.S2311T	COSM6904661	1	Substitution - Missense
2322	c.6965_6980del	p.E2322Gfs*26	COSM9863287	1	Deletion - Frameshift
2325	c.6974_6975del	p.L2325Rfs*33	COSM9263961	1	Deletion - Frameshift
2327	c.6979C>T	p.R2327W	COSM7330967	1	Substitution - Missense
2327	c.6980G>A	p.R2327Q	COSM6788651	1	Substitution - Missense
2332	c.6994C>T	p.R2332C	COSM6968331	1	Substitution - Missense
2332	c.6995G>A	p.R2332H	COSM676574	1	Substitution - Missense
2337	c.7010G>A	p.R2337Q	COSM10348439	2	Substitution - Missense
2338	c.7013C>T	p.S2338L	COSM7077055	1	Substitution - Missense
2339	c.7016G>A	p.R2339H	COSM6290040	1	Substitution - Missense
2340	c.7019G>A	p.R2340H	COSM277456	1	Substitution - Missense
2342	c.7024C>T	p.R2342*	COSM4024561	1	Substitution - Nonsense
2342	c.7025G>A	p.R2342Q	COSM6938584	1	Substitution - Missense
2347	c.7038_7040del	p.K2347del	COSM6039407	1	Deletion - In frame
2349	c.7046_7057del	p.V2349_V2352del	COSM10293249	1	Deletion - In frame
2350	c.7048G>A	p.A2350T	COSM6919573	1	Substitution - Missense
2350	c.7050T>C	p.A2350=	COSM8441613	1	Substitution - coding silent
2351	c.7051C>T	p.P2351S	COSM6976270	1	Substitution - Missense
2353	c.7059G>C	p.E2353D	COSM8687025	1	Substitution - Missense
2355	c.7065T>A	p.H2355Q	COSM6971443	1	Substitution - Missense
2357	c.7069C>T	p.P2357S	COSM9809009	1	Substitution - Missense
2357	c.7070C>A	p.P2357H	COSM7520333	1	Substitution - Missense
2358	c.7072G>A	p.E2358K	COSM9530755	1	Substitution - Missense
2360	c.7078A>G	p.N2360D	COSM4142938	16	Substitution - Missense
2366	c.7096A>T	p.S2366C	COSM7622906	1	Substitution - Missense
2367	c.7099C>T	p.P2367S	COSM9777909	1	Substitution - Missense
2367	c.7100C>T	p.P2367L	COSM4729546	2	Substitution - Missense
2368	c.7100dup	p.A2368Cfs*4	COSM7513323	1	Insertion - Frameshift
2368	c.7103C>T	p.A2368V	COSM1241774	1	Substitution - Missense
2371	c.7111G>A	p.E2371K	COSM8687451	1	Substitution - Missense
2373	c.7117A>G	p.T2373A	COSM6938449	1	Substitution - Missense
2378	c.7133C>T	p.P2378L	COSM4506194	1	Substitution - Missense
2378	c.7134C>T	p.P2378=	COSM9114667	1	Substitution - coding silent
2379	c.7135G>A	p.E2379K	COSM5881554	1	Substitution - Missense
2386	c.7158G>C	p.Q2386H	COSM1684983	3	Substitution - Missense
2387	c.7160G>A	p.S2387N	COSM1335812	2	Substitution - Missense
2388	c.7164G>A	p.E2388=	COSM7697051	1	Substitution - coding silent
2392	c.7175C>T	p.S2392F	COSM5844304	1	Substitution - Missense
2392	c.7176C>A	p.S2392=	COSM8231173	1	Substitution - coding silent
2396	c.7186C>G	p.Q2396E	COSM5048368	1	Substitution - Missense
2396	c.7187A>G	p.Q2396R	COSM9141209	1	Substitution - Missense
2400	c.7199C>A	p.S2400Y	COSM7138114	1	Substitution - Missense
2400	c.7200T>C	p.S2400=	COSM898745	1	Substitution - coding silent
2401	c.7201G>A	p.D2401N	COSM6977786	2	Substitution - Missense
2401	c.?	p.D2401N	COSM7075065	1	Substitution - Missense
2402	c.7203_7213del	p.L2402Sfs*13	COSM5752468	1	Deletion - Frameshift
2402	c.7205T>C	p.L2402P	COSM6788675	1	Substitution - Missense
2403	c.7207A>C	p.S2403R	COSM8865735	1	Substitution - Missense
2405	c.?	p.I2405T	COSM10046388	1	Substitution - Missense
2406	c.7217C>T	p.P2406L	COSM10513395	1	Substitution - Missense
2407	c.7220C>T	p.S2407F	COSM9806201	1	Substitution - Missense
2409	c.7227G>T	p.E2409D	COSM6939207	2	Substitution - Missense
2410	c.7229A>G	p.N2410S	COSM9255845	1	Substitution - Missense
2411	c.7231T>C	p.S2411P	COSM6954465	1	Substitution - Missense
2411	c.7232C>T	p.S2411L	COSM6948692	9	Substitution - Missense
2411	c.7233G>A	p.S2411=	COSM4433529	1	Substitution - coding silent
2414	c.7240G>T	p.E2414*	COSM898746	1	Substitution - Nonsense
2416	c.7246A>T	p.S2416C	COSM6978836	1	Substitution - Missense
2418	c.7252G>C	p.E2418Q	COSM5046174	1	Substitution - Missense
2419	c.7255G>T	p.E2419*	COSM10806101	1	Substitution - Nonsense
2425	c.7269del	p.A2425Hfs*35	COSM10094312	1	Deletion - Frameshift
2426	c.7276T>A	p.S2426T	COSM5438111	1	Substitution - Missense
2426	c.7277C>A	p.S2426Y	COSM9009234	1	Substitution - Missense
2428	c.7282C>T	p.P2428S	COSM8328703	1	Substitution - Missense
2429	c.7284_7285delinsTT	p.P2429S	COSM4518634	1	Substitution - Missense
2429	c.7286del	p.P2429Qfs*31	COSM10560960	1	Deletion - Frameshift
2430	c.7289A>T	p.D2430V	COSM10549895	1	Substitution - Missense
2431	c.7293T>C	p.L2431=	COSM5424268	4	Substitution - coding silent
2432	c.7294C>T	p.P2432S	COSM9806880	2	Substitution - Missense
2432	c.7295C>T	p.P2432L	COSM4729547	1	Substitution - Missense
2433	c.7297C>T	p.P2433S	COSM9964791	1	Substitution - Missense
2433	c.7298C>A	p.P2433Q	COSM6788647	1	Substitution - Missense
2434	c.7301C>T	p.P2434L	COSM2088018	2	Substitution - Missense
2435	c.7303C>T	p.P2435S	COSM3477455	2	Substitution - Missense
2435	c.7304C>T	p.P2435L	COSM5378252	1	Substitution - Missense
2439	c.7317G>T	p.P2439=	COSM7588874	1	Substitution - coding silent
2442	c.7325A>T	p.E2442V	COSM463311	1	Substitution - Missense
2452	c.7355C>T	p.S2452F	COSM2088021	2	Substitution - Missense
2454	c.7358_7359insACTAG	p.I2454Lfs*8	COSM10294529	1	Insertion - Frameshift
2457	c.7369G>A	p.D2457N	COSM424407	1	Substitution - Missense
2459	c.7375_7381del	p.V2459Hfs*15	COSM9312382	1	Deletion - Frameshift
2460	c.7380C>T	p.T2460=	COSM9738404	1	Substitution - coding silent
2463	c.7388G>C	p.S2463T	COSM7123341	1	Substitution - Missense
2464	c.7390G>A	p.D2464N	COSM2088022	1	Substitution - Missense
2464	c.7390_7398del	p.D2464_S2466del	COSM7085057	1	Deletion - In frame
2466	c.7396A>G	p.S2466G	COSM7349287	1	Substitution - Missense
2467	c.7401C>T	p.I2467=	COSM8299672	1	Substitution - coding silent
2468	c.7403C>G	p.P2468R	COSM7197618	1	Substitution - Missense
2468	c.7404C>T	p.P2468=	COSM10233245	1	Substitution - coding silent
2470	c.7409C>T	p.P2470L	COSM10875944	1	Substitution - Missense
2473	c.7418C>A	p.P2473H	COSM8977668	1	Substitution - Missense
2473	c.7418C>T	p.P2473L	COSM10292193	1	Substitution - Missense
2474	c.7419_7420insGTC	p.P2473_S2474insV	COSM10292194	1	Insertion - In frame
2481	c.7442C>T	p.S2481L	COSM8307150	1	Substitution - Missense
2483	c.7447C>T	p.P2483S	COSM9704925	1	Substitution - Missense
2483	c.7448C>T	p.P2483L	COSM9409990	1	Substitution - Missense
2484	c.7450_7451insC	p.V2484Afs*14	COSM7513948	1	Insertion - Frameshift
2484	c.7452C>T	p.V2484=	COSM9801028	1	Substitution - coding silent
2485	c.7453G>A	p.A2485T	COSM6952085	1	Substitution - Missense
2488	c.7462G>T	p.G2488W	COSM9219302	2	Substitution - Missense
2488	c.7463G>A	p.G2488E	COSM6582516	3	Substitution - Missense
2488	c.7463G>T	p.G2488V	COSM9074053	1	Substitution - Missense
2489	c.7464del	p.I2489Sfs*10	COSM5205748	2	Deletion - Frameshift
2489	c.7465A>G	p.I2489V	COSM9113743	1	Substitution - Missense
2489	c.7467C>G	p.I2489M	COSM8299795	1	Substitution - Missense
2492	c.7476G>C	p.Q2492H	COSM8277646	1	Substitution - Missense
2494	c.7480C>T	p.P2494S	COSM6912358	2	Substitution - Missense
2494	c.7481C>T	p.P2494L	COSM6951040	1	Substitution - Missense
2495	c.7483C>T	p.P2495S	COSM1687059	3	Substitution - Missense
2495	c.7484del	p.P2495Lfs*4	COSM5205750	7	Deletion - Frameshift
2496	c.7484dup	p.T2496Yfs*2	COSM2088025	3	Insertion - Frameshift
2497	c.7491G>A	p.K2497=	COSM8167810	1	Substitution - coding silent
2500	c.7498G>C	p.E2500Q	COSM424408	1	Substitution - Missense
2501	c.7503G>A	p.W2501*	COSM1317637	1	Substitution - Nonsense
2502	c.7506C>G	p.I2502M	COSM8299546	1	Substitution - Missense
2508	c.7522C>T	p.P2508S	COSM6954912	1	Substitution - Missense
2509	c.7526G>A	p.R2509Q	COSM4729548	1	Substitution - Missense
2510	c.7529C>T	p.A2510V	COSM7340835	2	Substitution - Missense
2516	c.7547C>T	p.P2516L	COSM6059328	1	Substitution - Missense
2519	c.7556C>T	p.P2519L	COSM8447188	1	Substitution - Missense
2520	c.7559del	p.P2520Qfs*15	COSM4729549	2	Deletion - Frameshift
2521	c.7561G>A	p.D2521N	COSM3789003	1	Substitution - Missense
2521	c.7561G>C	p.D2521H	COSM4816490	1	Substitution - Missense
2522	c.7566A>G	p.T2522=	COSM9276759	1	Substitution - coding silent
2525	c.7574C>G	p.S2525C	COSM6938166	2	Substitution - Missense
2526	c.7577A>C	p.D2526A	COSM463312	1	Substitution - Missense
2527	c.7579G>A	p.V2527I	COSM9817389	1	Substitution - Missense
2532	c.7595G>A	p.S2532N	COSM6920721	2	Substitution - Missense
2534	c.7602G>A	p.L2534=	COSM7123342	1	Substitution - coding silent
2534	c.7602G>C	p.L2534=	COSM80570	1	Substitution - coding silent
2536	c.7608G>C	p.K2536N	COSM9530756	1	Substitution - Missense
2538	c.7612C>T	p.L2538F	COSM9660537	1	Substitution - Missense
2539	c.7615A>C	p.M2539L	COSM10650730	1	Substitution - Missense
2541	c.7622C>T	p.P2541L	COSM1687060	2	Substitution - Missense
2541	c.7623C>T	p.P2541=	COSM5600559	5	Substitution - coding silent
2546	c.7636G>C	p.A2546P	COSM6971887	1	Substitution - Missense
2550	c.7649C>T	p.T2550I	COSM7003629	1	Substitution - Missense
2552	c.7655C>A	p.T2552K	COSM7417917	1	Substitution - Missense
2553	c.7657A>G	p.S2553G	COSM7961192	1	Substitution - Missense
2561	c.7681C>T	p.P2561S	COSM2088030	1	Substitution - Missense
2562	c.7685T>C	p.V2562A	COSM4024562	1	Substitution - Missense
2562	c.7686C>T	p.V2562=	COSM7697988	1	Substitution - coding silent
2565	c.7694C>T	p.A2565V	COSM3477456	2	Substitution - Missense
2567	c.7700G>C	p.C2567S	COSM3677445	1	Substitution - Missense
2571	c.7711G>T	p.A2571S	COSM10562988	1	Substitution - Missense
2571	c.7712C>T	p.A2571V	COSM9209143	1	Substitution - Missense
2574	c.7720C>T	p.P2574S	COSM9799848	1	Substitution - Missense
2575	c.7723C>A	p.P2575T	COSM4024563	1	Substitution - Missense
2576	c.7728T>G	p.V2576=	COSM4414258	1	Substitution - coding silent
2577	c.7729G>A	p.D2577N	COSM6945219	1	Substitution - Missense
2577	c.7730A>G	p.D2577G	COSM4024564	1	Substitution - Missense
2579	c.7735A>G	p.K2579E	COSM8498065	1	Substitution - Missense
2580	c.7739del	p.K2580Sfs*3	COSM6788648	1	Deletion - Frameshift
2580	c.7740G>A	p.K2580=	COSM2088031	1	Substitution - coding silent
2581	c.7741C>T	p.P2581S	COSM9804931	1	Substitution - Missense
2581	c.7742C>T	p.P2581L	COSM8444023	1	Substitution - Missense
2583	c.7747G>A	p.E2583K	COSM424409	1	Substitution - Missense
2583	c.7747G>T	p.E2583*	COSM424410	1	Substitution - Nonsense
2586	c.7756dup	p.T2586Nfs*10	COSM2088032	2	Insertion - Frameshift
2587	c.7761A>G	p.A2587=	COSM8508927	1	Substitution - coding silent
2588	c.7763C>G	p.P2588R	COSM3399932	1	Substitution - Missense
2594	c.7781C>T	p.S2594F	COSM9808014	1	Substitution - Missense
2594	c.7782T>G	p.S2594=	COSM9969382	1	Substitution - coding silent
2595	c.7785G>T	p.E2595D	COSM10894545	1	Substitution - Missense
2596	c.7788A>G	p.I2596M	COSM7488272	1	Substitution - Missense
2597	c.7788dup	p.Q2597Tfs*10	COSM10889178	1	Insertion - Frameshift
2597	c.7789_7790del	p.Q2597Sfs*9	COSM5417405	1	Deletion - Frameshift
2598	c.7792G>A	p.A2598T	COSM6301092	1	Substitution - Missense
2599	c.7796C>A	p.S2599*	COSM10807186	1	Substitution - Nonsense
2599	c.7797G>A	p.S2599=	COSM2088033	1	Substitution - coding silent
2600	c.7798G>A	p.E2600K	COSM8390380	1	Substitution - Missense
2602	c.7804C>G	p.L2602V	COSM7626870	1	Substitution - Missense
2608	c.7822G>A	p.E2608K	COSM10513396	1	Substitution - Missense
2609	c.7826del	p.K2609Rfs*29	COSM4615462	1	Deletion - Frameshift
2610	c.7829T>G	p.V2610G	COSM3802629	1	Substitution - Missense
2612	c.7834C>T	p.P2612S	COSM6952442	3	Substitution - Missense
2616	c.7846C>T	p.P2616S	COSM6981563	2	Substitution - Missense
2618	c.7854T>G	p.I2618M	COSM898747	1	Substitution - Missense
2620	c.7859C>T	p.S2620F	COSM10513397	1	Substitution - Missense
2621	c.7860dup	p.V2621Cfs*3	COSM5832353	1	Insertion - Frameshift
2622	c.7866T>A	p.I2622=	COSM10408909	1	Substitution - coding silent
2623	c.7869C>T	p.S2623=	COSM8942149	1	Substitution - coding silent
2624	c.7871G>A	p.R2624Q	COSM4024565	3	Substitution - Missense
2624	c.7871G>T	p.R2624L	COSM7314604	1	Substitution - Missense
2624	c.7871_7877del	p.R2624Lfs*12	COSM6958676	1	Deletion - Frameshift
2624	c.7872G>C	p.R2624=	COSM8995501	1	Substitution - coding silent
2627	c.7881C>T	p.V2627=	COSM5571086	1	Substitution - coding silent
2628	c.7882A>C	p.S2628R	COSM2088034	1	Substitution - Missense
2628	c.7884C>T	p.S2628=	COSM7238025	1	Substitution - coding silent
2630	c.7888G>A	p.D2630N	COSM6977787	1	Substitution - Missense
2635	c.7905G>A	p.Q2635=	COSM9530757	1	Substitution - coding silent
2636	c.7907A>C	p.K2636T	COSM9278127	2	Substitution - Missense
2638	c.7914C>T	p.T2638=	COSM3376813	1	Substitution - coding silent
2639	c.7915T>A	p.L2639M	COSM10294996	1	Substitution - Missense
2640	c.7917_7918insA	p.A2640Sfs*141	COSM10294997	1	Insertion - Frameshift
2643	c.7927G>A	p.A2643T	COSM9109530	1	Substitution - Missense
2645	c.7933C>G	p.Q2645E	COSM7124892	1	Substitution - Missense
2651	c.7953G>A	p.V2651=	COSM898748	1	Substitution - coding silent
2652	c.7956C>T	p.S2652=	COSM7841302	1	Substitution - coding silent
2653	c.7957G>A	p.A2653T	COSM2088036	2	Substitution - Missense
2654	c.7961T>C	p.L2654P	COSM6949871	1	Substitution - Missense
2660	c.7978G>A	p.V2660I	COSM4024566	2	Substitution - Missense
2661	c.7982C>T	p.S2661F	COSM4595802	2	Substitution - Missense
2661	c.7983C>T	p.S2661=	COSM10513398	1	Substitution - coding silent
2664	c.7991C>T	p.P2664L	COSM898749	1	Substitution - Missense
2668	c.8004G>A	p.L2668=	COSM2088037	1	Substitution - coding silent
2668	c.8004G>C	p.L2668=	COSM7003528	1	Substitution - coding silent
2671	c.8012C>T	p.P2671L	COSM10513399	1	Substitution - Missense
2671	c.8013C>T	p.P2671=	COSM2088038	1	Substitution - coding silent
2672	c.8014G>A	p.V2672M	COSM2088039	4	Substitution - Missense
2673	c.8019G>T	p.K2673N	COSM6788646	1	Substitution - Missense
2676	c.8026G>T	p.V2676L	COSM10895397	1	Substitution - Missense
2676	c.8028G>C	p.V2676=	COSM5025193	1	Substitution - coding silent
2683	c.8047G>A	p.V2683M	COSM2088040	1	Substitution - Missense
2683	c.8049G>A	p.V2683=	COSM6445337	1	Substitution - coding silent
2685	c.8054C>G	p.T2685S	COSM9360941	1	Substitution - Missense
2686	c.8056C>T	p.P2686S	COSM9804716	1	Substitution - Missense
2687	c.8060C>A	p.A2687D	COSM4442612	1	Substitution - Missense
2688	c.8062G>A	p.G2688R	COSM1320793	1	Substitution - Missense
2689	c.8067C>T	p.P2689=	COSM5582608	1	Substitution - coding silent
2690	c.8068G>A	p.V2690M	COSM6977896	1	Substitution - Missense
2690	c.8068G>T	p.V2690L	COSM5754249	1	Substitution - Missense
2691	c.8073C>T	p.N2691=	COSM7282661	2	Substitution - coding silent
2693	c.8077C>T	p.L2693=	COSM4937334	1	Substitution - coding silent
2693	c.8079G>A	p.L2693=	COSM9530758	1	Substitution - coding silent
2693	c.8079G>C	p.L2693=	COSM424411	1	Substitution - coding silent
2695	c.8085G>A	p.G2695=	COSM8577071	1	Substitution - coding silent
2697	c.8091G>A	p.V2697=	COSM9092375	1	Substitution - coding silent
2697	c.8091G>C	p.V2697=	COSM1295383	1	Substitution - coding silent
2700	c.8098C>T	p.L2700F	COSM9917625	1	Substitution - Missense
2701	c.8102C>T	p.T2701M	COSM6977289	1	Substitution - Missense
2701	c.8102del	p.T2701Rfs*4	COSM6922892	1	Deletion - Frameshift
2704	c.8112G>T	p.V2704=	COSM6241654	1	Substitution - coding silent
2705	c.8114A>T	p.N2705I	COSM9927213	1	Substitution - Missense
2710	c.8129C>T	p.P2710L	COSM9302998	2	Substitution - Missense
2712	c.8136C>T	p.N2712=	COSM5052758	1	Substitution - coding silent
2713	c.8139C>A	p.A2713=	COSM4024567	1	Substitution - coding silent
2714	c.8141C>T	p.T2714M	COSM9203818	2	Substitution - Missense
2714	c.8142G>A	p.T2714=	COSM6448048	1	Substitution - coding silent
2718	c.8154G>A	p.V2718=	COSM424412	1	Substitution - coding silent
2721	c.8161G>A	p.A2721T	COSM2088041	3	Substitution - Missense
2722	c.8164C>A	p.P2722T	COSM7953492	1	Substitution - Missense
2724	c.8171C>T	p.T2724I	COSM4509772	1	Substitution - Missense
2727	c.8180C>T	p.A2727V	COSM463313	1	Substitution - Missense
2727	c.8181C>T	p.A2727=	COSM3997039	9	Substitution - coding silent
2728	c.8182G>A	p.A2728T	COSM7349286	1	Substitution - Missense
2731	c.8193A>G	p.A2731=	COSM4024568	1	Substitution - coding silent
2735	c.8204C>T	p.T2735I	COSM8768698	1	Substitution - Missense
2739	c.8215G>A	p.V2739M	COSM6936083	1	Substitution - Missense
2740	c.8219C>T	p.T2740I	COSM6920286	1	Substitution - Missense
2741	c.8221G>A	p.V2741I	COSM3731542	1	Substitution - Missense
2741	c.8221G>T	p.V2741F	COSM6257188	1	Substitution - Missense
2743	c.8228C>T	p.A2743V	COSM898750	1	Substitution - Missense
2744	c.8231G>A	p.G2744D	COSM3802630	1	Substitution - Missense
2745	c.8234C>T	p.A2745V	COSM6450900	1	Substitution - Missense
2745	c.8235G>A	p.A2745=	COSM9804284	1	Substitution - coding silent
2746	c.8236G>A	p.V2746I	COSM5844305	1	Substitution - Missense
2747	c.8240C>T	p.T2747I	COSM10167174	1	Substitution - Missense
2751	c.8251G>A	p.G2751S	COSM6788660	1	Substitution - Missense
2753	c.8257G>A	p.V2753I	COSM7461482	1	Substitution - Missense
2754	c.8261C>T	p.T2754M	COSM7568362	1	Substitution - Missense
2759	c.8275A>G	p.T2759A	COSM7531998	1	Substitution - Missense
2759	c.8277G>A	p.T2759=	COSM2088046	2	Substitution - coding silent
2759	c.8277G>T	p.T2759=	COSM8924666	1	Substitution - coding silent
2762	c.8286G>C	p.M2762I	COSM8524067	1	Substitution - Missense
2763	c.8287dup	p.A2763Gfs*18	COSM6987423	1	Insertion - Frameshift
2763	c.8288C>T	p.A2763V	COSM6979526	1	Substitution - Missense
2768	c.8303C>T	p.A2768V	COSM6944314	1	Substitution - Missense
2773	c.8318G>A	p.C2773Y	COSM6944434	1	Substitution - Missense
2773	c.8318G>T	p.C2773F	COSM1266616	1	Substitution - Missense
2774	c.8321_8324del	p.K2774Rfs*18	COSM8580596	1	Deletion - Frameshift
2775	c.8325G>C	p.Q2775H	COSM7306081	1	Substitution - Missense
2776	c.8328_8329del	p.R2776Sfs*4	COSM4729550	1	Deletion - Frameshift
2777	c.8330C>T	p.A2777V	COSM898751	3	Substitution - Missense
2782	c.8346C>A	p.N2782K	COSM6281490	1	Substitution - Missense
2786	c.8355_8356delinsTT	p.H2786Y	COSM9650647	1	Substitution - Missense
2786	c.8356C>T	p.H2786Y	COSM6953489	1	Substitution - Missense
2788	c.8362G>C	p.G2788R	COSM117703	1	Substitution - Missense
2789	c.8366C>T	p.S2789F	COSM10513400	1	Substitution - Missense
2790	c.8368A>G	p.M2790V	COSM267490	1	Substitution - Missense
2790	c.8368A>T	p.M2790L	COSM6956191	1	Substitution - Missense
2790	c.?	p.M2790V	COSM9862271	1	Substitution - Missense
2791	c.8372C>T	p.P2791L	COSM6788672	1	Substitution - Missense
2793	c.8379C>T	p.I2793=	COSM5353356	2	Substitution - coding silent
2794	c.8382C>T	p.D2794=	COSM6788673	1	Substitution - coding silent
2795	c.8383G>T	p.D2795Y	COSM10010625	1	Substitution - Missense
2796	c.8386C>G	p.R2796G	COSM2088048	1	Substitution - Missense
2797	c.8389C>T	p.P2797S	COSM6926758	3	Substitution - Missense
2797	c.8390C>T	p.P2797L	COSM4024569	1	Substitution - Missense
2797	c.8391G>A	p.P2797=	COSM6788649	1	Substitution - coding silent
2800	c.8398G>A	p.A2800T	COSM4024570	2	Substitution - Missense
2800	c.8398G>C	p.A2800P	COSM6059327	1	Substitution - Missense
2800	c.8399C>T	p.A2800V	COSM10740252	1	Substitution - Missense
2800	c.8400G>A	p.A2800=	COSM293214	1	Substitution - coding silent
2801	c.8401G>A	p.G2801S	COSM9790281	1	Substitution - Missense
2801	c.8402G>A	p.G2801D	COSM5502159	1	Substitution - Missense
2804	c.8406_8407del	p.A2804Gfs*8	COSM6211932	4	Deletion - Frameshift
2804	c.8411C>T	p.A2804V	COSM10661466	1	Substitution - Missense
2804	c.8412G>T	p.A2804=	COSM7845233	1	Substitution - coding silent
2807	c.8417_8418insAGTTCA	p.L2806_R2807insVQ	COSM10293347	1	Insertion - In frame
2807	c.8419C>T	p.R2807C	COSM9965762	1	Substitution - Missense
2807	c.8420G>A	p.R2807H	COSM6918269	2	Substitution - Missense
2809	c.8426A>G	p.N2809S	COSM6788664	1	Substitution - Missense
2812	c.8434G>T	p.E2812*	COSM10539153	1	Substitution - Nonsense
2813	c.8438G>T	p.G2813V	COSM10581710	1	Substitution - Missense
2813	c.8439G>C	p.G2813=	COSM1320792	1	Substitution - coding silent
2814	c.8441T>G	p.V2814G	COSM3980009	1	Substitution - Missense
2816	c.8448C>T	p.L2816=	COSM9809484	1	Substitution - coding silent
2817	c.8451G>T	p.L2817=	COSM6540113	1	Substitution - coding silent
2822	c.8466G>A	p.Q2822=	COSM8687216	1	Substitution - coding silent
2822	c.8466G>C	p.Q2822H	COSM6500939	1	Substitution - Missense
2824	c.8472C>A	p.T2824=	COSM7922087	1	Substitution - coding silent
2824	c.8472C>T	p.T2824=	COSM7456766	1	Substitution - coding silent
2825	c.8473G>A	p.E2825K	COSM6909050	3	Substitution - Missense
2829	c.8487G>A	p.R2829=	COSM8264375	1	Substitution - coding silent
2832	c.8494G>A	p.A2832T	COSM2088050	3	Substitution - Missense
2833	c.8499G>T	p.K2833N	COSM6499962	1	Substitution - Missense
2835	c.8503A>T	p.S2835C	COSM1744450	1	Substitution - Missense
2837	c.8511C>T	p.I2837=	COSM3477457	2	Substitution - coding silent
2838	c.8513C>A	p.P2838H	COSM7783967	1	Substitution - Missense
2839	c.8516C>T	p.P2839L	COSM7263330	1	Substitution - Missense
2839	c.8516del	p.P2839Rfs*50	COSM4450785	2	Deletion - Frameshift
2839	c.8517G>A	p.P2839=	COSM6506952	1	Substitution - coding silent
2840	c.8516dup	p.A2840Gfs*7	COSM6938711	1	Insertion - Frameshift
2840	c.8518G>A	p.A2840T	COSM5549381	1	Substitution - Missense
2840	c.?	p.A2840Xfs*7	COSM9276994	1	Frameshift
2843	c.8527A>C	p.M2843L	COSM6459544	2	Substitution - Missense
2843	c.8527A>G	p.M2843V	COSM1626591	3	Substitution - Missense
2843	c.8528T>G	p.M2843R	COSM6459545	2	Substitution - Missense
2843	c.8529G>A	p.M2843I	COSM5911521	1	Substitution - Missense
2846	c.8536G>A	p.E2846K	COSM6501783	1	Substitution - Missense
2846	c.8537_8538insCT	p.E2846Dfs*44	COSM1472900	1	Insertion - Frameshift
2848	c.8542C>T	p.Q2848*	COSM7703851	2	Substitution - Nonsense
2849	c.8547G>A	p.Q2849=	COSM80571	1	Substitution - coding silent
2855	c.8563C>A	p.Q2855K	COSM8133959	1	Substitution - Missense
2855	c.8563C>T	p.Q2855*	COSM9419767	1	Substitution - Nonsense
2857	c.8571A>G	p.K2857=	COSM7288745	1	Substitution - coding silent
2860	c.8579C>A	p.S2860Y	COSM7935729	1	Substitution - Missense
2860	c.8579C>T	p.S2860F	COSM6869049	1	Substitution - Missense
2861	c.8582T>G	p.V2861G	COSM9360932	1	Substitution - Missense
2863	c.8587G>T	p.A2863S	COSM323565	1	Substitution - Missense
2864	c.8592G>A	p.S2864=	COSM4024571	1	Substitution - coding silent
2867	c.8600C>T	p.P2867L	COSM10356525	1	Substitution - Missense
2868	c.8603C>T	p.S2868F	COSM6944391	1	Substitution - Missense
2870	c.8608G>A	p.G2870S	COSM3477458	2	Substitution - Missense
2874	c.8620C>T	p.P2874S	COSM9680610	1	Substitution - Missense
2874	c.8621C>A	p.P2874H	COSM6788643	1	Substitution - Missense
2878	c.8633C>T	p.A2878V	COSM898752	1	Substitution - Missense
2879	c.8637C>G	p.N2879K	COSM6922475	1	Substitution - Missense
2883	c.8647C>T	p.H2883Y	COSM10174510	1	Substitution - Missense
2885	c.8655G>A	p.T2885=	COSM5636216	1	Substitution - coding silent
2891	c.8671C>T	p.Q2891*	COSM6986996	1	Substitution - Nonsense
2897	c.8689C>G	p.P2897A	COSM8358117	1	Substitution - Missense
2899	c.8695A>G	p.I2899V	COSM6905376	1	Substitution - Missense
2900	c.8699C>T	p.S2900L	COSM6909323	6	Substitution - Missense
2900	c.8700G>A	p.S2900=	COSM898753	2	Substitution - coding silent
2904	c.8712C>T	p.A2904=	COSM8891232	1	Substitution - coding silent
2905	c.8713G>A	p.D2905N	COSM1227330	2	Substitution - Missense
2907	c.8719C>A	p.P2907T	COSM6927470	1	Substitution - Missense
2908	c.8724C>T	p.S2908=	COSM424413	1	Substitution - coding silent
2910	c.8728G>T	p.E2910*	COSM6922354	2	Substitution - Nonsense
2911	c.8733del	p.K2911Nfs*19	COSM6909075	2	Deletion - Frameshift
2913	c.8737G>A	p.E2913K	COSM2088057	2	Substitution - Missense
2917	c.8751C>A	p.L2917=	COSM898754	2	Substitution - coding silent
2921	c.8762C>T	p.T2921M	COSM236867	2	Substitution - Missense
2923	c.8769C>T	p.V2923=	COSM8247804	1	Substitution - coding silent
2924	c.8772C>T	p.T2924=	COSM4511689	1	Substitution - coding silent
2926	c.8778A>T	p.G2926=	COSM10539585	1	Substitution - coding silent
2928	c.8783_8784del	p.T2928Sfs*34	COSM6906739	1	Deletion - Frameshift
2929	c.8785G>A	p.V2929M	COSM6932889	1	Substitution - Missense
2930	c.8788A>T	p.K2930*	COSM9360931	1	Substitution - Nonsense
2933	c.8797A>T	p.T2933S	COSM7239664	1	Substitution - Missense
2933	c.8798C>T	p.T2933I	COSM6913577	1	Substitution - Missense
2933	c.8799C>A	p.T2933=	COSM10513401	1	Substitution - coding silent
2934	c.8800C>T	p.Q2934*	COSM10513402	1	Substitution - Nonsense
2935	c.8803G>T	p.G2935W	COSM1290030	2	Substitution - Missense
2935	c.8805G>T	p.G2935=	COSM3477459	1	Substitution - coding silent
2940	c.8817_8818delinsTT	p.P2940S	COSM9647347	1	Substitution - Missense
2940	c.8818C>A	p.P2940T	COSM10874311	1	Substitution - Missense
2946	c.8836C>T	p.Q2946*	COSM6969041	1	Substitution - Nonsense
2946	c.8838G>A	p.Q2946=	COSM424414	1	Substitution - coding silent
2946	c.?	p.Q2946*	COSM7002370	1	Substitution - Nonsense
2948	c.8842G>T	p.V2948F	COSM6959072	1	Substitution - Missense
2948	c.8843T>C	p.V2948A	COSM10292368	1	Substitution - Missense
2949	c.8844_8845insA	p.L2949Tfs*14	COSM10292369	1	Insertion - Frameshift
2949	c.8845C>T	p.L2949F	COSM4511900	1	Substitution - Missense
2953	c.8858T>C	p.I2953T	COSM1491810	1	Substitution - Missense
2962	c.8884G>A	p.D2962N	COSM6122472	1	Substitution - Missense
2963	c.8889C>A	p.P2963=	COSM1335814	3	Substitution - coding silent
2966	c.8896C>T	p.L2966F	COSM9801708	1	Substitution - Missense
2968	c.8904C>T	p.I2968=	COSM2088059	2	Substitution - coding silent
2974	c.8920C>A	p.Q2974K	COSM6937407	1	Substitution - Missense
2974	c.8921A>T	p.Q2974L	COSM2088060	1	Substitution - Missense
2975	c.8924C>A	p.P2975Q	COSM9851788	1	Substitution - Missense
2975	c.8925G>A	p.P2975=	COSM676573	1	Substitution - coding silent
2976	c.8926G>A	p.A2976T	COSM676571	1	Substitution - Missense
2981	c.8942C>T	p.T2981M	COSM6974167	1	Substitution - Missense
2983	c.8949G>A	p.T2983=	COSM6788657	2	Substitution - coding silent
2984	c.8950C>T	p.P2984S	COSM10345010	1	Substitution - Missense
2984	c.?	p.P2984L	COSM6056855	1	Substitution - Missense
2985	c.8953del	p.H2985Tfs*37	COSM10210519	1	Deletion - Frameshift
2988	c.8963C>T	p.P2988L	COSM6937408	2	Substitution - Missense
2990	c.8968C>G	p.L2990V	COSM1731922	2	Substitution - Missense
2991	c.8972_8973delinsA	p.P2991Qfs*31	COSM6908596	1	Complex - frameshift
2997	c.8989G>A	p.E2997K	COSM6059326	1	Substitution - Missense
3001	c.9002T>C	p.V3001A	COSM10772397	1	Substitution - Missense
3001	c.9003C>T	p.V3001=	COSM10513403	1	Substitution - coding silent
3002	c.9004C>T	p.P3002S	COSM9807882	2	Substitution - Missense
3002	c.9005C>A	p.P3002H	COSM8030505	1	Substitution - Missense
3003	c.9008C>T	p.S3003L	COSM2088063	2	Substitution - Missense
3004	c.9011G>A	p.G3004E	COSM6973069	1	Substitution - Missense
3007	c.9019A>C	p.I3007L	COSM7127457	1	Substitution - Missense
3007	c.9021C>T	p.I3007=	COSM7509836	1	Substitution - coding silent
3008	c.9022C>T	p.P3008S	COSM4899565	1	Substitution - Missense
3008	c.9023C>A	p.P3008Q	COSM2088064	1	Substitution - Missense
3011	c.9031C>T	p.R3011*	COSM6981888	2	Substitution - Nonsense
3011	c.9032G>A	p.R3011Q	COSM1667173	4	Substitution - Missense
3011	c.9032G>T	p.R3011L	COSM7655015	1	Substitution - Missense
3013	c.9038T>A	p.V3013D	COSM4024572	1	Substitution - Missense
3014	c.9042C>T	p.S3014=	COSM9727235	1	Substitution - coding silent
3015	c.9043C>T	p.H3015Y	COSM6913748	2	Substitution - Missense
3015	c.9045T>C	p.H3015=	COSM4787494	1	Substitution - coding silent
3016	c.9046T>G	p.L3016V	COSM8821671	1	Substitution - Missense
3016	c.9048G>T	p.L3016F	COSM10581711	2	Substitution - Missense
3017	c.9051A>T	p.A3017=	COSM6540114	1	Substitution - coding silent
3019	c.9055G>A	p.A3019T	COSM5977875	2	Substitution - Missense
3023	c.9068C>T	p.A3023V	COSM6984224	1	Substitution - Missense
3026	c.9077_9079del	p.P3026del	COSM4729551	2	Deletion - In frame
3027	c.9079C>T	p.R3027*	COSM9112729	2	Substitution - Nonsense
3031	c.9093C>T	p.P3031=	COSM4576514	1	Substitution - coding silent
3032	c.9094G>A	p.G3032R	COSM9203819	2	Substitution - Missense
3032	c.9094G>T	p.G3032W	COSM10806102	1	Substitution - Missense
3035	c.9104C>G	p.S3035*	COSM458468	1	Substitution - Nonsense
3035	c.9104C>T	p.S3035L	COSM5014073	1	Substitution - Missense
3037	c.9109C>G	p.P3037A	COSM4750395	1	Substitution - Missense
3043	c.9127A>G	p.S3043G	COSM4921057	1	Substitution - Missense
3044	c.9131G>C	p.S3044T	COSM9360930	1	Substitution - Missense
3045	c.9133A>G	p.T3045A	COSM1227331	2	Substitution - Missense
3048	c.9143C>T	p.T3048M	COSM6947656	1	Substitution - Missense
3051	c.9152C>T	p.S3051F	COSM6441397	1	Substitution - Missense
3052	c.9156C>A	p.T3052=	COSM8244559	1	Substitution - coding silent
3053	c.9159C>T	p.N3053=	COSM2088065	1	Substitution - coding silent
3054	c.9160G>A	p.A3054T	COSM8976305	1	Substitution - Missense
3057	c.9169A>G	p.M3057V	COSM6788638	1	Substitution - Missense
3060	c.9179C>T	p.A3060V	COSM7419082	1	Substitution - Missense
3064	c.9190G>T	p.V3064L	COSM358076	1	Substitution - Missense
3065	c.9195C>A	p.P3065=	COSM8125493	1	Substitution - coding silent
3067	c.9201C>T	p.F3067=	COSM676570	3	Substitution - coding silent
3069	c.9206C>G	p.S3069C	COSM6961418	1	Substitution - Missense
3073	c.9219A>G	p.P3073=	COSM10480555	1	Substitution - coding silent
3075	c.9223C>T	p.Q3075*	COSM9112602	1	Substitution - Nonsense
3078	c.9234C>T	p.I3078=	COSM9808985	1	Substitution - coding silent
3088	c.9264G>T	p.V3088=	COSM5804151	1	Substitution - coding silent
3089	c.9264_9265del	p.S3089Pfs*94	COSM9863736	1	Deletion - Frameshift
3089	c.9266C>T	p.S3089F	COSM6961304	1	Substitution - Missense
3093	c.9277C>A	p.L3093I	COSM8177211	1	Substitution - Missense
3094	c.9281C>T	p.S3094F	COSM6540115	1	Substitution - Missense
3095	c.9283C>A	p.Q3095K	COSM7996150	1	Substitution - Missense
3095	c.9283C>T	p.Q3095*	COSM8433607	1	Substitution - Nonsense
3095	c.9285G>T	p.Q3095H	COSM9949238	1	Substitution - Missense
3097	c.9289G>A	p.E3097K	COSM1639598	1	Substitution - Missense
3097	c.9289G>T	p.E3097*	COSM10560961	1	Substitution - Nonsense
3097	c.9291G>T	p.E3097D	COSM6923676	1	Substitution - Missense
3098	c.9294G>A	p.V3098=	COSM7116437	1	Substitution - coding silent
3099	c.9295A>T	p.R3099*	COSM10802231	1	Substitution - Nonsense
3104	c.9311C>T	p.T3104M	COSM6906162	1	Substitution - Missense
3108	c.9322A>G	p.I3108V	COSM5635544	1	Substitution - Missense
3108	c.9324C>G	p.I3108M	COSM458467	1	Substitution - Missense
3111	c.9331A>G	p.S3111G	COSM10426330	1	Substitution - Missense
3113	c.9338G>A	p.R3113Q	COSM6916166	1	Substitution - Missense
3114	c.9340_9341delinsTT	p.P3114L	COSM6979446	1	Substitution - Missense
3114	c.9341C>G	p.P3114R	COSM463314	1	Substitution - Missense
3115	c.9343G>A	p.E3115K	COSM6970396	1	Substitution - Missense
3115	c.9344A>T	p.E3115V	COSM4647398	1	Substitution - Missense
3116	c.9347C>A	p.A3116E	COSM5613804	1	Substitution - Missense
3116	c.9348G>A	p.A3116=	COSM5483625	1	Substitution - coding silent
3118	c.9352C>T	p.H3118Y	COSM6920689	1	Substitution - Missense
3120	c.9359C>T	p.P3120L	COSM7463368	1	Substitution - Missense
3126	c.9376C>T	p.P3126S	COSM5623400	1	Substitution - Missense
3126	c.9378C>A	p.P3126=	COSM7276711	1	Substitution - coding silent
3127	c.9379del	p.Q3127Sfs*3	COSM6904166	1	Deletion - Frameshift
3127	c.9381G>A	p.Q3127=	COSM1335815	1	Substitution - coding silent
3132	c.9395G>A	p.R3132K	COSM8838390	1	Substitution - Missense
3134	c.9402A>G	p.P3134=	COSM10513404	1	Substitution - coding silent
3136	c.9406C>T	p.R3136C	COSM9172810	4	Substitution - Missense
3136	c.9407G>A	p.R3136H	COSM10019312	1	Substitution - Missense
3136	c.?	p.R3136C	COSM6904502	1	Substitution - Missense
3139	c.9417C>T	p.T3139=	COSM9797012	1	Substitution - coding silent
3140	c.9418C>T	p.P3140S	COSM6959379	1	Substitution - Missense
3140	c.9419C>T	p.P3140L	COSM898755	1	Substitution - Missense
3141	c.9421C>T	p.Q3141*	COSM5369705	2	Substitution - Nonsense
3150	c.9448C>G	p.L3150V	COSM7698173	1	Substitution - Missense
3153	c.9457C>T	p.Q3153*	COSM9865928	1	Substitution - Nonsense
3155	c.9464C>T	p.P3155L	COSM5767356	1	Substitution - Missense
3156	c.9466C>T	p.P3156S	COSM8594623	2	Substitution - Missense
3156	c.9467C>T	p.P3156L	COSM4224524	1	Substitution - Missense
3157	c.9469G>A	p.E3157K	COSM1720537	5	Substitution - Missense
3157	c.9471G>A	p.E3157=	COSM9800904	1	Substitution - coding silent
3159	c.9475G>A	p.E3159K	COSM7169274	1	Substitution - Missense
3163	c.9487C>T	p.H3163Y	COSM2088069	1	Substitution - Missense
3163	c.9488A>C	p.H3163P	COSM6198522	1	Substitution - Missense
3165	c.9493C>T	p.P3165S	COSM4513734	1	Substitution - Missense
3165	c.9494_9498del	p.P3165Rfs*17	COSM6928396	1	Deletion - Frameshift
3167	c.9500C>T	p.A3167V	COSM5844306	1	Substitution - Missense
3168	c.9502C>G	p.R3168G	COSM10135735	1	Substitution - Missense
3169	c.9506C>T	p.A3169V	COSM6906163	1	Substitution - Missense
3180	c.9538A>G	p.M3180V	COSM6788681	1	Substitution - Missense
3181	c.9541C>T	p.Q3181*	COSM10287005	1	Substitution - Nonsense
3182	c.9545C>G	p.S3182C	COSM6907159	1	Substitution - Missense
3183	c.9547G>A	p.E3183K	COSM6977788	1	Substitution - Missense
3183	c.9547G>C	p.E3183Q	COSM10431204	1	Substitution - Missense
3185	c.9554G>T	p.R3185L	COSM7501215	1	Substitution - Missense
3186	c.9557T>C	p.L3186P	COSM5745582	1	Substitution - Missense
3187	c.9559C>G	p.H3187D	COSM7486646	1	Substitution - Missense
3187	c.9561C>A	p.H3187Q	COSM5047541	1	Substitution - Missense
3187	c.9561C>T	p.H3187=	COSM9800421	1	Substitution - coding silent
3188	c.9562C>T	p.P3188S	COSM6913586	1	Substitution - Missense
3188	c.9563C>T	p.P3188L	COSM6009093	2	Substitution - Missense
3189	c.9566A>G	p.Y3189C	COSM1470173	1	Substitution - Missense
3192	c.9574C>T	p.P3192S	COSM9084291	1	Substitution - Missense
3193	c.9578G>T	p.R3193L	COSM7131525	2	Substitution - Missense
3195	c.9585G>A	p.V3195=	COSM424415	1	Substitution - coding silent
3196	c.9587G>A	p.R3196K	COSM5728300	1	Substitution - Missense
3197	c.9591C>A	p.I3197=	COSM9524467	1	Substitution - coding silent
3200	c.9598dup	p.H3200Pfs*67	COSM9114738	1	Insertion - Frameshift
3206	c.9617T>C	p.V3206A	COSM6223722	1	Substitution - Missense
3212	c.9635C>T	p.A3212V	COSM9877945	1	Substitution - Missense
3213	c.9636del	p.A3213Rfs*5	COSM6978075	1	Deletion - Frameshift
3213	c.9637G>A	p.A3213T	COSM6927849	1	Substitution - Missense
3214	c.9640G>A	p.D3214N	COSM6977789	2	Substitution - Missense
3223	c.9667A>T	p.S3223C	COSM6490958	1	Substitution - Missense
3223	c.9669C>T	p.S3223=	COSM10473267	5	Substitution - coding silent
3225	c.9674C>A	p.A3225D	COSM6417967	2	Substitution - Missense
3225	c.9674C>T	p.A3225V	COSM10895126	1	Substitution - Missense
3227	c.9680A>G	p.Q3227R	COSM7546299	1	Substitution - Missense
3233	c.9698C>A	p.A3233D	COSM5043530	1	Substitution - Missense
3238	c.9712_9713dup	p.D3238Efs*47	COSM9863995	1	Insertion - Frameshift
3239	c.9716C>T	p.A3239V	COSM6983438	1	Substitution - Missense
3242	c.9726C>T	p.A3242=	COSM6540116	2	Substitution - coding silent
3243	c.9727C>T	p.P3243S	COSM9799732	1	Substitution - Missense
3244	c.9729dup	p.T3244Hfs*23	COSM4423988	3	Insertion - Frameshift
3244	c.9730A>C	p.T3244P	COSM6122471	3	Substitution - Missense
3244	c.9732C>T	p.T3244=	COSM3477460	1	Substitution - coding silent
3246	c.9735_9740del	p.T3246_P3247del	COSM1335816	1	Deletion - In frame
3246	c.9735dup	p.T3246Hfs*21	COSM1723301	3	Insertion - Frameshift
3246	c.9736A>C	p.T3246P	COSM4142939	5	Substitution - Missense
3247	c.9741T>C	p.P3247=	COSM4142940	1	Substitution - coding silent
3248	c.9742G>C	p.A3248P	COSM4142941	3	Substitution - Missense
3249	c.9745C>T	p.P3249S	COSM4514436	1	Substitution - Missense
3249	c.9746C>A	p.P3249H	COSM6382630	2	Substitution - Missense
3249	c.9746C>T	p.P3249L	COSM9801798	2	Substitution - Missense
3249	c.9746_9747delinsTT	p.P3249L	COSM9650560	1	Substitution - Missense
3249	c.9747C>T	p.P3249=	COSM2088072	3	Substitution - coding silent
3250	c.9748G>A	p.V3250I	COSM6950517	2	Substitution - Missense
3250	c.9748G>T	p.V3250F	COSM1320791	1	Substitution - Missense
3250	c.?	p.V3250_P3251del	COSM9556616	2	Deletion - In frame
3251	c.9752C>A	p.P3251H	COSM7584187	1	Substitution - Missense
3251	c.9752C>T	p.P3251L	COSM9911158	1	Substitution - Missense
3252	c.9753_9755del	p.V3252del	COSM9657642	1	Deletion - In frame
3252	c.9754G>T	p.V3252F	COSM6925096	2	Substitution - Missense
3253	c.9757C>A	p.P3253T	COSM3477461	1	Substitution - Missense
3253	c.9757C>T	p.P3253S	COSM4514451	1	Substitution - Missense
3254	c.9759_9764dup	p.V3254_P3255dup	COSM6907245	2	Insertion - In frame
3254	c.9761T>A	p.V3254D	COSM2088073	2	Substitution - Missense
3255	c.9763C>T	p.P3255S	COSM10772167	1	Substitution - Missense
3257	c.9769C>T	p.P3257S	COSM10367090	1	Substitution - Missense
3264	c.9790C>T	p.H3264Y	COSM10032667	1	Substitution - Missense
3265	c.9794G>A	p.G3265D	COSM6928855	1	Substitution - Missense
3265	c.9795T>C	p.G3265=	COSM4024573	1	Substitution - coding silent
3267	c.9799G>A	p.A3267T	COSM9634357	1	Substitution - Missense
3267	c.9800C>T	p.A3267V	COSM5938771	1	Substitution - Missense
3267	c.9801C>A	p.A3267=	COSM2088075	1	Substitution - coding silent
3267	c.9801C>T	p.A3267=	COSM4514589	1	Substitution - coding silent
3268	c.9802C>T	p.R3268C	COSM898756	3	Substitution - Missense
3269	c.9807C>T	p.I3269=	COSM9696757	1	Substitution - coding silent
3275	c.9822del	p.S3275Vfs*9	COSM6949022	1	Deletion - Frameshift
3281	c.9841C>A	p.L3281M	COSM6942438	1	Substitution - Missense
3284	c.9851C>T	p.T3284I	COSM9422949	1	Substitution - Missense
3285	c.9853C>A	p.P3285T	COSM8476578	1	Substitution - Missense
3285	c.9853C>T	p.P3285S	COSM4514714	1	Substitution - Missense
3287	c.9860T>A	p.V3287E	COSM7460898	1	Substitution - Missense
3290	c.9869C>T	p.T3290I	COSM898757	1	Substitution - Missense
3292	c.9875G>T	p.G3292V	COSM5010480	1	Substitution - Missense
3293	c.9877G>A	p.V3293M	COSM6910640	1	Substitution - Missense
3293	c.9879G>A	p.V3293=	COSM8221527	1	Substitution - coding silent
3294	c.9880C>T	p.Q3294*	COSM424416	2	Substitution - Nonsense
3294	c.9881A>G	p.Q3294R	COSM1601153	2	Substitution - Missense
3294	c.9882G>C	p.Q3294H	COSM10010626	1	Substitution - Missense
3298	c.9892T>C	p.S3298P	COSM10486020	1	Substitution - Missense
3299	c.9897C>T	p.S3299=	COSM2088077	1	Substitution - coding silent
3300	c.9898G>A	p.G3300R	COSM8607079	1	Substitution - Missense
3300	c.9898G>T	p.G3300W	COSM3789004	2	Substitution - Missense
3300	c.9899G>A	p.G3300E	COSM3477462	2	Substitution - Missense
3304	c.9910C>G	p.Q3304E	COSM5048714	2	Substitution - Missense
3304	c.9910C>T	p.Q3304*	COSM9360934	2	Substitution - Nonsense
3305	c.9913G>C	p.E3305Q	COSM6968337	2	Substitution - Missense
3307	c.9919C>T	p.R3307W	COSM6943700	1	Substitution - Missense
3308	c.9924C>T	p.Y3308=	COSM7628822	3	Substitution - coding silent
3309	c.9926G>A	p.G3309D	COSM4729552	1	Substitution - Missense
3309	c.9927C>T	p.G3309=	COSM898758	1	Substitution - coding silent
3312	c.9935G>A	p.R3312H	COSM4142942	1	Substitution - Missense
3313	c.9939C>T	p.T3313=	COSM8020515	1	Substitution - coding silent
3314	c.9942C>T	p.Y3314=	COSM10581712	1	Substitution - coding silent
3315	c.9942delinsTA	p.H3315Tfs*33	COSM10772065	1	Complex - frameshift
3315	c.9945C>T	p.H3315=	COSM9731790	1	Substitution - coding silent
3316	c.9948C>T	p.P3316=	COSM3477463	2	Substitution - coding silent
3317	c.9949C>T	p.P3317S	COSM9804265	1	Substitution - Missense
3317	c.9950C>T	p.P3317L	COSM6945195	1	Substitution - Missense
3317	c.9950del	p.P3317Rfs*83	COSM1720538	8	Deletion - Frameshift
3317	c.9951G>A	p.P3317=	COSM898759	2	Substitution - coding silent
3317	c.9951G>T	p.P3317=	COSM6275767	1	Substitution - coding silent
3318	c.9950dup	p.A3318Gfs*30	COSM5752756	2	Insertion - Frameshift
3318	c.9952G>A	p.A3318T	COSM7263441	1	Substitution - Missense
3324	c.9970C>T	p.Q3324*	COSM3802631	1	Substitution - Nonsense
3324	c.9970_9971del	p.Q3324Vfs*23	COSM1658801	1	Deletion - Frameshift
3324	c.?	p.Q3324Xfs*23	COSM10072857	1	Frameshift
3325	c.9974_9975del	p.F3325Sfs*22	COSM1658822	1	Deletion - Frameshift
3325	c.?	p.F3325Xfs*22	COSM10072856	1	Frameshift
3326	c.9976C>T	p.P3326S	COSM9392421	1	Substitution - Missense
3326	c.9977C>A	p.P3326H	COSM7983620	1	Substitution - Missense
3326	c.9977C>T	p.P3326L	COSM6977407	1	Substitution - Missense
3327	c.9979G>A	p.A3327T	COSM5369707	2	Substitution - Missense
3327	c.9980C>A	p.A3327D	COSM1667174	1	Substitution - Missense
3328	c.9982G>A	p.A3328T	COSM9200061	2	Substitution - Missense
3328	c.9983C>T	p.A3328V	COSM8141894	1	Substitution - Missense
3329	c.9986C>T	p.S3329F	COSM8333802	1	Substitution - Missense
3330	c.9989C>A	p.S3330Y	COSM9002603	1	Substitution - Missense
3330	c.9989C>T	p.S3330F	COSM9728308	1	Substitution - Missense
3332	c.9995G>A	p.G3332D	COSM6935774	1	Substitution - Missense
3333	c.9999G>T	p.L3333=	COSM6275768	1	Substitution - coding silent
3335	c.10005C>T	p.S3335=	COSM2088081	3	Substitution - coding silent
3336	c.10006C>A	p.R3336=	COSM7942411	1	Substitution - coding silent
3336	c.10006C>T	p.R3336W	COSM3477464	2	Substitution - Missense
3336	c.10007G>A	p.R3336Q	COSM6950367	2	Substitution - Missense
3338	c.10014G>A	p.K3338=	COSM3789005	1	Substitution - coding silent
3340	c.10019C>T	p.A3340V	COSM6962739	1	Substitution - Missense
3345	c.10033C>T	p.P3345S	COSM1667175	5	Substitution - Missense
3345	c.10034C>T	p.P3345L	COSM8134280	2	Substitution - Missense
3346	c.10036C>T	p.P3346S	COSM9806718	1	Substitution - Missense
3346	c.10036_10038del	p.P3346del	COSM6916411	4	Deletion - In frame
3348	c.10044T>C	p.G3348=	COSM4024574	1	Substitution - coding silent
3350	c.10050C>G	p.P3350=	COSM5779475	1	Substitution - coding silent
3354	c.10060C>T	p.P3354S	COSM10513406	1	Substitution - Missense
3354	c.10062T>G	p.P3354=	COSM8414972	1	Substitution - coding silent
3355	c.10063C>G	p.Q3355E	COSM10432760	1	Substitution - Missense
3355	c.10063C>T	p.Q3355*	COSM5010386	2	Substitution - Nonsense
3359	c.10076C>G	p.S3359C	COSM10570185	1	Substitution - Missense
3362	c.10084C>G	p.P3362A	COSM6920826	1	Substitution - Missense
3363	c.10087G>T	p.A3363S	COSM7515265	1	Substitution - Missense
3365	c.10094C>G	p.P3365R	COSM9360936	1	Substitution - Missense
3365	c.10095T>A	p.P3365=	COSM5687153	1	Substitution - coding silent
3367	c.10095_10099dup	p.P3367Lfs*35	COSM7335917	2	Insertion - Frameshift
3367	c.10098dup	p.P3367Tfs*48	COSM6951738	2	Insertion - Frameshift
3369	c.10104_10142del	p.C3369_P3381del	COSM6940896	1	Deletion - In frame
3370	c.10109C>T	p.P3370L	COSM3729111	1	Substitution - Missense
3372	c.10115C>T	p.S3372F	COSM9688184	1	Substitution - Missense
3372	c.10116C>T	p.S3372=	COSM9783964	1	Substitution - coding silent
3374	c.10122C>T	p.L3374=	COSM7541993	1	Substitution - coding silent
3375	c.10123G>A	p.G3375S	COSM6911072	3	Substitution - Missense
3375	c.10125T>C	p.G3375=	COSM5452197	1	Substitution - coding silent
3376	c.10127A>G	p.Q3376R	COSM4405028	1	Substitution - Missense
3377	c.10129C>T	p.P3377S	COSM4024575	1	Substitution - Missense
3378	c.10132G>A	p.G3378S	COSM6788640	2	Substitution - Missense
3380	c.10139C>T	p.P3380L	COSM6917942	1	Substitution - Missense
3383	c.10148G>A	p.S3383N	COSM10384435	1	Substitution - Missense
3384	c.10152G>T	p.K3384N	COSM10486021	1	Substitution - Missense
3385	c.10153del	p.M3385Cfs*15	COSM10772249	1	Deletion - Frameshift
3389	c.10166C>G	p.S3389C	COSM424417	1	Substitution - Missense
3392	c.10174G>T	p.A3392S	COSM9180146	1	Substitution - Missense
3394	c.10182G>C	p.G3394=	COSM2088082	1	Substitution - coding silent
3397	c.10191G>T	p.T3397=	COSM7743437	1	Substitution - coding silent
3398	c.10192G>A	p.G3398R	COSM10513407	1	Substitution - Missense
3401	c.10201C>T	p.Q3401*	COSM10888815	1	Substitution - Nonsense
3403	c.10207C>T	p.R3403C	COSM6953133	2	Substitution - Missense
3403	c.10208G>A	p.R3403H	COSM4024576	2	Substitution - Missense
3404	c.10210C>T	p.L3404F	COSM2088083	1	Substitution - Missense
3407	c.10220G>T	p.G3407V	COSM9795965	1	Substitution - Missense
3428	c.10282C>T	p.P3428S	COSM6961818	1	Substitution - Missense
3428	c.10283C>A	p.P3428Q	COSM7956026	1	Substitution - Missense
3428	c.10284G>A	p.P3428=	COSM10513408	1	Substitution - coding silent
3430	c.10289C>T	p.S3430F	COSM9302999	3	Substitution - Missense
3431	c.10291_10294del	p.F3431Pfs*8	COSM3734804	1	Deletion - Frameshift
3431	c.10293C>G	p.F3431L	COSM10172911	1	Substitution - Missense
3432	c.10296C>A	p.P3432=	COSM8225751	1	Substitution - coding silent
3433	c.10298C>T	p.S3433F	COSM8654713	1	Substitution - Missense
3434	c.?	p.P3434fs*?	COSM6904501	2	Frameshift
3437	c.10308dup	p.V3437Cfs*6	COSM9864042	1	Insertion - Frameshift
3437	c.10309G>T	p.V3437F	COSM5633424	1	Substitution - Missense
3441	c.10322C>T	p.P3441L	COSM6983513	1	Substitution - Missense
3442	c.10325A>T	p.D3442V	COSM7674286	1	Substitution - Missense
3450	c.10348C>T	p.Q3450*	COSM6974249	1	Substitution - Nonsense
3455	c.10363C>G	p.Q3455E	COSM10876466	1	Substitution - Missense
3456	c.10366C>T	p.P3456S	COSM6284297	2	Substitution - Missense
3456	c.10367C>T	p.P3456L	COSM6962821	1	Substitution - Missense
3460	c.10378C>T	p.P3460S	COSM6931567	2	Substitution - Missense
3461	c.10381dup	p.T3461Nfs*17	COSM6908949	2	Insertion - Frameshift
3462	c.10385C>T	p.T3462I	COSM9751232	1	Substitution - Missense
3464	c.10391G>C	p.G3464A	COSM7232928	1	Substitution - Missense
3467	c.10401C>A	p.T3467=	COSM5992176	2	Substitution - coding silent
3471	c.10411C>T	p.L3471=	COSM10384437	1	Substitution - coding silent
3473	c.10416del	p.L3473Cfs*18	COSM6963642	2	Deletion - Frameshift
3474	c.10422A>G	p.P3474=	COSM400396	1	Substitution - coding silent
3476	c.10427C>T	p.T3476I	COSM898760	1	Substitution - Missense
3478	c.10434C>T	p.F3478=	COSM9392422	1	Substitution - coding silent
3486	c.10457C>T	p.S3486F	COSM10201046	1	Substitution - Missense
3488	c.10462C>T	p.P3488S	COSM9805788	1	Substitution - Missense
3492	c.10474T>C	p.S3492P	COSM6490740	1	Substitution - Missense
3492	c.10475C>A	p.S3492Y	COSM6059325	1	Substitution - Missense
3492	c.10475C>T	p.S3492F	COSM1227336	1	Substitution - Missense
3493	c.10478_10485del	p.Q3493Rfs*23	COSM6954901	3	Deletion - Frameshift
3495	c.10485C>T	p.P3495=	COSM9502892	1	Substitution - coding silent
3502	c.10506G>C	p.L3502=	COSM5954437	1	Substitution - coding silent
3503	c.10507A>G	p.K3503E	COSM10875403	1	Substitution - Missense
3503	c.10509G>T	p.K3503N	COSM4024577	1	Substitution - Missense
3505	c.10514A>G	p.Y3505C	COSM4622230	2	Substitution - Missense
3505	c.10515C>A	p.Y3505*	COSM4883299	1	Substitution - Nonsense
3507	c.10521C>T	p.I3507=	COSM3934223	2	Substitution - coding silent
3508	c.10522G>A	p.V3508M	COSM8426073	1	Substitution - Missense
3511	c.10533C>G	p.G3511=	COSM4142943	2	Substitution - coding silent
3512	c.10532dup	p.L3512Pfs*7	COSM3733028	2	Insertion - Frameshift
3512	c.10535T>G	p.L3512R	COSM3930472	1	Substitution - Missense
3513	c.10533_10535del	p.L3513del	COSM1731925	2	Deletion - In frame
3516	c.10546A>C	p.K3516Q	COSM9504826	1	Substitution - Missense
3518	c.10552G>A	p.D3518N	COSM6006493	1	Substitution - Missense
3519	c.10556C>T	p.T3519I	COSM6950696	1	Substitution - Missense
3526	c.10578C>T	p.F3526=	COSM5604991	4	Substitution - coding silent
3529	c.10585G>T	p.G3529C	COSM5963615	1	Substitution - Missense
3530	c.10588A>G	p.N3530D	COSM10755135	1	Substitution - Missense
3532	c.10594G>A	p.V3532I	COSM6979172	1	Substitution - Missense
3532	c.10595T>C	p.V3532A	COSM8780028	1	Substitution - Missense
3536	c.10606C>G	p.R3536G	COSM676569	1	Substitution - Missense
3537	c.10610_10611delinsAT	p.S3537Y	COSM290964	1	Substitution - Missense
3539	c.10615C>T	p.P3539S	COSM9048350	1	Substitution - Missense
3540	c.10618C>T	p.L3540F	COSM6893656	1	Substitution - Missense
3541	c.10622C>T	p.S3541F	COSM2088086	1	Substitution - Missense
3542	c.10624G>A	p.E3542K	COSM9707487	1	Substitution - Missense
3543	c.10627G>A	p.G3543R	COSM9807896	1	Substitution - Missense
3543	c.10628G>T	p.G3543V	COSM9949239	1	Substitution - Missense
3543	c.?	p.G3543V	COSM9856977	1	Substitution - Missense
3544	c.10630G>A	p.G3544R	COSM10654455	1	Substitution - Missense
3548	c.10643G>T	p.R3548M	COSM8244708	1	Substitution - Missense
3549	c.10647C>T	p.I3549=	COSM898761	3	Substitution - coding silent
3550	c.10648G>A	p.A3550T	COSM6938804	2	Substitution - Missense
3552	c.10655G>A	p.R3552K	COSM6937570	1	Substitution - Missense
3554	c.10660C>T	p.R3554W	COSM5673369	1	Substitution - Missense
3556	c.10666G>A	p.E3556K	COSM4830258	1	Substitution - Missense
3558	c.10673C>T	p.T3558M	COSM4406524	2	Substitution - Missense
3558	c.10674G>A	p.T3558=	COSM8514799	2	Substitution - coding silent
3562	c.10684G>A	p.G3562R	COSM5369548	1	Substitution - Missense
3563	c.10688T>C	p.V3563A	COSM10513409	1	Substitution - Missense
3564	c.10691C>G	p.A3564G	COSM247557	1	Substitution - Missense
3565	c.10693C>A	p.R3565=	COSM7939288	1	Substitution - coding silent
3565	c.10694G>A	p.R3565Q	COSM6924184	2	Substitution - Missense
3567	c.10701G>A	p.M3567I	COSM7185675	1	Substitution - Missense
3568	c.10703C>T	p.T3568M	COSM7623768	1	Substitution - Missense
3573	c.10718A>G	p.Y3573C	COSM6190408	2	Substitution - Missense
3573	c.10718A>T	p.Y3573F	COSM9965747	1	Substitution - Missense
3582	c.10746C>T	p.G3582=	COSM4024578	2	Substitution - coding silent
3583	c.10747C>T	p.R3583C	COSM9082419	2	Substitution - Missense
3583	c.10748G>C	p.R3583P	COSM213755	1	Substitution - Missense
3586	c.10758G>A	p.E3586=	COSM3477465	3	Substitution - coding silent
3586	c.10758G>C	p.E3586D	COSM4979649	3	Substitution - Missense
3587	c.10759G>A	p.D3587N	COSM9804884	1	Substitution - Missense
3590	c.10770C>A	p.S3590R	COSM6982083	1	Substitution - Missense
3592	c.10776C>T	p.T3592=	COSM898762	2	Substitution - coding silent
3602	c.10806C>T	p.Y3602=	COSM1491809	1	Substitution - coding silent
3603	c.10809G>C	p.L3603=	COSM8441706	1	Substitution - coding silent
3608	c.10823C>A	p.A3608E	COSM6917747	2	Substitution - Missense
3608	c.10824G>A	p.A3608=	COSM5607063	1	Substitution - coding silent
3609	c.10825G>A	p.A3609T	COSM10661467	1	Substitution - Missense
3612	c.10835_10837del	p.I3612del	COSM6983719	1	Deletion - In frame
3612	c.10836C>G	p.I3612M	COSM6491862	1	Substitution - Missense
3614	c.10841T>A	p.V3614D	COSM898763	1	Substitution - Missense
3621	c.10862A>G	p.Q3621R	COSM8250419	1	Substitution - Missense
3623	c.10868C>T	p.A3623V	COSM898764	3	Substitution - Missense
3624	c.10872C>T	p.Y3624=	COSM6788680	1	Substitution - coding silent
3630	c.10888C>T	p.P3630S	COSM9883967	1	Substitution - Missense
3630	c.10890G>T	p.P3630=	COSM3802632	1	Substitution - coding silent
3631	c.10891C>T	p.P3631S	COSM9802841	1	Substitution - Missense
3634	c.10900T>G	p.F3634V	COSM10011124	1	Substitution - Missense
3634	c.10902C>A	p.F3634L	COSM6980601	1	Substitution - Missense
3634	c.10902C>T	p.F3634=	COSM6059324	1	Substitution - coding silent
3636	c.10906G>A	p.E3636K	COSM3789006	1	Substitution - Missense
3636	c.10908G>A	p.E3636=	COSM4521028	2	Substitution - coding silent
3637	c.10911T>C	p.S3637=	COSM5415773	1	Substitution - coding silent
3638	c.10909_10910del	p.H3638Pfs*7	COSM424418	2	Deletion - Frameshift
3638	c.10913A>C	p.H3638P	COSM5419354	1	Substitution - Missense
3638	c.10913A>G	p.H3638R	COSM6922476	1	Substitution - Missense
3640	c.10920C>T	p.S3640=	COSM6788669	1	Substitution - coding silent
3641	c.10921C>T	p.R3641C	COSM10788040	1	Substitution - Missense
3641	c.10922G>A	p.R3641H	COSM4024579	1	Substitution - Missense
3646	c.10937_10944del	p.L3646Qfs*20	COSM6963709	2	Deletion - Frameshift
3652	c.10954_10964del	p.N3652Pfs*13	COSM6915259	5	Deletion - Frameshift
3653	c.10959C>T	p.I3653=	COSM3789007	1	Substitution - coding silent
3654	c.10961C>T	p.S3654F	COSM6503595	1	Substitution - Missense
3656	c.10966del	p.H3656Tfs*3	COSM6788661	1	Deletion - Frameshift
3656	c.10967A>C	p.H3656P	COSM3802633	1	Substitution - Missense
3659	c.10977T>A	p.I3659=	COSM5438250	1	Substitution - coding silent
3661	c.10981A>T	p.I3661F	COSM6908615	5	Substitution - Missense
	c.-127C>T	p.?	COSN31527735	2	Unknown
	c.-183C>T	p.?	COSN30177155	1	Unknown
	c.-2G>A	p.?	COSN26996579	1	Unknown
	c.-83G>A	p.?	COSN19729962	1	Unknown
	c.-89_-87del	p.?	COSN30595958	1	Unknown
	c.83+10455A>T	p.?	COSN26137299	1	Unknown
	c.83+10561del	p.?	COSN26112862	1	Unknown
	c.83+10773A>G	p.?	COSN28473594	1	Unknown
	c.83+1078G>C	p.?	COSN22275422	1	Unknown
	c.83+11170T>G	p.?	COSN5356116	1	Unknown
	c.83+11226G>T	p.?	COSN28606616	1	Unknown
	c.83+11369G>A	p.?	COSN1409494	1	Unknown
	c.83+11792T>C	p.?	COSN6507970	1	Unknown
	c.83+12014G>T	p.?	COSN24893464	1	Unknown
	c.83+12027C>G	p.?	COSN20877410	1	Unknown
	c.83+1204C>A	p.?	COSN32533675	1	Unknown
	c.83+12267_83+12268del	p.?	COSN2530327	1	Unknown
	c.83+1234G>A	p.?	COSN7180926	1	Unknown
	c.83+1235G>A	p.?	COSN7180927	1	Unknown
	c.83+1293G>T	p.?	COSN32549966	1	Unknown
	c.83+1499C>A	p.?	COSN8646142	1	Unknown
	c.83+2024T>C	p.?	COSN28406379	1	Unknown
	c.83+2122A>C	p.?	COSN6005407	1	Unknown
	c.83+2160A>G	p.?	COSN27371153	1	Unknown
	c.83+2356C>T	p.?	COSN26865888	1	Unknown
	c.83+2364G>A	p.?	COSN6507960	1	Unknown
	c.83+2397C>T	p.?	COSN18784519	1	Unknown
	c.83+2640A>G	p.?	COSN6507961	1	Unknown
	c.83+27G>T	p.?	COSN29468361	1	Unknown
	c.83+2932dup	p.?	COSN1409463	1	Unknown
	c.83+2933G>A	p.?	COSN6507963	1	Unknown
	c.83+2988A>G	p.?	COSN5356106	1	Unknown
	c.83+3554G>T	p.?	COSN32120225	1	Unknown
	c.83+3570C>T	p.?	COSN17029211	4	Unknown
	c.83+3577A>G	p.?	COSN16432217	1	Unknown
	c.83+35C>A	p.?	COSN32863092	1	Unknown
	c.83+3610G>A	p.?	COSN6507964	1	Unknown
	c.83+3612G>T	p.?	COSN7180935	1	Unknown
	c.83+3613T>G	p.?	COSN24322014	1	Unknown
	c.83+3707T>A	p.?	COSN8646148	1	Unknown
	c.83+4069C>T	p.?	COSN15580057	1	Unknown
	c.83+40del	p.?	COSN30709406	1	Unknown
	c.83+4136A>G	p.?	COSN1409475	1	Unknown
	c.83+4199A>G	p.?	COSN15755592	1	Unknown
	c.83+4790T>G	p.?	COSN33507744	1	Unknown
	c.83+4871T>G	p.?	COSN8646155	1	Unknown
	c.83+4913C>T	p.?	COSN8646156	1	Unknown
	c.83+5355A>T	p.?	COSN32348596	1	Unknown
	c.83+5407G>A	p.?	COSN33507746	1	Unknown
	c.83+5408A>G	p.?	COSN25711541	1	Unknown
	c.83+55C>T	p.?	COSN24308181	1	Unknown
	c.83+5626C>G	p.?	COSN21339640	1	Unknown
	c.83+5982G>A	p.?	COSN23590568	1	Unknown
	c.83+611T>C	p.?	COSN1409458	1	Unknown
	c.83+6425C>T	p.?	COSN27701710	1	Unknown
	c.83+681C>T	p.?	COSN21723066	1	Unknown
	c.83+6952C>G	p.?	COSN8646162	1	Unknown
	c.83+6992A>G	p.?	COSN16350992	1	Unknown
	c.83+6993A>G	p.?	COSN8646163	1	Unknown
	c.83+7256dup	p.?	COSN29560933	2	Unknown
	c.83+7334T>C	p.?	COSN6507966	1	Unknown
	c.83+7379T>C	p.?	COSN6005419	1	Unknown
	c.83+7462C>A	p.?	COSN1409487	1	Unknown
	c.83+7618C>T	p.?	COSN9364679	1	Unknown
	c.83+7840_83+7841insCT	p.?	COSN27426609	1	Unknown
	c.83+7840_83+7841insCTT	p.?	COSN27295784	1	Unknown
	c.83+7841T>C	p.?	COSN9364680	4	Unknown
	c.83+8062G>C	p.?	COSN20756978	1	Unknown
	c.83+8083G>T	p.?	COSN24980409	1	Unknown
	c.83+8168A>G	p.?	COSN6507968	1	Unknown
	c.83+8249A>G	p.?	COSN5356111	1	Unknown
	c.83+848del	p.?	COSN28941104	1	Unknown
	c.83+848dup	p.?	COSN28467835	3	Unknown
	c.83+84C>G	p.?	COSN30709523	1	Unknown
	c.83+84_83+85del	p.?	COSN30709271	1	Unknown
	c.83+8637T>A	p.?	COSN15926996	1	Unknown
	c.83+8927dup	p.?	COSN27243424	2	Unknown
	c.83+8956A>G	p.?	COSN20811767	1	Unknown
	c.83+8993T>A	p.?	COSN1409490	1	Unknown
	c.83+8A>G	p.?	COSM9200056	2	Unknown
	c.83+9185G>T	p.?	COSN23413274	1	Unknown
	c.83+9707C>T	p.?	COSN27909217	1	Unknown
	c.83+9836G>A	p.?	COSN32080987	1	Unknown
	c.84-10037dup	p.?	COSN27496679	1	Unknown
	c.84-10250T>C	p.?	COSN6507973	1	Unknown
	c.84-10388A>G	p.?	COSN6005432	1	Unknown
	c.84-10509C>T	p.?	COSN33272058	1	Unknown
	c.84-10630G>A	p.?	COSN6507972	1	Unknown
	c.84-11551A>G	p.?	COSN6507971	1	Unknown
	c.84-11666del	p.?	COSN19365840	1	Unknown
	c.84-12030G>C	p.?	COSN8646182	1	Unknown
	c.84-12195dup	p.?	COSN27403547	1	Unknown
	c.84-12261G>C	p.?	COSN7180960	1	Unknown
	c.84-12328C>A	p.?	COSN7180959	1	Unknown
	c.84-1616C>T	p.?	COSN21991183	1	Unknown
	c.84-1799_84-1798del	p.?	COSN33507761	1	Unknown
	c.84-1851dup	p.?	COSN1409532	1	Unknown
	c.84-1G>T	p.?	COSM6983062	2	Unknown
	c.84-2056T>G	p.?	COSN6005450	1	Unknown
	c.84-2099C>T	p.?	COSN19237619	1	Unknown
	c.84-209A>T	p.?	COSN30256894	1	Unknown
	c.84-20G>A	p.?	COSN20047087	1	Unknown
	c.84-2418T>G	p.?	COSN16092896	1	Unknown
	c.84-2552A>G	p.?	COSN6507977	1	Unknown
	c.84-260T>C	p.?	COSN6507978	1	Unknown
	c.84-2630A>G	p.?	COSN16326000	1	Unknown
	c.84-3009G>T	p.?	COSN23155589	1	Unknown
	c.84-3204_84-3201dup	p.?	COSN27247875	2	Unknown
	c.84-3208_84-3201dup	p.?	COSN27334508	1	Unknown
	c.84-3337G>C	p.?	COSN2511322	1	Unknown
	c.84-333C>T	p.?	COSN17117180	1	Unknown
	c.84-3436G>A	p.?	COSN6005447	1	Unknown
	c.84-3446A>G	p.?	COSN6507976	1	Unknown
	c.84-4081G>A	p.?	COSN8646207	1	Unknown
	c.84-4280G>A	p.?	COSN33222632	1	Unknown
	c.84-4364dup	p.?	COSN27196239	1	Unknown
	c.84-4844T>A	p.?	COSN33507758	1	Unknown
	c.84-5211_84-5209del	p.?	COSN22794232	1	Unknown
	c.84-5418A>G	p.?	COSN8646202	1	Unknown
	c.84-5629_84-5628del	p.?	COSN28029955	2	Unknown
	c.84-5680C>T	p.?	COSN26127218	1	Unknown
	c.84-5711C>A	p.?	COSN1091093	1	Unknown
	c.84-5915T>A	p.?	COSN2473053	1	Unknown
	c.84-64del	p.?	COSN30586232	1	Unknown
	c.84-64dup	p.?	COSN20080450	1	Unknown
	c.84-6513T>C	p.?	COSN9364702	1	Unknown
	c.84-6686A>C	p.?	COSN8646196	1	Unknown
	c.84-6774del	p.?	COSN20255808	1	Unknown
	c.84-6927dup	p.?	COSN27529638	1	Unknown
	c.84-7370C>T	p.?	COSN8321136	1	Unknown
	c.84-7552A>G	p.?	COSN6507975	1	Unknown
	c.84-7760T>C	p.?	COSN1409520	2	Unknown
	c.84-8064C>T	p.?	COSN17485253	1	Unknown
	c.84-8208T>G	p.?	COSN18784520	1	Unknown
	c.84-8272G>A	p.?	COSN16189893	1	Unknown
	c.84-8315C>T	p.?	COSN16676419	1	Unknown
	c.84-8327del	p.?	COSN19365841	1	Unknown
	c.84-8538C>T	p.?	COSN15860944	1	Unknown
	c.84-8815A>C	p.?	COSN1409516	1	Unknown
	c.84-9050G>C	p.?	COSN6507974	1	Unknown
	c.84-9210C>T	p.?	COSN7180973	1	Unknown
	c.84-9368G>A	p.?	COSN25652735	1	Unknown
	c.84-9526A>G	p.?	COSN1409510	1	Unknown
	c.84-9590G>A	p.?	COSN8646189	1	Unknown
	c.84-9595_84-9594delinsTT	p.?	COSN39598	1	Unknown
	c.84-9697A>T	p.?	COSN1409509	1	Unknown
	c.84-9716G>A	p.?	COSN29367275	1	Unknown
	c.84-9938C>T	p.?	COSN15956157	1	Unknown
	c.404+1017G>T	p.?	COSM7557551	1	Unknown
	c.404+1021G>T	p.?	COSM1583695	1	Unknown
	c.404+1026C>G	p.?	COSM8654822	1	Unknown
	c.404+1052C>G	p.?	COSM7085112	1	Unknown
	c.404+1054G>T	p.?	COSM8321654	1	Unknown
	c.404+1061C>T	p.?	COSM9714047	1	Unknown
	c.404+1106T>G	p.?	COSN510902	1	Unknown
	c.404+1108T>C	p.?	COSM8965245	1	Unknown
	c.404+1108del	p.?	COSM3732913	1	Unknown
	c.404+1109C>T	p.?	COSM7867491	2	Unknown
	c.404+1119A>T	p.?	COSM5962508	1	Unknown
	c.404+1129C>G	p.?	COSM7085113	1	Unknown
	c.404+1129C>T	p.?	COSM10513370	1	Unknown
	c.404+1131T>C	p.?	COSM8861874	1	Unknown
	c.404+1145C>T	p.?	COSM10513371	1	Unknown
	c.404+1184dup	p.?	COSM7552400	1	Unknown
	c.404+1195T>C	p.?	COSM7543169	1	Unknown
	c.404+1197T>C	p.?	COSN157943	1	Unknown
	c.404+1204A>G	p.?	COSM6230992	1	Unknown
	c.404+1205A>T	p.?	COSM8553721	1	Unknown
	c.404+1208C>T	p.?	COSM7557060	2	Unknown
	c.404+1226G>T	p.?	COSM7942321	1	Unknown
	c.404+1239G>A	p.?	COSM8208060	1	Unknown
	c.404+1243T>A	p.?	COSM4945614	1	Unknown
	c.404+1245C>T	p.?	COSM7930302	1	Unknown
	c.404+1247A>G	p.?	COSM8179717	1	Unknown
	c.404+1254G>A	p.?	COSM10396256	1	Unknown
	c.404+1259G>A	p.?	COSM8156778	1	Unknown
	c.404+1266A>G	p.?	COSM1626585	1	Unknown
	c.404+1323del	p.?	COSN30554673	2	Unknown
	c.404+18T>G	p.?	COSN13485047	1	Unknown
	c.404+1G>C	p.?	COSM8624689	1	Unknown
	c.404+265C>G	p.?	COSN5356136	1	Unknown
	c.404+369T>C	p.?	COSN20858298	1	Unknown
	c.404+426C>T	p.?	COSN32886892	1	Unknown
	c.404+428C>T	p.?	COSN32886893	1	Unknown
	c.404+843A>G	p.?	COSN6507981	1	Unknown
	c.404+857G>A	p.?	COSN30626960	1	Unknown
	c.404+981G>A	p.?	COSM8705301	1	Unknown
	c.405-108T>C	p.?	COSN28865979	1	Unknown
	c.405-1525G>A	p.?	COSN31636858	1	Unknown
	c.405-18T>C	p.?	COSN19667750	1	Unknown
	c.405-917G>A	p.?	COSN23222949	2	Unknown
	c.405-919A>T	p.?	COSN24872163	1	Unknown
	c.881+10518G>A	p.?	COSN21721296	1	Unknown
	c.881+10619_881+10620dup	p.?	COSN18773217	1	Unknown
	c.881+10785A>G	p.?	COSN1409578	1	Unknown
	c.881+10845C>T	p.?	COSN28056801	1	Unknown
	c.881+1097G>A	p.?	COSN15066941	1	Unknown
	c.881+11085T>A	p.?	COSN26078758	1	Unknown
	c.881+11281C>G	p.?	COSN6522348	1	Unknown
	c.881+1128G>A	p.?	COSN22084861	1	Unknown
	c.881+11971dup	p.?	COSN27380977	1	Unknown
	c.881+12397A>G	p.?	COSN32007738	1	Unknown
	c.881+12503G>T	p.?	COSN23905055	1	Unknown
	c.881+12572C>T	p.?	COSN1409582	1	Unknown
	c.881+12778G>A	p.?	COSN19545700	1	Unknown
	c.881+1279C>A	p.?	COSN7181020	2	Unknown
	c.881+13289G>A	p.?	COSN6507989	1	Unknown
	c.881+13572A>G	p.?	COSN29894853	1	Unknown
	c.881+13774G>A	p.?	COSN23826613	1	Unknown
	c.881+13835A>G	p.?	COSN17746772	1	Unknown
	c.881+13881T>A	p.?	COSN33792273	1	Unknown
	c.881+13903A>T	p.?	COSN23913308	1	Unknown
	c.881+14193G>A	p.?	COSN21531006	1	Unknown
	c.881+14292T>C	p.?	COSN23086821	1	Unknown
	c.881+14641C>T	p.?	COSN9364730	1	Unknown
	c.881+14703T>A	p.?	COSN5356163	1	Unknown
	c.881+1472dup	p.?	COSN26160179	1	Unknown
	c.881+14749G>A	p.?	COSN16819329	1	Unknown
	c.881+1493A>T	p.?	COSN9364717	1	Unknown
	c.881+1515A>G	p.?	COSN20572693	1	Unknown
	c.881+15229A>T	p.?	COSN7181056	2	Unknown
	c.881+15393A>C	p.?	COSN6507991	1	Unknown
	c.881+1552C>G	p.?	COSN9023782	1	Unknown
	c.881+15548T>A	p.?	COSN27144082	1	Unknown
	c.881+15648T>C	p.?	COSN9364733	1	Unknown
	c.881+16138G>C	p.?	COSN8646276	1	Unknown
	c.881+1860T>C	p.?	COSN30264544	1	Unknown
	c.881+1929T>C	p.?	COSN6507982	1	Unknown
	c.881+2491T>C	p.?	COSN16434211	1	Unknown
	c.881+264T>C	p.?	COSN22037961	1	Unknown
	c.881+265C>G	p.?	COSN1409542	1	Unknown
	c.881+2692A>G	p.?	COSN5732912	1	Unknown
	c.881+2947C>G	p.?	COSN19198047	1	Unknown
	c.881+2T>C	p.?	COSM10436082	1	Unknown
	c.881+3159A>T	p.?	COSN30072811	1	Unknown
	c.881+3253A>G	p.?	COSN23892519	1	Unknown
	c.881+3488C>G	p.?	COSN21185624	1	Unknown
	c.881+3798G>T	p.?	COSN20296996	1	Unknown
	c.881+3839G>A	p.?	COSN24867045	1	Unknown
	c.881+4289A>G	p.?	COSN6005473	1	Unknown
	c.881+4425G>A	p.?	COSN8646245	1	Unknown
	c.881+4468T>A	p.?	COSN24715265	1	Unknown
	c.881+475T>G	p.?	COSN25021896	1	Unknown
	c.881+4986G>T	p.?	COSN1091112	1	Unknown
	c.881+53C>G	p.?	COSN28628560	1	Unknown
	c.881+5431T>C	p.?	COSN6507984	1	Unknown
	c.881+5460T>A	p.?	COSN6507985	1	Unknown
	c.881+5495C>G	p.?	COSN26253317	1	Unknown
	c.881+561T>G	p.?	COSN21581139	2	Unknown
	c.881+5626T>C	p.?	COSN20925800	1	Unknown
	c.881+5959G>T	p.?	COSN4709233	2	Unknown
	c.881+6513T>G	p.?	COSN1409559	1	Unknown
	c.881+6574C>G	p.?	COSN17097506	1	Unknown
	c.881+6765A>T	p.?	COSN4744279	1	Unknown
	c.881+6812C>T	p.?	COSN25852411	1	Unknown
	c.881+7039T>A	p.?	COSN28417063	1	Unknown
	c.881+7200C>T	p.?	COSN6507986	1	Unknown
	c.881+7472C>T	p.?	COSN8965556	1	Unknown
	c.881+7888C>T	p.?	COSN9364722	1	Unknown
	c.881+8051C>G	p.?	COSN21570234	1	Unknown
	c.881+8104A>G	p.?	COSN6507987	1	Unknown
	c.881+8172T>C	p.?	COSN4900921	1	Unknown
	c.881+8211C>G	p.?	COSN16454043	1	Unknown
	c.881+8477A>T	p.?	COSN5732922	1	Unknown
	c.881+8612T>A	p.?	COSN1091115	1	Unknown
	c.881+8629T>G	p.?	COSN15333900	1	Unknown
	c.881+8957C>T	p.?	COSN7181038	1	Unknown
	c.881+9208del	p.?	COSN27475207	2	Unknown
	c.881+9276G>T	p.?	COSN23495605	1	Unknown
	c.881+9910G>A	p.?	COSN7181043	1	Unknown
	c.882-10618G>A	p.?	COSN27934259	1	Unknown
	c.882-10747G>T	p.?	COSN29690593	1	Unknown
	c.882-10839T>G	p.?	COSN17464762	1	Unknown
	c.882-10865A>T	p.?	COSN1409600	1	Unknown
	c.882-10985A>T	p.?	COSN29324242	1	Unknown
	c.882-11942del	p.?	COSN19355689	1	Unknown
	c.882-12272T>G	p.?	COSN27542485	1	Unknown
	c.882-12289A>T	p.?	COSN8646289	1	Unknown
	c.882-12422T>C	p.?	COSN6005499	1	Unknown
	c.882-12455G>T	p.?	COSN29458645	1	Unknown
	c.882-12553A>G	p.?	COSN6005498	1	Unknown
	c.882-12982G>A	p.?	COSN20600667	2	Unknown
	c.882-13169A>G	p.?	COSN19109239	1	Unknown
	c.882-13466T>A	p.?	COSN14495494	1	Unknown
	c.882-13565C>T	p.?	COSN29361713	1	Unknown
	c.882-13595G>A	p.?	COSN8646286	1	Unknown
	c.882-13674A>C	p.?	COSN8646284	1	Unknown
	c.882-13865A>G	p.?	COSN25069959	1	Unknown
	c.882-13936G>T	p.?	COSN24450128	1	Unknown
	c.882-14103del	p.?	COSN22856866	1	Unknown
	c.882-14213G>C	p.?	COSN25024324	1	Unknown
	c.882-14464C>G	p.?	COSN27233683	1	Unknown
	c.882-14717G>A	p.?	COSN21527386	1	Unknown
	c.882-14761G>T	p.?	COSN27947629	1	Unknown
	c.882-14784T>G	p.?	COSN18848833	1	Unknown
	c.882-14989T>G	p.?	COSN15910394	1	Unknown
	c.882-15196T>A	p.?	COSN6005490	1	Unknown
	c.882-15414C>G	p.?	COSN16854467	1	Unknown
	c.882-15593T>G	p.?	COSN9364736	1	Unknown
	c.882-15672A>T	p.?	COSN20329523	1	Unknown
	c.882-15745C>A	p.?	COSN29291630	1	Unknown
	c.882-15865A>C	p.?	COSN20606324	1	Unknown
	c.882-16204_882-16202del	p.?	COSN32767717	1	Unknown
	c.882-2137A>T	p.?	COSN32549967	1	Unknown
	c.882-243A>T	p.?	COSN29031917	1	Unknown
	c.882-2548_882-2547del	p.?	COSN24328889	1	Unknown
	c.882-303T>C	p.?	COSN19468657	1	Unknown
	c.882-3040A>G	p.?	COSN1409625	2	Unknown
	c.882-3045T>C	p.?	COSN1409624	1	Unknown
	c.882-3161A>G	p.?	COSN30359007	1	Unknown
	c.882-3433A>T	p.?	COSN25094747	1	Unknown
	c.882-3728A>C	p.?	COSN21719174	1	Unknown
	c.882-3995A>G	p.?	COSN33286729	1	Unknown
	c.882-4009C>A	p.?	COSN22043656	1	Unknown
	c.882-4330T>C	p.?	COSN32533677	1	Unknown
	c.882-4341T>C	p.?	COSN32533676	1	Unknown
	c.882-4343T>G	p.?	COSN24925900	1	Unknown
	c.882-4415G>T	p.?	COSN25205873	1	Unknown
	c.882-4657dup	p.?	COSN27533091	1	Unknown
	c.882-4811T>A	p.?	COSN1091125	1	Unknown
	c.882-4869C>A	p.?	COSN1091124	1	Unknown
	c.882-4960G>T	p.?	COSN28092150	1	Unknown
	c.882-4G>T	p.?	COSM10821726	1	Unknown
	c.882-5170A>G	p.?	COSN6005520	1	Unknown
	c.882-5272A>G	p.?	COSN23452712	1	Unknown
	c.882-5654G>T	p.?	COSN1409616	1	Unknown
	c.882-5759G>C	p.?	COSN20785155	1	Unknown
	c.882-5802C>T	p.?	COSN25675840	1	Unknown
	c.882-603T>A	p.?	COSN5356182	1	Unknown
	c.882-6127A>G	p.?	COSN6005518	1	Unknown
	c.882-61T>C	p.?	COSN19729965	1	Unknown
	c.882-6349dup	p.?	COSN29684272	2	Unknown
	c.882-6441G>A	p.?	COSN25726331	1	Unknown
	c.882-6531A>C	p.?	COSN25803645	1	Unknown
	c.882-660G>T	p.?	COSN21060296	1	Unknown
	c.882-7007dup	p.?	COSN31622891	1	Unknown
	c.882-7040A>G	p.?	COSN7181077	1	Unknown
	c.882-7186G>C	p.?	COSN6005516	1	Unknown
	c.882-7195G>A	p.?	COSN24435119	1	Unknown
	c.882-734T>C	p.?	COSN15787059	1	Unknown
	c.882-7711A>G	p.?	COSN8646299	1	Unknown
	c.882-7949G>A	p.?	COSN5797731	1	Unknown
	c.882-8108G>C	p.?	COSN21893609	1	Unknown
	c.882-8261A>C	p.?	COSN23069987	1	Unknown
	c.882-8263dup	p.?	COSN29657085	1	Unknown
	c.882-8452C>G	p.?	COSN25003577	1	Unknown
	c.882-851G>T	p.?	COSN4900927	1	Unknown
	c.882-8664A>T	p.?	COSN15056278	1	Unknown
	c.882-8772A>G	p.?	COSN6005512	1	Unknown
	c.882-8959A>T	p.?	COSN21682919	1	Unknown
	c.882-9585A>G	p.?	COSN24429950	1	Unknown
	c.1042+142C>T	p.?	COSN19636705	1	Unknown
	c.1042+169G>C	p.?	COSN30583280	1	Unknown
	c.1042+26C>T	p.?	COSN13485178	1	Unknown
	c.1042+54A>G	p.?	COSN9364748	1	Unknown
	c.1042+559C>T	p.?	COSN32682695	1	Unknown
	c.1042+56G>A	p.?	COSN15662106	1	Unknown
	c.1043-11del	p.?	COSN30758511	1	Unknown
	c.1043-11dup	p.?	COSN18745047	2	Unknown
	c.1043-142C>G	p.?	COSN16129238	1	Unknown
	c.1043-17T>A	p.?	COSN32886896	1	Unknown
	c.1043-189A>G	p.?	COSN6005529	1	Unknown
	c.1043-18T>C	p.?	COSN32886895	1	Unknown
	c.1043-1G>A	p.?	COSM6054497	2	Unknown
	c.1043-1G>C	p.?	COSM6924840	1	Unknown
	c.1043-2A>G	p.?	COSM4396239	1	Unknown
	c.1043-2A>T	p.?	COSM6968638	1	Unknown
	c.1043-511A>G	p.?	COSN9364752	1	Unknown
	c.1243+1173_1243+1205del	p.?	COSN22876814	1	Unknown
	c.1243+1205T>A	p.?	COSN33226656	1	Unknown
	c.1243+1605G>A	p.?	COSN16395110	1	Unknown
	c.1243+1805G>T	p.?	COSN5732935	1	Unknown
	c.1243+1838A>G	p.?	COSN1409654	1	Unknown
	c.1243+18T>A	p.?	COSN30615642	1	Unknown
	c.1243+2085C>G	p.?	COSN22269121	1	Unknown
	c.1243+2095dup	p.?	COSN29596464	2	Unknown
	c.1243+21_1243+25del	p.?	COSN32884302	1	Unknown
	c.1243+327C>T	p.?	COSN33507797	1	Unknown
	c.1243+33C>T	p.?	COSN31656090	1	Unknown
	c.1243+89G>T	p.?	COSN25037619	1	Unknown
	c.1244-1047T>C	p.?	COSN22290592	1	Unknown
	c.1244-122T>C	p.?	COSN9364757	1	Unknown
	c.1244-1371G>A	p.?	COSN32120226	1	Unknown
	c.1244-1508C>T	p.?	COSN14873624	1	Unknown
	c.1244-1538A>T	p.?	COSN23707461	1	Unknown
	c.1244-2070C>A	p.?	COSN26482547	1	Unknown
	c.1244-2131A>G	p.?	COSN1409655	1	Unknown
	c.1244-3C>A	p.?	COSM3997037	5	Unknown
	c.1244-605C>A	p.?	COSN20925801	1	Unknown
	c.1244-660G>C	p.?	COSN28030189	1	Unknown
	c.1244-671C>T	p.?	COSN6005546	1	Unknown
	c.1395+1310C>T	p.?	COSN32682696	1	Unknown
	c.1395+2T>C	p.?	COSM6983254	1	Unknown
	c.1395+365C>A	p.?	COSN8646347	1	Unknown
	c.1395+608G>T	p.?	COSN20625634	1	Unknown
	c.1395+883T>C	p.?	COSN25463596	1	Unknown
	c.1395+938C>T	p.?	COSN17061305	1	Unknown
	c.1396-1228A>G	p.?	COSN7181117	1	Unknown
	c.1396-3C>T	p.?	COSM7648840	1	Unknown
	c.1396-418G>A	p.?	COSN1409671	1	Unknown
	c.1396-4del	p.?	COSM8627534	1	Unknown
	c.1396-59G>A	p.?	COSN8861655	3	Unknown
	c.1396-942A>T	p.?	COSN27184311	4	Unknown
	c.1521+27G>A	p.?	COSN8646355	1	Unknown
	c.1521+74del	p.?	COSN28862413	1	Unknown
	c.1522-23G>A	p.?	COSN1409674	1	Unknown
	c.1635+1G>A	p.?	COSM6954909	1	Unknown
	c.1635+204C>T	p.?	COSN28995379	1	Unknown
	c.1635+215A>G	p.?	COSN1409679	1	Unknown
	c.1635+2T>C	p.?	COSM9360937	1	Unknown
	c.1635+52G>T	p.?	COSN26679387	1	Unknown
	c.1635+546T>A	p.?	COSN20199155	2	Unknown
	c.1635+546del	p.?	COSN27254428	2	Unknown
	c.1635+547A>T	p.?	COSN30896236	1	Unknown
	c.1636-128dup	p.?	COSN32641979	1	Unknown
	c.1636-238G>T	p.?	COSN8646363	1	Unknown
	c.1749+12G>T	p.?	COSN29468839	1	Unknown
	c.1749+23G>A	p.?	COSN32886897	1	Unknown
	c.1749+504C>T	p.?	COSN27504828	1	Unknown
	c.1750-10T>C	p.?	COSM10513377	1	Unknown
	c.1750-1G>T	p.?	COSM9113557	1	Unknown
	c.1750-4A>T	p.?	COSM4224475	9	Unknown
	c.1750-50C>T	p.?	COSN7181131	1	Unknown
	c.1750-5del	p.?	COSN15664796	3	Unknown
	c.1850+1204G>A	p.?	COSN26701240	1	Unknown
	c.1850+1580A>G	p.?	COSN1409685	1	Unknown
	c.1850+1707C>T	p.?	COSN33507815	1	Unknown
	c.1850+212C>T	p.?	COSN30299642	1	Unknown
	c.1850+2215G>A	p.?	COSN9023792	1	Unknown
	c.1850+2359C>A	p.?	COSN23558254	1	Unknown
	c.1850+2573T>C	p.?	COSN6005572	1	Unknown
	c.1850+2657T>C	p.?	COSN22520542	1	Unknown
	c.1850+2813T>A	p.?	COSN30291486	1	Unknown
	c.1850+2T>C	p.?	COSM4024529	1	Unknown
	c.1850+431G>A	p.?	COSN32665880	1	Unknown
	c.1850+432C>T	p.?	COSN21912374	1	Unknown
	c.1850+73A>G	p.?	COSN28186990	1	Unknown
	c.1851-1030G>T	p.?	COSN6005580	1	Unknown
	c.1851-1061G>A	p.?	COSN23065887	1	Unknown
	c.1851-1109G>A	p.?	COSN32682698	1	Unknown
	c.1851-1232A>G	p.?	COSN33507819	1	Unknown
	c.1851-1274C>T	p.?	COSN32682697	1	Unknown
	c.1851-1294A>G	p.?	COSN32982863	1	Unknown
	c.1851-1993A>G	p.?	COSN1409692	2	Unknown
	c.1851-1G>C	p.?	COSM5967158	1	Unknown
	c.1851-2114G>C	p.?	COSN21854496	2	Unknown
	c.1851-233C>G	p.?	COSN33507821	1	Unknown
	c.1851-2482dup	p.?	COSN18758722	1	Unknown
	c.1851-2736C>G	p.?	COSN16102962	1	Unknown
	c.1851-312G>A	p.?	COSN17304498	1	Unknown
	c.1851-349T>C	p.?	COSN8321184	1	Unknown
	c.1851-392C>G	p.?	COSN1409694	1	Unknown
	c.1851-60G>T	p.?	COSN31958882	1	Unknown
	c.1851-818G>A	p.?	COSN6005581	1	Unknown
	c.1851-917G>A	p.?	COSN21991778	1	Unknown
	c.10026+173G>A	p.?	COSN20566626	1	Unknown
	c.10026+1G>T	p.?	COSM6321737	1	Unknown
	c.10026+312G>A	p.?	COSN27906838	1	Unknown
	c.10026+50G>T	p.?	COSN8636609	2	Unknown
	c.10027-10C>T	p.?	COSM10513405	1	Unknown
	c.10027-11C>T	p.?	COSN32886898	1	Unknown
	c.10027-159G>A	p.?	COSN7181170	3	Unknown
	c.10027-161C>G	p.?	COSN21990610	1	Unknown
	c.10027-206A>G	p.?	COSN28799937	1	Unknown
	c.10509+46C>G	p.?	COSN26577061	1	Unknown
	c.10510-43G>A	p.?	COSN8861656	6	Unknown
	c.10510-83del	p.?	COSN18724347	1	Unknown
	c.10704+101A>C	p.?	COSN1091164	1	Unknown
	c.10704+12A>G	p.?	COSN32863093	1	Unknown
	c.10704+264A>T	p.?	COSN8646401	1	Unknown
	c.10704+72C>T	p.?	COSN33507827	1	Unknown
	c.10705-134del	p.?	COSN27280394	6	Unknown
	c.10705-135_10705-134del	p.?	COSN27567938	1	Unknown
	c.10705-137T>C	p.?	COSN32886899	1	Unknown
	c.10705-37G>A	p.?	COSN213450	1	Unknown
	c.10705-3C>T	p.?	COSM7638859	1	Unknown
	c.10705-93T>G	p.?	COSN15663842	1	Unknown
	c.10863+149C>T	p.?	COSN33507829	1	Unknown
	c.10863+51A>G	p.?	COSN28683060	5	Unknown
	c.10863+69A>G	p.?	COSN30735323	1	Unknown
	c.10864-52G>T	p.?	COSN26554730	1	Unknown
	c.*101G>A	p.?	COSN30151836	1	Unknown
	c.*1024A>G	p.?	COSN8321192	1	Unknown
	c.*109T>A	p.?	COSN30513066	1	Unknown
	c.*122G>T	p.?	COSN26637009	1	Unknown
	c.*126T>C	p.?	COSN27013914	1	Unknown
	c.*12del	p.?	COSN22832076	1	Unknown
	c.*134C>T	p.?	COSN1409728	1	Unknown
	c.*144G>A	p.?	COSN30155706	1	Unknown
	c.*172G>T	p.?	COSN26679388	1	Unknown
	c.*201A>G	p.?	COSN1091165	2	Unknown
	c.*22C>A	p.?	COSN31503439	1	Unknown
	c.*230C>T	p.?	COSN31532631	1	Unknown
	c.*248C>T	p.?	COSN31550304	1	Unknown
	c.*34C>T	p.?	COSN32886900	1	Unknown
	c.*359A>G	p.?	COSN17295478	1	Unknown
	c.*449C>T	p.?	COSN26644221	1	Unknown
	c.*470C>T	p.?	COSN32886901	1	Unknown
	c.*516C>T	p.?	COSN32886902	1	Unknown
	c.*517C>T	p.?	COSN32886903	1	Unknown
	c.*519C>T	p.?	COSN16564682	1	Unknown
	c.*546C>T	p.?	COSN31552687	2	Unknown
	c.*570A>G	p.?	COSN31524427	1	Unknown
	c.*58G>A	p.?	COSN30130017	1	Unknown
	c.*607G>T	p.?	COSN31479729	1	Unknown
	c.*60A>T	p.?	COSN26438670	1	Unknown
	c.*629C>A	p.?	COSN31567968	1	Unknown
	c.*631C>A	p.?	COSN31542453	1	Unknown
	c.*659T>A	p.?	COSN24297371	1	Unknown
	c.*828G>T	p.?	COSN31556407	1	Unknown
	c.*82G>A	p.?	COSN30154908	1	Unknown
	c.*851G>A	p.?	COSN31541951	1	Unknown
	c.*902C>T	p.?	COSN32295432	1	Unknown
	c.*919C>T	p.?	COSN31482419	1	Unknown
	c.*927C>T	p.?	COSN28417069	1	Unknown
	c.*947A>C	p.?	COSN15661360	1	Unknown
	c.*950T>G	p.?	COSN31516860	1	Unknown
	c.*97G>A	p.?	COSN30152717	1	Unknown
	c.?	p.?	COSM4766045	1	Unknown
